timeStamp,timeStampAlign,roll,pitch,yaw,gyro_x,gyro_y,gyro_z,acc_x,acc_y,acc_z,flag_num
1758075087.6173,1758075087.43998,0.0,0.0,0.0,16.04282,-24.00693,-7.79223,9.31,-0.12,3.37,4.0
1758075087.62513,1758075087.44998,0.0,0.0,0.0,18.90761,-22.00158,-6.99009,9.31,-0.12,3.37,4.0
1758075087.62705,1758075087.45998,0.0,0.0,0.0,21.6578,-20.34,-5.4431,9.23,-0.04,3.19,4.0
1758075087.63106,1758075087.46998,0.0,0.0,0.0,24.80907,-15.0115,-3.09397,9.23,-0.04,3.19,4.0
1758075087.63144,1758075087.47998,0.0,0.0,0.0,26.35606,-11.28727,-0.51566,9.19,0.12,3.12,4.0
1758075087.63262,1758075087.48998,0.0,0.0,0.0,27.2155,-5.15662,1.71887,9.89,0.4,3.09,4.0
1758075087.63319,1758075087.49998,0.0,0.0,0.0,27.67386,0.57296,4.18259,9.89,0.4,3.09,4.0
1758075087.63476,1758075087.50998,0.0,0.0,0.0,26.75713,7.73493,7.33386,10.61,0.62,3.15,4.0
1758075087.6367,1758075087.51998,0.0,0.0,0.0,25.7831,11.11538,8.42248,10.61,0.62,3.15,4.0
1758075087.63738,1758075087.52998,0.0,0.0,0.0,24.4653,14.66772,8.88085,10.53,0.8,2.98,4.0
1758075087.63929,1758075087.53998,0.0,0.0,0.0,22.91831,16.21471,8.136,10.53,0.8,2.98,4.0
1758075087.65661,1758075087.54998,0.0,0.0,0.0,20.85567,15.35527,5.61499,10.08,0.86,2.96,4.0
1758075087.65938,1758075087.55998,0.0,0.0,0.0,19.42327,13.34992,3.03668,9.68,0.9,3.07,4.0
1758075087.67667,1758075087.56998,0.0,0.0,0.0,17.93358,11.45916,0.34377,9.68,0.9,3.07,4.0
1758075087.6918,1758075087.57998,0.0,0.0,0.0,16.73037,10.54242,-1.83346,9.76,0.85,2.91,4.0
1758075087.69379,1758075087.58998,0.0,0.0,0.0,15.41257,10.94349,-4.81285,9.76,0.85,2.91,4.0
1758075087.70965,1758075087.59998,0.0,0.0,0.0,14.66772,12.204,-6.18794,10.0,0.79,2.82,4.0
1758075087.73395,1758075087.60998,0.0,0.0,0.0,14.09476,14.03747,-6.7609,10.0,0.79,2.82,4.0
1758075087.73433,1758075087.61998,0.0,0.0,0.0,13.5791,16.90226,-6.53172,10.05,0.72,2.62,4.0
1758075087.73905,1758075087.62998,0.0,0.0,0.0,13.12073,21.08485,-5.90147,10.01,0.65,2.51,4.0
1758075087.73944,1758075087.63998,0.0,0.0,0.0,13.00614,22.28806,-5.09932,10.01,0.65,2.51,4.0
1758075087.75612,1758075087.64998,0.0,0.0,0.0,12.54778,21.94428,-3.95341,9.57,0.63,2.44,4.0
1758075087.77214,1758075087.65998,0.0,0.0,0.0,11.80293,20.05352,-2.11994,9.57,0.63,2.44,4.0
1758075087.7751,1758075087.66998,0.0,0.0,0.0,11.28727,18.22006,-0.74485,9.2,0.68,2.34,4.0
1758075087.79098,1758075087.67998,0.0,0.0,0.0,10.48513,15.98552,0.51566,9.2,0.68,2.34,4.0
1758075087.79188,1758075087.68998,0.0,0.0,0.0,9.33921,14.72501,1.77617,9.08,0.78,2.27,4.0
1758075087.80718,1758075087.69998,0.0,0.0,0.0,7.39116,13.00614,3.09397,9.08,0.78,2.26,4.0
1758075087.80836,1758075087.70998,0.0,0.0,0.0,5.95876,12.77696,3.89611,9.04,0.88,2.26,4.0
1758075087.82599,1758075087.71998,0.0,0.0,0.0,4.46907,13.46451,4.52637,9.07,0.97,2.2,4.0
1758075087.84187,1758075087.72998,0.0,0.0,0.0,2.34913,15.35527,4.98473,9.07,0.97,2.2,4.0
1758075087.84628,1758075087.73998,0.0,0.0,0.0,-0.17189,17.36062,6.13065,9.11,1.05,2.19,4.0
1758075087.86195,1758075087.74998,0.0,0.0,0.0,-2.00535,16.84496,6.99009,9.11,1.05,2.19,4.0
1758075087.8648,1758075087.75998,0.0,0.0,0.0,-3.83882,14.66772,7.96411,8.82,1.17,2.04,4.0
1758075087.88114,1758075087.76998,0.0,0.0,0.0,-5.78687,11.97482,8.93814,8.82,1.17,2.04,4.0
1758075087.88463,1758075087.77998,0.0,0.0,0.0,-8.65166,7.73493,9.91217,8.69,1.25,1.9,4.0
1758075087.90114,1758075087.78998,0.0,0.0,0.0,-10.65701,4.58366,10.31324,8.7,1.21,1.79,4.0
1758075087.90544,1758075087.79998,0.0,0.0,0.0,-12.83425,1.03132,10.65701,8.7,1.21,1.79,4.0
1758075087.92097,1758075087.80998,0.0,0.0,0.0,-14.9542,-2.97938,10.94349,8.67,0.96,1.76,4.0
1758075087.92945,1758075087.81998,0.0,0.0,0.0,-18.22006,-11.11538,11.28727,8.67,0.96,1.76,4.0
1758075087.93093,1758075087.82998,0.0,0.0,0.0,-20.51189,-17.76169,11.57375,8.89,0.67,2.35,4.0
1758075087.94598,1758075087.83998,0.0,0.0,0.0,-22.28806,-23.60586,11.22997,8.89,0.67,2.35,4.0
1758075087.96195,1758075087.84998,0.0,0.0,0.0,-23.31938,-27.1582,9.39651,10.05,0.38,3.24,4.0
1758075087.96645,1758075087.85998,0.0,0.0,0.0,-22.34536,-27.96034,7.39116,11.33,-0.3,3.65,4.0
1758075087.98205,1758075087.86998,0.0,0.0,0.0,-20.62648,-27.38738,4.64096,11.33,-0.3,3.65,4.0
1758075087.98561,1758075087.87998,0.0,0.0,0.0,-18.62113,-26.41335,1.48969,10.93,-0.82,3.37,4.0
1758075088.0018,1758075087.88998,0.0,0.0,0.0,-15.69904,-23.49127,-3.03668,10.93,-0.82,3.37,4.0
1758075088.00566,1758075087.89998,0.0,0.0,0.0,-14.03747,-21.7724,-4.98473,10.33,-0.71,3.55,4.0
1758075088.02196,1758075087.90998,0.0,0.0,0.0,-12.71966,-20.85567,-6.07335,10.33,-0.71,3.55,4.0
1758075088.02339,1758075087.91998,0.0,0.0,0.0,-12.2613,-20.16812,-6.13065,10.08,-0.34,4.09,4.0
1758075088.04086,1758075087.92998,0.0,0.0,0.0,-12.77696,-19.19409,-4.64096,10.18,0.11,4.38,4.0
1758075088.04474,1758075087.93998,0.0,0.0,0.0,-13.75099,-19.19409,-2.92208,10.18,0.11,4.38,4.0
1758075088.06033,1758075087.94998,0.0,0.0,0.0,-15.12609,-18.27736,-0.68755,9.89,0.45,4.07,4.0
1758075088.06124,1758075087.95998,0.0,0.0,0.0,-16.95955,-16.272,1.14592,9.89,0.45,4.07,4.0
1758075088.07632,1758075087.96998,0.0,0.0,0.0,-19.76705,-12.60507,3.32316,9.52,0.41,4.0,4.0
1758075088.09234,1758075087.97998,0.0,0.0,0.0,-21.31403,-10.8862,3.95341,9.52,0.41,4.0,4.0
1758075088.09676,1758075087.98998,0.0,0.0,0.0,-21.48592,-13.12073,3.55234,8.95,-0.05,4.05,4.0
1758075088.11237,1758075087.99998,0.0,0.0,0.0,-22.57454,-19.76705,2.63561,8.95,-0.05,4.05,4.0
1758075088.11648,1758075088.00998,0.0,0.0,0.0,-21.60051,-22.74642,2.00535,8.48,-0.61,4.03,4.0
1758075088.13246,1758075088.01998,0.0,0.0,0.0,-20.97026,-19.36597,0.97403,9.74,-1.07,3.85,4.0
1758075088.13654,1758075088.02998,0.0,0.0,0.0,-19.99623,-14.66772,-0.11459,9.74,-1.07,3.85,4.0
1758075088.15242,1758075088.03998,0.0,0.0,0.0,-18.56383,-10.48513,-1.48969,9.98,-1.37,3.74,4.0
1758075088.1533,1758075088.04998,0.0,0.0,0.0,-16.61578,-3.60963,-1.66158,9.98,-1.37,3.74,4.0
1758075088.16812,1758075088.05998,0.0,0.0,0.0,-15.0115,2.06265,-0.97403,9.77,-1.47,3.44,4.0
1758075088.17036,1758075088.06998,0.0,0.0,0.0,-13.06344,7.62034,0.40107,9.77,-1.47,3.44,4.0
1758075088.18741,1758075088.07998,0.0,0.0,0.0,-10.08406,15.41257,3.49504,9.67,-1.57,3.35,4.0
1758075088.18913,1758075088.08998,0.0,0.0,0.0,-8.47978,18.85031,5.78687,9.59,-1.61,3.42,4.0
1758075088.20712,1758075088.09998,0.0,0.0,0.0,-7.39116,20.34,7.50575,9.59,-1.61,3.42,4.0
1758075088.20915,1758075088.10998,0.0,0.0,0.0,-6.13065,19.99623,8.76626,9.44,-1.66,3.33,4.0
1758075088.22613,1758075088.11998,0.0,0.0,0.0,-4.58366,16.55848,9.74028,9.44,-1.66,3.33,4.0
1758075088.24222,1758075088.12998,0.0,0.0,0.0,-3.89611,14.32395,9.62569,9.32,-1.54,3.22,4.0
1758075088.24586,1758075088.13998,0.0,0.0,0.0,-3.26586,14.83961,9.4538,9.32,-1.54,3.22,4.0
1758075088.26119,1758075088.14998,0.0,0.0,0.0,-2.40642,16.50119,9.05273,9.57,-1.42,3.1,4.0
1758075088.26509,1758075088.15998,0.0,0.0,0.0,-1.94806,18.33465,8.30789,9.46,-1.22,3.1,4.0
1758075088.2804,1758075088.16998,0.0,0.0,0.0,-1.83346,18.44924,7.73493,9.46,-1.22,3.1,4.0
1758075088.28534,1758075088.17998,0.0,0.0,0.0,-1.83346,17.53251,7.16197,9.2,-1.02,3.06,4.0
1758075088.30045,1758075088.18998,0.0,0.0,0.0,-2.06265,15.75634,6.41713,9.2,-1.02,3.06,4.0
1758075088.30142,1758075088.19998,0.0,0.0,0.0,-3.03668,13.06344,4.69825,9.21,-0.88,3.11,4.0
1758075088.31665,1758075088.20998,0.0,0.0,0.0,-3.38045,11.57375,3.83882,9.21,-0.88,3.11,4.0
1758075088.32014,1758075088.21998,0.0,0.0,0.0,-4.29718,11.00079,2.46372,9.39,-0.86,3.21,4.0
1758075088.33627,1758075088.22998,0.0,0.0,0.0,-4.87014,11.74564,1.43239,9.39,-0.86,3.21,4.0
1758075088.35227,1758075088.23998,0.0,0.0,0.0,-5.72958,14.43854,0.11459,9.51,-0.91,3.21,4.0
1758075088.35599,1758075088.24998,0.0,0.0,0.0,-6.18794,15.87093,-0.40107,9.29,-0.97,3.21,4.0
1758075088.37152,1758075088.25998,0.0,0.0,0.0,-6.35983,13.00614,-0.34377,9.29,-0.97,3.21,4.0
1758075088.37437,1758075088.26998,0.0,0.0,0.0,-6.13065,7.96411,0.17189,8.58,-0.98,3.15,4.0
1758075088.38958,1758075088.27998,0.0,0.0,0.0,-6.18794,4.52637,0.51566,8.58,-0.98,3.15,4.0
1758075088.39122,1758075088.28998,0.0,0.0,0.0,-6.35983,4.1253,0.74485,8.94,-0.95,2.96,4.0
1758075088.40627,1758075088.29998,0.0,0.0,0.0,-6.8182,3.83882,0.68755,8.94,-0.95,2.96,4.0
1758075088.42259,1758075088.30998,0.0,0.0,0.0,-7.79223,4.0107,0.11459,9.2,-0.89,2.91,4.0
1758075088.4259,1758075088.31998,0.0,0.0,0.0,-8.47978,4.1253,-0.57296,9.27,-0.87,2.73,4.0
1758075088.44171,1758075088.32998,0.0,0.0,0.0,-8.93814,4.35448,-1.3751,9.27,-0.87,2.73,4.0
1758075088.44567,1758075088.33998,0.0,0.0,0.0,-9.5684,4.98473,-2.34913,9.29,-0.94,2.55,4.0
1758075088.4613,1758075088.34998,0.0,0.0,0.0,-9.96947,5.95876,-3.83882,9.29,-0.94,2.55,4.0
1758075088.4625,1758075088.35998,0.0,0.0,0.0,-9.96947,6.18794,-5.09932,9.35,-1.04,2.48,4.0
1758075088.48132,1758075088.36998,0.0,0.0,0.0,-10.02676,6.35983,-6.41713,9.35,-1.04,2.48,4.0
1758075088.48251,1758075088.37998,0.0,0.0,0.0,-9.91217,6.18794,-7.84952,9.41,-1.07,2.46,4.0
1758075088.50045,1758075088.38998,0.0,0.0,0.0,-9.5684,4.87014,-9.85487,9.33,-1.06,2.43,4.0
1758075088.50158,1758075088.39998,0.0,0.0,0.0,-8.93814,4.18259,-11.00079,9.33,-1.06,2.43,4.0
1758075088.51698,1758075088.40998,0.0,0.0,0.0,-8.36518,3.26586,-12.37589,9.19,-1.02,2.36,4.0
1758075088.53261,1758075088.41998,0.0,0.0,0.0,-7.50575,2.6929,-13.34992,9.19,-1.02,2.36,4.0
1758075088.536,1758075088.42998,0.0,0.0,0.0,-6.13065,2.00535,-14.61043,9.08,-1.01,2.25,4.0
1758075088.55171,1758075088.43998,0.0,0.0,0.0,-5.09932,1.60428,-15.24068,9.08,-1.01,2.25,4.0
1758075088.55304,1758075088.44998,0.0,0.0,0.0,-4.0107,0.97403,-15.92823,9.0,-1.01,2.2,4.0
1758075088.56938,1758075088.45998,0.0,0.0,0.0,-2.97938,0.51566,-17.18874,9.0,-1.01,2.2,4.0
1758075088.57085,1758075088.46998,0.0,0.0,0.0,-1.66158,-0.34377,-17.99088,8.99,-1.02,2.18,4.0
1758075088.58656,1758075088.47998,0.0,0.0,0.0,-0.45837,-1.48969,-18.73572,8.99,-1.05,2.14,4.0
1758075088.6027,1758075088.48998,0.0,0.0,0.0,0.57296,-2.63561,-19.53786,8.99,-1.05,2.14,4.0
1758075088.6052,1758075088.49998,0.0,0.0,0.0,2.06265,-3.89611,-20.68378,9.19,-1.04,2.13,4.0
1758075088.62068,1758075088.50998,0.0,0.0,0.0,3.03668,-4.46907,-21.42862,9.19,-1.04,2.13,4.0
1758075088.62169,1758075088.51998,0.0,0.0,0.0,3.72423,-4.35448,-21.6578,9.69,-1.0,2.44,4.0
1758075088.63729,1758075088.52998,0.0,0.0,0.0,4.29718,-3.89611,-21.6578,9.69,-1.0,2.44,4.0
1758075088.64242,1758075088.53998,0.0,0.0,0.0,4.23989,-4.35448,-20.3973,10.33,-0.78,2.65,4.0
1758075088.65827,1758075088.54998,0.0,0.0,0.0,3.60963,-5.4431,-19.13679,10.34,-0.44,2.76,4.0
1758075088.66265,1758075088.55998,0.0,0.0,0.0,2.46372,-7.04738,-17.36062,10.34,-0.44,2.76,4.0
1758075088.68055,1758075088.56998,0.0,0.0,0.0,1.03132,-8.70896,-15.64175,9.91,-0.19,2.75,4.0
1758075088.68579,1758075088.57998,0.0,0.0,0.0,-1.48969,-10.8862,-12.89155,9.91,-0.19,2.75,4.0
1758075088.70162,1758075088.58998,0.0,0.0,0.0,-3.09397,-12.14671,-11.57375,9.44,0.0,2.59,4.0
1758075088.70253,1758075088.59998,0.0,0.0,0.0,-4.52637,-13.23533,-10.59972,9.44,0.0,2.59,4.0
1758075088.72085,1758075088.60998,0.0,0.0,0.0,-5.78687,-14.9542,-9.96947,8.99,0.11,2.53,4.0
1758075088.72572,1758075088.61998,0.0,0.0,0.0,-7.10468,-18.10547,-9.74028,8.75,0.08,2.56,4.0
1758075088.74215,1758075088.62998,0.0,0.0,0.0,-7.62034,-20.16812,-9.85487,8.75,0.08,2.56,4.0
1758075088.74736,1758075088.63998,0.0,0.0,0.0,-7.73493,-21.14215,-10.08406,8.88,-0.02,2.81,4.0
1758075088.75094,1758075088.64998,0.0,0.0,0.0,-7.96411,-19.88164,-10.25595,8.88,-0.02,2.81,4.0
1758075088.80705,1758075088.65998,0.0,0.0,0.0,-6.87549,-11.80293,-10.65701,9.75,-0.17,3.2,4.0
1758075088.83165,1758075088.66998,0.0,0.0,0.0,-6.24524,-7.44845,-11.00079,9.75,-0.17,3.2,4.0
1758075088.8322,1758075088.67998,0.0,0.0,0.0,-4.69825,-7.67763,-10.8862,9.98,-0.4,3.46,4.0
1758075088.83368,1758075088.68998,0.0,0.0,0.0,-3.32316,-25.7831,-12.71966,9.98,-0.4,3.46,4.0
1758075088.83812,1758075088.69998,0.0,0.0,0.0,-2.57831,-29.56462,-13.34992,8.74,-0.53,3.57,4.0
1758075088.83891,1758075088.70998,0.0,0.0,0.0,-1.20321,-28.59059,-13.86558,9.69,-0.65,3.27,4.0
1758075088.8408,1758075088.71998,0.0,0.0,0.0,0.45837,-26.81443,-14.15206,9.69,-0.65,3.27,4.0
1758075088.84167,1758075088.72998,0.0,0.0,0.0,3.72423,-24.75178,-13.86558,9.68,-0.58,3.28,4.0
1758075088.84267,1758075088.73998,0.0,0.0,0.0,6.07335,-22.57454,-13.17803,9.68,-0.58,3.28,4.0
1758075088.85959,1758075088.74998,0.0,0.0,0.0,8.47978,-19.59516,-11.57375,9.19,-0.31,2.7,4.0
1758075088.86081,1758075088.75998,0.0,0.0,0.0,10.65701,-15.41257,-9.74028,9.19,-0.31,2.7,4.0
1758075088.87673,1758075088.76998,0.0,0.0,0.0,14.15206,-6.41713,-5.15662,8.95,0.01,2.2,4.0
1758075088.89692,1758075088.77998,0.0,0.0,0.0,16.61578,3.03668,-1.60428,9.77,0.39,2.14,4.0
1758075088.90156,1758075088.78998,0.0,0.0,0.0,18.10547,13.75099,2.06265,9.77,0.39,2.14,4.0
1758075088.9064,1758075088.79998,0.0,0.0,0.0,18.9649,23.54857,5.78687,10.81,0.83,2.27,4.0
1758075088.9243,1758075088.80998,0.0,0.0,0.0,19.25138,33.34615,10.8289,10.81,0.83,2.27,4.0
1758075088.92476,1758075088.81998,0.0,0.0,0.0,18.22006,36.38282,13.34992,11.05,1.17,2.31,4.0
1758075088.94068,1758075088.82998,0.0,0.0,0.0,17.58981,36.7266,14.66772,11.05,1.17,2.31,4.0
1758075088.94187,1758075088.83998,0.0,0.0,0.0,16.50119,34.26288,14.83961,10.6,1.21,2.33,4.0
1758075088.957,1758075088.84998,0.0,0.0,0.0,14.49583,26.41335,12.49048,9.74,1.06,2.42,4.0
1758075088.95963,1758075088.85998,0.0,0.0,0.0,13.17803,18.79302,9.5684,9.74,1.06,2.42,4.0
1758075088.97497,1758075088.86998,0.0,0.0,0.0,11.97482,12.89155,6.13065,9.26,0.93,2.42,4.0
1758075088.99205,1758075088.87998,0.0,0.0,0.0,10.65701,11.97482,0.45837,9.26,0.93,2.42,4.0
1758075088.99251,1758075088.88998,0.0,0.0,0.0,11.28727,23.94964,-1.83346,10.13,0.83,2.36,4.0
1758075089.00805,1758075088.89998,0.0,0.0,0.0,10.8862,26.69983,-4.58366,10.13,0.83,2.36,4.0
1758075089.00936,1758075088.90998,0.0,0.0,0.0,10.31324,20.16812,-6.24524,9.54,0.78,2.51,4.0
1758075089.02475,1758075088.91998,0.0,0.0,0.0,9.5684,6.58902,-6.87549,9.54,0.78,2.51,4.0
1758075089.041,1758075088.92998,0.0,0.0,0.0,8.30789,0.80214,-6.53172,8.32,0.84,2.04,4.0
1758075089.04272,1758075088.93998,0.0,0.0,0.0,6.7609,-1.3178,-6.07335,8.67,1.02,1.82,4.0
1758075089.06001,1758075088.94998,0.0,0.0,0.0,4.98473,-1.20321,-4.69825,8.67,1.02,1.82,4.0
1758075089.06094,1758075088.95998,0.0,0.0,0.0,2.06265,-3.09397,-2.34913,8.66,1.19,1.8,4.0
1758075089.07684,1758075088.96998,0.0,0.0,0.0,0.0573,-5.32851,-0.68755,8.66,1.19,1.8,4.0
1758075089.08256,1758075088.97998,0.0,0.0,0.0,-1.83346,-7.84952,0.85944,8.07,1.25,1.55,4.0
1758075089.1001,1758075088.98998,0.0,0.0,0.0,-3.72423,-11.28727,2.46372,8.07,1.25,1.55,4.0
1758075089.10258,1758075088.99998,0.0,0.0,0.0,-6.35983,-16.61578,4.64096,7.54,1.2,1.33,4.0
1758075089.12011,1758075089.00998,0.0,0.0,0.0,-7.84952,-19.19409,6.13065,7.44,1.13,1.4,4.0
1758075089.12342,1758075089.01998,0.0,0.0,0.0,-9.39651,-21.48592,7.62034,7.44,1.13,1.4,4.0
1758075089.13883,1758075089.02998,0.0,0.0,0.0,-10.8862,-23.66316,9.05273,7.83,1.11,1.56,4.0
1758075089.14033,1758075089.03998,0.0,0.0,0.0,-13.34992,-25.72581,11.22997,7.83,1.11,1.56,4.0
1758075089.15479,1758075089.04998,0.0,0.0,0.0,-15.06879,-26.18417,12.54778,8.32,1.13,1.68,4.0
1758075089.15922,1758075089.05998,0.0,0.0,0.0,-16.95955,-26.12688,14.03747,8.32,1.13,1.68,4.0
1758075089.17893,1758075089.06998,0.0,0.0,0.0,-18.9649,-25.15285,15.41257,8.67,1.13,1.48,4.0
1758075089.1798,1758075089.07998,0.0,0.0,0.0,-21.94428,-24.00693,17.53251,8.76,1.01,1.19,4.0
1758075089.19514,1758075089.08998,0.0,0.0,0.0,-23.89234,-23.72045,18.79302,8.76,1.01,1.19,4.0
1758075089.1977,1758075089.09998,0.0,0.0,0.0,-25.72581,-23.49127,19.82434,8.91,0.77,1.06,4.0
1758075089.21398,1758075089.10998,0.0,0.0,0.0,-27.96034,-23.0329,21.08485,8.91,0.77,1.06,4.0
1758075089.23068,1758075089.11998,0.0,0.0,0.0,-29.10626,-22.97561,21.42862,9.28,0.47,1.22,4.0
1758075089.23188,1758075089.12998,0.0,0.0,0.0,-29.9084,-22.68913,21.7151,9.28,0.47,1.22,4.0
1758075089.24717,1758075089.13998,0.0,0.0,0.0,-30.36677,-23.31938,21.48592,9.35,0.16,1.45,4.0
1758075089.24809,1758075089.14998,0.0,0.0,0.0,-30.30947,-23.54857,21.37133,9.35,0.16,1.45,4.0
1758075089.26508,1758075089.15998,0.0,0.0,0.0,-29.9084,-23.20479,21.14215,9.23,-0.06,1.66,4.0
1758075089.27996,1758075089.16998,0.0,0.0,0.0,-29.22085,-22.74642,21.08485,9.24,-0.16,1.65,4.0
1758075089.28112,1758075089.17998,0.0,0.0,0.0,-28.30412,-22.40265,20.97026,9.24,-0.16,1.65,4.0
1758075089.2962,1758075089.18998,0.0,0.0,0.0,-27.04361,-22.05888,20.85567,9.17,-0.11,1.46,4.0
1758075089.29736,1758075089.19998,0.0,0.0,0.0,-26.18417,-21.7151,21.08485,9.17,-0.11,1.46,4.0
1758075089.3159,1758075089.20998,0.0,0.0,0.0,-25.21014,-20.97026,21.37133,8.97,0.06,1.09,4.0
1758075089.3173,1758075089.21998,0.0,0.0,0.0,-24.5226,-20.05352,21.60051,8.97,0.06,1.09,4.0
1758075089.33724,1758075089.22998,0.0,0.0,0.0,-23.20479,-20.05352,21.88699,8.73,0.21,0.91,4.0
1758075089.34241,1758075089.23998,0.0,0.0,0.0,-22.63183,-20.51189,22.00158,8.28,0.22,0.76,4.0
1758075089.35713,1758075089.24998,0.0,0.0,0.0,-22.11617,-21.37133,21.94428,8.28,0.22,0.76,4.0
1758075089.36218,1758075089.25998,0.0,0.0,0.0,-21.7151,-22.68913,21.6578,7.83,0.12,0.62,4.0
1758075089.37726,1758075089.26998,0.0,0.0,0.0,-21.02755,-25.21014,20.79837,7.83,0.12,0.62,4.0
1758075089.38212,1758075089.27998,0.0,0.0,0.0,-20.3973,-27.1582,19.88164,7.54,-0.05,0.66,4.0
1758075089.39704,1758075089.28998,0.0,0.0,0.0,-19.59516,-29.10626,18.56383,7.54,-0.05,0.66,4.0
1758075089.40168,1758075089.29998,0.0,0.0,0.0,-18.50654,-31.85646,15.41257,7.72,-0.37,1.24,4.0
1758075089.41697,1758075089.30998,0.0,0.0,0.0,-16.04282,-34.72124,13.34992,8.61,-0.74,2.54,4.0
1758075089.41977,1758075089.31998,0.0,0.0,0.0,-14.66772,-37.64333,10.08406,8.61,-0.74,2.54,4.0
1758075089.43687,1758075089.32998,0.0,0.0,0.0,-12.54778,-44.17505,7.44845,10.01,-1.43,3.97,4.0
1758075089.4405,1758075089.33998,0.0,0.0,0.0,-8.36518,-57.41038,2.92208,10.01,-1.43,3.97,4.0
1758075089.4573,1758075089.34998,0.0,0.0,0.0,-4.87014,-61.07731,-0.34377,11.48,-2.79,4.1,4.0
1758075089.45984,1758075089.35998,0.0,0.0,0.0,-1.43239,-56.26446,-3.60963,11.48,-2.79,4.1,4.0
1758075089.47705,1758075089.36998,0.0,0.0,0.0,1.77617,-46.06581,-5.4431,12.85,-3.77,2.36,4.0
1758075089.48066,1758075089.37998,0.0,0.0,0.0,6.35983,-24.00693,-5.55769,13.08,-3.77,2.49,4.0
1758075089.49729,1758075089.38998,0.0,0.0,0.0,10.19865,-6.47442,-4.23989,13.08,-3.46,2.49,4.0
1758075089.50231,1758075089.39998,0.0,0.0,0.0,15.12609,6.7609,-4.81285,16.2,-3.25,3.67,4.0
1758075089.52035,1758075089.40998,0.0,0.0,0.0,20.34,10.08406,-7.96411,16.2,-3.25,3.67,4.0
1758075089.52128,1758075089.41998,0.0,0.0,0.0,27.04361,7.50575,-16.90226,17.3,-3.89,1.9,4.0
1758075089.53722,1758075089.42998,0.0,0.0,0.0,30.48136,11.11538,-22.40265,17.3,-3.89,1.9,4.0
1758075089.5421,1758075089.43998,0.0,0.0,0.0,34.0337,20.97026,-24.80907,15.6,-3.65,1.44,4.0
1758075089.55711,1758075089.44998,0.0,0.0,0.0,36.6693,32.83048,-24.80907,15.6,-3.65,1.44,4.0
1758075089.55822,1758075089.45998,0.0,0.0,0.0,38.44547,49.04519,-20.3973,13.54,-2.4,2.18,4.0
1758075089.57653,1758075089.46998,0.0,0.0,0.0,38.50277,55.00395,-14.83961,12.03,-1.22,2.27,4.0
1758075089.5783,1758075089.47998,0.0,0.0,0.0,37.98711,54.60288,-7.67763,12.03,-1.22,2.27,4.0
1758075089.5974,1758075089.48998,0.0,0.0,0.0,36.7266,48.41494,-0.40107,10.87,-0.08,2.13,4.0
1758075089.60181,1758075089.49998,0.0,0.0,0.0,33.00237,39.64868,7.84952,10.87,-0.08,2.13,4.0
1758075089.61742,1758075089.50998,0.0,0.0,0.0,29.96569,38.27358,11.28727,10.55,0.71,1.64,4.0
1758075089.62267,1758075089.51998,0.0,0.0,0.0,27.73116,41.59674,13.5218,10.55,0.71,1.64,4.0
1758075089.63815,1758075089.52998,0.0,0.0,0.0,24.4653,45.14908,13.80828,10.24,0.66,1.92,4.0
1758075089.63928,1758075089.53998,0.0,0.0,0.0,22.23076,41.65404,12.204,8.74,0.18,2.24,4.0
1758075089.65414,1758075089.54998,0.0,0.0,0.0,19.82434,33.17426,9.62569,8.74,0.18,2.24,4.0
1758075089.67125,1758075089.55998,0.0,0.0,0.0,17.93358,22.28806,6.24524,7.33,-0.31,1.97,4.0
1758075089.67217,1758075089.56998,0.0,0.0,0.0,16.61578,8.02141,0.97403,7.33,-0.31,1.97,4.0
1758075089.68929,1758075089.57998,0.0,0.0,0.0,16.84496,1.60428,-1.77617,7.09,-0.85,1.59,4.0
1758075089.69036,1758075089.58998,0.0,0.0,0.0,17.30333,-0.80214,-4.18259,7.09,-0.85,1.59,4.0
1758075089.70708,1758075089.59998,0.0,0.0,0.0,18.10547,-3.38045,-5.90147,7.51,-1.16,1.7,4.0
1758075089.70837,1758075089.60998,0.0,0.0,0.0,19.13679,-6.7609,-6.99009,7.39,-1.25,1.5,4.0
1758075089.72431,1758075089.61998,0.0,0.0,0.0,19.99623,0.80214,-9.22462,7.39,-1.25,1.5,4.0
1758075089.74046,1758075089.62998,0.0,0.0,0.0,20.05352,8.02141,-9.85487,8.35,-1.26,1.31,4.0
1758075089.74137,1758075089.63998,0.0,0.0,0.0,20.74107,20.34,-10.48513,8.35,-1.26,1.31,4.0
1758075089.75646,1758075089.64998,0.0,0.0,0.0,21.7724,26.06958,-11.00079,8.67,-1.12,1.52,4.0
1758075089.75935,1758075089.65998,0.0,0.0,0.0,22.74642,19.07949,-10.94349,8.67,-1.12,1.52,4.0
1758075089.77705,1758075089.66998,0.0,0.0,0.0,23.26209,4.92744,-11.34457,7.31,-1.08,1.42,4.0
1758075089.78096,1758075089.67998,0.0,0.0,0.0,23.0329,-4.87014,-12.204,7.31,-1.08,1.42,4.0
1758075089.79653,1758075089.68998,0.0,0.0,0.0,22.86102,-10.37054,-13.98017,7.89,-1.03,1.13,4.0
1758075089.79858,1758075089.69998,0.0,0.0,0.0,23.20479,-11.97482,-14.66772,9.19,-0.96,1.36,4.0
1758075089.81765,1758075089.70998,0.0,0.0,0.0,23.72045,-14.09476,-14.78231,9.19,-0.96,1.36,4.0
1758075089.81956,1758075089.71998,0.0,0.0,0.0,25.09555,-16.84496,-14.15206,9.14,-0.94,1.42,4.0
1758075089.83448,1758075089.72998,0.0,0.0,0.0,26.18417,-22.74642,-13.12073,9.14,-0.94,1.42,4.0
1758075089.85055,1758075089.73998,0.0,0.0,0.0,27.2155,-26.41335,-11.51645,8.59,-0.83,1.11,4.0
1758075089.85175,1758075089.74998,0.0,0.0,0.0,27.67386,-27.61657,-11.11538,8.59,-0.83,1.11,4.0
1758075089.8663,1758075089.75998,0.0,0.0,0.0,28.59059,-28.99167,-9.62569,8.44,-0.65,1.12,4.0
1758075089.86772,1758075089.76998,0.0,0.0,0.0,29.22085,-30.59595,-8.70896,8.45,-0.46,1.19,4.0
1758075089.88529,1758075089.77998,0.0,0.0,0.0,29.27814,-31.28349,-7.96411,8.45,-0.46,1.19,4.0
1758075089.88739,1758075089.78998,0.0,0.0,0.0,28.93437,-30.88243,-7.62034,8.95,-0.38,1.25,4.0
1758075089.90457,1758075089.79998,0.0,0.0,0.0,27.96034,-27.50197,-7.79223,8.95,-0.38,1.25,4.0
1758075089.9203,1758075089.80998,0.0,0.0,0.0,26.75713,-24.92367,-8.93814,9.72,-0.34,1.08,4.0
1758075089.92155,1758075089.81998,0.0,0.0,0.0,25.49662,-22.34536,-10.48513,9.72,-0.34,1.08,4.0
1758075089.93631,1758075089.82998,0.0,0.0,0.0,23.72045,-21.25674,-12.77696,10.25,-0.27,0.99,4.0
1758075089.93942,1758075089.83998,0.0,0.0,0.0,21.02755,-20.11082,-16.50119,10.36,-0.23,0.87,4.0
1758075089.95956,1758075089.84998,0.0,0.0,0.0,19.07949,-18.33465,-18.62113,10.36,-0.23,0.87,4.0
1758075089.97009,1758075089.85998,0.0,0.0,0.0,17.24603,-15.35527,-20.51189,10.56,-0.25,0.92,4.0
1758075089.97067,1758075089.86998,0.0,0.0,0.0,15.64175,-12.54778,-22.05888,10.56,-0.25,0.92,4.0
1758075089.98843,1758075089.87998,0.0,0.0,0.0,13.23533,-10.8289,-23.26209,10.39,-0.28,0.88,4.0
1758075089.98936,1758075089.88998,0.0,0.0,0.0,11.74564,-10.48513,-23.49127,10.39,-0.28,0.88,4.0
1758075090.00433,1758075089.89998,0.0,0.0,0.0,10.31324,-10.48513,-22.63183,9.93,-0.27,0.95,4.0
1758075090.02038,1758075089.90998,0.0,0.0,0.0,8.93814,-10.48513,-20.97026,9.93,-0.27,0.95,4.0
1758075090.02156,1758075089.91998,0.0,0.0,0.0,7.10468,-10.71431,-17.58981,9.74,-0.16,0.89,4.0
1758075090.03641,1758075089.92998,0.0,0.0,0.0,6.13065,-9.5684,-15.58445,9.62,-0.16,0.8,4.0
1758075090.0376,1758075089.93998,0.0,0.0,0.0,5.50039,-6.8182,-14.09476,9.62,-0.16,0.8,4.0
1758075090.0547,1758075089.94998,0.0,0.0,0.0,5.15662,-2.34913,-13.06344,9.73,-0.27,0.82,4.0
1758075090.0715,1758075089.95998,0.0,0.0,0.0,5.50039,-0.80214,-13.23533,9.73,-0.27,0.82,4.0
1758075090.07343,1758075089.96998,0.0,0.0,0.0,5.55769,-0.40107,-13.86558,9.38,-0.42,0.67,4.0
1758075090.08869,1758075089.97998,0.0,0.0,0.0,5.61499,-1.03132,-14.78231,9.38,-0.42,0.67,4.0
1758075090.09237,1758075089.98998,0.0,0.0,0.0,5.90147,-2.86479,-16.21471,8.78,-0.48,0.37,4.0
1758075090.10773,1758075089.99998,0.0,0.0,0.0,6.24524,-4.64096,-16.95955,8.33,-0.48,0.28,4.0
1758075090.10947,1758075090.00998,0.0,0.0,0.0,6.47442,-6.8182,-17.18874,8.33,-0.48,0.28,4.0
1758075090.12475,1758075090.01998,0.0,0.0,0.0,6.41713,-9.39651,-16.50119,8.29,-0.43,0.74,4.0
1758075090.14155,1758075090.02998,0.0,0.0,0.0,5.90147,-14.43854,-13.75099,8.29,-0.43,0.74,4.0
1758075090.14246,1758075090.03998,0.0,0.0,0.0,5.55769,-17.53251,-10.8289,8.69,-0.13,1.68,4.0
1758075090.16065,1758075090.04998,0.0,0.0,0.0,5.15662,-20.79837,-7.21927,8.69,-0.13,1.68,4.0
1758075090.16165,1758075090.05998,0.0,0.0,0.0,4.98473,-25.55392,-2.92208,9.6,0.33,2.69,4.0
1758075090.17677,1758075090.06998,0.0,0.0,0.0,3.66693,-33.46074,3.26586,10.71,1.19,3.14,4.0
1758075090.17767,1758075090.07998,0.0,0.0,0.0,1.66158,-43.37291,7.10468,10.71,1.19,3.14,4.0
1758075090.19872,1758075090.08998,0.0,0.0,0.0,-1.77617,-50.2484,10.19865,11.96,2.46,3.13,4.0
1758075090.20083,1758075090.09998,0.0,0.0,0.0,-5.84417,-50.87865,13.23533,11.96,2.46,3.13,4.0
1758075090.21633,1758075090.10998,0.0,0.0,0.0,-11.74564,-44.11775,16.10011,13.2,3.46,2.03,4.0
1758075090.21867,1758075090.11998,0.0,0.0,0.0,-15.24068,-35.98175,15.29797,13.2,3.46,2.03,4.0
1758075090.23357,1758075090.12998,0.0,0.0,0.0,-17.81899,-25.7831,12.60507,11.48,3.17,0.81,4.0
1758075090.24992,1758075090.13998,0.0,0.0,0.0,-21.48592,-13.98017,5.78687,11.48,3.17,0.81,4.0
1758075090.25235,1758075090.14998,0.0,0.0,0.0,-23.66316,5.90147,1.14592,10.52,2.15,1.71,4.0
1758075090.26883,1758075090.15998,0.0,0.0,0.0,-26.41335,17.47521,-2.00535,13.44,1.96,2.81,4.0
1758075090.27215,1758075090.16998,0.0,0.0,0.0,-28.76248,24.4653,-2.57831,13.44,1.96,2.81,4.0
1758075090.28783,1758075090.17998,0.0,0.0,0.0,-30.99702,23.31938,-0.97403,15.48,2.51,1.46,4.0
1758075090.28903,1758075090.18998,0.0,0.0,0.0,-30.48136,15.12609,2.11994,15.48,2.51,1.46,4.0
1758075090.30866,1758075090.19998,0.0,0.0,0.0,-29.9084,1.66158,6.18794,12.85,2.07,1.09,4.0
1758075090.40175,1758075090.20998,0.0,0.0,0.0,-27.44468,-8.99544,8.30789,12.85,2.07,1.09,4.0
1758075090.40237,1758075090.21998,0.0,0.0,0.0,-24.4653,-10.08406,9.5684,10.47,0.85,1.38,4.0
1758075090.40597,1758075090.22998,0.0,0.0,0.0,-22.00158,0.51566,9.39651,11.15,-0.11,1.37,4.0
1758075090.40655,1758075090.23998,0.0,0.0,0.0,-19.42327,14.72501,8.0787,11.15,-0.11,1.37,4.0
1758075090.4098,1758075090.24998,0.0,0.0,0.0,-15.35527,21.7724,6.70361,11.27,-0.71,1.78,4.0
1758075090.41195,1758075090.25998,0.0,0.0,0.0,-8.93814,19.07949,4.81285,11.27,-0.71,1.78,4.0
1758075090.41533,1758075090.26998,0.0,0.0,0.0,-4.81285,15.24068,3.49504,10.1,-0.89,1.34,4.0
1758075090.4167,1758075090.27998,0.0,0.0,0.0,-1.20321,14.15206,2.40642,10.1,-0.89,1.34,4.0
1758075090.41746,1758075090.28998,0.0,0.0,0.0,1.66158,15.06879,1.94806,10.34,-0.68,0.93,4.0
1758075090.42096,1758075090.29998,0.0,0.0,0.0,4.87014,17.76169,2.57831,10.38,-0.12,0.95,4.0
1758075090.4217,1758075090.30998,0.0,0.0,0.0,6.35983,18.44924,3.38045,10.38,-0.12,0.95,4.0
1758075090.42469,1758075090.31998,0.0,0.0,0.0,7.21927,18.79302,4.64096,9.86,0.37,0.79,4.0
1758075090.44104,1758075090.32998,0.0,0.0,0.0,7.50575,17.87628,5.50039,9.86,0.37,0.79,4.0
1758075090.4454,1758075090.33998,0.0,0.0,0.0,6.87549,15.58445,6.58902,9.36,0.68,0.63,4.0
1758075090.46104,1758075090.34998,0.0,0.0,0.0,5.78687,14.15206,6.87549,9.36,0.68,0.63,4.0
1758075090.46191,1758075090.35998,0.0,0.0,0.0,4.1253,13.34992,7.04738,9.28,0.83,0.6,4.0
1758075090.47701,1758075090.36998,0.0,0.0,0.0,1.08862,12.54778,7.33386,9.28,0.83,0.6,4.0
1758075090.47871,1758075090.37998,0.0,0.0,0.0,-1.08862,12.204,7.67763,9.38,0.87,0.55,4.0
1758075090.49502,1758075090.38998,0.0,0.0,0.0,-2.97938,12.77696,8.0787,9.42,0.88,0.48,4.0
1758075090.512,1758075090.39998,0.0,0.0,0.0,-4.92744,12.54778,8.36518,9.42,0.88,0.48,4.0
1758075090.51293,1758075090.40998,0.0,0.0,0.0,-6.87549,17.6471,9.05273,9.44,0.86,0.26,4.0
1758075090.52804,1758075090.41998,0.0,0.0,0.0,-7.04738,21.37133,10.02676,9.44,0.86,0.26,4.0
1758075090.52974,1758075090.42998,0.0,0.0,0.0,-6.70361,22.40265,10.8289,9.38,0.74,0.09,4.0
1758075090.54478,1758075090.43998,0.0,0.0,0.0,-6.24524,21.42862,11.28727,9.38,0.74,0.09,4.0
1758075090.5611,1758075090.44998,0.0,0.0,0.0,-5.55769,19.99623,11.91752,8.71,0.57,0.02,4.0
1758075090.5644,1758075090.45998,0.0,0.0,0.0,-5.21392,18.44924,12.204,8.47,0.48,0.01,4.0
1758075090.57972,1758075090.46998,0.0,0.0,0.0,-5.15662,17.53251,12.204,8.47,0.48,0.01,4.0
1758075090.581,1758075090.47998,0.0,0.0,0.0,-5.21392,14.61043,12.37589,8.29,0.49,0.02,4.0
1758075090.59657,1758075090.48998,0.0,0.0,0.0,-6.18794,7.73493,12.204,8.29,0.49,0.02,4.0
1758075090.60181,1758075090.49998,0.0,0.0,0.0,-6.99009,1.83346,12.2613,7.88,0.57,-0.15,4.0
1758075090.62083,1758075090.50998,0.0,0.0,0.0,-7.50575,-2.46372,13.17803,7.88,0.57,-0.15,4.0
1758075090.62199,1758075090.51998,0.0,0.0,0.0,-8.42248,-6.87549,14.38124,7.64,0.68,-0.17,4.0
1758075090.63686,1758075090.52998,0.0,0.0,0.0,-10.19865,-12.49048,16.272,7.62,0.8,-0.22,4.0
1758075090.64205,1758075090.53998,0.0,0.0,0.0,-11.80293,-16.3293,17.6471,7.62,0.8,-0.22,4.0
1758075090.68841,1758075090.54998,0.0,0.0,0.0,-13.46451,-19.42327,19.07949,7.73,0.9,-0.14,4.0
1758075090.71178,1758075090.55998,0.0,0.0,0.0,-15.87093,-21.7724,21.60051,7.73,0.9,-0.14,4.0
1758075090.7124,1758075090.56998,0.0,0.0,0.0,-17.24603,-23.26209,22.91831,8.06,0.95,0.06,4.0
1758075090.71379,1758075090.57998,0.0,0.0,0.0,-18.62113,-23.94964,23.94964,8.06,0.95,0.06,4.0
1758075090.71426,1758075090.58998,0.0,0.0,0.0,-19.82434,-24.63719,24.63719,8.35,1.02,0.1,4.0
1758075090.71711,1758075090.59998,0.0,0.0,0.0,-21.14215,-25.55392,24.80907,8.35,1.02,0.1,4.0
1758075090.71858,1758075090.60998,0.0,0.0,0.0,-21.6578,-26.01229,24.29341,8.47,1.08,0.04,4.0
1758075090.71971,1758075090.61998,0.0,0.0,0.0,-21.88699,-26.87172,23.49127,8.37,1.01,0.02,4.0
1758075090.73519,1758075090.62998,0.0,0.0,0.0,-21.7724,-27.1582,22.51724,8.37,1.01,0.02,4.0
1758075090.75218,1758075090.63998,0.0,0.0,0.0,-21.60051,-27.10091,20.85567,8.21,0.9,0.07,4.0
1758075090.75312,1758075090.64998,0.0,0.0,0.0,-21.60051,-27.10091,20.3973,8.21,0.9,0.07,4.0
1758075090.76876,1758075090.65998,0.0,0.0,0.0,-21.6578,-27.04361,19.76705,8.23,0.88,0.16,4.0
1758075090.77146,1758075090.66998,0.0,0.0,0.0,-21.7724,-27.38738,19.25138,8.23,0.88,0.16,4.0
1758075090.78698,1758075090.67998,0.0,0.0,0.0,-22.00158,-28.64789,18.56383,8.17,0.98,0.09,4.0
1758075090.78972,1758075090.68998,0.0,0.0,0.0,-22.28806,-30.82513,17.81899,7.93,1.04,0.12,4.0
1758075090.80724,1758075090.69998,0.0,0.0,0.0,-22.51724,-34.0337,16.90226,7.93,1.04,0.12,4.0
1758075090.80989,1758075090.70998,0.0,0.0,0.0,-22.40265,-37.92981,15.64175,7.34,0.93,0.26,4.0
1758075090.8266,1758075090.71998,0.0,0.0,0.0,-22.11617,-43.60209,12.49048,7.34,0.93,0.26,4.0
1758075090.84193,1758075090.72998,0.0,0.0,0.0,-21.7151,-45.72203,9.5684,7.2,0.55,1.02,4.0
1758075090.84635,1758075090.73998,0.0,0.0,0.0,-21.08485,-43.4875,5.90147,7.2,0.55,1.02,4.0
1758075090.86199,1758075090.74998,0.0,0.0,0.0,-19.48057,-37.98711,-0.17189,9.01,-0.36,2.73,4.0
1758075090.86556,1758075090.75998,0.0,0.0,0.0,-14.49583,-29.67921,-4.92744,12.37,-2.13,4.14,4.0
1758075090.88173,1758075090.76998,0.0,0.0,0.0,-9.62569,-45.03448,-10.08406,12.37,-2.13,4.14,4.0
1758075090.88458,1758075090.77998,0.0,0.0,0.0,0.34377,-72.82294,-14.15206,12.22,-4.86,4.29,4.0
1758075090.90104,1758075090.78998,0.0,0.0,0.0,14.43854,-68.75494,-20.74107,12.22,-4.86,4.29,4.0
1758075090.9047,1758075090.79998,0.0,0.0,0.0,24.23611,-43.65939,-23.60586,16.1,-6.76,2.31,4.0
1758075090.92187,1758075090.80998,0.0,0.0,0.0,34.32018,-19.59516,-25.21014,16.1,-6.76,2.31,4.0
1758075090.92471,1758075090.81998,0.0,0.0,0.0,43.60209,-12.89155,-27.04361,18.31,-7.32,2.02,4.0
1758075090.9403,1758075090.82998,0.0,0.0,0.0,54.431,-22.28806,-26.98631,18.31,-7.32,-0.47,4.0
1758075090.94236,1758075090.83998,0.0,0.0,0.0,59.18654,-22.34536,-24.80907,13.9,-6.51,-0.47,4.0
1758075090.95731,1758075090.84998,0.0,0.0,0.0,64.22858,-6.70361,-18.56383,13.3,-3.22,0.15,4.0
1758075090.96255,1758075090.85998,0.0,0.0,0.0,68.01009,16.73037,-11.17268,13.3,-3.22,0.15,4.0
1758075090.98133,1758075090.86998,0.0,0.0,0.0,69.49979,48.24305,0.57296,14.58,-0.4,0.85,4.0
1758075090.98227,1758075090.87998,0.0,0.0,0.0,69.27061,61.59297,7.84952,14.58,-0.4,0.85,4.0
1758075091.00185,1758075090.88998,0.0,0.0,0.0,67.66632,63.99939,13.46451,13.36,-0.24,0.56,4.0
1758075091.00544,1758075090.89998,0.0,0.0,0.0,65.2026,55.7488,16.21471,13.36,-0.24,0.56,4.0
1758075091.02201,1758075090.90998,0.0,0.0,0.0,58.84277,42.39888,13.12073,12.17,-0.05,0.56,4.0
1758075091.02576,1758075090.91998,0.0,0.0,0.0,54.14451,42.05511,8.25059,13.01,0.51,0.18,4.0
1758075091.04198,1758075090.92998,0.0,0.0,0.0,49.79003,53.97263,2.40642,13.01,0.51,0.18,4.0
1758075091.04561,1758075090.93998,0.0,0.0,0.0,46.98254,62.96807,-2.92208,13.25,0.06,0.86,4.0
1758075091.06142,1758075090.94998,0.0,0.0,0.0,41.94051,59.12925,-9.91217,13.25,0.06,0.86,4.0
1758075091.06263,1758075090.95998,0.0,0.0,0.0,38.50277,49.15978,-13.23533,9.78,-0.42,1.24,4.0
1758075091.08194,1758075090.96998,0.0,0.0,0.0,35.00772,36.55471,-16.10011,9.78,-0.42,1.24,4.0
1758075091.08484,1758075090.97998,0.0,0.0,0.0,31.74186,25.09555,-17.99088,8.08,-0.44,0.84,4.0
1758075091.1019,1758075090.98998,0.0,0.0,0.0,31.39809,12.2613,-17.36062,8.11,-0.42,0.84,4.0
1758075091.10474,1758075090.99998,0.0,0.0,0.0,31.16891,7.67763,-15.29797,8.11,-0.42,0.84,4.0
1758075091.12042,1758075091.00998,0.0,0.0,0.0,31.28349,4.64096,-13.06344,8.81,-0.43,1.05,4.0
1758075091.12136,1758075091.01998,0.0,0.0,0.0,31.39809,1.14592,-8.76626,8.81,-0.43,1.05,4.0
1758075091.13646,1758075091.02998,0.0,0.0,0.0,31.2262,3.60963,-6.87549,8.98,-0.39,1.03,4.0
1758075091.15248,1758075091.03998,0.0,0.0,0.0,30.25217,12.37589,-6.53172,8.98,-0.39,1.03,4.0
1758075091.15421,1758075091.04998,0.0,0.0,0.0,30.48136,18.10547,-4.18259,9.49,-0.36,0.95,4.0
1758075091.17225,1758075091.05998,0.0,0.0,0.0,30.82513,23.66316,-2.34913,8.83,-0.36,1.0,4.0
1758075091.174,1758075091.06998,0.0,0.0,0.0,31.62727,16.61578,-1.48969,8.83,-0.56,1.0,4.0
1758075091.18948,1758075091.07998,0.0,0.0,0.0,32.48671,8.93814,-0.34377,7.44,-0.86,0.5,4.0
1758075091.19201,1758075091.08998,0.0,0.0,0.0,33.00237,3.38045,-0.51566,7.44,-0.86,0.5,4.0
1758075091.2072,1758075091.09998,0.0,0.0,0.0,33.9764,-0.80214,-1.71887,8.13,-0.97,0.56,4.0
1758075091.20916,1758075091.10998,0.0,0.0,0.0,34.66395,-2.92208,-3.03668,8.13,-0.97,0.56,4.0
1758075091.22547,1758075091.11998,0.0,0.0,0.0,35.63798,-4.87014,-4.58366,8.74,-0.93,0.65,4.0
1758075091.24201,1758075091.12998,0.0,0.0,0.0,36.61201,-6.87549,-6.18794,8.74,-0.93,0.65,4.0
1758075091.24509,1758075091.13998,0.0,0.0,0.0,37.75792,-10.25595,-8.25059,9.2,-0.81,0.55,4.0
1758075091.26052,1758075091.14998,0.0,0.0,0.0,38.21629,-11.51645,-9.39651,9.5,-0.62,0.39,4.0
1758075091.26148,1758075091.15998,0.0,0.0,0.0,38.1017,-11.97482,-10.25595,9.5,-0.62,0.39,4.0
1758075091.27655,1758075091.16998,0.0,0.0,0.0,37.52874,-11.97482,-10.94349,9.51,-0.39,0.29,4.0
1758075091.29253,1758075091.17998,0.0,0.0,0.0,36.03905,-11.91752,-10.94349,9.51,-0.39,0.29,4.0
1758075091.29588,1758075091.18998,0.0,0.0,0.0,34.72124,-12.2613,-10.48513,9.21,-0.18,0.37,4.0
1758075091.3115,1758075091.19998,0.0,0.0,0.0,33.34615,-12.08941,-9.96947,9.21,-0.18,0.37,4.0
1758075091.31291,1758075091.20998,0.0,0.0,0.0,30.88243,-9.11003,-9.5684,9.31,-0.03,0.41,4.0
1758075091.32725,1758075091.21998,0.0,0.0,0.0,29.27814,-7.04738,-9.39651,9.81,0.0,0.44,4.0
1758075091.33041,1758075091.22998,0.0,0.0,0.0,27.44468,-5.15662,-9.91217,9.81,0.0,0.44,4.0
1758075091.3463,1758075091.23998,0.0,0.0,0.0,25.49662,-3.55234,-10.59972,9.92,-0.12,0.48,4.0
1758075091.36414,1758075091.24998,0.0,0.0,0.0,22.28806,-3.26586,-11.34457,9.92,-0.12,0.48,4.0
1758075091.36509,1758075091.25998,0.0,0.0,0.0,20.22541,-2.7502,-11.97482,9.72,-0.24,0.31,4.0
1758075091.3819,1758075091.26998,0.0,0.0,0.0,18.10547,-2.46372,-12.83425,9.72,-0.24,0.31,4.0
1758075091.3863,1758075091.27998,0.0,0.0,0.0,16.10011,-2.86479,-13.46451,9.62,-0.29,0.31,4.0
1758075091.40164,1758075091.28998,0.0,0.0,0.0,13.46451,-3.60963,-14.72501,9.39,-0.22,0.39,4.0
1758075091.40595,1758075091.29998,0.0,0.0,0.0,11.86023,-3.60963,-15.41257,9.39,-0.22,0.39,4.0
1758075091.4217,1758075091.30998,0.0,0.0,0.0,10.54242,-3.26586,-15.98552,9.39,-0.21,0.41,4.0
1758075091.42427,1758075091.31998,0.0,0.0,0.0,9.28192,-2.34913,-16.50119,9.39,-0.21,0.41,4.0
1758075091.44042,1758075091.32998,0.0,0.0,0.0,7.21927,-1.48969,-17.18874,9.59,-0.25,0.44,4.0
1758075091.44134,1758075091.33998,0.0,0.0,0.0,6.07335,-1.71887,-17.76169,9.59,-0.25,0.44,4.0
1758075091.45641,1758075091.34998,0.0,0.0,0.0,4.81285,-2.11994,-18.10547,9.67,-0.3,0.35,4.0
1758075091.47241,1758075091.35998,0.0,0.0,0.0,3.55234,-2.34913,-18.56383,9.67,-0.3,0.35,4.0
1758075091.47358,1758075091.36998,0.0,0.0,0.0,1.77617,-2.40642,-19.25138,9.57,-0.32,0.4,4.0
1758075091.49209,1758075091.37998,0.0,0.0,0.0,0.45837,-2.00535,-19.53786,9.24,-0.32,0.49,4.0
1758075091.49297,1758075091.38998,0.0,0.0,0.0,-0.68755,-1.20321,-19.76705,9.24,-0.32,0.49,4.0
1758075091.5084,1758075091.39998,0.0,0.0,0.0,-2.29183,-0.11459,-20.05352,8.74,-0.33,0.6,4.0
1758075091.51157,1758075091.40998,0.0,0.0,0.0,-3.09397,1.43239,-20.3973,8.74,-0.33,0.6,4.0
1758075091.52748,1758075091.41998,0.0,0.0,0.0,-3.95341,2.7502,-20.51189,8.26,-0.43,0.6,4.0
1758075091.53202,1758075091.42998,0.0,0.0,0.0,-4.29718,3.89611,-20.45459,8.26,-0.43,0.6,4.0
1758075091.54767,1758075091.43998,0.0,0.0,0.0,-4.69825,3.72423,-20.62648,7.99,-0.61,0.4,4.0
1758075091.54863,1758075091.44998,0.0,0.0,0.0,-4.87014,1.94806,-20.45459,7.69,-0.75,0.13,4.0
1758075091.56445,1758075091.45998,0.0,0.0,0.0,-4.98473,-1.08862,-20.22541,7.69,-0.75,0.13,4.0
1758075091.58207,1758075091.46997,0.0,0.0,0.0,-5.27121,-4.29718,-19.70975,7.41,-0.85,-0.02,4.0
1758075091.5848,1758075091.47997,0.0,0.0,0.0,-5.78687,-9.33921,-17.93358,7.41,-0.85,-0.02,4.0
1758075091.60081,1758075091.48997,0.0,0.0,0.0,-6.07335,-14.72501,-15.92823,7.39,-0.85,0.45,4.0
1758075091.60168,1758075091.49997,0.0,0.0,0.0,-6.18794,-24.98096,-13.23533,7.39,-0.85,0.45,4.0
1758075091.61653,1758075091.50997,0.0,0.0,0.0,-6.58902,-35.12231,-9.68299,7.52,-0.48,1.33,4.0
1758075091.63249,1758075091.51997,0.0,0.0,0.0,-7.50575,-45.20637,-2.00535,9.5,0.55,2.53,4.0
1758075091.63533,1758075091.52997,0.0,0.0,0.0,-9.11003,-48.01387,3.89611,9.5,0.55,2.53,4.0
1758075091.65172,1758075091.53997,0.0,0.0,0.0,-11.28727,-48.70141,10.59972,12.22,2.49,3.45,4.0
1758075091.65211,1758075091.54997,0.0,0.0,0.0,-14.49583,-46.63877,16.95955,12.22,2.49,3.45,4.0
1758075091.67135,1758075091.55997,0.0,0.0,0.0,-20.97026,-36.84119,23.94964,13.36,4.58,2.72,4.0
1758075091.67256,1758075091.56997,0.0,0.0,0.0,-25.89769,-24.80907,25.7831,13.36,4.58,2.72,4.0
1758075091.68782,1758075091.57997,0.0,0.0,0.0,-31.39809,-9.74028,25.8404,12.93,5.3,1.62,4.0
1758075091.68869,1758075091.58997,0.0,0.0,0.0,-38.21629,6.58902,24.92367,12.93,5.3,1.62,4.0
1758075091.70376,1758075091.59997,0.0,0.0,0.0,-50.363,27.96034,25.09555,14.61,5.32,2.41,4.0
1758075091.72081,1758075091.60997,0.0,0.0,0.0,-57.29578,27.04361,24.92367,15.78,5.54,1.21,4.0
1758075091.72175,1758075091.61997,0.0,0.0,0.0,-63.13995,7.67763,26.81443,15.78,5.54,1.21,4.0
1758075091.73659,1758075091.62997,0.0,0.0,0.0,-68.69764,-17.6471,26.01229,12.84,4.22,0.69,4.0
1758075091.73892,1758075091.63997,0.0,0.0,0.0,-74.36993,-8.36518,21.37133,12.84,4.22,0.69,4.0
1758075091.75486,1758075091.64997,0.0,0.0,0.0,-76.77635,19.07949,17.47521,14.66,1.89,0.98,4.0
1758075091.75651,1758075091.65997,0.0,0.0,0.0,-75.40125,38.61736,12.14671,14.66,1.89,0.98,4.0
1758075091.77211,1758075091.66997,0.0,0.0,0.0,-71.73432,40.33623,2.23454,13.88,0.17,1.6,4.0
1758075091.78791,1758075091.67997,0.0,0.0,0.0,-67.89551,29.8511,-3.60963,10.54,-0.51,1.79,4.0
1758075091.7912,1758075091.68997,0.0,0.0,0.0,-63.42643,19.19409,-8.42248,10.54,-0.51,1.79,4.0
1758075091.80692,1758075091.69997,0.0,0.0,0.0,-58.21251,9.39651,-10.8862,10.4,-1.1,1.1,4.0
1758075091.80862,1758075091.70997,0.0,0.0,0.0,-50.2484,1.94806,-11.17268,10.4,-1.1,1.1,4.0
1758075091.82562,1758075091.71997,0.0,0.0,0.0,-45.72203,-0.17189,-9.5684,10.45,-1.08,1.14,4.0
1758075091.82684,1758075091.72997,0.0,0.0,0.0,-41.31026,1.3751,-7.21927,10.45,-1.08,1.14,4.0
1758075091.84218,1758075091.73997,0.0,0.0,0.0,-37.98711,3.09397,-4.46907,10.38,-0.77,1.31,4.0
1758075091.85924,1758075091.74997,0.0,0.0,0.0,-34.66395,7.96411,-1.08862,10.11,-0.2,1.16,4.0
1758075091.86451,1758075091.75997,0.0,0.0,0.0,-33.00237,11.51645,0.97403,10.11,-0.2,1.16,4.0
1758075091.87969,1758075091.76997,0.0,0.0,0.0,-32.37212,13.5218,2.40642,9.65,0.23,1.03,4.0
1758075091.88084,1758075091.77997,0.0,0.0,0.0,-32.37212,14.66772,3.03668,9.65,0.23,1.03,4.0
1758075091.89643,1758075091.78997,0.0,0.0,0.0,-32.71589,12.77696,2.6929,9.07,0.56,1.24,4.0
1758075091.89766,1758075091.79997,0.0,0.0,0.0,-33.68992,11.11538,1.83346,9.07,0.56,1.24,4.0
1758075091.91794,1758075091.80997,0.0,0.0,0.0,-34.49206,10.8289,0.74485,8.81,0.86,1.19,4.0
1758075091.91989,1758075091.81997,0.0,0.0,0.0,-36.15364,11.63104,-0.85944,8.81,0.86,1.19,4.0
1758075091.93503,1758075091.82997,0.0,0.0,0.0,-36.95578,13.69369,-1.94806,9.08,1.02,1.14,4.0
1758075091.93669,1758075091.83997,0.0,0.0,0.0,-37.64333,15.87093,-2.6929,9.29,1.01,0.96,4.0
1758075091.9552,1758075091.84997,0.0,0.0,0.0,-38.27358,17.6471,-3.60963,9.29,1.01,0.96,4.0
1758075091.9571,1758075091.85997,0.0,0.0,0.0,-38.78925,19.25138,-4.87014,9.25,0.84,0.76,4.0
1758075091.9768,1758075091.86997,0.0,0.0,0.0,-38.56006,18.85031,-5.32851,9.25,0.84,0.76,4.0
1758075091.97766,1758075091.87997,0.0,0.0,0.0,-37.92981,16.95955,-5.21392,9.15,0.54,0.62,4.0
1758075091.99327,1758075091.88997,0.0,0.0,0.0,-37.24226,15.06879,-4.81285,9.15,0.54,0.62,4.0
1758075092.0098,1758075091.89997,0.0,0.0,0.0,-35.12231,12.2613,-3.26586,9.18,0.22,0.46,4.0
1758075092.01195,1758075091.90997,0.0,0.0,0.0,-33.68992,15.24068,-1.71887,9.54,-0.03,0.38,4.0
1758075092.02704,1758075091.91997,0.0,0.0,0.0,-31.16891,23.31938,0.34377,9.54,-0.03,0.38,4.0
1758075092.02822,1758075091.92997,0.0,0.0,0.0,-28.07493,30.13758,2.11994,10.06,-0.27,0.49,4.0
1758075092.04328,1758075091.93997,0.0,0.0,0.0,-23.26209,28.76248,4.18259,10.06,-0.27,0.49,4.0
1758075092.0588,1758075091.94997,0.0,0.0,0.0,-19.88164,18.85031,5.27121,8.9,-0.43,0.55,4.0
1758075092.0603,1758075091.95997,0.0,0.0,0.0,-16.272,8.0787,5.84417,8.9,-0.43,0.55,4.0
1758075092.07509,1758075091.96997,0.0,0.0,0.0,-13.06344,1.03132,7.39116,8.04,-0.44,0.23,4.0
1758075092.0792,1758075091.97997,0.0,0.0,0.0,-9.11003,-2.7502,7.79223,8.64,-0.28,0.38,4.0
1758075092.1007,1758075091.98997,0.0,0.0,0.0,-6.99009,-4.46907,7.84952,8.64,-0.28,0.38,4.0
1758075092.10143,1758075091.99997,0.0,0.0,0.0,-5.50039,-6.99009,7.62034,8.72,-0.01,0.48,4.0
1758075092.11711,1758075092.00997,0.0,0.0,0.0,-4.52637,-9.74028,7.16197,8.72,-0.01,0.48,4.0
1758075092.1185,1758075092.01997,0.0,0.0,0.0,-3.09397,-14.09476,6.99009,8.54,0.17,0.29,4.0
1758075092.1329,1758075092.02997,0.0,0.0,0.0,-2.63561,-16.38659,6.8182,8.54,0.17,0.29,4.0
1758075092.15123,1758075092.03997,0.0,0.0,0.0,-2.6929,-17.24603,6.87549,8.38,0.3,0.09,4.0
1758075092.15271,1758075092.04997,0.0,0.0,0.0,-3.09397,-16.38659,7.62034,8.38,0.3,0.09,4.0
1758075092.1689,1758075092.05997,0.0,0.0,0.0,-3.60963,-14.38124,8.88085,8.62,0.39,0.14,4.0
1758075092.17075,1758075092.06997,0.0,0.0,0.0,-4.18259,-11.80293,10.48513,9.17,0.44,0.17,4.0
1758075092.1859,1758075092.07997,0.0,0.0,0.0,-4.52637,-9.85487,12.49048,9.17,0.44,0.17,4.0
1758075092.18707,1758075092.08997,0.0,0.0,0.0,-4.58366,-9.33921,15.92823,9.5,0.43,0.1,4.0
1758075092.20317,1758075092.09997,0.0,0.0,0.0,-4.23989,-10.54242,17.87628,9.5,0.43,0.1,4.0
1758075092.22106,1758075092.10997,0.0,0.0,0.0,-3.60963,-12.14671,19.70975,9.5,0.31,0.04,4.0
1758075092.22193,1758075092.11997,0.0,0.0,0.0,-2.46372,-13.40721,21.02755,9.5,0.31,0.04,4.0
1758075092.23794,1758075092.12997,0.0,0.0,0.0,-0.74485,-13.5218,22.23076,9.5,0.12,0.05,4.0
1758075092.24474,1758075092.13997,0.0,0.0,0.0,0.40107,-12.60507,22.74642,9.63,-0.03,0.0,4.0
1758075092.26107,1758075092.14997,0.0,0.0,0.0,1.43239,-11.57375,22.91831,9.63,-0.03,0.0,4.0
1758075092.26272,1758075092.15997,0.0,0.0,0.0,2.63561,-9.62569,23.0329,9.68,-0.04,0.05,4.0
1758075092.27905,1758075092.16997,0.0,0.0,0.0,4.23989,-5.78687,22.63183,9.68,-0.04,0.05,4.0
1758075092.28073,1758075092.17997,0.0,0.0,0.0,4.87014,-3.20856,22.40265,9.57,0.11,0.25,4.0
1758075092.29611,1758075092.18997,0.0,0.0,0.0,5.50039,-0.51566,21.7151,9.57,0.11,0.25,4.0
1758075092.29796,1758075092.19997,0.0,0.0,0.0,5.84417,0.34377,21.14215,9.35,0.32,0.4,4.0
1758075092.31401,1758075092.20997,0.0,0.0,0.0,6.07335,0.45837,20.22541,8.94,0.46,0.46,4.0
1758075092.33119,1758075092.21997,0.0,0.0,0.0,6.07335,0.0573,19.70975,8.94,0.46,0.46,4.0
1758075092.33489,1758075092.22997,0.0,0.0,0.0,5.84417,-0.68755,19.13679,8.63,0.51,0.47,4.0
1758075092.35107,1758075092.23997,0.0,0.0,0.0,5.32851,-1.43239,18.62113,8.63,0.51,0.47,4.0
1758075092.35466,1758075092.24997,0.0,0.0,0.0,5.32851,-2.97938,18.62113,8.34,0.54,0.49,4.0
1758075092.37035,1758075092.25997,0.0,0.0,0.0,5.4431,-5.09932,18.62113,8.34,0.54,0.49,4.0
1758075092.3715,1758075092.26997,0.0,0.0,0.0,5.78687,-7.96411,18.56383,7.83,0.55,0.41,4.0
1758075092.38605,1758075092.27997,0.0,0.0,0.0,7.10468,-12.08941,17.81899,7.83,0.55,0.41,4.0
1758075092.38771,1758075092.28997,0.0,0.0,0.0,8.59437,-17.01685,16.67307,7.22,0.47,0.28,4.0
1758075092.4042,1758075092.29997,0.0,0.0,0.0,10.59972,-24.17882,15.06879,6.44,0.36,0.4,4.0
1758075092.42024,1758075092.30997,0.0,0.0,0.0,13.00614,-31.85646,12.77696,6.44,0.36,0.4,4.0
1758075092.42123,1758075092.31997,0.0,0.0,0.0,17.53251,-41.25296,8.02141,6.71,0.05,0.98,4.0
1758075092.4361,1758075092.32997,0.0,0.0,0.0,20.79837,-45.72203,3.20856,6.71,0.05,0.98,4.0
1758075092.43725,1758075092.33997,0.0,0.0,0.0,24.23611,-48.52953,-2.23454,9.07,-0.64,2.4,4.0
1758075092.45409,1758075092.34997,0.0,0.0,0.0,28.41871,-48.24305,-8.25059,9.07,-0.64,2.4,4.0
1758075092.47135,1758075092.35997,0.0,0.0,0.0,37.47144,-40.27893,-17.18874,12.5,-2.23,4.03,4.0
1758075092.4723,1758075092.36997,0.0,0.0,0.0,44.40423,-31.79916,-21.37133,14.23,-4.36,3.22,4.0
1758075092.48742,1758075092.37997,0.0,0.0,0.0,50.99325,-22.97561,-23.49127,14.23,-4.36,3.22,4.0
1758075092.48832,1758075092.38997,0.0,0.0,0.0,56.37905,-18.10547,-23.66316,12.87,-5.64,1.89,4.0
1758075092.50338,1758075092.39997,0.0,0.0,0.0,61.65026,-10.8862,-23.37668,12.87,-5.64,1.89,4.0
1758075092.51912,1758075092.40997,0.0,0.0,0.0,65.77556,0.68755,-20.51189,13.08,-5.32,1.74,4.0
1758075092.52069,1758075092.41997,0.0,0.0,0.0,69.67168,6.7609,-17.93358,13.08,-5.32,1.74,4.0
1758075092.53682,1758075092.42997,0.0,0.0,0.0,73.2813,6.35983,-14.15206,14.94,-4.03,2.12,4.0
1758075092.53793,1758075092.43997,0.0,0.0,0.0,75.97421,1.20321,-12.2613,14.51,-2.36,1.06,4.0
1758075092.55343,1758075092.44997,0.0,0.0,0.0,76.94823,6.35983,-9.91217,14.51,-2.36,1.06,4.0
1758075092.56943,1758075092.45997,0.0,0.0,0.0,76.94823,19.19409,-6.7609,14.62,-0.51,0.69,4.0
1758075092.57074,1758075092.46997,0.0,0.0,0.0,74.42722,40.16434,-1.60428,14.62,-0.51,0.69,4.0
1758075092.5854,1758075092.47997,0.0,0.0,0.0,71.21866,48.12846,1.48969,13.91,0.8,1.33,4.0
1758075092.60144,1758075092.48997,0.0,0.0,0.0,66.97877,48.41494,4.18259,13.91,0.8,1.33,4.0
1758075092.60235,1758075092.49997,0.0,0.0,0.0,61.99404,44.63341,6.41713,12.07,1.58,1.44,4.0
1758075092.61745,1758075092.50997,0.0,0.0,0.0,53.34238,31.97105,6.70361,12.07,1.58,1.19,4.0
1758075092.61941,1758075092.51997,0.0,0.0,0.0,47.61279,29.96569,4.81285,10.93,1.73,1.19,4.0
1758075092.63416,1758075092.52997,0.0,0.0,0.0,42.91454,38.1017,3.66693,11.61,1.23,1.26,4.0
1758075092.65165,1758075092.53997,0.0,0.0,0.0,37.75792,42.51347,1.3751,11.61,1.23,1.26,4.0
1758075092.65317,1758075092.54997,0.0,0.0,0.0,30.30947,37.81522,-2.40642,10.34,0.59,1.59,4.0
1758075092.66847,1758075092.55997,0.0,0.0,0.0,25.89769,30.25217,-4.98473,10.34,0.59,1.59,4.0
1758075092.66939,1758075092.56997,0.0,0.0,0.0,21.7724,21.31403,-7.50575,8.83,0.14,1.42,4.0
1758075092.68827,1758075092.57997,0.0,0.0,0.0,18.90761,13.86558,-9.68299,8.83,0.14,1.42,4.0
1758075092.6894,1758075092.58997,0.0,0.0,0.0,17.01685,8.02141,-11.22997,8.66,-0.09,1.38,4.0
1758075092.70452,1758075092.59997,0.0,0.0,0.0,16.21471,3.49504,-11.34457,8.96,-0.36,1.47,4.0
1758075092.72051,1758075092.60997,0.0,0.0,0.0,15.29797,0.40107,-10.65701,8.96,-0.36,1.47,4.0
1758075092.72142,1758075092.61997,0.0,0.0,0.0,14.78231,-0.45837,-10.02676,9.08,-0.51,1.46,4.0
1758075092.73657,1758075092.62997,0.0,0.0,0.0,14.32395,-0.97403,-8.70896,9.08,-0.51,1.46,4.0
1758075092.73743,1758075092.63997,0.0,0.0,0.0,14.32395,-1.83346,-7.33386,8.86,-0.57,1.16,4.0
1758075092.75356,1758075092.64997,0.0,0.0,0.0,14.32395,0.11459,-5.90147,8.86,-0.57,1.16,4.0
1758075092.77051,1758075092.65997,0.0,0.0,0.0,14.72501,10.8862,-4.18259,8.88,-0.61,1.11,4.0
1758075092.77177,1758075092.66997,0.0,0.0,0.0,14.66772,20.34,-3.49504,9.39,-0.68,1.05,4.0
1758075092.78659,1758075092.67997,0.0,0.0,0.0,14.9542,25.89769,-2.7502,9.39,-0.68,1.05,4.0
1758075092.78781,1758075092.68997,0.0,0.0,0.0,14.78231,26.18417,-2.23454,8.57,-0.71,1.1,4.0
1758075092.8033,1758075092.69997,0.0,0.0,0.0,15.0115,17.87628,-1.77617,8.57,-0.71,1.1,4.0
1758075092.82066,1758075092.70997,0.0,0.0,0.0,14.83961,9.96947,-2.57831,7.66,-0.69,0.91,4.0
1758075092.82153,1758075092.71997,0.0,0.0,0.0,14.43854,4.98473,-3.55234,7.66,-0.69,0.91,4.0
1758075092.83629,1758075092.72997,0.0,0.0,0.0,14.38124,2.34913,-4.64096,8.03,-0.61,0.96,4.0
1758075092.83754,1758075092.73997,0.0,0.0,0.0,14.32395,1.20321,-6.35983,8.72,-0.63,1.1,4.0
1758075092.85363,1758075092.74997,0.0,0.0,0.0,14.32395,0.51566,-7.50575,8.72,-0.63,1.1,4.0
1758075092.86961,1758075092.75997,0.0,0.0,0.0,14.15206,-1.3178,-8.25059,8.83,-0.64,1.07,4.0
1758075092.87214,1758075092.76997,0.0,0.0,0.0,13.86558,-4.18259,-8.99544,8.83,-0.64,1.07,4.0
1758075092.88776,1758075092.77997,0.0,0.0,0.0,13.23533,-9.68299,-9.68299,8.63,-0.59,0.96,4.0
1758075092.8889,1758075092.78997,0.0,0.0,0.0,12.77696,-12.14671,-10.19865,8.63,-0.59,0.96,4.0
1758075092.90365,1758075092.79997,0.0,0.0,0.0,12.08941,-11.80293,-10.25595,8.82,-0.57,0.84,4.0
1758075092.92036,1758075092.80997,0.0,0.0,0.0,11.80293,-10.31324,-10.08406,8.82,-0.57,0.84,4.0
1758075092.9213,1758075092.81997,0.0,0.0,0.0,11.17268,-9.33921,-9.96947,9.35,-0.68,0.79,4.0
1758075092.93665,1758075092.82997,0.0,0.0,0.0,10.59972,-8.42248,-9.96947,9.54,-0.77,0.84,4.0
1758075092.9376,1758075092.83997,0.0,0.0,0.0,10.08406,-7.62034,-10.02676,9.54,-0.77,0.84,4.0
1758075092.95467,1758075092.84997,0.0,0.0,0.0,9.28192,-5.09932,-11.17268,9.78,-0.86,0.67,4.0
1758075092.97064,1758075092.85997,0.0,0.0,0.0,7.84952,-1.14592,-12.08941,9.78,-0.86,0.67,4.0
1758075092.97238,1758075092.86997,0.0,0.0,0.0,6.99009,0.0,-12.89155,9.88,-0.79,0.69,4.0
1758075092.98743,1758075092.87997,0.0,0.0,0.0,5.84417,0.17189,-13.46451,9.88,-0.79,0.69,4.0
1758075092.98865,1758075092.88997,0.0,0.0,0.0,3.60963,-0.68755,-14.09476,9.62,-0.62,0.62,4.0
1758075093.00372,1758075092.89997,0.0,0.0,0.0,2.06265,-1.83346,-14.38124,9.26,-0.42,0.59,4.0
1758075093.01946,1758075092.90997,0.0,0.0,0.0,0.40107,-3.49504,-14.38124,9.26,-0.42,0.59,4.0
1758075093.02072,1758075092.91997,0.0,0.0,0.0,-0.97403,-5.15662,-14.38124,8.97,-0.24,0.68,4.0
1758075093.03569,1758075092.92997,0.0,0.0,0.0,-2.57831,-7.33386,-14.09476,8.97,-0.24,0.68,4.0
1758075093.03745,1758075092.93997,0.0,0.0,0.0,-3.49504,-8.25059,-13.80828,8.74,-0.19,0.78,4.0
1758075093.05356,1758075092.94997,0.0,0.0,0.0,-4.29718,-8.93814,-13.5791,8.74,-0.19,0.78,4.0
1758075093.06955,1758075092.95997,0.0,0.0,0.0,-4.64096,-9.85487,-13.46451,8.59,-0.33,0.76,4.0
1758075093.0715,1758075092.96997,0.0,0.0,0.0,-4.52637,-11.28727,-13.75099,8.39,-0.62,0.71,4.0
1758075093.08652,1758075092.97997,0.0,0.0,0.0,-4.1253,-12.49048,-13.86558,8.39,-0.62,0.71,4.0
1758075093.08774,1758075092.98997,0.0,0.0,0.0,-3.49504,-13.5791,-14.09476,8.06,-1.01,0.58,4.0
1758075093.10382,1758075092.99997,0.0,0.0,0.0,-2.63561,-14.72501,-13.98017,8.06,-1.01,0.58,4.0
1758075093.12082,1758075093.00997,0.0,0.0,0.0,-1.20321,-16.55848,-13.5218,7.65,-1.32,0.52,4.0
1758075093.12171,1758075093.01997,0.0,0.0,0.0,-0.0573,-17.93358,-13.00614,7.65,-1.32,0.52,4.0
1758075093.1368,1758075093.02997,0.0,0.0,0.0,1.14592,-19.13679,-11.97482,7.2,-1.5,0.78,4.0
1758075093.13769,1758075093.03997,0.0,0.0,0.0,2.57831,-22.63183,-10.19865,7.2,-1.5,0.78,4.0
1758075093.15382,1758075093.04997,0.0,0.0,0.0,3.95341,-30.99702,-5.72958,7.45,-1.2,1.49,4.0
1758075093.16982,1758075093.05997,0.0,0.0,0.0,4.29718,-38.1017,-1.60428,9.26,-0.01,2.52,4.0
1758075093.17102,1758075093.06997,0.0,0.0,0.0,3.20856,-47.49821,2.7502,9.26,-0.01,2.52,4.0
1758075093.18566,1758075093.07997,0.0,0.0,0.0,-1.66158,-55.29043,10.65701,11.78,2.07,3.28,4.0
1758075093.20162,1758075093.08997,0.0,0.0,0.0,-6.70361,-53.05589,15.87093,11.78,2.07,3.28,4.0
1758075093.20279,1758075093.09997,0.0,0.0,0.0,-12.71966,-44.23235,20.11082,14.29,4.39,3.0,4.0
1758075093.21763,1758075093.10997,0.0,0.0,0.0,-19.88164,-28.87707,22.86102,14.29,4.39,3.0,4.0
1758075093.21924,1758075093.11997,0.0,0.0,0.0,-33.80451,1.48969,25.15285,16.08,5.9,3.3,4.0
1758075093.23439,1758075093.12997,0.0,0.0,0.0,-44.8053,18.16276,26.24147,17.58,7.15,1.89,4.0
1758075093.25063,1758075093.13997,0.0,0.0,0.0,-55.11855,27.61657,25.61122,17.58,7.15,1.89,4.0
1758075093.25183,1758075093.14997,0.0,0.0,0.0,-62.39511,20.97026,23.37668,14.3,6.19,0.62,4.0
1758075093.26709,1758075093.15997,0.0,0.0,0.0,-71.39055,-6.87549,19.25138,14.3,6.19,0.62,4.0
1758075093.26871,1758075093.16997,0.0,0.0,0.0,-74.88559,-17.93358,14.43854,10.88,3.21,0.99,4.0
1758075093.28538,1758075093.17997,0.0,0.0,0.0,-78.7817,-1.43239,6.70361,10.88,3.21,0.99,4.0
1758075093.30195,1758075093.18997,0.0,0.0,0.0,-79.81302,28.01764,0.11459,14.6,0.87,1.02,4.0
1758075093.30313,1758075093.19997,0.0,0.0,0.0,-75.57314,49.79003,-9.74028,13.88,-0.62,1.38,4.0
1758075093.31801,1758075093.20997,0.0,0.0,0.0,-71.56243,46.40959,-14.66772,13.88,-0.62,1.38,4.0
1758075093.32003,1758075093.21997,0.0,0.0,0.0,-66.69229,37.98711,-17.30333,10.88,-1.13,1.19,4.0
1758075093.3358,1758075093.22997,0.0,0.0,0.0,-60.96271,29.56462,-17.99088,10.88,-1.13,1.19,4.0
1758075093.35171,1758075093.23997,0.0,0.0,0.0,-50.99325,17.93358,-15.35527,10.37,-1.59,1.09,4.0
1758075093.35338,1758075093.24997,0.0,0.0,0.0,-43.65939,12.14671,-11.86023,10.37,-1.59,1.09,4.0
1758075093.36779,1758075093.25997,0.0,0.0,0.0,-37.12767,6.99009,-7.62034,9.71,-1.49,1.35,4.0
1758075093.37083,1758075093.26997,0.0,0.0,0.0,-30.76784,4.52637,-2.00535,9.71,-1.49,1.35,4.0
1758075093.38594,1758075093.27997,0.0,0.0,0.0,-22.91831,4.69825,1.43239,9.07,-1.26,1.72,4.0
1758075093.40192,1758075093.28997,0.0,0.0,0.0,-18.50654,5.61499,4.1253,8.7,-0.85,1.72,4.0
1758075093.40472,1758075093.29997,0.0,0.0,0.0,-14.78231,7.33386,5.90147,8.7,-0.85,1.72,4.0
1758075093.41981,1758075093.30997,0.0,0.0,0.0,-11.00079,6.47442,7.04738,8.63,-0.48,1.78,4.0
1758075093.42171,1758075093.31997,0.0,0.0,0.0,-9.28192,5.72958,7.10468,8.63,-0.48,1.78,4.0
1758075093.43704,1758075093.32997,0.0,0.0,0.0,-8.02141,5.78687,6.53172,8.69,-0.07,1.63,4.0
1758075093.43831,1758075093.33997,0.0,0.0,0.0,-7.04738,6.7609,5.61499,8.69,-0.07,1.63,4.0
1758075093.45389,1758075093.34997,0.0,0.0,0.0,-5.95876,10.8289,4.29718,8.99,0.26,1.37,4.0
1758075093.4708,1758075093.35997,0.0,0.0,0.0,-5.61499,15.06879,3.26586,9.3,0.57,1.08,4.0
1758075093.47199,1758075093.36997,0.0,0.0,0.0,-5.78687,19.13679,2.00535,9.3,0.57,1.08,4.0
1758075093.48706,1758075093.37997,0.0,0.0,0.0,-5.95876,22.51724,1.08862,9.4,0.81,0.99,4.0
1758075093.48797,1758075093.38997,0.0,0.0,0.0,-6.47442,25.55392,-0.34377,9.4,0.81,0.99,4.0
1758075093.50488,1758075093.39997,0.0,0.0,0.0,-6.53172,26.12688,-0.57296,9.44,0.8,0.82,4.0
1758075093.52109,1758075093.40997,0.0,0.0,0.0,-6.7609,27.04361,-0.68755,9.44,0.8,0.82,4.0
1758075093.52195,1758075093.41997,0.0,0.0,0.0,-6.47442,26.81443,-0.22918,9.55,0.67,0.6,4.0
1758075093.53681,1758075093.42997,0.0,0.0,0.0,-5.78687,21.31403,0.85944,9.21,0.43,0.58,4.0
1758075093.53799,1758075093.43997,0.0,0.0,0.0,-4.69825,15.06879,2.29183,9.21,0.43,0.58,4.0
1758075093.55648,1758075093.44997,0.0,0.0,0.0,-4.35448,8.42248,3.38045,8.64,0.24,0.47,4.0
1758075093.57203,1758075093.45997,0.0,0.0,0.0,-4.23989,5.27121,4.1253,8.64,0.24,0.47,4.0
1758075093.57302,1758075093.46997,0.0,0.0,0.0,-1.43239,14.43854,8.136,9.03,0.08,0.25,4.0
1758075093.58787,1758075093.47997,0.0,0.0,0.0,0.0573,17.36062,10.59972,9.03,0.08,0.25,4.0
1758075093.58932,1758075093.48997,0.0,0.0,0.0,1.03132,15.75634,12.49048,8.78,0.01,0.53,4.0
1758075093.60491,1758075093.49997,0.0,0.0,0.0,1.3178,10.59972,15.06879,8.78,0.01,0.53,4.0
1758075093.62111,1758075093.50997,0.0,0.0,0.0,0.74485,7.84952,15.98552,8.42,0.18,0.39,4.0
1758075093.62204,1758075093.51997,0.0,0.0,0.0,-0.34377,5.61499,16.61578,8.8,0.49,0.09,4.0
1758075093.63712,1758075093.52997,0.0,0.0,0.0,-1.77617,2.46372,16.90226,8.8,0.49,0.09,4.0
1758075093.63811,1758075093.53997,0.0,0.0,0.0,-3.66693,-3.38045,17.87628,8.89,0.68,0.12,4.0
1758075093.65618,1758075093.54997,0.0,0.0,0.0,-4.98473,-5.78687,18.56383,8.89,0.68,0.12,4.0
1758075093.67216,1758075093.55997,0.0,0.0,0.0,-6.70361,-7.96411,18.56383,9.01,0.71,0.11,4.0
1758075093.67311,1758075093.56997,0.0,0.0,0.0,-8.65166,-9.96947,18.73572,9.01,0.71,0.11,4.0
1758075093.68908,1758075093.57997,0.0,0.0,0.0,-11.34457,-12.71966,18.33465,8.88,0.76,0.16,4.0
1758075093.68991,1758075093.58997,0.0,0.0,0.0,-13.12073,-13.69369,17.87628,8.71,0.7,0.33,4.0
1758075093.7049,1758075093.59997,0.0,0.0,0.0,-14.66772,-14.66772,17.24603,8.71,0.7,0.33,4.0
1758075093.721,1758075093.60997,0.0,0.0,0.0,-16.21471,-15.75634,16.61578,8.57,0.62,0.45,4.0
1758075093.72268,1758075093.61997,0.0,0.0,0.0,-18.16276,-17.53251,15.87093,8.57,0.62,0.45,4.0
1758075093.73692,1758075093.62997,0.0,0.0,0.0,-19.42327,-17.76169,15.75634,8.72,0.56,0.54,4.0
1758075093.73848,1758075093.63997,0.0,0.0,0.0,-20.16812,-17.47521,15.87093,8.72,0.56,0.54,4.0
1758075093.75396,1758075093.64997,0.0,0.0,0.0,-20.97026,-17.53251,16.3293,9.04,0.51,0.48,4.0
1758075093.76994,1758075093.65997,0.0,0.0,0.0,-21.88699,-17.99088,17.58981,8.99,0.49,0.42,4.0
1758075093.77124,1758075093.66997,0.0,0.0,0.0,-22.05888,-18.56383,18.56383,8.99,0.49,0.42,4.0
1758075093.786,1758075093.67997,0.0,0.0,0.0,-22.28806,-18.73572,19.59516,8.71,0.44,0.47,4.0
1758075093.80196,1758075093.68997,0.0,0.0,0.0,-22.11617,-18.50654,20.51189,8.71,0.44,0.47,4.0
1758075093.8032,1758075093.69997,0.0,0.0,0.0,-21.94428,-18.33465,20.62648,8.35,0.41,0.58,4.0
1758075093.81853,1758075093.70997,0.0,0.0,0.0,-22.00158,-17.81899,20.3973,8.35,0.41,0.58,4.0
1758075093.81919,1758075093.71997,0.0,0.0,0.0,-21.94428,-16.73037,19.88164,8.2,0.45,0.67,4.0
1758075093.83404,1758075093.72997,0.0,0.0,0.0,-21.7724,-14.9542,18.44924,8.2,0.45,0.67,4.0
1758075093.85003,1758075093.73997,0.0,0.0,0.0,-21.7151,-15.12609,16.95955,8.13,0.53,0.8,4.0
1758075093.85155,1758075093.74997,0.0,0.0,0.0,-21.42862,-16.38659,15.58445,7.69,0.6,1.01,4.0
1758075093.86605,1758075093.75997,0.0,0.0,0.0,-21.42862,-18.85031,14.03747,7.69,0.6,1.01,4.0
1758075093.88205,1758075093.76997,0.0,0.0,0.0,-21.48592,-24.80907,11.45916,7.01,0.71,0.96,4.0
1758075093.88365,1758075093.77997,0.0,0.0,0.0,-21.60051,-29.10626,9.62569,7.01,0.71,0.96,4.0
1758075093.89803,1758075093.78997,0.0,0.0,0.0,-21.37133,-32.08564,7.44845,6.52,0.72,1.43,4.0
1758075093.89925,1758075093.79997,0.0,0.0,0.0,-21.31403,-33.11696,4.87014,6.52,0.72,1.43,4.0
1758075093.91407,1758075093.80997,0.0,0.0,0.0,-18.44924,-36.26823,0.57296,7.49,0.18,2.71,4.0
1758075093.93006,1758075093.81997,0.0,0.0,0.0,-17.24603,-42.85724,-4.87014,9.75,-1.21,3.96,4.0
1758075093.9312,1758075093.82997,0.0,0.0,0.0,-10.59972,-59.01466,-7.62034,9.75,-1.21,3.96,4.0
1758075093.94633,1758075093.83997,0.0,0.0,0.0,-2.46372,-68.86953,-12.54778,12.73,-4.26,4.25,4.0
1758075093.96209,1758075093.84997,0.0,0.0,0.0,10.31324,-61.99404,-19.88164,12.73,-4.26,4.25,4.0
1758075093.96379,1758075093.85997,0.0,0.0,0.0,18.85031,-42.28429,-23.37668,15.56,-6.61,1.94,4.0
1758075093.97813,1758075093.86997,0.0,0.0,0.0,27.1582,-16.67307,-25.38203,15.56,-6.61,1.94,4.0
1758075093.9795,1758075093.87997,0.0,0.0,0.0,36.61201,4.98473,-24.4653,16.87,-6.91,1.97,4.0
1758075093.9952,1758075093.88997,0.0,0.0,0.0,49.15978,-1.20321,-23.60586,15.28,-6.82,1.23,4.0
1758075094.0111,1758075093.89997,0.0,0.0,0.0,55.40502,-10.8289,-22.68913,15.28,-6.82,1.23,4.0
1758075094.01271,1758075093.90997,0.0,0.0,0.0,59.53032,-15.98552,-22.40265,14.26,-4.98,0.47,4.0
1758075094.02744,1758075093.91997,0.0,0.0,0.0,66.40582,6.58902,-15.12609,14.26,-4.98,0.47,4.0
1758075094.02872,1758075093.92997,0.0,0.0,0.0,69.27061,28.01764,-8.0787,15.68,-2.03,0.48,4.0
1758075094.04438,1758075093.93997,0.0,0.0,0.0,69.84356,47.44091,-1.03132,15.68,-2.03,0.48,4.0
1758075094.06148,1758075093.94997,0.0,0.0,0.0,69.49979,61.30648,6.35983,14.95,-0.22,1.01,4.0
1758075094.06236,1758075093.95997,0.0,0.0,0.0,66.74959,68.29657,15.64175,14.95,-0.22,1.01,4.0
1758075094.07745,1758075093.96997,0.0,0.0,0.0,63.59832,64.74423,18.73572,13.04,0.55,0.99,4.0
1758075094.07838,1758075093.97997,0.0,0.0,0.0,59.98868,54.08722,19.70975,11.56,0.7,0.87,4.0
1758075094.09418,1758075093.98997,0.0,0.0,0.0,55.34772,42.05511,18.62113,11.56,0.7,0.87,4.0
1758075094.11129,1758075093.99997,0.0,0.0,0.0,48.07116,33.00237,13.46451,10.81,0.43,0.8,4.0
1758075094.11247,1758075094.00997,0.0,0.0,0.0,45.49285,43.88857,11.28727,10.81,0.43,0.8,4.0
1758075094.12748,1758075094.01997,0.0,0.0,0.0,42.34158,48.24305,7.33386,11.75,-0.19,1.29,4.0
1758075094.12919,1758075094.02997,0.0,0.0,0.0,39.3622,45.26366,3.72423,11.75,-0.19,1.29,4.0
1758075094.14521,1758075094.03997,0.0,0.0,0.0,35.06502,31.79916,-1.3178,9.55,-0.57,1.59,4.0
1758075094.16157,1758075094.04997,0.0,0.0,0.0,32.54401,20.34,-4.1253,8.1,-0.71,1.18,4.0
1758075094.16244,1758075094.05997,0.0,0.0,0.0,31.11161,12.2613,-6.24524,8.1,-0.71,1.18,4.0
1758075094.17757,1758075094.06997,0.0,0.0,0.0,30.59595,7.84952,-7.16197,8.3,-0.66,1.28,4.0
1758075094.17846,1758075094.07997,0.0,0.0,0.0,30.19488,1.60428,-6.8182,8.3,-0.66,1.28,4.0
1758075094.19459,1758075094.08997,0.0,0.0,0.0,29.8511,-2.06265,-5.84417,8.57,-0.62,1.5,4.0
1758075094.21057,1758075094.09997,0.0,0.0,0.0,29.10626,-4.29718,-4.69825,8.57,-0.62,1.5,4.0
1758075094.21146,1758075094.10997,0.0,0.0,0.0,28.24682,-5.61499,-2.6929,8.69,-0.53,1.44,4.0
1758075094.22625,1758075094.11997,0.0,0.0,0.0,27.67386,-6.35983,-1.48969,8.65,-0.56,1.34,4.0
1758075094.24253,1758075094.12997,0.0,0.0,0.0,27.1582,-5.27121,-0.34377,8.65,-0.56,1.34,4.0
1758075094.2438,1758075094.13997,0.0,0.0,0.0,26.81443,-3.03668,0.57296,8.78,-0.77,1.29,4.0
1758075094.25856,1758075094.14997,0.0,0.0,0.0,26.47065,1.77617,1.14592,8.78,-0.77,1.29,4.0
1758075094.25979,1758075094.15997,0.0,0.0,0.0,26.06958,5.4431,0.85944,8.99,-1.02,1.29,4.0
1758075094.27453,1758075094.16997,0.0,0.0,0.0,25.7831,10.37054,0.11459,8.99,-1.02,1.29,4.0
1758075094.2906,1758075094.17997,0.0,0.0,0.0,25.15285,13.86558,-1.08862,9.19,-1.13,1.25,4.0
1758075094.29184,1758075094.18997,0.0,0.0,0.0,24.29341,15.0115,-2.57831,8.8,-1.13,1.25,4.0
1758075094.30658,1758075094.19997,0.0,0.0,0.0,23.20479,12.08941,-3.95341,8.8,-1.05,1.25,4.0
1758075094.3226,1758075094.20997,0.0,0.0,0.0,22.00158,8.88085,-4.98473,8.15,-0.79,1.07,4.0
1758075094.32296,1758075094.21997,0.0,0.0,0.0,20.74107,6.87549,-5.90147,8.15,-0.79,1.07,4.0
1758075094.3384,1758075094.22997,0.0,0.0,0.0,19.42327,7.79223,-7.10468,8.36,-0.56,0.9,4.0
1758075094.33957,1758075094.23997,0.0,0.0,0.0,18.79302,9.33921,-7.67763,8.36,-0.56,0.9,4.0
1758075094.35438,1758075094.24997,0.0,0.0,0.0,18.44924,10.08406,-7.84952,8.72,-0.56,0.99,4.0
1758075094.37042,1758075094.25997,0.0,0.0,0.0,18.44924,10.31324,-8.0787,8.72,-0.56,0.99,4.0
1758075094.37209,1758075094.26997,0.0,0.0,0.0,18.79302,10.19865,-8.42248,8.77,-0.77,0.89,4.0
1758075094.38663,1758075094.27997,0.0,0.0,0.0,19.07949,10.02676,-8.93814,8.84,-1.03,0.8,4.0
1758075094.40268,1758075094.28997,0.0,0.0,0.0,19.59516,9.4538,-9.4538,8.84,-1.03,0.8,4.0
1758075094.40312,1758075094.29997,0.0,0.0,0.0,20.11082,8.70896,-10.02676,8.92,-1.29,0.72,4.0
1758075094.41866,1758075094.30997,0.0,0.0,0.0,20.79837,7.33386,-11.11538,8.92,-1.29,0.72,4.0
1758075094.42041,1758075094.31997,0.0,0.0,0.0,21.31403,6.24524,-11.74564,9.01,-1.44,0.64,4.0
1758075094.43536,1758075094.32997,0.0,0.0,0.0,21.48592,4.69825,-12.37589,9.01,-1.44,0.64,4.0
1758075094.45225,1758075094.33997,0.0,0.0,0.0,21.60051,3.20856,-13.06344,8.93,-1.45,0.67,4.0
1758075094.45283,1758075094.34997,0.0,0.0,0.0,21.60051,2.86479,-13.40721,8.96,-1.36,0.84,4.0
1758075094.47127,1758075094.35997,0.0,0.0,0.0,21.60051,2.29183,-13.46451,8.96,-1.36,0.84,4.0
1758075094.47263,1758075094.36997,0.0,0.0,0.0,21.31403,1.3751,-13.69369,9.03,-1.17,1.01,4.0
1758075094.48769,1758075094.37997,0.0,0.0,0.0,20.79837,-0.80214,-14.03747,9.03,-1.17,1.01,4.0
1758075094.4886,1758075094.38997,0.0,0.0,0.0,20.45459,-2.29183,-14.38124,9.13,-0.99,1.0,4.0
1758075094.50375,1758075094.39997,0.0,0.0,0.0,19.76705,-3.20856,-14.9542,9.13,-0.99,1.0,4.0
1758075094.52077,1758075094.40997,0.0,0.0,0.0,18.9649,-4.46907,-15.75634,9.28,-0.87,0.99,4.0
1758075094.52243,1758075094.41997,0.0,0.0,0.0,17.6471,-6.07335,-17.53251,9.23,-0.79,1.01,4.0
1758075094.53772,1758075094.42997,0.0,0.0,0.0,16.84496,-7.39116,-18.50654,9.23,-0.79,1.01,4.0
1758075094.53874,1758075094.43997,0.0,0.0,0.0,15.92823,-8.47978,-19.76705,8.98,-0.79,0.94,4.0
1758075094.55346,1758075094.44997,0.0,0.0,0.0,15.0115,-9.74028,-20.68378,8.98,-0.79,0.94,4.0
1758075094.5695,1758075094.45997,0.0,0.0,0.0,13.86558,-11.00079,-21.60051,8.69,-0.87,0.94,4.0
1758075094.57102,1758075094.46997,0.0,0.0,0.0,13.23533,-11.45916,-21.7151,8.69,-0.87,0.94,4.0
1758075094.58575,1758075094.47997,0.0,0.0,0.0,12.60507,-11.86023,-21.6578,8.51,-1.01,0.9,4.0
1758075094.5871,1758075094.48997,0.0,0.0,0.0,12.2613,-13.46451,-20.97026,8.51,-1.01,0.9,4.0
1758075094.60207,1758075094.49997,0.0,0.0,0.0,12.204,-16.50119,-19.76705,8.2,-1.18,0.85,4.0
1758075094.61762,1758075094.50997,0.0,0.0,0.0,12.54778,-17.93358,-18.79302,7.86,-1.32,0.75,4.0
1758075094.61898,1758075094.51997,0.0,0.0,0.0,13.06344,-19.48057,-17.58981,7.86,-1.32,0.75,4.0
1758075094.63388,1758075094.52997,0.0,0.0,0.0,14.20935,-22.05888,-15.75634,7.36,-1.4,0.73,4.0
1758075094.64961,1758075094.53997,0.0,0.0,0.0,15.24068,-25.8404,-14.38124,7.36,-1.4,0.73,4.0
1758075094.65074,1758075094.54997,0.0,0.0,0.0,16.50119,-29.33544,-12.37589,7.27,-1.26,1.44,4.0
1758075094.66587,1758075094.55997,0.0,0.0,0.0,17.36062,-33.23156,-9.91217,7.27,-1.26,1.44,4.0
1758075094.66676,1758075094.56997,0.0,0.0,0.0,17.99088,-41.13837,-4.58366,8.46,-0.35,2.73,4.0
1758075094.68216,1758075094.57997,0.0,0.0,0.0,16.84496,-46.2377,0.17189,11.13,1.36,3.79,4.0
1758075094.69761,1758075094.58997,0.0,0.0,0.0,13.34992,-54.08722,4.98473,11.13,1.36,3.79,4.0
1758075094.69881,1758075094.59997,0.0,0.0,0.0,7.84952,-58.26981,9.85487,13.43,4.09,3.61,4.0
1758075094.71384,1758075094.60997,0.0,0.0,0.0,-2.7502,-53.97263,15.06879,13.43,4.09,3.61,4.0
1758075094.72986,1758075094.61997,0.0,0.0,0.0,-10.19865,-43.77398,16.21471,13.94,5.86,2.41,4.0
1758075094.73125,1758075094.62997,0.0,0.0,0.0,-17.93358,-28.64789,15.46986,13.94,5.86,2.41,4.0
1758075094.74586,1758075094.63997,0.0,0.0,0.0,-26.47065,-9.85487,13.5218,13.75,5.76,2.46,4.0
1758075094.74722,1758075094.64997,0.0,0.0,0.0,-40.96649,15.75634,8.88085,15.16,5.77,2.25,4.0
1758075094.76288,1758075094.65997,0.0,0.0,0.0,-51.16513,25.55392,5.90147,15.16,5.77,2.25,4.0
1758075094.7786,1758075094.66997,0.0,0.0,0.0,-57.41038,21.42862,2.86479,13.87,5.0,1.0,4.0
1758075094.77987,1758075094.67997,0.0,0.0,0.0,-63.65561,1.60428,0.74485,13.87,5.0,1.0,4.0
1758075094.79467,1758075094.68997,0.0,0.0,0.0,-65.83286,-21.60051,-3.49504,11.05,2.9,0.87,4.0
1758075094.81093,1758075094.69997,0.0,0.0,0.0,-68.29657,-8.76626,-7.21927,11.05,2.9,0.87,4.0
1758075094.81213,1758075094.70997,0.0,0.0,0.0,-68.58305,17.76169,-9.5684,14.56,0.96,0.97,4.0
1758075094.82691,1758075094.71997,0.0,0.0,0.0,-65.54638,35.2942,-11.63104,14.56,0.96,0.97,4.0
1758075094.8287,1758075094.72997,0.0,0.0,0.0,-59.35843,37.29956,-13.5218,14.03,-0.3,1.5,4.0
1758075094.84505,1758075094.73997,0.0,0.0,0.0,-54.60288,28.41871,-13.5791,10.87,-0.67,1.54,4.0
1758075094.86081,1758075094.74997,0.0,0.0,0.0,-49.50356,19.25138,-13.17803,10.87,-0.67,1.54,4.0
1758075094.86273,1758075094.75997,0.0,0.0,0.0,-40.50812,7.67763,-10.71431,10.39,-1.04,1.23,4.0
1758075094.87802,1758075094.76997,0.0,0.0,0.0,-33.46074,1.94806,-8.36518,10.39,-1.04,1.23,4.0
1758075094.8792,1758075094.77997,0.0,0.0,0.0,-27.50197,-2.11994,-6.18794,9.98,-0.98,1.52,4.0
1758075094.89396,1758075094.78997,0.0,0.0,0.0,-21.14215,-4.23989,-3.83882,9.98,-0.98,1.52,4.0
1758075094.90999,1758075094.79997,0.0,0.0,0.0,-13.34992,-3.72423,-1.08862,9.45,-0.76,1.77,4.0
1758075094.9117,1758075094.80997,0.0,0.0,0.0,-8.65166,-1.3178,0.40107,9.29,-0.43,1.69,4.0
1758075094.92683,1758075094.81997,0.0,0.0,0.0,-4.92744,1.66158,1.14592,9.29,-0.43,1.69,4.0
1758075094.92833,1758075094.82997,0.0,0.0,0.0,-1.77617,4.64096,1.60428,9.28,-0.12,1.64,4.0
1758075094.94282,1758075094.83997,0.0,0.0,0.0,1.66158,5.84417,1.20321,9.28,-0.12,1.64,4.0
1758075094.95906,1758075094.84997,0.0,0.0,0.0,3.32316,5.15662,0.34377,9.03,0.17,1.42,4.0
1758075094.96108,1758075094.85997,0.0,0.0,0.0,4.35448,5.32851,-0.0573,9.03,0.17,1.42,4.0
1758075094.97608,1758075094.86997,0.0,0.0,0.0,5.09932,6.7609,-0.57296,9.09,0.44,1.18,4.0
1758075094.97699,1758075094.87997,0.0,0.0,0.0,5.95876,10.37054,-0.51566,9.3,0.63,0.96,4.0
1758075094.99307,1758075094.88997,0.0,0.0,0.0,6.18794,12.77696,-0.17189,9.3,0.63,0.96,4.0
1758075095.00887,1758075094.89997,0.0,0.0,0.0,6.41713,14.66772,0.51566,9.25,0.74,0.91,4.0
1758075095.01003,1758075094.90997,0.0,0.0,0.0,6.47442,16.38659,1.60428,9.25,0.74,0.91,4.0
1758075095.02501,1758075094.91997,0.0,0.0,0.0,6.58902,19.19409,3.32316,9.31,0.77,0.87,4.0
1758075095.04087,1758075094.92997,0.0,0.0,0.0,6.70361,19.70975,4.58366,9.31,0.77,0.87,4.0
1758075095.04239,1758075094.93997,0.0,0.0,0.0,7.16197,18.10547,5.90147,9.32,0.76,0.83,4.0
1758075095.05686,1758075094.94997,0.0,0.0,0.0,7.73493,15.69904,8.0787,9.32,0.76,0.83,4.0
1758075095.05837,1758075094.95997,0.0,0.0,0.0,8.42248,10.54242,9.5684,9.15,0.71,0.67,4.0
1758075095.07314,1758075094.96997,0.0,0.0,0.0,8.99544,7.62034,10.8289,9.04,0.57,0.49,4.0
1758075095.08914,1758075094.97997,0.0,0.0,0.0,10.02676,11.63104,12.37589,9.04,0.57,0.49,4.0
1758075095.09036,1758075094.98997,0.0,0.0,0.0,12.14671,26.18417,15.29797,9.95,0.41,0.42,4.0
1758075095.10511,1758075094.99997,0.0,0.0,0.0,13.40721,31.62727,16.3293,9.95,0.41,0.42,4.0
1758075095.12116,1758075095.00997,0.0,0.0,0.0,14.32395,33.05967,17.53251,9.38,0.23,0.73,4.0
1758075095.12285,1758075095.01997,0.0,0.0,0.0,15.0115,29.33544,17.99088,9.38,0.23,0.73,4.0
1758075095.1387,1758075095.02997,0.0,0.0,0.0,15.98552,19.19409,18.62113,8.53,0.16,0.63,4.0
1758075095.14104,1758075095.03997,0.0,0.0,0.0,16.50119,11.74564,19.42327,8.29,0.17,0.38,4.0
1758075095.15616,1758075095.04997,0.0,0.0,0.0,16.95955,4.92744,20.16812,8.29,0.17,0.38,4.0
1758075095.15712,1758075095.05997,0.0,0.0,0.0,17.53251,-0.40107,21.08485,8.49,0.23,0.43,4.0
1758075095.17405,1758075095.06997,0.0,0.0,0.0,18.10547,-7.62034,22.51724,8.49,0.23,0.43,4.0
1758075095.19109,1758075095.07997,0.0,0.0,0.0,18.16276,-11.28727,23.20479,8.53,0.35,0.57,4.0
1758075095.19196,1758075095.08997,0.0,0.0,0.0,17.99088,-14.15206,23.49127,8.53,0.35,0.57,4.0
1758075095.20688,1758075095.09997,0.0,0.0,0.0,17.81899,-17.13144,23.72045,8.5,0.47,0.58,4.0
1758075095.20815,1758075095.10997,0.0,0.0,0.0,17.18874,-19.59516,23.0329,8.62,0.58,0.55,4.0
1758075095.22337,1758075095.11997,0.0,0.0,0.0,16.55848,-20.3973,22.51724,8.62,0.58,0.55,4.0
1758075095.23899,1758075095.12997,0.0,0.0,0.0,15.92823,-20.68378,21.88699,8.88,0.65,0.6,4.0
1758075095.24095,1758075095.13997,0.0,0.0,0.0,15.12609,-20.45459,21.37133,8.88,0.65,0.6,4.0
1758075095.25625,1758075095.14997,0.0,0.0,0.0,13.80828,-17.99088,21.37133,9.22,0.73,0.55,4.0
1758075095.25719,1758075095.15997,0.0,0.0,0.0,13.12073,-15.46986,21.88699,9.22,0.73,0.55,4.0
1758075095.27401,1758075095.16997,0.0,0.0,0.0,12.49048,-13.12073,22.34536,9.45,0.69,0.5,4.0
1758075095.29126,1758075095.17997,0.0,0.0,0.0,11.97482,-10.37054,23.37668,9.45,0.69,0.5,4.0
1758075095.29261,1758075095.18997,0.0,0.0,0.0,11.80293,-9.39651,24.00693,9.37,0.52,0.47,4.0
1758075095.30729,1758075095.19997,0.0,0.0,0.0,11.91752,-8.99544,24.5226,9.13,0.36,0.4,4.0
1758075095.3109,1758075095.20997,0.0,0.0,0.0,12.2613,-9.22462,24.63719,9.13,0.36,0.4,4.0
1758075095.32603,1758075095.21997,0.0,0.0,0.0,13.17803,-10.08406,24.23611,8.84,0.26,0.45,4.0
1758075095.32752,1758075095.22997,0.0,0.0,0.0,14.20935,-10.65701,23.54857,8.84,0.26,0.45,4.0
1758075095.3453,1758075095.23997,0.0,0.0,0.0,15.46986,-11.22997,22.91831,8.78,0.23,0.48,4.0
1758075095.36127,1758075095.24997,0.0,0.0,0.0,16.90226,-11.63104,22.05888,8.78,0.23,0.48,4.0
1758075095.36248,1758075095.25997,0.0,0.0,0.0,19.48057,-12.77696,21.31403,8.86,0.21,0.33,4.0
1758075095.37736,1758075095.26997,0.0,0.0,0.0,21.37133,-13.5218,20.85567,8.65,0.09,0.09,4.0
1758075095.37851,1758075095.27997,0.0,0.0,0.0,23.20479,-14.78231,20.62648,8.65,0.09,0.09,4.0
1758075095.39361,1758075095.28997,0.0,0.0,0.0,25.09555,-17.30333,20.22541,7.93,-0.04,-0.04,4.0
1758075095.4094,1758075095.29997,0.0,0.0,0.0,27.78845,-20.74107,19.99623,7.93,-0.04,-0.04,4.0
1758075095.41028,1758075095.30997,0.0,0.0,0.0,29.56462,-22.34536,19.42327,7.12,-0.18,-0.12,4.0
1758075095.4254,1758075095.31997,0.0,0.0,0.0,31.28349,-23.83505,18.73572,7.12,-0.18,-0.12,4.0
1758075095.44116,1758075095.32997,0.0,0.0,0.0,33.17426,-24.63719,17.81899,6.82,-0.29,0.3,4.0
1758075095.44556,1758075095.33997,0.0,0.0,0.0,36.95578,-27.38738,14.83961,7.66,-0.55,1.73,4.0
1758075095.46105,1758075095.34997,0.0,0.0,0.0,39.76327,-29.33544,12.60507,7.66,-0.55,1.73,4.0
1758075095.46231,1758075095.35997,0.0,0.0,0.0,42.97184,-30.53865,10.37054,10.01,-1.26,3.03,4.0
1758075095.47739,1758075095.36997,0.0,0.0,0.0,48.41494,-34.43476,7.04738,10.01,-1.26,3.03,4.0
1758075095.47833,1758075095.37997,0.0,0.0,0.0,51.85268,-50.53488,4.52637,11.08,-2.73,3.53,4.0
1758075095.49337,1758075095.38997,0.0,0.0,0.0,56.78012,-55.40502,1.83346,11.08,-2.73,3.53,4.0
1758075095.5094,1758075095.39997,0.0,0.0,0.0,61.1346,-48.58683,-1.43239,12.41,-3.87,2.73,4.0
1758075095.51139,1758075095.40997,0.0,0.0,0.0,68.86953,-27.10091,-5.72958,12.41,-3.87,2.73,4.0
1758075095.52638,1758075095.41997,0.0,0.0,0.0,75.85962,-13.5791,-8.70896,15.23,-4.13,2.67,4.0
1758075095.52743,1758075095.42997,0.0,0.0,0.0,82.67782,-13.23533,-12.14671,16.99,-4.07,2.44,4.0
1758075095.54313,1758075095.43997,0.0,0.0,0.0,88.00632,-23.54857,-18.10547,16.99,-4.07,2.44,4.0
1758075095.56037,1758075095.44997,0.0,0.0,0.0,92.70457,-24.98096,-24.29341,14.99,-2.85,0.28,4.0
1758075095.56134,1758075095.45997,0.0,0.0,0.0,94.88181,-14.15206,-23.31938,14.99,-2.85,0.28,4.0
1758075095.57642,1758075095.46997,0.0,0.0,0.0,96.42879,2.57831,-20.16812,14.72,-0.93,0.11,4.0
1758075095.57735,1758075095.47997,0.0,0.0,0.0,97.05905,19.70975,-15.12609,14.72,-0.93,0.11,4.0
1758075095.59342,1758075095.48997,0.0,0.0,0.0,94.36616,31.51268,-5.78687,14.41,0.21,1.12,4.0
1758075095.60945,1758075095.49997,0.0,0.0,0.0,91.38677,25.43933,0.74485,12.37,1.09,1.09,4.0
1758075095.61067,1758075095.50997,0.0,0.0,0.0,87.43336,16.67307,5.27121,12.37,1.09,1.09,4.0
1758075095.6252,1758075095.51997,0.0,0.0,0.0,82.39134,9.62569,7.44845,12.05,1.71,0.45,4.0
1758075095.64149,1758075095.52997,0.0,0.0,0.0,74.14074,17.6471,7.84952,12.05,1.71,0.45,4.0
1758075095.64268,1758075095.53997,0.0,0.0,0.0,70.24463,29.73651,7.21927,13.23,1.63,0.46,4.0
1758075095.65746,1758075095.54997,0.0,0.0,0.0,66.17663,32.20023,4.87014,13.23,1.63,0.46,4.0
1758075095.65946,1758075095.55997,0.0,0.0,0.0,62.39511,26.98631,0.22918,11.21,0.91,0.99,4.0
1758075095.67451,1758075095.56997,0.0,0.0,0.0,57.58226,16.55848,-2.97938,9.37,0.57,0.85,4.0
1758075095.69051,1758075095.57997,0.0,0.0,0.0,55.23313,12.14671,-5.72958,9.37,0.57,0.85,4.0
1758075095.69169,1758075095.58997,0.0,0.0,0.0,53.91533,9.39651,-7.44845,9.22,0.3,1.01,4.0
1758075095.70622,1758075095.59997,0.0,0.0,0.0,53.39967,5.4431,-8.136,9.22,0.3,1.01,4.0
1758075095.70743,1758075095.60997,0.0,0.0,0.0,53.51426,2.29183,-7.84952,9.04,0.0,1.05,4.0
1758075095.72347,1758075095.61997,0.0,0.0,0.0,54.14451,-0.34377,-6.47442,9.04,0.0,1.05,4.0
1758075095.73932,1758075095.62997,0.0,0.0,0.0,55.11855,-2.63561,-4.92744,9.02,-0.25,1.09,4.0
1758075095.74128,1758075095.63997,0.0,0.0,0.0,56.37905,-2.06265,-2.34913,9.02,-0.25,1.06,4.0
1758075095.75637,1758075095.64997,0.0,0.0,0.0,57.58226,-0.97403,-0.17189,9.2,-0.52,1.06,4.0
1758075095.75749,1758075095.65997,0.0,0.0,0.0,58.67088,-0.51566,1.66158,8.95,-0.77,1.0,4.0
1758075095.77362,1758075095.66997,0.0,0.0,0.0,59.75951,1.03132,3.32316,8.95,-0.77,1.0,4.0
1758075095.78962,1758075095.67997,0.0,0.0,0.0,61.36378,2.86479,5.72958,8.68,-0.93,0.79,4.0
1758075095.79162,1758075095.68997,0.0,0.0,0.0,62.16592,2.92208,6.24524,8.68,-0.93,0.79,4.0
1758075095.80633,1758075095.69997,0.0,0.0,0.0,62.96807,4.0107,7.10468,8.38,-0.96,0.66,4.0
1758075095.80753,1758075095.70997,0.0,0.0,0.0,63.19725,8.88085,5.90147,8.38,-0.96,0.66,4.0
1758075095.82363,1758075095.71997,0.0,0.0,0.0,62.91077,16.21471,4.29718,8.64,-0.8,0.5,4.0
1758075095.83934,1758075095.72997,0.0,0.0,0.0,62.68159,19.88164,3.95341,8.78,-0.52,0.55,4.0
1758075095.84132,1758075095.73997,0.0,0.0,0.0,61.65026,18.27736,2.6929,8.78,-0.52,0.55,4.0
1758075095.85658,1758075095.74997,0.0,0.0,0.0,60.44705,15.29797,1.48969,8.24,-0.28,0.32,4.0
1758075095.8576,1758075095.75997,0.0,0.0,0.0,58.78547,11.00079,0.22918,8.24,-0.28,0.32,4.0
1758075095.87363,1758075095.76997,0.0,0.0,0.0,57.81144,9.22462,-0.45837,8.58,-0.17,0.26,4.0
1758075095.89015,1758075095.77997,0.0,0.0,0.0,56.83742,8.70896,-1.14592,8.58,-0.17,0.26,4.0
1758075095.89164,1758075095.78997,0.0,0.0,0.0,55.57691,7.96411,-1.60428,9.14,-0.24,0.17,4.0
1758075095.90638,1758075095.79997,0.0,0.0,0.0,54.48829,5.50039,-1.71887,9.15,-0.37,0.19,4.0
1758075095.90787,1758075095.80997,0.0,0.0,0.0,53.51426,3.72423,-1.94806,9.15,-0.37,0.19,4.0
1758075095.92366,1758075095.81997,0.0,0.0,0.0,52.36834,2.40642,-1.77617,8.96,-0.52,0.26,4.0
1758075095.93969,1758075095.82997,0.0,0.0,0.0,50.64947,0.85944,-1.08862,8.96,-0.52,0.26,4.0
1758075095.9414,1758075095.83997,0.0,0.0,0.0,49.38896,1.3751,-0.17189,8.79,-0.62,0.35,4.0
1758075095.95654,1758075095.84997,0.0,0.0,0.0,48.30034,1.3178,0.74485,8.79,-0.62,0.35,4.0
1758075095.95758,1758075095.85997,0.0,0.0,0.0,46.86795,1.77617,1.60428,8.81,-0.68,0.45,4.0
1758075095.97371,1758075095.86997,0.0,0.0,0.0,44.86259,1.66158,2.34913,8.9,-0.68,0.53,4.0
1758075095.9897,1758075095.87997,0.0,0.0,0.0,43.60209,1.20321,2.06265,8.9,-0.69,0.53,4.0
1758075095.9914,1758075095.88997,0.0,0.0,0.0,42.1124,1.20321,1.48969,8.88,-0.71,0.48,4.0
1758075096.00645,1758075095.89997,0.0,0.0,0.0,40.68,1.43239,0.57296,8.88,-0.71,0.48,4.0
1758075096.00802,1758075095.90997,0.0,0.0,0.0,38.73195,1.43239,-0.85944,8.91,-0.77,0.41,4.0
1758075096.0238,1758075095.91997,0.0,0.0,0.0,37.47144,1.71887,-2.34913,8.91,-0.77,0.41,4.0
1758075096.03979,1758075095.92997,0.0,0.0,0.0,36.7266,0.11459,-3.66693,8.85,-0.87,0.33,4.0
1758075096.04074,1758075095.93997,0.0,0.0,0.0,36.15364,-1.48969,-5.15662,8.85,-0.87,0.33,4.0
1758075096.05577,1758075095.94997,0.0,0.0,0.0,35.63798,-3.09397,-7.04738,8.71,-1.01,0.21,4.0
1758075096.07178,1758075095.95997,0.0,0.0,0.0,35.69527,-4.58366,-7.84952,8.53,-1.22,0.29,4.0
1758075096.07273,1758075095.96997,0.0,0.0,0.0,35.98175,-6.53172,-8.59437,8.53,-1.22,0.29,4.0
1758075096.08781,1758075095.97997,0.0,0.0,0.0,36.15364,-8.0787,-8.93814,8.27,-1.3,0.4,4.0
1758075096.08874,1758075095.98997,0.0,0.0,0.0,36.32552,-10.48513,-8.70896,8.27,-1.3,0.4,4.0
1758075096.10348,1758075095.99997,0.0,0.0,0.0,36.38282,-11.57375,-8.25059,7.96,-1.28,0.35,4.0
1758075096.1196,1758075096.00997,0.0,0.0,0.0,36.32552,-12.54778,-7.62034,7.96,-1.28,0.35,4.0
1758075096.12074,1758075096.01997,0.0,0.0,0.0,36.03905,-14.43854,-6.47442,7.63,-1.19,0.45,4.0
1758075096.13586,1758075096.02997,0.0,0.0,0.0,35.75257,-15.24068,-5.72958,7.6,-1.03,1.07,4.0
1758075096.15182,1758075096.03997,0.0,0.0,0.0,35.92446,-17.6471,-5.21392,7.6,-1.03,1.07,4.0
1758075096.15323,1758075096.04997,0.0,0.0,0.0,35.69527,-21.7724,-4.69825,8.02,-0.41,1.76,4.0
1758075096.16778,1758075096.05997,0.0,0.0,0.0,34.66395,-26.41335,-2.23454,8.02,-0.41,1.76,4.0
1758075096.16878,1758075096.06997,0.0,0.0,0.0,33.40344,-25.38203,0.68755,10.01,1.04,2.67,4.0
1758075096.18358,1758075096.07997,0.0,0.0,0.0,30.76784,-22.28806,4.64096,10.01,1.04,2.67,4.0
1758075096.19988,1758075096.08997,0.0,0.0,0.0,27.04361,-18.9649,9.5684,13.05,3.05,3.06,4.0
1758075096.20121,1758075096.09997,0.0,0.0,0.0,18.9649,-10.94349,17.01685,14.84,5.12,2.44,4.0
1758075096.21585,1758075096.10997,0.0,0.0,0.0,12.83425,-1.66158,20.79837,14.84,5.12,2.44,4.0
1758075096.23188,1758075096.11997,0.0,0.0,0.0,6.58902,9.11003,22.51724,14.45,5.62,1.04,4.0
1758075096.23281,1758075096.12997,0.0,0.0,0.0,0.34377,20.51189,21.14215,14.45,5.62,1.04,4.0
1758075096.24785,1758075096.13997,0.0,0.0,0.0,-9.22462,36.84119,15.06879,12.46,4.38,1.01,4.0
1758075096.24882,1758075096.14997,0.0,0.0,0.0,-15.41257,47.38361,8.47978,12.46,4.38,1.01,4.0
1758075096.26392,1758075096.15997,0.0,0.0,0.0,-21.42862,57.41038,1.94806,13.93,3.49,2.73,4.0
1758075096.27991,1758075096.16997,0.0,0.0,0.0,-27.04361,60.61894,-2.29183,13.93,3.49,2.73,4.0
1758075096.28111,1758075096.17997,0.0,0.0,0.0,-30.65324,43.88857,-4.98473,16.13,3.61,1.12,4.0
1758075096.29593,1758075096.18997,0.0,0.0,0.0,-32.42941,20.05352,-3.95341,13.65,2.94,1.1,4.0
1758075096.29756,1758075096.19997,0.0,0.0,0.0,-33.17426,13.98017,-2.86479,13.65,2.94,1.1,4.0
1758075096.31364,1758075096.20997,0.0,0.0,0.0,-27.73116,23.72045,1.71887,13.89,1.27,1.02,4.0
1758075096.32993,1758075096.21997,0.0,0.0,0.0,-24.17882,37.12767,2.7502,13.89,1.27,1.02,4.0
1758075096.33131,1758075096.22997,0.0,0.0,0.0,-21.60051,34.60666,2.40642,12.13,0.25,1.82,4.0
1758075096.34571,1758075096.23997,0.0,0.0,0.0,-18.9649,21.25674,0.85944,12.13,0.25,1.82,4.0
1758075096.36276,1758075096.24997,0.0,0.0,0.0,-13.98017,-2.57831,-2.7502,8.77,-0.06,1.13,4.0
1758075096.36407,1758075096.25997,0.0,0.0,0.0,-9.74028,-13.98017,-4.87014,8.33,-0.44,1.21,4.0
1758075096.37897,1758075096.26997,0.0,0.0,0.0,-5.84417,-19.19409,-6.13065,8.33,-0.44,1.21,4.0
1758075096.3807,1758075096.27997,0.0,0.0,0.0,-1.94806,-16.61578,-7.04738,9.58,-0.6,1.4,4.0
1758075096.39603,1758075096.28997,0.0,0.0,0.0,2.92208,-5.09932,-7.21927,9.58,-0.6,1.4,4.0
1758075096.41205,1758075096.29997,0.0,0.0,0.0,6.07335,4.98473,-6.99009,10.23,-0.39,1.73,4.0
1758075096.41315,1758075096.30997,0.0,0.0,0.0,8.36518,15.41257,-6.47442,10.23,-0.39,1.73,4.0
1758075096.42777,1758075096.31997,0.0,0.0,0.0,9.85487,25.7831,-5.32851,9.93,0.11,1.71,4.0
1758075096.42889,1758075096.32997,0.0,0.0,0.0,11.51645,32.37212,-3.03668,9.14,0.57,1.69,4.0
1758075096.44402,1758075096.33997,0.0,0.0,0.0,11.91752,31.11161,-1.3178,9.14,0.57,1.69,4.0
1758075096.45978,1758075096.34997,0.0,0.0,0.0,11.63104,27.67386,0.11459,8.56,0.8,1.56,4.0
1758075096.46092,1758075096.35997,0.0,0.0,0.0,10.8289,23.26209,0.97403,8.56,0.8,1.56,4.0
1758075096.47602,1758075096.36997,0.0,0.0,0.0,8.65166,18.85031,1.94806,8.85,0.96,1.55,4.0
1758075096.49205,1758075096.37997,0.0,0.0,0.0,7.10468,18.10547,2.46372,8.85,0.96,1.55,4.0
1758075096.49294,1758075096.38997,0.0,0.0,0.0,5.61499,18.27736,2.92208,9.39,1.09,1.45,4.0
1758075096.508,1758075096.39997,0.0,0.0,0.0,4.35448,17.99088,3.38045,9.39,1.09,1.45,4.0
1758075096.50891,1758075096.40997,0.0,0.0,0.0,2.34913,17.53251,3.32316,9.59,1.18,1.23,4.0
1758075096.52405,1758075096.41997,0.0,0.0,0.0,1.3178,17.30333,3.32316,9.83,1.27,0.85,4.0
1758075096.53999,1758075096.42997,0.0,0.0,0.0,0.34377,18.16276,2.86479,9.83,1.27,0.85,4.0
1758075096.54125,1758075096.43997,0.0,0.0,0.0,-0.11459,29.96569,2.86479,10.42,1.28,0.69,4.0
1758075096.55607,1758075096.44997,0.0,0.0,0.0,0.68755,40.62271,3.55234,10.42,1.28,0.69,4.0
1758075096.57205,1758075096.45997,0.0,0.0,0.0,1.77617,47.38361,3.89611,10.92,1.07,0.55,4.0
1758075096.57325,1758075096.46997,0.0,0.0,0.0,2.86479,48.70141,4.18259,10.92,1.07,0.55,4.0
1758075096.58798,1758075096.47997,0.0,0.0,0.0,3.89611,40.68,4.81285,9.86,0.84,0.6,4.0
1758075096.58899,1758075096.48997,0.0,0.0,0.0,4.81285,31.16891,5.32851,8.81,0.67,0.43,4.0
1758075096.6046,1758075096.49997,0.0,0.0,0.0,5.84417,21.48592,6.47442,8.81,0.67,0.43,4.0
1758075096.6208,1758075096.50997,0.0,0.0,0.0,6.24524,13.69369,6.8182,8.83,0.52,0.49,4.0
1758075096.622,1758075096.51997,0.0,0.0,0.0,7.10468,3.89611,8.59437,8.83,0.52,0.49,4.0
1758075096.63706,1758075096.52997,0.0,0.0,0.0,7.39116,0.85944,9.4538,9.02,0.48,0.43,4.0
1758075096.63835,1758075096.53997,0.0,0.0,0.0,7.21927,-0.45837,9.85487,9.02,0.48,0.43,4.0
1758075096.65391,1758075096.54997,0.0,0.0,0.0,6.58902,-1.77617,9.96947,9.18,0.64,0.41,4.0
1758075096.67095,1758075096.55997,0.0,0.0,0.0,5.95876,-4.98473,11.28727,8.97,0.92,0.31,4.0
1758075096.67189,1758075096.56997,0.0,0.0,0.0,5.27121,-10.37054,12.60507,8.97,0.92,0.31,4.0
1758075096.68687,1758075096.57997,0.0,0.0,0.0,4.18259,-17.6471,14.09476,9.22,1.24,1.74,4.0
1758075096.68845,1758075096.58997,0.0,0.0,0.0,3.20856,-26.69983,15.24068,9.22,1.24,1.74,4.0
1758075096.70428,1758075096.59997,0.0,0.0,0.0,3.03668,-41.36755,14.09476,11.95,1.37,3.98,4.0
1758075096.72105,1758075096.60997,0.0,0.0,0.0,4.52637,-48.58683,10.31324,11.95,1.37,3.98,4.0
1758075096.72192,1758075096.61997,0.0,0.0,0.0,7.39116,-52.42564,5.72958,15.02,0.15,4.22,4.0
1758075096.7371,1758075096.62997,0.0,0.0,0.0,11.74564,-51.27972,0.17189,15.02,0.15,4.22,4.0
1758075096.73813,1758075096.63997,0.0,0.0,0.0,13.46451,-44.00316,-0.51566,13.45,-0.45,2.36,4.0
1758075096.75395,1758075096.64997,0.0,0.0,0.0,13.75099,-38.27358,0.45837,10.63,0.1,2.08,4.0
1758075096.76991,1758075096.65997,0.0,0.0,0.0,13.06344,-30.76784,2.57831,10.63,0.1,2.08,4.0
1758075096.77121,1758075096.66997,0.0,0.0,0.0,11.22997,-6.35983,7.79223,10.49,0.78,2.67,4.0
1758075096.78598,1758075096.67997,0.0,0.0,0.0,10.8862,-3.55234,10.08406,10.49,0.78,2.67,4.0
1758075096.80192,1758075096.68997,0.0,0.0,0.0,8.42248,-21.94428,12.77696,8.5,0.7,2.89,4.0
1758075096.80314,1758075096.69997,0.0,0.0,0.0,6.47442,-34.60666,14.9542,8.5,0.7,2.89,4.0
1758075096.81793,1758075096.70997,0.0,0.0,0.0,3.20856,-32.54401,16.10011,7.5,0.48,2.81,4.0
1758075096.81912,1758075096.71997,0.0,0.0,0.0,-0.22918,-26.35606,14.61043,9.8,0.05,2.97,4.0
1758075096.83402,1758075096.72997,0.0,0.0,0.0,-3.49504,-19.48057,12.204,9.8,0.05,2.97,4.0
1758075096.85,1758075096.73997,0.0,0.0,0.0,-6.18794,-14.32395,9.5684,9.99,-0.13,3.2,4.0
1758075096.85149,1758075096.74997,0.0,0.0,0.0,-8.99544,-8.25059,5.61499,9.99,-0.13,3.2,4.0
1758075096.86597,1758075096.75997,0.0,0.0,0.0,-9.62569,-1.60428,3.83882,9.89,-0.36,2.73,4.0
1758075096.88231,1758075096.76997,0.0,0.0,0.0,-9.39651,6.70361,2.86479,9.89,-0.36,2.73,4.0
1758075096.88357,1758075096.77997,0.0,0.0,0.0,-9.11003,11.34457,2.46372,10.31,-0.58,2.66,4.0
1758075096.89836,1758075096.78997,0.0,0.0,0.0,-8.59437,13.06344,2.86479,9.67,-0.71,2.53,4.0
1758075096.89921,1758075096.79997,0.0,0.0,0.0,-8.36518,6.7609,2.11994,9.67,-0.71,2.53,4.0
1758075096.914,1758075096.80997,0.0,0.0,0.0,-7.73493,3.66693,2.40642,9.18,-0.57,2.48,4.0
1758075096.92995,1758075096.81997,0.0,0.0,0.0,-6.53172,5.78687,3.55234,9.18,-0.57,2.48,4.0
1758075096.93123,1758075096.82997,0.0,0.0,0.0,-4.18259,15.92823,4.92744,10.03,-0.67,2.48,4.0
1758075096.94607,1758075096.83997,0.0,0.0,0.0,-2.7502,21.37133,6.41713,10.03,-0.67,2.48,4.0
1758075096.96204,1758075096.84997,0.0,0.0,0.0,-1.08862,24.17882,8.0787,9.86,-0.96,2.51,4.0
1758075096.96338,1758075096.85997,0.0,0.0,0.0,1.3178,23.72045,10.31324,9.86,-0.96,2.51,4.0
1758075096.97806,1758075096.86997,0.0,0.0,0.0,3.09397,22.00158,11.51645,9.41,-1.22,2.22,4.0
1758075096.9793,1758075096.87997,0.0,0.0,0.0,4.92744,20.16812,12.54778,9.49,-1.35,2.03,4.0
1758075096.99407,1758075096.88997,0.0,0.0,0.0,6.70361,17.53251,13.06344,9.49,-1.35,2.03,4.0
1758075097.01009,1758075096.89997,0.0,0.0,0.0,9.39651,14.20935,13.00614,9.59,-1.31,1.92,4.0
1758075097.01156,1758075096.90997,0.0,0.0,0.0,11.17268,13.75099,12.54778,9.59,-1.31,1.92,4.0
1758075097.0261,1758075096.91997,0.0,0.0,0.0,13.00614,13.69369,11.57375,9.68,-1.17,1.88,4.0
1758075097.04244,1758075096.92997,0.0,0.0,0.0,14.61043,14.20935,10.25595,9.68,-1.17,1.88,4.0
1758075097.0433,1758075096.93997,0.0,0.0,0.0,16.95955,15.0115,7.96411,9.59,-1.0,1.84,4.0
1758075097.05849,1758075096.94997,0.0,0.0,0.0,18.50654,15.46986,6.41713,9.4,-0.87,1.79,4.0
1758075097.0596,1758075096.95997,0.0,0.0,0.0,20.11082,16.50119,5.09932,9.4,-0.87,1.79,4.0
1758075097.07414,1758075096.96997,0.0,0.0,0.0,21.37133,17.81899,3.60963,9.28,-0.83,1.77,4.0
1758075097.09016,1758075096.97997,0.0,0.0,0.0,22.74642,20.74107,1.71887,9.28,-0.83,1.77,4.0
1758075097.09173,1758075096.98997,0.0,0.0,0.0,23.49127,22.68913,0.68755,9.26,-0.88,1.88,4.0
1758075097.10635,1758075096.99997,0.0,0.0,0.0,23.89234,23.31938,-0.34377,9.26,-0.88,1.88,4.0
1758075097.12248,1758075097.00997,0.0,0.0,0.0,24.35071,22.63183,-1.08862,9.12,-0.95,1.84,4.0
1758075097.12288,1758075097.01997,0.0,0.0,0.0,24.92367,19.82434,-1.94806,8.99,-0.98,1.67,4.0
1758075097.13853,1758075097.02997,0.0,0.0,0.0,25.43933,17.24603,-2.40642,8.99,-0.98,1.67,4.0
1758075097.13969,1758075097.03997,0.0,0.0,0.0,25.8404,14.49583,-2.6929,8.99,-1.06,1.47,4.0
1758075097.1544,1758075097.04997,0.0,0.0,0.0,27.04361,11.80293,-3.03668,8.99,-1.06,1.47,4.0
1758075097.17225,1758075097.05997,0.0,0.0,0.0,28.07493,11.11538,-3.26586,9.15,-1.14,1.43,4.0
1758075097.17297,1758075097.06997,0.0,0.0,0.0,29.39274,11.00079,-3.32316,9.15,-1.14,1.43,4.0
1758075097.18929,1758075097.07997,0.0,0.0,0.0,30.53865,10.08406,-3.55234,9.37,-1.16,1.37,4.0
1758075097.19181,1758075097.08997,0.0,0.0,0.0,32.54401,6.7609,-3.72423,9.37,-1.16,1.37,4.0
1758075097.2075,1758075097.09997,0.0,0.0,0.0,33.80451,3.55234,-3.95341,9.26,-1.01,1.25,4.0
1758075097.20921,1758075097.10997,0.0,0.0,0.0,35.06502,0.45837,-4.23989,9.13,-0.8,1.05,4.0
1758075097.22628,1758075097.11997,0.0,0.0,0.0,36.38282,-2.34913,-4.69825,9.13,-0.8,1.05,4.0
1758075097.24226,1758075097.12997,0.0,0.0,0.0,38.1017,-6.87549,-5.61499,9.02,-0.67,0.89,4.0
1758075097.24286,1758075097.13997,0.0,0.0,0.0,39.3622,-9.68299,-6.35983,9.02,-0.67,0.89,4.0
1758075097.25927,1758075097.14997,0.0,0.0,0.0,40.45082,-11.80293,-6.8182,8.9,-0.67,0.84,4.0
1758075097.26048,1758075097.15997,0.0,0.0,0.0,41.36755,-14.61043,-7.16197,8.9,-0.67,0.84,4.0
1758075097.27577,1758075097.16997,0.0,0.0,0.0,42.85724,-21.08485,-6.58902,9.06,-0.78,1.3,4.0
1758075097.29154,1758075097.17997,0.0,0.0,0.0,42.97184,-25.89769,-4.87014,10.14,-0.75,2.17,4.0
1758075097.29191,1758075097.18997,0.0,0.0,0.0,42.39888,-29.9084,-2.06265,10.14,-0.75,2.17,4.0
1758075097.30758,1758075097.19997,0.0,0.0,0.0,41.02378,-33.05967,1.94806,11.67,0.02,3.07,4.0
1758075097.30896,1758075097.20997,0.0,0.0,0.0,37.52874,-33.46074,9.62569,11.67,0.02,3.07,4.0
1758075097.32354,1758075097.21997,0.0,0.0,0.0,34.37747,-25.7831,13.23533,12.52,0.95,3.29,4.0
1758075097.3396,1758075097.22997,0.0,0.0,0.0,31.11161,-18.10547,16.21471,12.52,0.95,3.29,4.0
1758075097.34052,1758075097.23997,0.0,0.0,0.0,28.36141,-11.28727,17.99088,12.01,1.38,3.07,4.0
1758075097.35563,1758075097.24997,0.0,0.0,0.0,24.29341,-6.70361,16.272,10.23,1.02,3.23,4.0
1758075097.35649,1758075097.25997,0.0,0.0,0.0,22.57454,-16.90226,12.71966,10.23,1.02,3.23,4.0
1758075097.3719,1758075097.26997,0.0,0.0,0.0,20.74107,-28.24682,6.7609,8.26,0.31,3.04,4.0
1758075097.38763,1758075097.27997,0.0,0.0,0.0,20.68378,-30.48136,-1.3178,8.26,0.31,3.04,4.0
1758075097.38856,1758075097.28997,0.0,0.0,0.0,21.7151,-29.33544,-6.41713,9.54,-0.39,2.92,4.0
1758075097.40338,1758075097.29997,0.0,0.0,0.0,23.37668,-28.76248,-10.19865,9.54,-0.39,2.92,4.0
1758075097.41933,1758075097.30997,0.0,0.0,0.0,25.7831,-28.41871,-12.49048,9.5,-0.75,3.08,4.0
1758075097.42133,1758075097.31997,0.0,0.0,0.0,29.9084,-28.07493,-13.17803,9.04,-0.75,2.82,4.0
1758075097.43666,1758075097.32997,0.0,0.0,0.0,33.00237,-27.04361,-11.86023,9.04,-0.78,2.82,4.0
1758075097.43759,1758075097.33997,0.0,0.0,0.0,35.69527,-24.4653,-10.31324,8.89,-0.56,2.68,4.0
1758075097.45303,1758075097.34997,0.0,0.0,0.0,38.15899,-22.57454,-8.30789,8.89,-0.56,2.68,4.0
1758075097.46968,1758075097.35997,0.0,0.0,0.0,41.42485,-19.42327,-3.49504,8.96,-0.08,2.81,4.0
1758075097.47136,1758075097.36997,0.0,0.0,0.0,43.25832,-15.87093,0.11459,8.96,-0.08,2.81,4.0
1758075097.48683,1758075097.37997,0.0,0.0,0.0,44.748,-11.17268,3.66693,9.58,0.43,2.76,4.0
1758075097.48759,1758075097.38997,0.0,0.0,0.0,45.55015,-5.09932,6.99009,9.58,0.43,2.76,4.0
1758075097.503,1758075097.39997,0.0,0.0,0.0,45.89392,2.86479,10.25595,10.15,0.91,2.71,4.0
1758075097.51841,1758075097.40997,0.0,0.0,0.0,45.55015,7.96411,11.11538,10.27,1.25,2.59,4.0
1758075097.51962,1758075097.41997,0.0,0.0,0.0,44.46153,11.91752,10.8289,10.27,1.25,2.59,4.0
1758075097.53448,1758075097.42997,0.0,0.0,0.0,43.31561,15.06879,9.4538,9.91,1.32,2.54,4.0
1758075097.55065,1758075097.43997,0.0,0.0,0.0,41.08107,19.36597,5.72958,9.91,1.32,2.54,4.0
1758075097.55201,1758075097.44997,0.0,0.0,0.0,39.53409,20.16812,2.7502,9.57,1.17,2.53,4.0
1758075097.56648,1758075097.45997,0.0,0.0,0.0,37.92981,21.08485,-0.22918,9.57,1.17,2.53,4.0
1758075097.56795,1758075097.46997,0.0,0.0,0.0,35.12231,19.76705,-4.23989,9.46,1.1,2.51,4.0
1758075097.58301,1758075097.47997,0.0,0.0,0.0,33.40344,17.47521,-6.24524,9.52,1.22,2.39,4.0
1758075097.59876,1758075097.48997,0.0,0.0,0.0,31.62727,14.9542,-7.62034,9.52,1.22,2.39,4.0
1758075097.59997,1758075097.49997,0.0,0.0,0.0,29.67921,13.23533,-7.67763,9.79,1.39,2.26,4.0
1758075097.6145,1758075097.50997,0.0,0.0,0.0,27.04361,10.25595,-6.7609,9.79,1.39,2.26,4.0
1758075097.63078,1758075097.51997,0.0,0.0,0.0,25.61122,9.96947,-5.09932,9.91,1.45,2.17,4.0
1758075097.63196,1758075097.52997,0.0,0.0,0.0,24.17882,11.97482,-3.26586,9.91,1.45,2.17,4.0
1758075097.64688,1758075097.53997,0.0,0.0,0.0,23.0902,16.50119,-1.20321,10.1,1.39,2.15,4.0
1758075097.64798,1758075097.54997,0.0,0.0,0.0,21.88699,22.23076,1.60428,9.95,1.24,2.17,4.0
1758075097.66306,1758075097.55997,0.0,0.0,0.0,21.08485,21.88699,2.6929,9.95,1.24,2.17,4.0
1758075097.6788,1758075097.56997,0.0,0.0,0.0,20.16812,19.25138,3.89611,9.16,1.12,2.12,4.0
1758075097.68014,1758075097.57997,0.0,0.0,0.0,19.25138,15.35527,4.69825,9.16,1.12,2.12,4.0
1758075097.69481,1758075097.58997,0.0,0.0,0.0,17.76169,9.39651,5.61499,8.77,1.01,1.94,4.0
1758075097.71082,1758075097.59997,0.0,0.0,0.0,16.90226,6.58902,5.90147,8.77,1.01,1.94,4.0
1758075097.712,1758075097.60997,0.0,0.0,0.0,15.58445,5.09932,5.90147,8.84,0.98,1.83,4.0
1758075097.72655,1758075097.61997,0.0,0.0,0.0,14.38124,3.89611,6.07335,8.84,0.98,1.83,4.0
1758075097.72774,1758075097.62997,0.0,0.0,0.0,11.97482,1.3178,6.07335,8.86,1.04,1.68,4.0
1758075097.74294,1758075097.63997,0.0,0.0,0.0,10.31324,0.80214,6.13065,8.78,1.12,1.41,4.0
1758075097.75855,1758075097.64997,0.0,0.0,0.0,8.36518,0.51566,6.24524,8.78,1.12,1.41,4.0
1758075097.75993,1758075097.65997,0.0,0.0,0.0,6.7609,1.66158,7.04738,8.82,1.21,1.26,4.0
1758075097.7748,1758075097.66997,0.0,0.0,0.0,3.83882,1.3178,7.79223,8.82,1.21,1.26,4.0
1758075097.79082,1758075097.67997,0.0,0.0,0.0,1.77617,-0.85944,8.59437,8.62,1.3,1.19,4.0
1758075097.79201,1758075097.68997,0.0,0.0,0.0,-0.11459,-3.38045,9.5684,8.62,1.3,1.19,4.0
1758075097.80663,1758075097.69997,0.0,0.0,0.0,-2.86479,-6.99009,11.22997,8.46,1.35,1.05,4.0
1758075097.80783,1758075097.70997,0.0,0.0,0.0,-4.69825,-9.62569,12.2613,8.4,1.28,1.0,4.0
1758075097.8226,1758075097.71997,0.0,0.0,0.0,-6.47442,-11.63104,13.12073,8.4,1.28,1.0,4.0
1758075097.83884,1758075097.72997,0.0,0.0,0.0,-8.25059,-13.40721,13.75099,8.48,1.08,0.96,4.0
1758075097.84061,1758075097.73997,0.0,0.0,0.0,-10.65701,-15.98552,14.49583,8.48,1.08,0.96,4.0
1758075097.85587,1758075097.74997,0.0,0.0,0.0,-11.86023,-17.6471,14.83961,8.64,0.84,0.88,4.0
1758075097.8568,1758075097.75997,0.0,0.0,0.0,-13.40721,-18.79302,15.12609,8.64,0.84,0.88,4.0
1758075097.87268,1758075097.76997,0.0,0.0,0.0,-14.38124,-19.99623,15.46986,8.93,0.67,0.83,4.0
1758075097.88869,1758075097.77997,0.0,0.0,0.0,-15.69904,-21.7151,16.21471,9.13,0.54,0.79,4.0
1758075097.88985,1758075097.78997,0.0,0.0,0.0,-16.21471,-22.51724,16.61578,9.13,0.54,0.79,4.0
1758075097.90498,1758075097.79997,0.0,0.0,0.0,-16.3293,-23.26209,16.95955,9.28,0.4,0.69,4.0
1758075097.921,1758075097.80997,0.0,0.0,0.0,-16.38659,-23.49127,17.47521,9.28,0.4,0.69,4.0
1758075097.92183,1758075097.81997,0.0,0.0,0.0,-15.98552,-24.80907,18.16276,9.32,0.3,0.7,4.0
1758075097.93697,1758075097.82997,0.0,0.0,0.0,-15.69904,-25.43933,18.62113,9.32,0.3,0.7,4.0
1758075097.93786,1758075097.83997,0.0,0.0,0.0,-15.24068,-24.98096,19.19409,9.27,0.24,0.67,4.0
1758075097.95272,1758075097.84997,0.0,0.0,0.0,-14.49583,-24.12152,19.76705,9.27,0.24,0.67,4.0
1758075097.96898,1758075097.85997,0.0,0.0,0.0,-13.69369,-22.11617,20.45459,9.15,0.24,0.64,4.0
1758075097.97031,1758075097.86997,0.0,0.0,0.0,-13.23533,-21.37133,20.85567,8.93,0.36,0.79,4.0
1758075097.98471,1758075097.87997,0.0,0.0,0.0,-13.06344,-20.3973,21.14215,8.93,0.36,0.79,4.0
1758075098.00098,1758075097.88997,0.0,0.0,0.0,-13.12073,-19.25138,21.60051,8.82,0.63,0.84,4.0
1758075098.00188,1758075097.89997,0.0,0.0,0.0,-13.23533,-18.62113,21.7151,8.82,0.63,0.84,4.0
1758075098.01705,1758075097.90997,0.0,0.0,0.0,-13.75099,-17.99088,21.60051,8.7,0.93,0.89,4.0
1758075098.01794,1758075097.91997,0.0,0.0,0.0,-14.32395,-17.24603,21.25674,8.7,0.93,0.89,4.0
1758075098.03273,1758075097.92997,0.0,0.0,0.0,-15.29797,-16.55848,20.62648,8.58,1.12,0.95,4.0
1758075098.04899,1758075097.93997,0.0,0.0,0.0,-15.98552,-16.55848,20.11082,8.53,1.12,0.87,4.0
1758075098.04994,1758075097.94997,0.0,0.0,0.0,-16.84496,-17.36062,19.76705,8.53,1.12,0.87,4.0
1758075098.06492,1758075097.95997,0.0,0.0,0.0,-17.47521,-18.44924,19.42327,8.35,1.01,0.72,4.0
1758075098.08082,1758075097.96997,0.0,0.0,0.0,-18.33465,-18.9649,18.44924,8.35,1.01,0.72,4.0
1758075098.08199,1758075097.97997,0.0,0.0,0.0,-18.56383,-19.36597,17.53251,7.88,0.84,0.62,4.0
1758075098.09712,1758075097.98997,0.0,0.0,0.0,-18.79302,-20.3973,16.21471,7.88,0.84,0.62,4.0
1758075098.098,1758075097.99997,0.0,0.0,0.0,-18.62113,-22.00158,14.72501,7.09,0.62,0.53,4.0
1758075098.1131,1758075098.00997,0.0,0.0,0.0,-17.47521,-25.61122,12.14671,6.49,0.5,0.61,4.0
1758075098.12907,1758075098.01997,0.0,0.0,0.0,-16.10011,-27.73116,10.25595,6.49,0.5,0.61,4.0
1758075098.13002,1758075098.02997,0.0,0.0,0.0,-14.66772,-29.8511,8.136,6.74,0.21,1.28,4.0
1758075098.14489,1758075098.03997,0.0,0.0,0.0,-12.89155,-31.2262,5.72958,6.74,0.21,1.28,4.0
1758075098.16119,1758075098.04997,0.0,0.0,0.0,-8.93814,-35.2369,1.66158,8.39,-0.66,2.59,4.0
1758075098.16243,1758075098.05997,0.0,0.0,0.0,-6.24524,-43.83128,-1.48969,8.39,-0.66,2.59,4.0
1758075098.17684,1758075098.06997,0.0,0.0,0.0,0.0573,-60.04598,-2.92208,10.33,-2.38,3.38,4.0
1758075098.17844,1758075098.07997,0.0,0.0,0.0,12.204,-66.17663,-7.10468,10.33,-2.38,3.38,4.0
1758075098.19311,1758075098.08997,0.0,0.0,0.0,21.31403,-48.58683,-10.31324,13.88,-5.09,3.12,4.0
1758075098.20914,1758075098.09997,0.0,0.0,0.0,31.28349,-27.10091,-12.71966,17.24,-7.01,1.45,4.0
1758075098.21046,1758075098.10997,0.0,0.0,0.0,41.94051,-7.10468,-13.46451,17.24,-7.01,1.45,4.0
1758075098.22514,1758075098.11997,0.0,0.0,0.0,59.18654,11.80293,-11.74564,16.35,-7.2,1.38,4.0
1758075098.24117,1758075098.12997,0.0,0.0,0.0,70.01544,12.204,-11.11538,16.35,-7.2,1.38,4.0
1758075098.24243,1758075098.13997,0.0,0.0,0.0,78.7817,7.39116,-10.71431,15.72,-6.32,2.14,4.0
1758075098.25716,1758075098.14997,0.0,0.0,0.0,84.56858,-0.34377,-10.71431,15.72,-6.32,2.14,4.0
1758075098.2581,1758075098.15997,0.0,0.0,0.0,88.52198,-6.99009,-8.65166,15.39,-4.52,1.07,4.0
1758075098.27331,1758075098.16997,0.0,0.0,0.0,89.32412,1.3178,-4.87014,15.28,-1.78,0.86,4.0
1758075098.28927,1758075098.17997,0.0,0.0,0.0,88.2355,14.09476,0.80214,15.28,-1.78,0.86,4.0
1758075098.29013,1758075098.18997,0.0,0.0,0.0,85.08423,25.7831,7.44845,14.36,0.39,1.24,4.0
1758075098.30523,1758075098.19997,0.0,0.0,0.0,77.4066,35.2369,16.04282,14.36,0.39,1.24,4.0
1758075098.32123,1758075098.20997,0.0,0.0,0.0,71.44785,35.69527,20.68378,11.8,1.44,1.3,4.0
1758075098.32215,1758075098.21997,0.0,0.0,0.0,65.03072,34.0337,23.37668,11.8,1.44,1.3,4.0
1758075098.33726,1758075098.22997,0.0,0.0,0.0,58.72818,28.70519,24.12152,9.88,1.22,1.07,4.0
1758075098.33814,1758075098.23997,0.0,0.0,0.0,49.79003,20.79837,22.51724,9.22,0.9,1.25,4.0
1758075098.35375,1758075098.24997,0.0,0.0,0.0,44.28964,21.37133,19.82434,9.22,0.9,1.25,4.0
1758075098.36995,1758075098.25997,0.0,0.0,0.0,39.99245,27.2155,16.84496,10.1,0.54,1.58,4.0
1758075098.37115,1758075098.26997,0.0,0.0,0.0,37.12767,26.01229,13.80828,10.1,0.54,1.58,4.0
1758075098.38598,1758075098.27997,0.0,0.0,0.0,32.20023,15.06879,7.79223,9.02,0.06,1.77,4.0
1758075098.38749,1758075098.28997,0.0,0.0,0.0,30.25217,6.13065,4.46907,9.02,0.06,1.77,4.0
1758075098.40331,1758075098.29997,0.0,0.0,0.0,29.10626,0.80214,1.43239,8.14,-0.44,1.53,4.0
1758075098.41928,1758075098.30997,0.0,0.0,0.0,28.41871,-0.97403,-2.11994,8.14,-0.44,1.53,4.0
1758075098.4202,1758075098.31997,0.0,0.0,0.0,28.36141,-1.83346,-3.83882,8.68,-0.89,1.46,4.0
1758075098.43521,1758075098.32997,0.0,0.0,0.0,28.24682,-3.89611,-4.52637,8.77,-1.25,1.47,4.0
1758075098.4513,1758075098.33997,0.0,0.0,0.0,28.36141,-5.72958,-4.52637,8.77,-1.25,1.47,4.0
1758075098.45224,1758075098.34997,0.0,0.0,0.0,28.70519,-6.07335,-3.20856,8.9,-1.47,1.44,4.0
1758075098.46733,1758075098.35997,0.0,0.0,0.0,28.99167,-4.23989,-1.83346,8.9,-1.47,1.44,4.0
1758075098.46824,1758075098.36997,0.0,0.0,0.0,29.39274,-0.80214,-0.17189,9.39,-1.49,1.39,4.0
1758075098.48327,1758075098.37997,0.0,0.0,0.0,29.56462,2.97938,1.3178,9.39,-1.49,1.39,4.0
1758075098.49926,1758075098.38997,0.0,0.0,0.0,29.62192,8.0787,3.38045,9.71,-1.3,1.29,4.0
1758075098.50031,1758075098.39997,0.0,0.0,0.0,29.22085,8.65166,4.58366,9.61,-0.94,1.17,4.0
1758075098.51537,1758075098.40997,0.0,0.0,0.0,28.13223,7.50575,5.72958,9.61,-0.94,1.17,4.0
1758075098.53138,1758075098.41997,0.0,0.0,0.0,26.47065,4.92744,5.95876,9.39,-0.58,0.9,4.0
1758075098.53235,1758075098.42997,0.0,0.0,0.0,23.83505,-0.57296,5.72958,9.39,-0.58,0.9,4.0
1758075098.54742,1758075098.43997,0.0,0.0,0.0,21.31403,-3.49504,4.69825,9.41,-0.28,0.83,4.0
1758075098.54834,1758075098.44997,0.0,0.0,0.0,19.19409,-5.15662,3.38045,9.41,-0.28,0.83,4.0
1758075098.56315,1758075098.45997,0.0,0.0,0.0,16.84496,-4.92744,1.71887,9.66,-0.13,0.85,4.0
1758075098.5794,1758075098.46997,0.0,0.0,0.0,13.46451,-2.34913,-1.43239,9.77,-0.16,0.91,4.0
1758075098.58077,1758075098.47997,0.0,0.0,0.0,11.28727,-0.68755,-3.55234,9.77,-0.16,0.91,4.0
1758075098.59518,1758075098.48997,0.0,0.0,0.0,9.33921,-0.11459,-5.72958,9.46,-0.33,0.84,4.0
1758075098.61145,1758075098.49997,0.0,0.0,0.0,6.58902,0.17189,-8.36518,9.46,-0.33,0.84,4.0
1758075098.61277,1758075098.50997,0.0,0.0,0.0,4.87014,1.43239,-9.68299,9.23,-0.5,0.73,4.0
1758075098.62719,1758075098.51997,0.0,0.0,0.0,3.26586,3.89611,-10.71431,9.23,-0.5,0.73,4.0
1758075098.62842,1758075098.52997,0.0,0.0,0.0,1.71887,7.62034,-11.51645,9.41,-0.63,0.63,4.0
1758075098.64346,1758075098.53997,0.0,0.0,0.0,-0.34377,12.71966,-12.71966,9.41,-0.63,0.63,4.0
1758075098.65946,1758075098.54997,0.0,0.0,0.0,-1.3751,13.34992,-12.83425,9.53,-0.69,0.7,4.0
1758075098.66081,1758075098.55997,0.0,0.0,0.0,-2.11994,12.37589,-12.60507,9.34,-0.78,0.78,4.0
1758075098.67548,1758075098.56997,0.0,0.0,0.0,-2.7502,11.63104,-12.60507,9.34,-0.78,0.78,4.0
1758075098.69148,1758075098.57997,0.0,0.0,0.0,-3.09397,9.74028,-12.43318,9.41,-0.92,0.73,4.0
1758075098.69278,1758075098.58997,0.0,0.0,0.0,-3.03668,8.25059,-12.54778,9.41,-0.92,0.73,4.0
1758075098.70749,1758075098.59997,0.0,0.0,0.0,-2.86479,6.87549,-12.77696,9.42,-1.01,0.76,4.0
1758075098.70841,1758075098.60997,0.0,0.0,0.0,-2.40642,5.27121,-13.12073,9.42,-1.01,0.76,4.0
1758075098.72347,1758075098.61997,0.0,0.0,0.0,-2.11994,0.97403,-14.09476,9.24,-0.98,0.72,4.0
1758075098.73946,1758075098.62997,0.0,0.0,0.0,-1.83346,-0.17189,-14.72501,9.09,-0.88,0.72,4.0
1758075098.74128,1758075098.63997,0.0,0.0,0.0,-1.60428,-0.40107,-14.72501,9.09,-0.88,0.72,4.0
1758075098.75738,1758075098.64997,0.0,0.0,0.0,-1.43239,-0.97403,-14.78231,9.45,-0.82,0.7,4.0
1758075098.7587,1758075098.65997,0.0,0.0,0.0,-1.3751,-2.00535,-14.78231,9.45,-0.82,0.7,4.0
1758075098.77359,1758075098.66997,0.0,0.0,0.0,-1.43239,-3.32316,-14.78231,9.76,-0.78,0.67,4.0
1758075098.7896,1758075098.67997,0.0,0.0,0.0,-1.71887,-4.98473,-14.83961,9.76,-0.78,0.67,4.0
1758075098.79234,1758075098.68997,0.0,0.0,0.0,-2.23454,-6.41713,-15.0115,9.87,-0.73,0.6,4.0
1758075098.8076,1758075098.69997,0.0,0.0,0.0,-2.92208,-7.73493,-15.58445,9.79,-0.68,0.63,4.0
1758075098.8093,1758075098.70997,0.0,0.0,0.0,-3.55234,-7.79223,-15.75634,9.79,-0.68,0.63,4.0
1758075098.82458,1758075098.71997,0.0,0.0,0.0,-4.18259,-7.96411,-16.10011,9.61,-0.63,0.68,4.0
1758075098.84061,1758075098.72997,0.0,0.0,0.0,-4.69825,-8.36518,-16.73037,9.61,-0.63,0.68,4.0
1758075098.84153,1758075098.73997,0.0,0.0,0.0,-4.81285,-8.42248,-17.01685,9.25,-0.64,0.75,4.0
1758075098.85651,1758075098.74997,0.0,0.0,0.0,-4.87014,-8.47978,-17.18874,9.25,-0.64,0.75,4.0
1758075098.85749,1758075098.75997,0.0,0.0,0.0,-4.81285,-7.21927,-17.24603,8.96,-0.76,0.84,4.0
1758075098.87358,1758075098.76997,0.0,0.0,0.0,-4.1253,-4.18259,-17.53251,8.96,-0.76,0.81,4.0
1758075098.88938,1758075098.77997,0.0,0.0,0.0,-3.38045,-2.57831,-17.81899,8.99,-0.93,0.81,4.0
1758075098.89055,1758075098.78997,0.0,0.0,0.0,-2.57831,-1.48969,-18.33465,8.93,-1.06,0.63,4.0
1758075098.90562,1758075098.79997,0.0,0.0,0.0,-1.94806,-1.20321,-19.25138,8.93,-1.06,0.63,4.0
1758075098.92139,1758075098.80997,0.0,0.0,0.0,-0.68755,-0.74485,-20.74107,8.87,-1.12,0.54,4.0
1758075098.92254,1758075098.81997,0.0,0.0,0.0,0.40107,0.34377,-21.7724,8.87,-1.12,0.54,4.0
1758075098.93765,1758075098.82997,0.0,0.0,0.0,1.48969,1.3751,-22.86102,8.83,-1.14,0.55,4.0
1758075098.94177,1758075098.83997,0.0,0.0,0.0,2.6929,2.06265,-23.66316,8.83,-1.14,0.55,4.0
1758075098.96141,1758075098.84997,0.0,0.0,0.0,4.58366,-0.34377,-24.35071,8.41,-1.13,0.64,4.0
1758075098.9634,1758075098.85997,0.0,0.0,0.0,4.98473,-4.64096,-25.09555,7.36,-1.05,0.56,4.0
1758075098.97869,1758075098.86997,0.0,0.0,0.0,5.15662,-8.136,-25.15285,7.36,-1.05,0.56,4.0
1758075098.98007,1758075098.87997,0.0,0.0,0.0,5.61499,-12.54778,-24.63719,6.76,-0.91,0.28,4.0
1758075098.99442,1758075098.88997,0.0,0.0,0.0,5.55769,-19.70975,-24.57989,6.76,-0.91,0.28,4.0
1758075099.01065,1758075098.89997,0.0,0.0,0.0,5.4431,-22.34536,-23.54857,6.37,-0.75,-0.13,4.0
1758075099.01199,1758075098.90997,0.0,0.0,0.0,5.55769,-24.98096,-22.23076,6.37,-0.75,-0.13,4.0
1758075099.02648,1758075098.91997,0.0,0.0,0.0,5.95876,-27.1582,-19.53786,6.1,-0.62,-0.54,4.0
1758075099.02765,1758075098.92997,0.0,0.0,0.0,6.24524,-30.76784,-18.10547,5.85,-0.5,-0.11,4.0
1758075099.04376,1758075098.93997,0.0,0.0,0.0,6.41713,-33.80451,-16.10011,5.85,-0.5,-0.11,4.0
1758075099.05965,1758075098.94997,0.0,0.0,0.0,6.41713,-36.6693,-13.80828,6.36,-0.14,1.11,4.0
1758075099.06101,1758075098.95997,0.0,0.0,0.0,6.41713,-38.73195,-10.02676,6.36,-0.14,1.11,4.0
1758075099.07549,1758075098.96997,0.0,0.0,0.0,5.50039,-36.61201,-7.04738,8.93,0.69,2.8,4.0
1758075099.09178,1758075098.97997,0.0,0.0,0.0,3.03668,-30.76784,-3.20856,8.93,0.69,2.8,4.0
1758075099.093,1758075098.98997,0.0,0.0,0.0,-0.85944,-20.11082,2.46372,13.8,2.6,4.02,4.0
1758075099.10778,1758075098.99997,0.0,0.0,0.0,-11.17268,-0.97403,12.43318,17.64,2.6,3.35,4.0
1758075099.109,1758075099.00997,0.0,0.0,0.0,-19.99623,6.24524,19.07949,17.64,5.76,3.35,4.0
1758075099.1238,1758075099.01997,0.0,0.0,0.0,-29.8511,12.08941,23.66316,16.43,7.52,1.8,4.0
1758075099.13953,1758075099.02997,0.0,0.0,0.0,-40.50812,17.76169,25.8404,16.43,7.52,1.8,4.0
1758075099.14128,1758075099.03997,0.0,0.0,0.0,-56.26446,17.87628,26.81443,16.55,7.07,3.23,4.0
1758075099.15583,1758075099.04997,0.0,0.0,0.0,-64.91612,-3.38045,28.76248,16.55,7.07,3.23,4.0
1758075099.17181,1758075099.05997,0.0,0.0,0.0,-72.30728,-27.2155,28.76248,14.78,5.41,2.17,4.0
1758075099.17275,1758075099.06997,0.0,0.0,0.0,-78.09415,-31.16891,26.24147,14.78,5.41,2.17,4.0
1758075099.1879,1758075099.07997,0.0,0.0,0.0,-78.89629,10.08406,20.05352,15.06,1.85,0.87,4.0
1758075099.18876,1758075099.08997,0.0,0.0,0.0,-77.80767,28.76248,11.97482,15.19,-1.03,1.28,4.0
1758075099.20388,1758075099.09997,0.0,0.0,0.0,-75.97421,32.71589,2.46372,15.19,-1.03,1.28,4.0
1758075099.21984,1758075099.10997,0.0,0.0,0.0,-73.51049,26.24147,-7.50575,11.26,-2.11,1.39,4.0
1758075099.2208,1758075099.11997,0.0,0.0,0.0,-67.15066,11.86023,-19.53786,11.26,-2.11,1.39,4.0
1758075099.23591,1758075099.12997,0.0,0.0,0.0,-60.96271,4.92744,-23.72045,10.42,-2.58,0.43,4.0
1758075099.25188,1758075099.13997,0.0,0.0,0.0,-53.97263,-1.48969,-24.98096,10.42,-2.58,0.43,4.0
1758075099.25306,1758075099.14997,0.0,0.0,0.0,-44.00316,-5.55769,-22.86102,10.62,-2.51,0.72,4.0
1758075099.26778,1758075099.15997,0.0,0.0,0.0,-38.21629,-6.07335,-19.70975,10.62,-1.96,1.05,4.0
1758075099.26877,1758075099.16997,0.0,0.0,0.0,-33.05967,-5.90147,-15.87093,10.62,-1.96,1.05,4.0
1758075099.28362,1758075099.17997,0.0,0.0,0.0,-28.36141,-4.18259,-11.51645,10.07,-1.0,1.16,4.0
1758075099.29996,1758075099.18997,0.0,0.0,0.0,-24.12152,5.21392,-5.61499,10.07,-1.0,1.16,4.0
1758075099.30082,1758075099.19997,0.0,0.0,0.0,-22.40265,12.71966,-2.34913,10.11,-0.08,1.14,4.0
1758075099.31583,1758075099.20997,0.0,0.0,0.0,-21.31403,15.29797,-0.22918,10.11,-0.08,1.14,4.0
1758075099.3177,1758075099.21997,0.0,0.0,0.0,-20.62648,15.35527,1.14592,9.29,0.45,1.23,4.0
1758075099.33392,1758075099.22997,0.0,0.0,0.0,-20.11082,15.87093,2.06265,9.05,0.69,1.07,4.0
1758075099.34965,1758075099.23997,0.0,0.0,0.0,-20.22541,17.47521,2.11994,9.05,0.69,1.07,4.0
1758075099.35168,1758075099.24997,0.0,0.0,0.0,-20.74107,19.48057,1.83346,9.37,0.75,1.05,4.0
1758075099.36668,1758075099.25997,0.0,0.0,0.0,-21.31403,21.25674,1.3178,9.37,0.75,1.05,4.0
1758075099.36811,1758075099.26997,0.0,0.0,0.0,-22.68913,22.97561,0.0,9.46,0.8,1.05,4.0
1758075099.38401,1758075099.27997,0.0,0.0,0.0,-23.60586,23.26209,-1.43239,9.46,0.8,1.05,4.0
1758075099.39997,1758075099.28997,0.0,0.0,0.0,-24.5226,22.00158,-3.03668,9.38,0.8,0.9,4.0
1758075099.40089,1758075099.29997,0.0,0.0,0.0,-24.5226,21.02755,-4.18259,9.38,0.8,0.9,4.0
1758075099.41594,1758075099.30997,0.0,0.0,0.0,-24.92367,22.74642,-5.72958,9.26,0.65,0.72,4.0
1758075099.43207,1758075099.31997,0.0,0.0,0.0,-24.17882,29.33544,-5.4431,9.83,0.4,0.59,4.0
1758075099.43293,1758075099.32997,0.0,0.0,0.0,-23.0902,33.51803,-4.92744,9.83,0.4,0.59,4.0
1758075099.44804,1758075099.33997,0.0,0.0,0.0,-21.42862,34.77854,-3.95341,9.52,0.16,0.81,4.0
1758075099.44897,1758075099.34997,0.0,0.0,0.0,-20.45459,30.48136,-2.7502,9.52,0.16,0.81,4.0
1758075099.4638,1758075099.35997,0.0,0.0,0.0,-18.90761,22.86102,-1.43239,8.88,-0.02,0.66,4.0
1758075099.4801,1758075099.36997,0.0,0.0,0.0,-16.90226,14.20935,0.74485,8.88,-0.02,0.66,4.0
1758075099.48098,1758075099.37997,0.0,0.0,0.0,-14.38124,3.83882,3.95341,8.52,-0.17,0.46,4.0
1758075099.49604,1758075099.38997,0.0,0.0,0.0,-12.83425,-2.34913,6.13065,8.78,-0.25,0.55,4.0
1758075099.51183,1758075099.39997,0.0,0.0,0.0,-11.11538,-7.50575,8.02141,8.78,-0.25,0.55,4.0
1758075099.51301,1758075099.40997,0.0,0.0,0.0,-9.74028,-11.97482,9.33921,8.74,-0.16,0.61,4.0
1758075099.528,1758075099.41997,0.0,0.0,0.0,-8.02141,-17.93358,10.08406,8.74,-0.16,0.61,4.0
1758075099.52923,1758075099.42997,0.0,0.0,0.0,-7.04738,-21.31403,10.08406,8.56,0.0,0.65,4.0
1758075099.54403,1758075099.43997,0.0,0.0,0.0,-6.18794,-23.31938,9.68299,8.56,0.0,0.65,4.0
1758075099.5601,1758075099.44997,0.0,0.0,0.0,-5.50039,-24.12152,9.05273,8.65,0.12,0.66,4.0
1758075099.56129,1758075099.45997,0.0,0.0,0.0,-4.69825,-23.83505,7.73493,8.85,0.23,0.65,4.0
1758075099.57612,1758075099.46997,0.0,0.0,0.0,-4.35448,-22.63183,6.8182,8.85,0.23,0.65,4.0
1758075099.59213,1758075099.47997,0.0,0.0,0.0,-3.95341,-19.42327,6.24524,9.25,0.24,0.5,4.0
1758075099.59354,1758075099.48997,0.0,0.0,0.0,-3.49504,-16.10011,6.07335,9.25,0.24,0.5,4.0
1758075099.60814,1758075099.49997,0.0,0.0,0.0,-2.40642,-11.51645,6.70361,9.52,0.18,0.42,4.0
1758075099.60933,1758075099.50997,0.0,0.0,0.0,-1.48969,-9.05273,7.44845,9.52,0.18,0.42,4.0
1758075099.62418,1758075099.51997,0.0,0.0,0.0,-0.85944,-8.76626,8.47978,9.49,0.03,0.31,4.0
1758075099.64017,1758075099.52997,0.0,0.0,0.0,0.0573,-9.68299,10.59972,9.49,0.03,0.31,4.0
1758075099.64137,1758075099.53997,0.0,0.0,0.0,1.3178,-12.08941,11.91752,9.3,0.0,0.06,4.0
1758075099.65616,1758075099.54997,0.0,0.0,0.0,2.23454,-13.00614,13.40721,9.35,0.02,0.03,4.0
1758075099.67198,1758075099.55997,0.0,0.0,0.0,2.97938,-12.14671,14.78231,9.35,0.02,0.03,4.0
1758075099.67311,1758075099.56997,0.0,0.0,0.0,4.46907,-9.74028,17.01685,9.66,0.07,0.18,4.0
1758075099.6882,1758075099.57997,0.0,0.0,0.0,5.21392,-8.30789,18.27736,9.66,0.07,0.18,4.0
1758075099.68939,1758075099.58997,0.0,0.0,0.0,6.07335,-7.10468,19.13679,9.76,0.07,0.34,4.0
1758075099.70424,1758075099.59997,0.0,0.0,0.0,6.70361,-7.50575,19.76705,9.76,0.07,0.34,4.0
1758075099.72021,1758075099.60997,0.0,0.0,0.0,7.50575,-9.33921,19.59516,9.35,0.08,0.39,4.0
1758075099.72115,1758075099.61997,0.0,0.0,0.0,7.79223,-10.31324,19.25138,8.79,0.14,0.44,4.0
1758075099.73616,1758075099.62997,0.0,0.0,0.0,8.02141,-10.37054,18.79302,8.79,0.14,0.44,4.0
1758075099.75197,1758075099.63997,0.0,0.0,0.0,7.96411,-9.85487,18.33465,8.65,0.28,0.34,4.0
1758075099.75315,1758075099.64997,0.0,0.0,0.0,8.02141,-5.90147,18.22006,8.65,0.28,0.34,4.0
1758075099.76798,1758075099.65997,0.0,0.0,0.0,7.96411,-2.06265,18.44924,9.02,0.45,0.34,4.0
1758075099.76915,1758075099.66997,0.0,0.0,0.0,7.84952,2.11994,19.25138,9.02,0.45,0.34,4.0
1758075099.78422,1758075099.67997,0.0,0.0,0.0,7.79223,5.32851,20.16812,9.28,0.5,0.27,4.0
1758075099.79996,1758075099.68997,0.0,0.0,0.0,7.39116,7.44845,21.7151,9.01,0.42,0.27,4.0
1758075099.80135,1758075099.69997,0.0,0.0,0.0,7.39116,6.41713,22.40265,9.01,0.42,0.27,4.0
1758075099.816,1758075099.70997,0.0,0.0,0.0,7.39116,4.0107,23.31938,8.37,0.33,0.26,4.0
1758075099.83228,1758075099.71997,0.0,0.0,0.0,7.44845,0.22918,23.31938,8.37,0.33,0.26,4.0
1758075099.83321,1758075099.72997,0.0,0.0,0.0,7.79223,-7.73493,22.63183,7.75,0.3,0.35,4.0
1758075099.84828,1758075099.73997,0.0,0.0,0.0,8.25059,-13.75099,21.94428,7.75,0.3,0.35,4.0
1758075099.84923,1758075099.74997,0.0,0.0,0.0,8.70896,-18.90761,20.22541,7.26,0.32,0.45,4.0
1758075099.8643,1758075099.75997,0.0,0.0,0.0,9.05273,-23.60586,17.76169,7.26,0.32,0.45,4.0
1758075099.8801,1758075099.76997,0.0,0.0,0.0,8.70896,-26.87172,15.92823,7.01,0.4,0.44,4.0
1758075099.88123,1758075099.77997,0.0,0.0,0.0,8.02141,-28.76248,14.09476,6.69,0.51,0.46,4.0
1758075099.89614,1758075099.78997,0.0,0.0,0.0,7.04738,-31.2262,12.43318,6.69,0.51,0.46,4.0
1758075099.9122,1758075099.79997,0.0,0.0,0.0,5.4431,-37.18496,8.76626,6.13,0.52,0.76,4.0
1758075099.91296,1758075099.80997,0.0,0.0,0.0,4.64096,-41.31026,5.78687,6.13,0.52,0.76,4.0
1758075099.92843,1758075099.81997,0.0,0.0,0.0,4.18259,-42.34158,2.29183,6.81,0.17,1.81,4.0
1758075099.9293,1758075099.82997,0.0,0.0,0.0,4.35448,-40.04975,-1.20321,6.81,0.17,1.81,4.0
1758075099.94416,1758075099.83997,0.0,0.0,0.0,7.21927,-30.19488,-7.50575,10.37,-0.8,3.22,4.0
1758075099.96042,1758075099.84997,0.0,0.0,0.0,12.37589,-24.00693,-11.51645,13.91,-3.08,3.53,4.0
1758075099.96134,1758075099.85997,0.0,0.0,0.0,17.30333,-31.56997,-16.61578,13.91,-3.08,3.53,4.0
1758075099.9764,1758075099.86997,0.0,0.0,0.0,22.05888,-34.0337,-20.51189,12.99,-5.15,1.87,4.0
1758075099.99243,1758075099.87997,0.0,0.0,0.0,30.65324,-21.08485,-22.97561,12.99,-5.15,1.87,4.0
1758075099.99285,1758075099.88997,0.0,0.0,0.0,38.61736,-1.03132,-21.94428,15.42,-5.78,1.42,4.0
1758075100.00817,1758075099.89997,0.0,0.0,0.0,47.15443,10.94349,-21.60051,15.42,-5.78,1.42,4.0
1758075100.00938,1758075099.90997,0.0,0.0,0.0,54.71747,8.93814,-21.48592,17.53,-5.54,2.02,4.0
1758075100.02462,1758075099.91997,0.0,0.0,0.0,62.5097,-2.6929,-22.74642,15.18,-4.16,0.24,4.0
1758075100.04047,1758075099.92997,0.0,0.0,0.0,67.43713,7.04738,-20.45459,15.18,-4.16,0.24,4.0
1758075100.04139,1758075099.93997,0.0,0.0,0.0,70.41652,25.49662,-16.95955,15.65,-1.65,0.24,4.0
1758075100.05647,1758075099.94997,0.0,0.0,0.0,72.65105,41.59674,-9.28192,15.65,-1.65,0.24,4.0
1758075100.07229,1758075099.95997,0.0,0.0,0.0,71.27596,52.82671,-3.60963,14.48,0.11,1.27,4.0
1758075100.07278,1758075099.96997,0.0,0.0,0.0,68.52576,54.60288,2.00535,14.48,0.11,1.27,4.0
1758075100.08828,1758075099.97997,0.0,0.0,0.0,65.2599,52.08187,6.24524,13.21,1.13,1.17,4.0
1758075100.08941,1758075099.98997,0.0,0.0,0.0,59.07195,50.64947,8.88085,13.21,1.13,1.17,4.0
1758075100.1043,1758075099.99997,0.0,0.0,0.0,54.71747,53.45696,8.99544,13.01,1.49,1.06,4.0
1758075100.12027,1758075100.00997,0.0,0.0,0.0,49.79003,52.76942,7.33386,12.3,1.11,1.1,4.0
1758075100.12145,1758075100.01997,0.0,0.0,0.0,44.23235,48.64412,5.09932,12.3,1.11,1.1,4.0
1758075100.13621,1758075100.02997,0.0,0.0,0.0,35.52338,37.35685,0.80214,10.39,0.74,1.33,4.0
1758075100.13748,1758075100.03997,0.0,0.0,0.0,29.9084,27.04361,-1.48969,10.39,0.74,1.33,4.0
1758075100.15288,1758075100.04997,0.0,0.0,0.0,25.61122,18.27736,-3.83882,8.94,0.55,1.11,4.0
1758075100.16855,1758075100.05997,0.0,0.0,0.0,23.0329,11.80293,-5.21392,8.94,0.55,1.11,4.0
1758075100.16954,1758075100.06997,0.0,0.0,0.0,19.76705,2.86479,-5.4431,8.75,0.39,1.25,4.0
1758075100.18455,1758075100.07997,0.0,0.0,0.0,18.62113,-0.17189,-4.69825,8.95,0.05,1.31,4.0
1758075100.2006,1758075100.08997,0.0,0.0,0.0,17.53251,-0.97403,-4.52637,8.95,0.05,1.31,4.0
1758075100.20155,1758075100.09997,0.0,0.0,0.0,16.55848,-0.74485,-3.66693,9.2,-0.2,1.38,4.0
1758075100.21657,1758075100.10997,0.0,0.0,0.0,16.50119,9.33921,-3.32316,9.2,-0.2,1.38,4.0
1758075100.21755,1758075100.11997,0.0,0.0,0.0,15.06879,19.88164,-3.09397,9.66,-0.43,1.4,4.0
1758075100.2329,1758075100.12997,0.0,0.0,0.0,14.83961,26.12688,-2.11994,9.66,-0.43,1.4,4.0
1758075100.24856,1758075100.13997,0.0,0.0,0.0,15.24068,25.43933,-0.97403,9.02,-0.6,1.55,4.0
1758075100.24953,1758075100.14997,0.0,0.0,0.0,15.0115,19.99623,0.17189,7.91,-0.83,1.18,4.0
1758075100.26459,1758075100.15997,0.0,0.0,0.0,15.0115,15.06879,0.22918,7.91,-0.83,1.18,4.0
1758075100.28064,1758075100.16997,0.0,0.0,0.0,14.78231,11.28727,0.17189,8.04,-0.82,1.13,4.0
1758075100.28156,1758075100.17997,0.0,0.0,0.0,14.66772,9.05273,-0.45837,8.04,-0.82,1.13,4.0
1758075100.29663,1758075100.18997,0.0,0.0,0.0,14.38124,6.07335,-1.08862,8.52,-0.62,1.14,4.0
1758075100.29757,1758075100.19997,0.0,0.0,0.0,14.15206,3.72423,-1.77617,8.52,-0.62,1.14,4.0
1758075100.31291,1758075100.20997,0.0,0.0,0.0,13.86558,2.29183,-2.46372,8.73,-0.42,1.05,4.0
1758075100.32867,1758075100.21997,0.0,0.0,0.0,13.46451,0.57296,-3.49504,8.73,-0.42,1.05,4.0
1758075100.32962,1758075100.22997,0.0,0.0,0.0,13.06344,-0.17189,-3.72423,8.79,-0.31,0.78,4.0
1758075100.34465,1758075100.23997,0.0,0.0,0.0,12.77696,-0.51566,-4.0107,8.63,-0.28,0.6,4.0
1758075100.36067,1758075100.24997,0.0,0.0,0.0,12.37589,-1.08862,-4.18259,8.63,-0.28,0.6,4.0
1758075100.36159,1758075100.25997,0.0,0.0,0.0,11.74564,-0.40107,-4.18259,8.59,-0.28,0.64,4.0
1758075100.37668,1758075100.26997,0.0,0.0,0.0,11.45916,0.57296,-3.95341,8.59,-0.28,0.64,4.0
1758075100.37761,1758075100.27997,0.0,0.0,0.0,11.17268,1.60428,-4.1253,9.02,-0.32,0.75,4.0
1758075100.39271,1758075100.28997,0.0,0.0,0.0,10.8862,2.6929,-4.35448,9.02,-0.32,0.75,4.0
1758075100.40873,1758075100.29997,0.0,0.0,0.0,10.19865,4.64096,-5.4431,9.48,-0.43,0.79,4.0
1758075100.40967,1758075100.30997,0.0,0.0,0.0,9.74028,5.55769,-6.58902,9.75,-0.59,0.67,4.0
1758075100.42469,1758075100.31997,0.0,0.0,0.0,9.33921,6.13065,-7.96411,9.75,-0.59,0.67,4.0
1758075100.44072,1758075100.32997,0.0,0.0,0.0,8.93814,6.41713,-9.4538,9.66,-0.78,0.68,4.0
1758075100.44168,1758075100.33997,0.0,0.0,0.0,8.136,6.47442,-11.74564,9.66,-0.78,0.68,4.0
1758075100.45672,1758075100.34997,0.0,0.0,0.0,7.73493,6.70361,-12.71966,9.52,-0.9,0.61,4.0
1758075100.4577,1758075100.35997,0.0,0.0,0.0,7.33386,7.16197,-13.5791,9.52,-0.9,0.61,4.0
1758075100.47274,1758075100.36997,0.0,0.0,0.0,6.87549,7.73493,-14.32395,9.34,-0.9,0.73,4.0
1758075100.48876,1758075100.37997,0.0,0.0,0.0,6.35983,7.62034,-14.49583,9.07,-0.79,0.84,4.0
1758075100.48971,1758075100.38997,0.0,0.0,0.0,6.24524,7.21927,-14.66772,9.07,-0.79,0.84,4.0
1758075100.5045,1758075100.39997,0.0,0.0,0.0,6.24524,6.99009,-14.61043,9.0,-0.73,0.87,4.0
1758075100.52057,1758075100.40997,0.0,0.0,0.0,6.53172,5.50039,-14.83961,9.0,-0.73,0.87,4.0
1758075100.52174,1758075100.41997,0.0,0.0,0.0,6.70361,3.55234,-15.35527,8.93,-0.75,0.83,4.0
1758075100.53679,1758075100.42997,0.0,0.0,0.0,6.70361,1.3178,-15.58445,8.93,-0.75,0.83,4.0
1758075100.53772,1758075100.43997,0.0,0.0,0.0,6.8182,-0.45837,-16.272,8.78,-0.83,0.81,4.0
1758075100.55284,1758075100.44997,0.0,0.0,0.0,6.58902,-3.72423,-16.73037,8.78,-0.83,0.87,4.0
1758075100.56885,1758075100.45997,0.0,0.0,0.0,6.47442,-6.13065,-17.13144,8.28,-0.91,0.87,4.0
1758075100.56978,1758075100.46997,0.0,0.0,0.0,6.58902,-8.76626,-16.90226,7.62,-0.97,0.94,4.0
1758075100.58485,1758075100.47997,0.0,0.0,0.0,6.53172,-9.91217,-16.95955,7.62,-0.97,0.94,4.0
1758075100.60079,1758075100.48997,0.0,0.0,0.0,7.33386,-14.20935,-16.61578,7.23,-1.02,1.01,4.0
1758075100.60259,1758075100.49997,0.0,0.0,0.0,7.84952,-18.27736,-16.50119,7.23,-1.02,1.01,4.0
1758075100.61759,1758075100.50997,0.0,0.0,0.0,8.59437,-21.48592,-16.50119,6.76,-1.1,0.79,4.0
1758075100.619,1758075100.51997,0.0,0.0,0.0,9.33921,-24.17882,-16.50119,6.76,-1.1,0.79,4.0
1758075100.63387,1758075100.52997,0.0,0.0,0.0,10.08406,-28.36141,-16.50119,6.47,-1.11,0.52,4.0
1758075100.64963,1758075100.53997,0.0,0.0,0.0,10.37054,-32.48671,-16.61578,5.8,-0.86,0.11,4.0
1758075100.65106,1758075100.54997,0.0,0.0,0.0,10.31324,-37.64333,-17.24603,5.8,-0.86,0.11,4.0
1758075100.6656,1758075100.55997,0.0,0.0,0.0,9.96947,-41.31026,-17.58981,5.18,-0.43,0.13,4.0
1758075100.66678,1758075100.56997,0.0,0.0,0.0,8.88085,-47.32632,-16.84496,5.18,-0.43,0.13,4.0
1758075100.68264,1758075100.57997,0.0,0.0,0.0,8.25059,-52.76942,-14.61043,5.41,0.03,0.92,4.0
1758075100.69865,1758075100.58997,0.0,0.0,0.0,7.73493,-55.86338,-10.71431,5.41,0.03,0.92,4.0
1758075100.69985,1758075100.59997,0.0,0.0,0.0,6.24524,-56.14987,-2.6929,7.94,0.68,2.75,4.0
1758075100.71491,1758075100.60997,0.0,0.0,0.0,3.72423,-45.37826,4.92744,14.0,2.13,4.38,4.0
1758075100.73096,1758075100.61997,0.0,0.0,0.0,-0.74485,-33.46074,14.03747,14.0,2.13,4.38,4.0
1758075100.73189,1758075100.62997,0.0,0.0,0.0,-7.67763,-20.11082,23.26209,18.52,5.38,3.86,4.0
1758075100.74699,1758075100.63997,0.0,0.0,0.0,-19.88164,-1.48969,32.25753,18.52,5.38,3.86,4.0
1758075100.74816,1758075100.64997,0.0,0.0,0.0,-28.59059,7.04738,34.43476,17.13,7.38,1.95,4.0
1758075100.76304,1758075100.65997,0.0,0.0,0.0,-37.52874,14.61043,34.0337,17.13,7.38,1.95,4.0
1758075100.77892,1758075100.66997,0.0,0.0,0.0,-46.06581,18.22006,32.20023,16.46,6.82,3.11,4.0
1758075100.78075,1758075100.67997,0.0,0.0,0.0,-59.18654,-9.62569,31.51268,16.35,5.27,2.48,4.0
1758075100.79605,1758075100.68997,0.0,0.0,0.0,-65.43179,-36.38282,31.85646,16.35,5.27,2.48,4.0
1758075100.79692,1758075100.69997,0.0,0.0,0.0,-71.90621,-25.38203,28.01764,15.66,1.95,0.95,4.0
1758075100.81304,1758075100.70997,0.0,0.0,0.0,-73.45319,5.78687,24.86637,15.66,1.95,0.95,4.0
1758075100.82906,1758075100.71997,0.0,0.0,0.0,-73.73967,34.32018,11.97482,16.02,-0.89,1.17,4.0
1758075100.83079,1758075100.72997,0.0,0.0,0.0,-72.99483,35.98175,2.29183,16.02,-0.89,1.17,4.0
1758075100.846,1758075100.73997,0.0,0.0,0.0,-72.07809,30.48136,-8.02141,11.42,-1.69,1.7,4.0
1758075100.84699,1758075100.74997,0.0,0.0,0.0,-70.01544,21.14215,-17.13144,11.42,-1.69,1.7,4.0
1758075100.8628,1758075100.75997,0.0,0.0,0.0,-63.77021,7.16197,-25.61122,9.4,-1.71,0.65,4.0
1758075100.87882,1758075100.76997,0.0,0.0,0.0,-58.3844,-0.51566,-26.75713,9.47,-1.65,1.04,4.0
1758075100.88032,1758075100.77997,0.0,0.0,0.0,-53.05589,-4.98473,-25.49662,9.47,-1.65,1.04,4.0
1758075100.89511,1758075100.78997,0.0,0.0,0.0,-47.38361,-6.7609,-19.99623,10.18,-1.26,1.12,4.0
1758075100.91093,1758075100.79997,0.0,0.0,0.0,-39.64868,-4.18259,-14.32395,10.18,-1.26,1.12,4.0
1758075100.9123,1758075100.80997,0.0,0.0,0.0,-35.58068,8.65166,-9.62569,10.84,-0.6,1.49,4.0
1758075100.92711,1758075100.81997,0.0,0.0,0.0,-31.91375,19.42327,-4.18259,10.84,-0.6,1.49,4.0
1758075100.92847,1758075100.82997,0.0,0.0,0.0,-27.50197,24.00693,1.94806,10.9,-0.07,1.7,4.0
1758075100.94312,1758075100.83997,0.0,0.0,0.0,-25.26744,16.55848,4.0107,8.85,0.25,1.73,4.0
1758075100.95911,1758075100.84997,0.0,0.0,0.0,-23.60586,8.99544,5.09932,8.85,0.25,1.73,4.0
1758075100.96032,1758075100.85997,0.0,0.0,0.0,-22.28806,5.55769,5.27121,8.63,0.39,1.36,4.0
1758075100.97491,1758075100.86997,0.0,0.0,0.0,-21.60051,5.32851,4.0107,8.63,0.39,1.36,4.0
1758075100.99114,1758075100.87997,0.0,0.0,0.0,-21.08485,5.90147,2.6929,9.3,0.41,1.62,4.0
1758075100.99234,1758075100.88997,0.0,0.0,0.0,-20.74107,6.07335,1.08862,9.3,0.41,1.62,4.0
1758075101.00721,1758075100.89997,0.0,0.0,0.0,-20.22541,6.24524,-0.57296,9.39,0.36,1.61,4.0
1758075101.00811,1758075100.90997,0.0,0.0,0.0,-19.53786,7.16197,-3.26586,9.36,0.29,1.4,4.0
1758075101.02287,1758075100.91997,0.0,0.0,0.0,-18.85031,7.44845,-4.58366,9.36,0.29,1.4,4.0
1758075101.03916,1758075100.92997,0.0,0.0,0.0,-17.87628,8.136,-5.55769,9.41,0.24,1.2,4.0
1758075101.04049,1758075100.93997,0.0,0.0,0.0,-16.55848,8.99544,-5.84417,9.41,0.24,1.2,4.0
1758075101.05489,1758075100.94997,0.0,0.0,0.0,-14.38124,10.08406,-5.50039,9.57,0.15,0.97,4.0
1758075101.0709,1758075100.95997,0.0,0.0,0.0,-12.83425,12.37589,-4.52637,9.57,0.15,0.97,4.0
1758075101.07214,1758075100.96997,0.0,0.0,0.0,-10.8862,15.58445,-3.20856,9.86,0.09,0.85,4.0
1758075101.08718,1758075100.97997,0.0,0.0,0.0,-9.05273,19.07949,-1.71887,9.86,0.09,0.85,4.0
1758075101.0884,1758075100.98997,0.0,0.0,0.0,-6.24524,22.23076,0.45837,9.9,0.04,0.88,4.0
1758075101.10323,1758075100.99997,0.0,0.0,0.0,-4.35448,21.48592,1.83346,9.51,-0.04,0.82,4.0
1758075101.11923,1758075101.00997,0.0,0.0,0.0,-2.86479,19.82434,3.32316,9.51,-0.04,0.82,4.0
1758075101.12045,1758075101.01997,0.0,0.0,0.0,-0.68755,18.16276,4.92744,9.26,-0.05,0.64,4.0
1758075101.135,1758075101.02997,0.0,0.0,0.0,0.22918,14.78231,5.84417,9.26,-0.05,0.64,4.0
1758075101.15122,1758075101.03997,0.0,0.0,0.0,1.08862,12.43318,6.41713,9.12,-0.02,0.58,4.0
1758075101.15241,1758075101.04997,0.0,0.0,0.0,1.66158,9.85487,6.87549,9.12,-0.02,0.58,4.0
1758075101.16703,1758075101.05997,0.0,0.0,0.0,1.83346,4.92744,6.87549,8.85,0.16,0.62,4.0
1758075101.16818,1758075101.06997,0.0,0.0,0.0,2.06265,1.08862,6.58902,8.49,0.36,0.61,4.0
1758075101.18326,1758075101.07997,0.0,0.0,0.0,1.77617,-3.03668,6.13065,8.49,0.36,0.61,4.0
1758075101.19902,1758075101.08997,0.0,0.0,0.0,1.66158,-6.18794,5.90147,8.27,0.45,0.56,4.0
1758075101.20026,1758075101.09997,0.0,0.0,0.0,0.74485,-9.91217,5.55769,8.27,0.45,0.56,4.0
1758075101.21508,1758075101.10997,0.0,0.0,0.0,0.0573,-12.08941,5.55769,8.35,0.48,0.65,4.0
1758075101.23105,1758075101.11997,0.0,0.0,0.0,-0.68755,-14.15206,5.84417,8.35,0.48,0.65,4.0
1758075101.23271,1758075101.12997,0.0,0.0,0.0,-1.20321,-15.87093,6.18794,8.39,0.44,0.63,4.0
1758075101.24732,1758075101.13997,0.0,0.0,0.0,-1.94806,-17.6471,7.04738,8.45,0.37,0.55,4.0
1758075101.24853,1758075101.14997,0.0,0.0,0.0,-2.34913,-17.87628,7.73493,8.45,0.37,0.55,4.0
1758075101.263,1758075101.15997,0.0,0.0,0.0,-2.57831,-17.53251,8.42248,8.61,0.28,0.51,4.0
1758075101.27934,1758075101.16997,0.0,0.0,0.0,-2.63561,-16.55848,9.28192,8.61,0.28,0.51,4.0
1758075101.28026,1758075101.17997,0.0,0.0,0.0,-2.40642,-15.35527,10.54242,8.82,0.15,0.49,4.0
1758075101.29508,1758075101.18997,0.0,0.0,0.0,-2.11994,-14.32395,11.63104,8.82,0.15,0.49,4.0
1758075101.31139,1758075101.19997,0.0,0.0,0.0,-1.83346,-13.06344,13.06344,9.24,0.01,0.44,4.0
1758075101.31256,1758075101.20997,0.0,0.0,0.0,-1.3751,-11.91752,15.58445,9.24,0.01,0.44,4.0
1758075101.32744,1758075101.21997,0.0,0.0,0.0,-0.34377,-11.00079,17.30333,9.61,-0.09,0.36,4.0
1758075101.3283,1758075101.22997,0.0,0.0,0.0,0.45837,-10.65701,18.85031,9.7,-0.17,0.31,4.0
1758075101.34338,1758075101.23997,0.0,0.0,0.0,1.14592,-10.48513,20.51189,9.7,-0.17,0.31,4.0
1758075101.35939,1758075101.24997,0.0,0.0,0.0,2.29183,-9.96947,22.34536,9.74,-0.16,0.32,4.0
1758075101.3608,1758075101.25997,0.0,0.0,0.0,2.97938,-10.02676,22.86102,9.74,-0.16,0.32,4.0
1758075101.3754,1758075101.26997,0.0,0.0,0.0,3.32316,-9.22462,22.86102,9.58,-0.06,0.4,4.0
1758075101.39219,1758075101.27997,0.0,0.0,0.0,3.83882,-7.62034,22.68913,9.58,-0.06,0.4,4.0
1758075101.39314,1758075101.28997,0.0,0.0,0.0,4.46907,-5.27121,22.05888,9.49,0.02,0.56,4.0
1758075101.40846,1758075101.29997,0.0,0.0,0.0,4.81285,-3.72423,21.08485,9.15,0.04,0.74,4.0
1758075101.40935,1758075101.30997,0.0,0.0,0.0,5.09932,-2.92208,20.16812,9.15,0.04,0.74,4.0
1758075101.42414,1758075101.31997,0.0,0.0,0.0,5.09932,-3.09397,19.48057,8.85,0.05,0.62,4.0
1758075101.44047,1758075101.32997,0.0,0.0,0.0,5.32851,-6.41713,18.9649,8.85,0.05,0.62,4.0
1758075101.44138,1758075101.33997,0.0,0.0,0.0,5.72958,-9.39651,18.90761,8.32,0.07,0.42,4.0
1758075101.45645,1758075101.34997,0.0,0.0,0.0,5.78687,-10.65701,19.25138,8.32,0.07,0.42,4.0
1758075101.4574,1758075101.35997,0.0,0.0,0.0,5.78687,-9.4538,19.70975,8.13,0.12,0.06,4.0
1758075101.47359,1758075101.36997,0.0,0.0,0.0,5.4431,-8.70896,20.16812,7.83,0.18,-0.03,4.0
1758075101.48926,1758075101.37997,0.0,0.0,0.0,5.21392,-9.33921,20.62648,7.83,0.18,-0.03,4.0
1758075101.49072,1758075101.38997,0.0,0.0,0.0,5.15662,-10.65701,20.68378,7.2,0.19,-0.17,4.0
1758075101.50557,1758075101.39997,0.0,0.0,0.0,4.87014,-12.60507,20.51189,7.2,0.19,-0.17,4.0
1758075101.5216,1758075101.40997,0.0,0.0,0.0,4.87014,-16.38659,19.53786,6.77,0.2,-0.12,4.0
1758075101.52243,1758075101.41997,0.0,0.0,0.0,5.09932,-20.79837,18.50654,6.77,0.2,-0.12,4.0
1758075101.53756,1758075101.42997,0.0,0.0,0.0,5.27121,-25.8404,16.73037,6.67,0.11,0.63,4.0
1758075101.53842,1758075101.43997,0.0,0.0,0.0,6.87549,-32.88778,13.17803,6.67,0.11,0.63,4.0
1758075101.55359,1758075101.44997,0.0,0.0,0.0,8.47978,-34.95043,10.19865,8.02,-0.37,2.01,4.0
1758075101.56956,1758075101.45997,0.0,0.0,0.0,11.45916,-34.32018,6.99009,11.4,-1.41,3.35,4.0
1758075101.57075,1758075101.46997,0.0,0.0,0.0,15.24068,-31.51268,3.26586,11.4,-1.41,3.35,4.0
1758075101.58556,1758075101.47997,0.0,0.0,0.0,23.89234,-26.06958,-1.43239,13.76,-3.52,3.43,4.0
1758075101.6016,1758075101.48997,0.0,0.0,0.0,30.02299,-23.60586,-3.55234,13.76,-3.52,3.43,4.0
1758075101.60275,1758075101.49997,0.0,0.0,0.0,35.2369,-20.3973,-4.69825,13.49,-4.97,2.3,4.0
1758075101.61754,1758075101.50997,0.0,0.0,0.0,40.50812,-12.49048,-4.1253,13.49,-4.97,2.3,4.0
1758075101.61858,1758075101.51997,0.0,0.0,0.0,49.15978,5.15662,-1.08862,14.22,-4.99,1.72,4.0
1758075101.63362,1758075101.52997,0.0,0.0,0.0,55.11855,11.45916,-0.80214,16.76,-4.44,3.12,4.0
1758075101.64932,1758075101.53997,0.0,0.0,0.0,60.44705,6.13065,-0.17189,16.76,-4.44,3.12,4.0
1758075101.65056,1758075101.54997,0.0,0.0,0.0,63.54102,-8.59437,-2.06265,15.8,-3.56,1.18,4.0
1758075101.66536,1758075101.55997,0.0,0.0,0.0,66.34852,-15.46986,-2.63561,15.8,-3.56,1.18,4.0
1758075101.68162,1758075101.56997,0.0,0.0,0.0,68.12468,-2.57831,-0.74485,14.94,-1.65,0.65,4.0
1758075101.68295,1758075101.57997,0.0,0.0,0.0,69.3279,8.47978,2.6929,14.94,-1.65,0.65,4.0
1758075101.69766,1758075101.58997,0.0,0.0,0.0,68.75494,15.58445,5.61499,13.59,-0.38,1.3,4.0
1758075101.69889,1758075101.59997,0.0,0.0,0.0,66.46311,23.0902,11.51645,11.63,0.18,1.52,4.0
1758075101.71367,1758075101.60997,0.0,0.0,0.0,63.8275,27.38738,14.83961,11.63,0.18,1.52,4.0
1758075101.72969,1758075101.61997,0.0,0.0,0.0,61.93674,33.23156,17.6471,11.5,0.34,1.2,4.0
1758075101.73061,1758075101.62997,0.0,0.0,0.0,59.07195,35.52338,18.22006,11.5,0.34,1.2,4.0
1758075101.7457,1758075101.63997,0.0,0.0,0.0,54.3164,30.99702,16.3293,11.23,0.37,1.04,4.0
1758075101.7614,1758075101.64997,0.0,0.0,0.0,51.39432,26.12688,14.03747,11.23,0.37,1.04,4.0
1758075101.76299,1758075101.65997,0.0,0.0,0.0,48.24305,17.87628,10.71431,10.39,0.06,1.0,4.0
1758075101.77773,1758075101.66997,0.0,0.0,0.0,43.65939,9.22462,5.55769,10.39,0.06,1.0,4.0
1758075101.77865,1758075101.67997,0.0,0.0,0.0,41.02378,5.78687,2.34913,9.57,-0.26,0.97,4.0
1758075101.7937,1758075101.68997,0.0,0.0,0.0,38.44547,2.46372,-0.45837,9.29,-0.4,1.18,4.0
1758075101.80973,1758075101.69997,0.0,0.0,0.0,36.55471,-0.85944,-2.46372,9.29,-0.4,1.18,4.0
1758075101.81072,1758075101.70997,0.0,0.0,0.0,33.86181,-5.21392,-4.1253,9.13,-0.4,1.3,4.0
1758075101.82568,1758075101.71997,0.0,0.0,0.0,32.42941,-6.8182,-4.23989,9.13,-0.4,1.3,4.0
1758075101.84156,1758075101.72997,0.0,0.0,0.0,30.99702,-7.50575,-3.55234,9.3,-0.48,1.22,4.0
1758075101.84271,1758075101.73997,0.0,0.0,0.0,29.73651,-6.47442,-2.92208,9.3,-0.48,1.22,4.0
1758075101.85747,1758075101.74997,0.0,0.0,0.0,28.13223,-2.92208,-2.06265,9.51,-0.56,1.33,4.0
1758075101.85905,1758075101.75997,0.0,0.0,0.0,27.04361,1.03132,-1.14592,9.66,-0.62,1.39,4.0
1758075101.87432,1758075101.76997,0.0,0.0,0.0,26.12688,5.4431,-0.57296,9.66,-0.62,1.39,4.0
1758075101.89048,1758075101.77997,0.0,0.0,0.0,24.98096,8.93814,-0.0573,9.62,-0.71,1.35,4.0
1758075101.89169,1758075101.78997,0.0,0.0,0.0,22.74642,9.74028,0.0573,9.62,-0.71,1.35,4.0
1758075101.90672,1758075101.79997,0.0,0.0,0.0,21.42862,8.02141,-0.11459,9.15,-0.73,1.13,4.0
1758075101.90793,1758075101.80997,0.0,0.0,0.0,19.99623,5.72958,-0.40107,9.15,-0.73,1.13,4.0
1758075101.92371,1758075101.81997,0.0,0.0,0.0,18.73572,4.1253,-0.68755,8.99,-0.73,1.06,4.0
1758075101.93977,1758075101.82997,0.0,0.0,0.0,16.61578,4.0107,-1.3178,9.38,-0.72,1.01,4.0
1758075101.94096,1758075101.83997,0.0,0.0,0.0,15.41257,5.09932,-1.3751,9.38,-0.72,1.01,4.0
1758075101.95556,1758075101.84997,0.0,0.0,0.0,14.20935,6.53172,-1.60428,9.66,-0.71,0.95,4.0
1758075101.97164,1758075101.85997,0.0,0.0,0.0,12.60507,6.70361,-2.00535,9.66,-0.71,0.95,4.0
1758075101.97315,1758075101.86997,0.0,0.0,0.0,11.57375,5.32851,-2.29183,9.37,-0.67,0.83,4.0
1758075101.98781,1758075101.87997,0.0,0.0,0.0,10.8289,4.23989,-2.86479,9.37,-0.67,0.83,4.0
1758075101.98905,1758075101.88997,0.0,0.0,0.0,10.37054,3.26586,-3.38045,9.22,-0.62,0.79,4.0
1758075102.00381,1758075101.89997,0.0,0.0,0.0,9.68299,7.16197,-5.32851,9.22,-0.62,0.79,4.0
1758075102.01991,1758075101.90997,0.0,0.0,0.0,9.33921,10.8289,-5.55769,9.52,-0.63,0.79,4.0
1758075102.02105,1758075101.91997,0.0,0.0,0.0,8.76626,16.38659,-7.16197,9.94,-0.69,0.91,4.0
1758075102.03561,1758075101.92997,0.0,0.0,0.0,8.02141,18.50654,-8.30789,9.94,-0.69,0.91,4.0
1758075102.0519,1758075101.93997,0.0,0.0,0.0,6.70361,13.86558,-9.68299,9.38,-0.8,0.93,4.0
1758075102.05303,1758075101.94997,0.0,0.0,0.0,6.41713,11.17268,-10.37054,9.38,-0.8,0.93,4.0
1758075102.06786,1758075101.95996,0.0,0.0,0.0,6.24524,7.44845,-9.74028,9.18,-0.95,0.88,4.0
1758075102.0688,1758075101.96996,0.0,0.0,0.0,6.70361,6.41713,-9.68299,9.18,-0.95,0.88,4.0
1758075102.08386,1758075101.97996,0.0,0.0,0.0,7.33386,4.87014,-8.47978,9.38,-1.14,0.9,4.0
1758075102.10006,1758075101.98996,0.0,0.0,0.0,7.62034,3.32316,-7.73493,9.42,-1.22,1.06,4.0
1758075102.10082,1758075101.99996,0.0,0.0,0.0,8.0787,2.00535,-7.04738,9.42,-1.22,1.06,4.0
1758075102.11588,1758075102.00996,0.0,0.0,0.0,8.136,0.11459,-6.7609,9.2,-1.14,1.02,4.0
1758075102.13186,1758075102.01996,0.0,0.0,0.0,7.96411,-2.00535,-6.58902,9.2,-1.14,1.02,4.0
1758075102.13286,1758075102.02996,0.0,0.0,0.0,7.79223,-2.06265,-6.7609,8.99,-1.0,1.02,4.0
1758075102.14784,1758075102.03996,0.0,0.0,0.0,7.79223,-1.08862,-6.7609,8.99,-1.0,1.02,4.0
1758075102.14888,1758075102.04996,0.0,0.0,0.0,7.73493,0.17189,-7.33386,9.0,-0.94,1.14,4.0
1758075102.16397,1758075102.05996,0.0,0.0,0.0,7.44845,1.08862,-7.84952,8.93,-0.89,1.2,4.0
1758075102.17994,1758075102.06996,0.0,0.0,0.0,7.16197,2.00535,-8.88085,8.93,-0.89,1.2,4.0
1758075102.18093,1758075102.07996,0.0,0.0,0.0,6.70361,2.6929,-10.25595,8.89,-0.83,1.17,4.0
1758075102.19578,1758075102.08996,0.0,0.0,0.0,5.84417,3.49504,-12.89155,8.89,-0.83,1.17,4.0
1758075102.21212,1758075102.09996,0.0,0.0,0.0,5.32851,4.52637,-14.66772,9.05,-0.85,1.12,4.0
1758075102.21327,1758075102.10996,0.0,0.0,0.0,4.87014,4.69825,-16.272,9.05,-0.85,1.12,4.0
1758075102.22808,1758075102.11996,0.0,0.0,0.0,4.46907,5.55769,-17.47521,9.47,-0.83,0.97,4.0
1758075102.22921,1758075102.12996,0.0,0.0,0.0,3.95341,7.79223,-18.79302,9.92,-0.83,0.89,4.0
1758075102.24405,1758075102.13996,0.0,0.0,0.0,3.55234,8.65166,-19.36597,9.92,-0.8,0.89,4.0
1758075102.26004,1758075102.14996,0.0,0.0,0.0,3.38045,8.42248,-19.99623,9.82,-0.8,0.96,4.0
1758075102.26098,1758075102.15996,0.0,0.0,0.0,3.03668,8.65166,-20.3973,9.82,-0.8,0.96,4.0
1758075102.27584,1758075102.16996,0.0,0.0,0.0,3.03668,8.36518,-20.85567,9.64,-0.86,1.0,4.0
1758075102.2921,1758075102.17996,0.0,0.0,0.0,3.03668,8.47978,-21.02755,9.64,-0.86,1.0,4.0
1758075102.29301,1758075102.18996,0.0,0.0,0.0,2.97938,8.70896,-20.97026,9.35,-0.93,0.95,4.0
1758075102.30809,1758075102.19996,0.0,0.0,0.0,3.03668,8.59437,-20.68378,9.35,-0.93,0.95,4.0
1758075102.30902,1758075102.20996,0.0,0.0,0.0,3.09397,8.02141,-19.88164,9.01,-0.97,0.88,4.0
1758075102.32406,1758075102.21996,0.0,0.0,0.0,2.97938,7.44845,-19.25138,8.83,-0.96,0.82,4.0
1758075102.34013,1758075102.22996,0.0,0.0,0.0,2.86479,7.21927,-19.07949,8.83,-0.96,0.82,4.0
1758075102.34129,1758075102.23996,0.0,0.0,0.0,2.57831,6.99009,-18.85031,8.61,-0.88,0.71,4.0
1758075102.35611,1758075102.24996,0.0,0.0,0.0,2.6929,5.55769,-19.19409,8.61,-0.88,0.71,4.0
1758075102.37219,1758075102.25996,0.0,0.0,0.0,2.86479,4.0107,-19.13679,8.07,-0.78,0.6,4.0
1758075102.37306,1758075102.26996,0.0,0.0,0.0,3.03668,1.94806,-19.19409,8.07,-0.78,0.6,4.0
1758075102.38814,1758075102.27996,0.0,0.0,0.0,3.95341,-1.71887,-19.42327,7.39,-0.72,0.47,4.0
1758075102.38932,1758075102.28996,0.0,0.0,0.0,4.87014,-4.92744,-19.36597,6.74,-0.73,0.5,4.0
1758075102.40414,1758075102.29996,0.0,0.0,0.0,5.84417,-8.88085,-19.19409,6.74,-0.73,0.5,4.0
1758075102.42018,1758075102.30996,0.0,0.0,0.0,6.99009,-13.5218,-18.90761,5.99,-0.81,0.38,4.0
1758075102.42148,1758075102.31996,0.0,0.0,0.0,8.76626,-20.74107,-17.99088,5.99,-0.81,0.38,4.0
1758075102.43605,1758075102.32996,0.0,0.0,0.0,10.25595,-25.49662,-17.47521,5.4,-0.91,0.13,4.0
1758075102.45209,1758075102.33996,0.0,0.0,0.0,12.14671,-29.96569,-17.01685,5.4,-0.91,0.13,4.0
1758075102.45334,1758075102.34996,0.0,0.0,0.0,13.80828,-36.21093,-16.10011,4.84,-1.01,0.05,4.0
1758075102.4679,1758075102.35996,0.0,0.0,0.0,17.01685,-45.03448,-14.49583,5.08,-0.69,0.86,4.0
1758075102.46945,1758075102.36996,0.0,0.0,0.0,19.76705,-49.56085,-12.83425,5.08,-0.69,0.86,4.0
1758075102.48418,1758075102.37996,0.0,0.0,0.0,22.23076,-51.5662,-11.11538,7.47,0.1,2.23,4.0
1758075102.50106,1758075102.38996,0.0,0.0,0.0,23.83505,-48.75871,-9.11003,7.47,0.1,2.23,4.0
1758075102.50195,1758075102.39996,0.0,0.0,0.0,23.49127,-35.06502,-3.49504,12.97,1.29,3.64,4.0
1758075102.51717,1758075102.40996,0.0,0.0,0.0,20.11082,-20.79837,3.26586,12.97,1.29,3.64,4.0
1758075102.51817,1758075102.41996,0.0,0.0,0.0,12.83425,-7.79223,11.86023,18.69,3.99,3.6,4.0
1758075102.53405,1758075102.42996,0.0,0.0,0.0,2.29183,0.68755,20.51189,18.69,3.99,3.6,4.0
1758075102.55118,1758075102.43996,0.0,0.0,0.0,-16.38659,8.02141,29.10626,18.47,7.02,2.06,4.0
1758075102.55241,1758075102.44996,0.0,0.0,0.0,-30.02299,12.83425,31.56997,17.51,7.48,3.4,4.0
1758075102.56726,1758075102.45996,0.0,0.0,0.0,-43.65939,14.49583,33.63263,17.51,7.48,3.4,4.0
1758075102.56889,1758075102.46996,0.0,0.0,0.0,-62.56699,5.90147,31.91375,17.54,6.43,2.96,4.0
1758075102.58597,1758075102.47996,0.0,0.0,0.0,-73.05212,-28.87707,28.76248,17.54,6.43,2.96,4.0
1758075102.60195,1758075102.48996,0.0,0.0,0.0,-81.01624,-32.08564,22.23076,13.11,3.04,1.71,4.0
1758075102.60258,1758075102.49996,0.0,0.0,0.0,-83.76643,-14.03747,15.64175,13.11,3.04,1.71,4.0
1758075102.61834,1758075102.50996,0.0,0.0,0.0,-85.02695,5.55769,0.22918,14.45,-0.12,1.51,4.0
1758075102.61923,1758075102.51996,0.0,0.0,0.0,-84.74047,8.42248,-10.02676,11.89,-1.16,1.96,4.0
1758075102.63404,1758075102.52996,0.0,0.0,0.0,-83.59455,4.87014,-18.85031,11.89,-1.16,1.96,4.0
1758075102.65002,1758075102.53996,0.0,0.0,0.0,-81.36001,-1.83346,-25.43933,9.07,-1.05,0.84,4.0
1758075102.65164,1758075102.54996,0.0,0.0,0.0,-75.97421,-12.204,-29.67921,9.07,-1.05,0.84,4.0
1758075102.66601,1758075102.55996,0.0,0.0,0.0,-71.04677,-13.5791,-28.76248,9.04,-1.13,0.79,4.0
1758075102.68205,1758075102.56996,0.0,0.0,0.0,-66.29122,-10.31324,-25.21014,9.04,-1.13,0.79,4.0
1758075102.68268,1758075102.57996,0.0,0.0,0.0,-61.24919,-6.13065,-20.16812,10.63,-1.17,1.11,4.0
1758075102.69806,1758075102.58996,0.0,0.0,0.0,-54.77477,1.3178,-11.86023,11.04,-0.92,1.51,4.0
1758075102.6993,1758075102.59996,0.0,0.0,0.0,-51.27972,3.83882,-6.8182,11.04,-0.92,1.51,4.0
1758075102.71408,1758075102.60996,0.0,0.0,0.0,-48.30034,3.66693,-2.40642,9.95,-0.52,1.36,4.0
1758075102.73006,1758075102.61996,0.0,0.0,0.0,-46.1231,0.40107,0.51566,9.95,-0.52,1.36,4.0
1758075102.73128,1758075102.62996,0.0,0.0,0.0,-43.88857,-1.3178,2.92208,9.01,-0.05,1.38,4.0
1758075102.74606,1758075102.63996,0.0,0.0,0.0,-42.85724,0.34377,3.20856,9.01,-0.05,1.38,4.0
1758075102.74733,1758075102.64996,0.0,0.0,0.0,-42.51347,3.55234,2.23454,9.3,0.33,1.47,4.0
1758075102.76268,1758075102.65996,0.0,0.0,0.0,-42.62806,6.8182,0.57296,9.3,0.33,1.47,4.0
1758075102.77873,1758075102.66996,0.0,0.0,0.0,-42.91454,9.91217,-2.11994,9.52,0.65,1.63,4.0
1758075102.7793,1758075102.67996,0.0,0.0,0.0,-42.97184,10.19865,-3.95341,9.35,0.76,1.32,4.0
1758075102.79446,1758075102.68996,0.0,0.0,0.0,-42.91454,10.8289,-5.61499,9.35,0.76,1.32,4.0
1758075102.81047,1758075102.69996,0.0,0.0,0.0,-42.39888,12.77696,-7.84952,9.48,0.61,1.13,4.0
1758075102.81162,1758075102.70996,0.0,0.0,0.0,-41.76862,14.38124,-8.65166,9.48,0.61,1.13,4.0
1758075102.8265,1758075102.71996,0.0,0.0,0.0,-41.08107,15.98552,-8.93814,9.89,0.29,0.97,4.0
1758075102.82777,1758075102.72996,0.0,0.0,0.0,-39.76327,16.73037,-8.70896,9.89,0.29,0.97,4.0
1758075102.84279,1758075102.73996,0.0,0.0,0.0,-37.47144,16.3293,-7.50575,10.15,-0.07,0.83,4.0
1758075102.85851,1758075102.74996,0.0,0.0,0.0,-35.63798,14.49583,-6.35983,10.02,-0.37,0.72,4.0
1758075102.85942,1758075102.75996,0.0,0.0,0.0,-33.40344,12.37589,-4.69825,10.02,-0.37,0.72,4.0
1758075102.87454,1758075102.76996,0.0,0.0,0.0,-31.56997,10.37054,-2.97938,9.86,-0.54,0.65,4.0
1758075102.89135,1758075102.77996,0.0,0.0,0.0,-28.59059,14.15206,0.0,9.86,-0.54,0.65,4.0
1758075102.89222,1758075102.78996,0.0,0.0,0.0,-26.24147,19.99623,2.00535,10.3,-0.56,0.59,4.0
1758075102.90749,1758075102.79996,0.0,0.0,0.0,-24.17882,25.09555,3.89611,10.3,-0.56,0.59,4.0
1758075102.90882,1758075102.80996,0.0,0.0,0.0,-22.51724,26.35606,5.09932,10.18,-0.49,0.72,4.0
1758075102.92352,1758075102.81996,0.0,0.0,0.0,-20.11082,22.91831,6.07335,9.33,-0.32,0.55,4.0
1758075102.93956,1758075102.82996,0.0,0.0,0.0,-19.53786,17.18874,5.55769,9.33,-0.32,0.55,4.0
1758075102.9407,1758075102.83996,0.0,0.0,0.0,-18.27736,14.09476,5.50039,8.95,-0.1,0.43,4.0
1758075102.9556,1758075102.84996,0.0,0.0,0.0,-17.47521,12.49048,5.15662,8.95,-0.1,0.43,4.0
1758075102.95677,1758075102.85996,0.0,0.0,0.0,-16.55848,8.59437,4.29718,8.96,0.05,0.57,4.0
1758075102.9726,1758075102.86996,0.0,0.0,0.0,-16.272,4.64096,3.95341,8.96,0.05,0.57,4.0
1758075102.98862,1758075102.87996,0.0,0.0,0.0,-16.10011,-0.0573,3.72423,8.58,0.15,0.45,4.0
1758075102.9907,1758075102.88996,0.0,0.0,0.0,-15.98552,-4.69825,3.83882,8.58,0.15,0.45,4.0
1758075103.00561,1758075102.89996,0.0,0.0,0.0,-16.10011,-8.76626,4.18259,8.45,0.19,0.32,4.0
1758075103.00676,1758075102.90996,0.0,0.0,0.0,-16.10011,-10.71431,4.81285,8.6,0.15,0.3,4.0
1758075103.02255,1758075102.91996,0.0,0.0,0.0,-16.272,-12.2613,5.55769,8.6,0.15,0.3,4.0
1758075103.0383,1758075102.92996,0.0,0.0,0.0,-15.98552,-15.69904,6.47442,8.47,0.04,0.38,4.0
1758075103.04031,1758075102.93996,0.0,0.0,0.0,-15.64175,-18.90761,6.7609,8.47,0.04,0.38,4.0
1758075103.05559,1758075102.94996,0.0,0.0,0.0,-15.12609,-20.85567,6.87549,8.23,-0.1,0.4,4.0
1758075103.05653,1758075102.95996,0.0,0.0,0.0,-14.38124,-22.00158,7.04738,8.23,-0.1,0.4,4.0
1758075103.07266,1758075102.96996,0.0,0.0,0.0,-13.06344,-21.7724,7.21927,8.4,-0.23,0.39,4.0
1758075103.08968,1758075102.97996,0.0,0.0,0.0,-11.97482,-20.74107,7.73493,8.75,-0.32,0.37,4.0
1758075103.09057,1758075102.98996,0.0,0.0,0.0,-10.59972,-18.79302,8.42248,8.75,-0.32,0.37,4.0
1758075103.10566,1758075102.99996,0.0,0.0,0.0,-8.93814,-16.38659,9.4538,9.27,-0.44,0.33,4.0
1758075103.107,1758075103.00996,0.0,0.0,0.0,-6.07335,-13.46451,11.57375,9.27,-0.44,0.33,4.0
1758075103.12269,1758075103.01996,0.0,0.0,0.0,-3.72423,-11.97482,13.17803,9.67,-0.54,0.27,4.0
1758075103.13843,1758075103.02996,0.0,0.0,0.0,-1.3751,-11.57375,14.78231,9.67,-0.54,0.27,4.0
1758075103.14012,1758075103.03996,0.0,0.0,0.0,0.74485,-11.51645,16.21471,9.72,-0.58,0.07,4.0
1758075103.15444,1758075103.04996,0.0,0.0,0.0,4.18259,-11.51645,17.81899,9.67,-0.59,0.02,4.0
1758075103.17041,1758075103.05996,0.0,0.0,0.0,6.24524,-11.00079,18.50654,9.67,-0.59,0.02,4.0
1758075103.17172,1758075103.06996,0.0,0.0,0.0,8.25059,-10.8862,19.07949,9.61,-0.55,0.06,4.0
1758075103.18673,1758075103.07996,0.0,0.0,0.0,9.96947,-10.08406,18.9649,9.61,-0.55,0.06,4.0
1758075103.18822,1758075103.08996,0.0,0.0,0.0,12.2613,-8.30789,18.9649,9.47,-0.37,0.16,4.0
1758075103.20272,1758075103.09996,0.0,0.0,0.0,13.5791,-6.99009,18.73572,9.47,-0.37,0.16,4.0
1758075103.21876,1758075103.10996,0.0,0.0,0.0,14.72501,-6.58902,18.10547,9.24,-0.21,0.31,4.0
1758075103.22011,1758075103.11996,0.0,0.0,0.0,16.10011,-6.07335,17.47521,9.24,-0.21,0.31,4.0
1758075103.23482,1758075103.12996,0.0,0.0,0.0,16.73037,-6.13065,16.84496,8.91,-0.1,0.46,4.0
1758075103.25051,1758075103.13996,0.0,0.0,0.0,17.24603,-6.53172,16.38659,8.69,0.04,0.52,4.0
1758075103.25172,1758075103.14996,0.0,0.0,0.0,17.58981,-6.58902,16.3293,8.69,0.04,0.52,4.0
1758075103.26709,1758075103.15996,0.0,0.0,0.0,17.36062,-6.41713,16.67307,8.42,0.28,0.41,4.0
1758075103.26774,1758075103.16996,0.0,0.0,0.0,16.95955,-6.87549,17.30333,8.42,0.28,0.41,4.0
1758075103.28262,1758075103.17996,0.0,0.0,0.0,17.01685,-8.88085,17.87628,7.86,0.44,0.18,4.0
1758075103.29882,1758075103.18996,0.0,0.0,0.0,17.36062,-11.22997,19.13679,7.86,0.44,0.18,4.0
1758075103.30005,1758075103.19996,0.0,0.0,0.0,17.36062,-12.49048,19.53786,7.14,0.44,-0.1,4.0
1758075103.31462,1758075103.20996,0.0,0.0,0.0,16.84496,-13.34992,19.25138,6.88,0.46,-0.1,4.0
1758075103.33059,1758075103.21996,0.0,0.0,0.0,16.04282,-15.35527,18.27736,6.88,0.46,-0.1,4.0
1758075103.33208,1758075103.22996,0.0,0.0,0.0,15.06879,-18.10547,17.24603,6.3,0.51,0.11,4.0
1758075103.34661,1758075103.23996,0.0,0.0,0.0,14.03747,-24.17882,13.69369,6.3,0.51,0.11,4.0
1758075103.34807,1758075103.24996,0.0,0.0,0.0,13.34992,-28.93437,10.19865,6.31,0.43,0.95,4.0
1758075103.36294,1758075103.25996,0.0,0.0,0.0,12.37589,-32.6013,6.35983,6.31,0.43,0.95,4.0
1758075103.3789,1758075103.26996,0.0,0.0,0.0,11.34457,-35.2942,2.57831,7.87,0.13,2.66,4.0
1758075103.38022,1758075103.27996,0.0,0.0,0.0,10.71431,-34.09099,-2.92208,11.41,-0.88,3.83,4.0
1758075103.39466,1758075103.28996,0.0,0.0,0.0,12.54778,-29.22085,-5.95876,11.41,-0.88,3.83,4.0
1758075103.41088,1758075103.29996,0.0,0.0,0.0,15.87093,-22.23076,-9.91217,14.63,-2.98,3.7,4.0
1758075103.41184,1758075103.30996,0.0,0.0,0.0,23.94964,-14.38124,-14.38124,14.63,-2.98,3.7,4.0
1758075103.42691,1758075103.31996,0.0,0.0,0.0,30.93972,-5.61499,-15.64175,15.75,-4.89,2.41,4.0
1758075103.42784,1758075103.32996,0.0,0.0,0.0,37.12767,-0.11459,-16.55848,15.75,-4.89,2.41,4.0
1758075103.44292,1758075103.33996,0.0,0.0,0.0,44.23235,9.62569,-15.58445,16.07,-5.58,1.66,4.0
1758075103.45867,1758075103.34996,0.0,0.0,0.0,56.03527,21.60051,-13.75099,16.07,-5.58,1.66,4.0
1758075103.45989,1758075103.35996,0.0,0.0,0.0,63.42643,23.20479,-12.71966,16.7,-5.14,2.58,4.0
1758075103.47473,1758075103.36996,0.0,0.0,0.0,69.04142,15.87093,-10.71431,15.96,-3.97,2.02,4.0
1758075103.49106,1758075103.37996,0.0,0.0,0.0,72.76565,4.69825,-8.136,15.96,-3.97,2.02,4.0
1758075103.49191,1758075103.38996,0.0,0.0,0.0,75.17207,0.74485,-3.38045,14.54,-2.22,0.92,4.0
1758075103.50704,1758075103.39996,0.0,0.0,0.0,75.97421,5.78687,1.14592,14.54,-2.22,0.92,4.0
1758075103.50791,1758075103.40996,0.0,0.0,0.0,74.94289,12.2613,5.84417,13.84,-0.52,0.83,4.0
1758075103.52304,1758075103.41996,0.0,0.0,0.0,72.99483,16.50119,9.91217,13.84,-0.52,0.83,4.0
1758075103.53877,1758075103.42996,0.0,0.0,0.0,68.12468,18.79302,15.64175,11.74,0.5,1.18,4.0
1758075103.53993,1758075103.43996,0.0,0.0,0.0,64.17127,17.81899,17.24603,9.98,0.93,0.83,4.0
1758075103.55477,1758075103.44996,0.0,0.0,0.0,59.87409,18.79302,17.58981,9.98,0.93,0.83,4.0
1758075103.57102,1758075103.45996,0.0,0.0,0.0,56.26446,25.49662,16.73037,10.01,0.93,1.1,4.0
1758075103.57194,1758075103.46996,0.0,0.0,0.0,51.39432,33.05967,13.12073,10.01,0.93,1.1,4.0
1758075103.58696,1758075103.47996,0.0,0.0,0.0,47.89928,32.14294,9.62569,9.72,0.85,1.27,4.0
1758075103.58822,1758075103.48996,0.0,0.0,0.0,44.63341,27.10091,5.50039,9.72,0.85,1.27,4.0
1758075103.60303,1758075103.49996,0.0,0.0,0.0,42.34158,19.70975,1.3751,8.67,0.44,1.36,4.0
1758075103.61902,1758075103.50996,0.0,0.0,0.0,40.7373,10.8289,-3.49504,8.44,-0.13,1.42,4.0
1758075103.61998,1758075103.51996,0.0,0.0,0.0,40.96649,8.136,-5.90147,8.44,-0.13,1.42,4.0
1758075103.63507,1758075103.52996,0.0,0.0,0.0,41.71133,6.18794,-7.73493,8.99,-0.79,1.58,4.0
1758075103.65107,1758075103.53996,0.0,0.0,0.0,43.83128,3.49504,-8.136,8.99,-0.79,1.58,4.0
1758075103.65204,1758075103.54996,0.0,0.0,0.0,45.43555,3.09397,-7.44845,9.38,-1.32,1.47,4.0
1758075103.66684,1758075103.55996,0.0,0.0,0.0,47.26902,3.38045,-6.07335,9.38,-1.32,1.47,4.0
1758075103.66805,1758075103.56996,0.0,0.0,0.0,48.8733,4.64096,-3.72423,9.68,-1.61,1.32,4.0
1758075103.68308,1758075103.57996,0.0,0.0,0.0,51.22243,6.7609,0.0573,9.68,-1.61,1.26,4.0
1758075103.69913,1758075103.58996,0.0,0.0,0.0,52.19646,7.67763,2.57831,9.61,-1.67,1.26,4.0
1758075103.70033,1758075103.59996,0.0,0.0,0.0,53.05589,11.34457,4.1253,9.42,-1.48,1.12,4.0
1758075103.71518,1758075103.60996,0.0,0.0,0.0,53.05589,14.43854,5.55769,9.42,-1.48,1.12,4.0
1758075103.73119,1758075103.61996,0.0,0.0,0.0,52.48294,16.95955,6.35983,9.38,-1.08,1.14,4.0
1758075103.7321,1758075103.62996,0.0,0.0,0.0,51.10783,12.71966,5.78687,9.38,-1.08,1.14,4.0
1758075103.74691,1758075103.63996,0.0,0.0,0.0,49.56085,8.30789,4.69825,8.76,-0.6,1.03,4.0
1758075103.7484,1758075103.64996,0.0,0.0,0.0,47.67009,6.41713,3.66693,8.76,-0.6,1.03,4.0
1758075103.76291,1758075103.65996,0.0,0.0,0.0,44.86259,4.58366,2.40642,9.07,-0.22,0.97,4.0
1758075103.77916,1758075103.66996,0.0,0.0,0.0,43.14373,4.23989,1.66158,9.33,-0.05,1.05,4.0
1758075103.78066,1758075103.67996,0.0,0.0,0.0,41.31026,4.23989,1.14592,9.33,-0.05,1.05,4.0
1758075103.79514,1758075103.68996,0.0,0.0,0.0,39.4768,3.83882,0.57296,9.44,-0.12,0.95,4.0
1758075103.81119,1758075103.69996,0.0,0.0,0.0,37.01308,1.66158,-0.22918,9.44,-0.12,0.95,4.0
1758075103.81241,1758075103.70996,0.0,0.0,0.0,35.3515,0.85944,-0.97403,9.32,-0.27,0.84,4.0
1758075103.82721,1758075103.71996,0.0,0.0,0.0,33.86181,0.34377,-1.77617,9.32,-0.27,0.84,4.0
1758075103.8284,1758075103.72996,0.0,0.0,0.0,31.62727,0.22918,-2.7502,9.46,-0.47,0.83,4.0
1758075103.84322,1758075103.73996,0.0,0.0,0.0,30.53865,2.23454,-3.20856,9.63,-0.72,0.84,4.0
1758075103.85923,1758075103.74996,0.0,0.0,0.0,29.33544,3.09397,-3.55234,9.63,-0.72,0.84,4.0
1758075103.86042,1758075103.75996,0.0,0.0,0.0,28.24682,3.89611,-3.49504,9.57,-0.94,0.82,4.0
1758075103.87523,1758075103.76996,0.0,0.0,0.0,26.75713,4.64096,-3.32316,9.57,-0.94,0.82,4.0
1758075103.89123,1758075103.77996,0.0,0.0,0.0,25.89769,4.81285,-3.20856,9.47,-1.05,0.81,4.0
1758075103.8922,1758075103.78996,0.0,0.0,0.0,25.15285,5.4431,-3.03668,9.47,-1.05,0.81,4.0
1758075103.90701,1758075103.79996,0.0,0.0,0.0,24.35071,6.18794,-3.03668,9.47,-1.07,0.86,4.0
1758075103.90867,1758075103.80996,0.0,0.0,0.0,23.54857,5.84417,-3.49504,9.46,-1.07,0.9,4.0
1758075103.923,1758075103.81996,0.0,0.0,0.0,22.97561,4.81285,-3.95341,9.46,-1.01,0.9,4.0
1758075103.93902,1758075103.82996,0.0,0.0,0.0,22.40265,3.72423,-4.81285,9.41,-0.94,0.99,4.0
1758075103.94049,1758075103.83996,0.0,0.0,0.0,21.94428,2.92208,-6.07335,9.41,-0.94,0.99,4.0
1758075103.95536,1758075103.84996,0.0,0.0,0.0,20.85567,1.77617,-8.36518,9.38,-0.86,1.06,4.0
1758075103.97129,1758075103.85996,0.0,0.0,0.0,20.22541,1.71887,-10.48513,9.38,-0.86,1.06,4.0
1758075103.97225,1758075103.86996,0.0,0.0,0.0,19.42327,1.48969,-12.43318,9.41,-0.76,1.08,4.0
1758075103.98708,1758075103.87996,0.0,0.0,0.0,18.79302,1.71887,-14.32395,9.41,-0.76,1.08,4.0
1758075103.98826,1758075103.88996,0.0,0.0,0.0,17.76169,1.08862,-17.01685,9.21,-0.71,1.08,4.0
1758075104.00336,1758075103.89996,0.0,0.0,0.0,16.95955,1.60428,-18.50654,8.95,-0.73,1.05,4.0
1758075104.01937,1758075103.90996,0.0,0.0,0.0,16.272,2.6929,-20.11082,8.95,-0.73,1.05,4.0
1758075104.0207,1758075103.91996,0.0,0.0,0.0,15.87093,3.66693,-22.00158,8.87,-0.78,1.21,4.0
1758075104.03541,1758075103.92996,0.0,0.0,0.0,15.35527,5.15662,-22.97561,8.87,-0.78,1.21,4.0
1758075104.05139,1758075103.93996,0.0,0.0,0.0,15.12609,5.61499,-23.89234,8.72,-0.89,1.26,4.0
1758075104.05278,1758075103.94996,0.0,0.0,0.0,14.83961,5.90147,-24.86637,8.72,-0.89,1.26,4.0
1758075104.06711,1758075103.95996,0.0,0.0,0.0,15.06879,6.47442,-26.06958,8.49,-0.98,1.34,4.0
1758075104.06832,1758075103.96996,0.0,0.0,0.0,15.06879,6.53172,-26.69983,8.25,-0.98,1.44,4.0
1758075104.08346,1758075103.97996,0.0,0.0,0.0,15.58445,6.87549,-27.44468,8.25,-0.98,1.44,4.0
1758075104.09929,1758075103.98996,0.0,0.0,0.0,16.04282,7.10468,-28.01764,8.13,-0.91,1.36,4.0
1758075104.10033,1758075103.99996,0.0,0.0,0.0,16.84496,7.39116,-28.64789,8.13,-0.91,1.36,4.0
1758075104.11538,1758075104.00996,0.0,0.0,0.0,17.36062,7.50575,-28.70519,7.85,-0.89,1.19,4.0
1758075104.13115,1758075104.01996,0.0,0.0,0.0,17.81899,6.8182,-28.93437,7.85,-0.89,1.19,4.0
1758075104.13265,1758075104.02996,0.0,0.0,0.0,18.22006,5.55769,-28.64789,7.17,-0.92,1.09,4.0
1758075104.14715,1758075104.03996,0.0,0.0,0.0,18.79302,2.06265,-27.61657,6.39,-0.94,1.17,4.0
1758075104.14844,1758075104.04996,0.0,0.0,0.0,19.48057,-1.3178,-26.35606,6.39,-0.94,1.17,4.0
1758075104.16313,1758075104.05996,0.0,0.0,0.0,19.82434,-6.24524,-25.21014,5.7,-1.02,1.32,4.0
1758075104.17923,1758075104.06996,0.0,0.0,0.0,20.62648,-11.17268,-23.83505,5.7,-1.02,1.32,4.0
1758075104.18049,1758075104.07996,0.0,0.0,0.0,22.00158,-18.22006,-21.14215,5.54,-0.84,1.75,4.0
1758075104.19535,1758075104.08996,0.0,0.0,0.0,22.97561,-22.34536,-18.85031,5.54,-0.84,1.75,4.0
1758075104.21133,1758075104.09996,0.0,0.0,0.0,23.94964,-25.72581,-15.69904,6.77,0.25,2.51,4.0
1758075104.21242,1758075104.10996,0.0,0.0,0.0,23.94964,-23.31938,-12.43318,6.77,0.25,2.51,4.0
1758075104.22731,1758075104.11996,0.0,0.0,0.0,20.74107,-16.95955,-7.44845,10.14,2.17,3.05,4.0
1758075104.22844,1758075104.12996,0.0,0.0,0.0,16.04282,-6.24524,-2.63561,14.61,4.63,3.86,4.0
1758075104.24332,1758075104.13996,0.0,0.0,0.0,7.67763,9.96947,2.23454,14.61,4.63,3.86,4.0
1758075104.25936,1758075104.14996,0.0,0.0,0.0,-12.204,26.18417,11.17268,18.92,7.88,3.44,4.0
1758075104.26107,1758075104.15996,0.0,0.0,0.0,-28.93437,44.11775,15.98552,18.92,7.88,3.44,4.0
1758075104.27529,1758075104.16996,0.0,0.0,0.0,-46.69606,48.52953,18.79302,18.37,10.05,2.97,4.0
1758075104.29156,1758075104.17996,0.0,0.0,0.0,-62.62429,40.62271,18.73572,18.37,10.05,2.97,4.0
1758075104.29281,1758075104.18996,0.0,0.0,0.0,-83.53725,-10.08406,14.32395,14.62,9.41,2.83,4.0
1758075104.30758,1758075104.19996,0.0,0.0,0.0,-94.65263,-14.32395,8.59437,13.28,6.49,1.5,4.0
1758075104.3088,1758075104.20996,0.0,0.0,0.0,-98.49145,7.62034,4.23989,13.28,6.49,1.5,4.0
1758075104.32355,1758075104.21996,0.0,0.0,0.0,-99.69466,25.72581,-5.09932,15.42,2.42,1.65,4.0
1758075104.33961,1758075104.22996,0.0,0.0,0.0,-100.95516,34.60666,-18.9649,15.42,2.42,1.65,4.0
1758075104.34128,1758075104.23996,0.0,0.0,0.0,-100.72599,31.85646,-28.87707,12.38,0.61,2.25,4.0
1758075104.35632,1758075104.24996,0.0,0.0,0.0,-99.29359,24.98096,-37.01308,12.38,0.61,2.25,4.0
1758075104.35757,1758075104.25996,0.0,0.0,0.0,-96.4861,12.71966,-42.85724,9.92,0.0,0.82,4.0
1758075104.37336,1758075104.26996,0.0,0.0,0.0,-88.2355,-9.05273,-46.40959,8.46,-0.6,0.9,4.0
1758075104.38963,1758075104.27996,0.0,0.0,0.0,-82.67782,-20.74107,-44.40423,8.46,-0.6,0.9,4.0
1758075104.39083,1758075104.28996,0.0,0.0,0.0,-77.63579,-24.4653,-40.04975,8.8,-0.77,0.74,4.0
1758075104.40573,1758075104.29996,0.0,0.0,0.0,-71.50513,-12.43318,-34.09099,8.8,-0.77,0.74,4.0
1758075104.42167,1758075104.30996,0.0,0.0,0.0,-65.77556,14.09476,-27.10091,11.05,-0.53,1.66,4.0
1758075104.42289,1758075104.31996,0.0,0.0,0.0,-60.61894,20.3973,-19.07949,11.05,-0.53,1.66,4.0
1758075104.43767,1758075104.32996,0.0,0.0,0.0,-55.92068,17.76169,-13.17803,9.33,-0.09,2.52,4.0
1758075104.43903,1758075104.33996,0.0,0.0,0.0,-51.39432,5.55769,-5.78687,9.33,-0.09,2.52,4.0
1758075104.45348,1758075104.34996,0.0,0.0,0.0,-46.00851,-10.25595,-2.40642,7.13,0.17,1.9,4.0
1758075104.46944,1758075104.35996,0.0,0.0,0.0,-43.02913,-13.98017,0.11459,8.24,0.39,2.19,4.0
1758075104.47144,1758075104.36996,0.0,0.0,0.0,-40.68,-13.34992,1.60428,8.24,0.39,2.19,4.0
1758075104.48642,1758075104.37996,0.0,0.0,0.0,-37.81522,-11.34457,2.06265,9.71,0.65,2.47,4.0
1758075104.48763,1758075104.38996,0.0,0.0,0.0,-36.32552,-10.37054,1.77617,9.71,0.65,2.47,4.0
1758075104.50372,1758075104.39996,0.0,0.0,0.0,-35.2942,-9.5684,1.08862,9.83,0.97,2.22,4.0
1758075104.51974,1758075104.40996,0.0,0.0,0.0,-34.60666,-8.42248,0.17189,9.83,0.97,2.22,4.0
1758075104.52111,1758075104.41996,0.0,0.0,0.0,-34.09099,-5.78687,-1.66158,9.75,1.09,1.96,4.0
1758075104.53575,1758075104.42996,0.0,0.0,0.0,-33.51803,-3.83882,-2.86479,9.87,0.95,1.98,4.0
1758075104.55154,1758075104.43996,0.0,0.0,0.0,-32.48671,-1.83346,-4.18259,9.87,0.95,1.98,4.0
1758075104.55312,1758075104.44996,0.0,0.0,0.0,-31.28349,-0.17189,-5.32851,10.05,0.62,2.05,4.0
1758075104.56752,1758075104.45996,0.0,0.0,0.0,-28.70519,0.97403,-6.41713,10.05,0.62,2.05,4.0
1758075104.56872,1758075104.46996,0.0,0.0,0.0,-26.24147,0.97403,-6.7609,10.0,0.2,2.05,4.0
1758075104.5838,1758075104.47996,0.0,0.0,0.0,-23.54857,0.17189,-6.47442,10.0,0.2,2.05,4.0
1758075104.59966,1758075104.48996,0.0,0.0,0.0,-20.68378,-0.57296,-6.13065,9.82,-0.09,1.98,4.0
1758075104.60071,1758075104.49996,0.0,0.0,0.0,-15.64175,-1.83346,-5.09932,9.7,-0.21,2.02,4.0
1758075104.61579,1758075104.50996,0.0,0.0,0.0,-12.2613,-2.34913,-4.35448,9.7,-0.21,2.02,4.0
1758075104.63176,1758075104.51996,0.0,0.0,0.0,-8.70896,-2.11994,-3.55234,9.73,-0.18,1.96,4.0
1758075104.63274,1758075104.52996,0.0,0.0,0.0,-5.27121,-1.08862,-2.63561,9.73,-0.18,1.96,4.0
1758075104.64757,1758075104.53996,0.0,0.0,0.0,-0.40107,1.14592,-1.3178,9.86,0.0,1.82,4.0
1758075104.64877,1758075104.54996,0.0,0.0,0.0,2.46372,2.63561,-0.57296,9.86,0.0,1.82,4.0
1758075104.66357,1758075104.55996,0.0,0.0,0.0,5.15662,3.66693,0.22918,9.79,0.27,1.62,4.0
1758075104.67957,1758075104.56996,0.0,0.0,0.0,8.70896,4.0107,1.3751,9.79,0.27,1.62,4.0
1758075104.68108,1758075104.57996,0.0,0.0,0.0,10.59972,3.26586,2.00535,9.62,0.58,1.56,4.0
1758075104.69586,1758075104.58996,0.0,0.0,0.0,12.2613,2.97938,2.92208,9.47,0.82,1.44,4.0
1758075104.71187,1758075104.59996,0.0,0.0,0.0,13.69369,3.55234,3.83882,9.47,0.82,1.44,4.0
1758075104.71311,1758075104.60996,0.0,0.0,0.0,15.12609,4.64096,5.32851,9.48,0.93,1.4,4.0
1758075104.72788,1758075104.61996,0.0,0.0,0.0,15.64175,5.61499,6.35983,9.48,0.93,1.4,4.0
1758075104.72911,1758075104.62996,0.0,0.0,0.0,16.10011,5.95876,7.50575,9.36,0.97,1.43,4.0
1758075104.74385,1758075104.63996,0.0,0.0,0.0,16.50119,5.72958,8.47978,9.36,0.97,1.43,4.0
1758075104.75994,1758075104.64996,0.0,0.0,0.0,16.67307,3.49504,9.85487,9.12,0.94,1.32,4.0
1758075104.76125,1758075104.65996,0.0,0.0,0.0,17.24603,1.94806,10.48513,8.81,0.82,1.15,4.0
1758075104.77591,1758075104.66996,0.0,0.0,0.0,17.36062,0.57296,10.65701,8.81,0.82,1.15,4.0
1758075104.79197,1758075104.67996,0.0,0.0,0.0,17.6471,3.26586,11.17268,8.92,0.69,1.01,4.0
1758075104.79289,1758075104.68996,0.0,0.0,0.0,18.90761,11.11538,12.71966,8.92,0.69,1.01,4.0
1758075104.80795,1758075104.69996,0.0,0.0,0.0,19.82434,15.29797,13.69369,9.33,0.56,0.92,4.0
1758075104.80889,1758075104.70996,0.0,0.0,0.0,20.3973,16.55848,14.83961,9.33,0.56,0.92,4.0
1758075104.82399,1758075104.71996,0.0,0.0,0.0,20.79837,14.20935,16.04282,9.02,0.58,1.01,4.0
1758075104.84006,1758075104.72996,0.0,0.0,0.0,21.7151,5.78687,17.93358,8.36,0.63,0.76,4.0
1758075104.84123,1758075104.73996,0.0,0.0,0.0,22.23076,0.22918,19.70975,8.36,0.63,0.76,4.0
1758075104.856,1758075104.74996,0.0,0.0,0.0,22.63183,-4.29718,21.6578,8.38,0.51,0.66,4.0
1758075104.87187,1758075104.75996,0.0,0.0,0.0,23.0902,-8.65166,24.23611,8.38,0.51,0.66,4.0
1758075104.87292,1758075104.76996,0.0,0.0,0.0,23.31938,-13.46451,25.72581,8.54,0.5,0.59,4.0
1758075104.88778,1758075104.77996,0.0,0.0,0.0,23.26209,-16.10011,27.2155,8.54,0.5,0.59,4.0
1758075104.88893,1758075104.78996,0.0,0.0,0.0,22.68913,-18.27736,28.30412,8.73,0.56,0.63,4.0
1758075104.90408,1758075104.79996,0.0,0.0,0.0,21.94428,-21.31403,29.27814,8.73,0.56,0.63,4.0
1758075104.91995,1758075104.80996,0.0,0.0,0.0,21.31403,-22.11617,29.73651,8.92,0.66,0.64,4.0
1758075104.92097,1758075104.81996,0.0,0.0,0.0,20.3973,-20.85567,29.96569,9.35,0.71,0.55,4.0
1758075104.93606,1758075104.82996,0.0,0.0,0.0,19.76705,-19.13679,30.13758,9.35,0.71,0.55,4.0
1758075104.95207,1758075104.83996,0.0,0.0,0.0,18.50654,-18.16276,30.02299,9.52,0.57,0.69,4.0
1758075104.95327,1758075104.84996,0.0,0.0,0.0,18.16276,-19.36597,30.02299,9.52,0.57,0.69,4.0
1758075104.96807,1758075104.85996,0.0,0.0,0.0,17.93358,-21.60051,30.02299,8.98,0.47,0.74,4.0
1758075104.96927,1758075104.86996,0.0,0.0,0.0,17.99088,-23.60586,29.96569,8.98,0.47,0.74,4.0
1758075104.98407,1758075104.87996,0.0,0.0,0.0,18.22006,-25.7831,29.9084,8.58,0.54,0.59,4.0
1758075104.99988,1758075104.88996,0.0,0.0,0.0,18.56383,-25.8404,29.96569,8.78,0.67,0.56,4.0
1758075105.001,1758075104.89996,0.0,0.0,0.0,18.90761,-25.43933,30.13758,8.78,0.67,0.56,4.0
1758075105.01589,1758075104.90996,0.0,0.0,0.0,18.9649,-24.57989,30.02299,9.24,0.74,0.67,4.0
1758075105.03199,1758075104.91996,0.0,0.0,0.0,19.36597,-22.51724,29.96569,9.24,0.74,0.67,4.0
1758075105.03251,1758075104.92996,0.0,0.0,0.0,19.42327,-21.02755,29.96569,9.62,0.76,0.57,4.0
1758075105.04791,1758075104.93996,0.0,0.0,0.0,19.42327,-20.05352,29.62192,9.62,0.76,0.57,4.0
1758075105.0491,1758075104.94996,0.0,0.0,0.0,19.48057,-19.36597,29.33544,9.58,0.73,0.35,4.0
1758075105.06393,1758075104.95996,0.0,0.0,0.0,19.70975,-18.85031,28.59059,9.24,0.64,0.02,4.0
1758075105.07989,1758075104.96996,0.0,0.0,0.0,20.05352,-17.87628,27.96034,9.24,0.64,0.02,4.0
1758075105.08108,1758075104.97996,0.0,0.0,0.0,20.85567,-15.98552,27.2155,9.08,0.46,-0.24,4.0
1758075105.09613,1758075104.98996,0.0,0.0,0.0,22.34536,-13.98017,25.89769,9.08,0.46,-0.24,4.0
1758075105.11218,1758075104.99996,0.0,0.0,0.0,23.66316,-11.17268,24.92367,8.98,0.23,-0.41,4.0
1758075105.11256,1758075105.00996,0.0,0.0,0.0,24.92367,-10.02676,24.12152,8.98,0.23,-0.41,4.0
1758075105.12819,1758075105.01996,0.0,0.0,0.0,26.24147,-9.5684,22.97561,8.83,0.09,-0.62,4.0
1758075105.12957,1758075105.02996,0.0,0.0,0.0,28.64789,-10.37054,21.48592,8.83,0.09,-0.62,4.0
1758075105.14394,1758075105.03996,0.0,0.0,0.0,29.9084,-12.14671,20.22541,8.42,0.0,-0.9,4.0
1758075105.16022,1758075105.04996,0.0,0.0,0.0,31.16891,-14.32395,18.90761,7.76,0.03,-1.07,4.0
1758075105.16117,1758075105.05996,0.0,0.0,0.0,32.37212,-17.01685,17.30333,7.76,0.03,-1.07,4.0
1758075105.17625,1758075105.06996,0.0,0.0,0.0,33.40344,-22.00158,14.61043,7.14,0.18,-0.57,4.0
1758075105.19219,1758075105.07996,0.0,0.0,0.0,33.46074,-25.7831,12.77696,7.14,0.18,-0.57,4.0
1758075105.1926,1758075105.08996,0.0,0.0,0.0,33.34615,-29.73651,10.8289,7.33,0.37,1.2,4.0
1758075105.20828,1758075105.09996,0.0,0.0,0.0,32.54401,-34.26288,8.93814,7.33,0.37,1.2,4.0
1758075105.20944,1758075105.10996,0.0,0.0,0.0,30.76784,-35.06502,4.98473,9.68,0.24,3.76,4.0
1758075105.22429,1758075105.11996,0.0,0.0,0.0,30.48136,-33.9764,1.3178,13.41,-1.01,5.58,4.0
1758075105.24028,1758075105.12996,0.0,0.0,0.0,31.97105,-31.39809,-3.49504,13.41,-1.01,5.58,4.0
1758075105.2424,1758075105.13996,0.0,0.0,0.0,34.72124,-24.5226,-8.36518,14.48,-2.86,4.94,4.0
1758075105.25611,1758075105.14996,0.0,0.0,0.0,40.33623,-17.87628,-13.00614,14.48,-2.86,4.94,4.0
1758075105.25718,1758075105.15996,0.0,0.0,0.0,46.2377,-20.85567,-14.78231,13.66,-3.96,2.88,4.0
1758075105.27258,1758075105.16996,0.0,0.0,0.0,51.90998,-32.6013,-14.32395,13.66,-3.96,2.88,4.0
1758075105.28807,1758075105.17996,0.0,0.0,0.0,58.26981,-34.0337,-13.34992,13.02,-4.15,2.2,4.0
1758075105.28922,1758075105.18996,0.0,0.0,0.0,67.72362,-21.42862,-12.43318,16.36,-3.64,2.57,4.0
1758075105.30418,1758075105.19996,0.0,0.0,0.0,72.47916,-13.5791,-11.74564,16.36,-3.64,2.57,4.0
1758075105.32034,1758075105.20996,0.0,0.0,0.0,75.68773,-4.64096,-11.28727,17.4,-2.62,1.62,4.0
1758075105.32124,1758075105.21996,0.0,0.0,0.0,78.15145,5.09932,-7.96411,17.4,-2.62,1.62,4.0
1758075105.33621,1758075105.22996,0.0,0.0,0.0,76.94823,5.95876,-5.15662,15.3,-1.17,0.99,4.0
1758075105.3372,1758075105.23996,0.0,0.0,0.0,75.34396,7.39116,-0.45837,15.3,-1.17,0.99,4.0
1758075105.35281,1758075105.24996,0.0,0.0,0.0,73.05212,8.65166,4.64096,13.11,0.14,1.02,4.0
1758075105.36807,1758075105.25996,0.0,0.0,0.0,67.9528,13.17803,12.89155,13.11,0.14,1.26,4.0
1758075105.36926,1758075105.26996,0.0,0.0,0.0,64.17127,16.10011,17.53251,11.98,0.91,1.26,4.0
1758075105.38414,1758075105.27996,0.0,0.0,0.0,60.04598,18.90761,20.68378,10.95,1.13,1.2,4.0
1758075105.40031,1758075105.28996,0.0,0.0,0.0,55.97798,20.85567,22.23076,10.95,1.13,1.2,4.0
1758075105.4013,1758075105.29996,0.0,0.0,0.0,50.01921,22.91831,21.7724,10.45,1.04,1.08,4.0
1758075105.41642,1758075105.30996,0.0,0.0,0.0,46.86795,23.49127,20.16812,10.45,1.04,1.08,4.0
1758075105.41731,1758075105.31996,0.0,0.0,0.0,44.28964,24.80907,17.53251,10.25,0.59,1.19,4.0
1758075105.43263,1758075105.32996,0.0,0.0,0.0,42.74266,30.99702,14.9542,10.25,0.59,1.19,4.0
1758075105.44843,1758075105.33996,0.0,0.0,0.0,41.71133,39.13302,10.8289,10.6,-0.1,1.41,4.0
1758075105.44931,1758075105.34996,0.0,0.0,0.0,41.71133,40.96649,8.36518,9.77,-0.68,1.43,4.0
1758075105.46439,1758075105.35996,0.0,0.0,0.0,41.76862,40.27893,6.47442,9.77,-0.68,1.43,4.0
1758075105.48038,1758075105.36996,0.0,0.0,0.0,42.1124,38.1017,4.87014,8.93,-1.12,1.4,4.0
1758075105.48135,1758075105.37996,0.0,0.0,0.0,43.31561,33.40344,3.72423,8.93,-1.12,1.4,4.0
1758075105.49641,1758075105.38996,0.0,0.0,0.0,44.46153,30.53865,3.38045,8.82,-1.34,1.34,4.0
1758075105.49737,1758075105.39996,0.0,0.0,0.0,45.72203,27.61657,3.20856,8.82,-1.34,1.34,4.0
1758075105.51272,1758075105.40996,0.0,0.0,0.0,47.78468,25.55392,3.32316,8.85,-1.35,1.33,4.0
1758075105.52845,1758075105.41996,0.0,0.0,0.0,49.21708,23.66316,3.60963,8.89,-1.24,1.27,4.0
1758075105.52938,1758075105.42996,0.0,0.0,0.0,50.2484,22.68913,3.60963,8.89,-1.24,1.27,4.0
1758075105.54445,1758075105.43996,0.0,0.0,0.0,51.16513,21.14215,4.1253,8.78,-1.04,1.15,4.0
1758075105.56047,1758075105.44996,0.0,0.0,0.0,52.08187,18.62113,4.46907,8.78,-1.04,1.15,4.0
1758075105.5614,1758075105.45996,0.0,0.0,0.0,52.08187,16.90226,4.52637,8.77,-0.82,0.89,4.0
1758075105.57649,1758075105.46996,0.0,0.0,0.0,52.08187,15.12609,4.64096,8.77,-0.82,0.89,4.0
1758075105.57742,1758075105.47996,0.0,0.0,0.0,51.22243,13.98017,4.58366,8.81,-0.57,0.65,4.0
1758075105.59247,1758075105.48996,0.0,0.0,0.0,49.84733,13.00614,3.55234,8.94,-0.43,0.57,4.0
1758075105.6085,1758075105.49996,0.0,0.0,0.0,48.35764,12.54778,2.40642,8.94,-0.43,0.57,4.0
1758075105.60945,1758075105.50996,0.0,0.0,0.0,47.03984,12.71966,1.20321,8.99,-0.39,0.56,4.0
1758075105.62447,1758075105.51996,0.0,0.0,0.0,45.60744,12.37589,0.22918,8.99,-0.39,0.56,4.0
1758075105.64059,1758075105.52996,0.0,0.0,0.0,43.54479,10.48513,-1.77617,9.05,-0.38,0.41,4.0
1758075105.64149,1758075105.53996,0.0,0.0,0.0,42.34158,7.62034,-3.26586,9.05,-0.38,0.41,4.0
1758075105.65656,1758075105.54996,0.0,0.0,0.0,41.36755,3.03668,-4.64096,8.96,-0.43,0.16,4.0
1758075105.65748,1758075105.55996,0.0,0.0,0.0,40.7373,-1.20321,-5.84417,8.96,-0.43,0.16,4.0
1758075105.67258,1758075105.56996,0.0,0.0,0.0,40.27893,-7.16197,-7.10468,9.27,-0.62,0.44,4.0
1758075105.68865,1758075105.57996,0.0,0.0,0.0,39.82057,-9.85487,-6.87549,10.86,-0.79,1.79,4.0
1758075105.6895,1758075105.58996,0.0,0.0,0.0,39.07573,-11.80293,-5.09932,10.86,-0.79,1.79,4.0
1758075105.70449,1758075105.59996,0.0,0.0,0.0,37.64333,-13.06344,0.34377,13.23,-0.24,2.89,4.0
1758075105.72061,1758075105.60996,0.0,0.0,0.0,35.2369,-13.40721,4.52637,13.23,-0.24,2.89,4.0
1758075105.72154,1758075105.61996,0.0,0.0,0.0,33.80451,-11.91752,7.96411,13.26,0.79,2.94,4.0
1758075105.73637,1758075105.62996,0.0,0.0,0.0,33.23156,-9.68299,9.91217,13.26,0.79,2.94,4.0
1758075105.73757,1758075105.63996,0.0,0.0,0.0,34.26288,-9.5684,9.5684,11.05,0.68,2.72,4.0
1758075105.75269,1758075105.64996,0.0,0.0,0.0,35.75257,-14.03747,7.10468,8.9,0.03,2.82,4.0
1758075105.76866,1758075105.65996,0.0,0.0,0.0,38.38818,-21.25674,3.89611,8.9,0.03,2.82,4.0
1758075105.76959,1758075105.66996,0.0,0.0,0.0,40.85189,-29.8511,-0.74485,8.04,-0.66,2.79,4.0
1758075105.78571,1758075105.67996,0.0,0.0,0.0,46.1804,-33.51803,-6.24524,8.04,-0.66,2.79,4.0
1758075105.78657,1758075105.68996,0.0,0.0,0.0,50.13381,-31.45539,-8.59437,8.98,-1.04,2.4,4.0
1758075105.80667,1758075105.69996,0.0,0.0,0.0,54.3164,-28.64789,-9.39651,8.98,-1.04,2.4,4.0
1758075105.81186,1758075105.70996,0.0,0.0,0.0,58.26981,-26.35606,-9.11003,9.49,-1.06,2.22,4.0
1758075105.82669,1758075105.71996,0.0,0.0,0.0,63.88479,-23.54857,-6.35983,9.46,-0.7,1.92,4.0
1758075105.82874,1758075105.72996,0.0,0.0,0.0,67.09336,-20.22541,-3.26586,9.46,-0.7,1.92,4.0
1758075105.84448,1758075105.73996,0.0,0.0,0.0,69.27061,-13.5791,-0.85944,9.81,-0.12,1.74,4.0
1758075105.86148,1758075105.74996,0.0,0.0,0.0,71.21866,-9.5684,2.7502,9.81,-0.12,1.74,4.0
1758075105.86243,1758075105.75996,0.0,0.0,0.0,72.82294,-2.00535,8.0787,10.08,0.67,1.84,4.0
1758075105.87771,1758075105.76996,0.0,0.0,0.0,72.47916,2.92208,10.8862,10.08,0.67,1.84,4.0
1758075105.87872,1758075105.77996,0.0,0.0,0.0,71.56243,7.10468,12.71966,10.42,1.25,1.93,4.0
1758075105.89366,1758075105.78996,0.0,0.0,0.0,69.84356,10.25595,13.80828,10.42,1.25,1.93,4.0
1758075105.90944,1758075105.79996,0.0,0.0,0.0,66.06203,14.66772,13.00614,10.29,1.69,2.14,4.0
1758075105.91143,1758075105.80996,0.0,0.0,0.0,63.25455,16.61578,11.00079,10.09,1.86,2.25,4.0
1758075105.92669,1758075105.81996,0.0,0.0,0.0,60.38975,16.50119,8.36518,10.09,1.86,2.25,4.0
1758075105.92772,1758075105.82996,0.0,0.0,0.0,55.92068,13.00614,3.09397,9.6,1.82,2.23,4.0
1758075105.94275,1758075105.83996,0.0,0.0,0.0,52.9986,9.11003,-0.57296,9.6,1.82,2.23,4.0
1758075105.95878,1758075105.84996,0.0,0.0,0.0,50.59217,7.16197,-3.49504,9.36,1.63,2.12,4.0
1758075105.95971,1758075105.85996,0.0,0.0,0.0,48.41494,5.15662,-5.95876,9.36,1.63,2.12,4.0
1758075105.97477,1758075105.86996,0.0,0.0,0.0,46.00851,4.18259,-8.0787,9.56,1.4,2.03,4.0
1758075105.99079,1758075105.87996,0.0,0.0,0.0,45.49285,5.4431,-8.136,9.93,1.18,2.04,4.0
1758075105.99171,1758075105.88996,0.0,0.0,0.0,45.09178,7.67763,-7.44845,9.93,1.18,2.04,4.0
1758075106.00678,1758075105.89996,0.0,0.0,0.0,45.14908,10.19865,-5.95876,10.03,1.0,1.96,4.0
1758075106.00798,1758075105.90996,0.0,0.0,0.0,45.60744,10.8862,-3.38045,10.03,1.0,1.96,4.0
1758075106.02275,1758075105.91996,0.0,0.0,0.0,46.1231,9.22462,-1.48969,9.6,0.87,1.93,4.0
1758075106.03897,1758075105.92996,0.0,0.0,0.0,46.52417,7.16197,0.22918,9.6,0.87,1.93,4.0
1758075106.04018,1758075105.93996,0.0,0.0,0.0,47.26902,5.09932,1.94806,9.22,0.8,1.9,4.0
1758075106.05483,1758075105.94996,0.0,0.0,0.0,48.07116,4.46907,3.83882,9.24,0.8,1.97,4.0
1758075106.0706,1758075105.95996,0.0,0.0,0.0,48.70141,6.18794,4.98473,9.24,0.8,1.97,4.0
1758075106.07181,1758075105.96996,0.0,0.0,0.0,48.70141,9.68299,5.55769,9.71,0.94,2.01,4.0
1758075106.08691,1758075105.97996,0.0,0.0,0.0,48.70141,13.40721,6.13065,9.71,0.94,2.01,4.0
1758075106.08778,1758075105.98996,0.0,0.0,0.0,48.52953,15.98552,6.99009,9.75,1.13,1.93,4.0
1758075106.1029,1758075105.99996,0.0,0.0,0.0,48.01387,16.272,7.44845,9.75,1.13,1.93,4.0
1758075106.1189,1758075106.00996,0.0,0.0,0.0,46.63877,14.83961,7.50575,9.37,1.28,1.83,4.0
1758075106.11985,1758075106.01996,0.0,0.0,0.0,45.26366,13.12073,7.50575,9.37,1.28,1.83,4.0
1758075106.13479,1758075106.02996,0.0,0.0,0.0,42.1124,9.22462,7.33386,9.15,1.45,1.73,4.0
1758075106.15088,1758075106.03996,0.0,0.0,0.0,40.10705,6.47442,7.04738,9.18,1.55,1.63,4.0
1758075106.15225,1758075106.04996,0.0,0.0,0.0,37.64333,5.09932,6.99009,9.18,1.55,1.63,4.0
1758075106.16667,1758075106.05996,0.0,0.0,0.0,34.09099,4.92744,6.99009,9.53,1.59,1.47,4.0
1758075106.16818,1758075106.06996,0.0,0.0,0.0,31.85646,5.61499,7.21927,9.53,1.59,1.47,4.0
1758075106.18264,1758075106.07996,0.0,0.0,0.0,29.67921,6.47442,7.67763,9.73,1.49,1.4,4.0
1758075106.1989,1758075106.08996,0.0,0.0,0.0,27.73116,7.44845,8.136,9.73,1.49,1.4,4.0
1758075106.20017,1758075106.09996,0.0,0.0,0.0,25.15285,8.47978,9.05273,9.78,1.33,1.32,4.0
1758075106.215,1758075106.10996,0.0,0.0,0.0,23.66316,8.70896,9.62569,9.74,1.2,1.25,4.0
1758075106.23102,1758075106.11996,0.0,0.0,0.0,22.34536,9.05273,10.02676,9.74,1.2,1.25,4.0
1758075106.23214,1758075106.12996,0.0,0.0,0.0,21.37133,9.4538,10.59972,9.83,1.11,1.24,4.0
1758075106.24675,1758075106.13996,0.0,0.0,0.0,19.70975,10.48513,11.34457,9.83,1.11,1.24,4.0
1758075106.24825,1758075106.14996,0.0,0.0,0.0,18.73572,10.31324,11.97482,10.03,1.06,1.3,4.0
1758075106.26305,1758075106.15996,0.0,0.0,0.0,17.6471,9.91217,12.71966,10.03,1.06,1.3,4.0
1758075106.27905,1758075106.16996,0.0,0.0,0.0,16.67307,8.99544,13.17803,9.99,1.02,1.22,4.0
1758075106.28077,1758075106.17996,0.0,0.0,0.0,14.9542,7.73493,13.46451,9.7,0.96,1.19,4.0
1758075106.29608,1758075106.18996,0.0,0.0,0.0,13.69369,7.44845,13.23533,9.7,0.96,1.19,4.0
1758075106.29698,1758075106.19996,0.0,0.0,0.0,12.49048,6.87549,12.83425,9.49,0.96,1.2,4.0
1758075106.31303,1758075106.20996,0.0,0.0,0.0,11.17268,6.47442,12.37589,9.49,0.96,1.2,4.0
1758075106.32886,1758075106.21996,0.0,0.0,0.0,8.93814,6.07335,11.45916,9.4,1.03,1.15,4.0
1758075106.33001,1758075106.22996,0.0,0.0,0.0,7.50575,6.13065,10.8289,9.4,1.03,1.15,4.0
1758075106.34512,1758075106.23996,0.0,0.0,0.0,6.18794,6.41713,10.25595,9.45,1.09,1.02,4.0
1758075106.36083,1758075106.24996,0.0,0.0,0.0,4.23989,7.39116,9.62569,9.45,1.09,1.02,4.0
1758075106.36202,1758075106.25996,0.0,0.0,0.0,3.09397,8.136,9.4538,9.56,1.08,0.97,4.0
1758075106.37708,1758075106.26996,0.0,0.0,0.0,2.11994,9.28192,9.62569,9.71,1.0,0.96,4.0
1758075106.37843,1758075106.27996,0.0,0.0,0.0,1.20321,10.19865,9.91217,9.71,1.0,0.96,4.0
1758075106.3931,1758075106.28996,0.0,0.0,0.0,0.22918,10.25595,10.8862,9.77,0.88,0.94,4.0
1758075106.40916,1758075106.29996,0.0,0.0,0.0,-0.0573,9.74028,11.80293,9.77,0.88,0.94,4.0
1758075106.41005,1758075106.30996,0.0,0.0,0.0,-0.22918,9.22462,12.83425,9.76,0.78,1.01,4.0
1758075106.42514,1758075106.31996,0.0,0.0,0.0,-0.34377,8.36518,13.80828,9.76,0.78,1.01,4.0
1758075106.44115,1758075106.32996,0.0,0.0,0.0,0.17189,6.07335,14.83961,10.04,0.79,1.34,4.0
1758075106.44207,1758075106.33996,0.0,0.0,0.0,1.03132,4.18259,14.78231,10.76,0.69,1.9,4.0
1758075106.45715,1758075106.34996,0.0,0.0,0.0,2.34913,1.83346,13.69369,10.76,0.69,1.9,4.0
1758075106.4584,1758075106.35996,0.0,0.0,0.0,4.58366,-0.80214,11.80293,11.56,0.3,2.52,4.0
1758075106.47316,1758075106.36996,0.0,0.0,0.0,9.05273,-6.41713,7.10468,11.56,0.3,2.52,4.0
1758075106.48918,1758075106.37996,0.0,0.0,0.0,13.00614,-9.05273,3.09397,12.1,-0.31,2.73,4.0
1758075106.49039,1758075106.38996,0.0,0.0,0.0,17.18874,-11.22997,-0.40107,12.1,-0.31,2.73,4.0
1758075106.50519,1758075106.39996,0.0,0.0,0.0,21.37133,-13.40721,-3.09397,12.0,-0.86,2.35,4.0
1758075106.52125,1758075106.40996,0.0,0.0,0.0,26.35606,-15.46986,-4.98473,10.99,-0.9,1.63,4.0
1758075106.52216,1758075106.41996,0.0,0.0,0.0,28.87707,-15.35527,-4.35448,10.99,-0.9,1.63,4.0
1758075106.53722,1758075106.42996,0.0,0.0,0.0,30.59595,-14.9542,-2.63561,10.29,-0.28,1.36,4.0
1758075106.53816,1758075106.43996,0.0,0.0,0.0,31.2262,-12.37589,2.06265,10.29,-0.28,1.36,4.0
1758075106.55321,1758075106.44996,0.0,0.0,0.0,31.74186,-3.83882,5.21392,10.49,0.48,1.44,4.0
1758075106.5692,1758075106.45996,0.0,0.0,0.0,31.51268,3.32316,9.22462,10.49,0.48,1.44,4.0
1758075106.571,1758075106.46996,0.0,0.0,0.0,30.19488,7.84952,12.2613,10.76,1.11,2.01,4.0
1758075106.58624,1758075106.47996,0.0,0.0,0.0,26.64254,10.8289,14.72501,10.76,1.11,2.01,4.0
1758075106.58742,1758075106.48996,0.0,0.0,0.0,24.12152,10.8862,15.24068,10.06,1.37,2.42,4.0
1758075106.60299,1758075106.49996,0.0,0.0,0.0,21.14215,9.28192,14.72501,9.37,1.32,2.82,4.0
1758075106.61924,1758075106.50996,0.0,0.0,0.0,17.87628,6.70361,13.46451,9.37,1.32,2.82,4.0
1758075106.62106,1758075106.51996,0.0,0.0,0.0,13.17803,1.66158,10.65701,8.8,0.98,3.42,4.0
1758075106.63625,1758075106.52996,0.0,0.0,0.0,10.08406,-3.03668,8.30789,8.8,0.98,3.42,4.0
1758075106.6372,1758075106.53996,0.0,0.0,0.0,7.33386,-8.42248,5.50039,8.4,0.63,3.79,4.0
1758075106.65328,1758075106.54996,0.0,0.0,0.0,5.61499,-16.3293,3.03668,8.4,0.63,3.79,4.0
1758075106.6693,1758075106.55996,0.0,0.0,0.0,2.46372,-29.62192,0.85944,7.89,0.16,3.9,4.0
1758075106.67135,1758075106.56996,0.0,0.0,0.0,0.80214,-33.34615,0.22918,8.4,0.0,3.74,4.0
1758075106.68604,1758075106.57996,0.0,0.0,0.0,-0.74485,-33.68992,-0.45837,8.4,0.0,3.74,4.0
1758075106.68726,1758075106.58996,0.0,0.0,0.0,-2.34913,-33.51803,-1.03132,9.05,-0.16,3.69,4.0
1758075106.7031,1758075106.59996,0.0,0.0,0.0,-4.69825,-32.08564,-1.20321,9.05,-0.16,3.69,4.0
1758075106.71924,1758075106.60996,0.0,0.0,0.0,-6.07335,-29.62192,-0.97403,9.2,-0.07,3.4,4.0
1758075106.72137,1758075106.61996,0.0,0.0,0.0,-7.10468,-24.63719,-0.45837,9.2,-0.07,3.4,4.0
1758075106.73634,1758075106.62996,0.0,0.0,0.0,-7.79223,-16.50119,0.17189,9.71,-0.03,3.01,4.0
1758075106.73728,1758075106.63996,0.0,0.0,0.0,-7.67763,-4.0107,2.06265,10.17,-0.17,2.79,4.0
1758075106.7534,1758075106.64996,0.0,0.0,0.0,-7.50575,2.11994,3.32316,10.17,-0.17,2.79,4.0
1758075106.76936,1758075106.65996,0.0,0.0,0.0,-7.39116,5.84417,4.0107,9.86,-0.35,2.64,4.0
1758075106.7706,1758075106.66996,0.0,0.0,0.0,-7.10468,4.64096,4.18259,9.86,-0.35,2.64,4.0
1758075106.78535,1758075106.67996,0.0,0.0,0.0,-7.16197,5.32851,3.60963,9.64,-0.43,2.44,4.0
1758075106.80194,1758075106.68996,0.0,0.0,0.0,-6.87549,9.22462,3.20856,9.64,-0.43,2.44,4.0
1758075106.80312,1758075106.69996,0.0,0.0,0.0,-5.95876,15.24068,3.26586,10.31,-0.58,2.3,4.0
1758075106.81814,1758075106.70996,0.0,0.0,0.0,-3.89611,22.23076,3.03668,10.31,-0.58,2.3,4.0
1758075106.81934,1758075106.71996,0.0,0.0,0.0,-2.57831,23.37668,2.6929,10.25,-0.74,2.35,4.0
1758075106.83411,1758075106.72996,0.0,0.0,0.0,-1.3178,22.51724,2.40642,9.54,-0.8,2.29,4.0
1758075106.85016,1758075106.73996,0.0,0.0,0.0,-0.0573,20.79837,2.29183,9.54,-0.8,2.29,4.0
1758075106.85139,1758075106.74996,0.0,0.0,0.0,1.71887,19.19409,2.57831,9.45,-0.71,2.23,4.0
1758075106.86724,1758075106.75996,0.0,0.0,0.0,2.63561,18.56383,3.20856,9.45,-0.71,2.23,4.0
1758075106.86843,1758075106.76996,0.0,0.0,0.0,3.26586,17.30333,3.72423,9.45,-0.65,2.2,4.0
1758075106.88342,1758075106.77996,0.0,0.0,0.0,3.95341,14.78231,4.29718,9.45,-0.65,2.2,4.0
1758075106.89924,1758075106.78996,0.0,0.0,0.0,4.58366,11.74564,4.92744,9.06,-0.66,2.29,4.0
1758075106.90044,1758075106.79996,0.0,0.0,0.0,5.27121,10.48513,5.21392,9.03,-0.72,2.31,4.0
1758075106.91551,1758075106.80996,0.0,0.0,0.0,5.95876,9.39651,5.21392,9.03,-0.72,2.31,4.0
1758075106.93126,1758075106.81996,0.0,0.0,0.0,6.58902,8.136,4.92744,9.04,-0.85,2.36,4.0
1758075106.93245,1758075106.82996,0.0,0.0,0.0,7.62034,6.18794,4.29718,9.04,-0.85,2.36,4.0
1758075106.94754,1758075106.83996,0.0,0.0,0.0,8.30789,5.15662,3.66693,9.0,-0.98,2.37,4.0
1758075106.94874,1758075106.84996,0.0,0.0,0.0,9.28192,4.23989,2.97938,9.0,-0.98,2.37,4.0
1758075106.96354,1758075106.85996,0.0,0.0,0.0,10.59972,2.46372,2.06265,8.93,-1.1,2.29,4.0
1758075106.97952,1758075106.86996,0.0,0.0,0.0,11.63104,0.45837,1.66158,8.83,-1.15,2.18,4.0
1758075106.98132,1758075106.87996,0.0,0.0,0.0,12.83425,-0.85944,1.43239,8.83,-1.15,2.18,4.0
1758075106.99626,1758075106.88996,0.0,0.0,0.0,14.66772,-2.11994,1.3178,8.78,-1.13,2.11,4.0
1758075106.99755,1758075106.89996,0.0,0.0,0.0,16.67307,-2.29183,1.60428,8.78,-1.13,2.11,4.0
1758075107.01331,1758075106.90996,0.0,0.0,0.0,18.73572,-1.3751,1.66158,8.88,-1.18,2.04,4.0
1758075107.02966,1758075106.91996,0.0,0.0,0.0,20.74107,-0.74485,1.83346,8.88,-1.18,2.04,4.0
1758075107.03161,1758075106.92996,0.0,0.0,0.0,23.20479,0.22918,1.77617,9.01,-1.17,1.91,4.0
1758075107.04658,1758075106.93996,0.0,0.0,0.0,26.47065,1.71887,1.3178,9.26,-1.17,1.89,4.0
1758075107.04781,1758075106.94996,0.0,0.0,0.0,28.59059,1.83346,0.57296,9.26,-1.26,1.89,4.0
1758075107.06364,1758075106.95996,0.0,0.0,0.0,30.59595,0.97403,-0.11459,9.18,-1.31,1.76,4.0
1758075107.07965,1758075106.96996,0.0,0.0,0.0,32.25753,0.74485,-0.74485,9.18,-1.31,1.76,4.0
1758075107.08136,1758075106.97996,0.0,0.0,0.0,34.60666,0.97403,-1.43239,9.07,-1.26,1.67,4.0
1758075107.09643,1758075106.98996,0.0,0.0,0.0,35.75257,1.60428,-1.43239,9.07,-1.26,1.67,4.0
1758075107.0976,1758075106.99996,0.0,0.0,0.0,36.55471,2.46372,-1.14592,8.91,-1.02,1.75,4.0
1758075107.11349,1758075107.00996,0.0,0.0,0.0,37.35685,1.43239,-0.45837,8.91,-1.02,1.75,4.0
1758075107.12962,1758075107.01996,0.0,0.0,0.0,38.73195,-2.23454,1.08862,8.59,-0.71,1.9,4.0
1758075107.13062,1758075107.02996,0.0,0.0,0.0,39.53409,-2.86479,1.83346,8.74,-0.55,1.87,4.0
1758075107.14566,1758075107.03996,0.0,0.0,0.0,40.7946,-2.97938,2.46372,8.74,-0.55,1.87,4.0
1758075107.16166,1758075107.04996,0.0,0.0,0.0,41.76862,-3.60963,2.6929,9.15,-0.55,1.81,4.0
1758075107.16266,1758075107.05996,0.0,0.0,0.0,43.4875,-4.92744,2.00535,9.15,-0.55,1.81,4.0
1758075107.17745,1758075107.06996,0.0,0.0,0.0,44.28964,-6.35983,1.03132,9.32,-0.64,1.7,4.0
1758075107.1787,1758075107.07996,0.0,0.0,0.0,45.20637,-7.62034,-0.0573,9.32,-0.64,1.7,4.0
1758075107.1935,1758075107.08996,0.0,0.0,0.0,46.1804,-10.25595,-2.06265,9.17,-0.72,1.49,4.0
1758075107.2095,1758075107.09996,0.0,0.0,0.0,46.52417,-10.71431,-3.09397,8.93,-0.71,1.43,4.0
1758075107.21102,1758075107.10996,0.0,0.0,0.0,47.15443,-10.19865,-3.83882,8.93,-0.71,1.43,4.0
1758075107.22548,1758075107.11996,0.0,0.0,0.0,47.67009,-9.68299,-4.29718,8.96,-0.63,1.54,4.0
1758075107.24173,1758075107.12996,0.0,0.0,0.0,48.64412,-9.5684,-4.58366,8.96,-0.63,1.54,4.0
1758075107.24308,1758075107.13996,0.0,0.0,0.0,49.27437,-9.85487,-4.46907,8.94,-0.52,1.6,4.0
1758075107.25776,1758075107.14996,0.0,0.0,0.0,49.84733,-10.02676,-4.46907,8.94,-0.52,1.6,4.0
1758075107.25871,1758075107.15996,0.0,0.0,0.0,50.2484,-9.91217,-4.52637,9.08,-0.42,1.56,4.0
1758075107.27354,1758075107.16996,0.0,0.0,0.0,50.87865,-8.99544,-4.92744,9.27,-0.35,1.47,4.0
1758075107.28954,1758075107.17996,0.0,0.0,0.0,51.10783,-8.76626,-5.61499,9.27,-0.35,1.47,4.0
1758075107.29072,1758075107.18996,0.0,0.0,0.0,51.22243,-9.05273,-6.53172,9.18,-0.33,1.41,4.0
1758075107.30574,1758075107.19996,0.0,0.0,0.0,50.93595,-9.62569,-7.73493,9.18,-0.33,1.41,4.0
1758075107.32179,1758075107.20996,0.0,0.0,0.0,50.1911,-10.19865,-9.5684,9.01,-0.3,1.36,4.0
1758075107.3232,1758075107.21996,0.0,0.0,0.0,49.56085,-10.31324,-10.65701,9.01,-0.3,1.36,4.0
1758075107.33784,1758075107.22996,0.0,0.0,0.0,48.75871,-10.37054,-11.74564,8.68,-0.32,1.22,4.0
1758075107.33901,1758075107.23996,0.0,0.0,0.0,47.89928,-10.8862,-12.49048,8.68,-0.32,1.22,4.0
1758075107.35381,1758075107.24996,0.0,0.0,0.0,46.69606,-12.08941,-13.17803,8.29,-0.36,1.2,4.0
1758075107.36982,1758075107.25996,0.0,0.0,0.0,46.1231,-14.15206,-13.75099,7.87,-0.39,1.08,4.0
1758075107.37157,1758075107.26996,0.0,0.0,0.0,45.26366,-16.3293,-14.20935,7.87,-0.39,1.08,4.0
1758075107.38686,1758075107.27996,0.0,0.0,0.0,44.23235,-17.6471,-14.49583,7.59,-0.36,0.8,4.0
1758075107.38779,1758075107.28996,0.0,0.0,0.0,43.60209,-19.07949,-14.83961,7.59,-0.36,0.8,4.0
1758075107.40386,1758075107.29996,0.0,0.0,0.0,43.31561,-19.82434,-14.9542,7.23,-0.33,0.61,4.0
1758075107.41966,1758075107.30996,0.0,0.0,0.0,42.85724,-21.02755,-15.06879,7.23,-0.33,0.61,4.0
1758075107.42162,1758075107.31996,0.0,0.0,0.0,42.34158,-23.94964,-15.06879,6.52,-0.33,0.49,4.0
1758075107.43688,1758075107.32996,0.0,0.0,0.0,41.94051,-26.69983,-14.9542,5.62,-0.31,0.27,4.0
1758075107.43782,1758075107.33996,0.0,0.0,0.0,41.76862,-29.39274,-14.66772,5.62,-0.31,0.27,4.0
1758075107.4536,1758075107.34996,0.0,0.0,0.0,41.31026,-33.05967,-14.03747,4.83,-0.23,0.07,4.0
1758075107.46993,1758075107.35996,0.0,0.0,0.0,40.45082,-40.27893,-12.37589,4.83,-0.23,0.07,4.0
1758075107.47086,1758075107.36996,0.0,0.0,0.0,39.87786,-46.06581,-10.31324,4.27,-0.11,0.47,4.0
1758075107.48587,1758075107.37996,0.0,0.0,0.0,39.24761,-50.82136,-7.10468,4.27,-0.11,0.47,4.0
1758075107.50192,1758075107.38996,0.0,0.0,0.0,38.56006,-53.28508,-3.09397,5.38,0.34,1.56,4.0
1758075107.50235,1758075107.39996,0.0,0.0,0.0,35.92446,-47.44091,3.83882,9.61,1.43,3.81,4.0
1758075107.51793,1758075107.40996,0.0,0.0,0.0,31.85646,-35.75257,9.5684,9.61,1.43,3.81,4.0
1758075107.51891,1758075107.41996,0.0,0.0,0.0,24.75178,-18.62113,16.90226,17.39,4.63,4.39,4.0
1758075107.53375,1758075107.42996,0.0,0.0,0.0,13.46451,-4.52637,25.43933,17.39,4.63,4.39,4.0
1758075107.54975,1758075107.43996,0.0,0.0,0.0,-8.136,4.29718,34.37747,20.52,9.97,2.57,4.0
1758075107.55092,1758075107.44996,0.0,0.0,0.0,-21.08485,0.51566,36.38282,20.52,9.97,2.57,4.0
1758075107.56598,1758075107.45996,0.0,0.0,0.0,-33.05967,-10.54242,35.86716,15.57,9.86,0.99,4.0
1758075107.58198,1758075107.46996,0.0,0.0,0.0,-44.11775,-21.14215,30.76784,15.57,9.86,0.99,4.0
1758075107.58246,1758075107.47996,0.0,0.0,0.0,-61.02001,-15.24068,19.88164,12.78,6.58,2.81,4.0
1758075107.59778,1758075107.48996,0.0,0.0,0.0,-68.58305,2.40642,13.5218,17.19,3.62,3.65,4.0
1758075107.59897,1758075107.49996,0.0,0.0,0.0,-71.56243,8.70896,8.25059,17.19,3.62,3.65,4.0
1758075107.61379,1758075107.50996,0.0,0.0,0.0,-71.84892,5.84417,0.51566,16.99,1.16,1.85,4.0
1758075107.63084,1758075107.51996,0.0,0.0,0.0,-70.87489,4.29718,-3.60963,16.99,1.16,1.85,4.0
1758075107.63203,1758075107.52996,0.0,0.0,0.0,-69.84356,6.58902,-7.73493,14.41,-0.3,1.12,4.0
1758075107.64708,1758075107.53996,0.0,0.0,0.0,-68.86953,5.15662,-11.00079,14.41,-0.3,1.12,4.0
1758075107.64805,1758075107.54996,0.0,0.0,0.0,-65.14531,-4.69825,-14.09476,11.99,-0.51,1.44,4.0
1758075107.66309,1758075107.55996,0.0,0.0,0.0,-61.02001,-11.57375,-14.72501,9.84,-0.42,1.35,4.0
1758075107.67883,1758075107.56996,0.0,0.0,0.0,-56.78012,-17.13144,-14.43854,9.84,-0.42,1.35,4.0
1758075107.68003,1758075107.57996,0.0,0.0,0.0,-52.54023,-18.44924,-12.83425,9.75,-0.3,1.29,4.0
1758075107.69595,1758075107.58996,0.0,0.0,0.0,-47.03984,-4.64096,-9.5684,9.75,-0.3,1.29,4.0
1758075107.69683,1758075107.59996,0.0,0.0,0.0,-43.4875,13.23533,-7.16197,11.44,-0.15,1.85,4.0
1758075107.71242,1758075107.60996,0.0,0.0,0.0,-40.27893,21.7151,-4.69825,11.44,-0.15,1.85,4.0
1758075107.72912,1758075107.61996,0.0,0.0,0.0,-36.32552,21.7151,-1.71887,10.94,0.02,2.15,4.0
1758075107.73035,1758075107.62996,0.0,0.0,0.0,-31.45539,7.21927,-0.17189,8.82,0.07,1.76,4.0
1758075107.74515,1758075107.63996,0.0,0.0,0.0,-29.04896,-0.85944,-0.11459,8.82,0.07,1.76,4.0
1758075107.74636,1758075107.64996,0.0,0.0,0.0,-27.1582,-4.58366,-0.22918,9.02,0.19,1.59,4.0
1758075107.76148,1758075107.65996,0.0,0.0,0.0,-25.89769,-5.32851,-0.51566,9.02,0.19,1.59,4.0
1758075107.77718,1758075107.66996,0.0,0.0,0.0,-24.63719,-5.15662,-0.85944,9.76,0.37,1.66,4.0
1758075107.77841,1758075107.67996,0.0,0.0,0.0,-24.23611,-5.90147,-1.43239,9.76,0.37,1.66,4.0
1758075107.7932,1758075107.68996,0.0,0.0,0.0,-24.00693,-6.70361,-1.48969,9.74,0.58,1.56,4.0
1758075107.80924,1758075107.69996,0.0,0.0,0.0,-24.29341,-7.21927,-1.77617,9.74,0.58,1.56,4.0
1758075107.81014,1758075107.70996,0.0,0.0,0.0,-24.98096,-5.4431,-1.77617,9.67,0.74,1.31,4.0
1758075107.82523,1758075107.71996,0.0,0.0,0.0,-25.72581,-2.86479,-1.94806,9.91,0.91,1.18,4.0
1758075107.82619,1758075107.72996,0.0,0.0,0.0,-26.35606,-0.51566,-1.77617,9.91,0.91,1.18,4.0
1758075107.84168,1758075107.73996,0.0,0.0,0.0,-27.04361,3.55234,-1.77617,9.86,0.95,1.1,4.0
1758075107.85729,1758075107.74996,0.0,0.0,0.0,-27.10091,6.24524,-1.77617,9.86,0.95,1.1,4.0
1758075107.85818,1758075107.75996,0.0,0.0,0.0,-27.04361,7.67763,-2.06265,9.67,0.89,1.1,4.0
1758075107.87324,1758075107.76996,0.0,0.0,0.0,-26.47065,8.59437,-2.23454,9.67,0.89,1.1,4.0
1758075107.88923,1758075107.77996,0.0,0.0,0.0,-25.26744,11.22997,-2.06265,9.46,0.71,1.0,4.0
1758075107.89047,1758075107.78996,0.0,0.0,0.0,-24.00693,15.0115,-1.83346,9.7,0.5,0.85,4.0
1758075107.90501,1758075107.79996,0.0,0.0,0.0,-22.34536,19.13679,-1.3751,9.7,0.5,0.85,4.0
1758075107.90666,1758075107.80996,0.0,0.0,0.0,-20.62648,22.57454,-0.57296,9.83,0.25,0.82,4.0
1758075107.92231,1758075107.81996,0.0,0.0,0.0,-17.76169,24.4653,0.22918,9.83,0.25,0.82,4.0
1758075107.93808,1758075107.82996,0.0,0.0,0.0,-15.98552,22.86102,1.08862,9.58,0.16,0.74,4.0
1758075107.93973,1758075107.83996,0.0,0.0,0.0,-14.43854,19.36597,2.06265,9.58,0.16,0.74,4.0
1758075107.95406,1758075107.84996,0.0,0.0,0.0,-13.12073,14.43854,2.97938,9.18,0.17,0.67,4.0
1758075107.97006,1758075107.85996,0.0,0.0,0.0,-11.45916,7.16197,4.58366,8.99,0.27,0.64,4.0
1758075107.97167,1758075107.86996,0.0,0.0,0.0,-10.94349,2.40642,5.32851,8.99,0.27,0.64,4.0
1758075107.98607,1758075107.87996,0.0,0.0,0.0,-10.48513,-1.03132,6.13065,8.89,0.46,0.75,4.0
1758075107.98775,1758075107.88996,0.0,0.0,0.0,-10.25595,-4.69825,6.70361,8.89,0.46,0.75,4.0
1758075108.00238,1758075107.89996,0.0,0.0,0.0,-10.37054,-8.93814,6.7609,8.79,0.62,0.73,4.0
1758075108.01848,1758075107.90996,0.0,0.0,0.0,-10.71431,-11.28727,6.87549,8.79,0.62,0.73,4.0
1758075108.02043,1758075107.91996,0.0,0.0,0.0,-11.22997,-13.5791,6.87549,8.78,0.69,0.73,4.0
1758075108.03593,1758075107.92996,0.0,0.0,0.0,-11.51645,-17.01685,7.04738,8.78,0.69,0.73,4.0
1758075108.03744,1758075107.93996,0.0,0.0,0.0,-11.57375,-18.9649,7.39116,8.82,0.67,0.67,4.0
1758075108.05245,1758075107.94996,0.0,0.0,0.0,-11.51645,-19.99623,7.73493,8.99,0.57,0.63,4.0
1758075108.06843,1758075107.95996,0.0,0.0,0.0,-11.00079,-19.82434,8.02141,8.99,0.57,0.63,4.0
1758075108.06936,1758075107.96996,0.0,0.0,0.0,-9.91217,-17.6471,8.47978,9.2,0.4,0.62,4.0
1758075108.08447,1758075107.97996,0.0,0.0,0.0,-8.88085,-15.64175,8.76626,9.2,0.4,0.62,4.0
1758075108.10052,1758075107.98996,0.0,0.0,0.0,-7.62034,-13.00614,9.22462,9.46,0.19,0.69,4.0
1758075108.10137,1758075107.99996,0.0,0.0,0.0,-5.84417,-10.48513,9.85487,9.46,0.19,0.69,4.0
1758075108.11652,1758075108.00996,0.0,0.0,0.0,-3.66693,-9.22462,10.59972,9.6,-0.05,0.63,4.0
1758075108.11738,1758075108.01996,0.0,0.0,0.0,-1.48969,-10.31324,11.45916,9.3,-0.22,0.53,4.0
1758075108.13243,1758075108.02996,0.0,0.0,0.0,0.17189,-11.28727,12.14671,9.3,-0.22,0.53,4.0
1758075108.14841,1758075108.03996,0.0,0.0,0.0,1.83346,-11.86023,12.54778,9.31,-0.28,0.46,4.0
1758075108.15098,1758075108.04996,0.0,0.0,0.0,4.35448,-11.57375,13.40721,9.31,-0.28,0.46,4.0
1758075108.16646,1758075108.05996,0.0,0.0,0.0,5.95876,-10.8862,13.86558,9.4,-0.21,0.42,4.0
1758075108.16732,1758075108.06996,0.0,0.0,0.0,7.39116,-8.99544,14.38124,9.4,-0.21,0.42,4.0
1758075108.18219,1758075108.07996,0.0,0.0,0.0,8.70896,-6.47442,15.06879,9.61,-0.09,0.42,4.0
1758075108.19821,1758075108.08996,0.0,0.0,0.0,10.37054,-2.40642,16.38659,9.75,0.05,0.44,4.0
1758075108.19941,1758075108.09996,0.0,0.0,0.0,11.28727,-0.11459,17.18874,9.75,0.05,0.44,4.0
1758075108.21478,1758075108.10996,0.0,0.0,0.0,12.14671,1.71887,18.16276,9.58,0.17,0.42,4.0
1758075108.23136,1758075108.11996,0.0,0.0,0.0,12.77696,3.09397,19.25138,9.58,0.17,0.42,4.0
1758075108.23248,1758075108.12996,0.0,0.0,0.0,13.00614,2.40642,20.22541,9.33,0.23,0.42,4.0
1758075108.24754,1758075108.13996,0.0,0.0,0.0,12.89155,2.57831,21.08485,9.33,0.23,0.42,4.0
1758075108.24844,1758075108.14996,0.0,0.0,0.0,12.83425,1.94806,21.94428,9.17,0.29,0.41,4.0
1758075108.26354,1758075108.15996,0.0,0.0,0.0,12.204,0.17189,23.66316,9.17,0.29,0.41,4.0
1758075108.27955,1758075108.16996,0.0,0.0,0.0,11.63104,-0.22918,24.75178,9.01,0.35,0.32,4.0
1758075108.28044,1758075108.17996,0.0,0.0,0.0,11.17268,0.45837,25.55392,9.12,0.38,0.29,4.0
1758075108.29528,1758075108.18996,0.0,0.0,0.0,10.94349,4.52637,26.98631,9.12,0.38,0.29,4.0
1758075108.29673,1758075108.19996,0.0,0.0,0.0,10.19865,11.00079,27.84575,9.48,0.45,0.2,4.0
1758075108.31257,1758075108.20996,0.0,0.0,0.0,10.19865,10.59972,28.76248,9.48,0.45,0.2,4.0
1758075108.32864,1758075108.21996,0.0,0.0,0.0,10.25595,5.90147,29.39274,8.57,0.36,0.21,4.0
1758075108.3295,1758075108.22996,0.0,0.0,0.0,10.59972,0.74485,29.8511,8.57,0.36,0.21,4.0
1758075108.34569,1758075108.23996,0.0,0.0,0.0,10.19865,-1.66158,29.56462,7.81,0.17,0.15,4.0
1758075108.34652,1758075108.24996,0.0,0.0,0.0,9.39651,-1.43239,28.87707,8.19,0.25,0.1,4.0
1758075108.36233,1758075108.25996,0.0,0.0,0.0,8.42248,-1.43239,27.78845,8.19,0.25,0.1,4.0
1758075108.37834,1758075108.26996,0.0,0.0,0.0,7.50575,-2.23454,26.69983,7.98,0.32,0.05,4.0
1758075108.37985,1758075108.27996,0.0,0.0,0.0,6.13065,-3.72423,25.49662,7.98,0.32,0.05,4.0
1758075108.39561,1758075108.28996,0.0,0.0,0.0,5.55769,-5.21392,24.92367,7.5,0.3,-0.22,4.0
1758075108.39682,1758075108.29996,0.0,0.0,0.0,5.15662,-7.10468,24.29341,7.5,0.3,-0.22,4.0
1758075108.41266,1758075108.30996,0.0,0.0,0.0,4.69825,-9.74028,23.37668,6.8,0.25,-0.45,4.0
1758075108.42865,1758075108.31996,0.0,0.0,0.0,4.46907,-15.75634,22.91831,6.17,0.14,0.13,4.0
1758075108.4296,1758075108.32996,0.0,0.0,0.0,4.46907,-21.25674,22.23076,6.17,0.14,0.13,4.0
1758075108.44563,1758075108.33996,0.0,0.0,0.0,4.64096,-26.41335,21.37133,6.64,-0.21,1.62,4.0
1758075108.44658,1758075108.34996,0.0,0.0,0.0,5.61499,-31.51268,19.53786,6.64,-0.21,1.62,4.0
1758075108.46244,1758075108.35996,0.0,0.0,0.0,7.04738,-29.96569,17.87628,9.62,-0.97,3.09,4.0
1758075108.47843,1758075108.36996,0.0,0.0,0.0,9.33921,-25.72581,15.41257,9.62,-0.97,3.09,4.0
1758075108.4799,1758075108.37996,0.0,0.0,0.0,13.98017,-19.19409,12.43318,13.83,-2.8,3.78,4.0
1758075108.49468,1758075108.38996,0.0,0.0,0.0,23.94964,-7.84952,6.70361,13.83,-2.8,3.01,4.0
1758075108.49636,1758075108.39996,0.0,0.0,0.0,32.54401,-4.58366,2.7502,15.75,-5.45,3.01,4.0
1758075108.51271,1758075108.40996,0.0,0.0,0.0,41.42485,-0.17189,-0.68755,15.47,-7.09,1.63,4.0
1758075108.52872,1758075108.41996,0.0,0.0,0.0,51.10783,6.70361,-2.92208,15.47,-7.09,1.63,4.0
1758075108.52971,1758075108.42996,0.0,0.0,0.0,66.80688,15.06879,-4.52637,16.38,-6.94,2.26,4.0
1758075108.54559,1758075108.43996,0.0,0.0,0.0,76.89094,13.12073,-5.27121,16.38,-6.94,2.26,4.0
1758075108.54646,1758075108.44996,0.0,0.0,0.0,84.79775,4.0107,-5.78687,15.79,-5.59,2.41,4.0
1758075108.56245,1758075108.45996,0.0,0.0,0.0,90.47005,-6.47442,-5.21392,15.79,-5.59,2.41,4.0
1758075108.57875,1758075108.46996,0.0,0.0,0.0,95.0537,-8.136,-1.43239,13.91,-3.52,1.29,4.0
1758075108.5817,1758075108.47996,0.0,0.0,0.0,96.77258,-0.85944,3.55234,13.77,-1.29,1.12,4.0
1758075108.59679,1758075108.48996,0.0,0.0,0.0,96.5434,6.41713,8.36518,13.77,-1.29,1.12,4.0
1758075108.59853,1758075108.49996,0.0,0.0,0.0,94.02238,11.91752,13.00614,12.73,0.27,1.66,4.0
1758075108.61446,1758075108.50996,0.0,0.0,0.0,88.35009,17.81899,19.53786,12.73,0.27,1.66,4.0
1758075108.63056,1758075108.51996,0.0,0.0,0.0,84.1675,21.25674,22.05888,11.51,0.94,1.24,4.0
1758075108.63178,1758075108.52996,0.0,0.0,0.0,79.41196,23.94964,22.74642,11.51,0.94,1.24,4.0
1758075108.6469,1758075108.53996,0.0,0.0,0.0,71.84892,25.61122,21.42862,10.75,1.13,1.32,4.0
1758075108.64887,1758075108.54996,0.0,0.0,0.0,66.46311,26.41335,18.9649,9.93,1.07,1.33,4.0
1758075108.66464,1758075108.55996,0.0,0.0,0.0,60.79083,24.63719,15.92823,9.93,1.07,1.33,4.0
1758075108.6806,1758075108.56996,0.0,0.0,0.0,55.29043,19.76705,12.43318,8.81,0.84,1.52,4.0
1758075108.68257,1758075108.57996,0.0,0.0,0.0,48.07116,6.24524,6.99009,8.81,0.84,1.52,4.0
1758075108.69763,1758075108.58996,0.0,0.0,0.0,44.00316,-0.17189,3.66693,7.87,0.41,1.5,4.0
1758075108.69883,1758075108.59996,0.0,0.0,0.0,40.7373,-4.0107,1.14592,7.87,0.41,1.5,4.0
1758075108.71364,1758075108.60996,0.0,0.0,0.0,37.98711,-7.33386,-0.85944,8.28,-0.02,1.73,4.0
1758075108.73064,1758075108.61996,0.0,0.0,0.0,34.72124,-10.59972,-2.86479,8.57,-0.02,1.8,4.0
1758075108.73215,1758075108.62996,0.0,0.0,0.0,32.88778,-11.28727,-3.60963,8.57,-0.36,1.8,4.0
1758075108.74694,1758075108.63996,0.0,0.0,0.0,31.56997,-11.74564,-3.95341,8.97,-0.69,1.8,4.0
1758075108.7481,1758075108.64996,0.0,0.0,0.0,30.82513,-11.34457,-3.89611,8.97,-0.69,1.8,4.0
1758075108.76292,1758075108.65996,0.0,0.0,0.0,30.65324,-8.25059,-3.03668,9.32,-0.98,1.78,4.0
1758075108.77869,1758075108.66996,0.0,0.0,0.0,30.82513,-4.23989,-2.11994,9.32,-0.98,1.78,4.0
1758075108.78072,1758075108.67996,0.0,0.0,0.0,31.16891,-0.11459,-1.03132,9.77,-1.12,1.66,4.0
1758075108.79674,1758075108.68996,0.0,0.0,0.0,31.51268,3.26586,0.0,9.77,-1.12,1.66,4.0
1758075108.7988,1758075108.69996,0.0,0.0,0.0,31.62727,4.1253,0.80214,9.87,-1.12,1.54,4.0
1758075108.81364,1758075108.70996,0.0,0.0,0.0,31.39809,4.18259,0.97403,9.86,-0.97,1.36,4.0
1758075108.83239,1758075108.71996,0.0,0.0,0.0,30.88243,4.0107,0.74485,9.86,-0.97,1.36,4.0
1758075108.83409,1758075108.72996,0.0,0.0,0.0,30.25217,3.49504,-0.51566,9.99,-0.8,1.21,4.0
1758075108.85183,1758075108.73996,0.0,0.0,0.0,28.70519,3.72423,-1.71887,9.99,-0.8,1.21,4.0
1758075108.85356,1758075108.74996,0.0,0.0,0.0,27.61657,3.95341,-2.7502,10.02,-0.68,1.14,4.0
1758075108.86974,1758075108.75996,0.0,0.0,0.0,26.41335,4.58366,-3.83882,10.02,-0.68,1.14,4.0
1758075108.8942,1758075108.76996,0.0,0.0,0.0,24.00693,5.72958,-5.21392,9.81,-0.6,1.07,4.0
1758075108.89604,1758075108.77996,0.0,0.0,0.0,22.51724,6.53172,-5.78687,9.48,-0.53,1.05,4.0
1758075108.89691,1758075108.78996,0.0,0.0,0.0,21.08485,7.04738,-5.90147,9.48,-0.53,1.05,4.0
1758075108.89756,1758075108.79996,0.0,0.0,0.0,19.59516,7.96411,-5.84417,9.3,-0.53,1.07,4.0
1758075108.91458,1758075108.80996,0.0,0.0,0.0,17.76169,9.85487,-5.90147,9.3,-0.53,1.07,4.0
1758075108.91734,1758075108.81996,0.0,0.0,0.0,16.61578,10.54242,-5.95876,9.31,-0.57,1.07,4.0
1758075108.93443,1758075108.82996,0.0,0.0,0.0,15.58445,10.65701,-6.18794,9.31,-0.57,1.07,4.0
1758075108.9511,1758075108.83996,0.0,0.0,0.0,14.66772,10.19865,-6.41713,9.22,-0.7,1.12,4.0
1758075108.95201,1758075108.84996,0.0,0.0,0.0,13.17803,8.99544,-6.8182,9.19,-0.84,1.13,4.0
1758075108.96731,1758075108.85996,0.0,0.0,0.0,12.2613,7.73493,-7.04738,9.19,-0.84,1.13,4.0
1758075108.96802,1758075108.86996,0.0,0.0,0.0,11.45916,6.13065,-6.87549,9.15,-0.95,1.16,4.0
1758075108.98283,1758075108.87996,0.0,0.0,0.0,10.94349,5.90147,-6.53172,9.15,-0.95,1.16,4.0
1758075109.00069,1758075108.88996,0.0,0.0,0.0,10.19865,10.02676,-7.16197,9.52,-0.96,1.21,4.0
1758075109.00182,1758075108.89996,0.0,0.0,0.0,9.22462,12.08941,-6.8182,9.52,-0.96,1.21,4.0
1758075109.01683,1758075108.90996,0.0,0.0,0.0,8.30789,14.66772,-7.16197,9.69,-0.92,1.29,4.0
1758075109.0221,1758075108.91996,0.0,0.0,0.0,7.79223,15.29797,-7.67763,9.69,-0.92,1.29,4.0
1758075109.03689,1758075108.92996,0.0,0.0,0.0,6.8182,13.5791,-8.36518,9.44,-0.93,1.32,4.0
1758075109.03806,1758075108.93996,0.0,0.0,0.0,6.35983,12.43318,-8.76626,9.28,-0.96,1.37,4.0
1758075109.05296,1758075108.94996,0.0,0.0,0.0,5.90147,10.48513,-9.22462,9.28,-0.96,1.37,4.0
1758075109.06917,1758075108.95996,0.0,0.0,0.0,5.27121,7.96411,-9.68299,9.39,-0.99,1.32,4.0
1758075109.07123,1758075108.96996,0.0,0.0,0.0,4.58366,2.57831,-10.25595,9.39,-0.99,1.32,4.0
1758075109.08591,1758075108.97996,0.0,0.0,0.0,3.89611,0.17189,-10.8862,9.47,-0.97,1.29,4.0
1758075109.08711,1758075108.98996,0.0,0.0,0.0,3.20856,0.0,-10.71431,9.47,-0.97,1.29,4.0
1758075109.10524,1758075108.99996,0.0,0.0,0.0,2.34913,-1.60428,-11.00079,9.7,-0.96,1.23,4.0
1758075109.12121,1758075109.00996,0.0,0.0,0.0,1.83346,-2.29183,-11.11538,9.66,-0.96,1.37,4.0
1758075109.12215,1758075109.01996,0.0,0.0,0.0,1.3751,-3.32316,-11.17268,9.66,-0.96,1.37,4.0
1758075109.13695,1758075109.02996,0.0,0.0,0.0,1.08862,-4.0107,-11.34457,9.62,-1.0,1.23,4.0
1758075109.13816,1758075109.03996,0.0,0.0,0.0,0.97403,-3.89611,-11.97482,9.62,-1.0,1.23,4.0
1758075109.15318,1758075109.04996,0.0,0.0,0.0,0.85944,-3.32316,-12.43318,9.65,-1.04,1.31,4.0
1758075109.16901,1758075109.05996,0.0,0.0,0.0,0.85944,-2.29183,-12.89155,9.65,-1.04,1.31,4.0
1758075109.17133,1758075109.06996,0.0,0.0,0.0,0.57296,-1.71887,-13.75099,9.62,-1.06,1.27,4.0
1758075109.18594,1758075109.07996,0.0,0.0,0.0,0.40107,-3.03668,-15.0115,9.47,-0.96,1.27,4.0
1758075109.18831,1758075109.08996,0.0,0.0,0.0,0.17189,-3.60963,-16.10011,9.47,-0.96,1.27,4.0
1758075109.20405,1758075109.09996,0.0,0.0,0.0,-0.17189,-3.38045,-17.18874,9.57,-0.84,1.13,4.0
1758075109.22083,1758075109.10996,0.0,0.0,0.0,-0.45837,-2.34913,-18.27736,9.57,-0.84,1.13,4.0
1758075109.22203,1758075109.11996,0.0,0.0,0.0,-0.85944,-0.34377,-20.34,9.65,-0.77,1.1,4.0
1758075109.23707,1758075109.12996,0.0,0.0,0.0,-1.14592,0.40107,-21.60051,9.65,-0.77,1.1,4.0
1758075109.23822,1758075109.13996,0.0,0.0,0.0,-1.3751,0.74485,-22.86102,9.38,-0.75,1.1,4.0
1758075109.25327,1758075109.14996,0.0,0.0,0.0,-1.48969,1.14592,-24.57989,9.38,-0.75,1.1,4.0
1758075109.26911,1758075109.15996,0.0,0.0,0.0,-1.66158,1.60428,-25.61122,8.96,-0.76,1.09,4.0
1758075109.27107,1758075109.16996,0.0,0.0,0.0,-1.60428,1.94806,-26.64254,8.62,-0.78,1.03,4.0
1758075109.28605,1758075109.17996,0.0,0.0,0.0,-1.60428,2.46372,-27.61657,8.62,-0.78,1.03,4.0
1758075109.28727,1758075109.18996,0.0,0.0,0.0,-1.3751,2.6929,-28.87707,8.31,-0.79,0.91,4.0
1758075109.30311,1758075109.19996,0.0,0.0,0.0,-1.3751,2.06265,-29.96569,8.31,-0.79,0.91,4.0
1758075109.32035,1758075109.20996,0.0,0.0,0.0,-1.14592,1.94806,-30.76784,7.94,-0.78,0.76,4.0
1758075109.32129,1758075109.21996,0.0,0.0,0.0,-1.03132,0.80214,-31.45539,7.94,-0.78,0.76,4.0
1758075109.33611,1758075109.22996,0.0,0.0,0.0,-0.40107,-3.60963,-32.08564,7.5,-0.74,0.63,4.0
1758075109.33732,1758075109.23996,0.0,0.0,0.0,-0.57296,-10.25595,-32.88778,6.54,-0.66,0.67,4.0
1758075109.3531,1758075109.24996,0.0,0.0,0.0,-0.57296,-15.46986,-33.11696,6.54,-0.66,0.67,4.0
1758075109.36933,1758075109.25996,0.0,0.0,0.0,-0.68755,-18.62113,-32.88778,5.99,-0.58,0.53,4.0
1758075109.37072,1758075109.26996,0.0,0.0,0.0,0.17189,-21.88699,-31.56997,5.99,-0.58,0.53,4.0
1758075109.38525,1758075109.27996,0.0,0.0,0.0,1.03132,-24.12152,-30.19488,5.48,-0.56,0.37,4.0
1758075109.4015,1758075109.28996,0.0,0.0,0.0,2.11994,-27.50197,-28.36141,5.48,-0.56,0.37,4.0
1758075109.40236,1758075109.29996,0.0,0.0,0.0,3.38045,-30.99702,-26.18417,4.65,-0.53,0.11,4.0
1758075109.41744,1758075109.30996,0.0,0.0,0.0,5.32851,-36.95578,-22.51724,4.23,-0.47,0.43,4.0
1758075109.41916,1758075109.31996,0.0,0.0,0.0,6.87549,-42.22699,-19.48057,4.23,-0.47,0.43,4.0
1758075109.43498,1758075109.32996,0.0,0.0,0.0,8.47978,-45.77933,-15.98552,5.01,0.06,1.49,4.0
1758075109.45233,1758075109.33996,0.0,0.0,0.0,10.02676,-45.89392,-12.37589,5.01,0.06,1.49,4.0
1758075109.45321,1758075109.34996,0.0,0.0,0.0,9.96947,-36.32552,-6.58902,8.95,1.1,3.07,4.0
1758075109.46848,1758075109.35996,0.0,0.0,0.0,6.8182,-23.54857,-1.94806,8.95,1.1,3.07,4.0
1758075109.46939,1758075109.36996,0.0,0.0,0.0,0.34377,-6.18794,4.0107,16.08,3.43,4.31,4.0
1758075109.48445,1758075109.37996,0.0,0.0,0.0,-16.50119,9.91217,14.15206,16.08,3.43,4.31,4.0
1758075109.50045,1758075109.38996,0.0,0.0,0.0,-30.48136,17.93358,19.53786,20.55,7.24,3.16,4.0
1758075109.50253,1758075109.39996,0.0,0.0,0.0,-43.14373,16.04282,21.42862,17.14,8.62,2.04,4.0
1758075109.51748,1758075109.40996,0.0,0.0,0.0,-56.952,9.96947,21.14215,17.14,8.62,2.04,4.0
1758075109.51877,1758075109.41996,0.0,0.0,0.0,-76.48987,-8.47978,19.53786,16.51,8.03,3.61,4.0
1758075109.53356,1758075109.42996,0.0,0.0,0.0,-88.63658,-20.05352,18.62113,16.51,8.03,3.61,4.0
1758075109.55113,1758075109.43996,0.0,0.0,0.0,-95.62666,-8.136,20.34,17.48,5.57,1.92,4.0
1758075109.55229,1758075109.44996,0.0,0.0,0.0,-98.20497,11.57375,18.62113,17.48,5.57,1.92,4.0
1758075109.56731,1758075109.45996,0.0,0.0,0.0,-99.06441,28.476,11.51645,17.1,1.37,1.16,4.0
1758075109.56897,1758075109.46996,0.0,0.0,0.0,-98.66334,26.12688,3.66693,12.8,-0.64,1.82,4.0
1758075109.58332,1758075109.47996,0.0,0.0,0.0,-97.7466,20.22541,-4.81285,12.8,-0.64,1.82,4.0
1758075109.60041,1758075109.48996,0.0,0.0,0.0,-95.34019,11.45916,-13.23533,10.59,-1.24,1.17,4.0
1758075109.6013,1758075109.49996,0.0,0.0,0.0,-88.52198,-2.06265,-24.57989,10.59,-1.24,1.17,4.0
1758075109.61662,1758075109.50996,0.0,0.0,0.0,-83.02158,-8.65166,-27.96034,9.44,-1.6,1.01,4.0
1758075109.61754,1758075109.51996,0.0,0.0,0.0,-77.92226,-11.51645,-28.64789,9.44,-1.6,1.01,4.0
1758075109.63414,1758075109.52996,0.0,0.0,0.0,-72.70835,-9.05273,-28.01764,9.56,-1.47,0.97,4.0
1758075109.65035,1758075109.53996,0.0,0.0,0.0,-64.91612,9.11003,-24.57989,10.31,-1.06,1.5,4.0
1758075109.65147,1758075109.54996,0.0,0.0,0.0,-61.07731,23.72045,-22.86102,10.31,-1.06,1.5,4.0
1758075109.66636,1758075109.55996,0.0,0.0,0.0,-56.78012,27.78845,-18.73572,9.83,-0.55,2.11,4.0
1758075109.66784,1758075109.56996,0.0,0.0,0.0,-51.79538,24.98096,-12.37589,9.83,-0.55,2.11,4.0
1758075109.68362,1758075109.57996,0.0,0.0,0.0,-47.26902,7.44845,-8.88085,8.0,-0.03,1.95,4.0
1758075109.69944,1758075109.58996,0.0,0.0,0.0,-45.20637,-1.14592,-5.90147,8.0,-0.03,1.95,4.0
1758075109.70101,1758075109.59996,0.0,0.0,0.0,-43.88857,-4.18259,-3.55234,8.41,0.39,1.65,4.0
1758075109.71565,1758075109.60996,0.0,0.0,0.0,-43.02913,-3.83882,-1.3178,8.41,0.39,1.65,4.0
1758075109.7316,1758075109.61996,0.0,0.0,0.0,-43.14373,-4.23989,-0.74485,9.44,0.7,1.93,4.0
1758075109.73295,1758075109.62996,0.0,0.0,0.0,-43.4875,-5.27121,-0.74485,9.26,0.93,1.93,4.0
1758075109.74774,1758075109.63996,0.0,0.0,0.0,-44.17505,-6.41713,-1.43239,9.26,0.93,1.93,4.0
1758075109.7486,1758075109.64996,0.0,0.0,0.0,-45.43555,-5.09932,-3.20856,9.29,1.04,1.67,4.0
1758075109.7635,1758075109.65996,0.0,0.0,0.0,-45.89392,-3.09397,-4.58366,9.29,1.04,1.67,4.0
1758075109.77974,1758075109.66996,0.0,0.0,0.0,-46.69606,-0.17189,-6.7609,9.61,0.94,1.41,4.0
1758075109.78097,1758075109.67996,0.0,0.0,0.0,-46.75336,3.38045,-8.42248,9.61,0.94,1.41,4.0
1758075109.79576,1758075109.68996,0.0,0.0,0.0,-46.1804,6.07335,-10.08406,9.93,0.66,1.28,4.0
1758075109.81168,1758075109.69996,0.0,0.0,0.0,-45.60744,8.136,-10.54242,10.1,0.32,1.05,4.0
1758075109.8127,1758075109.70996,0.0,0.0,0.0,-44.51882,11.34457,-10.08406,10.1,0.32,1.05,4.0
1758075109.82775,1758075109.71996,0.0,0.0,0.0,-43.20102,16.04282,-8.99544,10.44,-0.03,1.02,4.0
1758075109.82868,1758075109.72996,0.0,0.0,0.0,-40.45082,23.26209,-6.35983,10.44,-0.03,1.02,4.0
1758075109.84375,1758075109.73996,0.0,0.0,0.0,-38.27358,26.24147,-4.1253,10.36,-0.23,1.09,4.0
1758075109.85977,1758075109.74996,0.0,0.0,0.0,-36.38282,26.98631,-1.77617,10.36,-0.23,1.09,4.0
1758075109.86072,1758075109.75996,0.0,0.0,0.0,-34.32018,25.7831,0.74485,9.73,-0.25,1.13,4.0
1758075109.87569,1758075109.76996,0.0,0.0,0.0,-31.45539,20.79837,4.1253,9.08,-0.18,1.02,4.0
1758075109.89152,1758075109.77996,0.0,0.0,0.0,-29.27814,15.75634,6.70361,9.08,-0.18,1.02,4.0
1758075109.89272,1758075109.78996,0.0,0.0,0.0,-27.50197,11.45916,8.70896,8.72,-0.05,0.79,4.0
1758075109.90776,1758075109.79996,0.0,0.0,0.0,-25.72581,4.64096,11.17268,8.72,-0.05,0.79,4.0
1758075109.90899,1758075109.80996,0.0,0.0,0.0,-24.86637,0.0,12.2613,8.55,0.12,0.92,4.0
1758075109.92356,1758075109.81996,0.0,0.0,0.0,-24.12152,-4.81285,12.77696,8.55,0.12,0.92,4.0
1758075109.93988,1758075109.82996,0.0,0.0,0.0,-23.72045,-8.99544,12.60507,8.3,0.33,1.01,4.0
1758075109.94103,1758075109.83996,0.0,0.0,0.0,-23.60586,-14.9542,11.34457,8.3,0.33,1.01,4.0
1758075109.95583,1758075109.84996,0.0,0.0,0.0,-23.54857,-18.50654,10.31324,8.3,0.46,1.1,4.0
1758075109.97183,1758075109.85996,0.0,0.0,0.0,-23.72045,-21.08485,9.22462,8.38,0.51,1.06,4.0
1758075109.97223,1758075109.86996,0.0,0.0,0.0,-23.89234,-22.86102,8.42248,8.38,0.51,1.06,4.0
1758075109.98786,1758075109.87996,0.0,0.0,0.0,-24.35071,-24.35071,7.16197,8.36,0.51,0.9,4.0
1758075109.9892,1758075109.88996,0.0,0.0,0.0,-24.57989,-25.15285,6.58902,8.36,0.51,0.9,4.0
1758075110.00389,1758075109.89996,0.0,0.0,0.0,-24.80907,-24.98096,6.58902,8.19,0.49,0.85,4.0
1758075110.01994,1758075109.90996,0.0,0.0,0.0,-24.63719,-23.89234,6.8182,8.19,0.49,0.85,4.0
1758075110.02084,1758075109.91996,0.0,0.0,0.0,-24.12152,-21.25674,7.39116,8.33,0.39,0.92,4.0
1758075110.03597,1758075109.92996,0.0,0.0,0.0,-23.31938,-18.62113,8.0787,8.7,0.18,1.0,4.0
1758075110.05193,1758075109.93996,0.0,0.0,0.0,-22.23076,-16.21471,9.11003,8.7,0.18,1.0,4.0
1758075110.05234,1758075109.94996,0.0,0.0,0.0,-20.68378,-14.38124,10.59972,9.06,-0.08,0.93,4.0
1758075110.068,1758075109.95996,0.0,0.0,0.0,-17.53251,-14.66772,13.34992,9.06,-0.08,0.93,4.0
1758075110.06916,1758075109.96996,0.0,0.0,0.0,-15.98552,-17.36062,15.64175,9.06,-0.31,0.75,4.0
1758075110.08371,1758075109.97996,0.0,0.0,0.0,-13.86558,-18.90761,18.10547,9.06,-0.31,0.75,4.0
1758075110.10005,1758075109.98996,0.0,0.0,0.0,-12.14671,-19.88164,21.31403,8.99,-0.36,0.56,4.0
1758075110.10091,1758075109.99996,0.0,0.0,0.0,-9.74028,-18.79302,23.26209,9.09,-0.33,0.64,4.0
1758075110.11575,1758075110.00996,0.0,0.0,0.0,-8.30789,-17.6471,24.4653,9.09,-0.33,0.64,4.0
1758075110.13171,1758075110.01996,0.0,0.0,0.0,-6.53172,-16.55848,25.49662,9.04,-0.28,0.65,4.0
1758075110.13241,1758075110.02996,0.0,0.0,0.0,-4.29718,-15.35527,25.8404,9.04,-0.28,0.65,4.0
1758075110.14849,1758075110.03996,0.0,0.0,0.0,-2.7502,-14.9542,25.89769,8.99,-0.23,0.57,4.0
1758075110.15052,1758075110.04996,0.0,0.0,0.0,-1.66158,-13.75099,25.61122,8.99,-0.23,0.57,4.0
1758075110.16574,1758075110.05996,0.0,0.0,0.0,-0.74485,-11.97482,25.15285,9.07,-0.16,0.5,4.0
1758075110.16694,1758075110.06996,0.0,0.0,0.0,0.17189,-8.30789,24.29341,9.07,-0.16,0.41,4.0
1758075110.18235,1758075110.07996,0.0,0.0,0.0,0.74485,-5.50039,23.94964,9.07,-0.1,0.41,4.0
1758075110.1986,1758075110.08996,0.0,0.0,0.0,1.08862,-2.23454,23.37668,8.85,-0.06,0.23,4.0
1758075110.19975,1758075110.09996,0.0,0.0,0.0,1.66158,0.51566,23.0329,8.85,-0.06,0.23,4.0
1758075110.21498,1758075110.10996,0.0,0.0,0.0,2.40642,3.26586,22.34536,8.48,-0.05,0.02,4.0
1758075110.21596,1758075110.11996,0.0,0.0,0.0,3.20856,2.92208,22.11617,8.48,-0.05,0.02,4.0
1758075110.23133,1758075110.12996,0.0,0.0,0.0,3.89611,1.77617,21.7724,8.0,-0.04,0.0,4.0
1758075110.24684,1758075110.13996,0.0,0.0,0.0,4.46907,0.68755,21.60051,8.0,-0.04,0.0,4.0
1758075110.24902,1758075110.14996,0.0,0.0,0.0,5.4431,-0.74485,21.42862,7.68,0.04,0.0,4.0
1758075110.26305,1758075110.15996,0.0,0.0,0.0,5.84417,-2.97938,21.08485,7.16,0.13,0.1,4.0
1758075110.27906,1758075110.16996,0.0,0.0,0.0,5.90147,-6.41713,20.45459,7.16,0.13,0.1,4.0
1758075110.28003,1758075110.17996,0.0,0.0,0.0,5.95876,-11.45916,19.53786,6.39,0.16,0.77,4.0
1758075110.29508,1758075110.18996,0.0,0.0,0.0,5.4431,-21.7724,17.01685,6.39,0.16,0.77,4.0
1758075110.29644,1758075110.19996,0.0,0.0,0.0,4.92744,-27.44468,14.43854,6.74,-0.02,2.27,4.0
1758075110.31241,1758075110.20996,0.0,0.0,0.0,4.29718,-31.2262,10.59972,6.74,-0.02,2.27,4.0
1758075110.32815,1758075110.21996,0.0,0.0,0.0,4.52637,-26.41335,3.49504,9.91,-0.67,3.35,4.0
1758075110.32934,1758075110.22996,0.0,0.0,0.0,7.33386,-19.07949,-1.66158,14.97,-2.52,3.6,4.0
1758075110.34414,1758075110.23996,0.0,0.0,0.0,11.97482,-14.38124,-7.16197,14.97,-2.52,3.6,4.0
1758075110.36101,1758075110.24996,0.0,0.0,0.0,18.62113,-11.86023,-11.22997,16.16,-4.92,2.77,4.0
1758075110.36188,1758075110.25996,0.0,0.0,0.0,29.27814,-15.58445,-16.50119,16.16,-4.92,2.77,4.0
1758075110.3771,1758075110.26996,0.0,0.0,0.0,37.47144,-11.86023,-17.01685,15.64,-6.02,1.81,4.0
1758075110.37811,1758075110.27996,0.0,0.0,0.0,46.46688,-6.35983,-15.12609,15.64,-6.02,1.81,4.0
1758075110.39291,1758075110.28996,0.0,0.0,0.0,55.29043,0.80214,-11.97482,16.49,-5.86,2.09,4.0
1758075110.40919,1758075110.29996,0.0,0.0,0.0,66.69229,3.26586,-5.55769,16.27,-4.42,2.64,4.0
1758075110.41096,1758075110.30996,0.0,0.0,0.0,72.19269,-0.22918,-1.20321,16.27,-4.42,2.64,4.0
1758075110.42595,1758075110.31996,0.0,0.0,0.0,76.0315,-3.66693,3.26586,15.28,-2.53,1.9,4.0
1758075110.4274,1758075110.32996,0.0,0.0,0.0,78.49522,-3.66693,8.65166,15.28,-2.53,1.9,4.0
1758075110.44231,1758075110.33996,0.0,0.0,0.0,79.69843,2.23454,16.272,14.75,-0.84,1.22,4.0
1758075110.45802,1758075110.34996,0.0,0.0,0.0,79.12547,4.35448,20.62648,14.75,-0.84,1.22,4.0
1758075110.45946,1758075110.35996,0.0,0.0,0.0,76.94823,4.81285,23.54857,12.88,0.03,1.42,4.0
1758075110.47399,1758075110.36996,0.0,0.0,0.0,74.54182,5.78687,25.38203,12.88,0.03,1.42,4.0
1758075110.49032,1758075110.37996,0.0,0.0,0.0,69.67168,6.18794,24.35071,10.83,0.15,1.31,4.0
1758075110.49228,1758075110.38996,0.0,0.0,0.0,66.11933,8.59437,22.11617,9.76,-0.02,1.42,4.0
1758075110.50705,1758075110.39996,0.0,0.0,0.0,62.79618,10.65701,19.82434,9.76,-0.02,1.42,4.0
1758075110.50875,1758075110.40996,0.0,0.0,0.0,59.01466,11.91752,15.98552,9.44,0.09,1.44,4.0
1758075110.52322,1758075110.41996,0.0,0.0,0.0,53.17049,12.83425,13.40721,9.44,0.09,1.44,4.0
1758075110.53914,1758075110.42996,0.0,0.0,0.0,49.50356,12.2613,10.71431,9.03,0.1,1.45,4.0
1758075110.54106,1758075110.43996,0.0,0.0,0.0,46.1804,11.45916,8.36518,9.03,0.1,1.45,4.0
1758075110.55607,1758075110.44996,0.0,0.0,0.0,42.05511,9.39651,5.50039,8.68,-0.06,1.47,4.0
1758075110.55728,1758075110.45996,0.0,0.0,0.0,40.04975,6.35983,4.23989,8.52,-0.33,1.67,4.0
1758075110.57227,1758075110.46996,0.0,0.0,0.0,38.56006,2.34913,3.38045,8.52,-0.33,1.67,4.0
1758075110.58814,1758075110.47996,0.0,0.0,0.0,37.64333,-1.20321,2.86479,8.6,-0.75,1.68,4.0
1758075110.58931,1758075110.48996,0.0,0.0,0.0,37.64333,-5.32851,3.55234,8.6,-0.75,1.68,4.0
1758075110.60425,1758075110.49996,0.0,0.0,0.0,38.38818,-6.8182,4.58366,8.93,-1.28,1.66,4.0
1758075110.62015,1758075110.50996,0.0,0.0,0.0,39.3622,-7.39116,5.84417,8.93,-1.28,1.66,4.0
1758075110.6213,1758075110.51996,0.0,0.0,0.0,40.45082,-6.99009,7.33386,9.24,-1.64,1.69,4.0
1758075110.63625,1758075110.52996,0.0,0.0,0.0,42.22699,-5.15662,9.91217,9.51,-1.74,1.67,4.0
1758075110.63732,1758075110.53996,0.0,0.0,0.0,43.37291,-3.20856,11.74564,9.51,-1.74,1.67,4.0
1758075110.65219,1758075110.54996,0.0,0.0,0.0,44.51882,-0.57296,13.34992,9.84,-1.58,1.63,4.0
1758075110.66839,1758075110.55996,0.0,0.0,0.0,45.43555,1.94806,14.66772,9.84,-1.58,1.63,4.0
1758075110.66933,1758075110.56996,0.0,0.0,0.0,45.83662,4.64096,15.98552,10.05,-1.28,1.61,4.0
1758075110.68418,1758075110.57996,0.0,0.0,0.0,45.72203,4.81285,16.3293,10.05,-1.28,1.61,4.0
1758075110.70041,1758075110.58996,0.0,0.0,0.0,45.09178,4.46907,15.92823,10.1,-0.95,1.58,4.0
1758075110.70136,1758075110.59996,0.0,0.0,0.0,43.94586,2.97938,15.12609,10.1,-0.95,1.58,4.0
1758075110.71642,1758075110.60996,0.0,0.0,0.0,41.88322,0.22918,13.17803,10.09,-0.79,1.43,4.0
1758075110.71736,1758075110.61996,0.0,0.0,0.0,40.33623,-1.43239,11.57375,10.03,-0.78,1.28,4.0
1758075110.73243,1758075110.62996,0.0,0.0,0.0,38.73195,-2.23454,9.96947,10.03,-0.78,1.28,4.0
1758075110.74827,1758075110.63996,0.0,0.0,0.0,36.03905,-1.77617,8.0787,10.0,-0.84,1.21,4.0
1758075110.74942,1758075110.64996,0.0,0.0,0.0,34.37747,-0.11459,6.99009,10.0,-0.84,1.21,4.0
1758075110.76423,1758075110.65996,0.0,0.0,0.0,32.71589,1.43239,6.13065,9.89,-0.93,1.17,4.0
1758075110.78046,1758075110.66996,0.0,0.0,0.0,31.11161,2.92208,5.50039,9.89,-0.93,1.17,4.0
1758075110.78145,1758075110.67996,0.0,0.0,0.0,28.41871,4.52637,5.15662,9.54,-0.95,1.22,4.0
1758075110.79653,1758075110.68996,0.0,0.0,0.0,26.52795,8.0787,4.52637,9.52,-0.88,1.31,4.0
1758075110.79747,1758075110.69996,0.0,0.0,0.0,24.75178,9.4538,4.46907,9.52,-0.88,1.31,4.0
1758075110.81234,1758075110.70996,0.0,0.0,0.0,22.74642,9.62569,3.60963,9.53,-0.79,1.38,4.0
1758075110.82858,1758075110.71996,0.0,0.0,0.0,20.34,8.65166,2.86479,9.53,-0.79,1.38,4.0
1758075110.82948,1758075110.72996,0.0,0.0,0.0,18.90761,8.42248,1.94806,9.59,-0.8,1.24,4.0
1758075110.84457,1758075110.73996,0.0,0.0,0.0,17.81899,9.39651,1.48969,9.59,-0.8,1.24,4.0
1758075110.86057,1758075110.74996,0.0,0.0,0.0,17.36062,10.71431,1.03132,9.76,-0.95,1.16,4.0
1758075110.86153,1758075110.75996,0.0,0.0,0.0,16.84496,11.57375,0.11459,9.6,-1.18,1.15,4.0
1758075110.87658,1758075110.76996,0.0,0.0,0.0,16.73037,10.94349,0.0,9.6,-1.18,1.15,4.0
1758075110.87754,1758075110.77996,0.0,0.0,0.0,16.73037,9.39651,-0.17189,9.19,-1.32,1.09,4.0
1758075110.89232,1758075110.78996,0.0,0.0,0.0,16.67307,7.33386,-0.34377,9.19,-1.32,1.09,4.0
1758075110.90858,1758075110.79996,0.0,0.0,0.0,15.98552,4.64096,-0.34377,8.89,-1.3,1.08,4.0
1758075110.90957,1758075110.80996,0.0,0.0,0.0,15.69904,3.83882,-0.17189,8.89,-1.3,1.08,4.0
1758075110.92572,1758075110.81996,0.0,0.0,0.0,15.24068,3.20856,0.0573,9.06,-1.14,1.16,4.0
1758075110.92696,1758075110.82996,0.0,0.0,0.0,14.61043,2.92208,0.0,9.06,-1.14,1.16,4.0
1758075110.94237,1758075110.83996,0.0,0.0,0.0,13.69369,1.71887,-0.22918,9.28,-0.98,1.17,4.0
1758075110.95868,1758075110.84996,0.0,0.0,0.0,13.00614,0.68755,-0.68755,9.32,-0.89,1.06,4.0
1758075110.95982,1758075110.85996,0.0,0.0,0.0,12.2613,-0.17189,-1.43239,9.32,-0.89,1.06,4.0
1758075110.97466,1758075110.86996,0.0,0.0,0.0,11.22997,-1.43239,-2.86479,9.21,-0.89,1.1,4.0
1758075110.99042,1758075110.87996,0.0,0.0,0.0,10.48513,-2.11994,-3.83882,9.21,-0.89,1.1,4.0
1758075110.9916,1758075110.88996,0.0,0.0,0.0,9.68299,-2.6929,-4.87014,9.12,-0.92,1.15,4.0
1758075111.00667,1758075110.89996,0.0,0.0,0.0,9.05273,-3.09397,-5.84417,9.12,-0.92,1.15,4.0
1758075111.00802,1758075110.90996,0.0,0.0,0.0,8.02141,-3.83882,-6.53172,9.16,-0.97,1.19,4.0
1758075111.02243,1758075110.91996,0.0,0.0,0.0,7.21927,-4.52637,-6.8182,9.16,-0.97,1.25,4.0
1758075111.03866,1758075110.92996,0.0,0.0,0.0,6.24524,-5.4431,-6.8182,9.16,-0.97,1.25,4.0
1758075111.03999,1758075110.93996,0.0,0.0,0.0,5.32851,-5.95876,-6.87549,9.19,-0.88,1.2,4.0
1758075111.05448,1758075110.94996,0.0,0.0,0.0,4.1253,-6.18794,-6.58902,9.19,-0.88,1.2,4.0
1758075111.07049,1758075110.95996,0.0,0.0,0.0,3.49504,-5.84417,-6.58902,9.32,-0.82,1.15,4.0
1758075111.07201,1758075110.96996,0.0,0.0,0.0,2.7502,-5.09932,-6.99009,9.32,-0.82,1.15,4.0
1758075111.08648,1758075110.97996,0.0,0.0,0.0,2.29183,-3.83882,-7.67763,9.45,-0.94,1.18,4.0
1758075111.088,1758075110.98996,0.0,0.0,0.0,1.48969,-2.29183,-9.68299,9.6,-1.04,1.16,4.0
1758075111.1028,1758075110.99996,0.0,0.0,0.0,1.03132,-1.43239,-11.28727,9.6,-1.04,1.16,4.0
1758075111.11879,1758075111.00996,0.0,0.0,0.0,0.68755,-1.14592,-12.77696,9.75,-1.12,1.1,4.0
1758075111.12081,1758075111.01996,0.0,0.0,0.0,0.51566,-0.45837,-14.32395,9.75,-1.12,1.1,4.0
1758075111.13584,1758075111.02996,0.0,0.0,0.0,0.57296,1.3178,-15.98552,9.96,-1.13,1.1,4.0
1758075111.13674,1758075111.03996,0.0,0.0,0.0,0.51566,2.11994,-16.84496,9.96,-1.13,1.1,4.0
1758075111.15281,1758075111.04996,0.0,0.0,0.0,0.74485,2.97938,-17.47521,10.12,-1.13,1.04,4.0
1758075111.1688,1758075111.05996,0.0,0.0,0.0,1.08862,5.15662,-18.10547,10.12,-1.13,1.04,4.0
1758075111.16971,1758075111.06996,0.0,0.0,0.0,1.43239,6.13065,-18.50654,10.23,-1.15,1.02,4.0
1758075111.18487,1758075111.07996,0.0,0.0,0.0,1.83346,7.10468,-18.73572,10.08,-1.18,1.05,4.0
1758075111.20084,1758075111.08996,0.0,0.0,0.0,2.06265,7.67763,-18.90761,10.08,-1.18,1.05,4.0
1758075111.20178,1758075111.09996,0.0,0.0,0.0,2.86479,7.62034,-18.9649,9.94,-1.18,1.03,4.0
1758075111.21677,1758075111.10996,0.0,0.0,0.0,3.26586,6.87549,-18.90761,9.94,-1.18,1.03,4.0
1758075111.21778,1758075111.11996,0.0,0.0,0.0,3.49504,5.78687,-18.9649,9.88,-1.19,1.05,4.0
1758075111.2326,1758075111.12996,0.0,0.0,0.0,3.55234,4.81285,-19.13679,9.88,-1.19,1.05,4.0
1758075111.24868,1758075111.13996,0.0,0.0,0.0,3.60963,3.95341,-19.82434,9.83,-1.1,1.09,4.0
1758075111.2498,1758075111.14996,0.0,0.0,0.0,3.66693,3.49504,-20.62648,9.7,-1.01,1.09,4.0
1758075111.26473,1758075111.15996,0.0,0.0,0.0,3.83882,3.49504,-21.08485,9.7,-1.01,1.09,4.0
1758075111.28062,1758075111.16996,0.0,0.0,0.0,4.18259,3.32316,-21.88699,9.49,-1.03,1.09,4.0
1758075111.28183,1758075111.17996,0.0,0.0,0.0,5.21392,3.49504,-22.91831,9.49,-1.03,1.09,4.0
1758075111.29701,1758075111.18996,0.0,0.0,0.0,6.13065,3.55234,-23.54857,9.26,-1.14,1.05,4.0
1758075111.29786,1758075111.19996,0.0,0.0,0.0,7.33386,3.20856,-24.23611,9.26,-1.14,1.05,4.0
1758075111.31286,1758075111.20996,0.0,0.0,0.0,8.65166,2.92208,-24.92367,8.85,-1.25,1.03,4.0
1758075111.32892,1758075111.21996,0.0,0.0,0.0,10.25595,1.48969,-25.55392,8.27,-1.31,1.03,4.0
1758075111.32988,1758075111.22996,0.0,0.0,0.0,11.51645,0.17189,-25.72581,8.27,-1.31,1.03,4.0
1758075111.34493,1758075111.23996,0.0,0.0,0.0,12.60507,-2.23454,-25.61122,7.58,-1.29,0.99,4.0
1758075111.36098,1758075111.24996,0.0,0.0,0.0,14.15206,-4.23989,-25.21014,7.58,-1.29,0.99,4.0
1758075111.36189,1758075111.25996,0.0,0.0,0.0,15.24068,-7.96411,-24.35071,6.94,-1.23,0.86,4.0
1758075111.37697,1758075111.26996,0.0,0.0,0.0,16.272,-11.34457,-23.26209,6.94,-1.23,0.86,4.0
1758075111.37789,1758075111.27996,0.0,0.0,0.0,17.01685,-15.06879,-21.60051,6.06,-1.13,0.82,4.0
1758075111.39293,1758075111.28996,0.0,0.0,0.0,18.27736,-20.62648,-18.90761,6.06,-1.13,0.82,4.0
1758075111.40957,1758075111.29996,0.0,0.0,0.0,19.48057,-24.12152,-17.30333,5.27,-1.05,0.66,4.0
1758075111.41075,1758075111.30996,0.0,0.0,0.0,20.51189,-27.04361,-15.75634,4.56,-1.03,0.29,4.0
1758075111.42593,1758075111.31996,0.0,0.0,0.0,21.7151,-29.9084,-14.43854,4.56,-1.03,0.29,4.0
1758075111.42719,1758075111.32996,0.0,0.0,0.0,23.66316,-33.63263,-12.89155,3.96,-1.0,0.16,4.0
1758075111.44299,1758075111.33996,0.0,0.0,0.0,25.09555,-35.00772,-11.63104,3.96,-1.0,0.16,4.0
1758075111.45905,1758075111.34996,0.0,0.0,0.0,26.12688,-34.66395,-10.02676,4.27,-0.71,1.17,4.0
1758075111.46042,1758075111.35996,0.0,0.0,0.0,27.10091,-32.42941,-7.67763,4.27,-0.71,1.17,4.0
1758075111.47482,1758075111.36996,0.0,0.0,0.0,27.10091,-22.40265,-3.32316,6.63,0.08,2.95,4.0
1758075111.49079,1758075111.37996,0.0,0.0,0.0,25.38203,-11.57375,-0.51566,11.51,1.7,4.24,4.0
1758075111.49234,1758075111.38996,0.0,0.0,0.0,20.05352,0.22918,2.34913,11.51,1.7,4.24,4.0
1758075111.50708,1758075111.39996,0.0,0.0,0.0,11.00079,10.08406,6.47442,17.04,4.98,3.89,4.0
1758075111.5084,1758075111.40996,0.0,0.0,0.0,-4.52637,9.05273,11.91752,17.04,4.98,3.89,4.0
1758075111.52307,1758075111.41996,0.0,0.0,0.0,-15.35527,-3.03668,15.69904,17.44,7.59,1.88,4.0
1758075111.5399,1758075111.42996,0.0,0.0,0.0,-25.15285,-12.43318,17.13144,17.44,7.59,1.88,4.0
1758075111.54123,1758075111.43996,0.0,0.0,0.0,-36.38282,-9.5684,17.30333,15.94,7.07,2.67,4.0
1758075111.55606,1758075111.44996,0.0,0.0,0.0,-53.28508,-3.49504,15.75634,18.28,5.38,3.71,4.0
1758075111.557,1758075111.45996,0.0,0.0,0.0,-60.27517,0.45837,16.55848,18.28,5.38,3.71,4.0
1758075111.57291,1758075111.46996,0.0,0.0,0.0,-62.68159,0.51566,15.12609,16.96,2.43,1.39,4.0
1758075111.58886,1758075111.47996,0.0,0.0,0.0,-63.13995,5.55769,9.91217,16.96,2.43,1.39,4.0
1758075111.59052,1758075111.48996,0.0,0.0,0.0,-62.79618,10.31324,3.32316,14.21,-0.32,1.24,4.0
1758075111.60489,1758075111.49996,0.0,0.0,0.0,-61.93674,9.62569,-3.95341,14.21,-0.32,1.24,4.0
1758075111.62091,1758075111.50996,0.0,0.0,0.0,-59.70221,2.06265,-10.8862,11.84,-1.57,1.65,4.0
1758075111.62208,1758075111.51996,0.0,0.0,0.0,-52.36834,-9.68299,-21.14215,11.84,-1.57,1.17,4.0
1758075111.63718,1758075111.52996,0.0,0.0,0.0,-48.07116,-14.38124,-24.57989,10.01,-2.33,1.17,4.0
1758075111.63804,1758075111.53996,0.0,0.0,0.0,-43.20102,-12.2613,-25.49662,11.08,-2.24,1.09,4.0
1758075111.65292,1758075111.54996,0.0,0.0,0.0,-37.98711,-1.03132,-24.29341,11.08,-2.24,1.09,4.0
1758075111.66883,1758075111.55996,0.0,0.0,0.0,-31.2262,21.94428,-19.13679,12.92,-1.7,1.76,4.0
1758075111.67004,1758075111.56996,0.0,0.0,0.0,-27.1582,22.40265,-13.5791,12.92,-1.7,1.76,4.0
1758075111.68515,1758075111.57996,0.0,0.0,0.0,-23.26209,15.98552,-8.36518,11.01,-1.04,2.08,4.0
1758075111.70086,1758075111.58996,0.0,0.0,0.0,-20.45459,4.69825,-3.95341,11.01,-1.04,2.08,4.0
1758075111.70207,1758075111.59996,0.0,0.0,0.0,-17.87628,-8.136,-0.85944,9.01,-0.71,1.76,4.0
1758075111.71722,1758075111.60996,0.0,0.0,0.0,-16.90226,-10.65701,-0.45837,9.52,-0.54,1.76,4.0
1758075111.71856,1758075111.61996,0.0,0.0,0.0,-16.50119,-10.31324,-1.3178,9.52,-0.54,1.76,4.0
1758075111.73313,1758075111.62996,0.0,0.0,0.0,-16.04282,-10.08406,-2.92208,10.07,-0.21,1.85,4.0
1758075111.74927,1758075111.63996,0.0,0.0,0.0,-15.64175,-10.25595,-6.07335,10.07,-0.21,1.85,4.0
1758075111.75013,1758075111.64996,0.0,0.0,0.0,-15.29797,-10.8862,-8.30789,9.83,0.17,1.57,4.0
1758075111.76521,1758075111.65996,0.0,0.0,0.0,-15.0115,-10.37054,-10.59972,9.83,0.17,1.57,4.0
1758075111.78131,1758075111.66996,0.0,0.0,0.0,-14.66772,-9.11003,-13.34992,9.85,0.36,1.31,4.0
1758075111.78217,1758075111.67996,0.0,0.0,0.0,-14.15206,-5.27121,-14.43854,10.1,0.26,1.23,4.0
1758075111.79729,1758075111.68996,0.0,0.0,0.0,-13.69369,-2.6929,-14.9542,10.1,0.26,1.23,4.0
1758075111.79862,1758075111.69996,0.0,0.0,0.0,-12.89155,-0.22918,-14.61043,10.06,0.12,1.19,4.0
1758075111.81323,1758075111.70996,0.0,0.0,0.0,-11.74564,3.09397,-13.5218,10.06,0.12,1.19,4.0
1758075111.82914,1758075111.71996,0.0,0.0,0.0,-10.94349,4.58366,-12.37589,9.75,0.1,1.17,4.0
1758075111.83134,1758075111.72996,0.0,0.0,0.0,-10.48513,5.55769,-10.8862,9.75,0.1,1.17,4.0
1758075111.84634,1758075111.73996,0.0,0.0,0.0,-9.91217,5.90147,-8.93814,9.4,0.24,1.23,4.0
1758075111.84749,1758075111.74996,0.0,0.0,0.0,-9.5684,6.41713,-6.24524,9.26,0.24,1.2,4.0
1758075111.86324,1758075111.75996,0.0,0.0,0.0,-9.28192,6.99009,-4.46907,9.26,0.43,1.2,4.0
1758075111.87936,1758075111.76996,0.0,0.0,0.0,-9.28192,7.96411,-2.97938,9.24,0.64,1.18,4.0
1758075111.88134,1758075111.77996,0.0,0.0,0.0,-9.33921,8.42248,-1.94806,9.24,0.64,1.18,4.0
1758075111.89637,1758075111.78996,0.0,0.0,0.0,-9.91217,7.62034,-0.97403,9.21,0.79,1.14,4.0
1758075111.89725,1758075111.79996,0.0,0.0,0.0,-9.96947,6.47442,-0.80214,9.21,0.79,1.14,4.0
1758075111.91306,1758075111.80996,0.0,0.0,0.0,-10.25595,5.50039,-0.68755,9.12,0.81,1.16,4.0
1758075111.92911,1758075111.81996,0.0,0.0,0.0,-10.71431,7.44845,-0.80214,9.12,0.81,1.16,4.0
1758075111.93032,1758075111.82996,0.0,0.0,0.0,-10.59972,14.20935,-0.68755,9.46,0.72,1.15,4.0
1758075111.9451,1758075111.83996,0.0,0.0,0.0,-10.54242,17.76169,-0.17189,9.64,0.61,1.2,4.0
1758075111.96137,1758075111.84996,0.0,0.0,0.0,-10.19865,18.33465,-0.11459,9.64,0.61,1.2,4.0
1758075111.9627,1758075111.85996,0.0,0.0,0.0,-10.08406,16.84496,0.0,9.15,0.48,1.12,4.0
1758075111.97737,1758075111.86996,0.0,0.0,0.0,-10.02676,10.8289,0.22918,9.15,0.48,1.12,4.0
1758075111.97827,1758075111.87996,0.0,0.0,0.0,-10.02676,6.47442,0.40107,8.94,0.45,0.89,4.0
1758075111.99341,1758075111.88996,0.0,0.0,0.0,-10.08406,2.86479,0.97403,8.94,0.45,0.89,4.0
1758075112.00939,1758075111.89996,0.0,0.0,0.0,-10.37054,-1.71887,1.66158,9.08,0.47,0.84,4.0
1758075112.01197,1758075111.90996,0.0,0.0,0.0,-10.59972,-4.35448,2.29183,9.15,0.5,0.94,4.0
1758075112.02714,1758075111.91996,0.0,0.0,0.0,-10.8862,-6.70361,2.7502,9.15,0.5,0.94,4.0
1758075112.02909,1758075111.92996,0.0,0.0,0.0,-11.00079,-9.96947,3.09397,9.06,0.54,1.01,4.0
1758075112.04417,1758075111.93996,0.0,0.0,0.0,-11.45916,-15.0115,3.66693,9.06,0.54,1.01,4.0
1758075112.06039,1758075111.94996,0.0,0.0,0.0,-11.86023,-17.36062,3.83882,8.96,0.59,1.04,4.0
1758075112.06135,1758075111.95996,0.0,0.0,0.0,-12.43318,-18.73572,4.23989,8.96,0.59,1.04,4.0
1758075112.07634,1758075111.96996,0.0,0.0,0.0,-12.89155,-19.25138,4.58366,9.22,0.68,1.1,4.0
1758075112.07738,1758075111.97996,0.0,0.0,0.0,-14.15206,-18.56383,5.21392,9.56,0.76,1.09,4.0
1758075112.09349,1758075111.98996,0.0,0.0,0.0,-15.35527,-17.99088,5.61499,9.56,0.76,1.09,4.0
1758075112.1092,1758075111.99996,0.0,0.0,0.0,-16.67307,-17.30333,5.90147,9.6,0.82,0.93,4.0
1758075112.1112,1758075112.00996,0.0,0.0,0.0,-17.93358,-16.38659,6.18794,9.6,0.82,0.93,4.0
1758075112.12623,1758075112.01996,0.0,0.0,0.0,-19.82434,-13.12073,6.8182,9.67,0.85,0.85,4.0
1758075112.12786,1758075112.02996,0.0,0.0,0.0,-21.02755,-10.37054,7.21927,9.67,0.85,0.85,4.0
1758075112.14351,1758075112.03996,0.0,0.0,0.0,-22.05888,-7.62034,7.50575,9.96,0.78,0.85,4.0
1758075112.15953,1758075112.04996,0.0,0.0,0.0,-23.20479,-4.81285,7.73493,9.96,0.78,0.85,4.0
1758075112.16081,1758075112.05996,0.0,0.0,0.0,-24.57989,-2.29183,8.59437,10.24,0.6,0.78,4.0
1758075112.17525,1758075112.06996,0.0,0.0,0.0,-25.49662,-2.6929,9.22462,10.2,0.41,0.65,4.0
1758075112.19166,1758075112.07996,0.0,0.0,0.0,-26.24147,-3.83882,10.08406,10.2,0.41,0.65,4.0
1758075112.1928,1758075112.08996,0.0,0.0,0.0,-27.1582,-5.21392,11.34457,10.09,0.27,0.76,4.0
1758075112.20761,1758075112.09996,0.0,0.0,0.0,-27.38738,-6.7609,12.14671,10.09,0.27,0.76,4.0
1758075112.20849,1758075112.10996,0.0,0.0,0.0,-27.67386,-7.73493,12.49048,10.07,0.24,0.71,4.0
1758075112.22357,1758075112.11996,0.0,0.0,0.0,-27.73116,-8.47978,12.60507,10.07,0.24,0.71,4.0
1758075112.23958,1758075112.12996,0.0,0.0,0.0,-28.24682,-8.93814,11.91752,9.88,0.18,0.57,4.0
1758075112.2405,1758075112.13996,0.0,0.0,0.0,-28.30412,-8.47978,11.00079,9.73,0.08,0.46,4.0
1758075112.25536,1758075112.14996,0.0,0.0,0.0,-28.64789,-8.25059,9.85487,9.73,0.08,0.46,4.0
1758075112.27134,1758075112.15996,0.0,0.0,0.0,-28.59059,-7.16197,8.65166,9.65,-0.02,0.46,4.0
1758075112.27257,1758075112.16996,0.0,0.0,0.0,-28.70519,-5.15662,7.39116,9.65,-0.02,0.46,4.0
1758075112.28738,1758075112.17996,0.0,0.0,0.0,-28.64789,-2.97938,7.16197,9.79,-0.15,0.43,4.0
1758075112.28853,1758075112.18996,0.0,0.0,0.0,-28.13223,-0.45837,7.44845,9.79,-0.15,0.43,4.0
1758075112.30341,1758075112.19996,0.0,0.0,0.0,-27.67386,1.3751,8.136,9.97,-0.28,0.38,4.0
1758075112.31943,1758075112.20996,0.0,0.0,0.0,-26.64254,2.11994,10.02676,9.69,-0.38,0.44,4.0
1758075112.32101,1758075112.21996,0.0,0.0,0.0,-25.49662,1.77617,11.74564,9.69,-0.38,0.44,4.0
1758075112.33541,1758075112.22996,0.0,0.0,0.0,-24.35071,0.97403,13.40721,9.47,-0.38,0.53,4.0
1758075112.35175,1758075112.23996,0.0,0.0,0.0,-23.31938,0.51566,14.83961,9.47,-0.38,0.53,4.0
1758075112.3526,1758075112.24996,0.0,0.0,0.0,-21.60051,-0.0573,16.272,9.48,-0.22,0.44,4.0
1758075112.36744,1758075112.25996,0.0,0.0,0.0,-20.74107,-0.22918,16.61578,9.48,-0.22,0.44,4.0
1758075112.36903,1758075112.26996,0.0,0.0,0.0,-19.99623,-0.34377,16.38659,9.44,-0.03,0.27,4.0
1758075112.38335,1758075112.27996,0.0,0.0,0.0,-19.48057,0.11459,15.69904,9.44,-0.03,0.27,4.0
1758075112.39977,1758075112.28996,0.0,0.0,0.0,-19.19409,0.40107,15.29797,9.53,0.05,0.28,4.0
1758075112.40088,1758075112.29996,0.0,0.0,0.0,-19.19409,0.45837,14.78231,9.68,0.06,0.28,4.0
1758075112.41571,1758075112.30996,0.0,0.0,0.0,-19.36597,0.34377,14.38124,9.68,0.06,0.28,4.0
1758075112.43172,1758075112.31996,0.0,0.0,0.0,-19.76705,-0.0573,14.03747,9.71,0.04,0.22,4.0
1758075112.43304,1758075112.32996,0.0,0.0,0.0,-19.99623,-0.68755,14.09476,9.71,0.04,0.22,4.0
1758075112.44774,1758075112.33996,0.0,0.0,0.0,-20.3973,-1.14592,14.32395,9.32,0.0,0.2,4.0
1758075112.449,1758075112.34996,0.0,0.0,0.0,-20.79837,-1.94806,14.49583,9.32,0.0,0.2,4.0
1758075112.46375,1758075112.35996,0.0,0.0,0.0,-21.14215,-3.20856,15.24068,8.82,-0.05,0.21,4.0
1758075112.4798,1758075112.36996,0.0,0.0,0.0,-21.42862,-4.23989,15.87093,8.48,-0.08,0.22,4.0
1758075112.481,1758075112.37996,0.0,0.0,0.0,-21.6578,-5.90147,16.38659,8.48,-0.08,0.22,4.0
1758075112.49577,1758075112.38996,0.0,0.0,0.0,-21.7724,-8.0787,17.36062,8.15,-0.07,0.14,4.0
1758075112.51179,1758075112.39996,0.0,0.0,0.0,-21.94428,-10.08406,18.16276,8.15,-0.07,0.14,4.0
1758075112.51218,1758075112.40996,0.0,0.0,0.0,-21.7151,-9.11003,18.79302,8.02,-0.04,0.05,4.0
1758075112.5275,1758075112.41996,0.0,0.0,0.0,-21.7724,-8.136,19.13679,8.02,-0.04,0.05,4.0
1758075112.52905,1758075112.42996,0.0,0.0,0.0,-21.6578,-7.62034,18.9649,7.87,-0.09,-0.11,4.0
1758075112.54372,1758075112.43995,0.0,0.0,0.0,-20.85567,-8.136,18.10547,7.39,-0.23,-0.17,4.0
1758075112.55955,1758075112.44995,0.0,0.0,0.0,-19.88164,-9.4538,17.13144,7.39,-0.23,-0.17,4.0
1758075112.56077,1758075112.45995,0.0,0.0,0.0,-18.44924,-12.14671,15.69904,6.87,-0.3,-0.2,4.0
1758075112.57556,1758075112.46995,0.0,0.0,0.0,-16.73037,-15.64175,14.09476,6.87,-0.3,-0.2,4.0
1758075112.59177,1758075112.47995,0.0,0.0,0.0,-14.03747,-21.14215,11.74564,6.3,-0.25,-0.06,4.0
1758075112.59212,1758075112.48995,0.0,0.0,0.0,-12.204,-24.29341,10.19865,6.3,-0.25,-0.06,4.0
1758075112.6078,1758075112.49995,0.0,0.0,0.0,-10.31324,-27.10091,8.88085,6.17,-0.14,0.5,4.0
1758075112.60877,1758075112.50995,0.0,0.0,0.0,-8.136,-29.10626,6.47442,6.17,-0.14,0.5,4.0
1758075112.62386,1758075112.51995,0.0,0.0,0.0,-6.87549,-29.67921,4.92744,6.84,-0.25,1.45,4.0
1758075112.63961,1758075112.52995,0.0,0.0,0.0,-5.32851,-27.78845,3.20856,9.26,-1.06,2.1,4.0
1758075112.64113,1758075112.53995,0.0,0.0,0.0,-3.55234,-24.80907,0.74485,9.26,-1.06,2.1,4.0
1758075112.65593,1758075112.54995,0.0,0.0,0.0,2.06265,-15.87093,-3.03668,13.01,-2.67,2.37,4.0
1758075112.65711,1758075112.55995,0.0,0.0,0.0,7.79223,-8.30789,-6.41713,13.01,-2.67,2.37,4.0
1758075112.6722,1758075112.56995,0.0,0.0,0.0,14.9542,-2.11994,-9.85487,15.84,-4.68,1.84,4.0
1758075112.6876,1758075112.57995,0.0,0.0,0.0,21.42862,-0.45837,-13.86558,15.84,-4.68,1.84,4.0
1758075112.68881,1758075112.58995,0.0,0.0,0.0,30.59595,2.29183,-17.6471,15.66,-5.82,0.75,4.0
1758075112.70388,1758075112.59995,0.0,0.0,0.0,35.92446,4.64096,-17.13144,14.44,-5.09,0.35,4.0
1758075112.71993,1758075112.60995,0.0,0.0,0.0,41.48215,5.4431,-13.12073,14.44,-5.09,0.35,4.0
1758075112.72084,1758075112.61995,0.0,0.0,0.0,48.07116,8.02141,-8.02141,13.55,-4.11,1.24,4.0
1758075112.73592,1758075112.62995,0.0,0.0,0.0,56.49364,10.37054,0.0573,13.55,-4.11,1.24,4.0
1758075112.73713,1758075112.63995,0.0,0.0,0.0,60.33246,7.62034,4.52637,14.52,-2.93,1.56,4.0
1758075112.75234,1758075112.64995,0.0,0.0,0.0,62.5097,3.20856,8.0787,14.52,-2.93,1.56,4.0
1758075112.76802,1758075112.65995,0.0,0.0,0.0,62.62429,-0.40107,10.48513,14.87,-1.7,0.73,4.0
1758075112.76913,1758075112.66995,0.0,0.0,0.0,61.36378,-10.54242,12.54778,13.3,-0.82,0.55,4.0
1758075112.78401,1758075112.67995,0.0,0.0,0.0,59.18654,-16.61578,13.46451,13.3,-0.82,0.55,4.0
1758075112.80001,1758075112.68995,0.0,0.0,0.0,56.20716,-23.0902,12.83425,11.37,-0.49,0.98,4.0
1758075112.80119,1758075112.69995,0.0,0.0,0.0,54.431,-14.38124,11.91752,11.37,-0.49,0.98,4.0
1758075112.81589,1758075112.70995,0.0,0.0,0.0,52.36834,8.0787,10.08406,12.23,-0.52,1.51,4.0
1758075112.81723,1758075112.71995,0.0,0.0,0.0,50.59217,9.28192,8.65166,12.23,-0.52,1.51,4.0
1758075112.83226,1758075112.72995,0.0,0.0,0.0,48.24305,4.69825,7.33386,9.87,-0.42,2.15,4.0
1758075112.84786,1758075112.73995,0.0,0.0,0.0,45.03448,-2.57831,6.07335,9.87,-0.42,2.15,4.0
1758075112.84894,1758075112.74995,0.0,0.0,0.0,42.91454,-5.32851,5.50039,8.89,0.06,1.46,4.0
1758075112.8638,1758075112.75995,0.0,0.0,0.0,41.13837,-6.87549,5.09932,9.08,0.29,1.36,4.0
1758075112.88058,1758075112.76995,0.0,0.0,0.0,39.24761,-8.30789,4.64096,9.08,0.29,1.36,4.0
1758075112.88173,1758075112.77995,0.0,0.0,0.0,36.55471,-9.28192,4.1253,9.28,0.16,1.44,4.0
1758075112.89705,1758075112.78995,0.0,0.0,0.0,35.2369,-8.93814,3.60963,9.28,0.16,1.44,4.0
1758075112.89828,1758075112.79995,0.0,0.0,0.0,34.32018,-7.21927,3.03668,9.88,-0.26,1.24,4.0
1758075112.9131,1758075112.80995,0.0,0.0,0.0,33.86181,-4.35448,2.29183,9.88,-0.26,1.24,4.0
1758075112.92908,1758075112.81995,0.0,0.0,0.0,34.26288,2.11994,1.14592,10.43,-0.87,0.94,4.0
1758075112.92999,1758075112.82995,0.0,0.0,0.0,35.06502,7.39116,0.80214,10.54,-1.45,0.82,4.0
1758075112.94512,1758075112.83995,0.0,0.0,0.0,36.21093,13.46451,0.40107,10.54,-1.45,0.82,4.0
1758075112.94602,1758075112.84995,0.0,0.0,0.0,37.29956,18.33465,0.45837,10.37,-1.79,0.73,4.0
1758075112.96219,1758075112.85995,0.0,0.0,0.0,39.4195,21.7151,1.14592,10.37,-1.79,0.73,4.0
1758075112.97789,1758075112.86995,0.0,0.0,0.0,40.33623,19.07949,2.06265,9.74,-1.76,0.69,4.0
1758075112.979,1758075112.87995,0.0,0.0,0.0,40.39353,13.80828,2.6929,9.74,-1.76,0.69,4.0
1758075112.99387,1758075112.88995,0.0,0.0,0.0,40.39353,8.70896,3.66693,9.28,-1.41,0.49,4.0
1758075113.00991,1758075112.89995,0.0,0.0,0.0,39.4768,4.81285,4.98473,9.73,-0.95,0.56,4.0
1758075113.01105,1758075112.90995,0.0,0.0,0.0,38.21629,5.4431,5.78687,9.73,-0.95,0.56,4.0
1758075113.02599,1758075112.91995,0.0,0.0,0.0,36.84119,7.50575,6.07335,10.24,-0.54,0.55,4.0
1758075113.02711,1758075112.92995,0.0,0.0,0.0,34.0337,9.74028,5.95876,10.24,-0.54,0.55,4.0
1758075113.04194,1758075112.93995,0.0,0.0,0.0,32.08564,11.91752,5.32851,9.98,-0.34,0.65,4.0
1758075113.05791,1758075112.94995,0.0,0.0,0.0,30.02299,11.45916,4.52637,9.98,-0.34,0.65,4.0
1758075113.06024,1758075112.95995,0.0,0.0,0.0,28.07493,10.65701,3.09397,9.45,-0.36,0.73,4.0
1758075113.07518,1758075112.96995,0.0,0.0,0.0,25.61122,8.88085,1.20321,9.45,-0.36,0.73,4.0
1758075113.07725,1758075112.97995,0.0,0.0,0.0,24.23611,8.25059,0.0573,9.29,-0.56,0.8,4.0
1758075113.0932,1758075112.98995,0.0,0.0,0.0,23.0902,6.7609,-0.85944,9.25,-0.78,0.93,4.0
1758075113.10926,1758075112.99995,0.0,0.0,0.0,21.94428,4.92744,-1.3178,9.25,-0.78,0.93,4.0
1758075113.11092,1758075113.00995,0.0,0.0,0.0,20.3973,3.03668,-1.66158,9.16,-0.95,0.95,4.0
1758075113.12627,1758075113.01995,0.0,0.0,0.0,19.88164,2.57831,-1.14592,9.16,-0.95,0.95,4.0
1758075113.12794,1758075113.02995,0.0,0.0,0.0,19.25138,2.92208,-0.74485,9.37,-1.16,0.83,4.0
1758075113.14312,1758075113.03995,0.0,0.0,0.0,18.9649,3.60963,-0.17189,9.37,-1.16,0.83,4.0
1758075113.15925,1758075113.04995,0.0,0.0,0.0,18.9649,5.32851,0.68755,9.48,-1.26,0.7,4.0
1758075113.16016,1758075113.05995,0.0,0.0,0.0,18.9649,11.63104,0.34377,9.82,-1.29,0.63,4.0
1758075113.17528,1758075113.06995,0.0,0.0,0.0,19.13679,15.92823,0.80214,9.82,-1.29,0.63,4.0
1758075113.17645,1758075113.07995,0.0,0.0,0.0,19.07949,16.95955,0.45837,9.61,-1.19,0.63,4.0
1758075113.19196,1758075113.08995,0.0,0.0,0.0,18.90761,16.67307,-0.57296,9.61,-1.19,0.63,4.0
1758075113.20828,1758075113.09995,0.0,0.0,0.0,18.44924,16.21471,-1.48969,9.1,-1.12,0.69,4.0
1758075113.20925,1758075113.10995,0.0,0.0,0.0,18.16276,16.61578,-2.11994,9.1,-1.12,0.69,4.0
1758075113.22404,1758075113.11995,0.0,0.0,0.0,18.10547,17.24603,-2.7502,9.12,-1.09,0.78,4.0
1758075113.24036,1758075113.12995,0.0,0.0,0.0,17.87628,17.18874,-2.92208,9.18,-1.1,0.94,4.0
1758075113.24127,1758075113.13995,0.0,0.0,0.0,17.6471,16.272,-2.97938,9.18,-1.1,0.94,4.0
1758075113.25632,1758075113.14995,0.0,0.0,0.0,17.76169,14.78231,-3.20856,9.16,-1.12,0.9,4.0
1758075113.25729,1758075113.15995,0.0,0.0,0.0,17.13144,11.45916,-3.49504,9.16,-1.12,0.9,4.0
1758075113.27235,1758075113.16995,0.0,0.0,0.0,16.3293,9.91217,-3.49504,9.06,-1.16,0.91,4.0
1758075113.28835,1758075113.17995,0.0,0.0,0.0,15.64175,8.59437,-3.26586,9.06,-1.16,0.91,4.0
1758075113.28933,1758075113.18995,0.0,0.0,0.0,15.0115,7.16197,-2.86479,9.24,-1.2,1.02,4.0
1758075113.30408,1758075113.19995,0.0,0.0,0.0,14.43854,5.15662,-2.29183,9.24,-1.2,1.05,4.0
1758075113.3061,1758075113.20995,0.0,0.0,0.0,14.15206,4.29718,-2.23454,9.28,-1.25,1.05,4.0
1758075113.32212,1758075113.21995,0.0,0.0,0.0,14.32395,4.46907,-2.11994,9.36,-1.24,1.04,4.0
1758075113.3384,1758075113.22995,0.0,0.0,0.0,14.66772,4.69825,-2.29183,9.36,-1.24,1.04,4.0
1758075113.33962,1758075113.23995,0.0,0.0,0.0,15.0115,5.27121,-3.20856,9.18,-1.16,1.1,4.0
1758075113.35414,1758075113.24995,0.0,0.0,0.0,15.24068,5.55769,-4.0107,9.18,-1.16,1.1,4.0
1758075113.37021,1758075113.25995,0.0,0.0,0.0,15.46986,6.07335,-4.98473,9.09,-1.11,1.16,4.0
1758075113.37173,1758075113.26995,0.0,0.0,0.0,15.75634,6.70361,-6.24524,9.09,-1.11,1.16,4.0
1758075113.3864,1758075113.27995,0.0,0.0,0.0,16.61578,7.39116,-7.79223,9.38,-1.18,1.1,4.0
1758075113.38767,1758075113.28995,0.0,0.0,0.0,16.84496,7.04738,-8.76626,9.6,-1.39,1.0,4.0
1758075113.40254,1758075113.29995,0.0,0.0,0.0,16.67307,6.47442,-9.4538,9.6,-1.39,1.0,4.0
1758075113.41829,1758075113.30995,0.0,0.0,0.0,16.50119,6.18794,-10.08406,9.77,-1.49,1.05,4.0
1758075113.4198,1758075113.31995,0.0,0.0,0.0,16.21471,5.72958,-10.65701,9.77,-1.49,1.05,4.0
1758075113.43448,1758075113.32995,0.0,0.0,0.0,16.10011,5.84417,-10.8289,9.71,-1.5,0.97,4.0
1758075113.45129,1758075113.33995,0.0,0.0,0.0,16.272,5.61499,-10.94349,9.71,-1.5,0.97,4.0
1758075113.45221,1758075113.34995,0.0,0.0,0.0,16.95955,5.90147,-11.17268,9.59,-1.49,0.97,4.0
1758075113.46721,1758075113.35995,0.0,0.0,0.0,17.76169,6.07335,-11.45916,9.35,-1.46,0.9,4.0
1758075113.46891,1758075113.36995,0.0,0.0,0.0,18.73572,5.32851,-11.57375,9.35,-1.46,0.9,4.0
1758075113.48327,1758075113.37995,0.0,0.0,0.0,19.36597,4.35448,-11.86023,8.99,-1.4,0.87,4.0
1758075113.50035,1758075113.38995,0.0,0.0,0.0,20.16812,3.03668,-12.54778,8.99,-1.4,0.87,4.0
1758075113.50127,1758075113.39995,0.0,0.0,0.0,20.51189,2.6929,-12.71966,8.67,-1.3,0.78,4.0
1758075113.51651,1758075113.40995,0.0,0.0,0.0,20.97026,1.77617,-13.12073,8.67,-1.3,0.78,4.0
1758075113.5175,1758075113.41995,0.0,0.0,0.0,21.14215,0.51566,-13.69369,8.0,-1.19,0.6,4.0
1758075113.53257,1758075113.42995,0.0,0.0,0.0,20.79837,-1.77617,-14.61043,7.27,-1.01,0.52,4.0
1758075113.54824,1758075113.43995,0.0,0.0,0.0,20.22541,-3.60963,-15.12609,7.27,-1.01,0.52,4.0
1758075113.54949,1758075113.44995,0.0,0.0,0.0,19.42327,-5.84417,-15.75634,6.72,-0.86,0.47,4.0
1758075113.5646,1758075113.45995,0.0,0.0,0.0,18.56383,-7.67763,-16.272,6.72,-0.86,0.47,4.0
1758075113.5806,1758075113.46995,0.0,0.0,0.0,17.01685,-11.45916,-16.55848,6.35,-0.81,0.24,4.0
1758075113.58155,1758075113.47995,0.0,0.0,0.0,15.75634,-14.72501,-16.50119,6.35,-0.81,0.24,4.0
1758075113.59662,1758075113.48995,0.0,0.0,0.0,14.38124,-18.27736,-16.272,6.01,-0.75,0.0,4.0
1758075113.59756,1758075113.49995,0.0,0.0,0.0,13.06344,-22.51724,-15.64175,6.01,-0.75,0.0,4.0
1758075113.61264,1758075113.50995,0.0,0.0,0.0,10.65701,-29.27814,-14.61043,5.63,-0.65,-0.22,4.0
1758075113.62865,1758075113.51995,0.0,0.0,0.0,9.05273,-34.14828,-13.80828,5.1,-0.54,-0.39,4.0
1758075113.62955,1758075113.52995,0.0,0.0,0.0,7.73493,-39.07573,-13.17803,5.1,-0.54,-0.39,4.0
1758075113.64466,1758075113.53995,0.0,0.0,0.0,6.70361,-43.83128,-12.54778,4.75,-0.37,0.05,4.0
1758075113.66041,1758075113.54995,0.0,0.0,0.0,5.55769,-49.84733,-11.97482,4.75,-0.37,0.05,4.0
1758075113.66156,1758075113.55995,0.0,0.0,0.0,5.72958,-53.91533,-10.8862,5.92,0.05,1.52,4.0
1758075113.67647,1758075113.56995,0.0,0.0,0.0,5.4431,-54.14451,-9.05273,5.92,0.05,1.52,4.0
1758075113.67753,1758075113.57995,0.0,0.0,0.0,2.92208,-42.1124,-6.07335,10.19,0.95,2.86,4.0
1758075113.6924,1758075113.58995,0.0,0.0,0.0,-1.77617,-28.93437,-1.83346,17.42,3.09,3.53,4.0
1758075113.70865,1758075113.59995,0.0,0.0,0.0,-9.68299,-16.04282,4.23989,17.42,3.09,3.53,4.0
1758075113.70964,1758075113.60995,0.0,0.0,0.0,-20.45459,-7.21927,10.71431,20.44,5.79,1.81,4.0
1758075113.72456,1758075113.61995,0.0,0.0,0.0,-38.44547,-4.98473,18.9649,20.44,5.79,1.81,4.0
1758075113.7406,1758075113.62995,0.0,0.0,0.0,-49.15978,-12.71966,21.60051,16.52,5.96,0.88,4.0
1758075113.74162,1758075113.63995,0.0,0.0,0.0,-59.12925,-18.50654,21.60051,16.52,5.96,0.88,4.0
1758075113.75649,1758075113.64995,0.0,0.0,0.0,-67.60902,-18.73572,19.53786,13.65,4.07,2.73,4.0
1758075113.7576,1758075113.65995,0.0,0.0,0.0,-78.26604,-8.93814,15.46986,16.67,2.63,2.84,4.0
1758075113.77248,1758075113.66995,0.0,0.0,0.0,-80.95895,-3.26586,13.12073,16.67,2.63,2.84,4.0
1758075113.78864,1758075113.67995,0.0,0.0,0.0,-82.27674,-5.55769,9.28192,15.54,0.6,1.15,4.0
1758075113.79045,1758075113.68995,0.0,0.0,0.0,-79.75573,-17.13144,6.87549,15.54,0.6,1.15,4.0
1758075113.80572,1758075113.69995,0.0,0.0,0.0,-75.40125,-16.61578,0.22918,12.83,-1.17,0.81,4.0
1758075113.80701,1758075113.70995,0.0,0.0,0.0,-71.84892,-15.29797,-4.18259,12.83,-1.17,0.81,4.0
1758075113.82258,1758075113.71995,0.0,0.0,0.0,-67.66632,-16.50119,-7.96411,12.08,-1.96,0.93,4.0
1758075113.83849,1758075113.72995,0.0,0.0,0.0,-62.68159,-18.16276,-11.57375,12.08,-1.96,0.93,4.0
1758075113.83975,1758075113.73995,0.0,0.0,0.0,-54.66018,-24.29341,-13.69369,10.8,-2.28,1.08,4.0
1758075113.85452,1758075113.74995,0.0,0.0,0.0,-48.9879,-27.33009,-12.43318,10.53,-2.39,1.27,4.0
1758075113.87074,1758075113.75995,0.0,0.0,0.0,-43.14373,-28.24682,-9.62569,10.53,-2.39,1.27,4.0
1758075113.8721,1758075113.76995,0.0,0.0,0.0,-34.60666,-23.49127,-4.0107,11.2,-2.28,1.54,4.0
1758075113.88659,1758075113.77995,0.0,0.0,0.0,-29.04896,-13.5791,-0.40107,11.2,-2.28,1.54,4.0
1758075113.88827,1758075113.78995,0.0,0.0,0.0,-24.35071,-2.7502,1.77617,11.41,-1.88,1.75,4.0
1758075113.90254,1758075113.79995,0.0,0.0,0.0,-19.88164,2.00535,3.20856,11.41,-1.88,1.75,4.0
1758075113.91853,1758075113.80995,0.0,0.0,0.0,-13.46451,0.80214,2.00535,10.3,-1.54,1.62,4.0
1758075113.92004,1758075113.81995,0.0,0.0,0.0,-9.91217,-2.86479,0.40107,9.06,-1.22,1.32,4.0
1758075113.93481,1758075113.82995,0.0,0.0,0.0,-7.04738,-4.46907,-1.43239,9.06,-1.22,1.32,4.0
1758075113.95087,1758075113.83995,0.0,0.0,0.0,-4.52637,-3.20856,-2.86479,9.47,-0.94,1.01,4.0
1758075113.95179,1758075113.84995,0.0,0.0,0.0,-1.83346,-0.34377,-4.52637,9.47,-0.94,1.01,4.0
1758075113.96666,1758075113.85995,0.0,0.0,0.0,-0.11459,0.40107,-5.32851,9.96,-0.65,1.03,4.0
1758075113.96834,1758075113.86995,0.0,0.0,0.0,1.20321,0.80214,-6.13065,9.96,-0.65,1.03,4.0
1758075113.98264,1758075113.87995,0.0,0.0,0.0,2.40642,1.66158,-6.99009,10.07,-0.47,0.83,4.0
1758075113.99891,1758075113.88995,0.0,0.0,0.0,4.0107,4.29718,-8.0787,10.12,-0.45,0.6,4.0
1758075114.00091,1758075113.89995,0.0,0.0,0.0,5.55769,5.72958,-8.42248,10.12,-0.45,0.6,4.0
1758075114.01594,1758075113.90995,0.0,0.0,0.0,6.99009,7.04738,-8.42248,9.9,-0.57,0.6,4.0
1758075114.01685,1758075113.91995,0.0,0.0,0.0,8.65166,7.96411,-8.36518,9.9,-0.57,0.6,4.0
1758075114.03267,1758075113.92995,0.0,0.0,0.0,11.63104,8.30789,-7.50575,9.62,-0.84,0.64,4.0
1758075114.04965,1758075113.93995,0.0,0.0,0.0,13.98017,7.67763,-6.70361,9.62,-0.84,0.64,4.0
1758075114.05085,1758075113.94995,0.0,0.0,0.0,16.3293,7.44845,-5.61499,9.42,-1.08,0.68,4.0
1758075114.06591,1758075113.95995,0.0,0.0,0.0,18.62113,7.16197,-3.66693,9.42,-1.08,0.68,4.0
1758075114.06705,1758075113.96995,0.0,0.0,0.0,21.7724,8.02141,-2.29183,9.46,-1.18,0.67,4.0
1758075114.083,1758075113.97995,0.0,0.0,0.0,23.72045,9.05273,-0.80214,9.71,-1.08,0.55,4.0
1758075114.09864,1758075113.98995,0.0,0.0,0.0,25.61122,10.31324,0.51566,9.71,-1.08,0.55,4.0
1758075114.10097,1758075113.99995,0.0,0.0,0.0,28.24682,11.86023,2.00535,9.97,-0.87,0.42,4.0
1758075114.1158,1758075114.00995,0.0,0.0,0.0,29.8511,12.49048,2.6929,9.97,-0.87,0.42,4.0
1758075114.11713,1758075114.01995,0.0,0.0,0.0,31.16891,12.49048,2.97938,9.98,-0.64,0.33,4.0
1758075114.13293,1758075114.02995,0.0,0.0,0.0,32.48671,12.204,3.20856,9.98,-0.64,0.33,4.0
1758075114.14897,1758075114.03995,0.0,0.0,0.0,33.63263,14.20935,3.20856,9.94,-0.47,0.29,4.0
1758075114.15068,1758075114.04995,0.0,0.0,0.0,34.14828,17.01685,2.97938,10.18,-0.36,0.27,4.0
1758075114.16587,1758075114.05995,0.0,0.0,0.0,34.37747,20.05352,2.86479,10.18,-0.36,0.27,4.0
1758075114.16725,1758075114.06995,0.0,0.0,0.0,34.49206,22.63183,2.63561,10.11,-0.31,0.26,4.0
1758075114.18327,1758075114.07995,0.0,0.0,0.0,34.26288,24.00693,2.40642,10.11,-0.31,0.26,4.0
1758075114.19879,1758075114.08995,0.0,0.0,0.0,33.68992,23.83505,2.34913,9.69,-0.26,0.11,4.0
1758075114.20077,1758075114.09995,0.0,0.0,0.0,32.77319,22.23076,2.46372,9.69,-0.26,0.11,4.0
1758075114.21592,1758075114.10995,0.0,0.0,0.0,31.79916,19.59516,2.63561,9.31,-0.18,0.04,4.0
1758075114.2173,1758075114.11995,0.0,0.0,0.0,29.67921,14.78231,3.20856,9.05,-0.09,0.05,4.0
1758075114.2331,1758075114.12995,0.0,0.0,0.0,28.36141,11.45916,3.60963,9.05,-0.09,0.05,4.0
1758075114.24902,1758075114.13995,0.0,0.0,0.0,27.04361,7.10468,4.18259,8.79,-0.06,0.16,4.0
1758075114.25133,1758075114.14995,0.0,0.0,0.0,25.55392,3.20856,4.87014,8.79,-0.06,0.16,4.0
1758075114.2659,1758075114.15995,0.0,0.0,0.0,24.00693,-1.43239,5.84417,8.79,-0.1,0.2,4.0
1758075114.26724,1758075114.16995,0.0,0.0,0.0,22.91831,-4.18259,6.53172,8.79,-0.1,0.2,4.0
1758075114.28281,1758075114.17995,0.0,0.0,0.0,22.05888,-6.18794,7.10468,8.9,-0.1,0.22,4.0
1758075114.29906,1758075114.18995,0.0,0.0,0.0,20.74107,-8.65166,7.67763,8.9,-0.1,0.22,4.0
1758075114.30031,1758075114.19995,0.0,0.0,0.0,19.82434,-10.08406,7.96411,8.96,-0.06,0.25,4.0
1758075114.31511,1758075114.20995,0.0,0.0,0.0,19.07949,-10.8862,8.136,9.09,-0.05,0.15,4.0
1758075114.33113,1758075114.21995,0.0,0.0,0.0,18.44924,-10.59972,8.59437,9.09,-0.05,0.15,4.0
1758075114.33233,1758075114.22995,0.0,0.0,0.0,17.18874,-9.22462,9.05273,9.48,-0.07,0.01,4.0
1758075114.34714,1758075114.23995,0.0,0.0,0.0,16.50119,-7.67763,9.4538,9.48,-0.07,0.01,4.0
1758075114.34807,1758075114.24995,0.0,0.0,0.0,15.75634,-5.50039,9.74028,9.72,-0.09,-0.04,4.0
1758075114.36319,1758075114.25995,0.0,0.0,0.0,15.12609,-3.72423,10.25595,9.72,-0.09,-0.04,4.0
1758075114.37917,1758075114.26995,0.0,0.0,0.0,14.49583,-2.97938,10.65701,9.73,-0.16,-0.03,4.0
1758075114.38088,1758075114.27995,0.0,0.0,0.0,14.09476,-3.26586,10.94349,9.43,-0.18,-0.01,4.0
1758075114.39591,1758075114.28995,0.0,0.0,0.0,13.5218,-4.18259,11.22997,9.43,-0.18,-0.01,4.0
1758075114.39709,1758075114.29995,0.0,0.0,0.0,12.83425,-4.87014,11.34457,9.23,-0.04,-0.07,4.0
1758075114.41318,1758075114.30995,0.0,0.0,0.0,11.63104,-4.18259,12.14671,9.23,-0.04,-0.07,4.0
1758075114.42897,1758075114.31995,0.0,0.0,0.0,10.71431,-2.6929,12.89155,9.37,0.17,-0.03,4.0
1758075114.43052,1758075114.32995,0.0,0.0,0.0,9.68299,-0.74485,13.69369,9.37,0.17,-0.03,4.0
1758075114.44521,1758075114.33995,0.0,0.0,0.0,8.42248,1.3178,14.66772,9.61,0.31,-0.1,4.0
1758075114.46122,1758075114.34995,0.0,0.0,0.0,6.70361,3.49504,16.04282,9.63,0.28,-0.16,4.0
1758075114.4624,1758075114.35995,0.0,0.0,0.0,5.27121,3.95341,17.01685,9.63,0.28,-0.16,4.0
1758075114.47711,1758075114.36995,0.0,0.0,0.0,4.1253,4.0107,17.93358,9.45,0.13,-0.22,4.0
1758075114.47842,1758075114.37995,0.0,0.0,0.0,2.63561,3.38045,19.07949,9.45,0.13,-0.22,4.0
1758075114.49325,1758075114.38995,0.0,0.0,0.0,0.80214,2.57831,19.25138,9.15,0.0,-0.18,4.0
1758075114.51083,1758075114.39995,0.0,0.0,0.0,-0.45837,2.11994,19.36597,9.15,0.0,-0.18,4.0
1758075114.51177,1758075114.40995,0.0,0.0,0.0,-1.43239,1.94806,18.90761,8.85,-0.05,-0.01,4.0
1758075114.52713,1758075114.41995,0.0,0.0,0.0,-2.97938,2.23454,18.16276,8.85,-0.05,-0.01,4.0
1758075114.52817,1758075114.42995,0.0,0.0,0.0,-3.89611,2.97938,17.53251,8.73,0.01,0.04,4.0
1758075114.54299,1758075114.43995,0.0,0.0,0.0,-4.52637,3.20856,17.24603,8.74,0.13,0.0,4.0
1758075114.55899,1758075114.44995,0.0,0.0,0.0,-4.98473,2.63561,16.90226,8.74,0.13,0.0,4.0
1758075114.56068,1758075114.45995,0.0,0.0,0.0,-5.32851,1.43239,17.13144,8.5,0.13,-0.18,4.0
1758075114.57525,1758075114.46995,0.0,0.0,0.0,-5.61499,0.74485,17.47521,8.5,0.13,-0.18,4.0
1758075114.59128,1758075114.47995,0.0,0.0,0.0,-5.90147,0.45837,17.58981,8.26,0.01,-0.32,4.0
1758075114.59264,1758075114.48995,0.0,0.0,0.0,-6.07335,0.0,17.81899,8.26,0.01,-0.32,4.0
1758075114.60732,1758075114.49995,0.0,0.0,0.0,-6.24524,-1.03132,17.93358,7.92,-0.17,-0.36,4.0
1758075114.60849,1758075114.50995,0.0,0.0,0.0,-6.18794,-2.29183,17.81899,7.4,-0.36,-0.47,4.0
1758075114.62334,1758075114.51995,0.0,0.0,0.0,-6.24524,-4.23989,17.47521,7.4,-0.36,-0.47,4.0
1758075114.6391,1758075114.52995,0.0,0.0,0.0,-6.18794,-6.99009,16.84496,6.89,-0.44,-0.44,4.0
1758075114.641,1758075114.53995,0.0,0.0,0.0,-6.13065,-11.63104,15.75634,6.89,-0.44,-0.44,4.0
1758075114.65716,1758075114.54995,0.0,0.0,0.0,-6.07335,-15.58445,14.78231,6.44,-0.35,-0.46,4.0
1758075114.65805,1758075114.55995,0.0,0.0,0.0,-5.84417,-19.53786,13.86558,6.44,-0.35,-0.46,4.0
1758075114.67316,1758075114.56995,0.0,0.0,0.0,-5.61499,-23.94964,13.06344,6.14,-0.18,0.02,4.0
1758075114.69013,1758075114.57995,0.0,0.0,0.0,-5.4431,-31.16891,11.00079,6.6,-0.15,0.91,4.0
1758075114.69183,1758075114.58995,0.0,0.0,0.0,-5.21392,-34.77854,8.88085,6.6,-0.15,0.91,4.0
1758075114.70611,1758075114.59995,0.0,0.0,0.0,-4.69825,-37.12767,5.95876,9.17,-0.49,2.17,4.0
1758075114.7073,1758075114.60995,0.0,0.0,0.0,-2.63561,-33.63263,-0.85944,9.17,-0.49,2.17,4.0
1758075114.72316,1758075114.61995,0.0,0.0,0.0,1.3178,-28.01764,-6.99009,13.54,-1.79,3.24,4.0
1758075114.73915,1758075114.62995,0.0,0.0,0.0,6.99009,-20.97026,-14.49583,13.54,-1.79,3.24,4.0
1758075114.74111,1758075114.63995,0.0,0.0,0.0,14.15206,-13.46451,-22.05888,16.08,-4.03,2.83,4.0
1758075114.75722,1758075114.64995,0.0,0.0,0.0,26.47065,-6.18794,-31.11161,16.08,-4.03,2.83,4.0
1758075114.75855,1758075114.65995,0.0,0.0,0.0,34.89313,0.80214,-33.86181,16.21,-5.68,1.09,4.0
1758075114.77329,1758075114.66995,0.0,0.0,0.0,42.62806,9.22462,-34.32018,15.74,-5.78,0.35,4.0
1758075114.78917,1758075114.67995,0.0,0.0,0.0,49.79003,15.12609,-32.25753,15.74,-5.78,0.35,4.0
1758075114.79121,1758075114.68995,0.0,0.0,0.0,58.55629,21.7724,-24.92367,14.41,-4.39,1.3,4.0
1758075114.80616,1758075114.69995,0.0,0.0,0.0,63.59832,23.89234,-19.19409,14.41,-4.39,1.3,4.0
1758075114.80736,1758075114.70995,0.0,0.0,0.0,67.03606,23.72045,-14.09476,14.71,-2.82,2.14,4.0
1758075114.82326,1758075114.71995,0.0,0.0,0.0,68.58305,17.93358,-10.08406,14.71,-2.82,2.14,4.0
1758075114.83922,1758075114.72995,0.0,0.0,0.0,67.37984,6.24524,-7.10468,15.13,-1.34,1.57,4.0
1758075114.84067,1758075114.73995,0.0,0.0,0.0,66.11933,2.34913,-6.58902,13.56,0.01,0.74,4.0
1758075114.85517,1758075114.74995,0.0,0.0,0.0,65.83286,1.3178,-5.78687,13.56,0.01,0.74,4.0
1758075114.87153,1758075114.75995,0.0,0.0,0.0,65.89015,0.51566,-5.27121,11.56,-0.12,0.43,4.0
1758075114.87241,1758075114.76995,0.0,0.0,0.0,65.37449,0.0573,-2.40642,11.56,-0.12,0.43,4.0
1758075114.88753,1758075114.77995,0.0,0.0,0.0,64.80153,1.20321,-0.51566,9.65,-0.31,0.69,4.0
1758075114.88875,1758075114.78995,0.0,0.0,0.0,63.88479,4.52637,0.85944,9.65,-0.31,0.69,4.0
1758075114.90355,1758075114.79995,0.0,0.0,0.0,63.42643,10.8862,3.72423,9.44,-0.34,0.89,4.0
1758075114.91951,1758075114.80995,0.0,0.0,0.0,61.65026,15.41257,5.4431,9.39,-0.3,0.84,4.0
1758075114.9207,1758075114.81995,0.0,0.0,0.0,60.38975,15.69904,6.35983,9.39,-0.3,0.84,4.0
1758075114.93557,1758075114.82995,0.0,0.0,0.0,59.12925,15.87093,6.58902,9.11,-0.15,0.72,4.0
1758075114.95153,1758075114.83995,0.0,0.0,0.0,57.29578,14.49583,5.90147,9.11,-0.15,0.72,4.0
1758075114.9525,1758075114.84995,0.0,0.0,0.0,56.55093,12.77696,4.58366,9.04,-0.11,0.68,4.0
1758075114.96759,1758075114.85995,0.0,0.0,0.0,55.97798,10.8862,2.46372,9.04,-0.11,0.68,4.0
1758075114.96849,1758075114.86995,0.0,0.0,0.0,55.86338,9.33921,-0.11459,8.98,-0.35,0.89,4.0
1758075114.98377,1758075114.87995,0.0,0.0,0.0,55.7488,7.44845,-3.89611,9.03,-0.35,0.95,4.0
1758075114.9993,1758075114.88995,0.0,0.0,0.0,55.92068,7.50575,-5.78687,9.03,-0.74,0.95,4.0
1758075115.00083,1758075114.89995,0.0,0.0,0.0,55.86338,7.84952,-7.16197,9.07,-1.07,0.93,4.0
1758075115.01538,1758075114.90995,0.0,0.0,0.0,56.26446,8.99544,-7.39116,9.07,-1.07,0.93,4.0
1758075115.03132,1758075114.91995,0.0,0.0,0.0,56.60823,10.65701,-6.18794,9.0,-1.2,0.77,4.0
1758075115.0326,1758075114.92995,0.0,0.0,0.0,57.0093,8.59437,-4.52637,9.0,-1.2,0.77,4.0
1758075115.04742,1758075114.93995,0.0,0.0,0.0,57.18119,2.06265,-3.26586,8.68,-1.13,0.53,4.0
1758075115.04882,1758075114.94995,0.0,0.0,0.0,57.18119,-3.83882,-0.97403,8.68,-1.13,0.53,4.0
1758075115.06369,1758075114.95995,0.0,0.0,0.0,57.52497,2.23454,1.20321,8.71,-0.9,0.27,4.0
1758075115.08046,1758075114.96995,0.0,0.0,0.0,56.89471,12.60507,2.34913,10.12,-0.65,0.11,4.0
1758075115.08138,1758075114.97995,0.0,0.0,0.0,56.37905,20.34,3.38045,10.12,-0.65,0.11,4.0
1758075115.09642,1758075114.98995,0.0,0.0,0.0,55.97798,23.89234,4.1253,9.69,-0.55,0.37,4.0
1758075115.09869,1758075114.99995,0.0,0.0,0.0,55.92068,25.8404,4.1253,9.69,-0.55,0.37,4.0
1758075115.11541,1758075115.00995,0.0,0.0,0.0,55.97798,26.69983,3.55234,9.24,-0.73,0.17,4.0
1758075115.13134,1758075115.01995,0.0,0.0,0.0,56.26446,27.1582,2.46372,9.24,-0.73,0.17,4.0
1758075115.13221,1758075115.02995,0.0,0.0,0.0,56.55093,26.64254,0.45837,9.36,-1.0,0.22,4.0
1758075115.14772,1758075115.03995,0.0,0.0,0.0,56.37905,23.20479,-1.20321,9.08,-1.24,0.35,4.0
1758075115.14955,1758075115.04995,0.0,0.0,0.0,56.20716,20.34,-2.40642,9.08,-1.24,0.35,4.0
1758075115.16555,1758075115.05995,0.0,0.0,0.0,55.57691,18.56383,-3.26586,8.79,-1.29,0.61,4.0
1758075115.18176,1758075115.06995,0.0,0.0,0.0,55.00395,14.49583,-3.89611,8.79,-1.29,0.61,4.0
1758075115.18213,1758075115.07995,0.0,0.0,0.0,54.60288,12.14671,-3.49504,8.56,-1.32,0.8,4.0
1758075115.19976,1758075115.08995,0.0,0.0,0.0,53.91533,10.71431,-2.92208,8.56,-1.32,0.8,4.0
1758075115.20103,1758075115.09995,0.0,0.0,0.0,53.45696,10.19865,-2.40642,9.02,-1.42,1.02,4.0
1758075115.21638,1758075115.10995,0.0,0.0,0.0,52.19646,9.96947,-2.11994,9.42,-1.44,1.08,4.0
1758075115.21745,1758075115.11995,0.0,0.0,0.0,51.39432,8.36518,-2.29183,9.42,-1.44,1.08,4.0
1758075115.23629,1758075115.12995,0.0,0.0,0.0,50.2484,5.84417,-2.86479,9.32,-1.34,0.99,4.0
1758075115.23754,1758075115.13995,0.0,0.0,0.0,48.8733,3.32316,-3.66693,9.32,-1.34,0.99,4.0
1758075115.25256,1758075115.14995,0.0,0.0,0.0,46.81066,-0.34377,-5.78687,9.03,-1.18,0.92,4.0
1758075115.26881,1758075115.15995,0.0,0.0,0.0,45.37826,-3.03668,-7.39116,9.03,-1.18,0.92,4.0
1758075115.27133,1758075115.16995,0.0,0.0,0.0,44.11775,-5.4431,-8.65166,8.61,-1.1,1.07,4.0
1758075115.28652,1758075115.17995,0.0,0.0,0.0,43.02913,-7.67763,-9.62569,8.61,-1.1,1.07,4.0
1758075115.28775,1758075115.18995,0.0,0.0,0.0,41.48215,-9.91217,-10.65701,8.33,-1.04,1.24,4.0
1758075115.30289,1758075115.19995,0.0,0.0,0.0,40.96649,-10.8862,-11.22997,8.08,-1.1,1.25,4.0
1758075115.31885,1758075115.20995,0.0,0.0,0.0,40.16434,-13.06344,-11.97482,8.08,-1.1,1.25,4.0
1758075115.3202,1758075115.21995,0.0,0.0,0.0,39.87786,-15.41257,-12.37589,7.57,-1.1,1.07,4.0
1758075115.33468,1758075115.22995,0.0,0.0,0.0,39.4195,-20.34,-12.60507,7.57,-1.1,1.07,4.0
1758075115.33576,1758075115.23995,0.0,0.0,0.0,38.84654,-25.09555,-13.46451,6.86,-1.07,0.82,4.0
1758075115.35115,1758075115.24995,0.0,0.0,0.0,37.87251,-32.37212,-14.9542,6.86,-1.07,0.82,4.0
1758075115.3666,1758075115.25995,0.0,0.0,0.0,35.86716,-42.05511,-17.81899,5.71,-0.93,0.67,4.0
1758075115.36805,1758075115.26995,0.0,0.0,0.0,34.14828,-44.63341,-19.76705,5.15,-0.7,0.54,4.0
1758075115.38263,1758075115.27995,0.0,0.0,0.0,32.37212,-46.35228,-21.42862,5.15,-0.7,0.54,4.0
1758075115.39887,1758075115.28995,0.0,0.0,0.0,30.36677,-48.12846,-22.40265,4.59,-0.5,0.37,4.0
1758075115.40063,1758075115.29995,0.0,0.0,0.0,27.96034,-51.22243,-22.34536,4.59,-0.5,0.37,4.0
1758075115.41566,1758075115.30995,0.0,0.0,0.0,26.52795,-50.76406,-21.08485,4.47,-0.27,0.77,4.0
1758075115.4168,1758075115.31995,0.0,0.0,0.0,24.80907,-46.69606,-18.79302,4.47,-0.27,0.77,4.0
1758075115.43221,1758075115.32995,0.0,0.0,0.0,22.74642,-38.84654,-16.10011,6.5,0.47,1.71,4.0
1758075115.44764,1758075115.33995,0.0,0.0,0.0,16.10011,-20.11082,-12.08941,10.96,2.16,2.95,4.0
1758075115.44884,1758075115.34995,0.0,0.0,0.0,8.02141,-1.60428,-8.59437,10.96,2.16,2.95,4.0
1758075115.46398,1758075115.35995,0.0,0.0,0.0,-3.83882,18.79302,-3.95341,18.01,6.75,2.54,4.0
1758075115.48074,1758075115.36995,0.0,0.0,0.0,-18.85031,35.12231,1.20321,18.01,6.75,2.54,4.0
1758075115.48281,1758075115.37995,0.0,0.0,0.0,-42.62806,34.72124,8.36518,20.29,11.72,-0.29,4.0
1758075115.49775,1758075115.38995,0.0,0.0,0.0,-54.14451,16.90226,13.86558,20.29,11.72,-0.29,4.0
1758075115.49893,1758075115.39995,0.0,0.0,0.0,-66.635,1.60428,15.41257,15.23,10.73,-1.32,4.0
1758075115.51401,1758075115.40995,0.0,0.0,0.0,-80.67246,11.80293,13.12073,15.23,10.73,-1.32,4.0
1758075115.52992,1758075115.41995,0.0,0.0,0.0,-94.30885,55.29043,8.65166,15.27,5.96,0.45,4.0
1758075115.53128,1758075115.42995,0.0,0.0,0.0,-102.55945,66.635,2.11994,17.62,3.04,3.32,4.0
1758075115.54598,1758075115.43995,0.0,0.0,0.0,-108.51821,50.2484,-1.71887,17.62,3.04,3.32,4.0
1758075115.54718,1758075115.44995,0.0,0.0,0.0,-113.21647,21.48592,-4.0107,15.56,2.48,0.51,4.0
1758075115.56206,1758075115.45995,0.0,0.0,0.0,-114.82076,18.9649,-5.21392,15.56,2.48,0.51,4.0
1758075115.57775,1758075115.46995,0.0,0.0,0.0,-114.41968,19.53786,-6.99009,15.57,1.41,-0.18,4.0
1758075115.57893,1758075115.47995,0.0,0.0,0.0,-110.58086,14.83961,-8.70896,15.57,1.41,-0.18,4.0
1758075115.59375,1758075115.48995,0.0,0.0,0.0,-102.67403,0.80214,-11.74564,12.62,-0.05,0.95,4.0
1758075115.60973,1758075115.49995,0.0,0.0,0.0,-95.79855,-8.25059,-13.86558,9.94,-0.73,0.87,4.0
1758075115.61145,1758075115.50995,0.0,0.0,0.0,-87.89172,-6.07335,-13.75099,9.94,-0.73,0.87,4.0
1758075115.62591,1758075115.51995,0.0,0.0,0.0,-80.44328,15.41257,-17.76169,11.17,-1.38,1.27,4.0
1758075115.62734,1758075115.52995,0.0,0.0,0.0,-71.44785,29.9084,-19.88164,11.17,-1.38,1.27,4.0
1758075115.64193,1758075115.53995,0.0,0.0,0.0,-65.54638,24.98096,-19.88164,10.06,-0.48,1.6,4.0
1758075115.65795,1758075115.54995,0.0,0.0,0.0,-61.30648,10.31324,-19.76705,10.06,-0.48,1.6,4.0
1758075115.65932,1758075115.55995,0.0,0.0,0.0,-56.89471,-2.34913,-18.33465,7.58,0.24,1.27,4.0
1758075115.67382,1758075115.56995,0.0,0.0,0.0,-50.13381,-11.11538,-15.92823,8.42,-0.26,1.55,4.0
1758075115.69063,1758075115.57995,0.0,0.0,0.0,-45.14908,-12.83425,-14.15206,8.42,-0.26,1.55,4.0
1758075115.69177,1758075115.58995,0.0,0.0,0.0,-40.96649,-14.43854,-12.54778,9.07,-0.53,1.92,4.0
1758075115.70711,1758075115.59995,0.0,0.0,0.0,-37.12767,-14.9542,-10.54242,9.07,-0.53,1.92,4.0
1758075115.70847,1758075115.60995,0.0,0.0,0.0,-32.83048,-16.55848,-8.0787,9.07,-0.37,1.97,4.0
1758075115.72311,1758075115.61995,0.0,0.0,0.0,-30.19488,-18.27736,-6.58902,9.07,-0.37,1.97,4.0
1758075115.73892,1758075115.62995,0.0,0.0,0.0,-28.01764,-18.62113,-5.4431,9.07,-0.07,1.74,4.0
1758075115.74043,1758075115.63995,0.0,0.0,0.0,-25.61122,-16.95955,-4.46907,9.07,-0.07,1.74,4.0
1758075115.75513,1758075115.64995,0.0,0.0,0.0,-24.29341,-11.34457,-4.1253,9.42,0.22,1.61,4.0
1758075115.75644,1758075115.65995,0.0,0.0,0.0,-22.91831,-7.21927,-3.95341,9.3,0.64,1.74,4.0
1758075115.77212,1758075115.66995,0.0,0.0,0.0,-21.7151,-3.72423,-3.89611,9.3,0.64,1.74,4.0
1758075115.78786,1758075115.67995,0.0,0.0,0.0,-20.79837,1.43239,-3.95341,9.11,0.93,1.86,4.0
1758075115.78908,1758075115.68995,0.0,0.0,0.0,-20.34,4.81285,-3.66693,9.11,0.93,1.86,4.0
