timeStamp,motor_angle_L_uint16,motor_angle_L_float,motor_angle_R_uint16,motor_angle_R_float,motor_vel_L_int16,motor_vel_L_float,motor_vel_R_int16,motor_vel_R_float,flag_num
1758077840.00381,39471.0,216.82399,30680.0,168.53285,2211.0,61.41667,-356.0,-9.88889,2.0
1758077840.01936,39355.0,216.18678,30662.0,168.43398,2352.0,65.33334,-334.0,-9.27778,2.0
1758077840.02015,39223.0,215.46165,30651.0,168.37354,2818.0,78.27778,-115.0,-3.19444,2.0
1758077840.03584,39062.0,214.57726,30652.0,168.37903,3486.0,96.83334,84.0,2.33333,2.0
1758077840.05138,38859.0,213.46213,30659.0,168.4175,4446.0,123.5,193.0,5.36111,2.0
1758077840.05254,38599.0,212.03387,30677.0,168.51637,5676.0,157.66667,516.0,14.33333,2.0
1758077840.06741,38275.0,210.25407,30721.0,168.75807,6922.0,192.27777,1163.0,32.30556,2.0
1758077840.06853,37893.0,208.15564,30800.0,169.19203,8046.0,223.5,1841.0,51.13889,2.0
1758077840.08329,37459.0,205.77156,30914.0,169.81827,8844.0,245.66667,2612.0,72.55556,2.0
1758077840.09939,36989.0,203.18973,31072.0,170.6862,9575.0,265.97223,3499.0,97.19444,2.0
1758077840.10019,36483.0,200.41017,31275.0,171.80133,10187.0,282.97223,4389.0,121.91666,2.0
1758077840.1162,35953.0,197.49873,31515.0,173.11971,10809.0,300.25,4887.0,135.75,2.0
1758077840.11744,35405.0,194.48843,31766.0,174.4985,10665.0,296.25,4907.0,136.30556,2.0
1758077840.1335,34874.0,191.57152,32008.0,175.82788,10224.0,284.0,4598.0,127.72222,2.0
1758077840.14942,34390.0,188.91278,32229.0,177.04189,9068.0,251.88889,4181.0,116.13889,2.0
1758077840.15019,33962.0,186.56169,32432.0,178.15701,8022.0,222.83333,3840.0,106.66666,2.0
1758077840.16591,33590.0,184.51819,32621.0,179.19524,6841.0,190.02777,3668.0,101.88889,2.0
1758077840.18138,33260.0,182.70543,32809.0,180.22797,6302.0,175.05556,3768.0,104.66666,2.0
1758077840.18282,32952.0,181.0135,33010.0,181.33211,5816.0,161.55556,4182.0,116.16666,2.0
1758077840.1974,32663.0,179.42595,33241.0,182.60106,5653.0,157.02777,4905.0,136.25,2.0
1758077840.19861,32374.0,177.83841,33514.0,184.10071,5795.0,160.97223,5810.0,161.38889,2.0
1758077840.21338,32079.0,176.2179,33831.0,185.84207,5830.0,161.94444,6582.0,182.83333,2.0
1758077840.2306,31789.0,174.62485,34183.0,187.7757,5622.0,156.16667,7236.0,201.0,2.0
1758077840.23105,31513.0,173.10872,34562.0,189.85764,5304.0,147.33333,7652.0,212.55556,2.0
1758077840.24643,31260.0,171.71893,34952.0,192.00002,4689.0,130.25,7634.0,212.05556,2.0
1758077840.24777,31049.0,170.55986,35337.0,194.1149,3757.0,104.36111,7615.0,211.52777,2.0
1758077840.26352,30889.0,169.68092,35716.0,196.19685,2675.0,74.30556,7385.0,205.13889,2.0
1758077840.27987,30781.0,169.08766,36082.0,198.20737,1680.0,46.66667,7102.0,197.27777,2.0
1758077840.2802,30722.0,168.76357,36440.0,200.17395,785.0,21.80556,7010.0,194.72223,2.0
1758077840.29557,30702.0,168.6537,36786.0,202.07462,91.0,2.52778,6733.0,187.02777,2.0
1758077840.31185,30704.0,168.66469,37129.0,203.9588,-12.0,-0.33333,6822.0,189.5,2.0
1758077840.3122,30704.0,168.66469,37476.0,205.86494,0.0,0.0,6847.0,190.19444,2.0
1758077840.32755,30704.0,168.66469,37822.0,207.76562,0.0,0.0,6846.0,190.16667,2.0
1758077840.32858,30706.0,168.67567,38163.0,209.63882,-69.0,-1.91667,6578.0,182.72223,2.0
1758077840.34354,30708.0,168.68666,38484.0,211.40215,-13.0,-0.36111,6168.0,171.33333,2.0
1758077840.35954,30709.0,168.69215,38783.0,213.04462,0.0,0.0,5747.0,159.63889,2.0
1758077840.36071,30709.0,168.69215,39065.0,214.59373,0.0,0.0,5377.0,149.36111,2.0
1758077840.37555,30709.0,168.69215,39326.0,216.02748,0.0,0.0,4924.0,136.77777,2.0
1758077840.39191,30708.0,168.68666,39563.0,217.32938,0.0,0.0,4490.0,124.72222,2.0
1758077840.39225,30708.0,168.68666,39780.0,218.52139,12.0,0.33333,4099.0,113.86111,2.0
1758077840.40798,30707.0,168.68117,39976.0,219.59807,12.0,0.33333,3677.0,102.13889,2.0
1758077840.40831,30707.0,168.68117,40148.0,220.54292,8.0,0.22222,3135.0,87.08334,2.0
1758077840.42356,30707.0,168.68117,40289.0,221.31746,0.0,0.0,2485.0,69.02778,2.0
1758077840.43958,30707.0,168.68117,40395.0,221.89975,0.0,0.0,1746.0,48.5,2.0
1758077840.44033,30707.0,168.68117,40459.0,222.25131,0.0,0.0,942.0,26.16667,2.0
1758077840.4556,30707.0,168.68117,40481.0,222.37216,0.0,0.0,93.0,2.58333,2.0
1758077840.4724,30707.0,168.68117,40473.0,222.32822,0.0,0.0,-284.0,-7.88889,2.0
1758077840.47357,30708.0,168.68666,40442.0,222.15793,-16.0,-0.44444,-857.0,-23.80556,2.0
1758077840.48857,30711.0,168.70314,40376.0,221.79538,-94.0,-2.61111,-1696.0,-47.11111,2.0
1758077840.48976,30722.0,168.76357,40265.0,221.18562,-293.0,-8.13889,-2569.0,-71.36111,2.0
1758077840.50571,30741.0,168.86794,40108.0,220.3232,-431.0,-11.97222,-3440.0,-95.55556,2.0
1758077840.52177,30765.0,168.99977,39913.0,219.252,-433.0,-12.02778,-4094.0,-113.72222,2.0
1758077840.52239,30784.0,169.10414,39690.0,218.02701,-265.0,-7.36111,-4549.0,-126.36111,2.0
1758077840.53761,30789.0,169.13161,39453.0,216.72511,40.0,1.11111,-4738.0,-131.61111,2.0
1758077840.53839,30781.0,169.08766,39211.0,215.39574,238.0,6.61111,-4759.0,-132.19444,2.0
1758077840.55469,30767.0,169.01076,38974.0,214.09384,269.0,7.47222,-4590.0,-127.5,2.0
1758077840.57069,30751.0,168.92287,38746.0,212.84137,338.0,9.38889,-4419.0,-122.75,2.0
1758077840.57139,30734.0,168.82948,38524.0,211.62187,334.0,9.27778,-4393.0,-122.02778,2.0
1758077840.58672,30719.0,168.74709,38294.0,210.35844,284.0,7.88889,-4670.0,-129.72223,2.0
1758077840.58818,30713.0,168.71413,38044.0,208.98514,-14.0,-0.38889,-5150.0,-143.05556,2.0
1758077840.60434,30722.0,168.76357,37769.0,207.47449,-278.0,-7.72222,-5713.0,-158.69444,2.0
1758077840.61964,30749.0,168.91188,37459.0,205.77156,-777.0,-21.58333,-6477.0,-179.91667,2.0
1758077840.62042,30808.0,169.23598,37103.0,203.81598,-1504.0,-41.77778,-7484.0,-207.88889,2.0
1758077840.63566,30913.0,169.81277,36699.0,201.59669,-2501.0,-69.47222,-8375.0,-232.63889,2.0
1758077840.65171,31072.0,170.6862,36260.0,199.18518,-3617.0,-100.47222,-8795.0,-244.30556,2.0
1758077840.65305,31286.0,171.86176,35827.0,196.80659,-4658.0,-129.38889,-8172.0,-227.0,2.0
1758077840.66803,31541.0,173.26253,35426.0,194.60379,-5295.0,-147.08333,-7733.0,-214.80556,2.0
1758077840.66839,31816.0,174.77318,35049.0,192.53285,-5494.0,-152.61111,-7230.0,-200.83333,2.0
1758077840.68525,32103.0,176.34973,34699.0,190.61021,-5815.0,-161.52777,-6663.0,-185.08333,2.0
1758077840.70069,32412.0,178.04715,34379.0,188.85236,-6286.0,-174.61111,-6006.0,-166.83333,2.0
1758077840.70143,32737.0,179.83246,34105.0,187.34721,-6524.0,-181.22223,-5004.0,-139.0,2.0
1758077840.71668,33082.0,181.72762,33875.0,186.08377,-7081.0,-196.69444,-4269.0,-118.58334,2.0
1758077840.7179,33458.0,183.79309,33676.0,184.99063,-7707.0,-214.08333,-3661.0,-101.69444,2.0
1758077840.73368,33870.0,186.0563,33511.0,184.08423,-8522.0,-236.72223,-2991.0,-83.08334,2.0
1758077840.75061,34332.0,188.59418,33375.0,183.33714,-9488.0,-263.55554,-2442.0,-67.83334,2.0
1758077840.75127,34831.0,191.33531,33263.0,182.72191,-10186.0,-282.94446,-2032.0,-56.44444,2.0
1758077840.76673,35369.0,194.29068,33169.0,182.20555,-10818.0,-300.5,-1674.0,-46.5,2.0
1758077840.76789,35930.0,197.37239,33096.0,181.80452,-11344.0,-315.11111,-1333.0,-37.02778,2.0
1758077840.78374,36506.0,200.53651,33039.0,181.49141,-11335.0,-314.86111,-939.0,-26.08333,2.0
1758077840.79972,37084.0,203.71161,33001.0,181.28267,-11423.0,-317.30554,-636.0,-17.66667,2.0
1758077840.80047,37659.0,206.87022,32974.0,181.13435,-11411.0,-316.97223,-450.0,-12.5,2.0
1758077840.81571,38229.0,210.00137,32957.0,181.04097,-11005.0,-305.69446,-271.0,-7.52778,2.0
1758077840.81776,38778.0,213.01715,32948.0,180.99153,-10751.0,-298.63889,-66.0,-1.83333,2.0
1758077840.83372,39302.0,215.89565,32948.0,180.99153,-10100.0,-280.55554,0.0,0.0,2.0
1758077840.84973,39795.0,218.60379,32948.0,180.99153,-9346.0,-259.61111,0.0,0.0,2.0
1758077840.8506,40236.0,221.02632,32948.0,180.99153,-8259.0,-229.41667,0.0,0.0,2.0
1758077840.86663,40632.0,223.20166,32948.0,180.99153,-7326.0,-203.5,0.0,0.0,2.0
1758077840.86808,40958.0,224.99245,32948.0,180.99153,-5768.0,-160.22223,0.0,0.0,2.0
1758077840.88535,41215.0,226.40421,32948.0,180.99153,-4510.0,-125.27778,0.0,0.0,2.0
1758077840.90074,41411.0,227.4809,32947.0,180.98604,-3402.0,-94.5,-42.0,-1.16667,2.0
1758077840.90201,41556.0,228.2774,32940.0,180.94759,-2448.0,-68.0,-254.0,-7.05556,2.0
1758077840.91677,41657.0,228.83223,32917.0,180.82124,-1702.0,-47.27778,-639.0,-17.75,2.0
1758077840.91799,41726.0,229.21126,32866.0,180.54108,-1114.0,-30.94444,-1325.0,-36.80556,2.0
1758077840.93619,41771.0,229.45845,32778.0,180.05768,-727.0,-20.19444,-2025.0,-56.25,2.0
1758077840.95177,41793.0,229.5793,32658.0,179.39848,-227.0,-6.30556,-2639.0,-73.30556,2.0
1758077840.95302,41794.0,229.58479,32507.0,178.56902,4.0,0.11111,-3175.0,-88.19444,2.0
1758077840.96829,41788.0,229.55183,32344.0,177.67361,208.0,5.77778,-3226.0,-89.61111,2.0
1758077840.96863,41762.0,229.40901,32192.0,176.83864,781.0,21.69444,-2817.0,-78.25,2.0
1758077840.98546,41700.0,229.06844,32068.0,176.15747,1608.0,44.66667,-2153.0,-59.80556,2.0
1758077841.00084,41588.0,228.45319,31983.0,175.69055,2706.0,75.16666,-1300.0,-36.11111,2.0
1758077841.00203,41418.0,227.51935,31940.0,175.45435,3806.0,105.72222,-514.0,-14.27778,2.0
1758077841.01688,41197.0,226.30533,31931.0,175.40489,4773.0,132.58333,39.0,1.08333,2.0
1758077841.01806,40936.0,224.8716,31932.0,175.41039,5407.0,150.19444,-12.0,-0.33333,2.0
1758077841.03384,40646.0,223.27856,31931.0,175.40489,5925.0,164.58333,-64.0,-1.77778,2.0
1758077841.04984,40335.0,221.57016,31928.0,175.38841,6246.0,173.5,-40.0,-1.11111,2.0
1758077841.05067,40021.0,219.84526,31927.0,175.38292,6155.0,170.97223,-15.0,-0.41667,2.0
1758077841.06581,39708.0,218.12589,31928.0,175.38841,6236.0,173.22223,9.0,0.25,2.0
1758077841.08183,39388.0,216.36806,31928.0,175.38841,6371.0,176.97223,18.0,0.5,2.0
1758077841.0827,39063.0,214.58275,31926.0,175.37743,6454.0,179.27777,-56.0,-1.55556,2.0
1758077841.09787,38722.0,212.70953,31921.0,175.34996,6931.0,192.52777,-131.0,-3.63889,2.0
1758077841.09986,38367.0,210.75945,31915.0,175.317,6879.0,191.08333,-117.0,-3.25,2.0
1758077841.11596,38040.0,208.96317,31908.0,175.27855,6117.0,169.91667,-172.0,-4.77778,2.0
1758077841.13249,37753.0,207.38658,31895.0,175.20714,5265.0,146.25,-326.0,-9.05556,2.0
1758077841.1334,37509.0,206.04625,31873.0,175.08629,4494.0,124.83334,-455.0,-12.63889,2.0
1758077841.15081,37290.0,204.84322,31852.0,174.97093,4225.0,117.36111,-359.0,-9.97222,2.0
1758077841.15118,37068.0,203.62372,31842.0,174.916,4537.0,126.02778,-16.0,-0.44444,2.0
1758077841.1669,36820.0,202.26138,31850.0,174.95995,5169.0,143.58333,263.0,7.30556,2.0
1758077841.16968,36538.0,200.7123,31878.0,175.11375,5789.0,160.80556,818.0,22.72222,2.0
1758077841.18586,36236.0,199.05334,31937.0,175.43787,6077.0,168.80556,1378.0,38.27778,2.0
1758077841.20189,35922.0,197.32845,32017.0,175.87732,6314.0,175.38889,1739.0,48.30556,2.0
1758077841.20276,35590.0,195.50468,32120.0,176.44312,6582.0,182.83333,2261.0,62.80556,2.0
1758077841.21792,35244.0,193.60403,32255.0,177.18471,7036.0,195.44444,2990.0,83.05556,2.0
1758077841.21966,34872.0,191.56053,32437.0,178.18448,7566.0,210.16667,4025.0,111.80556,2.0
1758077841.23486,34482.0,189.41818,32674.0,179.48637,7798.0,216.61111,5148.0,143.0,2.0
1758077841.25195,34081.0,187.21538,32966.0,181.09041,7965.0,221.25,6172.0,171.44444,2.0
1758077841.25241,33682.0,185.02359,33302.0,182.93614,7749.0,215.25,6916.0,192.11111,2.0
1758077841.27086,33303.0,182.94164,33664.0,184.92471,7352.0,204.22223,7300.0,202.77777,2.0
1758077841.2712,32948.0,180.99153,34036.0,186.96819,6671.0,185.30556,7311.0,203.08333,2.0
1758077841.28695,32631.0,179.25017,34407.0,189.00616,5957.0,165.47223,7382.0,205.05556,2.0
1758077841.28817,32348.0,177.69559,34777.0,191.03868,5329.0,148.02777,7255.0,201.52777,2.0
1758077841.30551,32099.0,176.32776,35142.0,193.04372,4632.0,128.66667,7158.0,198.83333,2.0
1758077841.32097,31889.0,175.17418,35503.0,195.02678,3788.0,105.22222,7135.0,198.19444,2.0
1758077841.32214,31723.0,174.2623,35859.0,196.98238,2893.0,80.36111,6897.0,191.58333,2.0
1758077841.33702,31604.0,173.60861,36205.0,198.88303,1957.0,54.36111,6826.0,189.61111,2.0
1758077841.34092,31532.0,173.21309,36546.0,200.75624,1080.0,30.0,6645.0,184.58333,2.0
1758077841.35597,31498.0,173.02632,36878.0,202.57999,324.0,9.0,6522.0,181.16667,2.0
1758077841.37199,31497.0,173.02083,37209.0,204.39825,-58.0,-1.61111,6571.0,182.52777,2.0
1758077841.37487,31498.0,173.02632,37542.0,206.22752,0.0,0.0,6576.0,182.66667,2.0
1758077841.38998,31498.0,173.02632,37876.0,208.06226,0.0,0.0,6636.0,184.33333,2.0
1758077841.39086,31498.0,173.02632,38217.0,209.93546,0.0,0.0,6783.0,188.41667,2.0
1758077841.406,31497.0,173.02083,38560.0,211.81964,0.0,0.0,6768.0,188.0,2.0
1758077841.42199,31498.0,173.02632,38896.0,213.66537,0.0,0.0,6552.0,182.0,2.0
1758077841.42397,31498.0,173.02632,39221.0,215.45067,0.0,0.0,6289.0,174.69444,2.0
1758077841.43982,31498.0,173.02632,39525.0,217.12062,4.0,0.11111,5819.0,161.63889,2.0
1758077841.44056,31497.0,173.02083,39813.0,218.70268,9.0,0.25,5574.0,154.83333,2.0
1758077841.45604,31496.0,173.01534,40086.0,220.20235,29.0,0.80556,5245.0,145.69444,2.0
1758077841.47256,31492.0,172.99336,40338.0,221.58664,121.0,3.36111,4797.0,133.25,2.0
1758077841.47289,31481.0,172.93294,40568.0,222.85007,288.0,8.0,4381.0,121.69444,2.0
1758077841.48912,31466.0,172.85054,40768.0,223.94873,283.0,7.86111,3621.0,100.58334,2.0
1758077841.48955,31459.0,172.81209,40920.0,224.78371,35.0,0.97222,2523.0,70.08334,2.0
1758077841.50615,31459.0,172.81209,41010.0,225.27809,0.0,0.0,1257.0,34.91667,2.0
1758077841.52204,31460.0,172.81758,41036.0,225.42091,0.0,0.0,-63.0,-1.75,2.0
1758077841.52277,31460.0,172.81758,41017.0,225.31654,0.0,0.0,-512.0,-14.22222,2.0
1758077841.53804,31460.0,172.81758,40972.0,225.06935,0.0,0.0,-1187.0,-32.97222,2.0
1758077841.5388,31461.0,172.82307,40888.0,224.60793,-6.0,-0.16667,-2051.0,-56.97222,2.0
1758077841.55486,31463.0,172.83406,40757.0,223.88831,-38.0,-1.05556,-3021.0,-83.91666,2.0
1758077841.57182,31466.0,172.85054,40576.0,222.89404,-60.0,-1.66667,-3961.0,-110.02778,2.0
1758077841.57385,31468.0,172.86153,40348.0,221.64157,-28.0,-0.77778,-4914.0,-136.5,2.0
1758077841.58906,31467.0,172.85603,40071.0,220.11995,66.0,1.83333,-5880.0,-163.33333,2.0
1758077841.58982,31466.0,172.85054,39753.0,218.37308,-49.0,-1.36111,-6582.0,-182.83333,2.0
1758077841.60509,31473.0,172.88899,39401.0,216.43947,-215.0,-5.97222,-7276.0,-202.11111,2.0
1758077841.62324,31484.0,172.94942,39014.0,214.31357,-142.0,-3.94444,-7870.0,-218.61111,2.0
1758077841.62338,31479.0,172.92195,38602.0,212.05035,291.0,8.08333,-8267.0,-229.63889,2.0
1758077841.63708,31456.0,172.79561,38163.0,209.63882,589.0,16.36111,-9054.0,-251.5,2.0
1758077841.63827,31423.0,172.61432,37682.0,206.99657,652.0,18.11111,-9845.0,-273.47223,2.0
1758077841.65523,31394.0,172.45502,37178.0,204.22797,562.0,15.61111,-9930.0,-275.83334,2.0
1758077841.67116,31363.0,172.28473,36703.0,201.61867,740.0,20.55556,-8760.0,-243.33333,2.0
1758077841.67241,31313.0,172.01007,36289.0,199.34448,1230.0,34.16667,-7702.0,-213.94444,2.0
1758077841.6871,31231.0,171.55963,35928.0,197.3614,1938.0,53.83333,-6706.0,-186.27777,2.0
1758077841.68834,31120.0,170.94987,35612.0,195.62553,2389.0,66.36111,-5939.0,-164.97223,2.0
1758077841.70587,31000.0,170.29068,35322.0,194.0325,2287.0,63.52778,-5502.0,-152.83333,2.0
1758077841.72217,30901.0,169.74684,35065.0,192.62074,1627.0,45.19444,-4672.0,-129.77777,2.0
1758077841.72283,30845.0,169.43922,34860.0,191.49461,703.0,19.52778,-3668.0,-101.88889,2.0
1758077841.73812,30843.0,169.42824,34687.0,190.54428,-360.0,-10.0,-3329.0,-92.47222,2.0
1758077841.73969,30891.0,169.69191,34512.0,189.58298,-1450.0,-40.27778,-3598.0,-99.94444,2.0
1758077841.75587,31009.0,170.34012,34316.0,188.50629,-3064.0,-85.11111,-4137.0,-114.91666,2.0
1758077841.77215,31213.0,171.46075,34088.0,187.25383,-4758.0,-132.16667,-4775.0,-132.63889,2.0
1758077841.77332,31501.0,173.0428,33834.0,185.85855,-6380.0,-177.22223,-5207.0,-144.63889,2.0
1758077841.7893,31859.0,175.00938,33568.0,184.39734,-7517.0,-208.80556,-5193.0,-144.25,2.0
1758077841.78967,32273.0,177.28358,33317.0,183.01854,-8639.0,-239.97223,-4692.0,-130.33333,2.0
1758077841.80517,32729.0,179.78851,33104.0,181.84846,-9200.0,-255.55556,-3781.0,-105.02778,2.0
1758077841.82116,33213.0,182.44725,32942.0,180.95857,-9833.0,-273.13889,-2731.0,-75.86111,2.0
1758077841.8219,33725.0,185.2598,32837.0,180.38177,-10229.0,-284.13889,-1639.0,-45.52778,2.0
1758077841.83712,34262.0,188.20966,32781.0,180.07416,-10890.0,-302.5,-706.0,-19.61111,2.0
1758077841.83922,34814.0,191.24193,32764.0,179.98077,-10975.0,-304.86111,-110.0,-3.05556,2.0
1758077841.85516,35383.0,194.36758,32764.0,179.98077,-11336.0,-314.88889,0.0,0.0,2.0
1758077841.87162,35963.0,197.55367,32764.0,179.98077,-11577.0,-321.58334,0.0,0.0,2.0
1758077841.87194,36546.0,200.75624,32764.0,179.98077,-11434.0,-317.61111,-3.0,-0.08333,2.0
1758077841.88723,37131.0,203.96979,32762.0,179.96979,-11329.0,-314.69446,-57.0,-1.58333,2.0
1758077841.88845,37702.0,207.10643,32757.0,179.94232,-11340.0,-315.0,-141.0,-3.91667,2.0
1758077841.90611,38266.0,210.20462,32745.0,179.8764,-10898.0,-302.72223,-352.0,-9.77778,2.0
1758077841.92226,38813.0,213.20944,32717.0,179.7226,-10764.0,-299.0,-710.0,-19.72222,2.0
1758077841.92285,39338.0,216.0934,32676.0,179.49736,-10122.0,-281.16666,-873.0,-24.25,2.0
1758077841.93823,39834.0,218.81804,32628.0,179.23369,-9392.0,-260.88889,-1015.0,-28.19444,2.0
1758077841.9395,40278.0,221.25703,32570.0,178.91508,-8329.0,-231.36111,-1224.0,-34.0,2.0
1758077841.95418,40666.0,223.38843,32515.0,178.61296,-7044.0,-195.66667,-962.0,-26.72222,2.0
1758077841.97024,40976.0,225.09132,32469.0,178.36028,-5495.0,-152.63889,-861.0,-23.91667,2.0
1758077841.97158,41222.0,226.44266,32423.0,178.10757,-4375.0,-121.52778,-969.0,-26.91667,2.0
1758077841.98624,41416.0,227.50836,32371.0,177.82193,-3412.0,-94.77778,-1123.0,-31.19444,2.0
1758077842.00221,41565.0,228.32684,32300.0,177.4319,-2566.0,-71.27778,-1591.0,-44.19444,2.0
1758077842.00332,41666.0,228.88167,32216.0,176.97047,-1577.0,-43.80556,-1717.0,-47.69444,2.0
1758077842.01821,41711.0,229.12886,32128.0,176.48706,-362.0,-10.05556,-1688.0,-46.88889,2.0
1758077842.01908,41705.0,229.0959,32047.0,176.04211,294.0,8.16667,-1554.0,-43.16667,2.0
1758077842.03421,41678.0,228.94759,31979.0,175.66858,783.0,21.75,-1198.0,-33.27778,2.0
1758077842.05152,41619.0,228.62349,31926.0,175.37743,1449.0,40.25,-917.0,-25.47222,2.0
1758077842.05194,41525.0,228.10712,31892.0,175.19066,2183.0,60.63889,-516.0,-14.33333,2.0
1758077842.06812,41391.0,227.37103,31880.0,175.12474,2947.0,81.86111,-40.0,-1.11111,2.0
1758077842.06924,41217.0,226.41519,31883.0,175.14122,3796.0,105.44444,40.0,1.11111,2.0
1758077842.08514,41005.0,225.25063,31883.0,175.14122,4493.0,124.80556,-9.0,-0.25,2.0
1758077842.10122,40758.0,223.8938,31883.0,175.14122,5162.0,143.38889,-18.0,-0.5,2.0
1758077842.10216,40481.0,222.37216,31882.0,175.13573,5686.0,157.94444,0.0,0.0,2.0
1758077842.11731,40182.0,220.72969,31884.0,175.14671,6060.0,168.33333,35.0,0.97222,2.0
1758077842.11844,39860.0,218.96086,31889.0,175.17418,6595.0,183.19444,165.0,4.58333,2.0
1758077842.13326,39507.0,217.02174,31905.0,175.26207,7221.0,200.58333,422.0,11.72222,2.0
1758077842.1493,39125.0,214.92332,31923.0,175.36095,7740.0,215.0,288.0,8.0,2.0
1758077842.15043,38714.0,212.66559,31924.0,175.36644,8527.0,236.86111,-132.0,-3.66667,2.0
1758077842.16527,38271.0,210.23209,31920.0,175.34447,8795.0,244.30556,-15.0,-0.41667,2.0
1758077842.18127,37840.0,207.8645,31918.0,175.33348,8365.0,232.36111,-87.0,-2.41667,2.0
1758077842.18193,37439.0,205.6617,31906.0,175.26756,7478.0,207.72223,-383.0,-10.63889,2.0
1758077842.1974,37087.0,203.72809,31879.0,175.11925,6604.0,183.44444,-663.0,-18.41667,2.0
1758077842.19889,36769.0,201.98123,31844.0,174.92699,6056.0,168.22223,-737.0,-20.47222,2.0
1758077842.2164,36471.0,200.34424,31804.0,174.70724,5798.0,161.05556,-819.0,-22.75,2.0
1758077842.23234,36177.0,198.72922,31771.0,174.52597,5675.0,157.63889,-518.0,-14.38889,2.0
1758077842.23298,35895.0,197.18013,31759.0,174.46005,5494.0,152.61111,-33.0,-0.91667,2.0
1758077842.24832,35618.0,195.65849,31763.0,174.48203,5486.0,152.38889,84.0,2.33333,2.0
1758077842.25122,35330.0,194.07645,31778.0,174.56442,5888.0,163.55556,538.0,14.94444,2.0
1758077842.26724,35015.0,192.34608,31832.0,174.86107,6485.0,180.13889,1499.0,41.63889,2.0
1758077842.26834,34670.0,190.4509,31944.0,175.47632,7055.0,195.97223,2779.0,77.19444,2.0
1758077842.28445,34299.0,188.4129,32121.0,176.44861,7513.0,208.69444,4064.0,112.88889,2.0
1758077842.30045,33908.0,186.26505,32361.0,177.767,7818.0,217.16667,5238.0,145.5,2.0
1758077842.30114,33519.0,184.12817,32655.0,179.382,7613.0,211.47223,6201.0,172.25,2.0
1758077842.31639,33141.0,182.05171,32989.0,181.21675,7313.0,203.13889,6827.0,189.63889,2.0
1758077842.33207,32785.0,180.09613,33342.0,183.15587,6744.0,187.33333,7064.0,196.22223,2.0
1758077842.3333,32464.0,178.33281,33706.0,185.15543,6030.0,167.5,7274.0,202.05556,2.0
1758077842.34845,32178.0,176.76172,34070.0,187.15495,5379.0,149.41667,7117.0,197.69444,2.0
1758077842.34955,31927.0,175.38292,34434.0,189.15451,4641.0,128.91667,7257.0,201.58333,2.0
1758077842.36521,31712.0,174.20187,34803.0,191.1815,3974.0,110.38889,7312.0,203.11111,2.0
1758077842.38115,31530.0,173.2021,35174.0,193.2195,3324.0,92.33334,7362.0,204.5,2.0
1758077842.3823,31379.0,172.37262,35554.0,195.30693,2670.0,74.16666,7579.0,210.52777,2.0
1758077842.39745,31266.0,171.75189,35933.0,197.38887,1902.0,52.83333,7434.0,206.5,2.0
1758077842.39869,31191.0,171.3399,36311.0,199.46533,1100.0,30.55556,7432.0,206.44444,2.0
1758077842.41344,31158.0,171.15862,36684.0,201.5143,386.0,10.72222,7275.0,202.08333,2.0
1758077842.43186,31153.0,171.13115,37045.0,203.49738,-43.0,-1.19444,7088.0,196.88889,2.0
1758077842.43704,31154.0,171.13664,37403.0,205.46394,0.0,0.0,7030.0,195.27777,2.0
1758077842.45216,31154.0,171.13664,37749.0,207.36461,0.0,0.0,6725.0,186.80556,2.0
1758077842.45357,31154.0,171.13664,38087.0,209.22134,0.0,0.0,6618.0,183.83333,2.0
1758077842.46951,31156.0,171.14763,38403.0,210.9572,-51.0,-1.41667,5901.0,163.91667,2.0
1758077842.47123,31157.0,171.15312,38685.0,212.50629,0.0,0.0,5348.0,148.55556,2.0
1758077842.48656,31157.0,171.15312,38945.0,213.93454,5.0,0.13889,5012.0,139.22223,2.0
1758077842.50223,31156.0,171.14763,39188.0,215.26939,23.0,0.63889,4640.0,128.88889,2.0
1758077842.50346,31156.0,171.14763,39404.0,216.45595,0.0,0.0,3998.0,111.05556,2.0
1758077842.51955,31156.0,171.14763,39584.0,217.44473,0.0,0.0,3255.0,90.41666,2.0
1758077842.52066,31157.0,171.15312,39725.0,218.21927,0.0,0.0,2422.0,67.27778,2.0
1758077842.53628,31158.0,171.15862,39823.0,218.75761,0.0,0.0,1533.0,42.58333,2.0
1758077842.55199,31158.0,171.15862,39875.0,219.04326,0.0,0.0,621.0,17.25,2.0
1758077842.55386,31158.0,171.15862,39880.0,219.07072,21.0,0.58333,-191.0,-5.30556,2.0
1758077842.56949,31157.0,171.15312,39866.0,218.99382,33.0,0.91667,-345.0,-9.58333,2.0
1758077842.57114,31155.0,171.14214,39842.0,218.86198,53.0,1.47222,-544.0,-15.11111,2.0
1758077842.58655,31152.0,171.12566,39810.0,218.6862,67.0,1.86111,-733.0,-20.36111,2.0
1758077842.60224,31150.0,171.11467,39763.0,218.42801,0.0,0.0,-1126.0,-31.27778,2.0
1758077842.60333,31151.0,171.12016,39691.0,218.0325,-11.0,-0.30556,-1687.0,-46.86111,2.0
1758077842.61952,31152.0,171.12566,39589.0,217.4722,-20.0,-0.55556,-2282.0,-63.38889,2.0
1758077842.62066,31155.0,171.14214,39454.0,216.73061,-115.0,-3.19444,-2967.0,-82.41666,2.0
1758077842.63555,31171.0,171.23004,39279.0,215.76927,-510.0,-14.16667,-3841.0,-106.69444,2.0
1758077842.65199,31212.0,171.45526,39053.0,214.52782,-1057.0,-29.36111,-4940.0,-137.22223,2.0
1758077842.65367,31277.0,171.81232,38772.0,212.98419,-1394.0,-38.72222,-5940.0,-165.0,2.0
1758077842.66948,31344.0,172.18036,38448.0,211.20439,-1244.0,-34.55556,-6790.0,-188.61111,2.0
1758077842.67111,31400.0,172.48798,38074.0,209.14993,-904.0,-25.11111,-7844.0,-217.88889,2.0
1758077842.68658,31437.0,172.69124,37643.0,206.78233,-654.0,-18.16667,-8904.0,-247.33333,2.0
1758077842.70227,31465.0,172.84505,37176.0,204.21698,-465.0,-12.91667,-9326.0,-259.05554,2.0
1758077842.70365,31477.0,172.91096,36727.0,201.7505,18.0,0.5,-8329.0,-231.36111,2.0
1758077842.71958,31457.0,172.8011,36336.0,199.60266,738.0,20.5,-7232.0,-200.88889,2.0
1758077842.72072,31391.0,172.43854,36009.0,197.80637,1759.0,48.86111,-5837.0,-162.13889,2.0
1758077842.73597,31272.0,171.78485,35748.0,196.37263,2754.0,76.5,-4647.0,-129.08333,2.0
1758077842.75228,31114.0,170.91692,35541.0,195.23552,3331.0,92.52778,-3733.0,-103.69444,2.0
1758077842.75335,30943.0,169.97757,35370.0,194.29617,3334.0,92.61111,-3159.0,-87.75,2.0
1758077842.77197,30790.0,169.1371,35209.0,193.41177,2690.0,74.72222,-3274.0,-90.94444,2.0
1758077842.77398,30687.0,168.5713,35025.0,192.40102,1472.0,40.88889,-3957.0,-109.91666,2.0
1758077842.7896,30662.0,168.43398,34799.0,191.15953,-245.0,-6.80556,-4850.0,-134.72223,2.0
1758077842.79078,30712.0,168.70863,34543.0,189.75327,-1539.0,-42.75,-5081.0,-141.13889,2.0
1758077842.80634,30821.0,169.30739,34297.0,188.40192,-2597.0,-72.13889,-4686.0,-130.16667,2.0
1758077842.80749,30979.0,170.17532,34071.0,187.16045,-3500.0,-97.22222,-4316.0,-119.88889,2.0
1758077842.82373,31184.0,171.30145,33857.0,185.98489,-4470.0,-124.16666,-4208.0,-116.88889,2.0
1758077842.82702,31442.0,172.7187,33643.0,184.80933,-5557.0,-154.36111,-4251.0,-118.08334,2.0
1758077842.84366,31754.0,174.43259,33426.0,183.61731,-6594.0,-183.16667,-4300.0,-119.44444,2.0
1758077842.86071,32117.0,176.42664,33216.0,182.46373,-7645.0,-212.36111,-4031.0,-111.97222,2.0
1758077842.86193,32533.0,178.71184,33024.0,181.40901,-8513.0,-236.47223,-3650.0,-101.38889,2.0
1758077842.87767,32981.0,181.17281,32848.0,180.4422,-9138.0,-253.83333,-3298.0,-91.61111,2.0
1758077842.87918,33469.0,183.85352,32691.0,179.57976,-9920.0,-275.55554,-2902.0,-80.61111,2.0
1758077842.89459,33993.0,186.73198,32560.0,178.86015,-10770.0,-299.16666,-2394.0,-66.5,2.0
1758077842.91072,34566.0,189.87961,32455.0,178.28337,-11346.0,-315.16666,-1857.0,-51.58333,2.0
1758077842.91177,35159.0,193.1371,32372.0,177.82742,-12028.0,-334.11111,-1441.0,-40.02778,2.0
1758077842.92663,35770.0,196.49348,32306.0,177.46486,-12196.0,-338.77777,-1201.0,-33.36111,2.0
1758077842.92738,36394.0,199.92126,32254.0,177.17921,-12183.0,-338.41666,-890.0,-24.72222,2.0
1758077842.94271,37010.0,203.30511,32217.0,176.97597,-12192.0,-338.66666,-663.0,-18.41667,2.0
1758077842.95862,37614.0,206.62303,32186.0,176.80566,-11849.0,-329.13889,-576.0,-16.0,2.0
1758077842.95943,38206.0,209.87503,32164.0,176.68481,-11398.0,-316.61111,-339.0,-9.41667,2.0
1758077842.97542,38770.0,212.97321,32151.0,176.6134,-10992.0,-305.33334,-121.0,-3.36111,2.0
1758077842.97661,39305.0,215.91212,32151.0,176.6134,-10320.0,-286.66666,0.0,0.0,2.0
1758077842.99261,39809.0,218.68071,32151.0,176.6134,-9547.0,-265.19446,4.0,0.11111,2.0
1758077843.00869,40250.0,221.10323,32154.0,176.62988,-8081.0,-224.47223,71.0,1.97222,2.0
1758077843.0102,40623.0,223.15222,32156.0,176.64087,-6809.0,-189.13889,0.0,0.0,2.0
1758077843.02654,40922.0,224.79469,32156.0,176.64087,-5260.0,-146.11111,0.0,0.0,2.0
1758077843.02721,41147.0,226.03067,32157.0,176.64636,-3804.0,-105.66666,16.0,0.44444,2.0
1758077843.04272,41296.0,226.84915,32160.0,176.66284,-2291.0,-63.63889,59.0,1.63889,2.0
1758077843.05873,41368.0,227.24469,32165.0,176.69031,-831.0,-23.08333,108.0,3.0,2.0
1758077843.05983,41376.0,227.28864,32170.0,176.71777,133.0,3.69444,92.0,2.55556,2.0
1758077843.07661,41361.0,227.20624,32174.0,176.73975,405.0,11.25,24.0,0.66667,2.0
1758077843.07756,41334.0,227.05789,32174.0,176.73975,673.0,18.69444,0.0,0.0,2.0
1758077843.09534,41289.0,226.8107,32174.0,176.73975,1053.0,29.25,0.0,0.0,2.0
1758077843.11154,41225.0,226.45914,32174.0,176.73975,1460.0,40.55556,0.0,0.0,2.0
1758077843.11348,41139.0,225.98672,32174.0,176.73975,1913.0,53.13889,0.0,0.0,2.0
1758077843.12957,41027.0,225.37148,32174.0,176.73975,2435.0,67.63889,0.0,0.0,2.0
1758077843.13397,40886.0,224.59694,32174.0,176.73975,3037.0,84.36111,0.0,0.0,2.0
1758077843.14952,40713.0,223.64661,32175.0,176.74524,3663.0,101.75,24.0,0.66667,2.0
1758077843.15107,40506.0,222.50949,32180.0,176.77271,4418.0,122.72222,161.0,4.47222,2.0
1758077843.16688,40262.0,221.16914,32197.0,176.8661,5114.0,142.05556,467.0,12.97222,2.0
1758077843.16752,39981.0,219.62553,32230.0,177.04738,5852.0,162.55556,820.0,22.77778,2.0
1758077843.18468,39656.0,217.84024,32288.0,177.36598,6877.0,191.02777,1439.0,39.97222,2.0
1758077843.20079,39283.0,215.79124,32367.0,177.79996,7708.0,214.11111,1419.0,39.41667,2.0
1758077843.20189,38869.0,213.51706,32424.0,178.11307,8557.0,237.69444,767.0,21.30556,2.0
1758077843.21678,38406.0,210.97368,32437.0,178.18448,9385.0,260.69446,-20.0,-0.55556,2.0
1758077843.21796,37937.0,208.39734,32430.0,178.14603,9145.0,254.02777,-95.0,-2.63889,2.0
1758077843.23276,37482.0,205.8979,32426.0,178.12405,8699.0,241.63889,-145.0,-4.02778,2.0
1758077843.24878,37060.0,203.57977,32411.0,178.04166,7866.0,218.5,-396.0,-11.0,2.0
1758077843.24992,36680.0,201.49232,32386.0,177.90433,7226.0,200.72223,-598.0,-16.61111,2.0
1758077843.26585,36337.0,199.60815,32349.0,177.70108,6450.0,179.16667,-836.0,-23.22222,2.0
1758077843.26681,36021.0,197.87228,32302.0,177.44289,6128.0,170.22223,-949.0,-26.36111,2.0
1758077843.28278,35719.0,196.21333,32259.0,177.20668,5878.0,163.27777,-724.0,-20.11111,2.0
1758077843.30074,35423.0,194.58731,32237.0,177.08583,5866.0,162.94444,-247.0,-6.86111,2.0
1758077843.30108,35114.0,192.88991,32236.0,177.08034,6309.0,175.25,98.0,2.72222,2.0
1758077843.31757,34789.0,191.1046,32238.0,177.09132,6409.0,178.02777,0.0,0.0,2.0
1758077843.31836,34472.0,189.36325,32238.0,177.09132,6152.0,170.88889,0.0,0.0,2.0
1758077843.33379,34165.0,187.6768,32238.0,177.09132,6007.0,166.86111,0.0,0.0,2.0
1758077843.35061,33868.0,186.04532,32239.0,177.09682,5750.0,159.72223,21.0,0.58333,2.0
1758077843.35175,33580.0,184.46326,32244.0,177.12428,5606.0,155.72223,192.0,5.33333,2.0
1758077843.36802,33295.0,182.89769,32272.0,177.27809,5671.0,157.52777,894.0,24.83333,2.0
1758077843.3684,33007.0,181.31563,32347.0,177.69009,5736.0,159.33333,1945.0,54.02778,2.0
1758077843.38378,32714.0,179.70612,32479.0,178.41521,5842.0,162.27777,3178.0,88.27778,2.0
1758077843.39981,32413.0,178.05264,32681.0,179.52483,6058.0,168.27777,4576.0,127.11111,2.0
1758077843.40104,32102.0,176.34424,32956.0,181.03548,6164.0,171.22223,5993.0,166.47223,2.0
1758077843.41582,31796.0,174.6633,33295.0,182.89769,5927.0,164.63889,7187.0,199.63889,2.0
1758077843.41712,31504.0,173.05928,33683.0,185.02908,5606.0,155.72223,8014.0,222.61111,2.0
1758077843.43286,31240.0,171.60907,34097.0,187.30327,4847.0,134.63889,8230.0,228.61111,2.0
1758077843.45073,31028.0,170.44449,34519.0,189.62143,3640.0,101.11111,8311.0,230.86111,2.0
1758077843.45122,30881.0,169.63698,34936.0,191.91209,2336.0,64.88889,8099.0,224.97223,2.0
1758077843.46691,30795.0,169.16457,35341.0,194.13687,1156.0,32.11111,8022.0,222.83333,2.0
1758077843.4695,30765.0,168.99977,35747.0,196.36714,207.0,5.75,8045.0,223.47223,2.0
1758077843.48656,30764.0,168.99428,36158.0,198.62485,0.0,0.0,8232.0,228.66667,2.0
1758077843.48722,30764.0,168.99428,36585.0,200.97047,0.0,0.0,8484.0,235.66667,2.0
1758077843.50408,30764.0,168.99428,37020.0,203.36005,0.0,0.0,8603.0,238.97223,2.0
1758077843.52198,30766.0,169.00526,37455.0,205.74959,-59.0,-1.63889,8413.0,233.69444,2.0
1758077843.52361,30770.0,169.02724,37865.0,208.00183,-76.0,-2.11111,7886.0,219.05556,2.0
1758077843.53971,30773.0,169.04372,38251.0,210.12222,-26.0,-0.72222,7430.0,206.38889,2.0
1758077843.54087,30778.0,169.07118,38600.0,212.03937,-155.0,-4.30556,6436.0,178.77777,2.0
1758077843.55699,30795.0,169.16457,38902.0,213.69833,-502.0,-13.94444,5487.0,152.41667,2.0
1758077843.55739,30834.0,169.3788,39149.0,215.05516,-977.0,-27.13889,4461.0,123.91666,2.0
1758077843.57722,30893.0,169.7029,39343.0,216.12086,-1251.0,-34.75,3415.0,94.86111,2.0
1758077843.57945,30962.0,170.08194,39489.0,216.92287,-1431.0,-39.75,2546.0,70.72222,2.0
1758077843.59703,31037.0,170.49393,39599.0,217.52713,-1442.0,-40.05556,1941.0,53.91667,2.0
1758077843.59738,31108.0,170.88396,39682.0,217.98306,-1304.0,-36.22222,1454.0,40.38889,2.0
1758077843.61685,31167.0,171.20805,39745.0,218.32913,-1010.0,-28.05556,1059.0,29.41667,2.0
1758077843.61725,31211.0,171.44977,39785.0,218.54886,-773.0,-21.47222,587.0,16.30556,2.0
1758077843.63295,31241.0,171.61456,39801.0,218.63675,-476.0,-13.22222,117.0,3.25,2.0
1758077843.65088,31256.0,171.69696,39796.0,218.60928,-204.0,-5.66667,-203.0,-5.63889,2.0
1758077843.65126,31264.0,171.74091,39776.0,218.49942,-111.0,-3.08333,-609.0,-16.91667,2.0
1758077843.66696,31273.0,171.79034,39728.0,218.23575,-279.0,-7.75,-1214.0,-33.72222,2.0
1758077843.66775,31295.0,171.91119,39642.0,217.76334,-541.0,-15.02778,-2100.0,-58.33333,2.0
1758077843.683,31333.0,172.11993,39504.0,217.00526,-874.0,-24.27778,-3127.0,-86.86111,2.0
1758077843.699,31385.0,172.40558,39315.0,215.96706,-1046.0,-29.05556,-4197.0,-116.58334,2.0
1758077843.7002,31433.0,172.66927,39076.0,214.65416,-881.0,-24.47222,-5112.0,-142.0,2.0
1758077843.71502,31468.0,172.86153,38790.0,213.0831,-533.0,-14.80556,-6031.0,-167.52777,2.0
1758077843.73098,31488.0,172.97139,38454.0,211.23735,-276.0,-7.66667,-7173.0,-199.25,2.0
1758077843.73212,31499.0,173.03181,38056.0,209.05106,-169.0,-4.69444,-8261.0,-229.47223,2.0
1758077843.74719,31502.0,173.04829,37619.0,206.6505,31.0,0.86111,-8670.0,-240.83333,2.0
1758077843.74822,31496.0,173.01534,37181.0,204.24445,239.0,6.63889,-8492.0,-235.88889,2.0
1758077843.76297,31470.0,172.87251,36769.0,201.98123,793.0,22.02778,-7760.0,-215.55556,2.0
1758077843.78019,31406.0,172.52094,36396.0,199.93225,1650.0,45.83333,-7096.0,-197.11111,2.0
1758077843.78051,31296.0,171.91669,36062.0,198.0975,2537.0,70.47222,-6203.0,-172.30556,2.0
1758077843.79599,31149.0,171.10918,35771.0,196.49898,3075.0,85.41666,-5460.0,-151.66667,2.0
1758077843.79721,30987.0,170.21927,35507.0,195.04875,3239.0,89.97222,-5104.0,-141.77777,2.0
1758077843.813,30832.0,169.36781,35256.0,193.66995,2888.0,80.22222,-4923.0,-136.75,2.0
1758077843.83009,30708.0,168.68666,35008.0,192.30763,2109.0,58.58333,-4948.0,-137.44444,2.0
1758077843.83058,30631.0,168.26367,34754.0,190.91234,1052.0,29.22222,-5083.0,-141.19444,2.0
1758077843.84604,30605.0,168.12085,34503.0,189.53354,121.0,3.36111,-4797.0,-133.25,2.0
1758077843.84728,30606.0,168.12634,34276.0,188.28656,-10.0,-0.27778,-4184.0,-116.22222,2.0
1758077843.86385,30607.0,168.13184,34081.0,187.21538,-31.0,-0.86111,-3597.0,-99.91666,2.0
1758077843.88101,30613.0,168.16479,33910.0,186.27603,-198.0,-5.5,-3263.0,-90.63889,2.0
1758077843.88221,30636.0,168.29114,33745.0,185.36966,-724.0,-20.11111,-3283.0,-91.19444,2.0
1758077843.89709,30701.0,168.64821,33568.0,184.39734,-1790.0,-49.72222,-3604.0,-100.11111,2.0
1758077843.89842,30828.0,169.34584,33374.0,183.33165,-3103.0,-86.19444,-3963.0,-110.08334,2.0
1758077843.91383,31028.0,170.44449,33164.0,182.17809,-4550.0,-126.38889,-4256.0,-118.22222,2.0
1758077843.93199,31300.0,171.93866,32943.0,180.96407,-5992.0,-166.44444,-4419.0,-122.75,2.0
1758077843.93237,31641.0,173.81186,32723.0,179.75555,-7260.0,-201.66667,-4233.0,-117.58334,2.0
1758077843.94963,32042.0,176.01465,32526.0,178.67339,-8432.0,-234.22223,-3614.0,-100.38889,2.0
1758077843.95075,32503.0,178.54704,32369.0,177.81094,-9512.0,-264.22223,-2677.0,-74.36111,2.0
1758077843.96689,33001.0,181.28267,32260.0,177.21217,-10169.0,-282.47223,-1708.0,-47.44444,2.0
1758077843.96843,33540.0,184.24353,32200.0,176.88258,-10876.0,-302.11111,-841.0,-23.36111,2.0
1758077843.98612,34107.0,187.3582,32178.0,176.76172,-11504.0,-319.55554,-114.0,-3.16667,2.0
1758077843.98767,34695.0,190.58824,32178.0,176.76172,-11653.0,-323.69446,15.0,0.41667,2.0
1758077844.00388,35291.0,193.86221,32179.0,176.76721,-11759.0,-326.63889,3.0,0.08333,2.0
1758077844.02112,35883.0,197.11421,32179.0,176.76721,-11729.0,-325.80554,0.0,0.0,2.0
1758077844.02225,36462.0,200.2948,32179.0,176.76721,-11124.0,-309.0,0.0,0.0,2.0
1758077844.03952,37017.0,203.34357,32179.0,176.76721,-10867.0,-301.86111,0.0,0.0,2.0
1758077844.0415,37548.0,206.26048,32179.0,176.76721,-10306.0,-286.27777,0.0,0.0,2.0
1758077844.06125,38062.0,209.08401,32179.0,176.76721,-9865.0,-274.02777,-4.0,-0.11111,2.0
1758077844.06189,38545.0,211.73724,32179.0,176.76721,-9402.0,-261.16666,-11.0,-0.30556,2.0
1758077844.07958,39008.0,214.28061,32177.0,176.75623,-8908.0,-247.44444,-33.0,-0.91667,2.0
1758077844.08031,39436.0,216.63173,32177.0,176.75623,-8123.0,-225.63889,0.0,0.0,2.0
1758077844.09614,39820.0,218.74113,32177.0,176.75623,-7103.0,-197.30556,0.0,0.0,2.0
1758077844.09735,40143.0,220.51546,32177.0,176.75623,-5836.0,-162.11111,0.0,0.0,2.0
1758077844.11394,40400.0,221.92722,32177.0,176.75623,-4531.0,-125.86111,0.0,0.0,2.0
1758077844.13092,40588.0,222.95996,32177.0,176.75623,-3115.0,-86.52778,0.0,0.0,2.0
1758077844.13217,40703.0,223.59167,32177.0,176.75623,-1681.0,-46.69444,-4.0,-0.11111,2.0
1758077844.14716,40750.0,223.84985,32177.0,176.75623,-391.0,-10.86111,-31.0,-0.86111,2.0
1758077844.15,40748.0,223.83887,32175.0,176.74524,118.0,3.27778,-56.0,-1.55556,2.0
1758077844.16926,40737.0,223.77844,32171.0,176.72327,300.0,8.33333,-109.0,-3.02778,2.0
1758077844.17152,40713.0,223.64661,32163.0,176.67932,591.0,16.41667,-225.0,-6.25,2.0
1758077844.18717,40672.0,223.42139,32150.0,176.60791,954.0,26.5,-266.0,-7.38889,2.0
1758077844.18796,40609.0,223.07532,32141.0,176.55847,1509.0,41.91667,-129.0,-3.58333,2.0
1758077844.20643,40515.0,222.55893,32139.0,176.54749,2120.0,58.88889,36.0,1.0,2.0
1758077844.2076,40388.0,221.8613,32141.0,176.55847,2829.0,78.58334,25.0,0.69444,2.0
1758077844.22584,40227.0,220.97688,32143.0,176.56946,3455.0,95.97222,64.0,1.77778,2.0
1758077844.24123,40032.0,219.90569,32155.0,176.63538,4157.0,115.47222,399.0,11.08333,2.0
1758077844.24196,39796.0,218.60928,32189.0,176.82214,5026.0,139.61111,906.0,25.16667,2.0
1758077844.25728,39513.0,217.0547,32247.0,177.14076,5976.0,166.0,1333.0,37.02778,2.0
1758077844.25838,39185.0,215.25291,32323.0,177.55826,6824.0,189.55556,1539.0,42.75,2.0
1758077844.27402,38812.0,213.20395,32385.0,177.89883,7711.0,214.19444,917.0,25.47222,2.0
1758077844.29132,38394.0,210.90776,32411.0,178.04166,8520.0,236.66667,254.0,7.05556,2.0
1758077844.29173,37968.0,208.56763,32411.0,178.04166,8316.0,231.0,-116.0,-3.22222,2.0
1758077844.30731,37555.0,206.29893,32407.0,178.01968,7927.0,220.19444,-115.0,-3.19444,2.0
1758077844.30898,37182.0,204.24994,32393.0,177.94278,7018.0,194.94444,-383.0,-10.63889,2.0
1758077844.32588,36847.0,202.4097,32363.0,177.77798,6311.0,175.30556,-738.0,-20.5,2.0
1758077844.34131,36548.0,200.76723,32313.0,177.50331,5593.0,155.36111,-1138.0,-31.61111,2.0
1758077844.34483,36278.0,199.28406,32252.0,177.16823,5179.0,143.86111,-1206.0,-33.5,2.0
1758077844.36185,36021.0,197.87228,32195.0,176.85512,5074.0,140.94444,-1100.0,-30.55556,2.0
1758077844.36622,35762.0,196.44954,32151.0,176.6134,5195.0,144.30556,-651.0,-18.08333,2.0
1758077844.38289,35492.0,194.96635,32136.0,176.53101,5529.0,153.58333,-6.0,-0.16667,2.0
1758077844.38642,35197.0,193.34584,32141.0,176.55847,6036.0,167.66667,24.0,0.66667,2.0
1758077844.40129,34884.0,191.62645,32141.0,176.55847,6233.0,173.13889,0.0,0.0,2.0
1758077844.4024,34574.0,189.92355,32141.0,176.55847,5999.0,166.63889,0.0,0.0,2.0
1758077844.41732,34277.0,188.29205,32141.0,176.55847,5758.0,159.94444,0.0,0.0,2.0
1758077844.41809,33988.0,186.70451,32141.0,176.55847,5653.0,157.02777,9.0,0.25,2.0
1758077844.43491,33708.0,185.16641,32143.0,176.56946,5455.0,151.52777,74.0,2.05556,2.0
1758077844.45145,33437.0,183.67773,32158.0,176.65186,5296.0,147.11111,512.0,14.22222,2.0
1758077844.45181,33168.0,182.20006,32207.0,176.92104,5338.0,148.27777,1327.0,36.86111,2.0
1758077844.46733,32891.0,180.67841,32304.0,177.45387,5555.0,154.30556,2464.0,68.44444,2.0
1758077844.46808,32603.0,179.09636,32466.0,178.3438,5810.0,161.38889,3780.0,105.0,2.0
1758077844.48329,32301.0,177.43739,32697.0,179.61272,6064.0,168.44444,5147.0,142.97223,2.0
1758077844.49935,31992.0,175.73999,32995.0,181.24971,6087.0,169.08333,6420.0,178.33333,2.0
1758077844.50049,31690.0,174.08102,33346.0,183.17784,5858.0,162.72223,7287.0,202.41667,2.0
1758077844.51642,31408.0,172.53192,33737.0,185.32571,5276.0,146.55556,7961.0,221.13889,2.0
1758077844.52089,31169.0,171.21906,34141.0,187.54497,4222.0,117.27778,8006.0,222.38889,2.0
1758077844.56595,30992.0,170.24673,34546.0,189.76974,2953.0,82.02778,7944.0,220.66667,2.0
1758077844.56634,30879.0,169.62599,34944.0,191.95607,1659.0,46.08333,7718.0,214.38889,2.0
1758077844.56861,30824.0,169.32387,35333.0,194.09293,645.0,17.91667,7717.0,214.36111,2.0
1758077844.572,30817.0,169.28542,35730.0,196.27376,-60.0,-1.66667,7791.0,216.41667,2.0
1758077844.57364,30819.0,169.2964,36129.0,198.46555,-8.0,-0.22222,7998.0,222.16667,2.0
1758077844.59099,30819.0,169.2964,36544.0,200.74525,0.0,0.0,8256.0,229.33333,2.0
1758077844.5922,30819.0,169.2964,36962.0,203.04141,0.0,0.0,8298.0,230.5,2.0
1758077844.60779,30819.0,169.2964,37383.0,205.35408,0.0,0.0,8340.0,231.66667,2.0
1758077844.60813,30819.0,169.2964,37792.0,207.60083,0.0,0.0,7946.0,220.72223,2.0
1758077844.62339,30822.0,169.31288,38180.0,209.73221,-97.0,-2.69444,7372.0,204.77777,2.0
1758077844.63942,30827.0,169.34035,38532.0,211.66583,-90.0,-2.5,6620.0,183.88889,2.0
1758077844.64021,30834.0,169.3788,38841.0,213.36325,-169.0,-4.69444,5754.0,159.83333,2.0
1758077844.65543,30846.0,169.44472,39106.0,214.81895,-274.0,-7.61111,4818.0,133.83333,2.0
1758077844.67145,30864.0,169.54359,39319.0,215.98903,-365.0,-10.13889,3714.0,103.16666,2.0
1758077844.67341,30886.0,169.66444,39478.0,216.86244,-459.0,-12.75,2728.0,75.77778,2.0
1758077844.69144,30911.0,169.80177,39590.0,217.47769,-470.0,-13.05556,1892.0,52.55556,2.0
1758077844.69223,30934.0,169.92813,39664.0,217.88419,-420.0,-11.66667,1137.0,31.58333,2.0
1758077844.70743,30954.0,170.03799,39704.0,218.10391,-349.0,-9.69444,574.0,15.94444,2.0
1758077844.70948,30970.0,170.12589,39717.0,218.17532,-249.0,-6.91667,13.0,0.36111,2.0
1758077844.72602,30978.0,170.16983,39710.0,218.13687,-85.0,-2.36111,-150.0,-4.16667,2.0
1758077844.74142,30978.0,170.16983,39699.0,218.07645,43.0,1.19444,-283.0,-7.86111,2.0
1758077844.74265,30977.0,170.16434,39679.0,217.96658,0.0,0.0,-479.0,-13.30556,2.0
1758077844.7575,30977.0,170.16434,39644.0,217.77432,0.0,0.0,-863.0,-23.97222,2.0
1758077844.7587,30978.0,170.16983,39584.0,217.44473,-33.0,-0.91667,-1416.0,-39.33333,2.0
1758077844.77349,30985.0,170.20828,39493.0,216.94484,-222.0,-6.16667,-2125.0,-59.02778,2.0
1758077844.78991,31008.0,170.33463,39356.0,216.19228,-621.0,-17.25,-3126.0,-86.83334,2.0
1758077844.79228,31056.0,170.59831,39167.0,215.15404,-1205.0,-33.47222,-4229.0,-117.47222,2.0
1758077844.80752,31131.0,171.0103,38923.0,213.81369,-1630.0,-45.27778,-5291.0,-146.97223,2.0
1758077844.80831,31213.0,171.46075,38632.0,212.21515,-1580.0,-43.88889,-6147.0,-170.75,2.0
1758077844.82587,31286.0,171.86176,38292.0,210.34746,-1316.0,-36.55556,-7203.0,-200.08333,2.0
1758077844.84193,31344.0,172.18036,37887.0,208.12268,-1073.0,-29.80556,-8513.0,-236.47223,2.0
1758077844.84226,31397.0,172.4715,37433.0,205.62874,-986.0,-27.38889,-9185.0,-255.13889,2.0
1758077844.85752,31439.0,172.70222,36966.0,203.06339,-658.0,-18.27778,-8940.0,-248.33333,2.0
1758077844.85823,31448.0,172.75166,36543.0,200.73976,190.0,5.27778,-7915.0,-219.86111,2.0
1758077844.87689,31419.0,172.59235,36168.0,198.67978,913.0,25.36111,-6992.0,-194.22223,2.0
1758077844.87811,31344.0,172.18036,35849.0,196.92744,1906.0,52.94444,-5809.0,-161.36111,2.0
1758077844.89393,31225.0,171.52667,35578.0,195.43877,2665.0,74.02778,-4991.0,-138.63889,2.0
1758077844.90957,31081.0,170.73564,35339.0,194.12589,2926.0,81.27778,-4459.0,-123.86111,2.0
1758077844.91107,30939.0,169.9556,35116.0,192.90089,2604.0,72.33334,-4334.0,-120.38889,2.0
1758077844.92647,30830.0,169.35683,34892.0,191.67039,1739.0,48.30556,-4544.0,-126.22222,2.0
1758077844.9277,30779.0,169.07668,34656.0,190.37399,445.0,12.36111,-4668.0,-129.66667,2.0
1758077844.94599,30786.0,169.11513,34424.0,189.09955,-343.0,-9.52778,-4465.0,-124.02778,2.0
1758077844.96153,30818.0,169.29091,34204.0,187.89105,-913.0,-25.36111,-4246.0,-117.94444,2.0
1758077844.96348,30888.0,169.67543,33987.0,186.69902,-1728.0,-48.0,-4337.0,-120.47222,2.0
1758077844.98012,31008.0,170.33463,33761.0,185.45755,-2904.0,-80.66666,-4562.0,-126.72222,2.0
1758077844.98125,31190.0,171.33441,33519.0,184.12817,-4124.0,-114.55556,-4881.0,-135.58333,2.0
1758077844.9973,31436.0,172.68575,33267.0,182.74388,-5362.0,-148.94444,-4994.0,-138.72223,2.0
1758077844.99888,31738.0,174.3447,33017.0,181.37056,-6380.0,-177.22223,-4877.0,-135.47223,2.0
1758077845.01693,32086.0,176.25635,32779.0,180.06317,-7273.0,-202.02777,-4608.0,-128.0,2.0
1758077845.01775,32481.0,178.42619,32560.0,178.86015,-8112.0,-225.33333,-4079.0,-113.30556,2.0
1758077845.03473,32908.0,180.7718,32378.0,177.86038,-8773.0,-243.69444,-3223.0,-89.52778,2.0
1758077845.05313,33377.0,183.34813,32236.0,177.08034,-9672.0,-268.66666,-2429.0,-67.47222,2.0
1758077845.05372,33881.0,186.11673,32131.0,176.50354,-10286.0,-285.72223,-1809.0,-50.25,2.0
1758077845.07149,34425.0,189.10504,32054.0,176.08057,-10919.0,-303.30554,-1359.0,-37.75,2.0
1758077845.07186,34990.0,192.20876,31998.0,175.77295,-11421.0,-317.25,-885.0,-24.58333,2.0
1758077845.09193,35569.0,195.38933,31963.0,175.58069,-11416.0,-317.11111,-579.0,-16.08333,2.0
1758077845.09226,36154.0,198.60287,31941.0,175.45984,-11560.0,-321.11111,-332.0,-9.22222,2.0
1758077845.10756,36726.0,201.74501,31926.0,175.37743,-11237.0,-312.13889,-242.0,-6.72222,2.0
1758077845.10824,37289.0,204.83772,31915.0,175.317,-10935.0,-303.75,-217.0,-6.02778,2.0
1758077845.12536,37838.0,207.85352,31906.0,175.26756,-10802.0,-300.05554,-150.0,-4.16667,2.0
1758077845.1406,38370.0,210.77592,31896.0,175.21263,-10302.0,-286.16666,-245.0,-6.80556,2.0
1758077845.14175,38880.0,213.57748,31884.0,175.14671,-9880.0,-274.44446,-221.0,-6.13889,2.0
1758077845.1566,39361.0,216.21974,31872.0,175.0808,-9237.0,-256.58334,-256.0,-7.11111,2.0
1758077845.15786,39802.0,218.64224,31868.0,175.05882,-8102.0,-225.05556,10.0,0.27778,2.0
1758077845.17635,40171.0,220.66927,31868.0,175.05882,-6720.0,-186.66667,4.0,0.11111,2.0
1758077845.19196,40467.0,222.29526,31870.0,175.06981,-5173.0,-143.69444,29.0,0.80556,2.0
1758077845.19231,40680.0,223.46533,31873.0,175.08629,-3397.0,-94.36111,75.0,2.08333,2.0
1758077845.20867,40801.0,224.13,31879.0,175.11925,-1608.0,-44.66667,125.0,3.47222,2.0
1758077845.20993,40837.0,224.32777,31888.0,175.16869,-115.0,-3.19444,186.0,5.16667,2.0
1758077845.22642,40829.0,224.28381,31895.0,175.20714,248.0,6.88889,37.0,1.02778,2.0
1758077845.24164,40805.0,224.15198,31895.0,175.20714,636.0,17.66667,-9.0,-0.25,2.0
1758077845.24242,40758.0,223.8938,31895.0,175.20714,1133.0,31.47222,-4.0,-0.11111,2.0
1758077845.25876,40688.0,223.50928,31895.0,175.20714,1573.0,43.69444,-9.0,-0.25,2.0
1758077845.26056,40595.0,222.99841,31894.0,175.20164,2034.0,56.5,-19.0,-0.52778,2.0
1758077845.27569,40480.0,222.36667,31894.0,175.20164,2447.0,67.97222,-9.0,-0.25,2.0
1758077845.29163,40342.0,221.60861,31893.0,175.19615,2913.0,80.91666,-9.0,-0.25,2.0
1758077845.29296,40181.0,220.7242,31894.0,175.20164,3309.0,91.91666,0.0,0.0,2.0
1758077845.31168,39999.0,219.72441,31895.0,175.20714,3819.0,106.08334,39.0,1.08333,2.0
1758077845.31243,39786.0,218.55435,31905.0,175.26207,4514.0,125.38889,376.0,10.44444,2.0
1758077845.33169,39533.0,217.16457,31938.0,175.44336,5339.0,148.30556,853.0,23.69444,2.0
1758077845.33306,39238.0,215.54405,31995.0,175.75647,6145.0,170.69444,1359.0,37.75,2.0
1758077845.35211,38904.0,213.70932,32075.0,176.19592,6955.0,193.19444,1550.0,43.05556,2.0
1758077845.35245,38524.0,211.62187,32139.0,176.54749,7921.0,220.02777,947.0,26.30556,2.0
1758077845.36968,38103.0,209.30923,32167.0,176.70129,8520.0,236.66667,279.0,7.75,2.0
1758077845.37,37670.0,206.93065,32167.0,176.70129,8454.0,234.83333,-122.0,-3.38889,2.0
1758077845.38667,37256.0,204.65645,32162.0,176.67383,7826.0,217.38889,-103.0,-2.86111,2.0
1758077845.38875,36877.0,202.57449,32153.0,176.62439,7261.0,201.69444,-259.0,-7.19444,2.0
1758077845.4066,36534.0,200.69032,32134.0,176.52002,6380.0,177.22223,-463.0,-12.86111,2.0
1758077845.42179,36234.0,199.04236,32104.0,176.35522,5584.0,155.11111,-672.0,-18.66667,2.0
1758077845.42255,35973.0,197.60861,32064.0,176.1355,4841.0,134.47223,-878.0,-24.38889,2.0
1758077845.43777,35749.0,196.37813,32019.0,175.88831,4135.0,114.86111,-832.0,-23.11111,2.0
1758077845.43932,35555.0,195.31242,31984.0,175.69604,3712.0,103.11111,-532.0,-14.77778,2.0
1758077845.47721,35367.0,194.27969,31968.0,175.60815,3784.0,105.11111,-145.0,-4.02778,2.0
1758077845.47939,35167.0,193.18105,31970.0,175.61914,4118.0,114.38889,68.0,1.88889,2.0
1758077845.48118,34947.0,191.97255,31972.0,175.63013,4456.0,123.77778,25.0,0.69444,2.0
1758077845.48228,34717.0,190.70909,31974.0,175.64111,4545.0,126.25,22.0,0.61111,2.0
1758077845.49776,34485.0,189.43466,31975.0,175.64661,4658.0,129.38889,8.0,0.22222,2.0
1758077845.49939,34240.0,188.08881,31977.0,175.65759,4971.0,138.08333,97.0,2.69444,2.0
1758077845.51671,33979.0,186.65508,31991.0,175.7345,5313.0,147.58333,487.0,13.52778,2.0
1758077845.53182,33705.0,185.14993,32037.0,175.98718,5476.0,152.11111,1268.0,35.22222,2.0
1758077845.53522,33425.0,183.61182,32127.0,176.48157,5583.0,155.08333,2181.0,60.58333,2.0
1758077845.55198,33137.0,182.02974,32267.0,177.25063,5707.0,158.52777,3229.0,89.69444,2.0
1758077845.55231,32847.0,180.43671,32465.0,178.3383,5717.0,158.80556,4432.0,123.11111,2.0
1758077845.56783,32563.0,178.87663,32725.0,179.76654,5583.0,155.08333,5676.0,157.66667,2.0
1758077845.56893,32284.0,177.34401,33046.0,181.52986,5426.0,150.72223,6798.0,188.83333,2.0
1758077845.58574,32015.0,175.86633,33420.0,183.58435,5206.0,144.61111,7658.0,212.72223,2.0
1758077845.60078,31761.0,174.47104,33829.0,185.83109,4844.0,134.55556,8312.0,230.88889,2.0
1758077845.60208,31528.0,173.19112,34260.0,188.19867,4381.0,121.69444,8647.0,240.19444,2.0
1758077845.61684,31324.0,172.0705,34710.0,190.67064,3707.0,102.97222,8974.0,249.27777,2.0
1758077845.61963,31158.0,171.15862,35162.0,193.15358,2771.0,76.97222,8904.0,247.33333,2.0
1758077845.63583,31044.0,170.53239,35614.0,195.63652,1800.0,50.0,8949.0,248.58333,2.0
1758077845.65184,30981.0,170.18631,36062.0,198.0975,905.0,25.13889,8812.0,244.77777,2.0
1758077845.65342,30961.0,170.07645,36512.0,200.56947,6.0,0.16667,8947.0,248.52777,2.0
1758077845.67079,30965.0,170.09842,36961.0,203.03592,-100.0,-2.77778,8906.0,247.38889,2.0
1758077845.67117,30969.0,170.12039,37416.0,205.53535,-34.0,-0.94444,9100.0,252.77777,2.0
1758077845.68688,30969.0,170.12039,37870.0,208.0293,0.0,0.0,8938.0,248.27777,2.0
1758077845.68887,30969.0,170.12039,38323.0,210.51775,0.0,0.0,8958.0,248.83333,2.0
1758077845.70676,30975.0,170.15335,38757.0,212.90179,-216.0,-6.0,8342.0,231.72223,2.0
1758077845.72187,30990.0,170.23575,39165.0,215.14305,-331.0,-9.19444,7922.0,220.05556,2.0
1758077845.72346,31014.0,170.36758,39541.0,217.20851,-613.0,-17.02778,7026.0,195.16667,2.0
1758077845.7419,31057.0,170.60381,39877.0,219.05424,-1074.0,-29.83333,6347.0,176.30556,2.0
1758077845.74458,31126.0,170.98283,40172.0,220.67476,-1541.0,-42.80556,5446.0,151.27777,2.0
1758077845.76074,31214.0,171.46625,40425.0,222.06454,-1899.0,-52.75,4649.0,129.13889,2.0
1758077845.76146,31315.0,172.02106,40644.0,223.26758,-2040.0,-56.66667,4090.0,113.61111,2.0
1758077845.77693,31419.0,172.59235,40838.0,224.33327,-2016.0,-56.0,3662.0,101.72222,2.0
1758077845.77814,31519.0,173.14168,41015.0,225.30556,-1898.0,-52.72222,3383.0,93.97222,2.0
1758077845.79592,31607.0,173.62509,41175.0,226.18448,-1653.0,-45.91667,3076.0,85.44444,2.0
1758077845.81194,31683.0,174.04257,41321.0,226.98648,-1366.0,-37.94444,2730.0,75.83334,2.0
1758077845.8139,31747.0,174.39413,41448.0,227.68414,-1203.0,-33.41667,2343.0,65.08334,2.0
1758077845.83172,31801.0,174.69077,41549.0,228.23895,-988.0,-27.44444,1774.0,49.27778,2.0
1758077845.83206,31846.0,174.93797,41620.0,228.62898,-798.0,-22.16667,1082.0,30.05556,2.0
1758077845.84798,31889.0,175.17418,41654.0,228.81575,-959.0,-26.63889,362.0,10.05556,2.0
1758077845.85126,31941.0,175.45984,41653.0,228.81026,-1115.0,-30.97222,-250.0,-6.94444,2.0
1758077845.86693,32007.0,175.82239,41624.0,228.65096,-1389.0,-38.58333,-884.0,-24.55556,2.0
1758077845.87139,32078.0,176.2124,41554.0,228.26642,-1344.0,-37.33333,-1756.0,-48.77778,2.0
1758077845.88693,32143.0,176.56946,41439.0,227.6347,-1214.0,-33.72222,-2669.0,-74.13889,2.0
1758077845.88821,32199.0,176.87709,41276.0,226.73929,-1006.0,-27.94444,-3651.0,-101.41666,2.0
1758077845.90397,32244.0,177.12428,41060.0,225.55275,-836.0,-23.22222,-4752.0,-132.0,2.0
1758077845.91996,32286.0,177.355,40783.0,224.03113,-771.0,-21.41667,-6007.0,-166.86111,2.0
1758077845.92111,32321.0,177.54727,40440.0,222.14694,-646.0,-17.94444,-7133.0,-198.13889,2.0
1758077845.93599,32352.0,177.71756,40043.0,219.96611,-548.0,-15.22222,-8406.0,-233.5,2.0
1758077845.95202,32372.0,177.82742,39593.0,217.49417,-222.0,-6.16667,-9173.0,-254.80556,2.0
1758077845.95303,32371.0,177.82193,39113.0,214.85741,147.0,4.08333,-9846.0,-273.5,2.0
1758077845.96914,32355.0,177.73404,38608.0,212.08331,423.0,11.75,-10002.0,-277.83334,2.0
1758077845.96952,32321.0,177.54727,38100.0,209.29276,874.0,24.27778,-10062.0,-279.5,2.0
1758077845.98617,32259.0,177.20668,37593.0,206.50768,1494.0,41.5,-9875.0,-274.30554,2.0
1758077846.002,32168.0,176.70679,37094.0,203.76654,2040.0,56.66667,-9791.0,-271.97223,2.0
1758077846.0028,32051.0,176.06409,36616.0,201.14076,2476.0,68.77778,-9271.0,-257.52777,2.0
1758077846.01807,31916.0,175.32249,36152.0,198.59189,2737.0,76.02778,-9133.0,-253.69444,2.0
1758077846.01877,31775.0,174.54794,35700.0,196.10893,2767.0,76.86111,-8885.0,-246.80556,2.0
1758077846.03403,31637.0,173.78989,35253.0,193.65347,2650.0,73.61111,-8765.0,-243.47223,2.0
1758077846.05003,31511.0,173.09773,34826.0,191.30785,2389.0,66.36111,-8279.0,-229.97223,2.0
1758077846.05081,31401.0,172.49347,34416.0,189.0556,1957.0,54.36111,-7912.0,-219.77777,2.0
1758077846.06603,31313.0,172.01007,34046.0,187.02312,1560.0,43.33333,-6725.0,-186.80556,2.0
1758077846.08203,31245.0,171.63654,33740.0,185.34219,1166.0,32.38889,-5523.0,-153.41667,2.0
1758077846.08267,31204.0,171.41132,33487.0,183.95239,455.0,12.63889,-4644.0,-129.0,2.0
1758077846.09889,31206.0,171.4223,33271.0,182.76585,-342.0,-9.5,-4016.0,-111.55556,2.0
1758077846.10017,31248.0,171.65302,33074.0,181.68367,-1279.0,-35.52778,-3869.0,-107.47222,2.0
1758077846.11509,31351.0,172.21881,32873.0,180.57953,-2645.0,-73.47222,-4056.0,-112.66666,2.0
1758077846.1311,31531.0,173.2076,32660.0,179.40947,-4252.0,-118.11111,-4262.0,-118.38889,2.0
1758077846.13171,31789.0,174.62485,32439.0,178.19547,-5760.0,-160.0,-4405.0,-122.36111,2.0
1758077846.1471,32122.0,176.4541,32217.0,176.97597,-7244.0,-201.22223,-4312.0,-119.77778,2.0
1758077846.14829,32533.0,178.71184,32005.0,175.8114,-8624.0,-239.55556,-3996.0,-111.0,2.0
1758077846.16607,33001.0,181.28267,31822.0,174.80614,-9712.0,-269.77777,-3267.0,-90.75,2.0
1758077846.18209,33526.0,184.16663,31684.0,174.04807,-10709.0,-297.47223,-2314.0,-64.27778,2.0
1758077846.18266,34092.0,187.2758,31597.0,173.57016,-11585.0,-321.80554,-1257.0,-34.91667,2.0
1758077846.1981,34688.0,190.54979,31561.0,173.37241,-11874.0,-329.83334,-253.0,-7.02778,2.0
1758077846.20011,35301.0,193.91714,31569.0,173.41635,-12188.0,-338.55554,278.0,7.72222,2.0
1758077846.21517,35920.0,197.31746,31587.0,173.51523,-12319.0,-342.19446,402.0,11.16667,2.0
1758077846.23109,36533.0,200.68483,31607.0,173.62509,-11954.0,-332.05554,460.0,12.77778,2.0
1758077846.23197,37133.0,203.98077,31630.0,173.75143,-11664.0,-324.0,452.0,12.55556,2.0
1758077846.24711,37715.0,207.17784,31648.0,173.85031,-11485.0,-319.02777,323.0,8.97222,2.0
1758077846.24822,38281.0,210.28703,31658.0,173.90524,-10860.0,-301.66666,9.0,0.25,2.0
1758077846.264,38822.0,213.25888,31657.0,173.89975,-10560.0,-293.33334,0.0,0.0,2.0
1758077846.28013,39325.0,216.02199,31657.0,173.89975,-9539.0,-264.97223,0.0,0.0,2.0
1758077846.28125,39781.0,218.52689,31657.0,173.89975,-8505.0,-236.25,0.0,0.0,2.0
1758077846.29614,40167.0,220.64729,31658.0,173.90524,-7022.0,-195.05556,9.0,0.25,2.0
1758077846.31181,40483.0,222.38315,31662.0,173.92722,-5515.0,-153.19444,95.0,2.63889,2.0
1758077846.31319,40717.0,223.66858,31672.0,173.98215,-3920.0,-108.88889,274.0,7.61111,2.0
1758077846.32818,40870.0,224.50905,31687.0,174.06454,-2404.0,-66.77778,303.0,8.41667,2.0
1758077846.32897,40951.0,224.95399,31707.0,174.17441,-1068.0,-29.66667,361.0,10.02778,2.0
1758077846.34412,40978.0,225.10231,31725.0,174.27328,-179.0,-4.97222,328.0,9.11111,2.0
1758077846.36012,40978.0,225.10231,31739.0,174.35019,16.0,0.44444,220.0,6.11111,2.0
1758077846.36127,40977.0,225.09682,31743.0,174.37216,0.0,0.0,-25.0,-0.69444,2.0
1758077846.37615,40976.0,225.09132,31742.0,174.36667,0.0,0.0,-19.0,-0.52778,2.0
1758077846.3919,40974.0,225.08034,31742.0,174.36667,39.0,1.08333,0.0,0.0,2.0
1758077846.39303,40970.0,225.05836,31742.0,174.36667,138.0,3.83333,0.0,0.0,2.0
1758077846.40822,40958.0,224.99245,31742.0,174.36667,282.0,7.83333,2.0,0.05556,2.0
1758077846.40899,40936.0,224.8716,31743.0,174.37216,595.0,16.52778,44.0,1.22222,2.0
1758077846.42414,40894.0,224.64088,31753.0,174.42709,1057.0,29.36111,328.0,9.11111,2.0
1758077846.44019,40816.0,224.2124,31783.0,174.59189,1886.0,52.38889,831.0,23.08333,2.0
1758077846.44131,40694.0,223.54224,31841.0,174.91051,2844.0,79.0,1367.0,37.97222,2.0
1758077846.45619,40519.0,222.5809,31932.0,175.41039,3954.0,109.83334,2145.0,59.58333,2.0
1758077846.4719,40285.0,221.29549,32062.0,176.12451,5120.0,142.22223,2830.0,78.61111,2.0
1758077846.47281,39995.0,219.70244,32212.0,176.9485,6156.0,171.0,2942.0,81.72222,2.0
1758077846.48819,39647.0,217.7908,32346.0,177.6846,7440.0,206.66667,2373.0,65.91666,2.0
1758077846.48939,39239.0,215.54955,32447.0,178.23941,8397.0,233.25,1760.0,48.88889,2.0
1758077846.50424,38808.0,213.18198,32517.0,178.62395,8529.0,236.91667,1058.0,29.38889,2.0
1758077846.52025,38371.0,210.78142,32545.0,178.77776,8604.0,239.0,94.0,2.61111,2.0
1758077846.52098,37938.0,208.40283,32535.0,178.72282,8566.0,237.94444,-202.0,-5.61111,2.0
1758077846.53626,37497.0,205.9803,32526.0,178.67339,8677.0,241.02777,-149.0,-4.13889,2.0
1758077846.55196,37060.0,203.57977,32519.0,178.63493,8591.0,238.63889,-158.0,-4.38889,2.0
1758077846.55235,36624.0,201.18471,32509.0,178.58,8575.0,238.19444,-220.0,-6.11111,2.0
1758077846.56826,36199.0,198.85007,32498.0,178.51958,8343.0,231.75,-246.0,-6.83333,2.0
1758077846.56944,35778.0,196.53743,32484.0,178.44267,8322.0,231.16667,-264.0,-7.33333,2.0
1758077846.58621,35367.0,194.27969,32474.0,178.38774,8018.0,222.72223,-146.0,-4.05556,2.0
1758077846.60172,34962.0,192.05495,32470.0,178.36577,7953.0,220.91667,-43.0,-1.19444,2.0
1758077846.60243,34565.0,189.87411,32470.0,178.36577,7683.0,213.41667,4.0,0.11111,2.0
1758077846.62066,34191.0,187.81964,32469.0,178.36028,7158.0,198.83333,-30.0,-0.83333,2.0
1758077846.62084,33858.0,185.99039,32464.0,178.33281,6078.0,168.83333,-154.0,-4.27778,2.0
1758077846.63607,33578.0,184.45227,32458.0,178.29985,5139.0,142.75,-76.0,-2.11111,2.0
1758077846.65201,33333.0,183.10643,32459.0,178.30534,4519.0,125.52778,36.0,1.0,2.0
1758077846.65325,33119.0,181.93086,32462.0,178.32182,4017.0,111.58334,106.0,2.94444,2.0
1758077846.67171,32924.0,180.8597,32477.0,178.40422,3753.0,104.25,542.0,15.05556,2.0
1758077846.67248,32732.0,179.80499,32538.0,178.7393,3874.0,107.61111,1787.0,49.63889,2.0
1758077846.69068,32521.0,178.64592,32672.0,179.47539,4395.0,122.08334,3324.0,92.33334,2.0
1758077846.69149,32278.0,177.31105,32891.0,180.67841,5085.0,141.25,5059.0,140.52777,2.0
1758077846.70772,32003.0,175.80042,33197.0,182.35936,5617.0,156.02777,6731.0,186.97223,2.0
1758077846.70805,31709.0,174.18539,33581.0,184.46875,5909.0,164.13889,8164.0,226.77777,2.0
1758077846.72332,31411.0,172.5484,34020.0,186.88029,5804.0,161.22223,8921.0,247.80556,2.0
1758077846.73941,31136.0,171.03777,34479.0,189.4017,5024.0,139.55556,9204.0,255.66667,2.0
1758077846.74052,30914.0,169.81827,34939.0,191.92857,3811.0,105.86111,8880.0,246.66667,2.0
1758077846.75534,30761.0,168.9778,35374.0,194.31815,2402.0,66.72222,8429.0,234.13889,2.0
1758077846.77178,30677.0,168.51637,35781.0,196.55391,1101.0,30.58333,7780.0,216.11111,2.0
1758077846.77235,30657.0,168.40651,36160.0,198.63583,-54.0,-1.5,7317.0,203.25,2.0
1758077846.78999,30661.0,168.42848,36527.0,200.65187,-66.0,-1.83333,7155.0,198.75,2.0
1758077846.79077,30662.0,168.43398,36885.0,202.61844,0.0,0.0,7051.0,195.86111,2.0
1758077846.80639,30662.0,168.43398,37242.0,204.57953,0.0,0.0,7049.0,195.80556,2.0
1758077846.82178,30662.0,168.43398,37590.0,206.4912,-9.0,-0.25,6627.0,184.08333,2.0
1758077846.82238,30662.0,168.43398,37910.0,208.24902,0.0,0.0,6101.0,169.47223,2.0
1758077846.83946,30665.0,168.45045,38199.0,209.83658,-108.0,-3.0,5341.0,148.36111,2.0
1758077846.8399,30677.0,168.51637,38438.0,211.14946,-308.0,-8.55556,4273.0,118.69444,2.0
1758077846.85537,30699.0,168.63722,38622.0,212.16022,-536.0,-14.88889,3144.0,87.33334,2.0
1758077846.87209,30731.0,168.813,38755.0,212.89081,-678.0,-18.83333,2229.0,61.91667,2.0
1758077846.87319,30767.0,169.01076,38848.0,213.4017,-653.0,-18.13889,1528.0,42.44444,2.0
1758077846.89103,30798.0,169.18105,38906.0,213.72031,-563.0,-15.63889,933.0,25.91667,2.0
1758077846.89174,30825.0,169.32936,38941.0,213.91257,-479.0,-13.30556,532.0,14.77778,2.0
1758077846.90787,30843.0,169.42824,38955.0,213.98947,-243.0,-6.75,99.0,2.75,2.0
1758077846.91077,30850.0,169.46669,38952.0,213.97299,-17.0,-0.47222,-73.0,-2.02778,2.0
1758077846.92644,30849.0,169.4612,38948.0,213.95102,41.0,1.13889,-99.0,-2.75,2.0
1758077846.92775,30848.0,169.4557,38939.0,213.90158,0.0,0.0,-231.0,-6.41667,2.0
1758077846.94351,30848.0,169.4557,38925.0,213.82468,-8.0,-0.22222,-301.0,-8.36111,2.0
1758077846.9594,30849.0,169.4612,38903.0,213.70383,-39.0,-1.08333,-558.0,-15.5,2.0
1758077846.9606,30857.0,169.50514,38862.0,213.47861,-242.0,-6.72222,-1061.0,-29.47222,2.0
1758077846.97549,30882.0,169.64247,38787.0,213.06662,-693.0,-19.25,-1825.0,-50.69444,2.0
1758077846.9767,30935.0,169.93362,38670.0,212.42389,-1326.0,-36.83333,-2701.0,-75.02778,2.0
1758077846.99328,31024.0,170.42252,38507.0,211.52849,-2017.0,-56.02778,-3656.0,-101.55556,2.0
1758077847.01105,31135.0,171.03227,38294.0,210.35844,-2218.0,-61.61111,-4631.0,-128.63889,2.0
1758077847.01183,31244.0,171.63104,38026.0,208.88626,-2088.0,-58.0,-5807.0,-161.30556,2.0
1758077847.02757,31345.0,172.18585,37700.0,207.09544,-1932.0,-53.66667,-6962.0,-193.38889,2.0
1758077847.02823,31444.0,172.72969,37315.0,204.98055,-1961.0,-54.47222,-8090.0,-224.72223,2.0
1758077847.0459,31539.0,173.25154,36910.0,202.75577,-1722.0,-47.83333,-7825.0,-217.36111,2.0
1758077847.04748,31604.0,173.60861,36539.0,200.71779,-861.0,-23.91667,-6904.0,-191.77777,2.0
1758077847.06361,31612.0,173.65256,36212.0,198.92148,343.0,9.52778,-6105.0,-169.58333,2.0
1758077847.07953,31571.0,173.42734,35933.0,197.38887,1156.0,32.11111,-5098.0,-141.61111,2.0
1758077847.0803,31485.0,172.95491,35701.0,196.11443,2120.0,58.88889,-4273.0,-118.69444,2.0
1758077847.09555,31359.0,172.26276,35501.0,195.01579,2772.0,77.0,-3729.0,-103.58334,2.0
1758077847.09705,31209.0,171.43878,35325.0,194.04898,3046.0,84.61111,-3374.0,-93.72222,2.0
1758077847.1133,31061.0,170.62578,35156.0,193.12062,2809.0,78.02778,-3342.0,-92.83334,2.0
1758077847.12954,30935.0,169.93362,34980.0,192.15382,2148.0,59.66667,-3595.0,-99.86111,2.0
1758077847.1315,30853.0,169.48317,34783.0,191.07164,1206.0,33.5,-4141.0,-115.02778,2.0
1758077847.14658,30823.0,169.31837,34558.0,189.83566,92.0,2.55556,-4689.0,-130.25,2.0
1758077847.14729,30834.0,169.3788,34313.0,188.48981,-319.0,-8.86111,-4856.0,-134.88889,2.0
1758077847.16368,30857.0,169.50514,34081.0,187.21538,-484.0,-13.44444,-4340.0,-120.55556,2.0
1758077847.17987,30880.0,169.63148,33880.0,186.11124,-388.0,-10.77778,-3681.0,-102.25,2.0
1758077847.18024,30902.0,169.75233,33710.0,185.1774,-501.0,-13.91667,-3173.0,-88.13889,2.0
1758077847.19557,30940.0,169.96109,33560.0,184.35339,-1023.0,-28.41667,-2847.0,-79.08334,2.0
1758077847.19706,31020.0,170.40054,33416.0,183.56238,-2001.0,-55.58333,-2890.0,-80.27778,2.0
1758077847.21335,31158.0,171.15862,33262.0,182.71642,-3323.0,-92.30556,-3183.0,-88.41666,2.0
1758077847.23116,31368.0,172.31219,33089.0,181.76607,-4806.0,-133.5,-3595.0,-99.86111,2.0
1758077847.23191,31655.0,173.88876,32897.0,180.71138,-6239.0,-173.30556,-3845.0,-106.80556,2.0
1758077847.24867,32009.0,175.83337,32699.0,179.6237,-7554.0,-209.83333,-3887.0,-107.97222,2.0
1758077847.24909,32426.0,178.12405,32511.0,178.59099,-8769.0,-243.58333,-3532.0,-98.11111,2.0
1758077847.26545,32890.0,180.67291,32352.0,177.71756,-9565.0,-265.69446,-2835.0,-78.75,2.0
1758077847.2667,33402.0,183.48546,32232.0,177.05836,-10505.0,-291.80554,-1903.0,-52.86111,2.0
1758077847.28344,33947.0,186.47929,32160.0,176.66284,-11058.0,-307.16666,-1017.0,-28.25,2.0
1758077847.3,34525.0,189.65439,32135.0,176.52551,-11504.0,-319.55554,-135.0,-3.75,2.0
1758077847.30031,35115.0,192.8954,32136.0,176.53101,-11798.0,-327.72223,9.0,0.25,2.0
1758077847.31562,35709.0,196.15837,32136.0,176.53101,-11722.0,-325.61111,4.0,0.11111,2.0
1758077847.31689,36309.0,199.45435,32136.0,176.53101,-11541.0,-320.58334,0.0,0.0,2.0
1758077847.33262,36881.0,202.59647,32136.0,176.53101,-11204.0,-311.22223,0.0,0.0,2.0
1758077847.34904,37438.0,205.6562,32136.0,176.53101,-10870.0,-301.94446,0.0,0.0,2.0
1758077847.34937,37984.0,208.65552,32136.0,176.53101,-10638.0,-295.5,-4.0,-0.11111,2.0
1758077847.36625,38506.0,211.52299,32136.0,176.53101,-10151.0,-281.97223,-4.0,-0.11111,2.0
1758077847.36702,39014.0,214.31357,32135.0,176.52551,-9811.0,-272.52777,-11.0,-0.30556,2.0
1758077847.38343,39489.0,216.92287,32135.0,176.52551,-9090.0,-252.5,0.0,0.0,2.0
1758077847.40007,39915.0,219.26299,32135.0,176.52551,-7891.0,-219.19444,0.0,0.0,2.0
1758077847.4004,40272.0,221.22408,32136.0,176.53101,-6432.0,-178.66667,0.0,0.0,2.0
1758077847.41641,40553.0,222.76767,32138.0,176.54199,-4844.0,-134.55556,50.0,1.38889,2.0
1758077847.41759,40747.0,223.83337,32145.0,176.58044,-3061.0,-85.02778,190.0,5.27778,2.0
1758077847.43611,40853.0,224.41566,32161.0,176.66833,-1407.0,-39.08333,340.0,9.44444,2.0
1758077847.43748,40879.0,224.55849,32179.0,176.76721,89.0,2.47222,355.0,9.86111,2.0
1758077847.45462,40865.0,224.48158,32194.0,176.84962,436.0,12.11111,193.0,5.36111,2.0
1758077847.47159,40831.0,224.2948,32196.0,176.86061,811.0,22.52778,-9.0,-0.25,2.0
1758077847.47281,40782.0,224.02563,32196.0,176.86061,1130.0,31.38889,-12.0,-0.33333,2.0
1758077847.48807,40713.0,223.64661,32196.0,176.86061,1514.0,42.05556,-16.0,-0.44444,2.0
1758077847.48844,40624.0,223.15771,32195.0,176.85512,1937.0,53.80556,-15.0,-0.41667,2.0
1758077847.50561,40513.0,222.54794,32195.0,176.85512,2357.0,65.47222,-9.0,-0.25,2.0
1758077847.52072,40383.0,221.83383,32195.0,176.85512,2776.0,77.11111,0.0,0.0,2.0
1758077847.52151,40232.0,221.00435,32195.0,176.85512,3174.0,88.16666,0.0,0.0,2.0
1758077847.53674,40055.0,220.03203,32197.0,176.8661,3746.0,104.05556,77.0,2.13889,2.0
1758077847.53753,39843.0,218.86748,32209.0,176.93202,4562.0,126.72222,393.0,10.91667,2.0
1758077847.55265,39586.0,217.45572,32241.0,177.1078,5479.0,152.19444,869.0,24.13889,2.0
1758077847.56951,39283.0,215.79124,32305.0,177.45937,6327.0,175.75,1497.0,41.58333,2.0
1758077847.57128,38938.0,213.89609,32374.0,177.83841,7238.0,201.05556,1166.0,32.38889,2.0
1758077847.58678,38543.0,211.72626,32414.0,178.05814,8229.0,228.58333,492.0,13.66667,2.0
1758077847.58816,38121.0,209.40811,32422.0,178.10208,8231.0,228.63889,-128.0,-3.55556,2.0
1758077847.60281,37710.0,207.15038,32417.0,178.07462,7966.0,221.27777,-69.0,-1.91667,2.0
1758077847.61966,37327.0,205.04646,32409.0,178.03067,7215.0,200.41667,-251.0,-6.97222,2.0
1758077847.62033,36985.0,203.16776,32391.0,177.93179,6441.0,178.91667,-428.0,-11.88889,2.0
1758077847.63575,36679.0,201.48683,32362.0,177.77249,5712.0,158.66667,-675.0,-18.75,2.0
1758077847.63722,36414.0,200.03113,32318.0,177.53078,4916.0,136.55556,-956.0,-26.55556,2.0
1758077847.65282,36181.0,198.75119,32269.0,177.26161,4397.0,122.13889,-940.0,-26.11111,2.0
1758077847.66874,35963.0,197.55367,32230.0,177.04738,4183.0,116.19444,-634.0,-17.61111,2.0
1758077847.66978,35749.0,196.37813,32209.0,176.93202,4317.0,119.91666,-255.0,-7.08333,2.0
1758077847.6864,35521.0,195.12566,32208.0,176.92653,4737.0,131.58333,106.0,2.94444,2.0
1758077847.68774,35265.0,193.71939,32211.0,176.94301,5321.0,147.80556,26.0,0.72222,2.0
1758077847.70397,34982.0,192.16481,32213.0,176.95399,5719.0,158.86111,28.0,0.77778,2.0
1758077847.71979,34684.0,190.5278,32214.0,176.95949,6011.0,166.97223,26.0,0.72222,2.0
1758077847.72099,34371.0,188.80841,32218.0,176.98146,6359.0,176.63889,95.0,2.63889,2.0
1758077847.73577,34037.0,186.97368,32230.0,177.04738,6755.0,187.63889,408.0,11.33333,2.0
1758077847.73738,33688.0,185.05655,32268.0,177.25612,6960.0,193.33333,1111.0,30.86111,2.0
1758077847.75928,33335.0,183.11742,32351.0,177.71207,7001.0,194.47223,2065.0,57.36111,2.0
1758077847.76173,32980.0,181.16731,32485.0,178.44817,6972.0,193.66667,3092.0,85.88889,2.0
1758077847.77682,32632.0,179.25566,32676.0,179.49736,6820.0,189.44444,4265.0,118.47222,2.0
1758077847.77938,32289.0,177.37148,32929.0,180.88716,6744.0,187.33333,5515.0,153.19444,2.0
1758077847.79488,31953.0,175.52576,33241.0,182.60106,6513.0,180.91667,6633.0,184.25,2.0
1758077847.81167,31634.0,173.77341,33602.0,184.58411,6145.0,170.69444,7447.0,206.86111,2.0
1758077847.81243,31335.0,172.13092,33995.0,186.74297,5658.0,157.16667,7954.0,220.94444,2.0
1758077847.81913,31073.0,170.6917,34404.0,188.98969,4752.0,132.0,8238.0,228.83333,2.0
1758077847.83645,30865.0,169.54909,34821.0,191.28038,3591.0,99.75,8220.0,228.33333,2.0
1758077847.83719,30716.0,168.73061,35233.0,193.54361,2439.0,67.75,8110.0,225.27777,2.0
1758077847.85715,30624.0,168.22522,35648.0,195.82329,1339.0,37.19444,8180.0,227.22223,2.0
1758077847.85954,30580.0,167.98352,36063.0,198.103,497.0,13.80556,8268.0,229.66667,2.0
1758077847.8764,30575.0,167.95605,36492.0,200.45961,-64.0,-1.77778,8653.0,240.36111,2.0
1758077847.87756,30576.0,167.96155,36931.0,202.87112,0.0,0.0,8780.0,243.88889,2.0
1758077847.89281,30581.0,167.98901,37375.0,205.31013,-140.0,-3.88889,8785.0,244.02777,2.0
1758077847.91057,30590.0,168.03845,37805.0,207.67224,-263.0,-7.30556,8346.0,231.83333,2.0
1758077847.91123,30612.0,168.1593,38211.0,209.9025,-522.0,-14.5,7733.0,214.80556,2.0
1758077847.92691,30652.0,168.37903,38575.0,211.90204,-974.0,-27.05556,6706.0,186.27777,2.0
1758077847.92804,30720.0,168.75258,38886.0,213.61044,-1608.0,-44.66667,5760.0,160.0,2.0
1758077847.94614,30818.0,169.29091,39151.0,215.06615,-2122.0,-58.94444,4864.0,135.11111,2.0
1758077847.94759,30936.0,169.93912,39372.0,216.28017,-2445.0,-67.91666,3953.0,109.80556,2.0
1758077847.96561,31066.0,170.65324,39550.0,217.25795,-2612.0,-72.55556,3235.0,89.86111,2.0
1758077847.98086,31197.0,171.37286,39700.0,218.08194,-2520.0,-70.0,2752.0,76.44444,2.0
1758077847.98166,31320.0,172.04852,39828.0,218.78508,-2292.0,-63.66667,2410.0,66.94444,2.0
1758077847.99726,31427.0,172.63631,39939.0,219.39482,-1970.0,-54.72222,2028.0,56.33333,2.0
1758077847.99962,31520.0,173.14717,40030.0,219.8947,-1680.0,-46.66667,1571.0,43.63889,2.0
1758077848.02018,31595.0,173.55917,40094.0,220.24629,-1376.0,-38.22222,997.0,27.69444,2.0
1758077848.0205,31658.0,173.90524,40123.0,220.40559,-1200.0,-33.33333,242.0,6.72222,2.0
1758077848.03698,31718.0,174.23483,40115.0,220.36165,-1244.0,-34.55556,-380.0,-10.55556,2.0
1758077848.04165,31789.0,174.62485,40077.0,220.15291,-1441.0,-40.02778,-1087.0,-30.19444,2.0
1758077848.05704,31863.0,175.03136,39996.0,219.70793,-1458.0,-40.5,-2047.0,-56.86111,2.0
1758077848.05943,31934.0,175.42137,39865.0,218.98833,-1306.0,-36.27778,-2981.0,-82.80556,2.0
1758077848.07496,31994.0,175.75098,39690.0,218.02701,-1063.0,-29.52778,-3811.0,-105.86111,2.0
1758077848.09174,32039.0,175.99817,39470.0,216.8185,-781.0,-21.69444,-4767.0,-132.41667,2.0
1758077848.09288,32068.0,176.15747,39193.0,215.29686,-420.0,-11.66667,-6022.0,-167.27777,2.0
1758077848.10872,32086.0,176.25635,38851.0,213.41818,-311.0,-8.63889,-7290.0,-202.5,2.0
1758077848.11011,32101.0,176.33875,38461.0,211.2758,-312.0,-8.66667,-8018.0,-222.72223,2.0
1758077848.12573,32110.0,176.38818,38046.0,208.99612,2.0,0.05556,-8202.0,-227.83333,2.0
1758077848.12703,32099.0,176.32776,37644.0,206.78783,392.0,10.88889,-7664.0,-212.88889,2.0
1758077848.14295,32060.0,176.11353,37266.0,204.71138,1120.0,31.11111,-7239.0,-201.08333,2.0
1758077848.159,31975.0,175.64661,36927.0,202.84915,2077.0,57.69444,-6238.0,-173.27777,2.0
1758077848.16015,31846.0,174.93797,36638.0,201.26161,2881.0,80.02778,-5324.0,-147.88889,2.0
1758077848.17506,31683.0,174.04257,36388.0,199.88831,3418.0,94.94444,-4698.0,-130.5,2.0
1758077848.19181,31506.0,173.07027,36162.0,198.64682,3533.0,98.13889,-4397.0,-122.13889,2.0
1758077848.19388,31337.0,172.14191,35937.0,197.41084,3111.0,86.41666,-4584.0,-127.33334,2.0
1758077848.209,31205.0,171.41681,35688.0,196.04301,2177.0,60.47222,-5259.0,-146.08333,2.0
1758077848.21088,31131.0,171.0103,35402.0,194.47195,956.0,26.55556,-5848.0,-162.44444,2.0
1758077848.22602,31115.0,170.92241,35106.0,192.84596,-108.0,-3.0,-5752.0,-159.77777,2.0
1758077848.22754,31130.0,171.00481,34820.0,191.27489,-427.0,-11.86111,-5625.0,-156.25,2.0
1758077848.24543,31158.0,171.15862,34536.0,189.71481,-721.0,-20.02778,-5614.0,-155.94444,2.0
1758077848.261,31216.0,171.47723,34256.0,188.1767,-1560.0,-43.33333,-5458.0,-151.61111,2.0
1758077848.26201,31324.0,172.0705,33979.0,186.65508,-2585.0,-71.80556,-5516.0,-153.22223,2.0
1758077848.27704,31488.0,172.97139,33692.0,185.07852,-3757.0,-104.36111,-5799.0,-161.08333,2.0
1758077848.27819,31710.0,174.19089,33398.0,183.46349,-4865.0,-135.13889,-5674.0,-157.61111,2.0
1758077848.29544,31988.0,175.71802,33125.0,181.96382,-5961.0,-165.58333,-5170.0,-143.61111,2.0
1758077848.31112,32321.0,177.54727,32876.0,180.59601,-7043.0,-195.63889,-4684.0,-130.11111,2.0
1758077848.31185,32706.0,179.66217,32657.0,179.39299,-7987.0,-221.86111,-3959.0,-109.97222,2.0
1758077848.32866,33140.0,182.04622,32481.0,178.42619,-9115.0,-253.19444,-3088.0,-85.77778,2.0
1758077848.32997,33628.0,184.72693,32349.0,177.70108,-10001.0,-277.80554,-2268.0,-63.0,2.0
1758077848.34586,34169.0,187.69878,32253.0,177.17372,-10979.0,-304.97223,-1592.0,-44.22222,2.0
1758077848.34798,34742.0,190.84642,32189.0,176.82214,-11556.0,-321.0,-1081.0,-30.02778,2.0
1758077848.36657,35343.0,194.14786,32151.0,176.6134,-11987.0,-332.97223,-527.0,-14.63889,2.0
1758077848.36728,35958.0,197.5262,32141.0,176.55847,-12304.0,-341.77777,-3.0,-0.08333,2.0
1758077848.3859,36578.0,200.93202,32141.0,176.55847,-12197.0,-338.80554,0.0,0.0,2.0
1758077848.40116,37195.0,204.32135,32141.0,176.55847,-12131.0,-336.97223,0.0,0.0,2.0
1758077848.40227,37808.0,207.68872,32141.0,176.55847,-12134.0,-337.05554,0.0,0.0,2.0
1758077848.4171,38413.0,211.01213,32141.0,176.55847,-11780.0,-327.22223,-28.0,-0.77778,2.0
1758077848.41788,39003.0,214.25314,32137.0,176.5365,-11449.0,-318.02777,-106.0,-2.94444,2.0
1758077848.43387,39559.0,217.3074,32135.0,176.52551,-10638.0,-295.5,0.0,0.0,2.0
1758077848.45209,40058.0,220.04851,32135.0,176.52551,-9192.0,-255.33333,0.0,0.0,2.0
1758077848.45241,40482.0,222.37766,32135.0,176.52551,-7685.0,-213.47223,0.0,0.0,2.0
1758077848.46812,40818.0,224.22339,32136.0,176.53101,-5820.0,-161.66667,0.0,0.0,2.0
1758077848.46927,41058.0,225.54176,32137.0,176.5365,-3943.0,-109.52778,4.0,0.11111,2.0
1758077848.48577,41206.0,226.35477,32138.0,176.54199,-2183.0,-60.63889,0.0,0.0,2.0
1758077848.50193,41270.0,226.70633,32138.0,176.54199,-555.0,-15.41667,0.0,0.0,2.0
1758077848.50356,41264.0,226.67337,32138.0,176.54199,342.0,9.5,0.0,0.0,2.0
1758077848.52025,41231.0,226.4921,32138.0,176.54199,892.0,24.77778,0.0,0.0,2.0
1758077848.52065,41170.0,226.15701,32138.0,176.54199,1419.0,39.41667,0.0,0.0,2.0
1758077848.53616,41079.0,225.65712,32138.0,176.54199,2076.0,57.66667,0.0,0.0,2.0
1758077848.5401,40955.0,224.97597,32138.0,176.54199,2737.0,76.02778,0.0,0.0,2.0
1758077848.55595,40795.0,224.09705,32138.0,176.54199,3476.0,96.55556,-4.0,-0.11111,2.0
1758077848.5583,40598.0,223.01489,32139.0,176.54749,4203.0,116.75,12.0,0.33333,2.0
1758077848.5766,40367.0,221.74594,32142.0,176.56396,4897.0,136.02777,110.0,3.05556,2.0
1758077848.57786,40101.0,220.28474,32156.0,176.64087,5553.0,154.25,472.0,13.11111,2.0
1758077848.59555,39800.0,218.63126,32195.0,176.85512,6281.0,174.47223,974.0,27.05556,2.0
1758077848.61123,39456.0,216.74159,32256.0,177.1902,7173.0,199.25,1382.0,38.38889,2.0
1758077848.61195,39073.0,214.63768,32323.0,177.55826,7825.0,217.36111,1160.0,32.22222,2.0
1758077848.62719,38650.0,212.31403,32355.0,177.73404,8767.0,243.52777,198.0,5.5,2.0
1758077848.62971,38192.0,209.79813,32350.0,177.70657,9015.0,250.41667,-177.0,-4.91667,2.0
1758077848.64727,37741.0,207.32066,32338.0,177.64066,8803.0,244.52777,-322.0,-8.94444,2.0
1758077848.64838,37315.0,204.98055,32317.0,177.52528,8016.0,222.66667,-545.0,-15.13889,2.0
1758077848.66402,36933.0,202.88211,32279.0,177.31654,7285.0,202.36111,-874.0,-24.27778,2.0
1758077848.68025,36588.0,200.98695,32226.0,177.02541,6437.0,178.80556,-1159.0,-32.19444,2.0
1758077848.68142,36276.0,199.27307,32159.0,176.65735,5863.0,162.86111,-1403.0,-38.97222,2.0
1758077848.69705,35989.0,197.6965,32090.0,176.27832,5619.0,156.08333,-1304.0,-36.22222,2.0
1758077848.69819,35708.0,196.15288,32029.0,175.94324,5506.0,152.94444,-1063.0,-29.52778,2.0
1758077848.71327,35425.0,194.5983,31994.0,175.75098,5688.0,158.0,-405.0,-11.25,2.0
1758077848.73202,35121.0,192.92836,31992.0,175.73999,6292.0,174.77777,159.0,4.41667,2.0
1758077848.73236,34786.0,191.08812,31998.0,175.77295,6805.0,189.02777,56.0,1.55556,2.0
1758077848.73939,34433.0,189.14902,31999.0,175.77844,7070.0,196.38889,19.0,0.52778,2.0
1758077848.75657,34075.0,187.18242,32000.0,175.78394,7041.0,195.58333,0.0,0.0,2.0
1758077848.75768,33725.0,185.2598,32000.0,175.78394,6775.0,188.19444,0.0,0.0,2.0
1758077848.77329,33390.0,183.41954,32000.0,175.78394,6562.0,182.27777,9.0,0.25,2.0
1758077848.78929,33061.0,181.61226,32004.0,175.80591,6417.0,178.25,185.0,5.13889,2.0
1758077848.79041,32747.0,179.88739,32029.0,175.94324,6034.0,167.61111,809.0,22.47222,2.0
1758077848.80608,32447.0,178.23941,32098.0,176.32227,5845.0,162.36111,1782.0,49.5,2.0
1758077848.81087,32152.0,176.6189,32224.0,177.01442,5824.0,161.77777,3021.0,83.91666,2.0
1758077848.82628,31862.0,175.02586,32418.0,178.08011,5651.0,156.97223,4435.0,123.19444,2.0
1758077848.82927,31582.0,173.48776,32687.0,179.55779,5477.0,152.13889,5935.0,164.86111,2.0
1758077848.84614,31309.0,171.9881,33027.0,181.42549,5242.0,145.61111,7248.0,201.33333,2.0
1758077848.849,31057.0,170.60381,33420.0,183.58435,4719.0,131.08333,8144.0,226.22223,2.0
1758077848.86671,30841.0,169.41725,33854.0,185.96841,3915.0,108.75,8726.0,242.38889,2.0
1758077848.86757,30670.0,168.47792,34303.0,188.43488,2954.0,82.05556,8916.0,247.66667,2.0
1758077848.88337,30552.0,167.82971,34758.0,190.93431,1918.0,53.27778,8963.0,248.97223,2.0
1758077848.88853,30485.0,167.46165,35208.0,193.40628,913.0,25.36111,8832.0,245.33333,2.0
1758077848.90672,30460.0,167.32433,35662.0,195.90019,174.0,4.83333,8953.0,248.69444,2.0
1758077848.90787,30461.0,167.32982,36115.0,198.38864,-15.0,-0.41667,8959.0,248.86111,2.0
1758077848.9238,30461.0,167.32982,36574.0,200.91005,0.0,0.0,9032.0,250.88889,2.0
1758077848.92789,30461.0,167.32982,37026.0,203.39301,0.0,0.0,8861.0,246.13889,2.0
1758077848.94391,30466.0,167.35728,37466.0,205.81001,-160.0,-4.44444,8403.0,233.41667,2.0
1758077848.95972,30474.0,167.40123,37869.0,208.0238,-127.0,-3.52778,7638.0,212.16667,2.0
1758077848.96006,30487.0,167.47264,38233.0,210.02335,-374.0,-10.38889,6662.0,185.05556,2.0
1758077848.97693,30517.0,167.63744,38533.0,211.67133,-774.0,-21.5,5352.0,148.66667,2.0
1758077848.97974,30569.0,167.9231,38767.0,212.95673,-1215.0,-33.75,4126.0,114.61111,2.0
1758077848.99533,30641.0,168.3186,38946.0,213.94003,-1491.0,-41.41667,3144.0,87.33334,2.0
1758077849.01133,30722.0,168.76357,39079.0,214.67064,-1632.0,-45.33333,2287.0,63.52778,2.0
1758077849.01545,30804.0,169.214,39176.0,215.20348,-1565.0,-43.47222,1690.0,46.94444,2.0
1758077849.03546,30881.0,169.63698,39247.0,215.59349,-1374.0,-38.16667,1210.0,33.61111,2.0
1758077849.03719,30944.0,169.98306,39296.0,215.86269,-1101.0,-30.58333,862.0,23.94444,2.0
1758077849.04039,30993.0,170.25223,39331.0,216.05495,-832.0,-23.11111,560.0,15.55556,2.0
1758077849.0564,31025.0,170.42801,39347.0,216.14284,-484.0,-13.44444,112.0,3.11111,2.0
1758077849.06035,31043.0,170.5269,39343.0,216.12086,-282.0,-7.83333,-165.0,-4.58333,2.0
1758077849.07728,31055.0,170.59282,39329.0,216.04396,-207.0,-5.75,-384.0,-10.66667,2.0
1758077849.07773,31068.0,170.66423,39298.0,215.87367,-335.0,-9.30556,-771.0,-21.41667,2.0
1758077849.09707,31095.0,170.81255,39239.0,215.54955,-693.0,-19.25,-1520.0,-42.22222,2.0
1758077849.09959,31144.0,171.08171,39133.0,214.96727,-1165.0,-32.36111,-2494.0,-69.27778,2.0
1758077849.11732,31214.0,171.46625,38978.0,214.11581,-1549.0,-43.02778,-3487.0,-96.86111,2.0
1758077849.11774,31294.0,171.9057,38774.0,212.99518,-1552.0,-43.11111,-4388.0,-121.88889,2.0
1758077849.13509,31367.0,172.3067,38527.0,211.63835,-1372.0,-38.11111,-5271.0,-146.41667,2.0
1758077849.15473,31429.0,172.64729,38225.0,209.9794,-1120.0,-31.11111,-6540.0,-181.66667,2.0
1758077849.15508,31483.0,172.94392,37860.0,207.97437,-1041.0,-28.91667,-7694.0,-213.72223,2.0
1758077849.1712,31535.0,173.22957,37457.0,205.76057,-929.0,-25.80556,-8146.0,-226.27777,2.0
1758077849.17238,31571.0,173.42734,37050.0,203.52484,-444.0,-12.33333,-7862.0,-218.38889,2.0
1758077849.19156,31572.0,173.43283,36680.0,201.49232,253.0,7.02778,-6945.0,-192.91667,2.0
1758077849.19347,31538.0,173.24605,36350.0,199.67957,1073.0,29.80556,-6201.0,-172.25,2.0
1758077849.20946,31454.0,172.78462,36064.0,198.10849,2043.0,56.75,-5216.0,-144.88889,2.0
1758077849.2119,31327.0,172.08698,35826.0,196.8011,2823.0,78.41666,-4341.0,-120.58334,2.0
1758077849.22917,31170.0,171.22455,35622.0,195.68047,3259.0,90.52778,-3787.0,-105.19444,2.0
1758077849.23184,31004.0,170.31265,35436.0,194.65872,3212.0,89.22222,-3588.0,-99.66666,2.0
1758077849.24943,30856.0,169.49965,35254.0,193.65897,2628.0,73.0,-3623.0,-100.63889,2.0
1758077849.25075,30748.0,168.90639,35066.0,192.62624,1715.0,47.63889,-3825.0,-106.25,2.0
1758077849.26655,30691.0,168.59328,34866.0,191.52757,684.0,19.0,-4028.0,-111.88889,2.0
1758077849.27141,30684.0,168.55482,34667.0,190.43442,-71.0,-1.97222,-3814.0,-105.94444,2.0
1758077849.28654,30689.0,168.58229,34484.0,189.42917,-146.0,-4.05556,-3440.0,-95.55556,2.0
1758077849.28779,30702.0,168.6537,34319.0,188.52277,-328.0,-9.11111,-3107.0,-86.30556,2.0
1758077849.30682,30731.0,168.813,34167.0,187.68779,-812.0,-22.55556,-2876.0,-79.88889,2.0
1758077849.3087,30795.0,169.16457,34021.0,186.88579,-1646.0,-45.72222,-2929.0,-81.36111,2.0
1758077849.32608,30913.0,169.81277,33862.0,186.01236,-2856.0,-79.33334,-3315.0,-92.08334,2.0
1758077849.34156,31099.0,170.83452,33685.0,185.04007,-4293.0,-119.25,-3674.0,-102.05556,2.0
1758077849.3423,31359.0,172.26276,33494.0,183.99084,-5753.0,-159.80556,-3843.0,-106.75,2.0
1758077849.35945,31688.0,174.07004,33302.0,182.93614,-7020.0,-195.0,-3725.0,-103.47222,2.0
1758077849.36106,32082.0,176.23438,33121.0,181.94185,-8185.0,-227.36111,-3373.0,-93.69444,2.0
1758077849.3809,32530.0,178.69536,32963.0,181.07393,-9205.0,-255.69444,-2875.0,-79.86111,2.0
1758077849.38124,33014.0,181.35408,32838.0,180.38727,-9883.0,-274.52777,-2177.0,-60.47222,2.0
1758077849.39652,33537.0,184.22705,32748.0,179.89288,-10505.0,-291.80554,-1433.0,-39.80556,2.0
1758077849.4005,34081.0,187.21538,32695.0,179.60173,-11030.0,-306.38889,-768.0,-21.33333,2.0
1758077849.4156,34642.0,190.29709,32674.0,179.48637,-11013.0,-305.91666,-147.0,-4.08333,2.0
1758077849.43745,35207.0,193.40079,32674.0,179.48637,-11253.0,-312.58334,0.0,0.0,2.0
1758077849.43947,35767.0,196.47701,32674.0,179.48637,-11023.0,-306.19446,0.0,0.0,2.0
1758077849.44326,36323.0,199.53125,32674.0,179.48637,-10820.0,-300.55554,0.0,0.0,2.0
1758077849.45937,36861.0,202.4866,32674.0,179.48637,-10558.0,-293.27777,0.0,0.0,2.0
1758077849.46012,37388.0,205.38155,32674.0,179.48637,-10246.0,-284.61111,-9.0,-0.25,2.0
1758077849.47563,37907.0,208.23254,32672.0,179.47539,-10257.0,-284.91666,-57.0,-1.58333,2.0
1758077849.49162,38409.0,210.99016,32667.0,179.44792,-9772.0,-271.44446,-148.0,-4.11111,2.0
1758077849.49438,38899.0,213.68185,32650.0,179.35454,-9509.0,-264.13889,-503.0,-13.97222,2.0
1758077849.51043,39367.0,216.2527,32615.0,179.16228,-9058.0,-251.61111,-869.0,-24.13889,2.0
1758077849.51118,39804.0,218.65323,32567.0,178.89861,-8105.0,-225.13889,-966.0,-26.83333,2.0
1758077849.52846,40178.0,220.70772,32519.0,178.63493,-6894.0,-191.5,-907.0,-25.19444,2.0
1758077849.53093,40488.0,222.41061,32478.0,178.40971,-5519.0,-153.30556,-766.0,-21.27778,2.0
1758077849.54668,40723.0,223.70154,32445.0,178.22842,-3957.0,-109.91666,-556.0,-15.44444,2.0
1758077849.54867,40875.0,224.53651,32422.0,178.10208,-2348.0,-65.22222,-367.0,-10.19444,2.0
1758077849.56697,40950.0,224.9485,32407.0,178.01968,-893.0,-24.80556,-228.0,-6.33333,2.0
1758077849.56813,40964.0,225.02541,32398.0,177.97025,53.0,1.47222,-218.0,-6.05556,2.0
1758077849.5853,40960.0,225.00343,32379.0,177.86588,81.0,2.25,-510.0,-14.16667,2.0
1758077849.60063,40952.0,224.95949,32342.0,177.66263,247.0,6.86111,-942.0,-26.16667,2.0
1758077849.60181,40931.0,224.84413,32286.0,177.355,548.0,15.22222,-1200.0,-33.33333,2.0
1758077849.61661,40889.0,224.61342,32224.0,177.01442,1031.0,28.63889,-1239.0,-34.41667,2.0
1758077849.64579,40816.0,224.2124,32160.0,176.66284,1732.0,48.11111,-1203.0,-33.41667,2.0
1758077849.6468,40705.0,223.60266,32106.0,176.36621,2546.0,70.72222,-960.0,-26.66667,2.0
1758077849.64958,40549.0,222.7457,32066.0,176.14648,3496.0,97.11111,-658.0,-18.27778,2.0
1758077849.65207,40347.0,221.63608,32041.0,176.00916,4360.0,121.11111,-359.0,-9.97222,2.0
1758077849.66767,40102.0,220.29024,32036.0,175.98169,5237.0,145.47223,114.0,3.16667,2.0
1758077849.66844,39813.0,218.70268,32055.0,176.08606,6121.0,170.02777,555.0,15.41667,2.0
1758077849.68605,39475.0,216.84596,32098.0,176.32227,7091.0,196.97223,1067.0,29.63889,2.0
1758077849.70165,39092.0,214.74205,32165.0,176.69031,7879.0,218.86111,1383.0,38.41667,2.0
1758077849.70243,38660.0,212.36896,32226.0,177.02541,8882.0,246.72223,858.0,23.83333,2.0
1758077849.71768,38189.0,209.78165,32244.0,177.12428,9543.0,265.08334,15.0,0.41667,2.0
1758077849.71962,37710.0,207.15038,32237.0,177.08583,9314.0,258.72223,-155.0,-4.30556,2.0
1758077849.73473,37261.0,204.68391,32226.0,177.02541,8374.0,232.61111,-319.0,-8.86111,2.0
1758077849.75191,36864.0,202.50308,32200.0,176.88258,7468.0,207.44444,-727.0,-20.19444,2.0
1758077849.75226,36517.0,200.59694,32154.0,176.62988,6404.0,177.88889,-998.0,-27.72222,2.0
1758077849.76884,36218.0,198.95444,32100.0,176.33325,5586.0,155.16667,-1119.0,-31.08333,2.0
1758077849.76918,35952.0,197.49324,32042.0,176.01465,5023.0,139.52777,-1129.0,-31.36111,2.0
1758077849.78583,35708.0,196.15288,31996.0,175.76196,4687.0,130.19444,-699.0,-19.41667,2.0
1758077849.80169,35469.0,194.84001,31977.0,175.65759,4746.0,131.83333,-109.0,-3.02778,2.0
1758077849.80251,35215.0,193.44473,31984.0,175.69604,5249.0,145.80556,169.0,4.69444,2.0
1758077849.8178,34938.0,191.92308,31996.0,175.76196,5588.0,155.22223,317.0,8.80556,2.0
1758077849.8195,34649.0,190.33554,32020.0,175.8938,5806.0,161.27777,596.0,16.55556,2.0
1758077849.83691,34344.0,188.6601,32061.0,176.11902,6245.0,173.47223,978.0,27.16667,2.0
1758077849.85218,34007.0,186.80888,32125.0,176.47058,6976.0,193.77777,1530.0,42.5,2.0
1758077849.85506,33640.0,184.79285,32229.0,177.04189,7397.0,205.47223,2451.0,68.08334,2.0
1758077849.87172,33255.0,182.67796,32384.0,177.89334,7759.0,215.52777,3499.0,97.19444,2.0
1758077849.87699,32866.0,180.54108,32588.0,179.01396,7588.0,210.77777,4445.0,123.47222,2.0
1758077849.89177,32495.0,178.5031,32836.0,180.37628,7110.0,197.5,5236.0,145.44444,2.0
1758077849.8967,32149.0,176.60242,33117.0,181.91988,6567.0,182.41667,5791.0,160.86111,2.0
1758077849.9122,31842.0,174.916,33425.0,183.61182,5692.0,158.11111,6311.0,175.30556,2.0
1758077849.91511,31576.0,173.4548,33759.0,185.44656,4914.0,136.5,6807.0,189.08333,2.0
1758077850.0007,31348.0,172.20233,34110.0,187.37468,4197.0,116.58334,7045.0,195.69444,2.0
1758077850.00192,31158.0,171.15862,34481.0,189.41269,3375.0,93.75,7527.0,209.08333,2.0
1758077850.00265,31008.0,170.33463,34875.0,191.57701,2603.0,72.30556,7945.0,220.69444,2.0
1758077850.00387,30898.0,169.73036,35285.0,193.82925,1795.0,49.86111,8315.0,230.97223,2.0
1758077850.00684,30829.0,169.35133,35715.0,196.19136,1036.0,28.77778,8567.0,237.97223,2.0
1758077850.00879,30804.0,169.214,36153.0,198.59738,85.0,2.36111,8723.0,242.30556,2.0
1758077850.00979,30808.0,169.23598,36607.0,201.09132,-82.0,-2.27778,8790.0,244.16667,2.0
1758077850.01095,30813.0,169.26344,37050.0,203.52484,-128.0,-3.55556,8721.0,242.25,2.0
1758077850.01412,30821.0,169.30739,37492.0,205.95284,-174.0,-4.83333,8608.0,239.11111,2.0
1758077850.01682,30831.0,169.36232,37917.0,208.28748,-189.0,-5.25,8210.0,228.05556,2.0
1758077850.01961,30847.0,169.45021,38315.0,210.4738,-435.0,-12.08333,7529.0,209.13889,2.0
1758077850.03585,30875.0,169.60402,38666.0,212.40192,-600.0,-16.66667,6532.0,181.44444,2.0
1758077850.05189,30918.0,169.84024,38971.0,214.07736,-985.0,-27.36111,5632.0,156.44444,2.0
1758077850.05336,30983.0,170.1973,39224.0,215.46715,-1524.0,-42.33333,4557.0,126.58334,2.0
1758077850.06882,31071.0,170.68071,39422.0,216.55482,-1880.0,-52.22222,3445.0,95.69444,2.0
1758077850.06967,31174.0,171.24652,39567.0,217.35135,-2093.0,-58.13889,2487.0,69.08334,2.0
1758077850.08639,31284.0,171.85077,39670.0,217.91714,-2180.0,-60.55556,1711.0,47.52778,2.0
1758077850.10181,31392.0,172.44403,39737.0,218.28519,-2052.0,-57.0,1089.0,30.25,2.0
1758077850.10327,31489.0,172.97688,39775.0,218.49393,-1787.0,-49.63889,545.0,15.13889,2.0
1758077850.12048,31568.0,173.41086,39788.0,218.56534,-1364.0,-37.88889,96.0,2.66667,2.0
1758077850.12156,31628.0,173.74045,39785.0,218.54886,-999.0,-27.75,-104.0,-2.88889,2.0
1758077850.13722,31669.0,173.96567,39774.0,218.48843,-658.0,-18.27778,-352.0,-9.77778,2.0
1758077850.13836,31692.0,174.09201,39746.0,218.33463,-350.0,-9.72222,-706.0,-19.61111,2.0
1758077850.15499,31706.0,174.16891,39694.0,218.04898,-228.0,-6.33333,-1320.0,-36.66667,2.0
1758077850.1717,31723.0,174.2623,39607.0,217.57108,-431.0,-11.97222,-2045.0,-56.80556,2.0
1758077850.17278,31757.0,174.44907,39481.0,216.87892,-813.0,-22.58333,-2866.0,-79.61111,2.0
1758077850.18809,31806.0,174.71823,39305.0,215.91212,-1068.0,-29.66667,-3910.0,-108.61111,2.0
1758077850.18917,31859.0,175.00938,39081.0,214.68163,-961.0,-26.69444,-4801.0,-133.36111,2.0
1758077850.20584,31899.0,175.22911,38815.0,213.22043,-561.0,-15.58333,-5556.0,-154.33333,2.0
1758077850.22182,31913.0,175.30602,38508.0,211.53398,-26.0,-0.72222,-6504.0,-180.66667,2.0
1758077850.22336,31907.0,175.27306,38144.0,209.53445,137.0,3.80556,-7689.0,-213.58333,2.0
1758077850.2397,31904.0,175.25658,37737.0,207.29869,36.0,1.0,-8243.0,-228.97223,2.0
1758077850.24088,31900.0,175.2346,37328.0,205.05196,205.0,5.69444,-7964.0,-221.22223,2.0
1758077850.25595,31870.0,175.06981,36948.0,202.96451,878.0,24.38889,-7044.0,-195.66667,2.0
1758077850.27184,31800.0,174.68527,36621.0,201.16823,1807.0,50.19444,-6053.0,-168.13889,2.0
1758077850.27367,31678.0,174.01511,36341.0,199.63013,2835.0,78.75,-5116.0,-142.11111,2.0
1758077850.29088,31508.0,173.08125,36108.0,198.35019,3718.0,103.27778,-4250.0,-118.05556,2.0
1758077850.29125,31307.0,171.97711,35910.0,197.26253,4066.0,112.94444,-3693.0,-102.58334,2.0
1758077850.30696,31106.0,170.87297,35730.0,196.27376,3811.0,105.86111,-3534.0,-98.16666,2.0
1758077850.30773,30934.0,169.92813,35542.0,195.24101,3006.0,83.5,-3843.0,-106.75,2.0
1758077850.32561,30813.0,169.26344,35331.0,194.08194,1868.0,51.88889,-4438.0,-123.27778,2.0
1758077850.34172,30758.0,168.96132,35086.0,192.7361,511.0,14.19444,-5076.0,-141.0,2.0
1758077850.34258,30762.0,168.98329,34823.0,191.29137,-307.0,-8.52778,-5182.0,-143.94444,2.0
1758077850.35879,30786.0,169.11513,34572.0,189.91257,-602.0,-16.72222,-4811.0,-133.63889,2.0
1758077850.36035,30823.0,169.31837,34340.0,188.63812,-875.0,-24.30556,-4441.0,-123.36111,2.0
1758077850.37599,30878.0,169.6205,34125.0,187.45708,-1214.0,-33.72222,-4177.0,-116.02778,2.0
1758077850.39193,30958.0,170.05997,33917.0,186.31448,-1934.0,-53.72222,-4101.0,-113.91666,2.0
1758077850.39261,31087.0,170.7686,33704.0,185.14444,-2993.0,-83.13889,-4342.0,-120.61111,2.0
1758077850.41117,31272.0,171.78485,33479.0,183.90845,-4214.0,-117.05556,-4555.0,-126.52778,2.0
1758077850.41191,31520.0,173.14717,33249.0,182.645,-5447.0,-151.30556,-4517.0,-125.47222,2.0
1758077850.43122,31825.0,174.82262,33024.0,181.40901,-6457.0,-179.36111,-4373.0,-121.47222,2.0
1758077850.43193,32186.0,176.80566,32813.0,180.24994,-7655.0,-212.63889,-4009.0,-111.36111,2.0
1758077850.45392,32600.0,179.07988,32628.0,179.23369,-8535.0,-237.08333,-3328.0,-92.44444,2.0
1758077850.45425,33058.0,181.59578,32480.0,178.4207,-9454.0,-262.61111,-2545.0,-70.69444,2.0
1758077850.47001,33564.0,184.37537,32374.0,177.83841,-10305.0,-286.25,-1755.0,-48.75,2.0
1758077850.47085,34106.0,187.35271,32302.0,177.44289,-11075.0,-307.63889,-1167.0,-32.41667,2.0
1758077850.48702,34676.0,190.48386,32261.0,177.21767,-11325.0,-314.58334,-548.0,-15.22222,2.0
1758077850.48978,35260.0,193.69193,32253.0,177.17372,-11607.0,-322.41666,37.0,1.02778,2.0
1758077850.50703,35845.0,196.90547,32253.0,177.17372,-11656.0,-323.77777,0.0,0.0,2.0
1758077850.50979,36426.0,200.09705,32253.0,177.17372,-11222.0,-311.72223,0.0,0.0,2.0
1758077850.52582,36991.0,203.20071,32253.0,177.17372,-11108.0,-308.55554,0.0,0.0,2.0
1758077850.54177,37537.0,206.20006,32253.0,177.17372,-10642.0,-295.61111,0.0,0.0,2.0
1758077850.54259,38070.0,209.12796,32253.0,177.17372,-10313.0,-286.47223,-6.0,-0.16667,2.0
1758077850.55966,38578.0,211.91852,32253.0,177.17372,-9921.0,-275.58334,-11.0,-0.30556,2.0
1758077850.56043,39066.0,214.59923,32251.0,177.16273,-9415.0,-261.52777,-73.0,-2.02778,2.0
1758077850.57684,39526.0,217.12611,32242.0,177.1133,-8894.0,-247.05556,-297.0,-8.25,2.0
1758077850.57999,39951.0,219.46074,32217.0,176.97597,-7991.0,-221.97223,-640.0,-17.77778,2.0
1758077850.59687,40319.0,221.48225,32183.0,176.78918,-6722.0,-186.72223,-682.0,-18.94444,2.0
1758077850.60123,40625.0,223.16321,32150.0,176.60791,-5511.0,-153.08333,-638.0,-17.72222,2.0
1758077850.61688,40856.0,224.43214,32124.0,176.46509,-3883.0,-107.86111,-435.0,-12.08333,2.0
1758077850.62039,41003.0,225.23964,32108.0,176.3772,-2259.0,-62.75,-245.0,-6.80556,2.0
1758077850.63687,41071.0,225.61317,32105.0,176.36072,-686.0,-19.05556,0.0,0.0,2.0
1758077850.64046,41073.0,225.62416,32105.0,176.36072,183.0,5.08333,0.0,0.0,2.0
1758077850.65686,41056.0,225.53078,32104.0,176.35522,457.0,12.69444,-15.0,-0.41667,2.0
1758077850.66047,41022.0,225.34401,32104.0,176.35522,862.0,23.94444,-14.0,-0.38889,2.0
1758077850.67616,40963.0,225.01991,32104.0,176.35522,1372.0,38.11111,0.0,0.0,2.0
1758077850.69185,40877.0,224.5475,32104.0,176.35522,1937.0,53.80556,0.0,0.0,2.0
1758077850.69556,40759.0,223.89929,32104.0,176.35522,2619.0,72.75,0.0,0.0,2.0
1758077850.69793,40606.0,223.05884,32104.0,176.35522,3361.0,93.36111,0.0,0.0,2.0
1758077850.71683,40414.0,222.00412,32105.0,176.36072,4114.0,114.27778,15.0,0.41667,2.0
1758077850.71801,40181.0,220.7242,32106.0,176.36621,4816.0,133.77777,21.0,0.58333,2.0
1758077850.73745,39919.0,219.28496,32108.0,176.3772,5457.0,151.58333,82.0,2.27778,2.0
1758077850.74065,39623.0,217.65897,32116.0,176.42114,6186.0,171.83333,216.0,6.0,2.0
1758077850.75611,39293.0,215.84618,32137.0,176.5365,6739.0,187.19444,596.0,16.55556,2.0
1758077850.76006,38931.0,213.85764,32175.0,176.74524,7457.0,207.13889,717.0,19.91667,2.0
1758077850.7759,38531.0,211.66034,32199.0,176.87709,8286.0,230.16667,122.0,3.38889,2.0
1758077850.79185,38095.0,209.26529,32191.0,176.83313,8828.0,245.22223,-195.0,-5.41667,2.0
1758077850.79535,37653.0,206.83727,32183.0,176.78918,8532.0,237.0,-158.0,-4.38889,2.0
1758077850.80082,37249.0,204.618,32172.0,176.72876,7472.0,207.55556,-327.0,-9.08333,2.0
1758077850.82015,36898.0,202.68985,32144.0,176.57495,6528.0,181.33333,-729.0,-20.25,2.0
1758077850.8209,36598.0,201.04189,32097.0,176.31677,5443.0,151.19444,-1061.0,-29.47222,2.0
1758077850.83699,36347.0,199.66309,32034.0,175.9707,4616.0,128.22223,-1390.0,-38.61111,2.0
1758077850.83805,36127.0,198.45456,31965.0,175.59167,4154.0,115.38889,-1340.0,-37.22222,2.0
1758077850.85615,35922.0,197.32845,31904.0,175.25658,4000.0,111.11111,-1063.0,-29.52778,2.0
1758077850.87191,35712.0,196.17488,31868.0,175.05882,4279.0,118.86111,-355.0,-9.86111,2.0
1758077850.87646,35477.0,194.88396,31871.0,175.0753,4952.0,137.55556,236.0,6.55556,2.0
1758077850.88044,35199.0,193.35683,31886.0,175.1577,5926.0,164.61111,380.0,10.55556,2.0
1758077850.89619,34879.0,191.59898,31913.0,175.30602,6522.0,181.16667,651.0,18.08333,2.0
1758077850.91162,34544.0,189.75876,31951.0,175.51477,6649.0,184.69444,772.0,21.44444,2.0
1758077850.91648,34203.0,187.88556,31986.0,175.70703,6813.0,189.25,602.0,16.72222,2.0
1758077850.9196,33859.0,185.99588,32015.0,175.86633,6726.0,186.83333,548.0,15.22222,2.0
1758077850.93601,33520.0,184.13367,32046.0,176.03662,6674.0,185.38889,686.0,19.05556,2.0
1758077850.93714,33185.0,182.29344,32091.0,176.28381,6568.0,182.44444,1068.0,29.66667,2.0
1758077850.95421,32856.0,180.48615,32166.0,176.6958,6426.0,178.5,1875.0,52.08333,2.0
1758077850.97006,32534.0,178.71733,32290.0,177.37697,6358.0,176.61111,2910.0,80.83334,2.0
1758077850.97091,32212.0,176.9485,32473.0,178.38225,6323.0,175.63889,4168.0,115.77778,2.0
1758077850.98628,31896.0,175.21263,32722.0,179.75006,6107.0,169.63889,5501.0,152.80556,2.0
1758077850.98703,31599.0,173.58115,33039.0,181.49141,5690.0,158.05556,6631.0,184.19444,2.0
1758077851.0023,31324.0,172.0705,33398.0,183.46349,5180.0,143.88889,7434.0,206.5,2.0
1758077851.02059,31084.0,170.75212,33794.0,185.63882,4359.0,121.08334,8015.0,222.63889,2.0
1758077851.02092,30890.0,169.68642,34206.0,187.90204,3372.0,93.66666,8229.0,228.58333,2.0
1758077851.03626,30747.0,168.90089,34628.0,190.22018,2375.0,65.97222,8468.0,235.22223,2.0
1758077851.03741,30655.0,168.39551,35057.0,192.5768,1372.0,38.11111,8494.0,235.94444,2.0
1758077851.05224,30612.0,168.1593,35494.0,194.97734,474.0,13.16667,8742.0,242.83333,2.0
1758077851.07163,30605.0,168.12085,35940.0,197.42732,-27.0,-0.75,8799.0,244.41667,2.0
1758077851.07345,30606.0,168.12634,36394.0,199.92126,0.0,0.0,9048.0,251.33333,2.0
1758077851.07729,30606.0,168.12634,36850.0,202.42618,0.0,0.0,8915.0,247.63889,2.0
1758077851.0933,30606.0,168.12634,37303.0,204.91463,-4.0,-0.11111,8902.0,247.27777,2.0
1758077851.11118,30611.0,168.15381,37737.0,207.29869,-192.0,-5.33333,8195.0,227.63889,2.0
1758077851.11234,30625.0,168.23071,38136.0,209.49051,-294.0,-8.16667,7568.0,210.22223,2.0
1758077851.13084,30646.0,168.34607,38491.0,211.4406,-566.0,-15.72222,6562.0,182.27777,2.0
1758077851.13122,30690.0,168.58778,38789.0,213.07761,-1106.0,-30.72222,5423.0,150.63889,2.0
1758077851.14733,30759.0,168.96681,39035.0,214.42892,-1561.0,-43.36111,4398.0,122.16666,2.0
1758077851.15172,30848.0,169.4557,39231.0,215.5056,-1884.0,-52.33333,3470.0,96.38889,2.0
1758077851.16931,30946.0,169.99405,39381.0,216.32961,-1974.0,-54.83333,2614.0,72.61111,2.0
1758077851.16966,31047.0,170.54887,39494.0,216.95033,-1944.0,-54.0,1983.0,55.08333,2.0
1758077851.19088,31140.0,171.05974,39580.0,217.42276,-1710.0,-47.5,1553.0,43.13889,2.0
1758077851.19124,31216.0,171.47723,39648.0,217.7963,-1349.0,-37.47222,1171.0,32.52778,2.0
1758077851.20735,31272.0,171.78485,39697.0,218.06546,-921.0,-25.58333,864.0,24.0,2.0
1758077851.20808,31307.0,171.97711,39728.0,218.23575,-531.0,-14.75,395.0,10.97222,2.0
1758077851.22573,31324.0,172.0705,39731.0,218.25223,-239.0,-6.63889,-142.0,-3.94444,2.0
1758077851.22652,31333.0,172.11993,39715.0,218.16434,-167.0,-4.63889,-501.0,-13.91667,2.0
1758077851.24229,31349.0,172.20782,39673.0,217.93362,-457.0,-12.69444,-1088.0,-30.22222,2.0
1758077851.26107,31380.0,172.37811,39595.0,217.50516,-707.0,-19.63889,-1945.0,-54.02778,2.0
1758077851.26144,31422.0,172.60883,39469.0,216.813,-915.0,-25.41667,-2926.0,-81.27778,2.0
1758077851.27976,31470.0,172.87251,39293.0,215.84618,-904.0,-25.11111,-3839.0,-106.63889,2.0
1758077851.28108,31512.0,173.10323,39074.0,214.64317,-700.0,-19.44444,-4697.0,-130.47223,2.0
1758077851.29637,31536.0,173.23506,38809.0,213.18747,-316.0,-8.77778,-5598.0,-155.5,2.0
1758077851.29751,31543.0,173.27351,38495.0,211.46257,0.0,0.0,-6690.0,-185.83333,2.0
1758077851.31317,31543.0,173.27351,38121.0,209.40811,0.0,0.0,-7811.0,-216.97223,2.0
1758077851.32938,31542.0,173.26802,37707.0,207.1339,36.0,1.0,-8277.0,-229.91667,2.0
1758077851.33096,31536.0,173.23506,37289.0,204.83772,222.0,6.16667,-8044.0,-223.44444,2.0
1758077851.34636,31509.0,173.08675,36905.0,202.7283,874.0,24.27778,-7175.0,-199.30556,2.0
1758077851.34716,31441.0,172.71321,36570.0,200.88808,1750.0,48.61111,-6200.0,-172.22223,2.0
1758077851.36346,31324.0,172.0705,36284.0,199.31702,2735.0,75.97222,-5226.0,-145.16667,2.0
1758077851.37943,31163.0,171.18608,36043.0,197.99313,3431.0,95.30556,-4375.0,-121.52778,2.0
1758077851.38063,30981.0,170.18631,35838.0,196.86702,3647.0,101.30556,-3834.0,-106.5,2.0
1758077851.3954,30804.0,169.214,35649.0,195.82878,3309.0,91.91666,-3675.0,-102.08334,2.0
1758077851.39661,30655.0,168.39551,35457.0,194.77409,2552.0,70.88889,-3911.0,-108.63889,2.0
1758077851.41323,30555.0,167.84619,35244.0,193.60403,1490.0,41.38889,-4491.0,-124.75,2.0
1758077851.43102,30517.0,167.63744,34999.0,192.25819,134.0,3.72222,-5120.0,-142.22223,2.0
1758077851.43233,30535.0,167.73633,34735.0,190.80797,-573.0,-15.91667,-5201.0,-144.47223,2.0
1758077851.44866,30578.0,167.97253,34487.0,189.44565,-1023.0,-28.41667,-4574.0,-127.05556,2.0
1758077851.45044,30636.0,168.29114,34273.0,188.27008,-1166.0,-32.38889,-3981.0,-110.58334,2.0
1758077851.46656,30704.0,168.66469,34075.0,187.18242,-1572.0,-43.66667,-3909.0,-108.58334,2.0
1758077851.46727,30805.0,169.2195,33870.0,186.0563,-2378.0,-66.05556,-4202.0,-116.72222,2.0
1758077851.48365,30961.0,170.07645,33646.0,184.82581,-3622.0,-100.61111,-4613.0,-128.13889,2.0
1758077851.48767,31187.0,171.31793,33404.0,183.49644,-5112.0,-142.0,-4845.0,-134.58333,2.0
1758077851.50427,31489.0,172.97688,33164.0,182.17809,-6547.0,-181.86111,-4678.0,-129.94444,2.0
1758077851.52057,31850.0,174.95995,32933.0,180.90913,-7562.0,-210.05556,-4469.0,-124.13889,2.0
1758077851.52168,32268.0,177.25612,32720.0,179.73907,-8777.0,-243.80556,-3967.0,-110.19444,2.0
1758077851.53659,32738.0,179.83795,32544.0,178.77226,-9598.0,-266.61111,-3090.0,-85.83334,2.0
1758077851.5373,33251.0,182.65599,32417.0,178.07462,-10535.0,-292.63889,-2079.0,-57.75,2.0
1758077851.55331,33804.0,185.69376,32337.0,177.63516,-11227.0,-311.86111,-1246.0,-34.61111,2.0
1758077851.56953,34392.0,188.92377,32296.0,177.40993,-11799.0,-327.75,-479.0,-13.30556,2.0
1758077851.5712,34997.0,192.24721,32289.0,177.37148,-12112.0,-336.44446,24.0,0.66667,2.0
1758077851.58655,35609.0,195.60905,32289.0,177.37148,-12085.0,-335.69446,0.0,0.0,2.0
1758077851.5881,36226.0,198.99841,32289.0,177.37148,-12110.0,-336.38889,0.0,0.0,2.0
1758077851.60545,36831.0,202.32181,32289.0,177.37148,-11950.0,-331.94446,0.0,0.0,2.0
1758077851.65363,39711.0,218.14236,32270.0,177.26711,-10597.0,-294.36111,-231.0,-6.41667,2.0
1758077851.67153,40216.0,220.91646,32253.0,177.17372,-9575.0,-265.97223,-324.0,-9.0,2.0
1758077851.67189,40667.0,223.39392,32242.0,177.1133,-8364.0,-232.33333,-144.0,-4.0,2.0
1758077851.69057,41044.0,225.46486,32237.0,177.08583,-6848.0,-190.22223,-73.0,-2.02778,2.0
1758077851.69135,41346.0,227.12384,32236.0,177.08034,-5282.0,-146.72223,0.0,0.0,2.0
1758077851.70659,41562.0,228.31036,32237.0,177.08583,-3504.0,-97.33334,0.0,0.0,2.0
1758077851.71075,41688.0,229.00252,32237.0,177.08583,-1774.0,-49.27778,0.0,0.0,2.0
1758077851.72658,41731.0,229.23872,32237.0,177.08583,-200.0,-5.55556,0.0,0.0,2.0
1758077851.72737,41718.0,229.16731,32237.0,177.08583,429.0,11.91667,-4.0,-0.11111,2.0
1758077851.74661,41679.0,228.95308,32236.0,177.08034,997.0,27.69444,-20.0,-0.55556,2.0
1758077851.74943,41611.0,228.57954,32236.0,177.08034,1616.0,44.88889,-14.0,-0.38889,2.0
1758077851.76671,41512.0,228.03571,32236.0,177.08034,2228.0,61.88889,-20.0,-0.55556,2.0
1758077851.76775,41381.0,227.3161,32235.0,177.07484,2866.0,79.61111,-15.0,-0.41667,2.0
1758077851.78672,41215.0,226.40421,32235.0,177.07484,3616.0,100.44444,-9.0,-0.25,2.0
1758077851.78951,41011.0,225.28358,32235.0,177.07484,4355.0,120.97222,0.0,0.0,2.0
1758077851.80895,40769.0,223.95422,32236.0,177.08034,5123.0,142.30556,9.0,0.25,2.0
1758077851.81016,40489.0,222.41611,32237.0,177.08583,5849.0,162.47223,56.0,1.55556,2.0
1758077851.82667,40172.0,220.67476,32243.0,177.11879,6525.0,181.25,177.0,4.91667,2.0
1758077851.82779,39820.0,218.74113,32264.0,177.23415,7315.0,203.19444,579.0,16.08333,2.0
1758077851.84673,39425.0,216.5713,32288.0,177.36598,8153.0,226.47223,316.0,8.77778,2.0
1758077851.84779,38996.0,214.21469,32285.0,177.3495,8751.0,243.08333,-226.0,-6.27778,2.0
1758077851.86432,38531.0,211.66034,32273.0,177.28358,9395.0,260.97223,-208.0,-5.77778,2.0
1758077851.88046,38072.0,209.13895,32261.0,177.21767,8773.0,243.69444,-245.0,-6.80556,2.0
1758077851.8812,37649.0,206.81529,32245.0,177.12978,7990.0,221.94444,-404.0,-11.22222,2.0
1758077851.89706,37278.0,204.7773,32214.0,176.95949,6738.0,187.16667,-808.0,-22.44444,2.0
1758077851.89742,36968.0,203.07437,32159.0,176.65735,5698.0,158.27777,-1213.0,-33.69444,2.0
1758077851.91264,36706.0,201.63515,32093.0,176.2948,4841.0,134.47223,-1382.0,-38.38889,2.0
1758077851.92986,36475.0,200.36621,32023.0,175.91028,4445.0,123.47222,-1312.0,-36.44444,2.0
1758077851.93108,36246.0,199.10828,31971.0,175.62463,4681.0,130.02777,-790.0,-21.94444,2.0
1758077851.94667,35991.0,197.70749,31952.0,175.52026,5302.0,147.27777,-25.0,-0.69444,2.0
1758077851.94745,35715.0,196.19136,31962.0,175.5752,5548.0,154.11111,223.0,6.19444,2.0
1758077851.96265,35424.0,194.5928,31974.0,175.64111,5949.0,165.25,240.0,6.66667,2.0
1758077851.97958,35095.0,192.78554,31998.0,175.77295,6966.0,193.5,749.0,20.80556,2.0
1758077851.98075,34718.0,190.71458,32065.0,176.14099,7780.0,216.11111,1802.0,50.05556,2.0
1758077851.99659,34305.0,188.44586,32190.0,176.82764,8410.0,233.61111,2980.0,82.77778,2.0
1758077851.99771,33864.0,186.02335,32376.0,177.8494,8792.0,244.22223,4103.0,113.97222,2.0
1758077852.0127,33423.0,183.60083,32613.0,179.15129,8591.0,238.63889,5112.0,142.0,2.0
1758077852.02869,32997.0,181.2607,32895.0,180.70038,8241.0,228.91667,5850.0,162.5,2.0
1758077852.02984,32600.0,179.07988,33205.0,182.40331,7590.0,210.83333,6285.0,174.58333,2.0
1758077852.04631,32232.0,177.05836,33534.0,184.21057,7006.0,194.61111,6674.0,185.38889,2.0
1758077852.04758,31897.0,175.21812,33878.0,186.10025,6266.0,174.05556,6856.0,190.44444,2.0
1758077852.06273,31602.0,173.59763,34231.0,188.03937,5518.0,153.27777,7078.0,196.61111,2.0
1758077852.07955,31341.0,172.16388,34600.0,190.06638,4857.0,134.91667,7463.0,207.30556,2.0
1758077852.08039,31117.0,170.9334,34985.0,192.18129,3970.0,110.27778,7653.0,212.58333,2.0
1758077852.09656,30944.0,169.98306,35383.0,194.36758,2980.0,82.77778,8010.0,222.5,2.0
1758077852.09732,30824.0,169.32387,35791.0,196.60884,1971.0,54.75,8073.0,224.25,2.0
1758077852.11277,30756.0,168.95033,36200.0,198.85556,891.0,24.75,8164.0,226.77777,2.0
1758077852.12873,30735.0,168.83498,36615.0,201.13527,79.0,2.19444,8185.0,227.36111,2.0
1758077852.12956,30737.0,168.84596,37031.0,203.42047,-21.0,-0.58333,8271.0,229.75,2.0
1758077852.14475,30737.0,168.84596,37457.0,205.76057,-3.0,-0.08333,8422.0,233.94444,2.0
1758077852.16076,30743.0,168.87892,37872.0,208.04028,-243.0,-6.75,8002.0,222.27777,2.0
1758077852.16192,30760.0,168.97231,38267.0,210.21011,-318.0,-8.83333,7646.0,212.38889,2.0
1758077852.17689,30784.0,169.10414,38630.0,212.20416,-609.0,-16.91667,6798.0,188.83333,2.0
1758077852.17806,30832.0,169.36781,38953.0,213.97849,-1206.0,-33.5,6084.0,169.0,2.0
1758077852.1928,30906.0,169.77431,39236.0,215.53307,-1652.0,-45.88889,5189.0,144.13889,2.0
1758077852.20879,31003.0,170.30716,39471.0,216.82399,-2056.0,-57.11111,4266.0,118.5,2.0
1758077852.21005,31113.0,170.91142,39665.0,217.88968,-2239.0,-62.19444,3553.0,98.69444,2.0
1758077852.22556,31227.0,171.53766,39827.0,218.77959,-2231.0,-61.97222,3005.0,83.47222,2.0
1758077852.22688,31333.0,172.11993,39964.0,219.53215,-1967.0,-54.63889,2490.0,69.16666,2.0
1758077852.24547,31424.0,172.61983,40077.0,220.15291,-1599.0,-44.41667,2044.0,56.77778,2.0
1758077852.26082,31494.0,173.00435,40166.0,220.6418,-1201.0,-33.36111,1515.0,42.08333,2.0
1758077852.26198,31543.0,173.27351,40225.0,220.9659,-793.0,-22.02778,928.0,25.77778,2.0
1758077852.27684,31575.0,173.44931,40248.0,221.09224,-536.0,-14.88889,46.0,1.27778,2.0
1758077852.27804,31597.0,173.57016,40231.0,220.99886,-397.0,-11.02778,-592.0,-16.44444,2.0
1758077852.29528,31620.0,173.6965,40182.0,220.72969,-453.0,-12.58333,-1292.0,-35.88889,2.0
1758077852.31088,31643.0,173.82285,40090.0,220.22432,-433.0,-12.02778,-2261.0,-62.80556,2.0
1758077852.31205,31664.0,173.9382,39946.0,219.43327,-345.0,-9.58333,-3263.0,-90.63889,2.0
1758077852.32686,31675.0,173.99863,39752.0,218.36758,-62.0,-1.72222,-4212.0,-117.0,2.0
1758077852.32806,31673.0,173.98764,39513.0,217.0547,103.0,2.86111,-5100.0,-141.66667,2.0
1758077852.34401,31667.0,173.95468,39225.0,215.47264,119.0,3.30556,-6162.0,-171.16667,2.0
1758077852.35985,31661.0,173.92172,38873.0,213.53903,123.0,3.41667,-7412.0,-205.88889,2.0
1758077852.36106,31656.0,173.89426,38468.0,211.31425,83.0,2.30556,-8529.0,-236.91667,2.0
1758077852.37584,31654.0,173.88327,38003.0,208.75989,0.0,0.0,-9599.0,-266.63889,2.0
1758077852.37709,31652.0,173.87228,37517.0,206.09019,119.0,3.30556,-9548.0,-265.22223,2.0
1758077852.39284,31633.0,173.76791,37051.0,203.53033,650.0,18.05556,-8862.0,-246.16667,2.0
1758077852.41017,31573.0,173.43832,36641.0,201.27809,1572.0,43.66667,-7611.0,-211.41667,2.0
1758077852.41057,31464.0,172.83955,36286.0,199.328,2645.0,73.47222,-6551.0,-181.97223,2.0
1758077852.42583,31303.0,171.95514,35982.0,197.65805,3463.0,96.19444,-5594.0,-155.38889,2.0
1758077852.42708,31118.0,170.93889,35715.0,196.19136,3688.0,102.44444,-5145.0,-142.91667,2.0
1758077852.44294,30943.0,169.97757,35451.0,194.74112,3186.0,88.5,-5305.0,-147.36111,2.0
1758077852.45891,30811.0,169.25246,35172.0,193.20851,2088.0,58.0,-5662.0,-157.27777,2.0
1758077852.45971,30748.0,168.90639,34884.0,191.62645,639.0,17.75,-5563.0,-154.52777,2.0
1758077852.47496,30748.0,168.90639,34614.0,190.14328,-300.0,-8.33333,-5194.0,-144.27777,2.0
1758077852.49083,30781.0,169.08766,34358.0,188.737,-967.0,-26.86111,-5020.0,-139.44444,2.0
1758077852.49206,30860.0,169.52162,34107.0,187.3582,-2041.0,-56.69444,-4950.0,-137.5,2.0
1758077852.5069,30994.0,170.25772,33854.0,185.96841,-3231.0,-89.75,-5126.0,-142.38889,2.0
1758077852.50809,31193.0,171.35089,33588.0,184.5072,-4466.0,-124.05556,-5290.0,-146.94444,2.0
1758077852.52285,31457.0,172.8011,33324.0,183.05699,-5741.0,-159.47223,-5068.0,-140.77777,2.0
1758077852.53895,31778.0,174.56442,33083.0,181.73311,-6776.0,-188.22223,-4502.0,-125.05556,2.0
1758077852.5401,32149.0,176.60242,32874.0,180.58502,-7818.0,-217.16667,-3798.0,-105.5,2.0
1758077852.55603,32573.0,178.93156,32707.0,179.66766,-8695.0,-241.52777,-2864.0,-79.55556,2.0
1758077852.55697,33036.0,181.47493,32594.0,179.04692,-9562.0,-265.61111,-1768.0,-49.11111,2.0
1758077852.57293,33550.0,184.29846,32534.0,178.71733,-10487.0,-291.30554,-723.0,-20.08333,2.0
1758077852.58895,34106.0,187.35271,32523.0,178.65691,-11432.0,-317.55554,48.0,1.33333,2.0
1758077852.59097,34701.0,190.6212,32524.0,178.6624,-11960.0,-332.22223,0.0,0.0,2.0
1758077852.60669,35320.0,194.02151,32524.0,178.6624,-12311.0,-341.97223,0.0,0.0,2.0
1758077852.60802,35949.0,197.47676,32524.0,178.6624,-12528.0,-348.0,0.0,0.0,2.0
1758077852.62399,36575.0,200.91554,32524.0,178.6624,-12237.0,-339.91666,0.0,0.0,2.0
1758077852.64049,37188.0,204.2829,32524.0,178.6624,-11948.0,-331.88889,0.0,0.0,2.0
1758077852.64082,37785.0,207.56238,32524.0,178.6624,-11714.0,-325.38889,-9.0,-0.25,2.0
1758077852.65704,38363.0,210.73747,32523.0,178.65691,-11180.0,-310.55554,-5.0,-0.13889,2.0
1758077852.658,38917.0,213.78073,32522.0,178.65141,-10691.0,-296.97223,-59.0,-1.63889,2.0
1758077852.67483,39441.0,216.65919,32516.0,178.61845,-10140.0,-281.66666,-156.0,-4.33333,2.0
1758077852.691,39931.0,219.35088,32500.0,178.53056,-9235.0,-256.52777,-457.0,-12.69444,2.0
1758077852.69211,40360.0,221.70749,32475.0,178.39323,-7925.0,-220.13889,-499.0,-13.86111,2.0
1758077852.707,40721.0,223.69055,32446.0,178.23392,-6478.0,-179.94444,-672.0,-18.66667,2.0
1758077852.70816,41001.0,225.22865,32412.0,178.04715,-4827.0,-134.08333,-713.0,-19.80556,2.0
1758077852.72297,41197.0,226.30533,32381.0,177.87686,-3121.0,-86.69444,-583.0,-16.19444,2.0
1758077852.73899,41308.0,226.91507,32350.0,177.70657,-1465.0,-40.69444,-697.0,-19.36111,2.0
1758077852.74015,41337.0,227.07437,32309.0,177.48134,35.0,0.97222,-862.0,-23.94444,2.0
1758077852.75577,41323.0,226.99747,32261.0,177.21767,409.0,11.36111,-1046.0,-29.05556,2.0
1758077852.75701,41285.0,226.78873,32204.0,176.90456,1000.0,27.77778,-1231.0,-34.19444,2.0
1758077852.77302,41217.0,226.41519,32138.0,176.54199,1632.0,45.33333,-1331.0,-36.97222,2.0
1758077852.78903,41114.0,225.8494,32072.0,176.17944,2376.0,66.0,-1303.0,-36.19444,2.0
1758077852.79014,40968.0,225.04738,32010.0,175.83887,3280.0,91.11111,-1117.0,-31.02778,2.0
1758077852.8058,40774.0,223.98169,31960.0,175.56421,4259.0,118.30556,-910.0,-25.27778,2.0
1758077852.80743,40530.0,222.64133,31921.0,175.34996,5268.0,146.33333,-638.0,-17.72222,2.0
1758077852.82308,40241.0,221.05379,31899.0,175.22911,5972.0,165.88889,-306.0,-8.5,2.0
1758077852.84022,39921.0,219.29594,31890.0,175.17967,6586.0,182.94444,-30.0,-0.83333,2.0
1758077852.84063,39569.0,217.36234,31899.0,175.22911,7231.0,200.86111,284.0,7.88889,2.0
1758077852.85607,39188.0,215.26939,31926.0,175.37743,7738.0,214.94444,727.0,20.19444,2.0
1758077852.85765,38781.0,213.03363,31959.0,175.55872,8347.0,231.86111,508.0,14.11111,2.0
1758077852.87385,38337.0,210.59465,31963.0,175.58069,8984.0,249.55556,-182.0,-5.05556,2.0
1758077852.89172,37874.0,208.05127,31955.0,175.53674,9121.0,253.36111,-157.0,-4.36111,2.0
1758077852.89244,37428.0,205.60127,31946.0,175.4873,8409.0,233.58333,-261.0,-7.25,2.0
1758077852.90815,37031.0,203.42047,31925.0,175.37193,7398.0,205.5,-568.0,-15.77778,2.0
1758077852.90887,36680.0,201.49232,31890.0,175.17967,6584.0,182.88889,-789.0,-21.91667,2.0
1758077852.9241,36370.0,199.78943,31848.0,174.94896,5853.0,162.58333,-820.0,-22.77778,2.0
1758077852.94014,36080.0,198.19638,31807.0,174.72372,5636.0,156.55556,-812.0,-22.55556,2.0
1758077852.94083,35793.0,196.61983,31776.0,174.55344,5744.0,159.55556,-421.0,-11.69444,2.0
1758077852.956,35495.0,194.98283,31773.0,174.53696,6060.0,168.33333,160.0,4.44444,2.0
1758077852.95734,35168.0,193.18654,31782.0,174.5864,6819.0,189.41667,178.0,4.94444,2.0
1758077852.97394,34795.0,191.13756,31799.0,174.67978,7681.0,213.36111,547.0,15.19444,2.0
1758077852.99017,34398.0,188.95673,31837.0,174.88853,7968.0,221.33333,815.0,22.63889,2.0
1758077852.9909,33989.0,186.71001,31884.0,175.14671,8162.0,226.72223,1018.0,28.27778,2.0
1758077853.00615,33582.0,184.47424,31935.0,175.42686,7909.0,219.69444,998.0,27.72222,2.0
1758077853.0074,33182.0,182.27696,31985.0,175.70154,7822.0,217.27777,980.0,27.22222,2.0
1758077853.02317,32796.0,180.15656,32046.0,176.03662,7422.0,206.16667,1387.0,38.52778,2.0
1758077853.03919,32437.0,178.18448,32132.0,176.50903,6890.0,191.38889,1980.0,55.0,2.0
1758077853.04031,32099.0,176.32776,32255.0,177.18471,6511.0,180.86111,2806.0,77.94444,2.0
1758077853.05526,31785.0,174.60287,32429.0,178.14053,5957.0,165.47223,3894.0,108.16666,2.0
1758077853.07116,31493.0,172.99886,32662.0,179.42046,5640.0,156.66667,5135.0,142.63889,2.0
1758077853.07233,31219.0,171.49371,32958.0,181.04646,5252.0,145.88889,6300.0,175.0,2.0
1758077853.08716,30970.0,170.12589,33307.0,182.96361,4653.0,129.25,7317.0,203.25,2.0
1758077853.08876,30756.0,168.95033,33702.0,185.13345,3899.0,108.30556,8195.0,227.63889,2.0
1758077853.10582,30582.0,167.99451,34128.0,187.47356,3012.0,83.66666,8538.0,237.16667,2.0
1758077853.12114,30459.0,167.31883,34570.0,189.90158,1973.0,54.80556,8851.0,245.86111,2.0
1758077853.1223,30389.0,166.93431,35020.0,192.37355,962.0,26.72222,8832.0,245.33333,2.0
1758077853.13723,30365.0,166.80247,35474.0,194.86748,107.0,2.97222,9056.0,251.55556,2.0
1758077853.13837,30366.0,166.80797,35940.0,197.42732,-9.0,-0.25,9197.0,255.47223,2.0
1758077853.15323,30366.0,166.80797,36418.0,200.0531,0.0,0.0,9576.0,266.0,2.0
1758077853.16923,30366.0,166.80797,36902.0,202.71182,0.0,0.0,9563.0,265.63889,2.0
1758077853.16998,30369.0,166.82445,37381.0,205.34309,-91.0,-2.52778,9380.0,260.55554,2.0
1758077853.18606,30374.0,166.85191,37834.0,207.83154,-82.0,-2.27778,8700.0,241.66667,2.0
1758077853.1876,30384.0,166.90685,38252.0,210.12772,-301.0,-8.36111,7909.0,219.69444,2.0
1758077853.20325,30411.0,167.05516,38618.0,212.13824,-704.0,-19.55556,6690.0,185.83333,2.0
1758077853.21922,30463.0,167.34081,38927.0,213.83566,-1238.0,-34.38889,5706.0,158.5,2.0
1758077853.22039,30535.0,167.73633,39185.0,215.25291,-1561.0,-43.36111,4665.0,129.58333,2.0
1758077853.23517,30621.0,168.20874,39390.0,216.37904,-1738.0,-48.27778,3655.0,101.52778,2.0
1758077853.25123,30709.0,168.69215,39552.0,217.26895,-1725.0,-47.91667,2908.0,80.77778,2.0
1758077853.25209,30791.0,169.14259,39683.0,217.98856,-1509.0,-41.91667,2348.0,65.22222,2.0
1758077853.26719,30862.0,169.53261,39789.0,218.57083,-1277.0,-35.47222,1889.0,52.47222,2.0
1758077853.26839,30916.0,169.82925,39871.0,219.02129,-925.0,-25.69444,1433.0,39.80556,2.0
1758077853.28327,30954.0,170.03799,39926.0,219.32341,-654.0,-18.16667,840.0,23.33333,2.0
1758077853.29926,30982.0,170.1918,39946.0,219.43327,-482.0,-13.38889,51.0,1.41667,2.0
1758077853.3004,31001.0,170.29617,39934.0,219.36736,-319.0,-8.86111,-425.0,-11.80556,2.0
1758077853.31606,31016.0,170.37857,39896.0,219.15862,-323.0,-8.97222,-1019.0,-28.30556,2.0
1758077853.31733,31040.0,170.51042,39816.0,218.71916,-640.0,-17.77778,-2005.0,-55.69444,2.0
1758077853.33369,31084.0,170.75212,39684.0,217.99405,-1008.0,-28.0,-3060.0,-85.0,2.0
1758077853.34934,31143.0,171.07622,39500.0,216.98329,-1234.0,-34.27778,-4036.0,-112.11111,2.0
1758077853.35005,31204.0,171.41132,39267.0,215.70335,-1178.0,-32.72222,-4975.0,-138.19444,2.0
1758077853.36641,31258.0,171.70795,38979.0,214.12131,-923.0,-25.63889,-6051.0,-168.08333,2.0
1758077853.3676,31296.0,171.91669,38640.0,212.25909,-597.0,-16.58333,-7161.0,-198.91667,2.0
1758077853.38324,31322.0,172.05951,38244.0,210.08377,-475.0,-13.19444,-8437.0,-234.36111,2.0
1758077853.39926,31346.0,172.19135,37801.0,207.65027,-447.0,-12.41667,-8882.0,-246.72223,2.0
1758077853.40043,31358.0,172.25726,37358.0,205.21675,-15.0,-0.41667,-8646.0,-240.16667,2.0
1758077853.41609,31345.0,172.18585,36936.0,202.89859,477.0,13.25,-7960.0,-221.11111,2.0
1758077853.41766,31302.0,171.94965,36556.0,200.81117,1209.0,33.58333,-7160.0,-198.88889,2.0
1758077853.43324,31215.0,171.47174,36214.0,198.93246,2091.0,58.08333,-6469.0,-179.69444,2.0
1758077853.44927,31089.0,170.77959,35909.0,197.25703,2728.0,75.77778,-5754.0,-159.83333,2.0
1758077853.45046,30944.0,169.98306,35628.0,195.71342,2887.0,80.19444,-5449.0,-151.36111,2.0
1758077853.46614,30807.0,169.23048,35347.0,194.16983,2494.0,69.27778,-5626.0,-156.27777,2.0
1758077853.46735,30704.0,168.66469,35051.0,192.54384,1641.0,45.58333,-6013.0,-167.02777,2.0
1758077853.48334,30653.0,168.38452,34739.0,190.82994,501.0,13.91667,-6237.0,-173.25,2.0
1758077853.49937,30654.0,168.39001,34428.0,189.12152,-163.0,-4.52778,-5994.0,-166.5,2.0
1758077853.50048,30664.0,168.44496,34133.0,187.50102,-276.0,-7.66667,-5674.0,-157.61111,2.0
1758077853.51533,30691.0,168.59328,33854.0,185.96841,-717.0,-19.91667,-5464.0,-151.77777,2.0
1758077853.53178,30748.0,168.90639,33581.0,184.46875,-1479.0,-41.08333,-5368.0,-149.11111,2.0
1758077853.53333,30851.0,169.47218,33307.0,182.96361,-2506.0,-69.61111,-5399.0,-149.97223,2.0
1758077853.54842,31010.0,170.34561,33030.0,181.44197,-3693.0,-102.58334,-5535.0,-153.75,2.0
1758077853.5511,31233.0,171.57062,32750.0,179.90387,-4955.0,-137.63889,-5540.0,-153.88889,2.0
1758077853.56634,31517.0,173.13069,32479.0,178.41521,-6143.0,-170.63889,-5168.0,-143.55556,2.0
1758077853.56795,31856.0,174.9929,32236.0,177.08034,-7103.0,-197.30556,-4470.0,-124.16666,2.0
1758077853.58389,32251.0,177.16273,32031.0,175.95422,-8343.0,-231.75,-3737.0,-103.80556,2.0
1758077853.59942,32700.0,179.6292,31867.0,175.05333,-9227.0,-256.30554,-2873.0,-79.80556,2.0
1758077853.60016,33193.0,182.33739,31748.0,174.39963,-10202.0,-283.38889,-1983.0,-55.08333,2.0
1758077853.61583,33731.0,185.29276,31669.0,173.96567,-10895.0,-302.63889,-1283.0,-35.63889,2.0
1758077853.63256,34310.0,188.47333,31625.0,173.72397,-11783.0,-327.30554,-569.0,-15.80556,2.0
1758077853.635,34907.0,191.75279,31615.0,173.66904,-11917.0,-331.02777,12.0,0.33333,2.0
1758077853.65126,35517.0,195.10368,31615.0,173.66904,-11984.0,-332.88889,0.0,0.0,2.0
1758077853.65198,36135.0,198.4985,31615.0,173.66904,-12312.0,-342.0,0.0,0.0,2.0
1758077853.66744,36745.0,201.8494,31615.0,173.66904,-12035.0,-334.30554,0.0,0.0,2.0
1758077853.6686,37348.0,205.16182,31615.0,173.66904,-11734.0,-325.94446,0.0,0.0,2.0
1758077853.6838,37944.0,208.43579,31615.0,173.66904,-11760.0,-326.66666,0.0,0.0,2.0
1758077853.69949,38519.0,211.59441,31614.0,173.66354,-11153.0,-309.80554,-12.0,-0.33333,2.0
1758077853.70026,39071.0,214.62669,31614.0,173.66354,-10641.0,-295.58334,-8.0,-0.22222,2.0
1758077853.71546,39582.0,217.43375,31614.0,173.66354,-9649.0,-268.02777,0.0,0.0,2.0
1758077853.73146,40029.0,219.88921,31614.0,173.66354,-8077.0,-224.36111,0.0,0.0,2.0
1758077853.73218,40390.0,221.87228,31618.0,173.68552,-6429.0,-178.58333,83.0,2.30556,2.0
1758077853.74748,40657.0,223.33899,31627.0,173.73495,-4404.0,-122.33334,291.0,8.08333,2.0
1758077853.74862,40818.0,224.22339,31648.0,173.85031,-2300.0,-63.88889,484.0,13.44444,2.0
1758077853.76348,40882.0,224.57497,31675.0,173.99863,-456.0,-12.66667,542.0,15.05556,2.0
1758077853.77987,40871.0,224.51454,31700.0,174.13596,414.0,11.5,452.0,12.55556,2.0
1758077853.78026,40833.0,224.3058,31717.0,174.22934,993.0,27.58333,305.0,8.47222,2.0
1758077853.79555,40770.0,223.95972,31731.0,174.30624,1447.0,40.19444,239.0,6.63889,2.0
1758077853.81157,40680.0,223.46533,31742.0,174.36667,2020.0,56.11111,164.0,4.55556,2.0
1758077853.81227,40561.0,222.81161,31747.0,174.39413,2574.0,71.5,59.0,1.63889,2.0
1758077853.82756,40416.0,222.01511,31749.0,174.40512,3077.0,85.47222,0.0,0.0,2.0
1758077853.82865,40245.0,221.07576,31749.0,174.40512,3572.0,99.22222,0.0,0.0,2.0
1758077853.84357,40050.0,220.00456,31749.0,174.40512,4038.0,112.16666,0.0,0.0,2.0
1758077853.86053,39831.0,218.80156,31749.0,174.40512,4573.0,127.02778,31.0,0.86111,2.0
1758077853.86163,39582.0,217.43375,31757.0,174.44907,5172.0,143.66667,286.0,7.94444,2.0
1758077853.87732,39302.0,215.89565,31787.0,174.61386,5789.0,160.80556,792.0,22.0,2.0
1758077853.87846,38990.0,214.18173,31843.0,174.92149,6480.0,180.0,1338.0,37.16667,2.0
1758077853.89352,38637.0,212.24261,31919.0,175.33897,7318.0,203.27777,1497.0,41.58333,2.0
1758077853.90952,38242.0,210.07278,31982.0,175.68506,8137.0,226.02777,971.0,26.97222,2.0
1758077853.91394,37811.0,207.7052,32014.0,175.86084,8696.0,241.55556,424.0,11.77778,2.0
1758077853.92955,37383.0,205.35408,32018.0,175.88281,8213.0,228.13889,-113.0,-3.13889,2.0
1758077853.93231,36990.0,203.19522,32010.0,175.83887,7425.0,206.25,-226.0,-6.27778,2.0
1758077853.94758,36636.0,201.25063,31995.0,175.75647,6635.0,184.30556,-354.0,-9.83333,2.0
1758077853.95123,36324.0,199.53674,31973.0,175.63562,5852.0,162.55556,-511.0,-14.19444,2.0
1758077853.96656,36040.0,197.97665,31945.0,175.48181,5450.0,151.38889,-546.0,-15.16667,2.0
1758077853.96789,35774.0,196.51546,31922.0,175.35545,5158.0,143.27777,-349.0,-9.69444,2.0
1758077853.98543,35518.0,195.10918,31918.0,175.33348,5079.0,141.08333,75.0,2.08333,2.0
1758077854.00153,35253.0,193.65347,31923.0,175.36095,5378.0,149.38889,89.0,2.47222,2.0
1758077854.00232,34962.0,192.05495,31926.0,175.37743,6032.0,167.55556,53.0,1.47222,2.0
1758077854.01854,34642.0,190.29709,31935.0,175.42686,6475.0,179.86111,277.0,7.69444,2.0
1758077854.01962,34309.0,188.46783,31955.0,175.53674,6687.0,185.75,458.0,12.72222,2.0
1758077854.03456,33961.0,186.5562,31981.0,175.67957,6981.0,193.91667,552.0,15.33333,2.0
1758077854.05059,33608.0,184.61707,32018.0,175.88281,6935.0,192.63889,881.0,24.47222,2.0
1758077854.05134,33252.0,182.66148,32078.0,176.2124,7065.0,196.25,1422.0,39.5,2.0
1758077854.06657,32903.0,180.74434,32170.0,176.71777,6718.0,186.61111,2162.0,60.05556,2.0
1758077854.0682,32572.0,178.92607,32303.0,177.44838,6414.0,178.16667,3027.0,84.08334,2.0
1758077854.08552,32253.0,177.17372,32484.0,178.44267,6205.0,172.36111,4030.0,111.94444,2.0
1758077854.10158,31947.0,175.4928,32721.0,179.74457,5895.0,163.75,5164.0,143.44444,2.0
1758077854.10236,31658.0,173.90524,33012.0,181.34309,5584.0,155.11111,6156.0,171.0,2.0
1758077854.11838,31384.0,172.40009,33345.0,183.17235,5248.0,145.77777,6885.0,191.25,2.0
1758077854.11919,31131.0,171.0103,33716.0,185.21036,4600.0,127.77778,7609.0,211.36111,2.0
1758077854.13547,30923.0,169.86771,34108.0,187.36369,3662.0,101.72222,7814.0,217.05556,2.0
1758077854.15206,30768.0,169.01625,34510.0,189.57199,2570.0,71.38889,7976.0,221.55556,2.0
1758077854.1524,30668.0,168.46693,34915.0,191.79674,1529.0,42.47222,7948.0,220.77777,2.0
1758077854.16949,30618.0,168.19226,35317.0,194.00504,637.0,17.69444,8054.0,223.72223,2.0
1758077854.17079,30604.0,168.11536,35730.0,196.27376,90.0,2.5,8268.0,229.66667,2.0
1758077854.1866,30604.0,168.11536,36156.0,198.61386,0.0,0.0,8572.0,238.11111,2.0
1758077854.18787,30604.0,168.11536,36604.0,201.07484,0.0,0.0,8909.0,247.47223,2.0
1758077854.20554,30604.0,168.11536,37060.0,203.57977,0.0,0.0,9116.0,253.22223,2.0
1758077854.22168,30604.0,168.11536,37528.0,206.15062,0.0,0.0,9210.0,255.83333,2.0
1758077854.22228,30605.0,168.12085,37983.0,208.65002,-27.0,-0.75,8770.0,243.61111,2.0
1758077854.23764,30606.0,168.12634,38415.0,211.02312,-11.0,-0.30556,8230.0,228.61111,2.0
1758077854.23923,30612.0,168.1593,38809.0,213.18747,-211.0,-5.86111,7388.0,205.22223,2.0
1758077854.25469,30632.0,168.26917,39158.0,215.1046,-495.0,-13.75,6514.0,180.94444,2.0
1758077854.27153,30667.0,168.46144,39451.0,216.71413,-886.0,-24.61111,5275.0,146.52777,2.0
1758077854.27317,30725.0,168.78004,39685.0,217.99954,-1266.0,-35.16667,4162.0,115.61111,2.0
1758077854.28952,30796.0,169.17006,39867.0,218.99931,-1458.0,-40.5,3189.0,88.58334,2.0
1758077854.29121,30875.0,169.60402,40001.0,219.7354,-1558.0,-43.27778,2305.0,64.02778,2.0
1758077854.30678,30953.0,170.0325,40095.0,220.25179,-1506.0,-41.83333,1563.0,43.41667,2.0
1758077854.31197,31026.0,170.4335,40154.0,220.57588,-1338.0,-37.16667,861.0,23.91667,2.0
1758077854.32941,31089.0,170.77959,40175.0,220.69124,-1159.0,-32.19444,120.0,3.33333,2.0
1758077854.33008,31143.0,171.07622,40167.0,220.64729,-949.0,-26.36111,-280.0,-7.77778,2.0
1758077854.3466,31183.0,171.29596,40142.0,220.50996,-696.0,-19.33333,-665.0,-18.47222,2.0
1758077854.34727,31216.0,171.47723,40094.0,220.24629,-616.0,-17.11111,-1182.0,-32.83333,2.0
1758077854.36276,31251.0,171.66949,40017.0,219.82329,-751.0,-20.86111,-1807.0,-50.19444,2.0
1758077854.37959,31298.0,171.92767,39903.0,219.19707,-1035.0,-28.75,-2618.0,-72.72222,2.0
1758077854.3803,31365.0,172.29572,39739.0,218.29617,-1572.0,-43.66667,-3601.0,-100.02778,2.0
1758077854.39576,31456.0,172.79561,39527.0,217.13161,-1923.0,-53.41667,-4571.0,-126.97222,2.0
1758077854.41145,31554.0,173.33395,39268.0,215.70885,-1846.0,-51.27778,-5513.0,-153.13889,2.0
1758077854.41494,31639.0,173.80087,38959.0,214.01144,-1497.0,-41.58333,-6541.0,-181.69444,2.0
1758077854.43173,31703.0,174.15244,38599.0,212.03387,-1099.0,-30.52778,-7554.0,-209.83333,2.0
1758077854.43342,31755.0,174.43808,38186.0,209.76517,-983.0,-27.30556,-8577.0,-238.25,2.0
1758077854.44878,31797.0,174.66879,37743.0,207.33165,-706.0,-19.61111,-8701.0,-241.69444,2.0
1758077854.44989,31817.0,174.77867,37318.0,204.99702,-34.0,-0.94444,-8203.0,-227.86111,2.0
1758077854.47173,31800.0,174.68527,36929.0,202.86014,596.0,16.55556,-7248.0,-201.33333,2.0
1758077854.47496,31747.0,174.39413,36588.0,200.98695,1462.0,40.61111,-6371.0,-176.97223,2.0
1758077854.49146,31653.0,173.87778,36287.0,199.3335,2132.0,59.22222,-5624.0,-156.22223,2.0
1758077854.49482,31532.0,173.21309,36016.0,197.84482,2554.0,70.94444,-5108.0,-141.88889,2.0
1758077854.51183,31400.0,172.48798,35759.0,196.43306,2510.0,69.72222,-5141.0,-142.80556,2.0
1758077854.5137,31286.0,171.86176,35494.0,194.97734,1999.0,55.52778,-5304.0,-147.33333,2.0
1758077854.53127,31204.0,171.41132,35234.0,193.5491,1333.0,37.02778,-4994.0,-138.72223,2.0
1758077854.53196,31158.0,171.15862,34991.0,192.21425,595.0,16.52778,-4747.0,-131.86111,2.0
1758077854.56945,31147.0,171.09819,34744.0,190.85741,-98.0,-2.72222,-5061.0,-140.58333,2.0
1758077854.57116,31163.0,171.18608,34478.0,189.39621,-542.0,-15.05556,-5388.0,-149.66667,2.0
1758077854.57211,31219.0,171.49371,34195.0,187.84161,-1604.0,-44.55556,-5670.0,-157.5,2.0
1758077854.57384,31333.0,172.11993,33895.0,186.19363,-2739.0,-76.08334,-6136.0,-170.44444,2.0
1758077854.59151,31508.0,173.08125,33575.0,184.43579,-4002.0,-111.16666,-6384.0,-177.33333,2.0
1758077854.59685,31741.0,174.36118,33254.0,182.67247,-5070.0,-140.83333,-6223.0,-172.86111,2.0
1758077854.61179,32027.0,175.93225,32948.0,180.99153,-6119.0,-169.97223,-5894.0,-163.72223,2.0
1758077854.61354,32368.0,177.80545,32667.0,179.44792,-7201.0,-200.02777,-5196.0,-144.33333,2.0
1758077854.61878,32757.0,179.94232,32434.0,178.168,-7980.0,-221.66667,-4102.0,-113.94444,2.0
1758077854.63383,33193.0,182.33739,32258.0,177.20119,-9048.0,-251.33333,-3007.0,-83.52778,2.0
1758077854.65069,33676.0,184.99063,32131.0,176.50354,-9844.0,-273.44446,-2154.0,-59.83333,2.0
1758077854.65143,34204.0,187.89105,32042.0,176.01465,-10852.0,-301.44446,-1470.0,-40.83333,2.0
1758077854.66685,34767.0,190.98375,31989.0,175.72351,-11352.0,-315.33334,-732.0,-20.33333,2.0
1758077854.67177,35357.0,194.22476,31967.0,175.60266,-11743.0,-326.19446,-229.0,-6.36111,2.0
1758077854.6869,35961.0,197.54268,31962.0,175.5752,-12130.0,-336.94446,0.0,0.0,2.0
1758077854.69182,36574.0,200.91005,31962.0,175.5752,-12094.0,-335.94446,0.0,0.0,2.0
1758077854.70686,37190.0,204.29388,31962.0,175.5752,-12149.0,-337.47223,0.0,0.0,2.0
1758077854.70844,37806.0,207.67773,31961.0,175.5697,-12238.0,-339.94446,-24.0,-0.66667,2.0
1758077854.72687,38418.0,211.0396,31960.0,175.56421,-11932.0,-331.44446,-38.0,-1.05556,2.0
1758077854.72775,39016.0,214.32455,31958.0,175.55322,-11627.0,-322.97223,-29.0,-0.80556,2.0
1758077854.74393,39588.0,217.46671,31957.0,175.54773,-11079.0,-307.75,-18.0,-0.5,2.0
1758077854.76136,40119.0,220.38362,31956.0,175.54224,-9921.0,-275.58334,-16.0,-0.44444,2.0
1758077854.76213,40587.0,222.95447,31956.0,175.54224,-8701.0,-241.69444,0.0,0.0,2.0
1758077854.78143,40982.0,225.12428,31956.0,175.54224,-7140.0,-198.33333,0.0,0.0,2.0
1758077854.78387,41304.0,226.8931,31956.0,175.54224,-5731.0,-159.19444,0.0,0.0,2.0
1758077854.78793,41544.0,228.21149,31956.0,175.54224,-4004.0,-111.22222,0.0,0.0,2.0
1758077854.80568,41695.0,229.04097,31956.0,175.54224,-2214.0,-61.5,0.0,0.0,2.0
1758077854.82169,41760.0,229.39803,31957.0,175.54773,-615.0,-17.08333,0.0,0.0,2.0
1758077854.82202,41758.0,229.38704,31957.0,175.54773,369.0,10.25,0.0,0.0,2.0
1758077854.83797,41720.0,229.1783,31957.0,175.54773,1009.0,28.02778,0.0,0.0,2.0
1758077854.83994,41648.0,228.78279,31957.0,175.54773,1755.0,48.75,0.0,0.0,2.0
1758077854.85495,41534.0,228.15656,31957.0,175.54773,2596.0,72.11111,0.0,0.0,2.0
1758077854.85776,41377.0,227.29413,31958.0,175.55322,3466.0,96.27778,0.0,0.0,2.0
1758077854.87656,41176.0,226.18997,31958.0,175.55322,4302.0,119.5,0.0,0.0,2.0
1758077854.87859,40936.0,224.8716,31959.0,175.55872,5058.0,140.5,0.0,0.0,2.0
1758077854.89584,40662.0,223.36646,31958.0,175.55322,5641.0,156.69444,-8.0,-0.22222,2.0
1758077854.91154,40361.0,221.71298,31959.0,175.55872,6177.0,171.58333,0.0,0.0,2.0
1758077854.91278,40039.0,219.94414,31963.0,175.58069,6521.0,181.13889,182.0,5.05556,2.0
1758077854.92894,39691.0,218.0325,31981.0,175.67957,7227.0,200.75,520.0,14.44444,2.0
1758077854.93054,39304.0,215.90663,32021.0,175.89929,7892.0,219.22223,890.0,24.72222,2.0
1758077854.94596,38885.0,213.60495,32071.0,176.17395,8621.0,239.47223,862.0,23.94444,2.0
1758077854.96166,38421.0,211.05608,32097.0,176.31677,9468.0,263.0,237.0,6.58333,2.0
1758077854.96197,37935.0,208.38635,32098.0,176.32227,9554.0,265.38889,-69.0,-1.91667,2.0
1758077854.9796,37458.0,205.76607,32097.0,176.31677,9190.0,255.27777,-19.0,-0.52778,2.0
1758077854.9807,37013.0,203.32159,32093.0,176.2948,8483.0,235.63889,-136.0,-3.77778,2.0
1758077854.99707,36598.0,201.04189,32080.0,176.22339,7891.0,219.19444,-358.0,-9.94444,2.0
1758077854.99747,36212.0,198.92148,32061.0,176.11902,7500.0,208.33333,-358.0,-9.94444,2.0
1758077855.01596,35833.0,196.83955,32049.0,176.0531,7511.0,208.63889,-91.0,-2.52778,2.0
1758077855.03178,35451.0,194.74112,32052.0,176.06958,7553.0,209.80556,82.0,2.27778,2.0
1758077855.03285,35060.0,192.59328,32055.0,176.08606,7852.0,218.11111,14.0,0.38889,2.0
1758077855.03783,34664.0,190.41794,32055.0,176.08606,7801.0,216.69444,13.0,0.36111,2.0
1758077855.05578,34269.0,188.24811,32056.0,176.09155,7868.0,218.55556,18.0,0.5,2.0
1758077855.07144,33863.0,186.01785,32059.0,176.10803,8000.0,222.22223,113.0,3.13889,2.0
1758077855.07309,33458.0,183.79309,32077.0,176.20691,8034.0,223.16667,584.0,16.22222,2.0
1758077855.07649,33049.0,181.54634,32127.0,176.48157,8109.0,225.25,1353.0,37.58333,2.0
1758077855.09285,32647.0,179.33806,32222.0,177.00343,7824.0,217.33333,2264.0,62.88889,2.0
1758077855.09653,32255.0,177.18471,32363.0,177.77798,7622.0,211.72223,3164.0,87.88889,2.0
1758077855.11209,31882.0,175.13573,32548.0,178.79424,7125.0,197.91667,4043.0,112.30556,2.0
1758077855.12799,31542.0,173.26802,32775.0,180.0412,6417.0,178.25,4836.0,134.33333,2.0
1758077855.13024,31238.0,171.59808,33039.0,181.49141,5603.0,155.63889,5491.0,152.52777,2.0
1758077855.14609,30984.0,170.20279,33334.0,183.11192,4466.0,124.05556,6065.0,168.47223,2.0
1758077855.14684,30791.0,169.14259,33659.0,184.89722,3307.0,91.86111,6644.0,184.55556,2.0
1758077855.16207,30657.0,168.40651,34009.0,186.81987,2153.0,59.80556,7085.0,196.80556,2.0
1758077855.17804,30577.0,167.96704,34379.0,188.85236,1146.0,31.83333,7554.0,209.83333,2.0
1758077855.18021,30547.0,167.80225,34773.0,191.01671,168.0,4.66667,7906.0,219.61111,2.0
1758077855.1951,30548.0,167.80774,35185.0,193.27992,0.0,0.0,8295.0,230.41667,2.0
1758077855.19685,30548.0,167.80774,35623.0,195.68596,0.0,0.0,8841.0,245.58333,2.0
1758077855.2121,30548.0,167.80774,36077.0,198.1799,0.0,0.0,9038.0,251.05556,2.0
1758077855.22812,30548.0,167.80774,36542.0,200.73427,0.0,0.0,9185.0,255.13889,2.0
1758077855.22887,30548.0,167.80774,37000.0,203.25018,-9.0,-0.25,8940.0,248.33333,2.0
1758077855.24413,30555.0,167.84619,37441.0,205.67268,-247.0,-6.86111,8425.0,234.02777,2.0
1758077855.26013,30572.0,167.93958,37841.0,207.87,-416.0,-11.55556,7552.0,209.77777,2.0
1758077855.26128,30605.0,168.12085,38196.0,209.8201,-821.0,-22.80556,6561.0,182.25,2.0
1758077855.27615,30656.0,168.40102,38493.0,211.45158,-1170.0,-32.5,5358.0,148.83333,2.0
1758077855.27726,30730.0,168.80751,38732.0,212.76447,-1630.0,-45.27778,4288.0,119.11111,2.0
1758077855.29211,30821.0,169.30739,38920.0,213.79721,-1896.0,-52.66667,3342.0,92.83334,2.0
1758077855.30824,30921.0,169.85672,39065.0,214.59373,-1962.0,-54.5,2534.0,70.38889,2.0
1758077855.31016,31020.0,170.40054,39175.0,215.19798,-1897.0,-52.69444,1947.0,54.08333,2.0
1758077855.32678,31110.0,170.89494,39258.0,215.65392,-1670.0,-46.38889,1432.0,39.77778,2.0
1758077855.32747,31186.0,171.31244,39318.0,215.98354,-1333.0,-37.02778,1051.0,29.19444,2.0
1758077855.34309,31247.0,171.64752,39357.0,216.19777,-1061.0,-29.47222,542.0,15.05556,2.0
1758077855.35915,31291.0,171.88922,39367.0,216.2527,-742.0,-20.61111,-58.0,-1.61111,2.0
1758077855.3603,31319.0,172.04303,39356.0,216.19228,-435.0,-12.08333,-320.0,-8.88889,2.0
1758077855.37593,31339.0,172.15289,39328.0,216.03847,-403.0,-11.19444,-763.0,-21.19444,2.0
1758077855.37673,31368.0,172.31219,39273.0,215.73631,-648.0,-18.0,-1366.0,-37.94444,2.0
1758077855.39216,31408.0,172.53192,39175.0,215.19798,-895.0,-24.86111,-2363.0,-65.63889,2.0
1758077855.40999,31461.0,172.82307,39026.0,214.37949,-1142.0,-31.72222,-3348.0,-93.0,2.0
1758077855.41081,31521.0,173.15266,38829.0,213.29733,-1160.0,-32.22222,-4243.0,-117.86111,2.0
1758077855.4262,31571.0,173.42734,38590.0,211.98444,-832.0,-23.11111,-5051.0,-140.30556,2.0
1758077855.42696,31603.0,173.60312,38305.0,210.41887,-448.0,-12.44444,-6097.0,-169.36111,2.0
1758077855.4422,31615.0,173.66904,37959.0,208.51819,-73.0,-2.02778,-7368.0,-204.66667,2.0
1758077855.45919,31615.0,173.66904,37559.0,206.32091,0.0,0.0,-8248.0,-229.11111,2.0
1758077855.46031,31613.0,173.65805,37134.0,203.98627,105.0,2.91667,-8373.0,-232.58333,2.0
1758077855.47594,31596.0,173.56467,36732.0,201.77797,537.0,14.91667,-7458.0,-207.16667,2.0
1758077855.47696,31544.0,173.27901,36376.0,199.82239,1429.0,39.69444,-6672.0,-185.33333,2.0
1758077855.49226,31437.0,172.69124,36069.0,198.13596,2634.0,73.16666,-5578.0,-154.94444,2.0
1758077855.50818,31273.0,171.79034,35818.0,196.75716,3665.0,101.80556,-4541.0,-126.13889,2.0
1758077855.509,31070.0,170.67522,35612.0,195.62553,4200.0,116.66666,-3720.0,-103.33334,2.0
1758077855.52421,30855.0,169.49416,35436.0,194.65872,4185.0,116.25,-3284.0,-91.22222,2.0
1758077855.52699,30655.0,168.39551,35275.0,193.77432,3693.0,102.58334,-3161.0,-87.80556,2.0
1758077855.54327,30491.0,167.49461,35112.0,192.87892,2822.0,78.38889,-3319.0,-92.19444,2.0
1758077855.55921,30380.0,166.88487,34931.0,191.88463,1694.0,47.05556,-3785.0,-105.13889,2.0
1758077855.56001,30331.0,166.61571,34722.0,190.73656,398.0,11.05556,-4317.0,-119.91666,2.0
1758077855.57528,30336.0,166.64317,34500.0,189.51706,-302.0,-8.38889,-4223.0,-117.30556,2.0
1758077855.57723,30361.0,166.7805,34311.0,188.47882,-596.0,-16.55556,-3302.0,-91.72222,2.0
1758077855.59365,30396.0,166.97276,34171.0,187.70976,-749.0,-20.80556,-2415.0,-67.08334,2.0
1758077855.60927,30441.0,167.21996,34060.0,187.10002,-1132.0,-31.44444,-2091.0,-58.08333,2.0
1758077855.61041,30522.0,167.6649,33950.0,186.49577,-2013.0,-55.91667,-2271.0,-63.08333,2.0
1758077855.62604,30664.0,168.44496,33821.0,185.78714,-3405.0,-94.58334,-2777.0,-77.13889,2.0
1758077855.62682,30883.0,169.64796,33659.0,184.89722,-5041.0,-140.02777,-3496.0,-97.11111,2.0
1758077855.64223,31185.0,171.30695,33464.0,183.82605,-6668.0,-185.22223,-4095.0,-113.75,2.0
1758077855.65908,31568.0,173.41086,33247.0,182.63402,-8194.0,-227.61111,-4438.0,-123.27778,2.0
1758077855.65984,32015.0,175.86633,33017.0,181.37056,-9353.0,-259.80554,-4583.0,-127.30556,2.0
1758077855.67526,32522.0,178.65141,32793.0,180.14008,-10421.0,-289.47223,-4297.0,-119.36111,2.0
1758077855.67647,33067.0,181.64522,32595.0,179.05241,-11081.0,-307.80554,-3613.0,-100.36111,2.0
1758077855.69231,33645.0,184.82031,32436.0,178.17899,-11551.0,-320.86111,-2766.0,-76.83334,2.0
1758077855.7083,34241.0,188.0943,32321.0,177.54727,-11995.0,-333.19446,-1943.0,-53.97222,2.0
1758077855.7093,34842.0,191.39574,32245.0,177.12978,-11815.0,-328.19446,-1167.0,-32.41667,2.0
1758077855.72592,35442.0,194.69168,32201.0,176.88808,-11751.0,-326.41666,-653.0,-18.13889,2.0
1758077855.72673,36033.0,197.9382,32177.0,176.75623,-11640.0,-323.33334,-292.0,-8.11111,2.0
1758077855.7423,36608.0,201.09682,32173.0,176.73425,-11196.0,-311.0,0.0,0.0,2.0
1758077855.7583,37174.0,204.20599,32173.0,176.73425,-11081.0,-307.80554,0.0,0.0,2.0
1758077855.75949,37733.0,207.27672,32172.0,176.72876,-11102.0,-308.38889,-36.0,-1.0,2.0
1758077855.77432,38286.0,210.3145,32168.0,176.70679,-10708.0,-297.44446,-121.0,-3.36111,2.0
1758077855.77645,38826.0,213.28085,32156.0,176.64087,-10650.0,-295.83334,-310.0,-8.61111,2.0
1758077855.79477,39348.0,216.14833,32140.0,176.55298,-10112.0,-280.88889,-349.0,-9.69444,2.0
1758077855.79674,39845.0,218.87846,32116.0,176.42114,-9398.0,-261.05554,-511.0,-14.19444,2.0
1758077855.81589,40281.0,221.27351,32096.0,176.31128,-8011.0,-222.52777,-272.0,-7.55556,2.0
1758077855.81681,40655.0,223.328,32086.0,176.25635,-6704.0,-186.22223,-128.0,-3.55556,2.0
1758077855.83341,40943.0,224.91005,32086.0,176.25635,-4922.0,-136.72223,0.0,0.0,2.0
1758077855.84936,41146.0,226.02518,32086.0,176.25635,-3315.0,-92.08334,0.0,0.0,2.0
1758077855.85061,41267.0,226.68985,32086.0,176.25635,-1715.0,-47.63889,0.0,0.0,2.0
1758077855.86618,41308.0,226.91507,32086.0,176.25635,-136.0,-3.77778,0.0,0.0,2.0
1758077855.867,41296.0,226.84915,32086.0,176.25635,400.0,11.11111,0.0,0.0,2.0
1758077855.88319,41265.0,226.67886,32086.0,176.25635,761.0,21.13889,-18.0,-0.5,2.0
1758077855.89934,41216.0,226.4097,32085.0,176.25085,1117.0,31.02778,-31.0,-0.86111,2.0
1758077855.90049,41151.0,226.05264,32083.0,176.23987,1421.0,39.47222,-57.0,-1.58333,2.0
1758077855.91537,41069.0,225.60219,32079.0,176.2179,1774.0,49.27778,-140.0,-3.88889,2.0
1758077855.91657,40967.0,225.04189,32070.0,176.16846,2216.0,61.55556,-208.0,-5.77778,2.0
1758077855.93241,40839.0,224.33876,32059.0,176.10803,2808.0,78.0,-174.0,-4.83333,2.0
1758077855.94836,40677.0,223.44885,32052.0,176.06958,3537.0,98.25,-66.0,-1.83333,2.0
1758077855.94918,40475.0,222.3392,32054.0,176.08057,4352.0,120.88889,81.0,2.25,2.0
1758077855.96555,40226.0,220.97139,32061.0,176.11902,5326.0,147.94444,188.0,5.22222,2.0
1758077855.96644,39929.0,219.33989,32079.0,176.2179,6290.0,174.72223,490.0,13.61111,2.0
1758077855.98237,39579.0,217.41727,32109.0,176.38269,7383.0,205.08333,681.0,18.91667,2.0
1758077855.99852,39181.0,215.23094,32143.0,176.56946,8190.0,227.5,559.0,15.52778,2.0
1758077855.99966,38745.0,212.83588,32160.0,176.66284,9032.0,250.88889,174.0,4.83333,2.0
1758077856.01521,38267.0,210.21011,32163.0,176.67932,9546.0,265.16666,10.0,0.27778,2.0
1758077856.01651,37790.0,207.58984,32163.0,176.67932,9421.0,261.69446,-18.0,-0.5,2.0
1758077856.03251,37328.0,205.05196,32161.0,176.66833,8818.0,244.94444,-78.0,-2.16667,2.0
1758077856.04957,36904.0,202.72281,32156.0,176.64087,8162.0,226.72223,-122.0,-3.38889,2.0
1758077856.04999,36515.0,200.58595,32149.0,176.60242,7312.0,203.11111,-155.0,-4.30556,2.0
1758077856.06627,36165.0,198.6633,32142.0,176.56396,6652.0,184.77777,-117.0,-3.25,2.0
1758077856.06756,35839.0,196.87251,32140.0,176.55298,6294.0,174.83333,15.0,0.41667,2.0
1758077856.08328,35528.0,195.16411,32141.0,176.55847,6045.0,167.91667,9.0,0.25,2.0
1758077856.09954,35226.0,193.50516,32142.0,176.56396,5924.0,164.55556,17.0,0.47222,2.0
1758077856.10064,34925.0,191.85167,32143.0,176.56946,5924.0,164.55556,31.0,0.86111,2.0
1758077856.11589,34624.0,190.19821,32147.0,176.59143,6019.0,167.19444,162.0,4.5,2.0
1758077856.117,34312.0,188.48431,32172.0,176.72876,6285.0,174.58333,799.0,22.19444,2.0
1758077856.13358,33983.0,186.67705,32241.0,177.1078,6619.0,183.86111,1806.0,50.16667,2.0
1758077856.14954,33649.0,184.84229,32371.0,177.82193,6582.0,182.83333,3120.0,86.66666,2.0
1758077856.1503,33316.0,183.01305,32571.0,178.92058,6602.0,183.38889,4603.0,127.86111,2.0
1758077856.16634,32976.0,181.14534,32844.0,180.42023,6635.0,184.30556,6052.0,168.11111,2.0
1758077856.1675,32640.0,179.29961,33184.0,182.28795,6668.0,185.22223,7185.0,199.58333,2.0
1758077856.18424,32300.0,177.4319,33579.0,184.45776,6715.0,186.52777,8225.0,228.47223,2.0
1758077856.19957,31968.0,175.60815,34011.0,186.83086,6369.0,176.91667,8694.0,241.5,2.0
1758077856.20068,31665.0,173.9437,34454.0,189.26437,5678.0,157.72223,8857.0,246.02777,2.0
1758077856.21555,31404.0,172.50995,34895.0,191.68687,4681.0,130.02777,8565.0,237.91667,2.0
1758077856.21703,31203.0,171.40582,35314.0,193.98856,3409.0,94.69444,8136.0,226.0,2.0
1758077856.2325,31072.0,170.6862,35709.0,196.15837,2034.0,56.5,7531.0,209.19444,2.0
1758077856.2485,31002.0,170.30167,36076.0,198.17441,961.0,26.69444,7078.0,196.61111,2.0
1758077856.24933,30972.0,170.13687,36435.0,200.14648,348.0,9.66667,7109.0,197.47223,2.0
1758077856.26607,30967.0,170.10941,36796.0,202.12955,0.0,0.0,7158.0,198.83333,2.0
1758077856.26695,30967.0,170.10941,37170.0,204.18402,0.0,0.0,7619.0,211.63889,2.0
1758077856.2825,30967.0,170.10941,37565.0,206.35387,0.0,0.0,7896.0,219.33333,2.0
1758077856.29851,30968.0,170.1149,37959.0,208.51819,-6.0,-0.16667,7723.0,214.52777,2.0
1758077856.29928,30969.0,170.12039,38347.0,210.64958,-9.0,-0.25,7514.0,208.72223,2.0
1758077856.31453,30975.0,170.15335,38708.0,212.63263,-217.0,-6.02778,6871.0,190.86111,2.0
1758077856.33054,30996.0,170.26871,39033.0,214.41794,-516.0,-14.33333,6069.0,168.58333,2.0
1758077856.3313,31034.0,170.47745,39311.0,215.94508,-935.0,-25.97222,4972.0,138.11111,2.0
1758077856.34662,31095.0,170.81255,39534.0,217.17006,-1378.0,-38.27778,3946.0,109.61111,2.0
1758077856.34783,31174.0,171.24652,39708.0,218.12589,-1624.0,-45.11111,3039.0,84.41666,2.0
1758077856.36256,31262.0,171.72992,39839.0,218.8455,-1776.0,-49.33333,2261.0,62.80556,2.0
1758077856.37857,31353.0,172.2298,39932.0,219.35637,-1756.0,-48.77778,1538.0,42.72222,2.0
1758077856.37936,31438.0,172.69673,39990.0,219.67497,-1602.0,-44.5,895.0,24.86111,2.0
1758077856.39466,31513.0,173.10872,40014.0,219.80681,-1401.0,-38.91667,105.0,2.91667,2.0
1758077856.41061,31575.0,173.44931,40003.0,219.74638,-1098.0,-30.5,-399.0,-11.08333,2.0
1758077856.4114,31624.0,173.71848,39971.0,219.5706,-866.0,-24.05556,-800.0,-22.22222,2.0
1758077856.42658,31665.0,173.9437,39913.0,219.252,-792.0,-22.0,-1468.0,-40.77778,2.0
1758077856.42749,31706.0,174.16891,39815.0,218.71367,-879.0,-24.41667,-2318.0,-64.38889,2.0
1758077856.44262,31762.0,174.47653,39670.0,217.91714,-1234.0,-34.27778,-3276.0,-91.0,2.0
1758077856.45862,31825.0,174.82262,39474.0,216.84047,-1226.0,-34.05556,-4300.0,-119.44444,2.0
1758077856.45938,31879.0,175.11925,39229.0,215.49461,-901.0,-25.02778,-5149.0,-143.02777,2.0
1758077856.47543,31909.0,175.28404,38940.0,213.90707,-329.0,-9.13889,-6107.0,-169.63889,2.0
1758077856.47661,31907.0,175.27306,38606.0,212.07233,212.0,5.88889,-7011.0,-194.75,2.0
1758077856.49302,31896.0,175.21263,38218.0,209.94095,257.0,7.13889,-8260.0,-229.44444,2.0
1758077856.5086,31881.0,175.13023,37780.0,207.53491,256.0,7.11111,-8896.0,-247.11111,2.0
1758077856.50978,31868.0,175.05882,37331.0,205.06844,389.0,10.80556,-8804.0,-244.55556,2.0
1758077856.52551,31831.0,174.85558,36905.0,202.7283,1083.0,30.08333,-8016.0,-222.66667,2.0
1758077856.52666,31746.0,174.38864,36525.0,200.64088,2188.0,60.77778,-7111.0,-197.52777,2.0
1758077856.54268,31603.0,173.60312,36186.0,198.77866,3299.0,91.63889,-6353.0,-176.47223,2.0
1758077856.55991,31407.0,172.52643,35893.0,197.16914,4233.0,117.58334,-5404.0,-150.11111,2.0
1758077856.56026,31178.0,171.26849,35638.0,195.76836,4672.0,129.77777,-4778.0,-132.72223,2.0
1758077856.57576,30945.0,169.98856,35404.0,194.48294,4531.0,125.86111,-4493.0,-124.80556,2.0
1758077856.57691,30731.0,168.813,35177.0,193.23598,3936.0,109.33334,-4526.0,-125.72222,2.0
1758077856.59264,30558.0,167.86267,34934.0,191.90111,3002.0,83.38889,-5016.0,-139.33333,2.0
1758077856.60872,30442.0,167.22545,34653.0,190.35751,1759.0,48.86111,-5914.0,-164.27777,2.0
1758077856.6099,30395.0,166.96727,34330.0,188.58319,370.0,10.27778,-6642.0,-184.5,2.0
1758077856.63961,30400.0,166.99474,34007.0,186.80888,-261.0,-7.25,-6012.0,-167.0,2.0
1758077856.63979,30418.0,167.09361,33731.0,185.29276,-357.0,-9.91667,-5032.0,-139.77777,2.0
1758077856.64283,30433.0,167.17601,33498.0,184.01282,-326.0,-9.05556,-4312.0,-119.77778,2.0
1758077856.65869,30456.0,167.30235,33299.0,182.91966,-631.0,-17.52778,-3634.0,-100.94444,2.0
1758077856.65982,30506.0,167.57701,33125.0,181.96382,-1363.0,-37.86111,-3331.0,-92.52778,2.0
1758077856.67466,30614.0,168.17029,32951.0,181.00801,-2752.0,-76.44444,-3553.0,-98.69444,2.0
1758077856.69062,30797.0,169.17555,32760.0,179.9588,-4301.0,-119.47222,-3938.0,-109.38889,2.0
1758077856.69131,31049.0,170.55986,32553.0,178.8217,-5693.0,-158.13889,-4181.0,-116.13889,2.0
1758077856.70663,31392.0,172.44403,32336.0,177.62967,-7508.0,-208.55556,-4409.0,-122.47222,2.0
1758077856.70738,31812.0,174.75121,32111.0,176.39368,-8784.0,-244.0,-4504.0,-125.11111,2.0
1758077856.72273,32291.0,177.38246,31890.0,175.17967,-10045.0,-279.02777,-4204.0,-116.77778,2.0
1758077856.73945,32820.0,180.28839,31701.0,174.14145,-10641.0,-295.58334,-3331.0,-92.52778,2.0
1758077856.74011,33381.0,183.3701,31560.0,173.36691,-11416.0,-317.11111,-2316.0,-64.33334,2.0
1758077856.75563,33964.0,186.57268,31468.0,172.86153,-11648.0,-323.55554,-1383.0,-38.41667,2.0
1758077856.75687,34561.0,189.85214,31420.0,172.59784,-11702.0,-325.05554,-631.0,-17.52778,2.0
1758077856.77265,35153.0,193.10414,31407.0,172.52643,-11732.0,-325.88889,17.0,0.47222,2.0
1758077856.78876,35732.0,196.28474,31410.0,172.54291,-11318.0,-314.38889,19.0,0.52778,2.0
1758077856.79006,36300.0,199.40491,31410.0,172.54291,-10978.0,-304.94446,0.0,0.0,2.0
1758077856.80585,36840.0,202.37125,31410.0,172.54291,-10528.0,-292.44446,-6.0,-0.16667,2.0
1758077856.80683,37359.0,205.22224,31409.0,172.53741,-9973.0,-277.02777,-9.0,-0.25,2.0
1758077856.82283,37858.0,207.96338,31408.0,172.53192,-9743.0,-270.63889,-12.0,-0.33333,2.0
1758077856.83878,38322.0,210.51225,31409.0,172.53741,-8744.0,-242.88889,0.0,0.0,2.0
1758077856.83994,38749.0,212.85785,31409.0,172.53741,-8029.0,-223.02777,0.0,0.0,2.0
1758077856.85474,39122.0,214.90685,31409.0,172.53741,-6840.0,-190.0,0.0,0.0,2.0
1758077856.87079,39435.0,216.62624,31411.0,172.5484,-5669.0,-157.47223,52.0,1.44444,2.0
1758077856.87197,39677.0,217.9556,31417.0,172.58136,-4110.0,-114.16666,120.0,3.33333,2.0
1758077856.88677,39837.0,218.83452,31424.0,172.61983,-2445.0,-67.91666,169.0,4.69444,2.0
1758077856.88756,39917.0,219.27397,31435.0,172.68025,-998.0,-27.72222,179.0,4.97222,2.0
1758077856.90282,39933.0,219.36186,31439.0,172.70222,139.0,3.86111,2.0,0.05556,2.0
1758077856.91884,39918.0,219.27946,31438.0,172.69673,365.0,10.13889,-35.0,-0.97222,2.0
1758077856.91957,39888.0,219.11467,31438.0,172.69673,755.0,20.97222,-15.0,-0.41667,2.0
1758077856.93484,39835.0,218.82353,31437.0,172.69124,1246.0,34.61111,-11.0,-0.30556,2.0
1758077856.95084,39759.0,218.40604,31437.0,172.69124,1671.0,46.41667,0.0,0.0,2.0
1758077856.95206,39659.0,217.85672,31437.0,172.69124,2204.0,61.22222,0.0,0.0,2.0
1758077856.96683,39534.0,217.17006,31437.0,172.69124,2666.0,74.05556,0.0,0.0,2.0
1758077856.96805,39386.0,216.35707,31438.0,172.69673,3164.0,87.88889,0.0,0.0,2.0
1758077856.98288,39210.0,215.39024,31439.0,172.70222,3755.0,104.30556,75.0,2.08333,2.0
1758077856.9989,38998.0,214.22568,31453.0,172.77913,4559.0,126.63889,431.0,11.97222,2.0
1758077857.00005,38742.0,212.8194,31492.0,172.99336,5471.0,151.97223,1039.0,28.86111,2.0
1758077857.01603,38442.0,211.17143,31567.0,173.40536,6300.0,175.0,1777.0,49.36111,2.0
1758077857.01689,38098.0,209.28177,31667.0,173.95468,7202.0,200.05556,2075.0,57.63889,2.0
1758077857.03286,37702.0,207.10643,31760.0,174.46555,8266.0,229.61111,1607.0,44.63889,2.0
1758077857.04933,37268.0,204.72237,31826.0,174.82811,8536.0,237.11111,1017.0,28.25,2.0
1758077857.04967,36842.0,202.38223,31853.0,174.97643,8255.0,229.30556,156.0,4.33333,2.0
1758077857.066,36445.0,200.20142,31846.0,174.93797,7511.0,208.63889,-247.0,-6.86111,2.0
1758077857.06692,36087.0,198.23483,31826.0,174.82811,6770.0,188.05556,-526.0,-14.61111,2.0
1758077857.08298,35762.0,196.44954,31789.0,174.62485,6116.0,169.88889,-782.0,-21.72222,2.0
1758077857.09889,35476.0,194.87846,31750.0,174.41061,5313.0,147.58333,-736.0,-20.44444,2.0
1758077857.10002,35223.0,193.48868,31720.0,174.24582,4793.0,133.13889,-409.0,-11.36111,2.0
1758077857.11602,34990.0,192.20876,31711.0,174.19638,4475.0,124.30556,-15.0,-0.41667,2.0
1758077857.11723,34766.0,190.97826,31714.0,174.21286,4412.0,122.55556,55.0,1.52778,2.0
1758077857.13295,34535.0,189.70932,31717.0,174.22934,4690.0,130.27777,54.0,1.5,2.0
1758077857.14931,34280.0,188.30853,31723.0,174.2623,5319.0,147.75,233.0,6.47222,2.0
1758077857.15094,33995.0,186.74297,31745.0,174.38315,5768.0,160.22223,555.0,15.41667,2.0
1758077857.16596,33701.0,185.12796,31783.0,174.59189,5832.0,162.0,853.0,23.69444,2.0
1758077857.16766,33406.0,183.50743,31832.0,174.86107,5849.0,162.47223,1033.0,28.69444,2.0
1758077857.18387,33104.0,181.84846,31894.0,175.20164,5905.0,164.02777,1414.0,39.27778,2.0
1758077857.19998,32808.0,180.22247,31981.0,175.67957,5771.0,160.30556,1977.0,54.91667,2.0
1758077857.20072,32522.0,178.65141,32105.0,176.36072,5593.0,155.36111,2814.0,78.16666,2.0
1758077857.21593,32242.0,177.1133,32274.0,177.28908,5437.0,151.02777,3776.0,104.88889,2.0
1758077857.21772,31972.0,175.63013,32498.0,178.51958,5226.0,145.16667,4906.0,136.27777,2.0
1758077857.23374,31714.0,174.21286,32784.0,180.09064,5010.0,139.16667,6189.0,171.91667,2.0
1758077857.25194,31467.0,172.85603,33127.0,181.97481,4831.0,134.19444,7202.0,200.05556,2.0
1758077857.25234,31233.0,171.57062,33520.0,184.13367,4483.0,124.52778,8201.0,227.80556,2.0
1758077857.26901,31023.0,170.41702,33955.0,186.52324,3876.0,107.66666,8855.0,245.97223,2.0
1758077857.27024,30849.0,169.4612,34414.0,189.04462,3066.0,85.16666,9322.0,258.94446,2.0
1758077857.28583,30720.0,168.75258,34891.0,191.6649,2111.0,58.63889,9442.0,262.27777,2.0
1758077857.28707,30642.0,168.3241,35366.0,194.2742,1058.0,29.38889,9461.0,262.80554,2.0
1758077857.30621,30614.0,168.17029,35841.0,196.8835,182.0,5.05556,9297.0,258.25,2.0
1758077857.30826,30614.0,168.17029,36308.0,199.44885,-5.0,-0.13889,9222.0,256.16666,2.0
1758077857.32643,30614.0,168.17029,36770.0,201.98672,0.0,0.0,8967.0,249.08333,2.0
1758077857.32717,30614.0,168.17029,37219.0,204.45319,0.0,0.0,8837.0,245.47223,2.0
1758077857.34378,30618.0,168.19226,37647.0,206.80431,-110.0,-3.05556,8080.0,224.44444,2.0
1758077857.36066,30624.0,168.22522,38031.0,208.91373,-98.0,-2.72222,7326.0,203.5,2.0
1758077857.36096,30634.0,168.28015,38371.0,210.78142,-295.0,-8.19444,6178.0,171.61111,2.0
1758077857.37599,30661.0,168.42848,38646.0,212.29205,-700.0,-19.44444,4887.0,135.75,2.0
1758077857.37727,30712.0,168.70863,38860.0,213.46762,-1213.0,-33.69444,3741.0,103.91666,2.0
1758077857.39382,30783.0,169.09865,39019.0,214.34103,-1476.0,-41.0,2697.0,74.91666,2.0
1758077857.41172,30863.0,169.5381,39132.0,214.96178,-1620.0,-45.0,1898.0,52.72222,2.0
1758077857.41241,30942.0,169.97208,39211.0,215.39574,-1515.0,-42.08333,1335.0,37.08333,2.0
1758077857.42815,31016.0,170.37857,39265.0,215.69237,-1339.0,-37.19444,874.0,24.27778,2.0
1758077857.4292,31077.0,170.71367,39302.0,215.89565,-1086.0,-30.16667,649.0,18.02778,2.0
1758077857.44408,31125.0,170.97734,39330.0,216.04945,-835.0,-23.19444,436.0,12.11111,2.0
1758077857.4601,31159.0,171.16411,39342.0,216.11537,-542.0,-15.05556,69.0,1.91667,2.0
1758077857.46127,31180.0,171.27948,39337.0,216.08791,-318.0,-8.83333,-160.0,-4.44444,2.0
1758077857.4762,31194.0,171.35638,39326.0,216.02748,-292.0,-8.11111,-316.0,-8.77778,2.0
1758077857.47731,31215.0,171.47174,39301.0,215.89015,-523.0,-14.52778,-601.0,-16.69444,2.0
1758077857.49469,31252.0,171.67499,39254.0,215.63194,-888.0,-24.66667,-1246.0,-34.61111,2.0
1758077857.51093,31313.0,172.01007,39163.0,215.13206,-1434.0,-39.83333,-2217.0,-61.58333,2.0
1758077857.51167,31403.0,172.50446,39024.0,214.3685,-1989.0,-55.25,-3177.0,-88.25,2.0
1758077857.52718,31512.0,173.10323,38835.0,213.33029,-2174.0,-60.38889,-4080.0,-113.33334,2.0
1758077857.52791,31616.0,173.67453,38602.0,212.05035,-1970.0,-54.72222,-5011.0,-139.19444,2.0
1758077857.54315,31707.0,174.17441,38315.0,210.4738,-1686.0,-46.83333,-6184.0,-171.77777,2.0
1758077857.55916,31789.0,174.62485,37968.0,208.56763,-1565.0,-43.47222,-7265.0,-201.80556,2.0
1758077857.55995,31864.0,175.03685,37594.0,206.51317,-1366.0,-37.94444,-7349.0,-204.13889,2.0
1758077857.57519,31917.0,175.32799,37230.0,204.51361,-685.0,-19.02778,-6958.0,-193.27777,2.0
1758077857.5912,31922.0,175.35545,36899.0,202.69534,307.0,8.52778,-6174.0,-171.5,2.0
1758077857.59257,31880.0,175.12474,36609.0,201.10231,1249.0,34.69444,-5438.0,-151.05556,2.0
1758077857.60721,31796.0,174.6633,36351.0,199.68506,1995.0,55.41667,-4810.0,-133.61111,2.0
1758077857.60838,31674.0,173.99313,36125.0,198.44357,2661.0,73.91666,-4212.0,-117.0,2.0
1758077857.62321,31529.0,173.19661,35925.0,197.34492,2987.0,82.97222,-3832.0,-106.44444,2.0
1758077857.63968,31378.0,172.36713,35735.0,196.30122,2866.0,79.61111,-3762.0,-104.5,2.0
1758077857.64002,31245.0,171.63654,35540.0,195.23003,2410.0,66.94444,-3952.0,-109.77778,2.0
1758077857.65522,31145.0,171.0872,35332.0,194.08743,1629.0,45.25,-4233.0,-117.58334,2.0
1758077857.67121,31085.0,170.75761,35108.0,192.85695,804.0,22.33333,-4510.0,-125.27778,2.0
1758077857.67248,31068.0,170.66423,34880.0,191.60448,65.0,1.80556,-4410.0,-122.5,2.0
1758077857.68726,31068.0,170.66423,34671.0,190.45639,0.0,0.0,-3908.0,-108.55556,2.0
1758077857.68841,31068.0,170.66423,34486.0,189.44016,0.0,0.0,-3469.0,-96.36111,2.0
1758077857.70327,31068.0,170.66423,34319.0,188.52277,0.0,0.0,-3165.0,-87.91666,2.0
1758077857.71924,31072.0,170.6862,34164.0,187.67131,-184.0,-5.11111,-3027.0,-84.08334,2.0
1758077857.72038,31098.0,170.82903,34009.0,186.81987,-802.0,-22.27778,-3152.0,-87.55556,2.0
1758077857.73561,31168.0,171.21356,33836.0,185.86954,-1835.0,-50.97222,-3630.0,-100.83334,2.0
1758077857.75316,31301.0,171.94415,33636.0,184.77087,-3228.0,-89.66666,-4215.0,-117.08334,2.0
1758077857.75372,31504.0,173.05928,33407.0,183.51292,-4632.0,-128.66667,-4749.0,-131.91667,2.0
1758077857.76923,31774.0,174.54245,33155.0,182.12865,-5877.0,-163.25,-5022.0,-139.5,2.0
1758077857.77042,32105.0,176.36072,32899.0,180.72237,-7073.0,-196.47223,-5015.0,-139.30556,2.0
1758077857.78609,32497.0,178.51408,32654.0,179.37651,-8138.0,-226.05556,-4603.0,-127.86111,2.0
1758077857.78733,32929.0,180.88716,32442.0,178.21194,-8872.0,-246.44444,-3781.0,-105.02778,2.0
1758077857.80327,33400.0,183.47447,32277.0,177.30556,-9613.0,-267.02777,-2895.0,-80.41666,2.0
1758077857.81931,33897.0,186.20462,32155.0,176.63538,-10041.0,-278.91666,-2052.0,-57.0,2.0
1758077857.82012,34421.0,189.08307,32074.0,176.19043,-10415.0,-289.30554,-1301.0,-36.13889,2.0
1758077857.83529,34955.0,192.01649,32025.0,175.92126,-10743.0,-298.41666,-657.0,-18.25,2.0
1758077857.85136,35502.0,195.02129,32011.0,175.84436,-10765.0,-299.02777,-40.0,-1.11111,2.0
1758077857.85254,36058.0,198.07553,32012.0,175.84985,-11129.0,-309.13889,0.0,0.0,2.0
1758077857.86732,36622.0,201.17372,32012.0,175.84985,-10991.0,-305.30554,0.0,0.0,2.0
1758077857.86848,37185.0,204.26642,32011.0,175.84436,-11105.0,-308.47223,0.0,0.0,2.0
1758077857.88331,37748.0,207.35912,32011.0,175.84436,-11237.0,-312.13889,-22.0,-0.61111,2.0
1758077857.89952,38311.0,210.45183,32008.0,175.82788,-10953.0,-304.25,-89.0,-2.47222,2.0
1758077857.89994,38863.0,213.4841,32000.0,175.78394,-10843.0,-301.19446,-183.0,-5.08333,2.0
1758077857.91536,39383.0,216.34059,31997.0,175.76746,-9836.0,-273.22223,0.0,0.0,2.0
1758077857.93128,39853.0,218.92241,31997.0,175.76746,-8666.0,-240.72223,0.0,0.0,2.0
1758077857.93248,40245.0,221.07576,31998.0,175.77295,-7052.0,-195.88889,0.0,0.0,2.0
1758077857.94776,40556.0,222.78415,32000.0,175.78394,-5389.0,-149.69444,30.0,0.83333,2.0
1758077857.94808,40775.0,223.98718,32002.0,175.79492,-3530.0,-98.05556,11.0,0.30556,2.0
1758077857.9638,40901.0,224.67934,32003.0,175.80042,-1729.0,-48.02778,0.0,0.0,2.0
1758077857.97936,40942.0,224.90456,32003.0,175.80042,-160.0,-4.44444,0.0,0.0,2.0
1758077857.98055,40931.0,224.84413,32003.0,175.80042,371.0,10.30556,0.0,0.0,2.0
1758077857.99532,40899.0,224.66835,32003.0,175.80042,834.0,23.16667,0.0,0.0,2.0
1758077858.01136,40842.0,224.35524,32003.0,175.80042,1337.0,37.13889,0.0,0.0,2.0
1758077858.0121,40760.0,223.90479,32003.0,175.80042,1833.0,50.91667,0.0,0.0,2.0
1758077858.02741,40653.0,223.31702,32003.0,175.80042,2342.0,65.05556,0.0,0.0,2.0
1758077858.02816,40517.0,222.56992,32003.0,175.80042,2929.0,81.36111,-15.0,-0.41667,2.0
1758077858.04336,40354.0,221.67453,32003.0,175.80042,3450.0,95.83334,0.0,0.0,2.0
1758077858.05944,40167.0,220.64729,32003.0,175.80042,3922.0,108.94444,45.0,1.25,2.0
1758077858.06018,39950.0,219.45525,32013.0,175.85535,4553.0,126.47222,323.0,8.97222,2.0
1758077858.07546,39696.0,218.05997,32043.0,176.02014,5408.0,150.22223,824.0,22.88889,2.0
1758077858.09145,39398.0,216.42299,32097.0,176.31677,6256.0,173.77777,1226.0,34.05556,2.0
1758077858.09261,39062.0,214.57726,32165.0,176.69031,6917.0,192.13889,1461.0,40.58333,2.0
1758077858.10747,38683.0,212.4953,32235.0,177.07484,7879.0,218.86111,1185.0,32.91667,2.0
1758077858.10857,38268.0,210.21561,32281.0,177.32753,8298.0,230.5,656.0,18.22222,2.0
1758077858.12343,37860.0,207.97437,32293.0,177.39345,7915.0,219.86111,-117.0,-3.25,2.0
1758077858.13981,37479.0,205.88142,32282.0,177.33302,7109.0,197.47223,-313.0,-8.69444,2.0
1758077858.14013,37147.0,204.05768,32257.0,177.19569,6159.0,171.08333,-608.0,-16.88889,2.0
1758077858.15552,36858.0,202.47012,32220.0,176.99245,5377.0,149.36111,-849.0,-23.58333,2.0
1758077858.17182,36605.0,201.08034,32170.0,176.71777,4694.0,130.38889,-1043.0,-28.97222,2.0
1758077858.17216,36378.0,199.83337,32120.0,176.44312,4353.0,120.91666,-917.0,-25.47222,2.0
1758077858.1879,36158.0,198.62485,32082.0,176.23438,4352.0,120.88889,-625.0,-17.36111,2.0
1758077858.18822,35928.0,197.3614,32061.0,176.11902,4668.0,129.66667,-227.0,-6.30556,2.0
1758077858.20352,35674.0,195.96611,32062.0,176.12451,5162.0,143.38889,107.0,2.97222,2.0
1758077858.21988,35398.0,194.44998,32065.0,176.14099,5618.0,156.05556,8.0,0.22222,2.0
1758077858.22022,35103.0,192.82948,32065.0,176.14099,5962.0,165.61111,0.0,0.0,2.0
1758077858.23553,34801.0,191.17052,32065.0,176.14099,5987.0,166.30556,0.0,0.0,2.0
1758077858.25188,34498.0,189.50607,32066.0,176.14648,5961.0,165.58333,14.0,0.38889,2.0
1758077858.25371,34191.0,187.81964,32067.0,176.15198,6157.0,171.02777,52.0,1.44444,2.0
1758077858.25796,33878.0,186.10025,32075.0,176.19592,6211.0,172.52777,296.0,8.22222,2.0
1758077858.27348,33562.0,184.36438,32104.0,176.35522,6263.0,173.97223,868.0,24.11111,2.0
1758077858.29231,33240.0,182.59557,32177.0,176.75623,6455.0,179.30556,1908.0,53.0,2.0
1758077858.29266,32911.0,180.78828,32306.0,177.46486,6502.0,180.61111,3093.0,85.91666,2.0
1758077858.30932,32581.0,178.97551,32498.0,178.51958,6536.0,181.55556,4344.0,120.66666,2.0
1758077858.31088,32251.0,177.16273,32758.0,179.94781,6491.0,180.30556,5697.0,158.25,2.0
1758077858.32657,31928.0,175.38841,33079.0,181.71114,6246.0,173.5,6781.0,188.36111,2.0
1758077858.32776,31626.0,173.72946,33443.0,183.71069,5712.0,158.66667,7535.0,209.30556,2.0
1758077858.34262,31358.0,172.25726,33840.0,185.89151,4931.0,136.97223,7967.0,221.30556,2.0
1758077858.36181,31138.0,171.04875,34248.0,188.13275,3823.0,106.19444,8083.0,224.52777,2.0
1758077858.36333,30978.0,170.16983,34661.0,190.40146,2627.0,72.97222,8182.0,227.27777,2.0
1758077858.37863,30881.0,169.63698,35067.0,192.63173,1365.0,37.91667,7950.0,220.83333,2.0
1758077858.37933,30840.0,169.41176,35469.0,194.84001,404.0,11.22222,7940.0,220.55556,2.0
1758077858.39462,30838.0,169.40077,35873.0,197.05928,-27.0,-0.75,7951.0,220.86111,2.0
1758077858.41024,30839.0,169.40627,36283.0,199.31152,0.0,0.0,8219.0,228.30556,2.0
1758077858.4112,30839.0,169.40627,36700.0,201.60219,0.0,0.0,8218.0,228.27777,2.0
1758077858.42659,30844.0,169.43373,37103.0,203.81598,-169.0,-4.69444,7844.0,217.88889,2.0
1758077858.42798,30856.0,169.49965,37485.0,205.91438,-287.0,-7.97222,7228.0,200.77777,2.0
1758077858.44258,30878.0,169.6205,37827.0,207.79309,-555.0,-15.41667,6247.0,173.52777,2.0
1758077858.45865,30921.0,169.85672,38111.0,209.35318,-1049.0,-29.13889,5127.0,142.41667,2.0
1758077858.45995,30992.0,170.24673,38337.0,210.59465,-1646.0,-45.72222,3951.0,109.75,2.0
1758077858.47657,31086.0,170.76311,38506.0,211.52299,-2016.0,-56.0,2939.0,81.63889,2.0
1758077858.4775,31194.0,171.35638,38632.0,212.21515,-2161.0,-60.02778,2189.0,60.80556,2.0
1758077858.49604,31304.0,171.96063,38729.0,212.74799,-2116.0,-58.77778,1704.0,47.33333,2.0
1758077858.49724,31405.0,172.51544,38807.0,213.17648,-1850.0,-51.38889,1447.0,40.19444,2.0
1758077858.5134,31490.0,172.98238,38873.0,213.53903,-1518.0,-42.16667,1233.0,34.25,2.0
1758077858.53076,31555.0,173.33945,38931.0,213.85764,-1076.0,-29.88889,1104.0,30.66667,2.0
1758077858.53116,31601.0,173.59213,38979.0,214.12131,-759.0,-21.08333,809.0,22.47222,2.0
1758077858.54664,31631.0,173.75693,39008.0,214.28061,-485.0,-13.47222,392.0,10.88889,2.0
1758077858.54784,31651.0,173.86679,39015.0,214.31906,-380.0,-10.55556,-79.0,-2.19444,2.0
1758077858.56276,31672.0,173.98215,39004.0,214.25864,-463.0,-12.86111,-301.0,-8.36111,2.0
1758077858.57948,31701.0,174.14145,38972.0,214.08286,-654.0,-18.16667,-960.0,-26.66667,2.0
1758077858.58026,31743.0,174.37216,38899.0,213.68185,-943.0,-26.19444,-1786.0,-49.61111,2.0
1758077858.59571,31791.0,174.63583,38786.0,213.06113,-909.0,-25.25,-2568.0,-71.33334,2.0
1758077858.61119,31836.0,174.88304,38633.0,212.22064,-845.0,-23.47222,-3374.0,-93.72222,2.0
1758077858.61274,31877.0,175.10826,38434.0,211.12749,-788.0,-21.88889,-4375.0,-121.52778,2.0
1758077858.62763,31915.0,175.317,38179.0,209.72672,-675.0,-18.75,-5580.0,-155.0,2.0
1758077858.62924,31946.0,175.4873,37864.0,207.99634,-592.0,-16.44444,-6575.0,-182.63889,2.0
1758077858.6463,31976.0,175.6521,37505.0,206.02428,-528.0,-14.66667,-7303.0,-202.86111,2.0
1758077858.6478,31990.0,175.729,37134.0,203.98627,-43.0,-1.19444,-7259.0,-201.63889,2.0
1758077858.66565,31979.0,175.66858,36781.0,202.04715,468.0,13.0,-6690.0,-185.83333,2.0
1758077858.66717,31933.0,175.41588,36458.0,200.27283,1258.0,34.94444,-6155.0,-170.97223,2.0
1758077858.68274,31838.0,174.89403,36164.0,198.65781,2283.0,63.41667,-5507.0,-152.97223,2.0
1758077858.69983,31696.0,174.11398,35908.0,197.25154,3194.0,88.72222,-4747.0,-131.86111,2.0
1758077858.70022,31516.0,173.1252,35685.0,196.02654,3771.0,104.75,-4217.0,-117.13889,2.0
1758077858.71575,31319.0,172.04303,35481.0,194.90593,3917.0,108.80556,-3914.0,-108.72222,2.0
1758077858.73118,31127.0,170.98833,35285.0,193.82925,3613.0,100.36111,-3903.0,-108.41666,2.0
1758077858.73189,30962.0,170.08194,35087.0,192.74159,2996.0,83.22222,-3979.0,-110.52778,2.0
1758077858.74772,30836.0,169.38979,34876.0,191.5825,2143.0,59.52778,-4324.0,-120.11111,2.0
1758077858.74894,30757.0,168.95583,34644.0,190.30807,1125.0,31.25,-4794.0,-133.16667,2.0
1758077858.76378,30728.0,168.79652,34389.0,188.90729,111.0,3.08333,-5199.0,-144.41667,2.0
1758077858.77978,30732.0,168.8185,34131.0,187.49004,-101.0,-2.80556,-4965.0,-137.91667,2.0
1758077858.78089,30738.0,168.85146,33902.0,186.23209,-62.0,-1.72222,-4050.0,-112.5,2.0
1758077858.79579,30738.0,168.85146,33721.0,185.23782,0.0,0.0,-3289.0,-91.36111,2.0
1758077858.81121,30738.0,168.85146,33570.0,184.40833,-34.0,-0.94444,-2789.0,-77.47222,2.0
1758077858.81181,30750.0,168.91737,33435.0,183.66675,-447.0,-12.41667,-2596.0,-72.11111,2.0
1758077858.82819,30800.0,169.19203,33303.0,182.94164,-1479.0,-41.08333,-2685.0,-74.58334,2.0
1758077858.82942,30919.0,169.84573,33153.0,182.11766,-3029.0,-84.13889,-3198.0,-88.83334,2.0
1758077858.84567,31123.0,170.96635,32973.0,181.12886,-4809.0,-133.58333,-3844.0,-106.77778,2.0
1758077858.84937,31419.0,172.59235,32762.0,179.96979,-6560.0,-182.22223,-4375.0,-121.52778,2.0
1758077858.86594,31794.0,174.65231,32534.0,178.71733,-7997.0,-222.13889,-4565.0,-126.80556,2.0
1758077858.86781,32236.0,177.08034,32312.0,177.49782,-9358.0,-259.94446,-4244.0,-117.88889,2.0
1758077858.88387,32741.0,179.85443,32118.0,176.43213,-10127.0,-281.30554,-3484.0,-96.77778,2.0
1758077858.90135,33276.0,182.79332,31970.0,175.61914,-10912.0,-303.11111,-2484.0,-69.0,2.0
1758077858.90182,33841.0,185.897,31872.0,175.0808,-11351.0,-315.30554,-1457.0,-40.47222,2.0
1758077858.91787,34426.0,189.11053,31828.0,174.8391,-11567.0,-321.30554,-492.0,-13.66667,2.0
1758077858.91867,35012.0,192.32961,31824.0,174.81712,-11636.0,-323.22223,47.0,1.30556,2.0
1758077858.93388,35592.0,195.51567,31824.0,174.81712,-11301.0,-313.91666,2.0,0.05556,2.0
1758077858.94981,36160.0,198.63583,31825.0,174.82262,-11055.0,-307.08334,0.0,0.0,2.0
1758077858.9506,36698.0,201.5912,31825.0,174.82262,-10427.0,-289.63889,0.0,0.0,2.0
1758077858.96579,37215.0,204.43121,31825.0,174.82262,-9951.0,-276.41666,0.0,0.0,2.0
1758077858.96674,37706.0,207.1284,31824.0,174.81712,-9642.0,-267.83334,-3.0,-0.08333,2.0
1758077858.9819,38180.0,209.73221,31824.0,174.81712,-9110.0,-253.05556,-9.0,-0.25,2.0
1758077858.99786,38624.0,212.1712,31824.0,174.81712,-8534.0,-237.05556,0.0,0.0,2.0
1758077858.99873,39034.0,214.42343,31824.0,174.81712,-7808.0,-216.88889,0.0,0.0,2.0
1758077859.01474,39399.0,216.42848,31824.0,174.81712,-6759.0,-187.75,0.0,0.0,2.0
1758077859.01625,39707.0,218.12039,31824.0,174.81712,-5500.0,-152.77777,0.0,0.0,2.0
1758077859.03183,39938.0,219.38933,31824.0,174.81712,-3887.0,-107.97222,0.0,0.0,2.0
1758077859.04785,40090.0,220.22432,31825.0,174.82262,-2423.0,-67.30556,0.0,0.0,2.0
1758077859.04987,40172.0,220.67476,31825.0,174.82262,-1088.0,-30.22222,0.0,0.0,2.0
1758077859.06568,40192.0,220.78462,31825.0,174.82262,72.0,2.0,0.0,0.0,2.0
1758077859.06646,40182.0,220.72969,31825.0,174.82262,266.0,7.38889,0.0,0.0,2.0
1758077859.08186,40161.0,220.61433,31825.0,174.82262,575.0,15.97222,0.0,0.0,2.0
1758077859.09788,40122.0,220.4001,31825.0,174.82262,901.0,25.02778,0.0,0.0,2.0
1758077859.09876,40063.0,220.07597,31825.0,174.82262,1360.0,37.77778,0.0,0.0,2.0
1758077859.11394,39980.0,219.62004,31826.0,174.82811,1845.0,51.25,5.0,0.13889,2.0
1758077859.12993,39871.0,219.02129,31826.0,174.82811,2403.0,66.75,0.0,0.0,2.0
1758077859.13071,39735.0,218.2742,31827.0,174.8336,2872.0,79.77778,27.0,0.75,2.0
1758077859.14669,39573.0,217.38431,31830.0,174.85008,3431.0,95.30556,107.0,2.97222,2.0
1758077859.14747,39378.0,216.31313,31846.0,174.93797,4176.0,116.0,481.0,13.36111,2.0
1758077859.16292,39147.0,215.04417,31888.0,175.16869,4875.0,135.41667,1144.0,31.77778,2.0
1758077859.17894,38879.0,213.57199,31967.0,175.60266,5645.0,156.80556,1865.0,51.80556,2.0
1758077859.1797,38563.0,211.83612,32083.0,176.23987,6652.0,184.77777,2618.0,72.72222,2.0
1758077859.19575,38202.0,209.85306,32229.0,177.04189,7463.0,207.30556,2993.0,83.13889,2.0
1758077859.19694,37814.0,207.72168,32375.0,177.8439,7742.0,215.05556,2595.0,72.08334,2.0
1758077859.21192,37434.0,205.63423,32474.0,178.38774,7072.0,196.44444,1364.0,37.88889,2.0
1758077859.22796,37107.0,203.83795,32497.0,178.51408,5985.0,166.25,-256.0,-7.11111,2.0
1758077859.22873,36836.0,202.34927,32472.0,178.37675,4834.0,134.27777,-625.0,-17.36111,2.0
1758077859.24396,36622.0,201.17372,32428.0,178.13504,3744.0,104.0,-1014.0,-28.16667,2.0
1758077859.26002,36454.0,200.25085,32372.0,177.82742,3019.0,83.86111,-1114.0,-30.94444,2.0
1758077859.26117,36315.0,199.4873,32316.0,177.51979,2583.0,71.75,-1099.0,-30.52778,2.0
1758077859.276,36190.0,198.80063,32267.0,177.25063,2382.0,66.16666,-862.0,-23.94444,2.0
1758077859.27715,36074.0,198.16342,32235.0,177.07484,2258.0,62.72222,-471.0,-13.08333,2.0
1758077859.292,35963.0,197.55367,32219.0,176.98695,2121.0,58.91667,-183.0,-5.08333,2.0
1758077859.30801,35857.0,196.97139,32214.0,176.95949,2040.0,56.66667,-34.0,-0.94444,2.0
1758077859.3092,35754.0,196.40559,32215.0,176.96498,2041.0,56.69444,0.0,0.0,2.0
1758077859.32666,35651.0,195.83977,32215.0,176.96498,2070.0,57.5,4.0,0.11111,2.0
1758077859.32714,35540.0,195.23003,32216.0,176.97047,2325.0,64.58334,9.0,0.25,2.0
1758077859.34306,35410.0,194.5159,32216.0,176.97047,2769.0,76.91666,17.0,0.47222,2.0
1758077859.35989,35251.0,193.64249,32217.0,176.97597,3428.0,95.22222,17.0,0.47222,2.0
1758077859.36098,35056.0,192.5713,32218.0,176.98146,4120.0,114.44444,14.0,0.38889,2.0
1758077859.37605,34835.0,191.35728,32219.0,176.98695,4548.0,126.33334,0.0,0.0,2.0
1758077859.37719,34601.0,190.07187,32219.0,176.98695,4653.0,129.25,0.0,0.0,2.0
1758077859.39204,34368.0,188.79193,32219.0,176.98695,4588.0,127.44444,0.0,0.0,2.0
1758077859.40964,34137.0,187.52299,32219.0,176.98695,4520.0,125.55556,0.0,0.0,2.0
1758077859.41043,33909.0,186.27054,32220.0,176.99245,4518.0,125.5,28.0,0.77778,2.0
1758077859.42612,33679.0,185.00711,32226.0,177.02541,4629.0,128.58333,269.0,7.47222,2.0
1758077859.42687,33439.0,183.68872,32257.0,177.19569,4832.0,134.22223,989.0,27.47222,2.0
1758077859.44215,33186.0,182.29893,32339.0,177.64615,5096.0,141.55556,2116.0,58.77778,2.0
1758077859.45813,32920.0,180.83772,32481.0,178.42619,5331.0,148.08333,3359.0,93.30556,2.0
1758077859.46017,32646.0,179.33257,32694.0,179.59624,5472.0,152.0,4754.0,132.05556,2.0
1758077859.47701,32368.0,177.80545,32976.0,181.14534,5515.0,153.19444,6115.0,169.86111,2.0
1758077859.47743,32097.0,176.31677,33318.0,183.02403,5189.0,144.13889,7222.0,200.61111,2.0
1758077859.49312,31854.0,174.98192,33709.0,185.17191,4468.0,124.11111,8129.0,225.80556,2.0
1758077859.50952,31653.0,173.87778,34132.0,187.49553,3587.0,99.63889,8486.0,235.72223,2.0
1758077859.50984,31502.0,173.04829,34571.0,189.90707,2544.0,70.66666,8767.0,243.52777,2.0
1758077859.52592,31408.0,172.53192,35015.0,192.34608,1333.0,37.02778,8682.0,241.16667,2.0
1758077859.52676,31370.0,172.32318,35457.0,194.77409,264.0,7.33333,8723.0,242.30556,2.0
1758077859.54216,31373.0,172.33966,35898.0,197.19661,-94.0,-2.61111,8606.0,239.05556,2.0
1758077859.56009,31378.0,172.36713,36337.0,199.60815,-90.0,-2.5,8697.0,241.58333,2.0
1758077859.56048,31380.0,172.37811,36776.0,202.01968,-8.0,-0.22222,8513.0,236.47223,2.0
1758077859.57618,31380.0,172.37811,37203.0,204.3653,0.0,0.0,8420.0,233.88889,2.0
1758077859.57739,31380.0,172.37811,37618.0,206.645,0.0,0.0,7998.0,222.16667,2.0
1758077859.59407,31386.0,172.41107,38000.0,208.74341,-243.0,-6.75,7237.0,201.02777,2.0
1758077859.5966,31407.0,172.52643,38345.0,210.6386,-515.0,-14.30556,6472.0,179.77777,2.0
1758077859.61217,31448.0,172.75166,38645.0,212.28656,-1009.0,-28.02778,5516.0,153.22223,2.0
1758077859.6319,31515.0,173.11971,38901.0,213.69284,-1549.0,-43.02778,4696.0,130.44444,2.0
1758077859.63228,31605.0,173.61411,39112.0,214.85191,-1975.0,-54.86111,3816.0,106.0,2.0
1758077859.63666,31714.0,174.21286,39282.0,215.78575,-2250.0,-62.5,3036.0,84.33334,2.0
1758077859.6522,31833.0,174.86656,39419.0,216.53835,-2350.0,-65.27778,2498.0,69.38889,2.0
1758077859.66929,31952.0,175.52026,39533.0,217.16457,-2327.0,-64.63889,2104.0,58.44444,2.0
1758077859.67078,32066.0,176.14648,39633.0,217.7139,-2166.0,-60.16667,1889.0,52.47222,2.0
1758077859.68621,32170.0,176.71777,39720.0,218.1918,-1947.0,-54.08333,1629.0,45.25,2.0
1758077859.68703,32263.0,177.22865,39793.0,218.5928,-1734.0,-48.16667,1284.0,35.66667,2.0
1758077859.70223,32345.0,177.67911,39847.0,218.88945,-1561.0,-43.36111,884.0,24.55556,2.0
1758077859.71933,32421.0,178.09659,39873.0,219.03227,-1459.0,-40.52778,217.0,6.02778,2.0
1758077859.71976,32489.0,178.47014,39868.0,219.00481,-1276.0,-35.44444,-279.0,-7.75,2.0
1758077859.73525,32551.0,178.81071,39845.0,218.87846,-1200.0,-33.33333,-592.0,-16.44444,2.0
1758077859.73653,32618.0,179.17876,39805.0,218.65872,-1439.0,-39.97222,-1015.0,-28.19444,2.0
1758077859.75337,32704.0,179.65118,39730.0,218.24673,-1818.0,-50.5,-1884.0,-52.33333,2.0
1758077859.77099,32807.0,180.21698,39607.0,217.57108,-2186.0,-60.72222,-2849.0,-79.13889,2.0
1758077859.77167,32918.0,180.82674,39438.0,216.64272,-2129.0,-59.13889,-3746.0,-104.05556,2.0
1758077859.78785,33017.0,181.37056,39221.0,215.45067,-1842.0,-51.16667,-4674.0,-129.83333,2.0
1758077859.78816,33102.0,181.83748,38948.0,213.95102,-1509.0,-41.91667,-5803.0,-161.19444,2.0
1758077859.80364,33170.0,182.21104,38625.0,212.1767,-1233.0,-34.25,-6828.0,-189.66667,2.0
1758077859.8193,33222.0,182.49669,38259.0,210.16617,-816.0,-22.66667,-7619.0,-211.63889,2.0
1758077859.82041,33247.0,182.63402,37866.0,208.00732,-200.0,-5.55556,-7710.0,-214.16667,2.0
1758077859.83609,33239.0,182.59007,37484.0,205.90889,388.0,10.77778,-7484.0,-207.88889,2.0
1758077859.83682,33196.0,182.35387,37111.0,203.85992,1252.0,34.77778,-7288.0,-202.44444,2.0
1758077859.8523,33108.0,181.87044,36755.0,201.90433,2110.0,58.61111,-6863.0,-190.63889,2.0
1758077859.8683,32982.0,181.1783,36405.0,199.98169,2738.0,76.05556,-6994.0,-194.27777,2.0
1758077859.86955,32832.0,180.35431,36049.0,198.02609,3068.0,85.22222,-7052.0,-195.88889,2.0
1758077859.88434,32677.0,179.50285,35694.0,196.07597,3073.0,85.36111,-7001.0,-194.47223,2.0
1758077859.88634,32523.0,178.65691,35343.0,194.14786,2984.0,82.88889,-6767.0,-187.97223,2.0
1758077859.90232,32373.0,177.83292,35010.0,192.31862,2859.0,79.41666,-6438.0,-178.83333,2.0
1758077859.91937,32242.0,177.1133,34682.0,190.51682,2348.0,65.22222,-6647.0,-184.63889,2.0
1758077859.91986,32149.0,176.60242,34326.0,188.56122,1396.0,38.77778,-7265.0,-201.80556,2.0
1758077859.93533,32116.0,176.42114,33951.0,186.50127,28.0,0.77778,-7549.0,-209.69444,2.0
1758077859.93663,32142.0,176.56396,33559.0,184.3479,-905.0,-25.13889,-7862.0,-218.38889,2.0
1758077859.95315,32213.0,176.95399,33160.0,182.15611,-1742.0,-48.38889,-7806.0,-216.83333,2.0
1758077859.96935,32325.0,177.56924,32771.0,180.01923,-2527.0,-70.19444,-7657.0,-212.69444,2.0
1758077859.97058,32476.0,178.39873,32397.0,177.96475,-3288.0,-91.33334,-7102.0,-197.27777,2.0
1758077859.98611,32663.0,179.42595,32059.0,176.10803,-4030.0,-111.94444,-6337.0,-176.02777,2.0
1758077859.98693,32890.0,180.67291,31763.0,174.48203,-4848.0,-134.66667,-5416.0,-150.44444,2.0
1758077860.00239,33161.0,182.16161,31519.0,173.14168,-5769.0,-160.25,-4355.0,-120.97222,2.0
1758077860.01835,33478.0,183.90295,31326.0,172.08148,-6594.0,-183.16667,-3387.0,-94.08334,2.0
1758077860.01958,33835.0,185.86404,31178.0,171.26849,-7421.0,-206.13889,-2604.0,-72.33334,2.0
1758077860.03435,34234.0,188.05585,31067.0,170.65874,-8204.0,-227.88889,-1842.0,-51.16667,2.0
1758077860.05039,34656.0,190.37399,30993.0,170.25223,-8480.0,-235.55556,-1167.0,-32.41667,2.0
1758077860.05117,35099.0,192.80751,30957.0,170.05447,-8879.0,-246.63889,-333.0,-9.25,2.0
1758077860.06639,35548.0,195.27397,30959.0,170.06546,-8816.0,-244.88889,139.0,3.86111,2.0
1758077860.06716,35998.0,197.74594,30965.0,170.09842,-8852.0,-245.88889,99.0,2.75,2.0
1758077860.08235,36435.0,200.14648,30969.0,170.12039,-8390.0,-233.05556,68.0,1.88889,2.0
1758077860.09843,36853.0,202.44266,30973.0,170.14236,-8083.0,-224.52777,61.0,1.69444,2.0
1758077860.09957,37238.0,204.55756,30981.0,170.18631,-7179.0,-199.41667,260.0,7.22222,2.0
1758077860.11526,37576.0,206.41429,30995.0,170.26321,-6297.0,-174.91667,266.0,7.38889,2.0
1758077860.11723,37868.0,208.01831,31015.0,170.37308,-5311.0,-147.52777,438.0,12.16667,2.0
1758077860.13338,38098.0,209.28177,31042.0,170.52141,-4014.0,-111.5,576.0,16.0,2.0
1758077860.14943,38266.0,210.20462,31075.0,170.70268,-2841.0,-78.91666,632.0,17.55556,2.0
1758077860.1502,38377.0,210.81438,31110.0,170.89494,-1727.0,-47.97222,712.0,19.77778,2.0
1758077860.16539,38436.0,211.13847,31147.0,171.09819,-745.0,-20.69444,664.0,18.44444,2.0
1758077860.16664,38450.0,211.21538,31174.0,171.24652,4.0,0.11111,388.0,10.77778,2.0
1758077860.18246,38441.0,211.16594,31181.0,171.28497,242.0,6.72222,-43.0,-1.19444,2.0
1758077860.19855,38421.0,211.05608,31177.0,171.263,474.0,13.16667,-117.0,-3.25,2.0
1758077860.19923,38390.0,210.88579,31172.0,171.23553,694.0,19.27778,-64.0,-1.77778,2.0
1758077860.21456,38349.0,210.66057,31171.0,171.23004,863.0,23.97222,-11.0,-0.30556,2.0
1758077860.23059,38301.0,210.3969,31171.0,171.23004,991.0,27.52778,0.0,0.0,2.0
1758077860.23127,38246.0,210.09476,31172.0,171.23553,1157.0,32.13889,24.0,0.66667,2.0
1758077860.24655,38182.0,209.74319,31175.0,171.25201,1338.0,37.16667,87.0,2.41667,2.0
1758077860.24774,38102.0,209.30374,31183.0,171.29596,1803.0,50.08333,238.0,6.61111,2.0
1758077860.26253,37996.0,208.72144,31209.0,171.43878,2356.0,65.44444,733.0,20.36111,2.0
1758077860.27854,37855.0,207.9469,31265.0,171.7464,3126.0,86.83334,1403.0,38.97222,2.0
1758077860.27925,37673.0,206.94713,31356.0,172.24628,3943.0,109.52778,2077.0,57.69444,2.0
1758077860.29529,37449.0,205.71663,31479.0,172.92195,4762.0,132.27777,2661.0,73.91666,2.0
1758077860.29654,37195.0,204.32135,31618.0,173.68552,5121.0,142.25,2693.0,74.80556,2.0
1758077860.31254,36938.0,202.90958,31740.0,174.35568,5003.0,138.97223,2112.0,58.66667,2.0
1758077860.32856,36703.0,201.61867,31819.0,174.78966,4337.0,120.47222,1078.0,29.94444,2.0
1758077860.3293,36509.0,200.55299,31838.0,174.89403,3460.0,96.11111,-142.0,-3.94444,2.0
1758077860.34457,36356.0,199.71252,31827.0,174.8336,2676.0,74.33334,-230.0,-6.38889,2.0
1758077860.34656,36237.0,199.05884,31813.0,174.7567,2114.0,58.72222,-310.0,-8.61111,2.0
1758077860.36333,36141.0,198.53146,31802.0,174.69626,1780.0,49.44444,-128.0,-3.55556,2.0
1758077860.37952,36057.0,198.07004,31802.0,174.69626,1628.0,45.22222,41.0,1.13889,2.0
1758077860.38035,35976.0,197.62509,31803.0,174.70175,1619.0,44.97222,0.0,0.0,2.0
1758077860.39552,35889.0,197.14717,31804.0,174.70724,1799.0,49.97222,16.0,0.44444,2.0
1758077860.39719,35789.0,196.59785,31805.0,174.71274,2097.0,58.25,4.0,0.11111,2.0
1758077860.41259,35675.0,195.9716,31805.0,174.71274,2391.0,66.41666,2.0,0.05556,2.0
1758077860.42858,35546.0,195.26299,31805.0,174.71274,2656.0,73.77778,4.0,0.11111,2.0
1758077860.42934,35406.0,194.49393,31805.0,174.71274,2846.0,79.05556,0.0,0.0,2.0
1758077860.44572,35258.0,193.68094,31805.0,174.71274,2925.0,81.25,0.0,0.0,2.0
1758077860.44661,35111.0,192.87343,31805.0,174.71274,2889.0,80.25,0.0,0.0,2.0
1758077860.46255,34969.0,192.0934,31805.0,174.71274,2714.0,75.38889,0.0,0.0,2.0
1758077860.47868,34838.0,191.37376,31805.0,174.71274,2494.0,69.27778,-7.0,-0.19444,2.0
1758077860.47941,34720.0,190.72557,31805.0,174.71274,2239.0,62.19444,-3.0,-0.08333,2.0
1758077860.49471,34613.0,190.13779,31805.0,174.71274,2054.0,57.05556,0.0,0.0,2.0
1758077860.51066,34516.0,189.60495,31805.0,174.71274,1837.0,51.02778,0.0,0.0,2.0
1758077860.51265,34426.0,189.11053,31805.0,174.71274,1724.0,47.88889,0.0,0.0,2.0
1758077860.52768,34338.0,188.62714,31805.0,174.71274,1746.0,48.5,0.0,0.0,2.0
1758077860.52895,34248.0,188.13275,31805.0,174.71274,1842.0,51.16667,0.0,0.0,2.0
1758077860.54405,34149.0,187.58891,31805.0,174.71274,2061.0,57.25,2.0,0.05556,2.0
1758077860.55968,34034.0,186.9572,31806.0,174.71823,2459.0,68.30556,4.0,0.11111,2.0
1758077860.56084,33895.0,186.19363,31806.0,174.71823,2881.0,80.02778,0.0,0.0,2.0
1758077860.57563,33741.0,185.34769,31806.0,174.71823,3119.0,86.63889,0.0,0.0,2.0
1758077860.57687,33583.0,184.47974,31806.0,174.71823,3001.0,83.36111,0.0,0.0,2.0
1758077860.59265,33437.0,183.67773,31806.0,174.71823,2774.0,77.05556,0.0,0.0,2.0
1758077860.60948,33303.0,182.94164,31806.0,174.71823,2578.0,71.61111,0.0,0.0,2.0
1758077860.61022,33178.0,182.25499,31806.0,174.71823,2410.0,66.94444,9.0,0.25,2.0
1758077860.62564,33057.0,181.59029,31808.0,174.72923,2414.0,67.05556,35.0,0.97222,2.0
1758077860.62727,32930.0,180.89265,31811.0,174.74571,2622.0,72.83334,129.0,3.58333,2.0
1758077860.64276,32785.0,180.09613,31826.0,174.82811,3062.0,85.05556,465.0,12.91667,2.0
1758077860.65987,32616.0,179.16777,31872.0,175.0808,3592.0,99.77778,1294.0,35.94444,2.0
1758077860.66028,32417.0,178.07462,31967.0,175.60266,4196.0,116.55556,2295.0,63.75,2.0
1758077860.67569,32191.0,176.83313,32111.0,176.39368,4652.0,129.22223,3197.0,88.80556,2.0
1758077860.67695,31949.0,175.50378,32295.0,177.40443,4842.0,134.5,3962.0,110.05556,2.0
1758077860.69271,31707.0,174.17441,32514.0,178.60747,4737.0,131.58333,4594.0,127.61111,2.0
1758077860.70872,31478.0,172.91646,32763.0,179.97528,4346.0,120.72222,5113.0,142.02777,2.0
1758077860.70949,31280.0,171.8288,33032.0,181.45296,3561.0,98.91666,5451.0,151.41667,2.0
1758077860.72556,31128.0,170.99382,33315.0,183.00755,2571.0,71.41666,5703.0,158.41667,2.0
1758077860.72677,31029.0,170.44998,33612.0,184.63904,1456.0,40.44444,5961.0,165.58333,2.0
1758077860.74277,30980.0,170.18082,33923.0,186.34746,618.0,17.16667,6278.0,174.38889,2.0
1758077860.75873,30971.0,170.13138,34248.0,188.13275,-17.0,-0.47222,6519.0,181.08333,2.0
1758077860.75991,30971.0,170.13138,34589.0,190.00595,0.0,0.0,6901.0,191.69444,2.0
1758077860.7748,30971.0,170.13138,34944.0,191.95607,0.0,0.0,7049.0,195.80556,2.0
1758077860.79084,30971.0,170.13138,35306.0,193.94461,0.0,0.0,7259.0,201.63889,2.0
1758077860.79197,30971.0,170.13138,35675.0,195.9716,0.0,0.0,7263.0,201.75,2.0
1758077860.80685,30971.0,170.13138,36041.0,197.98215,0.0,0.0,7198.0,199.94444,2.0
1758077860.80796,30971.0,170.13138,36410.0,200.00916,0.0,0.0,7198.0,199.94444,2.0
1758077860.82289,30971.0,170.13138,36761.0,201.93729,0.0,0.0,6639.0,184.41667,2.0
1758077860.83883,30971.0,170.13138,37085.0,203.7171,0.0,0.0,6284.0,174.55556,2.0
1758077860.83998,30971.0,170.13138,37388.0,205.38155,0.0,0.0,5772.0,160.33333,2.0
1758077860.85565,30972.0,170.13687,37656.0,206.85374,0.0,0.0,4949.0,137.47223,2.0
1758077860.85763,30974.0,170.14786,37885.0,208.11169,-30.0,-0.83333,4240.0,117.77778,2.0
1758077860.87383,30976.0,170.15884,38083.0,209.19937,-30.0,-0.83333,3664.0,101.77778,2.0
1758077860.88982,30977.0,170.16434,38252.0,210.12772,0.0,0.0,3124.0,86.77778,2.0
1758077860.89067,30978.0,170.16983,38397.0,210.92424,0.0,0.0,2686.0,74.61111,2.0
1758077860.90585,30978.0,170.16983,38526.0,211.63286,0.0,0.0,2432.0,67.55556,2.0
1758077860.90708,30978.0,170.16983,38642.0,212.27008,0.0,0.0,2236.0,62.11111,2.0
1758077860.92278,30978.0,170.16983,38751.0,212.86884,9.0,0.25,2079.0,57.75,2.0
1758077860.93883,30978.0,170.16983,38853.0,213.42917,18.0,0.5,1932.0,53.66667,2.0
1758077860.93973,30977.0,170.16434,38945.0,213.93454,19.0,0.52778,1775.0,49.30556,2.0
1758077860.95489,30977.0,170.16434,39026.0,214.37949,8.0,0.22222,1443.0,40.08333,2.0
1758077860.97169,30977.0,170.16434,39089.0,214.72557,-11.0,-0.30556,1113.0,30.91667,2.0
1758077860.97287,30979.0,170.17532,39131.0,214.95628,-65.0,-1.80556,634.0,17.61111,2.0
1758077860.98901,30989.0,170.23026,39144.0,215.02769,-318.0,-8.83333,-65.0,-1.80556,2.0
1758077860.98938,31017.0,170.38406,39123.0,214.91234,-728.0,-20.22222,-641.0,-17.80556,2.0
1758077861.006,31068.0,170.66423,39067.0,214.60472,-1237.0,-34.36111,-1445.0,-40.13889,2.0
1758077861.00695,31141.0,171.06523,38970.0,214.07187,-1565.0,-43.47222,-2304.0,-64.0,2.0
1758077861.02291,31225.0,171.52667,38825.0,213.27536,-1737.0,-48.25,-3266.0,-90.72222,2.0
1758077861.04009,31316.0,172.02655,38628.0,212.19318,-1831.0,-50.86111,-4370.0,-121.38889,2.0
1758077861.04045,31413.0,172.55939,38372.0,210.78691,-1961.0,-54.47222,-5599.0,-155.52777,2.0
1758077861.05589,31517.0,173.13069,38052.0,209.02908,-2122.0,-58.94444,-6864.0,-190.66667,2.0
1758077861.05713,31624.0,173.71848,37684.0,207.00755,-2066.0,-57.38889,-7389.0,-205.25,2.0
1758077861.07291,31715.0,174.21835,37305.0,204.92561,-1522.0,-42.27778,-7554.0,-209.83333,2.0
1758077861.08896,31767.0,174.504,36933.0,202.88211,-535.0,-14.86111,-7079.0,-196.63889,2.0
1758077861.08973,31763.0,174.48203,36592.0,201.00893,447.0,12.41667,-6490.0,-180.27777,2.0
1758077861.10497,31721.0,174.25131,36279.0,199.28955,1069.0,29.69444,-5909.0,-164.13889,2.0
1758077861.12137,31651.0,173.86679,35994.0,197.72397,1603.0,44.52778,-5380.0,-149.44444,2.0
1758077861.12169,31559.0,173.36142,35732.0,196.28474,1913.0,53.13889,-5032.0,-139.77777,2.0
1758077861.13697,31459.0,172.81209,35485.0,194.9279,1977.0,54.91667,-4772.0,-132.55556,2.0
1758077861.13773,31365.0,172.29572,35252.0,193.64798,1744.0,48.44444,-4389.0,-121.91666,2.0
1758077861.15294,31290.0,171.88373,35044.0,192.50539,1269.0,35.25,-3957.0,-109.91666,2.0
1758077861.16894,31241.0,171.61456,34853.0,191.45616,733.0,20.36111,-3668.0,-101.88889,2.0
1758077861.17017,31224.0,171.52118,34669.0,190.4454,-25.0,-0.69444,-3690.0,-102.5,2.0
1758077861.18583,31241.0,171.61456,34475.0,189.37973,-556.0,-15.44444,-3911.0,-108.63889,2.0
1758077861.18703,31291.0,171.88922,34267.0,188.23712,-1404.0,-39.0,-4222.0,-117.27778,2.0
1758077861.2057,31395.0,172.46051,34040.0,186.99016,-2570.0,-71.38889,-4673.0,-129.80556,2.0
1758077861.22108,31561.0,173.37241,33787.0,185.60037,-3813.0,-105.91666,-5178.0,-143.83333,2.0
1758077861.22226,31786.0,174.60837,33512.0,184.08972,-4906.0,-136.27777,-5561.0,-154.47223,2.0
1758077861.23704,32060.0,176.11353,33230.0,182.54063,-5787.0,-160.75,-5497.0,-152.69444,2.0
1758077861.23817,32380.0,177.87137,32964.0,181.07942,-6708.0,-186.33333,-5034.0,-139.83333,2.0
1758077861.25387,32741.0,179.85443,32728.0,179.78302,-7241.0,-201.13889,-4341.0,-120.58334,2.0
1758077861.27104,33125.0,181.96382,32534.0,178.71733,-7864.0,-218.44444,-3431.0,-95.30556,2.0
1758077861.27218,33537.0,184.22705,32389.0,177.92081,-8323.0,-231.19444,-2450.0,-68.05556,2.0
1758077861.2871,33971.0,186.61113,32287.0,177.36049,-8826.0,-245.16667,-1707.0,-47.41667,2.0
1758077861.28821,34430.0,189.13251,32221.0,176.99794,-9159.0,-254.41667,-1037.0,-28.80556,2.0
1758077861.30391,34902.0,191.72533,32179.0,176.76721,-9492.0,-263.66666,-679.0,-18.86111,2.0
1758077861.32009,35387.0,194.38956,32156.0,176.64087,-9570.0,-265.83334,-325.0,-9.02778,2.0
1758077861.32082,35874.0,197.06477,32150.0,176.60791,-9789.0,-271.91666,4.0,0.11111,2.0
1758077861.33607,36368.0,199.77844,32150.0,176.60791,-9663.0,-268.41666,0.0,0.0,2.0
1758077861.33727,36858.0,202.47012,32150.0,176.60791,-9735.0,-270.41666,-4.0,-0.11111,2.0
1758077861.35304,37351.0,205.1783,32148.0,176.59692,-9671.0,-268.63889,-57.0,-1.58333,2.0
1758077861.3695,37848.0,207.90845,32139.0,176.54749,-9905.0,-275.13889,-314.0,-8.72222,2.0
1758077861.36983,38340.0,210.61113,32110.0,176.38818,-9620.0,-267.22223,-776.0,-21.55556,2.0
1758077861.38609,38821.0,213.25339,32058.0,176.10254,-9369.0,-260.25,-1229.0,-34.13889,2.0
1758077861.38715,39259.0,215.65941,31997.0,175.76746,-8131.0,-225.86111,-1145.0,-31.80556,2.0
1758077861.40308,39638.0,217.74136,31939.0,175.44885,-6979.0,-193.86111,-1149.0,-31.91667,2.0
1758077861.41911,39951.0,219.46074,31877.0,175.10826,-5578.0,-154.94444,-1257.0,-34.91667,2.0
1758077861.42044,40196.0,220.80659,31810.0,174.74022,-4352.0,-120.88889,-1440.0,-40.0,2.0
1758077861.43528,40387.0,221.8558,31728.0,174.28976,-3354.0,-93.16666,-1738.0,-48.27778,2.0
1758077861.4512,40529.0,222.63583,31627.0,173.73495,-2406.0,-66.83334,-2194.0,-60.94444,2.0
1758077861.45189,40631.0,223.19617,31506.0,173.07027,-1662.0,-46.16667,-2579.0,-71.63889,2.0
1758077861.46712,40692.0,223.53125,31364.0,172.29022,-965.0,-26.80556,-2998.0,-83.27778,2.0
1758077861.46827,40715.0,223.65759,31209.0,171.43878,-42.0,-1.16667,-3099.0,-86.08334,2.0
1758077861.48318,40712.0,223.64111,31058.0,170.6093,108.0,3.0,-2876.0,-79.88889,2.0
1758077861.49919,40696.0,223.55322,30924.0,169.8732,458.0,12.72222,-2332.0,-64.77778,2.0
1758077861.50032,40654.0,223.32251,30830.0,169.35683,1111.0,30.86111,-1468.0,-40.77778,2.0
1758077861.516,40572.0,222.87204,30784.0,169.10414,1999.0,55.52778,-517.0,-14.36111,2.0
1758077861.51718,40442.0,222.15793,30784.0,169.10414,2991.0,83.08334,194.0,5.38889,2.0
1758077861.53319,40263.0,221.17464,30799.0,169.18654,3906.0,108.5,337.0,9.36111,2.0
1758077861.5492,40041.0,219.95512,30822.0,169.31288,4701.0,130.58333,531.0,14.75,2.0
1758077861.54996,39782.0,218.53238,30850.0,169.46669,5388.0,149.66667,536.0,14.88889,2.0
1758077861.56598,39492.0,216.93935,30875.0,169.60402,5916.0,164.33333,425.0,11.80556,2.0
1758077861.56753,39187.0,215.2639,30888.0,169.67543,6068.0,168.55556,145.0,4.02778,2.0
1758077861.58318,38880.0,213.57748,30892.0,169.6974,6108.0,169.66667,53.0,1.47222,2.0
1758077861.59921,38561.0,211.82513,30894.0,169.70839,6416.0,178.22223,24.0,0.66667,2.0
1758077861.59997,38226.0,209.98489,30898.0,169.73036,6636.0,184.33333,120.0,3.33333,2.0
1758077861.61605,37875.0,208.05676,30909.0,169.79079,7238.0,201.05556,228.0,6.33333,2.0
1758077861.61769,37490.0,205.94185,30926.0,169.88419,7819.0,217.19444,396.0,11.0,2.0
1758077861.64334,37077.0,203.67316,30949.0,170.01053,8423.0,233.97223,518.0,14.38889,2.0
1758077861.64931,36636.0,201.25063,30980.0,170.18082,8708.0,241.88889,672.0,18.66667,2.0
1758077861.65,36215.0,198.93796,31012.0,170.3566,8074.0,224.27777,559.0,15.52778,2.0
1758077861.66632,35823.0,196.78462,31034.0,170.47745,7472.0,207.55556,274.0,7.61111,2.0
1758077861.66764,35465.0,194.81804,31037.0,170.49393,6778.0,188.27777,-59.0,-1.63889,2.0
1758077861.68321,35128.0,192.96681,31037.0,170.49393,6649.0,184.69444,0.0,0.0,2.0
1758077861.69929,34792.0,191.12108,31037.0,170.49393,6622.0,183.94444,21.0,0.58333,2.0
1758077861.7001,34465.0,189.3248,31042.0,170.52141,6280.0,174.44444,146.0,4.05556,2.0
1758077861.71608,34156.0,187.62737,31055.0,170.59282,6047.0,167.97223,333.0,9.25,2.0
1758077861.71729,33853.0,185.96292,31082.0,170.74113,5959.0,165.52777,777.0,21.58333,2.0
1758077861.73327,33544.0,184.2655,31149.0,171.10918,6245.0,173.47223,1780.0,49.44444,2.0
1758077861.74934,33217.0,182.46922,31272.0,171.78485,6620.0,183.88889,2958.0,82.16666,2.0
1758077861.75048,32877.0,180.6015,31458.0,172.80659,6747.0,187.41667,4218.0,117.16666,2.0
1758077861.76618,32535.0,178.72282,31705.0,174.16342,6749.0,187.47223,5423.0,150.63889,2.0
1758077861.76734,32196.0,176.86061,32009.0,175.83337,6588.0,183.0,6400.0,177.77777,2.0
1758077861.78332,31878.0,175.11375,32357.0,177.74503,6007.0,166.86111,7223.0,200.63889,2.0
1758077861.79926,31599.0,173.58115,32740.0,179.84894,5122.0,142.27777,7815.0,217.08333,2.0
1758077861.8004,31369.0,172.31769,33144.0,182.06819,4037.0,112.13889,7980.0,221.66667,2.0
1758077861.81532,31200.0,171.38934,33553.0,184.31494,2762.0,76.72222,8185.0,227.36111,2.0
1758077861.83175,31099.0,170.83452,33971.0,186.61113,1473.0,40.91667,8113.0,225.36111,2.0
1758077861.83207,31059.0,170.61479,34379.0,188.85236,278.0,7.72222,8123.0,225.63889,2.0
1758077861.84768,31060.0,170.62029,34792.0,191.12108,-79.0,-2.19444,8150.0,226.38889,2.0
1758077861.84802,31066.0,170.65324,35206.0,193.39529,-124.0,-3.44444,8203.0,227.86111,2.0
1758077861.86332,31073.0,170.6917,35627.0,195.70793,-162.0,-4.5,8294.0,230.38889,2.0
1758077861.87934,31079.0,170.72466,36039.0,197.97116,-90.0,-2.5,8052.0,223.66667,2.0
1758077861.88051,31083.0,170.74663,36440.0,200.17395,-66.0,-1.83333,7849.0,218.02777,2.0
1758077861.89532,31085.0,170.75761,36821.0,202.26688,-17.0,-0.47222,7243.0,201.19444,2.0
1758077861.91119,31092.0,170.79607,37168.0,204.17303,-229.0,-6.36111,6551.0,181.97223,2.0
1758077861.91221,31108.0,170.88396,37474.0,205.85396,-366.0,-10.16667,5645.0,156.80556,2.0
1758077861.92738,31128.0,170.99382,37738.0,207.30418,-355.0,-9.86111,4877.0,135.47223,2.0
1758077861.9285,31139.0,171.05424,37970.0,208.57861,-101.0,-2.80556,4381.0,121.69444,2.0
1758077861.94445,31139.0,171.05424,38184.0,209.75418,34.0,0.94444,4088.0,113.55556,2.0
1758077861.94731,31136.0,171.03777,38382.0,210.84184,70.0,1.94444,3771.0,104.75,2.0
1758077861.96235,31135.0,171.03227,38561.0,211.82513,0.0,0.0,3331.0,92.52778,2.0
1758077861.98002,31135.0,171.03227,38713.0,212.6601,0.0,0.0,2780.0,77.22222,2.0
1758077861.98074,31136.0,171.03777,38834.0,213.3248,0.0,0.0,2133.0,59.25,2.0
1758077861.9964,31137.0,171.04326,38922.0,213.8082,-6.0,-0.16667,1430.0,39.72222,2.0
1758077861.99716,31138.0,171.04875,38973.0,214.08835,-9.0,-0.25,677.0,18.80556,2.0
1758077862.01235,31138.0,171.04875,38986.0,214.15976,0.0,0.0,-35.0,-0.97222,2.0
1758077862.02921,31139.0,171.05424,38977.0,214.11032,0.0,0.0,-215.0,-5.97222,2.0
1758077862.02996,31139.0,171.05424,38961.0,214.02243,0.0,0.0,-404.0,-11.22222,2.0
1758077862.04625,31140.0,171.05974,38931.0,213.85764,0.0,0.0,-721.0,-20.02778,2.0
1758077862.04704,31141.0,171.06523,38888.0,213.62143,-23.0,-0.63889,-961.0,-26.69444,2.0
1758077862.06239,31142.0,171.07072,38828.0,213.29184,-18.0,-0.5,-1348.0,-37.44444,2.0
1758077862.07843,31144.0,171.08171,38748.0,212.85236,-55.0,-1.52778,-1721.0,-47.80556,2.0
1758077862.07919,31151.0,171.12016,38648.0,212.30304,-227.0,-6.30556,-2221.0,-61.69444,2.0
1758077862.09526,31174.0,171.24652,38516.0,211.57793,-665.0,-18.47222,-2926.0,-81.27778,2.0
1758077862.11094,31223.0,171.51569,38346.0,210.64409,-1260.0,-35.0,-3661.0,-101.69444,2.0
1758077862.11208,31304.0,171.96063,38135.0,209.48502,-1754.0,-48.72222,-4535.0,-125.97222,2.0
1758077862.12794,31398.0,172.47699,37879.0,208.07874,-1847.0,-51.30556,-5420.0,-150.55556,2.0
1758077862.12828,31488.0,172.97139,37576.0,206.41429,-1732.0,-48.11111,-6493.0,-180.36111,2.0
1758077862.14389,31574.0,173.44382,37214.0,204.42572,-1677.0,-46.58333,-7533.0,-209.25,2.0
1758077862.15951,31660.0,173.91623,36817.0,202.2449,-1695.0,-47.08333,-7854.0,-218.16667,2.0
1758077862.1606,31733.0,174.31723,36434.0,200.14099,-1159.0,-32.19444,-7170.0,-199.16667,2.0
1758077862.17548,31764.0,174.48752,36097.0,198.28976,-71.0,-1.97222,-6196.0,-172.11111,2.0
1758077862.19135,31742.0,174.36667,35814.0,196.73518,728.0,20.22222,-5166.0,-143.5,2.0
1758077862.19241,31684.0,174.04807,35577.0,195.43327,1438.0,39.94444,-4322.0,-120.05556,2.0
1758077862.20793,31594.0,173.55368,35377.0,194.33463,2034.0,56.5,-3634.0,-100.94444,2.0
1758077862.20826,31484.0,172.94942,35204.0,193.38431,2245.0,62.36111,-3245.0,-90.13889,2.0
1758077862.22353,31378.0,172.36713,35041.0,192.48891,1929.0,53.58333,-3286.0,-91.27778,2.0
1758077862.23957,31301.0,171.94415,34865.0,191.52208,1139.0,31.63889,-3686.0,-102.38889,2.0
1758077862.24048,31273.0,171.79034,34663.0,190.41245,45.0,1.25,-4256.0,-118.22222,2.0
1758077862.25551,31291.0,171.88922,34435.0,189.16,-550.0,-15.27778,-4541.0,-126.13889,2.0
1758077862.27094,31334.0,172.12543,34213.0,187.94049,-1017.0,-28.25,-4135.0,-114.86111,2.0
1758077862.27212,31395.0,172.46051,34016.0,186.85832,-1311.0,-36.41667,-3744.0,-104.0,2.0
1758077862.28775,31470.0,172.87251,33828.0,185.82559,-1577.0,-43.80556,-3673.0,-102.02778,2.0
1758077862.28957,31563.0,173.38339,33641.0,184.79834,-2020.0,-56.11111,-3716.0,-103.22222,2.0
1758077862.30554,31684.0,174.04807,33449.0,183.74365,-2704.0,-75.11111,-3881.0,-107.80556,2.0
1758077862.30748,31844.0,174.92699,33248.0,182.63951,-3502.0,-97.27778,-4093.0,-113.69444,2.0
1758077862.32257,32048.0,176.04761,33032.0,181.45296,-4416.0,-122.66666,-4397.0,-122.13889,2.0
1758077862.33855,32300.0,177.4319,32803.0,180.19501,-5330.0,-148.05556,-4628.0,-128.55556,2.0
1758077862.33975,32589.0,179.01945,32569.0,178.90959,-5992.0,-166.44444,-4621.0,-128.36111,2.0
1758077862.35458,32915.0,180.81026,32346.0,177.6846,-6795.0,-188.75,-4210.0,-116.94444,2.0
1758077862.37097,33283.0,182.83177,32149.0,176.60242,-7659.0,-212.75,-3631.0,-100.86111,2.0
1758077862.37172,33688.0,185.05655,31986.0,175.70703,-8198.0,-227.72223,-2872.0,-79.77778,2.0
1758077862.3876,34127.0,187.46806,31862.0,175.02586,-8935.0,-248.19444,-2087.0,-57.97222,2.0
1758077862.38835,34588.0,190.00046,31780.0,174.57541,-9127.0,-253.52777,-1261.0,-35.02778,2.0
1758077862.40366,35057.0,192.5768,31742.0,174.36667,-9335.0,-259.30554,-398.0,-11.05556,2.0
1758077862.42006,35526.0,195.15312,31738.0,174.3447,-9123.0,-253.41667,19.0,0.52778,2.0
1758077862.4204,35992.0,197.71298,31738.0,174.3447,-9148.0,-254.11111,0.0,0.0,2.0
1758077862.43591,36444.0,200.19592,31738.0,174.3447,-8688.0,-241.33333,0.0,0.0,2.0
1758077862.45105,36879.0,202.58548,31738.0,174.3447,-8485.0,-235.69444,0.0,0.0,2.0
1758077862.45161,37299.0,204.89265,31738.0,174.3447,-8076.0,-224.33333,0.0,0.0,2.0
1758077862.46763,37704.0,207.11742,31738.0,174.3447,-7971.0,-221.41667,-8.0,-0.22222,2.0
1758077862.46894,38090.0,209.23782,31738.0,174.3447,-7316.0,-203.22223,0.0,0.0,2.0
1758077862.48396,38441.0,211.16594,31738.0,174.3447,-6671.0,-185.30556,0.0,0.0,2.0
1758077862.49962,38766.0,212.95123,31738.0,174.3447,-6243.0,-173.41667,-19.0,-0.52778,2.0
1758077862.50042,39062.0,214.57726,31736.0,174.33371,-5557.0,-154.36111,-56.0,-1.55556,2.0
1758077862.51576,39315.0,215.96706,31735.0,174.32822,-4586.0,-127.38889,0.0,0.0,2.0
1758077862.51682,39516.0,217.07118,31735.0,174.32822,-3483.0,-96.75,0.0,0.0,2.0
1758077862.53161,39655.0,217.83475,31735.0,174.32822,-2214.0,-61.5,0.0,0.0,2.0
1758077862.54777,39731.0,218.25223,31735.0,174.32822,-947.0,-26.30556,0.0,0.0,2.0
1758077862.54886,39746.0,218.33463,31735.0,174.32822,70.0,1.94444,0.0,0.0,2.0
1758077862.56405,39736.0,218.27969,31735.0,174.32822,312.0,8.66667,-14.0,-0.38889,2.0
1758077862.57965,39712.0,218.14786,31735.0,174.32822,629.0,17.47222,-13.0,-0.36111,2.0
1758077862.58044,39672.0,217.92813,31735.0,174.32822,877.0,24.36111,0.0,0.0,2.0
1758077862.59608,39618.0,217.6315,31735.0,174.32822,1194.0,33.16667,0.0,0.0,2.0
1758077862.59642,39546.0,217.23598,31735.0,174.32822,1653.0,45.91667,0.0,0.0,2.0
1758077862.61166,39449.0,216.70314,31736.0,174.33371,2133.0,59.25,11.0,0.30556,2.0
1758077862.62774,39324.0,216.01649,31736.0,174.33371,2661.0,73.91666,15.0,0.41667,2.0
1758077862.62898,39175.0,215.19798,31739.0,174.35019,3164.0,87.88889,104.0,2.88889,2.0
1758077862.64369,38998.0,214.22568,31753.0,174.42709,3798.0,105.5,428.0,11.88889,2.0
1758077862.65971,38783.0,213.04462,31788.0,174.61935,4631.0,128.63889,934.0,25.94444,2.0
1758077862.66083,38525.0,211.62737,31852.0,174.97093,5478.0,152.16667,1485.0,41.25,2.0
1758077862.67568,38226.0,209.98489,31946.0,175.4873,6258.0,173.83333,2105.0,58.47222,2.0
1758077862.67685,37882.0,208.09521,32056.0,176.09155,7266.0,201.83333,2221.0,61.69444,2.0
1758077862.6917,37485.0,205.91438,32157.0,176.64636,8064.0,224.0,1755.0,48.75,2.0
1758077862.70812,37083.0,203.70612,32222.0,177.00343,7771.0,215.86111,847.0,23.52778,2.0
1758077862.70846,36708.0,201.64613,32232.0,177.05836,7081.0,196.69444,-255.0,-7.08333,2.0
1758077862.72367,36381.0,199.84985,32212.0,176.9485,5952.0,165.33333,-566.0,-15.72222,2.0
1758077862.73976,36109.0,198.35568,32170.0,176.71777,4923.0,136.75,-952.0,-26.44444,2.0
1758077862.74055,35887.0,197.13618,32115.0,176.41565,3893.0,108.13889,-1190.0,-33.05556,2.0
1758077862.75573,35723.0,196.23531,32050.0,176.05859,2708.0,75.22222,-1330.0,-36.94444,2.0
1758077862.75696,35616.0,195.64751,31988.0,175.71802,1705.0,47.36111,-1110.0,-30.83333,2.0
1758077862.77177,35552.0,195.29594,31939.0,175.44885,1004.0,27.88889,-852.0,-23.66667,2.0
1758077862.78795,35511.0,195.07072,31906.0,175.26756,672.0,18.66667,-461.0,-12.80556,2.0
1758077862.78913,35482.0,194.91142,31899.0,175.22911,531.0,14.75,94.0,2.61111,2.0
1758077862.80376,35450.0,194.73563,31901.0,175.2401,732.0,20.33333,-16.0,-0.44444,2.0
1758077862.82029,35402.0,194.47195,31902.0,175.24559,1184.0,32.88889,6.0,0.16667,2.0
1758077862.8206,35324.0,194.04349,31903.0,175.25108,1840.0,51.11111,36.0,1.0,2.0
1758077862.83697,35210.0,193.41727,31906.0,175.26756,2491.0,69.19444,31.0,0.86111,2.0
1758077862.83732,35074.0,192.67018,31907.0,175.27306,2804.0,77.88889,7.0,0.19444,2.0
1758077862.85276,34925.0,191.85167,31907.0,175.27306,3049.0,84.69444,0.0,0.0,2.0
1758077862.86877,34761.0,190.95079,31907.0,175.27306,3409.0,94.69444,9.0,0.25,2.0
1758077862.86992,34578.0,189.94553,31909.0,175.28404,3754.0,104.27778,85.0,2.36111,2.0
1758077862.88591,34378.0,188.84686,31923.0,175.36095,4124.0,114.55556,475.0,13.19444,2.0
1758077862.8872,34157.0,187.63286,31963.0,175.58069,4556.0,126.55556,1053.0,29.25,2.0
1758077862.90288,33915.0,186.3035,32039.0,175.99817,4983.0,138.41667,1919.0,53.30556,2.0
1758077862.91887,33653.0,184.86426,32164.0,176.68481,5299.0,147.19444,2878.0,79.94444,2.0
1758077862.91972,33374.0,183.33165,32336.0,177.62967,5641.0,156.69444,3834.0,106.5,2.0
1758077862.93491,33079.0,181.71114,32555.0,178.83269,5930.0,164.72223,4713.0,130.91667,2.0
1758077862.93637,32780.0,180.06866,32814.0,180.25543,5865.0,162.91667,5437.0,151.02777,2.0
1758077862.95181,32492.0,178.48662,33102.0,181.83748,5555.0,154.30556,5882.0,163.38889,2.0
1758077862.96783,32220.0,176.99245,33409.0,183.52393,5013.0,139.25,6185.0,171.80556,2.0
1758077862.96867,31988.0,175.71802,33729.0,185.28177,4166.0,115.72222,6398.0,177.72223,2.0
1758077862.98386,31807.0,174.72372,34051.0,187.05058,3104.0,86.22222,6312.0,175.33333,2.0
1758077863.00037,31681.0,174.03159,34370.0,188.80292,1985.0,55.13889,6342.0,176.16667,2.0
1758077863.00073,31613.0,173.65805,34689.0,190.55528,861.0,23.91667,6284.0,174.55556,2.0
1758077863.01587,31600.0,173.58664,35003.0,192.28017,-92.0,-2.55556,6140.0,170.55556,2.0
1758077863.01703,31608.0,173.63058,35316.0,193.99954,-215.0,-5.97222,6213.0,172.58333,2.0
1758077863.03193,31621.0,173.702,35630.0,195.72441,-250.0,-6.94444,6158.0,171.05556,2.0
1758077863.04795,31631.0,173.75693,35938.0,197.41634,-180.0,-5.0,6007.0,166.86111,2.0
1758077863.04924,31638.0,173.79538,36240.0,199.07532,-105.0,-2.91667,5951.0,165.30556,2.0
1758077863.06385,31639.0,173.80087,36535.0,200.69582,0.0,0.0,5704.0,158.44444,2.0
1758077863.07993,31639.0,173.80087,36815.0,202.23392,0.0,0.0,5360.0,148.88889,2.0
1758077863.08064,31639.0,173.80087,37080.0,203.68964,0.0,0.0,5171.0,143.63889,2.0
1758077863.09589,31639.0,173.80087,37337.0,205.10139,0.0,0.0,5022.0,139.5,2.0
1758077863.09671,31639.0,173.80087,37577.0,206.41978,0.0,0.0,4498.0,124.94444,2.0
1758077863.11191,31639.0,173.80087,37793.0,207.60632,0.0,0.0,4148.0,115.22222,2.0
1758077863.12795,31639.0,173.80087,37996.0,208.72144,4.0,0.11111,3964.0,110.11111,2.0
1758077863.12875,31638.0,173.79538,38194.0,209.80911,22.0,0.61111,3891.0,108.08334,2.0
1758077863.14391,31638.0,173.79538,38382.0,210.84184,0.0,0.0,3527.0,97.97222,2.0
1758077863.15991,31638.0,173.79538,38547.0,211.74823,0.0,0.0,3041.0,84.47222,2.0
1758077863.16114,31640.0,173.80637,38682.0,212.48981,-27.0,-0.75,2423.0,67.30556,2.0
1758077863.17593,31644.0,173.82834,38785.0,213.05563,-106.0,-2.94444,1725.0,47.91667,2.0
1758077863.1771,31656.0,173.89426,38852.0,213.42368,-339.0,-9.41667,1004.0,27.88889,2.0
1758077863.19193,31676.0,174.00412,38884.0,213.59946,-417.0,-11.58333,355.0,9.86111,2.0
1758077863.20796,31699.0,174.13046,38888.0,213.62143,-426.0,-11.83333,-22.0,-0.61111,2.0
1758077863.20911,31720.0,174.24582,38887.0,213.61594,-429.0,-11.91667,-5.0,-0.13889,2.0
1758077863.22399,31744.0,174.37766,38886.0,213.61044,-458.0,-12.72222,0.0,0.0,2.0
1758077863.24002,31766.0,174.4985,38885.0,213.60495,-393.0,-10.91667,-36.0,-1.0,2.0
1758077863.24076,31784.0,174.59738,38880.0,213.57748,-324.0,-9.0,-141.0,-3.91667,2.0
1758077863.2567,31799.0,174.67978,38869.0,213.51706,-317.0,-8.80556,-276.0,-7.66667,2.0
1758077863.25701,31817.0,174.77867,38849.0,213.4072,-341.0,-9.47222,-472.0,-13.11111,2.0
1758077863.27309,31838.0,174.89403,38812.0,213.20395,-517.0,-14.36111,-937.0,-26.02778,2.0
1758077863.27674,31876.0,175.10277,38749.0,212.85785,-967.0,-26.86111,-1490.0,-41.38889,2.0
1758077863.29318,31941.0,175.45984,38652.0,212.32501,-1469.0,-40.80556,-2224.0,-61.77778,2.0
1758077863.29729,32025.0,175.92126,38520.0,211.5999,-1746.0,-48.5,-2971.0,-82.52778,2.0
1758077863.31383,32115.0,176.41565,38345.0,210.6386,-1822.0,-50.61111,-3823.0,-106.19444,2.0
1758077863.33129,32210.0,176.93752,38118.0,209.39163,-1901.0,-52.80556,-4940.0,-137.22223,2.0
1758077863.33169,32311.0,177.49232,37835.0,207.83704,-2070.0,-57.5,-6011.0,-166.97223,2.0
1758077863.34707,32423.0,178.10757,37512.0,206.06273,-2261.0,-62.80556,-6562.0,-182.27777,2.0
1758077863.34781,32527.0,178.67888,37182.0,204.24994,-1848.0,-51.33333,-6313.0,-175.36111,2.0
1758077863.36305,32594.0,179.04692,36885.0,202.61844,-826.0,-22.94444,-5480.0,-152.22223,2.0
1758077863.37905,32604.0,179.10185,36632.0,201.22865,257.0,7.13889,-4664.0,-129.55556,2.0
1758077863.38024,32572.0,178.92607,36417.0,200.04761,969.0,26.91667,-3944.0,-109.55556,2.0
1758077863.3951,32506.0,178.56352,36239.0,199.06982,1536.0,42.66667,-3236.0,-89.88889,2.0
1758077863.39638,32418.0,178.08011,36090.0,198.25131,1895.0,52.63889,-2730.0,-75.83334,2.0
1758077863.41212,32322.0,177.55276,35958.0,197.5262,1845.0,51.25,-2563.0,-71.19444,2.0
1758077863.42913,32236.0,177.08034,35829.0,196.81758,1520.0,42.22222,-2593.0,-72.02778,2.0
1758077863.42989,32173.0,176.73425,35692.0,196.06499,1017.0,28.25,-2832.0,-78.66666,2.0
1758077863.44594,32137.0,176.5365,35541.0,195.23552,458.0,12.72222,-3108.0,-86.33334,2.0
1758077863.44678,32129.0,176.49255,35379.0,194.34561,-30.0,-0.83333,-3268.0,-90.77778,2.0
1758077863.46211,32131.0,176.50354,35208.0,193.40628,-39.0,-1.08333,-3407.0,-94.63889,2.0
1758077863.47915,32136.0,176.53101,35033.0,192.44496,-170.0,-4.72222,-3512.0,-97.55556,2.0
1758077863.48047,32151.0,176.6134,34855.0,191.46715,-374.0,-10.38889,-3538.0,-98.27778,2.0
1758077863.49524,32177.0,176.75623,34681.0,190.51132,-623.0,-17.30556,-3349.0,-93.02778,2.0
1758077863.49639,32218.0,176.98146,34521.0,189.63242,-982.0,-27.27778,-2967.0,-82.41666,2.0
1758077863.51217,32279.0,177.31654,34386.0,188.89081,-1418.0,-39.38889,-2423.0,-67.30556,2.0
1758077863.52827,32365.0,177.78897,34277.0,188.29205,-1942.0,-53.94444,-2000.0,-55.55556,2.0
1758077863.52892,32483.0,178.43718,34178.0,187.74823,-2627.0,-72.97222,-1962.0,-54.5,2.0
1758077863.5442,32643.0,179.31609,34070.0,187.15495,-3622.0,-100.61111,-2269.0,-63.02778,2.0
1758077863.54814,32860.0,180.50812,33941.0,186.44633,-4853.0,-134.80556,-2764.0,-76.77778,2.0
1758077863.5632,33145.0,182.07368,33788.0,185.60587,-6216.0,-172.66667,-3190.0,-88.61111,2.0
1758077863.58074,33492.0,183.97986,33616.0,184.66101,-7277.0,-202.13889,-3490.0,-96.94444,2.0
1758077863.58108,33886.0,186.1442,33438.0,183.68323,-8107.0,-225.19444,-3488.0,-96.88889,2.0
1758077863.5962,34317.0,188.51178,33274.0,182.78233,-8704.0,-241.77777,-3025.0,-84.02778,2.0
1758077863.59744,34761.0,190.95079,33140.0,182.04622,-8878.0,-246.61111,-2245.0,-62.36111,2.0
1758077863.61625,35219.0,193.46671,33054.0,181.57381,-9121.0,-253.36111,-1237.0,-34.36111,2.0
1758077863.61745,35676.0,195.9771,33026.0,181.42,-9043.0,-251.19444,-105.0,-2.91667,2.0
1758077863.63323,36137.0,198.50949,33031.0,181.44746,-9067.0,-251.86111,181.0,5.02778,2.0
1758077863.6492,36592.0,201.00893,33046.0,181.52986,-8815.0,-244.86111,344.0,9.55556,2.0
1758077863.65038,37038.0,203.45892,33069.0,181.6562,-8755.0,-243.19444,560.0,15.55556,2.0
1758077863.66606,37473.0,205.84846,33100.0,181.82649,-8550.0,-237.5,645.0,17.91667,2.0
1758077863.66683,37905.0,208.22156,33130.0,181.99129,-8541.0,-237.25,548.0,15.22222,2.0
1758077863.68223,38326.0,210.53423,33154.0,182.12315,-8248.0,-229.11111,431.0,11.97222,2.0
1758077863.6983,38739.0,212.80292,33174.0,182.23302,-8118.0,-225.5,399.0,11.08333,2.0
1758077863.69958,39130.0,214.95079,33196.0,182.35387,-7338.0,-203.83333,523.0,14.52778,2.0
1758077863.71705,39492.0,216.93935,33224.0,182.50768,-7070.0,-196.38889,520.0,14.44444,2.0
1758077863.71743,39841.0,218.85649,33245.0,182.62303,-6742.0,-187.27777,274.0,7.61111,2.0
1758077863.73609,40177.0,220.70222,33249.0,182.645,-6630.0,-184.16667,-20.0,-0.55556,2.0
1758077863.73644,40514.0,222.55344,33249.0,182.645,-6694.0,-185.94444,-22.0,-0.61111,2.0
1758077863.75471,40855.0,224.42665,33247.0,182.63402,-6718.0,-186.61111,-20.0,-0.55556,2.0
1758077863.75673,41198.0,226.31082,33246.0,182.62852,-6851.0,-190.30556,-14.0,-0.38889,2.0
1758077863.77339,41552.0,228.25543,33246.0,182.62852,-7085.0,-196.80556,0.0,0.0,2.0
1758077863.78935,41908.0,230.21104,33246.0,182.62852,-7017.0,-194.91667,0.0,0.0,2.0
1758077863.79054,42261.0,232.15015,33246.0,182.62852,-6893.0,-191.47223,3.0,0.08333,2.0
1758077863.80617,42592.0,233.9684,33250.0,182.6505,-6219.0,-172.75,90.0,2.5,2.0
1758077863.80689,42883.0,235.56696,33260.0,182.70543,-5393.0,-149.80556,262.0,7.27778,2.0
1758077863.82233,43128.0,236.91278,33281.0,182.82079,-4439.0,-123.30556,601.0,16.69444,2.0
1758077863.83916,43324.0,237.98947,33325.0,183.06248,-3485.0,-96.80556,1080.0,30.0,2.0
1758077863.83993,43474.0,238.81346,33390.0,183.41954,-2640.0,-73.33334,1376.0,38.22222,2.0
1758077863.85535,43592.0,239.46165,33466.0,183.83704,-2118.0,-58.83333,1568.0,43.55556,2.0
1758077863.85658,43687.0,239.98352,33546.0,184.27649,-1764.0,-49.0,1521.0,42.25,2.0
1758077863.87352,43772.0,240.45044,33620.0,184.68298,-1631.0,-45.30556,1403.0,38.97222,2.0
1758077863.89041,43854.0,240.90088,33684.0,185.03458,-1589.0,-44.13889,1125.0,31.25,2.0
1758077863.89119,43932.0,241.32938,33735.0,185.31473,-1488.0,-41.33333,905.0,25.13889,2.0
1758077863.90638,44005.0,241.73038,33776.0,185.53995,-1359.0,-37.75,741.0,20.58333,2.0
1758077863.90754,44071.0,242.09293,33808.0,185.71573,-1251.0,-34.75,586.0,16.27778,2.0
1758077863.92351,44128.0,242.40604,33845.0,185.91898,-976.0,-27.11111,869.0,24.13889,2.0
1758077863.92689,44163.0,242.59831,33903.0,186.23758,-484.0,-13.44444,1316.0,36.55556,2.0
1758077863.94342,44174.0,242.65874,33984.0,186.68254,-12.0,-0.33333,1864.0,51.77778,2.0
1758077863.95942,44164.0,242.60381,34095.0,187.29228,279.0,7.75,2446.0,67.94444,2.0
1758077863.9606,44140.0,242.47195,34245.0,188.11627,540.0,15.0,2652.0,73.66666,2.0
1758077863.97544,44115.0,242.33463,34354.0,188.71503,498.0,13.83333,2287.0,63.52778,2.0
1758077863.97665,44099.0,242.24673,34452.0,189.25339,132.0,3.66667,1601.0,44.47222,2.0
1758077863.99321,44104.0,242.2742,34515.0,189.59946,-178.0,-4.94444,957.0,26.58333,2.0
1758077863.99677,44117.0,242.34561,34545.0,189.76425,-317.0,-8.80556,271.0,7.52778,2.0
1758077864.01327,44132.0,242.42801,34543.0,189.75327,-247.0,-6.86111,-78.0,-2.16667,2.0
1758077864.02946,44140.0,242.47195,34542.0,189.74777,-86.0,-2.38889,0.0,0.0,2.0
1758077864.03152,44139.0,242.46646,34542.0,189.74777,34.0,0.94444,0.0,0.0,2.0
