timeStamp,timeStampAlign,roll,pitch,yaw,gyro_x,gyro_y,gyro_z,acc_x,acc_y,acc_z,flag_num
1758086914.78838,1758086914.76977,0.0,0.0,0.0,-19.99623,16.272,-20.34,8.81,1.35,1.41,3.0
1758086914.80338,1758086914.77977,0.0,0.0,0.0,-20.22541,13.69369,-19.36597,8.55,1.26,1.38,3.0
1758086914.81955,1758086914.78977,0.0,0.0,0.0,-20.05352,12.71966,-18.44924,8.55,1.26,1.38,3.0
1758086914.82039,1758086914.79977,0.0,0.0,0.0,-19.25138,12.204,-18.27736,8.74,1.08,1.61,3.0
1758086914.83514,1758086914.80977,0.0,0.0,0.0,-18.62113,10.25595,-18.22006,8.68,0.92,1.72,3.0
1758086914.85148,1758086914.81977,0.0,0.0,0.0,-17.93358,7.50575,-18.10547,8.68,0.92,1.72,3.0
1758086914.85237,1758086914.82977,0.0,0.0,0.0,-17.58981,3.49504,-17.6471,8.59,0.9,1.47,3.0
1758086914.86904,1758086914.83977,0.0,0.0,0.0,-17.30333,-0.22918,-17.18874,8.59,0.9,1.47,3.0
1758086914.87104,1758086914.84977,0.0,0.0,0.0,-17.58981,-4.98473,-16.04282,8.44,0.93,1.15,3.0
1758086914.88616,1758086914.85977,0.0,0.0,0.0,-17.93358,-9.33921,-14.66772,8.44,0.93,1.15,3.0
1758086914.88841,1758086914.86977,0.0,0.0,0.0,-18.62113,-13.86558,-12.08941,8.29,0.92,0.73,3.0
1758086914.90445,1758086914.87977,0.0,0.0,0.0,-19.59516,-14.20935,-10.48513,8.73,1.14,0.59,3.0
1758086914.92044,1758086914.88977,0.0,0.0,0.0,-20.62648,-13.12073,-8.76626,8.73,1.14,0.59,3.0
1758086914.92136,1758086914.89977,0.0,0.0,0.0,-21.42862,-11.34457,-7.16197,9.51,1.28,0.8,3.0
1758086914.94382,1758086914.90977,0.0,0.0,0.0,-22.34536,-7.96411,-5.27121,9.51,1.28,0.8,3.0
1758086914.94494,1758086914.91977,0.0,0.0,0.0,-23.26209,-2.00535,-5.09932,10.26,1.3,0.95,3.0
1758086914.96043,1758086914.92977,0.0,0.0,0.0,-24.75178,9.96947,-5.09932,10.26,1.3,0.95,3.0
1758086914.96136,1758086914.93977,0.0,0.0,0.0,-25.49662,19.70975,-4.69825,11.63,1.32,1.04,3.0
1758086914.97624,1758086914.94977,0.0,0.0,0.0,-26.81443,23.60586,-5.15662,11.09,1.27,1.26,3.0
1758086914.97739,1758086914.95977,0.0,0.0,0.0,-28.01764,16.95955,-5.4431,11.09,1.27,1.26,3.0
1758086914.99539,1758086914.96977,0.0,0.0,0.0,-28.36141,12.204,-4.58366,10.49,1.27,1.15,3.0
1758086915.0112,1758086914.97977,0.0,0.0,0.0,-28.36141,7.73493,-3.49504,10.49,1.27,1.15,3.0
1758086915.01348,1758086914.98977,0.0,0.0,0.0,-28.13223,-1.08862,-2.6929,11.14,1.39,1.17,3.0
1758086915.0282,1758086914.99977,0.0,0.0,0.0,-28.36141,-2.23454,-3.55234,11.14,1.39,1.17,3.0
1758086915.02939,1758086915.00977,0.0,0.0,0.0,-27.84575,0.68755,-4.69825,12.68,1.61,2.1,3.0
1758086915.04454,1758086915.01977,0.0,0.0,0.0,-25.89769,6.53172,-7.10468,12.68,1.61,2.1,3.0
1758086915.06046,1758086915.02977,0.0,0.0,0.0,-23.60586,10.25595,-8.36518,14.29,1.54,2.54,3.0
1758086915.0614,1758086915.03977,0.0,0.0,0.0,-20.62648,14.03747,-9.22462,15.2,1.03,2.46,3.0
1758086915.07644,1758086915.04977,0.0,0.0,0.0,-16.84496,18.50654,-9.62569,15.2,1.03,2.46,3.0
1758086915.07738,1758086915.05977,0.0,0.0,0.0,-11.63104,23.60586,-9.33921,15.74,0.67,2.32,3.0
1758086915.0942,1758086915.06977,0.0,0.0,0.0,-8.59437,23.89234,-9.33921,15.74,0.67,2.32,3.0
1758086915.11015,1758086915.07977,0.0,0.0,0.0,-5.78687,25.43933,-9.5684,15.25,0.92,2.57,3.0
1758086915.11146,1758086915.08977,0.0,0.0,0.0,-3.72423,23.83505,-9.85487,15.25,0.92,2.57,3.0
1758086915.12651,1758086915.09977,0.0,0.0,0.0,-2.00535,16.50119,-9.91217,14.23,1.54,3.19,3.0
1758086915.12903,1758086915.10977,0.0,0.0,0.0,-2.06265,9.74028,-8.99544,12.35,1.96,3.39,3.0
1758086915.14524,1758086915.11977,0.0,0.0,0.0,-3.55234,1.71887,-7.16197,12.35,1.96,3.39,3.0
1758086915.16123,1758086915.12977,0.0,0.0,0.0,-6.13065,-6.47442,-4.64096,10.51,2.21,3.48,3.0
1758086915.16355,1758086915.13977,0.0,0.0,0.0,-12.71966,-18.62113,-0.40107,10.51,2.21,3.48,3.0
1758086915.17825,1758086915.14977,0.0,0.0,0.0,-18.16276,-25.72581,2.6929,9.04,2.35,4.06,3.0
1758086915.17987,1758086915.15977,0.0,0.0,0.0,-24.63719,-32.6013,5.50039,9.04,2.35,4.06,3.0
1758086915.19528,1758086915.16977,0.0,0.0,0.0,-31.39809,-40.39353,7.96411,7.93,2.42,4.75,3.0
1758086915.2117,1758086915.17977,0.0,0.0,0.0,-40.7373,-49.84733,10.31324,7.47,2.41,5.15,3.0
1758086915.21351,1758086915.18977,0.0,0.0,0.0,-45.83662,-53.39967,11.28727,7.47,2.41,5.15,3.0
1758086915.22825,1758086915.19977,0.0,0.0,0.0,-49.90463,-54.48829,11.34457,8.2,2.14,4.66,3.0
1758086915.22946,1758086915.20977,0.0,0.0,0.0,-53.68615,-53.45696,10.71431,8.2,2.14,4.66,3.0
1758086915.24453,1758086915.21977,0.0,0.0,0.0,-55.06125,-50.363,9.39651,9.0,1.55,3.89,3.0
1758086915.26048,1758086915.22977,0.0,0.0,0.0,-55.6915,-47.15443,7.79223,9.0,1.55,3.89,3.0
1758086915.26145,1758086915.23977,0.0,0.0,0.0,-55.6915,-43.37291,6.07335,9.22,0.85,3.25,3.0
1758086915.27653,1758086915.24977,0.0,0.0,0.0,-55.34772,-35.92446,3.32316,9.22,0.85,3.25,3.0
1758086915.27745,1758086915.25977,0.0,0.0,0.0,-54.88936,-32.08564,2.46372,9.23,0.4,2.93,3.0
1758086915.29506,1758086915.26977,0.0,0.0,0.0,-54.431,-26.87172,2.23454,9.1,0.3,2.62,3.0
1758086915.31123,1758086915.27977,0.0,0.0,0.0,-54.431,-19.42327,2.29183,9.1,0.3,2.62,3.0
1758086915.31252,1758086915.28977,0.0,0.0,0.0,-54.25911,-13.5218,4.18259,8.9,0.52,2.3,3.0
1758086915.32829,1758086915.29977,0.0,0.0,0.0,-54.14451,-9.62569,6.13065,8.9,0.52,2.3,3.0
1758086915.32951,1758086915.30977,0.0,0.0,0.0,-54.25911,-4.81285,8.30789,8.52,0.64,2.17,3.0
1758086915.34561,1758086915.31977,0.0,0.0,0.0,-54.48829,-0.34377,10.8289,8.52,0.64,2.17,3.0
1758086915.36138,1758086915.32977,0.0,0.0,0.0,-55.34772,5.09932,14.61043,8.54,0.6,2.04,3.0
1758086915.36248,1758086915.33977,0.0,0.0,0.0,-56.26446,7.79223,16.67307,8.34,0.55,2.02,3.0
1758086915.37759,1758086915.34977,0.0,0.0,0.0,-57.29578,10.08406,18.44924,8.34,0.55,2.02,3.0
1758086915.37965,1758086915.35977,0.0,0.0,0.0,-58.67088,12.204,19.48057,8.15,0.51,1.91,3.0
1758086915.3943,1758086915.36977,0.0,0.0,0.0,-60.50434,15.64175,19.88164,8.15,0.51,1.91,3.0
1758086915.41026,1758086915.37977,0.0,0.0,0.0,-61.65026,16.61578,19.07949,8.14,0.42,1.77,3.0
1758086915.41145,1758086915.38977,0.0,0.0,0.0,-62.79618,17.58981,17.47521,8.14,0.42,1.77,3.0
1758086915.4265,1758086915.39977,0.0,0.0,0.0,-64.17127,17.47521,15.0115,7.99,0.35,1.68,3.0
1758086915.42748,1758086915.40977,0.0,0.0,0.0,-64.17127,17.53251,13.34992,8.02,0.14,1.56,3.0
1758086915.44625,1758086915.41977,0.0,0.0,0.0,-63.25455,17.6471,11.80293,8.02,0.14,1.56,3.0
1758086915.44859,1758086915.42977,0.0,0.0,0.0,-61.42108,16.95955,10.71431,7.87,-0.2,1.45,3.0
1758086915.46558,1758086915.43977,0.0,0.0,0.0,-57.18119,15.64175,9.39651,7.87,-0.2,1.45,3.0
1758086915.48162,1758086915.44977,0.0,0.0,0.0,-54.431,14.78231,7.96411,7.7,-0.58,1.2,3.0
1758086915.48252,1758086915.45977,0.0,0.0,0.0,-51.5662,14.09476,6.35983,7.7,-0.58,1.2,3.0
1758086915.4973,1758086915.46977,0.0,0.0,0.0,-48.41494,13.34992,4.87014,7.82,-0.7,0.92,3.0
1758086915.49849,1758086915.47977,0.0,0.0,0.0,-43.31561,12.2613,3.38045,7.95,-0.7,0.96,3.0
1758086915.51537,1758086915.48977,0.0,0.0,0.0,-40.04975,11.00079,2.7502,7.95,-0.84,0.96,3.0
1758086915.53157,1758086915.49977,0.0,0.0,0.0,-36.89849,9.68299,2.23454,8.02,-0.93,1.05,3.0
1758086915.53332,1758086915.50977,0.0,0.0,0.0,-34.0337,8.25059,1.77617,8.02,-0.93,1.05,3.0
1758086915.54851,1758086915.51977,0.0,0.0,0.0,-30.88243,5.72958,1.3751,8.13,-0.86,1.23,3.0
1758086915.54954,1758086915.52977,0.0,0.0,0.0,-29.33544,4.29718,1.3178,8.13,-0.86,1.23,3.0
1758086915.56444,1758086915.53977,0.0,0.0,0.0,-28.76248,3.95341,0.97403,8.41,-0.59,1.47,3.0
1758086915.58138,1758086915.54977,0.0,0.0,0.0,-29.39274,4.29718,0.0,8.41,-0.59,1.47,3.0
1758086915.58273,1758086915.55977,0.0,0.0,0.0,-30.02299,2.92208,0.0573,8.84,-0.03,1.74,3.0
1758086915.59983,1758086915.56977,0.0,0.0,0.0,-30.30947,2.00535,0.85944,9.31,0.14,1.63,3.0
1758086915.60565,1758086915.57977,0.0,0.0,0.0,-30.36677,2.6929,2.23454,9.31,0.14,1.63,3.0
1758086915.62161,1758086915.58977,0.0,0.0,0.0,-30.53865,3.60963,4.29718,9.78,0.11,1.64,3.0
1758086915.62249,1758086915.59977,0.0,0.0,0.0,-30.19488,5.27121,6.18794,9.78,0.11,1.64,3.0
1758086915.63748,1758086915.60977,0.0,0.0,0.0,-29.33544,7.73493,8.0787,9.88,-0.2,1.63,3.0
1758086915.63934,1758086915.61977,0.0,0.0,0.0,-27.61657,13.40721,9.4538,9.88,-0.2,1.63,3.0
1758086915.65432,1758086915.62977,0.0,0.0,0.0,-24.4653,23.26209,10.71431,10.37,-0.65,1.34,3.0
1758086915.67029,1758086915.63977,0.0,0.0,0.0,-21.7151,27.04361,10.8862,10.28,-0.98,1.37,3.0
1758086915.67182,1758086915.64977,0.0,0.0,0.0,-18.85031,27.61657,10.08406,10.28,-0.98,1.37,3.0
1758086915.68661,1758086915.65977,0.0,0.0,0.0,-16.04282,26.06958,8.70896,9.69,-1.17,1.54,3.0
1758086915.68778,1758086915.66977,0.0,0.0,0.0,-12.14671,22.74642,6.13065,9.69,-1.17,1.54,3.0
1758086915.7036,1758086915.67977,0.0,0.0,0.0,-9.62569,21.48592,4.64096,9.78,-1.34,1.43,3.0
1758086915.71962,1758086915.68977,0.0,0.0,0.0,-7.44845,20.68378,3.66693,9.78,-1.34,1.43,3.0
1758086915.72161,1758086915.69977,0.0,0.0,0.0,-5.55769,18.85031,3.09397,10.43,-1.5,1.65,3.0
1758086915.73736,1758086915.70977,0.0,0.0,0.0,-4.1253,2.29183,1.66158,10.07,-1.61,2.13,3.0
1758086915.73932,1758086915.71977,0.0,0.0,0.0,-2.6929,-17.18874,2.23454,10.07,-1.61,2.13,3.0
1758086915.7546,1758086915.72977,0.0,0.0,0.0,-4.87014,-23.60586,0.68755,10.63,-1.53,2.86,3.0
1758086915.77031,1758086915.73977,0.0,0.0,0.0,-5.95876,-9.22462,3.20856,10.63,-1.53,2.86,3.0
1758086915.77165,1758086915.74977,0.0,0.0,0.0,-7.67763,21.08485,8.99544,16.49,-1.07,3.56,3.0
1758086915.78636,1758086915.75977,0.0,0.0,0.0,-7.96411,29.73651,11.91752,16.49,-1.07,3.56,3.0
1758086915.79103,1758086915.76977,0.0,0.0,0.0,-8.42248,17.58981,14.61043,16.06,-0.02,3.45,3.0
1758086915.80659,1758086915.77977,0.0,0.0,0.0,-5.90147,-1.48969,15.92823,16.06,-0.02,3.45,3.0
1758086915.80994,1758086915.78977,0.0,0.0,0.0,-3.32316,-8.42248,15.69904,12.84,0.34,3.23,3.0
1758086915.82567,1758086915.79977,0.0,0.0,0.0,-0.17189,-4.35448,12.37589,13.97,-0.47,2.84,3.0
1758086915.84167,1758086915.80977,0.0,0.0,0.0,4.69825,-0.85944,9.4538,13.97,-0.47,2.84,3.0
1758086915.84432,1758086915.81977,0.0,0.0,0.0,11.86023,-3.03668,4.46907,13.53,-1.62,4.2,3.0
1758086915.85965,1758086915.82977,0.0,0.0,0.0,16.04282,-5.21392,1.20321,13.53,-1.62,4.2,3.0
1758086915.86058,1758086915.83977,0.0,0.0,0.0,19.70975,-4.98473,-1.60428,12.11,-1.93,4.26,3.0
1758086915.87573,1758086915.84977,0.0,0.0,0.0,23.37668,-4.29718,-4.23989,12.11,-1.93,4.26,3.0
1758086915.8915,1758086915.85977,0.0,0.0,0.0,28.64789,-8.30789,-7.44845,10.34,-1.58,3.57,3.0
1758086915.89336,1758086915.86977,0.0,0.0,0.0,31.97105,-13.98017,-8.76626,7.9,-1.04,3.42,3.0
1758086915.90864,1758086915.87977,0.0,0.0,0.0,35.3515,-19.53786,-9.39651,7.9,-1.04,3.42,3.0
1758086915.90962,1758086915.88977,0.0,0.0,0.0,38.44547,-24.5226,-8.99544,6.74,-0.57,3.49,3.0
1758086915.92466,1758086915.89977,0.0,0.0,0.0,42.39888,-30.99702,-7.79223,6.74,-0.57,3.49,3.0
1758086915.94066,1758086915.90977,0.0,0.0,0.0,44.17505,-34.09099,-5.90147,6.9,-0.19,3.36,3.0
1758086915.94165,1758086915.91977,0.0,0.0,0.0,44.8053,-35.63798,-4.87014,6.9,-0.19,3.36,3.0
1758086915.95638,1758086915.92977,0.0,0.0,0.0,45.26366,-36.55471,-3.83882,8.08,0.22,3.2,3.0
1758086915.95759,1758086915.93977,0.0,0.0,0.0,45.43555,-35.2369,-2.97938,9.09,0.75,2.85,3.0
1758086915.97371,1758086915.94977,0.0,0.0,0.0,45.03448,-32.37212,-3.20856,9.09,0.75,2.85,3.0
1758086915.99037,1758086915.95977,0.0,0.0,0.0,44.40423,-28.70519,-3.55234,9.62,1.17,2.71,3.0
1758086915.99159,1758086915.96977,0.0,0.0,0.0,43.14373,-24.75178,-4.35448,9.62,1.17,2.71,3.0
1758086916.00631,1758086915.97977,0.0,0.0,0.0,40.62271,-19.19409,-5.09932,9.7,1.51,2.66,3.0
1758086916.00757,1758086915.98977,0.0,0.0,0.0,38.56006,-15.0115,-6.13065,9.7,1.51,2.66,3.0
1758086916.0237,1758086915.99977,0.0,0.0,0.0,36.32552,-10.54242,-7.73493,9.57,1.46,2.4,3.0
1758086916.03965,1758086916.00977,0.0,0.0,0.0,33.40344,-3.66693,-10.37054,9.57,1.46,2.4,3.0
1758086916.04101,1758086916.01977,0.0,0.0,0.0,31.51268,1.20321,-11.80293,9.56,1.1,2.29,3.0
1758086916.05562,1758086916.02977,0.0,0.0,0.0,30.19488,6.13065,-12.2613,9.9,0.75,2.12,3.0
1758086916.07172,1758086916.03977,0.0,0.0,0.0,29.22085,9.68299,-12.89155,9.9,0.75,2.12,3.0
1758086916.07614,1758086916.04977,0.0,0.0,0.0,28.93437,14.72501,-13.5218,9.91,0.56,2.08,3.0
1758086916.09158,1758086916.05977,0.0,0.0,0.0,29.33544,19.42327,-13.40721,9.91,0.56,2.08,3.0
1758086916.09344,1758086916.06977,0.0,0.0,0.0,29.8511,22.68913,-13.46451,9.79,0.42,1.92,3.0
1758086916.11142,1758086916.07977,0.0,0.0,0.0,31.16891,25.8404,-13.34992,9.79,0.42,1.92,3.0
1758086916.11372,1758086916.08977,0.0,0.0,0.0,34.32018,28.41871,-11.80293,9.14,0.39,1.81,3.0
1758086916.12843,1758086916.09977,0.0,0.0,0.0,36.61201,27.84575,-11.28727,8.41,0.45,1.97,3.0
1758086916.12963,1758086916.10977,0.0,0.0,0.0,39.24761,27.38738,-10.19865,8.41,0.45,1.97,3.0
1758086916.14541,1758086916.11977,0.0,0.0,0.0,41.36755,28.87707,-9.28192,8.29,0.45,1.91,3.0
1758086916.16163,1758086916.12977,0.0,0.0,0.0,44.748,28.13223,-8.136,8.29,0.45,1.91,3.0
1758086916.16297,1758086916.13977,0.0,0.0,0.0,46.63877,24.92367,-7.62034,7.64,0.44,1.84,3.0
1758086916.17743,1758086916.14977,0.0,0.0,0.0,48.12846,22.11617,-7.16197,7.64,0.44,1.84,3.0
1758086916.17945,1758086916.15977,0.0,0.0,0.0,49.79003,19.76705,-6.58902,7.11,0.4,1.74,3.0
1758086916.19568,1758086916.16977,0.0,0.0,0.0,51.27972,15.98552,-6.13065,6.89,0.44,1.73,3.0
1758086916.19739,1758086916.17977,0.0,0.0,0.0,51.85268,13.46451,-5.84417,6.89,0.44,1.73,3.0
1758086916.21468,1758086916.18977,0.0,0.0,0.0,51.79538,11.91752,-5.50039,6.92,0.56,1.86,3.0
1758086916.23044,1758086916.19977,0.0,0.0,0.0,51.16513,11.28727,-5.21392,6.92,0.56,1.86,3.0
1758086916.23187,1758086916.20977,0.0,0.0,0.0,50.13381,10.8862,-4.92744,7.16,0.77,1.52,3.0
1758086916.24672,1758086916.21977,0.0,0.0,0.0,48.58683,11.00079,-4.64096,7.16,0.77,1.52,3.0
1758086916.24789,1758086916.22977,0.0,0.0,0.0,46.63877,11.17268,-4.18259,7.43,1.08,1.27,3.0
1758086916.26449,1758086916.23977,0.0,0.0,0.0,42.91454,11.91752,-2.97938,7.43,1.08,1.27,3.0
1758086916.28057,1758086916.24977,0.0,0.0,0.0,40.16434,13.34992,-2.57831,7.78,1.46,1.17,3.0
1758086916.28161,1758086916.25977,0.0,0.0,0.0,37.52874,15.35527,-1.43239,8.38,1.85,1.07,3.0
1758086916.29663,1758086916.26977,0.0,0.0,0.0,34.60666,17.76169,-0.80214,8.38,1.85,1.07,3.0
1758086916.29763,1758086916.27977,0.0,0.0,0.0,30.53865,21.31403,0.51566,8.91,2.03,1.15,3.0
1758086916.31476,1758086916.28977,0.0,0.0,0.0,28.13223,22.68913,1.3178,8.91,2.03,1.15,3.0
1758086916.33076,1758086916.29977,0.0,0.0,0.0,25.72581,24.86637,1.71887,9.31,2.05,1.42,3.0
1758086916.33167,1758086916.30977,0.0,0.0,0.0,23.54857,28.76248,2.06265,9.31,2.05,1.42,3.0
1758086916.34651,1758086916.31977,0.0,0.0,0.0,20.62648,32.88778,1.77617,9.97,1.96,1.72,3.0
1758086916.34892,1758086916.32977,0.0,0.0,0.0,18.90761,31.79916,1.08862,9.98,1.74,1.76,3.0
1758086916.36546,1758086916.33977,0.0,0.0,0.0,17.6471,28.76248,0.40107,9.98,1.74,1.76,3.0
1758086916.3817,1758086916.34977,0.0,0.0,0.0,16.3293,26.12688,-0.34377,10.1,1.51,1.82,3.0
1758086916.38346,1758086916.35977,0.0,0.0,0.0,13.80828,26.87172,-1.3751,10.1,1.51,1.82,3.0
1758086916.39872,1758086916.36977,0.0,0.0,0.0,11.80293,28.76248,-2.06265,10.83,1.45,1.51,3.0
1758086916.39993,1758086916.37977,0.0,0.0,0.0,9.4538,29.62192,-2.34913,10.83,1.45,1.51,3.0
1758086916.41552,1758086916.38977,0.0,0.0,0.0,6.7609,28.70519,-2.06265,11.1,1.66,1.89,3.0
1758086916.43175,1758086916.39977,0.0,0.0,0.0,2.97938,25.7831,-1.03132,11.13,2.13,2.03,3.0
1758086916.46389,1758086916.40977,0.0,0.0,0.0,1.66158,19.70975,2.57831,11.13,2.13,2.03,3.0
1758086916.46496,1758086916.41977,0.0,0.0,0.0,-0.34377,-9.5684,5.4431,9.34,2.9,2.5,3.0
1758086916.46618,1758086916.42977,0.0,0.0,0.0,-0.51566,-60.44705,5.84417,9.34,2.9,2.5,3.0
1758086916.46713,1758086916.43977,0.0,0.0,0.0,3.26586,-72.82294,5.21392,9.09,3.06,3.62,3.0
1758086916.46882,1758086916.44977,0.0,0.0,0.0,6.35983,-67.37984,3.49504,9.09,3.06,3.62,3.0
1758086916.48447,1758086916.45977,0.0,0.0,0.0,6.53172,-40.45082,0.0573,15.28,2.32,4.31,3.0
1758086916.5017,1758086916.46977,0.0,0.0,0.0,2.6929,7.04738,-8.47978,19.14,2.32,4.43,3.0
1758086916.50348,1758086916.47977,0.0,0.0,0.0,0.34377,21.37133,-10.37054,19.14,1.46,4.43,3.0
1758086916.51874,1758086916.48977,0.0,0.0,0.0,-2.40642,19.82434,-8.0787,14.78,1.71,3.99,3.0
1758086916.51995,1758086916.49977,0.0,0.0,0.0,-5.4431,8.76626,-2.7502,14.78,1.71,3.99,3.0
1758086916.53452,1758086916.50977,0.0,0.0,0.0,-10.02676,-12.54778,6.41713,10.94,2.25,3.88,3.0
1758086916.55051,1758086916.51977,0.0,0.0,0.0,-13.69369,-21.7724,10.8289,10.94,2.25,3.88,3.0
1758086916.55337,1758086916.52977,0.0,0.0,0.0,-17.36062,-25.26744,12.89155,10.39,2.42,3.81,3.0
1758086916.57073,1758086916.53977,0.0,0.0,0.0,-20.68378,-25.7831,13.75099,10.39,2.42,3.81,3.0
1758086916.57213,1758086916.54977,0.0,0.0,0.0,-24.00693,-29.22085,14.09476,10.4,2.25,4.0,3.0
1758086916.58672,1758086916.55977,0.0,0.0,0.0,-25.55392,-35.52338,14.03747,8.49,1.56,3.87,3.0
1758086916.5877,1758086916.56977,0.0,0.0,0.0,-26.75713,-43.37291,13.69369,8.49,1.56,3.87,3.0
1758086916.6055,1758086916.57977,0.0,0.0,0.0,-27.67386,-50.2484,13.06344,6.59,0.8,3.49,3.0
1758086916.62185,1758086916.58977,0.0,0.0,0.0,-28.70519,-60.10328,12.60507,6.59,0.8,3.49,3.0
1758086916.62574,1758086916.59977,0.0,0.0,0.0,-29.50733,-64.17127,11.86023,6.02,0.31,3.25,3.0
1758086916.64081,1758086916.60977,0.0,0.0,0.0,-30.36677,-66.34852,11.22997,6.02,0.31,3.25,3.0
1758086916.64177,1758086916.61977,0.0,0.0,0.0,-32.14294,-65.54638,10.65701,7.01,0.1,3.53,3.0
1758086916.65672,1758086916.62977,0.0,0.0,0.0,-33.23156,-63.94209,10.31324,8.37,0.05,3.5,3.0
1758086916.65763,1758086916.63977,0.0,0.0,0.0,-34.09099,-62.28051,9.62569,8.37,0.05,3.5,3.0
1758086916.67479,1758086916.64977,0.0,0.0,0.0,-34.89313,-59.01466,9.22462,9.43,-0.17,3.09,3.0
1758086916.69082,1758086916.65977,0.0,0.0,0.0,-36.7266,-51.10783,8.47978,9.43,-0.17,3.09,3.0
1758086916.69177,1758086916.66977,0.0,0.0,0.0,-37.98711,-45.89392,8.30789,9.95,-0.19,2.49,3.0
1758086916.70656,1758086916.67977,0.0,0.0,0.0,-39.24761,-41.25296,8.36518,9.95,-0.19,2.49,3.0
1758086916.70886,1758086916.68977,0.0,0.0,0.0,-39.99245,-35.69527,9.22462,9.78,-0.21,2.19,3.0
1758086916.7256,1758086916.69977,0.0,0.0,0.0,-39.76327,-25.61122,11.17268,9.94,-0.33,1.92,3.0
1758086916.74161,1758086916.70977,0.0,0.0,0.0,-38.84654,-17.81899,12.43318,9.94,-0.33,1.92,3.0
1758086916.74278,1758086916.71977,0.0,0.0,0.0,-37.52874,-9.74028,13.75099,10.15,-0.54,1.66,3.0
1758086916.75759,1758086916.72977,0.0,0.0,0.0,-35.69527,-2.11994,14.9542,10.15,-0.54,1.66,3.0
1758086916.75961,1758086916.73977,0.0,0.0,0.0,-33.23156,7.73493,16.04282,10.03,-0.61,1.57,3.0
1758086916.77485,1758086916.74977,0.0,0.0,0.0,-31.85646,13.46451,16.50119,10.03,-0.61,1.57,3.0
1758086916.79167,1758086916.75977,0.0,0.0,0.0,-30.88243,17.47521,16.55848,9.65,-0.51,1.63,3.0
1758086916.79418,1758086916.76977,0.0,0.0,0.0,-30.30947,21.48592,16.04282,9.65,-0.51,1.63,3.0
1758086916.80969,1758086916.77977,0.0,0.0,0.0,-29.73651,26.41335,14.72501,9.39,-0.38,1.71,3.0
1758086916.81076,1758086916.78977,0.0,0.0,0.0,-29.8511,30.93972,13.5791,9.3,-0.21,1.71,3.0
1758086916.8256,1758086916.79977,0.0,0.0,0.0,-30.48136,35.63798,11.00079,9.3,-0.21,1.71,3.0
1758086916.84171,1758086916.80977,0.0,0.0,0.0,-32.20023,33.9764,7.50575,8.64,0.05,1.74,3.0
1758086916.84361,1758086916.81977,0.0,0.0,0.0,-33.17426,33.05967,5.50039,8.64,0.05,1.74,3.0
1758086916.85857,1758086916.82977,0.0,0.0,0.0,-33.9764,31.62727,4.52637,8.24,0.08,1.66,3.0
1758086916.86012,1758086916.83977,0.0,0.0,0.0,-34.43476,30.99702,3.89611,8.24,0.08,1.66,3.0
1758086916.87569,1758086916.84977,0.0,0.0,0.0,-35.12231,27.1582,4.1253,8.2,-0.01,1.5,3.0
1758086916.89178,1758086916.85977,0.0,0.0,0.0,-35.3515,24.75178,4.35448,7.78,-0.14,1.52,3.0
1758086916.89316,1758086916.86977,0.0,0.0,0.0,-35.2942,22.63183,4.92744,7.78,-0.14,1.52,3.0
1758086916.90786,1758086916.87977,0.0,0.0,0.0,-35.12231,20.45459,5.50039,7.46,-0.32,1.28,3.0
1758086916.90917,1758086916.88977,0.0,0.0,0.0,-34.26288,16.90226,6.47442,7.46,-0.32,1.28,3.0
1758086916.92467,1758086916.89977,0.0,0.0,0.0,-33.05967,14.66772,6.99009,7.29,-0.47,1.06,3.0
1758086916.94085,1758086916.90977,0.0,0.0,0.0,-31.2262,12.2613,7.44845,7.29,-0.47,1.06,3.0
1758086916.9418,1758086916.91977,0.0,0.0,0.0,-28.93437,9.22462,8.25059,7.43,-0.68,1.0,3.0
1758086916.95782,1758086916.92977,0.0,0.0,0.0,-24.92367,5.09932,8.70896,7.84,-0.91,1.03,3.0
1758086916.95919,1758086916.93977,0.0,0.0,0.0,-22.05888,2.97938,8.76626,7.84,-0.91,1.03,3.0
1758086916.97365,1758086916.94977,0.0,0.0,0.0,-19.48057,1.3178,8.42248,8.33,-1.04,1.18,3.0
1758086916.98961,1758086916.95977,0.0,0.0,0.0,-17.01685,-0.34377,7.84952,8.33,-1.04,1.18,3.0
1758086916.99085,1758086916.96977,0.0,0.0,0.0,-13.86558,-2.06265,6.70361,8.53,-0.92,1.2,3.0
1758086917.0056,1758086916.97977,0.0,0.0,0.0,-12.204,-2.23454,5.78687,8.53,-0.92,1.2,3.0
1758086917.02186,1758086916.98977,0.0,0.0,0.0,-11.17268,-2.11994,4.81285,8.69,-0.62,1.12,3.0
1758086917.02356,1758086916.99977,0.0,0.0,0.0,-10.59972,-2.06265,3.09397,8.69,-0.62,1.12,3.0
1758086917.03986,1758086917.00977,0.0,0.0,0.0,-11.00079,-2.11994,2.11994,8.85,-0.23,1.21,3.0
1758086917.04085,1758086917.01977,0.0,0.0,0.0,-11.80293,-1.3751,1.20321,9.22,0.05,1.19,3.0
1758086917.05561,1758086917.02977,0.0,0.0,0.0,-12.83425,0.17189,0.57296,9.22,0.05,1.19,3.0
1758086917.05918,1758086917.03977,0.0,0.0,0.0,-14.78231,2.92208,-0.22918,9.65,0.12,1.03,3.0
1758086917.07543,1758086917.04977,0.0,0.0,0.0,-15.87093,4.23989,-0.80214,9.65,0.12,1.03,3.0
1758086917.09405,1758086917.05977,0.0,0.0,0.0,-16.61578,5.4431,-1.3178,9.91,-0.02,1.15,3.0
1758086917.10324,1758086917.06977,0.0,0.0,0.0,-16.73037,8.65166,-2.06265,9.91,-0.02,1.15,3.0
1758086917.10807,1758086917.07977,0.0,0.0,0.0,-15.29797,16.50119,-3.60963,10.32,-0.39,1.17,3.0
1758086917.11137,1758086917.08977,0.0,0.0,0.0,-13.17803,19.76705,-4.58366,10.27,-0.8,1.12,3.0
1758086917.12772,1758086917.09977,0.0,0.0,0.0,-10.37054,21.31403,-5.50039,10.27,-0.8,1.12,3.0
1758086917.12863,1758086917.10977,0.0,0.0,0.0,-7.16197,22.86102,-5.95876,10.03,-1.1,1.08,3.0
1758086917.14389,1758086917.11977,0.0,0.0,0.0,-1.3178,24.80907,-6.41713,10.03,-1.1,1.08,3.0
1758086917.15992,1758086917.12977,0.0,0.0,0.0,2.6929,26.12688,-6.24524,10.58,-1.34,0.96,3.0
1758086917.16249,1758086917.13977,0.0,0.0,0.0,7.16197,27.38738,-5.61499,10.58,-1.34,0.96,3.0
1758086917.17844,1758086917.14977,0.0,0.0,0.0,11.45916,24.4653,-5.50039,11.41,-1.58,1.09,3.0
1758086917.17991,1758086917.15977,0.0,0.0,0.0,17.13144,0.17189,-2.97938,10.87,-1.91,2.19,3.0
1758086917.19462,1758086917.16977,0.0,0.0,0.0,19.19409,-18.79302,-0.85944,10.87,-1.91,2.19,3.0
1758086917.20222,1758086917.17977,0.0,0.0,0.0,18.33465,-26.24147,1.03132,12.4,-1.96,3.48,3.0
1758086917.22195,1758086917.18977,0.0,0.0,0.0,17.13144,-15.06879,4.35448,12.4,-1.96,3.48,3.0
1758086917.22443,1758086917.19977,0.0,0.0,0.0,11.28727,12.37589,4.87014,16.66,-0.47,3.94,3.0
1758086917.24148,1758086917.20977,0.0,0.0,0.0,7.79223,23.60586,4.35448,16.66,-0.47,3.94,3.0
1758086917.24667,1758086917.21977,0.0,0.0,0.0,3.89611,30.30947,1.43239,15.85,0.82,3.03,3.0
1758086917.2856,1758086917.22977,0.0,0.0,0.0,1.03132,24.86637,-4.52637,15.85,0.82,3.03,3.0
1758086917.28996,1758086917.23977,0.0,0.0,0.0,2.23454,15.12609,-7.10468,13.88,0.48,3.14,3.0
1758086917.29057,1758086917.24977,0.0,0.0,0.0,4.46907,9.68299,-8.70896,13.3,-0.9,3.34,3.0
1758086917.29184,1758086917.25977,0.0,0.0,0.0,7.16197,7.79223,-9.85487,13.3,-0.9,3.34,3.0
1758086917.2927,1758086917.26977,0.0,0.0,0.0,11.86023,3.89611,-9.5684,13.11,-1.68,3.84,3.0
1758086917.30894,1758086917.27977,0.0,0.0,0.0,14.78231,1.14592,-8.47978,13.11,-1.68,3.84,3.0
1758086917.31067,1758086917.28977,0.0,0.0,0.0,18.33465,-1.3751,-6.99009,11.48,-1.66,3.6,3.0
1758086917.32569,1758086917.29977,0.0,0.0,0.0,22.00158,-5.72958,-6.58902,11.48,-1.66,3.6,3.0
1758086917.34167,1758086917.30977,0.0,0.0,0.0,27.38738,-20.68378,-6.07335,8.95,-1.28,3.13,3.0
1758086917.34291,1758086917.31977,0.0,0.0,0.0,30.93972,-32.25753,-5.90147,6.58,-0.84,3.34,3.0
1758086917.35769,1758086917.32977,0.0,0.0,0.0,34.09099,-42.39888,-5.61499,6.58,-0.84,3.34,3.0
1758086917.35968,1758086917.33977,0.0,0.0,0.0,36.26823,-50.3057,-5.15662,6.22,-0.51,3.45,3.0
1758086917.37493,1758086917.34977,0.0,0.0,0.0,38.15899,-56.55093,-5.4431,6.22,-0.51,3.45,3.0
1758086917.3909,1758086917.35977,0.0,0.0,0.0,38.73195,-58.26981,-5.09932,7.16,-0.13,3.62,3.0
1758086917.39218,1758086917.36977,0.0,0.0,0.0,38.73195,-58.55629,-5.15662,7.16,-0.13,3.62,3.0
1758086917.41095,1758086917.37977,0.0,0.0,0.0,38.15899,-56.14987,-5.32851,8.33,0.39,3.25,3.0
1758086917.4119,1758086917.38977,0.0,0.0,0.0,36.7266,-50.3057,-5.55769,9.46,0.98,2.74,3.0
1758086917.43096,1758086917.39977,0.0,0.0,0.0,35.58068,-45.20637,-5.84417,9.46,0.98,2.74,3.0
1758086917.43215,1758086917.40977,0.0,0.0,0.0,34.32018,-39.3622,-6.41713,10.0,1.32,2.37,3.0
1758086917.44698,1758086917.41977,0.0,0.0,0.0,32.20023,-29.10626,-8.136,10.0,1.32,2.37,3.0
1758086917.45102,1758086917.42977,0.0,0.0,0.0,30.53865,-20.68378,-9.28192,10.04,1.22,2.25,3.0
1758086917.47277,1758086917.43977,0.0,0.0,0.0,28.36141,-12.49048,-10.37054,10.04,1.22,2.25,3.0
1758086917.47691,1758086917.44977,0.0,0.0,0.0,26.12688,-4.98473,-10.8862,10.0,1.17,2.08,3.0
1758086917.49179,1758086917.45977,0.0,0.0,0.0,20.51189,8.88085,-11.80293,10.0,1.17,1.96,3.0
1758086917.49321,1758086917.46977,0.0,0.0,0.0,17.30333,16.272,-11.22997,10.13,1.29,1.96,3.0
1758086917.50772,1758086917.47977,0.0,0.0,0.0,14.03747,23.94964,-12.49048,10.01,1.35,1.73,3.0
1758086917.51445,1758086917.48977,0.0,0.0,0.0,11.74564,27.50197,-11.80293,10.01,1.35,1.73,3.0
1758086917.5307,1758086917.49977,0.0,0.0,0.0,7.67763,30.93972,-13.46451,9.69,1.31,2.16,3.0
1758086917.53336,1758086917.50977,0.0,0.0,0.0,5.84417,40.7946,-14.03747,9.69,1.31,2.16,3.0
1758086917.55096,1758086917.51977,0.0,0.0,0.0,4.1253,46.1231,-15.12609,10.24,1.08,1.72,3.0
1758086917.55698,1758086917.52977,0.0,0.0,0.0,3.55234,42.28429,-16.38659,10.24,1.08,1.72,3.0
1758086917.55887,1758086917.53977,0.0,0.0,0.0,4.1253,43.31561,-17.24603,8.52,0.84,2.22,3.0
1758086917.57494,1758086917.54977,0.0,0.0,0.0,4.81285,43.94586,-17.99088,8.69,0.7,2.07,3.0
1758086917.59069,1758086917.55977,0.0,0.0,0.0,5.95876,42.74266,-18.50654,8.69,0.7,2.07,3.0
1758086917.593,1758086917.56977,0.0,0.0,0.0,7.10468,41.94051,-18.10547,8.32,0.6,2.09,3.0
1758086917.60791,1758086917.57977,0.0,0.0,0.0,9.5684,39.64868,-16.21471,8.32,0.6,2.09,3.0
1758086917.60894,1758086917.58977,0.0,0.0,0.0,11.34457,34.77854,-14.49583,7.8,0.47,2.0,3.0
1758086917.62579,1758086917.59977,0.0,0.0,0.0,12.83425,29.10626,-13.00614,7.8,0.47,2.0,3.0
1758086917.642,1758086917.60977,0.0,0.0,0.0,15.24068,21.60051,-10.54242,7.04,0.45,2.01,3.0
1758086917.64454,1758086917.61977,0.0,0.0,0.0,16.55848,17.30333,-9.68299,6.82,0.52,1.8,3.0
1758086917.65975,1758086917.62977,0.0,0.0,0.0,17.47521,12.89155,-8.88085,6.82,0.52,1.8,3.0
1758086917.66097,1758086917.63977,0.0,0.0,0.0,18.22006,8.76626,-8.36518,6.74,0.65,1.78,3.0
1758086917.67605,1758086917.64977,0.0,0.0,0.0,18.44924,2.92208,-7.84952,6.74,0.65,1.78,3.0
1758086917.69178,1758086917.65977,0.0,0.0,0.0,18.22006,-0.51566,-7.96411,6.97,0.84,1.83,3.0
1758086917.69297,1758086917.66977,0.0,0.0,0.0,17.58981,-4.0107,-8.36518,6.97,0.84,1.83,3.0
1758086917.7088,1758086917.67977,0.0,0.0,0.0,16.84496,-6.58902,-9.28192,7.25,1.04,1.74,3.0
1758086917.71137,1758086917.68977,0.0,0.0,0.0,15.69904,-8.70896,-10.48513,7.81,1.2,1.73,3.0
1758086917.72676,1758086917.69977,0.0,0.0,0.0,14.66772,-9.22462,-11.17268,7.81,1.2,1.73,3.0
1758086917.72795,1758086917.70977,0.0,0.0,0.0,13.69369,-8.99544,-11.86023,8.34,1.3,1.55,3.0
1758086917.74401,1758086917.71977,0.0,0.0,0.0,12.77696,-8.36518,-12.2613,8.34,1.3,1.55,3.0
1758086917.76107,1758086917.72977,0.0,0.0,0.0,11.34457,-5.21392,-12.2613,8.9,1.33,1.5,3.0
1758086917.76309,1758086917.73977,0.0,0.0,0.0,10.71431,-2.34913,-11.63104,8.9,1.33,1.5,3.0
1758086917.77858,1758086917.74977,0.0,0.0,0.0,10.08406,0.68755,-11.00079,9.42,1.23,1.45,3.0
1758086917.77976,1758086917.75977,0.0,0.0,0.0,9.85487,4.0107,-9.96947,9.42,1.23,1.45,3.0
1758086917.79478,1758086917.76977,0.0,0.0,0.0,9.5684,9.39651,-7.79223,9.76,1.13,1.42,3.0
1758086917.81078,1758086917.77977,0.0,0.0,0.0,9.5684,12.77696,-5.90147,9.9,1.01,1.48,3.0
1758086917.81304,1758086917.78977,0.0,0.0,0.0,9.68299,17.01685,-4.18259,9.9,1.01,1.48,3.0
1758086917.82778,1758086917.79977,0.0,0.0,0.0,9.74028,20.79837,-1.60428,10.0,0.96,1.53,3.0
1758086917.82898,1758086917.80977,0.0,0.0,0.0,10.08406,24.57989,-0.17189,10.0,0.96,1.53,3.0
1758086917.84601,1758086917.81977,0.0,0.0,0.0,10.25595,25.38203,1.3751,9.73,0.93,1.47,3.0
1758086917.84811,1758086917.82977,0.0,0.0,0.0,10.48513,23.37668,2.29183,9.73,0.93,1.47,3.0
1758086917.86408,1758086917.83977,0.0,0.0,0.0,10.54242,20.34,2.63561,9.55,0.99,1.4,3.0
1758086917.88011,1758086917.84977,0.0,0.0,0.0,10.25595,19.76705,2.00535,9.95,1.34,1.65,3.0
1758086917.88099,1758086917.85977,0.0,0.0,0.0,9.62569,20.16812,1.3178,9.95,1.34,1.65,3.0
1758086917.89599,1758086917.86977,0.0,0.0,0.0,8.47978,21.25674,0.68755,10.2,1.57,1.81,3.0
1758086917.91211,1758086917.87977,0.0,0.0,0.0,6.07335,21.02755,0.17189,10.2,1.57,1.81,3.0
1758086917.9139,1758086917.88977,0.0,0.0,0.0,3.95341,19.99623,-0.22918,10.14,1.77,2.04,3.0
1758086917.92904,1758086917.89977,0.0,0.0,0.0,1.60428,18.73572,-1.03132,10.14,1.77,2.04,3.0
1758086917.93044,1758086917.90977,0.0,0.0,0.0,-0.85944,17.76169,-1.71887,10.21,1.93,1.85,3.0
1758086917.94482,1758086917.91977,0.0,0.0,0.0,-3.89611,12.2613,-3.20856,10.31,2.07,1.82,3.0
1758086917.96086,1758086917.92977,0.0,0.0,0.0,-5.55769,-7.62034,-4.46907,10.31,2.07,1.82,3.0
1758086917.96204,1758086917.93977,0.0,0.0,0.0,-7.67763,-27.96034,-6.87549,9.18,2.14,2.74,3.0
1758086917.97709,1758086917.94977,0.0,0.0,0.0,-4.69825,-35.92446,-7.39116,9.18,2.14,2.74,3.0
1758086917.97994,1758086917.95977,0.0,0.0,0.0,0.97403,-28.24682,-6.99009,12.66,1.45,3.73,3.0
1758086917.99586,1758086917.96977,0.0,0.0,0.0,2.63561,-19.99623,-8.30789,12.66,1.45,3.73,3.0
1758086918.01184,1758086917.97977,0.0,0.0,0.0,2.86479,-5.15662,-10.08406,15.97,1.21,4.25,3.0
1758086918.01391,1758086917.98977,0.0,0.0,0.0,2.23454,11.74564,-11.45916,15.97,1.21,4.25,3.0
1758086918.0288,1758086917.99977,0.0,0.0,0.0,1.71887,23.0902,-10.08406,16.93,1.5,4.03,3.0
1758086918.02995,1758086918.00977,0.0,0.0,0.0,0.40107,16.38659,-7.44845,13.57,2.24,4.0,3.0
1758086918.04487,1758086918.01977,0.0,0.0,0.0,-1.94806,6.18794,-4.58366,13.57,2.24,4.0,3.0
1758086918.06086,1758086918.02977,0.0,0.0,0.0,-6.47442,-3.32316,-0.68755,12.11,2.87,3.91,3.0
1758086918.06394,1758086918.03977,0.0,0.0,0.0,-9.33921,-4.58366,1.48969,12.11,2.87,3.91,3.0
1758086918.07904,1758086918.04977,0.0,0.0,0.0,-11.91752,-4.29718,3.26586,12.31,2.83,4.05,3.0
1758086918.0808,1758086918.05977,0.0,0.0,0.0,-13.86558,-5.55769,5.09932,12.31,2.83,4.05,3.0
1758086918.09611,1758086918.06977,0.0,0.0,0.0,-15.87093,-10.25595,7.96411,11.26,2.48,4.04,3.0
1758086918.11302,1758086918.07977,0.0,0.0,0.0,-16.73037,-14.61043,10.08406,9.47,1.88,3.31,3.0
1758086918.11389,1758086918.08977,0.0,0.0,0.0,-17.30333,-19.48057,12.14671,9.47,1.88,3.31,3.0
1758086918.12924,1758086918.09977,0.0,0.0,0.0,-17.99088,-24.17882,13.46451,7.72,1.36,2.92,3.0
1758086918.13005,1758086918.10977,0.0,0.0,0.0,-19.53786,-31.56997,14.66772,7.72,1.36,2.92,3.0
1758086918.14496,1758086918.11977,0.0,0.0,0.0,-21.02755,-37.12767,14.72501,6.52,1.12,3.2,3.0
1758086918.16189,1758086918.12977,0.0,0.0,0.0,-22.74642,-43.37291,14.49583,6.52,1.12,3.2,3.0
1758086918.16303,1758086918.13977,0.0,0.0,0.0,-24.75178,-48.12846,13.98017,6.12,1.09,3.57,3.0
1758086918.17791,1758086918.14977,0.0,0.0,0.0,-28.01764,-54.94666,13.00614,6.62,1.1,3.53,3.0
1758086918.17906,1758086918.15977,0.0,0.0,0.0,-30.25217,-57.0093,12.71966,6.62,1.1,3.53,3.0
1758086918.19391,1758086918.16977,0.0,0.0,0.0,-32.48671,-57.75415,11.97482,7.69,0.93,3.13,3.0
1758086918.20992,1758086918.17977,0.0,0.0,0.0,-34.32018,-56.49364,11.57375,7.69,0.93,3.13,3.0
1758086918.2113,1758086918.18977,0.0,0.0,0.0,-36.49741,-51.79538,11.80293,8.64,0.53,2.56,3.0
1758086918.22591,1758086918.19977,0.0,0.0,0.0,-37.35685,-47.26902,11.91752,8.64,0.53,2.56,3.0
1758086918.24197,1758086918.20977,0.0,0.0,0.0,-37.98711,-42.97184,12.37589,9.26,0.17,2.24,3.0
1758086918.24307,1758086918.21977,0.0,0.0,0.0,-38.15899,-35.86716,13.06344,9.26,0.17,2.24,3.0
1758086918.25792,1758086918.22977,0.0,0.0,0.0,-37.75792,-29.33544,13.5218,9.6,0.0,2.02,3.0
1758086918.25944,1758086918.23977,0.0,0.0,0.0,-36.95578,-22.34536,13.86558,9.86,0.06,1.72,3.0
1758086918.27403,1758086918.24977,0.0,0.0,0.0,-35.75257,-15.41257,14.61043,9.86,0.06,1.72,3.0
1758086918.2909,1758086918.25977,0.0,0.0,0.0,-33.86181,-6.07335,15.12609,9.68,0.25,1.65,3.0
1758086918.29318,1758086918.26977,0.0,0.0,0.0,-32.83048,-0.22918,15.46986,9.68,0.25,1.65,3.0
1758086918.30998,1758086918.27977,0.0,0.0,0.0,-31.91375,4.87014,15.64175,9.57,0.3,1.74,3.0
1758086918.31346,1758086918.28977,0.0,0.0,0.0,-31.39809,9.62569,15.46986,9.57,0.3,1.74,3.0
1758086918.32891,1758086918.29977,0.0,0.0,0.0,-31.2262,15.87093,15.12609,9.54,0.19,1.74,3.0
1758086918.33037,1758086918.30977,0.0,0.0,0.0,-31.45539,19.48057,15.0115,9.36,0.06,1.63,3.0
1758086918.3449,1758086918.31977,0.0,0.0,0.0,-32.37212,21.25674,14.32395,9.36,0.06,1.63,3.0
1758086918.36115,1758086918.32977,0.0,0.0,0.0,-33.23156,23.37668,14.03747,8.92,0.05,1.65,3.0
1758086918.36207,1758086918.33977,0.0,0.0,0.0,-34.66395,24.12152,13.34992,8.92,0.05,1.65,3.0
1758086918.37716,1758086918.34977,0.0,0.0,0.0,-35.86716,24.23611,13.17803,8.5,0.07,1.65,3.0
1758086918.37892,1758086918.35977,0.0,0.0,0.0,-36.6693,24.75178,13.06344,8.5,0.07,1.65,3.0
1758086918.39489,1758086918.36977,0.0,0.0,0.0,-37.52874,24.00693,12.83425,8.28,0.02,1.65,3.0
1758086918.41112,1758086918.37977,0.0,0.0,0.0,-38.1017,21.7151,12.2613,7.86,-0.03,1.57,3.0
1758086918.41315,1758086918.38977,0.0,0.0,0.0,-37.87251,19.76705,11.86023,7.86,-0.03,1.57,3.0
1758086918.42894,1758086918.39977,0.0,0.0,0.0,-37.47144,17.99088,11.63104,7.67,-0.16,1.4,3.0
1758086918.4301,1758086918.40977,0.0,0.0,0.0,-36.6693,15.64175,10.37054,7.67,-0.16,1.4,3.0
1758086918.4449,1758086918.41976,0.0,0.0,0.0,-35.58068,13.5791,9.22462,7.76,-0.33,1.41,3.0
1758086918.46104,1758086918.42976,0.0,0.0,0.0,-33.9764,11.34457,8.25059,7.76,-0.33,1.41,3.0
1758086918.46253,1758086918.43976,0.0,0.0,0.0,-32.08564,9.33921,7.39116,7.91,-0.52,1.45,3.0
1758086918.47717,1758086918.44976,0.0,0.0,0.0,-29.22085,6.8182,6.35983,7.91,-0.52,1.28,3.0
1758086918.47892,1758086918.45976,0.0,0.0,0.0,-27.1582,5.09932,5.90147,8.2,-0.7,1.28,3.0
1758086918.49487,1758086918.46976,0.0,0.0,0.0,-25.26744,3.09397,5.78687,8.41,-0.78,1.33,3.0
1758086918.5109,1758086918.47976,0.0,0.0,0.0,-23.54857,0.74485,5.72958,8.41,-0.78,1.33,3.0
1758086918.51534,1758086918.48976,0.0,0.0,0.0,-21.25674,-2.00535,5.72958,8.6,-0.69,1.43,3.0
1758086918.53095,1758086918.49976,0.0,0.0,0.0,-19.99623,-3.20856,5.55769,8.6,-0.69,1.43,3.0
1758086918.53291,1758086918.50976,0.0,0.0,0.0,-18.85031,-3.89611,5.32851,8.81,-0.5,1.46,3.0
1758086918.54997,1758086918.51976,0.0,0.0,0.0,-18.16276,-4.46907,4.92744,8.81,-0.5,1.46,3.0
1758086918.55539,1758086918.52976,0.0,0.0,0.0,-17.18874,-4.69825,4.29718,8.99,-0.33,1.5,3.0
1758086918.56993,1758086918.53976,0.0,0.0,0.0,-16.84496,-4.18259,4.0107,9.3,-0.22,1.63,3.0
1758086918.57266,1758086918.54976,0.0,0.0,0.0,-16.50119,-3.83882,3.49504,9.3,-0.22,1.63,3.0
1758086918.58819,1758086918.55976,0.0,0.0,0.0,-16.272,-3.09397,3.55234,9.59,-0.23,1.54,3.0
1758086918.59148,1758086918.56976,0.0,0.0,0.0,-16.10011,-0.97403,3.09397,9.59,-0.23,1.54,3.0
1758086918.60689,1758086918.57976,0.0,0.0,0.0,-15.87093,0.57296,3.20856,9.85,-0.35,1.29,3.0
1758086918.6093,1758086918.58976,0.0,0.0,0.0,-15.35527,2.7502,3.09397,9.85,-0.35,1.29,3.0
1758086918.62593,1758086918.59976,0.0,0.0,0.0,-13.75099,6.18794,2.63561,10.13,-0.45,1.25,3.0
1758086918.62793,1758086918.60976,0.0,0.0,0.0,-12.08941,13.46451,1.77617,10.57,-0.58,1.15,3.0
1758086918.64595,1758086918.61976,0.0,0.0,0.0,-10.02676,18.90761,0.40107,10.57,-0.58,1.15,3.0
1758086918.64957,1758086918.62976,0.0,0.0,0.0,-7.84952,25.55392,-1.14592,10.76,-0.75,1.19,3.0
1758086918.66524,1758086918.63976,0.0,0.0,0.0,-4.46907,35.52338,-3.55234,10.76,-0.75,1.19,3.0
1758086918.68122,1758086918.64976,0.0,0.0,0.0,-2.11994,39.3622,-4.52637,10.79,-0.9,1.32,3.0
1758086918.68218,1758086918.65976,0.0,0.0,0.0,-0.11459,41.42485,-4.92744,10.79,-0.9,1.32,3.0
1758086918.69698,1758086918.66976,0.0,0.0,0.0,2.29183,42.39888,-4.69825,10.71,-1.01,1.55,3.0
1758086918.69898,1758086918.67976,0.0,0.0,0.0,6.53172,41.36755,-3.95341,11.13,-1.19,1.77,3.0
1758086918.71901,1758086918.68976,0.0,0.0,0.0,9.11003,34.43476,-3.83882,11.13,-1.19,1.77,3.0
1758086918.72037,1758086918.69976,0.0,0.0,0.0,11.91752,12.37589,-2.23454,10.22,-1.65,2.66,3.0
1758086918.7353,1758086918.70976,0.0,0.0,0.0,15.64175,-17.81899,1.48969,10.22,-1.65,2.66,3.0
1758086918.75298,1758086918.71976,0.0,0.0,0.0,13.40721,-35.75257,2.86479,10.41,-1.93,3.38,3.0
1758086918.75642,1758086918.72976,0.0,0.0,0.0,12.60507,-16.84496,6.58902,10.41,-1.93,3.38,3.0
1758086918.77303,1758086918.73976,0.0,0.0,0.0,10.31324,4.35448,8.0787,15.99,-0.85,4.23,3.0
1758086918.774,1758086918.74976,0.0,0.0,0.0,4.64096,27.61657,6.70361,15.99,-0.85,4.23,3.0
1758086918.78899,1758086918.75976,0.0,0.0,0.0,0.11459,32.48671,4.64096,15.95,1.12,3.83,3.0
1758086918.79018,1758086918.76976,0.0,0.0,0.0,-0.22918,24.98096,3.20856,13.45,1.04,3.01,3.0
1758086918.80504,1758086918.77976,0.0,0.0,0.0,-0.34377,17.13144,0.74485,13.45,1.04,3.01,3.0
1758086918.82126,1758086918.78976,0.0,0.0,0.0,1.20321,11.86023,-3.03668,12.87,-0.02,3.31,3.0
1758086918.82254,1758086918.79976,0.0,0.0,0.0,3.72423,8.99544,-4.81285,12.87,-0.02,3.31,3.0
1758086918.83723,1758086918.80976,0.0,0.0,0.0,7.33386,8.88085,-5.72958,12.92,-1.25,4.15,3.0
1758086918.83845,1758086918.81976,0.0,0.0,0.0,10.8862,5.61499,-6.35983,12.92,-1.25,4.15,3.0
1758086918.85528,1758086918.82976,0.0,0.0,0.0,16.04282,-3.32316,-6.8182,11.5,-1.83,4.18,3.0
1758086918.87125,1758086918.83976,0.0,0.0,0.0,19.53786,-10.19865,-7.04738,9.46,-1.67,3.59,3.0
1758086918.87215,1758086918.84976,0.0,0.0,0.0,22.40265,-15.35527,-7.62034,9.46,-1.67,3.59,3.0
1758086918.887,1758086918.85976,0.0,0.0,0.0,24.75178,-21.25674,-8.25059,7.77,-1.19,3.1,3.0
1758086918.88848,1758086918.86976,0.0,0.0,0.0,27.73116,-34.09099,-7.73493,7.77,-1.19,3.1,3.0
1758086918.90429,1758086918.87976,0.0,0.0,0.0,29.27814,-43.83128,-6.41713,6.17,-0.82,3.36,3.0
1758086918.92027,1758086918.88976,0.0,0.0,0.0,30.36677,-51.39432,-4.69825,6.17,-0.82,3.36,3.0
1758086918.92144,1758086918.89976,0.0,0.0,0.0,30.25217,-53.74345,-2.29183,6.3,-0.55,3.42,3.0
1758086918.93628,1758086918.90976,0.0,0.0,0.0,29.8511,-55.00395,0.34377,7.52,-0.12,3.21,3.0
1758086918.95314,1758086918.91976,0.0,0.0,0.0,29.22085,-54.60288,1.60428,7.52,-0.12,3.21,3.0
1758086918.95396,1758086918.92976,0.0,0.0,0.0,28.59059,-51.50891,2.11994,8.65,0.4,3.11,3.0
1758086918.96924,1758086918.93976,0.0,0.0,0.0,27.61657,-47.03984,1.43239,8.65,0.4,3.11,3.0
1758086918.97174,1758086918.94976,0.0,0.0,0.0,26.81443,-37.87251,-1.43239,9.41,0.66,2.71,3.0
1758086918.99123,1758086918.95976,0.0,0.0,0.0,26.47065,-30.82513,-4.29718,9.41,0.66,2.71,3.0
1758086918.99295,1758086918.96976,0.0,0.0,0.0,25.89769,-24.63719,-7.39116,9.66,0.76,2.45,3.0
1758086919.00834,1758086918.97976,0.0,0.0,0.0,25.21014,-18.56383,-12.08941,9.66,0.76,2.45,3.0
1758086919.01001,1758086918.98976,0.0,0.0,0.0,23.89234,-8.36518,-15.0115,9.74,0.86,2.35,3.0
1758086919.02497,1758086918.99976,0.0,0.0,0.0,22.74642,-0.22918,-17.13144,10.23,0.96,2.09,3.0
1758086919.04126,1758086919.00976,0.0,0.0,0.0,21.37133,9.68299,-19.48057,10.23,0.96,2.09,3.0
1758086919.04219,1758086919.01976,0.0,0.0,0.0,18.50654,21.94428,-20.05352,10.48,0.97,2.0,3.0
1758086919.05883,1758086919.02976,0.0,0.0,0.0,17.30333,28.93437,-20.97026,10.48,0.97,2.0,3.0
1758086919.06012,1758086919.03976,0.0,0.0,0.0,17.18874,32.20023,-19.25138,10.22,0.78,2.18,3.0
1758086919.07525,1758086919.04976,0.0,0.0,0.0,15.58445,32.83048,-19.36597,10.22,0.78,2.18,3.0
1758086919.09128,1758086919.05976,0.0,0.0,0.0,15.46986,46.81066,-17.36062,10.1,0.69,2.53,3.0
1758086919.09623,1758086919.06976,0.0,0.0,0.0,15.06879,48.9306,-15.69904,10.29,0.54,2.17,3.0
1758086919.11134,1758086919.07976,0.0,0.0,0.0,15.46986,46.63877,-15.64175,10.29,0.54,2.17,3.0
1758086919.13011,1758086919.08976,0.0,0.0,0.0,17.36062,46.52417,-14.72501,8.8,0.48,2.49,3.0
1758086919.13033,1758086919.09976,0.0,0.0,0.0,20.74107,45.09178,-12.89155,8.8,0.48,2.49,3.0
1758086919.13057,1758086919.10976,0.0,0.0,0.0,23.0902,41.13837,-12.204,8.43,0.4,2.53,3.0
1758086919.14603,1758086919.11976,0.0,0.0,0.0,25.8404,37.92981,-10.94349,8.43,0.4,2.53,3.0
1758086919.16283,1758086919.12976,0.0,0.0,0.0,28.476,36.21093,-9.91217,8.15,0.34,2.53,3.0
1758086919.16516,1758086919.13976,0.0,0.0,0.0,32.08564,31.2262,-8.36518,7.72,0.21,2.13,3.0
1758086919.18032,1758086919.14976,0.0,0.0,0.0,34.49206,25.21014,-7.44845,7.72,0.21,2.13,3.0
1758086919.18126,1758086919.15976,0.0,0.0,0.0,36.84119,17.30333,-6.47442,6.65,0.26,2.03,3.0
1758086919.19631,1758086919.16976,0.0,0.0,0.0,38.50277,9.91217,-5.55769,6.65,0.26,2.03,3.0
1758086919.19893,1758086919.17976,0.0,0.0,0.0,40.7373,1.71887,-4.23989,6.45,0.33,1.99,3.0
1758086919.21634,1758086919.18976,0.0,0.0,0.0,41.59674,-1.71887,-3.38045,6.45,0.33,1.99,3.0
1758086919.21999,1758086919.19976,0.0,0.0,0.0,42.05511,-4.58366,-2.92208,6.8,0.47,2.06,3.0
1758086919.2362,1758086919.20976,0.0,0.0,0.0,41.71133,-8.25059,-2.34913,6.8,0.47,2.06,3.0
1758086919.25323,1758086919.21976,0.0,0.0,0.0,41.02378,-9.4538,-2.57831,7.1,0.71,1.94,3.0
1758086919.2541,1758086919.22976,0.0,0.0,0.0,40.04975,-9.39651,-2.86479,7.67,1.08,1.75,3.0
1758086919.26901,1758086919.23976,0.0,0.0,0.0,38.38818,-8.88085,-3.55234,7.67,1.08,1.75,3.0
1758086919.27105,1758086919.24976,0.0,0.0,0.0,35.52338,-7.10468,-4.58366,8.18,1.5,1.61,3.0
1758086919.28606,1758086919.25976,0.0,0.0,0.0,33.17426,-5.4431,-5.09932,8.18,1.5,1.61,3.0
1758086919.2915,1758086919.26976,0.0,0.0,0.0,30.76784,-3.32316,-5.09932,8.75,1.84,1.69,3.0
1758086919.30835,1758086919.27976,0.0,0.0,0.0,28.13223,-0.57296,-4.69825,8.75,1.84,1.69,3.0
1758086919.31013,1758086919.28976,0.0,0.0,0.0,24.29341,4.35448,-2.86479,9.19,1.91,1.64,3.0
1758086919.32535,1758086919.29976,0.0,0.0,0.0,22.23076,8.93814,-1.60428,9.5,1.69,1.69,3.0
1758086919.34109,1758086919.30976,0.0,0.0,0.0,20.16812,14.09476,-0.0573,9.5,1.69,1.69,3.0
1758086919.35107,1758086919.31976,0.0,0.0,0.0,18.22006,18.62113,1.3178,9.7,1.41,1.9,3.0
1758086919.35922,1758086919.32976,0.0,0.0,0.0,15.41257,23.94964,2.97938,9.7,1.41,1.9,3.0
1758086919.36007,1758086919.33976,0.0,0.0,0.0,13.23533,26.87172,4.0107,9.89,1.32,2.1,3.0
1758086919.37535,1758086919.34976,0.0,0.0,0.0,11.45916,28.24682,4.92744,9.89,1.32,2.1,3.0
1758086919.39135,1758086919.35976,0.0,0.0,0.0,9.68299,29.39274,5.61499,10.03,1.43,2.14,3.0
1758086919.39227,1758086919.36976,0.0,0.0,0.0,6.87549,30.93972,5.55769,10.19,1.64,2.19,3.0
1758086919.40972,1758086919.37976,0.0,0.0,0.0,4.58366,33.00237,4.81285,10.19,1.64,2.19,3.0
1758086919.41497,1758086919.38976,0.0,0.0,0.0,2.29183,35.58068,3.95341,10.45,1.86,2.28,3.0
1758086919.43116,1758086919.39976,0.0,0.0,0.0,-1.3751,36.6693,2.97938,10.45,1.86,2.28,3.0
1758086919.43554,1758086919.40976,0.0,0.0,0.0,-4.18259,35.69527,2.86479,10.35,1.97,2.36,3.0
1758086919.4501,1758086919.41976,0.0,0.0,0.0,-7.04738,33.34615,3.60963,10.35,1.97,2.36,3.0
1758086919.45134,1758086919.42976,0.0,0.0,0.0,-10.02676,27.38738,4.64096,10.2,2.08,2.45,3.0
1758086919.47014,1758086919.43976,0.0,0.0,0.0,-13.75099,3.09397,7.04738,10.2,2.08,2.45,3.0
1758086919.47165,1758086919.44976,0.0,0.0,0.0,-16.3293,-14.72501,4.29718,9.24,2.24,3.25,3.0
1758086919.48617,1758086919.45976,0.0,0.0,0.0,-17.01685,-20.79837,-0.74485,10.39,2.22,4.25,3.0
1758086919.50314,1758086919.46976,0.0,0.0,0.0,-16.67307,-22.34536,-6.07335,10.39,2.22,4.25,3.0
1758086919.50522,1758086919.47976,0.0,0.0,0.0,-14.20935,-25.26744,-12.54778,13.28,1.33,5.44,3.0
1758086919.5204,1758086919.48976,0.0,0.0,0.0,-12.60507,-23.94964,-15.58445,13.28,1.33,5.44,3.0
1758086919.52134,1758086919.49976,0.0,0.0,0.0,-10.94349,-16.95955,-16.272,14.49,0.07,4.85,3.0
1758086919.5364,1758086919.50976,0.0,0.0,0.0,-8.0787,-7.10468,-13.40721,14.49,0.07,4.85,3.0
1758086919.55323,1758086919.51976,0.0,0.0,0.0,-5.27121,-7.44845,-6.99009,14.59,-0.06,4.02,3.0
1758086919.55416,1758086919.52976,0.0,0.0,0.0,-6.07335,-14.03747,-3.26586,12.7,1.4,4.25,3.0
1758086919.56939,1758086919.53976,0.0,0.0,0.0,-7.44845,-21.02755,0.17189,12.7,1.4,4.25,3.0
1758086919.57283,1758086919.54976,0.0,0.0,0.0,-8.70896,-24.4653,3.72423,12.08,2.55,4.14,3.0
1758086919.5892,1758086919.55976,0.0,0.0,0.0,-10.37054,-25.55392,8.0787,12.08,2.55,4.14,3.0
1758086919.59014,1758086919.56976,0.0,0.0,0.0,-12.204,-27.44468,10.65701,11.24,2.78,3.97,3.0
1758086919.60514,1758086919.57976,0.0,0.0,0.0,-14.32395,-31.2262,12.49048,11.24,2.78,3.97,3.0
1758086919.62114,1758086919.58976,0.0,0.0,0.0,-17.81899,-36.32552,14.43854,8.96,2.25,3.65,3.0
1758086919.62236,1758086919.59976,0.0,0.0,0.0,-20.3973,-40.62271,15.87093,7.35,1.49,3.21,3.0
1758086919.63716,1758086919.60976,0.0,0.0,0.0,-24.23611,-41.48215,16.10011,7.35,1.49,3.21,3.0
1758086919.63942,1758086919.61976,0.0,0.0,0.0,-27.38738,-42.62806,16.55848,6.92,1.04,3.18,3.0
1758086919.65536,1758086919.62976,0.0,0.0,0.0,-31.56997,-61.53567,15.0115,6.92,1.04,3.18,3.0
1758086919.67142,1758086919.63976,0.0,0.0,0.0,-32.83048,-67.09336,14.66772,6.1,0.96,3.61,3.0
1758086919.67263,1758086919.64976,0.0,0.0,0.0,-35.06502,-65.14531,13.69369,6.1,0.96,3.61,3.0
1758086919.68737,1758086919.65976,0.0,0.0,0.0,-37.81522,-55.6342,10.8289,8.56,0.9,3.1,3.0
1758086919.68917,1758086919.66976,0.0,0.0,0.0,-41.42485,-46.06581,6.13065,9.75,0.9,3.28,3.0
1758086919.70521,1758086919.67976,0.0,0.0,0.0,-42.62806,-45.89392,3.03668,9.75,0.45,3.28,3.0
1758086919.72143,1758086919.68976,0.0,0.0,0.0,-42.85724,-45.72203,1.03132,8.79,0.16,3.18,3.0
1758086919.72314,1758086919.69976,0.0,0.0,0.0,-42.1124,-42.57077,0.34377,8.79,0.16,3.18,3.0
1758086919.7384,1758086919.70976,0.0,0.0,0.0,-40.04975,-33.80451,2.23454,9.09,-0.31,2.63,3.0
1758086919.73956,1758086919.71976,0.0,0.0,0.0,-37.98711,-26.06958,4.29718,9.09,-0.31,2.63,3.0
1758086919.7553,1758086919.72976,0.0,0.0,0.0,-35.75257,-18.73572,7.21927,9.6,-0.78,2.38,3.0
1758086919.7714,1758086919.73976,0.0,0.0,0.0,-33.63263,-12.83425,10.31324,9.6,-0.78,2.38,3.0
1758086919.77319,1758086919.74976,0.0,0.0,0.0,-30.88243,-5.21392,14.49583,9.5,-0.81,2.1,3.0
1758086919.78824,1758086919.75976,0.0,0.0,0.0,-29.62192,0.45837,16.38659,9.64,-0.53,1.9,3.0
1758086919.79021,1758086919.76976,0.0,0.0,0.0,-28.59059,5.78687,17.76169,9.64,-0.53,1.9,3.0
1758086919.80548,1758086919.77976,0.0,0.0,0.0,-28.07493,10.71431,17.93358,9.81,-0.16,1.85,3.0
1758086919.82145,1758086919.78976,0.0,0.0,0.0,-28.24682,18.56383,16.90226,9.81,-0.16,1.85,3.0
1758086919.82324,1758086919.79976,0.0,0.0,0.0,-29.10626,23.31938,14.83961,9.86,0.16,1.89,3.0
1758086919.83823,1758086919.80976,0.0,0.0,0.0,-30.25217,24.12152,12.77696,9.86,0.16,1.89,3.0
1758086919.8394,1758086919.81976,0.0,0.0,0.0,-31.85646,24.63719,10.71431,9.13,0.29,2.0,3.0
1758086919.85421,1758086919.82976,0.0,0.0,0.0,-32.88778,26.06958,10.37054,8.78,0.1,1.82,3.0
1758086919.87018,1758086919.83976,0.0,0.0,0.0,-33.9764,26.81443,10.71431,8.78,0.1,1.82,3.0
1758086919.87167,1758086919.84976,0.0,0.0,0.0,-35.12231,27.78845,11.74564,8.45,-0.1,1.74,3.0
1758086919.88649,1758086919.85976,0.0,0.0,0.0,-36.84119,27.50197,12.89155,8.45,-0.1,1.74,3.0
1758086919.90247,1758086919.86976,0.0,0.0,0.0,-37.87251,25.7831,13.40721,7.93,-0.16,1.77,3.0
1758086919.90369,1758086919.87976,0.0,0.0,0.0,-38.38818,23.72045,13.46451,7.93,-0.16,1.77,3.0
1758086919.91864,1758086919.88976,0.0,0.0,0.0,-39.01843,21.31403,13.17803,7.44,-0.18,1.67,3.0
1758086919.91977,1758086919.89976,0.0,0.0,0.0,-38.90384,17.36062,12.14671,7.34,-0.32,1.57,3.0
1758086919.93526,1758086919.90976,0.0,0.0,0.0,-38.38818,15.29797,10.48513,7.34,-0.32,1.57,3.0
1758086919.95138,1758086919.91976,0.0,0.0,0.0,-37.52874,12.43318,8.88085,7.48,-0.47,1.53,3.0
1758086919.95321,1758086919.92976,0.0,0.0,0.0,-36.03905,10.25595,7.21927,7.48,-0.47,1.53,3.0
1758086919.96851,1758086919.93976,0.0,0.0,0.0,-33.23156,8.25059,5.32851,7.92,-0.68,1.36,3.0
1758086919.97103,1758086919.94976,0.0,0.0,0.0,-30.99702,7.21927,4.58366,7.92,-0.68,1.36,3.0
1758086919.98646,1758086919.95976,0.0,0.0,0.0,-28.59059,6.41713,4.18259,8.32,-0.89,1.14,3.0
1758086919.99064,1758086919.96976,0.0,0.0,0.0,-26.18417,4.98473,4.1253,8.32,-0.89,1.14,3.0
1758086920.00646,1758086919.97976,0.0,0.0,0.0,-23.0902,2.6929,4.18259,8.41,-0.98,1.15,3.0
1758086920.01062,1758086919.98976,0.0,0.0,0.0,-20.85567,0.80214,4.1253,8.41,-0.89,1.39,3.0
1758086920.02625,1758086919.99976,0.0,0.0,0.0,-19.42327,-1.03132,3.89611,8.41,-0.89,1.39,3.0
1758086920.02933,1758086920.00976,0.0,0.0,0.0,-17.53251,-2.57831,2.97938,8.5,-0.68,1.6,3.0
1758086920.04525,1758086920.01976,0.0,0.0,0.0,-16.67307,-2.63561,2.11994,8.5,-0.68,1.6,3.0
1758086920.06116,1758086920.02976,0.0,0.0,0.0,-16.272,-2.11994,1.20321,8.78,-0.45,1.63,3.0
1758086920.06323,1758086920.03976,0.0,0.0,0.0,-16.04282,-0.74485,0.51566,8.78,-0.45,1.63,3.0
1758086920.07824,1758086920.04976,0.0,0.0,0.0,-16.10011,2.29183,0.0573,9.2,-0.25,1.57,3.0
1758086920.07947,1758086920.05976,0.0,0.0,0.0,-16.21471,4.64096,0.40107,9.76,-0.24,1.31,3.0
1758086920.0961,1758086920.06976,0.0,0.0,0.0,-16.272,7.44845,0.80214,9.76,-0.24,1.31,3.0
1758086920.11124,1758086920.07976,0.0,0.0,0.0,-16.04282,9.85487,1.20321,10.24,-0.42,1.22,3.0
1758086920.11245,1758086920.08976,0.0,0.0,0.0,-15.58445,15.06879,1.20321,10.24,-0.42,1.22,3.0
1758086920.12751,1758086920.09976,0.0,0.0,0.0,-14.43854,19.88164,0.68755,10.62,-0.62,1.15,3.0
1758086920.12841,1758086920.10976,0.0,0.0,0.0,-13.17803,24.5226,-0.45837,10.62,-0.62,1.15,3.0
1758086920.14623,1758086920.11976,0.0,0.0,0.0,-11.51645,28.13223,-2.11994,10.69,-0.74,1.21,3.0
1758086920.16255,1758086920.12976,0.0,0.0,0.0,-8.36518,33.51803,-6.07335,10.62,-0.94,1.45,3.0
1758086920.16376,1758086920.13976,0.0,0.0,0.0,-5.78687,38.15899,-8.93814,10.62,-0.94,1.45,3.0
1758086920.17827,1758086920.14976,0.0,0.0,0.0,-3.26586,42.62806,-11.28727,11.04,-1.29,1.74,3.0
1758086920.17963,1758086920.15976,0.0,0.0,0.0,-0.40107,44.46153,-13.12073,11.04,-1.29,1.74,3.0
1758086920.19423,1758086920.16976,0.0,0.0,0.0,3.60963,40.62271,-14.9542,11.09,-1.62,1.99,3.0
1758086920.21045,1758086920.17976,0.0,0.0,0.0,6.24524,27.67386,-15.64175,11.09,-1.62,1.99,3.0
1758086920.21146,1758086920.18976,0.0,0.0,0.0,9.74028,7.50575,-13.46451,10.32,-2.0,2.64,3.0
1758086920.2265,1758086920.19976,0.0,0.0,0.0,12.89155,-12.89155,-6.53172,10.32,-2.0,2.64,3.0
1758086920.2425,1758086920.20976,0.0,0.0,0.0,11.11538,-19.76705,-3.26586,11.46,-2.17,3.32,3.0
1758086920.24348,1758086920.21976,0.0,0.0,0.0,8.30789,-18.56383,0.0,13.47,-1.0,4.21,3.0
1758086920.25928,1758086920.22976,0.0,0.0,0.0,7.39116,-7.44845,4.18259,13.47,-1.0,4.21,3.0
1758086920.26046,1758086920.23976,0.0,0.0,0.0,4.29718,9.91217,7.73493,15.48,0.62,3.8,3.0
1758086920.27535,1758086920.24976,0.0,0.0,0.0,3.03668,16.38659,7.96411,15.48,0.62,3.8,3.0
1758086920.29251,1758086920.25976,0.0,0.0,0.0,2.11994,17.53251,6.7609,14.47,0.92,3.63,3.0
1758086920.2951,1758086920.26976,0.0,0.0,0.0,2.40642,14.03747,4.52637,14.47,0.92,3.63,3.0
1758086920.3103,1758086920.27976,0.0,0.0,0.0,3.66693,4.64096,0.40107,12.86,-0.11,4.13,3.0
1758086920.3115,1758086920.28976,0.0,0.0,0.0,5.55769,-0.97403,-2.29183,11.96,-1.31,4.26,3.0
1758086920.32629,1758086920.29976,0.0,0.0,0.0,7.10468,-5.55769,-4.58366,11.96,-1.31,4.26,3.0
1758086920.34231,1758086920.30976,0.0,0.0,0.0,8.93814,-9.62569,-6.58902,11.21,-1.83,4.17,3.0
1758086920.3435,1758086920.31976,0.0,0.0,0.0,11.63104,-14.09476,-9.33921,11.21,-1.83,4.17,3.0
1758086920.35863,1758086920.32976,0.0,0.0,0.0,14.09476,-15.64175,-11.17268,9.82,-1.51,3.66,3.0
1758086920.35975,1758086920.33976,0.0,0.0,0.0,16.90226,-15.98552,-12.43318,9.82,-1.51,3.66,3.0
1758086920.37533,1758086920.34976,0.0,0.0,0.0,19.70975,-13.98017,-13.69369,8.34,-0.87,3.45,3.0
1758086920.39298,1758086920.35976,0.0,0.0,0.0,23.49127,-9.85487,-14.66772,7.52,-0.38,3.89,3.0
1758086920.40048,1758086920.36976,0.0,0.0,0.0,26.52795,-13.17803,-14.09476,7.52,-0.38,3.89,3.0
1758086920.40107,1758086920.37976,0.0,0.0,0.0,28.13223,-15.98552,-14.66772,6.71,-0.11,4.09,3.0
1758086920.41754,1758086920.38976,0.0,0.0,0.0,29.8511,-39.82057,-12.54778,6.71,-0.11,4.09,3.0
1758086920.41849,1758086920.39976,0.0,0.0,0.0,31.11161,-64.40046,-9.39651,5.71,-0.11,4.12,3.0
1758086920.43454,1758086920.40976,0.0,0.0,0.0,31.97105,-67.66632,-5.78687,5.71,-0.11,4.12,3.0
1758086920.45054,1758086920.41976,0.0,0.0,0.0,32.83048,-63.88479,-4.58366,9.18,-0.15,3.33,3.0
1758086920.4515,1758086920.42976,0.0,0.0,0.0,33.86181,-53.11319,-4.64096,9.18,-0.15,3.33,3.0
1758086920.46629,1758086920.43976,0.0,0.0,0.0,34.26288,-47.26902,-5.78687,10.4,0.18,3.33,3.0
1758086920.48232,1758086920.44976,0.0,0.0,0.0,33.63263,-41.31026,-7.73493,9.77,0.47,3.38,3.0
1758086920.48358,1758086920.45976,0.0,0.0,0.0,32.14294,-35.98175,-10.59972,9.77,0.47,3.38,3.0
1758086920.49832,1758086920.46976,0.0,0.0,0.0,28.24682,-24.57989,-15.29797,9.44,1.02,2.67,3.0
1758086920.49952,1758086920.47976,0.0,0.0,0.0,25.21014,-14.9542,-17.81899,9.44,1.02,2.67,3.0
1758086920.51461,1758086920.48976,0.0,0.0,0.0,21.60051,-5.72958,-19.99623,10.18,1.58,2.34,3.0
1758086920.53158,1758086920.49976,0.0,0.0,0.0,17.87628,1.71887,-20.79837,10.18,1.58,2.34,3.0
1758086920.53302,1758086920.50976,0.0,0.0,0.0,13.5791,10.37054,-20.16812,10.25,1.63,2.27,3.0
1758086920.54859,1758086920.51976,0.0,0.0,0.0,10.8289,15.06879,-20.62648,9.81,1.22,2.37,3.0
1758086920.54953,1758086920.52976,0.0,0.0,0.0,9.5684,18.73572,-19.13679,9.81,1.22,2.37,3.0
1758086920.56454,1758086920.53976,0.0,0.0,0.0,8.30789,25.89769,-17.76169,10.02,0.77,2.3,3.0
1758086920.58065,1758086920.54976,0.0,0.0,0.0,7.62034,32.77319,-15.64175,10.02,0.77,2.3,3.0
1758086920.58151,1758086920.55976,0.0,0.0,0.0,8.47978,37.75792,-15.64175,9.48,0.51,2.24,3.0
1758086920.59649,1758086920.56976,0.0,0.0,0.0,9.96947,37.52874,-13.98017,9.48,0.51,2.24,3.0
1758086920.61237,1758086920.57976,0.0,0.0,0.0,11.86023,35.00772,-12.89155,8.48,0.38,2.29,3.0
1758086920.61307,1758086920.58976,0.0,0.0,0.0,14.9542,33.9764,-12.83425,8.27,0.33,2.17,3.0
1758086920.63094,1758086920.59976,0.0,0.0,0.0,16.95955,34.66395,-12.71966,8.27,0.33,2.17,3.0
1758086920.63293,1758086920.60976,0.0,0.0,0.0,18.85031,33.00237,-13.5791,8.06,0.37,1.94,3.0
1758086920.64866,1758086920.61976,0.0,0.0,0.0,21.88699,26.87172,-14.20935,8.06,0.37,1.94,3.0
1758086920.6507,1758086920.62976,0.0,0.0,0.0,23.54857,22.68913,-14.38124,7.29,0.45,1.93,3.0
1758086920.66564,1758086920.63976,0.0,0.0,0.0,25.21014,18.79302,-14.32395,7.29,0.45,1.93,3.0
1758086920.6815,1758086920.64976,0.0,0.0,0.0,26.81443,15.35527,-13.80828,6.89,0.55,1.64,3.0
1758086920.68285,1758086920.65976,0.0,0.0,0.0,28.64789,8.93814,-12.49048,6.55,0.55,1.69,3.0
1758086920.69859,1758086920.66976,0.0,0.0,0.0,29.62192,4.18259,-11.11538,6.55,0.66,1.69,3.0
1758086920.69985,1758086920.67976,0.0,0.0,0.0,29.96569,-0.22918,-9.68299,6.51,0.83,1.86,3.0
1758086920.71465,1758086920.68976,0.0,0.0,0.0,29.73651,-4.23989,-8.65166,6.51,0.83,1.86,3.0
1758086920.73059,1758086920.69976,0.0,0.0,0.0,28.59059,-8.47978,-7.79223,6.89,1.12,1.9,3.0
1758086920.73199,1758086920.70976,0.0,0.0,0.0,27.1582,-10.31324,-7.73493,6.89,1.12,1.9,3.0
1758086920.74668,1758086920.71976,0.0,0.0,0.0,25.49662,-11.86023,-8.02141,7.45,1.47,1.86,3.0
1758086920.76271,1758086920.72976,0.0,0.0,0.0,23.49127,-13.5218,-8.42248,7.45,1.47,1.86,3.0
1758086920.76316,1758086920.73976,0.0,0.0,0.0,20.34,-14.32395,-8.88085,7.84,1.75,1.89,3.0
1758086920.77966,1758086920.74976,0.0,0.0,0.0,17.81899,-14.32395,-9.05273,8.27,1.87,1.82,3.0
1758086920.78084,1758086920.75976,0.0,0.0,0.0,15.58445,-13.12073,-8.47978,8.27,1.87,1.82,3.0
1758086920.79539,1758086920.76976,0.0,0.0,0.0,13.34992,-10.71431,-7.67763,8.83,1.83,1.89,3.0
1758086920.81141,1758086920.77976,0.0,0.0,0.0,10.25595,-5.78687,-5.32851,8.83,1.83,1.89,3.0
1758086920.81197,1758086920.78976,0.0,0.0,0.0,8.70896,-1.43239,-3.83882,9.39,1.71,1.95,3.0
1758086920.82743,1758086920.79976,0.0,0.0,0.0,7.44845,2.92208,-1.77617,9.39,1.71,1.95,3.0
1758086920.82862,1758086920.80976,0.0,0.0,0.0,6.24524,9.22462,0.51566,9.96,1.58,2.14,3.0
1758086920.8437,1758086920.81976,0.0,0.0,0.0,5.72958,13.00614,1.60428,10.2,1.48,2.08,3.0
1758086920.8597,1758086920.82976,0.0,0.0,0.0,5.21392,16.3293,2.40642,10.2,1.48,2.08,3.0
1758086920.86084,1758086920.83976,0.0,0.0,0.0,4.58366,19.42327,2.7502,10.36,1.39,2.08,3.0
1758086920.87536,1758086920.84976,0.0,0.0,0.0,3.32316,21.42862,2.92208,10.36,1.39,2.08,3.0
1758086920.89169,1758086920.85976,0.0,0.0,0.0,2.23454,21.60051,3.03668,10.21,1.36,2.03,3.0
1758086920.89303,1758086920.86976,0.0,0.0,0.0,1.3178,23.49127,3.49504,10.21,1.36,2.03,3.0
1758086920.91042,1758086920.87976,0.0,0.0,0.0,0.11459,22.91831,5.09932,10.28,1.2,2.13,3.0
1758086920.91162,1758086920.88976,0.0,0.0,0.0,-1.83346,18.79302,4.58366,9.95,1.5,1.73,3.0
1758086920.92668,1758086920.89976,0.0,0.0,0.0,-3.95341,20.22541,4.35448,9.95,1.5,1.73,3.0
1758086920.94272,1758086920.90976,0.0,0.0,0.0,-6.53172,22.40265,3.38045,10.7,2.12,2.05,3.0
1758086920.9431,1758086920.91976,0.0,0.0,0.0,-9.11003,23.20479,2.7502,10.7,2.12,2.05,3.0
1758086920.95843,1758086920.92976,0.0,0.0,0.0,-14.20935,23.72045,0.97403,10.51,2.32,1.8,3.0
1758086920.95988,1758086920.93976,0.0,0.0,0.0,-18.16276,25.49662,-0.68755,10.51,2.32,1.8,3.0
1758086920.97445,1758086920.94976,0.0,0.0,0.0,-22.34536,27.10091,-3.32316,10.87,2.41,1.79,3.0
1758086920.99043,1758086920.95976,0.0,0.0,0.0,-26.52795,28.30412,-5.95876,10.87,2.41,1.79,3.0
1758086920.99161,1758086920.96976,0.0,0.0,0.0,-30.13758,15.64175,-9.39651,11.09,2.43,1.59,3.0
1758086921.00673,1758086920.97976,0.0,0.0,0.0,-33.46074,-8.93814,-14.78231,9.45,2.37,2.44,3.0
1758086921.00845,1758086920.98976,0.0,0.0,0.0,-32.37212,-22.86102,-16.84496,9.45,2.37,2.44,3.0
1758086921.02372,1758086920.99976,0.0,0.0,0.0,-25.49662,-20.68378,-17.93358,11.84,1.54,2.57,3.0
1758086921.03974,1758086921.00976,0.0,0.0,0.0,-16.90226,-7.96411,-14.83961,11.84,1.54,2.57,3.0
1758086921.04066,1758086921.01976,0.0,0.0,0.0,-14.15206,-4.64096,-16.61578,14.86,0.21,4.11,3.0
1758086921.05543,1758086921.02976,0.0,0.0,0.0,-11.80293,-2.06265,-17.81899,14.86,0.21,4.11,3.0
1758086921.07175,1758086921.03976,0.0,0.0,0.0,-8.99544,6.8182,-17.47521,15.07,0.49,3.68,3.0
1758086921.07289,1758086921.04976,0.0,0.0,0.0,-8.47978,11.51645,-15.58445,13.85,1.29,3.59,3.0
1758086921.09043,1758086921.05976,0.0,0.0,0.0,-9.11003,13.69369,-12.2613,13.85,1.29,3.59,3.0
1758086921.09199,1758086921.06976,0.0,0.0,0.0,-11.00079,12.60507,-9.4538,12.33,2.33,4.25,3.0
1758086921.10674,1758086921.07976,0.0,0.0,0.0,-15.29797,4.1253,-5.61499,12.33,2.33,4.25,3.0
1758086921.10854,1758086921.08976,0.0,0.0,0.0,-17.30333,-0.68755,-4.29718,10.92,2.44,4.51,3.0
1758086921.12548,1758086921.09976,0.0,0.0,0.0,-19.48057,-4.0107,-3.20856,10.92,2.44,4.51,3.0
1758086921.12669,1758086921.10976,0.0,0.0,0.0,-21.37133,-4.98473,-2.46372,9.99,2.15,3.81,3.0
1758086921.14318,1758086921.11976,0.0,0.0,0.0,-23.94964,-5.61499,-1.48969,8.98,1.66,3.96,3.0
1758086921.15875,1758086921.12976,0.0,0.0,0.0,-25.72581,-8.65166,-0.51566,8.98,1.66,3.96,3.0
1758086921.15969,1758086921.13976,0.0,0.0,0.0,-27.78845,-12.60507,0.45837,7.38,1.21,3.79,3.0
1758086921.17476,1758086921.14976,0.0,0.0,0.0,-29.50733,-16.38659,1.77617,7.38,1.21,3.79,3.0
1758086921.17649,1758086921.15976,0.0,0.0,0.0,-31.79916,-22.28806,3.60963,6.64,0.92,3.7,3.0
1758086921.1929,1758086921.16976,0.0,0.0,0.0,-32.6013,-27.10091,4.69825,6.64,0.92,3.7,3.0
1758086921.20885,1758086921.17976,0.0,0.0,0.0,-32.83048,-32.25753,5.84417,6.62,0.6,3.77,3.0
1758086921.21137,1758086921.18976,0.0,0.0,0.0,-32.37212,-37.58603,6.53172,6.62,0.6,3.77,3.0
1758086921.22678,1758086921.19976,0.0,0.0,0.0,-31.56997,-44.17505,6.7609,7.21,0.27,3.78,3.0
1758086921.232,1758086921.20976,0.0,0.0,0.0,-30.36677,-46.75336,6.8182,7.98,0.0,3.49,3.0
1758086921.26669,1758086921.21976,0.0,0.0,0.0,-29.62192,-47.67009,6.53172,7.98,0.0,3.49,3.0
1758086921.27272,1758086921.22976,0.0,0.0,0.0,-28.93437,-46.46688,6.13065,8.63,-0.02,3.27,3.0
1758086921.27567,1758086921.23976,0.0,0.0,0.0,-29.27814,-44.46153,5.84417,8.63,-0.02,3.27,3.0
1758086921.27665,1758086921.24976,0.0,0.0,0.0,-29.8511,-41.94051,5.50039,9.08,0.17,3.29,3.0
1758086921.27994,1758086921.25976,0.0,0.0,0.0,-30.65324,-38.73195,5.15662,9.08,0.17,3.29,3.0
1758086921.29577,1758086921.26976,0.0,0.0,0.0,-32.25753,-34.14828,4.64096,9.38,0.39,3.23,3.0
1758086921.29672,1758086921.27976,0.0,0.0,0.0,-33.11696,-30.93972,4.58366,9.32,0.51,3.0,3.0
1758086921.31451,1758086921.28976,0.0,0.0,0.0,-33.68992,-28.01764,4.64096,9.32,0.51,3.0,3.0
1758086921.33054,1758086921.29976,0.0,0.0,0.0,-33.74722,-24.57989,4.92744,9.15,0.39,2.79,3.0
1758086921.33202,1758086921.30976,0.0,0.0,0.0,-33.34615,-18.44924,6.18794,9.15,0.39,2.79,3.0
1758086921.34678,1758086921.31976,0.0,0.0,0.0,-32.48671,-13.86558,7.39116,9.2,0.17,2.59,3.0
1758086921.34771,1758086921.32976,0.0,0.0,0.0,-31.45539,-9.74028,8.76626,9.2,0.17,2.59,3.0
1758086921.3631,1758086921.33976,0.0,0.0,0.0,-30.25217,-6.53172,10.37054,9.01,0.05,2.41,3.0
1758086921.37973,1758086921.34976,0.0,0.0,0.0,-28.93437,-2.23454,12.43318,8.81,0.03,2.3,3.0
1758086921.38108,1758086921.35976,0.0,0.0,0.0,-28.476,0.22918,13.34992,8.81,0.03,2.3,3.0
1758086921.39579,1758086921.36976,0.0,0.0,0.0,-28.36141,1.83346,13.98017,8.71,0.1,2.28,3.0
1758086921.39672,1758086921.37976,0.0,0.0,0.0,-28.59059,2.92208,14.20935,8.71,0.1,2.28,3.0
1758086921.41314,1758086921.38976,0.0,0.0,0.0,-29.67921,3.72423,13.98017,8.57,0.14,2.25,3.0
1758086921.42976,1758086921.39976,0.0,0.0,0.0,-30.76784,3.38045,13.5218,8.57,0.14,2.25,3.0
1758086921.4307,1758086921.40976,0.0,0.0,0.0,-31.91375,2.7502,12.89155,8.34,0.13,2.22,3.0
1758086921.44552,1758086921.41976,0.0,0.0,0.0,-33.40344,1.14592,11.86023,8.34,0.13,2.22,3.0
1758086921.44671,1758086921.42976,0.0,0.0,0.0,-34.72124,0.40107,11.00079,8.09,0.07,2.11,3.0
1758086921.46288,1758086921.43976,0.0,0.0,0.0,-35.69527,-0.34377,10.19865,8.01,-0.05,2.03,3.0
1758086921.47853,1758086921.44976,0.0,0.0,0.0,-36.7266,-1.3751,9.39651,8.01,-0.05,2.03,3.0
1758086921.47998,1758086921.45976,0.0,0.0,0.0,-37.87251,-2.46372,8.0787,7.95,-0.11,1.9,3.0
1758086921.49452,1758086921.46976,0.0,0.0,0.0,-38.38818,-3.66693,6.99009,7.95,-0.11,1.9,3.0
1758086921.51078,1758086921.47976,0.0,0.0,0.0,-38.84654,-4.29718,5.84417,8.06,-0.15,1.91,3.0
1758086921.51174,1758086921.48976,0.0,0.0,0.0,-39.4195,-5.50039,4.23989,8.06,-0.15,1.91,3.0
1758086921.52837,1758086921.49976,0.0,0.0,0.0,-39.24761,-7.62034,1.77617,8.14,-0.1,1.91,3.0
1758086921.53111,1758086921.50976,0.0,0.0,0.0,-39.4195,-8.99544,0.34377,8.16,-0.02,1.73,3.0
1758086921.54685,1758086921.51976,0.0,0.0,0.0,-39.3622,-9.22462,-0.97403,8.16,-0.02,1.73,3.0
1758086921.54929,1758086921.52976,0.0,0.0,0.0,-39.19032,-9.05273,-2.06265,8.38,0.0,1.5,3.0
1758086921.5648,1758086921.53976,0.0,0.0,0.0,-38.61736,-8.0787,-2.97938,8.38,0.0,1.5,3.0
1758086921.58072,1758086921.54976,0.0,0.0,0.0,-37.87251,-7.10468,-3.38045,8.6,-0.02,1.39,3.0
1758086921.58168,1758086921.55976,0.0,0.0,0.0,-37.29956,-6.18794,-3.55234,8.6,-0.02,1.39,3.0
1758086921.59782,1758086921.56976,0.0,0.0,0.0,-36.61201,-4.81285,-3.89611,8.9,-0.1,1.28,3.0
1758086921.59952,1758086921.57976,0.0,0.0,0.0,-35.58068,-2.46372,-3.89611,9.19,-0.18,1.26,3.0
1758086921.61483,1758086921.58976,0.0,0.0,0.0,-34.60666,-1.14592,-3.38045,9.19,-0.18,1.26,3.0
1758086921.63137,1758086921.59976,0.0,0.0,0.0,-33.74722,0.11459,-2.86479,9.32,-0.24,1.26,3.0
1758086921.63331,1758086921.60976,0.0,0.0,0.0,-32.6013,2.46372,-2.06265,9.32,-0.24,1.26,3.0
1758086921.64976,1758086921.61976,0.0,0.0,0.0,-31.74186,4.1253,-1.48969,9.46,-0.23,1.2,3.0
1758086921.65079,1758086921.62976,0.0,0.0,0.0,-31.16891,5.15662,-1.43239,9.46,-0.23,1.2,3.0
1758086921.69055,1758086921.63976,0.0,0.0,0.0,-30.48136,6.70361,-1.66158,9.52,-0.2,1.12,3.0
1758086921.69251,1758086921.64976,0.0,0.0,0.0,-29.56462,8.70896,-2.6929,9.52,-0.2,1.07,3.0
1758086921.69394,1758086921.65976,0.0,0.0,0.0,-29.10626,9.85487,-3.95341,9.58,-0.17,1.07,3.0
1758086921.69517,1758086921.66976,0.0,0.0,0.0,-28.59059,11.11538,-5.4431,9.64,-0.18,1.1,3.0
1758086921.71059,1758086921.67976,0.0,0.0,0.0,-28.01764,11.28727,-7.10468,9.64,-0.18,1.1,3.0
1758086921.71183,1758086921.68976,0.0,0.0,0.0,-26.75713,12.08941,-9.68299,9.59,-0.27,1.06,3.0
1758086921.73085,1758086921.69976,0.0,0.0,0.0,-25.8404,12.77696,-11.00079,9.59,-0.27,1.06,3.0
1758086921.73183,1758086921.70976,0.0,0.0,0.0,-25.09555,13.06344,-12.08941,9.58,-0.41,0.86,3.0
1758086921.74784,1758086921.71976,0.0,0.0,0.0,-24.17882,15.06879,-13.23533,9.58,-0.41,0.86,3.0
1758086921.74985,1758086921.72976,0.0,0.0,0.0,-22.86102,20.22541,-14.78231,9.66,-0.52,0.7,3.0
1758086921.76589,1758086921.73976,0.0,0.0,0.0,-22.05888,22.63183,-15.69904,9.7,-0.55,0.67,3.0
1758086921.76708,1758086921.74976,0.0,0.0,0.0,-21.37133,24.80907,-16.55848,9.7,-0.55,0.67,3.0
1758086921.78686,1758086921.75976,0.0,0.0,0.0,-20.97026,26.81443,-17.76169,9.69,-0.48,0.74,3.0
1758086921.78794,1758086921.76976,0.0,0.0,0.0,-20.16812,31.28349,-18.73572,9.69,-0.48,0.74,3.0
1758086921.80587,1758086921.77976,0.0,0.0,0.0,-20.05352,32.37212,-19.59516,9.87,-0.38,0.74,3.0
1758086921.80706,1758086921.78976,0.0,0.0,0.0,-19.70975,32.6013,-20.3973,9.87,-0.38,0.74,3.0
1758086921.82659,1758086921.79976,0.0,0.0,0.0,-19.25138,28.76248,-20.51189,9.74,-0.32,0.86,3.0
1758086921.8313,1758086921.80976,0.0,0.0,0.0,-18.90761,23.26209,-20.05352,9.49,-0.33,0.91,3.0
1758086921.84686,1758086921.81976,0.0,0.0,0.0,-18.62113,16.21471,-19.25138,9.49,-0.33,0.91,3.0
1758086921.85107,1758086921.82976,0.0,0.0,0.0,-18.33465,9.68299,-18.22006,9.43,-0.4,1.0,3.0
1758086921.86688,1758086921.83976,0.0,0.0,0.0,-17.81899,0.97403,-16.90226,9.43,-0.4,1.0,3.0
1758086921.8689,1758086921.84976,0.0,0.0,0.0,-17.24603,-4.58366,-15.87093,9.5,-0.31,0.79,3.0
1758086921.88488,1758086921.85976,0.0,0.0,0.0,-16.61578,-12.43318,-15.24068,9.5,-0.31,0.79,3.0
1758086921.90094,1758086921.86976,0.0,0.0,0.0,-16.73037,-19.13679,-15.69904,9.22,-0.08,0.47,3.0
1758086921.90195,1758086921.87976,0.0,0.0,0.0,-17.76169,-21.31403,-18.56383,9.82,0.22,0.16,3.0
1758086921.9166,1758086921.88976,0.0,0.0,0.0,-15.92823,-20.16812,-19.53786,9.82,0.22,0.16,3.0
1758086921.91948,1758086921.89976,0.0,0.0,0.0,-12.37589,-20.16812,-20.3973,10.93,-0.11,0.09,3.0
1758086921.93464,1758086921.90976,0.0,0.0,0.0,-8.02141,-19.70975,-21.25674,10.93,-0.11,0.09,3.0
1758086921.95062,1758086921.91976,0.0,0.0,0.0,-0.97403,-18.9649,-22.51724,11.41,-0.68,0.27,3.0
1758086921.95286,1758086921.92976,0.0,0.0,0.0,2.7502,-20.3973,-22.57454,11.41,-0.68,0.27,3.0
1758086921.96777,1758086921.93976,0.0,0.0,0.0,4.92744,-23.31938,-21.08485,11.71,-1.02,1.74,3.0
1758086921.97043,1758086921.94976,0.0,0.0,0.0,5.84417,-27.10091,-18.22006,11.71,-1.02,1.74,3.0
1758086921.98585,1758086921.95976,0.0,0.0,0.0,2.29183,-33.51803,-11.00079,12.42,-0.62,3.27,3.0
1758086921.9869,1758086921.96976,0.0,0.0,0.0,-3.26586,-37.98711,-4.1253,13.43,0.14,4.53,3.0
1758086922.00292,1758086921.97976,0.0,0.0,0.0,-9.5684,-39.64868,2.86479,13.43,0.14,4.53,3.0
1758086922.0186,1758086921.98976,0.0,0.0,0.0,-19.70975,-40.96649,11.34457,14.48,1.09,4.77,3.0
1758086922.01986,1758086921.99976,0.0,0.0,0.0,-24.63719,-47.61279,15.35527,14.48,1.09,4.77,3.0
1758086922.03513,1758086922.00976,0.0,0.0,0.0,-27.96034,-55.7488,15.87093,12.31,1.24,3.95,3.0
1758086922.05088,1758086922.01976,0.0,0.0,0.0,-29.39274,-66.74959,13.5791,12.31,1.24,3.95,3.0
1758086922.05188,1758086922.02976,0.0,0.0,0.0,-27.84575,-74.65641,7.96411,8.62,0.15,3.25,3.0
1758086922.07025,1758086922.03976,0.0,0.0,0.0,-25.15285,-70.13004,4.58366,8.71,-0.76,3.49,3.0
1758086922.07145,1758086922.04976,0.0,0.0,0.0,-22.34536,-62.56699,-0.22918,8.71,-0.76,3.49,3.0
1758086922.08697,1758086922.05976,0.0,0.0,0.0,-18.90761,-58.67088,-4.18259,8.94,-1.12,4.11,3.0
1758086922.08788,1758086922.06976,0.0,0.0,0.0,-14.9542,-56.03527,-8.88085,8.94,-1.12,4.11,3.0
1758086922.10291,1758086922.07976,0.0,0.0,0.0,-13.12073,-53.97263,-11.28727,8.24,-1.05,4.02,3.0
1758086922.11966,1758086922.08976,0.0,0.0,0.0,-12.71966,-48.75871,-13.40721,8.24,-1.05,4.02,3.0
1758086922.12065,1758086922.09976,0.0,0.0,0.0,-13.98017,-41.65404,-14.83961,8.67,-0.48,3.25,3.0
1758086922.13592,1758086922.10976,0.0,0.0,0.0,-18.44924,-30.82513,-15.92823,9.34,0.56,3.0,3.0
1758086922.13713,1758086922.11976,0.0,0.0,0.0,-22.63183,-24.5226,-15.69904,9.34,0.56,3.0,3.0
1758086922.15467,1758086922.12976,0.0,0.0,0.0,-27.61657,-18.16276,-15.35527,9.7,1.77,2.59,3.0
1758086922.17063,1758086922.13976,0.0,0.0,0.0,-33.00237,-10.8289,-15.06879,9.7,1.77,2.59,3.0
1758086922.17217,1758086922.14976,0.0,0.0,0.0,-41.48215,0.34377,-15.35527,10.12,2.49,2.21,3.0
1758086922.18791,1758086922.15976,0.0,0.0,0.0,-47.26902,5.78687,-16.67307,10.12,2.49,2.21,3.0
1758086922.18994,1758086922.16976,0.0,0.0,0.0,-52.82671,10.54242,-17.58981,9.94,2.59,2.21,3.0
1758086922.20485,1758086922.17976,0.0,0.0,0.0,-58.67088,16.10011,-20.05352,9.94,2.59,2.21,3.0
1758086922.22096,1758086922.18976,0.0,0.0,0.0,-66.11933,23.66316,-21.25674,9.76,2.17,1.86,3.0
1758086922.22193,1758086922.19976,0.0,0.0,0.0,-70.41652,27.73116,-22.91831,9.37,1.75,1.68,3.0
1758086922.23675,1758086922.20976,0.0,0.0,0.0,-73.73967,29.33544,-24.63719,9.37,1.75,1.68,3.0
1758086922.23977,1758086922.21976,0.0,0.0,0.0,-77.52119,27.96034,-26.87172,9.0,1.53,1.57,3.0
1758086922.255,1758086922.22976,0.0,0.0,0.0,-79.41196,26.47065,-27.67386,9.0,1.53,1.57,3.0
1758086922.27076,1758086922.23976,0.0,0.0,0.0,-80.32869,26.18417,-28.07493,9.36,1.23,1.63,3.0
1758086922.27277,1758086922.24976,0.0,0.0,0.0,-80.61517,25.55392,-28.476,9.36,1.23,1.63,3.0
1758086922.28767,1758086922.25976,0.0,0.0,0.0,-79.75573,23.0329,-28.59059,9.74,0.88,1.71,3.0
1758086922.28887,1758086922.26976,0.0,0.0,0.0,-78.7817,22.00158,-28.13223,9.79,0.58,1.85,3.0
1758086922.3037,1758086922.27976,0.0,0.0,0.0,-77.23472,21.08485,-27.67386,9.79,0.58,1.85,3.0
1758086922.31998,1758086922.28976,0.0,0.0,0.0,-75.51585,19.70975,-26.75713,9.77,0.31,1.95,3.0
1758086922.32089,1758086922.29976,0.0,0.0,0.0,-72.70835,15.12609,-25.21014,9.77,0.31,1.95,3.0
1758086922.33597,1758086922.30976,0.0,0.0,0.0,-70.81759,10.25595,-24.4653,9.3,0.21,2.02,3.0
1758086922.3369,1758086922.31976,0.0,0.0,0.0,-68.86953,6.18794,-23.94964,9.3,0.21,2.02,3.0
1758086922.353,1758086922.32976,0.0,0.0,0.0,-66.5204,3.38045,-23.49127,9.06,0.31,1.84,3.0
1758086922.36896,1758086922.33976,0.0,0.0,0.0,-62.56699,0.0,-22.97561,9.21,0.37,1.67,3.0
1758086922.36992,1758086922.34976,0.0,0.0,0.0,-60.16057,-3.20856,-22.86102,9.21,0.37,1.67,3.0
1758086922.38521,1758086922.35976,0.0,0.0,0.0,-58.4417,-5.95876,-23.0329,9.39,0.56,1.42,3.0
1758086922.40088,1758086922.36976,0.0,0.0,0.0,-56.66553,-5.09932,-22.40265,9.39,0.56,1.42,3.0
1758086922.40306,1758086922.37976,0.0,0.0,0.0,-54.431,-8.136,-22.23076,9.77,0.63,1.31,3.0
1758086922.41791,1758086922.38976,0.0,0.0,0.0,-53.34238,-10.02676,-22.51724,9.77,0.63,1.31,3.0
1758086922.4205,1758086922.39976,0.0,0.0,0.0,-52.19646,-9.74028,-22.68913,9.66,0.76,1.38,3.0
1758086922.43574,1758086922.40976,0.0,0.0,0.0,-50.59217,-8.70896,-23.49127,9.66,0.76,1.38,3.0
1758086922.43696,1758086922.41976,0.0,0.0,0.0,-49.15978,-8.30789,-24.17882,9.83,0.79,1.27,3.0
1758086922.45312,1758086922.42976,0.0,0.0,0.0,-47.95657,-6.70361,-24.92367,9.86,0.78,1.33,3.0
1758086922.46901,1758086922.43976,0.0,0.0,0.0,-46.52417,-5.32851,-25.15285,9.86,0.78,1.33,3.0
1758086922.46993,1758086922.44976,0.0,0.0,0.0,-44.46153,-3.20856,-24.57989,9.81,0.62,1.14,3.0
1758086922.48498,1758086922.45976,0.0,0.0,0.0,-43.14373,-1.66158,-23.89234,9.81,0.62,1.14,3.0
1758086922.50076,1758086922.46976,0.0,0.0,0.0,-41.76862,-0.17189,-22.63183,9.73,0.47,1.1,3.0
1758086922.50277,1758086922.47976,0.0,0.0,0.0,-40.50812,1.94806,-21.14215,9.73,0.47,1.1,3.0
1758086922.51771,1758086922.48976,0.0,0.0,0.0,-38.44547,4.92744,-18.79302,9.74,0.45,1.07,3.0
1758086922.5205,1758086922.49976,0.0,0.0,0.0,-37.18496,6.18794,-16.95955,9.67,0.48,1.11,3.0
1758086922.53602,1758086922.50976,0.0,0.0,0.0,-36.32552,8.02141,-14.83961,9.67,0.48,1.11,3.0
1758086922.5377,1758086922.51976,0.0,0.0,0.0,-35.63798,9.91217,-13.12073,9.8,0.55,1.27,3.0
1758086922.55407,1758086922.52976,0.0,0.0,0.0,-35.2942,11.28727,-11.28727,9.8,0.55,1.27,3.0
1758086922.57074,1758086922.53976,0.0,0.0,0.0,-35.3515,9.74028,-10.59972,9.68,0.71,1.24,3.0
1758086922.57303,1758086922.54976,0.0,0.0,0.0,-35.98175,6.47442,-10.25595,9.68,0.71,1.24,3.0
1758086922.58782,1758086922.55976,0.0,0.0,0.0,-36.95578,4.46907,-9.96947,9.43,0.93,1.17,3.0
1758086922.58897,1758086922.56976,0.0,0.0,0.0,-39.53409,4.23989,-9.62569,9.9,1.12,0.97,3.0
1758086922.60377,1758086922.57976,0.0,0.0,0.0,-41.48215,5.21392,-9.39651,9.9,1.12,0.97,3.0
1758086922.62102,1758086922.58976,0.0,0.0,0.0,-43.65939,5.78687,-8.99544,10.27,1.28,1.0,3.0
1758086922.62279,1758086922.59976,0.0,0.0,0.0,-46.69606,5.90147,-8.47978,10.27,1.28,1.0,3.0
1758086922.63772,1758086922.60976,0.0,0.0,0.0,-48.70141,6.35983,-8.25059,10.57,1.34,0.86,3.0
1758086922.63896,1758086922.61976,0.0,0.0,0.0,-50.53488,6.41713,-8.136,10.57,1.34,0.86,3.0
1758086922.65373,1758086922.62976,0.0,0.0,0.0,-51.90998,5.50039,-7.84952,10.93,1.38,0.66,3.0
1758086922.66973,1758086922.63976,0.0,0.0,0.0,-52.36834,0.97403,-6.70361,10.93,1.38,0.66,3.0
1758086922.67097,1758086922.64976,0.0,0.0,0.0,-51.10783,-10.54242,-5.61499,11.11,1.29,0.82,3.0
1758086922.68575,1758086922.65976,0.0,0.0,0.0,-49.38896,-19.99623,-5.55769,11.03,1.14,1.84,3.0
1758086922.68707,1758086922.66976,0.0,0.0,0.0,-42.74266,-18.85031,-3.49504,11.03,1.14,1.84,3.0
1758086922.70385,1758086922.67976,0.0,0.0,0.0,-30.53865,-24.92367,-4.98473,13.12,-0.28,2.53,3.0
1758086922.71979,1758086922.68976,0.0,0.0,0.0,-25.89769,-26.64254,-7.79223,13.12,-0.28,2.53,3.0
1758086922.721,1758086922.69976,0.0,0.0,0.0,-22.51724,-9.74028,-11.11538,15.23,-0.63,2.16,3.0
1758086922.73603,1758086922.70976,0.0,0.0,0.0,-20.79837,15.35527,-14.49583,15.23,-0.63,2.16,3.0
1758086922.73723,1758086922.71976,0.0,0.0,0.0,-20.74107,26.06958,-18.27736,18.23,-0.17,2.01,3.0
1758086922.75508,1758086922.72976,0.0,0.0,0.0,-20.11082,18.44924,-17.93358,13.9,1.3,3.12,3.0
1758086922.77104,1758086922.73976,0.0,0.0,0.0,-19.82434,11.91752,-15.35527,13.9,1.3,3.12,3.0
1758086922.77198,1758086922.74976,0.0,0.0,0.0,-20.74107,8.0787,-11.57375,12.5,2.05,2.98,3.0
1758086922.78706,1758086922.75976,0.0,0.0,0.0,-23.72045,4.18259,-6.13065,12.5,2.05,2.98,3.0
1758086922.788,1758086922.76976,0.0,0.0,0.0,-25.89769,1.3751,-3.09397,11.99,2.3,3.31,3.0
1758086922.8028,1758086922.77976,0.0,0.0,0.0,-28.24682,-0.85944,-0.22918,11.99,2.3,3.31,3.0
1758086922.81881,1758086922.78976,0.0,0.0,0.0,-32.25753,-1.77617,3.20856,10.96,2.25,3.65,3.0
1758086922.82036,1758086922.79976,0.0,0.0,0.0,-35.63798,-4.64096,4.87014,9.38,2.05,3.58,3.0
1758086922.83508,1758086922.80976,0.0,0.0,0.0,-40.10705,-8.93814,5.72958,9.38,2.05,3.58,3.0
1758086922.85097,1758086922.81976,0.0,0.0,0.0,-45.14908,-14.09476,5.90147,7.68,1.86,3.83,3.0
1758086922.85288,1758086922.82976,0.0,0.0,0.0,-53.39967,-21.14215,5.27121,7.68,1.86,3.83,3.0
1758086922.86814,1758086922.83976,0.0,0.0,0.0,-58.09792,-26.52795,4.87014,7.1,1.68,3.93,3.0
1758086922.8694,1758086922.84976,0.0,0.0,0.0,-61.76485,-31.51268,4.46907,7.1,1.68,3.93,3.0
1758086922.88421,1758086922.85976,0.0,0.0,0.0,-64.40046,-35.12231,4.1253,7.3,1.43,3.88,3.0
1758086922.90084,1758086922.86976,0.0,0.0,0.0,-66.00475,-36.95578,3.66693,8.31,0.97,3.36,3.0
1758086922.90202,1758086922.87976,0.0,0.0,0.0,-66.11933,-36.55471,3.32316,8.31,0.97,3.36,3.0
1758086922.91712,1758086922.88976,0.0,0.0,0.0,-65.48907,-34.72124,3.49504,9.09,0.35,2.9,3.0
1758086922.91799,1758086922.89976,0.0,0.0,0.0,-64.51505,-31.16891,3.89611,9.09,0.35,2.9,3.0
1758086922.93306,1758086922.90976,0.0,0.0,0.0,-62.96807,-25.38203,4.92744,9.37,0.03,2.78,3.0
1758086922.94895,1758086922.91976,0.0,0.0,0.0,-61.65026,-21.94428,6.18794,9.37,0.03,2.78,3.0
1758086922.95099,1758086922.92976,0.0,0.0,0.0,-60.67623,-18.10547,7.67763,9.13,0.14,2.7,3.0
1758086922.96598,1758086922.93976,0.0,0.0,0.0,-59.81679,-14.20935,9.33921,9.13,0.14,2.7,3.0
1758086922.96733,1758086922.94976,0.0,0.0,0.0,-59.07195,-9.85487,11.45916,9.08,0.33,2.5,3.0
1758086922.98285,1758086922.95976,0.0,0.0,0.0,-58.67088,-7.21927,12.204,8.91,0.37,2.36,3.0
1758086922.99912,1758086922.96976,0.0,0.0,0.0,-58.26981,-4.69825,12.71966,8.91,0.37,2.36,3.0
1758086923.00009,1758086922.97976,0.0,0.0,0.0,-58.4417,-2.34913,13.23533,8.88,0.25,2.16,3.0
1758086923.01515,1758086922.98976,0.0,0.0,0.0,-58.84277,1.20321,13.46451,8.88,0.25,2.16,3.0
1758086923.01689,1758086922.99976,0.0,0.0,0.0,-59.64491,2.11994,13.75099,8.74,0.19,2.07,3.0
1758086923.03319,1758086923.00976,0.0,0.0,0.0,-60.38975,2.6929,13.98017,8.74,0.19,2.07,3.0
1758086923.04914,1758086923.01976,0.0,0.0,0.0,-61.59297,4.98473,13.75099,8.45,0.22,1.98,3.0
1758086923.05029,1758086923.02976,0.0,0.0,0.0,-62.33781,5.78687,13.5791,8.23,0.19,1.87,3.0
1758086923.0652,1758086923.03976,0.0,0.0,0.0,-63.13995,7.44845,13.23533,8.23,0.19,1.87,3.0
1758086923.08116,1758086923.04976,0.0,0.0,0.0,-63.99939,8.88085,11.97482,8.01,0.22,1.89,3.0
1758086923.08319,1758086923.05976,0.0,0.0,0.0,-65.08801,8.02141,10.8862,8.01,0.22,1.89,3.0
1758086923.10095,1758086923.06976,0.0,0.0,0.0,-65.43179,7.50575,9.5684,7.63,0.14,1.8,3.0
1758086923.10289,1758086923.07976,0.0,0.0,0.0,-65.77556,6.8182,8.47978,7.63,0.14,1.8,3.0
1758086923.11975,1758086923.08976,0.0,0.0,0.0,-65.83286,6.35983,7.44845,7.68,-0.03,1.69,3.0
1758086923.12091,1758086923.09976,0.0,0.0,0.0,-65.2026,5.15662,5.84417,7.7,-0.24,1.49,3.0
1758086923.13625,1758086923.10976,0.0,0.0,0.0,-64.40046,4.46907,5.09932,7.7,-0.24,1.49,3.0
1758086923.13707,1758086923.11976,0.0,0.0,0.0,-62.96807,4.0107,4.35448,7.73,-0.46,1.23,3.0
1758086923.15514,1758086923.12976,0.0,0.0,0.0,-61.42108,3.55234,3.89611,7.73,-0.46,1.23,3.0
1758086923.15687,1758086923.13976,0.0,0.0,0.0,-58.21251,3.72423,3.66693,7.9,-0.69,1.35,3.0
1758086923.1729,1758086923.14976,0.0,0.0,0.0,-55.57691,3.89611,3.60963,7.9,-0.69,1.35,3.0
1758086923.1892,1758086923.15976,0.0,0.0,0.0,-52.42564,3.89611,3.95341,8.12,-0.81,1.43,3.0
1758086923.19007,1758086923.16976,0.0,0.0,0.0,-49.04519,4.92744,4.29718,8.12,-0.81,1.43,3.0
1758086923.2057,1758086923.17976,0.0,0.0,0.0,-44.11775,7.44845,4.69825,8.44,-0.88,1.31,3.0
1758086923.21515,1758086923.18976,0.0,0.0,0.0,-40.85189,9.28192,4.58366,8.86,-0.95,1.34,3.0
1758086923.23205,1758086923.19976,0.0,0.0,0.0,-37.64333,10.94349,4.52637,8.86,-0.95,1.34,3.0
1758086923.23454,1758086923.20976,0.0,0.0,0.0,-33.80451,12.71966,3.66693,9.24,-0.99,1.57,3.0
1758086923.25095,1758086923.21976,0.0,0.0,0.0,-31.74186,14.66772,3.09397,9.24,-0.99,1.57,3.0
1758086923.25242,1758086923.22976,0.0,0.0,0.0,-30.19488,17.18874,2.57831,9.65,-0.89,1.68,3.0
1758086923.26782,1758086923.23976,0.0,0.0,0.0,-29.10626,19.48057,1.77617,9.65,-0.89,1.68,3.0
1758086923.26893,1758086923.24976,0.0,0.0,0.0,-27.67386,23.49127,0.80214,9.82,-0.74,1.63,3.0
1758086923.28696,1758086923.25976,0.0,0.0,0.0,-27.1582,23.31938,0.0573,9.72,-0.66,1.56,3.0
1758086923.28843,1758086923.26976,0.0,0.0,0.0,-26.81443,21.48592,-0.57296,9.72,-0.66,1.56,3.0
1758086923.3032,1758086923.27976,0.0,0.0,0.0,-26.47065,19.07949,-1.08862,9.54,-0.65,1.41,3.0
1758086923.32028,1758086923.28976,0.0,0.0,0.0,-25.38203,15.64175,-1.43239,9.54,-0.65,1.41,3.0
1758086923.32113,1758086923.29976,0.0,0.0,0.0,-23.72045,16.67307,-1.3178,9.95,-0.73,1.17,3.0
1758086923.33623,1758086923.30976,0.0,0.0,0.0,-21.48592,21.60051,-1.66158,9.95,-0.73,1.17,3.0
1758086923.3374,1758086923.31976,0.0,0.0,0.0,-19.07949,27.10091,-2.6929,10.96,-0.98,1.2,3.0
1758086923.3808,1758086923.32976,0.0,0.0,0.0,-14.72501,31.85646,-5.21392,11.15,-1.35,1.4,3.0
1758086923.3834,1758086923.33976,0.0,0.0,0.0,-11.80293,33.51803,-7.73493,11.15,-1.35,1.4,3.0
1758086923.385,1758086923.34976,0.0,0.0,0.0,-9.22462,33.86181,-10.25595,11.27,-1.63,1.53,3.0
1758086923.38608,1758086923.35976,0.0,0.0,0.0,-6.35983,33.34615,-12.54778,11.27,-1.63,1.53,3.0
1758086923.40103,1758086923.36976,0.0,0.0,0.0,-2.23454,31.28349,-15.64175,11.64,-1.63,1.7,3.0
1758086923.40217,1758086923.37976,0.0,0.0,0.0,0.17189,24.5226,-17.47521,11.64,-1.63,1.7,3.0
1758086923.41717,1758086923.38976,0.0,0.0,0.0,1.08862,11.17268,-18.56383,11.46,-1.48,2.69,3.0
1758086923.41846,1758086923.39976,0.0,0.0,0.0,0.45837,-10.02676,-15.46986,11.46,-1.48,2.69,3.0
1758086923.43293,1758086923.40976,0.0,0.0,0.0,-1.43239,-22.97561,-10.37054,11.56,-1.22,4.43,3.0
1758086923.44898,1758086923.41976,0.0,0.0,0.0,-4.92744,-32.88778,-5.21392,12.98,-0.58,4.39,3.0
1758086923.45054,1758086923.42976,0.0,0.0,0.0,-7.96411,-33.17426,0.68755,12.98,-0.58,4.39,3.0
1758086923.46492,1758086923.43976,0.0,0.0,0.0,-9.33921,-10.8289,7.79223,15.13,0.67,3.23,3.0
1758086923.48121,1758086923.44976,0.0,0.0,0.0,-7.62034,1.3751,9.85487,15.13,0.67,3.23,3.0
1758086923.4824,1758086923.45976,0.0,0.0,0.0,-4.23989,6.35983,9.5684,14.81,0.62,3.05,3.0
1758086923.49721,1758086923.46976,0.0,0.0,0.0,0.0573,4.58366,6.87549,14.81,0.62,3.05,3.0
1758086923.50005,1758086923.47976,0.0,0.0,0.0,7.67763,-3.20856,1.20321,12.3,-0.57,3.72,3.0
1758086923.51522,1758086923.48976,0.0,0.0,0.0,12.08941,-10.54242,-2.23454,10.79,-1.73,4.06,3.0
1758086923.53122,1758086923.49976,0.0,0.0,0.0,15.92823,-16.04282,-5.15662,10.79,-1.73,4.06,3.0
1758086923.53245,1758086923.50976,0.0,0.0,0.0,19.07949,-19.99623,-7.10468,9.99,-2.16,3.86,3.0
1758086923.54805,1758086923.51976,0.0,0.0,0.0,22.74642,-24.98096,-9.39651,9.99,-2.16,3.86,3.0
1758086923.5498,1758086923.52976,0.0,0.0,0.0,25.26744,-27.67386,-10.37054,8.51,-1.71,3.29,3.0
1758086923.56528,1758086923.53976,0.0,0.0,0.0,27.50197,-29.73651,-10.59972,8.51,-1.71,3.29,3.0
1758086923.56701,1758086923.54976,0.0,0.0,0.0,29.33544,-27.50197,-10.59972,7.33,-0.98,3.38,3.0
1758086923.58321,1758086923.55976,0.0,0.0,0.0,31.2262,-17.36062,-10.02676,7.92,-0.25,3.53,3.0
1758086923.5994,1758086923.56976,0.0,0.0,0.0,31.56997,-12.77696,-10.54242,7.92,-0.25,3.53,3.0
1758086923.60018,1758086923.57976,0.0,0.0,0.0,33.80451,-13.46451,-8.59437,7.98,0.39,3.56,3.0
1758086923.61498,1758086923.58976,0.0,0.0,0.0,33.63263,-29.27814,-8.70896,7.98,0.39,3.56,3.0
1758086923.63121,1758086923.59976,0.0,0.0,0.0,32.25753,-53.62885,-8.25059,6.59,0.8,3.23,3.0
1758086923.63244,1758086923.60976,0.0,0.0,0.0,32.6013,-56.78012,-4.0107,6.59,0.8,3.23,3.0
1758086923.64854,1758086923.61976,0.0,0.0,0.0,32.25753,-50.64947,-3.09397,9.77,0.8,2.6,3.0
1758086923.64981,1758086923.62976,0.0,0.0,0.0,31.51268,-37.12767,-3.03668,9.77,0.8,2.6,3.0
1758086923.66505,1758086923.63976,0.0,0.0,0.0,29.96569,-30.53865,-2.97938,10.92,1.06,2.56,3.0
1758086923.68123,1758086923.64976,0.0,0.0,0.0,27.84575,-25.09555,-4.18259,10.0,1.14,2.82,3.0
1758086923.68226,1758086923.65976,0.0,0.0,0.0,24.92367,-19.07949,-6.53172,10.0,1.14,2.82,3.0
1758086923.69705,1758086923.66976,0.0,0.0,0.0,19.42327,-6.24524,-11.45916,9.61,1.45,2.23,3.0
1758086923.69824,1758086923.67976,0.0,0.0,0.0,15.64175,0.57296,-14.61043,9.61,1.45,2.23,3.0
1758086923.71309,1758086923.68976,0.0,0.0,0.0,12.43318,4.64096,-16.95955,9.48,1.55,2.03,3.0
1758086923.72939,1758086923.69976,0.0,0.0,0.0,9.33921,5.90147,-18.90761,9.48,1.55,2.03,3.0
1758086923.73026,1758086923.70976,0.0,0.0,0.0,6.58902,11.51645,-20.97026,9.08,1.39,2.12,3.0
1758086923.74512,1758086923.71976,0.0,0.0,0.0,5.15662,15.0115,-21.88699,9.17,0.98,1.79,3.0
1758086923.76104,1758086923.72976,0.0,0.0,0.0,5.21392,16.67307,-21.42862,9.17,0.98,1.79,3.0
1758086923.76223,1758086923.73976,0.0,0.0,0.0,5.72958,19.76705,-20.22541,8.92,0.54,1.96,3.0
1758086923.77733,1758086923.74976,0.0,0.0,0.0,7.79223,22.05888,-17.36062,8.92,0.54,1.96,3.0
1758086923.77824,1758086923.75976,0.0,0.0,0.0,9.91217,22.00158,-15.58445,8.45,0.24,1.94,3.0
1758086923.79332,1758086923.76976,0.0,0.0,0.0,12.71966,22.40265,-13.5218,8.45,0.24,1.94,3.0
1758086923.80965,1758086923.77976,0.0,0.0,0.0,15.35527,22.97561,-11.00079,8.2,0.14,2.09,3.0
1758086923.81028,1758086923.78976,0.0,0.0,0.0,20.05352,22.40265,-10.37054,7.77,0.21,1.88,3.0
1758086923.82531,1758086923.79976,0.0,0.0,0.0,22.97561,20.85567,-9.68299,7.77,0.21,1.88,3.0
1758086923.84112,1758086923.80976,0.0,0.0,0.0,25.49662,18.79302,-9.68299,7.41,0.33,1.98,3.0
1758086923.84226,1758086923.81976,0.0,0.0,0.0,29.04896,15.0115,-9.62569,7.41,0.33,1.98,3.0
1758086923.85717,1758086923.82976,0.0,0.0,0.0,30.88243,11.97482,-9.68299,7.12,0.42,1.74,3.0
1758086923.85857,1758086923.83976,0.0,0.0,0.0,32.25753,9.11003,-9.5684,7.12,0.42,1.74,3.0
1758086923.87303,1758086923.84976,0.0,0.0,0.0,33.05967,6.35983,-9.05273,7.06,0.51,1.81,3.0
1758086923.88929,1758086923.85976,0.0,0.0,0.0,33.63263,2.29183,-7.16197,7.25,0.51,1.76,3.0
1758086923.89065,1758086923.86976,0.0,0.0,0.0,33.40344,0.0573,-5.55769,7.25,0.62,1.76,3.0
1758086923.90531,1758086923.87976,0.0,0.0,0.0,32.48671,-0.40107,-4.23989,7.82,0.82,1.89,3.0
1758086923.92131,1758086923.88976,0.0,0.0,0.0,31.39809,-1.03132,-2.46372,7.82,0.82,1.89,3.0
1758086923.92251,1758086923.89976,0.0,0.0,0.0,29.22085,-4.81285,-1.77617,8.3,1.11,1.92,3.0
1758086923.93732,1758086923.90976,0.0,0.0,0.0,27.44468,-4.92744,-1.94806,8.3,1.11,1.92,3.0
1758086923.93853,1758086923.91976,0.0,0.0,0.0,25.61122,-3.55234,-2.86479,9.08,1.51,1.94,3.0
1758086923.95334,1758086923.92976,0.0,0.0,0.0,23.83505,-1.20321,-4.0107,9.08,1.51,1.94,3.0
1758086923.96934,1758086923.93976,0.0,0.0,0.0,21.42862,1.66158,-5.78687,9.56,1.77,1.78,3.0
1758086923.97029,1758086923.94976,0.0,0.0,0.0,19.76705,3.83882,-6.47442,9.52,1.76,1.78,3.0
1758086923.98533,1758086923.95976,0.0,0.0,0.0,18.16276,6.35983,-6.7609,9.52,1.76,1.78,3.0
1758086924.00112,1758086923.96976,0.0,0.0,0.0,16.90226,8.99544,-5.84417,9.65,1.57,1.61,3.0
1758086924.00229,1758086923.97976,0.0,0.0,0.0,15.24068,14.61043,-4.92744,9.65,1.57,1.61,3.0
1758086924.01737,1758086923.98976,0.0,0.0,0.0,14.43854,18.79302,-3.83882,10.06,1.37,1.61,3.0
1758086924.02,1758086923.99976,0.0,0.0,0.0,13.69369,21.88699,-2.6929,10.06,1.37,1.61,3.0
1758086924.03533,1758086924.00976,0.0,0.0,0.0,12.83425,24.4653,-0.34377,10.27,1.26,1.73,3.0
1758086924.05117,1758086924.01976,0.0,0.0,0.0,12.37589,26.75713,1.14592,10.31,1.25,1.81,3.0
1758086924.05228,1758086924.02976,0.0,0.0,0.0,11.80293,29.96569,2.46372,10.31,1.25,1.81,3.0
1758086924.06754,1758086924.03976,0.0,0.0,0.0,11.11538,32.48671,3.26586,10.26,1.35,1.88,3.0
1758086924.06906,1758086924.04976,0.0,0.0,0.0,9.85487,33.40344,4.18259,10.26,1.35,1.88,3.0
1758086924.08526,1758086924.05976,0.0,0.0,0.0,8.88085,32.88778,4.81285,9.77,1.49,1.97,3.0
1758086924.10117,1758086924.06976,0.0,0.0,0.0,7.73493,31.62727,5.27121,9.77,1.49,1.97,3.0
1758086924.10232,1758086924.07976,0.0,0.0,0.0,6.35983,30.25217,5.4431,9.63,1.61,2.02,3.0
1758086924.11737,1758086924.08976,0.0,0.0,0.0,3.83882,28.476,4.46907,9.68,1.77,1.99,3.0
1758086924.13606,1758086924.09976,0.0,0.0,0.0,1.83346,28.01764,3.89611,9.68,1.77,1.99,3.0
1758086924.13635,1758086924.10976,0.0,0.0,0.0,0.0573,27.78845,3.38045,9.84,1.9,1.87,3.0
1758086924.15118,1758086924.11976,0.0,0.0,0.0,-2.11994,26.12688,2.86479,9.84,1.9,1.87,3.0
1758086924.15234,1758086924.12976,0.0,0.0,0.0,-5.84417,20.74107,2.29183,9.67,1.98,1.87,3.0
1758086924.16747,1758086924.13976,0.0,0.0,0.0,-8.136,15.24068,1.71887,9.67,1.98,1.87,3.0
1758086924.16837,1758086924.14976,0.0,0.0,0.0,-10.31324,7.84952,0.74485,9.42,2.11,2.02,3.0
1758086924.1842,1758086924.15976,0.0,0.0,0.0,-12.14671,-4.58366,-0.34377,9.42,2.11,2.02,3.0
1758086924.2001,1758086924.16976,0.0,0.0,0.0,-13.40721,-29.39274,-2.63561,8.94,2.17,2.51,3.0
1758086924.20135,1758086924.17976,0.0,0.0,0.0,-12.49048,-41.25296,-4.23989,9.39,1.76,3.3,3.0
1758086924.21644,1758086924.18976,0.0,0.0,0.0,-10.94349,-45.72203,-5.95876,9.39,1.76,3.3,3.0
1758086924.21732,1758086924.19976,0.0,0.0,0.0,-7.73493,-36.21093,-8.76626,12.32,0.96,3.72,3.0
1758086924.23515,1758086924.20976,0.0,0.0,0.0,-4.92744,-22.23076,-10.8289,12.32,0.96,3.72,3.0
1758086924.25111,1758086924.21976,0.0,0.0,0.0,-2.63561,-0.51566,-12.60507,15.36,0.29,3.28,3.0
1758086924.25403,1758086924.22976,0.0,0.0,0.0,1.08862,19.70975,-11.34457,15.36,0.29,3.28,3.0
1758086924.27075,1758086924.23976,0.0,0.0,0.0,1.43239,24.63719,-10.08406,15.94,0.64,2.88,3.0
1758086924.28229,1758086924.24976,0.0,0.0,0.0,-0.11459,12.49048,-8.65166,13.25,2.04,3.29,3.0
1758086924.28874,1758086924.25976,0.0,0.0,0.0,-1.3751,0.74485,-5.15662,13.25,2.04,3.29,3.0
1758086924.30904,1758086924.26976,0.0,0.0,0.0,-3.66693,-6.53172,-2.34913,12.65,2.76,3.7,3.0
1758086924.31121,1758086924.27976,0.0,0.0,0.0,-9.05273,-8.02141,0.17189,12.65,2.76,3.7,3.0
1758086924.31249,1758086924.28976,0.0,0.0,0.0,-13.75099,-6.99009,1.3751,12.64,2.82,3.69,3.0
1758086924.32815,1758086924.29976,0.0,0.0,0.0,-18.33465,-8.59437,2.97938,12.64,2.82,3.69,3.0
1758086924.32934,1758086924.30976,0.0,0.0,0.0,-22.11617,-12.89155,5.09932,10.75,2.53,3.53,3.0
1758086924.34417,1758086924.31976,0.0,0.0,0.0,-26.47065,-19.36597,8.42248,8.56,1.98,3.12,3.0
1758086924.36096,1758086924.32976,0.0,0.0,0.0,-29.10626,-22.68913,9.68299,8.56,1.98,3.12,3.0
1758086924.36214,1758086924.33976,0.0,0.0,0.0,-31.74186,-25.55392,10.02676,7.39,1.46,3.12,3.0
1758086924.37717,1758086924.34976,0.0,0.0,0.0,-34.26288,-28.59059,9.5684,7.39,1.46,3.12,3.0
1758086924.37914,1758086924.35976,0.0,0.0,0.0,-37.58603,-33.51803,7.84952,6.97,1.25,3.64,3.0
1758086924.39415,1758086924.36976,0.0,0.0,0.0,-39.24761,-35.86716,6.7609,6.97,1.25,3.64,3.0
1758086924.41019,1758086924.37976,0.0,0.0,0.0,-40.45082,-37.92981,5.84417,7.34,1.02,3.73,3.0
1758086924.41132,1758086924.38976,0.0,0.0,0.0,-40.62271,-39.76327,4.18259,7.34,1.02,3.73,3.0
1758086924.44836,1758086924.39976,0.0,0.0,0.0,-40.16434,-39.70598,3.26586,7.94,0.61,3.5,3.0
1758086924.44928,1758086924.40976,0.0,0.0,0.0,-39.3622,-40.04975,2.63561,8.49,0.05,3.07,3.0
1758086924.44994,1758086924.41976,0.0,0.0,0.0,-38.21629,-38.78925,2.34913,8.49,0.05,3.07,3.0
1758086924.45135,1758086924.42976,0.0,0.0,0.0,-36.95578,-33.9764,3.20856,8.95,-0.36,2.91,3.0
1758086924.46617,1758086924.43976,0.0,0.0,0.0,-36.21093,-30.36677,4.35448,8.95,-0.36,2.91,3.0
1758086924.46737,1758086924.44976,0.0,0.0,0.0,-35.63798,-26.87172,6.35983,9.31,-0.42,2.72,3.0
1758086924.48501,1758086924.45976,0.0,0.0,0.0,-34.77854,-22.34536,8.76626,9.31,-0.42,2.72,3.0
1758086924.5012,1758086924.46976,0.0,0.0,0.0,-33.86181,-14.09476,13.00614,9.59,-0.16,2.42,3.0
1758086924.50268,1758086924.47976,0.0,0.0,0.0,-33.40344,-8.30789,15.75634,9.66,0.24,2.05,3.0
1758086924.51744,1758086924.48976,0.0,0.0,0.0,-33.00237,-3.20856,18.50654,9.66,0.24,2.05,3.0
1758086924.51865,1758086924.49976,0.0,0.0,0.0,-32.6013,1.3178,20.51189,9.45,0.55,2.09,3.0
1758086924.53344,1758086924.50976,0.0,0.0,0.0,-33.00237,7.16197,22.34536,9.45,0.55,2.09,3.0
1758086924.54945,1758086924.51976,0.0,0.0,0.0,-33.17426,10.94349,22.74642,9.35,0.56,2.05,3.0
1758086924.55041,1758086924.52976,0.0,0.0,0.0,-33.86181,13.23533,22.68913,9.35,0.56,2.05,3.0
1758086924.5655,1758086924.53976,0.0,0.0,0.0,-34.77854,15.24068,22.23076,9.06,0.36,1.95,3.0
1758086924.58141,1758086924.54976,0.0,0.0,0.0,-36.55471,17.30333,20.74107,8.69,0.15,1.99,3.0
1758086924.58241,1758086924.55976,0.0,0.0,0.0,-37.81522,17.87628,19.82434,8.69,0.15,1.99,3.0
1758086924.59723,1758086924.56976,0.0,0.0,0.0,-38.84654,19.07949,18.62113,8.44,-0.04,1.84,3.0
1758086924.59867,1758086924.57976,0.0,0.0,0.0,-39.82057,19.59516,16.84496,8.44,-0.04,1.84,3.0
1758086924.61325,1758086924.58976,0.0,0.0,0.0,-40.7946,19.70975,15.41257,8.21,-0.17,1.68,3.0
1758086924.63022,1758086924.59976,0.0,0.0,0.0,-41.08107,18.33465,13.86558,8.21,-0.17,1.68,3.0
1758086924.63181,1758086924.60976,0.0,0.0,0.0,-41.08107,16.55848,12.54778,7.87,-0.23,1.61,3.0
1758086924.64622,1758086924.61976,0.0,0.0,0.0,-40.62271,14.15206,10.71431,7.87,-0.23,1.61,3.0
1758086924.64744,1758086924.62976,0.0,0.0,0.0,-40.04975,12.89155,9.11003,7.73,-0.26,1.49,3.0
1758086924.66348,1758086924.63976,0.0,0.0,0.0,-38.90384,12.08941,8.136,7.8,-0.32,1.45,3.0
1758086924.67948,1758086924.64976,0.0,0.0,0.0,-37.81522,10.71431,7.04738,7.8,-0.32,1.45,3.0
1758086924.68076,1758086924.65976,0.0,0.0,0.0,-35.63798,7.79223,6.47442,7.81,-0.42,1.4,3.0
1758086924.69529,1758086924.66976,0.0,0.0,0.0,-33.68992,6.07335,6.35983,7.81,-0.42,1.4,3.0
1758086924.71125,1758086924.67976,0.0,0.0,0.0,-31.74186,4.46907,6.41713,7.95,-0.57,1.33,3.0
1758086924.71248,1758086924.68976,0.0,0.0,0.0,-29.8511,3.38045,6.47442,7.95,-0.57,1.33,3.0
1758086924.72811,1758086924.69976,0.0,0.0,0.0,-26.75713,1.94806,6.35983,8.25,-0.7,1.35,3.0
1758086924.72998,1758086924.70976,0.0,0.0,0.0,-24.80907,1.43239,6.07335,8.57,-0.71,1.31,3.0
1758086924.74527,1758086924.71976,0.0,0.0,0.0,-23.0329,1.60428,5.61499,8.57,-0.71,1.31,3.0
1758086924.76123,1758086924.72976,0.0,0.0,0.0,-21.48592,2.00535,4.87014,8.96,-0.58,1.29,3.0
1758086924.76647,1758086924.73976,0.0,0.0,0.0,-19.36597,3.03668,3.49504,8.96,-0.58,1.29,3.0
1758086924.78127,1758086924.74976,0.0,0.0,0.0,-18.27736,4.46907,2.29183,9.4,-0.42,1.44,3.0
1758086924.78279,1758086924.75976,0.0,0.0,0.0,-17.53251,5.61499,1.03132,9.4,-0.42,1.44,3.0
1758086924.79746,1758086924.76976,0.0,0.0,0.0,-17.18874,5.72958,-0.80214,9.8,-0.32,1.54,3.0
1758086924.79879,1758086924.77976,0.0,0.0,0.0,-17.36062,6.41713,-1.66158,9.87,-0.33,1.53,3.0
1758086924.81326,1758086924.78976,0.0,0.0,0.0,-17.76169,7.21927,-1.77617,9.87,-0.33,1.53,3.0
1758086924.8303,1758086924.79976,0.0,0.0,0.0,-18.44924,8.76626,-1.71887,9.92,-0.36,1.34,3.0
1758086924.83149,1758086924.80976,0.0,0.0,0.0,-18.79302,11.91752,-1.14592,9.92,-0.36,1.34,3.0
1758086924.84659,1758086924.81976,0.0,0.0,0.0,-18.27736,16.3293,-1.20321,10.23,-0.43,1.25,3.0
1758086924.84852,1758086924.82976,0.0,0.0,0.0,-17.01685,22.23076,-1.66158,10.23,-0.43,1.25,3.0
1758086924.86433,1758086924.83976,0.0,0.0,0.0,-15.06879,27.67386,-2.7502,10.79,-0.62,0.98,3.0
1758086924.8807,1758086924.84976,0.0,0.0,0.0,-11.51645,33.51803,-5.55769,10.79,-0.62,1.02,3.0
1758086924.8815,1758086924.85976,0.0,0.0,0.0,-8.47978,35.00772,-7.79223,10.94,-0.94,1.02,3.0
1758086924.89628,1758086924.86976,0.0,0.0,0.0,-5.27121,34.89313,-10.08406,11.06,-1.38,1.13,3.0
1758086924.89769,1758086924.87976,0.0,0.0,0.0,-1.60428,31.97105,-12.08941,11.06,-1.38,1.13,3.0
1758086924.91361,1758086924.88976,0.0,0.0,0.0,4.29718,16.67307,-13.5218,10.96,-1.91,1.61,3.0
1758086924.93033,1758086924.89976,0.0,0.0,0.0,8.25059,3.03668,-12.49048,10.96,-1.91,1.61,3.0
1758086924.93151,1758086924.90976,0.0,0.0,0.0,10.59972,-5.21392,-10.25595,11.26,-2.44,3.06,3.0
1758086924.94654,1758086924.91976,0.0,0.0,0.0,8.99544,-8.36518,-8.59437,11.26,-2.44,3.06,3.0
1758086924.94752,1758086924.92976,0.0,0.0,0.0,2.86479,-13.98017,-6.47442,12.84,-1.61,4.87,3.0
1758086924.96328,1758086924.93976,0.0,0.0,0.0,1.3751,-18.50654,-2.06265,13.46,-0.15,4.14,3.0
1758086924.97955,1758086924.94976,0.0,0.0,0.0,2.00535,-13.75099,2.40642,13.46,-0.15,4.14,3.0
1758086924.98053,1758086924.95976,0.0,0.0,0.0,1.83346,-3.60963,5.21392,15.27,0.72,3.18,3.0
1758086924.99533,1758086924.96976,0.0,0.0,0.0,3.55234,6.24524,6.53172,15.27,0.72,3.18,3.0
1758086925.01132,1758086924.97976,0.0,0.0,0.0,6.07335,6.07335,5.32851,14.3,0.56,3.6,3.0
1758086925.01251,1758086924.98976,0.0,0.0,0.0,9.4538,2.92208,3.32316,14.3,0.56,3.6,3.0
1758086925.02757,1758086924.99976,0.0,0.0,0.0,14.49583,-6.58902,-0.0573,12.49,-0.59,4.05,3.0
1758086925.02884,1758086925.00976,0.0,0.0,0.0,17.30333,-13.75099,-1.77617,11.18,-1.49,4.11,3.0
1758086925.04339,1758086925.01976,0.0,0.0,0.0,19.42327,-18.79302,-3.26586,11.18,-1.49,4.11,3.0
1758086925.05963,1758086925.02976,0.0,0.0,0.0,21.42862,-21.02755,-4.52637,10.56,-1.55,3.81,3.0
1758086925.06054,1758086925.03976,0.0,0.0,0.0,24.57989,-21.94428,-6.24524,10.56,-1.55,3.81,3.0
1758086925.07561,1758086925.04976,0.0,0.0,0.0,26.87172,-20.97026,-6.87549,9.17,-1.04,3.23,3.0
1758086925.09135,1758086925.05976,0.0,0.0,0.0,29.04896,-18.22006,-7.84952,9.17,-1.04,3.23,3.0
1758086925.09255,1758086925.06976,0.0,0.0,0.0,30.99702,-14.61043,-8.136,7.91,-0.39,3.11,3.0
1758086925.10761,1758086925.07976,0.0,0.0,0.0,33.9764,-16.272,-7.84952,6.97,-0.16,3.61,3.0
1758086925.10884,1758086925.08976,0.0,0.0,0.0,34.77854,-19.25138,-8.59437,6.97,-0.16,3.61,3.0
1758086925.12335,1758086925.09976,0.0,0.0,0.0,36.32552,-40.10705,-7.16197,5.87,-0.1,3.61,3.0
1758086925.13939,1758086925.10976,0.0,0.0,0.0,36.49741,-56.952,-6.41713,5.87,-0.1,3.61,3.0
1758086925.14059,1758086925.11976,0.0,0.0,0.0,37.52874,-66.635,-2.11994,7.05,-0.11,3.52,3.0
1758086925.15559,1758086925.12976,0.0,0.0,0.0,37.75792,-61.59297,-1.20321,7.05,-0.11,3.52,3.0
1758086925.17162,1758086925.13976,0.0,0.0,0.0,37.87251,-53.62885,-0.85944,10.06,0.47,2.51,3.0
1758086925.17284,1758086925.14976,0.0,0.0,0.0,37.75792,-47.38361,-1.48969,10.06,0.47,2.51,3.0
1758086925.18732,1758086925.15976,0.0,0.0,0.0,36.03905,-38.44547,-3.72423,10.37,1.18,2.88,3.0
1758086925.1886,1758086925.16976,0.0,0.0,0.0,34.26288,-31.28349,-6.47442,9.78,1.44,2.54,3.0
1758086925.20341,1758086925.17976,0.0,0.0,0.0,31.62727,-23.66316,-9.91217,9.78,1.44,2.54,3.0
1758086925.22064,1758086925.18976,0.0,0.0,0.0,27.2155,-15.46986,-15.06879,9.65,1.64,2.17,3.0
1758086925.2216,1758086925.19976,0.0,0.0,0.0,23.89234,-4.1253,-17.76169,9.65,1.64,2.17,3.0
1758086925.23664,1758086925.20976,0.0,0.0,0.0,20.79837,2.46372,-18.9649,9.77,1.61,2.02,3.0
1758086925.23758,1758086925.21976,0.0,0.0,0.0,18.33465,8.42248,-19.42327,9.77,1.61,2.02,3.0
1758086925.25333,1758086925.22976,0.0,0.0,0.0,15.46986,15.87093,-19.70975,9.77,1.23,2.0,3.0
1758086925.27058,1758086925.23976,0.0,0.0,0.0,14.49583,18.90761,-17.81899,9.72,0.81,2.06,3.0
1758086925.27269,1758086925.24976,0.0,0.0,0.0,13.75099,22.97561,-16.67307,9.72,0.81,2.06,3.0
1758086925.28763,1758086925.25976,0.0,0.0,0.0,13.69369,27.1582,-14.9542,9.79,0.47,2.04,3.0
1758086925.28936,1758086925.26976,0.0,0.0,0.0,14.72501,33.17426,-12.60507,9.79,0.47,2.04,3.0
1758086925.30467,1758086925.27976,0.0,0.0,0.0,16.3293,36.03905,-11.45916,9.49,0.34,2.07,3.0
1758086925.32034,1758086925.28976,0.0,0.0,0.0,18.44924,37.29956,-10.71431,9.49,0.34,2.07,3.0
1758086925.32162,1758086925.29976,0.0,0.0,0.0,21.37133,36.6693,-10.02676,8.89,0.4,2.3,3.0
1758086925.3364,1758086925.30976,0.0,0.0,0.0,25.72581,35.12231,-9.85487,8.4,0.46,2.28,3.0
1758086925.33762,1758086925.31976,0.0,0.0,0.0,28.59059,33.34615,-9.33921,8.4,0.46,2.28,3.0
1758086925.35368,1758086925.32976,0.0,0.0,0.0,31.11161,30.93972,-8.88085,7.95,0.4,2.17,3.0
1758086925.36968,1758086925.33976,0.0,0.0,0.0,33.40344,27.2155,-8.30789,7.95,0.4,2.17,3.0
1758086925.37064,1758086925.34976,0.0,0.0,0.0,36.6693,21.6578,-7.16197,7.35,0.28,2.0,3.0
1758086925.40661,1758086925.35976,0.0,0.0,0.0,38.15899,18.27736,-6.13065,7.35,0.28,2.0,3.0
1758086925.40834,1758086925.36976,0.0,0.0,0.0,39.19032,15.46986,-5.21392,7.11,0.28,1.93,3.0
1758086925.41001,1758086925.37976,0.0,0.0,0.0,39.64868,12.77696,-4.0107,7.11,0.28,1.93,3.0
1758086925.41101,1758086925.38976,0.0,0.0,0.0,39.53409,9.39651,-3.55234,7.14,0.56,1.93,3.0
1758086925.42645,1758086925.39976,0.0,0.0,0.0,39.13302,8.02141,-3.03668,7.49,1.03,1.81,3.0
1758086925.42842,1758086925.40976,0.0,0.0,0.0,38.38818,6.53172,-3.03668,7.49,1.03,1.81,3.0
1758086925.44524,1758086925.41976,0.0,0.0,0.0,36.38282,4.58366,-2.6929,7.79,1.5,1.77,3.0
1758086925.4615,1758086925.42976,0.0,0.0,0.0,34.77854,4.1253,-2.63561,7.79,1.5,1.77,3.0
1758086925.46293,1758086925.43976,0.0,0.0,0.0,33.00237,4.18259,-2.06265,8.12,1.81,1.78,3.0
1758086925.47778,1758086925.44976,0.0,0.0,0.0,30.88243,4.29718,-1.3178,8.12,1.81,1.78,3.0
1758086925.47869,1758086925.45976,0.0,0.0,0.0,27.1582,5.27121,0.34377,8.37,1.87,1.74,3.0
1758086925.49369,1758086925.46976,0.0,0.0,0.0,24.80907,6.41713,0.80214,8.69,1.75,1.82,3.0
1758086925.5097,1758086925.47976,0.0,0.0,0.0,22.40265,8.42248,1.60428,8.69,1.75,1.82,3.0
1758086925.51068,1758086925.48976,0.0,0.0,0.0,20.05352,10.19865,2.11994,9.06,1.62,1.83,3.0
1758086925.52548,1758086925.49976,0.0,0.0,0.0,16.90226,14.09476,2.06265,9.06,1.62,1.83,3.0
1758086925.54178,1758086925.50976,0.0,0.0,0.0,15.24068,17.87628,2.00535,9.58,1.59,1.76,3.0
1758086925.54271,1758086925.51976,0.0,0.0,0.0,13.34992,21.42862,1.71887,9.58,1.59,1.76,3.0
1758086925.55772,1758086925.52976,0.0,0.0,0.0,11.34457,25.55392,1.48969,10.17,1.62,1.81,3.0
1758086925.55865,1758086925.53976,0.0,0.0,0.0,8.65166,31.91375,1.20321,10.48,1.63,1.81,3.0
1758086925.57452,1758086925.54976,0.0,0.0,0.0,6.99009,34.49206,1.3178,10.48,1.63,1.81,3.0
1758086925.59046,1758086925.55976,0.0,0.0,0.0,4.92744,36.15364,1.3178,10.31,1.67,1.76,3.0
1758086925.59192,1758086925.56976,0.0,0.0,0.0,3.32316,36.32552,1.60428,10.31,1.67,1.76,3.0
1758086925.60646,1758086925.57976,0.0,0.0,0.0,0.51566,34.72124,1.60428,10.16,1.76,1.81,3.0
1758086925.6079,1758086925.58976,0.0,0.0,0.0,-1.3751,32.83048,1.66158,10.16,1.76,1.81,3.0
1758086925.62352,1758086925.59976,0.0,0.0,0.0,-3.60963,31.74186,1.66158,10.34,1.82,1.67,3.0
1758086925.63975,1758086925.60976,0.0,0.0,0.0,-7.04738,31.56997,2.06265,10.34,1.82,1.67,3.0
1758086925.64066,1758086925.61976,0.0,0.0,0.0,-9.39651,30.88243,1.77617,10.9,1.84,1.72,3.0
1758086925.65552,1758086925.62976,0.0,0.0,0.0,-11.63104,26.64254,1.48969,10.73,1.78,1.96,3.0
1758086925.67143,1758086925.63976,0.0,0.0,0.0,-12.77696,16.84496,0.80214,10.73,1.78,1.96,3.0
1758086925.67268,1758086925.64976,0.0,0.0,0.0,-12.43318,-8.65166,-0.57296,9.59,1.65,3.02,3.0
1758086925.68782,1758086925.65976,0.0,0.0,0.0,-6.99009,-24.57989,1.48969,9.59,1.65,3.02,3.0
1758086925.68867,1758086925.66976,0.0,0.0,0.0,-0.11459,-36.55471,2.92208,9.54,0.73,4.87,3.0
1758086925.70373,1758086925.67976,0.0,0.0,0.0,4.69825,-46.1231,0.97403,9.54,0.73,4.87,3.0
1758086925.71983,1758086925.68976,0.0,0.0,0.0,7.96411,-46.75336,-4.29718,12.34,0.21,4.47,3.0
1758086925.72101,1758086925.69976,0.0,0.0,0.0,8.70896,-30.19488,-6.58902,15.67,0.03,3.55,3.0
1758086925.73578,1758086925.70976,0.0,0.0,0.0,7.79223,-7.96411,-6.7609,15.67,0.03,3.55,3.0
1758086925.75174,1758086925.71976,0.0,0.0,0.0,4.58366,8.25059,-6.07335,15.74,1.07,3.07,3.0
1758086925.75271,1758086925.72976,0.0,0.0,0.0,-1.66158,12.54778,-0.97403,15.74,1.07,3.07,3.0
1758086925.76834,1758086925.73976,0.0,0.0,0.0,-6.18794,5.72958,3.89611,12.06,2.64,4.11,3.0
1758086925.77031,1758086925.74976,0.0,0.0,0.0,-9.91217,-8.42248,8.36518,12.06,2.64,4.11,3.0
1758086925.78563,1758086925.75976,0.0,0.0,0.0,-13.34992,-22.63183,11.34457,9.65,3.1,4.16,3.0
1758086925.80161,1758086925.76976,0.0,0.0,0.0,-15.92823,-34.0337,14.15206,9.41,2.44,3.86,3.0
1758086925.80323,1758086925.77976,0.0,0.0,0.0,-16.73037,-35.40879,14.43854,9.41,2.44,3.86,3.0
1758086925.81766,1758086925.78976,0.0,0.0,0.0,-17.53251,-35.2942,14.15206,8.9,1.56,3.49,3.0
1758086925.81899,1758086925.79976,0.0,0.0,0.0,-18.85031,-36.95578,12.37589,8.9,1.56,3.49,3.0
1758086925.83382,1758086925.80976,0.0,0.0,0.0,-19.59516,-39.82057,10.65701,7.49,0.93,3.52,3.0
1758086925.84981,1758086925.81976,0.0,0.0,0.0,-20.05352,-41.71133,9.4538,7.49,0.93,3.52,3.0
1758086925.85076,1758086925.82976,0.0,0.0,0.0,-20.79837,-44.00316,7.96411,7.08,0.6,3.65,3.0
1758086925.86577,1758086925.83976,0.0,0.0,0.0,-21.14215,-45.26366,5.95876,7.08,0.6,3.58,3.0
1758086925.88172,1758086925.84976,0.0,0.0,0.0,-21.25674,-44.00316,4.87014,7.77,0.43,3.58,3.0
1758086925.88275,1758086925.85976,0.0,0.0,0.0,-21.08485,-41.88322,3.95341,8.76,0.36,3.41,3.0
1758086925.89776,1758086925.86976,0.0,0.0,0.0,-20.74107,-39.87786,3.49504,8.76,0.36,3.41,3.0
1758086925.89899,1758086925.87976,0.0,0.0,0.0,-20.3973,-34.49206,3.09397,9.04,0.23,2.96,3.0
1758086925.91382,1758086925.88976,0.0,0.0,0.0,-20.45459,-30.36677,3.66693,9.04,0.23,2.96,3.0
1758086925.93083,1758086925.89976,0.0,0.0,0.0,-20.68378,-25.89769,4.81285,8.96,0.16,2.51,3.0
1758086925.93202,1758086925.90976,0.0,0.0,0.0,-21.14215,-21.42862,6.47442,8.96,0.16,2.51,3.0
1758086925.94678,1758086925.91976,0.0,0.0,0.0,-21.48592,-15.24068,9.62569,9.17,0.08,2.57,3.0
1758086925.94812,1758086925.92976,0.0,0.0,0.0,-21.31403,-11.17268,11.80293,9.53,0.0,2.42,3.0
1758086925.96383,1758086925.93976,0.0,0.0,0.0,-20.97026,-6.87549,14.03747,9.53,0.0,2.42,3.0
1758086925.98081,1758086925.94976,0.0,0.0,0.0,-20.16812,-2.63561,16.04282,9.63,-0.09,2.14,3.0
1758086925.98173,1758086925.95976,0.0,0.0,0.0,-18.62113,3.72423,18.44924,9.63,-0.09,2.14,3.0
1758086925.99684,1758086925.96976,0.0,0.0,0.0,-17.76169,7.67763,19.48057,9.54,-0.11,2.0,3.0
1758086925.99772,1758086925.97976,0.0,0.0,0.0,-17.01685,11.11538,20.11082,9.54,-0.11,2.0,3.0
1758086926.01379,1758086925.98976,0.0,0.0,0.0,-15.98552,12.89155,20.22541,9.29,-0.04,2.01,3.0
1758086926.02981,1758086925.99976,0.0,0.0,0.0,-15.98552,14.78231,19.99623,9.05,0.0,2.1,3.0
1758086926.03102,1758086926.00976,0.0,0.0,0.0,-16.55848,15.46986,19.19409,9.05,0.0,2.1,3.0
1758086926.04559,1758086926.01976,0.0,0.0,0.0,-17.36062,15.41257,18.50654,8.93,0.01,2.14,3.0
1758086926.06159,1758086926.02976,0.0,0.0,0.0,-19.42327,15.06879,17.30333,8.93,0.01,2.14,3.0
1758086926.06324,1758086926.03976,0.0,0.0,0.0,-21.08485,14.15206,16.10011,8.68,0.09,2.16,3.0
1758086926.07783,1758086926.04976,0.0,0.0,0.0,-23.0329,13.00614,15.12609,8.68,0.09,2.16,3.0
1758086926.07878,1758086926.05976,0.0,0.0,0.0,-24.92367,12.204,13.69369,8.31,0.19,2.11,3.0
1758086926.09364,1758086926.06976,0.0,0.0,0.0,-27.50197,8.76626,12.2613,7.89,0.23,2.14,3.0
1758086926.10986,1758086926.07976,0.0,0.0,0.0,-28.87707,6.99009,11.28727,7.89,0.23,2.14,3.0
1758086926.1108,1758086926.08976,0.0,0.0,0.0,-30.02299,4.98473,10.54242,7.78,0.14,2.1,3.0
1758086926.12582,1758086926.09976,0.0,0.0,0.0,-30.76784,2.92208,9.4538,7.78,0.14,2.1,3.0
1758086926.14181,1758086926.10976,0.0,0.0,0.0,-30.99702,-0.85944,8.25059,7.61,-0.05,1.85,3.0
1758086926.14304,1758086926.11976,0.0,0.0,0.0,-30.48136,-2.92208,7.67763,7.61,-0.05,1.85,3.0
1758086926.1576,1758086926.12976,0.0,0.0,0.0,-29.22085,-4.35448,7.21927,7.75,-0.38,1.66,3.0
1758086926.15877,1758086926.13976,0.0,0.0,0.0,-27.44468,-5.32851,7.10468,7.75,-0.38,1.66,3.0
1758086926.17359,1758086926.14976,0.0,0.0,0.0,-24.00693,-6.24524,7.10468,8.11,-0.7,1.73,3.0
1758086926.19056,1758086926.15976,0.0,0.0,0.0,-21.37133,-6.87549,7.21927,8.39,-0.83,1.78,3.0
1758086926.19177,1758086926.16976,0.0,0.0,0.0,-18.56383,-7.04738,7.04738,8.39,-0.83,1.78,3.0
1758086926.20662,1758086926.17976,0.0,0.0,0.0,-15.98552,-6.58902,6.53172,8.54,-0.78,1.66,3.0
1758086926.20779,1758086926.18976,0.0,0.0,0.0,-12.14671,-4.58366,6.13065,8.54,-0.78,1.66,3.0
1758086926.22386,1758086926.19976,0.0,0.0,0.0,-9.96947,-2.92208,5.4431,8.93,-0.66,1.59,3.0
1758086926.24087,1758086926.20976,0.0,0.0,0.0,-8.25059,-1.03132,4.46907,8.93,-0.66,1.59,3.0
1758086926.24179,1758086926.21976,0.0,0.0,0.0,-6.13065,2.29183,2.97938,9.48,-0.55,1.72,3.0
1758086926.25692,1758086926.22976,0.0,0.0,0.0,-5.09932,4.69825,2.00535,9.87,-0.52,1.63,3.0
1758086926.25781,1758086926.23976,0.0,0.0,0.0,-4.46907,7.39116,1.08862,9.87,-0.52,1.63,3.0
1758086926.27366,1758086926.24976,0.0,0.0,0.0,-3.89611,10.19865,0.51566,9.96,-0.47,1.5,3.0
1758086926.28965,1758086926.25976,0.0,0.0,0.0,-3.32316,14.43854,-0.22918,9.96,-0.47,1.5,3.0
1758086926.29092,1758086926.26976,0.0,0.0,0.0,-2.92208,17.53251,-0.40107,9.96,-0.39,1.37,3.0
1758086926.30599,1758086926.27976,0.0,0.0,0.0,-2.57831,20.05352,-0.51566,9.96,-0.39,1.37,3.0
1758086926.32195,1758086926.28976,0.0,0.0,0.0,-2.11994,22.63183,-0.45837,10.14,-0.34,1.37,3.0
1758086926.32318,1758086926.29976,0.0,0.0,0.0,-1.3178,26.06958,-0.74485,10.47,-0.4,1.39,3.0
1758086926.33792,1758086926.30976,0.0,0.0,0.0,-0.68755,26.98631,-0.85944,10.47,-0.4,1.39,3.0
1758086926.33962,1758086926.31976,0.0,0.0,0.0,0.11459,26.47065,-1.3178,10.42,-0.54,1.33,3.0
1758086926.35491,1758086926.32976,0.0,0.0,0.0,0.85944,25.38203,-1.3178,10.42,-0.54,1.33,3.0
1758086926.37061,1758086926.33976,0.0,0.0,0.0,2.23454,28.07493,-1.71887,10.51,-0.73,1.14,3.0
1758086926.37193,1758086926.34976,0.0,0.0,0.0,3.32316,31.74186,-2.23454,10.51,-0.73,1.14,3.0
1758086926.38666,1758086926.35976,0.0,0.0,0.0,4.87014,35.00772,-2.63561,11.04,-0.9,1.04,3.0
1758086926.3879,1758086926.36976,0.0,0.0,0.0,6.70361,36.89849,-3.55234,11.04,-0.9,1.04,3.0
1758086926.40399,1758086926.37976,0.0,0.0,0.0,10.19865,28.93437,-4.35448,11.25,-1.06,1.45,3.0
1758086926.42095,1758086926.38976,0.0,0.0,0.0,13.12073,11.80293,-4.23989,10.43,-1.48,2.19,3.0
1758086926.42185,1758086926.39976,0.0,0.0,0.0,16.55848,-6.70361,-2.46372,10.43,-1.48,2.19,3.0
1758086926.43696,1758086926.40976,0.0,0.0,0.0,15.98552,-27.61657,-0.51566,11.29,-1.87,3.36,3.0
1758086926.43794,1758086926.41976,0.0,0.0,0.0,13.17803,-30.53865,0.40107,11.29,-1.87,3.36,3.0
1758086926.45404,1758086926.42976,0.0,0.0,0.0,11.86023,-17.99088,3.55234,14.08,-0.94,4.74,3.0
1758086926.46999,1758086926.43976,0.0,0.0,0.0,7.44845,-0.97403,4.64096,14.08,-0.94,4.74,3.0
1758086926.47093,1758086926.44976,0.0,0.0,0.0,2.11994,10.94349,5.09932,15.88,0.97,3.87,3.0
1758086926.48592,1758086926.45976,0.0,0.0,0.0,2.11994,9.28192,4.52637,13.76,1.29,3.02,3.0
1758086926.50178,1758086926.46976,0.0,0.0,0.0,3.60963,3.89611,2.92208,13.76,1.29,3.02,3.0
1758086926.5034,1758086926.47976,0.0,0.0,0.0,5.55769,-1.94806,0.68755,12.38,0.14,3.42,3.0
1758086926.51784,1758086926.48976,0.0,0.0,0.0,9.85487,-8.99544,-3.03668,12.38,0.14,3.42,3.0
1758086926.51943,1758086926.49976,0.0,0.0,0.0,13.00614,-12.60507,-4.29718,11.98,-1.13,4.21,3.0
1758086926.53404,1758086926.50976,0.0,0.0,0.0,15.58445,-14.20935,-4.87014,11.98,-1.13,4.21,3.0
1758086926.55008,1758086926.51976,0.0,0.0,0.0,17.58981,-12.60507,-5.09932,11.34,-1.51,3.9,3.0
1758086926.55137,1758086926.52976,0.0,0.0,0.0,20.68378,-8.30789,-5.61499,9.92,-1.08,3.16,3.0
1758086926.56576,1758086926.53976,0.0,0.0,0.0,22.91831,-6.13065,-5.90147,9.92,-1.08,3.16,3.0
1758086926.58176,1758086926.54976,0.0,0.0,0.0,25.15285,-6.41713,-6.41713,7.96,-0.56,3.18,3.0
1758086926.58297,1758086926.55976,0.0,0.0,0.0,28.01764,-7.16197,-5.55769,7.96,-0.56,3.18,3.0
1758086926.59803,1758086926.56976,0.0,0.0,0.0,30.59595,-24.75178,-6.47442,6.48,-0.19,3.48,3.0
1758086926.59923,1758086926.57976,0.0,0.0,0.0,31.28349,-40.85189,-4.58366,6.48,-0.19,3.48,3.0
1758086926.61473,1758086926.58976,0.0,0.0,0.0,31.62727,-50.53488,-2.06265,5.8,-0.11,3.65,3.0
1758086926.63101,1758086926.59976,0.0,0.0,0.0,31.28349,-49.96192,0.22918,5.8,-0.11,3.65,3.0
1758086926.63222,1758086926.60976,0.0,0.0,0.0,30.82513,-46.52417,1.3751,8.54,0.11,2.82,3.0
1758086926.64674,1758086926.61976,0.0,0.0,0.0,29.33544,-43.14373,1.43239,9.44,0.69,3.01,3.0
1758086926.64867,1758086926.62976,0.0,0.0,0.0,27.67386,-39.24761,0.85944,9.44,0.69,3.01,3.0
1758086926.66501,1758086926.63976,0.0,0.0,0.0,24.5226,-32.42941,-1.71887,9.17,1.01,2.95,3.0
1758086926.68103,1758086926.64976,0.0,0.0,0.0,22.05888,-27.84575,-4.46907,9.17,1.01,2.95,3.0
1758086926.682,1758086926.65976,0.0,0.0,0.0,19.48057,-22.97561,-7.73493,8.95,1.19,2.64,3.0
1758086926.69681,1758086926.66976,0.0,0.0,0.0,17.13144,-17.58981,-11.22997,8.95,1.19,2.64,3.0
1758086926.69798,1758086926.67976,0.0,0.0,0.0,14.09476,-9.5684,-15.64175,9.28,1.3,2.54,3.0
1758086926.71397,1758086926.68976,0.0,0.0,0.0,12.37589,-4.52637,-17.6471,9.62,1.22,2.31,3.0
1758086926.72993,1758086926.69976,0.0,0.0,0.0,11.00079,0.57296,-18.85031,9.62,1.22,2.31,3.0
1758086926.73099,1758086926.70976,0.0,0.0,0.0,9.85487,6.18794,-19.76705,9.67,0.94,2.13,3.0
1758086926.7461,1758086926.71976,0.0,0.0,0.0,9.22462,10.54242,-17.76169,9.67,0.94,2.13,3.0
1758086926.76179,1758086926.72976,0.0,0.0,0.0,9.4538,12.54778,-16.10011,9.51,0.57,2.27,3.0
1758086926.76301,1758086926.73976,0.0,0.0,0.0,9.62569,15.06879,-14.61043,9.51,0.57,2.27,3.0
1758086926.77796,1758086926.74976,0.0,0.0,0.0,10.02676,17.47521,-13.12073,9.32,0.33,2.22,3.0
1758086926.77894,1758086926.75976,0.0,0.0,0.0,11.45916,20.62648,-11.74564,8.98,0.25,2.17,3.0
1758086926.79391,1758086926.76976,0.0,0.0,0.0,12.89155,21.31403,-11.28727,8.98,0.25,2.17,3.0
1758086926.80975,1758086926.77976,0.0,0.0,0.0,14.43854,21.31403,-11.28727,8.51,0.33,2.36,3.0
1758086926.81116,1758086926.78976,0.0,0.0,0.0,17.24603,20.16812,-11.34457,8.51,0.33,2.36,3.0
1758086926.82576,1758086926.79976,0.0,0.0,0.0,19.07949,18.33465,-11.57375,8.23,0.39,2.36,3.0
1758086926.84195,1758086926.80976,0.0,0.0,0.0,21.02755,17.30333,-11.80293,8.23,0.39,2.36,3.0
1758086926.84302,1758086926.81976,0.0,0.0,0.0,22.63183,15.87093,-11.91752,7.99,0.42,2.14,3.0
1758086926.85792,1758086926.82976,0.0,0.0,0.0,25.09555,11.80293,-11.34457,7.99,0.42,2.14,3.0
1758086926.8593,1758086926.83976,0.0,0.0,0.0,26.47065,8.36518,-11.00079,7.58,0.45,2.02,3.0
1758086926.87392,1758086926.84976,0.0,0.0,0.0,27.67386,4.35448,-9.96947,7.39,0.52,2.03,3.0
1758086926.88992,1758086926.85976,0.0,0.0,0.0,28.59059,-0.11459,-9.22462,7.39,0.52,2.03,3.0
1758086926.891,1758086926.86976,0.0,0.0,0.0,28.87707,-5.78687,-8.30789,7.48,0.67,2.12,3.0
1758086926.90601,1758086926.87976,0.0,0.0,0.0,28.476,-8.59437,-8.30789,7.48,0.67,2.12,3.0
1758086926.94494,1758086926.88976,0.0,0.0,0.0,28.07493,-10.08406,-8.42248,7.9,0.91,2.05,3.0
1758086926.94592,1758086926.89976,0.0,0.0,0.0,27.38738,-10.8862,-8.93814,7.9,0.91,2.05,3.0
1758086926.94655,1758086926.90976,0.0,0.0,0.0,26.12688,-10.8289,-9.74028,8.27,1.21,1.85,3.0
1758086926.94854,1758086926.91976,0.0,0.0,0.0,25.26744,-10.02676,-10.19865,8.56,1.35,1.73,3.0
1758086926.95031,1758086926.92976,0.0,0.0,0.0,24.35071,-8.93814,-10.48513,8.56,1.35,1.73,3.0
1758086926.96585,1758086926.93976,0.0,0.0,0.0,23.72045,-7.39116,-10.08406,8.81,1.32,1.56,3.0
1758086926.98205,1758086926.94976,0.0,0.0,0.0,22.63183,-3.49504,-8.59437,8.81,1.32,1.56,3.0
1758086926.98304,1758086926.95976,0.0,0.0,0.0,22.34536,0.22918,-6.8182,9.28,1.17,1.5,3.0
1758086926.99795,1758086926.96976,0.0,0.0,0.0,22.00158,4.29718,-4.87014,9.28,1.17,1.5,3.0
1758086926.99936,1758086926.97976,0.0,0.0,0.0,21.88699,8.42248,-2.11994,9.66,1.0,1.54,3.0
1758086927.01379,1758086926.98976,0.0,0.0,0.0,22.05888,15.0115,-0.22918,9.93,0.94,1.58,3.0
1758086927.03002,1758086926.99976,0.0,0.0,0.0,22.05888,19.53786,1.03132,9.93,0.94,1.58,3.0
1758086927.03131,1758086927.00976,0.0,0.0,0.0,22.28806,23.0902,1.83346,10.09,1.0,1.57,3.0
1758086927.04599,1758086927.01976,0.0,0.0,0.0,22.23076,27.96034,2.40642,10.09,1.0,1.57,3.0
1758086927.06182,1758086927.02976,0.0,0.0,0.0,22.05888,30.19488,2.86479,10.09,1.12,1.53,3.0
1758086927.06304,1758086927.03976,0.0,0.0,0.0,21.6578,32.08564,3.38045,10.09,1.12,1.53,3.0
1758086927.078,1758086927.04976,0.0,0.0,0.0,20.85567,33.51803,3.95341,9.94,1.26,1.45,3.0
1758086927.07905,1758086927.05976,0.0,0.0,0.0,19.48057,35.06502,4.81285,9.8,1.26,1.42,3.0
1758086927.09383,1758086927.06976,0.0,0.0,0.0,18.33465,34.89313,5.4431,9.8,1.39,1.42,3.0
1758086927.11083,1758086927.07976,0.0,0.0,0.0,17.13144,32.83048,5.4431,9.58,1.52,1.66,3.0
1758086927.11205,1758086927.08976,0.0,0.0,0.0,15.87093,29.10626,5.50039,9.58,1.52,1.66,3.0
1758086927.12791,1758086927.09976,0.0,0.0,0.0,13.12073,25.26744,4.58366,9.57,1.65,1.85,3.0
1758086927.1292,1758086927.10976,0.0,0.0,0.0,11.00079,24.98096,3.49504,9.57,1.65,1.85,3.0
1758086927.14412,1758086927.11976,0.0,0.0,0.0,8.76626,26.35606,2.11994,9.99,1.77,1.83,3.0
1758086927.16016,1758086927.12976,0.0,0.0,0.0,6.24524,28.07493,0.80214,9.99,1.77,1.83,3.0
1758086927.16105,1758086927.13976,0.0,0.0,0.0,2.29183,28.64789,-0.74485,10.19,1.87,1.92,3.0
1758086927.176,1758086927.14976,0.0,0.0,0.0,-0.74485,27.84575,-1.77617,10.05,1.95,1.85,3.0
1758086927.19221,1758086927.15976,0.0,0.0,0.0,-3.55234,25.61122,-2.57831,10.05,1.95,1.85,3.0
1758086927.19661,1758086927.16976,0.0,0.0,0.0,-6.24524,21.7724,-2.06265,9.92,1.92,1.7,3.0
1758086927.21201,1758086927.17976,0.0,0.0,0.0,-8.25059,17.76169,0.0573,9.92,1.92,1.7,3.0
1758086927.21306,1758086927.18976,0.0,0.0,0.0,-7.73493,8.136,3.09397,9.97,1.65,2.05,3.0
1758086927.22897,1758086927.19976,0.0,0.0,0.0,-8.65166,-8.30789,3.60963,9.97,1.65,2.05,3.0
1758086927.2301,1758086927.20976,0.0,0.0,0.0,-5.27121,-26.69983,2.63561,9.14,1.52,3.0,3.0
1758086927.24495,1758086927.21976,0.0,0.0,0.0,-1.71887,-32.08564,-0.0573,11.33,1.26,3.9,3.0
1758086927.26118,1758086927.22976,0.0,0.0,0.0,1.77617,-32.54401,-3.72423,11.33,1.26,3.9,3.0
1758086927.26211,1758086927.23976,0.0,0.0,0.0,5.27121,-32.20023,-8.76626,13.74,0.5,3.94,3.0
1758086927.27723,1758086927.24976,0.0,0.0,0.0,7.96411,-19.53786,-13.69369,13.74,0.5,3.94,3.0
1758086927.27812,1758086927.25976,0.0,0.0,0.0,7.79223,-9.74028,-13.23533,14.66,0.49,2.96,3.0
1758086927.29394,1758086927.26976,0.0,0.0,0.0,5.95876,-1.71887,-11.91752,14.66,0.49,2.96,3.0
1758086927.30999,1758086927.27976,0.0,0.0,0.0,2.6929,0.97403,-8.65166,13.65,1.68,3.11,3.0
1758086927.31187,1758086927.28976,0.0,0.0,0.0,-4.23989,-1.83346,-2.23454,12.59,2.86,3.97,3.0
1758086927.32721,1758086927.29976,0.0,0.0,0.0,-9.22462,-4.23989,2.6929,12.59,2.86,3.97,3.0
1758086927.32807,1758086927.30976,0.0,0.0,0.0,-13.80828,-8.0787,6.8182,12.04,3.02,4.07,3.0
1758086927.34415,1758086927.31976,0.0,0.0,0.0,-17.93358,-9.96947,10.54242,12.04,3.02,4.07,3.0
1758086927.36094,1758086927.32976,0.0,0.0,0.0,-22.40265,-9.74028,14.66772,11.32,2.36,3.76,3.0
1758086927.36209,1758086927.33976,0.0,0.0,0.0,-24.29341,-10.37054,16.84496,11.32,2.36,3.76,3.0
1758086927.3772,1758086927.34976,0.0,0.0,0.0,-25.8404,-10.94349,17.93358,9.68,1.52,3.21,3.0
1758086927.37808,1758086927.35976,0.0,0.0,0.0,-26.87172,-10.94349,18.16276,9.68,1.52,3.21,3.0
1758086927.39495,1758086927.36976,0.0,0.0,0.0,-28.36141,-12.54778,16.67307,8.17,0.97,3.01,3.0
1758086927.43998,1758086927.37976,0.0,0.0,0.0,-29.50733,-14.15206,14.49583,7.21,0.7,3.06,3.0
1758086927.44122,1758086927.38976,0.0,0.0,0.0,-30.76784,-15.46986,11.97482,7.21,0.7,3.06,3.0
1758086927.44271,1758086927.39976,0.0,0.0,0.0,-32.54401,-18.56383,8.47978,7.23,0.57,3.32,3.0
1758086927.44499,1758086927.40976,0.0,0.0,0.0,-33.17426,-20.45459,6.99009,7.23,0.57,3.32,3.0
1758086927.44542,1758086927.41976,0.0,0.0,0.0,-33.68992,-22.68913,5.78687,7.64,0.46,3.4,3.0
1758086927.46124,1758086927.42976,0.0,0.0,0.0,-33.51803,-23.31938,5.4431,7.64,0.46,3.4,3.0
1758086927.4621,1758086927.43976,0.0,0.0,0.0,-32.48671,-23.37668,4.92744,8.11,0.25,3.14,3.0
1758086927.47724,1758086927.44976,0.0,0.0,0.0,-31.51268,-22.74642,4.92744,8.44,-0.04,3.03,3.0
1758086927.47811,1758086927.45976,0.0,0.0,0.0,-30.19488,-21.94428,5.09932,8.44,-0.04,3.03,3.0
1758086927.49397,1758086927.46976,0.0,0.0,0.0,-28.70519,-20.85567,5.09932,8.58,-0.28,2.99,3.0
1758086927.51092,1758086927.47976,0.0,0.0,0.0,-26.47065,-18.62113,6.07335,8.58,-0.28,2.99,3.0
1758086927.51242,1758086927.48976,0.0,0.0,0.0,-25.15285,-17.13144,6.70361,8.75,-0.29,2.83,3.0
1758086927.52725,1758086927.49976,0.0,0.0,0.0,-24.23611,-15.46986,7.79223,8.75,-0.29,2.83,3.0
1758086927.52812,1758086927.50976,0.0,0.0,0.0,-23.49127,-13.86558,8.76626,9.01,-0.18,2.74,3.0
1758086927.54421,1758086927.51976,0.0,0.0,0.0,-22.68913,-10.8289,10.31324,9.25,-0.04,2.53,3.0
1758086927.56023,1758086927.52976,0.0,0.0,0.0,-22.51724,-8.99544,11.17268,9.25,-0.04,2.53,3.0
1758086927.56118,1758086927.53976,0.0,0.0,0.0,-22.05888,-7.39116,12.08941,9.26,0.01,2.37,3.0
1758086927.57624,1758086927.54976,0.0,0.0,0.0,-21.60051,-5.61499,12.60507,9.26,0.01,2.37,3.0
1758086927.59227,1758086927.55976,0.0,0.0,0.0,-20.85567,-2.57831,13.5218,9.36,-0.02,2.29,3.0
1758086927.59262,1758086927.56976,0.0,0.0,0.0,-20.34,-0.34377,13.80828,9.36,-0.02,2.29,3.0
1758086927.60828,1758086927.57976,0.0,0.0,0.0,-20.05352,1.3178,13.98017,9.31,-0.03,2.21,3.0
1758086927.60918,1758086927.58976,0.0,0.0,0.0,-19.99623,2.57831,13.98017,9.31,-0.03,2.21,3.0
1758086927.62434,1758086927.59976,0.0,0.0,0.0,-20.22541,4.23989,13.75099,9.04,0.04,2.18,3.0
1758086927.64008,1758086927.60976,0.0,0.0,0.0,-20.85567,4.98473,13.5218,8.88,0.1,2.21,3.0
1758086927.64122,1758086927.61976,0.0,0.0,0.0,-21.7151,5.78687,13.12073,8.88,0.1,2.21,3.0
1758086927.65602,1758086927.62976,0.0,0.0,0.0,-23.37668,5.55769,12.43318,8.72,0.13,2.11,3.0
1758086927.67307,1758086927.63976,0.0,0.0,0.0,-24.98096,5.55769,11.86023,8.72,0.13,2.11,3.0
1758086927.67344,1758086927.64976,0.0,0.0,0.0,-26.52795,5.32851,11.51645,8.58,0.13,2.0,3.0
1758086927.69001,1758086927.65976,0.0,0.0,0.0,-28.07493,4.64096,11.00079,8.58,0.13,2.0,3.0
1758086927.69128,1758086927.66976,0.0,0.0,0.0,-29.9084,3.55234,10.31324,8.49,0.09,1.93,3.0
1758086927.70604,1758086927.67976,0.0,0.0,0.0,-30.88243,2.46372,9.96947,8.48,-0.01,1.84,3.0
1758086927.72202,1758086927.68976,0.0,0.0,0.0,-31.2262,1.60428,9.68299,8.48,-0.01,1.84,3.0
1758086927.72285,1758086927.69976,0.0,0.0,0.0,-31.16891,0.80214,9.5684,8.58,-0.22,1.72,3.0
1758086927.73798,1758086927.70976,0.0,0.0,0.0,-30.02299,0.34377,9.68299,8.58,-0.22,1.72,3.0
1758086927.73923,1758086927.71976,0.0,0.0,0.0,-28.87707,0.22918,9.68299,8.73,-0.48,1.61,3.0
1758086927.75432,1758086927.72976,0.0,0.0,0.0,-27.1582,0.97403,9.91217,8.73,-0.48,1.61,3.0
1758086927.77031,1758086927.73976,0.0,0.0,0.0,-25.72581,2.6929,9.11003,8.89,-0.63,1.55,3.0
1758086927.77153,1758086927.74976,0.0,0.0,0.0,-23.31938,2.92208,7.10468,8.71,-0.6,1.58,3.0
1758086927.78602,1758086927.75976,0.0,0.0,0.0,-21.6578,1.48969,5.55769,8.71,-0.6,1.58,3.0
1758086927.80237,1758086927.76976,0.0,0.0,0.0,-20.11082,1.3178,4.46907,8.72,-0.56,1.61,3.0
1758086927.80275,1758086927.77976,0.0,0.0,0.0,-18.85031,2.11994,2.86479,8.72,-0.56,1.61,3.0
1758086927.81803,1758086927.78976,0.0,0.0,0.0,-17.30333,4.69825,1.77617,9.17,-0.54,1.55,3.0
1758086927.81936,1758086927.79976,0.0,0.0,0.0,-16.38659,6.07335,0.85944,9.17,-0.54,1.55,3.0
1758086927.83403,1758086927.80976,0.0,0.0,0.0,-15.98552,6.8182,0.0,9.24,-0.49,1.63,3.0
1758086927.85004,1758086927.81976,0.0,0.0,0.0,-15.46986,8.0787,-1.14592,9.24,-0.49,1.63,3.0
1758086927.85129,1758086927.82976,0.0,0.0,0.0,-15.41257,8.65166,-1.94806,9.22,-0.4,1.54,3.0
1758086927.86609,1758086927.83976,0.0,0.0,0.0,-15.29797,9.62569,-2.46372,9.41,-0.33,1.56,3.0
1758086927.88207,1758086927.84976,0.0,0.0,0.0,-15.06879,10.31324,-2.97938,9.41,-0.33,1.56,3.0
1758086927.88269,1758086927.85976,0.0,0.0,0.0,-15.06879,11.22997,-4.18259,9.61,-0.26,1.6,3.0
1758086927.89805,1758086927.86976,0.0,0.0,0.0,-14.78231,12.54778,-4.87014,9.61,-0.26,1.6,3.0
1758086927.89971,1758086927.87976,0.0,0.0,0.0,-14.66772,13.5791,-5.50039,9.66,-0.22,1.58,3.0
1758086927.91403,1758086927.88976,0.0,0.0,0.0,-14.38124,14.49583,-6.13065,9.66,-0.22,1.58,3.0
1758086927.93003,1758086927.89976,0.0,0.0,0.0,-13.98017,15.46986,-7.10468,9.61,-0.25,1.58,3.0
1758086927.9313,1758086927.90976,0.0,0.0,0.0,-13.23533,16.55848,-7.62034,9.79,-0.35,1.66,3.0
1758086927.94656,1758086927.91976,0.0,0.0,0.0,-12.2613,16.50119,-7.44845,9.79,-0.35,1.66,3.0
1758086927.96206,1758086927.92976,0.0,0.0,0.0,-11.34457,15.69904,-7.16197,9.78,-0.51,1.56,3.0
1758086927.96263,1758086927.93976,0.0,0.0,0.0,-9.5684,18.73572,-5.95876,9.78,-0.51,1.56,3.0
1758086927.97866,1758086927.94976,0.0,0.0,0.0,-8.0787,22.28806,-4.98473,10.14,-0.7,1.43,3.0
1758086927.97925,1758086927.95976,0.0,0.0,0.0,-6.18794,24.86637,-3.89611,10.14,-0.7,1.43,3.0
1758086927.99502,1758086927.96976,0.0,0.0,0.0,-4.23989,26.47065,-2.57831,10.35,-0.88,1.53,3.0
1758086928.01127,1758086927.97976,0.0,0.0,0.0,-1.14592,26.52795,-2.00535,10.51,-1.03,1.58,3.0
1758086928.01164,1758086927.98976,0.0,0.0,0.0,1.03132,25.72581,-2.29183,10.51,-1.03,1.58,3.0
1758086928.02731,1758086927.99976,0.0,0.0,0.0,3.26586,23.89234,-2.7502,10.65,-1.12,1.62,3.0
1758086928.02823,1758086928.00976,0.0,0.0,0.0,6.24524,10.71431,-5.15662,10.65,-1.12,1.62,3.0
1758086928.04329,1758086928.01976,0.0,0.0,0.0,8.47978,-11.17268,-5.72958,9.7,-1.21,2.25,3.0
1758086928.05931,1758086928.02976,0.0,0.0,0.0,8.65166,-25.15285,-8.0787,9.7,-1.21,2.25,3.0
1758086928.06053,1758086928.03976,0.0,0.0,0.0,6.41713,-24.23611,-11.91752,10.3,-1.28,3.12,3.0
1758086928.07509,1758086928.04976,0.0,0.0,0.0,6.13065,-9.05273,-11.28727,10.3,-1.28,4.22,3.0
1758086928.09131,1758086928.05976,0.0,0.0,0.0,5.27121,1.3751,-8.47978,14.49,-0.98,4.22,3.0
1758086928.09165,1758086928.06976,0.0,0.0,0.0,4.35448,9.68299,-4.81285,15.29,-0.26,3.85,3.0
1758086928.10736,1758086928.07976,0.0,0.0,0.0,3.20856,15.87093,-1.83346,15.29,-0.26,3.85,3.0
1758086928.10856,1758086928.08976,0.0,0.0,0.0,1.94806,14.43854,0.85944,14.17,0.38,3.39,3.0
1758086928.12336,1758086928.09976,0.0,0.0,0.0,2.57831,9.62569,1.60428,14.17,0.38,3.39,3.0
1758086928.14041,1758086928.10976,0.0,0.0,0.0,3.32316,3.38045,1.3178,12.98,0.29,3.22,3.0
1758086928.14132,1758086928.11976,0.0,0.0,0.0,4.92744,-4.29718,0.97403,12.98,0.29,3.22,3.0
1758086928.15638,1758086928.12976,0.0,0.0,0.0,7.67763,-12.43318,-0.11459,12.43,-0.53,3.81,3.0
1758086928.15731,1758086928.13976,0.0,0.0,0.0,9.62569,-13.69369,-0.74485,12.11,-1.16,3.87,3.0
1758086928.17264,1758086928.14976,0.0,0.0,0.0,11.17268,-12.08941,-1.66158,12.11,-1.16,3.87,3.0
1758086928.18843,1758086928.15976,0.0,0.0,0.0,13.34992,-10.37054,-2.46372,11.32,-1.32,3.64,3.0
1758086928.18934,1758086928.16976,0.0,0.0,0.0,16.3293,-8.30789,-4.64096,11.32,-1.32,3.64,3.0
1758086928.2044,1758086928.17976,0.0,0.0,0.0,18.16276,-9.33921,-6.07335,9.63,-1.04,3.49,3.0
1758086928.22022,1758086928.18976,0.0,0.0,0.0,19.53786,-10.59972,-7.44845,9.63,-1.04,3.49,3.0
1758086928.22135,1758086928.19976,0.0,0.0,0.0,20.97026,-13.23533,-8.36518,7.94,-0.54,3.64,3.0
1758086928.23717,1758086928.20976,0.0,0.0,0.0,21.14215,-15.46986,-8.88085,7.04,-0.23,3.79,3.0
1758086928.23867,1758086928.21976,0.0,0.0,0.0,21.02755,-18.85031,-8.70896,7.04,-0.23,3.79,3.0
1758086928.25341,1758086928.22976,0.0,0.0,0.0,20.3973,-23.54857,-8.70896,6.81,0.0,3.85,3.0
1758086928.26943,1758086928.23976,0.0,0.0,0.0,18.90761,-29.33544,-8.36518,6.81,0.0,3.85,3.0
1758086928.27062,1758086928.24976,0.0,0.0,0.0,17.99088,-30.59595,-8.70896,7.41,0.28,3.43,3.0
1758086928.28519,1758086928.25976,0.0,0.0,0.0,17.47521,-30.36677,-8.59437,7.41,0.28,3.43,3.0
1758086928.28661,1758086928.26976,0.0,0.0,0.0,16.84496,-29.8511,-8.99544,8.33,0.55,3.12,3.0
1758086928.30172,1758086928.27976,0.0,0.0,0.0,16.73037,-27.38738,-10.19865,8.79,0.75,3.08,3.0
1758086928.31744,1758086928.28976,0.0,0.0,0.0,17.01685,-25.8404,-10.8862,8.79,0.75,3.08,3.0
1758086928.31835,1758086928.29976,0.0,0.0,0.0,17.24603,-23.37668,-11.97482,9.17,0.81,3.04,3.0
1758086928.33323,1758086928.30976,0.0,0.0,0.0,17.13144,-20.79837,-13.12073,9.17,0.81,3.04,3.0
1758086928.34923,1758086928.31976,0.0,0.0,0.0,16.95955,-16.73037,-14.72501,9.42,0.8,2.89,3.0
1758086928.35066,1758086928.32976,0.0,0.0,0.0,16.272,-13.46451,-15.69904,9.42,0.8,2.89,3.0
1758086928.36522,1758086928.33976,0.0,0.0,0.0,15.41257,-9.4538,-16.272,9.55,0.77,2.73,3.0
1758086928.36681,1758086928.34976,0.0,0.0,0.0,14.09476,-5.15662,-16.38659,9.55,0.77,2.73,3.0
1758086928.38179,1758086928.35976,0.0,0.0,0.0,11.80293,-0.34377,-16.55848,9.54,0.79,2.59,3.0
1758086928.39743,1758086928.36976,0.0,0.0,0.0,9.4538,2.92208,-16.90226,9.17,0.91,2.54,3.0
1758086928.3984,1758086928.37976,0.0,0.0,0.0,7.62034,4.92744,-16.95955,9.17,0.91,2.54,3.0
1758086928.41342,1758086928.38976,0.0,0.0,0.0,5.15662,7.21927,-17.01685,8.98,0.95,2.47,3.0
1758086928.4295,1758086928.39976,0.0,0.0,0.0,3.83882,8.47978,-17.24603,8.98,0.95,2.47,3.0
1758086928.43043,1758086928.40976,0.0,0.0,0.0,3.03668,8.0787,-17.24603,8.75,0.91,2.51,3.0
1758086928.44576,1758086928.41976,0.0,0.0,0.0,2.97938,7.84952,-17.76169,8.75,0.91,2.51,3.0
1758086928.44642,1758086928.42976,0.0,0.0,0.0,3.49504,7.84952,-17.76169,8.76,0.85,2.61,3.0
1758086928.46355,1758086928.43976,0.0,0.0,0.0,4.58366,7.50575,-17.81899,8.83,0.73,2.71,3.0
1758086928.47938,1758086928.44976,0.0,0.0,0.0,6.24524,6.7609,-17.53251,8.83,0.73,2.71,3.0
1758086928.48124,1758086928.45976,0.0,0.0,0.0,8.36518,5.78687,-17.01685,8.72,0.58,2.72,3.0
1758086928.49622,1758086928.46976,0.0,0.0,0.0,12.08941,4.18259,-15.92823,8.72,0.58,2.72,3.0
1758086928.49743,1758086928.47976,0.0,0.0,0.0,14.9542,2.92208,-15.06879,8.63,0.42,2.62,3.0
1758086928.51282,1758086928.48976,0.0,0.0,0.0,17.76169,1.08862,-14.38124,8.63,0.42,2.62,3.0
1758086928.52823,1758086928.49976,0.0,0.0,0.0,20.11082,-0.74485,-13.46451,8.46,0.34,2.5,3.0
1758086928.52946,1758086928.50976,0.0,0.0,0.0,22.68913,-1.94806,-11.91752,8.5,0.39,2.32,3.0
1758086928.54454,1758086928.51976,0.0,0.0,0.0,24.12152,-3.20856,-11.11538,8.5,0.39,2.32,3.0
1758086928.56055,1758086928.52976,0.0,0.0,0.0,24.63719,-4.92744,-9.91217,8.25,0.62,2.2,3.0
1758086928.56143,1758086928.53976,0.0,0.0,0.0,25.15285,-6.24524,-9.28192,8.25,0.62,2.2,3.0
1758086928.57641,1758086928.54976,0.0,0.0,0.0,24.5226,-7.84952,-7.84952,8.14,0.96,2.07,3.0
1758086928.57745,1758086928.55976,0.0,0.0,0.0,23.49127,-9.05273,-6.87549,8.14,0.96,2.07,3.0
1758086928.59286,1758086928.56976,0.0,0.0,0.0,22.00158,-9.62569,-6.13065,8.17,1.29,2.13,3.0
1758086928.60849,1758086928.57976,0.0,0.0,0.0,19.99623,-8.25059,-5.32851,8.17,1.29,2.13,3.0
1758086928.60977,1758086928.58976,0.0,0.0,0.0,16.90226,-5.84417,-4.98473,8.49,1.54,2.02,3.0
1758086928.62532,1758086928.59976,0.0,0.0,0.0,15.0115,-5.78687,-4.87014,8.4,1.65,1.83,3.0
1758086928.62653,1758086928.60976,0.0,0.0,0.0,13.12073,-5.09932,-5.09932,8.4,1.65,1.83,3.0
1758086928.64256,1758086928.61976,0.0,0.0,0.0,10.37054,-2.34913,-5.21392,8.59,1.66,1.78,3.0
1758086928.65856,1758086928.62976,0.0,0.0,0.0,9.05273,-0.57296,-4.98473,8.59,1.66,1.78,3.0
1758086928.65951,1758086928.63976,0.0,0.0,0.0,7.84952,0.51566,-4.87014,8.81,1.55,1.77,3.0
1758086928.67432,1758086928.64976,0.0,0.0,0.0,7.10468,2.11994,-4.58366,8.81,1.55,1.77,3.0
1758086928.69058,1758086928.65976,0.0,0.0,0.0,6.7609,5.09932,-4.29718,8.95,1.4,1.78,3.0
1758086928.69154,1758086928.66976,0.0,0.0,0.0,6.87549,7.50575,-4.0107,9.18,1.26,1.76,3.0
1758086928.70631,1758086928.67976,0.0,0.0,0.0,7.33386,10.71431,-4.29718,9.18,1.26,1.76,3.0
1758086928.70751,1758086928.68976,0.0,0.0,0.0,7.84952,13.17803,-4.1253,9.42,1.2,1.77,3.0
1758086928.72287,1758086928.69976,0.0,0.0,0.0,8.70896,16.272,-3.49504,9.42,1.2,1.77,3.0
1758086928.73933,1758086928.70976,0.0,0.0,0.0,9.05273,19.42327,-3.03668,9.66,1.21,1.79,3.0
1758086928.74059,1758086928.71976,0.0,0.0,0.0,9.05273,22.00158,-2.34913,9.66,1.21,1.79,3.0
1758086928.75536,1758086928.72976,0.0,0.0,0.0,8.99544,23.66316,-1.3751,9.79,1.32,1.8,3.0
1758086928.75689,1758086928.73976,0.0,0.0,0.0,8.42248,25.55392,0.51566,9.62,1.45,1.8,3.0
1758086928.77264,1758086928.74976,0.0,0.0,0.0,7.44845,26.69983,1.94806,9.62,1.45,1.8,3.0
1758086928.78861,1758086928.75976,0.0,0.0,0.0,6.58902,27.38738,3.32316,9.57,1.53,1.79,3.0
1758086928.78953,1758086928.76976,0.0,0.0,0.0,5.61499,28.13223,5.15662,9.57,1.53,1.79,3.0
1758086928.80467,1758086928.77976,0.0,0.0,0.0,3.95341,27.78845,5.72958,9.6,1.6,2.0,3.0
1758086928.8206,1758086928.78976,0.0,0.0,0.0,2.57831,25.49662,6.13065,9.6,1.6,2.0,3.0
1758086928.82155,1758086928.79976,0.0,0.0,0.0,1.08862,22.34536,5.84417,9.42,1.62,2.09,3.0
1758086928.83665,1758086928.80976,0.0,0.0,0.0,-1.66158,17.18874,4.98473,9.42,1.62,2.09,3.0
1758086928.8376,1758086928.81976,0.0,0.0,0.0,-3.95341,14.32395,3.89611,9.46,1.62,2.22,3.0
1758086928.85237,1758086928.82976,0.0,0.0,0.0,-6.35983,12.204,2.57831,9.43,1.69,2.07,3.0
1758086928.86837,1758086928.83976,0.0,0.0,0.0,-8.76626,10.59972,1.83346,9.43,1.69,2.07,3.0
1758086928.86959,1758086928.84976,0.0,0.0,0.0,-13.23533,8.59437,0.97403,9.54,1.74,2.05,3.0
1758086928.88542,1758086928.85976,0.0,0.0,0.0,-16.55848,6.41713,0.51566,9.54,1.74,2.05,3.0
1758086928.88665,1758086928.86976,0.0,0.0,0.0,-19.70975,4.92744,0.17189,9.54,1.81,1.93,3.0
1758086928.90262,1758086928.87976,0.0,0.0,0.0,-22.91831,4.23989,-0.11459,9.54,1.81,1.93,3.0
1758086928.9184,1758086928.88976,0.0,0.0,0.0,-27.73116,5.55769,-0.45837,9.78,1.86,1.86,3.0
1758086928.91988,1758086928.89976,0.0,0.0,0.0,-30.25217,6.53172,-0.34377,10.04,1.8,1.77,3.0
1758086928.93469,1758086928.90975,0.0,0.0,0.0,-31.11161,3.66693,0.97403,10.04,1.8,1.77,3.0
1758086928.95072,1758086928.91975,0.0,0.0,0.0,-29.22085,-3.38045,2.40642,9.51,1.54,2.53,3.0
1758086928.95164,1758086928.92975,0.0,0.0,0.0,-25.15285,-20.05352,4.1253,9.51,1.54,2.53,3.0
1758086928.96664,1758086928.93975,0.0,0.0,0.0,-23.31938,-43.31561,-0.17189,9.21,1.12,2.54,3.0
1758086928.96868,1758086928.94975,0.0,0.0,0.0,-18.90761,-58.09792,-2.97938,9.21,1.12,2.54,3.0
1758086928.9837,1758086928.95975,0.0,0.0,0.0,-15.12609,-60.96271,-5.78687,10.55,0.37,2.79,3.0
1758086928.99965,1758086928.96975,0.0,0.0,0.0,-11.45916,-28.24682,-10.31324,15.69,-0.01,2.08,3.0
1758086929.00058,1758086928.97975,0.0,0.0,0.0,-12.2613,3.60963,-15.41257,15.69,-0.01,2.08,3.0
1758086929.01566,1758086928.98975,0.0,0.0,0.0,-12.71966,19.53786,-17.6471,15.75,0.48,2.14,3.0
1758086929.01685,1758086928.99975,0.0,0.0,0.0,-14.43854,19.19409,-17.18874,15.75,0.48,2.14,3.0
1758086929.03241,1758086929.00975,0.0,0.0,0.0,-15.87093,16.04282,-14.09476,12.04,1.87,2.79,3.0
1758086929.04873,1758086929.01975,0.0,0.0,0.0,-17.6471,13.86558,-9.5684,12.04,1.87,2.79,3.0
1758086929.04964,1758086929.02975,0.0,0.0,0.0,-19.48057,15.29797,-4.69825,12.51,2.42,2.95,3.0
1758086929.06471,1758086929.03975,0.0,0.0,0.0,-21.31403,19.36597,0.85944,12.51,2.42,2.95,3.0
1758086929.08072,1758086929.04975,0.0,0.0,0.0,-22.00158,22.40265,3.20856,13.44,2.37,3.4,3.0
1758086929.0816,1758086929.05975,0.0,0.0,0.0,-21.88699,24.75178,4.64096,12.57,1.93,3.46,3.0
1758086929.0967,1758086929.06975,0.0,0.0,0.0,-21.31403,24.98096,5.90147,12.57,1.93,3.46,3.0
1758086929.09766,1758086929.07975,0.0,0.0,0.0,-20.16812,20.74107,7.10468,10.56,1.36,3.25,3.0
1758086929.11246,1758086929.08975,0.0,0.0,0.0,-20.05352,16.38659,7.16197,10.56,1.36,3.25,3.0
1758086929.12844,1758086929.09975,0.0,0.0,0.0,-20.05352,11.28727,6.87549,8.89,0.88,3.12,3.0
1758086929.14371,1758086929.10975,0.0,0.0,0.0,-20.74107,5.90147,5.90147,8.89,0.88,3.12,3.0
1758086929.14443,1758086929.11975,0.0,0.0,0.0,-21.88699,-1.77617,4.69825,7.83,0.63,3.25,3.0
1758086929.16076,1758086929.12975,0.0,0.0,0.0,-22.68913,-10.02676,4.1253,6.98,0.58,3.36,3.0
1758086929.16166,1758086929.13975,0.0,0.0,0.0,-23.37668,-16.55848,4.23989,6.98,0.58,3.36,3.0
1758086929.17674,1758086929.14975,0.0,0.0,0.0,-23.66316,-20.05352,4.58366,7.09,0.67,3.33,3.0
1758086929.17768,1758086929.15975,0.0,0.0,0.0,-23.31938,-23.89234,6.07335,7.09,0.67,3.33,3.0
1758086929.19264,1758086929.16975,0.0,0.0,0.0,-22.63183,-27.33009,7.16197,7.44,0.65,3.27,3.0
1758086929.20873,1758086929.17975,0.0,0.0,0.0,-21.7151,-31.2262,8.36518,7.44,0.65,3.27,3.0
1758086929.20973,1758086929.18975,0.0,0.0,0.0,-19.99623,-35.2942,9.96947,7.61,0.54,3.23,3.0
1758086929.22472,1758086929.19975,0.0,0.0,0.0,-18.44924,-41.94051,10.8862,7.91,0.27,3.06,3.0
1758086929.24076,1758086929.20975,0.0,0.0,0.0,-16.55848,-45.83662,11.17268,7.91,0.27,3.06,3.0
1758086929.24173,1758086929.21975,0.0,0.0,0.0,-14.32395,-47.78468,10.71431,8.47,0.0,3.02,3.0
1758086929.25678,1758086929.22975,0.0,0.0,0.0,-11.91752,-46.98254,10.65701,8.47,0.0,3.02,3.0
1758086929.25772,1758086929.23975,0.0,0.0,0.0,-10.8862,-45.14908,10.31324,9.01,0.09,2.92,3.0
1758086929.2728,1758086929.24975,0.0,0.0,0.0,-10.37054,-42.62806,9.91217,9.01,0.09,2.92,3.0
1758086929.28846,1758086929.25975,0.0,0.0,0.0,-10.37054,-40.68,9.68299,9.23,0.39,2.96,3.0
1758086929.2897,1758086929.26975,0.0,0.0,0.0,-11.28727,-37.75792,9.4538,9.1,0.59,2.75,3.0
1758086929.30451,1758086929.27975,0.0,0.0,0.0,-12.14671,-35.2369,9.74028,9.1,0.59,2.75,3.0
1758086929.32045,1758086929.28975,0.0,0.0,0.0,-13.00614,-31.97105,10.25595,9.06,0.57,2.56,3.0
1758086929.32166,1758086929.29975,0.0,0.0,0.0,-13.86558,-28.476,11.00079,9.06,0.57,2.56,3.0
1758086929.33675,1758086929.30975,0.0,0.0,0.0,-14.72501,-23.20479,12.60507,9.04,0.37,2.38,3.0
1758086929.33766,1758086929.31975,0.0,0.0,0.0,-14.9542,-19.36597,13.69369,9.04,0.37,2.38,3.0
1758086929.35282,1758086929.32975,0.0,0.0,0.0,-15.12609,-15.12609,14.78231,9.1,0.15,2.25,3.0
1758086929.36882,1758086929.33975,0.0,0.0,0.0,-15.0115,-11.45916,15.87093,9.1,0.15,2.25,3.0
1758086929.36969,1758086929.34975,0.0,0.0,0.0,-14.32395,-7.04738,16.90226,8.94,0.03,2.13,3.0
1758086929.38485,1758086929.35975,0.0,0.0,0.0,-13.98017,-4.35448,17.30333,8.75,0.0,2.1,3.0
1758086929.40074,1758086929.36975,0.0,0.0,0.0,-13.69369,-1.83346,17.36062,8.75,0.0,2.1,3.0
1758086929.4017,1758086929.37975,0.0,0.0,0.0,-13.23533,0.85944,16.73037,8.87,-0.02,2.04,3.0
1758086929.4168,1758086929.38975,0.0,0.0,0.0,-12.60507,4.64096,15.69904,8.87,-0.02,2.04,3.0
1758086929.41773,1758086929.39975,0.0,0.0,0.0,-12.204,6.53172,14.72501,8.98,-0.06,2.03,3.0
1758086929.43283,1758086929.40975,0.0,0.0,0.0,-11.86023,8.136,13.5791,8.98,-0.06,2.03,3.0
1758086929.44881,1758086929.41975,0.0,0.0,0.0,-11.57375,10.02676,11.74564,8.97,-0.04,1.99,3.0
1758086929.44969,1758086929.42975,0.0,0.0,0.0,-11.51645,10.65701,10.65701,8.98,0.0,2.02,3.0
1758086929.46484,1758086929.43975,0.0,0.0,0.0,-11.51645,10.02676,9.85487,8.98,0.0,2.02,3.0
1758086929.48065,1758086929.44975,0.0,0.0,0.0,-11.51645,9.68299,8.93814,8.93,0.0,2.05,3.0
1758086929.48171,1758086929.45975,0.0,0.0,0.0,-11.63104,9.28192,7.79223,8.93,0.0,2.05,3.0
1758086929.49656,1758086929.46975,0.0,0.0,0.0,-11.74564,9.85487,7.21927,8.97,0.02,2.02,3.0
1758086929.49774,1758086929.47975,0.0,0.0,0.0,-12.08941,8.30789,6.70361,8.97,0.02,2.02,3.0
1758086929.51258,1758086929.48975,0.0,0.0,0.0,-12.37589,6.7609,6.41713,8.78,0.07,2.02,3.0
1758086929.52854,1758086929.49975,0.0,0.0,0.0,-12.71966,5.55769,6.07335,9.01,0.0,2.04,3.0
1758086929.52981,1758086929.50975,0.0,0.0,0.0,-12.83425,5.09932,5.84417,9.01,0.0,2.04,3.0
1758086929.54456,1758086929.51975,0.0,0.0,0.0,-13.12073,4.35448,5.78687,9.16,-0.15,1.93,3.0
1758086929.56079,1758086929.52975,0.0,0.0,0.0,-13.12073,3.83882,5.27121,9.16,-0.15,1.93,3.0
1758086929.56174,1758086929.53975,0.0,0.0,0.0,-12.54778,2.86479,4.98473,9.23,-0.28,1.9,3.0
1758086929.57686,1758086929.54975,0.0,0.0,0.0,-11.91752,2.29183,4.58366,9.23,-0.28,1.9,3.0
1758086929.57777,1758086929.55975,0.0,0.0,0.0,-11.28727,2.23454,4.23989,9.26,-0.38,1.85,3.0
1758086929.59285,1758086929.56975,0.0,0.0,0.0,-10.65701,1.77617,3.60963,9.26,-0.38,1.85,3.0
1758086929.60878,1758086929.57975,0.0,0.0,0.0,-9.62569,2.00535,3.32316,9.37,-0.39,1.81,3.0
1758086929.60979,1758086929.58975,0.0,0.0,0.0,-9.05273,2.34913,3.49504,9.54,-0.39,1.85,3.0
1758086929.62463,1758086929.59975,0.0,0.0,0.0,-8.42248,2.46372,3.89611,9.54,-0.39,1.85,3.0
1758086929.64142,1758086929.60975,0.0,0.0,0.0,-7.79223,4.1253,4.69825,9.75,-0.39,1.84,3.0
1758086929.6426,1758086929.61975,0.0,0.0,0.0,-7.73493,4.87014,5.50039,9.75,-0.39,1.84,3.0
1758086929.65759,1758086929.62975,0.0,0.0,0.0,-7.96411,5.4431,5.78687,9.84,-0.33,1.71,3.0
1758086929.65904,1758086929.63975,0.0,0.0,0.0,-8.0787,6.58902,5.84417,9.84,-0.33,1.71,3.0
1758086929.6736,1758086929.64975,0.0,0.0,0.0,-8.93814,7.96411,4.81285,9.86,-0.21,1.69,3.0
1758086929.68961,1758086929.65975,0.0,0.0,0.0,-9.5684,8.136,3.55234,9.67,-0.09,1.7,3.0
1758086929.69077,1758086929.66975,0.0,0.0,0.0,-10.08406,8.65166,2.11994,9.67,-0.09,1.7,3.0
1758086929.70579,1758086929.67975,0.0,0.0,0.0,-10.8289,8.0787,0.40107,9.57,-0.05,1.75,3.0
1758086929.70703,1758086929.68975,0.0,0.0,0.0,-11.45916,7.67763,-1.77617,9.57,-0.05,1.75,3.0
1758086929.7226,1758086929.69975,0.0,0.0,0.0,-11.63104,6.7609,-2.92208,9.46,-0.14,1.77,3.0
1758086929.73878,1758086929.70975,0.0,0.0,0.0,-11.80293,5.95876,-3.66693,9.46,-0.14,1.77,3.0
1758086929.73982,1758086929.71975,0.0,0.0,0.0,-11.74564,5.72958,-3.72423,9.4,-0.28,1.72,3.0
1758086929.755,1758086929.72975,0.0,0.0,0.0,-11.45916,6.53172,-3.72423,9.48,-0.41,1.6,3.0
1758086929.77063,1758086929.73975,0.0,0.0,0.0,-11.34457,7.79223,-3.60963,9.48,-0.41,1.6,3.0
1758086929.77185,1758086929.74975,0.0,0.0,0.0,-11.22997,9.68299,-3.26586,9.59,-0.42,1.5,3.0
1758086929.78663,1758086929.75975,0.0,0.0,0.0,-11.11538,11.74564,-3.03668,9.59,-0.42,1.5,3.0
1758086929.7881,1758086929.76975,0.0,0.0,0.0,-10.71431,14.15206,-3.03668,9.58,-0.32,1.5,3.0
1758086929.80287,1758086929.77975,0.0,0.0,0.0,-10.37054,16.272,-3.26586,9.58,-0.32,1.5,3.0
1758086929.8189,1758086929.78975,0.0,0.0,0.0,-9.91217,18.27736,-3.66693,9.62,-0.28,1.57,3.0
1758086929.82012,1758086929.79975,0.0,0.0,0.0,-8.93814,20.05352,-4.46907,9.62,-0.28,1.57,3.0
1758086929.83467,1758086929.80975,0.0,0.0,0.0,-8.25059,19.13679,-4.81285,9.47,-0.3,1.57,3.0
1758086929.85095,1758086929.81975,0.0,0.0,0.0,-7.39116,16.90226,-5.09932,9.15,-0.32,1.59,3.0
1758086929.85187,1758086929.82975,0.0,0.0,0.0,-6.47442,14.20935,-5.09932,9.15,-0.32,1.59,3.0
1758086929.86693,1758086929.83975,0.0,0.0,0.0,-4.81285,9.11003,-4.46907,9.13,-0.4,1.5,3.0
1758086929.86805,1758086929.84975,0.0,0.0,0.0,-3.20856,5.15662,-3.83882,9.13,-0.4,1.5,3.0
1758086929.8829,1758086929.85975,0.0,0.0,0.0,-1.60428,0.57296,-3.03668,9.15,-0.51,1.41,3.0
1758086929.89894,1758086929.86975,0.0,0.0,0.0,0.22918,-3.89611,-2.40642,9.15,-0.51,1.41,3.0
1758086929.90028,1758086929.87975,0.0,0.0,0.0,3.09397,-9.74028,-2.23454,9.04,-0.54,1.32,3.0
1758086929.91493,1758086929.88975,0.0,0.0,0.0,5.27121,-12.83425,-2.40642,9.1,-0.47,1.19,3.0
1758086929.93093,1758086929.89975,0.0,0.0,0.0,6.7609,-15.46986,-2.97938,9.1,-0.47,1.19,3.0
1758086929.93211,1758086929.90975,0.0,0.0,0.0,8.25059,-18.62113,-3.89611,9.16,-0.3,1.07,3.0
1758086929.94665,1758086929.91975,0.0,0.0,0.0,9.22462,-21.94428,-5.61499,9.16,-0.3,1.07,3.0
1758086929.94823,1758086929.92975,0.0,0.0,0.0,9.68299,-21.94428,-6.47442,9.41,-0.06,0.89,3.0
1758086929.96293,1758086929.93975,0.0,0.0,0.0,9.62569,-22.68913,-7.96411,9.41,-0.06,0.89,3.0
1758086929.97872,1758086929.94975,0.0,0.0,0.0,10.54242,-21.08485,-8.59437,9.72,0.08,0.66,3.0
1758086929.9802,1758086929.95975,0.0,0.0,0.0,11.51645,-15.58445,-9.96947,10.23,0.03,0.56,3.0
1758086929.99466,1758086929.96975,0.0,0.0,0.0,12.37589,-9.74028,-10.65701,10.23,0.03,0.56,3.0
1758086930.01092,1758086929.97975,0.0,0.0,0.0,13.23533,-3.89611,-10.8862,10.3,-0.04,0.43,3.0
1758086930.01191,1758086929.98975,0.0,0.0,0.0,14.09476,0.22918,-11.28727,10.3,-0.04,0.43,3.0
1758086930.02671,1758086929.99975,0.0,0.0,0.0,14.83961,3.49504,-11.80293,9.97,-0.12,0.61,3.0
1758086930.02791,1758086930.00975,0.0,0.0,0.0,17.24603,-0.45837,-12.43318,9.97,-0.12,0.61,3.0
1758086930.04297,1758086930.01975,0.0,0.0,0.0,17.01685,-10.94349,-15.41257,9.29,-0.18,0.71,3.0
1758086930.06,1758086930.02975,0.0,0.0,0.0,17.6471,-32.88778,-13.5791,9.29,-0.18,0.71,3.0
1758086930.06092,1758086930.03975,0.0,0.0,0.0,17.36062,-39.01843,-9.74028,8.74,-0.17,1.34,3.0
1758086930.07599,1758086930.04975,0.0,0.0,0.0,15.69904,-37.35685,-6.24524,11.74,-0.18,1.74,3.0
1758086930.07695,1758086930.05975,0.0,0.0,0.0,13.5218,-35.00772,-1.20321,11.74,-0.18,1.74,3.0
1758086930.093,1758086930.06975,0.0,0.0,0.0,8.99544,-33.17426,5.61499,13.04,-0.2,2.53,3.0
1758086930.10901,1758086930.07975,0.0,0.0,0.0,4.81285,-33.23156,9.62569,13.04,-0.2,2.53,3.0
1758086930.10989,1758086930.08975,0.0,0.0,0.0,-0.34377,-32.48671,12.71966,13.35,0.36,3.19,3.0
1758086930.125,1758086930.09975,0.0,0.0,0.0,-5.61499,-30.25217,14.83961,13.35,0.36,3.19,3.0
1758086930.14073,1758086930.10975,0.0,0.0,0.0,-13.40721,-25.61122,17.13144,12.98,1.14,2.64,3.0
1758086930.14249,1758086930.11975,0.0,0.0,0.0,-17.6471,-21.88699,16.61578,11.87,1.35,2.36,3.0
1758086930.15673,1758086930.12975,0.0,0.0,0.0,-20.51189,-19.19409,14.43854,11.87,1.35,2.36,3.0
1758086930.15833,1758086930.13975,0.0,0.0,0.0,-22.23076,-18.9649,10.71431,9.73,0.66,2.19,3.0
1758086930.17292,1758086930.14975,0.0,0.0,0.0,-23.0902,-21.94428,3.49504,9.73,0.66,2.19,3.0
1758086930.18898,1758086930.15975,0.0,0.0,0.0,-22.68913,-24.75178,-1.3751,8.21,-0.33,2.31,3.0
1758086930.18996,1758086930.16975,0.0,0.0,0.0,-21.37133,-27.84575,-5.90147,8.21,-0.33,2.31,3.0
1758086930.2047,1758086930.17975,0.0,0.0,0.0,-19.42327,-29.39274,-11.34457,8.23,-1.15,2.38,3.0
1758086930.22101,1758086930.18975,0.0,0.0,0.0,-15.98552,-28.36141,-14.38124,8.71,-1.43,2.38,3.0
1758086930.22193,1758086930.19975,0.0,0.0,0.0,-13.75099,-28.36141,-16.95955,8.71,-1.43,2.38,3.0
1758086930.23699,1758086930.20975,0.0,0.0,0.0,-11.80293,-29.73651,-18.44924,8.41,-1.23,2.36,3.0
1758086930.23794,1758086930.21975,0.0,0.0,0.0,-10.08406,-31.11161,-17.87628,8.41,-1.23,2.36,3.0
1758086930.253,1758086930.22975,0.0,0.0,0.0,-9.11003,-32.20023,-16.50119,8.58,-0.76,2.38,3.0
1758086930.26878,1758086930.23975,0.0,0.0,0.0,-8.0787,-28.476,-13.86558,8.58,-0.76,2.38,3.0
1758086930.2704,1758086930.24975,0.0,0.0,0.0,-7.04738,-23.54857,-10.8862,9.6,-0.11,2.4,3.0
1758086930.28505,1758086930.25975,0.0,0.0,0.0,-7.73493,-16.55848,-5.61499,10.41,-0.11,2.23,3.0
1758086930.30094,1758086930.26975,0.0,0.0,0.0,-8.65166,-11.00079,-2.29183,10.41,0.55,2.23,3.0
1758086930.30195,1758086930.27975,0.0,0.0,0.0,-9.68299,-4.92744,0.74485,11.04,1.04,2.11,3.0
1758086930.31701,1758086930.28975,0.0,0.0,0.0,-10.8289,0.68755,2.86479,11.04,1.04,2.11,3.0
1758086930.31795,1758086930.29975,0.0,0.0,0.0,-13.06344,8.02141,4.58366,10.97,1.12,1.92,3.0
1758086930.33301,1758086930.30975,0.0,0.0,0.0,-14.61043,12.89155,4.69825,10.97,1.12,1.92,3.0
1758086930.34882,1758086930.31975,0.0,0.0,0.0,-16.10011,16.61578,3.95341,10.83,0.78,2.03,3.0
1758086930.34999,1758086930.32975,0.0,0.0,0.0,-17.30333,19.82434,2.92208,10.83,0.78,2.03,3.0
1758086930.36477,1758086930.33975,0.0,0.0,0.0,-19.07949,22.97561,0.0573,10.58,0.38,2.1,3.0
1758086930.38105,1758086930.34975,0.0,0.0,0.0,-20.16812,23.72045,-2.57831,10.2,0.13,2.17,3.0
1758086930.3823,1758086930.35975,0.0,0.0,0.0,-21.42862,23.20479,-5.27121,10.2,0.13,2.17,3.0
1758086930.39681,1758086930.36975,0.0,0.0,0.0,-22.91831,21.31403,-8.65166,9.59,0.17,2.3,3.0
1758086930.39802,1758086930.37975,0.0,0.0,0.0,-25.21014,17.93358,-11.11538,9.59,0.17,2.3,3.0
1758086930.41315,1758086930.38975,0.0,0.0,0.0,-27.10091,15.24068,-13.17803,8.97,0.39,2.29,3.0
1758086930.4291,1758086930.39975,0.0,0.0,0.0,-29.04896,12.204,-14.72501,8.97,0.39,2.29,3.0
1758086930.43003,1758086930.40975,0.0,0.0,0.0,-32.20023,9.28192,-16.50119,8.55,0.68,2.25,3.0
1758086930.4448,1758086930.41975,0.0,0.0,0.0,-34.32018,6.7609,-17.30333,8.51,0.89,2.15,3.0
1758086930.4609,1758086930.42975,0.0,0.0,0.0,-36.15364,3.72423,-17.30333,8.51,0.89,2.15,3.0
1758086930.46201,1758086930.43975,0.0,0.0,0.0,-37.52874,0.0573,-16.61578,8.57,0.98,2.01,3.0
1758086930.47687,1758086930.44975,0.0,0.0,0.0,-38.56006,-5.95876,-13.80828,8.57,0.98,2.01,3.0
1758086930.47809,1758086930.45975,0.0,0.0,0.0,-38.61736,-8.30789,-11.86023,8.95,0.87,1.8,3.0
1758086930.49288,1758086930.46975,0.0,0.0,0.0,-38.44547,-9.5684,-9.62569,8.95,0.87,1.8,3.0
1758086930.50914,1758086930.47975,0.0,0.0,0.0,-37.92981,-10.59972,-8.25059,9.53,0.64,1.63,3.0
1758086930.51054,1758086930.48975,0.0,0.0,0.0,-36.26823,-10.31324,-6.24524,9.96,0.34,1.62,3.0
1758086930.52512,1758086930.49975,0.0,0.0,0.0,-34.49206,-7.39116,-5.78687,9.96,0.34,1.62,3.0
1758086930.54113,1758086930.50975,0.0,0.0,0.0,-32.08564,-5.90147,-5.09932,10.37,0.01,1.61,3.0
1758086930.54237,1758086930.51975,0.0,0.0,0.0,-30.48136,-6.7609,-5.50039,10.37,0.01,1.61,3.0
1758086930.55714,1758086930.52975,0.0,0.0,0.0,-29.04896,-8.02141,-7.21927,10.16,-0.02,1.28,3.0
1758086930.55807,1758086930.53975,0.0,0.0,0.0,-28.13223,-7.33386,-8.36518,10.16,-0.02,1.28,3.0
1758086930.57317,1758086930.54975,0.0,0.0,0.0,-27.78845,-5.61499,-9.96947,10.33,0.08,1.13,3.0
1758086930.58895,1758086930.55975,0.0,0.0,0.0,-27.50197,-3.60963,-11.00079,10.33,0.08,1.13,3.0
1758086930.5901,1758086930.56975,0.0,0.0,0.0,-27.73116,-1.20321,-11.91752,10.28,0.22,1.18,3.0
1758086930.60485,1758086930.57975,0.0,0.0,0.0,-27.38738,-1.60428,-11.57375,9.98,0.24,1.14,3.0
1758086930.62111,1758086930.58975,0.0,0.0,0.0,-26.69983,-1.83346,-10.8289,9.98,0.24,1.14,3.0
1758086930.62208,1758086930.59975,0.0,0.0,0.0,-25.89769,-0.40107,-9.11003,9.99,0.15,0.99,3.0
1758086930.63691,1758086930.60975,0.0,0.0,0.0,-25.55392,0.34377,-8.30789,9.99,0.15,0.99,3.0
1758086930.6381,1758086930.61975,0.0,0.0,0.0,-25.38203,0.68755,-7.44845,9.95,0.2,0.97,3.0
1758086930.65317,1758086930.62975,0.0,0.0,0.0,-25.43933,0.0,-6.53172,9.95,0.2,0.97,3.0
1758086930.66919,1758086930.63975,0.0,0.0,0.0,-25.55392,-1.83346,-5.4431,9.63,0.34,0.89,3.0
1758086930.6701,1758086930.64975,0.0,0.0,0.0,-25.89769,-1.20321,-4.69825,9.54,0.48,0.74,3.0
1758086930.68521,1758086930.65975,0.0,0.0,0.0,-26.41335,-0.34377,-3.95341,9.54,0.48,0.74,3.0
1758086930.70131,1758086930.66975,0.0,0.0,0.0,-27.04361,0.68755,-3.66693,9.69,0.53,0.67,3.0
1758086930.70268,1758086930.67975,0.0,0.0,0.0,-28.24682,0.80214,-3.83882,9.69,0.53,0.67,3.0
1758086930.71725,1758086930.68975,0.0,0.0,0.0,-28.99167,-0.51566,-4.52637,9.55,0.58,0.55,3.0
1758086930.71813,1758086930.69975,0.0,0.0,0.0,-29.8511,-0.74485,-5.15662,9.55,0.58,0.55,3.0
1758086930.73325,1758086930.70975,0.0,0.0,0.0,-30.36677,-0.17189,-6.18794,9.49,0.53,0.41,3.0
1758086930.74906,1758086930.71975,0.0,0.0,0.0,-30.93972,1.48969,-7.67763,9.6,0.4,0.27,3.0
1758086930.7504,1758086930.72975,0.0,0.0,0.0,-31.56997,3.66693,-8.93814,9.6,0.4,0.27,3.0
1758086930.76524,1758086930.73975,0.0,0.0,0.0,-32.08564,4.52637,-9.68299,9.79,0.32,0.22,3.0
1758086930.78117,1758086930.74975,0.0,0.0,0.0,-32.6013,4.29718,-10.08406,9.79,0.32,0.22,3.0
1758086930.78251,1758086930.75975,0.0,0.0,0.0,-33.23156,3.38045,-9.62569,9.95,0.3,0.26,3.0
1758086930.79701,1758086930.76975,0.0,0.0,0.0,-33.9764,2.7502,-8.88085,9.95,0.3,0.26,3.0
1758086930.79817,1758086930.77975,0.0,0.0,0.0,-34.72124,1.60428,-7.96411,10.31,0.4,0.27,3.0
1758086930.81326,1758086930.78975,0.0,0.0,0.0,-35.98175,0.85944,-6.58902,10.31,0.4,0.27,3.0
1758086930.83005,1758086930.79975,0.0,0.0,0.0,-36.84119,-1.3178,-5.95876,10.39,0.57,0.21,3.0
1758086930.83141,1758086930.80975,0.0,0.0,0.0,-37.52874,-3.03668,-5.78687,10.0,0.67,0.21,3.0
1758086930.84597,1758086930.81975,0.0,0.0,0.0,-38.27358,-5.4431,-6.18794,10.0,0.67,0.21,3.0
1758086930.84716,1758086930.82975,0.0,0.0,0.0,-39.4768,-8.76626,-6.99009,9.54,0.62,0.22,3.0
1758086930.863,1758086930.83975,0.0,0.0,0.0,-40.50812,-9.22462,-7.96411,9.54,0.62,0.22,3.0
1758086930.87902,1758086930.84975,0.0,0.0,0.0,-41.65404,-7.50575,-9.22462,9.63,0.59,0.29,3.0
1758086930.88017,1758086930.85975,0.0,0.0,0.0,-42.85724,-7.16197,-9.96947,9.63,0.59,0.29,3.0
1758086930.89503,1758086930.86975,0.0,0.0,0.0,-45.37826,7.21927,-9.74028,9.84,0.7,0.29,3.0
1758086930.91102,1758086930.87975,0.0,0.0,0.0,-48.41494,13.17803,-11.45916,11.04,0.91,0.32,3.0
1758086930.91215,1758086930.88975,0.0,0.0,0.0,-51.73809,10.54242,-14.38124,11.04,0.91,0.32,3.0
1758086930.92699,1758086930.89975,0.0,0.0,0.0,-53.39967,4.35448,-15.58445,9.08,1.24,0.44,3.0
1758086930.92817,1758086930.90975,0.0,0.0,0.0,-55.11855,-7.67763,-16.84496,9.08,1.24,0.44,3.0
1758086930.94318,1758086930.91975,0.0,0.0,0.0,-56.20716,-9.68299,-16.55848,8.59,1.13,0.18,3.0
1758086930.95922,1758086930.92975,0.0,0.0,0.0,-58.09792,-5.61499,-16.21471,8.59,1.13,0.18,3.0
1758086930.96018,1758086930.93975,0.0,0.0,0.0,-59.81679,0.85944,-15.69904,9.95,1.04,-0.1,3.0
1758086930.97499,1758086930.94975,0.0,0.0,0.0,-61.59297,11.28727,-14.72501,10.81,1.03,0.24,3.0
1758086930.99097,1758086930.95975,0.0,0.0,0.0,-61.70755,14.20935,-14.38124,10.81,1.03,0.24,3.0
1758086930.99218,1758086930.96975,0.0,0.0,0.0,-61.07731,13.80828,-14.20935,10.28,0.91,0.47,3.0
1758086931.00725,1758086930.97975,0.0,0.0,0.0,-59.47303,11.80293,-14.03747,10.28,0.91,0.47,3.0
1758086931.00844,1758086930.98975,0.0,0.0,0.0,-56.26446,8.88085,-14.15206,9.88,0.62,0.34,3.0
1758086931.02324,1758086930.99975,0.0,0.0,0.0,-54.14451,7.39116,-14.43854,9.88,0.62,0.34,3.0
1758086931.03926,1758086931.00975,0.0,0.0,0.0,-51.5662,6.47442,-15.06879,10.28,0.21,0.74,3.0
1758086931.04044,1758086931.01975,0.0,0.0,0.0,-47.38361,5.21392,-17.13144,10.28,0.21,0.74,3.0
1758086931.05501,1758086931.02975,0.0,0.0,0.0,-44.00316,3.55234,-18.85031,11.27,-0.34,1.35,3.0
1758086931.07125,1758086931.03975,0.0,0.0,0.0,-40.45082,1.14592,-20.79837,11.54,-0.51,2.13,3.0
1758086931.07245,1758086931.04975,0.0,0.0,0.0,-36.38282,0.17189,-22.97561,11.54,-0.51,2.13,3.0
1758086931.08705,1758086931.05975,0.0,0.0,0.0,-29.8511,0.51566,-26.47065,12.27,-0.48,2.67,3.0
1758086931.0887,1758086931.06975,0.0,0.0,0.0,-26.35606,-0.85944,-27.78845,12.27,-0.48,2.67,3.0
1758086931.10328,1758086931.07975,0.0,0.0,0.0,-24.29341,-3.26586,-26.81443,11.96,-0.1,2.29,3.0
1758086931.11927,1758086931.08975,0.0,0.0,0.0,-24.12152,-5.15662,-23.26209,11.96,-0.1,2.29,3.0
1758086931.12025,1758086931.09975,0.0,0.0,0.0,-27.1582,-7.39116,-15.0115,10.25,1.04,1.4,3.0
1758086931.13529,1758086931.10975,0.0,0.0,0.0,-31.11161,-7.84952,-8.70896,9.29,1.9,1.3,3.0
1758086931.1511,1758086931.11975,0.0,0.0,0.0,-35.12231,-8.0787,-2.06265,9.29,1.9,1.3,3.0
1758086931.15228,1758086931.12975,0.0,0.0,0.0,-38.84654,-8.47978,3.60963,9.27,1.87,1.08,3.0
1758086931.16729,1758086931.13975,0.0,0.0,0.0,-43.94586,-10.48513,10.48513,9.27,1.87,1.08,3.0
1758086931.16827,1758086931.14975,0.0,0.0,0.0,-46.1804,-12.43318,13.00614,9.22,1.35,1.18,3.0
1758086931.18308,1758086931.15975,0.0,0.0,0.0,-47.61279,-15.41257,14.15206,9.22,1.35,1.18,3.0
1758086931.19909,1758086931.16975,0.0,0.0,0.0,-48.41494,-18.9649,13.34992,9.0,0.63,1.72,3.0
1758086931.20028,1758086931.17975,0.0,0.0,0.0,-49.50356,-24.29341,11.11538,9.19,0.08,2.51,3.0
1758086931.21505,1758086931.18975,0.0,0.0,0.0,-50.64947,-27.67386,7.79223,9.19,0.08,2.51,3.0
1758086931.23131,1758086931.19975,0.0,0.0,0.0,-52.13916,-30.53865,4.35448,9.34,0.02,3.02,3.0
1758086931.23254,1758086931.20975,0.0,0.0,0.0,-55.57691,-32.77319,-0.57296,9.34,0.02,3.02,3.0
1758086931.24739,1758086931.21975,0.0,0.0,0.0,-58.49899,-32.48671,-3.20856,9.21,0.35,3.11,3.0
1758086931.24848,1758086931.22975,0.0,0.0,0.0,-62.05133,-31.62727,-5.21392,9.21,0.35,3.11,3.0
1758086931.26333,1758086931.23975,0.0,0.0,0.0,-65.89015,-30.25217,-6.41713,9.12,0.61,2.93,3.0
1758086931.27929,1758086931.24975,0.0,0.0,0.0,-71.27596,-25.21014,-7.04738,9.12,0.61,2.65,3.0
1758086931.28028,1758086931.25975,0.0,0.0,0.0,-74.36993,-20.05352,-6.8182,10.04,0.45,2.65,3.0
1758086931.29507,1758086931.26975,0.0,0.0,0.0,-76.31798,-13.69369,-6.07335,11.31,-0.01,2.06,3.0
1758086931.33885,1758086931.27975,0.0,0.0,0.0,-77.52119,-7.44845,-4.35448,11.31,-0.01,2.06,3.0
1758086931.34,1758086931.28975,0.0,0.0,0.0,-78.20874,0.51566,-0.34377,11.51,-0.36,1.56,3.0
1758086931.34063,1758086931.29975,0.0,0.0,0.0,-78.26604,6.41713,2.97938,11.51,-0.36,1.56,3.0
1758086931.34265,1758086931.30975,0.0,0.0,0.0,-78.38063,13.46451,6.7609,11.06,-0.47,1.25,3.0
1758086931.34329,1758086931.31975,0.0,0.0,0.0,-79.06818,19.59516,10.19865,11.06,-0.47,1.25,3.0
1758086931.36124,1758086931.32975,0.0,0.0,0.0,-81.01624,26.35606,13.86558,10.63,-0.29,1.09,3.0
1758086931.36258,1758086931.33975,0.0,0.0,0.0,-82.62051,30.25217,14.78231,10.35,0.03,1.07,3.0
1758086931.37743,1758086931.34975,0.0,0.0,0.0,-84.51128,34.09099,14.61043,10.35,0.03,1.07,3.0
1758086931.37829,1758086931.35975,0.0,0.0,0.0,-85.94368,36.21093,13.80828,10.12,0.19,0.95,3.0
1758086931.39336,1758086931.36975,0.0,0.0,0.0,-87.60525,35.52338,10.65701,10.12,0.19,0.95,3.0
1758086931.40944,1758086931.37975,0.0,0.0,0.0,-87.94903,33.34615,8.136,9.5,0.09,1.03,3.0
1758086931.41056,1758086931.38975,0.0,0.0,0.0,-87.60525,31.74186,5.27121,9.5,0.09,1.03,3.0
1758086931.42539,1758086931.39975,0.0,0.0,0.0,-85.42801,30.93972,1.43239,9.3,-0.21,0.84,3.0
1758086931.44119,1758086931.40975,0.0,0.0,0.0,-82.84971,30.30947,-0.57296,9.32,-0.7,0.71,3.0
1758086931.44345,1758086931.41975,0.0,0.0,0.0,-79.69843,28.99167,-1.94806,9.32,-0.7,0.71,3.0
1758086931.45813,1758086931.42975,0.0,0.0,0.0,-75.85962,27.73116,-2.46372,9.19,-1.25,0.78,3.0
1758086931.45937,1758086931.43975,0.0,0.0,0.0,-68.29657,27.73116,-1.94806,9.19,-1.25,0.78,3.0
1758086931.47417,1758086931.44975,0.0,0.0,0.0,-62.79618,27.84575,-0.97403,9.34,-1.78,0.86,3.0
1758086931.49041,1758086931.45975,0.0,0.0,0.0,-57.75415,26.87172,-0.40107,9.34,-1.78,0.86,3.0
1758086931.49175,1758086931.46975,0.0,0.0,0.0,-53.28508,25.61122,-0.34377,9.27,-1.85,0.96,3.0
1758086931.50619,1758086931.47975,0.0,0.0,0.0,-47.26902,24.98096,-0.85944,9.27,-1.55,1.17,3.0
1758086931.50737,1758086931.48975,0.0,0.0,0.0,-44.17505,24.29341,-1.3178,9.27,-1.55,1.17,3.0
1758086931.52446,1758086931.49975,0.0,0.0,0.0,-41.48215,23.49127,-1.83346,9.24,-1.17,1.48,3.0
1758086931.5416,1758086931.50975,0.0,0.0,0.0,-39.4195,21.7724,-2.40642,9.24,-1.17,1.48,3.0
1758086931.54274,1758086931.51975,0.0,0.0,0.0,-37.75792,18.27736,-3.26586,9.1,-0.78,1.51,3.0
1758086931.55744,1758086931.52975,0.0,0.0,0.0,-37.58603,16.38659,-4.0107,9.1,-0.78,1.51,3.0
1758086931.55869,1758086931.53975,0.0,0.0,0.0,-38.21629,14.38124,-4.35448,9.05,-0.55,1.44,3.0
1758086931.5732,1758086931.54975,0.0,0.0,0.0,-39.24761,12.37589,-4.87014,9.05,-0.55,1.44,3.0
1758086931.59004,1758086931.55975,0.0,0.0,0.0,-40.68,9.33921,-5.4431,9.09,-0.46,1.51,3.0
1758086931.59123,1758086931.56975,0.0,0.0,0.0,-41.65404,7.84952,-5.50039,9.41,-0.56,1.62,3.0
1758086931.60621,1758086931.57975,0.0,0.0,0.0,-42.39888,7.44845,-5.72958,9.41,-0.56,1.62,3.0
1758086931.60744,1758086931.58975,0.0,0.0,0.0,-42.91454,8.70896,-6.99009,9.87,-0.73,1.51,3.0
1758086931.62453,1758086931.59975,0.0,0.0,0.0,-43.14373,13.5218,-8.70896,9.87,-0.73,1.51,3.0
1758086931.6402,1758086931.60975,0.0,0.0,0.0,-42.57077,15.35527,-10.25595,10.08,-0.81,1.35,3.0
1758086931.64145,1758086931.61975,0.0,0.0,0.0,-40.7946,16.50119,-11.45916,10.08,-0.81,1.35,3.0
1758086931.65624,1758086931.62975,0.0,0.0,0.0,-37.64333,19.19409,-13.00614,10.08,-1.15,1.05,3.0
1758086931.65742,1758086931.63975,0.0,0.0,0.0,-34.77854,21.6578,-14.09476,10.35,-1.48,1.24,3.0
1758086931.67352,1758086931.64975,0.0,0.0,0.0,-31.85646,23.37668,-14.78231,10.35,-1.48,1.24,3.0
1758086931.68952,1758086931.65975,0.0,0.0,0.0,-28.59059,24.4653,-14.83961,10.61,-1.74,1.61,3.0
1758086931.69075,1758086931.66975,0.0,0.0,0.0,-24.63719,21.60051,-14.72501,10.61,-1.74,1.61,3.0
1758086931.70562,1758086931.67975,0.0,0.0,0.0,-22.97561,13.69369,-14.38124,10.51,-1.9,1.87,3.0
1758086931.7213,1758086931.68975,0.0,0.0,0.0,-21.31403,-0.57296,-12.54778,10.51,-1.9,1.87,3.0
1758086931.72272,1758086931.69975,0.0,0.0,0.0,-20.11082,-12.14671,-11.22997,9.97,-1.69,2.34,3.0
1758086931.73751,1758086931.70975,0.0,0.0,0.0,-20.22541,-15.87093,-9.62569,11.93,-1.44,2.31,3.0
1758086931.73846,1758086931.71975,0.0,0.0,0.0,-18.73572,-9.96947,-7.73493,11.93,-1.44,2.31,3.0
1758086931.75506,1758086931.72975,0.0,0.0,0.0,-17.93358,-2.23454,-5.4431,14.86,-0.99,3.33,3.0
1758086931.77074,1758086931.73975,0.0,0.0,0.0,-17.36062,3.95341,-3.03668,14.86,-0.99,3.33,3.0
1758086931.77257,1758086931.74975,0.0,0.0,0.0,-17.01685,11.34457,-0.51566,15.13,-0.42,3.13,3.0
1758086931.79027,1758086931.75975,0.0,0.0,0.0,-16.73037,13.5218,-0.34377,15.13,-0.42,3.13,3.0
1758086931.79172,1758086931.76975,0.0,0.0,0.0,-15.92823,11.80293,-0.68755,13.88,-0.35,2.88,3.0
1758086931.80655,1758086931.77975,0.0,0.0,0.0,-14.61043,8.99544,-2.97938,13.88,-0.35,2.88,3.0
1758086931.80748,1758086931.78975,0.0,0.0,0.0,-11.86023,3.66693,-4.87014,12.74,-0.71,2.93,3.0
1758086931.82357,1758086931.79975,0.0,0.0,0.0,-9.74028,0.40107,-6.70361,12.37,-1.17,3.26,3.0
1758086931.8405,1758086931.80975,0.0,0.0,0.0,-7.67763,-3.38045,-8.76626,12.37,-1.17,3.26,3.0
1758086931.84148,1758086931.81975,0.0,0.0,0.0,-4.92744,-9.62569,-11.00079,11.79,-1.43,3.46,3.0
1758086931.85655,1758086931.82975,0.0,0.0,0.0,-2.63561,-17.13144,-12.49048,11.79,-1.43,3.46,3.0
1758086931.8594,1758086931.83975,0.0,0.0,0.0,-1.14592,-25.21014,-13.75099,10.42,-1.33,3.48,3.0
1758086931.87538,1758086931.84975,0.0,0.0,0.0,1.66158,-32.08564,-15.41257,10.42,-1.33,3.48,3.0
1758086931.89155,1758086931.85975,0.0,0.0,0.0,6.13065,-38.15899,-15.58445,8.82,-0.99,3.08,3.0
1758086931.89322,1758086931.86975,0.0,0.0,0.0,8.30789,-38.1017,-15.64175,8.47,-0.77,3.02,3.0
1758086931.90856,1758086931.87975,0.0,0.0,0.0,10.48513,-39.07573,-14.72501,8.47,-0.77,3.02,3.0
1758086931.91055,1758086931.88975,0.0,0.0,0.0,11.86023,-41.08107,-14.03747,7.95,-0.6,3.34,3.0
1758086931.92559,1758086931.89975,0.0,0.0,0.0,13.12073,-41.02378,-12.54778,7.95,-0.6,3.34,3.0
1758086931.94166,1758086931.90975,0.0,0.0,0.0,13.5218,-38.44547,-12.37589,8.32,-0.38,3.46,3.0
1758086931.94406,1758086931.91975,0.0,0.0,0.0,14.03747,-34.60666,-12.204,8.32,-0.38,3.46,3.0
1758086931.95962,1758086931.92975,0.0,0.0,0.0,14.09476,-29.67921,-12.49048,9.13,0.01,3.13,3.0
1758086931.96046,1758086931.93975,0.0,0.0,0.0,13.80828,-23.0902,-13.5218,9.5,0.4,2.95,3.0
1758086931.97558,1758086931.94975,0.0,0.0,0.0,13.40721,-19.70975,-14.32395,9.5,0.4,2.95,3.0
1758086931.99154,1758086931.95975,0.0,0.0,0.0,12.60507,-16.10011,-15.12609,9.58,0.62,2.81,3.0
1758086931.99328,1758086931.96975,0.0,0.0,0.0,11.63104,-11.63104,-16.04282,9.58,0.62,2.81,3.0
1758086932.01038,1758086931.97975,0.0,0.0,0.0,9.74028,-2.00535,-16.95955,10.03,0.73,2.45,3.0
1758086932.01132,1758086931.98975,0.0,0.0,0.0,7.96411,4.58366,-17.6471,10.03,0.73,2.45,3.0
1758086932.02632,1758086931.99975,0.0,0.0,0.0,6.70361,10.37054,-17.47521,10.2,0.81,2.11,3.0
1758086932.03069,1758086932.00975,0.0,0.0,0.0,4.69825,18.22006,-17.30333,10.2,0.81,2.11,3.0
1758086932.04657,1758086932.01975,0.0,0.0,0.0,3.60963,21.42862,-17.01685,10.0,0.75,1.98,3.0
1758086932.05061,1758086932.02975,0.0,0.0,0.0,2.92208,22.91831,-16.95955,9.6,0.74,2.18,3.0
1758086932.07057,1758086932.03975,0.0,0.0,0.0,2.00535,25.26744,-17.01685,9.6,0.74,2.18,3.0
1758086932.08944,1758086932.04975,0.0,0.0,0.0,1.03132,27.44468,-17.36062,9.4,0.74,2.13,3.0
1758086932.09008,1758086932.05975,0.0,0.0,0.0,0.97403,28.01764,-17.24603,9.4,0.74,2.13,3.0
1758086932.09136,1758086932.06975,0.0,0.0,0.0,0.97403,29.27814,-18.27736,8.86,0.71,2.02,3.0
1758086932.11061,1758086932.07975,0.0,0.0,0.0,1.83346,27.96034,-17.93358,8.86,0.71,2.02,3.0
1758086932.11156,1758086932.08975,0.0,0.0,0.0,2.97938,26.12688,-17.47521,8.22,0.58,2.0,3.0
1758086932.12635,1758086932.09975,0.0,0.0,0.0,4.46907,25.38203,-16.50119,7.73,0.44,1.87,3.0
1758086932.12992,1758086932.10975,0.0,0.0,0.0,5.84417,23.54857,-15.69904,7.73,0.44,1.87,3.0
1758086932.14537,1758086932.11975,0.0,0.0,0.0,7.44845,20.45459,-14.61043,6.95,0.37,1.8,3.0
1758086932.16141,1758086932.12975,0.0,0.0,0.0,9.85487,12.89155,-12.37589,6.95,0.37,1.8,3.0
1758086932.16382,1758086932.13975,0.0,0.0,0.0,11.22997,7.50575,-11.17268,6.39,0.42,1.96,3.0
1758086932.17843,1758086932.14975,0.0,0.0,0.0,12.08941,2.97938,-10.25595,6.39,0.42,1.96,3.0
1758086932.17974,1758086932.15975,0.0,0.0,0.0,12.49048,-1.3751,-9.39651,6.38,0.61,1.67,3.0
1758086932.19436,1758086932.16975,0.0,0.0,0.0,12.49048,-5.84417,-8.47978,6.79,0.87,1.6,3.0
1758086932.21038,1758086932.17975,0.0,0.0,0.0,12.08941,-8.136,-8.42248,6.79,0.87,1.6,3.0
1758086932.21156,1758086932.18975,0.0,0.0,0.0,11.11538,-10.19865,-8.93814,7.31,1.14,1.59,3.0
1758086932.22664,1758086932.19975,0.0,0.0,0.0,9.4538,-12.49048,-10.25595,7.31,1.14,1.59,3.0
1758086932.22757,1758086932.20975,0.0,0.0,0.0,8.42248,-13.86558,-10.71431,7.84,1.34,1.66,3.0
1758086932.24365,1758086932.21975,0.0,0.0,0.0,7.44845,-14.9542,-11.00079,7.84,1.34,1.66,3.0
1758086932.26067,1758086932.22975,0.0,0.0,0.0,6.70361,-15.0115,-11.00079,8.31,1.37,1.67,3.0
1758086932.26161,1758086932.23975,0.0,0.0,0.0,5.50039,-13.34992,-9.91217,8.31,1.37,1.67,3.0
1758086932.2767,1758086932.24975,0.0,0.0,0.0,4.92744,-11.63104,-8.70896,8.9,1.24,1.69,3.0
1758086932.27762,1758086932.25975,0.0,0.0,0.0,4.35448,-9.68299,-7.44845,9.41,1.05,1.69,3.0
1758086932.2944,1758086932.26975,0.0,0.0,0.0,3.89611,-7.21927,-6.24524,9.41,1.05,1.69,3.0
1758086932.31041,1758086932.27975,0.0,0.0,0.0,2.97938,-2.11994,-4.98473,9.91,0.93,1.51,3.0
1758086932.31161,1758086932.28975,0.0,0.0,0.0,2.34913,2.86479,-4.98473,9.91,0.93,1.51,3.0
1758086932.32671,1758086932.29975,0.0,0.0,0.0,1.83346,7.21927,-5.32851,10.37,0.94,1.45,3.0
1758086932.3276,1758086932.30975,0.0,0.0,0.0,1.3751,10.25595,-5.84417,10.37,0.94,1.45,3.0
1758086932.34345,1758086932.31975,0.0,0.0,0.0,0.51566,14.83961,-6.99009,10.36,1.07,1.66,3.0
1758086932.3596,1758086932.32975,0.0,0.0,0.0,-0.17189,17.30333,-7.73493,10.4,1.3,1.7,3.0
1758086932.36061,1758086932.33975,0.0,0.0,0.0,-1.14592,18.85031,-7.96411,10.4,1.3,1.7,3.0
1758086932.37545,1758086932.34975,0.0,0.0,0.0,-2.46372,20.11082,-7.96411,10.18,1.45,1.61,3.0
1758086932.39143,1758086932.35975,0.0,0.0,0.0,-5.27121,22.91831,-6.58902,10.18,1.45,1.61,3.0
1758086932.39339,1758086932.36975,0.0,0.0,0.0,-7.44845,25.89769,-4.98473,10.3,1.5,1.54,3.0
1758086932.4087,1758086932.37975,0.0,0.0,0.0,-10.08406,30.48136,-3.49504,10.3,1.5,1.54,3.0
1758086932.41043,1758086932.38975,0.0,0.0,0.0,-14.78231,35.06502,-0.57296,10.84,1.51,1.45,3.0
1758086932.42555,1758086932.39975,0.0,0.0,0.0,-17.81899,38.73195,1.08862,11.08,1.48,1.52,3.0
1758086932.4415,1758086932.40975,0.0,0.0,0.0,-21.14215,37.47144,2.40642,11.08,1.48,1.52,3.0
1758086932.44506,1758086932.41975,0.0,0.0,0.0,-23.94964,33.80451,3.89611,10.81,1.4,1.56,3.0
1758086932.46075,1758086932.42975,0.0,0.0,0.0,-26.75713,20.85567,7.73493,10.81,1.4,1.56,3.0
1758086932.46162,1758086932.43975,0.0,0.0,0.0,-26.75713,1.3751,8.70896,9.86,1.19,2.3,3.0
1758086932.4767,1758086932.44975,0.0,0.0,0.0,-26.06958,-21.7724,6.87549,9.86,1.19,2.3,3.0
1758086932.47767,1758086932.45975,0.0,0.0,0.0,-23.31938,-39.76327,3.03668,9.35,1.12,3.85,3.0
1758086932.49448,1758086932.46975,0.0,0.0,0.0,-15.75634,-47.78468,-4.0107,12.77,1.12,4.05,3.0
1758086932.51043,1758086932.47975,0.0,0.0,0.0,-12.71966,-41.08107,-8.93814,12.77,0.34,4.05,3.0
1758086932.51163,1758086932.48975,0.0,0.0,0.0,-10.65701,-25.72581,-12.2613,16.1,-0.27,3.43,3.0
1758086932.52646,1758086932.49975,0.0,0.0,0.0,-10.19865,-8.65166,-13.75099,16.1,-0.27,3.43,3.0
1758086932.52777,1758086932.50975,0.0,0.0,0.0,-12.83425,-0.34377,-11.22997,15.66,0.53,3.57,3.0
1758086932.54375,1758086932.51975,0.0,0.0,0.0,-15.75634,-5.90147,-7.62034,15.66,0.53,3.57,3.0
1758086932.56076,1758086932.52975,0.0,0.0,0.0,-19.42327,-13.5218,-3.38045,12.3,2.09,4.19,3.0
1758086932.56163,1758086932.53975,0.0,0.0,0.0,-22.91831,-20.05352,0.80214,12.3,2.09,4.19,3.0
1758086932.57671,1758086932.54975,0.0,0.0,0.0,-28.30412,-24.5226,5.95876,11.41,2.81,3.93,3.0
1758086932.57765,1758086932.55975,0.0,0.0,0.0,-32.37212,-25.43933,8.0787,10.96,2.78,3.81,3.0
1758086932.59403,1758086932.56975,0.0,0.0,0.0,-36.38282,-24.23611,10.02676,10.96,2.78,3.81,3.0
1758086932.60974,1758086932.57975,0.0,0.0,0.0,-40.7373,-23.20479,11.34457,9.46,2.19,3.55,3.0
1758086932.61096,1758086932.58975,0.0,0.0,0.0,-47.15443,-24.23611,12.54778,9.46,2.19,3.55,3.0
1758086932.62553,1758086932.59975,0.0,0.0,0.0,-50.99325,-38.90384,11.34457,7.39,1.69,3.6,3.0
1758086932.64182,1758086932.60975,0.0,0.0,0.0,-54.48829,-51.22243,10.48513,7.39,1.69,3.6,3.0
1758086932.64304,1758086932.61975,0.0,0.0,0.0,-57.75415,-59.12925,10.37054,6.23,1.49,4.1,3.0
1758086932.65779,1758086932.62975,0.0,0.0,0.0,-59.98868,-54.60288,9.74028,8.56,1.2,3.29,3.0
1758086932.65914,1758086932.63975,0.0,0.0,0.0,-61.70755,-48.41494,8.36518,8.56,1.2,3.29,3.0
1758086932.67364,1758086932.64975,0.0,0.0,0.0,-62.91077,-43.54479,6.99009,9.87,0.63,2.99,3.0
1758086932.68988,1758086932.65975,0.0,0.0,0.0,-62.96807,-35.52338,5.27121,9.87,0.63,2.99,3.0
1758086932.69102,1758086932.66975,0.0,0.0,0.0,-62.28051,-29.62192,5.09932,9.52,0.14,2.36,3.0
1758086932.70577,1758086932.67975,0.0,0.0,0.0,-60.90542,-22.63183,5.09932,9.52,0.14,2.36,3.0
1758086932.72182,1758086932.68975,0.0,0.0,0.0,-59.35843,-15.75634,5.27121,9.1,-0.28,1.82,3.0
1758086932.72464,1758086932.69975,0.0,0.0,0.0,-57.0093,-6.99009,6.35983,8.86,-0.39,1.82,3.0
1758086932.73955,1758086932.70975,0.0,0.0,0.0,-55.23313,-2.11994,7.39116,8.86,-0.39,1.82,3.0
1758086932.74073,1758086932.71975,0.0,0.0,0.0,-53.28508,2.57831,8.47978,8.68,-0.29,1.67,3.0
1758086932.75583,1758086932.72975,0.0,0.0,0.0,-51.5662,7.04738,9.96947,8.68,-0.29,1.67,3.0
1758086932.77184,1758086932.73975,0.0,0.0,0.0,-49.67545,13.98017,11.86023,8.73,-0.18,1.51,3.0
1758086932.77296,1758086932.74975,0.0,0.0,0.0,-48.9306,17.01685,12.2613,8.73,-0.18,1.51,3.0
1758086932.78861,1758086932.75975,0.0,0.0,0.0,-48.52953,19.13679,12.71966,8.72,-0.1,1.64,3.0
1758086932.79148,1758086932.76975,0.0,0.0,0.0,-48.64412,20.45459,12.71966,8.72,-0.1,1.64,3.0
1758086932.80685,1758086932.77975,0.0,0.0,0.0,-49.79003,22.28806,12.2613,8.45,0.0,1.64,3.0
1758086932.81015,1758086932.78975,0.0,0.0,0.0,-50.99325,23.0329,11.91752,8.29,-0.01,1.61,3.0
1758086932.82593,1758086932.79975,0.0,0.0,0.0,-52.36834,24.29341,10.71431,8.29,-0.01,1.61,3.0
1758086932.84236,1758086932.80975,0.0,0.0,0.0,-54.66018,23.31938,9.28192,8.04,0.02,1.58,3.0
1758086932.8447,1758086932.81975,0.0,0.0,0.0,-55.97798,22.51724,8.136,8.04,0.02,1.58,3.0
1758086932.85984,1758086932.82975,0.0,0.0,0.0,-57.23849,22.05888,6.99009,7.89,0.0,1.51,3.0
1758086932.86081,1758086932.83975,0.0,0.0,0.0,-58.15522,20.34,5.84417,7.89,0.0,1.51,3.0
1758086932.87588,1758086932.84975,0.0,0.0,0.0,-59.07195,17.93358,3.95341,7.8,-0.06,1.49,3.0
1758086932.89189,1758086932.85975,0.0,0.0,0.0,-58.84277,16.67307,2.57831,7.84,-0.18,1.51,3.0
1758086932.89306,1758086932.86975,0.0,0.0,0.0,-58.21251,15.41257,1.3751,7.84,-0.18,1.51,3.0
1758086932.90789,1758086932.87975,0.0,0.0,0.0,-57.23849,14.38124,0.0,7.98,-0.43,1.46,3.0
1758086932.90906,1758086932.88975,0.0,0.0,0.0,-54.88936,12.60507,-1.43239,7.98,-0.43,1.46,3.0
1758086932.9247,1758086932.89975,0.0,0.0,0.0,-52.48294,11.74564,-1.71887,8.18,-0.74,1.52,3.0
1758086932.94089,1758086932.90975,0.0,0.0,0.0,-49.79003,11.74564,-1.71887,8.18,-0.74,1.52,3.0
1758086932.9418,1758086932.91975,0.0,0.0,0.0,-46.86795,11.51645,-1.20321,8.56,-1.06,1.31,3.0
1758086932.95688,1758086932.92975,0.0,0.0,0.0,-41.99781,12.08941,-0.40107,8.9,-1.24,1.34,3.0
1758086932.95782,1758086932.93975,0.0,0.0,0.0,-38.78925,12.14671,0.17189,8.9,-1.24,1.34,3.0
1758086932.9736,1758086932.94975,0.0,0.0,0.0,-35.92446,12.77696,0.51566,9.18,-1.25,1.34,3.0
1758086932.9896,1758086932.95975,0.0,0.0,0.0,-33.40344,14.38124,0.22918,9.18,-1.25,1.34,3.0
1758086932.99122,1758086932.96975,0.0,0.0,0.0,-30.36677,16.21471,-0.68755,9.52,-1.06,1.41,3.0
1758086933.00564,1758086932.97975,0.0,0.0,0.0,-28.64789,17.53251,-1.60428,9.52,-1.06,1.41,3.0
1758086933.02196,1758086932.98975,0.0,0.0,0.0,-27.38738,17.93358,-2.86479,9.61,-0.86,1.7,3.0
1758086933.02368,1758086932.99975,0.0,0.0,0.0,-26.06958,17.99088,-4.87014,9.61,-0.86,1.7,3.0
1758086933.03889,1758086933.00975,0.0,0.0,0.0,-25.38203,17.87628,-6.47442,9.56,-0.71,1.76,3.0
1758086933.0401,1758086933.01975,0.0,0.0,0.0,-24.57989,17.53251,-7.50575,9.6,-0.66,1.57,3.0
1758086933.05452,1758086933.02975,0.0,0.0,0.0,-23.66316,16.67307,-8.42248,9.6,-0.66,1.57,3.0
1758086933.07089,1758086933.03975,0.0,0.0,0.0,-21.42862,20.05352,-9.22462,9.84,-0.74,1.34,3.0
1758086933.07185,1758086933.04975,0.0,0.0,0.0,-19.48057,24.00693,-9.85487,9.84,-0.74,1.34,3.0
1758086933.08689,1758086933.05975,0.0,0.0,0.0,-16.95955,27.67386,-10.37054,10.44,-1.0,1.03,3.0
1758086933.08787,1758086933.06975,0.0,0.0,0.0,-14.20935,30.13758,-11.34457,10.44,-1.0,1.03,3.0
1758086933.10593,1758086933.07975,0.0,0.0,0.0,-9.5684,33.34615,-13.23533,10.58,-1.35,1.05,3.0
1758086933.1219,1758086933.08975,0.0,0.0,0.0,-6.47442,32.83048,-14.83961,10.69,-1.73,1.22,3.0
1758086933.12311,1758086933.09975,0.0,0.0,0.0,-3.38045,28.13223,-16.61578,10.69,-1.73,1.22,3.0
1758086933.13771,1758086933.10975,0.0,0.0,0.0,-0.22918,16.272,-17.76169,10.2,-2.18,2.18,3.0
1758086933.13961,1758086933.11975,0.0,0.0,0.0,3.95341,-5.27121,-15.87093,10.2,-2.18,2.18,3.0
1758086933.15492,1758086933.12975,0.0,0.0,0.0,4.58366,-11.91752,-12.2613,11.16,-2.68,4.08,3.0
1758086933.17087,1758086933.13975,0.0,0.0,0.0,2.11994,-12.2613,-8.30789,11.16,-2.68,4.08,3.0
1758086933.17293,1758086933.14975,0.0,0.0,0.0,-3.55234,-9.74028,-6.41713,13.66,-1.6,5.49,3.0
1758086933.18774,1758086933.15975,0.0,0.0,0.0,-6.18794,-14.15206,-0.45837,13.81,0.35,3.72,3.0
1758086933.18893,1758086933.16975,0.0,0.0,0.0,-5.78687,-11.34457,2.23454,13.81,0.35,3.72,3.0
1758086933.20473,1758086933.17975,0.0,0.0,0.0,-4.29718,-4.64096,3.03668,14.62,1.02,2.5,3.0
1758086933.2209,1758086933.18975,0.0,0.0,0.0,0.11459,-1.20321,0.97403,14.62,1.02,2.5,3.0
1758086933.22298,1758086933.19975,0.0,0.0,0.0,4.18259,-7.04738,-1.03132,13.5,0.29,3.75,3.0
1758086933.23793,1758086933.20975,0.0,0.0,0.0,8.02141,-12.54778,-3.20856,13.5,0.29,3.75,3.0
1758086933.23996,1758086933.21975,0.0,0.0,0.0,11.86023,-17.6471,-4.46907,11.93,-1.06,4.52,3.0
1758086933.25484,1758086933.22975,0.0,0.0,0.0,16.73037,-25.15285,-5.84417,11.93,-1.06,4.52,3.0
1758086933.27097,1758086933.23975,0.0,0.0,0.0,19.82434,-30.53865,-6.8182,10.73,-1.45,4.28,3.0
1758086933.27304,1758086933.24975,0.0,0.0,0.0,22.63183,-34.43476,-7.44845,9.44,-0.98,3.68,3.0
1758086933.2881,1758086933.25975,0.0,0.0,0.0,25.38203,-38.78925,-8.36518,9.44,-0.98,3.68,3.0
1758086933.28896,1758086933.26975,0.0,0.0,0.0,29.73651,-39.76327,-9.68299,8.49,-0.3,3.48,3.0
1758086933.30497,1758086933.27975,0.0,0.0,0.0,32.54401,-33.68992,-10.02676,8.49,-0.3,3.48,3.0
1758086933.3209,1758086933.28975,0.0,0.0,0.0,34.0337,-24.5226,-10.25595,8.87,0.19,3.6,3.0
1758086933.32229,1758086933.29975,0.0,0.0,0.0,34.89313,-13.34992,-10.08406,8.87,0.19,3.6,3.0
1758086933.33694,1758086933.30975,0.0,0.0,0.0,36.26823,-9.68299,-8.47978,9.27,0.42,3.74,3.0
1758086933.33832,1758086933.31975,0.0,0.0,0.0,33.63263,-19.99623,-10.71431,7.77,0.72,3.51,3.0
1758086933.35399,1758086933.32975,0.0,0.0,0.0,33.86181,-45.49285,-7.21927,7.77,0.72,3.51,3.0
1758086933.36994,1758086933.33975,0.0,0.0,0.0,32.20023,-58.67088,-4.35448,6.82,0.8,3.16,3.0
1758086933.37098,1758086933.34975,0.0,0.0,0.0,29.96569,-53.80074,0.34377,6.82,0.8,3.16,3.0
1758086933.38594,1758086933.35975,0.0,0.0,0.0,28.41871,-43.94586,0.85944,10.48,0.96,2.46,3.0
1758086933.40173,1758086933.36975,0.0,0.0,0.0,26.69983,-36.38282,1.03132,10.48,0.96,2.46,3.0
1758086933.40373,1758086933.37975,0.0,0.0,0.0,24.17882,-31.85646,-0.11459,10.28,1.47,2.92,3.0
1758086933.42005,1758086933.38975,0.0,0.0,0.0,18.85031,-24.00693,-2.57831,8.97,1.63,2.65,3.0
1758086933.42095,1758086933.39975,0.0,0.0,0.0,15.12609,-19.13679,-5.95876,8.97,1.63,2.65,3.0
1758086933.43602,1758086933.40975,0.0,0.0,0.0,10.8289,-14.66772,-9.85487,8.37,1.83,2.15,3.0
1758086933.45191,1758086933.41975,0.0,0.0,0.0,5.32851,-8.42248,-14.83961,8.37,1.83,2.15,3.0
1758086933.45246,1758086933.42975,0.0,0.0,0.0,2.63561,-5.15662,-17.30333,8.53,1.8,2.13,3.0
1758086933.46775,1758086933.43975,0.0,0.0,0.0,0.85944,-2.6929,-18.90761,8.53,1.8,2.13,3.0
1758086933.46967,1758086933.44975,0.0,0.0,0.0,-0.22918,0.34377,-20.22541,8.62,1.37,1.95,3.0
1758086933.48513,1758086933.45975,0.0,0.0,0.0,-0.74485,3.32316,-19.25138,8.72,1.37,1.83,3.0
1758086933.50177,1758086933.46975,0.0,0.0,0.0,-0.0573,6.47442,-17.99088,8.72,0.76,1.83,3.0
1758086933.50379,1758086933.47975,0.0,0.0,0.0,1.71887,9.68299,-16.10011,8.81,0.22,1.86,3.0
1758086933.51988,1758086933.48975,0.0,0.0,0.0,4.23989,11.57375,-14.03747,8.81,0.22,1.86,3.0
1758086933.52174,1758086933.49975,0.0,0.0,0.0,9.33921,14.15206,-11.22997,8.52,-0.06,1.95,3.0
1758086933.53799,1758086933.50975,0.0,0.0,0.0,13.34992,15.98552,-9.28192,8.52,-0.06,1.95,3.0
1758086933.53897,1758086933.51975,0.0,0.0,0.0,17.24603,17.36062,-8.36518,8.31,-0.09,1.83,3.0
1758086933.55404,1758086933.52975,0.0,0.0,0.0,21.42862,17.76169,-7.44845,8.31,-0.09,1.83,3.0
1758086933.56998,1758086933.53975,0.0,0.0,0.0,26.87172,16.50119,-7.16197,7.95,0.06,1.81,3.0
1758086933.57208,1758086933.54975,0.0,0.0,0.0,30.13758,15.41257,-7.10468,7.73,0.28,1.87,3.0
1758086933.58678,1758086933.55975,0.0,0.0,0.0,32.77319,14.43854,-7.04738,7.73,0.28,1.87,3.0
1758086933.58907,1758086933.56975,0.0,0.0,0.0,34.95043,13.17803,-6.99009,7.73,0.44,1.84,3.0
1758086933.60477,1758086933.57975,0.0,0.0,0.0,37.01308,10.71431,-5.90147,7.73,0.44,1.84,3.0
1758086933.62101,1758086933.58975,0.0,0.0,0.0,37.75792,8.93814,-4.98473,7.8,0.63,1.86,3.0
1758086933.62146,1758086933.59975,0.0,0.0,0.0,37.92981,7.10468,-4.0107,7.8,0.63,1.86,3.0
1758086933.63779,1758086933.60975,0.0,0.0,0.0,37.18496,5.4431,-2.11994,8.01,0.9,1.8,3.0
1758086933.63901,1758086933.61975,0.0,0.0,0.0,36.03905,4.81285,-1.3751,8.54,1.27,1.75,3.0
1758086933.65381,1758086933.62975,0.0,0.0,0.0,34.49206,5.27121,-1.14592,8.54,1.27,1.75,3.0
1758086933.67208,1758086933.63975,0.0,0.0,0.0,32.83048,6.18794,-1.03132,9.11,1.61,1.64,3.0
1758086933.67422,1758086933.64975,0.0,0.0,0.0,29.96569,7.39116,-2.06265,9.11,1.61,1.64,3.0
1758086933.69089,1758086933.65975,0.0,0.0,0.0,28.01764,8.25059,-2.97938,9.37,1.76,1.53,3.0
1758086933.69178,1758086933.66975,0.0,0.0,0.0,26.35606,9.33921,-3.72423,9.37,1.76,1.53,3.0
1758086933.70709,1758086933.67975,0.0,0.0,0.0,24.63719,11.00079,-4.52637,9.52,1.65,1.54,3.0
1758086933.70875,1758086933.68975,0.0,0.0,0.0,22.57454,13.86558,-4.87014,9.52,1.37,1.5,3.0
1758086933.72487,1758086933.69975,0.0,0.0,0.0,21.88699,15.87093,-4.58366,9.52,1.37,1.5,3.0
1758086933.74106,1758086933.70975,0.0,0.0,0.0,21.48592,19.36597,-3.95341,9.57,1.1,1.57,3.0
1758086933.74143,1758086933.71975,0.0,0.0,0.0,21.42862,22.63183,-2.46372,9.57,1.1,1.57,3.0
1758086933.75853,1758086933.72975,0.0,0.0,0.0,21.42862,24.35071,0.17189,9.56,0.86,1.63,3.0
1758086933.75994,1758086933.73975,0.0,0.0,0.0,21.08485,23.89234,1.48969,9.56,0.86,1.63,3.0
1758086933.77509,1758086933.74975,0.0,0.0,0.0,20.34,24.4653,2.46372,9.6,1.14,1.61,3.0
1758086933.79081,1758086933.75975,0.0,0.0,0.0,19.36597,26.87172,3.20856,9.6,1.14,1.61,3.0
1758086933.79137,1758086933.76975,0.0,0.0,0.0,16.95955,29.33544,3.83882,10.16,1.63,1.61,3.0
1758086933.80812,1758086933.77975,0.0,0.0,0.0,15.06879,28.93437,4.52637,9.83,1.87,1.57,3.0
1758086933.81093,1758086933.78975,0.0,0.0,0.0,12.89155,27.50197,5.21392,9.83,1.87,1.57,3.0
1758086933.82579,1758086933.79975,0.0,0.0,0.0,9.85487,26.18417,5.55769,9.47,1.83,1.45,3.0
1758086933.82843,1758086933.80975,0.0,0.0,0.0,8.02141,25.26744,6.07335,9.47,1.83,1.45,3.0
1758086933.8449,1758086933.81975,0.0,0.0,0.0,6.18794,24.63719,5.72958,9.61,1.69,1.38,3.0
1758086933.86104,1758086933.82975,0.0,0.0,0.0,4.52637,26.52795,4.98473,9.61,1.69,1.38,3.0
1758086933.86148,1758086933.83975,0.0,0.0,0.0,2.40642,28.93437,3.55234,10.21,1.62,1.49,3.0
1758086933.87887,1758086933.84975,0.0,0.0,0.0,1.3178,28.59059,2.7502,10.65,1.6,1.52,3.0
1758086933.88033,1758086933.85975,0.0,0.0,0.0,0.17189,28.30412,2.29183,10.65,1.6,1.52,3.0
1758086933.89508,1758086933.86975,0.0,0.0,0.0,-0.74485,28.41871,2.40642,11.2,1.58,1.59,3.0
1758086933.91085,1758086933.87975,0.0,0.0,0.0,-1.48969,18.79302,3.60963,11.2,1.58,1.59,3.0
1758086933.91397,1758086933.88975,0.0,0.0,0.0,-0.97403,0.97403,1.71887,10.73,1.61,2.5,3.0
1758086933.93107,1758086933.89975,0.0,0.0,0.0,0.17189,-16.50119,-1.94806,10.73,1.61,2.5,3.0
1758086933.93141,1758086933.90975,0.0,0.0,0.0,3.55234,-27.67386,-6.41713,11.19,1.41,4.12,3.0
1758086933.94891,1758086933.91975,0.0,0.0,0.0,10.19865,-33.46074,-13.5218,14.09,0.34,4.16,3.0
1758086933.9504,1758086933.92975,0.0,0.0,0.0,13.5218,-30.02299,-17.30333,14.09,0.34,4.16,3.0
1758086933.9651,1758086933.93975,0.0,0.0,0.0,15.24068,-19.59516,-18.27736,15.44,-0.06,3.4,3.0
1758086933.96606,1758086933.94975,0.0,0.0,0.0,14.78231,-7.79223,-16.50119,15.44,-0.06,3.4,3.0
1758086933.9815,1758086933.95975,0.0,0.0,0.0,11.86023,-0.74485,-8.47978,14.37,1.05,3.15,3.0
1758086933.99787,1758086933.96975,0.0,0.0,0.0,8.93814,-4.87014,-2.11994,14.37,1.05,3.15,3.0
1758086933.99931,1758086933.97975,0.0,0.0,0.0,6.07335,-10.19865,3.95341,12.42,2.6,3.74,3.0
1758086934.01401,1758086933.98975,0.0,0.0,0.0,1.83346,-14.15206,11.86023,12.42,2.6,3.74,3.0
1758086934.03007,1758086933.99975,0.0,0.0,0.0,-0.45837,-15.64175,16.04282,12.1,3.09,3.53,3.0
1758086934.03137,1758086934.00975,0.0,0.0,0.0,-2.7502,-11.91752,18.90761,11.55,2.74,3.33,3.0
1758086934.0459,1758086934.01975,0.0,0.0,0.0,-5.50039,-9.05273,20.74107,11.55,2.74,3.33,3.0
1758086934.04707,1758086934.02975,0.0,0.0,0.0,-8.0787,-15.41257,23.94964,9.61,2.05,2.99,3.0
1758086934.06245,1758086934.03975,0.0,0.0,0.0,-11.74564,-29.56462,21.60051,9.61,2.05,2.99,3.0
1758086934.07789,1758086934.04975,0.0,0.0,0.0,-14.03747,-36.03905,20.97026,6.79,1.55,3.3,3.0
1758086934.07915,1758086934.05975,0.0,0.0,0.0,-17.24603,-43.25832,18.73572,6.79,1.55,3.3,3.0
1758086934.09404,1758086934.06975,0.0,0.0,0.0,-20.74107,-50.82136,15.98552,6.53,1.31,3.16,3.0
1758086934.10997,1758086934.07975,0.0,0.0,0.0,-22.05888,-56.60823,14.72501,6.74,1.06,4.18,3.0
1758086934.1111,1758086934.08975,0.0,0.0,0.0,-23.49127,-60.90542,13.23533,6.74,1.06,4.18,3.0
1758086934.12597,1758086934.09975,0.0,0.0,0.0,-24.23611,-60.61894,12.08941,7.49,0.72,3.56,3.0
1758086934.1448,1758086934.10975,0.0,0.0,0.0,-24.86637,-53.68615,10.59972,7.49,0.72,3.56,3.0
1758086934.14503,1758086934.11975,0.0,0.0,0.0,-25.21014,-46.86795,9.85487,8.76,0.23,2.62,3.0
1758086934.15897,1758086934.12975,0.0,0.0,0.0,-25.15285,-40.62271,8.99544,8.76,0.23,2.62,3.0
1758086934.16023,1758086934.13975,0.0,0.0,0.0,-25.09555,-35.2942,8.136,8.98,0.0,2.05,3.0
1758086934.17521,1758086934.14975,0.0,0.0,0.0,-24.92367,-28.24682,7.33386,9.01,0.02,1.94,3.0
1758086934.17634,1758086934.15975,0.0,0.0,0.0,-24.80907,-22.51724,6.99009,9.01,0.02,1.94,3.0
1758086934.19145,1758086934.16975,0.0,0.0,0.0,-24.35071,-17.76169,7.39116,9.33,0.13,1.7,3.0
1758086934.20716,1758086934.17975,0.0,0.0,0.0,-23.83505,-12.77696,7.62034,9.33,0.13,1.7,3.0
1758086934.20813,1758086934.18975,0.0,0.0,0.0,-22.68913,-3.83882,8.25059,9.52,0.21,1.52,3.0
1758086934.2239,1758086934.19975,0.0,0.0,0.0,-21.88699,1.83346,9.11003,9.52,0.21,1.52,3.0
1758086934.24013,1758086934.20975,0.0,0.0,0.0,-21.25674,6.58902,10.31324,9.48,0.24,1.38,3.0
1758086934.24111,1758086934.21975,0.0,0.0,0.0,-20.11082,12.204,12.49048,9.48,0.24,1.38,3.0
1758086934.25623,1758086934.22975,0.0,0.0,0.0,-19.36597,16.21471,14.03747,9.33,0.09,1.4,3.0
1758086934.25737,1758086934.23975,0.0,0.0,0.0,-19.25138,20.11082,15.46986,9.33,-0.02,1.27,3.0
1758086934.27324,1758086934.24975,0.0,0.0,0.0,-19.25138,23.49127,16.90226,9.33,-0.02,1.27,3.0
1758086934.28898,1758086934.25975,0.0,0.0,0.0,-20.34,26.12688,18.10547,9.05,0.05,1.37,3.0
1758086934.29169,1758086934.26975,0.0,0.0,0.0,-21.48592,27.50197,18.22006,9.05,0.05,1.37,3.0
1758086934.29635,1758086934.27975,0.0,0.0,0.0,-22.97561,27.50197,17.47521,8.59,0.22,1.4,3.0
1758086934.31405,1758086934.28975,0.0,0.0,0.0,-24.29341,27.1582,16.50119,8.59,0.22,1.4,3.0
1758086934.32902,1758086934.29975,0.0,0.0,0.0,-26.18417,26.01229,13.75099,8.28,0.3,1.46,3.0
1758086934.37446,1758086934.30975,0.0,0.0,0.0,-27.2155,24.00693,11.63104,8.04,0.25,1.55,3.0
1758086934.37506,1758086934.31975,0.0,0.0,0.0,-27.84575,22.00158,9.39651,8.04,0.25,1.55,3.0
1758086934.37628,1758086934.32975,0.0,0.0,0.0,-28.07493,20.3973,7.50575,7.97,0.02,1.51,3.0
1758086934.37851,1758086934.33975,0.0,0.0,0.0,-27.44468,18.56383,5.09932,7.97,0.02,1.51,3.0
1758086934.38004,1758086934.34975,0.0,0.0,0.0,-26.75713,17.53251,3.55234,7.99,-0.29,1.4,3.0
1758086934.3804,1758086934.35975,0.0,0.0,0.0,-25.38203,15.98552,2.7502,7.99,-0.29,1.4,3.0
1758086934.39597,1758086934.36975,0.0,0.0,0.0,-23.54857,14.66772,2.29183,7.98,-0.56,1.39,3.0
1758086934.39718,1758086934.37975,0.0,0.0,0.0,-20.11082,12.83425,2.40642,8.23,-0.7,1.32,3.0
1758086934.41624,1758086934.38975,0.0,0.0,0.0,-17.76169,11.80293,3.09397,8.23,-0.7,1.32,3.0
1758086934.41742,1758086934.39975,0.0,0.0,0.0,-15.29797,10.59972,4.0107,8.6,-0.72,1.36,3.0
1758086934.43345,1758086934.40975,0.0,0.0,0.0,-11.97482,9.11003,5.78687,8.6,-0.72,1.36,3.0
1758086934.44924,1758086934.41975,0.0,0.0,0.0,-10.19865,8.47978,6.58902,8.96,-0.56,1.41,3.0
1758086934.45204,1758086934.42975,0.0,0.0,0.0,-9.05273,8.88085,7.16197,8.96,-0.56,1.41,3.0
1758086934.46729,1758086934.43975,0.0,0.0,0.0,-8.25059,8.70896,7.04738,9.24,-0.26,1.49,3.0
1758086934.46818,1758086934.44975,0.0,0.0,0.0,-7.44845,7.16197,6.58902,9.24,-0.26,1.64,3.0
1758086934.48482,1758086934.45975,0.0,0.0,0.0,-7.62034,6.13065,6.18794,9.32,-0.04,1.64,3.0
1758086934.50025,1758086934.46975,0.0,0.0,0.0,-8.30789,5.95876,5.50039,9.55,-0.04,1.66,3.0
1758086934.50121,1758086934.47975,0.0,0.0,0.0,-9.33921,6.24524,4.87014,9.55,-0.04,1.66,3.0
1758086934.51629,1758086934.48975,0.0,0.0,0.0,-11.11538,6.24524,4.18259,9.59,-0.08,1.55,3.0
1758086934.51722,1758086934.49975,0.0,0.0,0.0,-12.204,7.44845,4.0107,9.59,-0.08,1.55,3.0
1758086934.53504,1758086934.50975,0.0,0.0,0.0,-12.71966,10.59972,3.72423,9.85,-0.06,1.42,3.0
1758086934.55001,1758086934.51975,0.0,0.0,0.0,-12.71966,15.46986,3.26586,9.85,-0.06,1.42,3.0
1758086934.55113,1758086934.52975,0.0,0.0,0.0,-11.63104,22.63183,1.3178,10.43,-0.1,1.14,3.0
1758086934.56601,1758086934.53975,0.0,0.0,0.0,-10.54242,25.61122,-0.51566,10.42,-0.23,1.21,3.0
1758086934.56774,1758086934.54975,0.0,0.0,0.0,-8.99544,28.30412,-2.97938,10.42,-0.23,1.21,3.0
1758086934.58305,1758086934.55975,0.0,0.0,0.0,-7.21927,30.48136,-5.61499,10.47,-0.48,1.37,3.0
1758086934.59922,1758086934.56975,0.0,0.0,0.0,-3.83882,33.63263,-8.65166,10.47,-0.48,1.37,3.0
1758086934.60021,1758086934.57975,0.0,0.0,0.0,-1.20321,34.09099,-9.91217,10.71,-0.78,1.72,3.0
1758086934.61502,1758086934.58975,0.0,0.0,0.0,1.60428,31.79916,-10.8862,10.71,-0.78,1.72,3.0
1758086934.6162,1758086934.59975,0.0,0.0,0.0,6.18794,22.91831,-11.51645,10.56,-1.2,2.04,3.0
1758086934.63416,1758086934.60975,0.0,0.0,0.0,9.39651,-7.84952,-9.11003,9.91,-1.69,3.15,3.0
1758086934.64931,1758086934.61975,0.0,0.0,0.0,11.57375,-21.25674,-4.81285,9.91,-1.69,3.15,3.0
1758086934.65131,1758086934.62975,0.0,0.0,0.0,9.96947,-24.98096,0.17189,12.82,-1.58,4.43,3.0
1758086934.66598,1758086934.63975,0.0,0.0,0.0,2.11994,-21.02755,5.21392,12.82,-1.58,4.43,3.0
1758086934.66795,1758086934.64975,0.0,0.0,0.0,-4.1253,-12.204,6.87549,14.56,0.44,4.69,3.0
1758086934.68325,1758086934.65975,0.0,0.0,0.0,-6.70361,-7.04738,9.11003,14.56,0.44,4.69,3.0
1758086934.70028,1758086934.66975,0.0,0.0,0.0,-7.04738,-2.63561,9.91217,14.81,1.4,2.59,3.0
1758086934.7012,1758086934.67975,0.0,0.0,0.0,-5.32851,3.89611,6.70361,14.36,0.72,2.66,3.0
1758086934.7163,1758086934.68975,0.0,0.0,0.0,-2.97938,4.64096,2.86479,14.36,0.72,2.66,3.0
1758086934.71722,1758086934.69975,0.0,0.0,0.0,-0.51566,1.77617,-1.48969,13.47,-0.58,3.69,3.0
1758086934.73334,1758086934.70975,0.0,0.0,0.0,1.83346,-3.66693,-5.21392,13.47,-0.58,3.69,3.0
1758086934.74903,1758086934.71975,0.0,0.0,0.0,5.15662,-11.22997,-9.22462,12.3,-1.37,3.75,3.0
1758086934.75138,1758086934.72975,0.0,0.0,0.0,7.33386,-12.2613,-10.71431,12.3,-1.37,3.75,3.0
1758086934.76603,1758086934.73975,0.0,0.0,0.0,9.68299,-11.97482,-11.80293,11.53,-1.23,3.4,3.0
1758086934.76724,1758086934.74975,0.0,0.0,0.0,12.37589,-11.63104,-12.49048,11.53,-1.23,3.4,3.0
1758086934.78319,1758086934.75975,0.0,0.0,0.0,16.90226,-10.08406,-13.23533,9.89,-0.68,3.28,3.0
1758086934.79935,1758086934.76975,0.0,0.0,0.0,19.99623,-8.25059,-13.23533,8.23,-0.21,3.53,3.0
1758086934.80023,1758086934.77975,0.0,0.0,0.0,22.57454,-6.07335,-12.89155,8.23,-0.21,3.53,3.0
1758086934.81517,1758086934.78975,0.0,0.0,0.0,25.09555,-6.41713,-11.57375,7.09,-0.04,3.86,3.0
1758086934.81617,1758086934.79975,0.0,0.0,0.0,26.52795,-13.98017,-9.68299,7.09,-0.04,3.86,3.0
1758086934.83333,1758086934.80975,0.0,0.0,0.0,26.87172,-32.25753,-8.76626,6.19,0.0,3.79,3.0
1758086934.85029,1758086934.81975,0.0,0.0,0.0,27.2155,-52.36834,-5.4431,6.19,0.0,3.79,3.0
1758086934.85159,1758086934.82975,0.0,0.0,0.0,28.07493,-65.08801,0.68755,5.84,-0.11,3.57,3.0
1758086934.86605,1758086934.83975,0.0,0.0,0.0,27.50197,-61.76485,2.57831,8.92,0.07,2.68,3.0
1758086934.86723,1758086934.84975,0.0,0.0,0.0,27.67386,-54.77477,4.35448,8.92,0.07,2.68,3.0
1758086934.88231,1758086934.85975,0.0,0.0,0.0,27.1582,-48.9306,4.52637,9.99,0.67,2.48,3.0
1758086934.89806,1758086934.86975,0.0,0.0,0.0,25.61122,-42.57077,2.92208,9.99,0.67,2.48,3.0
1758086934.89926,1758086934.87975,0.0,0.0,0.0,24.17882,-37.18496,0.22918,9.48,0.97,2.73,3.0
1758086934.91509,1758086934.88975,0.0,0.0,0.0,22.05888,-30.53865,-3.03668,9.48,0.97,2.73,3.0
1758086934.91634,1758086934.89975,0.0,0.0,0.0,19.76705,-24.23611,-6.58902,9.27,1.18,2.15,3.0
1758086934.93315,1758086934.90975,0.0,0.0,0.0,15.41257,-14.15206,-11.86023,9.31,1.37,1.95,3.0
1758086934.9501,1758086934.91975,0.0,0.0,0.0,12.54778,-8.42248,-14.15206,9.31,1.37,1.95,3.0
1758086934.95131,1758086934.92975,0.0,0.0,0.0,10.71431,-3.95341,-16.10011,9.11,1.18,1.6,3.0
1758086934.96611,1758086934.93975,0.0,0.0,0.0,9.62569,-0.45837,-17.13144,9.11,1.18,1.6,3.0
1758086934.9684,1758086934.94975,0.0,0.0,0.0,8.93814,3.38045,-16.55848,8.95,0.87,1.72,3.0
1758086934.98415,1758086934.95975,0.0,0.0,0.0,8.76626,9.62569,-15.75634,8.95,0.87,1.72,3.0
1758086935.00036,1758086934.96975,0.0,0.0,0.0,8.88085,14.49583,-14.61043,9.4,0.49,1.54,3.0
1758086935.0013,1758086934.97975,0.0,0.0,0.0,9.4538,17.24603,-12.54778,9.4,0.49,1.54,3.0
1758086935.01635,1758086934.98975,0.0,0.0,0.0,11.28727,22.74642,-11.86023,8.85,0.27,1.66,3.0
1758086935.0181,1758086934.99975,0.0,0.0,0.0,13.17803,25.43933,-10.65701,8.57,0.28,1.67,3.0
1758086935.03391,1758086935.00975,0.0,0.0,0.0,15.41257,26.81443,-10.48513,8.57,0.28,1.67,3.0
1758086935.05008,1758086935.01975,0.0,0.0,0.0,19.19409,28.99167,-9.74028,8.35,0.39,1.77,3.0
1758086935.05132,1758086935.02975,0.0,0.0,0.0,22.00158,29.67921,-9.28192,8.35,0.39,1.77,3.0
1758086935.06612,1758086935.03975,0.0,0.0,0.0,24.12152,29.67921,-9.33921,8.19,0.44,1.63,3.0
1758086935.06838,1758086935.04975,0.0,0.0,0.0,26.35606,28.70519,-8.65166,8.19,0.44,1.63,3.0
1758086935.08341,1758086935.05975,0.0,0.0,0.0,29.56462,27.67386,-7.33386,7.98,0.42,1.75,3.0
1758086935.1004,1758086935.06975,0.0,0.0,0.0,31.28349,26.87172,-6.24524,7.92,0.38,1.71,3.0
1758086935.10132,1758086935.07975,0.0,0.0,0.0,33.11696,25.72581,-4.81285,7.92,0.38,1.71,3.0
1758086935.11641,1758086935.08975,0.0,0.0,0.0,34.43476,24.17882,-3.60963,7.86,0.41,1.74,3.0
1758086935.11731,1758086935.09975,0.0,0.0,0.0,35.63798,21.31403,-1.3751,7.86,0.41,1.74,3.0
1758086935.13239,1758086935.10975,0.0,0.0,0.0,35.98175,19.70975,-0.22918,8.0,0.52,1.72,3.0
1758086935.14901,1758086935.11975,0.0,0.0,0.0,36.15364,18.33465,0.68755,8.0,0.52,1.72,3.0
1758086935.15364,1758086935.12975,0.0,0.0,0.0,35.69527,18.33465,0.57296,8.33,0.76,1.7,3.0
1758086935.16995,1758086935.13975,0.0,0.0,0.0,34.72124,17.47521,-0.74485,8.72,1.1,1.68,3.0
1758086935.17438,1758086935.14975,0.0,0.0,0.0,33.68992,15.87093,-2.11994,8.72,1.1,1.68,3.0
1758086935.19125,1758086935.15975,0.0,0.0,0.0,32.6013,14.49583,-3.89611,8.92,1.38,1.67,3.0
1758086935.19398,1758086935.16975,0.0,0.0,0.0,31.28349,14.15206,-5.15662,8.92,1.38,1.67,3.0
1758086935.21101,1758086935.17975,0.0,0.0,0.0,28.93437,14.61043,-6.47442,9.38,1.48,1.61,3.0
1758086935.21534,1758086935.18975,0.0,0.0,0.0,27.38738,14.78231,-6.35983,9.38,1.48,1.61,3.0
1758086935.21704,1758086935.19975,0.0,0.0,0.0,25.89769,15.46986,-4.98473,9.59,1.45,1.63,3.0
1758086935.23495,1758086935.20975,0.0,0.0,0.0,24.23611,16.272,-2.29183,9.59,1.45,1.63,3.0
1758086935.23671,1758086935.21975,0.0,0.0,0.0,23.26209,16.95955,-0.0573,9.71,1.31,1.6,3.0
1758086935.25501,1758086935.22975,0.0,0.0,0.0,22.57454,18.90761,1.83346,9.83,1.22,1.52,3.0
1758086935.27128,1758086935.23975,0.0,0.0,0.0,22.28806,21.25674,2.63561,9.83,1.22,1.52,3.0
1758086935.27611,1758086935.24975,0.0,0.0,0.0,21.7151,25.89769,3.26586,10.09,1.3,1.55,3.0
1758086935.27676,1758086935.25975,0.0,0.0,0.0,21.31403,27.61657,2.97938,10.09,1.3,1.55,3.0
1758086935.29244,1758086935.26975,0.0,0.0,0.0,20.74107,27.96034,2.63561,10.05,1.41,1.8,3.0
1758086935.30851,1758086935.27975,0.0,0.0,0.0,19.99623,27.73116,2.00535,10.05,1.41,1.8,3.0
1758086935.31098,1758086935.28975,0.0,0.0,0.0,18.27736,24.92367,1.3751,9.89,1.54,1.97,3.0
1758086935.32618,1758086935.29975,0.0,0.0,0.0,17.36062,22.91831,1.20321,9.89,1.64,1.95,3.0
1758086935.33094,1758086935.30975,0.0,0.0,0.0,16.21471,22.91831,1.08862,9.89,1.64,1.95,3.0
1758086935.34651,1758086935.31975,0.0,0.0,0.0,15.06879,24.12152,0.74485,10.34,1.7,1.9,3.0
1758086935.34931,1758086935.32975,0.0,0.0,0.0,13.00614,27.33009,-0.22918,10.34,1.7,1.9,3.0
1758086935.36447,1758086935.33975,0.0,0.0,0.0,11.45916,29.73651,-1.03132,10.68,1.86,1.95,3.0
1758086935.36652,1758086935.34975,0.0,0.0,0.0,9.39651,30.93972,-1.3751,10.68,1.86,1.95,3.0
1758086935.38622,1758086935.35975,0.0,0.0,0.0,7.21927,30.30947,-2.11994,10.81,2.1,2.08,3.0
1758086935.39057,1758086935.36975,0.0,0.0,0.0,3.60963,25.7831,-2.92208,10.65,2.31,2.08,3.0
1758086935.40656,1758086935.37975,0.0,0.0,0.0,1.71887,20.62648,-2.7502,10.65,2.31,2.08,3.0
1758086935.40779,1758086935.38975,0.0,0.0,0.0,0.51566,6.07335,-1.83346,10.07,2.48,2.44,3.0
1758086935.42331,1758086935.39975,0.0,0.0,0.0,-1.14592,-24.4653,-2.63561,10.07,2.48,2.44,3.0
1758086935.44005,1758086935.40975,0.0,0.0,0.0,1.3751,-59.01466,-1.83346,8.48,2.27,3.51,3.0
1758086935.44118,1758086935.41975,0.0,0.0,0.0,8.65166,-54.08722,2.00535,8.48,2.27,3.51,3.0
1758086935.45645,1758086935.42975,0.0,0.0,0.0,11.22997,-45.20637,0.45837,12.95,0.96,4.11,3.0
1758086935.45739,1758086935.43975,0.0,0.0,0.0,12.71966,-15.69904,-4.18259,12.95,0.96,4.11,3.0
1758086935.47505,1758086935.44975,0.0,0.0,0.0,13.00614,7.84952,-6.87549,16.83,0.42,3.82,3.0
1758086935.49021,1758086935.45975,0.0,0.0,0.0,11.97482,21.60051,-7.04738,16.02,0.8,3.44,3.0
1758086935.49253,1758086935.46975,0.0,0.0,0.0,10.65701,21.48592,-4.69825,16.02,0.8,3.44,3.0
1758086935.50909,1758086935.47975,0.0,0.0,0.0,5.09932,2.63561,0.85944,11.7,2.02,3.77,3.0
1758086935.51241,1758086935.48975,0.0,0.0,0.0,0.68755,-10.94349,4.87014,11.7,2.02,3.77,3.0
1758086935.52757,1758086935.49975,0.0,0.0,0.0,-4.18259,-22.28806,7.62034,10.09,2.57,3.86,3.0
1758086935.52882,1758086935.50975,0.0,0.0,0.0,-7.84952,-27.2155,10.02676,10.09,2.57,3.86,3.0
1758086935.54319,1758086935.51975,0.0,0.0,0.0,-11.45916,-31.51268,13.75099,10.07,2.38,4.06,3.0
1758086935.56049,1758086935.52975,0.0,0.0,0.0,-14.38124,-36.84119,14.83961,8.82,2.07,3.55,3.0
1758086935.56142,1758086935.53975,0.0,0.0,0.0,-17.18874,-42.05511,15.87093,8.82,2.07,3.55,3.0
1758086935.57649,1758086935.54975,0.0,0.0,0.0,-19.82434,-47.32632,16.21471,7.41,1.69,3.21,3.0
1758086935.57747,1758086935.55975,0.0,0.0,0.0,-23.83505,-53.68615,16.21471,7.41,1.69,3.21,3.0
1758086935.59252,1758086935.56975,0.0,0.0,0.0,-26.52795,-56.89471,15.24068,6.95,1.32,3.52,3.0
1758086935.6085,1758086935.57975,0.0,0.0,0.0,-29.39274,-58.4417,14.09476,6.95,1.32,3.52,3.0
1758086935.60948,1758086935.58975,0.0,0.0,0.0,-31.85646,-59.35843,12.14671,7.67,1.06,3.7,3.0
1758086935.62504,1758086935.59975,0.0,0.0,0.0,-34.60666,-57.81144,11.00079,8.72,0.74,3.55,3.0
1758086935.62625,1758086935.60975,0.0,0.0,0.0,-35.86716,-55.29043,10.08406,8.72,0.74,3.55,3.0
1758086935.64228,1758086935.61975,0.0,0.0,0.0,-36.7266,-51.85268,9.28192,9.32,0.27,3.05,3.0
1758086935.65828,1758086935.62975,0.0,0.0,0.0,-37.52874,-44.57612,8.30789,9.32,0.27,3.05,3.0
1758086935.65942,1758086935.63975,0.0,0.0,0.0,-37.81522,-39.3622,7.96411,9.38,-0.15,2.52,3.0
1758086935.67447,1758086935.64975,0.0,0.0,0.0,-37.75792,-33.17426,8.136,9.38,-0.15,2.52,3.0
1758086935.67652,1758086935.65975,0.0,0.0,0.0,-37.24226,-27.2155,8.65166,9.35,-0.34,2.22,3.0
1758086935.69254,1758086935.66975,0.0,0.0,0.0,-35.58068,-17.6471,10.02676,9.36,-0.34,1.96,3.0
1758086935.70955,1758086935.67975,0.0,0.0,0.0,-33.63263,-11.51645,11.51645,9.36,-0.33,1.96,3.0
1758086935.71057,1758086935.68975,0.0,0.0,0.0,-31.2262,-5.50039,13.17803,9.32,-0.29,1.7,3.0
1758086935.72552,1758086935.69975,0.0,0.0,0.0,-28.76248,0.40107,14.78231,9.32,-0.29,1.7,3.0
1758086935.7265,1758086935.70975,0.0,0.0,0.0,-25.55392,9.22462,17.18874,9.35,-0.28,1.56,3.0
1758086935.74257,1758086935.71975,0.0,0.0,0.0,-23.89234,14.09476,18.44924,9.35,-0.28,1.56,3.0
1758086935.75854,1758086935.72975,0.0,0.0,0.0,-22.86102,17.01685,19.48057,8.98,-0.14,1.64,3.0
1758086935.7595,1758086935.73975,0.0,0.0,0.0,-22.57454,18.90761,20.16812,8.98,-0.14,1.64,3.0
1758086935.77457,1758086935.74975,0.0,0.0,0.0,-23.0902,21.48592,20.51189,8.56,0.0,1.84,3.0
1758086935.79026,1758086935.75975,0.0,0.0,0.0,-24.17882,22.40265,20.11082,8.4,0.07,1.86,3.0
1758086935.7923,1758086935.76975,0.0,0.0,0.0,-25.49662,22.86102,19.36597,8.4,0.07,1.86,3.0
1758086935.80755,1758086935.77975,0.0,0.0,0.0,-26.87172,22.63183,16.84496,8.17,0.12,1.78,3.0
1758086935.80847,1758086935.78975,0.0,0.0,0.0,-29.39274,21.88699,14.66772,8.17,0.12,1.78,3.0
1758086935.82351,1758086935.79975,0.0,0.0,0.0,-30.93972,20.85567,12.43318,8.04,0.06,1.82,3.0
1758086935.84056,1758086935.80975,0.0,0.0,0.0,-32.25753,20.34,10.19865,8.04,0.06,1.82,3.0
1758086935.8415,1758086935.81975,0.0,0.0,0.0,-33.9764,16.95955,6.53172,7.96,-0.05,1.85,3.0
1758086935.85656,1758086935.82975,0.0,0.0,0.0,-34.77854,13.69369,4.58366,7.56,-0.15,1.94,3.0
1758086935.85751,1758086935.83975,0.0,0.0,0.0,-35.12231,11.28727,2.6929,7.56,-0.15,1.94,3.0
1758086935.87432,1758086935.84975,0.0,0.0,0.0,-34.89313,8.36518,1.83346,7.54,-0.29,1.84,3.0
1758086935.89036,1758086935.85975,0.0,0.0,0.0,-33.80451,6.58902,1.43239,7.54,-0.29,1.84,3.0
1758086935.89243,1758086935.86975,0.0,0.0,0.0,-32.48671,6.13065,1.94806,7.89,-0.53,1.91,3.0
1758086935.90762,1758086935.87975,0.0,0.0,0.0,-30.76784,5.27121,2.97938,7.89,-0.53,1.91,3.0
1758086935.91098,1758086935.88975,0.0,0.0,0.0,-28.64789,4.87014,4.35448,8.17,-0.76,1.85,3.0
1758086935.92634,1758086935.89975,0.0,0.0,0.0,-25.15285,6.07335,6.24524,8.76,-0.91,1.72,3.0
1758086935.92919,1758086935.90975,0.0,0.0,0.0,-22.51724,7.39116,7.39116,8.76,-0.91,1.72,3.0
1758086935.94467,1758086935.91975,0.0,0.0,0.0,-19.99623,9.11003,8.25059,9.24,-0.9,1.39,3.0
1758086935.96061,1758086935.92975,0.0,0.0,0.0,-17.58981,11.00079,8.76626,9.24,-0.9,1.39,3.0
1758086935.96159,1758086935.93975,0.0,0.0,0.0,-14.49583,13.40721,8.42248,9.67,-0.82,1.61,3.0
1758086935.97668,1758086935.94975,0.0,0.0,0.0,-12.89155,15.46986,7.79223,9.67,-0.82,1.61,3.0
1758086935.9776,1758086935.95975,0.0,0.0,0.0,-11.80293,17.30333,6.7609,10.01,-0.73,1.81,3.0
1758086935.99336,1758086935.96975,0.0,0.0,0.0,-11.00079,18.10547,5.4431,10.01,-0.73,1.81,3.0
1758086936.00966,1758086935.97975,0.0,0.0,0.0,-10.31324,19.36597,3.09397,9.95,-0.63,1.85,3.0
1758086936.01059,1758086935.98975,0.0,0.0,0.0,-10.02676,19.99623,1.43239,9.95,-0.54,1.73,3.0
1758086936.0257,1758086935.99975,0.0,0.0,0.0,-9.68299,20.74107,-0.0573,9.95,-0.54,1.73,3.0
1758086936.02681,1758086936.00975,0.0,0.0,0.0,-8.76626,22.63183,-1.71887,10.16,-0.48,1.55,3.0
1758086936.04242,1758086936.01975,0.0,0.0,0.0,-7.67763,24.12152,-2.63561,10.16,-0.48,1.55,3.0
1758086936.05858,1758086936.02975,0.0,0.0,0.0,-6.13065,25.26744,-3.26586,10.42,-0.47,1.43,3.0
1758086936.05957,1758086936.03975,0.0,0.0,0.0,-4.46907,26.81443,-3.55234,10.42,-0.47,1.43,3.0
1758086936.07467,1758086936.04975,0.0,0.0,0.0,-1.14592,31.2262,-4.64096,10.51,-0.6,1.33,3.0
1758086936.07637,1758086936.05975,0.0,0.0,0.0,1.08862,34.37747,-5.84417,10.58,-0.8,1.16,3.0
1758086936.09237,1758086936.06975,0.0,0.0,0.0,3.66693,38.21629,-7.04738,10.58,-0.8,1.16,3.0
1758086936.11019,1758086936.07975,0.0,0.0,0.0,6.18794,41.13837,-8.25059,10.7,-0.92,1.25,3.0
1758086936.11136,1758086936.08975,0.0,0.0,0.0,10.37054,37.64333,-10.25595,10.7,-0.92,1.25,3.0
1758086936.17361,1758086936.09975,0.0,0.0,0.0,12.83425,24.17882,-11.45916,10.19,-1.02,1.63,3.0
1758086936.17638,1758086936.10975,0.0,0.0,0.0,15.98552,0.45837,-10.31324,10.19,-1.02,1.63,3.0
1758086936.17677,1758086936.11975,0.0,0.0,0.0,18.16276,-16.50119,-7.39116,9.62,-1.55,3.11,3.0
1758086936.17953,1758086936.12975,0.0,0.0,0.0,16.50119,-25.38203,-1.03132,12.97,-1.79,4.7,3.0
1758086936.18017,1758086936.13975,0.0,0.0,0.0,13.23533,-30.53865,2.6929,12.97,-1.79,4.7,3.0
1758086936.18139,1758086936.14975,0.0,0.0,0.0,9.74028,-28.70519,6.07335,13.79,-0.17,4.5,3.0
1758086936.18237,1758086936.15975,0.0,0.0,0.0,6.35983,-18.79302,6.58902,13.79,-0.17,4.5,3.0
1758086936.19775,1758086936.16975,0.0,0.0,0.0,3.89611,2.06265,4.58366,14.7,1.34,3.05,3.0
1758086936.19943,1758086936.17975,0.0,0.0,0.0,2.97938,5.84417,1.03132,14.7,1.34,3.05,3.0
1758086936.21466,1758086936.18975,0.0,0.0,0.0,4.35448,1.20321,-1.71887,13.14,1.3,3.48,3.0
1758086936.23042,1758086936.19975,0.0,0.0,0.0,7.79223,-5.15662,-5.27121,13.14,1.3,3.48,3.0
1758086936.23204,1758086936.20975,0.0,0.0,0.0,9.96947,-10.48513,-7.04738,12.07,-0.34,3.94,3.0
1758086936.24645,1758086936.21975,0.0,0.0,0.0,11.80293,-12.08941,-8.30789,11.74,-1.42,3.93,3.0
1758086936.24917,1758086936.22975,0.0,0.0,0.0,13.5218,-13.34992,-8.70896,11.74,-1.42,3.93,3.0
1758086936.26547,1758086936.23975,0.0,0.0,0.0,16.61578,-13.98017,-9.33921,10.71,-1.46,3.51,3.0
1758086936.26638,1758086936.24975,0.0,0.0,0.0,19.25138,-14.32395,-9.62569,10.71,-1.46,3.51,3.0
1758086936.28325,1758086936.25975,0.0,0.0,0.0,22.11617,-14.20935,-9.96947,9.17,-0.95,3.28,3.0
1758086936.2994,1758086936.26975,0.0,0.0,0.0,24.98096,-13.23533,-10.31324,9.17,-0.95,3.28,3.0
1758086936.30055,1758086936.27975,0.0,0.0,0.0,28.59059,-9.96947,-10.65701,7.99,-0.37,3.49,3.0
1758086936.31568,1758086936.28975,0.0,0.0,0.0,31.45539,-13.40721,-10.31324,7.23,0.01,3.69,3.0
1758086936.31665,1758086936.29975,0.0,0.0,0.0,33.00237,-15.46986,-10.59972,7.23,0.01,3.69,3.0
1758086936.3327,1758086936.30975,0.0,0.0,0.0,34.37747,-35.58068,-9.33921,6.27,0.24,3.35,3.0
1758086936.34846,1758086936.31975,0.0,0.0,0.0,35.52338,-56.49364,-6.70361,6.27,0.24,3.35,3.0
1758086936.35057,1758086936.32975,0.0,0.0,0.0,35.2942,-59.24384,-3.95341,7.61,0.17,3.2,3.0
1758086936.36569,1758086936.33975,0.0,0.0,0.0,35.12231,-53.45696,-2.40642,7.61,0.17,3.2,3.0
1758086936.36691,1758086936.34975,0.0,0.0,0.0,34.26288,-44.8053,-1.71887,10.37,0.58,2.4,3.0
1758086936.38276,1758086936.35975,0.0,0.0,0.0,31.74186,-37.29956,-1.83346,10.05,1.08,2.81,3.0
1758086936.39849,1758086936.36975,0.0,0.0,0.0,28.99167,-32.83048,-3.09397,10.05,1.08,2.81,3.0
1758086936.39969,1758086936.37975,0.0,0.0,0.0,25.7831,-27.1582,-5.32851,9.23,1.4,2.59,3.0
1758086936.41447,1758086936.38975,0.0,0.0,0.0,21.6578,-21.25674,-9.74028,9.23,1.4,2.59,3.0
1758086936.43045,1758086936.39975,0.0,0.0,0.0,15.29797,-11.57375,-12.77696,9.17,1.78,2.32,3.0
1758086936.4317,1758086936.40975,0.0,0.0,0.0,11.51645,-5.78687,-15.35527,9.17,1.78,2.32,3.0
1758086936.44776,1758086936.41975,0.0,0.0,0.0,8.30789,-1.48969,-17.18874,9.34,1.95,2.27,3.0
1758086936.4487,1758086936.42975,0.0,0.0,0.0,4.81285,5.15662,-19.25138,9.34,1.95,2.27,3.0
1758086936.46375,1758086936.43975,0.0,0.0,0.0,3.38045,8.30789,-19.42327,9.32,1.68,2.08,3.0
1758086936.48049,1758086936.44975,0.0,0.0,0.0,2.29183,11.63104,-18.9649,9.43,1.15,1.91,3.0
1758086936.48171,1758086936.45975,0.0,0.0,0.0,2.00535,14.72501,-17.99088,9.43,1.15,1.91,3.0
1758086936.49653,1758086936.46975,0.0,0.0,0.0,2.11994,18.62113,-15.98552,9.38,0.69,1.97,3.0
1758086936.49766,1758086936.47975,0.0,0.0,0.0,3.03668,21.02755,-14.32395,9.38,0.69,1.97,3.0
1758086936.51252,1758086936.48975,0.0,0.0,0.0,4.52637,23.94964,-12.71966,9.1,0.41,1.86,3.0
1758086936.52851,1758086936.49975,0.0,0.0,0.0,6.13065,26.69983,-11.57375,9.1,0.41,1.86,3.0
1758086936.52971,1758086936.50975,0.0,0.0,0.0,9.05273,27.67386,-10.54242,8.9,0.38,1.95,3.0
1758086936.54532,1758086936.51975,0.0,0.0,0.0,10.94349,28.13223,-9.96947,8.52,0.45,1.97,3.0
1758086936.54679,1758086936.52975,0.0,0.0,0.0,12.71966,29.39274,-9.68299,8.52,0.45,1.97,3.0
1758086936.56294,1758086936.53975,0.0,0.0,0.0,14.15206,29.27814,-9.85487,8.34,0.56,1.85,3.0
1758086936.57979,1758086936.54975,0.0,0.0,0.0,16.21471,28.30412,-9.68299,8.34,0.56,1.85,3.0
1758086936.58072,1758086936.55975,0.0,0.0,0.0,17.36062,27.50197,-9.33921,8.09,0.65,1.93,3.0
1758086936.59553,1758086936.56975,0.0,0.0,0.0,18.62113,25.55392,-8.65166,8.09,0.65,1.93,3.0
1758086936.59703,1758086936.57975,0.0,0.0,0.0,19.36597,23.0902,-7.73493,7.86,0.71,1.83,3.0
1758086936.61332,1758086936.58975,0.0,0.0,0.0,20.45459,19.36597,-6.53172,7.77,0.78,2.02,3.0
1758086936.6305,1758086936.59975,0.0,0.0,0.0,20.97026,16.50119,-4.98473,7.77,0.78,2.02,3.0
1758086936.63255,1758086936.60975,0.0,0.0,0.0,21.14215,13.80828,-3.66693,7.81,0.86,1.97,3.0
1758086936.64831,1758086936.61975,0.0,0.0,0.0,21.08485,10.8862,-3.09397,7.81,0.86,1.97,3.0
1758086936.65113,1758086936.62975,0.0,0.0,0.0,20.68378,9.28192,-3.49504,7.94,1.03,1.84,3.0
1758086936.66679,1758086936.63975,0.0,0.0,0.0,19.99623,7.16197,-4.81285,7.94,1.03,1.84,3.0
1758086936.6714,1758086936.64975,0.0,0.0,0.0,19.19409,5.21392,-6.53172,8.0,1.28,1.87,3.0
1758086936.68683,1758086936.65975,0.0,0.0,0.0,17.81899,3.32316,-9.74028,8.0,1.28,1.88,3.0
1758086936.68802,1758086936.66975,0.0,0.0,0.0,16.73037,1.77617,-11.57375,8.25,1.46,1.88,3.0
1758086936.70284,1758086936.67975,0.0,0.0,0.0,15.64175,0.85944,-12.71966,8.43,1.46,1.8,3.0
1758086936.71882,1758086936.68975,0.0,0.0,0.0,14.72501,0.80214,-13.00614,8.43,1.46,1.8,3.0
1758086936.71976,1758086936.69975,0.0,0.0,0.0,13.46451,0.80214,-11.86023,8.72,1.31,1.58,3.0
1758086936.73455,1758086936.70975,0.0,0.0,0.0,12.54778,1.77617,-10.37054,8.72,1.31,1.58,3.0
1758086936.75082,1758086936.71975,0.0,0.0,0.0,12.204,3.03668,-8.02141,9.09,1.15,1.46,3.0
1758086936.75173,1758086936.72975,0.0,0.0,0.0,11.57375,5.09932,-5.72958,9.09,1.15,1.46,3.0
1758086936.76656,1758086936.73975,0.0,0.0,0.0,11.34457,7.50575,-1.94806,9.62,1.05,1.59,3.0
1758086936.76779,1758086936.74975,0.0,0.0,0.0,11.28727,9.62569,0.34377,10.06,1.05,1.67,3.0
1758086936.78283,1758086936.75975,0.0,0.0,0.0,11.28727,11.63104,2.40642,10.06,1.05,1.67,3.0
1758086936.79854,1758086936.76975,0.0,0.0,0.0,11.22997,13.34992,3.95341,10.18,1.07,1.69,3.0
1758086936.79974,1758086936.77975,0.0,0.0,0.0,10.48513,15.24068,5.78687,10.18,1.07,1.69,3.0
1758086936.81486,1758086936.78975,0.0,0.0,0.0,9.4538,16.50119,5.09932,10.16,1.18,1.62,3.0
1758086936.83081,1758086936.79975,0.0,0.0,0.0,8.42248,17.58981,4.0107,10.16,1.18,1.62,3.0
1758086936.83203,1758086936.80975,0.0,0.0,0.0,6.47442,18.79302,2.29183,10.27,1.63,1.7,3.0
1758086936.8468,1758086936.81975,0.0,0.0,0.0,5.09932,18.22006,1.3751,10.2,1.86,1.82,3.0
1758086936.84777,1758086936.82975,0.0,0.0,0.0,3.49504,19.07949,1.03132,10.2,1.86,1.82,3.0
1758086936.86256,1758086936.83975,0.0,0.0,0.0,1.43239,21.94428,0.85944,10.55,1.84,1.83,3.0
1758086936.87857,1758086936.84975,0.0,0.0,0.0,-1.43239,25.7831,2.00535,10.55,1.84,1.83,3.0
1758086936.87977,1758086936.85975,0.0,0.0,0.0,-3.72423,25.49662,2.11994,10.67,1.86,1.92,3.0
1758086936.89456,1758086936.86975,0.0,0.0,0.0,-5.90147,22.57454,2.40642,10.67,1.86,1.92,3.0
1758086936.91089,1758086936.87975,0.0,0.0,0.0,-8.25059,18.33465,2.86479,10.49,1.88,2.14,3.0
1758086936.91177,1758086936.88975,0.0,0.0,0.0,-11.17268,13.23533,4.29718,10.93,1.79,2.13,3.0
1758086936.9268,1758086936.89975,0.0,0.0,0.0,-11.80293,6.8182,6.47442,10.93,1.79,2.13,3.0
1758086936.92781,1758086936.90975,0.0,0.0,0.0,-11.91752,-15.24068,8.136,9.99,1.87,2.77,3.0
1758086936.94262,1758086936.91975,0.0,0.0,0.0,-11.45916,-45.49285,6.7609,9.99,1.87,2.77,3.0
1758086936.95862,1758086936.92975,0.0,0.0,0.0,-4.58366,-63.8275,4.1253,10.14,1.47,3.86,3.0
1758086936.95982,1758086936.93975,0.0,0.0,0.0,-0.17189,-62.91077,0.11459,10.14,1.47,3.86,3.0
1758086936.97461,1758086936.94975,0.0,0.0,0.0,3.55234,-49.27437,-4.58366,14.48,0.49,3.51,3.0
1758086936.9906,1758086936.95975,0.0,0.0,0.0,4.81285,-25.55392,-9.11003,14.48,0.49,3.51,3.0
1758086936.99183,1758086936.96975,0.0,0.0,0.0,3.66693,12.54778,-12.43318,17.3,0.38,3.18,3.0
1758086937.00655,1758086936.97975,0.0,0.0,0.0,1.3751,21.02755,-11.28727,14.67,1.46,3.16,3.0
1758086937.0078,1758086936.98975,0.0,0.0,0.0,-1.08862,14.9542,-6.99009,14.67,1.46,3.16,3.0
1758086937.02261,1758086936.99975,0.0,0.0,0.0,-7.21927,-6.41713,-1.3751,10.36,2.55,3.76,3.0
1758086937.03865,1758086937.00975,0.0,0.0,0.0,-11.45916,-26.06958,2.6929,10.36,2.55,3.76,3.0
1758086937.04015,1758086937.01975,0.0,0.0,0.0,-14.78231,-27.78845,6.18794,10.43,2.79,3.44,3.0
1758086937.05494,1758086937.02975,0.0,0.0,0.0,-17.30333,-25.43933,8.76626,10.43,2.79,3.44,3.0
1758086937.0709,1758086937.03975,0.0,0.0,0.0,-20.79837,-27.96034,11.17268,10.91,2.52,3.37,3.0
1758086937.07188,1758086937.04975,0.0,0.0,0.0,-22.74642,-31.28349,12.14671,8.91,2.16,3.22,3.0
1758086937.08694,1758086937.05975,0.0,0.0,0.0,-24.80907,-33.74722,12.54778,8.91,2.16,3.22,3.0
1758086937.08783,1758086937.06975,0.0,0.0,0.0,-27.04361,-35.75257,12.2613,7.49,1.59,3.17,3.0
1758086937.10385,1758086937.07975,0.0,0.0,0.0,-30.13758,-39.82057,11.28727,7.49,1.59,3.17,3.0
1758086937.12089,1758086937.08975,0.0,0.0,0.0,-32.08564,-42.1124,10.25595,7.05,1.12,3.68,3.0
1758086937.12183,1758086937.09975,0.0,0.0,0.0,-33.63263,-43.25832,9.11003,7.05,1.12,3.68,3.0
1758086937.13659,1758086937.10975,0.0,0.0,0.0,-34.95043,-42.51347,8.02141,7.84,0.75,3.89,3.0
1758086937.13779,1758086937.11975,0.0,0.0,0.0,-35.98175,-40.7946,6.99009,8.73,0.36,3.38,3.0
1758086937.15287,1758086937.12975,0.0,0.0,0.0,-36.21093,-37.52874,6.18794,8.73,0.36,3.38,3.0
1758086937.16887,1758086937.13975,0.0,0.0,0.0,-35.98175,-32.54401,5.61499,9.43,0.0,2.72,3.0
1758086937.16983,1758086937.14975,0.0,0.0,0.0,-35.92446,-28.59059,4.64096,9.43,0.0,2.72,3.0
1758086937.18486,1758086937.15975,0.0,0.0,0.0,-35.2369,-21.7151,4.58366,9.52,-0.17,2.47,3.0
1758086937.20063,1758086937.16975,0.0,0.0,0.0,-34.66395,-17.01685,5.21392,9.52,-0.17,2.47,3.0
1758086937.20185,1758086937.17975,0.0,0.0,0.0,-33.86181,-11.34457,6.35983,9.56,-0.13,2.29,3.0
1758086937.21695,1758086937.18975,0.0,0.0,0.0,-32.77319,-5.4431,9.11003,9.56,-0.13,2.29,3.0
1758086937.21785,1758086937.19975,0.0,0.0,0.0,-30.65324,3.83882,11.45916,9.62,-0.06,2.05,3.0
1758086937.2329,1758086937.20975,0.0,0.0,0.0,-29.10626,9.62569,13.46451,9.55,0.0,1.95,3.0
1758086937.24885,1758086937.21975,0.0,0.0,0.0,-27.73116,14.43854,15.29797,9.55,0.0,1.95,3.0
1758086937.24987,1758086937.22975,0.0,0.0,0.0,-26.12688,19.70975,17.87628,9.23,0.07,1.98,3.0
1758086937.26467,1758086937.23975,0.0,0.0,0.0,-25.49662,22.91831,19.19409,9.23,0.07,1.98,3.0
1758086937.28095,1758086937.24975,0.0,0.0,0.0,-25.49662,24.98096,20.3973,8.92,0.14,1.99,3.0
1758086937.28298,1758086937.25975,0.0,0.0,0.0,-26.18417,26.35606,21.08485,8.92,0.14,1.99,3.0
1758086937.29795,1758086937.26975,0.0,0.0,0.0,-27.96034,28.30412,20.85567,8.69,0.09,2.16,3.0
1758086937.30053,1758086937.27975,0.0,0.0,0.0,-29.56462,27.38738,20.68378,8.44,0.05,2.17,3.0
1758086937.31568,1758086937.28975,0.0,0.0,0.0,-31.45539,27.04361,19.59516,8.44,0.05,2.17,3.0
1758086937.31693,1758086937.29975,0.0,0.0,0.0,-33.23156,26.47065,18.50654,8.32,-0.05,2.12,3.0
1758086937.33295,1758086937.30975,0.0,0.0,0.0,-35.52338,25.61122,16.10011,8.32,-0.05,2.12,3.0
1758086937.34895,1758086937.31975,0.0,0.0,0.0,-36.95578,23.89234,14.09476,8.17,-0.08,2.12,3.0
1758086937.34996,1758086937.32975,0.0,0.0,0.0,-37.75792,21.37133,12.204,8.17,-0.08,2.12,3.0
1758086937.36501,1758086937.33975,0.0,0.0,0.0,-38.38818,19.48057,10.37054,7.8,-0.04,2.09,3.0
1758086937.38095,1758086937.34975,0.0,0.0,0.0,-38.50277,17.76169,7.62034,7.74,-0.05,1.9,3.0
1758086937.38271,1758086937.35975,0.0,0.0,0.0,-37.87251,16.90226,5.84417,7.74,-0.05,1.9,3.0
1758086937.40095,1758086937.36975,0.0,0.0,0.0,-36.95578,15.35527,4.69825,7.64,-0.16,1.91,3.0
1758086937.4046,1758086937.37975,0.0,0.0,0.0,-35.58068,14.09476,4.0107,7.64,-0.16,1.91,3.0
1758086937.42076,1758086937.38975,0.0,0.0,0.0,-33.05967,15.24068,2.40642,7.79,-0.42,1.78,3.0
1758086937.44574,1758086937.39975,0.0,0.0,0.0,-30.88243,13.75099,1.48969,7.79,-0.42,1.78,3.0
1758086937.44795,1758086937.40975,0.0,0.0,0.0,-28.36141,11.45916,1.77617,7.84,-0.71,1.73,3.0
1758086937.45881,1758086937.41975,0.0,0.0,0.0,-24.5226,10.94349,2.7502,7.84,-0.71,1.73,3.0
1758086937.45936,1758086937.42975,0.0,0.0,0.0,-22.28806,11.91752,3.66693,8.59,-1.03,1.81,3.0
1758086937.46063,1758086937.43975,0.0,0.0,0.0,-19.88164,13.12073,4.52637,9.21,-1.18,1.76,3.0
1758086937.47606,1758086937.44975,0.0,0.0,0.0,-17.76169,14.20935,5.4431,9.21,-1.18,1.76,3.0
1758086937.47855,1758086937.45975,0.0,0.0,0.0,-14.9542,15.87093,5.84417,9.43,-1.05,1.92,3.0
1758086937.49552,1758086937.46975,0.0,0.0,0.0,-13.23533,18.16276,5.55769,9.43,-1.05,1.92,3.0
1758086937.49698,1758086937.47975,0.0,0.0,0.0,-11.86023,20.34,4.98473,9.82,-0.78,1.99,3.0
1758086937.51404,1758086937.48975,0.0,0.0,0.0,-10.65701,21.25674,4.23989,9.82,-0.78,1.99,3.0
1758086937.53082,1758086937.49975,0.0,0.0,0.0,-8.30789,23.49127,2.6929,10.03,-0.51,2.01,3.0
1758086937.53204,1758086937.50975,0.0,0.0,0.0,-6.70361,25.21014,2.00535,10.45,-0.38,1.92,3.0
1758086937.54703,1758086937.51975,0.0,0.0,0.0,-4.87014,26.06958,1.48969,10.45,-0.38,1.92,3.0
1758086937.54796,1758086937.52975,0.0,0.0,0.0,-3.20856,27.50197,1.14592,10.54,-0.42,1.68,3.0
1758086937.56299,1758086937.53975,0.0,0.0,0.0,-0.22918,34.26288,0.34377,10.54,-0.42,1.68,3.0
1758086937.58005,1758086937.54975,0.0,0.0,0.0,1.60428,38.90384,-0.45837,10.95,-0.59,1.42,3.0
1758086937.58099,1758086937.55975,0.0,0.0,0.0,3.60963,41.94051,-1.71887,10.95,-0.59,1.42,3.0
1758086937.59606,1758086937.56975,0.0,0.0,0.0,5.78687,42.85724,-3.49504,10.91,-0.73,1.64,3.0
1758086937.59725,1758086937.57975,0.0,0.0,0.0,8.99544,42.85724,-6.35983,11.07,-0.9,1.84,3.0
1758086937.61394,1758086937.58975,0.0,0.0,0.0,11.57375,41.25296,-8.25059,11.07,-0.9,1.84,3.0
1758086937.63057,1758086937.59975,0.0,0.0,0.0,13.86558,33.00237,-11.11538,10.86,-1.16,2.28,3.0
1758086937.63203,1758086937.60975,0.0,0.0,0.0,18.44924,3.60963,-10.8862,10.86,-1.16,2.28,3.0
1758086937.64694,1758086937.61975,0.0,0.0,0.0,20.3973,-35.52338,-6.47442,8.93,-1.71,3.92,3.0
1758086937.64816,1758086937.62975,0.0,0.0,0.0,17.81899,-41.36755,-3.49504,8.93,-1.71,3.92,3.0
1758086937.67006,1758086937.63975,0.0,0.0,0.0,13.75099,-39.4195,-0.0573,12.85,-1.55,4.47,3.0
1758086937.69149,1758086937.64975,0.0,0.0,0.0,9.85487,-18.62113,4.58366,12.85,-1.55,4.47,3.0
1758086937.69212,1758086937.65975,0.0,0.0,0.0,7.67763,-5.55769,5.90147,14.99,0.33,4.19,3.0
1758086937.69336,1758086937.66975,0.0,0.0,0.0,6.07335,-0.17189,5.09932,13.95,1.58,3.64,3.0
1758086937.70875,1758086937.67975,0.0,0.0,0.0,5.90147,-1.66158,1.60428,13.95,1.58,3.64,3.0
1758086937.70996,1758086937.68975,0.0,0.0,0.0,7.50575,-10.71431,-4.23989,11.49,1.11,3.97,3.0
1758086937.72497,1758086937.69975,0.0,0.0,0.0,9.28192,-14.72501,-8.0787,11.49,1.11,3.97,3.0
1758086937.74086,1758086937.70975,0.0,0.0,0.0,11.51645,-18.10547,-10.37054,10.98,-0.28,4.41,3.0
1758086937.742,1758086937.71975,0.0,0.0,0.0,14.09476,-19.70975,-11.45916,10.98,-0.28,4.41,3.0
1758086937.75687,1758086937.72975,0.0,0.0,0.0,17.58981,-20.22541,-11.86023,10.62,-1.23,4.26,3.0
1758086937.75917,1758086937.73975,0.0,0.0,0.0,19.36597,-21.7151,-11.86023,9.35,-1.13,3.78,3.0
1758086937.77379,1758086937.74975,0.0,0.0,0.0,21.14215,-24.00693,-11.86023,9.35,-1.13,3.78,3.0
1758086937.79104,1758086937.75975,0.0,0.0,0.0,22.86102,-25.43933,-11.28727,7.92,-0.72,3.73,3.0
1758086937.79204,1758086937.76975,0.0,0.0,0.0,24.35071,-23.89234,-10.19865,7.92,-0.72,3.73,3.0
1758086937.80717,1758086937.77975,0.0,0.0,0.0,24.80907,-20.45459,-9.22462,7.83,-0.31,3.89,3.0
1758086937.80802,1758086937.78975,0.0,0.0,0.0,24.35071,-18.22006,-8.88085,7.83,-0.31,3.89,3.0
1758086937.8231,1758086937.79975,0.0,0.0,0.0,23.60586,-19.59516,-7.79223,7.92,0.1,3.93,3.0
1758086937.83886,1758086937.80975,0.0,0.0,0.0,21.37133,-37.29956,-7.50575,7.03,0.49,3.58,3.0
1758086937.84034,1758086937.81975,0.0,0.0,0.0,20.74107,-55.00395,-6.58902,7.03,0.49,3.58,3.0
1758086937.85486,1758086937.82975,0.0,0.0,0.0,19.13679,-61.76485,-3.60963,7.34,0.67,3.49,3.0
1758086937.87095,1758086937.83975,0.0,0.0,0.0,17.30333,-54.431,-0.80214,7.34,0.67,3.49,3.0
1758086937.87315,1758086937.84975,0.0,0.0,0.0,16.04282,-45.55015,-0.17189,10.07,0.83,2.8,3.0
1758086937.89085,1758086937.85975,0.0,0.0,0.0,14.49583,-38.90384,0.0,10.07,0.83,2.8,3.0
1758086937.89268,1758086937.86975,0.0,0.0,0.0,12.43318,-35.06502,0.17189,9.62,1.09,3.11,3.0
1758086937.90868,1758086937.87975,0.0,0.0,0.0,7.84952,-26.06958,-3.09397,9.03,1.09,2.53,3.0
1758086937.90988,1758086937.88975,0.0,0.0,0.0,4.81285,-17.13144,-6.13065,9.03,1.34,2.53,3.0
1758086937.92512,1758086937.89975,0.0,0.0,0.0,1.66158,-8.70896,-9.5684,9.37,1.57,1.96,3.0
1758086937.94117,1758086937.90975,0.0,0.0,0.0,-0.97403,-2.11994,-12.54778,9.37,1.57,1.96,3.0
1758086937.94243,1758086937.91975,0.0,0.0,0.0,-3.72423,3.49504,-16.90226,9.2,1.47,2.15,3.0
1758086937.95691,1758086937.92975,0.0,0.0,0.0,-4.81285,6.47442,-18.79302,9.2,1.47,2.15,3.0
1758086937.95811,1758086937.93975,0.0,0.0,0.0,-5.27121,10.8289,-20.68378,9.1,1.0,2.09,3.0
1758086937.97321,1758086937.94975,0.0,0.0,0.0,-4.64096,13.69369,-20.79837,9.1,1.0,2.09,3.0
1758086937.98918,1758086937.95975,0.0,0.0,0.0,-2.6929,18.27736,-20.16812,9.1,0.49,2.04,3.0
1758086937.99169,1758086937.96975,0.0,0.0,0.0,-0.74485,20.97026,-18.85031,9.05,0.19,2.15,3.0
1758086938.00816,1758086937.97975,0.0,0.0,0.0,1.83346,22.11617,-17.36062,9.05,0.19,2.15,3.0
1758086938.00913,1758086937.98975,0.0,0.0,0.0,4.87014,22.51724,-15.12609,8.68,0.14,2.12,3.0
1758086938.02473,1758086937.99975,0.0,0.0,0.0,9.62569,23.26209,-13.69369,8.68,0.14,2.12,3.0
1758086938.04103,1758086938.00975,0.0,0.0,0.0,12.83425,22.51724,-12.60507,8.49,0.27,2.21,3.0
1758086938.04245,1758086938.01975,0.0,0.0,0.0,15.46986,20.79837,-11.86023,8.49,0.27,2.21,3.0
1758086938.05695,1758086938.02975,0.0,0.0,0.0,19.13679,17.81899,-11.51645,8.06,0.47,2.3,3.0
1758086938.05816,1758086938.03975,0.0,0.0,0.0,20.97026,15.64175,-11.57375,7.8,0.63,2.29,3.0
1758086938.07319,1758086938.04975,0.0,0.0,0.0,22.28806,13.34992,-11.28727,7.8,0.63,2.29,3.0
