timeStamp,motor_angle_L_uint16,motor_angle_L_float,motor_angle_R_uint16,motor_angle_R_float,motor_vel_L_int16,motor_vel_L_float,motor_vel_R_int16,motor_vel_R_float,flag_num
1758088275.26112,38087.0,209.22134,32280.0,177.32204,2059.0,57.19444,-502.0,-13.94444,2.0
1758088275.26126,37976.0,208.61157,32259.0,177.20668,2321.0,64.47222,-328.0,-9.11111,2.0
1758088275.27502,37850.0,207.91943,32248.0,177.14626,2628.0,73.0,-127.0,-3.52778,2.0
1758088275.27571,37706.0,207.1284,32248.0,177.14626,2978.0,82.72222,56.0,1.55556,2.0
1758088275.29195,37542.0,206.22752,32251.0,177.16273,3377.0,93.80556,92.0,2.55556,2.0
1758088275.29276,37366.0,205.2607,32260.0,177.21217,3595.0,99.86111,262.0,7.27778,2.0
1758088275.30795,37179.0,204.23346,32280.0,177.32204,3777.0,104.91666,474.0,13.16667,2.0
1758088275.32395,36979.0,203.1348,32310.0,177.48683,4040.0,112.22222,652.0,18.11111,2.0
1758088275.32477,36766.0,201.96475,32350.0,177.70657,4314.0,119.83334,944.0,26.22222,2.0
1758088275.34101,36542.0,200.73427,32411.0,178.04166,4457.0,123.80556,1362.0,37.83333,2.0
1758088275.34143,36312.0,199.47083,32489.0,178.47014,4562.0,126.72222,1706.0,47.38889,2.0
1758088275.35698,36077.0,198.1799,32589.0,179.01945,4681.0,130.02777,2114.0,58.72222,2.0
1758088275.37304,35839.0,196.87251,32704.0,179.65118,4665.0,129.58333,2384.0,66.22222,2.0
1758088275.37388,35609.0,195.60905,32825.0,180.31586,4399.0,122.19444,2329.0,64.69444,2.0
1758088275.38903,35398.0,194.44998,32937.0,180.93111,3932.0,109.22222,2106.0,58.5,2.0
1758088275.40569,35212.0,193.42825,33035.0,181.46944,3459.0,96.08334,1823.0,50.63889,2.0
1758088275.40653,35050.0,192.53835,33122.0,181.94734,2993.0,83.13889,1659.0,46.08333,2.0
1758088275.42202,34910.0,191.76927,33210.0,182.43077,2635.0,73.19444,1803.0,50.08333,2.0
1758088275.42311,34780.0,191.05516,33308.0,182.9691,2534.0,70.38889,2088.0,58.0,2.0
1758088275.43801,34651.0,190.34653,33426.0,183.61731,2565.0,71.25,2572.0,71.44444,2.0
1758088275.45477,34519.0,189.62143,33573.0,184.4248,2652.0,73.66666,3155.0,87.63889,2.0
1758088275.45604,34381.0,188.86334,33751.0,185.40262,2728.0,75.77778,3773.0,104.80556,2.0
1758088275.47137,34243.0,188.10529,33959.0,186.54521,2694.0,74.83334,4353.0,120.91666,2.0
1758088275.47177,34108.0,187.36369,34193.0,187.83063,2583.0,71.75,4798.0,133.27777,2.0
1758088275.48705,33985.0,186.68803,34447.0,189.22592,2267.0,62.97222,5113.0,142.02777,2.0
1758088275.50305,33881.0,186.11673,34711.0,190.67613,1869.0,51.91667,5193.0,144.25,2.0
1758088275.50377,33803.0,185.68826,34971.0,192.10439,1322.0,36.72222,5051.0,140.30556,2.0
1758088275.51946,33753.0,185.4136,35221.0,193.47769,759.0,21.08333,4865.0,135.13889,2.0
1758088275.53507,33732.0,185.29825,35461.0,194.79607,155.0,4.30556,4627.0,128.52777,2.0
1758088275.53577,33736.0,185.32022,35688.0,196.04301,-144.0,-4.0,4422.0,122.83334,2.0
1758088275.55105,33743.0,185.35867,35907.0,197.24605,-109.0,-3.02778,4284.0,119.0,2.0
1758088275.55176,33748.0,185.38614,36122.0,198.42709,-85.0,-2.36111,4257.0,118.25,2.0
1758088275.56703,33750.0,185.39713,36339.0,199.61914,-2.0,-0.05556,4280.0,118.88889,2.0
1758088275.58306,33749.0,185.39163,36553.0,200.79469,35.0,0.97222,4178.0,116.05556,2.0
1758088275.58375,33747.0,185.38065,36762.0,201.94278,30.0,0.83333,4064.0,112.88889,2.0
1758088275.59902,33745.0,185.36966,36967.0,203.06888,60.0,1.66667,4008.0,111.33334,2.0
1758088275.61503,33741.0,185.34769,37169.0,204.17853,112.0,3.11111,3930.0,109.16666,2.0
1758088275.61626,33732.0,185.29825,37367.0,205.26619,202.0,5.61111,3881.0,107.80556,2.0
1758088275.63136,33720.0,185.23233,37559.0,206.32091,263.0,7.30556,3755.0,104.30556,2.0
1758088275.63178,33701.0,185.12796,37744.0,207.33714,467.0,12.97222,3606.0,100.16666,2.0
1758088275.64703,33670.0,184.95767,37920.0,208.30396,742.0,20.61111,3372.0,93.66666,2.0
1758088275.66307,33628.0,184.72693,38085.0,209.21036,827.0,22.97222,3095.0,85.97222,2.0
1758088275.66375,33590.0,184.51819,38229.0,210.00137,685.0,19.02778,2597.0,72.13889,2.0
1758088275.67905,33558.0,184.34241,38343.0,210.62761,612.0,17.0,1983.0,55.08333,2.0
1758088275.69544,33525.0,184.16113,38430.0,211.10551,672.0,18.66667,1493.0,41.47222,2.0
1758088275.69584,33491.0,183.97437,38494.0,211.45708,640.0,17.77778,1103.0,30.63889,2.0
1758088275.71102,33459.0,183.79858,38541.0,211.71527,677.0,18.80556,779.0,21.63889,2.0
1758088275.71175,33419.0,183.57886,38570.0,211.87457,873.0,24.25,429.0,11.91667,2.0
1758088275.7271,33368.0,183.29869,38586.0,211.96246,1082.0,30.05556,260.0,7.22222,2.0
1758088275.74305,33312.0,182.99107,38595.0,212.0119,1143.0,31.75,105.0,2.91667,2.0
1758088275.74374,33248.0,182.63951,38596.0,212.0174,1311.0,36.41667,-14.0,-0.38889,2.0
1758088275.75905,33182.0,182.27696,38596.0,212.0174,1298.0,36.05556,0.0,0.0,2.0
1758088275.77505,33114.0,181.9034,38596.0,212.0174,1347.0,37.41667,-9.0,-0.25,2.0
1758088275.77582,33049.0,181.54634,38596.0,212.0174,1244.0,34.55556,0.0,0.0,2.0
1758088275.79109,32987.0,181.20576,38595.0,212.0119,1208.0,33.55556,-9.0,-0.25,2.0
1758088275.79222,32932.0,180.90364,38594.0,212.00641,1003.0,27.86111,-10.0,-0.27778,2.0
1758088275.80703,32883.0,180.63446,38594.0,212.00641,953.0,26.47222,-4.0,-0.11111,2.0
1758088275.82304,32837.0,180.38177,38593.0,212.00092,846.0,23.5,-9.0,-0.25,2.0
1758088275.8237,32798.0,180.16754,38593.0,212.00092,726.0,20.16667,0.0,0.0,2.0
1758088275.83935,32759.0,179.95331,38593.0,212.00092,794.0,22.05556,0.0,0.0,2.0
1758088275.85501,32718.0,179.72809,38593.0,212.00092,792.0,22.0,0.0,0.0,2.0
1758088275.85572,32677.0,179.50285,38593.0,212.00092,833.0,23.13889,0.0,0.0,2.0
1758088275.87103,32631.0,179.25017,38593.0,212.00092,1018.0,28.27778,0.0,0.0,2.0
1758088275.87172,32576.0,178.94804,38593.0,212.00092,1061.0,29.47222,-12.0,-0.33333,2.0
1758088275.88708,32524.0,178.6624,38591.0,211.98993,1057.0,29.36111,-36.0,-1.0,2.0
1758088275.90301,32470.0,178.36577,38588.0,211.97345,1070.0,29.72222,-60.0,-1.66667,2.0
1758088275.90374,32420.0,178.09109,38584.0,211.95148,919.0,25.52778,-101.0,-2.80556,2.0
1758088275.91909,32371.0,177.82193,38576.0,211.90753,1011.0,28.08333,-195.0,-5.41667,2.0
1758088275.93504,32320.0,177.54178,38559.0,211.81415,988.0,27.44444,-443.0,-12.30556,2.0
1758088275.93575,32272.0,177.27809,38529.0,211.64935,949.0,26.36111,-728.0,-20.22222,2.0
1758088275.95097,32219.0,176.98695,38486.0,211.41313,1123.0,31.19444,-901.0,-25.02778,2.0
1758088275.95183,32164.0,176.68481,38436.0,211.13847,1070.0,29.72222,-1054.0,-29.27778,2.0
1758088275.96699,32111.0,176.39368,38376.0,210.80888,1045.0,29.02778,-1316.0,-36.55556,2.0
1758088275.98298,32059.0,176.10803,38303.0,210.40788,981.0,27.25,-1556.0,-43.22222,2.0
1758088275.98412,32015.0,175.86633,38216.0,209.92996,803.0,22.30556,-1853.0,-51.47222,2.0
1758088275.99899,31978.0,175.66309,38115.0,209.37515,676.0,18.77778,-2120.0,-58.88889,2.0
1758088276.01502,31948.0,175.49829,37996.0,208.72144,513.0,14.25,-2490.0,-69.16666,2.0
1758088276.0157,31927.0,175.38292,37861.0,207.97986,328.0,9.11111,-2803.0,-77.86111,2.0
1758088276.03134,31916.0,175.32249,37712.0,207.16136,133.0,3.69444,-3061.0,-85.02778,2.0
1758088276.03174,31914.0,175.31151,37549.0,206.26598,-51.0,-1.41667,-3356.0,-93.22222,2.0
1758088276.04701,31921.0,175.34996,37370.0,205.28267,-198.0,-5.5,-3698.0,-102.72222,2.0
1758088276.06299,31939.0,175.44885,37169.0,204.17853,-490.0,-13.61111,-4116.0,-114.33334,2.0
1758088276.06409,31976.0,175.6521,36951.0,202.98099,-928.0,-25.77778,-4478.0,-124.38889,2.0
1758088276.07938,32035.0,175.9762,36710.0,201.65712,-1334.0,-37.05556,-4905.0,-136.25,2.0
1758088276.09506,32118.0,176.43213,36452.0,200.23987,-1836.0,-51.0,-5187.0,-144.08333,2.0
1758088276.09621,32219.0,176.98695,36189.0,198.79514,-2089.0,-58.02778,-5124.0,-142.33333,2.0
1758088276.111,32325.0,177.56924,35939.0,197.42183,-2075.0,-57.63889,-4788.0,-133.0,2.0
1758088276.1121,32424.0,178.11307,35707.0,196.14738,-1829.0,-50.80556,-4424.0,-122.88889,2.0
1758088276.12698,32512.0,178.59648,35494.0,194.97734,-1636.0,-45.44444,-4097.0,-113.80556,2.0
1758088276.14303,32592.0,179.03593,35298.0,193.90067,-1604.0,-44.55556,-3710.0,-103.05556,2.0
1758088276.14376,32676.0,179.49736,35117.0,192.90639,-1701.0,-47.25,-3470.0,-96.38889,2.0
1758088276.15899,32772.0,180.02472,34945.0,191.96156,-2061.0,-57.25,-3358.0,-93.27778,2.0
1758088276.17503,32888.0,180.66193,34775.0,191.02769,-2508.0,-69.66666,-3375.0,-93.75,2.0
1758088276.17628,33030.0,181.44197,34603.0,190.08286,-3045.0,-84.58334,-3436.0,-95.44444,2.0
1758088276.19106,33198.0,182.36485,34430.0,189.13251,-3527.0,-97.97222,-3362.0,-93.38889,2.0
1758088276.19221,33390.0,183.41954,34264.0,188.22064,-3946.0,-109.61111,-3145.0,-87.36111,2.0
1758088276.20721,33597.0,184.55664,34116.0,187.40764,-4166.0,-115.72222,-2748.0,-76.33334,2.0
1758088276.22306,33816.0,185.75967,33991.0,186.72099,-4390.0,-121.94444,-2218.0,-61.61111,2.0
1758088276.22415,34041.0,186.99565,33894.0,186.18814,-4464.0,-124.0,-1641.0,-45.58333,2.0
1758088276.239,34267.0,188.23712,33828.0,185.82559,-4407.0,-122.41666,-1066.0,-29.61111,2.0
1758088276.25502,34489.0,189.45663,33793.0,185.63333,-4345.0,-120.69444,-378.0,-10.5,2.0
1758088276.25618,34712.0,190.68163,33788.0,185.60587,-4332.0,-120.33334,31.0,0.86111,2.0
1758088276.27107,34932.0,191.89012,33788.0,185.60587,-4355.0,-120.97222,0.0,0.0,2.0
1758088276.27177,35154.0,193.10963,33788.0,185.60587,-4375.0,-121.52778,0.0,0.0,2.0
1758088276.28699,35376.0,194.32913,33788.0,185.60587,-4399.0,-122.19444,0.0,0.0,2.0
1758088276.30305,35599.0,195.55412,33788.0,185.60587,-4447.0,-123.52778,0.0,0.0,2.0
1758088276.3043,35826.0,196.8011,33788.0,185.60587,-4510.0,-125.27778,0.0,0.0,2.0
1758088276.31902,36053.0,198.04807,33788.0,185.60587,-4463.0,-123.97222,0.0,0.0,2.0
1758088276.33506,36275.0,199.26758,33787.0,185.60037,-4362.0,-121.16666,-8.0,-0.22222,2.0
1758088276.33579,36493.0,200.4651,33787.0,185.60037,-4292.0,-119.22222,-11.0,-0.30556,2.0
1758088276.35103,36708.0,201.64613,33786.0,185.59488,-4223.0,-117.30556,-22.0,-0.61111,2.0
1758088276.35177,36918.0,202.79971,33784.0,185.58389,-4104.0,-114.0,-36.0,-1.0,2.0
1758088276.36701,37118.0,203.89838,33782.0,185.57291,-3856.0,-107.11111,-43.0,-1.19444,2.0
1758088276.38307,37308.0,204.94209,33780.0,185.56192,-3701.0,-102.80556,-31.0,-0.86111,2.0
1758088276.38377,37489.0,205.93636,33779.0,185.55643,-3485.0,-96.80556,-20.0,-0.55556,2.0
1758088276.39905,37660.0,206.87572,33777.0,185.54544,-3278.0,-91.05556,-41.0,-1.13889,2.0
1758088276.4155,37821.0,207.76013,33774.0,185.52896,-3076.0,-85.44444,-117.0,-3.25,2.0
1758088276.41592,37968.0,208.56763,33763.0,185.46854,-2799.0,-77.75,-316.0,-8.77778,2.0
1758088276.43107,38103.0,209.30923,33740.0,185.34219,-2556.0,-71.0,-580.0,-16.11111,2.0
1758088276.43158,38224.0,209.97391,33705.0,185.14993,-2289.0,-63.58333,-775.0,-21.52778,2.0
1758088276.44702,38324.0,210.52324,33668.0,184.94669,-1754.0,-48.72222,-706.0,-19.61111,2.0
1758088276.46309,38398.0,210.92973,33637.0,184.77637,-1198.0,-33.27778,-536.0,-14.88889,2.0
1758088276.46444,38447.0,211.1989,33609.0,184.62256,-824.0,-22.88889,-602.0,-16.72222,2.0
1758088276.47965,38478.0,211.36919,33574.0,184.4303,-430.0,-11.94444,-734.0,-20.38889,2.0
1758088276.49504,38491.0,211.4406,33534.0,184.21057,-165.0,-4.58333,-809.0,-22.47222,2.0
1758088276.49584,38492.0,211.44609,33490.0,183.96887,57.0,1.58333,-935.0,-25.97222,2.0
1758088276.51099,38490.0,211.4351,33434.0,183.66125,0.0,0.0,-1217.0,-33.80556,2.0
1758088276.5116,38491.0,211.4406,33371.0,183.31517,0.0,0.0,-1292.0,-35.88889,2.0
1758088276.5281,38491.0,211.4406,33300.0,182.92516,0.0,0.0,-1450.0,-40.27778,2.0
1758088276.54408,38490.0,211.4351,33227.0,182.52415,4.0,0.11111,-1460.0,-40.55556,2.0
1758088276.54558,38490.0,211.4351,33151.0,182.10664,10.0,0.27778,-1487.0,-41.30556,2.0
1758088276.56108,38489.0,211.42961,33078.0,181.70564,21.0,0.58333,-1424.0,-39.55556,2.0
1758088276.56184,38488.0,211.42412,33007.0,181.31563,26.0,0.72222,-1326.0,-36.83333,2.0
1758088276.57709,38487.0,211.41862,32943.0,180.96407,28.0,0.77778,-1234.0,-34.27778,2.0
1758088276.59303,38485.0,211.40764,32883.0,180.63446,41.0,1.13889,-1084.0,-30.11111,2.0
1758088276.59386,38482.0,211.39116,32832.0,180.35431,90.0,2.5,-973.0,-27.02778,2.0
1758088276.609,38476.0,211.3582,32784.0,180.09064,127.0,3.52778,-923.0,-25.63889,2.0
1758088276.62507,38469.0,211.31975,32739.0,179.84344,126.0,3.5,-818.0,-22.72222,2.0
1758088276.62583,38467.0,211.30876,32699.0,179.6237,-15.0,-0.41667,-841.0,-23.36111,2.0
1758088276.64103,38468.0,211.31425,32652.0,179.36552,-2.0,-0.05556,-956.0,-26.55556,2.0
1758088276.64182,38468.0,211.31425,32603.0,179.09636,0.0,0.0,-997.0,-27.69444,2.0
1758088276.65702,38467.0,211.30876,32553.0,178.8217,0.0,0.0,-979.0,-27.19444,2.0
1758088276.67306,38465.0,211.29778,32506.0,178.56352,64.0,1.77778,-836.0,-23.22222,2.0
1758088276.67388,38457.0,211.25383,32471.0,178.37126,227.0,6.30556,-561.0,-15.58333,2.0
1758088276.68901,38440.0,211.16045,32447.0,178.23941,393.0,10.91667,-407.0,-11.30556,2.0
1758088276.70505,38416.0,211.02861,32431.0,178.15152,502.0,13.94444,-231.0,-6.41667,2.0
1758088276.70583,38384.0,210.85283,32421.0,178.09659,723.0,20.08333,-220.0,-6.11111,2.0
1758088276.72105,38339.0,210.60564,32411.0,178.04166,950.0,26.38889,-165.0,-4.58333,2.0
1758088276.72183,38289.0,210.33098,32403.0,177.99771,1063.0,29.52778,-157.0,-4.36111,2.0
1758088276.73707,38234.0,210.02884,32395.0,177.95377,1133.0,31.47222,-193.0,-5.36111,2.0
1758088276.75312,38172.0,209.68826,32386.0,177.90433,1243.0,34.52778,-144.0,-4.0,2.0
1758088276.75384,38105.0,209.32022,32379.0,177.86588,1359.0,37.75,-111.0,-3.08333,2.0
1758088276.76906,38029.0,208.90274,32377.0,177.85489,1575.0,43.75,0.0,0.0,2.0
1758088276.78507,37944.0,208.43579,32379.0,177.86588,1773.0,49.25,20.0,0.55556,2.0
1758088276.78581,37845.0,207.89197,32380.0,177.87137,2063.0,57.30556,26.0,0.72222,2.0
1758088276.80101,37731.0,207.26573,32383.0,177.88785,2412.0,67.0,104.0,2.88889,2.0
1758088276.80184,37596.0,206.52415,32393.0,177.94278,2856.0,79.33334,247.0,6.86111,2.0
1758088276.81703,37439.0,205.6617,32410.0,178.03616,3279.0,91.08334,433.0,12.02778,2.0
1758088276.83304,37260.0,204.67842,32433.0,178.16251,3707.0,102.97222,476.0,13.22222,2.0
1758088276.8338,37060.0,203.57977,32460.0,178.31084,4184.0,116.22222,491.0,13.63889,2.0
1758088276.84975,36832.0,202.3273,32484.0,178.44267,4752.0,132.0,494.0,13.72222,2.0
1758088276.85124,36578.0,200.93202,32512.0,178.59648,5153.0,143.13889,585.0,16.25,2.0
1758088276.867,36321.0,199.52026,32543.0,178.76677,4895.0,135.97223,538.0,14.94444,2.0
1758088276.88304,36089.0,198.24582,32559.0,178.85466,4301.0,119.47222,143.0,3.97222,2.0
1758088276.88419,35890.0,197.15266,32555.0,178.83269,3632.0,100.88889,-201.0,-5.58333,2.0
1758088276.90223,35723.0,196.23531,32543.0,178.76677,3034.0,84.27778,-281.0,-7.80556,2.0
1758088276.90342,35587.0,195.4882,32531.0,178.70085,2468.0,68.55556,-175.0,-4.86111,2.0
1758088276.92004,35474.0,194.86748,32529.0,178.68987,2109.0,58.58333,61.0,1.69444,2.0
1758088276.92103,35376.0,194.32913,32533.0,178.71184,1870.0,51.94444,90.0,2.5,2.0
1758088276.93703,35279.0,193.7963,32542.0,178.76128,1906.0,52.94444,269.0,7.47222,2.0
1758088276.9546,35176.0,193.23048,32567.0,178.89861,2145.0,59.58333,666.0,18.5,2.0
1758088276.95536,35058.0,192.58229,32616.0,179.16777,2480.0,68.88889,1236.0,34.33333,2.0
1758088276.97107,34923.0,191.84068,32697.0,179.61272,2813.0,78.13889,1865.0,51.80556,2.0
1758088276.9718,34772.0,191.01122,32807.0,180.21698,3064.0,85.11111,2397.0,66.58334,2.0
1758088276.98702,34615.0,190.14877,32940.0,180.94759,3142.0,87.27778,2823.0,78.41666,2.0
1758088277.00359,34457.0,189.28085,33091.0,181.77705,3045.0,84.58334,3087.0,85.75,2.0
1758088277.00401,34308.0,188.46234,33253.0,182.66698,2828.0,78.55556,3264.0,90.66666,2.0
1758088277.01907,34174.0,187.72624,33425.0,183.61182,2515.0,69.86111,3402.0,94.5,2.0
1758088277.03505,34060.0,187.10002,33599.0,184.56763,2087.0,57.97222,3502.0,97.27778,2.0
1758088277.03582,33965.0,186.57817,33780.0,185.56192,1719.0,47.75,3650.0,101.38889,2.0
1758088277.05108,33885.0,186.1387,33973.0,186.62212,1454.0,40.38889,3918.0,108.83334,2.0
1758088277.0518,33821.0,185.78714,34181.0,187.76471,1203.0,33.41667,4265.0,118.47222,2.0
1758088277.06701,33763.0,185.46854,34410.0,189.02264,1070.0,29.72222,4727.0,131.30556,2.0
1758088277.0854,33714.0,185.19937,34660.0,190.39597,871.0,24.19444,5090.0,141.38889,2.0
1758088277.08619,33672.0,184.96866,34926.0,191.85716,818.0,22.72222,5327.0,147.97223,2.0
1758088277.10202,33635.0,184.76538,35202.0,193.37332,637.0,17.69444,5516.0,153.22223,2.0
1758088277.10274,33609.0,184.62256,35484.0,194.92241,400.0,11.11111,5586.0,155.16667,2.0
1758088277.11877,33595.0,184.54565,35763.0,196.45503,199.0,5.52778,5450.0,151.38889,2.0
1758088277.13504,33588.0,184.5072,36033.0,197.9382,103.0,2.86111,5257.0,146.02777,2.0
1758088277.13578,33584.0,184.48523,36296.0,199.38293,36.0,1.0,5111.0,141.97223,2.0
1758088277.15101,33584.0,184.48523,36549.0,200.77272,4.0,0.11111,4843.0,134.52777,2.0
1758088277.15231,33583.0,184.47974,36786.0,202.07462,13.0,0.36111,4542.0,126.16666,2.0
1758088277.16777,33581.0,184.46875,37009.0,203.29962,50.0,1.38889,4269.0,118.58334,2.0
1758088277.18401,33577.0,184.44678,37218.0,204.44769,107.0,2.97222,4011.0,111.41666,2.0
1758088277.18563,33568.0,184.39734,37415.0,205.52986,241.0,6.69444,3754.0,104.27778,2.0
1758088277.20103,33550.0,184.29846,37597.0,206.52965,425.0,11.80556,3483.0,96.75,2.0
1758088277.2018,33523.0,184.15015,37763.0,207.44153,605.0,16.80556,3142.0,87.27778,2.0
1758088277.21702,33492.0,183.97986,37911.0,208.25452,573.0,15.91667,2762.0,76.72222,2.0
1758088277.23459,33468.0,183.84802,38038.0,208.95218,369.0,10.25,2278.0,63.27778,2.0
1758088277.23534,33453.0,183.76562,38140.0,209.51248,279.0,7.75,1850.0,51.38889,2.0
1758088277.25107,33440.0,183.69421,38220.0,209.95193,252.0,7.0,1481.0,41.13889,2.0
1758088277.25177,33425.0,183.61182,38288.0,210.32549,297.0,8.25,1222.0,33.94444,2.0
1758088277.26703,33409.0,183.52393,38343.0,210.62761,378.0,10.5,1046.0,29.05556,2.0
1758088277.2831,33387.0,183.40306,38396.0,210.91875,500.0,13.88889,1038.0,28.83333,2.0
1758088277.28381,33361.0,183.26024,38445.0,211.18791,523.0,14.52778,933.0,25.91667,2.0
1758088277.29908,33336.0,183.12291,38492.0,211.44609,486.0,13.5,966.0,26.83333,2.0
1758088277.31507,33310.0,182.98009,38542.0,211.72076,555.0,15.41667,952.0,26.44444,2.0
1758088277.31618,33279.0,182.8098,38587.0,211.96796,656.0,18.22222,890.0,24.72222,2.0
1758088277.33109,33247.0,182.63402,38633.0,212.22064,585.0,16.25,901.0,25.02778,2.0
1758088277.33181,33219.0,182.48021,38676.0,212.45685,507.0,14.08333,794.0,22.05556,2.0
1758088277.34814,33195.0,182.34837,38710.0,212.64362,434.0,12.05556,614.0,17.05556,2.0
1758088277.36479,33175.0,182.23851,38741.0,212.8139,409.0,11.36111,612.0,17.0,2.0
1758088277.36559,33151.0,182.10664,38770.0,212.97321,497.0,13.80556,526.0,14.61111,2.0
1758088277.38108,33125.0,181.96382,38794.0,213.10507,551.0,15.30556,413.0,11.47222,2.0
1758088277.38175,33101.0,181.83199,38808.0,213.18198,446.0,12.38889,188.0,5.22222,2.0
1758088277.39711,33078.0,181.70564,38815.0,213.22043,496.0,13.77778,87.0,2.41667,2.0
1758088277.41458,33049.0,181.54634,38817.0,213.23141,615.0,17.08333,0.0,0.0,2.0
1758088277.41537,33015.0,181.35957,38817.0,213.23141,767.0,21.30556,0.0,0.0,2.0
1758088277.43102,32971.0,181.11787,38817.0,213.23141,907.0,25.19444,0.0,0.0,2.0
1758088277.43171,32929.0,180.88716,38816.0,213.22592,814.0,22.61111,0.0,0.0,2.0
1758088277.44702,32891.0,180.67841,38815.0,213.22043,676.0,18.77778,-17.0,-0.47222,2.0
1758088277.46537,32865.0,180.53558,38813.0,213.20944,396.0,11.0,-74.0,-2.05556,2.0
1758088277.46619,32855.0,180.48065,38803.0,213.15451,59.0,1.63889,-269.0,-7.47222,2.0
1758088277.4864,32858.0,180.49713,38781.0,213.03363,-100.0,-2.77778,-544.0,-15.11111,2.0
1758088277.48873,32863.0,180.5246,38748.0,212.85236,-71.0,-1.97222,-725.0,-20.13889,2.0
1758088277.49181,32865.0,180.53558,38709.0,212.63812,-24.0,-0.66667,-815.0,-22.63889,2.0
1758088277.50874,32866.0,180.54108,38663.0,212.38544,20.0,0.55556,-1031.0,-28.63889,2.0
1758088277.51168,32865.0,180.53558,38607.0,212.07782,19.0,0.52778,-1143.0,-31.75,2.0
1758088277.52746,32863.0,180.5246,38545.0,211.73724,33.0,0.91667,-1266.0,-35.16667,2.0
1758088277.54376,32862.0,180.5191,38476.0,211.3582,27.0,0.75,-1426.0,-39.61111,2.0
1758088277.54457,32861.0,180.51361,38400.0,210.94072,0.0,0.0,-1535.0,-42.63889,2.0
1758088277.56637,32862.0,180.5191,38319.0,210.49577,-27.0,-0.75,-1634.0,-45.38889,2.0
1758088277.56806,32864.0,180.53009,38232.0,210.01785,-31.0,-0.86111,-1813.0,-50.36111,2.0
1758088277.57384,32866.0,180.54108,38133.0,209.47403,-47.0,-1.30556,-2094.0,-58.16667,2.0
1758088277.59198,32867.0,180.54657,38020.0,208.8533,18.0,0.5,-2357.0,-65.47222,2.0
1758088277.59276,32865.0,180.53558,37892.0,208.15015,41.0,1.13889,-2634.0,-73.16666,2.0
1758088277.60871,32864.0,180.53009,37749.0,207.36461,9.0,0.25,-2991.0,-83.08334,2.0
1758088277.62499,32864.0,180.53009,37587.0,206.47472,-5.0,-0.13889,-3401.0,-94.47222,2.0
1758088277.62581,32865.0,180.53558,37401.0,205.45296,-28.0,-0.77778,-3867.0,-107.41666,2.0
1758088277.64104,32867.0,180.54657,37189.0,204.28839,-51.0,-1.41667,-4325.0,-120.13889,2.0
1758088277.64181,32870.0,180.56305,36959.0,203.02493,-42.0,-1.16667,-4581.0,-127.25,2.0
1758088277.65699,32869.0,180.55756,36732.0,201.77797,69.0,1.91667,-4318.0,-119.94444,2.0
1758088277.67302,32860.0,180.50812,36525.0,200.64088,300.0,8.33333,-3892.0,-108.11111,2.0
1758088277.67378,32836.0,180.37628,36341.0,199.63013,627.0,17.41667,-3422.0,-95.05556,2.0
1758088277.68905,32794.0,180.14557,36179.0,198.7402,966.0,26.83333,-3003.0,-83.41666,2.0
1758088277.70504,32735.0,179.82147,36038.0,197.96567,1245.0,34.58333,-2686.0,-74.61111,2.0
1758088277.70585,32673.0,179.48088,35907.0,197.24605,1207.0,33.52778,-2535.0,-70.41666,2.0
1758088277.72107,32617.0,179.17326,35782.0,196.5594,1036.0,28.77778,-2453.0,-68.13889,2.0
1758088277.72181,32578.0,178.95903,35661.0,195.8947,553.0,15.36111,-2384.0,-66.22222,2.0
1758088277.73703,32566.0,178.89311,35544.0,195.252,7.0,0.19444,-2237.0,-62.13889,2.0
1758088277.75307,32575.0,178.94255,35437.0,194.66422,-303.0,-8.41667,-1970.0,-54.72222,2.0
1758088277.75383,32598.0,179.06889,35345.0,194.15884,-622.0,-17.27778,-1730.0,-48.05556,2.0
1758088277.76902,32636.0,179.27763,35250.0,193.63699,-815.0,-22.63889,-2065.0,-57.36111,2.0
1758088277.7858,32686.0,179.55229,35140.0,193.03273,-1148.0,-31.88889,-2246.0,-62.38889,2.0
1758088277.78657,32756.0,179.93683,35024.0,192.39552,-1585.0,-44.02778,-2350.0,-65.27778,2.0
1758088277.80196,32845.0,180.42572,34903.0,191.73082,-1920.0,-53.33333,-2380.0,-66.11111,2.0
1758088277.80315,32950.0,181.00252,34779.0,191.04967,-2187.0,-60.75,-2479.0,-68.86111,2.0
1758088277.81872,33071.0,181.66719,34652.0,190.35202,-2506.0,-69.61111,-2496.0,-69.33334,2.0
1758088277.83495,33205.0,182.40331,34526.0,189.65988,-2724.0,-75.66666,-2433.0,-67.58334,2.0
1758088277.83575,33350.0,183.19981,34405.0,188.99518,-2911.0,-80.86111,-2305.0,-64.02778,2.0
1758088277.85467,33504.0,184.04578,34292.0,188.37445,-3147.0,-87.41666,-2140.0,-59.44444,2.0
1758088277.85627,33671.0,184.96317,34189.0,187.80865,-3445.0,-95.69444,-1932.0,-53.66667,2.0
1758088277.87353,33853.0,185.96292,34099.0,187.31425,-3715.0,-103.19444,-1724.0,-47.88889,2.0
1758088277.87553,34051.0,187.05058,34020.0,186.88029,-4022.0,-111.72222,-1386.0,-38.5,2.0
1758088277.89095,34262.0,188.20966,33955.0,186.52324,-4222.0,-117.27778,-1192.0,-33.11111,2.0
1758088277.89171,34481.0,189.41269,33906.0,186.25406,-4396.0,-122.11111,-828.0,-23.0,2.0
1758088277.90808,34709.0,190.66515,33873.0,186.07278,-4562.0,-126.72222,-529.0,-14.69444,2.0
1758088277.91214,34943.0,191.95055,33851.0,185.95193,-4626.0,-128.5,-330.0,-9.16667,2.0
1758088277.92874,35176.0,193.23048,33840.0,185.89151,-4546.0,-126.27778,-111.0,-3.08333,2.0
1758088277.94653,35404.0,194.48294,33839.0,185.88602,-4434.0,-123.16666,0.0,0.0,2.0
1758088277.94766,35630.0,195.72441,33839.0,185.88602,-4389.0,-121.91666,0.0,0.0,2.0
1758088277.96614,35852.0,196.94392,33839.0,185.88602,-4332.0,-120.33334,0.0,0.0,2.0
1758088277.96727,36068.0,198.13046,33839.0,185.88602,-4185.0,-116.25,0.0,0.0,2.0
1758088277.98614,36275.0,199.26758,33838.0,185.88052,-4015.0,-111.52778,-7.0,-0.19444,2.0
1758088277.98698,36473.0,200.35522,33837.0,185.87503,-3900.0,-108.33334,-44.0,-1.22222,2.0
1758088278.00612,36669.0,201.4319,33833.0,185.85306,-3871.0,-107.52778,-111.0,-3.08333,2.0
1758088278.00689,36862.0,202.4921,33824.0,185.80362,-3790.0,-105.27778,-235.0,-6.52778,2.0
1758088278.02612,37052.0,203.53583,33811.0,185.73221,-3700.0,-102.77778,-246.0,-6.83333,2.0
1758088278.02736,37236.0,204.54657,33799.0,185.66629,-3570.0,-99.16666,-215.0,-5.97222,2.0
1758088278.04692,37417.0,205.54085,33786.0,185.59488,-3558.0,-98.83334,-316.0,-8.77778,2.0
1758088278.0481,37595.0,206.51866,33767.0,185.49051,-3495.0,-97.08334,-405.0,-11.25,2.0
1758088278.08625,37768.0,207.46899,33739.0,185.3367,-3369.0,-93.58334,-665.0,-18.47222,2.0
1758088278.08783,37933.0,208.37537,33701.0,185.12796,-3159.0,-87.75,-810.0,-22.5,2.0
1758088278.09474,38085.0,209.21036,33658.0,184.89172,-2905.0,-80.69444,-841.0,-23.36111,2.0
1758088278.09701,38223.0,209.96841,33618.0,184.672,-2603.0,-72.30556,-794.0,-22.05556,2.0
1758088278.09869,38339.0,210.60564,33579.0,184.45776,-2059.0,-57.19444,-735.0,-20.41667,2.0
1758088278.11663,38428.0,211.09453,33549.0,184.29297,-1539.0,-42.75,-504.0,-14.0,2.0
1758088278.11809,38494.0,211.45708,33528.0,184.17761,-1098.0,-30.5,-331.0,-9.19444,2.0
1758088278.13559,38538.0,211.69879,33511.0,184.08423,-726.0,-20.16667,-344.0,-9.55556,2.0
1758088278.13628,38567.0,211.85809,33491.0,183.97437,-471.0,-13.08333,-430.0,-11.94444,2.0
1758088278.15192,38590.0,211.98444,33461.0,183.80957,-409.0,-11.36111,-718.0,-19.94444,2.0
1758088278.1527,38606.0,212.07233,33416.0,183.56238,-201.0,-5.58333,-944.0,-26.22222,2.0
1758088278.17177,38609.0,212.08881,33364.0,183.27672,6.0,0.16667,-1107.0,-30.75,2.0
1758088278.17222,38607.0,212.07782,33301.0,182.93065,53.0,1.47222,-1341.0,-37.25,2.0
1758088278.19147,38603.0,212.05585,33230.0,182.54063,95.0,2.63889,-1428.0,-39.66667,2.0
1758088278.19185,38598.0,212.02838,33153.0,182.11766,92.0,2.55556,-1555.0,-43.19444,2.0
1758088278.21069,38593.0,212.00092,33074.0,181.68367,93.0,2.58333,-1552.0,-43.11111,2.0
1758088278.21106,38586.0,211.96246,32996.0,181.2552,169.0,4.69444,-1492.0,-41.44444,2.0
1758088278.22693,38576.0,211.90753,32923.0,180.8542,194.0,5.38889,-1420.0,-39.44444,2.0
1758088278.24334,38567.0,211.85809,32857.0,180.49164,204.0,5.66667,-1206.0,-33.5,2.0
1758088278.24371,38552.0,211.7757,32798.0,180.16754,333.0,9.25,-1148.0,-31.88889,2.0
1758088278.259,38533.0,211.67133,32744.0,179.87091,458.0,12.72222,-1020.0,-28.33333,2.0
1758088278.27489,38508.0,211.53398,32695.0,179.60173,536.0,14.88889,-990.0,-27.5,2.0
1758088278.27568,38481.0,211.38567,32641.0,179.3051,528.0,14.66667,-1088.0,-30.22222,2.0
1758088278.29096,38454.0,211.23735,32583.0,178.9865,485.0,13.47222,-1208.0,-33.55556,2.0
1758088278.29174,38435.0,211.13298,32513.0,178.60197,279.0,7.75,-1491.0,-41.41667,2.0
1758088278.30696,38422.0,211.06157,32438.0,178.18997,203.0,5.63889,-1519.0,-42.19444,2.0
1758088278.32568,38410.0,210.99565,32362.0,177.77249,327.0,9.08333,-1440.0,-40.0,2.0
1758088278.32607,38384.0,210.85283,32296.0,177.40993,678.0,18.83333,-1248.0,-34.66667,2.0
1758088278.34194,38337.0,210.59465,32241.0,177.1078,1120.0,31.11111,-977.0,-27.13889,2.0
1758088278.3427,38270.0,210.22659,32200.0,176.88258,1461.0,40.58333,-677.0,-18.80556,2.0
1758088278.35799,38184.0,209.75418,32169.0,176.71228,1838.0,51.05556,-555.0,-15.41667,2.0
1758088278.37473,38084.0,209.20486,32141.0,176.55847,2121.0,58.91667,-526.0,-14.61111,2.0
1758088278.37601,37969.0,208.57312,32119.0,176.43762,2365.0,65.69444,-397.0,-11.02778,2.0
1758088278.39094,37843.0,207.88098,32102.0,176.34424,2580.0,71.66666,-274.0,-7.61111,2.0
1758088278.39171,37707.0,207.1339,32090.0,176.27832,2738.0,76.05556,-226.0,-6.27778,2.0
1758088278.40696,37561.0,206.33189,32082.0,176.23438,2922.0,81.16666,-118.0,-3.27778,2.0
1758088278.42289,37411.0,205.50789,32078.0,176.2124,3036.0,84.33334,-53.0,-1.47222,2.0
1758088278.42407,37252.0,204.63448,32078.0,176.2124,3206.0,89.05556,40.0,1.11111,2.0
1758088278.43888,37082.0,203.70062,32079.0,176.2179,3452.0,95.88889,20.0,0.55556,2.0
1758088278.45676,36903.0,202.71732,32081.0,176.22888,3628.0,100.77778,43.0,1.19444,2.0
1758088278.45713,36715.0,201.68459,32086.0,176.25635,3776.0,104.88889,171.0,4.75,2.0
1758088278.47485,36520.0,200.61342,32100.0,176.33325,3832.0,106.44444,336.0,9.33333,2.0
1758088278.47599,36328.0,199.55872,32123.0,176.45959,3709.0,103.02778,501.0,13.91667,2.0
1758088278.49091,36144.0,198.54794,32147.0,176.59143,3593.0,99.80556,431.0,11.97222,2.0
1758088278.49216,35967.0,197.57564,32156.0,176.64087,3428.0,95.22222,-5.0,-0.13889,2.0
1758088278.50687,35802.0,196.66927,32153.0,176.62439,3104.0,86.22222,-6.0,-0.16667,2.0
1758088278.52373,35655.0,195.86174,32155.0,176.63538,2716.0,75.44444,23.0,0.63889,2.0
1758088278.52449,35523.0,195.13664,32157.0,176.64636,2539.0,70.52778,93.0,2.58333,2.0
1758088278.54096,35392.0,194.41702,32170.0,176.71777,2624.0,72.88889,415.0,11.52778,2.0
1758088278.54145,35250.0,193.63699,32205.0,176.91005,2971.0,82.52778,933.0,25.91667,2.0
1758088278.55692,35087.0,192.74159,32276.0,177.30006,3429.0,95.25,1758.0,48.83333,2.0
1758088278.57452,34904.0,191.73631,32387.0,177.90982,3766.0,104.61111,2536.0,70.44444,2.0
1758088278.57533,34705.0,190.64317,32539.0,178.7448,4010.0,111.38889,3397.0,94.36111,2.0
1758088278.59169,34499.0,189.51157,32734.0,179.81598,4079.0,113.30556,4206.0,116.83334,2.0
1758088278.59411,34290.0,188.36346,32968.0,181.10139,4122.0,114.5,4928.0,136.88889,2.0
1758088278.61002,34082.0,187.22087,33232.0,182.55162,4036.0,112.11111,5459.0,151.63889,2.0
1758088278.61115,33883.0,186.12772,33519.0,184.12817,3763.0,104.52778,5805.0,161.25,2.0
1758088278.62685,33708.0,185.16641,33817.0,185.76517,3210.0,89.16666,5872.0,163.11111,2.0
1758088278.64608,33565.0,184.38086,34113.0,187.39116,2505.0,69.58334,5826.0,161.83333,2.0
1758088278.6469,33458.0,183.79309,34404.0,188.98969,1784.0,49.55556,5742.0,159.5,2.0
1758088278.66602,33387.0,183.40306,34690.0,190.56078,1135.0,31.52778,5578.0,154.94444,2.0
1758088278.66683,33347.0,183.18333,34970.0,192.09889,507.0,14.08333,5479.0,152.19444,2.0
1758088278.67663,33335.0,183.11742,35250.0,193.63699,63.0,1.75,5613.0,155.91667,2.0
1758088278.69643,33336.0,183.12291,35538.0,195.21904,-20.0,-0.55556,5791.0,160.86111,2.0
1758088278.69681,33336.0,183.12291,35834.0,196.84505,6.0,0.16667,5898.0,163.83333,2.0
1758088278.7145,33336.0,183.12291,36145.0,198.55344,9.0,0.25,6209.0,172.47223,2.0
1758088278.71524,33335.0,183.11742,36463.0,200.30029,9.0,0.25,6335.0,175.97223,2.0
1758088278.73091,33335.0,183.11742,36779.0,202.03616,0.0,0.0,6158.0,171.05556,2.0
1758088278.73205,33335.0,183.11742,37090.0,203.74457,9.0,0.25,6133.0,170.36111,2.0
1758088278.74691,33334.0,183.11192,37394.0,205.41451,16.0,0.44444,5870.0,163.05556,2.0
1758088278.76394,33332.0,183.10094,37682.0,206.99657,48.0,1.33333,5529.0,153.58333,2.0
1758088278.76442,33327.0,183.07347,37956.0,208.50171,144.0,4.0,5310.0,147.5,2.0
1758088278.77987,33316.0,183.01305,38216.0,209.92996,269.0,7.47222,4974.0,138.16667,2.0
1758088278.78114,33300.0,182.92516,38451.0,211.22087,325.0,9.02778,4355.0,120.97222,2.0
1758088278.79692,33285.0,182.84276,38654.0,212.336,326.0,9.05556,3804.0,105.66666,2.0
1758088278.81294,33268.0,182.74937,38831.0,213.30832,295.0,8.19444,3268.0,90.77778,2.0
1758088278.81378,33254.0,182.67247,38982.0,214.13779,272.0,7.55556,2736.0,76.0,2.0
1758088278.82889,33239.0,182.59007,39108.0,214.82994,322.0,8.94444,2275.0,63.19444,2.0
1758088278.84485,33221.0,182.4912,39211.0,215.39574,379.0,10.52778,1804.0,50.11111,2.0
1758088278.84566,33198.0,182.36485,39289.0,215.8242,504.0,14.0,1373.0,38.13889,2.0
1758088278.86169,33170.0,182.21104,39344.0,216.12636,639.0,17.75,879.0,24.41667,2.0
1758088278.86283,33132.0,182.00227,39375.0,216.29665,847.0,23.52778,421.0,11.69444,2.0
1758088278.87785,33087.0,181.75508,39385.0,216.35158,888.0,24.66667,5.0,0.13889,2.0
1758088278.89464,33039.0,181.49141,39384.0,216.34608,1011.0,28.08333,-2.0,-0.05556,2.0
1758088278.89594,32984.0,181.18929,39383.0,216.34059,1110.0,30.83333,-17.0,-0.47222,2.0
1758088278.91081,32930.0,180.89265,39382.0,216.3351,1044.0,29.0,-39.0,-1.08333,2.0
1758088278.91163,32878.0,180.60699,39379.0,216.31862,1016.0,28.22222,-62.0,-1.72222,2.0
1758088278.92681,32829.0,180.33783,39374.0,216.29115,920.0,25.55556,-151.0,-4.19444,2.0
1758088278.94609,32785.0,180.09613,39364.0,216.23622,844.0,23.44444,-232.0,-6.44444,2.0
1758088278.94677,32741.0,179.85443,39350.0,216.15932,900.0,25.0,-303.0,-8.41667,2.0
1758088278.96602,32696.0,179.60722,39333.0,216.06593,917.0,25.47222,-338.0,-9.38889,2.0
1758088278.96702,32644.0,179.32158,39312.0,215.95058,1090.0,30.27778,-475.0,-13.19444,2.0
1758088278.98604,32581.0,178.97551,39287.0,215.81322,1361.0,37.80556,-469.0,-13.02778,2.0
1758088278.98722,32503.0,178.54704,39266.0,215.69786,1692.0,47.0,-291.0,-8.08333,2.0
1758088279.00282,32411.0,178.04166,39252.0,215.62096,1879.0,52.19444,-299.0,-8.30556,2.0
1758088279.00438,32311.0,177.49232,39236.0,215.53307,2009.0,55.80556,-350.0,-9.72222,2.0
1758088279.02185,32209.0,176.93202,39212.0,215.40123,2055.0,57.08333,-606.0,-16.83333,2.0
1758088279.02257,32106.0,176.36621,39171.0,215.17601,2034.0,56.5,-962.0,-26.72222,2.0
1758088279.05814,32005.0,175.8114,39113.0,214.85741,1980.0,55.0,-1234.0,-34.27778,2.0
1758088279.05931,31904.0,175.25658,39044.0,214.47838,1966.0,54.61111,-1544.0,-42.88889,2.0
1758088279.0606,31805.0,174.71274,38959.0,214.01144,1935.0,53.75,-1750.0,-48.61111,2.0
1758088279.06234,31709.0,174.18539,38863.0,213.4841,1911.0,53.08333,-2002.0,-55.61111,2.0
1758088279.07897,31616.0,173.67453,38755.0,212.89081,1791.0,49.75,-2237.0,-62.13889,2.0
1758088279.09558,31528.0,173.19112,38636.0,212.23712,1674.0,46.5,-2452.0,-68.11111,2.0
1758088279.09698,31448.0,172.75166,38506.0,211.52299,1525.0,42.36111,-2655.0,-73.75,2.0
1758088279.11178,31377.0,172.36163,38365.0,210.74846,1319.0,36.63889,-2873.0,-79.80556,2.0
1758088279.113,31319.0,172.04303,38214.0,209.91898,1054.0,29.27778,-3088.0,-85.77778,2.0
1758088279.13117,31275.0,171.80133,38056.0,209.05106,702.0,19.5,-3155.0,-87.63889,2.0
1758088279.13245,31252.0,171.67499,37891.0,208.14465,250.0,6.94444,-3296.0,-91.55556,2.0
1758088279.15055,31256.0,171.69696,37717.0,207.18883,-265.0,-7.36111,-3535.0,-98.19444,2.0
1758088279.15222,31280.0,171.8288,37531.0,206.1671,-680.0,-18.88889,-3834.0,-106.5,2.0
1758088279.16966,31330.0,172.10345,37327.0,205.04646,-1207.0,-33.52778,-4226.0,-117.38889,2.0
1758088279.18565,31405.0,172.51544,37102.0,203.81049,-1704.0,-47.33333,-4626.0,-128.5,2.0
1758088279.18644,31508.0,173.08125,36855.0,202.45364,-2264.0,-62.88889,-5055.0,-140.41667,2.0
1758088279.20266,31641.0,173.81186,36584.0,200.96498,-2883.0,-80.08334,-5632.0,-156.44444,2.0
1758088279.20624,31804.0,174.70724,36288.0,199.33899,-3440.0,-95.55556,-6010.0,-166.94444,2.0
1758088279.22179,31993.0,175.74548,35985.0,197.67453,-3904.0,-108.44444,-5881.0,-163.36111,2.0
1758088279.22383,32195.0,176.85512,35697.0,196.09245,-3978.0,-110.5,-5557.0,-154.36111,2.0
1758088279.23999,32388.0,177.91531,35429.0,194.62027,-3627.0,-100.75,-5082.0,-141.16667,2.0
1758088279.24117,32555.0,178.83269,35189.0,193.3019,-3102.0,-86.16666,-4475.0,-124.30556,2.0
1758088279.25684,32701.0,179.63469,34982.0,192.16481,-2733.0,-75.91666,-3856.0,-107.11111,2.0
1758088279.2748,32836.0,180.37628,34801.0,191.17052,-2650.0,-73.61111,-3407.0,-94.63889,2.0
1758088279.27518,32973.0,181.12886,34638.0,190.27512,-2756.0,-76.55556,-3121.0,-86.69444,2.0
1758088279.29082,33122.0,181.94734,34483.0,189.42368,-3077.0,-85.47222,-3026.0,-84.05556,2.0
1758088279.29193,33293.0,182.8867,34332.0,188.59418,-3561.0,-98.91666,-2969.0,-82.47222,2.0
1758088279.3068,33486.0,183.9469,34186.0,187.79218,-4004.0,-111.22222,-2842.0,-78.94444,2.0
1758088279.32388,33701.0,185.12796,34046.0,187.02312,-4479.0,-124.41666,-2688.0,-74.66666,2.0
1758088279.3243,33938.0,186.42986,33916.0,186.30899,-4869.0,-135.25,-2446.0,-67.94444,2.0
1758088279.34065,34191.0,187.81964,33802.0,185.68277,-5086.0,-141.27777,-2096.0,-58.22222,2.0
1758088279.34136,34447.0,189.22592,33710.0,185.1774,-5036.0,-139.88889,-1663.0,-46.19444,2.0
1758088279.35677,34697.0,190.59923,33638.0,184.78186,-4886.0,-135.72223,-1157.0,-32.13889,2.0
1758088279.37603,34942.0,191.94505,33590.0,184.51819,-4799.0,-133.30556,-841.0,-23.36111,2.0
1758088279.37676,35182.0,193.26344,33556.0,184.33142,-4662.0,-129.5,-518.0,-14.38889,2.0
1758088279.39601,35417.0,194.55435,33538.0,184.23254,-4583.0,-127.30556,-231.0,-6.41667,2.0
1758088279.39684,35651.0,195.83977,33531.0,184.19409,-4668.0,-129.66667,-97.0,-2.69444,2.0
1758088279.41474,35893.0,197.16914,33525.0,184.16113,-4815.0,-133.75,-154.0,-4.27778,2.0
1758088279.41514,36140.0,198.52597,33514.0,184.10071,-4888.0,-135.77777,-275.0,-7.63889,2.0
1758088279.43085,36388.0,199.88831,33496.0,184.00183,-4904.0,-136.22223,-412.0,-11.44444,2.0
1758088279.43159,36639.0,201.26711,33468.0,183.84802,-4993.0,-138.69444,-634.0,-17.61111,2.0
1758088279.44677,36891.0,202.6514,33430.0,183.63928,-4946.0,-137.38889,-820.0,-22.77778,2.0
1758088279.46297,37133.0,203.98077,33392.0,183.43053,-4672.0,-129.77777,-719.0,-19.97222,2.0
1758088279.46347,37362.0,205.23872,33356.0,183.23277,-4396.0,-122.11111,-692.0,-19.22222,2.0
1758088279.47976,37575.0,206.4088,33322.0,183.04601,-4084.0,-113.44444,-696.0,-19.33333,2.0
1758088279.48082,37768.0,207.46899,33289.0,182.86473,-3654.0,-101.5,-599.0,-16.63889,2.0
1758088279.49676,37940.0,208.41382,33262.0,182.71642,-3187.0,-88.52778,-458.0,-12.72222,2.0
1758088279.5147,38084.0,209.20486,33245.0,182.62303,-2607.0,-72.41666,-245.0,-6.80556,2.0
1758088279.51515,38200.0,209.84207,33235.0,182.5681,-2089.0,-58.02778,-186.0,-5.16667,2.0
1758088279.53183,38294.0,210.35844,33222.0,182.49669,-1686.0,-46.83333,-329.0,-9.13889,2.0
1758088279.53232,38372.0,210.78691,33198.0,182.36485,-1418.0,-39.38889,-583.0,-16.19444,2.0
1758088279.54778,38436.0,211.13847,33162.0,182.1671,-1215.0,-33.75,-796.0,-22.11111,2.0
1758088279.56786,38493.0,211.45158,33115.0,181.90889,-1052.0,-29.22222,-993.0,-27.58333,2.0
1758088279.57215,38542.0,211.72076,33056.0,181.58479,-893.0,-24.80556,-1345.0,-37.36111,2.0
1758088279.57636,38583.0,211.94598,32982.0,181.1783,-801.0,-22.25,-1546.0,-42.94444,2.0
1758088279.5918,38618.0,212.13824,32897.0,180.71138,-554.0,-15.38889,-1771.0,-49.19444,2.0
1758088279.59439,38636.0,212.23712,32805.0,180.20599,-211.0,-5.86111,-1859.0,-51.63889,2.0
1758088279.63168,38640.0,212.25909,32709.0,179.67865,0.0,0.0,-1893.0,-52.58333,2.0
1758088279.63427,38637.0,212.24261,32612.0,179.1458,78.0,2.16667,-1885.0,-52.36111,2.0
1758088279.63598,38631.0,212.20966,32517.0,178.62395,172.0,4.77778,-1890.0,-52.5,2.0
1758088279.63674,38618.0,212.13824,32426.0,178.12405,307.0,8.52778,-1747.0,-48.52778,2.0
1758088279.65368,38601.0,212.04486,32340.0,177.65164,359.0,9.97222,-1630.0,-45.27778,2.0
1758088279.65443,38585.0,211.95697,32259.0,177.20668,268.0,7.44444,-1573.0,-43.69444,2.0
1758088279.67165,38576.0,211.90753,32184.0,176.79468,74.0,2.05556,-1425.0,-39.58333,2.0
1758088279.67218,38577.0,211.91302,32112.0,176.39917,-27.0,-0.75,-1378.0,-38.27778,2.0
1758088279.68779,38577.0,211.91302,32045.0,176.03113,0.0,0.0,-1280.0,-35.55556,2.0
1758088279.69142,38577.0,211.91302,31981.0,175.67957,0.0,0.0,-1224.0,-34.0,2.0
1758088279.70676,38577.0,211.91302,31923.0,175.36095,0.0,0.0,-1138.0,-31.61111,2.0
1758088279.72277,38577.0,211.91302,31868.0,175.05882,10.0,0.27778,-996.0,-27.66667,2.0
1758088279.72627,38574.0,211.89655,31829.0,174.84459,71.0,1.97222,-612.0,-17.0,2.0
1758088279.74178,38565.0,211.84711,31809.0,174.73473,303.0,8.41667,-242.0,-6.72222,2.0
1758088279.74377,38539.0,211.70428,31807.0,174.72372,651.0,18.08333,32.0,0.88889,2.0
1758088279.75993,38496.0,211.46806,31808.0,174.72923,1000.0,27.77778,0.0,0.0,2.0
1758088279.7608,38434.0,211.12749,31808.0,174.72923,1332.0,37.0,-10.0,-0.27778,2.0
1758088279.77684,38361.0,210.72649,31807.0,174.72372,1553.0,43.13889,-22.0,-0.61111,2.0
1758088279.79441,38277.0,210.26506,31807.0,174.72372,1723.0,47.86111,-17.0,-0.47222,2.0
1758088279.7952,38186.0,209.76517,31806.0,174.71823,1878.0,52.16667,-4.0,-0.11111,2.0
1758088279.81077,38086.0,209.21585,31806.0,174.71823,2048.0,56.88889,0.0,0.0,2.0
1758088279.81157,37974.0,208.60059,31807.0,174.72372,2335.0,64.86111,0.0,0.0,2.0
1758088279.8268,37847.0,207.90295,31807.0,174.72372,2671.0,74.19444,2.0,0.05556,2.0
1758088279.84281,37700.0,207.09544,31808.0,174.72923,3077.0,85.47222,30.0,0.83333,2.0
1758088279.84429,37528.0,206.15062,31810.0,174.74022,3644.0,101.22222,32.0,0.88889,2.0
1758088279.8597,37329.0,205.05745,31813.0,174.7567,4181.0,116.13889,117.0,3.25,2.0
1758088279.86184,37102.0,203.81049,31825.0,174.82262,4744.0,131.77777,312.0,8.66667,2.0
1758088279.88043,36846.0,202.40421,31853.0,174.97643,5292.0,147.0,703.0,19.52778,2.0
1758088279.8814,36568.0,200.87709,31899.0,175.22911,5637.0,156.58333,1079.0,29.97222,2.0
1758088279.89682,36273.0,199.25659,31963.0,175.58069,5889.0,163.58333,1415.0,39.30556,2.0
1758088279.91598,35967.0,197.57564,32048.0,176.04761,6126.0,170.16667,1830.0,50.83333,2.0
1758088279.91673,35662.0,195.90019,32149.0,176.60242,5936.0,164.88889,2102.0,58.38889,2.0
1758088279.93272,35371.0,194.30167,32252.0,177.16823,5581.0,155.02777,1915.0,53.19444,2.0
1758088279.93353,35097.0,192.79652,32334.0,177.61868,5208.0,144.66667,1328.0,36.88889,2.0
1758088279.95121,34855.0,191.46715,32387.0,177.90982,4462.0,123.94444,857.0,23.80556,2.0
1758088279.95193,34653.0,190.35751,32420.0,178.09109,3639.0,101.08334,489.0,13.58333,2.0
1758088279.9685,34487.0,189.44565,32437.0,178.18448,3017.0,83.80556,269.0,7.47222,2.0
1758088279.98559,34342.0,188.64911,32455.0,178.28337,2729.0,75.80556,428.0,11.88889,2.0
1758088279.98638,34206.0,187.90204,32490.0,178.47563,2700.0,75.0,962.0,26.72222,2.0
1758088280.00173,34065.0,187.12749,32562.0,178.87114,2825.0,78.47222,1736.0,48.22222,2.0
1758088280.00453,33916.0,186.30899,32674.0,179.48637,3013.0,83.69444,2613.0,72.58334,2.0
1758088280.01969,33762.0,185.46304,32833.0,180.3598,3059.0,84.97222,3528.0,98.0,2.0
1758088280.02185,33609.0,184.62256,33037.0,181.48042,2954.0,82.05556,4417.0,122.69444,2.0
1758088280.04013,33466.0,183.83704,33283.0,182.83177,2699.0,74.97222,5187.0,144.08333,2.0
1758088280.04094,33339.0,183.13939,33570.0,184.40833,2291.0,63.63889,5810.0,161.38889,2.0
1758088280.05678,33238.0,182.58458,33877.0,186.09476,1769.0,49.13889,6221.0,172.80556,2.0
1758088280.07589,33167.0,182.19456,34194.0,187.83612,1092.0,30.33333,6251.0,173.63889,2.0
1758088280.07743,33129.0,181.98579,34510.0,189.57199,484.0,13.44444,6225.0,172.91667,2.0
1758088280.09625,33125.0,181.96382,34820.0,191.27489,-170.0,-4.72222,6028.0,167.44444,2.0
1758088280.09667,33137.0,182.02974,35118.0,192.91188,-248.0,-6.88889,5791.0,160.86111,2.0
1758088280.11596,33150.0,182.10115,35409.0,194.51041,-228.0,-6.33333,5635.0,156.52777,2.0
1758088280.11709,33155.0,182.12865,35691.0,196.05949,-52.0,-1.44444,5495.0,152.63889,2.0
1758088280.13779,33155.0,182.12865,35961.0,197.54268,15.0,0.41667,5286.0,146.83333,2.0
1758088280.13823,33155.0,182.12865,36224.0,198.98743,42.0,1.16667,5154.0,143.16667,2.0
1758088280.15453,33151.0,182.10664,36478.0,200.38269,83.0,2.30556,4928.0,136.88889,2.0
1758088280.15652,33146.0,182.07918,36721.0,201.71754,134.0,3.72222,4676.0,129.88889,2.0
1758088280.1717,33135.0,182.01875,36953.0,202.99197,280.0,7.77778,4503.0,125.08334,2.0
1758088280.17432,33117.0,181.91988,37179.0,204.23346,369.0,10.25,4367.0,121.30556,2.0
1758088280.18974,33095.0,181.79903,37397.0,205.43098,501.0,13.91667,4197.0,116.58334,2.0
1758088280.19106,33062.0,181.61775,37604.0,206.5681,769.0,21.36111,4010.0,111.38889,2.0
1758088280.2067,33016.0,181.36507,37799.0,207.63928,1014.0,28.16667,3727.0,103.52778,2.0
1758088280.22271,32959.0,181.05196,37979.0,208.62805,1158.0,32.16667,3423.0,95.08334,2.0
1758088280.22352,32902.0,180.73885,38134.0,209.47952,1106.0,30.72222,2805.0,77.91666,2.0
1758088280.24029,32849.0,180.44769,38256.0,210.14969,992.0,27.55556,2138.0,59.38889,2.0
1758088280.24147,32803.0,180.19501,38343.0,210.62761,872.0,24.22222,1426.0,39.61111,2.0
1758088280.2567,32758.0,179.94781,38401.0,210.94621,924.0,25.66667,915.0,25.41667,2.0
1758088280.27277,32710.0,179.68414,38431.0,211.11101,955.0,26.52778,361.0,10.02778,2.0
1758088280.27429,32658.0,179.39848,38439.0,211.15495,1080.0,30.0,30.0,0.83333,2.0
1758088280.29128,32596.0,179.05791,38439.0,211.15495,1319.0,36.63889,0.0,0.0,2.0
1758088280.2926,32526.0,178.67339,38438.0,211.14946,1466.0,40.72222,0.0,0.0,2.0
1758088280.31205,32447.0,178.23941,38438.0,211.14946,1576.0,43.77778,0.0,0.0,2.0
1758088280.3125,32368.0,177.80545,38438.0,211.14946,1599.0,44.41667,-7.0,-0.19444,2.0
1758088280.32884,32290.0,177.37697,38438.0,211.14946,1494.0,41.5,-6.0,-0.16667,2.0
1758088280.34552,32217.0,176.97597,38437.0,211.14397,1405.0,39.02778,-10.0,-0.27778,2.0
1758088280.34678,32152.0,176.6189,38437.0,211.14397,1221.0,33.91667,-8.0,-0.22222,2.0
1758088280.36174,32092.0,176.28931,38437.0,211.14397,1161.0,32.25,-4.0,-0.11111,2.0
1758088280.36373,32038.0,175.99268,38437.0,211.14397,995.0,27.63889,0.0,0.0,2.0
1758088280.37868,31987.0,175.71252,38437.0,211.14397,1030.0,28.61111,0.0,0.0,2.0
1758088280.39476,31935.0,175.42686,38437.0,211.14397,1029.0,28.58333,0.0,0.0,2.0
1758088280.39554,31883.0,175.14122,38437.0,211.14397,1034.0,28.72222,0.0,0.0,2.0
1758088280.41078,31825.0,174.82262,38437.0,211.14397,1208.0,33.55556,0.0,0.0,2.0
1758088280.41202,31763.0,174.48203,38437.0,211.14397,1285.0,35.69444,0.0,0.0,2.0
1758088280.42674,31691.0,174.08652,38437.0,211.14397,1476.0,41.0,0.0,0.0,2.0
1758088280.4321,31620.0,173.6965,38437.0,211.14397,1425.0,39.58333,0.0,0.0,2.0
1758088280.44944,31550.0,173.31197,38435.0,211.13298,1326.0,36.83333,-20.0,-0.55556,2.0
1758088280.46588,31491.0,172.98787,38433.0,211.12199,1099.0,30.52778,-45.0,-1.25,2.0
1758088280.46627,31438.0,172.69673,38428.0,211.09453,947.0,26.30556,-142.0,-3.94444,2.0
1758088280.48165,31397.0,172.4715,38416.0,211.02861,723.0,20.08333,-353.0,-9.80556,2.0
1758088280.48235,31365.0,172.29572,38392.0,210.89677,584.0,16.22222,-555.0,-15.41667,2.0
1758088280.49852,31334.0,172.12543,38359.0,210.7155,627.0,17.41667,-679.0,-18.86111,2.0
1758088280.51476,31302.0,171.94965,38323.0,210.51775,638.0,17.72222,-745.0,-20.69444,2.0
1758088280.51549,31274.0,171.79584,38280.0,210.28154,512.0,14.22222,-960.0,-26.66667,2.0
1758088280.5315,31249.0,171.65851,38225.0,209.9794,482.0,13.38889,-1180.0,-32.77778,2.0
1758088280.53259,31226.0,171.53217,38159.0,209.61685,434.0,12.05556,-1370.0,-38.05556,2.0
1758088280.55091,31207.0,171.4278,38082.0,209.19388,343.0,9.52778,-1658.0,-46.05556,2.0
1758088280.55214,31193.0,171.35089,37987.0,208.672,242.0,6.72222,-2055.0,-57.08333,2.0
1758088280.57127,31185.0,171.30695,37869.0,208.0238,79.0,2.19444,-2548.0,-70.77778,2.0
1758088280.57165,31188.0,171.32343,37720.0,207.20531,-166.0,-4.61111,-3274.0,-90.94444,2.0
1758088280.59092,31200.0,171.38934,37534.0,206.18358,-299.0,-8.30556,-3989.0,-110.80556,2.0
1758088280.59529,31224.0,171.52118,37313.0,204.96956,-587.0,-16.30556,-4656.0,-129.33333,2.0
1758088280.61069,31263.0,171.73541,37063.0,203.59625,-901.0,-25.02778,-5171.0,-143.63889,2.0
1758088280.61147,31321.0,172.05402,36793.0,202.11307,-1331.0,-36.97222,-5498.0,-152.72223,2.0
1758088280.6267,31396.0,172.466,36504.0,200.52553,-1633.0,-45.36111,-5924.0,-164.55556,2.0
1758088280.64375,31488.0,172.97139,36188.0,198.78964,-1950.0,-54.16667,-6345.0,-176.25,2.0
1758088280.64423,31597.0,173.57016,35855.0,196.9604,-2258.0,-62.72222,-6698.0,-186.05556,2.0
1758088280.65967,31720.0,174.24582,35515.0,195.0927,-2547.0,-70.75,-6635.0,-184.30556,2.0
1758088280.6617,31849.0,174.95445,35191.0,193.31288,-2573.0,-71.47222,-6165.0,-171.25,2.0
1758088280.67889,31971.0,175.62463,34904.0,191.73631,-2257.0,-62.69444,-5311.0,-147.52777,2.0
1758088280.69548,32072.0,176.17944,34653.0,190.35751,-1825.0,-50.69444,-4660.0,-129.44444,2.0
1758088280.69659,32153.0,176.62439,34433.0,189.14902,-1442.0,-40.05556,-4068.0,-113.0,2.0
1758088280.71168,32221.0,176.99794,34241.0,188.0943,-1344.0,-37.33333,-3554.0,-98.72222,2.0
1758088280.71419,32291.0,177.38246,34067.0,187.13847,-1459.0,-40.52778,-3303.0,-91.75,2.0
1758088280.73045,32378.0,177.86038,33904.0,186.24307,-1966.0,-54.61111,-3240.0,-90.0,2.0
1758088280.73126,32495.0,178.5031,33738.0,185.33121,-2606.0,-72.38889,-3298.0,-91.61111,2.0
1758088280.74667,32650.0,179.35454,33569.0,184.40283,-3413.0,-94.80556,-3375.0,-93.75,2.0
1758088280.76269,32847.0,180.43671,33400.0,183.47447,-4258.0,-118.27778,-3290.0,-91.38889,2.0
1758088280.76466,33084.0,181.7386,33242.0,182.60655,-5007.0,-139.08333,-2991.0,-83.08334,2.0
1758088280.7806,33353.0,183.21629,33101.0,181.83199,-5482.0,-152.27777,-2566.0,-71.27778,2.0
1758088280.78172,33637.0,184.77637,32984.0,181.18929,-5681.0,-157.80556,-2058.0,-57.16667,2.0
1758088280.79779,33931.0,186.3914,32897.0,180.71138,-5900.0,-163.88889,-1484.0,-41.22222,2.0
1758088280.81454,34229.0,188.02838,32842.0,180.40924,-5847.0,-162.41667,-814.0,-22.61111,2.0
1758088280.81569,34518.0,189.61594,32816.0,180.26642,-5616.0,-156.0,-262.0,-7.27778,2.0
1758088280.83067,34799.0,191.15953,32813.0,180.24994,-5505.0,-152.91667,51.0,1.41667,2.0
1758088280.83189,35076.0,192.68117,32815.0,180.26093,-5396.0,-149.88889,10.0,0.27778,2.0
1758088280.84666,35343.0,194.14786,32815.0,180.26093,-5208.0,-144.66667,-8.0,-0.22222,2.0
1758088280.86353,35604.0,195.58159,32814.0,180.25543,-5159.0,-143.30556,-28.0,-0.77778,2.0
1758088280.86466,35866.0,197.02083,32811.0,180.23895,-5175.0,-143.75,-85.0,-2.36111,2.0
1758088280.87971,36127.0,198.45456,32802.0,180.18951,-5109.0,-141.91667,-215.0,-5.97222,2.0
1758088280.88097,36382.0,199.85535,32790.0,180.1236,-4995.0,-138.75,-288.0,-8.0,2.0
1758088280.89672,36636.0,201.25063,32771.0,180.01923,-5011.0,-139.19444,-399.0,-11.08333,2.0
1758088280.92338,36888.0,202.63492,32749.0,179.89838,-4935.0,-137.08333,-448.0,-12.44444,2.0
1758088280.92629,37130.0,203.96429,32726.0,179.77203,-4686.0,-130.16667,-464.0,-12.88889,2.0
1758088280.9284,37361.0,205.23323,32700.0,179.6292,-4468.0,-124.11111,-557.0,-15.47222,2.0
1758088280.94409,37579.0,206.43077,32669.0,179.45891,-4218.0,-117.16666,-647.0,-17.97222,2.0
1758088280.94445,37777.0,207.51843,32643.0,179.31609,-3654.0,-101.5,-366.0,-10.16667,2.0
1758088280.95971,37944.0,208.43579,32633.0,179.26115,-3026.0,-84.05556,-89.0,-2.47222,2.0
1758088280.96178,38080.0,209.18289,32633.0,179.26115,-2488.0,-69.11111,7.0,0.19444,2.0
1758088280.97775,38192.0,209.79813,32633.0,179.26115,-1997.0,-55.47222,-9.0,-0.25,2.0
1758088280.99453,38282.0,210.29253,32633.0,179.26115,-1605.0,-44.58333,-9.0,-0.25,2.0
1758088280.99536,38354.0,210.68803,32632.0,179.25566,-1281.0,-35.58333,-28.0,-0.77778,2.0
1758088281.01153,38410.0,210.99565,32629.0,179.23918,-969.0,-26.91667,-77.0,-2.13889,2.0
1758088281.01513,38455.0,211.24284,32622.0,179.20073,-818.0,-22.72222,-225.0,-6.25,2.0
1758088281.03073,38489.0,211.42961,32603.0,179.09636,-570.0,-15.83333,-486.0,-13.5,2.0
1758088281.03153,38512.0,211.55595,32572.0,178.92607,-377.0,-10.47222,-731.0,-20.30556,2.0
1758088281.0467,38521.0,211.60539,32526.0,178.67339,-20.0,-0.55556,-1027.0,-28.52778,2.0
1758088281.0627,38517.0,211.58342,32472.0,178.37675,129.0,3.58333,-1079.0,-29.97222,2.0
1758088281.06403,38510.0,211.54497,32413.0,178.05264,105.0,2.91667,-1231.0,-34.19444,2.0
1758088281.08196,38506.0,211.52299,32349.0,177.70108,63.0,1.75,-1230.0,-34.16667,2.0
1758088281.08265,38501.0,211.49553,32286.0,177.355,149.0,4.13889,-1264.0,-35.11111,2.0
1758088281.09873,38489.0,211.42961,32225.0,177.01991,312.0,8.66667,-1162.0,-32.27778,2.0
1758088281.10658,38471.0,211.33073,32170.0,176.71777,436.0,12.11111,-1077.0,-29.91667,2.0
1758088281.12178,38449.0,211.20988,32115.0,176.41565,422.0,11.72222,-1041.0,-28.91667,2.0
1758088281.12374,38431.0,211.11101,32064.0,176.1355,290.0,8.05556,-1020.0,-28.33333,2.0
1758088281.14169,38422.0,211.06157,32010.0,175.83887,71.0,1.97222,-1125.0,-31.25,2.0
1758088281.14592,38423.0,211.06706,31953.0,175.52576,-41.0,-1.13889,-1112.0,-30.88889,2.0
1758088281.1618,38423.0,211.06706,31897.0,175.21812,0.0,0.0,-1074.0,-29.83333,2.0
1758088281.16592,38422.0,211.06157,31846.0,174.93797,26.0,0.72222,-916.0,-25.44444,2.0
1758088281.18171,38418.0,211.0396,31810.0,174.74022,121.0,3.36111,-604.0,-16.77778,2.0
1758088281.18442,38406.0,210.97368,31786.0,174.60837,329.0,9.13889,-438.0,-12.16667,2.0
1758088281.19971,38382.0,210.84184,31767.0,174.504,574.0,15.94444,-352.0,-9.77778,2.0
1758088281.20096,38347.0,210.64958,31756.0,174.44357,787.0,21.86111,-122.0,-3.38889,2.0
1758088281.21673,38303.0,210.40788,31754.0,174.43259,904.0,25.11111,0.0,0.0,2.0
1758088281.23431,38255.0,210.1442,31754.0,174.43259,947.0,26.30556,0.0,0.0,2.0
1758088281.23507,38200.0,209.84207,31754.0,174.43259,1158.0,32.16667,0.0,0.0,2.0
1758088281.25069,38139.0,209.50699,31754.0,174.43259,1301.0,36.13889,9.0,0.25,2.0
1758088281.25152,38064.0,209.095,31755.0,174.43808,1656.0,46.0,13.0,0.36111,2.0
1758088281.26703,37969.0,208.57312,31756.0,174.44357,2080.0,57.77778,26.0,0.72222,2.0
1758088281.28372,37850.0,207.91943,31758.0,174.45456,2556.0,71.0,77.0,2.13889,2.0
1758088281.28424,37708.0,207.13939,31765.0,174.49301,2939.0,81.63889,150.0,4.16667,2.0
1758088281.30171,37549.0,206.26598,31771.0,174.52597,3242.0,90.05556,115.0,3.19444,2.0
1758088281.30585,37379.0,205.33211,31779.0,174.56992,3485.0,96.80556,172.0,4.77778,2.0
1758088281.32166,37195.0,204.32135,31791.0,174.63583,3750.0,104.16666,298.0,8.27778,2.0
1758088281.32367,36991.0,203.20071,31816.0,174.77318,4143.0,115.08334,624.0,17.33333,2.0
1758088281.33975,36770.0,201.98672,31861.0,175.02037,4520.0,125.55556,1112.0,30.88889,2.0
1758088281.34097,36529.0,200.66286,31932.0,175.41039,4910.0,136.38889,1584.0,44.0,2.0
1758088281.3567,36271.0,199.24561,32028.0,175.93774,5230.0,145.27777,2171.0,60.30556,2.0
1758088281.3746,35995.0,197.72946,32153.0,176.62439,5589.0,155.25,2705.0,75.13889,2.0
1758088281.375,35710.0,196.16386,32307.0,177.47035,5668.0,157.44444,3320.0,92.22222,2.0
1758088281.39148,35428.0,194.61478,32484.0,178.44267,5461.0,151.69444,3608.0,100.22222,2.0
1758088281.39384,35160.0,193.14259,32667.0,179.44792,5149.0,143.02777,3439.0,95.52778,2.0
1758088281.41126,34916.0,191.80223,32829.0,180.33783,4508.0,125.22222,2974.0,82.61111,2.0
1758088281.41243,34710.0,190.67064,32969.0,181.10689,3720.0,103.33334,2667.0,74.08334,2.0
1758088281.42769,34542.0,189.74777,33102.0,181.83748,3038.0,84.38889,2618.0,72.72222,2.0
1758088281.44381,34402.0,188.9787,33243.0,182.61205,2603.0,72.30556,2910.0,80.83334,2.0
1758088281.44631,34279.0,188.30304,33405.0,183.50194,2352.0,65.33334,3470.0,96.38889,2.0
1758088281.46172,34164.0,187.67131,33600.0,184.57312,2242.0,62.27778,4159.0,115.52778,2.0
1758088281.4637,34055.0,187.07256,33831.0,185.84207,2109.0,58.58333,4870.0,135.27777,2.0
1758088281.4798,33953.0,186.51225,34098.0,187.30876,1923.0,53.41667,5573.0,154.80556,2.0
1758088281.48075,33863.0,186.01785,34398.0,188.95673,1629.0,45.25,6214.0,172.61111,2.0
1758088281.49674,33790.0,185.61685,34722.0,190.73656,1293.0,35.91667,6481.0,180.02777,2.0
1758088281.51461,33737.0,185.32571,35052.0,192.54933,832.0,23.11111,6549.0,181.91667,2.0
1758088281.52034,33710.0,185.1774,35382.0,194.36209,308.0,8.55556,6442.0,178.94444,2.0
1758088281.52137,33706.0,185.15543,35705.0,196.1364,-68.0,-1.88889,6284.0,174.55556,2.0
1758088281.53673,33711.0,185.18289,36015.0,197.83932,-110.0,-3.05556,6051.0,168.08333,2.0
1758088281.55587,33715.0,185.20486,36319.0,199.50928,-33.0,-0.91667,5950.0,165.27777,2.0
1758088281.55667,33714.0,185.19937,36615.0,201.13527,21.0,0.58333,5742.0,159.5,2.0
1758088281.57665,33713.0,185.19388,36897.0,202.68436,23.0,0.63889,5485.0,152.36111,2.0
1758088281.57926,33711.0,185.18289,37169.0,204.17853,59.0,1.63889,5283.0,146.75,2.0
1758088281.59626,33706.0,185.15543,37431.0,205.61775,152.0,4.22222,5053.0,140.36111,2.0
1758088281.59705,33692.0,185.07852,37680.0,206.98558,378.0,10.5,4779.0,132.75,2.0
1758088281.61667,33666.0,184.9357,37918.0,208.29297,624.0,17.33333,4591.0,127.52778,2.0
1758088281.61989,33630.0,184.73792,38145.0,209.53995,752.0,20.88889,4374.0,121.5,2.0
1758088281.6217,33588.0,184.5072,38355.0,210.69353,870.0,24.16667,3954.0,109.83334,2.0
1758088281.63952,33545.0,184.271,38541.0,211.71527,866.0,24.05556,3405.0,94.58334,2.0
1758088281.64159,33500.0,184.0238,38697.0,212.5722,834.0,23.16667,2843.0,78.97222,2.0
1758088281.66039,33462.0,183.81506,38825.0,213.27536,733.0,20.36111,2291.0,63.63889,2.0
1758088281.6613,33422.0,183.59534,38926.0,213.83017,805.0,22.36111,1768.0,49.11111,2.0
1758088281.6767,33379.0,183.35912,38999.0,214.23117,904.0,25.11111,1219.0,33.86111,2.0
1758088281.69585,33333.0,183.10643,39049.0,214.50584,907.0,25.19444,814.0,22.61111,2.0
1758088281.69704,33283.0,182.83177,39072.0,214.63219,1076.0,29.88889,192.0,5.33333,2.0
1758088281.7162,33225.0,182.51317,39071.0,214.62669,1183.0,32.86111,-80.0,-2.22222,2.0
1758088281.7166,33163.0,182.17259,39067.0,214.60472,1280.0,35.55556,-82.0,-2.27778,2.0
1758088281.73431,33095.0,181.79903,39062.0,214.57726,1355.0,37.63889,-110.0,-3.05556,2.0
1758088281.73505,33025.0,181.41451,39053.0,214.52782,1373.0,38.13889,-228.0,-6.33333,2.0
1758088281.75152,32955.0,181.02998,39040.0,214.45641,1328.0,36.88889,-269.0,-7.47222,2.0
1758088281.75587,32889.0,180.66742,39027.0,214.38498,1287.0,35.75,-264.0,-7.33333,2.0
1758088281.77074,32825.0,180.31586,39011.0,214.29709,1239.0,34.41667,-308.0,-8.55556,2.0
1758088281.77145,32764.0,179.98077,38997.0,214.22018,1216.0,33.77778,-294.0,-8.16667,2.0
1758088281.81163,32702.0,179.64018,38981.0,214.13229,1209.0,33.58333,-280.0,-7.77778,2.0
1758088281.81239,32638.0,179.28862,38968.0,214.06088,1317.0,36.58333,-221.0,-6.13889,2.0
1758088281.81666,32566.0,178.89311,38963.0,214.03342,1485.0,41.25,-22.0,-0.61111,2.0
1758088281.8174,32483.0,178.43718,38963.0,214.03342,1757.0,48.80556,4.0,0.11111,2.0
1758088281.83532,32386.0,177.90433,38963.0,214.03342,2067.0,57.41667,2.0,0.05556,2.0
1758088281.8361,32271.0,177.2726,38963.0,214.03342,2392.0,66.44444,2.0,0.05556,2.0
1758088281.85168,32143.0,176.56946,38963.0,214.03342,2622.0,72.83334,0.0,0.0,2.0
1758088281.85408,32008.0,175.82788,38962.0,214.02792,2668.0,74.11111,-7.0,-0.19444,2.0
1758088281.87126,31873.0,175.08629,38960.0,214.01694,2631.0,73.08334,-52.0,-1.44444,2.0
1758088281.87681,31743.0,174.37216,38955.0,213.98947,2492.0,69.22222,-154.0,-4.27778,2.0
1758088281.89704,31621.0,173.702,38940.0,213.90707,2317.0,64.36111,-388.0,-10.77778,2.0
1758088281.89786,31510.0,173.09224,38912.0,213.75327,2071.0,57.52778,-701.0,-19.47222,2.0
1758088281.91523,31410.0,172.54291,38870.0,213.52255,1874.0,52.05556,-875.0,-24.30556,2.0
1758088281.91603,31322.0,172.05951,38820.0,213.24789,1653.0,45.91667,-1053.0,-29.25,2.0
1758088281.93166,31247.0,171.64752,38759.0,212.91278,1369.0,38.02778,-1336.0,-37.11111,2.0
1758088281.93677,31185.0,171.30695,38684.0,212.50079,1146.0,31.83333,-1568.0,-43.55556,2.0
1758088281.95167,31136.0,171.03777,38595.0,212.0119,799.0,22.19444,-1894.0,-52.61111,2.0
1758088281.95686,31105.0,170.86748,38490.0,211.4351,502.0,13.94444,-2236.0,-62.11111,2.0
1758088281.97163,31086.0,170.76311,38364.0,210.74297,258.0,7.16667,-2701.0,-75.02778,2.0
1758088281.97421,31081.0,170.73564,38212.0,209.90799,-40.0,-1.11111,-3274.0,-90.94444,2.0
1758088281.99125,31089.0,170.77959,38032.0,208.91922,-214.0,-5.94444,-3760.0,-104.44444,2.0
1758088281.99202,31107.0,170.87846,37829.0,207.80408,-466.0,-12.94444,-4135.0,-114.86111,2.0
1758088282.01197,31141.0,171.06523,37612.0,206.61205,-868.0,-24.11111,-4443.0,-123.41666,2.0
1758088282.01403,31202.0,171.40033,37376.0,205.31563,-1430.0,-39.72222,-4798.0,-133.27777,2.0
1758088282.03122,31288.0,171.87274,37119.0,203.90387,-1944.0,-54.0,-5228.0,-145.22223,2.0
1758088282.03459,31405.0,172.51544,36842.0,202.38223,-2571.0,-71.41666,-5589.0,-155.25,2.0
1758088282.05125,31553.0,173.32846,36549.0,200.77272,-3154.0,-87.61111,-6016.0,-167.11111,2.0
1758088282.05204,31731.0,174.30624,36230.0,199.02039,-3790.0,-105.27778,-6470.0,-179.72223,2.0
1758088282.06765,31935.0,175.42686,35896.0,197.18562,-4203.0,-116.75,-6440.0,-178.88889,2.0
1758088282.08364,32151.0,176.6134,35586.0,195.48271,-4260.0,-118.33334,-5885.0,-163.47223,2.0
1758088282.08473,32358.0,177.75052,35307.0,193.9501,-3926.0,-109.05556,-5112.0,-142.0,2.0
1758088282.10163,32541.0,178.75578,35073.0,192.66469,-3403.0,-94.52778,-4181.0,-116.13889,2.0
1758088282.10382,32703.0,179.64568,34885.0,191.63194,-3057.0,-84.91666,-3373.0,-93.69444,2.0
1758088282.11978,32858.0,180.49713,34729.0,190.77501,-3128.0,-86.88889,-2880.0,-80.0,2.0
1758088282.12113,33026.0,181.42,34593.0,190.02792,-3523.0,-97.86111,-2620.0,-72.77778,2.0
1758088282.1367,33221.0,182.4912,34464.0,189.31931,-4162.0,-115.61111,-2523.0,-70.08334,2.0
1758088282.15697,33453.0,183.76562,34336.0,188.61615,-4905.0,-136.25,-2581.0,-71.69444,2.0
1758088282.15952,33723.0,185.24881,34206.0,187.90204,-5667.0,-157.41667,-2582.0,-71.72222,2.0
1758088282.17551,34030.0,186.93523,34077.0,187.19341,-6339.0,-176.08333,-2529.0,-70.25,2.0
1758088282.17627,34362.0,188.75897,33954.0,186.51775,-6676.0,-185.44444,-2363.0,-65.63889,2.0
1758088282.19166,34704.0,190.63768,33844.0,185.91348,-6769.0,-188.02777,-2036.0,-56.55556,2.0
1758088282.19423,35045.0,192.51088,33755.0,185.42459,-6699.0,-186.08333,-1537.0,-42.69444,2.0
1758088282.20974,35376.0,194.32913,33689.0,185.06204,-6398.0,-177.72223,-1115.0,-30.97222,2.0
1758088282.21165,35691.0,196.05949,33647.0,184.8313,-6119.0,-169.97223,-584.0,-16.22222,2.0
1758088282.22764,35997.0,197.74045,33628.0,184.72693,-5944.0,-165.11111,-259.0,-7.19444,2.0
1758088282.24359,36287.0,199.3335,33622.0,184.69397,-5627.0,-156.30556,-61.0,-1.69444,2.0
1758088282.24499,36568.0,200.87709,33618.0,184.672,-5532.0,-153.66667,-126.0,-3.5,2.0
1758088282.26176,36850.0,202.42618,33605.0,184.60059,-5562.0,-154.5,-350.0,-9.72222,2.0
1758088282.26344,37130.0,203.96429,33580.0,184.46326,-5494.0,-152.61111,-620.0,-17.22222,2.0
1758088282.27863,37406.0,205.48042,33545.0,184.271,-5439.0,-151.08333,-750.0,-20.83333,2.0
1758088282.29469,37679.0,206.98009,33504.0,184.04578,-5333.0,-148.13889,-869.0,-24.13889,2.0
1758088282.296,37943.0,208.4303,33455.0,183.77661,-5046.0,-140.16667,-1068.0,-29.66667,2.0
1758088282.31471,38188.0,209.77615,33398.0,183.46349,-4669.0,-129.69444,-1111.0,-30.86111,2.0
1758088282.31541,38413.0,211.01213,33341.0,183.15038,-4261.0,-118.36111,-1132.0,-31.44444,2.0
1758088282.33093,38612.0,212.10529,33286.0,182.84825,-3633.0,-100.91666,-993.0,-27.58333,2.0
1758088282.33146,38775.0,213.00067,33243.0,182.61205,-2893.0,-80.36111,-738.0,-20.5,2.0
1758088282.34665,38902.0,213.69833,33207.0,182.41429,-2163.0,-60.08333,-733.0,-20.36111,2.0
1758088282.35185,38993.0,214.19821,33169.0,182.20555,-1541.0,-42.80556,-764.0,-21.22222,2.0
1758088282.36764,39051.0,214.51683,33132.0,182.00227,-886.0,-24.61111,-776.0,-21.55556,2.0
1758088282.38654,39080.0,214.67613,33089.0,181.76607,-357.0,-9.91667,-923.0,-25.63889,2.0
1758088282.38691,39085.0,214.7036,33033.0,181.45845,37.0,1.02778,-1245.0,-34.58333,2.0
1758088282.39694,39083.0,214.69261,32962.0,181.06844,41.0,1.13889,-1502.0,-41.72222,2.0
1758088282.41613,39080.0,214.67613,32875.0,180.59052,78.0,2.16667,-1799.0,-49.97222,2.0
1758088282.41651,39075.0,214.64867,32776.0,180.04669,104.0,2.88889,-2069.0,-57.47222,2.0
1758088282.43694,39069.0,214.61571,32668.0,179.45341,127.0,3.52778,-2214.0,-61.5,2.0
1758088282.43827,39058.0,214.55528,32556.0,178.83818,291.0,8.08333,-2232.0,-62.0,2.0
1758088282.45672,39039.0,214.4509,32444.0,178.22293,465.0,12.91667,-2166.0,-60.16667,2.0
1758088282.45713,39008.0,214.28061,32337.0,177.63516,760.0,21.11111,-2045.0,-56.80556,2.0
1758088282.47584,38963.0,214.03342,32235.0,177.07484,976.0,27.11111,-1953.0,-54.25,2.0
1758088282.47662,38912.0,213.75327,32139.0,176.54749,1052.0,29.22222,-1904.0,-52.88889,2.0
1758088282.50058,38854.0,213.43466,32045.0,176.03113,1199.0,33.30556,-1852.0,-51.44444,2.0
1758088282.50135,38795.0,213.11057,31949.0,175.50378,1130.0,31.38889,-1863.0,-51.75,2.0
1758088282.50327,38738.0,212.79742,31851.0,174.96544,1112.0,30.88889,-1979.0,-54.97222,2.0
1758088282.52048,38687.0,212.51727,31751.0,174.41611,910.0,25.27778,-2044.0,-56.77778,2.0
1758088282.52416,38648.0,212.30304,31648.0,173.85031,651.0,18.08333,-2067.0,-57.41667,2.0
1758088282.54073,38615.0,212.12177,31546.0,173.28999,690.0,19.16667,-1923.0,-53.41667,2.0
1758088282.54166,38578.0,211.91852,31455.0,172.79012,737.0,20.47222,-1670.0,-46.38889,2.0
1758088282.55761,38541.0,211.71527,31381.0,172.38361,765.0,21.25,-1346.0,-37.38889,2.0
1758088282.57553,38497.0,211.47356,31325.0,172.07599,920.0,25.55556,-911.0,-25.30556,2.0
1758088282.5759,38443.0,211.17693,31292.0,171.89471,1124.0,31.22222,-475.0,-13.19444,2.0
1758088282.59162,38386.0,210.86382,31275.0,171.80133,1154.0,32.05556,-227.0,-6.30556,2.0
1758088282.59494,38322.0,210.51225,31268.0,171.76288,1296.0,36.0,-89.0,-2.47222,2.0
1758088282.6106,38255.0,210.1442,31266.0,171.75189,1341.0,37.25,0.0,0.0,2.0
1758088282.61138,38180.0,209.73221,31266.0,171.75189,1559.0,43.30556,0.0,0.0,2.0
1758088282.6268,38093.0,209.2543,31267.0,171.75739,1846.0,51.27778,0.0,0.0,2.0
1758088282.64267,37987.0,208.672,31267.0,171.75739,2308.0,64.11111,13.0,0.36111,2.0
1758088282.64344,37854.0,207.94141,31268.0,171.76288,2877.0,79.91666,26.0,0.72222,2.0
1758088282.65958,37691.0,207.04601,31271.0,171.77936,3449.0,95.80556,114.0,3.16667,2.0
1758088282.66067,37502.0,206.00777,31282.0,171.83978,3882.0,107.83334,273.0,7.58333,2.0
1758088282.67661,37302.0,204.90913,31299.0,171.93317,4004.0,111.22222,387.0,10.75,2.0
1758088282.6951,37091.0,203.75006,31328.0,172.09247,4223.0,117.30556,693.0,19.25,2.0
1758088282.69581,36871.0,202.54153,31373.0,172.33966,4497.0,124.91666,1047.0,29.08333,2.0
1758088282.71268,36636.0,201.25063,31435.0,172.68025,4773.0,132.58333,1365.0,37.91667,2.0
1758088282.71562,36387.0,199.88281,31518.0,173.13618,5068.0,140.77777,1830.0,50.83333,2.0
1758088282.73161,36119.0,198.41061,31625.0,173.72397,5480.0,152.22223,2342.0,65.05556,2.0
1758088282.7358,35828.0,196.81209,31757.0,174.44907,5888.0,163.55556,2861.0,79.47222,2.0
1758088282.75164,35526.0,195.15312,31920.0,175.34447,5961.0,165.58333,3411.0,94.75,2.0
1758088282.75566,35230.0,193.52713,32107.0,176.3717,5767.0,160.19444,3872.0,107.55556,2.0
1758088282.77163,34947.0,191.97255,32306.0,177.46486,5405.0,150.13889,3943.0,109.52778,2.0
1758088282.7749,34691.0,190.56627,32497.0,178.51408,4767.0,132.41667,3654.0,101.5,2.0
1758088282.79647,34472.0,189.36325,32674.0,179.48637,3952.0,109.77778,3422.0,95.05556,2.0
1758088282.79689,34293.0,188.37994,32848.0,180.4422,3194.0,88.72222,3460.0,96.11111,2.0
1758088282.81659,34149.0,187.58891,33033.0,181.45845,2587.0,71.86111,3807.0,105.75,2.0
1758088282.81737,34033.0,186.95171,33238.0,182.58458,2145.0,59.58333,4301.0,119.47222,2.0
1758088282.83656,33935.0,186.41338,33473.0,183.87549,1831.0,50.86111,4938.0,137.16667,2.0
1758088282.83734,33848.0,185.93546,33741.0,185.34769,1575.0,43.75,5567.0,154.63889,2.0
1758088282.85257,33772.0,185.51797,34038.0,186.97917,1436.0,39.88889,6048.0,168.0,2.0
1758088282.85549,33707.0,185.16092,34362.0,188.75897,1154.0,32.05556,6620.0,183.88889,2.0
1758088282.87056,33654.0,184.86975,34703.0,190.63219,956.0,26.55556,6803.0,188.97223,2.0
1758088282.87134,33617.0,184.6665,35048.0,192.52736,539.0,14.97222,6849.0,190.25,2.0
1758088282.88658,33600.0,184.57312,35394.0,194.42801,193.0,5.36111,6806.0,189.05556,2.0
1758088282.90259,33598.0,184.56213,35738.0,196.3177,-31.0,-0.86111,6722.0,186.72223,2.0
1758088282.90334,33598.0,184.56213,36073.0,198.15793,0.0,0.0,6590.0,183.05556,2.0
1758088282.9193,33598.0,184.56213,36407.0,199.99268,16.0,0.44444,6582.0,182.83333,2.0
1758088282.92068,33596.0,184.55115,36733.0,201.78346,51.0,1.41667,6301.0,175.02777,2.0
1758088282.93658,33590.0,184.51819,37049.0,203.51935,156.0,4.33333,6222.0,172.83333,2.0
1758088282.95574,33578.0,184.45227,37359.0,205.22224,293.0,8.13889,6064.0,168.44444,2.0
1758088282.95695,33558.0,184.34241,37656.0,206.85374,471.0,13.08333,5711.0,158.63889,2.0
1758088282.9757,33528.0,184.17761,37938.0,208.40283,710.0,19.72222,5447.0,151.30556,2.0
1758088282.97783,33488.0,183.95789,38206.0,209.87503,786.0,21.83333,5124.0,142.33333,2.0
1758088282.99496,33445.0,183.72168,38451.0,211.22087,901.0,25.02778,4613.0,128.13889,2.0
1758088282.99571,33395.0,183.44701,38670.0,212.42389,1047.0,29.08333,4153.0,115.36111,2.0
1758088283.01447,33340.0,183.14488,38866.0,213.50058,1074.0,29.83333,3677.0,102.13889,2.0
1758088283.01488,33288.0,182.85924,39032.0,214.41245,999.0,27.75,2959.0,82.19444,2.0
1758088283.03078,33240.0,182.59557,39163.0,215.13206,897.0,24.91667,2289.0,63.58333,2.0
1758088283.03138,33195.0,182.34837,39258.0,215.65392,839.0,23.30556,1595.0,44.30556,2.0
1758088283.04692,33153.0,182.11766,39323.0,216.011,912.0,25.33333,1044.0,29.0,2.0
1758088283.06298,33103.0,181.84297,39360.0,216.21425,1014.0,28.16667,520.0,14.44444,2.0
1758088283.06337,33047.0,181.53535,39374.0,216.29115,1187.0,32.97222,98.0,2.72222,2.0
1758088283.0804,32980.0,181.16731,39373.0,216.28566,1416.0,39.33333,-10.0,-0.27778,2.0
1758088283.08113,32906.0,180.76082,39373.0,216.28566,1555.0,43.19444,-9.0,-0.25,2.0
1758088283.09655,32825.0,180.31586,39373.0,216.28566,1631.0,45.30556,-19.0,-0.52778,2.0
1758088283.1165,32743.0,179.86542,39371.0,216.27467,1619.0,44.97222,-34.0,-0.94444,2.0
1758088283.12024,32666.0,179.44243,39369.0,216.26369,1479.0,41.08333,-55.0,-1.52778,2.0
1758088283.12159,32594.0,179.04692,39365.0,216.24171,1374.0,38.16667,-104.0,-2.88889,2.0
1758088283.13761,32529.0,178.68987,39358.0,216.20326,1252.0,34.77778,-162.0,-4.5,2.0
1758088283.15438,32466.0,178.3438,39349.0,216.15382,1242.0,34.5,-180.0,-5.0,2.0
1758088283.15515,32404.0,178.0032,39341.0,216.10988,1248.0,34.66667,-135.0,-3.75,2.0
1758088283.17138,32335.0,177.62418,39336.0,216.08241,1427.0,39.63889,-61.0,-1.69444,2.0
1758088283.17473,32257.0,177.19569,39335.0,216.07692,1640.0,45.55556,0.0,0.0,2.0
1758088283.19067,32165.0,176.69031,39335.0,216.07692,1936.0,53.77778,0.0,0.0,2.0
1758088283.19175,32056.0,176.09155,39335.0,216.07692,2296.0,63.77778,0.0,0.0,2.0
1758088283.20657,31931.0,175.40489,39335.0,216.07692,2599.0,72.19444,0.0,0.0,2.0
1758088283.22416,31792.0,174.64133,39335.0,216.07692,2860.0,79.44444,0.0,0.0,2.0
1758088283.22489,31643.0,173.82285,39335.0,216.07692,2980.0,82.77778,-3.0,-0.08333,2.0
1758088283.24157,31493.0,172.99886,39332.0,216.06044,2924.0,81.22222,-115.0,-3.19444,2.0
1758088283.24293,31348.0,172.20233,39318.0,215.98354,2739.0,76.08334,-387.0,-10.75,2.0
1758088283.25836,31218.0,171.48822,39291.0,215.83519,2450.0,68.05556,-665.0,-18.47222,2.0
1758088283.27533,31105.0,170.86748,39250.0,215.60997,2028.0,56.33333,-899.0,-24.97222,2.0
1758088283.27618,31013.0,170.36209,39195.0,215.30785,1625.0,45.13889,-1253.0,-34.80556,2.0
1758088283.29153,30944.0,169.98306,39118.0,214.88487,1215.0,33.75,-1708.0,-47.44444,2.0
1758088283.29232,30894.0,169.70839,39020.0,214.34653,767.0,21.30556,-2133.0,-59.25,2.0
1758088283.30754,30867.0,169.56007,38899.0,213.68185,366.0,10.16667,-2616.0,-72.66666,2.0
1758088283.32597,30858.0,169.51064,38753.0,212.87982,54.0,1.5,-3136.0,-87.11111,2.0
1758088283.32675,30860.0,169.52162,38579.0,211.92401,-87.0,-2.41667,-3667.0,-101.86111,2.0
1758088283.3426,30866.0,169.55458,38380.0,210.83086,-117.0,-3.25,-4108.0,-114.11111,2.0
1758088283.34376,30873.0,169.59303,38164.0,209.64432,-177.0,-4.91667,-4372.0,-121.44444,2.0
1758088283.35856,30887.0,169.66994,37942.0,208.4248,-343.0,-9.52778,-4395.0,-122.08334,2.0
1758088283.37456,30913.0,169.81277,37719.0,207.19981,-699.0,-19.41667,-4452.0,-123.66666,2.0
1758088283.37572,30958.0,170.05997,37490.0,205.94185,-1001.0,-27.80556,-4633.0,-128.69444,2.0
1758088283.394,31018.0,170.38956,37246.0,204.6015,-1387.0,-38.52778,-4953.0,-137.58333,2.0
1758088283.3958,31102.0,170.851,36987.0,203.17874,-1852.0,-51.44444,-5259.0,-146.08333,2.0
1758088283.4106,31211.0,171.44977,36713.0,201.6736,-2400.0,-66.66666,-5532.0,-153.66667,2.0
1758088283.4117,31349.0,172.20782,36413.0,200.02563,-2980.0,-82.77778,-6092.0,-169.22223,2.0
1758088283.42652,31518.0,173.13618,36087.0,198.23483,-3603.0,-100.08334,-6603.0,-183.41667,2.0
1758088283.44445,31720.0,174.24582,35745.0,196.35616,-4288.0,-119.11111,-6857.0,-190.47223,2.0
1758088283.44698,31953.0,175.52576,35402.0,194.47195,-4853.0,-134.80556,-6600.0,-183.33333,2.0
1758088283.46366,32205.0,176.91005,35086.0,192.7361,-5001.0,-138.91667,-5914.0,-164.27777,2.0
1758088283.46752,32450.0,178.25591,34807.0,191.20348,-4622.0,-128.38889,-5227.0,-145.19444,2.0
1758088283.48266,32671.0,179.46989,34565.0,189.87411,-4170.0,-115.83334,-4480.0,-124.44444,2.0
1758088283.48375,32878.0,180.60699,34363.0,188.76447,-4033.0,-112.02778,-3646.0,-101.27778,2.0
1758088283.50154,33082.0,181.72762,34202.0,187.88007,-4077.0,-113.25,-2877.0,-79.91666,2.0
1758088283.50229,33294.0,182.8922,34073.0,187.17143,-4319.0,-119.97222,-2364.0,-65.66666,2.0
1758088283.5175,33520.0,184.13367,33964.0,186.57268,-4634.0,-128.72223,-2051.0,-56.97222,2.0
1758088283.53347,33768.0,185.496,33866.0,186.03433,-5137.0,-142.69444,-1867.0,-51.86111,2.0
1758088283.53564,34044.0,187.01213,33773.0,185.52347,-5666.0,-157.38889,-1762.0,-48.94444,2.0
1758088283.55136,34344.0,188.6601,33685.0,185.04007,-6028.0,-167.44444,-1738.0,-48.27778,2.0
1758088283.5555,34655.0,190.3685,33603.0,184.5896,-6240.0,-173.33333,-1532.0,-42.55556,2.0
1758088283.57134,34975.0,192.12636,33530.0,184.1886,-6356.0,-176.55556,-1308.0,-36.33333,2.0
1758088283.5749,35297.0,193.89517,33472.0,183.87,-6317.0,-175.47223,-1037.0,-28.80556,2.0
1758088283.59055,35613.0,195.63103,33426.0,183.61731,-6215.0,-172.63889,-793.0,-22.02778,2.0
1758088283.59653,35925.0,197.34492,33398.0,183.46349,-6094.0,-169.27777,-370.0,-10.27778,2.0
1758088283.62142,36227.0,199.00391,33387.0,183.40306,-5848.0,-162.44444,-97.0,-2.69444,2.0
1758088283.62267,36517.0,200.59694,33386.0,183.39757,-5681.0,-157.80556,0.0,0.0,2.0
1758088283.62609,36803.0,202.168,33386.0,183.39757,-5608.0,-155.77777,-4.0,-0.11111,2.0
1758088283.64152,37084.0,203.71161,33386.0,183.39757,-5485.0,-152.36111,-29.0,-0.80556,2.0
1758088283.6423,37359.0,205.22224,33382.0,183.3756,-5403.0,-150.08333,-107.0,-2.97222,2.0
1758088283.65754,37630.0,206.71092,33371.0,183.31517,-5325.0,-147.91667,-309.0,-8.58333,2.0
1758088283.67429,37894.0,208.16113,33349.0,183.19432,-5103.0,-141.75,-522.0,-14.5,2.0
1758088283.67506,38142.0,209.52347,33318.0,183.02403,-4730.0,-131.38889,-707.0,-19.63889,2.0
1758088283.69084,38371.0,210.78142,33279.0,182.8098,-4334.0,-120.38889,-787.0,-21.86111,2.0
1758088283.69208,38581.0,211.935,33244.0,182.61754,-3865.0,-107.36111,-680.0,-18.88889,2.0
1758088283.71178,38756.0,212.8963,33211.0,182.43626,-3135.0,-87.08334,-631.0,-17.52778,2.0
1758088283.7148,38890.0,213.63242,33183.0,182.28246,-2316.0,-64.33334,-503.0,-13.97222,2.0
1758088283.73087,38986.0,214.15976,33160.0,182.15611,-1567.0,-43.52778,-390.0,-10.83333,2.0
1758088283.73466,39041.0,214.4619,33141.0,182.05171,-777.0,-21.58333,-352.0,-9.77778,2.0
1758088283.7505,39062.0,214.57726,33119.0,181.93086,-131.0,-3.63889,-439.0,-12.19444,2.0
1758088283.75129,39060.0,214.56627,33088.0,181.76057,63.0,1.75,-780.0,-21.66667,2.0
1758088283.76669,39057.0,214.54979,33036.0,181.47493,52.0,1.44444,-1203.0,-33.41667,2.0
1758088283.78332,39056.0,214.5443,32965.0,181.08492,0.0,0.0,-1548.0,-43.0,2.0
1758088283.78406,39056.0,214.5443,32874.0,180.58502,3.0,0.08333,-1906.0,-52.94444,2.0
1758088283.80105,39055.0,214.5388,32768.0,180.00275,25.0,0.69444,-2247.0,-62.41667,2.0
1758088283.80186,39053.0,214.52782,32649.0,179.34904,60.0,1.66667,-2429.0,-67.47222,2.0
1758088283.82436,39048.0,214.50035,32523.0,178.65691,132.0,3.66667,-2551.0,-70.86111,2.0
1758088283.82701,39036.0,214.43442,32395.0,177.95377,312.0,8.66667,-2519.0,-69.97222,2.0
1758088283.84575,39015.0,214.31906,32272.0,177.27809,526.0,14.61111,-2420.0,-67.22222,2.0
1758088283.84648,38980.0,214.1268,32155.0,176.63538,783.0,21.75,-2253.0,-62.58333,2.0
1758088283.86445,38938.0,213.89609,32044.0,176.02563,843.0,23.41667,-2135.0,-59.30556,2.0
1758088283.86586,38892.0,213.6434,31938.0,175.44336,956.0,26.55556,-2034.0,-56.5,2.0
1758088283.8815,38842.0,213.36874,31834.0,174.87206,975.0,27.08333,-2041.0,-56.69444,2.0
1758088283.88268,38797.0,213.12155,31732.0,174.31174,819.0,22.75,-2002.0,-55.61111,2.0
1758088283.90014,38758.0,212.90729,31631.0,173.75693,711.0,19.75,-2022.0,-56.16667,2.0
1758088283.9009,38725.0,212.72601,31529.0,173.19661,561.0,15.58333,-1993.0,-55.36111,2.0
1758088283.91657,38701.0,212.59418,31433.0,172.66927,403.0,11.19444,-1811.0,-50.30556,2.0
1758088283.93411,38680.0,212.47882,31347.0,172.19684,431.0,11.97222,-1611.0,-44.75,2.0
1758088283.93488,38653.0,212.33051,31277.0,171.81232,547.0,15.19444,-1214.0,-33.72222,2.0
1758088283.9513,38618.0,212.13824,31224.0,171.52118,855.0,23.75,-912.0,-25.33333,2.0
1758088283.95485,38566.0,211.8526,31191.0,171.3399,1085.0,30.13889,-454.0,-12.61111,2.0
1758088283.97131,38502.0,211.50102,31178.0,171.26849,1414.0,39.27778,-104.0,-2.88889,2.0
1758088283.97485,38418.0,211.0396,31179.0,171.27399,1823.0,50.63889,55.0,1.52778,2.0
1758088283.99132,38314.0,210.46831,31181.0,171.28497,2261.0,62.80556,17.0,0.47222,2.0
1758088283.99489,38188.0,209.77615,31182.0,171.29047,2628.0,73.0,7.0,0.19444,2.0
1758088284.0115,38049.0,209.0126,31182.0,171.29047,2855.0,79.30556,0.0,0.0,2.0
1758088284.01568,37904.0,208.21606,31182.0,171.29047,2871.0,79.75,0.0,0.0,2.0
1758088284.03493,37758.0,207.41405,31182.0,171.29047,2905.0,80.69444,0.0,0.0,2.0
1758088284.03542,37608.0,206.59007,31182.0,171.29047,3076.0,85.44444,13.0,0.36111,2.0
1758088284.05145,37442.0,205.67818,31187.0,171.31793,3373.0,93.69444,171.0,4.75,2.0
1758088284.05584,37260.0,204.67842,31206.0,171.4223,3741.0,103.91666,582.0,16.16667,2.0
1758088284.07618,37060.0,203.57977,31251.0,171.66949,4160.0,115.55556,1097.0,30.47222,2.0
1758088284.08066,36836.0,202.34927,31320.0,172.04852,4622.0,128.38889,1637.0,45.47222,2.0
1758088284.08206,36591.0,201.00343,31422.0,172.60883,5025.0,139.58333,2260.0,62.77778,2.0
1758088284.10546,36325.0,199.54224,31556.0,173.34494,5410.0,150.27777,2902.0,80.61111,2.0
1758088284.10625,36037.0,197.96017,31722.0,174.25681,5907.0,164.08333,3505.0,97.36111,2.0
1758088284.12145,35723.0,196.23531,31919.0,175.33897,6367.0,176.86111,4169.0,115.80556,2.0
1758088284.12268,35402.0,194.47195,32148.0,176.59692,6284.0,174.55556,4789.0,133.02777,2.0
1758088284.13849,35087.0,192.74159,32409.0,178.03067,6154.0,170.94444,5425.0,150.69444,2.0
1758088284.15526,34783.0,191.07164,32707.0,179.66766,5884.0,163.44444,6223.0,172.86111,2.0
1758088284.15604,34496.0,189.49509,33038.0,181.48592,5530.0,153.61111,6748.0,187.44444,2.0
1758088284.17144,34223.0,187.99542,33382.0,183.3756,5199.0,144.41667,6795.0,188.75,2.0
1758088284.17344,33979.0,186.65508,33719.0,185.22684,4425.0,122.91666,6511.0,180.86111,2.0
1758088284.19162,33787.0,185.60037,34030.0,186.93523,3254.0,90.38889,5847.0,162.41667,2.0
1758088284.19604,33658.0,184.89172,34313.0,188.48981,2033.0,56.47222,5405.0,150.13889,2.0
1758088284.21142,33589.0,184.5127,34575.0,189.92905,899.0,24.97222,5029.0,139.69444,2.0
1758088284.2165,33567.0,184.39185,34822.0,191.28587,133.0,3.69444,4798.0,133.27777,2.0
1758088284.23149,33569.0,184.40283,35064.0,192.61525,-96.0,-2.66667,4819.0,133.86111,2.0
1758088284.23482,33573.0,184.4248,35315.0,193.99405,-15.0,-0.41667,5116.0,142.11111,2.0
1758088284.25147,33570.0,184.40833,35584.0,195.47173,66.0,1.83333,5459.0,151.63889,2.0
1758088284.25667,33564.0,184.37537,35869.0,197.03731,166.0,4.61111,5738.0,159.38889,2.0
1758088284.27151,33554.0,184.32043,36170.0,198.69077,234.0,6.5,6084.0,169.0,2.0
1758088284.27547,33538.0,184.23254,36480.0,200.39369,362.0,10.05556,6118.0,169.94444,2.0
1758088284.29145,33520.0,184.13367,36784.0,202.06363,350.0,9.72222,5871.0,163.08333,2.0
1758088284.29522,33505.0,184.05127,37075.0,203.66217,242.0,6.72222,5663.0,157.30556,2.0
1758088284.31082,33498.0,184.01282,37350.0,205.17281,79.0,2.19444,5298.0,147.16667,2.0
1758088284.31122,33497.0,184.00732,37605.0,206.57359,-4.0,-0.11111,4852.0,134.77777,2.0
1758088284.32643,33497.0,184.00732,37838.0,207.85352,18.0,0.5,4443.0,123.41666,2.0
1758088284.34507,33494.0,183.99084,38055.0,209.04556,89.0,2.47222,4146.0,115.16666,2.0
1758088284.34554,33484.0,183.93591,38255.0,210.1442,271.0,7.52778,3800.0,105.55556,2.0
1758088284.36142,33463.0,183.82056,38433.0,211.12199,525.0,14.58333,3326.0,92.38889,2.0
1758088284.36263,33433.0,183.65576,38584.0,211.95148,641.0,17.80556,2672.0,74.22222,2.0
1758088284.3785,33400.0,183.47447,38704.0,212.61066,657.0,18.25,2072.0,57.55556,2.0
1758088284.39604,33365.0,183.28221,38793.0,213.09958,711.0,19.75,1528.0,42.44444,2.0
1758088284.39682,33330.0,183.08995,38851.0,213.41818,671.0,18.63889,878.0,24.38889,2.0
1758088284.41646,33292.0,182.88121,38883.0,213.59396,838.0,23.27778,440.0,12.22222,2.0
1758088284.41724,33245.0,182.62303,38894.0,213.65439,969.0,26.91667,55.0,1.52778,2.0
1758088284.43673,33193.0,182.33739,38893.0,213.6489,1069.0,29.69444,-4.0,-0.11111,2.0
1758088284.43713,33135.0,182.01875,38893.0,213.6489,1222.0,33.94444,0.0,0.0,2.0
1758088284.49979,33073.0,181.67818,38893.0,213.6489,1234.0,34.27778,-1.0,-0.02778,2.0
1758088284.50022,33010.0,181.33211,38892.0,213.6434,1234.0,34.27778,-9.0,-0.25,2.0
1758088284.50217,32950.0,181.00252,38892.0,213.6434,1112.0,30.88889,-15.0,-0.41667,2.0
1758088284.50711,32897.0,180.71138,38891.0,213.63791,1033.0,28.69444,-26.0,-0.72222,2.0
1758088284.51698,32848.0,180.4422,38889.0,213.62692,924.0,25.66667,-18.0,-0.5,2.0
1758088284.52191,32804.0,180.2005,38889.0,213.62692,803.0,22.30556,0.0,0.0,2.0
1758088284.52577,32763.0,179.97528,38889.0,213.62692,842.0,23.38889,0.0,0.0,2.0
1758088284.55553,32719.0,179.73358,38889.0,213.62692,874.0,24.27778,0.0,0.0,2.0
1758088284.56003,32671.0,179.46989,38889.0,213.62692,1033.0,28.69444,0.0,0.0,2.0
1758088284.56043,32613.0,179.15129,38889.0,213.62692,1290.0,35.83333,0.0,0.0,2.0
1758088284.56158,32540.0,178.75029,38889.0,213.62692,1553.0,43.13889,4.0,0.11111,2.0
1758088284.56219,32451.0,178.2614,38890.0,213.63242,1935.0,53.75,11.0,0.30556,2.0
1758088284.56444,32343.0,177.66812,38891.0,213.63791,2320.0,64.44444,23.0,0.63889,2.0
1758088284.58137,32219.0,176.98695,38891.0,213.63791,2542.0,70.61111,0.0,0.0,2.0
1758088284.58344,32089.0,176.27283,38891.0,213.63791,2608.0,72.44444,0.0,0.0,2.0
1758088284.60028,31961.0,175.5697,38890.0,213.63242,2478.0,68.83334,-7.0,-0.19444,2.0
1758088284.60126,31842.0,174.916,38889.0,213.62692,2253.0,62.58333,-26.0,-0.72222,2.0
1758088284.61896,31738.0,174.3447,38886.0,213.61044,1888.0,52.44444,-58.0,-1.61111,2.0
1758088284.65885,31653.0,173.87778,38881.0,213.58298,1524.0,42.33333,-120.0,-3.33333,2.0
1758088284.65967,31584.0,173.49875,38871.0,213.52805,1248.0,34.66667,-276.0,-7.66667,2.0
1758088284.66152,31528.0,173.19112,38854.0,213.43466,956.0,26.55556,-370.0,-10.27778,2.0
1758088284.66231,31487.0,172.9659,38830.0,213.30283,760.0,21.11111,-551.0,-15.30556,2.0
1758088284.66439,31451.0,172.76814,38794.0,213.10507,676.0,18.77778,-812.0,-22.55556,2.0
1758088284.68074,31422.0,172.60883,38745.0,212.83588,528.0,14.66667,-1090.0,-30.27778,2.0
1758088284.68117,31399.0,172.48248,38684.0,212.50079,377.0,10.47222,-1282.0,-35.61111,2.0
1758088284.6972,31387.0,172.41656,38610.0,212.0943,155.0,4.30556,-1578.0,-43.83333,2.0
1758088284.71582,31386.0,172.41107,38518.0,211.58891,-70.0,-1.94444,-2053.0,-57.02778,2.0
1758088284.71704,31393.0,172.44952,38396.0,210.91875,-190.0,-5.27778,-2693.0,-74.80556,2.0
1758088284.73507,31409.0,172.53741,38240.0,210.0618,-408.0,-11.33333,-3393.0,-94.25,2.0
1758088284.73553,31435.0,172.68025,38051.0,209.02359,-605.0,-16.80556,-3945.0,-109.58334,2.0
1758088284.75139,31471.0,172.87801,37839.0,207.85901,-742.0,-20.61111,-4364.0,-121.22222,2.0
1758088284.75221,31509.0,173.08675,37601.0,206.55162,-793.0,-22.02778,-4815.0,-133.75,2.0
1758088284.76815,31559.0,173.36142,37342.0,205.12886,-1135.0,-31.52778,-5293.0,-147.02777,2.0
1758088284.78635,31626.0,173.72946,37063.0,203.59625,-1485.0,-41.25,-5725.0,-159.02777,2.0
1758088284.78675,31713.0,174.20737,36765.0,201.95926,-1914.0,-53.16667,-6016.0,-167.11111,2.0
1758088284.80353,31818.0,174.78416,36454.0,200.25085,-2217.0,-61.58333,-6237.0,-173.25,2.0
1758088284.80603,31938.0,175.44336,36136.0,198.504,-2421.0,-67.25,-6268.0,-174.11111,2.0
1758088284.82217,32060.0,176.11353,35829.0,196.81758,-2393.0,-66.47222,-5886.0,-163.5,2.0
1758088284.82293,32179.0,176.76721,35540.0,195.23003,-2282.0,-63.38889,-5573.0,-154.80556,2.0
1758088284.83833,32291.0,177.38246,35268.0,193.73587,-2165.0,-60.13889,-5188.0,-144.11111,2.0
1758088284.85599,32402.0,177.99222,35019.0,192.36806,-2194.0,-60.94444,-4768.0,-132.44444,2.0
1758088284.85784,32517.0,178.62395,34785.0,191.08263,-2370.0,-65.83334,-4535.0,-125.97222,2.0
1758088284.87634,32648.0,179.34355,34559.0,189.84116,-2766.0,-76.83334,-4476.0,-124.33334,2.0
1758088284.87713,32805.0,180.20599,34335.0,188.61066,-3388.0,-94.11111,-4441.0,-123.36111,2.0
1758088284.8956,32998.0,181.26619,34115.0,187.40215,-4166.0,-115.72222,-4283.0,-118.97222,2.0
1758088284.89623,33231.0,182.54613,33903.0,186.23758,-4953.0,-137.58333,-4116.0,-114.33334,2.0
1758088284.91663,33500.0,184.0238,33703.0,185.13895,-5561.0,-154.47223,-3832.0,-106.44444,2.0
1758088284.91703,33795.0,185.64432,33520.0,184.13367,-6019.0,-167.19444,-3367.0,-93.52778,2.0
1758088284.97191,34109.0,187.36919,33367.0,183.2932,-6293.0,-174.80556,-2742.0,-76.16666,2.0
1758088284.97622,34428.0,189.12152,33249.0,182.645,-6260.0,-173.88889,-1972.0,-54.77778,2.0
1758088284.97716,34739.0,190.82994,33169.0,182.20555,-6053.0,-168.13889,-1291.0,-35.86111,2.0
1758088284.97766,35043.0,192.49989,33126.0,181.96931,-5959.0,-165.52777,-555.0,-15.41667,2.0
1758088284.97878,35340.0,194.13138,33117.0,181.91988,-5802.0,-161.16667,40.0,1.11111,2.0
1758088284.98055,35633.0,195.74089,33122.0,181.94734,-5827.0,-161.86111,95.0,2.63889,2.0
1758088284.9854,35934.0,197.39436,33125.0,181.96382,-5986.0,-166.27777,5.0,0.13889,2.0
1758088285.00135,36240.0,199.07532,33124.0,181.95833,-6065.0,-168.47223,-7.0,-0.19444,2.0
1758088285.00337,36549.0,200.77272,33123.0,181.95284,-6133.0,-170.36111,-18.0,-0.5,2.0
1758088285.02014,36864.0,202.50308,33122.0,181.94734,-6278.0,-174.38889,-29.0,-0.80556,2.0
1758088285.02092,37180.0,204.23895,33120.0,181.93636,-6204.0,-172.33333,-50.0,-1.38889,2.0
1758088285.03713,37491.0,205.94734,33116.0,181.91438,-6105.0,-169.58333,-89.0,-2.47222,2.0
1758088285.05998,37797.0,207.6283,33109.0,181.87593,-5978.0,-166.05556,-196.0,-5.44444,2.0
1758088285.0604,38092.0,209.24881,33097.0,181.81001,-5560.0,-154.44444,-264.0,-7.33333,2.0
1758088285.06159,38361.0,210.72649,33080.0,181.71663,-5118.0,-142.16667,-368.0,-10.22222,2.0
1758088285.07844,38607.0,212.07782,33056.0,181.58479,-4633.0,-128.69444,-523.0,-14.52778,2.0
1758088285.09509,38821.0,213.25339,33035.0,181.46944,-3825.0,-106.25,-307.0,-8.52778,2.0
1758088285.0959,38991.0,214.18723,33023.0,181.40352,-3001.0,-83.36111,-165.0,-4.58333,2.0
1758088285.11136,39116.0,214.87389,33020.0,181.38704,-2120.0,-58.88889,0.0,0.0,2.0
1758088285.11209,39201.0,215.34081,33019.0,181.38155,-1354.0,-37.61111,-36.0,-1.0,2.0
1758088285.13081,39250.0,215.60997,33012.0,181.34309,-726.0,-20.16667,-270.0,-7.5,2.0
1758088285.13119,39273.0,215.73631,32983.0,181.18379,-242.0,-6.72222,-811.0,-22.52778,2.0
1758088285.14634,39272.0,215.73082,32924.0,180.8597,58.0,1.61111,-1472.0,-40.88889,2.0
1758088285.16583,39271.0,215.72533,32833.0,180.3598,14.0,0.38889,-2062.0,-57.27778,2.0
1758088285.16749,39270.0,215.71983,32711.0,179.68964,16.0,0.44444,-2621.0,-72.80556,2.0
1758088285.21082,39269.0,215.71434,32565.0,178.88762,41.0,1.13889,-3062.0,-85.05556,2.0
1758088285.21645,39265.0,215.69237,32400.0,177.98123,94.0,2.61111,-3330.0,-92.5,2.0
1758088285.2182,39255.0,215.63744,32229.0,177.04189,299.0,8.30556,-3391.0,-94.19444,2.0
1758088285.2234,39232.0,215.51109,32059.0,176.10803,555.0,15.41667,-3318.0,-92.16666,2.0
1758088285.22484,39196.0,215.31334,31896.0,175.21263,833.0,23.13889,-3133.0,-87.02778,2.0
1758088285.22562,39147.0,215.04417,31745.0,174.38315,1105.0,30.69444,-2852.0,-79.22222,2.0
1758088285.24143,39082.0,214.68712,31611.0,173.64706,1349.0,37.47222,-2523.0,-70.08334,2.0
1758088285.24207,39010.0,214.2916,31494.0,173.00435,1462.0,40.61111,-2160.0,-60.0,2.0
1758088285.25809,38934.0,213.87411,31393.0,172.44952,1432.0,39.77778,-1910.0,-53.05556,2.0
1758088285.34568,38865.0,213.49509,31300.0,171.93866,1283.0,35.63889,-1799.0,-49.97222,2.0
1758088285.34626,38809.0,213.18747,31209.0,171.43878,953.0,26.47222,-1831.0,-50.86111,2.0
1758088285.34918,38773.0,212.98969,31114.0,170.91692,552.0,15.33333,-1923.0,-53.41667,2.0
1758088285.3496,38752.0,212.87433,31019.0,170.39505,356.0,9.88889,-1852.0,-51.44444,2.0
1758088285.35073,38738.0,212.79742,30929.0,169.90067,228.0,6.33333,-1688.0,-46.88889,2.0
1758088285.35149,38726.0,212.73151,30853.0,169.48317,212.0,5.88889,-1386.0,-38.5,2.0
1758088285.35652,38710.0,212.64362,30797.0,169.17555,442.0,12.27778,-870.0,-24.16667,2.0
1758088285.35717,38676.0,212.45685,30769.0,169.02174,895.0,24.86111,-296.0,-8.22222,2.0
1758088285.36005,38612.0,212.10529,30770.0,169.02724,1582.0,43.94444,155.0,4.30556,2.0
1758088285.36067,38510.0,211.54497,30784.0,169.10414,2347.0,65.19444,384.0,10.66667,2.0
1758088285.36187,38371.0,210.78142,30810.0,169.24696,2996.0,83.22222,612.0,17.0,2.0
1758088285.37833,38205.0,209.86954,30849.0,169.4612,3412.0,94.77778,822.0,22.83333,2.0
1758088285.39585,38029.0,208.90274,30889.0,169.68092,3435.0,95.41666,706.0,19.61111,2.0
1758088285.39703,37858.0,207.96338,30919.0,169.84573,3345.0,92.91666,510.0,14.16667,2.0
1758088285.41389,37685.0,207.01305,30943.0,169.97757,3509.0,97.47222,413.0,11.47222,2.0
1758088285.41506,37496.0,205.97481,30962.0,170.08194,3892.0,108.11111,398.0,11.05556,2.0
1758088285.43026,37289.0,204.83772,30990.0,170.23575,4230.0,117.5,694.0,19.27778,2.0
1758088285.43143,37067.0,203.61823,31036.0,170.48843,4555.0,126.52778,1125.0,31.25,2.0
1758088285.44637,36824.0,202.28336,31116.0,170.9279,4977.0,138.25,1907.0,52.97222,2.0
1758088285.46425,36561.0,200.83864,31234.0,171.57611,5345.0,148.47223,2657.0,73.80556,2.0
1758088285.466,36279.0,199.28955,31389.0,172.42755,5719.0,158.86111,3373.0,93.69444,2.0
1758088285.48126,35973.0,197.60861,31576.0,173.4548,6322.0,175.61111,3995.0,110.97222,2.0
1758088285.48207,35644.0,195.80132,31797.0,174.66879,6629.0,184.13889,4637.0,128.80556,2.0
1758088285.49859,35302.0,193.92264,32050.0,176.05859,6830.0,189.72223,5280.0,146.66667,2.0
1758088285.51584,34961.0,192.04945,32333.0,177.61319,6554.0,182.05556,5903.0,163.97223,2.0
1758088285.51703,34646.0,190.31906,32650.0,179.35454,5920.0,164.44444,6549.0,181.91667,2.0
1758088285.53393,34365.0,188.77545,33003.0,181.29366,5296.0,147.11111,7254.0,201.5,2.0
1758088285.53461,34109.0,187.36919,33385.0,183.39207,4897.0,136.02777,7772.0,215.88889,2.0
1758088285.55027,33875.0,186.08377,33786.0,185.59488,4396.0,122.11111,7875.0,218.75,2.0
1758088285.55105,33678.0,185.00162,34172.0,187.71526,3496.0,97.11111,7408.0,205.77777,2.0
1758088285.57184,33534.0,184.21057,34530.0,189.68185,2345.0,65.13889,6805.0,189.02777,2.0
1758088285.57437,33449.0,183.74365,34857.0,191.47813,1160.0,32.22222,6235.0,173.19444,2.0
1758088285.59123,33418.0,183.57336,35159.0,193.1371,203.0,5.63889,5826.0,161.83333,2.0
1758088285.5948,33423.0,183.60083,35451.0,194.74112,-204.0,-5.66667,5729.0,159.13889,2.0
1758088285.61321,33434.0,183.66125,35741.0,196.33418,-152.0,-4.22222,5753.0,159.80556,2.0
1758088285.61638,33434.0,183.66125,36037.0,197.96017,87.0,2.41667,5933.0,164.80556,2.0
1758088285.63523,33428.0,183.6283,36348.0,199.66858,144.0,4.0,6289.0,174.69444,2.0
1758088285.636,33417.0,183.56787,36671.0,201.44289,259.0,7.19444,6431.0,178.63889,2.0
1758088285.6514,33399.0,183.46898,36998.0,203.2392,438.0,12.16667,6489.0,180.25,2.0
1758088285.65486,33372.0,183.32066,37328.0,205.05196,554.0,15.38889,6512.0,180.88889,2.0
1758088285.73882,33344.0,183.16685,37649.0,206.81529,539.0,14.97222,6193.0,172.02777,2.0
1758088285.73923,33317.0,183.01854,37955.0,208.49622,568.0,15.77778,5916.0,164.33333,2.0
1758088285.74116,33284.0,182.83727,38243.0,210.07828,691.0,19.19444,5506.0,152.94444,2.0
1758088285.74195,33248.0,182.63951,38504.0,211.51201,696.0,19.33333,4912.0,136.44444,2.0
1758088285.74579,33213.0,182.44725,38737.0,212.79193,707.0,19.63889,4385.0,121.80556,2.0
1758088285.74623,33180.0,182.26598,38941.0,213.91257,558.0,15.5,3757.0,104.36111,2.0
1758088285.75142,33151.0,182.10664,39110.0,214.84093,578.0,16.05556,3048.0,84.66666,2.0
1758088285.75444,33121.0,181.94185,39245.0,215.5825,619.0,17.19444,2338.0,64.94444,2.0
1758088285.7564,33090.0,181.77156,39346.0,216.13734,640.0,17.77778,1727.0,47.97222,2.0
1758088285.75727,33052.0,181.56282,39418.0,216.53285,847.0,23.52778,1203.0,33.41667,2.0
1758088285.77675,33002.0,181.28816,39464.0,216.78554,1116.0,31.0,637.0,17.69444,2.0
1758088285.77718,32939.0,180.94209,39482.0,216.88441,1305.0,36.25,123.0,3.41667,2.0
1758088285.81724,32864.0,180.53009,39480.0,216.87343,1606.0,44.61111,-43.0,-1.19444,2.0
1758088285.81956,32776.0,180.04669,39479.0,216.86794,1820.0,50.55556,-20.0,-0.55556,2.0
1758088285.82065,32680.0,179.51933,39477.0,216.85695,1932.0,53.66667,-60.0,-1.66667,2.0
1758088285.82143,32580.0,178.97002,39472.0,216.82948,2011.0,55.86111,-136.0,-3.77778,2.0
1758088285.82264,32477.0,178.40422,39463.0,216.78004,2049.0,56.91667,-208.0,-5.77778,2.0
1758088285.84097,32372.0,177.82742,39446.0,216.68666,2119.0,58.86111,-447.0,-12.41667,2.0
1758088285.84141,32263.0,177.22865,39420.0,216.54384,2188.0,60.77778,-530.0,-14.72222,2.0
1758088285.88579,32146.0,176.58594,39394.0,216.40102,2378.0,66.05556,-482.0,-13.38889,2.0
1758088285.88713,32020.0,175.8938,39371.0,216.27467,2550.0,70.83334,-436.0,-12.11111,2.0
1758088285.88763,31884.0,175.14671,39349.0,216.15382,2752.0,76.44444,-395.0,-10.97222,2.0
1758088285.88846,31741.0,174.36118,39331.0,216.05495,2872.0,79.77778,-338.0,-9.38889,2.0
1758088285.90428,31591.0,173.5372,39312.0,215.95058,3019.0,83.86111,-375.0,-10.41667,2.0
1758088285.90717,31435.0,172.68025,39293.0,215.84618,3142.0,87.27778,-333.0,-9.25,2.0
1758088285.92342,31276.0,171.80682,39280.0,215.77477,3147.0,87.41666,-245.0,-6.80556,2.0
1758088285.92545,31120.0,170.94987,39269.0,215.71434,2961.0,82.25,-161.0,-4.47222,2.0
1758088285.94207,30981.0,170.18631,39258.0,215.65392,2546.0,70.72222,-306.0,-8.5,2.0
1758088285.94319,30867.0,169.56007,39233.0,215.51659,1970.0,54.72222,-620.0,-17.22222,2.0
1758088285.95835,30786.0,169.11513,39187.0,215.2639,1350.0,37.5,-1165.0,-32.36111,2.0
1758088285.97667,30741.0,168.86794,39109.0,214.83543,540.0,15.0,-1829.0,-50.80556,2.0
1758088285.97869,30735.0,168.83498,38998.0,214.22568,-117.0,-3.25,-2492.0,-69.22222,2.0
1758088285.9967,30749.0,168.91188,38855.0,213.44016,-391.0,-10.86111,-3039.0,-84.41666,2.0
1758088286.00004,30779.0,169.07668,38694.0,212.55573,-747.0,-20.75,-3240.0,-90.0,2.0
1758088286.00166,30821.0,169.30739,38529.0,211.64935,-863.0,-23.97222,-3241.0,-90.02778,2.0
1758088286.04098,30868.0,169.56557,38363.0,210.73747,-938.0,-26.05556,-3291.0,-91.41666,2.0
1758088286.04183,30918.0,169.84024,38192.0,209.79813,-1080.0,-30.0,-3492.0,-97.0,2.0
1758088286.04288,30981.0,170.18631,38008.0,208.78735,-1380.0,-38.33333,-3796.0,-105.44444,2.0
1758088286.04444,31066.0,170.65324,37807.0,207.68323,-1930.0,-53.61111,-4095.0,-113.75,2.0
1758088286.06126,31185.0,171.30695,37589.0,206.4857,-2703.0,-75.08334,-4473.0,-124.25,2.0
1758088286.06206,31346.0,172.19135,37350.0,205.17281,-3472.0,-96.44444,-4900.0,-136.11111,2.0
1758088286.07885,31542.0,173.26802,37089.0,203.73907,-4135.0,-114.86111,-5334.0,-148.16667,2.0
1758088286.09668,31770.0,174.52048,36811.0,202.21194,-4734.0,-131.5,-5606.0,-155.72223,2.0
1758088286.0983,32029.0,175.94324,36519.0,200.60793,-5404.0,-150.11111,-5971.0,-165.86111,2.0
1758088286.11668,32323.0,177.55826,36198.0,198.84457,-6097.0,-169.36111,-6475.0,-179.86111,2.0
1758088286.1609,32648.0,179.34355,35859.0,196.98238,-6674.0,-185.38889,-6754.0,-187.61111,2.0
1758088286.16443,33004.0,181.29915,35506.0,195.04326,-7364.0,-204.55556,-7065.0,-196.25,2.0
1758088286.16656,33398.0,183.46349,35159.0,193.1371,-7957.0,-221.02777,-6597.0,-183.25,2.0
1758088286.22285,33808.0,185.71573,34849.0,191.43419,-8081.0,-224.47223,-5741.0,-159.47223,2.0
1758088286.22911,34203.0,187.88556,34583.0,189.97299,-7498.0,-208.27777,-4886.0,-135.72223,2.0
1758088286.23161,34549.0,189.78622,34370.0,188.80292,-6344.0,-176.22223,-3675.0,-102.08334,2.0
1758088286.2354,34845.0,191.41222,34221.0,187.98444,-5483.0,-152.30556,-2386.0,-66.27778,2.0
1758088286.23664,35098.0,192.80202,34133.0,187.50102,-4685.0,-130.13889,-1328.0,-36.88889,2.0
1758088286.23885,35317.0,194.00504,34084.0,187.23186,-4139.0,-114.97222,-757.0,-21.02778,2.0
1758088286.24178,35523.0,195.13664,34055.0,187.07256,-4098.0,-113.83334,-471.0,-13.08333,2.0
1758088286.24313,35738.0,196.3177,34029.0,186.92973,-4454.0,-123.72222,-532.0,-14.77778,2.0
1758088286.24596,35977.0,197.63058,33990.0,186.7155,-4945.0,-137.36111,-992.0,-27.55556,2.0
1758088286.24658,36240.0,199.07532,33925.0,186.35844,-5404.0,-150.11111,-1472.0,-40.88889,2.0
1758088286.24734,36525.0,200.64088,33839.0,185.88602,-5840.0,-162.22223,-1884.0,-52.33333,2.0
1758088286.25645,36831.0,202.32181,33737.0,185.32571,-6137.0,-170.47223,-2112.0,-58.66667,2.0
1758088286.27548,37143.0,204.03571,33627.0,184.72144,-6094.0,-169.27777,-2146.0,-59.61111,2.0
1758088286.27625,37445.0,205.69466,33521.0,184.13916,-5852.0,-162.55556,-1975.0,-54.86111,2.0
1758088286.2955,37730.0,207.26024,33429.0,183.63379,-5414.0,-150.38889,-1695.0,-47.08333,2.0
1758088286.29696,37987.0,208.672,33358.0,183.24376,-4773.0,-132.58333,-1217.0,-33.80556,2.0
1758088286.31647,38209.0,209.89151,33307.0,182.96361,-4107.0,-114.08334,-843.0,-23.41667,2.0
1758088286.31802,38401.0,210.94621,33274.0,182.78233,-3523.0,-97.86111,-483.0,-13.41667,2.0
1758088286.32046,38564.0,211.84161,33259.0,182.69994,-2996.0,-83.22222,-236.0,-6.55556,2.0
1758088286.33621,38703.0,212.60516,33250.0,182.6505,-2586.0,-71.83334,-143.0,-3.97222,2.0
1758088286.35494,38819.0,213.2424,33244.0,182.61754,-2058.0,-57.16667,-95.0,-2.63889,2.0
1758088286.35536,38912.0,213.75327,33237.0,182.57909,-1640.0,-45.55556,-196.0,-5.44444,2.0
1758088286.37212,38986.0,214.15976,33221.0,182.4912,-1347.0,-37.41667,-467.0,-12.97222,2.0
1758088286.3757,39043.0,214.47289,33187.0,182.30443,-998.0,-27.72222,-807.0,-22.41667,2.0
1758088286.3963,39085.0,214.7036,33138.0,182.03523,-694.0,-19.27778,-1068.0,-29.66667,2.0
1758088286.39678,39113.0,214.85741,33077.0,181.70015,-452.0,-12.55556,-1337.0,-37.13889,2.0
1758088286.41653,39126.0,214.92882,33000.0,181.27718,-27.0,-0.75,-1611.0,-44.75,2.0
1758088286.41699,39119.0,214.89037,32911.0,180.78828,204.0,5.66667,-1895.0,-52.63889,2.0
1758088286.43547,39111.0,214.84642,32810.0,180.23346,139.0,3.86111,-2110.0,-58.61111,2.0
1758088286.43631,39102.0,214.79698,32698.0,179.61821,235.0,6.52778,-2253.0,-62.58333,2.0
1758088286.45494,39087.0,214.71458,32580.0,178.97002,335.0,9.30556,-2297.0,-63.80556,2.0
1758088286.45543,39062.0,214.57726,32463.0,178.32732,574.0,15.94444,-2267.0,-62.97222,2.0
1758088286.47548,39025.0,214.37399,32352.0,177.71756,845.0,23.47222,-2144.0,-59.55556,2.0
1758088286.47721,38973.0,214.08835,32246.0,177.13527,1136.0,31.55556,-2046.0,-56.83333,2.0
1758088286.49575,38914.0,213.76425,32146.0,176.58594,1203.0,33.41667,-1974.0,-54.83333,2.0
1758088286.49621,38850.0,213.41269,32048.0,176.04761,1275.0,35.41667,-1921.0,-53.36111,2.0
1758088286.51647,38789.0,213.07761,31948.0,175.49829,1127.0,31.30556,-1969.0,-54.69444,2.0
1758088286.51692,38735.0,212.78094,31843.0,174.92149,1000.0,27.77778,-2147.0,-59.63889,2.0
1758088286.5348,38694.0,212.55573,31731.0,174.30624,641.0,17.80556,-2270.0,-63.05556,2.0
1758088286.5364,38671.0,212.42938,31612.0,173.65256,305.0,8.47222,-2438.0,-67.72222,2.0
1758088286.5556,38664.0,212.39093,31488.0,172.97139,0.0,0.0,-2501.0,-69.47222,2.0
1758088286.5563,38666.0,212.40192,31365.0,172.29572,0.0,0.0,-2391.0,-66.41666,2.0
1758088286.5757,38663.0,212.38544,31254.0,171.68597,42.0,1.16667,-2040.0,-56.66667,2.0
1758088286.5762,38659.0,212.36346,31163.0,171.18608,141.0,3.91667,-1591.0,-44.19444,2.0
1758088286.59586,38643.0,212.27557,31096.0,170.81804,488.0,13.55556,-1123.0,-31.19444,2.0
1758088286.59628,38604.0,212.06134,31057.0,170.60381,986.0,27.38889,-492.0,-13.66667,2.0
1758088286.61565,38541.0,211.71527,31049.0,170.55986,1428.0,39.66667,86.0,2.38889,2.0
1758088286.61628,38454.0,211.23735,31057.0,170.60381,1960.0,54.44444,184.0,5.11111,2.0
1758088286.6354,38344.0,210.6331,31069.0,170.66972,2290.0,63.61111,275.0,7.63889,2.0
1758088286.63626,38223.0,209.96841,31088.0,170.77409,2467.0,68.52778,432.0,12.0,2.0
1758088286.65566,38098.0,209.28177,31107.0,170.87846,2448.0,68.0,327.0,9.08333,2.0
1758088286.6562,37973.0,208.59509,31121.0,170.95537,2463.0,68.41666,224.0,6.22222,2.0
1758088286.67567,37845.0,207.89197,31133.0,171.02129,2647.0,73.52778,250.0,6.94444,2.0
1758088286.67608,37700.0,207.09544,31149.0,171.10918,3027.0,84.08334,416.0,11.55556,2.0
1758088286.69539,37530.0,206.16161,31183.0,171.29596,3579.0,99.41666,851.0,23.63889,2.0
1758088286.69617,37335.0,205.09041,31245.0,171.63654,4134.0,114.83334,1560.0,43.33333,2.0
1758088286.71539,37109.0,203.84894,31344.0,172.18036,4729.0,131.36111,2277.0,63.25,2.0
1758088286.71666,36853.0,202.44266,31481.0,172.93294,5314.0,147.61111,2972.0,82.55556,2.0
1758088286.73564,36572.0,200.89906,31650.0,173.8613,5717.0,158.80556,3623.0,100.63889,2.0
1758088286.7361,36271.0,199.24561,31849.0,174.95445,6078.0,168.83333,4195.0,116.52778,2.0
1758088286.75573,35943.0,197.4438,32077.0,176.20691,6655.0,184.86111,4761.0,132.25,2.0
1758088286.75612,35605.0,195.58708,32335.0,177.62418,6597.0,183.25,5370.0,149.16667,2.0
1758088286.77549,35281.0,193.80728,32625.0,179.21721,6261.0,173.91667,6008.0,166.88889,2.0
1758088286.77617,34975.0,192.12636,32949.0,180.99702,5843.0,162.30556,6680.0,185.55556,2.0
1758088286.79569,34690.0,190.56078,33306.0,182.95811,5452.0,151.44444,7176.0,199.33333,2.0
1758088286.7961,34426.0,189.11053,33682.0,185.02359,5034.0,139.83333,7519.0,208.86111,2.0
1758088286.81574,34190.0,187.81415,34053.0,187.06157,4359.0,121.08334,7104.0,197.33333,2.0
1758088286.81616,33998.0,186.75945,34403.0,188.98419,3310.0,91.94444,6742.0,187.27777,2.0
1758088286.83728,33863.0,186.01785,34728.0,190.76952,2146.0,59.61111,6180.0,171.66667,2.0
1758088286.84135,33784.0,185.58389,35029.0,192.42299,1134.0,31.5,5789.0,160.80556,2.0
1758088286.87575,33749.0,185.39163,35315.0,193.99405,352.0,9.77778,5609.0,155.80556,2.0
1758088286.87704,33746.0,185.37515,35597.0,195.54314,-72.0,-2.0,5576.0,154.88889,2.0
1758088286.87923,33749.0,185.39163,35885.0,197.1252,-12.0,-0.33333,5771.0,160.30556,2.0
1758088286.87969,33745.0,185.36966,36190.0,198.80063,122.0,3.38889,6258.0,173.83333,2.0
1758088286.88161,33733.0,185.30374,36517.0,200.59694,325.0,9.02778,6591.0,183.08333,2.0
1758088286.8972,33713.0,185.19388,36857.0,202.46463,491.0,13.63889,6815.0,189.30556,2.0
1758088286.92059,33681.0,185.0181,37205.0,204.37628,730.0,20.27778,6869.0,190.80556,2.0
1758088286.92189,33639.0,184.78735,37550.0,206.27147,831.0,23.08333,6695.0,185.97223,2.0
1758088286.97039,33599.0,184.56763,37877.0,208.06775,774.0,21.5,6273.0,174.25,2.0
1758088286.97083,33561.0,184.35889,38182.0,209.74319,724.0,20.11111,5821.0,161.69444,2.0
1758088286.97596,33524.0,184.15564,38458.0,211.25932,758.0,21.05556,5148.0,143.0,2.0
1758088286.97675,33488.0,183.95789,38701.0,212.59418,649.0,18.02778,4555.0,126.52778,2.0
1758088286.97778,33455.0,183.77661,38914.0,213.76425,675.0,18.75,3987.0,110.75,2.0
1758088286.98009,33421.0,183.58984,39094.0,214.75304,634.0,17.61111,3229.0,89.69444,2.0
1758088286.98125,33388.0,183.40855,39236.0,215.53307,677.0,18.80556,2472.0,68.66666,2.0
1758088286.99903,33353.0,183.21629,39342.0,216.11537,700.0,19.44444,1792.0,49.77778,2.0
1758088287.03687,33315.0,183.00755,39415.0,216.51637,805.0,22.36111,1214.0,33.72222,2.0
1758088287.03883,33266.0,182.73839,39460.0,216.76357,1084.0,30.11111,577.0,16.02778,2.0
1758088287.04132,33207.0,182.41429,39473.0,216.83498,1253.0,34.80556,0.0,0.0,2.0
1758088287.04179,33138.0,182.03523,39469.0,216.813,1474.0,40.94444,-67.0,-1.86111,2.0
1758088287.04768,33059.0,181.60127,39465.0,216.79103,1614.0,44.83333,-101.0,-2.80556,2.0
1758088287.05565,32974.0,181.13435,39454.0,216.73061,1704.0,47.33333,-348.0,-9.66667,2.0
1758088287.0711,32890.0,180.67291,39427.0,216.58229,1666.0,46.27778,-652.0,-18.11111,2.0
1758088287.07178,32806.0,180.21149,39391.0,216.38454,1623.0,45.08333,-746.0,-20.72222,2.0
1758088287.09174,32722.0,179.75006,39350.0,216.15932,1642.0,45.61111,-870.0,-24.16667,2.0
1758088287.09695,32638.0,179.28862,39301.0,215.89015,1725.0,47.91667,-1059.0,-29.41667,2.0
1758088287.11566,32544.0,178.77226,39246.0,215.588,1931.0,53.63889,-1058.0,-29.38889,2.0
1758088287.11603,32437.0,178.18448,39194.0,215.30235,2244.0,62.33333,-1009.0,-28.02778,2.0
1758088287.23156,32313.0,177.50331,39143.0,215.0222,2631.0,73.08334,-953.0,-26.47222,2.0
1758088287.23618,32168.0,176.70679,39102.0,214.79698,3026.0,84.05556,-696.0,-19.33333,2.0
1758088287.2406,32003.0,175.80042,39072.0,214.63219,3392.0,94.22222,-515.0,-14.30556,2.0
1758088287.24098,31820.0,174.79515,39047.0,214.49486,3748.0,104.11111,-464.0,-12.88889,2.0
1758088287.24216,31624.0,173.71848,39031.0,214.40695,3985.0,110.69444,-182.0,-5.05556,2.0
1758088287.24663,31416.0,172.57587,39027.0,214.38498,4200.0,116.66666,-17.0,-0.47222,2.0
1758088287.24719,31207.0,171.4278,39026.0,214.37949,4109.0,114.13889,-23.0,-0.63889,2.0
1758088287.2483,31008.0,170.33463,39021.0,214.35202,3761.0,104.47222,-153.0,-4.25,2.0
1758088287.24992,30832.0,169.36781,39009.0,214.2861,3261.0,90.58334,-267.0,-7.41667,2.0
1758088287.25075,30682.0,168.54384,38988.0,214.17075,2710.0,75.27778,-552.0,-15.33333,2.0
1758088287.25174,30563.0,167.89014,38951.0,213.9675,2078.0,57.72222,-883.0,-24.52778,2.0
1758088287.2567,30476.0,167.41222,38890.0,213.63242,1401.0,38.91667,-1436.0,-39.88889,2.0
1758088287.33114,30424.0,167.12657,38805.0,213.1655,809.0,22.47222,-1873.0,-52.02778,2.0
1758088287.43212,30398.0,166.98375,38694.0,212.55573,271.0,7.52778,-2403.0,-66.75,2.0
1758088287.45214,30401.0,167.00023,38557.0,211.80316,-253.0,-7.02778,-2895.0,-80.41666,2.0
1758088287.45743,30420.0,167.1046,38398.0,210.92973,-452.0,-12.55556,-3263.0,-90.63889,2.0
1758088287.46143,30446.0,167.24742,38232.0,210.01785,-531.0,-14.75,-3276.0,-91.0,2.0
1758088287.46214,30477.0,167.41771,38071.0,209.13345,-694.0,-19.27778,-3109.0,-86.36111,2.0
1758088287.46624,30514.0,167.62096,37915.0,208.27649,-793.0,-22.02778,-3081.0,-85.58334,2.0
1758088287.46717,30565.0,167.90112,37754.0,207.39207,-1176.0,-32.66667,-3282.0,-91.16666,2.0
1758088287.46798,30638.0,168.30212,37578.0,206.42528,-1712.0,-47.55556,-3662.0,-101.72222,2.0
1758088287.46986,30745.0,168.88991,37379.0,205.33211,-2410.0,-66.94444,-4120.0,-114.44444,2.0
1758088287.47082,30890.0,169.68642,37156.0,204.10712,-3177.0,-88.25,-4579.0,-127.19444,2.0
1758088287.47168,31074.0,170.69719,36911.0,202.76126,-3977.0,-110.47222,-4970.0,-138.05556,2.0
1758088287.47665,31298.0,171.92767,36647.0,201.31105,-4751.0,-131.97223,-5426.0,-150.72223,2.0
1758088287.48003,31561.0,173.37241,36357.0,199.71802,-5486.0,-152.38889,-6017.0,-167.13889,2.0
1758088287.48057,31861.0,175.02037,36037.0,197.96017,-6267.0,-174.08333,-6463.0,-179.52777,2.0
1758088287.48178,32203.0,176.89906,35700.0,196.10893,-7138.0,-198.27777,-6869.0,-190.80556,2.0
1758088287.4867,32586.0,179.00298,35352.0,194.1973,-7866.0,-218.5,-6791.0,-188.63889,2.0
1758088287.48879,32997.0,181.2607,35024.0,192.39552,-8319.0,-231.08333,-6197.0,-172.13889,2.0
1758088287.49653,33424.0,183.60632,34732.0,190.79149,-8122.0,-225.61111,-5434.0,-150.94444,2.0
1758088287.49863,33816.0,185.75967,34484.0,189.42917,-7462.0,-207.27777,-4468.0,-124.11111,2.0
1758088287.50527,34175.0,187.73174,34293.0,188.37994,-6789.0,-188.58333,-3220.0,-89.44444,2.0
1758088287.50604,34493.0,189.47861,34164.0,187.67131,-5916.0,-164.33333,-1980.0,-55.0,2.0
1758088287.50823,34774.0,191.0222,34089.0,187.25932,-5303.0,-147.30556,-1121.0,-31.13889,2.0
1758088287.5111,35034.0,192.45045,34050.0,187.04509,-5012.0,-139.22223,-537.0,-14.91667,2.0
1758088287.51538,35286.0,193.83475,34031.0,186.94072,-4990.0,-138.61111,-260.0,-7.22222,2.0
1758088287.5163,35545.0,195.25749,34015.0,186.85283,-5270.0,-146.38889,-422.0,-11.72222,2.0
1758088287.53962,35826.0,196.8011,33983.0,186.67705,-5794.0,-160.94444,-811.0,-22.52778,2.0
1758088287.54183,36130.0,198.47104,33930.0,186.38591,-6148.0,-170.77777,-1193.0,-33.13889,2.0
1758088287.54575,36448.0,200.2179,33861.0,186.00687,-6395.0,-177.63889,-1482.0,-41.16667,2.0
1758088287.54621,36777.0,202.02518,33780.0,185.56192,-6527.0,-181.30556,-1645.0,-45.69444,2.0
1758088287.55566,37104.0,203.82147,33694.0,185.08951,-6350.0,-176.38889,-1707.0,-47.41667,2.0
1758088287.55607,37416.0,205.53535,33613.0,184.64453,-6018.0,-167.16667,-1534.0,-42.61111,2.0
1758088287.57366,37708.0,207.13939,33540.0,184.24353,-5565.0,-154.58333,-1293.0,-35.91667,2.0
1758088287.5745,37973.0,208.59509,33485.0,183.94141,-4909.0,-136.36111,-972.0,-27.0,2.0
1758088287.59013,38203.0,209.85855,33440.0,183.69421,-4267.0,-118.52778,-797.0,-22.13889,2.0
1758088287.59126,38403.0,210.9572,33407.0,183.51292,-3678.0,-102.16666,-533.0,-14.80556,2.0
1758088287.60612,38569.0,211.86908,33392.0,183.43053,-2956.0,-82.11111,-160.0,-4.44444,2.0
1758088287.62208,38699.0,212.58319,33390.0,183.41954,-2314.0,-64.27778,0.0,0.0,2.0
1758088287.62623,38800.0,213.13803,33389.0,183.41405,-1723.0,-47.86111,0.0,0.0,2.0
1758088287.64212,38875.0,213.55002,33388.0,183.40855,-1280.0,-35.55556,-62.0,-1.72222,2.0
1758088287.64484,38927.0,213.83566,33382.0,183.3756,-862.0,-23.94444,-188.0,-5.22222,2.0
1758088287.66088,38961.0,214.02243,33363.0,183.27122,-554.0,-15.38889,-518.0,-14.38889,2.0
1758088287.66176,38981.0,214.13229,33328.0,183.07896,-218.0,-6.05556,-837.0,-23.25,2.0
1758088287.67709,38983.0,214.14328,33278.0,182.80431,80.0,2.22222,-1092.0,-30.33333,2.0
1758088287.69686,38975.0,214.09933,33220.0,182.4857,216.0,6.0,-1246.0,-34.61111,2.0
1758088287.69725,38962.0,214.02792,33150.0,182.10115,248.0,6.88889,-1436.0,-39.88889,2.0
1758088287.70152,38946.0,213.94003,33075.0,181.68916,376.0,10.44444,-1531.0,-42.52778,2.0
1758088287.71879,38922.0,213.8082,32994.0,181.24422,615.0,17.08333,-1599.0,-44.41667,2.0
1758088287.73683,38883.0,213.59396,32911.0,180.78828,919.0,25.52778,-1666.0,-46.27778,2.0
1758088287.73723,38828.0,213.29184,32827.0,180.32684,1176.0,32.66667,-1683.0,-46.75,2.0
1758088287.75488,38766.0,212.95123,32739.0,179.84344,1308.0,36.33333,-1780.0,-49.44444,2.0
1758088287.75565,38695.0,212.56122,32646.0,179.33257,1378.0,38.27778,-1890.0,-52.5,2.0
1758088287.77531,38628.0,212.19318,32547.0,178.78874,1285.0,35.69444,-2078.0,-57.72222,2.0
1758088287.77604,38565.0,211.84711,32436.0,178.17899,1112.0,30.88889,-2266.0,-62.94444,2.0
1758088287.79547,38517.0,211.58342,32315.0,177.5143,836.0,23.22222,-2488.0,-69.11111,2.0
1758088287.79599,38482.0,211.39116,32180.0,176.77271,533.0,14.80556,-2693.0,-74.80556,2.0
1758088287.81558,38463.0,211.28679,32036.0,175.98169,236.0,6.55556,-2913.0,-80.91666,2.0
1758088287.81729,38457.0,211.25383,31888.0,175.16869,31.0,0.86111,-2900.0,-80.55556,2.0
1758088287.86309,38456.0,211.24834,31747.0,174.39413,0.0,0.0,-2689.0,-74.69444,2.0
1758088287.86693,38454.0,211.23735,31623.0,173.71298,85.0,2.36111,-2309.0,-64.13889,2.0
1758088287.86808,38445.0,211.18791,31521.0,173.15266,235.0,6.52778,-1787.0,-49.63889,2.0
1758088287.86942,38430.0,211.10551,31444.0,172.72969,360.0,10.0,-1284.0,-35.66667,2.0
1758088287.87147,38409.0,210.99016,31392.0,172.44403,482.0,13.38889,-883.0,-24.52778,2.0
1758088287.87491,38378.0,210.81987,31357.0,172.25177,737.0,20.47222,-546.0,-15.16667,2.0
1758088287.89325,38332.0,210.56718,31340.0,172.15839,975.0,27.08333,-179.0,-4.97222,2.0
1758088287.89742,38277.0,210.26506,31339.0,172.15289,1199.0,33.30556,49.0,1.36111,2.0
1758088287.91535,38207.0,209.88052,31341.0,172.16388,1598.0,44.38889,1.0,0.02778,2.0
1758088287.9161,38114.0,209.36966,31341.0,172.16388,2009.0,55.80556,16.0,0.44444,2.0
1758088287.93372,37999.0,208.73792,31343.0,172.17487,2430.0,67.5,60.0,1.66667,2.0
1758088287.93448,37868.0,208.01831,31350.0,172.21332,2714.0,75.38889,219.0,6.08333,2.0
1758088287.95559,37724.0,207.22728,31366.0,172.30121,2900.0,80.55556,389.0,10.80556,2.0
1758088287.95596,37569.0,206.37584,31391.0,172.43854,3188.0,88.55556,559.0,15.52778,2.0
1758088287.97525,37399.0,205.44197,31423.0,172.61432,3496.0,97.11111,697.0,19.36111,2.0
1758088287.97604,37212.0,204.41473,31470.0,172.87251,3837.0,106.58334,1116.0,31.0,2.0
1758088287.99542,37003.0,203.26666,31537.0,173.24055,4344.0,120.66666,1478.0,41.05556,2.0
1758088287.99613,36767.0,201.97025,31626.0,173.72946,4884.0,135.66667,1985.0,55.13889,2.0
1758088288.03544,36504.0,200.52553,31740.0,174.35568,5380.0,149.44444,2480.0,68.88889,2.0
1758088288.03616,36218.0,198.95444,31882.0,175.13573,5901.0,163.91667,3083.0,85.63889,2.0
1758088288.03996,35912.0,197.27351,32054.0,176.08057,6102.0,169.5,3663.0,101.75,2.0
1758088288.04043,35608.0,195.60356,32255.0,177.18471,5885.0,163.47223,4242.0,117.83334,2.0
1758088288.04149,35317.0,194.00504,32486.0,178.45366,5664.0,157.33333,4754.0,132.05556,2.0
1758088288.05785,35038.0,192.47243,32731.0,179.7995,5393.0,149.80556,4847.0,134.63889,2.0
1758088288.09609,34783.0,191.07164,32969.0,181.10689,4773.0,132.58333,4609.0,128.02777,2.0
1758088288.09677,34565.0,189.87411,33196.0,182.35387,3953.0,109.80556,4451.0,123.63889,2.0
1758088288.10072,34390.0,188.91278,33421.0,183.58984,3114.0,86.5,4487.0,124.63889,2.0
1758088288.10122,34251.0,188.14923,33651.0,184.85327,2414.0,67.05556,4638.0,128.83333,2.0
1758088288.10312,34144.0,187.56145,33893.0,186.18265,1922.0,53.38889,4892.0,135.88889,2.0
1758088288.12068,34059.0,187.09453,34150.0,187.59441,1522.0,42.27778,5259.0,146.08333,2.0
1758088288.12186,33991.0,186.72099,34432.0,189.14352,1193.0,33.13889,5698.0,158.27777,2.0
1758088288.13884,33937.0,186.42436,34732.0,190.79149,984.0,27.33333,6046.0,167.94444,2.0
1758088288.14091,33891.0,186.17166,35047.0,192.52187,805.0,22.36111,6380.0,177.22223,2.0
1758088288.15787,33860.0,186.00137,35377.0,194.33463,457.0,12.69444,6575.0,182.63889,2.0
1758088288.19942,33844.0,185.91348,35714.0,196.18587,256.0,7.11111,6674.0,185.38889,2.0
1758088288.20098,33835.0,185.86404,36049.0,198.02609,103.0,2.86111,6561.0,182.25,2.0
1758088288.2021,33833.0,185.85306,36382.0,199.85535,20.0,0.55556,6533.0,181.47223,2.0
1758088288.20627,33833.0,185.85306,36704.0,201.62416,0.0,0.0,6206.0,172.38889,2.0
1758088288.20821,33832.0,185.84756,37009.0,203.29962,28.0,0.77778,5933.0,164.80556,2.0
1758088288.23443,33828.0,185.82559,37303.0,204.91463,114.0,3.16667,5697.0,158.25,2.0
1758088288.23718,33817.0,185.76517,37581.0,206.44176,287.0,7.97222,5348.0,148.55556,2.0
1758088288.23946,33797.0,185.6553,37840.0,207.8645,478.0,13.27778,4948.0,137.44444,2.0
1758088288.24061,33768.0,185.496,38082.0,209.19388,657.0,18.25,4593.0,127.58334,2.0
1758088288.25684,33730.0,185.28726,38305.0,210.41887,811.0,22.52778,4170.0,115.83334,2.0
1758088288.27544,33684.0,185.03458,38502.0,211.50102,1021.0,28.36111,3678.0,102.16666,2.0
1758088288.27698,33625.0,184.71045,38674.0,212.44586,1211.0,33.63889,3233.0,89.80556,2.0
1758088288.31638,33560.0,184.35339,38823.0,213.26437,1347.0,37.41667,2731.0,75.86111,2.0
1758088288.31715,33490.0,183.96887,38943.0,213.92355,1372.0,38.11111,2081.0,57.80556,2.0
1758088288.31935,33422.0,183.59534,39028.0,214.39047,1365.0,37.91667,1416.0,39.33333,2.0
1758088288.31973,33351.0,183.20531,39082.0,214.68712,1402.0,38.94444,779.0,21.63889,2.0
1758088288.32417,33279.0,182.8098,39106.0,214.81895,1497.0,41.58333,244.0,6.77778,2.0
1758088288.34008,33200.0,182.37584,39109.0,214.83543,1615.0,44.86111,-19.0,-0.52778,2.0
1758088288.34119,33114.0,181.9034,39109.0,214.83543,1771.0,49.19444,0.0,0.0,2.0
1758088288.35766,33022.0,181.39803,39109.0,214.83543,1884.0,52.33333,0.0,0.0,2.0
1758088288.37702,32924.0,180.8597,39109.0,214.83543,1923.0,53.41667,0.0,0.0,2.0
1758088288.37866,32826.0,180.32135,39109.0,214.83543,1922.0,53.38889,-9.0,-0.25,2.0
1758088288.4209,32732.0,179.80499,39108.0,214.82994,1807.0,50.19444,-7.0,-0.19444,2.0
1758088288.42178,32646.0,179.33257,39108.0,214.82994,1641.0,45.58333,-15.0,-0.41667,2.0
1758088288.42601,32566.0,178.89311,39107.0,214.82445,1488.0,41.33333,-17.0,-0.47222,2.0
1758088288.42674,32493.0,178.49211,39106.0,214.81895,1395.0,38.75,-21.0,-0.58333,2.0
1758088288.42945,32425.0,178.11856,39104.0,214.80797,1277.0,35.47222,-33.0,-0.91667,2.0
1758088288.43063,32359.0,177.75601,39103.0,214.80247,1312.0,36.44444,-31.0,-0.86111,2.0
1758088288.44603,32294.0,177.39894,39102.0,214.79698,1298.0,36.05556,-8.0,-0.22222,2.0
1758088288.46209,32226.0,177.02541,39102.0,214.79698,1417.0,39.36111,0.0,0.0,2.0
1758088288.46322,32152.0,176.6189,39102.0,214.79698,1523.0,42.30556,0.0,0.0,2.0
1758088288.47957,32067.0,176.15198,39102.0,214.79698,1758.0,48.83333,0.0,0.0,2.0
1758088288.48263,31973.0,175.63562,39102.0,214.79698,1991.0,55.30556,0.0,0.0,2.0
1758088288.49966,31865.0,175.04234,39102.0,214.79698,2256.0,62.66667,5.0,0.13889,2.0
1758088288.50104,31746.0,174.38864,39102.0,214.79698,2372.0,65.88889,0.0,0.0,2.0
1758088288.5178,31625.0,173.72397,39102.0,214.79698,2363.0,65.63889,0.0,0.0,2.0
1758088288.52389,31509.0,173.08675,39100.0,214.786,2196.0,61.0,-32.0,-0.88889,2.0
1758088288.54014,31403.0,172.50446,39097.0,214.76952,1966.0,54.61111,-69.0,-1.91667,2.0
1758088288.54083,31314.0,172.01556,39091.0,214.73656,1650.0,45.83333,-191.0,-5.30556,2.0
1758088288.55643,31243.0,171.62555,39075.0,214.64867,1237.0,34.36111,-417.0,-11.58333,2.0
1758088288.57605,31189.0,171.32892,39043.0,214.47289,948.0,26.33333,-780.0,-21.66667,2.0
1758088288.57682,31150.0,171.11467,38998.0,214.22568,612.0,17.0,-951.0,-26.41667,2.0
1758088288.59612,31131.0,171.0103,38944.0,213.92905,251.0,6.97222,-1168.0,-32.44444,2.0
1758088288.5968,31124.0,170.97185,38875.0,213.55002,78.0,2.16667,-1472.0,-40.88889,2.0
1758088288.61625,31123.0,170.96635,38795.0,213.11057,-21.0,-0.58333,-1678.0,-46.61111,2.0
1758088288.61669,31124.0,170.97185,38701.0,212.59418,-36.0,-1.0,-1978.0,-54.94444,2.0
1758088288.63599,31127.0,170.98833,38591.0,211.98993,-88.0,-2.44444,-2338.0,-64.94444,2.0
1758088288.68141,31136.0,171.03777,38462.0,211.2813,-266.0,-7.38889,-2740.0,-76.11111,2.0
1758088288.68634,31158.0,171.15862,38315.0,210.4738,-579.0,-16.08333,-2981.0,-82.80556,2.0
1758088288.69147,31197.0,171.37286,38155.0,209.59488,-888.0,-24.66667,-3259.0,-90.52778,2.0
1758088288.69643,31251.0,171.66949,37983.0,208.65002,-1211.0,-33.63889,-3560.0,-98.88889,2.0
1758088288.70194,31325.0,172.07599,37795.0,207.61731,-1694.0,-47.05556,-3842.0,-106.72222,2.0
1758088288.70669,31423.0,172.61432,37588.0,206.48021,-2152.0,-59.77778,-4281.0,-118.91666,2.0
1758088288.71192,31546.0,173.28999,37356.0,205.20576,-2620.0,-72.77778,-4798.0,-133.27777,2.0
1758088288.71696,31693.0,174.0975,37095.0,203.77203,-3142.0,-87.27778,-5395.0,-149.86111,2.0
1758088288.71987,31868.0,175.05882,36807.0,202.18997,-3689.0,-102.47222,-5925.0,-164.58333,2.0
1758088288.72163,32070.0,176.16846,36490.0,200.44862,-4260.0,-118.33334,-6508.0,-180.77777,2.0
1758088288.73702,32305.0,177.45937,36146.0,198.55893,-4884.0,-135.66667,-6932.0,-192.55556,2.0
1758088288.75698,32564.0,178.88213,35808.0,196.70222,-5210.0,-144.72223,-6409.0,-178.02777,2.0
1758088288.75778,32826.0,180.32135,35498.0,194.99931,-5147.0,-142.97223,-5913.0,-164.25,2.0
1758088288.77734,33080.0,181.71663,35217.0,193.45572,-4897.0,-136.02777,-5242.0,-145.61111,2.0
1758088288.77783,33323.0,183.0515,34977.0,192.13734,-4665.0,-129.58333,-4422.0,-122.83334,2.0
1758088288.79701,33555.0,184.32593,34774.0,191.0222,-4579.0,-127.19444,-3737.0,-103.80556,2.0
1758088288.79781,33789.0,185.61136,34599.0,190.06088,-4693.0,-130.36111,-3284.0,-91.22222,2.0
1758088288.8157,34035.0,186.96269,34441.0,189.19296,-4986.0,-138.5,-2916.0,-81.0,2.0
1758088288.81633,34297.0,188.40192,34300.0,188.4184,-5296.0,-147.11111,-2683.0,-74.52778,2.0
1758088288.93,34574.0,189.92355,34169.0,187.69878,-5584.0,-155.11111,-2516.0,-69.88889,2.0
1758088288.93167,34868.0,191.53856,34043.0,187.00664,-5999.0,-166.63889,-2434.0,-67.61111,2.0
1758088288.93661,35179.0,193.24696,33923.0,186.34746,-6218.0,-172.72223,-2321.0,-64.47222,2.0
1758088288.93793,35498.0,194.99931,33810.0,185.72672,-6365.0,-176.80556,-2182.0,-60.61111,2.0
1758088288.94169,35827.0,196.80659,33707.0,185.16092,-6584.0,-182.88889,-1969.0,-54.69444,2.0
1758088288.94224,36159.0,198.63034,33615.0,184.65552,-6490.0,-180.27777,-1693.0,-47.02778,2.0
1758088288.9452,36484.0,200.41566,33536.0,184.22156,-6408.0,-178.0,-1454.0,-40.38889,2.0
1758088288.94559,36806.0,202.18448,33470.0,183.85901,-6333.0,-175.91667,-1219.0,-33.86111,2.0
1758088288.94669,37123.0,203.92584,33413.0,183.5459,-6152.0,-170.88889,-1003.0,-27.86111,2.0
1758088288.94818,37429.0,205.60677,33370.0,183.30968,-5983.0,-166.19444,-778.0,-21.61111,2.0
1758088288.95051,37727.0,207.24376,33333.0,183.10643,-5812.0,-161.44444,-684.0,-19.0,2.0
1758088288.95087,38013.0,208.81482,33299.0,182.91966,-5518.0,-153.27777,-647.0,-17.97222,2.0
1758088288.95558,38282.0,210.29253,33271.0,182.76585,-5203.0,-144.52777,-452.0,-12.55556,2.0
1758088288.95595,38537.0,211.6933,33250.0,182.6505,-4923.0,-136.75,-362.0,-10.05556,2.0
1758088289.05176,38776.0,213.00616,33232.0,182.55162,-4562.0,-126.72222,-374.0,-10.38889,2.0
1758088289.0567,38993.0,214.19821,33208.0,182.41978,-4134.0,-114.83334,-520.0,-14.44444,2.0
1758088289.06183,39184.0,215.24742,33184.0,182.28795,-3489.0,-96.91666,-420.0,-11.66667,2.0
1758088289.06423,39343.0,216.12086,33165.0,182.18358,-2860.0,-79.44444,-279.0,-7.75,2.0
1758088289.07163,39470.0,216.8185,33153.0,182.11766,-2227.0,-61.86111,-240.0,-6.66667,2.0
1758088289.07485,39565.0,217.34036,33142.0,182.05721,-1572.0,-43.66667,-189.0,-5.25,2.0
1758088289.07635,39628.0,217.68643,33128.0,181.9803,-1022.0,-28.38889,-338.0,-9.38889,2.0
1758088289.0786,39664.0,217.88419,33109.0,181.87593,-447.0,-12.41667,-470.0,-13.05556,2.0
1758088289.08144,39668.0,217.90616,33076.0,181.69466,155.0,4.30556,-819.0,-22.75,2.0
1758088289.08209,39655.0,217.83475,33022.0,181.39803,285.0,7.91667,-1224.0,-34.0,2.0
1758088289.08407,39639.0,217.74686,32949.0,180.99702,300.0,8.33333,-1625.0,-45.13889,2.0
1758088289.08631,39626.0,217.67545,32854.0,180.47516,236.0,6.55556,-2029.0,-56.36111,2.0
1758088289.08753,39614.0,217.60953,32738.0,179.83795,206.0,5.72222,-2476.0,-68.77778,2.0
1758088289.10645,39602.0,217.54361,32605.0,179.10735,308.0,8.55556,-2745.0,-76.25,2.0
1758088289.10903,39583.0,217.43924,32459.0,178.30534,441.0,12.25,-2948.0,-81.88889,2.0
1758088289.12639,39553.0,217.27444,32308.0,177.47585,685.0,19.02778,-2995.0,-83.19444,2.0
1758088289.12919,39509.0,217.03273,32157.0,176.64636,1018.0,28.27778,-2955.0,-82.08334,2.0
1758088289.13546,39454.0,216.73061,32007.0,175.82239,1114.0,30.94444,-2965.0,-82.36111,2.0
1758088289.15687,39394.0,216.40102,31858.0,175.00389,1253.0,34.80556,-2917.0,-81.02778,2.0
1758088289.16018,39330.0,216.04945,31714.0,174.21286,1205.0,33.47222,-2786.0,-77.38889,2.0
1758088289.16164,39273.0,215.73631,31575.0,173.44931,1100.0,30.55556,-2722.0,-75.61111,2.0
1758088289.17981,39222.0,215.45616,31440.0,172.70772,930.0,25.83333,-2640.0,-73.33334,2.0
1758088289.18061,39183.0,215.24193,31306.0,171.97162,646.0,17.94444,-2625.0,-72.91666,2.0
1758088289.19609,39153.0,215.07713,31178.0,171.26849,590.0,16.38889,-2447.0,-67.97222,2.0
1758088289.21449,39116.0,214.87389,31064.0,170.64226,876.0,24.33333,-2087.0,-57.97222,2.0
1758088289.21662,39065.0,214.59373,30973.0,170.14236,1163.0,32.30556,-1590.0,-44.16667,2.0
1758088289.23618,38989.0,214.17624,30913.0,169.81277,1809.0,50.25,-816.0,-22.66667,2.0
1758088289.23682,38877.0,213.561,30896.0,169.71938,2543.0,70.63889,0.0,0.0,2.0
1758088289.27591,38727.0,212.737,30909.0,169.79079,3268.0,90.77778,357.0,9.91667,2.0
1758088289.27672,38550.0,211.76471,30937.0,169.94461,3620.0,100.55556,702.0,19.5,2.0
1758088289.27782,38364.0,210.74297,30976.0,170.15884,3598.0,99.94444,785.0,21.80556,2.0
1758088289.2786,38186.0,209.76517,31013.0,170.36209,3480.0,96.66666,654.0,18.16667,2.0
1758088289.29643,38011.0,208.80383,31038.0,170.49942,3498.0,97.16666,384.0,10.66667,2.0
1758088289.29725,37827.0,207.79309,31058.0,170.6093,3771.0,104.75,458.0,12.72222,2.0
1758088289.31578,37627.0,206.69444,31091.0,170.79057,4096.0,113.77778,847.0,23.52778,2.0
1758088289.31622,37409.0,205.4969,31150.0,171.11467,4461.0,123.91666,1445.0,40.13889,2.0
1758088289.33609,37171.0,204.18951,31241.0,171.61456,4841.0,134.47223,2096.0,58.22222,2.0
1758088289.33677,36914.0,202.77774,31366.0,172.30121,5277.0,146.58333,2772.0,77.0,2.0
1758088289.35632,36638.0,201.26161,31524.0,173.16914,5599.0,155.52777,3386.0,94.05556,2.0
1758088289.3567,36348.0,199.66858,31712.0,174.20187,5845.0,162.36111,3915.0,108.75,2.0
1758088289.37631,36041.0,197.98215,31928.0,175.38841,6203.0,172.30556,4494.0,124.83334,2.0
1758088289.37671,35716.0,196.19685,32172.0,176.72876,6517.0,181.02777,5052.0,140.33333,2.0
1758088289.40086,35395.0,194.4335,32446.0,178.23392,6147.0,170.75,5675.0,157.63889,2.0
1758088289.40161,35095.0,192.78554,32752.0,179.91486,5721.0,158.91667,6301.0,175.02777,2.0
1758088289.42407,34822.0,191.28587,33085.0,181.74409,5176.0,143.77777,6810.0,189.16667,2.0
1758088289.42614,34575.0,189.92905,33450.0,183.74915,4676.0,129.88889,7513.0,208.69444,2.0
1758088289.43435,34350.0,188.69305,33842.0,185.9025,4295.0,119.30556,7860.0,218.33333,2.0
1758088289.4359,34146.0,187.57243,34238.0,188.07782,3820.0,106.11111,7712.0,214.22223,2.0
1758088289.45622,33977.0,186.64409,34618.0,190.16525,2943.0,81.75,7316.0,203.22223,2.0
1758088289.4567,33856.0,185.9794,34966.0,192.07692,1832.0,50.88889,6566.0,182.38889,2.0
1758088289.47468,33792.0,185.62784,35286.0,193.83475,853.0,23.69444,6156.0,171.0,2.0
1758088289.47699,33772.0,185.51797,35590.0,195.50468,80.0,2.22222,5766.0,160.16667,2.0
1758088289.49723,33779.0,185.55643,35876.0,197.07576,-200.0,-5.55556,5558.0,154.38889,2.0
1758088289.49921,33786.0,185.59488,36160.0,198.63583,-80.0,-2.22222,5702.0,158.38889,2.0
1758088289.51719,33785.0,185.58939,36453.0,200.24536,88.0,2.44444,5877.0,163.25,2.0
1758088289.51968,33777.0,185.54544,36750.0,201.87686,204.0,5.66667,5881.0,163.36111,2.0
1758088289.52104,33764.0,185.47403,37052.0,203.53583,302.0,8.38889,6014.0,167.05556,2.0
1758088289.53684,33747.0,185.38065,37355.0,205.20027,345.0,9.58333,5961.0,165.58333,2.0
1758088289.55543,33728.0,185.27628,37648.0,206.8098,382.0,10.61111,5655.0,157.08333,2.0
1758088289.55664,33708.0,185.16641,37927.0,208.34241,418.0,11.61111,5376.0,149.33333,2.0
1758088289.57473,33683.0,185.02908,38190.0,209.78714,548.0,15.22222,4987.0,138.52777,2.0
1758088289.57722,33652.0,184.85876,38426.0,211.08354,647.0,17.97222,4424.0,122.88889,2.0
1758088289.59601,33626.0,184.71594,38628.0,212.19318,413.0,11.47222,3684.0,102.33334,2.0
1758088289.59678,33611.0,184.63354,38795.0,213.11057,243.0,6.75,3024.0,84.0,2.0
1758088289.61466,33600.0,184.57312,38929.0,213.84665,169.0,4.69444,2380.0,66.11111,2.0
1758088289.61636,33591.0,184.52368,39031.0,214.40695,228.0,6.33333,1792.0,49.77778,2.0
1758088289.6344,33575.0,184.43579,39106.0,214.81895,353.0,9.80556,1235.0,34.30556,2.0
1758088289.63711,33551.0,184.30396,39156.0,215.09361,562.0,15.61111,777.0,21.58333,2.0
1758088289.64106,33515.0,184.1062,39182.0,215.23643,818.0,22.72222,268.0,7.44444,2.0
1758088289.66125,33471.0,183.8645,39183.0,215.24193,892.0,24.77778,-79.0,-2.19444,2.0
1758088289.66265,33421.0,183.58984,39178.0,215.21446,1053.0,29.25,-113.0,-3.13889,2.0
1758088289.71125,33365.0,183.28221,39171.0,215.17601,1135.0,31.52778,-174.0,-4.83333,2.0
1758088289.71201,33311.0,182.98558,39161.0,215.12108,1040.0,28.88889,-204.0,-5.66667,2.0
1758088289.71653,33259.0,182.69994,39146.0,215.03868,991.0,27.52778,-367.0,-10.19444,2.0
1758088289.71705,33213.0,182.44725,39123.0,214.91234,849.0,23.58333,-526.0,-14.61111,2.0
1758088289.72138,33173.0,182.22752,39096.0,214.76402,757.0,21.02778,-596.0,-16.55556,2.0
1758088289.72334,33131.0,181.99678,39061.0,214.57176,871.0,24.19444,-790.0,-21.94444,2.0
1758088289.78696,33086.0,181.74959,39016.0,214.32455,937.0,26.02778,-904.0,-25.11111,2.0
1758088289.7919,33031.0,181.44746,38973.0,214.08835,1226.0,34.05556,-814.0,-22.61111,2.0
1758088289.79655,32957.0,181.04097,38936.0,213.8851,1595.0,44.30556,-673.0,-18.69444,2.0
1758088289.79892,32864.0,180.53009,38904.0,213.70932,2043.0,56.75,-582.0,-16.16667,2.0
1758088289.85619,32747.0,179.88739,38883.0,213.59396,2521.0,70.02778,-258.0,-7.16667,2.0
1758088289.87485,32607.0,179.11833,38881.0,213.58298,2977.0,82.69444,71.0,1.97222,2.0
1758088289.886,31252.0,171.67499,38660.0,212.36896,1475.0,40.97222,-1459.0,-40.52778,2.0
1758088289.90323,31184.0,171.30145,38579.0,211.92401,1267.0,35.19444,-1727.0,-47.97222,2.0
1758088289.9036,31127.0,170.98833,38484.0,211.40215,988.0,27.44444,-2003.0,-55.63889,2.0
1758088289.92174,31085.0,170.75761,38373.0,210.7924,697.0,19.36111,-2375.0,-65.97222,2.0
1758088289.92261,31061.0,170.62578,38241.0,210.06729,290.0,8.05556,-2809.0,-78.02778,2.0
1758088289.93958,31059.0,170.61479,38087.0,209.22134,-171.0,-4.75,-3177.0,-88.25,2.0
1758088289.94072,31077.0,170.71367,37917.0,208.28748,-527.0,-14.63889,-3490.0,-96.94444,2.0
1758088289.96574,31114.0,170.91692,37730.0,207.26024,-857.0,-23.80556,-3860.0,-107.22222,2.0
1758088289.97168,31173.0,171.24103,37525.0,206.13414,-1423.0,-39.52778,-4270.0,-118.61111,2.0
1758088290.01812,31260.0,171.71893,37295.0,204.87068,-1958.0,-54.38889,-4805.0,-133.47223,2.0
1758088290.02328,31377.0,172.36163,37037.0,203.45343,-2584.0,-71.77778,-5329.0,-148.02777,2.0
1758088290.02636,31528.0,173.19112,36755.0,201.90433,-3227.0,-89.63889,-5794.0,-160.94444,2.0
1758088290.02831,31711.0,174.19638,36447.0,200.2124,-3898.0,-108.27778,-6343.0,-176.19444,2.0
1758088290.04255,31924.0,175.36644,36108.0,198.35019,-4467.0,-124.08334,-6844.0,-190.11111,2.0
1758088290.04605,32162.0,176.67383,35769.0,196.48799,-4838.0,-134.38889,-6555.0,-182.08333,2.0
1758088290.05083,32406.0,178.01419,35446.0,194.71365,-4754.0,-132.05556,-6192.0,-172.0,2.0
1758088290.10044,32633.0,179.26115,35153.0,193.10414,-4306.0,-119.61111,-5454.0,-151.5,2.0
1758088290.11143,32838.0,180.38727,34900.0,191.71434,-3900.0,-108.33334,-4661.0,-129.47223,2.0
1758088290.1118,33029.0,181.43648,34680.0,190.50583,-3731.0,-103.63889,-4070.0,-113.05556,2.0
1758088290.1161,33217.0,182.46922,34485.0,189.43466,-3773.0,-104.80556,-3676.0,-102.11111,2.0
1758088290.11673,33416.0,183.56238,34309.0,188.46783,-4032.0,-112.0,-3370.0,-93.61111,2.0
1758088290.12032,33632.0,184.7489,34146.0,187.57243,-4454.0,-123.72222,-3127.0,-86.86111,2.0
1758088290.12097,33875.0,186.08377,33990.0,186.7155,-5016.0,-139.33333,-3013.0,-83.69444,2.0
1758088290.12183,34146.0,187.57243,33838.0,185.88052,-5581.0,-155.02777,-2969.0,-82.47222,2.0
1758088290.12633,34441.0,189.19296,33692.0,185.07852,-5877.0,-163.25,-2827.0,-78.52778,2.0
1758088290.14632,34744.0,190.85741,33556.0,184.33142,-6068.0,-168.55556,-2564.0,-71.22222,2.0
1758088290.14674,35059.0,192.58778,33437.0,183.67773,-6296.0,-174.88889,-2241.0,-62.25,2.0
1758088290.15658,35377.0,194.33463,33335.0,183.11742,-6252.0,-173.66667,-1811.0,-50.30556,2.0
1758088290.17441,35692.0,196.06499,33253.0,182.66698,-6238.0,-173.27777,-1435.0,-39.86111,2.0
1758088290.17693,36009.0,197.80637,33187.0,182.30443,-6262.0,-173.94444,-1218.0,-33.83333,2.0
1758088290.19441,36319.0,199.50928,33133.0,182.00777,-6025.0,-167.36111,-962.0,-26.72222,2.0
1758088290.19715,36624.0,201.18471,33090.0,181.77156,-6011.0,-166.97223,-812.0,-22.55556,2.0
1758088290.216,36930.0,202.86563,33047.0,181.53535,-6051.0,-168.08333,-863.0,-23.97222,2.0
1758088290.21678,37230.0,204.51361,33005.0,181.30464,-5866.0,-162.94444,-794.0,-22.05556,2.0
1758088290.23457,37526.0,206.13963,32964.0,181.07942,-5812.0,-161.44444,-826.0,-22.94444,2.0
1758088290.23594,37820.0,207.75464,32917.0,180.82124,-5749.0,-159.69444,-984.0,-27.33333,2.0
1758088290.25471,38102.0,209.30374,32867.0,180.54657,-5448.0,-151.33333,-971.0,-26.97222,2.0
1758088290.25676,38369.0,210.77043,32816.0,180.26642,-5141.0,-142.80556,-1053.0,-29.25,2.0
1758088290.30061,38622.0,212.16022,32761.0,179.96429,-4837.0,-134.36111,-1107.0,-30.75,2.0
1758088290.30267,38850.0,213.41269,32712.0,179.69513,-4204.0,-116.77778,-842.0,-23.38889,2.0
1758088290.31184,39041.0,214.4619,32672.0,179.47539,-3433.0,-95.36111,-787.0,-21.86111,2.0
1758088290.31688,39194.0,215.30235,32638.0,179.28862,-2692.0,-74.77778,-620.0,-17.22222,2.0
1758088290.32102,39310.0,215.93959,32609.0,179.12932,-1944.0,-54.0,-572.0,-15.88889,2.0
1758088290.32143,39391.0,216.38454,32579.0,178.96452,-1331.0,-36.97222,-637.0,-17.69444,2.0
1758088290.32259,39438.0,216.64272,32538.0,178.7393,-620.0,-17.22222,-930.0,-25.83333,2.0
1758088290.3417,39452.0,216.71962,32486.0,178.45366,-4.0,-0.11111,-1082.0,-30.05556,2.0
1758088290.34214,39449.0,216.70314,32425.0,178.11856,81.0,2.25,-1319.0,-36.63889,2.0
1758088290.36601,39444.0,216.67567,32351.0,177.71207,109.0,3.02778,-1502.0,-41.72222,2.0
1758088290.36679,39438.0,216.64272,32270.0,177.26711,156.0,4.33333,-1654.0,-45.94444,2.0
1758088290.38278,39423.0,216.56032,32187.0,176.81116,434.0,12.05556,-1597.0,-44.36111,2.0
1758088290.40644,39395.0,216.40651,32107.0,176.3717,680.0,18.88889,-1541.0,-42.80556,2.0
1758088290.41165,39352.0,216.1703,32034.0,175.9707,945.0,26.25,-1404.0,-39.0,2.0
1758088290.4165,39302.0,215.89565,31966.0,175.59717,1045.0,29.02778,-1240.0,-34.44444,2.0
1758088290.41794,39242.0,215.56602,31906.0,175.26756,1266.0,35.16667,-1171.0,-32.52778,2.0
1758088290.434,39174.0,215.19249,31852.0,174.97093,1392.0,38.66667,-962.0,-26.72222,2.0
1758088290.43578,39097.0,214.76952,31814.0,174.76219,1590.0,44.16667,-612.0,-17.0,2.0
1758088290.4518,39015.0,214.31906,31789.0,174.62485,1646.0,45.72222,-452.0,-12.55556,2.0
1758088290.45675,38929.0,213.84665,31766.0,174.4985,1654.0,45.94444,-476.0,-13.22222,2.0
1758088290.47628,38845.0,213.38522,31745.0,174.38315,1583.0,43.97222,-428.0,-11.88889,2.0
1758088290.47665,38770.0,212.97321,31723.0,174.2623,1379.0,38.30556,-429.0,-11.91667,2.0
1758088290.49601,38704.0,212.61066,31700.0,174.13596,1210.0,33.61111,-479.0,-13.30556,2.0
1758088290.49676,38650.0,212.31403,31675.0,173.99863,963.0,26.75,-505.0,-14.02778,2.0
1758088290.51479,38602.0,212.05035,31647.0,173.84482,946.0,26.27778,-587.0,-16.30556,2.0
1758088290.51675,38554.0,211.78668,31615.0,173.66904,969.0,26.91667,-619.0,-17.19444,2.0
1758088290.53445,38498.0,211.47905,31590.0,173.53171,1231.0,34.19444,-410.0,-11.38889,2.0
1758088290.53599,38422.0,211.06157,31576.0,173.4548,1724.0,47.88889,-141.0,-3.91667,2.0
1758088290.55443,38322.0,210.51225,31578.0,173.46579,2172.0,60.33333,140.0,3.88889,2.0
1758088290.55696,38202.0,209.85306,31587.0,173.51523,2481.0,68.91666,215.0,5.97222,2.0
1758088290.5763,38072.0,209.13895,31603.0,173.60312,2683.0,74.52778,441.0,12.25,2.0
1758088290.57671,37929.0,208.35339,31634.0,173.77341,2933.0,81.47222,696.0,19.33333,2.0
1758088290.59627,37770.0,207.47998,31674.0,173.99313,3320.0,92.22222,887.0,24.63889,2.0
1758088290.59663,37590.0,206.4912,31730.0,174.30075,3775.0,104.86111,1286.0,35.72222,2.0
1758088290.61636,37384.0,205.35957,31808.0,174.72923,4277.0,118.80556,1693.0,47.02778,2.0
1758088290.61857,37153.0,204.09064,31909.0,175.28404,4818.0,133.83333,2206.0,61.27778,2.0
1758088290.65616,36892.0,202.65689,32036.0,175.98169,5469.0,151.91667,2771.0,76.97222,2.0
1758088290.65654,36600.0,201.05287,32192.0,176.83864,6031.0,167.52777,3327.0,92.41666,2.0
1758088290.66122,36282.0,199.30603,32380.0,177.87137,6417.0,178.25,3984.0,110.66666,2.0
1758088290.6616,35949.0,197.47676,32603.0,179.09636,6683.0,185.63889,4671.0,129.75,2.0
1758088290.66277,35615.0,195.64201,32858.0,180.49713,6462.0,179.5,5243.0,145.63889,2.0
1758088290.68068,35297.0,193.89517,33130.0,181.99129,6177.0,171.58333,5376.0,149.33333,2.0
1758088290.68133,34998.0,192.2527,33402.0,183.48546,5663.0,157.30556,5307.0,147.41667,2.0
1758088290.69694,34734.0,190.80247,33663.0,184.91919,4801.0,133.36111,5044.0,140.11111,2.0
1758088290.74144,34517.0,189.61044,33911.0,186.28152,3854.0,107.05556,4811.0,133.63889,2.0
1758088290.74458,34345.0,188.66559,34150.0,187.59441,3030.0,84.16666,4701.0,130.58333,2.0
1758088290.74612,34212.0,187.935,34388.0,188.90179,2356.0,65.44444,4741.0,131.69444,2.0
1758088290.74895,34106.0,187.35271,34631.0,190.23666,1873.0,52.02778,4886.0,135.72223,2.0
1758088290.75764,34021.0,186.88579,34883.0,191.62096,1557.0,43.25,5094.0,141.5,2.0
1758088290.77209,33950.0,186.49577,35151.0,193.09315,1338.0,37.16667,5443.0,151.19444,2.0
1758088290.77596,33885.0,186.1387,35439.0,194.6752,1236.0,34.33333,5868.0,163.0,2.0
1758088290.77654,33828.0,185.82559,35744.0,196.35066,1102.0,30.61111,6142.0,170.61111,2.0
1758088290.79612,33772.0,185.51797,36060.0,198.08652,1084.0,30.11111,6315.0,175.41667,2.0
1758088290.79675,33721.0,185.23782,36387.0,199.88281,947.0,26.30556,6501.0,180.58333,2.0
1758088290.85721,33674.0,184.97964,36712.0,201.66811,914.0,25.38889,6341.0,176.13889,2.0
1758088290.862,33630.0,184.73792,37028.0,203.40399,797.0,22.13889,6207.0,172.41667,2.0
1758088290.86777,33593.0,184.53467,37337.0,205.10139,687.0,19.08333,6017.0,167.13889,2.0
1758088290.86939,33558.0,184.34241,37635.0,206.73839,682.0,18.94444,5649.0,156.91667,2.0
1758088290.87117,33521.0,184.13916,37913.0,208.2655,774.0,21.5,5344.0,148.44444,2.0
1758088290.87195,33483.0,183.93042,38175.0,209.70474,706.0,19.61111,5023.0,139.52777,2.0
1758088290.87701,33446.0,183.72717,38416.0,211.02861,762.0,21.16667,4563.0,126.75,2.0
1758088290.88103,33408.0,183.51843,38628.0,212.19318,711.0,19.75,3944.0,109.55556,2.0
1758088290.8839,33373.0,183.32616,38813.0,213.20944,668.0,18.55556,3418.0,94.94444,2.0
1758088290.90141,33341.0,183.15038,38971.0,214.07736,600.0,16.66667,2887.0,80.19444,2.0
1758088290.90411,33309.0,182.97459,39105.0,214.81346,697.0,19.36111,2434.0,67.61111,2.0
1758088290.92166,33267.0,182.74388,39215.0,215.41771,928.0,25.77778,1965.0,54.58333,2.0
1758088290.92208,33215.0,182.45824,39302.0,215.89565,1078.0,29.94444,1536.0,42.66667,2.0
1758088290.93871,33157.0,182.13963,39364.0,216.23622,1254.0,34.83333,1012.0,28.11111,2.0
1758088290.94162,33087.0,181.75508,39402.0,216.44496,1434.0,39.83333,571.0,15.86111,2.0
1758088290.96177,33009.0,181.32661,39419.0,216.53835,1619.0,44.97222,156.0,4.33333,2.0
1758088290.9713,32924.0,180.8597,39419.0,216.53835,1714.0,47.61111,-53.0,-1.47222,2.0
1758088290.97618,32833.0,180.3598,39416.0,216.52187,1812.0,50.33333,-44.0,-1.22222,2.0
1758088290.99606,32741.0,179.85443,39413.0,216.50539,1837.0,51.02778,-86.0,-2.38889,2.0
1758088290.99677,32652.0,179.36552,39406.0,216.46693,1737.0,48.25,-197.0,-5.47222,2.0
1758088291.0144,32565.0,178.88762,39394.0,216.40102,1671.0,46.41667,-270.0,-7.5,2.0
1758088291.01636,32480.0,178.4207,39378.0,216.31313,1671.0,46.41667,-339.0,-9.41667,2.0
1758088291.0362,32395.0,177.95377,39359.0,216.20876,1692.0,47.0,-400.0,-11.11111,2.0
1758088291.03666,32306.0,177.46486,39339.0,216.09889,1819.0,50.52778,-404.0,-11.22222,2.0
1758088291.05437,32212.0,176.9485,39313.0,215.95607,1885.0,52.36111,-604.0,-16.77778,2.0
1758088291.05632,32118.0,176.43213,39277.0,215.75829,1855.0,51.52778,-785.0,-21.80556,2.0
1758088291.07597,32026.0,175.92676,39237.0,215.53856,1782.0,49.5,-792.0,-22.0,2.0
1758088291.07743,31935.0,175.42686,39192.0,215.29137,1791.0,49.75,-961.0,-26.69444,2.0
1758088291.10153,31846.0,174.93797,39140.0,215.00572,1792.0,49.77778,-1074.0,-29.83333,2.0
1758088291.10433,31757.0,174.44907,39085.0,214.7036,1752.0,48.66667,-1058.0,-29.38889,2.0
1758088291.1057,31666.0,173.94919,39028.0,214.39047,1809.0,50.25,-1139.0,-31.63889,2.0
1758088291.12194,31575.0,173.44931,38971.0,214.07736,1823.0,50.63889,-1122.0,-31.16667,2.0
1758088291.12436,31483.0,172.94392,38913.0,213.75876,1791.0,49.75,-1181.0,-32.80556,2.0
1758088291.1415,31392.0,172.44403,38851.0,213.41818,1736.0,48.22222,-1253.0,-34.80556,2.0
1758088291.14573,31309.0,171.9881,38785.0,213.05563,1594.0,44.27778,-1349.0,-37.47222,2.0
1758088291.16093,31235.0,171.5816,38710.0,212.64362,1385.0,38.47222,-1549.0,-43.02778,2.0
1758088291.1618,31172.0,171.23553,38624.0,212.1712,1133.0,31.47222,-1841.0,-51.13889,2.0
1758088291.1857,31125.0,170.97734,38519.0,211.59441,737.0,20.47222,-2311.0,-64.19444,2.0
1758088291.19174,31101.0,170.8455,38386.0,210.86382,263.0,7.30556,-2909.0,-80.80556,2.0
1758088291.19664,31102.0,170.851,38220.0,209.95193,-229.0,-6.36111,-3577.0,-99.36111,2.0
1758088291.21678,31124.0,170.97185,38024.0,208.87527,-615.0,-17.08333,-4080.0,-113.33334,2.0
1758088291.22028,31171.0,171.23004,37805.0,207.67224,-1209.0,-33.58333,-4497.0,-124.91666,2.0
1758088291.27586,31249.0,171.65851,37565.0,206.35387,-1782.0,-49.5,-4919.0,-136.63889,2.0
1758088291.27632,31356.0,172.24628,37302.0,204.90913,-2380.0,-66.11111,-5412.0,-150.33333,2.0
1758088291.30549,31497.0,173.02083,37020.0,203.36005,-3039.0,-84.41666,-5743.0,-159.52777,2.0
1758088291.30627,31667.0,173.95468,36723.0,201.72853,-3595.0,-99.86111,-5958.0,-165.5,2.0
1758088291.31159,31862.0,175.02586,36409.0,200.00366,-4039.0,-112.19444,-6352.0,-176.44444,2.0
1758088291.3165,32072.0,176.17944,36086.0,198.22934,-4239.0,-117.75,-6346.0,-176.27777,2.0
1758088291.31713,32289.0,177.37148,35780.0,196.54842,-4217.0,-117.13889,-5763.0,-160.08333,2.0
1758088291.31777,32496.0,178.50859,35505.0,195.03777,-3941.0,-109.47222,-5142.0,-142.83333,2.0
1758088291.32061,32684.0,179.54131,35267.0,193.73038,-3536.0,-98.22222,-4391.0,-121.97222,2.0
1758088291.32124,32858.0,180.49713,35067.0,192.63173,-3399.0,-94.41666,-3620.0,-100.55556,2.0
1758088291.32291,33032.0,181.45296,34898.0,191.70335,-3532.0,-98.11111,-3105.0,-86.25,2.0
1758088291.33869,33221.0,182.4912,34747.0,190.87389,-3949.0,-109.69444,-2899.0,-80.52778,2.0
1758088291.34155,33439.0,183.68872,34605.0,190.09384,-4573.0,-127.02778,-2802.0,-77.83334,2.0
1758088291.35877,33691.0,185.07303,34464.0,189.31931,-5330.0,-148.05556,-2745.0,-76.25,2.0
1758088291.3876,33983.0,186.67705,34327.0,188.56671,-6108.0,-169.66667,-2692.0,-74.77778,2.0
1758088291.38837,34308.0,188.46234,34196.0,187.84711,-6622.0,-183.94444,-2520.0,-70.0,2.0
1758088291.39431,34653.0,190.35751,34075.0,187.18242,-6960.0,-193.33333,-2295.0,-63.75,2.0
1758088291.39626,35009.0,192.31313,33969.0,186.60014,-7061.0,-196.13889,-1968.0,-54.66667,2.0
1758088291.41459,35364.0,194.26321,33882.0,186.12222,-6907.0,-191.86111,-1530.0,-42.5,2.0
1758088291.41621,35707.0,196.14738,33815.0,185.75418,-6700.0,-186.11111,-1169.0,-32.47222,2.0
1758088291.43462,36042.0,197.98764,33772.0,185.51797,-6528.0,-181.33333,-645.0,-17.91667,2.0
1758088291.43584,36360.0,199.7345,33747.0,185.38065,-6123.0,-170.08333,-409.0,-11.36111,2.0
1758088291.45435,36668.0,201.42641,33729.0,185.28177,-6084.0,-169.0,-290.0,-8.05556,2.0
1758088291.45606,36973.0,203.10184,33713.0,185.19388,-5967.0,-165.75,-364.0,-10.11111,2.0
1758088291.47696,37269.0,204.72786,33693.0,185.08401,-5772.0,-160.33333,-421.0,-11.69444,2.0
1758088291.48161,37561.0,206.33189,33670.0,184.95767,-5789.0,-160.80556,-514.0,-14.27778,2.0
1758088291.5086,37855.0,207.9469,33644.0,184.81482,-5681.0,-157.80556,-526.0,-14.61111,2.0
1758088291.50937,38134.0,209.47952,33611.0,184.63354,-5378.0,-149.38889,-731.0,-20.30556,2.0
1758088291.51049,38399.0,210.93523,33567.0,184.39185,-5138.0,-142.72223,-914.0,-25.38889,2.0
1758088291.51131,38651.0,212.31952,33519.0,184.12817,-4797.0,-133.25,-939.0,-26.08333,2.0
1758088291.5269,38880.0,213.57748,33472.0,183.87,-4269.0,-118.58334,-980.0,-27.22222,2.0
1758088291.54607,39074.0,214.64317,33424.0,183.60632,-3431.0,-95.30556,-852.0,-23.66667,2.0
1758088291.54688,39223.0,215.46165,33389.0,183.41405,-2595.0,-72.08334,-609.0,-16.91667,2.0
1758088291.55697,39330.0,216.04945,33360.0,183.25475,-1761.0,-48.91667,-591.0,-16.41667,2.0
1758088291.59608,39400.0,216.43398,33328.0,183.07896,-1063.0,-29.52778,-721.0,-20.02778,2.0
1758088291.6058,39435.0,216.62624,33285.0,182.84276,-378.0,-10.5,-922.0,-25.61111,2.0
1758088291.61186,39441.0,216.65919,33233.0,182.55711,24.0,0.66667,-1141.0,-31.69444,2.0
1758088291.6204,39440.0,216.6537,33162.0,182.1671,5.0,0.13889,-1573.0,-43.69444,2.0
1758088291.62115,39440.0,216.6537,33074.0,181.68367,13.0,0.36111,-1895.0,-52.63889,2.0
1758088291.62624,39439.0,216.64821,32968.0,181.10139,29.0,0.80556,-2199.0,-61.08333,2.0
1758088291.62779,39436.0,216.63173,32850.0,180.45319,103.0,2.86111,-2414.0,-67.05556,2.0
1758088291.67601,39425.0,216.5713,32721.0,179.74457,306.0,8.5,-2578.0,-71.61111,2.0
1758088291.67678,39407.0,216.47243,32588.0,179.01396,432.0,12.0,-2638.0,-73.27778,2.0
1758088291.68267,39377.0,216.30763,32453.0,178.27238,714.0,19.83333,-2639.0,-73.30556,2.0
1758088291.68432,39333.0,216.06593,32325.0,177.56924,988.0,27.44444,-2420.0,-67.22222,2.0
1758088291.68611,39272.0,215.73082,32211.0,176.94301,1416.0,39.33333,-2105.0,-58.47222,2.0
1758088291.68722,39187.0,215.2639,32115.0,176.41565,1865.0,51.80556,-1755.0,-48.75,2.0
1758088291.72929,39081.0,214.68163,32036.0,175.98169,2217.0,61.58333,-1440.0,-40.0,2.0
1758088291.72999,38961.0,214.02243,31969.0,175.61365,2486.0,69.05556,-1212.0,-33.66667,2.0
1758088291.73666,38833.0,213.31931,31911.0,175.29503,2568.0,71.33334,-1144.0,-31.77778,2.0
1758088291.739,38703.0,212.60516,31853.0,174.97643,2541.0,70.58334,-1148.0,-31.88889,2.0
1758088291.73929,38579.0,211.92401,31796.0,174.6633,2387.0,66.30556,-1120.0,-31.11111,2.0
1758088291.74129,38464.0,211.29228,31738.0,174.3447,2191.0,60.86111,-1158.0,-32.16667,2.0
1758088291.75689,38359.0,210.7155,31682.0,174.03708,1999.0,55.52778,-1051.0,-29.19444,2.0
1758088291.77452,38262.0,210.18265,31634.0,173.77341,1872.0,52.0,-923.0,-25.63889,2.0
1758088291.7765,38170.0,209.67728,31591.0,173.5372,1799.0,49.97222,-732.0,-20.33333,2.0
1758088291.79437,38076.0,209.16092,31562.0,173.3779,1926.0,53.5,-445.0,-12.36111,2.0
1758088291.79511,37971.0,208.58411,31549.0,173.30647,2245.0,62.36111,-112.0,-3.11111,2.0
1758088291.81093,37843.0,207.88098,31550.0,173.31197,2762.0,76.72222,95.0,2.63889,2.0
1758088291.81214,37686.0,207.01854,31561.0,173.37241,3353.0,93.13889,298.0,8.27778,2.0
1758088291.82772,37498.0,205.98579,31585.0,173.50424,3858.0,107.16666,654.0,18.16667,2.0
1758088291.83535,37291.0,204.84871,31630.0,173.75143,4272.0,118.66666,1059.0,29.41667,2.0
1758088291.85085,37064.0,203.60175,31693.0,174.0975,4639.0,128.86111,1403.0,38.97222,2.0
1758088291.85165,36819.0,202.25589,31778.0,174.56442,4929.0,136.91667,1902.0,52.83333,2.0
1758088291.86768,36567.0,200.8716,31887.0,175.16319,4996.0,138.77777,2365.0,65.69444,2.0
1758088291.87531,36310.0,199.45984,32016.0,175.87183,5130.0,142.5,2698.0,74.94444,2.0
1758088291.89168,36043.0,197.99313,32154.0,176.62988,5326.0,147.94444,2700.0,75.0,2.0
1758088291.89662,35774.0,196.51546,32282.0,177.33302,5210.0,144.72223,2400.0,66.66666,2.0
1758088291.91434,35525.0,195.14763,32391.0,177.93179,4676.0,129.88889,2007.0,55.75,2.0
1758088291.91648,35305.0,193.93912,32484.0,178.44267,4143.0,115.08334,1729.0,48.02778,2.0
1758088291.93777,35108.0,192.85695,32570.0,178.91508,3743.0,103.97222,1662.0,46.16667,2.0
1758088291.94164,34926.0,191.85716,32657.0,179.39299,3511.0,97.52778,1841.0,51.13889,2.0
1758088291.98877,34752.0,190.90135,32762.0,179.96979,3364.0,93.44444,2298.0,63.83333,2.0
1758088291.9908,34582.0,189.9675,32894.0,180.69489,3358.0,93.27778,2855.0,79.30556,2.0
1758088291.99146,34413.0,189.03912,33059.0,181.60127,3334.0,92.61111,3578.0,99.38889,2.0
1758088291.99581,34249.0,188.13824,33262.0,182.71642,3185.0,88.47222,4322.0,120.05556,2.0
1758088291.99646,34092.0,187.2758,33502.0,184.03479,2960.0,82.22222,5090.0,141.38889,2.0
1758088291.99729,33952.0,186.50676,33777.0,185.54544,2635.0,73.19444,5657.0,157.13889,2.0
1758088292.01611,33830.0,185.83658,34076.0,187.18791,2168.0,60.22222,6051.0,168.08333,2.0
1758088292.01688,33733.0,185.30374,34389.0,188.90729,1688.0,46.88889,6273.0,174.25,2.0
1758088292.03607,33665.0,184.93021,34704.0,190.63768,1123.0,31.19444,6155.0,170.97223,2.0
1758088292.03682,33626.0,184.71594,35010.0,192.31862,460.0,12.77778,5941.0,165.02777,2.0
1758088292.05557,33621.0,184.68848,35306.0,193.94461,-123.0,-3.41667,5806.0,161.27777,2.0
1758088292.05733,33633.0,184.75439,35594.0,195.52666,-279.0,-7.75,5603.0,155.63889,2.0
1758088292.07551,33650.0,184.84778,35873.0,197.05928,-349.0,-9.69444,5448.0,151.33333,2.0
1758088292.07666,33664.0,184.92471,36151.0,198.5864,-197.0,-5.47222,5524.0,153.44444,2.0
1758088292.09617,33666.0,184.9357,36430.0,200.11902,63.0,1.75,5508.0,153.0,2.0
1758088292.09836,33662.0,184.9137,36702.0,201.61317,82.0,2.27778,5287.0,146.86111,2.0
1758088292.11546,33658.0,184.89172,36963.0,203.04691,50.0,1.38889,5061.0,140.58333,2.0
1758088292.11666,33657.0,184.88623,37215.0,204.43121,2.0,0.05556,4864.0,135.11111,2.0
1758088292.13603,33657.0,184.88623,37456.0,205.75508,25.0,0.69444,4611.0,128.08333,2.0
1758088292.13664,33654.0,184.86975,37683.0,207.00206,73.0,2.02778,4357.0,121.02778,2.0
1758088292.15431,33648.0,184.83679,37899.0,208.1886,147.0,4.08333,4171.0,115.86111,2.0
1758088292.15708,33639.0,184.78735,38104.0,209.31473,206.0,5.72222,3922.0,108.94444,2.0
1758088292.17461,33630.0,184.73792,38291.0,210.34196,158.0,4.38889,3444.0,95.66666,2.0
1758088292.17845,33623.0,184.69946,38452.0,211.22636,94.0,2.61111,2921.0,81.13889,2.0
1758088292.24006,33619.0,184.67749,38588.0,211.97345,114.0,3.16667,2464.0,68.44444,2.0
1758088292.25739,33609.0,184.62256,38703.0,212.60516,235.0,6.52778,2090.0,58.05556,2.0
1758088292.26077,33594.0,184.54016,38798.0,213.12704,364.0,10.11111,1726.0,47.94444,2.0
1758088292.2612,33569.0,184.40283,38873.0,213.53903,545.0,15.13889,1305.0,36.25,2.0
1758088292.26548,33534.0,184.21057,38927.0,213.83566,817.0,22.69444,859.0,23.86111,2.0
1758088292.26626,33488.0,183.95789,38955.0,213.98947,950.0,26.38889,279.0,7.75,2.0
1758088292.2689,33436.0,183.67224,38957.0,214.00046,1128.0,31.33333,-35.0,-0.97222,2.0
1758088292.27107,33372.0,183.32066,38956.0,213.99496,1355.0,37.63889,-9.0,-0.25,2.0
1758088292.27634,33301.0,182.93065,38956.0,213.99496,1459.0,40.52778,-24.0,-0.66667,2.0
1758088292.27726,33223.0,182.50218,38953.0,213.97849,1550.0,43.05556,-82.0,-2.27778,2.0
1758088292.3951,33145.0,182.07368,38946.0,213.94003,1574.0,43.72222,-177.0,-4.91667,2.0
1758088292.39687,33065.0,181.63423,38934.0,213.87411,1576.0,43.77778,-284.0,-7.88889,2.0
1758088292.40159,32984.0,181.18929,38916.0,213.77524,1641.0,45.58333,-409.0,-11.36111,2.0
1758088292.40211,32905.0,180.75533,38889.0,213.62692,1553.0,43.13889,-588.0,-16.33333,2.0
1758088292.40643,32830.0,180.34332,38856.0,213.44565,1436.0,39.88889,-715.0,-19.86111,2.0
1758088292.40838,32760.0,179.9588,38814.0,213.21494,1356.0,37.66667,-920.0,-25.55556,2.0
1758088292.41071,32694.0,179.59624,38762.0,212.92926,1305.0,36.25,-1107.0,-30.75,2.0
1758088292.41163,32625.0,179.21721,38704.0,212.61066,1421.0,39.47222,-1138.0,-31.61111,2.0
1758088292.41582,32548.0,178.79424,38646.0,212.29205,1609.0,44.69444,-1153.0,-32.02778,2.0
1758088292.41637,32459.0,178.30534,38591.0,211.98993,1878.0,52.16667,-1023.0,-28.41667,2.0
1758088292.41761,32359.0,177.75601,38545.0,211.73724,2071.0,57.52778,-862.0,-23.94444,2.0
1758088292.41823,32253.0,177.17372,38501.0,211.49553,2106.0,58.5,-806.0,-22.38889,2.0
1758088292.42458,32145.0,176.58044,38463.0,211.28679,2121.0,58.91667,-706.0,-19.61111,2.0
1758088292.42647,32040.0,176.00366,38428.0,211.09453,2009.0,55.80556,-674.0,-18.72222,2.0
1758088292.42855,31941.0,175.45984,38393.0,210.90227,1926.0,53.5,-732.0,-20.33333,2.0
1758088292.44581,31848.0,174.94896,38352.0,210.67705,1794.0,49.83333,-825.0,-22.91667,2.0
1758088292.44621,31762.0,174.47653,38308.0,210.43535,1633.0,45.36111,-938.0,-26.05556,2.0
1758088292.46265,31686.0,174.05905,38251.0,210.12222,1388.0,38.55556,-1266.0,-35.16667,2.0
1758088292.46712,31629.0,173.74594,38179.0,209.72672,962.0,26.72222,-1526.0,-42.38889,2.0
1758088292.48298,31590.0,173.53171,38091.0,209.24332,612.0,17.0,-1887.0,-52.41667,2.0
1758088292.48451,31569.0,173.41635,37985.0,208.66101,223.0,6.19444,-2300.0,-63.88889,2.0
1758088292.50096,31569.0,173.41635,37858.0,207.96338,-123.0,-3.41667,-2703.0,-75.08334,2.0
1758088292.50143,31582.0,173.48776,37706.0,207.1284,-347.0,-9.63889,-3224.0,-89.55556,2.0
1758088292.51766,31605.0,173.61411,37525.0,206.13414,-577.0,-16.02778,-3835.0,-106.52778,2.0
1758088292.52318,31641.0,173.81186,37315.0,204.98055,-848.0,-23.55556,-4351.0,-120.86111,2.0
1758088292.57563,31696.0,174.11398,37092.0,203.75555,-1246.0,-34.61111,-4479.0,-124.41666,2.0
1758088292.57601,31762.0,174.47653,36868.0,202.52505,-1365.0,-37.91667,-4364.0,-121.22222,2.0
1758088292.57719,31835.0,174.87755,36650.0,201.32753,-1492.0,-41.44444,-4274.0,-118.72222,2.0
1758088292.58056,31911.0,175.29503,36437.0,200.15747,-1519.0,-42.19444,-4154.0,-115.38889,2.0
1758088292.58147,31990.0,175.729,36229.0,199.01489,-1602.0,-44.5,-4044.0,-112.33334,2.0
1758088292.58227,32074.0,176.19043,36027.0,197.90524,-1739.0,-48.30556,-3943.0,-109.52778,2.0
1758088292.60087,32167.0,176.70129,35831.0,196.82857,-1932.0,-53.66667,-3794.0,-105.38889,2.0
1758088292.60166,32274.0,177.28908,35639.0,195.77385,-2238.0,-62.16667,-3819.0,-106.08334,2.0
1758088292.6168,32401.0,177.98672,35445.0,194.70816,-2684.0,-74.55556,-3882.0,-107.83334,2.0
1758088292.6364,32549.0,178.79973,35246.0,193.61502,-3159.0,-87.75,-3989.0,-110.80556,2.0
1758088292.63677,32723.0,179.75555,35044.0,192.50539,-3652.0,-101.44444,-4011.0,-111.41666,2.0
1758088292.65681,32925.0,180.86519,34839.0,191.37926,-4229.0,-117.47222,-4098.0,-113.83334,2.0
1758088292.65765,33155.0,182.12865,34630.0,190.23117,-4779.0,-132.75,-4106.0,-114.05556,2.0
1758088292.6761,33411.0,183.53491,34425.0,189.10504,-5182.0,-143.94444,-3964.0,-110.11111,2.0
1758088292.67679,33681.0,185.0181,34231.0,188.03937,-5466.0,-151.83333,-3627.0,-100.75,2.0
1758088292.6952,33963.0,186.56718,34061.0,187.10551,-5627.0,-156.30556,-3169.0,-88.02778,2.0
1758088292.69603,34245.0,188.11627,33916.0,186.30899,-5509.0,-153.02777,-2615.0,-72.63889,2.0
1758088292.71541,34516.0,189.60495,33800.0,185.67178,-5214.0,-144.83333,-2040.0,-56.66667,2.0
1758088292.71576,34776.0,191.03319,33714.0,185.19937,-5084.0,-141.22223,-1496.0,-41.55556,2.0
1758088292.73455,35035.0,192.45595,33650.0,184.84778,-5132.0,-142.55556,-1037.0,-28.80556,2.0
1758088292.7349,35297.0,193.89517,33608.0,184.61707,-5224.0,-145.11111,-736.0,-20.44444,2.0
1758088292.77673,35567.0,195.37834,33574.0,184.4303,-5440.0,-151.11111,-598.0,-16.61111,2.0
1758088292.77831,35852.0,196.94392,33547.0,184.28198,-5764.0,-160.11111,-477.0,-13.25,2.0
1758088292.78108,36150.0,198.5809,33526.0,184.16663,-5939.0,-164.97223,-385.0,-10.69444,2.0
1758088292.78181,36454.0,200.25085,33506.0,184.05676,-6105.0,-169.58333,-382.0,-10.61111,2.0
1758088292.78529,36769.0,201.98123,33487.0,183.95239,-6272.0,-174.22223,-370.0,-10.27778,2.0
1758088292.80164,37087.0,203.72809,33465.0,183.83154,-6245.0,-173.47223,-425.0,-11.80556,2.0
1758088292.80604,37401.0,205.45296,33442.0,183.7052,-6159.0,-171.08333,-437.0,-12.13889,2.0
1758088292.82165,37708.0,207.13939,33424.0,183.60632,-5966.0,-165.72223,-233.0,-6.47222,2.0
1758088292.82608,38000.0,208.74341,33418.0,183.57336,-5592.0,-155.33333,-27.0,-0.75,2.0
1758088292.84165,38275.0,210.25407,33418.0,183.57336,-5217.0,-144.91667,0.0,0.0,2.0
1758088292.846,38528.0,211.64386,33418.0,183.57336,-4844.0,-134.55556,0.0,0.0,2.0
1758088292.86084,38754.0,212.88531,33419.0,183.57886,-4138.0,-114.94444,9.0,0.25,2.0
1758088292.86171,38938.0,213.89609,33419.0,183.57886,-3297.0,-91.58334,0.0,0.0,2.0
1758088292.8768,39083.0,214.69261,33419.0,183.57886,-2555.0,-70.97222,0.0,0.0,2.0
1758088292.8968,39193.0,215.29686,33418.0,183.57336,-1883.0,-52.30556,-19.0,-0.52778,2.0
1758088292.89767,39272.0,215.73082,33416.0,183.56238,-1295.0,-35.97222,-75.0,-2.08333,2.0
1758088292.96641,39320.0,215.99452,33407.0,183.51292,-740.0,-20.55556,-256.0,-7.11111,2.0
1758088292.96687,39347.0,216.14284,33388.0,183.40855,-364.0,-10.11111,-516.0,-14.33333,2.0
1758088292.96883,39356.0,216.19228,33351.0,183.20531,-22.0,-0.61111,-948.0,-26.33333,2.0
1758088292.97118,39356.0,216.19228,33290.0,182.87022,0.0,0.0,-1391.0,-38.63889,2.0
1758088292.97397,39355.0,216.18678,33210.0,182.43077,7.0,0.19444,-1727.0,-47.97222,2.0
1758088292.97547,39355.0,216.18678,33115.0,181.90889,20.0,0.55556,-1971.0,-54.75,2.0
1758088292.97654,39353.0,216.1758,33009.0,181.32661,49.0,1.36111,-2150.0,-59.72222,2.0
1758088292.97793,39348.0,216.14833,32897.0,180.71138,130.0,3.61111,-2277.0,-63.25,2.0
1758088292.99571,39339.0,216.09889,32782.0,180.07965,222.0,6.16667,-2331.0,-64.75,2.0
1758088292.99622,39327.0,216.03297,32663.0,179.42595,234.0,6.5,-2375.0,-65.97222,2.0
1758088293.01185,39311.0,215.94508,32544.0,178.77226,348.0,9.66667,-2395.0,-66.52778,2.0
1758088293.01444,39291.0,215.83519,32422.0,178.10208,474.0,13.16667,-2391.0,-66.41666,2.0
1758088293.03166,39260.0,215.6649,32304.0,177.45387,707.0,19.63889,-2299.0,-63.86111,2.0
1758088293.03584,39218.0,215.43419,32193.0,176.84413,906.0,25.16667,-2087.0,-57.97222,2.0
1758088293.05085,39168.0,215.15953,32091.0,176.28381,1013.0,28.13889,-1940.0,-53.88889,2.0
1758088293.05202,39109.0,214.83543,31996.0,175.76196,1230.0,34.16667,-1825.0,-50.69444,2.0
1758088293.06773,39047.0,214.49486,31910.0,175.28954,1255.0,34.86111,-1661.0,-46.13889,2.0
1758088293.07284,38982.0,214.13779,31828.0,174.8391,1323.0,36.75,-1566.0,-43.5,2.0
1758088293.08886,38917.0,213.78073,31752.0,174.4216,1264.0,35.11111,-1509.0,-41.91667,2.0
1758088293.09013,38852.0,213.42368,31681.0,174.03159,1310.0,36.38889,-1354.0,-37.61111,2.0
1758088293.10666,38785.0,213.05563,31614.0,173.66354,1319.0,36.63889,-1304.0,-36.22222,2.0
1758088293.12278,38713.0,212.6601,31555.0,173.33945,1510.0,41.94444,-1052.0,-29.22222,2.0
1758088293.12602,38629.0,212.19867,31509.0,173.08675,1762.0,48.94444,-819.0,-22.75,2.0
1758088293.14185,38526.0,211.63286,31475.0,172.89998,2253.0,62.58333,-523.0,-14.52778,2.0
1758088293.14264,38398.0,210.92973,31460.0,172.81758,2710.0,75.27778,-109.0,-3.02778,2.0
1758088293.21742,38249.0,210.11124,31466.0,172.85054,3103.0,86.19444,169.0,4.69444,2.0
1758088293.23707,38085.0,209.21036,31478.0,172.91646,3327.0,92.41666,314.0,8.72222,2.0
1758088293.23777,37906.0,208.22705,31502.0,173.04829,3610.0,100.27778,611.0,16.97222,2.0
1758088293.2422,37715.0,207.17784,31539.0,173.25154,3907.0,108.52778,845.0,23.47222,2.0
1758088293.24366,37504.0,206.01878,31592.0,173.54269,4324.0,120.11111,1225.0,34.02778,2.0
1758088293.24439,37274.0,204.75533,31667.0,173.95468,4737.0,131.58333,1667.0,46.30556,2.0
1758088293.24948,37022.0,203.37103,31766.0,174.4985,5235.0,145.41667,2191.0,60.86111,2.0
1758088293.25011,36741.0,201.82742,31892.0,175.19066,5773.0,160.36111,2747.0,76.30556,2.0
1758088293.25615,36435.0,200.14648,32048.0,176.04761,6231.0,173.08333,3339.0,92.75,2.0
1758088293.25675,36118.0,198.40512,32234.0,177.06935,6275.0,174.30556,3950.0,109.72222,2.0
1758088293.33093,35800.0,196.65828,32455.0,178.28337,6237.0,173.25,4671.0,129.75,2.0
1758088293.38139,35489.0,194.94987,32711.0,179.68964,6068.0,168.55556,5342.0,148.38889,2.0
1758088293.38752,35186.0,193.28542,32992.0,181.23323,5931.0,164.75,5624.0,156.22223,2.0
1758088293.39415,34893.0,191.67589,33274.0,182.78233,5530.0,153.61111,5497.0,152.69444,2.0
1758088293.395,34638.0,190.27512,33547.0,184.28198,4633.0,128.69444,5287.0,146.86111,2.0
1758088293.39679,34434.0,189.15451,33811.0,185.73221,3574.0,99.27778,5093.0,141.47223,2.0
1758088293.40072,34283.0,188.32501,34066.0,187.13298,2568.0,71.33334,4983.0,138.41667,2.0
1758088293.40581,34177.0,187.74274,34319.0,188.52277,1792.0,49.77778,5037.0,139.91667,2.0
1758088293.40643,34106.0,187.35271,34577.0,189.94003,1142.0,31.72222,5180.0,143.88889,2.0
1758088293.41014,34059.0,187.09453,34845.0,191.41222,818.0,22.72222,5399.0,149.97223,2.0
1758088293.41081,34024.0,186.90227,35126.0,192.95583,555.0,15.41667,5682.0,157.83333,2.0
1758088293.41432,34004.0,186.7924,35426.0,194.60379,303.0,8.41667,6099.0,169.41667,2.0
1758088293.41568,33991.0,186.72099,35744.0,196.35066,209.0,5.80556,6397.0,177.69444,2.0
1758088293.41698,33983.0,186.67705,36073.0,198.15793,112.0,3.11111,6586.0,182.94444,2.0
1758088293.41761,33981.0,186.66606,36412.0,200.02014,0.0,0.0,6738.0,187.16667,2.0
1758088293.41884,33981.0,186.66606,36746.0,201.85489,0.0,0.0,6474.0,179.83333,2.0
1758088293.42109,33981.0,186.66606,37070.0,203.6347,0.0,0.0,6339.0,176.08333,2.0
1758088293.4255,33981.0,186.66606,37381.0,205.34309,0.0,0.0,5965.0,165.69444,2.0
1758088293.61615,33980.0,186.66057,37669.0,206.92516,9.0,0.25,5480.0,152.22223,2.0
1758088293.61663,33978.0,186.64958,37937.0,208.39734,84.0,2.33333,5129.0,142.47223,2.0
1758088293.61854,33969.0,186.60014,38187.0,209.77066,258.0,7.16667,4767.0,132.41667,2.0
1758088293.62047,33949.0,186.49028,38415.0,211.02312,494.0,13.72222,4289.0,119.13889,2.0
1758088293.62281,33915.0,186.3035,38617.0,212.13275,804.0,22.33333,3792.0,105.33334,2.0
1758088293.62691,33874.0,186.07828,38792.0,213.09409,768.0,21.33333,3196.0,88.77778,2.0
1758088293.63024,33836.0,185.86954,38934.0,213.87411,778.0,21.61111,2530.0,70.27778,2.0
1758088293.63086,33791.0,185.62234,39042.0,214.46739,934.0,25.94444,1867.0,51.86111,2.0
1758088293.63536,33740.0,185.34219,39118.0,214.88487,1042.0,28.94444,1230.0,34.16667,2.0
1758088293.63592,33684.0,185.03458,39166.0,215.14854,1186.0,32.94444,689.0,19.13889,2.0
1758088293.63797,33618.0,184.672,39184.0,215.24742,1363.0,37.86111,137.0,3.80556,2.0
1758088293.64044,33545.0,184.271,39184.0,215.24742,1538.0,42.72222,-44.0,-1.22222,2.0
1758088293.64143,33462.0,183.81506,39183.0,215.24193,1665.0,46.25,0.0,0.0,2.0
1758088293.64211,33375.0,183.33714,39182.0,215.23643,1757.0,48.80556,-50.0,-1.38889,2.0
1758088293.64602,33288.0,182.85924,39176.0,215.20348,1694.0,47.05556,-161.0,-4.47222,2.0
1758088293.64712,33205.0,182.40331,39166.0,215.14854,1539.0,42.75,-206.0,-5.72222,2.0
1758088293.65206,33133.0,182.00777,39156.0,215.09361,1391.0,38.63889,-225.0,-6.25,2.0
1758088293.65614,33069.0,181.6562,39142.0,215.01671,1196.0,33.22222,-293.0,-8.13889,2.0
1758088293.65689,33011.0,181.3376,39126.0,214.92882,1123.0,31.19444,-352.0,-9.77778,2.0
1758088293.6596,32956.0,181.03548,39110.0,214.84093,1049.0,29.13889,-276.0,-7.66667,2.0
1758088293.6604,32901.0,180.73335,39096.0,214.76402,1136.0,31.55556,-280.0,-7.77778,2.0
1758088293.66146,32841.0,180.40375,39082.0,214.68712,1237.0,34.36111,-286.0,-7.94444,2.0
1758088293.66563,32775.0,180.0412,39067.0,214.60472,1384.0,38.44444,-326.0,-9.05556,2.0
1758088293.66645,32703.0,179.64568,39045.0,214.48387,1430.0,39.72222,-512.0,-14.22222,2.0
1758088293.68589,32630.0,179.24467,39017.0,214.33005,1446.0,40.16667,-591.0,-16.41667,2.0
1758088293.69003,32557.0,178.84367,38986.0,214.15976,1433.0,39.80556,-661.0,-18.36111,2.0
1758088293.69561,32483.0,178.43718,38950.0,213.96201,1495.0,41.52778,-715.0,-19.86111,2.0
1758088293.71181,32406.0,178.01419,38910.0,213.74228,1547.0,42.97222,-854.0,-23.72222,2.0
1758088293.7152,32323.0,177.55826,38867.0,213.50607,1696.0,47.11111,-831.0,-23.08333,2.0
1758088293.73084,32234.0,177.06935,38825.0,213.27536,1814.0,50.38889,-807.0,-22.41667,2.0
1758088293.73412,32142.0,176.56396,38782.0,213.03912,1856.0,51.55556,-883.0,-24.52778,2.0
1758088293.75145,32047.0,176.04211,38736.0,212.78644,1852.0,51.44444,-921.0,-25.58333,2.0
1758088293.7564,31956.0,175.54224,38690.0,212.53375,1764.0,49.0,-933.0,-25.91667,2.0
1758088293.77182,31871.0,175.0753,38638.0,212.24811,1602.0,44.5,-1083.0,-30.08333,2.0
1758088293.77446,31794.0,174.65231,38578.0,211.91852,1411.0,39.19444,-1260.0,-35.0,2.0
1758088293.79142,31729.0,174.29526,38509.0,211.53947,1183.0,32.86111,-1477.0,-41.02778,2.0
1758088293.79597,31674.0,173.99313,38426.0,211.08354,941.0,26.13889,-1796.0,-49.88889,2.0
1758088293.81182,31640.0,173.80637,38321.0,210.50676,501.0,13.91667,-2238.0,-62.16667,2.0
1758088293.81445,31628.0,173.74045,38191.0,209.79263,59.0,1.63889,-2821.0,-78.36111,2.0
1758088293.83146,31633.0,173.76791,38032.0,208.91922,-215.0,-5.97222,-3411.0,-94.75,2.0
1758088293.83584,31650.0,173.8613,37841.0,207.87,-398.0,-11.05556,-4024.0,-111.77778,2.0
1758088293.85163,31679.0,174.0206,37623.0,206.67247,-718.0,-19.94444,-4487.0,-124.63889,2.0
1758088293.85428,31727.0,174.28427,37375.0,205.31013,-1025.0,-28.47222,-5088.0,-141.33333,2.0
1758088293.89597,31789.0,174.62485,37100.0,203.7995,-1397.0,-38.80556,-5599.0,-155.52777,2.0
1758088293.89666,31873.0,175.08629,36817.0,202.2449,-1824.0,-50.66667,-5640.0,-156.66667,2.0
1758088293.9014,31975.0,175.64661,36533.0,200.68483,-2124.0,-59.0,-5615.0,-155.97223,2.0
1758088293.90184,32085.0,176.25085,36251.0,199.13574,-2259.0,-62.75,-5513.0,-153.13889,2.0
1758088293.90284,32199.0,176.87709,35977.0,197.63058,-2214.0,-61.5,-5231.0,-145.30556,2.0
1758088293.92155,32309.0,177.48134,35721.0,196.22432,-2142.0,-59.5,-4946.0,-137.38889,2.0
1758088293.92327,32415.0,178.06363,35479.0,194.89494,-2027.0,-56.30556,-4699.0,-130.52777,2.0
1758088293.97652,32519.0,178.63493,35252.0,193.64798,-2075.0,-57.63889,-4364.0,-121.22222,2.0
1758088293.97796,32629.0,179.23918,35042.0,192.4944,-2290.0,-63.61111,-4010.0,-111.38889,2.0
1758088293.98163,32754.0,179.92584,34844.0,191.40672,-2673.0,-74.25,-3839.0,-106.63889,2.0
1758088293.98575,32905.0,180.75533,34652.0,190.35202,-3253.0,-90.36111,-3779.0,-104.97222,2.0
1758088293.98855,33091.0,181.77705,34460.0,189.29733,-4032.0,-112.0,-3771.0,-104.75,2.0
1758088293.99794,33319.0,183.02953,34271.0,188.25909,-4869.0,-135.25,-3701.0,-102.80556,2.0
1758088294.01658,33586.0,184.49622,34088.0,187.25383,-5585.0,-155.13889,-3555.0,-98.75,2.0
1758088294.01717,33889.0,186.16068,33917.0,186.31448,-6241.0,-173.36111,-3277.0,-91.02778,2.0
1758088294.02167,34221.0,187.98444,33762.0,185.46304,-6737.0,-187.13889,-2861.0,-79.47222,2.0
1758088294.02606,34561.0,189.85214,33629.0,184.73242,-6663.0,-185.08333,-2353.0,-65.36111,2.0
1758088294.04189,34899.0,191.70885,33527.0,184.17212,-6676.0,-185.44444,-1726.0,-47.94444,2.0
1758088294.04705,35230.0,193.52713,33458.0,183.79309,-6397.0,-177.69444,-1099.0,-30.52778,2.0
1758088294.06192,35546.0,195.26299,33418.0,183.57336,-6178.0,-171.61111,-492.0,-13.66667,2.0
1758088294.0655,35857.0,196.97139,33408.0,183.51843,-6102.0,-169.5,11.0,0.30556,2.0
1758088294.10676,36163.0,198.65231,33410.0,183.52942,-5973.0,-165.91667,0.0,0.0,2.0
1758088294.10898,36464.0,200.30579,33410.0,183.52942,-5985.0,-166.25,-2.0,-0.05556,2.0
1758088294.11177,36770.0,201.98672,33409.0,183.52393,-6081.0,-168.91667,-15.0,-0.41667,2.0
1758088294.11658,37080.0,203.68964,33408.0,183.51843,-6091.0,-169.19444,-11.0,-0.30556,2.0
1758088294.11845,37388.0,205.38155,33408.0,183.51843,-6118.0,-169.94444,-4.0,-0.11111,2.0
1758088294.13629,37698.0,207.08446,33408.0,183.51843,-6091.0,-169.19444,-9.0,-0.25,2.0
1758088294.13703,38002.0,208.75439,33407.0,183.51292,-5892.0,-163.66667,0.0,0.0,2.0
1758088294.15598,38293.0,210.35295,33407.0,183.51292,-5637.0,-156.58333,0.0,0.0,2.0
1758088294.15686,38569.0,211.86908,33407.0,183.51292,-5280.0,-146.66667,0.0,0.0,2.0
1758088294.17685,38819.0,213.2424,33407.0,183.51292,-4647.0,-129.08333,0.0,0.0,2.0
1758088294.17766,39030.0,214.40146,33408.0,183.51843,-3760.0,-104.44444,0.0,0.0,2.0
1758088294.19604,39195.0,215.30785,33408.0,183.51843,-2877.0,-79.91666,0.0,0.0,2.0
1758088294.19681,39318.0,215.98354,33408.0,183.51843,-1977.0,-54.91667,0.0,0.0,2.0
1758088294.21604,39398.0,216.42299,33407.0,183.51292,-1223.0,-33.97222,-17.0,-0.47222,2.0
1758088294.2168,39436.0,216.63173,33405.0,183.50194,-401.0,-11.13889,-92.0,-2.55556,2.0
1758088294.23602,39441.0,216.65919,33394.0,183.44151,20.0,0.55556,-333.0,-9.25,2.0
1758088294.23684,39441.0,216.65919,33367.0,183.2932,21.0,0.58333,-701.0,-19.47222,2.0
1758088294.25682,39438.0,216.64272,33320.0,183.03502,64.0,1.77778,-1115.0,-30.97222,2.0
1758088294.25769,39432.0,216.60976,33256.0,182.68346,220.0,6.11111,-1312.0,-36.44444,2.0
1758088294.27963,39414.0,216.51088,33183.0,182.28246,412.0,11.44444,-1555.0,-43.19444,2.0
1758088294.28117,39384.0,216.34608,33101.0,181.83199,724.0,20.11111,-1645.0,-45.69444,2.0
1758088294.28429,39340.0,216.10439,33012.0,181.34309,918.0,25.5,-1821.0,-50.58333,2.0
1758088294.30377,39291.0,215.83519,32915.0,180.81026,1044.0,29.0,-2006.0,-55.72222,2.0
1758088294.30683,39231.0,215.5056,32810.0,180.23346,1265.0,35.13889,-2176.0,-60.44444,2.0
1758088294.32187,39166.0,215.14854,32693.0,179.59074,1268.0,35.22222,-2390.0,-66.38889,2.0
1758088294.32549,39098.0,214.77501,32565.0,178.88762,1329.0,36.91667,-2625.0,-72.91666,2.0
1758088294.36594,39035.0,214.42892,32424.0,178.11307,1179.0,32.75,-2868.0,-79.66666,2.0
1758088294.36672,38978.0,214.11581,32272.0,177.27809,1069.0,29.69444,-3136.0,-87.11111,2.0
1758088294.37173,38932.0,213.86313,32108.0,176.3772,752.0,20.88889,-3323.0,-92.30556,2.0
1758088294.37749,38896.0,213.66537,31938.0,175.44336,711.0,19.75,-3326.0,-92.38889,2.0
1758088294.37842,38858.0,213.45663,31773.0,174.53696,818.0,22.72222,-3163.0,-87.86111,2.0
1758088294.42344,38813.0,213.20944,31623.0,173.71298,934.0,25.94444,-2822.0,-78.38889,2.0
1758088294.42601,38762.0,212.92926,31494.0,173.00435,1130.0,31.38889,-2333.0,-64.80556,2.0
1758088294.43885,38696.0,212.56671,31391.0,172.43854,1409.0,39.13889,-1856.0,-51.55556,2.0
1758088294.44097,38617.0,212.13275,31310.0,171.99359,1688.0,46.88889,-1383.0,-38.41667,2.0
1758088294.47102,38519.0,211.59441,31255.0,171.69147,2094.0,58.16667,-904.0,-25.11111,2.0
1758088294.47679,38400.0,210.94072,31221.0,171.5047,2483.0,68.97222,-436.0,-12.11111,2.0
1758088294.4809,38265.0,210.19913,31215.0,171.47174,2757.0,76.58334,69.0,1.91667,2.0
1758088294.48135,38125.0,209.43008,31222.0,171.51019,2766.0,76.83334,159.0,4.41667,2.0
1758088294.48246,37989.0,208.68298,31230.0,171.55414,2611.0,72.52778,136.0,3.77778,2.0
1758088294.48363,37860.0,207.97437,31236.0,171.5871,2514.0,69.83334,108.0,3.0,2.0
1758088294.4859,37728.0,207.24925,31240.0,171.60907,2727.0,75.75,76.0,2.11111,2.0
1758088294.50183,37578.0,206.42528,31248.0,171.65302,3140.0,87.22222,219.0,6.08333,2.0
1758088294.50264,37406.0,205.48042,31270.0,171.77386,3602.0,100.05556,674.0,18.72222,2.0
1758088294.53912,37209.0,204.39825,31324.0,172.0705,4105.0,114.02778,1408.0,39.11111,2.0
1758088294.54181,36980.0,203.14029,31419.0,172.59235,4740.0,131.66667,2213.0,61.47222,2.0
1758088294.5426,36722.0,201.72304,31555.0,173.33945,5306.0,147.38889,2962.0,82.27778,2.0
1758088294.54376,36441.0,200.17944,31724.0,174.26779,5739.0,159.41667,3578.0,99.38889,2.0
1758088294.55883,36137.0,198.50949,31924.0,175.36644,6247.0,173.52777,4203.0,116.75,2.0
1758088294.56185,35807.0,196.69673,32154.0,176.62988,6726.0,186.83333,4805.0,133.47223,2.0
1758088294.5811,35463.0,194.80705,32416.0,178.06912,6747.0,187.41667,5454.0,151.5,2.0
1758088294.58182,35131.0,192.98329,32712.0,179.69513,6394.0,177.61111,6152.0,170.88889,2.0
1758088294.62079,34817.0,191.25841,33043.0,181.51338,6014.0,167.05556,6811.0,189.19444,2.0
1758088294.62158,34527.0,189.66537,33403.0,183.49095,5546.0,154.05556,7373.0,204.80556,2.0
1758088294.62582,34258.0,188.18768,33783.0,185.5784,5128.0,142.44444,7444.0,206.77777,2.0
1758088294.62661,34018.0,186.86931,34146.0,187.57243,4353.0,120.91666,6975.0,193.75,2.0
1758088294.64196,33830.0,185.83658,34482.0,189.41818,3172.0,88.11111,6345.0,176.25,2.0
1758088294.64451,33702.0,185.13345,34787.0,191.09361,1988.0,55.22222,5802.0,161.16667,2.0
1758088294.66071,33631.0,184.74341,35066.0,192.62624,947.0,26.30556,5340.0,148.33333,2.0
1758088294.66145,33606.0,184.60608,35329.0,194.07095,198.0,5.5,5137.0,142.69444,2.0
1758088294.67678,33607.0,184.61157,35588.0,195.4937,-85.0,-2.36111,5146.0,142.94444,2.0
1758088294.69681,33608.0,184.61707,35855.0,196.9604,36.0,1.0,5362.0,148.94444,2.0
1758088294.69771,33604.0,184.59509,36140.0,198.52597,101.0,2.80556,5843.0,162.30556,2.0
1758088294.73186,33596.0,184.55115,36447.0,200.2124,221.0,6.13889,6258.0,173.83333,2.0
1758088294.73688,33579.0,184.45776,36768.0,201.97574,426.0,11.83333,6350.0,176.38889,2.0
1758088294.73741,33553.0,184.31494,37095.0,203.77203,570.0,15.83333,6547.0,181.86111,2.0
1758088294.739,33519.0,184.12817,37423.0,205.57381,716.0,19.88889,6355.0,176.52777,2.0
1758088294.74009,33485.0,183.94141,37735.0,207.2877,599.0,16.63889,6025.0,167.36111,2.0
1758088294.75874,33455.0,183.77661,38029.0,208.90274,589.0,16.36111,5651.0,156.97223,2.0
1758088294.77626,33424.0,183.60632,38299.0,210.38591,629.0,17.47222,5056.0,140.44444,2.0
1758088294.77708,33391.0,183.42503,38536.0,211.68781,664.0,18.44444,4417.0,122.69444,2.0
1758088294.82176,33358.0,183.24376,38745.0,212.83588,639.0,17.75,3882.0,107.83334,2.0
1758088294.82532,33327.0,183.07347,38928.0,213.84116,608.0,16.88889,3400.0,94.44444,2.0
1758088294.82931,33295.0,182.89769,39079.0,214.67064,634.0,17.61111,2681.0,74.47222,2.0
1758088294.83196,33262.0,182.71642,39195.0,215.30785,649.0,18.02778,1987.0,55.19444,2.0
1758088294.83687,33228.0,182.52965,39276.0,215.75279,690.0,19.16667,1348.0,37.44444,2.0
1758088294.83861,33190.0,182.32091,39328.0,216.03847,786.0,21.83333,751.0,20.86111,2.0
1758088294.85631,33144.0,182.06819,39350.0,216.15932,1054.0,29.27778,234.0,6.5,2.0
1758088294.87277,33085.0,181.74409,39351.0,216.16481,1225.0,34.02778,-47.0,-1.30556,2.0
1758088294.87612,33015.0,181.35957,39351.0,216.16481,1450.0,40.27778,0.0,0.0,2.0
1758088294.87683,32938.0,180.9366,39350.0,216.15932,1532.0,42.55556,-32.0,-0.88889,2.0
1758088294.89615,32858.0,180.49713,39346.0,216.13734,1567.0,43.52778,-99.0,-2.75,2.0
1758088294.89683,32783.0,180.08514,39337.0,216.08791,1418.0,39.38889,-263.0,-7.30556,2.0
1758088294.91611,32716.0,179.7171,39314.0,215.96156,1214.0,33.72222,-607.0,-16.86111,2.0
1758088294.91726,32659.0,179.40398,39276.0,215.75279,1037.0,28.80556,-869.0,-24.13889,2.0
1758088294.92272,32607.0,179.11833,39230.0,215.50011,1023.0,28.41667,-928.0,-25.77778,2.0
1758088294.96605,32556.0,178.83818,39180.0,215.22545,1036.0,28.77778,-1053.0,-29.25,2.0
1758088294.96677,32497.0,178.51408,39125.0,214.92332,1269.0,35.25,-1053.0,-29.25,2.0
1758088294.9766,32424.0,178.11307,39077.0,214.65965,1563.0,43.41667,-890.0,-24.72222,2.0
1758088294.9782,32331.0,177.6022,39035.0,214.42892,2017.0,56.02778,-777.0,-21.58333,2.0
1758088294.98016,32216.0,176.97047,39004.0,214.25864,2486.0,69.05556,-422.0,-11.72222,2.0
1758088294.9817,32077.0,176.20691,38992.0,214.19272,2956.0,82.11111,-116.0,-3.22222,2.0
1758088294.99849,31918.0,175.33348,38992.0,214.19272,3283.0,91.19444,20.0,0.55556,2.0
1758088295.01578,31750.0,174.41061,38992.0,214.19272,3337.0,92.69444,0.0,0.0,2.0
1758088295.01623,31583.0,173.49326,38991.0,214.18723,3246.0,90.16666,-10.0,-0.27778,2.0
1758088295.03359,31425.0,172.62532,38988.0,214.17075,3002.0,83.38889,-74.0,-2.05556,2.0
1758088295.03637,31285.0,171.85626,38980.0,214.1268,2605.0,72.36111,-263.0,-7.30556,2.0
1758088295.05613,31166.0,171.20256,38960.0,214.01694,2164.0,60.11111,-463.0,-12.86111,2.0
1758088295.05659,31073.0,170.6917,38925.0,213.82468,1673.0,46.47222,-857.0,-23.80556,2.0
1758088295.07595,31002.0,170.30167,38871.0,213.52805,1188.0,33.0,-1175.0,-32.63889,2.0
1758088295.07665,30955.0,170.04349,38804.0,213.16,815.0,22.63889,-1462.0,-40.61111,2.0
1758088295.09188,30921.0,169.85672,38719.0,212.69305,545.0,15.13889,-1776.0,-49.33333,2.0
1758088295.09629,30904.0,169.76332,38620.0,212.14923,187.0,5.19444,-2137.0,-59.36111,2.0
1758088295.11181,30902.0,169.75233,38501.0,211.49553,-73.0,-2.02778,-2522.0,-70.05556,2.0
1758088295.11438,30909.0,169.79079,38359.0,210.7155,-175.0,-4.86111,-3004.0,-83.44444,2.0
1758088295.13139,30922.0,169.86221,38194.0,209.80911,-341.0,-9.47222,-3524.0,-97.88889,2.0
1758088295.13555,30945.0,169.98856,38005.0,208.77087,-497.0,-13.80556,-3904.0,-108.44444,2.0
1758088295.1518,30977.0,170.16434,37802.0,207.65576,-728.0,-20.22222,-4042.0,-112.27778,2.0
1758088295.15423,31026.0,170.4335,37590.0,206.4912,-1170.0,-32.5,-4287.0,-119.08334,2.0
1758088295.17142,31100.0,170.84001,37365.0,205.2552,-1683.0,-46.75,-4585.0,-127.36111,2.0
1758088295.17542,31201.0,171.39484,37120.0,203.90936,-2274.0,-63.16667,-4968.0,-138.0,2.0
1758088295.19472,31333.0,172.11993,36858.0,202.47012,-2883.0,-80.08334,-5325.0,-147.91667,2.0
1758088295.19675,31497.0,173.02083,36578.0,200.93202,-3518.0,-97.72222,-5729.0,-159.13889,2.0
1758088295.26047,31696.0,174.11398,36268.0,199.22913,-4189.0,-116.36111,-6268.0,-174.11111,2.0
1758088295.26336,31927.0,175.38292,35940.0,197.42732,-4867.0,-135.19444,-6536.0,-181.55556,2.0
1758088295.26602,32190.0,176.82764,35612.0,195.62553,-5387.0,-149.63889,-6370.0,-176.94444,2.0
1758088295.26678,32464.0,178.33281,35303.0,193.92813,-5315.0,-147.63889,-5828.0,-161.88889,2.0
1758088295.26949,32723.0,179.75555,35030.0,192.42848,-4903.0,-136.19444,-4993.0,-138.69444,2.0
1758088295.27073,32962.0,181.06844,34804.0,191.187,-4568.0,-126.88889,-4088.0,-113.55556,2.0
1758088295.27136,33189.0,182.31541,34623.0,190.19272,-4411.0,-122.52778,-3223.0,-89.52778,2.0
1758088295.2763,33413.0,183.5459,34479.0,189.4017,-4428.0,-123.0,-2589.0,-71.91666,2.0
1758088295.29615,33643.0,184.80933,34364.0,188.76996,-4640.0,-128.88889,-2133.0,-59.25,2.0
1758088295.29663,33893.0,186.18265,34264.0,188.22064,-5136.0,-142.66667,-1860.0,-51.66667,2.0
1758088295.36623,34170.0,187.70427,34172.0,187.71526,-5722.0,-158.94444,-1749.0,-48.58333,2.0
1758088295.36701,34472.0,189.36325,34083.0,187.22636,-6162.0,-171.16667,-1771.0,-49.19444,2.0
1758088295.36813,34796.0,191.14305,33996.0,186.74846,-6565.0,-182.36111,-1663.0,-46.19444,2.0
1758088295.36885,35140.0,193.03273,33914.0,186.298,-6904.0,-191.77777,-1544.0,-42.88889,2.0
1758088295.3718,35487.0,194.93889,33841.0,185.897,-6857.0,-190.47223,-1374.0,-38.16667,2.0
1758088295.37225,35838.0,196.86702,33780.0,185.56192,-6946.0,-192.94444,-1026.0,-28.5,2.0
1758088295.37603,36183.0,198.76218,33737.0,185.32571,-6686.0,-185.72223,-768.0,-21.33333,2.0
1758088295.37641,36514.0,200.58046,33706.0,185.15543,-6442.0,-178.94444,-500.0,-13.88889,2.0
1758088295.39592,36834.0,202.33829,33688.0,185.05655,-6229.0,-173.02777,-241.0,-6.69444,2.0
1758088295.39713,37142.0,204.03021,33680.0,185.0126,-5947.0,-165.19444,-90.0,-2.5,2.0
1758088295.41609,37437.0,205.65071,33677.0,184.99612,-5745.0,-159.58333,-50.0,-1.38889,2.0
1758088295.41659,37723.0,207.22179,33673.0,184.97415,-5592.0,-155.33333,-85.0,-2.36111,2.0
1758088295.43187,38000.0,208.74341,33668.0,184.94669,-5336.0,-148.22223,-118.0,-3.27778,2.0
1758088295.4359,38263.0,210.18814,33661.0,184.9082,-5109.0,-141.91667,-163.0,-4.52778,2.0
1758088295.45482,38514.0,211.56694,33650.0,184.84778,-4880.0,-135.55556,-241.0,-6.69444,2.0
1758088295.45681,38750.0,212.86334,33636.0,184.77087,-4471.0,-124.19444,-369.0,-10.25,2.0
1758088295.47197,38954.0,213.98398,33616.0,184.66101,-3711.0,-103.08334,-403.0,-11.19444,2.0
1758088295.47688,39120.0,214.89586,33592.0,184.52917,-2954.0,-82.05556,-527.0,-14.63889,2.0
1758088295.49193,39247.0,215.59349,33563.0,184.36987,-2186.0,-60.72222,-580.0,-16.11111,2.0
1758088295.49444,39335.0,216.07692,33534.0,184.21057,-1411.0,-39.19444,-569.0,-15.80556,2.0
1758088295.51147,39386.0,216.35707,33501.0,184.0293,-696.0,-19.33333,-694.0,-19.27778,2.0
1758088295.51386,39401.0,216.43947,33459.0,183.79858,-6.0,-0.16667,-972.0,-27.0,2.0
1758088295.53146,39397.0,216.4175,33400.0,183.47447,85.0,2.36111,-1231.0,-34.19444,2.0
1758088295.53305,39390.0,216.37904,33332.0,183.10094,184.0,5.11111,-1459.0,-40.52778,2.0
1758088295.55147,39376.0,216.30214,33250.0,182.6505,342.0,9.5,-1661.0,-46.13889,2.0
1758088295.55229,39357.0,216.19777,33160.0,182.15611,417.0,11.58333,-1882.0,-52.27778,2.0
1758088295.57144,39335.0,216.07692,33062.0,181.61775,447.0,12.41667,-1983.0,-55.08333,2.0
1758088295.57227,39313.0,215.95607,32958.0,181.04646,482.0,13.38889,-2112.0,-58.66667,2.0
1758088295.58941,39285.0,215.80223,32847.0,180.43671,623.0,17.30556,-2227.0,-61.86111,2.0
1758088295.59094,39248.0,215.59898,32728.0,179.78302,804.0,22.33333,-2387.0,-66.30556,2.0
1758088295.60686,39206.0,215.36827,32604.0,179.10185,826.0,22.94444,-2505.0,-69.58334,2.0
1758088295.62563,39166.0,215.14854,32472.0,178.37675,755.0,20.97222,-2649.0,-73.58334,2.0
1758088295.62595,39125.0,214.92332,32335.0,177.62418,814.0,22.61111,-2732.0,-75.88889,2.0
1758088295.64377,39088.0,214.72008,32193.0,176.84413,625.0,17.36111,-2812.0,-78.11111,2.0
1758088295.64422,39061.0,214.57176,32047.0,176.04211,436.0,12.11111,-2910.0,-80.83334,2.0
1758088295.66148,39045.0,214.48387,31898.0,175.22362,215.0,5.97222,-2969.0,-82.47222,2.0
1758088295.66231,39036.0,214.43442,31752.0,174.4216,161.0,4.47222,-2792.0,-77.55556,2.0
1758088295.67884,39027.0,214.38498,31622.0,173.70749,180.0,5.0,-2414.0,-67.05556,2.0
1758088295.68164,39011.0,214.29709,31515.0,173.11971,455.0,12.63889,-1893.0,-52.58333,2.0
1758088295.69867,38981.0,214.13229,31434.0,172.67476,677.0,18.80556,-1376.0,-38.22222,2.0
1758088295.69997,38943.0,213.92355,31375.0,172.35065,799.0,22.19444,-1015.0,-28.19444,2.0
1758088295.71681,38897.0,213.67087,31336.0,172.13641,1000.0,27.77778,-587.0,-16.30556,2.0
1758088295.73613,38839.0,213.35226,31317.0,172.03204,1242.0,34.5,-245.0,-6.80556,2.0
1758088295.73683,38770.0,212.97321,31313.0,172.01007,1504.0,41.77778,5.0,0.13889,2.0
1758088295.75529,38680.0,212.47882,31315.0,172.02106,1932.0,53.66667,26.0,0.72222,2.0
1758088295.75608,38571.0,211.88007,31315.0,172.02106,2342.0,65.05556,0.0,0.0,2.0
1758088295.77191,38443.0,211.17693,31315.0,172.02106,2632.0,73.11111,9.0,0.25,2.0
1758088295.77265,38309.0,210.44084,31316.0,172.02655,2647.0,73.52778,21.0,0.58333,2.0
1758088295.79174,38175.0,209.70474,31317.0,172.03204,2661.0,73.91666,17.0,0.47222,2.0
1758088295.7933,38034.0,208.93021,31321.0,172.05402,2925.0,81.25,118.0,3.27778,2.0
1758088295.80891,37873.0,208.04578,31333.0,172.11993,3377.0,93.80556,334.0,9.27778,2.0
1758088295.81015,37686.0,207.01854,31360.0,172.26825,3907.0,108.52778,700.0,19.44444,2.0
1758088295.82596,37475.0,205.85945,31406.0,172.52094,4304.0,119.55556,1015.0,28.19444,2.0
1758088295.84196,37244.0,204.59052,31470.0,172.87251,4693.0,130.36111,1495.0,41.52778,2.0
1758088295.84268,36992.0,203.20624,31560.0,173.36691,5226.0,145.16667,1980.0,55.0,2.0
1758088295.85875,36714.0,201.67909,31677.0,174.00961,5675.0,157.63889,2541.0,70.58334,2.0
1758088295.86106,36417.0,200.04761,31823.0,174.81163,5975.0,165.97223,3157.0,87.69444,2.0
1758088295.87766,36113.0,198.37766,32000.0,175.78394,6020.0,167.22223,3744.0,104.0,2.0
1758088295.89655,35803.0,196.67476,32213.0,176.95399,6028.0,167.44444,4403.0,122.30556,2.0
1758088295.897,35499.0,195.00481,32458.0,178.29985,5973.0,165.91667,5127.0,142.41667,2.0
1758088295.93191,35198.0,193.35133,32737.0,179.83246,5926.0,164.61111,5756.0,159.88889,2.0
1758088295.93645,34901.0,191.71983,33035.0,181.46944,5758.0,159.94444,5927.0,164.63889,2.0
1758088295.93745,34625.0,190.2037,33331.0,183.09544,5118.0,142.16667,5779.0,160.52777,2.0
1758088295.9383,34393.0,188.92926,33620.0,184.68298,4198.0,116.61111,5605.0,155.69444,2.0
1758088295.95628,34211.0,187.9295,33896.0,186.19913,3143.0,87.30556,5322.0,147.83333,2.0
1758088295.95784,34080.0,187.20988,34158.0,187.63835,2130.0,59.16667,5109.0,141.91667,2.0
1758088295.97627,33996.0,186.74846,34414.0,189.04462,1293.0,35.91667,5061.0,140.58333,2.0
1758088295.97708,33947.0,186.47929,34672.0,190.46188,727.0,20.19444,5141.0,142.80556,2.0
1758088295.99611,33919.0,186.32547,34939.0,191.92857,415.0,11.52778,5374.0,149.27777,2.0
1758088295.99683,33903.0,186.23758,35222.0,193.48318,239.0,6.63889,5801.0,161.13889,2.0
1758088296.03663,33895.0,186.19363,35529.0,195.1696,127.0,3.52778,6270.0,174.16667,2.0
1758088296.04075,33891.0,186.17166,35853.0,196.94942,62.0,1.72222,6488.0,180.22223,2.0
1758088296.04348,33889.0,186.16068,36192.0,198.81161,9.0,0.25,6863.0,190.63889,2.0
1758088296.0439,33889.0,186.16068,36542.0,200.73427,0.0,0.0,6878.0,191.05556,2.0
1758088296.04843,33889.0,186.16068,36887.0,202.62943,0.0,0.0,6800.0,188.88889,2.0
1758088296.06662,33889.0,186.16068,37228.0,204.50262,0.0,0.0,6648.0,184.66667,2.0
1758088296.06835,33889.0,186.16068,37557.0,206.30992,9.0,0.25,6350.0,176.38889,2.0
1758088296.07536,33887.0,186.14969,37868.0,208.01831,52.0,1.44444,6009.0,166.91667,2.0
1758088296.09089,33883.0,186.12772,38166.0,209.6553,85.0,2.36111,5746.0,159.61111,2.0
1758088296.09164,33878.0,186.10025,38444.0,211.18242,139.0,3.86111,5311.0,147.52777,2.0
1758088296.10766,33867.0,186.03983,38701.0,212.59418,298.0,8.27778,4936.0,137.11111,2.0
1758088296.11694,33844.0,185.91348,38940.0,213.90707,585.0,16.25,4593.0,127.58334,2.0
1758088296.15858,33808.0,185.71573,39155.0,215.08812,787.0,21.86111,3975.0,110.41666,2.0
1758088296.16222,33765.0,185.47952,39334.0,216.07143,885.0,24.58333,3222.0,89.5,2.0
1758088296.16361,33718.0,185.22134,39475.0,216.84596,954.0,26.5,2460.0,68.33334,2.0
1758088296.16632,33664.0,184.92471,39581.0,217.42825,1182.0,32.83333,1820.0,50.55556,2.0
1758088296.16791,33600.0,184.57312,39652.0,217.81827,1323.0,36.75,1143.0,31.75,2.0
1758088296.18391,33526.0,184.16663,39692.0,218.03799,1580.0,43.88889,518.0,14.38889,2.0
1758088296.18645,33441.0,183.69971,39700.0,218.08194,1770.0,49.16667,-92.0,-2.55556,2.0
1758088296.20593,33344.0,183.16685,39694.0,218.04898,1993.0,55.36111,-119.0,-3.30556,2.0
1758088296.20726,33238.0,182.58458,39686.0,218.00504,2172.0,60.33333,-193.0,-5.36111,2.0
1758088296.33724,33127.0,181.97481,39672.0,217.92813,2217.0,61.58333,-359.0,-9.97222,2.0
1758088296.33798,33015.0,181.35957,39648.0,217.7963,2153.0,59.80556,-551.0,-15.30556,2.0
1758088296.34572,32909.0,180.7773,39615.0,217.61502,2036.0,56.55556,-742.0,-20.61111,2.0
1758088296.3522,32809.0,180.22797,39567.0,217.35135,1917.0,53.25,-1144.0,-31.77778,2.0
1758088296.42043,32713.0,179.70062,39503.0,216.99977,1865.0,51.80556,-1341.0,-37.25,2.0
1758088296.42219,32617.0,179.17326,39433.0,216.61525,1980.0,55.0,-1483.0,-41.19444,2.0
1758088296.42635,32511.0,178.59099,39359.0,216.20876,2208.0,61.33333,-1442.0,-40.05556,2.0
1758088296.42677,32391.0,177.93179,39288.0,215.81871,2532.0,70.33334,-1376.0,-38.22222,2.0
1758088296.43183,32250.0,177.15724,39226.0,215.47813,2932.0,81.44444,-1074.0,-29.83333,2.0
1758088296.43411,32090.0,176.27832,39178.0,215.21446,3349.0,93.02778,-841.0,-23.36111,2.0
1758088296.43615,31912.0,175.30052,39143.0,215.0222,3661.0,101.69444,-557.0,-15.47222,2.0
1758088296.43674,31720.0,174.24582,39126.0,214.92882,3862.0,107.27778,-219.0,-6.08333,2.0
1758088296.44116,31523.0,173.16365,39121.0,214.90135,3882.0,107.83334,0.0,0.0,2.0
1758088296.44264,31333.0,172.11993,39121.0,214.90135,3644.0,101.22222,-2.0,-0.05556,2.0
1758088296.44343,31159.0,171.16411,39119.0,214.89037,3246.0,90.16666,-73.0,-2.02778,2.0
1758088296.44606,31012.0,170.3566,39111.0,214.84642,2656.0,73.77778,-242.0,-6.72222,2.0
1758088296.44685,30895.0,169.71388,39089.0,214.72557,2049.0,56.91667,-561.0,-15.58333,2.0
1758088296.4543,30809.0,169.24147,39047.0,214.49486,1479.0,41.08333,-1062.0,-29.5,2.0
1758088296.45593,30749.0,168.91188,38984.0,214.14877,938.0,26.05556,-1375.0,-38.19444,2.0
1758088296.45696,30712.0,168.70863,38906.0,213.72031,574.0,15.94444,-1696.0,-47.11111,2.0
1758088296.45779,30690.0,168.58778,38812.0,213.20395,328.0,9.11111,-1989.0,-55.25,2.0
1758088296.45884,30679.0,168.52736,38700.0,212.58868,135.0,3.75,-2396.0,-66.55556,2.0
1758088296.46111,30678.0,168.52187,38565.0,211.84711,-42.0,-1.16667,-2833.0,-78.69444,2.0
1758088296.46317,30681.0,168.53835,38412.0,211.00664,-72.0,-2.0,-3168.0,-88.0,2.0
1758088296.46363,30686.0,168.56581,38247.0,210.10025,-128.0,-3.55556,-3324.0,-92.33334,2.0
1758088296.46654,30697.0,168.62624,38077.0,209.16641,-285.0,-7.91667,-3342.0,-92.83334,2.0
1758088296.48299,30716.0,168.73061,37904.0,208.21606,-431.0,-11.97222,-3466.0,-96.27778,2.0
1758088296.48589,30747.0,168.90089,37723.0,207.22179,-784.0,-21.77778,-3714.0,-103.16666,2.0
1758088296.54829,30804.0,169.214,37526.0,206.13963,-1372.0,-38.11111,-4062.0,-112.83334,2.0
1758088296.55075,30889.0,169.68092,37308.0,204.94209,-1949.0,-54.13889,-4546.0,-126.27778,2.0
1758088296.55196,31010.0,170.34561,37065.0,203.60724,-2720.0,-75.55556,-5018.0,-139.38889,2.0
1758088296.5554,31171.0,171.23004,36800.0,202.15152,-3556.0,-98.77778,-5433.0,-150.91667,2.0
1758088296.55648,31375.0,172.35065,36511.0,200.56398,-4373.0,-121.47222,-5981.0,-166.13889,2.0
1758088296.55732,31621.0,173.702,36186.0,198.77866,-5178.0,-143.83333,-6733.0,-187.02777,2.0
1758088296.56422,31911.0,175.29503,35829.0,196.81758,-6024.0,-167.33333,-7125.0,-197.91667,2.0
1758088296.56532,32242.0,177.1133,35453.0,194.75211,-6924.0,-192.33333,-7617.0,-211.58333,2.0
1758088296.58082,32613.0,179.15129,35083.0,192.71962,-7514.0,-208.72223,-7023.0,-195.08333,2.0
1758088296.5817,32994.0,181.24422,34747.0,190.87389,-7503.0,-208.41667,-6321.0,-175.58333,2.0
1758088296.59684,33361.0,183.26024,34453.0,189.25888,-6931.0,-192.52777,-5352.0,-148.66667,2.0
1758088296.61548,33689.0,185.06204,34218.0,187.96796,-6171.0,-171.41667,-4059.0,-112.75,2.0
1758088296.61593,33983.0,186.67705,34050.0,187.04509,-5567.0,-154.63889,-2755.0,-76.52778,2.0
1758088296.63427,34248.0,188.13275,33941.0,186.44633,-5019.0,-139.41667,-1724.0,-47.88889,2.0
1758088296.63689,34492.0,189.47311,33877.0,186.09476,-4698.0,-130.5,-976.0,-27.11111,2.0
1758088296.65584,34731.0,190.786,33835.0,185.86404,-4758.0,-132.16667,-748.0,-20.77778,2.0
1758088296.65663,34980.0,192.15382,33799.0,185.66629,-5063.0,-140.63889,-674.0,-18.72222,2.0
1758088296.67428,35248.0,193.62601,33764.0,185.47403,-5463.0,-151.75,-759.0,-21.08333,2.0
1758088296.67708,35538.0,195.21904,33715.0,185.20486,-5949.0,-165.25,-1095.0,-30.41667,2.0
1758088296.69663,35853.0,196.94942,33652.0,184.85876,-6420.0,-178.33333,-1311.0,-36.41667,2.0
1758088296.69831,36185.0,198.77316,33583.0,184.47974,-6579.0,-182.75,-1449.0,-40.25,2.0
1758088296.71546,36518.0,200.60243,33511.0,184.08423,-6584.0,-182.88889,-1359.0,-37.75,2.0
1758088296.7163,36848.0,202.41519,33446.0,183.72717,-6431.0,-178.63889,-1266.0,-35.16667,2.0
1758088296.73589,37164.0,204.15106,33390.0,183.41954,-6044.0,-167.88889,-938.0,-26.05556,2.0
1758088296.73665,37457.0,205.76057,33351.0,183.20531,-5616.0,-156.0,-675.0,-18.75,2.0
1758088296.75453,37730.0,207.26024,33323.0,183.0515,-5191.0,-144.19444,-504.0,-14.0,2.0
1758088296.75674,37978.0,208.62256,33304.0,182.94713,-4643.0,-128.97223,-321.0,-8.91667,2.0
1758088296.77596,38200.0,209.84207,33293.0,182.8867,-4151.0,-115.30556,-147.0,-4.08333,2.0
1758088296.77677,38399.0,210.93523,33286.0,182.84825,-3758.0,-104.38889,-145.0,-4.02778,2.0
1758088296.86578,38573.0,211.89105,33283.0,182.83177,-3180.0,-88.33334,12.0,0.33333,2.0
1758088296.86658,38718.0,212.68756,33283.0,182.83177,-2630.0,-73.05556,0.0,0.0,2.0
1758088296.89805,38835.0,213.33029,33283.0,182.83177,-2091.0,-58.08333,-5.0,-0.13889,2.0
1758088296.90187,38926.0,213.83017,33282.0,182.82628,-1573.0,-43.69444,-35.0,-0.97222,2.0
1758088296.91192,38994.0,214.2037,33279.0,182.8098,-1163.0,-32.30556,-50.0,-1.38889,2.0
1758088296.91649,39038.0,214.4454,33276.0,182.79332,-670.0,-18.61111,-64.0,-1.77778,2.0
1758088296.9214,39060.0,214.56627,33270.0,182.76036,-232.0,-6.44444,-177.0,-4.91667,2.0
1758088296.9231,39061.0,214.57176,33253.0,182.66698,59.0,1.63889,-461.0,-12.80556,2.0
1758088296.92727,39057.0,214.54979,33221.0,182.4912,109.0,3.02778,-809.0,-22.47222,2.0
1758088296.93225,39051.0,214.51683,33168.0,182.20006,109.0,3.02778,-1161.0,-32.25,2.0
1758088296.93542,39044.0,214.47838,33106.0,181.85945,191.0,5.30556,-1271.0,-35.30556,2.0
1758088296.93606,39030.0,214.40146,33035.0,181.46944,343.0,9.52778,-1455.0,-40.41667,2.0
1758088296.93815,39005.0,214.26413,32960.0,181.05745,627.0,17.41667,-1488.0,-41.33333,2.0
1758088296.93872,38966.0,214.0499,32882.0,180.62897,865.0,24.02778,-1515.0,-42.08333,2.0
1758088296.94189,38920.0,213.79721,32805.0,180.20599,969.0,26.91667,-1557.0,-43.25,2.0
1758088296.94378,38867.0,213.50607,32724.0,179.76105,1123.0,31.19444,-1580.0,-43.88889,2.0
1758088296.94615,38808.0,213.18198,32640.0,179.29961,1148.0,31.88889,-1695.0,-47.08333,2.0
1758088296.96459,38752.0,212.87433,32551.0,178.81071,1106.0,30.72222,-1840.0,-51.11111,2.0
1758088296.96667,38699.0,212.58319,32454.0,178.27788,945.0,26.25,-1949.0,-54.13889,2.0
1758088296.982,38658.0,212.35797,32351.0,177.71207,705.0,19.58333,-2093.0,-58.13889,2.0
1758088296.98265,38631.0,212.20966,32240.0,177.10231,453.0,12.58333,-2225.0,-61.80556,2.0
1758088296.99865,38606.0,212.07233,32131.0,176.50354,495.0,13.75,-2138.0,-59.38889,2.0
1758088297.00073,38579.0,211.92401,32031.0,175.95422,534.0,14.83333,-1863.0,-51.75,2.0
1758088297.01684,38551.0,211.7702,31947.0,175.4928,592.0,16.44444,-1447.0,-40.19444,2.0
1758088297.03525,38516.0,211.57793,31885.0,175.15221,805.0,22.36111,-1076.0,-29.88889,2.0
1758088297.036,38466.0,211.30327,31844.0,174.92699,1112.0,30.88889,-602.0,-16.72222,2.0
1758088297.05615,38405.0,210.96819,31829.0,174.84459,1236.0,34.33333,-98.0,-2.72222,2.0
1758088297.05656,38335.0,210.58366,31831.0,174.85558,1489.0,41.36111,61.0,1.69444,2.0
1758088297.09657,38254.0,210.1387,31833.0,174.86656,1663.0,46.19444,8.0,0.22222,2.0
1758088297.09695,38161.0,209.62784,31833.0,174.86656,1964.0,54.55556,0.0,0.0,2.0
1758088297.13103,38049.0,209.0126,31833.0,174.86656,2396.0,66.55556,7.0,0.19444,2.0
1758088297.13669,37915.0,208.27649,31835.0,174.87755,2887.0,80.19444,54.0,1.5,2.0
1758088297.13817,37754.0,207.39207,31841.0,174.91051,3388.0,94.11111,184.0,5.11111,2.0
1758088297.14016,37573.0,206.39781,31853.0,174.97643,3734.0,103.72222,245.0,6.80556,2.0
1758088297.14271,37382.0,205.34859,31869.0,175.06432,3794.0,105.38889,388.0,10.77778,2.0
1758088297.1431,37187.0,204.2774,31895.0,175.20714,3904.0,108.44444,625.0,17.36111,2.0
1758088297.14671,36981.0,203.14578,31931.0,175.40489,4200.0,116.66666,788.0,21.88889,2.0
1758088297.16522,36758.0,201.92081,31979.0,175.66858,4537.0,126.02778,1078.0,29.94444,2.0
1758088297.16657,36518.0,200.60243,32046.0,176.03662,4875.0,135.41667,1493.0,41.47222,2.0
1758088297.18196,36260.0,199.18518,32134.0,176.52002,5279.0,146.63889,1943.0,53.97222,2.0
1758088297.18451,35977.0,197.63058,32245.0,177.12978,5840.0,162.22223,2426.0,67.38889,2.0
1758088297.23083,35673.0,195.96062,32384.0,177.89334,6050.0,168.05556,2973.0,82.58334,2.0
1758088297.23156,35373.0,194.31265,32552.0,178.81621,5810.0,161.38889,3578.0,99.38889,2.0
1758088297.23658,35084.0,192.72511,32748.0,179.89288,5621.0,156.13889,4135.0,114.86111,2.0
1758088297.24074,34811.0,191.22545,32966.0,181.09041,5231.0,145.30556,4426.0,122.94444,2.0
1758088297.24165,34563.0,189.86313,33193.0,182.33739,4622.0,128.38889,4442.0,123.38889,2.0
1758088297.24582,34350.0,188.69305,33417.0,183.56787,3788.0,105.22222,4462.0,123.94444,2.0
1758088297.26169,34184.0,187.78119,33647.0,184.8313,2905.0,80.69444,4623.0,128.41667,2.0
1758088297.26609,34064.0,187.12199,33887.0,186.14969,2019.0,56.08333,4843.0,134.52777,2.0
1758088297.2817,33981.0,186.66606,34139.0,187.53398,1343.0,37.30556,5126.0,142.38889,2.0
1758088297.28571,33927.0,186.36943,34407.0,189.00616,879.0,24.41667,5493.0,152.58333,2.0
1758088297.30165,33892.0,186.17715,34694.0,190.58275,530.0,14.72222,5799.0,161.08333,2.0
1758088297.30588,33877.0,186.09476,34997.0,192.24721,97.0,2.69444,6106.0,169.61111,2.0
1758088297.32424,33879.0,186.10574,35317.0,194.00504,-60.0,-1.66667,6501.0,180.58333,2.0
1758088297.32572,33881.0,186.11673,35652.0,195.84526,-36.0,-1.0,6664.0,185.11111,2.0
1758088297.35081,33882.0,186.12222,35993.0,197.71848,-13.0,-0.36111,6771.0,188.08333,2.0
1758088297.35662,33882.0,186.12222,36336.0,199.60266,-4.0,-0.11111,6759.0,187.75,2.0
1758088297.36242,33882.0,186.12222,36671.0,201.44289,0.0,0.0,6470.0,179.72223,2.0
1758088297.37128,33882.0,186.12222,36987.0,203.17874,0.0,0.0,6101.0,169.47223,2.0
1758088297.37663,33882.0,186.12222,37287.0,204.82674,0.0,0.0,5782.0,160.61111,2.0
1758088297.45143,33882.0,186.12222,37568.0,206.37035,8.0,0.22222,5379.0,149.41667,2.0
1758088297.4519,33881.0,186.11673,37829.0,207.80408,25.0,0.69444,4994.0,138.72223,2.0
1758088297.45704,33879.0,186.10574,38074.0,209.14993,60.0,1.66667,4684.0,130.11111,2.0
1758088297.45782,33874.0,186.07828,38303.0,210.40788,121.0,3.36111,4354.0,120.94444,2.0
1758088297.45969,33862.0,186.01236,38514.0,211.56694,327.0,9.08333,4024.0,111.77778,2.0
1758088297.46178,33838.0,185.88052,38709.0,212.63812,636.0,17.66667,3743.0,103.97222,2.0
1758088297.4658,33800.0,185.67178,38886.0,213.61044,819.0,22.75,3305.0,91.80556,2.0
1758088297.46619,33755.0,185.42459,39037.0,214.43991,909.0,25.25,2748.0,76.33334,2.0
1758088297.47163,33709.0,185.17191,39161.0,215.12108,912.0,25.33333,2191.0,60.86111,2.0
1758088297.49666,33658.0,184.89172,39253.0,215.62645,1089.0,30.25,1523.0,42.30556,2.0
1758088297.49935,33602.0,184.58411,39314.0,215.96156,1126.0,31.27778,935.0,25.97222,2.0
1758088297.50086,33542.0,184.25452,39343.0,216.12086,1253.0,34.80556,313.0,8.69444,2.0
1758088297.50186,33474.0,183.88098,39345.0,216.13185,1356.0,37.66667,-59.0,-1.63889,2.0
1758088297.52869,33401.0,183.47997,39344.0,216.12636,1517.0,42.13889,-18.0,-0.5,2.0
1758088297.53101,33321.0,183.04051,39342.0,216.11537,1564.0,43.44444,-62.0,-1.72222,2.0
1758088297.63016,33240.0,182.59557,39337.0,216.08791,1591.0,44.19444,-145.0,-4.02778,2.0
1758088297.6323,33164.0,182.17809,39323.0,216.011,1453.0,40.36111,-410.0,-11.38889,2.0
1758088297.75858,33093.0,181.78804,39294.0,215.85167,1311.0,36.41667,-673.0,-18.69444,2.0
1758088297.76137,33030.0,181.44197,39257.0,215.64842,1196.0,33.22222,-764.0,-21.22222,2.0
1758088297.76319,32970.0,181.11238,39215.0,215.41771,1151.0,31.97222,-863.0,-23.97222,2.0
1758088297.76708,32914.0,180.80476,39166.0,215.14854,1123.0,31.19444,-1029.0,-28.58333,2.0
1758088297.77107,32854.0,180.47516,39114.0,214.8629,1234.0,34.27778,-1002.0,-27.83333,2.0
1758088297.77514,32787.0,180.10712,39067.0,214.60472,1378.0,38.27778,-896.0,-24.88889,2.0
1758088297.78116,32709.0,179.67865,39022.0,214.35751,1633.0,45.36111,-812.0,-22.55556,2.0
1758088297.8404,32618.0,179.17876,38988.0,214.17075,1971.0,54.75,-554.0,-15.38889,2.0
1758088297.85742,32508.0,178.57451,38969.0,214.06638,2337.0,64.91666,-236.0,-6.55556,2.0
1758088297.86129,32380.0,177.87137,38968.0,214.06088,2722.0,75.61111,49.0,1.36111,2.0
1758088297.87021,32235.0,177.07484,38968.0,214.06088,2923.0,81.19444,0.0,0.0,2.0
1758088297.99656,32084.0,176.24536,38968.0,214.06088,3029.0,84.13889,0.0,0.0,2.0
1758088298.00098,31934.0,175.42137,38967.0,214.05539,2937.0,81.58334,-15.0,-0.41667,2.0
1758088298.00587,31791.0,174.63583,38964.0,214.03891,2726.0,75.72222,-95.0,-2.63889,2.0
1758088298.01153,31660.0,173.91623,38953.0,213.97849,2480.0,68.88889,-350.0,-9.72222,2.0
1758088298.01701,31543.0,173.27351,38923.0,213.81369,2192.0,60.88889,-752.0,-20.88889,2.0
1758088298.02058,31442.0,172.7187,38873.0,213.53903,1887.0,52.41667,-1118.0,-31.05556,2.0
1758088298.02125,31358.0,172.25726,38807.0,213.17648,1506.0,41.83333,-1490.0,-41.38889,2.0
1758088298.02698,31289.0,171.87823,38719.0,212.69305,1205.0,33.47222,-1905.0,-52.91667,2.0
1758088298.03025,31239.0,171.60358,38609.0,212.08881,851.0,23.63889,-2375.0,-65.97222,2.0
1758088298.03092,31205.0,171.41681,38477.0,211.36369,550.0,15.27778,-2786.0,-77.38889,2.0
1758088298.0388,31183.0,171.29596,38328.0,210.54521,344.0,9.55556,-3012.0,-83.66666,2.0
1758088298.03996,31173.0,171.24103,38171.0,209.68277,80.0,2.22222,-3144.0,-87.33334,2.0
1758088298.04119,31177.0,171.263,38011.0,208.80383,-203.0,-5.63889,-3187.0,-88.52778,2.0
1758088298.04179,31195.0,171.36188,37846.0,207.89746,-455.0,-12.63889,-3331.0,-92.52778,2.0
1758088298.04354,31226.0,171.53217,37672.0,206.94164,-771.0,-21.41667,-3537.0,-98.25,2.0
1758088298.04531,31277.0,171.81232,37484.0,205.90889,-1171.0,-32.52778,-3874.0,-107.61111,2.0
1758088298.04606,31353.0,172.2298,37276.0,204.76631,-1717.0,-47.69444,-4305.0,-119.58334,2.0
1758088298.04715,31458.0,172.80659,37047.0,203.50836,-2362.0,-65.61111,-4734.0,-131.5,2.0
1758088298.05031,31595.0,173.55917,36796.0,202.12955,-3001.0,-83.36111,-5162.0,-143.38889,2.0
1758088298.05648,31768.0,174.50949,36519.0,200.60793,-3711.0,-103.08334,-5738.0,-159.38889,2.0
1758088298.0569,31980.0,175.67407,36214.0,198.93246,-4525.0,-125.69444,-6178.0,-171.61111,2.0
1758088298.05806,32233.0,177.06386,35886.0,197.13069,-5334.0,-148.16667,-6589.0,-183.02777,2.0
1758088298.06127,32524.0,178.6624,35555.0,195.31242,-5948.0,-165.22223,-6488.0,-180.22223,2.0
1758088298.06577,32832.0,180.35431,35233.0,193.54361,-6157.0,-171.02777,-6193.0,-172.02777,2.0
1758088298.06617,33139.0,182.04073,34938.0,191.92308,-5927.0,-164.63889,-5400.0,-150.0,2.0
1758088298.06835,33431.0,183.64478,34689.0,190.55528,-5466.0,-151.83333,-4512.0,-125.33334,2.0
1758088298.07116,33696.0,185.10049,34488.0,189.45114,-5106.0,-141.83333,-3554.0,-98.72222,2.0
1758088298.07751,33945.0,186.46831,34336.0,188.61615,-4845.0,-134.58333,-2625.0,-72.91666,2.0
1758088298.08183,34184.0,187.78119,34228.0,188.02289,-4676.0,-129.88889,-1827.0,-50.75,2.0
1758088298.08304,34418.0,189.06659,34151.0,187.5999,-4608.0,-128.0,-1302.0,-36.16667,2.0
1758088298.08365,34654.0,190.36301,34090.0,187.26482,-4754.0,-132.05556,-1144.0,-31.77778,2.0
1758088298.08604,34905.0,191.74181,34034.0,186.9572,-5156.0,-143.22223,-1088.0,-30.22222,2.0
1758088298.09115,35178.0,193.24147,33977.0,186.64409,-5561.0,-154.47223,-1206.0,-33.5,2.0
1758088298.0919,35470.0,194.8455,33913.0,186.29251,-5915.0,-164.30556,-1296.0,-36.0,2.0
1758088298.09691,35783.0,196.5649,33844.0,185.91348,-6382.0,-177.27777,-1412.0,-39.22222,2.0
1758088298.10115,36110.0,198.36118,33773.0,185.52347,-6449.0,-179.13889,-1343.0,-37.30556,2.0
1758088298.10754,36435.0,200.14648,33706.0,185.15543,-6374.0,-177.05556,-1306.0,-36.27778,2.0
1758088298.10993,36754.0,201.89883,33646.0,184.82581,-6268.0,-174.11111,-1048.0,-29.11111,2.0
1758088298.21819,37063.0,203.59625,33599.0,184.56763,-5929.0,-164.69444,-858.0,-23.83333,2.0
1758088298.22594,37354.0,205.19478,33560.0,184.35339,-5625.0,-156.25,-670.0,-18.61111,2.0
1758088298.25186,37629.0,206.70543,33535.0,184.21606,-5319.0,-147.75,-350.0,-9.72222,2.0
1758088298.25574,37888.0,208.12817,33522.0,184.14465,-4948.0,-137.44444,-216.0,-6.0,2.0
1758088298.25698,38127.0,209.44107,33513.0,184.09521,-4567.0,-126.86111,-144.0,-4.0,2.0
1758088298.25801,38350.0,210.66606,33506.0,184.05676,-4306.0,-119.61111,-137.0,-3.80556,2.0
1758088298.26012,38559.0,211.81415,33503.0,184.04028,-3926.0,-109.05556,-27.0,-0.75,2.0
1758088298.26184,38744.0,212.83038,33502.0,184.03479,-3468.0,-96.33334,-15.0,-0.41667,2.0
1758088298.26226,38903.0,213.70383,33500.0,184.0238,-2908.0,-80.77778,-71.0,-1.97222,2.0
1758088298.26573,39036.0,214.43442,33493.0,183.98535,-2387.0,-66.30556,-203.0,-5.63889,2.0
1758088298.26689,39144.0,215.02769,33473.0,183.87549,-1936.0,-53.77778,-546.0,-15.16667,2.0
1758088298.26762,39226.0,215.47813,33436.0,183.67224,-1422.0,-39.5,-875.0,-24.30556,2.0
1758088298.26836,39283.0,215.79124,33388.0,183.40855,-847.0,-23.52778,-1018.0,-28.27778,2.0
1758088298.27029,39308.0,215.9286,33329.0,183.08446,-233.0,-6.47222,-1255.0,-34.86111,2.0
1758088298.27111,39309.0,215.9341,33258.0,182.69444,20.0,0.55556,-1466.0,-40.72222,2.0
1758088298.27531,39308.0,215.9286,33177.0,182.2495,42.0,1.16667,-1717.0,-47.69444,2.0
1758088298.27597,39303.0,215.90114,33086.0,181.74959,144.0,4.0,-1828.0,-50.77778,2.0
1758088298.27801,39291.0,215.83519,32989.0,181.21675,312.0,8.66667,-1951.0,-54.19444,2.0
1758088298.27864,39270.0,215.71983,32888.0,180.66193,530.0,14.72222,-2013.0,-55.91667,2.0
1758088298.28141,39241.0,215.56053,32786.0,180.10162,615.0,17.08333,-2058.0,-57.16667,2.0
1758088298.28207,39207.0,215.37376,32680.0,179.51933,681.0,18.91667,-2092.0,-58.11111,2.0
1758088298.28414,39172.0,215.1815,32573.0,178.93156,646.0,17.94444,-2124.0,-59.0,2.0
1758088298.28479,39136.0,214.98375,32462.0,178.32182,782.0,21.72222,-2202.0,-61.16667,2.0
1758088298.28557,39098.0,214.77501,32348.0,177.69559,700.0,19.44444,-2266.0,-62.94444,2.0
1758088298.28684,39069.0,214.61571,32229.0,177.04189,499.0,13.86111,-2384.0,-66.22222,2.0
1758088298.29581,39049.0,214.50584,32105.0,176.36072,288.0,8.0,-2510.0,-69.72222,2.0
1758088298.33591,39042.0,214.46739,31974.0,175.64111,47.0,1.30556,-2628.0,-73.0,2.0
1758088298.33672,39042.0,214.46739,31843.0,174.92149,0.0,0.0,-2591.0,-71.97222,2.0
1758088298.34053,39041.0,214.4619,31719.0,174.24033,21.0,0.58333,-2324.0,-64.55556,2.0
1758088298.34099,39037.0,214.43991,31611.0,173.64706,135.0,3.75,-2018.0,-56.05556,2.0
1758088298.34217,39025.0,214.37399,31522.0,173.15816,276.0,7.66667,-1575.0,-43.75,2.0
1758088298.35872,39002.0,214.24765,31453.0,172.77913,589.0,16.36111,-1202.0,-33.38889,2.0
1758088298.3615,38963.0,214.03342,31404.0,172.50995,848.0,23.55556,-831.0,-23.08333,2.0
1758088298.3768,38917.0,213.78073,31368.0,172.31219,1017.0,28.25,-610.0,-16.94444,2.0
1758088298.47046,38855.0,213.44016,31345.0,172.18585,1396.0,38.77778,-294.0,-8.16667,2.0
1758088298.47172,38772.0,212.98419,31340.0,172.15839,1841.0,51.13889,23.0,0.63889,2.0
1758088298.47595,38662.0,212.37994,31344.0,172.18036,2359.0,65.52778,63.0,1.75,2.0
1758088298.47685,38533.0,211.67133,31346.0,172.19135,2689.0,74.69444,38.0,1.05556,2.0
1758088298.48431,38394.0,210.90776,31349.0,172.20782,2708.0,75.22222,95.0,2.63889,2.0
1758088298.4866,38256.0,210.14969,31356.0,172.24628,2774.0,77.05556,140.0,3.88889,2.0
1758088298.48853,38110.0,209.34769,31365.0,172.29572,3002.0,83.38889,231.0,6.41667,2.0
1758088298.49185,37943.0,208.4303,31382.0,172.3891,3504.0,97.33334,397.0,11.02778,2.0
1758088298.49673,37749.0,207.36461,31407.0,172.52643,4090.0,113.61111,546.0,15.16667,2.0
1758088298.50564,37528.0,206.15062,31444.0,172.72969,4573.0,127.02778,901.0,25.02778,2.0
1758088298.50655,37286.0,204.82124,31504.0,173.05928,4956.0,137.66667,1415.0,39.30556,2.0
1758088298.51621,37023.0,203.37653,31588.0,173.52072,5413.0,150.36111,1881.0,52.25,2.0
1758088298.51744,36732.0,201.77797,31700.0,174.13596,5966.0,165.72223,2432.0,67.55556,2.0
1758088298.5213,36416.0,200.04211,31841.0,174.91051,6414.0,178.16667,3049.0,84.69444,2.0
1758088298.52178,36087.0,198.23483,32014.0,175.86084,6538.0,181.61111,3678.0,102.16666,2.0
1758088298.54139,35754.0,196.40559,32218.0,176.98146,6570.0,182.5,4269.0,118.58334,2.0
1758088298.54582,35429.0,194.62027,32457.0,178.29436,6339.0,176.08333,5021.0,139.47223,2.0
1758088298.56411,35111.0,192.87343,32731.0,179.7995,6247.0,173.52777,5648.0,156.88889,2.0
1758088298.56597,34799.0,191.15953,33025.0,181.41451,6000.0,166.66667,5837.0,162.13889,2.0
1758088298.70168,34517.0,189.61044,33319.0,183.02953,5209.0,144.69444,5640.0,156.66667,2.0
1758088298.70317,34281.0,188.31403,33600.0,184.57312,4209.0,116.91666,5430.0,150.83333,2.0
1758088298.70594,34097.0,187.30327,33866.0,186.03433,3097.0,86.02778,5130.0,142.5,2.0
1758088298.70662,33970.0,186.60564,34116.0,187.40764,2066.0,57.38889,4857.0,134.91667,2.0
1758088298.71661,33888.0,186.15518,34357.0,188.73151,1313.0,36.47222,4751.0,131.97223,2.0
1758088298.72126,33840.0,185.89151,34597.0,190.0499,730.0,20.27778,4799.0,133.30556,2.0
1758088298.72241,33810.0,185.72672,34843.0,191.40123,521.0,14.47222,4974.0,138.16667,2.0
1758088298.72307,33786.0,185.59488,35103.0,192.82948,430.0,11.94444,5278.0,146.61111,2.0
1758088298.72923,33765.0,185.47952,35383.0,194.36758,423.0,11.75,5673.0,157.58333,2.0
1758088298.73167,33743.0,185.35867,35682.0,196.01006,411.0,11.41667,6039.0,167.75,2.0
1758088298.73661,33722.0,185.24332,35992.0,197.71298,402.0,11.16667,6215.0,172.63889,2.0
1758088298.73848,33700.0,185.12247,36311.0,199.46533,460.0,12.77778,6311.0,175.30556,2.0
1758088298.74203,33673.0,184.97415,36628.0,201.20668,580.0,16.11111,6188.0,171.88889,2.0
1758088298.79621,33643.0,184.80933,36933.0,202.88211,571.0,15.86111,5884.0,163.44444,2.0
1758088298.79663,33616.0,184.66101,37223.0,204.47516,483.0,13.41667,5592.0,155.33333,2.0
1758088298.80182,33591.0,184.52368,37497.0,205.9803,507.0,14.08333,5256.0,146.0,2.0
1758088298.83054,33563.0,184.36987,37750.0,207.3701,616.0,17.11111,4852.0,134.77777,2.0
1758088298.83181,33525.0,184.16113,37985.0,208.66101,834.0,23.16667,4505.0,125.13889,2.0
1758088298.83634,33480.0,183.91394,38200.0,209.84207,897.0,24.91667,4073.0,113.13889,2.0
1758088298.83803,33430.0,183.63928,38393.0,210.90227,1105.0,30.69444,3634.0,100.94444,2.0
1758088298.84299,33369.0,183.30418,38563.0,211.83612,1290.0,35.83333,3147.0,87.41666,2.0
1758088298.85138,33301.0,182.93065,38711.0,212.64911,1410.0,39.16667,2731.0,75.86111,2.0
1758088298.85588,33228.0,182.52965,38834.0,213.3248,1403.0,38.97222,2175.0,60.41667,2.0
1758088298.85723,33158.0,182.14513,38928.0,213.84116,1370.0,38.05556,1611.0,44.75,2.0
1758088298.85767,33087.0,181.75508,38992.0,214.19272,1414.0,39.27778,1042.0,28.94444,2.0
1758088298.86755,33012.0,181.34309,39034.0,214.42343,1544.0,42.88889,663.0,18.41667,2.0
1758088298.86975,32930.0,180.89265,39057.0,214.54979,1662.0,46.16667,272.0,7.55556,2.0
1758088298.8765,32840.0,180.39825,39058.0,214.55528,1869.0,51.91667,-76.0,-2.11111,2.0
1758088298.92596,32741.0,179.85443,39056.0,214.5443,2035.0,56.52778,-9.0,-0.25,2.0
1758088298.93562,32636.0,179.27763,39056.0,214.5443,2109.0,58.58333,-12.0,-0.33333,2.0
1758088298.9365,32527.0,178.67888,39054.0,214.53331,2180.0,60.55556,-45.0,-1.25,2.0
1758088298.93739,32416.0,178.06912,39051.0,214.51683,2159.0,59.97222,-85.0,-2.36111,2.0
1758088298.9408,32306.0,177.46486,39045.0,214.48387,2170.0,60.27778,-113.0,-3.13889,2.0
1758088298.94163,32196.0,176.86061,39041.0,214.4619,2142.0,59.5,-41.0,-1.13889,2.0
1758088298.94593,32089.0,176.27283,39041.0,214.4619,2128.0,59.11111,0.0,0.0,2.0
1758088298.94665,31984.0,175.69604,39041.0,214.4619,2054.0,57.05556,0.0,0.0,2.0
1758088298.95096,31881.0,175.13023,39041.0,214.4619,1971.0,54.75,0.0,0.0,2.0
1758088298.95155,31782.0,174.5864,39041.0,214.4619,1933.0,53.69444,0.0,0.0,2.0
1758088298.95674,31680.0,174.02609,39041.0,214.4619,2027.0,56.30556,7.0,0.19444,2.0
1758088299.00193,31577.0,173.4603,39041.0,214.4619,2106.0,58.5,9.0,0.25,2.0
1758088299.00321,31466.0,172.85054,39042.0,214.46739,2304.0,64.0,21.0,0.58333,2.0
1758088299.00623,31344.0,172.18036,39043.0,214.47289,2494.0,69.27778,26.0,0.72222,2.0
1758088299.00816,31210.0,171.44427,39045.0,214.48387,2765.0,76.80556,29.0,0.80556,2.0
1758088299.0163,31068.0,170.66423,39045.0,214.48387,2830.0,78.61111,0.0,0.0,2.0
1758088299.01669,30928.0,169.89517,39044.0,214.47838,2728.0,75.77778,-6.0,-0.16667,2.0
1758088299.03603,30798.0,169.18105,39042.0,214.46739,2467.0,68.52778,-47.0,-1.30556,2.0
1758088299.03677,30684.0,168.55482,39037.0,214.43991,2089.0,58.02778,-154.0,-4.27778,2.0
1758088299.05597,30591.0,168.04395,39023.0,214.36301,1602.0,44.5,-432.0,-12.0,2.0
1758088299.0568,30522.0,167.6649,38991.0,214.18723,1158.0,32.16667,-771.0,-21.41667,2.0
1758088299.09647,30480.0,167.43419,38939.0,213.90158,575.0,15.97222,-1255.0,-34.86111,2.0
1758088299.09733,30467.0,167.36278,38855.0,213.44016,14.0,0.38889,-1938.0,-53.83333,2.0
1758088299.16619,30476.0,167.41222,38737.0,212.79193,-288.0,-8.0,-2670.0,-74.16666,2.0
1758088299.16964,30495.0,167.51659,38580.0,211.9295,-472.0,-13.11111,-3420.0,-95.0,2.0
1758088299.22385,30526.0,167.68687,38389.0,210.88029,-697.0,-19.36111,-4020.0,-111.66666,2.0
1758088299.22631,30566.0,167.90662,38178.0,209.72122,-814.0,-22.61111,-4233.0,-117.58334,2.0
1758088299.22701,30605.0,168.12085,37963.0,208.54016,-742.0,-20.61111,-4261.0,-118.36111,2.0
1758088299.22843,30647.0,168.35156,37751.0,207.3756,-917.0,-25.47222,-4165.0,-115.69444,2.0
1758088299.23126,30701.0,168.64821,37537.0,206.20006,-1170.0,-32.5,-4341.0,-120.58334,2.0
1758088299.23616,30768.0,169.01625,37309.0,204.94759,-1481.0,-41.13889,-4670.0,-129.72223,2.0
1758088299.2379,30855.0,169.49416,37065.0,203.60724,-1868.0,-51.88889,-4984.0,-138.44444,2.0
1758088299.23854,30964.0,170.09293,36806.0,202.18448,-2390.0,-66.38889,-5251.0,-145.86111,2.0
1758088299.24059,31102.0,170.851,36530.0,200.66835,-2997.0,-83.25,-5657.0,-157.13889,2.0
1758088299.24123,31273.0,171.79034,36228.0,199.0094,-3696.0,-102.66666,-6197.0,-172.13889,2.0
1758088299.24203,31482.0,172.93843,35898.0,197.19661,-4476.0,-124.33334,-6671.0,-185.30556,2.0
1758088299.24389,31728.0,174.28976,35551.0,195.29045,-5210.0,-144.72223,-7031.0,-195.30556,2.0
1758088299.24547,32014.0,175.86084,35198.0,193.35133,-5978.0,-166.05556,-6810.0,-189.16667,2.0
1758088299.24659,32339.0,177.64615,34875.0,191.57701,-6663.0,-185.08333,-6096.0,-169.33333,2.0
1758088299.24834,32675.0,179.49187,34579.0,189.95102,-6547.0,-181.86111,-5619.0,-156.08333,2.0
1758088299.27115,32999.0,181.27168,34313.0,188.48981,-6267.0,-174.08333,-4832.0,-134.22223,2.0
1758088299.32229,33311.0,182.98558,34100.0,187.31975,-5983.0,-166.19444,-3758.0,-104.38889,2.0
1758088299.3238,33602.0,184.58411,33941.0,186.44633,-5597.0,-155.47223,-2720.0,-75.55556,2.0
1758088299.32612,33883.0,186.12772,33828.0,185.82559,-5503.0,-152.86111,-1911.0,-53.08333,2.0
1758088299.3344,34164.0,187.67131,33751.0,185.40262,-5579.0,-154.97223,-1295.0,-35.97222,2.0
1758088299.3371,34448.0,189.23141,33692.0,185.07852,-5678.0,-157.72223,-1068.0,-29.66667,2.0
1758088299.34109,34742.0,190.84642,33643.0,184.80933,-5930.0,-164.72223,-904.0,-25.11111,2.0
1758088299.34165,35055.0,192.56581,33594.0,184.54016,-6355.0,-176.52777,-1043.0,-28.97222,2.0
1758088299.34555,35384.0,194.37308,33537.0,184.22705,-6616.0,-183.77777,-1159.0,-32.19444,2.0
1758088299.39783,35727.0,196.25728,33476.0,183.89197,-6919.0,-192.19444,-1262.0,-35.05556,2.0
1758088299.40409,36084.0,198.21835,33408.0,183.51843,-7059.0,-196.08333,-1367.0,-37.97222,2.0
1758088299.40599,36437.0,200.15747,33340.0,183.14488,-6939.0,-192.75,-1323.0,-36.75,2.0
1758088299.40983,36785.0,202.06912,33273.0,182.77684,-6809.0,-189.13889,-1274.0,-35.38889,2.0
1758088299.41019,37122.0,203.92035,33214.0,182.45274,-6501.0,-180.58333,-1153.0,-32.02778,2.0
1758088299.41217,37441.0,205.67268,33157.0,182.13963,-6152.0,-170.88889,-1044.0,-29.0,2.0
1758088299.42161,37743.0,207.33165,33109.0,181.87593,-5795.0,-160.97223,-864.0,-24.0,2.0
1758088299.42676,38023.0,208.86978,33065.0,181.63423,-5332.0,-148.11111,-901.0,-25.02778,2.0
1758088299.43174,38280.0,210.28154,33020.0,181.38704,-4900.0,-136.11111,-842.0,-23.38889,2.0
1758088299.43554,38516.0,211.57793,32980.0,181.16731,-4524.0,-125.66666,-810.0,-22.5,2.0
1758088299.45402,38733.0,212.76996,32937.0,180.93111,-4112.0,-114.22222,-897.0,-24.91667,2.0
1758088299.45674,38922.0,213.8082,32892.0,180.6839,-3449.0,-95.80556,-817.0,-22.69444,2.0
1758088299.49602,39078.0,214.66515,32855.0,180.48065,-2805.0,-77.91666,-696.0,-19.33333,2.0
1758088299.49808,39203.0,215.35179,32816.0,180.26642,-2219.0,-61.63889,-823.0,-22.86111,2.0
1758088299.50159,39297.0,215.86818,32770.0,180.01373,-1573.0,-43.69444,-943.0,-26.19444,2.0
1758088299.50231,39360.0,216.21425,32721.0,179.74457,-1025.0,-28.47222,-998.0,-27.72222,2.0
1758088299.50846,39393.0,216.39552,32664.0,179.43144,-348.0,-9.66667,-1241.0,-34.47222,2.0
1758088299.65903,39396.0,216.412,32598.0,179.06889,103.0,2.86111,-1376.0,-38.22222,2.0
1758088299.66312,39385.0,216.35158,32521.0,178.64592,321.0,8.91667,-1633.0,-45.36111,2.0
1758088299.66416,39364.0,216.23622,32436.0,178.17899,469.0,13.02778,-1750.0,-48.61111,2.0
1758088299.66738,39338.0,216.0934,32343.0,177.66812,551.0,15.30556,-1869.0,-51.91667,2.0
1758088299.66962,39308.0,215.9286,32243.0,177.11879,653.0,18.13889,-2017.0,-56.02778,2.0
1758088299.67038,39268.0,215.70885,32140.0,176.55298,941.0,26.13889,-2106.0,-58.5,2.0
1758088299.67178,39216.0,215.4232,32032.0,175.95972,1077.0,29.91667,-2148.0,-59.66667,2.0
1758088299.67557,39159.0,215.11009,31921.0,175.34996,1166.0,32.38889,-2210.0,-61.38889,2.0
1758088299.67684,39095.0,214.75853,31807.0,174.72372,1270.0,35.27778,-2248.0,-62.44444,2.0
1758088299.67718,39033.0,214.41794,31690.0,174.08102,1198.0,33.27778,-2313.0,-64.25,2.0
1758088299.67923,38972.0,214.08286,31570.0,173.42184,1154.0,32.05556,-2396.0,-66.55556,2.0
1758088299.68146,38921.0,213.8027,31448.0,172.75166,912.0,25.33333,-2420.0,-67.22222,2.0
1758088299.68346,38881.0,213.58298,31324.0,172.0705,707.0,19.63889,-2451.0,-68.08334,2.0
1758088299.68413,38853.0,213.42917,31200.0,171.38934,435.0,12.08333,-2490.0,-69.16666,2.0
1758088299.68489,38839.0,213.35226,31073.0,170.6917,156.0,4.33333,-2508.0,-69.66666,2.0
1758088299.68945,38837.0,213.34128,30952.0,170.02701,-12.0,-0.33333,-2337.0,-64.91666,2.0
1758088299.69151,38837.0,213.34128,30846.0,169.44472,12.0,0.33333,-1945.0,-54.02778,2.0
1758088299.69676,38833.0,213.31931,30765.0,168.99977,132.0,3.66667,-1346.0,-37.38889,2.0
1758088299.69864,38815.0,213.22043,30712.0,168.70863,524.0,14.55556,-817.0,-22.69444,2.0
1758088299.74632,38777.0,213.01166,30691.0,168.59328,989.0,27.47222,-71.0,-1.97222,2.0
1758088299.74793,38704.0,212.61066,30701.0,168.64821,1748.0,48.55556,329.0,9.13889,2.0
1758088299.75563,38595.0,212.0119,30722.0,168.76357,2500.0,69.44444,494.0,13.72222,2.0
1758088299.7561,38448.0,211.20439,30752.0,168.92836,3180.0,88.33334,668.0,18.55556,2.0
1758088299.75732,38275.0,210.25407,30790.0,169.1371,3541.0,98.36111,829.0,23.02778,2.0
1758088299.76077,38095.0,209.26529,30833.0,169.37331,3592.0,99.77778,868.0,24.11111,2.0
1758088299.76138,37915.0,208.27649,30875.0,169.60402,3512.0,97.55556,748.0,20.77778,2.0
1758088299.77682,37735.0,207.2877,30908.0,169.78529,3618.0,100.5,611.0,16.97222,2.0
1758088299.7964,37546.0,206.2495,30939.0,169.9556,3857.0,107.13889,651.0,18.08333,2.0
1758088299.79678,37345.0,205.14534,30977.0,170.16434,4087.0,113.52778,858.0,23.83333,2.0
1758088299.81714,37132.0,203.97528,31030.0,170.45547,4349.0,120.80556,1203.0,33.41667,2.0
1758088299.82183,36902.0,202.71182,31107.0,170.87846,4714.0,130.94444,1794.0,49.83333,2.0
1758088299.86705,36654.0,201.3495,31214.0,171.46625,5077.0,141.02777,2386.0,66.27778,2.0
1758088299.88577,36387.0,199.88281,31353.0,172.2298,5448.0,151.33333,3024.0,84.0,2.0
1758088299.88599,36101.0,198.31174,31525.0,173.17464,5839.0,162.19444,3680.0,102.22222,2.0
1758088299.88612,35791.0,196.60884,31731.0,174.30624,6294.0,174.83333,4327.0,120.19444,2.0
1758088299.88953,35472.0,194.85649,31970.0,175.61914,6225.0,172.91667,4983.0,138.41667,2.0
1758088299.89036,35167.0,193.18105,32241.0,177.1078,5885.0,163.47223,5589.0,155.25,2.0
1758088300.02124,34881.0,191.60997,32545.0,178.77776,5403.0,150.08333,6360.0,176.66667,2.0
1758088300.02168,34624.0,190.19821,32885.0,180.64545,4870.0,135.27777,6959.0,193.30556,2.0
1758088300.03023,34391.0,188.91827,33252.0,182.66148,4436.0,123.22222,7478.0,207.72223,2.0
1758088300.26304,34180.0,187.75922,33638.0,184.78186,3941.0,109.47222,7629.0,211.91667,2.0
1758088300.28682,34004.0,186.7924,34014.0,186.84734,3081.0,85.58334,7204.0,200.11111,2.0
1758088300.28854,33878.0,186.10025,34371.0,188.80841,2038.0,56.61111,6815.0,189.30556,2.0
1758088300.29061,33806.0,185.70474,34702.0,190.62669,981.0,27.25,6320.0,175.55556,2.0
1758088300.291,33782.0,185.57291,35010.0,192.31862,158.0,4.38889,5943.0,165.08333,2.0
1758088300.29166,33785.0,185.58939,35306.0,193.94461,-129.0,-3.58333,5804.0,161.22223,2.0
1758088300.30085,33789.0,185.61136,35597.0,195.54314,-15.0,-0.41667,5725.0,159.02777,2.0
1758088300.30148,33787.0,185.60037,35888.0,197.14168,67.0,1.86111,5799.0,161.08333,2.0
1758088300.30601,33781.0,185.56741,36188.0,198.78964,161.0,4.47222,6051.0,168.08333,2.0
1758088300.30644,33769.0,185.5015,36499.0,200.49806,296.0,8.22222,6152.0,170.88889,2.0
1758088300.30925,33749.0,185.39163,36810.0,202.20645,439.0,12.19444,6158.0,171.05556,2.0
1758088300.31199,33723.0,185.24881,37124.0,203.93134,567.0,15.75,6221.0,172.80556,2.0
1758088300.32072,33689.0,185.06204,37434.0,205.63423,765.0,21.25,6020.0,167.22223,2.0
1758088300.32214,33645.0,184.82031,37730.0,207.26024,929.0,25.80556,5711.0,158.63889,2.0
1758088300.33716,33598.0,184.56213,38009.0,208.79285,909.0,25.25,5381.0,149.47223,2.0
1758088300.44148,33553.0,184.31494,38266.0,210.20462,905.0,25.13889,4854.0,134.83333,2.0
1758088300.44564,33505.0,184.05127,38492.0,211.44609,932.0,25.88889,4203.0,116.75,2.0
1758088300.44625,33466.0,183.83704,38683.0,212.4953,661.0,18.36111,3511.0,97.52778,2.0
1758088300.45081,33436.0,183.67224,38841.0,213.36325,575.0,15.97222,2846.0,79.05556,2.0
1758088300.45129,33407.0,183.51292,38969.0,214.06638,587.0,16.30556,2251.0,62.52778,2.0
1758088300.45606,33375.0,183.33714,39070.0,214.6212,694.0,19.27778,1798.0,49.94444,2.0
1758088300.45718,33338.0,183.1339,39148.0,215.04967,757.0,21.02778,1381.0,38.36111,2.0
1758088300.45791,33292.0,182.88121,39206.0,215.36827,1025.0,28.47222,963.0,26.75,2.0
1758088300.46141,33233.0,182.55711,39242.0,215.56602,1267.0,35.19444,541.0,15.02778,2.0
1758088300.46629,33164.0,182.17809,39260.0,215.6649,1455.0,40.41667,199.0,5.52778,2.0
1758088300.47127,33083.0,181.73311,39264.0,215.68687,1668.0,46.33333,-16.0,-0.44444,2.0
1758088300.472,32993.0,181.23872,39263.0,215.68138,1867.0,51.86111,0.0,0.0,2.0
1758088300.47548,32896.0,180.70589,39263.0,215.68138,1975.0,54.86111,-9.0,-0.25,2.0
1758088300.47616,32795.0,180.15106,39263.0,215.68138,1996.0,55.44444,-9.0,-0.25,2.0
1758088300.48131,32694.0,179.59624,39262.0,215.67589,1973.0,54.80556,-20.0,-0.55556,2.0
1758088300.48594,32594.0,179.04692,39261.0,215.67039,1965.0,54.58333,-26.0,-0.72222,2.0
1758088300.48742,32497.0,178.51408,39259.0,215.65941,1911.0,53.08333,-40.0,-1.11111,2.0
1758088300.49049,32401.0,177.98672,39256.0,215.64293,1896.0,52.66667,-65.0,-1.80556,2.0
1758088300.49141,32302.0,177.44289,39253.0,215.62645,1969.0,54.69444,-48.0,-1.33333,2.0
1758088300.4955,32199.0,176.87709,39252.0,215.62096,2106.0,58.5,0.0,0.0,2.0
1758088300.49592,32086.0,176.25635,39252.0,215.62096,2336.0,64.88889,0.0,0.0,2.0
1758088300.49715,31963.0,175.58069,39252.0,215.62096,2547.0,70.75,0.0,0.0,2.0
1758088300.502,31825.0,174.82262,39252.0,215.62096,2807.0,77.97222,0.0,0.0,2.0
1758088300.508,31681.0,174.03159,39252.0,215.62096,2891.0,80.30556,0.0,0.0,2.0
1758088300.51691,31538.0,173.24605,39250.0,215.60997,2797.0,77.69444,-61.0,-1.69444,2.0
1758088300.53054,31404.0,172.50995,39242.0,215.56602,2548.0,70.77778,-228.0,-6.33333,2.0
1758088300.531,31285.0,171.85626,39222.0,215.45616,2170.0,60.27778,-534.0,-14.83333,2.0
1758088300.53711,31188.0,171.32343,39179.0,215.21996,1752.0,48.66667,-1079.0,-29.97222,2.0
1758088300.53949,31114.0,170.91692,39107.0,214.82445,1241.0,34.47222,-1628.0,-45.22222,2.0
1758088300.54599,31060.0,170.62029,39008.0,214.28061,907.0,25.19444,-2203.0,-61.19444,2.0
1758088300.54657,31025.0,170.42801,38881.0,213.58298,554.0,15.38889,-2781.0,-77.25,2.0
1758088300.55184,31007.0,170.32913,38726.0,212.73151,230.0,6.38889,-3245.0,-90.13889,2.0
1758088300.55735,31001.0,170.29617,38552.0,211.7757,9.0,0.25,-3536.0,-98.22222,2.0
1758088300.56328,31003.0,170.30716,38370.0,210.77592,-46.0,-1.27778,-3593.0,-99.80556,2.0
1758088300.56422,31007.0,170.32913,38190.0,209.78714,-77.0,-2.13889,-3530.0,-98.05556,2.0
1758088300.56623,31012.0,170.3566,38017.0,208.83682,-151.0,-4.19444,-3408.0,-94.66666,2.0
1758088300.62822,31025.0,170.42801,37841.0,207.87,-371.0,-10.30556,-3531.0,-98.08334,2.0
1758088300.63071,31055.0,170.59282,37656.0,206.85374,-713.0,-19.80556,-3752.0,-104.22222,2.0
1758088300.65673,31102.0,170.851,37456.0,205.75508,-1090.0,-30.27778,-4140.0,-115.0,2.0
1758088300.66222,31171.0,171.23004,37236.0,204.54657,-1637.0,-45.47222,-4520.0,-125.55556,2.0
1758088300.71209,31272.0,171.78485,36995.0,203.22272,-2267.0,-62.97222,-4938.0,-137.16667,2.0
1758088300.71769,31409.0,172.53741,36736.0,201.79996,-3062.0,-85.05556,-5294.0,-147.05556,2.0
1758088300.72349,31587.0,173.51523,36452.0,200.23987,-3835.0,-106.52778,-5866.0,-162.94444,2.0
1758088300.72653,31803.0,174.70175,36135.0,198.4985,-4587.0,-127.41666,-6512.0,-180.88889,2.0
1758088300.78166,32063.0,176.13,35797.0,196.6418,-5488.0,-152.44444,-6852.0,-190.33333,2.0
1758088300.78964,32368.0,177.80545,35433.0,194.64224,-6386.0,-177.38889,-7361.0,-204.47223,2.0
1758088300.79751,32709.0,179.67865,35071.0,192.6537,-7055.0,-195.97223,-6894.0,-191.5,2.0
1758088300.79859,33081.0,181.72212,34739.0,190.82994,-7518.0,-208.83333,-6322.0,-175.61111,2.0
1758088300.80541,33453.0,183.76562,34439.0,189.18198,-7123.0,-197.86111,-5546.0,-154.05556,2.0
1758088300.80641,33796.0,185.64981,34189.0,187.80865,-6535.0,-181.52777,-4412.0,-122.55556,2.0
1758088300.80678,34111.0,187.38017,34003.0,186.78691,-5964.0,-165.66667,-3090.0,-85.83334,2.0
1758088300.81694,34396.0,188.94574,33879.0,186.10574,-5346.0,-148.5,-1958.0,-54.38889,2.0
1758088300.81824,34652.0,190.35202,33804.0,185.69376,-4900.0,-136.11111,-1145.0,-31.80556,2.0
1758088300.82091,34896.0,191.69237,33763.0,185.46854,-4838.0,-134.38889,-611.0,-16.97222,2.0
1758088300.82173,35146.0,193.06569,33733.0,185.30374,-5063.0,-140.63889,-611.0,-16.97222,2.0
1758088300.82361,35411.0,194.52139,33697.0,185.10599,-5405.0,-150.13889,-801.0,-22.25,2.0
1758088300.82602,35704.0,196.13091,33649.0,184.84229,-5943.0,-165.08333,-1031.0,-28.63889,2.0
1758088300.83107,36021.0,197.87228,33589.0,184.5127,-6459.0,-179.41667,-1349.0,-37.47222,2.0
1758088300.83669,36351.0,199.68506,33515.0,184.1062,-6528.0,-181.33333,-1512.0,-42.0,2.0
1758088300.84168,36686.0,201.52528,33435.0,183.66675,-6693.0,-185.91667,-1634.0,-45.38889,2.0
1758088301.03102,37020.0,203.36005,33356.0,183.23277,-6471.0,-179.75,-1496.0,-41.55556,2.0
1758088301.04018,37338.0,205.10689,33285.0,182.84276,-6151.0,-170.86111,-1308.0,-36.33333,2.0
1758088301.04621,37638.0,206.75487,33228.0,182.52965,-5755.0,-159.86111,-1002.0,-27.83333,2.0
1758088301.13812,37913.0,208.2655,33182.0,182.27696,-5149.0,-143.02777,-807.0,-22.41667,2.0
1758088301.14163,38157.0,209.60587,33148.0,182.09016,-4566.0,-126.83334,-547.0,-15.19444,2.0
1758088301.14846,38375.0,210.80339,33126.0,181.96931,-4053.0,-112.58334,-349.0,-9.69444,2.0
1758088301.45793,38568.0,211.86359,33115.0,181.90889,-3602.0,-100.05556,-209.0,-5.80556,2.0
1758088301.46198,38738.0,212.79742,33101.0,181.83199,-3182.0,-88.38889,-294.0,-8.16667,2.0
1758088301.50024,38881.0,213.58298,33085.0,181.74409,-2549.0,-70.80556,-321.0,-8.91667,2.0
1758088301.50185,38993.0,214.19821,33068.0,181.65071,-1967.0,-54.63889,-391.0,-10.86111,2.0
1758088301.50908,39073.0,214.63768,33046.0,181.52986,-1297.0,-36.02778,-447.0,-12.41667,2.0
1758088301.50983,39122.0,214.90685,33023.0,181.40352,-758.0,-21.05556,-476.0,-13.22222,2.0
1758088301.51161,39140.0,215.00572,32999.0,181.27168,-101.0,-2.80556,-543.0,-15.08333,2.0
1758088301.51548,39137.0,214.98924,32966.0,181.09041,106.0,2.94444,-741.0,-20.58333,2.0
1758088301.51695,39129.0,214.9453,32918.0,180.82674,199.0,5.52778,-1070.0,-29.72222,2.0
1758088301.52132,39115.0,214.86839,32859.0,180.50262,297.0,8.25,-1222.0,-33.94444,2.0
1758088301.52416,39101.0,214.79149,32790.0,180.1236,284.0,7.88889,-1473.0,-40.91667,2.0
1758088301.52473,39087.0,214.71458,32712.0,179.69513,296.0,8.22222,-1581.0,-43.91667,2.0
1758088301.52706,39066.0,214.59923,32628.0,179.23369,453.0,12.58333,-1679.0,-46.63889,2.0
1758088301.5282,39038.0,214.4454,32542.0,178.76128,630.0,17.5,-1747.0,-48.52778,2.0
1758088301.52896,39000.0,214.23666,32453.0,178.27238,844.0,23.44444,-1758.0,-48.83333,2.0
1758088301.53006,38954.0,213.98398,32361.0,177.767,909.0,25.25,-1842.0,-51.16667,2.0
1758088301.53204,38908.0,213.73129,32264.0,177.23415,879.0,24.41667,-1985.0,-55.13889,2.0
1758088301.53752,38863.0,213.4841,32160.0,176.66284,849.0,23.58333,-2129.0,-59.13889,2.0
1758088301.54197,38825.0,213.27536,32046.0,176.03662,632.0,17.55556,-2341.0,-65.02778,2.0
1758088301.54285,38802.0,213.14902,31920.0,175.34447,301.0,8.36111,-2586.0,-71.83334,2.0
1758088301.54493,38794.0,213.10507,31783.0,174.59189,9.0,0.25,-2780.0,-77.22222,2.0
1758088301.5519,38798.0,213.12704,31639.0,173.80087,-65.0,-1.80556,-2913.0,-80.91666,2.0
1758088301.55563,38799.0,213.13254,31489.0,172.97688,-7.0,-0.19444,-2927.0,-81.30556,2.0
1758088301.55663,38798.0,213.12704,31345.0,172.18585,36.0,1.0,-2771.0,-76.97222,2.0
1758088301.56314,38794.0,213.10507,31214.0,171.46625,100.0,2.77778,-2451.0,-68.08334,2.0
1758088301.56646,38784.0,213.05014,31101.0,170.8455,293.0,8.13889,-2073.0,-57.58333,2.0
1758088301.6912,38757.0,212.90179,31011.0,170.3511,723.0,20.08333,-1585.0,-44.02778,2.0
1758088301.98102,38706.0,212.62164,30944.0,169.98306,1186.0,32.94444,-1127.0,-31.30556,2.0
1758088301.98537,38632.0,212.21515,30903.0,169.75783,1674.0,46.5,-569.0,-15.80556,2.0
1758088301.9861,38530.0,211.65485,30889.0,169.68092,2219.0,61.63889,-95.0,-2.63889,2.0
1758088301.98832,38406.0,210.97368,30890.0,169.68642,2562.0,71.16666,44.0,1.22222,2.0
1758088301.99072,38271.0,210.23209,30891.0,169.69191,2707.0,75.19444,0.0,0.0,2.0
1758088301.99572,38135.0,209.48502,30890.0,169.68642,2640.0,73.33334,-11.0,-0.30556,2.0
1758088301.99612,38004.0,208.76538,30890.0,169.68642,2605.0,72.36111,0.0,0.0,2.0
1758088301.99916,37868.0,208.01831,30891.0,169.69191,2771.0,76.97222,10.0,0.27778,2.0
1758088302.00149,37717.0,207.18883,30893.0,169.7029,3116.0,86.55556,97.0,2.69444,2.0
1758088302.00474,37547.0,206.25499,30906.0,169.77431,3530.0,98.05556,361.0,10.02778,2.0
1758088302.00648,37358.0,205.21675,30937.0,169.94461,3935.0,109.30556,873.0,24.25,2.0
1758088302.00742,37146.0,204.05219,30998.0,170.27969,4414.0,122.61111,1466.0,40.72222,2.0
1758088302.00802,36908.0,202.74478,31090.0,170.78508,4951.0,137.52777,2101.0,58.36111,2.0
1758088302.01194,36645.0,201.30006,31214.0,171.46625,5420.0,150.55556,2706.0,75.16666,2.0
1758088302.0158,36359.0,199.729,31368.0,172.31219,5837.0,162.13889,3318.0,92.16666,2.0
1758088302.01671,36051.0,198.03708,31552.0,173.32297,6298.0,174.94444,3920.0,108.88889,2.0
1758088302.02081,35716.0,196.19685,31770.0,174.52048,6793.0,188.69444,4573.0,127.02778,2.0
1758088302.02729,35376.0,194.32913,32021.0,175.89929,6601.0,183.36111,5210.0,144.72223,2.0
1758088302.11179,35047.0,192.52187,32303.0,177.44838,6381.0,177.25,5884.0,163.44444,2.0
1758088302.18572,34740.0,190.83543,32620.0,179.18974,5809.0,161.36111,6581.0,182.80556,2.0
1758088302.19723,34461.0,189.30283,32971.0,181.11787,5285.0,146.80556,7132.0,198.11111,2.0
1758088302.20182,34207.0,187.90753,33335.0,183.11742,4765.0,132.36111,7174.0,199.27777,2.0
1758088302.20591,33988.0,186.70451,33693.0,185.08401,3890.0,108.05556,6959.0,193.30556,2.0
1758088302.2067,33824.0,185.80362,34030.0,186.93523,2681.0,74.47222,6397.0,177.69444,2.0
1758088302.21047,33721.0,185.23782,34345.0,188.66559,1508.0,41.88889,6140.0,170.55556,2.0
1758088302.21189,33674.0,184.97964,34648.0,190.33005,531.0,14.75,5902.0,163.94444,2.0
1758088302.21606,33666.0,184.9357,34942.0,191.94505,-50.0,-1.38889,5728.0,159.11111,2.0
1758088302.21667,33668.0,184.94669,35236.0,193.56009,0.0,0.0,5905.0,164.02777,2.0
1758088302.21879,33667.0,184.94119,35545.0,195.25749,1.0,0.02778,6186.0,171.83333,2.0
1758088302.22175,33666.0,184.9357,35864.0,197.00984,42.0,1.16667,6379.0,177.19444,2.0
1758088302.22619,33662.0,184.9137,36199.0,198.85007,128.0,3.55556,6805.0,189.02777,2.0
1758088302.22676,33653.0,184.86426,36548.0,200.76723,169.0,4.69444,6916.0,192.11111,2.0
1758088302.22793,33646.0,184.82581,36900.0,202.70084,98.0,2.72222,6957.0,193.25,2.0
1758088302.23024,33643.0,184.80933,37252.0,204.63448,30.0,0.83333,6938.0,192.72223,2.0
1758088302.231,33642.0,184.80383,37597.0,206.52965,13.0,0.36111,6712.0,186.44444,2.0
1758088302.23547,33641.0,184.79834,37927.0,208.34241,26.0,0.72222,6423.0,178.41667,2.0
1758088302.23772,33638.0,184.78186,38245.0,210.08926,57.0,1.58333,6132.0,170.33333,2.0
1758088302.29186,33635.0,184.76538,38539.0,211.70428,67.0,1.86111,5561.0,154.47223,2.0
1758088302.32202,33631.0,184.74341,38808.0,213.18198,71.0,1.97222,5132.0,142.55556,2.0
1758088302.32618,33626.0,184.71594,39055.0,214.5388,107.0,2.97222,4646.0,129.05556,2.0
1758088302.32792,33620.0,184.68298,39274.0,215.74181,160.0,4.44444,4033.0,112.02778,2.0
1758088302.3331,33611.0,184.63354,39458.0,216.75258,157.0,4.36111,3281.0,91.13889,2.0
1758088302.33588,33602.0,184.58411,39603.0,217.5491,196.0,5.44444,2571.0,71.41666,2.0
1758088302.33708,33589.0,184.5127,39714.0,218.15884,338.0,9.38889,1893.0,52.58333,2.0
1758088302.34024,33565.0,184.38086,39791.0,218.58182,583.0,16.19444,1246.0,34.61111,2.0
1758088302.34134,33525.0,184.16113,39836.0,218.82903,980.0,27.22222,576.0,16.0,2.0
1758088302.34236,33467.0,183.84253,39845.0,218.87846,1244.0,34.55556,-77.0,-2.13889,2.0
1758088302.34397,33394.0,183.44151,39838.0,218.84001,1613.0,44.80556,-177.0,-4.91667,2.0
1758088302.34617,33304.0,182.94713,39826.0,218.77409,1897.0,52.69444,-304.0,-8.44444,2.0
1758088302.34989,33199.0,182.37035,39806.0,218.66422,2137.0,59.36111,-447.0,-12.41667,2.0
1758088302.35609,33087.0,181.75508,39782.0,218.53238,2270.0,63.05556,-483.0,-13.41667,2.0
1758088302.40713,32968.0,181.10139,39755.0,218.38406,2393.0,66.47222,-573.0,-15.91667,2.0
1758088302.42781,32846.0,180.43121,39719.0,218.18631,2469.0,68.58334,-793.0,-22.02778,2.0
1758088302.43034,32718.0,179.72809,39672.0,217.92813,2563.0,71.19444,-1009.0,-28.02778,2.0
1758088302.43605,32583.0,178.9865,39619.0,217.63699,2752.0,76.44444,-1030.0,-28.61111,2.0
1758088302.43665,32437.0,178.18448,39565.0,217.34036,3018.0,83.83334,-1101.0,-30.58333,2.0
1758088302.44191,32275.0,177.29457,39514.0,217.0602,3359.0,93.30556,-937.0,-26.02778,2.0
1758088302.44249,32093.0,176.2948,39474.0,216.84047,3752.0,104.22222,-686.0,-19.05556,2.0
1758088302.44375,31895.0,175.20714,39443.0,216.67018,4052.0,112.55556,-576.0,-16.0,2.0
1758088302.44438,31683.0,174.04257,39419.0,216.53835,4293.0,119.25,-344.0,-9.55556,2.0
1758088302.45462,31464.0,172.83955,39409.0,216.48341,4393.0,122.02778,-90.0,-2.5,2.0
1758088302.46142,31242.0,171.62006,39409.0,216.48341,4329.0,120.25,8.0,0.22222,2.0
1758088302.46214,31033.0,170.47195,39406.0,216.46693,3921.0,108.91666,-109.0,-3.02778,2.0
1758088302.5415,30854.0,169.48866,39394.0,216.40102,3234.0,89.83334,-347.0,-9.63889,2.0
1758088302.54196,30712.0,168.70863,39364.0,216.23622,2434.0,67.61111,-775.0,-21.52778,2.0
1758088302.55174,30612.0,168.1593,39309.0,215.9341,1569.0,43.58333,-1392.0,-38.66667,2.0
1758088302.60303,30554.0,167.8407,39220.0,215.44518,857.0,23.80556,-2002.0,-55.61111,2.0
1758088302.85644,30531.0,167.71436,39097.0,214.76952,160.0,4.44444,-2719.0,-75.52778,2.0
1758088302.8569,30536.0,167.74182,38940.0,213.90707,-243.0,-6.75,-3352.0,-93.11111,2.0
1758088302.86308,30555.0,167.84619,38755.0,212.89081,-386.0,-10.72222,-3813.0,-105.91666,2.0
1758088302.86449,30573.0,167.94507,38559.0,211.81415,-298.0,-8.27778,-3889.0,-108.02778,2.0
1758088302.86677,30583.0,168.0,38366.0,210.75395,-120.0,-3.33333,-3692.0,-102.55556,2.0
1758088302.86766,30583.0,168.0,38189.0,209.78165,50.0,1.38889,-3391.0,-94.19444,2.0
1758088302.87531,30583.0,168.0,38023.0,208.86978,-31.0,-0.86111,-3256.0,-90.44444,2.0
1758088302.87669,30586.0,168.01648,37855.0,207.9469,-65.0,-1.80556,-3422.0,-95.05556,2.0
1758088302.88192,30596.0,168.07141,37673.0,206.94713,-380.0,-10.55556,-3715.0,-103.19444,2.0
1758088302.88287,30638.0,168.30212,37474.0,205.85396,-1198.0,-33.27778,-4148.0,-115.22222,2.0
1758088302.88327,30725.0,168.78004,37249.0,204.618,-2124.0,-59.0,-4685.0,-130.13889,2.0
1758088302.88681,30860.0,169.52162,36997.0,203.2337,-3051.0,-84.75,-5200.0,-144.44444,2.0
1758088302.88794,31040.0,170.51042,36723.0,201.72853,-3940.0,-109.44444,-5543.0,-153.97223,2.0
1758088302.8895,31263.0,171.73541,36428.0,200.10803,-4735.0,-131.52777,-6053.0,-168.13889,2.0
1758088302.89024,31523.0,173.16365,36104.0,198.32822,-5454.0,-151.5,-6639.0,-184.41667,2.0
1758088302.89624,31819.0,174.78966,35757.0,196.42207,-6133.0,-170.36111,-7056.0,-196.0,2.0
1758088302.89689,32156.0,176.64087,35388.0,194.39505,-7049.0,-195.80556,-7516.0,-208.77777,2.0
1758088302.97181,32533.0,178.71184,35009.0,192.31313,-7698.0,-213.83333,-7269.0,-201.91667,2.0
1758088303.00099,32940.0,180.94759,34663.0,190.41245,-8199.0,-227.75,-6509.0,-180.80556,2.0
1758088303.00655,33357.0,183.23827,34354.0,188.71503,-8055.0,-223.75,-5743.0,-159.52777,2.0
1758088303.00693,33740.0,185.34219,34098.0,187.30876,-7257.0,-201.58333,-4519.0,-125.52778,2.0
1758088303.0114,34085.0,187.23735,33909.0,186.27054,-6448.0,-179.11111,-3142.0,-87.27778,2.0
1758088303.01182,34389.0,188.90729,33787.0,185.60037,-5676.0,-157.66667,-1845.0,-51.25,2.0
1758088303.01658,34661.0,190.40146,33722.0,185.24332,-5215.0,-144.86111,-922.0,-25.61111,2.0
1758088303.01773,34920.0,191.8242,33689.0,185.06204,-5112.0,-142.0,-468.0,-13.0,2.0
1758088303.01922,35181.0,193.25795,33671.0,184.96317,-5219.0,-144.97223,-326.0,-9.05556,2.0
1758088303.02597,35457.0,194.77409,33655.0,184.87524,-5605.0,-155.69444,-373.0,-10.36111,2.0
1758088303.02664,35760.0,196.43855,33628.0,184.72693,-6315.0,-175.41667,-719.0,-19.97222,2.0
1758088303.03017,36095.0,198.27878,33576.0,184.44128,-6792.0,-188.66667,-1255.0,-34.86111,2.0
1758088303.03129,36447.0,200.2124,33504.0,184.04578,-7106.0,-197.38889,-1542.0,-42.83333,2.0
1758088303.03288,36814.0,202.22842,33418.0,183.57336,-7292.0,-202.55556,-1776.0,-49.33333,2.0
1758088303.03446,37180.0,204.23895,33329.0,183.08446,-7120.0,-197.77777,-1715.0,-47.63889,2.0
1758088303.03707,37533.0,206.17809,33247.0,182.63402,-6750.0,-187.5,-1495.0,-41.52778,2.0
1758088303.03851,37865.0,208.00183,33178.0,182.25499,-6304.0,-175.11111,-1254.0,-34.83333,2.0
1758088303.04136,38162.0,209.63333,33124.0,181.95833,-5546.0,-154.05556,-895.0,-24.86111,2.0
1758088303.04199,38425.0,211.07805,33089.0,181.76607,-4938.0,-137.16667,-610.0,-16.94444,2.0
1758088303.04482,38660.0,212.36896,33061.0,181.61226,-4365.0,-121.25,-558.0,-15.5,2.0
1758088303.04545,38861.0,213.47311,33041.0,181.5024,-3638.0,-101.05556,-258.0,-7.16667,2.0
1758088303.04694,39025.0,214.37399,33034.0,181.46394,-2958.0,-82.16666,-87.0,-2.41667,2.0
1758088303.04814,39159.0,215.11009,33029.0,181.43648,-2424.0,-67.33334,-112.0,-3.11111,2.0
1758088303.04888,39269.0,215.71434,33020.0,181.38704,-1996.0,-55.44444,-205.0,-5.69444,2.0
1758088303.04999,39359.0,216.20876,33006.0,181.31013,-1655.0,-45.97222,-382.0,-10.61111,2.0
1758088303.05074,39431.0,216.60426,32976.0,181.14534,-1257.0,-34.91667,-757.0,-21.02778,2.0
1758088303.05608,39482.0,216.88441,32928.0,180.88167,-823.0,-22.86111,-1130.0,-31.38889,2.0
1758088303.05654,39512.0,217.04921,32864.0,180.53009,-366.0,-10.16667,-1344.0,-37.33333,2.0
1758088303.05931,39512.0,217.04921,32788.0,180.11261,228.0,6.33333,-1630.0,-45.27778,2.0
1758088303.06006,39494.0,216.95033,32700.0,179.6292,446.0,12.38889,-1813.0,-50.36111,2.0
1758088303.06196,39467.0,216.80202,32602.0,179.09087,641.0,17.80556,-1996.0,-55.44444,2.0
1758088303.06422,39426.0,216.5768,32495.0,178.5031,943.0,26.19444,-2188.0,-60.77778,2.0
1758088303.06622,39368.0,216.25819,32381.0,177.87686,1311.0,36.41667,-2318.0,-64.38889,2.0
1758088303.06776,39297.0,215.86818,32260.0,177.21217,1446.0,40.16667,-2465.0,-68.47222,2.0
1758088303.07865,39216.0,215.4232,32132.0,176.50903,1653.0,45.91667,-2629.0,-73.02778,2.0
1758088303.0814,39132.0,214.96178,31994.0,175.75098,1703.0,47.30556,-2829.0,-78.58334,2.0
1758088303.08581,39048.0,214.50035,31846.0,174.93797,1593.0,44.25,-3043.0,-84.52778,2.0
1758088303.08645,38972.0,214.08286,31688.0,174.07004,1463.0,40.63889,-3182.0,-88.38889,2.0
1758088303.08767,38907.0,213.7258,31523.0,173.16365,1165.0,32.36111,-3299.0,-91.63889,2.0
1758088303.0899,38854.0,213.43466,31353.0,172.2298,938.0,26.05556,-3395.0,-94.30556,2.0
1758088303.09069,38816.0,213.22592,31181.0,171.28497,624.0,17.33333,-3416.0,-94.88889,2.0
1758088303.13621,38792.0,213.09409,31013.0,170.36209,437.0,12.13889,-3213.0,-89.25,2.0
1758088303.14128,38768.0,212.96222,30862.0,169.53261,576.0,16.0,-2786.0,-77.38889,2.0
1758088303.16921,38729.0,212.74799,30738.0,168.85146,902.0,25.05556,-2173.0,-60.36111,2.0
1758088303.17191,38676.0,212.45685,30648.0,168.35706,1208.0,33.55556,-1436.0,-39.88889,2.0
1758088303.18221,38601.0,212.04486,30595.0,168.06592,1725.0,47.91667,-747.0,-20.75,2.0
1758088303.20333,38499.0,211.48454,30578.0,167.97253,2203.0,61.19444,-63.0,-1.75,2.0
1758088303.32172,38377.0,210.81438,30585.0,168.01099,2505.0,69.58334,249.0,6.91667,2.0
1758088303.32593,38244.0,210.08377,30601.0,168.09888,2586.0,71.83334,311.0,8.63889,2.0
1758088303.32766,38116.0,209.38065,30616.0,168.18127,2457.0,68.25,282.0,7.83333,2.0
1758088303.32821,37995.0,208.71594,30630.0,168.25818,2365.0,65.69444,258.0,7.16667,2.0
1758088303.33588,37872.0,208.04028,30640.0,168.31311,2506.0,69.61111,197.0,5.47222,2.0
1758088303.42658,37732.0,207.27122,30658.0,168.412,2969.0,82.47222,517.0,14.36111,2.0
1758088303.58148,37566.0,206.35936,30702.0,168.6537,3542.0,98.38889,1166.0,32.38889,2.0
1758088303.59019,37372.0,205.29366,30782.0,169.09315,4061.0,112.80556,1881.0,52.25,2.0
1758088303.59187,37153.0,204.09064,30899.0,169.73586,4535.0,125.97222,2628.0,73.0,2.0
1758088303.59681,36910.0,202.75577,31052.0,170.57634,5045.0,140.13889,3297.0,91.58334,2.0
1758088303.60107,36643.0,201.28908,31237.0,171.59259,5454.0,151.5,3895.0,108.19444,2.0
1758088303.60657,36356.0,199.71252,31450.0,172.76265,5818.0,161.61111,4461.0,123.91666,2.0
1758088303.63072,36053.0,198.04807,31694.0,174.103,6187.0,171.86111,5073.0,140.91667,2.0
1758088303.63563,35730.0,196.27376,31968.0,175.60815,6414.0,178.16667,5637.0,156.58333,2.0
1758088303.63602,35416.0,194.54886,32269.0,177.26161,6003.0,166.75,6182.0,171.72223,2.0
1758088303.63801,35123.0,192.93935,32603.0,179.09636,5596.0,155.44444,6891.0,191.41667,2.0
1758088303.63901,34851.0,191.44518,32967.0,181.0959,5182.0,143.94444,7430.0,206.38889,2.0
1758088303.64143,34603.0,190.08286,33351.0,183.20531,4693.0,130.36111,7661.0,212.80556,2.0
1758088303.64216,34384.0,188.87982,33737.0,185.32571,4026.0,111.83334,7481.0,207.80556,2.0
1758088303.64597,34208.0,187.91302,34097.0,187.30327,3027.0,84.08334,6875.0,190.97223,2.0
1758088303.64638,34086.0,187.24284,34430.0,189.13251,1886.0,52.38889,6386.0,177.38889,2.0
1758088303.64891,34020.0,186.88029,34741.0,190.84093,839.0,23.30556,5955.0,165.41667,2.0
1758088303.65461,34004.0,186.7924,35035.0,192.45595,-4.0,-0.11111,5719.0,158.86111,2.0
1758088303.65578,34008.0,186.81438,35323.0,194.03799,-42.0,-1.16667,5740.0,159.44444,2.0
1758088303.65648,34008.0,186.81438,35617.0,195.653,8.0,0.22222,5855.0,162.63889,2.0
1758088303.6573,34007.0,186.80888,35920.0,197.31746,31.0,0.86111,6108.0,169.66667,2.0
1758088303.65835,34004.0,186.7924,36239.0,199.06982,92.0,2.55556,6455.0,179.30556,2.0
1758088303.65949,33994.0,186.73747,36570.0,200.88808,272.0,7.55556,6577.0,182.69444,2.0
1758088303.66102,33976.0,186.6386,36904.0,202.72281,431.0,11.97222,6620.0,183.88889,2.0
1758088303.66184,33948.0,186.48479,37237.0,204.55206,604.0,16.77778,6534.0,181.5,2.0
1758088303.6653,33914.0,186.298,37561.0,206.33189,742.0,20.61111,6230.0,173.05556,2.0
1758088303.66593,33876.0,186.08926,37863.0,207.99084,708.0,19.66667,5761.0,160.02777,2.0
1758088303.66718,33842.0,185.9025,38146.0,209.54544,684.0,19.0,5305.0,147.36111,2.0
1758088303.66778,33804.0,185.69376,38397.0,210.92424,803.0,22.30556,4676.0,129.88889,2.0
1758088303.66982,33762.0,185.46304,38614.0,212.11627,848.0,23.55556,4026.0,111.83334,2.0
1758088303.67091,33718.0,185.22134,38802.0,213.14902,850.0,23.61111,3498.0,97.16666,2.0
1758088303.67128,33675.0,184.98514,38958.0,214.00595,850.0,23.61111,2731.0,75.86111,2.0
1758088303.67501,33633.0,184.75439,39075.0,214.64867,806.0,22.38889,2021.0,56.13889,2.0
1758088303.6763,33592.0,184.52917,39160.0,215.11559,829.0,23.02778,1409.0,39.13889,2.0
1758088303.67737,33545.0,184.271,39213.0,215.40672,1008.0,28.0,766.0,21.27778,2.0
1758088303.67815,33487.0,183.95239,39236.0,215.53307,1212.0,33.66667,238.0,6.61111,2.0
1758088303.68113,33420.0,183.58435,39238.0,215.54405,1450.0,40.27778,-23.0,-0.63889,2.0
1758088303.68164,33340.0,183.14488,39237.0,215.53856,1656.0,46.0,-4.0,-0.11111,2.0
1758088303.68593,33250.0,182.6505,39237.0,215.53856,1836.0,51.0,-15.0,-0.41667,2.0
1758088303.68651,33157.0,182.13963,39235.0,215.52757,1814.0,50.38889,-49.0,-1.36111,2.0
1758088303.68779,33066.0,181.63972,39231.0,215.5056,1756.0,48.77778,-102.0,-2.83333,2.0
1758088303.6884,32980.0,181.16731,39224.0,215.46715,1681.0,46.69444,-184.0,-5.11111,2.0
1758088303.69044,32899.0,180.72237,39209.0,215.38475,1586.0,44.05556,-400.0,-11.11111,2.0
1758088303.69108,32820.0,180.28839,39184.0,215.24742,1558.0,43.27778,-551.0,-15.30556,2.0
1758088303.69393,32739.0,179.84344,39153.0,215.07713,1663.0,46.19444,-604.0,-16.77778,2.0
1758088303.69457,32652.0,179.36552,39125.0,214.92332,1821.0,50.58333,-510.0,-14.16667,2.0
1758088303.69652,32550.0,178.80522,39108.0,214.82994,2156.0,59.88889,-201.0,-5.58333,2.0
1758088303.69799,32430.0,178.14603,39104.0,214.80797,2519.0,69.97222,0.0,0.0,2.0
1758088303.69877,32290.0,177.37697,39105.0,214.81346,2921.0,81.13889,0.0,0.0,2.0
1758088303.69989,32131.0,176.50354,39105.0,214.81346,3307.0,91.86111,0.0,0.0,2.0
1758088303.70145,31955.0,175.53674,39105.0,214.81346,3605.0,100.13889,0.0,0.0,2.0
1758088303.7043,31766.0,174.4985,39105.0,214.81346,3799.0,105.52778,0.0,0.0,2.0
1758088303.70496,31571.0,173.42734,39105.0,214.81346,3842.0,106.72222,0.0,0.0,2.0
1758088303.70602,31381.0,172.38361,39102.0,214.79698,3646.0,101.27778,-87.0,-2.41667,2.0
1758088303.70664,31208.0,171.43329,39092.0,214.74205,3256.0,90.44444,-288.0,-8.0,2.0
1758088303.7087,31059.0,170.61479,39065.0,214.59373,2676.0,74.33334,-730.0,-20.27778,2.0
1758088303.70928,30942.0,169.97208,39012.0,214.30258,2061.0,57.25,-1263.0,-35.08333,2.0
1758088303.71102,30856.0,169.49965,38936.0,213.8851,1447.0,40.19444,-1679.0,-46.63889,2.0
1758088303.7114,30796.0,169.17006,38836.0,213.33578,1021.0,28.36111,-2137.0,-59.36111,2.0
1758088303.71401,30759.0,168.96681,38714.0,212.66559,511.0,14.19444,-2612.0,-72.55556,2.0
1758088303.71472,30745.0,168.88991,38568.0,211.86359,102.0,2.83333,-3062.0,-85.05556,2.0
1758088303.71546,30748.0,168.90639,38400.0,210.94072,-110.0,-3.05556,-3424.0,-95.11111,2.0
1758088303.71656,30755.0,168.94484,38224.0,209.97391,-161.0,-4.47222,-3497.0,-97.13889,2.0
1758088303.71814,30765.0,168.99977,38050.0,209.0181,-230.0,-6.38889,-3379.0,-93.86111,2.0
1758088303.72082,30783.0,169.09865,37881.0,208.08972,-449.0,-12.47222,-3285.0,-91.25,2.0
1758088303.7216,30812.0,169.25795,37713.0,207.16685,-662.0,-18.38889,-3385.0,-94.02778,2.0
1758088303.72351,30854.0,169.48866,37537.0,206.20006,-963.0,-26.75,-3577.0,-99.36111,2.0
1758088303.72427,30915.0,169.82376,37348.0,205.16182,-1431.0,-39.75,-3868.0,-107.44444,2.0
1758088303.72619,31003.0,170.30716,37142.0,204.03021,-1982.0,-55.05556,-4198.0,-116.61111,2.0
1758088303.7292,31122.0,170.96086,36918.0,202.79971,-2621.0,-72.80556,-4571.0,-126.97222,2.0
1758088303.73438,31277.0,171.81232,36675.0,201.46486,-3359.0,-93.30556,-4967.0,-137.97223,2.0
1758088303.73689,31469.0,172.86702,36407.0,199.99268,-4160.0,-115.55556,-5566.0,-154.61111,2.0
1758088303.73944,31700.0,174.13596,36111.0,198.36667,-4906.0,-136.27777,-6043.0,-167.86111,2.0
1758088303.74006,31972.0,175.63013,35796.0,196.63631,-5730.0,-159.16667,-6314.0,-175.38889,2.0
1758088303.74132,32286.0,177.355,35471.0,194.851,-6544.0,-181.77777,-6457.0,-179.36111,2.0
1758088303.74234,32635.0,179.27214,35156.0,193.12062,-7058.0,-196.05556,-6031.0,-167.52777,2.0
1758088303.74271,32995.0,181.24971,34869.0,191.54405,-7111.0,-197.52777,-5346.0,-148.5,2.0
1758088303.74381,33347.0,183.18333,34621.0,190.18173,-6744.0,-187.33333,-4511.0,-125.30556,2.0
1758088303.74539,33670.0,184.95767,34421.0,189.08307,-6166.0,-171.27777,-3473.0,-96.47222,2.0
1758088303.74648,33972.0,186.61662,34274.0,188.27557,-5804.0,-161.22223,-2431.0,-67.52778,2.0
1758088303.74732,34254.0,188.16571,34176.0,187.73724,-5405.0,-150.13889,-1571.0,-43.63889,2.0
1758088303.74837,34520.0,189.62692,34114.0,187.39665,-5191.0,-144.19444,-1052.0,-29.22222,2.0
1758088303.74989,34785.0,191.08263,34068.0,187.14397,-5264.0,-146.22223,-786.0,-21.83333,2.0
1758088303.75103,35060.0,192.59328,34031.0,186.94072,-5575.0,-154.86111,-709.0,-19.69444,2.0
1758088303.75166,35350.0,194.18631,33990.0,186.7155,-5870.0,-163.05556,-917.0,-25.47222,2.0
1758088303.75605,35659.0,195.88371,33935.0,186.41338,-6286.0,-174.61111,-1181.0,-32.80556,2.0
1758088303.7567,35990.0,197.702,33871.0,186.0618,-6705.0,-186.25,-1350.0,-37.5,2.0
1758088303.76117,36330.0,199.5697,33796.0,185.64981,-6692.0,-185.88889,-1513.0,-42.02778,2.0
1758088303.76173,36672.0,201.44838,33719.0,185.22684,-6813.0,-189.25,-1541.0,-42.80556,2.0
1758088303.7656,37012.0,203.3161,33641.0,184.79834,-6593.0,-183.13889,-1445.0,-40.13889,2.0
1758088303.76606,37336.0,205.0959,33572.0,184.41931,-6268.0,-174.11111,-1321.0,-36.69444,2.0
1758088303.76683,37643.0,206.78233,33514.0,184.10071,-5928.0,-164.66667,-1025.0,-28.47222,2.0
1758088303.77188,37929.0,208.35339,33468.0,183.84802,-5398.0,-149.94444,-839.0,-23.30556,2.0
1758088303.77424,38189.0,209.78165,33429.0,183.63379,-4903.0,-136.19444,-740.0,-20.55556,2.0
1758088303.77695,38426.0,211.08354,33399.0,183.46898,-4512.0,-125.33334,-476.0,-13.22222,2.0
1758088303.77776,38646.0,212.29205,33378.0,183.35362,-4163.0,-115.63889,-376.0,-10.44444,2.0
1758088303.77959,38847.0,213.39621,33356.0,183.23277,-3805.0,-105.69444,-488.0,-13.55556,2.0
1758088303.78037,39025.0,214.37399,33331.0,183.09544,-3273.0,-90.91666,-491.0,-13.63889,2.0
1758088303.78148,39177.0,215.20897,33305.0,182.95262,-2746.0,-76.27778,-531.0,-14.75,2.0
1758088303.7821,39302.0,215.89565,33278.0,182.80431,-2234.0,-62.05556,-539.0,-14.97222,2.0
1758088303.78338,39401.0,216.43947,33254.0,182.67247,-1744.0,-48.44444,-491.0,-13.63889,2.0
1758088303.78396,39474.0,216.84047,33225.0,182.51317,-1213.0,-33.69444,-637.0,-17.69444,2.0
1758088303.78602,39522.0,217.10414,33184.0,182.28795,-703.0,-19.52778,-913.0,-25.36111,2.0
1758088303.78659,39539.0,217.19753,33132.0,182.00227,-45.0,-1.25,-1085.0,-30.13889,2.0
1758088303.78945,39529.0,217.14259,33072.0,181.67268,333.0,9.25,-1310.0,-36.38889,2.0
1758088303.79006,39507.0,217.02174,32997.0,181.2607,531.0,14.75,-1562.0,-43.38889,2.0
1758088303.79085,39479.0,216.86794,32910.0,180.78279,573.0,15.91667,-1879.0,-52.19444,2.0
1758088303.79197,39444.0,216.67567,32809.0,180.22797,793.0,22.02778,-2111.0,-58.63889,2.0
1758088303.79616,39397.0,216.4175,32695.0,179.60173,1045.0,29.02778,-2331.0,-64.75,2.0
1758088303.79695,39338.0,216.0934,32572.0,178.92607,1247.0,34.63889,-2502.0,-69.5,2.0
1758088303.80035,39271.0,215.72533,32440.0,178.20096,1421.0,39.47222,-2621.0,-72.80556,2.0
1758088303.80127,39195.0,215.30785,32305.0,177.45937,1535.0,42.63889,-2712.0,-75.33334,2.0
1758088303.80208,39116.0,214.87389,32165.0,176.69031,1609.0,44.69444,-2770.0,-76.94444,2.0
1758088303.80315,39038.0,214.4454,32021.0,175.89929,1496.0,41.55556,-2899.0,-80.52778,2.0
1758088303.80546,38965.0,214.0444,31872.0,175.0808,1398.0,38.83333,-3016.0,-83.77778,2.0
1758088303.80662,38902.0,213.69833,31717.0,174.22934,1141.0,31.69444,-3056.0,-84.88889,2.0
1758088303.80804,38850.0,213.41269,31561.0,173.37241,922.0,25.61111,-3083.0,-85.63889,2.0
1758088303.81039,38812.0,213.20395,31407.0,172.52643,628.0,17.44444,-3012.0,-83.66666,2.0
1758088303.81078,38786.0,213.06113,31260.0,171.71893,460.0,12.77778,-2772.0,-77.0,2.0
1758088303.81195,38757.0,212.90179,31129.0,170.99931,647.0,17.97222,-2420.0,-67.22222,2.0
1758088303.81523,38716.0,212.67657,31021.0,170.40604,880.0,24.44444,-1882.0,-52.27778,2.0
1758088303.8157,38662.0,212.37994,30941.0,169.96658,1230.0,34.16667,-1326.0,-36.83333,2.0
1758088303.81681,38588.0,211.97345,30894.0,169.70839,1708.0,47.44444,-642.0,-17.83333,2.0
1758088303.81846,38489.0,211.42961,30877.0,169.61501,2156.0,59.88889,-137.0,-3.80556,2.0
1758088303.82109,38369.0,210.77043,30879.0,169.62599,2496.0,69.33334,66.0,1.83333,2.0
1758088303.82187,38237.0,210.04532,30881.0,169.63698,2621.0,72.80556,0.0,0.0,2.0
1758088303.82616,38106.0,209.32571,30880.0,169.63148,2532.0,70.33334,-15.0,-0.41667,2.0
1758088303.82691,37980.0,208.63354,30880.0,169.63148,2430.0,67.5,-9.0,-0.25,2.0
1758088303.82799,37858.0,207.96338,30880.0,169.63148,2440.0,67.77778,0.0,0.0,2.0
1758088303.82944,37727.0,207.24376,30882.0,169.64247,2707.0,75.19444,70.0,1.94444,2.0
1758088303.83067,37577.0,206.41978,30896.0,169.71938,3174.0,88.16666,501.0,13.91667,2.0
1758088303.83129,37403.0,205.46394,30942.0,169.97208,3672.0,102.0,1231.0,34.19444,2.0
1758088303.8358,37198.0,204.33783,31025.0,170.42801,4214.0,117.05556,1983.0,55.08333,2.0
1758088303.83634,36967.0,203.06888,31148.0,171.10368,4802.0,133.38889,2783.0,77.30556,2.0
1758088303.84153,36708.0,201.64613,31309.0,171.9881,5308.0,147.44444,3462.0,96.16666,2.0
1758088303.86746,36428.0,200.10803,31504.0,173.05928,5698.0,158.27777,4101.0,113.91666,2.0
1758088303.87228,36128.0,198.46005,31730.0,174.30075,6093.0,169.25,4678.0,129.94444,2.0
1758088303.87648,35807.0,196.69673,31985.0,175.70154,6485.0,180.13889,5283.0,146.75,2.0
1758088303.8778,35481.0,194.90593,32270.0,177.26711,6310.0,175.27777,5882.0,163.38889,2.0
1758088303.8788,35174.0,193.2195,32588.0,179.01396,5886.0,163.5,6587.0,182.97223,2.0
1758088303.88079,34888.0,191.64842,32940.0,180.94759,5417.0,150.47223,7210.0,200.27777,2.0
1758088303.88146,34627.0,190.21469,33318.0,183.02403,4979.0,138.30556,7654.0,212.61111,2.0
1758088303.88232,34389.0,188.90729,33714.0,185.19937,4485.0,124.58334,7821.0,217.25,2.0
1758088303.88691,34185.0,187.78668,34094.0,187.28679,3664.0,101.77778,7253.0,201.47223,2.0
1758088303.88729,34032.0,186.94621,34445.0,189.21494,2532.0,70.33334,6668.0,185.22223,2.0
1758088303.89031,33938.0,186.42986,34767.0,190.98375,1358.0,37.72222,6138.0,170.5,2.0
1758088303.8907,33896.0,186.19913,35064.0,192.61525,431.0,11.97222,5730.0,159.16667,2.0
1758088303.89614,33893.0,186.18265,35348.0,194.17532,-107.0,-2.97222,5561.0,154.47223,2.0
1758088303.89653,33898.0,186.21011,35631.0,195.7299,-48.0,-1.33333,5600.0,155.55556,2.0
1758088303.90049,33898.0,186.21011,35922.0,197.32845,33.0,0.91667,5864.0,162.88889,2.0
1758088303.90151,33894.0,186.18814,36230.0,199.02039,105.0,2.91667,6280.0,174.44444,2.0
1758088303.90231,33885.0,186.1387,36555.0,200.80568,205.0,5.69444,6503.0,180.63889,2.0
1758088303.90655,33876.0,186.08926,36890.0,202.6459,194.0,5.38889,6715.0,186.52777,2.0
1758088303.91174,33864.0,186.02335,37233.0,204.53009,262.0,7.27778,6782.0,188.38889,2.0
1758088303.91405,33850.0,185.94644,37574.0,206.40331,311.0,8.63889,6655.0,184.86111,2.0
1758088303.91602,33831.0,185.84207,37903.0,208.21057,409.0,11.36111,6404.0,177.88889,2.0
1758088303.91669,33808.0,185.71573,38219.0,209.94644,482.0,13.38889,6069.0,168.58333,2.0
1758088303.93701,33784.0,185.58389,38509.0,211.53947,469.0,13.02778,5488.0,152.44444,2.0
1758088303.93761,33760.0,185.45206,38770.0,212.97321,451.0,12.52778,4921.0,136.69444,2.0
1758088303.95604,33740.0,185.34219,39006.0,214.26962,388.0,10.77778,4357.0,121.02778,2.0
1758088303.95739,33725.0,185.2598,39207.0,215.37376,189.0,5.25,3621.0,100.58334,2.0
1758088303.97761,33719.0,185.22684,39368.0,216.25819,94.0,2.61111,2855.0,79.30556,2.0
1758088303.98111,33712.0,185.18839,39495.0,216.95583,176.0,4.88889,2185.0,60.69444,2.0
1758088303.99061,33698.0,185.11148,39592.0,217.48868,409.0,11.36111,1695.0,47.08333,2.0
1758088303.99613,33666.0,184.9357,39662.0,217.8732,780.0,21.66667,1209.0,33.58333,2.0
1758088304.01427,33618.0,184.672,39709.0,218.13138,1034.0,28.72222,711.0,19.75,2.0
1758088304.03672,33558.0,184.34241,39730.0,218.24673,1316.0,36.55556,203.0,5.63889,2.0
1758088304.04143,33481.0,183.91943,39728.0,218.23575,1630.0,45.27778,-101.0,-2.80556,2.0
1758088304.04293,33391.0,183.42503,39723.0,218.20828,1889.0,52.47222,-107.0,-2.97222,2.0
1758088304.04479,33291.0,182.87572,39712.0,218.14786,2049.0,56.91667,-317.0,-8.80556,2.0
1758088304.06082,33183.0,182.28246,39689.0,218.02151,2104.0,58.44444,-576.0,-16.0,2.0
1758088304.06305,33076.0,181.69466,39654.0,217.82925,2146.0,59.61111,-759.0,-21.08333,2.0
1758088304.17074,32965.0,181.08492,39614.0,217.60953,2222.0,61.72222,-832.0,-23.11111,2.0
1758088304.1715,32851.0,180.45868,39564.0,217.33487,2312.0,64.22222,-1075.0,-29.86111,2.0
1758088304.17687,32729.0,179.78851,39509.0,217.03273,2482.0,68.94444,-1119.0,-31.08333,2.0
1758088304.18014,32598.0,179.06889,39455.0,216.7361,2739.0,76.08334,-1037.0,-28.80556,2.0
1758088304.18163,32450.0,178.25591,39402.0,216.44496,3068.0,85.22222,-985.0,-27.36111,2.0
1758088304.18603,32284.0,177.34401,39360.0,216.21425,3453.0,95.91666,-743.0,-20.63889,2.0
1758088304.18669,32099.0,176.32776,39330.0,216.04945,3834.0,106.5,-492.0,-13.66667,2.0
1758088304.18823,31897.0,175.21812,39308.0,215.9286,4103.0,113.97222,-342.0,-9.5,2.0
1758088304.18936,31683.0,174.04257,39295.0,215.85716,4311.0,119.75,-175.0,-4.86111,2.0
1758088304.19033,31467.0,172.85603,39288.0,215.81871,4268.0,118.55556,-134.0,-3.72222,2.0
1758088304.19166,31258.0,171.70795,39276.0,215.75279,3964.0,110.11111,-304.0,-8.44444,2.0
1758088304.19469,31072.0,170.6862,39258.0,215.65392,3443.0,95.63889,-429.0,-11.91667,2.0
1758088304.19785,30916.0,169.82925,39227.0,215.48363,2818.0,78.27778,-745.0,-20.69444,2.0
1758088304.21621,30795.0,169.16457,39175.0,215.19798,2137.0,59.36111,-1254.0,-34.83333,2.0
1758088304.21703,30707.0,168.68117,39096.0,214.76402,1450.0,40.27778,-1711.0,-47.52778,2.0
1758088304.26116,30649.0,168.36255,38994.0,214.2037,925.0,25.69444,-2219.0,-61.63889,2.0
1758088304.26195,30620.0,168.20325,38868.0,213.51157,322.0,8.94444,-2723.0,-75.63889,2.0
1758088304.26543,30619.0,168.19775,38718.0,212.68756,-155.0,-4.30556,-3131.0,-86.97222,2.0
1758088304.2662,30632.0,168.26917,38550.0,211.76471,-311.0,-8.63889,-3394.0,-94.27778,2.0
1758088304.2715,30649.0,168.36255,38377.0,210.81438,-353.0,-9.80556,-3402.0,-94.5,2.0
1758088304.27644,30668.0,168.46693,38209.0,209.89151,-404.0,-11.22222,-3253.0,-90.36111,2.0
1758088304.39541,30691.0,168.59328,38049.0,209.0126,-501.0,-13.91667,-3135.0,-87.08334,2.0
1758088304.39608,30723.0,168.76906,37885.0,208.11169,-723.0,-20.08333,-3269.0,-90.80556,2.0
1758088304.40068,30772.0,169.03822,37710.0,207.15038,-1206.0,-33.5,-3554.0,-98.72222,2.0
1758088304.40111,30852.0,169.47768,37520.0,206.10667,-1855.0,-51.52778,-3946.0,-109.61111,2.0
1758088304.40416,30968.0,170.1149,37308.0,204.94209,-2653.0,-73.69444,-4450.0,-123.61111,2.0
1758088304.40591,31126.0,170.98283,37068.0,203.62372,-3473.0,-96.47222,-4965.0,-137.91667,2.0
1758088304.40651,31330.0,172.10345,36807.0,202.18997,-4328.0,-120.22222,-5353.0,-148.69444,2.0
1758088304.40721,31572.0,173.43283,36522.0,200.6244,-5104.0,-141.77777,-5890.0,-163.61111,2.0
1758088304.41406,31853.0,174.97643,36205.0,198.88303,-5905.0,-164.02777,-6498.0,-180.5,2.0
1758088304.41624,32178.0,176.76172,35866.0,197.02083,-6814.0,-189.27777,-6885.0,-191.25,2.0
1758088304.41741,32544.0,178.77226,35512.0,195.07622,-7514.0,-208.72223,-6955.0,-193.19444,2.0
1758088304.41965,32945.0,180.97505,35173.0,193.214,-8149.0,-226.36111,-6426.0,-178.5,2.0
1758088304.42115,33366.0,183.2877,34874.0,191.57152,-8265.0,-229.58333,-5519.0,-153.30556,2.0
1758088304.42153,33770.0,185.50699,34619.0,190.17075,-7746.0,-215.16667,-4616.0,-128.22223,2.0
1758088304.42238,34145.0,187.56694,34416.0,189.0556,-7165.0,-199.02777,-3449.0,-95.80556,2.0
1758088304.44195,34487.0,189.44565,34275.0,188.28107,-6456.0,-179.33333,-2260.0,-62.77778,2.0
1758088304.44263,34800.0,191.16502,34190.0,187.81415,-5990.0,-166.38889,-1259.0,-34.97222,2.0
1758088304.46132,35095.0,192.78554,34151.0,187.5999,-5735.0,-159.30556,-492.0,-13.66667,2.0
1758088304.46178,35380.0,194.3511,34136.0,187.5175,-5609.0,-155.80556,-215.0,-5.97222,2.0
1758088304.47864,35670.0,195.94414,34124.0,187.45158,-5895.0,-163.75,-272.0,-7.55556,2.0
1758088304.48315,35983.0,197.66354,34106.0,187.35271,-6410.0,-178.05556,-449.0,-12.47222,2.0
1758088304.50145,36317.0,199.49829,34077.0,187.19341,-6722.0,-186.72223,-643.0,-17.86111,2.0
1758088304.50222,36671.0,201.44289,34041.0,186.99565,-7229.0,-200.80556,-783.0,-21.75,2.0
1758088304.52083,37045.0,203.49738,33999.0,186.76494,-7442.0,-206.72223,-878.0,-24.38889,2.0
1758088304.52122,37424.0,205.5793,33951.0,186.50127,-7522.0,-208.94444,-949.0,-26.36111,2.0
1758088304.53894,37803.0,207.66125,33908.0,186.26505,-7452.0,-207.0,-762.0,-21.16667,2.0
1758088304.55552,38166.0,209.6553,33876.0,186.08926,-6931.0,-192.52777,-524.0,-14.55556,2.0
1758088304.5563,38507.0,211.52849,33854.0,185.96841,-6582.0,-182.83333,-369.0,-10.25,2.0
1758088304.57457,38824.0,213.26987,33839.0,185.88602,-5979.0,-166.08333,-182.0,-5.05556,2.0
1758088304.57497,39109.0,214.83543,33834.0,185.85855,-5323.0,-147.86111,-36.0,-1.0,2.0
1758088304.59431,39359.0,216.20876,33835.0,185.86404,-4623.0,-128.41667,5.0,0.13889,2.0
1758088304.59505,39572.0,217.37881,33835.0,185.86404,-3881.0,-107.80556,0.0,0.0,2.0
1758088304.61085,39749.0,218.3511,33835.0,185.86404,-3171.0,-88.08334,-16.0,-0.44444,2.0
1758088304.61163,39890.0,219.12566,33833.0,185.85306,-2527.0,-70.19444,-59.0,-1.63889,2.0
1758088304.62765,39999.0,219.72441,33825.0,185.80911,-1905.0,-52.91667,-245.0,-6.80556,2.0
1758088304.63532,40081.0,220.17488,33808.0,185.71573,-1358.0,-37.72222,-408.0,-11.33333,2.0
1758088304.65167,40136.0,220.47701,33783.0,185.5784,-892.0,-24.77778,-600.0,-16.66667,2.0
1758088304.65603,40167.0,220.64729,33743.0,185.35867,-374.0,-10.38889,-960.0,-26.66667,2.0
1758088304.67164,40170.0,220.66377,33682.0,185.02359,126.0,3.5,-1363.0,-37.86111,2.0
1758088304.67425,40156.0,220.58687,33606.0,184.60608,383.0,10.63889,-1619.0,-44.97222,2.0
1758088304.69147,40127.0,220.42757,33516.0,184.11169,669.0,18.58333,-1875.0,-52.08333,2.0
1758088304.6966,40082.0,220.18037,33415.0,183.55688,1053.0,29.25,-2051.0,-56.97222,2.0
1758088304.71429,40016.0,219.81779,33310.0,182.98009,1501.0,41.69444,-2142.0,-59.5,2.0
1758088304.71678,39931.0,219.35088,33200.0,182.37584,1852.0,51.44444,-2234.0,-62.05556,2.0
1758088304.73586,39827.0,218.77959,33084.0,181.7386,2161.0,60.02778,-2334.0,-64.83334,2.0
1758088304.73663,39710.0,218.13687,32958.0,181.04646,2382.0,66.16666,-2550.0,-70.83334,2.0
1758088304.75452,39584.0,217.44473,32822.0,180.29938,2526.0,70.16666,-2815.0,-78.19444,2.0
1758088304.75705,39457.0,216.74709,32671.0,179.46989,2478.0,68.83334,-3114.0,-86.5,2.0
1758088304.77461,39334.0,216.07143,32505.0,178.55803,2339.0,64.97222,-3405.0,-94.58334,2.0
1758088304.77683,39224.0,215.46715,32327.0,177.58023,2067.0,57.41667,-3603.0,-100.08334,2.0
1758088304.79436,39129.0,214.9453,32138.0,176.54199,1766.0,49.05556,-3815.0,-105.97222,2.0
1758088304.79695,39047.0,214.49486,31944.0,175.47632,1553.0,43.13889,-3796.0,-105.44444,2.0
1758088304.81456,38968.0,214.06088,31755.0,174.43808,1580.0,43.88889,-3633.0,-100.91666,2.0
1758088304.81696,38887.0,213.61594,31583.0,173.49326,1650.0,45.83333,-3215.0,-89.30556,2.0
1758088304.85703,38799.0,213.13254,31436.0,172.68575,1802.0,50.05556,-2663.0,-73.97222,2.0
1758088304.90165,38701.0,212.59418,31316.0,172.02655,2024.0,56.22222,-2154.0,-59.83333,2.0
1758088304.91988,37805.0,207.67224,31063.0,170.63676,2498.0,69.38889,11.0,0.30556,2.0
1758088304.92007,37676.0,206.96361,31066.0,170.65324,2645.0,73.47222,115.0,3.19444,2.0
1758088304.93192,37533.0,206.17809,31081.0,170.73564,2976.0,82.66666,446.0,12.38889,2.0
1758088304.93512,37373.0,205.29915,31114.0,170.91692,3364.0,93.44444,802.0,22.27778,2.0
1758088304.95425,37191.0,204.29938,31166.0,171.20256,3755.0,104.30556,1235.0,34.30556,2.0
1758088304.95708,36986.0,203.17325,31246.0,171.64203,4280.0,118.88889,1859.0,51.63889,2.0
1758088304.98095,36754.0,201.89883,31357.0,172.25177,4783.0,132.86111,2488.0,69.11111,2.0
1758088304.98133,36498.0,200.49257,31501.0,173.0428,5265.0,146.25,3114.0,86.5,2.0
1758088304.98406,36218.0,198.95444,31680.0,174.02609,5767.0,160.19444,3788.0,105.22222,2.0
1758088305.00067,35909.0,197.25703,31891.0,175.18517,6339.0,176.08333,4477.0,124.36111,2.0
1758088305.00146,35584.0,195.47173,32134.0,176.52002,6427.0,178.52777,5107.0,141.86111,2.0
1758088305.01683,35261.0,193.69742,32411.0,178.04166,6328.0,175.77777,5760.0,160.0,2.0
1758088305.0344,34945.0,191.96156,32727.0,179.77753,6129.0,170.25,6566.0,182.38889,2.0
1758088305.03557,34638.0,190.27512,33075.0,181.68916,5864.0,162.88889,7039.0,195.52777,2.0
1758088305.05086,34352.0,188.70404,33436.0,183.67224,5453.0,151.47223,7194.0,199.83333,2.0
1758088305.05214,34096.0,187.29778,33791.0,185.62234,4700.0,130.55556,6789.0,188.58333,2.0
1758088305.06777,33890.0,186.16617,34117.0,187.41313,3595.0,99.86111,6209.0,172.47223,2.0
1758088305.07477,33744.0,185.36417,34417.0,189.0611,2380.0,66.11111,5759.0,159.97223,2.0
1758088305.09147,33654.0,184.86975,34697.0,190.59923,1383.0,38.41667,5356.0,148.77777,2.0
1758088305.0923,33609.0,184.62256,34961.0,192.04945,587.0,16.30556,5128.0,142.44444,2.0
1758088305.11191,33593.0,184.53467,35223.0,193.48868,144.0,4.0,5241.0,145.58333,2.0
1758088305.11461,33590.0,184.51819,35497.0,194.99382,20.0,0.55556,5577.0,154.91667,2.0
1758088305.13149,33587.0,184.50171,35790.0,196.60335,102.0,2.83333,5974.0,165.94444,2.0
1758088305.13309,33578.0,184.45227,36106.0,198.3392,220.0,6.11111,6455.0,179.30556,2.0
1758088305.14988,33564.0,184.37537,36445.0,200.20142,352.0,9.77778,6866.0,190.72223,2.0
1758088305.15107,33543.0,184.26001,36792.0,202.10757,446.0,12.38889,6819.0,189.41667,2.0
1758088305.16674,33519.0,184.12817,37137.0,204.00275,441.0,12.25,6804.0,189.0,2.0
1758088305.20136,33502.0,184.03479,37470.0,205.83199,210.0,5.83333,6361.0,176.69444,2.0
1758088305.20593,33499.0,184.01831,37781.0,207.54041,-22.0,-0.61111,5964.0,165.66667,2.0
1758088305.20646,33500.0,184.0238,38070.0,209.12796,0.0,0.0,5535.0,153.75,2.0
1758088305.21193,33500.0,184.0238,38337.0,210.59465,0.0,0.0,5033.0,139.80556,2.0
1758088305.21571,33500.0,184.0238,38578.0,211.91852,0.0,0.0,4531.0,125.86111,2.0
1758088305.23643,33500.0,184.0238,38796.0,213.11606,0.0,0.0,4146.0,115.16666,2.0
1758088305.23775,33500.0,184.0238,38994.0,214.2037,0.0,0.0,3674.0,102.05556,2.0
1758088305.25656,33500.0,184.0238,39164.0,215.13756,-2.0,-0.05556,3111.0,86.41666,2.0
1758088305.25695,33500.0,184.0238,39301.0,215.89015,0.0,0.0,2456.0,68.22222,2.0
1758088305.2764,33500.0,184.0238,39407.0,216.47243,0.0,0.0,1827.0,50.75,2.0
1758088305.2768,33499.0,184.01831,39483.0,216.88991,11.0,0.30556,1247.0,34.63889,2.0
1758088305.29525,33499.0,184.01831,39532.0,217.15907,25.0,0.69444,766.0,21.27778,2.0
1758088305.29642,33495.0,183.99634,39560.0,217.3129,92.0,2.55556,356.0,9.88889,2.0
1758088305.31448,33486.0,183.9469,39565.0,217.34036,277.0,7.69444,-43.0,-1.19444,2.0
1758088305.31487,33463.0,183.82056,39564.0,217.33487,582.0,16.16667,-20.0,-0.55556,2.0
1758088305.33165,33423.0,183.60083,39563.0,217.32938,945.0,26.25,-19.0,-0.52778,2.0
1758088305.33421,33367.0,183.2932,39560.0,217.3129,1212.0,33.66667,-92.0,-2.55556,2.0
1758088305.3516,33303.0,182.94164,39551.0,217.26344,1349.0,37.47222,-212.0,-5.88889,2.0
1758088305.35425,33229.0,182.53514,39537.0,217.18654,1502.0,41.72222,-335.0,-9.30556,2.0
1758088305.37176,33151.0,182.10664,39517.0,217.07668,1608.0,44.66667,-450.0,-12.5,2.0
1758088305.37216,33063.0,181.62325,39492.0,216.93935,1787.0,49.63889,-497.0,-13.80556,2.0
1758088305.39214,32965.0,181.08492,39465.0,216.79103,2040.0,56.66667,-583.0,-16.19444,2.0
1758088305.39461,32855.0,180.48065,39432.0,216.60976,2322.0,64.5,-699.0,-19.41667,2.0
1758088305.40999,32728.0,179.78302,39400.0,216.43398,2667.0,74.08334,-538.0,-14.94444,2.0
1758088305.41102,32583.0,178.9865,39381.0,216.32961,3044.0,84.55556,-277.0,-7.69444,2.0
1758088305.42592,32418.0,178.08011,39376.0,216.30214,3398.0,94.38889,0.0,0.0,2.0
1758088305.44197,32235.0,177.07484,39376.0,216.30214,3748.0,104.11111,0.0,0.0,2.0
1758088305.44267,32036.0,175.98169,39376.0,216.30214,4016.0,111.55556,0.0,0.0,2.0
1758088305.46134,31832.0,174.86107,39376.0,216.30214,4047.0,112.41666,0.0,0.0,2.0
1758088305.46179,31633.0,173.76791,39374.0,216.29115,3839.0,106.63889,-71.0,-1.97222,2.0
1758088305.47866,31447.0,172.74617,39365.0,216.24171,3547.0,98.52778,-275.0,-7.63889,2.0
1758088305.48069,31282.0,171.83978,39341.0,216.10988,3052.0,84.77778,-628.0,-17.44444,2.0
1758088305.50034,31142.0,171.07072,39293.0,215.84618,2519.0,69.97222,-1187.0,-32.97222,2.0
1758088305.50129,31033.0,170.47195,39220.0,215.44518,1936.0,53.77778,-1636.0,-45.44444,2.0
1758088305.51686,30951.0,170.02151,39119.0,214.89037,1400.0,38.88889,-2259.0,-62.75,2.0
1758088305.53526,30894.0,169.70839,38987.0,214.16525,891.0,24.75,-2862.0,-79.5,2.0
1758088305.53725,30863.0,169.5381,38824.0,213.26987,403.0,11.19444,-3496.0,-97.11111,2.0
1758088305.55617,30854.0,169.48866,38632.0,212.21515,1.0,0.02778,-3990.0,-110.83334,2.0
1758088305.55683,30859.0,169.51613,38423.0,211.06706,-105.0,-2.91667,-4205.0,-116.80556,2.0
1758088305.57535,30864.0,169.54359,38211.0,209.9025,-92.0,-2.55556,-4180.0,-116.11111,2.0
1758088305.57605,30869.0,169.57106,38005.0,208.77087,-122.0,-3.38889,-4068.0,-113.0,2.0
1758088305.59466,30882.0,169.64247,37798.0,207.63379,-358.0,-9.94444,-4118.0,-114.38889,2.0
1758088305.59704,30910.0,169.79628,37582.0,206.44725,-750.0,-20.83333,-4384.0,-121.77778,2.0
1758088305.61192,30961.0,170.07645,37350.0,205.17281,-1197.0,-33.25,-4735.0,-131.52777,2.0
1758088305.61621,31039.0,170.50491,37099.0,203.79401,-1812.0,-50.33333,-5110.0,-141.94444,2.0
1758088305.63429,31151.0,171.12016,36831.0,202.32181,-2545.0,-70.69444,-5425.0,-150.69444,2.0
1758088305.63504,31304.0,171.96063,36546.0,200.75624,-3354.0,-93.16666,-5829.0,-161.91667,2.0
1758088305.65086,31499.0,173.03181,36235.0,199.04785,-4195.0,-116.52778,-6396.0,-177.66667,2.0
1758088305.65164,31732.0,174.31174,35894.0,197.17464,-4981.0,-138.36111,-6919.0,-192.19444,2.0
1758088305.66772,32007.0,175.82239,35530.0,195.17509,-5789.0,-160.80556,-7335.0,-203.75,2.0
1758088305.67207,32327.0,177.58023,35149.0,193.08217,-6672.0,-185.33333,-7416.0,-206.0,2.0
1758088305.69191,32682.0,179.53032,34793.0,191.12657,-7176.0,-199.33333,-6795.0,-188.75,2.0
1758088305.69424,33052.0,181.56282,34469.0,189.34677,-7323.0,-203.41667,-6093.0,-169.25,2.0
1758088305.70991,33413.0,183.5459,34189.0,187.80865,-6722.0,-186.72223,-5024.0,-139.55556,2.0
1758088305.71065,33734.0,185.30923,33971.0,186.61113,-6073.0,-168.69444,-3724.0,-103.44444,2.0
1758088305.72593,34025.0,186.90776,33819.0,185.77615,-5527.0,-153.52777,-2471.0,-68.63889,2.0
1758088305.74266,34290.0,188.36346,33727.0,185.27078,-4981.0,-138.36111,-1394.0,-38.72222,2.0
1758088305.74463,34532.0,189.69284,33677.0,184.99612,-4636.0,-128.77777,-719.0,-19.97222,2.0
1758088305.76143,34768.0,190.98924,33653.0,184.86426,-4703.0,-130.63889,-308.0,-8.55556,2.0
1758088305.76261,35017.0,192.35707,33642.0,184.80383,-5092.0,-141.44444,-216.0,-6.0,2.0
1758088305.77867,35290.0,193.85672,33622.0,184.69397,-5626.0,-156.27777,-523.0,-14.52778,2.0
1758088305.78021,35592.0,195.51567,33582.0,184.47424,-6252.0,-173.66667,-1026.0,-28.5,2.0
1758088305.79586,35926.0,197.35042,33523.0,184.15015,-6843.0,-190.08333,-1267.0,-35.19444,2.0
1758088305.8119,36281.0,199.30054,33452.0,183.76013,-7081.0,-196.69444,-1501.0,-41.69444,2.0
1758088305.81425,36641.0,201.27809,33375.0,183.33714,-7124.0,-197.88889,-1467.0,-40.75,2.0
1758088305.83169,36998.0,203.2392,33304.0,182.94713,-6926.0,-192.38889,-1334.0,-37.05556,2.0
1758088305.8325,37336.0,205.0959,33246.0,182.62852,-6496.0,-180.44444,-967.0,-26.86111,2.0
1758088305.84863,37651.0,206.82628,33206.0,182.4088,-6045.0,-167.91667,-684.0,-19.0,2.0
1758088305.85078,37939.0,208.40833,33180.0,182.26598,-5376.0,-149.33333,-398.0,-11.05556,2.0
1758088305.86685,38193.0,209.80362,33168.0,182.20006,-4733.0,-131.47223,-80.0,-2.22222,2.0
1758088305.88352,38419.0,211.04509,33168.0,182.20006,-4214.0,-117.05556,0.0,0.0,2.0
1758088305.8839,38620.0,212.14923,33168.0,182.20006,-3768.0,-104.66666,-2.0,-0.05556,2.0
1758088305.89883,38798.0,213.12704,33167.0,182.19456,-3291.0,-91.41666,-26.0,-0.72222,2.0
1758088305.90174,38948.0,213.95102,33167.0,182.19456,-2708.0,-75.22222,0.0,0.0,2.0
1758088305.91866,39069.0,214.61571,33166.0,182.18907,-2136.0,-59.33333,-39.0,-1.08333,2.0
1758088305.92144,39162.0,215.12657,33160.0,182.15611,-1605.0,-44.58333,-195.0,-5.41667,2.0
1758088305.93684,39231.0,215.5056,33143.0,182.0627,-1172.0,-32.55556,-397.0,-11.02778,2.0
1758088305.95448,39277.0,215.75829,33116.0,181.91438,-694.0,-19.27778,-630.0,-17.5,2.0
1758088305.95571,39295.0,215.85716,33073.0,181.67818,-115.0,-3.19444,-1013.0,-28.13889,2.0
1758088305.9716,39288.0,215.81871,33011.0,181.3376,220.0,6.11111,-1318.0,-36.61111,2.0
1758088305.97427,39270.0,215.71983,32937.0,180.93111,521.0,14.47222,-1587.0,-44.08333,2.0
1758088305.99178,39239.0,215.54955,32850.0,180.45319,664.0,18.44444,-1767.0,-49.08333,2.0
1758088305.99218,39201.0,215.34081,32752.0,179.91486,845.0,23.47222,-1978.0,-54.94444,2.0
1758088306.00874,39154.0,215.08263,32650.0,179.35454,1017.0,28.25,-2046.0,-56.83333,2.0
1758088306.00993,39095.0,214.75853,32547.0,178.78874,1240.0,34.44444,-2068.0,-57.44444,2.0
1758088306.02589,39030.0,214.40146,32443.0,178.21744,1318.0,36.61111,-2024.0,-56.22222,2.0
1758088306.04193,38959.0,214.01144,32342.0,177.66263,1420.0,39.44444,-1968.0,-54.66667,2.0
1758088306.04306,38889.0,213.62692,32240.0,177.10231,1364.0,37.88889,-2017.0,-56.02778,2.0
1758088306.05869,38822.0,213.25888,32137.0,176.5365,1238.0,34.38889,-2095.0,-58.19444,2.0
1758088306.06074,38768.0,212.96222,32029.0,175.94324,993.0,27.58333,-2203.0,-61.19444,2.0
1758088306.07692,38724.0,212.72052,31914.0,175.31151,744.0,20.66667,-2341.0,-65.02778,2.0
1758088306.09448,38699.0,212.58319,31790.0,174.63034,303.0,8.41667,-2473.0,-68.69444,2.0
1758088306.09563,38691.0,212.53925,31663.0,173.93271,20.0,0.55556,-2516.0,-69.88889,2.0
1758088306.11088,38694.0,212.55573,31534.0,173.22408,-55.0,-1.52778,-2506.0,-69.61111,2.0
1758088306.11212,38693.0,212.55023,31413.0,172.55939,38.0,1.05556,-2268.0,-63.0,2.0
1758088306.12782,38689.0,212.52826,31308.0,171.9826,150.0,4.16667,-1917.0,-53.25,2.0
1758088306.1321,38676.0,212.45685,31224.0,171.52118,336.0,9.33333,-1489.0,-41.36111,2.0
1758088306.1519,38647.0,212.29755,31165.0,171.19707,715.0,19.86111,-923.0,-25.63889,2.0
1758088306.15443,38594.0,212.00641,31132.0,171.01579,1313.0,36.47222,-461.0,-12.80556,2.0
1758088306.16987,38513.0,211.56145,31122.0,170.96086,1863.0,51.75,-13.0,-0.36111,2.0
1758088306.17064,38399.0,210.93523,31127.0,170.98833,2490.0,69.16666,132.0,3.66667,2.0
1758088306.1858,38254.0,210.1387,31136.0,171.03777,3142.0,87.27778,197.0,5.47222,2.0
1758088306.20184,38081.0,209.18839,31146.0,171.0927,3590.0,99.72222,207.0,5.75,2.0
1758088306.20442,37893.0,208.15564,31158.0,171.15862,3717.0,103.25,273.0,7.58333,2.0
1758088306.22142,37709.0,207.14488,31167.0,171.20805,3559.0,98.86111,58.0,1.61111,2.0
1758088306.22226,37530.0,206.16161,31167.0,171.20805,3498.0,97.16666,-6.0,-0.16667,2.0
1758088306.24143,37353.0,205.18929,31167.0,171.20805,3584.0,99.55556,14.0,0.38889,2.0
1758088306.24226,37165.0,204.15656,31170.0,171.22455,3841.0,106.69444,113.0,3.13889,2.0
1758088306.25988,36960.0,203.03043,31185.0,171.30695,4193.0,116.47222,468.0,13.0,2.0
1758088306.26199,36736.0,201.79996,31226.0,171.53217,4560.0,126.66666,1084.0,30.11111,2.0
1758088306.27766,36495.0,200.47609,31300.0,171.93866,4883.0,135.63889,1726.0,47.94444,2.0
1758088306.29511,36236.0,199.05334,31410.0,172.54291,5323.0,147.86111,2498.0,69.38889,2.0
1758088306.29548,35953.0,197.49873,31557.0,173.35043,5833.0,162.02777,3210.0,89.16666,2.0
1758088306.31195,35648.0,195.82329,31741.0,174.36118,6162.0,171.16667,3926.0,109.05556,2.0
1758088306.31499,35331.0,194.08194,31961.0,175.5697,6264.0,174.0,4634.0,128.72223,2.0
1758088306.33081,35018.0,192.36256,32215.0,176.96498,6076.0,168.77777,5274.0,146.5,2.0
1758088306.33148,34726.0,190.75853,32508.0,178.57451,5483.0,152.30556,6055.0,168.19444,2.0
1758088306.34691,34465.0,189.3248,32836.0,180.37628,4894.0,135.94444,6779.0,188.30556,2.0
1758088306.36289,34229.0,188.02838,33197.0,182.35936,4441.0,123.36111,7394.0,205.38889,2.0
1758088306.364,34015.0,186.85283,33590.0,184.51819,4050.0,112.5,7972.0,221.44444,2.0
1758088306.37887,33826.0,185.81461,33996.0,186.74846,3396.0,94.33334,7901.0,219.47223,2.0
1758088306.38091,33676.0,184.99063,34386.0,188.89081,2506.0,69.61111,7560.0,210.0,2.0
1758088306.39687,33580.0,184.46326,34750.0,190.89037,1386.0,38.5,6923.0,192.30556,2.0
1758088306.41448,33540.0,184.24353,35085.0,192.73061,404.0,11.22222,6436.0,178.77777,2.0
1758088306.41561,33538.0,184.23254,35401.0,194.46646,-98.0,-2.72222,6082.0,168.94444,2.0
1758088306.43192,33541.0,184.24902,35704.0,196.13091,0.0,0.0,5911.0,164.19444,2.0
1758088306.43272,33541.0,184.24902,35999.0,197.75143,15.0,0.41667,5828.0,161.88889,2.0
1758088306.44867,33539.0,184.23804,36297.0,199.38843,52.0,1.44444,5885.0,163.47223,2.0
1758088306.45103,33535.0,184.21606,36596.0,201.0309,102.0,2.83333,5909.0,164.13889,2.0
1758088306.46686,33527.0,184.17212,36892.0,202.65689,180.0,5.0,5843.0,162.30556,2.0
1758088306.48554,33516.0,184.11169,37186.0,204.27191,239.0,6.63889,5744.0,159.55556,2.0
1758088306.48599,33504.0,184.04578,37473.0,205.84846,229.0,6.36111,5554.0,154.27777,2.0
1758088306.50191,33494.0,183.99084,37747.0,207.35362,136.0,3.77778,5306.0,147.38889,2.0
1758088306.50394,33488.0,183.95789,38007.0,208.78186,128.0,3.55556,5038.0,139.94444,2.0
1758088306.52061,33480.0,183.91394,38250.0,210.11673,172.0,4.77778,4648.0,129.11111,2.0
1758088306.52146,33469.0,183.85352,38470.0,211.32524,249.0,6.91667,4129.0,114.69444,2.0
1758088306.53689,33457.0,183.7876,38661.0,212.37445,219.0,6.08333,3539.0,98.30556,2.0
1758088306.5529,33447.0,183.73267,38822.0,213.25888,169.0,4.69444,2910.0,80.83334,2.0
1758088306.55486,33436.0,183.67224,38953.0,213.97849,270.0,7.5,2294.0,63.72222,2.0
1758088306.57071,33420.0,183.58435,39051.0,214.51683,322.0,8.94444,1718.0,47.72222,2.0
1758088306.57144,33400.0,183.47447,39119.0,214.89037,469.0,13.02778,1096.0,30.44444,2.0
1758088306.58688,33371.0,183.31517,39160.0,215.11559,628.0,17.44444,582.0,16.16667,2.0
1758088306.60367,33337.0,183.1284,39175.0,215.19798,706.0,19.61111,51.0,1.41667,2.0
1758088306.60441,33294.0,182.8922,39172.0,215.1815,979.0,27.19444,-54.0,-1.5,2.0
1758088306.61982,33237.0,182.57909,39169.0,215.16502,1200.0,33.33333,-48.0,-1.33333,2.0
1758088306.6206,33174.0,182.23302,39166.0,215.14854,1287.0,35.75,-55.0,-1.52778,2.0
1758088306.63681,33103.0,181.84297,39164.0,215.13756,1420.0,39.44444,-58.0,-1.61111,2.0
1758088306.65445,33030.0,181.44197,39159.0,215.11009,1475.0,40.97222,-124.0,-3.44444,2.0
1758088306.65522,32953.0,181.019,39149.0,215.05516,1529.0,42.47222,-225.0,-6.25,2.0
1758088306.67168,32873.0,180.57953,39137.0,214.98924,1647.0,45.75,-237.0,-6.58333,2.0
1758088306.67422,32785.0,180.09613,39123.0,214.91234,1792.0,49.77778,-271.0,-7.52778,2.0
1758088306.68993,32687.0,179.55779,39115.0,214.86839,2021.0,56.13889,-70.0,-1.94444,2.0
1758088306.69065,32577.0,178.95354,39115.0,214.86839,2319.0,64.41666,0.0,0.0,2.0
1758088306.70592,32450.0,178.25591,39115.0,214.86839,2671.0,74.19444,0.0,0.0,2.0
1758088306.72195,32304.0,177.45387,39115.0,214.86839,3052.0,84.77778,6.0,0.16667,2.0
1758088306.72275,32136.0,176.53101,39115.0,214.86839,3453.0,95.91666,9.0,0.25,2.0
1758088306.73867,31951.0,175.51477,39115.0,214.86839,3781.0,105.02778,5.0,0.13889,2.0
1758088306.74018,31756.0,174.44357,39115.0,214.86839,3888.0,108.0,0.0,0.0,2.0
1758088306.75585,31559.0,173.36142,39114.0,214.8629,3850.0,106.94444,-9.0,-0.25,2.0
1758088306.77188,31368.0,172.31219,39112.0,214.85191,3656.0,101.55556,-102.0,-2.83333,2.0
1758088306.77266,31194.0,171.35638,39099.0,214.7805,3291.0,91.41666,-383.0,-10.63889,2.0
1758088306.78871,31042.0,170.52141,39068.0,214.61021,2789.0,77.47222,-834.0,-23.16667,2.0
1758088306.7899,30916.0,169.82925,39008.0,214.28061,2300.0,63.88889,-1388.0,-38.55556,2.0
1758088306.80586,30816.0,169.27992,38924.0,213.81918,1755.0,48.75,-1887.0,-52.41667,2.0
1758088306.82192,30741.0,168.86794,38814.0,213.21494,1264.0,35.11111,-2351.0,-65.30556,2.0
1758088306.82386,30688.0,168.5768,38683.0,212.4953,879.0,24.41667,-2755.0,-76.52778,2.0
1758088306.84059,30653.0,168.38452,38535.0,211.68231,571.0,15.86111,-2944.0,-81.77778,2.0
1758088306.84167,30631.0,168.26367,38386.0,210.86382,335.0,9.30556,-2921.0,-81.13889,2.0
1758088306.85907,30623.0,168.21973,38242.0,210.07278,1.0,0.02778,-2793.0,-77.58334,2.0
1758088306.8615,30632.0,168.26917,38100.0,209.29276,-250.0,-6.94444,-2824.0,-78.44444,2.0
1758088306.87689,30652.0,168.37903,37950.0,208.46875,-559.0,-15.52778,-3091.0,-85.86111,2.0
1758088306.89522,30690.0,168.58778,37785.0,207.56238,-928.0,-25.77778,-3388.0,-94.11111,2.0
1758088306.89608,30752.0,168.92836,37603.0,206.56261,-1442.0,-40.05556,-3756.0,-104.33334,2.0
1758088306.91537,30846.0,169.44472,37401.0,205.45296,-2150.0,-59.72222,-4154.0,-115.38889,2.0
1758088306.91665,30977.0,170.16434,37174.0,204.20599,-2941.0,-81.69444,-4643.0,-128.97223,2.0
1758088306.93344,31149.0,171.10918,36926.0,202.84366,-3711.0,-103.08334,-5084.0,-141.22223,2.0
1758088306.93432,31361.0,172.27374,36655.0,201.355,-4503.0,-125.08334,-5563.0,-154.52777,2.0
1758088306.95187,31612.0,173.65256,36355.0,199.70703,-5271.0,-146.41667,-6237.0,-173.25,2.0
1758088306.95711,31902.0,175.24559,36026.0,197.89975,-6079.0,-168.86111,-6685.0,-185.69444,2.0
1758088306.97189,32233.0,177.06386,35675.0,195.9716,-6902.0,-191.72223,-7119.0,-197.75,2.0
1758088306.97627,32602.0,179.09087,35317.0,194.00504,-7443.0,-206.75,-6946.0,-192.94444,2.0
1758088306.9919,32981.0,181.17281,34982.0,192.16481,-7497.0,-208.25,-6293.0,-174.80556,2.0
1758088306.99311,33352.0,183.2108,34690.0,190.56078,-7048.0,-195.77777,-5331.0,-148.08333,2.0
1758088307.01219,33686.0,185.04556,34448.0,189.23141,-6324.0,-175.66667,-4206.0,-116.83334,2.0
1758088307.01424,33989.0,186.71001,34270.0,188.2536,-5727.0,-159.08333,-2975.0,-82.63889,2.0
1758088307.0318,34261.0,188.20416,34152.0,187.60539,-5116.0,-142.11111,-1860.0,-51.66667,2.0
1758088307.0322,34509.0,189.5665,34078.0,187.1989,-4769.0,-132.47223,-1161.0,-32.25,2.0
1758088307.05187,34751.0,190.89586,34035.0,186.96269,-4839.0,-134.41667,-677.0,-18.80556,2.0
1758088307.05265,35004.0,192.28566,34007.0,186.80888,-5107.0,-141.86111,-535.0,-14.86111,2.0
1758088307.0699,35277.0,193.78531,33973.0,186.62212,-5513.0,-153.13889,-785.0,-21.80556,2.0
1758088307.07066,35570.0,195.39482,33929.0,186.38042,-6007.0,-166.86111,-946.0,-26.27778,2.0
1758088307.08584,35889.0,197.14717,33877.0,186.09476,-6501.0,-180.58333,-1119.0,-31.08333,2.0
1758088307.10186,36227.0,199.00391,33812.0,185.7377,-6748.0,-187.44444,-1359.0,-37.75,2.0
1758088307.10465,36571.0,200.89357,33744.0,185.36417,-6820.0,-189.44444,-1368.0,-38.0,2.0
1758088307.12063,36917.0,202.79422,33673.0,184.97415,-6836.0,-189.88889,-1382.0,-38.38889,2.0
1758088307.1215,37252.0,204.63448,33608.0,184.61707,-6416.0,-178.22223,-1213.0,-33.69444,2.0
1758088307.13687,37570.0,206.38133,33550.0,184.29846,-6160.0,-171.11111,-1052.0,-29.22222,2.0
1758088307.1564,37869.0,208.0238,33504.0,184.04578,-5713.0,-158.69444,-784.0,-21.77778,2.0
1758088307.15678,38140.0,209.51248,33469.0,183.85352,-5100.0,-141.66667,-669.0,-18.58333,2.0
1758088307.17549,38385.0,210.85832,33436.0,183.67224,-4632.0,-128.66667,-668.0,-18.55556,2.0
1758088307.17593,38607.0,212.07782,33406.0,183.50743,-4172.0,-115.88889,-536.0,-14.88889,2.0
1758088307.19456,38805.0,213.1655,33381.0,183.3701,-3678.0,-102.16666,-478.0,-13.27778,2.0
1758088307.19629,38974.0,214.09384,33357.0,183.23827,-3064.0,-85.11111,-486.0,-13.5,2.0
1758088307.21617,39110.0,214.84093,33331.0,183.09544,-2450.0,-68.05556,-552.0,-15.33333,2.0
1758088307.21655,39218.0,215.43419,33298.0,182.91417,-1911.0,-53.08333,-713.0,-19.80556,2.0
1758088307.23589,39300.0,215.88466,33260.0,182.70543,-1365.0,-37.91667,-780.0,-21.66667,2.0
1758088307.23661,39356.0,216.19228,33215.0,182.45824,-944.0,-26.22222,-1044.0,-29.0,2.0
1758088307.25693,39389.0,216.37355,33153.0,182.11766,-418.0,-11.61111,-1313.0,-36.47222,2.0
1758088307.26025,39396.0,216.412,33081.0,181.72212,61.0,1.69444,-1541.0,-42.80556,2.0
1758088307.26603,39384.0,216.34608,32995.0,181.24971,383.0,10.63889,-1790.0,-49.72222,2.0
1758088307.28191,39358.0,216.20326,32897.0,180.71138,593.0,16.47222,-2024.0,-56.22222,2.0
1758088307.28271,39324.0,216.01649,32792.0,180.13458,715.0,19.86111,-2161.0,-60.02778,2.0
1758088307.30266,39280.0,215.77477,32681.0,179.52483,1031.0,28.63889,-2210.0,-61.38889,2.0
1758088307.30343,39218.0,215.43419,32569.0,178.90959,1323.0,36.75,-2198.0,-61.05556,2.0
1758088307.32608,39146.0,215.03868,32458.0,178.29985,1505.0,41.80556,-2167.0,-60.19444,2.0
1758088307.32734,39065.0,214.59373,32349.0,177.70108,1641.0,45.58333,-2118.0,-58.83333,2.0
1758088307.34627,38980.0,214.1268,32240.0,177.10231,1722.0,47.83333,-2153.0,-59.80556,2.0
1758088307.34665,38897.0,213.67087,32129.0,176.49255,1595.0,44.30556,-2218.0,-61.61111,2.0
1758088307.3661,38820.0,213.24789,32015.0,175.86633,1427.0,39.63889,-2326.0,-64.61111,2.0
1758088307.36685,38756.0,212.8963,31895.0,175.20714,1152.0,32.0,-2429.0,-67.47222,2.0
1758088307.38552,38706.0,212.62164,31768.0,174.50949,822.0,22.83333,-2539.0,-70.52778,2.0
1758088307.38598,38677.0,212.46234,31638.0,173.79538,360.0,10.0,-2613.0,-72.58334,2.0
1758088307.40188,38669.0,212.4184,31506.0,173.07027,31.0,0.86111,-2584.0,-71.77778,2.0
1758088307.40601,38669.0,212.4184,31380.0,172.37811,-9.0,-0.25,-2402.0,-66.72222,2.0
1758088307.42694,38668.0,212.4129,31269.0,171.76837,22.0,0.61111,-2011.0,-55.86111,2.0
1758088307.44655,38665.0,212.39642,31178.0,171.26849,105.0,2.91667,-1598.0,-44.38889,2.0
1758088307.44842,38658.0,212.35797,31110.0,170.89494,169.0,4.69444,-1155.0,-32.08333,2.0
1758088307.44892,38641.0,212.26459,31067.0,170.65874,478.0,13.27778,-565.0,-15.69444,2.0
1758088307.45091,38604.0,212.06134,31055.0,170.59282,945.0,26.25,-17.0,-0.47222,2.0
1758088307.4672,38543.0,211.72626,31061.0,170.62578,1397.0,38.80556,165.0,4.58333,2.0
1758088307.48608,38456.0,211.24834,31074.0,170.69719,1981.0,55.02778,353.0,9.80556,2.0
1758088307.48687,38344.0,210.6331,31096.0,170.81804,2360.0,65.55556,476.0,13.22222,2.0
1758088307.53177,38218.0,209.94095,31119.0,170.94438,2551.0,70.86111,420.0,11.66667,2.0
1758088307.5393,38090.0,209.23782,31137.0,171.04326,2480.0,68.88889,275.0,7.63889,2.0
1758088307.54159,37965.0,208.55115,31144.0,171.08171,2492.0,69.22222,58.0,1.61111,2.0
1758088307.546,37830.0,207.80957,31146.0,171.0927,2835.0,78.75,60.0,1.66667,2.0
1758088307.54662,37671.0,206.93614,31152.0,171.12566,3398.0,94.38889,186.0,5.16667,2.0
1758088307.5482,37484.0,205.90889,31170.0,171.22455,3900.0,108.33334,490.0,13.61111,2.0
1758088307.56544,37272.0,204.74434,31211.0,171.44977,4403.0,122.30556,1072.0,29.77778,2.0
1758088307.56662,37035.0,203.44244,31284.0,171.85077,4902.0,136.16667,1693.0,47.02778,2.0
1758088307.58192,36771.0,201.99222,31389.0,172.42755,5396.0,149.88889,2374.0,65.94444,2.0
1758088307.58262,36484.0,200.41566,31525.0,173.17464,5869.0,163.02777,2948.0,81.88889,2.0
1758088307.60106,36174.0,198.71274,31693.0,174.0975,6333.0,175.91667,3565.0,99.02778,2.0
1758088307.60183,35838.0,196.86702,31893.0,175.19615,6803.0,188.97223,4252.0,118.11111,2.0
1758088307.62045,35492.0,194.96635,32125.0,176.47058,6784.0,188.44444,4859.0,134.97223,2.0
1758088307.62145,35158.0,193.13161,32388.0,177.91531,6458.0,179.38889,5488.0,152.44444,2.0
1758088307.63682,34843.0,191.40123,32689.0,179.56877,6039.0,167.75,6246.0,173.5,2.0
1758088307.65563,34552.0,189.8027,33023.0,181.40352,5534.0,153.72223,6809.0,189.13889,2.0
1758088307.65601,34287.0,188.34698,33373.0,183.32616,5008.0,139.11111,6964.0,193.44444,2.0
1758088307.67181,34054.0,187.06706,33722.0,185.24332,4227.0,117.41666,6782.0,188.38889,2.0
1758088307.67436,33869.0,186.05081,34048.0,187.0341,3166.0,87.94444,6168.0,171.33333,2.0
1758088307.69164,33742.0,185.35318,34354.0,188.71503,2031.0,56.41667,5840.0,162.22223,2.0
1758088307.69415,33669.0,184.95218,34639.0,190.28061,1074.0,29.83333,5528.0,153.55556,2.0
1758088307.70991,33636.0,184.77087,34912.0,191.78026,334.0,9.27778,5296.0,147.11111,2.0
1758088307.71061,33633.0,184.75439,35181.0,193.25795,-46.0,-1.27778,5376.0,149.33333,2.0
1758088307.72592,33634.0,184.75989,35461.0,194.79607,4.0,0.11111,5676.0,157.66667,2.0
1758088307.74193,33633.0,184.75439,35758.0,196.42757,26.0,0.72222,6015.0,167.08333,2.0
1758088307.74438,33629.0,184.73242,36072.0,198.15244,104.0,2.88889,6371.0,176.97223,2.0
1758088307.76265,33621.0,184.68848,36406.0,199.98718,189.0,5.25,6733.0,187.02777,2.0
1758088307.76709,33608.0,184.61707,36746.0,201.85489,306.0,8.5,6660.0,185.0,2.0
1758088307.78265,33592.0,184.52917,37083.0,203.70612,338.0,9.38889,6656.0,184.88889,2.0
1758088307.78443,33574.0,184.4303,37412.0,205.51338,331.0,9.19444,6344.0,176.22223,2.0
1758088307.80061,33556.0,184.33142,37722.0,207.21629,355.0,9.86111,5923.0,164.52777,2.0
1758088307.80141,33536.0,184.22156,38010.0,208.79834,442.0,12.27778,5539.0,153.86111,2.0
1758088307.8168,33514.0,184.10071,38274.0,210.24858,437.0,12.13889,4972.0,138.11111,2.0
1758088307.83521,33495.0,183.99634,38506.0,211.52299,307.0,8.52778,4320.0,120.0,2.0
1758088307.83601,33482.0,183.92493,38708.0,212.63263,238.0,6.61111,3795.0,105.41666,2.0
1758088307.85429,33468.0,183.84802,38887.0,213.61594,329.0,9.13889,3359.0,93.30556,2.0
1758088307.85643,33450.0,183.74915,39040.0,214.45641,356.0,9.88889,2742.0,76.16666,2.0
1758088307.87428,33428.0,183.6283,39162.0,215.12657,509.0,14.13889,2169.0,60.25,2.0
1758088307.87585,33399.0,183.46898,39254.0,215.63194,664.0,18.44444,1556.0,43.22222,2.0
1758088307.89455,33360.0,183.25475,39319.0,215.98903,830.0,23.05556,1054.0,29.27778,2.0
1758088307.89501,33314.0,183.00206,39357.0,216.19777,978.0,27.16667,533.0,14.80556,2.0
1758088307.91088,33256.0,182.68346,39370.0,216.26918,1262.0,35.05556,47.0,1.30556,2.0
1758088307.91167,33186.0,182.29893,39368.0,216.25819,1430.0,39.72222,-16.0,-0.44444,2.0
1758088307.92683,33108.0,181.87044,39368.0,216.25819,1638.0,45.5,-16.0,-0.44444,2.0
1758088307.94369,33022.0,181.39803,39366.0,216.24721,1738.0,48.27778,-49.0,-1.36111,2.0
1758088307.94444,32932.0,180.90364,39362.0,216.22523,1770.0,49.16667,-110.0,-3.05556,2.0
1758088307.96064,32840.0,180.39825,39355.0,216.18678,1825.0,50.69444,-150.0,-4.16667,2.0
1758088307.96147,32747.0,179.88739,39346.0,216.13734,1848.0,51.33333,-199.0,-5.52778,2.0
1758088307.97687,32654.0,179.37651,39335.0,216.07692,1847.0,51.30556,-214.0,-5.94444,2.0
1758088307.99443,32557.0,178.84367,39320.0,215.99452,1962.0,54.5,-349.0,-9.69444,2.0
1758088307.99556,32452.0,178.26689,39304.0,215.90663,2176.0,60.44444,-302.0,-8.38889,2.0
1758088308.01084,32335.0,177.62418,39292.0,215.84068,2446.0,67.94444,-129.0,-3.58333,2.0
1758088308.012,32202.0,176.89357,39291.0,215.83519,2759.0,76.63889,18.0,0.5,2.0
1758088308.02764,32053.0,176.07507,39291.0,215.83519,3089.0,85.80556,0.0,0.0,2.0
1758088308.03208,31890.0,175.17967,39291.0,215.83519,3340.0,92.77778,0.0,0.0,2.0
1758088308.04862,31715.0,174.21835,39291.0,215.83519,3526.0,97.94444,0.0,0.0,2.0
1758088308.04989,31532.0,173.21309,39291.0,215.83519,3668.0,101.88889,0.0,0.0,2.0
1758088308.06593,31350.0,172.21332,39290.0,215.8297,3531.0,98.08334,-14.0,-0.38889,2.0
1758088308.0819,31178.0,171.26849,39284.0,215.79674,3207.0,89.08334,-209.0,-5.80556,2.0
1758088308.08445,31032.0,170.46646,39267.0,215.70335,2631.0,73.08334,-401.0,-11.13889,2.0
1758088308.09989,30918.0,169.84024,39236.0,215.53307,2011.0,55.86111,-754.0,-20.94444,2.0
1758088308.10101,30839.0,169.40627,39182.0,215.23643,1240.0,34.44444,-1330.0,-36.94444,2.0
1758088308.11586,30794.0,169.15907,39097.0,214.76952,641.0,17.80556,-1910.0,-53.05556,2.0
1758088308.13184,30781.0,169.08766,38982.0,214.13779,-14.0,-0.38889,-2525.0,-70.13889,2.0
1758088308.13305,30792.0,169.14809,38838.0,213.34677,-335.0,-9.30556,-3029.0,-84.13889,2.0
1758088308.15107,30816.0,169.27992,38676.0,212.45685,-512.0,-14.22222,-3285.0,-91.25,2.0
1758088308.15183,30846.0,169.44472,38510.0,211.54497,-631.0,-17.52778,-3259.0,-90.52778,2.0
1758088308.17187,30879.0,169.62599,38350.0,210.66606,-671.0,-18.63889,-3084.0,-85.66666,2.0
1758088308.17542,30916.0,169.82925,38198.0,209.83109,-777.0,-21.58333,-2985.0,-82.91666,2.0
1758088308.19087,30961.0,170.07645,38046.0,208.99612,-975.0,-27.08333,-3084.0,-85.66666,2.0
1758088308.19164,31021.0,170.40604,37879.0,208.07874,-1437.0,-39.91667,-3407.0,-94.63889,2.0
1758088308.2068,31114.0,170.91692,37694.0,207.06248,-2127.0,-59.08333,-3857.0,-107.13889,2.0
1758088308.22765,31246.0,171.64203,37485.0,205.91438,-2983.0,-82.86111,-4359.0,-121.08334,2.0
1758088308.23208,31420.0,172.59784,37250.0,204.62349,-3814.0,-105.94444,-4883.0,-135.63889,2.0
1758088308.23534,31634.0,173.77341,36990.0,203.19522,-4535.0,-125.97222,-5311.0,-147.52777,2.0
1758088308.25169,31884.0,175.14671,36712.0,201.66811,-5274.0,-146.5,-5624.0,-156.22223,2.0
1758088308.25503,32172.0,176.72876,36411.0,200.01465,-6049.0,-168.02777,-6193.0,-172.02777,2.0
1758088308.27161,32498.0,178.51958,36081.0,198.20187,-6728.0,-186.88889,-6701.0,-186.13889,2.0
1758088308.27585,32858.0,180.49713,35734.0,196.29573,-7443.0,-206.75,-7030.0,-195.27777,2.0
1758088308.29166,33257.0,182.68895,35379.0,194.34561,-8285.0,-230.13889,-6888.0,-191.33333,2.0
1758088308.29501,33688.0,185.05655,35049.0,192.53285,-8610.0,-239.16667,-6196.0,-172.11111,2.0
1758088308.31082,34120.0,187.42961,34759.0,190.9398,-8315.0,-230.97223,-5343.0,-148.41667,2.0
1758088308.31162,34516.0,189.60495,34517.0,189.61044,-7340.0,-203.88889,-4327.0,-120.19444,2.0
1758088308.32687,34865.0,191.52208,34332.0,188.59418,-6587.0,-182.97223,-3156.0,-87.66666,2.0
1758088308.34606,35174.0,193.2195,34206.0,187.90204,-5713.0,-158.69444,-2024.0,-56.22222,2.0
1758088308.34683,35442.0,194.69168,34131.0,187.49004,-5025.0,-139.58333,-1166.0,-32.38889,2.0
1758088308.35021,35689.0,196.04851,34083.0,187.22636,-4803.0,-133.41667,-783.0,-21.75,2.0
1758088308.36596,35936.0,197.40535,34050.0,187.04509,-4908.0,-136.33333,-631.0,-17.52778,2.0
1758088308.38196,36192.0,198.81161,34014.0,186.84734,-5160.0,-143.33333,-794.0,-22.05556,2.0
1758088308.38446,36463.0,200.30029,33962.0,186.56169,-5563.0,-154.52777,-1254.0,-34.83333,2.0
1758088308.40069,36758.0,201.92081,33889.0,186.16068,-6010.0,-166.94444,-1592.0,-44.22222,2.0
1758088308.40147,37069.0,203.62921,33797.0,185.6553,-6200.0,-172.22223,-1931.0,-53.63889,2.0
1758088308.41685,37389.0,205.38704,33695.0,185.095,-6263.0,-173.97223,-2103.0,-58.41667,2.0
1758088308.43603,37703.0,207.11192,33589.0,184.5127,-6106.0,-169.61111,-2073.0,-57.58333,2.0
1758088308.43717,38001.0,208.7489,33488.0,183.95789,-5661.0,-157.25,-1868.0,-51.88889,2.0
1758088308.45655,38271.0,210.23209,33399.0,183.46898,-5113.0,-142.02777,-1621.0,-45.02778,2.0
1758088308.45693,38513.0,211.56145,33327.0,183.07347,-4513.0,-125.36111,-1290.0,-35.83333,2.0
1758088308.47608,38722.0,212.70953,33270.0,182.76036,-3847.0,-106.86111,-967.0,-26.86111,2.0
1758088308.47737,38895.0,213.65988,33229.0,182.53514,-3123.0,-86.75,-714.0,-19.83333,2.0
1758088308.49629,39031.0,214.40695,33198.0,182.36485,-2320.0,-64.44444,-534.0,-14.83333,2.0
1758088308.49703,39129.0,214.9453,33175.0,182.23851,-1665.0,-46.25,-398.0,-11.05556,2.0
1758088308.51529,39193.0,215.29686,33159.0,182.15062,-1020.0,-28.33333,-286.0,-7.94444,2.0
1758088308.51609,39229.0,215.49461,33143.0,182.0627,-528.0,-14.66667,-333.0,-9.25,2.0
1758088308.5345,39242.0,215.56602,33120.0,181.93636,-64.0,-1.77778,-491.0,-13.63889,2.0
1758088308.53599,39238.0,215.54405,33087.0,181.75508,137.0,3.80556,-822.0,-22.83333,2.0
1758088308.55187,39228.0,215.48912,33034.0,181.46394,270.0,7.5,-1169.0,-32.47222,2.0
1758088308.55699,39213.0,215.40672,32969.0,181.10689,323.0,8.97222,-1392.0,-38.66667,2.0
1758088308.57432,39192.0,215.29137,32890.0,180.67291,460.0,12.77778,-1651.0,-45.86111,2.0
1758088308.575,39164.0,215.13756,32801.0,180.18402,636.0,17.66667,-1854.0,-51.5,2.0
1758088308.59085,39122.0,214.90685,32701.0,179.63469,990.0,27.5,-2035.0,-56.52778,2.0
1758088308.5921,39067.0,214.60472,32593.0,179.04143,1144.0,31.77778,-2207.0,-61.30556,2.0
1758088308.60767,39005.0,214.26413,32475.0,178.39323,1337.0,37.13889,-2394.0,-66.5,2.0
1758088308.61552,38934.0,213.87411,32349.0,177.70108,1393.0,38.69444,-2557.0,-71.02778,2.0
1758088308.63082,38861.0,213.47311,32213.0,176.95399,1442.0,40.05556,-2748.0,-76.33334,2.0
1758088308.63166,38790.0,213.0831,32068.0,176.15747,1326.0,36.83333,-2964.0,-82.33334,2.0
1758088308.64763,38726.0,212.73151,31912.0,175.30052,1238.0,34.38889,-3172.0,-88.11111,2.0
1758088308.6553,38672.0,212.43488,31746.0,174.38864,939.0,26.08333,-3360.0,-93.33334,2.0
1758088308.67084,38631.0,212.20966,31575.0,173.44931,695.0,19.30556,-3418.0,-94.94444,2.0
1758088308.67202,38598.0,212.02838,31404.0,172.50995,600.0,16.66667,-3320.0,-92.22222,2.0
1758088308.68683,38576.0,211.90753,31239.0,171.60358,291.0,8.08333,-3200.0,-88.88889,2.0
1758088308.70569,38568.0,211.86359,31083.0,170.74663,134.0,3.72222,-2914.0,-80.94444,2.0
1758088308.70615,38556.0,211.79767,30952.0,170.02701,342.0,9.5,-2360.0,-65.55556,2.0
1758088308.7219,38531.0,211.66034,30855.0,169.49416,643.0,17.86111,-1604.0,-44.55556,2.0
1758088308.72457,38491.0,211.4406,30799.0,169.18654,893.0,24.80556,-738.0,-20.5,2.0
1758088308.73983,38438.0,211.14946,30783.0,169.09865,1121.0,31.13889,-2.0,-0.05556,2.0
1758088308.74104,38377.0,210.81438,30792.0,169.14809,1361.0,37.80556,262.0,7.27778,2.0
1758088308.75624,38293.0,210.35295,30814.0,169.26894,1846.0,51.27778,595.0,16.52778,2.0
1758088308.77457,38183.0,209.74869,30858.0,169.51064,2407.0,66.86111,1115.0,30.97222,2.0
1758088308.77628,38045.0,208.99063,30928.0,169.89517,3010.0,83.61111,1652.0,45.88889,2.0
1758088308.79374,37875.0,208.05676,31031.0,170.46097,3629.0,100.80556,2285.0,63.47222,2.0
1758088308.79536,37673.0,206.94713,31163.0,171.18608,4218.0,117.16666,2839.0,78.86111,2.0
1758088308.81081,37445.0,205.69466,31317.0,172.03204,4653.0,129.25,3204.0,89.0,2.0
1758088308.81161,37198.0,204.33783,31490.0,172.98238,5055.0,140.41667,3550.0,98.61111,2.0
1758088308.82794,36929.0,202.86014,31681.0,174.03159,5485.0,152.36111,3937.0,109.36111,2.0
1758088308.83409,36642.0,201.28358,31889.0,175.17418,5767.0,160.19444,4291.0,119.19444,2.0
1758088308.84986,36345.0,199.6521,32115.0,176.41565,5961.0,165.58333,4623.0,128.41667,2.0
1758088308.85066,36032.0,197.93271,32360.0,177.76151,6378.0,177.16667,5030.0,139.72223,2.0
1758088308.86576,35697.0,196.09245,32630.0,179.24467,6786.0,188.5,5500.0,152.77777,2.0
1758088308.88194,35355.0,194.21378,32923.0,180.8542,6682.0,185.61111,5942.0,165.05556,2.0
1758088308.88264,35022.0,192.38454,33238.0,182.58458,6477.0,179.91667,6463.0,179.52777,2.0
1758088308.90057,34710.0,190.67064,33581.0,184.46875,5895.0,163.75,6970.0,193.61111,2.0
1758088308.90097,34427.0,189.11603,33946.0,186.4738,5393.0,149.80556,7310.0,203.05556,2.0
1758088308.91686,34168.0,187.69328,34310.0,188.47333,4879.0,135.52777,7084.0,196.77777,2.0
1758088308.92193,33947.0,186.47929,34652.0,190.35202,3933.0,109.25,6486.0,180.16667,2.0
1758088308.94151,33782.0,185.57291,34959.0,192.03847,2732.0,75.88889,5736.0,159.33333,2.0
1758088308.94308,33678.0,185.00162,35237.0,193.56558,1579.0,43.86111,5319.0,147.75,2.0
1758088308.96164,33624.0,184.70496,35496.0,194.98833,674.0,18.72222,5026.0,139.61111,2.0
1758088308.96365,33608.0,184.61707,35746.0,196.36165,111.0,3.08333,4912.0,136.44444,2.0
1758088308.98169,33608.0,184.61707,35998.0,197.74594,0.0,0.0,5060.0,140.55556,2.0
1758088308.98366,33607.0,184.61157,36264.0,199.20715,51.0,1.41667,5392.0,149.77777,2.0
1758088308.99884,33600.0,184.57312,36548.0,200.76723,197.0,5.47222,5726.0,159.05556,2.0
1758088309.00085,33583.0,184.47974,36846.0,202.40421,453.0,12.58333,5986.0,166.27777,2.0
1758088309.0168,33555.0,184.32593,37153.0,204.09064,627.0,17.41667,6157.0,171.02777,2.0
1758088309.03467,33518.0,184.12268,37462.0,205.78804,776.0,21.55556,5971.0,165.86111,2.0
1758088309.03529,33481.0,183.91943,37760.0,207.42505,642.0,17.83333,5679.0,157.75,2.0
1758088309.05082,33451.0,183.75464,38035.0,208.9357,571.0,15.86111,5270.0,146.38889,2.0
1758088309.05165,33423.0,183.60083,38284.0,210.30351,512.0,14.22222,4674.0,129.83333,2.0
1758088309.06769,33398.0,183.46349,38502.0,211.50102,494.0,13.72222,4033.0,112.02778,2.0
1758088309.07204,33374.0,183.33165,38689.0,212.52826,459.0,12.75,3487.0,96.86111,2.0
1758088309.09101,33356.0,183.23277,38846.0,213.39072,245.0,6.80556,2814.0,78.16666,2.0
1758088309.09184,33349.0,183.19432,38971.0,214.07736,95.0,2.63889,2167.0,60.19444,2.0
1758088309.11139,33345.0,183.17235,39067.0,214.60472,63.0,1.75,1681.0,46.69444,2.0
1758088309.11226,33340.0,183.14488,39137.0,214.98924,153.0,4.25,1219.0,33.86111,2.0
1758088309.13422,33325.0,183.06248,39187.0,215.2639,410.0,11.38889,786.0,21.83333,2.0
1758088309.13697,33295.0,182.89769,39213.0,215.40672,740.0,20.55556,272.0,7.55556,2.0
1758088309.15342,33249.0,182.645,39214.0,215.41222,1008.0,28.0,-65.0,-1.80556,2.0
1758088309.15623,33193.0,182.33739,39210.0,215.39024,1160.0,32.22222,-100.0,-2.77778,2.0
1758088309.17179,33131.0,181.99678,39203.0,215.35179,1321.0,36.69444,-200.0,-5.55556,2.0
1758088309.17681,33064.0,181.62874,39187.0,215.2639,1299.0,36.08333,-386.0,-10.72222,2.0
1758088309.19224,32998.0,181.26619,39162.0,215.12657,1317.0,36.58333,-587.0,-16.30556,2.0
1758088309.19619,32933.0,180.90913,39128.0,214.9398,1276.0,35.44444,-712.0,-19.77778,2.0
1758088309.21179,32865.0,180.53558,39091.0,214.73656,1395.0,38.75,-731.0,-20.30556,2.0
1758088309.21439,32789.0,180.1181,39051.0,214.51683,1549.0,43.02778,-882.0,-24.5,2.0
1758088309.23069,32702.0,179.64018,39008.0,214.28061,1850.0,51.38889,-796.0,-22.11111,2.0
1758088309.23186,32596.0,179.05791,38974.0,214.09384,2291.0,63.63889,-586.0,-16.27778,2.0
1758088309.24688,32467.0,178.34929,38953.0,213.97849,2748.0,76.33334,-283.0,-7.86111,2.0
1758088309.34057,32313.0,177.50331,38945.0,213.93454,3277.0,91.02778,-66.0,-1.83333,2.0
1758088309.34123,32134.0,176.52002,38945.0,213.93454,3751.0,104.19444,0.0,0.0,2.0
1758088309.34436,31933.0,175.41588,38945.0,213.93454,4120.0,114.44444,0.0,0.0,2.0
1758088309.34549,31716.0,174.22385,38945.0,213.93454,4394.0,122.05556,0.0,0.0,2.0
1758088309.35154,31489.0,172.97688,38945.0,213.93454,4497.0,124.91666,0.0,0.0,2.0
1758088309.35529,31263.0,171.73541,38943.0,213.92355,4390.0,121.94444,-53.0,-1.47222,2.0
1758088309.35605,31049.0,170.55986,38935.0,213.87961,4046.0,112.38889,-278.0,-7.72222,2.0
1758088309.35874,30859.0,169.51613,38910.0,213.74228,3520.0,97.77778,-651.0,-18.08333,2.0
1758088309.36032,30696.0,168.62074,38867.0,213.50607,2963.0,82.30556,-972.0,-27.0,2.0
1758088309.3614,30565.0,167.90112,38806.0,213.17099,2315.0,64.30556,-1410.0,-39.16667,2.0
1758088309.36225,30468.0,167.36827,38718.0,212.68756,1589.0,44.13889,-1974.0,-54.83333,2.0
1758088309.36649,30409.0,167.04417,38602.0,212.05035,873.0,24.25,-2508.0,-69.66666,2.0
1758088309.38189,30387.0,166.92332,38461.0,211.2758,88.0,2.44444,-2929.0,-81.36111,2.0
1758088309.38683,30399.0,166.98924,38309.0,210.44084,-398.0,-11.05556,-2985.0,-82.91666,2.0
1758088309.40184,30422.0,167.11559,38160.0,209.62234,-502.0,-13.94444,-2891.0,-80.30556,2.0
1758088309.40471,30450.0,167.26939,38018.0,208.84232,-617.0,-17.13889,-2795.0,-77.63889,2.0
1758088309.42204,30491.0,167.49461,37872.0,208.04028,-960.0,-26.66667,-2967.0,-82.41666,2.0
1758088309.42461,30558.0,167.86267,37711.0,207.15587,-1586.0,-44.05556,-3331.0,-92.52778,2.0
1758088309.44184,30658.0,168.412,37531.0,206.1671,-2323.0,-64.52778,-3780.0,-105.0,2.0
1758088309.44629,30798.0,169.18105,37326.0,205.04097,-3122.0,-86.72222,-4293.0,-119.25,2.0
1758088309.53007,30977.0,170.16434,37095.0,203.77203,-3889.0,-108.02778,-4792.0,-133.11111,2.0
1758088309.53071,31196.0,171.36737,36841.0,202.37674,-4674.0,-129.83333,-5168.0,-143.55556,2.0
1758088309.53583,31453.0,172.77913,36568.0,200.87709,-5421.0,-150.58333,-5634.0,-156.5,2.0
1758088309.5366,31746.0,174.38864,36265.0,199.21265,-6092.0,-169.22223,-6220.0,-172.77777,2.0
1758088309.53769,32075.0,176.19592,35936.0,197.40535,-6884.0,-191.22223,-6645.0,-184.58333,2.0
1758088309.5417,32447.0,178.23941,35587.0,195.4882,-7657.0,-212.69444,-7026.0,-195.16667,2.0
1758088309.54272,32852.0,180.46417,35238.0,193.57108,-8197.0,-227.69444,-6703.0,-186.19444,2.0
1758088309.54335,33270.0,182.76036,34924.0,191.84618,-8241.0,-228.91667,-5805.0,-161.25,2.0
1758088309.54538,33665.0,184.93021,34659.0,190.39047,-7419.0,-206.08333,-4784.0,-132.88889,2.0
1758088309.546,34020.0,186.88029,34448.0,189.23141,-6652.0,-184.77777,-3623.0,-100.63889,2.0
1758088309.5629,34328.0,188.5722,34300.0,188.4184,-5640.0,-156.66667,-2360.0,-65.55556,2.0
1758088309.56608,34587.0,189.99496,34211.0,187.9295,-4763.0,-132.30556,-1368.0,-38.0,2.0
1758088309.58189,34812.0,191.23094,34164.0,187.67131,-4281.0,-118.91666,-651.0,-18.08333,2.0
1758088309.58309,35026.0,192.40651,34139.0,187.53398,-4218.0,-117.16666,-452.0,-12.55556,2.0
1758088309.60134,35246.0,193.61502,34109.0,187.36919,-4444.0,-123.44444,-719.0,-19.97222,2.0
1758088309.60309,35483.0,194.91692,34063.0,187.1165,-4870.0,-135.27777,-1056.0,-29.33333,2.0
1758088309.62148,35746.0,196.36165,33999.0,186.76494,-5468.0,-151.88889,-1444.0,-40.11111,2.0
1758088309.62233,36035.0,197.94919,33912.0,186.28702,-5881.0,-163.36111,-1844.0,-51.22222,2.0
1758088309.64266,36334.0,199.59167,33812.0,185.7377,-5921.0,-164.47223,-2099.0,-58.30556,2.0
1758088309.67684,36635.0,201.24513,33706.0,185.15543,-5942.0,-165.05556,-2112.0,-58.66667,2.0
1758088309.70129,36931.0,202.87112,33603.0,184.5896,-5739.0,-159.41667,-1963.0,-54.52778,2.0
1758088309.70197,37206.0,204.38177,33509.0,184.07324,-5218.0,-144.94444,-1709.0,-47.47222,2.0
1758088309.70628,37456.0,205.75508,33430.0,183.63928,-4718.0,-131.05556,-1484.0,-41.22222,2.0
1758088309.70702,37681.0,206.99107,33366.0,183.2877,-4201.0,-116.69444,-1123.0,-31.19444,2.0
1758088309.70977,37879.0,208.07874,33314.0,183.00206,-3678.0,-102.16666,-982.0,-27.27778,2.0
1758088309.71035,38051.0,209.02359,33268.0,182.74937,-3183.0,-88.41666,-787.0,-21.86111,2.0
1758088309.71157,38200.0,209.84207,33230.0,182.54063,-2775.0,-77.08334,-752.0,-20.88889,2.0
1758088309.72799,38331.0,210.56169,33187.0,182.30443,-2434.0,-67.61111,-912.0,-25.33333,2.0
1758088309.7356,38446.0,211.19341,33138.0,182.03523,-2155.0,-59.86111,-1004.0,-27.88889,2.0
1758088309.75089,38542.0,211.72076,33088.0,181.76057,-1679.0,-46.63889,-972.0,-27.0,2.0
1758088309.75167,38615.0,212.12177,33036.0,181.47493,-1241.0,-34.47222,-1048.0,-29.11111,2.0
1758088309.76688,38663.0,212.38544,32983.0,181.18379,-772.0,-21.44444,-1060.0,-29.44444,2.0
1758088309.78368,38691.0,212.53925,32925.0,180.86519,-371.0,-10.30556,-1215.0,-33.75,2.0
1758088309.78593,38697.0,212.5722,32861.0,180.51361,25.0,0.69444,-1282.0,-35.61111,2.0
1758088309.80187,38691.0,212.53925,32790.0,180.1236,155.0,4.30556,-1495.0,-41.52778,2.0
1758088309.80265,38682.0,212.48981,32712.0,179.69513,174.0,4.83333,-1567.0,-43.52778,2.0
1758088309.81945,38671.0,212.42938,32629.0,179.23918,295.0,8.19444,-1657.0,-46.02778,2.0
1758088309.82062,38652.0,212.32501,32545.0,178.77776,381.0,10.58333,-1684.0,-46.77778,2.0
1758088309.83587,38626.0,212.18219,32460.0,178.31084,632.0,17.55556,-1614.0,-44.83333,2.0
1758088309.85536,38585.0,211.95697,32380.0,177.87137,883.0,24.52778,-1576.0,-43.77778,2.0
1758088309.85584,38540.0,211.70978,32303.0,177.44838,913.0,25.36111,-1509.0,-41.91667,2.0
1758088309.87618,38491.0,211.4406,32227.0,177.0309,998.0,27.72222,-1484.0,-41.22222,2.0
1758088309.87656,38439.0,211.15495,32151.0,176.6134,985.0,27.36111,-1556.0,-43.22222,2.0
1758088309.89621,38396.0,210.91875,32071.0,176.17395,760.0,21.11111,-1603.0,-44.52778,2.0
1758088309.89658,38357.0,210.70451,31990.0,175.729,787.0,21.86111,-1609.0,-44.69444,2.0
1758088309.91591,38319.0,210.49577,31916.0,175.32249,742.0,20.61111,-1415.0,-39.30556,2.0
1758088309.91663,38282.0,210.29253,31849.0,174.95445,678.0,18.83333,-1232.0,-34.22222,2.0
1758088309.95608,38251.0,210.12222,31795.0,174.65781,652.0,18.11111,-970.0,-26.94444,2.0
1758088309.98189,38216.0,209.92996,31749.0,174.40512,693.0,19.25,-832.0,-23.11111,2.0
1758088310.0615,38183.0,209.74869,31712.0,174.20187,579.0,16.08333,-619.0,-17.19444,2.0
1758088310.08675,38157.0,209.60587,31685.0,174.05356,440.0,12.22222,-495.0,-13.75,2.0
1758088310.11113,38137.0,209.496,31663.0,173.93271,344.0,9.55556,-443.0,-12.30556,2.0
1758088310.11156,38122.0,209.4136,31642.0,173.81735,279.0,7.75,-393.0,-10.91667,2.0
1758088310.11586,38107.0,209.33121,31623.0,173.71298,347.0,9.63889,-327.0,-9.08333,2.0
1758088310.11675,38081.0,209.18839,31610.0,173.64157,652.0,18.11111,-163.0,-4.52778,2.0
1758088310.12052,38037.0,208.94669,31611.0,173.64706,1041.0,28.91667,108.0,3.0,2.0
1758088310.12092,37969.0,208.57312,31616.0,173.67453,1597.0,44.36111,83.0,2.30556,2.0
1758088310.12314,37868.0,208.01831,31622.0,173.70749,2310.0,64.16666,174.0,4.83333,2.0
1758088310.126,37728.0,207.24925,31637.0,173.78989,3088.0,85.77778,379.0,10.52778,2.0
1758088310.12735,37553.0,206.28795,31662.0,173.92722,3712.0,103.11111,591.0,16.41667,2.0
1758088310.13197,37355.0,205.20027,31701.0,174.14145,4083.0,113.41666,917.0,25.47222,2.0
1758088310.13661,37138.0,204.00824,31760.0,174.46555,4490.0,124.72222,1359.0,37.75,2.0
1758088310.13943,36901.0,202.70633,31840.0,174.90501,4887.0,135.75,1783.0,49.52778,2.0
1758088310.1407,36642.0,201.28358,31946.0,175.4873,5303.0,147.30556,2284.0,63.44444,2.0
1758088310.14179,36364.0,199.75647,32077.0,176.20691,5675.0,157.63889,2794.0,77.61111,2.0
1758088310.14255,36065.0,198.11398,32232.0,177.05836,6103.0,169.52777,3237.0,89.91666,2.0
1758088310.14604,35744.0,196.35066,32406.0,178.01419,6266.0,174.05556,3502.0,97.27778,2.0
1758088310.14682,35438.0,194.66971,32580.0,178.97002,5844.0,162.33333,3344.0,92.88889,2.0
1758088310.15586,35161.0,193.14809,32736.0,179.82697,5151.0,143.08333,2878.0,79.94444,2.0
1758088310.15647,34926.0,191.85716,32870.0,180.56305,4211.0,116.97222,2466.0,68.5,2.0
1758088310.16125,34739.0,190.82994,32991.0,181.22774,3295.0,91.52778,2348.0,65.22222,2.0
1758088310.1617,34590.0,190.01144,33116.0,181.91438,2707.0,75.19444,2574.0,71.5,2.0
1758088310.17689,34465.0,189.3248,33264.0,182.7274,2321.0,64.47222,3169.0,88.02778,2.0
1758088310.19419,34352.0,188.70404,33447.0,183.73267,2132.0,59.22222,3987.0,110.75,2.0
1758088310.19672,34247.0,188.12726,33673.0,184.97415,1987.0,55.19444,4869.0,135.25,2.0
1758088310.20188,34147.0,187.57793,33944.0,186.46281,1946.0,54.05556,5694.0,158.16667,2.0
1758088310.21701,34054.0,187.06706,34252.0,188.15472,1809.0,50.25,6413.0,178.13889,2.0
1758088310.23497,33969.0,186.60014,34594.0,190.03342,1549.0,43.02778,6998.0,194.38889,2.0
1758088310.23669,33898.0,186.21011,34951.0,191.99452,1273.0,35.36111,7030.0,195.27777,2.0
1758088310.25376,33849.0,185.94095,35307.0,193.9501,720.0,20.0,7005.0,194.58333,2.0
1758088310.25537,33825.0,185.80911,35651.0,195.83977,290.0,8.05556,6600.0,183.33333,2.0
1758088310.27212,33820.0,185.78165,35975.0,197.6196,-7.0,-0.19444,6248.0,173.55556,2.0
1758088310.27616,33820.0,185.78165,36282.0,199.30603,0.0,0.0,5937.0,164.91667,2.0
1758088310.29092,33820.0,185.78165,36576.0,200.92104,0.0,0.0,5652.0,157.0,2.0
1758088310.29171,33819.0,185.77615,36853.0,202.44266,20.0,0.55556,5379.0,149.41667,2.0
1758088310.31017,33816.0,185.75967,37119.0,203.90387,133.0,3.69444,5209.0,144.69444,2.0
1758088310.31484,33803.0,185.68826,37377.0,205.32112,331.0,9.19444,5025.0,139.58333,2.0
1758088310.33184,33781.0,185.56741,37625.0,206.68346,535.0,14.86111,4770.0,132.5,2.0
1758088310.33232,33747.0,185.38065,37860.0,207.97437,745.0,20.69444,4566.0,126.83334,2.0
1758088310.35185,33704.0,185.14444,38086.0,209.21585,928.0,25.77778,4295.0,119.30556,2.0
1758088310.35228,33648.0,184.83679,38294.0,210.35844,1216.0,33.77778,3926.0,109.05556,2.0
1758088310.3699,33584.0,184.48523,38479.0,211.37468,1299.0,36.08333,3449.0,95.80556,2.0
1758088310.37064,33519.0,184.12817,38635.0,212.23163,1293.0,35.91667,2787.0,77.41666,2.0
1758088310.38601,33458.0,183.79309,38758.0,212.90729,1151.0,31.97222,2140.0,59.44444,2.0
1758088310.40272,33399.0,183.46898,38849.0,213.4072,1171.0,32.52778,1521.0,42.25,2.0
1758088310.40683,33338.0,183.1339,38912.0,213.75327,1189.0,33.02778,1030.0,28.61111,2.0
1758088310.41521,33274.0,182.78233,38947.0,213.94553,1365.0,37.91667,436.0,12.11111,2.0
1758088310.43173,33200.0,182.37584,38954.0,213.98398,1501.0,41.69444,-35.0,-0.97222,2.0
1758088310.43533,33120.0,181.93636,38952.0,213.97299,1720.0,47.77778,-8.0,-0.22222,2.0
1758088310.45175,33029.0,181.43648,38952.0,213.97299,1856.0,51.55556,-16.0,-0.44444,2.0
1758088310.45428,32932.0,180.90364,38950.0,213.96201,1904.0,52.88889,-65.0,-1.80556,2.0
1758088310.47157,32835.0,180.37079,38944.0,213.92905,1908.0,53.0,-136.0,-3.77778,2.0
1758088310.47486,32741.0,179.85443,38934.0,213.87411,1802.0,50.05556,-297.0,-8.25,2.0
1758088310.49074,32657.0,179.39299,38912.0,213.75327,1602.0,44.5,-511.0,-14.19444,2.0
1758088310.49159,32577.0,178.95354,38883.0,213.59396,1547.0,42.97222,-583.0,-16.19444,2.0
1758088310.50688,32498.0,178.51958,38855.0,213.44016,1573.0,43.69444,-520.0,-14.44444,2.0
1758088310.52365,32415.0,178.06363,38831.0,213.30832,1677.0,46.58333,-436.0,-12.11111,2.0
1758088310.53187,32322.0,177.55276,38809.0,213.18747,1963.0,54.52778,-364.0,-10.11111,2.0
1758088310.53618,32213.0,176.95399,38792.0,213.09409,2316.0,64.33334,-311.0,-8.63889,2.0
1758088310.55618,32089.0,176.27283,38778.0,213.01715,2578.0,71.61111,-256.0,-7.11111,2.0
1758088310.55664,31956.0,175.54224,38766.0,212.95123,2695.0,74.86111,-242.0,-6.72222,2.0
1758088310.57597,31817.0,174.77867,38750.0,212.86334,2769.0,76.91666,-315.0,-8.75,2.0
1758088310.57668,31678.0,174.01511,38733.0,212.76996,2773.0,77.02778,-338.0,-9.38889,2.0
1758088310.59465,31541.0,173.26253,38713.0,212.6601,2702.0,75.05556,-449.0,-12.47222,2.0
1758088310.59723,31407.0,172.52643,38686.0,212.51178,2582.0,71.72222,-669.0,-18.58333,2.0
1758088310.6008,31282.0,171.83978,38642.0,212.27008,2398.0,66.61111,-993.0,-27.58333,2.0
1758088310.61592,31166.0,171.20256,38584.0,211.95148,2219.0,61.63889,-1235.0,-34.30556,2.0
1758088310.63436,31062.0,170.63127,38514.0,211.56694,1951.0,54.19444,-1560.0,-43.33333,2.0
1758088310.63711,30972.0,170.13687,38426.0,211.08354,1642.0,45.61111,-1858.0,-51.61111,2.0
1758088310.65554,30895.0,169.71388,38322.0,210.51225,1381.0,38.36111,-2173.0,-60.36111,2.0
1758088310.65591,30833.0,169.37331,38203.0,209.85855,1074.0,29.83333,-2523.0,-70.08334,2.0
1758088310.67529,30786.0,169.11513,38066.0,209.10599,818.0,22.72222,-2884.0,-80.11111,2.0
1758088310.67714,30755.0,168.94484,37907.0,208.23254,423.0,11.75,-3329.0,-92.47222,2.0
1758088310.69624,30748.0,168.90639,37728.0,207.24925,-94.0,-2.61111,-3693.0,-102.58334,2.0
1758088310.69663,30766.0,169.00526,37534.0,206.18358,-525.0,-14.58333,-3965.0,-110.13889,2.0
1758088310.71594,30806.0,169.22499,37324.0,205.02998,-992.0,-27.55556,-4305.0,-119.58334,2.0
1758088310.71672,30867.0,169.56007,37096.0,203.77753,-1376.0,-38.22222,-4606.0,-127.94444,2.0
1758088310.73594,30951.0,170.02151,36854.0,202.44815,-1916.0,-53.22222,-4922.0,-136.72223,2.0
1758088310.73672,31063.0,170.63676,36596.0,201.0309,-2454.0,-68.16666,-5276.0,-146.55556,2.0
1758088310.75597,31204.0,171.41132,36314.0,199.48181,-3060.0,-85.0,-5810.0,-161.38889,2.0
1758088310.7567,31373.0,172.33966,36007.0,197.79538,-3531.0,-98.08334,-6139.0,-170.52777,2.0
1758088310.7752,31562.0,173.3779,35699.0,196.10344,-3816.0,-106.0,-6019.0,-167.19444,2.0
1758088310.77617,31756.0,174.44357,35407.0,194.49942,-3755.0,-104.30556,-5537.0,-153.80556,2.0
1758088310.79626,31941.0,175.45984,35147.0,193.07118,-3472.0,-96.44444,-4764.0,-132.33333,2.0
1758088310.79667,32105.0,176.36072,34927.0,191.86266,-3107.0,-86.30556,-4018.0,-111.61111,2.0
1758088310.81623,32253.0,177.17372,34741.0,190.84093,-2848.0,-79.11111,-3481.0,-96.69444,2.0
1758088310.81664,32399.0,177.97574,34575.0,189.92905,-2953.0,-82.02778,-3158.0,-87.72222,2.0
1758088310.83702,32558.0,178.84917,34422.0,189.08856,-3360.0,-93.33334,-2943.0,-81.75,2.0
1758088310.83841,32746.0,179.8819,34272.0,188.26459,-4002.0,-111.16666,-2928.0,-81.33334,2.0
1758088310.84255,32971.0,181.11787,34125.0,187.45708,-4773.0,-132.58333,-2926.0,-81.27778,2.0
1758088310.88169,33238.0,182.58458,33977.0,186.64409,-5587.0,-155.19444,-2890.0,-80.27778,2.0
1758088310.889,33536.0,184.22156,33832.0,185.84756,-6133.0,-170.36111,-2818.0,-78.27778,2.0
1758088310.89144,33859.0,185.99588,33697.0,185.10599,-6542.0,-181.72223,-2564.0,-71.22222,2.0
1758088310.89589,34199.0,187.86359,33578.0,184.45227,-6816.0,-189.33333,-2178.0,-60.5,2.0
1758088310.89676,34537.0,189.72031,33484.0,183.93591,-6538.0,-181.61111,-1619.0,-44.97222,2.0
1758088310.91628,34863.0,191.51109,33416.0,183.56238,-6397.0,-177.69444,-1101.0,-30.58333,2.0
1758088310.91671,35179.0,193.24696,33376.0,183.34264,-6085.0,-169.02777,-555.0,-15.41667,2.0
1758088310.92189,35479.0,194.89494,33356.0,183.23277,-5818.0,-161.61111,-254.0,-7.05556,2.0
1758088310.96986,35773.0,196.50996,33349.0,183.19432,-5832.0,-162.0,-74.0,-2.05556,2.0
1758088311.00313,36066.0,198.11948,33347.0,183.18333,-5738.0,-159.38889,-38.0,-1.05556,2.0
1758088311.00995,36352.0,199.69055,33343.0,183.16136,-5594.0,-155.38889,-90.0,-2.5,2.0
1758088311.01035,36637.0,201.25612,33335.0,183.11742,-5674.0,-157.61111,-272.0,-7.55556,2.0
1758088311.0115,36926.0,202.84366,33313.0,182.99657,-5700.0,-158.33333,-477.0,-13.25,2.0
1758088311.01588,37207.0,204.38727,33285.0,182.84276,-5483.0,-152.30556,-613.0,-17.02778,2.0
1758088311.01655,37478.0,205.87593,33255.0,182.67796,-5253.0,-145.91667,-578.0,-16.05556,2.0
1758088311.02149,37737.0,207.29869,33226.0,182.51866,-4946.0,-137.38889,-590.0,-16.38889,2.0
1758088311.02239,37974.0,208.60059,33194.0,182.34288,-4449.0,-123.58334,-634.0,-17.61111,2.0
1758088311.02575,38184.0,209.75418,33164.0,182.17809,-3890.0,-108.05556,-514.0,-14.27778,2.0
1758088311.06154,38361.0,210.72649,33147.0,182.08467,-3155.0,-87.63889,-199.0,-5.52778,2.0
1758088311.06234,38500.0,211.49004,33144.0,182.06819,-2423.0,-67.30556,27.0,0.75,2.0
1758088311.06654,38602.0,212.05035,33145.0,182.07368,-1760.0,-48.88889,-9.0,-0.25,2.0
1758088311.07628,38671.0,212.42938,33144.0,182.06819,-1116.0,-31.0,-22.0,-0.61111,2.0
1758088311.082,38711.0,212.64911,33140.0,182.04622,-587.0,-16.30556,-151.0,-4.19444,2.0
1758088311.08682,38727.0,212.737,33125.0,181.96382,-152.0,-4.22222,-372.0,-10.33333,2.0
1758088311.10205,38727.0,212.737,33099.0,181.821,50.0,1.38889,-664.0,-18.44444,2.0
1758088311.1044,38724.0,212.72052,33053.0,181.56831,63.0,1.75,-1106.0,-30.72222,2.0
1758088311.12201,38719.0,212.69305,32989.0,181.21675,132.0,3.66667,-1373.0,-38.13889,2.0
1758088311.12628,38708.0,212.63263,32911.0,180.78828,263.0,7.30556,-1680.0,-46.66667,2.0
1758088311.14205,38694.0,212.55573,32821.0,180.29388,341.0,9.47222,-1893.0,-52.58333,2.0
1758088311.14715,38671.0,212.42938,32717.0,179.7226,490.0,13.61111,-2109.0,-58.58333,2.0
1758088311.15604,38642.0,212.27008,32603.0,179.09636,645.0,17.91667,-2359.0,-65.52778,2.0
1758088311.17624,38603.0,212.05585,32476.0,178.39873,855.0,23.75,-2602.0,-72.27778,2.0
1758088311.17666,38559.0,211.81415,32337.0,177.63516,838.0,23.27778,-2834.0,-78.72222,2.0
1758088311.19,38517.0,211.58342,32185.0,176.80017,808.0,22.44444,-3096.0,-86.0,2.0
1758088311.1905,38478.0,211.36919,32019.0,175.88831,739.0,20.52778,-3421.0,-95.02778,2.0
1758088311.20791,38443.0,211.17693,31838.0,174.89403,599.0,16.63889,-3711.0,-103.08334,2.0
1758088311.23806,38421.0,211.05608,31646.0,173.83932,274.0,7.61111,-3855.0,-107.08334,2.0
1758088311.23846,38412.0,211.00664,31453.0,172.77913,139.0,3.86111,-3731.0,-103.63889,2.0
1758088311.24121,38403.0,210.9572,31272.0,171.78485,242.0,6.72222,-3405.0,-94.58334,2.0
1758088311.2419,38385.0,210.85832,31110.0,170.89494,481.0,13.36111,-3041.0,-84.47222,2.0
1758088311.25991,38350.0,210.66606,30970.0,170.12589,815.0,22.63889,-2577.0,-71.58334,2.0
1758088311.26031,38300.0,210.3914,30854.0,169.48866,1092.0,30.33333,-2093.0,-58.13889,2.0
1758088311.28048,38238.0,210.05081,30764.0,168.99428,1365.0,37.91667,-1574.0,-43.72222,2.0
1758088311.28627,38158.0,209.61136,30695.0,168.61525,1703.0,47.30556,-1196.0,-33.22222,2.0
1758088311.32353,38060.0,209.07303,30650.0,168.36804,2138.0,59.38889,-658.0,-18.27778,2.0
1758088311.3243,37939.0,208.40833,30628.0,168.24719,2597.0,72.13889,-270.0,-7.5,2.0
1758088311.3254,37793.0,207.60632,30626.0,168.23621,3084.0,85.66666,118.0,3.27778,2.0
1758088311.32618,37630.0,206.71092,30633.0,168.27466,3306.0,91.83334,122.0,3.38889,2.0
1758088311.34202,37464.0,205.79903,30637.0,168.29663,3192.0,88.66666,35.0,0.97222,2.0
1758088311.34696,37304.0,204.92012,30637.0,168.29663,3086.0,85.72222,0.0,0.0,2.0
1758088311.35176,37149.0,204.06866,30638.0,168.30212,3156.0,87.66666,9.0,0.25,2.0
1758088311.36801,36982.0,203.15128,30642.0,168.3241,3470.0,96.38889,154.0,4.27778,2.0
1758088311.37007,36795.0,202.12405,30661.0,168.42848,3844.0,106.77778,592.0,16.44444,2.0
1758088311.38594,36589.0,200.99245,30711.0,168.70314,4230.0,117.5,1316.0,36.55556,2.0
1758088311.40313,36364.0,199.75647,30798.0,169.18105,4598.0,127.72222,2004.0,55.66667,2.0
1758088311.40353,36119.0,198.41061,30922.0,169.86221,5065.0,140.69444,2756.0,76.55556,2.0
1758088311.41977,35847.0,196.91646,31083.0,170.74663,5605.0,155.69444,3454.0,95.94444,2.0
1758088311.42055,35551.0,195.29045,31279.0,171.8233,5993.0,166.47223,4145.0,115.13889,2.0
1758088311.43609,35250.0,193.63699,31509.0,173.08675,5883.0,163.41667,4854.0,134.83333,2.0
1758088311.45282,34960.0,192.04396,31777.0,174.55893,5567.0,154.63889,5562.0,154.5,2.0
1758088311.45439,34690.0,190.56078,32078.0,176.2124,5120.0,142.22223,6244.0,173.44444,2.0
1758088311.47108,34443.0,189.20395,32413.0,178.05264,4694.0,130.38889,6887.0,191.30556,2.0
1758088311.47154,34213.0,187.94049,32782.0,180.07965,4292.0,119.22222,7547.0,209.63889,2.0
1758088311.48885,34009.0,186.81987,33165.0,182.18358,3736.0,103.77778,7512.0,208.66667,2.0
1758088311.49395,33844.0,185.91348,33542.0,184.25452,2821.0,78.36111,7322.0,203.38889,2.0
1758088311.50999,33729.0,185.28177,33900.0,186.2211,1812.0,50.33333,6860.0,190.55556,2.0
1758088311.51176,33667.0,184.94119,34231.0,188.03937,843.0,23.41667,6338.0,176.05556,2.0
1758088311.53129,33648.0,184.83679,34545.0,189.76425,15.0,0.41667,6063.0,168.41667,2.0
1758088311.5346,33656.0,184.88074,34844.0,191.40672,-196.0,-5.44444,5814.0,161.5,2.0
1758088311.55184,33663.0,184.91919,35134.0,192.99977,-29.0,-0.80556,5690.0,158.05556,2.0
1758088311.55561,33660.0,184.90271,35425.0,194.5983,74.0,2.05556,5766.0,160.16667,2.0
1758088311.57589,33656.0,184.88074,35718.0,196.20784,92.0,2.55556,5788.0,160.77777,2.0
1758088311.57658,33650.0,184.84778,36010.0,197.81186,136.0,3.77778,5758.0,159.94444,2.0
1758088311.59552,33642.0,184.80383,36303.0,199.42139,163.0,4.52778,5763.0,160.08333,2.0
1758088311.5959,33631.0,184.74341,36592.0,201.00893,271.0,7.52778,5638.0,156.61111,2.0
1758088311.61754,33614.0,184.65002,36869.0,202.53055,371.0,10.30556,5403.0,150.08333,2.0
1758088311.64336,33590.0,184.51819,37135.0,203.99176,534.0,14.83333,5167.0,143.52777,2.0
1758088311.72938,33558.0,184.34241,37387.0,205.37605,729.0,20.25,4804.0,133.44444,2.0
1758088311.74713,33513.0,184.09521,37618.0,206.645,982.0,27.27778,4357.0,121.02778,2.0
1758088311.74769,33464.0,183.82605,37825.0,207.7821,985.0,27.36111,3882.0,107.83334,2.0
1758088311.75025,33410.0,183.52942,38008.0,208.78735,1095.0,30.41667,3435.0,95.41666,2.0
1758088311.75121,33353.0,183.21629,38166.0,209.6553,1130.0,31.38889,2864.0,79.55556,2.0
1758088311.7559,33296.0,182.90318,38294.0,210.35844,1161.0,32.25,2278.0,63.27778,2.0
1758088311.75705,33235.0,182.5681,38393.0,210.90227,1226.0,34.05556,1747.0,48.52778,2.0
1758088311.75877,33177.0,182.2495,38460.0,211.27031,1053.0,29.25,1017.0,28.25,2.0
1758088311.76051,33123.0,181.95284,38495.0,211.46257,1083.0,30.08333,496.0,13.77778,2.0
1758088311.7612,33071.0,181.66719,38508.0,211.53398,1047.0,29.08333,105.0,2.91667,2.0
1758088311.76237,33015.0,181.35957,38509.0,211.53947,1155.0,32.08333,-8.0,-0.22222,2.0
1758088311.76303,32953.0,181.019,38509.0,211.53947,1242.0,34.5,-4.0,-0.11111,2.0
1758088311.76619,32887.0,180.65643,38508.0,211.53398,1340.0,37.22222,-9.0,-0.25,2.0
1758088311.76804,32819.0,180.2829,38508.0,211.53398,1327.0,36.86111,-5.0,-0.13889,2.0
1758088311.76879,32755.0,179.93134,38508.0,211.53398,1252.0,34.77778,-5.0,-0.13889,2.0
1758088311.76992,32696.0,179.60722,38507.0,211.52849,1081.0,30.02778,-20.0,-0.55556,2.0
1758088311.78599,32645.0,179.32707,38506.0,211.52299,960.0,26.66667,-13.0,-0.36111,2.0
1758088311.80198,32596.0,179.05791,38506.0,211.52299,939.0,26.08333,0.0,0.0,2.0
1758088311.80609,32551.0,178.81071,38506.0,211.52299,897.0,24.91667,0.0,0.0,2.0
1758088311.82319,32501.0,178.53606,38506.0,211.52299,1044.0,29.0,0.0,0.0,2.0
1758088311.82362,32442.0,178.21194,38506.0,211.52299,1247.0,34.63889,0.0,0.0,2.0
1758088311.84138,32370.0,177.81644,38506.0,211.52299,1611.0,44.75,0.0,0.0,2.0
1758088311.84269,32278.0,177.31105,38506.0,211.52299,1995.0,55.41667,0.0,0.0,2.0
1758088311.8618,32162.0,176.67383,38507.0,211.52849,2490.0,69.16666,22.0,0.61111,2.0
1758088311.86594,32020.0,175.8938,38508.0,211.53398,2988.0,83.0,36.0,1.0,2.0
1758088311.92682,31854.0,174.98192,38511.0,211.55046,3484.0,96.77778,69.0,1.91667,2.0
1758088311.9273,31669.0,173.96567,38513.0,211.56145,3766.0,104.61111,0.0,0.0,2.0
1758088311.9295,31477.0,172.91096,38512.0,211.55595,3804.0,105.66666,-1.0,-0.02778,2.0
1758088311.92995,31287.0,171.86725,38511.0,211.55046,3690.0,102.5,-31.0,-0.86111,2.0
1758088311.93439,31109.0,170.88945,38507.0,211.52849,3350.0,93.05556,-128.0,-3.55556,2.0
1758088311.93585,30950.0,170.01602,38495.0,211.46257,2941.0,81.69444,-327.0,-9.08333,2.0
1758088311.93695,30816.0,169.27992,38471.0,211.33073,2440.0,67.77778,-587.0,-16.30556,2.0
1758088311.94068,30706.0,168.67567,38432.0,211.1165,1935.0,53.75,-916.0,-25.44444,2.0
1758088311.95685,30621.0,168.20874,38374.0,210.7979,1465.0,40.69444,-1335.0,-37.08333,2.0
1758088311.97428,30561.0,167.87915,38297.0,210.37492,1060.0,29.44444,-1668.0,-46.33333,2.0
1758088311.97701,30516.0,167.63194,38202.0,209.85306,717.0,19.91667,-2051.0,-56.97222,2.0
1758088311.99561,30489.0,167.48363,38088.0,209.22684,390.0,10.83333,-2415.0,-67.08334,2.0
1758088311.99599,30476.0,167.41222,37954.0,208.49072,157.0,4.36111,-2829.0,-78.58334,2.0
1758088312.01553,30477.0,167.41771,37801.0,207.65027,-123.0,-3.41667,-3165.0,-87.91666,2.0
1758088312.016,30487.0,167.47264,37632.0,206.72191,-279.0,-7.75,-3407.0,-94.63889,2.0
1758088312.03521,30511.0,167.60448,37454.0,205.74409,-620.0,-17.22222,-3582.0,-99.5,2.0
1758088312.03603,30555.0,167.84619,37266.0,204.71138,-1052.0,-29.22222,-3828.0,-106.33334,2.0
1758088312.05524,30618.0,168.19226,37065.0,203.60724,-1403.0,-38.97222,-4080.0,-113.33334,2.0
1758088312.05703,30705.0,168.67018,36852.0,202.43716,-1926.0,-53.5,-4349.0,-120.80556,2.0
1758088312.07529,30818.0,169.29091,36621.0,201.16823,-2479.0,-68.86111,-4647.0,-129.08333,2.0
1758088312.07599,30959.0,170.06546,36375.0,199.81689,-3083.0,-85.63889,-5101.0,-141.69444,2.0
1758088312.09552,31133.0,171.02129,36104.0,198.32822,-3703.0,-102.86111,-5564.0,-154.55556,2.0
1758088312.09684,31340.0,172.15839,35818.0,196.75716,-4368.0,-121.33334,-5658.0,-157.16667,2.0
1758088312.11631,31575.0,173.44931,35532.0,195.18608,-4763.0,-132.30556,-5585.0,-155.13889,2.0
1758088312.11674,31817.0,174.77867,35257.0,193.67545,-4741.0,-131.69444,-5275.0,-146.52777,2.0
1758088312.13624,32053.0,176.07507,35008.0,192.30763,-4531.0,-125.86111,-4655.0,-129.30556,2.0
1758088312.14197,32279.0,177.31654,34791.0,191.11559,-4288.0,-119.11111,-4030.0,-111.94444,2.0
1758088312.21139,32492.0,178.48662,34604.0,190.08835,-4150.0,-115.27778,-3475.0,-96.52778,2.0
1758088312.21638,32702.0,179.64018,34442.0,189.19846,-4166.0,-115.72222,-2995.0,-83.19444,2.0
1758088312.22676,32922.0,180.84871,34301.0,188.42389,-4462.0,-123.94444,-2650.0,-73.61111,2.0
1758088312.22746,33160.0,182.15611,34173.0,187.72075,-4890.0,-135.83333,-2418.0,-67.16666,2.0
1758088312.23045,33420.0,183.58435,34054.0,187.06706,-5302.0,-147.27777,-2304.0,-64.0,2.0
1758088312.23087,33702.0,185.13345,33940.0,186.44084,-5782.0,-160.61111,-2216.0,-61.55556,2.0
1758088312.23607,34007.0,186.80888,33832.0,185.84756,-6240.0,-173.33333,-2078.0,-57.72222,2.0
1758088312.23668,34330.0,188.58319,33735.0,185.31473,-6412.0,-178.11111,-1817.0,-50.47222,2.0
1758088312.24195,34654.0,190.36301,33650.0,184.84778,-6403.0,-177.86111,-1530.0,-42.5,2.0
1758088312.24574,34977.0,192.13734,33582.0,184.47424,-6334.0,-175.94444,-1256.0,-34.88889,2.0
1758088312.24769,35293.0,193.8732,33529.0,184.18311,-6149.0,-170.80556,-866.0,-24.05556,2.0
1758088312.24989,35598.0,195.54863,33493.0,183.98535,-5980.0,-166.11111,-584.0,-16.22222,2.0
1758088312.5315,35898.0,197.19661,33467.0,183.84253,-5848.0,-162.44444,-458.0,-12.72222,2.0
1758088312.58153,36189.0,198.79514,33443.0,183.71069,-5620.0,-156.11111,-458.0,-12.72222,2.0
1758088312.62674,36467.0,200.32227,33421.0,183.58984,-5454.0,-151.5,-377.0,-10.47222,2.0
1758088312.62713,36741.0,201.82742,33402.0,183.48546,-5381.0,-149.47223,-338.0,-9.38889,2.0
1758088312.63062,37009.0,203.29962,33384.0,183.38658,-5188.0,-144.11111,-385.0,-10.69444,2.0
1758088312.6358,37267.0,204.71687,33359.0,183.24925,-5014.0,-139.27777,-571.0,-15.86111,2.0
1758088312.64144,37519.0,206.10118,33325.0,183.06248,-4893.0,-135.91667,-753.0,-20.91667,2.0
1758088312.66943,37764.0,207.44702,33284.0,182.83727,-4706.0,-130.72223,-830.0,-23.05556,2.0
1758088312.67084,37993.0,208.70496,33243.0,182.61205,-4351.0,-120.86111,-798.0,-22.16667,2.0
1758088312.67122,38198.0,209.83109,33204.0,182.39781,-3790.0,-105.27778,-739.0,-20.52778,2.0
1758088312.67595,38374.0,210.7979,33170.0,182.21104,-3214.0,-89.27778,-611.0,-16.97222,2.0
1758088312.67637,38520.0,211.5999,33146.0,182.07918,-2647.0,-73.52778,-412.0,-11.44444,2.0
1758088312.67832,38637.0,212.24261,33127.0,181.97481,-2032.0,-56.44444,-341.0,-9.47222,2.0
1758088312.67894,38726.0,212.73151,33113.0,181.8979,-1537.0,-42.69444,-269.0,-7.47222,2.0
1758088312.68051,38787.0,213.06662,33096.0,181.80452,-939.0,-26.08333,-391.0,-10.86111,2.0
1758088312.68162,38824.0,213.26987,33069.0,181.6562,-585.0,-16.25,-657.0,-18.25,2.0
1758088312.68318,38842.0,213.36874,33031.0,181.44746,-201.0,-5.58333,-813.0,-22.58333,2.0
1758088312.68696,38841.0,213.36325,32986.0,181.20027,100.0,2.77778,-944.0,-26.22222,2.0
1758088312.69164,38836.0,213.33578,32932.0,180.90364,62.0,1.72222,-1189.0,-33.02778,2.0
1758088312.69571,38834.0,213.3248,32866.0,180.54108,46.0,1.27778,-1327.0,-36.86111,2.0
1758088312.69648,38830.0,213.30283,32794.0,180.14557,114.0,3.16667,-1534.0,-42.61111,2.0
1758088312.69953,38820.0,213.24789,32714.0,179.70612,280.0,7.77778,-1601.0,-44.47222,2.0
1758088312.69993,38806.0,213.17099,32628.0,179.23369,262.0,7.27778,-1722.0,-47.83333,2.0
1758088312.70106,38788.0,213.07211,32539.0,178.7448,382.0,10.61111,-1834.0,-50.94444,2.0
1758088312.70167,38762.0,212.92926,32444.0,178.22293,585.0,16.25,-1907.0,-52.97222,2.0
1758088312.7053,38727.0,212.737,32345.0,177.67911,756.0,21.0,-1987.0,-55.19444,2.0
1758088312.70592,38691.0,212.53925,32239.0,177.09682,658.0,18.27778,-2151.0,-59.75,2.0
1758088312.70831,38660.0,212.36896,32126.0,176.47607,572.0,15.88889,-2306.0,-64.05556,2.0
1758088312.70869,38636.0,212.23712,32005.0,175.8114,408.0,11.33333,-2513.0,-69.80556,2.0
1758088312.71016,38613.0,212.11078,31877.0,175.10826,504.0,14.0,-2548.0,-70.77778,2.0
1758088312.71132,38584.0,211.95148,31751.0,174.41611,587.0,16.30556,-2456.0,-68.22222,2.0
1758088312.71442,38554.0,211.78668,31634.0,173.77341,616.0,17.11111,-2239.0,-62.19444,2.0
1758088312.71551,38519.0,211.59441,31529.0,173.19661,753.0,20.91667,-1968.0,-54.66667,2.0
1758088312.71626,38473.0,211.34172,31437.0,172.69124,1032.0,28.66667,-1682.0,-46.72222,2.0
1758088312.7174,38414.0,211.01762,31358.0,172.25726,1197.0,33.25,-1467.0,-40.75,2.0
1758088312.72072,38347.0,210.64958,31292.0,171.89471,1452.0,40.33333,-1149.0,-31.91667,2.0
1758088312.72167,38265.0,210.19913,31239.0,171.60358,1732.0,48.11111,-990.0,-27.5,2.0
1758088312.72388,38165.0,209.64981,31199.0,171.38385,2143.0,59.52778,-630.0,-17.5,2.0
1758088312.72594,38041.0,208.96866,31180.0,171.27948,2702.0,75.05556,-228.0,-6.33333,2.0
1758088312.72653,37889.0,208.13367,31179.0,171.27399,3261.0,90.58334,100.0,2.77778,2.0
1758088312.72775,37710.0,207.15038,31183.0,171.29596,3683.0,102.30556,52.0,1.44444,2.0
1758088312.72838,37516.0,206.0847,31186.0,171.31244,3914.0,108.72222,71.0,1.97222,2.0
1758088312.73047,37319.0,205.00252,31194.0,171.35638,3893.0,108.13889,229.0,6.36111,2.0
1758088312.73106,37119.0,203.90387,31213.0,171.46075,4029.0,111.91666,507.0,14.08333,2.0
1758088312.73184,36908.0,202.74478,31248.0,171.65302,4326.0,120.16666,809.0,22.47222,2.0
1758088312.73533,36680.0,201.49232,31295.0,171.91119,4674.0,129.83333,1053.0,29.25,2.0
1758088312.73614,36434.0,200.14099,31361.0,172.27374,5033.0,139.80556,1492.0,41.44444,2.0
1758088312.7383,36169.0,198.68527,31448.0,172.75166,5413.0,150.36111,1903.0,52.86111,2.0
1758088312.74002,35882.0,197.10872,31562.0,173.3779,5842.0,162.27777,2431.0,67.52778,2.0
1758088312.75611,35583.0,195.46623,31702.0,174.14694,5867.0,162.97223,2979.0,82.75,2.0
1758088312.77563,35289.0,193.85123,31872.0,175.0808,5758.0,159.94444,3654.0,101.5,2.0
1758088312.776,35001.0,192.26918,32074.0,176.19043,5647.0,156.86111,4250.0,118.05556,2.0
1758088312.79561,34720.0,190.72557,32306.0,177.46486,5453.0,151.47223,4892.0,135.88889,2.0
1758088312.796,34449.0,189.23691,32566.0,178.89311,5236.0,145.44444,5324.0,147.88889,2.0
1758088312.81532,34193.0,187.83063,32838.0,180.38727,4859.0,134.97223,5368.0,149.11111,2.0
1758088312.81606,33968.0,186.59465,33109.0,181.87593,4086.0,113.5,5297.0,147.13889,2.0
1758088312.83555,33787.0,185.60037,33379.0,183.35912,3067.0,85.19444,5374.0,149.27777,2.0
1758088312.83608,33660.0,184.90271,33654.0,184.86975,2130.0,59.16667,5480.0,152.22223,2.0
1758088312.85532,33579.0,184.45776,33932.0,186.3969,1229.0,34.13889,5498.0,152.72223,2.0
1758088312.85662,33535.0,184.21606,34212.0,187.935,620.0,17.22222,5573.0,154.80556,2.0
1758088312.87533,33519.0,184.12817,34502.0,189.52805,112.0,3.11111,5808.0,161.33333,2.0
1758088312.8761,33520.0,184.13367,34803.0,191.1815,-33.0,-0.91667,6033.0,167.58333,2.0
1758088312.89251,33520.0,184.13367,35113.0,192.88441,0.0,0.0,6224.0,172.88889,2.0
1758088312.89449,33520.0,184.13367,35436.0,194.65872,0.0,0.0,6464.0,179.55556,2.0
1758088312.9117,33520.0,184.13367,35765.0,196.46602,0.0,0.0,6499.0,180.52777,2.0
1758088312.91408,33520.0,184.13367,36091.0,198.25681,0.0,0.0,6404.0,177.88889,2.0
1758088312.93168,33520.0,184.13367,36412.0,200.02014,0.0,0.0,6266.0,174.05556,2.0
1758088312.93404,33520.0,184.13367,36716.0,201.69008,0.0,0.0,5805.0,161.25,2.0
1758088312.9517,33520.0,184.13367,36999.0,203.24469,0.0,0.0,5441.0,151.13889,2.0
1758088312.95526,33520.0,184.13367,37266.0,204.71138,0.0,0.0,5106.0,141.83333,2.0
1758088312.97436,33520.0,184.13367,37512.0,206.06273,15.0,0.41667,4684.0,130.11111,2.0
1758088312.97627,33518.0,184.12268,37738.0,207.30418,53.0,1.47222,4362.0,121.16666,2.0
1758088312.99434,33512.0,184.08972,37951.0,208.47424,161.0,4.47222,4141.0,115.02778,2.0
1758088312.99626,33500.0,184.0238,38154.0,209.58939,284.0,7.88889,3922.0,108.94444,2.0
1758088313.01619,33484.0,183.93591,38344.0,210.6331,353.0,9.80556,3582.0,99.5,2.0
1758088313.01657,33465.0,183.83154,38514.0,211.56694,370.0,10.27778,3153.0,87.58334,2.0
1758088313.03206,33444.0,183.71619,38659.0,212.36346,456.0,12.66667,2701.0,75.02778,2.0
1758088313.03467,33417.0,183.56787,38782.0,213.03912,554.0,15.38889,2238.0,62.16667,2.0
1758088313.0556,33385.0,183.39207,38881.0,213.58298,685.0,19.02778,1749.0,48.58333,2.0
1758088313.05598,33350.0,183.19981,38954.0,213.98398,664.0,18.44444,1186.0,32.94444,2.0
1758088313.0764,33316.0,183.01305,38999.0,214.23117,690.0,19.16667,656.0,18.22222,2.0
1758088313.07676,33276.0,182.79332,39020.0,214.34653,875.0,24.30556,211.0,5.86111,2.0
1758088313.09561,33231.0,182.54613,39020.0,214.34653,911.0,25.30556,-65.0,-1.80556,2.0
1758088313.09601,33185.0,182.29344,39017.0,214.33005,903.0,25.08333,-52.0,-1.44444,2.0
1758088313.11561,33136.0,182.02425,39014.0,214.31357,984.0,27.33333,-63.0,-1.75,2.0
1758088313.11599,33089.0,181.76607,39010.0,214.2916,864.0,24.0,-73.0,-2.02778,2.0
1758088313.13213,33048.0,181.54085,39004.0,214.25864,774.0,21.5,-183.0,-5.08333,2.0
1758088313.13623,33011.0,181.3376,38990.0,214.18173,724.0,20.11111,-357.0,-9.91667,2.0
1758088313.15567,32975.0,181.13985,38969.0,214.06638,690.0,19.16667,-461.0,-12.80556,2.0
1758088313.15604,32943.0,180.96407,38947.0,213.94553,636.0,17.66667,-485.0,-13.47222,2.0
1758088313.17539,32904.0,180.74983,38921.0,213.8027,883.0,24.52778,-534.0,-14.83333,2.0
1758088313.1761,32852.0,180.46417,38894.0,213.65439,1167.0,32.41667,-467.0,-12.97222,2.0
1758088313.19561,32783.0,180.08514,38879.0,213.57199,1522.0,42.27778,-131.0,-3.63889,2.0
1758088313.19604,32693.0,179.59074,38880.0,213.57748,1932.0,53.66667,39.0,1.08333,2.0
1758088313.21563,32582.0,178.981,38882.0,213.58847,2382.0,66.16666,54.0,1.5,2.0
1758088313.21602,32453.0,178.27238,38883.0,213.59396,2680.0,74.44444,0.0,0.0,2.0
1758088313.23531,32313.0,177.50331,38883.0,213.59396,2820.0,78.33334,0.0,0.0,2.0
1758088313.23688,32170.0,176.71777,38882.0,213.58847,2828.0,78.55556,0.0,0.0,2.0
1758088313.25642,32027.0,175.93225,38881.0,213.58298,2733.0,75.91666,-15.0,-0.41667,2.0
1758088313.25681,31894.0,175.20164,38879.0,213.57199,2550.0,70.83334,-39.0,-1.08333,2.0
1758088313.2756,31772.0,174.53146,38874.0,213.54453,2262.0,62.83333,-173.0,-4.80556,2.0
1758088313.27601,31665.0,173.9437,38860.0,213.46762,1986.0,55.16667,-334.0,-9.27778,2.0
1758088313.29558,31574.0,173.44382,38838.0,213.34677,1661.0,46.13889,-512.0,-14.22222,2.0
1758088313.29599,31500.0,173.03731,38805.0,213.1655,1316.0,36.55556,-765.0,-21.25,2.0
1758088313.33931,31439.0,172.70222,38756.0,212.8963,1088.0,30.22222,-1071.0,-29.75,2.0
1758088313.34004,31391.0,172.43854,38697.0,212.5722,855.0,23.75,-1234.0,-34.27778,2.0
1758088313.41647,31354.0,172.23529,38628.0,212.19318,630.0,17.5,-1457.0,-40.47222,2.0
1758088313.41677,31327.0,172.08698,38548.0,211.75372,478.0,13.27778,-1655.0,-45.97222,2.0
1758088313.42201,31309.0,171.9881,38454.0,211.23735,226.0,6.27778,-2009.0,-55.80556,2.0
1758088313.42486,31307.0,171.97711,38339.0,210.60564,-112.0,-3.11111,-2487.0,-69.08334,2.0
1758088313.42632,31317.0,172.03204,38196.0,209.8201,-247.0,-6.86111,-3095.0,-85.97222,2.0
1758088313.4301,31329.0,172.09796,38023.0,208.86978,-198.0,-5.5,-3671.0,-101.97222,2.0
1758088313.43536,31339.0,172.15289,37820.0,207.75464,-219.0,-6.08333,-4235.0,-117.63889,2.0
1758088313.43591,31349.0,172.20782,37590.0,206.4912,-192.0,-5.33333,-4743.0,-131.75,2.0
1758088313.43797,31364.0,172.29022,37335.0,205.09041,-388.0,-10.77778,-5292.0,-147.0,2.0
1758088313.43857,31394.0,172.45502,37041.0,203.4754,-775.0,-21.52778,-5996.0,-166.55556,2.0
1758088313.44138,31449.0,172.75716,36741.0,201.82742,-1301.0,-36.13889,-5826.0,-161.83333,2.0
1758088313.44287,31524.0,173.16914,36451.0,200.23438,-1593.0,-44.25,-5665.0,-157.36111,2.0
1758088313.44388,31611.0,173.64706,36169.0,198.68527,-1744.0,-48.44444,-5536.0,-153.77777,2.0
1758088313.45904,31698.0,174.12497,35897.0,197.19112,-1747.0,-48.52778,-5271.0,-146.41667,2.0
1758088313.4603,31785.0,174.60287,35639.0,195.77385,-1707.0,-47.41667,-5018.0,-139.38889,2.0
1758088313.47593,31875.0,175.09727,35393.0,194.42252,-1825.0,-50.69444,-4755.0,-132.08333,2.0
1758088313.49578,31973.0,175.63562,35160.0,193.14259,-2072.0,-57.55556,-4472.0,-124.22222,2.0
1758088313.49615,32089.0,176.27283,34941.0,191.93956,-2451.0,-68.08334,-4222.0,-117.27778,2.0
1758088313.51609,32225.0,177.01991,34730.0,190.7805,-2889.0,-80.25,-4161.0,-115.58334,2.0
1758088313.51731,32387.0,177.90982,34519.0,189.62143,-3461.0,-96.13889,-4160.0,-115.55556,2.0
1758088313.53534,32578.0,178.95903,34310.0,188.47333,-4026.0,-111.83334,-4108.0,-114.11111,2.0
1758088313.53734,32800.0,180.17853,34108.0,187.36369,-4698.0,-130.5,-3921.0,-108.91666,2.0
1758088313.55562,33059.0,181.60127,33917.0,186.31448,-5466.0,-151.83333,-3682.0,-102.27778,2.0
1758088313.55603,33355.0,183.22728,33740.0,185.34219,-6078.0,-168.83333,-3338.0,-92.72222,2.0
1758088313.57558,33676.0,184.99063,33583.0,184.47974,-6539.0,-181.63889,-2889.0,-80.25,2.0
1758088313.57595,34018.0,186.86931,33454.0,183.77112,-6893.0,-191.47223,-2285.0,-63.47222,2.0
1758088313.59638,34366.0,188.78094,33359.0,183.24925,-6788.0,-188.55556,-1534.0,-42.61111,2.0
1758088313.5968,34702.0,190.62669,33302.0,182.93614,-6553.0,-182.02777,-827.0,-22.97222,2.0
1758088313.61637,35031.0,192.43398,33280.0,182.81529,-6431.0,-178.63889,-131.0,-3.63889,2.0
1758088313.61681,35352.0,194.1973,33285.0,182.84276,-6269.0,-174.13889,112.0,3.11111,2.0
1758088313.63531,35667.0,195.92766,33286.0,182.84825,-6243.0,-173.41667,-2.0,-0.05556,2.0
1758088313.63613,35986.0,197.68002,33286.0,182.84825,-6317.0,-175.47223,-5.0,-0.13889,2.0
1758088313.65562,36301.0,199.4104,33286.0,182.84825,-6153.0,-170.91667,-2.0,-0.05556,2.0
1758088313.65598,36611.0,201.1133,33285.0,182.84276,-6124.0,-170.11111,-8.0,-0.22222,2.0
1758088313.68095,36922.0,202.82169,33285.0,182.84276,-6148.0,-170.77777,-9.0,-0.25,2.0
1758088313.68174,37227.0,204.49713,33285.0,182.84276,-5918.0,-164.38889,0.0,0.0,2.0
1758088313.68591,37523.0,206.12315,33284.0,182.83727,-5812.0,-161.44444,-7.0,-0.19444,2.0
1758088313.70295,37816.0,207.73267,33284.0,182.83727,-5694.0,-158.16667,0.0,0.0,2.0
1758088313.70623,38094.0,209.2598,33284.0,182.83727,-5350.0,-148.61111,-5.0,-0.13889,2.0
1758088313.7228,38355.0,210.69353,33283.0,182.83177,-5026.0,-139.61111,0.0,0.0,2.0
1758088313.72318,38601.0,212.04486,33283.0,182.83177,-4692.0,-130.33333,-8.0,-0.22222,2.0
1758088313.73893,38823.0,213.26437,33283.0,182.83177,-4073.0,-113.13889,0.0,0.0,2.0
1758088313.74091,39011.0,214.29709,33283.0,182.83177,-3451.0,-95.86111,0.0,0.0,2.0
1758088313.75617,39166.0,215.14854,33283.0,182.83177,-2787.0,-77.41666,0.0,0.0,2.0
1758088313.7722,39290.0,215.8297,33283.0,182.83177,-2180.0,-60.55556,0.0,0.0,2.0
1758088313.77578,39383.0,216.34059,33282.0,182.82628,-1608.0,-44.66667,-32.0,-0.88889,2.0
1758088313.79116,39447.0,216.69215,33280.0,182.81529,-1010.0,-28.05556,-58.0,-1.61111,2.0
1758088313.7919,39485.0,216.90089,33276.0,182.79332,-551.0,-15.30556,-97.0,-2.69444,2.0
1758088313.81194,39502.0,216.99428,33266.0,182.73839,-157.0,-4.36111,-305.0,-8.47222,2.0
1758088313.8144,39501.0,216.98878,33240.0,182.59557,112.0,3.11111,-682.0,-18.94444,2.0
1758088313.83059,39494.0,216.95033,33191.0,182.3264,150.0,4.16667,-1187.0,-32.97222,2.0
1758088313.83104,39486.0,216.90639,33120.0,181.93636,147.0,4.08333,-1529.0,-42.47222,2.0
1758088313.84661,39477.0,216.85695,33034.0,181.46394,216.0,6.0,-1862.0,-51.72222,2.0
1758088313.86569,39460.0,216.76357,32933.0,180.90913,421.0,11.69444,-2106.0,-58.5,2.0
1758088313.86615,39430.0,216.59877,32820.0,180.28839,702.0,19.5,-2309.0,-64.13889,2.0
1758088313.88403,39384.0,216.34608,32698.0,179.61821,1042.0,28.94444,-2481.0,-68.91666,2.0
1758088313.88625,39325.0,216.02199,32567.0,178.89861,1215.0,33.75,-2636.0,-73.22222,2.0
1758088313.9056,39259.0,215.65941,32429.0,178.14053,1385.0,38.47222,-2771.0,-76.97222,2.0
1758088313.90606,39189.0,215.27489,32285.0,177.3495,1380.0,38.33333,-2911.0,-80.86111,2.0
1758088313.92566,39120.0,214.89586,32135.0,176.52551,1370.0,38.05556,-3019.0,-83.86111,2.0
1758088313.92606,39056.0,214.5443,31979.0,175.66858,1171.0,32.52778,-3154.0,-87.61111,2.0
1758088313.94372,39002.0,214.24765,31817.0,174.77867,1011.0,28.08333,-3259.0,-90.52778,2.0
1758088313.94626,38953.0,213.97849,31655.0,173.88876,888.0,24.66667,-3116.0,-86.55556,2.0
1758088313.9678,38907.0,213.7258,31505.0,173.06477,912.0,25.33333,-2795.0,-77.63889,2.0
1758088313.97138,38855.0,213.44016,31376.0,172.35614,1130.0,31.38889,-2393.0,-66.47222,2.0
1758088314.00077,38793.0,213.09958,31269.0,171.76837,1272.0,35.33333,-1863.0,-51.75,2.0
1758088314.00552,38719.0,212.69305,31187.0,171.31793,1596.0,44.33333,-1425.0,-39.58333,2.0
1758088314.00602,38631.0,212.20966,31128.0,170.99382,1873.0,52.02778,-983.0,-27.30556,2.0
1758088314.00705,38523.0,211.61638,31090.0,170.78508,2321.0,64.47222,-575.0,-15.97222,2.0
1758088314.00916,38391.0,210.89128,31079.0,170.72466,2790.0,77.5,25.0,0.69444,2.0
1758088314.02596,38234.0,210.02884,31089.0,170.77959,3291.0,91.41666,263.0,7.30556,2.0
1758088314.04293,38057.0,209.05655,31104.0,170.86198,3660.0,101.66666,327.0,9.08333,2.0
1758088314.04537,37869.0,208.0238,31122.0,170.96086,3699.0,102.75,344.0,9.55556,2.0
1758088314.0612,37685.0,207.01305,31138.0,171.04875,3551.0,98.63889,282.0,7.83333,2.0
1758088314.06274,37508.0,206.04076,31149.0,171.10918,3466.0,96.27778,199.0,5.52778,2.0
1758088314.07818,37331.0,205.06844,31161.0,171.17509,3565.0,99.02778,293.0,8.13889,2.0
1758088314.08184,37142.0,204.03021,31178.0,171.26849,3893.0,108.13889,406.0,11.27778,2.0
1758088314.09792,36936.0,202.89859,31211.0,171.44977,4230.0,117.5,876.0,24.33333,2.0
1758088314.10187,36711.0,201.66261,31271.0,171.77936,4586.0,127.38889,1387.0,38.52778,2.0
1758088314.1204,36468.0,200.32776,31359.0,172.26276,4945.0,137.36111,2026.0,56.27778,2.0
1758088314.12116,36206.0,198.88852,31479.0,172.92195,5365.0,149.02777,2631.0,73.08334,2.0
1758088314.13834,35920.0,197.31746,31631.0,173.75693,5889.0,163.58333,3300.0,91.66666,2.0
1758088314.14001,35612.0,195.62553,31816.0,174.77318,6166.0,171.27777,3939.0,109.41666,2.0
1758088314.15621,35299.0,193.90616,32033.0,175.96521,6175.0,171.52777,4577.0,127.13889,2.0
1758088314.17564,34994.0,192.23073,32282.0,177.33302,5918.0,164.38889,5210.0,144.72223,2.0
1758088314.17611,34703.0,190.63219,32565.0,178.88762,5460.0,151.66667,5947.0,165.19444,2.0
1758088314.19641,34440.0,189.18747,32884.0,180.63995,5013.0,139.25,6531.0,181.41667,2.0
1758088314.1968,34196.0,187.84711,33227.0,182.52415,4639.0,128.86111,6929.0,192.47223,2.0
1758088314.21642,33978.0,186.64958,33578.0,184.45227,3993.0,110.91666,6851.0,190.30556,2.0
1758088314.21689,33802.0,185.68277,33918.0,186.31998,3024.0,84.0,6558.0,182.16667,2.0
1758088314.23566,33681.0,185.0181,34238.0,188.07782,1908.0,53.0,6160.0,171.11111,2.0
1758088314.2361,33615.0,184.65552,34543.0,189.75327,818.0,22.72222,5918.0,164.38889,2.0
1758088314.25645,33600.0,184.57312,34835.0,191.35728,-55.0,-1.52778,5659.0,157.19444,2.0
1758088314.25686,33608.0,184.61707,35117.0,192.90639,-179.0,-4.97222,5540.0,153.88889,2.0
1758088314.3209,33616.0,184.66101,35402.0,194.47195,-147.0,-4.08333,5660.0,157.22223,2.0
1758088314.32339,33621.0,184.68848,35694.0,196.07597,-37.0,-1.02778,5832.0,162.0,2.0
1758088314.32645,33621.0,184.68848,35991.0,197.70749,0.0,0.0,5928.0,164.66667,2.0
1758088314.32768,33620.0,184.68298,36294.0,199.37195,3.0,0.08333,6004.0,166.77777,2.0
1758088314.33634,33620.0,184.68298,36598.0,201.04189,0.0,0.0,5971.0,165.86111,2.0
1758088314.33709,33620.0,184.68298,36894.0,202.66788,5.0,0.13889,5800.0,161.11111,2.0
1758088314.34006,33620.0,184.68298,37184.0,204.26093,9.0,0.25,5619.0,156.08333,2.0
1758088314.34042,33619.0,184.67749,37462.0,205.78804,32.0,0.88889,5325.0,147.91667,2.0
1758088314.34162,33616.0,184.66101,37724.0,207.22728,58.0,1.61111,5033.0,139.80556,2.0
1758088314.35827,33612.0,184.63904,37971.0,208.58411,82.0,2.27778,4813.0,133.69444,2.0
1758088314.36104,33606.0,184.60608,38206.0,209.87503,140.0,3.88889,4480.0,124.44444,2.0
1758088314.37695,33599.0,184.56763,38421.0,211.05608,155.0,4.30556,4109.0,114.13889,2.0
1758088314.3782,33589.0,184.5127,38617.0,212.13275,250.0,6.94444,3720.0,103.33334,2.0
1758088314.39653,33578.0,184.45227,38792.0,213.09409,154.0,4.27778,3240.0,90.0,2.0
1758088314.4138,33572.0,184.41931,38940.0,213.90707,81.0,2.25,2706.0,75.16666,2.0
1758088314.41553,33568.0,184.39734,39061.0,214.57176,98.0,2.72222,2213.0,61.47222,2.0
1758088314.43116,33559.0,184.3479,39159.0,215.11009,213.0,5.91667,1737.0,48.25,2.0
1758088314.43458,33544.0,184.2655,39233.0,215.51659,395.0,10.97222,1217.0,33.80556,2.0
1758088314.44098,33517.0,184.11719,39284.0,215.79674,622.0,17.27778,880.0,24.44444,2.0
1758088314.45797,33483.0,183.93042,39316.0,215.97255,668.0,18.55556,428.0,11.88889,2.0
1758088314.45998,33444.0,183.71619,39324.0,216.01649,869.0,24.13889,-38.0,-1.05556,2.0
1758088314.47616,33392.0,183.43053,39320.0,215.99452,1120.0,31.11111,-69.0,-1.91667,2.0
1758088314.49563,33331.0,183.09544,39317.0,215.97804,1236.0,34.33333,-49.0,-1.36111,2.0
1758088314.49607,33263.0,182.72191,39314.0,215.96156,1420.0,39.44444,-61.0,-1.69444,2.0
1758088314.51568,33190.0,182.32091,39309.0,215.9341,1396.0,38.77778,-166.0,-4.61111,2.0
1758088314.51608,33120.0,181.93636,39296.0,215.86269,1418.0,39.38889,-301.0,-8.36111,2.0
1758088314.53377,33049.0,181.54634,39280.0,215.77477,1392.0,38.66667,-373.0,-10.36111,2.0
1758088314.53577,32978.0,181.15633,39264.0,215.68687,1453.0,40.36111,-251.0,-6.97222,2.0
1758088314.55124,32903.0,180.74434,39253.0,215.62645,1549.0,43.02778,-193.0,-5.36111,2.0
1758088314.55246,32820.0,180.28839,39247.0,215.59349,1715.0,47.63889,-37.0,-1.02778,2.0
1758088314.56797,32727.0,179.77753,39247.0,215.59349,1934.0,53.72222,0.0,0.0,2.0
1758088314.56924,32622.0,179.20073,39248.0,215.59898,2219.0,61.63889,0.0,0.0,2.0
1758088314.58597,32500.0,178.53056,39248.0,215.59898,2581.0,71.69444,9.0,0.25,2.0
1758088314.60295,32358.0,177.75052,39248.0,215.59898,3005.0,83.47222,12.0,0.33333,2.0
1758088314.60372,32199.0,176.87709,39248.0,215.59898,3250.0,90.27778,0.0,0.0,2.0
1758088314.62124,32031.0,175.95422,39248.0,215.59898,3327.0,92.41666,0.0,0.0,2.0
1758088314.62194,31864.0,175.03685,39247.0,215.59349,3285.0,91.25,-14.0,-0.38889,2.0
1758088314.64118,31702.0,174.14694,39244.0,215.57701,3161.0,87.80556,-86.0,-2.38889,2.0
1758088314.64241,31549.0,173.30647,39236.0,215.53307,2918.0,81.05556,-239.0,-6.63889,2.0
1758088314.65828,31409.0,172.53741,39215.0,215.41771,2650.0,73.61111,-555.0,-15.41667,2.0
1758088314.66051,31284.0,171.85077,39174.0,215.19249,2321.0,64.47222,-999.0,-27.75,2.0
1758088314.67615,31175.0,171.25201,39111.0,214.84642,2055.0,57.08333,-1388.0,-38.55556,2.0
1758088314.69579,31081.0,170.73564,39031.0,214.40695,1782.0,49.5,-1780.0,-49.44444,2.0
1758088314.69619,30998.0,170.27969,38932.0,213.86313,1540.0,42.77778,-2108.0,-58.55556,2.0
1758088314.71377,30926.0,169.88419,38814.0,213.21494,1369.0,38.02778,-2467.0,-68.52778,2.0
1758088314.71558,30863.0,169.5381,38680.0,212.47882,1157.0,32.13889,-2823.0,-78.41666,2.0
1758088314.73117,30812.0,169.25795,38524.0,211.62187,904.0,25.11111,-3252.0,-90.33334,2.0
1758088314.73231,30773.0,169.04372,38345.0,210.6386,639.0,17.75,-3704.0,-102.88889,2.0
1758088314.75144,30756.0,168.95033,38148.0,209.55643,100.0,2.77778,-4027.0,-111.86111,2.0
1758088314.75187,30764.0,168.99428,37937.0,208.39734,-315.0,-8.75,-4314.0,-119.83334,2.0
1758088314.76801,30792.0,169.14809,37710.0,207.15038,-686.0,-19.05556,-4548.0,-126.33334,2.0
1758088314.77,30835.0,169.38429,37472.0,205.84297,-944.0,-26.22222,-4897.0,-136.02777,2.0
1758088314.78618,30895.0,169.71388,37214.0,204.42572,-1385.0,-38.47222,-5234.0,-145.38889,2.0
1758088314.80406,30982.0,170.1918,36938.0,202.90958,-1939.0,-53.86111,-5576.0,-154.88889,2.0
1758088314.80582,31098.0,170.82903,36646.0,201.30556,-2567.0,-71.30556,-5880.0,-163.33333,2.0
1758088314.82118,31246.0,171.64203,36342.0,199.63562,-3197.0,-88.80556,-6084.0,-169.0,2.0
1758088314.82196,31423.0,172.61432,36039.0,197.97116,-3719.0,-103.30556,-5876.0,-163.22223,2.0
1758088314.83796,31620.0,173.6965,35750.0,196.38362,-3973.0,-110.36111,-5573.0,-154.80556,2.0
1758088314.8408,31823.0,174.81163,35475.0,194.87297,-4040.0,-112.22222,-5345.0,-148.47223,2.0
1758088314.85659,32034.0,175.9707,35217.0,193.45572,-4159.0,-115.52778,-4928.0,-136.88889,2.0
1758088314.87565,32252.0,177.16823,34982.0,192.16481,-4409.0,-122.47222,-4494.0,-124.83334,2.0
1758088314.87607,32485.0,178.44817,34764.0,190.96727,-4742.0,-131.72223,-4181.0,-116.13889,2.0
1758088314.92148,32737.0,179.83246,34559.0,189.84116,-5173.0,-143.69444,-3968.0,-110.22222,2.0
1758088314.94618,34766.0,190.97826,33706.0,185.15543,-7296.0,-202.66667,-1415.0,-39.30556,2.0
1758088314.9633,35138.0,193.02174,33652.0,184.85876,-7372.0,-204.77777,-793.0,-22.02778,2.0
1758088314.96373,35505.0,195.03777,33628.0,184.72693,-7225.0,-200.69444,-275.0,-7.63889,2.0
1758088315.07161,35874.0,197.06477,33625.0,184.71045,-7301.0,-202.80556,30.0,0.83333,2.0
1758088315.0749,36242.0,199.0863,33626.0,184.71594,-7217.0,-200.47223,0.0,0.0,2.0
1758088315.08139,36605.0,201.08034,33626.0,184.71594,-7171.0,-199.19444,0.0,0.0,2.0
1758088315.08624,36971.0,203.09085,33625.0,184.71045,-7237.0,-201.02777,-9.0,-0.25,2.0
1758088315.12658,37330.0,205.06294,33625.0,184.71045,-7075.0,-196.52777,-7.0,-0.19444,2.0
1758088315.12835,37687.0,207.02403,33624.0,184.70496,-7003.0,-194.52777,-34.0,-0.94444,2.0
1758088315.12973,38035.0,208.9357,33620.0,184.68298,-6730.0,-186.94444,-131.0,-3.63889,2.0
1758088315.13129,38366.0,210.75395,33607.0,184.61157,-6393.0,-177.58333,-360.0,-10.0,2.0
1758088315.14143,38682.0,212.48981,33583.0,184.47974,-6087.0,-169.08333,-576.0,-16.0,2.0
1758088315.14594,38975.0,214.09933,33554.0,184.32043,-5552.0,-154.22223,-594.0,-16.5,2.0
1758088315.16879,39238.0,215.54405,33524.0,184.15564,-4961.0,-137.80556,-590.0,-16.38889,2.0
1758088315.16937,39467.0,216.80202,33497.0,184.00732,-4160.0,-115.55556,-448.0,-12.44444,2.0
1758088315.17551,39651.0,217.81277,33476.0,183.89197,-3258.0,-90.5,-452.0,-12.55556,2.0
1758088315.17599,39788.0,218.56534,33452.0,183.76013,-2305.0,-64.02778,-523.0,-14.52778,2.0
1758088315.17676,39879.0,219.06523,33424.0,183.60632,-1448.0,-40.22222,-535.0,-14.86111,2.0
1758088315.20554,39927.0,219.3289,33397.0,183.45799,-545.0,-15.13889,-535.0,-14.86111,2.0
1758088315.21034,39930.0,219.34538,33366.0,183.2877,219.0,6.08333,-702.0,-19.5,2.0
1758088315.21454,39908.0,219.22453,33323.0,183.0515,600.0,16.66667,-992.0,-27.55556,2.0
1758088315.21648,39867.0,218.99931,33266.0,182.73839,894.0,24.83333,-1168.0,-32.44444,2.0
1758088315.21803,39813.0,218.70268,33202.0,182.38683,1264.0,35.11111,-1377.0,-38.25,2.0
1758088315.21872,39736.0,218.27969,33128.0,181.9803,1692.0,47.0,-1502.0,-41.72222,2.0
1758088315.21982,39640.0,217.75235,33050.0,181.55183,2095.0,58.19444,-1641.0,-45.58333,2.0
1758088315.22124,39525.0,217.12062,32963.0,181.07393,2346.0,65.16666,-1752.0,-48.66667,2.0
1758088315.22408,39400.0,216.43398,32868.0,180.55206,2538.0,70.5,-1957.0,-54.36111,2.0
1758088315.22468,39270.0,215.71983,32759.0,179.95331,2574.0,71.5,-2290.0,-63.61111,2.0
1758088315.22627,39141.0,215.01122,32635.0,179.27214,2488.0,69.11111,-2598.0,-72.16666,2.0
1758088315.2433,39020.0,214.34653,32493.0,178.49211,2267.0,62.97222,-2975.0,-82.63889,2.0
1758088315.24567,38912.0,213.75327,32334.0,177.61868,1988.0,55.22222,-3255.0,-90.41666,2.0
1758088315.26122,38821.0,213.25339,32161.0,176.66833,1667.0,46.30556,-3515.0,-97.63889,2.0
1758088315.26322,38748.0,212.85236,31974.0,175.64111,1320.0,36.66667,-3768.0,-104.66666,2.0
1758088315.28147,38691.0,212.53925,31780.0,174.57541,932.0,25.88889,-3887.0,-107.97222,2.0
1758088315.28217,38653.0,212.33051,31584.0,173.49875,577.0,16.02778,-3854.0,-107.05556,2.0
1758088315.30013,38626.0,212.18219,31400.0,172.48798,526.0,14.61111,-3481.0,-96.69444,2.0
1758088315.3005,38594.0,212.00641,31238.0,171.59808,714.0,19.83333,-2943.0,-81.75,2.0
1758088315.31614,38555.0,211.79218,31107.0,170.87846,815.0,22.63889,-2315.0,-64.30556,2.0
1758088315.33509,38507.0,211.52849,31011.0,170.3511,1086.0,30.16667,-1599.0,-44.41667,2.0
1758088315.33547,38443.0,211.17693,30949.0,170.01053,1417.0,39.36111,-945.0,-26.25,2.0
1758088315.35121,38362.0,210.73198,30922.0,169.86221,1768.0,49.11111,-198.0,-5.5,2.0
1758088315.3564,38260.0,210.17166,30928.0,169.89517,2216.0,61.55556,246.0,6.83333,2.0
1758088315.37626,38133.0,209.47403,30948.0,170.00504,2685.0,74.58334,494.0,13.72222,2.0
1758088315.37668,37985.0,208.66101,30981.0,170.18631,3071.0,85.30556,775.0,21.52778,2.0
1758088315.39492,37827.0,207.79309,31024.0,170.42252,3135.0,87.08334,866.0,24.05556,2.0
1758088315.39531,37675.0,206.95811,31068.0,170.66423,2879.0,79.97222,884.0,24.55556,2.0
1758088315.41118,37535.0,206.18907,31113.0,170.91142,2688.0,74.66666,853.0,23.69444,2.0
1758088315.41255,37400.0,205.44746,31155.0,171.14214,2762.0,76.72222,814.0,22.61111,2.0
1758088315.43021,37249.0,204.618,31199.0,171.38385,3103.0,86.19444,968.0,26.88889,2.0
1758088315.43138,37080.0,203.68964,31259.0,171.71344,3546.0,98.5,1338.0,37.16667,2.0
1758088315.44619,36888.0,202.63492,31342.0,172.16937,3998.0,111.05556,1848.0,51.33333,2.0
1758088315.47121,36676.0,201.47035,31454.0,172.78462,4376.0,121.55556,2452.0,68.11111,2.0
1758088315.47166,36444.0,200.19592,31597.0,173.57016,4763.0,132.30556,3112.0,86.44444,2.0
1758088315.49149,36192.0,198.81161,31773.0,174.53696,5152.0,143.11111,3747.0,104.08334,2.0
1758088315.51627,35918.0,197.30647,31981.0,175.67957,5606.0,155.72223,4348.0,120.77778,2.0
1758088315.52177,35630.0,195.72441,32220.0,176.99245,5676.0,157.66667,4972.0,138.11111,2.0
1758088315.52685,35346.0,194.16434,32493.0,178.49211,5482.0,152.27777,5704.0,158.44444,2.0
1758088315.52992,35078.0,192.69215,32802.0,180.18951,5132.0,142.55556,6413.0,178.13889,2.0
1758088315.53088,34835.0,191.35728,33141.0,182.05171,4598.0,127.72222,6955.0,193.19444,2.0
1758088315.53442,34614.0,190.14328,33515.0,184.1062,4094.0,113.72222,7709.0,214.13889,2.0
1758088315.62172,34419.0,189.07208,33916.0,186.30899,3693.0,102.58334,8031.0,223.08333,2.0
1758088315.62684,34250.0,188.14374,34318.0,188.51727,3034.0,84.27778,7860.0,218.33333,2.0
1758088315.62829,34120.0,187.42961,34705.0,190.64317,2138.0,59.38889,7382.0,205.05556,2.0
1758088315.63075,34041.0,186.99565,35063.0,192.60976,1154.0,32.05556,6865.0,190.69444,2.0
1758088315.63589,34013.0,186.84184,35398.0,194.44998,81.0,2.25,6432.0,178.66667,2.0
1758088315.63655,34020.0,186.88029,35716.0,196.19685,-184.0,-5.11111,6160.0,171.11111,2.0
1758088315.64087,34029.0,186.92973,36023.0,197.88327,-160.0,-4.44444,6012.0,167.0,2.0
1758088315.64148,34032.0,186.94621,36331.0,199.5752,30.0,0.83333,6140.0,170.55556,2.0
1758088315.64269,34031.0,186.94072,36644.0,201.29457,39.0,1.08333,6182.0,171.72223,2.0
1758088315.64444,34028.0,186.92424,36957.0,203.01395,69.0,1.91667,6205.0,172.36111,2.0
1758088315.64536,34023.0,186.89677,37276.0,204.76631,123.0,3.41667,6336.0,176.0,2.0
1758088315.66206,34014.0,186.84734,37594.0,206.51317,188.0,5.22222,6237.0,173.25,2.0
1758088315.66403,34002.0,186.78142,37905.0,208.22156,279.0,7.75,6083.0,168.97223,2.0
1758088315.68089,33983.0,186.67705,38208.0,209.88602,459.0,12.75,5887.0,163.52777,2.0
1758088315.68164,33954.0,186.51775,38493.0,211.45158,631.0,17.52778,5429.0,150.80556,2.0
1758088315.69842,33918.0,186.31998,38754.0,212.88531,773.0,21.47222,4956.0,137.66667,2.0
1758088315.70012,33878.0,186.10025,38993.0,214.19821,775.0,21.52778,4480.0,124.44444,2.0
1758088315.71621,33846.0,185.92447,39201.0,215.34081,545.0,15.13889,3757.0,104.36111,2.0
1758088315.73388,33820.0,185.78165,39367.0,216.2527,499.0,13.86111,2926.0,81.27778,2.0
1758088315.73464,33795.0,185.64432,39493.0,216.94484,485.0,13.47222,2166.0,60.16667,2.0
1758088315.75215,33770.0,185.50699,39586.0,217.45572,519.0,14.41667,1570.0,43.61111,2.0
1758088315.75259,33742.0,185.35318,39648.0,217.7963,577.0,16.02778,993.0,27.58333,2.0
1758088315.7721,33709.0,185.17191,39685.0,217.99954,696.0,19.33333,528.0,14.66667,2.0
1758088315.77254,33665.0,184.93021,39698.0,218.07095,1015.0,28.19444,60.0,1.66667,2.0
1758088315.79097,33608.0,184.61707,39695.0,218.05447,1183.0,32.86111,-74.0,-2.05556,2.0
1758088315.79178,33542.0,184.25452,39692.0,218.03799,1393.0,38.69444,-50.0,-1.38889,2.0
1758088315.8117,33468.0,183.84802,39688.0,218.01602,1477.0,41.02778,-105.0,-2.91667,2.0
1758088315.81208,33391.0,183.42503,39680.0,217.97208,1530.0,42.5,-192.0,-5.33333,2.0
1758088315.82821,33315.0,183.00755,39665.0,217.88968,1475.0,40.97222,-366.0,-10.16667,2.0
1758088315.82938,33239.0,182.59007,39644.0,217.77432,1498.0,41.61111,-432.0,-12.0,2.0
1758088315.84604,33164.0,182.17809,39621.0,217.64798,1479.0,41.08333,-490.0,-13.61111,2.0
1758088315.86123,33086.0,181.74959,39594.0,217.49966,1567.0,43.52778,-607.0,-16.86111,2.0
1758088315.86203,33000.0,181.27718,39560.0,217.3129,1799.0,49.97222,-657.0,-18.25,2.0
1758088315.87835,32902.0,180.73885,39531.0,217.15358,2085.0,57.91667,-486.0,-13.5,2.0
1758088315.87874,32786.0,180.10162,39514.0,217.0602,2424.0,67.33334,-212.0,-5.88889,2.0
1758088315.895,32652.0,179.36552,39512.0,217.04921,2802.0,77.83334,46.0,1.27778,2.0
1758088315.9112,32498.0,178.51958,39513.0,217.0547,3232.0,89.77778,17.0,0.47222,2.0
1758088315.912,32323.0,177.55826,39514.0,217.0602,3637.0,101.02778,0.0,0.0,2.0
1758088315.9303,32134.0,176.52002,39513.0,217.0547,3803.0,105.63889,0.0,0.0,2.0
1758088315.93144,31944.0,175.47632,39512.0,217.04921,3688.0,102.44444,-29.0,-0.80556,2.0
1758088315.9462,31766.0,174.4985,39508.0,217.02724,3362.0,93.38889,-113.0,-3.13889,2.0
1758088315.96571,31607.0,173.62509,39496.0,216.96132,2934.0,81.5,-338.0,-9.38889,2.0
1758088315.96611,31475.0,172.89998,39468.0,216.80751,2367.0,65.75,-760.0,-21.11111,2.0
1758088315.98333,31374.0,172.34515,39411.0,216.4944,1704.0,47.33333,-1412.0,-39.22222,2.0
1758088315.98375,31306.0,171.97162,39321.0,216.00002,1098.0,30.5,-2051.0,-56.97222,2.0
1758088316.00085,31272.0,171.78485,39196.0,215.31334,354.0,9.83333,-2760.0,-76.66666,2.0
1758088316.00164,31271.0,171.77936,39036.0,214.43442,-160.0,-4.44444,-3415.0,-94.86111,2.0
1758088316.01805,31286.0,171.86176,38852.0,213.42368,-364.0,-10.11111,-3742.0,-103.94444,2.0
1758088316.01929,31308.0,171.9826,38667.0,212.40741,-490.0,-13.61111,-3601.0,-100.02778,2.0
1758088316.03601,31332.0,172.11444,38493.0,211.45158,-448.0,-12.44444,-3342.0,-92.83334,2.0
1758088316.05625,31355.0,172.24078,38327.0,210.53972,-468.0,-13.0,-3248.0,-90.22222,2.0
1758088316.05702,31384.0,172.40009,38157.0,209.60587,-690.0,-19.16667,-3405.0,-94.58334,2.0
1758088316.07553,31428.0,172.6418,37978.0,208.62256,-1041.0,-28.91667,-3668.0,-101.88889,2.0
1758088316.08142,31494.0,173.00435,37787.0,207.57336,-1499.0,-41.63889,-3895.0,-108.19444,2.0
1758088316.08768,31586.0,173.50974,37579.0,206.43077,-2073.0,-57.58333,-4260.0,-118.33334,2.0
1758088316.09557,31710.0,174.19089,37351.0,205.1783,-2736.0,-76.0,-4701.0,-130.58333,2.0
1758088316.27043,31867.0,175.05333,37098.0,203.78851,-3433.0,-95.36111,-5212.0,-144.77777,2.0
1758088316.27116,32061.0,176.11902,36818.0,202.2504,-4158.0,-115.5,-5661.0,-157.25,2.0
1758088316.27542,32296.0,177.40993,36518.0,200.60243,-4959.0,-137.75,-6121.0,-170.02777,2.0
1758088316.27613,32568.0,178.9041,36193.0,198.81711,-5688.0,-158.0,-6663.0,-185.08333,2.0
1758088316.28075,32876.0,180.59601,35848.0,196.92195,-6434.0,-178.72223,-6838.0,-189.94444,2.0
1758088316.28127,33219.0,182.48021,35503.0,195.02678,-6990.0,-194.16667,-6776.0,-188.22223,2.0
1758088316.28313,33576.0,184.44128,35173.0,193.214,-7004.0,-194.55556,-6251.0,-173.63889,2.0
1758088316.28613,33922.0,186.34196,34884.0,191.62645,-6722.0,-186.72223,-5253.0,-145.91667,2.0
1758088316.28824,34247.0,188.12726,34645.0,190.31357,-6130.0,-170.27777,-4263.0,-118.41666,2.0
1758088316.28962,34535.0,189.70932,34459.0,189.29184,-5402.0,-150.05556,-3229.0,-89.69444,2.0
1758088316.29166,34798.0,191.15404,34322.0,188.53925,-4912.0,-136.44444,-2316.0,-64.33334,2.0
1758088316.29655,35038.0,192.47243,34227.0,188.0174,-4605.0,-127.91666,-1637.0,-45.47222,2.0
1758088316.2975,35268.0,193.73587,34157.0,187.63286,-4529.0,-125.80556,-1214.0,-33.72222,2.0
1758088316.30138,35502.0,195.02129,34096.0,187.29778,-4787.0,-132.97223,-1205.0,-33.47222,2.0
1758088316.30285,35758.0,196.42757,34033.0,186.95171,-5330.0,-148.05556,-1291.0,-35.86111,2.0
1758088316.33635,36042.0,197.98764,33962.0,186.56169,-5840.0,-162.22223,-1542.0,-42.83333,2.0
1758088316.33714,36346.0,199.65759,33880.0,186.11124,-6118.0,-169.94444,-1691.0,-46.97222,2.0
1758088316.34659,36668.0,201.42641,33789.0,185.61136,-6557.0,-182.13889,-1795.0,-49.86111,2.0
1758088316.35027,37004.0,203.27216,33698.0,185.11148,-6638.0,-184.38889,-1803.0,-50.08333,2.0
1758088316.35125,37337.0,205.10139,33612.0,184.63904,-6549.0,-181.91667,-1609.0,-44.69444,2.0
1758088316.35569,37664.0,206.89769,33537.0,184.22705,-6354.0,-176.5,-1330.0,-36.94444,2.0
1758088316.3563,37974.0,208.60059,33481.0,183.91943,-5903.0,-163.97223,-959.0,-26.63889,2.0
1758088316.35768,38260.0,210.17166,33440.0,183.69421,-5461.0,-151.69444,-702.0,-19.5,2.0
1758088316.35897,38523.0,211.61638,33414.0,183.55139,-5044.0,-140.11111,-351.0,-9.75,2.0
1758088316.36039,38765.0,212.94574,33406.0,183.50743,-4604.0,-127.88889,-16.0,-0.44444,2.0
1758088316.36161,38984.0,214.14877,33406.0,183.50743,-4158.0,-115.5,0.0,0.0,2.0
1758088316.36572,39183.0,215.24193,33406.0,183.50743,-3778.0,-104.94444,0.0,0.0,2.0
1758088316.38123,39361.0,216.21974,33406.0,183.50743,-3322.0,-92.27778,0.0,0.0,2.0
1758088316.38205,39514.0,217.0602,33406.0,183.50743,-2784.0,-77.33334,0.0,0.0,2.0
1758088316.4007,39637.0,217.73587,33406.0,183.50743,-2204.0,-61.22222,-9.0,-0.25,2.0
1758088316.40168,39730.0,218.24673,33405.0,183.50194,-1575.0,-43.75,-24.0,-0.66667,2.0
1758088316.41835,39794.0,218.5983,33402.0,183.48546,-978.0,-27.16667,-121.0,-3.36111,2.0
1758088316.42089,39825.0,218.7686,33389.0,183.41405,-327.0,-9.08333,-350.0,-9.72222,2.0
1758088316.4363,39828.0,218.78508,33363.0,183.27122,74.0,2.05556,-712.0,-19.77778,2.0
1758088316.45647,39821.0,218.74663,33315.0,183.00755,208.0,5.77778,-1169.0,-32.47222,2.0
1758088316.45804,39806.0,218.66422,33244.0,182.61754,322.0,8.94444,-1523.0,-42.30556,2.0
1758088316.46525,39785.0,218.54886,33155.0,182.12865,438.0,12.16667,-1961.0,-54.47222,2.0
1758088316.48606,39760.0,218.41153,33046.0,181.52986,525.0,14.58333,-2325.0,-64.58334,2.0
1758088316.48688,39731.0,218.25223,32919.0,180.83223,590.0,16.38889,-2674.0,-74.27778,2.0
1758088316.49665,39700.0,218.08194,32776.0,180.04669,654.0,18.16667,-2958.0,-82.16666,2.0
1758088316.51469,39661.0,217.86771,32620.0,179.18974,915.0,25.41667,-3163.0,-87.86111,2.0
1758088316.51805,39612.0,217.59854,32454.0,178.27788,990.0,27.5,-3333.0,-92.58334,2.0
1758088316.52051,39562.0,217.32388,32284.0,177.34401,958.0,26.61111,-3428.0,-95.22222,2.0
1758088316.53625,39512.0,217.04921,32110.0,176.38818,1017.0,28.25,-3471.0,-96.41666,2.0
1758088316.55731,39465.0,216.79103,31931.0,175.40489,841.0,23.36111,-3537.0,-98.25,2.0
1758088316.55781,39427.0,216.58229,31749.0,174.40512,675.0,18.75,-3629.0,-100.80556,2.0
1758088316.56398,39396.0,216.412,31566.0,173.39987,560.0,15.55556,-3589.0,-99.69444,2.0
1758088316.58126,39371.0,216.27467,31389.0,172.42755,439.0,12.19444,-3444.0,-95.66666,2.0
1758088316.58504,39349.0,216.15382,31223.0,171.51569,405.0,11.25,-3138.0,-87.16666,2.0
1758088316.60106,39325.0,216.02199,31077.0,170.71367,531.0,14.75,-2696.0,-74.88889,2.0
1758088316.60192,39286.0,215.80772,30960.0,170.07095,1009.0,28.02778,-2038.0,-56.61111,2.0
1758088316.62109,39218.0,215.43419,30881.0,169.63698,1565.0,43.47222,-1214.0,-33.72222,2.0
1758088316.62185,39127.0,214.93431,30840.0,169.41176,1968.0,54.66667,-452.0,-12.55556,2.0
1758088316.63809,39023.0,214.36301,30835.0,169.38429,2099.0,58.30556,99.0,2.75,2.0
1758088316.6417,38912.0,213.75327,30843.0,169.42824,2210.0,61.38889,192.0,5.33333,2.0
1758088316.66495,38796.0,213.11606,30858.0,169.51064,2364.0,65.66666,347.0,9.63889,2.0
1758088316.66666,38665.0,212.39642,30876.0,169.60951,2745.0,76.25,429.0,11.91667,2.0
1758088316.68629,38513.0,211.56145,30907.0,169.7798,3238.0,89.94444,809.0,22.47222,2.0
1758088316.69041,38335.0,210.58366,30967.0,170.10941,3726.0,103.5,1478.0,41.05556,2.0
1758088316.69638,38132.0,209.46854,31061.0,170.62578,4188.0,116.33334,2129.0,59.13889,2.0
1758088316.71499,37904.0,208.21606,31187.0,171.31793,4717.0,131.02777,2758.0,76.61111,2.0
1758088316.71664,37651.0,206.82628,31341.0,172.16388,5189.0,144.13889,3251.0,90.30556,2.0
1758088316.73625,37378.0,205.32661,31519.0,173.14168,5492.0,152.55556,3743.0,103.97222,2.0
1758088316.737,37094.0,203.76654,31723.0,174.2623,5757.0,159.91667,4203.0,116.75,2.0
1758088316.7566,36792.0,202.10757,31952.0,175.52026,6128.0,170.22223,4711.0,130.86111,2.0
1758088316.75697,36473.0,200.35522,32205.0,176.91005,6393.0,177.58333,5183.0,143.97223,2.0
1758088316.77651,36143.0,198.54245,32486.0,178.45366,6563.0,182.30556,5826.0,161.83333,2.0
1758088316.77696,35815.0,196.74068,32797.0,180.16205,6352.0,176.44444,6417.0,178.25,2.0
1758088316.79495,35507.0,195.04875,33134.0,182.01326,5874.0,163.16667,6829.0,189.69444,2.0
1758088316.79535,35223.0,193.48868,33505.0,184.05127,5476.0,152.11111,7538.0,209.38889,2.0
1758088316.81127,34955.0,192.01649,33896.0,186.19913,5110.0,141.94444,7855.0,218.19444,2.0
1758088316.81648,34710.0,190.67064,34288.0,188.35248,4567.0,126.86111,7625.0,211.80556,2.0
1758088316.83127,34503.0,189.53354,34661.0,190.40146,3650.0,101.38889,7096.0,197.11111,2.0
1758088316.8321,34348.0,188.68207,34998.0,192.2527,2566.0,71.27778,6353.0,176.47223,2.0
1758088316.85172,34251.0,188.14923,35306.0,193.94461,1420.0,39.44444,5914.0,164.27777,2.0
1758088316.85425,34203.0,187.88556,35594.0,195.52666,617.0,17.13889,5537.0,153.80556,2.0
1758088316.87122,34186.0,187.79218,35869.0,197.03731,135.0,3.75,5373.0,149.25,2.0
1758088316.87159,34185.0,187.78668,36146.0,198.55893,0.0,0.0,5582.0,155.05556,2.0
1758088316.88913,34184.0,187.78119,36436.0,200.15198,39.0,1.08333,5862.0,162.83333,2.0
1758088316.88964,34179.0,187.75372,36736.0,201.79996,174.0,4.83333,6004.0,166.77777,2.0
1758088316.90718,34164.0,187.67131,37050.0,203.52484,375.0,10.41667,6338.0,176.05556,2.0
1758088316.92308,34140.0,187.53947,37375.0,205.31013,531.0,14.75,6477.0,179.91667,2.0
1758088316.92425,34109.0,187.36919,37698.0,207.08446,646.0,17.94444,6288.0,174.66667,2.0
1758088316.94096,34074.0,187.17693,38013.0,208.81482,754.0,20.94444,6177.0,171.58333,2.0
1758088316.94171,34033.0,186.95171,38314.0,210.46831,839.0,23.30556,5716.0,158.77777,2.0
1758088316.95808,33995.0,186.74297,38587.0,211.96796,702.0,19.5,5122.0,142.27777,2.0
1758088316.96121,33960.0,186.5507,38834.0,213.3248,698.0,19.38889,4640.0,128.88889,2.0
1758088316.9763,33924.0,186.35295,39053.0,214.52782,748.0,20.77778,4091.0,113.63889,2.0
1758088316.99578,33885.0,186.1387,39243.0,215.57152,764.0,21.22222,3466.0,96.27778,2.0
1758088316.99621,33850.0,185.94644,39401.0,216.43947,681.0,18.91667,2869.0,79.69444,2.0
1758088317.01659,33815.0,185.75418,39526.0,217.12611,706.0,19.61111,2162.0,60.05556,2.0
1758088317.01698,33779.0,185.55643,39617.0,217.62601,724.0,20.11111,1486.0,41.27778,2.0
1758088317.03553,33741.0,185.34769,39677.0,217.9556,761.0,21.13889,949.0,26.36111,2.0
1758088317.03627,33700.0,185.12247,39710.0,218.13687,876.0,24.33333,418.0,11.61111,2.0
1758088317.0539,33646.0,184.82581,39715.0,218.16434,1195.0,33.19444,-58.0,-1.61111,2.0
1758088317.05511,33580.0,184.46326,39711.0,218.14236,1399.0,38.86111,-104.0,-2.88889,2.0
1758088317.07208,33499.0,184.01831,39703.0,218.09842,1709.0,47.47222,-154.0,-4.27778,2.0
1758088317.07542,33409.0,183.52393,39695.0,218.05447,1877.0,52.13889,-203.0,-5.63889,2.0
1758088317.09302,33311.0,182.98558,39682.0,217.98306,1955.0,54.30556,-276.0,-7.66667,2.0
1758088317.09513,33208.0,182.41978,39664.0,217.88419,2002.0,55.61111,-431.0,-11.97222,2.0
1758088317.11221,33108.0,181.87044,39640.0,217.75235,2004.0,55.66667,-488.0,-13.55556,2.0
1758088317.1155,33006.0,181.31013,39614.0,217.60953,2052.0,57.0,-538.0,-14.94444,2.0
1758088317.13594,32900.0,180.72786,39580.0,217.42276,2149.0,59.69444,-774.0,-21.5,2.0
1758088317.13666,32787.0,180.10712,39539.0,217.19753,2300.0,63.88889,-789.0,-21.91667,2.0
1758088317.15498,32663.0,179.42595,39502.0,216.99428,2560.0,71.11111,-685.0,-19.02778,2.0
1758088317.15541,32524.0,178.6624,39473.0,216.83498,2902.0,80.61111,-510.0,-14.16667,2.0
1758088317.1713,32366.0,177.79446,39451.0,216.71413,3315.0,92.08334,-407.0,-11.30556,2.0
1758088317.17205,32188.0,176.81665,39433.0,216.61525,3683.0,102.30556,-298.0,-8.27778,2.0
1758088317.18805,31991.0,175.7345,39425.0,216.5713,4029.0,111.91666,-8.0,-0.22222,2.0
1758088317.18924,31779.0,174.56992,39426.0,216.5768,4261.0,118.36111,0.0,0.0,2.0
1758088317.20635,31557.0,173.35043,39426.0,216.5768,4436.0,123.22222,0.0,0.0,2.0
1758088317.2224,31333.0,172.11993,39425.0,216.5713,4346.0,120.72222,-39.0,-1.08333,2.0
1758088317.22424,31122.0,170.96086,39418.0,216.53285,3937.0,109.36111,-235.0,-6.52778,2.0
1758088317.24085,30940.0,169.96109,39393.0,216.39552,3276.0,91.0,-664.0,-18.44444,2.0
1758088317.2417,30796.0,169.17006,39344.0,216.12636,2523.0,70.08334,-1229.0,-34.13889,2.0
1758088317.25836,30692.0,168.59877,39260.0,215.6649,1750.0,48.61111,-1925.0,-53.47222,2.0
1758088317.26014,30623.0,168.21973,39145.0,215.03319,1047.0,29.08333,-2586.0,-71.83334,2.0
1758088317.27664,30590.0,168.03845,38996.0,214.21469,410.0,11.38889,-3193.0,-88.69444,2.0
1758088317.29398,30581.0,167.98901,38819.0,213.2424,31.0,0.86111,-3682.0,-102.27778,2.0
1758088317.29465,30584.0,168.00549,38627.0,212.18768,-52.0,-1.44444,-3838.0,-106.61111,2.0
1758088317.31188,30584.0,168.00549,38438.0,211.14946,30.0,0.83333,-3666.0,-101.83334,2.0
1758088317.31555,30583.0,168.0,38263.0,210.18814,0.0,0.0,-3331.0,-92.52778,2.0
1758088317.33221,30584.0,168.00549,38099.0,209.28726,-27.0,-0.75,-3155.0,-87.63889,2.0
1758088317.33463,30587.0,168.02197,37939.0,208.40833,-83.0,-2.30556,-3190.0,-88.61111,2.0
1758088317.35024,30599.0,168.08789,37774.0,207.50195,-413.0,-11.47222,-3320.0,-92.22222,2.0
1758088317.35114,30641.0,168.3186,37597.0,206.52965,-1182.0,-32.83333,-3649.0,-101.36111,2.0
1758088317.3679,30725.0,168.78004,37400.0,205.44746,-2061.0,-57.25,-4062.0,-112.83334,2.0
1758088317.37148,30858.0,169.51064,37178.0,204.22797,-3011.0,-83.63889,-4575.0,-127.08334,2.0
1758088317.39157,31038.0,170.49942,36934.0,202.8876,-3966.0,-110.16666,-4967.0,-137.97223,2.0
1758088317.39196,31264.0,171.74091,36672.0,201.44838,-4861.0,-135.02777,-5366.0,-149.05556,2.0
1758088317.41248,31534.0,173.22408,36384.0,199.86633,-5667.0,-157.41667,-5976.0,-166.0,2.0
1758088317.41277,31844.0,174.92699,36065.0,198.11398,-6459.0,-179.41667,-6493.0,-180.36111,2.0
1758088317.42924,32199.0,176.87709,35728.0,196.26277,-7431.0,-206.41667,-6884.0,-191.22223,2.0
1758088317.43008,32597.0,179.0634,35380.0,194.3511,-8143.0,-226.19444,-6756.0,-187.66667,2.0
1758088317.44604,33027.0,181.42549,35058.0,192.58229,-8756.0,-243.22223,-6019.0,-167.19444,2.0
1758088317.46469,33469.0,183.85352,34776.0,191.03319,-8528.0,-236.88889,-5227.0,-145.19444,2.0
1758088317.46625,33880.0,186.11124,34536.0,189.71481,-7784.0,-216.22223,-4225.0,-117.36111,2.0
1758088317.48306,34251.0,188.14923,34357.0,188.73151,-6890.0,-191.38889,-3027.0,-84.08334,2.0
1758088317.4843,34568.0,189.89059,34240.0,188.08881,-5842.0,-162.27777,-1798.0,-49.94444,2.0
1758088317.49923,34846.0,191.41771,34175.0,187.73174,-5298.0,-147.16667,-882.0,-24.5,2.0
1758088317.50045,35106.0,192.84596,34145.0,187.56694,-5087.0,-141.30556,-447.0,-12.41667,2.0
1758088317.51528,35363.0,194.25772,34122.0,187.4406,-5143.0,-142.86111,-522.0,-14.5,2.0
1758088317.53126,35633.0,195.74089,34089.0,187.25932,-5522.0,-153.38889,-777.0,-21.58333,2.0
1758088317.53244,35929.0,197.3669,34040.0,186.99016,-6081.0,-168.91667,-1127.0,-31.30556,2.0
1758088317.55173,36250.0,199.13025,33972.0,186.61662,-6472.0,-179.77777,-1554.0,-43.16667,2.0
1758088317.55432,36585.0,200.97047,33885.0,186.1387,-6771.0,-188.08333,-1827.0,-50.75,2.0
1758088317.57081,36940.0,202.92056,33786.0,185.59488,-6988.0,-194.11111,-1971.0,-54.75,2.0
1758088317.57227,37285.0,204.81575,33686.0,185.04556,-6685.0,-185.69444,-1985.0,-55.13889,2.0
1758088317.59154,37618.0,206.645,33593.0,184.53467,-6457.0,-179.36111,-1730.0,-48.05556,2.0
1758088317.59189,37929.0,208.35339,33514.0,184.10071,-5843.0,-162.30556,-1371.0,-38.08333,2.0
1758088317.61195,38207.0,209.88052,33454.0,183.77112,-5190.0,-144.16667,-1070.0,-29.72222,2.0
1758088317.61509,38454.0,211.23735,33408.0,183.51843,-4635.0,-128.75,-773.0,-21.47222,2.0
1758088317.631,38672.0,212.43488,33378.0,183.35362,-4060.0,-112.77778,-493.0,-13.69444,2.0
1758088317.63188,38858.0,213.45663,33357.0,183.23827,-3364.0,-93.44444,-330.0,-9.16667,2.0
1758088317.65066,39010.0,214.2916,33343.0,183.16136,-2745.0,-76.25,-260.0,-7.22222,2.0
1758088317.65106,39133.0,214.96727,33327.0,183.07347,-2249.0,-62.47222,-415.0,-11.52778,2.0
1758088317.66625,39232.0,215.51109,33301.0,182.93065,-1795.0,-49.86111,-594.0,-16.5,2.0
1758088317.68629,39311.0,215.94508,33266.0,182.73839,-1343.0,-37.30556,-733.0,-20.36111,2.0
1758088317.69037,39370.0,216.26918,33221.0,182.4912,-1033.0,-28.69444,-1019.0,-28.30556,2.0
1758088317.692,39409.0,216.48341,33159.0,182.15062,-551.0,-15.30556,-1349.0,-37.47222,2.0
1758088317.71178,39424.0,216.56581,33085.0,181.74409,-88.0,-2.44444,-1539.0,-42.75,2.0
1758088317.71216,39418.0,216.53285,33000.0,181.27718,204.0,5.66667,-1773.0,-49.25,2.0
1758088317.73066,39401.0,216.43947,32904.0,180.74983,496.0,13.77778,-1983.0,-55.08333,2.0
1758088317.73142,39367.0,216.2527,32802.0,180.18951,785.0,21.80556,-2063.0,-57.30556,2.0
1758088317.74915,39321.0,216.00002,32695.0,179.60173,968.0,26.88889,-2133.0,-59.25,2.0
1758088317.74954,39264.0,215.68687,32585.0,178.99748,1301.0,36.13889,-2183.0,-60.63889,2.0
1758088317.76762,39193.0,215.29686,32471.0,178.37126,1472.0,40.88889,-2271.0,-63.08333,2.0
1758088317.77241,39115.0,214.86839,32353.0,177.72305,1610.0,44.72222,-2365.0,-65.69444,2.0
1758088317.79111,39036.0,214.43442,32228.0,177.03639,1534.0,42.61111,-2526.0,-70.16666,2.0
1758088317.7915,38960.0,214.01694,32094.0,176.30029,1434.0,39.83333,-2757.0,-76.58334,2.0
1758088317.81133,38897.0,213.67087,31945.0,175.48181,1148.0,31.88889,-2991.0,-83.08334,2.0
1758088317.81202,38847.0,213.39621,31784.0,174.59738,815.0,22.63889,-3298.0,-91.61111,2.0
1758088317.83126,38818.0,213.23691,31611.0,173.64706,409.0,11.36111,-3533.0,-98.13889,2.0
1758088317.83202,38813.0,213.20944,31430.0,172.65279,-94.0,-2.61111,-3592.0,-99.77778,2.0
1758088317.85029,38817.0,213.23141,31251.0,171.66949,-38.0,-1.05556,-3450.0,-95.83334,2.0
1758088317.85104,38817.0,213.23141,31084.0,170.75212,8.0,0.22222,-3165.0,-87.91666,2.0
1758088317.86628,38815.0,213.22043,30938.0,169.9501,46.0,1.27778,-2678.0,-74.38889,2.0
1758088317.8863,38811.0,213.19846,30821.0,169.30739,118.0,3.27778,-2052.0,-57.0,2.0
1758088317.89064,38798.0,213.12704,30737.0,168.84596,399.0,11.08333,-1395.0,-38.75,2.0
1758088317.89369,38767.0,212.95673,30685.0,168.56032,819.0,22.75,-701.0,-19.47222,2.0
1758088317.90923,38710.0,212.64362,30670.0,168.47792,1290.0,35.83333,-7.0,-0.19444,2.0
1758088317.91006,38631.0,212.20966,30680.0,168.53285,1763.0,48.97222,285.0,7.91667,2.0
1758088317.92796,38526.0,211.63286,30698.0,168.63173,2272.0,63.11111,429.0,11.91667,2.0
1758088317.93203,38400.0,210.94072,30722.0,168.76357,2571.0,71.41666,485.0,13.47222,2.0
1758088317.95178,38269.0,210.2211,30743.0,168.87892,2601.0,72.25,368.0,10.22222,2.0
1758088317.95221,38138.0,209.5015,30760.0,168.97231,2574.0,71.5,277.0,7.69444,2.0
1758088317.96831,38004.0,208.76538,30773.0,169.04372,2765.0,76.80556,294.0,8.16667,2.0
1758088317.96907,37852.0,207.93042,30794.0,169.15907,3233.0,89.80556,474.0,13.16667,2.0
1758088317.98429,37670.0,206.93065,30828.0,169.34584,3838.0,106.61111,888.0,24.66667,2.0
1758088318.00125,37460.0,205.77705,30888.0,169.67543,4347.0,120.75,1371.0,38.08333,2.0
1758088318.00486,37224.0,204.48065,30975.0,170.15335,4854.0,134.83333,2001.0,55.58333,2.0
1758088318.02125,36962.0,203.04141,31093.0,170.80156,5405.0,150.13889,2602.0,72.27778,2.0
1758088318.02207,36671.0,201.44289,31242.0,171.62006,5993.0,166.47223,3191.0,88.63889,2.0
1758088318.03836,36356.0,199.71252,31421.0,172.60333,6409.0,178.02777,3809.0,105.80556,2.0
1758088318.04092,36017.0,197.85031,31632.0,173.76242,6939.0,192.75,4491.0,124.75,2.0
1758088318.05704,35658.0,195.87822,31878.0,175.11375,7103.0,197.30556,5143.0,142.86111,2.0
1758088318.05864,35306.0,193.94461,32154.0,176.62988,6809.0,189.13889,5728.0,159.11111,2.0
1758088318.07424,34973.0,192.11537,32464.0,178.33281,6428.0,178.55556,6434.0,178.72223,2.0
1758088318.09223,34659.0,190.39047,32809.0,180.22797,5982.0,166.16667,7021.0,195.02777,2.0
1758088318.09681,34373.0,188.8194,33161.0,182.16161,5371.0,149.19444,6866.0,190.72223,2.0
1758088318.11391,34125.0,187.45708,33502.0,184.03479,4486.0,124.61111,6650.0,184.72223,2.0
1758088318.11466,33933.0,186.40239,33824.0,185.80362,3269.0,90.80556,6115.0,169.86111,2.0
1758088318.13025,33804.0,185.69376,34122.0,187.4406,2063.0,57.30556,5747.0,159.63889,2.0
1758088318.13143,33728.0,185.27628,34408.0,189.01166,1076.0,29.88889,5502.0,152.83333,2.0
1758088318.14631,33694.0,185.08951,34682.0,190.51682,458.0,12.72222,5383.0,149.52777,2.0
1758088318.16337,33679.0,185.00711,34957.0,192.02748,187.0,5.19444,5470.0,151.94444,2.0
1758088318.16545,33672.0,184.96866,35246.0,193.61502,150.0,4.16667,5886.0,163.5,2.0
1758088318.1813,33661.0,184.9082,35555.0,195.31242,278.0,7.72222,6313.0,175.36111,2.0
1758088318.18207,33643.0,184.80933,35883.0,197.11421,366.0,10.16667,6595.0,183.19444,2.0
1758088318.19809,33623.0,184.69946,36228.0,199.0094,445.0,12.36111,6968.0,193.55556,2.0
1758088318.20091,33598.0,184.56213,36581.0,200.9485,503.0,13.97222,6926.0,192.38889,2.0
1758088318.21627,33572.0,184.41931,36925.0,202.83817,527.0,14.63889,6720.0,186.66667,2.0
1758088318.23499,33543.0,184.26001,37259.0,204.67293,594.0,16.5,6471.0,179.75,2.0
1758088318.23627,33510.0,184.07874,37575.0,206.4088,646.0,17.94444,6021.0,167.25,2.0
1758088318.25659,33481.0,183.91943,37863.0,207.99084,531.0,14.75,5464.0,151.77777,2.0
1758088318.25701,33453.0,183.76562,38126.0,209.43558,578.0,16.05556,4952.0,137.55556,2.0
1758088318.27401,33421.0,183.58984,38360.0,210.72099,669.0,18.58333,4326.0,120.16666,2.0
1758088318.2747,33383.0,183.38109,38564.0,211.84161,804.0,22.33333,3761.0,104.47222,2.0
1758088318.29202,33342.0,183.15587,38740.0,212.80841,795.0,22.08333,3245.0,90.13889,2.0
1758088318.2943,33304.0,182.94713,38888.0,213.62143,746.0,20.72222,2624.0,72.88889,2.0
1758088318.31031,33266.0,182.73839,39001.0,214.24216,744.0,20.66667,1933.0,53.69444,2.0
1758088318.31142,33229.0,182.53514,39082.0,214.68712,694.0,19.27778,1335.0,37.08333,2.0
1758088318.32636,33193.0,182.33739,39135.0,214.97826,699.0,19.41667,838.0,23.27778,2.0
1758088318.34308,33155.0,182.12865,39165.0,215.14305,828.0,23.0,401.0,11.13889,2.0
1758088318.34596,33108.0,181.87044,39173.0,215.187,986.0,27.38889,-1.0,-0.02778,2.0
1758088318.36124,33055.0,181.5793,39171.0,215.17601,1134.0,31.5,0.0,0.0,2.0
1758088318.36207,32993.0,181.23872,39171.0,215.17601,1312.0,36.44444,-7.0,-0.19444,2.0
1758088318.37835,32925.0,180.86519,39171.0,215.17601,1348.0,37.44444,-23.0,-0.63889,2.0
1758088318.38123,32855.0,180.48065,39169.0,215.16502,1398.0,38.83333,-50.0,-1.38889,2.0
1758088318.39729,32786.0,180.10162,39166.0,215.14854,1339.0,37.19444,-52.0,-1.44444,2.0
1758088318.39836,32718.0,179.72809,39164.0,215.13756,1295.0,35.97222,-19.0,-0.52778,2.0
1758088318.41429,32653.0,179.37102,39164.0,215.13756,1267.0,35.19444,0.0,0.0,2.0
1758088318.43033,32586.0,179.00298,39164.0,215.13756,1373.0,38.13889,0.0,0.0,2.0
1758088318.43108,32512.0,178.59648,39164.0,215.13756,1562.0,43.38889,4.0,0.11111,2.0
1758088318.44631,32426.0,178.12405,39164.0,215.13756,1802.0,50.05556,11.0,0.30556,2.0
1758088318.46425,32323.0,177.55826,39165.0,215.14305,2208.0,61.33333,29.0,0.80556,2.0
1758088318.46547,32199.0,176.87709,39167.0,215.15404,2649.0,73.58334,50.0,1.38889,2.0
1758088318.48123,32052.0,176.06958,39171.0,215.17601,3113.0,86.47222,78.0,2.16667,2.0
1758088318.48191,31883.0,175.14122,39176.0,215.20348,3489.0,96.91666,115.0,3.19444,2.0
1758088318.4981,31698.0,174.12497,39181.0,215.23094,3823.0,106.19444,85.0,2.36111,2.0
1758088318.50003,31502.0,173.04829,39182.0,215.23643,3874.0,107.61111,-17.0,-0.47222,2.0
1758088318.51633,31308.0,171.9826,39179.0,215.21996,3753.0,104.25,-72.0,-2.0,2.0
1758088318.53392,31128.0,170.99382,39172.0,215.1815,3363.0,93.41666,-171.0,-4.75,2.0
1758088318.53505,30973.0,170.14236,39161.0,215.12108,2822.0,78.38889,-273.0,-7.58333,2.0
1758088318.55263,30847.0,169.45021,39139.0,215.00023,2197.0,61.02778,-539.0,-14.97222,2.0
1758088318.55423,30755.0,168.94484,39102.0,214.79698,1508.0,41.88889,-856.0,-23.77778,2.0
1758088318.57031,30699.0,168.63722,39044.0,214.47838,848.0,23.55556,-1397.0,-38.80556,2.0
1758088318.57106,30674.0,168.49989,38961.0,214.02243,275.0,7.63889,-1831.0,-50.86111,2.0
1758088318.5863,30673.0,168.4944,38852.0,213.42368,-106.0,-2.94444,-2386.0,-66.27778,2.0
1758088318.60312,30681.0,168.53835,38715.0,212.67108,-228.0,-6.33333,-2964.0,-82.33334,2.0
1758088318.60373,30698.0,168.63173,38547.0,211.74823,-408.0,-11.33333,-3537.0,-98.25,2.0
1758088318.61931,30722.0,168.76357,38353.0,210.68254,-516.0,-14.33333,-4023.0,-111.75,2.0
1758088318.62006,30751.0,168.92287,38141.0,209.51797,-613.0,-17.02778,-4261.0,-118.36111,2.0
1758088318.63523,30789.0,169.13161,37926.0,208.33691,-863.0,-23.97222,-4278.0,-118.83334,2.0
1758088318.65132,30840.0,169.41176,37709.0,207.14488,-1097.0,-30.47222,-4300.0,-119.44444,2.0
1758088318.65203,30905.0,169.76881,37487.0,205.92537,-1457.0,-40.47222,-4498.0,-124.94444,2.0
1758088318.67158,30992.0,170.24673,37250.0,204.62349,-1863.0,-51.75,-4821.0,-133.91667,2.0
1758088318.672,31100.0,170.84001,36996.0,203.22821,-2354.0,-65.38889,-5167.0,-143.52777,2.0
1758088318.68835,31235.0,171.5816,36726.0,201.74501,-2901.0,-80.58334,-5461.0,-151.69444,2.0
1758088318.69011,31398.0,172.47699,36434.0,200.14099,-3498.0,-97.16666,-6026.0,-167.38889,2.0
1758088318.70674,31593.0,173.54819,36112.0,198.37216,-4113.0,-114.25,-6532.0,-181.44444,2.0
1758088318.72337,31820.0,174.79515,35774.0,196.51546,-4741.0,-131.69444,-6690.0,-185.83333,2.0
1758088318.72382,32075.0,176.19592,35438.0,194.66971,-5250.0,-145.83333,-6542.0,-181.72223,2.0
1758088318.73932,32349.0,177.70108,35125.0,192.95033,-5410.0,-150.27777,-5819.0,-161.63889,2.0
1758088318.7405,32614.0,179.15678,34854.0,191.46165,-5081.0,-141.13889,-5005.0,-139.02777,2.0
1758088318.75633,32862.0,180.5191,34622.0,190.18723,-4842.0,-134.5,-4226.0,-117.38889,2.0
1758088318.77399,33105.0,181.85396,34430.0,189.13251,-4786.0,-132.94444,-3429.0,-95.25,2.0
1758088318.77546,33349.0,183.19432,34275.0,188.28107,-4834.0,-134.27777,-2779.0,-77.19444,2.0
1758088318.79129,33599.0,184.56763,34149.0,187.58891,-5006.0,-139.05556,-2280.0,-63.33333,2.0
1758088318.79651,33864.0,186.02335,34041.0,186.99565,-5384.0,-149.55556,-2016.0,-56.0,2.0
1758088318.81123,34150.0,187.59441,33943.0,186.45732,-5859.0,-162.75,-1886.0,-52.38889,2.0
1758088318.81487,34454.0,189.26437,33850.0,185.94644,-6107.0,-169.63889,-1792.0,-49.77778,2.0
1758088318.83197,34769.0,190.99474,33762.0,185.46304,-6350.0,-176.38889,-1671.0,-46.41667,2.0
1758088318.83625,35099.0,192.80751,33678.0,185.00162,-6603.0,-183.41667,-1634.0,-45.38889,2.0
1758088318.8513,35431.0,194.63126,33601.0,184.57861,-6495.0,-180.41667,-1457.0,-40.47222,2.0
1758088318.85204,35762.0,196.44954,33531.0,184.19409,-6596.0,-183.22223,-1266.0,-35.16667,2.0
1758088318.8716,36091.0,198.25681,33473.0,183.87549,-6382.0,-177.27777,-1070.0,-29.72222,2.0
1758088318.87204,36405.0,199.98169,33423.0,183.60083,-6077.0,-168.80556,-917.0,-25.47222,2.0
1758088318.89116,36708.0,201.64613,33383.0,183.38109,-5941.0,-165.02777,-696.0,-19.33333,2.0
1758088318.89159,37002.0,203.26117,33349.0,183.19432,-5655.0,-157.08333,-674.0,-18.72222,2.0
1758088318.90887,37279.0,204.78279,33313.0,182.99657,-5386.0,-149.61111,-741.0,-20.58333,2.0
1758088318.91086,37549.0,206.26598,33274.0,182.78233,-5254.0,-145.94444,-776.0,-21.55556,2.0
1758088318.92626,37813.0,207.71619,33235.0,182.5681,-5030.0,-139.72223,-797.0,-22.13889,2.0
1758088318.94666,38056.0,209.05106,33188.0,182.30992,-4663.0,-129.52777,-1003.0,-27.86111,2.0
1758088318.94819,38282.0,210.29253,33135.0,182.01875,-4328.0,-120.22222,-1068.0,-29.66667,2.0
1758088318.95049,38486.0,211.41313,33085.0,181.74409,-3811.0,-105.86111,-965.0,-26.80556,2.0
1758088318.9663,38661.0,212.37445,33036.0,181.47493,-3168.0,-88.0,-921.0,-25.58333,2.0
1758088318.98622,38804.0,213.16,32993.0,181.23872,-2515.0,-69.86111,-813.0,-22.58333,2.0
1758088318.9902,38914.0,213.76425,32952.0,181.0135,-1895.0,-52.63889,-846.0,-23.5,2.0
1758088318.99121,38993.0,214.19821,32907.0,180.76631,-1325.0,-36.80556,-966.0,-26.83333,2.0
1758088319.00973,39041.0,214.4619,32859.0,180.50262,-686.0,-19.05556,-950.0,-26.38889,2.0
1758088319.01046,39060.0,214.56627,32805.0,180.20599,-109.0,-3.02778,-1147.0,-31.86111,2.0
1758088319.02817,39055.0,214.5388,32741.0,179.85443,150.0,4.16667,-1307.0,-36.30556,2.0
1758088319.02912,39046.0,214.48936,32670.0,179.4644,204.0,5.66667,-1532.0,-42.55556,2.0
1758088319.04769,39031.0,214.40695,32590.0,179.02495,362.0,10.05556,-1614.0,-44.83333,2.0
1758088319.05212,39008.0,214.28061,32505.0,178.55803,603.0,16.75,-1719.0,-47.75,2.0
1758088319.07151,38972.0,214.08286,32418.0,178.08011,770.0,21.38889,-1717.0,-47.69444,2.0
1758088319.07224,38933.0,213.86862,32331.0,177.6022,771.0,21.41667,-1696.0,-47.11111,2.0
1758088319.09154,38890.0,213.63242,32243.0,177.11879,873.0,24.25,-1757.0,-48.80556,2.0
1758088319.09224,38845.0,213.38522,32154.0,176.62988,866.0,24.05556,-1814.0,-50.38889,2.0
1758088319.11067,38805.0,213.1655,32059.0,176.10803,690.0,19.16667,-1894.0,-52.61111,2.0
1758088319.11151,38775.0,213.00067,31960.0,175.56421,525.0,14.58333,-1987.0,-55.19444,2.0
1758088319.13153,38754.0,212.88531,31855.0,174.98741,377.0,10.47222,-2122.0,-58.94444,2.0
1758088319.13194,38741.0,212.8139,31747.0,174.39413,128.0,3.55556,-2173.0,-60.36111,2.0
1758088319.14804,38741.0,212.8139,31638.0,173.79538,-49.0,-1.36111,-2182.0,-60.61111,2.0
1758088319.15086,38744.0,212.83038,31527.0,173.18562,-63.0,-1.75,-2130.0,-59.16667,2.0
1758088319.16629,38745.0,212.83588,31424.0,172.61983,0.0,0.0,-1919.0,-53.30556,2.0
1758088319.18388,38744.0,212.83038,31333.0,172.11993,9.0,0.25,-1682.0,-46.72222,2.0
1758088319.18608,38743.0,212.82489,31259.0,171.71344,36.0,1.0,-1338.0,-37.16667,2.0
1758088319.20632,38740.0,212.80841,31200.0,171.38934,64.0,1.77778,-1002.0,-27.83333,2.0
1758088319.20705,38735.0,212.78094,31162.0,171.18059,130.0,3.61111,-620.0,-17.22222,2.0
1758088319.22308,38726.0,212.73151,31141.0,171.06523,198.0,5.5,-273.0,-7.58333,2.0
1758088319.22387,38709.0,212.63812,31135.0,171.03227,479.0,13.30556,1.0,0.02778,2.0
1758088319.24039,38673.0,212.44037,31139.0,171.05424,932.0,25.88889,79.0,2.19444,2.0
1758088319.24078,38604.0,212.06134,31145.0,171.0872,1734.0,48.16667,207.0,5.75,2.0
1758088319.25624,38489.0,211.42961,31167.0,171.20805,2694.0,74.83334,584.0,16.22222,2.0
1758088319.27229,38323.0,210.51775,31208.0,171.43329,3638.0,101.05556,1005.0,27.91667,2.0
1758088319.27304,38118.0,209.39163,31270.0,171.77386,4249.0,118.02778,1338.0,37.16667,2.0
1758088319.29087,37896.0,208.17212,31341.0,172.16388,4449.0,123.58334,1392.0,38.66667,2.0
1758088319.29165,37670.0,206.93065,31413.0,172.55939,4475.0,124.30556,1430.0,39.72222,2.0
1758088319.30838,37439.0,205.6617,31491.0,172.98787,4606.0,127.94444,1648.0,45.77778,2.0
1758088319.30875,37199.0,204.34332,31581.0,173.48227,4827.0,134.08333,1887.0,52.41667,2.0
1758088319.33114,36944.0,202.94254,31686.0,174.05905,5214.0,144.83333,2163.0,60.08333,2.0
1758088319.3322,36667.0,201.42091,31807.0,174.72372,5639.0,156.63889,2531.0,70.30556,2.0
1758088319.34824,36372.0,199.80042,31947.0,175.4928,5988.0,166.33333,2952.0,82.0,2.0
1758088319.34905,36061.0,198.09201,32111.0,176.39368,6234.0,173.16667,3439.0,95.52778,2.0
1758088319.36669,35744.0,196.35066,32298.0,177.42091,6243.0,173.41667,3944.0,109.55556,2.0
1758088319.37187,35437.0,194.66422,32511.0,178.59099,5906.0,164.05556,4390.0,121.94444,2.0
1758088319.3916,35148.0,193.07668,32739.0,179.84344,5552.0,154.22223,4519.0,125.52778,2.0
1758088319.39405,34884.0,191.62645,32963.0,181.07393,4916.0,136.55556,4338.0,120.5,2.0
1758088319.41029,34659.0,190.39047,33175.0,182.23851,4031.0,111.97222,4144.0,115.11111,2.0
1758088319.41105,34482.0,189.41818,33386.0,183.39757,3108.0,86.33334,4201.0,116.69444,2.0
1758088319.42625,34347.0,188.67657,33606.0,184.60608,2321.0,64.47222,4472.0,124.22222,2.0
1758088319.44229,34247.0,188.12726,33842.0,185.9025,1700.0,47.22222,4838.0,134.38889,2.0
1758088319.44426,34171.0,187.70976,34100.0,187.31975,1360.0,37.77778,5307.0,147.41667,2.0
1758088319.46006,34113.0,187.39116,34384.0,188.87982,996.0,27.66667,5895.0,163.75,2.0
1758088319.46085,34072.0,187.16594,34696.0,190.59373,731.0,20.30556,6329.0,175.80556,2.0
1758088319.47625,34040.0,186.99016,35026.0,192.40651,528.0,14.66667,6696.0,186.0,2.0
1758088319.49225,34026.0,186.91325,35379.0,194.34561,74.0,2.05556,6958.0,193.27777,2.0
1758088319.49306,34028.0,186.92424,35735.0,196.30122,-82.0,-2.27778,7057.0,196.02777,2.0
1758088319.51216,34033.0,186.95171,36090.0,198.25131,-85.0,-2.36111,6983.0,193.97223,2.0
1758088319.51401,34037.0,186.97368,36441.0,200.17944,-84.0,-2.33333,6877.0,191.02777,2.0
1758088319.53046,34040.0,186.99016,36773.0,202.0032,-31.0,-0.86111,6314.0,175.38889,2.0
1758088319.53087,34040.0,186.99016,37083.0,203.70612,0.0,0.0,5958.0,165.5,2.0
1758088319.54622,34040.0,186.99016,37369.0,205.27718,0.0,0.0,5435.0,150.97223,2.0
1758088319.56393,34040.0,186.99016,37627.0,206.69444,0.0,0.0,4848.0,134.66667,2.0
1758088319.56541,34040.0,186.99016,37860.0,207.97437,6.0,0.16667,4429.0,123.02778,2.0
1758088319.58125,34039.0,186.98466,38076.0,209.16092,22.0,0.61111,4107.0,114.08334,2.0
1758088319.58461,34037.0,186.97368,38277.0,210.26506,39.0,1.08333,3834.0,106.5,2.0
1758088319.601,34035.0,186.96269,38461.0,211.2758,56.0,1.55556,3515.0,97.63889,2.0
1758088319.60187,34031.0,186.94072,38632.0,212.21515,81.0,2.25,3289.0,91.36111,2.0
1758088319.61808,34029.0,186.92973,38790.0,213.0831,0.0,0.0,2967.0,82.41666,2.0
1758088319.62005,34029.0,186.92973,38929.0,213.84665,0.0,0.0,2621.0,72.80556,2.0
1758088319.63623,34029.0,186.92973,39051.0,214.51683,0.0,0.0,2277.0,63.25,2.0
1758088319.65463,34029.0,186.92973,39155.0,215.08812,0.0,0.0,1923.0,53.41667,2.0
1758088319.65732,34029.0,186.92973,39240.0,215.55504,5.0,0.13889,1476.0,41.0,2.0
1758088319.67496,34029.0,186.92973,39306.0,215.91762,11.0,0.30556,1131.0,31.41667,2.0
1758088319.72616,34028.0,186.92424,39349.0,216.15382,13.0,0.36111,663.0,18.41667,2.0
1758088319.72961,34027.0,186.91875,39370.0,216.26918,31.0,0.86111,228.0,6.33333,2.0
1758088319.73112,34024.0,186.90227,39373.0,216.28566,87.0,2.41667,-45.0,-1.25,2.0
1758088319.73587,34016.0,186.85832,39371.0,216.27467,203.0,5.63889,-4.0,-0.11111,2.0
1758088319.73656,34003.0,186.78691,39371.0,216.27467,319.0,8.86111,-3.0,-0.08333,2.0
1758088319.73879,33980.0,186.66057,39370.0,216.26918,538.0,14.94444,-18.0,-0.5,2.0
1758088319.73992,33946.0,186.4738,39369.0,216.26369,783.0,21.75,-28.0,-0.77778,2.0
1758088319.74113,33899.0,186.21561,39366.0,216.24721,1020.0,28.33333,-80.0,-2.22222,2.0
1758088319.76076,33846.0,185.92447,39359.0,216.20876,1063.0,29.52778,-207.0,-5.75,2.0
1758088319.76165,33787.0,185.60037,39345.0,216.13185,1254.0,34.83333,-344.0,-9.55556,2.0
1758088319.77837,33719.0,185.22684,39321.0,216.00002,1355.0,37.63889,-589.0,-16.36111,2.0
1758088319.78163,33646.0,184.82581,39284.0,215.79674,1541.0,42.80556,-810.0,-22.5,2.0
1758088319.81617,33566.0,184.38635,39241.0,215.56053,1646.0,45.72222,-840.0,-23.33333,2.0
1758088319.81731,33475.0,183.88647,39197.0,215.31883,1844.0,51.22222,-913.0,-25.36111,2.0
1758088319.81805,33375.0,183.33714,39148.0,215.04967,2082.0,57.83333,-965.0,-26.80556,2.0
1758088319.8206,33268.0,182.74937,39097.0,214.76952,2168.0,60.22222,-1030.0,-28.61111,2.0
1758088319.83625,33161.0,182.16161,39036.0,214.43442,2065.0,57.36111,-1354.0,-37.61111,2.0
1758088319.85463,33060.0,181.60677,38961.0,214.02243,1940.0,53.88889,-1600.0,-44.44444,2.0
1758088319.85544,32966.0,181.09041,38869.0,213.51706,1773.0,49.25,-1989.0,-55.25,2.0
1758088319.87122,32884.0,180.63995,38758.0,212.90729,1564.0,43.44444,-2381.0,-66.13889,2.0
1758088319.87245,32810.0,180.23346,38626.0,212.18219,1344.0,37.33333,-2789.0,-77.47222,2.0
1758088319.89124,32747.0,179.88739,38475.0,211.35271,1198.0,33.27778,-3144.0,-87.33334,2.0
1758088319.89241,32694.0,179.59624,38308.0,210.43535,986.0,27.38889,-3340.0,-92.77778,2.0
1758088319.91176,32648.0,179.34355,38136.0,209.49051,872.0,24.22222,-3385.0,-94.02778,2.0
1758088319.91215,32605.0,179.10735,37968.0,208.56763,816.0,22.66667,-3255.0,-90.41666,2.0
1758088319.93183,32568.0,178.9041,37806.0,207.67773,625.0,17.36111,-3193.0,-88.69444,2.0
1758088319.93679,32541.0,178.75578,37641.0,206.77135,425.0,11.80556,-3312.0,-92.0,2.0
1758088319.95628,32530.0,178.69536,37466.0,205.81001,41.0,1.13889,-3557.0,-98.80556,2.0
1758088319.95704,32539.0,178.7448,37279.0,204.78279,-313.0,-8.69444,-3808.0,-105.77778,2.0
1758088319.97495,32568.0,178.9041,37079.0,203.68414,-833.0,-23.13889,-4114.0,-114.27778,2.0
1758088319.97535,32633.0,179.26115,36863.0,202.49759,-1618.0,-44.94444,-4402.0,-122.27778,2.0
1758088319.99121,32736.0,179.82697,36630.0,201.21767,-2375.0,-65.97222,-4784.0,-132.88889,2.0
1758088319.992,32879.0,180.61249,36376.0,199.82239,-3143.0,-87.30556,-5247.0,-145.75,2.0
1758088320.01081,33059.0,181.60127,36098.0,198.29526,-3885.0,-107.91666,-5705.0,-158.47223,2.0
1758088320.01162,33276.0,182.79332,35798.0,196.64729,-4612.0,-128.11111,-6101.0,-169.47223,2.0
1758088320.02804,33528.0,184.17761,35473.0,194.86198,-5276.0,-146.55556,-6637.0,-184.36111,2.0
1758088320.02923,33815.0,185.75418,35125.0,192.95033,-6003.0,-166.75,-6906.0,-191.83333,2.0
1758088320.04608,34142.0,187.55046,34790.0,191.11009,-6716.0,-186.55556,-6360.0,-176.66667,2.0
1758088320.06304,34482.0,189.41818,34490.0,189.46213,-6542.0,-181.72223,-5571.0,-154.75,2.0
1758088320.06381,34786.0,191.08812,34238.0,188.07782,-5518.0,-153.27777,-4483.0,-124.52778,2.0
1758088320.08039,35032.0,192.43947,34047.0,187.02861,-4309.0,-119.69444,-3158.0,-87.72222,2.0
1758088320.08076,35219.0,193.46671,33927.0,186.36943,-3247.0,-90.19444,-1802.0,-50.05556,2.0
1758088320.09624,35362.0,194.25223,33870.0,186.0563,-2587.0,-71.86111,-675.0,-18.75,2.0
1758088320.11466,35483.0,194.91692,33855.0,185.97391,-2352.0,-65.33334,-90.0,-2.5,2.0
1758088320.11621,35605.0,195.58708,33854.0,185.96841,-2533.0,-70.36111,0.0,0.0,2.0
1758088320.13221,35747.0,196.36714,33850.0,185.94644,-3086.0,-85.72222,-158.0,-4.38889,2.0
1758088320.13432,35922.0,197.32845,33834.0,185.85855,-3726.0,-103.5,-463.0,-12.86111,2.0
1758088320.15194,36129.0,198.46555,33801.0,185.67728,-4342.0,-120.61111,-727.0,-20.19444,2.0
1758088320.15236,36362.0,199.74548,33760.0,185.45206,-4744.0,-131.77777,-871.0,-24.19444,2.0
1758088320.16831,36613.0,201.12428,33709.0,185.17191,-5063.0,-140.63889,-1093.0,-30.36111,2.0
1758088320.16905,36874.0,202.55801,33655.0,184.87524,-5170.0,-143.61111,-980.0,-27.22222,2.0
1758088320.18584,37130.0,203.96429,33613.0,184.64453,-4932.0,-137.0,-746.0,-20.72222,2.0
1758088320.20121,37370.0,205.28267,33579.0,184.45776,-4614.0,-128.16667,-593.0,-16.47222,2.0
1758088320.20205,37593.0,206.50768,33558.0,184.34241,-4259.0,-118.30556,-274.0,-7.61111,2.0
1758088320.21804,37795.0,207.61731,33554.0,184.32043,-3826.0,-106.27778,20.0,0.55556,2.0
1758088320.21927,37975.0,208.60608,33554.0,184.32043,-3353.0,-93.13889,0.0,0.0,2.0
1758088320.23605,38134.0,209.47952,33554.0,184.32043,-2958.0,-82.16666,0.0,0.0,2.0
1758088320.25494,38270.0,210.22659,33555.0,184.32593,-2459.0,-68.30556,0.0,0.0,2.0
1758088320.25541,38381.0,210.83635,33555.0,184.32593,-1995.0,-55.41667,0.0,0.0,2.0
1758088320.27127,38470.0,211.32524,33554.0,184.32043,-1599.0,-44.41667,-1.0,-0.02778,2.0
1758088320.27203,38540.0,211.70978,33554.0,184.32043,-1213.0,-33.69444,-13.0,-0.36111,2.0
1758088320.29161,38594.0,212.00641,33552.0,184.30945,-967.0,-26.86111,-46.0,-1.27778,2.0
1758088320.29532,38633.0,212.22064,33548.0,184.28748,-608.0,-16.88889,-127.0,-3.52778,2.0
1758088320.31573,38657.0,212.35248,33538.0,184.23254,-371.0,-10.30556,-241.0,-6.69444,2.0
1758088320.31618,38672.0,212.43488,33521.0,184.13916,-184.0,-5.11111,-427.0,-11.86111,2.0
1758088320.33637,38674.0,212.44586,33494.0,183.99084,14.0,0.38889,-608.0,-16.88889,2.0
1758088320.33709,38673.0,212.44037,33456.0,183.7821,40.0,1.11111,-887.0,-24.63889,2.0
1758088320.35501,38670.0,212.42389,33406.0,183.50743,86.0,2.38889,-1006.0,-27.94444,2.0
1758088320.35626,38664.0,212.39093,33355.0,183.22728,101.0,2.80556,-1040.0,-28.88889,2.0
1758088320.37981,38661.0,212.37445,33300.0,182.92516,45.0,1.25,-1091.0,-30.30556,2.0
1758088320.38022,38658.0,212.35797,33248.0,182.63951,50.0,1.38889,-983.0,-27.30556,2.0
1758088320.38372,38654.0,212.336,33198.0,182.36485,120.0,3.33333,-1011.0,-28.08333,2.0
1758088320.40093,38645.0,212.28656,33147.0,182.08467,238.0,6.61111,-960.0,-26.66667,2.0
1758088320.40165,38633.0,212.22064,33099.0,181.821,246.0,6.83333,-950.0,-26.38889,2.0
1758088320.41807,38617.0,212.13275,33046.0,181.52986,318.0,8.83333,-1148.0,-31.88889,2.0
1758088320.42088,38604.0,212.06134,32985.0,181.19478,236.0,6.55556,-1278.0,-35.5,2.0
1758088320.43707,38597.0,212.02289,32912.0,180.79378,17.0,0.47222,-1579.0,-43.86111,2.0
1758088320.43869,38599.0,212.03387,32827.0,180.32684,-37.0,-1.02778,-1795.0,-49.86111,2.0
1758088320.45507,38599.0,212.03387,32732.0,179.80499,8.0,0.22222,-1875.0,-52.08333,2.0
1758088320.47126,38597.0,212.02289,32638.0,179.28862,36.0,1.0,-1812.0,-50.33333,2.0
1758088320.4725,38592.0,211.99542,32553.0,178.8217,147.0,4.08333,-1617.0,-44.91667,2.0
1758088320.49026,38579.0,211.92401,32481.0,178.42619,328.0,9.11111,-1237.0,-34.36111,2.0
1758088320.49104,38558.0,211.80865,32429.0,178.14053,520.0,14.44444,-832.0,-23.11111,2.0
1758088320.50628,38522.0,211.61089,32398.0,177.97025,864.0,24.0,-441.0,-12.25,2.0
1758088320.52227,38465.0,211.29778,32388.0,177.91531,1345.0,37.36111,-4.0,-0.11111,2.0
1758088320.52388,38386.0,210.86382,32394.0,177.94827,1718.0,47.72222,114.0,3.16667,2.0
1758088320.53932,38284.0,210.30351,32398.0,177.97025,2218.0,61.61111,66.0,1.83333,2.0
1758088320.54046,38159.0,209.61685,32401.0,177.98672,2680.0,74.44444,75.0,2.08333,2.0
1758088320.55528,38007.0,208.78186,32406.0,178.01419,3229.0,89.69444,96.0,2.66667,2.0
1758088320.57139,37829.0,207.80408,32413.0,178.05264,3786.0,105.16666,187.0,5.19444,2.0
1758088320.5721,37622.0,206.66698,32423.0,178.10757,4306.0,119.61111,223.0,6.19444,2.0
1758088320.59129,37393.0,205.40901,32436.0,178.17899,4636.0,128.77777,318.0,8.83333,2.0
1758088320.59205,37155.0,204.10162,32458.0,178.29985,4769.0,132.47223,509.0,14.13889,2.0
1758088320.61124,36910.0,202.75577,32492.0,178.48662,4900.0,136.11111,832.0,23.11111,2.0
1758088320.61204,36659.0,201.37697,32547.0,178.78874,4871.0,135.30556,1237.0,34.36111,2.0
1758088320.63085,36419.0,200.05859,32618.0,179.17876,4663.0,129.52777,1575.0,43.75,2.0
1758088320.63163,36185.0,198.77316,32712.0,179.69513,4614.0,128.16667,2043.0,56.75,2.0
1758088320.64839,35950.0,197.48225,32830.0,180.34332,4692.0,130.33333,2516.0,69.88889,2.0
1758088320.64877,35714.0,196.18587,32971.0,181.11787,4632.0,128.66667,2981.0,82.80556,2.0
1758088320.66765,35486.0,194.9334,33133.0,182.00777,4438.0,123.27778,3355.0,93.19444,2.0
1758088320.67209,35269.0,193.74136,33315.0,183.00755,4157.0,115.47222,3679.0,102.19444,2.0
1758088320.69148,35070.0,192.64821,33508.0,184.06775,3740.0,103.88889,3870.0,107.5,2.0
1758088320.69228,34900.0,191.71434,33708.0,185.16641,3055.0,84.86111,4052.0,112.55556,2.0
1758088320.70834,34765.0,190.97276,33917.0,186.31448,2341.0,65.02778,4206.0,116.83334,2.0
1758088320.70909,34665.0,190.42343,34138.0,187.52849,1703.0,47.30556,4537.0,126.02778,2.0
1758088320.72598,34595.0,190.03891,34379.0,188.85236,1176.0,32.66667,4966.0,137.94444,2.0
1758088320.74125,34547.0,189.77524,34641.0,190.2916,755.0,20.97222,5374.0,149.27777,2.0
1758088320.74264,34519.0,189.62143,34922.0,191.83519,414.0,11.5,5702.0,158.38889,2.0
1758088320.75807,34505.0,189.54453,35224.0,193.49417,192.0,5.33333,6164.0,171.22223,2.0
1758088320.76101,34499.0,189.51157,35546.0,195.26299,56.0,1.55556,6504.0,180.66667,2.0
1758088320.77704,34498.0,189.50607,35877.0,197.08125,0.0,0.0,6532.0,181.44444,2.0
1758088320.77834,34498.0,189.50607,36211.0,198.91599,-4.0,-0.11111,6629.0,184.13889,2.0
1758088320.79422,34498.0,189.50607,36539.0,200.71779,0.0,0.0,6309.0,175.25,2.0
1758088320.81032,34499.0,189.51157,36847.0,202.4097,-5.0,-0.13889,5908.0,164.11111,2.0
1758088320.81106,34499.0,189.51157,37134.0,203.98627,0.0,0.0,5522.0,153.38889,2.0
1758088320.82624,34499.0,189.51157,37399.0,205.44197,0.0,0.0,5017.0,139.36111,2.0
1758088320.84229,34499.0,189.51157,37643.0,206.78233,0.0,0.0,4530.0,125.83334,2.0
1758088320.84599,34498.0,189.50607,37861.0,207.97986,33.0,0.91667,4159.0,115.52778,2.0
1758088320.86123,34493.0,189.47861,38064.0,209.095,135.0,3.75,3846.0,106.83334,2.0
1758088320.86203,34483.0,189.42368,38251.0,210.12222,277.0,7.69444,3605.0,100.13889,2.0
1758088320.87884,34461.0,189.30283,38424.0,211.07256,566.0,15.72222,3292.0,91.44444,2.0
1758088320.88087,34422.0,189.08856,38582.0,211.94049,878.0,24.38889,2970.0,82.5,2.0
1758088320.89622,34374.0,188.82489,38726.0,212.73151,1023.0,28.41667,2719.0,75.52778,2.0
1758088320.91394,34320.0,188.52826,38852.0,213.42368,1066.0,29.61111,2261.0,62.80556,2.0
1758088320.9146,34267.0,188.23712,38953.0,213.97849,1008.0,28.0,1730.0,48.05556,2.0
1758088320.93033,34218.0,187.96796,39026.0,214.37949,991.0,27.52778,1265.0,35.13889,2.0
1758088320.93141,34165.0,187.6768,39076.0,214.65416,1063.0,29.52778,715.0,19.86111,2.0
1758088320.94624,34112.0,187.38567,39099.0,214.7805,1053.0,29.25,276.0,7.66667,2.0
1758088320.96412,34056.0,187.07805,39102.0,214.79698,1175.0,32.63889,-46.0,-1.27778,2.0
1758088320.9654,33995.0,186.74297,39101.0,214.79149,1193.0,33.13889,-9.0,-0.25,2.0
1758088320.98123,33932.0,186.3969,39100.0,214.786,1260.0,35.0,-26.0,-0.72222,2.0
1758088320.98203,33868.0,186.04532,39098.0,214.77501,1205.0,33.47222,-42.0,-1.16667,2.0
1758088320.99809,33809.0,185.72122,39095.0,214.75853,1156.0,32.11111,-80.0,-2.22222,2.0
1758088320.9992,33753.0,185.4136,39088.0,214.72008,1063.0,29.52778,-182.0,-5.05556,2.0
1758088321.01466,33705.0,185.14993,39075.0,214.64867,888.0,24.66667,-331.0,-9.19444,2.0
1758088321.03035,33658.0,184.89172,39051.0,214.51683,938.0,26.05556,-606.0,-16.83333,2.0
1758088321.03137,33612.0,184.63904,39018.0,214.33554,890.0,24.72222,-658.0,-18.27778,2.0
1758088321.04625,33565.0,184.38086,38987.0,214.16525,980.0,27.22222,-577.0,-16.02778,2.0
1758088321.06335,33508.0,184.06775,38962.0,214.02792,1220.0,33.88889,-422.0,-11.72222,2.0
1758088321.06377,33444.0,183.71619,38942.0,213.91806,1330.0,36.94444,-396.0,-11.0,2.0
1758088321.08086,33371.0,183.31517,38920.0,213.79721,1540.0,42.77778,-453.0,-12.58333,2.0
1758088321.08161,33290.0,182.87022,38895.0,213.65988,1679.0,46.63889,-480.0,-13.33333,2.0
1758088321.09803,33200.0,182.37584,38874.0,213.54453,1795.0,49.86111,-344.0,-9.55556,2.0
1758088321.10006,33108.0,181.87044,38857.0,213.45114,1860.0,51.66667,-301.0,-8.36111,2.0
1758088321.11702,33018.0,181.37605,38840.0,213.35776,1717.0,47.69444,-432.0,-12.0,2.0
1758088321.11869,32939.0,180.94209,38807.0,213.17648,1383.0,38.41667,-808.0,-22.44444,2.0
1758088321.13428,32878.0,180.60699,38749.0,212.85785,1035.0,28.75,-1389.0,-38.58333,2.0
1758088321.15023,32838.0,180.38727,38664.0,212.39093,587.0,16.30556,-1933.0,-53.69444,2.0
1758088321.15132,32820.0,180.28839,38550.0,211.76471,178.0,4.94444,-2427.0,-67.41666,2.0
1758088321.1662,32820.0,180.28839,38412.0,211.00664,-66.0,-1.83333,-2884.0,-80.11111,2.0
1758088321.1839,32823.0,180.30487,38257.0,210.15518,-22.0,-0.61111,-3089.0,-85.80556,2.0
1758088321.18543,32823.0,180.30487,38101.0,209.29825,28.0,0.77778,-3021.0,-83.91666,2.0
1758088321.20127,32822.0,180.29938,37952.0,208.47974,7.0,0.19444,-2908.0,-80.77778,2.0
1758088321.20205,32823.0,180.30487,37807.0,207.68323,-37.0,-1.02778,-2851.0,-79.19444,2.0
1758088321.21808,32829.0,180.33783,37659.0,206.87022,-217.0,-6.02778,-2980.0,-82.77778,2.0
1758088321.22089,32853.0,180.46967,37500.0,205.99678,-747.0,-20.75,-3287.0,-91.30556,2.0
1758088321.2363,32912.0,180.79378,37321.0,205.0135,-1528.0,-42.44444,-3792.0,-105.33334,2.0
1758088321.25386,33015.0,181.35957,37111.0,203.85992,-2431.0,-67.52778,-4423.0,-122.86111,2.0
1758088321.25469,33163.0,182.17259,36871.0,202.54153,-3295.0,-91.52778,-4919.0,-136.63889,2.0
1758088321.27027,33352.0,183.2108,36612.0,201.11879,-3999.0,-111.08334,-5290.0,-146.94444,2.0
1758088321.27103,33572.0,184.41931,36334.0,199.59167,-4613.0,-128.13889,-5672.0,-157.55556,2.0
1758088321.28628,33824.0,185.80362,36036.0,197.95468,-5236.0,-145.44444,-6021.0,-167.25,2.0
1758088321.30308,34112.0,187.38567,35719.0,196.21333,-5889.0,-163.58333,-6482.0,-180.05556,2.0
1758088321.30384,34428.0,189.12152,35383.0,194.36758,-6477.0,-179.91667,-6811.0,-189.19444,2.0
1758088321.32038,34773.0,191.01671,35052.0,192.54933,-7103.0,-197.30556,-6184.0,-171.77777,2.0
1758088321.32077,35145.0,193.0602,34769.0,190.99474,-7366.0,-204.61111,-5163.0,-143.41667,2.0
1758088321.33626,35494.0,194.97734,34538.0,189.7258,-6512.0,-180.88889,-4101.0,-113.91666,2.0
1758088321.35406,35797.0,196.6418,34367.0,188.78644,-5551.0,-154.19444,-2826.0,-78.5,2.0
1758088321.35457,36044.0,197.99863,34265.0,188.22614,-4399.0,-122.19444,-1395.0,-38.75,2.0
1758088321.37029,36239.0,199.06982,34229.0,188.02838,-3495.0,-97.08334,-248.0,-6.88889,2.0
1758088321.37103,36399.0,199.94873,34234.0,188.05585,-3022.0,-83.94444,198.0,5.5,2.0
1758088321.38629,36549.0,200.77272,34239.0,188.08331,-2939.0,-81.63889,-21.0,-0.58333,2.0
1758088321.40227,36703.0,201.61867,34235.0,188.06134,-3169.0,-88.02778,-99.0,-2.75,2.0
1758088321.40303,36873.0,202.55252,34227.0,188.0174,-3540.0,-98.33334,-227.0,-6.30556,2.0
1758088321.41828,37064.0,203.60175,34206.0,187.90204,-3931.0,-109.19444,-545.0,-15.13889,2.0
1758088321.41948,37274.0,204.75533,34173.0,187.72075,-4332.0,-120.33334,-708.0,-19.66667,2.0
1758088321.43427,37506.0,206.02977,34131.0,187.49004,-4707.0,-130.75,-944.0,-26.22222,2.0
1758088321.45107,37753.0,207.38658,34077.0,187.19341,-4919.0,-136.63889,-1097.0,-30.47222,2.0
1758088321.45182,38001.0,208.7489,34025.0,186.90776,-4829.0,-134.13889,-939.0,-26.08333,2.0
1758088321.46905,38239.0,210.0563,33980.0,186.66057,-4602.0,-127.83334,-839.0,-23.30556,2.0
1758088321.46969,38462.0,211.2813,33944.0,186.46281,-4275.0,-118.75,-553.0,-15.36111,2.0
1758088321.48923,38666.0,212.40192,33927.0,186.36943,-3845.0,-106.80556,-112.0,-3.11111,2.0
1758088321.49006,38849.0,213.4072,33928.0,186.37492,-3409.0,-94.69444,38.0,1.05556,2.0
1758088321.50653,39005.0,214.26413,33932.0,186.3969,-2866.0,-79.61111,93.0,2.58333,2.0
1758088321.52422,39135.0,214.97826,33935.0,186.41338,-2391.0,-66.41666,0.0,0.0,2.0
1758088321.52543,39244.0,215.57701,33935.0,186.41338,-1988.0,-55.22222,-6.0,-0.16667,2.0
1758088321.54135,39336.0,216.08241,33935.0,186.41338,-1700.0,-47.22222,-9.0,-0.25,2.0
1758088321.54205,39418.0,216.53285,33934.0,186.40788,-1549.0,-43.02778,-20.0,-0.55556,2.0
1758088321.55724,39493.0,216.94484,33932.0,186.3969,-1469.0,-40.80556,-32.0,-0.88889,2.0
1758088321.55849,39567.0,217.35135,33930.0,186.38591,-1467.0,-40.75,-55.0,-1.52778,2.0
1758088321.57631,39644.0,217.77432,33926.0,186.36394,-1555.0,-43.19444,-124.0,-3.44444,2.0
1758088321.59403,39725.0,218.21927,33913.0,186.29251,-1614.0,-44.83333,-356.0,-9.88889,2.0
1758088321.59458,39809.0,218.68071,33888.0,186.15518,-1702.0,-47.27778,-603.0,-16.75,2.0
1758088321.61035,39895.0,219.15312,33853.0,185.96292,-1709.0,-47.47222,-805.0,-22.36111,2.0
1758088321.61107,39977.0,219.60356,33808.0,185.71573,-1557.0,-43.25,-879.0,-24.41667,2.0
1758088321.62627,40052.0,220.01555,33768.0,185.496,-1384.0,-38.44444,-708.0,-19.66667,2.0
1758088321.6431,40113.0,220.35066,33733.0,185.30374,-1115.0,-30.97222,-688.0,-19.11111,2.0
1758088321.64385,40163.0,220.62532,33701.0,185.12796,-852.0,-23.66667,-561.0,-15.58333,2.0
1758088321.66018,40197.0,220.81209,33677.0,184.99612,-490.0,-13.61111,-385.0,-10.69444,2.0
1758088321.66084,40213.0,220.89998,33663.0,184.91919,-182.0,-5.05556,-170.0,-4.72222,2.0
1758088321.67629,40218.0,220.92744,33660.0,184.90271,-43.0,-1.19444,-9.0,-0.25,2.0
1758088321.69392,40219.0,220.93294,33660.0,184.90271,-42.0,-1.16667,0.0,0.0,2.0
1758088321.6946,40224.0,220.9604,33659.0,184.89722,-132.0,-3.66667,-31.0,-0.86111,2.0
1758088321.7103,40234.0,221.01534,33655.0,184.87524,-245.0,-6.80556,-117.0,-3.25,2.0
1758088321.71146,40250.0,221.10323,33650.0,184.84778,-373.0,-10.36111,-81.0,-2.25,2.0
1758088321.72627,40267.0,221.19661,33649.0,184.84229,-306.0,-8.5,0.0,0.0,2.0
1758088321.7434,40276.0,221.24605,33650.0,184.84778,-46.0,-1.27778,0.0,0.0,2.0
1758088321.74381,40274.0,221.23506,33650.0,184.84778,66.0,1.83333,5.0,0.13889,2.0
1758088321.76083,40268.0,221.2021,33651.0,184.85327,138.0,3.83333,12.0,0.33333,2.0
1758088321.76168,40259.0,221.15266,33652.0,184.85876,209.0,5.80556,18.0,0.5,2.0
1758088321.77837,40244.0,221.07027,33654.0,184.86975,347.0,9.63889,32.0,0.88889,2.0
1758088321.77966,40221.0,220.94392,33656.0,184.88074,558.0,15.5,59.0,1.63889,2.0
1758088321.79531,40185.0,220.74617,33660.0,184.90271,831.0,23.08333,83.0,2.30556,2.0
1758088321.81133,40136.0,220.47701,33662.0,184.9137,1040.0,28.88889,9.0,0.25,2.0
1758088321.81203,40079.0,220.16389,33662.0,184.9137,1199.0,33.30556,0.0,0.0,2.0
1758088321.83085,40014.0,219.80681,33663.0,184.91919,1320.0,36.66667,18.0,0.5,2.0
1758088321.83204,39943.0,219.41679,33666.0,184.9357,1490.0,41.38889,101.0,2.80556,2.0
1758088321.8484,39858.0,218.94987,33676.0,184.99063,1820.0,50.55556,269.0,7.47222,2.0
1758088321.85009,39755.0,218.38406,33697.0,185.10599,2171.0,60.30556,536.0,14.88889,2.0
1758088321.8663,39634.0,217.71939,33733.0,185.30374,2591.0,71.97222,813.0,22.58333,2.0
1758088321.88306,39492.0,216.93935,33779.0,185.55643,3009.0,83.58334,1003.0,27.86111,2.0
1758088321.88627,39325.0,216.02199,33837.0,185.87503,3499.0,97.19444,1244.0,34.55556,2.0
1758088321.90338,39139.0,215.00023,33898.0,186.21011,3822.0,106.16666,1140.0,31.66667,2.0
1758088321.90563,38946.0,213.94003,33947.0,186.47929,3765.0,104.58334,814.0,22.61111,2.0
1758088321.92131,38767.0,212.95673,33971.0,186.61113,3349.0,93.02778,177.0,4.91667,2.0
1758088321.92212,38611.0,212.09979,33965.0,186.57817,2821.0,78.36111,-196.0,-5.44444,2.0
1758088321.93834,38484.0,211.40215,33957.0,186.53423,2278.0,63.27778,-177.0,-4.91667,2.0
1758088321.93934,38382.0,210.84184,33946.0,186.4738,1786.0,49.61111,-232.0,-6.44444,2.0
1758088321.95529,38299.0,210.38591,33935.0,186.41338,1533.0,42.58333,-188.0,-5.22222,2.0
1758088321.97448,38227.0,209.99039,33929.0,186.38042,1419.0,39.41667,-35.0,-0.97222,2.0
1758088321.97522,38155.0,209.59488,33930.0,186.38591,1371.0,38.08333,10.0,0.27778,2.0
1758088321.99181,38085.0,209.21036,33930.0,186.38591,1395.0,38.75,0.0,0.0,2.0
1758088321.99218,38019.0,208.84781,33930.0,186.38591,1213.0,33.69444,0.0,0.0,2.0
1758088322.00925,37964.0,208.54565,33930.0,186.38591,966.0,26.83333,0.0,0.0,2.0
1758088322.01005,37923.0,208.32043,33930.0,186.38591,656.0,18.22222,-8.0,-0.22222,2.0
1758088322.02608,37898.0,208.18311,33930.0,186.38591,370.0,10.27778,0.0,0.0,2.0
1758088322.04314,37883.0,208.10071,33930.0,186.38591,290.0,8.05556,10.0,0.27778,2.0
1758088322.04388,37864.0,207.99634,33932.0,186.3969,479.0,13.30556,36.0,1.0,2.0
1758088322.06103,37828.0,207.79858,33937.0,186.42436,904.0,25.11111,161.0,4.47222,2.0
1758088322.06175,37771.0,207.48547,33951.0,186.50127,1303.0,36.19444,370.0,10.27778,2.0
1758088322.07809,37691.0,207.04601,33979.0,186.65508,1846.0,51.27778,630.0,17.5,2.0
1758088322.08091,37583.0,206.45274,34015.0,186.85283,2364.0,65.66666,799.0,22.19444,2.0
1758088322.09709,37449.0,205.71663,34064.0,187.12199,2835.0,78.75,1074.0,29.83333,2.0
1758088322.09836,37295.0,204.87068,34125.0,187.45708,3231.0,89.75,1266.0,35.16667,2.0
1758088322.1143,37123.0,203.92584,34189.0,187.80865,3524.0,97.88889,1308.0,36.33333,2.0
1758088322.13132,36939.0,202.91507,34256.0,188.1767,3727.0,103.52778,1291.0,35.86111,2.0
1758088322.13246,36746.0,201.85489,34320.0,188.52826,3850.0,106.94444,1266.0,35.16667,2.0
1758088322.15047,36551.0,200.78371,34384.0,188.87982,3817.0,106.02778,1244.0,34.55556,2.0
1758088322.15087,36358.0,199.72351,34448.0,189.23141,3771.0,104.75,1301.0,36.13889,2.0
1758088322.176,36170.0,198.69077,34519.0,189.62143,3689.0,102.47222,1451.0,40.30556,2.0
1758088322.17668,35986.0,197.68002,34598.0,190.05539,3592.0,99.77778,1660.0,46.11111,2.0
1758088322.19472,35811.0,196.7187,34688.0,190.54979,3356.0,93.22222,1805.0,50.13889,2.0
1758088322.19551,35648.0,195.82329,34786.0,191.08812,3075.0,85.41666,2006.0,55.72222,2.0
1758088322.21125,35499.0,195.00481,34892.0,191.67039,2828.0,78.55556,2174.0,60.38889,2.0
1758088322.21643,35364.0,194.26321,35006.0,192.29665,2541.0,70.58334,2346.0,65.16666,2.0
1758088322.23133,35243.0,193.59854,35128.0,192.96681,2272.0,63.11111,2493.0,69.25,2.0
1758088322.23208,35138.0,193.02174,35259.0,193.68643,1889.0,52.47222,2677.0,74.36111,2.0
1758088322.23874,35052.0,192.54933,35399.0,194.45547,1546.0,42.94444,2851.0,79.19444,2.0
1758088322.25891,34984.0,192.1758,35551.0,195.29045,1202.0,33.38889,3077.0,85.47222,2.0
1758088322.25967,34932.0,191.89012,35712.0,196.17488,866.0,24.05556,3272.0,90.88889,2.0
1758088322.32645,34898.0,191.70335,35883.0,197.11421,553.0,15.36111,3455.0,95.97222,2.0
1758088322.33157,34875.0,191.57701,36063.0,198.103,370.0,10.27778,3625.0,100.69444,2.0
1758088322.33656,34861.0,191.50011,36251.0,199.13574,199.0,5.52778,3763.0,104.52778,2.0
1758088322.33782,34856.0,191.47264,36445.0,200.20142,46.0,1.27778,3871.0,107.52778,2.0
1758088322.34602,34854.0,191.46165,36639.0,201.26711,20.0,0.55556,3809.0,105.80556,2.0
1758088322.34808,34853.0,191.45616,36830.0,202.31631,53.0,1.47222,3789.0,105.25,2.0
1758088322.35074,34848.0,191.4287,37020.0,203.36005,128.0,3.55556,3720.0,103.33334,2.0
1758088322.35111,34837.0,191.36827,37207.0,204.38727,286.0,7.94444,3665.0,101.80556,2.0
1758088322.35393,34817.0,191.25841,37391.0,205.39803,474.0,13.16667,3550.0,98.61111,2.0
1758088322.39744,34789.0,191.1046,37566.0,206.35936,594.0,16.5,3409.0,94.69444,2.0
1758088322.41771,34756.0,190.92332,37734.0,207.28221,767.0,21.30556,3276.0,91.0,2.0
1758088322.41865,34707.0,190.65416,37894.0,208.16113,1073.0,29.80556,3103.0,86.19444,2.0
1758088322.41938,34647.0,190.32455,38047.0,209.00162,1266.0,35.16667,2922.0,81.16666,2.0
1758088322.42052,34577.0,189.94003,38188.0,209.77615,1513.0,42.02778,2668.0,74.11111,2.0
1758088322.42129,34496.0,189.49509,38316.0,210.47929,1659.0,46.08333,2377.0,66.02778,2.0
1758088322.42234,34405.0,188.99518,38429.0,211.10002,1864.0,51.77778,2089.0,58.02778,2.0
1758088322.44147,34307.0,188.45685,38527.0,211.63835,2016.0,56.0,1846.0,51.27778,2.0
1758088322.44601,34201.0,187.87457,38611.0,212.09979,2182.0,60.61111,1580.0,43.88889,2.0
1758088322.4613,34087.0,187.24834,38687.0,212.51727,2288.0,63.55556,1383.0,38.41667,2.0
1758088322.4621,33971.0,186.61113,38747.0,212.84686,2250.0,62.5,1089.0,30.25,2.0
1758088322.48127,33858.0,185.99039,38794.0,213.10507,2184.0,60.66667,809.0,22.47222,2.0
1758088322.48261,33747.0,185.38065,38827.0,213.28635,2193.0,60.91667,513.0,14.25,2.0
1758088322.60104,33637.0,184.77637,38848.0,213.4017,2182.0,60.61111,350.0,9.72222,2.0
1758088322.60587,33528.0,184.17761,38866.0,213.50058,2182.0,60.61111,371.0,10.30556,2.0
1758088322.65466,33418.0,183.57336,38884.0,213.59946,2160.0,60.0,401.0,11.13889,2.0
1758088322.6551,33310.0,182.98009,38905.0,213.71481,2090.0,58.05556,382.0,10.61111,2.0
1758088322.65628,33205.0,182.40331,38919.0,213.79172,2000.0,55.55556,195.0,5.41667,2.0
1758088322.65711,33109.0,181.87593,38925.0,213.82468,1851.0,51.41667,59.0,1.63889,2.0
1758088322.66138,33020.0,181.38704,38925.0,213.82468,1682.0,46.72222,-4.0,-0.11111,2.0
1758088322.66193,32939.0,180.94209,38925.0,213.82468,1482.0,41.16667,0.0,0.0,2.0
1758088322.66633,32867.0,180.54657,38925.0,213.82468,1346.0,37.38889,0.0,0.0,2.0
1758088322.67092,32805.0,180.20599,38925.0,213.82468,1123.0,31.19444,-5.0,-0.13889,2.0
1758088322.67681,32753.0,179.92035,38925.0,213.82468,981.0,27.25,0.0,0.0,2.0
1758088322.67719,32710.0,179.68414,38925.0,213.82468,735.0,20.41667,0.0,0.0,2.0
1758088322.68124,32682.0,179.53032,38923.0,213.81369,405.0,11.25,-30.0,-0.83333,2.0
1758088322.68189,32672.0,179.47539,38919.0,213.79172,25.0,0.69444,-130.0,-3.61111,2.0
1758088322.68267,32674.0,179.48637,38906.0,213.72031,-20.0,-0.55556,-316.0,-8.77778,2.0
1758088322.68727,32675.0,179.49187,38886.0,213.61044,-8.0,-0.22222,-459.0,-12.75,2.0
1758088322.69185,32676.0,179.49736,38858.0,213.45663,-4.0,-0.11111,-637.0,-17.69444,2.0
1758088322.6967,32676.0,179.49736,38820.0,213.24789,0.0,0.0,-885.0,-24.58333,2.0
1758088322.69749,32676.0,179.49736,38765.0,212.94574,0.0,0.0,-1236.0,-34.33333,2.0
1758088322.70102,32676.0,179.49736,38695.0,212.56122,29.0,0.80556,-1450.0,-40.27778,2.0
1758088322.70185,32673.0,179.48088,38614.0,212.11627,71.0,1.97222,-1690.0,-46.94444,2.0
1758088322.70685,32668.0,179.45341,38526.0,211.63286,124.0,3.44444,-1800.0,-50.0,2.0
1758088322.72266,32661.0,179.41496,38432.0,211.1165,133.0,3.69444,-1887.0,-52.41667,2.0
1758088322.72548,32657.0,179.39299,38334.0,210.57817,87.0,2.41667,-1958.0,-54.38889,2.0
1758088322.74134,32644.0,179.32158,38233.0,210.02335,424.0,11.77778,-2025.0,-56.25,2.0
1758088322.74633,32604.0,179.10185,38131.0,209.46304,1052.0,29.22222,-1997.0,-55.47222,2.0
1758088322.7613,32540.0,178.75029,38030.0,208.90823,1409.0,39.13889,-2006.0,-55.72222,2.0
1758088322.7642,32460.0,178.31084,37924.0,208.32593,1703.0,47.30556,-2141.0,-59.47222,2.0
1758088322.78535,32371.0,177.82193,37809.0,207.69421,1832.0,50.88889,-2355.0,-65.41666,2.0
1758088322.83118,32280.0,177.32204,37681.0,206.99107,1766.0,49.05556,-2650.0,-73.61111,2.0
1758088322.87745,32194.0,176.84962,37537.0,206.20006,1632.0,45.33333,-3016.0,-83.77778,2.0
1758088322.88152,32117.0,176.42664,37372.0,205.29366,1431.0,39.75,-3450.0,-95.83334,2.0
1758088322.89153,32050.0,176.05859,37183.0,204.25543,1185.0,32.91667,-3946.0,-109.61111,2.0
1758088322.92073,31999.0,175.77844,36967.0,203.06888,911.0,25.30556,-4452.0,-123.66666,2.0
1758088322.92167,31962.0,175.5752,36731.0,201.77248,592.0,16.44444,-4761.0,-132.25,2.0
1758088322.92252,31942.0,175.46533,36490.0,200.44862,255.0,7.08333,-4674.0,-129.83333,2.0
1758088322.92665,31937.0,175.43787,36255.0,199.15771,7.0,0.19444,-4438.0,-123.27778,2.0
1758088322.92728,31938.0,175.44336,36038.0,197.96567,-13.0,-0.36111,-4151.0,-115.30556,2.0
1758088322.93102,31939.0,175.44885,35835.0,196.85054,-44.0,-1.22222,-3877.0,-107.69444,2.0
1758088322.93164,31945.0,175.48181,35644.0,195.80132,-205.0,-5.69444,-3731.0,-103.63889,2.0
1758088322.94115,31961.0,175.5697,35459.0,194.78508,-432.0,-12.0,-3654.0,-101.5,2.0
1758088322.94154,31995.0,175.75647,35275.0,193.77432,-878.0,-24.38889,-3653.0,-101.47222,2.0
1758088322.94592,32052.0,176.06958,35090.0,192.75807,-1384.0,-38.44444,-3669.0,-101.91666,2.0
1758088322.94651,32143.0,176.56946,34900.0,191.71434,-2068.0,-57.44444,-3795.0,-105.41666,2.0
1758088322.95564,32267.0,177.25063,34699.0,190.61021,-2764.0,-76.77778,-4081.0,-113.36111,2.0
1758088322.95636,32430.0,178.14603,34486.0,189.44016,-3494.0,-97.05556,-4280.0,-118.88889,2.0
1758088322.95711,32627.0,179.2282,34268.0,188.24261,-4200.0,-116.66666,-4274.0,-118.72222,2.0
1758088322.96569,32856.0,180.48615,34058.0,187.08904,-4805.0,-133.47223,-4068.0,-113.0,2.0
1758088322.98134,33114.0,181.9034,33863.0,186.01785,-5292.0,-147.0,-3687.0,-102.41666,2.0
1758088322.9821,33391.0,183.42503,33689.0,185.06204,-5529.0,-153.58333,-3239.0,-89.97222,2.0
1758088323.00135,33678.0,185.00162,33542.0,184.25452,-5683.0,-157.86111,-2627.0,-72.97222,2.0
1758088323.0042,33969.0,186.60014,33427.0,183.6228,-5819.0,-161.63889,-2003.0,-55.63889,2.0
1758088323.02136,34263.0,188.21515,33348.0,183.18883,-5753.0,-159.80556,-1263.0,-35.08333,2.0
1758088323.02214,34551.0,189.79721,33301.0,182.93065,-5615.0,-155.97223,-681.0,-18.91667,2.0
