timeStamp,motor_angle_L_uint16,motor_angle_L_float,motor_angle_R_uint16,motor_angle_R_float,motor_vel_L_int16,motor_vel_L_float,motor_vel_R_int16,motor_vel_R_float,flag_num
1758079567.40785,32576.0,178.94804,40177.0,220.70222,18.0,0.5,-3726.0,-103.5,2.0
1758079567.40863,32577.0,178.95354,39974.0,219.58708,-43.0,-1.19444,-4237.0,-117.69444,2.0
1758079567.40978,32581.0,178.97551,39742.0,218.31265,-96.0,-2.66667,-4870.0,-135.27777,2.0
1758079567.41131,32592.0,179.03593,39480.0,216.87343,-296.0,-8.22222,-5454.0,-151.5,2.0
1758079567.42738,32609.0,179.12932,39187.0,215.2639,-310.0,-8.61111,-6106.0,-169.61111,2.0
1758079567.42815,32621.0,179.19524,38858.0,213.45663,-119.0,-3.30556,-6743.0,-187.30556,2.0
1758079567.44357,32619.0,179.18425,38499.0,211.48454,99.0,2.75,-7343.0,-203.97223,2.0
1758079567.44639,32616.0,179.16777,38103.0,209.30923,13.0,0.36111,-8302.0,-230.61111,2.0
1758079567.48801,32617.0,179.17326,37661.0,206.88121,-7.0,-0.19444,-8931.0,-248.08333,2.0
1758079567.4884,32617.0,179.17326,37197.0,204.33234,26.0,0.72222,-9200.0,-255.55556,2.0
1758079567.49052,32609.0,179.12932,36753.0,201.89334,309.0,8.58333,-8304.0,-230.66667,2.0
1758079567.49109,32574.0,178.93706,36368.0,199.77844,1039.0,28.86111,-7123.0,-197.86111,2.0
1758079567.51809,32493.0,178.49211,36042.0,197.98764,2045.0,56.80556,-5869.0,-163.02777,2.0
1758079567.51845,32359.0,177.75601,35788.0,196.59236,3120.0,86.66666,-4392.0,-122.0,2.0
1758079567.52402,32173.0,176.73425,35602.0,195.5706,4055.0,112.63889,-3186.0,-88.5,2.0
1758079567.52514,31949.0,175.50378,35466.0,194.82353,4607.0,127.97222,-2362.0,-65.61111,2.0
1758079567.54064,31715.0,174.21835,35359.0,194.23575,4537.0,126.02778,-1963.0,-54.52778,2.0
1758079567.55855,31501.0,173.0428,35259.0,193.68643,3905.0,108.47222,-2030.0,-56.38889,2.0
1758079567.55897,31331.0,172.10895,35141.0,193.03822,2867.0,79.63889,-2508.0,-69.66666,2.0
1758079567.59818,31224.0,171.52118,35000.0,192.26369,1523.0,42.30556,-2995.0,-83.19444,2.0
1758079567.599,31185.0,171.30695,34838.0,191.37376,152.0,4.22222,-3289.0,-91.36111,2.0
1758079567.60116,31211.0,171.44977,34667.0,190.43442,-885.0,-24.58333,-3391.0,-94.19444,2.0
1758079567.60246,31277.0,171.81232,34496.0,189.49509,-1660.0,-46.11111,-3398.0,-94.38889,2.0
1758079567.61767,31385.0,172.40558,34323.0,188.54474,-2473.0,-68.69444,-3466.0,-96.27778,2.0
1758079567.61845,31534.0,173.22408,34142.0,187.55046,-3297.0,-91.58334,-3634.0,-100.94444,2.0
1758079567.63357,31727.0,174.28427,33952.0,186.50676,-4164.0,-115.66666,-3805.0,-105.69444,2.0
1758079567.63676,31963.0,175.58069,33754.0,185.4191,-5000.0,-138.88889,-4011.0,-111.41666,2.0
1758079567.65364,32238.0,177.09132,33548.0,184.28748,-5718.0,-158.83333,-4096.0,-113.77778,2.0
1758079567.65575,32545.0,178.77776,33345.0,183.17235,-6383.0,-177.30556,-3961.0,-110.02778,2.0
1758079567.67325,32890.0,180.67291,33156.0,182.13414,-7118.0,-197.72223,-3541.0,-98.36111,2.0
1758079567.68866,33271.0,182.76585,32990.0,181.22224,-7804.0,-216.77777,-3015.0,-83.75,2.0
1758079567.68948,33685.0,185.04007,32852.0,180.46417,-8569.0,-238.02777,-2488.0,-69.11111,2.0
1758079567.74764,34135.0,187.51201,32743.0,179.86542,-9056.0,-251.55556,-1937.0,-53.80556,2.0
1758079567.74838,34604.0,190.08835,32660.0,179.40947,-9510.0,-264.16666,-1375.0,-38.19444,2.0
1758079567.7503,35095.0,192.78554,32605.0,179.10735,-9794.0,-272.05554,-867.0,-24.08333,2.0
1758079567.75111,35597.0,195.54314,32575.0,178.94255,-10088.0,-280.22223,-377.0,-10.47222,2.0
1758079567.75649,36105.0,198.33371,32572.0,178.92607,-9889.0,-274.69446,90.0,2.5,2.0
1758079567.78181,36607.0,201.09132,32576.0,178.94804,-9890.0,-274.72223,53.0,1.47222,2.0
1758079567.78422,37100.0,203.7995,32577.0,178.95354,-9619.0,-267.19446,0.0,0.0,2.0
1758079567.78839,37581.0,206.44176,32577.0,178.95354,-9417.0,-261.58334,0.0,0.0,2.0
1758079567.78933,38036.0,208.94119,32577.0,178.95354,-8753.0,-243.13889,0.0,0.0,2.0
1758079567.79078,38465.0,211.29778,32577.0,178.95354,-8315.0,-230.97223,0.0,0.0,2.0
1758079567.81453,38864.0,213.48959,32577.0,178.95354,-7578.0,-210.5,0.0,0.0,2.0
1758079567.81586,39237.0,215.53856,32576.0,178.94804,-7154.0,-198.72223,-1.0,-0.02778,2.0
1758079567.81655,39574.0,217.3898,32577.0,178.95354,-6225.0,-172.91667,0.0,0.0,2.0
1758079567.83354,39862.0,218.97185,32577.0,178.95354,-5355.0,-148.75,0.0,0.0,2.0
1758079567.83567,40115.0,220.36165,32576.0,178.94804,-4656.0,-129.33333,-13.0,-0.36111,2.0
1758079567.85177,40332.0,221.55368,32575.0,178.94255,-4022.0,-111.72222,-32.0,-0.88889,2.0
1758079567.86778,40517.0,222.56992,32572.0,178.92607,-3411.0,-94.75,-82.0,-2.27778,2.0
1758079567.86852,40669.0,223.40491,32570.0,178.91508,-2716.0,-75.44444,0.0,0.0,2.0
1758079567.88374,40784.0,224.03662,32571.0,178.92058,-1912.0,-53.11111,0.0,0.0,2.0
1758079567.88693,40855.0,224.42665,32571.0,178.92058,-991.0,-27.52778,0.0,0.0,2.0
1758079567.90284,40877.0,224.5475,32571.0,178.92058,-54.0,-1.5,0.0,0.0,2.0
1758079567.91885,40862.0,224.4651,32571.0,178.92058,480.0,13.33333,-2.0,-0.05556,2.0
1758079567.91995,40820.0,224.23438,32571.0,178.92058,1066.0,29.61111,-20.0,-0.55556,2.0
1758079567.93486,40752.0,223.86084,32570.0,178.91508,1545.0,42.91667,-31.0,-0.86111,2.0
1758079567.93557,40660.0,223.35547,32568.0,178.9041,2010.0,55.83333,-66.0,-1.83333,2.0
1758079567.95088,40547.0,222.73471,32563.0,178.87663,2433.0,67.58334,-101.0,-2.80556,2.0
1758079567.96685,40413.0,221.99863,32559.0,178.85466,2827.0,78.52778,-78.0,-2.16667,2.0
1758079567.9676,40255.0,221.13069,32556.0,178.83818,3332.0,92.55556,-18.0,-0.5,2.0
1758079567.98286,40074.0,220.13643,32558.0,178.84917,3771.0,104.75,47.0,1.30556,2.0
1758079567.99885,39871.0,219.02129,32560.0,178.86015,4231.0,117.52778,52.0,1.44444,2.0
1758079567.99954,39640.0,217.75235,32571.0,178.92058,4796.0,133.22223,317.0,8.80556,2.0
1758079568.01883,39377.0,216.30763,32587.0,179.00847,5508.0,153.0,295.0,8.19444,2.0
1758079568.01959,39083.0,214.69261,32593.0,179.04143,6076.0,168.77777,-69.0,-1.91667,2.0
1758079568.03566,38761.0,212.92377,32585.0,178.99748,6560.0,182.22223,-198.0,-5.5,2.0
1758079568.03686,38416.0,211.02861,32572.0,178.92607,6851.0,190.30556,-352.0,-9.77778,2.0
1758079568.05182,38081.0,209.18839,32549.0,178.79973,6370.0,176.94444,-566.0,-15.72222,2.0
1758079568.06885,37781.0,207.54041,32509.0,178.58,5587.0,155.19444,-996.0,-27.66667,2.0
1758079568.07091,37525.0,206.13414,32436.0,178.17899,4687.0,130.19444,-1775.0,-49.30556,2.0
1758079568.08661,37317.0,204.99153,32327.0,177.58023,3684.0,102.33334,-2471.0,-68.63889,2.0
1758079568.08737,37156.0,204.10712,32185.0,176.80017,2824.0,78.44444,-3066.0,-85.16666,2.0
1758079568.10394,37029.0,203.40948,32024.0,175.91577,2338.0,64.94444,-3238.0,-89.94444,2.0
1758079568.10488,36918.0,202.79971,31864.0,175.03685,2140.0,59.44444,-3013.0,-83.69444,2.0
1758079568.12243,36807.0,202.18997,31723.0,174.2623,2257.0,62.69444,-2528.0,-70.22222,2.0
1758079568.14215,36684.0,201.5143,31613.0,173.65805,2557.0,71.02778,-1878.0,-52.16667,2.0
1758079568.1427,36545.0,200.75075,31536.0,173.23506,2837.0,78.80556,-1279.0,-35.52778,2.0
1758079568.15875,36397.0,199.93774,31491.0,172.98787,2943.0,81.75,-604.0,-16.77778,2.0
1758079568.15944,36253.0,199.14673,31474.0,172.89449,2727.0,75.75,-137.0,-3.80556,2.0
1758079568.17852,36123.0,198.43259,31473.0,172.88899,2376.0,66.0,24.0,0.66667,2.0
1758079568.17893,36012.0,197.82285,31474.0,172.89449,2133.0,59.25,40.0,1.11111,2.0
1758079568.20323,35896.0,197.18562,31482.0,172.93843,2470.0,68.61111,332.0,9.22222,2.0
1758079568.20399,35752.0,196.39461,31524.0,173.16914,3240.0,90.0,1300.0,36.11111,2.0
1758079568.20665,35559.0,195.3344,31630.0,173.75143,4243.0,117.86111,2707.0,75.19444,2.0
1758079568.22301,35314.0,193.98856,31810.0,174.74022,5283.0,146.75,4159.0,115.52778,2.0
1758079568.23892,35019.0,192.36806,32056.0,176.09155,6217.0,172.69444,5277.0,146.58333,2.0
1758079568.24093,34684.0,190.5278,32348.0,177.69559,6818.0,189.38889,6093.0,169.25,2.0
1758079568.25891,34334.0,188.60516,32676.0,179.49736,6924.0,192.33333,6739.0,187.19444,2.0
1758079568.26777,33992.0,186.72649,33024.0,181.40901,6594.0,183.16667,6932.0,192.55556,2.0
1758079568.26877,33673.0,184.97415,33381.0,183.3701,6004.0,166.77777,7185.0,199.58333,2.0
1758079568.28579,33396.0,183.4525,33748.0,185.38614,5092.0,141.44444,7263.0,201.75,2.0
1758079568.28647,33164.0,182.17809,34119.0,187.42412,4239.0,117.75,7360.0,204.44444,2.0
1758079568.30224,32971.0,181.11787,34498.0,189.50607,3517.0,97.69444,7582.0,210.61111,2.0
1758079568.31873,32814.0,180.25543,34883.0,191.62096,2806.0,77.94444,7627.0,211.86111,2.0
1758079568.31946,32689.0,179.56877,35280.0,193.80179,2186.0,60.72222,7992.0,222.0,2.0
1758079568.33491,32593.0,179.04143,35693.0,196.07048,1661.0,46.13889,8301.0,230.58333,2.0
1758079568.33863,32524.0,178.6624,36120.0,198.41611,1176.0,32.66667,8633.0,239.80556,2.0
1758079568.3539,32475.0,178.39323,36560.0,200.83315,796.0,22.11111,8760.0,243.33333,2.0
1758079568.35786,32446.0,178.23392,37006.0,203.28314,407.0,11.30556,8936.0,248.22223,2.0
1758079568.37291,32432.0,178.15701,37460.0,205.77705,144.0,4.0,8944.0,248.44444,2.0
1758079568.38898,32431.0,178.15152,37909.0,208.24353,-23.0,-0.63889,8918.0,247.72223,2.0
1758079568.39074,32431.0,178.15152,38356.0,210.69902,0.0,0.0,8747.0,242.97223,2.0
1758079568.40754,32431.0,178.15152,38791.0,213.08859,0.0,0.0,8562.0,237.83333,2.0
1758079568.40832,32432.0,178.15701,39219.0,215.43968,0.0,0.0,8258.0,229.38889,2.0
1758079568.42396,32436.0,178.17899,39618.0,217.6315,-134.0,-3.72222,7551.0,209.75,2.0
1758079568.42687,32442.0,178.21194,39981.0,219.62553,-107.0,-2.97222,6863.0,190.63889,2.0
1758079568.44302,32448.0,178.24492,40300.0,221.37788,-112.0,-3.11111,5856.0,162.66667,2.0
1758079568.45904,32453.0,178.27238,40572.0,222.87204,-63.0,-1.75,4975.0,138.19444,2.0
1758079568.46102,32459.0,178.30534,40792.0,224.08057,-174.0,-4.83333,3839.0,106.63889,2.0
1758079568.47594,32473.0,178.38225,40949.0,224.94301,-362.0,-10.05556,2506.0,69.61111,2.0
1758079568.4772,32498.0,178.51958,41039.0,225.43739,-535.0,-14.86111,1293.0,35.91667,2.0
1758079568.49399,32526.0,178.67339,41067.0,225.5912,-543.0,-15.08333,12.0,0.33333,2.0
1758079568.49634,32553.0,178.8217,41047.0,225.48134,-548.0,-15.22222,-637.0,-17.69444,2.0
1758079568.51279,32582.0,178.981,41000.0,225.22316,-531.0,-14.75,-1099.0,-30.52778,2.0
1758079568.52909,32607.0,179.11833,40930.0,224.83864,-405.0,-11.25,-1590.0,-44.16667,2.0
1758079568.5298,32623.0,179.20622,40836.0,224.32228,-239.0,-6.63889,-2005.0,-55.69444,2.0
1758079568.54503,32629.0,179.23918,40722.0,223.69604,-54.0,-1.5,-2425.0,-67.36111,2.0
1758079568.54579,32629.0,179.23918,40585.0,222.94348,26.0,0.72222,-2901.0,-80.58334,2.0
1758079568.56113,32629.0,179.23918,40425.0,222.06454,0.0,0.0,-3366.0,-93.5,2.0
1758079568.57725,32629.0,179.23918,40239.0,221.0428,0.0,0.0,-3809.0,-105.80556,2.0
1758079568.5778,32630.0,179.24467,40031.0,219.90019,-36.0,-1.0,-4364.0,-121.22222,2.0
1758079568.59313,32632.0,179.25566,39791.0,218.58182,-93.0,-2.58333,-5003.0,-138.97223,2.0
1758079568.60983,32642.0,179.31059,39517.0,217.07668,-220.0,-6.11111,-5694.0,-158.16667,2.0
1758079568.61069,32650.0,179.35454,39208.0,215.37926,-93.0,-2.58333,-6430.0,-178.61111,2.0
1758079568.62689,32651.0,179.36003,38862.0,213.47861,45.0,1.25,-7123.0,-197.86111,2.0
1758079568.62814,32649.0,179.34904,38481.0,211.38567,61.0,1.69444,-7787.0,-216.30556,2.0
1758079568.64315,32644.0,179.32158,38059.0,209.06754,110.0,3.05556,-8839.0,-245.52777,2.0
1758079568.65903,32641.0,179.3051,37591.0,206.49669,0.0,0.0,-9461.0,-262.80554,2.0
1758079568.65992,32640.0,179.29961,37110.0,203.85443,81.0,2.25,-9451.0,-262.52777,2.0
1758079568.67509,32630.0,179.24467,36657.0,201.36598,349.0,9.69444,-8446.0,-234.61111,2.0
1758079568.67595,32591.0,179.03044,36258.0,199.17419,1123.0,31.19444,-7494.0,-208.16667,2.0
1758079568.69223,32507.0,178.56902,35913.0,197.27901,2097.0,58.25,-6258.0,-173.83333,2.0
1758079568.70809,32374.0,177.83841,35627.0,195.70793,3003.0,83.41666,-5190.0,-144.16667,2.0
1758079568.70932,32202.0,176.89357,35391.0,194.41153,3639.0,101.08334,-4300.0,-119.44444,2.0
1758079568.72411,32008.0,175.82788,35202.0,193.37332,3887.0,107.97222,-3352.0,-93.11111,2.0
1758079568.72531,31815.0,174.76768,35059.0,192.58778,3716.0,103.22222,-2453.0,-68.13889,2.0
1758079568.74192,31643.0,173.82285,34954.0,192.011,3146.0,87.38889,-1857.0,-51.58333,2.0
1758079568.7581,31512.0,173.10323,34859.0,191.48912,2090.0,58.05556,-1957.0,-54.36111,2.0
1758079568.75891,31448.0,172.75166,34741.0,190.84093,613.0,17.02778,-2686.0,-74.61111,2.0
1758079568.77495,31469.0,172.86702,34576.0,189.93454,-1135.0,-31.52778,-3710.0,-103.05556,2.0
1758079568.77622,31577.0,173.4603,34355.0,188.72052,-2929.0,-81.36111,-4832.0,-134.22223,2.0
1758079568.79107,31773.0,174.53696,34082.0,187.22087,-4541.0,-126.13889,-5707.0,-158.52777,2.0
1758079568.80719,32041.0,176.00916,33776.0,185.53995,-5778.0,-160.5,-6268.0,-174.11111,2.0
1758079568.80791,32357.0,177.74503,33454.0,183.77112,-6531.0,-181.41667,-6323.0,-175.63889,2.0
1758079568.82319,32702.0,179.64018,33150.0,182.10115,-7041.0,-195.58333,-5598.0,-155.5,2.0
1758079568.83918,33073.0,181.67818,32900.0,180.72786,-7446.0,-206.83333,-4441.0,-123.36111,2.0
1758079568.83992,33451.0,183.75464,32714.0,179.70612,-7597.0,-211.02777,-3115.0,-86.52778,2.0
1758079568.85518,33852.0,185.95743,32592.0,179.03593,-7972.0,-221.44444,-1911.0,-53.08333,2.0
1758079568.85593,34265.0,188.22614,32524.0,178.6624,-8256.0,-229.33333,-953.0,-26.47222,2.0
1758079568.87285,34701.0,190.6212,32495.0,178.5031,-8930.0,-248.05556,-355.0,-9.86111,2.0
1758079568.88813,35171.0,193.20302,32489.0,178.47014,-9479.0,-263.30554,41.0,1.13889,2.0
1758079568.88895,35673.0,195.96062,32489.0,178.47014,-10217.0,-283.80554,0.0,0.0,2.0
1758079568.90415,36202.0,198.86655,32489.0,178.47014,-10562.0,-293.38889,5.0,0.13889,2.0
1758079568.90571,36749.0,201.87137,32490.0,178.47563,-10952.0,-304.22223,13.0,0.36111,2.0
1758079568.92129,37300.0,204.89815,32491.0,178.48112,-10926.0,-303.5,17.0,0.47222,2.0
1758079568.93717,37851.0,207.92493,32492.0,178.48662,-10674.0,-296.5,19.0,0.52778,2.0
1758079568.93832,38377.0,210.81438,32493.0,178.49211,-10194.0,-283.16666,21.0,0.58333,2.0
1758079568.95322,38875.0,213.55002,32494.0,178.4976,-9471.0,-263.08334,13.0,0.36111,2.0
1758079568.96922,39332.0,216.06044,32500.0,178.53056,-8602.0,-238.94444,216.0,6.0,2.0
1758079568.97034,39732.0,218.25772,32517.0,178.62395,-7291.0,-202.52777,420.0,11.66667,2.0
1758079568.9852,40073.0,220.13094,32540.0,178.75029,-6383.0,-177.30556,430.0,11.94444,2.0
1758079568.98635,40362.0,221.71848,32567.0,178.89861,-5156.0,-143.22223,603.0,16.75,2.0
1758079569.002,40583.0,222.9325,32603.0,179.09636,-3809.0,-105.80556,809.0,22.47222,2.0
1758079569.01822,40738.0,223.78394,32644.0,179.32158,-2502.0,-69.5,806.0,22.38889,2.0
1758079569.01904,40830.0,224.28931,32687.0,179.55779,-1295.0,-35.97222,901.0,25.02778,2.0
1758079569.03422,40860.0,224.45412,32732.0,179.80499,-73.0,-2.02778,864.0,24.0,2.0
1758079569.03586,40841.0,224.34975,32769.0,180.00824,616.0,17.11111,598.0,16.61111,2.0
1758079569.0512,40793.0,224.08606,32792.0,180.13458,1148.0,31.88889,372.0,10.33333,2.0
1758079569.06728,40723.0,223.70154,32805.0,180.20599,1527.0,42.41667,112.0,3.11111,2.0
1758079569.06841,40632.0,223.20166,32804.0,180.2005,1938.0,53.83333,-72.0,-2.0,2.0
1758079569.08322,40521.0,222.59189,32802.0,180.18951,2377.0,66.02778,-18.0,-0.5,2.0
1758079569.09932,40390.0,221.87228,32802.0,180.18951,2794.0,77.61111,14.0,0.38889,2.0
1758079569.10003,40235.0,221.02083,32803.0,180.19501,3237.0,89.91666,7.0,0.19444,2.0
1758079569.11525,40058.0,220.04851,32805.0,180.20599,3743.0,103.97222,86.0,2.38889,2.0
1758079569.11603,39854.0,218.9279,32818.0,180.2774,4276.0,118.77778,422.0,11.72222,2.0
1758079569.13125,39618.0,217.6315,32854.0,180.47516,5008.0,139.11111,881.0,24.47222,2.0
1758079569.14727,39341.0,216.10988,32910.0,180.78279,5860.0,162.77777,1178.0,32.72222,2.0
1758079569.14803,39024.0,214.3685,32970.0,181.11238,6541.0,181.69444,1065.0,29.58333,2.0
1758079569.16327,38673.0,212.44037,33009.0,181.32661,7267.0,201.86111,474.0,13.16667,2.0
1758079569.17926,38292.0,210.34746,33016.0,181.36507,7531.0,209.19444,-109.0,-3.02778,2.0
1758079569.18004,37919.0,208.29846,33008.0,181.32112,7165.0,199.02777,-212.0,-5.88889,2.0
1758079569.19529,37569.0,206.37584,32991.0,181.22774,6578.0,182.72223,-446.0,-12.38889,2.0
1758079569.19602,37259.0,204.67293,32959.0,181.05196,5757.0,159.91667,-730.0,-20.27778,2.0
1758079569.21315,36995.0,203.22272,32913.0,180.79927,4802.0,133.38889,-1063.0,-29.52778,2.0
1758079569.22932,36774.0,202.0087,32848.0,180.4422,4073.0,113.13889,-1433.0,-39.80556,2.0
1758079569.23007,36584.0,200.96498,32771.0,180.01923,3482.0,96.72222,-1550.0,-43.05556,2.0
1758079569.24534,36425.0,200.09155,32691.0,179.57976,2904.0,80.66666,-1593.0,-44.25,2.0
1758079569.24609,36294.0,199.37195,32613.0,179.15129,2348.0,65.22222,-1491.0,-41.41667,2.0
1758079569.26142,36184.0,198.76767,32541.0,178.75578,2063.0,57.30556,-1309.0,-36.36111,2.0
1758079569.27834,36082.0,198.20737,32484.0,178.44267,1984.0,55.11111,-974.0,-27.05556,2.0
1758079569.27911,35974.0,197.61411,32448.0,178.24492,2321.0,64.47222,-447.0,-12.41667,2.0
1758079569.29433,35836.0,196.85603,32451.0,178.2614,3121.0,86.69444,374.0,10.38889,2.0
1758079569.29636,35644.0,195.80132,32494.0,178.4976,4313.0,119.80556,1293.0,35.91667,2.0
1758079569.31307,35389.0,194.40054,32599.0,179.07439,5556.0,154.33333,2721.0,75.58334,2.0
1758079569.32935,35074.0,192.67018,32778.0,180.05768,6696.0,186.0,4107.0,114.08334,2.0
1758079569.33008,34706.0,190.64867,33019.0,181.38155,7612.0,211.44444,5173.0,143.69444,2.0
1758079569.3462,34309.0,188.46783,33303.0,182.94164,7975.0,221.52777,5905.0,164.02777,2.0
1758079569.34694,33908.0,186.26505,33618.0,184.672,7892.0,219.22223,6440.0,178.88889,2.0
1758079569.36233,33522.0,184.14465,33950.0,186.49577,7299.0,202.75,6624.0,184.0,2.0
1758079569.3783,33177.0,182.2495,34295.0,188.39093,6450.0,179.16667,6951.0,193.08333,2.0
1758079569.3801,32874.0,180.58502,34649.0,190.33554,5588.0,155.22223,6988.0,194.11111,2.0
1758079569.39434,32614.0,179.15678,35005.0,192.29115,4762.0,132.27777,7068.0,196.33333,2.0
1758079569.39584,32394.0,177.94827,35367.0,194.27969,4040.0,112.22222,7220.0,200.55556,2.0
1758079569.41136,32205.0,176.91005,35736.0,196.30672,3475.0,96.52778,7317.0,203.25,2.0
1758079569.42777,32042.0,176.01465,36112.0,198.37216,3029.0,84.13889,7599.0,211.08333,2.0
1758079569.42816,31900.0,175.2346,36503.0,200.52003,2637.0,73.25,7782.0,216.16667,2.0
1758079569.44333,31775.0,174.54794,36903.0,202.71732,2323.0,64.52778,7967.0,221.30556,2.0
1758079569.45941,31664.0,173.9382,37318.0,204.99702,2067.0,57.41667,8270.0,229.72223,2.0
1758079569.46105,31568.0,173.41086,37735.0,207.2877,1808.0,50.22222,8261.0,229.47223,2.0
1758079569.47836,31494.0,173.00435,38148.0,209.55643,1209.0,33.58333,8061.0,223.91667,2.0
1758079569.47919,31447.0,172.74617,38542.0,211.72076,719.0,19.97222,7586.0,210.72223,2.0
1758079569.49437,31425.0,172.62532,38922.0,213.8082,229.0,6.36111,7406.0,205.72223,2.0
1758079569.49578,31428.0,172.6418,39282.0,215.78575,-200.0,-5.55556,6871.0,190.86111,2.0
1758079569.51251,31446.0,172.74068,39606.0,217.56558,-440.0,-12.22222,6075.0,168.75,2.0
1758079569.52838,31477.0,172.91096,39891.0,219.13115,-746.0,-20.72222,5210.0,144.72223,2.0
1758079569.52919,31528.0,173.19112,40124.0,220.41109,-1183.0,-32.86111,4108.0,114.11111,2.0
1758079569.5445,31602.0,173.59763,40299.0,221.37239,-1668.0,-46.33333,2965.0,82.36111,2.0
1758079569.54573,31699.0,174.13046,40419.0,222.03159,-2071.0,-57.52778,1900.0,52.77778,2.0
1758079569.56241,31813.0,174.7567,40483.0,222.38315,-2387.0,-66.30556,897.0,24.91667,2.0
1758079569.57845,31940.0,175.45435,40502.0,222.48752,-2530.0,-70.27778,-9.0,-0.25,2.0
1758079569.57923,32070.0,176.16846,40489.0,222.41611,-2578.0,-71.61111,-358.0,-9.94444,2.0
1758079569.59458,32199.0,176.87709,40464.0,222.27878,-2498.0,-69.38889,-597.0,-16.58333,2.0
1758079569.59568,32320.0,177.54178,40425.0,222.06454,-2284.0,-63.44444,-901.0,-25.02778,2.0
1758079569.61141,32430.0,178.14603,40369.0,221.75693,-2116.0,-58.77778,-1250.0,-34.72222,2.0
1758079569.62744,32538.0,178.7393,40294.0,221.34492,-2147.0,-59.63889,-1661.0,-46.13889,2.0
1758079569.62823,32651.0,179.36003,40189.0,220.76814,-2245.0,-62.36111,-2385.0,-66.25,2.0
1758079569.64342,32765.0,179.98627,40047.0,219.98808,-2250.0,-62.5,-3147.0,-87.41666,2.0
1758079569.66053,32874.0,180.58502,39863.0,218.97734,-2071.0,-57.52778,-3962.0,-110.05556,2.0
1758079569.66094,32970.0,181.11238,39640.0,217.75235,-1759.0,-48.86111,-4718.0,-131.05556,2.0
1758079569.67723,33049.0,181.54634,39378.0,216.31313,-1338.0,-37.16667,-5509.0,-153.02777,2.0
1758079569.67804,33104.0,181.84846,39069.0,214.61571,-951.0,-26.41667,-6564.0,-182.33333,2.0
1758079569.69347,33144.0,182.06819,38703.0,212.60516,-682.0,-18.94444,-7683.0,-213.41667,2.0
1758079569.7106,33172.0,182.22203,38295.0,210.36394,-459.0,-12.75,-8319.0,-231.08333,2.0
1758079569.71102,33184.0,182.28795,37870.0,208.0293,0.0,0.0,-8381.0,-232.80556,2.0
1758079569.72652,33168.0,182.20006,37464.0,205.79903,549.0,15.25,-7791.0,-216.41667,2.0
1758079569.7277,33118.0,181.92537,37087.0,203.72809,1340.0,37.22222,-7103.0,-197.30556,2.0
1758079569.74252,33024.0,181.40901,36757.0,201.91531,2327.0,64.63889,-6040.0,-167.77777,2.0
1758079569.75852,32877.0,180.6015,36482.0,200.40468,3290.0,91.38889,-4989.0,-138.58333,2.0
1758079569.75972,32687.0,179.55779,36256.0,199.16321,4039.0,112.19444,-4089.0,-113.58334,2.0
1758079569.77453,32472.0,178.37675,36071.0,198.14694,4349.0,120.80556,-3380.0,-93.88889,2.0
1758079569.77735,32257.0,177.19569,35915.0,197.28999,4165.0,115.69444,-2921.0,-81.13889,2.0
1758079569.79446,32063.0,176.13,35763.0,196.45503,3479.0,96.63889,-3125.0,-86.80556,2.0
1758079569.79714,31924.0,175.36644,35581.0,195.45525,2121.0,58.91667,-4028.0,-111.88889,2.0
1758079569.81255,31865.0,175.04234,35343.0,194.14786,363.0,10.08333,-5258.0,-146.05556,2.0
1758079569.82854,31896.0,175.21263,35043.0,192.49989,-1338.0,-37.16667,-6372.0,-177.0,2.0
1758079569.82925,32011.0,175.84436,34694.0,190.58275,-2945.0,-81.80556,-7263.0,-201.75,2.0
1758079569.84443,32201.0,176.88808,34309.0,188.46783,-4285.0,-119.02778,-7798.0,-216.61111,2.0
1758079569.84655,32449.0,178.25041,33913.0,186.29251,-5287.0,-146.86111,-7706.0,-214.05556,2.0
1758079569.86254,32743.0,179.86542,33532.0,184.19958,-6155.0,-170.97223,-7337.0,-203.80556,2.0
1758079569.87846,33079.0,181.71114,33190.0,182.32091,-6849.0,-190.25,-6249.0,-173.58333,2.0
1758079569.88274,33440.0,183.69421,32908.0,180.7718,-7388.0,-205.22223,-5081.0,-141.13889,2.0
1758079569.89868,33832.0,185.84756,32684.0,179.54131,-7988.0,-221.88889,-3968.0,-110.22222,2.0
1758079569.90273,34248.0,188.13275,32515.0,178.61296,-8326.0,-231.27777,-2872.0,-79.77778,2.0
1758079569.9186,34684.0,190.5278,32396.0,177.95926,-8872.0,-246.44444,-1906.0,-52.94444,2.0
1758079569.91932,35143.0,193.04921,32323.0,177.55826,-9199.0,-255.52777,-1114.0,-30.94444,2.0
1758079569.9346,35622.0,195.68047,32286.0,177.355,-9702.0,-269.5,-380.0,-10.55556,2.0
1758079569.93854,36121.0,198.4216,32283.0,177.33852,-9870.0,-274.16666,56.0,1.55556,2.0
1758079569.95355,36636.0,201.25063,32285.0,177.3495,-10357.0,-287.69446,0.0,0.0,2.0
1758079569.9704,37164.0,204.15106,32285.0,177.3495,-10542.0,-292.83334,0.0,0.0,2.0
1758079569.9724,37703.0,207.11192,32285.0,177.3495,-10615.0,-294.86111,0.0,0.0,2.0
1758079569.98753,38233.0,210.02335,32285.0,177.3495,-10435.0,-289.86111,0.0,0.0,2.0
1758079569.98821,38754.0,212.88531,32285.0,177.3495,-10119.0,-281.08334,0.0,0.0,2.0
1758079570.00373,39254.0,215.63194,32285.0,177.3495,-9736.0,-270.44446,0.0,0.0,2.0
1758079570.02042,39719.0,218.18631,32288.0,177.36598,-8634.0,-239.83333,130.0,3.61111,2.0
1758079570.02198,40128.0,220.43306,32297.0,177.41542,-7706.0,-214.05556,158.0,4.38889,2.0
1758079570.03762,40479.0,222.36118,32305.0,177.45937,-6303.0,-175.08333,137.0,3.80556,2.0
1758079570.0384,40752.0,223.86084,32317.0,177.52528,-4723.0,-131.19444,325.0,9.02778,2.0
1758079570.05361,40944.0,224.91554,32337.0,177.63516,-3096.0,-86.0,444.0,12.33333,2.0
1758079570.06969,41050.0,225.49782,32359.0,177.75601,-1379.0,-38.30556,449.0,12.47222,2.0
1758079570.07041,41076.0,225.64064,32379.0,177.86588,180.0,5.0,333.0,9.25,2.0
1758079570.08566,41038.0,225.4319,32389.0,177.92081,1122.0,31.16667,70.0,1.94444,2.0
1758079570.08641,40953.0,224.96498,32389.0,177.92081,2075.0,57.63889,-18.0,-0.5,2.0
1758079570.10251,40823.0,224.25085,32388.0,177.91531,2924.0,81.22222,-41.0,-1.13889,2.0
1758079570.11871,40653.0,223.31702,32384.0,177.89334,3659.0,101.63889,-111.0,-3.08333,2.0
1758079570.12002,40449.0,222.19638,32375.0,177.8439,4322.0,120.05556,-213.0,-5.91667,2.0
1758079570.13568,40211.0,220.88899,32367.0,177.79996,4996.0,138.77777,-85.0,-2.36111,2.0
1758079570.13681,39944.0,219.42229,32367.0,177.79996,5449.0,151.36111,88.0,2.44444,2.0
1758079570.15328,39654.0,217.82925,32372.0,177.82742,5943.0,165.08333,61.0,1.69444,2.0
1758079570.16862,39334.0,216.07143,32375.0,177.8439,6648.0,184.66667,116.0,3.22222,2.0
1758079570.17003,38983.0,214.14328,32383.0,177.88785,7129.0,198.02777,123.0,3.41667,2.0
1758079570.18565,38609.0,212.08881,32386.0,177.90433,7646.0,212.38889,-46.0,-1.27778,2.0
1758079570.18651,38201.0,209.84756,32380.0,177.87137,8359.0,232.19444,-181.0,-5.02778,2.0
1758079570.2017,37785.0,207.56238,32368.0,177.80545,8082.0,224.5,-279.0,-7.75,2.0
1758079570.21771,37382.0,205.34859,32350.0,177.70657,7597.0,211.02777,-480.0,-13.33333,2.0
1758079570.21847,37021.0,203.36554,32315.0,177.5143,6687.0,185.75,-849.0,-23.58333,2.0
1758079570.23374,36709.0,201.65163,32263.0,177.22865,5846.0,162.38889,-1158.0,-32.16667,2.0
1758079570.25055,36432.0,200.13,32194.0,176.84962,5177.0,143.80556,-1493.0,-41.47222,2.0
1758079570.25133,36188.0,198.78964,32116.0,176.42114,4581.0,127.25,-1528.0,-42.44444,2.0
1758079570.26673,35969.0,197.58664,32038.0,175.99268,4171.0,115.86111,-1454.0,-40.38889,2.0
1758079570.26746,35767.0,196.47701,31974.0,175.64111,3881.0,107.80556,-1121.0,-31.13889,2.0
1758079570.28274,35577.0,195.43327,31926.0,175.37743,3642.0,101.16666,-776.0,-21.55556,2.0
1758079570.29886,35397.0,194.44449,31904.0,175.25658,3467.0,96.30556,-118.0,-3.27778,2.0
1758079570.29958,35218.0,193.46121,31912.0,175.30052,3628.0,100.77778,287.0,7.97222,2.0
1758079570.31478,35023.0,192.39003,31943.0,175.47083,4096.0,113.77778,912.0,25.33333,2.0
1758079570.31601,34796.0,191.14305,32019.0,175.88831,4828.0,134.11111,2027.0,56.30556,2.0
1758079570.33285,34532.0,189.69284,32160.0,176.66284,5530.0,153.61111,3365.0,93.47222,2.0
1758079570.34875,34236.0,188.06683,32367.0,177.79996,6037.0,167.69444,4588.0,127.44444,2.0
1758079570.34956,33917.0,186.31448,32627.0,179.2282,6480.0,180.0,5508.0,153.0,2.0
1758079570.36477,33589.0,184.5127,32923.0,180.8542,6387.0,177.41667,6069.0,168.58333,2.0
1758079570.36687,33282.0,182.82628,33241.0,182.60106,5784.0,160.66667,6425.0,178.47223,2.0
1758079570.38356,33006.0,181.31013,33582.0,184.47424,5145.0,142.91667,6950.0,193.05556,2.0
1758079570.40301,32771.0,180.01923,33943.0,186.45732,4276.0,118.77778,7246.0,201.27777,2.0
1758079570.40377,32580.0,178.97002,34324.0,188.55023,3416.0,94.88889,7759.0,215.52777,2.0
1758079570.41978,32428.0,178.13504,34724.0,190.74754,2694.0,74.83334,8042.0,223.38889,2.0
1758079570.42057,32308.0,177.47585,35136.0,193.01076,2141.0,59.47222,8285.0,230.13889,2.0
1758079570.43858,32212.0,176.9485,35567.0,195.37834,1703.0,47.30556,8608.0,239.11111,2.0
1758079570.43901,32137.0,176.5365,36007.0,197.79538,1336.0,37.11111,8775.0,243.75,2.0
1758079570.45673,32076.0,176.20142,36460.0,200.28381,1096.0,30.44444,8993.0,249.80556,2.0
1758079570.45785,32026.0,175.92676,36917.0,202.79422,892.0,24.77778,9058.0,251.61111,2.0
1758079570.47374,31985.0,175.70154,37382.0,205.34859,784.0,21.77778,9144.0,254.0,2.0
1758079570.49063,31947.0,175.4928,37841.0,207.87,673.0,18.69444,8996.0,249.88889,2.0
1758079570.49343,31918.0,175.33348,38295.0,210.36394,533.0,14.80556,8808.0,244.66667,2.0
1758079570.50877,31890.0,175.17967,38733.0,212.76996,538.0,14.94444,8548.0,237.44444,2.0
1758079570.51036,31863.0,175.03136,39163.0,215.13206,511.0,14.19444,8347.0,231.86111,2.0
1758079570.52662,31843.0,174.92149,39565.0,217.34036,287.0,7.97222,7653.0,212.58333,2.0
1758079570.52794,31835.0,174.87755,39933.0,219.36186,80.0,2.22222,6929.0,192.47223,2.0
1758079570.54289,31837.0,174.88853,40253.0,221.11971,-87.0,-2.41667,5864.0,162.88889,2.0
1758079570.55885,31845.0,174.93248,40514.0,222.55344,-204.0,-5.66667,4601.0,127.80556,2.0
1758079570.56038,31861.0,175.02037,40709.0,223.62463,-388.0,-10.77778,3261.0,90.58334,2.0
1758079570.57585,31889.0,175.17418,40834.0,224.31129,-659.0,-18.30556,1853.0,51.47222,2.0
1758079570.57707,31928.0,175.38841,40890.0,224.61891,-831.0,-23.08333,573.0,15.91667,2.0
1758079570.59263,31976.0,175.6521,40889.0,224.61342,-993.0,-27.58333,-301.0,-8.36111,2.0
1758079570.60878,32028.0,175.93774,40860.0,224.45412,-1036.0,-28.77778,-748.0,-20.77778,2.0
1758079570.61051,32082.0,176.23438,40809.0,224.17395,-1089.0,-30.25,-1243.0,-34.52778,2.0
1758079570.62585,32140.0,176.55298,40728.0,223.729,-1142.0,-31.72222,-1822.0,-50.61111,2.0
1758079570.62672,32199.0,176.87709,40619.0,223.13025,-1206.0,-33.5,-2407.0,-66.86111,2.0
1758079570.64345,32259.0,177.20668,40482.0,222.37766,-1168.0,-32.44444,-2913.0,-80.91666,2.0
1758079570.65888,32314.0,177.5088,40321.0,221.49326,-1003.0,-27.86111,-3362.0,-93.38889,2.0
1758079570.66088,32368.0,177.80545,40138.0,220.48799,-1106.0,-30.72222,-3850.0,-106.94444,2.0
1758079570.6778,32425.0,178.11856,39927.0,219.3289,-1192.0,-33.11111,-4409.0,-122.47222,2.0
1758079570.67819,32486.0,178.45366,39687.0,218.01053,-1222.0,-33.94444,-5025.0,-139.58333,2.0
1758079570.69391,32543.0,178.76677,39418.0,216.53285,-995.0,-27.63889,-5550.0,-154.16667,2.0
1758079570.7108,32589.0,179.01945,39116.0,214.87389,-831.0,-23.08333,-6269.0,-174.13889,2.0
1758079570.71267,32625.0,179.21721,38770.0,212.97321,-612.0,-17.0,-7263.0,-201.75,2.0
1758079570.72896,32652.0,179.36552,38387.0,210.86931,-485.0,-13.47222,-7733.0,-214.80556,2.0
1758079570.72946,32674.0,179.48637,37987.0,208.672,-323.0,-8.97222,-7843.0,-217.86111,2.0
1758079570.74664,32683.0,179.53581,37605.0,206.57359,3.0,0.08333,-7220.0,-200.55556,2.0
1758079570.74736,32670.0,179.4644,37259.0,204.67293,433.0,12.02778,-6547.0,-181.86111,2.0
1758079570.76378,32631.0,179.25017,36948.0,202.96451,1075.0,29.86111,-5776.0,-160.44444,2.0
1758079570.78157,32559.0,178.85466,36685.0,201.51979,1675.0,46.52778,-4844.0,-134.55556,2.0
1758079570.78216,32464.0,178.33281,36456.0,200.26184,1982.0,55.05556,-4333.0,-120.36111,2.0
1758079570.7988,32365.0,177.78897,36242.0,199.0863,1903.0,52.86111,-4220.0,-117.22222,2.0
1758079570.80008,32283.0,177.33852,36022.0,197.87778,1358.0,37.72222,-4525.0,-125.69444,2.0
1758079570.81604,32237.0,177.08583,35775.0,196.52095,467.0,12.97222,-5162.0,-143.38889,2.0
1758079570.8173,32240.0,177.10231,35490.0,194.95537,-412.0,-11.44444,-5982.0,-166.16667,2.0
1758079570.83297,32285.0,177.3495,35163.0,193.15907,-1230.0,-34.16667,-6759.0,-187.75,2.0
1758079570.84897,32371.0,177.82193,34811.0,191.22545,-2035.0,-56.52778,-7095.0,-197.08333,2.0
1758079570.85038,32493.0,178.49211,34438.0,189.17648,-2753.0,-76.47222,-7531.0,-209.19444,2.0
1758079570.86686,32653.0,179.37102,34059.0,187.09453,-3454.0,-95.94444,-7393.0,-205.36111,2.0
1758079570.86797,32848.0,180.4422,33693.0,185.08401,-4099.0,-113.86111,-7036.0,-195.44444,2.0
1758079570.88295,33071.0,181.66719,33352.0,183.2108,-4619.0,-128.30556,-6469.0,-179.69444,2.0
1758079570.89899,33323.0,183.0515,33054.0,181.57381,-5180.0,-143.88889,-5431.0,-150.86111,2.0
1758079570.90072,33607.0,184.61157,32808.0,180.22247,-5917.0,-164.36111,-4468.0,-124.11111,2.0
1758079570.91598,33929.0,186.38042,32609.0,179.12932,-6674.0,-185.38889,-3550.0,-98.61111,2.0
1758079570.91805,34280.0,188.30853,32456.0,178.28886,-7136.0,-198.22223,-2639.0,-73.30556,2.0
1758079570.933,34661.0,190.40146,32350.0,177.70657,-7857.0,-218.25,-1703.0,-47.30556,2.0
1758079570.94891,35072.0,192.65919,32286.0,177.355,-8324.0,-231.22223,-868.0,-24.11111,2.0
1758079570.95016,35509.0,195.05974,32265.0,177.23964,-8937.0,-248.25,-81.0,-2.25,2.0
1758079570.96499,35974.0,197.61411,32268.0,177.25612,-9342.0,-259.5,50.0,1.38889,2.0
1758079570.96578,36456.0,200.26184,32269.0,177.26161,-9765.0,-271.25,7.0,0.19444,2.0
1758079570.98098,36957.0,203.01395,32269.0,177.26161,-9973.0,-277.02777,0.0,0.0,2.0
1758079570.99749,37468.0,205.821,32269.0,177.26161,-10203.0,-283.41666,0.0,0.0,2.0
1758079570.99785,37981.0,208.63904,32269.0,177.26161,-9992.0,-277.55554,0.0,0.0,2.0
1758079571.01297,38487.0,211.41862,32269.0,177.26161,-9992.0,-277.55554,0.0,0.0,2.0
1758079571.02886,38979.0,214.12131,32269.0,177.26161,-9608.0,-266.88889,0.0,0.0,2.0
1758079571.03042,39451.0,216.71413,32269.0,177.26161,-9011.0,-250.30556,9.0,0.25,2.0
1758079571.04683,39874.0,219.03777,32270.0,177.26711,-7987.0,-221.86111,0.0,0.0,2.0
1758079571.04796,40248.0,221.09224,32274.0,177.28908,-6878.0,-191.05556,122.0,3.38889,2.0
1758079571.06313,40553.0,222.76767,32285.0,177.3495,-5367.0,-149.08333,328.0,9.11111,2.0
1758079571.07843,40778.0,224.00366,32315.0,177.5143,-3763.0,-104.52778,735.0,20.41667,2.0
1758079571.07968,40921.0,224.7892,32359.0,177.75601,-2161.0,-60.02778,938.0,26.05556,2.0
1758079571.09672,40984.0,225.13527,32410.0,178.03616,-591.0,-16.41667,1053.0,29.25,2.0
1758079571.09878,40975.0,225.08583,32467.0,178.34929,571.0,15.86111,1102.0,30.61111,2.0
1758079571.11409,40921.0,224.7892,32517.0,178.62395,1388.0,38.55556,880.0,24.44444,2.0
1758079571.13029,40833.0,224.3058,32555.0,178.83269,2026.0,56.27778,619.0,17.19444,2.0
1758079571.13272,40713.0,223.64661,32579.0,178.96452,2591.0,71.97222,349.0,9.69444,2.0
1758079571.14805,40566.0,222.83908,32587.0,179.00847,3113.0,86.47222,49.0,1.36111,2.0
1758079571.14935,40391.0,221.87778,32586.0,179.00298,3690.0,102.5,-27.0,-0.75,2.0
1758079571.16413,40187.0,220.75716,32587.0,179.00847,4249.0,118.02778,34.0,0.94444,2.0
1758079571.18081,39954.0,219.47722,32590.0,179.02495,4852.0,134.77777,101.0,2.80556,2.0
1758079571.18151,39691.0,218.0325,32603.0,179.09636,5432.0,150.88889,361.0,10.02778,2.0
1758079571.19713,39393.0,216.39552,32628.0,179.23369,6231.0,173.08333,614.0,17.05556,2.0
1758079571.19852,39056.0,214.5443,32674.0,179.48637,6987.0,194.08333,1066.0,29.61111,2.0
1758079571.21411,38685.0,212.50629,32735.0,179.82147,7636.0,212.11111,1241.0,34.47222,2.0
1758079571.23138,38276.0,210.25957,32788.0,180.11261,8418.0,233.83333,896.0,24.88889,2.0
1758079571.23312,37835.0,207.83704,32824.0,180.31036,8433.0,234.25,534.0,14.83333,2.0
1758079571.24888,37419.0,205.55183,32833.0,180.3598,8001.0,222.25,-134.0,-3.72222,2.0
1758079571.24925,37039.0,203.46442,32823.0,180.30487,7014.0,194.83333,-244.0,-6.77778,2.0
1758079571.26595,36720.0,201.71205,32806.0,180.21149,5799.0,161.08333,-488.0,-13.55556,2.0
1758079571.26674,36461.0,200.28931,32770.0,180.01373,4551.0,126.41666,-868.0,-24.11111,2.0
1758079571.28215,36266.0,199.21814,32711.0,179.68964,3341.0,92.80556,-1331.0,-36.97222,2.0
1758079571.29819,36124.0,198.43808,32638.0,179.28862,2427.0,67.41666,-1480.0,-41.11111,2.0
1758079571.29889,36021.0,197.87228,32562.0,178.87114,1839.0,51.08333,-1457.0,-40.47222,2.0
1758079571.31414,35932.0,197.38338,32499.0,178.52507,1710.0,47.5,-1048.0,-29.11111,2.0
1758079571.33039,35839.0,196.87251,32462.0,178.32182,1990.0,55.27778,-446.0,-12.38889,2.0
1758079571.33109,35724.0,196.2408,32462.0,178.32182,2517.0,69.91666,240.0,6.66667,2.0
1758079571.34713,35580.0,195.44975,32487.0,178.45915,3091.0,85.86111,731.0,20.30556,2.0
1758079571.34793,35408.0,194.50491,32544.0,178.77226,3585.0,99.58334,1441.0,40.02778,2.0
1758079571.36397,35212.0,193.42825,32638.0,179.28862,4125.0,114.58334,2136.0,59.33333,2.0
1758079571.38086,34983.0,192.1703,32765.0,179.98627,4881.0,135.58333,2792.0,77.55556,2.0
1758079571.38127,34710.0,190.67064,32929.0,180.88716,5766.0,160.16667,3590.0,99.72222,2.0
1758079571.39883,34397.0,188.95123,33137.0,182.02974,6444.0,179.0,4561.0,126.69444,2.0
1758079571.40237,34059.0,187.09453,33396.0,183.4525,6800.0,188.88889,5555.0,154.30556,2.0
1758079571.41824,33715.0,185.20486,33701.0,185.12796,6669.0,185.25,6355.0,176.52777,2.0
1758079571.41873,33393.0,183.43602,34041.0,186.99565,6053.0,168.13889,6988.0,194.11111,2.0
1758079571.43418,33110.0,181.88142,34410.0,189.02264,5216.0,144.88889,7479.0,207.75,2.0
1758079571.43622,32872.0,180.57404,34799.0,191.15953,4267.0,118.52778,7786.0,216.27777,2.0
1758079571.45301,32682.0,179.53032,35198.0,193.35133,3318.0,92.16666,8031.0,223.08333,2.0
1758079571.46992,32539.0,178.7448,35609.0,195.60905,2465.0,68.47222,8174.0,227.05556,2.0
1758079571.4703,32435.0,178.17349,36025.0,197.89426,1761.0,48.91667,8278.0,229.94444,2.0
1758079571.48622,32361.0,177.767,36453.0,200.24536,1281.0,35.58333,8506.0,236.27777,2.0
1758079571.4871,32307.0,177.47035,36889.0,202.64041,888.0,24.66667,8704.0,241.77777,2.0
1758079571.50226,32268.0,177.25612,37345.0,205.14534,712.0,19.77778,9105.0,252.91667,2.0
1758079571.51827,32235.0,177.07484,37808.0,207.68872,620.0,17.22222,9204.0,255.66667,2.0
1758079571.51967,32205.0,176.91005,38283.0,210.29802,550.0,15.27778,9375.0,260.41666,2.0
1758079571.53427,32180.0,176.77271,38756.0,212.8963,420.0,11.66667,9352.0,259.77777,2.0
1758079571.54998,32170.0,176.71777,39226.0,215.47813,4.0,0.11111,9031.0,250.86111,2.0
1758079571.55039,32174.0,176.73975,39668.0,217.90616,-84.0,-2.33333,8517.0,236.58333,2.0
1758079571.56721,32184.0,176.79468,40079.0,220.16389,-263.0,-7.30556,7695.0,213.75,2.0
1758079571.56802,32208.0,176.92653,40434.0,222.11398,-602.0,-16.72222,6529.0,181.36111,2.0
1758079571.58326,32249.0,177.15175,40727.0,223.72351,-976.0,-27.11111,5195.0,144.30556,2.0
1758079571.58675,32311.0,177.49232,40948.0,224.93752,-1381.0,-38.36111,3719.0,103.30556,2.0
1758079571.60232,32392.0,177.93729,41096.0,225.75052,-1706.0,-47.38889,2349.0,65.25,2.0
1758079571.61859,32487.0,178.45915,41180.0,226.21194,-1993.0,-55.36111,1167.0,32.41667,2.0
1758079571.61888,32592.0,179.03593,41203.0,226.33829,-2110.0,-58.61111,-57.0,-1.58333,2.0
1758079571.63428,32698.0,179.61821,41179.0,226.20645,-2067.0,-57.41667,-726.0,-20.16667,2.0
1758079571.63508,32803.0,180.19501,41128.0,225.9263,-2013.0,-55.91667,-1196.0,-33.22222,2.0
1758079571.65031,32902.0,180.73885,41054.0,225.51979,-1874.0,-52.05556,-1680.0,-46.66667,2.0
1758079571.6673,32990.0,181.22224,40956.0,224.98146,-1634.0,-45.38889,-2126.0,-59.05556,2.0
1758079571.66848,33067.0,181.64522,40834.0,224.31129,-1431.0,-39.75,-2627.0,-72.97222,2.0
1758079571.68472,33141.0,182.05171,40685.0,223.4928,-1492.0,-41.44444,-3196.0,-88.77778,2.0
1758079571.68779,33222.0,182.49669,40504.0,222.4985,-1642.0,-45.61111,-3872.0,-107.55556,2.0
1758079571.7033,33308.0,182.9691,40287.0,221.30647,-1684.0,-46.77778,-4564.0,-126.77778,2.0
1758079571.70652,33391.0,183.42503,40033.0,219.91118,-1578.0,-43.83333,-5318.0,-147.72223,2.0
1758079571.72399,33462.0,183.81506,39742.0,218.31265,-1230.0,-34.16667,-6107.0,-169.63889,2.0
1758079571.72658,33515.0,184.1062,39411.0,216.4944,-892.0,-24.77778,-6873.0,-190.91667,2.0
1758079571.74393,33552.0,184.30945,39034.0,214.42343,-631.0,-17.52778,-7995.0,-222.08333,2.0
1758079571.74679,33575.0,184.43579,38606.0,212.07233,-369.0,-10.25,-8654.0,-240.38889,2.0
1758079571.76392,33584.0,184.48523,38169.0,209.67178,-13.0,-0.36111,-8559.0,-237.75,2.0
1758079571.76676,33572.0,184.41931,37747.0,207.35362,490.0,13.61111,-8033.0,-223.13889,2.0
1758079571.78237,33527.0,184.17212,37364.0,205.24971,1234.0,34.27778,-7223.0,-200.63889,2.0
1758079571.79843,33440.0,183.69421,37025.0,203.38751,2106.0,58.5,-6244.0,-173.44444,2.0
1758079571.79915,33303.0,182.94164,36742.0,201.83292,3115.0,86.52778,-5104.0,-141.77777,2.0
1758079571.81436,33120.0,181.93636,36508.0,200.5475,3922.0,108.94444,-4310.0,-119.72222,2.0
1758079571.8156,32908.0,180.7718,36304.0,199.42688,4299.0,119.41666,-3904.0,-108.44444,2.0
1758079571.83036,32691.0,179.57976,36113.0,198.37766,4199.0,116.63889,-3726.0,-103.5,2.0
1758079571.84831,32492.0,178.48662,35925.0,197.34492,3699.0,102.75,-3715.0,-103.19444,2.0
1758079571.84868,32326.0,177.57474,35731.0,196.27925,2978.0,82.72222,-3926.0,-109.05556,2.0
1758079571.86629,32201.0,176.88808,35520.0,195.12016,2059.0,57.19444,-4343.0,-120.63889,2.0
1758079571.86675,32130.0,176.49805,35281.0,193.80728,913.0,25.36111,-5002.0,-138.94444,2.0
1758079571.88324,32119.0,176.43762,35008.0,192.30763,-324.0,-9.0,-5637.0,-156.58333,2.0
1758079571.88636,32164.0,176.68481,34705.0,190.64317,-1321.0,-36.69444,-6267.0,-174.08333,2.0
1758079571.90145,32263.0,177.22865,34373.0,188.8194,-2393.0,-66.47222,-6774.0,-188.16667,2.0
1758079571.9182,32412.0,178.04715,34022.0,186.89128,-3237.0,-89.91666,-6985.0,-194.02777,2.0
1758079571.91897,32598.0,179.06889,33670.0,184.95767,-4003.0,-111.19444,-6898.0,-191.61111,2.0
1758079571.93843,32820.0,180.28839,33327.0,183.07347,-4666.0,-129.61111,-6591.0,-183.08333,2.0
1758079571.94023,33072.0,181.67268,33021.0,181.39253,-5203.0,-144.52777,-5621.0,-156.13889,2.0
1758079571.95847,33348.0,183.18883,32762.0,179.96979,-5635.0,-156.52777,-4599.0,-127.75,2.0
1758079571.95921,33654.0,184.86975,32558.0,178.84917,-6387.0,-177.41667,-3543.0,-98.41666,2.0
1758079571.9755,34000.0,186.77043,32407.0,178.01968,-7160.0,-198.88889,-2560.0,-71.11111,2.0
1758079571.97595,34382.0,188.86884,32302.0,177.44289,-7900.0,-219.44444,-1744.0,-48.44444,2.0
1758079571.99222,34807.0,191.20348,32235.0,177.07484,-8773.0,-243.69444,-1067.0,-29.63889,2.0
1758079572.00845,35268.0,193.73587,32196.0,176.86061,-9382.0,-260.61111,-519.0,-14.41667,2.0
1758079572.00923,35764.0,196.46053,32184.0,176.79468,-10118.0,-281.05554,2.0,0.05556,2.0
1758079572.02637,36279.0,199.28955,32186.0,176.80566,-10314.0,-286.5,24.0,0.66667,2.0
1758079572.02686,36811.0,202.21194,32187.0,176.81116,-10523.0,-292.30554,15.0,0.41667,2.0
1758079572.04406,37343.0,205.13435,32188.0,176.81665,-10579.0,-293.86111,19.0,0.52778,2.0
1758079572.04529,37870.0,208.0293,32189.0,176.82214,-10162.0,-282.27777,16.0,0.44444,2.0
1758079572.06366,38370.0,210.77592,32189.0,176.82214,-9689.0,-269.13889,3.0,0.08333,2.0
1758079572.06685,38840.0,213.35776,32189.0,176.82214,-8901.0,-247.25,5.0,0.13889,2.0
1758079572.08365,39268.0,215.70885,32194.0,176.84962,-8007.0,-222.41667,147.0,4.08333,2.0
1758079572.08641,39639.0,217.74686,32203.0,176.89906,-6771.0,-188.08333,209.0,5.80556,2.0
1758079572.10418,39941.0,219.40581,32218.0,176.98146,-5400.0,-150.0,312.0,8.66667,2.0
1758079572.10679,40175.0,220.69124,32238.0,177.09132,-3982.0,-110.61111,389.0,10.80556,2.0
1758079572.12144,40334.0,221.56467,32261.0,177.21767,-2525.0,-70.13889,459.0,12.75,2.0
1758079572.13915,40421.0,222.04257,32287.0,177.36049,-1132.0,-31.44444,544.0,15.11111,2.0
1758079572.13989,40443.0,222.16342,32316.0,177.51979,35.0,0.97222,518.0,14.38889,2.0
1758079572.15557,40420.0,222.03708,32334.0,177.61868,730.0,20.27778,231.0,6.41667,2.0
1758079572.15625,40367.0,221.74594,32337.0,177.63516,1235.0,34.30556,-66.0,-1.83333,2.0
1758079572.17265,40291.0,221.32845,32334.0,177.61868,1733.0,48.13889,-66.0,-1.83333,2.0
1758079572.18848,40191.0,220.77913,32329.0,177.59122,2118.0,58.83333,-155.0,-4.30556,2.0
1758079572.18969,40070.0,220.11446,32318.0,177.53078,2586.0,71.83334,-229.0,-6.36111,2.0
1758079572.20647,39926.0,219.32341,32307.0,177.47035,3056.0,84.88889,-170.0,-4.72222,2.0
1758079572.20698,39757.0,218.39505,32302.0,177.44289,3568.0,99.11111,-41.0,-1.13889,2.0
1758079572.22335,39561.0,217.31839,32305.0,177.45937,4136.0,114.88889,86.0,2.38889,2.0
1758079572.22698,39332.0,216.06044,32315.0,177.5143,4856.0,134.88889,309.0,8.58333,2.0
1758079572.24663,39067.0,214.60472,32341.0,177.65714,5540.0,153.88889,681.0,18.91667,2.0
1758079572.24736,38765.0,212.94574,32383.0,177.88785,6149.0,170.80556,924.0,25.66667,2.0
1758079572.26686,38431.0,211.11101,32436.0,178.17899,6992.0,194.22223,1063.0,29.52778,2.0
1758079572.26725,38057.0,209.05655,32485.0,178.44817,7645.0,212.36111,807.0,22.41667,2.0
1758079572.28689,37662.0,206.8867,32514.0,178.60747,7791.0,216.41667,356.0,9.88889,2.0
1758079572.28732,37276.0,204.76631,32518.0,178.62944,7399.0,205.52777,-117.0,-3.25,2.0
1758079572.30258,36930.0,202.86563,32508.0,178.57451,6372.0,177.0,-330.0,-9.16667,2.0
1758079572.31854,36634.0,201.23964,32476.0,178.39873,5426.0,150.72223,-867.0,-24.08333,2.0
1758079572.31973,36393.0,199.91577,32416.0,178.06912,4287.0,119.08334,-1398.0,-38.83333,2.0
1758079572.33563,36207.0,198.89401,32332.0,177.6077,3256.0,90.44444,-1867.0,-51.86111,2.0
1758079572.33608,36064.0,198.10849,32230.0,177.04738,2523.0,70.08334,-2095.0,-58.19444,2.0
1758079572.35269,35947.0,197.46577,32125.0,176.47058,2175.0,60.41667,-1973.0,-54.80556,2.0
1758079572.36863,35838.0,196.86702,32037.0,175.98718,2169.0,60.25,-1548.0,-43.0,2.0
1758079572.36937,35725.0,196.24629,31978.0,175.66309,2323.0,64.52778,-835.0,-23.19444,2.0
1758079572.38761,35602.0,195.5706,31957.0,175.54773,2544.0,70.66666,-103.0,-2.86111,2.0
1758079572.388,35468.0,194.83452,31964.0,175.58618,2739.0,76.08334,207.0,5.75,2.0
1758079572.40363,35328.0,194.06546,31981.0,175.67957,2803.0,77.86111,466.0,12.94444,2.0
1758079572.40567,35181.0,193.25795,32019.0,175.88831,3004.0,83.44444,980.0,27.22222,2.0
1758079572.42171,35016.0,192.35158,32088.0,176.26733,3488.0,96.88889,1688.0,46.88889,2.0
1758079572.43765,34820.0,191.27489,32197.0,176.8661,4211.0,116.97222,2575.0,71.52778,2.0
1758079572.43844,34587.0,189.99496,32357.0,177.74503,4895.0,135.97223,3599.0,99.97222,2.0
1758079572.45364,34325.0,188.55573,32569.0,178.90959,5375.0,149.30556,4611.0,128.08333,2.0
1758079572.4549,34046.0,187.02312,32830.0,180.34332,5571.0,154.75,5491.0,152.52777,2.0
1758079572.4706,33766.0,185.48502,33129.0,181.98579,5419.0,150.52777,6209.0,172.47223,2.0
1758079572.48664,33505.0,184.05127,33462.0,183.81506,4885.0,135.69444,6838.0,189.94444,2.0
1758079572.4874,33277.0,182.79881,33824.0,185.80362,4206.0,116.83334,7370.0,204.72223,2.0
1758079572.50275,33082.0,181.72762,34207.0,187.90753,3539.0,98.30556,7748.0,215.22223,2.0
1758079572.51866,32923.0,180.8542,34613.0,190.13779,2829.0,78.58334,8108.0,225.22223,2.0
1758079572.51946,32799.0,180.17303,35029.0,192.42299,2198.0,61.05556,8335.0,231.52777,2.0
1758079572.5388,32702.0,179.64018,35460.0,194.79057,1673.0,46.47222,8664.0,240.66667,2.0
1758079572.53992,32630.0,179.24467,35897.0,197.19112,1273.0,35.36111,8711.0,241.97223,2.0
1758079572.5548,32574.0,178.93706,36342.0,199.63562,978.0,27.16667,8885.0,246.80556,2.0
1758079572.55547,32532.0,178.70634,36787.0,202.08011,747.0,20.75,8786.0,244.05556,2.0
1758079572.57071,32496.0,178.50859,37235.0,204.54108,697.0,19.36111,8928.0,248.0,2.0
1758079572.58676,32464.0,178.33281,37680.0,206.98558,554.0,15.38889,8715.0,242.08333,2.0
1758079572.58746,32438.0,178.18997,38118.0,209.39163,479.0,13.30556,8623.0,239.52777,2.0
1758079572.60271,32415.0,178.06363,38545.0,211.73724,503.0,13.97222,8249.0,229.13889,2.0
1758079572.61881,32391.0,177.93179,38958.0,214.00595,478.0,13.27778,8045.0,223.47223,2.0
1758079572.61948,32374.0,177.83841,39349.0,216.15382,255.0,7.08333,7384.0,205.11111,2.0
1758079572.63899,32366.0,177.79446,39706.0,218.1149,101.0,2.80556,6691.0,185.86111,2.0
1758079572.63941,32366.0,177.79446,40018.0,219.82878,-10.0,-0.27778,5752.0,159.77777,2.0
1758079572.65669,32368.0,177.80545,40272.0,221.22408,-53.0,-1.47222,4488.0,124.66666,2.0
1758079572.65707,32372.0,177.82742,40464.0,222.27878,-82.0,-2.27778,3230.0,89.72222,2.0
1758079572.67272,32377.0,177.85489,40589.0,222.96545,-96.0,-2.66667,1903.0,52.86111,2.0
1758079572.68876,32385.0,177.89883,40650.0,223.30054,-174.0,-4.83333,692.0,19.22222,2.0
1758079572.68954,32394.0,177.94827,40652.0,223.31152,-155.0,-4.30556,-281.0,-7.80556,2.0
1758079572.70471,32399.0,177.97574,40624.0,223.15771,-72.0,-2.0,-731.0,-20.30556,2.0
1758079572.70632,32403.0,177.99771,40573.0,222.87753,-63.0,-1.75,-1227.0,-34.08333,2.0
1758079572.72169,32406.0,178.01419,40494.0,222.44357,-58.0,-1.61111,-1798.0,-49.94444,2.0
1758079572.73859,32410.0,178.03616,40387.0,221.8558,-70.0,-1.94444,-2370.0,-65.83334,2.0
1758079572.73932,32414.0,178.05814,40251.0,221.10872,-69.0,-1.91667,-2919.0,-81.08334,2.0
1758079572.75667,32415.0,178.06363,40088.0,220.21333,-5.0,-0.13889,-3424.0,-95.11111,2.0
1758079572.75706,32416.0,178.06912,39900.0,219.18059,-25.0,-0.69444,-3979.0,-110.52778,2.0
1758079572.77279,32424.0,178.11307,39682.0,217.98306,-264.0,-7.33333,-4571.0,-126.97222,2.0
1758079572.78957,32446.0,178.23392,39434.0,216.62074,-585.0,-16.25,-5187.0,-144.08333,2.0
1758079572.79038,32483.0,178.43718,39153.0,215.07713,-804.0,-22.33333,-5838.0,-162.16667,2.0
1758079572.80656,32522.0,178.65141,38836.0,213.33578,-651.0,-18.08333,-6576.0,-182.66667,2.0
1758079572.80774,32552.0,178.81621,38482.0,211.39116,-555.0,-15.41667,-7287.0,-202.41667,2.0
1758079572.82275,32580.0,178.97002,38085.0,209.21036,-555.0,-15.41667,-8284.0,-230.11111,2.0
1758079572.83885,32609.0,179.12932,37668.0,206.91966,-526.0,-14.61111,-8150.0,-226.38889,2.0
1758079572.84044,32625.0,179.21721,37279.0,204.78279,-43.0,-1.19444,-7295.0,-202.63889,2.0
1758079572.85579,32610.0,179.13481,36939.0,202.91507,528.0,14.66667,-6201.0,-172.25,2.0
1758079572.85924,32562.0,178.87114,36667.0,201.42091,1292.0,35.88889,-4776.0,-132.66667,2.0
1758079572.86645,32474.0,178.38774,36459.0,200.27832,2111.0,58.63889,-3633.0,-100.91666,2.0
1758079572.8818,32351.0,177.71207,36303.0,199.42139,2680.0,74.44444,-2755.0,-76.52778,2.0
1758079572.90368,32210.0,176.93752,36182.0,198.75668,2791.0,77.52778,-2165.0,-60.13889,2.0
1758079572.90411,32078.0,176.2124,36077.0,198.1799,2421.0,67.25,-2061.0,-57.25,2.0
1758079572.90686,31978.0,175.66309,35969.0,197.58664,1601.0,44.47222,-2254.0,-62.61111,2.0
1758079572.923,31929.0,175.39391,35840.0,196.87801,418.0,11.61111,-2829.0,-78.58334,2.0
1758079572.93889,31943.0,175.47083,35676.0,195.9771,-779.0,-21.63889,-3609.0,-100.25,2.0
1758079572.94086,32018.0,175.88281,35466.0,194.82353,-1988.0,-55.22222,-4583.0,-127.30556,2.0
1758079572.95857,32157.0,176.64636,35206.0,193.39529,-3276.0,-91.0,-5525.0,-153.47223,2.0
1758079572.95946,32355.0,177.73404,34902.0,191.72533,-4371.0,-121.41666,-6165.0,-171.25,2.0
1758079572.97746,32599.0,179.07439,34580.0,189.95651,-5173.0,-143.69444,-6485.0,-180.13889,2.0
1758079572.97822,32879.0,180.61249,34248.0,188.13275,-5733.0,-159.25,-6533.0,-181.47223,2.0
1758079572.99386,33179.0,182.26048,33935.0,186.41338,-6020.0,-167.22223,-5870.0,-163.05556,2.0
1758079572.99773,33492.0,183.97986,33660.0,184.90271,-6306.0,-175.16667,-5030.0,-139.72223,2.0
1758079573.01289,33822.0,185.79263,33433.0,183.65576,-6713.0,-186.47223,-3990.0,-110.83334,2.0
1758079573.02891,34174.0,187.72624,33261.0,182.71092,-7128.0,-198.0,-2930.0,-81.38889,2.0
1758079573.03074,34550.0,189.79172,33137.0,182.02974,-7684.0,-213.44444,-2117.0,-58.80556,2.0
1758079573.04585,34959.0,192.03847,33046.0,181.52986,-8297.0,-230.47223,-1579.0,-43.86111,2.0
1758079573.0467,35396.0,194.439,32977.0,181.15083,-8887.0,-246.86111,-1239.0,-34.41667,2.0
1758079573.0635,35866.0,197.02083,32925.0,180.86519,-9458.0,-262.72223,-882.0,-24.5,2.0
1758079573.07894,36353.0,199.69604,32887.0,180.65643,-9765.0,-271.25,-609.0,-16.91667,2.0
1758079573.08048,36860.0,202.48111,32861.0,180.51361,-10085.0,-280.13889,-438.0,-12.16667,2.0
1758079573.09878,37375.0,205.31013,32844.0,180.42023,-10353.0,-287.58334,-263.0,-7.30556,2.0
1758079573.09945,37897.0,208.17761,32834.0,180.3653,-10164.0,-282.33334,-118.0,-3.27778,2.0
1758079573.11491,38409.0,210.99016,32833.0,180.3598,-10086.0,-280.16666,0.0,0.0,2.0
1758079573.1161,38912.0,213.75327,32833.0,180.3598,-9792.0,-272.0,0.0,0.0,2.0
1758079573.13092,39396.0,216.412,32833.0,180.3598,-9353.0,-259.80554,0.0,0.0,2.0
1758079573.14695,39840.0,218.851,32833.0,180.3598,-8392.0,-233.11111,0.0,0.0,2.0
1758079573.14771,40238.0,221.03731,32833.0,180.3598,-7423.0,-206.19444,0.0,0.0,2.0
1758079573.16295,40576.0,222.89404,32835.0,180.37079,-6088.0,-169.11111,13.0,0.36111,2.0
1758079573.17897,40842.0,224.35524,32836.0,180.37628,-4641.0,-128.91667,22.0,0.61111,2.0
1758079573.17971,41034.0,225.40993,32838.0,180.38727,-3106.0,-86.27778,13.0,0.36111,2.0
1758079573.19501,41146.0,226.02518,32838.0,180.38727,-1569.0,-43.58333,0.0,0.0,2.0
1758079573.19569,41183.0,226.22842,32838.0,180.38727,-140.0,-3.88889,-9.0,-0.25,2.0
1758079573.21098,41161.0,226.10757,32838.0,180.38727,766.0,21.27778,-31.0,-0.86111,2.0
1758079573.22693,41101.0,225.77798,32836.0,180.37628,1463.0,40.63889,-52.0,-1.44444,2.0
1758079573.22774,41006.0,225.25612,32833.0,180.3598,2137.0,59.36111,-84.0,-2.33333,2.0
1758079573.2429,40880.0,224.56398,32828.0,180.33234,2705.0,75.13889,-76.0,-2.11111,2.0
1758079573.25981,40727.0,223.72351,32827.0,180.32684,3274.0,90.94444,42.0,1.16667,2.0
1758079573.26093,40547.0,222.73471,32830.0,180.34332,3781.0,105.02778,32.0,0.88889,2.0
1758079573.27904,40334.0,221.56467,32833.0,180.3598,4456.0,123.77778,107.0,2.97222,2.0
1758079573.28064,40086.0,220.20235,32843.0,180.41473,5225.0,145.13889,255.0,7.08333,2.0
1758079573.29895,39802.0,218.64224,32859.0,180.50262,5917.0,164.36111,324.0,9.0,2.0
1758079573.29978,39484.0,216.8954,32869.0,180.55756,6556.0,182.11111,73.0,2.02778,2.0
1758079573.31858,39128.0,214.9398,32864.0,180.53009,7382.0,205.05556,-136.0,-3.77778,2.0
1758079573.31898,38743.0,212.82489,32855.0,180.48065,7559.0,209.97223,-223.0,-6.19444,2.0
1758079573.33501,38365.0,210.74846,32838.0,180.38727,7306.0,202.94444,-409.0,-11.36111,2.0
1758079573.33578,38016.0,208.83133,32809.0,180.22797,6542.0,181.72223,-665.0,-18.47222,2.0
1758079573.35293,37715.0,207.17784,32763.0,179.97528,5507.0,152.97223,-1140.0,-31.66667,2.0
1758079573.36804,37464.0,205.79903,32688.0,179.56328,4535.0,125.97222,-1727.0,-47.97222,2.0
1758079573.36922,37261.0,204.68391,32587.0,179.00847,3651.0,101.41666,-2235.0,-62.08333,2.0
1758079573.38401,37096.0,203.77753,32468.0,178.35478,3034.0,84.27778,-2452.0,-68.11111,2.0
1758079573.38601,36951.0,202.98099,32345.0,177.67911,2738.0,76.05556,-2353.0,-65.36111,2.0
1758079573.40389,36814.0,202.22842,32234.0,177.06935,2684.0,74.55556,-2014.0,-55.94444,2.0
1758079573.41984,36677.0,201.47585,32145.0,176.58044,2724.0,75.66666,-1545.0,-42.91667,2.0
1758079573.42061,36538.0,200.7123,32083.0,176.23987,2744.0,76.22222,-1055.0,-29.30556,2.0
1758079573.43602,36394.0,199.92126,32045.0,176.03113,2932.0,81.44444,-478.0,-13.27778,2.0
1758079573.43802,36233.0,199.03687,32043.0,176.02014,3413.0,94.80556,200.0,5.55556,2.0
1758079573.45305,36037.0,197.96017,32063.0,176.13,4241.0,117.80556,666.0,18.5,2.0
1758079573.46905,35792.0,196.61433,32123.0,176.45959,5313.0,147.58333,1617.0,44.91667,2.0
1758079573.4702,35490.0,194.95537,32242.0,177.1133,6416.0,178.22223,2884.0,80.11111,2.0
1758079573.48681,35144.0,193.0547,32419.0,178.0856,7126.0,197.94444,3958.0,109.94444,2.0
1758079573.48749,34763.0,190.96178,32643.0,179.31609,7780.0,216.11111,4730.0,131.38889,2.0
1758079573.50387,34368.0,188.79193,32897.0,180.71138,7776.0,216.0,5217.0,144.91667,2.0
1758079573.50684,33984.0,186.68254,33170.0,182.21104,7410.0,205.83333,5549.0,154.13889,2.0
1758079573.52209,33623.0,184.69946,33460.0,183.80408,6832.0,189.77777,5878.0,163.27777,2.0
1758079573.53807,33306.0,182.95811,33769.0,185.5015,5821.0,161.69444,6217.0,172.69444,2.0
1758079573.53892,33034.0,181.46394,34092.0,187.2758,5015.0,139.30556,6547.0,181.86111,2.0
1758079573.55406,32802.0,180.18951,34435.0,189.16,4240.0,117.77778,6925.0,192.36111,2.0
1758079573.55538,32608.0,179.12383,34796.0,191.14305,3543.0,98.41666,7287.0,202.41667,2.0
1758079573.57106,32444.0,178.22293,35174.0,193.2195,2965.0,82.36111,7703.0,213.97223,2.0
1758079573.58875,32309.0,177.48134,35575.0,195.42229,2473.0,68.69444,8002.0,222.27777,2.0
1758079573.59029,32197.0,176.8661,35991.0,197.70749,2023.0,56.19444,8321.0,231.13889,2.0
1758079573.60685,32107.0,176.3717,36424.0,200.08606,1612.0,44.77778,8634.0,239.83333,2.0
1758079573.60816,32036.0,175.98169,36863.0,202.49759,1214.0,33.72222,8725.0,242.36111,2.0
1758079573.6231,31985.0,175.70154,37311.0,204.95857,916.0,25.44444,8938.0,248.27777,2.0
1758079573.63912,31944.0,175.47632,37757.0,207.40855,671.0,18.63889,8758.0,243.27777,2.0
1758079573.63991,31917.0,175.32799,38206.0,209.87503,466.0,12.94444,8769.0,243.58333,2.0
1758079573.65516,31895.0,175.20714,38640.0,212.25909,411.0,11.41667,8515.0,236.52777,2.0
1758079573.65632,31875.0,175.09727,39067.0,214.60472,398.0,11.05556,8395.0,233.19444,2.0
1758079573.67308,31864.0,175.03685,39470.0,216.8185,80.0,2.22222,7637.0,212.13889,2.0
1758079573.68814,31864.0,175.03685,39840.0,218.851,-16.0,-0.44444,6989.0,194.13889,2.0
1758079573.68921,31867.0,175.05333,40166.0,220.6418,-89.0,-2.47222,5971.0,165.86111,2.0
1758079573.70417,31877.0,175.10826,40430.0,222.09201,-260.0,-7.22222,4680.0,130.0,2.0
1758079573.70621,31895.0,175.20714,40626.0,223.1687,-421.0,-11.69444,3274.0,90.94444,2.0
1758079573.72294,31922.0,175.35545,40748.0,223.83887,-597.0,-16.58333,1784.0,49.55556,2.0
1758079573.73915,31959.0,175.55872,40799.0,224.11902,-820.0,-22.77778,427.0,11.86111,2.0
1758079573.73998,31999.0,175.77844,40789.0,224.06409,-735.0,-20.41667,-482.0,-13.38889,2.0
1758079573.75517,32035.0,175.9762,40751.0,223.85535,-680.0,-18.88889,-975.0,-27.08333,2.0
1758079573.75636,32067.0,176.15198,40686.0,223.49829,-584.0,-16.22222,-1520.0,-42.22222,2.0
1758079573.77129,32095.0,176.30579,40590.0,222.97095,-506.0,-14.05556,-2154.0,-59.83333,2.0
1758079573.78719,32119.0,176.43762,40463.0,222.27328,-409.0,-11.36111,-2746.0,-76.27778,2.0
1758079573.78849,32134.0,176.52002,40307.0,221.41634,-204.0,-5.66667,-3333.0,-92.58334,2.0
1758079573.80313,32139.0,176.54749,40122.0,220.4001,-29.0,-0.80556,-3897.0,-108.25,2.0
1758079573.81932,32139.0,176.54749,39907.0,219.21904,-16.0,-0.44444,-4514.0,-125.38889,2.0
1758079573.81997,32143.0,176.56946,39661.0,217.86771,-108.0,-3.0,-5162.0,-143.38889,2.0
1758079573.83517,32151.0,176.6134,39383.0,216.34059,-194.0,-5.38889,-5718.0,-158.83333,2.0
1758079573.83637,32163.0,176.67932,39073.0,214.63768,-241.0,-6.69444,-6443.0,-178.97223,2.0
1758079573.85119,32172.0,176.72876,38726.0,212.73151,-90.0,-2.5,-7133.0,-198.13889,2.0
1758079573.8672,32174.0,176.73975,38347.0,210.64958,-19.0,-0.52778,-7882.0,-218.94444,2.0
1758079573.8684,32177.0,176.75623,37921.0,208.30945,-84.0,-2.33333,-8807.0,-244.63889,2.0
1758079573.88322,32186.0,176.80566,37474.0,205.85396,-199.0,-5.52778,-8809.0,-244.69444,2.0
1758079573.89928,32187.0,176.81116,37039.0,203.46442,134.0,3.72222,-8280.0,-230.0,2.0
1758079573.90002,32174.0,176.73975,36648.0,201.31654,401.0,11.13889,-7214.0,-200.38889,2.0
1758079573.91606,32136.0,176.53101,36311.0,199.46533,1079.0,29.97222,-6267.0,-174.08333,2.0
1758079573.91802,32059.0,176.10803,36024.0,197.88876,1845.0,51.25,-5200.0,-144.44444,2.0
1758079573.93322,31947.0,175.4928,35791.0,196.60884,2451.0,68.08334,-4206.0,-116.83334,2.0
1758079573.94931,31816.0,174.77318,35602.0,195.5706,2660.0,73.88889,-3444.0,-95.66666,2.0
1758079573.9508,31687.0,174.06454,35442.0,194.69168,2374.0,65.94444,-2995.0,-83.19444,2.0
1758079573.96629,31587.0,173.51523,35294.0,193.87869,1646.0,45.72222,-2919.0,-81.08334,2.0
1758079573.96705,31538.0,173.24605,35133.0,192.99428,386.0,10.72222,-3448.0,-95.77778,2.0
1758079573.9822,31558.0,173.35593,34934.0,191.90111,-1025.0,-28.47222,-4305.0,-119.58334,2.0
1758079573.99826,31653.0,173.87778,34688.0,190.54979,-2494.0,-69.27778,-5266.0,-146.27777,2.0
1758079573.99905,31819.0,174.78966,34396.0,188.94574,-3872.0,-107.55556,-6102.0,-169.5,2.0
1758079574.01425,32046.0,176.03662,34074.0,187.17693,-4897.0,-136.02777,-6446.0,-179.05556,2.0
1758079574.01627,32316.0,177.51979,33746.0,185.37515,-5586.0,-155.16667,-6477.0,-179.91667,2.0
1758079574.03305,32612.0,179.1458,33427.0,183.6228,-6100.0,-169.44444,-6040.0,-167.77777,2.0
1758079574.04927,32936.0,180.92561,33149.0,182.09566,-6605.0,-183.47223,-4978.0,-138.27777,2.0
1758079574.05003,33283.0,182.83177,32933.0,180.90913,-7039.0,-195.52777,-3737.0,-103.80556,2.0
1758079574.06634,33654.0,184.86975,32779.0,180.06317,-7600.0,-211.11111,-2517.0,-69.91666,2.0
1758079574.06688,34057.0,187.08354,32680.0,179.51933,-8112.0,-225.33333,-1535.0,-42.63889,2.0
1758079574.08229,34482.0,189.41818,32630.0,179.24467,-8611.0,-239.19444,-623.0,-17.30556,2.0
1758079574.09826,34939.0,191.92857,32615.0,179.16228,-9254.0,-257.05554,-10.0,-0.27778,2.0
1758079574.0996,35422.0,194.58182,32616.0,179.16777,-9774.0,-271.5,0.0,0.0,2.0
1758079574.1143,35935.0,197.39986,32616.0,179.16777,-10246.0,-284.61111,0.0,0.0,2.0
1758079574.11554,36460.0,200.28381,32616.0,179.16777,-10557.0,-293.25,0.0,0.0,2.0
1758079574.13208,36996.0,203.22821,32616.0,179.16777,-10550.0,-293.05554,0.0,0.0,2.0
1758079574.1483,37534.0,206.18358,32616.0,179.16777,-10655.0,-295.97223,0.0,0.0,2.0
1758079574.14906,38062.0,209.08401,32616.0,179.16777,-10269.0,-285.25,0.0,0.0,2.0
1758079574.16592,38574.0,211.89655,32616.0,179.16777,-9955.0,-276.52777,0.0,0.0,2.0
1758079574.16709,39061.0,214.57176,32616.0,179.16777,-9421.0,-261.69446,0.0,0.0,2.0
1758079574.18413,39519.0,217.08766,32616.0,179.16777,-8583.0,-238.41667,8.0,0.22222,2.0
1758079574.18648,39922.0,219.30144,32616.0,179.16777,-7523.0,-208.97223,0.0,0.0,2.0
1758079574.20239,40272.0,221.22408,32617.0,179.17326,-6408.0,-178.0,0.0,0.0,2.0
1758079574.2183,40553.0,222.76767,32618.0,179.17876,-4913.0,-136.47223,19.0,0.52778,2.0
1758079574.21914,40756.0,223.88281,32619.0,179.18425,-3374.0,-93.72222,0.0,0.0,2.0
1758079574.23446,40882.0,224.57497,32620.0,179.18974,-1798.0,-49.94444,0.0,0.0,2.0
1758079574.23635,40932.0,224.84962,32620.0,179.18974,-335.0,-9.30556,0.0,0.0,2.0
1758079574.25233,40914.0,224.75075,32620.0,179.18974,756.0,21.0,-19.0,-0.52778,2.0
1758079574.26831,40854.0,224.42116,32619.0,179.18425,1500.0,41.66667,-46.0,-1.27778,2.0
1758079574.26949,40755.0,223.87732,32616.0,179.16777,2255.0,62.63889,-78.0,-2.16667,2.0
1758079574.28627,40622.0,223.14673,32608.0,179.12383,2845.0,79.02778,-253.0,-7.02778,2.0
1758079574.28719,40460.0,222.25681,32591.0,179.03044,3457.0,96.02778,-311.0,-8.63889,2.0
1758079574.30331,40266.0,221.19112,32578.0,178.95903,4111.0,114.19444,-201.0,-5.58333,2.0
1758079574.32015,40043.0,219.96611,32573.0,178.93156,4686.0,130.16667,0.0,0.0,2.0
1758079574.32133,39788.0,218.56534,32578.0,178.95903,5328.0,148.0,106.0,2.94444,2.0
1758079574.33639,39500.0,216.98329,32587.0,179.00847,6004.0,166.77777,249.0,6.91667,2.0
1758079574.33925,39174.0,215.19249,32603.0,179.09636,6694.0,185.94444,292.0,8.11111,2.0
1758079574.35515,38820.0,213.24789,32605.0,179.10735,7221.0,200.58333,-131.0,-3.63889,2.0
1758079574.35802,38435.0,211.13298,32595.0,179.05241,7961.0,221.13889,-244.0,-6.77778,2.0
1758079574.37453,38028.0,208.89725,32584.0,178.99199,7932.0,220.33333,-212.0,-5.88889,2.0
1758079574.37651,37643.0,206.78233,32568.0,178.9041,7333.0,203.69444,-429.0,-11.91667,2.0
1758079574.39321,37290.0,204.84322,32539.0,178.7448,6587.0,182.97223,-762.0,-21.16667,2.0
1758079574.41054,36992.0,203.20624,32487.0,178.45915,5344.0,148.44444,-1268.0,-35.22222,2.0
1758079574.41182,36752.0,201.88785,32406.0,178.01419,4317.0,119.91666,-1820.0,-50.55556,2.0
1758079574.42827,36556.0,200.81117,32302.0,177.44289,3531.0,98.08334,-2186.0,-60.72222,2.0
1758079574.42903,36393.0,199.91577,32191.0,176.83313,3021.0,83.91666,-2176.0,-60.44444,2.0
1758079574.44849,36247.0,199.11377,32093.0,176.2948,2799.0,77.75,-1739.0,-48.30556,2.0
1758079574.44976,36104.0,198.32822,32021.0,175.89929,2864.0,79.55556,-1127.0,-31.30556,2.0
1758079574.46638,35954.0,197.50423,31986.0,175.70703,3043.0,84.52778,-337.0,-9.36111,2.0
1758079574.46801,35795.0,196.63081,31988.0,175.71802,3231.0,89.75,179.0,4.97222,2.0
1758079574.48346,35622.0,195.68047,32002.0,175.79492,3511.0,97.52778,353.0,9.80556,2.0
1758079574.50378,35433.0,194.64224,32030.0,175.94873,3912.0,108.66666,798.0,22.16667,2.0
1758079574.50863,35222.0,193.48318,32093.0,176.2948,4425.0,122.91666,1585.0,44.02778,2.0
1758079574.51343,34979.0,192.14833,32202.0,176.89357,5108.0,141.88889,2641.0,73.36111,2.0
1758079574.53028,34701.0,190.6212,32366.0,177.79446,5740.0,159.44444,3698.0,102.72222,2.0
1758079574.5311,34397.0,188.95123,32582.0,178.981,6130.0,170.27777,4659.0,129.41667,2.0
1758079574.54842,34083.0,187.22636,32841.0,180.40375,6224.0,172.88889,5386.0,149.61111,2.0
1758079574.54883,33773.0,185.52347,33131.0,181.99678,5968.0,165.77777,5971.0,165.86111,2.0
1758079574.56638,33487.0,183.95239,33448.0,183.73816,5341.0,148.36111,6501.0,180.58333,2.0
1758079574.56846,33239.0,182.59007,33790.0,185.61685,4595.0,127.63889,6960.0,193.33333,2.0
1758079574.5835,33029.0,181.43648,34153.0,187.61089,3831.0,106.41666,7336.0,203.77777,2.0
1758079574.60778,32857.0,180.49164,34539.0,189.73129,3085.0,85.69444,7825.0,217.36111,2.0
1758079574.60815,32720.0,179.73907,34939.0,191.92857,2449.0,68.02778,8006.0,222.38889,2.0
1758079574.60928,32613.0,179.15129,35354.0,194.20828,1902.0,52.83333,8335.0,231.52777,2.0
1758079574.62713,32528.0,178.68437,35785.0,196.57588,1481.0,41.13889,8532.0,237.0,2.0
1758079574.62793,32461.0,178.31633,36228.0,199.0094,1168.0,32.44444,8862.0,246.16667,2.0
1758079574.64354,32409.0,178.03067,36682.0,201.50331,925.0,25.69444,8940.0,248.33333,2.0
1758079574.66342,32368.0,177.80545,37142.0,204.03021,762.0,21.16667,9143.0,253.97223,2.0
1758079574.66469,32333.0,177.61319,37612.0,206.61205,620.0,17.22222,9024.0,250.66667,2.0
1758079574.68357,32307.0,177.47035,38071.0,209.13345,449.0,12.47222,9001.0,250.02777,2.0
1758079574.68433,32287.0,177.36049,38520.0,211.5999,391.0,10.86111,8686.0,241.27777,2.0
1758079574.70387,32277.0,177.30556,38951.0,213.9675,53.0,1.47222,8280.0,230.0,2.0
1758079574.70424,32278.0,177.31105,39354.0,216.18129,-4.0,-0.11111,7654.0,212.61111,2.0
1758079574.72388,32281.0,177.32753,39717.0,218.17532,-104.0,-2.88889,6862.0,190.61111,2.0
1758079574.72426,32292.0,177.38795,40032.0,219.90569,-277.0,-7.69444,5711.0,158.63889,2.0
1758079574.73958,32314.0,177.5088,40281.0,221.27351,-572.0,-15.88889,4299.0,119.41666,2.0
1758079574.74103,32355.0,177.73404,40459.0,222.25131,-936.0,-26.0,2912.0,80.88889,2.0
1758079574.75559,32408.0,178.02518,40566.0,222.83908,-1125.0,-31.25,1510.0,41.94444,2.0
1758079574.75635,32471.0,178.37126,40607.0,223.06433,-1305.0,-36.25,314.0,8.72222,2.0
1758079574.77245,32539.0,178.7448,40599.0,223.02039,-1300.0,-36.11111,-334.0,-9.27778,2.0
1758079574.78859,32606.0,179.11284,40568.0,222.85007,-1291.0,-35.86111,-820.0,-22.77778,2.0
1758079574.78995,32669.0,179.45891,40511.0,222.53696,-1175.0,-32.63889,-1344.0,-37.33333,2.0
1758079574.80459,32727.0,179.77753,40431.0,222.0975,-1146.0,-31.83333,-1736.0,-48.22222,2.0
1758079574.80665,32781.0,180.07416,40329.0,221.5372,-976.0,-27.11111,-2220.0,-61.66667,2.0
1758079574.82259,32826.0,180.32135,40204.0,220.85054,-825.0,-22.91667,-2677.0,-74.36111,2.0
1758079574.83852,32870.0,180.56305,40055.0,220.03203,-979.0,-27.19444,-3178.0,-88.27778,2.0
1758079574.83919,32924.0,180.8597,39874.0,219.03777,-1131.0,-31.41667,-3849.0,-106.91666,2.0
1758079574.85552,32989.0,181.21675,39657.0,217.84573,-1329.0,-36.91667,-4638.0,-128.83333,2.0
1758079574.8562,33055.0,181.5793,39403.0,216.45045,-1207.0,-33.52778,-5277.0,-146.58333,2.0
1758079574.87231,33108.0,181.87044,39115.0,214.86839,-939.0,-26.08333,-6021.0,-167.25,2.0
1758079574.88861,33147.0,182.08467,38783.0,213.04462,-623.0,-17.30556,-6946.0,-192.94444,2.0
1758079574.88939,33172.0,182.22203,38411.0,211.00114,-393.0,-10.91667,-7673.0,-213.13889,2.0
1758079574.90554,33188.0,182.30992,37993.0,208.70496,-253.0,-7.02778,-8523.0,-236.75,2.0
1758079574.90702,33196.0,182.35387,37563.0,206.34288,-34.0,-0.94444,-8331.0,-231.41667,2.0
1758079574.92333,33187.0,182.30443,37152.0,204.08514,375.0,10.41667,-7937.0,-220.47223,2.0
1758079574.93964,33150.0,182.10115,36778.0,202.03067,1048.0,29.11111,-6896.0,-191.55556,2.0
1758079574.941,33074.0,181.68367,36461.0,200.28931,1831.0,50.86111,-5818.0,-161.61111,2.0
1758079574.95561,32955.0,181.02998,36194.0,198.8226,2705.0,75.13889,-4840.0,-134.44444,2.0
1758079574.95638,32798.0,180.16754,35973.0,197.60861,3320.0,92.22222,-3989.0,-110.80556,2.0
1758079574.97326,32623.0,179.20622,35789.0,196.59785,3505.0,97.36111,-3409.0,-94.69444,2.0
1758079574.97778,32450.0,178.25591,35623.0,195.68596,3262.0,90.61111,-3242.0,-90.05556,2.0
1758079574.99526,32301.0,177.43739,35452.0,194.74661,2665.0,74.02778,-3454.0,-95.94444,2.0
1758079574.99646,32191.0,176.83313,35263.0,193.7084,1733.0,48.13889,-3943.0,-109.52778,2.0
1758079575.01344,32139.0,176.54749,35044.0,192.50539,472.0,13.11111,-4617.0,-128.25,2.0
1758079575.03047,32153.0,176.62439,34788.0,191.09911,-729.0,-20.25,-5391.0,-149.75,2.0
1758079575.0317,32226.0,177.02541,34487.0,189.44565,-1999.0,-55.52778,-6339.0,-176.08333,2.0
1758079575.04665,32361.0,177.767,34148.0,187.58342,-3157.0,-87.69444,-6891.0,-191.41667,2.0
1758079575.0474,32547.0,178.78874,33793.0,185.63333,-4070.0,-113.05556,-7121.0,-197.80556,2.0
1758079575.06345,32774.0,180.03571,33432.0,183.65027,-4789.0,-133.02777,-7051.0,-195.86111,2.0
1758079575.07977,33030.0,181.44197,33090.0,181.77156,-5268.0,-146.33333,-6429.0,-178.58333,2.0
1758079575.08077,33305.0,182.95262,32792.0,180.13458,-5589.0,-155.25,-5487.0,-152.41667,2.0
1758079575.09571,33602.0,184.58411,32543.0,178.76677,-6112.0,-169.77777,-4399.0,-122.19444,2.0
1758079575.09647,33931.0,186.3914,32354.0,177.72855,-6799.0,-188.86111,-3228.0,-89.66666,2.0
1758079575.11408,34287.0,188.34698,32221.0,176.99794,-7218.0,-200.5,-2177.0,-60.47222,2.0
1758079575.13186,34674.0,190.47287,32137.0,176.5365,-7991.0,-221.97223,-1300.0,-36.11111,2.0
1758079575.13382,35095.0,192.78554,32093.0,176.2948,-8553.0,-237.58333,-590.0,-16.38889,2.0
1758079575.14975,35544.0,195.252,32076.0,176.20142,-9235.0,-256.52777,-122.0,-3.38889,2.0
1758079575.15034,36023.0,197.88327,32076.0,176.20142,-9572.0,-265.88889,9.0,0.25,2.0
1758079575.16726,36514.0,200.58046,32076.0,176.20142,-9890.0,-274.72223,9.0,0.25,2.0
1758079575.16793,37016.0,203.33807,32076.0,176.20142,-9846.0,-273.5,0.0,0.0,2.0
1758079575.18375,37520.0,206.10667,32076.0,176.20142,-9934.0,-275.94446,0.0,0.0,2.0
1758079575.20297,38012.0,208.80933,32076.0,176.20142,-9525.0,-264.58334,0.0,0.0,2.0
1758079575.20397,38479.0,211.37468,32079.0,176.2179,-8984.0,-249.55556,58.0,1.61111,2.0
1758079575.21976,38905.0,213.71481,32080.0,176.22339,-8059.0,-223.86111,0.0,0.0,2.0
1758079575.22032,39285.0,215.80223,32082.0,176.23438,-7036.0,-195.44444,58.0,1.61111,2.0
1758079575.23819,39599.0,217.52713,32090.0,176.27832,-5555.0,-154.30556,220.0,6.11111,2.0
1758079575.23893,39835.0,218.82353,32109.0,176.38269,-4008.0,-111.33334,459.0,12.75,2.0
1758079575.25879,39994.0,219.69695,32138.0,176.54199,-2508.0,-69.66666,663.0,18.41667,2.0
1758079575.26738,40080.0,220.16939,32178.0,176.76172,-1076.0,-29.88889,824.0,22.88889,2.0
1758079575.26893,40096.0,220.25728,32220.0,176.99245,208.0,5.77778,781.0,21.69444,2.0
1758079575.28876,40065.0,220.08699,32252.0,177.16823,898.0,24.94444,496.0,13.77778,2.0
1758079575.29001,40002.0,219.74089,32270.0,177.26711,1488.0,41.33333,231.0,6.41667,2.0
1758079575.30801,39913.0,219.252,32273.0,177.28358,1950.0,54.16667,-71.0,-1.97222,2.0
1758079575.30912,39801.0,218.63675,32269.0,177.26161,2379.0,66.08334,-61.0,-1.69444,2.0
1758079575.32801,39668.0,217.90616,32268.0,177.25612,2835.0,78.75,25.0,0.69444,2.0
1758079575.32915,39510.0,217.03822,32270.0,177.26711,3315.0,92.08334,36.0,1.0,2.0
1758079575.348,39324.0,216.01649,32274.0,177.28908,3954.0,109.83334,98.0,2.72222,2.0
1758079575.34914,39105.0,214.81346,32286.0,177.355,4641.0,128.91667,396.0,11.0,2.0
1758079575.36878,38851.0,213.41818,32318.0,177.53078,5324.0,147.88889,779.0,21.63889,2.0
1758079575.37088,38561.0,211.82513,32357.0,177.74503,6022.0,167.27777,741.0,20.58333,2.0
1758079575.38831,38233.0,210.02335,32383.0,177.88785,6838.0,189.94444,271.0,7.52778,2.0
1758079575.38897,37871.0,208.03479,32385.0,177.89883,7318.0,203.27777,-89.0,-2.47222,2.0
1758079575.40797,37499.0,205.99129,32380.0,177.87137,7375.0,204.86111,-133.0,-3.69444,2.0
1758079575.40874,37139.0,204.01373,32369.0,177.81094,6824.0,189.55556,-298.0,-8.27778,2.0
1758079575.42904,36817.0,202.2449,32348.0,177.69559,6020.0,167.22223,-609.0,-16.91667,2.0
1758079575.43033,36536.0,200.70131,32304.0,177.45387,5152.0,143.11111,-1066.0,-29.61111,2.0
1758079575.46866,36300.0,199.40491,32240.0,177.10231,4215.0,117.08334,-1431.0,-39.75,2.0
1758079575.46905,36108.0,198.35019,32155.0,176.63538,3513.0,97.58334,-1757.0,-48.80556,2.0
1758079575.47046,35945.0,197.45479,32065.0,176.14099,3057.0,84.91666,-1796.0,-49.88889,2.0
1758079575.47095,35795.0,196.63081,31983.0,175.69055,2872.0,79.77778,-1492.0,-41.44444,2.0
1758079575.48788,35648.0,195.82329,31917.0,175.32799,2920.0,81.11111,-1116.0,-31.0,2.0
1758079575.48832,35496.0,194.98833,31879.0,175.11925,3075.0,85.41666,-449.0,-12.47222,2.0
1758079575.5038,35336.0,194.10941,31875.0,175.09727,3231.0,89.75,121.0,3.36111,2.0
1758079575.50864,35166.0,193.17555,31879.0,175.11925,3421.0,95.02778,58.0,1.61111,2.0
1758079575.52378,34983.0,192.1703,31887.0,175.16319,3790.0,105.27778,278.0,7.72222,2.0
1758079575.52979,34776.0,191.03319,31915.0,175.317,4387.0,121.86111,820.0,22.77778,2.0
1758079575.56781,34532.0,189.69284,31980.0,175.67407,5186.0,144.05556,1649.0,45.80556,2.0
1758079575.56828,34247.0,188.12726,32094.0,176.30029,5936.0,164.88889,2728.0,75.77778,2.0
1758079575.57061,33924.0,186.35295,32262.0,177.22316,6732.0,187.0,3744.0,104.0,2.0
1758079575.57311,33569.0,184.40283,32477.0,178.40422,7117.0,197.69444,4605.0,127.91666,2.0
1758079575.58865,33209.0,182.42528,32727.0,179.77753,7060.0,196.11111,5189.0,144.13889,2.0
1758079575.58946,32862.0,180.5191,32998.0,181.26619,6647.0,184.63889,5498.0,152.72223,2.0
1758079575.60827,32545.0,178.77776,33286.0,182.84825,5928.0,164.66667,5832.0,162.0,2.0
1758079575.60905,32270.0,177.26711,33593.0,184.53467,5056.0,140.44444,6258.0,173.83333,2.0
1758079575.62887,32039.0,175.99817,33919.0,186.32547,4229.0,117.47222,6568.0,182.44444,2.0
1758079575.63395,31847.0,174.94347,34265.0,188.22614,3491.0,96.97222,7079.0,196.63889,2.0
1758079575.63901,31690.0,174.08102,34634.0,190.25314,2840.0,78.88889,7421.0,206.13889,2.0
1758079575.65563,31559.0,173.36142,35019.0,192.36806,2324.0,64.55556,7763.0,215.63889,2.0
1758079575.65819,31456.0,172.79561,35424.0,194.5928,1871.0,51.97222,8201.0,227.80556,2.0
1758079575.69907,31373.0,172.33966,35848.0,196.92195,1463.0,40.63889,8358.0,232.16667,2.0
1758079575.70307,31307.0,171.97711,36278.0,199.28406,1166.0,32.38889,8577.0,238.25,2.0
1758079575.7067,31258.0,171.70795,36711.0,201.66261,827.0,22.97222,8439.0,234.41667,2.0
1758079575.70916,31221.0,171.5047,37140.0,204.01923,694.0,19.27778,8447.0,234.63889,2.0
1758079575.71253,31197.0,171.37286,37557.0,206.30992,287.0,7.97222,7941.0,220.58333,2.0
1758079575.73029,31195.0,171.36188,37944.0,208.43579,-46.0,-1.27778,7516.0,208.77777,2.0
1758079575.73309,31199.0,171.38385,38302.0,210.40239,-101.0,-2.80556,6697.0,186.02777,2.0
1758079575.74875,31205.0,171.41681,38617.0,212.13275,-139.0,-3.86111,5856.0,162.66667,2.0
1758079575.75391,31217.0,171.48273,38886.0,213.61044,-325.0,-9.02778,4926.0,136.83333,2.0
1758079575.76937,31241.0,171.61456,39103.0,214.80247,-555.0,-15.41667,3826.0,106.27778,2.0
1758079575.77014,31279.0,171.8233,39262.0,215.67589,-891.0,-24.75,2662.0,73.94444,2.0
1758079575.7875,31333.0,172.11993,39365.0,216.24171,-1158.0,-32.16667,1604.0,44.55556,2.0
1758079575.78829,31397.0,172.4715,39416.0,216.52187,-1318.0,-36.61111,591.0,16.41667,2.0
1758079575.80426,31469.0,172.86702,39423.0,216.56032,-1451.0,-40.30556,-135.0,-3.75,2.0
1758079575.80984,31544.0,173.27901,39407.0,216.47243,-1484.0,-41.22222,-442.0,-12.27778,2.0
1758079575.82689,31622.0,173.70749,39370.0,216.26918,-1540.0,-42.77778,-982.0,-27.27778,2.0
1758079575.82774,31700.0,174.13596,39305.0,215.91212,-1515.0,-42.08333,-1457.0,-40.47222,2.0
1758079575.84619,31773.0,174.53696,39220.0,215.44518,-1360.0,-37.77778,-1850.0,-51.38889,2.0
1758079575.84693,31845.0,174.93248,39116.0,214.87389,-1477.0,-41.02778,-2232.0,-62.0,2.0
1758079575.86377,31926.0,175.37743,38986.0,214.15976,-1683.0,-46.75,-2849.0,-79.13889,2.0
1758079575.86737,32019.0,175.88831,38820.0,213.24789,-1908.0,-53.0,-3613.0,-100.36111,2.0
1758079575.88377,32119.0,176.43762,38619.0,212.14374,-1977.0,-54.91667,-4260.0,-118.33334,2.0
1758079575.88662,32213.0,176.95399,38384.0,210.85283,-1783.0,-49.52778,-4961.0,-137.80556,2.0
1758079575.90202,32295.0,177.40443,38108.0,209.3367,-1463.0,-40.63889,-5869.0,-163.02777,2.0
1758079575.9188,32364.0,177.78348,37785.0,207.56238,-1297.0,-36.02778,-6806.0,-189.05556,2.0
1758079575.92391,32425.0,178.11856,37415.0,205.52986,-1207.0,-33.52778,-7625.0,-211.80556,2.0
1758079575.92684,32484.0,178.44267,37025.0,203.38751,-1060.0,-29.44444,-7666.0,-212.94444,2.0
1758079575.94296,32521.0,178.64592,36656.0,201.36049,-357.0,-9.91667,-6869.0,-190.80556,2.0
1758079575.94644,32512.0,178.59648,36332.0,199.58069,533.0,14.80556,-6039.0,-167.75,2.0
1758079575.96198,32466.0,178.3438,36053.0,198.04807,1215.0,33.75,-5095.0,-141.52777,2.0
1758079575.978,32383.0,177.88785,35824.0,196.79012,1970.0,54.72222,-4157.0,-115.47222,2.0
1758079575.97886,32263.0,177.22865,35636.0,195.75737,2549.0,70.80556,-3430.0,-95.27778,2.0
1758079575.99402,32128.0,176.48706,35474.0,194.86748,2683.0,74.52778,-3080.0,-85.55556,2.0
1758079576.01057,32000.0,175.78394,35317.0,194.00504,2318.0,64.38889,-3160.0,-87.77778,2.0
1758079576.01096,31903.0,175.25108,35145.0,193.0602,1562.0,43.38889,-3597.0,-99.91666,2.0
1758079576.02697,31852.0,174.97093,34946.0,191.96706,546.0,15.16667,-4207.0,-116.86111,2.0
1758079576.02785,31856.0,174.9929,34713.0,190.68712,-539.0,-14.97222,-4935.0,-137.08333,2.0
1758079576.04293,31911.0,175.29503,34443.0,189.20395,-1505.0,-41.80556,-5664.0,-157.33333,2.0
1758079576.04642,32015.0,175.86633,34140.0,187.53947,-2440.0,-67.77778,-6176.0,-171.55556,2.0
1758079576.06362,32166.0,176.6958,33819.0,185.77615,-3332.0,-92.55556,-6480.0,-180.0,2.0
1758079576.06644,32357.0,177.74503,33487.0,183.95239,-4088.0,-113.55556,-6549.0,-181.91667,2.0
1758079576.08207,32581.0,178.97551,33165.0,182.18358,-4700.0,-130.55556,-6136.0,-170.44444,2.0
1758079576.09808,32834.0,180.3653,32871.0,180.56854,-5240.0,-145.55556,-5531.0,-153.63889,2.0
1758079576.09881,33113.0,181.8979,32612.0,179.1458,-5706.0,-158.5,-4781.0,-132.80556,2.0
1758079576.11406,33420.0,183.58435,32397.0,177.96475,-6354.0,-176.5,-3872.0,-107.55556,2.0
1758079576.11494,33764.0,185.47403,32227.0,177.0309,-7160.0,-198.88889,-2982.0,-82.83334,2.0
1758079576.13086,34146.0,187.57243,32099.0,176.32776,-7824.0,-217.33333,-2187.0,-60.75,2.0
1758079576.14706,34561.0,189.85214,32006.0,175.81689,-8542.0,-237.27777,-1543.0,-42.86111,2.0
1758079576.14832,35016.0,192.35158,31945.0,175.48181,-9227.0,-256.30554,-971.0,-26.97222,2.0
1758079576.16304,35503.0,195.02678,31912.0,175.30052,-9935.0,-275.97223,-366.0,-10.16667,2.0
1758079576.16431,36019.0,197.8613,31909.0,175.28404,-10330.0,-286.94446,54.0,1.5,2.0
1758079576.18082,36549.0,200.77272,31911.0,175.29503,-10619.0,-294.97223,11.0,0.30556,2.0
1758079576.19808,37091.0,203.75006,31911.0,175.29503,-10711.0,-297.52777,9.0,0.25,2.0
1758079576.19879,37638.0,206.75487,31911.0,175.29503,-10836.0,-301.0,8.0,0.22222,2.0
1758079576.21409,38170.0,209.67728,31912.0,175.30052,-10352.0,-287.55554,0.0,0.0,2.0
1758079576.21605,38681.0,212.48431,31917.0,175.32799,-9705.0,-269.58334,199.0,5.52778,2.0
1758079576.23299,39149.0,215.05516,31930.0,175.3994,-8989.0,-249.69444,249.0,6.91667,2.0
1758079576.24807,39572.0,217.37881,31946.0,175.4873,-7758.0,-215.5,398.0,11.05556,2.0
1758079576.24886,39922.0,219.30144,31972.0,175.63013,-6298.0,-174.94444,613.0,17.02778,2.0
1758079576.26666,40200.0,220.82857,32012.0,175.84985,-4835.0,-134.30556,932.0,25.88889,2.0
1758079576.26847,40400.0,221.92722,32070.0,176.16846,-3274.0,-90.94444,1299.0,36.08333,2.0
1758079576.28691,40522.0,222.59738,32140.0,176.55298,-1790.0,-49.72222,1403.0,38.97222,2.0
1758079576.28727,40574.0,222.88303,32216.0,176.97047,-458.0,-12.72222,1539.0,42.75,2.0
1758079576.30311,40564.0,222.82809,32290.0,177.37697,541.0,15.02778,1416.0,39.33333,2.0
1758079576.30674,40517.0,222.56992,32359.0,177.75601,1145.0,31.80556,1232.0,34.22222,2.0
1758079576.32301,40444.0,222.16891,32413.0,178.05264,1659.0,46.08333,917.0,25.47222,2.0
1758079576.32525,40345.0,221.62509,32452.0,178.26689,2125.0,59.02778,685.0,19.02778,2.0
1758079576.34115,40221.0,220.94392,32476.0,178.39873,2706.0,75.16666,323.0,8.97222,2.0
1758079576.35878,40069.0,220.10896,32487.0,178.45915,3266.0,90.72222,149.0,4.13889,2.0
1758079576.36772,39887.0,219.10918,32493.0,178.49211,3855.0,107.08334,121.0,3.36111,2.0
1758079576.36883,39670.0,217.91714,32504.0,178.55254,4596.0,127.66666,290.0,8.05556,2.0
1758079576.38687,39413.0,216.50539,32530.0,178.69536,5475.0,152.08333,735.0,20.41667,2.0
1758079576.38821,39107.0,214.82445,32582.0,178.981,6447.0,179.08333,1283.0,35.63889,2.0
1758079576.40901,38760.0,212.91827,32652.0,179.36552,7131.0,198.08333,1409.0,39.13889,2.0
1758079576.40982,38371.0,210.78142,32716.0,179.7171,8126.0,225.72223,1084.0,30.11111,2.0
1758079576.4268,37943.0,208.4303,32754.0,179.92584,8583.0,238.41667,458.0,12.72222,2.0
1758079576.42755,37514.0,206.07372,32755.0,179.93134,8440.0,234.44444,-210.0,-5.83333,2.0
1758079576.444,37106.0,203.83246,32738.0,179.83795,7685.0,213.47223,-495.0,-13.75,2.0
1758079576.44678,36748.0,201.86588,32701.0,179.63469,6592.0,183.11111,-907.0,-25.19444,2.0
1758079576.46383,36444.0,200.19592,32642.0,179.31059,5527.0,153.52777,-1337.0,-37.13889,2.0
1758079576.47072,36197.0,198.83908,32559.0,178.85466,4403.0,122.30556,-1837.0,-51.02778,2.0
1758079576.48705,36000.0,197.75693,32458.0,178.29985,3543.0,98.41666,-2140.0,-59.44444,2.0
1758079576.48838,35836.0,196.85603,32350.0,177.70657,3055.0,84.86111,-2095.0,-58.19444,2.0
1758079576.50322,35688.0,196.04301,32250.0,177.15724,2860.0,79.44444,-1793.0,-49.80556,2.0
1758079576.50606,35542.0,195.24101,32173.0,176.73425,2930.0,81.38889,-1282.0,-35.61111,2.0
1758079576.52226,35386.0,194.38406,32130.0,176.49805,3139.0,87.19444,-467.0,-12.97222,2.0
1758079576.53818,35218.0,193.46121,32129.0,176.49255,3443.0,95.63889,180.0,5.0,2.0
1758079576.53905,35036.0,192.46144,32142.0,176.56396,3745.0,104.02778,338.0,9.38889,2.0
1758079576.5582,34835.0,191.35728,32169.0,176.71228,4211.0,116.97222,724.0,20.11111,2.0
1758079576.55901,34605.0,190.09384,32228.0,177.03639,4840.0,134.44444,1530.0,42.5,2.0
1758079576.57823,34340.0,188.63812,32333.0,177.61319,5528.0,153.55556,2542.0,70.61111,2.0
1758079576.57949,34042.0,187.00114,32493.0,178.49211,6183.0,171.75,3610.0,100.27778,2.0
1758079576.59826,33712.0,185.18839,32701.0,179.63469,6715.0,186.52777,4482.0,124.5,2.0
1758079576.59977,33367.0,183.2932,32945.0,180.97505,6805.0,189.02777,5099.0,141.63889,2.0
1758079576.61428,33029.0,181.43648,33217.0,182.46922,6567.0,182.41667,5548.0,154.11111,2.0
1758079576.61827,32710.0,179.68414,33512.0,184.08972,6037.0,167.69444,6007.0,166.86111,2.0
1758079576.63314,32431.0,178.15152,33830.0,185.83658,5105.0,141.80556,6452.0,179.22223,2.0
1758079576.63518,32198.0,176.8716,34168.0,187.69328,4189.0,116.36111,6872.0,190.88889,2.0
1758079576.65293,32011.0,175.84436,34532.0,189.69284,3313.0,92.02778,7401.0,205.58333,2.0
1758079576.66825,31867.0,175.05333,34912.0,191.78026,2517.0,69.91666,7611.0,211.41667,2.0
1758079576.66909,31759.0,174.46005,35308.0,193.9556,1785.0,49.58333,7964.0,221.22223,2.0
1758079576.68749,31684.0,174.04807,35720.0,196.21883,1207.0,33.52778,8211.0,228.08333,2.0
1758079576.68826,31639.0,173.80087,36145.0,198.55344,658.0,18.27778,8434.0,234.27777,2.0
1758079576.70782,31616.0,173.67453,36572.0,200.89906,317.0,8.80556,8418.0,233.83333,2.0
1758079576.70821,31607.0,173.62509,36995.0,203.22272,76.0,2.11111,8407.0,233.52777,2.0
1758079576.72781,31607.0,173.62509,37419.0,205.55183,-2.0,-0.05556,8305.0,230.69444,2.0
1758079576.72819,31609.0,173.63608,37827.0,207.79309,-64.0,-1.77778,7853.0,218.13889,2.0
1758079576.74754,31611.0,173.64706,38213.0,209.91348,0.0,0.0,7438.0,206.61111,2.0
1758079576.74827,31613.0,173.65805,38566.0,211.8526,-84.0,-2.33333,6617.0,183.80556,2.0
1758079576.76755,31623.0,173.71298,38878.0,213.5665,-309.0,-8.58333,5815.0,161.52777,2.0
1758079576.77037,31650.0,173.8613,39140.0,215.00572,-708.0,-19.66667,4705.0,130.69444,2.0
1758079576.78692,31697.0,174.11948,39346.0,216.13734,-1058.0,-29.38889,3578.0,99.38889,2.0
1758079576.78816,31759.0,174.46005,39496.0,216.96132,-1306.0,-36.27778,2559.0,71.08334,2.0
1758079576.80915,31832.0,174.86107,39597.0,217.51614,-1528.0,-42.44444,1598.0,44.38889,2.0
1758079576.81053,31911.0,175.29503,39652.0,217.81827,-1570.0,-43.61111,706.0,19.61111,2.0
1758079576.82875,31991.0,175.7345,39663.0,217.87869,-1554.0,-43.16667,-107.0,-2.97222,2.0
1758079576.83118,32067.0,176.15198,39647.0,217.7908,-1460.0,-40.55556,-415.0,-11.52778,2.0
1758079576.84857,32138.0,176.54199,39618.0,217.6315,-1344.0,-37.33333,-716.0,-19.88889,2.0
1758079576.85172,32202.0,176.89357,39573.0,217.38431,-1200.0,-33.33333,-1047.0,-29.08333,2.0
1758079576.86736,32257.0,177.19569,39511.0,217.04372,-1038.0,-28.83333,-1393.0,-38.69444,2.0
1758079576.86815,32310.0,177.48683,39428.0,216.58778,-1088.0,-30.22222,-1823.0,-50.63889,2.0
1758079576.88338,32377.0,177.85489,39319.0,215.98903,-1456.0,-40.44444,-2463.0,-68.41666,2.0
1758079576.88705,32460.0,178.31084,39171.0,215.17601,-1824.0,-50.66667,-3253.0,-90.36111,2.0
1758079576.90231,32566.0,178.89311,38981.0,214.13229,-2240.0,-62.22222,-4131.0,-114.75,2.0
1758079576.91841,32685.0,179.5468,38749.0,212.85785,-2373.0,-65.91666,-4925.0,-136.80556,2.0
1758079576.9204,32806.0,180.21149,38480.0,211.38017,-2326.0,-64.61111,-5646.0,-156.83333,2.0
1758079576.94112,32919.0,180.83223,38166.0,209.6553,-2140.0,-59.44444,-6634.0,-184.27777,2.0
1758079576.95972,33025.0,181.41451,37797.0,207.6283,-2066.0,-57.38889,-7738.0,-214.94444,2.0
1758079576.96246,33124.0,181.95833,37389.0,205.38704,-1937.0,-53.80556,-8230.0,-228.61111,2.0
1758079576.96294,33209.0,182.42528,36975.0,203.11282,-1378.0,-38.27778,-8053.0,-223.69444,2.0
1758079576.97841,33254.0,182.67247,36595.0,201.02541,-471.0,-13.08333,-7022.0,-195.05556,2.0
1758079576.98044,33244.0,182.61754,36264.0,199.20715,668.0,18.55556,-6144.0,-170.66667,2.0
1758079576.99846,33181.0,182.27147,35987.0,197.68552,1747.0,48.52778,-4935.0,-137.08333,2.0
1758079577.00043,33056.0,181.58479,35771.0,196.49898,2932.0,81.44444,-3778.0,-104.94444,2.0
1758079577.01841,32880.0,180.61798,35604.0,195.58159,3812.0,105.88889,-2985.0,-82.91666,2.0
1758079577.01917,32672.0,179.47539,35465.0,194.81804,4226.0,117.38889,-2530.0,-70.27778,2.0
1758079577.03519,32457.0,178.29436,35343.0,194.14786,4179.0,116.08334,-2328.0,-64.66666,2.0
1758079577.0367,32256.0,177.1902,35226.0,193.50516,3812.0,105.88889,-2315.0,-64.30556,2.0
1758079577.05337,32080.0,176.22339,35102.0,192.82399,3195.0,88.75,-2512.0,-69.77778,2.0
1758079577.06847,31944.0,175.47632,34968.0,192.08791,2308.0,64.11111,-2742.0,-76.16666,2.0
1758079577.06922,31857.0,174.9984,34819.0,191.26939,1274.0,35.38889,-3083.0,-85.63889,2.0
1758079577.08696,31824.0,174.81712,34646.0,190.31906,136.0,3.77778,-3664.0,-101.77778,2.0
1758079577.08767,31848.0,174.94896,34445.0,189.21494,-863.0,-23.97222,-4236.0,-117.66666,2.0
1758079577.10342,31919.0,175.33897,34215.0,187.95148,-1832.0,-50.88889,-4757.0,-132.13889,2.0
1758079577.10707,32038.0,175.99268,33965.0,186.57817,-2719.0,-75.52778,-5085.0,-141.25,2.0
1758079577.12344,32198.0,176.8716,33699.0,185.11697,-3423.0,-95.08334,-5367.0,-149.08333,2.0
1758079577.12787,32389.0,177.92081,33422.0,183.59534,-4018.0,-111.61111,-5458.0,-151.61111,2.0
1758079577.14346,32608.0,179.12383,33150.0,182.10115,-4609.0,-128.02777,-5219.0,-144.97223,2.0
1758079577.14707,32859.0,180.50262,32897.0,180.71138,-5215.0,-144.86111,-4831.0,-134.19444,2.0
1758079577.16407,33140.0,182.04622,32668.0,179.45341,-5780.0,-160.55556,-4317.0,-119.91666,2.0
1758079577.16737,33452.0,183.76013,32470.0,178.36577,-6492.0,-180.33333,-3650.0,-101.38889,2.0
1758079577.1844,33805.0,185.69925,32305.0,177.45937,-7336.0,-203.77777,-2949.0,-81.91666,2.0
1758079577.18764,34197.0,187.8526,32175.0,176.74524,-8025.0,-222.91667,-2332.0,-64.77778,2.0
1758079577.20247,34623.0,190.19272,32074.0,176.19043,-8795.0,-244.30556,-1765.0,-49.02778,2.0
1758079577.21853,35085.0,192.73061,32002.0,175.79492,-9347.0,-259.63889,-1171.0,-32.52778,2.0
1758079577.21928,35572.0,195.40581,31960.0,175.56421,-9916.0,-275.44446,-570.0,-15.83333,2.0
1758079577.23641,36079.0,198.19089,31946.0,175.4873,-9991.0,-277.52777,-15.0,-0.41667,2.0
1758079577.2382,36589.0,200.99245,31948.0,175.49829,-10147.0,-281.86111,14.0,0.38889,2.0
1758079577.25349,37100.0,203.7995,31949.0,175.50378,-10022.0,-278.38889,13.0,0.36111,2.0
1758079577.25632,37605.0,206.57359,31949.0,175.50378,-9907.0,-275.19446,0.0,0.0,2.0
1758079577.27328,38083.0,209.19937,31949.0,175.50378,-9218.0,-256.05554,3.0,0.08333,2.0
1758079577.27457,38535.0,211.68231,31949.0,175.50378,-8687.0,-241.30556,0.0,0.0,2.0
1758079577.29211,38949.0,213.95651,31949.0,175.50378,-7898.0,-219.38889,0.0,0.0,2.0
1758079577.30755,39323.0,216.011,31950.0,175.50928,-6942.0,-192.83333,0.0,0.0,2.0
1758079577.30829,39643.0,217.76883,31950.0,175.50928,-5826.0,-161.83333,0.0,0.0,2.0
1758079577.32875,39903.0,219.19707,31950.0,175.50928,-4636.0,-128.77777,0.0,0.0,2.0
1758079577.32924,40102.0,220.29024,31951.0,175.51477,-3392.0,-94.22222,4.0,0.11111,2.0
1758079577.3465,40236.0,221.02632,31952.0,175.52026,-2067.0,-57.41667,0.0,0.0,2.0
1758079577.34771,40305.0,221.40535,31952.0,175.52026,-839.0,-23.30556,0.0,0.0,2.0
1758079577.36351,40311.0,221.43831,31952.0,175.52026,322.0,8.94444,0.0,0.0,2.0
1758079577.36634,40277.0,221.25154,31952.0,175.52026,884.0,24.55556,-13.0,-0.36111,2.0
1758079577.38663,40216.0,220.91646,31951.0,175.51477,1427.0,39.63889,-26.0,-0.72222,2.0
1758079577.38732,40131.0,220.44954,31950.0,175.50928,1891.0,52.52778,-30.0,-0.83333,2.0
1758079577.40251,40022.0,219.85075,31949.0,175.50378,2339.0,64.97222,-30.0,-0.83333,2.0
1758079577.41862,39893.0,219.14214,31948.0,175.49829,2694.0,74.83334,-23.0,-0.63889,2.0
1758079577.4213,39745.0,218.32913,31947.0,175.4928,3088.0,85.77778,0.0,0.0,2.0
1758079577.43857,39579.0,217.41727,31948.0,175.49829,3429.0,95.25,5.0,0.13889,2.0
1758079577.43974,39394.0,216.40102,31949.0,175.50378,3882.0,107.83334,31.0,0.86111,2.0
1758079577.45639,39183.0,215.24193,31952.0,175.52026,4392.0,122.0,64.0,1.77778,2.0
1758079577.45916,38942.0,213.91806,31962.0,175.5752,5010.0,139.16667,355.0,9.86111,2.0
1758079577.47572,38670.0,212.42389,31989.0,175.72351,5710.0,158.61111,724.0,20.11111,2.0
1758079577.47613,38358.0,210.71001,32038.0,175.99268,6492.0,180.33333,1144.0,31.77778,2.0
1758079577.49235,38006.0,208.77637,32104.0,176.35522,7287.0,202.41667,1334.0,37.05556,2.0
1758079577.50863,37616.0,206.63402,32171.0,176.72327,8069.0,224.13889,1302.0,36.16667,2.0
1758079577.50976,37194.0,204.31586,32234.0,177.06935,8278.0,229.94444,1091.0,30.30556,2.0
1758079577.52561,36786.0,202.07462,32273.0,177.28358,7868.0,218.55556,501.0,13.91667,2.0
1758079577.52722,36404.0,199.9762,32278.0,177.31105,7219.0,200.52777,-143.0,-3.97222,2.0
1758079577.54268,36070.0,198.14145,32264.0,177.23415,6105.0,169.58333,-397.0,-11.02778,2.0
1758079577.55863,35789.0,196.59785,32236.0,177.08034,5063.0,140.63889,-751.0,-20.86111,2.0
1758079577.55989,35564.0,195.36186,32186.0,176.80566,3915.0,108.75,-1139.0,-31.63889,2.0
1758079577.57867,35401.0,194.46646,32124.0,176.46509,2650.0,73.61111,-1269.0,-35.25,2.0
1758079577.57938,35296.0,193.88968,32056.0,176.09155,1675.0,46.52778,-1368.0,-38.0,2.0
1758079577.59471,35227.0,193.51065,31996.0,175.76196,1260.0,35.0,-975.0,-27.08333,2.0
1758079577.59543,35158.0,193.13161,31971.0,175.62463,1506.0,41.83333,-108.0,-3.0,2.0
1758079577.61059,35057.0,192.5768,31993.0,175.74548,2446.0,67.94444,941.0,26.13889,2.0
1758079577.62664,34900.0,191.71434,32087.0,176.26184,3675.0,102.08334,2591.0,71.97222,2.0
1758079577.62741,34678.0,190.49484,32267.0,177.25063,4906.0,136.27777,4286.0,119.05556,2.0
1758079577.64347,34398.0,188.95673,32531.0,178.70085,5955.0,165.41667,5866.0,162.94444,2.0
1758079577.64813,34075.0,187.18242,32862.0,180.5191,6658.0,184.94444,6986.0,194.05556,2.0
1758079577.66361,33729.0,185.28177,33237.0,182.57909,6887.0,191.30556,7678.0,213.27777,2.0
1758079577.66728,33390.0,183.41954,33642.0,184.80383,6465.0,179.58333,8192.0,227.55556,2.0
1758079577.68345,33083.0,181.73311,34055.0,187.07256,5606.0,155.72223,8169.0,226.91667,2.0
1758079577.68873,32827.0,180.32684,34467.0,189.33578,4590.0,127.5,8121.0,225.58333,2.0
1758079577.70783,32625.0,179.21721,34876.0,191.5825,3530.0,98.05556,7809.0,216.91667,2.0
1758079577.70859,32473.0,178.38225,35270.0,193.74686,2626.0,72.94444,7765.0,215.69444,2.0
1758079577.73349,32362.0,177.77249,35661.0,195.8947,1948.0,54.11111,7722.0,214.5,2.0
1758079577.73554,32276.0,177.30006,36054.0,198.05356,1542.0,42.83333,7852.0,218.11111,2.0
1758079577.74653,32204.0,176.90456,36461.0,200.28931,1350.0,37.5,8119.0,225.52777,2.0
1758079577.74804,32139.0,176.54749,36877.0,202.57449,1247.0,34.63889,8332.0,231.44444,2.0
1758079577.76441,32074.0,176.19043,37313.0,204.96956,1284.0,35.66667,8747.0,242.97223,2.0
1758079577.7681,32009.0,175.83337,37756.0,207.40306,1291.0,35.86111,8784.0,244.0,2.0
1758079577.78374,31941.0,175.45984,38205.0,209.86954,1341.0,37.25,8912.0,247.55556,2.0
1758079577.7881,31874.0,175.09178,38646.0,212.29205,1321.0,36.69444,8662.0,240.61111,2.0
1758079577.80374,31808.0,174.72923,39080.0,214.67613,1272.0,35.33333,8519.0,236.63889,2.0
1758079577.80734,31757.0,174.44907,39486.0,216.90639,809.0,22.47222,7683.0,213.41667,2.0
1758079577.82352,31727.0,174.28427,39855.0,218.9334,416.0,11.55556,6941.0,192.80556,2.0
1758079577.82708,31722.0,174.25681,40177.0,220.70222,-118.0,-3.27778,5880.0,163.33333,2.0
1758079577.84353,31737.0,174.3392,40438.0,222.13596,-406.0,-11.27778,4616.0,128.22223,2.0
1758079577.84719,31766.0,174.4985,40631.0,223.19617,-718.0,-19.94444,3261.0,90.58334,2.0
1758079577.86354,31816.0,174.77318,40754.0,223.87183,-1197.0,-33.25,1806.0,50.16667,2.0
1758079577.86877,31886.0,175.1577,40806.0,224.15747,-1501.0,-41.69444,423.0,11.75,2.0
1758079577.88911,31968.0,175.60815,40796.0,224.10254,-1736.0,-48.22222,-492.0,-13.66667,2.0
1758079577.89031,32058.0,176.10254,40758.0,223.8938,-1815.0,-50.41667,-946.0,-26.27778,2.0
1758079577.90876,32152.0,176.6189,40697.0,223.55872,-1828.0,-50.77778,-1380.0,-38.33333,2.0
1758079577.91378,32245.0,177.12978,40611.0,223.0863,-1819.0,-50.52778,-1899.0,-52.75,2.0
1758079577.92879,32336.0,177.62967,40503.0,222.49301,-1775.0,-49.30556,-2296.0,-63.77778,2.0
1758079577.93043,32421.0,178.09659,40376.0,221.79538,-1614.0,-44.83333,-2679.0,-74.41666,2.0
1758079577.94818,32496.0,178.50859,40232.0,221.00435,-1449.0,-40.25,-2999.0,-83.30556,2.0
1758079577.94935,32569.0,178.90959,40067.0,220.09798,-1475.0,-40.97222,-3424.0,-95.11111,2.0
1758079577.96875,32649.0,179.34904,39876.0,219.04875,-1651.0,-45.86111,-4031.0,-111.97222,2.0
1758079577.97088,32735.0,179.82147,39652.0,217.81827,-1756.0,-48.77778,-4739.0,-131.63889,2.0
1758079577.98819,32821.0,180.29388,39394.0,216.40102,-1619.0,-44.97222,-5325.0,-147.91667,2.0
1758079577.98903,32898.0,180.71687,39103.0,214.80247,-1403.0,-38.97222,-6097.0,-169.36111,2.0
1758079578.00837,32962.0,181.06844,38768.0,212.96222,-1187.0,-32.97222,-6999.0,-194.41667,2.0
1758079578.0088,33020.0,181.38704,38394.0,210.90776,-1155.0,-32.08333,-7743.0,-215.08333,2.0
1758079578.02678,33077.0,181.70015,37972.0,208.5896,-1101.0,-30.58333,-8652.0,-240.33333,2.0
1758079578.02937,33133.0,182.00777,37535.0,206.18907,-1018.0,-28.27778,-8466.0,-235.16667,2.0
1758079578.048,33170.0,182.21104,37109.0,203.84894,-420.0,-11.66667,-8084.0,-224.55556,2.0
1758079578.04879,33167.0,182.19456,36726.0,201.74501,376.0,10.44444,-7111.0,-197.52777,2.0
1758079578.06835,33129.0,181.98579,36397.0,199.93774,1051.0,29.19444,-6060.0,-168.33333,2.0
1758079578.06872,33056.0,181.58479,36115.0,198.38864,1718.0,47.72222,-5191.0,-144.19444,2.0
1758079578.08836,32953.0,181.019,35877.0,197.08125,2203.0,61.19444,-4372.0,-121.44444,2.0
1758079578.08874,32839.0,180.39276,35669.0,195.93864,2233.0,62.02778,-3931.0,-109.19444,2.0
1758079578.10734,32733.0,179.81049,35473.0,194.86198,1922.0,53.38889,-3890.0,-108.05556,2.0
1758079578.10804,32657.0,179.39299,35264.0,193.7139,1159.0,32.19444,-4277.0,-118.80556,2.0
1758079578.12385,32628.0,179.23369,35030.0,192.42848,87.0,2.41667,-4932.0,-137.0,2.0
1758079578.12748,32653.0,179.37102,34755.0,190.91783,-917.0,-25.47222,-5823.0,-161.75,2.0
1758079578.1429,32734.0,179.81598,34431.0,189.138,-2184.0,-60.66667,-6860.0,-190.55556,2.0
1758079578.15899,32881.0,180.62347,34064.0,187.12199,-3452.0,-95.88889,-7434.0,-206.5,2.0
1758079578.16378,33090.0,181.77156,33677.0,184.99612,-4546.0,-126.27778,-7750.0,-215.27777,2.0
1758079578.18162,33345.0,183.17235,33282.0,182.82628,-5344.0,-148.44444,-7722.0,-214.5,2.0
1758079578.18411,33637.0,184.77637,32916.0,180.81575,-6071.0,-168.63889,-6863.0,-190.63889,2.0
1758079578.19895,33963.0,186.56718,32595.0,179.05241,-6657.0,-184.91667,-5890.0,-163.61111,2.0
1758079578.20044,34307.0,188.45685,32334.0,177.61868,-6897.0,-191.58333,-4576.0,-127.11111,2.0
1758079578.21752,34671.0,190.45639,32140.0,176.55298,-7409.0,-205.80556,-3264.0,-90.66666,2.0
1758079578.21821,35055.0,192.56581,32008.0,175.82788,-7726.0,-214.61111,-2112.0,-58.66667,2.0
1758079578.23392,35456.0,194.7686,31929.0,175.39391,-8125.0,-225.69444,-1161.0,-32.25,2.0
1758079578.23593,35883.0,197.11421,31897.0,175.21812,-8523.0,-236.75,-215.0,-5.97222,2.0
1758079578.25187,36323.0,199.53125,31898.0,175.22362,-8861.0,-246.13889,37.0,1.02778,2.0
1758079578.26792,36788.0,202.0856,31898.0,175.22362,-9310.0,-258.61111,0.0,0.0,2.0
1758079578.26869,37268.0,204.72237,31898.0,175.22362,-9625.0,-267.36111,0.0,0.0,2.0
1758079578.28387,37765.0,207.45251,31898.0,175.22362,-9817.0,-272.69446,0.0,0.0,2.0
1758079578.28684,38260.0,210.17166,31898.0,175.22362,-9850.0,-273.61111,0.0,0.0,2.0
1758079578.30289,38755.0,212.89081,31898.0,175.22362,-9670.0,-268.61111,0.0,0.0,2.0
1758079578.32008,39237.0,215.53856,31898.0,175.22362,-9480.0,-263.33334,0.0,0.0,2.0
1758079578.32412,39693.0,218.04349,31900.0,175.2346,-8556.0,-237.66667,58.0,1.61111,2.0
1758079578.3401,40101.0,220.28474,31905.0,175.26207,-7738.0,-214.94444,96.0,2.66667,2.0
1758079578.34412,40456.0,222.23483,31913.0,175.30602,-6420.0,-178.33333,200.0,5.55556,2.0
1758079578.35895,40738.0,223.78394,31929.0,175.39391,-4916.0,-136.55556,393.0,10.91667,2.0
1758079578.35972,40942.0,224.90456,31954.0,175.53125,-3277.0,-91.02778,545.0,15.13889,2.0
1758079578.37505,41056.0,225.53078,31985.0,175.70154,-1523.0,-42.30556,668.0,18.55556,2.0
1758079578.37577,41085.0,225.69008,32024.0,175.91577,141.0,3.91667,790.0,21.94444,2.0
1758079578.39272,41044.0,225.46486,32068.0,176.15747,1243.0,34.52778,883.0,24.52778,2.0
1758079578.40795,40953.0,224.96498,32107.0,176.3717,2193.0,60.91667,664.0,18.44444,2.0
1758079578.40929,40817.0,224.2179,32134.0,176.52002,3033.0,84.25,425.0,11.80556,2.0
1758079578.42394,40642.0,223.25659,32152.0,176.6189,3724.0,103.44444,215.0,5.97222,2.0
1758079578.42694,40436.0,222.12497,32153.0,176.62439,4354.0,120.94444,-96.0,-2.66667,2.0
1758079578.44411,40198.0,220.81758,32148.0,176.59692,4958.0,137.72223,-73.0,-2.02778,2.0
1758079578.44656,39934.0,219.36736,32148.0,176.59692,5357.0,148.80556,42.0,1.16667,2.0
1758079578.46361,39648.0,217.7963,32152.0,176.6189,5867.0,162.97223,99.0,2.75,2.0
1758079578.47977,39332.0,216.06044,32163.0,176.67932,6568.0,182.44444,328.0,9.11111,2.0
1758079578.484,38984.0,214.14877,32191.0,176.83313,7095.0,197.08333,725.0,20.13889,2.0
1758079578.499,38608.0,212.08331,32233.0,177.06386,7685.0,213.47223,871.0,24.19444,2.0
1758079578.4997,38195.0,209.81461,32271.0,177.2726,8510.0,236.38889,643.0,17.86111,2.0
1758079578.51814,37755.0,207.39757,32295.0,177.40443,8787.0,244.08333,339.0,9.41667,2.0
1758079578.51893,37315.0,204.98055,32297.0,177.41542,8575.0,238.19444,-139.0,-3.86111,2.0
1758079578.54011,36906.0,202.7338,32287.0,177.36049,7634.0,212.05556,-260.0,-7.22222,2.0
1758079578.54385,36546.0,200.75624,32265.0,177.23964,6646.0,184.61111,-623.0,-17.30556,2.0
1758079578.559,36245.0,199.10278,32217.0,176.97597,5381.0,149.47223,-1230.0,-34.16667,2.0
1758079578.55973,36005.0,197.78439,32141.0,176.55847,4259.0,118.30556,-1684.0,-46.77778,2.0
1758079578.57753,35814.0,196.73518,32048.0,176.04761,3443.0,95.63889,-1932.0,-53.66667,2.0
1758079578.57806,35657.0,195.87273,31952.0,175.52026,2845.0,79.02778,-1869.0,-51.91667,2.0
1758079578.59393,35525.0,195.14763,31867.0,175.05333,2455.0,68.19444,-1485.0,-41.25,2.0
1758079578.59562,35410.0,194.5159,31805.0,174.71274,2072.0,57.55556,-1036.0,-28.77778,2.0
1758079578.61348,35313.0,193.98306,31770.0,174.52048,1769.0,49.13889,-410.0,-11.38889,2.0
1758079578.62907,35233.0,193.54361,31768.0,174.50949,1517.0,42.13889,143.0,3.97222,2.0
1758079578.62983,35156.0,193.12062,31776.0,174.55344,1587.0,44.08333,252.0,7.0,2.0
1758079578.64746,35059.0,192.58778,31808.0,174.72923,2208.0,61.33333,1002.0,27.83333,2.0
1758079578.6486,34924.0,191.84618,31892.0,175.19066,3075.0,85.41666,2182.0,60.61111,2.0
1758079578.66401,34740.0,190.83543,32043.0,176.02014,4060.0,112.77778,3595.0,99.86111,2.0
1758079578.66864,34507.0,189.55551,32260.0,177.21217,4974.0,138.16667,4794.0,133.16667,2.0
1758079578.68399,34237.0,188.07233,32532.0,178.70634,5579.0,154.97223,5766.0,160.16667,2.0
1758079578.68606,33943.0,186.45732,32844.0,180.42023,5882.0,163.38889,6377.0,177.13889,2.0
1758079578.70206,33645.0,184.82031,33180.0,182.26598,5703.0,158.41667,6823.0,189.52777,2.0
1758079578.71806,33374.0,183.33165,33538.0,184.23254,5059.0,140.52777,7100.0,197.22223,2.0
1758079578.71891,33141.0,182.05171,33905.0,186.24857,4252.0,118.11111,7293.0,202.58333,2.0
1758079578.73409,32950.0,181.00252,34279.0,188.30304,3404.0,94.55556,7542.0,209.5,2.0
1758079578.73694,32802.0,180.18951,34663.0,190.41245,2586.0,71.83334,7565.0,210.13889,2.0
1758079578.75307,32690.0,179.57426,35048.0,192.52736,1924.0,53.44444,7649.0,212.47223,2.0
1758079578.7691,32607.0,179.11833,35445.0,194.70816,1456.0,40.44444,7999.0,222.19444,2.0
1758079578.76991,32544.0,178.77226,35852.0,196.94392,1061.0,29.47222,8111.0,225.30556,2.0
1758079578.78779,32498.0,178.51958,36270.0,199.24011,828.0,23.0,8377.0,232.69444,2.0
1758079578.78821,32463.0,178.32732,36697.0,201.58571,550.0,15.27778,8369.0,232.47223,2.0
1758079578.80411,32442.0,178.21194,37126.0,203.94232,331.0,9.19444,8519.0,236.63889,2.0
1758079578.80693,32429.0,178.14053,37557.0,206.30992,169.0,4.69444,8380.0,232.77777,2.0
1758079578.82308,32423.0,178.10757,37977.0,208.61707,89.0,2.47222,8302.0,230.61111,2.0
1758079578.84079,32419.0,178.0856,38387.0,210.86931,95.0,2.63889,7970.0,221.38889,2.0
1758079578.84437,32414.0,178.05814,38780.0,213.02814,86.0,2.38889,7674.0,213.16667,2.0
1758079578.85925,32410.0,178.03616,39161.0,215.12108,53.0,1.47222,7332.0,203.66667,2.0
1758079578.86049,32411.0,178.04166,39511.0,217.04372,-25.0,-0.69444,6606.0,183.5,2.0
1758079578.87599,32411.0,178.04166,39824.0,218.76311,4.0,0.11111,5850.0,162.5,2.0
1758079578.87801,32413.0,178.05264,40090.0,220.22432,-47.0,-1.30556,4754.0,132.05556,2.0
1758079578.89332,32418.0,178.08011,40294.0,221.34492,-97.0,-2.69444,3452.0,95.88889,2.0
1758079578.90915,32426.0,178.12405,40431.0,222.0975,-224.0,-6.22222,2086.0,57.94444,2.0
1758079578.9125,32442.0,178.21194,40496.0,222.45456,-359.0,-9.97222,729.0,20.25,2.0
1758079578.9282,32464.0,178.33281,40498.0,222.46555,-447.0,-12.41667,-276.0,-7.66667,2.0
1758079578.92938,32488.0,178.46465,40471.0,222.31723,-478.0,-13.27778,-735.0,-20.41667,2.0
1758079578.94532,32509.0,178.58,40418.0,222.02609,-323.0,-8.97222,-1303.0,-36.19444,2.0
1758079578.94698,32523.0,178.65691,40333.0,221.55917,-213.0,-5.91667,-1931.0,-53.63889,2.0
1758079578.96397,32532.0,178.70634,40217.0,220.92195,-144.0,-4.0,-2557.0,-71.02778,2.0
1758079578.96694,32539.0,178.7448,40070.0,220.11446,-155.0,-4.30556,-3144.0,-87.33334,2.0
1758079578.98223,32548.0,178.79424,39892.0,219.13664,-159.0,-4.41667,-3747.0,-104.08334,2.0
1758079578.99822,32556.0,178.83818,39689.0,218.02151,-164.0,-4.55556,-4220.0,-117.22222,2.0
1758079578.99899,32566.0,178.89311,39463.0,216.78004,-274.0,-7.61111,-4688.0,-130.22223,2.0
1758079579.01817,32585.0,178.99748,39213.0,215.40672,-452.0,-12.55556,-5156.0,-143.22223,2.0
1758079579.01901,32615.0,179.16228,38936.0,213.8851,-621.0,-17.25,-5710.0,-158.61111,2.0
1758079579.03579,32644.0,179.32158,38632.0,212.21515,-491.0,-13.63889,-6186.0,-171.83333,2.0
1758079579.03815,32658.0,179.39848,38297.0,210.37492,-148.0,-4.11111,-6847.0,-190.19444,2.0
1758079579.05321,32660.0,179.40947,37923.0,208.32043,13.0,0.36111,-7801.0,-216.69444,2.0
1758079579.05682,32661.0,179.41496,37514.0,206.07372,-2.0,-0.05556,-8201.0,-227.80556,2.0
1758079579.07419,32660.0,179.40947,37102.0,203.81049,52.0,1.44444,-7981.0,-221.69444,2.0
1758079579.07806,32650.0,179.35454,36726.0,201.74501,371.0,10.30556,-6924.0,-192.33333,2.0
1758079579.09327,32611.0,179.1403,36410.0,200.00916,1047.0,29.08333,-5729.0,-159.13889,2.0
1758079579.10928,32538.0,178.7393,36150.0,198.5809,1789.0,49.69444,-4621.0,-128.36111,2.0
1758079579.11005,32425.0,178.11856,35947.0,197.46577,2501.0,69.47222,-3549.0,-98.58334,2.0
1758079579.12688,32285.0,177.3495,35793.0,196.61983,2915.0,80.97222,-2726.0,-75.72222,2.0
1758079579.12766,32137.0,176.5365,35668.0,195.93315,2829.0,78.58334,-2337.0,-64.91666,2.0
1758079579.14656,32008.0,175.82788,35549.0,195.27946,2244.0,62.33333,-2391.0,-66.41666,2.0
1758079579.14843,31920.0,175.34447,35419.0,194.56534,1242.0,34.5,-2823.0,-78.41666,2.0
1758079579.16778,31896.0,175.21263,35257.0,193.67545,-136.0,-3.77778,-3495.0,-97.08334,2.0
1758079579.16906,31940.0,175.45435,35053.0,192.55482,-1446.0,-40.16667,-4401.0,-122.25,2.0
1758079579.18859,32055.0,176.08606,34802.0,191.17601,-2885.0,-80.13889,-5336.0,-148.22223,2.0
1758079579.19033,32239.0,177.09682,34505.0,189.54453,-4166.0,-115.72222,-6211.0,-172.52777,2.0
1758079579.20864,32480.0,178.4207,34177.0,187.74274,-5157.0,-143.25,-6603.0,-183.41667,2.0
1758079579.21,32766.0,179.99176,33847.0,185.92996,-5991.0,-166.41667,-6460.0,-179.44444,2.0
1758079579.22793,33084.0,181.7386,33529.0,184.18311,-6456.0,-179.33333,-6098.0,-169.38889,2.0
1758079579.22867,33418.0,183.57336,33246.0,182.62852,-6725.0,-186.80556,-5097.0,-141.58333,2.0
1758079579.24757,33771.0,185.51248,33020.0,181.38704,-7178.0,-199.38889,-3925.0,-109.02778,2.0
1758079579.24908,34143.0,187.55595,32854.0,180.47516,-7457.0,-207.13889,-2835.0,-78.75,2.0
1758079579.26776,34529.0,189.67636,32738.0,179.83795,-7844.0,-217.88889,-1884.0,-52.33333,2.0
1758079579.26902,34940.0,191.93407,32667.0,179.44792,-8270.0,-229.72223,-1059.0,-29.41667,2.0
1758079579.28858,35371.0,194.30167,32633.0,179.26115,-8727.0,-242.41667,-387.0,-10.75,2.0
1758079579.28981,35829.0,196.81758,32624.0,179.21172,-9250.0,-256.94446,-50.0,-1.38889,2.0
1758079579.30695,36303.0,199.42139,32624.0,179.21172,-9494.0,-263.72223,0.0,0.0,2.0
1758079579.30817,36797.0,202.13504,32624.0,179.21172,-9832.0,-273.11111,0.0,0.0,2.0
1758079579.3234,37299.0,204.89265,32624.0,179.21172,-10016.0,-278.22223,0.0,0.0,2.0
1758079579.34048,37809.0,207.69421,32624.0,179.21172,-9975.0,-277.08334,0.0,0.0,2.0
1758079579.34083,38307.0,210.42986,32624.0,179.21172,-9830.0,-273.05554,0.0,0.0,2.0
1758079579.35869,38793.0,213.09958,32624.0,179.21172,-9404.0,-261.22223,0.0,0.0,2.0
1758079579.36073,39260.0,215.6649,32624.0,179.21172,-9103.0,-252.86111,0.0,0.0,2.0
1758079579.3764,39696.0,218.05997,32624.0,179.21172,-8134.0,-225.94444,0.0,0.0,2.0
1758079579.37878,40087.0,220.20784,32624.0,179.21172,-7308.0,-203.0,0.0,0.0,2.0
1758079579.39625,40423.0,222.05356,32625.0,179.21721,-6068.0,-168.55556,8.0,0.22222,2.0
1758079579.39825,40688.0,223.50928,32628.0,179.23369,-4641.0,-128.91667,70.0,1.94444,2.0
1758079579.41336,40880.0,224.56398,32635.0,179.27214,-3118.0,-86.61111,215.0,5.97222,2.0
1758079579.43017,40994.0,225.1902,32652.0,179.36552,-1569.0,-43.58333,369.0,10.25,2.0
1758079579.43097,41029.0,225.38246,32676.0,179.49736,-80.0,-2.22222,512.0,14.22222,2.0
1758079579.44836,41004.0,225.24513,32703.0,179.64568,875.0,24.30556,500.0,13.88889,2.0
1758079579.44959,40937.0,224.87709,32726.0,179.77203,1683.0,46.75,420.0,11.66667,2.0
1758079579.4662,40832.0,224.30031,32739.0,179.84344,2371.0,65.86111,128.0,3.55556,2.0
1758079579.46801,40693.0,223.53674,32741.0,179.85443,2996.0,83.22222,-36.0,-1.0,2.0
1758079579.48337,40525.0,222.61386,32740.0,179.84894,3564.0,99.0,-28.0,-0.77778,2.0
1758079579.5037,40332.0,221.55368,32739.0,179.84344,4023.0,111.75,-9.0,-0.25,2.0
1758079579.50409,40115.0,220.36165,32739.0,179.84344,4435.0,123.19444,32.0,0.88889,2.0
1758079579.52048,39877.0,219.05424,32742.0,179.85992,4899.0,136.08333,48.0,1.33333,2.0
1758079579.52093,39614.0,217.60953,32750.0,179.90387,5450.0,151.38889,271.0,7.52778,2.0
1758079579.53834,39319.0,215.98903,32771.0,180.01923,6155.0,170.97223,546.0,15.16667,2.0
1758079579.53885,38990.0,214.18173,32805.0,180.20599,6741.0,187.25,830.0,23.05556,2.0
1758079579.55553,38629.0,212.19867,32845.0,180.42572,7464.0,207.33333,634.0,17.61111,2.0
1758079579.55678,38235.0,210.03433,32865.0,180.53558,7932.0,220.33333,144.0,4.0,2.0
1758079579.57239,37845.0,207.89197,32859.0,180.50262,7452.0,207.0,-235.0,-6.52778,2.0
1758079579.58837,37483.0,205.9034,32840.0,180.39825,6876.0,191.0,-479.0,-13.30556,2.0
1758079579.58955,37166.0,204.16205,32806.0,180.21149,5722.0,158.94444,-802.0,-22.27778,2.0
1758079579.60607,36910.0,202.75577,32753.0,179.92035,4554.0,126.5,-1259.0,-34.97222,2.0
1758079579.60759,36707.0,201.64064,32677.0,179.50285,3614.0,100.38889,-1638.0,-45.5,2.0
1758079579.62839,36546.0,200.75624,32589.0,179.01945,2795.0,77.63889,-1830.0,-50.83333,2.0
1758079579.63033,36425.0,200.09155,32500.0,178.53056,2083.0,57.86111,-1720.0,-47.77778,2.0
1758079579.64656,36335.0,199.59717,32415.0,178.06363,1544.0,42.88889,-1590.0,-44.16667,2.0
1758079579.64723,36263.0,199.20166,32343.0,177.66812,1383.0,38.41667,-1281.0,-35.58333,2.0
1758079579.6668,36187.0,198.78415,32292.0,177.38795,1668.0,46.33333,-750.0,-20.83333,2.0
1758079579.66775,36081.0,198.20187,32281.0,177.32753,2413.0,67.02778,196.0,5.44444,2.0
1758079579.68357,35933.0,197.38887,32307.0,177.47035,3345.0,92.91666,825.0,22.91667,2.0
1758079579.70067,35734.0,196.29573,32377.0,177.85489,4397.0,122.13889,1850.0,51.38889,2.0
1758079579.70102,35483.0,194.91692,32506.0,178.56352,5391.0,149.75,3062.0,85.05556,2.0
1758079579.71653,35183.0,193.26894,32692.0,179.58525,6198.0,172.16667,4121.0,114.47222,2.0
1758079579.71916,34850.0,191.43968,32925.0,180.86519,6852.0,190.33333,4851.0,134.75,2.0
1758079579.73706,34492.0,189.47311,33184.0,182.28795,7125.0,197.91667,5290.0,146.94444,2.0
1758079579.73976,34135.0,187.51201,33459.0,183.79858,7011.0,194.75,5516.0,153.22223,2.0
1758079579.75638,33787.0,185.60037,33744.0,185.36417,6710.0,186.38889,5662.0,157.27777,2.0
1758079579.75766,33465.0,183.83154,34036.0,186.96819,6047.0,167.97223,5860.0,162.77777,2.0
1758079579.77342,33182.0,182.27696,34339.0,188.63263,5271.0,146.41667,6118.0,169.94444,2.0
1758079579.78953,32936.0,180.92561,34655.0,190.3685,4571.0,126.97222,6295.0,174.86111,2.0
1758079579.79013,32724.0,179.76105,34981.0,192.15932,3930.0,109.16666,6561.0,182.25,2.0
1758079579.80715,32543.0,178.76677,35322.0,194.0325,3344.0,92.88889,6862.0,190.61111,2.0
1758079579.80839,32389.0,177.92081,35680.0,195.99907,2818.0,78.27778,7197.0,199.91667,2.0
1758079579.82614,32258.0,177.20119,36051.0,198.03708,2375.0,65.97222,7477.0,207.69444,2.0
1758079579.82696,32152.0,176.6189,36440.0,200.17395,1880.0,52.22222,7752.0,215.33333,2.0
1758079579.84335,32067.0,176.15198,36836.0,202.34927,1493.0,41.47222,7924.0,220.11111,2.0
1758079579.85925,32002.0,175.79492,37245.0,204.59601,1123.0,31.19444,8231.0,228.63889,2.0
1758079579.86044,31951.0,175.51477,37659.0,206.87022,919.0,25.52778,8169.0,226.91667,2.0
1758079579.8756,31914.0,175.31151,38077.0,209.16641,654.0,18.16667,8283.0,230.08333,2.0
1758079579.87635,31890.0,175.17967,38488.0,211.42412,306.0,8.5,7880.0,218.88889,2.0
1758079579.89238,31884.0,175.14671,38880.0,213.57748,28.0,0.77778,7690.0,213.61111,2.0
1758079579.90848,31887.0,175.16319,39252.0,215.62096,-93.0,-2.58333,7048.0,195.77777,2.0
1758079579.90916,31896.0,175.21263,39583.0,217.43924,-229.0,-6.36111,6185.0,171.80556,2.0
1758079579.92552,31916.0,175.32249,39870.0,219.01579,-522.0,-14.5,5240.0,145.55556,2.0
1758079579.9269,31952.0,175.52026,40103.0,220.29573,-885.0,-24.58333,4068.0,113.0,2.0
1758079579.9432,32006.0,175.81689,40276.0,221.24605,-1149.0,-31.91667,2914.0,80.94444,2.0
1758079579.96033,32072.0,176.17944,40391.0,221.87778,-1397.0,-38.80556,1820.0,50.55556,2.0
1758079579.96418,32147.0,176.59143,40451.0,222.20737,-1509.0,-41.91667,737.0,20.47222,2.0
1758079579.98011,32226.0,177.02541,40463.0,222.27328,-1564.0,-43.44444,-112.0,-3.11111,2.0
1758079579.98341,32302.0,177.44289,40447.0,222.18539,-1444.0,-40.11111,-436.0,-12.11111,2.0
1758079579.99932,32374.0,177.83841,40411.0,221.98764,-1367.0,-37.97222,-923.0,-25.63889,2.0
1758079580.00071,32437.0,178.18448,40352.0,221.66354,-1154.0,-32.05556,-1334.0,-37.05556,2.0
1758079580.01639,32490.0,178.47563,40272.0,221.22408,-1021.0,-28.36111,-1767.0,-49.08333,2.0
1758079580.01803,32541.0,178.75578,40168.0,220.65279,-983.0,-27.30556,-2288.0,-63.55556,2.0
1758079580.03358,32598.0,179.06889,40034.0,219.91667,-1225.0,-34.02778,-2949.0,-81.91666,2.0
1758079580.03641,32663.0,179.42595,39861.0,218.96635,-1310.0,-36.38889,-3785.0,-105.13889,2.0
1758079580.0526,32732.0,179.80499,39645.0,217.77982,-1369.0,-38.02778,-4595.0,-127.63889,2.0
1758079580.06835,32795.0,180.15106,39389.0,216.37355,-1139.0,-31.63889,-5293.0,-147.02777,2.0
1758079580.06944,32845.0,180.42572,39096.0,214.76402,-893.0,-24.80556,-6191.0,-171.97223,2.0
1758079580.08461,32887.0,180.65643,38752.0,212.87433,-742.0,-20.61111,-7245.0,-201.25,2.0
1758079580.08669,32920.0,180.83772,38361.0,210.72649,-581.0,-16.13889,-8165.0,-226.80556,2.0
1758079580.10236,32950.0,181.00252,37928.0,208.3479,-634.0,-17.61111,-8824.0,-245.11111,2.0
1758079580.11808,32977.0,181.15083,37483.0,205.9034,-385.0,-10.69444,-8637.0,-239.91667,2.0
1758079580.1193,32982.0,181.1783,37054.0,203.54681,130.0,3.61111,-8261.0,-229.47223,2.0
1758079580.13461,32961.0,181.06294,36659.0,201.37697,723.0,20.08333,-7364.0,-204.55556,2.0
1758079580.13592,32903.0,180.74434,36311.0,199.46533,1496.0,41.55556,-6539.0,-181.63889,2.0
1758079580.15084,32802.0,180.18951,36006.0,197.78989,2345.0,65.13889,-5646.0,-156.83333,2.0
1758079580.16676,32665.0,179.43694,35745.0,196.35616,2910.0,80.83334,-4823.0,-133.97223,2.0
1758079580.16745,32508.0,178.57451,35513.0,195.08171,3187.0,88.52778,-4361.0,-121.13889,2.0
1758079580.18276,32350.0,177.70657,35298.0,193.90067,3018.0,83.83334,-4157.0,-115.47222,2.0
1758079580.19854,32213.0,176.95399,35090.0,192.75807,2419.0,67.19444,-4059.0,-112.75,2.0
1758079580.19901,32117.0,176.42664,34884.0,191.62645,1467.0,40.75,-4140.0,-115.0,2.0
1758079580.21478,32080.0,176.22339,34666.0,190.42892,147.0,4.08333,-4530.0,-125.83334,2.0
1758079580.21551,32110.0,176.38818,34416.0,189.0556,-1179.0,-32.75,-5256.0,-146.0,2.0
1758079580.23082,32207.0,176.92104,34128.0,187.47356,-2528.0,-70.22222,-5985.0,-166.25,2.0
1758079580.24777,32374.0,177.83841,33807.0,185.71024,-3874.0,-107.61111,-6650.0,-184.72223,2.0
1758079580.24889,32603.0,179.09636,33456.0,183.7821,-5045.0,-140.13889,-7089.0,-196.91667,2.0
1758079580.26377,32887.0,180.65643,33097.0,181.81001,-5980.0,-166.11111,-6971.0,-193.63889,2.0
1758079580.28106,33210.0,182.43077,32761.0,179.96429,-6600.0,-183.33333,-6363.0,-176.75,2.0
1758079580.28145,33557.0,184.33691,32463.0,178.32732,-7073.0,-196.47223,-5442.0,-151.16667,2.0
1758079580.3003,33931.0,186.3914,32225.0,177.01991,-7613.0,-211.47223,-4120.0,-114.44444,2.0
1758079580.30195,34321.0,188.53375,32054.0,176.08057,-7799.0,-216.63889,-2872.0,-79.77778,2.0
1758079580.31762,34732.0,190.79149,31940.0,175.45435,-8312.0,-230.88889,-1798.0,-49.94444,2.0
1758079580.31831,35163.0,193.15907,31879.0,175.11925,-8618.0,-239.38889,-779.0,-21.63889,2.0
1758079580.33376,35613.0,195.63103,31862.0,175.02586,-9101.0,-252.80556,-20.0,-0.55556,2.0
1758079580.3377,36079.0,198.19089,31865.0,175.04234,-9215.0,-255.97223,40.0,1.11111,2.0
1758079580.35271,36554.0,200.80019,31866.0,175.04784,-9477.0,-263.25,0.0,0.0,2.0
1758079580.36946,37035.0,203.44244,31866.0,175.04784,-9396.0,-261.0,0.0,0.0,2.0
1758079580.37168,37513.0,206.06822,31866.0,175.04784,-9412.0,-261.44446,0.0,0.0,2.0
1758079580.38684,37977.0,208.61707,31866.0,175.04784,-8925.0,-247.91667,0.0,0.0,2.0
1758079580.38754,38413.0,211.01213,31871.0,175.0753,-8294.0,-230.38889,195.0,5.41667,2.0
1758079580.40395,38814.0,213.21494,31890.0,175.17967,-7398.0,-205.5,446.0,12.38889,2.0
1758079580.41926,39164.0,215.13756,31921.0,175.34996,-6542.0,-181.72223,770.0,21.38889,2.0
1758079580.42172,39459.0,216.75807,31968.0,175.60815,-5274.0,-146.5,988.0,27.44444,2.0
1758079580.43792,39687.0,218.01053,32025.0,175.92126,-3907.0,-108.52778,1217.0,33.80556,2.0
1758079580.43835,39849.0,218.90044,32093.0,176.2948,-2682.0,-74.5,1385.0,38.47222,2.0
1758079580.4538,39951.0,219.46074,32165.0,176.69031,-1516.0,-42.11111,1425.0,39.58333,2.0
1758079580.46932,39998.0,219.71892,32238.0,177.09132,-536.0,-14.88889,1403.0,38.97222,2.0
1758079580.47062,40001.0,219.7354,32305.0,177.45937,213.0,5.91667,1297.0,36.02778,2.0
1758079580.48687,39977.0,219.60356,32364.0,177.78348,630.0,17.5,1077.0,29.91667,2.0
1758079580.48811,39931.0,219.35088,32413.0,178.05264,1131.0,31.41667,859.0,23.86111,2.0
1758079580.50287,39860.0,218.96086,32452.0,178.26689,1584.0,44.0,741.0,20.58333,2.0
1758079580.51953,39767.0,218.44998,32481.0,178.42619,2066.0,57.38889,435.0,12.08333,2.0
1758079580.51996,39650.0,217.80728,32498.0,178.51958,2504.0,69.55556,267.0,7.41667,2.0
1758079580.53585,39509.0,217.03273,32509.0,178.58,3013.0,83.69444,196.0,5.44444,2.0
1758079580.53699,39337.0,216.08791,32528.0,178.68437,3712.0,103.11111,528.0,14.66667,2.0
1758079580.55264,39127.0,214.93431,32566.0,178.89311,4498.0,124.94444,970.0,26.94444,2.0
1758079580.55491,38877.0,213.561,32632.0,179.25566,5272.0,146.44444,1523.0,42.30556,2.0
1758079580.57089,38588.0,211.97345,32726.0,179.77203,6072.0,168.66667,2005.0,55.69444,2.0
1758079580.58686,38253.0,210.13321,32836.0,180.37628,7001.0,194.47223,2214.0,61.5,2.0
1758079580.5876,37878.0,208.07324,32940.0,180.94759,7637.0,212.13889,1844.0,51.22222,2.0
1758079580.60284,37489.0,205.93636,33012.0,181.34309,7647.0,212.41667,992.0,27.55556,2.0
1758079580.60426,37120.0,203.90936,33030.0,181.44197,6936.0,192.66667,-159.0,-4.41667,2.0
1758079580.61995,36799.0,202.14603,33011.0,181.3376,5899.0,163.86111,-517.0,-14.36111,2.0
1758079580.63774,36530.0,200.66835,32968.0,181.10139,4810.0,133.61111,-1098.0,-30.5,2.0
1758079580.63818,36316.0,199.4928,32900.0,180.72786,3764.0,104.55556,-1530.0,-42.5,2.0
1758079580.65389,36149.0,198.57541,32811.0,180.23895,2972.0,82.55556,-1873.0,-52.02778,2.0
1758079580.65551,36013.0,197.82834,32715.0,179.71161,2525.0,70.13889,-1897.0,-52.69444,2.0
1758079580.67281,35889.0,197.14717,32628.0,179.23369,2442.0,67.83334,-1571.0,-43.63889,2.0
1758079580.68786,35763.0,196.45503,32561.0,178.86565,2562.0,71.16666,-1091.0,-30.30556,2.0
1758079580.68875,35627.0,195.70793,32525.0,178.66789,2786.0,77.38889,-421.0,-11.69444,2.0
1758079580.70388,35478.0,194.88945,32523.0,178.65691,3018.0,83.83334,126.0,3.5,2.0
1758079580.70678,35324.0,194.04349,32524.0,178.6624,3082.0,85.61111,0.0,0.0,2.0
1758079580.72192,35168.0,193.18654,32524.0,178.6624,3062.0,85.05556,0.0,0.0,2.0
1758079580.73875,35012.0,192.32961,32526.0,178.67339,3088.0,85.77778,37.0,1.02778,2.0
1758079580.74028,34849.0,191.43419,32532.0,178.70634,3284.0,91.22222,211.0,5.86111,2.0
1758079580.75596,34670.0,190.4509,32556.0,178.83818,3780.0,105.0,729.0,20.25,2.0
1758079580.75791,34460.0,189.29733,32618.0,179.17876,4429.0,123.02778,1593.0,44.25,2.0
1758079580.77289,34215.0,187.95148,32728.0,179.78302,5111.0,141.97223,2629.0,73.02778,2.0
1758079580.77541,33937.0,186.42436,32889.0,180.66742,5749.0,159.69444,3605.0,100.13889,2.0
1758079580.7909,33635.0,184.76538,33096.0,181.80452,6106.0,169.61111,4425.0,122.91666,2.0
1758079580.80699,33329.0,183.08446,33340.0,183.14488,5932.0,164.77777,5139.0,142.75,2.0
1758079580.80773,33038.0,181.48592,33617.0,184.6665,5541.0,153.91667,5716.0,158.77777,2.0
1758079580.82296,32775.0,180.0412,33918.0,186.31998,4893.0,135.91667,6133.0,170.36111,2.0
1758079580.82419,32552.0,178.81621,34242.0,188.09979,4023.0,111.75,6620.0,183.88889,2.0
1758079580.84073,32377.0,177.85489,34589.0,190.00595,3042.0,84.5,6977.0,193.80556,2.0
1758079580.85857,32248.0,177.14626,34948.0,191.97804,2172.0,60.33333,7203.0,200.08333,2.0
1758079580.85933,32162.0,176.67383,35321.0,194.02701,1340.0,37.22222,7479.0,207.75,2.0
1758079580.86699,32111.0,176.39368,35709.0,196.15837,781.0,21.69444,7779.0,216.08333,2.0
1758079580.88382,32086.0,176.25635,36109.0,198.35568,267.0,7.41667,8094.0,224.83333,2.0
1758079580.88677,32085.0,176.25085,36522.0,200.6244,-63.0,-1.75,8219.0,228.30556,2.0
1758079580.902,32086.0,176.25635,36940.0,202.92056,0.0,0.0,8307.0,230.75,2.0
1758079580.91891,32086.0,176.25635,37366.0,205.2607,2.0,0.05556,8407.0,233.52777,2.0
1758079580.92083,32086.0,176.25635,37788.0,207.57886,0.0,0.0,8246.0,229.05556,2.0
1758079580.93608,32089.0,176.27283,38197.0,209.82559,-125.0,-3.47222,7888.0,219.11111,2.0
1758079580.93767,32095.0,176.30579,38574.0,211.89655,-97.0,-2.69444,7166.0,199.05556,2.0
1758079580.953,32107.0,176.3717,38917.0,213.78073,-339.0,-9.41667,6457.0,179.36111,2.0
1758079580.95423,32131.0,176.50354,39214.0,215.41222,-553.0,-15.36111,5356.0,148.77777,2.0
1758079580.97317,32167.0,176.70129,39452.0,216.71962,-825.0,-22.91667,4226.0,117.38889,2.0
1758079580.97716,32220.0,176.99245,39635.0,217.72488,-1172.0,-32.55556,3156.0,87.66666,2.0
1758079580.993,32284.0,177.34401,39763.0,218.42801,-1318.0,-36.61111,2083.0,57.86111,2.0
1758079580.99423,32355.0,177.73404,39839.0,218.8455,-1427.0,-39.63889,1098.0,30.5,2.0
1758079581.0128,32425.0,178.11856,39871.0,219.02129,-1353.0,-37.58333,342.0,9.5,2.0
1758079581.01407,32491.0,178.48112,39871.0,219.02129,-1247.0,-34.63889,-139.0,-3.86111,2.0
1758079581.03092,32547.0,178.78874,39860.0,218.96086,-993.0,-27.58333,-289.0,-8.02778,2.0
1758079581.04708,32594.0,179.04692,39840.0,218.851,-857.0,-23.80556,-441.0,-12.25,2.0
1758079581.04796,32632.0,179.25566,39811.0,218.6917,-672.0,-18.66667,-701.0,-19.47222,2.0
1758079581.06303,32660.0,179.40947,39767.0,218.44998,-483.0,-13.41667,-1030.0,-28.61111,2.0
1758079581.06435,32682.0,179.53032,39702.0,218.09293,-439.0,-12.19444,-1418.0,-39.38889,2.0
1758079581.08278,32714.0,179.70612,39615.0,217.61502,-800.0,-22.22222,-1973.0,-54.80556,2.0
1758079581.09809,32768.0,180.00275,39495.0,216.95583,-1227.0,-34.08333,-2717.0,-75.47222,2.0
1758079581.0992,32845.0,180.42572,39335.0,216.07692,-1740.0,-48.33333,-3494.0,-97.05556,2.0
1758079581.11415,32945.0,180.97505,39135.0,214.97826,-2087.0,-57.97222,-4264.0,-118.44444,2.0
1758079581.11493,33054.0,181.57381,38894.0,213.65439,-2114.0,-58.72222,-5125.0,-142.36111,2.0
1758079581.13209,33160.0,182.15611,38608.0,212.08331,-2090.0,-58.05556,-6007.0,-166.86111,2.0
1758079581.14716,33266.0,182.73839,38276.0,210.25957,-2125.0,-59.02778,-6945.0,-192.91667,2.0
1758079581.14794,33373.0,183.32616,37907.0,208.23254,-2104.0,-58.44444,-7425.0,-206.25,2.0
1758079581.164,33470.0,183.85901,37550.0,206.27147,-1675.0,-46.52778,-6706.0,-186.27777,2.0
1758079581.16683,33532.0,184.19958,37231.0,204.5191,-787.0,-21.86111,-5950.0,-165.27777,2.0
1758079581.18218,33538.0,184.23254,36963.0,203.04691,355.0,9.86111,-4789.0,-133.02777,2.0
1758079581.19815,33491.0,183.97437,36760.0,201.93179,1371.0,38.08333,-3462.0,-96.16666,2.0
1758079581.19895,33395.0,183.44701,36616.0,201.14076,2302.0,63.94444,-2434.0,-67.61111,2.0
1758079581.22007,33263.0,182.72191,36513.0,200.57497,2832.0,78.66666,-1757.0,-48.80556,2.0
1758079581.22324,33115.0,181.90889,36435.0,200.14648,2912.0,80.88889,-1391.0,-38.63889,2.0
1758079581.23822,32975.0,181.13985,36366.0,199.76746,2634.0,73.16666,-1379.0,-38.30556,2.0
1758079581.23893,32858.0,180.49713,36289.0,199.34448,2033.0,56.47222,-1612.0,-44.77778,2.0
1758079581.25413,32779.0,180.06317,36193.0,198.81711,1217.0,33.80556,-2148.0,-59.66667,2.0
1758079581.25496,32743.0,179.86542,36061.0,198.09201,304.0,8.44444,-2976.0,-82.66666,2.0
1758079581.27022,32757.0,179.94232,35885.0,197.1252,-628.0,-17.44444,-3886.0,-107.94444,2.0
1758079581.28619,32816.0,180.26642,35659.0,195.88371,-1599.0,-44.41667,-4904.0,-136.22223,2.0
1758079581.28699,32930.0,180.89265,35380.0,194.3511,-2750.0,-76.38889,-5993.0,-166.47223,2.0
1758079581.30298,33102.0,181.83748,35055.0,192.56581,-3809.0,-105.80556,-6685.0,-185.69444,2.0
1758079581.30423,33321.0,183.04051,34703.0,190.63219,-4616.0,-128.22223,-7164.0,-199.0,2.0
1758079581.32336,33572.0,184.41931,34332.0,188.59418,-5187.0,-144.08333,-7393.0,-205.36111,2.0
1758079581.32461,33848.0,185.93546,33960.0,186.5507,-5581.0,-155.02777,-7218.0,-200.5,2.0
1758079581.34336,34136.0,187.5175,33609.0,184.62256,-5754.0,-159.83333,-6752.0,-187.55556,2.0
1758079581.34464,34429.0,189.12701,33286.0,182.84825,-5853.0,-162.58333,-6019.0,-167.19444,2.0
1758079581.36021,34731.0,190.786,33013.0,181.34859,-6033.0,-167.58333,-4949.0,-137.47223,2.0
1758079581.37633,35043.0,192.49989,32787.0,180.10712,-6266.0,-174.05556,-4055.0,-112.63889,2.0
1758079581.377,35370.0,194.29617,32603.0,179.09636,-6636.0,-184.33333,-3300.0,-91.66666,2.0
1758079581.39402,35721.0,196.22432,32457.0,178.29436,-7164.0,-199.0,-2642.0,-73.38889,2.0
1758079581.39484,36091.0,198.25681,32341.0,177.65714,-7391.0,-205.30556,-2038.0,-56.61111,2.0
1758079581.41018,36478.0,200.38269,32251.0,177.16273,-7889.0,-219.13889,-1503.0,-41.75,2.0
1758079581.42702,36890.0,202.6459,32187.0,176.81116,-8123.0,-225.63889,-1087.0,-30.19444,2.0
1758079581.42786,37307.0,204.9366,32146.0,176.58594,-8394.0,-233.16667,-596.0,-16.55556,2.0
1758079581.44409,37737.0,207.29869,32131.0,176.50354,-8449.0,-234.69444,-79.0,-2.19444,2.0
1758079581.44742,38165.0,209.64981,32131.0,176.50354,-8461.0,-235.02777,0.0,0.0,2.0
1758079581.46403,38596.0,212.0174,32131.0,176.50354,-8431.0,-234.19444,0.0,0.0,2.0
1758079581.46695,39010.0,214.2916,32134.0,176.52002,-8011.0,-222.52777,67.0,1.86111,2.0
1758079581.48232,39404.0,216.45595,32136.0,176.53101,-7589.0,-210.80556,28.0,0.77778,2.0
1758079581.49835,39757.0,218.39505,32142.0,176.56396,-6494.0,-180.38889,174.0,4.83333,2.0
1758079581.50041,40058.0,220.04851,32154.0,176.62988,-5529.0,-153.58333,258.0,7.16667,2.0
1758079581.51525,40302.0,221.38887,32176.0,176.75073,-4299.0,-119.41666,533.0,14.80556,2.0
1758079581.51805,40479.0,222.36118,32210.0,176.93752,-2939.0,-81.63889,736.0,20.44444,2.0
1758079581.53331,40591.0,222.97644,32248.0,177.14626,-1652.0,-45.88889,726.0,20.16667,2.0
1758079581.53447,40641.0,223.2511,32286.0,177.355,-522.0,-14.5,755.0,20.97222,2.0
1758079581.55025,40640.0,223.24561,32325.0,177.56924,350.0,9.72222,727.0,20.19444,2.0
1758079581.56626,40606.0,223.05884,32357.0,177.74503,910.0,25.27778,515.0,14.30556,2.0
1758079581.56707,40543.0,222.71274,32378.0,177.86038,1503.0,41.75,294.0,8.16667,2.0
1758079581.58241,40454.0,222.22385,32384.0,177.89334,1980.0,55.0,0.0,0.0,2.0
1758079581.59837,40339.0,221.59213,32380.0,177.87137,2487.0,69.08334,-72.0,-2.0,2.0
1758079581.59913,40197.0,220.81209,32379.0,177.86588,2999.0,83.30556,2.0,0.05556,2.0
1758079581.61432,40031.0,219.90019,32381.0,177.87686,3525.0,97.91666,26.0,0.72222,2.0
1758079581.61609,39835.0,218.82353,32385.0,177.89883,4149.0,115.25,141.0,3.91667,2.0
1758079581.63127,39605.0,217.56009,32402.0,177.99222,4916.0,136.55556,501.0,13.91667,2.0
1758079581.64833,39331.0,216.05495,32443.0,178.21744,5821.0,161.69444,1054.0,29.27778,2.0
1758079581.64961,39014.0,214.31357,32507.0,178.56902,6566.0,182.38889,1391.0,38.63889,2.0
1758079581.6643,38659.0,212.36346,32583.0,178.9865,7396.0,205.44444,1515.0,42.08333,2.0
1758079581.6651,38258.0,210.16068,32655.0,179.382,8300.0,230.55556,1291.0,35.86111,2.0
1758079581.68033,37828.0,207.79858,32713.0,179.70062,8426.0,234.05556,954.0,26.5,2.0
1758079581.69821,37404.0,205.46944,32744.0,179.87091,8281.0,230.02777,297.0,8.25,2.0
1758079581.69873,37001.0,203.25568,32740.0,179.84894,7614.0,211.5,-197.0,-5.47222,2.0
1758079581.71435,36639.0,201.26711,32728.0,179.78302,6867.0,190.75,-331.0,-9.19444,2.0
1758079581.71751,36320.0,199.51477,32707.0,179.66766,5800.0,161.11111,-446.0,-12.38889,2.0
1758079581.73335,36063.0,198.103,32678.0,179.50835,4492.0,124.77778,-679.0,-18.86111,2.0
1758079581.73455,35868.0,197.03181,32640.0,179.29961,3379.0,93.86111,-802.0,-22.27778,2.0
1758079581.75034,35718.0,196.20784,32595.0,179.05241,2680.0,74.44444,-912.0,-25.33333,2.0
1758079581.76636,35587.0,195.4882,32563.0,178.87663,2651.0,73.63889,-329.0,-9.13889,2.0
1758079581.76714,35440.0,194.68069,32572.0,178.92607,3174.0,88.16666,436.0,12.11111,2.0
1758079581.78234,35258.0,193.68094,32623.0,179.20622,3959.0,109.97222,1504.0,41.77778,2.0
1758079581.79838,35031.0,192.43398,32740.0,179.84894,4915.0,136.52777,2924.0,81.22222,2.0
1758079581.79985,34755.0,190.91783,32924.0,180.8597,5856.0,162.66667,4129.0,114.69444,2.0
1758079581.8144,34439.0,189.18198,33160.0,182.15611,6474.0,179.83333,5053.0,140.36111,2.0
1758079581.81518,34104.0,187.34172,33435.0,183.66675,6703.0,186.19444,5697.0,158.25,2.0
1758079581.83045,33768.0,185.496,33734.0,185.30923,6490.0,180.27777,6015.0,167.08333,2.0
1758079581.84637,33458.0,183.79309,34045.0,187.01762,5768.0,160.22223,6238.0,173.27777,2.0
1758079581.84714,33195.0,182.34837,34364.0,188.76996,4777.0,132.69444,6364.0,176.77777,2.0
1758079581.86239,32981.0,181.17281,34690.0,190.56078,3812.0,105.88889,6476.0,179.88889,2.0
1758079581.87839,32818.0,180.2774,35019.0,192.36806,2829.0,78.58334,6541.0,181.69444,2.0
1758079581.87922,32696.0,179.60722,35354.0,194.20828,2072.0,57.55556,6679.0,185.52777,2.0
1758079581.89443,32608.0,179.12383,35697.0,196.09245,1549.0,43.02778,6847.0,190.19444,2.0
1758079581.89522,32539.0,178.7448,36049.0,198.02609,1213.0,33.69444,7078.0,196.61111,2.0
1758079581.91042,32481.0,178.42619,36417.0,200.04761,1106.0,30.72222,7350.0,204.16667,2.0
1758079581.92645,32430.0,178.14603,36793.0,202.11307,993.0,27.58333,7535.0,209.30556,2.0
1758079581.92769,32380.0,177.87137,37181.0,204.24445,964.0,26.77778,7759.0,215.52777,2.0
1758079581.94246,32330.0,177.59671,37575.0,206.4088,995.0,27.63889,7734.0,214.83333,2.0
1758079581.95844,32282.0,177.33302,37968.0,208.56763,948.0,26.33333,7799.0,216.63889,2.0
1758079581.95924,32234.0,177.06935,38355.0,210.69353,921.0,25.58333,7530.0,209.16667,2.0
1758079581.97452,32189.0,176.82214,38725.0,212.72601,855.0,23.75,7175.0,199.30556,2.0
1758079581.97649,32157.0,176.64636,39076.0,214.65416,453.0,12.58333,6654.0,184.83333,2.0
1758079581.99224,32142.0,176.56396,39388.0,216.36806,225.0,6.25,5807.0,161.30556,2.0
1758079582.00851,32139.0,176.54749,39657.0,217.84573,-56.0,-1.55556,4913.0,136.47223,2.0
1758079582.00975,32146.0,176.58594,39875.0,219.04326,-163.0,-4.52778,3807.0,105.75,2.0
1758079582.02452,32158.0,176.65186,40033.0,219.91118,-293.0,-8.13889,2566.0,71.27778,2.0
1758079582.02563,32179.0,176.76721,40127.0,220.42757,-513.0,-14.25,1371.0,38.08333,2.0
1758079582.04392,32210.0,176.93752,40161.0,220.61433,-642.0,-17.83333,150.0,4.16667,2.0
1758079582.04504,32243.0,177.11879,40147.0,220.53743,-621.0,-17.25,-464.0,-12.88889,2.0
1758079582.06047,32272.0,177.27809,40111.0,220.33968,-520.0,-14.44444,-904.0,-25.11111,2.0
1758079582.07817,32295.0,177.40443,40057.0,220.04301,-416.0,-11.55556,-1200.0,-33.33333,2.0
1758079582.0789,32315.0,177.5143,39983.0,219.63652,-373.0,-10.36111,-1642.0,-45.61111,2.0
1758079582.09459,32335.0,177.62418,39887.0,219.10918,-407.0,-11.30556,-2024.0,-56.22222,2.0
1758079582.09583,32353.0,177.72305,39773.0,218.48294,-280.0,-7.77778,-2423.0,-67.30556,2.0
1758079582.11134,32364.0,177.78348,39640.0,217.75235,-163.0,-4.52778,-2775.0,-77.08334,2.0
1758079582.12758,32370.0,177.81644,39488.0,216.91737,-107.0,-2.97222,-3190.0,-88.61111,2.0
1758079582.12829,32378.0,177.86038,39313.0,215.95607,-252.0,-7.0,-3719.0,-103.30556,2.0
1758079582.14353,32398.0,177.97025,39105.0,214.81346,-463.0,-12.86111,-4410.0,-122.5,2.0
1758079582.14481,32427.0,178.12955,38861.0,213.47311,-630.0,-17.5,-5080.0,-141.11111,2.0
1758079582.16142,32460.0,178.31084,38584.0,211.95148,-669.0,-18.58333,-5744.0,-159.55556,2.0
1758079582.17756,32496.0,178.50859,38272.0,210.23759,-721.0,-20.02778,-6549.0,-181.91667,2.0
1758079582.17833,32529.0,178.68987,37911.0,208.25452,-615.0,-17.08333,-7633.0,-212.02777,2.0
1758079582.19357,32565.0,178.88762,37507.0,206.03526,-800.0,-22.22222,-8141.0,-226.13889,2.0
1758079582.1948,32608.0,179.12383,37093.0,203.76105,-798.0,-22.16667,-8072.0,-224.22223,2.0
1758079582.21057,32634.0,179.26665,36705.0,201.62965,-236.0,-6.55556,-7260.0,-201.66667,2.0
1758079582.22662,32629.0,179.23918,36365.0,199.76196,355.0,9.86111,-6333.0,-175.91667,2.0
1758079582.22734,32590.0,179.02495,36070.0,198.14145,1120.0,31.11111,-5421.0,-150.58333,2.0
1758079582.24267,32513.0,178.60197,35826.0,196.8011,1815.0,50.41667,-4451.0,-123.63889,2.0
1758079582.25858,32406.0,178.01419,35622.0,195.68047,2293.0,63.69444,-3763.0,-104.52778,2.0
1758079582.25937,32284.0,177.34401,35442.0,194.69168,2414.0,67.05556,-3479.0,-96.63889,2.0
1758079582.27861,32169.0,176.71228,35266.0,193.72488,2088.0,58.0,-3487.0,-96.86111,2.0
1758079582.2792,32081.0,176.22888,35082.0,192.71413,1396.0,38.77778,-3725.0,-103.47222,2.0
1758079582.29463,32038.0,175.99268,34884.0,191.62645,428.0,11.88889,-4070.0,-113.05556,2.0
1758079582.29538,32044.0,176.02563,34668.0,190.43991,-449.0,-12.47222,-4433.0,-123.13889,2.0
1758079582.31065,32091.0,176.28381,34430.0,189.13251,-1311.0,-36.41667,-4946.0,-137.38889,2.0
1758079582.32665,32182.0,176.78369,34163.0,187.66582,-2178.0,-60.5,-5509.0,-153.02777,2.0
1758079582.32745,32320.0,177.54178,33869.0,186.05081,-3120.0,-86.66666,-6000.0,-166.66667,2.0
1758079582.34259,32503.0,178.54704,33548.0,184.28748,-3972.0,-110.33334,-6578.0,-182.72223,2.0
1758079582.35859,32724.0,179.76105,33211.0,182.43626,-4656.0,-129.33333,-6664.0,-185.11111,2.0
1758079582.35987,32977.0,181.15083,32877.0,180.6015,-5215.0,-144.86111,-6547.0,-181.86111,2.0
1758079582.37465,33250.0,182.6505,32554.0,178.82719,-5520.0,-153.33333,-6178.0,-171.61111,2.0
1758079582.3754,33538.0,184.23254,32261.0,177.21767,-5852.0,-162.55556,-5413.0,-150.36111,2.0
1758079582.39069,33845.0,185.91898,32012.0,175.84985,-6211.0,-172.52777,-4538.0,-126.05556,2.0
1758079582.4067,34172.0,187.71526,31808.0,174.72923,-6617.0,-183.80556,-3611.0,-100.30556,2.0
1758079582.408,34520.0,189.62692,31651.0,173.86679,-7104.0,-197.33333,-2726.0,-75.72222,2.0
1758079582.42275,34899.0,191.70885,31535.0,173.22957,-7732.0,-214.77777,-1998.0,-55.5,2.0
1758079582.43873,35307.0,193.9501,31454.0,172.78462,-8223.0,-228.41667,-1293.0,-35.91667,2.0
1758079582.43944,35740.0,196.32869,31406.0,172.52094,-8817.0,-244.91667,-720.0,-20.0,2.0
1758079582.45476,36189.0,198.79514,31384.0,172.40009,-8962.0,-248.94444,-194.0,-5.38889,2.0
1758079582.45544,36653.0,201.34401,31385.0,172.40558,-9323.0,-258.97223,36.0,1.0,2.0
1758079582.47079,37122.0,203.92035,31386.0,172.41107,-9309.0,-258.58334,0.0,0.0,2.0
1758079582.48673,37596.0,206.52415,31386.0,172.41107,-9399.0,-261.08334,0.0,0.0,2.0
1758079582.48753,38050.0,209.0181,31391.0,172.43854,-8718.0,-242.16667,169.0,4.69444,2.0
1758079582.50275,38475.0,211.35271,31403.0,172.50446,-8172.0,-227.0,355.0,9.86111,2.0
1758079582.51879,38856.0,213.44565,31428.0,172.6418,-7049.0,-195.80556,635.0,17.63889,2.0
1758079582.52206,39183.0,215.24193,31470.0,172.87251,-5986.0,-166.27777,993.0,27.58333,2.0
1758079582.53852,39447.0,216.69215,31534.0,173.22408,-4613.0,-128.13889,1445.0,40.13889,2.0
1758079582.53927,39640.0,217.75235,31615.0,173.66904,-3234.0,-89.83334,1699.0,47.19444,2.0
1758079582.55551,39765.0,218.439,31708.0,174.1799,-1980.0,-55.0,1888.0,52.44444,2.0
1758079582.55627,39833.0,218.81255,31807.0,174.72372,-880.0,-24.44444,1957.0,54.36111,2.0
1758079582.57177,39853.0,218.92241,31901.0,175.2401,-65.0,-1.80556,1795.0,49.86111,2.0
1758079582.58779,39841.0,218.85649,31987.0,175.71252,406.0,11.27778,1557.0,43.25,2.0
1758079582.58891,39812.0,218.69719,32058.0,176.10254,742.0,20.61111,1283.0,35.63889,2.0
1758079582.60377,39762.0,218.42252,32114.0,176.41016,1156.0,32.11111,940.0,26.11111,2.0
1758079582.60494,39695.0,218.05447,32155.0,176.63538,1505.0,41.80556,684.0,19.0,2.0
1758079582.62089,39606.0,217.56558,32182.0,176.78369,1953.0,54.25,461.0,12.80556,2.0
1758079582.63785,39494.0,216.95033,32208.0,176.92653,2418.0,67.16666,567.0,15.75,2.0
1758079582.63826,39352.0,216.1703,32242.0,177.1133,3121.0,86.69444,741.0,20.58333,2.0
1758079582.65369,39171.0,215.17601,32290.0,177.37697,3949.0,109.69444,1139.0,31.63889,2.0
1758079582.65493,38947.0,213.94553,32363.0,177.77798,4798.0,133.27777,1641.0,45.58333,2.0
1758079582.67277,38680.0,212.47882,32460.0,178.31084,5658.0,157.16667,2110.0,58.61111,2.0
1758079582.68775,38368.0,210.76494,32572.0,178.92607,6591.0,183.08333,2207.0,61.30556,2.0
1758079582.68919,38013.0,208.81482,32677.0,179.50285,7364.0,204.55556,1922.0,53.38889,2.0
1758079582.70375,37634.0,206.73289,32761.0,179.96429,7461.0,207.25,1340.0,37.22222,2.0
1758079582.70658,37260.0,204.67842,32804.0,180.2005,7247.0,201.30556,459.0,12.75,2.0
1758079582.72279,36918.0,202.79971,32801.0,180.18402,6338.0,176.05556,-250.0,-6.94444,2.0
1758079582.73885,36623.0,201.17921,32781.0,180.07416,5461.0,151.69444,-539.0,-14.97222,2.0
1758079582.74082,36375.0,199.81689,32741.0,179.85443,4498.0,124.94444,-1016.0,-28.22222,2.0
1758079582.75863,36173.0,198.70724,32680.0,179.51933,3632.0,100.88889,-1314.0,-36.5,2.0
1758079582.75973,36010.0,197.81186,32612.0,179.1458,2926.0,81.27778,-1363.0,-37.86111,2.0
1758079582.77479,35877.0,197.08125,32545.0,178.77776,2335.0,64.86111,-1223.0,-33.97222,2.0
1758079582.77558,35773.0,196.50996,32491.0,178.48112,1889.0,52.47222,-926.0,-25.72222,2.0
1758079582.79086,35682.0,196.01006,32454.0,178.27788,1750.0,48.61111,-547.0,-15.19444,2.0
1758079582.80784,35585.0,195.47722,32448.0,178.24492,2122.0,58.94444,198.0,5.5,2.0
1758079582.80859,35455.0,194.76309,32470.0,178.36577,2992.0,83.11111,716.0,19.88889,2.0
1758079582.82378,35271.0,193.75235,32540.0,178.75029,4183.0,116.19444,1977.0,54.91667,2.0
1758079582.82507,35022.0,192.38454,32687.0,179.55779,5502.0,152.83333,3610.0,100.27778,2.0
1758079582.8418,34709.0,190.66515,32913.0,180.79927,6664.0,185.11111,5066.0,140.72223,2.0
1758079582.85786,34347.0,188.67657,33203.0,182.39232,7449.0,206.91667,6218.0,172.72223,2.0
1758079582.85868,33961.0,186.5562,33544.0,184.2655,7737.0,214.91667,7047.0,195.75,2.0
1758079582.87387,33572.0,184.41931,33911.0,186.28152,7470.0,207.5,7340.0,203.88889,2.0
1758079582.87511,33219.0,182.48021,34285.0,188.336,6577.0,182.69444,7474.0,207.61111,2.0
1758079582.89088,32916.0,180.81575,34660.0,190.39597,5525.0,153.47223,7328.0,203.55556,2.0
1758079582.90692,32670.0,179.4644,35028.0,192.4175,4346.0,120.72222,7214.0,200.38889,2.0
1758079582.90797,32480.0,178.4207,35393.0,194.42252,3339.0,92.75,7244.0,201.22223,2.0
1758079582.92288,32336.0,177.62967,35758.0,196.42757,2536.0,70.44444,7208.0,200.22223,2.0
1758079582.94144,32226.0,177.02541,36132.0,198.48203,1931.0,53.63889,7567.0,210.19444,2.0
1758079582.94363,32141.0,176.55847,36524.0,200.63539,1502.0,41.72222,7890.0,219.16667,2.0
1758079582.95893,32072.0,176.17944,36931.0,202.87112,1231.0,34.19444,8213.0,228.13889,2.0
1758079582.96049,32015.0,175.86633,37363.0,205.24422,1030.0,28.61111,8663.0,240.63889,2.0
1758079582.97771,31965.0,175.59167,37808.0,207.68872,979.0,27.19444,8902.0,247.27777,2.0
1758079582.97817,31919.0,175.33897,38270.0,210.22659,814.0,22.61111,9180.0,255.0,2.0
1758079582.99382,31880.0,175.12474,38735.0,212.78094,733.0,20.36111,9183.0,255.08333,2.0
1758079582.99752,31854.0,174.98192,39197.0,215.31883,313.0,8.69444,8914.0,247.61111,2.0
1758079583.01366,31849.0,174.95445,39633.0,217.7139,-43.0,-1.19444,8362.0,232.27777,2.0
1758079583.01737,31857.0,174.9984,40038.0,219.93864,-217.0,-6.02778,7651.0,212.52777,2.0
1758079583.03287,31880.0,175.12474,40391.0,221.87778,-643.0,-17.86111,6484.0,180.11111,2.0
1758079583.04893,31926.0,175.37743,40685.0,223.4928,-1093.0,-30.36111,5320.0,147.77777,2.0
1758079583.05098,31997.0,175.76746,40916.0,224.76173,-1603.0,-44.52778,4037.0,112.13889,2.0
1758079583.06677,32092.0,176.28931,41084.0,225.68459,-2054.0,-57.05556,2790.0,77.5,2.0
1758079583.0679,32206.0,176.91554,41194.0,226.28885,-2372.0,-65.88889,1732.0,48.11111,2.0
1758079583.08298,32330.0,177.59671,41253.0,226.61295,-2515.0,-69.86111,809.0,22.47222,2.0
1758079583.09894,32459.0,178.30534,41269.0,226.70084,-2533.0,-70.36111,6.0,0.16667,2.0
1758079583.10008,32587.0,179.00847,41257.0,226.63492,-2504.0,-69.55556,-333.0,-9.25,2.0
1758079583.11495,32711.0,179.68964,41234.0,226.50858,-2354.0,-65.38889,-515.0,-14.30556,2.0
1758079583.11637,32825.0,180.31586,41200.0,226.32181,-2134.0,-59.27778,-779.0,-21.63889,2.0
1758079583.1309,32927.0,180.87617,41151.0,226.05264,-1939.0,-53.86111,-1081.0,-30.02778,2.0
1758079583.14699,33028.0,181.43098,41086.0,225.69557,-2082.0,-57.83333,-1473.0,-40.91667,2.0
1758079583.14824,33136.0,182.02425,40994.0,225.1902,-2237.0,-62.13889,-2096.0,-58.22222,2.0
1758079583.16295,33255.0,182.67796,40864.0,224.47609,-2419.0,-67.19444,-2922.0,-81.16666,2.0
1758079583.17895,33377.0,183.34813,40696.0,223.55322,-2383.0,-66.19444,-3630.0,-100.83334,2.0
1758079583.17973,33496.0,184.00183,40491.0,222.42709,-2285.0,-63.47222,-4344.0,-120.66666,2.0
1758079583.19617,33606.0,184.60608,40249.0,221.09773,-2094.0,-58.16667,-5107.0,-141.86111,2.0
1758079583.19657,33711.0,185.18289,39961.0,219.51567,-2021.0,-56.13889,-6159.0,-171.08333,2.0
1758079583.21196,33813.0,185.74319,39617.0,217.62601,-1998.0,-55.5,-7265.0,-201.80556,2.0
1758079583.22791,33914.0,186.298,39225.0,215.47264,-1989.0,-55.25,-8147.0,-226.30556,2.0
1758079583.22914,34010.0,186.82536,38797.0,213.12155,-1790.0,-49.72222,-8634.0,-239.83333,2.0
1758079583.24397,34088.0,187.25383,38370.0,210.77592,-1265.0,-35.13889,-8277.0,-229.91667,2.0
1758079583.24682,34127.0,187.46806,37959.0,208.51819,-389.0,-10.80556,-7914.0,-219.83333,2.0
1758079583.26295,34122.0,187.4406,37575.0,206.4088,448.0,12.44444,-7254.0,-201.5,2.0
1758079583.27901,34078.0,187.1989,37225.0,204.48615,1222.0,33.94444,-6689.0,-185.80556,2.0
1758079583.27974,33996.0,186.74846,36908.0,202.74478,1876.0,52.11111,-5936.0,-164.88889,2.0
1758079583.29496,33888.0,186.15518,36632.0,201.22865,2315.0,64.30556,-5102.0,-141.72223,2.0
1758079583.29576,33766.0,185.48502,36387.0,199.88281,2465.0,68.47222,-4639.0,-128.86111,2.0
1758079583.31096,33644.0,184.81482,36154.0,198.60287,2360.0,65.55556,-4611.0,-128.08333,2.0
1758079583.32701,33539.0,184.23804,35906.0,197.24055,1821.0,50.58333,-5117.0,-142.13889,2.0
1758079583.3282,33475.0,183.88647,35624.0,195.69145,775.0,21.52778,-5969.0,-165.80556,2.0
1758079583.34303,33475.0,183.88647,35294.0,193.87869,-554.0,-15.38889,-6946.0,-192.94444,2.0
1758079583.35896,33538.0,184.23254,34920.0,191.8242,-1731.0,-48.08333,-7671.0,-213.08333,2.0
1758079583.36018,33656.0,184.88074,34517.0,189.61044,-2794.0,-77.61111,-8230.0,-228.61111,2.0
1758079583.37497,33821.0,185.78714,34090.0,187.26482,-3629.0,-100.80556,-8443.0,-234.52777,2.0
1758079583.37613,34024.0,186.90227,33667.0,184.94119,-4238.0,-117.72222,-8202.0,-227.83333,2.0
1758079583.39293,34253.0,188.16022,33265.0,182.73289,-4680.0,-130.0,-7576.0,-210.44444,2.0
1758079583.40801,34501.0,189.52255,32920.0,180.83772,-5036.0,-139.88889,-6282.0,-174.5,2.0
1758079583.40874,34766.0,190.97826,32639.0,179.29411,-5379.0,-149.41667,-5003.0,-138.97223,2.0
1758079583.42405,35051.0,192.54384,32425.0,178.11856,-5845.0,-162.36111,-3662.0,-101.72222,2.0
1758079583.42696,35365.0,194.26871,32275.0,177.29457,-6506.0,-180.72223,-2452.0,-68.11111,2.0
1758079583.44301,35718.0,196.20784,32176.0,176.75073,-7318.0,-203.27777,-1551.0,-43.08333,2.0
1758079583.45901,36109.0,198.35568,32120.0,176.44312,-7861.0,-218.36111,-809.0,-22.47222,2.0
1758079583.4598,36530.0,200.66835,32092.0,176.28931,-8622.0,-239.5,-344.0,-9.55556,2.0
1758079583.47501,36983.0,203.15677,32081.0,176.22888,-9120.0,-253.33333,-143.0,-3.97222,2.0
1758079583.47582,37463.0,205.79353,32079.0,176.2179,-9699.0,-269.41666,0.0,0.0,2.0
1758079583.491,37959.0,208.51819,32079.0,176.2179,-9780.0,-271.66666,0.0,0.0,2.0
1758079583.50708,38461.0,211.2758,32079.0,176.2179,-9991.0,-277.52777,0.0,0.0,2.0
1758079583.50825,38952.0,213.97299,32080.0,176.22339,-9479.0,-263.30554,15.0,0.41667,2.0
1758079583.52308,39417.0,216.52736,32081.0,176.22888,-8952.0,-248.66667,0.0,0.0,2.0
1758079583.53904,39832.0,218.80705,32084.0,176.24536,-7667.0,-212.97223,113.0,3.13889,2.0
1758079583.53997,40183.0,220.73518,32098.0,176.32227,-6333.0,-175.91667,402.0,11.16667,2.0
1758079583.55777,40459.0,222.25131,32129.0,176.49255,-4727.0,-131.30556,772.0,21.44444,2.0
1758079583.55813,40650.0,223.30054,32182.0,176.78369,-3057.0,-84.91666,1225.0,34.02778,2.0
1758079583.57403,40763.0,223.92126,32251.0,177.16273,-1586.0,-44.05556,1386.0,38.5,2.0
1758079583.57876,40804.0,224.14648,32324.0,177.56375,-247.0,-6.86111,1478.0,41.05556,2.0
1758079583.59402,40787.0,224.0531,32396.0,177.95926,696.0,19.33333,1326.0,36.83333,2.0
1758079583.59881,40732.0,223.75098,32459.0,178.30534,1369.0,38.02778,1181.0,32.80556,2.0
1758079583.61408,40643.0,223.26208,32508.0,178.57451,2003.0,55.63889,803.0,22.30556,2.0
1758079583.61858,40524.0,222.60837,32541.0,178.75578,2600.0,72.22222,478.0,13.27778,2.0
1758079583.6341,40377.0,221.80087,32556.0,178.83818,3184.0,88.44444,181.0,5.02778,2.0
1758079583.63618,40199.0,220.82307,32560.0,178.86015,3774.0,104.83334,26.0,0.72222,2.0
1758079583.65211,39989.0,219.66948,32565.0,178.88762,4453.0,123.69444,208.0,5.77778,2.0
1758079583.66815,39744.0,218.32364,32585.0,178.99748,5166.0,143.5,500.0,13.88889,2.0
1758079583.66951,39460.0,216.76357,32621.0,179.19524,5995.0,166.52777,836.0,23.22222,2.0
1758079583.68677,39129.0,214.9453,32672.0,179.47539,6898.0,191.61111,1151.0,31.97222,2.0
1758079583.6875,38762.0,212.92926,32732.0,179.80499,7499.0,208.30556,1120.0,31.11111,2.0
1758079583.70312,38357.0,210.70451,32776.0,180.04669,8393.0,233.13889,655.0,18.19444,2.0
1758079583.71918,37923.0,208.32043,32795.0,180.15106,8538.0,237.16667,159.0,4.41667,2.0
1758079583.72166,37503.0,206.01326,32792.0,180.13458,8191.0,227.52777,-157.0,-4.36111,2.0
1758079583.73798,37113.0,203.87091,32776.0,180.04669,7269.0,201.91667,-460.0,-12.77778,2.0
1758079583.73879,36777.0,202.02518,32736.0,179.82697,6142.0,170.61111,-1068.0,-29.66667,2.0
1758079583.75412,36495.0,200.47609,32668.0,179.45341,5109.0,141.91667,-1552.0,-43.11111,2.0
1758079583.75618,36265.0,199.21265,32580.0,178.97002,4142.0,115.05556,-1886.0,-52.38889,2.0
1758079583.77299,36075.0,198.16891,32484.0,178.44267,3481.0,96.69444,-1911.0,-53.08333,2.0
1758079583.78916,35907.0,197.24605,32391.0,177.93179,3207.0,89.08334,-1659.0,-46.08333,2.0
1758079583.79076,35745.0,196.35616,32319.0,177.53627,3176.0,88.22222,-1231.0,-34.19444,2.0
1758079583.80918,35580.0,195.44975,32277.0,177.30556,3347.0,92.97222,-457.0,-12.69444,2.0
1758079583.8112,35403.0,194.47745,32276.0,177.30006,3575.0,99.30556,210.0,5.83333,2.0
1758079583.82695,35213.0,193.43375,32298.0,177.42091,3892.0,108.11111,604.0,16.77778,2.0
1758079583.8278,35006.0,192.29665,32344.0,177.67361,4278.0,118.83334,1161.0,32.25,2.0
1758079583.84399,34774.0,191.0222,32423.0,178.10757,4877.0,135.47223,1948.0,54.11111,2.0
1758079583.84683,34509.0,189.5665,32551.0,178.81071,5509.0,153.02777,2971.0,82.52778,2.0
1758079583.86216,34216.0,187.95697,32735.0,179.82147,5960.0,165.55556,4102.0,113.94444,2.0
1758079583.87814,33903.0,186.23758,32970.0,181.11238,6324.0,175.66667,5060.0,140.55556,2.0
1758079583.87901,33585.0,184.49072,33249.0,182.645,6182.0,171.72223,5834.0,162.05556,2.0
1758079583.89415,33287.0,182.85374,33567.0,184.39185,5604.0,155.66667,6628.0,184.11111,2.0
1758079583.89621,33023.0,181.40352,33919.0,186.32547,4905.0,136.25,7147.0,198.52777,2.0
1758079583.91299,32799.0,180.17303,34297.0,188.40192,4011.0,111.41666,7739.0,214.97223,2.0
1758079583.92917,32624.0,179.21172,34698.0,190.60472,3076.0,85.44444,8052.0,223.66667,2.0
1758079583.92995,32495.0,178.5031,35111.0,192.87343,2154.0,59.83333,8270.0,229.72223,2.0
1758079583.94699,32410.0,178.03616,35541.0,195.23552,1353.0,37.58333,8584.0,238.44444,2.0
1758079583.94752,32359.0,177.75601,35980.0,197.64706,813.0,22.58333,8733.0,242.58333,2.0
1758079583.96403,32330.0,177.59671,36434.0,200.14099,381.0,10.58333,9053.0,251.47223,2.0
1758079583.96636,32323.0,177.55826,36895.0,202.67337,7.0,0.19444,9153.0,254.25,2.0
1758079583.98427,32323.0,177.55826,37370.0,205.28267,0.0,0.0,9417.0,261.58334,2.0
1758079583.99924,32323.0,177.55826,37848.0,207.90845,0.0,0.0,9456.0,262.66666,2.0
1758079584.00001,32323.0,177.55826,38331.0,210.56169,0.0,0.0,9485.0,263.47223,2.0
1758079584.01535,32323.0,177.55826,38807.0,213.17648,0.0,0.0,9398.0,261.05554,2.0
1758079584.01598,32326.0,177.57474,39270.0,215.71983,-78.0,-2.16667,8839.0,245.52777,2.0
1758079584.03122,32330.0,177.59671,39695.0,218.05447,-60.0,-1.66667,8116.0,225.44444,2.0
1758079584.0486,32337.0,177.63516,40081.0,220.17488,-229.0,-6.36111,7122.0,197.83333,2.0
1758079584.04897,32356.0,177.73953,40404.0,221.94919,-449.0,-12.47222,5868.0,163.0,2.0
1758079584.0642,32387.0,177.90982,40661.0,223.36096,-683.0,-18.97222,4484.0,124.55556,2.0
1758079584.0655,32431.0,178.15152,40844.0,224.36623,-1008.0,-28.0,2992.0,83.11111,2.0
1758079584.08123,32491.0,178.48112,40955.0,224.97597,-1272.0,-35.33333,1581.0,43.91667,2.0
1758079584.0983,32557.0,178.84367,41000.0,225.22316,-1329.0,-36.91667,401.0,11.13889,2.0
1758079584.09886,32625.0,179.21721,40994.0,225.1902,-1311.0,-36.41667,-385.0,-10.69444,2.0
1758079584.11427,32688.0,179.56328,40962.0,225.01442,-1140.0,-31.66667,-852.0,-23.66667,2.0
1758079584.11572,32744.0,179.87091,40900.0,224.67384,-1062.0,-29.5,-1419.0,-39.41667,2.0
1758079584.1313,32792.0,180.13458,40816.0,224.2124,-854.0,-23.72222,-1841.0,-51.13889,2.0
1758079584.14728,32828.0,180.33234,40709.0,223.62463,-598.0,-16.61111,-2314.0,-64.27778,2.0
1758079584.14811,32855.0,180.48065,40578.0,222.90503,-505.0,-14.02778,-2795.0,-77.63889,2.0
1758079584.16325,32885.0,180.64545,40424.0,222.05905,-662.0,-18.38889,-3286.0,-91.27778,2.0
1758079584.18018,32924.0,180.8597,40240.0,221.04829,-875.0,-24.30556,-3893.0,-108.13889,2.0
1758079584.18184,32979.0,181.16182,40020.0,219.83977,-1246.0,-34.61111,-4710.0,-130.83333,2.0
1758079584.19807,33050.0,181.55183,39757.0,218.39505,-1420.0,-39.44444,-5521.0,-153.36111,2.0
1758079584.19894,33120.0,181.93636,39458.0,216.75258,-1349.0,-37.47222,-6212.0,-172.55556,2.0
1758079584.2143,33184.0,182.28795,39122.0,214.90685,-1183.0,-32.86111,-7008.0,-194.66667,2.0
1758079584.21716,33239.0,182.59007,38734.0,212.77545,-1054.0,-29.27778,-8132.0,-225.88889,2.0
1758079584.23343,33294.0,182.8922,38307.0,210.42986,-1087.0,-30.19444,-8609.0,-239.13889,2.0
1758079584.24908,33344.0,183.16685,37874.0,208.05127,-853.0,-23.69444,-8465.0,-235.13889,2.0
1758079584.25074,33370.0,183.30968,37470.0,205.83199,-198.0,-5.5,-7617.0,-211.58333,2.0
1758079584.26713,33360.0,183.25475,37108.0,203.84344,492.0,13.66667,-6724.0,-186.77777,2.0
1758079584.26828,33312.0,182.99107,36801.0,202.15701,1344.0,37.33333,-5522.0,-153.38889,2.0
1758079584.28333,33214.0,182.45274,36554.0,200.80019,2305.0,64.02778,-4435.0,-123.19444,2.0
1758079584.29908,33077.0,181.70015,36355.0,199.70703,2973.0,82.58334,-3620.0,-100.55556,2.0
1758079584.30315,32917.0,180.82124,36186.0,198.77866,3235.0,89.86111,-3144.0,-87.33334,2.0
1758079584.31914,32756.0,179.93683,36031.0,197.92722,3076.0,85.44444,-3019.0,-83.86111,2.0
1758079584.32345,32615.0,179.16228,35875.0,197.07027,2535.0,70.41666,-3182.0,-88.38889,2.0
1758079584.33911,32507.0,178.56902,35703.0,196.12541,1810.0,50.27778,-3592.0,-99.77778,2.0
1758079584.34075,32440.0,178.20096,35507.0,195.04875,919.0,25.52778,-4067.0,-112.97222,2.0
1758079584.3564,32421.0,178.09659,35282.0,193.81277,-32.0,-0.88889,-4670.0,-129.72223,2.0
1758079584.35795,32445.0,178.22842,35028.0,192.4175,-795.0,-22.08333,-5281.0,-146.69444,2.0
1758079584.37333,32510.0,178.58549,34745.0,190.8629,-1658.0,-46.05556,-5854.0,-162.61111,2.0
1758079584.38915,32618.0,179.17876,34433.0,189.14902,-2501.0,-69.47222,-6410.0,-178.05556,2.0
1758079584.39108,32765.0,179.98627,34100.0,187.31975,-3212.0,-89.22222,-6628.0,-184.11111,2.0
1758079584.40815,32942.0,180.95857,33761.0,185.45755,-3697.0,-102.69444,-6721.0,-186.69444,2.0
1758079584.40896,33142.0,182.05721,33423.0,183.60083,-4123.0,-114.52778,-6590.0,-183.05556,2.0
1758079584.42689,33362.0,183.26573,33104.0,181.84846,-4489.0,-124.69444,-6008.0,-166.88889,2.0
1758079584.42755,33603.0,184.5896,32822.0,180.29938,-4936.0,-137.11111,-5245.0,-145.69444,2.0
1758079584.44342,33869.0,186.05081,32581.0,178.97551,-5499.0,-152.75,-4374.0,-121.5,2.0
1758079584.44703,34164.0,187.67131,32385.0,177.89883,-6063.0,-168.41667,-3482.0,-96.72222,2.0
1758079584.46439,34490.0,189.46213,32231.0,177.05287,-6749.0,-187.47223,-2696.0,-74.88889,2.0
1758079584.46736,34861.0,191.50011,32112.0,176.39917,-7594.0,-210.94444,-2039.0,-56.63889,2.0
1758079584.48661,35259.0,193.68643,32023.0,175.91028,-8136.0,-226.0,-1523.0,-42.30556,2.0
1758079584.48876,35691.0,196.05949,31962.0,175.5752,-8776.0,-243.77777,-1013.0,-28.13889,2.0
1758079584.50838,36144.0,198.54794,31923.0,175.36095,-8985.0,-249.58333,-569.0,-15.80556,2.0
1758079584.51041,36610.0,201.1078,31913.0,175.30602,-9343.0,-259.52777,30.0,0.83333,2.0
1758079584.52801,37084.0,203.71161,31914.0,175.31151,-9369.0,-260.25,26.0,0.72222,2.0
1758079584.52919,37563.0,206.34288,31915.0,175.317,-9502.0,-263.94446,9.0,0.25,2.0
1758079584.54684,38031.0,208.91373,31915.0,175.317,-9126.0,-253.5,4.0,0.11111,2.0
1758079584.5476,38486.0,211.41313,31915.0,175.317,-8907.0,-247.41667,0.0,0.0,2.0
1758079584.56345,38911.0,213.74777,31919.0,175.33897,-8071.0,-224.19444,131.0,3.63889,2.0
1758079584.56869,39299.0,215.87917,31926.0,175.37743,-7337.0,-203.80556,103.0,2.86111,2.0
1758079584.58687,39638.0,217.74136,31932.0,175.41039,-6131.0,-170.30556,111.0,3.08333,2.0
1758079584.58767,39909.0,219.23003,31941.0,175.45984,-4795.0,-133.19444,259.0,7.19444,2.0
1758079584.60351,40113.0,220.35066,31959.0,175.55872,-3437.0,-95.47222,379.0,10.52778,2.0
1758079584.60797,40245.0,221.07576,31983.0,175.69055,-2016.0,-56.0,494.0,13.72222,2.0
1758079584.62351,40309.0,221.42732,32013.0,175.85535,-694.0,-19.27778,629.0,17.47222,2.0
1758079584.62637,40307.0,221.41634,32047.0,176.04211,442.0,12.27778,669.0,18.58333,2.0
1758079584.64253,40265.0,221.18562,32080.0,176.22339,1117.0,31.02778,596.0,16.55556,2.0
1758079584.65818,40191.0,220.77913,32102.0,176.34424,1711.0,47.52778,339.0,9.41667,2.0
1758079584.65862,40086.0,220.20235,32112.0,176.39917,2319.0,64.41666,114.0,3.16667,2.0
1758079584.67454,39953.0,219.47173,32114.0,176.41016,2818.0,78.27778,-20.0,-0.55556,2.0
1758079584.67526,39794.0,218.5983,32113.0,176.40466,3367.0,93.52778,-7.0,-0.19444,2.0
1758079584.69173,39610.0,217.58755,32113.0,176.40466,3840.0,106.66666,0.0,0.0,2.0
1758079584.70754,39401.0,216.43947,32113.0,176.40466,4381.0,121.69444,10.0,0.27778,2.0
1758079584.70879,39162.0,215.12657,32116.0,176.42114,4997.0,138.80556,109.0,3.02778,2.0
1758079584.72598,38892.0,213.6434,32132.0,176.50903,5596.0,155.44444,506.0,14.05556,2.0
1758079584.72678,38591.0,211.98993,32175.0,176.74524,6271.0,174.19444,1085.0,30.13889,2.0
1758079584.74254,38249.0,210.11124,32247.0,177.14076,7086.0,196.83333,1618.0,44.94444,2.0
1758079584.74681,37870.0,208.0293,32339.0,177.64615,7803.0,216.75,1963.0,54.52778,2.0
1758079584.76331,37448.0,205.71114,32436.0,178.17899,8708.0,241.88889,1808.0,50.22222,2.0
1758079584.77899,37013.0,203.32159,32511.0,178.59099,8392.0,233.11111,1121.0,31.13889,2.0
1758079584.7797,36607.0,201.09132,32540.0,178.75029,7782.0,216.16667,109.0,3.02778,2.0
1758079584.79635,36246.0,199.10828,32528.0,178.68437,6549.0,181.91667,-382.0,-10.61111,2.0
1758079584.7989,35952.0,197.49324,32500.0,178.53056,5296.0,147.11111,-734.0,-20.38889,2.0
1758079584.81646,35715.0,196.19136,32448.0,178.24492,4138.0,114.94444,-1267.0,-35.19444,2.0
1758079584.81775,35537.0,195.21355,32377.0,177.85489,3106.0,86.27778,-1479.0,-41.08333,2.0
1758079584.83359,35401.0,194.46646,32298.0,177.42091,2378.0,66.05556,-1564.0,-43.44444,2.0
1758079584.83827,35289.0,193.85123,32227.0,177.0309,2095.0,58.19444,-1279.0,-35.52778,2.0
1758079584.8535,35183.0,193.26894,32175.0,176.74524,2117.0,58.80556,-757.0,-21.02778,2.0
1758079584.85801,35067.0,192.63173,32160.0,176.66284,2464.0,68.44444,30.0,0.83333,2.0
1758079584.87359,34931.0,191.88463,32174.0,176.73975,2879.0,79.97222,436.0,12.11111,2.0
1758079584.87887,34773.0,191.01671,32212.0,176.9485,3294.0,91.5,999.0,27.75,2.0
1758079584.8881,34595.0,190.03891,32281.0,177.32753,3708.0,103.0,1654.0,45.94444,2.0
1758079584.90361,34393.0,188.92926,32388.0,177.91531,4221.0,117.25,2444.0,67.88889,2.0
1758079584.93364,34163.0,187.66582,32536.0,178.72832,4819.0,133.86111,3274.0,90.94444,2.0
1758079584.93661,33903.0,186.23758,32728.0,179.78302,5377.0,149.36111,4167.0,115.75,2.0
1758079584.94083,33623.0,184.69946,32961.0,181.06294,5646.0,156.83333,4941.0,137.25,2.0
1758079584.94412,33339.0,183.13939,33229.0,182.53514,5539.0,153.86111,5560.0,154.44444,2.0
1758079584.94764,33065.0,181.63423,33530.0,184.1886,5287.0,146.86111,6177.0,171.58333,2.0
1758079584.96366,32811.0,180.23895,33858.0,185.99039,4749.0,131.91667,6692.0,185.88889,2.0
1758079584.96773,32591.0,179.03044,34210.0,187.92401,3982.0,110.61111,7173.0,199.25,2.0
1758079584.98369,32413.0,178.05264,34589.0,190.00595,3136.0,87.11111,7655.0,212.63889,2.0
1758079584.9844,32278.0,177.31105,34984.0,192.1758,2314.0,64.27778,7941.0,220.58333,2.0
1758079584.99963,32184.0,176.79468,35394.0,194.42801,1496.0,41.55556,8260.0,229.44444,2.0
1758079585.01561,32130.0,176.49805,35816.0,196.74617,817.0,22.69444,8354.0,232.05556,2.0
1758079585.01644,32104.0,176.35522,36248.0,199.11926,263.0,7.30556,8633.0,239.80556,2.0
1758079585.03324,32103.0,176.34973,36689.0,201.54176,-67.0,-1.86111,8672.0,240.88889,2.0
1758079585.03402,32105.0,176.36072,37134.0,203.98627,0.0,0.0,8834.0,245.38889,2.0
1758079585.04974,32105.0,176.36072,37581.0,206.44176,0.0,0.0,8692.0,241.44444,2.0
1758079585.06805,32105.0,176.36072,38020.0,208.8533,4.0,0.11111,8653.0,240.36111,2.0
1758079585.06919,32107.0,176.3717,38446.0,211.19341,-74.0,-2.05556,8157.0,226.58333,2.0
1758079585.08631,32111.0,176.39368,38843.0,213.37424,-43.0,-1.19444,7672.0,213.11111,2.0
1758079585.08697,32115.0,176.41565,39208.0,215.37926,-103.0,-2.86111,6766.0,187.94444,2.0
1758079585.10272,32126.0,176.47607,39520.0,217.09315,-321.0,-8.91667,5728.0,159.11111,2.0
1758079585.1039,32153.0,176.62439,39778.0,218.51041,-662.0,-18.38889,4624.0,128.44444,2.0
1758079585.12366,32198.0,176.8716,39977.0,219.60356,-1073.0,-29.80556,3429.0,95.25,2.0
1758079585.12853,32260.0,177.21217,40116.0,220.36714,-1295.0,-35.97222,2250.0,62.5,2.0
1758079585.20048,32331.0,177.6022,40199.0,220.82307,-1468.0,-40.77778,1229.0,34.13889,2.0
1758079585.2021,32408.0,178.02518,40237.0,221.03181,-1470.0,-40.83333,410.0,11.38889,2.0
1758079585.2028,32482.0,178.43169,40237.0,221.03181,-1458.0,-40.5,-191.0,-5.30556,2.0
1758079585.20357,32552.0,178.81621,40221.0,220.94392,-1321.0,-36.69444,-399.0,-11.08333,2.0
1758079585.2082,32618.0,179.17876,40193.0,220.79012,-1246.0,-34.61111,-685.0,-19.02778,2.0
1758079585.20856,32677.0,179.50285,40148.0,220.54292,-1087.0,-30.19444,-1072.0,-29.77778,2.0
1758079585.21328,32730.0,179.79401,40081.0,220.17488,-1014.0,-28.16667,-1487.0,-41.30556,2.0
1758079585.21367,32783.0,180.08514,39993.0,219.69145,-1098.0,-30.5,-1936.0,-53.77778,2.0
1758079585.21635,32847.0,180.43671,39879.0,219.06523,-1426.0,-39.61111,-2559.0,-71.08334,2.0
1758079585.23359,32933.0,180.90913,39726.0,218.22476,-1879.0,-52.19444,-3404.0,-94.55556,2.0
1758079585.23457,33044.0,181.51888,39530.0,217.14809,-2363.0,-65.63889,-4207.0,-116.86111,2.0
1758079585.25069,33169.0,182.20555,39292.0,215.84068,-2509.0,-69.69444,-5078.0,-141.05556,2.0
1758079585.26678,33294.0,182.8922,39010.0,214.2916,-2391.0,-66.41666,-6009.0,-166.91667,2.0
1758079585.26754,33410.0,183.52942,38679.0,212.47333,-2249.0,-62.47222,-6910.0,-191.94444,2.0
