timeStamp,motor_angle_L_uint16,motor_angle_L_float,motor_angle_R_uint16,motor_angle_R_float,motor_vel_L_int16,motor_vel_L_float,motor_vel_R_int16,motor_vel_R_float,flag_num
1758086941.41005,35363.0,194.25772,35391.0,194.41153,4540.0,126.11111,6368.0,176.88889,4.0
1758086941.41083,35151.0,193.09315,35722.0,196.22981,3901.0,108.36111,6558.0,182.16667,4.0
1758086941.41272,34971.0,192.10439,36055.0,198.05905,3297.0,91.58334,6414.0,178.16667,4.0
1758086941.41349,34826.0,191.30785,36368.0,199.77844,2483.0,68.97222,5977.0,166.02777,4.0
1758086941.41459,34729.0,190.77501,36659.0,201.37697,1465.0,40.69444,5520.0,153.33333,4.0
1758086941.41538,34681.0,190.51132,36925.0,202.83817,579.0,16.08333,5096.0,141.55556,4.0
1758086941.41675,34672.0,190.46188,37173.0,204.2005,-80.0,-2.22222,4798.0,133.27777,4.0
1758086941.41894,34680.0,190.50583,37408.0,205.49141,-185.0,-5.13889,4571.0,126.97222,4.0
1758086941.42003,34686.0,190.53879,37635.0,206.73839,-46.0,-1.27778,4408.0,122.44444,4.0
1758086941.42453,34684.0,190.5278,37856.0,207.95239,72.0,2.0,4406.0,122.38889,4.0
1758086941.42578,34678.0,190.49484,38079.0,209.1774,155.0,4.30556,4430.0,123.05556,4.0
1758086941.42638,34667.0,190.43442,38303.0,210.40788,241.0,6.69444,4417.0,122.69444,4.0
1758086941.42847,34657.0,190.37949,38523.0,211.61638,177.0,4.91667,4309.0,119.69444,4.0
1758086941.43068,34649.0,190.33554,38736.0,212.78644,161.0,4.47222,4136.0,114.88889,4.0
1758086941.43145,34642.0,190.29709,38938.0,213.89609,89.0,2.47222,3874.0,107.61111,4.0
1758086941.43336,34639.0,190.28061,39125.0,214.92332,36.0,1.0,3549.0,98.58334,4.0
1758086941.43412,34638.0,190.27512,39293.0,215.84618,1.0,0.02778,3106.0,86.27778,4.0
1758086941.43519,34638.0,190.27512,39437.0,216.63722,0.0,0.0,2622.0,72.83334,4.0
1758086941.43596,34640.0,190.2861,39551.0,217.26344,-34.0,-0.94444,1948.0,54.11111,4.0
1758086941.43865,34641.0,190.2916,39631.0,217.70291,0.0,0.0,1344.0,37.33333,4.0
1758086941.43943,34640.0,190.2861,39682.0,217.98306,11.0,0.30556,693.0,19.25,4.0
1758086941.45533,34639.0,190.28061,39699.0,218.07645,46.0,1.27778,117.0,3.25,4.0
1758086941.4582,34634.0,190.25314,39698.0,218.07095,152.0,4.22222,-52.0,-1.44444,4.0
1758086941.47625,34619.0,190.17075,39696.0,218.05997,395.0,10.97222,-27.0,-0.75,4.0
1758086941.47668,34592.0,190.02243,39696.0,218.05997,660.0,18.33333,-5.0,-0.13889,4.0
1758086941.49514,34551.0,189.79721,39695.0,218.05447,911.0,25.30556,-25.0,-0.69444,4.0
1758086941.49671,34501.0,189.52255,39692.0,218.03799,1013.0,28.13889,-101.0,-2.80556,4.0
1758086941.51237,34447.0,189.22592,39681.0,217.97757,1095.0,30.41667,-308.0,-8.55556,4.0
1758086941.52836,34392.0,188.92377,39656.0,217.84024,1081.0,30.02778,-624.0,-17.33333,4.0
1758086941.53078,34340.0,188.63812,39617.0,217.62601,971.0,26.97222,-895.0,-24.86111,4.0
1758086941.54643,34292.0,188.37445,39565.0,217.34036,942.0,26.16667,-1102.0,-30.61111,4.0
1758086941.54835,34249.0,188.13824,39499.0,216.9778,792.0,22.0,-1439.0,-39.97222,4.0
1758086941.56445,34210.0,187.92401,39420.0,216.54384,764.0,21.22222,-1623.0,-45.08333,4.0
1758086941.58038,34175.0,187.73174,39330.0,216.04945,674.0,18.72222,-1857.0,-51.58333,4.0
1758086941.5812,34142.0,187.55046,39229.0,215.49461,638.0,17.72222,-2101.0,-58.36111,4.0
1758086941.59645,34115.0,187.40215,39117.0,214.87938,475.0,13.19444,-2321.0,-64.47222,4.0
1758086941.59899,34091.0,187.27031,38992.0,214.19272,456.0,12.66667,-2601.0,-72.25,4.0
1758086941.61442,34071.0,187.16045,38850.0,213.41269,350.0,9.72222,-2960.0,-82.22222,4.0
1758086941.63123,34059.0,187.09453,38690.0,212.53375,75.0,2.08333,-3311.0,-91.97222,4.0
1758086941.63613,34066.0,187.13298,38512.0,211.55595,-260.0,-7.22222,-3706.0,-102.94444,4.0
1758086941.63867,34089.0,187.25932,38312.0,210.45732,-665.0,-18.47222,-4151.0,-115.30556,4.0
1758086941.70106,34142.0,187.55046,38091.0,209.24332,-1359.0,-37.75,-4573.0,-127.02778,4.0
1758086941.70177,34230.0,188.03387,37850.0,207.91943,-2072.0,-57.55556,-4914.0,-136.5,4.0
1758086941.70317,34357.0,188.73151,37591.0,206.49669,-2810.0,-78.05556,-5311.0,-147.52777,4.0
1758086941.7063,34517.0,189.61044,37310.0,204.95308,-3414.0,-94.83334,-5714.0,-158.72223,4.0
1758086941.70817,34705.0,190.64317,37015.0,203.33258,-3938.0,-109.38889,-5883.0,-163.41667,4.0
1758086941.71023,34917.0,191.80772,36714.0,201.67909,-4301.0,-119.47222,-6009.0,-166.91667,4.0
1758086941.7113,35146.0,193.06569,36403.0,199.9707,-4694.0,-130.38889,-6260.0,-173.88889,4.0
1758086941.71664,35400.0,194.46097,36078.0,198.18539,-5225.0,-145.13889,-6492.0,-180.33333,4.0
1758086941.73539,35682.0,196.01006,35742.0,196.33968,-5809.0,-161.36111,-6764.0,-187.88889,4.0
1758086941.73667,35989.0,197.6965,35396.0,194.439,-6266.0,-174.05556,-6794.0,-188.72223,4.0
1758086941.75637,36320.0,199.51477,35073.0,192.66469,-6791.0,-188.63889,-5966.0,-165.72223,4.0
1758086941.75675,36672.0,201.44838,34802.0,191.17601,-6934.0,-192.61111,-4959.0,-137.75,4.0
1758086941.77447,37002.0,203.26117,34583.0,189.97299,-6190.0,-171.94444,-3796.0,-105.44444,4.0
1758086941.79049,37301.0,204.90364,34428.0,189.12152,-5583.0,-155.08333,-2505.0,-69.58334,4.0
1758086941.79162,37558.0,206.31541,34342.0,188.64911,-4773.0,-132.58333,-1111.0,-30.86111,4.0
1758086941.80649,37780.0,207.53491,34318.0,188.51727,-4101.0,-113.91666,-18.0,-0.5,4.0
1758086941.80763,37976.0,208.61157,34330.0,188.58319,-3776.0,-104.88889,274.0,7.61111,4.0
1758086941.82329,38164.0,209.64432,34345.0,188.66559,-3714.0,-103.16666,304.0,8.44444,4.0
1758086941.83946,38356.0,210.69902,34355.0,188.72052,-3829.0,-106.36111,78.0,2.16667,4.0
1758086941.84024,38555.0,211.79218,34354.0,188.71503,-3984.0,-110.66666,-45.0,-1.25,4.0
1758086941.85548,38762.0,212.92926,34351.0,188.69855,-4142.0,-115.05556,-34.0,-0.94444,4.0
1758086941.85671,38977.0,214.11032,34350.0,188.69305,-4314.0,-119.83334,-16.0,-0.44444,4.0
1758086941.87975,39194.0,215.30235,34350.0,188.69305,-4213.0,-117.02778,9.0,0.25,4.0
1758086941.88037,39401.0,216.43947,34351.0,188.69855,-3980.0,-110.55556,8.0,0.22222,4.0
1758086941.8965,39589.0,217.4722,34352.0,188.70404,-3567.0,-99.08334,15.0,0.41667,4.0
1758086941.90006,39758.0,218.40054,34353.0,188.70953,-3136.0,-87.11111,29.0,0.80556,4.0
1758086941.91633,39902.0,219.19157,34355.0,188.72052,-2609.0,-72.47222,43.0,1.19444,4.0
1758086941.9199,40019.0,219.83427,34358.0,188.737,-2050.0,-56.94444,93.0,2.58333,4.0
1758086941.94107,40103.0,220.29573,34365.0,188.77545,-1397.0,-38.80556,169.0,4.69444,4.0
1758086941.94191,40158.0,220.59785,34377.0,188.84137,-771.0,-21.41667,291.0,8.08333,4.0
1758086941.96089,40175.0,220.69124,34400.0,188.96771,-88.0,-2.44444,552.0,15.33333,4.0
1758086941.9625,40168.0,220.65279,34436.0,189.1655,314.0,8.72222,828.0,23.0,4.0
1758086941.98165,40143.0,220.51546,34478.0,189.39621,557.0,15.47222,864.0,24.0,4.0
1758086941.98323,40109.0,220.32869,34526.0,189.65988,742.0,20.61111,1059.0,29.41667,4.0
1758086942.00007,40063.0,220.07597,34591.0,190.01694,1047.0,29.08333,1457.0,40.47222,4.0
1758086942.00087,39998.0,219.71892,34674.0,190.47287,1499.0,41.63889,1829.0,50.80556,4.0
1758086942.01645,39912.0,219.24651,34777.0,191.03868,1872.0,52.0,2177.0,60.47222,4.0
1758086942.01965,39805.0,218.65872,34898.0,191.70335,2262.0,62.83333,2511.0,69.75,4.0
1758086942.03625,39681.0,217.97757,35032.0,192.43947,2577.0,71.58334,2703.0,75.08334,4.0
1758086942.04067,39542.0,217.214,35174.0,193.2195,2831.0,78.63889,2845.0,79.02778,4.0
1758086942.05549,39395.0,216.40651,35319.0,194.01602,2961.0,82.25,2853.0,79.25,4.0
1758086942.05932,39245.0,215.5825,35459.0,194.78508,2930.0,81.38889,2695.0,74.86111,4.0
1758086942.09643,39096.0,214.76402,35593.0,195.52116,2904.0,80.66666,2587.0,71.86111,4.0
1758086942.09774,38951.0,213.9675,35720.0,196.21883,2877.0,79.91666,2471.0,68.63889,4.0
1758086942.1001,38800.0,213.13803,35847.0,196.91646,3015.0,83.75,2530.0,70.27778,4.0
1758086942.1007,38642.0,212.27008,35977.0,197.63058,3252.0,90.33334,2644.0,73.44444,4.0
1758086942.1166,38468.0,211.31425,36117.0,198.39963,3608.0,100.22222,2840.0,78.88889,4.0
1758086942.11948,38273.0,210.24309,36269.0,199.23462,4000.0,111.11111,3117.0,86.58334,4.0
1758086942.13456,38055.0,209.04556,36433.0,200.1355,4446.0,123.5,3371.0,93.63889,4.0
1758086942.1366,37816.0,207.73267,36611.0,201.1133,4909.0,136.36111,3597.0,99.91666,4.0
1758086942.15466,37550.0,206.27147,36799.0,202.14603,5504.0,152.88889,3745.0,104.02778,4.0
1758086942.17058,37256.0,204.65645,36988.0,203.18423,6041.0,167.80556,3672.0,102.0,4.0
1758086942.17176,36953.0,202.99197,37166.0,204.16205,5865.0,162.91667,3369.0,93.58334,4.0
1758086942.17876,36665.0,201.40993,37315.0,204.98055,5498.0,152.72223,2569.0,71.36111,4.0
1758086942.19634,36402.0,199.96521,37414.0,205.52437,4887.0,135.75,1493.0,41.47222,4.0
1758086942.19695,36176.0,198.72372,37456.0,205.75508,4190.0,116.38889,305.0,8.47222,4.0
1758086942.21676,35980.0,197.64706,37449.0,205.71663,3646.0,101.27778,-270.0,-7.5,4.0
1758086942.21976,35805.0,196.68575,37430.0,205.61226,3364.0,93.44444,-399.0,-11.08333,4.0
1758086942.23631,35639.0,195.77385,37411.0,205.50789,3227.0,89.63889,-372.0,-10.33333,4.0
1758086942.24048,35477.0,194.88396,37396.0,205.42549,3204.0,89.0,-254.0,-7.05556,4.0
1758086942.25884,35316.0,193.99954,37388.0,205.38155,3161.0,87.80556,-44.0,-1.22222,4.0
1758086942.25953,35158.0,193.13161,37389.0,205.38704,3034.0,84.27778,0.0,0.0,4.0
1758086942.27562,35011.0,192.32411,37389.0,205.38704,2806.0,77.94444,0.0,0.0,4.0
1758086942.27921,34875.0,191.57701,37389.0,205.38704,2547.0,70.75,4.0,0.11111,4.0
1758086942.29455,34753.0,190.90685,37391.0,205.39803,2294.0,63.72222,63.0,1.75,4.0
1758086942.31058,34647.0,190.32455,37397.0,205.43098,1938.0,53.83333,207.0,5.75,4.0
1758086942.31135,34560.0,189.84665,37416.0,205.53535,1561.0,43.36111,499.0,13.86111,4.0
1758086942.32693,34488.0,189.45114,37451.0,205.72762,1259.0,34.97222,852.0,23.66667,4.0
1758086942.32849,34429.0,189.12701,37505.0,206.02428,1149.0,31.91667,1241.0,34.47222,4.0
1758086942.37156,34373.0,188.8194,37585.0,206.46373,1025.0,28.47222,1847.0,51.30556,4.0
1758086942.3732,34335.0,188.61066,37695.0,207.06798,451.0,12.52778,2401.0,66.69444,4.0
1758086942.37665,34335.0,188.61066,37829.0,207.80408,-294.0,-8.16667,2858.0,79.38889,4.0
1758086942.38119,34367.0,188.78644,37983.0,208.65002,-894.0,-24.83333,3175.0,88.19444,4.0
1758086942.38214,34422.0,189.08856,38153.0,209.58389,-1187.0,-32.97222,3484.0,96.77778,4.0
1758086942.39919,34480.0,189.4072,38341.0,210.61662,-1063.0,-29.52778,3901.0,108.36111,4.0
1758086942.39995,34528.0,189.67087,38547.0,211.74823,-811.0,-22.52778,4238.0,117.72222,4.0
1758086942.41562,34560.0,189.84665,38770.0,212.97321,-460.0,-12.77778,4539.0,126.08334,4.0
1758086942.41847,34571.0,189.90707,39008.0,214.28061,-60.0,-1.66667,4870.0,135.27777,4.0
1758086942.43464,34568.0,189.89059,39262.0,215.67589,132.0,3.66667,5156.0,143.22223,4.0
1758086942.45062,34557.0,189.83017,39526.0,217.12611,275.0,7.63889,5293.0,147.02777,4.0
1758086942.45141,34540.0,189.73679,39799.0,218.62576,398.0,11.05556,5461.0,151.69444,4.0
1758086942.46704,34518.0,189.61594,40081.0,220.17488,434.0,12.05556,5635.0,156.52777,4.0
1758086942.46742,34500.0,189.51706,40364.0,221.72946,279.0,7.75,5548.0,154.11111,4.0
1758086942.48425,34488.0,189.45114,40639.0,223.24011,147.0,4.08333,5344.0,148.44444,4.0
1758086942.49968,34488.0,189.45114,40899.0,224.66835,-109.0,-3.02778,4891.0,135.86111,4.0
1758086942.50075,34502.0,189.52805,41126.0,225.91531,-336.0,-9.33333,4123.0,114.52778,4.0
1758086942.51561,34531.0,189.68735,41309.0,226.92056,-724.0,-20.11111,3210.0,89.16666,4.0
1758086942.51845,34576.0,189.93454,41442.0,227.65118,-970.0,-26.94444,2218.0,61.61111,4.0
1758086942.53971,34633.0,190.24765,41527.0,228.1181,-1218.0,-33.83333,1238.0,34.38889,4.0
1758086942.54063,34701.0,190.6212,41568.0,228.34332,-1423.0,-39.52778,494.0,13.72222,4.0
1758086942.60634,34775.0,191.02769,41572.0,228.3653,-1499.0,-41.63889,-145.0,-4.02778,4.0
1758086942.61102,34853.0,191.45616,41559.0,228.29388,-1502.0,-41.72222,-339.0,-9.41667,4.0
1758086942.61538,34929.0,191.87364,41538.0,228.17853,-1535.0,-42.63889,-486.0,-13.5,4.0
1758086942.61609,35007.0,192.30214,41505.0,227.99725,-1565.0,-43.47222,-797.0,-22.13889,4.0
1758086942.61958,35090.0,192.75807,41452.0,227.70612,-1670.0,-46.38889,-1200.0,-33.33333,4.0
1758086942.62034,35178.0,193.24147,41381.0,227.3161,-1796.0,-49.88889,-1572.0,-43.66667,4.0
1758086942.62144,35275.0,193.77432,41288.0,226.80521,-2003.0,-55.63889,-2005.0,-55.69444,4.0
1758086942.6231,35384.0,194.37308,41172.0,226.168,-2276.0,-63.22222,-2489.0,-69.13889,4.0
1758086942.63975,35511.0,195.07072,41031.0,225.39345,-2646.0,-73.5,-3071.0,-85.30556,4.0
1758086942.64013,35655.0,195.86174,40859.0,224.44862,-2992.0,-83.11111,-3657.0,-101.58334,4.0
1758086942.65562,35818.0,196.75716,40655.0,223.328,-3349.0,-93.02778,-4273.0,-118.69444,4.0
1758086942.65961,36000.0,197.75693,40424.0,222.05905,-3747.0,-104.08334,-4792.0,-133.11111,4.0
1758086942.67466,36198.0,198.84457,40163.0,220.62532,-3991.0,-110.86111,-5380.0,-149.44444,4.0
1758086942.6907,36400.0,199.95422,39874.0,219.03777,-3986.0,-110.72222,-5951.0,-165.30556,4.0
1758086942.6915,36598.0,201.04189,39561.0,217.31839,-3854.0,-107.05556,-6413.0,-178.13889,4.0
1758086942.71075,36787.0,202.08011,39218.0,215.43419,-3670.0,-101.94444,-7090.0,-196.94444,4.0
1758086942.71147,36970.0,203.08536,38842.0,213.36874,-3546.0,-98.5,-7550.0,-209.72223,4.0
1758086942.73073,37145.0,204.04669,38459.0,211.26482,-3337.0,-92.69444,-7497.0,-208.25,4.0
1758086942.73147,37297.0,204.88167,38095.0,209.26529,-2684.0,-74.55556,-6878.0,-191.05556,4.0
1758086942.74674,37404.0,205.46944,37774.0,207.50195,-1668.0,-46.33333,-5916.0,-164.33333,4.0
1758086942.75111,37455.0,205.74959,37499.0,205.99129,-523.0,-14.52778,-5078.0,-141.05556,4.0
1758086942.81643,37453.0,205.7386,37258.0,204.66743,374.0,10.38889,-4516.0,-125.44444,4.0
1758086942.81988,37421.0,205.56282,37039.0,203.46442,811.0,22.52778,-4193.0,-116.47222,4.0
1758086942.82064,37377.0,205.32112,36828.0,202.30533,820.0,22.77778,-4148.0,-115.22222,4.0
1758086942.82148,37342.0,205.12886,36611.0,201.1133,607.0,16.86111,-4441.0,-123.36111,4.0
1758086942.82569,37321.0,205.0135,36374.0,199.8114,273.0,7.58333,-4859.0,-134.97223,4.0
1758086942.82689,37321.0,205.0135,36117.0,198.39963,-136.0,-3.77778,-5197.0,-144.36111,4.0
1758086942.82841,37328.0,205.05196,35847.0,196.91646,-118.0,-3.27778,-5428.0,-150.77777,4.0
1758086942.83062,37333.0,205.07942,35565.0,195.36736,-63.0,-1.75,-5663.0,-157.30556,4.0
1758086942.85003,37334.0,205.08492,35280.0,193.80179,27.0,0.75,-5615.0,-155.97223,4.0
1758086942.85074,37331.0,205.06844,35004.0,192.28566,93.0,2.58333,-5299.0,-147.19444,4.0
1758086942.8888,37321.0,205.0135,34744.0,190.85741,243.0,6.75,-4976.0,-138.22223,4.0
1758086942.89276,37308.0,204.94209,34502.0,189.52805,310.0,8.61111,-4548.0,-126.33334,4.0
1758086942.89699,37286.0,204.82124,34288.0,188.35248,523.0,14.52778,-3939.0,-109.41666,4.0
1758086942.90052,37255.0,204.65096,34109.0,187.36919,598.0,16.61111,-3245.0,-90.13889,4.0
1758086942.9013,37231.0,204.5191,33963.0,186.56718,340.0,9.44444,-2601.0,-72.25,4.0
1758086942.92073,37228.0,204.50262,33849.0,185.94095,-117.0,-3.25,-1960.0,-54.44444,4.0
1758086942.92358,37245.0,204.59601,33765.0,185.47952,-534.0,-14.83333,-1447.0,-40.19444,4.0
1758086942.95029,37287.0,204.82674,33708.0,185.16641,-1043.0,-28.97222,-915.0,-25.41667,4.0
1758086942.95401,37355.0,205.20027,33670.0,184.95767,-1620.0,-45.0,-631.0,-17.52778,4.0
1758086942.95925,37456.0,205.75508,33656.0,184.88074,-2229.0,-61.91667,-13.0,-0.36111,4.0
1758086942.96546,37583.0,206.45274,33667.0,184.94119,-2682.0,-74.5,404.0,11.22222,4.0
1758086942.9808,37725.0,207.23277,33698.0,185.11148,-2848.0,-79.11111,773.0,21.47222,4.0
1758086942.98154,37865.0,208.00183,33751.0,185.40262,-2634.0,-73.16666,1305.0,36.25,4.0
1758086942.99674,37993.0,208.70496,33827.0,185.8201,-2410.0,-66.94444,1573.0,43.69444,4.0
1758086943.00039,38112.0,209.35867,33905.0,186.24857,-2336.0,-64.88889,1551.0,43.08333,4.0
1758086943.01656,38236.0,210.03983,33976.0,186.6386,-2551.0,-70.86111,1189.0,33.02778,4.0
1758086943.01896,38377.0,210.81438,34020.0,186.88029,-2991.0,-83.08334,622.0,17.27778,4.0
1758086943.03635,38546.0,211.74274,34030.0,186.93523,-3562.0,-98.94444,-125.0,-3.47222,4.0
1758086943.03926,38740.0,212.80841,34016.0,186.85832,-4018.0,-111.61111,-350.0,-9.72222,4.0
1758086943.05485,38951.0,213.9675,33995.0,186.74297,-4305.0,-119.58334,-501.0,-13.91667,4.0
1758086943.07079,39174.0,215.19249,33967.0,186.58916,-4448.0,-123.55556,-554.0,-15.38889,4.0
1758086943.07204,39397.0,216.4175,33939.0,186.43535,-4384.0,-121.77778,-536.0,-14.88889,4.0
1758086943.08674,39609.0,217.58206,33917.0,186.31448,-4049.0,-112.47222,-329.0,-9.13889,4.0
1758086943.08804,39802.0,218.64224,33910.0,186.27603,-3635.0,-100.97222,0.0,0.0,4.0
1758086943.10357,39971.0,219.5706,33914.0,186.298,-3107.0,-86.30556,91.0,2.52778,4.0
1758086943.11982,40113.0,220.35066,33921.0,186.33647,-2551.0,-70.86111,188.0,5.22222,4.0
1758086943.12063,40227.0,220.97688,33933.0,186.40239,-2003.0,-55.63889,267.0,7.41667,4.0
1758086943.13589,40315.0,221.46028,33947.0,186.47929,-1478.0,-41.05556,275.0,7.63889,4.0
1758086943.13737,40376.0,221.79538,33959.0,186.54521,-1069.0,-29.69444,182.0,5.05556,4.0
1758086943.15483,40420.0,222.03708,33966.0,186.58366,-707.0,-19.63889,124.0,3.44444,4.0
1758086943.17084,40448.0,222.19089,33974.0,186.62761,-412.0,-11.44444,190.0,5.27778,4.0
1758086943.1716,40458.0,222.24582,33983.0,186.67705,-40.0,-1.11111,164.0,4.55556,4.0
1758086943.18763,40451.0,222.20737,33994.0,186.73747,230.0,6.38889,279.0,7.75,4.0
1758086943.18839,40429.0,222.08652,34017.0,186.86382,614.0,17.05556,584.0,16.22222,4.0
1758086943.20727,40387.0,221.8558,34058.0,187.08904,1008.0,28.0,993.0,27.58333,4.0
1758086943.20785,40324.0,221.50974,34116.0,187.40764,1402.0,38.94444,1253.0,34.80556,4.0
1758086943.22495,40238.0,221.03731,34193.0,187.83063,1912.0,53.11111,1738.0,48.27778,4.0
1758086943.24085,40127.0,220.42757,34294.0,188.38544,2412.0,67.0,2210.0,61.38889,4.0
1758086943.24286,39993.0,219.69145,34421.0,189.08307,2856.0,79.33334,2742.0,76.16666,4.0
1758086943.25869,39840.0,218.851,34573.0,189.91806,3177.0,88.25,3225.0,89.58334,4.0
1758086943.25944,39670.0,217.91714,34749.0,190.88487,3438.0,95.5,3574.0,99.27778,4.0
1758086943.27677,39490.0,216.92836,34932.0,191.89012,3627.0,100.75,3544.0,98.44444,4.0
1758086943.27714,39307.0,215.92311,35100.0,192.813,3558.0,98.83334,3138.0,87.16666,4.0
1758086943.29679,39137.0,214.98924,35242.0,193.59305,3213.0,89.25,2474.0,68.72222,4.0
1758086943.29716,38987.0,214.16525,35347.0,194.16983,2758.0,76.61111,1827.0,50.75,4.0
1758086943.31482,38859.0,213.46213,35422.0,194.58182,2391.0,66.41666,1265.0,35.13889,4.0
1758086943.33088,38742.0,212.8194,35479.0,194.89494,2279.0,63.30556,1049.0,29.13889,4.0
1758086943.33167,38620.0,212.14923,35530.0,195.17509,2514.0,69.83334,981.0,27.25,4.0
1758086943.34876,38480.0,211.38017,35587.0,195.4882,2979.0,82.75,1254.0,34.83333,4.0
1758086943.35005,38310.0,210.44633,35659.0,195.88371,3571.0,99.19444,1543.0,42.86111,4.0
1758086943.38778,38114.0,209.36966,35746.0,196.36165,4126.0,114.61111,1887.0,52.41667,4.0
1758086943.39036,37890.0,208.13916,35847.0,196.91646,4593.0,127.58334,2061.0,57.25,4.0
1758086943.39172,37646.0,206.79881,35953.0,197.49873,4955.0,137.63889,2090.0,58.05556,4.0
1758086943.39317,37388.0,205.38155,36055.0,198.05905,5155.0,143.19444,1884.0,52.33333,4.0
1758086943.40894,37129.0,203.9588,36140.0,198.52597,5036.0,139.88889,1522.0,42.27778,4.0
1758086943.41096,36880.0,202.59097,36200.0,198.85556,4806.0,133.5,917.0,25.47222,4.0
1758086943.42708,36645.0,201.30006,36232.0,199.03137,4534.0,125.94444,414.0,11.5,4.0
1758086943.42746,36424.0,200.08606,36242.0,199.0863,4207.0,116.86111,67.0,1.86111,4.0
1758086943.4446,36219.0,198.95993,36242.0,199.0863,3936.0,109.33334,0.0,0.0,4.0
1758086943.45995,36024.0,197.88876,36242.0,199.0863,3781.0,105.02778,5.0,0.13889,4.0
1758086943.4611,35831.0,196.82857,36244.0,199.09729,3789.0,105.25,58.0,1.61111,4.0
1758086943.476,35638.0,195.76836,36250.0,199.13025,3823.0,106.19444,165.0,4.58333,4.0
1758086943.48036,35444.0,194.70267,36259.0,199.17969,3800.0,105.55556,192.0,5.33333,4.0
1758086943.51968,35255.0,193.66446,36267.0,199.22363,3706.0,102.94444,95.0,2.63889,4.0
1758086943.52023,35070.0,192.64821,36270.0,199.24011,3586.0,99.61111,56.0,1.55556,4.0
1758086943.52133,34892.0,191.67039,36272.0,199.2511,3481.0,96.69444,4.0,0.11111,4.0
1758086943.52335,34720.0,190.72557,36272.0,199.2511,3288.0,91.33334,0.0,0.0,4.0
1758086943.54094,34560.0,189.84665,36272.0,199.2511,3080.0,85.55556,0.0,0.0,4.0
1758086943.54178,34412.0,189.03363,36272.0,199.2511,2791.0,77.52778,0.0,0.0,4.0
1758086943.55939,34279.0,188.30304,36272.0,199.2511,2508.0,69.66666,0.0,0.0,4.0
1758086943.56134,34163.0,187.66582,36271.0,199.24561,2159.0,59.97222,-5.0,-0.13889,4.0
1758086943.60548,34063.0,187.1165,36271.0,199.24561,1842.0,51.16667,0.0,0.0,4.0
1758086943.60903,33978.0,186.64958,36271.0,199.24561,1510.0,41.94444,0.0,0.0,4.0
1758086943.6122,33912.0,186.28702,36272.0,199.2511,1204.0,33.44444,15.0,0.41667,4.0
1758086943.6129,33863.0,186.01785,36275.0,199.26758,774.0,21.5,110.0,3.05556,4.0
1758086943.61512,33836.0,185.86954,36289.0,199.34448,367.0,10.19444,429.0,11.91667,4.0
1758086943.63211,33826.0,185.81461,36325.0,199.54224,59.0,1.63889,961.0,26.69444,4.0
1758086943.63995,33828.0,185.82559,36397.0,199.93774,-36.0,-1.0,1763.0,48.97222,4.0
1758086943.64275,33829.0,185.83109,36507.0,200.54201,-28.0,-0.77778,2500.0,69.44444,4.0
1758086943.72658,33832.0,185.84756,36649.0,201.32204,-90.0,-2.5,3047.0,84.63889,4.0
1758086943.72835,33839.0,185.88602,36813.0,202.22293,-158.0,-4.38889,3326.0,92.38889,4.0
1758086943.75239,33849.0,185.94095,36981.0,203.14578,-236.0,-6.55556,3279.0,91.08334,4.0
1758086943.75321,33864.0,186.02335,37142.0,204.03021,-339.0,-9.41667,3084.0,85.66666,4.0
1758086943.75501,33882.0,186.12222,37291.0,204.84871,-367.0,-10.19444,2854.0,79.27778,4.0
1758086943.75582,33899.0,186.21561,37433.0,205.62874,-300.0,-8.33333,2803.0,77.86111,4.0
1758086943.76036,33912.0,186.28702,37575.0,206.4088,-167.0,-4.63889,2872.0,79.77778,4.0
1758086943.76496,33913.0,186.29251,37726.0,207.23827,31.0,0.86111,3086.0,85.72222,4.0
1758086943.76669,33913.0,186.29251,37892.0,208.15015,0.0,0.0,3425.0,95.13889,4.0
1758086943.76733,33913.0,186.29251,38077.0,209.16641,8.0,0.22222,3844.0,106.77778,4.0
1758086943.76937,33912.0,186.28702,38282.0,210.29253,10.0,0.27778,4214.0,117.05556,4.0
1758086943.77001,33912.0,186.28702,38497.0,211.47356,0.0,0.0,4281.0,118.91666,4.0
1758086943.77122,33912.0,186.28702,38710.0,212.64362,2.0,0.05556,4171.0,115.86111,4.0
1758086943.79107,33911.0,186.28152,38919.0,213.79172,14.0,0.38889,4074.0,113.16666,4.0
1758086943.79178,33910.0,186.27603,39124.0,214.91783,31.0,0.86111,4024.0,111.77778,4.0
1758086943.81136,33908.0,186.26505,39325.0,216.02199,55.0,1.52778,3910.0,108.61111,4.0
1758086943.81632,33907.0,186.25955,39518.0,217.08217,0.0,0.0,3742.0,103.94444,4.0
1758086943.81704,33907.0,186.25955,39701.0,218.08743,3.0,0.08333,3516.0,97.66666,4.0
1758086943.83671,33907.0,186.25955,39872.0,219.02678,14.0,0.38889,3315.0,92.08334,4.0
1758086943.83713,33907.0,186.25955,40033.0,219.91118,19.0,0.52778,3070.0,85.27778,4.0
1758086943.85582,33906.0,186.25406,40182.0,220.72969,14.0,0.38889,2843.0,78.97222,4.0
1758086943.85982,33906.0,186.25406,40318.0,221.47676,6.0,0.16667,2601.0,72.25,4.0
1758086943.87502,33906.0,186.25406,40442.0,222.15793,0.0,0.0,2349.0,65.25,4.0
1758086943.89106,33906.0,186.25406,40553.0,222.76767,0.0,0.0,2108.0,58.55556,4.0
1758086943.89188,33907.0,186.25955,40650.0,223.30054,-16.0,-0.44444,1798.0,49.94444,4.0
1758086943.91107,33908.0,186.26505,40733.0,223.75647,-43.0,-1.19444,1484.0,41.22222,4.0
1758086943.91184,33912.0,186.28702,40796.0,224.10254,-83.0,-2.30556,1118.0,31.05556,4.0
1758086943.93274,33917.0,186.31448,40840.0,224.34425,-126.0,-3.5,641.0,17.80556,4.0
1758086943.93343,33927.0,186.36943,40858.0,224.44313,-285.0,-7.91667,142.0,3.94444,4.0
1758086943.94987,33949.0,186.49028,40854.0,224.42116,-544.0,-15.11111,-192.0,-5.33333,4.0
1758086943.95106,33987.0,186.69902,40840.0,224.34425,-933.0,-25.91667,-319.0,-8.86111,4.0
1758086943.96604,34048.0,187.0341,40813.0,224.19592,-1369.0,-38.02778,-697.0,-19.36111,4.0
1758086943.9673,34131.0,187.49004,40769.0,223.95422,-1859.0,-51.63889,-983.0,-27.30556,4.0
1758086943.98475,34238.0,188.07782,40709.0,223.62463,-2307.0,-64.08334,-1338.0,-37.16667,4.0
1758086944.00112,34370.0,188.80292,40629.0,223.18518,-2820.0,-78.33334,-1745.0,-48.47222,4.0
1758086944.00189,34528.0,189.67087,40526.0,222.61935,-3362.0,-93.38889,-2252.0,-62.55556,4.0
1758086944.01717,34715.0,190.6981,40398.0,221.91623,-3922.0,-108.94444,-2779.0,-77.19444,4.0
1758086944.0199,34927.0,191.86266,40239.0,221.0428,-4341.0,-120.58334,-3373.0,-93.69444,4.0
1758086944.036,35152.0,193.09865,40049.0,219.99907,-4463.0,-123.97222,-4038.0,-112.16666,4.0
1758086944.03982,35383.0,194.36758,39826.0,218.77409,-4629.0,-128.58333,-4620.0,-128.33333,4.0
1758086944.05588,35619.0,195.66399,39588.0,217.46671,-4639.0,-128.86111,-4667.0,-129.63889,4.0
1758086944.05901,35845.0,196.90547,39363.0,216.23073,-4253.0,-118.13889,-4243.0,-117.86111,4.0
1758086944.07409,36041.0,197.98215,39166.0,215.14854,-3544.0,-98.44444,-3612.0,-100.33334,4.0
1758086944.09094,36200.0,198.85556,38999.0,214.23117,-2827.0,-78.52778,-3110.0,-86.38889,4.0
1758086944.09167,36322.0,199.52576,38855.0,213.44016,-2065.0,-57.36111,-2686.0,-74.61111,4.0
1758086944.10709,36410.0,200.00916,38727.0,212.737,-1496.0,-41.55556,-2477.0,-68.80556,4.0
1758086944.10788,36473.0,200.35522,38604.0,212.06134,-1100.0,-30.55556,-2457.0,-68.25,4.0
1758086944.12311,36526.0,200.64638,38475.0,211.35271,-968.0,-26.88889,-2656.0,-73.77778,4.0
1758086944.13913,36574.0,200.91005,38332.0,210.56718,-973.0,-27.02778,-2999.0,-83.30556,4.0
1758086944.13991,36626.0,201.19569,38169.0,209.67178,-1112.0,-30.88889,-3397.0,-94.36111,4.0
1758086944.15507,36686.0,201.52528,37986.0,208.6665,-1186.0,-32.94444,-3757.0,-104.36111,4.0
1758086944.17123,36751.0,201.88235,37788.0,207.57886,-1315.0,-36.52778,-4031.0,-111.97222,4.0
1758086944.17232,36817.0,202.2449,37580.0,206.43626,-1274.0,-35.38889,-4173.0,-115.91666,4.0
1758086944.19115,36880.0,202.59097,37367.0,205.26619,-1237.0,-34.36111,-4240.0,-117.77778,4.0
1758086944.1919,36937.0,202.90408,37157.0,204.11261,-1032.0,-28.66667,-4108.0,-114.11111,4.0
1758086944.21041,36983.0,203.15677,36957.0,203.01395,-818.0,-22.72222,-3832.0,-106.44444,4.0
1758086944.21195,37021.0,203.36554,36769.0,201.98123,-722.0,-20.05556,-3607.0,-100.19444,4.0
1758086944.22023,37049.0,203.51935,36593.0,201.01442,-446.0,-12.38889,-3361.0,-93.36111,4.0
1758086944.23629,37067.0,203.61823,36426.0,200.09705,-285.0,-7.91667,-3208.0,-89.11111,4.0
1758086944.23922,37081.0,203.69513,36268.0,199.22913,-279.0,-7.75,-3087.0,-85.75,4.0
1758086944.25513,37096.0,203.77753,36117.0,198.39963,-304.0,-8.44444,-2957.0,-82.13889,4.0
1758086944.27118,37111.0,203.85992,35970.0,197.59213,-271.0,-7.52778,-2868.0,-79.66666,4.0
1758086944.27642,37126.0,203.94232,35829.0,196.81758,-300.0,-8.33333,-2792.0,-77.55556,4.0
1758086944.29114,37137.0,204.00275,35689.0,196.04851,-185.0,-5.13889,-2715.0,-75.41666,4.0
1758086944.29325,37147.0,204.05768,35552.0,195.29594,-201.0,-5.58333,-2678.0,-74.38889,4.0
1758086944.31215,37153.0,204.09064,35419.0,194.56534,-44.0,-1.22222,-2570.0,-71.38889,4.0
1758086944.34104,37153.0,204.09064,35291.0,193.86221,28.0,0.77778,-2443.0,-67.86111,4.0
1758086944.34168,37152.0,204.08514,35171.0,193.20302,0.0,0.0,-2303.0,-63.97222,4.0
1758086944.34256,37152.0,204.08514,35056.0,192.5713,0.0,0.0,-2244.0,-62.33333,4.0
1758086944.34384,37153.0,204.09064,34944.0,191.95607,-15.0,-0.41667,-2232.0,-62.0,4.0
1758086944.35916,37154.0,204.09613,34830.0,191.32982,-44.0,-1.22222,-2325.0,-64.58334,4.0
1758086944.36034,37161.0,204.13458,34707.0,190.65416,-241.0,-6.69444,-2529.0,-70.25,4.0
1758086944.37517,37181.0,204.24445,34572.0,189.91257,-458.0,-12.72222,-2796.0,-77.66666,4.0
1758086944.39229,37211.0,204.40924,34426.0,189.11053,-686.0,-19.05556,-2979.0,-82.75,4.0
1758086944.4117,37256.0,204.65645,34275.0,188.28107,-1009.0,-28.02778,-2959.0,-82.19444,4.0
1758086944.42019,37311.0,204.95857,34128.0,187.47356,-1141.0,-31.69444,-2829.0,-78.58334,4.0
1758086944.42063,37372.0,205.29366,33993.0,186.73198,-1244.0,-34.55556,-2548.0,-70.77778,4.0
1758086944.42161,37437.0,205.65071,33874.0,186.07828,-1279.0,-35.52778,-2145.0,-59.58333,4.0
1758086944.43913,37503.0,206.01326,33777.0,185.54544,-1330.0,-36.94444,-1769.0,-49.13889,4.0
1758086944.43956,37570.0,206.38133,33699.0,185.11697,-1357.0,-37.69444,-1358.0,-37.72222,4.0
1758086944.45521,37641.0,206.77135,33638.0,184.78186,-1483.0,-41.19444,-1086.0,-30.16667,4.0
1758086944.47123,37722.0,207.21629,33593.0,184.53467,-1689.0,-46.91667,-692.0,-19.22222,4.0
1758086944.47324,37817.0,207.73816,33576.0,184.44128,-1990.0,-55.27778,-55.0,-1.52778,4.0
1758086944.48828,37918.0,208.29297,33585.0,184.49072,-2031.0,-56.41667,316.0,8.77778,4.0
1758086944.48938,38021.0,208.8588,33611.0,184.63354,-2056.0,-57.11111,668.0,18.55556,4.0
1758086944.56343,38127.0,209.44107,33653.0,184.86426,-2027.0,-56.30556,982.0,27.27778,4.0
1758086944.56514,38235.0,210.03433,33703.0,185.13895,-2186.0,-60.72222,921.0,25.58333,4.0
1758086944.56578,38352.0,210.67705,33743.0,185.35867,-2434.0,-67.61111,721.0,20.02778,4.0
1758086944.5666,38486.0,211.41313,33772.0,185.51797,-2840.0,-78.88889,402.0,11.16667,4.0
1758086944.57485,38640.0,212.25909,33781.0,185.56741,-3230.0,-89.72222,0.0,0.0,4.0
1758086944.57642,38814.0,213.21494,33776.0,185.53995,-3620.0,-100.55556,-112.0,-3.11111,4.0
1758086944.58065,39012.0,214.30258,33767.0,185.49051,-4066.0,-112.94444,-246.0,-6.83333,4.0
1758086944.5813,39230.0,215.50011,33751.0,185.40262,-4454.0,-123.72222,-355.0,-9.86111,4.0
1758086944.58571,39461.0,216.76906,33735.0,185.31473,-4568.0,-126.88889,-257.0,-7.13889,4.0
1758086944.60125,39691.0,218.0325,33727.0,185.27078,-4456.0,-123.77778,-107.0,-2.97222,4.0
1758086944.60286,39912.0,219.24651,33725.0,185.2598,-4261.0,-118.36111,1.0,0.02778,4.0
1758086944.61904,40119.0,220.38362,33726.0,185.26529,-3967.0,-110.19444,0.0,0.0,4.0
1758086944.61982,40310.0,221.43282,33726.0,185.26529,-3568.0,-99.11111,9.0,0.25,4.0
1758086944.63609,40474.0,222.33371,33727.0,185.27078,-3022.0,-83.94444,13.0,0.36111,4.0
1758086944.63967,40612.0,223.0918,33728.0,185.27628,-2488.0,-69.11111,8.0,0.22222,4.0
1758086944.70735,40723.0,223.70154,33729.0,185.28177,-1956.0,-54.33333,7.0,0.19444,4.0
1758086944.70774,40809.0,224.17395,33729.0,185.28177,-1485.0,-41.25,8.0,0.22222,4.0
1758086944.71049,40869.0,224.50356,33730.0,185.28726,-997.0,-27.69444,3.0,0.08333,4.0
1758086944.7116,40911.0,224.73427,33730.0,185.28726,-641.0,-17.80556,4.0,0.11111,4.0
1758086944.71235,40931.0,224.84413,33730.0,185.28726,-207.0,-5.75,0.0,0.0,4.0
1758086944.71311,40931.0,224.84413,33732.0,185.29825,139.0,3.86111,63.0,1.75,4.0
1758086944.71583,40917.0,224.76723,33740.0,185.34219,365.0,10.13889,254.0,7.05556,4.0
1758086944.73253,40892.0,224.6299,33759.0,185.44656,554.0,15.38889,462.0,12.83333,4.0
1758086944.73371,40858.0,224.44313,33791.0,185.62234,753.0,20.91667,759.0,21.08333,4.0
1758086944.74938,40809.0,224.17395,33838.0,185.88052,1202.0,33.38889,1041.0,28.91667,4.0
1758086944.75119,40736.0,223.77295,33901.0,186.22659,1636.0,45.44444,1429.0,39.69444,4.0
1758086944.76628,40640.0,223.24561,33984.0,186.68254,2125.0,59.02778,1802.0,50.05556,4.0
1758086944.76832,40518.0,222.57541,34088.0,187.25383,2670.0,74.16666,2229.0,61.91667,4.0
1758086944.78543,40367.0,221.74594,34215.0,187.95148,3250.0,90.27778,2738.0,76.05556,4.0
1758086944.80135,40183.0,220.73518,34368.0,188.79193,3924.0,109.0,3229.0,89.69444,4.0
1758086944.80295,39967.0,219.54863,34546.0,189.76974,4574.0,127.05556,3718.0,103.27778,4.0
1758086944.82132,39719.0,218.18631,34750.0,190.89037,5130.0,142.5,4209.0,116.91666,4.0
1758086944.82336,39448.0,216.69765,34969.0,192.0934,5485.0,152.36111,4384.0,121.77778,4.0
1758086944.84032,39166.0,215.14854,35186.0,193.28542,5572.0,154.77777,4140.0,115.0,4.0
1758086944.84067,38889.0,213.62692,35381.0,194.3566,5216.0,144.88889,3575.0,99.30556,4.0
1758086944.92035,38641.0,212.26459,35536.0,195.20805,4670.0,129.72223,2667.0,74.08334,4.0
1758086944.92102,38420.0,211.05058,35646.0,195.8123,4172.0,115.88889,1757.0,48.80556,4.0
1758086944.92338,38225.0,209.9794,35710.0,196.16386,3663.0,101.75,946.0,26.27778,4.0
1758086944.92528,38050.0,209.0181,35742.0,196.33968,3317.0,92.13889,398.0,11.05556,4.0
1758086944.92637,37884.0,208.1062,35749.0,196.37813,3251.0,90.30556,5.0,0.13889,4.0
1758086944.92982,37715.0,207.17784,35749.0,196.37813,3452.0,95.88889,9.0,0.25,4.0
1758086944.93254,37529.0,206.15611,35753.0,196.4001,3828.0,106.33334,115.0,3.19444,4.0
1758086944.93637,37327.0,205.04646,35763.0,196.45503,4171.0,115.86111,296.0,8.22222,4.0
1758086944.94075,37106.0,203.83246,35781.0,196.55391,4459.0,123.86111,395.0,10.97222,4.0
1758086944.94114,36874.0,202.55801,35809.0,196.70772,4719.0,131.08333,631.0,17.52778,4.0
1758086944.95647,36630.0,201.21767,35846.0,196.91096,4914.0,136.5,810.0,22.5,4.0
1758086944.96011,36381.0,199.84985,35889.0,197.14717,4917.0,136.58333,806.0,22.38889,4.0
1758086945.00569,36136.0,198.504,35922.0,197.32845,4761.0,132.25,540.0,15.0,4.0
1758086945.00812,35901.0,197.21309,35943.0,197.4438,4557.0,126.58334,342.0,9.5,4.0
1758086945.01151,35677.0,195.98259,35955.0,197.50972,4343.0,120.63889,124.0,3.44444,4.0
1758086945.01229,35468.0,194.83452,35955.0,197.50972,3975.0,110.41666,-23.0,-0.63889,4.0
1758086945.01336,35280.0,193.80179,35955.0,197.50972,3524.0,97.88889,-3.0,-0.08333,4.0
1758086945.0313,35115.0,192.8954,35955.0,197.50972,3044.0,84.55556,-1.0,-0.02778,4.0
1758086945.03182,34972.0,192.10988,35955.0,197.50972,2656.0,73.77778,0.0,0.0,4.0
1758086945.04842,34849.0,191.43419,35955.0,197.50972,2274.0,63.16667,0.0,0.0,4.0
1758086945.04999,34740.0,190.83543,35955.0,197.50972,1996.0,55.44444,0.0,0.0,4.0
1758086945.0656,34646.0,190.31906,35955.0,197.50972,1778.0,49.38889,0.0,0.0,4.0
1758086945.0815,34562.0,189.85764,35955.0,197.50972,1616.0,44.88889,0.0,0.0,4.0
1758086945.08293,34481.0,189.41269,35956.0,197.51521,1492.0,41.44444,9.0,0.25,4.0
1758086945.22405,34406.0,189.00067,35956.0,197.51521,1490.0,41.38889,18.0,0.5,4.0
1758086945.23915,34331.0,188.58868,35958.0,197.5262,1464.0,40.66667,46.0,1.27778,4.0
1758086945.24546,34256.0,188.1767,35962.0,197.54817,1470.0,40.83333,84.0,2.33333,4.0
1758086945.25296,34181.0,187.76471,35969.0,197.58664,1453.0,40.36111,206.0,5.72222,4.0
1758086945.25524,34110.0,187.37468,35984.0,197.66904,1290.0,35.83333,371.0,10.30556,4.0
1758086945.25637,34052.0,187.05608,36007.0,197.79538,1041.0,28.91667,505.0,14.02778,4.0
1758086945.25712,34008.0,186.81438,36036.0,197.95468,730.0,20.27778,594.0,16.5,4.0
1758086945.26122,33980.0,186.66057,36073.0,198.15793,372.0,10.33333,915.0,25.41667,4.0
1758086945.2622,33971.0,186.61113,36134.0,198.49301,30.0,0.83333,1444.0,40.11111,4.0
1758086945.26281,33973.0,186.62212,36221.0,198.97092,-26.0,-0.72222,1940.0,53.88889,4.0
1758086945.26716,33973.0,186.62212,36335.0,199.59717,7.0,0.19444,2412.0,67.0,4.0
1758086945.26785,33973.0,186.62212,36470.0,200.33875,0.0,0.0,2816.0,78.22222,4.0
1758086945.27068,33973.0,186.62212,36620.0,201.16273,4.0,0.11111,3013.0,83.69444,4.0
1758086945.27132,33973.0,186.62212,36777.0,202.02518,9.0,0.25,3153.0,87.58334,4.0
1758086945.27445,33972.0,186.61662,36939.0,202.91507,0.0,0.0,3287.0,91.30556,4.0
1758086945.27878,33972.0,186.61662,37110.0,203.85443,-4.0,-0.11111,3481.0,96.69444,4.0
1758086945.27951,33974.0,186.62761,37296.0,204.87617,-47.0,-1.30556,3807.0,105.75,4.0
1758086945.28141,33978.0,186.64958,37497.0,205.9803,-112.0,-3.11111,4029.0,111.91666,4.0
1758086945.28259,33985.0,186.68803,37705.0,207.12291,-182.0,-5.05556,4146.0,115.16666,4.0
1758086945.28566,33996.0,186.74846,37917.0,208.28748,-153.0,-4.25,4175.0,115.97222,4.0
1758086945.3679,34000.0,186.77043,38129.0,209.45206,-9.0,-0.25,4191.0,116.41666,4.0
1758086945.37142,33999.0,186.76494,38340.0,210.61113,20.0,0.55556,4141.0,115.02778,4.0
1758086945.3737,33997.0,186.75395,38545.0,211.73724,47.0,1.30556,4001.0,111.13889,4.0
1758086945.37485,33996.0,186.74846,38741.0,212.8139,0.0,0.0,3791.0,105.30556,4.0
1758086945.3763,33995.0,186.74297,38928.0,213.84116,44.0,1.22222,3634.0,100.94444,4.0
1758086945.37955,33987.0,186.69902,39112.0,214.85191,225.0,6.25,3624.0,100.66666,4.0
1758086945.3806,33970.0,186.60564,39296.0,215.86269,468.0,13.0,3659.0,101.63889,4.0
1758086945.38124,33933.0,186.40239,39485.0,216.90089,940.0,26.11111,3783.0,105.08334,4.0
1758086945.38516,33873.0,186.07278,39679.0,217.96658,1371.0,38.08333,3891.0,108.08334,4.0
1758086945.38554,33794.0,185.63882,39875.0,219.04326,1699.0,47.19444,3904.0,108.44444,4.0
1758086945.40237,33702.0,185.13345,40070.0,220.11446,1881.0,52.25,3786.0,105.16666,4.0
1758086945.40317,33604.0,184.59509,40253.0,221.11971,1912.0,53.11111,3441.0,95.58334,4.0
1758086945.42133,33513.0,184.09521,40417.0,222.0206,1752.0,48.66667,3042.0,84.5,4.0
1758086945.4218,33432.0,183.65027,40556.0,222.78415,1448.0,40.22222,2571.0,71.41666,4.0
1758086945.43921,33367.0,183.2932,40671.0,223.41589,1137.0,31.58333,2067.0,57.41667,4.0
1758086945.43993,33324.0,183.05699,40762.0,223.91577,659.0,18.30556,1598.0,44.38889,4.0
1758086945.45556,33307.0,182.96361,40828.0,224.27832,114.0,3.16667,1048.0,29.11111,4.0
1758086945.47236,33314.0,183.00206,40861.0,224.45961,-268.0,-7.44444,343.0,9.52778,4.0
1758086945.47382,33338.0,183.1339,40862.0,224.4651,-597.0,-16.58333,-126.0,-3.5,4.0
1758086945.48866,33381.0,183.3701,40850.0,224.39919,-1040.0,-28.88889,-336.0,-9.33333,4.0
1758086945.49093,33441.0,183.69971,40824.0,224.25635,-1322.0,-36.72222,-619.0,-17.19444,4.0
1758086945.50846,33519.0,184.12817,40786.0,224.04761,-1680.0,-46.66667,-774.0,-21.5,4.0
1758086945.51179,33613.0,184.64453,40745.0,223.82239,-2007.0,-55.75,-854.0,-23.72222,4.0
1758086945.53902,33724.0,185.2543,40696.0,223.55322,-2261.0,-62.80556,-1049.0,-29.13889,4.0
1758086945.54226,33846.0,185.92447,40638.0,223.23462,-2504.0,-69.55556,-1190.0,-33.05556,4.0
1758086945.55102,33977.0,186.64409,40574.0,222.88303,-2668.0,-74.11111,-1356.0,-37.66667,4.0
1758086945.55399,34119.0,187.42412,40500.0,222.47653,-2849.0,-79.13889,-1542.0,-42.83333,4.0
1758086945.57062,34267.0,188.23712,40418.0,222.02609,-2939.0,-81.63889,-1706.0,-47.38889,4.0
1758086945.57182,34418.0,189.06659,40328.0,221.53171,-3030.0,-84.16666,-1829.0,-50.80556,4.0
1758086945.59252,34575.0,189.92905,40232.0,221.00435,-3147.0,-87.41666,-1953.0,-54.25,4.0
1758086945.59288,34737.0,190.81895,40126.0,220.42207,-3242.0,-90.05556,-2193.0,-60.91667,4.0
1758086945.6102,34908.0,191.75829,40007.0,219.76836,-3446.0,-95.72222,-2479.0,-68.86111,4.0
1758086945.61097,35091.0,192.76357,39872.0,219.02678,-3753.0,-104.25,-2816.0,-78.22222,4.0
1758086945.62736,35289.0,193.85123,39721.0,218.1973,-4037.0,-112.13889,-3133.0,-87.02778,4.0
1758086945.63338,35501.0,195.01579,39551.0,217.26344,-4265.0,-118.47222,-3491.0,-96.97222,4.0
1758086945.65118,35714.0,196.18587,39360.0,216.21425,-4189.0,-116.36111,-3985.0,-110.69444,4.0
1758086945.65384,35919.0,197.31197,39140.0,215.00572,-3935.0,-109.30556,-4553.0,-126.47222,4.0
1758086945.67123,36111.0,198.36667,38894.0,213.65439,-3702.0,-102.83334,-5113.0,-142.02777,4.0
1758086945.67484,36294.0,199.37195,38622.0,212.16022,-3560.0,-98.88889,-5472.0,-152.0,4.0
1758086945.69223,36469.0,200.33325,38334.0,210.57817,-3333.0,-92.58334,-5659.0,-157.19444,4.0
1758086945.73081,36624.0,201.18471,38055.0,209.04556,-2791.0,-77.52778,-5312.0,-147.55556,4.0
1758086945.73472,36741.0,201.82742,37807.0,207.68323,-1953.0,-54.25,-4630.0,-128.61111,4.0
1758086945.7355,36814.0,202.22842,37591.0,206.49669,-1051.0,-29.19444,-4039.0,-112.19444,4.0
1758086945.74246,36843.0,202.38773,37398.0,205.43648,-239.0,-6.63889,-3686.0,-102.38889,4.0
1758086945.74289,36841.0,202.37674,37219.0,204.45319,156.0,4.33333,-3441.0,-95.58334,4.0
1758086945.74582,36830.0,202.31631,37044.0,203.49188,273.0,7.58333,-3450.0,-95.83334,4.0
1758086945.76163,36816.0,202.23941,36865.0,202.50858,243.0,6.75,-3615.0,-100.41666,4.0
1758086945.76587,36805.0,202.17899,36675.0,201.46486,229.0,6.36111,-3874.0,-107.61111,4.0
1758086945.78165,36796.0,202.12955,36471.0,200.34424,128.0,3.55556,-4169.0,-115.80556,4.0
1758086945.82615,36790.0,202.09659,36257.0,199.1687,107.0,2.97222,-4283.0,-118.97222,4.0
1758086945.82846,36785.0,202.06912,36043.0,197.99313,103.0,2.86111,-4198.0,-116.61111,4.0
1758086945.83036,36780.0,202.04166,35833.0,196.83955,115.0,3.19444,-4112.0,-114.22222,4.0
1758086945.83104,36773.0,202.0032,35630.0,195.72441,148.0,4.11111,-3920.0,-108.88889,4.0
1758086945.83187,36761.0,201.93729,35437.0,194.66422,324.0,9.0,-3681.0,-102.25,4.0
1758086945.83856,36742.0,201.83292,35259.0,193.68643,434.0,12.05556,-3379.0,-93.86111,4.0
1758086945.83979,36719.0,201.70656,35096.0,192.79103,475.0,13.19444,-3137.0,-87.13889,4.0
1758086945.85649,36698.0,201.5912,34943.0,191.95055,386.0,10.72222,-2961.0,-82.25,4.0
1758086945.8596,36683.0,201.5088,34796.0,191.14305,232.0,6.44444,-2917.0,-81.02778,4.0
1758086945.87579,36673.0,201.45387,34648.0,190.33005,131.0,3.63889,-2963.0,-82.30556,4.0
1758086945.93063,36674.0,201.45937,34498.0,189.50607,-74.0,-2.05556,-2982.0,-82.83334,4.0
1758086945.93144,36679.0,201.48683,34345.0,188.66559,-153.0,-4.25,-3013.0,-83.69444,4.0
1758086945.93324,36697.0,201.58571,34191.0,187.81964,-538.0,-14.94444,-3065.0,-85.13889,4.0
1758086945.93388,36736.0,201.79996,34035.0,186.96269,-1033.0,-28.69444,-3131.0,-86.97222,4.0
1758086945.93599,36805.0,202.17899,33873.0,186.07278,-1556.0,-43.22222,-3228.0,-89.66666,4.0
1758086945.93651,36897.0,202.68436,33708.0,185.16641,-2039.0,-56.63889,-3272.0,-90.88889,4.0
1758086945.93936,37011.0,203.31061,33544.0,184.2655,-2460.0,-68.33334,-3221.0,-89.47222,4.0
1758086945.95471,37149.0,204.06866,33388.0,183.40855,-2896.0,-80.44444,-2920.0,-81.11111,4.0
1758086945.97072,37307.0,204.9366,33261.0,182.71092,-3280.0,-91.11111,-2158.0,-59.94444,4.0
1758086945.97398,37478.0,205.87593,33186.0,182.29893,-3450.0,-95.83334,-966.0,-26.83333,4.0
1758086945.97954,37654.0,206.84276,33170.0,182.21104,-3472.0,-96.44444,142.0,3.94444,4.0
1758086946.00557,37828.0,207.79858,33186.0,182.29893,-3393.0,-94.25,400.0,11.11111,4.0
1758086946.00726,37997.0,208.72693,33213.0,182.44725,-3292.0,-91.44444,605.0,16.80556,4.0
1758086946.87581,38158.0,209.61136,33251.0,182.65599,-3081.0,-85.58334,841.0,23.36111,4.0
1758086946.88154,38309.0,210.44084,33294.0,182.8922,-2963.0,-82.30556,792.0,22.0,4.0
1758086946.8912,38462.0,211.2813,33324.0,183.05699,-3056.0,-84.88889,401.0,11.13889,4.0
1758086946.91691,38619.0,212.14374,33331.0,183.09544,-3189.0,-88.58334,-47.0,-1.30556,4.0
1758086946.91997,38786.0,213.06113,33326.0,183.06798,-3403.0,-94.52778,-114.0,-3.16667,4.0
1758086946.92334,38970.0,214.07187,33317.0,183.01854,-3775.0,-104.86111,-262.0,-7.27778,4.0
1758086946.9269,39173.0,215.187,33294.0,182.8922,-4189.0,-116.36111,-594.0,-16.5,4.0
1758086946.92727,39395.0,216.40651,33256.0,182.68346,-4574.0,-127.05556,-851.0,-23.63889,4.0
1758086946.93088,39632.0,217.7084,33210.0,182.43077,-4767.0,-132.41667,-951.0,-26.41667,4.0
1758086946.93147,39877.0,219.05424,33160.0,182.15611,-4886.0,-135.72223,-1040.0,-28.88889,4.0
1758086946.93433,40123.0,220.40559,33108.0,181.87044,-4845.0,-134.58333,-954.0,-26.5,4.0
1758086946.93573,40363.0,221.72397,33068.0,181.65071,-4551.0,-126.41666,-673.0,-18.69444,4.0
1758086946.9365,40582.0,222.927,33043.0,181.51338,-4082.0,-113.38889,-371.0,-10.30556,4.0
1758086946.94077,40774.0,223.98169,33036.0,181.47493,-3564.0,-99.0,0.0,0.0,4.0
1758086946.94439,40937.0,224.87709,33037.0,181.48042,-2977.0,-82.69444,12.0,0.33333,4.0
1758086946.95235,41069.0,225.60219,33037.0,181.48042,-2309.0,-64.13889,8.0,0.22222,4.0
1758086946.95381,41162.0,226.11307,33040.0,181.4969,-1482.0,-41.16667,79.0,2.19444,4.0
1758086946.95488,41211.0,226.38223,33047.0,181.53535,-528.0,-14.66667,159.0,4.41667,4.0
1758086946.95562,41210.0,226.37674,33059.0,181.60127,378.0,10.5,317.0,8.80556,4.0
1758086946.96235,41173.0,226.17349,33082.0,181.72762,920.0,25.55556,531.0,14.75,4.0
1758086946.96621,41114.0,225.8494,33117.0,181.91988,1370.0,38.05556,812.0,22.55556,4.0
1758086946.96766,41032.0,225.39894,33163.0,182.17259,1803.0,50.08333,922.0,25.61111,4.0
1758086946.97114,40932.0,224.84962,33209.0,182.42528,2133.0,59.25,932.0,25.88889,4.0
1758086946.97237,40815.0,224.20691,33262.0,182.71642,2433.0,67.58334,1113.0,30.91667,4.0
1758086946.97304,40684.0,223.4873,33321.0,183.04051,2715.0,75.41666,1140.0,31.66667,4.0
1758086946.97586,40537.0,222.67978,33383.0,183.38109,3014.0,83.72222,1328.0,36.88889,4.0
1758086946.97808,40375.0,221.78989,33455.0,183.77661,3337.0,92.69444,1487.0,41.30556,4.0
1758086946.98514,40196.0,220.80659,33535.0,184.21606,3664.0,101.77778,1673.0,46.47222,4.0
1758086946.99102,40003.0,219.74638,33622.0,184.69397,3948.0,109.66666,1771.0,49.19444,4.0
1758086946.9917,39796.0,218.60928,33715.0,185.20486,4233.0,117.58334,1880.0,52.22222,4.0
1758086946.99854,39575.0,217.39529,33817.0,185.76517,4504.0,125.11111,2101.0,58.36111,4.0
1758086947.00183,39337.0,216.08791,33931.0,186.3914,4883.0,135.63889,2353.0,65.36111,4.0
1758086947.0124,39081.0,214.68163,34057.0,187.08354,5216.0,144.88889,2596.0,72.11111,4.0
1758086948.18354,38807.0,213.17648,34196.0,187.84711,5535.0,153.75,2913.0,80.91666,4.0
1758086948.32874,38516.0,211.57793,34354.0,188.71503,6007.0,166.86111,3269.0,90.80556,4.0
1758086948.33181,38194.0,209.80911,34532.0,189.69284,6624.0,184.0,3671.0,101.97222,4.0
1758086948.33449,37856.0,207.95239,34732.0,190.79149,6670.0,185.27777,4116.0,114.33334,4.0
1758086948.33639,37515.0,206.07921,34949.0,191.98354,6784.0,188.44444,4378.0,121.61111,4.0
1758086948.3421,37180.0,204.23895,35166.0,193.17555,6438.0,178.83333,4140.0,115.0,4.0
1758086948.34583,36872.0,202.54703,35355.0,194.21378,5778.0,160.5,3328.0,92.44444,4.0
1758086948.35113,36604.0,201.07484,35489.0,194.94987,4921.0,136.69444,2150.0,59.72222,4.0
1758086948.35515,36387.0,199.88281,35563.0,195.35637,3809.0,105.80556,971.0,26.97222,4.0
1758086948.35676,36226.0,198.99841,35585.0,195.47722,2770.0,76.94444,47.0,1.30556,4.0
1758086948.36099,36105.0,198.33371,35579.0,195.44426,2155.0,59.86111,-123.0,-3.41667,4.0
1758086948.36138,36007.0,197.79538,35578.0,195.43877,1846.0,51.27778,35.0,0.97222,4.0
1758086948.50915,35912.0,197.27351,35581.0,195.45525,1906.0,52.94444,127.0,3.52778,4.0
1758086948.61477,35806.0,196.69124,35597.0,195.54314,2212.0,61.44444,476.0,13.22222,4.0
1758086948.61548,35684.0,196.02104,35634.0,195.74638,2643.0,73.41666,874.0,24.27778,4.0
1758086948.61623,35539.0,195.22453,35686.0,196.03203,3037.0,84.36111,1142.0,31.72222,4.0
1758086948.6198,35375.0,194.32364,35753.0,196.4001,3323.0,92.30556,1386.0,38.5,4.0
1758086948.6203,35199.0,193.35683,35821.0,196.77364,3494.0,97.05556,1322.0,36.72222,4.0
1758086948.62159,35025.0,192.40102,35886.0,197.13069,3431.0,95.30556,1203.0,33.41667,4.0
1758086948.62217,34856.0,191.47264,35935.0,197.39986,3200.0,88.88889,810.0,22.5,4.0
1758086948.6259,34701.0,190.6212,35968.0,197.58115,2886.0,80.16666,493.0,13.69444,4.0
1758086948.62646,34564.0,189.86862,35985.0,197.67453,2546.0,70.72222,199.0,5.52778,4.0
1758086948.62877,34447.0,189.22592,35989.0,197.6965,2115.0,58.75,32.0,0.88889,4.0
1758086948.63033,34353.0,188.70953,35991.0,197.70749,1689.0,46.91667,71.0,1.97222,4.0
1758086948.6307,34276.0,188.28656,36003.0,197.77341,1396.0,38.77778,381.0,10.58333,4.0
1758086948.63261,34214.0,187.94598,36035.0,197.94919,1163.0,32.30556,858.0,23.83333,4.0
1758086948.63338,34160.0,187.64934,36097.0,198.28976,993.0,27.58333,1577.0,43.80556,4.0
1758086948.63447,34118.0,187.41862,36199.0,198.85007,663.0,18.41667,2329.0,64.69444,4.0
1758086948.63525,34094.0,187.28679,36338.0,199.61365,366.0,10.16667,2976.0,82.66666,4.0
1758086948.63636,34082.0,187.22087,36505.0,200.53102,81.0,2.25,3510.0,97.5,4.0
1758086948.63954,34083.0,187.22636,36691.0,201.55275,-25.0,-0.69444,3806.0,105.72222,4.0
1758086948.64061,34083.0,187.22636,36889.0,202.64041,0.0,0.0,3998.0,111.05556,4.0
1758086948.64124,34085.0,187.23735,37100.0,203.7995,-90.0,-2.5,4205.0,116.80556,4.0
1758086948.64329,34097.0,187.30327,37319.0,205.00252,-386.0,-10.72222,4392.0,122.0,4.0
1758086948.64551,34133.0,187.50102,37541.0,206.22203,-982.0,-27.27778,4284.0,119.0,4.0
1758086948.64838,34195.0,187.84161,37754.0,207.39207,-1375.0,-38.19444,4103.0,113.97222,4.0
1758086948.65091,34272.0,188.26459,37958.0,208.5127,-1545.0,-42.91667,3980.0,110.55556,4.0
1758086948.65609,34345.0,188.66559,38163.0,209.63882,-1284.0,-35.66667,4095.0,113.75,4.0
1758086948.65646,34398.0,188.95673,38379.0,210.82536,-820.0,-22.77778,4400.0,122.22222,4.0
1758086948.65717,34419.0,189.07208,38612.0,212.10529,-90.0,-2.5,4765.0,132.36111,4.0
1758086948.65988,34407.0,189.00616,38863.0,213.4841,465.0,12.91667,5097.0,141.58333,4.0
1758086948.66064,34371.0,188.80841,39131.0,214.95628,896.0,24.88889,5388.0,149.66667,4.0
1758086948.66173,34317.0,188.51178,39403.0,216.45045,1170.0,32.5,5318.0,147.72223,4.0
1758086948.66253,34252.0,188.15472,39664.0,217.88419,1328.0,36.88889,5054.0,140.38889,4.0
1758086948.66363,34182.0,187.7702,39910.0,219.23552,1404.0,39.0,4735.0,131.52777,4.0
1758086948.66521,34110.0,187.37468,40136.0,220.47701,1380.0,38.33333,4234.0,117.61111,4.0
1758086948.66626,34042.0,187.00114,40332.0,221.55368,1297.0,36.02778,3633.0,100.91666,4.0
1758086948.66772,33980.0,186.66057,40499.0,222.47104,1125.0,31.25,3033.0,84.25,4.0
1758086948.6691,33928.0,186.37492,40638.0,223.23462,975.0,27.08333,2513.0,69.80556,4.0
1758086948.67144,33885.0,186.1387,40750.0,223.84985,769.0,21.36111,1972.0,54.77778,4.0
1758086948.67475,33853.0,185.96292,40836.0,224.32228,530.0,14.72222,1442.0,40.05556,4.0
1758086948.67624,33832.0,185.84756,40893.0,224.63539,353.0,9.80556,907.0,25.19444,4.0
1758086948.67903,33819.0,185.77615,40927.0,224.82216,165.0,4.58333,526.0,14.61111,4.0
1758086948.67968,33812.0,185.7377,40944.0,224.91554,129.0,3.58333,236.0,6.55556,4.0
1758086948.68049,33806.0,185.70474,40948.0,224.93752,143.0,3.97222,0.0,0.0,4.0
1758086948.68266,33798.0,185.6608,40947.0,224.93202,134.0,3.72222,0.0,0.0,4.0
1758086948.68313,33792.0,185.62784,40947.0,224.93202,123.0,3.41667,-9.0,-0.25,4.0
1758086948.68515,33788.0,185.60587,40946.0,224.92653,22.0,0.61111,-25.0,-0.69444,4.0
1758086948.68583,33789.0,185.61136,40944.0,224.91554,-45.0,-1.25,-58.0,-1.61111,4.0
1758086948.69006,33793.0,185.63333,40939.0,224.88808,-101.0,-2.80556,-135.0,-3.75,4.0
1758086948.69125,33807.0,185.71024,40920.0,224.78371,-426.0,-11.83333,-574.0,-15.94444,4.0
1758086948.6962,33845.0,185.91898,40875.0,224.53651,-1074.0,-29.83333,-1196.0,-33.22222,4.0
1758086948.69656,33922.0,186.34196,40789.0,224.06409,-1888.0,-52.44444,-2069.0,-57.47222,4.0
1758086948.6986,34040.0,186.99016,40663.0,223.37195,-2602.0,-72.27778,-2840.0,-78.88889,4.0
1758086948.69922,34190.0,187.81415,40501.0,222.48203,-3197.0,-88.80556,-3451.0,-95.86111,4.0
1758086948.70126,34364.0,188.76996,40313.0,221.4493,-3563.0,-98.97222,-3861.0,-107.25,4.0
1758086948.70303,34548.0,189.78073,40110.0,220.33418,-3695.0,-102.63889,-4016.0,-111.55556,4.0
1758086948.70475,34730.0,190.7805,39910.0,219.23552,-3504.0,-97.33334,-3880.0,-107.77778,4.0
1758086948.70536,34900.0,191.71434,39723.0,218.20828,-3186.0,-88.5,-3548.0,-98.55556,4.0
1758086948.70662,35052.0,192.54933,39553.0,217.27444,-2872.0,-79.77778,-3199.0,-88.86111,4.0
1758086948.71041,35189.0,193.3019,39397.0,216.4175,-2600.0,-72.22222,-2985.0,-82.91666,4.0
1758086948.71123,35316.0,193.99954,39250.0,215.60997,-2414.0,-67.05556,-2843.0,-78.97222,4.0
1758086948.7131,35435.0,194.65323,39107.0,214.82445,-2329.0,-64.69444,-2828.0,-78.55556,4.0
1758086948.71393,35553.0,195.30144,38961.0,214.02243,-2353.0,-65.36111,-2955.0,-82.08334,4.0
1758086948.71577,35674.0,195.96611,38806.0,213.17099,-2413.0,-67.02778,-3137.0,-87.13889,4.0
1758086948.7165,35798.0,196.64729,38639.0,212.2536,-2408.0,-66.88889,-3372.0,-93.66666,4.0
1758086948.71923,35920.0,197.31746,38458.0,211.25932,-2361.0,-65.58334,-3716.0,-103.22222,4.0
1758086948.71984,36037.0,197.96017,38261.0,210.17715,-2255.0,-62.63889,-4051.0,-112.52778,4.0
1758086948.72107,36150.0,198.5809,38045.0,208.99063,-2218.0,-61.61111,-4460.0,-123.88889,4.0
1758086948.72175,36263.0,199.20166,37807.0,207.68323,-2253.0,-62.58333,-4895.0,-135.97223,4.0
1758086948.7246,36381.0,199.84985,37548.0,206.26048,-2391.0,-66.41666,-5356.0,-148.77777,4.0
1758086948.72845,36504.0,200.52553,37261.0,204.68391,-2521.0,-70.02778,-5822.0,-161.72223,4.0
1758086948.73203,36632.0,201.22865,36965.0,203.05789,-2471.0,-68.63889,-5766.0,-160.16667,4.0
1758086949.02678,36747.0,201.86038,36681.0,201.49782,-2101.0,-58.36111,-5441.0,-151.13889,4.0
1758086949.02878,36836.0,202.34927,36417.0,200.04761,-1465.0,-40.69444,-5040.0,-140.0,4.0
1758086949.03068,36891.0,202.6514,36175.0,198.71823,-808.0,-22.44444,-4574.0,-127.05556,4.0
1758086949.03145,36910.0,202.75577,35957.0,197.52071,-62.0,-1.72222,-4150.0,-115.27778,4.0
1758086949.03573,36900.0,202.70084,35755.0,196.41109,352.0,9.77778,-3914.0,-108.72222,4.0
1758086949.0365,36875.0,202.56351,35560.0,195.33989,526.0,14.61111,-3853.0,-107.02778,4.0
1758086949.04076,36850.0,202.42618,35365.0,194.26871,435.0,12.08333,-3866.0,-107.38889,4.0
1758086949.04159,36832.0,202.3273,35170.0,193.19753,283.0,7.86111,-3846.0,-106.83334,4.0
1758086949.04351,36820.0,202.26138,34974.0,192.12086,180.0,5.0,-3859.0,-107.19444,4.0
1758086949.04591,36816.0,202.23941,34777.0,191.03868,37.0,1.02778,-3861.0,-107.25,4.0
1758086949.04877,36816.0,202.23941,34583.0,189.97299,-18.0,-0.5,-3780.0,-105.0,4.0
1758086949.05086,36817.0,202.2449,34397.0,188.95123,-37.0,-1.02778,-3577.0,-99.36111,4.0
1758086949.05275,36821.0,202.26688,34226.0,188.0119,-146.0,-4.05556,-3253.0,-90.36111,4.0
1758086949.05418,36834.0,202.33829,34069.0,187.14946,-323.0,-8.97222,-2935.0,-81.52778,4.0
1758086949.0562,36862.0,202.4921,33928.0,186.37492,-762.0,-21.16667,-2645.0,-73.47222,4.0
1758086949.05763,36914.0,202.77774,33804.0,185.69376,-1191.0,-33.08333,-2318.0,-64.38889,4.0
1758086949.05885,36986.0,203.17325,33695.0,185.095,-1597.0,-44.36111,-1990.0,-55.27778,4.0
1758086949.05949,37081.0,203.69513,33602.0,184.58411,-2053.0,-57.02778,-1698.0,-47.16667,4.0
1758086949.06026,37201.0,204.35431,33522.0,184.14465,-2620.0,-72.77778,-1472.0,-40.88889,4.0
1758086949.06139,37352.0,205.18379,33463.0,183.82056,-3239.0,-89.97222,-893.0,-24.80556,4.0
1758086949.06222,37530.0,206.16161,33438.0,183.68323,-3764.0,-104.55556,-142.0,-3.94444,4.0
1758086949.06484,37730.0,207.26024,33445.0,183.72168,-4052.0,-112.55556,223.0,6.19444,4.0
1758086949.06566,37934.0,208.38086,33464.0,183.82605,-4003.0,-111.19444,512.0,14.22222,4.0
1758086949.06673,38133.0,209.47403,33500.0,184.0238,-3848.0,-106.88889,836.0,23.22222,4.0
1758086949.0693,38325.0,210.52873,33546.0,184.27649,-3747.0,-104.08334,925.0,25.69444,4.0
1758086949.07613,38514.0,211.56694,33587.0,184.50171,-3690.0,-102.5,692.0,19.22222,4.0
1758086949.07715,38702.0,212.59967,33614.0,184.65002,-3747.0,-104.08334,400.0,11.11111,4.0
1758086949.08113,38894.0,213.65439,33625.0,184.71045,-3834.0,-106.5,74.0,2.05556,4.0
1758086949.08153,39089.0,214.72557,33623.0,184.69946,-3923.0,-108.97222,-42.0,-1.16667,4.0
1758086949.08308,39288.0,215.81871,33621.0,184.68848,-3904.0,-108.44444,-47.0,-1.30556,4.0
1758086949.08588,39485.0,216.90089,33618.0,184.672,-3861.0,-107.25,-65.0,-1.80556,4.0
1758086949.08732,39678.0,217.96109,33614.0,184.65002,-3760.0,-104.44444,-76.0,-2.11111,4.0
1758086949.09077,39867.0,218.99931,33610.0,184.62805,-3699.0,-102.75,-107.0,-2.97222,4.0
1758086949.09419,40051.0,220.01006,33604.0,184.59509,-3594.0,-99.83334,-91.0,-2.52778,4.0
1758086949.13125,40227.0,220.97688,33602.0,184.58411,-3413.0,-94.80556,-9.0,-0.25,4.0
1758086949.13712,40392.0,221.88327,33602.0,184.58411,-3131.0,-86.97222,4.0,0.11111,4.0
1758086949.13944,40540.0,222.69626,33602.0,184.58411,-2785.0,-77.36111,0.0,0.0,4.0
1758086949.14104,40667.0,223.39392,33603.0,184.5896,-2351.0,-65.30556,3.0,0.08333,4.0
1758086949.14214,40771.0,223.96521,33603.0,184.5896,-1799.0,-49.97222,17.0,0.47222,4.0
1758086949.14276,40844.0,224.36623,33604.0,184.59509,-1157.0,-32.13889,20.0,0.55556,4.0
1758086949.14504,40887.0,224.60243,33606.0,184.60608,-623.0,-17.30556,28.0,0.77778,4.0
1758086949.14625,40898.0,224.66286,33610.0,184.62805,102.0,2.83333,133.0,3.69444,4.0
1758086949.14745,40879.0,224.55849,33624.0,184.70496,577.0,16.02778,409.0,11.36111,4.0
1758086949.1505,40835.0,224.31679,33658.0,184.89172,1113.0,30.91667,852.0,23.66667,4.0
1758086949.15175,40758.0,223.8938,33711.0,185.18289,1797.0,49.91667,1139.0,31.63889,4.0
1758086949.15238,40652.0,223.31152,33779.0,185.55643,2358.0,65.5,1509.0,41.91667,4.0
1758086949.15314,40521.0,222.59189,33863.0,186.01785,2790.0,77.5,1731.0,48.08333,4.0
1758086949.15427,40370.0,221.76242,33958.0,186.53972,3115.0,86.52778,1936.0,53.77778,4.0
1758086949.155,40203.0,220.84505,34059.0,187.09453,3373.0,93.69444,2038.0,56.61111,4.0
1758086949.15614,40030.0,219.8947,34162.0,187.66032,3515.0,97.63889,2034.0,56.5,4.0
1758086949.1569,39852.0,218.91692,34267.0,188.23712,3477.0,96.58334,1999.0,55.52778,4.0
1758086949.158,39678.0,217.96109,34365.0,188.77545,3413.0,94.80556,1892.0,52.55556,4.0
1758086949.15878,39505.0,217.01076,34457.0,189.28085,3428.0,95.22222,1785.0,49.58333,4.0
1758086949.15993,39330.0,216.04945,34546.0,189.76974,3520.0,97.77778,1756.0,48.77778,4.0
1758086949.16053,39148.0,215.04967,34638.0,190.27512,3640.0,101.11111,1869.0,51.91667,4.0
1758086949.16413,38959.0,214.01144,34739.0,190.82994,3836.0,106.55556,2045.0,56.80556,4.0
1758086949.16476,38757.0,212.90179,34848.0,191.4287,4076.0,113.22222,2283.0,63.41667,4.0
1758086949.16601,38538.0,211.69879,34970.0,192.09889,4512.0,125.33334,2552.0,70.88889,4.0
1758086949.1698,38297.0,210.37492,35109.0,192.86244,4946.0,137.38889,2904.0,80.66666,4.0
1758086949.17265,38038.0,208.95218,35265.0,193.71939,5191.0,144.19444,3237.0,89.91666,4.0
1758086949.17407,37774.0,207.50195,35441.0,194.68619,5264.0,146.22223,3614.0,100.38889,4.0
1758086949.17566,37505.0,206.02428,35632.0,195.7354,5348.0,148.55556,3805.0,105.69444,4.0
1758086949.17837,37240.0,204.56854,35818.0,196.75716,5162.0,143.38889,3501.0,97.25,4.0
1758086949.22767,36992.0,203.20624,35976.0,197.62509,4646.0,129.05556,2802.0,77.83334,4.0
1758086949.23263,36776.0,202.01968,36094.0,198.27328,4044.0,112.33334,1915.0,53.19444,4.0
1758086949.23652,36589.0,200.99245,36166.0,198.66879,3380.0,93.88889,1018.0,28.27778,4.0
1758086949.23816,36438.0,200.16296,36192.0,198.81161,2766.0,76.83334,162.0,4.5,4.0
1758086949.23892,36307.0,199.44336,36189.0,198.79514,2453.0,68.13889,-85.0,-2.36111,4.0
1758086949.24003,36184.0,198.76767,36188.0,198.78964,2425.0,67.36111,21.0,0.58333,4.0
1758086949.2407,36058.0,198.07553,36190.0,198.80063,2570.0,71.38889,44.0,1.22222,4.0
1758086949.2427,35918.0,197.30647,36195.0,198.82809,2900.0,80.55556,149.0,4.13889,4.0
1758086949.24412,35756.0,196.41658,36206.0,198.88852,3306.0,91.83334,274.0,7.61111,4.0
1758086949.24616,35577.0,195.43327,36226.0,198.99841,3715.0,103.19444,466.0,12.94444,4.0
1758086949.24788,35381.0,194.3566,36251.0,199.13574,3950.0,109.72222,504.0,14.0,4.0
1758086949.25148,35176.0,193.23048,36270.0,199.24011,4073.0,113.13889,217.0,6.02778,4.0
1758086949.25459,34971.0,192.10439,36271.0,199.24561,4040.0,112.22222,-76.0,-2.11111,4.0
1758086949.25498,34769.0,190.99474,36270.0,199.24011,3943.0,109.52778,-9.0,-0.25,4.0
1758086949.25609,34580.0,189.95651,36269.0,199.23462,3569.0,99.13889,-18.0,-0.5,4.0
1758086949.25688,34416.0,189.0556,36268.0,199.22913,2978.0,82.72222,-23.0,-0.63889,4.0
1758086949.258,34282.0,188.31952,36268.0,199.22913,2402.0,66.72222,3.0,0.08333,4.0
1758086949.26036,34177.0,187.74274,36268.0,199.22913,1868.0,51.88889,26.0,0.72222,4.0
1758086949.26329,34093.0,187.2813,36273.0,199.25659,1482.0,41.16667,137.0,3.80556,4.0
1758086949.26571,34026.0,186.91325,36287.0,199.3335,1229.0,34.13889,430.0,11.94444,4.0
1758086949.26853,33969.0,186.60014,36319.0,199.50928,990.0,27.5,813.0,22.58333,4.0
1758086949.27064,33921.0,186.33647,36378.0,199.83337,913.0,25.36111,1395.0,38.75,4.0
1758086949.27192,33879.0,186.10574,36462.0,200.2948,790.0,21.94444,1853.0,51.47222,4.0
1758086949.2723,33843.0,185.90799,36571.0,200.89357,658.0,18.27778,2336.0,64.88889,4.0
1758086949.32287,33815.0,185.75418,36703.0,201.61867,400.0,11.11111,2791.0,77.52778,4.0
1758086949.32327,33805.0,185.69925,36855.0,202.45364,12.0,0.33333,3118.0,86.61111,4.0
1758086949.32523,33815.0,185.75418,37021.0,203.36554,-312.0,-8.66667,3364.0,93.44444,4.0
1758086949.3258,33839.0,185.88602,37196.0,204.32684,-604.0,-16.77778,3500.0,97.22222,4.0
1758086949.32697,33873.0,186.07278,37373.0,205.29915,-716.0,-19.88889,3526.0,97.94444,4.0
1758086949.33085,33908.0,186.26505,37552.0,206.28246,-639.0,-17.75,3562.0,98.94444,4.0
1758086949.33165,33929.0,186.38042,37736.0,207.2932,-268.0,-7.44444,3673.0,102.02778,4.0
1758086949.33278,33932.0,186.3969,37927.0,208.34241,117.0,3.25,3847.0,106.86111,4.0
1758086949.3352,33919.0,186.32547,38131.0,209.46304,352.0,9.77778,4159.0,115.52778,4.0
1758086949.33623,33894.0,186.18814,38348.0,210.65508,590.0,16.38889,4382.0,121.72222,4.0
1758086949.33702,33862.0,186.01236,38565.0,211.84711,636.0,17.66667,4230.0,117.5,4.0
1758086949.33895,33829.0,185.83109,38773.0,212.98969,651.0,18.08333,4039.0,112.19444,4.0
1758086949.33955,33796.0,185.64981,38970.0,214.07187,687.0,19.08333,3818.0,106.05556,4.0
1758086949.34081,33760.0,185.45206,39154.0,215.08263,712.0,19.77778,3483.0,96.75,4.0
1758086949.34144,33731.0,185.29276,39317.0,215.97804,456.0,12.66667,3014.0,83.72222,4.0
1758086949.34348,33713.0,185.19388,39456.0,216.74159,301.0,8.36111,2538.0,70.5,4.0
1758086949.34491,33702.0,185.13345,39571.0,217.37332,145.0,4.02778,2021.0,56.13889,4.0
1758086949.34617,33699.0,185.11697,39662.0,217.8732,3.0,0.08333,1600.0,44.44444,4.0
1758086949.34676,33701.0,185.12796,39726.0,218.22476,-36.0,-1.0,1054.0,29.27778,4.0
1758086949.3506,33702.0,185.13345,39768.0,218.45547,-11.0,-0.30556,638.0,17.72222,4.0
1758086949.35578,33702.0,185.13345,39788.0,218.56534,0.0,0.0,187.0,5.19444,4.0
1758086949.35639,33703.0,185.13895,39787.0,218.55984,-5.0,-0.13889,-75.0,-2.08333,4.0
1758086949.36003,33703.0,185.13895,39783.0,218.53787,-6.0,-0.16667,-83.0,-2.30556,4.0
1758086949.36067,33704.0,185.14444,39780.0,218.52139,-26.0,-0.72222,-55.0,-1.52778,4.0
1758086949.36429,33707.0,185.16092,39777.0,218.50491,-82.0,-2.27778,-52.0,-1.44444,4.0
1758086949.36491,33714.0,185.19937,39772.0,218.47745,-202.0,-5.61111,-145.0,-4.02778,4.0
1758086949.36611,33728.0,185.27628,39762.0,218.42252,-385.0,-10.69444,-274.0,-7.61111,4.0
1758086949.36838,33758.0,185.44107,39741.0,218.30716,-739.0,-20.52778,-482.0,-13.38889,4.0
1758086949.37117,33801.0,185.67728,39713.0,218.15335,-938.0,-26.05556,-613.0,-17.02778,4.0
1758086949.37259,33858.0,185.99039,39675.0,217.94461,-1249.0,-34.69444,-872.0,-24.22222,4.0
1758086949.37383,33933.0,186.40239,39619.0,217.63699,-1677.0,-46.58333,-1287.0,-35.75,4.0
1758086949.37446,34032.0,186.94621,39543.0,217.2195,-2148.0,-59.66667,-1637.0,-45.47222,4.0
1758086949.37571,34155.0,187.62187,39447.0,216.69215,-2628.0,-73.0,-2043.0,-56.75,4.0
1758086949.37633,34298.0,188.40741,39335.0,216.07692,-3008.0,-83.55556,-2299.0,-63.86111,4.0
1758086949.3786,34458.0,189.28635,39211.0,215.39574,-3266.0,-90.72222,-2559.0,-71.08334,4.0
1758086949.38059,34630.0,190.23117,39078.0,214.66515,-3421.0,-95.02778,-2623.0,-72.86111,4.0
1758086949.38126,34803.0,191.1815,38945.0,213.93454,-3422.0,-95.05556,-2599.0,-72.19444,4.0
1758086949.38491,34971.0,192.10439,38818.0,213.23691,-3235.0,-89.86111,-2439.0,-67.75,4.0
1758086949.38553,35129.0,192.97231,38700.0,212.58868,-2992.0,-83.11111,-2238.0,-62.16667,4.0
1758086949.3931,35273.0,193.76334,38594.0,212.00641,-2742.0,-76.16666,-2007.0,-55.75,4.0
1758086949.39457,35406.0,194.49393,38498.0,211.47905,-2513.0,-69.80556,-1798.0,-49.94444,4.0
1758086949.39735,35529.0,195.1696,38412.0,211.00664,-2350.0,-65.27778,-1637.0,-45.47222,4.0
1758086949.47025,35644.0,195.80132,38330.0,210.5562,-2225.0,-61.80556,-1628.0,-45.22222,4.0
1758086949.47383,35757.0,196.42207,38244.0,210.08377,-2264.0,-62.88889,-1756.0,-48.77778,4.0
1758086949.47557,35874.0,197.06477,38147.0,209.55093,-2337.0,-64.91666,-2015.0,-55.97222,4.0
1758086949.47652,35995.0,197.72946,38036.0,208.94119,-2419.0,-67.19444,-2341.0,-65.02778,4.0
1758086949.48043,36116.0,198.39413,37909.0,208.24353,-2409.0,-66.91666,-2625.0,-72.91666,4.0
1758086949.48393,36236.0,199.05334,37766.0,207.45801,-2341.0,-65.02778,-2967.0,-82.41666,4.0
1758086949.48456,36352.0,199.69055,37604.0,206.5681,-2263.0,-62.86111,-3392.0,-94.22222,4.0
1758086949.48533,36463.0,200.30029,37417.0,205.54085,-2125.0,-59.02778,-3942.0,-109.5,4.0
1758086949.49044,36569.0,200.88258,37203.0,204.3653,-2056.0,-57.11111,-4462.0,-123.94444,4.0
1758086949.49166,36672.0,201.44838,36960.0,203.03043,-1991.0,-55.30556,-4922.0,-136.72223,4.0
1758086949.49629,36770.0,201.98672,36698.0,201.5912,-1861.0,-51.69444,-5318.0,-147.72223,4.0
1758086949.5007,36856.0,202.45914,36429.0,200.11353,-1529.0,-42.47222,-5246.0,-145.72223,4.0
1758086949.50133,36919.0,202.80521,36176.0,198.72372,-963.0,-26.75,-4788.0,-133.0,4.0
1758086949.5041,36947.0,202.95901,35952.0,197.49324,-247.0,-6.86111,-4184.0,-116.22222,4.0
1758086949.5056,36943.0,202.93704,35755.0,196.41109,286.0,7.94444,-3710.0,-103.05556,4.0
1758086949.50622,36920.0,202.8107,35578.0,195.43877,534.0,14.83333,-3377.0,-93.80556,4.0
1758086949.50774,36887.0,202.62943,35415.0,194.54337,701.0,19.47222,-3121.0,-86.69444,4.0
1758086949.50813,36858.0,202.47012,35257.0,193.67545,399.0,11.08333,-3146.0,-87.38889,4.0
1758086949.511,36851.0,202.43167,35091.0,192.76357,-49.0,-1.36111,-3397.0,-94.36111,4.0
1758086949.51153,36867.0,202.51956,34913.0,191.78575,-562.0,-15.61111,-3663.0,-101.75,4.0
1758086949.5128,36909.0,202.75027,34722.0,190.73656,-1004.0,-27.88889,-3805.0,-105.69444,4.0
1758086949.51466,36976.0,203.11832,34530.0,189.68185,-1569.0,-43.58333,-3713.0,-103.13889,4.0
1758086949.51507,37073.0,203.65118,34347.0,188.67657,-2164.0,-60.11111,-3448.0,-95.77778,4.0
1758086949.51609,37199.0,204.34332,34183.0,187.7757,-2710.0,-75.27778,-3097.0,-86.02778,4.0
1758086949.51687,37350.0,205.17281,34039.0,186.98466,-3164.0,-87.88889,-2673.0,-74.25,4.0
1758086949.51877,37519.0,206.10118,33916.0,186.30899,-3525.0,-97.91666,-2249.0,-62.47222,4.0
1758086949.52052,37706.0,207.1284,33821.0,185.78714,-3772.0,-104.77778,-1587.0,-44.08333,4.0
1758086949.52141,37903.0,208.21057,33765.0,185.47952,-3931.0,-109.19444,-690.0,-19.16667,4.0
1758086949.52499,38105.0,209.32022,33759.0,185.44656,-3995.0,-110.97222,258.0,7.16667,4.0
1758086949.52565,38305.0,210.41887,33780.0,185.56192,-3921.0,-108.91666,546.0,15.16667,4.0
1758086949.52795,38501.0,211.49553,33810.0,185.72672,-3794.0,-105.38889,548.0,15.22222,4.0
1758086949.53075,38683.0,212.4953,33837.0,185.87503,-3468.0,-96.33334,456.0,12.66667,4.0
1758086949.53217,38851.0,213.41818,33854.0,185.96841,-3265.0,-90.69444,221.0,6.13889,4.0
1758086949.5358,39011.0,214.29709,33859.0,185.99588,-3083.0,-85.63889,0.0,0.0,4.0
1758086949.53641,39165.0,215.14305,33855.0,185.97391,-3004.0,-83.44444,-104.0,-2.88889,4.0
1758086949.53944,39316.0,215.97255,33846.0,185.92447,-2991.0,-83.08334,-289.0,-8.02778,4.0
1758086949.53981,39468.0,216.80751,33823.0,185.79813,-3009.0,-83.58334,-596.0,-16.55556,4.0
1758086949.54064,39622.0,217.65347,33787.0,185.60037,-3089.0,-85.80556,-828.0,-23.0,4.0
1758086949.54171,39779.0,218.5159,33739.0,185.3367,-3166.0,-87.94444,-985.0,-27.36111,4.0
1758086949.54251,39939.0,219.39482,33687.0,185.05106,-3134.0,-87.05556,-1093.0,-30.36111,4.0
1758086949.5452,40096.0,220.25728,33630.0,184.73792,-3069.0,-85.25,-1090.0,-30.27778,4.0
1758086949.54601,40247.0,221.08675,33580.0,184.46326,-2849.0,-79.13889,-912.0,-25.33333,4.0
1758086949.54707,40381.0,221.82285,33538.0,184.23254,-2476.0,-68.77778,-779.0,-21.63889,4.0
1758086949.54824,40491.0,222.42709,33507.0,184.06226,-1964.0,-54.55556,-396.0,-11.0,4.0
1758086949.54905,40576.0,222.89404,33498.0,184.01282,-1402.0,-38.94444,-16.0,-0.44444,4.0
1758086949.5504,40634.0,223.21265,33500.0,184.0238,-914.0,-25.38889,14.0,0.38889,4.0
1758086949.55164,40669.0,223.40491,33500.0,184.0238,-475.0,-13.19444,0.0,0.0,4.0
1758086949.55575,40680.0,223.46533,33500.0,184.0238,-36.0,-1.0,-4.0,-0.11111,4.0
1758086949.55668,40676.0,223.44336,33499.0,184.01831,102.0,2.83333,-11.0,-0.30556,4.0
1758086949.5573,40669.0,223.40491,33499.0,184.01831,141.0,3.91667,-18.0,-0.5,4.0
1758086949.5601,40662.0,223.36646,33497.0,184.00732,157.0,4.36111,-29.0,-0.80556,4.0
1758086949.56077,40655.0,223.328,33497.0,184.00732,81.0,2.25,0.0,0.0,4.0
1758086949.56164,40650.0,223.30054,33497.0,184.00732,115.0,3.19444,0.0,0.0,4.0
1758086949.56265,40639.0,223.24011,33498.0,184.01282,319.0,8.86111,0.0,0.0,4.0
1758086949.56544,40617.0,223.11926,33498.0,184.01282,582.0,16.16667,0.0,0.0,4.0
1758086949.56876,40575.0,222.88852,33499.0,184.01831,958.0,26.61111,0.0,0.0,4.0
1758086949.57008,40513.0,222.54794,33499.0,184.01831,1465.0,40.69444,0.0,0.0,4.0
1758086949.57118,40428.0,222.08102,33499.0,184.01831,1887.0,52.41667,-9.0,-0.25,4.0
1758086949.57273,40320.0,221.48776,33499.0,184.01831,2261.0,62.80556,-15.0,-0.41667,4.0
1758086949.57547,40194.0,220.79561,33498.0,184.01282,2615.0,72.63889,0.0,0.0,4.0
1758086949.57602,40056.0,220.03752,33498.0,184.01282,2856.0,79.33334,0.0,0.0,4.0
1758086949.57807,39908.0,219.22453,33499.0,184.01831,2953.0,82.02778,0.0,0.0,4.0
1758086949.58144,39755.0,218.38406,33498.0,184.01282,3088.0,85.77778,0.0,0.0,4.0
1758086949.58237,39594.0,217.49966,33499.0,184.01831,3262.0,90.61111,32.0,0.88889,4.0
1758086949.58304,39423.0,216.56032,33503.0,184.04028,3490.0,96.94444,99.0,2.75,4.0
1758086949.58744,39236.0,215.53307,33510.0,184.07874,3800.0,105.55556,184.0,5.11111,4.0
1758086949.58804,39034.0,214.42343,33519.0,184.12817,4128.0,114.66666,118.0,3.27778,4.0
1758086949.59079,38814.0,213.21494,33519.0,184.12817,4498.0,124.94444,-74.0,-2.05556,4.0
1758086949.6256,38577.0,211.91302,33518.0,184.12268,4800.0,133.33333,4.0,0.11111,4.0
1758086949.62785,38338.0,210.60014,33517.0,184.11719,4539.0,126.08334,-45.0,-1.25,4.0
1758086949.63058,38122.0,209.4136,33512.0,184.08972,4027.0,111.86111,-183.0,-5.08333,4.0
1758086949.63223,37938.0,208.40283,33494.0,183.99084,3312.0,92.0,-501.0,-13.91667,4.0
1758086949.63931,37795.0,207.61731,33459.0,183.79858,2513.0,69.80556,-885.0,-24.58333,4.0
1758086949.64063,37691.0,207.04601,33403.0,183.49095,1733.0,48.13889,-1280.0,-35.55556,4.0
1758086949.64604,37619.0,206.6505,33336.0,183.12291,1172.0,32.55556,-1259.0,-34.97222,4.0
1758086949.65245,37565.0,206.35387,33279.0,182.8098,1086.0,30.16667,-986.0,-27.38889,4.0
1758086949.66137,37504.0,206.01878,33250.0,182.6505,1336.0,37.11111,-183.0,-5.08333,4.0
1758086949.66304,37423.0,205.57381,33267.0,182.74388,1873.0,52.02778,675.0,18.75,4.0
1758086949.66671,37306.0,204.93111,33324.0,183.05699,2619.0,72.75,1464.0,40.66667,4.0
1758086949.668,37151.0,204.07965,33426.0,183.61731,3387.0,94.08334,2446.0,67.94444,4.0
1758086949.66988,36958.0,203.01944,33579.0,184.45776,4091.0,113.63889,3431.0,95.30556,4.0
1758086949.67047,36731.0,201.77248,33778.0,185.55093,4751.0,131.97223,4354.0,120.94444,4.0
1758086949.67164,36475.0,200.36621,34019.0,186.8748,5238.0,145.5,5075.0,140.97223,4.0
1758086949.67239,36203.0,198.87204,34291.0,188.36896,5405.0,150.13889,5540.0,153.88889,4.0
1758086949.67318,35932.0,197.38338,34579.0,189.95102,5285.0,146.80556,5739.0,159.41667,4.0
1758086949.67427,35677.0,195.98259,34868.0,191.53856,4843.0,134.52777,5648.0,156.88889,4.0
1758086949.67503,35455.0,194.76309,35146.0,193.06569,4011.0,111.41666,5380.0,149.44444,4.0
1758086949.6761,35281.0,193.80728,35411.0,194.52139,3032.0,84.22222,5143.0,142.86111,4.0
1758086949.6769,35154.0,193.10963,35662.0,195.90019,2112.0,58.66667,4836.0,134.33333,4.0
1758086949.67879,35069.0,192.64272,35902.0,197.21858,1415.0,39.30556,4667.0,129.63889,4.0
1758086949.67942,35014.0,192.34059,36143.0,198.54245,858.0,23.83333,4760.0,132.22223,4.0
1758086949.68146,34977.0,192.13734,36393.0,199.91577,667.0,18.52778,5041.0,140.02777,4.0
1758086949.68209,34944.0,191.95607,36660.0,201.38246,685.0,19.02778,5431.0,150.86111,4.0
1758086949.68494,34904.0,191.73631,36946.0,202.95352,831.0,23.08333,5851.0,162.52777,4.0
1758086949.68555,34860.0,191.49461,37253.0,204.63997,925.0,25.69444,6227.0,172.97223,4.0
1758086949.68677,34807.0,191.20348,37575.0,206.4088,1131.0,31.41667,6419.0,178.30556,4.0
1758086949.68998,34748.0,190.87938,37899.0,208.1886,1141.0,31.69444,6427.0,178.52777,4.0
1758086949.69185,34693.0,190.57726,38224.0,209.97391,1126.0,31.27778,6350.0,176.38889,4.0
1758086949.69563,34637.0,190.26962,38537.0,211.6933,1003.0,27.86111,5994.0,166.5,4.0
1758086949.69644,34591.0,190.01694,38826.0,213.28085,862.0,23.94444,5511.0,153.08333,4.0
1758086949.69913,34551.0,189.79721,39092.0,214.74205,745.0,20.69444,4978.0,138.27777,4.0
1758086949.69988,34517.0,189.61044,39328.0,216.03847,620.0,17.22222,4368.0,121.33334,4.0
1758086949.70101,34490.0,189.46213,39533.0,217.16457,477.0,13.25,3789.0,105.25,4.0
1758086949.70187,34469.0,189.34677,39707.0,218.12039,388.0,10.77778,3180.0,88.33334,4.0
1758086949.70526,34448.0,189.23141,39855.0,218.9334,449.0,12.47222,2720.0,75.55556,4.0
1758086949.70589,34422.0,189.08856,39981.0,219.62553,604.0,16.77778,2297.0,63.80556,4.0
1758086949.71117,34385.0,188.88531,40089.0,220.21883,838.0,23.27778,1981.0,55.02778,4.0
1758086949.71166,34336.0,188.61615,40181.0,220.7242,1054.0,29.27778,1712.0,47.55556,4.0
1758086949.71703,34274.0,188.27557,40257.0,221.14168,1338.0,37.16667,1376.0,38.22222,4.0
1758086949.71838,34202.0,187.88007,40319.0,221.48225,1506.0,41.83333,1073.0,29.80556,4.0
1758086949.71963,34121.0,187.4351,40361.0,221.71298,1648.0,45.77778,654.0,18.16667,4.0
1758086949.72025,34035.0,186.96269,40383.0,221.83383,1726.0,47.94444,261.0,7.25,4.0
1758086949.72384,33945.0,186.46831,40386.0,221.85031,1733.0,48.13889,-49.0,-1.36111,4.0
1758086949.72773,33857.0,185.98489,40385.0,221.84482,1734.0,48.16667,0.0,0.0,4.0
1758086949.72844,33771.0,185.51248,40384.0,221.83932,1684.0,46.77778,-11.0,-0.30556,4.0
1758086949.73118,33691.0,185.07303,40383.0,221.83383,1505.0,41.80556,-50.0,-1.38889,4.0
1758086949.73692,33620.0,184.68298,40379.0,221.81186,1341.0,37.25,-99.0,-2.75,4.0
1758086949.73971,33562.0,184.36438,40372.0,221.77341,987.0,27.41667,-177.0,-4.91667,4.0
1758086949.74012,33519.0,184.12817,40358.0,221.6965,758.0,21.05556,-364.0,-10.11111,4.0
1758086949.74128,33489.0,183.96338,40334.0,221.56467,460.0,12.77778,-543.0,-15.08333,4.0
1758086949.74302,33472.0,183.87,40299.0,221.37239,212.0,5.88889,-819.0,-22.75,4.0
1758086949.74567,33466.0,183.83704,40253.0,221.11971,76.0,2.11111,-876.0,-24.33333,4.0
1758086949.74613,33461.0,183.80957,40210.0,220.8835,139.0,3.86111,-857.0,-23.80556,4.0
1758086949.74737,33449.0,183.74365,40165.0,220.63631,318.0,8.83333,-871.0,-24.19444,4.0
1758086949.74801,33430.0,183.63928,40121.0,220.39461,427.0,11.86111,-895.0,-24.86111,4.0
1758086949.75003,33405.0,183.50194,40074.0,220.13643,573.0,15.91667,-995.0,-27.63889,4.0
1758086949.75147,33374.0,183.33165,40014.0,219.80681,643.0,17.86111,-1308.0,-36.33333,4.0
1758086949.75224,33346.0,183.17784,39939.0,219.39482,487.0,13.52778,-1588.0,-44.11111,4.0
1758086949.75337,33325.0,183.06248,39846.0,218.88396,382.0,10.61111,-1987.0,-55.19444,4.0
1758086949.75416,33308.0,182.9691,39735.0,218.2742,324.0,9.0,-2337.0,-64.91666,4.0
1758086949.77092,33294.0,182.8922,39607.0,217.57108,257.0,7.13889,-2682.0,-74.5,4.0
1758086949.77209,33281.0,182.82079,39463.0,216.78004,249.0,6.91667,-2996.0,-83.22222,4.0
1758086949.787,33269.0,182.75487,39302.0,215.89565,238.0,6.61111,-3301.0,-91.69444,4.0
1758086949.78783,33259.0,182.69994,39123.0,214.91234,198.0,5.5,-3706.0,-102.94444,4.0
1758086949.80299,33252.0,182.66148,38923.0,213.81369,80.0,2.22222,-4117.0,-114.36111,4.0
1758086949.81981,33253.0,182.66698,38706.0,212.62164,-89.0,-2.47222,-4476.0,-124.33334,4.0
1758086949.82059,33260.0,182.70543,38469.0,211.31975,-196.0,-5.44444,-4836.0,-134.33333,4.0
1758086949.83604,33276.0,182.79332,38217.0,209.93546,-425.0,-11.80556,-5057.0,-140.47223,4.0
1758086949.83808,33307.0,182.96361,37959.0,208.51819,-797.0,-22.13889,-5098.0,-141.61111,4.0
1758086949.85406,33362.0,183.26573,37699.0,207.08995,-1353.0,-37.58333,-5142.0,-142.83333,4.0
1758086949.87004,33451.0,183.75464,37429.0,205.60677,-2045.0,-56.80556,-5459.0,-151.63889,4.0
1758086949.87087,33577.0,184.44678,37141.0,204.02472,-2829.0,-78.58334,-5871.0,-163.08333,4.0
1758086949.88603,33747.0,185.38065,36837.0,202.35477,-3715.0,-103.19444,-6140.0,-170.55556,4.0
1758086949.88807,33959.0,186.54521,36513.0,200.57497,-4549.0,-126.36111,-6629.0,-184.13889,4.0
1758086949.9057,34212.0,187.935,36164.0,198.65781,-5284.0,-146.77777,-7026.0,-195.16667,4.0
1758086949.92107,34505.0,189.54453,35808.0,196.70222,-6043.0,-167.86111,-6987.0,-194.08333,4.0
1758086949.92188,34835.0,191.35728,35467.0,194.82903,-6880.0,-191.11111,-6468.0,-179.66667,4.0
1758086949.93711,35192.0,193.31837,35162.0,193.15358,-7110.0,-197.5,-5604.0,-155.66667,4.0
1758086949.93946,35552.0,195.29594,34908.0,191.75829,-7054.0,-195.94444,-4514.0,-125.38889,4.0
1758086949.95508,35896.0,197.18562,34718.0,190.71458,-6539.0,-181.63889,-3149.0,-87.47222,4.0
1758086949.97163,36212.0,198.92148,34601.0,190.07187,-6040.0,-167.77777,-1636.0,-45.44444,4.0
1758086949.972,36507.0,200.54201,34559.0,189.84116,-5676.0,-157.66667,-224.0,-6.22222,4.0
1758086949.98816,36788.0,202.0856,34572.0,189.91257,-5448.0,-151.33333,475.0,13.19444,4.0
1758086949.98858,37065.0,203.60724,34607.0,190.10483,-5510.0,-153.05556,768.0,21.33333,4.0
1758086950.00482,37349.0,205.16731,34648.0,190.33005,-5765.0,-160.13889,858.0,23.83333,4.0
1758086950.02106,37647.0,206.80431,34694.0,190.58275,-5932.0,-164.77777,879.0,24.41667,4.0
1758086950.02186,37954.0,208.49072,34732.0,190.79149,-6160.0,-171.11111,659.0,18.30556,4.0
1758086950.03713,38274.0,210.24858,34756.0,190.92332,-6474.0,-179.83333,324.0,9.0,4.0
1758086950.03989,38606.0,212.07233,34763.0,190.96178,-6550.0,-181.94444,0.0,0.0,4.0
1758086950.0551,38937.0,213.89059,34762.0,190.95628,-6548.0,-181.88889,0.0,0.0,4.0
1758086950.07109,39266.0,215.69786,34762.0,190.95628,-6404.0,-177.88889,0.0,0.0,4.0
1758086950.07227,39580.0,217.42276,34763.0,190.96178,-6006.0,-166.83333,9.0,0.25,4.0
1758086950.08971,39868.0,219.00481,34763.0,190.96178,-5497.0,-152.69444,16.0,0.44444,4.0
1758086950.09032,40125.0,220.41658,34769.0,190.99474,-4757.0,-132.13889,234.0,6.5,4.0
1758086950.10613,40344.0,221.6196,34791.0,191.11559,-3904.0,-108.44444,526.0,14.61111,4.0
1758086950.10942,40518.0,222.57541,34827.0,191.31334,-3100.0,-86.11111,826.0,22.94444,4.0
1758086950.12596,40652.0,223.31152,34871.0,191.55504,-2363.0,-65.63889,882.0,24.5,4.0
1758086950.16582,40753.0,223.86633,34915.0,191.79674,-1755.0,-48.75,865.0,24.02778,4.0
1758086950.16765,40827.0,224.27283,34958.0,192.03297,-1233.0,-34.25,842.0,23.38889,4.0
1758086950.16878,40876.0,224.54201,34994.0,192.23073,-854.0,-23.72222,591.0,16.41667,4.0
1758086950.17132,40912.0,224.73976,35016.0,192.35158,-581.0,-16.13889,342.0,9.5,4.0
1758086950.17359,40932.0,224.84962,35026.0,192.40651,-228.0,-6.33333,104.0,2.88889,4.0
1758086950.19012,40937.0,224.87709,35029.0,192.42299,0.0,0.0,26.0,0.72222,4.0
1758086950.19134,40932.0,224.84962,35029.0,192.42299,169.0,4.69444,0.0,0.0,4.0
1758086950.20621,40917.0,224.76723,35029.0,192.42299,352.0,9.77778,8.0,0.22222,4.0
1758086950.20814,40897.0,224.65736,35031.0,192.43398,466.0,12.94444,67.0,1.86111,4.0
1758086950.35761,40870.0,224.50905,35039.0,192.47792,580.0,16.11111,208.0,5.77778,4.0
1758086950.3591,40834.0,224.31129,35050.0,192.53835,835.0,23.19444,241.0,6.69444,4.0
1758086950.36132,40780.0,224.01465,35069.0,192.64272,1246.0,34.61111,459.0,12.75,4.0
1758086950.36179,40709.0,223.62463,35099.0,192.80751,1524.0,42.33333,681.0,18.91667,4.0
1758086950.36554,40618.0,223.12476,35138.0,193.02174,1862.0,51.72222,784.0,21.77778,4.0
1758086950.36598,40517.0,222.56992,35183.0,193.26894,2174.0,60.38889,963.0,26.75,4.0
1758086950.3687,40402.0,221.9382,35236.0,193.56009,2379.0,66.08334,1099.0,30.52778,4.0
1758086950.37122,40276.0,221.24605,35290.0,193.85672,2574.0,71.5,1052.0,29.22222,4.0
1758086950.37611,40139.0,220.49348,35348.0,194.17532,2788.0,77.44444,1229.0,34.13889,4.0
1758086950.37677,39991.0,219.68047,35412.0,194.52689,3069.0,85.25,1278.0,35.5,4.0
1758086950.37958,39829.0,218.79057,35482.0,194.91142,3277.0,91.02778,1481.0,41.13889,4.0
1758086950.38063,39658.0,217.85123,35560.0,195.33989,3457.0,96.02778,1554.0,43.16667,4.0
1758086950.38147,39477.0,216.85695,35643.0,195.79582,3660.0,101.66666,1624.0,45.11111,4.0
1758086950.38213,39285.0,215.80223,35725.0,196.24629,3839.0,106.63889,1655.0,45.97222,4.0
1758086950.38287,39088.0,214.72008,35807.0,196.69673,3903.0,108.41666,1571.0,43.63889,4.0
1758086950.38477,38894.0,213.65439,35886.0,197.13069,3861.0,107.25,1506.0,41.83333,4.0
1758086950.38552,38702.0,212.59967,35957.0,197.52071,3767.0,104.63889,1362.0,37.83333,4.0
1758086950.40125,38512.0,211.55595,36021.0,197.87228,3746.0,104.05556,1204.0,33.44444,4.0
1758086950.40325,38318.0,210.49028,36076.0,198.17441,3815.0,105.97222,1030.0,28.61111,4.0
1758086950.41823,38122.0,209.4136,36125.0,198.44357,3920.0,108.88889,951.0,26.41667,4.0
1758086950.41899,37920.0,208.30396,36174.0,198.71274,4062.0,112.83334,973.0,27.02778,4.0
1758086950.43581,37708.0,207.13939,36227.0,199.00391,4330.0,120.27778,1118.0,31.05556,4.0
1758086950.45132,37479.0,205.88142,36291.0,199.35547,4699.0,130.52777,1341.0,37.25,4.0
1758086950.45323,37232.0,204.5246,36365.0,199.76196,5056.0,140.44444,1603.0,44.52778,4.0
1758086950.46996,36967.0,203.06888,36456.0,200.26184,5375.0,149.30556,1891.0,52.52778,4.0
1758086950.47068,36680.0,201.49232,36562.0,200.84413,5900.0,163.88889,2215.0,61.52778,4.0
1758086950.48621,36366.0,199.76746,36682.0,201.50331,6429.0,178.58333,2475.0,68.75,4.0
1758086950.49068,36035.0,197.94919,36811.0,202.21194,6538.0,181.61111,2570.0,71.38889,4.0
1758086950.5062,35708.0,196.15288,36933.0,202.88211,6355.0,176.52777,2245.0,62.36111,4.0
1758086950.50831,35405.0,194.48843,37024.0,203.38202,5652.0,157.0,1411.0,39.19444,4.0
1758086950.52585,35152.0,193.09865,37066.0,203.61273,4490.0,124.72222,347.0,9.63889,4.0
1758086950.54123,34958.0,192.03297,37058.0,203.56879,3352.0,93.11111,-301.0,-8.36111,4.0
1758086950.54286,34817.0,191.25841,37042.0,203.4809,2389.0,66.36111,-306.0,-8.5,4.0
1758086950.55909,34722.0,190.73656,37034.0,203.43695,1515.0,42.08333,-16.0,-0.44444,4.0
1758086950.55991,34663.0,190.41245,37044.0,203.49188,903.0,25.08333,354.0,9.83333,4.0
1758086950.57638,34635.0,190.25864,37074.0,203.65668,341.0,9.47222,825.0,22.91667,4.0
1758086950.57997,34624.0,190.19821,37135.0,203.99176,159.0,4.41667,1539.0,42.75,4.0
1758086950.59609,34615.0,190.14877,37238.0,204.55756,226.0,6.27778,2389.0,66.36111,4.0
1758086950.60003,34598.0,190.05539,37387.0,205.37605,440.0,12.22222,3330.0,92.5,4.0
1758086950.66012,34572.0,189.91257,37582.0,206.44725,499.0,13.86111,4253.0,118.13889,4.0
1758086950.66182,34551.0,189.79721,37818.0,207.74365,255.0,7.08333,4994.0,138.72223,4.0
1758086950.67074,34551.0,189.79721,38089.0,209.23233,-170.0,-4.72222,5596.0,155.44444,4.0
1758086950.67719,34566.0,189.87961,38379.0,210.82536,-359.0,-9.97222,5806.0,161.27777,4.0
1758086950.68291,34590.0,190.01144,38671.0,212.42938,-549.0,-15.25,5706.0,158.5,4.0
1758086950.68335,34620.0,190.17624,38960.0,214.01694,-627.0,-17.41667,5673.0,157.58333,4.0
1758086950.68638,34654.0,190.36301,39243.0,215.57152,-718.0,-19.94444,5551.0,154.19444,4.0
1758086950.68866,34690.0,190.56078,39517.0,217.07668,-677.0,-18.80556,5338.0,148.27777,4.0
1758086950.69132,34723.0,190.74205,39780.0,218.52139,-627.0,-17.41667,5094.0,141.5,4.0
1758086950.71049,34757.0,190.92882,40034.0,219.91667,-683.0,-18.97222,4896.0,136.0,4.0
1758086950.71737,34791.0,191.11559,40276.0,221.24605,-670.0,-18.61111,4525.0,125.69444,4.0
1758086950.81075,34823.0,191.29137,40496.0,222.45456,-595.0,-16.52778,4189.0,116.36111,4.0
1758086950.82075,34845.0,191.41222,40704.0,223.59717,-314.0,-8.72222,4027.0,111.86111,4.0
1758086950.82568,34851.0,191.44518,40901.0,224.67934,0.0,0.0,3747.0,104.08334,4.0
1758086950.82628,34849.0,191.43419,41082.0,225.6736,48.0,1.33333,3420.0,95.0,4.0
1758086950.82778,34847.0,191.4232,41239.0,226.53604,0.0,0.0,2879.0,79.97222,4.0
1758086950.8289,34847.0,191.4232,41368.0,227.24469,0.0,0.0,2265.0,62.91667,4.0
1758086950.8317,34848.0,191.4287,41465.0,227.77753,-4.0,-0.11111,1643.0,45.63889,4.0
1758086950.83401,34848.0,191.4287,41525.0,228.10712,-19.0,-0.52778,851.0,23.63889,4.0
1758086950.835,34850.0,191.43968,41550.0,228.24445,-28.0,-0.77778,220.0,6.11111,4.0
1758086950.83585,34852.0,191.45067,41546.0,228.22247,-45.0,-1.25,-187.0,-5.19444,4.0
1758086950.83886,34856.0,191.47264,41530.0,228.13458,-102.0,-2.83333,-463.0,-12.86111,4.0
1758086950.84042,34864.0,191.51659,41497.0,227.95331,-250.0,-6.94444,-865.0,-24.02778,4.0
1758086950.84076,34887.0,191.64293,41436.0,227.61823,-674.0,-18.72222,-1415.0,-39.30556,4.0
1758086950.85715,34938.0,191.92308,41349.0,227.14032,-1220.0,-33.88889,-1997.0,-55.47222,4.0
1758086950.85915,35014.0,192.34059,41229.0,226.48111,-1690.0,-46.94444,-2620.0,-72.77778,4.0
1758086950.87437,35114.0,192.88991,41080.0,225.66261,-2145.0,-59.58333,-3163.0,-87.86111,4.0
1758086950.8904,35234.0,193.5491,40907.0,224.7123,-2517.0,-69.91666,-3564.0,-99.0,4.0
1758086950.89156,35367.0,194.27969,40717.0,223.66858,-2703.0,-75.08334,-3818.0,-106.05556,4.0
1758086950.90715,35506.0,195.04326,40521.0,222.59189,-2752.0,-76.44444,-3914.0,-108.72222,4.0
1758086950.90844,35643.0,195.79582,40324.0,221.50974,-2656.0,-73.77778,-3876.0,-107.66666,4.0
1758086950.92519,35773.0,196.50996,40132.0,220.45503,-2484.0,-69.0,-3767.0,-104.63889,4.0
1758086950.96887,35895.0,197.18013,39946.0,219.43327,-2276.0,-63.22222,-3621.0,-100.58334,4.0
1758086950.97287,36005.0,197.78439,39764.0,218.4335,-2114.0,-58.72222,-3543.0,-98.41666,4.0
1758086950.97831,36110.0,198.36118,39585.0,217.45023,-2095.0,-58.19444,-3537.0,-98.25,4.0
1758086950.97918,36218.0,198.95444,39402.0,216.44496,-2165.0,-60.13889,-3664.0,-101.77778,4.0
1758086950.9829,36332.0,199.58069,39210.0,215.39024,-2302.0,-63.94444,-3947.0,-109.63889,4.0
1758086950.98539,36454.0,200.25085,39003.0,214.25314,-2446.0,-67.94444,-4238.0,-117.72222,4.0
1758086951.0015,36581.0,200.9485,38780.0,213.02814,-2538.0,-70.5,-4504.0,-125.11111,4.0
1758086951.00223,36709.0,201.65163,38542.0,211.72076,-2483.0,-68.97222,-4891.0,-135.86111,4.0
1758086951.01746,36835.0,202.34378,38281.0,210.28703,-2438.0,-67.72222,-5401.0,-150.02777,4.0
1758086951.01895,36957.0,203.01395,37994.0,208.71045,-2382.0,-66.16666,-5883.0,-163.41667,4.0
1758086951.03345,37078.0,203.67865,37686.0,207.01854,-2359.0,-65.52778,-6259.0,-173.86111,4.0
1758086951.08317,37197.0,204.33234,37346.0,205.15083,-2338.0,-64.94444,-6919.0,-192.19444,4.0
1758086951.08503,37312.0,204.96407,36992.0,203.20624,-2180.0,-60.55556,-6953.0,-193.13889,4.0
1758086951.08576,37410.0,205.5024,36648.0,201.31654,-1727.0,-47.97222,-6650.0,-184.72223,4.0
1758086951.08655,37475.0,205.85945,36325.0,199.54224,-927.0,-25.75,-6122.0,-170.05556,4.0
1758086951.09476,37497.0,205.9803,36032.0,197.93271,-82.0,-2.27778,-5522.0,-153.38889,4.0
1758086951.09551,37485.0,205.91438,35767.0,196.47701,432.0,12.0,-5070.0,-140.83333,4.0
1758086951.11144,37450.0,205.72212,35518.0,195.10918,872.0,24.22222,-4805.0,-133.47223,4.0
1758086951.11205,37394.0,205.41451,35282.0,193.81277,1234.0,34.27778,-4573.0,-127.02778,4.0
1758086951.12745,37331.0,205.06844,35058.0,192.58229,1271.0,35.30556,-4339.0,-120.52778,4.0
1758086951.12822,37266.0,204.71138,34844.0,191.40672,1268.0,35.22222,-4213.0,-117.02778,4.0
1758086951.16638,37210.0,204.40375,34631.0,190.23666,953.0,26.47222,-4224.0,-117.33334,4.0
1758086951.16797,37173.0,204.2005,34418.0,189.06659,581.0,16.13889,-4212.0,-117.0,4.0
1758086951.16907,37162.0,204.14008,34209.0,187.91852,-107.0,-2.97222,-4058.0,-112.72222,4.0
1758086951.16946,37184.0,204.26093,34010.0,186.82536,-652.0,-18.11111,-3856.0,-107.11111,4.0
1758086951.18551,37237.0,204.55206,33824.0,185.80362,-1345.0,-37.36111,-3509.0,-97.47222,4.0
1758086951.30019,37325.0,205.03548,33661.0,184.9082,-1996.0,-55.44444,-2973.0,-82.58334,4.0
1758086951.3056,37441.0,205.67268,33536.0,184.22156,-2506.0,-69.61111,-2033.0,-56.47222,4.0
1758086951.30919,37579.0,206.43077,33476.0,183.89197,-2875.0,-79.86111,-449.0,-12.47222,4.0
1758086951.31294,37731.0,207.26573,33496.0,184.00183,-3046.0,-84.61111,879.0,24.41667,4.0
1758086951.31621,37886.0,208.11719,33571.0,184.41382,-3064.0,-85.11111,1847.0,51.30556,4.0
1758086951.31894,38046.0,208.99612,33680.0,185.0126,-3221.0,-89.47222,2394.0,66.5,4.0
1758086951.32051,38217.0,209.93546,33806.0,185.70474,-3538.0,-98.27778,2510.0,69.72222,4.0
1758086951.3255,38406.0,210.97368,33930.0,186.38591,-3933.0,-109.25,2413.0,67.02778,4.0
1758086951.32675,38624.0,212.1712,34041.0,186.99565,-4507.0,-125.19444,1996.0,55.44444,4.0
1758086951.37992,38871.0,213.52805,34123.0,187.44609,-5207.0,-144.63889,1346.0,37.38889,4.0
1758086951.38412,39154.0,215.08263,34176.0,187.73724,-5907.0,-164.08333,831.0,23.08333,4.0
1758086951.38542,39466.0,216.79652,34202.0,187.88007,-6262.0,-173.94444,299.0,8.30556,4.0
1758086951.38651,39786.0,218.55435,34207.0,187.90753,-6362.0,-176.72223,-39.0,-1.08333,4.0
1758086951.39086,40105.0,220.30672,34206.0,187.90204,-6237.0,-173.25,29.0,0.80556,4.0
1758086951.39122,40407.0,221.96567,34210.0,187.92401,-5697.0,-158.25,115.0,3.19444,4.0
1758086951.3964,40674.0,223.43237,34221.0,187.98444,-4947.0,-137.41667,304.0,8.44444,4.0
1758086951.39734,40899.0,224.66835,34248.0,188.13275,-4088.0,-113.55556,724.0,20.11111,4.0
1758086951.39982,41080.0,225.66261,34301.0,188.42389,-3142.0,-87.27778,1278.0,35.5,4.0
1758086951.40044,41209.0,226.37125,34380.0,188.85785,-2069.0,-57.47222,1765.0,49.02778,4.0
1758086951.4012,41280.0,226.76126,34487.0,189.44565,-981.0,-27.25,2282.0,63.38889,4.0
1758086951.40308,41302.0,226.88211,34613.0,190.13779,-11.0,-0.30556,2628.0,73.0,4.0
1758086951.40491,41286.0,226.79422,34751.0,190.89586,453.0,12.58333,2756.0,76.55556,4.0
1758086951.42033,41256.0,226.62943,34890.0,191.65941,660.0,18.33333,2696.0,74.88889,4.0
1758086951.42116,41216.0,226.4097,35021.0,192.37904,896.0,24.88889,2488.0,69.11111,4.0
1758086951.43667,41165.0,226.12955,35143.0,193.04921,1028.0,28.55556,2285.0,63.47222,4.0
1758086951.43736,41111.0,225.83292,35251.0,193.64249,1110.0,30.83333,2024.0,56.22222,4.0
1758086951.45369,41052.0,225.5088,35348.0,194.17532,1262.0,35.05556,1818.0,50.5,4.0
1758086951.4704,40982.0,225.12428,35433.0,194.64224,1447.0,40.19444,1601.0,44.47222,4.0
1758086951.4712,40902.0,224.68483,35509.0,195.05974,1745.0,48.47222,1456.0,40.44444,4.0
1758086951.48846,40804.0,224.14648,35580.0,195.44975,2086.0,57.94444,1388.0,38.55556,4.0
1758086951.4914,40687.0,223.50378,35651.0,195.83977,2485.0,69.02778,1457.0,40.47222,4.0
1758086951.50742,40548.0,222.7402,35729.0,196.26826,2948.0,81.88889,1642.0,45.61111,4.0
1758086951.50818,40382.0,221.82834,35818.0,196.75716,3501.0,97.25,1846.0,51.27778,4.0
1758086951.5712,40186.0,220.75166,35919.0,197.31197,4097.0,113.80556,2092.0,58.11111,4.0
1758086951.5759,39965.0,219.53764,36036.0,197.95468,4625.0,128.47223,2465.0,68.47222,4.0
1758086951.57658,39719.0,218.18631,36170.0,198.69077,5070.0,140.83333,2817.0,78.25,4.0
1758086951.57822,39447.0,216.69215,36324.0,199.53674,5608.0,155.77777,3188.0,88.55556,4.0
1758086951.58245,39143.0,215.0222,36497.0,200.48708,6278.0,174.38889,3580.0,99.44444,4.0
1758086951.58522,38808.0,213.18198,36682.0,201.50331,6776.0,188.22223,3714.0,103.16666,4.0
1758086951.59096,38466.0,211.30327,36864.0,202.50308,6727.0,186.86111,3454.0,95.94444,4.0
1758086951.59133,38138.0,209.5015,37021.0,203.36554,6217.0,172.69444,2729.0,75.80556,4.0
1758086951.70111,37851.0,207.92493,37128.0,203.95331,5230.0,145.27777,1606.0,44.61111,4.0
1758086951.70811,37608.0,206.59007,37176.0,204.21698,4287.0,119.08334,420.0,11.66667,4.0
1758086951.7101,37417.0,205.54085,37170.0,204.18402,3418.0,94.94444,-314.0,-8.72222,4.0
1758086951.71329,37262.0,204.68941,37153.0,204.09064,2855.0,79.30556,-319.0,-8.86111,4.0
1758086951.71616,37129.0,203.9588,37142.0,204.03021,2529.0,70.25,-134.0,-3.72222,4.0
1758086951.71826,37002.0,203.26117,37140.0,204.01923,2513.0,69.80556,36.0,1.0,4.0
1758086951.72122,36872.0,202.54703,37142.0,204.03021,2684.0,74.55556,25.0,0.69444,4.0
1758086951.72508,36730.0,201.76698,37145.0,204.04669,2942.0,81.72222,91.0,2.52778,4.0
1758086951.74048,36571.0,200.89357,37155.0,204.10162,3284.0,91.22222,248.0,6.88889,4.0
1758086951.8114,36396.0,199.93225,37170.0,204.18402,3600.0,100.0,312.0,8.66667,4.0
1758086951.81998,36207.0,198.89401,37182.0,204.24994,3835.0,106.52778,188.0,5.22222,4.0
1758086951.82647,36008.0,197.80087,37186.0,204.27191,3953.0,109.80556,-1.0,-0.02778,4.0
1758086951.83254,35806.0,196.69124,37185.0,204.26642,4006.0,111.27778,-11.0,-0.30556,4.0
1758086951.83289,35605.0,195.58708,37184.0,204.26093,3909.0,108.58334,-25.0,-0.69444,4.0
1758086951.83997,35411.0,194.52139,37183.0,204.25543,3739.0,103.86111,-36.0,-1.0,4.0
1758086951.8411,35231.0,193.53262,37181.0,204.24445,3410.0,94.72222,-19.0,-0.52778,4.0
1758086951.84274,35069.0,192.64272,37181.0,204.24445,3067.0,85.19444,0.0,0.0,4.0
1758086951.84541,34926.0,191.85716,37181.0,204.24445,2618.0,72.72222,0.0,0.0,4.0
1758086951.84652,34808.0,191.20897,37181.0,204.24445,2110.0,58.61111,7.0,0.19444,4.0
1758086951.84749,34717.0,190.70909,37181.0,204.24445,1566.0,43.5,6.0,0.16667,4.0
1758086951.84786,34647.0,190.32455,37184.0,204.26093,1255.0,34.86111,82.0,2.27778,4.0
1758086951.8523,34589.0,190.00595,37195.0,204.32135,1084.0,30.11111,390.0,10.83333,4.0
1758086951.85583,34535.0,189.70932,37228.0,204.50262,1077.0,29.91667,890.0,24.72222,4.0
1758086951.85997,34480.0,189.4072,37294.0,204.86519,1047.0,29.08333,1602.0,44.5,4.0
1758086951.86035,34425.0,189.10504,37393.0,205.40901,1149.0,31.91667,2241.0,62.25,4.0
1758086951.8634,34367.0,188.78644,37525.0,206.13414,1078.0,29.94444,2861.0,79.47222,4.0
1758086951.8638,34329.0,188.5777,37688.0,207.02953,427.0,11.86111,3426.0,95.16666,4.0
1758086951.8688,34332.0,188.59418,37869.0,208.0238,-386.0,-10.72222,3681.0,102.25,4.0
1758086951.88582,34377.0,188.84137,38054.0,209.04007,-1264.0,-35.11111,3619.0,100.52778,4.0
1758086951.88968,34455.0,189.26987,38230.0,210.00687,-1754.0,-48.72222,3380.0,93.88889,4.0
1758086951.91037,34551.0,189.79721,38396.0,210.91875,-1954.0,-54.27778,3178.0,88.27778,4.0
1758086951.91315,34645.0,190.31357,38557.0,211.80316,-1735.0,-48.19444,3249.0,90.25,4.0
1758086951.93837,34725.0,190.75304,38725.0,212.72601,-1424.0,-39.55556,3420.0,95.0,4.0
1758086951.94029,34786.0,191.08812,38908.0,213.73129,-1019.0,-28.30556,3738.0,103.83334,4.0
1758086952.09083,34823.0,191.29137,39108.0,214.82994,-484.0,-13.44444,4097.0,113.80556,4.0
1758086952.09658,34828.0,191.31883,39326.0,216.02748,128.0,3.55556,4401.0,122.25,4.0
1758086952.10482,34815.0,191.24742,39556.0,217.29092,321.0,8.91667,4649.0,129.13889,4.0
1758086952.1081,34798.0,191.15404,39800.0,218.63126,360.0,10.0,4945.0,137.36111,4.0
1758086952.11384,34781.0,191.06065,40055.0,220.03203,317.0,8.80556,5070.0,140.83333,4.0
1758086952.11424,34768.0,190.98924,40311.0,221.43831,197.0,5.47222,5004.0,139.0,4.0
1758086952.13564,34766.0,190.97826,40552.0,222.76218,-91.0,-2.52778,4595.0,127.63889,4.0
1758086952.13868,34777.0,191.03868,40768.0,223.94873,-283.0,-7.86111,4022.0,111.72222,4.0
1758086952.14031,34798.0,191.15404,40950.0,224.9485,-558.0,-15.5,3247.0,90.19444,4.0
1758086952.14105,34834.0,191.35179,41091.0,225.72305,-776.0,-21.55556,2419.0,67.19444,4.0
1758086952.14304,34878.0,191.59349,41189.0,226.26138,-935.0,-25.97222,1638.0,45.5,4.0
1758086952.14367,34934.0,191.90111,41249.0,226.59097,-1186.0,-32.94444,880.0,24.44444,4.0
1758086952.14726,34996.0,192.24171,41276.0,226.73929,-1247.0,-34.63889,267.0,7.41667,4.0
1758086952.15033,35061.0,192.59877,41278.0,226.75027,-1332.0,-37.0,-84.0,-2.33333,4.0
1758086952.15111,35126.0,192.95583,41272.0,226.71732,-1252.0,-34.77778,-129.0,-3.58333,4.0
1758086952.15859,35189.0,193.3019,41262.0,226.66238,-1273.0,-35.36111,-252.0,-7.0,4.0
1758086952.15997,35254.0,193.65897,41246.0,226.57449,-1252.0,-34.77778,-344.0,-9.55556,4.0
1758086952.16042,35320.0,194.02151,41222.0,226.44266,-1322.0,-36.72222,-596.0,-16.55556,4.0
1758086952.16121,35390.0,194.40604,41183.0,226.22842,-1417.0,-39.36111,-909.0,-25.25,4.0
1758086952.1623,35468.0,194.83452,41131.0,225.94278,-1644.0,-45.66667,-1147.0,-31.86111,4.0
1758086952.16555,35559.0,195.3344,41060.0,225.55275,-1948.0,-54.11111,-1588.0,-44.11111,4.0
1758086952.16656,35670.0,195.94414,40967.0,225.04189,-2345.0,-65.13889,-2051.0,-56.97222,4.0
1758086952.1672,35799.0,196.65279,40848.0,224.3882,-2689.0,-74.69444,-2549.0,-70.80556,4.0
1758086952.16846,35948.0,197.47127,40703.0,223.59167,-3109.0,-86.36111,-3034.0,-84.27778,4.0
1758086952.18493,36119.0,198.41061,40535.0,222.66879,-3587.0,-99.63889,-3556.0,-98.77778,4.0
1758086952.18589,36315.0,199.4873,40341.0,221.60312,-4042.0,-112.27778,-4085.0,-113.47222,4.0
1758086952.20266,36528.0,200.65736,40118.0,220.37813,-4251.0,-118.08334,-4690.0,-130.27777,4.0
1758086952.22286,36742.0,201.83292,39865.0,218.98833,-4169.0,-115.80556,-5278.0,-146.61111,4.0
1758086952.27679,36951.0,202.98099,39582.0,217.43375,-4053.0,-112.58334,-5854.0,-162.61111,4.0
1758086952.27908,37156.0,204.10712,39268.0,215.70885,-4051.0,-112.52778,-6389.0,-177.47223,4.0
1758086952.2798,37359.0,205.22224,38937.0,213.89059,-3931.0,-109.19444,-6531.0,-181.41667,4.0
1758086952.28165,37544.0,206.23851,38626.0,212.18219,-3405.0,-94.58334,-5776.0,-160.44444,4.0
1758086952.28247,37690.0,207.04051,38354.0,210.68803,-2432.0,-67.55556,-5060.0,-140.55556,4.0
1758086952.2844,37784.0,207.55688,38118.0,209.39163,-1448.0,-40.22222,-4319.0,-119.97222,4.0
1758086952.28509,37825.0,207.7821,37918.0,208.29297,-307.0,-8.52778,-3673.0,-102.02778,4.0
1758086952.28653,37815.0,207.72717,37745.0,207.34264,408.0,11.33333,-3263.0,-90.63889,4.0
1758086952.30359,37785.0,207.56238,37582.0,206.44725,654.0,18.16667,-3221.0,-89.47222,4.0
1758086952.32081,37755.0,207.39757,37412.0,205.51338,525.0,14.58333,-3525.0,-97.91666,4.0
1758086952.32116,37735.0,207.2877,37220.0,204.45868,311.0,8.63889,-3992.0,-110.88889,4.0
1758086952.35637,37729.0,207.25475,37000.0,203.25018,0.0,0.0,-4574.0,-127.05556,4.0
1758086952.35719,37734.0,207.28221,36752.0,201.88785,-117.0,-3.25,-5164.0,-143.44444,4.0
1758086952.36224,37738.0,207.30418,36473.0,200.35522,-52.0,-1.44444,-5775.0,-160.41667,4.0
1758086952.36361,37738.0,207.30418,36171.0,198.69626,42.0,1.16667,-6104.0,-169.55556,4.0
1758086952.37887,37736.0,207.2932,35859.0,196.98238,17.0,0.47222,-6238.0,-173.27777,4.0
1758086952.3802,37736.0,207.2932,35537.0,195.21355,11.0,0.30556,-6490.0,-180.27777,4.0
1758086952.3965,37735.0,207.2877,35206.0,193.39529,27.0,0.75,-6375.0,-177.08333,4.0
1758086952.44781,37732.0,207.27122,34892.0,191.67039,55.0,1.52778,-6087.0,-169.08333,4.0
1758086952.62591,37728.0,207.24925,34593.0,190.02792,96.0,2.66667,-5740.0,-159.44444,4.0
1758086952.6334,37721.0,207.2108,34319.0,188.52277,177.0,4.91667,-5136.0,-142.66667,4.0
1758086952.63381,37712.0,207.16136,34079.0,187.20439,150.0,4.16667,-4385.0,-121.80556,4.0
1758086952.63474,37711.0,207.15587,33879.0,186.10574,-67.0,-1.86111,-3563.0,-98.97222,4.0
1758086952.63552,37718.0,207.19432,33724.0,185.2543,-201.0,-5.58333,-2694.0,-74.83334,4.0
1758086952.63818,37737.0,207.29869,33610.0,184.62805,-574.0,-15.94444,-1904.0,-52.88889,4.0
1758086952.64288,37783.0,207.55139,33530.0,184.1886,-1223.0,-33.97222,-1363.0,-37.86111,4.0
1758086952.64611,37864.0,207.99634,33478.0,183.90295,-1919.0,-53.30556,-749.0,-20.80556,4.0
1758086952.64636,37981.0,208.63904,33465.0,183.83154,-2599.0,-72.19444,92.0,2.55556,4.0
1758086952.6499,38130.0,209.45755,33480.0,183.91394,-3150.0,-87.5,508.0,14.11111,4.0
1758086952.65053,38302.0,210.40239,33523.0,184.15015,-3541.0,-98.36111,1128.0,31.33333,4.0
1758086952.65525,38489.0,211.42961,33592.0,184.52917,-3752.0,-104.22222,1500.0,41.66667,4.0
1758086952.65553,38680.0,212.47882,33678.0,185.00162,-3789.0,-105.25,1862.0,51.72222,4.0
1758086952.65698,38874.0,213.54453,33775.0,185.53445,-3924.0,-109.0,1970.0,54.72222,4.0
1758086952.65984,39077.0,214.65965,33872.0,186.06729,-4119.0,-114.41666,1845.0,51.25,4.0
1758086952.66065,39295.0,215.85716,33961.0,186.5562,-4410.0,-122.5,1639.0,45.52778,4.0
1758086952.66248,39527.0,217.13161,34034.0,186.9572,-4680.0,-130.0,1312.0,36.44444,4.0
1758086952.66333,39772.0,218.47745,34089.0,187.25932,-4994.0,-138.72223,868.0,24.11111,4.0
1758086952.66603,40034.0,219.91667,34120.0,187.42961,-5312.0,-147.55556,453.0,12.58333,4.0
1758086952.66714,40306.0,221.41084,34136.0,187.5175,-5434.0,-150.94444,174.0,4.83333,4.0
1758086952.68062,40572.0,222.87204,34144.0,187.56145,-5107.0,-141.86111,198.0,5.5,4.0
1758086952.6828,40815.0,224.20691,34161.0,187.65483,-4528.0,-125.77778,418.0,11.61111,4.0
1758086952.86365,41024.0,225.355,34194.0,187.83612,-3716.0,-103.22222,795.0,22.08333,4.0
1758086952.86642,41184.0,226.23392,34242.0,188.09979,-2706.0,-75.16666,1097.0,30.47222,4.0
1758086952.86837,41288.0,226.80521,34311.0,188.47882,-1608.0,-44.66667,1527.0,42.41667,4.0
1758086952.86992,41339.0,227.08536,34397.0,188.95123,-563.0,-15.63889,1831.0,50.86111,4.0
1758086952.8717,41341.0,227.09634,34496.0,189.49509,285.0,7.91667,2003.0,55.63889,4.0
1758086952.87206,41313.0,226.94254,34601.0,190.07187,711.0,19.75,2090.0,58.05556,4.0
1758086952.87239,41269.0,226.70084,34704.0,190.63768,963.0,26.75,2007.0,55.75,4.0
1758086952.87359,41215.0,226.40421,34801.0,191.17052,1202.0,33.38889,1815.0,50.41667,4.0
1758086952.8749,41145.0,226.01968,34888.0,191.64842,1472.0,40.88889,1650.0,45.83333,4.0
1758086952.87544,41065.0,225.58022,34966.0,192.07692,1688.0,46.88889,1480.0,41.11111,4.0
1758086952.87621,40971.0,225.06386,35038.0,192.47243,1991.0,55.30556,1409.0,39.13889,4.0
1758086952.8789,40858.0,224.44313,35114.0,192.88991,2369.0,65.80556,1560.0,43.33333,4.0
1758086952.88003,40725.0,223.71252,35196.0,193.34035,2896.0,80.44444,1706.0,47.38889,4.0
1758086952.88077,40562.0,222.81711,35289.0,193.85123,3450.0,95.83334,1916.0,53.22222,4.0
1758086952.88221,40368.0,221.75143,35395.0,194.4335,4096.0,113.77778,2236.0,62.11111,4.0
1758086952.88589,40140.0,220.49898,35518.0,195.10918,4733.0,131.47223,2596.0,72.11111,4.0
1758086952.88836,39883.0,219.0872,35661.0,195.8947,5333.0,148.13889,2990.0,83.05556,4.0
1758086952.88962,39596.0,217.51065,35825.0,196.79561,5927.0,164.63889,3404.0,94.55556,4.0
1758086952.89001,39277.0,215.75829,36009.0,197.80637,6658.0,184.94444,3835.0,106.52778,4.0
1758086952.89117,38922.0,213.8082,36208.0,198.89951,7253.0,201.47223,3992.0,110.88889,4.0
1758086952.89266,38538.0,211.69879,36407.0,199.99268,7839.0,217.75,3812.0,105.88889,4.0
1758086952.89336,38134.0,209.47952,36588.0,200.98695,7897.0,219.36111,3311.0,91.97222,4.0
1758086952.92159,37755.0,207.39757,36731.0,201.77248,7212.0,200.33333,2380.0,66.11111,4.0
1758086952.9233,37412.0,205.51338,36817.0,202.2449,6360.0,176.66667,1080.0,30.0,4.0
1758086952.92565,37120.0,203.90936,36831.0,202.32181,5304.0,147.33333,-259.0,-7.19444,4.0
1758086952.9264,36877.0,202.57449,36807.0,202.18997,4467.0,124.08334,-650.0,-18.05556,4.0
1758086952.92829,36667.0,201.42091,36765.0,201.95926,3961.0,110.02778,-890.0,-24.72222,4.0
1758086952.92901,36472.0,200.34973,36720.0,201.71205,3781.0,105.02778,-856.0,-23.77778,4.0
1758086952.93135,36282.0,199.30603,36680.0,201.49232,3711.0,103.08334,-711.0,-19.75,4.0
1758086952.93173,36090.0,198.25131,36649.0,201.32204,3841.0,106.69444,-521.0,-14.47222,4.0
1758086952.9336,35892.0,197.16365,36632.0,201.22865,4000.0,111.11111,-171.0,-4.75,4.0
1758086952.95394,35683.0,196.01555,36634.0,201.23964,4230.0,117.5,81.0,2.25,4.0
1758086952.95467,35467.0,194.82903,36638.0,201.26161,4313.0,119.80556,74.0,2.05556,4.0
1758086953.19116,35252.0,193.64798,36641.0,201.27809,4139.0,114.97222,24.0,0.66667,4.0
1758086953.19281,35054.0,192.56032,36641.0,201.27809,3671.0,101.97222,0.0,0.0,4.0
1758086953.19616,34885.0,191.63194,36641.0,201.27809,3115.0,86.52778,0.0,0.0,4.0
1758086953.20085,34740.0,190.83543,36643.0,201.28908,2673.0,74.25,100.0,2.77778,4.0
1758086953.20412,34616.0,190.15427,36660.0,201.38246,2314.0,64.27778,567.0,15.75,4.0
1758086953.20533,34506.0,189.55002,36706.0,201.63515,2038.0,56.61111,1212.0,33.66667,4.0
1758086953.20604,34412.0,189.03363,36791.0,202.10208,1773.0,49.25,2023.0,56.19444,4.0
1758086953.20982,34330.0,188.58319,36913.0,202.77225,1472.0,40.88889,2732.0,75.88889,4.0
1758086953.21102,34265.0,188.22614,37070.0,203.6347,1045.0,29.02778,3399.0,94.41666,4.0
1758086953.21166,34237.0,188.07233,37258.0,204.66743,136.0,3.77778,3919.0,108.86111,4.0
1758086953.2129,34257.0,188.18219,37470.0,205.83199,-810.0,-22.5,4213.0,117.02778,4.0
1758086953.21355,34326.0,188.56122,37682.0,206.99657,-1688.0,-46.88889,4142.0,115.05556,4.0
1758086953.21481,34430.0,189.13251,37886.0,208.11719,-2287.0,-63.52778,3949.0,109.69444,4.0
1758086953.21574,34555.0,189.81918,38083.0,209.19937,-2567.0,-71.30556,3870.0,107.5,4.0
1758086953.21611,34681.0,190.51132,38279.0,210.27605,-2446.0,-67.94444,3941.0,109.47222,4.0
1758086953.2213,34793.0,191.12657,38485.0,211.40764,-2036.0,-56.55556,4182.0,116.16666,4.0
1758086953.22532,34878.0,191.59349,38706.0,212.62164,-1360.0,-37.77778,4558.0,126.61111,4.0
1758086953.23034,34930.0,191.87914,38951.0,213.9675,-731.0,-20.30556,5073.0,140.91667,4.0
1758086953.23161,34944.0,191.95607,39222.0,215.45616,23.0,0.63889,5560.0,154.44444,4.0
1758086953.23619,34932.0,191.89012,39509.0,217.03273,343.0,9.52778,5758.0,159.94444,4.0
1758086953.23974,34910.0,191.76927,39804.0,218.65323,469.0,13.02778,5881.0,163.36111,4.0
1758086953.24044,34886.0,191.63744,40101.0,220.28474,429.0,11.91667,5812.0,161.44444,4.0
1758086953.24106,34869.0,191.54405,40385.0,221.84482,279.0,7.75,5459.0,151.63889,4.0
1758086953.2423,34858.0,191.48363,40649.0,223.29504,128.0,3.55556,5048.0,140.22223,4.0
1758086953.24293,34854.0,191.46165,40894.0,224.64088,36.0,1.0,4616.0,128.22223,4.0
1758086953.24577,34854.0,191.46165,41114.0,225.8494,0.0,0.0,4067.0,112.97222,4.0
1758086953.2464,34854.0,191.46165,41302.0,226.88211,0.0,0.0,3470.0,96.38889,4.0
1758086953.25005,34854.0,191.46165,41459.0,227.74457,0.0,0.0,2850.0,79.16666,4.0
1758086953.25066,34855.0,191.46715,41581.0,228.41473,0.0,0.0,2084.0,57.88889,4.0
1758086953.25142,34857.0,191.47813,41660.0,228.84871,-53.0,-1.47222,1179.0,32.75,4.0
1758086953.26809,34863.0,191.51109,41695.0,229.04097,-196.0,-5.44444,308.0,8.55556,4.0
1758086953.26881,34880.0,191.60448,41692.0,229.02449,-460.0,-12.77778,-243.0,-6.75,4.0
1758086953.28851,34915.0,191.79674,41668.0,228.89265,-879.0,-24.41667,-616.0,-17.11111,4.0
1758086953.62633,34970.0,192.09889,41623.0,228.64546,-1208.0,-33.55556,-1090.0,-30.27778,4.0
1758086953.63042,35040.0,192.48341,41552.0,228.25543,-1569.0,-43.58333,-1591.0,-44.19444,4.0
1758086953.63454,35131.0,192.98329,41460.0,227.75006,-1886.0,-52.38889,-1998.0,-55.5,4.0
1758086953.63938,35236.0,193.56009,41351.0,227.15131,-2186.0,-60.72222,-2275.0,-63.19444,4.0
1758086953.6402,35353.0,194.20279,41227.0,226.47012,-2410.0,-66.94444,-2544.0,-70.66666,4.0
1758086953.64215,35480.0,194.90044,41093.0,225.73404,-2553.0,-70.91666,-2708.0,-75.22222,4.0
1758086953.64496,35610.0,195.61455,40953.0,224.96498,-2571.0,-71.41666,-2792.0,-77.55556,4.0
1758086953.64555,35740.0,196.32869,40808.0,224.16846,-2612.0,-72.55556,-2930.0,-81.38889,4.0
1758086953.6462,35873.0,197.05928,40657.0,223.33899,-2653.0,-73.69444,-3061.0,-85.02778,4.0
1758086953.64826,36013.0,197.82834,40495.0,222.44907,-2830.0,-78.61111,-3299.0,-91.63889,4.0
1758086953.64889,36164.0,198.65781,40319.0,221.48225,-3109.0,-86.36111,-3624.0,-100.66666,4.0
1758086953.6509,36331.0,199.5752,40122.0,220.4001,-3441.0,-95.58334,-4030.0,-111.94444,4.0
1758086953.65152,36515.0,200.58595,39909.0,219.23003,-3762.0,-104.5,-4405.0,-122.36111,4.0
1758086953.65358,36711.0,201.66261,39677.0,217.9556,-3837.0,-106.58334,-4726.0,-131.27777,4.0
1758086953.65506,36903.0,202.71732,39426.0,216.5768,-3761.0,-104.47222,-5178.0,-143.83333,4.0
1758086953.65576,37089.0,203.73907,39147.0,215.04417,-3646.0,-101.27778,-5809.0,-161.36111,4.0
1758086953.65848,37273.0,204.74983,38836.0,213.33578,-3635.0,-100.97222,-6358.0,-176.61111,4.0
1758086953.65967,37454.0,205.74409,38508.0,211.53398,-3499.0,-97.19444,-6555.0,-182.08333,4.0
1758086953.66112,37621.0,206.66148,38181.0,209.7377,-3088.0,-85.77778,-6296.0,-174.88889,4.0
1758086953.66185,37758.0,207.41405,37883.0,208.10071,-2313.0,-64.25,-5507.0,-152.97223,4.0
1758086953.66539,37848.0,207.90845,37625.0,206.68346,-1332.0,-37.0,-4833.0,-134.25,4.0
1758086953.6662,37889.0,208.13367,37395.0,205.42,-425.0,-11.80556,-4384.0,-121.77778,4.0
1758086953.66747,37887.0,208.12268,37183.0,204.25543,279.0,7.75,-4111.0,-114.19444,4.0
1758086953.6679,37867.0,208.01282,36979.0,203.1348,495.0,13.75,-3989.0,-110.80556,4.0
1758086953.67069,37839.0,207.85901,36772.0,201.99771,568.0,15.77778,-4161.0,-115.58334,4.0
1758086953.67135,37811.0,207.7052,36552.0,200.7892,536.0,14.88889,-4484.0,-124.55556,4.0
1758086953.68004,37787.0,207.57336,36314.0,199.48181,388.0,10.77778,-4827.0,-134.08333,4.0
1758086953.68113,37774.0,207.50195,36060.0,198.08652,87.0,2.41667,-5086.0,-141.27777,4.0
1758086953.81423,37776.0,207.51294,35797.0,196.6418,-70.0,-1.94444,-5283.0,-146.75,4.0
1758086953.81594,37777.0,207.51843,35527.0,195.15862,12.0,0.33333,-5374.0,-149.27777,4.0
1758086953.81922,37777.0,207.51843,35259.0,193.68643,18.0,0.5,-5231.0,-145.30556,4.0
1758086953.8247,37775.0,207.50745,35004.0,192.28566,40.0,1.11111,-4860.0,-135.0,4.0
1758086953.82551,37772.0,207.49097,34769.0,190.99474,81.0,2.25,-4425.0,-122.91666,4.0
1758086953.82683,37764.0,207.44702,34558.0,189.83566,215.0,5.97222,-3953.0,-109.80556,4.0
1758086953.83069,37750.0,207.3701,34375.0,188.83038,262.0,7.27778,-3355.0,-93.19444,4.0
1758086953.8319,37739.0,207.30968,34224.0,188.00092,191.0,5.30556,-2722.0,-75.61111,4.0
1758086953.83368,37738.0,207.30418,34100.0,187.31975,-117.0,-3.25,-2176.0,-60.44444,4.0
1758086953.83428,37752.0,207.38109,34001.0,186.77592,-476.0,-13.22222,-1789.0,-49.69444,4.0
1758086953.83488,37794.0,207.61182,33920.0,186.33098,-1081.0,-30.02778,-1505.0,-41.80556,4.0
1758086953.83615,37864.0,207.99634,33851.0,185.95193,-1647.0,-45.75,-1227.0,-34.08333,4.0
1758086953.83945,37964.0,208.54565,33797.0,185.6553,-2202.0,-61.16667,-943.0,-26.19444,4.0
1758086953.84121,38092.0,209.24881,33765.0,185.47952,-2766.0,-76.83334,-350.0,-9.72222,4.0
1758086953.84452,38246.0,210.09476,33765.0,185.47952,-3258.0,-90.5,156.0,4.33333,4.0
1758086953.8454,38421.0,211.05608,33781.0,185.56741,-3570.0,-99.16666,469.0,13.02778,4.0
1758086953.84648,38604.0,212.06134,33813.0,185.74319,-3626.0,-100.72222,697.0,19.36111,4.0
1758086953.8469,38787.0,213.06662,33853.0,185.96292,-3589.0,-99.69444,826.0,22.94444,4.0
1758086953.84875,38969.0,214.06638,33898.0,186.21011,-3574.0,-99.27778,924.0,25.66667,4.0
1758086953.84952,39150.0,215.06065,33942.0,186.45183,-3579.0,-99.41666,792.0,22.0,4.0
1758086953.85138,39331.0,216.05495,33973.0,186.62212,-3598.0,-99.94444,480.0,13.33333,4.0
1758086953.85212,39512.0,217.04921,33987.0,186.69902,-3549.0,-98.58334,85.0,2.36111,4.0
1758086953.85329,39690.0,218.02701,33986.0,186.69353,-3478.0,-96.61111,-45.0,-1.25,4.0
1758086953.85408,39865.0,218.98833,33983.0,186.67705,-3441.0,-95.58334,-46.0,-1.27778,4.0
1758086953.85518,40038.0,219.93864,33981.0,186.66606,-3391.0,-94.19444,-54.0,-1.5,4.0
1758086953.8558,40202.0,220.83955,33980.0,186.66057,-3124.0,-86.77778,0.0,0.0,4.0
1758086953.85941,40350.0,221.65256,33981.0,186.66606,-2698.0,-74.94444,0.0,0.0,4.0
1758086953.86006,40472.0,222.32272,33982.0,186.67155,-2159.0,-59.97222,24.0,0.66667,4.0
1758086953.8653,40564.0,222.82809,33984.0,186.68254,-1536.0,-42.66667,61.0,1.69444,4.0
1758086953.8659,40622.0,223.14673,33990.0,186.7155,-843.0,-23.41667,160.0,4.44444,4.0
1758086953.86801,40646.0,223.27856,34004.0,186.7924,-180.0,-5.0,344.0,9.55556,4.0
1758086953.88423,40640.0,223.24561,34029.0,186.92973,303.0,8.41667,593.0,16.47222,4.0
1758086954.03867,40617.0,223.11926,34065.0,187.12749,597.0,16.58333,755.0,20.97222,4.0
1758086954.04065,40576.0,222.89404,34102.0,187.33073,905.0,25.13889,757.0,21.02778,4.0
1758086954.04125,40521.0,222.59189,34144.0,187.56145,1277.0,35.47222,876.0,24.33333,4.0
1758086954.04325,40450.0,222.20187,34191.0,187.81964,1500.0,41.66667,971.0,26.97222,4.0
1758086954.04548,40368.0,221.75143,34242.0,188.09979,1718.0,47.72222,1007.0,27.97222,4.0
1758086954.05044,40276.0,221.24605,34295.0,188.39093,1919.0,53.30556,1073.0,29.80556,4.0
1758086954.07651,40171.0,220.66927,34356.0,188.72601,2167.0,60.19444,1287.0,35.75,4.0
1758086954.07844,40049.0,219.99907,34429.0,189.12701,2603.0,72.30556,1600.0,44.44444,4.0
1758086954.08633,39904.0,219.20256,34518.0,189.61594,3017.0,83.80556,1889.0,52.47222,4.0
1758086954.08981,39739.0,218.29617,34625.0,190.2037,3476.0,96.55556,2261.0,62.80556,4.0
1758086954.09986,39548.0,217.24696,34752.0,190.90135,3946.0,109.61111,2658.0,73.83334,4.0
1758086954.10045,39333.0,216.06593,34900.0,191.71434,4541.0,126.13889,3105.0,86.25,4.0
1758086954.16079,39087.0,214.71458,35071.0,192.6537,5128.0,142.44444,3605.0,100.13889,4.0
1758086954.16218,38811.0,213.19846,35269.0,193.74136,5709.0,158.58333,4125.0,114.58334,4.0
1758086954.16633,38510.0,211.54497,35494.0,194.97734,6156.0,171.0,4652.0,129.22223,4.0
1758086954.17048,38192.0,209.79813,35737.0,196.31221,6294.0,174.83333,4807.0,133.52777,4.0
1758086954.17121,37884.0,208.1062,35971.0,197.59763,5849.0,162.47223,4344.0,120.66666,4.0
1758086954.17227,37607.0,206.58458,36161.0,198.64133,5096.0,141.55556,3241.0,90.02778,4.0
1758086954.17469,37380.0,205.3376,36286.0,199.328,3985.0,110.69444,1862.0,51.72222,4.0
1758086954.17578,37214.0,204.42572,36341.0,199.63013,2744.0,76.22222,517.0,14.36111,4.0
1758086954.17655,37103.0,203.81598,36342.0,199.63562,1825.0,50.69444,-185.0,-5.13889,4.0
1758086954.17924,37024.0,203.38202,36337.0,199.60815,1411.0,39.19444,-50.0,-1.38889,4.0
1758086954.17988,36959.0,203.02493,36338.0,199.61365,1292.0,35.88889,33.0,0.91667,4.0
1758086954.18272,36887.0,202.62943,36343.0,199.64111,1581.0,43.91667,186.0,5.16667,4.0
1758086954.18493,36796.0,202.12955,36362.0,199.74548,1971.0,54.75,533.0,14.80556,4.0
1758086954.18782,36682.0,201.50331,36403.0,199.9707,2467.0,68.52778,1029.0,28.58333,4.0
1758086954.18837,36539.0,200.71779,36463.0,200.30029,2976.0,82.66666,1305.0,36.25,4.0
1758086954.19043,36378.0,199.83337,36538.0,200.7123,3350.0,93.05556,1593.0,44.25,4.0
1758086954.19106,36204.0,198.87753,36619.0,201.15724,3495.0,97.08334,1589.0,44.13889,4.0
1758086954.19184,36027.0,197.90524,36697.0,201.58571,3459.0,96.08334,1405.0,39.02778,4.0
1758086954.19534,35855.0,196.9604,36759.0,201.9263,3304.0,91.77778,1047.0,29.08333,4.0
1758086954.21501,35696.0,196.08696,36799.0,202.14603,3018.0,83.83334,565.0,15.69444,4.0
1758086954.21677,35555.0,195.31242,36810.0,202.20645,2616.0,72.66666,-34.0,-0.94444,4.0
1758086954.22797,35434.0,194.64774,36807.0,202.18997,2270.0,63.05556,-36.0,-1.0,4.0
1758086954.26129,35329.0,194.07095,36806.0,202.18448,1952.0,54.22222,0.0,0.0,4.0
1758086954.26631,35237.0,193.56558,36806.0,202.18448,1727.0,47.97222,0.0,0.0,4.0
1758086954.26899,35151.0,193.09315,36806.0,202.18448,1624.0,45.11111,4.0,0.11111,4.0
1758086954.27344,35070.0,192.64821,36807.0,202.18997,1632.0,45.33333,0.0,0.0,4.0
1758086954.27612,34986.0,192.18678,36808.0,202.19547,1682.0,46.72222,42.0,1.16667,4.0
1758086954.33931,34896.0,191.69237,36813.0,202.22293,1862.0,51.72222,154.0,4.27778,4.0
1758086954.3405,34799.0,191.15953,36827.0,202.29984,1997.0,55.47222,418.0,11.61111,4.0
1758086954.34178,34700.0,190.61571,36856.0,202.45914,1899.0,52.75,701.0,19.47222,4.0
1758086954.34566,34609.0,190.11581,36897.0,202.68436,1691.0,46.97222,913.0,25.36111,4.0
1758086954.34646,34530.0,189.68185,36949.0,202.97,1422.0,39.5,1080.0,30.0,4.0
1758086954.34819,34468.0,189.34128,37009.0,203.29962,1040.0,28.88889,1296.0,36.0,4.0
1758086954.35186,34425.0,189.10504,37083.0,203.70612,728.0,20.22222,1601.0,44.47222,4.0
1758086954.38276,34400.0,188.96771,37175.0,204.21149,307.0,8.52778,1996.0,55.44444,4.0
1758086954.49579,34396.0,188.94574,37284.0,204.81026,-79.0,-2.19444,2285.0,63.47222,4.0
1758086954.49888,34401.0,188.97321,37409.0,205.4969,-109.0,-3.02778,2605.0,72.36111,4.0
1758086954.50006,34406.0,189.00067,37547.0,206.25499,-53.0,-1.47222,2802.0,77.83334,4.0
1758086954.50125,34406.0,189.00067,37695.0,207.06798,0.0,0.0,3018.0,83.83334,4.0
1758086954.50268,34408.0,189.01166,37853.0,207.93591,-96.0,-2.66667,3239.0,89.97222,4.0
1758086954.5063,34422.0,189.08856,38020.0,208.8533,-475.0,-13.19444,3324.0,92.33334,4.0
1758086954.50963,34463.0,189.31381,38190.0,209.78714,-1035.0,-28.75,3277.0,91.02778,4.0
1758086954.51168,34533.0,189.69833,38354.0,210.68803,-1670.0,-46.38889,3174.0,88.16666,4.0
1758086954.69528,34624.0,190.19821,38510.0,211.54497,-1828.0,-50.77778,3050.0,84.72222,4.0
1758086954.72152,34714.0,190.69261,38665.0,212.39642,-1643.0,-45.63889,3097.0,86.02778,4.0
1758086954.85055,34787.0,191.09361,38831.0,213.30832,-1264.0,-35.11111,3431.0,95.30556,4.0
1758086954.85392,34837.0,191.36827,39016.0,214.32455,-746.0,-20.72222,3796.0,105.44444,4.0
1758086954.85954,34856.0,191.47264,39215.0,215.41771,-88.0,-2.44444,4071.0,113.08334,4.0
1758086954.86126,34849.0,191.43419,39428.0,216.58778,242.0,6.72222,4307.0,119.63889,4.0
1758086954.86306,34832.0,191.34081,39650.0,217.80728,405.0,11.25,4483.0,124.52778,4.0
1758086954.86491,34807.0,191.20348,39880.0,219.07072,536.0,14.88889,4584.0,127.33334,4.0
1758086954.86646,34778.0,191.04417,40110.0,220.33418,595.0,16.52778,4497.0,124.91666,4.0
1758086954.87001,34748.0,190.87938,40329.0,221.5372,565.0,15.69444,4189.0,116.36111,4.0
1758086954.87119,34723.0,190.74205,40527.0,222.62485,438.0,12.16667,3726.0,103.5,4.0
1758086954.87263,34703.0,190.63219,40701.0,223.58069,348.0,9.66667,3218.0,89.38889,4.0
1758086954.87623,34691.0,190.56627,40842.0,224.35524,102.0,2.83333,2419.0,67.19444,4.0
1758086954.88011,34694.0,190.58275,40935.0,224.8661,-92.0,-2.55556,1424.0,39.55556,4.0
1758086954.88088,34703.0,190.63219,40977.0,225.09682,-234.0,-6.5,339.0,9.41667,4.0
1758086954.8827,34719.0,190.72008,40969.0,225.05287,-381.0,-10.58333,-433.0,-12.02778,4.0
1758086954.88433,34745.0,190.8629,40934.0,224.86061,-618.0,-17.16667,-827.0,-22.97222,4.0
1758086954.89139,34784.0,191.07713,40880.0,224.56398,-845.0,-23.47222,-1214.0,-33.72222,4.0
1758086954.89512,34832.0,191.34081,40806.0,224.15747,-996.0,-27.66667,-1666.0,-46.27778,4.0
1758086954.97346,34884.0,191.62645,40713.0,223.64661,-1060.0,-29.44444,-1988.0,-55.22222,4.0
1758086954.97394,34944.0,191.95607,40603.0,223.04236,-1241.0,-34.47222,-2271.0,-63.08333,4.0
1758086954.97506,35009.0,192.31313,40479.0,222.36118,-1313.0,-36.47222,-2554.0,-70.94444,4.0
1758086954.97561,35082.0,192.71413,40342.0,221.60861,-1474.0,-40.94444,-2827.0,-78.52778,4.0
1758086954.97969,35157.0,193.12611,40194.0,220.79561,-1514.0,-42.05556,-3012.0,-83.66666,4.0
1758086954.98016,35235.0,193.5546,40037.0,219.93315,-1542.0,-42.83333,-3174.0,-88.16666,4.0
1758086954.9814,35314.0,193.98856,39871.0,219.02129,-1587.0,-44.08333,-3376.0,-93.77778,4.0
1758086954.98296,35399.0,194.45547,39695.0,218.05447,-1731.0,-48.08333,-3564.0,-99.0,4.0
1758086954.98541,35497.0,194.99382,39507.0,217.02174,-2050.0,-56.94444,-3832.0,-106.44444,4.0
1758086954.98606,35610.0,195.61455,39302.0,215.89565,-2386.0,-66.27778,-4180.0,-116.11111,4.0
1758086954.98683,35740.0,196.32869,39077.0,214.65965,-2785.0,-77.36111,-4594.0,-127.61111,4.0
1758086954.98867,35889.0,197.14717,38832.0,213.31381,-3049.0,-84.69444,-5000.0,-138.88889,4.0
1758086954.98948,36047.0,198.01511,38565.0,211.84711,-3116.0,-86.55556,-5397.0,-149.91667,4.0
1758086954.99052,36206.0,198.88852,38274.0,210.24858,-3158.0,-87.72222,-6026.0,-167.38889,4.0
1758086954.99325,36366.0,199.76746,37955.0,208.49622,-3196.0,-88.77778,-6511.0,-180.86111,4.0
1758086954.99905,36528.0,200.65736,37615.0,206.62852,-3211.0,-89.19444,-6850.0,-190.27777,4.0
1758086954.99951,36688.0,201.53627,37268.0,204.72237,-3054.0,-84.83334,-6739.0,-187.19444,4.0
1758086955.00065,36831.0,202.32181,36946.0,202.95352,-2548.0,-70.77778,-5969.0,-165.80556,4.0
1758086955.00132,36937.0,202.90408,36666.0,201.41542,-1702.0,-47.27778,-5208.0,-144.66667,4.0
1758086955.00416,36998.0,203.2392,36422.0,200.07507,-845.0,-23.47222,-4556.0,-126.55556,4.0
1758086955.00558,37020.0,203.36005,36208.0,198.89951,-130.0,-3.61111,-4015.0,-111.52778,4.0
1758086955.00791,37011.0,203.31061,36017.0,197.85031,237.0,6.58333,-3636.0,-101.0,4.0
1758086955.0083,36999.0,203.24469,35838.0,196.86702,231.0,6.41667,-3536.0,-98.22222,4.0
1758086955.01027,36994.0,203.21722,35655.0,195.86174,-33.0,-0.91667,-3687.0,-102.41666,4.0
1758086955.01089,37001.0,203.25568,35458.0,194.77959,-143.0,-3.97222,-4023.0,-111.75,4.0
1758086955.01163,37011.0,203.31061,35245.0,193.60953,-334.0,-9.27778,-4342.0,-120.61111,4.0
1758086955.01278,37033.0,203.43146,35016.0,192.35158,-418.0,-11.61111,-4622.0,-128.38889,4.0
1758086955.01437,37056.0,203.5578,34774.0,191.0222,-460.0,-12.77778,-4876.0,-135.44444,4.0
1758086955.01546,37084.0,203.71161,34522.0,189.63791,-626.0,-17.38889,-4991.0,-138.63889,4.0
1758086955.01626,37121.0,203.91486,34271.0,188.25909,-792.0,-22.0,-4894.0,-135.94444,4.0
1758086955.01971,37166.0,204.16205,34027.0,186.91875,-968.0,-26.88889,-4736.0,-131.55556,4.0
1758086955.0205,37221.0,204.46417,33793.0,185.63333,-1186.0,-32.94444,-4503.0,-125.08334,4.0
1758086955.02163,37293.0,204.8597,33578.0,184.45227,-1582.0,-43.94444,-3962.0,-110.05556,4.0
1758086955.02338,37384.0,205.35957,33399.0,183.46898,-1978.0,-54.94444,-3146.0,-87.38889,4.0
1758086955.02582,37497.0,205.9803,33266.0,182.73839,-2425.0,-67.36111,-2245.0,-62.36111,4.0
1758086955.02644,37631.0,206.71642,33179.0,182.26048,-2838.0,-78.83334,-1335.0,-37.08333,4.0
1758086955.02925,37791.0,207.59534,33132.0,182.00227,-3375.0,-93.75,-563.0,-15.63889,4.0
1758086955.02992,37979.0,208.62805,33133.0,182.00777,-3901.0,-108.36111,381.0,10.58333,4.0
1758086955.03119,38184.0,209.75418,33178.0,182.25499,-4136.0,-114.88889,1267.0,35.19444,4.0
1758086955.0326,38390.0,210.88579,33274.0,182.78233,-4012.0,-111.44444,2415.0,67.08334,4.0
1758086955.03336,38587.0,211.96796,33422.0,183.59534,-3747.0,-104.08334,3301.0,91.69444,4.0
1758086955.05053,38768.0,212.96222,33604.0,184.59509,-3441.0,-95.58334,3753.0,104.25,4.0
1758086955.05333,38942.0,213.91806,33797.0,185.6553,-3479.0,-96.63889,3808.0,105.77778,4.0
1758086955.06031,39126.0,214.92882,33978.0,186.64958,-3797.0,-105.47222,3363.0,93.41666,4.0
1758086955.07907,39331.0,216.05495,34126.0,187.46257,-4296.0,-119.33334,2559.0,71.08334,4.0
1758086955.08105,39563.0,217.32938,34230.0,188.03387,-4824.0,-134.0,1596.0,44.33333,4.0
1758086955.09594,39822.0,218.75212,34283.0,188.32501,-5356.0,-148.77777,664.0,18.44444,4.0
1758086955.09906,40105.0,220.30672,34288.0,188.35248,-5796.0,-161.0,-190.0,-5.27778,4.0
1758086955.11499,40404.0,221.94919,34271.0,188.25909,-5911.0,-164.19444,-359.0,-9.97222,4.0
1758086955.1309,40699.0,223.5697,34252.0,188.15472,-5740.0,-159.44444,-396.0,-11.0,4.0
1758086955.1317,40979.0,225.1078,34234.0,188.05585,-5358.0,-148.83333,-311.0,-8.63889,4.0
1758086955.151,41227.0,226.47012,34227.0,188.0174,-4516.0,-125.44444,-4.0,-0.11111,4.0
1758086955.15688,41421.0,227.53583,34233.0,188.05035,-3348.0,-93.0,177.0,4.91667,4.0
1758086955.16099,41553.0,228.26093,34248.0,188.13275,-2056.0,-57.11111,403.0,11.19444,4.0
1758086955.36248,41620.0,228.62898,34278.0,188.29755,-721.0,-20.02778,751.0,20.86111,4.0
1758086955.3824,41622.0,228.63997,34323.0,188.54474,337.0,9.36111,951.0,26.41667,4.0
1758086955.38336,41583.0,228.42572,34371.0,188.80841,1126.0,31.27778,923.0,25.63889,4.0
1758086955.41078,41511.0,228.03021,34417.0,189.0611,1609.0,44.69444,899.0,24.97222,4.0
1758086955.4158,41416.0,227.50836,34459.0,189.29184,2068.0,57.44444,710.0,19.72222,4.0
1758086955.41621,41304.0,226.8931,34487.0,189.44565,2351.0,65.30556,405.0,11.25,4.0
1758086955.4229,41177.0,226.19547,34499.0,189.51157,2628.0,73.0,149.0,4.13889,4.0
1758086955.43104,41039.0,225.43739,34503.0,189.53354,2797.0,77.69444,21.0,0.58333,4.0
1758086955.44252,40892.0,224.6299,34503.0,189.53354,3007.0,83.52778,6.0,0.16667,4.0
1758086955.49205,40734.0,223.76196,34505.0,189.54453,3270.0,90.83334,47.0,1.30556,4.0
1758086955.501,40560.0,222.80612,34509.0,189.5665,3557.0,98.80556,128.0,3.55556,4.0
1758086955.50268,40367.0,221.74594,34520.0,189.62692,3988.0,110.77778,284.0,7.88889,4.0
1758086955.50547,40150.0,220.55391,34542.0,189.74777,4440.0,123.33334,564.0,15.66667,4.0
1758086955.50595,39913.0,219.252,34582.0,189.9675,4840.0,134.44444,974.0,27.05556,4.0
1758086955.50779,39655.0,217.83475,34639.0,190.28061,5265.0,146.25,1257.0,34.91667,4.0
1758086955.51091,39371.0,216.27467,34716.0,190.7036,5881.0,163.36111,1707.0,47.41667,4.0
1758086955.51525,39055.0,214.5388,34813.0,191.23643,6507.0,180.75,2114.0,58.72222,4.0
1758086955.51589,38711.0,212.64911,34933.0,191.89561,6810.0,189.16667,2553.0,70.91666,4.0
1758086955.51672,38361.0,210.72649,35069.0,192.64272,6932.0,192.55556,2769.0,76.91666,4.0
1758086955.51935,38018.0,208.84232,35207.0,193.40079,6538.0,181.61111,2564.0,71.22222,4.0
1758086955.52018,37706.0,207.1284,35318.0,194.01053,5890.0,163.61111,1880.0,52.22222,4.0
1758086955.52136,37430.0,205.61226,35388.0,194.39505,5069.0,140.80556,914.0,25.38889,4.0
1758086955.52293,37202.0,204.3598,35407.0,194.49942,4068.0,113.0,19.0,0.52778,4.0
1758086955.52881,37017.0,203.34357,35400.0,194.46097,3321.0,92.25,-124.0,-3.44444,4.0
1758086955.53012,36866.0,202.51407,35394.0,194.42801,2860.0,79.44444,-110.0,-3.05556,4.0
1758086955.53216,36730.0,201.76698,35392.0,194.41702,2596.0,72.11111,7.0,0.19444,4.0
1758086955.53547,36602.0,201.06386,35392.0,194.41702,2500.0,69.44444,0.0,0.0,4.0
1758086955.53643,36477.0,200.3772,35393.0,194.42252,2510.0,69.72222,17.0,0.47222,4.0
1758086955.53862,36349.0,199.67407,35394.0,194.42801,2583.0,71.75,0.0,0.0,4.0
1758086955.54102,36217.0,198.94894,35394.0,194.42801,2636.0,73.22222,0.0,0.0,4.0
1758086955.54211,36083.0,198.21286,35394.0,194.42801,2665.0,74.02778,-8.0,-0.22222,4.0
1758086955.5435,35950.0,197.48225,35393.0,194.42252,2597.0,72.13889,-16.0,-0.44444,4.0
1758086955.54598,35826.0,196.8011,35392.0,194.41702,2359.0,65.52778,-31.0,-0.86111,4.0
1758086955.54634,35716.0,196.19685,35389.0,194.40054,2018.0,56.05556,-102.0,-2.83333,4.0
1758086955.54826,35629.0,195.71892,35378.0,194.34012,1483.0,41.19444,-310.0,-8.61111,4.0
1758086955.55121,35566.0,195.37285,35356.0,194.21927,1047.0,29.08333,-523.0,-14.52778,4.0
1758086955.55251,35527.0,195.15862,35327.0,194.05997,608.0,16.88889,-537.0,-14.91667,4.0
1758086955.55317,35503.0,195.02678,35303.0,193.92813,433.0,12.02778,-422.0,-11.72222,4.0
1758086955.5555,35482.0,194.91142,35288.0,193.84573,402.0,11.16667,-190.0,-5.27778,4.0
1758086955.57106,35455.0,194.76309,35286.0,193.83475,574.0,15.94444,47.0,1.30556,4.0
1758086955.57223,35425.0,194.5983,35287.0,193.84024,631.0,17.52778,9.0,0.25,4.0
1758086955.58784,35394.0,194.42801,35290.0,193.85672,648.0,18.0,113.0,3.13889,4.0
1758086955.58947,35351.0,194.1918,35305.0,193.93912,1052.0,29.22222,479.0,13.30556,4.0
1758086955.60515,35284.0,193.82376,35345.0,194.15884,1505.0,41.80556,1058.0,29.38889,4.0
1758086955.62115,35197.0,193.34584,35414.0,194.53787,1929.0,53.58333,1580.0,43.88889,4.0
1758086955.62312,35092.0,192.76906,35513.0,195.08171,2166.0,60.16667,2223.0,61.75,4.0
1758086955.63966,34976.0,192.13185,35638.0,195.76836,2316.0,64.33334,2634.0,73.16666,4.0
1758086955.64046,34858.0,191.48363,35777.0,196.53194,2313.0,64.25,2823.0,78.41666,4.0
1758086955.6567,34740.0,190.83543,35921.0,197.32295,2249.0,62.47222,2820.0,78.33334,4.0
1758086955.65973,34635.0,190.25864,36064.0,198.10849,1932.0,53.66667,2803.0,77.86111,4.0
1758086955.67512,34552.0,189.8027,36205.0,198.88303,1414.0,39.27778,2774.0,77.05556,4.0
1758086955.69137,34497.0,189.50058,36346.0,199.65759,744.0,20.66667,2755.0,76.52778,4.0
1758086955.69269,34472.0,189.36325,36488.0,200.43764,357.0,9.91667,2832.0,78.66666,4.0
1758086955.73179,34456.0,189.27536,36634.0,201.23964,320.0,8.88889,2922.0,81.16666,4.0
1758086955.75544,34433.0,189.14902,36788.0,202.0856,584.0,16.22222,3144.0,87.33334,4.0
1758086955.75658,34393.0,188.92926,36956.0,203.00845,1001.0,27.80556,3488.0,96.88889,4.0
1758086955.75926,34329.0,188.5777,37144.0,204.0412,1498.0,41.61111,3915.0,108.75,4.0
1758086955.75978,34235.0,188.06134,37353.0,205.18929,2076.0,57.66667,4286.0,119.05556,4.0
1758086955.7605,34114.0,187.39665,37578.0,206.42528,2594.0,72.05556,4553.0,126.47222,4.0
1758086955.76162,33970.0,186.60564,37809.0,207.69421,2969.0,82.47222,4572.0,127.0,4.0
1758086955.77957,33813.0,185.74319,38040.0,208.96317,3194.0,88.72222,4418.0,122.72222,4.0
1758086955.78031,33650.0,184.84778,38253.0,210.13321,3225.0,89.58334,4050.0,112.5,4.0
1758086955.79615,33492.0,183.97986,38442.0,211.17143,3039.0,84.41666,3445.0,95.69444,4.0
1758086955.799,33345.0,183.17235,38598.0,212.02838,2761.0,76.69444,2787.0,77.41666,4.0
1758086955.81513,33214.0,182.45274,38719.0,212.69305,2442.0,67.83334,2132.0,59.22222,4.0
1758086955.8854,33107.0,181.86494,38805.0,213.1655,1914.0,53.16667,1365.0,37.91667,4.0
1758086955.88582,33023.0,181.40352,38858.0,213.45663,1481.0,41.13889,809.0,22.47222,4.0
1758086955.89091,32956.0,181.03548,38886.0,213.61044,1213.0,33.69444,350.0,9.72222,4.0
1758086955.89248,32899.0,180.72237,38892.0,213.6434,1047.0,29.08333,20.0,0.55556,4.0
1758086955.89521,32845.0,180.42572,38892.0,213.6434,1130.0,31.38889,0.0,0.0,4.0
1758086955.89636,32789.0,180.1181,38893.0,213.6489,1139.0,31.63889,32.0,0.88889,4.0
1758086955.9027,32726.0,179.77203,38896.0,213.66537,1309.0,36.36111,82.0,2.27778,4.0
1758086955.90328,32659.0,179.40398,38903.0,213.70383,1301.0,36.13889,182.0,5.05556,4.0
1758086955.90529,32590.0,179.02495,38912.0,213.75327,1393.0,38.69444,142.0,3.94444,4.0
1758086955.92125,32521.0,178.64592,38917.0,213.78073,1289.0,35.80556,30.0,0.83333,4.0
1758086955.92458,32460.0,178.31084,38915.0,213.76974,1117.0,31.02778,-11.0,-0.30556,4.0
1758086955.94119,32421.0,178.09659,38913.0,213.75876,533.0,14.80556,-77.0,-2.13889,4.0
1758086955.9432,32412.0,178.04715,38905.0,213.71481,-96.0,-2.66667,-216.0,-6.0,4.0
1758086956.00553,32426.0,178.12405,38890.0,213.63242,-384.0,-10.66667,-385.0,-10.69444,4.0
1758086956.00618,32456.0,178.28886,38861.0,213.47311,-806.0,-22.38889,-717.0,-19.91667,4.0
1758086956.00978,32506.0,178.56352,38817.0,213.23141,-1071.0,-29.75,-935.0,-25.97222,4.0
1758086956.01075,32568.0,178.9041,38763.0,212.93475,-1298.0,-36.05556,-1191.0,-33.08333,4.0
1758086956.01166,32639.0,179.29411,38695.0,212.56122,-1434.0,-39.83333,-1399.0,-38.86111,4.0
1758086956.01227,32711.0,179.68964,38620.0,212.14923,-1452.0,-40.33333,-1533.0,-42.58333,4.0
1758086956.01587,32781.0,180.07416,38540.0,211.70978,-1322.0,-36.72222,-1586.0,-44.05556,4.0
1758086956.03123,32843.0,180.41473,38460.0,211.27031,-1135.0,-31.52778,-1568.0,-43.55556,4.0
1758086956.03299,32895.0,180.70038,38384.0,210.85283,-934.0,-25.94444,-1482.0,-41.16667,4.0
1758086956.05068,32939.0,180.94209,38312.0,210.45732,-797.0,-22.13889,-1395.0,-38.75,4.0
1758086956.05145,32979.0,181.16182,38242.0,210.07278,-799.0,-22.19444,-1392.0,-38.66667,4.0
1758086956.0692,33023.0,181.40352,38165.0,209.64981,-911.0,-25.30556,-1565.0,-43.47222,4.0
1758086956.07101,33069.0,181.6562,38079.0,209.1774,-934.0,-25.94444,-1835.0,-50.97222,4.0
1758086956.10875,33118.0,181.92537,37981.0,208.63904,-953.0,-26.47222,-2012.0,-55.88889,4.0
1758086956.11005,33164.0,182.17809,37870.0,208.0293,-884.0,-24.55556,-2306.0,-64.05556,4.0
1758086956.11107,33208.0,182.41978,37742.0,207.32616,-908.0,-25.22222,-2672.0,-74.22222,4.0
1758086956.1118,33261.0,182.71092,37591.0,206.49669,-1080.0,-30.0,-3121.0,-86.69444,4.0
1758086956.12728,33321.0,183.04051,37418.0,205.54634,-1274.0,-35.38889,-3665.0,-101.80556,4.0
1758086956.12886,33395.0,183.44701,37215.0,204.43121,-1640.0,-45.55556,-4275.0,-118.75,4.0
1758086956.14593,33489.0,183.96338,36983.0,203.15677,-2020.0,-56.11111,-4659.0,-129.41667,4.0
1758086956.1613,33599.0,184.56763,36744.0,201.8439,-2312.0,-64.22222,-4739.0,-131.63889,4.0
1758086956.16307,33723.0,185.24881,36507.0,200.54201,-2502.0,-69.5,-4610.0,-128.05556,4.0
1758086956.20287,33852.0,185.95743,36279.0,199.28955,-2593.0,-72.02778,-4432.0,-123.11111,4.0
1758086956.20442,33985.0,186.68803,36059.0,198.08102,-2675.0,-74.30556,-4294.0,-119.27778,4.0
1758086956.20736,34130.0,187.48454,35842.0,196.88899,-2971.0,-82.52778,-4292.0,-119.22222,4.0
1758086956.20866,34292.0,188.37445,35622.0,195.68047,-3381.0,-93.91666,-4374.0,-121.5,4.0
1758086956.2105,34476.0,189.38522,35399.0,194.45547,-3871.0,-107.52778,-4378.0,-121.61111,4.0
1758086956.22631,34687.0,190.54428,35180.0,193.25246,-4363.0,-121.19444,-4197.0,-116.58334,4.0
1758086956.22762,34922.0,191.83519,34975.0,192.12636,-4773.0,-132.58333,-3897.0,-108.25,4.0
1758086956.24341,35174.0,193.2195,34786.0,191.08812,-5118.0,-142.16667,-3563.0,-98.97222,4.0
1758086956.25933,35445.0,194.70816,34618.0,190.16525,-5517.0,-153.25,-3097.0,-86.02778,4.0
1758086956.26012,35732.0,196.28474,34477.0,189.39072,-5805.0,-161.25,-2532.0,-70.33334,4.0
1758086956.27532,36028.0,197.91074,34364.0,188.76996,-5845.0,-162.36111,-1974.0,-54.83333,4.0
1758086956.29109,36328.0,199.55872,34278.0,188.29755,-5988.0,-166.33333,-1490.0,-41.38889,4.0
1758086956.29231,36637.0,201.25612,34215.0,187.95148,-6169.0,-171.36111,-1098.0,-30.5,4.0
1758086956.30785,36948.0,202.96451,34165.0,187.6768,-6145.0,-170.69444,-901.0,-25.02778,4.0
1758086956.30935,37263.0,204.6949,34127.0,187.46806,-6289.0,-174.69444,-670.0,-18.61111,4.0
1758086956.32601,37584.0,206.45824,34099.0,187.31425,-6377.0,-177.13889,-512.0,-14.22222,4.0
1758086956.32735,37903.0,208.21057,34074.0,187.17693,-6206.0,-172.38889,-502.0,-13.94444,4.0
1758086956.34335,38217.0,209.93546,34046.0,187.02312,-6209.0,-172.47223,-523.0,-14.52778,4.0
1758086956.35938,38526.0,211.63286,34025.0,186.90776,-6029.0,-167.47223,-369.0,-10.25,4.0
1758086956.36061,38826.0,213.28085,34013.0,186.84184,-5712.0,-158.66667,-96.0,-2.66667,4.0
1758086956.43408,39111.0,214.84642,34012.0,186.83635,-5533.0,-153.69444,9.0,0.25,4.0
1758086956.45586,39380.0,216.32411,34012.0,186.83635,-5187.0,-144.08333,0.0,0.0,4.0
1758086956.48558,39624.0,217.66446,34014.0,186.84734,-4543.0,-126.19444,52.0,1.44444,4.0
1758086956.49381,39837.0,218.83452,34016.0,186.85832,-3978.0,-110.5,10.0,0.27778,4.0
1758086956.49533,40023.0,219.85625,34016.0,186.85832,-3473.0,-96.47222,0.0,0.0,4.0
1758086956.52129,40182.0,220.72969,34016.0,186.85832,-2913.0,-80.91666,-9.0,-0.25,4.0
1758086956.52521,40318.0,221.47676,34015.0,186.85283,-2483.0,-68.97222,-20.0,-0.55556,4.0
1758086956.53098,40433.0,222.10849,34013.0,186.84184,-2132.0,-59.22222,-68.0,-1.88889,4.0
1758086956.53585,40533.0,222.65781,34005.0,186.7979,-1883.0,-52.30556,-250.0,-6.94444,4.0
1758086956.53991,40620.0,223.13574,33984.0,186.68254,-1614.0,-44.83333,-546.0,-15.16667,4.0
1758086956.54321,40698.0,223.56421,33946.0,186.4738,-1412.0,-39.22222,-912.0,-25.33333,4.0
1758086956.54493,40764.0,223.92676,33890.0,186.16617,-1236.0,-34.33333,-1203.0,-33.41667,4.0
1758086956.54587,40821.0,224.23987,33824.0,185.80362,-1012.0,-28.11111,-1407.0,-39.08333,4.0
1758086956.54763,40862.0,224.4651,33747.0,185.38065,-702.0,-19.5,-1586.0,-44.05556,4.0
1758086956.54924,40892.0,224.6299,33665.0,184.93021,-496.0,-13.77778,-1707.0,-47.41667,4.0
1758086956.55081,40904.0,224.69582,33583.0,184.47974,0.0,0.0,-1566.0,-43.5,4.0
1758086956.55393,40892.0,224.6299,33508.0,184.06775,332.0,9.22222,-1383.0,-38.41667,4.0
1758086956.56067,40867.0,224.49257,33449.0,183.74365,599.0,16.63889,-1031.0,-28.63889,4.0
1758086956.56134,40827.0,224.27283,33406.0,183.50743,1021.0,28.36111,-739.0,-20.52778,4.0
1758086956.56484,40763.0,223.92126,33377.0,183.34813,1401.0,38.91667,-426.0,-11.83333,4.0
1758086956.58117,40685.0,223.4928,33364.0,183.27672,1647.0,45.75,-105.0,-2.91667,4.0
1758086956.58161,40595.0,222.99841,33364.0,183.27672,1830.0,50.83333,22.0,0.61111,4.0
1758086956.59904,40497.0,222.46005,33364.0,183.27672,1985.0,55.13889,-4.0,-0.11111,4.0
1758086956.59983,40395.0,221.89975,33364.0,183.27672,2084.0,57.88889,-6.0,-0.16667,4.0
1758086956.61626,40285.0,221.29549,33365.0,183.28221,2256.0,62.66667,2.0,0.05556,4.0
1758086956.6187,40164.0,220.63081,33365.0,183.28221,2419.0,67.19444,10.0,0.27778,4.0
1758086956.71207,40035.0,219.92216,33366.0,183.2877,2693.0,74.80556,44.0,1.22222,4.0
1758086956.71279,39889.0,219.12016,33368.0,183.29869,3032.0,84.22222,25.0,0.69444,4.0
1758086956.71467,39724.0,218.21378,33369.0,183.30418,3447.0,95.75,13.0,0.36111,4.0
1758086956.7158,39536.0,217.18105,33370.0,183.30968,3953.0,109.80556,9.0,0.25,4.0
1758086956.71971,39319.0,215.98903,33370.0,183.30968,4534.0,125.94444,-4.0,-0.11111,4.0
1758086956.72085,39075.0,214.64867,33370.0,183.30968,5079.0,141.08333,0.0,0.0,4.0
1758086956.7216,38805.0,213.1655,33370.0,183.30968,5524.0,153.44444,0.0,0.0,4.0
1758086956.72221,38507.0,211.52849,33370.0,183.30968,6085.0,169.02777,0.0,0.0,4.0
1758086956.72583,38180.0,209.73221,33370.0,183.30968,6750.0,187.5,9.0,0.25,4.0
1758086956.72648,37837.0,207.84802,33372.0,183.32066,6555.0,182.08333,38.0,1.05556,4.0
1758086956.72927,37519.0,206.10118,33372.0,183.32066,6028.0,167.44444,-41.0,-1.13889,4.0
1758086956.74563,37236.0,204.54657,33371.0,183.31517,5321.0,147.80556,0.0,0.0,4.0
1758086956.76121,36986.0,203.17325,33372.0,183.32066,4726.0,131.27777,49.0,1.36111,4.0
1758086956.76163,36755.0,201.90433,33381.0,183.3701,4519.0,125.52778,291.0,8.08333,4.0
1758086956.78012,36523.0,200.6299,33409.0,183.52393,4602.0,127.83334,799.0,22.19444,4.0
1758086956.78073,36285.0,199.32251,33466.0,183.83704,4762.0,132.27777,1388.0,38.55556,4.0
1758086956.79924,36040.0,197.97665,33560.0,184.35339,4847.0,134.63889,2192.0,60.88889,4.0
1758086956.79964,35791.0,196.60884,33693.0,185.08401,4935.0,137.08333,2988.0,83.0,4.0
1758086956.88542,35543.0,195.24651,33866.0,186.03433,4851.0,134.75,3738.0,103.83334,4.0
1758086956.88606,35305.0,193.93912,34078.0,187.1989,4531.0,125.86111,4473.0,124.25,4.0
1758086956.88744,35087.0,192.74159,34324.0,188.55023,4077.0,113.25,5155.0,143.19444,4.0
1758086956.88788,34895.0,191.68687,34603.0,190.08286,3564.0,99.0,5730.0,159.16667,4.0
1758086956.88995,34733.0,190.79698,34904.0,191.73631,2862.0,79.5,6080.0,168.88889,4.0
1758086956.89059,34613.0,190.13779,35217.0,193.45572,2048.0,56.88889,6245.0,173.47223,4.0
1758086956.8917,34532.0,189.69284,35541.0,195.23552,1268.0,35.22222,6468.0,179.66667,4.0
1758086956.89233,34491.0,189.46762,35870.0,197.0428,436.0,12.11111,6517.0,181.02777,4.0
1758086956.89435,34488.0,189.45114,36202.0,198.86655,-130.0,-3.61111,6654.0,184.83333,4.0
1758086956.91581,34500.0,189.51706,36546.0,200.75624,-266.0,-7.38889,6893.0,191.47223,4.0
1758086956.91633,34518.0,189.61594,36896.0,202.67886,-403.0,-11.19444,6938.0,192.72223,4.0
1758086956.9257,34537.0,189.72031,37252.0,204.63448,-360.0,-10.0,7104.0,197.33333,4.0
1758086956.93007,34551.0,189.79721,37611.0,206.60655,-223.0,-6.19444,7050.0,195.83333,4.0
1758086956.98849,34558.0,189.83566,37962.0,208.53467,-96.0,-2.66667,6828.0,189.66667,4.0
1758086956.99011,34561.0,189.85214,38304.0,210.41338,-16.0,-0.44444,6682.0,185.61111,4.0
1758086957.01541,34561.0,189.85214,38627.0,212.18768,-13.0,-0.36111,6112.0,169.77777,4.0
1758086957.02195,34562.0,189.85764,38921.0,213.8027,-40.0,-1.11111,5587.0,155.19444,4.0
1758086957.02891,34566.0,189.87961,39187.0,215.2639,-91.0,-2.52778,4959.0,137.75,4.0
1758086957.03043,34573.0,189.91806,39417.0,216.52736,-180.0,-5.0,4232.0,117.55556,4.0
1758086957.03152,34584.0,189.97849,39609.0,217.58206,-250.0,-6.94444,3516.0,97.66666,4.0
1758086957.03216,34596.0,190.0444,39772.0,218.47745,-187.0,-5.19444,3004.0,83.44444,4.0
1758086957.0336,34605.0,190.09384,39908.0,219.22453,-185.0,-5.13889,2436.0,67.66666,4.0
1758086957.03401,34613.0,190.13779,40014.0,219.80681,-162.0,-4.5,1883.0,52.30556,4.0
1758086957.05564,34620.0,190.17624,40097.0,220.26277,-72.0,-2.0,1441.0,40.02778,4.0
1758086957.05606,34619.0,190.17075,40162.0,220.61983,45.0,1.25,1181.0,32.80556,4.0
1758086957.11123,34617.0,190.15976,40213.0,220.89998,54.0,1.5,871.0,24.19444,4.0
1758086957.11486,34614.0,190.14328,40251.0,221.10872,41.0,1.13889,681.0,18.91667,4.0
1758086957.11536,34613.0,190.13779,40282.0,221.27901,9.0,0.25,568.0,15.77778,4.0
1758086957.11642,34613.0,190.13779,40305.0,221.40535,-4.0,-0.11111,337.0,9.36111,4.0
1758086957.11916,34613.0,190.13779,40315.0,221.46028,-9.0,-0.25,94.0,2.61111,4.0
1758086957.11996,34613.0,190.13779,40315.0,221.46028,0.0,0.0,-18.0,-0.5,4.0
1758086957.12074,34616.0,190.15427,40312.0,221.4438,-86.0,-2.38889,-76.0,-2.11111,4.0
1758086957.1394,34625.0,190.2037,40303.0,221.39436,-254.0,-7.05556,-291.0,-8.08333,4.0
1758086957.13988,34647.0,190.32455,40278.0,221.25703,-622.0,-17.27778,-622.0,-17.27778,4.0
1758086957.1602,34693.0,190.57726,40239.0,221.0428,-1077.0,-29.91667,-900.0,-25.0,4.0
1758086957.16063,34758.0,190.93431,40182.0,220.72969,-1503.0,-41.75,-1332.0,-37.0,4.0
1758086957.17909,34848.0,191.4287,40102.0,220.29024,-1932.0,-53.66667,-1713.0,-47.58333,4.0
1758086957.18028,34955.0,192.01649,40005.0,219.75737,-2238.0,-62.16667,-2029.0,-56.36111,4.0
1758086957.24529,35075.0,192.67567,39897.0,219.16411,-2461.0,-68.36111,-2243.0,-62.30556,4.0
1758086957.24611,35199.0,193.35683,39782.0,218.53238,-2521.0,-70.02778,-2265.0,-62.91667,4.0
1758086957.24906,35326.0,194.05447,39669.0,217.91165,-2445.0,-67.91666,-2205.0,-61.25,4.0
1758086957.25074,35445.0,194.70816,39562.0,217.32388,-2297.0,-63.80556,-2018.0,-56.05556,4.0
1758086957.25133,35556.0,195.31792,39463.0,216.78004,-2120.0,-58.88889,-1890.0,-52.5,4.0
1758086957.25209,35662.0,195.90019,39369.0,216.26369,-2092.0,-58.11111,-1861.0,-51.69444,4.0
1758086957.25412,35770.0,196.49348,39273.0,215.73631,-2175.0,-60.41667,-1968.0,-54.66667,4.0
1758086957.27056,35886.0,197.13069,39168.0,215.15953,-2324.0,-64.55556,-2154.0,-59.83333,4.0
1758086957.27131,36007.0,197.79538,39051.0,214.51683,-2456.0,-68.22222,-2409.0,-66.91666,4.0
1758086957.28676,36134.0,198.49301,38919.0,213.79172,-2574.0,-71.5,-2737.0,-76.02778,4.0
1758086957.28755,36266.0,199.21814,38770.0,212.97321,-2639.0,-73.30556,-3090.0,-85.83334,4.0
1758086957.30272,36403.0,199.9707,38600.0,212.03937,-2753.0,-76.47222,-3569.0,-99.13889,4.0
1758086957.36456,36546.0,200.75624,38405.0,210.96819,-2855.0,-79.30556,-4064.0,-112.88889,4.0
1758086957.36496,36695.0,201.57472,38180.0,209.73221,-2980.0,-82.77778,-4656.0,-129.33333,4.0
1758086957.36621,36849.0,202.42068,37932.0,208.36987,-3043.0,-84.52778,-5007.0,-139.08333,4.0
1758086957.36879,36999.0,203.24469,37682.0,206.99657,-2867.0,-79.63889,-4810.0,-133.61111,4.0
1758086957.37038,37133.0,203.98077,37448.0,205.71114,-2417.0,-67.13889,-4432.0,-123.11111,4.0
1758086957.37157,37235.0,204.54108,37236.0,204.54657,-1690.0,-46.94444,-3979.0,-110.52778,4.0
1758086957.37249,37300.0,204.89815,37045.0,203.49738,-898.0,-24.94444,-3566.0,-99.05556,4.0
1758086957.38938,37325.0,205.03548,36874.0,202.55801,-187.0,-5.19444,-3256.0,-90.44444,4.0
1758086957.3902,37319.0,205.00252,36714.0,201.67909,212.0,5.88889,-3111.0,-86.41666,4.0
1758086957.40591,37308.0,204.94209,36557.0,200.81667,233.0,6.47222,-3146.0,-87.38889,4.0
1758086957.40802,37296.0,204.87617,36392.0,199.91028,171.0,4.75,-3358.0,-93.27778,4.0
1758086957.45035,37294.0,204.86519,36214.0,198.93246,-37.0,-1.02778,-3644.0,-101.22222,4.0
1758086957.45229,37299.0,204.89265,36023.0,197.88327,-105.0,-2.91667,-3914.0,-108.72222,4.0
1758086957.45294,37304.0,204.92012,35817.0,196.75166,-74.0,-2.05556,-4222.0,-117.27778,4.0
1758086957.45637,37307.0,204.9366,35591.0,195.51018,-69.0,-1.91667,-4547.0,-126.30556,4.0
1758086957.45987,37313.0,204.96956,35353.0,194.20279,-195.0,-5.41667,-4843.0,-134.52777,4.0
1758086957.47478,37329.0,205.05745,35104.0,192.83498,-355.0,-9.86111,-4988.0,-138.55556,4.0
1758086957.47647,37353.0,205.18929,34847.0,191.4232,-574.0,-15.94444,-5161.0,-143.36111,4.0
1758086957.49259,37392.0,205.40352,34581.0,189.96201,-937.0,-26.02778,-5282.0,-146.72223,4.0
1758086957.51043,37446.0,205.70015,34316.0,188.50629,-1138.0,-31.61111,-5160.0,-143.33333,4.0
1758086957.51126,37511.0,206.05724,34060.0,187.10002,-1433.0,-39.80556,-4939.0,-137.19444,4.0
1758086957.52796,37594.0,206.51317,33814.0,185.74869,-1779.0,-49.41667,-4722.0,-131.16667,4.0
1758086957.53021,37699.0,207.08995,33589.0,184.5127,-2299.0,-63.86111,-4174.0,-115.94444,4.0
1758086957.54985,37833.0,207.82605,33400.0,183.47447,-2887.0,-80.19444,-3311.0,-91.97222,4.0
1758086957.5519,37998.0,208.73242,33263.0,182.72191,-3533.0,-98.13889,-2226.0,-61.83333,4.0
1758086957.56773,38195.0,209.81461,33185.0,182.29344,-4225.0,-117.36111,-1031.0,-28.63889,4.0
1758086957.56842,38427.0,211.08904,33162.0,182.1671,-4895.0,-135.97223,-23.0,-0.63889,4.0
1758086957.58467,38694.0,212.55573,33173.0,182.22752,-5551.0,-154.19444,367.0,10.19444,4.0
1758086957.58591,38989.0,214.17624,33212.0,182.44176,-6027.0,-167.41667,1140.0,31.66667,4.0
1758086957.60421,39304.0,215.90663,33299.0,182.91966,-6317.0,-175.47223,2115.0,58.75,4.0
1758086957.6207,39624.0,217.66446,33424.0,183.60632,-6264.0,-174.0,2761.0,76.69444,4.0
1758086957.62146,39937.0,219.38383,33577.0,184.44678,-6134.0,-170.38889,3171.0,88.08334,4.0
1758086957.6393,40246.0,221.08125,33741.0,185.34769,-6083.0,-168.97223,3304.0,91.77778,4.0
1758086957.64004,40548.0,222.7402,33907.0,186.25955,-5917.0,-164.36111,3202.0,88.94444,4.0
1758086957.65587,40843.0,224.36073,34061.0,187.10551,-5826.0,-161.83333,2896.0,80.44444,4.0
1758086957.65707,41139.0,225.98672,34195.0,187.84161,-5804.0,-161.22223,2464.0,68.44444,4.0
1758086957.67302,41427.0,227.56879,34305.0,188.44586,-5556.0,-154.33333,1963.0,54.52778,4.0
1758086957.68887,41697.0,229.05196,34390.0,188.91278,-5248.0,-145.77777,1483.0,41.19444,4.0
1758086957.69048,41953.0,230.45824,34456.0,189.27536,-4820.0,-133.88889,1146.0,31.83333,4.0
1758086957.70595,42180.0,231.7052,34504.0,189.53903,-4137.0,-114.91666,846.0,23.5,4.0
1758086957.70668,42368.0,232.73793,34544.0,189.75876,-3271.0,-90.86111,805.0,22.36111,4.0
1758086957.75293,42498.0,233.45204,34591.0,190.01694,-2079.0,-57.75,1058.0,29.38889,4.0
1758086957.75334,42564.0,233.81459,34653.0,190.35751,-726.0,-20.16667,1409.0,39.13889,4.0
1758086957.75876,42562.0,233.8036,34741.0,190.84093,528.0,14.66667,1921.0,53.36111,4.0
1758086957.76366,42510.0,233.51796,34849.0,191.43419,1425.0,39.58333,2331.0,64.75,4.0
1758086957.76594,42411.0,232.97414,34975.0,192.12636,2268.0,63.0,2594.0,72.05556,4.0
1758086957.76665,42276.0,232.23254,35110.0,192.86794,2985.0,82.91666,2729.0,75.80556,4.0
1758086957.7838,42109.0,231.31517,35248.0,193.62601,3533.0,98.13889,2702.0,75.05556,4.0
1758086957.80078,41918.0,230.26598,35383.0,194.36758,3882.0,107.83334,2577.0,71.58334,4.0
1758086957.80122,41715.0,229.15083,35506.0,195.04326,4082.0,113.38889,2346.0,65.16666,4.0
1758086957.90472,41506.0,228.00275,35616.0,195.64751,4114.0,114.27778,2011.0,55.86111,4.0
1758086957.90607,41295.0,226.84366,35708.0,196.15288,4208.0,116.88889,1675.0,46.52778,4.0
1758086957.90749,41075.0,225.63515,35786.0,196.58138,4408.0,122.44444,1437.0,39.91667,4.0
1758086957.90959,40845.0,224.37172,35855.0,196.9604,4596.0,127.66666,1376.0,38.22222,4.0
1758086957.91943,40607.0,223.06433,35925.0,197.34492,4804.0,133.44444,1355.0,37.63889,4.0
1758086957.92149,40355.0,221.68002,35997.0,197.74045,5148.0,143.0,1509.0,41.91667,4.0
1758086957.92548,40082.0,220.18037,36076.0,198.17441,5540.0,153.88889,1592.0,44.22222,4.0
1758086957.92984,39790.0,218.57632,36162.0,198.64682,5905.0,164.02777,1773.0,49.25,4.0
1758086957.93141,39481.0,216.87892,36257.0,199.1687,6326.0,175.72223,1947.0,54.08333,4.0
1758086957.93361,39143.0,215.0222,36358.0,199.72351,6906.0,191.83333,1971.0,54.75,4.0
1758086957.93959,38783.0,213.04462,36457.0,200.26733,7237.0,201.02777,1905.0,52.91667,4.0
1758086957.94002,38411.0,211.00114,36551.0,200.78371,7376.0,204.88889,1779.0,49.41667,4.0
1758086957.94116,38051.0,209.02359,36630.0,201.21767,6872.0,190.88889,1380.0,38.33333,4.0
1758086957.94287,37721.0,207.2108,36681.0,201.49782,6273.0,174.25,654.0,18.16667,4.0
1758086957.95804,37420.0,205.55733,36689.0,201.54176,5675.0,157.63889,-154.0,-4.27778,4.0
1758086957.95914,37151.0,204.07965,36675.0,201.46486,4996.0,138.77777,-344.0,-9.55556,4.0
1758086957.9751,36914.0,202.77774,36657.0,201.36598,4461.0,123.91666,-380.0,-10.55556,4.0
1758086957.97608,36696.0,201.58022,36640.0,201.2726,4149.0,115.25,-299.0,-8.30556,4.0
1758086958.02373,36492.0,200.45961,36631.0,201.22316,3907.0,108.52778,-54.0,-1.5,4.0
1758086958.03126,36301.0,199.4104,36633.0,201.23415,3688.0,102.44444,15.0,0.41667,4.0
1758086958.03607,36118.0,198.40512,36633.0,201.23415,3565.0,99.02778,20.0,0.55556,4.0
1758086958.04239,35940.0,197.42732,36636.0,201.25063,3524.0,97.88889,76.0,2.11111,4.0
1758086958.05077,35761.0,196.44405,36642.0,201.28358,3537.0,98.25,152.0,4.22222,4.0
1758086958.05966,35579.0,195.44426,36652.0,201.33852,3636.0,101.0,272.0,7.55556,4.0
1758086958.06672,35390.0,194.40604,36668.0,201.42641,3717.0,103.25,339.0,9.41667,4.0
1758086958.11901,35197.0,193.34584,36689.0,201.54176,3877.0,107.69444,470.0,13.05556,4.0
1758086958.12435,34997.0,192.24721,36720.0,201.71205,4028.0,111.88889,724.0,20.11111,4.0
1758086958.12483,34789.0,191.1046,36764.0,201.95377,4176.0,116.0,1003.0,27.86111,4.0
1758086958.13116,34583.0,189.97299,36820.0,202.26138,3981.0,110.58334,1102.0,30.61111,4.0
1758086958.1316,34395.0,188.94025,36877.0,202.57449,3488.0,96.88889,1152.0,32.0,4.0
1758086958.13275,34235.0,188.06134,36937.0,202.90408,2874.0,79.83334,1233.0,34.25,4.0
1758086958.1343,34105.0,187.34721,37003.0,203.26666,2314.0,64.27778,1424.0,39.55556,4.0
1758086958.13498,34002.0,186.78142,37089.0,203.73907,1797.0,49.91667,1897.0,52.69444,4.0
1758086958.15171,33927.0,186.36943,37204.0,204.37079,1258.0,34.94444,2542.0,70.61111,4.0
1758086958.15246,33881.0,186.11673,37351.0,205.1783,619.0,17.19444,3196.0,88.77778,4.0
1758086958.16808,33869.0,186.05081,37532.0,206.17259,0.0,0.0,3828.0,106.33334,4.0
1758086958.16892,33878.0,186.10025,37746.0,207.34813,-300.0,-8.33333,4486.0,124.61111,4.0
1758086958.21169,33904.0,186.24307,37994.0,208.71045,-706.0,-19.61111,5204.0,144.55556,4.0
1758086958.21635,33957.0,186.53423,38276.0,210.25957,-1357.0,-37.69444,5798.0,161.05556,4.0
1758086958.22618,34052.0,187.05608,38575.0,211.90204,-2238.0,-62.16667,5964.0,165.66667,4.0
1758086958.23118,34188.0,187.80316,38874.0,213.54453,-2958.0,-82.16666,5831.0,161.97223,4.0
1758086958.30055,34354.0,188.71503,39160.0,215.11559,-3520.0,-97.77778,5480.0,152.22223,4.0
1758086958.30517,34541.0,189.74228,39425.0,216.5713,-3808.0,-105.77778,5118.0,142.16667,4.0
1758086958.30611,34730.0,190.7805,39680.0,217.97208,-3645.0,-101.25,5067.0,140.75,4.0
1758086958.30668,34906.0,191.7473,39942.0,219.4113,-3220.0,-89.44444,5334.0,148.16667,4.0
1758086958.31212,35053.0,192.55482,40219.0,220.93294,-2646.0,-73.5,5556.0,154.33333,4.0
1758086958.31417,35167.0,193.18105,40506.0,222.50949,-1957.0,-54.36111,5701.0,158.36111,4.0
1758086958.31621,35250.0,193.63699,40800.0,224.12451,-1371.0,-38.08333,5898.0,163.83333,4.0
1758086958.31877,35308.0,193.9556,41095.0,225.74503,-1001.0,-27.80556,5763.0,160.08333,4.0
1758086958.32076,35351.0,194.1918,41374.0,227.27765,-763.0,-21.19444,5286.0,146.83333,4.0
1758086958.32539,35384.0,194.37308,41625.0,228.65645,-602.0,-16.72222,4662.0,129.5,4.0
1758086958.32588,35421.0,194.57632,41831.0,229.78804,-866.0,-24.05556,3527.0,97.97222,4.0
1758086958.33117,35480.0,194.90044,41970.0,230.55162,-1359.0,-37.75,2158.0,59.94444,4.0
1758086958.39531,35564.0,195.36186,42035.0,230.90868,-1880.0,-52.22222,618.0,17.16667,4.0
1758086958.39726,35675.0,195.9716,42030.0,230.88121,-2380.0,-66.11111,-485.0,-13.47222,4.0
1758086958.40291,35805.0,196.68575,41985.0,230.63402,-2665.0,-74.02778,-1167.0,-32.41667,4.0
1758086958.4044,35947.0,197.46577,41911.0,230.22752,-2845.0,-79.02778,-1641.0,-45.58333,4.0
1758086958.40616,36093.0,198.26779,41815.0,229.70015,-2852.0,-79.22222,-2043.0,-56.75,4.0
1758086958.40853,36237.0,199.05884,41703.0,229.08492,-2756.0,-76.55556,-2321.0,-64.47222,4.0
1758086958.4108,36371.0,199.79492,41583.0,228.42572,-2572.0,-71.44444,-2455.0,-68.19444,4.0
1758086958.41122,36494.0,200.4706,41456.0,227.72809,-2288.0,-63.55556,-2553.0,-70.91666,4.0
1758086958.42805,36603.0,201.06935,41324.0,227.00296,-2072.0,-57.55556,-2681.0,-74.47222,4.0
1758086958.42878,36704.0,201.62416,41181.0,226.21744,-1918.0,-53.27778,-2948.0,-81.88889,4.0
1758086958.44503,36800.0,202.15152,41021.0,225.33852,-1912.0,-53.11111,-3354.0,-93.16666,4.0
1758086958.44628,36900.0,202.70084,40840.0,224.34425,-2039.0,-56.63889,-3796.0,-105.44444,4.0
1758086958.46333,37006.0,203.28314,40631.0,223.19617,-2214.0,-61.5,-4257.0,-118.25,4.0
1758086958.48034,37126.0,203.94232,40400.0,221.92722,-2461.0,-68.36111,-4771.0,-132.52777,4.0
1758086958.4807,37258.0,204.66743,40142.0,220.50996,-2708.0,-75.22222,-5347.0,-148.52777,4.0
1758086958.49628,37395.0,205.42,39857.0,218.94438,-2680.0,-74.44444,-5830.0,-161.94444,4.0
1758086958.49982,37525.0,206.13414,39555.0,217.28543,-2494.0,-69.27778,-6105.0,-169.58333,4.0
1758086958.52112,37645.0,206.79332,39232.0,215.51109,-2245.0,-62.36111,-6632.0,-184.22223,4.0
1758086958.52147,37752.0,207.38109,38877.0,213.561,-2024.0,-56.22222,-7256.0,-201.55556,4.0
1758086958.54043,37851.0,207.92493,38496.0,211.46806,-1896.0,-52.66667,-7776.0,-216.0,4.0
1758086958.54122,37946.0,208.44678,38095.0,209.26529,-1833.0,-50.91667,-7904.0,-219.55556,4.0
1758086958.55992,38026.0,208.88626,37710.0,207.15038,-1403.0,-38.97222,-7252.0,-201.44444,4.0
1758086958.56038,38078.0,209.17191,37362.0,205.23872,-667.0,-18.52778,-6626.0,-184.05556,4.0
1758086958.57626,38085.0,209.21036,37047.0,203.50836,255.0,7.08333,-5896.0,-163.77777,4.0
1758086958.57864,38060.0,209.07303,36767.0,201.97025,651.0,18.08333,-5284.0,-146.77777,4.0
1758086958.59424,38017.0,208.83682,36511.0,200.56398,938.0,26.05556,-4913.0,-136.47223,4.0
1758086958.61267,37965.0,208.55115,36270.0,199.24011,1120.0,31.11111,-4659.0,-129.41667,4.0
1758086958.61344,37906.0,208.22705,36040.0,197.97665,1134.0,31.5,-4467.0,-124.08334,4.0
1758086958.62925,37854.0,207.94141,35814.0,196.73518,932.0,25.88889,-4504.0,-125.11111,4.0
1758086958.63068,37816.0,207.73267,35585.0,195.47722,651.0,18.08333,-4566.0,-126.83334,4.0
1758086958.64641,37792.0,207.60083,35357.0,194.22476,291.0,8.08333,-4455.0,-123.75,4.0
1758086958.64907,37788.0,207.57886,35138.0,193.02174,-77.0,-2.13889,-4226.0,-117.38889,4.0
1758086958.66539,37799.0,207.63928,34930.0,191.87914,-347.0,-9.63889,-4000.0,-111.11111,4.0
1758086958.66818,37823.0,207.77112,34737.0,190.81895,-587.0,-16.30556,-3634.0,-100.94444,4.0
1758086958.68407,37864.0,207.99634,34568.0,189.89059,-1026.0,-28.5,-3061.0,-85.02778,4.0
1758086958.70753,37931.0,208.36438,34440.0,189.18747,-1576.0,-43.77778,-2150.0,-59.72222,4.0
1758086958.70905,38023.0,208.86978,34360.0,188.74799,-2012.0,-55.88889,-1154.0,-32.05556,4.0
1758086958.73381,38136.0,209.49051,34324.0,188.55023,-2419.0,-67.19444,-428.0,-11.88889,4.0
1758086958.73529,38276.0,210.25957,34319.0,188.52277,-3021.0,-83.91666,107.0,2.97222,4.0
1758086958.73573,38453.0,211.23186,34325.0,188.55573,-3768.0,-104.66666,119.0,3.30556,4.0
1758086958.74035,38661.0,212.37445,34334.0,188.60516,-4357.0,-121.02778,242.0,6.72222,4.0
1758086958.75629,38895.0,213.65988,34356.0,188.72601,-4802.0,-133.38889,555.0,15.41667,4.0
1758086958.75874,39140.0,215.00572,34397.0,188.95123,-4866.0,-135.16667,1049.0,29.13889,4.0
1758086958.77623,39381.0,216.32961,34464.0,189.31931,-4717.0,-131.02777,1468.0,40.77778,4.0
1758086958.77834,39612.0,217.59854,34544.0,189.75876,-4460.0,-123.88889,1652.0,45.88889,4.0
1758086958.81465,39833.0,218.81255,34630.0,190.23117,-4333.0,-120.36111,1679.0,46.63889,4.0
1758086958.86178,40050.0,220.00456,34714.0,190.69261,-4304.0,-119.55556,1586.0,44.05556,4.0
1758086958.87069,40266.0,221.19112,34787.0,191.09361,-4240.0,-117.77778,1313.0,36.47222,4.0
1758086958.87108,40475.0,222.3392,34848.0,191.4287,-4070.0,-113.05556,1097.0,30.47222,4.0
1758086958.90188,40677.0,223.44885,34894.0,191.68138,-3931.0,-109.19444,804.0,22.33333,4.0
1758086958.9108,40869.0,224.50356,34925.0,191.85167,-3713.0,-103.13889,505.0,14.02778,4.0
1758086958.92053,41053.0,225.5143,34946.0,191.96706,-3474.0,-96.5,312.0,8.66667,4.0
1758086958.92091,41216.0,226.4097,34958.0,192.03297,-3026.0,-84.05556,148.0,4.11111,4.0
1758086958.92531,41352.0,227.1568,34962.0,192.05495,-2409.0,-66.91666,42.0,1.16667,4.0
1758086958.92595,41454.0,227.7171,34963.0,192.06044,-1700.0,-47.22222,0.0,0.0,4.0
1758086958.9311,41512.0,228.03571,34965.0,192.07143,-755.0,-20.97222,85.0,2.36111,4.0
1758086958.93576,41522.0,228.09064,34974.0,192.12086,181.0,5.02778,209.0,5.80556,4.0
1758086958.94023,41492.0,227.92584,34987.0,192.19228,917.0,25.47222,322.0,8.94444,4.0
1758086958.94082,41421.0,227.53583,35011.0,192.32411,1765.0,49.02778,576.0,16.0,4.0
1758086958.94522,41310.0,226.92606,35050.0,192.53835,2534.0,70.38889,905.0,25.13889,4.0
1758086958.98665,41161.0,226.10757,35103.0,192.82948,3264.0,90.66666,1121.0,31.13889,4.0
1758086959.0165,40981.0,225.11879,35161.0,193.14809,3758.0,104.38889,1142.0,31.72222,4.0
1758086959.05073,40780.0,224.01465,35220.0,193.4722,4066.0,112.94444,1154.0,32.05556,4.0
1758086959.05269,40569.0,222.85556,35274.0,193.76883,4214.0,117.05556,1014.0,28.16667,4.0
1758086959.09564,40353.0,221.66904,35320.0,194.02151,4265.0,118.47222,825.0,22.91667,4.0
1758086959.12001,40135.0,220.47151,35358.0,194.23026,4281.0,118.91666,690.0,19.16667,4.0
1758086959.12055,39918.0,219.27946,35388.0,194.39505,4305.0,119.58334,541.0,15.02778,4.0
1758086959.12121,39697.0,218.06546,35413.0,194.53238,4369.0,121.36111,488.0,13.55556,4.0
1758086959.1248,39470.0,216.8185,35441.0,194.68619,4559.0,126.63889,605.0,16.80556,4.0
1758086959.1255,39230.0,215.50011,35479.0,194.89494,4840.0,134.44444,852.0,23.66667,4.0
1758086959.12671,38976.0,214.10483,35529.0,195.1696,5128.0,142.44444,1054.0,29.27778,4.0
1758086959.12734,38707.0,212.62714,35592.0,195.51567,5438.0,151.05556,1424.0,39.55556,4.0
1758086959.13126,38413.0,211.01213,35675.0,195.9716,6002.0,166.72223,1782.0,49.5,4.0
1758086959.13162,38096.0,209.27078,35778.0,196.53743,6407.0,177.97223,2200.0,61.11111,4.0
1758086959.13395,37765.0,207.45251,35901.0,197.21309,6620.0,183.88889,2593.0,72.02778,4.0
1758086959.13505,37427.0,205.59578,36042.0,197.98764,6685.0,185.69444,2904.0,80.66666,4.0
1758086959.13582,37094.0,203.76654,36190.0,198.80063,6427.0,178.52777,2860.0,79.44444,4.0
1758086959.13852,36782.0,202.05264,36322.0,199.52576,5947.0,165.19444,2330.0,64.72222,4.0
1758086959.13929,36498.0,200.49257,36417.0,200.04761,5273.0,146.47223,1524.0,42.33333,4.0
1758086959.14039,36254.0,199.15222,36467.0,200.32227,4465.0,124.02778,614.0,17.05556,4.0
1758086959.14118,36050.0,198.03159,36481.0,200.39919,3717.0,103.25,-3.0,-0.08333,4.0
1758086959.15888,35877.0,197.08125,36477.0,200.3772,3197.0,88.80556,-7.0,-0.19444,4.0
1758086959.16043,35725.0,196.24629,36478.0,200.38269,2849.0,79.13889,0.0,0.0,4.0
1758086959.23061,35589.0,195.49919,36479.0,200.38818,2646.0,73.5,56.0,1.55556,4.0
1758086959.23331,35455.0,194.76309,36485.0,200.42116,2702.0,75.05556,169.0,4.69444,4.0
1758086959.23676,35314.0,193.98856,36501.0,200.50905,2883.0,80.08334,458.0,12.72222,4.0
1758086959.23996,35159.0,193.1371,36534.0,200.69032,3193.0,88.69444,813.0,22.58333,4.0
1758086959.2407,34988.0,192.19777,36583.0,200.95949,3485.0,96.80556,1047.0,29.08333,4.0
1758086959.24566,34805.0,191.19249,36644.0,201.29457,3713.0,103.13889,1368.0,38.0,4.0
1758086959.25052,34618.0,190.16525,36716.0,201.69008,3645.0,101.25,1440.0,40.0,4.0
1758086959.25113,34443.0,189.20395,36789.0,202.09109,3255.0,90.41666,1475.0,40.97222,4.0
1758086959.25395,34294.0,188.38544,36861.0,202.4866,2702.0,75.05556,1453.0,40.36111,4.0
1758086959.27114,34174.0,187.72624,36939.0,202.91507,2150.0,59.72222,1617.0,44.91667,4.0
1758086959.27606,34078.0,187.1989,37028.0,203.40399,1698.0,47.16667,1946.0,54.05556,4.0
1758086959.46692,34003.0,186.78691,37141.0,204.02472,1295.0,35.97222,2475.0,68.75,4.0
1758086959.46945,33950.0,186.49577,37283.0,204.80476,849.0,23.58333,3056.0,84.88889,4.0
1758086959.47277,33916.0,186.30899,37456.0,205.75508,580.0,16.11111,3654.0,101.5,4.0
1758086959.47316,33896.0,186.19913,37655.0,206.84825,238.0,6.61111,4160.0,115.55556,4.0
1758086959.4752,33892.0,186.17715,37880.0,208.08423,-53.0,-1.47222,4702.0,130.61111,4.0
1758086959.47752,33900.0,186.2211,38134.0,209.47952,-323.0,-8.97222,5284.0,146.77777,4.0
1758086959.48105,33932.0,186.3969,38411.0,211.00114,-885.0,-24.58333,5561.0,154.47223,4.0
1758086959.48163,34002.0,186.78142,38692.0,212.54474,-1784.0,-49.55556,5467.0,151.86111,4.0
1758086959.48606,34116.0,187.40764,38958.0,214.00595,-2597.0,-72.13889,5070.0,140.83333,4.0
1758086959.48666,34262.0,188.20966,39199.0,215.32982,-3043.0,-84.52778,4518.0,125.5,4.0
1758086959.49115,34421.0,189.08307,39416.0,216.52187,-3135.0,-87.08334,4167.0,115.75,4.0
1758086959.49174,34572.0,189.91257,39623.0,217.65897,-2847.0,-79.08334,4098.0,113.83334,4.0
1758086959.49297,34698.0,190.60472,39837.0,218.83452,-2249.0,-62.47222,4350.0,120.83334,4.0
1758086959.4936,34792.0,191.12108,40067.0,220.09798,-1500.0,-41.66667,4679.0,129.97223,4.0
1758086959.49437,34845.0,191.41222,40309.0,221.42732,-678.0,-18.83333,4882.0,135.61111,4.0
1758086959.49546,34856.0,191.47264,40558.0,222.79514,110.0,3.05556,4938.0,137.16667,4.0
1758086959.49622,34841.0,191.39024,40804.0,224.14648,395.0,10.97222,4818.0,133.83333,4.0
1758086959.49971,34820.0,191.27489,41035.0,225.41542,418.0,11.61111,4330.0,120.27778,4.0
1758086959.50088,34811.0,191.22545,41229.0,226.48111,-12.0,-0.33333,3442.0,95.61111,4.0
1758086959.50159,34822.0,191.28587,41370.0,227.25568,-312.0,-8.66667,2264.0,62.88889,4.0
1758086959.50366,34846.0,191.41771,41452.0,227.70612,-621.0,-17.25,1089.0,30.25,4.0
1758086959.50592,34889.0,191.65392,41471.0,227.81049,-1059.0,-29.41667,-122.0,-3.38889,4.0
1758086959.50647,34956.0,192.02199,41449.0,227.68964,-1499.0,-41.63889,-649.0,-18.02778,4.0
1758086959.50769,35042.0,192.4944,41402.0,227.43146,-1823.0,-50.63889,-1143.0,-31.75,4.0
1758086959.52547,35141.0,193.03822,41330.0,227.03592,-2037.0,-56.58333,-1662.0,-46.16667,4.0
1758086959.54072,35251.0,193.64249,41235.0,226.51407,-2207.0,-61.30556,-2038.0,-56.61111,4.0
1758086959.54139,35366.0,194.2742,41121.0,225.88785,-2334.0,-64.83334,-2377.0,-66.02778,4.0
1758086959.55934,35485.0,194.9279,40990.0,225.16823,-2363.0,-65.63889,-2700.0,-75.0,4.0
1758086959.55973,35603.0,195.5761,40846.0,224.37721,-2298.0,-63.83333,-2948.0,-81.88889,4.0
1758086959.58111,35716.0,196.19685,40690.0,223.52026,-2203.0,-61.19444,-3157.0,-87.69444,4.0
1758086959.58153,35826.0,196.8011,40522.0,222.59738,-2186.0,-60.72222,-3448.0,-95.77778,4.0
1758086959.60096,35940.0,197.42732,40340.0,221.59763,-2299.0,-63.86111,-3775.0,-104.86111,4.0
1758086959.60152,36063.0,198.103,40138.0,220.48799,-2496.0,-69.33334,-4171.0,-115.86111,4.0
1758086959.62056,36199.0,198.85007,39916.0,219.26848,-2787.0,-77.41666,-4584.0,-127.33334,4.0
1758086959.62142,36347.0,199.66309,39674.0,217.93912,-3039.0,-84.41666,-4932.0,-137.0,4.0
1758086959.64003,36503.0,200.52003,39414.0,216.51088,-3074.0,-85.38889,-5310.0,-147.5,4.0
1758086959.64061,36657.0,201.36598,39132.0,214.96178,-3028.0,-84.11111,-5779.0,-160.52777,4.0
1758086959.65942,36807.0,202.18997,38825.0,213.27536,-2956.0,-82.11111,-6282.0,-174.5,4.0
1758086959.65984,36956.0,203.00845,38491.0,211.4406,-2924.0,-81.22222,-6872.0,-190.88889,4.0
1758086959.67565,37106.0,203.83246,38125.0,209.43008,-2997.0,-83.25,-7431.0,-206.41667,4.0
1758086959.67931,37258.0,204.66743,37747.0,207.35362,-2980.0,-82.77778,-7344.0,-204.0,4.0
1758086959.69466,37398.0,205.43648,37389.0,205.38704,-2553.0,-70.91666,-6844.0,-190.11111,4.0
1758086959.71309,37506.0,206.02977,37065.0,203.60724,-1795.0,-49.86111,-6056.0,-168.22223,4.0
1758086959.71386,37571.0,206.38683,36782.0,202.05264,-870.0,-24.16667,-5240.0,-145.55556,4.0
1758086959.73558,37589.0,206.4857,36534.0,200.69032,26.0,0.72222,-4658.0,-129.38889,4.0
1758086959.736,37572.0,206.39232,36311.0,199.46533,479.0,13.30556,-4159.0,-115.52778,4.0
1758086959.74304,37539.0,206.21104,36108.0,198.35019,696.0,19.33333,-3904.0,-108.44444,4.0
1758086959.75866,37510.0,206.05174,35913.0,197.27901,462.0,12.83333,-3854.0,-107.05556,4.0
1758086959.75942,37495.0,205.96931,35712.0,196.17488,151.0,4.19444,-4099.0,-113.86111,4.0
1758086959.77626,37499.0,205.99129,35497.0,194.99382,-167.0,-4.63889,-4370.0,-121.38889,4.0
1758086959.77884,37509.0,206.04625,35268.0,193.73587,-257.0,-7.13889,-4595.0,-127.63889,4.0
1758086959.79469,37527.0,206.14513,35033.0,192.44496,-414.0,-11.5,-4690.0,-130.27777,4.0
1758086959.83946,37553.0,206.28795,34792.0,191.12108,-553.0,-15.36111,-4846.0,-134.61111,4.0
1758086959.84021,37583.0,206.45274,34544.0,189.75876,-621.0,-17.25,-4892.0,-135.88889,4.0
1758086959.84205,37618.0,206.645,34297.0,188.40192,-761.0,-21.13889,-4716.0,-131.0,4.0
1758086959.84283,37663.0,206.8922,34067.0,187.13847,-955.0,-26.52778,-4368.0,-121.33334,4.0
1758086959.85032,37716.0,207.18333,33858.0,185.99039,-1097.0,-30.47222,-3871.0,-107.52778,4.0
1758086959.85105,37778.0,207.52393,33680.0,185.0126,-1365.0,-37.91667,-3155.0,-87.63889,4.0
1758086959.86861,37855.0,207.9469,33547.0,184.28198,-1664.0,-46.22222,-2240.0,-62.22222,4.0
1758086959.8713,37953.0,208.48523,33463.0,183.82056,-2138.0,-59.38889,-1202.0,-33.38889,4.0
1758086960.00618,38074.0,209.14993,33428.0,183.6283,-2603.0,-72.30556,-322.0,-8.94444,4.0
1758086960.01015,38221.0,209.95743,33427.0,183.6228,-3179.0,-88.30556,75.0,2.08333,4.0
1758086960.0111,38396.0,210.91875,33439.0,183.68872,-3636.0,-101.0,413.0,11.47222,4.0
1758086960.0119,38590.0,211.98444,33480.0,183.91394,-3959.0,-109.97222,1207.0,33.52778,4.0
1758086960.01531,38793.0,213.09958,33573.0,184.4248,-4009.0,-111.36111,2295.0,63.75,4.0
1758086960.01668,38997.0,214.22018,33714.0,185.19937,-3969.0,-110.25,3137.0,87.13889,4.0
1758086960.02039,39196.0,215.31334,33888.0,186.15518,-3912.0,-108.66666,3598.0,99.94444,4.0
1758086960.02132,39396.0,216.412,34076.0,187.18791,-3989.0,-110.80556,3703.0,102.86111,4.0
1758086960.02338,39601.0,217.53812,34258.0,188.18768,-4178.0,-116.05556,3426.0,95.16666,4.0
1758086960.02377,39819.0,218.73564,34421.0,189.08307,-4438.0,-123.27778,3059.0,84.97222,4.0
1758086960.02656,40051.0,220.01006,34562.0,189.85764,-4692.0,-130.33333,2591.0,71.97222,4.0
1758086960.02719,40291.0,221.32845,34681.0,190.51132,-4783.0,-132.86111,2203.0,61.19444,4.0
1758086960.02844,40527.0,222.62485,34783.0,191.07164,-4598.0,-127.72222,1834.0,50.94444,4.0
1758086960.02985,40749.0,223.84436,34871.0,191.55504,-4236.0,-117.66666,1668.0,46.33333,4.0
1758086960.0306,40947.0,224.93202,34953.0,192.00551,-3703.0,-102.86111,1587.0,44.08333,4.0
1758086960.03167,41113.0,225.8439,35032.0,192.43947,-2876.0,-79.88889,1532.0,42.55556,4.0
1758086960.03879,41232.0,226.49759,35113.0,192.88441,-1893.0,-52.58333,1665.0,46.25,4.0
1758086960.05382,41298.0,226.86014,35199.0,193.35683,-873.0,-24.25,1753.0,48.69444,4.0
1758086960.07058,41311.0,226.93155,35291.0,193.86221,183.0,5.08333,1863.0,51.75,4.0
1758086960.07178,41280.0,226.76126,35386.0,194.38406,885.0,24.58333,1884.0,52.33333,4.0
1758086960.08795,41215.0,226.40421,35480.0,194.90044,1570.0,43.61111,1825.0,50.69444,4.0
1758086960.08838,41116.0,225.86038,35571.0,195.40031,2223.0,61.75,1812.0,50.33333,4.0
1758086960.24904,40987.0,225.15175,35666.0,195.92216,2761.0,76.69444,1881.0,52.25,4.0
1758086960.2494,40831.0,224.2948,35766.0,196.47151,3310.0,91.94444,2068.0,57.44444,4.0
1758086960.25252,40646.0,223.27856,35876.0,197.07576,3963.0,110.08334,2297.0,63.80556,4.0
1758086960.25377,40427.0,222.07553,36000.0,197.75693,4618.0,128.27777,2586.0,71.83334,4.0
1758086960.25485,40172.0,220.67476,36137.0,198.50949,5308.0,147.44444,2832.0,78.66666,4.0
1758086960.25565,39887.0,219.10918,36288.0,199.33899,5880.0,163.33333,3059.0,84.97222,4.0
1758086960.25945,39574.0,217.3898,36443.0,200.19043,6449.0,179.13889,2967.0,82.41666,4.0
1758086960.25982,39228.0,215.48912,36586.0,200.97597,7069.0,196.36111,2642.0,73.38889,4.0
1758086960.26106,38857.0,213.45114,36709.0,201.65163,7369.0,204.69444,2292.0,63.66667,4.0
1758086960.26163,38492.0,211.44609,36812.0,202.21744,7101.0,197.25,1777.0,49.36111,4.0
1758086960.26603,38143.0,209.52896,36881.0,202.59647,6665.0,185.13889,1013.0,28.13889,4.0
1758086960.26669,37829.0,207.80408,36907.0,202.73929,5870.0,163.05556,140.0,3.88889,4.0
1758086960.27111,37548.0,206.26048,36899.0,202.69534,5293.0,147.02777,-248.0,-6.88889,4.0
1758086960.27894,37297.0,204.88167,36885.0,202.61844,4751.0,131.97223,-300.0,-8.33333,4.0
1758086960.27965,37071.0,203.6402,36868.0,202.52505,4283.0,118.97222,-338.0,-9.38889,4.0
1758086960.28076,36863.0,202.49759,36855.0,202.45364,4047.0,112.41666,-162.0,-4.5,4.0
1758086960.28154,36663.0,201.39894,36854.0,202.44815,3899.0,108.30556,36.0,1.0,4.0
1758086960.28271,36466.0,200.31677,36855.0,202.45364,3862.0,107.27778,0.0,0.0,4.0
1758086960.28399,36270.0,199.24011,36856.0,202.45914,3862.0,107.27778,15.0,0.41667,4.0
1758086960.29989,36071.0,198.14694,36857.0,202.46463,3970.0,110.27778,28.0,0.77778,4.0
1758086960.30067,35865.0,197.01534,36858.0,202.47012,4136.0,114.88889,11.0,0.30556,4.0
1758086960.31587,35651.0,195.83977,36858.0,202.47012,4316.0,119.88889,0.0,0.0,4.0
1758086960.32144,35431.0,194.63126,36858.0,202.47012,4389.0,121.91666,0.0,0.0,4.0
1758086960.81353,35212.0,193.42825,36858.0,202.47012,4296.0,119.33334,0.0,0.0,4.0
1758086960.81537,34998.0,192.2527,36858.0,202.47012,4162.0,115.61111,0.0,0.0,4.0
1758086960.84594,34792.0,191.12108,36858.0,202.47012,4015.0,111.52778,0.0,0.0,4.0
1758086960.84676,34598.0,190.05539,36858.0,202.47012,3729.0,103.58334,0.0,0.0,4.0
1758086960.85427,34418.0,189.06659,36859.0,202.47562,3408.0,94.66666,27.0,0.75,4.0
1758086960.86097,34257.0,188.18219,36862.0,202.4921,2939.0,81.63889,84.0,2.33333,4.0
