timeStamp,motor_angle_L_uint16,motor_angle_L_float,motor_angle_R_uint16,motor_angle_R_float,motor_vel_L_int16,motor_vel_L_float,motor_vel_R_int16,motor_vel_R_float,flag_num
1758075063.72877,36764.0,201.95377,38583.0,211.94598,-2240.0,-62.22222,-6263.0,-173.97223,3.0
1758075063.73002,36897.0,202.68436,38265.0,210.19913,-2931.0,-81.41666,-6319.0,-175.52777,3.0
1758075063.74598,37063.0,203.59625,37944.0,208.43579,-3538.0,-98.27778,-6266.0,-174.05556,3.0
1758075063.76279,37257.0,204.66194,37633.0,206.7274,-4063.0,-112.86111,-5973.0,-165.91667,3.0
1758075063.76437,37476.0,205.86494,37344.0,205.13985,-4543.0,-126.19444,-5562.0,-154.5,3.0
1758075063.78094,37716.0,207.18333,37077.0,203.67316,-4888.0,-135.77777,-5019.0,-139.41667,3.0
1758075063.78184,37967.0,208.56213,36844.0,202.39322,-5043.0,-140.08333,-4233.0,-117.58334,3.0
1758075063.79702,38228.0,209.99588,36650.0,201.32753,-5260.0,-146.11111,-3500.0,-97.22222,3.0
1758075063.81464,38504.0,211.51201,36491.0,200.45412,-5568.0,-154.66667,-2855.0,-79.30556,3.0
1758075063.81638,38794.0,213.10507,36365.0,199.76196,-5814.0,-161.5,-2247.0,-62.41667,3.0
1758075063.83199,39096.0,214.76402,36264.0,199.20715,-6134.0,-170.38889,-1760.0,-48.88889,3.0
1758075063.83301,39419.0,216.53835,36189.0,198.79514,-6542.0,-181.72223,-1353.0,-37.58333,3.0
1758075063.84909,39758.0,218.40054,36132.0,198.48203,-6792.0,-188.66667,-977.0,-27.13889,3.0
1758075063.85011,40108.0,220.3232,36091.0,198.25681,-7059.0,-196.08333,-719.0,-19.97222,3.0
1758075063.86601,40479.0,222.36118,36058.0,198.07553,-7457.0,-207.13889,-620.0,-17.22222,3.0
1758075063.88209,40857.0,224.43764,36030.0,197.92172,-7569.0,-210.25,-418.0,-11.61111,3.0
1758075063.88333,41247.0,226.57999,36013.0,197.82834,-7770.0,-215.83333,-229.0,-6.36111,3.0
1758075063.90272,41641.0,228.74434,36003.0,197.77341,-7756.0,-215.44444,-198.0,-5.5,3.0
1758075063.90542,42024.0,230.84825,36000.0,197.75693,-7431.0,-206.41667,0.0,0.0,3.0
1758075063.92303,42388.0,232.84779,36000.0,197.75693,-6975.0,-193.75,0.0,0.0,3.0
1758075063.92539,42731.0,234.73198,36000.0,197.75693,-6650.0,-184.72223,-9.0,-0.25,3.0
1758075063.94303,43058.0,236.52826,35999.0,197.75143,-6329.0,-175.80556,-35.0,-0.97222,3.0
1758075063.94622,43366.0,238.22018,35995.0,197.72946,-5891.0,-163.63889,-143.0,-3.97222,3.0
1758075063.96113,43657.0,239.81873,35978.0,197.63608,-5708.0,-158.55556,-535.0,-14.86111,3.0
1758075063.96187,43946.0,241.40628,35938.0,197.41634,-5681.0,-157.80556,-1012.0,-28.11111,3.0
1758075063.9771,44233.0,242.98283,35871.0,197.04829,-5669.0,-157.47223,-1514.0,-42.05556,3.0
1758075063.99311,44524.0,244.58138,35776.0,196.52644,-5653.0,-157.02777,-2066.0,-57.38889,3.0
1758075063.99391,44809.0,246.14694,35661.0,195.8947,-5606.0,-155.72223,-2489.0,-69.13889,3.0
1758075064.00909,45087.0,247.67407,35527.0,195.15862,-5337.0,-148.25,-2800.0,-77.77778,3.0
1758075064.01038,45348.0,249.1078,35381.0,194.3566,-5024.0,-139.55556,-2975.0,-82.63889,3.0
1758075064.02708,45596.0,250.47012,35230.0,193.52713,-4770.0,-132.5,-2953.0,-82.02778,3.0
1758075064.04314,45831.0,251.76105,35084.0,192.72511,-4490.0,-124.72222,-2846.0,-79.05556,3.0
1758075064.04632,46048.0,252.95308,34946.0,191.96706,-4086.0,-113.5,-2596.0,-72.11111,3.0
1758075064.06227,46245.0,254.03526,34820.0,191.27489,-3729.0,-103.58334,-2367.0,-65.75,3.0
1758075064.06291,46425.0,255.02403,34706.0,190.64867,-3401.0,-94.47222,-2158.0,-59.94444,3.0
1758075064.08105,46589.0,255.92493,34602.0,190.07736,-3139.0,-87.19444,-1990.0,-55.27778,3.0
1758075064.08277,46728.0,256.68851,34520.0,189.62692,-2445.0,-67.91666,-1372.0,-38.11111,3.0
1758075064.09816,46825.0,257.22134,34475.0,189.37973,-1401.0,-38.91667,-499.0,-13.86111,3.0
1758075064.11497,46859.0,257.40811,34472.0,189.36325,-158.0,-4.38889,105.0,2.91667,3.0
1758075064.11655,46846.0,257.3367,34483.0,189.42368,474.0,13.16667,287.0,7.97222,3.0
1758075064.13218,46804.0,257.10599,34502.0,189.52805,1063.0,29.52778,431.0,11.97222,3.0
1758075064.13331,46736.0,256.73245,34527.0,189.66537,1520.0,42.22222,577.0,16.02778,3.0
1758075064.15179,46645.0,256.23254,34558.0,189.83566,2052.0,57.0,653.0,18.13889,3.0
1758075064.15258,46527.0,255.58435,34600.0,190.06638,2530.0,70.27778,913.0,25.36111,3.0
1758075064.16818,46390.0,254.83177,34649.0,190.33554,2856.0,79.33334,998.0,27.72222,3.0
1758075064.18532,46237.0,253.99132,34701.0,190.6212,3118.0,86.61111,1061.0,29.47222,3.0
1758075064.1858,46071.0,253.07942,34759.0,190.9398,3361.0,93.36111,1196.0,33.22222,3.0
1758075064.20121,45896.0,252.1181,34820.0,191.27489,3523.0,97.86111,1188.0,33.0,3.0
1758075064.20201,45716.0,251.12933,34879.0,191.59898,3573.0,99.25,1121.0,31.13889,3.0
1758075064.21723,45529.0,250.10208,34941.0,191.93956,3817.0,106.02778,1312.0,36.44444,3.0
1758075064.22496,45318.0,248.94301,35024.0,192.39552,4405.0,122.36111,1907.0,52.97222,3.0
1758075064.24037,45073.0,247.59717,35142.0,193.04372,5171.0,143.63889,2716.0,75.44444,3.0
1758075064.24147,44784.0,246.00961,35307.0,193.9501,6039.0,167.75,3710.0,103.05556,3.0
1758075064.25714,44460.0,244.22981,35525.0,195.14763,6650.0,184.72223,4623.0,128.41667,3.0
1758075064.27518,44113.0,242.32364,35776.0,196.52644,6977.0,193.80556,5032.0,139.77777,3.0
1758075064.27728,43762.0,240.39551,36020.0,197.86679,6765.0,187.91667,4568.0,126.88889,3.0
1758075064.3192,43443.0,238.64317,36225.0,198.99292,5879.0,163.30556,3596.0,99.88889,3.0
1758075064.32249,43176.0,237.17648,36377.0,199.82788,4759.0,132.19444,2516.0,69.88889,3.0
1758075064.32585,42973.0,236.06134,36473.0,200.35522,3445.0,95.69444,1403.0,38.97222,3.0
1758075064.32647,42829.0,235.27031,36514.0,200.58046,2363.0,65.63889,410.0,11.38889,3.0
1758075064.3277,42731.0,234.73198,36516.0,200.59145,1526.0,42.38889,-79.0,-2.19444,3.0
1758075064.34573,42681.0,234.45732,36516.0,200.59145,576.0,16.0,0.0,0.0,3.0
1758075064.34677,42670.0,234.3969,36516.0,200.59145,-18.0,-0.5,0.0,0.0,3.0
1758075064.36235,42671.0,234.40239,36516.0,200.59145,10.0,0.27778,0.0,0.0,3.0
1758075064.36349,42671.0,234.40239,36516.0,200.59145,0.0,0.0,0.0,0.0,3.0
1758075064.38143,42671.0,234.40239,36518.0,200.60243,0.0,0.0,11.0,0.30556,3.0
1758075064.38266,42670.0,234.3969,36518.0,200.60243,9.0,0.25,28.0,0.77778,3.0
1758075064.39736,42668.0,234.38591,36521.0,200.61891,77.0,2.13889,45.0,1.25,3.0
1758075064.40046,42660.0,234.34196,36526.0,200.64638,237.0,6.58333,119.0,3.30556,3.0
1758075064.42203,42640.0,234.2321,36534.0,200.69032,559.0,15.52778,174.0,4.83333,3.0
1758075064.42266,42604.0,234.03432,36546.0,200.75624,836.0,23.22222,268.0,7.44444,3.0
1758075064.44246,42549.0,233.73219,36561.0,200.83864,1294.0,35.94444,299.0,8.30556,3.0
1758075064.44759,42468.0,233.28725,36579.0,200.93752,1819.0,50.52778,305.0,8.47222,3.0
1758075064.46242,42361.0,232.69946,36587.0,200.98146,2350.0,65.27778,85.0,2.36111,3.0
1758075064.46596,42225.0,231.95239,36588.0,200.98695,2922.0,81.16666,-8.0,-0.22222,3.0
1758075064.48256,42063.0,231.06248,36588.0,200.98695,3439.0,95.52778,0.0,0.0,3.0
1758075064.48292,41872.0,230.01329,36588.0,200.98695,3990.0,110.83334,0.0,0.0,3.0
1758075064.52237,41657.0,228.83223,36588.0,200.98695,4410.0,122.5,0.0,0.0,3.0
1758075064.52478,41421.0,227.53583,36588.0,200.98695,4845.0,134.58333,0.0,0.0,3.0
1758075064.52581,41164.0,226.12405,36588.0,200.98695,5227.0,145.19444,0.0,0.0,3.0
1758075064.52658,40888.0,224.60793,36588.0,200.98695,5592.0,155.33333,9.0,0.25,3.0
1758075064.54247,40597.0,223.0094,36589.0,200.99245,5924.0,164.55556,58.0,1.61111,3.0
1758075064.54514,40284.0,221.28999,36598.0,201.04189,6347.0,176.30556,193.0,5.36111,3.0
1758075064.56205,39949.0,219.44975,36614.0,201.12978,6806.0,189.05556,529.0,14.69444,3.0
1758075064.5629,39595.0,217.50516,36660.0,201.38246,7205.0,200.13889,1200.0,33.33333,3.0
1758075064.58232,39213.0,215.40672,36741.0,201.82742,7767.0,215.75,1935.0,53.75,3.0
1758075064.58305,38815.0,213.22043,36860.0,202.48111,7957.0,221.02777,2685.0,74.58334,3.0
1758075064.60168,38407.0,210.97917,37019.0,203.35455,8143.0,226.19444,3494.0,97.05556,3.0
1758075064.60207,37999.0,208.73792,37218.0,204.44769,7907.0,219.63889,4234.0,117.61111,3.0
1758075064.61755,37603.0,206.56261,37449.0,205.71663,7721.0,214.47223,4784.0,132.88889,3.0
1758075064.6214,37232.0,204.5246,37702.0,207.10643,7065.0,196.25,5171.0,143.63889,3.0
1758075064.63731,36896.0,202.67886,37976.0,208.61157,6295.0,174.86111,5570.0,154.72223,3.0
1758075064.65396,36598.0,201.04189,38270.0,210.22659,5516.0,153.22223,5910.0,164.16667,3.0
1758075064.65471,36342.0,199.63562,38577.0,211.91302,4605.0,127.91666,6209.0,172.47223,3.0
1758075064.67167,36134.0,198.49301,38901.0,213.69284,3758.0,104.38889,6535.0,181.52777,3.0
1758075064.67216,35965.0,197.56465,39245.0,215.5825,3045.0,84.58334,6969.0,193.58333,3.0
1758075064.68758,35832.0,196.83406,39609.0,217.58206,2340.0,65.0,7416.0,206.0,3.0
1758075064.69022,35730.0,196.27376,40002.0,219.74089,1801.0,50.02778,7984.0,221.77777,3.0
1758075064.70566,35655.0,195.86174,40417.0,222.0206,1276.0,35.44444,8391.0,233.08333,3.0
1758075064.72255,35602.0,195.5706,40851.0,224.40468,906.0,25.16667,8812.0,244.77777,3.0
1758075064.72338,35570.0,195.39482,41304.0,226.8931,395.0,10.97222,9120.0,253.33333,3.0
1758075064.74139,35558.0,195.3289,41786.0,229.54085,96.0,2.66667,9693.0,269.25,3.0
1758075064.74253,35562.0,195.35088,42273.0,232.21606,-76.0,-2.11111,9620.0,267.22223,3.0
1758075064.75757,35563.0,195.35637,42758.0,234.88029,0.0,0.0,9539.0,264.97223,3.0
1758075064.77402,35563.0,195.35637,43236.0,237.50607,0.0,0.0,9391.0,260.86111,3.0
1758075064.7746,35563.0,195.35637,43714.0,240.13184,0.0,0.0,9376.0,260.44446,3.0
1758075064.79181,35563.0,195.35637,44181.0,242.69719,0.0,0.0,9126.0,253.5,3.0
1758075064.79221,35563.0,195.35637,44639.0,245.21309,0.0,0.0,8831.0,245.30556,3.0
1758075064.80756,35563.0,195.35637,45073.0,247.59717,0.0,0.0,8393.0,233.13889,3.0
1758075064.82407,35562.0,195.35088,45488.0,249.87686,0.0,0.0,8003.0,222.30556,3.0
1758075064.82471,35562.0,195.35088,45881.0,252.03571,4.0,0.11111,7565.0,210.13889,3.0
1758075064.84141,35562.0,195.35088,46250.0,254.06273,3.0,0.08333,7111.0,197.52777,3.0
1758075064.84263,35561.0,195.34538,46592.0,255.94141,13.0,0.36111,6491.0,180.30556,3.0
1758075064.85767,35560.0,195.33989,46902.0,257.64432,21.0,0.58333,5852.0,162.55556,3.0
1758075064.85893,35559.0,195.3344,47180.0,259.17142,46.0,1.27778,5204.0,144.55556,3.0
1758075064.87691,35554.0,195.30693,47422.0,260.50079,147.0,4.08333,4412.0,122.55556,3.0
1758075064.89271,35537.0,195.21355,47521.0,261.04465,532.0,14.77778,-1036.0,-28.77778,3.0
1758075064.8935,35491.0,194.96086,47450.0,260.6546,1245.0,34.58333,-755.0,-20.97222,3.0
1758075064.91117,35403.0,194.47745,47452.0,260.66559,2122.0,58.94444,390.0,10.83333,3.0
1758075064.91234,35269.0,193.74136,47472.0,260.77545,2989.0,83.02778,265.0,7.36111,3.0
1758075064.9277,35100.0,192.813,47472.0,260.77545,3569.0,99.13889,0.0,0.0,3.0
1758075064.929,34922.0,191.83519,47469.0,260.75897,3385.0,94.02778,-25.0,-0.69444,3.0
1758075064.94564,34775.0,191.02769,47464.0,260.73151,2499.0,69.41666,-132.0,-3.66667,3.0
1758075064.96182,34682.0,190.51682,47448.0,260.64362,1261.0,35.02778,-497.0,-13.80556,3.0
1758075064.963,34664.0,190.41794,47403.0,260.39642,-156.0,-4.33333,-1214.0,-33.72222,3.0
1758075064.97933,34686.0,190.53879,47316.0,259.91852,-585.0,-16.25,-2032.0,-56.44444,3.0
1758075064.98477,34728.0,190.76952,47188.0,259.21536,-983.0,-27.30556,-2891.0,-80.30556,3.0
1758075065.00076,34792.0,191.12108,47020.0,258.29251,-1403.0,-38.97222,-3616.0,-100.44444,3.0
1758075065.00156,34874.0,191.57152,46813.0,257.15543,-1721.0,-47.80556,-4338.0,-120.5,3.0
1758075065.0167,34969.0,192.0934,46579.0,255.87,-1950.0,-54.16667,-4878.0,-135.5,3.0
1758075065.03275,35067.0,192.63173,46322.0,254.45824,-1923.0,-53.41667,-5179.0,-143.86111,3.0
1758075065.03694,35163.0,193.15907,46051.0,252.96956,-1815.0,-50.41667,-5472.0,-152.0,3.0
1758075065.05275,35249.0,193.6315,45777.0,251.46442,-1604.0,-44.55556,-5375.0,-149.30556,3.0
1758075065.05561,35326.0,194.05447,45504.0,249.96475,-1484.0,-41.22222,-5408.0,-150.22223,3.0
1758075065.07153,35407.0,194.49942,45222.0,248.41566,-1604.0,-44.55556,-5712.0,-158.66667,3.0
1758075065.07288,35490.0,194.95537,44915.0,246.72922,-1642.0,-45.61111,-6252.0,-173.66667,3.0
1758075065.08779,35572.0,195.40581,44572.0,244.84505,-1612.0,-44.77778,-7170.0,-199.16667,3.0
1758075065.09104,35655.0,195.86174,44194.0,242.7686,-1547.0,-42.97222,-7598.0,-211.05556,3.0
1758075065.10684,35724.0,196.2408,43824.0,240.73608,-1225.0,-34.02778,-7091.0,-196.97223,3.0
1758075065.12285,35771.0,196.49898,43485.0,238.87389,-577.0,-16.02778,-6359.0,-176.63889,3.0
1758075065.12345,35771.0,196.49898,43192.0,237.26437,335.0,9.30556,-5328.0,-148.0,3.0
1758075065.13981,35739.0,196.3232,42945.0,235.90753,874.0,24.27778,-4538.0,-126.05556,3.0
1758075065.14064,35689.0,196.04851,42728.0,234.7155,1093.0,30.36111,-4021.0,-111.69444,3.0
1758075065.15666,35627.0,195.70793,42537.0,233.66628,1298.0,36.05556,-3595.0,-99.86111,3.0
1758075065.17283,35565.0,195.36736,42364.0,232.71594,1111.0,30.86111,-3293.0,-91.47222,3.0
1758075065.17486,35520.0,195.12016,42201.0,231.82056,728.0,20.22222,-3183.0,-88.41666,3.0
1758075065.18993,35496.0,194.98833,42036.0,230.91417,204.0,5.66667,-3422.0,-95.05556,3.0
1758075065.19193,35500.0,195.0103,41851.0,229.8979,-178.0,-4.94444,-3807.0,-105.75,3.0
1758075065.2069,35516.0,195.09819,41641.0,228.74434,-350.0,-9.72222,-4358.0,-121.05556,3.0
1758075065.2229,35541.0,195.23552,41407.0,227.45892,-605.0,-16.80556,-4805.0,-133.47223,3.0
1758075065.22367,35585.0,195.47722,41154.0,226.06912,-1041.0,-28.91667,-5137.0,-142.69444,3.0
1758075065.24081,35647.0,195.81779,40880.0,224.56398,-1345.0,-37.36111,-5564.0,-154.55556,3.0
1758075065.24118,35722.0,196.22981,40590.0,222.97095,-1612.0,-44.77778,-5840.0,-162.22223,3.0
1758075065.25966,35811.0,196.7187,40297.0,221.3614,-1820.0,-50.55556,-5771.0,-160.30556,3.0
1758075065.26056,35910.0,197.26253,40006.0,219.76286,-2013.0,-55.91667,-5732.0,-159.22223,3.0
1758075065.27694,36017.0,197.85031,39715.0,218.16434,-2173.0,-60.36111,-5725.0,-159.02777,3.0
1758075065.29297,36132.0,198.48203,39430.0,216.59877,-2400.0,-66.66666,-5557.0,-154.36111,3.0
1758075065.2938,36259.0,199.17969,39153.0,215.07713,-2639.0,-73.30556,-5450.0,-151.38889,3.0
1758075065.30903,36404.0,199.9762,38879.0,213.57199,-3018.0,-83.83334,-5346.0,-148.5,3.0
1758075065.30978,36569.0,200.88258,38615.0,212.12177,-3466.0,-96.27778,-5064.0,-140.66667,3.0
1758075065.32495,36757.0,201.91531,38370.0,210.77592,-3955.0,-109.86111,-4689.0,-130.25,3.0
1758075065.34092,36971.0,203.09085,38141.0,209.51797,-4432.0,-123.11111,-4421.0,-122.80556,3.0
1758075065.3418,37213.0,204.42023,37925.0,208.33142,-4965.0,-137.91667,-4087.0,-113.52778,3.0
1758075065.35694,37479.0,205.88142,37727.0,207.24376,-5531.0,-153.63889,-3724.0,-103.44444,3.0
1758075065.37496,37772.0,207.49097,37550.0,206.27147,-5975.0,-165.97223,-3307.0,-91.86111,3.0
1758075065.37618,38083.0,209.19937,37393.0,205.40901,-6258.0,-173.83333,-2966.0,-82.38889,3.0
1758075065.392,38412.0,211.00664,37252.0,204.63448,-6704.0,-186.22223,-2585.0,-71.80556,3.0
1758075065.39329,38759.0,212.91278,37134.0,203.98627,-6910.0,-191.94444,-2128.0,-59.11111,3.0
1758075065.40916,39114.0,214.8629,37039.0,203.46442,-7119.0,-197.75,-1642.0,-45.61111,3.0
1758075065.41084,39482.0,216.88441,36968.0,203.07437,-7357.0,-204.36111,-1236.0,-34.33333,3.0
1758075065.42699,39854.0,218.9279,36919.0,202.80521,-7307.0,-202.97223,-730.0,-20.27778,3.0
1758075065.44502,40230.0,220.99336,36894.0,202.66788,-7576.0,-210.44444,-374.0,-10.38889,3.0
1758075065.4454,40617.0,223.11926,36878.0,202.57999,-7664.0,-212.88889,-224.0,-6.22222,3.0
1758075065.46101,41009.0,225.2726,36868.0,202.52505,-7840.0,-217.77777,-183.0,-5.08333,3.0
1758075065.46183,41414.0,227.49738,36860.0,202.48111,-8036.0,-223.22223,-107.0,-2.97222,3.0
1758075065.47702,41818.0,229.71663,36854.0,202.44815,-8018.0,-222.72223,-224.0,-6.22222,3.0
1758075065.49496,42226.0,231.95789,36835.0,202.34378,-8136.0,-226.0,-417.0,-11.58333,3.0
1758075065.49665,42629.0,234.17168,36808.0,202.19547,-7828.0,-217.44444,-602.0,-16.72222,3.0
1758075065.51204,43024.0,236.34149,36773.0,202.0032,-7651.0,-212.52777,-716.0,-19.88889,3.0
1758075065.51383,43398.0,238.39598,36730.0,201.76698,-7202.0,-200.05556,-1031.0,-28.63889,3.0
1758075065.52991,43741.0,240.28015,36679.0,201.48683,-6450.0,-179.16667,-945.0,-26.25,3.0
1758075065.53073,44051.0,241.98306,36634.0,201.23964,-5873.0,-163.13889,-847.0,-23.52778,3.0
1758075065.5473,44332.0,243.52666,36584.0,200.96498,-5373.0,-149.25,-1121.0,-31.13889,3.0
1758075065.56306,44594.0,244.9659,36518.0,200.60243,-5076.0,-141.0,-1451.0,-40.30556,3.0
1758075065.56641,44846.0,246.35019,36431.0,200.12451,-4917.0,-136.58333,-1944.0,-54.0,3.0
1758075065.58213,45093.0,247.70703,36319.0,199.50928,-4809.0,-133.58333,-2434.0,-67.61111,3.0
1758075065.58403,45334.0,249.0309,36181.0,198.75119,-4724.0,-131.22223,-2913.0,-80.91666,3.0
1758075065.60161,45575.0,250.35477,36023.0,197.88327,-4763.0,-132.30556,-3245.0,-90.13889,3.0
1758075065.60229,45817.0,251.68414,35855.0,196.9604,-4759.0,-132.19444,-3370.0,-93.61111,3.0
1758075065.64208,46055.0,252.99153,35681.0,196.00456,-4582.0,-127.27778,-3441.0,-95.58334,3.0
1758075065.64624,46280.0,254.22752,35506.0,195.04326,-4341.0,-120.58334,-3423.0,-95.08334,3.0
1758075065.64712,46492.0,255.39209,35339.0,194.12589,-4021.0,-111.69444,-3212.0,-89.22222,3.0
1758075065.64792,46688.0,256.46875,35187.0,193.29091,-3728.0,-103.55556,-2843.0,-78.97222,3.0
1758075065.65056,46865.0,257.44107,35051.0,192.54384,-3278.0,-91.05556,-2468.0,-68.55556,3.0
1758075065.66715,47018.0,258.28152,34938.0,191.92308,-2871.0,-79.75,-2089.0,-58.02778,3.0
1758075065.68371,47156.0,259.03958,34839.0,191.37926,-2516.0,-69.88889,-1843.0,-51.19444,3.0
1758075065.68597,47277.0,259.70428,34750.0,190.89037,-2300.0,-63.88889,-1723.0,-47.86111,3.0
1758075065.70201,47388.0,260.31403,34668.0,190.43991,-2094.0,-58.16667,-1613.0,-44.80556,3.0
1758075065.70283,47494.0,260.89633,34584.0,189.97849,-2059.0,-57.19444,-1665.0,-46.25,3.0
1758075065.72261,47597.0,261.46213,34497.0,189.50058,-2017.0,-56.02778,-1783.0,-49.52778,3.0
1758075065.72705,47684.0,261.94003,34414.0,189.04462,-1487.0,-41.30556,-1464.0,-40.66667,3.0
1758075065.74219,47738.0,262.23666,34355.0,188.72052,-663.0,-18.41667,-921.0,-25.58333,3.0
1758075065.74301,47743.0,262.26413,34331.0,188.58868,153.0,4.25,-124.0,-3.44444,3.0
1758075065.76228,47722.0,262.14877,34333.0,188.59967,596.0,16.55556,5.0,0.13889,3.0
1758075065.76302,47679.0,261.91257,34335.0,188.61066,993.0,27.58333,27.0,0.75,3.0
1758075065.77819,47617.0,261.57199,34338.0,188.62714,1410.0,39.16667,74.0,2.05556,3.0
1758075065.77957,47529.0,261.08859,34346.0,188.67108,1912.0,53.11111,210.0,5.83333,3.0
1758075065.79534,47416.0,260.46783,34361.0,188.75348,2445.0,67.91666,295.0,8.19444,3.0
1758075065.81128,47279.0,259.71527,34382.0,188.86884,2912.0,80.88889,461.0,12.80556,3.0
1758075065.81243,47118.0,258.83084,34407.0,189.00616,3328.0,92.44444,527.0,14.63889,3.0
1758075065.82731,46936.0,257.83109,34442.0,189.19846,3758.0,104.38889,789.0,21.91667,3.0
1758075065.8293,46737.0,256.73795,34489.0,189.45663,4027.0,111.86111,1014.0,28.16667,3.0
1758075065.84524,46529.0,255.59534,34544.0,189.75876,4188.0,116.33334,1105.0,30.69444,3.0
1758075065.86145,46310.0,254.39232,34610.0,190.12131,4521.0,125.58334,1549.0,43.02778,3.0
1758075065.8626,46064.0,253.04097,34706.0,190.64867,5113.0,142.02777,2178.0,60.5,3.0
1758075065.87741,45784.0,251.50287,34840.0,191.38475,5774.0,160.38889,3043.0,84.52778,3.0
1758075065.88262,45481.0,249.83841,35026.0,192.40651,6075.0,168.75,4152.0,115.33334,3.0
1758075065.89997,45168.0,248.11902,35270.0,193.74686,6293.0,174.80556,5193.0,144.25,3.0
1758075065.90072,44845.0,246.3447,35550.0,195.28496,6351.0,176.41667,5554.0,154.27777,3.0
1758075065.91716,44538.0,244.65828,35816.0,196.74617,5745.0,159.58333,5014.0,139.27777,3.0
1758075065.95832,44274.0,243.20805,36045.0,198.00412,4738.0,131.61111,4164.0,115.66666,3.0
1758075065.95907,44074.0,242.10941,36229.0,199.01489,3360.0,93.33334,3205.0,89.02778,3.0
1758075065.96016,43946.0,241.40628,36365.0,199.76196,1907.0,52.97222,2265.0,62.91667,3.0
1758075065.96097,43886.0,241.07666,36458.0,200.27283,615.0,17.08333,1529.0,42.47222,3.0
1758075065.96243,43885.0,241.07117,36518.0,200.60243,-296.0,-8.22222,969.0,26.91667,3.0
1758075065.97742,43908.0,241.19754,36557.0,200.81667,-607.0,-16.86111,649.0,18.02778,3.0
1758075065.98273,43943.0,241.3898,36583.0,200.95949,-689.0,-19.13889,391.0,10.86111,3.0
1758075066.00125,43969.0,241.53262,36598.0,201.04189,-422.0,-11.72222,174.0,4.83333,3.0
1758075066.00202,43982.0,241.60403,36599.0,201.04738,-76.0,-2.11111,0.0,0.0,3.0
1758075066.01819,43981.0,241.59854,36599.0,201.04738,20.0,0.55556,0.0,0.0,3.0
1758075066.02056,43980.0,241.59305,36599.0,201.04738,0.0,0.0,0.0,0.0,3.0
1758075066.0364,43980.0,241.59305,36599.0,201.04738,0.0,0.0,0.0,0.0,3.0
1758075066.05248,43980.0,241.59305,36599.0,201.04738,0.0,0.0,0.0,0.0,3.0
1758075066.05402,43978.0,241.58206,36599.0,201.04738,12.0,0.33333,0.0,0.0,3.0
1758075066.07704,43978.0,241.58206,36599.0,201.04738,29.0,0.80556,0.0,0.0,3.0
1758075066.07742,43975.0,241.56558,36599.0,201.04738,100.0,2.77778,0.0,0.0,3.0
1758075066.09539,43967.0,241.52164,36599.0,201.04738,180.0,5.0,0.0,0.0,3.0
1758075066.09803,43951.0,241.43375,36599.0,201.04738,485.0,13.47222,0.0,0.0,3.0
1758075066.10166,43917.0,241.24698,36599.0,201.04738,767.0,21.30556,0.0,0.0,3.0
1758075066.11754,43872.0,240.99976,36599.0,201.04738,1035.0,28.75,-4.0,-0.11111,3.0
1758075066.1367,43807.0,240.6427,36599.0,201.04738,1491.0,41.41667,0.0,0.0,3.0
1758075066.13746,43720.0,240.16479,36599.0,201.04738,1907.0,52.97222,0.0,0.0,3.0
1758075066.14276,43608.0,239.54955,36599.0,201.04738,2408.0,66.88889,-7.0,-0.19444,3.0
1758075066.1649,43472.0,238.80247,36599.0,201.04738,2866.0,79.61111,-9.0,-0.25,3.0
1758075066.16536,43314.0,237.93454,36599.0,201.04738,3294.0,91.5,-7.0,-0.19444,3.0
1758075066.18156,43138.0,236.96774,36598.0,201.04189,3655.0,101.52778,-12.0,-0.33333,3.0
1758075066.18233,42945.0,235.90753,36598.0,201.04189,3955.0,109.86111,-16.0,-0.44444,3.0
1758075066.19754,42737.0,234.76494,36596.0,201.0309,4195.0,116.52778,-9.0,-0.25,3.0
1758075066.22159,42519.0,233.5674,36596.0,201.0309,4391.0,121.97222,-9.0,-0.25,3.0
1758075066.22232,42291.0,232.31494,36596.0,201.0309,4547.0,126.30556,0.0,0.0,3.0
1758075066.22442,42055.0,231.01854,36596.0,201.0309,4712.0,130.88889,0.0,0.0,3.0
1758075066.24264,41811.0,229.67818,36596.0,201.0309,4875.0,135.41667,0.0,0.0,3.0
1758075066.24335,41561.0,228.30487,36596.0,201.0309,5049.0,140.25,0.0,0.0,3.0
1758075066.26161,41299.0,226.86563,36598.0,201.04189,5315.0,147.63889,1.0,0.02778,3.0
1758075066.26236,41022.0,225.34401,36599.0,201.04738,5655.0,157.08333,55.0,1.52778,3.0
1758075066.27762,40727.0,223.72351,36607.0,201.09132,5927.0,164.63889,251.0,6.97222,3.0
1758075066.29465,40414.0,222.00412,36632.0,201.22865,6390.0,177.5,668.0,18.55556,3.0
1758075066.29513,40080.0,220.16939,36679.0,201.48683,6689.0,185.80556,1131.0,31.41667,3.0
1758075066.31254,39739.0,218.29617,36748.0,201.86588,6791.0,188.63889,1463.0,40.63889,3.0
1758075066.31295,39395.0,216.40651,36832.0,202.3273,6790.0,188.61111,1745.0,48.47222,3.0
1758075066.32939,39056.0,214.5443,36926.0,202.84366,6538.0,181.61111,1953.0,54.25,3.0
1758075066.33059,38738.0,212.79742,37030.0,203.41498,6118.0,169.94444,2143.0,59.52778,3.0
1758075066.34568,38439.0,211.15495,37146.0,204.05219,5718.0,158.83333,2338.0,64.94444,3.0
1758075066.36171,38166.0,209.6553,37269.0,204.72786,5153.0,143.13889,2471.0,68.63889,3.0
1758075066.3625,37919.0,208.29846,37398.0,205.43648,4584.0,127.33334,2585.0,71.80556,3.0
1758075066.37767,37702.0,207.10643,37531.0,206.1671,4111.0,114.19444,2658.0,73.83334,3.0
1758075066.39375,37506.0,206.02977,37671.0,206.93614,3659.0,101.63889,2796.0,77.66666,3.0
1758075066.39446,37332.0,205.07393,37820.0,207.75464,3290.0,91.38889,3083.0,85.63889,3.0
1758075066.40976,37174.0,204.20599,37989.0,208.68298,2992.0,83.11111,3499.0,97.19444,3.0
1758075066.41085,37032.0,203.42596,38178.0,209.72122,2709.0,75.25,3897.0,108.25,3.0
1758075066.42669,36904.0,202.72281,38388.0,210.8748,2434.0,67.61111,4278.0,118.83334,3.0
1758075066.44272,36787.0,202.08011,38615.0,212.12177,2242.0,62.27778,4591.0,127.52778,3.0
1758075066.44402,36683.0,201.5088,38857.0,213.45114,1926.0,53.5,4955.0,137.63889,3.0
1758075066.462,36592.0,201.00893,39116.0,214.87389,1664.0,46.22222,5216.0,144.88889,3.0
1758075066.4627,36512.0,200.56947,39386.0,216.35707,1498.0,41.61111,5390.0,149.72223,3.0
1758075066.47984,36447.0,200.2124,39666.0,217.89517,1185.0,32.91667,5650.0,156.94444,3.0
1758075066.48103,36391.0,199.90479,39956.0,219.4882,1022.0,28.38889,5777.0,160.47223,3.0
1758075066.49671,36346.0,199.65759,40245.0,221.07576,756.0,21.0,5664.0,157.33333,3.0
1758075066.51275,36314.0,199.48181,40530.0,222.64133,563.0,15.63889,5563.0,154.52777,3.0
1758075066.51552,36286.0,199.328,40807.0,224.16296,552.0,15.33333,5418.0,150.5,3.0
1758075066.53078,36255.0,199.15771,41075.0,225.63515,625.0,17.36111,5194.0,144.27777,3.0
1758075066.53154,36225.0,198.99292,41334.0,227.05789,581.0,16.13889,5050.0,140.27777,3.0
1758075066.54678,36202.0,198.86655,41575.0,228.38177,290.0,8.05556,4511.0,125.30556,3.0
1758075066.56273,36190.0,198.80063,41789.0,229.55733,205.0,5.69444,4059.0,112.75,3.0
1758075066.56415,36181.0,198.75119,41984.0,230.62852,186.0,5.16667,3719.0,103.30556,3.0
1758075066.5814,36165.0,198.6633,42164.0,231.61731,442.0,12.27778,3471.0,96.41666,3.0
1758075066.58218,36129.0,198.46555,42334.0,232.55115,915.0,25.41667,3248.0,90.22222,3.0
1758075066.59782,36072.0,198.15244,42491.0,233.41359,1298.0,36.05556,3011.0,83.63889,3.0
1758075066.60229,35991.0,197.70749,42636.0,234.21013,1805.0,50.13889,2783.0,77.30556,3.0
1758075066.61791,35889.0,197.14717,42771.0,234.95171,2195.0,60.97222,2503.0,69.52778,3.0
1758075066.62497,35768.0,196.4825,42887.0,235.58893,2494.0,69.27778,2057.0,57.13889,3.0
1758075066.64092,35639.0,195.77385,42974.0,236.06683,2601.0,72.25,1446.0,40.16667,3.0
1758075066.64174,35507.0,195.04875,43031.0,236.37994,2586.0,71.83334,942.0,26.16667,3.0
1758075066.65681,35376.0,194.32913,43062.0,236.55023,2596.0,72.11111,373.0,10.36111,3.0
1758075066.67287,35244.0,193.60403,43068.0,236.58319,2618.0,72.72222,-51.0,-1.41667,3.0
1758075066.67782,35111.0,192.87343,43067.0,236.5777,2599.0,72.19444,0.0,0.0,3.0
1758075066.7372,34983.0,192.1703,43067.0,236.5777,2514.0,69.83334,0.0,0.0,3.0
1758075066.73814,34858.0,191.48363,43067.0,236.5777,2339.0,64.97222,0.0,0.0,3.0
1758075066.74652,34747.0,190.87389,43067.0,236.5777,2099.0,58.30556,0.0,0.0,3.0
1758075066.74697,34648.0,190.33005,43067.0,236.5777,1805.0,50.13889,0.0,0.0,3.0
1758075066.74892,34563.0,189.86313,43067.0,236.5777,1553.0,43.13889,0.0,0.0,3.0
1758075066.74976,34494.0,189.4841,43067.0,236.5777,1246.0,34.61111,0.0,0.0,3.0
1758075066.75264,34444.0,189.20944,43061.0,236.54474,717.0,19.91667,-198.0,-5.5,3.0
1758075066.7564,34434.0,189.15451,43038.0,236.4184,0.0,0.0,-630.0,-17.5,3.0
1758075066.77193,34437.0,189.17099,42984.0,236.12177,-31.0,-0.86111,-1344.0,-37.33333,3.0
1758075066.77445,34441.0,189.19296,42887.0,235.58893,-84.0,-2.33333,-2273.0,-63.13889,3.0
1758075066.79108,34449.0,189.23691,42746.0,234.81438,-167.0,-4.63889,-3165.0,-87.91666,3.0
1758075066.79147,34458.0,189.28635,42558.0,233.78163,-143.0,-3.97222,-4075.0,-113.19444,3.0
1758075066.80695,34462.0,189.30832,42328.0,232.51819,-64.0,-1.77778,-4859.0,-134.97223,3.0
1758075066.82295,34466.0,189.33029,42063.0,231.06248,-27.0,-0.75,-5486.0,-152.38889,3.0
1758075066.82493,34467.0,189.33578,41767.0,229.43648,-3.0,-0.08333,-6076.0,-168.77777,3.0
1758075066.84081,34467.0,189.33578,41447.0,227.67865,0.0,0.0,-6425.0,-178.47223,3.0
1758075066.84158,34469.0,189.34677,41120.0,225.88235,11.0,0.30556,-6460.0,-179.44444,3.0
1758075066.85782,34467.0,189.33578,40791.0,224.07507,35.0,0.97222,-6539.0,-181.63889,3.0
1758075066.86566,34467.0,189.33578,40462.0,222.26779,0.0,0.0,-6481.0,-180.02777,3.0
1758075066.90262,34467.0,189.33578,40132.0,220.45503,33.0,0.91667,-6643.0,-184.52777,3.0
1758075066.90425,34469.0,189.34677,39782.0,218.53238,-30.0,-0.83333,-7154.0,-198.72223,3.0
1758075066.9054,34472.0,189.36325,39398.0,216.42299,-30.0,-0.83333,-7909.0,-219.69444,3.0
1758075066.90587,34474.0,189.37424,38976.0,214.10483,-114.0,-3.16667,-8656.0,-240.44444,3.0
1758075066.92101,34485.0,189.43466,38528.0,211.64386,-253.0,-7.02778,-8710.0,-241.94444,3.0
1758075066.92212,34494.0,189.4841,38107.0,209.33121,-22.0,-0.61111,-7976.0,-221.55556,3.0
1758075066.93697,34487.0,189.44565,37728.0,207.24925,255.0,7.08333,-7117.0,-197.69444,3.0
1758075066.953,34462.0,189.30832,37391.0,205.39803,779.0,21.63889,-6368.0,-176.88889,3.0
1758075066.95501,34411.0,189.02814,37087.0,203.72809,1182.0,32.83333,-5648.0,-156.88889,3.0
1758075066.97005,34341.0,188.64362,36826.0,202.29434,1489.0,41.36111,-4724.0,-131.22223,3.0
1758075066.97261,34261.0,188.20416,36611.0,201.1133,1565.0,43.47222,-3859.0,-107.19444,3.0
1758075066.9891,34184.0,187.78119,36438.0,200.16296,1458.0,40.5,-3115.0,-86.52778,3.0
1758075066.9909,34118.0,187.41862,36300.0,199.40491,1145.0,31.80556,-2468.0,-68.55556,3.0
1758075067.00784,34071.0,187.16045,36187.0,198.78415,771.0,21.41667,-2074.0,-57.61111,3.0
1758075067.02526,34052.0,187.05608,36086.0,198.22934,4.0,0.11111,-2018.0,-56.05556,3.0
1758075067.02577,34069.0,187.14946,35972.0,197.60312,-533.0,-14.80556,-2403.0,-66.75,3.0
1758075067.04314,34115.0,187.40215,35833.0,196.83955,-1150.0,-31.94444,-3060.0,-85.0,3.0
1758075067.04548,34198.0,187.85809,35656.0,195.86723,-1991.0,-55.30556,-3857.0,-107.13889,3.0
1758075067.06114,34318.0,188.51727,35439.0,194.6752,-2650.0,-73.61111,-4573.0,-127.02778,3.0
1758075067.0619,34462.0,189.30832,35192.0,193.31837,-3029.0,-84.13889,-4989.0,-138.58333,3.0
1758075067.07715,34618.0,190.16525,34939.0,191.92857,-3077.0,-85.47222,-4904.0,-136.22223,3.0
1758075067.09417,34770.0,191.00023,34700.0,190.61571,-2905.0,-80.69444,-4516.0,-125.44444,3.0
1758075067.09487,34906.0,191.7473,34489.0,189.45663,-2512.0,-69.77778,-3918.0,-108.83334,3.0
1758075067.11129,35022.0,192.38454,34307.0,188.45685,-2091.0,-58.08333,-3186.0,-88.5,3.0
1758075067.11168,35119.0,192.91737,34166.0,187.6823,-1802.0,-50.05556,-2494.0,-69.27778,3.0
1758075067.12949,35207.0,193.40079,34056.0,187.07805,-1732.0,-48.11111,-1949.0,-54.13889,3.0
1758075067.13226,35298.0,193.90067,33965.0,186.57817,-1868.0,-51.88889,-1692.0,-47.0,3.0
1758075067.14715,35402.0,194.47195,33885.0,186.1387,-2228.0,-61.88889,-1544.0,-42.88889,3.0
1758075067.15218,35533.0,195.19157,33804.0,185.69376,-2846.0,-79.05556,-1640.0,-45.55556,3.0
1758075067.16819,35697.0,196.09245,33719.0,185.22684,-3542.0,-98.38889,-1769.0,-49.13889,3.0
1758075067.18526,35895.0,197.18013,33627.0,184.72144,-4217.0,-117.13889,-1845.0,-51.25,3.0
1758075067.18572,36122.0,198.42709,33530.0,184.1886,-4705.0,-130.69444,-1883.0,-52.30556,3.0
1758075067.20116,36371.0,199.79492,33438.0,183.68323,-5100.0,-141.66667,-1756.0,-48.77778,3.0
1758075067.20197,36639.0,201.26711,33359.0,183.24925,-5394.0,-149.83333,-1451.0,-40.30556,3.0
1758075067.21724,36917.0,202.79422,33294.0,182.8922,-5534.0,-153.72223,-1090.0,-30.27778,3.0
1758075067.23493,37198.0,204.33783,33252.0,182.66148,-5591.0,-155.30556,-598.0,-16.61111,3.0
1758075067.23659,37483.0,205.9034,33231.0,182.54613,-5701.0,-158.36111,-265.0,-7.36111,3.0
1758075067.25229,37773.0,207.49646,33226.0,182.51866,-5741.0,-159.47223,0.0,0.0,3.0
1758075067.25299,38063.0,209.08951,33226.0,182.51866,-5744.0,-159.55556,0.0,0.0,3.0
1758075067.26983,38360.0,210.72099,33226.0,182.51866,-5978.0,-166.05556,0.0,0.0,3.0
1758075067.27263,38668.0,212.4129,33226.0,182.51866,-6133.0,-170.36111,-9.0,-0.25,3.0
1758075067.28938,38980.0,214.1268,33225.0,182.51317,-6204.0,-172.33333,-39.0,-1.08333,3.0
1758075067.28983,39291.0,215.83519,33225.0,182.51317,-6080.0,-168.88889,0.0,0.0,3.0
1758075067.30533,39590.0,217.47769,33225.0,182.51317,-5771.0,-160.30556,0.0,0.0,3.0
1758075067.32136,39874.0,219.03777,33225.0,182.51317,-5513.0,-153.13889,0.0,0.0,3.0
1758075067.32208,40155.0,220.58138,33223.0,182.50218,-5604.0,-155.66667,-15.0,-0.41667,3.0
1758075067.33742,40443.0,222.16342,33221.0,182.4912,-5757.0,-159.91667,-87.0,-2.41667,3.0
1758075067.3425,40736.0,223.77295,33211.0,182.43626,-5854.0,-162.61111,-345.0,-9.58333,3.0
1758075067.35897,41039.0,225.43739,33182.0,182.27696,-6103.0,-169.52777,-715.0,-19.86111,3.0
1758075067.37481,41358.0,227.18976,33141.0,182.05171,-6388.0,-177.44444,-864.0,-24.0,3.0
1758075067.37729,41684.0,228.98055,33091.0,181.77705,-6353.0,-176.47223,-1111.0,-30.86111,3.0
1758075067.38018,42010.0,230.77135,33030.0,181.44197,-6528.0,-181.33333,-1218.0,-33.83333,3.0
1758075067.39712,42340.0,232.58411,32969.0,181.10689,-6452.0,-179.22223,-1194.0,-33.16667,3.0
1758075067.41619,42661.0,234.34746,32908.0,180.7718,-6320.0,-175.55556,-1163.0,-32.30556,3.0
1758075067.41735,42974.0,236.06683,32855.0,180.48065,-6057.0,-168.25,-989.0,-27.47222,3.0
1758075067.4226,43267.0,237.67636,32811.0,180.23895,-5533.0,-153.69444,-813.0,-22.58333,3.0
1758075067.44111,43535.0,239.14854,32776.0,180.04669,-5074.0,-140.94444,-582.0,-16.16667,3.0
1758075067.44155,43783.0,240.51086,32755.0,179.93134,-4778.0,-132.72223,-306.0,-8.5,3.0
1758075067.45742,44019.0,241.80728,32743.0,179.86542,-4537.0,-126.02778,-152.0,-4.22222,3.0
1758075067.46112,44242.0,243.03227,32736.0,179.82697,-4370.0,-121.38889,-196.0,-5.44444,3.0
1758075067.47715,44460.0,244.22981,32720.0,179.73907,-4246.0,-117.94444,-339.0,-9.41667,3.0
1758075067.49313,44674.0,245.40536,32697.0,179.61272,-4184.0,-116.22222,-484.0,-13.44444,3.0
1758075067.49354,44886.0,246.56992,32668.0,179.45341,-4133.0,-114.80556,-636.0,-17.66667,3.0
1758075067.51223,45082.0,247.64661,32643.0,179.31609,-3601.0,-100.02778,-305.0,-8.47222,3.0
1758075067.51281,45239.0,248.50905,32642.0,179.31059,-2728.0,-75.77778,18.0,0.5,3.0
1758075067.52839,45347.0,249.10231,32647.0,179.33806,-1696.0,-47.11111,93.0,2.58333,3.0
1758075067.54493,45403.0,249.40993,32657.0,179.39299,-585.0,-16.25,293.0,8.13889,3.0
1758075067.54533,45406.0,249.42641,32681.0,179.52483,146.0,4.05556,604.0,16.77778,3.0
1758075067.56143,45386.0,249.31654,32718.0,179.72809,564.0,15.66667,803.0,22.30556,3.0
1758075067.56226,45349.0,249.1133,32765.0,179.98627,809.0,22.47222,1043.0,28.97222,3.0
1758075067.57742,45303.0,248.86061,32828.0,180.33234,992.0,27.55556,1299.0,36.08333,3.0
1758075067.58037,45245.0,248.54201,32899.0,180.72237,1226.0,34.05556,1475.0,40.97222,3.0
1758075067.59543,45178.0,248.17395,32980.0,181.16731,1376.0,38.22222,1664.0,46.22222,3.0
1758075067.66606,45102.0,247.75647,33071.0,181.66719,1581.0,43.91667,1882.0,52.27778,3.0
1758075067.66743,45019.0,247.30054,33168.0,182.20006,1652.0,45.88889,1915.0,53.19444,3.0
1758075067.66874,44934.0,246.83362,33265.0,182.73289,1758.0,48.83333,1980.0,55.0,3.0
1758075067.66954,44830.0,246.2623,33379.0,183.35912,2311.0,64.19444,2429.0,67.47222,3.0
1758075067.67219,44693.0,245.50974,33521.0,184.13916,3090.0,85.83334,3134.0,87.05556,3.0
1758075067.67294,44514.0,244.52644,33707.0,185.16092,3879.0,107.75,4062.0,112.83334,3.0
1758075067.67483,44298.0,243.33989,33942.0,186.45183,4590.0,127.5,5129.0,142.47223,3.0
1758075067.67598,44049.0,241.97208,34225.0,188.00641,5167.0,143.52777,5851.0,162.52777,3.0
1758075067.69252,43783.0,240.51086,34509.0,189.5665,5228.0,145.22223,5343.0,148.41667,3.0
1758075067.69376,43531.0,239.12657,34748.0,190.87938,4767.0,132.41667,4208.0,116.88889,3.0
1758075067.70933,43311.0,237.91806,34925.0,191.85167,3984.0,110.66666,2931.0,81.41666,3.0
1758075067.71094,43137.0,236.96225,35033.0,192.44496,2943.0,81.75,1516.0,42.11111,3.0
1758075067.72763,43017.0,236.30304,35068.0,192.63722,1996.0,55.44444,91.0,2.52778,3.0
1758075067.73015,42935.0,235.8526,35060.0,192.59328,1419.0,39.41667,-143.0,-3.97222,3.0
1758075067.74676,42867.0,235.47905,35060.0,192.59328,1322.0,36.72222,17.0,0.47222,3.0
1758075067.76411,42797.0,235.09453,35060.0,192.59328,1530.0,42.5,6.0,0.16667,3.0
1758075067.76747,42707.0,234.60014,35061.0,192.59877,1921.0,53.36111,7.0,0.19444,3.0
1758075067.78261,42596.0,233.99037,35062.0,192.60426,2404.0,66.77778,9.0,0.25,3.0
1758075067.78459,42459.0,233.23781,35063.0,192.60976,2908.0,80.77778,2.0,0.05556,3.0
1758075067.79961,42300.0,232.36438,35064.0,192.61525,3277.0,91.02778,26.0,0.72222,3.0
1758075067.80164,42131.0,231.43604,35065.0,192.62074,3202.0,88.94444,0.0,0.0,3.0
1758075067.81661,41991.0,230.66698,35064.0,192.61525,2386.0,66.27778,-26.0,-0.72222,3.0
1758075067.83263,41894.0,230.13414,35063.0,192.60976,1593.0,44.25,-19.0,-0.52778,3.0
1758075067.83336,41827.0,229.76607,35063.0,192.60976,1093.0,30.36111,0.0,0.0,3.0
1758075067.84857,41789.0,229.55733,35063.0,192.60976,478.0,13.27778,0.0,0.0,3.0
1758075067.84943,41779.0,229.5024,35063.0,192.60976,-14.0,-0.38889,0.0,0.0,3.0
1758075067.86626,41781.0,229.51338,35063.0,192.60976,0.0,0.0,0.0,0.0,3.0
1758075067.88304,41781.0,229.51338,35064.0,192.61525,0.0,0.0,0.0,0.0,3.0
1758075067.88341,41780.0,229.50789,35064.0,192.61525,9.0,0.25,0.0,0.0,3.0
1758075067.89888,41778.0,229.4969,35065.0,192.62074,72.0,2.0,6.0,0.16667,3.0
1758075067.89946,41766.0,229.43098,35065.0,192.62074,408.0,11.33333,28.0,0.77778,3.0
1758075067.91466,41729.0,229.22774,35071.0,192.6537,998.0,27.72222,189.0,5.25,3.0
1758075067.93109,41665.0,228.87617,35089.0,192.75258,1484.0,41.22222,446.0,12.38889,3.0
1758075067.93147,41570.0,228.35431,35122.0,192.93385,2198.0,61.05556,796.0,22.11111,3.0
1758075067.94671,41441.0,227.64569,35170.0,193.19753,2861.0,79.47222,989.0,27.47222,3.0
1758075067.9627,41279.0,226.75577,35222.0,193.48318,3478.0,96.61111,1121.0,31.13889,3.0
1758075067.96343,41087.0,225.70107,35284.0,193.82376,4016.0,111.55556,1252.0,34.77778,3.0
1758075067.98058,40871.0,224.51454,35344.0,194.15335,4414.0,122.61111,1179.0,32.75,3.0
1758075067.98093,40643.0,223.26208,35405.0,194.48843,4638.0,128.83333,1182.0,32.83333,3.0
1758075068.0002,40404.0,221.94919,35461.0,194.79607,4801.0,133.36111,1060.0,29.44444,3.0
1758075068.00111,40160.0,220.60884,35514.0,195.0872,4879.0,135.52777,1062.0,29.5,3.0
1758075068.0167,39913.0,219.252,35567.0,195.37834,4869.0,135.25,1005.0,27.91667,3.0
1758075068.03267,39668.0,217.90616,35620.0,195.66948,4855.0,134.86111,1064.0,29.55556,3.0
1758075068.0348,39420.0,216.54384,35681.0,196.00456,4947.0,137.41667,1308.0,36.33333,3.0
1758075068.05056,39167.0,215.15404,35752.0,196.39461,4993.0,138.69444,1557.0,43.25,3.0
1758075068.05227,38908.0,213.73129,35841.0,196.8835,5030.0,139.72223,1889.0,52.47222,3.0
1758075068.06771,38649.0,212.30853,35948.0,197.47127,5142.0,142.83333,2298.0,63.83333,3.0
1758075068.07137,38385.0,210.85832,36077.0,198.1799,5254.0,145.94444,2733.0,75.91666,3.0
1758075068.08679,38120.0,209.40262,36227.0,199.00391,5212.0,144.77777,3206.0,89.05556,3.0
1758075068.10279,37860.0,207.97437,36405.0,199.98169,5119.0,142.19444,3709.0,103.02778,3.0
1758075068.10346,37601.0,206.55162,36607.0,201.09132,5059.0,140.52777,4181.0,116.13889,3.0
1758075068.11876,37353.0,205.18929,36832.0,202.3273,4785.0,132.91667,4473.0,124.25,3.0
1758075068.12007,37119.0,203.90387,37068.0,203.62372,4441.0,123.36111,4805.0,133.47223,3.0
1758075068.13572,36903.0,202.71732,37322.0,205.019,4112.0,114.22222,5117.0,142.13889,3.0
1758075068.15177,36705.0,201.62965,37590.0,206.4912,3738.0,103.83334,5329.0,148.02777,3.0
1758075068.15296,36527.0,200.65187,37864.0,207.99634,3302.0,91.72222,5553.0,154.25,3.0
1758075068.16779,36374.0,199.8114,38150.0,209.56741,2869.0,79.69444,5751.0,159.75,3.0
1758075068.16902,36240.0,199.07532,38442.0,211.17143,2513.0,69.80556,5817.0,161.58333,3.0
1758075068.18495,36122.0,198.42709,38744.0,212.83038,2228.0,61.88889,6090.0,169.16667,3.0
1758075068.20166,36019.0,197.8613,39059.0,214.56078,1933.0,53.69444,6380.0,177.22223,3.0
1758075068.20243,35928.0,197.3614,39386.0,216.35707,1643.0,45.63889,6544.0,181.77777,3.0
1758075068.21791,35850.0,196.93294,39730.0,218.24673,1433.0,39.80556,6955.0,193.19444,3.0
1758075068.21907,35787.0,196.58687,40088.0,220.21333,1117.0,31.02778,7164.0,199.0,3.0
1758075068.23645,35734.0,196.29573,40458.0,222.24582,1007.0,27.97222,7340.0,203.88889,3.0
1758075068.25182,35692.0,196.06499,40836.0,224.32228,712.0,19.77778,7603.0,211.19444,3.0
1758075068.25262,35660.0,195.88921,41223.0,226.44815,562.0,15.61111,7655.0,212.63889,3.0
1758075068.26792,35635.0,195.75188,41619.0,228.62349,463.0,12.86111,7887.0,219.08333,3.0
1758075068.26993,35610.0,195.61455,42025.0,230.85374,500.0,13.88889,8083.0,224.52777,3.0
1758075068.28687,35598.0,195.54863,42425.0,233.05104,-12.0,-0.33333,7794.0,216.5,3.0
1758075068.30283,35599.0,195.55412,42807.0,235.14946,0.0,0.0,7360.0,204.44444,3.0
1758075068.30405,35599.0,195.55412,43172.0,237.15451,0.0,0.0,7106.0,197.38889,3.0
1758075068.31888,35599.0,195.55412,43529.0,239.11559,0.0,0.0,7011.0,194.75,3.0
1758075068.31968,35598.0,195.54863,43879.0,241.03821,6.0,0.16667,6801.0,188.91667,3.0
1758075068.3373,35598.0,195.54863,44218.0,242.90044,36.0,1.0,6653.0,184.80556,3.0
1758075068.35294,35593.0,195.52116,44551.0,244.72969,155.0,4.30556,6513.0,180.91667,3.0
1758075068.35376,35579.0,195.44426,44875.0,246.50949,330.0,9.16667,6301.0,175.02777,3.0
1758075068.36895,35559.0,195.3344,45190.0,248.23988,517.0,14.36111,6236.0,173.22223,3.0
1758075068.36979,35524.0,195.14214,45502.0,249.95377,845.0,23.47222,6032.0,167.55556,3.0
1758075068.38499,35472.0,194.85649,45799.0,251.58527,1118.0,31.05556,5765.0,160.13889,3.0
1758075068.40102,35411.0,194.52139,46083.0,253.14534,1224.0,34.0,5443.0,151.19444,3.0
1758075068.40179,35345.0,194.15884,46346.0,254.59007,1353.0,37.58333,5004.0,139.0,3.0
1758075068.41693,35278.0,193.7908,46582.0,255.88647,1327.0,36.86111,4451.0,123.63889,3.0
1758075068.43375,35211.0,193.42276,46790.0,257.02908,1333.0,37.02778,3868.0,107.44444,3.0
1758075068.43583,35148.0,193.07668,46970.0,258.01785,1232.0,34.22222,3304.0,91.77778,3.0
1758075068.45099,35087.0,192.74159,47118.0,258.83084,1197.0,33.25,2686.0,74.61111,3.0
1758075068.45226,35026.0,192.40651,47242.0,259.51202,1181.0,32.80556,2179.0,60.52778,3.0
1758075068.46706,34962.0,192.05495,47338.0,260.03937,1334.0,37.05556,1693.0,47.02778,3.0
1758075068.48303,34892.0,191.67039,47409.0,260.42938,1438.0,39.94444,1162.0,32.27778,3.0
1758075068.48432,34814.0,191.24193,47449.0,260.64911,1614.0,44.83333,409.0,11.36111,3.0
1758075068.50196,34739.0,190.82994,47445.0,260.62714,1404.0,39.0,-96.0,-2.66667,3.0
1758075068.50241,34681.0,190.51132,47442.0,260.61066,901.0,25.02778,-35.0,-0.97222,3.0
1758075068.51913,34661.0,190.40146,47436.0,260.5777,5.0,0.13889,-158.0,-4.38889,3.0
1758075068.52172,34662.0,190.40695,47418.0,260.47882,-15.0,-0.41667,-528.0,-14.66667,3.0
1758075068.53783,34668.0,190.43991,47374.0,260.23712,-158.0,-4.38889,-1150.0,-31.94444,3.0
1758075068.53906,34681.0,190.51132,47297.0,259.81415,-278.0,-7.72222,-1762.0,-48.94444,3.0
1758075068.55534,34699.0,190.61021,47183.0,259.1879,-433.0,-12.02778,-2586.0,-71.83334,3.0
1758075068.57207,34726.0,190.75853,47028.0,258.33646,-570.0,-15.83333,-3380.0,-93.88889,3.0
1758075068.57284,34764.0,190.96727,46833.0,257.26529,-832.0,-23.11111,-4184.0,-116.22222,3.0
1758075068.58808,34813.0,191.23643,46601.0,255.99084,-1087.0,-30.19444,-4867.0,-135.19444,3.0
1758075068.59097,34875.0,191.57701,46333.0,254.51866,-1286.0,-35.72222,-5545.0,-154.02777,3.0
1758075068.6071,34946.0,191.96706,46036.0,252.88716,-1463.0,-40.63889,-6045.0,-167.91667,3.0
1758075068.62312,35019.0,192.36806,45725.0,251.17877,-1375.0,-38.19444,-6167.0,-171.30556,3.0
1758075068.62477,35091.0,192.76357,45408.0,249.43739,-1541.0,-42.80556,-6399.0,-177.75,3.0
1758075068.64097,35182.0,193.26344,45070.0,247.58069,-1917.0,-53.25,-6924.0,-192.33333,3.0
1758075068.64181,35285.0,193.82925,44702.0,245.55917,-2079.0,-57.75,-7565.0,-210.13889,3.0
1758075068.65723,35395.0,194.4335,44289.0,243.29045,-2205.0,-61.25,-8605.0,-239.02777,3.0
1758075068.67561,35509.0,195.05974,43838.0,240.81299,-2238.0,-62.16667,-8950.0,-248.61111,3.0
1758075068.67736,35615.0,195.64201,43396.0,238.38499,-1912.0,-53.11111,-8296.0,-230.44444,3.0
1758075068.69507,35683.0,196.01555,43016.0,236.29755,-833.0,-23.13889,-6839.0,-189.97223,3.0
1758075068.69547,35686.0,196.03203,42711.0,234.62212,411.0,11.41667,-5373.0,-149.25,3.0
1758075068.71198,35639.0,195.77385,42479.0,233.34767,1343.0,37.30556,-4006.0,-111.27778,3.0
1758075068.71274,35547.0,195.26848,42307.0,232.40283,2070.0,57.5,-2913.0,-80.91666,3.0
1758075068.72813,35431.0,194.63126,42182.0,231.71619,2402.0,66.72222,-2151.0,-59.75,3.0
1758075068.72941,35311.0,193.97208,42086.0,231.18883,2200.0,61.11111,-1799.0,-49.97222,3.0
1758075068.74691,35214.0,193.43924,41989.0,230.65599,1678.0,46.61111,-2021.0,-56.13889,3.0
1758075068.76217,35156.0,193.12062,41871.0,230.0078,777.0,21.58333,-2613.0,-72.58334,3.0
1758075068.76322,35143.0,193.04921,41716.0,229.15633,-66.0,-1.83333,-3450.0,-95.83334,3.0
1758075068.77827,35156.0,193.12062,41519.0,228.07416,-434.0,-12.05556,-4272.0,-118.66666,3.0
1758075068.78058,35191.0,193.31288,41284.0,226.78323,-887.0,-24.63889,-4895.0,-135.97223,3.0
1758075068.79733,35246.0,193.61502,41016.0,225.31105,-1207.0,-33.52778,-5487.0,-152.41667,3.0
1758075068.8149,35314.0,193.98856,40723.0,223.70154,-1390.0,-38.61111,-5959.0,-165.52777,3.0
1758075068.81608,35388.0,194.39505,40415.0,222.00961,-1477.0,-41.02778,-6050.0,-168.05556,3.0
1758075068.83127,35463.0,194.80705,40110.0,220.33418,-1491.0,-41.41667,-6062.0,-168.38889,3.0
1758075068.83252,35538.0,195.21904,39803.0,218.64774,-1445.0,-40.13889,-6060.0,-168.33333,3.0
1758075068.84729,35613.0,195.63103,39498.0,216.97231,-1511.0,-41.97222,-5914.0,-164.27777,3.0
1758075068.86415,35691.0,196.05949,39199.0,215.32982,-1615.0,-44.86111,-5920.0,-164.44444,3.0
1758075068.86528,35782.0,196.5594,38895.0,213.65988,-1910.0,-53.05556,-6019.0,-167.19444,3.0
1758075068.88113,35893.0,197.16914,38590.0,211.98444,-2440.0,-67.77778,-5977.0,-166.02777,3.0
1758075068.88192,36031.0,197.92722,38286.0,210.3145,-2993.0,-83.13889,-6064.0,-168.44444,3.0
1758075068.89739,36201.0,198.86105,37976.0,208.61157,-3614.0,-100.38889,-6177.0,-171.58333,3.0
1758075068.91529,36405.0,199.98169,37664.0,206.89769,-4317.0,-119.91666,-6076.0,-168.77777,3.0
1758075068.91581,36642.0,201.28358,37359.0,205.22224,-4942.0,-137.27777,-5965.0,-165.69444,3.0
1758075068.93143,36909.0,202.75027,37062.0,203.59076,-5442.0,-151.16667,-5689.0,-158.02777,3.0
1758075068.93216,37195.0,204.32135,36790.0,202.09659,-5837.0,-162.13889,-5105.0,-141.80556,3.0
1758075068.94736,37501.0,206.00227,36552.0,200.7892,-6232.0,-173.11111,-4416.0,-122.66666,3.0
1758075068.96337,37823.0,207.77112,36345.0,199.6521,-6409.0,-178.02777,-3773.0,-104.80556,3.0
1758075068.9661,38153.0,209.58389,36174.0,198.71274,-6638.0,-184.38889,-3079.0,-85.52778,3.0
1758075068.98137,38498.0,211.47905,36037.0,197.96017,-6930.0,-192.5,-2449.0,-68.02778,3.0
1758075068.98221,38857.0,213.45114,35931.0,197.37788,-7188.0,-199.66667,-1863.0,-51.75,3.0
1758075068.99746,39229.0,215.49461,35850.0,196.93294,-7502.0,-208.38889,-1410.0,-39.16667,3.0
1758075069.01342,39622.0,217.65347,35785.0,196.57588,-7837.0,-217.69444,-1155.0,-32.08333,3.0
1758075069.01415,40024.0,219.86174,35735.0,196.30122,-8060.0,-223.88889,-895.0,-24.86111,3.0
1758075069.0294,40440.0,222.14694,35697.0,196.09245,-8400.0,-233.33333,-750.0,-20.83333,3.0
1758075069.03141,40866.0,224.48708,35660.0,195.88921,-8495.0,-235.97223,-722.0,-20.05556,3.0
1758075069.04719,41304.0,226.8931,35627.0,195.70793,-8725.0,-242.36111,-593.0,-16.47222,3.0
1758075069.06344,41743.0,229.30464,35599.0,195.55412,-8619.0,-239.41667,-560.0,-15.55556,3.0
1758075069.06424,42175.0,231.67773,35579.0,195.44426,-8353.0,-232.02777,-139.0,-3.86111,3.0
1758075069.07942,42583.0,233.91896,35579.0,195.44426,-7778.0,-216.05556,0.0,0.0,3.0
1758075069.08019,42970.0,236.04486,35579.0,195.44426,-7404.0,-205.66667,-4.0,-0.11111,3.0
1758075069.09542,43332.0,238.03342,35577.0,195.43327,-6960.0,-193.33333,-107.0,-2.97222,3.0
1758075069.11145,43679.0,239.93958,35562.0,195.35088,-6816.0,-189.33333,-403.0,-11.19444,3.0
1758075069.11225,44026.0,241.84573,35531.0,195.18059,-6869.0,-190.80556,-797.0,-22.13889,3.0
1758075069.15229,44373.0,243.75188,35481.0,194.90593,-6848.0,-190.22223,-1110.0,-30.83333,3.0
1758075069.1527,44721.0,245.66354,35412.0,194.52689,-6927.0,-192.41667,-1520.0,-42.22222,3.0
1758075069.15388,45069.0,247.5752,35327.0,194.05997,-6780.0,-188.33333,-1730.0,-48.05556,3.0
1758075069.15463,45403.0,249.40993,35234.0,193.5491,-6506.0,-180.72223,-1867.0,-51.86111,3.0
1758075069.17052,45727.0,251.18976,35141.0,193.03822,-6338.0,-176.05556,-1868.0,-51.88889,3.0
1758075069.17129,46036.0,252.88716,35051.0,192.54384,-5932.0,-164.77777,-1643.0,-45.63889,3.0
1758075069.18651,46325.0,254.47472,34975.0,192.12636,-5498.0,-152.72223,-1429.0,-39.69444,3.0
1758075069.20255,46590.0,255.93042,34912.0,191.78026,-5072.0,-140.88889,-1144.0,-31.77778,3.0
1758075069.20367,46831.0,257.2543,34861.0,191.50011,-4544.0,-126.22222,-884.0,-24.55556,3.0
1758075069.22095,47041.0,258.40787,34825.0,191.30235,-3902.0,-108.38889,-608.0,-16.88889,3.0
1758075069.22179,47222.0,259.40213,34799.0,191.15953,-3337.0,-92.69444,-451.0,-12.52778,3.0
1758075069.23757,47376.0,260.24811,34775.0,191.02769,-2818.0,-78.27778,-481.0,-13.36111,3.0
1758075069.25625,47507.0,260.96774,34745.0,190.8629,-2396.0,-66.55556,-676.0,-18.77778,3.0
1758075069.25661,47617.0,261.57199,34709.0,190.66515,-1935.0,-53.75,-682.0,-18.94444,3.0
1758075069.31695,47701.0,262.03342,34670.0,190.4509,-1490.0,-41.38889,-853.0,-23.69444,3.0
1758075069.31736,47751.0,262.30807,34633.0,190.24765,-502.0,-13.94444,-669.0,-18.58333,3.0
1758075069.32267,47745.0,262.27512,34614.0,190.14328,377.0,10.47222,-143.0,-3.97222,3.0
1758075069.32332,47701.0,262.03342,34616.0,190.15427,1241.0,34.47222,41.0,1.13889,3.0
1758075069.32646,47613.0,261.55002,34622.0,190.18723,2127.0,59.08333,138.0,3.83333,3.0
1758075069.32685,47475.0,260.79193,34637.0,190.26962,3170.0,88.05556,416.0,11.55556,3.0
1758075069.32793,47285.0,259.74823,34664.0,190.41794,4164.0,115.66666,670.0,18.61111,3.0
1758075069.3452,47043.0,258.41885,34706.0,190.64867,5179.0,143.86111,954.0,26.5,3.0
1758075069.34593,46754.0,256.83133,34763.0,190.96178,6123.0,170.08333,1156.0,32.11111,3.0
1758075069.36159,46426.0,255.02953,34820.0,191.27489,6728.0,186.88889,1115.0,30.97222,3.0
1758075069.3624,46073.0,253.09041,34877.0,191.588,7080.0,196.66667,1085.0,30.13889,3.0
1758075069.37759,45704.0,251.06342,34927.0,191.86266,7401.0,205.58333,856.0,23.77778,3.0
1758075069.39372,45325.0,248.98146,34963.0,192.06044,7538.0,209.38889,616.0,17.11111,3.0
1758075069.39485,44934.0,246.83362,34996.0,192.24171,8002.0,222.27777,712.0,19.77778,3.0
1758075069.41044,44518.0,244.54842,35043.0,192.49989,8396.0,233.22223,1106.0,30.72222,3.0
1758075069.41122,44069.0,242.08194,35116.0,192.90089,9097.0,252.69444,1739.0,48.30556,3.0
1758075069.42667,43613.0,239.57701,35216.0,193.45023,8808.0,244.66667,2034.0,56.5,3.0
1758075069.44306,43177.0,237.18198,35312.0,193.97757,8458.0,234.94444,1583.0,43.97222,3.0
1758075069.44347,42772.0,234.9572,35367.0,194.27969,7466.0,207.38889,685.0,19.02778,3.0
1758075069.45951,42430.0,233.07851,35372.0,194.30716,6246.0,173.5,-232.0,-6.44444,3.0
1758075069.46026,42146.0,231.51843,35357.0,194.22476,5104.0,141.77777,-292.0,-8.11111,3.0
1758075069.47673,41918.0,230.26598,35347.0,194.16983,4039.0,112.19444,-146.0,-4.05556,3.0
1758075069.51704,41736.0,229.26619,35345.0,194.15884,3275.0,90.97222,1.0,0.02778,3.0
1758075069.51747,41589.0,228.45868,35346.0,194.16434,2722.0,75.61111,0.0,0.0,3.0
1758075069.52195,41462.0,227.76105,35347.0,194.16983,2406.0,66.83334,19.0,0.52778,3.0
1758075069.52257,41341.0,227.09634,35351.0,194.1918,2458.0,68.27778,165.0,4.58333,3.0
1758075069.52528,41208.0,226.36575,35370.0,194.29617,2788.0,77.44444,470.0,13.05556,3.0
1758075069.54264,41050.0,225.49782,35403.0,194.47745,3403.0,94.52778,832.0,23.11111,3.0
1758075069.54301,40860.0,224.45412,35456.0,194.7686,4008.0,111.33334,1187.0,32.97222,3.0
1758075069.56068,40642.0,223.25659,35527.0,195.15862,4586.0,127.38889,1586.0,44.05556,3.0
1758075069.56105,40396.0,221.90524,35613.0,195.63103,5108.0,141.88889,1792.0,49.77778,3.0
1758075069.57864,40126.0,220.42207,35708.0,196.15288,5448.0,151.33333,1889.0,52.47222,3.0
1758075069.61706,39848.0,218.89494,35806.0,196.69124,5542.0,153.94444,1980.0,55.0,3.0
1758075069.61986,39564.0,217.33487,35906.0,197.24055,5629.0,156.36111,1969.0,54.69444,3.0
1758075069.62208,39276.0,215.75279,36005.0,197.78439,5729.0,159.13889,1958.0,54.38889,3.0
1758075069.62339,38990.0,214.18173,36107.0,198.3447,5615.0,155.97223,2015.0,55.97222,3.0
1758075069.62633,38708.0,212.63263,36215.0,198.93796,5550.0,154.16667,2217.0,61.58333,3.0
1758075069.64181,38424.0,211.07256,36335.0,199.59717,5614.0,155.94444,2505.0,69.58334,3.0
1758075069.64261,38141.0,209.51797,36470.0,200.33875,5564.0,154.55556,2797.0,77.69444,3.0
1758075069.65778,37864.0,207.99634,36620.0,201.16273,5433.0,150.91667,3074.0,85.38889,3.0
1758075069.67967,37590.0,206.4912,36783.0,202.05814,5364.0,149.0,3303.0,91.75,3.0
1758075069.70494,37325.0,205.03548,36957.0,203.01395,5130.0,142.5,3537.0,98.25,3.0
1758075069.70559,37074.0,203.65668,37144.0,204.0412,4801.0,133.36111,3842.0,106.72222,3.0
1758075069.70633,36837.0,202.35477,37346.0,205.15083,4551.0,126.41666,4117.0,114.36111,3.0
1758075069.70741,36613.0,201.12428,37562.0,206.33739,4254.0,118.16666,4341.0,120.58334,3.0
1758075069.72279,36408.0,199.99817,37790.0,207.58984,3892.0,108.11111,4578.0,127.16666,3.0
1758075069.72401,36221.0,198.97092,38032.0,208.91922,3528.0,98.0,4898.0,136.05556,3.0
1758075069.73985,36050.0,198.03159,38288.0,210.32549,3238.0,89.94444,5168.0,143.55556,3.0
1758075069.74064,35896.0,197.18562,38553.0,211.78119,2910.0,80.83334,5373.0,149.25,3.0
1758075069.75668,35756.0,196.41658,38832.0,213.31381,2575.0,71.52778,5672.0,157.55556,3.0
1758075069.77367,35634.0,195.74638,39125.0,214.92332,2297.0,63.80556,5872.0,163.11111,3.0
1758075069.77446,35527.0,195.15862,39430.0,216.59877,1980.0,55.0,6106.0,169.61111,3.0
1758075069.7899,35433.0,194.64224,39747.0,218.34012,1718.0,47.72222,6401.0,177.80556,3.0
1758075069.79188,35353.0,194.20279,40075.0,220.14192,1500.0,41.66667,6544.0,181.77777,3.0
1758075069.808,35287.0,193.84024,40409.0,221.97665,1187.0,32.97222,6657.0,184.91667,3.0
1758075069.82471,35233.0,193.54361,40751.0,223.85535,974.0,27.05556,6631.0,184.19444,3.0
1758075069.82546,35190.0,193.30739,41087.0,225.70107,717.0,19.91667,6644.0,184.55556,3.0
1758075069.84092,35160.0,193.14259,41424.0,227.55231,551.0,15.30556,6738.0,187.16667,3.0
1758075069.84173,35143.0,193.04921,41762.0,229.40901,115.0,3.19444,6570.0,182.5,3.0
1758075069.8569,35143.0,193.04921,42087.0,231.19432,0.0,0.0,6322.0,175.61111,3.0
1758075069.87289,35143.0,193.04921,42406.0,232.94667,4.0,0.11111,6309.0,175.25,3.0
1758075069.875,35141.0,193.03822,42723.0,234.68803,49.0,1.36111,6264.0,174.0,3.0
1758075069.89001,35134.0,192.99977,43041.0,236.43488,225.0,6.25,6288.0,174.66667,3.0
1758075069.89072,35120.0,192.92287,43365.0,238.21469,266.0,7.38889,6533.0,181.47223,3.0
1758075069.90601,35102.0,192.82399,43698.0,240.04395,441.0,12.25,6621.0,183.91667,3.0
1758075069.92198,35075.0,192.67567,44034.0,241.88968,558.0,15.5,6603.0,183.41667,3.0
1758075069.92277,35047.0,192.52187,44363.0,243.69695,539.0,14.97222,6431.0,178.63889,3.0
1758075069.93902,35020.0,192.37355,44684.0,245.4603,562.0,15.61111,6210.0,172.5,3.0
1758075069.9404,34990.0,192.20876,44987.0,247.12476,588.0,16.33333,5825.0,161.80556,3.0
1758075069.95595,34960.0,192.04396,45272.0,248.69032,569.0,15.80556,5483.0,152.30556,3.0
1758075069.97198,34932.0,191.89012,45540.0,250.16251,544.0,15.11111,5089.0,141.36111,3.0
1758075069.97297,34905.0,191.74181,45786.0,251.51385,566.0,15.72222,4687.0,130.19444,3.0
1758075069.98801,34875.0,191.57701,46013.0,252.76082,632.0,17.55556,4301.0,119.47222,3.0
1758075070.00408,34838.0,191.37376,46218.0,253.88695,794.0,22.05556,3863.0,107.30556,3.0
1758075070.00476,34796.0,191.14305,46401.0,254.8922,817.0,22.69444,3378.0,93.83334,3.0
1758075070.02079,34749.0,190.88487,46557.0,255.74915,1008.0,28.0,2888.0,80.22222,3.0
1758075070.02172,34692.0,190.57176,46688.0,256.46875,1218.0,33.83333,2369.0,65.80556,3.0
1758075070.03703,34629.0,190.22568,46793.0,257.04556,1306.0,36.27778,1842.0,51.16667,3.0
1758075070.05308,34557.0,189.83017,46871.0,257.47403,1503.0,41.75,1287.0,35.75,3.0
1758075070.05367,34489.0,189.45663,46910.0,257.68826,1198.0,33.27778,326.0,9.05556,3.0
1758075070.06904,34442.0,189.19846,46903.0,257.64981,690.0,19.16667,-174.0,-4.83333,3.0
1758075070.06986,34432.0,189.14352,46885.0,257.55093,-59.0,-1.63889,-549.0,-15.25,3.0
1758075070.08508,34442.0,189.19846,46840.0,257.30374,-237.0,-6.58333,-1140.0,-31.66667,3.0
1758075070.10112,34462.0,189.30832,46765.0,256.89175,-471.0,-13.08333,-1761.0,-48.91667,3.0
1758075070.10195,34494.0,189.4841,46653.0,256.27649,-757.0,-21.02778,-2525.0,-70.13889,3.0
1758075070.11715,34545.0,189.76425,46501.0,255.44153,-1151.0,-31.97222,-3307.0,-91.86111,3.0
1758075070.13282,34614.0,190.14328,46313.0,254.4088,-1494.0,-41.5,-4060.0,-112.77778,3.0
1758075070.13368,34697.0,190.59923,46087.0,253.16731,-1761.0,-48.91667,-4724.0,-131.22223,3.0
1758075070.1491,34790.0,191.11009,45833.0,251.77203,-1871.0,-51.97222,-5224.0,-145.11111,3.0
1758075070.14994,34888.0,191.64842,45553.0,250.23392,-1915.0,-53.19444,-5583.0,-155.08333,3.0
1758075070.16514,34983.0,192.1703,45265.0,248.65187,-1819.0,-50.52778,-5794.0,-160.94444,3.0
1758075070.18116,35072.0,192.65919,44964.0,246.99841,-1827.0,-50.75,-5995.0,-166.52777,3.0
1758075070.18194,35176.0,193.23048,44648.0,245.26253,-2191.0,-60.86111,-6505.0,-180.69444,3.0
1758075070.19718,35295.0,193.88419,44298.0,243.33989,-2370.0,-65.83334,-7224.0,-200.66667,3.0
1758075070.21364,35418.0,194.55984,43906.0,241.18655,-2431.0,-67.52778,-8073.0,-224.25,3.0
1758075070.21595,35542.0,195.24101,43483.0,238.8629,-2386.0,-66.27778,-8589.0,-238.58333,3.0
1758075070.23194,35656.0,195.86723,43050.0,236.48431,-2079.0,-57.75,-8441.0,-234.47223,3.0
1758075070.23453,35742.0,196.33968,42645.0,234.25957,-1391.0,-38.63889,-7694.0,-213.72223,3.0
1758075070.25019,35782.0,196.5594,42282.0,232.2655,-246.0,-6.83333,-6712.0,-186.44444,3.0
1758075070.251,35771.0,196.49898,41966.0,230.52965,505.0,14.02778,-5954.0,-165.38889,3.0
1758075070.26617,35730.0,196.27376,41681.0,228.96407,978.0,27.16667,-5429.0,-150.80556,3.0
1758075070.28222,35676.0,195.9771,41418.0,227.51935,1194.0,33.16667,-4940.0,-137.22223,3.0
1758075070.28298,35614.0,195.63652,41182.0,226.22293,1234.0,34.27778,-4511.0,-125.30556,3.0
1758075070.29866,35559.0,195.3344,40955.0,224.97597,917.0,25.47222,-4494.0,-124.83334,3.0
1758075070.31367,35523.0,195.13664,40723.0,223.70154,574.0,15.94444,-4686.0,-130.16667,3.0
1758075070.31564,35504.0,195.03227,40480.0,222.36667,187.0,5.19444,-4838.0,-134.38889,3.0
1758075070.33123,35507.0,195.04875,40229.0,220.98787,-106.0,-2.94444,-4984.0,-138.44444,3.0
1758075070.33244,35512.0,195.07622,39968.0,219.55412,-78.0,-2.16667,-5279.0,-146.63889,3.0
1758075070.34725,35518.0,195.10918,39693.0,218.04349,-174.0,-4.83333,-5557.0,-154.36111,3.0
1758075070.36404,35535.0,195.20256,39408.0,216.47792,-444.0,-12.33333,-5693.0,-158.13889,3.0
1758075070.36442,35568.0,195.38383,39114.0,214.8629,-846.0,-23.5,-5904.0,-164.0,3.0
1758075070.38103,35625.0,195.69695,38807.0,213.17648,-1324.0,-36.77778,-6123.0,-170.08333,3.0
1758075070.38189,35704.0,196.13091,38498.0,211.47905,-1738.0,-48.27778,-6100.0,-169.44444,3.0
1758075070.3973,35807.0,196.69673,38193.0,209.80362,-2225.0,-61.80556,-5959.0,-165.52777,3.0
1758075070.40103,35936.0,197.40535,37892.0,208.15015,-2737.0,-76.02778,-5918.0,-164.38889,3.0
1758075070.41635,36090.0,198.25131,37598.0,206.53514,-3265.0,-90.69444,-5707.0,-158.52777,3.0
1758075070.43236,36270.0,199.24011,37316.0,204.98604,-3786.0,-105.16666,-5532.0,-153.66667,3.0
1758075070.43309,36479.0,200.38818,37043.0,203.48639,-4303.0,-119.52778,-5223.0,-145.08333,3.0
1758075070.4484,36715.0,201.68459,36795.0,202.12405,-4833.0,-134.25,-4640.0,-128.88889,3.0
1758075070.4504,36972.0,203.09634,36579.0,200.93752,-5264.0,-146.22223,-3992.0,-110.88889,3.0
1758075070.46636,37249.0,204.618,36391.0,199.90479,-5700.0,-158.33333,-3467.0,-96.30556,3.0
1758075070.47112,37552.0,206.28246,36229.0,199.01489,-6189.0,-171.91667,-2948.0,-81.88889,3.0
1758075070.48638,37877.0,208.06775,36094.0,198.27328,-6501.0,-180.58333,-2413.0,-67.02778,3.0
1758075070.50241,38217.0,209.93546,35985.0,197.67453,-6889.0,-191.36111,-1911.0,-53.08333,3.0
1758075070.5032,38579.0,211.92401,35901.0,197.21309,-7354.0,-204.27777,-1501.0,-41.69444,3.0
1758075070.51843,38958.0,214.00595,35836.0,196.85603,-7561.0,-210.02777,-1129.0,-31.36111,3.0
1758075070.52041,39354.0,216.18129,35785.0,196.57588,-8027.0,-222.97223,-892.0,-24.77778,3.0
1758075070.5364,39763.0,218.42801,35748.0,196.37263,-8098.0,-224.94444,-568.0,-15.77778,3.0
1758075070.55322,40173.0,220.68025,35725.0,196.24629,-8172.0,-227.0,-338.0,-9.38889,3.0
1758075070.55399,40591.0,222.97644,35711.0,196.16936,-8218.0,-228.27777,-244.0,-6.77778,3.0
1758075070.56945,41007.0,225.26161,35698.0,196.09795,-8183.0,-227.30556,-265.0,-7.36111,3.0
1758075070.5702,41423.0,227.54681,35686.0,196.03203,-8197.0,-227.69444,-244.0,-6.77778,3.0
1758075070.58539,41834.0,229.80452,35668.0,195.93315,-8125.0,-225.69444,-438.0,-12.16667,3.0
1758075070.60142,42235.0,232.00732,35655.0,195.86174,-7777.0,-216.02777,-65.0,-1.80556,3.0
1758075070.60221,42612.0,234.07826,35655.0,195.86174,-7197.0,-199.91667,0.0,0.0,3.0
1758075070.61735,42971.0,236.05035,35655.0,195.86174,-7038.0,-195.5,0.0,0.0,3.0
1758075070.6187,43320.0,237.9675,35654.0,195.85625,-6746.0,-187.38889,-31.0,-0.86111,3.0
1758075070.63444,43657.0,239.81873,35650.0,195.83427,-6636.0,-184.33333,-117.0,-3.25,3.0
1758075070.65045,43991.0,241.65347,35637.0,195.76286,-6583.0,-182.86111,-421.0,-11.69444,3.0
1758075070.65123,44324.0,243.48271,35607.0,195.59807,-6528.0,-181.33333,-787.0,-21.86111,3.0
1758075070.66642,44652.0,245.2845,35554.0,195.30693,-6502.0,-180.61111,-1219.0,-33.86111,3.0
1758075070.68253,44981.0,247.0918,35481.0,194.90593,-6460.0,-179.44444,-1530.0,-42.5,3.0
1758075070.68325,45297.0,248.82765,35396.0,194.439,-6072.0,-168.66667,-1811.0,-50.30556,3.0
1758075070.6985,45598.0,250.48111,35302.0,193.92264,-5826.0,-161.83333,-1863.0,-51.75,3.0
1758075070.69969,45885.0,252.05768,35209.0,193.41177,-5529.0,-153.58333,-1780.0,-49.44444,3.0
1758075070.71453,46148.0,253.5024,35122.0,192.93385,-4967.0,-137.97223,-1670.0,-46.38889,3.0
1758075070.73089,46383.0,254.79332,35048.0,192.52736,-4441.0,-123.36111,-1357.0,-37.69444,3.0
1758075070.73127,46593.0,255.9469,34986.0,192.18678,-3928.0,-109.11111,-1089.0,-30.25,3.0
1758075070.74655,46775.0,256.94669,34942.0,191.94505,-3396.0,-94.33334,-723.0,-20.08333,3.0
1758075070.76256,46929.0,257.79263,34909.0,191.76378,-2782.0,-77.27778,-613.0,-17.02778,3.0
1758075070.76332,47054.0,258.47928,34881.0,191.60997,-2283.0,-63.41667,-496.0,-13.77778,3.0
1758075070.77893,47155.0,259.03409,34859.0,191.48912,-1765.0,-49.02778,-345.0,-9.58333,3.0
1758075070.77933,47233.0,259.46259,34844.0,191.40672,-1314.0,-36.5,-221.0,-6.13889,3.0
1758075070.7945,47291.0,259.78119,34832.0,191.34081,-995.0,-27.63889,-300.0,-8.33333,3.0
1758075070.81051,47323.0,259.95697,34827.0,191.31334,-321.0,-8.91667,4.0,0.11111,3.0
1758075070.8119,47317.0,259.92401,34829.0,191.32433,290.0,8.05556,23.0,0.63889,3.0
1758075070.82659,47290.0,259.7757,34833.0,191.3463,791.0,21.97222,82.0,2.27778,3.0
1758075070.84258,47227.0,259.4296,34841.0,191.39024,1580.0,43.88889,247.0,6.86111,3.0
1758075070.84394,47119.0,258.83633,34868.0,191.53856,2546.0,70.72222,714.0,19.83333,3.0
1758075070.8594,46959.0,257.95743,34917.0,191.80772,3596.0,99.88889,1103.0,30.63889,3.0
1758075070.86018,46743.0,256.7709,34982.0,192.16481,4722.0,131.16667,1448.0,40.22222,3.0
1758075070.87558,46478.0,255.31519,35065.0,192.62074,5601.0,155.58333,1716.0,47.66667,3.0
1758075070.89164,46177.0,253.6617,35156.0,193.12062,6167.0,171.30556,1821.0,50.58333,3.0
1758075070.89237,45851.0,251.87091,35244.0,193.60403,6672.0,185.33333,1668.0,46.33333,3.0
1758075070.90765,45505.0,249.97025,35325.0,194.04898,6893.0,191.47223,1488.0,41.33333,3.0
1758075070.90889,45152.0,248.03113,35393.0,194.42252,7086.0,196.83333,1206.0,33.5,3.0
1758075070.92467,44783.0,246.00412,35455.0,194.76309,7469.0,207.47223,1286.0,35.72222,3.0
1758075070.94148,44391.0,243.85075,35532.0,195.18608,7886.0,219.05556,1769.0,49.13889,3.0
1758075070.94225,43968.0,241.52713,35639.0,195.77385,8805.0,244.58333,2392.0,66.44444,3.0
1758075070.95775,43525.0,239.09361,35768.0,196.4825,8566.0,237.94444,2595.0,72.08334,3.0
1758075070.95894,43106.0,236.79193,35884.0,197.11971,8142.0,226.16667,1882.0,52.27778,3.0
1758075070.9758,42721.0,234.67705,35949.0,197.47676,7030.0,195.27777,764.0,21.22222,3.0
1758075070.99165,42405.0,232.94118,35953.0,197.49873,5682.0,157.83333,-302.0,-8.38889,3.0
1758075070.99285,42151.0,231.5459,35926.0,197.35042,4516.0,125.44444,-671.0,-18.63889,3.0
1758075071.00775,41951.0,230.44725,35890.0,197.15266,3547.0,98.52778,-719.0,-19.97222,3.0
1758075071.00892,41792.0,229.57381,35861.0,196.99336,2881.0,80.02778,-478.0,-13.27778,3.0
1758075071.02475,41657.0,228.83223,35848.0,196.92195,2520.0,70.0,-96.0,-2.66667,3.0
1758075071.04157,41532.0,228.14557,35849.0,196.92744,2395.0,66.52778,13.0,0.36111,3.0
1758075071.04234,41408.0,227.46442,35850.0,196.93294,2473.0,68.69444,31.0,0.86111,3.0
1758075071.05781,41274.0,226.7283,35856.0,196.9659,2778.0,77.16666,199.0,5.52778,3.0
1758075071.05929,41121.0,225.88785,35873.0,197.05928,3244.0,90.11111,418.0,11.61111,3.0
1758075071.07485,40942.0,224.90456,35902.0,197.21858,3746.0,104.05556,688.0,19.11111,3.0
1758075071.09122,40738.0,223.78394,35941.0,197.43282,4187.0,116.30556,782.0,21.72222,3.0
1758075071.09161,40513.0,222.54794,35980.0,197.64706,4606.0,127.94444,739.0,20.52778,3.0
1758075071.10676,40269.0,221.2076,36016.0,197.84482,4963.0,137.86111,733.0,20.36111,3.0
1758075071.12281,40006.0,219.76286,36052.0,198.04257,5221.0,145.02777,721.0,20.02778,3.0
1758075071.12411,39737.0,218.28519,36085.0,198.22385,5404.0,150.11111,575.0,15.97222,3.0
1758075071.13884,39458.0,216.75258,36114.0,198.38315,5615.0,155.97223,560.0,15.55556,3.0
1758075071.14001,39168.0,215.15953,36146.0,198.55893,5745.0,159.58333,695.0,19.30556,3.0
1758075071.15559,38876.0,213.55551,36188.0,198.78964,5763.0,160.08333,935.0,25.97222,3.0
1758075071.18021,38580.0,211.9295,36242.0,199.0863,5962.0,165.61111,1149.0,31.91667,3.0
1758075071.18471,38276.0,210.25957,36311.0,199.46533,5981.0,166.13889,1534.0,42.61111,3.0
1758075071.19232,37978.0,208.62256,36398.0,199.94324,5854.0,162.61111,1845.0,51.25,3.0
1758075071.19324,37682.0,206.99657,36502.0,200.51454,5844.0,162.33333,2178.0,60.5,3.0
1758075071.20895,37392.0,205.40352,36621.0,201.16823,5619.0,156.08333,2448.0,68.0,3.0
1758075071.20973,37120.0,203.90936,36751.0,201.88235,5178.0,143.83333,2636.0,73.22222,3.0
1758075071.22487,36868.0,202.52505,36888.0,202.63492,4818.0,133.83333,2755.0,76.52778,3.0
1758075071.24088,36635.0,201.24513,37034.0,203.43695,4420.0,122.77778,2985.0,82.91666,3.0
1758075071.24174,36424.0,200.08606,37195.0,204.32135,3962.0,110.05556,3311.0,91.97222,3.0
1758075071.25688,36233.0,199.03687,37372.0,205.29366,3609.0,100.25,3656.0,101.55556,3.0
1758075071.2729,36061.0,198.09201,37565.0,206.35387,3256.0,90.44444,3931.0,109.19444,3.0
1758075071.27373,35906.0,197.24055,37774.0,207.50195,2888.0,80.22222,4264.0,118.44444,3.0
1758075071.28894,35769.0,196.48799,38001.0,208.7489,2524.0,70.11111,4644.0,129.0,3.0
1758075071.28977,35651.0,195.83977,38246.0,210.09476,2208.0,61.33333,4959.0,137.75,3.0
1758075071.30485,35548.0,195.27397,38507.0,211.52849,1840.0,51.11111,5250.0,145.83333,3.0
1758075071.32089,35462.0,194.80156,38783.0,213.04462,1589.0,44.13889,5605.0,155.69444,3.0
1758075071.32176,35391.0,194.41153,39074.0,214.64317,1281.0,35.58333,5897.0,163.80556,3.0
1758075071.33688,35332.0,194.08743,39379.0,216.31862,1045.0,29.02778,6086.0,169.05556,3.0
1758075071.35304,35286.0,193.83475,39695.0,218.05447,807.0,22.41667,6410.0,178.05556,3.0
1758075071.35375,35250.0,193.63699,40025.0,219.86723,618.0,17.16667,6550.0,181.94444,3.0
1758075071.36904,35220.0,193.4722,40359.0,221.702,552.0,15.33333,6661.0,185.02777,3.0
1758075071.36981,35209.0,193.41177,40687.0,223.50378,-42.0,-1.16667,6298.0,174.94444,3.0
1758075071.38499,35209.0,193.41177,40992.0,225.17921,0.0,0.0,5825.0,161.80556,3.0
1758075071.40103,35209.0,193.41177,41282.0,226.77225,4.0,0.11111,5684.0,157.88889,3.0
1758075071.40185,35209.0,193.41177,41568.0,228.34332,13.0,0.36111,5664.0,157.33333,3.0
1758075071.41696,35208.0,193.40628,41856.0,229.9254,53.0,1.47222,5751.0,159.75,3.0
1758075071.43296,35202.0,193.37332,42152.0,231.55139,152.0,4.22222,5927.0,164.63889,3.0
1758075071.43383,35192.0,193.31837,42459.0,233.23781,241.0,6.69444,6167.0,171.30556,3.0
1758075071.44899,35175.0,193.22499,42777.0,234.98466,446.0,12.38889,6330.0,175.83333,3.0
1758075071.44987,35145.0,193.0602,43102.0,236.76996,702.0,19.5,6521.0,181.13889,3.0
1758075071.46506,35104.0,192.83498,43436.0,238.60472,846.0,23.5,6676.0,185.44444,3.0
1758075071.4811,35059.0,192.58778,43777.0,240.47791,895.0,24.86111,6722.0,186.72223,3.0
1758075071.48187,35017.0,192.35707,44112.0,242.31815,805.0,22.36111,6476.0,179.88889,3.0
1758075071.49707,34979.0,192.14833,44435.0,244.09248,718.0,19.94444,6301.0,175.02777,3.0
1758075071.51311,34949.0,191.98354,44745.0,245.79538,497.0,13.80556,5896.0,163.77777,3.0
1758075071.51388,34929.0,191.87364,45029.0,247.35547,297.0,8.25,5415.0,150.41667,3.0
1758075071.52903,34917.0,191.80772,45293.0,248.80568,223.0,6.19444,5012.0,139.22223,3.0
1758075071.52985,34905.0,191.74181,45533.0,250.12405,263.0,7.30556,4524.0,125.66666,3.0
1758075071.5451,34889.0,191.65392,45751.0,251.32159,350.0,9.72222,4096.0,113.77778,3.0
1758075071.56112,34867.0,191.53307,45949.0,252.40924,528.0,14.66667,3727.0,103.52778,3.0
1758075071.5619,34834.0,191.35179,46126.0,253.38155,711.0,19.75,3350.0,93.05556,3.0
1758075071.57712,34795.0,191.13756,46284.0,254.2495,779.0,21.63889,2917.0,81.02778,3.0
1758075071.59314,34761.0,190.95079,46409.0,254.93614,606.0,16.83333,2087.0,57.97222,3.0
1758075071.59393,34743.0,190.85191,46484.0,255.34814,133.0,3.69444,1012.0,28.11111,3.0
1758075071.6091,34745.0,190.8629,46498.0,255.42505,-32.0,-0.88889,-145.0,-4.02778,3.0
1758075071.6099,34749.0,190.88487,46486.0,255.35913,-123.0,-3.41667,-377.0,-10.47222,3.0
1758075071.62505,34759.0,190.9398,46454.0,255.18333,-224.0,-6.22222,-795.0,-22.08333,3.0
1758075071.64114,34775.0,191.02769,46402.0,254.89769,-408.0,-11.33333,-1207.0,-33.52778,3.0
1758075071.64322,34805.0,191.19249,46323.0,254.46373,-727.0,-20.19444,-1839.0,-51.08333,3.0
1758075071.6582,34855.0,191.46715,46213.0,253.85948,-1146.0,-31.83333,-2451.0,-68.08334,3.0
1758075071.65944,34923.0,191.84068,46071.0,253.07942,-1492.0,-41.44444,-3063.0,-85.08334,3.0
1758075071.67616,35009.0,192.31313,45901.0,252.14557,-1808.0,-50.22222,-3546.0,-98.5,3.0
1758075071.69219,35107.0,192.85146,45709.0,251.09088,-2018.0,-56.05556,-3883.0,-107.86111,3.0
1758075071.69333,35211.0,193.42276,45507.0,249.98123,-2067.0,-57.41667,-4058.0,-112.72222,3.0
1758075071.70822,35314.0,193.98856,45297.0,248.82765,-2029.0,-56.36111,-4179.0,-116.08334,3.0
1758075071.70942,35430.0,194.62576,45076.0,247.61365,-2510.0,-69.72222,-4592.0,-127.55556,3.0
1758075071.7252,35573.0,195.4113,44826.0,246.24033,-3024.0,-84.0,-5195.0,-144.30556,3.0
1758075071.7413,35737.0,196.31221,44538.0,244.65828,-3356.0,-93.22222,-6102.0,-169.5,3.0
1758075071.74201,35917.0,197.30098,44194.0,242.7686,-3655.0,-101.52778,-7286.0,-202.38889,3.0
1758075071.75719,36107.0,198.3447,43811.0,240.66467,-3826.0,-106.27778,-7848.0,-218.0,3.0
1758075071.77321,36302.0,199.41589,43410.0,238.4619,-3848.0,-106.88889,-7679.0,-213.30556,3.0
1758075071.77401,36480.0,200.39369,43060.0,236.53925,-3121.0,-86.69444,-6212.0,-172.55556,3.0
1758075071.78923,36603.0,201.06935,42797.0,235.09453,-1733.0,-48.13889,-4526.0,-125.72222,3.0
1758075071.79053,36647.0,201.31105,42611.0,234.07277,-210.0,-5.83333,-3020.0,-83.88889,3.0
1758075071.80523,36626.0,201.19569,42499.0,233.45753,766.0,21.27778,-1614.0,-44.83333,3.0
1758075071.82131,36568.0,200.87709,42450.0,233.18837,1414.0,39.27778,-527.0,-14.63889,3.0
1758075071.82204,36491.0,200.45412,42441.0,233.13893,1486.0,41.27778,-7.0,-0.19444,3.0
1758075071.83734,36427.0,200.10254,42441.0,233.13893,1114.0,30.94444,-20.0,-0.55556,3.0
1758075071.89085,36387.0,199.88281,42432.0,233.08949,471.0,13.08333,-263.0,-7.30556,3.0
1758075071.89163,36383.0,199.86084,42407.0,232.95216,-141.0,-3.91667,-686.0,-19.05556,3.0
1758075071.8935,36399.0,199.94873,42361.0,232.69946,-437.0,-12.13889,-1134.0,-31.5,3.0
1758075071.89431,36424.0,200.08606,42290.0,232.30945,-492.0,-13.66667,-1649.0,-45.80556,3.0
1758075071.89537,36446.0,200.20691,42195.0,231.7876,-379.0,-10.52778,-2045.0,-56.80556,3.0
1758075071.89614,36462.0,200.2948,42080.0,231.15587,-320.0,-8.88889,-2406.0,-66.83334,3.0
1758075071.91136,36474.0,200.36072,41946.0,230.41978,-169.0,-4.69444,-2802.0,-77.83334,3.0
1758075071.91247,36480.0,200.39369,41793.0,229.5793,-76.0,-2.11111,-3178.0,-88.27778,3.0
1758075071.92731,36480.0,200.39369,41620.0,228.62898,3.0,0.08333,-3545.0,-98.47222,3.0
1758075071.94331,36480.0,200.39369,41432.0,227.59625,12.0,0.33333,-3817.0,-106.02778,3.0
1758075071.94416,36479.0,200.38818,41235.0,226.51407,13.0,0.36111,-3980.0,-110.55556,3.0
1758075071.95946,36479.0,200.38818,41031.0,225.39345,9.0,0.25,-4079.0,-113.30556,3.0
1758075071.96014,36479.0,200.38818,40821.0,224.23987,11.0,0.30556,-4214.0,-117.05556,3.0
1758075071.97541,36479.0,200.38818,40614.0,223.10278,4.0,0.11111,-4036.0,-112.11111,3.0
1758075071.99135,36479.0,200.38818,40415.0,222.00961,0.0,0.0,-3800.0,-105.55556,3.0
1758075071.99215,36479.0,200.38818,40227.0,220.97688,0.0,0.0,-3677.0,-102.13889,3.0
1758075072.00732,36479.0,200.38818,40036.0,219.92766,-14.0,-0.38889,-3832.0,-106.44444,3.0
1758075072.02335,36481.0,200.39919,39833.0,218.81255,-59.0,-1.63889,-4109.0,-114.13889,3.0
1758075072.02469,36487.0,200.43214,39616.0,217.62051,-187.0,-5.19444,-4438.0,-123.27778,3.0
1758075072.0394,36506.0,200.53651,39383.0,216.34059,-555.0,-15.41667,-4775.0,-132.63889,3.0
1758075072.04071,36545.0,200.75075,39129.0,214.9453,-936.0,-26.0,-5203.0,-144.52777,3.0
1758075072.05578,36607.0,201.09132,38856.0,213.44565,-1411.0,-39.19444,-5512.0,-153.11111,3.0
1758075072.07147,36696.0,201.58022,38572.0,211.88556,-1997.0,-55.47222,-5604.0,-155.66667,3.0
1758075072.0726,36815.0,202.23392,38286.0,210.3145,-2643.0,-73.41666,-5720.0,-158.88889,3.0
1758075072.08741,36963.0,203.04691,37996.0,208.72144,-3139.0,-87.19444,-5750.0,-159.72223,3.0
1758075072.1034,37134.0,203.98627,37709.0,207.14488,-3574.0,-99.27778,-5560.0,-154.44444,3.0
1758075072.10458,37329.0,205.05745,37436.0,205.64522,-4018.0,-111.61111,-5294.0,-147.05556,3.0
1758075072.11945,37543.0,206.23302,37175.0,204.21149,-4405.0,-122.36111,-5036.0,-139.88889,3.0
1758075072.12022,37777.0,207.51843,36939.0,202.91507,-4682.0,-130.05556,-4415.0,-122.63889,3.0
1758075072.13548,38023.0,208.86978,36740.0,201.82193,-4870.0,-135.27777,-3580.0,-99.44444,3.0
1758075072.15144,38277.0,210.26506,36579.0,200.93752,-5178.0,-143.83333,-2860.0,-79.44444,3.0
1758075072.15227,38549.0,211.75922,36450.0,200.22888,-5482.0,-152.27777,-2328.0,-64.66666,3.0
1758075072.16749,38834.0,213.3248,36345.0,199.6521,-5758.0,-159.94444,-1846.0,-51.27778,3.0
1758075072.18351,39135.0,214.97826,36262.0,199.19617,-6108.0,-169.66667,-1476.0,-41.0,3.0
1758075072.18481,39454.0,216.73061,36196.0,198.83359,-6404.0,-177.88889,-1210.0,-33.61111,3.0
1758075072.19948,39783.0,218.53787,36141.0,198.53146,-6533.0,-181.47223,-947.0,-26.30556,3.0
1758075072.20031,40115.0,220.36165,36097.0,198.28976,-6667.0,-185.19444,-775.0,-21.52778,3.0
1758075072.21548,40461.0,222.2623,36060.0,198.08652,-6898.0,-191.61111,-780.0,-21.66667,3.0
1758075072.23235,40806.0,224.15747,36021.0,197.87228,-6764.0,-187.88889,-700.0,-19.44444,3.0
1758075072.23371,41153.0,226.06363,35989.0,197.6965,-6885.0,-191.25,-661.0,-18.36111,3.0
1758075072.24856,41500.0,227.96979,35950.0,197.48225,-6808.0,-189.11111,-801.0,-22.25,3.0
1758075072.25061,41846.0,229.87044,35904.0,197.22957,-6869.0,-190.80556,-1001.0,-27.80556,3.0
1758075072.26657,42194.0,231.7821,35852.0,196.94392,-6897.0,-191.58333,-1087.0,-30.19444,3.0
1758075072.28258,42529.0,233.62233,35800.0,196.65828,-6341.0,-176.13889,-886.0,-24.61111,3.0
1758075072.28338,42833.0,235.29228,35763.0,196.45503,-5770.0,-160.27777,-622.0,-17.27778,3.0
1758075072.29854,43114.0,236.83588,35736.0,196.30672,-5379.0,-149.41667,-520.0,-14.44444,3.0
1758075072.29981,43377.0,238.28061,35710.0,196.16386,-5065.0,-140.69444,-609.0,-16.91667,3.0
1758075072.31554,43630.0,239.67039,35669.0,195.93864,-4994.0,-138.72223,-1013.0,-28.13889,3.0
1758075072.33157,43885.0,241.07117,35609.0,195.60905,-5103.0,-141.75,-1343.0,-37.30556,3.0
1758075072.33241,44143.0,242.48843,35527.0,195.15862,-5090.0,-141.38889,-1828.0,-50.77778,3.0
1758075072.34763,44399.0,243.8947,35425.0,194.5983,-4972.0,-138.11111,-2190.0,-60.83333,3.0
1758075072.36405,44649.0,245.26802,35306.0,193.94461,-4903.0,-136.19444,-2425.0,-67.36111,3.0
1758075072.36442,44893.0,246.60837,35179.0,193.24696,-4702.0,-130.61111,-2515.0,-69.86111,3.0
1758075072.37966,45122.0,247.86633,35051.0,192.54384,-4354.0,-120.94444,-2475.0,-68.75,3.0
1758075072.38043,45332.0,249.01991,34930.0,191.87914,-3973.0,-110.36111,-2315.0,-64.30556,3.0
1758075072.39567,45526.0,250.0856,34817.0,191.25841,-3699.0,-102.75,-2126.0,-59.05556,3.0
1758075072.41213,45706.0,251.0744,34716.0,190.7036,-3464.0,-96.22222,-1906.0,-52.94444,3.0
1758075072.41254,45874.0,251.99725,34628.0,190.22018,-3207.0,-89.08334,-1658.0,-46.05556,3.0
1758075072.42765,46026.0,252.83223,34551.0,189.79721,-2886.0,-80.16666,-1344.0,-37.33333,3.0
1758075072.44368,46167.0,253.60677,34487.0,189.44565,-2656.0,-73.77778,-1200.0,-33.33333,3.0
1758075072.44456,46293.0,254.29893,34434.0,189.15451,-2430.0,-67.5,-929.0,-25.80556,3.0
1758075072.45973,46409.0,254.93614,34393.0,188.92926,-2192.0,-60.88889,-802.0,-22.27778,3.0
1758075072.46046,46513.0,255.50745,34355.0,188.72052,-2027.0,-56.30556,-731.0,-20.30556,3.0
1758075072.47569,46612.0,256.05127,34322.0,188.53925,-1832.0,-50.88889,-523.0,-14.52778,3.0
1758075072.49177,46689.0,256.47424,34307.0,188.45685,-1201.0,-33.36111,-73.0,-2.02778,3.0
1758075072.49304,46720.0,256.64456,34308.0,188.46234,-152.0,-4.22222,8.0,0.22222,3.0
1758075072.50815,46704.0,256.55664,34312.0,188.48431,553.0,15.36111,62.0,1.72222,3.0
1758075072.52371,46651.0,256.2655,34319.0,188.52277,1382.0,38.38889,180.0,5.0,3.0
1758075072.52512,46559.0,255.76013,34338.0,188.62714,2194.0,60.94444,531.0,14.75,3.0
1758075072.5397,46422.0,255.00755,34376.0,188.83588,3080.0,85.55556,893.0,24.80556,3.0
1758075072.54184,46241.0,254.01329,34428.0,189.12152,3905.0,108.47222,1126.0,31.27778,3.0
1758075072.55753,46021.0,252.80476,34494.0,189.4841,4660.0,129.44444,1410.0,39.16667,3.0
1758075072.57391,45764.0,251.39301,34570.0,189.90158,5318.0,147.72223,1524.0,42.33333,3.0
1758075072.5746,45482.0,249.8439,34650.0,190.34103,5664.0,157.33333,1594.0,44.27778,3.0
1758075072.58988,45186.0,248.21791,34731.0,190.786,5952.0,165.33333,1565.0,43.47222,3.0
1758075072.59174,44879.0,246.53146,34806.0,191.19798,6192.0,172.0,1414.0,39.27778,3.0
1758075072.60676,44562.0,244.79012,34874.0,191.57152,6295.0,174.86111,1248.0,34.66667,3.0
1758075072.62275,44237.0,243.00481,34942.0,191.94505,6542.0,181.72223,1457.0,40.47222,3.0
1758075072.62406,43889.0,241.09314,35032.0,192.43947,7163.0,198.97223,2033.0,56.47222,3.0
1758075072.6388,43516.0,239.04417,35155.0,193.11513,7236.0,201.0,2774.0,77.05556,3.0
1758075072.64007,43158.0,237.07761,35300.0,193.91165,7024.0,195.11111,2943.0,81.75,3.0
1758075072.6558,42814.0,235.18791,35433.0,194.64224,6452.0,179.22223,2252.0,62.55556,3.0
1758075072.67349,42515.0,233.54543,35517.0,195.10368,5469.0,151.91667,1217.0,33.80556,3.0
1758075072.67423,42267.0,232.18311,35547.0,195.26848,4389.0,121.91666,115.0,3.19444,3.0
1758075072.68989,42079.0,231.15038,35541.0,195.23552,3191.0,88.63889,-169.0,-4.69444,3.0
1758075072.69061,41945.0,230.41429,35531.0,195.18059,2262.0,62.83333,-135.0,-3.75,3.0
1758075072.70588,41849.0,229.88692,35531.0,195.18059,1706.0,47.38889,0.0,0.0,3.0
1758075072.72305,41772.0,229.46394,35531.0,195.18059,1406.0,39.05556,0.0,0.0,3.0
1758075072.72343,41698.0,229.05745,35531.0,195.18059,1447.0,40.19444,5.0,0.13889,3.0
1758075072.73885,41622.0,228.63997,35534.0,195.19707,1612.0,44.77778,32.0,0.88889,3.0
1758075072.74072,41528.0,228.1236,35536.0,195.20805,1984.0,55.11111,104.0,2.88889,3.0
1758075072.75592,41410.0,227.4754,35546.0,195.26299,2553.0,70.91666,237.0,6.58333,3.0
1758075072.77188,41263.0,226.66788,35561.0,195.34538,3218.0,89.38889,332.0,9.22222,3.0
1758075072.77327,41079.0,225.65712,35579.0,195.44426,3938.0,109.38889,387.0,10.75,3.0
1758075072.78792,40861.0,224.45961,35601.0,195.56511,4547.0,126.30556,406.0,11.27778,3.0
1758075072.80414,40619.0,223.13025,35616.0,195.64751,5006.0,139.05556,242.0,6.72222,3.0
1758075072.80458,40355.0,221.68002,35623.0,195.68596,5367.0,149.08333,0.0,0.0,3.0
1758075072.81997,40073.0,220.13094,35622.0,195.68047,5517.0,153.25,-3.0,-0.08333,3.0
1758075072.82112,39793.0,218.5928,35622.0,195.68047,5540.0,153.88889,-8.0,-0.22222,3.0
1758075072.83595,39512.0,217.04921,35622.0,195.68047,5570.0,154.72223,0.0,0.0,3.0
1758075072.85275,39232.0,215.51109,35622.0,195.68047,5524.0,153.44444,0.0,0.0,3.0
1758075072.85362,38960.0,214.01694,35622.0,195.68047,5287.0,146.86111,0.0,0.0,3.0
1758075072.86898,38696.0,212.56671,35623.0,195.68596,5205.0,144.58333,17.0,0.47222,3.0
1758075072.86976,38429.0,211.10002,35627.0,195.70793,5300.0,147.22223,166.0,4.61111,3.0
1758075072.88498,38157.0,209.60587,35649.0,195.82878,5422.0,150.61111,647.0,17.97222,3.0
1758075072.901,37880.0,208.08423,35697.0,196.09245,5564.0,154.55556,1135.0,31.52778,3.0
1758075072.90179,37591.0,206.49669,35771.0,196.49898,5786.0,160.72223,1702.0,47.27778,3.0
1758075072.91697,37296.0,204.87617,35874.0,197.06477,5795.0,160.97223,2252.0,62.55556,3.0
1758075072.93299,37007.0,203.28864,36002.0,197.76791,5658.0,157.16667,2735.0,75.97222,3.0
1758075072.93361,36728.0,201.756,36151.0,198.5864,5458.0,151.61111,3044.0,84.55556,3.0
1758075072.94905,36464.0,200.30579,36314.0,199.48181,5028.0,139.66667,3357.0,93.25,3.0
1758075072.94984,36224.0,198.98743,36487.0,200.43214,4507.0,125.19444,3509.0,97.47222,3.0
1758075072.96511,36010.0,197.81186,36669.0,201.4319,4009.0,111.36111,3624.0,100.66666,3.0
1758075072.98104,35821.0,196.77364,36855.0,202.45364,3491.0,96.97222,3718.0,103.27778,3.0
1758075072.98185,35660.0,195.88921,37045.0,203.49738,3007.0,83.52778,3834.0,106.5,3.0
1758075072.99711,35521.0,195.12566,37247.0,204.60699,2553.0,70.91666,4113.0,114.25,3.0
1758075073.01278,35401.0,194.46646,37465.0,205.80452,2219.0,61.63889,4431.0,123.08334,3.0
1758075073.01367,35298.0,193.90067,37696.0,207.07347,1890.0,52.5,4693.0,130.36111,3.0
1758075073.02905,35209.0,193.41177,37944.0,208.43579,1606.0,44.61111,5035.0,139.86111,3.0
1758075073.02986,35140.0,193.03273,38209.0,209.89151,1247.0,34.63889,5332.0,148.11111,3.0
1758075073.04507,35087.0,192.74159,38488.0,211.42412,898.0,24.94444,5633.0,156.47223,3.0
1758075073.06108,35050.0,192.53835,38784.0,213.05014,571.0,15.86111,6077.0,168.80556,3.0
1758075073.06186,35028.0,192.4175,39106.0,214.81895,362.0,10.05556,6502.0,180.61111,3.0
1758075073.07715,35012.0,192.32961,39446.0,216.68666,271.0,7.52778,6930.0,192.5,3.0
1758075073.09284,34998.0,192.2527,39807.0,218.66971,254.0,7.05556,7289.0,202.47223,3.0
1758075073.09323,34990.0,192.20876,40185.0,220.74617,115.0,3.19444,7549.0,209.69444,3.0
1758075073.1092,34985.0,192.18129,40570.0,222.86105,81.0,2.25,7689.0,213.58333,3.0
1758075073.10993,34985.0,192.18129,40950.0,224.9485,0.0,0.0,7318.0,203.27777,3.0
1758075073.12511,34985.0,192.18129,41311.0,226.93155,0.0,0.0,6987.0,194.08333,3.0
1758075073.14116,34985.0,192.18129,41656.0,228.82674,0.0,0.0,6701.0,186.13889,3.0
1758075073.14192,34985.0,192.18129,41989.0,230.65599,0.0,0.0,6444.0,179.0,3.0
1758075073.15718,34985.0,192.18129,42307.0,232.40283,11.0,0.30556,6150.0,170.83333,3.0
1758075073.17367,34982.0,192.16481,42616.0,234.10023,91.0,2.52778,6082.0,168.94444,3.0
1758075073.17437,34974.0,192.12086,42922.0,235.78119,198.0,5.5,6045.0,167.91667,3.0
1758075073.19016,34961.0,192.04945,43227.0,237.45663,344.0,9.55556,6069.0,168.58333,3.0
1758075073.19097,34937.0,191.91759,43543.0,239.19249,566.0,15.72222,6214.0,172.61111,3.0
1758075073.20624,34902.0,191.72533,43857.0,240.91736,801.0,22.25,6174.0,171.5,3.0
1758075073.22223,34856.0,191.47264,44163.0,242.59831,1009.0,28.02778,5973.0,165.91667,3.0
1758075073.22338,34800.0,191.16502,44461.0,244.23531,1122.0,31.16667,5832.0,162.0,3.0
1758075073.23825,34740.0,190.83543,44744.0,245.78989,1259.0,34.97222,5459.0,151.63889,3.0
1758075073.25392,34673.0,190.46738,45007.0,247.23462,1339.0,37.19444,4975.0,138.19444,3.0
1758075073.2543,34606.0,190.09933,45246.0,248.5475,1382.0,38.38889,4519.0,125.52778,3.0
1758075073.27109,34535.0,189.70932,45463.0,249.73953,1389.0,38.58333,4038.0,112.16666,3.0
1758075073.27187,34464.0,189.31931,45654.0,250.78873,1438.0,39.94444,3552.0,98.66666,3.0
1758075073.28719,34392.0,188.92377,45819.0,251.69513,1390.0,38.61111,3064.0,85.11111,3.0
1758075073.30402,34321.0,188.53375,45958.0,252.45869,1427.0,39.63889,2569.0,71.36111,3.0
1758075073.30443,34252.0,188.15472,46076.0,253.10689,1288.0,35.77778,2147.0,59.63889,3.0
1758075073.32028,34186.0,187.79218,46173.0,253.63972,1301.0,36.13889,1730.0,48.05556,3.0
1758075073.32155,34134.0,187.50652,46238.0,253.99681,791.0,21.97222,928.0,25.77778,3.0
1758075073.33629,34114.0,187.39665,46259.0,254.11217,134.0,3.72222,0.0,0.0,3.0
1758075073.3523,34114.0,187.39665,46253.0,254.07921,0.0,0.0,-80.0,-2.22222,3.0
1758075073.35306,34117.0,187.41313,46245.0,254.03526,-45.0,-1.25,-234.0,-6.5,3.0
1758075073.36827,34124.0,187.45158,46220.0,253.89793,-258.0,-7.16667,-749.0,-20.80556,3.0
1758075073.36905,34150.0,187.59441,46163.0,253.58479,-700.0,-19.44444,-1380.0,-38.33333,3.0
1758075073.38442,34201.0,187.87457,46072.0,253.08492,-1228.0,-34.11111,-2145.0,-59.58333,3.0
1758075073.40026,34278.0,188.29755,45939.0,252.35431,-1723.0,-47.86111,-2946.0,-81.83334,3.0
1758075073.40105,34381.0,188.86334,45768.0,251.41498,-2235.0,-62.08333,-3693.0,-102.58334,3.0
1758075073.41633,34507.0,189.55551,45563.0,250.28885,-2636.0,-73.22222,-4253.0,-118.13889,3.0
1758075073.43236,34649.0,190.33554,45334.0,249.0309,-2862.0,-79.5,-4749.0,-131.91667,3.0
1758075073.4331,34798.0,191.15404,45087.0,247.67407,-2926.0,-81.27778,-4962.0,-137.83333,3.0
1758075073.4483,34943.0,191.95055,44834.0,246.28427,-2876.0,-79.88889,-5030.0,-139.72223,3.0
1758075073.44913,35098.0,192.80202,44572.0,244.84505,-3244.0,-90.11111,-5340.0,-148.33333,3.0
1758075073.46437,35274.0,193.76883,44281.0,243.24651,-3564.0,-99.0,-6013.0,-167.02777,3.0
1758075073.48031,35457.0,194.77409,43952.0,241.43924,-3650.0,-101.38889,-6833.0,-189.80556,3.0
1758075073.48178,35646.0,195.8123,43588.0,239.43968,-3785.0,-105.13889,-7347.0,-204.08333,3.0
1758075073.49635,35831.0,196.82857,43213.0,237.37973,-3449.0,-95.80556,-7189.0,-199.69444,3.0
1758075073.51233,35985.0,197.67453,42877.0,235.53398,-2643.0,-73.41666,-6163.0,-171.19444,3.0
1758075073.51357,36085.0,198.22385,42600.0,234.01234,-1430.0,-39.72222,-4955.0,-137.63889,3.0
1758075073.52838,36123.0,198.43259,42384.0,232.82582,-160.0,-4.44444,-3791.0,-105.30556,3.0
1758075073.52916,36107.0,198.3447,42217.0,231.90845,517.0,14.36111,-2908.0,-80.77778,3.0
1758075073.54439,36070.0,198.14145,42087.0,231.19432,886.0,24.61111,-2325.0,-64.58334,3.0
1758075073.56041,36021.0,197.87228,41977.0,230.59007,1008.0,28.0,-2066.0,-57.38889,3.0
1758075073.56124,35976.0,197.62509,41871.0,230.0078,722.0,20.05556,-2136.0,-59.33333,3.0
1758075073.57635,35954.0,197.50423,41754.0,229.36507,155.0,4.30556,-2527.0,-70.19444,3.0
1758075073.5924,35960.0,197.53719,41611.0,228.57954,-237.0,-6.58333,-3039.0,-84.41666,3.0
1758075073.5937,35976.0,197.62509,41439.0,227.6347,-312.0,-8.66667,-3607.0,-100.19444,3.0
1758075073.60841,35996.0,197.73495,41244.0,226.56351,-403.0,-11.19444,-4098.0,-113.83334,3.0
1758075073.60919,36016.0,197.84482,41026.0,225.36598,-303.0,-8.41667,-4477.0,-124.36111,3.0
1758075073.62442,36028.0,197.91074,40789.0,224.06409,-183.0,-5.08333,-4833.0,-134.25,3.0
1758075073.64044,36030.0,197.92172,40541.0,222.70175,25.0,0.69444,-4906.0,-136.27777,3.0
1758075073.64124,36030.0,197.92172,40297.0,221.3614,13.0,0.36111,-4796.0,-133.22223,3.0
1758075073.65647,36029.0,197.91623,40057.0,220.04301,10.0,0.27778,-4781.0,-132.80556,3.0
1758075073.67251,36029.0,197.91623,39814.0,218.70818,0.0,0.0,-4808.0,-133.55556,3.0
1758075073.67327,36029.0,197.91623,39569.0,217.36234,0.0,0.0,-4755.0,-132.08333,3.0
1758075073.68847,36029.0,197.91623,39331.0,216.05495,-4.0,-0.11111,-4660.0,-129.44444,3.0
1758075073.68927,36030.0,197.92172,39093.0,214.74754,-23.0,-0.63889,-4697.0,-130.47223,3.0
1758075073.70453,36033.0,197.9382,38851.0,213.41818,-95.0,-2.63889,-4800.0,-133.33333,3.0
1758075073.72138,36045.0,198.00412,38606.0,212.07233,-391.0,-10.86111,-4848.0,-134.66667,3.0
1758075073.72262,36081.0,198.20187,38355.0,210.69353,-967.0,-26.86111,-5058.0,-140.5,3.0
1758075073.73758,36153.0,198.59738,38089.0,209.23233,-1755.0,-48.75,-5434.0,-150.94444,3.0
1758075073.7404,36261.0,199.19067,37807.0,207.68323,-2507.0,-69.63889,-5679.0,-157.75,3.0
1758075073.75656,36411.0,200.01465,37517.0,206.09019,-3270.0,-90.83334,-5729.0,-159.13889,3.0
1758075073.7726,36596.0,201.0309,37223.0,204.47516,-3953.0,-109.80556,-5821.0,-161.69444,3.0
1758075073.77586,36812.0,202.21744,36934.0,202.8876,-4502.0,-125.05556,-5535.0,-153.75,3.0
1758075073.7916,37048.0,203.51385,36675.0,201.46486,-4796.0,-133.22223,-4815.0,-133.75,3.0
1758075073.79237,37298.0,204.88716,36451.0,200.23438,-5059.0,-140.52777,-4138.0,-114.94444,3.0
1758075073.80754,37560.0,206.3264,36260.0,199.18518,-5300.0,-147.22223,-3510.0,-97.5,3.0
1758075073.80885,37836.0,207.84253,36102.0,198.31723,-5473.0,-152.02777,-2838.0,-78.83334,3.0
1758075073.82467,38118.0,209.39163,35974.0,197.61411,-5685.0,-157.91667,-2259.0,-62.75,3.0
1758075073.84141,38421.0,211.05608,35875.0,197.07027,-6096.0,-169.33333,-1762.0,-48.94444,3.0
1758075073.84226,38739.0,212.80292,35793.0,196.61983,-6395.0,-177.63889,-1508.0,-41.88889,3.0
1758075073.85776,39071.0,214.62669,35724.0,196.2408,-6730.0,-186.94444,-1214.0,-33.72222,3.0
1758075073.85886,39423.0,216.56032,35668.0,195.93315,-7095.0,-197.08333,-1108.0,-30.77778,3.0
1758075073.87509,39785.0,218.54886,35618.0,195.65849,-7160.0,-198.88889,-841.0,-23.36111,3.0
1758075073.89153,40148.0,220.54292,35578.0,195.43877,-7242.0,-201.16667,-728.0,-20.22222,3.0
1758075073.8922,40520.0,222.5864,35542.0,195.24101,-7333.0,-203.69444,-696.0,-19.33333,3.0
1758075073.90763,40888.0,224.60793,35507.0,195.04875,-7254.0,-201.5,-620.0,-17.22222,3.0
1758075073.90892,41255.0,226.62393,35481.0,194.90593,-7241.0,-201.13889,-531.0,-14.75,3.0
1758075073.92469,41607.0,228.55757,35466.0,194.82353,-6701.0,-186.13889,-177.0,-4.91667,3.0
1758075073.94145,41935.0,230.35936,35461.0,194.79607,-6330.0,-175.83333,-52.0,-1.44444,3.0
1758075073.94228,42251.0,232.09521,35457.0,194.77409,-6205.0,-172.36111,-55.0,-1.52778,3.0
1758075073.95766,42559.0,233.78712,35453.0,194.75211,-6047.0,-167.97223,-169.0,-4.69444,3.0
1758075073.95918,42867.0,235.47905,35434.0,194.64774,-6112.0,-169.77777,-538.0,-14.94444,3.0
1758075073.97629,43183.0,237.21494,35398.0,194.44998,-6302.0,-175.05556,-867.0,-24.08333,3.0
1758075073.99185,43500.0,238.95628,35345.0,194.15884,-6265.0,-174.02777,-1162.0,-32.27778,3.0
1758075073.99251,43823.0,240.73059,35275.0,193.77432,-6494.0,-180.38889,-1529.0,-42.47222,3.0
1758075074.0077,44153.0,242.54337,35194.0,193.32936,-6490.0,-180.27777,-1698.0,-47.16667,3.0
1758075074.00894,44477.0,244.3232,35102.0,192.82399,-6343.0,-176.19444,-1873.0,-52.02778,3.0
1758075074.03196,44796.0,246.07553,35008.0,192.30763,-6249.0,-173.58333,-1886.0,-52.38889,3.0
1758075074.03376,45103.0,247.76196,34916.0,191.80223,-5889.0,-163.58333,-1787.0,-49.63889,3.0
1758075074.0528,45389.0,249.33302,34828.0,191.31883,-5526.0,-153.5,-1647.0,-45.75,3.0
1758075074.05362,45662.0,250.83267,34748.0,190.87938,-5300.0,-147.22223,-1530.0,-42.5,3.0
1758075074.06879,45923.0,252.26642,34679.0,190.50034,-5032.0,-139.77777,-1275.0,-35.41667,3.0
1758075074.06965,46165.0,253.59578,34618.0,190.16525,-4656.0,-129.33333,-1163.0,-32.30556,3.0
1758075074.08476,46391.0,254.83727,34564.0,189.86862,-4360.0,-121.11111,-926.0,-25.72222,3.0
1758075074.10081,46604.0,256.00732,34520.0,189.62692,-4120.0,-114.44444,-841.0,-23.36111,3.0
1758075074.10167,46806.0,257.11697,34479.0,189.4017,-3865.0,-107.36111,-814.0,-22.61111,3.0
1758075074.11682,46988.0,258.11673,34442.0,189.19846,-3457.0,-96.02778,-658.0,-18.27778,3.0
1758075074.13278,47153.0,259.0231,34411.0,189.02814,-3070.0,-85.27778,-617.0,-17.13889,3.0
1758075074.1337,47288.0,259.76471,34388.0,188.90179,-2319.0,-64.41666,-303.0,-8.41667,3.0
1758075074.14888,47372.0,260.22614,34383.0,188.87433,-1087.0,-30.19444,0.0,0.0,3.0
1758075074.1497,47388.0,260.31403,34384.0,188.87982,171.0,4.75,0.0,0.0,3.0
1758075074.16479,47358.0,260.14923,34384.0,188.87982,967.0,26.86111,0.0,0.0,3.0
1758075074.18087,47280.0,259.72076,34386.0,188.89081,1901.0,52.80556,37.0,1.02778,3.0
1758075074.18175,47155.0,259.03409,34392.0,188.92377,2871.0,79.75,165.0,4.58333,3.0
1758075074.19688,46979.0,258.06729,34406.0,189.00067,3874.0,107.61111,308.0,8.55556,3.0
1758075074.21289,46754.0,256.83133,34431.0,189.138,4874.0,135.38889,584.0,16.22222,3.0
1758075074.21372,46486.0,255.35913,34470.0,189.35226,5628.0,156.33333,879.0,24.41667,3.0
1758075074.22888,46189.0,253.72762,34519.0,189.62143,6019.0,167.19444,955.0,26.52778,3.0
1758075074.22974,45872.0,251.98627,34568.0,189.89059,6429.0,178.58333,960.0,26.66667,3.0
1758075074.24494,45545.0,250.18997,34616.0,190.15427,6431.0,178.63889,922.0,25.61111,3.0
1758075074.26085,45219.0,248.39919,34658.0,190.38498,6449.0,179.13889,821.0,22.80556,3.0
1758075074.26178,44882.0,246.54794,34708.0,190.65965,6911.0,191.97223,1158.0,32.16667,3.0
1758075074.27685,44517.0,244.54292,34786.0,191.08812,7387.0,205.19444,1794.0,49.83333,3.0
1758075074.29287,44135.0,242.44449,34900.0,191.71434,7630.0,211.94444,2641.0,73.36111,3.0
1758075074.29382,43756.0,240.36255,35054.0,192.56032,7232.0,200.88889,3224.0,89.55556,3.0
1758075074.30987,43423.0,238.53331,35219.0,193.46671,6020.0,167.22223,2992.0,83.11111,3.0
1758075074.31096,43154.0,237.05563,35338.0,194.12039,4786.0,132.94444,1816.0,50.44444,3.0
1758075074.32599,42956.0,235.96796,35395.0,194.4335,3200.0,88.88889,561.0,15.58333,3.0
1758075074.34208,42838.0,235.31975,35399.0,194.45547,1632.0,45.33333,-134.0,-3.72222,3.0
1758075074.3428,42789.0,235.05058,35396.0,194.439,547.0,15.19444,7.0,0.19444,3.0
1758075074.35798,42780.0,235.00114,35398.0,194.44998,-52.0,-1.44444,29.0,0.80556,3.0
1758075074.35956,42780.0,235.00114,35404.0,194.48294,43.0,1.19444,233.0,6.47222,3.0
1758075074.37504,42774.0,234.96819,35424.0,194.5928,197.0,5.47222,536.0,14.88889,3.0
1758075074.39127,42751.0,234.84184,35464.0,194.81255,647.0,17.97222,964.0,26.77778,3.0
1758075074.39192,42702.0,234.57268,35529.0,195.1696,1179.0,32.75,1522.0,42.27778,3.0
1758075074.40705,42625.0,234.1497,35615.0,195.64201,1779.0,49.41667,1824.0,50.66667,3.0
1758075074.42302,42525.0,233.60036,35711.0,196.16936,2186.0,60.72222,1900.0,52.77778,3.0
1758075074.42431,42404.0,232.93568,35805.0,196.68575,2513.0,69.80556,1784.0,49.55556,3.0
1758075074.43906,42271.0,232.20508,35884.0,197.11971,2737.0,76.02778,1355.0,37.63889,3.0
1758075074.43987,42128.0,231.41956,35939.0,197.42183,2887.0,80.19444,815.0,22.63889,3.0
1758075074.45507,41976.0,230.58458,35959.0,197.53169,3098.0,86.05556,113.0,3.13889,3.0
1758075074.47108,41815.0,229.70015,35959.0,197.53169,3295.0,91.52778,-12.0,-0.33333,3.0
1758075074.47232,41642.0,228.74983,35959.0,197.53169,3497.0,97.13889,-8.0,-0.22222,3.0
1758075074.48699,41457.0,227.73358,35959.0,197.53169,3737.0,103.80556,0.0,0.0,3.0
1758075074.50306,41260.0,226.6514,35959.0,197.53169,3980.0,110.55556,0.0,0.0,3.0
1758075074.50389,41049.0,225.49232,35959.0,197.53169,4245.0,117.91666,0.0,0.0,3.0
1758075074.51911,40829.0,224.28381,35959.0,197.53169,4432.0,123.11111,0.0,0.0,3.0
1758075074.52044,40600.0,223.02588,35959.0,197.53169,4613.0,128.13889,0.0,0.0,3.0
1758075074.53513,40360.0,221.70749,35959.0,197.53169,4845.0,134.58333,0.0,0.0,3.0
1758075074.55115,40108.0,220.3232,35959.0,197.53169,5081.0,141.13889,0.0,0.0,3.0
1758075074.55197,39847.0,218.88945,35959.0,197.53169,5237.0,145.47223,7.0,0.19444,3.0
1758075074.56711,39574.0,217.3898,35962.0,197.54817,5514.0,153.16667,92.0,2.55556,3.0
1758075074.58315,39282.0,215.78575,35971.0,197.59763,5917.0,164.36111,253.0,7.02778,3.0
1758075074.58389,38977.0,214.11032,35992.0,197.71298,6123.0,170.08333,555.0,15.41667,3.0
1758075074.60176,38663.0,212.38544,36030.0,197.92172,6287.0,174.63889,958.0,26.61111,3.0
1758075074.60234,38339.0,210.60564,36093.0,198.26779,6409.0,178.02777,1338.0,37.16667,3.0
1758075074.61889,38022.0,208.86429,36169.0,198.68527,6152.0,170.88889,1642.0,45.61111,3.0
1758075074.62036,37718.0,207.19432,36259.0,199.17969,5894.0,163.72223,1853.0,51.47222,3.0
1758075074.63689,37429.0,205.60677,36358.0,199.72351,5524.0,153.44444,2006.0,55.72222,3.0
1758075074.71712,37167.0,204.16754,36463.0,200.30029,4947.0,137.41667,2118.0,58.83333,3.0
1758075074.72478,36933.0,202.88211,36574.0,200.91005,4384.0,121.77778,2266.0,62.94444,3.0
1758075074.72803,36726.0,201.74501,36691.0,201.55275,3869.0,107.47222,2373.0,65.91666,3.0
1758075074.72848,36545.0,200.75075,36815.0,202.23392,3346.0,92.94444,2493.0,69.25,3.0
1758075074.75093,36390.0,199.89929,36947.0,202.95901,2888.0,80.22222,2718.0,75.5,3.0
1758075074.7549,36253.0,199.14673,37092.0,203.75555,2569.0,71.36111,3028.0,84.11111,3.0
1758075074.75721,36133.0,198.48752,37257.0,204.66194,2270.0,63.05556,3388.0,94.11111,3.0
1758075074.75787,36027.0,197.90524,37439.0,205.6617,1982.0,55.05556,3730.0,103.61111,3.0
1758075074.76224,35936.0,197.40535,37634.0,206.73289,1626.0,45.16667,3975.0,110.41666,3.0
1758075074.76287,35859.0,196.98238,37839.0,207.85901,1388.0,38.55556,4146.0,115.16666,3.0
1758075074.76408,35798.0,196.64729,38053.0,209.03458,1056.0,29.33333,4269.0,118.58334,3.0
1758075074.76479,35750.0,196.38362,38271.0,210.23209,927.0,25.75,4384.0,121.77778,3.0
1758075074.76605,35709.0,196.15837,38496.0,211.46806,721.0,20.02778,4443.0,123.41666,3.0
1758075074.78212,35677.0,195.98259,38725.0,212.72601,596.0,16.55556,4576.0,127.11111,3.0
1758075074.78353,35647.0,195.81779,38960.0,214.01694,576.0,16.0,4717.0,131.02777,3.0
1758075074.79824,35619.0,195.66399,39201.0,215.34081,583.0,16.19444,4805.0,133.47223,3.0
1758075074.80028,35589.0,195.49919,39445.0,216.68117,546.0,15.16667,4839.0,134.41667,3.0
1758075074.81636,35567.0,195.37834,39687.0,218.01053,365.0,10.13889,4779.0,132.75,3.0
1758075074.83236,35549.0,195.27946,39924.0,219.31242,329.0,9.13889,4626.0,128.5,3.0
1758075074.836,35529.0,195.1696,40152.0,220.5649,414.0,11.5,4424.0,122.88889,3.0
1758075074.85144,35505.0,195.03777,40369.0,221.75693,530.0,14.72222,4186.0,116.27778,3.0
1758075074.85274,35486.0,194.9334,40560.0,222.80612,210.0,5.83333,3461.0,96.13889,3.0
1758075074.86739,35481.0,194.90593,40715.0,223.65759,54.0,1.5,2772.0,77.0,3.0
1758075074.88339,35477.0,194.88396,40841.0,224.34975,102.0,2.83333,2347.0,65.19444,3.0
1758075074.88459,35467.0,194.82903,40952.0,224.95949,305.0,8.47222,2076.0,57.66667,3.0
1758075074.89945,35439.0,194.6752,41058.0,225.54176,721.0,20.02778,2072.0,57.55556,3.0
1758075074.9011,35387.0,194.38956,41167.0,226.14053,1268.0,35.22222,2167.0,60.19444,3.0
1758075074.91641,35307.0,193.9501,41279.0,226.75577,1757.0,48.80556,2215.0,61.52778,3.0
1758075074.93239,35207.0,193.40079,41386.0,227.34357,2141.0,59.47222,2078.0,57.72222,3.0
1758075074.93316,35095.0,192.78554,41484.0,227.8819,2251.0,62.52778,1812.0,50.33333,3.0
1758075074.94842,34979.0,192.14833,41565.0,228.32684,2290.0,63.61111,1371.0,38.08333,3.0
1758075074.94968,34866.0,191.52757,41623.0,228.64546,2179.0,60.52778,998.0,27.72222,3.0
1758075074.96541,34758.0,190.93431,41663.0,228.86519,2078.0,57.72222,619.0,17.19444,3.0
1758075074.98145,34655.0,190.3685,41676.0,228.9366,1973.0,54.80556,26.0,0.72222,3.0
1758075074.98225,34556.0,189.82468,41676.0,228.9366,1946.0,54.05556,0.0,0.0,3.0
1758075074.99748,34459.0,189.29184,41676.0,228.9366,1956.0,54.33333,0.0,0.0,3.0
1758075075.01357,34361.0,188.75348,41676.0,228.9366,1900.0,52.77778,0.0,0.0,3.0
1758075075.01431,34266.0,188.23163,41676.0,228.9366,1802.0,50.05556,0.0,0.0,3.0
1758075075.02948,34177.0,187.74274,41676.0,228.9366,1738.0,48.27778,0.0,0.0,3.0
1758075075.0303,34094.0,187.28679,41676.0,228.9366,1597.0,44.36111,0.0,0.0,3.0
1758075075.04697,34014.0,186.84734,41676.0,228.9366,1507.0,41.86111,0.0,0.0,3.0
1758075075.06362,33940.0,186.44084,41676.0,228.9366,1411.0,39.19444,-4.0,-0.11111,3.0
1758075075.06669,33883.0,186.12772,41673.0,228.92012,848.0,23.55556,-86.0,-2.38889,3.0
1758075075.08255,33864.0,186.02335,41658.0,228.83772,3.0,0.08333,-434.0,-12.05556,3.0
1758075075.08372,33868.0,186.04532,41623.0,228.64546,-47.0,-1.30556,-930.0,-25.83333,3.0
1758075075.10149,33873.0,186.07278,41556.0,228.2774,-118.0,-3.27778,-1641.0,-45.58333,3.0
1758075075.10237,33881.0,186.11673,41446.0,227.67316,-181.0,-5.02778,-2500.0,-69.44444,3.0
1758075075.11762,33896.0,186.19913,41296.0,226.84915,-341.0,-9.47222,-3328.0,-92.44444,3.0
1758075075.13357,33915.0,186.3035,41105.0,225.79996,-406.0,-11.27778,-4055.0,-112.63889,3.0
1758075075.13432,33929.0,186.38042,40883.0,224.58046,-143.0,-3.97222,-4601.0,-127.80556,3.0
1758075075.15067,33929.0,186.38042,40638.0,223.23462,40.0,1.11111,-4932.0,-137.0,3.0
1758075075.15134,33926.0,186.36394,40382.0,221.82834,129.0,3.58333,-5117.0,-142.13889,3.0
1758075075.16656,33915.0,186.3035,40117.0,220.37263,277.0,7.69444,-5289.0,-146.91667,3.0
1758075075.18257,33906.0,186.25406,39844.0,218.87297,117.0,3.25,-5493.0,-152.58333,3.0
1758075075.18337,33905.0,186.24857,39559.0,217.3074,-15.0,-0.41667,-5796.0,-161.0,3.0
1758075075.19857,33904.0,186.24307,39254.0,215.63194,41.0,1.13889,-6182.0,-171.72223,3.0
1758075075.20008,33904.0,186.24307,38924.0,213.81918,0.0,0.0,-6814.0,-189.27777,3.0
1758075075.21554,33904.0,186.24307,38560.0,211.81964,0.0,0.0,-7471.0,-207.52777,3.0
1758075075.23162,33905.0,186.24857,38149.0,209.56192,-34.0,-0.94444,-8476.0,-235.44444,3.0
1758075075.23279,33910.0,186.27603,37686.0,207.01854,-169.0,-4.69444,-9385.0,-260.69446,3.0
1758075075.24804,33920.0,186.33098,37203.0,204.3653,-190.0,-5.27778,-9493.0,-263.69446,3.0
1758075075.26391,33923.0,186.34746,36738.0,201.81094,85.0,2.36111,-8696.0,-241.55556,3.0
1758075075.26446,33911.0,186.28152,36327.0,199.55322,407.0,11.30556,-7733.0,-214.80556,3.0
1758075075.27966,33880.0,186.11124,35958.0,197.5262,816.0,22.66667,-6900.0,-191.66667,3.0
1758075075.28095,33827.0,185.8201,35639.0,195.77385,1213.0,33.69444,-5872.0,-163.11111,3.0
1758075075.29567,33764.0,185.47403,35366.0,194.2742,1212.0,33.66667,-5069.0,-140.80556,3.0
1758075075.31167,33717.0,185.21585,35132.0,192.98878,661.0,18.36111,-4377.0,-121.58334,3.0
1758075075.31244,33700.0,185.12247,34925.0,191.85167,45.0,1.25,-3928.0,-109.11111,3.0
1758075075.32765,33709.0,185.17191,34728.0,190.76952,-310.0,-8.61111,-3869.0,-107.47222,3.0
1758075075.34367,33736.0,185.32022,34528.0,189.67087,-803.0,-22.30556,-4025.0,-111.80556,3.0
1758075075.34493,33800.0,185.67178,34317.0,188.51178,-1637.0,-45.47222,-4249.0,-118.02778,3.0
1758075075.35967,33906.0,186.25406,34096.0,187.29778,-2450.0,-68.05556,-4408.0,-122.44444,3.0
1758075075.36085,34053.0,187.06157,33872.0,186.06729,-3240.0,-90.0,-4401.0,-122.25,3.0
1758075075.37572,34235.0,188.06134,33647.0,184.8313,-3849.0,-106.91666,-4368.0,-121.33334,3.0
1758075075.39176,34444.0,189.20944,33429.0,183.63379,-4351.0,-120.86111,-4181.0,-116.13889,3.0
1758075075.39253,34679.0,190.50034,33229.0,182.53514,-4820.0,-133.88889,-3707.0,-102.97222,3.0
1758075075.40769,34936.0,191.91209,33060.0,181.60677,-5247.0,-145.75,-3105.0,-86.25,3.0
1758075075.42374,35209.0,193.41177,32921.0,180.84322,-5529.0,-153.58333,-2476.0,-68.77778,3.0
1758075075.42477,35498.0,194.99931,32814.0,180.25543,-5889.0,-163.58333,-1854.0,-51.5,3.0
1758075075.43976,35808.0,196.70222,32737.0,179.83246,-6273.0,-174.25,-1218.0,-33.83333,3.0
1758075075.4409,36135.0,198.4985,32690.0,179.57426,-6549.0,-181.91667,-654.0,-18.16667,3.0
1758075075.45573,36473.0,200.35522,32671.0,179.46989,-6803.0,-188.97223,-166.0,-4.61111,3.0
1758075075.47179,36828.0,202.30533,32670.0,179.4644,-7154.0,-198.72223,9.0,0.25,3.0
1758075075.47256,37190.0,204.29388,32671.0,179.46989,-7182.0,-199.5,9.0,0.25,3.0
1758075075.48777,37558.0,206.31541,32671.0,179.46989,-7331.0,-203.63889,9.0,0.25,3.0
1758075075.50381,37926.0,208.33691,32671.0,179.46989,-7149.0,-198.58333,8.0,0.22222,3.0
1758075075.50444,38279.0,210.27605,32671.0,179.46989,-6893.0,-191.47223,7.0,0.19444,3.0
1758075075.5198,38612.0,212.10529,32680.0,179.51933,-6251.0,-173.63889,296.0,8.22222,3.0
1758075075.52057,38901.0,213.69284,32697.0,179.61272,-5355.0,-148.75,296.0,8.22222,3.0
1758075075.5358,39154.0,215.08263,32713.0,179.70062,-4650.0,-129.16667,293.0,8.13889,3.0
1758075075.5519,39375.0,216.29665,32720.0,179.73907,-4129.0,-114.69444,21.0,0.58333,3.0
1758075075.55301,39570.0,217.36783,32720.0,179.73907,-3632.0,-100.88889,-3.0,-0.08333,3.0
1758075075.56788,39741.0,218.30716,32719.0,179.73358,-3209.0,-89.13889,-14.0,-0.38889,3.0
1758075075.58382,39895.0,219.15312,32718.0,179.72809,-2974.0,-82.61111,-28.0,-0.77778,3.0
1758075075.58533,40045.0,219.9771,32716.0,179.7171,-2906.0,-80.72222,-55.0,-1.52778,3.0
1758075075.60081,40192.0,220.78462,32712.0,179.69513,-2931.0,-81.41666,-119.0,-3.30556,3.0
1758075075.60174,40339.0,221.59213,32707.0,179.66766,-2901.0,-80.58334,-42.0,-1.16667,3.0
1758075075.61691,40487.0,222.40512,32707.0,179.66766,-2908.0,-80.77778,0.0,0.0,3.0
1758075075.63272,40633.0,223.20715,32707.0,179.66766,-2866.0,-79.61111,0.0,0.0,3.0
1758075075.63622,40777.0,223.99817,32707.0,179.66766,-2783.0,-77.30556,0.0,0.0,3.0
1758075075.65194,40914.0,224.75075,32707.0,179.66766,-2667.0,-74.08334,0.0,0.0,3.0
1758075075.65377,41043.0,225.45937,32707.0,179.66766,-2423.0,-67.30556,0.0,0.0,3.0
1758075075.66887,41157.0,226.0856,32707.0,179.66766,-2063.0,-57.30556,0.0,0.0,3.0
1758075075.66973,41250.0,226.59647,32707.0,179.66766,-1645.0,-45.69444,0.0,0.0,3.0
1758075075.68598,41322.0,226.99197,32707.0,179.66766,-1233.0,-34.25,0.0,0.0,3.0
1758075075.70193,41371.0,227.26117,32707.0,179.66766,-708.0,-19.66667,0.0,0.0,3.0
1758075075.7027,41391.0,227.37103,32707.0,179.66766,-137.0,-3.80556,-5.0,-0.13889,3.0
1758075075.71804,41391.0,227.37103,32705.0,179.65668,0.0,0.0,-31.0,-0.86111,3.0
1758075075.73362,41384.0,227.33258,32705.0,179.65668,252.0,7.0,0.0,0.0,3.0
1758075075.73487,41359.0,227.19525,32707.0,179.66766,749.0,20.80556,3.0,0.08333,3.0
1758075075.75191,41300.0,226.87112,32710.0,179.68414,1451.0,40.30556,69.0,1.91667,3.0
1758075075.75229,41199.0,226.31631,32717.0,179.7226,2429.0,67.47222,202.0,5.61111,3.0
1758075075.76803,41045.0,225.47035,32738.0,179.83795,3537.0,98.25,544.0,15.11111,3.0
1758075075.78369,40834.0,224.31129,32781.0,180.07416,4625.0,128.47223,1046.0,29.05556,3.0
1758075075.78409,40573.0,222.87753,32842.0,180.40924,5582.0,155.05556,1274.0,35.38889,3.0
1758075075.79992,40264.0,221.18013,32908.0,180.7718,6404.0,177.88889,1359.0,37.75,3.0
1758075075.80061,39925.0,219.31792,32976.0,181.14534,6860.0,190.55556,1229.0,34.13889,3.0
1758075075.81604,39569.0,217.36234,33033.0,181.45845,7174.0,199.27777,1053.0,29.25,3.0
1758075075.832,39196.0,215.31334,33080.0,181.71663,7470.0,207.5,838.0,23.27778,3.0
1758075075.83327,38814.0,213.21494,33119.0,181.93086,7686.0,213.5,745.0,20.69444,3.0
1758075075.84812,38412.0,211.00664,33170.0,182.21104,8137.0,226.02777,1235.0,34.30556,3.0
1758075075.86373,37982.0,208.64453,33249.0,182.645,8706.0,241.83333,1825.0,50.69444,3.0
1758075075.8641,37503.0,206.01326,33361.0,183.26024,9801.0,272.25,2364.0,65.66666,3.0
1758075075.88009,36982.0,203.15128,33477.0,183.89746,10680.0,296.66666,2207.0,61.30556,3.0
1758075075.88127,36425.0,200.09155,33577.0,184.44678,10929.0,303.58334,1689.0,46.91667,3.0
1758075075.8961,35891.0,197.15816,33636.0,184.77087,10269.0,285.25,727.0,20.19444,3.0
1758075075.91211,35407.0,194.49942,33645.0,184.82031,8720.0,242.22223,-196.0,-5.44444,3.0
1758075075.9129,35036.0,192.46144,33628.0,184.72693,6342.0,176.16667,-454.0,-12.61111,3.0
1758075075.92803,34771.0,191.00572,33596.0,184.55115,4373.0,121.47222,-768.0,-21.33333,3.0
1758075075.94365,34601.0,190.07187,33551.0,184.30396,2595.0,72.08334,-924.0,-25.66667,3.0
1758075075.94404,34514.0,189.59396,33507.0,184.06226,1126.0,31.27778,-739.0,-20.52778,3.0
1758075075.96006,34482.0,189.41818,33482.0,183.92493,355.0,9.86111,-256.0,-7.11111,3.0
1758075075.96143,34472.0,189.36325,33485.0,183.94141,139.0,3.86111,144.0,4.0,3.0
1758075075.9761,34460.0,189.29733,33496.0,184.00183,367.0,10.19444,300.0,8.33333,3.0
1758075075.99212,34428.0,189.12152,33525.0,184.16113,786.0,21.83333,884.0,24.55556,3.0
1758075075.99342,34376.0,188.83588,33595.0,184.54565,1225.0,34.02778,1706.0,47.38889,3.0
1758075076.00813,34299.0,188.4129,33700.0,185.12247,1719.0,47.75,2394.0,66.5,3.0
1758075076.00945,34206.0,187.90204,33837.0,185.87503,1932.0,53.66667,2879.0,79.97222,3.0
1758075076.02412,34107.0,187.3582,33989.0,186.71001,1904.0,52.88889,3112.0,86.44444,3.0
1758075076.04016,34012.0,186.83635,34147.0,187.57793,1787.0,49.63889,3082.0,85.61111,3.0
1758075076.04149,33928.0,186.37492,34301.0,188.42389,1580.0,43.88889,2943.0,81.75,3.0
1758075076.05619,33856.0,185.9794,34445.0,189.21494,1328.0,36.88889,2802.0,77.83334,3.0
1758075076.07239,33791.0,185.62234,34586.0,189.98947,1310.0,36.38889,2686.0,74.61111,3.0
1758075076.07364,33726.0,185.26529,34722.0,190.73656,1263.0,35.08333,2717.0,75.47222,3.0
1758075076.08819,33655.0,184.87524,34864.0,191.51659,1507.0,41.86111,2880.0,80.0,3.0
1758075076.08936,33572.0,184.41931,35021.0,192.37904,1700.0,47.22222,3273.0,90.91666,3.0
1758075076.10419,33479.0,183.90845,35203.0,193.37881,1904.0,52.88889,3839.0,106.63889,3.0
1758075076.12026,33378.0,183.35362,35411.0,194.52139,2045.0,56.80556,4348.0,120.77778,3.0
1758075076.12141,33277.0,182.79881,35643.0,195.79582,1965.0,54.58333,4752.0,132.0,3.0
1758075076.13625,33182.0,182.27696,35891.0,197.15816,1742.0,48.38889,5006.0,139.05556,3.0
1758075076.15223,33102.0,181.83748,36152.0,198.59189,1442.0,40.05556,5205.0,144.58333,3.0
1758075076.15304,33042.0,181.50789,36418.0,200.0531,1020.0,28.33333,5233.0,145.36111,3.0
1758075076.16926,32999.0,181.27168,36684.0,201.5143,700.0,19.44444,5226.0,145.16667,3.0
1758075076.17011,32978.0,181.15633,36948.0,202.96451,196.0,5.44444,5235.0,145.41667,3.0
1758075076.18519,32976.0,181.14534,37214.0,204.42572,0.0,0.0,5309.0,147.47223,3.0
1758075076.20131,32976.0,181.14534,37483.0,205.9034,0.0,0.0,5317.0,147.69444,3.0
1758075076.20211,32976.0,181.14534,37748.0,207.35912,0.0,0.0,5213.0,144.80556,3.0
1758075076.2173,32976.0,181.14534,38008.0,208.78735,0.0,0.0,5046.0,140.16667,3.0
1758075076.21854,32976.0,181.14534,38254.0,210.1387,0.0,0.0,4681.0,130.02777,3.0
1758075076.23432,32980.0,181.16731,38471.0,211.33073,-92.0,-2.55556,3890.0,108.05556,3.0
1758075076.25152,32983.0,181.18379,38647.0,212.29755,-39.0,-1.08333,3094.0,85.94444,3.0
1758075076.2519,32984.0,181.18929,38783.0,213.04462,0.0,0.0,2370.0,65.83334,3.0
1758075076.26732,32984.0,181.18929,38883.0,213.59396,0.0,0.0,1719.0,47.75,3.0
1758075076.26849,32983.0,181.18379,38960.0,214.01694,0.0,0.0,1290.0,35.83333,3.0
1758075076.28432,32983.0,181.18379,39016.0,214.32455,15.0,0.41667,1021.0,28.36111,3.0
1758075076.30036,32981.0,181.17281,39064.0,214.58824,35.0,0.97222,929.0,25.80556,3.0
1758075076.30113,32979.0,181.16182,39110.0,214.84093,66.0,1.83333,887.0,24.63889,3.0
1758075076.31635,32972.0,181.12337,39160.0,215.11559,209.0,5.80556,1074.0,29.83333,3.0
1758075076.33246,32953.0,181.019,39219.0,215.43968,493.0,13.69444,1177.0,32.69444,3.0
1758075076.33316,32919.0,180.83223,39282.0,215.78575,760.0,21.11111,1305.0,36.25,3.0
1758075076.34842,32875.0,180.59052,39351.0,216.16481,992.0,27.55556,1324.0,36.77778,3.0
1758075076.34922,32823.0,180.30487,39416.0,216.52187,994.0,27.61111,1254.0,34.83333,3.0
1758075076.36439,32772.0,180.02472,39475.0,216.84596,998.0,27.72222,1002.0,27.83333,3.0
1758075076.38042,32724.0,179.76105,39516.0,217.07118,890.0,24.72222,641.0,17.80556,3.0
1758075076.38123,32687.0,179.55779,39537.0,217.18654,604.0,16.77778,231.0,6.41667,3.0
1758075076.39641,32660.0,179.40947,39540.0,217.20302,471.0,13.08333,0.0,0.0,3.0
1758075076.41256,32640.0,179.29961,39540.0,217.20302,366.0,10.16667,0.0,0.0,3.0
1758075076.4132,32623.0,179.20622,39540.0,217.20302,303.0,8.41667,0.0,0.0,3.0
1758075076.42845,32612.0,179.1458,39540.0,217.20302,127.0,3.52778,0.0,0.0,3.0
1758075076.42963,32610.0,179.13481,39540.0,217.20302,0.0,0.0,0.0,0.0,3.0
1758075076.44521,32610.0,179.13481,39538.0,217.19203,-5.0,-0.13889,-1.0,-0.02778,3.0
1758075076.46141,32616.0,179.16777,39533.0,217.16457,-162.0,-4.5,-155.0,-4.30556,3.0
1758075076.46257,32632.0,179.25566,39515.0,217.06569,-468.0,-13.0,-496.0,-13.77778,3.0
1758075076.47744,32668.0,179.45341,39474.0,216.84047,-899.0,-24.97222,-1136.0,-31.55556,3.0
1758075076.4787,32734.0,179.81598,39390.0,216.37904,-1631.0,-45.30556,-2006.0,-55.72222,3.0
1758075076.4945,32834.0,180.3653,39266.0,215.69786,-2208.0,-61.33333,-2770.0,-76.94444,3.0
1758075076.51168,32964.0,181.07942,39106.0,214.81895,-2731.0,-75.86111,-3380.0,-93.88889,3.0
1758075076.51208,33111.0,181.88692,38920.0,213.79721,-2986.0,-82.94444,-3841.0,-106.69444,3.0
1758075076.5275,33262.0,182.71642,38718.0,212.68756,-2988.0,-83.0,-4061.0,-112.80556,3.0
1758075076.52878,33413.0,183.5459,38509.0,211.53947,-2933.0,-81.47222,-4187.0,-116.30556,3.0
1758075076.54536,33558.0,184.34241,38295.0,210.36394,-2762.0,-76.72222,-4205.0,-116.80556,3.0
1758075076.56154,33691.0,185.07303,38082.0,209.19388,-2561.0,-71.13889,-4273.0,-118.69444,3.0
1758075076.56283,33826.0,185.81461,37860.0,207.97437,-2826.0,-78.5,-4570.0,-126.94444,3.0
1758075076.57756,33977.0,186.64409,37612.0,206.61205,-3084.0,-85.66666,-5085.0,-141.25,3.0
1758075076.57879,34139.0,187.53398,37336.0,205.0959,-3194.0,-88.72222,-5823.0,-161.75,3.0
1758075076.59453,34304.0,188.44037,37012.0,203.3161,-3327.0,-92.41666,-6836.0,-189.88889,3.0
1758075076.61132,34477.0,189.39072,36634.0,201.23964,-3518.0,-97.72222,-7931.0,-220.30556,3.0
1758075076.61255,34662.0,190.40695,36205.0,198.88303,-3731.0,-103.63889,-8979.0,-249.41667,3.0
1758075076.6276,34857.0,191.47813,35750.0,196.38362,-3843.0,-106.75,-8914.0,-247.61111,3.0
1758075076.62879,35038.0,192.47243,35316.0,193.99954,-3251.0,-90.30556,-8360.0,-232.22223,3.0
1758075076.64458,35175.0,193.22499,34922.0,191.83519,-2215.0,-61.52778,-7318.0,-203.27777,3.0
1758075076.66059,35252.0,193.64798,34586.0,189.98947,-939.0,-26.08333,-6099.0,-169.41667,3.0
1758075076.66186,35259.0,193.68643,34316.0,188.50629,382.0,10.61111,-4691.0,-130.30556,3.0
1758075076.67659,35216.0,193.45023,34120.0,187.42961,1139.0,31.63889,-3191.0,-88.63889,3.0
1758075076.69262,35153.0,193.10414,33995.0,186.74297,1307.0,36.30556,-1980.0,-55.0,3.0
1758075076.69342,35089.0,192.75258,33916.0,186.30899,1171.0,32.52778,-1337.0,-37.13889,3.0
1758075076.70912,35045.0,192.51088,33852.0,185.95743,566.0,15.72222,-1304.0,-36.22222,3.0
1758075076.7095,35040.0,192.48341,33779.0,185.55643,-161.0,-4.47222,-1582.0,-43.94444,3.0
1758075076.7247,35064.0,192.61525,33686.0,185.04556,-653.0,-18.13889,-2048.0,-56.88889,3.0
1758075076.74068,35110.0,192.86794,33572.0,184.41931,-1100.0,-30.55556,-2451.0,-68.08334,3.0
1758075076.74146,35176.0,193.23048,33440.0,183.69421,-1398.0,-38.83333,-2677.0,-74.36111,3.0
1758075076.75667,35252.0,193.64798,33304.0,182.94713,-1525.0,-42.36111,-2695.0,-74.86111,3.0
1758075076.7727,35326.0,194.05447,33175.0,182.23851,-1395.0,-38.75,-2427.0,-67.41666,3.0
1758075076.77344,35390.0,194.40604,33064.0,181.62874,-1088.0,-30.22222,-2021.0,-56.13889,3.0
1758075076.78866,35435.0,194.65323,32977.0,181.15083,-726.0,-20.16667,-1495.0,-41.52778,3.0
1758075076.78946,35459.0,194.78508,32914.0,180.80476,-347.0,-9.63889,-1031.0,-28.63889,3.0
1758075076.80464,35466.0,194.82353,32877.0,180.6015,54.0,1.5,-539.0,-14.97222,3.0
1758075076.82075,35465.0,194.81804,32860.0,180.50812,0.0,0.0,-246.0,-6.83333,3.0
1758075076.82154,35465.0,194.81804,32856.0,180.48615,0.0,0.0,0.0,0.0,3.0
1758075076.83676,35465.0,194.81804,32856.0,180.48615,0.0,0.0,0.0,0.0,3.0
1758075076.85277,35466.0,194.82353,32856.0,180.48615,-8.0,-0.22222,-4.0,-0.11111,3.0
1758075076.8536,35467.0,194.82903,32855.0,180.48065,-28.0,-0.77778,-18.0,-0.5,3.0
1758075076.86877,35470.0,194.8455,32853.0,180.46967,-118.0,-3.27778,-75.0,-2.08333,3.0
1758075076.86957,35486.0,194.9334,32844.0,180.42023,-476.0,-13.22222,-280.0,-7.77778,3.0
1758075076.88676,35518.0,195.10918,32821.0,180.29388,-720.0,-20.0,-564.0,-15.66667,3.0
1758075076.90276,35564.0,195.36186,32783.0,180.08514,-1078.0,-29.94444,-852.0,-23.66667,3.0
1758075076.9039,35633.0,195.74089,32737.0,179.83246,-1524.0,-42.33333,-946.0,-26.27778,3.0
1758075076.91877,35721.0,196.22432,32683.0,179.53581,-1966.0,-54.61111,-1164.0,-32.33333,3.0
1758075076.91956,35836.0,196.85603,32620.0,179.18974,-2475.0,-68.75,-1245.0,-34.58333,3.0
1758075076.93495,35974.0,197.61411,32556.0,178.83818,-2883.0,-80.08334,-1259.0,-34.97222,3.0
1758075076.95153,36132.0,198.48203,32494.0,178.4976,-3316.0,-92.11111,-1116.0,-31.0,3.0
1758075076.95288,36310.0,199.45984,32442.0,178.21194,-3732.0,-103.66666,-1034.0,-28.72222,3.0
1758075076.96783,36511.0,200.56398,32393.0,177.94278,-4233.0,-117.58334,-901.0,-25.02778,3.0
1758075076.96903,36742.0,201.83292,32354.0,177.72855,-4762.0,-132.27777,-671.0,-18.63889,3.0
1758075076.98479,36988.0,203.18423,32333.0,177.61319,-4900.0,-136.11111,-213.0,-5.91667,3.0
1758075077.00082,37242.0,204.57953,32332.0,177.6077,-5166.0,-143.5,0.0,0.0,3.0
1758075077.00166,37514.0,206.07372,32332.0,177.6077,-5618.0,-156.05556,0.0,0.0,3.0
1758075077.01686,37812.0,207.71069,32332.0,177.6077,-5991.0,-166.41667,0.0,0.0,3.0
1758075077.03282,38127.0,209.44107,32332.0,177.6077,-6431.0,-178.63889,0.0,0.0,3.0
1758075077.03368,38466.0,211.30327,32332.0,177.6077,-6907.0,-191.86111,0.0,0.0,3.0
1758075077.04883,38824.0,213.26987,32332.0,177.6077,-7154.0,-198.72223,0.0,0.0,3.0
1758075077.04972,39191.0,215.28587,32332.0,177.6077,-7330.0,-203.61111,0.0,0.0,3.0
1758075077.06485,39567.0,217.35135,32332.0,177.6077,-7460.0,-207.22223,0.0,0.0,3.0
1758075077.0809,39935.0,219.37285,32332.0,177.6077,-7149.0,-198.58333,0.0,0.0,3.0
1758075077.08175,40293.0,221.33943,32332.0,177.6077,-6972.0,-193.66667,1.0,0.02778,3.0
1758075077.09687,40635.0,223.21814,32332.0,177.6077,-6564.0,-182.33333,0.0,0.0,3.0
1758075077.11299,40955.0,224.97597,32332.0,177.6077,-6143.0,-170.63889,0.0,0.0,3.0
1758075077.11378,41255.0,226.62393,32332.0,177.6077,-5756.0,-159.88889,0.0,0.0,3.0
1758075077.1289,41533.0,228.15106,32332.0,177.6077,-5293.0,-147.02777,0.0,0.0,3.0
1758075077.12977,41791.0,229.56831,32332.0,177.6077,-5016.0,-139.33333,0.0,0.0,3.0
1758075077.1449,42041.0,230.94164,32332.0,177.6077,-4901.0,-136.13889,0.0,0.0,3.0
1758075077.16088,42287.0,232.29297,32332.0,177.6077,-4860.0,-135.0,-6.0,-0.16667,3.0
1758075077.16178,42531.0,233.63332,32332.0,177.6077,-4861.0,-135.02777,0.0,0.0,3.0
1758075077.1769,42779.0,234.99565,32332.0,177.6077,-4977.0,-138.25,-9.0,-0.25,3.0
1758075077.19299,43036.0,236.40741,32332.0,177.6077,-5142.0,-142.83333,0.0,0.0,3.0
1758075077.19378,43291.0,237.8082,32332.0,177.6077,-4866.0,-135.16667,0.0,0.0,3.0
1758075077.20898,43517.0,239.04967,32336.0,177.62967,-4151.0,-115.30556,97.0,2.69444,3.0
1758075077.20982,43702.0,240.06592,32346.0,177.6846,-3238.0,-89.94444,341.0,9.47222,3.0
1758075077.22492,43836.0,240.802,32382.0,177.88235,-2098.0,-58.27778,977.0,27.13889,3.0
1758075077.24106,43906.0,241.18655,32450.0,178.25591,-894.0,-24.83333,1584.0,44.0,3.0
1758075077.24185,43924.0,241.28543,32547.0,178.78874,31.0,0.86111,2121.0,58.91667,3.0
1758075077.25701,43914.0,241.2305,32668.0,179.45341,193.0,5.36111,2529.0,70.25,3.0
1758075077.273,43905.0,241.18106,32804.0,180.2005,205.0,5.69444,2795.0,77.63889,3.0
1758075077.27383,43892.0,241.10962,32949.0,180.99702,250.0,6.94444,2914.0,80.94444,3.0
1758075077.28903,43879.0,241.03821,33099.0,181.821,278.0,7.72222,2985.0,82.91666,3.0
1758075077.28986,43867.0,240.97229,33246.0,182.62852,182.0,5.05556,2861.0,79.47222,3.0
1758075077.30503,43855.0,240.90637,33394.0,183.44151,339.0,9.41667,2956.0,82.11111,3.0
1758075077.32103,43823.0,240.73059,33556.0,184.33142,874.0,24.27778,3417.0,94.91666,3.0
1758075077.32183,43760.0,240.38452,33747.0,185.38065,1521.0,42.25,4118.0,114.38889,3.0
1758075077.33704,43663.0,239.85168,33979.0,186.65508,2210.0,61.38889,5004.0,139.0,3.0
1758075077.35315,43529.0,239.11559,34260.0,188.19867,2970.0,82.5,5886.0,163.5,3.0
1758075077.35386,43359.0,238.18173,34572.0,189.91257,3618.0,100.5,6187.0,171.86111,3.0
1758075077.36911,43168.0,237.13254,34870.0,191.54955,3850.0,106.94444,5537.0,153.80556,3.0
1758075077.3699,42979.0,236.0943,35126.0,192.95583,3574.0,99.27778,4716.0,131.0,3.0
1758075077.38506,42812.0,235.17693,35337.0,194.1149,2958.0,82.16666,3758.0,104.38889,3.0
1758075077.40115,42683.0,234.46831,35497.0,194.99382,2173.0,60.36111,2658.0,73.83334,3.0
1758075077.4019,42595.0,233.98488,35602.0,195.5706,1440.0,40.0,1609.0,44.69444,3.0
1758075077.41717,42536.0,233.66078,35658.0,195.87822,1003.0,27.86111,731.0,20.30556,3.0
1758075077.43313,42488.0,233.39711,35676.0,195.9771,931.0,25.86111,81.0,2.25,3.0
1758075077.43393,42439.0,233.12794,35676.0,195.9771,1051.0,29.19444,0.0,0.0,3.0
1758075077.44913,42373.0,232.7654,35677.0,195.98259,1510.0,41.94444,15.0,0.41667,3.0
1758075077.44991,42282.0,232.2655,35682.0,196.01006,2032.0,56.44444,191.0,5.30556,3.0
1758075077.46591,42163.0,231.61182,35697.0,196.09245,2523.0,70.08334,363.0,10.08333,3.0
1758075077.48215,42025.0,230.85374,35721.0,196.22432,2811.0,78.08334,560.0,15.55556,3.0
1758075077.48294,41885.0,230.0847,35754.0,196.40559,2685.0,74.58334,604.0,16.77778,3.0
1758075077.4981,41759.0,229.39253,35776.0,196.52644,2268.0,63.0,313.0,8.69444,3.0
1758075077.4994,41657.0,228.83223,35782.0,196.5594,1737.0,48.25,-6.0,-0.16667,3.0
1758075077.51518,41582.0,228.42023,35782.0,196.5594,1338.0,37.16667,0.0,0.0,3.0
1758075077.53122,41532.0,228.14557,35782.0,196.5594,782.0,21.72222,0.0,0.0,3.0
1758075077.5325,41502.0,227.98077,35782.0,196.5594,451.0,12.52778,0.0,0.0,3.0
1758075077.5472,41492.0,227.92584,35782.0,196.5594,9.0,0.25,0.0,0.0,3.0
1758075077.5632,41494.0,227.93683,35782.0,196.5594,0.0,0.0,0.0,0.0,3.0
1758075077.56396,41494.0,227.93683,35782.0,196.5594,0.0,0.0,0.0,0.0,3.0
1758075077.57917,41494.0,227.93683,35783.0,196.5649,0.0,0.0,17.0,0.47222,3.0
1758075077.58039,41493.0,227.93134,35785.0,196.57588,2.0,0.05556,40.0,1.11111,3.0
1758075077.59518,41493.0,227.93134,35788.0,196.59236,14.0,0.38889,101.0,2.80556,3.0
1758075077.61121,41490.0,227.91486,35796.0,196.63631,73.0,2.02778,107.0,2.97222,3.0
1758075077.61254,41480.0,227.85992,35801.0,196.66377,319.0,8.86111,152.0,4.22222,3.0
1758075077.62745,41457.0,227.73358,35815.0,196.74068,604.0,16.77778,350.0,9.72222,3.0
1758075077.6433,41423.0,227.54681,35830.0,196.82307,722.0,20.05556,290.0,8.05556,3.0
1758075077.6444,41379.0,227.30511,35848.0,196.92195,998.0,27.72222,341.0,9.47222,3.0
1758075077.65934,41315.0,226.95352,35871.0,197.04829,1443.0,40.08333,522.0,14.5,3.0
1758075077.66007,41233.0,226.50308,35903.0,197.22408,1808.0,50.22222,672.0,18.66667,3.0
1758075077.67529,41127.0,225.92081,35938.0,197.41634,2267.0,62.97222,685.0,19.02778,3.0
1758075077.69133,40999.0,225.21767,35970.0,197.59213,2682.0,74.5,636.0,17.66667,3.0
1758075077.69245,40849.0,224.39369,35997.0,197.74045,3088.0,85.77778,496.0,13.77778,3.0
1758075077.70739,40685.0,223.4928,36021.0,197.87228,3407.0,94.63889,395.0,10.97222,3.0
1758075077.72337,40504.0,222.4985,36041.0,197.98215,3703.0,102.86111,327.0,9.08333,3.0
1758075077.72408,40308.0,221.42183,36055.0,198.05905,3975.0,110.41666,199.0,5.52778,3.0
1758075077.73929,40097.0,220.26277,36058.0,198.07553,4251.0,118.08334,0.0,0.0,3.0
1758075077.74064,39877.0,219.05424,36058.0,198.07553,4432.0,123.11111,0.0,0.0,3.0
1758075077.75528,39648.0,217.7963,36058.0,198.07553,4586.0,127.38889,0.0,0.0,3.0
1758075077.77141,39411.0,216.4944,36058.0,198.07553,4760.0,132.22223,0.0,0.0,3.0
1758075077.77219,39165.0,215.14305,36058.0,198.07553,4844.0,134.55556,0.0,0.0,3.0
1758075077.78731,38918.0,213.78622,36058.0,198.07553,4880.0,135.55556,0.0,0.0,3.0
1758075077.80345,38667.0,212.40741,36058.0,198.07553,4972.0,138.11111,0.0,0.0,3.0
1758075077.80415,38411.0,211.00114,36058.0,198.07553,5109.0,141.91667,18.0,0.5,3.0
1758075077.81938,38152.0,209.5784,36061.0,198.09201,5162.0,143.38889,96.0,2.66667,3.0
1758075077.82016,37890.0,208.13916,36070.0,198.14145,5228.0,145.22223,309.0,8.58333,3.0
1758075077.83538,37619.0,206.6505,36093.0,198.26779,5421.0,150.58333,571.0,15.86111,3.0
1758075077.85142,37345.0,205.14534,36132.0,198.48203,5437.0,151.02777,900.0,25.0,3.0
1758075077.85221,37070.0,203.6347,36187.0,198.78415,5357.0,148.80556,1215.0,33.75,3.0
1758075077.86741,36801.0,202.15701,36254.0,199.15222,5258.0,146.05556,1412.0,39.22222,3.0
1758075077.88343,36542.0,200.73427,36332.0,199.58069,4948.0,137.44444,1599.0,44.41667,3.0
1758075077.88423,36306.0,199.43787,36414.0,200.03113,4487.0,124.63889,1638.0,45.5,3.0
1758075077.89942,36092.0,198.2623,36496.0,200.48158,4050.0,112.5,1634.0,45.38889,3.0
1758075077.90099,35898.0,197.19661,36582.0,200.95399,3593.0,99.80556,1712.0,47.55556,3.0
1758075077.91641,35727.0,196.25728,36669.0,201.4319,3180.0,88.33334,1770.0,49.16667,3.0
1758075077.93242,35579.0,195.44426,36763.0,201.94827,2810.0,78.05556,1930.0,53.61111,3.0
1758075077.93373,35447.0,194.71915,36871.0,202.54153,2496.0,69.33334,2232.0,62.0,3.0
1758075077.94842,35327.0,194.05997,36996.0,203.22821,2285.0,63.47222,2690.0,74.72222,3.0
1758075077.94986,35214.0,193.43924,37148.0,204.06317,2161.0,60.02778,3261.0,90.58334,3.0
1758075077.96543,35113.0,192.88441,37331.0,205.06844,1950.0,54.16667,3844.0,106.77778,3.0
1758075077.98147,35020.0,192.37355,37542.0,206.22752,1717.0,47.69444,4372.0,121.44444,3.0
1758075077.98226,34939.0,191.92857,37776.0,207.51294,1497.0,41.58333,4770.0,132.5,3.0
1758075077.99753,34871.0,191.55504,38026.0,208.88626,1198.0,33.27778,5029.0,139.69444,3.0
1758075078.01362,34817.0,191.25841,38285.0,210.30901,944.0,26.22222,5194.0,144.27777,3.0
1758075078.01431,34781.0,191.06065,38550.0,211.76471,578.0,16.05556,5302.0,147.27777,3.0
1758075078.03115,34759.0,190.9398,38821.0,213.25339,371.0,10.30556,5448.0,151.33333,3.0
1758075078.03238,34746.0,190.86839,39099.0,214.7805,187.0,5.19444,5518.0,153.27777,3.0
1758075078.04753,34741.0,190.84093,39380.0,216.32411,42.0,1.16667,5547.0,154.08333,3.0
1758075078.06394,34740.0,190.83543,39664.0,217.88419,0.0,0.0,5640.0,156.66667,3.0
1758075078.06433,34740.0,190.83543,39936.0,219.37834,0.0,0.0,5176.0,143.77777,3.0
1758075078.08066,34740.0,190.83543,40182.0,220.72969,0.0,0.0,4659.0,129.41667,3.0
1758075078.08104,34740.0,190.83543,40405.0,221.95468,0.0,0.0,4235.0,117.63889,3.0
1758075078.09651,34740.0,190.83543,40610.0,223.08081,2.0,0.05556,3889.0,108.02778,3.0
1758075078.11255,34739.0,190.82994,40797.0,224.10803,48.0,1.33333,3609.0,100.25,3.0
1758075078.11336,34733.0,190.79698,40976.0,225.09132,215.0,5.97222,3482.0,96.72222,3.0
1758075078.1286,34709.0,190.66515,41155.0,226.07462,687.0,19.08333,3582.0,99.5,3.0
1758075078.12986,34662.0,190.40695,41340.0,227.09085,1061.0,29.47222,3682.0,102.27778,3.0
1758075078.14562,34597.0,190.0499,41531.0,228.14008,1484.0,41.22222,3836.0,106.55556,3.0
1758075078.16172,34515.0,189.59946,41726.0,229.21126,1722.0,47.83333,3888.0,108.0,3.0
1758075078.16242,34420.0,189.07758,41924.0,230.29893,1944.0,54.0,3951.0,109.75,3.0
1758075078.17933,34321.0,188.53375,42120.0,231.37561,2013.0,55.91667,3812.0,105.88889,3.0
1758075078.18103,34221.0,187.98444,42308.0,232.40833,1948.0,54.11111,3600.0,100.0,3.0
1758075078.2001,34124.0,187.45158,42484.0,233.37514,1852.0,51.44444,3391.0,94.19444,3.0
1758075078.20195,34028.0,186.92424,42650.0,234.28703,1910.0,53.05556,3296.0,91.55556,3.0
1758075078.21892,33931.0,186.3914,42818.0,235.20988,1947.0,54.08333,3326.0,92.38889,3.0
1758075078.22131,33832.0,185.84756,42987.0,236.13824,1986.0,55.16667,3321.0,92.25,3.0
1758075078.23777,33729.0,185.28177,43157.0,237.07211,2002.0,55.61111,3369.0,93.58334,3.0
1758075078.25368,33624.0,184.70496,43331.0,238.02792,2049.0,56.91667,3489.0,96.91666,3.0
1758075078.25435,33524.0,184.15564,43507.0,238.99474,1946.0,54.05556,3530.0,98.05556,3.0
1758075078.27147,33435.0,183.66675,43690.0,240.0,1631.0,45.30556,3521.0,97.80556,3.0
1758075078.2721,33370.0,183.30968,43856.0,240.91187,930.0,25.83333,3034.0,84.27778,3.0
1758075078.28769,33355.0,183.22728,43984.0,241.61502,-83.0,-2.30556,2192.0,60.88889,3.0
1758075078.30368,33364.0,183.27672,44066.0,242.06546,-260.0,-7.22222,1182.0,32.83333,3.0
1758075078.30435,33389.0,183.41405,44100.0,242.25223,-636.0,-17.66667,277.0,7.69444,3.0
1758075078.32049,33428.0,183.6283,44096.0,242.23026,-805.0,-22.36111,-113.0,-3.13889,3.0
1758075078.32181,33474.0,183.88098,44091.0,242.20279,-955.0,-26.52778,-82.0,-2.27778,3.0
1758075078.33859,33530.0,184.1886,44086.0,242.17532,-1263.0,-35.08333,-78.0,-2.16667,3.0
1758075078.3402,33601.0,184.57861,44080.0,242.14236,-1466.0,-40.72222,-119.0,-3.30556,3.0
1758075078.35575,33685.0,185.04007,44075.0,242.1149,-1800.0,-50.0,-90.0,-2.5,3.0
1758075078.37176,33785.0,185.58939,44068.0,242.07645,-2137.0,-59.36111,-131.0,-3.63889,3.0
1758075078.37296,33903.0,186.23758,44057.0,242.01602,-2453.0,-68.13889,-309.0,-8.58333,3.0
1758075078.38788,34040.0,186.99016,44035.0,241.89517,-2867.0,-79.63889,-491.0,-13.63889,3.0
1758075078.40346,34193.0,187.83063,44004.0,241.72488,-3094.0,-85.94444,-718.0,-19.94444,3.0
1758075078.40465,34356.0,188.72601,43964.0,241.50516,-3299.0,-91.63889,-879.0,-24.41667,3.0
1758075078.41979,34537.0,189.72031,43907.0,241.19205,-3818.0,-106.05556,-1305.0,-36.25,3.0
1758075078.42058,34752.0,190.90135,43819.0,240.70862,-4628.0,-128.55556,-2105.0,-58.47222,3.0
1758075078.43577,35012.0,192.32961,43686.0,239.97803,-5517.0,-153.25,-3064.0,-85.11111,3.0
1758075078.45178,35304.0,193.93362,43496.0,238.93431,-5913.0,-164.25,-4256.0,-118.22222,3.0
1758075078.45312,35617.0,195.653,43260.0,237.63791,-6360.0,-176.66667,-5035.0,-139.86111,3.0
1758075078.46778,35944.0,197.4493,42999.0,236.20416,-6468.0,-179.66667,-5153.0,-143.13889,3.0
1758075078.4836,36260.0,199.18518,42745.0,234.80888,-6002.0,-166.72223,-4753.0,-132.02777,3.0
1758075078.48444,36546.0,200.75624,42524.0,233.59486,-5330.0,-148.05556,-4025.0,-111.80556,3.0
1758075078.49985,36782.0,202.05264,42347.0,232.62256,-4117.0,-114.36111,-3028.0,-84.11111,3.0
1758075078.50063,36950.0,202.97549,42224.0,231.9469,-2668.0,-74.11111,-1961.0,-54.47222,3.0
1758075078.51588,37045.0,203.49738,42150.0,231.54041,-1327.0,-36.86111,-1090.0,-30.27778,3.0
1758075078.53186,37078.0,203.67865,42123.0,231.39209,-159.0,-4.41667,-57.0,-1.58333,3.0
1758075078.53296,37067.0,203.61823,42135.0,231.45801,429.0,11.91667,345.0,9.58333,3.0
1758075078.54787,37037.0,203.45343,42151.0,231.5459,708.0,19.66667,302.0,8.38889,3.0
1758075078.56363,36999.0,203.24469,42157.0,231.57886,781.0,21.69444,-57.0,-1.58333,3.0
1758075078.56401,36960.0,203.03043,42155.0,231.56787,781.0,21.69444,0.0,0.0,3.0
1758075078.581,36922.0,202.82169,42155.0,231.56787,675.0,18.75,-9.0,-0.25,3.0
1758075078.5814,36893.0,202.66238,42154.0,231.56238,492.0,13.66667,-9.0,-0.25,3.0
1758075078.59683,36877.0,202.57449,42154.0,231.56238,217.0,6.02778,-28.0,-0.77778,3.0
1758075078.59958,36874.0,202.55801,42150.0,231.54041,-34.0,-0.94444,-60.0,-1.66667,3.0
1758075078.61491,36875.0,202.56351,42145.0,231.51294,0.0,0.0,-209.0,-5.80556,3.0
1758075078.63094,36875.0,202.56351,42124.0,231.39758,0.0,0.0,-496.0,-13.77778,3.0
1758075078.63177,36875.0,202.56351,42090.0,231.2108,0.0,0.0,-855.0,-23.75,3.0
1758075078.64693,36875.0,202.56351,42031.0,230.8867,0.0,0.0,-1384.0,-38.44444,3.0
1758075078.66343,36875.0,202.56351,41946.0,230.41978,0.0,0.0,-1900.0,-52.77778,3.0
1758075078.66395,36875.0,202.56351,41835.0,229.81001,0.0,0.0,-2443.0,-67.86111,3.0
1758075078.67999,36874.0,202.55801,41691.0,229.019,0.0,0.0,-3075.0,-85.41666,3.0
1758075078.68125,36874.0,202.55801,41520.0,228.07965,9.0,0.25,-3654.0,-101.5,3.0
1758075078.69595,36874.0,202.55801,41324.0,227.00296,0.0,0.0,-4012.0,-111.44444,3.0
1758075078.71196,36874.0,202.55801,41107.0,225.81094,6.0,0.16667,-4437.0,-123.25,3.0
1758075078.71275,36874.0,202.55801,40873.0,224.52553,6.0,0.16667,-4761.0,-132.25,3.0
1758075078.72797,36874.0,202.55801,40626.0,223.1687,0.0,0.0,-4920.0,-136.66667,3.0
1758075078.72938,36874.0,202.55801,40377.0,221.80087,0.0,0.0,-4917.0,-136.58333,3.0
1758075078.74397,36874.0,202.55801,40123.0,220.40559,-5.0,-0.13889,-5097.0,-141.58333,3.0
1758075078.76004,36875.0,202.56351,39857.0,218.94438,-21.0,-0.58333,-5476.0,-152.11111,3.0
1758075078.76134,36877.0,202.57449,39569.0,217.36234,-60.0,-1.66667,-5795.0,-160.97223,3.0
1758075078.77603,36883.0,202.60745,39268.0,215.70885,-183.0,-5.08333,-6138.0,-170.5,3.0
1758075078.7921,36903.0,202.71732,38943.0,213.92355,-570.0,-15.83333,-6622.0,-183.94444,3.0
1758075078.79315,36945.0,202.94803,38600.0,212.03937,-1030.0,-28.61111,-6809.0,-189.13889,3.0
1758075078.80805,37010.0,203.30511,38251.0,210.12222,-1515.0,-42.08333,-7022.0,-195.05556,3.0
1758075078.80914,37105.0,203.82697,37887.0,208.12268,-2116.0,-58.77778,-7271.0,-201.97223,3.0
1758075078.82411,37230.0,204.51361,37518.0,206.09569,-2698.0,-74.94444,-7258.0,-201.61111,3.0
1758075078.8401,37381.0,205.34309,37149.0,204.06866,-3176.0,-88.22222,-7339.0,-203.86111,3.0
1758075078.84123,37556.0,206.30443,36791.0,202.10208,-3639.0,-101.08334,-6794.0,-188.72223,3.0
1758075078.85613,37753.0,207.38658,36466.0,200.31677,-4012.0,-111.44444,-6181.0,-171.69444,3.0
1758075078.87209,37963.0,208.54016,36171.0,198.69626,-4274.0,-118.72222,-5545.0,-154.02777,3.0
1758075078.87291,38187.0,209.77066,35912.0,197.27351,-4562.0,-126.72222,-4784.0,-132.88889,3.0
1758075078.88816,38428.0,211.09453,35692.0,196.06499,-4945.0,-137.36111,-4022.0,-111.72222,3.0
1758075078.88891,38688.0,212.52277,35504.0,195.03227,-5248.0,-145.77777,-3436.0,-95.44444,3.0
1758075078.9042,38963.0,214.03342,35350.0,194.18631,-5563.0,-154.52777,-2813.0,-78.13889,3.0
1758075078.92013,39259.0,215.65941,35225.0,193.49966,-6066.0,-168.5,-2172.0,-60.33333,3.0
1758075078.92138,39583.0,217.43924,35131.0,192.98329,-6498.0,-180.5,-1673.0,-46.47222,3.0
1758075078.93616,39919.0,219.28496,35064.0,192.61525,-6784.0,-188.44444,-1116.0,-31.0,3.0
1758075078.95217,40278.0,221.25703,35016.0,192.35158,-7319.0,-203.30556,-804.0,-22.33333,3.0
1758075078.95331,40660.0,223.35547,34985.0,192.18129,-7711.0,-214.19444,-498.0,-13.83333,3.0
1758075078.96814,41051.0,225.50331,34979.0,192.14833,-7684.0,-213.44444,32.0,0.88889,3.0
1758075078.96895,41441.0,227.64569,34979.0,192.14833,-7643.0,-212.30556,0.0,0.0,3.0
1758075078.98412,41826.0,229.76057,34979.0,192.14833,-7645.0,-212.36111,0.0,0.0,3.0
1758075079.00021,42217.0,231.90845,34979.0,192.14833,-7810.0,-216.94444,0.0,0.0,3.0
1758075079.00099,42611.0,234.07277,34979.0,192.14833,-7775.0,-215.97223,0.0,0.0,3.0
1758075079.01624,43013.0,236.28107,34979.0,192.14833,-8032.0,-223.11111,-4.0,-0.11111,3.0
1758075079.03225,43418.0,238.50584,34979.0,192.14833,-7980.0,-221.66667,-4.0,-0.11111,3.0
1758075079.03461,43818.0,240.70312,34978.0,192.14284,-7879.0,-218.86111,-8.0,-0.22222,3.0
1758075079.05138,44214.0,242.87846,34978.0,192.14284,-7732.0,-214.77777,-3.0,-0.08333,3.0
1758075079.05177,44602.0,245.00984,34978.0,192.14284,-7608.0,-211.33333,-12.0,-0.33333,3.0
1758075079.06722,44984.0,247.10828,34977.0,192.13734,-7495.0,-208.19444,-23.0,-0.63889,3.0
1758075079.06844,45349.0,249.1133,34975.0,192.12636,-7020.0,-195.0,-64.0,-1.77778,3.0
1758075079.08434,45700.0,251.04144,34966.0,192.07692,-6901.0,-191.69444,-237.0,-6.58333,3.0
1758075079.10134,46040.0,252.90913,34946.0,191.96706,-6547.0,-181.86111,-533.0,-14.80556,3.0
1758075079.10203,46361.0,254.67247,34908.0,191.75829,-6150.0,-170.83333,-906.0,-25.16667,3.0
1758075079.11734,46660.0,256.31494,34856.0,191.47264,-5701.0,-158.36111,-1075.0,-29.86111,3.0
1758075079.1189,46929.0,257.79263,34801.0,191.17052,-4975.0,-138.19444,-1073.0,-29.80556,3.0
1758075079.1343,47156.0,259.03958,34744.0,190.85741,-4089.0,-113.58334,-1205.0,-33.47222,3.0
1758075079.15145,47340.0,260.05035,34685.0,190.53329,-3277.0,-91.02778,-1155.0,-32.08333,3.0
1758075079.15185,47482.0,260.83038,34622.0,190.18723,-2456.0,-68.22222,-1309.0,-36.36111,3.0
1758075079.16729,47581.0,261.37424,34553.0,189.8082,-1673.0,-46.47222,-1376.0,-38.22222,3.0
1758075079.16862,47629.0,261.63791,34486.0,189.44016,-311.0,-8.63889,-1268.0,-35.22222,3.0
1758075079.18431,47614.0,261.55551,34436.0,189.1655,558.0,15.5,-767.0,-21.30556,3.0
1758075079.20157,47559.0,261.25339,34415.0,189.05011,1446.0,40.16667,-195.0,-5.41667,3.0
1758075079.20202,47461.0,260.71503,34415.0,189.05011,2344.0,65.11111,0.0,0.0,3.0
1758075079.21734,47316.0,259.91852,34416.0,189.0556,3233.0,89.80556,6.0,0.16667,3.0
1758075079.21861,47127.0,258.88028,34417.0,189.0611,4043.0,112.30556,0.0,0.0,3.0
1758075079.2355,46898.0,257.62234,34418.0,189.06659,4851.0,134.75,0.0,0.0,3.0
1758075079.25139,46627.0,256.13367,34418.0,189.06659,5656.0,157.11111,0.0,0.0,3.0
1758075079.25256,46325.0,254.47472,34419.0,189.07208,6153.0,170.91667,0.0,0.0,3.0
1758075079.26736,46000.0,252.68941,34419.0,189.07208,6466.0,179.61111,0.0,0.0,3.0
1758075079.26876,45660.0,250.82169,34419.0,189.07208,6892.0,191.44444,-13.0,-0.36111,3.0
1758075079.28547,45309.0,248.89357,34418.0,189.06659,6910.0,191.94444,-1.0,-0.02778,3.0
1758075079.30143,44950.0,246.92151,34419.0,189.07208,7310.0,203.05556,15.0,0.41667,3.0
1758075079.30276,44571.0,244.83955,34424.0,189.09955,7613.0,211.47223,244.0,6.77778,3.0
1758075079.31739,44169.0,242.63127,34451.0,189.24789,8215.0,228.19444,849.0,23.58333,3.0
1758075079.31872,43725.0,240.19226,34517.0,189.61044,9145.0,254.02777,1620.0,45.0,3.0
1758075079.33441,43235.0,237.50058,34624.0,190.19821,10123.0,281.19446,2427.0,67.41666,3.0
1758075079.35129,42738.0,234.77043,34759.0,190.9398,9411.0,261.41666,2658.0,73.83334,3.0
1758075079.352,42291.0,232.31494,34872.0,191.56053,8358.0,232.16667,1822.0,50.61111,3.0
1758075079.36739,41904.0,230.18907,34926.0,191.85716,6926.0,192.38889,431.0,11.97222,3.0
1758075079.36874,41602.0,228.53011,34917.0,191.80772,5268.0,146.33333,-378.0,-10.5,3.0
1758075079.38524,41371.0,227.26117,34891.0,191.6649,4052.0,112.55556,-517.0,-14.36111,3.0
1758075079.40145,41192.0,226.27786,34868.0,191.53856,3137.0,87.13889,-340.0,-9.44444,3.0
1758075079.40225,41052.0,225.5088,34863.0,191.51109,2554.0,70.94444,79.0,2.19444,3.0
1758075079.41747,40933.0,224.85512,34866.0,191.52757,2261.0,62.80556,9.0,0.25,3.0
1758075079.41874,40817.0,224.2179,34871.0,191.55504,2359.0,65.52778,177.0,4.91667,3.0
1758075079.43639,40689.0,223.51477,34890.0,191.65941,2697.0,74.91666,525.0,14.58333,3.0
1758075079.45149,40537.0,222.67978,34929.0,191.87364,3264.0,90.66666,937.0,26.02778,3.0
1758075079.45233,40350.0,221.65256,34991.0,192.21425,4000.0,111.11111,1519.0,42.19444,3.0
1758075079.46754,40127.0,220.42757,35085.0,192.73061,4687.0,130.19444,2021.0,56.13889,3.0
1758075079.46871,39878.0,219.05974,35200.0,193.36234,5119.0,142.19444,2403.0,66.75,3.0
1758075079.48543,39610.0,217.58755,35328.0,194.06546,5405.0,150.13889,2613.0,72.58334,3.0
1758075079.5016,39329.0,216.04396,35464.0,194.81255,5596.0,155.44444,2691.0,74.75,3.0
1758075079.50238,39046.0,214.48936,35600.0,195.55962,5548.0,154.11111,2661.0,73.91666,3.0
1758075079.51757,38770.0,212.97321,35732.0,196.28474,5403.0,150.08333,2590.0,71.94444,3.0
1758075079.51884,38497.0,211.47356,35865.0,197.01534,5334.0,148.16667,2564.0,71.22222,3.0
1758075079.53457,38230.0,210.00687,35996.0,197.73495,5193.0,144.25,2625.0,72.91666,3.0
1758075079.55139,37970.0,208.57861,36135.0,198.4985,5080.0,141.11111,2826.0,78.5,3.0
1758075079.55219,37712.0,207.16136,36288.0,199.33899,5108.0,141.88889,3170.0,88.05556,3.0
1758075079.56764,37453.0,205.7386,36456.0,200.26184,5097.0,141.58333,3465.0,96.25,3.0
1758075079.569,37200.0,204.34882,36638.0,201.26161,4927.0,136.86111,3684.0,102.33334,3.0
1758075079.58461,36957.0,203.01395,36833.0,202.33279,4717.0,131.02777,3934.0,109.27778,3.0
1758075079.60144,36723.0,201.72853,37040.0,203.46991,4539.0,126.08334,4230.0,117.5,3.0
1758075079.60221,36498.0,200.49257,37264.0,204.70039,4264.0,118.44444,4538.0,126.05556,3.0
1758075079.61767,36294.0,199.37195,37503.0,206.01326,3908.0,108.55556,4800.0,133.33333,3.0
1758075079.62016,36105.0,198.33371,37754.0,207.39207,3623.0,100.63889,4997.0,138.80556,3.0
1758075079.6364,35932.0,197.38338,38013.0,208.81482,3250.0,90.27778,5179.0,143.86111,3.0
1758075079.65706,35775.0,196.52095,38278.0,210.27055,2901.0,80.58334,5317.0,147.69444,3.0
1758075079.65742,35637.0,195.76286,38552.0,211.7757,2620.0,72.77778,5491.0,152.52777,3.0
1758075079.6593,35514.0,195.0872,38837.0,213.34128,2310.0,64.16666,5807.0,161.30556,3.0
1758075079.67473,35405.0,194.48843,39138.0,214.99474,2002.0,55.61111,6069.0,168.58333,3.0
1758075079.69153,35312.0,193.97757,39455.0,216.7361,1705.0,47.36111,6407.0,177.97223,3.0
1758075079.69227,35233.0,193.54361,39788.0,218.56534,1436.0,39.88889,6684.0,185.66667,3.0
1758075079.70766,35170.0,193.19753,40135.0,220.47151,1103.0,30.63889,6960.0,193.33333,3.0
1758075079.71084,35121.0,192.92836,40490.0,222.4216,846.0,23.5,7037.0,195.47223,3.0
1758075079.72751,35085.0,192.73061,40852.0,224.41017,652.0,18.11111,7275.0,202.08333,3.0
1758075079.72873,35057.0,192.5768,41224.0,226.45364,471.0,13.08333,7382.0,205.05556,3.0
1758075079.74661,35047.0,192.52187,41599.0,228.51361,0.0,0.0,7364.0,204.55556,3.0
1758075079.76257,35047.0,192.52187,41968.0,230.54063,0.0,0.0,7277.0,202.13889,3.0
1758075079.7633,35047.0,192.52187,42333.0,232.54565,0.0,0.0,7144.0,198.44444,3.0
1758075079.77893,35047.0,192.52187,42695.0,234.53423,3.0,0.08333,7182.0,199.5,3.0
1758075079.78127,35046.0,192.51637,43057.0,236.52277,36.0,1.0,7145.0,198.47223,3.0
1758075079.80104,35043.0,192.49989,43425.0,238.5443,97.0,2.69444,7349.0,204.13889,3.0
1758075079.80514,35036.0,192.46144,43800.0,240.60425,173.0,4.80556,7425.0,206.25,3.0
1758075079.82072,35022.0,192.38454,44171.0,242.64226,368.0,10.22222,7305.0,202.91667,3.0
1758075079.82157,34999.0,192.25819,44540.0,244.66927,549.0,15.25,7189.0,199.69444,3.0
1758075079.8368,34969.0,192.0934,44891.0,246.59738,598.0,16.61111,6747.0,187.41667,3.0
1758075079.85281,34940.0,191.93407,45218.0,248.39369,562.0,15.61111,6290.0,174.72223,3.0
1758075079.85364,34912.0,191.78026,45520.0,250.05264,558.0,15.5,5634.0,156.5,3.0
1758075079.86879,34883.0,191.62096,45788.0,251.52484,579.0,16.08333,5004.0,139.0,3.0
1758075079.87244,34850.0,191.43968,46025.0,252.82674,705.0,19.58333,4415.0,122.63889,3.0
1758075079.88779,34812.0,191.23094,46228.0,253.94188,734.0,20.38889,3733.0,103.69444,3.0
1758075079.8894,34773.0,191.01671,46398.0,254.87572,831.0,23.08333,3056.0,84.88889,3.0
1758075079.9048,34724.0,190.74754,46533.0,255.61731,1039.0,28.86111,2420.0,67.22222,3.0
1758075079.9208,34666.0,190.42892,46639.0,256.19958,1217.0,33.80556,1759.0,48.86111,3.0
1758075079.92282,34602.0,190.07736,46711.0,256.59509,1375.0,38.19444,1132.0,31.44444,3.0
1758075079.93897,34529.0,189.67636,46748.0,256.79837,1451.0,40.30556,397.0,11.02778,3.0
1758075079.94034,34449.0,189.23691,46751.0,256.81485,1657.0,46.02778,0.0,0.0,3.0
1758075079.95667,34375.0,188.83038,46748.0,256.79837,1316.0,36.55556,-86.0,-2.38889,3.0
1758075079.97284,34324.0,188.55023,46736.0,256.73245,776.0,21.55556,-328.0,-9.11111,3.0
1758075079.97376,34309.0,188.46783,46710.0,256.5896,-53.0,-1.47222,-715.0,-19.86111,3.0
1758075079.99158,34312.0,188.48431,46659.0,256.30945,-77.0,-2.13889,-1290.0,-35.83333,3.0
1758075079.99198,34324.0,188.55023,46571.0,255.82605,-311.0,-8.63889,-2106.0,-58.5,3.0
1758075080.00869,34346.0,188.67108,46439.0,255.10094,-525.0,-14.58333,-2996.0,-83.22222,3.0
1758075080.0107,34381.0,188.86334,46262.0,254.12865,-799.0,-22.19444,-3926.0,-109.05556,3.0
1758075080.02707,34429.0,189.12701,46037.0,252.89265,-1066.0,-29.61111,-4867.0,-135.19444,3.0
1758075080.04798,34490.0,189.46213,45768.0,251.41498,-1220.0,-33.88889,-5635.0,-156.52777,3.0
1758075080.04975,34554.0,189.81369,45465.0,249.75052,-1290.0,-35.83333,-6203.0,-172.30556,3.0
1758075080.05625,34620.0,190.17624,45131.0,247.91577,-1259.0,-34.97222,-6888.0,-191.33333,3.0
1758075080.07188,34679.0,190.50034,44774.0,245.95468,-1126.0,-31.27778,-7165.0,-199.02777,3.0
1758075080.07269,34735.0,190.80797,44394.0,243.86723,-1145.0,-31.80556,-7765.0,-215.69444,3.0
1758075080.08873,34803.0,191.1815,43994.0,241.66995,-1469.0,-40.80556,-8023.0,-222.86111,3.0
1758075080.09105,34882.0,191.61546,43572.0,239.35179,-1521.0,-42.25,-8667.0,-240.75,3.0
1758075080.10691,34957.0,192.02748,43118.0,236.85785,-1416.0,-39.33333,-9077.0,-252.13889,3.0
1758075080.12702,35022.0,192.38454,42645.0,234.25957,-1140.0,-31.66667,-9455.0,-262.63889,3.0
1758075080.1277,35073.0,192.66469,42176.0,231.68323,-841.0,-23.36111,-8934.0,-248.16667,3.0
1758075080.16579,35102.0,192.82399,41749.0,229.3376,-328.0,-9.11111,-8111.0,-225.30556,3.0
1758075080.16617,35102.0,192.82399,41361.0,227.20624,116.0,3.22222,-7240.0,-201.11111,3.0
1758075080.16732,35094.0,192.78004,41020.0,225.33302,157.0,4.36111,-6394.0,-177.61111,3.0
1758075080.16932,35091.0,192.76357,40716.0,223.66309,0.0,0.0,-5666.0,-157.38889,3.0
1758075080.17161,35091.0,192.76357,40452.0,222.21286,0.0,0.0,-4819.0,-133.86111,3.0
1758075080.18699,35093.0,192.77455,40229.0,220.98787,-65.0,-1.80556,-4132.0,-114.77778,3.0
1758075080.20541,35101.0,192.8185,40025.0,219.86723,-213.0,-5.91667,-3946.0,-109.61111,3.0
1758075080.20618,35121.0,192.92836,39821.0,218.74663,-611.0,-16.97222,-4066.0,-112.94444,3.0
1758075080.22204,35168.0,193.18654,39609.0,217.58206,-1204.0,-33.44444,-4293.0,-119.25,3.0
1758075080.22289,35251.0,193.64249,39386.0,216.35707,-1971.0,-54.75,-4533.0,-125.91666,3.0
1758075080.23884,35372.0,194.30716,39148.0,215.04967,-2710.0,-75.27778,-4830.0,-134.16667,3.0
1758075080.24005,35527.0,195.15862,38898.0,213.67636,-3346.0,-92.94444,-4965.0,-137.91667,3.0
1758075080.25717,35712.0,196.17488,38650.0,212.31403,-3911.0,-108.63889,-4808.0,-133.55556,3.0
1758075080.27304,35924.0,197.33943,38415.0,211.02312,-4330.0,-120.27778,-4483.0,-124.52778,3.0
1758075080.27384,36151.0,198.5864,38195.0,209.81461,-4600.0,-127.77778,-4150.0,-115.27778,3.0
1758075080.29162,36393.0,199.91577,37993.0,208.70496,-4861.0,-135.02777,-3818.0,-106.05556,3.0
1758075080.29295,36648.0,201.31654,37809.0,207.69421,-5138.0,-142.72223,-3423.0,-95.08334,3.0
1758075080.30812,36917.0,202.79422,37646.0,206.79881,-5404.0,-150.11111,-3088.0,-85.77778,3.0
1758075080.31204,37196.0,204.32684,37497.0,205.9803,-5644.0,-156.77777,-2839.0,-78.86111,3.0
1758075080.32703,37491.0,205.94734,37357.0,205.21126,-5988.0,-166.33333,-2719.0,-75.52778,3.0
1758075080.34309,37800.0,207.64478,37224.0,204.48065,-6128.0,-170.22223,-2537.0,-70.47222,3.0
1758075080.34508,38113.0,209.36417,37100.0,203.7995,-6265.0,-174.02777,-2332.0,-64.77778,3.0
1758075080.36089,38437.0,211.14397,36989.0,203.18973,-6521.0,-181.13889,-2110.0,-58.61111,3.0
1758075080.36176,38770.0,212.97321,36889.0,202.64041,-6566.0,-182.38889,-1850.0,-51.38889,3.0
1758075080.37716,39104.0,214.80797,36801.0,202.15701,-6668.0,-185.22223,-1655.0,-45.97222,3.0
1758075080.39312,39447.0,216.69215,36724.0,201.73402,-6824.0,-189.55556,-1461.0,-40.58333,3.0
1758075080.39393,39791.0,218.58182,36653.0,201.34401,-6750.0,-187.5,-1341.0,-37.25,3.0
1758075080.40916,40130.0,220.44405,36586.0,200.97597,-6706.0,-186.27777,-1311.0,-36.41667,3.0
1758075080.40995,40473.0,222.32822,36518.0,200.60243,-6763.0,-187.86111,-1357.0,-37.69444,3.0
1758075080.42627,40809.0,224.17395,36447.0,200.2124,-6553.0,-182.02777,-1457.0,-40.47222,3.0
1758075080.44217,41142.0,226.0032,36371.0,199.79492,-6571.0,-182.52777,-1512.0,-42.0,3.0
1758075080.44304,41469.0,227.7995,36289.0,199.34448,-6383.0,-177.30556,-1687.0,-46.86111,3.0
1758075080.45824,41786.0,229.54085,36200.0,198.85556,-6214.0,-172.61111,-1834.0,-50.94444,3.0
1758075080.45946,42087.0,231.19432,36116.0,198.39413,-5708.0,-158.55556,-1491.0,-41.41667,3.0
1758075080.47519,42359.0,232.68848,36047.0,198.01511,-5116.0,-142.11111,-1275.0,-35.41667,3.0
1758075080.49213,42608.0,234.05629,35987.0,197.68552,-4767.0,-132.41667,-1168.0,-32.44444,3.0
1758075080.49239,42846.0,235.36369,35923.0,197.33394,-4652.0,-129.22223,-1355.0,-37.63889,3.0
1758075080.50724,43085.0,236.67657,35849.0,196.92744,-4723.0,-131.19444,-1603.0,-44.52778,3.0
1758075080.52324,43328.0,238.01144,35754.0,196.40559,-4827.0,-134.08333,-2007.0,-55.75,3.0
1758075080.52528,43575.0,239.36827,35643.0,195.79582,-4914.0,-136.5,-2398.0,-66.61111,3.0
1758075080.54109,43825.0,240.74158,35511.0,195.07072,-5002.0,-138.94444,-2743.0,-76.19444,3.0
1758075080.54196,44077.0,242.12589,35368.0,194.28519,-4973.0,-138.13889,-2932.0,-81.44444,3.0
1758075080.55735,44324.0,243.48271,35219.0,193.46671,-4833.0,-134.25,-2894.0,-80.38889,3.0
1758075080.57332,44563.0,244.79561,35077.0,192.68666,-4656.0,-129.33333,-2754.0,-76.5,3.0
1758075080.57458,44793.0,246.05905,34946.0,191.96706,-4465.0,-124.02778,-2447.0,-67.97222,3.0
1758075080.58934,45012.0,247.26208,34830.0,191.32982,-4226.0,-117.38889,-2137.0,-59.36111,3.0
1758075080.59095,45214.0,248.37172,34731.0,190.786,-3856.0,-107.11111,-1833.0,-50.91667,3.0
1758075080.60625,45402.0,249.40443,34649.0,190.33554,-3643.0,-101.19444,-1491.0,-41.41667,3.0
1758075080.62236,45580.0,250.38223,34580.0,189.95651,-3408.0,-94.66666,-1187.0,-32.97222,3.0
1758075080.62312,45752.0,251.32709,34527.0,189.66537,-3271.0,-90.86111,-956.0,-26.55556,3.0
1758075080.63829,45914.0,252.21698,34482.0,189.41818,-3152.0,-87.55556,-826.0,-22.94444,3.0
1758075080.64036,46065.0,253.04646,34447.0,189.22592,-2898.0,-80.5,-582.0,-16.16667,3.0
1758075080.65633,46206.0,253.821,34423.0,189.09406,-2676.0,-74.33334,-429.0,-11.91667,3.0
1758075080.67233,46336.0,254.53514,34405.0,188.99518,-2448.0,-68.0,-345.0,-9.58333,3.0
1758075080.67349,46443.0,255.12291,34396.0,188.94574,-1800.0,-50.0,0.0,0.0,3.0
1758075080.68837,46503.0,255.45251,34397.0,188.95123,-794.0,-22.05556,5.0,0.13889,3.0
1758075080.6896,46511.0,255.49646,34400.0,188.96771,234.0,6.5,63.0,1.75,3.0
1758075080.70538,46478.0,255.31519,34408.0,189.01166,959.0,26.63889,219.0,6.08333,3.0
1758075080.72136,46399.0,254.88121,34430.0,189.13251,2022.0,56.16667,549.0,15.25,3.0
1758075080.72269,46268.0,254.16161,34470.0,189.35226,3023.0,83.97222,938.0,26.05556,3.0
1758075080.73739,46090.0,253.18379,34524.0,189.6489,3875.0,107.63889,1126.0,31.27778,3.0
1758075080.75665,45871.0,251.98077,34584.0,189.97849,4686.0,130.16667,1209.0,33.58333,3.0
1758075080.75739,45617.0,250.58548,34647.0,190.32455,5280.0,146.66667,1211.0,33.63889,3.0
1758075080.76244,45339.0,249.05836,34704.0,190.63768,5631.0,156.41667,1065.0,29.58333,3.0
1758075080.77844,45046.0,247.44885,34751.0,190.89586,5908.0,164.11111,868.0,24.11111,3.0
1758075080.77971,44738.0,245.75693,34788.0,191.09911,6226.0,172.94444,599.0,16.63889,3.0
1758075080.79728,44420.0,244.01009,34821.0,191.28038,6328.0,175.77777,760.0,21.11111,3.0
1758075080.81281,44085.0,242.16983,34875.0,191.57701,6915.0,192.08333,1276.0,35.44444,3.0
1758075080.81527,43724.0,240.18677,34951.0,191.99452,7199.0,199.97223,1586.0,44.05556,3.0
1758075080.83207,43361.0,238.19272,35037.0,192.46693,7182.0,199.5,1538.0,42.72222,3.0
1758075080.83285,43002.0,236.22064,35095.0,192.78554,6867.0,190.75,822.0,22.83333,3.0
1758075080.85131,42677.0,234.43535,35114.0,192.88991,6010.0,166.94444,5.0,0.13889,3.0
1758075080.85238,42400.0,232.91371,35107.0,192.85146,5107.0,141.86111,-149.0,-4.13889,3.0
1758075080.89187,42167.0,231.63379,35101.0,192.8185,4228.0,117.44444,-105.0,-2.91667,3.0
1758075080.89598,41973.0,230.5681,35099.0,192.80751,3577.0,99.36111,0.0,0.0,3.0
1758075080.89676,41806.0,229.65071,35099.0,192.80751,3117.0,86.58334,0.0,0.0,3.0
1758075080.90029,41655.0,228.82124,35100.0,192.813,2890.0,80.27778,9.0,0.25,3.0
1758075080.90089,41508.0,228.01373,35102.0,192.82399,2914.0,80.94444,75.0,2.08333,3.0
1758075080.91648,41354.0,227.16779,35112.0,192.87892,3205.0,89.02778,310.0,8.61111,3.0
1758075080.93248,41177.0,226.19547,35141.0,193.03822,3736.0,103.77778,772.0,21.44444,3.0
1758075080.93311,40971.0,225.06386,35191.0,193.31288,4317.0,119.91666,1155.0,32.08333,3.0
1758075080.94856,40735.0,223.76746,35261.0,193.69742,4847.0,134.63889,1589.0,44.13889,3.0
1758075080.95054,40476.0,222.3447,35352.0,194.1973,5299.0,147.19444,1896.0,52.66667,3.0
1758075080.96659,40194.0,220.79561,35455.0,194.76309,5628.0,156.33333,2061.0,57.25,3.0
1758075080.98274,39908.0,219.22453,35561.0,195.34538,5655.0,157.08333,2088.0,58.0,3.0
1758075080.98312,39625.0,217.66995,35665.0,195.91667,5536.0,153.77777,1990.0,55.27778,3.0
1758075081.0012,39346.0,216.13734,35760.0,196.43855,5452.0,151.44444,1815.0,50.41667,3.0
1758075081.00169,39075.0,214.64867,35849.0,196.92744,5225.0,145.13889,1634.0,45.38889,3.0
1758075081.01757,38817.0,213.23141,35930.0,197.37239,5043.0,140.08333,1604.0,44.55556,3.0
1758075081.0333,38564.0,211.84161,36012.0,197.82285,5024.0,139.55556,1660.0,46.11111,3.0
1758075081.03421,38310.0,210.44633,36105.0,198.33371,5027.0,139.63889,1961.0,54.47222,3.0
1758075081.0496,38058.0,209.06204,36217.0,198.94894,4995.0,138.75,2395.0,66.52778,3.0
1758075081.05164,37806.0,207.67773,36350.0,199.67957,4958.0,137.72223,2804.0,77.88889,3.0
1758075081.06694,37553.0,206.28795,36503.0,200.52003,4957.0,137.69444,3145.0,87.36111,3.0
1758075081.08228,37307.0,204.9366,36670.0,201.43739,4751.0,131.97223,3387.0,94.08334,3.0
1758075081.08321,37077.0,203.67316,36846.0,202.40421,4387.0,121.86111,3513.0,97.58334,3.0
1758075081.09867,36863.0,202.49759,37027.0,203.3985,4087.0,113.52778,3628.0,100.77778,3.0
1758075081.09939,36666.0,201.41542,37213.0,204.42023,3685.0,102.36111,3751.0,104.19444,3.0
1758075081.1147,36489.0,200.44313,37405.0,205.47493,3326.0,92.38889,3824.0,106.22222,3.0
1758075081.13182,36334.0,199.59167,37599.0,206.54063,2948.0,81.88889,3885.0,107.91666,3.0
1758075081.13223,36193.0,198.81711,37797.0,207.6283,2634.0,73.16666,3928.0,109.11111,3.0
1758075081.14765,36066.0,198.11948,38003.0,208.75989,2410.0,66.94444,4126.0,114.61111,3.0
1758075081.14974,35949.0,197.47676,38216.0,209.92996,2179.0,60.52778,4239.0,117.75,3.0
1758075081.16472,35844.0,196.89998,38436.0,211.13847,2015.0,55.97222,4409.0,122.47222,3.0
1758075081.18068,35747.0,196.36714,38665.0,212.39642,1876.0,52.11111,4627.0,128.52777,3.0
1758075081.18145,35657.0,195.87273,38908.0,213.73129,1740.0,48.33333,4895.0,135.97223,3.0
1758075081.19669,35571.0,195.40031,39166.0,215.14854,1650.0,45.83333,5153.0,143.13889,3.0
1758075081.21244,35491.0,194.96086,39435.0,216.62624,1554.0,43.16667,5454.0,151.5,3.0
1758075081.21332,35415.0,194.54337,39717.0,218.17532,1425.0,39.58333,5675.0,157.63889,3.0
1758075081.23114,35345.0,194.15884,40008.0,219.77385,1360.0,37.77778,5750.0,159.72223,3.0
1758075081.23189,35283.0,193.81827,40301.0,221.38338,1149.0,31.91667,5784.0,160.66667,3.0
1758075081.24774,35229.0,193.52164,40594.0,222.99292,1030.0,28.61111,5822.0,161.72223,3.0
1758075081.26345,35182.0,193.26344,40887.0,224.60243,785.0,21.80556,5794.0,160.94444,3.0
1758075081.26506,35145.0,193.0602,41180.0,226.21194,705.0,19.58333,5774.0,160.38889,3.0
1758075081.2816,35123.0,192.93935,41465.0,227.77753,144.0,4.0,5518.0,153.27777,3.0
1758075081.28233,35123.0,192.93935,41741.0,229.29366,0.0,0.0,5348.0,148.55556,3.0
1758075081.29783,35123.0,192.93935,42009.0,230.76585,0.0,0.0,5305.0,147.36111,3.0
1758075081.31348,35123.0,192.93935,42277.0,232.23804,4.0,0.11111,5277.0,146.58333,3.0
1758075081.31396,35121.0,192.92836,42551.0,233.74318,49.0,1.36111,5372.0,149.22223,3.0
1758075081.32981,35115.0,192.8954,42830.0,235.2758,200.0,5.55556,5610.0,155.83333,3.0
1758075081.33181,35097.0,192.79652,43120.0,236.86884,452.0,12.55556,5837.0,162.13889,3.0
1758075081.34685,35068.0,192.63722,43421.0,238.52232,632.0,17.55556,6082.0,168.94444,3.0
1758075081.35112,35035.0,192.45595,43736.0,240.25269,647.0,17.97222,6234.0,173.16667,3.0
1758075081.36677,35001.0,192.26918,44050.0,241.97757,714.0,19.83333,6169.0,171.36111,3.0
1758075081.36945,34967.0,192.08241,44356.0,243.65849,613.0,17.02778,5935.0,164.86111,3.0
1758075081.38485,34941.0,191.93956,44650.0,245.27351,420.0,11.66667,5650.0,156.94444,3.0
1758075081.4008,34926.0,191.85716,44925.0,246.78415,198.0,5.5,5270.0,146.38889,3.0
1758075081.40168,34919.0,191.81871,45179.0,248.17944,113.0,3.13889,4872.0,135.33333,3.0
1758075081.41696,34912.0,191.78026,45412.0,249.45937,122.0,3.38889,4418.0,122.72222,3.0
1758075081.43517,34906.0,191.7473,45619.0,250.59647,114.0,3.16667,3879.0,107.75,3.0
1758075081.44187,34898.0,191.70335,45802.0,251.60175,200.0,5.55556,3427.0,95.19444,3.0
1758075081.44306,34885.0,191.63194,45959.0,252.46419,275.0,7.63889,2931.0,81.41666,3.0
1758075081.46093,34865.0,191.52208,46097.0,253.22224,526.0,14.61111,2539.0,70.52778,3.0
1758075081.46174,34830.0,191.32982,46213.0,253.85948,808.0,22.44444,2137.0,59.36111,3.0
1758075081.47695,34785.0,191.08263,46309.0,254.38683,949.0,26.36111,1732.0,48.11111,3.0
1758075081.47812,34738.0,190.82445,46375.0,254.74937,855.0,23.75,944.0,26.22222,3.0
1758075081.49467,34707.0,190.65416,46393.0,254.84825,423.0,11.75,-47.0,-1.30556,3.0
1758075081.51175,34701.0,190.6212,46387.0,254.81529,-10.0,-0.27778,-103.0,-2.86111,3.0
1758075081.51253,34703.0,190.63219,46374.0,254.74388,-51.0,-1.41667,-407.0,-11.30556,3.0
1758075081.52903,34710.0,190.67064,46337.0,254.54063,-169.0,-4.69444,-951.0,-26.41667,3.0
1758075081.52944,34724.0,190.74754,46270.0,254.17259,-375.0,-10.41667,-1571.0,-43.63889,3.0
1758075081.545,34755.0,190.91783,46170.0,253.62325,-762.0,-21.16667,-2293.0,-63.69444,3.0
1758075081.56252,34805.0,191.19249,46031.0,252.8597,-1135.0,-31.52778,-3103.0,-86.19444,3.0
1758075081.56614,34874.0,191.57152,45854.0,251.88739,-1468.0,-40.77778,-3767.0,-104.63889,3.0
1758075081.58093,34957.0,192.02748,45648.0,250.75577,-1764.0,-49.0,-4270.0,-118.61111,3.0
1758075081.58182,35051.0,192.54384,45419.0,249.49782,-1877.0,-52.13889,-4661.0,-129.47223,3.0
1758075081.59697,35146.0,193.06569,45177.0,248.16846,-1861.0,-51.69444,-4827.0,-134.08333,3.0
1758075081.59853,35236.0,193.56009,44932.0,246.82263,-1810.0,-50.27778,-4872.0,-135.33333,3.0
1758075081.614,35338.0,194.12039,44677.0,245.42184,-2202.0,-61.16667,-5219.0,-144.97223,3.0
1758075081.63114,35460.0,194.79057,44394.0,243.86723,-2544.0,-70.66666,-5930.0,-164.72223,3.0
1758075081.63288,35593.0,195.52116,44070.0,242.08743,-2701.0,-75.02778,-6736.0,-187.11111,3.0
1758075081.64803,35737.0,196.31221,43711.0,240.11536,-2873.0,-79.80556,-7231.0,-200.86111,3.0
1758075081.64887,35880.0,197.09773,43342.0,238.08835,-2688.0,-74.66666,-6982.0,-193.94444,3.0
1758075081.66502,35998.0,197.74594,43021.0,236.32501,-2009.0,-55.80556,-5806.0,-161.27777,3.0
1758075081.682,36069.0,198.13596,42762.0,234.90227,-903.0,-25.08333,-4607.0,-127.97222,3.0
1758075081.68266,36084.0,198.21835,42559.0,233.78712,142.0,3.94444,-3588.0,-99.66666,3.0
1758075081.69918,36061.0,198.09201,42401.0,232.9192,680.0,18.88889,-2806.0,-77.94444,3.0
1758075081.69953,36014.0,197.83383,42276.0,232.23254,1054.0,29.27778,-2213.0,-61.47222,3.0
1758075081.71588,35960.0,197.53719,42174.0,231.67224,1011.0,28.08333,-1929.0,-53.58333,3.0
1758075081.73213,35920.0,197.31746,42078.0,231.14488,680.0,18.88889,-1933.0,-53.69444,3.0
1758075081.7329,35896.0,197.18562,41968.0,230.54063,323.0,8.97222,-2337.0,-64.91666,3.0
1758075081.75169,35893.0,197.16914,41835.0,229.81001,-84.0,-2.33333,-2894.0,-80.38889,3.0
1758075081.75244,35900.0,197.2076,41666.0,228.88167,-127.0,-3.52778,-3628.0,-100.77778,3.0
1758075081.76809,35906.0,197.24055,41464.0,227.77203,-104.0,-2.88889,-4256.0,-118.22222,3.0
1758075081.76928,35911.0,197.26802,41235.0,226.51407,-112.0,-3.11111,-4777.0,-132.69444,3.0
1758075081.78524,35918.0,197.30647,40980.0,225.1133,-147.0,-4.08333,-5257.0,-146.02777,3.0
1758075081.80108,35923.0,197.33394,40703.0,223.59167,-28.0,-0.77778,-5623.0,-156.19444,3.0
1758075081.80193,35923.0,197.33394,40415.0,222.00961,2.0,0.05556,-5620.0,-156.11111,3.0
1758075081.81713,35923.0,197.33394,40133.0,220.46053,9.0,0.25,-5568.0,-154.66667,3.0
1758075081.8227,35923.0,197.33394,39852.0,218.91692,2.0,0.05556,-5615.0,-155.97223,3.0
1758075081.84165,35923.0,197.33394,39570.0,217.36783,0.0,0.0,-5468.0,-151.88889,3.0
1758075081.84236,35923.0,197.33394,39299.0,215.87917,0.0,0.0,-5285.0,-146.80556,3.0
1758075081.86213,35923.0,197.33394,39034.0,214.42343,0.0,0.0,-5203.0,-144.52777,3.0
1758075081.86734,35923.0,197.33394,38775.0,213.00067,-1.0,-0.02778,-5039.0,-139.97223,3.0
1758075081.91112,35926.0,197.35042,38528.0,211.64386,-90.0,-2.5,-4794.0,-133.16667,3.0
1758075081.91685,35939.0,197.42183,38288.0,210.32549,-480.0,-13.33333,-4714.0,-130.94444,3.0
1758075081.92662,35982.0,197.65805,38047.0,209.00162,-1133.0,-31.47222,-4795.0,-133.19444,3.0
1758075081.92701,36059.0,198.08102,37802.0,207.65576,-1791.0,-49.75,-4871.0,-135.30556,3.0
1758075081.92979,36170.0,198.69077,37556.0,206.30443,-2463.0,-68.41666,-4878.0,-135.5,3.0
1758075081.93225,36314.0,199.48181,37309.0,204.94759,-3142.0,-87.27778,-4937.0,-137.13889,3.0
1758075081.99245,36489.0,200.44313,37062.0,203.59076,-3708.0,-103.0,-4751.0,-131.97223,3.0
1758075081.99303,36694.0,201.56923,36833.0,202.33279,-4231.0,-117.52778,-4234.0,-117.61111,3.0
1758075081.99877,36920.0,202.8107,36637.0,201.25612,-4605.0,-127.91666,-3614.0,-100.38889,3.0
1758075082.00057,37161.0,204.13458,36471.0,200.34424,-4857.0,-134.91667,-3046.0,-84.61111,3.0
1758075082.00228,37416.0,205.53535,36333.0,199.58618,-5150.0,-143.05556,-2486.0,-69.05556,3.0
1758075082.00558,37690.0,207.04051,36222.0,198.97641,-5486.0,-152.38889,-1954.0,-54.27778,3.0
1758075082.00676,37971.0,208.58411,36136.0,198.504,-5623.0,-156.19444,-1453.0,-40.36111,3.0
1758075082.00712,38262.0,210.18265,36072.0,198.15244,-5878.0,-163.27777,-1085.0,-30.13889,3.0
1758075082.00993,38571.0,211.88007,36024.0,197.88876,-6231.0,-173.08333,-803.0,-22.30556,3.0
1758075082.02605,38892.0,213.6434,35992.0,197.71298,-6427.0,-178.52777,-534.0,-14.83333,3.0
1758075082.04227,39222.0,215.45616,35968.0,197.58115,-6626.0,-184.05556,-433.0,-12.02778,3.0
1758075082.04591,39566.0,217.34586,35949.0,197.47676,-6831.0,-189.75,-296.0,-8.22222,3.0
1758075082.0624,39905.0,219.20805,35931.0,197.37788,-6658.0,-184.94444,-357.0,-9.91667,3.0
1758075082.06288,40246.0,221.08125,35914.0,197.2845,-6739.0,-187.19444,-386.0,-10.72222,3.0
1758075082.08105,40583.0,222.9325,35895.0,197.18013,-6560.0,-182.22223,-401.0,-11.13889,3.0
1758075082.08145,40908.0,224.71779,35879.0,197.09224,-6339.0,-176.08333,-292.0,-8.11111,3.0
1758075082.09745,41224.0,226.45364,35858.0,196.97688,-6160.0,-171.11111,-453.0,-12.58333,3.0
1758075082.10051,41531.0,228.14008,35825.0,196.79561,-5978.0,-166.05556,-796.0,-22.11111,3.0
1758075082.11726,41819.0,229.72212,35788.0,196.59236,-5463.0,-151.75,-647.0,-17.97222,3.0
1758075082.11844,42081.0,231.16136,35760.0,196.43855,-5008.0,-139.11111,-523.0,-14.52778,3.0
1758075082.1351,42324.0,232.49622,35735.0,196.30122,-4632.0,-128.66667,-548.0,-15.22222,3.0
1758075082.15135,42552.0,233.74867,35703.0,196.12541,-4444.0,-123.44444,-762.0,-21.16667,3.0
1758075082.15266,42776.0,234.97917,35652.0,195.84526,-4416.0,-122.66666,-1168.0,-32.44444,3.0
1758075082.16745,43000.0,236.20966,35584.0,195.47173,-4439.0,-123.30556,-1517.0,-42.13889,3.0
1758075082.16942,43224.0,237.44016,35496.0,194.98833,-4336.0,-120.44444,-1878.0,-52.16667,3.0
1758075082.18538,43436.0,238.60472,35392.0,194.41702,-4142.0,-115.05556,-2189.0,-60.80556,3.0
1758075082.20256,43642.0,239.73631,35277.0,193.78531,-4014.0,-111.5,-2337.0,-64.91666,3.0
1758075082.20292,43842.0,240.83496,35158.0,193.13161,-3937.0,-109.36111,-2386.0,-66.27778,3.0
1758075082.22206,44037.0,241.90616,35039.0,192.47792,-3796.0,-105.44444,-2283.0,-63.41667,3.0
1758075082.22323,44225.0,242.93889,34927.0,191.86266,-3655.0,-101.52778,-2131.0,-59.19444,3.0
1758075082.24208,44406.0,243.93315,34821.0,191.28038,-3477.0,-96.58334,-1958.0,-54.38889,3.0
1758075082.24285,44579.0,244.8835,34728.0,190.76952,-3373.0,-93.69444,-1772.0,-49.22222,3.0
1758075082.2621,44745.0,245.79538,34647.0,190.32455,-3220.0,-89.44444,-1510.0,-41.94444,3.0
1758075082.26285,44903.0,246.6633,34577.0,189.94003,-3036.0,-84.33334,-1246.0,-34.61111,3.0
1758075082.28265,45054.0,247.4928,34519.0,189.62143,-2895.0,-80.41666,-1084.0,-30.11111,3.0
1758075082.28531,45196.0,248.27284,34467.0,189.33578,-2748.0,-76.33334,-928.0,-25.77778,3.0
1758075082.30048,45334.0,249.0309,34428.0,189.12152,-2640.0,-73.33334,-679.0,-18.86111,3.0
1758075082.3033,45466.0,249.75601,34395.0,188.94025,-2591.0,-71.97222,-648.0,-18.0,3.0
1758075082.31928,45595.0,250.46463,34363.0,188.76447,-2522.0,-70.05556,-587.0,-16.30556,3.0
1758075082.32015,45710.0,251.09637,34346.0,188.67108,-2006.0,-55.72222,-53.0,-1.47222,3.0
1758075082.33709,45788.0,251.52484,34349.0,188.68756,-1112.0,-30.88889,43.0,1.19444,3.0
1758075082.35263,45811.0,251.65118,34355.0,188.72052,26.0,0.72222,174.0,4.83333,3.0
1758075082.35693,45796.0,251.56879,34370.0,188.80292,442.0,12.27778,429.0,11.91667,3.0
1758075082.37269,45754.0,251.33807,34400.0,188.96771,1169.0,32.47222,693.0,19.25,3.0
1758075082.37459,45677.0,250.91507,34444.0,189.20944,1785.0,49.58333,1078.0,29.94444,3.0
1758075082.39148,45565.0,250.29984,34511.0,189.57748,2476.0,68.77778,1494.0,41.5,3.0
1758075082.39187,45422.0,249.5143,34595.0,190.03891,3043.0,84.52778,1785.0,49.58333,3.0
1758075082.40757,45254.0,248.59145,34695.0,190.58824,3464.0,96.22222,2039.0,56.63889,3.0
1758075082.40885,45066.0,247.55872,34803.0,191.1815,3909.0,108.58334,2182.0,60.61111,3.0
1758075082.42732,44857.0,246.41061,34919.0,191.81871,4227.0,117.41666,2294.0,63.72222,3.0
1758075082.44262,44638.0,245.2076,35032.0,192.43947,4303.0,119.52778,2168.0,60.22222,3.0
1758075082.44338,44419.0,244.00459,35137.0,193.01625,4341.0,120.58334,2054.0,57.05556,3.0
1758075082.46054,44192.0,242.75761,35247.0,193.62051,4661.0,129.47223,2361.0,65.58334,3.0
1758075082.46096,43936.0,241.35135,35385.0,194.37857,5336.0,148.22223,2985.0,82.91666,3.0
1758075082.47663,43640.0,239.72533,35556.0,195.31792,6183.0,171.75,3729.0,103.58334,3.0
1758075082.49273,43321.0,237.97299,35755.0,196.41109,6312.0,175.33333,4065.0,112.91666,3.0
1758075082.49422,43011.0,236.27008,35953.0,197.49873,5898.0,163.83333,3578.0,99.38889,3.0
1758075082.50968,42737.0,234.76494,36104.0,198.32822,4930.0,136.94444,2455.0,68.19444,3.0
1758075082.51166,42521.0,233.57838,36189.0,198.79514,3725.0,103.47222,1098.0,30.5,3.0
1758075082.52666,42368.0,232.73793,36207.0,198.89401,2473.0,68.69444,-188.0,-5.22222,3.0
1758075082.54431,42272.0,232.21057,36195.0,198.82809,1550.0,43.05556,-265.0,-7.36111,3.0
1758075082.54506,42211.0,231.87549,36187.0,198.78415,970.0,26.94444,-42.0,-1.16667,3.0
1758075082.56223,42170.0,231.65027,36188.0,198.78964,757.0,21.02778,9.0,0.25,3.0
1758075082.56747,42126.0,231.40857,36189.0,198.79514,1020.0,28.33333,51.0,1.41667,3.0
1758075082.58276,42066.0,231.07896,36196.0,198.83359,1312.0,36.44444,190.0,5.27778,3.0
1758075082.58472,41982.0,230.61754,36209.0,198.905,1938.0,53.83333,265.0,7.36111,3.0
1758075082.60251,41868.0,229.99132,36224.0,198.98743,2562.0,71.16666,330.0,9.16667,3.0
1758075082.60288,41719.0,229.17281,36245.0,199.10278,3237.0,89.91666,484.0,13.44444,3.0
1758075082.61869,41541.0,228.19501,36272.0,199.2511,3721.0,103.36111,599.0,16.63889,3.0
1758075082.61981,41341.0,227.09634,36299.0,199.39941,4132.0,114.77778,420.0,11.66667,3.0
1758075082.6348,41123.0,225.89883,36313.0,199.47632,4445.0,123.47222,202.0,5.61111,3.0
1758075082.65073,40891.0,224.6244,36315.0,199.4873,4625.0,128.47223,0.0,0.0,3.0
1758075082.65204,40657.0,223.33899,36315.0,199.4873,4677.0,129.91667,0.0,0.0,3.0
1758075082.66677,40418.0,222.02609,36315.0,199.4873,4695.0,130.41667,-4.0,-0.11111,3.0
1758075082.6828,40182.0,220.72969,36315.0,199.4873,4640.0,128.88889,0.0,0.0,3.0
1758075082.68359,39951.0,219.46074,36315.0,199.4873,4505.0,125.13889,0.0,0.0,3.0
1758075082.69878,39728.0,218.23575,36315.0,199.4873,4369.0,121.36111,0.0,0.0,3.0
1758075082.70219,39509.0,217.03273,36315.0,199.4873,4362.0,121.16666,0.0,0.0,3.0
1758075082.71896,39287.0,215.81322,36315.0,199.4873,4445.0,123.47222,9.0,0.25,3.0
1758075082.71986,39059.0,214.56078,36317.0,199.49829,4538.0,126.05556,53.0,1.47222,3.0
1758075082.7414,38823.0,213.26437,36325.0,199.54224,4800.0,133.33333,242.0,6.72222,3.0
1758075082.74299,38571.0,211.88007,36348.0,199.66858,5201.0,144.47223,631.0,17.52778,3.0
1758075082.76044,38297.0,210.37492,36395.0,199.92676,5567.0,154.63889,1185.0,32.91667,3.0
1758075082.76121,38010.0,208.79834,36473.0,200.35522,5779.0,160.52777,1765.0,49.02778,3.0
1758075082.77685,37710.0,207.15038,36577.0,200.92653,6019.0,167.19444,2259.0,62.75,3.0
1758075082.79715,37403.0,205.46394,36701.0,201.60768,6049.0,168.02777,2599.0,72.19444,3.0
1758075082.79968,37106.0,203.83246,36838.0,202.36026,5708.0,158.55556,2746.0,76.27778,3.0
1758075082.80064,36825.0,202.28885,36980.0,203.14029,5395.0,149.86111,2886.0,80.16666,3.0
1758075082.81669,36561.0,200.83864,37130.0,203.96429,5015.0,139.30556,3045.0,84.58334,3.0
1758075082.83368,36322.0,199.52576,37289.0,204.83772,4524.0,125.66666,3225.0,89.58334,3.0
1758075082.83618,36106.0,198.3392,37460.0,205.77705,4101.0,113.91666,3472.0,96.44444,3.0
1758075082.85184,35912.0,197.27351,37640.0,206.76585,3652.0,101.44444,3661.0,101.69444,3.0
1758075082.85262,35737.0,196.31221,37832.0,207.82056,3223.0,89.52778,3942.0,109.5,3.0
1758075082.86897,35588.0,195.4937,38044.0,208.98514,2787.0,77.41666,4358.0,121.05556,3.0
1758075082.87186,35460.0,194.79057,38275.0,210.25407,2317.0,64.36111,4763.0,132.30556,3.0
1758075082.88688,35357.0,194.22476,38528.0,211.64386,1897.0,52.69444,5215.0,144.86111,3.0
1758075082.90482,35273.0,193.76334,38808.0,213.18198,1487.0,41.30556,5816.0,161.55556,3.0
1758075082.90523,35208.0,193.40628,39119.0,214.89037,1126.0,31.27778,6379.0,177.19444,3.0
1758075082.92094,35165.0,193.17006,39459.0,216.75807,679.0,18.86111,6962.0,193.38889,3.0
1758075082.92176,35140.0,193.03273,39826.0,218.77409,334.0,9.27778,7464.0,207.33333,3.0
1758075082.93694,35130.0,192.9778,40217.0,220.92195,63.0,1.75,7884.0,219.0,3.0
1758075082.95299,35130.0,192.9778,40625.0,223.16321,0.0,0.0,8249.0,229.13889,3.0
1758075082.95459,35130.0,192.9778,41039.0,225.43739,0.0,0.0,8076.0,224.33333,3.0
1758075082.97004,35130.0,192.9778,41439.0,227.6347,0.0,0.0,7843.0,217.86111,3.0
1758075082.97078,35130.0,192.9778,41834.0,229.80452,0.0,0.0,7695.0,213.75,3.0
1758075082.98592,35130.0,192.9778,42214.0,231.89197,0.0,0.0,7449.0,206.91667,3.0
1758075083.00205,35130.0,192.9778,42585.0,233.92995,0.0,0.0,7187.0,199.63889,3.0
1758075083.00322,35130.0,192.9778,42950.0,235.935,0.0,0.0,7049.0,195.80556,3.0
1758075083.01799,35130.0,192.9778,43303.0,237.87411,0.0,0.0,6988.0,194.11111,3.0
1758075083.01935,35130.0,192.9778,43658.0,239.82422,0.0,0.0,6974.0,193.72223,3.0
1758075083.03611,35130.0,192.9778,44007.0,241.74136,2.0,0.05556,6874.0,190.94444,3.0
1758075083.05201,35130.0,192.9778,44353.0,243.64201,0.0,0.0,6760.0,187.77777,3.0
1758075083.05333,35129.0,192.97231,44692.0,245.50424,8.0,0.22222,6633.0,184.25,3.0
1758075083.06886,35129.0,192.97231,45019.0,247.30054,6.0,0.16667,6378.0,177.16667,3.0
1758075083.06973,35128.0,192.96681,45338.0,249.05287,8.0,0.22222,6170.0,171.38889,3.0
1758075083.08584,35128.0,192.96681,45639.0,250.70633,9.0,0.25,5751.0,159.75,3.0
1758075083.1061,35128.0,192.96681,45916.0,252.22797,0.0,0.0,5272.0,146.44444,3.0
1758075083.10964,35127.0,192.96132,46172.0,253.63423,3.0,0.08333,4805.0,133.47223,3.0
1758075083.11697,35127.0,192.96132,46401.0,254.8922,9.0,0.25,4284.0,119.0,3.0
1758075083.13201,35126.0,192.95583,46602.0,255.99634,14.0,0.38889,3711.0,103.08334,3.0
1758075083.13295,35125.0,192.95033,46771.0,256.92471,31.0,0.86111,3092.0,85.88889,3.0
1758075083.14816,35122.0,192.93385,46910.0,257.68826,101.0,2.80556,2416.0,67.11111,3.0
1758075083.15121,35111.0,192.87343,47012.0,258.24857,329.0,9.13889,1701.0,47.25,3.0
1758075083.16711,35096.0,192.79103,47067.0,258.55069,245.0,6.80556,604.0,16.77778,3.0
1758075083.18741,35091.0,192.76357,47067.0,258.55069,0.0,0.0,-144.0,-4.0,3.0
1758075083.18783,35091.0,192.76357,47057.0,258.49576,0.0,0.0,-231.0,-6.41667,3.0
1758075083.20745,35092.0,192.76906,47032.0,258.35843,0.0,0.0,-670.0,-18.61111,3.0
1758075083.2078,35093.0,192.77455,46975.0,258.04532,-20.0,-0.55556,-1547.0,-42.97222,3.0
1758075083.22508,35098.0,192.80202,46870.0,257.46854,-150.0,-4.16667,-2475.0,-68.75,3.0
1758075083.22544,35111.0,192.87343,46713.0,256.60608,-302.0,-8.38889,-3569.0,-99.13889,3.0
1758075083.24119,35134.0,192.99977,46504.0,255.45801,-569.0,-15.80556,-4600.0,-127.77778,3.0
1758075083.242,35169.0,193.19203,46242.0,254.01878,-801.0,-22.25,-5594.0,-155.38889,3.0
1758075083.25721,35219.0,193.46671,45936.0,252.33783,-1097.0,-30.47222,-6311.0,-175.30556,3.0
1758075083.27431,35277.0,193.78531,45601.0,250.49759,-1158.0,-32.16667,-6870.0,-190.83333,3.0
1758075083.27468,35336.0,194.10941,45241.0,248.52003,-1131.0,-31.41667,-7191.0,-199.75,3.0
1758075083.29033,35390.0,194.40604,44871.0,246.48752,-1023.0,-28.41667,-7410.0,-205.83333,3.0
1758075083.29099,35450.0,194.73563,44491.0,244.4001,-1381.0,-38.36111,-7660.0,-212.77777,3.0
1758075083.30621,35528.0,195.16411,44082.0,242.15335,-1568.0,-43.55556,-8302.0,-230.61111,3.0
1758075083.32215,35608.0,195.60356,43658.0,239.82422,-1578.0,-43.83333,-8422.0,-233.94444,3.0
1758075083.32485,35682.0,196.01006,43229.0,237.46762,-1325.0,-36.80556,-8312.0,-230.88889,3.0
1758075083.3418,35736.0,196.30672,42837.0,235.31425,-842.0,-23.38889,-7344.0,-204.0,3.0
1758075083.34255,35754.0,196.40559,42491.0,233.41359,46.0,1.27778,-6198.0,-172.16667,3.0
1758075083.36178,35739.0,196.3232,42214.0,231.89197,469.0,13.02778,-4910.0,-136.38889,3.0
1758075083.36224,35707.0,196.14738,41997.0,230.69994,719.0,19.97222,-3845.0,-106.80556,3.0
1758075083.37926,35664.0,195.91118,41827.0,229.76607,926.0,25.72222,-2977.0,-82.69444,3.0
1758075083.37974,35614.0,195.63652,41694.0,229.03548,1005.0,27.91667,-2365.0,-65.69444,3.0
1758075083.3963,35573.0,195.4113,41584.0,228.43121,630.0,17.5,-2015.0,-55.97222,3.0
1758075083.4123,35560.0,195.33989,41483.0,227.8764,-15.0,-0.41667,-2000.0,-55.55556,3.0
1758075083.41517,35571.0,195.40031,41376.0,227.28864,-369.0,-10.25,-2207.0,-61.30556,3.0
1758075083.43218,35600.0,195.55962,41256.0,226.62943,-712.0,-19.77778,-2589.0,-71.91666,3.0
1758075083.4326,35644.0,195.80132,41113.0,225.8439,-994.0,-27.61111,-3076.0,-85.44444,3.0
1758075083.44928,35703.0,196.12541,40940.0,224.89357,-1273.0,-35.36111,-3598.0,-99.94444,3.0
1758075083.45034,35775.0,196.52095,40742.0,223.80591,-1515.0,-42.08333,-4140.0,-115.0,3.0
1758075083.46635,35856.0,196.9659,40523.0,222.60287,-1623.0,-45.08333,-4454.0,-123.72222,3.0
1758075083.48233,35938.0,197.41634,40295.0,221.35042,-1543.0,-42.86111,-4551.0,-126.41666,3.0
1758075083.48513,36015.0,197.83932,40063.0,220.07597,-1471.0,-40.86111,-4651.0,-129.19444,3.0
1758075083.50245,36082.0,198.20737,39824.0,218.76311,-1220.0,-33.88889,-4751.0,-131.97223,3.0
1758075083.50473,36140.0,198.52597,39582.0,217.43375,-1076.0,-29.88889,-4729.0,-131.36111,3.0
1758075083.5204,36186.0,198.77866,39345.0,216.13185,-818.0,-22.72222,-4665.0,-129.58333,3.0
1758075083.52112,36225.0,198.99292,39106.0,214.81895,-817.0,-22.69444,-4736.0,-131.55556,3.0
1758075083.53722,36272.0,199.2511,38861.0,213.47311,-1037.0,-28.80556,-4829.0,-134.13889,3.0
1758075083.55341,36328.0,199.55872,38615.0,212.12177,-1197.0,-33.25,-4819.0,-133.86111,3.0
1758075083.554,36403.0,199.9707,38370.0,210.77592,-1726.0,-47.94444,-4890.0,-135.83333,3.0
1758075083.57022,36505.0,200.53102,38116.0,209.38065,-2297.0,-63.80556,-5131.0,-142.52777,3.0
1758075083.571,36640.0,201.2726,37850.0,207.91943,-2926.0,-81.27778,-5345.0,-148.47223,3.0
1758075083.58639,36808.0,202.19547,37580.0,206.43626,-3623.0,-100.63889,-5377.0,-149.36111,3.0
1758075083.60241,37006.0,203.28314,37307.0,204.9366,-4126.0,-114.61111,-5393.0,-149.80556,3.0
1758075083.6035,37229.0,204.50812,37039.0,203.46442,-4630.0,-128.61111,-5186.0,-144.05556,3.0
1758075083.6192,37475.0,205.85945,36788.0,202.0856,-5054.0,-140.38889,-4703.0,-130.63889,3.0
1758075083.62042,37739.0,207.30968,36569.0,200.88258,-5332.0,-148.11111,-4068.0,-113.0,3.0
1758075083.63651,38011.0,208.80383,36378.0,199.83337,-5431.0,-150.86111,-3515.0,-97.63889,3.0
1758075083.6525,38291.0,210.34196,36215.0,198.93796,-5663.0,-157.30556,-2969.0,-82.47222,3.0
1758075083.65384,38587.0,211.96796,36082.0,198.20737,-5940.0,-165.0,-2413.0,-67.02778,3.0
1758075083.67145,38890.0,213.63242,35974.0,197.61411,-6110.0,-169.72223,-1876.0,-52.11111,3.0
1758075083.67185,39207.0,215.37376,35892.0,197.16365,-6325.0,-175.69444,-1450.0,-40.27778,3.0
1758075083.68748,39540.0,217.20302,35827.0,196.80659,-6613.0,-183.69444,-1150.0,-31.94444,3.0
1758075083.70521,39874.0,219.03777,35774.0,196.51546,-6612.0,-183.66667,-943.0,-26.19444,3.0
1758075083.70567,40217.0,220.92195,35731.0,196.27925,-6919.0,-192.19444,-787.0,-21.86111,3.0
1758075083.7223,40570.0,222.86105,35694.0,196.07597,-6973.0,-193.69444,-791.0,-21.97222,3.0
1758075083.72509,40924.0,224.80568,35651.0,195.83977,-7087.0,-196.86111,-869.0,-24.13889,3.0
1758075083.74132,41291.0,226.82169,35607.0,195.59807,-7313.0,-203.13889,-897.0,-24.91667,3.0
1758075083.74254,41663.0,228.86519,35557.0,195.32341,-7334.0,-203.72223,-1029.0,-28.58333,3.0
1758075083.75759,42042.0,230.94713,35504.0,195.03227,-7619.0,-211.63889,-1057.0,-29.36111,3.0
1758075083.77398,42418.0,233.01259,35464.0,194.81255,-7158.0,-198.83333,-559.0,-15.52778,3.0
1758075083.77693,42765.0,234.91875,35446.0,194.71365,-6640.0,-184.44444,-244.0,-6.77778,3.0
1758075083.79214,43086.0,236.68207,35438.0,194.66971,-6095.0,-169.30556,-60.0,-1.66667,3.0
1758075083.79333,43383.0,238.31357,35437.0,194.66422,-5729.0,-159.13889,-9.0,-0.25,3.0
1758075083.81044,43669.0,239.88464,35435.0,194.65323,-5658.0,-157.16667,-88.0,-2.44444,3.0
1758075083.81089,43958.0,241.4722,35425.0,194.5983,-5776.0,-160.44444,-319.0,-8.86111,3.0
1758075083.8266,44257.0,243.11467,35395.0,194.4335,-5933.0,-164.80556,-776.0,-21.55556,3.0
1758075083.84209,44560.0,244.77913,35347.0,194.16983,-6042.0,-167.83333,-1048.0,-29.11111,3.0
1758075083.84278,44867.0,246.46555,35285.0,193.82925,-6063.0,-168.41667,-1305.0,-36.25,3.0
1758075083.85858,45169.0,248.12451,35217.0,193.45572,-5841.0,-162.25,-1348.0,-37.44444,3.0
1758075083.86069,45456.0,249.70108,35152.0,193.09865,-5582.0,-155.05556,-1300.0,-36.11111,3.0
1758075083.87761,45730.0,251.20624,35092.0,192.76906,-5324.0,-147.88889,-1016.0,-28.22222,3.0
1758075083.88112,45989.0,252.62898,35048.0,192.52736,-4906.0,-136.27777,-742.0,-20.61111,3.0
1758075083.89674,46225.0,253.9254,35018.0,192.36256,-4418.0,-122.72222,-508.0,-14.11111,3.0
1758075083.89965,46438.0,255.09544,35000.0,192.26369,-3984.0,-110.66666,-240.0,-6.66667,3.0
1758075083.9147,46628.0,256.13916,34996.0,192.24171,-3575.0,-99.30556,2.0,0.05556,3.0
1758075083.9311,46795.0,257.05655,34996.0,192.24171,-3098.0,-86.05556,0.0,0.0,3.0
1758075083.93153,46934.0,257.8201,34996.0,192.24171,-2501.0,-69.47222,0.0,0.0,3.0
1758075083.94751,47044.0,258.42435,34996.0,192.24171,-1968.0,-54.66667,0.0,0.0,3.0
1758075083.96504,47126.0,258.87479,34996.0,192.24171,-1330.0,-36.94444,-26.0,-0.72222,3.0
1758075083.9655,47178.0,259.16043,34993.0,192.22523,-846.0,-23.5,-112.0,-3.11111,3.0
1758075083.98078,47196.0,259.25931,34990.0,192.20876,94.0,2.61111,-21.0,-0.58333,3.0
1758075083.98147,47179.0,259.16592,34990.0,192.20876,428.0,11.88889,0.0,0.0,3.0
1758075083.99672,47140.0,258.95169,34990.0,192.20876,1086.0,30.16667,0.0,0.0,3.0
1758075084.00192,47056.0,258.49026,34990.0,192.20876,2078.0,57.72222,0.0,0.0,3.0
1758075084.01775,46918.0,257.73221,34993.0,192.22523,3191.0,88.63889,18.0,0.5,3.0
1758075084.03509,46720.0,256.64456,34995.0,192.23622,4476.0,124.33334,58.0,1.61111,3.0
1758075084.03548,46455.0,255.18883,35000.0,192.26369,5755.0,159.86111,78.0,2.16667,3.0
1758075084.05076,46131.0,253.40901,35001.0,192.26918,6886.0,191.27777,0.0,0.0,3.0
1758075084.05191,45746.0,251.29413,35001.0,192.26918,8056.0,223.77777,0.0,0.0,3.0
1758075084.06685,45319.0,248.9485,35001.0,192.26918,8554.0,237.61111,-52.0,-1.44444,3.0
1758075084.0688,44891.0,246.59738,34998.0,192.2527,8408.0,233.55556,-89.0,-2.47222,3.0
1758075084.08477,44476.0,244.3177,34996.0,192.24171,8114.0,225.38889,42.0,1.16667,3.0
1758075084.1008,44067.0,242.07095,34999.0,192.25819,8186.0,227.38889,64.0,1.77778,3.0
1758075084.10163,43647.0,239.76378,34999.0,192.25819,8313.0,230.91667,15.0,0.41667,3.0
1758075084.11689,43215.0,237.39072,34996.0,192.24171,8676.0,241.0,-84.0,-2.33333,3.0
1758075084.1221,42771.0,234.95171,34993.0,192.22523,8613.0,239.25,-18.0,-0.5,3.0
1758075084.16904,42352.0,232.65002,34993.0,192.22523,7987.0,221.86111,-7.0,-0.19444,3.0
1758075084.16946,41969.0,230.54613,34993.0,192.22523,7185.0,199.58333,-45.0,-1.25,3.0
1758075084.17215,41638.0,228.72786,34988.0,192.19777,6001.0,166.69444,-152.0,-4.22222,3.0
1758075084.17418,41362.0,227.21173,34979.0,192.14833,5075.0,140.97223,-229.0,-6.36111,3.0
1758075084.17508,41125.0,225.90982,34968.0,192.08791,4377.0,121.58334,-131.0,-3.63889,3.0
1758075084.19243,40918.0,224.77272,34968.0,192.08791,3882.0,107.83334,15.0,0.41667,3.0
1758075084.19361,40730.0,223.73999,34971.0,192.10439,3616.0,100.44444,52.0,1.44444,3.0
1758075084.20918,40546.0,222.72922,34979.0,192.14833,3665.0,101.80556,272.0,7.55556,3.0
1758075084.20959,40351.0,221.65805,35004.0,192.28566,3995.0,110.97222,647.0,17.97222,3.0
1758075084.22481,40136.0,220.47701,35051.0,192.54384,4444.0,123.44444,1134.0,31.5,3.0
1758075084.24167,39900.0,219.18059,35125.0,192.95033,4848.0,134.66667,1737.0,48.25,3.0
1758075084.24242,39644.0,217.77432,35230.0,193.52713,5221.0,145.02777,2283.0,63.41667,3.0
1758075084.2587,39370.0,216.26918,35362.0,194.25223,5541.0,153.91667,2819.0,78.30556,3.0
1758075084.2595,39085.0,214.7036,35516.0,195.09819,5598.0,155.5,3190.0,88.61111,3.0
1758075084.27495,38804.0,213.16,35686.0,196.03203,5496.0,152.66667,3455.0,95.97222,3.0
1758075084.29193,38531.0,211.66034,35866.0,197.02083,5366.0,149.05556,3601.0,100.02778,3.0
1758075084.29268,38266.0,210.20462,36052.0,198.04257,5097.0,141.58333,3785.0,105.13889,3.0
1758075084.30903,38015.0,208.82581,36250.0,199.13025,4826.0,134.05556,3975.0,110.41666,3.0
1758075084.31227,37776.0,207.51294,36455.0,200.25635,4655.0,129.30556,4131.0,114.75,3.0
1758075084.32873,37543.0,206.23302,36667.0,201.42091,4484.0,124.55556,4254.0,118.16666,3.0
1758075084.32958,37323.0,205.02449,36888.0,202.63492,4244.0,117.88889,4436.0,123.22222,3.0
1758075084.34496,37116.0,203.88739,37120.0,203.90936,3942.0,109.5,4694.0,130.38889,3.0
1758075084.36096,36920.0,202.8107,37366.0,205.2607,3748.0,104.11111,4953.0,137.58333,3.0
1758075084.36191,36735.0,201.79445,37625.0,206.68346,3549.0,98.58334,5179.0,143.86111,3.0
1758075084.377,36563.0,200.84962,37892.0,208.15015,3291.0,91.41666,5398.0,149.94444,3.0
1758075084.3815,36404.0,199.9762,38170.0,209.67728,3047.0,84.63889,5584.0,155.11111,3.0
1758075084.39703,36255.0,199.15771,38456.0,211.24834,2869.0,79.69444,5691.0,158.08333,3.0
1758075084.39937,36116.0,198.39413,38753.0,212.87982,2710.0,75.27778,5999.0,166.63889,3.0
1758075084.41657,35985.0,197.67453,39063.0,214.58275,2507.0,69.63889,6249.0,173.58333,3.0
1758075084.43208,35866.0,197.02083,39383.0,216.34059,2226.0,61.83333,6327.0,175.75,3.0
1758075084.43285,35764.0,196.46053,39713.0,218.15335,1871.0,51.97222,6638.0,184.38889,3.0
1758075084.44804,35677.0,195.98259,40052.0,220.01555,1615.0,44.86111,6750.0,187.5,3.0
1758075084.44922,35601.0,195.56511,40399.0,221.92172,1415.0,39.30556,6941.0,192.80556,3.0
1758075084.46504,35537.0,195.21355,40754.0,223.87183,1172.0,32.55556,7030.0,195.27777,3.0
1758075084.48185,35480.0,194.90044,41113.0,225.8439,1079.0,29.97222,7186.0,199.61111,3.0
1758075084.48297,35439.0,194.6752,41471.0,227.81049,534.0,14.83333,6991.0,194.19444,3.0
1758075084.49811,35425.0,194.5983,41824.0,229.74959,66.0,1.83333,6874.0,190.94444,3.0
1758075084.49892,35425.0,194.5983,42167.0,231.63379,0.0,0.0,6776.0,188.22223,3.0
1758075084.51606,35425.0,194.5983,42513.0,233.53444,0.0,0.0,6853.0,190.36111,3.0
1758075084.53217,35424.0,194.5928,42865.0,235.46806,36.0,1.0,7053.0,195.91667,3.0
1758075084.53292,35419.0,194.56534,43226.0,237.45114,154.0,4.27778,7236.0,201.0,3.0
1758075084.55138,35404.0,194.48294,43602.0,239.51659,389.0,10.80556,7552.0,209.77777,3.0
1758075084.55217,35377.0,194.33463,43981.0,241.59854,613.0,17.02778,7463.0,207.30556,3.0
1758075084.5693,35341.0,194.13687,44358.0,243.66948,747.0,20.75,7387.0,205.19444,3.0
1758075084.56979,35306.0,193.94461,44725.0,245.68552,658.0,18.27778,7133.0,198.13889,3.0
1758075084.58516,35273.0,193.76334,45074.0,247.60266,626.0,17.38889,6670.0,185.27777,3.0
1758075084.60199,35243.0,193.59854,45399.0,249.38795,562.0,15.61111,6217.0,172.69444,3.0
1758075084.60277,35214.0,193.43924,45693.0,251.00296,551.0,15.30556,5524.0,153.44444,3.0
1758075084.62167,35192.0,193.31837,45956.0,252.44771,366.0,10.16667,4973.0,138.13889,3.0
1758075084.62212,35176.0,193.23048,46195.0,253.76057,320.0,8.88889,4461.0,123.91666,3.0
1758075084.64093,35158.0,193.13161,46407.0,254.92516,420.0,11.66667,3981.0,110.58334,3.0
1758075084.64133,35131.0,192.98329,46596.0,255.96338,635.0,17.63889,3538.0,98.27778,3.0
1758075084.65719,35097.0,192.79652,46761.0,256.86978,718.0,19.94444,3089.0,85.80556,3.0
1758075084.66085,35057.0,192.5768,46903.0,257.64981,820.0,22.77778,2560.0,71.11111,3.0
1758075084.67704,35014.0,192.34059,47017.0,258.27603,899.0,24.97222,1997.0,55.47222,3.0
1758075084.67829,34965.0,192.07143,47102.0,258.74295,999.0,27.75,1402.0,38.94444,3.0
1758075084.69614,34924.0,191.84618,47145.0,258.97916,621.0,17.25,355.0,9.86111,3.0
1758075084.7113,34909.0,191.76378,47142.0,258.96268,44.0,1.22222,-142.0,-3.94444,3.0
1758075084.71251,34910.0,191.76927,47129.0,258.89127,0.0,0.0,-365.0,-10.13889,3.0
1758075084.72733,34911.0,191.77477,47100.0,258.73196,-12.0,-0.33333,-703.0,-19.52778,3.0
1758075084.72932,34915.0,191.79674,47050.0,258.45731,-105.0,-2.91667,-1241.0,-34.47222,3.0
1758075084.74532,34927.0,191.86266,46964.0,257.98489,-388.0,-10.77778,-2074.0,-57.61111,3.0
1758075084.76129,34961.0,192.04945,46833.0,257.26529,-870.0,-24.16667,-2993.0,-83.13889,3.0
1758075084.76271,35019.0,192.36806,46656.0,256.29297,-1315.0,-36.52778,-3872.0,-107.55556,3.0
1758075084.77732,35101.0,192.8185,46436.0,255.08446,-1798.0,-49.94444,-4700.0,-130.55556,3.0
1758075084.77936,35202.0,193.37332,46179.0,253.67268,-2164.0,-60.11111,-5330.0,-148.05556,3.0
1758075084.79533,35318.0,194.01053,45896.0,252.1181,-2325.0,-64.58334,-5681.0,-157.80556,3.0
1758075084.81215,35434.0,194.64774,45605.0,250.51956,-2234.0,-62.05556,-5824.0,-161.77777,3.0
1758075084.81345,35549.0,195.27946,45305.0,248.8716,-2364.0,-65.66666,-6043.0,-167.86111,3.0
1758075084.82837,35686.0,196.03203,44987.0,247.12476,-2849.0,-79.13889,-6489.0,-180.25,3.0
1758075084.82914,35833.0,196.83955,44639.0,245.21309,-2929.0,-81.36111,-7248.0,-201.33333,3.0
1758075084.8452,35983.0,197.66354,44241.0,243.02678,-2958.0,-82.16666,-8344.0,-231.77777,3.0
1758075084.86245,36133.0,198.48752,43818.0,240.70312,-2916.0,-81.0,-8267.0,-229.63889,3.0
1758075084.86583,36267.0,199.22363,43416.0,238.49486,-2382.0,-66.16666,-7546.0,-209.61111,3.0
1758075084.88217,36358.0,199.72351,43068.0,236.58319,-1278.0,-35.5,-6311.0,-175.30556,3.0
1758075084.88501,36385.0,199.87183,42786.0,235.0341,35.0,0.97222,-5047.0,-140.19444,3.0
1758075084.90443,36358.0,199.72351,42565.0,233.82008,869.0,24.13889,-3904.0,-108.44444,3.0
1758075084.90594,36293.0,199.36646,42394.0,232.88075,1575.0,43.75,-3012.0,-83.66666,3.0
1758075084.92424,36201.0,198.86105,42264.0,232.16663,1929.0,53.58333,-2273.0,-63.13889,3.0
1758075084.92601,36100.0,198.30624,42159.0,231.58984,1996.0,55.44444,-1993.0,-55.36111,3.0
1758075084.94139,36004.0,197.7789,42057.0,231.02953,1775.0,49.30556,-2094.0,-58.16667,3.0
1758075084.9422,35929.0,197.3669,41937.0,230.37035,1245.0,34.58333,-2596.0,-72.11111,3.0
1758075084.95858,35880.0,197.09773,41786.0,229.54085,730.0,20.27778,-3271.0,-90.86111,3.0
1758075084.96185,35864.0,197.00984,41599.0,228.51361,20.0,0.55556,-3947.0,-109.63889,3.0
1758075084.97744,35869.0,197.03731,41381.0,227.3161,-131.0,-3.63889,-4487.0,-124.63889,3.0
1758075084.99612,35876.0,197.07576,41113.0,225.8439,-96.0,-2.66667,-4851.0,-134.75,3.0
1758075084.99652,35878.0,197.08675,40893.0,224.63539,0.0,0.0,-5046.0,-140.16667,3.0
1758075085.01246,35876.0,197.07576,40629.0,223.18518,10.0,0.27778,-5187.0,-144.08333,3.0
1758075085.0137,35876.0,197.07576,40372.0,221.77341,6.0,0.16667,-4942.0,-137.27777,3.0
1758075085.02933,35876.0,197.07576,40128.0,220.43306,0.0,0.0,-4770.0,-132.5,3.0
1758075085.03135,35876.0,197.07576,39884.0,219.0927,0.0,0.0,-4796.0,-133.22223,3.0
1758075085.04651,35876.0,197.07576,39641.0,217.75784,-19.0,-0.52778,-4840.0,-134.44444,3.0
1758075085.06256,35881.0,197.10323,39396.0,216.412,-138.0,-3.83333,-4944.0,-137.33333,3.0
1758075085.06329,35896.0,197.18562,39136.0,214.98375,-479.0,-13.30556,-5279.0,-146.63889,3.0
1758075085.0793,35935.0,197.39986,38858.0,213.45663,-994.0,-27.61111,-5680.0,-157.77777,3.0
1758075085.08047,36009.0,197.80637,38560.0,211.81964,-1828.0,-50.77778,-6023.0,-167.30556,3.0
1758075085.09711,36124.0,198.43808,38246.0,210.09476,-2598.0,-72.16666,-6373.0,-177.02777,3.0
1758075085.11254,36274.0,199.26208,37915.0,208.27649,-3257.0,-90.47222,-6585.0,-182.91667,3.0
1758075085.11383,36454.0,200.25085,37580.0,206.43626,-3775.0,-104.86111,-6549.0,-181.91667,3.0
1758075085.13168,36657.0,201.36598,37257.0,204.66194,-4125.0,-114.58334,-6269.0,-174.13889,3.0
1758075085.13206,36872.0,202.54703,36952.0,202.98648,-4289.0,-119.13889,-5774.0,-160.38889,3.0
1758075085.14765,37091.0,203.75006,36686.0,201.52528,-4325.0,-120.13889,-4866.0,-135.16667,3.0
1758075085.14877,37312.0,204.96407,36464.0,200.30579,-4378.0,-121.61111,-4050.0,-112.5,3.0
1758075085.16458,37535.0,206.18907,36281.0,199.30054,-4489.0,-124.69444,-3307.0,-91.86111,3.0
1758075085.1806,37767.0,207.4635,36135.0,198.4985,-4603.0,-127.86111,-2564.0,-71.22222,3.0
1758075085.18136,38004.0,208.76538,36021.0,197.87228,-4772.0,-132.55556,-1965.0,-54.58333,3.0
1758075085.19657,38257.0,210.15518,35938.0,197.41634,-5168.0,-143.55556,-1482.0,-41.16667,3.0
1758075085.21259,38534.0,211.67682,35871.0,197.04829,-5660.0,-157.22223,-1132.0,-31.44444,3.0
1758075085.21339,38833.0,213.31931,35818.0,196.75716,-6071.0,-168.63889,-1018.0,-28.27778,3.0
1758075085.22976,39152.0,215.07164,35771.0,196.49898,-6481.0,-180.02777,-842.0,-23.38889,3.0
1758075085.23105,39490.0,216.92836,35732.0,196.28474,-6788.0,-188.55556,-689.0,-19.13889,3.0
1758075085.247,39831.0,218.80156,35702.0,196.11992,-6733.0,-187.02777,-580.0,-16.11111,3.0
1758075085.26442,40173.0,220.68025,35673.0,195.96062,-6755.0,-187.63889,-587.0,-16.30556,3.0
1758075085.26506,40513.0,222.54794,35647.0,195.81779,-6612.0,-183.66667,-438.0,-12.16667,3.0
1758075085.28225,40836.0,224.32228,35627.0,195.70793,-6291.0,-174.75,-316.0,-8.77778,3.0
1758075085.28513,41151.0,226.05264,35611.0,195.62004,-6132.0,-170.33333,-399.0,-11.08333,3.0
1758075085.30147,41444.0,227.66217,35598.0,195.54863,-5456.0,-151.55556,-156.0,-4.33333,3.0
1758075085.3023,41705.0,229.0959,35591.0,195.51018,-4911.0,-136.41667,-120.0,-3.33333,3.0
1758075085.31881,41944.0,230.4088,35586.0,195.48271,-4525.0,-125.69444,-90.0,-2.5,3.0
1758075085.32014,42165.0,231.6228,35579.0,195.44426,-4206.0,-116.83334,-220.0,-6.11111,3.0
1758075085.33654,42368.0,232.73793,35557.0,195.32341,-3849.0,-106.91666,-543.0,-15.08333,3.0
1758075085.35277,42552.0,233.74867,35519.0,195.11467,-3491.0,-96.97222,-934.0,-25.94444,3.0
1758075085.35357,42718.0,234.66057,35467.0,194.82903,-3106.0,-86.27778,-1144.0,-31.77778,3.0
1758075085.37037,42861.0,235.44609,35398.0,194.44998,-2570.0,-71.38889,-1501.0,-41.69444,3.0
1758075085.37112,42972.0,236.05585,35316.0,193.99954,-1854.0,-51.5,-1665.0,-46.25,3.0
1758075085.38677,43042.0,236.44037,35225.0,193.49966,-955.0,-26.52778,-1817.0,-50.47222,3.0
1758075085.40281,43060.0,236.53925,35130.0,192.9778,51.0,1.41667,-2001.0,-55.58333,3.0
1758075085.40358,43060.0,236.53925,35027.0,192.412,9.0,0.25,-2082.0,-57.83333,3.0
1758075085.41881,43059.0,236.53375,34917.0,191.80772,17.0,0.47222,-2213.0,-61.47222,3.0
1758075085.41956,43058.0,236.52826,34800.0,191.16502,58.0,1.61111,-2271.0,-63.08333,3.0
1758075085.43482,43051.0,236.48981,34683.0,190.52231,208.0,5.77778,-2334.0,-64.83334,3.0
1758075085.45162,43039.0,236.42389,34565.0,189.87411,253.0,7.02778,-2256.0,-62.66667,3.0
1758075085.45238,43020.0,236.31952,34452.0,189.25339,439.0,12.19444,-2219.0,-61.63889,3.0
1758075085.46888,42993.0,236.1712,34345.0,188.66559,599.0,16.63889,-2076.0,-57.66667,3.0
1758075085.47069,42950.0,235.935,34245.0,188.11627,1044.0,29.0,-1922.0,-53.38889,3.0
1758075085.48682,42877.0,235.53398,34152.0,187.60539,1767.0,49.08333,-1767.0,-49.08333,3.0
1758075085.50453,42770.0,234.94621,34063.0,187.1165,2439.0,67.75,-1739.0,-48.30556,3.0
1758075085.50531,42617.0,234.10573,33983.0,186.67705,3502.0,97.27778,-1514.0,-42.05556,3.0
1758075085.5217,42403.0,232.93019,33918.0,186.31998,4805.0,133.47223,-1114.0,-30.94444,3.0
1758075085.52243,42117.0,231.35913,33872.0,186.06729,6250.0,173.61111,-832.0,-23.11111,3.0
1758075085.53871,41763.0,229.41451,33832.0,185.84756,7486.0,207.94444,-762.0,-21.16667,3.0
1758075085.54017,41354.0,227.16779,33795.0,185.64432,8554.0,237.61111,-725.0,-20.13889,3.0
1758075085.55668,40893.0,224.63539,33752.0,185.40811,9316.0,258.77777,-1000.0,-27.77778,3.0
1758075085.57481,40404.0,221.94919,33687.0,185.05106,9988.0,277.44446,-1506.0,-41.83333,3.0
1758075085.57652,39888.0,219.11467,33599.0,184.56763,10285.0,285.69446,-1975.0,-54.86111,3.0
1758075085.59229,39364.0,216.23622,33485.0,183.94141,10384.0,288.44446,-2410.0,-66.94444,3.0
1758075085.59269,38854.0,213.43466,33358.0,183.24376,9720.0,270.0,-2639.0,-73.30556,3.0
1758075085.60979,38374.0,210.7979,33221.0,182.4912,9265.0,257.36111,-2707.0,-75.19444,3.0
1758075085.61231,37921.0,208.30945,33086.0,181.74959,8757.0,243.25,-2588.0,-71.88889,3.0
1758075085.64598,37479.0,205.88142,32964.0,181.07942,8680.0,241.11111,-2208.0,-61.33333,3.0
1758075085.64781,37049.0,203.51935,32869.0,180.55756,8270.0,229.72223,-1585.0,-44.02778,3.0
1758075085.64929,36633.0,201.23415,32816.0,180.26642,8088.0,224.66667,-645.0,-17.91667,3.0
1758075085.65128,36234.0,199.04236,32810.0,180.23346,7714.0,214.27777,260.0,7.22222,3.0
1758075085.66883,35851.0,196.93843,32845.0,180.42572,7506.0,208.5,1027.0,28.52778,3.0
1758075085.66977,35483.0,194.91692,32926.0,180.87068,7075.0,196.52777,2062.0,57.27778,3.0
