timeStamp,motor_angle_L_uint16,motor_angle_L_float,motor_angle_R_uint16,motor_angle_R_float,motor_vel_L_int16,motor_vel_L_float,motor_vel_R_int16,motor_vel_R_float,flag_num
1758076300.21278,33254.0,182.67247,37863.0,207.99084,2967.0,82.41666,-1709.0,-47.47222,2.0
1758076300.21315,33088.0,181.76057,37783.0,207.55139,3490.0,96.94444,-1481.0,-41.13889,2.0
1758076300.22865,32899.0,180.72237,37713.0,207.16685,3919.0,108.86111,-1271.0,-35.30556,2.0
1758076300.22941,32692.0,179.58525,37655.0,206.84825,4245.0,117.91666,-1005.0,-27.91667,2.0
1758076300.24464,32472.0,178.37675,37610.0,206.60106,4409.0,122.47222,-854.0,-23.72222,2.0
1758076300.26059,32247.0,177.14076,37572.0,206.39232,4479.0,124.41666,-633.0,-17.58333,2.0
1758076300.26219,32021.0,175.89929,37547.0,206.25499,4504.0,125.11111,-403.0,-11.19444,2.0
1758076300.27758,31792.0,174.64133,37531.0,206.1671,4540.0,126.11111,-254.0,-7.05556,2.0
1758076300.27888,31566.0,173.39987,37522.0,206.11766,4418.0,122.72222,-97.0,-2.69444,2.0
1758076300.29556,31349.0,172.20782,37523.0,206.12315,4221.0,117.25,41.0,1.13889,2.0
1758076300.31167,31141.0,171.06523,37523.0,206.12315,4056.0,112.66666,-3.0,-0.08333,2.0
1758076300.31249,30942.0,169.97208,37523.0,206.12315,3828.0,106.33334,0.0,0.0,2.0
1758076300.32765,30756.0,168.95033,37523.0,206.12315,3521.0,97.80556,-3.0,-0.08333,2.0
1758076300.32964,30591.0,168.04395,37522.0,206.11766,3023.0,83.97222,-42.0,-1.16667,2.0
1758076300.34566,30460.0,167.32433,37517.0,206.09019,2246.0,62.38889,-191.0,-5.30556,2.0
1758076300.362,30376.0,166.8629,37490.0,205.94185,1171.0,32.52778,-834.0,-23.16667,2.0
1758076300.3624,30357.0,166.75853,37432.0,205.62325,-216.0,-6.0,-1345.0,-37.36111,2.0
1758076300.37838,30399.0,166.98924,37354.0,205.19478,-1290.0,-35.83333,-1632.0,-45.33333,2.0
1758076300.37925,30490.0,167.48912,37271.0,204.73885,-2204.0,-61.22222,-1609.0,-44.69444,2.0
1758076300.3947,30625.0,168.23071,37194.0,204.31586,-3004.0,-83.44444,-1454.0,-40.38889,2.0
1758076300.41064,30794.0,169.15907,37124.0,203.93134,-3571.0,-99.19444,-1328.0,-36.88889,2.0
1758076300.41226,30989.0,170.23026,37055.0,203.55231,-3923.0,-108.97222,-1389.0,-38.58333,2.0
1758076300.42766,31196.0,171.36737,36980.0,203.14029,-4214.0,-117.05556,-1574.0,-43.72222,2.0
1758076300.42891,31419.0,172.59235,36890.0,202.6459,-4573.0,-127.02778,-1920.0,-53.33333,2.0
1758076300.44471,31662.0,173.92722,36782.0,202.05264,-4991.0,-138.63889,-2292.0,-63.66667,2.0
1758076300.46148,31925.0,175.37193,36657.0,201.36598,-5321.0,-147.80556,-2592.0,-72.0,2.0
1758076300.46231,32204.0,176.90456,36518.0,200.60243,-5631.0,-156.41667,-2863.0,-79.52778,2.0
1758076300.47766,32501.0,178.53606,36364.0,199.75647,-6053.0,-168.13889,-3169.0,-88.02778,2.0
1758076300.47891,32815.0,180.26093,36199.0,198.85007,-6303.0,-175.08333,-3363.0,-93.41666,2.0
1758076300.49551,33139.0,182.04073,36025.0,197.89426,-6516.0,-181.0,-3453.0,-95.91666,2.0
1758076300.51173,33478.0,183.90295,35850.0,196.93294,-6791.0,-188.63889,-3450.0,-95.83334,2.0
1758076300.51256,33822.0,185.79263,35677.0,195.98259,-6756.0,-187.66667,-3396.0,-94.33334,2.0
1758076300.52769,34163.0,187.66582,35507.0,195.04875,-6740.0,-187.22223,-3312.0,-92.0,2.0
1758076300.52894,34504.0,189.53903,35343.0,194.14786,-6753.0,-187.58333,-3192.0,-88.66666,2.0
1758076300.54471,34842.0,191.39574,35184.0,193.27443,-6580.0,-182.77777,-3062.0,-85.05556,2.0
1758076300.56166,35170.0,193.19753,35035.0,192.45595,-6448.0,-179.11111,-2868.0,-79.66666,2.0
1758076300.56251,35494.0,194.97734,34895.0,191.68687,-6318.0,-175.5,-2661.0,-73.91666,2.0
1758076300.57768,35802.0,196.66927,34765.0,190.97276,-5912.0,-164.22223,-2488.0,-69.11111,2.0
1758076300.57892,36093.0,198.26779,34645.0,190.31357,-5604.0,-155.66667,-2302.0,-63.94444,2.0
1758076300.59551,36366.0,199.76746,34533.0,189.69833,-5237.0,-145.47223,-2079.0,-57.75,2.0
1758076300.61173,36616.0,201.14076,34433.0,189.14902,-4736.0,-131.55556,-1867.0,-51.86111,2.0
1758076300.61297,36843.0,202.38773,34344.0,188.6601,-4331.0,-120.30556,-1699.0,-47.19444,2.0
1758076300.6277,37051.0,203.53033,34264.0,188.22064,-3958.0,-109.94444,-1522.0,-42.27778,2.0
1758076300.62897,37239.0,204.56305,34191.0,187.81964,-3562.0,-98.94444,-1387.0,-38.52778,2.0
1758076300.6456,37408.0,205.49141,34123.0,187.44609,-3149.0,-87.47222,-1313.0,-36.47222,2.0
1758076300.66256,37556.0,206.30443,34057.0,187.08354,-2803.0,-77.86111,-1326.0,-36.83333,2.0
1758076300.66337,37689.0,207.03502,33988.0,186.70451,-2513.0,-69.80556,-1366.0,-37.94444,2.0
1758076300.67878,37807.0,207.68323,33916.0,186.30899,-2202.0,-61.16667,-1487.0,-41.30556,2.0
1758076300.67958,37911.0,208.25452,33837.0,185.87503,-1954.0,-54.27778,-1602.0,-44.5,2.0
1758076300.69558,38000.0,208.74341,33752.0,185.40811,-1613.0,-44.80556,-1703.0,-47.30556,2.0
1758076300.71184,38072.0,209.13895,33663.0,184.91919,-1273.0,-35.36111,-1802.0,-50.05556,2.0
1758076300.7126,38124.0,209.42459,33571.0,184.41382,-853.0,-23.69444,-1832.0,-50.88889,2.0
1758076300.72769,38154.0,209.58939,33478.0,183.90295,-401.0,-11.13889,-1846.0,-51.27778,2.0
1758076300.72894,38163.0,209.63882,33384.0,183.38658,0.0,0.0,-1874.0,-52.05556,2.0
1758076300.74478,38154.0,209.58939,33288.0,182.85924,280.0,7.77778,-1890.0,-52.5,2.0
1758076300.76082,38133.0,209.47403,33191.0,182.3264,518.0,14.38889,-1957.0,-54.36111,2.0
1758076300.76159,38100.0,209.29276,33092.0,181.78255,743.0,20.63889,-1976.0,-54.88889,2.0
1758076300.77684,38052.0,209.02908,32989.0,181.21675,1092.0,30.33333,-2054.0,-57.05556,2.0
1758076300.79283,37991.0,208.69397,32883.0,180.63446,1333.0,37.02778,-2142.0,-59.5,2.0
1758076300.79366,37920.0,208.30396,32770.0,180.01373,1446.0,40.16667,-2304.0,-64.0,2.0
1758076300.80958,37848.0,207.90845,32647.0,179.33806,1368.0,38.0,-2513.0,-69.80556,2.0
1758076300.81277,37782.0,207.5459,32512.0,178.59648,1229.0,34.13889,-2789.0,-77.47222,2.0
1758076300.83292,37723.0,207.22179,32365.0,177.78897,1079.0,29.97222,-3004.0,-83.44444,2.0
1758076300.83364,37673.0,206.94713,32207.0,176.92104,960.0,26.66667,-3191.0,-88.63889,2.0
1758076300.84882,37629.0,206.70543,32041.0,176.00916,798.0,22.16667,-3329.0,-92.47222,2.0
1758076300.8496,37591.0,206.49669,31870.0,175.06981,663.0,18.41667,-3390.0,-94.16666,2.0
1758076300.86488,37566.0,206.35936,31698.0,174.12497,363.0,10.08333,-3370.0,-93.61111,2.0
1758076300.88086,37554.0,206.29344,31529.0,173.19661,144.0,4.0,-3308.0,-91.88889,2.0
1758076300.88173,37550.0,206.27147,31365.0,172.29572,40.0,1.11111,-3204.0,-89.0,2.0
1758076300.8968,37550.0,206.27147,31209.0,171.43878,-20.0,-0.55556,-3010.0,-83.61111,2.0
1758076300.91286,37550.0,206.27147,31062.0,170.63127,0.0,0.0,-2819.0,-78.30556,2.0
1758076300.91368,37550.0,206.27147,30925.0,169.87869,0.0,0.0,-2650.0,-73.61111,2.0
1758076300.92992,37550.0,206.27147,30797.0,169.17555,7.0,0.19444,-2373.0,-65.91666,2.0
1758076300.93025,37550.0,206.27147,30684.0,168.55482,0.0,0.0,-2136.0,-59.33333,2.0
1758076300.94744,37550.0,206.27147,30583.0,168.0,0.0,0.0,-1868.0,-51.88889,2.0
1758076300.96287,37549.0,206.26598,30499.0,167.53856,0.0,0.0,-1448.0,-40.22222,2.0
1758076300.96366,37549.0,206.26598,30440.0,167.21446,34.0,0.94444,-847.0,-23.52778,2.0
1758076300.97889,37542.0,206.22752,30428.0,167.14854,239.0,6.63889,226.0,6.27778,2.0
1758076300.97965,37514.0,206.07372,30462.0,167.33531,896.0,24.88889,1032.0,28.66667,2.0
1758076300.99485,37442.0,205.67818,30540.0,167.76379,1849.0,51.36111,1954.0,54.27778,2.0
1758076301.0117,37319.0,205.00252,30672.0,168.48891,2904.0,80.66666,3133.0,87.02778,2.0
1758076301.01242,37141.0,204.02472,30865.0,169.54909,3910.0,108.61111,4314.0,119.83334,2.0
1758076301.02789,36921.0,202.81619,31113.0,170.91142,4605.0,127.91666,5314.0,147.61111,2.0
1758076301.02911,36676.0,201.47035,31402.0,172.49896,4939.0,137.19444,5988.0,166.33333,2.0
1758076301.04482,36423.0,200.08057,31717.0,174.22934,4989.0,138.58333,6339.0,176.08333,2.0
1758076301.06163,36173.0,198.70724,32043.0,176.02014,4850.0,134.72223,6490.0,180.27777,2.0
1758076301.06247,35933.0,197.38887,32372.0,177.82742,4649.0,129.13889,6547.0,181.86111,2.0
1758076301.07786,35704.0,196.13091,32708.0,179.67316,4414.0,122.61111,6677.0,185.47223,2.0
1758076301.07914,35488.0,194.94438,33047.0,181.53535,4143.0,115.08334,6691.0,185.86111,2.0
1758076301.09491,35286.0,193.83475,33385.0,183.39207,3737.0,103.80556,6711.0,186.41667,2.0
1758076301.11092,35112.0,192.87892,33725.0,185.2598,3159.0,87.75,6690.0,185.83333,2.0
1758076301.11171,34967.0,192.08241,34056.0,187.07805,2623.0,72.86111,6453.0,179.25,2.0
1758076301.12684,34847.0,191.4232,34381.0,188.86334,2184.0,60.66667,6387.0,177.41667,2.0
1758076301.14295,34745.0,190.8629,34698.0,190.60472,1880.0,52.22222,6103.0,169.52777,2.0
1758076301.14373,34657.0,190.37949,34999.0,192.25819,1632.0,45.33333,5858.0,162.72223,2.0
1758076301.15893,34582.0,189.9675,35290.0,193.85672,1385.0,38.47222,5695.0,158.19444,2.0
1758076301.15969,34517.0,189.61044,35571.0,195.40031,1165.0,32.36111,5411.0,150.30556,2.0
1758076301.17493,34464.0,189.31931,35837.0,196.86153,955.0,26.52778,5093.0,141.47223,2.0
1758076301.19175,34418.0,189.06659,36089.0,198.24582,883.0,24.52778,4877.0,135.47223,2.0
1758076301.19287,34377.0,188.84137,36330.0,199.5697,729.0,20.25,4645.0,129.02777,2.0
1758076301.20794,34340.0,188.63812,36558.0,200.82216,760.0,21.11111,4357.0,121.02778,2.0
1758076301.20919,34298.0,188.40741,36770.0,201.98672,889.0,24.69444,4064.0,112.88889,2.0
1758076301.22584,34243.0,188.10529,36970.0,203.08536,1192.0,33.11111,3870.0,107.5,2.0
1758076301.24201,34178.0,187.74823,37160.0,204.12909,1377.0,38.25,3634.0,100.94444,2.0
1758076301.24275,34105.0,187.34721,37337.0,205.10139,1495.0,41.52778,3395.0,94.30556,2.0
1758076301.25792,34028.0,186.92424,37500.0,205.99678,1576.0,43.77778,3112.0,86.44444,2.0
1758076301.25917,33945.0,186.46831,37652.0,206.83177,1707.0,47.41667,2821.0,78.36111,2.0
1758076301.27493,33854.0,185.96841,37788.0,207.57886,1882.0,52.27778,2579.0,71.63889,2.0
1758076301.29175,33753.0,185.4136,37911.0,208.25452,2063.0,57.30556,2313.0,64.25,2.0
1758076301.29253,33644.0,184.81482,38021.0,208.8588,2222.0,61.72222,2017.0,56.02778,2.0
1758076301.3079,33530.0,184.1886,38108.0,209.3367,2229.0,61.91667,1506.0,41.83333,2.0
1758076301.30916,33418.0,183.57336,38162.0,209.63333,2164.0,60.11111,659.0,18.30556,2.0
1758076301.32494,33314.0,183.00206,38170.0,209.67728,1974.0,54.83333,-166.0,-4.61111,2.0
1758076301.34175,33218.0,182.47472,38152.0,209.5784,1828.0,50.77778,-529.0,-14.69444,2.0
1758076301.37495,32904.0,180.74983,37907.0,208.23254,1398.0,38.83333,-1767.0,-49.08333,2.0
1758076301.39216,32832.0,180.35431,37811.0,207.7052,1470.0,40.83333,-1976.0,-54.88889,2.0
1758076301.39257,32753.0,179.92035,37709.0,207.14488,1683.0,46.75,-2034.0,-56.5,2.0
1758076301.40794,32658.0,179.39848,37608.0,206.59007,2060.0,57.22222,-1926.0,-53.5,2.0
1758076301.40917,32543.0,178.76677,37515.0,206.07921,2417.0,67.13889,-1779.0,-49.41667,2.0
1758076301.42508,32411.0,178.04166,37430.0,205.61226,2735.0,75.97222,-1576.0,-43.77778,2.0
1758076301.44097,32265.0,177.23964,37356.0,205.20576,2938.0,81.61111,-1375.0,-38.19444,2.0
1758076301.44177,32114.0,176.41016,37292.0,204.8542,3023.0,83.97222,-1183.0,-32.86111,2.0
1758076301.4579,31959.0,175.55872,37240.0,204.56854,3082.0,85.61111,-931.0,-25.86111,2.0
1758076301.459,31803.0,174.70175,37198.0,204.33783,3089.0,85.80556,-731.0,-20.30556,2.0
1758076301.47592,31650.0,173.8613,37168.0,204.17303,2968.0,82.44444,-490.0,-13.61111,2.0
1758076301.49203,31503.0,173.05379,37147.0,204.05768,2845.0,79.02778,-338.0,-9.38889,2.0
1758076301.49281,31364.0,172.29022,37139.0,204.01373,2683.0,74.52778,-34.0,-0.94444,2.0
1758076301.50797,31235.0,171.5816,37141.0,204.02472,2422.0,67.27778,52.0,1.44444,2.0
1758076301.50931,31121.0,170.95537,37142.0,204.03021,2090.0,58.05556,0.0,0.0,2.0
1758076301.52586,31029.0,170.44998,37142.0,204.03021,1586.0,44.05556,0.0,0.0,2.0
1758076301.54203,30967.0,170.10941,37141.0,204.02472,922.0,25.61111,-25.0,-0.69444,2.0
1758076301.54267,30940.0,169.96109,37140.0,204.01923,223.0,6.19444,-5.0,-0.13889,2.0
1758076301.55809,30950.0,170.01602,37135.0,203.99176,-467.0,-12.97222,-162.0,-4.5,2.0
1758076301.55931,30993.0,170.25223,37119.0,203.90387,-1208.0,-33.55556,-469.0,-13.02778,2.0
1758076301.57619,31080.0,170.73015,37087.0,203.72809,-2087.0,-57.97222,-784.0,-21.77778,2.0
1758076301.59207,31208.0,171.43329,37039.0,203.46442,-2867.0,-79.63889,-1059.0,-29.41667,2.0
1758076301.59289,31375.0,172.35065,36976.0,203.11832,-3628.0,-100.77778,-1365.0,-37.91667,2.0
1758076301.60804,31578.0,173.46579,36894.0,202.66788,-4330.0,-120.27778,-1802.0,-50.05556,2.0
1758076301.61012,31813.0,174.7567,36789.0,202.09109,-4873.0,-135.36111,-2260.0,-62.77778,2.0
1758076301.62767,32069.0,176.16296,36663.0,201.39894,-5225.0,-145.13889,-2638.0,-73.27778,2.0
1758076301.64309,32343.0,177.66812,36520.0,200.61342,-5567.0,-154.63889,-2935.0,-81.52778,2.0
1758076301.64388,32636.0,179.27763,36366.0,199.76746,-5936.0,-164.88889,-3147.0,-87.41666,2.0
1758076301.65901,32942.0,180.95857,36203.0,198.87204,-6147.0,-170.75,-3262.0,-90.61111,2.0
1758076301.65967,33260.0,182.70543,36035.0,197.94919,-6377.0,-177.13889,-3333.0,-92.58334,2.0
1758076301.67573,33589.0,184.5127,35866.0,197.02083,-6563.0,-182.30556,-3344.0,-92.88889,2.0
1758076301.6919,33920.0,186.33098,35699.0,196.10344,-6524.0,-181.22223,-3288.0,-91.33334,2.0
1758076301.69323,34249.0,188.13824,35535.0,195.20256,-6485.0,-180.13889,-3192.0,-88.66666,2.0
1758076301.70816,34580.0,189.95651,35376.0,194.32913,-6557.0,-182.13889,-3088.0,-85.77778,2.0
1758076301.70933,34905.0,191.74181,35223.0,193.48868,-6323.0,-175.63889,-2973.0,-82.58334,2.0
1758076301.72517,35224.0,193.49417,35078.0,192.69215,-6318.0,-175.5,-2785.0,-77.36111,2.0
1758076301.74262,35539.0,195.22453,34941.0,191.93956,-6114.0,-169.83333,-2613.0,-72.58334,2.0
1758076301.7433,35841.0,196.8835,34814.0,191.24193,-5872.0,-163.11111,-2454.0,-68.16666,2.0
1758076301.75903,36134.0,198.49301,34694.0,190.58275,-5739.0,-159.41667,-2265.0,-62.91667,2.0
1758076301.75971,36418.0,200.0531,34585.0,189.98398,-5388.0,-149.66667,-2101.0,-58.36111,2.0
1758076301.77503,36676.0,201.47035,34484.0,189.42917,-4883.0,-135.63889,-1897.0,-52.69444,2.0
1758076301.79105,36938.0,202.90958,34384.0,188.87982,-4499.0,-124.97222,-1671.0,-46.41667,2.0
1758076301.79172,37133.0,203.98077,34313.0,188.48981,-4184.0,-116.22222,-1527.0,-42.41667,2.0
1758076301.80704,37337.0,205.10139,34237.0,188.07233,-3927.0,-109.08334,-1500.0,-41.66667,2.0
1758076301.82306,37532.0,206.17259,34155.0,187.62187,-3821.0,-106.13889,-1668.0,-46.33333,2.0
1758076301.82374,37726.0,207.23827,34061.0,187.10551,-3860.0,-107.22222,-2010.0,-55.83333,2.0
1758076301.83935,37923.0,208.32043,33949.0,186.49028,-3954.0,-109.83334,-2430.0,-67.5,2.0
1758076301.83993,38124.0,209.42459,33809.0,185.72122,-3972.0,-110.33334,-3027.0,-84.08334,2.0
1758076301.8551,38326.0,210.53423,33636.0,184.77087,-3964.0,-110.11111,-3771.0,-104.75,2.0
1758076301.87197,38526.0,211.63286,33422.0,183.59534,-3927.0,-109.08334,-4612.0,-128.11111,2.0
1758076301.87272,38719.0,212.69305,33176.0,182.244,-3653.0,-101.47222,-4997.0,-138.80556,2.0
1758076301.88811,38891.0,213.63791,32915.0,180.81026,-3172.0,-88.11111,-5186.0,-144.05556,2.0
1758076301.89017,39026.0,214.37949,32665.0,179.43694,-2234.0,-62.05556,-4673.0,-129.80556,2.0
1758076301.90797,39105.0,214.81346,32452.0,178.26689,-969.0,-26.91667,-3853.0,-107.02778,2.0
1758076301.90922,39111.0,214.84642,32281.0,177.32753,435.0,12.08333,-3051.0,-84.75,2.0
1758076301.92678,39063.0,214.58275,32147.0,176.59143,1301.0,36.13889,-2368.0,-65.77778,2.0
1758076301.9422,38975.0,214.09933,32042.0,176.01465,2041.0,56.69444,-1870.0,-51.94444,2.0
1758076301.94342,38859.0,213.46213,31954.0,175.53125,2459.0,68.30556,-1606.0,-44.61111,2.0
1758076301.95821,38729.0,212.74799,31872.0,175.0808,2595.0,72.08334,-1687.0,-46.86111,2.0
1758076301.96018,38600.0,212.03937,31781.0,174.5809,2489.0,69.13889,-1914.0,-53.16667,2.0
1758076301.97614,38481.0,211.38567,31673.0,173.98764,2198.0,61.05556,-2273.0,-63.13889,2.0
1758076301.99221,38375.0,210.80339,31551.0,173.31746,2002.0,55.61111,-2493.0,-69.25,2.0
1758076301.99302,38277.0,210.26506,31424.0,172.61983,1863.0,51.75,-2493.0,-69.25,2.0
1758076302.00821,38185.0,209.75967,31299.0,171.93317,1808.0,50.22222,-2387.0,-66.30556,2.0
1758076302.01218,38096.0,209.27078,31186.0,171.31244,1709.0,47.47222,-2129.0,-59.13889,2.0
1758076302.028,38011.0,208.80383,31089.0,170.77959,1619.0,44.97222,-1729.0,-48.02778,2.0
1758076302.02922,37928.0,208.3479,31013.0,170.36209,1697.0,47.13889,-1340.0,-37.22222,2.0
1758076302.0452,37835.0,207.83704,30958.0,170.05997,1980.0,55.0,-841.0,-23.36111,2.0
1758076302.06208,37723.0,207.22179,30937.0,169.94461,2368.0,65.77778,-100.0,-2.77778,2.0
1758076302.06281,37591.0,206.49669,30952.0,170.02701,2743.0,76.19444,588.0,16.33333,2.0
1758076302.07823,37447.0,205.70564,31002.0,170.30167,2888.0,80.22222,1273.0,35.36111,2.0
1758076302.08027,37299.0,204.89265,31087.0,170.7686,2939.0,81.63889,2080.0,57.77778,2.0
1758076302.09625,37148.0,204.06317,31214.0,171.46625,3028.0,84.11111,2704.0,75.11111,2.0
1758076302.11227,36992.0,203.20624,31361.0,172.27374,3103.0,86.19444,2914.0,80.94444,2.0
1758076302.11304,36838.0,202.36026,31501.0,173.0428,2915.0,80.97222,2627.0,72.97222,2.0
1758076302.12818,36702.0,201.61317,31624.0,173.71848,2475.0,68.75,2342.0,65.05556,2.0
1758076302.131,36591.0,201.00343,31737.0,174.3392,1976.0,54.88889,2171.0,60.30556,2.0
1758076302.14807,36506.0,200.53651,31847.0,174.94347,1468.0,40.77778,2180.0,60.55556,2.0
1758076302.15012,36439.0,200.16846,31960.0,175.56421,1236.0,34.33333,2300.0,63.88889,2.0
1758076302.16812,36373.0,199.80591,32089.0,176.27283,1429.0,39.69444,2732.0,75.88889,2.0
1758076302.17174,36288.0,199.33899,32246.0,177.13527,1918.0,53.27778,3427.0,95.19444,2.0
1758076302.18805,36168.0,198.67978,32446.0,178.23392,2748.0,76.33334,4399.0,122.19444,2.0
1758076302.19171,36002.0,197.76791,32703.0,179.64568,3650.0,101.38889,5552.0,154.22223,2.0
1758076302.20808,35794.0,196.62532,33015.0,181.35957,4408.0,122.44444,6594.0,183.16667,2.0
1758076302.21167,35554.0,195.30693,33372.0,183.32066,4912.0,136.44444,7375.0,204.86111,2.0
1758076302.22805,35300.0,193.91165,33762.0,185.46304,5009.0,139.13889,7837.0,217.69444,2.0
1758076302.23006,35054.0,192.56032,34162.0,187.66032,4629.0,128.58333,7967.0,221.30556,2.0
1758076302.24785,34836.0,191.36278,34569.0,189.89609,4033.0,112.02778,8131.0,225.86111,2.0
1758076302.26331,34646.0,190.31906,34974.0,192.12086,3510.0,97.5,7882.0,218.94444,2.0
1758076302.26459,34483.0,189.42368,35374.0,194.31815,2996.0,83.22222,7845.0,217.91667,2.0
1758076302.2793,34344.0,188.6601,35767.0,196.47701,2582.0,71.72222,7666.0,212.94444,2.0
1758076302.28045,34221.0,187.98444,36154.0,198.60287,2286.0,63.5,7569.0,210.25,2.0
1758076302.29603,34108.0,187.36369,36534.0,200.69032,2208.0,61.33333,7419.0,206.08333,2.0
1758076302.31237,33996.0,186.74846,36908.0,202.74478,2214.0,61.5,7349.0,204.13889,2.0
1758076302.31318,33882.0,186.12222,37280.0,204.78828,2298.0,63.83333,7331.0,203.63889,2.0
1758076302.32943,33766.0,185.48502,37643.0,206.78233,2313.0,64.25,7045.0,195.69444,2.0
1758076302.33278,33647.0,184.8313,37999.0,208.73792,2391.0,66.41666,7020.0,195.0,2.0
1758076302.3483,33525.0,184.16113,38348.0,210.65508,2416.0,67.11111,6775.0,188.19444,2.0
1758076302.34956,33400.0,183.47447,38682.0,212.48981,2479.0,68.86111,6510.0,180.83333,2.0
1758076302.36532,33273.0,182.77684,39005.0,214.26413,2534.0,70.38889,6244.0,173.44444,2.0
1758076302.38216,33143.0,182.0627,39312.0,215.95058,2588.0,71.88889,5913.0,164.25,2.0
1758076302.38327,33019.0,181.38155,39592.0,217.48868,2296.0,63.77778,5245.0,145.69444,2.0
1758076302.39838,32909.0,180.7773,39838.0,218.84001,2042.0,56.72222,4586.0,127.38889,2.0
1758076302.39952,32811.0,180.23895,40051.0,220.01006,1884.0,52.33333,3960.0,110.0,2.0
1758076302.41616,32719.0,179.73358,40235.0,221.02083,1794.0,49.83333,3446.0,95.72222,2.0
1758076302.43241,32630.0,179.24467,40397.0,221.91074,1731.0,48.08333,3017.0,83.80556,2.0
1758076302.43315,32540.0,178.75029,40541.0,222.70175,1791.0,49.75,2667.0,74.08334,2.0
1758076302.44834,32448.0,178.24492,40665.0,223.38293,1863.0,51.75,2281.0,63.36111,2.0
1758076302.44959,32353.0,177.72305,40770.0,223.95972,1850.0,51.38889,1863.0,51.75,2.0
1758076302.46536,32268.0,177.25612,40845.0,224.37172,1533.0,42.58333,1153.0,32.02778,2.0
1758076302.48216,32204.0,176.90456,40874.0,224.53102,1049.0,29.13889,63.0,1.75,2.0
1758076302.48341,32171.0,176.72327,40859.0,224.44862,379.0,10.52778,-419.0,-11.63889,2.0
1758076302.49834,32168.0,176.70679,40828.0,224.27832,-107.0,-2.97222,-775.0,-21.52778,2.0
1758076302.49957,32179.0,176.76721,40777.0,223.99817,-262.0,-7.27778,-1212.0,-33.66667,2.0
1758076302.51619,32196.0,176.86061,40702.0,223.58618,-393.0,-10.91667,-1682.0,-46.72222,2.0
1758076302.53318,32217.0,176.97597,40605.0,223.05334,-382.0,-10.61111,-2082.0,-57.83333,2.0
1758076302.53556,32231.0,177.05287,40488.0,222.41061,-167.0,-4.63889,-2492.0,-69.22222,2.0
1758076302.55215,32232.0,177.05836,40350.0,221.65256,90.0,2.5,-2859.0,-79.41666,2.0
1758076302.55301,32224.0,177.01442,40193.0,220.79012,191.0,5.30556,-3265.0,-90.69444,2.0
1758076302.56834,32212.0,176.9485,40019.0,219.83427,274.0,7.61111,-3570.0,-99.16666,2.0
1758076302.56961,32200.0,176.88258,39833.0,218.81255,241.0,6.69444,-3805.0,-105.69444,2.0
1758076302.58784,32184.0,176.79468,39634.0,217.71939,401.0,11.13889,-3999.0,-111.08334,2.0
1758076302.60344,32159.0,176.65735,39425.0,216.5713,627.0,17.41667,-4233.0,-117.58334,2.0
1758076302.60542,32120.0,176.44312,39197.0,215.31883,865.0,24.02778,-4728.0,-131.33333,2.0
1758076302.62044,32073.0,176.18494,38938.0,213.89609,955.0,26.52778,-5382.0,-149.5,2.0
1758076302.62121,32036.0,175.98169,38642.0,212.27008,566.0,15.72222,-6008.0,-166.88889,2.0
1758076302.63644,32022.0,175.90479,38328.0,210.54521,102.0,2.83333,-6297.0,-174.91667,2.0
1758076302.65238,32021.0,175.89929,38011.0,208.80383,0.0,0.0,-6117.0,-169.91667,2.0
1758076302.65317,32014.0,175.86084,37717.0,207.18883,282.0,7.83333,-5567.0,-154.63889,2.0
1758076302.66834,31991.0,175.7345,37451.0,205.72762,637.0,17.69444,-5066.0,-140.72223,2.0
1758076302.66958,31951.0,175.51477,37208.0,204.39276,864.0,24.0,-4577.0,-127.13889,2.0
1758076302.68782,31909.0,175.28404,36993.0,203.21173,730.0,20.27778,-3966.0,-110.16666,2.0
1758076302.70348,31887.0,175.16319,36810.0,202.20645,202.0,5.61111,-3407.0,-94.63889,2.0
1758076302.7043,31893.0,175.19615,36650.0,201.32753,-347.0,-9.63889,-3077.0,-85.47222,2.0
1758076302.72021,31931.0,175.40489,36494.0,200.4706,-1061.0,-29.47222,-3093.0,-85.91666,2.0
1758076302.72218,32007.0,175.82239,36326.0,199.54773,-1887.0,-52.41667,-3479.0,-96.63889,2.0
1758076302.7375,32132.0,176.50903,36135.0,198.4985,-2890.0,-80.27778,-4018.0,-111.61111,2.0
1758076302.75355,32311.0,177.49232,35918.0,197.30647,-4017.0,-111.58334,-4535.0,-125.97222,2.0
1758076302.75467,32545.0,178.77776,35674.0,195.96611,-5089.0,-141.36111,-5010.0,-139.16667,2.0
1758076302.77025,32828.0,180.33234,35411.0,194.52139,-5911.0,-164.19444,-5340.0,-148.33333,2.0
1758076302.77088,33146.0,182.07918,35140.0,193.03273,-6524.0,-181.22223,-5288.0,-146.88889,2.0
1758076302.78775,33491.0,183.97437,34880.0,191.60448,-7008.0,-194.66667,-4987.0,-138.52777,2.0
1758076302.80354,33855.0,185.97391,34638.0,190.27512,-7157.0,-198.80556,-4554.0,-126.5,2.0
1758076302.80429,34220.0,187.97894,34425.0,189.10504,-7264.0,-201.77777,-3892.0,-108.11111,2.0
1758076302.82115,34595.0,190.03891,34249.0,188.13824,-7486.0,-207.94444,-3108.0,-86.33334,2.0
1758076302.8219,34971.0,192.10439,34114.0,187.39665,-7465.0,-207.36111,-2359.0,-65.52778,2.0
1758076302.83746,35355.0,194.21378,34013.0,186.84184,-7651.0,-212.52777,-1675.0,-46.52778,2.0
1758076302.85349,35744.0,196.35066,33942.0,186.45183,-7655.0,-212.63889,-1221.0,-33.91667,2.0
1758076302.85546,36133.0,198.48752,33894.0,186.18814,-7819.0,-217.19444,-766.0,-21.27778,2.0
1758076302.8709,36532.0,200.67934,33862.0,186.01236,-7884.0,-219.0,-550.0,-15.27778,2.0
1758076302.87129,36933.0,202.88211,33838.0,185.88052,-7945.0,-220.69444,-453.0,-12.58333,2.0
1758076302.88853,37341.0,205.12337,33817.0,185.76517,-8075.0,-224.30556,-420.0,-11.66667,2.0
1758076302.88974,37741.0,207.32066,33799.0,185.66629,-7891.0,-219.19444,-331.0,-9.19444,2.0
1758076302.9065,38139.0,209.50699,33785.0,185.58939,-7832.0,-217.55556,-276.0,-7.66667,2.0
1758076302.92334,38529.0,211.64935,33767.0,185.49051,-7543.0,-209.52777,-384.0,-10.66667,2.0
1758076302.92412,38908.0,213.73129,33740.0,185.34219,-7440.0,-206.66667,-647.0,-17.97222,2.0
1758076302.93944,39271.0,215.72533,33698.0,185.11148,-6888.0,-191.33333,-969.0,-26.91667,2.0
1758076302.94012,39602.0,217.54361,33642.0,184.80383,-6285.0,-174.58333,-1181.0,-32.80556,2.0
1758076302.95649,39895.0,219.15312,33581.0,184.46875,-5349.0,-148.58333,-1190.0,-33.05556,2.0
1758076302.97245,40135.0,220.47151,33522.0,184.14465,-4284.0,-119.0,-1112.0,-30.88889,2.0
1758076302.97337,40322.0,221.49875,33463.0,183.82056,-3234.0,-89.83334,-1222.0,-33.94444,2.0
1758076302.98852,40460.0,222.25681,33395.0,183.44701,-2314.0,-64.27778,-1431.0,-39.75,2.0
1758076302.99097,40553.0,222.76767,33315.0,183.00755,-1483.0,-41.19444,-1739.0,-48.30556,2.0
1758076303.00752,40602.0,223.03687,33216.0,182.46373,-615.0,-17.08333,-2131.0,-59.19444,2.0
1758076303.02466,40609.0,223.07532,33102.0,181.83748,104.0,2.88889,-2274.0,-63.16667,2.0
1758076303.02505,40591.0,222.97644,32986.0,181.20027,615.0,17.08333,-2248.0,-62.44444,2.0
1758076303.04296,40538.0,222.68527,32879.0,180.61249,1401.0,38.91667,-2010.0,-55.83333,2.0
1758076303.04456,40442.0,222.15793,32788.0,180.11261,2271.0,63.08333,-1679.0,-46.63889,2.0
1758076303.06289,40300.0,221.37788,32715.0,179.71161,3171.0,88.08334,-1248.0,-34.66667,2.0
1758076303.0679,40113.0,220.35066,32659.0,179.40398,4043.0,112.30556,-1020.0,-28.33333,2.0
1758076303.08434,39885.0,219.09819,32614.0,179.15678,4786.0,132.94444,-798.0,-22.16667,2.0
1758076303.08511,39625.0,217.66995,32575.0,178.94255,5323.0,147.86111,-774.0,-21.5,2.0
1758076303.10206,39345.0,216.13185,32531.0,178.70085,5682.0,157.83333,-949.0,-26.36111,2.0
1758076303.10275,39046.0,214.48936,32484.0,178.44267,6121.0,170.02777,-867.0,-24.08333,2.0
1758076303.11967,38731.0,212.75897,32445.0,178.22842,6242.0,173.38889,-750.0,-20.83333,2.0
1758076303.12266,38409.0,210.99016,32414.0,178.05814,6468.0,179.66667,-504.0,-14.0,2.0
1758076303.13762,38070.0,209.12796,32396.0,177.95926,6712.0,186.44444,-221.0,-6.13889,2.0
1758076303.15361,37726.0,207.23827,32395.0,177.95377,6912.0,192.0,7.0,0.19444,2.0
1758076303.15476,37364.0,205.24971,32395.0,177.95377,7346.0,204.05556,-9.0,-0.25,2.0
1758076303.1706,36987.0,203.17874,32394.0,177.94827,7304.0,202.88889,-47.0,-1.30556,2.0
1758076303.17178,36649.0,201.32204,32389.0,177.92081,6150.0,170.83333,-157.0,-4.36111,2.0
1758076303.18653,36371.0,199.79492,32374.0,177.83841,4908.0,136.33333,-439.0,-12.19444,2.0
1758076303.20258,36167.0,198.67429,32343.0,177.66812,3379.0,93.86111,-738.0,-20.5,2.0
1758076303.20334,36037.0,197.96017,32293.0,177.39345,1928.0,53.55556,-1191.0,-33.08333,2.0
1758076303.21939,35971.0,197.59763,32225.0,177.01991,845.0,23.47222,-1368.0,-38.0,2.0
1758076303.2233,35951.0,197.48775,32159.0,176.65735,109.0,3.02778,-1242.0,-34.5,2.0
1758076303.23857,35954.0,197.50423,32107.0,176.3717,-67.0,-1.86111,-806.0,-22.38889,2.0
1758076303.24004,35953.0,197.49873,32086.0,176.25635,58.0,1.61111,-95.0,-2.63889,2.0
1758076303.25762,35948.0,197.47127,32093.0,176.2948,129.0,3.58333,198.0,5.5,2.0
1758076303.2744,35938.0,197.41634,32103.0,176.34973,227.0,6.30556,218.0,6.05556,2.0
1758076303.27691,35922.0,197.32845,32121.0,176.44861,382.0,10.61111,459.0,12.75,2.0
1758076303.29367,35903.0,197.22408,32150.0,176.60791,390.0,10.83333,634.0,17.61111,2.0
1758076303.2972,35880.0,197.09773,32185.0,176.80017,538.0,14.94444,723.0,20.08333,2.0
1758076303.31595,35845.0,196.90547,32228.0,177.03639,818.0,22.72222,966.0,26.83333,2.0
1758076303.31656,35793.0,196.61983,32287.0,177.36049,1249.0,34.69444,1368.0,38.0,2.0
1758076303.33422,35709.0,196.15837,32373.0,177.83292,2050.0,56.94444,2014.0,55.94444,2.0
1758076303.33707,35580.0,195.44975,32502.0,178.54155,2942.0,81.72222,2982.0,82.83334,2.0
1758076303.35344,35403.0,194.47745,32683.0,179.53581,3885.0,107.91666,4034.0,112.05556,2.0
1758076303.3542,35186.0,193.28542,32915.0,180.81026,4573.0,127.02778,4943.0,137.30556,2.0
1758076303.36961,34945.0,191.96156,33187.0,182.30443,4887.0,135.75,5662.0,157.27777,2.0
1758076303.37101,34696.0,190.59373,33486.0,183.9469,4928.0,136.88889,6137.0,170.47223,2.0
1758076303.38838,34452.0,189.25339,33804.0,185.69376,4673.0,129.80556,6334.0,175.94444,2.0
1758076303.40373,34229.0,188.02838,34129.0,187.47905,4182.0,116.16666,6477.0,179.91667,2.0
1758076303.40442,34033.0,186.95171,34460.0,189.29733,3633.0,100.91666,6603.0,183.41667,2.0
1758076303.4213,33864.0,186.02335,34798.0,191.15404,3149.0,87.47222,6653.0,184.80556,2.0
1758076303.42203,33718.0,185.22134,35131.0,192.98329,2710.0,75.27778,6554.0,182.05556,2.0
1758076303.43758,33592.0,184.52917,35466.0,194.82353,2358.0,65.5,6663.0,185.08333,2.0
1758076303.45374,33481.0,183.91943,35801.0,196.66377,2088.0,58.0,6558.0,182.16667,2.0
1758076303.45439,33380.0,183.36461,36134.0,198.49301,1937.0,53.80556,6643.0,184.52777,2.0
1758076303.4697,33285.0,182.84276,36472.0,200.34973,1857.0,51.58333,6674.0,185.38889,2.0
1758076303.47326,33188.0,182.30992,36806.0,202.18448,1889.0,52.47222,6545.0,181.80556,2.0
1758076303.48944,33091.0,181.77705,37140.0,204.01923,1928.0,53.55556,6607.0,183.52777,2.0
1758076303.49154,32994.0,181.24422,37468.0,205.821,1945.0,54.02778,6360.0,176.66667,2.0
1758076303.50767,32895.0,180.70038,37783.0,207.55139,1962.0,54.5,6140.0,170.55556,2.0
1758076303.52367,32794.0,180.14557,38088.0,209.22684,1975.0,54.86111,5904.0,164.0,2.0
1758076303.52479,32692.0,179.58525,38378.0,210.81987,2046.0,56.83333,5564.0,154.55556,2.0
1758076303.53965,32588.0,179.01396,38651.0,212.31952,2094.0,58.16667,5252.0,145.88889,2.0
1758076303.54284,32481.0,178.42619,38907.0,213.7258,2125.0,59.02778,4945.0,137.36111,2.0
1758076303.55945,32380.0,177.87137,39138.0,214.99474,1845.0,51.25,4273.0,118.69444,2.0
1758076303.56309,32293.0,177.39345,39331.0,216.05495,1637.0,45.47222,3479.0,96.63889,2.0
1758076303.58295,32214.0,176.95949,39486.0,216.90639,1535.0,42.63889,2776.0,77.11111,2.0
1758076303.58458,32137.0,176.5365,39611.0,217.59305,1532.0,42.55556,2197.0,61.02778,2.0
1758076303.60316,32055.0,176.08606,39708.0,218.12589,1696.0,47.11111,1652.0,45.88889,2.0
1758076303.60449,31971.0,175.62463,39770.0,218.46646,1636.0,45.44444,918.0,25.5,2.0
1758076303.62244,31895.0,175.20714,39790.0,218.57632,1376.0,38.22222,20.0,0.55556,2.0
1758076303.62286,31834.0,174.87206,39782.0,218.53238,1098.0,30.5,-148.0,-4.11111,2.0
1758076303.64014,31790.0,174.63034,39765.0,218.439,704.0,19.55556,-503.0,-13.97222,2.0
1758076303.64235,31767.0,174.504,39727.0,218.23026,277.0,7.69444,-952.0,-26.44444,2.0
1758076303.65769,31764.0,174.48752,39662.0,217.8732,-66.0,-1.83333,-1534.0,-42.61111,2.0
1758076303.67567,31769.0,174.51498,39569.0,217.36234,-81.0,-2.25,-2080.0,-57.77778,2.0
1758076303.67608,31774.0,174.54245,39447.0,216.69215,-110.0,-3.05556,-2601.0,-72.25,2.0
1758076303.69339,31780.0,174.57541,39297.0,215.86818,-77.0,-2.13889,-3215.0,-89.30556,2.0
1758076303.69416,31780.0,174.57541,39119.0,214.89037,65.0,1.80556,-3767.0,-104.63889,2.0
1758076303.71376,31774.0,174.54245,38916.0,213.77524,105.0,2.91667,-4201.0,-116.69444,2.0
1758076303.71421,31773.0,174.53696,38697.0,212.5722,-60.0,-1.66667,-4397.0,-122.13889,2.0
1758076303.73365,31776.0,174.55344,38466.0,211.30327,15.0,0.41667,-4676.0,-129.88889,2.0
1758076303.73621,31773.0,174.53696,38223.0,209.96841,117.0,3.25,-4920.0,-136.66667,2.0
1758076303.75577,31762.0,174.47653,37964.0,208.54565,304.0,8.44444,-5285.0,-146.80556,2.0
1758076303.75828,31741.0,174.36118,37685.0,207.01305,412.0,11.44444,-5783.0,-160.63889,2.0
1758076303.7749,31723.0,174.2623,37377.0,205.32112,268.0,7.44444,-6332.0,-175.88889,2.0
1758076303.7753,31716.0,174.22385,37058.0,203.56879,114.0,3.16667,-6264.0,-174.0,2.0
1758076303.79258,31709.0,174.18539,36765.0,201.95926,207.0,5.75,-5394.0,-149.83333,2.0
1758076303.79335,31688.0,174.07004,36517.0,200.59694,607.0,16.86111,-4566.0,-126.83334,2.0
1758076303.80957,31648.0,173.85031,36309.0,199.45435,910.0,25.27778,-3736.0,-103.77778,2.0
1758076303.81161,31593.0,173.54819,36145.0,198.55344,1190.0,33.05556,-2928.0,-81.33334,2.0
1758076303.82768,31533.0,173.21858,36015.0,197.83932,1126.0,31.27778,-2371.0,-65.86111,2.0
1758076303.84568,31491.0,172.98787,35900.0,197.2076,556.0,15.44444,-2285.0,-63.47222,2.0
1758076303.84702,31487.0,172.9659,35777.0,196.53194,-258.0,-7.16667,-2618.0,-72.72222,2.0
1758076303.86276,31523.0,173.16365,35628.0,195.71342,-1136.0,-31.55556,-3208.0,-89.11111,2.0
1758076303.86356,31608.0,173.63058,35449.0,194.73013,-2068.0,-57.44444,-3788.0,-105.22222,2.0
1758076303.87957,31737.0,174.3392,35248.0,193.62601,-2856.0,-79.33334,-4104.0,-114.0,2.0
1758076303.88319,31900.0,175.2346,35039.0,192.47792,-3405.0,-94.58334,-4136.0,-114.88889,2.0
1758076303.90282,32083.0,176.23987,34829.0,191.32433,-3766.0,-104.61111,-4138.0,-114.94444,2.0
1758076303.9035,32280.0,177.32204,34622.0,190.18723,-4021.0,-111.69444,-4025.0,-111.80556,2.0
1758076303.91996,32491.0,178.48112,34423.0,189.09406,-4321.0,-120.02778,-3810.0,-105.83334,2.0
1758076303.92349,32719.0,179.73358,34236.0,188.06683,-4648.0,-129.11111,-3592.0,-99.77778,2.0
1758076303.94143,32962.0,181.06844,34057.0,187.08354,-4978.0,-138.27777,-3483.0,-96.75,2.0
1758076303.9424,33229.0,182.53514,33885.0,186.1387,-5515.0,-153.19444,-3376.0,-93.77778,2.0
1758076303.95787,33527.0,184.17212,33718.0,185.22134,-6168.0,-171.33333,-3233.0,-89.80556,2.0
1758076303.99742,33858.0,185.99039,33558.0,184.34241,-6797.0,-188.80556,-3094.0,-85.94444,2.0
1758076303.99791,34218.0,187.96796,33405.0,183.50194,-7377.0,-204.91667,-2926.0,-81.27778,2.0
1758076303.99906,34611.0,190.1268,33264.0,182.7274,-8033.0,-223.13889,-2675.0,-74.30556,2.0
1758076303.99977,35027.0,192.412,33136.0,182.02425,-8435.0,-234.30556,-2388.0,-66.33334,2.0
1758076304.00244,35468.0,194.83452,33027.0,181.42549,-8890.0,-246.94444,-2016.0,-56.0,2.0
1758076304.01786,35915.0,197.28999,32937.0,180.93111,-8867.0,-246.30556,-1630.0,-45.27778,2.0
1758076304.03621,36368.0,199.77844,32865.0,180.53558,-9006.0,-250.16667,-1212.0,-33.66667,2.0
1758076304.03709,36816.0,202.23941,32813.0,180.24994,-8809.0,-244.69444,-898.0,-24.94444,2.0
1758076304.05286,37260.0,204.67842,32775.0,180.0412,-8743.0,-242.86111,-652.0,-18.11111,2.0
1758076304.05377,37689.0,207.03502,32751.0,179.90936,-8267.0,-229.63889,-368.0,-10.22222,2.0
1758076304.06959,38103.0,209.30923,32741.0,179.85443,-8081.0,-224.47223,-117.0,-3.25,2.0
1758076304.07248,38504.0,211.51201,32738.0,179.83795,-7732.0,-214.77777,-26.0,-0.72222,2.0
1758076304.08959,38887.0,213.61594,32736.0,179.82697,-7503.0,-208.41667,-37.0,-1.02778,2.0
1758076304.09244,39245.0,215.5825,32736.0,179.82697,-6669.0,-185.25,0.0,0.0,2.0
1758076304.1094,39559.0,217.3074,32736.0,179.82697,-5870.0,-163.05556,-2.0,-0.05556,2.0
1758076304.11065,39836.0,218.82903,32735.0,179.82147,-5215.0,-144.86111,-23.0,-0.63889,2.0
1758076304.1276,40081.0,220.17488,32732.0,179.80499,-4539.0,-126.08334,-101.0,-2.80556,2.0
1758076304.1439,40285.0,221.29549,32728.0,179.78302,-3666.0,-101.83334,-62.0,-1.72222,2.0
1758076304.14468,40440.0,222.14694,32727.0,179.77753,-2586.0,-71.83334,0.0,0.0,2.0
1758076304.15985,40538.0,222.68527,32728.0,179.78302,-1402.0,-38.94444,0.0,0.0,2.0
1758076304.16066,40572.0,222.87204,32729.0,179.78851,-136.0,-3.77778,7.0,0.19444,2.0
1758076304.17586,40557.0,222.78964,32730.0,179.79401,517.0,14.36111,2.0,0.05556,2.0
1758076304.19184,40513.0,222.54794,32731.0,179.7995,1114.0,30.94444,0.0,0.0,2.0
1758076304.19301,40438.0,222.13596,32731.0,179.7995,1744.0,48.44444,6.0,0.16667,2.0
1758076304.20783,40328.0,221.53171,32733.0,179.81049,2466.0,68.5,27.0,0.75,2.0
1758076304.22383,40181.0,220.7242,32735.0,179.82147,3200.0,88.88889,31.0,0.86111,2.0
1758076304.225,39999.0,219.72441,32736.0,179.82697,3923.0,108.97222,0.0,0.0,2.0
1758076304.24024,39783.0,218.53787,32736.0,179.82697,4550.0,126.38889,0.0,0.0,2.0
1758076304.24069,39540.0,217.20302,32736.0,179.82697,5005.0,139.02777,31.0,0.86111,2.0
1758076304.25664,39272.0,215.73082,32740.0,179.84894,5575.0,154.86111,151.0,4.19444,2.0
1758076304.27278,38971.0,214.07736,32759.0,179.95331,6178.0,171.61111,516.0,14.33333,2.0
1758076304.27533,38644.0,212.28107,32797.0,180.16205,6676.0,185.44444,963.0,26.75,2.0
1758076304.29166,38291.0,210.34196,32850.0,180.45319,7228.0,200.77777,962.0,26.72222,2.0
1758076304.29249,37903.0,208.21057,32892.0,180.6839,7961.0,221.13889,681.0,18.91667,2.0
1758076304.3078,37518.0,206.09569,32910.0,180.78279,7223.0,200.63889,-5.0,-0.13889,2.0
1758076304.3238,37182.0,204.24994,32897.0,180.71138,6148.0,170.77777,-345.0,-9.58333,2.0
1758076304.32451,36915.0,202.78323,32871.0,180.56854,4513.0,125.36111,-724.0,-20.11111,2.0
1758076304.34233,36736.0,201.79996,32819.0,180.2829,2819.0,78.30556,-1324.0,-36.77778,2.0
1758076304.34309,36639.0,201.26711,32735.0,179.82147,1286.0,35.72222,-1883.0,-52.30556,2.0
1758076304.3589,36609.0,201.10231,32631.0,179.25017,109.0,3.02778,-2126.0,-59.05556,2.0
1758076304.36012,36617.0,201.14626,32525.0,178.66789,-252.0,-7.0,-2048.0,-56.88889,2.0
1758076304.37588,36626.0,201.19569,32434.0,178.168,-47.0,-1.30556,-1565.0,-43.47222,2.0
1758076304.39184,36622.0,201.17372,32374.0,177.83841,109.0,3.02778,-903.0,-25.08333,2.0
1758076304.39252,36611.0,201.1133,32353.0,177.72305,323.0,8.97222,-6.0,-0.16667,2.0
1758076304.40808,36585.0,200.97047,32364.0,177.78348,680.0,18.88889,227.0,6.30556,2.0
1758076304.42473,36532.0,200.67934,32379.0,177.86588,1337.0,37.13889,350.0,9.72222,2.0
1758076304.42547,36444.0,200.19592,32403.0,177.99771,2036.0,56.55556,615.0,17.08333,2.0
1758076304.44168,36323.0,199.53125,32440.0,178.20096,2625.0,72.91666,839.0,23.30556,2.0
1758076304.44235,36181.0,198.75119,32490.0,178.47563,2907.0,80.75,1068.0,29.66667,2.0
1758076304.4579,36029.0,197.91623,32546.0,178.78325,2976.0,82.66666,1103.0,30.63889,2.0
1758076304.47397,35878.0,197.08675,32598.0,179.06889,2959.0,82.19444,998.0,27.72222,2.0
1758076304.47591,35731.0,196.27925,32646.0,179.33257,2887.0,80.19444,921.0,25.58333,2.0
1758076304.49131,35584.0,195.47173,32693.0,179.59074,2897.0,80.47222,909.0,25.25,2.0
1758076304.4917,35430.0,194.62576,32744.0,179.87091,3107.0,86.30556,1175.0,32.63889,2.0
1758076304.50686,35263.0,193.7084,32819.0,180.2829,3482.0,96.72222,1720.0,47.77778,2.0
1758076304.52582,35072.0,192.65919,32928.0,180.88167,3967.0,110.19444,2564.0,71.22222,2.0
1758076304.52712,34858.0,191.48363,33086.0,181.74959,4376.0,121.55556,3557.0,98.80556,2.0
1758076304.54289,34628.0,190.22018,33296.0,182.90318,4601.0,127.80556,4551.0,126.41666,2.0
1758076304.54394,34397.0,188.95123,33554.0,184.32043,4510.0,125.27778,5437.0,151.02777,2.0
1758076304.55973,34177.0,187.74274,33849.0,185.94095,4181.0,116.13889,6095.0,169.30556,2.0
1758076304.56184,33978.0,186.64958,34169.0,187.69878,3703.0,102.86111,6495.0,180.41667,2.0
1758076304.57798,33805.0,185.69925,34508.0,189.561,3146.0,87.38889,6837.0,189.91667,2.0
1758076304.59583,33664.0,184.92471,34861.0,191.50011,2531.0,70.30556,6996.0,194.33333,2.0
1758076304.59622,33554.0,184.32043,35216.0,193.45023,1897.0,52.69444,7078.0,196.61111,2.0
1758076304.61196,33472.0,183.87,35578.0,195.43877,1376.0,38.22222,7150.0,198.61111,2.0
1758076304.61275,33415.0,183.55688,35940.0,197.42732,988.0,27.44444,7160.0,198.88889,2.0
1758076304.62796,33371.0,183.31517,36305.0,199.43237,814.0,22.61111,7246.0,201.27777,2.0
1758076304.64395,33333.0,183.10643,36674.0,201.45937,636.0,17.66667,7290.0,202.5,2.0
1758076304.64475,33303.0,182.94164,37043.0,203.48639,606.0,16.83333,7379.0,204.97223,2.0
1758076304.6624,33269.0,182.75487,37424.0,205.5793,713.0,19.80556,7376.0,204.88889,2.0
1758076304.66315,33230.0,182.54063,37793.0,207.60632,814.0,22.61111,7257.0,201.58333,2.0
1758076304.67913,33189.0,182.31541,38157.0,209.60587,838.0,23.27778,7099.0,197.19444,2.0
1758076304.68072,33146.0,182.07918,38508.0,211.53398,884.0,24.55556,6767.0,187.97223,2.0
1758076304.69608,33098.0,181.81551,38839.0,213.35226,950.0,26.38889,6396.0,177.66667,2.0
1758076304.71203,33052.0,181.56282,39153.0,215.07713,916.0,25.44444,6025.0,167.36111,2.0
1758076304.7128,33004.0,181.29915,39439.0,216.64821,973.0,27.02778,5396.0,149.88889,2.0
1758076304.72797,32958.0,181.04646,39689.0,218.02151,756.0,21.0,4521.0,125.58334,2.0
1758076304.74481,32928.0,180.88167,39892.0,219.13664,524.0,14.55556,3600.0,100.0,2.0
1758076304.74546,32901.0,180.73335,40051.0,220.01006,589.0,16.36111,2825.0,78.47222,2.0
1758076304.76227,32871.0,180.56854,40166.0,220.6418,566.0,15.72222,1862.0,51.72222,2.0
1758076304.76269,32844.0,180.42023,40232.0,221.00435,508.0,14.11111,846.0,23.5,2.0
1758076304.77803,32823.0,180.30487,40243.0,221.06477,338.0,9.38889,-149.0,-4.13889,2.0
1758076304.79406,32811.0,180.23895,40227.0,220.97688,203.0,5.63889,-505.0,-14.02778,2.0
1758076304.79507,32803.0,180.19501,40189.0,220.76814,112.0,3.11111,-914.0,-25.38889,2.0
1758076304.81015,32798.0,180.16754,40132.0,220.45503,108.0,3.0,-1305.0,-36.25,2.0
1758076304.81066,32791.0,180.12909,40050.0,220.00456,157.0,4.36111,-1825.0,-50.69444,2.0
1758076304.82609,32782.0,180.07965,39943.0,219.41679,224.0,6.22222,-2334.0,-64.83334,2.0
1758076304.84213,32768.0,180.00275,39810.0,218.6862,332.0,9.22222,-2870.0,-79.72222,2.0
1758076304.84334,32748.0,179.89288,39649.0,217.80179,445.0,12.36111,-3426.0,-95.16666,2.0
1758076304.85812,32725.0,179.76654,39459.0,216.75807,423.0,11.75,-3995.0,-110.97222,2.0
1758076304.87383,32708.0,179.67316,39238.0,215.54405,266.0,7.38889,-4608.0,-128.0,2.0
1758076304.87466,32700.0,179.6292,38987.0,214.16525,55.0,1.52778,-5190.0,-144.16667,2.0
1758076304.89008,32702.0,179.64018,38706.0,212.62164,-116.0,-3.22222,-5733.0,-159.25,2.0
1758076304.89136,32713.0,179.70062,38403.0,210.9572,-189.0,-5.25,-6217.0,-172.69444,2.0
1758076304.90607,32719.0,179.73358,38073.0,209.14444,-48.0,-1.33333,-6713.0,-186.47223,2.0
1758076304.92204,32719.0,179.73358,37716.0,207.18333,10.0,0.27778,-7305.0,-202.91667,2.0
1758076304.92331,32720.0,179.73907,37327.0,205.04646,-78.0,-2.16667,-8029.0,-223.02777,2.0
1758076304.9381,32731.0,179.7995,36916.0,202.78873,-301.0,-8.36111,-8015.0,-222.63889,2.0
1758076304.9401,32741.0,179.85443,36531.0,200.67384,-34.0,-0.94444,-7223.0,-200.63889,2.0
1758076304.95511,32729.0,179.78851,36201.0,198.86105,448.0,12.44444,-5953.0,-165.36111,2.0
1758076304.97114,32688.0,179.56328,35940.0,197.42732,1135.0,31.52778,-4500.0,-125.0,2.0
1758076304.9719,32607.0,179.11833,35754.0,196.40559,1965.0,54.58333,-3077.0,-85.47222,2.0
1758076304.98713,32488.0,178.46465,35633.0,195.74089,2598.0,72.16666,-1874.0,-52.05556,2.0
1758076305.00284,32348.0,177.69559,35568.0,195.38383,2824.0,78.44444,-904.0,-25.11111,2.0
1758076305.00372,32210.0,176.93752,35536.0,195.20805,2631.0,73.08334,-479.0,-13.30556,2.0
1758076305.01908,32094.0,176.30029,35510.0,195.06523,1992.0,55.33333,-571.0,-15.86111,2.0
1758076305.01992,32020.0,175.8938,35471.0,194.851,987.0,27.41667,-922.0,-25.61111,2.0
1758076305.03518,32003.0,175.80042,35409.0,194.51041,-156.0,-4.33333,-1500.0,-41.66667,2.0
1758076305.05354,32036.0,175.98169,35317.0,194.00504,-1044.0,-29.0,-2047.0,-56.86111,2.0
1758076305.05429,32113.0,176.40466,35201.0,193.36783,-1786.0,-49.61111,-2377.0,-66.02778,2.0
1758076305.0712,32220.0,176.99245,35078.0,192.69215,-2372.0,-65.88889,-2444.0,-67.88889,2.0
1758076305.07156,32349.0,177.70108,34955.0,192.01649,-2673.0,-74.25,-2405.0,-66.80556,2.0
1758076305.08717,32490.0,178.47563,34838.0,191.37376,-2855.0,-79.30556,-2236.0,-62.11111,2.0
1758076305.10372,32637.0,179.28313,34730.0,190.7805,-2940.0,-81.66666,-2067.0,-57.41667,2.0
1758076305.10482,32790.0,180.1236,34632.0,190.24216,-3044.0,-84.55556,-1857.0,-51.58333,2.0
1758076305.1218,32948.0,180.99153,34542.0,189.74777,-3188.0,-88.55556,-1689.0,-46.91667,2.0
1758076305.12254,33117.0,181.91988,34457.0,189.28085,-3470.0,-96.38889,-1688.0,-46.88889,2.0
1758076305.1382,33304.0,182.94713,34368.0,188.79193,-3877.0,-107.69444,-1852.0,-51.44444,2.0
1758076305.15367,33516.0,184.11169,34267.0,188.23712,-4435.0,-123.19444,-2105.0,-58.47222,2.0
1758076305.15487,33757.0,185.43558,34150.0,187.59441,-4985.0,-138.47223,-2421.0,-67.25,2.0
1758076305.17021,34031.0,186.94072,34018.0,186.86931,-5615.0,-155.97223,-2700.0,-75.0,2.0
1758076305.17299,34339.0,188.63263,33875.0,186.08377,-6431.0,-178.63889,-2928.0,-81.33334,2.0
1758076305.18818,34683.0,190.52231,33723.0,185.24881,-7034.0,-195.38889,-3048.0,-84.66666,2.0
1758076305.19081,35054.0,192.56032,33567.0,184.39185,-7585.0,-210.69444,-3059.0,-84.97222,2.0
1758076305.20617,35452.0,194.74661,33417.0,183.56787,-8052.0,-223.66667,-2875.0,-79.86111,2.0
1758076305.22253,35858.0,196.97688,33284.0,182.83727,-7986.0,-221.83333,-2458.0,-68.27778,2.0
1758076305.223,36267.0,199.22363,33174.0,182.23302,-8075.0,-224.30556,-1971.0,-54.75,2.0
1758076305.23821,36673.0,201.45387,33090.0,181.77156,-7905.0,-219.58333,-1414.0,-39.27778,2.0
1758076305.24066,37069.0,203.62921,33029.0,181.43648,-7816.0,-217.11111,-1015.0,-28.19444,2.0
1758076305.25702,37455.0,205.74959,32989.0,181.21675,-7440.0,-206.66667,-636.0,-17.66667,2.0
1758076305.27285,37823.0,207.77112,32964.0,181.07942,-7147.0,-198.52777,-419.0,-11.63889,2.0
1758076305.27389,38182.0,209.74319,32942.0,180.95857,-7041.0,-195.58333,-443.0,-12.30556,2.0
1758076305.28924,38527.0,211.63835,32915.0,180.81026,-6630.0,-184.16667,-599.0,-16.63889,2.0
1758076305.29008,38856.0,213.44565,32881.0,180.62347,-6428.0,-178.55556,-668.0,-18.55556,2.0
1758076305.30524,39169.0,215.16502,32844.0,180.42023,-5962.0,-165.61111,-836.0,-23.22222,2.0
1758076305.32258,39454.0,216.73061,32792.0,180.13458,-5370.0,-149.16667,-1198.0,-33.27778,2.0
1758076305.32302,39706.0,218.1149,32731.0,179.7995,-4611.0,-128.08333,-1139.0,-31.63889,2.0
1758076305.33831,39919.0,219.28496,32672.0,179.47539,-3875.0,-107.63889,-1219.0,-33.86111,2.0
1758076305.3539,40094.0,220.24629,32607.0,179.11833,-3110.0,-86.38889,-1310.0,-36.38889,2.0
1758076305.35437,40234.0,221.01534,32535.0,178.72282,-2495.0,-69.30556,-1547.0,-42.97222,2.0
1758076305.37107,40344.0,221.6196,32449.0,178.25041,-1906.0,-52.94444,-1778.0,-49.38889,2.0
1758076305.37184,40427.0,222.07553,32350.0,177.70657,-1408.0,-39.11111,-2075.0,-57.63889,2.0
1758076305.38719,40481.0,222.37216,32237.0,177.08583,-845.0,-23.47222,-2361.0,-65.58334,2.0
1758076305.40405,40510.0,222.53146,32112.0,176.39917,-359.0,-9.97222,-2584.0,-71.77778,2.0
1758076305.40443,40513.0,222.54794,31976.0,175.6521,0.0,0.0,-2792.0,-77.55556,2.0
1758076305.42194,40507.0,222.51498,31839.0,174.89952,225.0,6.25,-2634.0,-73.16666,2.0
1758076305.42267,40483.0,222.38315,31721.0,174.25131,706.0,19.61111,-2055.0,-57.08333,2.0
1758076305.43827,40427.0,222.07553,31640.0,173.80637,1453.0,40.36111,-1258.0,-34.94444,2.0
1758076305.4558,40326.0,221.52072,31602.0,173.59763,2372.0,65.88889,-354.0,-9.83333,2.0
1758076305.45619,40177.0,220.70222,31609.0,173.63608,3338.0,92.72222,360.0,10.0,2.0
1758076305.47318,39984.0,219.64201,31630.0,173.75143,4192.0,116.44444,467.0,12.97222,2.0
1758076305.47632,39753.0,218.37308,31652.0,173.87228,4834.0,134.27777,442.0,12.27778,2.0
1758076305.49129,39495.0,216.95583,31670.0,173.97116,5291.0,146.97223,277.0,7.69444,2.0
1758076305.49204,39218.0,215.43419,31680.0,174.02609,5601.0,155.58333,103.0,2.86111,2.0
1758076305.50721,38923.0,213.81369,31680.0,174.02609,5803.0,161.19444,-62.0,-1.72222,2.0
1758076305.52401,38634.0,212.22614,31679.0,174.0206,5608.0,155.77777,0.0,0.0,2.0
1758076305.52436,38356.0,210.69902,31680.0,174.02609,5446.0,151.27777,31.0,0.86111,2.0
1758076305.5427,38080.0,209.18289,31682.0,174.03708,5477.0,152.13889,50.0,1.38889,2.0
1758076305.5435,37799.0,207.63928,31688.0,174.07004,5644.0,156.77777,193.0,5.36111,2.0
1758076305.56169,37516.0,206.0847,31707.0,174.17441,5533.0,153.69444,545.0,15.13889,2.0
1758076305.56249,37244.0,204.59052,31744.0,174.37766,5278.0,146.61111,787.0,21.86111,2.0
1758076305.57834,36992.0,203.20624,31779.0,174.56992,4734.0,131.5,452.0,12.55556,2.0
1758076305.59376,36776.0,202.01968,31780.0,174.57541,3908.0,108.55556,-251.0,-6.97222,2.0
1758076305.59433,36604.0,201.07484,31763.0,174.48203,2995.0,83.19444,-393.0,-10.91667,2.0
1758076305.61271,36481.0,200.39919,31745.0,174.38315,2026.0,56.27778,-265.0,-7.36111,2.0
1758076305.61334,36403.0,199.9707,31737.0,174.3392,1205.0,33.47222,-77.0,-2.13889,2.0
1758076305.63254,36357.0,199.71802,31739.0,174.35019,693.0,19.25,36.0,1.0,2.0
1758076305.63331,36329.0,199.56421,31741.0,174.36118,505.0,14.02778,59.0,1.63889,2.0
1758076305.65014,36300.0,199.40491,31752.0,174.4216,647.0,17.97222,414.0,11.5,2.0
1758076305.65129,36259.0,199.17969,31787.0,174.61386,958.0,26.61111,889.0,24.69444,2.0
1758076305.66709,36198.0,198.84457,31853.0,174.97643,1330.0,36.94444,1600.0,44.44444,2.0
1758076305.68563,36120.0,198.41611,31951.0,175.51477,1699.0,47.19444,2168.0,60.22222,2.0
1758076305.68675,36025.0,197.89426,32076.0,176.20142,1987.0,55.19444,2642.0,73.38889,2.0
1758076305.70239,35915.0,197.28999,32220.0,176.99245,2242.0,62.27778,2967.0,82.41666,2.0
1758076305.70322,35798.0,196.64729,32379.0,177.86588,2380.0,66.11111,3259.0,90.52778,2.0
1758076305.71839,35669.0,195.93864,32555.0,178.83269,2657.0,73.80556,3657.0,101.58334,2.0
1758076305.71917,35524.0,195.14214,32752.0,179.91486,3032.0,84.22222,4097.0,113.80556,2.0
1758076305.73594,35359.0,194.23575,32976.0,181.14534,3399.0,94.41666,4744.0,131.77777,2.0
1758076305.75138,35176.0,193.23048,33237.0,182.57909,3746.0,104.05556,5424.0,150.66667,2.0
1758076305.7522,34984.0,192.1758,33531.0,184.19409,3823.0,106.19444,6080.0,168.88889,2.0
1758076305.76737,34792.0,191.12108,33853.0,185.96292,3800.0,105.55556,6511.0,180.86111,2.0
1758076305.76868,34605.0,190.09384,34188.0,187.80316,3547.0,98.52778,6735.0,187.08333,2.0
1758076305.78682,34435.0,189.16,34541.0,189.74228,3182.0,88.38889,7162.0,198.94444,2.0
1758076305.80243,34286.0,188.34149,34911.0,191.77477,2736.0,76.0,7341.0,203.91667,2.0
1758076305.80355,34162.0,187.66032,35289.0,193.85123,2258.0,62.72222,7602.0,211.16667,2.0
1758076305.82163,34059.0,187.09453,35673.0,195.96062,1845.0,51.25,7533.0,209.25,2.0
1758076305.82241,33975.0,186.6331,36049.0,198.02609,1490.0,41.38889,7349.0,204.13889,2.0
1758076305.83842,33908.0,186.26505,36422.0,200.07507,1234.0,34.27778,7345.0,204.02777,2.0
1758076305.84041,33852.0,185.95743,36783.0,202.05814,960.0,26.66667,6968.0,193.55556,2.0
1758076305.85546,33807.0,185.71024,37135.0,203.99176,830.0,23.05556,6939.0,192.75,2.0
1758076305.87223,33767.0,185.49051,37478.0,205.87593,778.0,21.61111,6649.0,184.69444,2.0
1758076305.87301,33728.0,185.27628,37807.0,207.68323,717.0,19.91667,6431.0,178.63889,2.0
1758076305.89003,33694.0,185.08951,38128.0,209.44656,668.0,18.55556,6234.0,173.16667,2.0
1758076305.89224,33656.0,184.88074,38438.0,211.14946,811.0,22.52778,5990.0,166.38889,2.0
1758076305.90843,33611.0,184.63354,38732.0,212.76447,909.0,25.25,5701.0,158.36111,2.0
1758076305.90922,33564.0,184.37537,39013.0,214.30807,962.0,26.72222,5397.0,149.91667,2.0
1758076305.92469,33511.0,184.08423,39275.0,215.7473,1120.0,31.11111,4944.0,137.33333,2.0
1758076305.94209,33453.0,183.76562,39512.0,217.04921,1166.0,32.38889,4446.0,123.5,2.0
1758076305.94287,33390.0,183.41954,39722.0,218.20279,1280.0,35.55556,3877.0,107.69444,2.0
1758076305.95847,33329.0,183.08446,39893.0,219.14214,1092.0,30.33333,2945.0,81.80556,2.0
1758076305.96046,33276.0,182.79332,40016.0,219.81779,1047.0,29.08333,2019.0,56.08333,2.0
1758076305.97656,33221.0,182.4912,40097.0,220.26277,1126.0,31.27778,1226.0,34.05556,2.0
1758076305.99242,33160.0,182.15611,40137.0,220.4825,1268.0,35.22222,528.0,14.66667,2.0
1758076305.99371,33087.0,181.75508,40151.0,220.5594,1551.0,43.08333,80.0,2.22222,2.0
1758076306.00841,33001.0,181.28267,40149.0,220.54842,1830.0,50.83333,-4.0,-0.11111,2.0
1758076306.01226,32900.0,180.72786,40149.0,220.54842,2063.0,57.30556,-2.0,-0.05556,2.0
1758076306.02747,32798.0,180.16754,40145.0,220.52644,1935.0,53.75,-98.0,-2.72222,2.0
1758076306.0295,32711.0,179.68964,40131.0,220.44954,1507.0,41.86111,-446.0,-12.38889,2.0
1758076306.0457,32654.0,179.37651,40088.0,220.21333,831.0,23.08333,-1177.0,-32.69444,2.0
1758076306.06158,32631.0,179.25017,40009.0,219.77934,223.0,6.19444,-1865.0,-51.80556,2.0
1758076306.06229,32631.0,179.25017,39896.0,219.15862,-59.0,-1.63889,-2461.0,-68.36111,2.0
1758076306.07749,32633.0,179.26115,39755.0,218.38406,0.0,0.0,-2984.0,-82.88889,2.0
1758076306.07984,32633.0,179.26115,39592.0,217.48868,32.0,0.88889,-3385.0,-94.02778,2.0
1758076306.0956,32631.0,179.25017,39410.0,216.48891,56.0,1.55556,-3728.0,-103.55556,2.0
1758076306.1125,32627.0,179.2282,39212.0,215.40123,121.0,3.36111,-4017.0,-111.58334,2.0
1758076306.11327,32616.0,179.16777,39000.0,214.23666,279.0,7.75,-4268.0,-118.55556,2.0
1758076306.1285,32601.0,179.08537,38778.0,213.01715,290.0,8.05556,-4413.0,-122.58334,2.0
1758076306.1338,32586.0,179.00298,38552.0,211.7757,262.0,7.27778,-4481.0,-124.47222,2.0
1758076306.14851,32580.0,178.97002,38319.0,210.49577,29.0,0.80556,-4660.0,-129.44444,2.0
1758076306.14932,32584.0,178.99199,38074.0,209.14993,-123.0,-3.41667,-4942.0,-137.27777,2.0
1758076306.16456,32591.0,179.03044,37813.0,207.71619,-95.0,-2.63889,-5295.0,-147.08333,2.0
1758076306.18139,32595.0,179.05241,37531.0,206.1671,-90.0,-2.5,-5826.0,-161.83333,2.0
1758076306.18215,32603.0,179.09636,37218.0,204.44769,-201.0,-5.58333,-6446.0,-179.05556,2.0
1758076306.19749,32620.0,179.18974,36886.0,202.62393,-452.0,-12.55556,-6473.0,-179.80556,2.0
1758076306.19914,32640.0,179.29961,36571.0,200.89357,-317.0,-8.80556,-5936.0,-164.88889,2.0
1758076306.21613,32641.0,179.3051,36294.0,199.37195,216.0,6.0,-5125.0,-142.36111,2.0
1758076306.23234,32616.0,179.16777,36060.0,198.08652,796.0,22.11111,-4197.0,-116.58334,2.0
1758076306.23307,32557.0,178.84367,35874.0,197.06477,1396.0,38.77778,-3271.0,-90.86111,2.0
1758076306.24851,32472.0,178.37675,35734.0,196.29573,1852.0,51.44444,-2427.0,-67.41666,2.0
1758076306.2528,32373.0,177.83292,35630.0,195.72441,1971.0,54.75,-1863.0,-51.75,2.0
1758076306.2686,32278.0,177.31105,35546.0,195.26299,1773.0,49.25,-1571.0,-43.63889,2.0
1758076306.26942,32203.0,176.89906,35464.0,194.81255,1237.0,34.36111,-1674.0,-46.5,2.0
1758076306.28858,32167.0,176.70129,35369.0,194.29068,339.0,9.41667,-2070.0,-57.5,2.0
1758076306.2902,32173.0,176.73425,35249.0,193.6315,-387.0,-10.75,-2630.0,-73.05556,2.0
1758076306.30638,32213.0,176.95399,35102.0,192.82399,-1110.0,-30.83333,-3130.0,-86.94444,2.0
1758076306.32259,32283.0,177.33852,34934.0,191.90111,-1610.0,-44.72222,-3421.0,-95.02778,2.0
1758076306.32392,32377.0,177.85489,34755.0,190.91783,-1985.0,-55.13889,-3585.0,-99.58334,2.0
1758076306.33858,32483.0,178.43718,34571.0,189.90707,-2196.0,-61.0,-3667.0,-101.86111,2.0
1758076306.34017,32597.0,179.0634,34387.0,188.8963,-2304.0,-64.0,-3544.0,-98.44444,2.0
1758076306.3566,32716.0,179.7171,34210.0,187.92401,-2419.0,-67.19444,-3411.0,-94.75,2.0
1758076306.37256,32842.0,180.40924,34041.0,186.99565,-2573.0,-71.47222,-3291.0,-91.41666,2.0
1758076306.37324,32978.0,181.15633,33877.0,186.09476,-2810.0,-78.05556,-3224.0,-89.55556,2.0
1758076306.38872,33128.0,181.9803,33714.0,185.19937,-3100.0,-86.11111,-3238.0,-89.94444,2.0
1758076306.39022,33293.0,182.8867,33546.0,184.27649,-3421.0,-95.02778,-3374.0,-93.72222,2.0
1758076306.40572,33478.0,183.90295,33371.0,183.31517,-3812.0,-105.88889,-3514.0,-97.61111,2.0
1758076306.42323,33684.0,185.03458,33190.0,182.32091,-4280.0,-118.88889,-3628.0,-100.77778,2.0
1758076306.42604,33913.0,186.29251,33006.0,181.31013,-4762.0,-132.27777,-3650.0,-101.38889,2.0
1758076306.44325,34172.0,187.71526,32822.0,180.29938,-5378.0,-149.38889,-3618.0,-100.5,2.0
1758076306.44609,34464.0,189.31931,32640.0,179.29961,-6033.0,-167.58333,-3548.0,-98.55556,2.0
1758076306.46174,34787.0,191.09361,32465.0,178.3383,-6610.0,-183.61111,-3380.0,-93.88889,2.0
1758076306.46251,35136.0,193.01076,32302.0,177.44289,-7132.0,-198.11111,-3088.0,-85.77778,2.0
1758076306.48003,35513.0,195.08171,32155.0,176.63538,-7640.0,-212.22223,-2761.0,-76.69444,2.0
1758076306.48306,35903.0,197.22408,32024.0,175.91577,-7790.0,-216.38889,-2420.0,-67.22222,2.0
1758076306.50156,36303.0,199.42139,31913.0,175.30602,-7980.0,-221.66667,-1992.0,-55.33333,2.0
1758076306.50198,36706.0,201.63515,31826.0,174.82811,-7873.0,-218.69444,-1469.0,-40.80556,2.0
1758076306.51765,37105.0,203.82697,31769.0,174.51498,-7874.0,-218.72223,-879.0,-24.41667,2.0
1758076306.51888,37494.0,205.96382,31742.0,174.36667,-7520.0,-208.88889,-258.0,-7.16667,2.0
1758076306.53547,37867.0,208.01282,31742.0,174.36667,-7127.0,-197.97223,96.0,2.66667,2.0
1758076306.55171,38221.0,209.95743,31747.0,174.39413,-6833.0,-189.80556,103.0,2.86111,2.0
1758076306.5529,38541.0,211.71527,31762.0,174.47653,-5920.0,-164.44444,469.0,13.02778,2.0
1758076306.56769,38818.0,213.23691,31787.0,174.61386,-5120.0,-142.22223,540.0,15.0,2.0
1758076306.56906,39054.0,214.53331,31815.0,174.76768,-4296.0,-119.33334,548.0,15.22222,2.0
1758076306.58474,39247.0,215.59349,31845.0,174.93248,-3443.0,-95.63889,612.0,17.0,2.0
1758076306.60154,39401.0,216.43947,31872.0,175.0808,-2696.0,-74.88889,449.0,12.47222,2.0
1758076306.60226,39521.0,217.09865,31885.0,175.15221,-2139.0,-59.41667,133.0,3.69444,2.0
1758076306.61767,39615.0,217.61502,31884.0,175.14671,-1670.0,-46.38889,-75.0,-2.08333,2.0
1758076306.61891,39685.0,217.99954,31879.0,175.11925,-1155.0,-32.08333,-111.0,-3.08333,2.0
1758076306.63549,39736.0,218.27969,31871.0,175.0753,-868.0,-24.11111,-227.0,-6.30556,2.0
1758076306.65174,39770.0,218.46646,31856.0,174.9929,-535.0,-14.86111,-347.0,-9.63889,2.0
1758076306.65253,39785.0,218.54886,31833.0,174.86656,-169.0,-4.69444,-510.0,-14.16667,2.0
1758076306.66774,39787.0,218.55984,31809.0,174.73473,0.0,0.0,-439.0,-12.19444,2.0
1758076306.66898,39782.0,218.53238,31794.0,174.65231,146.0,4.05556,-175.0,-4.86111,2.0
1758076306.68478,39764.0,218.4335,31793.0,174.64682,537.0,14.91667,39.0,1.08333,2.0
1758076306.70156,39720.0,218.1918,31797.0,174.66879,1089.0,30.25,129.0,3.58333,2.0
1758076306.70286,39648.0,217.7963,31810.0,174.74022,1735.0,48.19444,316.0,8.77778,2.0
1758076306.7177,39538.0,217.19203,31834.0,174.87206,2485.0,69.02778,587.0,16.30556,2.0
1758076306.71891,39391.0,216.38454,31871.0,175.0753,3193.0,88.69444,812.0,22.55556,2.0
1758076306.73591,39208.0,215.37926,31914.0,175.31151,3888.0,108.0,851.0,23.63889,2.0
1758076306.75181,38992.0,214.19272,31953.0,175.52576,4509.0,125.25,711.0,19.75,2.0
1758076306.7526,38750.0,212.86334,31986.0,175.70703,4887.0,135.75,570.0,15.83333,2.0
1758076306.76777,38497.0,211.47356,32007.0,175.82239,5007.0,139.08333,282.0,7.83333,2.0
1758076306.769,38241.0,210.06729,32016.0,175.87183,5093.0,141.47223,91.0,2.52778,2.0
1758076306.7848,37978.0,208.62256,32019.0,175.88831,5290.0,146.94444,66.0,1.83333,2.0
1758076306.8016,37705.0,207.12291,32024.0,175.91577,5486.0,152.38889,147.0,4.08333,2.0
1758076306.80235,37417.0,205.54085,32041.0,176.00916,5909.0,164.13889,470.0,13.05556,2.0
1758076306.81779,37106.0,203.83246,32071.0,176.17395,6290.0,174.72223,636.0,17.66667,2.0
1758076306.81899,36793.0,202.11307,32102.0,176.34424,5993.0,166.47223,487.0,13.52778,2.0
1758076306.83487,36514.0,200.58046,32111.0,176.39368,5125.0,142.36111,-74.0,-2.05556,2.0
1758076306.85162,36282.0,199.30603,32103.0,176.34973,4095.0,113.75,-162.0,-4.5,2.0
1758076306.85272,36112.0,198.37216,32093.0,176.2948,2789.0,77.47222,-238.0,-6.61111,2.0
1758076306.86778,36009.0,197.80637,32080.0,176.22339,1490.0,41.38889,-291.0,-8.08333,2.0
1758076306.86896,35965.0,197.56465,32065.0,176.14099,397.0,11.02778,-274.0,-7.61111,2.0
1758076306.88517,35967.0,197.57564,32057.0,176.09705,-200.0,-5.55556,-48.0,-1.33333,2.0
1758076306.90162,35976.0,197.62509,32059.0,176.10803,-141.0,-3.91667,20.0,0.55556,2.0
1758076306.90241,35978.0,197.63608,32059.0,176.10803,31.0,0.86111,17.0,0.47222,2.0
1758076306.91795,35972.0,197.60312,32061.0,176.11902,180.0,5.0,34.0,0.94444,2.0
1758076306.91906,35952.0,197.49324,32064.0,176.1355,580.0,16.11111,99.0,2.75,2.0
1758076306.93487,35905.0,197.23506,32077.0,176.20691,1212.0,33.66667,359.0,9.97222,2.0
1758076306.95252,35819.0,196.76265,32106.0,176.36621,2054.0,57.05556,773.0,21.47222,2.0
1758076306.95322,35693.0,196.07048,32158.0,176.65186,2814.0,78.16666,1153.0,32.02778,2.0
1758076306.96887,35536.0,195.20805,32222.0,177.00343,3276.0,91.0,1331.0,36.97222,2.0
1758076306.96971,35365.0,194.26871,32288.0,177.36598,3437.0,95.47222,1276.0,35.44444,2.0
1758076306.98646,35191.0,193.31288,32344.0,177.67361,3405.0,94.58334,974.0,27.05556,2.0
1758076307.00268,35025.0,192.40102,32386.0,177.90433,3189.0,88.58334,711.0,19.75,2.0
1758076307.00346,34869.0,191.54405,32415.0,178.06363,2990.0,83.05556,485.0,13.47222,2.0
1758076307.01888,34719.0,190.72008,32437.0,178.18448,2966.0,82.38889,441.0,12.25,2.0
1758076307.02007,34564.0,189.86862,32468.0,178.35478,3170.0,88.05556,793.0,22.02778,2.0
1758076307.03487,34393.0,188.92926,32528.0,178.68437,3571.0,99.19444,1522.0,42.27778,2.0
1758076307.05324,34199.0,187.86359,32630.0,179.24467,4005.0,111.25,2431.0,67.52778,2.0
1758076307.05398,33983.0,186.67705,32784.0,180.09064,4409.0,122.47222,3524.0,97.88889,2.0
1758076307.07331,33755.0,185.42459,32988.0,181.21126,4488.0,124.66666,4421.0,122.80556,2.0
1758076307.0741,33532.0,184.19958,33236.0,182.57359,4274.0,118.72222,5228.0,145.22223,2.0
1758076307.09573,33328.0,183.07896,33521.0,184.13916,3819.0,106.08334,5915.0,164.30556,2.0
1758076307.09647,33154.0,182.12315,33837.0,185.87503,3148.0,87.44444,6445.0,179.02777,2.0
1758076307.11269,33016.0,181.36507,34175.0,187.73174,2387.0,66.30556,6844.0,190.11111,2.0
1758076307.11354,32916.0,180.81575,34531.0,189.68735,1624.0,45.11111,7224.0,200.66667,2.0
1758076307.12894,32854.0,180.47516,34902.0,191.72533,915.0,25.41667,7323.0,203.41667,2.0
1758076307.12979,32827.0,180.32684,35278.0,193.7908,246.0,6.83333,7558.0,209.94444,2.0
1758076307.14491,32829.0,180.33783,35663.0,195.90569,-121.0,-3.36111,7608.0,211.33333,2.0
1758076307.16166,32833.0,180.3598,36049.0,198.02609,-61.0,-1.69444,7610.0,211.38889,2.0
1758076307.16243,32835.0,180.37079,36441.0,200.17944,0.0,0.0,7794.0,216.5,2.0
1758076307.17789,32835.0,180.37079,36827.0,202.29984,0.0,0.0,7583.0,210.63889,2.0
1758076307.17907,32835.0,180.37079,37209.0,204.39825,0.0,0.0,7481.0,207.80556,2.0
1758076307.19493,32835.0,180.37079,37580.0,206.43626,0.0,0.0,7177.0,199.36111,2.0
1758076307.21096,32835.0,180.37079,37933.0,208.37537,0.0,0.0,6878.0,191.05556,2.0
1758076307.21212,32835.0,180.37079,38273.0,210.24309,0.0,0.0,6550.0,181.94444,2.0
1758076307.22697,32835.0,180.37079,38588.0,211.97345,0.0,0.0,5981.0,166.13889,2.0
1758076307.24334,32834.0,180.3653,38882.0,213.58847,0.0,0.0,5670.0,157.5,2.0
1758076307.24377,32837.0,180.38177,39146.0,215.03868,-83.0,-2.30556,4903.0,136.19444,2.0
1758076307.25891,32843.0,180.41473,39369.0,216.26369,-117.0,-3.25,4043.0,112.30556,2.0
1758076307.26011,32847.0,180.43671,39551.0,217.26344,-31.0,-0.86111,3299.0,91.63889,2.0
1758076307.27602,32847.0,180.43671,39696.0,218.05997,1.0,0.02778,2555.0,70.97222,2.0
1758076307.29194,32846.0,180.43121,39803.0,218.64774,23.0,0.63889,1822.0,50.61111,2.0
1758076307.29273,32844.0,180.42023,39873.0,219.03227,53.0,1.47222,1068.0,29.66667,2.0
1758076307.30807,32840.0,180.39825,39912.0,219.24651,139.0,3.86111,553.0,15.36111,2.0
1758076307.30921,32828.0,180.33234,39929.0,219.33989,312.0,8.66667,130.0,3.61111,2.0
1758076307.32588,32814.0,180.25543,39928.0,219.3344,244.0,6.77778,0.0,0.0,2.0
1758076307.34206,32807.0,180.21698,39926.0,219.32341,70.0,1.94444,-19.0,-0.52778,2.0
1758076307.34314,32809.0,180.22797,39923.0,219.30693,-55.0,-1.52778,-100.0,-2.77778,2.0
1758076307.35802,32815.0,180.26093,39912.0,219.24651,-164.0,-4.55556,-293.0,-8.13889,2.0
1758076307.35923,32828.0,180.33234,39884.0,219.0927,-331.0,-9.19444,-736.0,-20.44444,2.0
1758076307.37734,32851.0,180.45868,39830.0,218.79607,-539.0,-14.97222,-1353.0,-37.58333,2.0
1758076307.41786,32883.0,180.63446,39741.0,218.30716,-690.0,-19.16667,-2027.0,-56.30556,2.0
1758076307.42286,32923.0,180.8542,39619.0,217.63699,-799.0,-22.19444,-2680.0,-74.44444,2.0
1758076307.42488,32967.0,181.0959,39465.0,216.79103,-929.0,-25.80556,-3271.0,-90.86111,2.0
1758076307.42526,33013.0,181.34859,39283.0,215.79124,-841.0,-23.36111,-3809.0,-105.80556,2.0
1758076307.42799,33051.0,181.55733,39079.0,214.67064,-676.0,-18.77778,-4190.0,-116.38889,2.0
1758076307.43515,33079.0,181.71114,38862.0,213.47861,-487.0,-13.52778,-4377.0,-121.58334,2.0
1758076307.45103,33103.0,181.84297,38637.0,212.24261,-483.0,-13.41667,-4529.0,-125.80556,2.0
1758076307.4518,33130.0,181.99129,38403.0,210.9572,-511.0,-14.19444,-4726.0,-131.27777,2.0
1758076307.46785,33154.0,182.12315,38152.0,209.5784,-398.0,-11.05556,-5167.0,-143.52777,2.0
1758076307.46907,33171.0,182.21654,37877.0,208.06775,-279.0,-7.75,-5619.0,-156.08333,2.0
1758076307.48505,33188.0,182.30992,37577.0,206.41978,-392.0,-10.88889,-6156.0,-171.0,2.0
1758076307.50194,33215.0,182.45824,37246.0,204.6015,-652.0,-18.11111,-6787.0,-188.52777,2.0
1758076307.5026,33256.0,182.68346,36902.0,202.71182,-876.0,-24.33333,-6623.0,-183.97223,2.0
1758076307.51803,33294.0,182.8922,36585.0,200.97047,-589.0,-16.36111,-5936.0,-164.88889,2.0
1758076307.52006,33305.0,182.95262,36308.0,199.44885,54.0,1.5,-5127.0,-142.41667,2.0
1758076307.53604,33288.0,182.85924,36078.0,198.18539,582.0,16.16667,-4049.0,-112.47222,2.0
1758076307.55203,33246.0,182.62852,35907.0,197.24605,1002.0,27.83333,-2900.0,-80.55556,2.0
1758076307.55286,33187.0,182.30443,35790.0,196.60335,1225.0,34.02778,-1912.0,-53.11111,2.0
1758076307.5689,33123.0,181.95284,35713.0,196.18037,1304.0,36.22222,-1228.0,-34.11111,2.0
1758076307.56973,33062.0,181.61775,35662.0,195.90019,1090.0,30.27778,-888.0,-24.66667,2.0
1758076307.58821,33018.0,181.37605,35617.0,195.653,675.0,18.75,-872.0,-24.22222,2.0
1758076307.58948,32996.0,181.2552,35569.0,195.38933,208.0,5.77778,-1066.0,-29.61111,2.0
1758076307.60702,32998.0,181.26619,35503.0,195.02678,-174.0,-4.83333,-1489.0,-41.36111,2.0
1758076307.6229,33015.0,181.35957,35417.0,194.55435,-422.0,-11.72222,-1844.0,-51.22222,2.0
1758076307.62372,33043.0,181.51338,35317.0,194.00504,-640.0,-17.77778,-2066.0,-57.38889,2.0
1758076307.64285,33080.0,181.71663,35209.0,193.41177,-787.0,-21.86111,-2128.0,-59.11111,2.0
1758076307.6467,33123.0,181.95284,35104.0,192.83498,-883.0,-24.52778,-2012.0,-55.88889,2.0
1758076307.66291,33161.0,182.16161,35007.0,192.30214,-696.0,-19.33333,-1859.0,-51.63889,2.0
1758076307.66372,33196.0,182.35387,34918.0,191.81322,-721.0,-20.02778,-1680.0,-46.66667,2.0
1758076307.68307,33237.0,182.57909,34832.0,191.34081,-882.0,-24.5,-1707.0,-47.41667,2.0
1758076307.68345,33290.0,182.87022,34744.0,190.85741,-1152.0,-32.0,-1830.0,-50.83333,2.0
1758076307.70239,33362.0,183.26573,34645.0,190.31357,-1668.0,-46.33333,-2029.0,-56.36111,2.0
1758076307.70313,33462.0,183.81506,34533.0,189.69833,-2219.0,-61.63889,-2326.0,-64.61111,2.0
1758076307.72027,33593.0,184.53467,34403.0,188.98419,-2900.0,-80.55556,-2751.0,-76.41666,2.0
1758076307.72065,33759.0,185.44656,34250.0,188.14374,-3540.0,-98.33334,-3171.0,-88.08334,2.0
1758076307.73717,33955.0,186.52324,34080.0,187.20988,-4130.0,-114.72222,-3526.0,-97.94444,2.0
1758076307.7532,34183.0,187.7757,33894.0,186.18814,-4746.0,-131.83333,-3811.0,-105.86111,2.0
1758076307.75396,34440.0,189.18747,33695.0,185.095,-5286.0,-146.83333,-4016.0,-111.55556,2.0
1758076307.77227,34719.0,190.72008,33488.0,183.95789,-5619.0,-156.08333,-4110.0,-114.16666,2.0
1758076307.77295,35012.0,192.32961,33280.0,182.81529,-5930.0,-164.72223,-4048.0,-112.44444,2.0
1758076307.7892,35321.0,194.02701,33083.0,181.73311,-6225.0,-172.91667,-3745.0,-104.02778,2.0
1758076307.78997,35641.0,195.78484,32902.0,180.73885,-6324.0,-175.66667,-3424.0,-95.11111,2.0
1758076307.80518,35962.0,197.54817,32743.0,179.86542,-6394.0,-177.61111,-2928.0,-81.33334,2.0
1758076307.82218,36287.0,199.3335,32614.0,179.15678,-6432.0,-178.66667,-2256.0,-62.66667,2.0
1758076307.82344,36610.0,201.1078,32520.0,178.64043,-6322.0,-175.61111,-1593.0,-44.25,2.0
1758076307.83814,36927.0,202.84915,32461.0,178.31633,-6235.0,-173.19444,-821.0,-22.80556,2.0
1758076307.84193,37244.0,204.59052,32436.0,178.17899,-6244.0,-173.44444,-259.0,-7.19444,2.0
1758076307.858,37555.0,206.29893,32434.0,178.168,-6087.0,-169.08333,43.0,1.19444,2.0
1758076307.85925,37861.0,207.97986,32435.0,178.17349,-6045.0,-167.91667,0.0,0.0,2.0
1758076307.87759,38160.0,209.62234,32438.0,178.18997,-5756.0,-159.88889,87.0,2.41667,2.0
1758076307.89319,38438.0,211.14946,32442.0,178.21194,-5176.0,-143.77777,65.0,1.80556,2.0
1758076307.89405,38684.0,212.50079,32443.0,178.21744,-4665.0,-129.58333,0.0,0.0,2.0
1758076307.90923,38907.0,213.7258,32443.0,178.21744,-4217.0,-117.13889,-7.0,-0.19444,2.0
1758076307.91099,39106.0,214.81895,32442.0,178.21194,-3746.0,-104.05556,-16.0,-0.44444,2.0
1758076307.92821,39280.0,215.77477,32441.0,178.20645,-3239.0,-89.97222,-21.0,-0.58333,2.0
1758076307.93221,39433.0,216.61525,32439.0,178.19547,-2831.0,-78.63889,-42.0,-1.16667,2.0
1758076307.94721,39568.0,217.35684,32435.0,178.17349,-2561.0,-71.13889,-121.0,-3.36111,2.0
1758076307.96323,39691.0,218.0325,32426.0,178.12405,-2289.0,-63.58333,-215.0,-5.97222,2.0
1758076307.96402,39804.0,218.65323,32409.0,178.03067,-2146.0,-59.61111,-508.0,-14.11111,2.0
1758076307.97918,39907.0,219.21904,32376.0,177.8494,-1938.0,-53.83333,-739.0,-20.52778,2.0
1758076307.98203,39997.0,219.71342,32335.0,177.62418,-1690.0,-46.94444,-872.0,-24.22222,2.0
1758076307.998,40065.0,220.08699,32292.0,177.38795,-998.0,-27.72222,-841.0,-23.36111,2.0
1758076307.99998,40092.0,220.23531,32258.0,177.20119,-203.0,-5.63889,-547.0,-15.19444,2.0
1758076308.01621,40090.0,220.22432,32246.0,177.13527,74.0,2.05556,-12.0,-0.33333,2.0
1758076308.03301,40078.0,220.1584,32252.0,177.16823,394.0,10.94444,168.0,4.66667,2.0
1758076308.03385,40045.0,219.9771,32265.0,177.23964,890.0,24.72222,271.0,7.52778,2.0
1758076308.04919,39981.0,219.62553,32284.0,177.34401,1547.0,42.97222,446.0,12.38889,2.0
1758076308.04998,39882.0,219.08171,32310.0,177.48683,2284.0,63.44444,529.0,14.69444,2.0
1758076308.06521,39744.0,218.32364,32341.0,177.65714,3043.0,84.52778,696.0,19.33333,2.0
1758076308.08231,39570.0,217.36783,32381.0,177.87686,3724.0,103.44444,836.0,23.22222,2.0
1758076308.08276,39364.0,216.23622,32424.0,178.11307,4327.0,120.19444,788.0,21.88889,2.0
1758076308.09827,39129.0,214.9453,32460.0,178.31084,4867.0,135.19444,566.0,15.72222,2.0
1758076308.10137,38872.0,213.53354,32482.0,178.43169,5179.0,143.86111,340.0,9.44444,2.0
1758076308.11716,38606.0,212.07233,32497.0,178.51408,5346.0,148.5,321.0,8.91667,2.0
1758076308.13323,38331.0,210.56169,32521.0,178.64592,5545.0,154.02777,621.0,17.25,2.0
1758076308.13405,38037.0,208.94669,32560.0,178.86015,5998.0,166.61111,859.0,23.86111,2.0
1758076308.15316,37718.0,207.19432,32603.0,179.09636,6535.0,181.52777,887.0,24.63889,2.0
1758076308.15366,37378.0,205.32661,32640.0,179.29961,6712.0,186.44444,605.0,16.80556,2.0
1758076308.17268,37053.0,203.54132,32653.0,179.37102,6032.0,167.55556,-15.0,-0.41667,2.0
1758076308.17343,36790.0,202.09659,32643.0,179.31609,4531.0,125.86111,-273.0,-7.58333,2.0
1758076308.19007,36607.0,201.09132,32625.0,179.21721,2916.0,81.0,-462.0,-12.83333,2.0
1758076308.19117,36505.0,200.53102,32590.0,179.02495,1387.0,38.52778,-869.0,-24.13889,2.0
1758076308.20793,36471.0,200.34424,32538.0,178.7393,167.0,4.63889,-1157.0,-32.13889,2.0
1758076308.22341,36480.0,200.39369,32480.0,178.4207,-320.0,-8.88889,-1077.0,-29.91667,2.0
1758076308.22532,36495.0,200.47609,32436.0,178.17899,-209.0,-5.80556,-722.0,-20.05556,2.0
1758076308.24034,36498.0,200.49257,32414.0,178.05814,75.0,2.08333,-230.0,-6.38889,2.0
1758076308.24232,36489.0,200.44313,32415.0,178.06363,239.0,6.63889,104.0,2.88889,2.0
1758076308.25731,36475.0,200.36621,32417.0,178.07462,318.0,8.83333,0.0,0.0,2.0
1758076308.27335,36456.0,200.26184,32417.0,178.07462,398.0,11.05556,9.0,0.25,2.0
1758076308.27413,36434.0,200.14099,32418.0,178.08011,469.0,13.02778,16.0,0.44444,2.0
1758076308.2901,36403.0,199.9707,32419.0,178.0856,727.0,20.19444,20.0,0.55556,2.0
1758076308.29094,36358.0,199.72351,32423.0,178.10757,1019.0,28.30556,143.0,3.97222,2.0
1758076308.30747,36295.0,199.37744,32442.0,178.21194,1452.0,40.33333,603.0,16.75,2.0
1758076308.32332,36203.0,198.87204,32490.0,178.47563,2111.0,58.63889,1276.0,35.44444,2.0
1758076308.3261,36073.0,198.15793,32580.0,178.97002,2900.0,80.55556,2174.0,60.38889,2.0
1758076308.34216,35909.0,197.25703,32718.0,179.72809,3504.0,97.33334,3126.0,86.83334,2.0
1758076308.3429,35719.0,196.21333,32899.0,180.72237,3943.0,109.52778,3905.0,108.47222,2.0
1758076308.35829,35510.0,195.06523,33116.0,181.91438,4230.0,117.5,4489.0,124.69444,2.0
1758076308.35985,35292.0,193.86771,33358.0,183.24376,4310.0,119.72222,4844.0,134.55556,2.0
1758076308.37614,35077.0,192.68666,33610.0,184.62805,4160.0,115.55556,5058.0,140.5,2.0
1758076308.39235,34874.0,191.57152,33871.0,186.0618,3855.0,107.08334,5268.0,146.33333,2.0
1758076308.39305,34686.0,190.53879,34144.0,187.56145,3609.0,100.25,5505.0,152.91667,2.0
1758076308.40838,34511.0,189.57748,34429.0,189.12701,3346.0,92.94444,5757.0,159.91667,2.0
1758076308.40958,34351.0,188.69855,34727.0,190.76402,3021.0,83.91666,5956.0,165.44444,2.0
1758076308.42619,34206.0,187.90204,35036.0,192.46144,2683.0,74.52778,6230.0,173.05556,2.0
1758076308.44317,34078.0,187.1989,35358.0,194.23026,2367.0,65.75,6462.0,179.5,2.0
1758076308.44473,33968.0,186.59465,35689.0,196.04851,2004.0,55.66667,6545.0,181.80556,2.0
1758076308.46202,33878.0,186.10025,36017.0,197.85031,1619.0,44.97222,6423.0,178.41667,2.0
1758076308.46276,33812.0,185.7377,36340.0,199.62463,1092.0,30.33333,6343.0,176.19444,2.0
1758076308.4784,33769.0,185.5015,36654.0,201.3495,656.0,18.22222,6057.0,168.25,2.0
1758076308.47965,33747.0,185.38065,36951.0,202.98099,249.0,6.91667,5743.0,159.52777,2.0
1758076308.4962,33746.0,185.37515,37236.0,204.54657,-70.0,-1.94444,5486.0,152.38889,2.0
1758076308.51242,33748.0,185.38614,37504.0,206.01878,-33.0,-0.91667,5151.0,143.08333,2.0
1758076308.51319,33748.0,185.38614,37754.0,207.39207,1.0,0.02778,4840.0,134.44444,2.0
1758076308.53187,33748.0,185.38614,37990.0,208.68848,12.0,0.33333,4572.0,127.0,2.0
1758076308.53365,33747.0,185.38065,38211.0,209.9025,18.0,0.5,4194.0,116.5,2.0
1758076308.5502,33746.0,185.37515,38411.0,211.00114,39.0,1.08333,3806.0,105.72222,2.0
1758076308.55228,33742.0,185.35318,38593.0,212.00092,108.0,3.0,3454.0,95.94444,2.0
1758076308.5682,33738.0,185.33121,38756.0,212.8963,35.0,0.97222,3009.0,83.58334,2.0
1758076308.56944,33737.0,185.32571,38897.0,213.67087,28.0,0.77778,2631.0,73.08334,2.0
1758076308.58624,33733.0,185.30374,39019.0,214.34103,146.0,4.05556,2250.0,62.5,2.0
1758076308.60326,33719.0,185.22684,39123.0,214.91234,344.0,9.55556,1938.0,53.83333,2.0
1758076308.60479,33695.0,185.095,39212.0,215.40123,591.0,16.41667,1591.0,44.19444,2.0
1758076308.62244,33654.0,184.86975,39283.0,215.79124,972.0,27.0,1269.0,35.25,2.0
1758076308.62326,33597.0,184.55664,39334.0,216.07143,1210.0,33.61111,781.0,21.69444,2.0
1758076308.64363,33532.0,184.19958,39360.0,216.21425,1369.0,38.02778,273.0,7.58333,2.0
1758076308.64415,33458.0,183.79309,39361.0,216.21974,1482.0,41.16667,-82.0,-2.27778,2.0
1758076308.66266,33380.0,183.36461,39354.0,216.18129,1557.0,43.25,-213.0,-5.91667,2.0
1758076308.66399,33303.0,182.94164,39337.0,216.08791,1469.0,40.80556,-431.0,-11.97222,2.0
1758076308.67939,33231.0,182.54613,39306.0,215.91762,1383.0,38.41667,-804.0,-22.33333,2.0
1758076308.68263,33166.0,182.18907,39254.0,215.63194,1174.0,32.61111,-1133.0,-31.47222,2.0
1758076308.70118,33109.0,181.87593,39187.0,215.2639,1093.0,30.36111,-1482.0,-41.16667,2.0
1758076308.70236,33058.0,181.59578,39102.0,214.79698,973.0,27.02778,-1765.0,-49.02778,2.0
1758076308.71754,33015.0,181.35957,39000.0,214.23666,796.0,22.11111,-2187.0,-60.75,2.0
1758076308.73358,32978.0,181.15633,38875.0,213.55002,655.0,18.19444,-2727.0,-75.75,2.0
1758076308.7342,32951.0,181.00801,38724.0,212.72052,420.0,11.66667,-3163.0,-87.86111,2.0
1758076308.74949,32933.0,180.90913,38551.0,211.7702,361.0,10.02778,-3544.0,-98.44444,2.0
1758076308.75029,32912.0,180.79378,38361.0,210.72649,491.0,13.63889,-3903.0,-108.41666,2.0
1758076308.76548,32882.0,180.62897,38158.0,209.61136,683.0,18.97222,-4096.0,-113.77778,2.0
1758076308.78159,32846.0,180.43121,37947.0,208.45227,723.0,20.08333,-4211.0,-116.97222,2.0
1758076308.78281,32809.0,180.22797,37735.0,207.2877,764.0,21.22222,-4157.0,-115.47222,2.0
1758076308.79748,32768.0,180.00275,37526.0,206.13963,870.0,24.16667,-4163.0,-115.63889,2.0
1758076308.81354,32719.0,179.73358,37313.0,204.96956,1039.0,28.86111,-4313.0,-119.80556,2.0
1758076308.81555,32667.0,179.44792,37084.0,203.71161,992.0,27.55556,-4705.0,-130.69444,2.0
1758076308.83297,32624.0,179.21172,36836.0,202.34927,724.0,20.11111,-4928.0,-136.88889,2.0
1758076308.83373,32596.0,179.05791,36586.0,200.97597,435.0,12.08333,-4814.0,-133.72223,2.0
1758076308.85288,32580.0,178.97002,36361.0,199.73999,260.0,7.22222,-4065.0,-112.91666,2.0
1758076308.85369,32565.0,178.88762,36184.0,198.76767,398.0,11.05556,-3110.0,-86.38889,2.0
1758076308.86958,32531.0,178.70085,36051.0,198.03708,905.0,25.13889,-2234.0,-62.05556,2.0
1758076308.87075,32473.0,178.38225,35961.0,197.54268,1330.0,36.94444,-1413.0,-39.25,2.0
1758076308.88736,32399.0,177.97574,35907.0,197.24605,1461.0,40.58333,-817.0,-22.69444,2.0
1758076308.90356,32327.0,177.58023,35879.0,197.09224,1351.0,37.52778,-393.0,-10.91667,2.0
1758076308.90625,32269.0,177.26161,35866.0,197.02083,926.0,25.72222,-150.0,-4.16667,2.0
1758076308.92583,32241.0,177.1078,35856.0,196.9659,270.0,7.5,-290.0,-8.05556,2.0
1758076308.92734,32242.0,177.1133,35835.0,196.85054,-192.0,-5.33333,-547.0,-15.19444,2.0
1758076308.94328,32263.0,177.22865,35790.0,196.60335,-618.0,-17.16667,-1170.0,-32.5,2.0
1758076308.9462,32312.0,177.49782,35713.0,196.18037,-1184.0,-32.88889,-1769.0,-49.13889,2.0
1758076308.96308,32384.0,177.89334,35609.0,195.60905,-1541.0,-42.80556,-2253.0,-62.58333,2.0
1758076308.96663,32469.0,178.36028,35484.0,194.92241,-1797.0,-49.91667,-2607.0,-72.41666,2.0
1758076308.9853,32562.0,178.87114,35348.0,194.17532,-1837.0,-51.02778,-2734.0,-75.94444,2.0
1758076308.9858,32655.0,179.382,35208.0,193.40628,-1818.0,-50.5,-2786.0,-77.38889,2.0
1758076309.0032,32748.0,179.89288,35068.0,192.63722,-1824.0,-50.66667,-2737.0,-76.02778,2.0
1758076309.00763,32838.0,180.38727,34927.0,191.86266,-1789.0,-49.69444,-2780.0,-77.22222,2.0
1758076309.02261,32929.0,180.88716,34782.0,191.06615,-1841.0,-51.13889,-2922.0,-81.16666,2.0
1758076309.02381,33028.0,181.43098,34629.0,190.22568,-2007.0,-55.75,-3122.0,-86.72222,2.0
1758076309.03898,33138.0,182.03523,34462.0,189.30832,-2315.0,-64.30556,-3409.0,-94.69444,2.0
1758076309.04308,33263.0,182.72191,34278.0,188.29755,-2614.0,-72.61111,-3724.0,-103.44444,2.0
1758076309.06128,33407.0,183.51292,34081.0,187.21538,-3032.0,-84.22222,-4048.0,-112.44444,2.0
1758076309.06299,33572.0,184.41931,33868.0,186.04532,-3433.0,-95.36111,-4373.0,-121.47222,2.0
1758076309.07856,33757.0,185.43558,33638.0,184.78186,-3808.0,-105.77778,-4687.0,-130.19444,2.0
1758076309.08235,33959.0,186.54521,33397.0,183.45799,-4107.0,-114.08334,-4810.0,-133.61111,2.0
1758076309.09776,34177.0,187.74274,33156.0,182.13414,-4395.0,-122.08334,-4750.0,-131.94444,2.0
1758076309.11721,34409.0,189.01715,32921.0,180.84322,-4690.0,-130.27777,-4580.0,-127.22222,2.0
1758076309.13757,34655.0,190.3685,32695.0,179.60173,-4934.0,-137.05556,-4334.0,-120.38889,2.0
1758076309.14255,34913.0,191.78575,32487.0,178.45915,-5193.0,-144.25,-3932.0,-109.22222,2.0
1758076309.14295,35188.0,193.2964,32305.0,177.45937,-5612.0,-155.88889,-3375.0,-93.75,2.0
1758076309.14402,35481.0,194.90593,32149.0,176.60242,-5918.0,-164.38889,-2835.0,-78.75,2.0
1758076309.15965,35783.0,196.5649,32020.0,175.8938,-6002.0,-166.72223,-2336.0,-64.88889,2.0
1758076309.16043,36094.0,198.27328,31917.0,175.32799,-6241.0,-173.36111,-1792.0,-49.77778,2.0
1758076309.1764,36417.0,200.04761,31841.0,174.91051,-6447.0,-179.08333,-1276.0,-35.44444,2.0
1758076309.19338,36741.0,201.82742,31795.0,174.65781,-6384.0,-177.33333,-685.0,-19.02778,2.0
1758076309.19485,37069.0,203.62921,31772.0,174.53146,-6566.0,-182.38889,-254.0,-7.05556,2.0
1758076309.21255,37401.0,205.45296,31765.0,174.49301,-6500.0,-180.55556,-57.0,-1.58333,2.0
1758076309.21297,37728.0,207.24925,31765.0,174.49301,-6472.0,-179.77777,0.0,0.0,2.0
1758076309.23103,38048.0,209.00711,31767.0,174.504,-6166.0,-171.27777,20.0,0.55556,2.0
1758076309.23228,38346.0,210.64409,31767.0,174.504,-5609.0,-155.80556,0.0,0.0,2.0
1758076309.24763,38617.0,212.13275,31767.0,174.504,-5059.0,-140.52777,0.0,0.0,2.0
1758076309.26456,38857.0,213.45114,31767.0,174.504,-4551.0,-126.41666,-10.0,-0.27778,2.0
1758076309.26745,39070.0,214.6212,31766.0,174.4985,-3995.0,-110.97222,-14.0,-0.38889,2.0
1758076309.28261,39256.0,215.64293,31764.0,174.48752,-3414.0,-94.83334,-38.0,-1.05556,2.0
1758076309.28375,39416.0,216.52187,31761.0,174.47104,-2956.0,-82.11111,-108.0,-3.0,2.0
1758076309.29946,39557.0,217.29642,31754.0,174.43259,-2657.0,-73.80556,-142.0,-3.94444,2.0
1758076309.30235,39685.0,217.99954,31742.0,174.36667,-2375.0,-65.97222,-348.0,-9.66667,2.0
1758076309.31765,39802.0,218.64224,31717.0,174.22934,-2194.0,-60.94444,-608.0,-16.88889,2.0
1758076309.3365,39905.0,219.20805,31679.0,174.0206,-1931.0,-53.63889,-865.0,-24.02778,2.0
1758076309.33691,39993.0,219.69145,31626.0,173.72946,-1622.0,-45.05556,-1186.0,-32.94444,2.0
1758076309.35287,40064.0,220.0815,31560.0,173.36691,-1162.0,-32.27778,-1346.0,-37.38889,2.0
1758076309.35355,40110.0,220.33418,31487.0,172.9659,-680.0,-18.88889,-1543.0,-42.86111,2.0
1758076309.3695,40129.0,220.43855,31408.0,172.53192,-119.0,-3.30556,-1579.0,-43.86111,2.0
1758076309.37184,40129.0,220.43855,31326.0,172.08148,16.0,0.44444,-1599.0,-44.41667,2.0
1758076309.3877,40128.0,220.43306,31248.0,171.65302,28.0,0.77778,-1490.0,-41.38889,2.0
1758076309.4049,40118.0,220.37813,31184.0,171.30145,361.0,10.02778,-997.0,-27.69444,2.0
1758076309.40529,40086.0,220.20235,31155.0,171.14214,859.0,23.86111,-245.0,-6.80556,2.0
1758076309.42155,40021.0,219.84526,31161.0,171.17509,1633.0,45.36111,209.0,5.80556,2.0
1758076309.42311,39916.0,219.26848,31177.0,171.263,2391.0,66.41666,420.0,11.66667,2.0
1758076309.43945,39772.0,218.47745,31203.0,171.40582,3166.0,87.94444,598.0,16.61111,2.0
1758076309.44228,39594.0,217.49966,31235.0,171.5816,3764.0,104.55556,602.0,16.72222,2.0
1758076309.45778,39389.0,216.37355,31258.0,171.70795,4198.0,116.61111,334.0,9.27778,2.0
1758076309.47558,39168.0,215.15953,31266.0,171.75189,4453.0,123.69444,0.0,0.0,2.0
1758076309.47612,38940.0,213.90707,31261.0,171.72443,4455.0,123.75,-169.0,-4.69444,2.0
1758076309.49281,38722.0,212.70953,31250.0,171.664,4141.0,115.02778,-283.0,-7.86111,2.0
1758076309.49328,38523.0,211.61638,31233.0,171.57062,3761.0,104.47222,-350.0,-9.72222,2.0
1758076309.50978,38337.0,210.59465,31221.0,171.5047,3623.0,100.63889,-119.0,-3.30556,2.0
1758076309.51248,38154.0,209.58939,31222.0,171.51019,3653.0,101.47222,69.0,1.91667,2.0
1758076309.52775,37967.0,208.56213,31231.0,171.55963,3764.0,104.55556,269.0,7.47222,2.0
1758076309.54546,37779.0,207.52942,31248.0,171.65302,3618.0,100.5,383.0,10.63889,2.0
1758076309.54598,37603.0,206.56261,31272.0,171.78485,3366.0,93.5,510.0,14.16667,2.0
1758076309.56254,37439.0,205.6617,31302.0,171.94965,3111.0,86.41666,609.0,16.91667,2.0
1758076309.56361,37290.0,204.84322,31329.0,172.09796,2812.0,78.11111,450.0,12.5,2.0
1758076309.5799,37157.0,204.11261,31346.0,172.19135,2466.0,68.5,251.0,6.97222,2.0
1758076309.58165,37038.0,203.45892,31356.0,172.24628,2236.0,62.11111,189.0,5.25,2.0
1758076309.59789,36927.0,202.84915,31366.0,172.30121,2159.0,59.97222,224.0,6.22222,2.0
1758076309.61386,36812.0,202.21744,31387.0,172.41656,2338.0,64.94444,523.0,14.52778,2.0
1758076309.61477,36685.0,201.51979,31422.0,172.60883,2640.0,73.33334,898.0,24.94444,2.0
1758076309.63155,36543.0,200.73976,31486.0,172.9604,2906.0,80.72222,1479.0,41.08333,2.0
1758076309.63236,36393.0,199.91577,31572.0,173.43283,2985.0,82.91666,1835.0,50.97222,2.0
1758076309.64782,36243.0,199.0918,31671.0,173.97665,2892.0,80.33334,2012.0,55.88889,2.0
1758076309.66379,36101.0,198.31174,31776.0,174.55344,2744.0,76.22222,2106.0,58.5,2.0
1758076309.66434,35968.0,197.58115,31885.0,175.15221,2556.0,71.0,2207.0,61.30556,2.0
1758076309.67985,35840.0,196.87801,32001.0,175.78943,2555.0,70.97222,2403.0,66.75,2.0
1758076309.68059,35706.0,196.14189,32132.0,176.50903,2757.0,76.58334,2771.0,76.97222,2.0
1758076309.69592,35557.0,195.32341,32287.0,177.36049,3141.0,87.25,3333.0,92.58334,2.0
1758076309.71259,35384.0,194.37308,32475.0,178.39323,3613.0,100.36111,4031.0,111.97222,2.0
1758076309.71341,35190.0,193.30739,32700.0,179.6292,3990.0,110.83334,4783.0,132.86111,2.0
1758076309.73236,34984.0,192.1758,32967.0,181.0959,4131.0,114.75,5526.0,153.5,2.0
1758076309.73274,34774.0,191.0222,33261.0,182.71092,4157.0,115.47222,6032.0,167.55556,2.0
1758076309.74886,34569.0,189.89609,33581.0,184.46875,3981.0,110.58334,6496.0,180.44444,2.0
1758076309.74969,34376.0,188.83588,33920.0,186.33098,3615.0,100.41666,6793.0,188.69444,2.0
1758076309.76487,34207.0,187.90753,34269.0,188.24811,3088.0,85.77778,7017.0,194.91667,2.0
1758076309.78236,34063.0,187.1165,34634.0,190.25314,2616.0,72.66666,7338.0,203.83333,2.0
1758076309.78304,33944.0,186.46281,35003.0,192.28017,2129.0,59.13889,7309.0,203.02777,2.0
1758076309.79896,33849.0,185.94095,35376.0,194.32913,1664.0,46.22222,7357.0,204.36111,2.0
1758076309.79966,33777.0,185.54544,35747.0,196.36714,1250.0,34.72222,7263.0,201.75,2.0
1758076309.81488,33723.0,185.24881,36110.0,198.36118,888.0,24.66667,7146.0,198.5,2.0
1758076309.83408,33688.0,185.05655,36472.0,200.34973,600.0,16.66667,7102.0,197.27777,2.0
1758076309.83701,33660.0,184.90271,36824.0,202.28336,516.0,14.33333,6888.0,191.33333,2.0
1758076309.85186,33634.0,184.75989,37170.0,204.18402,452.0,12.55556,6790.0,188.61111,2.0
1758076309.85342,33612.0,184.63904,37509.0,206.04625,409.0,11.36111,6586.0,182.94444,2.0
1758076309.86887,33592.0,184.52917,37834.0,207.83154,389.0,10.80556,6344.0,176.22223,2.0
1758076309.86975,33568.0,184.39734,38152.0,209.5784,496.0,13.77778,6203.0,172.30556,2.0
1758076309.88579,33539.0,184.23804,38459.0,211.26482,668.0,18.55556,5928.0,164.66667,2.0
1758076309.90391,33498.0,184.01282,38750.0,212.86334,921.0,25.58333,5621.0,156.13889,2.0
1758076309.90498,33449.0,183.74365,39028.0,214.39047,1025.0,28.47222,5320.0,147.77777,2.0
1758076309.92191,33400.0,183.47447,39278.0,215.76378,895.0,24.86111,4563.0,126.75,2.0
1758076309.92219,33356.0,183.23277,39487.0,216.91188,817.0,22.69444,3769.0,104.69444,2.0
1758076309.93794,33318.0,183.02403,39657.0,217.84573,720.0,20.0,3015.0,83.75,2.0
1758076309.94051,33277.0,182.79881,39788.0,218.56534,934.0,25.94444,2299.0,63.86111,2.0
1758076309.957,33221.0,182.4912,39884.0,219.0927,1236.0,34.33333,1628.0,45.22222,2.0
1758076309.97285,33149.0,182.09566,39952.0,219.46623,1580.0,43.88889,1108.0,30.77778,2.0
1758076309.97354,33058.0,181.59578,39988.0,219.66399,1952.0,54.22222,449.0,12.47222,2.0
1758076309.99322,32948.0,180.99153,39997.0,219.71342,2329.0,64.69444,0.0,0.0,2.0
1758076309.99369,32821.0,180.29388,39996.0,219.70793,2660.0,73.88889,-5.0,-0.13889,2.0
1758076310.01292,32681.0,179.52483,39996.0,219.70793,2866.0,79.61111,-8.0,-0.22222,2.0
1758076310.01378,32534.0,178.71733,39995.0,219.70244,2915.0,80.97222,-9.0,-0.25,2.0
1758076310.03239,32388.0,177.91531,39994.0,219.69695,2809.0,78.02778,-17.0,-0.47222,2.0
1758076310.03281,32251.0,177.16273,39993.0,219.69145,2592.0,72.0,-51.0,-1.41667,2.0
1758076310.0489,32129.0,176.49255,39986.0,219.653,2240.0,62.22222,-192.0,-5.33333,2.0
1758076310.04974,32026.0,175.92676,39971.0,219.5706,1874.0,52.05556,-408.0,-11.33333,2.0
1758076310.06493,31940.0,175.45435,39941.0,219.40581,1554.0,43.16667,-653.0,-18.13889,2.0
1758076310.08256,31868.0,175.05882,39906.0,219.21355,1317.0,36.58333,-703.0,-19.52778,2.0
1758076310.08336,31804.0,174.70724,39868.0,219.00481,1229.0,34.13889,-761.0,-21.13889,2.0
1758076310.1017,31748.0,174.39963,39822.0,218.75212,1038.0,28.83333,-1083.0,-30.08333,2.0
1758076310.10292,31704.0,174.15793,39756.0,218.38956,775.0,21.52778,-1468.0,-40.77778,2.0
1758076310.119,31672.0,173.98215,39670.0,217.91714,522.0,14.5,-1887.0,-52.41667,2.0
1758076310.11976,31653.0,173.87778,39566.0,217.34586,293.0,8.13889,-2210.0,-61.38889,2.0
1758076310.13578,31641.0,173.81186,39448.0,216.69765,267.0,7.41667,-2396.0,-66.55556,2.0
1758076310.15282,31622.0,173.70749,39320.0,215.99452,456.0,12.66667,-2555.0,-70.97222,2.0
1758076310.15362,31593.0,173.54819,39189.0,215.27489,710.0,19.72222,-2577.0,-71.58334,2.0
1758076310.16908,31550.0,173.31197,39057.0,214.54979,954.0,26.5,-2564.0,-71.22222,2.0
1758076310.16983,31499.0,173.03181,38928.0,213.84116,1044.0,29.0,-2558.0,-71.05556,2.0
1758076310.18731,31444.0,172.72969,38796.0,213.11606,1110.0,30.83333,-2602.0,-72.27778,2.0
1758076310.20372,31392.0,172.44403,38662.0,212.37994,974.0,27.05556,-2718.0,-75.5,2.0
1758076310.20397,31349.0,172.20782,38520.0,211.5999,727.0,20.19444,-2865.0,-79.58334,2.0
1758076310.22187,31318.0,172.03754,38365.0,210.74846,502.0,13.94444,-3211.0,-89.19444,2.0
1758076310.22263,31303.0,171.95514,38190.0,209.78714,136.0,3.77778,-3724.0,-103.44444,2.0
1758076310.23801,31309.0,171.9881,37985.0,208.66101,-332.0,-9.22222,-4319.0,-119.97222,2.0
1758076310.24004,31342.0,172.16937,37753.0,207.38658,-888.0,-24.66667,-4785.0,-132.91667,2.0
1758076310.25599,31407.0,172.52643,37493.0,205.95833,-1616.0,-44.88889,-5437.0,-151.02777,2.0
1758076310.27244,31513.0,173.10872,37193.0,204.31036,-2380.0,-66.11111,-6299.0,-174.97223,2.0
1758076310.27287,31658.0,173.90524,36857.0,202.46463,-3178.0,-88.27778,-6863.0,-190.63889,2.0
1758076310.28807,31840.0,174.90501,36495.0,200.47609,-3878.0,-107.72222,-7268.0,-201.88889,2.0
1758076310.29243,32042.0,176.01465,36129.0,198.46555,-4053.0,-112.58334,-7149.0,-198.58333,2.0
1758076310.30799,32242.0,177.1133,35787.0,196.58687,-3820.0,-106.11111,-6412.0,-178.11111,2.0
1758076310.31011,32421.0,178.09659,35477.0,194.88396,-3286.0,-91.27778,-5907.0,-164.08333,2.0
1758076310.32691,32575.0,178.94255,35197.0,193.34584,-2850.0,-79.16666,-5232.0,-145.33333,2.0
1758076310.34349,32713.0,179.70062,34953.0,192.00551,-2656.0,-73.77778,-4541.0,-126.13889,2.0
1758076310.34421,32847.0,180.43671,34738.0,190.82445,-2699.0,-74.97222,-4103.0,-113.97222,2.0
1758076310.36203,32992.0,181.23323,34537.0,189.72031,-3057.0,-84.91666,-3911.0,-108.63889,2.0
1758076310.36239,33163.0,182.17259,34342.0,188.64911,-3693.0,-102.58334,-3859.0,-107.19444,2.0
1758076310.3781,33374.0,183.33165,34148.0,187.58342,-4575.0,-127.08334,-3788.0,-105.22222,2.0
1758076310.38123,33632.0,184.7489,33957.0,186.53423,-5514.0,-153.16667,-3743.0,-103.97222,2.0
1758076310.39709,33933.0,186.40239,33769.0,185.5015,-6282.0,-174.5,-3649.0,-101.36111,2.0
1758076310.41382,34271.0,188.25909,33586.0,184.49622,-6992.0,-194.22223,-3472.0,-96.44444,2.0
1758076310.41422,34643.0,190.30258,33421.0,183.58984,-7500.0,-208.33333,-3112.0,-86.44444,2.0
1758076310.4301,35030.0,192.42848,33279.0,182.8098,-7777.0,-216.02777,-2564.0,-71.22222,2.0
1758076310.43152,35430.0,194.62576,33166.0,182.18907,-7962.0,-221.16667,-1997.0,-55.47222,2.0
1758076310.44852,35826.0,196.8011,33084.0,181.7386,-7679.0,-213.30556,-1345.0,-37.36111,2.0
1758076310.46378,36213.0,198.92697,33029.0,181.43648,-7601.0,-211.13889,-854.0,-23.72222,2.0
1758076310.46416,36589.0,200.99245,33000.0,181.27718,-7279.0,-202.19444,-352.0,-9.77778,2.0
1758076310.48174,36949.0,202.97,32991.0,181.22774,-7002.0,-194.5,-45.0,-1.25,2.0
1758076310.48249,37300.0,204.89815,32991.0,181.22774,-6861.0,-190.58333,0.0,0.0,2.0
1758076310.4981,37634.0,206.73289,32990.0,181.22224,-6446.0,-179.05556,-28.0,-0.77778,2.0
1758076310.50173,37956.0,208.50171,32984.0,181.18929,-6289.0,-174.69444,-202.0,-5.61111,2.0
1758076310.51707,38265.0,210.19913,32964.0,181.07942,-5933.0,-164.80556,-512.0,-14.22222,2.0
1758076310.53385,38551.0,211.7702,32926.0,180.87068,-5427.0,-150.75,-959.0,-26.63889,2.0
1758076310.53425,38815.0,213.22043,32867.0,180.54657,-4996.0,-138.77777,-1288.0,-35.77778,2.0
1758076310.55112,39045.0,214.48387,32798.0,180.16754,-4140.0,-115.0,-1388.0,-38.55556,2.0
1758076310.55193,39227.0,215.48363,32724.0,179.76105,-3168.0,-88.0,-1468.0,-40.77778,2.0
1758076310.56824,39361.0,216.21974,32645.0,179.32707,-2287.0,-63.52778,-1663.0,-46.19444,2.0
1758076310.5838,39453.0,216.72511,32555.0,178.83269,-1506.0,-41.83333,-1904.0,-52.88889,2.0
1758076310.58407,39511.0,217.04372,32449.0,178.25041,-870.0,-24.16667,-2202.0,-61.16667,2.0
1758076310.60255,39537.0,217.18654,32327.0,177.58023,-287.0,-7.97222,-2546.0,-70.72222,2.0
1758076310.60335,39541.0,217.20851,32187.0,176.81116,0.0,0.0,-2904.0,-80.66666,2.0
1758076310.6215,39541.0,217.20851,32029.0,175.94324,0.0,0.0,-3281.0,-91.13889,2.0
1758076310.62257,39541.0,217.20851,31853.0,174.97643,0.0,0.0,-3600.0,-100.0,2.0
1758076310.63818,39541.0,217.20851,31667.0,173.95468,0.0,0.0,-3715.0,-103.19444,2.0
1758076310.63973,39540.0,217.20302,31479.0,172.92195,15.0,0.41667,-3668.0,-101.88889,2.0
1758076310.65596,39538.0,217.19203,31299.0,171.93317,72.0,2.0,-3443.0,-95.63889,2.0
1758076310.67218,39531.0,217.15358,31132.0,171.01579,185.0,5.13889,-3135.0,-87.08334,2.0
1758076310.6731,39519.0,217.08766,30988.0,170.22476,316.0,8.77778,-2635.0,-73.19444,2.0
1758076310.689,39497.0,216.96681,30868.0,169.56557,508.0,14.11111,-2129.0,-59.13889,2.0
1758076310.69321,39469.0,216.813,30776.0,169.0602,549.0,15.25,-1604.0,-44.55556,2.0
1758076310.70818,39441.0,216.65919,30706.0,168.67567,596.0,16.55556,-1224.0,-34.0,2.0
1758076310.70903,39409.0,216.48341,30658.0,168.412,636.0,17.66667,-731.0,-20.30556,2.0
1758076310.7242,39378.0,216.31313,30630.0,168.25818,603.0,16.75,-451.0,-12.52778,2.0
1758076310.74099,39346.0,216.13734,30619.0,168.19775,656.0,18.22222,-42.0,-1.16667,2.0
1758076310.74183,39309.0,215.9341,30622.0,168.21423,744.0,20.66667,53.0,1.47222,2.0
1758076310.75834,39263.0,215.68138,30625.0,168.23071,1057.0,29.36111,35.0,0.97222,2.0
1758076310.75998,39201.0,215.34081,30627.0,168.2417,1355.0,37.63889,44.0,1.22222,2.0
1758076310.77622,39125.0,214.92332,30630.0,168.25818,1680.0,46.66667,30.0,0.83333,2.0
1758076310.79222,39029.0,214.39597,30630.0,168.25818,2012.0,55.88889,0.0,0.0,2.0
1758076310.79306,38918.0,213.78622,30631.0,168.26367,2295.0,63.75,-2.0,-0.05556,2.0
1758076310.80819,38793.0,213.09958,30630.0,168.25818,2575.0,71.52778,-19.0,-0.52778,2.0
1758076310.80898,38658.0,212.35797,30630.0,168.25818,2750.0,76.38889,-21.0,-0.58333,2.0
1758076310.82503,38516.0,211.57793,30630.0,168.25818,2840.0,78.88889,0.0,0.0,2.0
1758076310.84205,38370.0,210.77592,30630.0,168.25818,2909.0,80.80556,0.0,0.0,2.0
1758076310.8428,38219.0,209.94644,30630.0,168.25818,3051.0,84.75,7.0,0.19444,2.0
1758076310.85828,38056.0,209.05106,30631.0,168.26367,3358.0,93.27778,40.0,1.11111,2.0
1758076310.85902,37872.0,208.04028,30639.0,168.30762,3847.0,106.86111,289.0,8.02778,2.0
1758076310.87585,37663.0,206.8922,30668.0,168.46693,4375.0,121.52778,808.0,22.44444,2.0
1758076310.89211,37423.0,205.57381,30726.0,168.78554,5066.0,140.72223,1418.0,39.38889,2.0
1758076310.89283,37145.0,204.04669,30817.0,169.28542,5778.0,160.5,2118.0,58.83333,2.0
1758076310.90828,36838.0,202.36026,30949.0,170.01053,6197.0,172.13889,3001.0,83.36111,2.0
1758076310.90912,36523.0,200.6299,31126.0,170.98283,6223.0,172.86111,3801.0,105.58334,2.0
1758076310.92418,36212.0,198.92148,31325.0,172.07599,6017.0,167.13889,3961.0,110.02778,2.0
1758076310.94202,35921.0,197.32295,31515.0,173.11971,5492.0,152.55556,3511.0,97.52778,2.0
1758076310.94322,35660.0,195.88921,31675.0,173.99863,4792.0,133.11111,2897.0,80.47222,2.0
1758076310.95826,35437.0,194.66422,31811.0,174.74571,4117.0,114.36111,2569.0,71.36111,2.0
1758076310.96004,35246.0,193.61502,31942.0,175.46533,3556.0,98.77778,2623.0,72.86111,2.0
1758076310.97608,35075.0,192.67567,32085.0,176.25085,3304.0,91.77778,3016.0,83.77778,2.0
1758076310.9931,34907.0,191.75279,32255.0,177.18471,3362.0,93.38889,3672.0,102.0,2.0
1758076310.9955,34732.0,190.79149,32465.0,178.3383,3567.0,99.08334,4533.0,125.91666,2.0
1758076311.01132,34546.0,189.76974,32723.0,179.75555,3739.0,103.86111,5515.0,153.19444,2.0
1758076311.0121,34357.0,188.73151,33026.0,181.42,3709.0,103.02778,6341.0,176.13889,2.0
1758076311.02728,34172.0,187.71526,33367.0,183.2932,3577.0,99.36111,7041.0,195.58333,2.0
1758076311.02881,33999.0,186.76494,33744.0,185.36417,3291.0,91.41666,7655.0,212.63889,2.0
1758076311.04831,33844.0,185.91348,34136.0,187.5175,2896.0,80.44444,7843.0,217.86111,2.0
1758076311.04911,33711.0,185.18289,34537.0,189.72031,2393.0,66.47222,7974.0,221.5,2.0
1758076311.06512,33604.0,184.59509,34935.0,191.9066,1877.0,52.13889,7685.0,213.47223,2.0
1758076311.08213,33526.0,184.16663,35324.0,194.04349,1303.0,36.19444,7511.0,208.63889,2.0
1758076311.08286,33472.0,183.87,35692.0,196.06499,835.0,23.19444,7080.0,196.66667,2.0
1758076311.10229,33441.0,183.69971,36037.0,197.96017,479.0,13.30556,6616.0,183.77777,2.0
1758076311.10294,33422.0,183.59534,36368.0,199.77844,341.0,9.47222,6460.0,179.44444,2.0
1758076311.11845,33405.0,183.50194,36685.0,201.51979,312.0,8.66667,6139.0,170.52777,2.0
1758076311.11998,33385.0,183.39207,36989.0,203.18973,487.0,13.52778,5964.0,165.66667,2.0
1758076311.13612,33354.0,183.22179,37288.0,204.83223,703.0,19.52778,5853.0,162.58333,2.0
1758076311.1523,33314.0,183.00206,37577.0,206.41978,844.0,23.44444,5605.0,155.69444,2.0
1758076311.15312,33262.0,182.71642,37854.0,207.94141,1162.0,32.27778,5359.0,148.86111,2.0
1758076311.1719,33195.0,182.34837,38121.0,209.40811,1411.0,39.19444,5135.0,142.63889,2.0
1758076311.17233,33118.0,181.92537,38373.0,210.7924,1627.0,45.19444,4774.0,132.61111,2.0
1758076311.1885,33033.0,181.45845,38603.0,212.05585,1722.0,47.83333,4351.0,120.86111,2.0
1758076311.18965,32943.0,180.96407,38812.0,213.20395,1798.0,49.94444,3922.0,108.94444,2.0
1758076311.20514,32859.0,180.50262,38990.0,214.18173,1540.0,42.77778,3146.0,87.38889,2.0
1758076311.22298,32788.0,180.11261,39127.0,214.93431,1274.0,35.38889,2390.0,66.38889,2.0
1758076311.22381,32725.0,179.76654,39227.0,215.48363,1217.0,33.80556,1688.0,46.88889,2.0
1758076311.24038,32664.0,179.43144,39298.0,215.87367,1225.0,34.02778,1177.0,32.69444,2.0
1758076311.24293,32599.0,179.07439,39344.0,216.12636,1405.0,39.02778,749.0,20.80556,2.0
1758076311.26163,32521.0,178.64592,39372.0,216.28017,1647.0,45.75,415.0,11.52778,2.0
1758076311.26237,32429.0,178.14053,39385.0,216.35158,1961.0,54.47222,117.0,3.25,2.0
1758076311.27878,32323.0,177.55826,39386.0,216.35707,2205.0,61.25,-9.0,-0.25,2.0
1758076311.28038,32202.0,176.89357,39385.0,216.35158,2438.0,67.72222,-4.0,-0.11111,2.0
1758076311.29536,32077.0,176.20691,39385.0,216.35158,2521.0,70.02778,-2.0,-0.05556,2.0
1758076311.31148,31949.0,175.50378,39385.0,216.35158,2510.0,69.72222,-8.0,-0.22222,2.0
1758076311.31219,31824.0,174.81712,39384.0,216.34608,2432.0,67.55556,-28.0,-0.77778,2.0
1758076311.32737,31707.0,174.17441,39381.0,216.32961,2223.0,61.75,-93.0,-2.58333,2.0
1758076311.32942,31600.0,173.58664,39373.0,216.28566,2012.0,55.88889,-167.0,-4.63889,2.0
1758076311.34541,31505.0,173.06477,39363.0,216.23073,1749.0,48.58333,-252.0,-7.0,2.0
1758076311.36216,31423.0,172.61432,39347.0,216.14284,1522.0,42.27778,-355.0,-9.86111,2.0
1758076311.36303,31353.0,172.2298,39328.0,216.03847,1279.0,35.52778,-378.0,-10.5,2.0
1758076311.37839,31290.0,171.88373,39306.0,215.91762,1229.0,34.13889,-405.0,-11.25,2.0
1758076311.38253,31232.0,171.56512,39290.0,215.8297,1156.0,32.11111,-249.0,-6.91667,2.0
1758076311.3984,31169.0,171.21906,39287.0,215.81322,1337.0,37.13889,33.0,0.91667,2.0
1758076311.40002,31103.0,170.85649,39286.0,215.80772,1235.0,34.30556,0.0,0.0,2.0
1758076311.41615,31046.0,170.54338,39284.0,215.79674,1034.0,28.72222,-51.0,-1.41667,2.0
1758076311.4332,31003.0,170.30716,39276.0,215.75279,693.0,19.25,-243.0,-6.75,2.0
1758076311.434,30983.0,170.1973,39259.0,215.65941,193.0,5.36111,-381.0,-10.58333,2.0
1758076311.45137,30984.0,170.20279,39231.0,215.5056,-81.0,-2.25,-637.0,-17.69444,2.0
1758076311.45205,30990.0,170.23575,39187.0,215.2639,-161.0,-4.47222,-1066.0,-29.61111,2.0
1758076311.46789,31003.0,170.30716,39120.0,214.89586,-290.0,-8.05556,-1495.0,-41.52778,2.0
1758076311.46979,31021.0,170.40604,39031.0,214.40695,-422.0,-11.72222,-1997.0,-55.47222,2.0
1758076311.48791,31045.0,170.53789,38914.0,213.76425,-539.0,-14.97222,-2600.0,-72.22222,2.0
1758076311.48912,31077.0,170.71367,38762.0,212.92926,-676.0,-18.77778,-3299.0,-91.63889,2.0
1758076311.50546,31113.0,170.91142,38574.0,211.89655,-765.0,-21.25,-4010.0,-111.38889,2.0
1758076311.52309,31156.0,171.14763,38352.0,210.67705,-916.0,-25.44444,-4652.0,-129.22223,2.0
1758076311.52592,31206.0,171.4223,38101.0,209.29825,-1034.0,-28.72222,-5188.0,-144.11111,2.0
1758076311.54227,31269.0,171.76837,37825.0,207.7821,-1435.0,-39.86111,-5609.0,-155.80556,2.0
1758076311.54306,31358.0,172.25726,37529.0,206.15611,-1918.0,-53.27778,-6080.0,-168.88889,2.0
1758076311.5585,31470.0,172.87251,37205.0,204.37628,-2416.0,-67.11111,-6701.0,-186.13889,2.0
1758076311.55931,31603.0,173.60312,36845.0,202.39871,-2781.0,-77.25,-7402.0,-205.61111,2.0
1758076311.57635,31752.0,174.4216,36446.0,200.20691,-3067.0,-85.19444,-8245.0,-229.02777,2.0
1758076311.59154,31918.0,175.33348,36009.0,197.80637,-3396.0,-94.33334,-8867.0,-246.30556,2.0
1758076311.5931,32100.0,176.33325,35564.0,195.36186,-3698.0,-102.72222,-8581.0,-238.36111,2.0
1758076311.60852,32284.0,177.34401,35148.0,193.07668,-3564.0,-99.0,-7796.0,-216.55556,2.0
1758076311.60929,32450.0,178.25591,34788.0,191.09911,-3036.0,-84.33334,-6668.0,-185.22223,2.0
1758076311.62752,32585.0,178.99748,34481.0,189.41269,-2315.0,-64.30556,-5620.0,-156.11111,2.0
1758076311.62956,32686.0,179.55229,34229.0,188.02838,-1821.0,-50.58333,-4423.0,-122.86111,2.0
1758076311.64724,32775.0,180.0412,34033.0,186.95171,-1727.0,-47.97222,-3492.0,-97.0,2.0
1758076311.64848,32872.0,180.57404,33874.0,186.07828,-2107.0,-58.52778,-2929.0,-81.36111,2.0
1758076311.66449,33000.0,181.27718,33732.0,185.29825,-2932.0,-81.44444,-2752.0,-76.44444,2.0
1758076311.68057,33178.0,182.25499,33592.0,184.52917,-4016.0,-111.55556,-2782.0,-77.27778,2.0
1758076311.68255,33418.0,183.57336,33447.0,183.73267,-5287.0,-146.86111,-2951.0,-81.97222,2.0
1758076311.69756,33718.0,185.22134,33295.0,182.89769,-6387.0,-177.41667,-3063.0,-85.08334,2.0
1758076311.6996,34066.0,187.13298,33140.0,182.04622,-7254.0,-201.5,-3051.0,-84.75,2.0
1758076311.7163,34456.0,189.27536,32990.0,181.22224,-7994.0,-222.05556,-2878.0,-79.94444,2.0
1758076311.73603,34873.0,191.56602,32854.0,180.47516,-8330.0,-231.38889,-2499.0,-69.41666,2.0
1758076311.73745,35303.0,193.92813,32739.0,179.84344,-8619.0,-239.41667,-2055.0,-57.08333,2.0
1758076311.75251,35735.0,196.30122,32653.0,179.37102,-8413.0,-233.69444,-1425.0,-39.58333,2.0
1758076311.75378,36151.0,198.5864,32601.0,179.08537,-8194.0,-227.61111,-719.0,-19.97222,2.0
1758076311.77151,36556.0,200.81117,32584.0,178.99199,-7807.0,-216.86111,-69.0,-1.91667,2.0
1758076311.77236,36941.0,202.92606,32586.0,179.00298,-7459.0,-207.19444,35.0,0.97222,2.0
1758076311.78756,37313.0,204.96956,32586.0,179.00298,-7246.0,-201.27777,0.0,0.0,2.0
1758076311.79292,37662.0,206.8867,32586.0,179.00298,-6643.0,-184.52777,-6.0,-0.16667,2.0
1758076311.83289,37990.0,208.68848,32585.0,178.99748,-6352.0,-176.44444,-23.0,-0.63889,2.0
1758076311.8371,38298.0,210.38042,32583.0,178.9865,-5825.0,-161.80556,-66.0,-1.83333,2.0
1758076311.83979,38578.0,211.91852,32575.0,178.94255,-5291.0,-146.97223,-233.0,-6.47222,2.0
1758076311.84023,38827.0,213.28635,32558.0,178.84917,-4645.0,-129.02777,-382.0,-10.61111,2.0
1758076311.8431,39044.0,214.47838,32534.0,178.71733,-3994.0,-110.94444,-610.0,-16.94444,2.0
1758076311.86287,39227.0,215.48363,32496.0,178.50859,-3352.0,-93.11111,-841.0,-23.36111,2.0
1758076311.86328,39379.0,216.31862,32445.0,178.22842,-2753.0,-76.47222,-1159.0,-32.19444,2.0
1758076311.8798,39501.0,216.98878,32375.0,177.8439,-2213.0,-61.47222,-1568.0,-43.55556,2.0
1758076311.88308,39596.0,217.51065,32288.0,177.36598,-1636.0,-45.44444,-1891.0,-52.52778,2.0
1758076311.9231,39661.0,217.86771,32185.0,176.80017,-976.0,-27.11111,-2088.0,-58.0,2.0
1758076311.92451,39692.0,218.03799,32074.0,176.19043,-346.0,-9.61111,-2264.0,-62.88889,2.0
1758076311.9273,39697.0,218.06546,31957.0,175.54773,2.0,0.05556,-2289.0,-63.58333,2.0
1758076311.92799,39697.0,218.06546,31841.0,174.91051,0.0,0.0,-2277.0,-63.25,2.0
1758076311.93084,39697.0,218.06546,31731.0,174.30624,8.0,0.22222,-2067.0,-57.41667,2.0
1758076311.9474,39696.0,218.05997,31635.0,173.7789,19.0,0.52778,-1777.0,-49.36111,2.0
1758076311.95268,39694.0,218.04898,31556.0,173.34494,47.0,1.30556,-1381.0,-38.36111,2.0
1758076311.96945,39691.0,218.0325,31496.0,173.01534,96.0,2.66667,-1034.0,-28.72222,2.0
1758076311.97022,39683.0,217.98856,31453.0,172.77913,203.0,5.63889,-729.0,-20.25,2.0
1758076311.98809,39673.0,217.93362,31427.0,172.63631,187.0,5.19444,-410.0,-11.38889,2.0
1758076311.99004,39662.0,217.8732,31408.0,172.53192,212.0,5.88889,-353.0,-9.80556,2.0
1758076312.00578,39656.0,217.84024,31387.0,172.41656,47.0,1.30556,-497.0,-13.80556,2.0
1758076312.01006,39655.0,217.83475,31359.0,172.26276,0.0,0.0,-603.0,-16.75,2.0
1758076312.0257,39655.0,217.83475,31324.0,172.0705,0.0,0.0,-771.0,-21.41667,2.0
1758076312.04308,39655.0,217.83475,31286.0,171.86176,0.0,0.0,-690.0,-19.16667,2.0
1758076312.04345,39652.0,217.81827,31253.0,171.68048,95.0,2.63889,-602.0,-16.72222,2.0
1758076312.05974,39640.0,217.75235,31227.0,171.53766,369.0,10.25,-423.0,-11.75,2.0
1758076312.0602,39616.0,217.62051,31217.0,171.48273,562.0,15.61111,-26.0,-0.72222,2.0
1758076312.07757,39582.0,217.43375,31220.0,171.49921,745.0,20.69444,34.0,0.94444,2.0
1758076312.07964,39536.0,217.18105,31221.0,171.5047,980.0,27.22222,4.0,0.11111,2.0
1758076312.09568,39477.0,216.85695,31222.0,171.51019,1271.0,35.30556,24.0,0.66667,2.0
1758076312.11357,39407.0,216.47243,31225.0,171.52667,1506.0,41.83333,78.0,2.16667,2.0
1758076312.11397,39322.0,216.00551,31231.0,171.55963,1809.0,50.25,111.0,3.08333,2.0
1758076312.13363,39221.0,215.45067,31235.0,171.5816,2140.0,59.44444,36.0,1.0,2.0
1758076312.13595,39102.0,214.79698,31235.0,171.5816,2510.0,69.72222,-4.0,-0.11111,2.0
1758076312.15329,38966.0,214.0499,31236.0,171.5871,2851.0,79.19444,48.0,1.33333,2.0
1758076312.15416,38807.0,213.17648,31242.0,171.62006,3375.0,93.75,152.0,4.22222,2.0
1758076312.17311,38619.0,212.14374,31257.0,171.70245,4004.0,111.22222,434.0,12.05556,2.0
1758076312.17364,38398.0,210.92973,31292.0,171.89471,4674.0,129.83333,881.0,24.47222,2.0
1758076312.1905,38141.0,209.51797,31357.0,172.25177,5441.0,151.13889,1582.0,43.94444,2.0
1758076312.19129,37844.0,207.88647,31458.0,172.80659,6148.0,170.77777,2314.0,64.27778,2.0
1758076312.20749,37513.0,206.06822,31601.0,173.59213,6802.0,188.94444,3219.0,89.41666,2.0
1758076312.21303,37155.0,204.10162,31790.0,174.63034,7214.0,200.38889,4106.0,114.05556,2.0
1758076312.23295,36787.0,202.08011,32011.0,175.84436,7237.0,201.02777,4488.0,124.66666,2.0
1758076312.23332,36429.0,200.11353,32229.0,177.04189,6953.0,193.13889,4072.0,113.11111,2.0
1758076312.2517,36091.0,198.25681,32417.0,178.07462,6388.0,177.44444,3423.0,95.08334,2.0
1758076312.25256,35794.0,196.62532,32572.0,178.92607,5481.0,152.25,2818.0,78.27778,2.0
1758076312.26769,35535.0,195.20256,32705.0,179.65668,4850.0,134.72223,2530.0,70.27778,2.0
1758076312.27294,35302.0,193.92264,32833.0,180.3598,4427.0,122.97222,2555.0,70.97222,2.0
1758076312.28954,35083.0,192.71962,32972.0,181.12337,4267.0,118.52778,2890.0,80.27778,2.0
1758076312.29034,34866.0,191.52757,33136.0,182.02425,4275.0,118.75,3524.0,97.88889,2.0
1758076312.30759,34644.0,190.30807,33337.0,183.1284,4353.0,120.91666,4338.0,120.5,2.0
1758076312.32275,34423.0,189.09406,33581.0,184.46875,4306.0,119.61111,5161.0,143.36111,2.0
1758076312.32359,34210.0,187.92401,33863.0,186.01785,4100.0,113.88889,5867.0,162.97223,2.0
1758076312.3398,34009.0,186.81987,34175.0,187.73174,3828.0,106.33334,6392.0,177.55556,2.0
1758076312.34272,33828.0,185.82559,34512.0,189.58298,3416.0,94.88889,6799.0,188.86111,2.0
1758076312.3599,33668.0,184.94669,34861.0,191.50011,2921.0,81.13889,6920.0,192.22223,2.0
1758076312.36033,33537.0,184.22705,35209.0,193.41177,2302.0,63.94444,6879.0,191.08333,2.0
1758076312.37762,33437.0,183.67773,35557.0,195.32341,1711.0,47.52778,6799.0,188.86111,2.0
1758076312.39281,33366.0,183.2877,35891.0,197.15816,1190.0,33.05556,6466.0,179.61111,2.0
1758076312.39477,33321.0,183.04051,36214.0,198.93246,660.0,18.33333,6313.0,175.36111,2.0
1758076312.41291,33296.0,182.90318,36527.0,200.65187,417.0,11.58333,6061.0,168.36111,2.0
1758076312.41627,33277.0,182.79881,36830.0,202.31631,371.0,10.30556,5945.0,165.13889,2.0
1758076312.43256,33257.0,182.68895,37132.0,203.97528,417.0,11.58333,5909.0,164.13889,2.0
1758076312.4334,33233.0,182.55711,37428.0,205.60127,541.0,15.02778,5767.0,160.19444,2.0
1758076312.44906,33202.0,182.38683,37715.0,207.17784,645.0,17.91667,5577.0,154.91667,2.0
1758076312.45043,33165.0,182.18358,37994.0,208.71045,784.0,21.77778,5476.0,152.11111,2.0
1758076312.46566,33118.0,181.92537,38264.0,210.19363,1039.0,28.86111,5201.0,144.47223,2.0
1758076312.48288,33063.0,181.62325,38514.0,211.56694,1123.0,31.19444,4785.0,132.91667,2.0
1758076312.48362,33003.0,181.29366,38745.0,212.83588,1217.0,33.80556,4362.0,121.16666,2.0
1758076312.5,32946.0,180.98055,38946.0,213.94003,963.0,26.75,3608.0,100.22222,2.0
1758076312.50233,32905.0,180.75533,39103.0,214.80247,745.0,20.69444,2720.0,75.55556,2.0
1758076312.51786,32869.0,180.55756,39217.0,215.4287,677.0,18.80556,1909.0,53.02778,2.0
1758076312.52022,32832.0,180.35431,39294.0,215.85167,766.0,21.27778,1236.0,34.33333,2.0
1758076312.53584,32791.0,180.12909,39339.0,216.09889,850.0,23.61111,639.0,17.75,2.0
1758076312.55186,32739.0,179.84344,39358.0,216.20326,1180.0,32.77778,167.0,4.63889,2.0
1758076312.55262,32670.0,179.4644,39358.0,216.20326,1484.0,41.22222,-24.0,-0.66667,2.0
1758076312.5679,32586.0,179.00298,39358.0,216.20326,1821.0,50.58333,0.0,0.0,2.0
1758076312.56986,32487.0,178.45915,39357.0,216.19777,2056.0,57.11111,-12.0,-0.33333,2.0
1758076312.58708,32379.0,177.86588,39357.0,216.19777,2178.0,60.5,-20.0,-0.55556,2.0
1758076312.60329,32267.0,177.25063,39354.0,216.18129,2191.0,60.86111,-83.0,-2.30556,2.0
1758076312.60372,32158.0,176.65186,39347.0,216.14284,2078.0,57.72222,-194.0,-5.38889,2.0
1758076312.61885,32057.0,176.09705,39332.0,216.06044,1947.0,54.08333,-353.0,-9.80556,2.0
1758076312.62007,31964.0,175.58618,39308.0,215.9286,1755.0,48.75,-618.0,-17.16667,2.0
1758076312.63483,31881.0,175.13023,39271.0,215.72533,1569.0,43.58333,-789.0,-21.91667,2.0
1758076312.6525,31801.0,174.69077,39233.0,215.51659,1525.0,42.36111,-745.0,-20.69444,2.0
1758076312.6533,31725.0,174.27328,39194.0,215.30235,1495.0,41.52778,-771.0,-21.41667,2.0
1758076312.67048,31645.0,173.83383,39157.0,215.09911,1594.0,44.27778,-672.0,-18.66667,2.0
1758076312.67307,31559.0,173.36142,39133.0,214.96727,1797.0,49.91667,-328.0,-9.11111,2.0
1758076312.69237,31464.0,172.83955,39126.0,214.92882,1958.0,54.38889,-5.0,-0.13889,2.0
1758076312.69278,31360.0,172.26825,39127.0,214.93431,2103.0,58.41667,0.0,0.0,2.0
1758076312.71237,31257.0,171.70245,39127.0,214.93431,1916.0,53.22222,0.0,0.0,2.0
1758076312.71282,31172.0,171.23553,39124.0,214.91783,1503.0,41.75,-77.0,-2.13889,2.0
1758076312.72889,31114.0,170.91692,39114.0,214.8629,844.0,23.44444,-250.0,-6.94444,2.0
1758076312.72973,31089.0,170.77959,39098.0,214.77501,244.0,6.77778,-425.0,-11.80556,2.0
1758076312.74759,31090.0,170.78508,39067.0,214.60472,-114.0,-3.16667,-763.0,-21.19444,2.0
1758076312.76289,31098.0,170.82903,39016.0,214.32455,-184.0,-5.11111,-1119.0,-31.08333,2.0
1758076312.76369,31111.0,170.90044,38950.0,213.96201,-301.0,-8.36111,-1421.0,-39.47222,2.0
1758076312.7789,31131.0,171.0103,38863.0,213.4841,-458.0,-12.72222,-1891.0,-52.52778,2.0
1758076312.77975,31161.0,171.17509,38754.0,212.88531,-643.0,-17.86111,-2375.0,-65.97222,2.0
1758076312.79563,31196.0,171.36737,38618.0,212.13824,-720.0,-20.0,-2940.0,-81.66666,2.0
1758076312.81189,31236.0,171.5871,38453.0,211.23186,-839.0,-23.30556,-3511.0,-97.52778,2.0
1758076312.8127,31280.0,171.8288,38263.0,210.18814,-898.0,-24.94444,-3923.0,-108.97222,2.0
1758076312.82792,31331.0,172.10895,38054.0,209.04007,-1111.0,-30.86111,-4233.0,-117.58334,2.0
1758076312.82915,31399.0,172.48248,37830.0,207.80957,-1541.0,-42.80556,-4504.0,-125.11111,2.0
1758076312.84577,31492.0,172.99336,37591.0,206.49669,-2036.0,-56.55556,-4899.0,-136.08333,2.0
1758076312.86189,31614.0,173.66354,37325.0,205.03548,-2667.0,-74.08334,-5534.0,-153.72223,2.0
1758076312.86314,31765.0,174.49301,37025.0,203.38751,-3217.0,-89.36111,-6188.0,-171.88889,2.0
1758076312.87793,31943.0,175.47083,36702.0,201.61317,-3723.0,-103.41666,-6477.0,-179.91667,2.0
1758076312.88078,32137.0,176.5365,36369.0,199.78394,-3875.0,-107.63889,-6578.0,-182.72223,2.0
1758076312.89785,32334.0,177.61868,36049.0,198.02609,-3844.0,-106.77778,-6090.0,-169.16667,2.0
1758076312.89897,32521.0,178.64592,35758.0,196.42757,-3552.0,-98.66666,-5454.0,-151.5,2.0
1758076312.91694,32690.0,179.57426,35498.0,194.99931,-3219.0,-89.41666,-4891.0,-135.86111,2.0
1758076312.93296,32845.0,180.42572,35267.0,193.73038,-2968.0,-82.44444,-4374.0,-121.5,2.0
1758076312.93655,32993.0,181.23872,35057.0,192.5768,-2913.0,-80.91666,-3989.0,-110.80556,2.0
1758076312.95199,33143.0,182.0627,34857.0,191.47813,-3115.0,-86.52778,-3926.0,-109.05556,2.0
1758076312.95277,33313.0,182.99657,34656.0,190.37399,-3558.0,-98.83334,-3995.0,-110.97222,2.0
1758076312.96792,33513.0,184.09521,34448.0,189.23141,-4260.0,-118.33334,-4118.0,-114.38889,2.0
1758076312.97088,33751.0,185.40262,34238.0,188.07782,-4976.0,-138.22223,-4130.0,-114.72222,2.0
1758076312.98854,34027.0,186.91875,34030.0,186.93523,-5677.0,-157.69444,-4046.0,-112.38889,2.0
1758076312.9935,34336.0,188.61615,33831.0,185.84207,-6432.0,-178.66667,-3852.0,-107.0,2.0
1758076313.01103,34676.0,190.48386,33646.0,184.82581,-6853.0,-190.36111,-3492.0,-97.0,2.0
1758076313.01174,35030.0,192.42848,33487.0,183.95239,-7139.0,-198.30556,-2873.0,-79.80556,2.0
1758076313.02784,35398.0,194.44998,33361.0,183.26024,-7307.0,-202.97223,-2135.0,-59.30556,2.0
1758076313.03091,35766.0,196.47151,33275.0,182.78783,-7153.0,-198.69444,-1348.0,-37.44444,2.0
1758076313.04687,36123.0,198.43259,33232.0,182.55162,-7041.0,-195.58333,-506.0,-14.05556,2.0
1758076313.06295,36474.0,200.36072,33226.0,182.51866,-6784.0,-188.44444,103.0,2.86111,2.0
1758076313.0657,36810.0,202.20645,33233.0,182.55711,-6551.0,-181.97223,154.0,4.27778,2.0
1758076313.13142,37135.0,203.99176,33239.0,182.59007,-6316.0,-175.44444,97.0,2.69444,2.0
1758076313.13797,37444.0,205.68916,33244.0,182.61754,-5867.0,-162.97223,115.0,3.19444,2.0
1758076313.13937,37726.0,207.23827,33250.0,182.6505,-5377.0,-149.36111,102.0,2.83333,2.0
1758076313.1427,37982.0,208.64453,33253.0,182.66698,-4830.0,-134.16667,12.0,0.33333,2.0
1758076313.14788,38207.0,209.88052,33253.0,182.66698,-4151.0,-115.30556,0.0,0.0,2.0
1758076313.14957,38386.0,210.86382,33255.0,182.67796,-3081.0,-85.58334,46.0,1.27778,2.0
1758076313.15691,38513.0,211.56145,33256.0,182.68346,-2065.0,-57.36111,0.0,0.0,2.0
1758076313.15732,38592.0,211.99542,33255.0,182.67796,-1193.0,-33.13889,-9.0,-0.25,2.0
1758076313.19764,38628.0,212.19318,33255.0,182.67796,-358.0,-9.94444,-18.0,-0.5,2.0
1758076313.20384,38631.0,212.20966,33253.0,182.66698,0.0,0.0,-30.0,-0.83333,2.0
1758076313.20757,38631.0,212.20966,33252.0,182.66148,4.0,0.11111,-41.0,-1.13889,2.0
1758076313.20798,38631.0,212.20966,33249.0,182.645,0.0,0.0,-70.0,-1.94444,2.0
1758076313.21333,38631.0,212.20966,33244.0,182.61754,0.0,0.0,-105.0,-2.91667,2.0
1758076313.21691,38631.0,212.20966,33239.0,182.59007,0.0,0.0,-102.0,-2.83333,2.0
1758076313.21769,38631.0,212.20966,33234.0,182.56261,1.0,0.02778,-58.0,-1.61111,2.0
1758076313.23311,38631.0,212.20966,33234.0,182.56261,15.0,0.41667,6.0,0.16667,2.0
1758076313.23638,38629.0,212.19867,33234.0,182.56261,48.0,1.33333,9.0,0.25,2.0
1758076313.25208,38624.0,212.1712,33234.0,182.56261,165.0,4.58333,9.0,0.25,2.0
1758076313.25292,38613.0,212.11078,33234.0,182.56261,269.0,7.47222,0.0,0.0,2.0
1758076313.26809,38591.0,211.98993,33234.0,182.56261,506.0,14.05556,0.0,0.0,2.0
1758076313.27015,38560.0,211.81964,33234.0,182.56261,616.0,17.11111,0.0,0.0,2.0
1758076313.28786,38528.0,211.64386,33234.0,182.56261,658.0,18.27778,0.0,0.0,2.0
1758076313.2934,38496.0,211.46806,33234.0,182.56261,619.0,17.19444,0.0,0.0,2.0
1758076313.30319,38465.0,211.29778,33234.0,182.56261,630.0,17.5,0.0,0.0,2.0
1758076313.32311,38434.0,211.12749,33234.0,182.56261,571.0,15.86111,0.0,0.0,2.0
1758076313.3249,38408.0,210.98466,33234.0,182.56261,476.0,13.22222,-7.0,-0.19444,2.0
1758076313.35259,38378.0,210.81987,33235.0,182.5681,753.0,20.91667,4.0,0.11111,2.0
1758076313.35584,38324.0,210.52324,33239.0,182.59007,1300.0,36.11111,144.0,4.0,2.0
1758076313.35682,38239.0,210.0563,33255.0,182.67796,1940.0,53.88889,452.0,12.55556,2.0
1758076313.37308,38119.0,209.39713,33287.0,182.85374,2687.0,74.63889,777.0,21.58333,2.0
1758076313.37584,37963.0,208.54016,33334.0,183.11192,3374.0,93.72222,1021.0,28.36111,2.0
1758076313.39303,37775.0,207.50745,33393.0,183.43602,3937.0,109.36111,1266.0,35.16667,2.0
1758076313.39594,37561.0,206.33189,33466.0,183.83704,4396.0,122.11111,1494.0,41.5,2.0
1758076313.41112,37326.0,205.04097,33546.0,184.27649,4789.0,133.02777,1668.0,46.33333,2.0
1758076313.41192,37073.0,203.65118,33636.0,184.77087,5069.0,140.80556,1795.0,49.86111,2.0
1758076313.42794,36818.0,202.2504,33731.0,185.29276,4993.0,138.69444,1887.0,52.41667,2.0
1758076313.43798,36571.0,200.89357,33826.0,185.81461,4856.0,134.88889,1885.0,52.36111,2.0
1758076313.43915,36325.0,199.54224,33922.0,186.34196,4880.0,135.55556,1889.0,52.47222,2.0
1758076313.45835,36075.0,198.16891,34026.0,186.91325,5054.0,140.38889,2176.0,60.44444,2.0
1758076313.45958,35814.0,196.73518,34151.0,187.5999,5247.0,145.75,2674.0,74.27778,2.0
1758076313.47674,35541.0,195.23552,34304.0,188.44037,5489.0,152.47223,3305.0,91.80556,2.0
1758076313.493,35266.0,193.72488,34491.0,189.46762,5314.0,147.61111,3970.0,110.27778,2.0
1758076313.49695,35007.0,192.30214,34715.0,190.6981,4944.0,137.33333,4751.0,131.97223,2.0
1758076313.51295,34766.0,190.97826,34980.0,192.15382,4676.0,129.88889,5548.0,154.11111,2.0
1758076313.51717,34536.0,189.71481,35282.0,193.81277,4495.0,124.86111,6213.0,172.58333,2.0
1758076313.53296,34324.0,188.55023,35596.0,195.53764,3886.0,107.94444,6100.0,169.44444,2.0
1758076313.53701,34157.0,187.63286,35891.0,197.15816,2790.0,77.5,5561.0,154.47223,2.0
1758076313.55222,34055.0,187.07256,36156.0,198.61386,1411.0,39.19444,5000.0,138.88889,2.0
1758076313.55306,34021.0,186.88579,36391.0,199.90479,86.0,2.38889,4384.0,121.77778,2.0
1758076313.56933,34041.0,186.99565,36596.0,201.0309,-636.0,-17.66667,3820.0,106.11111,2.0
1758076313.57697,34081.0,187.21538,36776.0,202.01968,-872.0,-24.22222,3410.0,94.72222,2.0
1758076313.59306,34129.0,187.47905,36944.0,202.94254,-1006.0,-27.94444,3240.0,90.0,2.0
1758076313.59585,34179.0,187.75372,37106.0,203.83246,-929.0,-25.80556,3196.0,88.77778,2.0
1758076313.61692,34218.0,187.96796,37265.0,204.70589,-648.0,-18.0,3119.0,86.63889,2.0
1758076313.65808,34242.0,188.09979,37421.0,205.56282,-363.0,-10.08333,2994.0,83.16666,2.0
1758076313.6628,34257.0,188.18219,37569.0,206.37584,-225.0,-6.25,2861.0,79.47222,2.0
1758076313.66792,34261.0,188.20416,37707.0,207.1339,0.0,0.0,2628.0,73.0,2.0
1758076313.67207,34261.0,188.20416,37832.0,207.82056,0.0,0.0,2314.0,64.27778,2.0
1758076313.67244,34261.0,188.20416,37939.0,208.40833,0.0,0.0,1929.0,53.58333,2.0
1758076313.67706,34261.0,188.20416,38025.0,208.88077,0.0,0.0,1497.0,41.58333,2.0
1758076313.67759,34261.0,188.20416,38087.0,209.22134,0.0,0.0,1006.0,27.94444,2.0
1758076313.69727,34260.0,188.19867,38127.0,209.44107,6.0,0.16667,634.0,17.61111,2.0
1758076313.69803,34261.0,188.20416,38138.0,209.5015,-2.0,-0.05556,-100.0,-2.77778,2.0
1758076313.71763,34261.0,188.20416,38131.0,209.46304,0.0,0.0,-153.0,-4.25,2.0
1758076313.71808,34261.0,188.20416,38123.0,209.4191,0.0,0.0,-168.0,-4.66667,2.0
1758076313.73767,34262.0,188.20966,38113.0,209.36417,-25.0,-0.69444,-204.0,-5.66667,2.0
1758076313.73807,34266.0,188.23163,38097.0,209.27628,-116.0,-3.22222,-411.0,-11.41667,2.0
1758076313.75735,34276.0,188.28656,38072.0,209.13895,-284.0,-7.88889,-600.0,-16.66667,2.0
1758076313.75796,34293.0,188.37994,38037.0,208.94669,-363.0,-10.08333,-765.0,-21.25,2.0
1758076313.77732,34313.0,188.48981,37989.0,208.68298,-436.0,-12.11111,-1096.0,-30.44444,2.0
1758076313.77805,34338.0,188.62714,37927.0,208.34241,-497.0,-13.80556,-1235.0,-34.30556,2.0
1758076313.79761,34361.0,188.75348,37860.0,207.97437,-434.0,-12.05556,-1409.0,-39.13889,2.0
1758076313.86726,34379.0,188.85236,37788.0,207.57886,-301.0,-8.36111,-1414.0,-39.27778,2.0
1758076313.87299,34392.0,188.92377,37717.0,207.18883,-191.0,-5.30556,-1372.0,-38.11111,2.0
1758076313.8774,34399.0,188.96222,37653.0,206.83727,-106.0,-2.94444,-1140.0,-31.66667,2.0
1758076313.87845,34401.0,188.97321,37600.0,206.54613,4.0,0.11111,-988.0,-27.44444,2.0
1758076313.8855,34401.0,188.97321,37559.0,206.32091,0.0,0.0,-687.0,-19.08333,2.0
1758076313.88902,34401.0,188.97321,37530.0,206.16161,0.0,0.0,-462.0,-12.83333,2.0
1758076313.93372,34401.0,188.97321,37513.0,206.06822,0.0,0.0,-276.0,-7.66667,2.0
1758076314.11762,34402.0,188.9787,37501.0,206.00227,-20.0,-0.55556,-237.0,-6.58333,2.0
1758076314.11805,34404.0,188.98969,37488.0,205.93086,-57.0,-1.58333,-255.0,-7.08333,2.0
1758076314.11915,34407.0,189.00616,37476.0,205.86494,-80.0,-2.22222,-243.0,-6.75,2.0
1758076314.11986,34410.0,189.02264,37464.0,205.79903,-30.0,-0.83333,-199.0,-5.52778,2.0
1758076314.12104,34414.0,189.04462,37449.0,205.71663,-99.0,-2.75,-361.0,-10.02778,2.0
1758076314.12325,34425.0,189.10504,37428.0,205.60127,-307.0,-8.52778,-494.0,-13.72222,2.0
1758076314.12843,34446.0,189.22043,37396.0,205.42549,-499.0,-13.86111,-721.0,-20.02778,2.0
1758076314.13319,34479.0,189.4017,37350.0,205.17281,-758.0,-21.05556,-1027.0,-28.52778,2.0
1758076314.13661,34522.0,189.63791,37290.0,204.84322,-906.0,-25.16667,-1267.0,-35.19444,2.0
1758076314.13731,34571.0,189.90707,37223.0,204.47516,-966.0,-26.83333,-1428.0,-39.66667,2.0
1758076314.13807,34617.0,190.15976,37149.0,204.06866,-852.0,-23.66667,-1481.0,-41.13889,2.0
1758076314.14316,34659.0,190.39047,37073.0,203.65118,-770.0,-21.38889,-1532.0,-42.55556,2.0
1758076314.14398,34693.0,190.57726,36997.0,203.2337,-591.0,-16.41667,-1447.0,-40.19444,2.0
1758076314.14928,34718.0,190.71458,36925.0,202.83817,-387.0,-10.75,-1404.0,-39.0,2.0
1758076314.14973,34731.0,190.786,36857.0,202.46463,-188.0,-5.22222,-1317.0,-36.58333,2.0
1758076314.15165,34737.0,190.81895,36791.0,202.10208,-51.0,-1.41667,-1301.0,-36.13889,2.0
1758076314.15229,34738.0,190.82445,36726.0,201.74501,-9.0,-0.25,-1252.0,-34.77778,2.0
1758076314.15701,34739.0,190.82994,36661.0,201.38795,-27.0,-0.75,-1296.0,-36.0,2.0
1758076314.15739,34742.0,190.84642,36595.0,201.02541,-72.0,-2.0,-1283.0,-35.63889,2.0
1758076314.16261,34746.0,190.86839,36530.0,200.66835,-79.0,-2.19444,-1260.0,-35.0,2.0
1758076314.16746,34750.0,190.89037,36469.0,200.33325,-84.0,-2.33333,-1185.0,-32.91667,2.0
1758076314.19783,34757.0,190.92882,36412.0,200.02014,-214.0,-5.94444,-1106.0,-30.72222,2.0
1758076314.20276,34775.0,191.02769,36356.0,199.71252,-457.0,-12.69444,-1085.0,-30.13889,2.0
1758076314.20318,34809.0,191.21446,36296.0,199.38293,-814.0,-22.61111,-1248.0,-34.66667,2.0
1758076314.21182,34858.0,191.48363,36229.0,199.01489,-1104.0,-30.66667,-1383.0,-38.41667,2.0
1758076314.21341,34924.0,191.84618,36151.0,198.5864,-1457.0,-40.47222,-1666.0,-46.27778,2.0
1758076314.21813,35009.0,192.31313,36060.0,198.08652,-1840.0,-51.11111,-1917.0,-53.25,2.0
1758076314.21968,35115.0,192.8954,35953.0,197.49873,-2265.0,-62.91667,-2250.0,-62.5,2.0
1758076314.22791,35240.0,193.58206,35831.0,196.82857,-2575.0,-71.52778,-2431.0,-67.52778,2.0
1758076314.22939,35369.0,194.29068,35708.0,196.15288,-2465.0,-68.47222,-2376.0,-66.0,2.0
1758076314.23227,35484.0,194.92241,35598.0,195.54863,-2093.0,-58.13889,-1949.0,-54.13889,2.0
1758076314.23287,35572.0,195.40581,35514.0,195.0872,-1473.0,-40.91667,-1449.0,-40.25,2.0
1758076314.23729,35626.0,195.70244,35459.0,194.78508,-751.0,-20.86111,-743.0,-20.63889,2.0
1758076314.23793,35643.0,195.79582,35440.0,194.68069,-56.0,-1.55556,-91.0,-2.52778,2.0
1758076314.23915,35636.0,195.75737,35446.0,194.71365,233.0,6.47222,164.0,4.55556,2.0
1758076314.24061,35623.0,195.68596,35453.0,194.75211,274.0,7.61111,130.0,3.61111,2.0
1758076314.2435,35609.0,195.60905,35459.0,194.78508,263.0,7.30556,101.0,2.80556,2.0
1758076314.24762,35597.0,195.54314,35464.0,194.81255,220.0,6.11111,104.0,2.88889,2.0
1758076314.248,35587.0,195.4882,35469.0,194.84001,166.0,4.61111,66.0,1.83333,2.0
1758076314.26425,35582.0,195.46074,35470.0,194.8455,52.0,1.44444,0.0,0.0,2.0
1758076314.26754,35581.0,195.45525,35470.0,194.8455,0.0,0.0,0.0,0.0,2.0
1758076314.28345,35581.0,195.45525,35470.0,194.8455,0.0,0.0,0.0,0.0,2.0
1758076314.28463,35581.0,195.45525,35470.0,194.8455,0.0,0.0,14.0,0.38889,2.0
1758076314.30515,35581.0,195.45525,35473.0,194.86198,7.0,0.19444,118.0,3.27778,2.0
1758076314.30869,35579.0,195.44426,35486.0,194.9334,78.0,2.16667,364.0,10.11111,2.0
1758076314.31734,35571.0,195.40031,35510.0,195.06523,208.0,5.77778,600.0,16.66667,2.0
1758076314.33673,35559.0,195.3344,35547.0,195.26848,254.0,7.05556,815.0,22.63889,2.0
1758076314.33745,35541.0,195.23552,35597.0,195.54314,372.0,10.33333,1083.0,30.08333,2.0
1758076314.35944,35522.0,195.13115,35661.0,195.8947,434.0,12.05556,1371.0,38.08333,2.0
1758076314.36226,35496.0,194.98833,35736.0,196.30672,579.0,16.08333,1579.0,43.86111,2.0
1758076314.36732,35463.0,194.80705,35821.0,196.77364,689.0,19.13889,1689.0,46.91667,2.0
1758076314.39181,35431.0,194.63126,35909.0,197.25703,600.0,16.66667,1777.0,49.36111,2.0
1758076314.39227,35403.0,194.47745,35997.0,197.74045,502.0,13.94444,1723.0,47.86111,2.0
1758076314.39735,35379.0,194.34561,36083.0,198.21286,411.0,11.41667,1646.0,45.72222,2.0
1758076314.43757,35357.0,194.22476,36166.0,198.66879,423.0,11.75,1632.0,45.33333,2.0
1758076314.43826,35333.0,194.09293,36244.0,199.09729,500.0,13.88889,1504.0,41.77778,2.0
1758076314.44759,35308.0,193.9556,36318.0,199.50378,462.0,12.83333,1453.0,40.36111,2.0
1758076314.448,35289.0,193.85123,36387.0,199.88281,360.0,10.0,1339.0,37.19444,2.0
1758076314.45311,35270.0,193.74686,36455.0,200.25635,388.0,10.77778,1273.0,35.36111,2.0
1758076314.45613,35247.0,193.62051,36518.0,200.60243,490.0,13.61111,1240.0,34.44444,2.0
1758076314.47762,35218.0,193.46121,36582.0,200.95399,637.0,17.69444,1248.0,34.66667,2.0
1758076314.47837,35181.0,193.25795,36642.0,201.28358,781.0,21.69444,1171.0,32.52778,2.0
1758076314.49705,35141.0,193.03822,36701.0,201.60768,771.0,21.41667,1149.0,31.91667,2.0
1758076314.49744,35099.0,192.80751,36753.0,201.89334,892.0,24.77778,981.0,27.25,2.0
1758076314.51701,35050.0,192.53835,36802.0,202.16251,989.0,27.47222,940.0,26.11111,2.0
1758076314.51739,34999.0,192.25819,36847.0,202.4097,1014.0,28.16667,829.0,23.02778,2.0
1758076314.53689,34946.0,191.96706,36883.0,202.60745,1097.0,30.47222,628.0,17.44444,2.0
1758076314.54328,34890.0,191.65941,36912.0,202.76675,1117.0,31.02778,573.0,15.91667,2.0
1758076314.55136,34832.0,191.34081,36940.0,202.92056,1161.0,32.25,494.0,13.72222,2.0
1758076314.55762,34769.0,190.99474,36960.0,203.03043,1229.0,34.13889,341.0,9.47222,2.0
1758076314.57681,34706.0,190.64867,36971.0,203.09085,1274.0,35.38889,85.0,2.36111,2.0
1758076314.57732,34641.0,190.2916,36969.0,203.07986,1292.0,35.88889,-43.0,-1.19444,2.0
1758076314.5971,34577.0,189.94003,36969.0,203.07986,1261.0,35.02778,9.0,0.25,2.0
1758076314.59747,34514.0,189.59396,36969.0,203.07986,1200.0,33.33333,0.0,0.0,2.0
1758076314.61674,34456.0,189.27536,36969.0,203.07986,1064.0,29.55556,0.0,0.0,2.0
1758076314.6175,34404.0,188.98969,36969.0,203.07986,1007.0,27.97222,0.0,0.0,2.0
1758076314.64265,34360.0,188.74799,36969.0,203.07986,770.0,21.38889,0.0,0.0,2.0
1758076314.64304,34326.0,188.56122,36969.0,203.07986,596.0,16.55556,0.0,0.0,2.0
1758076314.78744,34302.0,188.42938,36969.0,203.07986,378.0,10.5,0.0,0.0,2.0
1758076314.79278,34286.0,188.34149,36969.0,203.07986,294.0,8.16667,0.0,0.0,2.0
1758076314.80173,34276.0,188.28656,36969.0,203.07986,97.0,2.69444,0.0,0.0,2.0
1758076314.95187,34277.0,188.29205,36969.0,203.07986,-68.0,-1.88889,0.0,0.0,2.0
1758076314.95316,34280.0,188.30853,36969.0,203.07986,-61.0,-1.69444,0.0,0.0,2.0
1758076314.95818,34283.0,188.32501,36969.0,203.07986,-63.0,-1.75,0.0,0.0,2.0
1758076314.96237,34287.0,188.34698,36969.0,203.07986,-74.0,-2.05556,0.0,0.0,2.0
1758076314.96416,34289.0,188.35797,36969.0,203.07986,-20.0,-0.55556,0.0,0.0,2.0
1758076314.96847,34289.0,188.35797,36969.0,203.07986,12.0,0.33333,-7.0,-0.19444,2.0
1758076314.97347,34290.0,188.36346,36968.0,203.07437,-9.0,-0.25,-8.0,-0.22222,2.0
1758076314.97798,34290.0,188.36346,36968.0,203.07437,-37.0,-1.02778,0.0,0.0,2.0
1758076314.97896,34297.0,188.40192,36968.0,203.07437,-234.0,-6.5,-4.0,-0.11111,2.0
1758076314.98306,34319.0,188.52277,36967.0,203.06888,-598.0,-16.61111,-27.0,-0.75,2.0
1758076314.98746,34360.0,188.74799,36965.0,203.05789,-956.0,-26.55556,-42.0,-1.16667,2.0
1758076314.98783,34416.0,189.0556,36962.0,203.04141,-1276.0,-35.44444,-65.0,-1.80556,2.0
1758076314.993,34488.0,189.45114,36960.0,203.03043,-1533.0,-42.58333,-31.0,-0.86111,2.0
1758076314.99521,34571.0,189.90707,36960.0,203.03043,-1755.0,-48.75,16.0,0.44444,2.0
1758076314.99676,34664.0,190.41794,36960.0,203.03043,-1902.0,-52.83333,-4.0,-0.11111,2.0
1758076314.99985,34763.0,190.96178,36960.0,203.03043,-1989.0,-55.25,0.0,0.0,2.0
1758076315.00092,34865.0,191.52208,36960.0,203.03043,-2017.0,-56.02778,0.0,0.0,2.0
1758076315.00289,34967.0,192.08241,36960.0,203.03043,-2006.0,-55.72222,-4.0,-0.11111,2.0
1758076315.00692,35067.0,192.63173,36960.0,203.03043,-1943.0,-53.97222,0.0,0.0,2.0
1758076315.008,35163.0,193.15907,36960.0,203.03043,-1869.0,-51.91667,-9.0,-0.25,2.0
1758076315.00965,35256.0,193.66995,36959.0,203.02493,-1815.0,-50.41667,0.0,0.0,2.0
1758076315.01146,35342.0,194.14236,36959.0,203.02493,-1634.0,-45.38889,-14.0,-0.38889,2.0
1758076315.01214,35411.0,194.52139,36957.0,203.01395,-1106.0,-30.72222,-46.0,-1.27778,2.0
1758076315.01773,35448.0,194.72464,36955.0,203.00296,-434.0,-12.05556,-67.0,-1.86111,2.0
1758076315.01817,35453.0,194.75211,36949.0,202.97,131.0,3.63889,-152.0,-4.22222,2.0
1758076315.02003,35439.0,194.6752,36939.0,202.91507,349.0,9.69444,-243.0,-6.75,2.0
1758076315.02334,35416.0,194.54886,36925.0,202.83817,539.0,14.97222,-318.0,-8.83333,2.0
1758076315.0275,35384.0,194.37308,36908.0,202.74478,731.0,20.30556,-291.0,-8.08333,2.0
1758076315.02808,35339.0,194.12589,36894.0,202.66788,1050.0,29.16667,-310.0,-8.61111,2.0
1758076315.02969,35276.0,193.77982,36878.0,202.57999,1342.0,37.27778,-291.0,-8.08333,2.0
1758076315.03075,35200.0,193.36234,36863.0,202.49759,1611.0,44.75,-331.0,-9.19444,2.0
1758076315.03152,35112.0,192.87892,36844.0,202.39322,1806.0,50.16667,-393.0,-10.91667,2.0
1758076315.03264,35014.0,192.34059,36827.0,202.29984,2032.0,56.44444,-289.0,-8.02778,2.0
1758076315.03623,34905.0,191.74181,36814.0,202.22842,2175.0,60.41667,-237.0,-6.58333,2.0
1758076315.04245,34791.0,191.11559,36804.0,202.17349,2328.0,64.66666,-124.0,-3.44444,2.0
1758076315.0436,34671.0,190.45639,36801.0,202.15701,2387.0,66.30556,-17.0,-0.47222,2.0
1758076315.04515,34548.0,189.78073,36801.0,202.15701,2454.0,68.16666,0.0,0.0,2.0
1758076315.04746,34425.0,189.10504,36801.0,202.15701,2405.0,66.80556,0.0,0.0,2.0
1758076315.05683,34304.0,188.44037,36801.0,202.15701,2356.0,65.44444,0.0,0.0,2.0
1758076315.0725,34187.0,187.79767,36802.0,202.16251,2265.0,62.91667,0.0,0.0,2.0
1758076315.07744,34075.0,187.18242,36802.0,202.16251,2171.0,60.30556,0.0,0.0,2.0
1758076315.09345,33969.0,186.60014,36802.0,202.16251,2061.0,57.25,0.0,0.0,2.0
1758076315.0976,33867.0,186.03983,36802.0,202.16251,1970.0,54.72222,1.0,0.02778,2.0
1758076315.11349,33772.0,185.51797,36802.0,202.16251,1820.0,50.55556,4.0,0.11111,2.0
1758076315.11757,33682.0,185.02359,36802.0,202.16251,1708.0,47.44444,0.0,0.0,2.0
1758076315.13322,33599.0,184.56763,36803.0,202.168,1593.0,44.25,0.0,0.0,2.0
1758076315.14035,33522.0,184.14465,36803.0,202.168,1450.0,40.27778,8.0,0.22222,2.0
1758076315.14328,33451.0,183.75464,36803.0,202.168,1336.0,37.11111,7.0,0.19444,2.0
1758076315.16279,33386.0,183.39757,36804.0,202.17349,1235.0,34.30556,6.0,0.16667,2.0
1758076315.16431,33324.0,183.05699,36804.0,202.17349,1177.0,32.69444,4.0,0.11111,2.0
1758076315.36946,33266.0,182.73839,36804.0,202.17349,1144.0,31.77778,0.0,0.0,2.0
1758076315.37076,33210.0,182.43077,36804.0,202.17349,1102.0,30.61111,0.0,0.0,2.0
1758076315.373,33157.0,182.13963,36804.0,202.17349,1018.0,28.27778,0.0,0.0,2.0
1758076315.37934,33106.0,181.85945,36805.0,202.17899,982.0,27.27778,58.0,1.61111,2.0
1758076315.48269,33058.0,181.59578,36809.0,202.20096,940.0,26.11111,57.0,1.58333,2.0
1758076315.48415,33011.0,181.3376,36812.0,202.21744,913.0,25.36111,69.0,1.91667,2.0
1758076315.48814,32961.0,181.06294,36818.0,202.2504,1050.0,29.16667,177.0,4.91667,2.0
1758076315.49192,32905.0,180.75533,36831.0,202.32181,1166.0,32.38889,357.0,9.91667,2.0
1758076315.49723,32842.0,180.40924,36855.0,202.45364,1334.0,37.05556,506.0,14.05556,2.0
1758076315.49769,32770.0,180.01373,36882.0,202.60196,1461.0,40.58333,583.0,16.19444,2.0
1758076315.50194,32693.0,179.59074,36916.0,202.78873,1517.0,42.13889,738.0,20.5,2.0
1758076315.50362,32617.0,179.17326,36955.0,203.00296,1454.0,40.38889,782.0,21.72222,2.0
1758076315.50726,32545.0,178.77776,36995.0,203.22272,1386.0,38.5,796.0,22.11111,2.0
1758076315.50766,32478.0,178.40971,37033.0,203.43146,1240.0,34.44444,722.0,20.05556,2.0
1758076315.5091,32417.0,178.07462,37069.0,203.62921,1135.0,31.52778,712.0,19.77778,2.0
1758076315.51064,32364.0,177.78348,37102.0,203.81049,994.0,27.61111,593.0,16.47222,2.0
1758076315.51102,32318.0,177.53078,37130.0,203.96429,864.0,24.0,510.0,14.16667,2.0
1758076315.51211,32277.0,177.30556,37154.0,204.09613,756.0,21.0,408.0,11.33333,2.0
1758076315.5129,32246.0,177.13527,37168.0,204.17303,515.0,14.30556,168.0,4.66667,2.0
1758076315.51802,32224.0,177.01442,37170.0,204.18402,377.0,10.47222,-4.0,-0.11111,2.0
1758076315.51877,32206.0,176.91554,37169.0,204.17853,328.0,9.11111,0.0,0.0,2.0
1758076315.52226,32196.0,176.86061,37170.0,204.18402,126.0,3.5,0.0,0.0,2.0
1758076315.5229,32192.0,176.83864,37170.0,204.18402,53.0,1.47222,0.0,0.0,2.0
1758076315.52567,32189.0,176.82214,37170.0,204.18402,65.0,1.80556,0.0,0.0,2.0
1758076315.52718,32185.0,176.80017,37170.0,204.18402,70.0,1.94444,0.0,0.0,2.0
1758076315.52915,32182.0,176.78369,37170.0,204.18402,59.0,1.63889,0.0,0.0,2.0
1758076315.5325,32178.0,176.76172,37169.0,204.17853,93.0,2.58333,-9.0,-0.25,2.0
1758076315.53767,32171.0,176.72327,37169.0,204.17853,182.0,5.05556,-15.0,-0.41667,2.0
1758076315.53815,32159.0,176.65735,37168.0,204.17303,275.0,7.63889,-9.0,-0.25,2.0
1758076315.53959,32143.0,176.56946,37167.0,204.16754,359.0,9.97222,-13.0,-0.36111,2.0
1758076315.54338,32123.0,176.45959,37167.0,204.16754,396.0,11.0,-4.0,-0.11111,2.0
1758076315.54748,32102.0,176.34424,37167.0,204.16754,423.0,11.75,-1.0,-0.02778,2.0
1758076315.5481,32079.0,176.2179,37167.0,204.16754,489.0,13.58333,-9.0,-0.25,2.0
1758076315.54972,32056.0,176.09155,37167.0,204.16754,419.0,11.63889,-3.0,-0.08333,2.0
1758076315.55152,32044.0,176.02563,37167.0,204.16754,100.0,2.77778,0.0,0.0,2.0
1758076315.55232,32046.0,176.03662,37166.0,204.16205,-126.0,-3.5,-15.0,-0.41667,2.0
1758076315.5542,32056.0,176.09155,37165.0,204.15656,-253.0,-7.02778,-29.0,-0.80556,2.0
1758076315.55755,32069.0,176.16296,37164.0,204.15106,-252.0,-7.0,-23.0,-0.63889,2.0
1758076315.56086,32084.0,176.24536,37162.0,204.14008,-310.0,-8.61111,-52.0,-1.44444,2.0
1758076315.56258,32101.0,176.33875,37156.0,204.10712,-405.0,-11.25,-166.0,-4.61111,2.0
1758076315.57951,32130.0,176.49805,37140.0,204.01923,-751.0,-20.86111,-501.0,-13.91667,2.0
1758076315.5828,32185.0,176.80017,37094.0,203.76654,-1359.0,-37.75,-1279.0,-35.52778,2.0
1758076315.59961,32279.0,177.31654,37000.0,203.25018,-2256.0,-62.66667,-2268.0,-63.0,2.0
1758076315.60352,32426.0,178.12405,36855.0,202.45364,-3412.0,-94.77778,-3270.0,-90.83334,2.0
1758076315.6191,32636.0,179.27763,36663.0,201.39894,-4643.0,-128.97223,-4175.0,-115.97222,2.0
1758076315.62222,32902.0,180.73885,36429.0,200.11353,-5662.0,-157.27777,-4955.0,-137.63889,2.0
1758076315.63797,33216.0,182.46373,36156.0,198.61386,-6637.0,-184.36111,-5754.0,-159.83333,2.0
1758076315.63871,33580.0,184.46326,35845.0,196.90547,-7621.0,-211.69444,-6424.0,-178.44444,2.0
1758076315.65948,33987.0,186.69902,35498.0,194.99931,-8303.0,-230.63889,-7100.0,-197.22223,2.0
1758076315.6631,34428.0,189.12152,35116.0,192.90089,-8966.0,-249.05556,-7754.0,-215.38889,2.0
1758076315.67794,34884.0,191.62645,34737.0,190.81895,-8883.0,-246.75,-7178.0,-199.38889,2.0
1758076315.67873,35319.0,194.01602,34406.0,189.00067,-8280.0,-230.0,-5945.0,-165.13889,2.0
1758076315.69801,35705.0,196.1364,34148.0,187.58342,-6913.0,-192.02777,-4405.0,-122.36111,2.0
1758076315.69869,36015.0,197.83932,33969.0,186.60014,-5572.0,-154.77777,-2875.0,-79.86111,2.0
1758076315.71785,36268.0,199.22913,33860.0,186.00137,-4582.0,-127.27778,-1593.0,-44.25,2.0
1758076315.71854,36481.0,200.39919,33805.0,185.69925,-3936.0,-109.33334,-770.0,-21.38889,2.0
1758076315.73713,36673.0,201.45387,33782.0,185.57291,-3753.0,-104.25,-306.0,-8.5,2.0
1758076315.73921,36870.0,202.53604,33766.0,185.48502,-4044.0,-112.33334,-355.0,-9.86111,2.0
1758076315.75736,37090.0,203.74457,33735.0,185.31473,-4635.0,-128.75,-875.0,-24.30556,2.0
1758076315.75817,37343.0,205.13435,33672.0,184.96866,-5244.0,-145.66667,-1505.0,-41.80556,2.0
1758076315.77706,37621.0,206.66148,33580.0,184.46326,-5647.0,-156.86111,-2076.0,-57.66667,2.0
1758076315.77834,37918.0,208.29297,33462.0,183.81506,-5995.0,-166.52777,-2516.0,-69.88889,2.0
1758076315.79799,38224.0,209.97391,33327.0,183.07347,-6026.0,-167.38889,-2712.0,-75.33334,2.0
1758076315.79957,38516.0,211.57793,33187.0,182.30443,-5567.0,-154.63889,-2725.0,-75.69444,2.0
1758076315.81739,38785.0,213.05563,33055.0,181.5793,-5060.0,-140.55556,-2541.0,-70.58334,2.0
1758076315.81813,39019.0,214.34103,32940.0,180.94759,-4179.0,-116.08334,-2021.0,-56.13889,2.0
1758076315.88271,39201.0,215.34081,32852.0,180.46417,-3141.0,-87.25,-1487.0,-41.30556,2.0
1758076315.88426,39333.0,216.06593,32787.0,180.10712,-2259.0,-62.75,-1167.0,-32.41667,2.0
1758076315.88538,39427.0,216.58229,32735.0,179.82147,-1572.0,-43.66667,-915.0,-25.41667,2.0
1758076315.88745,39493.0,216.94484,32690.0,179.57426,-1165.0,-32.36111,-941.0,-26.13889,2.0
1758076315.88835,39539.0,217.19753,32636.0,179.27763,-764.0,-21.22222,-1133.0,-31.47222,2.0
1758076315.89299,39574.0,217.3898,32573.0,178.93156,-636.0,-17.66667,-1348.0,-37.44444,2.0
1758076315.89706,39601.0,217.53812,32494.0,178.4976,-469.0,-13.02778,-1661.0,-46.13889,2.0
1758076315.8991,39617.0,217.62601,32405.0,178.0087,-248.0,-6.88889,-1851.0,-51.41667,2.0
1758076315.91657,39621.0,217.64798,32307.0,177.47035,4.0,0.11111,-1956.0,-54.33333,2.0
1758076315.93201,39621.0,217.64798,32205.0,176.91005,10.0,0.27778,-2009.0,-55.80556,2.0
1758076315.93282,39620.0,217.64249,32104.0,176.35522,25.0,0.69444,-1998.0,-55.5,2.0
1758076315.94806,39619.0,217.63699,32006.0,175.81689,24.0,0.66667,-1903.0,-52.86111,2.0
1758076315.95296,39617.0,217.62601,31915.0,175.317,38.0,1.05556,-1740.0,-48.33333,2.0
1758076315.96961,39614.0,217.60953,31830.0,174.85008,60.0,1.66667,-1598.0,-44.38889,2.0
1758076315.97163,39610.0,217.58755,31755.0,174.43808,124.0,3.44444,-1464.0,-40.66667,2.0
1758076316.03249,39600.0,217.53262,31684.0,174.04807,223.0,6.19444,-1360.0,-37.77778,2.0
1758076316.03291,39590.0,217.47769,31613.0,173.65805,149.0,4.13889,-1462.0,-40.61111,2.0
1758076316.04364,39586.0,217.45572,31536.0,173.23506,29.0,0.80556,-1584.0,-44.0,2.0
1758076316.08759,39586.0,217.45572,31448.0,172.75166,0.0,0.0,-1886.0,-52.38889,2.0
1758076316.0893,39586.0,217.45572,31343.0,172.17487,0.0,0.0,-2222.0,-61.72222,2.0
1758076316.09347,39586.0,217.45572,31223.0,171.51569,0.0,0.0,-2510.0,-69.72222,2.0
1758076316.0972,39585.0,217.45023,31097.0,170.82353,30.0,0.83333,-2465.0,-68.47222,2.0
1758076316.09794,39575.0,217.39529,30984.0,170.20279,382.0,10.61111,-2050.0,-56.94444,2.0
1758076316.10339,39539.0,217.19753,30899.0,169.73586,952.0,26.44444,-1311.0,-36.41667,2.0
1758076316.10477,39467.0,216.80202,30857.0,169.50514,1743.0,48.41667,-465.0,-12.91667,2.0
1758076316.10574,39355.0,216.18678,30856.0,169.49965,2621.0,72.80556,218.0,6.05556,2.0
1758076316.10802,39199.0,215.32982,30879.0,169.62599,3411.0,94.75,650.0,18.05556,2.0
1758076316.11196,39005.0,214.26413,30927.0,169.88968,4069.0,113.02778,1194.0,33.16667,2.0
1758076316.113,38789.0,213.07761,31001.0,170.29617,4356.0,121.0,1611.0,44.75,2.0
1758076316.17064,38570.0,211.87457,31088.0,170.77409,4323.0,120.08334,1793.0,49.80556,2.0
1758076316.17728,38351.0,210.67155,31182.0,171.29047,4395.0,122.08334,1962.0,54.5,2.0
1758076316.17964,38118.0,209.39163,31296.0,171.91669,4764.0,132.33333,2408.0,66.88889,2.0
1758076316.18263,37865.0,208.00183,31437.0,172.69124,5209.0,144.69444,3031.0,84.19444,2.0
1758076316.18465,37587.0,206.47472,31611.0,173.64706,5712.0,158.66667,3796.0,105.44444,2.0
1758076316.18705,37276.0,204.76631,31826.0,174.82811,6482.0,180.05556,4615.0,128.19444,2.0
1758076316.19053,36936.0,202.89859,32084.0,176.24536,6783.0,188.41667,5448.0,151.33333,2.0
1758076316.19273,36594.0,201.01991,32387.0,177.90982,6767.0,187.97223,6389.0,177.47223,2.0
1758076316.21243,36248.0,199.11926,32741.0,179.85443,6860.0,190.55556,7431.0,206.41667,2.0
1758076316.21281,35901.0,197.21309,33134.0,182.01326,6838.0,189.94444,7830.0,217.5,2.0
1758076316.28727,35563.0,195.35637,33532.0,184.19958,6494.0,180.38889,7769.0,215.80556,2.0
1758076316.28805,35253.0,193.65347,33909.0,186.27054,5722.0,158.94444,7183.0,199.52777,2.0
1758076316.29304,34997.0,192.24721,34254.0,188.16571,4521.0,125.58334,6555.0,182.08333,2.0
1758076316.29753,34802.0,191.17601,34574.0,189.92355,3435.0,95.41666,6128.0,170.22223,2.0
1758076316.29805,34652.0,190.35202,34867.0,191.53307,2640.0,73.33334,5565.0,154.58333,2.0
1758076316.29964,34533.0,189.69833,35138.0,193.02174,2189.0,60.80556,5281.0,146.69444,2.0
1758076316.30316,34430.0,189.13251,35408.0,194.50491,1953.0,54.25,5358.0,148.83333,2.0
1758076316.30456,34332.0,188.59418,35684.0,196.02104,1943.0,53.97222,5543.0,153.97223,2.0
1758076316.3077,34231.0,188.03937,35969.0,197.58664,2025.0,56.25,5727.0,159.08333,2.0
1758076316.31318,34124.0,187.45158,36264.0,199.20715,2156.0,59.88889,5911.0,164.19444,2.0
1758076316.42323,34013.0,186.84184,36566.0,200.8661,2245.0,62.36111,5891.0,163.63889,2.0
1758076316.42441,33902.0,186.23209,36864.0,202.50308,2201.0,61.13889,5883.0,163.41667,2.0
1758076316.42978,33791.0,185.62234,37159.0,204.1236,2174.0,60.38889,5795.0,160.97223,2.0
1758076316.43608,33683.0,185.02908,37446.0,205.70015,2085.0,57.91667,5475.0,152.08333,2.0
1758076316.43769,33579.0,184.45776,37715.0,207.17784,2015.0,55.97222,5180.0,143.88889,2.0
1758076316.44591,33478.0,183.90295,37970.0,208.57861,1960.0,54.44444,4928.0,136.88889,2.0
1758076316.51783,33379.0,183.35912,38209.0,209.89151,1965.0,54.58333,4569.0,126.91666,2.0
1758076316.51845,33279.0,182.8098,38428.0,211.09453,1985.0,55.13889,4150.0,115.27778,2.0
1758076316.52073,33176.0,182.244,38627.0,212.18768,2040.0,56.66667,3796.0,105.44444,2.0
1758076316.52271,33071.0,181.66719,38808.0,213.18198,2084.0,57.88889,3413.0,94.80556,2.0
1758076316.5248,32971.0,181.11787,38964.0,214.03891,1876.0,52.11111,2761.0,76.69444,2.0
1758076316.52726,32884.0,180.63995,39084.0,214.6981,1647.0,45.75,2062.0,57.27778,2.0
1758076316.52936,32804.0,180.2005,39171.0,215.17601,1517.0,42.13889,1474.0,40.94444,2.0
1758076316.53318,32728.0,179.78302,39228.0,215.48912,1531.0,42.52778,901.0,25.02778,2.0
1758076316.53697,32650.0,179.35454,39262.0,215.67589,1567.0,43.52778,475.0,13.19444,2.0
1758076316.54265,32567.0,178.89861,39276.0,215.75279,1701.0,47.25,63.0,1.75,2.0
1758076316.54387,32476.0,178.39873,39275.0,215.7473,1846.0,51.27778,0.0,0.0,2.0
1758076316.54774,32379.0,177.86588,39275.0,215.7473,1955.0,54.30556,-8.0,-0.22222,2.0
1758076316.54957,32278.0,177.31105,39274.0,215.74181,2006.0,55.72222,-16.0,-0.44444,2.0
1758076316.55204,32179.0,176.76721,39273.0,215.73631,1902.0,52.83333,-39.0,-1.08333,2.0
1758076316.55282,32087.0,176.26184,39269.0,215.71434,1742.0,48.38889,-76.0,-2.11111,2.0
1758076316.55786,32004.0,175.80591,39266.0,215.69786,1565.0,43.47222,-50.0,-1.38889,2.0
1758076316.55878,31928.0,175.38841,39264.0,215.68687,1446.0,40.16667,-25.0,-0.69444,2.0
1758076316.56287,31859.0,175.00938,39263.0,215.68138,1346.0,37.38889,-14.0,-0.38889,2.0
1758076316.56677,31788.0,174.61935,39263.0,215.68138,1409.0,39.13889,0.0,0.0,2.0
1758076316.58307,31714.0,174.21286,39263.0,215.68138,1553.0,43.13889,0.0,0.0,2.0
1758076316.58594,31634.0,173.77341,39262.0,215.67589,1552.0,43.11111,-11.0,-0.30556,2.0
1758076316.60297,31557.0,173.35043,39258.0,215.65392,1516.0,42.11111,-124.0,-3.44444,2.0
1758076316.607,31485.0,172.95491,39245.0,215.5825,1364.0,37.88889,-364.0,-10.11111,2.0
1758076316.6231,31416.0,172.57587,39221.0,215.45067,1337.0,37.13889,-561.0,-15.58333,2.0
1758076316.62811,31351.0,172.21881,39183.0,215.24193,1261.0,35.02778,-910.0,-25.27778,2.0
1758076316.63308,31286.0,171.86176,39129.0,214.9453,1302.0,36.16667,-1145.0,-31.80556,2.0
1758076316.64905,31222.0,171.51019,39067.0,214.60472,1265.0,35.13889,-1302.0,-36.16667,2.0
1758076316.65323,31158.0,171.15862,38993.0,214.19821,1308.0,36.33333,-1519.0,-42.19444,2.0
1758076316.69761,31095.0,170.81255,38910.0,213.74228,1184.0,32.88889,-1766.0,-49.05556,2.0
1758076316.70446,31039.0,170.50491,38813.0,213.20944,1051.0,29.19444,-2024.0,-56.22222,2.0
1758076316.70499,30990.0,170.23575,38704.0,212.61066,866.0,24.05556,-2265.0,-62.91667,2.0
1758076316.70781,30956.0,170.04898,38578.0,211.91852,512.0,14.22222,-2642.0,-73.38889,2.0
1758076316.70878,30941.0,169.96658,38430.0,211.10551,111.0,3.08333,-3185.0,-88.47222,2.0
1758076316.70917,30950.0,170.01602,38249.0,210.11124,-366.0,-10.16667,-3850.0,-106.94444,2.0
1758076316.72881,30983.0,170.1973,38034.0,208.93021,-924.0,-25.66667,-4498.0,-124.94444,2.0
1758076316.78007,31051.0,170.57085,37787.0,207.57336,-1644.0,-45.66667,-5127.0,-142.41667,2.0
1758076316.78305,31157.0,171.15312,37506.0,206.02977,-2440.0,-67.77778,-5930.0,-164.72223,2.0
1758076316.78566,31302.0,171.94965,37182.0,204.24994,-3233.0,-89.80556,-6677.0,-185.47223,2.0
1758076316.78811,31487.0,172.9659,36822.0,202.27237,-3986.0,-110.72222,-7313.0,-203.13889,2.0
1758076316.79755,31706.0,174.16891,36451.0,200.23438,-4480.0,-124.44444,-7269.0,-201.91667,2.0
1758076316.79782,31934.0,175.42137,36092.0,198.2623,-4445.0,-123.47222,-6874.0,-190.94444,2.0
1758076316.80048,32146.0,176.58594,35770.0,196.49348,-3910.0,-108.61111,-5984.0,-166.22223,2.0
1758076316.80296,32329.0,177.59122,35486.0,194.9334,-3406.0,-94.61111,-5281.0,-146.69444,2.0
1758076316.82308,32491.0,178.48112,35243.0,193.59854,-3086.0,-85.72222,-4469.0,-124.13889,2.0
1758076316.82347,32644.0,179.32158,35036.0,192.46144,-3023.0,-83.97222,-3772.0,-104.77778,2.0
1758076316.84019,32803.0,180.19501,34854.0,191.46165,-3202.0,-88.94444,-3537.0,-98.25,2.0
1758076316.84128,32978.0,181.15633,34672.0,190.46188,-3708.0,-103.0,-3607.0,-100.19444,2.0
1758076316.858,33186.0,182.29893,34481.0,189.41269,-4454.0,-123.72222,-3882.0,-107.83334,2.0
1758076316.86367,33437.0,183.67773,34279.0,188.30304,-5392.0,-149.77777,-4056.0,-112.66666,2.0
1758076316.88094,33734.0,185.30923,34074.0,187.17693,-6157.0,-171.02777,-4054.0,-112.61111,2.0
1758076316.88377,34064.0,187.12199,33873.0,186.07278,-6794.0,-188.72223,-3911.0,-108.63889,2.0
1758076316.90295,34425.0,189.10504,33683.0,185.02908,-7338.0,-203.83333,-3640.0,-101.11111,2.0
1758076316.90531,34805.0,191.19249,33511.0,184.08423,-7583.0,-210.63889,-3144.0,-87.33334,2.0
1758076316.927,35192.0,193.31837,33368.0,183.29869,-7724.0,-214.55556,-2548.0,-70.77778,2.0
1758076316.98243,35583.0,195.46623,33258.0,182.69444,-7628.0,-211.88889,-1853.0,-51.47222,2.0
1758076316.98806,35962.0,197.54817,33181.0,182.27147,-7412.0,-205.88889,-1261.0,-35.02778,2.0
1758076316.99324,36333.0,199.58618,33134.0,182.01326,-7266.0,-201.83333,-671.0,-18.63889,2.0
1758076316.99786,36692.0,201.55824,33114.0,181.9034,-6954.0,-193.16667,-166.0,-4.61111,2.0
1758076317.00148,37042.0,203.4809,33112.0,181.89241,-6932.0,-192.55556,9.0,0.25,2.0
1758076317.00798,37388.0,205.38155,33112.0,181.89241,-6746.0,-187.38889,0.0,0.0,2.0
1758076317.01208,37726.0,207.23827,33111.0,181.88692,-6637.0,-184.36111,-47.0,-1.30556,2.0
1758076317.06761,38060.0,209.07303,33104.0,181.84846,-6572.0,-182.55556,-246.0,-6.83333,2.0
1758076317.07175,38387.0,210.86931,33085.0,181.74409,-6290.0,-174.72223,-502.0,-13.94444,2.0
1758076317.07701,38695.0,212.56122,33050.0,181.55183,-5960.0,-165.55556,-844.0,-23.44444,2.0
1758076317.07741,38978.0,214.11581,33009.0,181.32661,-5250.0,-145.83333,-749.0,-20.80556,2.0
1758076317.0813,39217.0,215.4287,32973.0,181.12886,-4283.0,-118.97222,-733.0,-20.36111,2.0
1758076317.08433,39406.0,216.46693,32933.0,180.90913,-3308.0,-91.88889,-838.0,-23.27778,2.0
1758076317.08723,39553.0,217.27444,32884.0,180.63995,-2505.0,-69.58334,-1047.0,-29.08333,2.0
1758076317.08761,39660.0,217.86221,32826.0,180.32135,-1796.0,-49.88889,-1290.0,-35.83333,2.0
1758076317.08818,39733.0,218.26321,32748.0,179.89288,-1220.0,-33.88889,-1713.0,-47.58333,2.0
1758076317.09284,39777.0,218.50491,32652.0,179.36552,-600.0,-16.66667,-2091.0,-58.08333,2.0
1758076317.09326,39790.0,218.57632,32536.0,178.72832,-45.0,-1.25,-2454.0,-68.16666,2.0
1758076317.11568,39790.0,218.57632,32403.0,177.99771,0.0,0.0,-2726.0,-75.72222,2.0
1758076317.11823,39790.0,218.57632,32259.0,177.20668,0.0,0.0,-2944.0,-81.77778,2.0
1758076317.11946,39790.0,218.57632,32107.0,176.3717,9.0,0.25,-3028.0,-84.11111,2.0
1758076317.13718,39785.0,218.54886,31961.0,175.5697,172.0,4.77778,-2738.0,-76.05556,2.0
1758076317.1605,39761.0,218.41702,31838.0,174.89403,711.0,19.75,-2185.0,-60.69444,2.0
1758076317.16572,39704.0,218.10391,31751.0,174.41611,1399.0,38.86111,-1403.0,-38.97222,2.0
1758076317.16798,39612.0,217.59854,31705.0,174.16342,2152.0,59.77778,-512.0,-14.22222,2.0
1758076317.16859,39482.0,216.88441,31697.0,174.11948,2839.0,78.86111,55.0,1.52778,2.0
1758076317.18848,39324.0,216.01649,31701.0,174.14145,3339.0,92.75,32.0,0.88889,2.0
1758076317.18929,39145.0,215.03319,31700.0,174.13596,3655.0,101.52778,-30.0,-0.83333,2.0
1758076317.20526,38953.0,213.97849,31699.0,174.13046,3817.0,106.02778,-53.0,-1.47222,2.0
1758076317.22325,38762.0,212.92926,31695.0,174.10849,3684.0,102.33334,-121.0,-3.36111,2.0
1758076317.2288,38582.0,211.94049,31689.0,174.07553,3428.0,95.22222,-83.0,-2.30556,2.0
1758076317.23063,38416.0,211.02861,31688.0,174.07004,3233.0,89.80556,22.0,0.61111,2.0
1758076317.27743,38255.0,210.1442,31691.0,174.08652,3158.0,87.72222,36.0,1.0,2.0
1758076317.27928,38090.0,209.23782,31695.0,174.10849,3304.0,91.77778,151.0,4.19444,2.0
1758076317.28746,37914.0,208.271,31711.0,174.19638,3591.0,99.75,425.0,11.80556,2.0
1758076317.29282,37735.0,207.2877,31742.0,174.36667,3480.0,96.66666,741.0,20.58333,2.0
1758076317.29785,37567.0,206.36485,31782.0,174.5864,3170.0,88.05556,677.0,18.80556,2.0
1758076317.32131,37417.0,205.54085,31802.0,174.69626,2757.0,76.58334,175.0,4.86111,2.0
1758076317.32711,37293.0,204.8597,31800.0,174.68527,2226.0,61.83333,-83.0,-2.30556,2.0
1758076317.33004,37196.0,204.32684,31799.0,174.67978,1661.0,46.13889,15.0,0.41667,2.0
1758076317.33727,37122.0,203.92035,31800.0,174.68527,1338.0,37.16667,1.0,0.02778,2.0
1758076317.33774,37059.0,203.57428,31802.0,174.69626,1222.0,33.94444,67.0,1.86111,2.0
1758076317.3427,36994.0,203.21722,31812.0,174.75121,1349.0,37.47222,342.0,9.5,2.0
1758076317.35854,36922.0,202.82169,31843.0,174.92149,1503.0,41.75,844.0,23.44444,2.0
1758076317.36265,36840.0,202.37125,31899.0,175.22911,1710.0,47.5,1290.0,35.83333,2.0
1758076317.38283,36747.0,201.86038,31975.0,175.64661,1943.0,53.97222,1685.0,46.80556,2.0
1758076317.38327,36645.0,201.30006,32071.0,176.17395,2122.0,58.94444,2050.0,56.94444,2.0
1758076317.39847,36529.0,200.66286,32184.0,176.79468,2348.0,65.22222,2352.0,65.33334,2.0
1758076317.39935,36402.0,199.96521,32314.0,177.5088,2609.0,72.47222,2703.0,75.08334,2.0
1758076317.41765,36260.0,199.18518,32460.0,178.31084,2947.0,81.86111,3073.0,85.36111,2.0
1758076317.41983,36099.0,198.30075,32629.0,179.23918,3359.0,93.30556,3525.0,97.91666,2.0
1758076317.43711,35920.0,197.31746,32824.0,180.31036,3695.0,102.63889,4057.0,112.69444,2.0
1758076317.4526,35725.0,196.24629,33044.0,181.51888,3950.0,109.72222,4547.0,126.30556,2.0
1758076317.45336,35517.0,195.10368,33284.0,182.83727,4173.0,115.91666,4875.0,135.41667,2.0
1758076317.4774,35302.0,193.92264,33541.0,184.24902,4296.0,119.33334,5182.0,143.94444,2.0
1758076317.47812,35088.0,192.74709,33812.0,185.7377,4139.0,114.97222,5439.0,151.08333,2.0
1758076317.47997,34884.0,191.62645,34096.0,187.29778,3885.0,107.91666,5736.0,159.33333,2.0
1758076317.49732,34694.0,190.58275,34397.0,188.95123,3660.0,101.66666,6026.0,167.38889,2.0
1758076317.49976,34515.0,189.59946,34707.0,190.65416,3424.0,95.11111,6117.0,169.91667,2.0
1758076317.51798,34352.0,188.70404,35025.0,192.40102,3115.0,86.52778,6371.0,176.97223,2.0
1758076317.51951,34200.0,187.86908,35351.0,194.1918,2867.0,79.63889,6521.0,181.13889,2.0
1758076317.53547,34059.0,187.09453,35686.0,196.03203,2687.0,74.63889,6640.0,184.44444,2.0
1758076317.55347,33929.0,186.38042,36019.0,197.8613,2456.0,68.22222,6547.0,181.86111,2.0
1758076317.55396,33810.0,185.72672,36350.0,199.67957,2225.0,61.80556,6521.0,181.13889,2.0
1758076317.56964,33704.0,185.14444,36675.0,201.46486,1975.0,54.86111,6306.0,175.16667,2.0
1758076317.57148,33608.0,184.61707,36987.0,203.17874,1831.0,50.86111,6125.0,170.13889,2.0
1758076317.5874,33521.0,184.13916,37296.0,204.87617,1639.0,45.52778,6051.0,168.08333,2.0
1758076317.59268,33441.0,183.69971,37595.0,206.51866,1528.0,42.44444,5832.0,162.0,2.0
1758076317.61299,33365.0,183.28221,37885.0,208.11169,1506.0,41.83333,5672.0,157.55556,2.0
1758076317.61343,33291.0,182.87572,38169.0,209.67178,1460.0,40.55556,5552.0,154.22223,2.0
1758076317.62943,33214.0,182.45274,38444.0,211.18242,1543.0,42.86111,5321.0,147.80556,2.0
1758076317.63021,33135.0,182.01875,38707.0,212.62714,1603.0,44.52778,5125.0,142.36111,2.0
1758076317.64563,33052.0,181.56282,38961.0,214.02243,1643.0,45.63889,4941.0,137.25,2.0
1758076317.66266,32975.0,181.13985,39195.0,215.30785,1422.0,39.5,4337.0,120.47222,2.0
1758076317.66342,32912.0,180.79378,39396.0,216.412,1153.0,32.02778,3726.0,103.5,2.0
1758076317.67945,32856.0,180.48615,39569.0,217.36234,1101.0,30.58333,3230.0,89.72222,2.0
1758076317.68146,32799.0,180.17303,39719.0,218.18631,1125.0,31.25,2775.0,77.08334,2.0
1758076317.69665,32737.0,179.83246,39850.0,218.90593,1321.0,36.69444,2413.0,67.02778,2.0
1758076317.71263,32664.0,179.43144,39962.0,219.52116,1540.0,42.77778,2085.0,57.91667,2.0
1758076317.71388,32579.0,178.96452,40057.0,220.04301,1820.0,50.55556,1727.0,47.97222,2.0
1758076317.73264,32481.0,178.42619,40132.0,220.45503,2047.0,56.86111,1279.0,35.52778,2.0
1758076317.73328,32377.0,177.85489,40179.0,220.71321,1982.0,55.05556,682.0,18.94444,2.0
1758076317.75359,32284.0,177.34401,40188.0,220.76265,1695.0,47.08333,-170.0,-4.72222,2.0
1758076317.75591,32211.0,176.94301,40169.0,220.65828,1247.0,34.63889,-481.0,-13.36111,2.0
1758076317.77164,32165.0,176.69031,40128.0,220.43306,650.0,18.05556,-1087.0,-30.19444,2.0
1758076317.77246,32148.0,176.59692,40050.0,220.00456,123.0,3.41667,-1855.0,-51.52778,2.0
1758076317.78769,32152.0,176.6189,39936.0,219.37834,-146.0,-4.05556,-2530.0,-70.27778,2.0
1758076317.79286,32160.0,176.66284,39791.0,218.58182,-159.0,-4.41667,-3141.0,-87.25,2.0
1758076317.81278,32168.0,176.70679,39617.0,217.62601,-123.0,-3.41667,-3617.0,-100.47222,2.0
1758076317.8172,32171.0,176.72327,39422.0,216.55482,0.0,0.0,-4006.0,-111.27778,2.0
1758076317.83268,32167.0,176.70129,39211.0,215.39574,140.0,3.88889,-4243.0,-117.86111,2.0
1758076317.83757,32159.0,176.65735,38989.0,214.17624,150.0,4.16667,-4309.0,-119.69444,2.0
1758076317.85294,32153.0,176.62439,38771.0,212.9787,118.0,3.27778,-4282.0,-118.94444,2.0
1758076317.858,32143.0,176.56946,38554.0,211.78668,275.0,7.63889,-4262.0,-118.38889,2.0
1758076317.87266,32125.0,176.47058,38331.0,210.56169,454.0,12.61111,-4508.0,-125.22222,2.0
1758076317.87782,32098.0,176.32227,38089.0,209.23233,605.0,16.80556,-4996.0,-138.77777,2.0
1758076317.89269,32069.0,176.16296,37823.0,207.77112,468.0,13.0,-5438.0,-151.05556,2.0
1758076317.89795,32054.0,176.08057,37554.0,206.29344,170.0,4.72222,-5224.0,-145.11111,2.0
1758076317.91276,32053.0,176.07507,37308.0,204.94209,0.0,0.0,-4546.0,-126.27778,2.0
1758076317.91775,32047.0,176.04211,37099.0,203.79401,224.0,6.22222,-3852.0,-107.0,2.0
1758076317.9327,32025.0,175.92126,36924.0,202.83267,610.0,16.94444,-3172.0,-88.11111,2.0
1758076317.93789,31983.0,175.69055,36780.0,202.04166,991.0,27.52778,-2617.0,-72.69444,2.0
1758076317.95273,31931.0,175.40489,36659.0,201.37697,976.0,27.11111,-2267.0,-62.97222,2.0
1758076317.9576,31893.0,175.19615,36547.0,200.76173,502.0,13.94444,-2210.0,-61.38889,2.0
1758076317.97277,31886.0,175.1577,36437.0,200.15747,-152.0,-4.22222,-2160.0,-60.0,2.0
1758076317.97717,31910.0,175.28954,36328.0,199.55872,-754.0,-20.94444,-2139.0,-59.41667,2.0
1758076317.99272,31964.0,175.58618,36219.0,198.95993,-1327.0,-36.86111,-2168.0,-60.22222,2.0
1758076317.99436,32051.0,176.06409,36104.0,198.32822,-2023.0,-56.19444,-2295.0,-63.75,2.0
1758076318.01327,32173.0,176.73425,35983.0,197.66354,-2713.0,-75.36111,-2453.0,-68.13889,2.0
1758076318.01624,32333.0,177.61319,35852.0,196.94392,-3473.0,-96.47222,-2659.0,-73.86111,2.0
1758076318.03252,32528.0,178.68437,35712.0,196.17488,-4167.0,-115.75,-2846.0,-79.05556,2.0
1758076318.03381,32756.0,179.93683,35564.0,195.36186,-4764.0,-132.33333,-2978.0,-82.72222,2.0
1758076318.0528,33009.0,181.32661,35408.0,194.50491,-5215.0,-144.86111,-3147.0,-87.41666,2.0
1758076318.05438,33287.0,182.85374,35247.0,193.62051,-5721.0,-158.91667,-3208.0,-89.11111,2.0
1758076318.07087,33592.0,184.52917,35086.0,192.7361,-6212.0,-172.55556,-3144.0,-87.33334,2.0
1758076318.07221,33919.0,186.32547,34929.0,191.87364,-6483.0,-180.08333,-3052.0,-84.77778,2.0
1758076318.08771,34256.0,188.1767,34777.0,191.03868,-6820.0,-189.44444,-2932.0,-81.44444,2.0
1758076318.09305,34615.0,190.14877,34634.0,190.25314,-7240.0,-201.11111,-2752.0,-76.44444,2.0
1758076318.10883,34987.0,192.19228,34501.0,189.52255,-7511.0,-208.63889,-2524.0,-70.11111,2.0
1758076318.10961,35378.0,194.34012,34381.0,188.86334,-7838.0,-217.72223,-2228.0,-61.88889,2.0
1758076318.12532,35778.0,196.53743,34277.0,188.29205,-7867.0,-218.52777,-1894.0,-52.61111,2.0
1758076318.14239,36179.0,198.7402,34191.0,187.81964,-8030.0,-223.05556,-1547.0,-42.97222,2.0
1758076318.1432,36584.0,200.96498,34124.0,187.45158,-7933.0,-220.36111,-1191.0,-33.08333,2.0
1758076318.15954,36982.0,203.15128,34070.0,187.15495,-7830.0,-217.5,-933.0,-25.91667,2.0
1758076318.1607,37378.0,205.32661,34031.0,186.94072,-7697.0,-213.80556,-652.0,-18.11111,2.0
1758076318.17888,37757.0,207.40855,34006.0,186.80339,-7415.0,-205.97223,-439.0,-12.19444,2.0
1758076318.18263,38127.0,209.44107,33985.0,186.68803,-7214.0,-200.38889,-410.0,-11.38889,2.0
1758076318.19787,38481.0,211.38567,33960.0,186.5507,-6798.0,-188.83333,-539.0,-14.97222,2.0
1758076318.19906,38812.0,213.20395,33932.0,186.3969,-6380.0,-177.22223,-577.0,-16.02778,2.0
1758076318.21638,39125.0,214.92332,33901.0,186.22659,-5966.0,-165.72223,-682.0,-18.94444,2.0
1758076318.23259,39406.0,216.46693,33859.0,185.99588,-5276.0,-146.55556,-958.0,-26.61111,2.0
1758076318.23346,39658.0,217.85123,33800.0,185.67178,-4755.0,-132.08333,-1306.0,-36.27778,2.0
1758076318.25264,39886.0,219.10368,33726.0,185.26529,-4273.0,-118.69444,-1649.0,-45.80556,2.0
1758076318.25339,40079.0,220.16389,33639.0,184.78735,-3385.0,-94.02778,-1702.0,-47.27778,2.0
1758076318.27266,40224.0,220.9604,33550.0,184.29846,-2486.0,-69.05556,-1816.0,-50.44444,2.0
1758076318.27342,40327.0,221.52621,33454.0,183.77112,-1655.0,-45.97222,-1990.0,-55.27778,2.0
1758076318.29267,40390.0,221.87228,33347.0,183.18333,-972.0,-27.0,-2211.0,-61.41667,2.0
1758076318.29625,40420.0,222.03708,33228.0,182.52965,-303.0,-8.41667,-2478.0,-68.83334,2.0
1758076318.31266,40422.0,222.04807,33093.0,181.78804,9.0,0.25,-2765.0,-76.80556,2.0
1758076318.31741,40421.0,222.04257,32943.0,180.96407,20.0,0.55556,-3062.0,-85.05556,2.0
1758076318.33283,40419.0,222.03159,32782.0,180.07965,50.0,1.38889,-3254.0,-90.38889,2.0
1758076318.33707,40415.0,222.00961,32616.0,179.16777,120.0,3.33333,-3254.0,-90.38889,2.0
1758076318.35282,40401.0,221.93271,32455.0,178.28337,408.0,11.33333,-3101.0,-86.13889,2.0
1758076318.35377,40375.0,221.78989,32307.0,177.47035,616.0,17.11111,-2802.0,-77.83334,2.0
1758076318.36884,40336.0,221.57565,32173.0,176.73425,905.0,25.13889,-2489.0,-69.13889,2.0
1758076318.36977,40272.0,221.22408,32059.0,176.10803,1581.0,43.91667,-2014.0,-55.94444,2.0
1758076318.38489,40169.0,220.65828,31974.0,175.64111,2403.0,66.75,-1421.0,-39.47222,2.0
1758076318.40288,40022.0,219.85075,31921.0,175.34996,3257.0,90.47222,-834.0,-23.16667,2.0
1758076318.40329,39835.0,218.82353,31892.0,175.19066,3967.0,110.19444,-426.0,-11.83333,2.0
1758076318.42288,39615.0,217.61502,31878.0,175.11375,4455.0,123.75,-179.0,-4.97222,2.0
1758076318.4249,39381.0,216.32961,31871.0,175.0753,4678.0,129.94444,-152.0,-4.22222,2.0
1758076318.44229,39141.0,215.01122,31861.0,175.02037,4735.0,131.52777,-272.0,-7.55556,2.0
1758076318.44306,38904.0,213.70932,31838.0,174.89403,4549.0,126.36111,-570.0,-15.83333,2.0
1758076318.45972,38683.0,212.4953,31806.0,174.71823,4190.0,116.38889,-710.0,-19.72222,2.0
1758076318.46258,38481.0,211.38567,31767.0,174.504,3834.0,106.5,-836.0,-23.22222,2.0
1758076318.47794,38293.0,210.35295,31726.0,174.27878,3598.0,99.94444,-744.0,-20.66667,2.0
1758076318.47997,38113.0,209.36417,31694.0,174.103,3545.0,98.47222,-574.0,-15.94444,2.0
1758076318.49594,37935.0,208.38635,31673.0,173.98764,3560.0,98.88889,-242.0,-6.72222,2.0
1758076318.51299,37751.0,207.3756,31672.0,173.98215,3717.0,103.25,127.0,3.52778,2.0
1758076318.5158,37557.0,206.30992,31686.0,174.05905,3831.0,106.41666,397.0,11.02778,2.0
1758076318.53252,37368.0,205.27168,31711.0,174.19638,3596.0,99.88889,526.0,14.61111,2.0
1758076318.53613,37196.0,204.32684,31740.0,174.35568,3220.0,89.44444,568.0,15.77778,2.0
1758076318.55173,37046.0,203.50287,31764.0,174.48752,2783.0,77.30556,364.0,10.11111,2.0
1758076318.55294,36916.0,202.78873,31771.0,174.52597,2423.0,67.30556,-29.0,-0.80556,2.0
1758076318.56791,36799.0,202.14603,31770.0,174.52048,2219.0,61.63889,26.0,0.72222,2.0
1758076318.5732,36687.0,201.53078,31773.0,174.53696,2194.0,60.94444,70.0,1.94444,2.0
1758076318.58893,36572.0,200.89906,31784.0,174.59738,2309.0,64.13889,373.0,10.36111,2.0
1758076318.58981,36452.0,200.23987,31817.0,174.77867,2425.0,67.36111,884.0,24.55556,2.0
1758076318.60659,36327.0,199.55322,31877.0,175.10826,2512.0,69.77778,1376.0,38.22222,2.0
1758076318.62201,36198.0,198.84457,31957.0,175.54773,2558.0,71.05556,1732.0,48.11111,2.0
1758076318.62279,36066.0,198.11948,32056.0,176.09155,2645.0,73.47222,2062.0,57.27778,2.0
1758076318.63801,35930.0,197.37239,32170.0,176.71777,2752.0,76.44444,2380.0,66.11111,2.0
1758076318.64119,35784.0,196.57039,32301.0,177.43739,3007.0,83.52778,2782.0,77.27778,2.0
1758076318.65792,35619.0,195.66399,32456.0,178.28886,3464.0,96.22222,3287.0,91.30556,2.0
1758076318.66252,35431.0,194.63126,32642.0,179.31059,3926.0,109.05556,3928.0,109.11111,2.0
1758076318.67803,35222.0,193.48318,32860.0,180.50812,4272.0,118.66666,4563.0,126.75,2.0
1758076318.68249,35001.0,192.26918,33107.0,181.86494,4427.0,122.97222,5055.0,140.41667,2.0
1758076318.69805,34777.0,191.03868,33376.0,183.34264,4438.0,123.27778,5500.0,152.77777,2.0
1758076318.70246,34557.0,189.83017,33667.0,184.94119,4265.0,118.47222,5917.0,164.36111,2.0
1758076318.71801,34351.0,188.69855,33973.0,186.62212,3904.0,108.44444,6128.0,170.22223,2.0
1758076318.72007,34165.0,187.6768,34290.0,188.36346,3486.0,96.83334,6350.0,176.38889,2.0
1758076318.73605,33999.0,186.76494,34619.0,190.17075,3107.0,86.30556,6595.0,183.19444,2.0
1758076318.75206,33853.0,185.96292,34950.0,191.98903,2743.0,76.19444,6487.0,180.19444,2.0
1758076318.75283,33722.0,185.24332,35282.0,193.81277,2415.0,67.08334,6623.0,183.97223,2.0
1758076318.76805,33609.0,184.62256,35617.0,195.653,2119.0,58.86111,6596.0,183.22223,2.0
1758076318.77015,33512.0,184.08972,35950.0,197.48225,1820.0,50.55556,6559.0,182.19444,2.0
1758076318.78603,33427.0,183.6228,36280.0,199.29504,1562.0,43.38889,6496.0,180.44444,2.0
1758076318.80302,33352.0,183.2108,36607.0,201.09132,1439.0,39.97222,6407.0,177.97223,2.0
1758076318.80641,33285.0,182.84276,36927.0,202.84915,1301.0,36.13889,6276.0,174.33333,2.0
1758076318.82308,33218.0,182.47472,37247.0,204.60699,1315.0,36.52778,6287.0,174.63889,2.0
1758076318.82624,33152.0,182.11217,37560.0,206.3264,1302.0,36.16667,6097.0,169.36111,2.0
1758076318.84309,33084.0,181.7386,37863.0,207.99084,1343.0,37.30556,5900.0,163.88889,2.0
1758076318.84625,33016.0,181.36507,38160.0,209.62234,1364.0,37.88889,5811.0,161.41667,2.0
1758076318.86304,32944.0,180.96956,38451.0,211.22087,1416.0,39.33333,5554.0,154.27777,2.0
1758076318.86511,32871.0,180.56854,38725.0,212.72601,1441.0,40.02778,5307.0,147.41667,2.0
1758076318.88313,32798.0,180.16754,38987.0,214.16525,1421.0,39.47222,5034.0,139.83333,2.0
1758076318.88472,32733.0,179.81049,39224.0,215.46715,1175.0,32.63889,4310.0,119.72222,2.0
1758076318.90309,32682.0,179.53032,39421.0,216.54933,880.0,24.44444,3599.0,99.97222,2.0
1758076318.9039,32642.0,179.31059,39586.0,217.45572,732.0,20.33333,3012.0,83.66666,2.0
1758076318.92102,32601.0,179.08537,39722.0,218.20279,883.0,24.52778,2459.0,68.30556,2.0
1758076318.92139,32552.0,178.81621,39835.0,218.82353,1034.0,28.72222,2024.0,56.22222,2.0
1758076318.93799,32491.0,178.48112,39924.0,219.31242,1351.0,37.52778,1614.0,44.83333,2.0
1758076318.94312,32412.0,178.04715,39993.0,219.69145,1699.0,47.19444,1136.0,31.55556,2.0
1758076318.96265,32315.0,177.5143,40040.0,219.94963,2054.0,57.05556,760.0,21.11111,2.0
1758076318.96304,32202.0,176.89357,40065.0,220.08699,2372.0,65.88889,292.0,8.11111,2.0
1758076318.98227,32083.0,176.23987,40065.0,220.08699,2337.0,64.91666,-120.0,-3.33333,2.0
1758076318.98294,31972.0,175.63013,40049.0,219.99907,2063.0,57.30556,-488.0,-13.55556,2.0
1758076318.99914,31882.0,175.13573,40008.0,219.77385,1513.0,42.02778,-1060.0,-29.44444,2.0
1758076319.00253,31822.0,174.80614,39930.0,219.34538,949.0,26.36111,-1876.0,-52.11111,2.0
1758076319.01814,31794.0,174.65231,39813.0,218.70268,293.0,8.13889,-2678.0,-74.38889,2.0
1758076319.01941,31792.0,174.64133,39657.0,217.84573,-94.0,-2.61111,-3359.0,-93.30556,2.0
1758076319.0376,31799.0,174.67978,39472.0,216.82948,-115.0,-3.19444,-3841.0,-106.69444,2.0
1758076319.05319,31800.0,174.68527,39266.0,215.69786,65.0,1.80556,-4209.0,-116.91666,2.0
1758076319.05402,31793.0,174.64682,39049.0,214.50584,211.0,5.86111,-4343.0,-120.63889,2.0
1758076319.07631,31779.0,174.56992,38831.0,213.30832,329.0,9.13889,-4241.0,-117.80556,2.0
1758076319.07673,31761.0,174.47104,38625.0,212.1767,416.0,11.55556,-3996.0,-111.0,2.0
1758076319.09298,31733.0,174.31723,38427.0,211.08904,665.0,18.47222,-3888.0,-108.0,2.0
1758076319.0962,31686.0,174.05905,38231.0,210.01236,1117.0,31.02778,-3902.0,-108.38889,2.0
1758076319.11213,31625.0,173.72397,38027.0,208.89175,1238.0,34.38889,-4171.0,-115.86111,2.0
1758076319.11306,31564.0,173.38889,37805.0,207.67224,1128.0,31.33333,-4510.0,-125.27778,2.0
1758076319.12813,31518.0,173.13618,37568.0,206.37035,695.0,19.30556,-4708.0,-130.77777,2.0
1758076319.12946,31498.0,173.02632,37331.0,205.06844,231.0,6.41667,-4576.0,-127.11111,2.0
1758076319.14521,31490.0,172.98238,37110.0,203.85443,126.0,3.5,-4181.0,-116.13889,2.0
1758076319.16301,31485.0,172.95491,36907.0,202.73929,114.0,3.16667,-3859.0,-107.19444,2.0
1758076319.16721,31476.0,172.90547,36718.0,201.70107,195.0,5.41667,-3607.0,-100.19444,2.0
1758076319.18333,31467.0,172.85603,36539.0,200.71779,107.0,2.97222,-3492.0,-97.0,2.0
1758076319.18586,31470.0,172.87251,36370.0,199.78943,-135.0,-3.75,-3231.0,-89.75,2.0
1758076319.20281,31481.0,172.93294,36215.0,198.93796,-315.0,-8.75,-2891.0,-80.30556,2.0
1758076319.20527,31510.0,173.09224,36072.0,198.15244,-795.0,-22.08333,-2754.0,-76.5,2.0
1758076319.22296,31570.0,173.42184,35931.0,197.37788,-1469.0,-40.80556,-2840.0,-78.88889,2.0
1758076319.227,31667.0,173.95468,35781.0,196.55391,-2269.0,-63.02778,-3045.0,-84.58334,2.0
1758076319.24304,31809.0,174.73473,35619.0,195.66399,-3222.0,-89.5,-3351.0,-93.08334,2.0
1758076319.24635,31998.0,175.77295,35440.0,194.68069,-4116.0,-114.33334,-3682.0,-102.27778,2.0
1758076319.2632,32231.0,177.05287,35245.0,193.60953,-5002.0,-138.94444,-3999.0,-111.08334,2.0
1758076319.26609,32509.0,178.58,35039.0,192.47792,-5850.0,-162.5,-4119.0,-114.41666,2.0
1758076319.28202,32822.0,180.29938,34828.0,191.31883,-6392.0,-177.55556,-4189.0,-116.36111,2.0
1758076319.28325,33157.0,182.13963,34618.0,190.16525,-6791.0,-188.63889,-4093.0,-113.69444,2.0
1758076319.29824,33511.0,184.08423,34417.0,189.0611,-7134.0,-198.16667,-3785.0,-105.13889,2.0
1758076319.30193,33878.0,186.10025,34238.0,188.07782,-7301.0,-202.80556,-3292.0,-91.44444,2.0
1758076319.31727,34252.0,188.15472,34086.0,187.24284,-7490.0,-208.05556,-2794.0,-77.61111,2.0
1758076319.3333,34641.0,190.2916,33960.0,186.5507,-7744.0,-215.11111,-2313.0,-64.25,2.0
1758076319.33411,35036.0,192.46144,33855.0,185.97391,-7904.0,-219.55556,-1895.0,-52.63889,2.0
1758076319.35015,35442.0,194.69168,33769.0,185.5015,-8121.0,-225.58333,-1508.0,-41.88889,2.0
1758076319.35166,35848.0,196.92195,33699.0,185.11697,-7899.0,-219.41667,-1288.0,-35.77778,2.0
1758076319.36733,36250.0,199.13025,33641.0,184.79834,-7916.0,-219.88889,-1024.0,-28.44444,2.0
1758076319.38344,36646.0,201.30556,33594.0,184.54016,-7736.0,-214.88889,-924.0,-25.66667,2.0
1758076319.38446,37033.0,203.43146,33548.0,184.28748,-7643.0,-212.30556,-868.0,-24.11111,2.0
1758076319.40104,37415.0,205.52986,33506.0,184.05676,-7369.0,-204.69444,-835.0,-23.19444,2.0
1758076319.40335,37778.0,207.52393,33461.0,183.80957,-7076.0,-196.55556,-944.0,-26.22222,2.0
1758076319.42189,38129.0,209.45206,33407.0,183.51292,-6821.0,-189.47223,-1111.0,-30.86111,2.0
1758076319.42246,38465.0,211.29778,33347.0,183.18333,-6457.0,-179.36111,-1292.0,-35.88889,2.0
1758076319.43835,38782.0,213.03912,33274.0,182.78233,-6014.0,-167.05556,-1555.0,-43.19444,2.0
1758076319.44118,39076.0,214.65416,33188.0,182.30992,-5605.0,-155.69444,-1840.0,-51.11111,2.0
1758076319.45729,39332.0,216.06044,33096.0,181.80452,-4644.0,-129.0,-1785.0,-49.58333,2.0
1758076319.47588,39541.0,217.20851,33003.0,181.29366,-3752.0,-104.22222,-1865.0,-51.80556,2.0
1758076319.47629,39708.0,218.12589,32904.0,180.74983,-2962.0,-82.27778,-2034.0,-56.5,2.0
1758076319.49314,39840.0,218.851,32796.0,180.15656,-2307.0,-64.08334,-2254.0,-62.61111,2.0
1758076319.49648,39940.0,219.40031,32673.0,179.48088,-1699.0,-47.19444,-2577.0,-71.58334,2.0
1758076319.51233,40013.0,219.80132,32534.0,178.71733,-1258.0,-34.94444,-2892.0,-80.33334,2.0
1758076319.51297,40060.0,220.05949,32380.0,177.87137,-645.0,-17.91667,-3140.0,-87.22222,2.0
1758076319.52841,40078.0,220.1584,32213.0,176.95399,-175.0,-4.86111,-3336.0,-92.66666,2.0
1758076319.53229,40079.0,220.16389,32040.0,176.00366,0.0,0.0,-3499.0,-97.19444,2.0
1758076319.54735,40078.0,220.1584,31859.0,175.00938,16.0,0.44444,-3595.0,-99.86111,2.0
1758076319.56301,40077.0,220.15291,31679.0,174.0206,48.0,1.33333,-3480.0,-96.66666,2.0
1758076319.56481,40073.0,220.13094,31509.0,173.08675,96.0,2.66667,-3215.0,-89.30556,2.0
1758076319.58197,40065.0,220.08699,31359.0,172.26276,240.0,6.66667,-2779.0,-77.19444,2.0
1758076319.58277,40034.0,219.91667,31242.0,171.62006,912.0,25.33333,-1944.0,-54.0,2.0
1758076319.5984,39961.0,219.51567,31173.0,171.24103,1817.0,50.47222,-876.0,-24.33333,2.0
1758076319.60284,39842.0,218.86198,31159.0,171.16411,2765.0,76.80556,114.0,3.16667,2.0
1758076319.62003,39675.0,217.94461,31177.0,171.263,3634.0,100.94444,478.0,13.27778,2.0
1758076319.62361,39470.0,216.8185,31207.0,171.4278,4313.0,119.80556,674.0,18.72222,2.0
1758076319.63845,39238.0,215.54405,31243.0,171.62555,4805.0,133.47223,672.0,18.66667,2.0
1758076319.64281,38985.0,214.15427,31267.0,171.75739,5085.0,141.25,339.0,9.41667,2.0
1758076319.65925,38727.0,212.737,31273.0,171.79034,4993.0,138.69444,-77.0,-2.13889,2.0
1758076319.66006,38482.0,211.39116,31264.0,171.74091,4641.0,128.91667,-252.0,-7.0,2.0
1758076319.67791,38257.0,210.15518,31249.0,171.65851,4335.0,120.41666,-323.0,-8.97222,2.0
1758076319.67925,38046.0,208.99612,31233.0,171.57062,4070.0,113.05556,-309.0,-8.58333,2.0
1758076319.69604,37846.0,207.89746,31224.0,171.52118,3797.0,105.47222,-24.0,-0.66667,2.0
1758076319.71306,37657.0,206.85924,31229.0,171.54865,3674.0,102.05556,172.0,4.77778,2.0
1758076319.71785,37481.0,205.89241,31242.0,171.62006,3326.0,92.38889,271.0,7.52778,2.0
1758076319.71905,37321.0,205.0135,31261.0,171.72443,3021.0,83.91666,465.0,12.91667,2.0
1758076319.73603,37171.0,204.18951,31293.0,171.90021,2908.0,80.77778,763.0,21.19444,2.0
1758076319.75306,37023.0,203.37653,31342.0,172.16937,2923.0,81.19444,1102.0,30.61111,2.0
1758076319.75745,36875.0,202.56351,31405.0,172.51544,2912.0,80.88889,1294.0,35.94444,2.0
1758076319.77316,36726.0,201.74501,31479.0,172.92195,2886.0,80.16666,1617.0,44.91667,2.0
1758076319.77646,36581.0,200.9485,31571.0,173.42734,2849.0,79.13889,1950.0,54.16667,2.0
1758076319.79197,36442.0,200.18494,31680.0,174.02609,2633.0,73.13889,2266.0,62.94444,2.0
1758076319.79308,36317.0,199.49829,31801.0,174.69077,2283.0,63.41667,2472.0,68.66666,2.0
1758076319.81129,36214.0,198.93246,31929.0,175.39391,1871.0,51.97222,2517.0,69.91666,2.0
1758076319.81205,36130.0,198.47104,32058.0,176.10254,1526.0,42.38889,2569.0,71.36111,2.0
1758076319.82751,36057.0,198.07004,32192.0,176.83864,1388.0,38.55556,2716.0,75.44444,2.0
1758076319.83289,35983.0,197.66354,32341.0,177.65714,1581.0,43.91667,3127.0,86.86111,2.0
1758076319.84847,35890.0,197.15266,32519.0,178.63493,2013.0,55.91667,3856.0,107.11111,2.0
1758076319.84927,35772.0,196.50447,32739.0,179.84344,2573.0,71.47222,4759.0,132.19444,2.0
1758076319.86686,35624.0,195.69145,33009.0,181.32661,3162.0,87.83334,5663.0,157.30556,2.0
1758076319.88288,35450.0,194.73563,33317.0,183.01854,3640.0,101.11111,6365.0,176.80556,2.0
1758076319.88735,35260.0,193.69193,33659.0,184.89722,3820.0,106.11111,7001.0,194.47223,2.0
1758076319.90316,35068.0,192.63722,34020.0,186.88029,3732.0,103.66666,7213.0,200.36111,2.0
1758076319.90458,34886.0,191.63744,34395.0,188.94025,3439.0,95.52778,7537.0,209.36111,2.0
1758076319.92115,34720.0,190.72557,34779.0,191.04967,3125.0,86.80556,7592.0,210.88889,2.0
1758076319.92316,34573.0,189.91806,35158.0,193.13161,2760.0,76.66666,7446.0,206.83333,2.0
1758076319.94195,34444.0,189.20944,35534.0,195.19707,2375.0,65.97222,7369.0,204.69444,2.0
1758076319.94244,34332.0,188.59418,35895.0,197.18013,2062.0,57.27778,7003.0,194.52777,2.0
1758076319.95935,34234.0,188.05585,36246.0,199.10828,1799.0,49.97222,6882.0,191.16667,2.0
1758076319.96213,34149.0,187.58891,36588.0,200.98695,1639.0,45.52778,6654.0,184.83333,2.0
1758076319.97753,34070.0,187.15495,36918.0,202.79971,1492.0,41.44444,6452.0,179.22223,2.0
1758076319.98276,33993.0,186.73198,37244.0,204.59052,1493.0,41.47222,6381.0,177.25,2.0
1758076319.99961,33918.0,186.31998,37562.0,206.33739,1495.0,41.52778,6187.0,171.86111,2.0
1758076320.00005,33840.0,185.89151,37869.0,208.0238,1518.0,42.16667,6006.0,166.83333,2.0
1758076320.01755,33761.0,185.45755,38172.0,209.68826,1586.0,44.05556,5911.0,164.19444,2.0
1758076320.03321,33680.0,185.0126,38464.0,211.29228,1630.0,45.27778,5661.0,157.25,2.0
1758076320.03529,33593.0,184.53467,38744.0,212.83038,1753.0,48.69444,5430.0,150.83333,2.0
1758076320.05309,33503.0,184.04028,39012.0,214.30258,1827.0,50.75,5159.0,143.30556,2.0
1758076320.05381,33418.0,183.57336,39256.0,215.64293,1554.0,43.16667,4464.0,124.0,2.0
1758076320.0696,33345.0,183.17235,39462.0,216.77455,1339.0,37.19444,3749.0,104.13889,2.0
1758076320.07043,33285.0,182.84276,39635.0,217.72488,1158.0,32.16667,3173.0,88.13889,2.0
1758076320.08725,33225.0,182.51317,39781.0,218.52689,1204.0,33.44444,2667.0,74.08334,2.0
1758076320.10323,33162.0,182.1671,39902.0,219.19157,1280.0,35.55556,2194.0,60.94444,2.0
1758076320.10582,33089.0,181.76607,40003.0,219.74638,1539.0,42.75,1817.0,50.47222,2.0
1758076320.12135,33004.0,181.29915,40087.0,220.20784,1786.0,49.61111,1550.0,43.05556,2.0
1758076320.12211,32905.0,180.75533,40154.0,220.57588,2035.0,56.52778,1184.0,32.88889,2.0
1758076320.13759,32796.0,180.15656,40206.0,220.86153,2214.0,61.5,870.0,24.16667,2.0
1758076320.15325,32686.0,179.55229,40228.0,220.98238,2088.0,58.0,34.0,0.94444,2.0
1758076320.15521,32592.0,179.03593,40214.0,220.90547,1679.0,46.63889,-379.0,-10.52778,2.0
1758076320.17327,32524.0,178.6624,40180.0,220.7187,1122.0,31.16667,-898.0,-24.94444,2.0
1758076320.1756,32484.0,178.44267,40118.0,220.37813,544.0,15.11111,-1497.0,-41.58333,2.0
1758076320.19139,32470.0,178.36577,40022.0,219.85075,83.0,2.30556,-2187.0,-60.75,2.0
1758076320.19215,32473.0,178.38225,39895.0,219.15312,-58.0,-1.61111,-2715.0,-75.41666,2.0
1758076320.2076,32475.0,178.39323,39739.0,218.29617,0.0,0.0,-3248.0,-90.22222,2.0
1758076320.21314,32474.0,178.38774,39562.0,217.32388,41.0,1.13889,-3673.0,-102.02778,2.0
1758076320.23286,32471.0,178.37126,39367.0,216.2527,92.0,2.55556,-4002.0,-111.16666,2.0
1758076320.23328,32464.0,178.33281,39156.0,215.09361,152.0,4.22222,-4286.0,-119.05556,2.0
1758076320.23983,32457.0,178.29436,38935.0,213.87961,139.0,3.86111,-4371.0,-121.41666,2.0
1758076320.25645,32452.0,178.26689,38713.0,212.6601,104.0,2.88889,-4374.0,-121.5,2.0
1758076320.26333,32444.0,178.22293,38490.0,211.4351,192.0,5.33333,-4448.0,-123.55556,2.0
1758076320.27947,32432.0,178.15701,38256.0,210.14969,311.0,8.63889,-4764.0,-132.33333,2.0
1758076320.28464,32415.0,178.06363,37998.0,208.73242,300.0,8.33333,-5318.0,-147.72223,2.0
1758076320.30285,32403.0,177.99771,37722.0,207.21629,179.0,4.97222,-5441.0,-151.13889,2.0
1758076320.30365,32398.0,177.97025,37464.0,205.79903,42.0,1.16667,-4808.0,-133.55556,2.0
1758076320.3205,32390.0,177.9263,37250.0,204.62349,344.0,9.55556,-3780.0,-105.0,2.0
1758076320.32372,32355.0,177.73404,37084.0,203.71161,980.0,27.22222,-2921.0,-81.13889,2.0
1758076320.34284,32291.0,177.38246,36958.0,203.01944,1464.0,40.66667,-2179.0,-60.52778,2.0
1758076320.34359,32210.0,176.93752,36862.0,202.4921,1668.0,46.33333,-1722.0,-47.83333,2.0
1758076320.35967,32132.0,176.50903,36777.0,202.02518,1407.0,39.08333,-1682.0,-46.72222,2.0
1758076320.36318,32076.0,176.20142,36684.0,201.5143,865.0,24.02778,-2013.0,-55.91667,2.0
1758076320.37957,32058.0,176.10254,36567.0,200.8716,-54.0,-1.5,-2588.0,-71.88889,2.0
1758076320.38188,32082.0,176.23438,36419.0,200.05859,-799.0,-22.19444,-3178.0,-88.27778,2.0
1758076320.39777,32141.0,176.55847,36247.0,199.11377,-1459.0,-40.52778,-3521.0,-97.80556,2.0
1758076320.40053,32235.0,177.07484,36063.0,198.103,-2131.0,-59.19444,-3669.0,-101.91666,2.0
1758076320.41648,32358.0,177.75052,35877.0,197.08125,-2640.0,-73.33334,-3677.0,-102.13889,2.0
1758076320.41773,32503.0,178.54704,35694.0,196.07597,-3042.0,-84.5,-3546.0,-98.5,2.0
1758076320.43554,32666.0,179.44243,35521.0,195.12566,-3353.0,-93.13889,-3316.0,-92.11111,2.0
1758076320.45069,32847.0,180.43671,35361.0,194.24673,-3640.0,-101.11111,-2991.0,-83.08334,2.0
1758076320.45132,33039.0,181.49141,35218.0,193.46121,-3879.0,-107.75,-2694.0,-74.83334,2.0
1758076320.46753,33246.0,182.62852,35089.0,192.75258,-4286.0,-119.05556,-2473.0,-68.69444,2.0
1758076320.46829,33477.0,183.89746,34964.0,192.06593,-4770.0,-132.5,-2486.0,-69.05556,2.0
1758076320.48564,33732.0,185.29825,34835.0,191.35728,-5209.0,-144.69444,-2633.0,-73.13889,2.0
1758076320.50314,34012.0,186.83635,34696.0,190.59373,-5734.0,-159.27777,-2800.0,-77.77778,2.0
1758076320.50756,34322.0,188.53925,34551.0,189.79721,-6444.0,-179.0,-2885.0,-80.13889,2.0
1758076320.50847,34661.0,190.40146,34408.0,189.01166,-6809.0,-189.13889,-2780.0,-77.22222,2.0
1758076320.52643,35013.0,192.3351,34270.0,188.2536,-7109.0,-197.47223,-2631.0,-73.08334,2.0
1758076320.54258,35383.0,194.36758,34144.0,187.56145,-7414.0,-205.94444,-2379.0,-66.08334,2.0
1758076320.54335,35761.0,196.44405,34028.0,186.92424,-7438.0,-206.61111,-2103.0,-58.41667,2.0
1758076320.55958,36138.0,198.51498,33929.0,186.38042,-7518.0,-208.83333,-1856.0,-51.55556,2.0
1758076320.56113,36517.0,200.59694,33843.0,185.90799,-7407.0,-205.75,-1597.0,-44.36111,2.0
1758076320.57678,36888.0,202.63492,33769.0,185.5015,-7313.0,-203.13889,-1335.0,-37.08333,2.0
1758076320.57799,37257.0,204.66194,33705.0,185.14993,-7250.0,-201.38889,-1212.0,-33.66667,2.0
1758076320.59631,37613.0,206.61754,33647.0,184.8313,-6862.0,-190.61111,-1052.0,-29.22222,2.0
1758076320.61178,37955.0,208.49622,33596.0,184.55115,-6708.0,-186.33333,-1040.0,-28.88889,2.0
1758076320.61253,38287.0,210.31999,33542.0,184.25452,-6385.0,-177.36111,-1092.0,-30.33333,2.0
1758076320.62775,38601.0,212.04486,33484.0,183.93591,-6067.0,-168.52777,-1176.0,-32.66667,2.0
1758076320.62897,38900.0,213.68735,33417.0,183.56787,-5818.0,-161.61111,-1435.0,-39.86111,2.0
1758076320.64794,39182.0,215.23643,33340.0,183.14488,-5335.0,-148.19444,-1604.0,-44.55556,2.0
1758076320.64994,39428.0,216.58778,33258.0,182.69444,-4432.0,-123.11111,-1571.0,-43.63889,2.0
1758076320.66713,39631.0,217.70291,33177.0,182.2495,-3684.0,-102.33334,-1636.0,-45.44444,2.0
1758076320.66837,39798.0,218.62027,33092.0,181.78255,-3008.0,-83.55556,-1742.0,-48.38889,2.0
1758076320.68609,39932.0,219.35637,32994.0,181.24422,-2364.0,-65.66666,-2038.0,-56.61111,2.0
1758076320.69058,40038.0,219.93864,32881.0,180.62347,-1894.0,-52.61111,-2409.0,-66.91666,2.0
1758076320.70753,40117.0,220.37263,32747.0,179.88739,-1365.0,-37.91667,-2848.0,-79.11111,2.0
1758076320.70976,40172.0,220.67476,32594.0,179.04692,-845.0,-23.47222,-3168.0,-88.0,2.0
1758076320.77166,40189.0,220.76814,32431.0,178.15152,48.0,1.33333,-3179.0,-88.30556,2.0
1758076320.7725,40180.0,220.7187,32278.0,177.31105,301.0,8.36111,-2915.0,-80.97222,2.0
1758076320.77547,40151.0,220.5594,32144.0,176.57495,771.0,21.41667,-2452.0,-68.11111,2.0
1758076320.77682,40093.0,220.2408,32036.0,175.98169,1441.0,40.02778,-1888.0,-52.44444,2.0
1758076320.7779,39999.0,219.72441,31957.0,175.54773,2213.0,61.47222,-1274.0,-35.38889,2.0
1758076320.77864,39866.0,218.99382,31908.0,175.27855,2967.0,82.41666,-791.0,-21.97222,2.0
1758076320.78321,39695.0,218.05447,31880.0,175.12474,3585.0,99.58334,-406.0,-11.27778,2.0
1758076320.79886,39500.0,216.98329,31867.0,175.05333,4053.0,112.58334,-161.0,-4.47222,2.0
1758076320.80321,39284.0,215.79674,31864.0,175.03685,4407.0,122.41666,-10.0,-0.27778,2.0
1758076320.82751,39053.0,214.52782,31864.0,175.03685,4688.0,130.22223,0.0,0.0,2.0
1758076320.82836,38816.0,213.22592,31865.0,175.04234,4677.0,129.91667,7.0,0.19444,2.0
1758076320.83186,38583.0,211.94598,31866.0,175.04784,4555.0,126.52778,42.0,1.16667,2.0
1758076320.84783,38353.0,210.68254,31870.0,175.06981,4604.0,127.88889,101.0,2.80556,2.0
1758076320.84859,38112.0,209.35867,31880.0,175.12474,4908.0,136.33333,334.0,9.27778,2.0
1758076320.86781,37855.0,207.9469,31903.0,175.25108,5194.0,144.27777,492.0,13.66667,2.0
1758076320.8691,37593.0,206.50768,31931.0,175.40489,5035.0,139.86111,501.0,13.91667,2.0
1758076320.88786,37352.0,205.18379,31948.0,175.49829,4498.0,124.94444,152.0,4.22222,2.0
1758076320.88853,37147.0,204.05768,31943.0,175.47083,3634.0,100.94444,-198.0,-5.5,2.0
1758076320.90782,36994.0,203.21722,31927.0,175.38292,2545.0,70.69444,-415.0,-11.52778,2.0
1758076320.90896,36898.0,202.68985,31901.0,175.2401,1441.0,40.02778,-589.0,-16.36111,2.0
1758076320.92782,36850.0,202.42618,31873.0,175.08629,606.0,16.83333,-451.0,-12.52778,2.0
1758076320.93594,36835.0,202.34378,31860.0,175.01488,132.0,3.66667,-74.0,-2.05556,2.0
1758076320.9527,36831.0,202.32181,31866.0,175.04784,83.0,2.30556,191.0,5.30556,2.0
1758076320.95684,36820.0,202.26138,31888.0,175.16869,375.0,10.41667,657.0,18.25,2.0
1758076320.97189,36784.0,202.06363,31939.0,175.44885,990.0,27.5,1283.0,35.63889,2.0
1758076320.97309,36716.0,201.69008,32027.0,175.93225,1566.0,43.5,2051.0,56.97222,2.0
1758076320.98789,36622.0,201.17372,32148.0,176.59692,2114.0,58.72222,2638.0,73.27778,2.0
1758076320.98949,36503.0,200.52003,32294.0,177.39894,2528.0,70.22222,3052.0,84.77778,2.0
1758076321.00489,36362.0,199.74548,32456.0,178.28886,2980.0,82.77778,3320.0,92.22222,2.0
1758076321.02253,36200.0,198.85556,32634.0,179.26665,3385.0,94.02778,3622.0,100.61111,2.0
1758076321.02331,36016.0,197.84482,32830.0,180.34332,3780.0,105.0,4058.0,112.72222,2.0
1758076321.04008,35813.0,196.72969,33050.0,181.55183,4141.0,115.02778,4555.0,126.52778,2.0
1758076321.0405,35594.0,195.52666,33294.0,182.8922,4443.0,123.41666,4996.0,138.77777,2.0
1758076321.05891,35364.0,194.26321,33560.0,184.35339,4619.0,128.30556,5427.0,150.75,2.0
1758076321.06231,35130.0,192.9778,33844.0,185.91348,4568.0,126.88889,5732.0,159.22223,2.0
1758076321.07803,34904.0,191.73631,34142.0,187.55046,4379.0,121.63889,6030.0,167.5,2.0
1758076321.07993,34689.0,190.55528,34456.0,189.27536,4151.0,115.30556,6323.0,175.63889,2.0
1758076321.09732,34486.0,189.44016,34783.0,191.07164,3866.0,107.38889,6491.0,180.30556,2.0
1758076321.09814,34302.0,188.42938,35113.0,192.88441,3491.0,96.97222,6561.0,182.25,2.0
1758076321.11711,34137.0,187.52299,35450.0,194.73563,3102.0,86.16666,6691.0,185.86111,2.0
1758076321.11835,33987.0,186.69902,35786.0,196.58138,2760.0,76.66666,6577.0,182.69444,2.0
1758076321.13652,33856.0,185.9794,36116.0,198.39413,2451.0,68.08334,6514.0,180.94444,2.0
1758076321.1552,33741.0,185.34769,36444.0,200.19592,2145.0,59.58333,6446.0,179.05556,2.0
1758076321.15595,33642.0,184.80383,36764.0,201.95377,1876.0,52.11111,6220.0,172.77777,2.0
1758076321.17197,33555.0,184.32593,37080.0,203.68964,1609.0,44.69444,6288.0,174.66667,2.0
1758076321.17314,33476.0,183.89197,37395.0,205.42,1503.0,41.75,6144.0,170.66667,2.0
1758076321.18797,33402.0,183.48546,37701.0,207.10094,1459.0,40.52778,5987.0,166.30556,2.0
1758076321.18993,33327.0,183.07347,38005.0,208.77087,1465.0,40.69444,5996.0,166.55556,2.0
1758076321.20492,33251.0,182.65599,38305.0,210.41887,1541.0,42.80556,5827.0,161.86111,2.0
1758076321.22253,33171.0,182.21654,38596.0,212.0174,1578.0,43.83333,5550.0,154.16667,2.0
1758076321.22333,33095.0,181.79903,38865.0,213.49509,1385.0,38.47222,5121.0,142.25,2.0
1758076321.24083,33033.0,181.45845,39108.0,214.82994,1152.0,32.0,4548.0,126.33334,2.0
1758076321.24124,32976.0,181.14534,39321.0,216.00002,1122.0,31.16667,3979.0,110.52778,2.0
1758076321.25694,32921.0,180.84322,39507.0,217.02174,1101.0,30.58333,3473.0,96.47222,2.0
1758076321.2582,32861.0,180.51361,39671.0,217.92264,1255.0,34.86111,3012.0,83.66666,2.0
1758076321.27513,32799.0,180.17303,39803.0,218.64774,1144.0,31.77778,2305.0,64.02778,2.0
1758076321.29256,32748.0,179.89288,39891.0,219.13115,909.0,25.25,1311.0,36.41667,2.0
1758076321.29335,32710.0,179.68414,39928.0,219.3344,619.0,17.19444,309.0,8.58333,2.0
1758076321.30987,32688.0,179.56328,39923.0,219.30693,321.0,8.91667,-239.0,-6.63889,2.0
1758076321.31057,32679.0,179.51384,39903.0,219.19707,95.0,2.63889,-498.0,-13.83333,2.0
1758076321.32686,32678.0,179.50835,39865.0,218.98833,-20.0,-0.55556,-930.0,-25.83333,2.0
1758076321.328,32680.0,179.51933,39801.0,218.63675,-26.0,-0.72222,-1534.0,-42.61111,2.0
1758076321.34399,32681.0,179.52483,39708.0,218.12589,-15.0,-0.41667,-2073.0,-57.58333,2.0
1758076321.36082,32682.0,179.53032,39585.0,217.45023,0.0,0.0,-2659.0,-73.86111,2.0
1758076321.36163,32681.0,179.52483,39434.0,216.62074,25.0,0.69444,-3218.0,-89.38889,2.0
1758076321.37782,32680.0,179.51933,39253.0,215.62645,30.0,0.83333,-3820.0,-106.11111,2.0
1758076321.37988,32682.0,179.53032,39045.0,214.48387,-83.0,-2.30556,-4344.0,-120.66666,2.0
1758076321.39609,32689.0,179.56877,38808.0,213.18198,-166.0,-4.61111,-4932.0,-137.0,2.0
1758076321.41203,32696.0,179.60722,38547.0,211.74823,-59.0,-1.63889,-5303.0,-147.30556,2.0
1758076321.41279,32691.0,179.57976,38264.0,210.19363,236.0,6.55556,-5816.0,-161.55556,2.0
1758076321.42807,32673.0,179.48088,37953.0,208.48523,418.0,11.61111,-6438.0,-178.83333,2.0
1758076321.43299,32649.0,179.34904,37611.0,206.60655,410.0,11.38889,-6932.0,-192.55556,2.0
1758076321.44806,32630.0,179.24467,37264.0,204.70039,391.0,10.86111,-6800.0,-188.88889,2.0
1758076321.44963,32600.0,179.07988,36950.0,202.97549,802.0,22.27778,-5620.0,-156.11111,2.0
1758076321.46497,32537.0,178.73381,36704.0,201.62416,1613.0,44.80556,-4250.0,-118.05556,2.0
1758076321.48104,32424.0,178.11307,36522.0,200.6244,2721.0,75.58334,-3053.0,-84.80556,2.0
1758076321.4826,32259.0,177.20668,36403.0,199.9707,3651.0,101.41666,-1885.0,-52.36111,2.0
1758076321.49883,32059.0,176.10803,36337.0,199.60815,4141.0,115.02778,-941.0,-26.13889,2.0
1758076321.49961,31849.0,174.95445,36300.0,199.40491,4118.0,114.38889,-592.0,-16.44444,2.0
1758076321.51583,31653.0,173.87778,36268.0,199.22913,3557.0,98.80556,-696.0,-19.33333,2.0
1758076321.53206,31503.0,173.05379,36220.0,198.96542,2467.0,68.52778,-1177.0,-32.69444,2.0
1758076321.53326,31418.0,172.58685,36137.0,198.50949,1072.0,29.77778,-1999.0,-55.52778,2.0
1758076321.5505,31406.0,172.52094,36016.0,197.84482,-392.0,-10.88889,-2709.0,-75.25,2.0
1758076321.553,31457.0,172.8011,35864.0,197.00984,-1468.0,-40.77778,-3088.0,-85.77778,2.0
1758076321.56806,31556.0,173.34494,35706.0,196.14189,-2305.0,-64.02778,-3147.0,-87.41666,2.0
1758076321.56881,31689.0,174.07553,35552.0,195.29594,-2846.0,-79.05556,-2984.0,-82.88889,2.0
1758076321.58404,31843.0,174.92149,35410.0,194.5159,-3207.0,-89.08334,-2628.0,-73.0,2.0
1758076321.60011,32011.0,175.84436,35290.0,193.85672,-3402.0,-94.5,-2197.0,-61.02778,2.0
1758076321.60247,32189.0,176.82214,35190.0,193.30739,-3627.0,-100.75,-1816.0,-50.44444,2.0
1758076321.61808,32385.0,177.89883,35103.0,192.82948,-4033.0,-112.02778,-1645.0,-45.69444,2.0
1758076321.61933,32604.0,179.10185,35020.0,192.37355,-4541.0,-126.13889,-1721.0,-47.80556,2.0
1758076321.63568,32852.0,180.46417,34926.0,191.85716,-5160.0,-143.33333,-1967.0,-54.63889,2.0
1758076321.653,33132.0,182.00227,34814.0,191.24193,-5859.0,-162.75,-2374.0,-65.94444,2.0
1758076321.65602,33451.0,183.75464,34683.0,190.52231,-6652.0,-184.77777,-2712.0,-75.33334,2.0
1758076321.67107,33805.0,185.69925,34536.0,189.71481,-7173.0,-199.25,-2999.0,-83.30556,2.0
1758076321.67227,34182.0,187.7702,34381.0,188.86334,-7630.0,-211.94444,-3103.0,-86.19444,2.0
1758076321.68787,34581.0,189.96201,34224.0,188.00092,-8046.0,-223.5,-3040.0,-84.44444,2.0
1758076321.68997,34986.0,192.18678,34074.0,187.17693,-8045.0,-223.47223,-2901.0,-80.58334,2.0
1758076321.7067,35399.0,194.45547,33934.0,186.40788,-8174.0,-227.05556,-2681.0,-74.47222,2.0
1758076321.72292,35809.0,196.70772,33804.0,185.69376,-7943.0,-220.63889,-2483.0,-68.97222,2.0
1758076321.72528,36210.0,198.91049,33686.0,185.04556,-7936.0,-220.44444,-2257.0,-62.69444,2.0
1758076321.74513,36606.0,201.08583,33577.0,184.44678,-7695.0,-213.75,-2078.0,-57.72222,2.0
1758076321.74713,36988.0,203.18423,33478.0,183.90295,-7480.0,-207.77777,-1898.0,-52.72222,2.0
1758076321.76291,37364.0,205.24971,33384.0,183.38658,-7275.0,-202.08333,-1760.0,-48.88889,2.0
1758076321.76582,37718.0,207.19432,33299.0,182.91966,-6855.0,-190.41667,-1657.0,-46.02778,2.0
1758076321.78273,38056.0,209.05106,33219.0,182.48021,-6536.0,-181.55556,-1549.0,-43.02778,2.0
1758076321.78402,38377.0,210.81438,33140.0,182.04622,-6139.0,-170.52777,-1570.0,-43.61111,2.0
1758076321.80194,38677.0,212.46234,33060.0,181.60677,-5806.0,-161.27777,-1637.0,-45.47222,2.0
1758076321.80273,38968.0,214.06088,32973.0,181.12886,-5576.0,-154.88889,-1765.0,-49.02778,2.0
1758076321.81895,39240.0,215.55504,32877.0,180.6015,-5148.0,-143.0,-1967.0,-54.63889,2.0
1758076321.8197,39477.0,216.85695,32780.0,180.06866,-4326.0,-120.16666,-1880.0,-52.22222,2.0
1758076321.83598,39676.0,217.9501,32689.0,179.56877,-3612.0,-100.33334,-1759.0,-48.86111,2.0
1758076321.85296,39841.0,218.85649,32600.0,179.07988,-2989.0,-83.02778,-1744.0,-48.44444,2.0
1758076321.85658,39977.0,219.60356,32508.0,178.57451,-2455.0,-68.19444,-1885.0,-52.36111,2.0
1758076321.87215,40080.0,220.16939,32418.0,178.08011,-1669.0,-46.36111,-1715.0,-47.63889,2.0
1758076321.87299,40142.0,220.50996,32338.0,177.64066,-866.0,-24.05556,-1430.0,-39.72222,2.0
1758076321.88895,40158.0,220.59785,32276.0,177.30006,23.0,0.63889,-1112.0,-30.88889,2.0
1758076321.89312,40153.0,220.57039,32230.0,177.04738,173.0,4.80556,-706.0,-19.61111,2.0
1758076321.90817,40135.0,220.47151,32208.0,176.92653,476.0,13.22222,-210.0,-5.83333,2.0
1758076321.90902,40100.0,220.27925,32211.0,176.94301,858.0,23.83333,154.0,4.27778,2.0
1758076321.92543,40044.0,219.9716,32220.0,176.99245,1332.0,37.0,150.0,4.16667,2.0
1758076321.94276,39958.0,219.49919,32228.0,177.03639,1945.0,54.02778,198.0,5.5,2.0
1758076321.94356,39842.0,218.86198,32244.0,177.12428,2560.0,71.11111,328.0,9.11111,2.0
1758076321.95999,39693.0,218.04349,32265.0,177.23964,3208.0,89.11111,447.0,12.41667,2.0
1758076321.96243,39513.0,217.0547,32286.0,177.355,3826.0,106.27778,402.0,11.16667,2.0
1758076321.97911,39305.0,215.91212,32301.0,177.43739,4327.0,120.19444,180.0,5.0,2.0
1758076321.97977,39071.0,214.62669,32304.0,177.45387,4875.0,135.41667,0.0,0.0,2.0
1758076321.99681,38810.0,213.19296,32305.0,177.45937,5398.0,149.94444,58.0,1.61111,2.0
1758076322.01309,38524.0,211.62187,32315.0,177.5143,5837.0,162.13889,313.0,8.69444,2.0
1758076322.01665,38210.0,209.897,32341.0,177.65714,6502.0,180.61111,672.0,18.66667,2.0
1758076322.03312,37859.0,207.96887,32381.0,177.87686,7254.0,201.5,817.0,22.69444,2.0
1758076322.03667,37481.0,205.89241,32413.0,178.05264,7652.0,212.55556,371.0,10.30556,2.0
1758076322.05225,37109.0,203.84894,32412.0,178.04715,6949.0,193.02777,-233.0,-6.47222,2.0
1758076322.05303,36794.0,202.11856,32393.0,177.94278,5572.0,154.77777,-510.0,-14.16667,2.0
1758076322.06829,36562.0,200.84413,32356.0,177.73953,3835.0,106.52778,-910.0,-25.27778,2.0
1758076322.06906,36419.0,200.05859,32297.0,177.41542,2040.0,56.66667,-1378.0,-38.27778,2.0
1758076322.08502,36360.0,199.7345,32218.0,176.98146,495.0,13.75,-1653.0,-45.91667,2.0
1758076322.10306,36364.0,199.75647,32135.0,176.52551,-283.0,-7.86111,-1609.0,-44.69444,2.0
1758076322.1064,36381.0,199.84985,32067.0,176.15198,-308.0,-8.55556,-1135.0,-31.52778,2.0
1758076322.123,36384.0,199.86633,32027.0,175.93225,92.0,2.55556,-505.0,-14.02778,2.0
1758076322.16758,36373.0,199.80591,32025.0,175.92126,319.0,8.86111,215.0,5.97222,2.0
1758076322.17541,36345.0,199.6521,32045.0,176.03113,787.0,21.86111,516.0,14.33333,2.0
1758076322.17699,36286.0,199.328,32089.0,176.27283,1406.0,39.05556,1180.0,32.77778,2.0
1758076322.17804,36197.0,198.83908,32169.0,176.71228,1959.0,54.41667,1836.0,51.0,2.0
1758076322.18233,36088.0,198.24033,32277.0,177.30556,2281.0,63.36111,2320.0,64.44444,2.0
1758076322.18308,35972.0,197.60312,32399.0,177.97574,2314.0,64.27778,2475.0,68.75,2.0
1758076322.18446,35855.0,196.9604,32524.0,178.6624,2280.0,63.33333,2451.0,68.08334,2.0
1758076322.20345,35741.0,196.33418,32645.0,179.32707,2223.0,61.75,2350.0,65.27778,2.0
1758076322.20457,35625.0,195.69695,32765.0,179.98627,2372.0,65.88889,2419.0,67.19444,2.0
1758076322.22304,35496.0,194.98833,32893.0,180.68939,2706.0,75.16666,2654.0,73.72222,2.0
1758076322.23074,35344.0,194.15335,33044.0,181.51888,3194.0,88.72222,3231.0,89.75,2.0
1758076322.25233,35167.0,193.18105,33230.0,182.54063,3705.0,102.91666,3971.0,110.30556,2.0
1758076322.25314,34972.0,192.10988,33454.0,183.77112,3994.0,110.94444,4799.0,133.30556,2.0
1758076322.25824,34764.0,190.96727,33718.0,185.22134,4198.0,116.61111,5547.0,154.08333,2.0
1758076322.26183,34550.0,189.79172,34015.0,186.85283,4240.0,117.77778,6084.0,169.0,2.0
1758076322.27726,34340.0,188.63812,34340.0,188.63812,4044.0,112.33334,6678.0,185.5,2.0
1758076322.27956,34144.0,187.56145,34690.0,190.56078,3717.0,103.25,7020.0,195.0,2.0
1758076322.29606,33967.0,186.58916,35049.0,192.53285,3310.0,91.94444,7172.0,199.22223,2.0
1758076322.31306,33811.0,185.73221,35414.0,194.53787,2864.0,79.55556,7243.0,201.19444,2.0
1758076322.3139,33680.0,185.0126,35778.0,196.53743,2368.0,65.77778,7075.0,196.52777,2.0
1758076322.33131,33572.0,184.41931,36128.0,198.46005,1912.0,53.11111,6884.0,191.22223,2.0
1758076322.33211,33487.0,183.95239,36473.0,200.35522,1543.0,42.86111,6744.0,187.33333,2.0
1758076322.34732,33419.0,183.57886,36809.0,202.20096,1258.0,34.94444,6577.0,182.69444,2.0
1758076322.34936,33358.0,183.24376,37141.0,204.02472,1204.0,33.44444,6576.0,182.66667,2.0
1758076322.36532,33301.0,182.93065,37470.0,205.83199,1076.0,29.88889,6409.0,178.02777,2.0
1758076322.38219,33244.0,182.61754,37792.0,207.60083,1155.0,32.08333,6356.0,176.55556,2.0
1758076322.38325,33184.0,182.28795,38112.0,209.35867,1185.0,32.91667,6249.0,173.58333,2.0
1758076322.3983,33122.0,181.94734,38424.0,211.07256,1296.0,36.0,6055.0,168.19444,2.0
1758076322.39975,33056.0,181.58479,38723.0,212.71503,1326.0,36.83333,5804.0,161.22223,2.0
1758076322.4161,32986.0,181.20027,39009.0,214.2861,1433.0,39.80556,5520.0,153.33333,2.0
1758076322.43237,32921.0,180.84322,39271.0,215.72533,1167.0,32.41667,4826.0,134.05556,2.0
1758076322.43349,32866.0,180.54108,39495.0,216.95583,1015.0,28.19444,4103.0,113.97222,2.0
1758076322.44996,32815.0,180.26093,39686.0,218.00504,974.0,27.05556,3488.0,96.88889,2.0
1758076322.45329,32773.0,180.03021,39838.0,218.84001,744.0,20.66667,2640.0,73.33334,2.0
1758076322.46998,32742.0,179.85992,39942.0,219.4113,566.0,15.72222,1642.0,45.61111,2.0
1758076322.47362,32721.0,179.74457,39993.0,219.69145,306.0,8.5,540.0,15.0,2.0
1758076322.48837,32712.0,179.69513,39996.0,219.70793,84.0,2.33333,-201.0,-5.58333,2.0
1758076322.49003,32712.0,179.69513,39980.0,219.62004,0.0,0.0,-415.0,-11.52778,2.0
1758076322.50805,32712.0,179.69513,39947.0,219.43877,3.0,0.08333,-824.0,-22.88889,2.0
1758076322.50842,32712.0,179.69513,39895.0,219.15312,0.0,0.0,-1189.0,-33.02778,2.0
1758076322.52533,32713.0,179.70062,39819.0,218.73564,-20.0,-0.55556,-1772.0,-49.22222,2.0
1758076322.54299,32715.0,179.71161,39712.0,218.14786,-42.0,-1.16667,-2381.0,-66.13889,2.0
1758076322.54378,32718.0,179.72809,39572.0,217.37881,-63.0,-1.75,-3056.0,-84.88889,2.0
1758076322.56021,32721.0,179.74457,39398.0,216.42299,-47.0,-1.30556,-3711.0,-103.08334,2.0
1758076322.56178,32722.0,179.75006,39189.0,215.27489,4.0,0.11111,-4319.0,-119.97222,2.0
1758076322.5774,32724.0,179.76105,38953.0,213.97849,-80.0,-2.22222,-4893.0,-135.91667,2.0
1758076322.57944,32735.0,179.82147,38689.0,212.52826,-274.0,-7.61111,-5420.0,-150.55556,2.0
1758076322.59644,32748.0,179.89288,38401.0,210.94621,-161.0,-4.47222,-5898.0,-163.83333,2.0
1758076322.6125,32745.0,179.8764,38086.0,209.21585,198.0,5.5,-6458.0,-179.38889,2.0
1758076322.61321,32729.0,179.78851,37740.0,207.31517,407.0,11.30556,-7129.0,-198.02777,2.0
1758076322.62839,32711.0,179.68964,37365.0,205.2552,296.0,8.22222,-7489.0,-208.02777,2.0
1758076322.62948,32698.0,179.61821,36990.0,203.19522,260.0,7.22222,-7181.0,-199.47223,2.0
1758076322.64523,32674.0,179.48637,36666.0,201.41542,725.0,20.13889,-5772.0,-160.33333,2.0
1758076322.66216,32611.0,179.1403,36411.0,200.01465,1718.0,47.72222,-4456.0,-123.77778,2.0
1758076322.66304,32489.0,178.47014,36226.0,198.99841,2915.0,80.97222,-3000.0,-83.33334,2.0
1758076322.67846,32314.0,177.5088,36111.0,198.36667,3800.0,105.55556,-1711.0,-47.52778,2.0
1758076322.67923,32109.0,176.38269,36054.0,198.05356,4171.0,115.86111,-798.0,-22.16667,2.0
1758076322.69522,31899.0,175.22911,36024.0,197.88876,4026.0,111.83334,-483.0,-13.41667,2.0
1758076322.713,31715.0,174.21835,35998.0,197.74594,3239.0,89.97222,-566.0,-15.72222,2.0
1758076322.71547,31585.0,173.50424,35957.0,197.52071,1997.0,55.47222,-1078.0,-29.94444,2.0
1758076322.7331,31525.0,173.17464,35877.0,197.08125,498.0,13.83333,-1926.0,-53.5,2.0
1758076322.7355,31542.0,173.26802,35758.0,196.42757,-882.0,-24.5,-2674.0,-74.27778,2.0
1758076322.75141,31618.0,173.68552,35611.0,195.62004,-1927.0,-53.52778,-3020.0,-83.88889,2.0
1758076322.75227,31738.0,174.3447,35458.0,194.77959,-2669.0,-74.13889,-3006.0,-83.5,2.0
1758076322.76772,31888.0,175.16869,35313.0,193.98306,-3099.0,-86.08334,-2732.0,-75.88889,2.0
1758076322.76891,32052.0,176.06958,35184.0,193.27443,-3331.0,-92.52778,-2361.0,-65.58334,2.0
1758076322.78452,32224.0,177.01442,35079.0,192.69765,-3463.0,-96.19444,-1834.0,-50.94444,2.0
1758076322.80253,32402.0,177.99222,34998.0,192.2527,-3580.0,-99.44444,-1431.0,-39.75,2.0
1758076322.80403,32592.0,179.03593,34934.0,191.90111,-3858.0,-107.16666,-1171.0,-32.52778,2.0
1758076322.81857,32799.0,180.17303,34875.0,191.57701,-4265.0,-118.47222,-1219.0,-33.86111,2.0
1758076322.82051,33033.0,181.45845,34811.0,191.22545,-4800.0,-133.33333,-1328.0,-36.88889,2.0
1758076322.83741,33296.0,182.90318,34736.0,190.81346,-5494.0,-152.61111,-1627.0,-45.19444,2.0
1758076322.83871,33596.0,184.55115,34646.0,190.31906,-6243.0,-173.41667,-1889.0,-52.47222,2.0
1758076322.85692,33930.0,186.38591,34543.0,189.75327,-6844.0,-190.11111,-2112.0,-58.66667,2.0
1758076322.8725,34295.0,188.39093,34431.0,189.138,-7542.0,-209.5,-2247.0,-62.41667,2.0
1758076322.87332,34691.0,190.56627,34316.0,188.50629,-7939.0,-220.52777,-2286.0,-63.5,2.0
1758076322.88934,35099.0,192.80751,34204.0,187.89105,-8147.0,-226.30556,-2173.0,-60.36111,2.0
1758076322.89008,35517.0,195.10368,34100.0,187.31975,-8300.0,-230.55556,-1993.0,-55.36111,2.0
1758076322.90785,35926.0,197.35042,34006.0,186.80339,-7979.0,-221.63889,-1694.0,-47.05556,2.0
1758076322.91307,36323.0,199.53125,33926.0,186.36394,-7741.0,-215.02777,-1483.0,-41.19444,2.0
1758076322.92932,36703.0,201.61867,33859.0,185.99588,-7253.0,-201.47223,-1224.0,-34.0,2.0
1758076322.93055,37062.0,203.59076,33800.0,185.67178,-7014.0,-194.83333,-1070.0,-29.72222,2.0
1758076322.94785,37404.0,205.46944,33751.0,185.40262,-6516.0,-181.0,-940.0,-26.11111,2.0
1758076322.94932,37720.0,207.20531,33701.0,185.12796,-6074.0,-168.72223,-1067.0,-29.63889,2.0
1758076322.96821,38017.0,208.83682,33645.0,184.82031,-5749.0,-159.69444,-1144.0,-31.77778,2.0
1758076322.97,38297.0,210.37492,33580.0,184.46326,-5325.0,-147.91667,-1408.0,-39.11111,2.0
1758076322.98794,38556.0,211.79767,33502.0,184.03479,-4920.0,-136.66667,-1645.0,-45.69444,2.0
1758076322.99316,38795.0,213.11057,33410.0,183.52942,-4546.0,-126.27778,-1960.0,-54.44444,2.0
1758076323.00939,39015.0,214.31906,33305.0,182.95262,-4103.0,-113.97222,-2203.0,-61.19444,2.0
1758076323.01011,39207.0,215.37376,33187.0,182.30443,-3521.0,-97.80556,-2429.0,-67.47222,2.0
1758076323.02731,39361.0,216.21974,33066.0,181.63972,-2688.0,-74.66666,-2363.0,-65.63889,2.0
1758076323.02937,39472.0,216.82948,32946.0,180.98055,-1865.0,-51.80556,-2353.0,-65.36111,2.0
1758076323.04739,39546.0,217.23598,32825.0,180.31586,-1123.0,-31.19444,-2459.0,-68.30556,2.0
1758076323.06261,39582.0,217.43375,32705.0,179.65668,-343.0,-9.52778,-2288.0,-63.55556,2.0
1758076323.0633,39580.0,217.42276,32596.0,179.05791,171.0,4.75,-2024.0,-56.22222,2.0
1758076323.08019,39561.0,217.31839,32503.0,178.54704,528.0,14.66667,-1685.0,-46.80556,2.0
1758076323.08107,39521.0,217.09865,32432.0,178.15701,1030.0,28.61111,-1201.0,-33.36111,2.0
1758076323.09664,39451.0,216.71413,32384.0,177.89334,1603.0,44.52778,-772.0,-21.44444,2.0
1758076323.11256,39350.0,216.15932,32358.0,177.75052,2297.0,63.80556,-268.0,-7.44444,2.0
1758076323.11335,39216.0,215.4232,32358.0,177.75052,2899.0,80.52778,107.0,2.97222,2.0
1758076323.13266,39052.0,214.52232,32364.0,177.78348,3483.0,96.75,120.0,3.33333,2.0
1758076323.13335,38864.0,213.48959,32369.0,177.81094,3908.0,108.55556,70.0,1.94444,2.0
1758076323.14949,38654.0,212.336,32378.0,177.86038,4350.0,120.83334,251.0,6.97222,2.0
1758076323.15011,38419.0,211.04509,32401.0,177.98672,4910.0,136.38889,644.0,17.88889,2.0
1758076323.16569,38149.0,209.56192,32445.0,178.22842,5603.0,155.63889,1011.0,28.08333,2.0
1758076323.1824,37848.0,207.90845,32498.0,178.51958,6230.0,173.05556,1040.0,28.88889,2.0
1758076323.18761,37513.0,206.06822,32538.0,178.7393,6869.0,190.80556,474.0,13.16667,2.0
1758076323.20304,37174.0,204.20599,32539.0,178.7448,6413.0,178.13889,-233.0,-6.47222,2.0
1758076323.20344,36884.0,202.61295,32522.0,178.65141,5115.0,142.08333,-465.0,-12.91667,2.0
1758076323.21973,36667.0,201.42091,32488.0,178.46465,3623.0,100.63889,-854.0,-23.72222,2.0
1758076323.22306,36525.0,200.64088,32429.0,178.14053,2150.0,59.72222,-1397.0,-38.80556,2.0
1758076323.23951,36455.0,200.25635,32345.0,177.67911,820.0,22.77778,-1803.0,-50.08333,2.0
1758076323.24022,36445.0,200.20142,32249.0,177.15175,-139.0,-3.86111,-1884.0,-52.33333,2.0
1758076323.25568,36453.0,200.24536,32161.0,176.66833,-141.0,-3.91667,-1581.0,-43.91667,2.0
1758076323.27162,36455.0,200.25635,32097.0,176.31677,36.0,1.0,-977.0,-27.13889,2.0
1758076323.27243,36450.0,200.22888,32069.0,176.16296,152.0,4.22222,-181.0,-5.02778,2.0
1758076323.28762,36436.0,200.15198,32077.0,176.20691,389.0,10.80556,220.0,6.11111,2.0
1758076323.28889,36407.0,199.99268,32096.0,176.31128,699.0,19.41667,531.0,14.75,2.0
1758076323.30555,36363.0,199.75098,32133.0,176.51453,931.0,25.86111,890.0,24.72222,2.0
1758076323.32247,36314.0,199.48181,32186.0,176.80566,1016.0,28.22222,1118.0,31.05556,2.0
1758076323.32322,36258.0,199.17419,32251.0,177.16273,1199.0,33.30556,1431.0,39.75,2.0
1758076323.34202,36187.0,198.78415,32333.0,177.61319,1509.0,41.91667,1751.0,48.63889,2.0
1758076323.34266,36096.0,198.28427,32438.0,178.18997,2048.0,56.88889,2306.0,64.05556,2.0
1758076323.35974,35978.0,197.63608,32574.0,178.93706,2580.0,71.66666,2959.0,82.19444,2.0
1758076323.36021,35828.0,196.81209,32743.0,179.86542,3227.0,89.63889,3660.0,101.66666,2.0
1758076323.3757,35649.0,195.82878,32947.0,180.98604,3796.0,105.44444,4319.0,119.97222,2.0
1758076323.39173,35444.0,194.70267,33180.0,182.26598,4233.0,117.58334,4823.0,133.97223,2.0
1758076323.39247,35225.0,193.49966,33435.0,183.66675,4395.0,122.08334,5215.0,144.86111,2.0
1758076323.4076,35005.0,192.29115,33705.0,185.14993,4287.0,119.08334,5489.0,152.47223,2.0
1758076323.41282,34795.0,191.13756,33987.0,186.69902,4064.0,112.88889,5614.0,155.94444,2.0
1758076323.42875,34598.0,190.05539,34277.0,188.29205,3725.0,103.47222,5832.0,162.0,2.0
1758076323.4295,34417.0,189.0611,34582.0,189.9675,3428.0,95.22222,6166.0,171.27777,2.0
1758076323.44466,34252.0,188.15472,34898.0,191.70335,3138.0,87.16666,6286.0,174.61111,2.0
1758076323.46234,34103.0,187.33623,35223.0,193.48868,2846.0,79.05556,6542.0,181.72223,2.0
1758076323.4631,33967.0,186.58916,35559.0,195.3344,2515.0,69.86111,6706.0,186.27777,2.0
1758076323.47878,33849.0,185.94095,35900.0,197.2076,2188.0,60.77778,6750.0,187.5,2.0
1758076323.47953,33748.0,185.38614,36242.0,199.0863,1839.0,51.08333,6773.0,188.13889,2.0
1758076323.49547,33666.0,184.9357,36582.0,200.95399,1504.0,41.77778,6648.0,184.66667,2.0
1758076323.51255,33597.0,184.55664,36913.0,202.77225,1207.0,33.52778,6473.0,179.80556,2.0
1758076323.51332,33544.0,184.2655,37240.0,204.56854,950.0,26.38889,6433.0,178.69444,2.0
1758076323.52872,33498.0,184.01282,37560.0,206.3264,882.0,24.5,6187.0,171.86111,2.0
1758076323.52957,33460.0,183.80408,37867.0,208.01282,647.0,17.97222,6006.0,166.83333,2.0
1758076323.54483,33427.0,183.6228,38171.0,209.68277,660.0,18.33333,5935.0,164.86111,2.0
1758076323.56236,33392.0,183.43053,38464.0,211.29228,746.0,20.72222,5682.0,157.83333,2.0
1758076323.56332,33348.0,183.18883,38746.0,212.84137,917.0,25.47222,5493.0,152.58333,2.0
1758076323.57992,33301.0,182.93065,39020.0,214.34653,976.0,27.11111,5320.0,147.77777,2.0
1758076323.58288,33246.0,182.62852,39284.0,215.79674,1154.0,32.05556,4981.0,138.36111,2.0
1758076323.59876,33192.0,182.33189,39518.0,217.08217,970.0,26.94444,4299.0,119.41666,2.0
1758076323.60076,33148.0,182.09016,39716.0,218.16983,852.0,23.66667,3606.0,100.16666,2.0
1758076323.61576,33110.0,181.88142,39873.0,219.03227,659.0,18.30556,2661.0,73.91666,2.0
1758076323.63293,33088.0,181.76057,39978.0,219.60905,289.0,8.02778,1621.0,45.02778,2.0
1758076323.63334,33082.0,181.72762,40031.0,219.90019,0.0,0.0,670.0,18.61111,2.0
1758076323.64885,33084.0,181.7386,40038.0,219.93864,0.0,0.0,-151.0,-4.19444,2.0
1758076323.64958,33082.0,181.72762,40025.0,219.86723,47.0,1.30556,-285.0,-7.91667,2.0
1758076323.66557,33079.0,181.71114,40009.0,219.77934,95.0,2.63889,-397.0,-11.02778,2.0
1758076323.6826,33072.0,181.67268,39978.0,219.60905,174.0,4.83333,-781.0,-21.69444,2.0
1758076323.68378,33062.0,181.61775,39924.0,219.31242,208.0,5.77778,-1249.0,-34.69444,2.0
1758076323.69887,33052.0,181.56282,39847.0,218.88945,232.0,6.44444,-1726.0,-47.94444,2.0
1758076323.69999,33039.0,181.49141,39742.0,218.31265,255.0,7.08333,-2321.0,-64.47222,2.0
1758076323.71489,33027.0,181.42549,39607.0,217.57108,223.0,6.19444,-2906.0,-80.72222,2.0
1758076323.73161,33017.0,181.37056,39443.0,216.67018,169.0,4.69444,-3465.0,-96.25,2.0
1758076323.73236,33012.0,181.34309,39249.0,215.60448,98.0,2.72222,-4093.0,-113.69444,2.0
1758076323.74789,33008.0,181.32112,39023.0,214.36301,78.0,2.16667,-4761.0,-132.25,2.0
1758076323.74905,33002.0,181.28816,38765.0,212.94574,190.0,5.27778,-5295.0,-147.08333,2.0
1758076323.76484,32983.0,181.18379,38483.0,211.39665,497.0,13.80556,-5767.0,-160.19444,2.0
1758076323.78271,32953.0,181.019,38170.0,209.67728,625.0,17.36111,-6558.0,-182.16667,2.0
1758076323.78312,32919.0,180.83223,37816.0,207.73267,704.0,19.55556,-7253.0,-201.47223,2.0
1758076323.79891,32885.0,180.64545,37449.0,205.71663,677.0,18.80556,-7176.0,-199.33333,2.0
1758076323.79961,32844.0,180.42023,37104.0,203.82147,978.0,27.16667,-6412.0,-178.11111,2.0
1758076323.816,32774.0,180.03571,36814.0,202.22842,1751.0,48.63889,-5206.0,-144.61111,2.0
1758076323.83187,32652.0,179.36552,36586.0,200.97597,2910.0,80.83334,-4010.0,-111.38889,2.0
1758076323.83301,32475.0,178.39323,36415.0,200.03662,3934.0,109.27778,-2912.0,-80.88889,2.0
1758076323.84785,32256.0,177.1902,36296.0,199.38293,4468.0,124.11111,-1994.0,-55.38889,2.0
1758076323.84906,32029.0,175.94324,36212.0,198.92148,4474.0,124.27778,-1486.0,-41.27778,2.0
1758076323.86478,31814.0,174.76219,36134.0,198.49301,4024.0,111.77778,-1593.0,-44.25,2.0
1758076323.88089,31638.0,173.79538,36043.0,197.99313,2998.0,83.27778,-2015.0,-55.97222,2.0
1758076323.88173,31523.0,173.16365,35924.0,197.33943,1704.0,47.33333,-2606.0,-72.38889,2.0
1758076323.89761,31479.0,172.92195,35778.0,196.53743,275.0,7.63889,-3073.0,-85.36111,2.0
1758076323.89962,31493.0,172.99886,35613.0,195.63103,-652.0,-18.11111,-3355.0,-93.19444,2.0
1758076323.91666,31547.0,173.29549,35442.0,194.69168,-1363.0,-37.86111,-3379.0,-93.86111,2.0
1758076323.93297,31631.0,173.75693,35274.0,193.76883,-1858.0,-51.61111,-3193.0,-88.69444,2.0
1758076323.93371,31737.0,174.3392,35122.0,192.93385,-2248.0,-62.44444,-2865.0,-79.58334,2.0
1758076323.95319,31863.0,175.03136,34988.0,192.19777,-2629.0,-73.02778,-2515.0,-69.86111,2.0
1758076323.95369,32006.0,175.81689,34869.0,191.54405,-3002.0,-83.38889,-2272.0,-63.11111,2.0
1758076323.96978,32171.0,176.72327,34757.0,190.92882,-3472.0,-96.44444,-2203.0,-61.19444,2.0
1758076323.97222,32366.0,177.79446,34642.0,190.29709,-4144.0,-115.11111,-2361.0,-65.58334,2.0
1758076323.98781,32599.0,179.07439,34518.0,189.61594,-4937.0,-137.13889,-2548.0,-70.77778,2.0
1758076323.98988,32872.0,180.57404,34381.0,188.86334,-5667.0,-157.41667,-2802.0,-77.83334,2.0
1758076324.03042,33180.0,182.26598,34233.0,188.05035,-6415.0,-178.19444,-2965.0,-82.36111,2.0
1758076324.03139,33525.0,184.16113,34080.0,187.20988,-7128.0,-198.0,-3068.0,-85.22222,2.0
1758076324.03222,33901.0,186.22659,33926.0,186.36394,-7608.0,-211.33333,-3026.0,-84.05556,2.0
1758076324.03322,34298.0,188.40741,33776.0,185.53995,-8066.0,-224.05556,-2867.0,-79.63889,2.0
1758076324.05266,34713.0,190.68712,33636.0,184.77087,-8196.0,-227.66667,-2645.0,-73.47222,2.0
1758076324.05347,35129.0,192.97231,33512.0,184.08972,-8244.0,-229.0,-2299.0,-63.86111,2.0
1758076324.07312,35550.0,195.28496,33405.0,183.50194,-8242.0,-228.94444,-1943.0,-53.97222,2.0
1758076324.07367,35958.0,197.5262,33319.0,183.02953,-8000.0,-222.22223,-1533.0,-42.58333,2.0
1758076324.09313,36359.0,199.729,33251.0,182.65599,-7865.0,-218.47223,-1161.0,-32.25,2.0
1758076324.09647,36746.0,201.85489,33199.0,182.37035,-7474.0,-207.61111,-939.0,-26.08333,2.0
1758076324.11265,37122.0,203.92035,33157.0,182.13963,-7388.0,-205.22223,-727.0,-20.19444,2.0
1758076324.11347,37487.0,205.92537,33125.0,181.96382,-7047.0,-195.75,-573.0,-15.91667,2.0
1758076324.129,37833.0,207.82605,33101.0,181.83199,-6695.0,-185.97223,-502.0,-13.94444,2.0
1758076324.12984,38168.0,209.66629,33072.0,181.67268,-6517.0,-181.02777,-620.0,-17.22222,2.0
1758076324.14499,38488.0,211.42412,33033.0,181.45845,-6184.0,-171.77777,-845.0,-23.47222,2.0
1758076324.16166,38793.0,213.09958,32987.0,181.20576,-5897.0,-163.80556,-984.0,-27.33333,2.0
1758076324.16272,39077.0,214.65965,32938.0,180.9366,-5328.0,-148.0,-956.0,-26.55556,2.0
1758076324.17799,39323.0,216.011,32889.0,180.66742,-4522.0,-125.61111,-975.0,-27.08333,2.0
1758076324.17999,39527.0,217.13161,32847.0,180.43671,-3612.0,-100.33334,-731.0,-20.30556,2.0
1758076324.19666,39682.0,217.98306,32814.0,180.25543,-2606.0,-72.38889,-578.0,-16.05556,2.0
1758076324.21293,39787.0,218.55984,32788.0,180.11261,-1662.0,-46.16667,-453.0,-12.58333,2.0
1758076324.2141,39844.0,218.87297,32770.0,180.01373,-752.0,-20.88889,-326.0,-9.05556,2.0
1758076324.23221,39861.0,218.96635,32754.0,179.92584,-66.0,-1.83333,-321.0,-8.91667,2.0
1758076324.23292,39860.0,218.96086,32739.0,179.84344,0.0,0.0,-296.0,-8.22222,2.0
1758076324.25164,39859.0,218.95537,32724.0,179.76105,18.0,0.5,-328.0,-9.11111,2.0
1758076324.25207,39856.0,218.93889,32704.0,179.65118,65.0,1.80556,-413.0,-11.47222,2.0
1758076324.26785,39848.0,218.89494,32681.0,179.52483,271.0,7.52778,-444.0,-12.33333,2.0
1758076324.2699,39820.0,218.74113,32661.0,179.41496,782.0,21.72222,-278.0,-7.72222,2.0
1758076324.28717,39761.0,218.41702,32657.0,179.39299,1453.0,40.36111,53.0,1.47222,2.0
1758076324.30295,39665.0,217.88968,32662.0,179.42046,2208.0,61.33333,98.0,2.72222,2.0
1758076324.30416,39531.0,217.15358,32669.0,179.45891,2990.0,83.05556,174.0,4.83333,2.0
1758076324.31979,39358.0,216.20326,32678.0,179.50835,3781.0,105.02778,208.0,5.77778,2.0
1758076324.32053,39139.0,215.00023,32695.0,179.60173,4731.0,131.41667,451.0,12.52778,2.0
1758076324.33703,38870.0,213.52255,32731.0,179.7995,5751.0,159.75,949.0,26.36111,2.0
1758076324.35301,38554.0,211.78668,32797.0,180.16205,6602.0,183.38889,1463.0,40.63889,2.0
1758076324.35377,38196.0,209.8201,32872.0,180.57404,7453.0,207.02777,1367.0,37.97222,2.0
1758076324.36989,37794.0,207.61182,32919.0,180.83223,8223.0,228.41667,532.0,14.77778,2.0
1758076324.37106,37386.0,205.37056,32918.0,180.82674,7715.0,214.30556,-313.0,-8.69444,2.0
1758076324.38605,37025.0,203.38751,32893.0,180.68939,6569.0,182.47223,-687.0,-19.08333,2.0
1758076324.40203,36744.0,201.8439,32842.0,180.40924,4780.0,132.77777,-1359.0,-37.75,2.0
1758076324.40279,36552.0,200.7892,32746.0,179.8819,3093.0,85.91666,-2272.0,-63.11111,2.0
1758076324.41801,36436.0,200.15198,32611.0,179.1403,1674.0,46.5,-2909.0,-80.80556,2.0
1758076324.4224,36380.0,199.84436,32456.0,178.28886,755.0,20.97222,-3104.0,-86.22222,2.0
1758076324.43844,36359.0,199.729,32307.0,177.47035,254.0,7.05556,-2781.0,-77.25,2.0
1758076324.4409,36348.0,199.66858,32185.0,176.80017,281.0,7.80556,-2044.0,-56.77778,2.0
1758076324.45727,36320.0,199.51477,32109.0,176.38269,783.0,21.75,-1016.0,-28.22222,2.0
1758076324.47304,36259.0,199.17969,32094.0,176.30029,1528.0,42.44444,263.0,7.30556,2.0
1758076324.47385,36161.0,198.64133,32127.0,176.48157,2185.0,60.69444,944.0,26.22222,2.0
1758076324.48908,36040.0,197.97665,32192.0,176.83864,2464.0,68.44444,1489.0,41.36111,2.0
1758076324.48982,35912.0,197.27351,32279.0,177.31654,2549.0,70.80556,1871.0,51.97222,2.0
1758076324.50506,35784.0,196.57039,32376.0,177.8494,2478.0,68.83334,1958.0,54.38889,2.0
1758076324.52104,35657.0,195.87273,32477.0,178.40422,2477.0,68.80556,2024.0,56.22222,2.0
1758076324.52184,35527.0,195.15862,32587.0,179.00847,2647.0,73.52778,2314.0,64.27778,2.0
1758076324.53707,35382.0,194.36209,32721.0,179.74457,3032.0,84.22222,2926.0,81.27778,2.0
1758076324.55307,35216.0,193.45023,32893.0,180.68939,3515.0,97.63889,3739.0,103.86111,2.0
1758076324.5554,35025.0,192.40102,33111.0,181.88692,3943.0,109.52778,4665.0,129.58333,2.0
1758076324.57288,34817.0,191.25841,33372.0,183.32066,4207.0,116.86111,5500.0,152.77777,2.0
1758076324.57325,34601.0,190.07187,33674.0,184.97964,4260.0,118.33334,6261.0,173.91667,2.0
1758076324.58905,34388.0,188.90179,34005.0,186.7979,4082.0,113.38889,6733.0,187.02777,2.0
1758076324.58983,34193.0,187.83063,34366.0,188.78094,3618.0,100.5,7299.0,202.75,2.0
1758076324.6067,34023.0,186.89677,34747.0,190.87389,3152.0,87.55556,7642.0,212.27777,2.0
1758076324.62305,33879.0,186.10574,35140.0,193.03273,2640.0,73.33334,7807.0,216.86111,2.0
1758076324.62373,33762.0,185.46304,35543.0,195.24651,2088.0,58.0,8049.0,223.58333,2.0
1758076324.63902,33671.0,184.96317,35945.0,197.45479,1583.0,43.97222,7907.0,219.63889,2.0
1758076324.64085,33603.0,184.5896,36343.0,199.64111,1146.0,31.83333,7840.0,217.77777,2.0
1758076324.6571,33557.0,184.33691,36735.0,201.79445,739.0,20.52778,7587.0,210.75,2.0
1758076324.6731,33526.0,184.16663,37117.0,203.89288,556.0,15.44444,7599.0,211.08333,2.0
1758076324.67368,33499.0,184.01831,37497.0,205.9803,511.0,14.19444,7411.0,205.86111,2.0
1758076324.69073,33479.0,183.90845,37865.0,208.00183,343.0,9.52778,7156.0,198.77777,2.0
1758076324.6917,33465.0,183.83154,38225.0,209.9794,240.0,6.66667,7064.0,196.22223,2.0
1758076324.70794,33449.0,183.74365,38571.0,211.88007,371.0,10.30556,6647.0,184.63889,2.0
1758076324.71346,33426.0,183.61731,38903.0,213.70383,551.0,15.30556,6531.0,181.41667,2.0
1758076324.73345,33392.0,183.43053,39224.0,215.46715,757.0,21.02778,6138.0,170.5,2.0
1758076324.73391,33353.0,183.21629,39515.0,217.06569,693.0,19.25,5427.0,150.75,2.0
1758076324.75101,33323.0,183.0515,39771.0,218.47195,512.0,14.22222,4766.0,132.38889,2.0
1758076324.75146,33304.0,182.94713,39985.0,219.64751,303.0,8.41667,3805.0,105.69444,2.0
1758076324.76719,33296.0,182.90318,40145.0,220.52644,47.0,1.30556,2694.0,74.83334,2.0
1758076324.7829,33297.0,182.90868,40252.0,221.11421,0.0,0.0,1651.0,45.86111,2.0
1758076324.78384,33297.0,182.90868,40308.0,221.42183,1.0,0.02778,732.0,20.33333,2.0
1758076324.7999,33297.0,182.90868,40320.0,221.48776,26.0,0.72222,-87.0,-2.41667,2.0
1758076324.80137,33296.0,182.90318,40307.0,221.41634,21.0,0.58333,-401.0,-11.13889,2.0
1758076324.81722,33295.0,182.89769,40276.0,221.24605,14.0,0.38889,-770.0,-21.38889,2.0
1758076324.83314,33296.0,182.90318,40222.0,220.94942,-4.0,-0.11111,-1314.0,-36.5,2.0
1758076324.83387,33297.0,182.90868,40138.0,220.48799,-15.0,-0.41667,-1846.0,-51.27778,2.0
1758076324.85316,33298.0,182.91417,40026.0,219.87273,-29.0,-0.80556,-2505.0,-69.58334,2.0
1758076324.85393,33299.0,182.91966,39882.0,219.08171,0.0,0.0,-3077.0,-85.47222,2.0
1758076324.87003,33298.0,182.91417,39710.0,218.13687,13.0,0.36111,-3598.0,-99.94444,2.0
1758076324.87199,33299.0,182.91966,39516.0,217.07118,-36.0,-1.0,-4034.0,-112.05556,2.0
1758076324.88724,33305.0,182.95262,39298.0,215.87367,-228.0,-6.33333,-4559.0,-126.63889,2.0
1758076324.90295,33329.0,183.08446,39047.0,214.49486,-637.0,-17.69444,-5274.0,-146.5,2.0
1758076324.90464,33366.0,183.2877,38761.0,212.92377,-655.0,-18.19444,-5908.0,-164.11111,2.0
1758076324.92186,33388.0,183.40855,38444.0,211.18242,-204.0,-5.66667,-6552.0,-182.0,2.0
1758076324.92259,33387.0,183.40306,38083.0,209.19937,111.0,3.08333,-7463.0,-207.30556,2.0
1758076324.93822,33382.0,183.3756,37684.0,207.00755,67.0,1.86111,-7948.0,-220.77777,2.0
1758076324.93908,33377.0,183.34813,37294.0,204.86519,145.0,4.02778,-7504.0,-208.44444,2.0
1758076324.95424,33359.0,183.24925,36946.0,202.95352,623.0,17.30556,-6257.0,-173.80556,2.0
1758076324.97199,33301.0,182.93065,36667.0,201.42091,1614.0,44.83333,-4947.0,-137.41667,2.0
1758076324.9728,33181.0,182.27147,36454.0,200.25085,2965.0,82.36111,-3633.0,-100.91666,2.0
1758076324.98819,32994.0,181.24422,36308.0,199.44885,4211.0,116.97222,-2265.0,-62.91667,2.0
1758076324.98902,32752.0,179.91486,36229.0,199.01489,5139.0,142.75,-1074.0,-29.83333,2.0
1758076325.00425,32480.0,178.4207,36197.0,198.83908,5478.0,152.16667,-374.0,-10.38889,2.0
1758076325.02028,32211.0,176.94301,36186.0,198.77866,5124.0,142.33333,-204.0,-5.66667,2.0
1758076325.02222,31972.0,175.63013,36169.0,198.68527,4419.0,122.75,-444.0,-12.33333,2.0
1758076325.03727,31774.0,174.54245,36135.0,198.4985,3508.0,97.44444,-836.0,-23.22222,2.0
1758076325.05258,31629.0,173.74594,36079.0,198.19089,2387.0,66.30556,-1317.0,-36.58333,2.0
1758076325.05381,31538.0,173.24605,35999.0,197.75143,1351.0,37.52778,-1770.0,-49.16667,2.0
1758076325.07005,31500.0,173.03731,35902.0,197.21858,294.0,8.16667,-1999.0,-55.52778,2.0
1758076325.0716,31504.0,173.05928,35804.0,196.68025,-256.0,-7.11111,-1858.0,-51.61111,2.0
1758076325.08723,31524.0,173.16914,35720.0,196.21883,-392.0,-10.88889,-1426.0,-39.61111,2.0
1758076325.10272,31542.0,173.26802,35665.0,195.91667,-261.0,-7.25,-792.0,-22.0,2.0
1758076325.10431,31550.0,173.31197,35642.0,195.79033,-95.0,-2.63889,-223.0,-6.19444,2.0
1758076325.12003,31552.0,173.32297,35640.0,195.77934,-28.0,-0.77778,0.0,0.0,2.0
1758076325.12207,31556.0,173.34494,35640.0,195.77934,-128.0,-3.55556,-9.0,-0.25,2.0
1758076325.13728,31569.0,173.41635,35637.0,195.76286,-395.0,-10.97222,-118.0,-3.27778,2.0
1758076325.15277,31608.0,173.63058,35622.0,195.68047,-1099.0,-30.52778,-464.0,-12.88889,2.0
1758076325.15345,31689.0,174.07553,35581.0,195.45525,-2037.0,-56.58333,-1121.0,-31.13889,2.0
1758076325.1701,31822.0,174.80614,35496.0,194.98833,-3115.0,-86.52778,-2109.0,-58.58333,2.0
1758076325.17086,32008.0,175.82788,35363.0,194.25772,-4089.0,-113.58334,-2991.0,-83.08334,2.0
1758076325.18631,32239.0,177.09682,35190.0,193.30739,-4931.0,-136.97223,-3702.0,-102.83334,2.0
1758076325.20169,32507.0,178.56902,34990.0,192.20876,-5607.0,-155.75,-4147.0,-115.19444,2.0
1758076325.20291,32807.0,180.21698,34775.0,191.02769,-5993.0,-166.47223,-4335.0,-120.41666,2.0
1758076325.21885,33116.0,181.91438,34555.0,189.81918,-6167.0,-171.30556,-4353.0,-120.91666,2.0
1758076325.22165,33437.0,183.67773,34343.0,188.6546,-6454.0,-179.27777,-4050.0,-112.5,2.0
1758076325.23732,33765.0,185.47952,34152.0,187.60539,-6478.0,-179.94444,-3548.0,-98.55556,2.0
1758076325.25308,34094.0,187.28679,33986.0,186.69353,-6552.0,-182.0,-3051.0,-84.75,2.0
1758076325.2535,34429.0,189.12701,33843.0,185.90799,-6674.0,-185.38889,-2631.0,-73.08334,2.0
1758076325.26928,34768.0,190.98924,33722.0,185.24332,-6660.0,-185.0,-2219.0,-61.63889,2.0
1758076325.27067,35107.0,192.85146,33619.0,184.67749,-6755.0,-187.63889,-1837.0,-51.02778,2.0
1758076325.28525,35458.0,194.77959,33533.0,184.20508,-7053.0,-195.91667,-1562.0,-43.38889,2.0
1758076325.30219,35814.0,196.73518,33462.0,183.81506,-7025.0,-195.13889,-1315.0,-36.52778,2.0
1758076325.30293,36179.0,198.7402,33400.0,183.47447,-7345.0,-204.02777,-1096.0,-30.44444,2.0
1758076325.31836,36553.0,200.79469,33353.0,183.21629,-7393.0,-205.36111,-875.0,-24.30556,2.0
1758076325.31993,36929.0,202.86014,33313.0,182.99657,-7477.0,-207.69444,-746.0,-20.72222,2.0
1758076325.33535,37312.0,204.96407,33279.0,182.8098,-7617.0,-211.58333,-606.0,-16.83333,2.0
1758076325.35136,37689.0,207.03502,33257.0,182.68895,-7355.0,-204.30556,-377.0,-10.47222,2.0
1758076325.35262,38061.0,209.07852,33240.0,182.59557,-7315.0,-203.19444,-296.0,-8.22222,2.0
1758076325.36733,38428.0,211.09453,33222.0,182.49669,-7143.0,-198.41667,-381.0,-10.58333,2.0
1758076325.38305,38783.0,213.04462,33197.0,182.35936,-6934.0,-192.61111,-553.0,-15.36111,2.0
1758076325.38345,39129.0,214.9453,33164.0,182.17809,-6701.0,-186.13889,-714.0,-19.83333,2.0
1758076325.39937,39441.0,216.65919,33134.0,182.01326,-5761.0,-160.02777,-497.0,-13.80556,2.0
1758076325.401,39713.0,218.15335,33112.0,181.89241,-5052.0,-140.33333,-376.0,-10.44444,2.0
1758076325.41633,39945.0,219.42778,33094.0,181.79353,-4169.0,-115.80556,-287.0,-7.97222,2.0
1758076325.43276,40127.0,220.42757,33083.0,181.73311,-3145.0,-87.36111,-209.0,-5.80556,2.0
1758076325.43331,40254.0,221.1252,33077.0,181.70015,-2090.0,-58.05556,-41.0,-1.13889,2.0
1758076325.4494,40329.0,221.5372,33077.0,181.70015,-1048.0,-29.11111,-18.0,-0.5,2.0
1758076325.45298,40356.0,221.68552,33075.0,181.68916,-173.0,-4.80556,-66.0,-1.83333,2.0
1758076325.46841,40353.0,221.66904,33068.0,181.65071,75.0,2.08333,-225.0,-6.25,2.0
1758076325.4692,40346.0,221.63058,33052.0,181.56282,198.0,5.5,-371.0,-10.30556,2.0
1758076325.48517,40327.0,221.52621,33034.0,181.46394,513.0,14.25,-300.0,-8.33333,2.0
1758076325.5022,40289.0,221.31746,33023.0,181.40352,971.0,26.97222,-191.0,-5.30556,2.0
1758076325.50338,40223.0,220.95491,33018.0,181.37605,1520.0,42.22222,0.0,0.0,2.0
1758076325.51883,40128.0,220.43306,33021.0,181.39253,2148.0,59.66667,23.0,0.63889,2.0
1758076325.52042,39999.0,219.72441,33021.0,181.39253,2875.0,79.86111,0.0,0.0,2.0
1758076325.53534,39834.0,218.81804,33023.0,181.40352,3521.0,97.80556,79.0,2.19444,2.0
1758076325.55221,39632.0,217.7084,33031.0,181.44746,4255.0,118.19444,245.0,6.80556,2.0
1758076325.55306,39395.0,216.40651,33055.0,181.5793,5015.0,139.30556,637.0,17.69444,2.0
1758076325.56837,39115.0,214.86839,33097.0,181.81001,5919.0,164.41667,996.0,27.66667,2.0
1758076325.56919,38790.0,213.0831,33164.0,182.17809,6773.0,188.13889,1556.0,43.22222,2.0
1758076325.58443,38430.0,211.10551,33242.0,182.60655,7406.0,205.72223,1367.0,37.97222,2.0
1758076325.60043,38029.0,208.90274,33292.0,182.88121,8242.0,228.94444,604.0,16.77778,2.0
1758076325.60209,37608.0,206.59007,33296.0,182.90318,8102.0,225.05556,-229.0,-6.36111,2.0
1758076325.61749,37218.0,204.44769,33282.0,182.82628,7403.0,205.63889,-316.0,-8.77778,2.0
1758076325.63322,36882.0,202.60196,33257.0,182.68895,5951.0,165.30556,-688.0,-19.11111,2.0
1758076325.6337,36627.0,201.20119,33202.0,182.38683,4359.0,121.08334,-1447.0,-40.19444,2.0
1758076325.64949,36446.0,200.20691,33108.0,181.87044,2985.0,82.91666,-2140.0,-59.44444,2.0
1758076325.65076,36329.0,199.56421,32985.0,181.19478,1824.0,50.66667,-2619.0,-72.75,2.0
1758076325.66544,36264.0,199.20715,32849.0,180.44769,969.0,26.91667,-2685.0,-74.58334,2.0
1758076325.68144,36226.0,198.99841,32719.0,179.73358,595.0,16.52778,-2400.0,-66.66666,2.0
1758076325.68223,36203.0,198.87204,32615.0,179.16228,435.0,12.08333,-1729.0,-48.02778,2.0
1758076325.6975,36174.0,198.71274,32552.0,178.81621,722.0,20.05556,-855.0,-23.75,2.0
1758076325.69822,36124.0,198.43808,32535.0,178.72282,1203.0,33.41667,20.0,0.55556,2.0
1758076325.71617,36050.0,198.03159,32545.0,178.77776,1570.0,43.61111,183.0,5.08333,2.0
1758076325.73302,35965.0,197.56465,32550.0,178.80522,1726.0,47.94444,0.0,0.0,2.0
1758076325.7339,35878.0,197.08675,32550.0,178.80522,1684.0,46.77778,0.0,0.0,2.0
1758076325.74947,35795.0,196.63081,32550.0,178.80522,1577.0,43.80556,0.0,0.0,2.0
1758076325.75062,35716.0,196.19685,32550.0,178.80522,1597.0,44.36111,0.0,0.0,2.0
1758076325.76543,35633.0,195.74089,32550.0,178.80522,1733.0,48.13889,9.0,0.25,2.0
1758076325.78311,35535.0,195.20256,32555.0,178.83269,2102.0,58.38889,200.0,5.55556,2.0
1758076325.78424,35414.0,194.53787,32580.0,178.97002,2620.0,72.77778,773.0,21.47222,2.0
1758076325.79946,35264.0,193.7139,32645.0,179.32707,3213.0,89.25,1680.0,46.66667,2.0
1758076325.80064,35084.0,192.72511,32756.0,179.93683,3794.0,105.38889,2590.0,71.94444,2.0
1758076325.81547,34880.0,191.60448,32910.0,180.78279,4151.0,115.30556,3396.0,94.33334,2.0
1758076325.83159,34663.0,190.41245,33100.0,181.82649,4354.0,120.94444,3975.0,110.41666,2.0
1758076325.83229,34442.0,189.19846,33315.0,183.00755,4287.0,119.08334,4418.0,122.72222,2.0
1758076325.84747,34234.0,188.05585,33549.0,184.29297,3950.0,109.72222,4711.0,130.86111,2.0
1758076325.84835,34049.0,187.0396,33794.0,185.63882,3421.0,95.02778,4911.0,136.41667,2.0
1758076325.86517,33892.0,186.17715,34048.0,187.0341,2870.0,79.72222,5040.0,140.0,2.0
1758076325.88133,33764.0,185.47403,34309.0,188.46783,2283.0,63.41667,5248.0,145.77777,2.0
1758076325.88257,33662.0,184.9137,34581.0,189.96201,1804.0,50.11111,5501.0,152.80556,2.0
1758076325.89755,33583.0,184.47974,34864.0,191.51659,1347.0,37.41667,5651.0,156.97223,2.0
1758076325.89874,33527.0,184.17212,35153.0,193.10414,940.0,26.11111,5825.0,161.80556,2.0
1758076325.91511,33488.0,183.95789,35455.0,194.76309,583.0,16.19444,6038.0,167.72223,2.0
1758076325.93052,33472.0,183.87,35760.0,196.43855,90.0,2.5,6028.0,167.44444,2.0
1758076325.93115,33476.0,183.89197,36062.0,198.0975,-113.0,-3.13889,5909.0,164.13889,2.0
1758076325.94733,33481.0,183.91943,36359.0,199.729,-86.0,-2.38889,5813.0,161.47223,2.0
1758076325.94811,33486.0,183.9469,36646.0,201.30556,-116.0,-3.22222,5414.0,150.38889,2.0
1758076325.96352,33493.0,183.98535,36907.0,202.73929,-125.0,-3.47222,5002.0,138.94444,2.0
1758076325.9795,33497.0,184.00732,37152.0,204.08514,-25.0,-0.69444,4677.0,129.91667,2.0
1758076325.98043,33496.0,184.00183,37378.0,205.32661,16.0,0.44444,4261.0,118.36111,2.0
1758076325.99563,33496.0,184.00183,37581.0,206.44176,15.0,0.41667,3841.0,106.69444,2.0
1758076326.01158,33494.0,183.99084,37765.0,207.45251,40.0,1.11111,3526.0,97.94444,2.0
1758076326.01234,33491.0,183.97437,37935.0,208.38635,93.0,2.58333,3287.0,91.30556,2.0
1758076326.02757,33488.0,183.95789,38090.0,209.23782,7.0,0.19444,2826.0,78.5,2.0
1758076326.02838,33487.0,183.95239,38223.0,209.96841,42.0,1.16667,2483.0,68.97222,2.0
1758076326.04352,33481.0,183.91943,38339.0,210.60564,217.0,6.02778,2158.0,59.94444,2.0
1758076326.0611,33462.0,183.81506,38444.0,211.18242,488.0,13.55556,1978.0,54.94444,2.0
1758076326.06186,33425.0,183.61182,38538.0,211.69879,910.0,25.27778,1778.0,49.38889,2.0
1758076326.07762,33368.0,183.29869,38620.0,212.14923,1317.0,36.58333,1496.0,41.55556,2.0
1758076326.07842,33294.0,182.8922,38685.0,212.50629,1536.0,42.66667,1074.0,29.83333,2.0
1758076326.09844,33209.0,182.42528,38725.0,212.72601,1760.0,48.88889,554.0,15.38889,2.0
1758076326.10043,33124.0,181.95833,38732.0,212.76447,1638.0,45.5,-141.0,-3.91667,2.0
1758076326.1177,33051.0,181.55733,38717.0,212.68207,1263.0,35.08333,-462.0,-12.83333,2.0
1758076326.11839,33001.0,181.28267,38675.0,212.45135,809.0,22.47222,-1146.0,-31.83333,2.0
1758076326.13359,32973.0,181.12886,38592.0,211.99542,347.0,9.63889,-1949.0,-54.13889,2.0
1758076326.14963,32969.0,181.10689,38472.0,211.33623,-74.0,-2.05556,-2708.0,-75.22222,2.0
1758076326.15046,32975.0,181.13985,38315.0,210.4738,-101.0,-2.80556,-3349.0,-93.02778,2.0
1758076326.16565,32977.0,181.15083,38128.0,209.44656,15.0,0.41667,-3912.0,-108.66666,2.0
1758076326.18247,32972.0,181.12337,37920.0,208.30396,123.0,3.41667,-4246.0,-117.94444,2.0
1758076326.18361,32969.0,181.10689,37698.0,207.08446,-33.0,-0.91667,-4515.0,-125.41666,2.0
1758076326.19862,32973.0,181.12886,37460.0,205.77705,-11.0,-0.30556,-4857.0,-134.91667,2.0
1758076326.19943,32967.0,181.0959,37203.0,204.3653,198.0,5.5,-5255.0,-145.97223,2.0
1758076326.21466,32955.0,181.02998,36924.0,202.83267,270.0,7.5,-5706.0,-158.5,2.0
1758076326.23226,32936.0,180.92561,36617.0,201.14626,412.0,11.44444,-6385.0,-177.36111,2.0
1758076326.23306,32915.0,180.81026,36280.0,199.29504,370.0,10.27778,-6813.0,-189.25,2.0
1758076326.24861,32895.0,180.70038,35951.0,197.48775,468.0,13.0,-6128.0,-170.22223,2.0
1758076326.2494,32858.0,180.49713,35676.0,195.9771,1023.0,28.41667,-4896.0,-136.0,2.0
1758076326.26541,32780.0,180.06866,35462.0,194.80156,1935.0,53.75,-3742.0,-103.94444,2.0
1758076326.28207,32648.0,179.34355,35309.0,193.96109,3141.0,87.25,-2470.0,-68.61111,2.0
1758076326.28234,32460.0,178.31084,35217.0,193.45572,4114.0,114.27778,-1288.0,-35.77778,2.0
1758076326.29774,32238.0,177.09132,35180.0,193.25246,4534.0,125.94444,-381.0,-10.58333,2.0
1758076326.29852,32010.0,175.83887,35175.0,193.22499,4458.0,123.83334,30.0,0.83333,2.0
1758076326.31366,31796.0,174.6633,35175.0,193.22499,4038.0,112.16666,-22.0,-0.61111,2.0
1758076326.32965,31616.0,173.67453,35169.0,193.19203,3176.0,88.22222,-209.0,-5.80556,2.0
1758076326.33092,31484.0,172.94942,35149.0,193.08217,2125.0,59.02778,-564.0,-15.66667,2.0
1758076326.34576,31406.0,172.52094,35107.0,192.85146,1085.0,30.13889,-1003.0,-27.86111,2.0
1758076326.36175,31382.0,172.3891,35047.0,192.52187,19.0,0.52778,-1302.0,-36.16667,2.0
1758076326.36358,31401.0,172.49347,34974.0,192.12086,-647.0,-17.97222,-1485.0,-41.25,2.0
1758076326.37767,31449.0,172.75716,34900.0,191.71434,-1137.0,-31.58333,-1415.0,-39.30556,2.0
1758076326.37848,31514.0,173.11421,34833.0,191.3463,-1396.0,-38.77778,-1224.0,-34.0,2.0
1758076326.39383,31590.0,173.53171,34780.0,191.05516,-1549.0,-43.02778,-923.0,-25.63889,2.0
1758076326.41146,31670.0,173.97116,34738.0,190.82445,-1629.0,-45.25,-760.0,-21.11111,2.0
1758076326.41228,31757.0,174.44907,34702.0,190.62669,-1786.0,-49.61111,-648.0,-18.0,2.0
1758076326.42772,31855.0,174.98741,34669.0,190.4454,-2043.0,-56.75,-712.0,-19.77778,2.0
1758076326.42847,31968.0,175.60815,34623.0,190.19272,-2387.0,-66.30556,-1040.0,-28.88889,2.0
1758076326.44471,32102.0,176.34424,34556.0,189.82468,-2864.0,-79.55556,-1487.0,-41.30556,2.0
1758076326.46178,32262.0,177.22316,34465.0,189.3248,-3412.0,-94.77778,-2041.0,-56.69444,2.0
1758076326.46222,32452.0,178.26689,34347.0,188.67657,-4041.0,-112.25,-2609.0,-72.47222,2.0
1758076326.47789,32673.0,179.48088,34202.0,187.88007,-4590.0,-127.5,-3043.0,-84.52778,2.0
1758076326.47896,32918.0,180.82674,34039.0,186.98466,-4994.0,-138.72223,-3335.0,-92.63889,2.0
1758076326.49382,33180.0,182.26598,33866.0,186.03433,-5354.0,-148.72223,-3498.0,-97.16666,2.0
1758076326.51147,33461.0,183.80957,33688.0,185.05655,-5691.0,-158.08333,-3518.0,-97.72222,2.0
1758076326.51215,33753.0,185.4136,33515.0,184.1062,-5801.0,-161.13889,-3311.0,-91.97222,2.0
1758076326.52795,34049.0,187.0396,33354.0,183.22179,-5897.0,-163.80556,-2998.0,-83.27778,2.0
1758076326.52853,34353.0,188.70953,33215.0,182.45824,-6086.0,-169.05556,-2582.0,-71.72222,2.0
1758076326.54371,34660.0,190.39597,33095.0,181.79903,-6012.0,-167.0,-2171.0,-60.30556,2.0
1758076326.55986,34962.0,192.05495,32994.0,181.24422,-5935.0,-164.86111,-1844.0,-51.22222,2.0
1758076326.56054,35267.0,193.73038,32909.0,180.7773,-5973.0,-165.91667,-1559.0,-43.30556,2.0
1758076326.5758,35565.0,195.36736,32840.0,180.39825,-5789.0,-160.80556,-1229.0,-34.13889,2.0
1758076326.59177,35853.0,196.94942,32783.0,180.08514,-5589.0,-155.25,-1057.0,-29.36111,2.0
1758076326.59337,36135.0,198.4985,32736.0,179.82697,-5586.0,-155.16667,-800.0,-22.22222,2.0
1758076326.6088,36414.0,200.03113,32701.0,179.63469,-5478.0,-152.16667,-627.0,-17.41667,2.0
1758076326.60962,36685.0,201.51979,32668.0,179.45341,-5266.0,-146.27777,-687.0,-19.08333,2.0
1758076326.6247,36950.0,202.97549,32636.0,179.27763,-5210.0,-144.72223,-604.0,-16.77778,2.0
1758076326.64079,37213.0,204.42023,32607.0,179.11833,-5138.0,-142.72223,-553.0,-15.36111,2.0
1758076326.64165,37466.0,205.81001,32579.0,178.96452,-4878.0,-135.5,-552.0,-15.33333,2.0
1758076326.65673,37701.0,207.10094,32553.0,178.8217,-4467.0,-124.08334,-436.0,-12.11111,2.0
1758076326.65806,37915.0,208.27649,32531.0,178.70085,-4105.0,-114.02778,-463.0,-12.86111,2.0
1758076326.67395,38113.0,209.36417,32505.0,178.55803,-3735.0,-103.75,-510.0,-14.16667,2.0
1758076326.68985,38293.0,210.35295,32476.0,178.39873,-3399.0,-94.41666,-637.0,-17.69444,2.0
1758076326.69113,38457.0,211.25383,32436.0,178.17899,-3113.0,-86.47222,-912.0,-25.33333,2.0
1758076326.70583,38606.0,212.07233,32380.0,177.87137,-2848.0,-79.11111,-1240.0,-34.44444,2.0
1758076326.72188,38740.0,212.80841,32310.0,177.48683,-2503.0,-69.52778,-1487.0,-41.30556,2.0
1758076326.72253,38855.0,213.44016,32224.0,177.01442,-2096.0,-58.22222,-1812.0,-50.33333,2.0
1758076326.73785,38946.0,213.94003,32127.0,176.48157,-1550.0,-43.05556,-2057.0,-57.13889,2.0
1758076326.7386,39006.0,214.26962,32018.0,175.88281,-862.0,-23.94444,-2220.0,-61.66667,2.0
1758076326.75392,39031.0,214.40695,31902.0,175.24559,-231.0,-6.41667,-2321.0,-64.47222,2.0
1758076326.76994,39031.0,214.40695,31782.0,174.5864,54.0,1.5,-2391.0,-66.41666,2.0
1758076326.77064,39021.0,214.35202,31667.0,173.95468,381.0,10.58333,-2148.0,-59.66667,2.0
1758076326.78681,38980.0,214.1268,31570.0,173.42184,1154.0,32.05556,-1674.0,-46.5,2.0
1758076326.78803,38898.0,213.67636,31503.0,173.05379,1967.0,54.63889,-1056.0,-29.33333,2.0
1758076326.80378,38773.0,212.98969,31466.0,172.85054,2810.0,78.05556,-475.0,-13.19444,2.0
1758076326.81986,38609.0,212.08881,31456.0,172.79561,3539.0,98.30556,-7.0,-0.19444,2.0
1758076326.82062,38413.0,211.01213,31458.0,172.80659,4103.0,113.97222,0.0,0.0,2.0
1758076326.83685,38194.0,209.80911,31457.0,172.8011,4507.0,125.19444,-12.0,-0.33333,2.0
1758076326.83809,37963.0,208.54016,31458.0,172.80659,4592.0,127.55556,14.0,0.38889,2.0
1758076326.8539,37731.0,207.26573,31458.0,172.80659,4580.0,127.22222,0.0,0.0,2.0
1758076326.8699,37499.0,205.99129,31464.0,172.83955,4695.0,130.41667,194.0,5.38889,2.0
1758076326.87233,37250.0,204.62349,31482.0,172.93843,5119.0,142.19444,467.0,12.97222,2.0
1758076326.88787,36980.0,203.14029,31513.0,173.10872,5508.0,153.0,649.0,18.02778,2.0
1758076326.88945,36701.0,201.60768,31540.0,173.25703,5404.0,150.11111,394.0,10.94444,2.0
1758076326.9075,36439.0,200.16846,31546.0,173.28999,4853.0,134.80556,-95.0,-2.63889,2.0
1758076326.90926,36218.0,198.95444,31538.0,173.24605,3906.0,108.5,-177.0,-4.91667,2.0
1758076326.92746,36053.0,198.04807,31528.0,173.19112,2758.0,76.61111,-228.0,-6.33333,2.0
1758076326.9293,35943.0,197.4438,31516.0,173.1252,1777.0,49.36111,-274.0,-7.61111,2.0
1758076326.94493,35875.0,197.07027,31503.0,173.05379,1062.0,29.5,-183.0,-5.08333,2.0
1758076326.96087,35834.0,196.84505,31503.0,173.05379,599.0,16.63889,91.0,2.52778,2.0
1758076326.96168,35815.0,196.74068,31509.0,173.08675,210.0,5.83333,166.0,4.61111,2.0
1758076326.97687,35811.0,196.7187,31525.0,173.17464,55.0,1.52778,522.0,14.5,2.0
1758076326.97812,35800.0,196.65828,31575.0,173.44931,395.0,10.97222,1371.0,38.08333,2.0
1758076326.99388,35760.0,196.43855,31679.0,174.0206,1140.0,31.66667,2585.0,71.80556,2.0
1758076327.01,35672.0,195.95512,31851.0,174.96544,2143.0,59.52778,4035.0,112.08334,2.0
1758076327.0119,35535.0,195.20256,32095.0,176.30579,3122.0,86.72222,5420.0,150.55556,2.0
1758076327.0269,35352.0,194.1973,32403.0,177.99771,3915.0,108.75,6534.0,181.5,2.0
1758076327.02869,35139.0,193.02724,32761.0,179.96429,4380.0,121.66666,7390.0,205.27777,2.0
1758076327.0439,34913.0,191.78575,33141.0,182.05171,4485.0,124.58334,7505.0,208.47223,2.0
1758076327.05989,34690.0,190.56078,33522.0,184.14465,4343.0,120.63889,7499.0,208.30556,2.0
1758076327.0615,34479.0,189.4017,33892.0,186.17715,4009.0,111.36111,7143.0,198.41667,2.0
1758076327.07695,34290.0,188.36346,34241.0,188.0943,3551.0,98.63889,6710.0,186.38889,2.0
1758076327.07815,34122.0,187.4406,34578.0,189.94553,3148.0,87.44444,6629.0,184.13889,2.0
1758076327.09406,33971.0,186.61113,34907.0,191.75279,2886.0,80.16666,6394.0,177.61111,2.0
1758076327.11147,33827.0,185.8201,35232.0,193.53812,2781.0,77.25,6485.0,180.13889,2.0
1758076327.1123,33688.0,185.05655,35563.0,195.35637,2708.0,75.22222,6585.0,182.91667,2.0
1758076327.12877,33551.0,184.30396,35896.0,197.18562,2665.0,74.02778,6564.0,182.33333,2.0
1758076327.12954,33419.0,183.57886,36232.0,199.03137,2551.0,70.86111,6685.0,185.69444,2.0
1758076327.14579,33295.0,182.89769,36567.0,200.8716,2336.0,64.88889,6521.0,181.13889,2.0
1758076327.16188,33181.0,182.27147,36889.0,202.64041,2138.0,59.38889,6265.0,174.02777,2.0
1758076327.16255,33080.0,181.71663,37199.0,204.34332,1877.0,52.13889,5973.0,165.91667,2.0
1758076327.17797,32991.0,181.22774,37492.0,205.95284,1677.0,46.58333,5590.0,155.27777,2.0
1758076327.17878,32912.0,180.79378,37763.0,207.44153,1509.0,41.91667,5245.0,145.69444,2.0
1758076327.19395,32835.0,180.37079,38021.0,208.8588,1534.0,42.61111,5019.0,139.41667,2.0
1758076327.20999,32758.0,179.94781,38267.0,210.21011,1576.0,43.77778,4762.0,132.27777,2.0
1758076327.21078,32674.0,179.48637,38499.0,211.48454,1686.0,46.83333,4481.0,124.47222,2.0
1758076327.22602,32592.0,179.03593,38712.0,212.6546,1567.0,43.52778,4028.0,111.88889,2.0
1758076327.24197,32516.0,178.61845,38904.0,213.70932,1457.0,40.47222,3600.0,100.0,2.0
1758076327.24323,32442.0,178.21194,39071.0,214.62669,1483.0,41.19444,3121.0,86.69444,2.0
1758076327.25796,32366.0,177.79446,39217.0,215.4287,1542.0,42.83333,2661.0,73.91666,2.0
1758076327.25997,32285.0,177.3495,39339.0,216.09889,1652.0,45.88889,2224.0,61.77778,2.0
1758076327.27568,32198.0,176.8716,39441.0,216.65919,1795.0,49.86111,1817.0,50.47222,2.0
1758076327.29196,32106.0,176.36621,39520.0,217.09315,1865.0,51.80556,1373.0,38.13889,2.0
1758076327.29277,32008.0,175.82788,39575.0,217.39529,1952.0,54.22222,842.0,23.38889,2.0
1758076327.30802,31907.0,175.27306,39597.0,217.51614,2029.0,56.36111,139.0,3.86111,2.0
1758076327.31376,31804.0,174.70724,39594.0,217.49966,2058.0,57.16667,-74.0,-2.05556,2.0
1758076327.32899,31701.0,174.14145,39592.0,217.48868,2017.0,56.02778,-57.0,-1.58333,2.0
1758076327.32979,31602.0,173.59763,39588.0,217.46671,1912.0,53.11111,-92.0,-2.55556,2.0
1758076327.34497,31510.0,173.09224,39577.0,217.40628,1701.0,47.25,-339.0,-9.41667,2.0
1758076327.36186,31431.0,172.65828,39555.0,217.28543,1463.0,40.63889,-479.0,-13.30556,2.0
1758076327.36256,31364.0,172.29022,39527.0,217.13161,1225.0,34.02778,-584.0,-16.22222,2.0
1758076327.378,31312.0,172.00458,39488.0,216.91737,876.0,24.33333,-926.0,-25.72222,2.0
1758076327.38064,31281.0,171.83429,39426.0,216.5768,394.0,10.94444,-1493.0,-41.47222,2.0
1758076327.39593,31274.0,171.79584,39336.0,216.08241,0.0,0.0,-1975.0,-54.86111,2.0
1758076327.41205,31275.0,171.80133,39223.0,215.46165,0.0,0.0,-2376.0,-66.0,2.0
1758076327.41282,31274.0,171.79584,39092.0,214.74205,80.0,2.22222,-2666.0,-74.05556,2.0
1758076327.42844,31265.0,171.7464,38954.0,213.98398,301.0,8.36111,-2749.0,-76.36111,2.0
1758076327.42973,31239.0,171.60358,38815.0,213.22043,723.0,20.08333,-2686.0,-74.61111,2.0
1758076327.445,31189.0,171.32892,38683.0,212.4953,1189.0,33.02778,-2505.0,-69.58334,2.0
1758076327.46189,31118.0,170.93889,38559.0,211.81415,1485.0,41.25,-2371.0,-65.86111,2.0
1758076327.4626,31039.0,170.50491,38438.0,211.14946,1634.0,45.38889,-2395.0,-66.52778,2.0
1758076327.47802,30956.0,170.04898,38316.0,210.47929,1631.0,45.30556,-2412.0,-67.0,2.0
1758076327.47922,30874.0,169.59853,38190.0,209.78714,1577.0,43.80556,-2543.0,-70.63889,2.0
1758076327.494,30799.0,169.18654,38057.0,209.05655,1387.0,38.52778,-2734.0,-75.94444,2.0
1758076327.51012,30741.0,168.86794,37905.0,208.22156,870.0,24.16667,-3169.0,-88.02778,2.0
1758076327.51069,30716.0,168.73061,37731.0,207.26573,203.0,5.63889,-3674.0,-102.05556,2.0
1758076327.52607,30725.0,168.78004,37529.0,206.15611,-442.0,-12.27778,-4287.0,-119.08334,2.0
1758076327.54287,30769.0,169.02174,37291.0,204.84871,-1219.0,-33.86111,-5062.0,-140.61111,2.0
1758076327.54363,30853.0,169.48317,37012.0,203.3161,-2034.0,-56.5,-5939.0,-164.97223,2.0
1758076327.56107,30983.0,170.1973,36686.0,201.52528,-2968.0,-82.44444,-6820.0,-189.44444,2.0
1758076327.56268,31164.0,171.19157,36320.0,199.51477,-4030.0,-111.94444,-7548.0,-209.66667,2.0
1758076327.57807,31400.0,172.48798,35934.0,197.39436,-5032.0,-139.77777,-7532.0,-209.22223,2.0
1758076327.57893,31673.0,173.98764,35566.0,195.37285,-5566.0,-154.61111,-7086.0,-196.83333,2.0
1758076327.59409,31954.0,175.53125,35214.0,193.43924,-5446.0,-151.27777,-6789.0,-188.58333,2.0
1758076327.61019,32219.0,176.98695,34891.0,191.6649,-5069.0,-140.80556,-6057.0,-168.25,2.0
1758076327.6109,32469.0,178.36028,34603.0,190.08286,-4882.0,-135.61111,-5363.0,-148.97223,2.0
1758076327.62605,32713.0,179.70062,34354.0,188.71503,-4819.0,-133.86111,-4581.0,-127.25,2.0
1758076327.64213,32956.0,181.03548,34144.0,187.56145,-4834.0,-134.27777,-3819.0,-106.08334,2.0
1758076327.64293,33208.0,182.41978,33963.0,186.56718,-5138.0,-142.72223,-3332.0,-92.55556,2.0
1758076327.65814,33483.0,183.93042,33801.0,185.67728,-5668.0,-157.44444,-3125.0,-86.80556,2.0
1758076327.65892,33787.0,185.60037,33648.0,184.83679,-6257.0,-173.80556,-2989.0,-83.02778,2.0
1758076327.67413,34124.0,187.45158,33502.0,184.03479,-6981.0,-193.91667,-2824.0,-78.44444,2.0
1758076327.69262,34497.0,189.50058,33362.0,183.26573,-7634.0,-212.05556,-2669.0,-74.13889,2.0
1758076327.69331,34894.0,191.68138,33233.0,182.55711,-7935.0,-220.41667,-2434.0,-67.61111,2.0
1758076327.70907,35309.0,193.96109,33116.0,181.91438,-8382.0,-232.83333,-2152.0,-59.77778,2.0
1758076327.70997,35733.0,196.29024,33016.0,181.36507,-8331.0,-231.41667,-1837.0,-51.02778,2.0
1758076327.72509,36151.0,198.5864,32934.0,180.91463,-8264.0,-229.55556,-1463.0,-40.63889,2.0
1758076327.74191,36561.0,200.83864,32870.0,180.56305,-7940.0,-220.55556,-1039.0,-28.86111,2.0
1758076327.74274,36953.0,202.99197,32827.0,180.32684,-7595.0,-210.97223,-746.0,-20.72222,2.0
1758076327.75809,37331.0,205.06844,32795.0,180.15106,-7324.0,-203.44444,-582.0,-16.16667,2.0
1758076327.75896,37683.0,207.00206,32769.0,180.00824,-6732.0,-187.0,-437.0,-12.13889,2.0
1758076327.77412,38015.0,208.82581,32748.0,179.89288,-6425.0,-178.47223,-376.0,-10.44444,2.0
1758076327.79007,38327.0,210.53972,32730.0,179.79401,-5964.0,-165.66667,-365.0,-10.13889,2.0
1758076327.79075,38609.0,212.08881,32713.0,179.70062,-5253.0,-145.91667,-308.0,-8.55556,2.0
1758076327.8061,38853.0,213.42917,32698.0,179.61821,-4572.0,-127.0,-345.0,-9.58333,2.0
1758076327.8221,39064.0,214.58824,32673.0,179.48088,-3865.0,-107.36111,-639.0,-17.75,2.0
1758076327.82289,39239.0,215.54955,32633.0,179.26115,-3154.0,-87.61111,-900.0,-25.0,2.0
1758076327.83815,39381.0,216.32961,32578.0,178.95903,-2554.0,-70.94444,-1224.0,-34.0,2.0
1758076327.83892,39494.0,216.95033,32502.0,178.54155,-2034.0,-56.5,-1701.0,-47.25,2.0
1758076327.85419,39581.0,217.42825,32406.0,178.01419,-1538.0,-42.72222,-2049.0,-56.91667,2.0
1758076327.87015,39644.0,217.77432,32292.0,177.38795,-1014.0,-28.16667,-2393.0,-66.47222,2.0
1758076327.87096,39675.0,217.94461,32163.0,176.67932,-323.0,-8.97222,-2619.0,-72.75,2.0
1758076327.88618,39681.0,217.97757,32024.0,175.91577,9.0,0.25,-2815.0,-78.19444,2.0
1758076327.90222,39681.0,217.97757,31879.0,175.11925,7.0,0.19444,-2877.0,-79.91666,2.0
1758076327.90303,39675.0,217.94461,31741.0,174.36118,208.0,5.77778,-2559.0,-71.08334,2.0
1758076327.9182,39648.0,217.7963,31631.0,173.75693,755.0,20.97222,-1891.0,-52.52778,2.0
1758076327.91905,39588.0,217.46671,31560.0,173.36691,1498.0,41.61111,-1005.0,-27.91667,2.0
1758076327.93416,39489.0,216.92287,31533.0,173.21858,2293.0,63.69444,-195.0,-5.41667,2.0
1758076327.9502,39352.0,216.1703,31535.0,173.22957,3034.0,84.27778,73.0,2.02778,2.0
1758076327.95174,39180.0,215.22545,31537.0,173.24055,3667.0,101.86111,0.0,0.0,2.0
1758076327.96711,38978.0,214.11581,31537.0,173.24055,4186.0,116.27778,-21.0,-0.58333,2.0
1758076327.96835,38755.0,212.89081,31535.0,173.22957,4476.0,124.33334,-71.0,-1.97222,2.0
1758076327.98412,38525.0,211.62737,31529.0,173.19661,4548.0,126.33334,-134.0,-3.72222,2.0
1758076328.00187,38296.0,210.36943,31526.0,173.18013,4472.0,124.22222,0.0,0.0,2.0
1758076328.0026,38069.0,209.12247,31528.0,173.19112,4426.0,122.94444,36.0,1.0,2.0
1758076328.0182,37845.0,207.89197,31529.0,173.19661,4419.0,122.75,30.0,0.83333,2.0
1758076328.01904,37616.0,206.63402,31531.0,173.2076,4590.0,127.5,18.0,0.5,2.0
1758076328.03421,37372.0,205.29366,31535.0,173.22957,4944.0,137.33333,108.0,3.0,2.0
1758076328.05105,37115.0,203.8819,31538.0,173.24605,4996.0,138.77777,31.0,0.86111,2.0
1758076328.05225,36878.0,202.57999,31537.0,173.24055,4339.0,120.52778,-30.0,-0.83333,2.0
1758076328.0673,36684.0,201.5143,31536.0,173.23506,3396.0,94.33334,-47.0,-1.30556,2.0
1758076328.06848,36537.0,200.7068,31533.0,173.21858,2527.0,70.19444,-75.0,-2.08333,2.0
1758076328.08434,36429.0,200.11353,31531.0,173.2076,1818.0,50.5,0.0,0.0,2.0
1758076328.10192,36351.0,199.68506,31532.0,173.21309,1360.0,37.77778,11.0,0.30556,2.0
1758076328.10264,36290.0,199.34998,31534.0,173.22408,1089.0,30.25,91.0,2.52778,2.0
1758076328.11816,36236.0,199.05334,31547.0,173.29549,1106.0,30.72222,414.0,11.5,2.0
1758076328.11885,36179.0,198.7402,31588.0,173.52072,1155.0,32.08333,1106.0,30.72222,2.0
1758076328.13427,36114.0,198.38315,31665.0,173.9437,1393.0,38.69444,1809.0,50.25,2.0
1758076328.15105,36034.0,197.9437,31777.0,174.55893,1682.0,46.72222,2539.0,70.52778,2.0
1758076328.15221,35936.0,197.40535,31926.0,175.37743,2144.0,59.55556,3244.0,90.11111,2.0
1758076328.1673,35813.0,196.72969,32112.0,176.39917,2618.0,72.72222,3980.0,110.55556,2.0
1758076328.16957,35666.0,195.92216,32333.0,177.61319,3129.0,86.91666,4662.0,129.5,2.0
1758076328.18665,35495.0,194.98283,32587.0,179.00847,3532.0,98.11111,5293.0,147.02777,2.0
1758076328.20271,35307.0,193.9501,32867.0,180.54657,3819.0,106.08334,5687.0,157.97223,2.0
1758076328.20311,35111.0,192.87343,33163.0,182.17259,3861.0,107.25,5931.0,164.75,2.0
1758076328.21871,34915.0,191.79674,33471.0,183.8645,3850.0,106.94444,6204.0,172.33333,2.0
1758076328.21911,34725.0,190.75304,33788.0,185.60587,3691.0,102.52778,6306.0,175.16667,2.0
1758076328.23421,34544.0,189.75876,34111.0,187.38017,3499.0,97.19444,6457.0,179.36111,2.0
1758076328.25031,34375.0,188.83038,34442.0,189.19846,3223.0,89.52778,6630.0,184.16667,2.0
1758076328.25112,34216.0,187.95697,34782.0,191.06615,2989.0,83.02778,6733.0,187.02777,2.0
1758076328.26628,34069.0,187.14946,35121.0,192.92836,2811.0,78.08334,6707.0,186.30556,2.0
1758076328.28228,33931.0,186.3914,35465.0,194.81804,2617.0,72.69444,6846.0,190.16667,2.0
1758076328.28314,33803.0,185.68826,35806.0,196.69124,2415.0,67.08334,6620.0,183.88889,2.0
1758076328.29829,33687.0,185.05106,36138.0,198.51498,2188.0,60.77778,6523.0,181.19444,2.0
1758076328.29908,33580.0,184.46326,36463.0,200.30029,2030.0,56.38889,6348.0,176.33333,2.0
1758076328.31512,33481.0,183.91943,36779.0,202.03616,1911.0,53.08333,6033.0,167.58333,2.0
1758076328.33127,33386.0,183.39757,37082.0,203.70062,1871.0,51.97222,5980.0,166.11111,2.0
1758076328.33212,33290.0,182.87022,37378.0,205.32661,1898.0,52.72222,5750.0,159.72223,2.0
1758076328.34725,33189.0,182.31541,37661.0,206.88121,2037.0,56.58333,5469.0,151.91667,2.0
1758076328.34849,33082.0,181.72762,37935.0,208.38635,2164.0,60.11111,5364.0,149.0,2.0
1758076328.36673,32968.0,181.10139,38201.0,209.84756,2342.0,65.05556,5180.0,143.88889,2.0
1758076328.3823,32847.0,180.43671,38453.0,211.23186,2457.0,68.25,4826.0,134.05556,2.0
1758076328.38316,32718.0,179.72809,38687.0,212.51727,2610.0,72.5,4515.0,125.41666,2.0
1758076328.39836,32592.0,179.03593,38899.0,213.68185,2402.0,66.72222,3927.0,109.08334,2.0
1758076328.39957,32476.0,178.39873,39077.0,214.65965,2208.0,61.33333,3216.0,89.33334,2.0
1758076328.41438,32368.0,177.80545,39221.0,215.45067,2106.0,58.5,2555.0,70.97222,2.0
1758076328.43197,32261.0,177.21767,39334.0,216.07143,2101.0,58.36111,1972.0,54.77778,2.0
1758076328.43315,32152.0,176.6189,39420.0,216.54384,2194.0,60.94444,1497.0,41.58333,2.0
1758076328.44839,32036.0,175.98169,39481.0,216.87892,2375.0,65.97222,1008.0,28.0,2.0
1758076328.44958,31910.0,175.28954,39522.0,217.10414,2577.0,71.58334,578.0,16.05556,2.0
1758076328.4643,31774.0,174.54245,39538.0,217.19203,2755.0,76.52778,117.0,3.25,2.0
1758076328.48149,31637.0,173.78989,39535.0,217.17555,2637.0,73.25,-64.0,-1.77778,2.0
1758076328.48202,31513.0,173.10872,39526.0,217.12611,2290.0,63.61111,-303.0,-8.41667,2.0
1758076328.49758,31415.0,172.57037,39496.0,216.96132,1653.0,45.91667,-863.0,-23.97222,2.0
1758076328.49946,31354.0,172.23529,39431.0,216.60426,856.0,23.77778,-1623.0,-45.08333,2.0
1758076328.51616,31331.0,172.10895,39327.0,216.03297,196.0,5.44444,-2364.0,-65.66666,2.0
1758076328.53239,31333.0,172.11993,39187.0,215.2639,-107.0,-2.97222,-3039.0,-84.41666,2.0
1758076328.53318,31339.0,172.15289,39016.0,214.32455,-112.0,-3.11111,-3600.0,-100.0,2.0
1758076328.54837,31342.0,172.16937,38821.0,213.25339,-1.0,-0.02778,-4018.0,-111.61111,2.0
1758076328.54919,31339.0,172.15289,38610.0,212.0943,136.0,3.77778,-4251.0,-118.08334,2.0
1758076328.56451,31328.0,172.09247,38393.0,210.90227,267.0,7.41667,-4294.0,-119.27778,2.0
1758076328.58049,31313.0,172.01007,38179.0,209.72672,301.0,8.36111,-4198.0,-116.61111,2.0
1758076328.58161,31296.0,171.91669,37971.0,208.58411,411.0,11.41667,-4082.0,-113.38889,2.0
1758076328.59642,31276.0,171.80682,37766.0,207.45801,384.0,10.66667,-4041.0,-112.25,2.0
1758076328.61248,31260.0,171.71893,37556.0,206.30443,274.0,7.61111,-4264.0,-118.44444,2.0
1758076328.61371,31250.0,171.664,37327.0,205.04646,94.0,2.61111,-4755.0,-132.08333,2.0
1758076328.62845,31255.0,171.69147,37070.0,203.6347,-185.0,-5.13889,-5272.0,-146.44444,2.0
1758076328.62922,31271.0,171.77936,36807.0,202.18997,-422.0,-11.72222,-5166.0,-143.5,2.0
1758076328.64446,31297.0,171.92218,36563.0,200.84962,-520.0,-14.44444,-4526.0,-125.72222,2.0
1758076328.66054,31309.0,171.9881,36349.0,199.67407,-10.0,-0.27778,-3935.0,-109.30556,2.0
1758076328.66207,31301.0,171.94415,36166.0,198.66879,276.0,7.66667,-3390.0,-94.16666,2.0
1758076328.67745,31288.0,171.87274,36010.0,197.81186,161.0,4.47222,-2910.0,-80.83334,2.0
1758076328.67869,31287.0,171.86725,35873.0,197.05928,-83.0,-2.30556,-2600.0,-72.22222,2.0
1758076328.69448,31300.0,171.93866,35746.0,196.36165,-362.0,-10.05556,-2457.0,-68.25,2.0
1758076328.7105,31326.0,172.08148,35624.0,195.69145,-684.0,-19.0,-2405.0,-66.80556,2.0
1758076328.71251,31376.0,172.35614,35506.0,195.04326,-1286.0,-35.72222,-2316.0,-64.33334,2.0
1758076328.72748,31460.0,172.81758,35391.0,194.41153,-1965.0,-54.58333,-2267.0,-62.97222,2.0
1758076328.72874,31578.0,173.46579,35277.0,193.78531,-2623.0,-72.86111,-2258.0,-62.72222,2.0
1758076328.74527,31729.0,174.29526,35163.0,193.15907,-3238.0,-89.94444,-2253.0,-62.58333,2.0
1758076328.76149,31913.0,175.30602,35050.0,192.53835,-3855.0,-107.08334,-2217.0,-61.58333,2.0
1758076328.76226,32126.0,176.47607,34935.0,191.9066,-4445.0,-123.47222,-2271.0,-63.08333,2.0
1758076328.77749,32371.0,177.82193,34814.0,191.24193,-5147.0,-142.97223,-2483.0,-68.97222,2.0
1758076328.77875,32654.0,179.37651,34682.0,190.51682,-5896.0,-163.77777,-2689.0,-74.69444,2.0
1758076328.79452,32972.0,181.12337,34539.0,189.73129,-6545.0,-181.80556,-2883.0,-80.08334,2.0
1758076328.8109,33320.0,183.03502,34390.0,188.91278,-7139.0,-198.30556,-2970.0,-82.5,2.0
1758076328.81129,33700.0,185.12247,34238.0,188.07782,-7701.0,-213.91667,-2947.0,-81.86111,2.0
1758076328.8273,34095.0,187.29228,34092.0,187.2758,-7970.0,-221.38889,-2827.0,-78.52778,2.0
1758076328.82964,34509.0,189.5665,33956.0,186.52873,-8329.0,-231.36111,-2592.0,-72.0,2.0
1758076328.84789,34932.0,191.89012,33833.0,185.85306,-8294.0,-230.38889,-2311.0,-64.19444,2.0
1758076328.84994,35359.0,194.23575,33727.0,185.27078,-8480.0,-235.55556,-1946.0,-54.05556,2.0
1758076328.86572,35786.0,196.58138,33636.0,184.77087,-8306.0,-230.72223,-1623.0,-45.08333,2.0
1758076328.88157,36207.0,198.89401,33563.0,184.36987,-8343.0,-231.75,-1352.0,-37.55556,2.0
1758076328.88227,36624.0,201.18471,33502.0,184.03479,-8167.0,-226.86111,-1074.0,-29.83333,2.0
1758076328.89755,37033.0,203.43146,33452.0,183.76013,-8085.0,-224.58333,-961.0,-26.69444,2.0
1758076328.89877,37438.0,205.6562,33403.0,183.49095,-7835.0,-217.63889,-912.0,-25.33333,2.0
1758076328.91453,37826.0,207.7876,33360.0,183.25475,-7561.0,-210.02777,-871.0,-24.19444,2.0
1758076328.93058,38206.0,209.87503,33313.0,182.99657,-7442.0,-206.72223,-1019.0,-28.30556,2.0
1758076328.93134,38573.0,211.89105,33257.0,182.68895,-6955.0,-193.19444,-1137.0,-31.58333,2.0
1758076328.94656,38919.0,213.79172,33192.0,182.33189,-6698.0,-186.05556,-1421.0,-39.47222,2.0
1758076328.96256,39241.0,215.56053,33113.0,181.8979,-6058.0,-168.27777,-1681.0,-46.69444,2.0
1758076328.9633,39520.0,217.09315,33025.0,181.41451,-5096.0,-141.55556,-1773.0,-49.25,2.0
1758076328.97857,39751.0,218.36209,32932.0,180.90364,-4215.0,-117.08334,-1927.0,-53.52778,2.0
1758076328.97936,39938.0,219.38933,32827.0,180.32684,-3293.0,-91.47222,-2211.0,-61.41667,2.0
1758076328.99547,40082.0,220.18037,32701.0,179.63469,-2441.0,-67.80556,-2618.0,-72.72222,2.0
1758076329.01155,40185.0,220.74617,32555.0,178.83269,-1698.0,-47.16667,-3078.0,-85.5,2.0
1758076329.01273,40249.0,221.09773,32387.0,177.90982,-993.0,-27.58333,-3505.0,-97.36111,2.0
1758076329.02757,40272.0,221.22408,32205.0,176.91005,-16.0,-0.44444,-3629.0,-100.80556,2.0
1758076329.02888,40263.0,221.17464,32024.0,175.91577,275.0,7.63889,-3538.0,-98.27778,2.0
1758076329.04464,40233.0,221.00984,31852.0,174.97093,811.0,22.52778,-3265.0,-90.69444,2.0
1758076329.0614,40169.0,220.65828,31702.0,174.14694,1612.0,44.77778,-2726.0,-75.72222,2.0
1758076329.06217,40063.0,220.07597,31581.0,173.48227,2458.0,68.27778,-2112.0,-58.66667,2.0
1758076329.07756,39912.0,219.24651,31493.0,172.99886,3322.0,92.27778,-1500.0,-41.66667,2.0
1758076329.07929,39722.0,218.20279,31433.0,172.66927,4046.0,112.38889,-968.0,-26.88889,2.0
1758076329.09462,39503.0,216.99977,31394.0,172.45502,4528.0,125.77778,-678.0,-18.83333,2.0
1758076329.11332,39264.0,215.68687,31364.0,172.29022,4881.0,135.58333,-521.0,-14.47222,2.0
1758076329.1138,39009.0,214.2861,31340.0,172.15839,5140.0,142.77777,-401.0,-11.13889,2.0
1758076329.13291,38750.0,212.86334,31325.0,172.07599,5045.0,140.13889,-241.0,-6.69444,2.0
1758076329.13363,38496.0,211.46806,31320.0,172.04852,4980.0,138.33333,0.0,0.0,2.0
1758076329.15036,38241.0,210.06729,31325.0,172.07599,5099.0,141.63889,138.0,3.83333,2.0
1758076329.15206,37973.0,208.59509,31339.0,172.15289,5423.0,150.63889,408.0,11.33333,2.0
1758076329.16837,37689.0,207.03502,31368.0,172.31219,5751.0,159.75,710.0,19.72222,2.0
1758076329.1692,37390.0,205.39253,31412.0,172.55389,5929.0,164.69444,934.0,25.94444,2.0
1758076329.18541,37095.0,203.77203,31461.0,172.82307,5659.0,157.19444,965.0,26.80556,2.0
1758076329.20169,36828.0,202.30533,31498.0,173.02632,4931.0,136.97223,478.0,13.27778,2.0
1758076329.20242,36606.0,201.08583,31502.0,173.04829,3982.0,110.61111,-156.0,-4.33333,2.0
1758076329.21779,36434.0,200.14099,31494.0,173.00435,2948.0,81.88889,-112.0,-3.11111,2.0
1758076329.21887,36310.0,199.45984,31493.0,172.99886,2066.0,57.38889,26.0,0.72222,2.0
1758076329.23461,36225.0,198.99292,31494.0,173.00435,1432.0,39.77778,17.0,0.47222,2.0
1758076329.25065,36167.0,198.67429,31498.0,173.02632,992.0,27.55556,154.0,4.27778,2.0
1758076329.25186,36122.0,198.42709,31516.0,173.1252,828.0,23.0,516.0,14.33333,2.0
1758076329.26663,36080.0,198.19638,31559.0,173.36142,798.0,22.16667,1133.0,31.47222,2.0
1758076329.28266,36042.0,197.98764,31640.0,173.80637,730.0,20.27778,1931.0,53.63889,2.0
1758076329.28344,35998.0,197.74594,31759.0,174.46005,988.0,27.44444,2721.0,75.58334,2.0
1758076329.29866,35938.0,197.41634,31922.0,175.35545,1333.0,37.02778,3555.0,98.75,2.0
1758076329.29946,35858.0,196.97688,32127.0,176.48157,1804.0,50.11111,4431.0,123.08334,2.0
1758076329.31468,35752.0,196.39461,32373.0,177.83292,2325.0,64.58334,5164.0,143.44444,2.0
1758076329.33074,35617.0,195.653,32657.0,179.39299,2887.0,80.19444,5764.0,160.11111,2.0
1758076329.33143,35458.0,194.77959,32962.0,181.06844,3332.0,92.55556,6128.0,170.22223,2.0
1758076329.34666,35282.0,193.81277,33274.0,182.78233,3580.0,99.44444,6204.0,172.33333,2.0
1758076329.36267,35096.0,192.79103,33589.0,184.5127,3688.0,102.44444,6214.0,172.61111,2.0
1758076329.36387,34908.0,191.75829,33902.0,186.23209,3690.0,102.5,6133.0,170.36111,2.0
1758076329.3797,34724.0,190.74754,34210.0,187.92401,3608.0,100.22222,6045.0,167.91667,2.0
1758076329.38091,34545.0,189.76425,34521.0,189.63242,3520.0,97.77778,6173.0,171.47223,2.0
1758076329.39566,34372.0,188.8139,34835.0,191.35728,3341.0,92.80556,6200.0,172.22223,2.0
1758076329.41168,34206.0,187.90204,35148.0,193.07668,3158.0,87.72222,6197.0,172.13889,2.0
1758076329.41246,34050.0,187.04509,35464.0,194.81255,2998.0,83.27778,6264.0,174.0,2.0
1758076329.42767,33905.0,186.24857,35776.0,196.52644,2778.0,77.16666,6090.0,169.16667,2.0
1758076329.4297,33771.0,185.51248,36079.0,198.19089,2517.0,69.91666,5912.0,164.22223,2.0
1758076329.44571,33650.0,184.84778,36376.0,199.82239,2305.0,64.02778,5837.0,162.13889,2.0
1758076329.4625,33539.0,184.23804,36663.0,201.39894,2095.0,58.19444,5578.0,154.94444,2.0
1758076329.46407,33434.0,183.66125,36940.0,202.92056,2037.0,56.58333,5393.0,149.80556,2.0
1758076329.48154,33332.0,183.10094,37212.0,204.41473,2026.0,56.27778,5345.0,148.47223,2.0
1758076329.48231,33229.0,182.53514,37480.0,205.88692,2071.0,57.52778,5261.0,146.13889,2.0
1758076329.4977,33121.0,181.94185,37744.0,207.33714,2181.0,60.58333,5202.0,144.5,2.0
1758076329.49922,33009.0,181.32661,38004.0,208.76538,2258.0,62.72222,5085.0,141.25,2.0
1758076329.51472,32891.0,180.67841,38255.0,210.1442,2338.0,64.94444,4878.0,135.5,2.0
1758076329.5324,32772.0,180.02472,38491.0,211.4406,2352.0,65.33334,4525.0,125.69444,2.0
1758076329.53311,32658.0,179.39848,38702.0,212.59967,2126.0,59.05556,3913.0,108.69444,2.0
1758076329.54866,32556.0,178.83818,38883.0,213.59396,1949.0,54.13889,3331.0,92.52778,2.0
1758076329.54934,32458.0,178.29985,39034.0,214.42343,1977.0,54.91667,2741.0,76.13889,2.0
1758076329.56472,32355.0,177.73404,39158.0,215.1046,2100.0,58.33333,2235.0,62.08333,2.0
1758076329.58234,32244.0,177.12428,39257.0,215.64842,2290.0,63.61111,1744.0,48.44444,2.0
1758076329.58349,32129.0,176.49255,39325.0,216.02199,2218.0,61.61111,981.0,27.25,2.0
1758076329.59876,32024.0,175.91577,39347.0,216.14284,1930.0,53.61111,33.0,0.91667,2.0
1758076329.5999,31938.0,175.44336,39331.0,216.05495,1521.0,42.25,-486.0,-13.5,2.0
1758076329.61556,31875.0,175.09727,39289.0,215.8242,992.0,27.55556,-1127.0,-31.30556,2.0
1758076329.63179,31837.0,174.88853,39213.0,215.40672,592.0,16.44444,-1755.0,-48.75,2.0
1758076329.63388,31819.0,174.78966,39102.0,214.79698,159.0,4.41667,-2492.0,-69.22222,2.0
1758076329.64881,31820.0,174.79515,38957.0,214.00046,-67.0,-1.86111,-3105.0,-86.25,2.0
1758076329.64964,31822.0,174.80614,38784.0,213.05014,10.0,0.27778,-3595.0,-99.86111,2.0
1758076329.66479,31819.0,174.78966,38591.0,211.98993,99.0,2.75,-3926.0,-109.05556,2.0
1758076329.68081,31812.0,174.75121,38387.0,210.86931,174.0,4.83333,-4054.0,-112.61111,2.0
1758076329.6817,31803.0,174.70175,38180.0,209.73221,160.0,4.44444,-4110.0,-114.16666,2.0
1758076329.69681,31795.0,174.65781,37971.0,208.58411,236.0,6.55556,-4203.0,-116.75,2.0
1758076329.70323,31773.0,174.53696,37757.0,207.40855,632.0,17.55556,-4261.0,-118.36111,2.0
1758076329.71891,31733.0,174.31723,37535.0,206.18907,893.0,24.80556,-4495.0,-124.86111,2.0
1758076329.71966,31682.0,174.03708,37296.0,204.87617,1049.0,29.13889,-4980.0,-138.33333,2.0
1758076329.73588,31637.0,173.78989,37029.0,203.40948,738.0,20.5,-5545.0,-154.02777,2.0
1758076329.75229,31612.0,173.65256,36733.0,201.78346,279.0,7.75,-6061.0,-168.36111,2.0
1758076329.75267,31609.0,173.63608,36406.0,199.98718,-87.0,-2.41667,-6768.0,-188.0,2.0
1758076329.76788,31618.0,173.68552,36056.0,198.06454,-188.0,-5.22222,-6916.0,-192.11111,2.0
1758076329.76909,31624.0,173.71848,35713.0,196.18037,-24.0,-0.66667,-6704.0,-186.22223,2.0
1758076329.78496,31621.0,173.702,35383.0,194.36758,108.0,3.0,-6343.0,-176.19444,2.0
1758076329.80274,31615.0,173.66904,35084.0,192.72511,149.0,4.13889,-5486.0,-152.38889,2.0
1758076329.8032,31604.0,173.60861,34834.0,191.35179,270.0,7.5,-4545.0,-126.25,2.0
1758076329.81968,31596.0,173.56467,34621.0,190.18173,-1.0,-0.02778,-3996.0,-111.0,2.0
1758076329.82089,31610.0,173.64157,34422.0,189.08856,-455.0,-12.63889,-3908.0,-108.55556,2.0
1758076329.83787,31662.0,173.92722,34218.0,187.96796,-1559.0,-43.30556,-4105.0,-114.02778,2.0
1758076329.83984,31784.0,174.59738,33998.0,186.75945,-3081.0,-85.58334,-4531.0,-125.86111,2.0
1758076329.85855,31985.0,175.70154,33749.0,185.39163,-4599.0,-127.75,-5162.0,-143.38889,2.0
1758076329.85892,32259.0,177.20668,33469.0,183.85352,-6015.0,-167.08333,-5740.0,-159.44444,2.0
1758076329.88209,32599.0,179.07439,33171.0,182.21654,-7207.0,-200.19444,-5940.0,-165.0,2.0
1758076329.88451,32988.0,181.21126,32876.0,180.59601,-7997.0,-222.13889,-5752.0,-159.77777,2.0
1758076329.90003,33410.0,183.52942,32599.0,179.07439,-8634.0,-239.83333,-5159.0,-143.30556,2.0
1758076329.90349,33854.0,185.96841,32365.0,177.78897,-8803.0,-244.52777,-4175.0,-115.97222,2.0
1758076329.91882,34300.0,188.4184,32185.0,176.80017,-8888.0,-246.88889,-3071.0,-85.30556,2.0
1758076329.91964,34750.0,190.89037,32057.0,176.09705,-8792.0,-244.22223,-2081.0,-57.80556,2.0
1758076329.93732,35192.0,193.31837,31976.0,175.6521,-8747.0,-242.97223,-1241.0,-34.47222,2.0
1758076329.95288,35636.0,195.75737,31936.0,175.43237,-8653.0,-240.36111,-514.0,-14.27778,2.0
1758076329.95354,36075.0,198.16891,31922.0,175.35545,-8558.0,-237.72223,-129.0,-3.58333,2.0
1758076329.96888,36510.0,200.55849,31919.0,175.33897,-8495.0,-235.97223,-38.0,-1.05556,2.0
1758076329.96975,36936.0,202.89859,31917.0,175.32799,-8342.0,-231.72223,-45.0,-1.25,2.0
1758076329.98484,37356.0,205.20576,31914.0,175.31151,-8186.0,-227.38889,-79.0,-2.19444,2.0
1758076330.00084,37753.0,207.38658,31909.0,175.28404,-7690.0,-213.61111,-74.0,-2.05556,2.0
1758076330.00176,38131.0,209.46304,31904.0,175.25658,-7280.0,-202.22223,-165.0,-4.58333,2.0
1758076330.01683,38477.0,211.36369,31893.0,175.19615,-6464.0,-179.55556,-254.0,-7.05556,2.0
1758076330.03266,38781.0,213.03363,31877.0,175.10826,-5669.0,-157.47223,-375.0,-10.41667,2.0
1758076330.03354,39048.0,214.50035,31851.0,174.96544,-4914.0,-136.5,-622.0,-17.27778,2.0
1758076330.04892,39272.0,215.73082,31811.0,174.74571,-4038.0,-112.16666,-912.0,-25.33333,2.0
1758076330.04972,39446.0,216.68666,31756.0,174.44357,-2964.0,-82.33334,-1199.0,-33.30556,2.0
1758076330.0649,39562.0,217.32388,31696.0,174.11398,-1773.0,-49.25,-1167.0,-32.41667,2.0
1758076330.08293,39616.0,217.62051,31639.0,173.80087,-527.0,-14.63889,-1116.0,-31.0,2.0
1758076330.08335,39615.0,217.61502,31585.0,173.50424,226.0,6.27778,-992.0,-27.55556,2.0
1758076330.09897,39592.0,217.48868,31541.0,173.26253,688.0,19.11111,-805.0,-22.36111,2.0
1758076330.09973,39541.0,217.20851,31505.0,173.06477,1230.0,34.16667,-638.0,-17.72222,2.0
1758076330.11498,39461.0,216.76906,31479.0,172.92195,1834.0,50.94444,-421.0,-11.69444,2.0
1758076330.13168,39350.0,216.15932,31466.0,172.85054,2484.0,69.0,-118.0,-3.27778,2.0
1758076330.13236,39208.0,215.37926,31466.0,172.85054,3050.0,84.72222,34.0,0.94444,2.0
1758076330.14792,39036.0,214.43442,31467.0,172.85603,3635.0,100.97222,-9.0,-0.25,2.0
1758076330.1491,38840.0,213.35776,31467.0,172.85603,4026.0,111.83334,0.0,0.0,2.0
1758076330.16397,38629.0,212.19867,31468.0,172.86153,4320.0,120.0,46.0,1.27778,2.0
1758076330.17996,38401.0,210.94621,31476.0,172.90547,4679.0,129.97223,271.0,7.52778,2.0
1758076330.18115,38150.0,209.56741,31501.0,173.0428,5244.0,145.66667,655.0,18.19444,2.0
1758076330.19698,37869.0,208.0238,31545.0,173.2845,5814.0,161.5,1080.0,30.0,2.0
1758076330.21268,37557.0,206.30992,31616.0,173.67453,6409.0,178.02777,1652.0,45.88889,2.0
1758076330.21365,37206.0,204.38177,31708.0,174.1799,7314.0,203.16667,1923.0,53.41667,2.0
1758076330.22902,36819.0,202.25589,31805.0,174.71274,7745.0,215.13889,1809.0,50.25,2.0
1758076330.22979,36444.0,200.19592,31881.0,175.13023,7103.0,197.30556,1179.0,32.75,2.0
1758076330.24503,36112.0,198.37216,31911.0,175.29503,6047.0,167.97223,55.0,1.52778,2.0
1758076330.26181,35849.0,196.92744,31893.0,175.19615,4525.0,125.69444,-562.0,-15.61111,2.0
1758076330.26258,35660.0,195.88921,31850.0,174.95995,3177.0,88.25,-1055.0,-29.30556,2.0
1758076330.27803,35534.0,195.19707,31786.0,174.60837,1978.0,54.94444,-1405.0,-39.02778,2.0
1758076330.27879,35463.0,194.80705,31709.0,174.18539,992.0,27.55556,-1538.0,-42.72222,2.0
1758076330.29398,35439.0,194.6752,31635.0,173.7789,123.0,3.41667,-1384.0,-38.44444,2.0
1758076330.31,35443.0,194.69717,31575.0,173.44931,-96.0,-2.66667,-969.0,-26.91667,2.0
1758076330.3116,35445.0,194.70816,31545.0,173.2845,-4.0,-0.11111,-324.0,-9.0,2.0
1758076330.32708,35445.0,194.70816,31542.0,173.26802,4.0,0.11111,107.0,2.97222,2.0
1758076330.34376,35444.0,194.70267,31547.0,173.29549,34.0,0.94444,78.0,2.16667,2.0
1758076330.34525,35440.0,194.68069,31555.0,173.33945,112.0,3.11111,224.0,6.22222,2.0
1758076330.36103,35428.0,194.61478,31574.0,173.44382,343.0,9.52778,577.0,16.02778,2.0
1758076330.36185,35405.0,194.48843,31617.0,173.68002,558.0,15.5,1057.0,29.36111,2.0
1758076330.37705,35372.0,194.30716,31679.0,174.0206,716.0,19.88889,1354.0,37.61111,2.0
1758076330.3926,35330.0,194.07645,31758.0,174.45456,882.0,24.5,1692.0,47.0,2.0
1758076330.39365,35283.0,193.81827,31848.0,174.94896,920.0,25.55556,1863.0,51.75,2.0
1758076330.40907,35232.0,193.53812,31945.0,175.48181,1091.0,30.30556,1951.0,54.19444,2.0
1758076330.40985,35172.0,193.20851,32050.0,176.05859,1234.0,34.27778,2180.0,60.55556,2.0
1758076330.42502,35107.0,192.85146,32170.0,176.71777,1401.0,38.91667,2498.0,69.38889,2.0
1758076330.44104,35027.0,192.412,32307.0,177.47035,1720.0,47.77778,2917.0,81.02778,2.0
1758076330.4418,34930.0,191.87914,32468.0,178.35478,2110.0,58.61111,3425.0,95.13889,2.0
1758076330.45705,34814.0,191.24193,32659.0,179.40398,2473.0,68.69444,4008.0,111.33334,2.0
1758076330.47356,34679.0,190.50034,32880.0,180.61798,2800.0,77.77778,4596.0,127.66666,2.0
1758076330.47395,34530.0,189.68185,33129.0,181.98579,3032.0,84.22222,5127.0,142.41667,2.0
1758076330.49085,34376.0,188.83588,33405.0,183.50194,3047.0,84.63889,5711.0,158.63889,2.0
1758076330.49164,34223.0,187.99542,33709.0,185.17191,2946.0,81.83334,6214.0,172.61111,2.0
1758076330.50711,34079.0,187.20439,34031.0,186.94072,2740.0,76.11111,6458.0,179.38889,2.0
1758076330.5243,33948.0,186.48479,34368.0,188.79193,2430.0,67.5,6814.0,189.27777,2.0
1758076330.52477,33835.0,185.86404,34716.0,190.7036,2045.0,56.80556,6851.0,190.30556,2.0
1758076330.54003,33744.0,185.36417,35061.0,192.59877,1629.0,45.25,6787.0,188.52777,2.0
1758076330.54214,33676.0,184.99063,35402.0,194.47195,1149.0,31.91667,6679.0,185.52777,2.0
1758076330.55711,33628.0,184.72693,35735.0,196.30122,790.0,21.94444,6446.0,179.05556,2.0
1758076330.57256,33599.0,184.56763,36053.0,198.04807,413.0,11.47222,6173.0,171.47223,2.0
1758076330.57331,33585.0,184.49072,36364.0,199.75647,217.0,6.02778,6103.0,169.52777,2.0
1758076330.58907,33576.0,184.44128,36666.0,201.41542,180.0,5.0,5885.0,163.47223,2.0
1758076330.58988,33565.0,184.38086,36958.0,203.01944,236.0,6.55556,5737.0,159.36111,2.0
1758076330.60514,33550.0,184.29846,37248.0,204.6125,400.0,11.11111,5686.0,157.94444,2.0
1758076330.62194,33520.0,184.13367,37531.0,206.1671,747.0,20.75,5509.0,153.02777,2.0
1758076330.62269,33474.0,183.88098,37803.0,207.66125,1009.0,28.02778,5306.0,147.38889,2.0
1758076330.63811,33415.0,183.55688,38065.0,209.10049,1289.0,35.80556,5053.0,140.36111,2.0
1758076330.63933,33341.0,183.15038,38309.0,210.44084,1592.0,44.22222,4596.0,127.66666,2.0
1758076330.65414,33255.0,182.67796,38527.0,211.63835,1826.0,50.72222,4070.0,113.05556,2.0
1758076330.67006,33155.0,182.12865,38718.0,212.68756,2067.0,57.41667,3537.0,98.25,2.0
1758076330.67208,33048.0,181.54085,38876.0,213.55551,2089.0,58.02778,2796.0,77.66666,2.0
1758076330.68707,32940.0,180.94759,38995.0,214.2092,2175.0,60.41667,1955.0,54.30556,2.0
1758076330.70287,32825.0,180.31586,39073.0,214.63768,2367.0,65.75,1223.0,33.97222,2.0
1758076330.70331,32704.0,179.65118,39111.0,214.84642,2411.0,66.97222,428.0,11.88889,2.0
1758076330.71918,32585.0,178.99748,39113.0,214.85741,2334.0,64.83334,-151.0,-4.19444,2.0
1758076330.7203,32472.0,178.37675,39101.0,214.79149,2160.0,60.0,-340.0,-9.44444,2.0
1758076330.73512,32370.0,177.81644,39071.0,214.62669,1896.0,52.66667,-804.0,-22.33333,2.0
1758076330.75227,32283.0,177.33852,39012.0,214.30258,1587.0,44.08333,-1420.0,-39.44444,2.0
1758076330.75265,32213.0,176.95399,38922.0,213.8082,1250.0,34.72222,-2035.0,-56.52778,2.0
1758076330.76813,32160.0,176.66284,38800.0,213.13803,912.0,25.33333,-2657.0,-73.80556,2.0
1758076330.76935,32121.0,176.44861,38649.0,212.30853,675.0,18.75,-3212.0,-89.22222,2.0
1758076330.78411,32094.0,176.30029,38475.0,211.35271,433.0,12.02778,-3635.0,-100.97222,2.0
1758076330.80014,32078.0,176.2124,38277.0,210.26506,154.0,4.27778,-4131.0,-114.75,2.0
1758076330.80098,32080.0,176.22339,38050.0,209.0181,-135.0,-3.75,-4719.0,-131.08333,2.0
1758076330.81611,32083.0,176.23987,37794.0,207.61182,10.0,0.27778,-5248.0,-145.77777,2.0
1758076330.83288,32081.0,176.22888,37513.0,206.06822,55.0,1.52778,-5834.0,-162.05556,2.0
1758076330.83326,32080.0,176.22339,37193.0,204.31036,0.0,0.0,-6703.0,-186.19444,2.0
1758076330.85,32083.0,176.23987,36835.0,202.34378,-68.0,-1.88889,-7229.0,-200.80556,2.0
1758076330.85153,32085.0,176.25085,36472.0,200.34973,3.0,0.08333,-6975.0,-193.75,2.0
1758076330.86719,32078.0,176.2124,36143.0,198.54245,262.0,7.27778,-6044.0,-167.88889,2.0
1758076330.86796,32051.0,176.06409,35873.0,197.05928,846.0,23.5,-4792.0,-133.11111,2.0
1758076330.88316,31985.0,175.70154,35669.0,195.93864,1722.0,47.83333,-3466.0,-96.27778,2.0
1758076330.90036,31873.0,175.08629,35531.0,195.18059,2557.0,71.02778,-2130.0,-59.16667,2.0
1758076330.90159,31724.0,174.26779,35458.0,194.77959,3127.0,86.86111,-919.0,-25.52778,2.0
1758076330.91719,31561.0,173.37241,35438.0,194.66971,3220.0,89.44444,-54.0,-1.5,2.0
1758076330.91807,31409.0,172.53741,35439.0,194.6752,2788.0,77.44444,0.0,0.0,2.0
1758076330.93321,31289.0,171.87823,35438.0,194.66971,2032.0,56.44444,-58.0,-1.61111,2.0
1758076330.94999,31218.0,171.48822,35425.0,194.5983,950.0,26.38889,-440.0,-12.22222,2.0
1758076330.95081,31203.0,171.40582,35388.0,194.39505,-177.0,-4.91667,-933.0,-25.91667,2.0
1758076330.96622,31233.0,171.57062,35329.0,194.07095,-895.0,-24.86111,-1320.0,-36.66667,2.0
1758076330.96746,31301.0,171.94415,35255.0,193.66446,-1682.0,-46.72222,-1580.0,-43.88889,2.0
1758076330.98326,31404.0,172.50995,35176.0,193.23048,-2288.0,-63.55556,-1503.0,-41.75,2.0
1758076330.99917,31534.0,173.22408,35105.0,192.84047,-2774.0,-77.05556,-1328.0,-36.88889,2.0
1758076330.99988,31684.0,174.04807,35047.0,192.52187,-3083.0,-85.63889,-1029.0,-28.58333,2.0
1758076331.01527,31847.0,174.94347,35000.0,192.26369,-3317.0,-92.13889,-808.0,-22.44444,2.0
1758076331.03217,32018.0,175.88281,34966.0,192.07692,-3480.0,-96.66666,-604.0,-16.77778,2.0
1758076331.03284,32201.0,176.88808,34937.0,191.91759,-3753.0,-104.25,-571.0,-15.86111,2.0
1758076331.04823,32404.0,178.0032,34901.0,191.71983,-4201.0,-116.69444,-890.0,-24.72222,2.0
1758076331.04906,32634.0,179.26665,34842.0,191.39574,-4778.0,-132.72223,-1358.0,-37.72222,2.0
1758076331.06429,32892.0,180.6839,34759.0,190.9398,-5286.0,-146.83333,-1852.0,-51.44444,2.0
1758076331.08029,33174.0,182.23302,34651.0,190.34653,-5824.0,-161.77777,-2317.0,-64.36111,2.0
1758076331.08103,33483.0,183.93042,34523.0,189.6434,-6315.0,-175.41667,-2656.0,-73.77778,2.0
1758076331.09627,33812.0,185.7377,34382.0,188.86884,-6600.0,-183.33333,-2848.0,-79.11111,2.0
1758076331.09755,34155.0,187.62187,34236.0,188.06683,-6938.0,-192.72223,-2846.0,-79.05556,2.0
1758076331.11324,34517.0,189.61044,34095.0,187.29228,-7321.0,-203.36111,-2761.0,-76.69444,2.0
1758076331.12931,34890.0,191.65941,33961.0,186.5562,-7353.0,-204.25,-2569.0,-71.36111,2.0
1758076331.1301,35267.0,193.73038,33837.0,185.87503,-7514.0,-208.72223,-2358.0,-65.5,2.0
1758076331.14829,35642.0,195.79033,33725.0,185.2598,-7272.0,-202.0,-2085.0,-57.91667,2.0
1758076331.14911,36002.0,197.76791,33626.0,184.71594,-6998.0,-194.38889,-1801.0,-50.02778,2.0
1758076331.1643,36351.0,199.68506,33542.0,184.25452,-6820.0,-189.44444,-1556.0,-43.22222,2.0
1758076331.18191,36684.0,201.5143,33471.0,183.8645,-6394.0,-177.61111,-1321.0,-36.69444,2.0
1758076331.18304,37001.0,203.25568,33408.0,183.51843,-6150.0,-170.83333,-1137.0,-31.58333,2.0
1758076331.19829,37306.0,204.93111,33356.0,183.23277,-5935.0,-164.86111,-993.0,-27.58333,2.0
1758076331.20168,37594.0,206.51317,33308.0,182.9691,-5504.0,-152.88889,-960.0,-26.66667,2.0
1758076331.21726,37865.0,208.00183,33260.0,182.70543,-5261.0,-146.13889,-902.0,-25.05556,2.0
1758076331.21831,38125.0,209.43008,33212.0,182.44176,-5018.0,-139.38889,-1025.0,-28.47222,2.0
1758076331.23333,38371.0,210.78142,33154.0,182.12315,-4717.0,-131.02777,-1200.0,-33.33333,2.0
1758076331.24934,38595.0,212.0119,33095.0,181.79903,-4217.0,-117.13889,-1129.0,-31.36111,2.0
1758076331.25289,38794.0,213.10507,33035.0,181.46944,-3716.0,-103.22222,-1249.0,-34.69444,2.0
1758076331.26831,38972.0,214.08286,32969.0,181.10689,-3309.0,-91.91666,-1368.0,-38.0,2.0
1758076331.26965,39127.0,214.93431,32892.0,180.6839,-2885.0,-80.13889,-1665.0,-46.25,2.0
1758076331.28433,39259.0,215.65941,32801.0,180.18402,-2428.0,-67.44444,-1935.0,-53.75,2.0
1758076331.30034,39371.0,216.27467,32694.0,179.59624,-2047.0,-56.86111,-2217.0,-61.58333,2.0
1758076331.30229,39462.0,216.77455,32574.0,178.93706,-1584.0,-44.0,-2447.0,-67.97222,2.0
1758076331.31738,39529.0,217.14259,32444.0,178.22293,-1074.0,-29.83333,-2618.0,-72.72222,2.0
1758076331.31859,39570.0,217.36783,32309.0,177.48134,-622.0,-17.27778,-2698.0,-74.94444,2.0
1758076331.33333,39581.0,217.42825,32175.0,176.74524,77.0,2.13889,-2515.0,-69.86111,2.0
1758076331.37586,39568.0,217.35684,32057.0,176.09705,412.0,11.44444,-2163.0,-60.08333,2.0
1758076331.37672,39531.0,217.15358,31960.0,175.56421,987.0,27.41667,-1615.0,-44.86111,2.0
1758076331.37772,39460.0,216.76357,31895.0,175.20714,1677.0,46.58333,-1046.0,-29.05556,2.0
1758076331.3785,39353.0,216.1758,31859.0,175.00938,2469.0,68.58334,-489.0,-13.58333,2.0
1758076331.38317,39208.0,215.37926,31847.0,174.94347,3135.0,87.08334,-75.0,-2.08333,2.0
1758076331.39844,39030.0,214.40146,31847.0,174.94347,3777.0,104.91666,0.0,0.0,2.0
1758076331.39924,38826.0,213.28085,31847.0,174.94347,4174.0,115.94444,4.0,0.11111,2.0
1758076331.4163,38609.0,212.08881,31848.0,174.94896,4423.0,122.86111,41.0,1.13889,2.0
1758076331.43223,38378.0,210.81987,31854.0,174.98192,4684.0,130.11111,206.0,5.72222,2.0
1758076331.43341,38130.0,209.45755,31873.0,175.08629,5134.0,142.61111,474.0,13.16667,2.0
1758076331.45,37856.0,207.95239,31899.0,175.22911,5627.0,156.30556,462.0,12.83333,2.0
1758076331.4516,37558.0,206.31541,31913.0,175.30602,6007.0,166.86111,55.0,1.52778,2.0
1758076331.4691,37264.0,204.70039,31907.0,175.27306,5581.0,155.02777,-161.0,-4.47222,2.0
1758076331.46973,37011.0,203.31061,31895.0,175.20714,4528.0,125.77778,-326.0,-9.05556,2.0
1758076331.48535,36818.0,202.2504,31870.0,175.06981,3284.0,91.22222,-557.0,-15.47222,2.0
1758076331.50215,36685.0,201.51979,31835.0,174.87755,2127.0,59.08333,-791.0,-21.97222,2.0
1758076331.50285,36603.0,201.06935,31796.0,174.6633,1278.0,35.5,-741.0,-20.58333,2.0
1758076331.51859,36553.0,200.79469,31759.0,174.46005,653.0,18.13889,-555.0,-15.41667,2.0
1758076331.51919,36528.0,200.65736,31747.0,174.39413,556.0,15.44444,-11.0,-0.30556,2.0
1758076331.53523,36503.0,200.52003,31754.0,174.43259,477.0,13.25,180.0,5.0,2.0
1758076331.55147,36479.0,200.38818,31769.0,174.51498,456.0,12.66667,373.0,10.36111,2.0
1758076331.55226,36457.0,200.26733,31794.0,174.65231,430.0,11.94444,657.0,18.25,2.0
1758076331.56741,36433.0,200.1355,31843.0,174.92149,554.0,15.38889,1255.0,34.86111,2.0
1758076331.56858,36392.0,199.91028,31925.0,175.37193,1065.0,29.58333,1915.0,53.19444,2.0
1758076331.58345,36321.0,199.52026,32045.0,176.03113,1647.0,45.75,2705.0,75.13889,2.0
1758076331.59944,36221.0,198.97092,32204.0,176.90456,2230.0,61.94444,3463.0,96.19444,2.0
1758076331.60069,36096.0,198.28427,32402.0,177.99222,2687.0,74.63889,4213.0,117.02778,2.0
1758076331.61538,35951.0,197.48775,32635.0,179.27214,2978.0,82.72222,4853.0,134.80556,2.0
1758076331.63153,35794.0,196.62532,32896.0,180.70589,3159.0,87.75,5289.0,146.91667,2.0
1758076331.63269,35630.0,195.72441,33172.0,182.22203,3295.0,91.52778,5524.0,153.44444,2.0
1758076331.64748,35463.0,194.80705,33454.0,183.77112,3280.0,91.11111,5631.0,156.41667,2.0
1758076331.64861,35303.0,193.92813,33737.0,185.32571,3016.0,83.77778,5538.0,153.83333,2.0
1758076331.66346,35160.0,193.14259,34012.0,186.83635,2663.0,73.97222,5362.0,148.94444,2.0
1758076331.67945,35037.0,192.46693,34283.0,188.32501,2303.0,63.97222,5331.0,148.08333,2.0
1758076331.68028,34928.0,191.86815,34553.0,189.8082,2074.0,57.61111,5340.0,148.33333,2.0
1758076331.69546,34830.0,191.32982,34823.0,191.29137,1859.0,51.63889,5245.0,145.69444,2.0
1758076331.71147,34739.0,190.82994,35088.0,192.74709,1729.0,48.02778,5223.0,145.08333,2.0
1758076331.71265,34654.0,190.36301,35353.0,194.20279,1649.0,45.80556,5237.0,145.47223,2.0
1758076331.7275,34574.0,189.92355,35618.0,195.65849,1558.0,43.27778,5155.0,143.19444,2.0
1758076331.72862,34498.0,189.50607,35876.0,197.07576,1433.0,39.80556,5017.0,139.36111,2.0
1758076331.74352,34429.0,189.12701,36127.0,198.45456,1342.0,37.27778,4931.0,136.97223,2.0
1758076331.75952,34364.0,188.76996,36371.0,199.79492,1196.0,33.22222,4731.0,131.41667,2.0
1758076331.76034,34306.0,188.45135,36601.0,201.05836,1125.0,31.25,4407.0,122.41666,2.0
1758076331.77555,34250.0,188.14374,36812.0,202.21744,1071.0,29.75,4045.0,112.36111,2.0
1758076331.79161,34199.0,187.86359,37006.0,203.28314,1011.0,28.08333,3660.0,101.66666,2.0
1758076331.79233,34146.0,187.57243,37181.0,204.24445,1040.0,28.88889,3276.0,91.0,2.0
1758076331.80747,34092.0,187.2758,37337.0,205.10139,1085.0,30.13889,2907.0,80.75,2.0
1758076331.8083,34034.0,186.9572,37471.0,205.83748,1220.0,33.88889,2497.0,69.36111,2.0
1758076331.82353,33969.0,186.60014,37584.0,206.45824,1329.0,36.91667,2079.0,57.75,2.0
1758076331.84131,33898.0,186.21011,37677.0,206.9691,1517.0,42.13889,1656.0,46.0,2.0
1758076331.84216,33817.0,185.76517,37750.0,207.3701,1645.0,45.69444,1264.0,35.11111,2.0
1758076331.85766,33729.0,185.28177,37799.0,207.63928,1813.0,50.36111,783.0,21.75,2.0
1758076331.85831,33634.0,184.75989,37827.0,207.79309,1963.0,54.52778,409.0,11.36111,2.0
1758076331.87365,33533.0,184.20508,37835.0,207.83704,2035.0,56.52778,-52.0,-1.44444,2.0
1758076331.88957,33426.0,183.61731,37827.0,207.79309,2155.0,59.86111,-186.0,-5.16667,2.0
1758076331.89085,33314.0,183.00206,37818.0,207.74365,2202.0,61.16667,-174.0,-4.83333,2.0
1758076331.90557,33202.0,182.38683,37807.0,207.68323,2226.0,61.83333,-286.0,-7.94444,2.0
1758076331.92159,33091.0,181.77705,37786.0,207.56787,2164.0,60.11111,-482.0,-13.38889,2.0
1758076331.92284,32986.0,181.20027,37751.0,207.3756,2051.0,56.97222,-868.0,-24.11111,2.0
1758076331.9376,32888.0,180.66193,37697.0,207.07896,1850.0,51.38889,-1198.0,-33.27778,2.0
1758076331.93837,32799.0,180.17303,37628.0,206.69994,1641.0,45.58333,-1494.0,-41.5,2.0
1758076331.95357,32719.0,179.73358,37542.0,206.22752,1551.0,43.08333,-1824.0,-50.66667,2.0
1758076331.96959,32644.0,179.32158,37442.0,205.67818,1454.0,40.38889,-2089.0,-58.02778,2.0
1758076331.97039,32569.0,178.90959,37333.0,205.07942,1502.0,41.72222,-2255.0,-62.63889,2.0
1758076331.98559,32491.0,178.48112,37216.0,204.43671,1544.0,42.88889,-2334.0,-64.83334,2.0
1758076332.0024,32410.0,178.03616,37098.0,203.78851,1643.0,45.63889,-2326.0,-64.61111,2.0
1758076332.00354,32324.0,177.56375,36983.0,203.15677,1785.0,49.58333,-2207.0,-61.30556,2.0
1758076332.01973,32224.0,177.01442,36879.0,202.58548,2094.0,58.16667,-1937.0,-53.80556,2.0
1758076332.0218,32108.0,176.3772,36790.0,202.09659,2468.0,68.55556,-1612.0,-44.77778,2.0
1758076332.0386,31971.0,175.62463,36718.0,201.70107,2861.0,79.47222,-1266.0,-35.16667,2.0
1758076332.03918,31819.0,174.78966,36662.0,201.39345,3113.0,86.47222,-943.0,-26.19444,2.0
1758076332.05454,31659.0,173.91074,36625.0,201.1902,3195.0,88.75,-580.0,-16.11111,2.0
1758076332.07061,31496.0,173.01534,36606.0,201.08583,3211.0,89.19444,-171.0,-4.75,2.0
1758076332.07143,31334.0,172.12543,36607.0,201.09132,3181.0,88.36111,103.0,2.86111,2.0
1758076332.08659,31175.0,171.25201,36614.0,201.12978,3120.0,86.66666,139.0,3.86111,2.0
1758076332.08789,31018.0,170.38956,36618.0,201.15175,3051.0,84.75,27.0,0.75,2.0
1758076332.10369,30865.0,169.54909,36618.0,201.15175,2956.0,82.11111,-7.0,-0.19444,2.0
1758076332.11964,30723.0,168.76906,36618.0,201.15175,2692.0,74.77778,-4.0,-0.11111,2.0
1758076332.12044,30594.0,168.06042,36618.0,201.15175,2389.0,66.36111,0.0,0.0,2.0
1758076332.13564,30485.0,167.46165,36618.0,201.15175,1975.0,54.86111,-4.0,-0.11111,2.0
1758076332.15175,30400.0,166.99474,36618.0,201.15175,1482.0,41.16667,0.0,0.0,2.0
1758076332.15295,30342.0,166.67613,36618.0,201.15175,856.0,23.77778,0.0,0.0,2.0
1758076332.16766,30316.0,166.53331,36617.0,201.14626,279.0,7.75,0.0,0.0,2.0
1758076332.16882,30316.0,166.53331,36617.0,201.14626,-174.0,-4.83333,0.0,0.0,2.0
1758076332.18359,30333.0,166.62669,36617.0,201.14626,-492.0,-13.66667,4.0,0.11111,2.0
1758076332.19973,30373.0,166.84642,36617.0,201.14626,-1036.0,-28.77778,0.0,0.0,2.0
1758076332.20085,30443.0,167.23094,36615.0,201.13527,-1625.0,-45.13889,-52.0,-1.44444,2.0
1758076332.21777,30546.0,167.79675,36610.0,201.1078,-2381.0,-66.13889,-124.0,-3.44444,2.0
1758076332.21884,30691.0,168.59328,36596.0,201.0309,-3235.0,-89.86111,-441.0,-12.25,2.0
1758076332.23367,30880.0,169.63148,36556.0,200.81117,-4156.0,-115.44444,-1049.0,-29.13889,2.0
1758076332.24974,31114.0,170.91692,36487.0,200.43214,-4978.0,-138.27777,-1580.0,-43.88889,2.0
1758076332.25048,31387.0,172.41656,36391.0,199.90479,-5721.0,-158.91667,-2139.0,-59.41667,2.0
1758076332.26578,31694.0,174.103,36271.0,199.24561,-6279.0,-174.41667,-2534.0,-70.38889,2.0
1758076332.28254,32022.0,175.90479,36134.0,198.49301,-6585.0,-182.91667,-2824.0,-78.44444,2.0
1758076332.28368,32360.0,177.76151,35988.0,197.69101,-6742.0,-187.27777,-2873.0,-79.80556,2.0
1758076332.2988,32707.0,179.66766,35842.0,196.88899,-6948.0,-193.0,-2868.0,-79.66666,2.0
1758076332.30073,33058.0,181.59578,35699.0,196.10344,-6899.0,-191.63889,-2802.0,-77.83334,2.0
1758076332.31578,33412.0,183.54041,35562.0,195.35088,-7098.0,-197.16667,-2644.0,-73.44444,2.0
1758076332.33174,33775.0,185.53445,35433.0,194.64224,-7036.0,-195.44444,-2429.0,-67.47222,2.0
1758076332.33253,34130.0,187.48454,35318.0,194.01053,-7019.0,-194.97223,-2175.0,-60.41667,2.0
1758076332.34773,34485.0,189.43466,35215.0,193.44473,-7021.0,-195.02777,-1926.0,-53.5,2.0
1758076332.3485,34839.0,191.37926,35126.0,192.95583,-6947.0,-192.97223,-1652.0,-45.88889,2.0
1758076332.36471,35189.0,193.3019,35048.0,192.52736,-6925.0,-192.36111,-1403.0,-38.97222,2.0
1758076332.38421,35539.0,195.22453,34982.0,192.16481,-6841.0,-190.02777,-1219.0,-33.86111,2.0
1758076332.38553,35879.0,197.09224,34925.0,191.85167,-6666.0,-185.16667,-1028.0,-28.55556,2.0
1758076332.40169,36214.0,198.93246,34876.0,191.5825,-6627.0,-184.08333,-974.0,-27.05556,2.0
1758076332.40238,36545.0,200.75075,34830.0,191.32982,-6420.0,-178.33333,-868.0,-24.11111,2.0
1758076332.41787,36865.0,202.50858,34787.0,191.09361,-6275.0,-174.30556,-820.0,-22.77778,2.0
1758076332.41856,37179.0,204.23346,34748.0,190.87938,-6137.0,-170.47223,-765.0,-21.25,2.0
1758076332.43389,37484.0,205.90889,34710.0,190.67064,-5899.0,-163.86111,-734.0,-20.38889,2.0
1758076332.44987,37776.0,207.51294,34674.0,190.47287,-5728.0,-159.11111,-690.0,-19.16667,2.0
1758076332.45057,38062.0,209.08401,34637.0,190.26962,-5573.0,-154.80556,-755.0,-20.97222,2.0
1758076332.4667,38339.0,210.60564,34598.0,190.05539,-5375.0,-149.30556,-806.0,-22.38889,2.0
1758076332.46794,38606.0,212.07233,34553.0,189.8082,-5182.0,-143.94444,-908.0,-25.22222,2.0
1758076332.48462,38862.0,213.47861,34506.0,189.55002,-4999.0,-138.86111,-985.0,-27.36111,2.0
1758076332.50237,39105.0,214.81346,34454.0,189.26437,-4647.0,-129.08333,-1041.0,-28.91667,2.0
1758076332.50319,39324.0,216.01649,34400.0,188.96771,-4118.0,-114.38889,-1040.0,-28.88889,2.0
1758076332.51884,39517.0,217.07668,34348.0,188.68207,-3581.0,-99.47222,-1031.0,-28.63889,2.0
1758076332.51956,39682.0,217.98306,34298.0,188.40741,-3015.0,-83.75,-964.0,-26.77778,2.0
1758076332.53586,39820.0,218.74113,34250.0,188.14374,-2494.0,-69.27778,-914.0,-25.38889,2.0
1758076332.55183,39931.0,219.35088,34204.0,187.89105,-1936.0,-53.77778,-926.0,-25.72222,2.0
1758076332.55298,40015.0,219.8123,34155.0,187.62187,-1455.0,-40.41667,-980.0,-27.22222,2.0
1758076332.5679,40072.0,220.12544,34102.0,187.33073,-878.0,-24.38889,-1093.0,-30.36111,2.0
1758076332.56864,40105.0,220.30672,34044.0,187.01213,-494.0,-13.72222,-1215.0,-33.75,2.0
1758076332.58498,40120.0,220.38911,33979.0,186.65508,-157.0,-4.36111,-1349.0,-37.47222,2.0
1758076332.60194,40119.0,220.38362,33905.0,186.24857,128.0,3.55556,-1549.0,-43.02778,2.0
1758076332.60225,40110.0,220.33418,33822.0,185.79263,210.0,5.83333,-1700.0,-47.22222,2.0
1758076332.61793,40094.0,220.24629,33732.0,185.29825,408.0,11.33333,-1824.0,-50.66667,2.0
1758076332.61866,40069.0,220.10896,33637.0,184.77637,578.0,16.05556,-1898.0,-52.72222,2.0
1758076332.63386,40031.0,219.90019,33541.0,184.24902,917.0,25.47222,-1900.0,-52.77778,2.0
1758076332.64995,39974.0,219.58708,33444.0,183.71619,1279.0,35.52778,-1916.0,-53.22222,2.0
1758076332.65105,39899.0,219.17509,33347.0,183.18333,1591.0,44.19444,-1909.0,-53.02778,2.0
1758076332.66589,39808.0,218.67522,33251.0,182.65599,1930.0,53.61111,-1902.0,-52.83333,2.0
1758076332.68194,39704.0,218.10391,33152.0,182.11217,2135.0,59.30556,-1967.0,-54.63889,2.0
1758076332.6827,39593.0,217.49417,33050.0,181.55183,2230.0,61.94444,-2087.0,-57.97222,2.0
1758076332.69793,39478.0,216.86244,32940.0,180.94759,2282.0,63.38889,-2229.0,-61.91667,2.0
1758076332.6987,39364.0,216.23622,32820.0,180.28839,2234.0,62.05556,-2441.0,-67.80556,2.0
1758076332.71387,39252.0,215.62096,32691.0,179.57976,2190.0,60.83333,-2633.0,-73.13889,2.0
1758076332.73,39144.0,215.02769,32553.0,178.8217,2107.0,58.52778,-2801.0,-77.80556,2.0
1758076332.73143,39039.0,214.4509,32408.0,178.02518,2026.0,56.27778,-2894.0,-80.38889,2.0
1758076332.74688,38940.0,213.90707,32259.0,177.20668,1900.0,52.77778,-2991.0,-83.08334,2.0
1758076332.74842,38848.0,213.4017,32107.0,176.3717,1760.0,48.88889,-3012.0,-83.66666,2.0
1758076332.76434,38762.0,212.92926,31954.0,175.53125,1608.0,44.66667,-3007.0,-83.52778,2.0
1758076332.77987,38685.0,212.50629,31801.0,174.69077,1472.0,40.88889,-3004.0,-83.44444,2.0
1758076332.78196,38615.0,212.12177,31651.0,173.86679,1314.0,36.5,-2929.0,-81.36111,2.0
1758076332.79692,38551.0,211.7702,31506.0,173.07027,1197.0,33.25,-2791.0,-77.52778,2.0
1758076332.79818,38493.0,211.45158,31369.0,172.31769,1095.0,30.41667,-2656.0,-73.77778,2.0
1758076332.81399,38441.0,211.16594,31241.0,171.61456,1004.0,27.88889,-2436.0,-67.66666,2.0
1758076332.82994,38396.0,210.91875,31123.0,170.96635,754.0,20.94444,-2241.0,-62.25,2.0
1758076332.83056,38366.0,210.75395,31015.0,170.37308,495.0,13.75,-2039.0,-56.63889,2.0
1758076332.84754,38344.0,210.6331,30917.0,169.83475,367.0,10.19444,-1863.0,-51.75,2.0
1758076332.86991,38329.0,210.5507,30829.0,169.35133,285.0,7.91667,-1630.0,-45.27778,2.0
1758076332.8713,38314.0,210.46831,30753.0,168.93385,272.0,7.55556,-1398.0,-38.83333,2.0
1758076332.87205,38297.0,210.37492,30688.0,168.5768,465.0,12.91667,-1164.0,-32.33333,2.0
1758076332.88802,38260.0,210.17166,30655.0,168.39551,986.0,27.38889,-169.0,-4.69444,2.0
1758076332.88962,38182.0,209.74319,30683.0,168.54933,1982.0,55.05556,1125.0,31.25,2.0
1758076332.90794,38049.0,209.0126,30780.0,169.08217,3185.0,88.47222,2476.0,68.77778,2.0
1758076332.90831,37851.0,207.92493,30942.0,169.97208,4429.0,123.02778,3726.0,103.5,2.0
1758076332.92395,37595.0,206.51866,31157.0,171.15312,5444.0,151.22223,4631.0,128.63889,2.0
1758076332.93999,37299.0,204.89265,31410.0,172.54291,6092.0,169.22223,5234.0,145.38889,2.0
1758076332.94077,36986.0,203.17325,31684.0,174.04807,6202.0,172.27777,5558.0,154.38889,2.0
1758076332.956,36680.0,201.49232,31967.0,175.60266,5899.0,163.86111,5582.0,155.05556,2.0
1758076332.97202,36385.0,199.87183,32249.0,177.15175,5786.0,160.72223,5559.0,154.41667,2.0
1758076332.97276,36098.0,198.29526,32531.0,178.70085,5547.0,154.08333,5598.0,155.5,2.0
1758076332.98794,35831.0,196.82857,32812.0,180.24445,5065.0,140.69444,5536.0,153.77777,2.0
1758076332.98881,35594.0,195.52666,33087.0,181.75508,4308.0,119.66666,5333.0,148.13889,2.0
1758076333.00396,35398.0,194.44998,33354.0,183.22179,3564.0,99.0,5237.0,145.47223,2.0
1758076333.02001,35235.0,193.5546,33616.0,184.66101,2969.0,82.47222,5093.0,141.47223,2.0
1758076333.02166,35100.0,192.813,33867.0,186.03983,2467.0,68.52778,4852.0,134.77777,2.0
1758076333.03697,34987.0,192.19228,34105.0,187.34721,2037.0,56.58333,4640.0,128.88889,2.0
1758076333.03866,34894.0,191.68138,34338.0,188.62714,1658.0,46.05556,4505.0,125.13889,2.0
1758076333.05396,34820.0,191.27489,34561.0,189.85214,1341.0,37.25,4358.0,121.05556,2.0
1758076333.07004,34759.0,190.9398,34776.0,191.03319,1081.0,30.02778,4206.0,116.83334,2.0
1758076333.07198,34710.0,190.67064,34984.0,192.1758,880.0,24.44444,4090.0,113.61111,2.0
1758076333.08718,34671.0,190.45639,35189.0,193.3019,731.0,20.30556,4004.0,111.22222,2.0
1758076333.08819,34636.0,190.26413,35390.0,194.40604,668.0,18.55556,3894.0,108.16666,2.0
1758076333.10412,34609.0,190.11581,35583.0,195.46623,459.0,12.75,3715.0,103.19444,2.0
1758076333.12003,34583.0,189.97299,35765.0,196.46602,583.0,16.19444,3515.0,97.63889,2.0
1758076333.12118,34545.0,189.76425,35937.0,197.41084,898.0,24.94444,3351.0,93.08334,2.0
1758076333.13603,34491.0,189.46762,36102.0,198.31723,1165.0,32.36111,3229.0,89.69444,2.0
1758076333.15203,34428.0,189.12152,36263.0,199.20166,1306.0,36.27778,3117.0,86.58334,2.0
1758076333.15283,34360.0,188.74799,36419.0,200.05859,1390.0,38.61111,3029.0,84.13889,2.0
1758076333.16806,34287.0,188.34698,36566.0,200.8661,1468.0,40.77778,2829.0,78.58334,2.0
1758076333.16885,34210.0,187.92401,36702.0,201.61317,1533.0,42.58333,2575.0,71.52778,2.0
1758076333.18408,34130.0,187.48454,36825.0,202.28885,1629.0,45.25,2340.0,65.0,2.0
1758076333.20005,34045.0,187.01762,36937.0,202.90408,1688.0,46.88889,2089.0,58.02778,2.0
1758076333.20203,33959.0,186.54521,37036.0,203.44794,1725.0,47.91667,1856.0,51.55556,2.0
1758076333.21704,33871.0,186.0618,37125.0,203.93683,1766.0,49.05556,1630.0,45.27778,2.0
1758076333.21864,33781.0,185.56741,37200.0,204.34882,1783.0,49.52778,1387.0,38.52778,2.0
1758076333.23402,33690.0,185.06754,37264.0,204.70039,1805.0,50.13889,1132.0,31.44444,2.0
1758076333.25019,33597.0,184.55664,37315.0,204.98055,1846.0,51.27778,918.0,25.5,2.0
1758076333.25172,33503.0,184.04028,37354.0,205.19478,1854.0,51.5,618.0,17.16667,2.0
1758076333.26708,33411.0,183.53491,37374.0,205.30464,1809.0,50.25,209.0,5.80556,2.0
1758076333.26834,33323.0,183.0515,37368.0,205.27168,1657.0,46.02778,-274.0,-7.61111,2.0
1758076333.2841,33244.0,182.61754,37344.0,205.13985,1484.0,41.22222,-632.0,-17.55556,2.0
1758076333.30008,33175.0,182.23851,37303.0,204.91463,1279.0,35.52778,-992.0,-27.55556,2.0
1758076333.30172,33115.0,181.90889,37246.0,204.6015,1143.0,31.75,-1224.0,-34.0,2.0
1758076333.31709,33063.0,181.62325,37176.0,204.21698,975.0,27.08333,-1493.0,-41.47222,2.0
1758076333.31879,33017.0,181.37056,37093.0,203.76105,819.0,22.75,-1723.0,-47.86111,2.0
1758076333.33413,32976.0,181.14534,37000.0,203.25018,809.0,22.47222,-1932.0,-53.66667,2.0
1758076333.3501,32931.0,180.89815,36899.0,202.69534,988.0,27.44444,-2018.0,-56.05556,2.0
1758076333.35072,32866.0,180.54108,36798.0,202.14053,1543.0,42.86111,-1921.0,-53.36111,2.0
1758076333.36609,32770.0,180.01373,36708.0,201.64613,2151.0,59.75,-1650.0,-45.83333,2.0
1758076333.3821,32645.0,179.32707,36630.0,201.21767,2644.0,73.44444,-1420.0,-39.44444,2.0
1758076333.38328,32502.0,178.54155,36565.0,200.86061,2960.0,82.22222,-1196.0,-33.22222,2.0
1758076333.39824,32349.0,177.70108,36510.0,200.55849,3088.0,85.77778,-966.0,-26.83333,2.0
1758076333.39896,32191.0,176.83313,36467.0,200.32227,3146.0,87.38889,-809.0,-22.47222,2.0
1758076333.4142,32032.0,175.95972,36430.0,200.11902,3155.0,87.63889,-664.0,-18.44444,2.0
1758076333.43007,31873.0,175.08629,36401.0,199.95972,3094.0,85.94444,-512.0,-14.22222,2.0
1758076333.43093,31718.0,174.23483,36379.0,199.83887,2988.0,83.0,-339.0,-9.41667,2.0
1758076333.44611,31571.0,173.42734,36369.0,199.78394,2838.0,78.83334,-104.0,-2.88889,2.0
1758076333.46219,31433.0,172.66927,36366.0,199.76746,2617.0,72.69444,-26.0,-0.72222,2.0
1758076333.46289,31308.0,171.9826,36366.0,199.76746,2320.0,64.44444,14.0,0.38889,2.0
1758076333.47819,31206.0,171.4223,36366.0,199.76746,1737.0,48.25,-5.0,-0.13889,2.0
1758076333.47895,31144.0,171.08171,36365.0,199.76196,760.0,21.11111,-38.0,-1.05556,2.0
1758076333.49418,31145.0,171.0872,36356.0,199.71252,-560.0,-15.55556,-382.0,-10.61111,2.0
1758076333.51019,31205.0,171.41681,36316.0,199.4928,-1658.0,-46.05556,-1156.0,-32.11111,2.0
1758076333.51103,31325.0,172.07599,36233.0,199.03687,-2921.0,-81.13889,-2006.0,-55.72222,2.0
1758076333.52616,31509.0,173.08675,36107.0,198.3447,-4161.0,-115.58334,-2810.0,-78.05556,2.0
1758076333.54255,31754.0,174.43259,35947.0,197.46577,-5281.0,-146.69444,-3391.0,-94.19444,2.0
1758076333.54295,32042.0,176.01465,35766.0,196.47151,-5953.0,-165.36111,-3705.0,-102.91666,2.0
1758076333.55821,32353.0,177.72305,35574.0,195.41679,-6255.0,-173.75,-3804.0,-105.66666,2.0
1758076333.55947,32677.0,179.50285,35381.0,194.3566,-6463.0,-179.52777,-3744.0,-104.0,2.0
1758076333.57419,33004.0,181.29915,35198.0,193.35133,-6468.0,-179.66667,-3524.0,-97.88889,2.0
1758076333.59019,33331.0,183.09544,35028.0,192.4175,-6466.0,-179.61111,-3237.0,-89.91666,2.0
1758076333.59103,33661.0,184.9082,34872.0,191.56053,-6517.0,-181.02777,-2966.0,-82.38889,2.0
1758076333.60617,33984.0,186.68254,34729.0,190.77501,-6277.0,-174.36111,-2729.0,-75.80556,2.0
1758076333.62216,34301.0,188.42389,34598.0,190.05539,-6260.0,-173.88889,-2495.0,-69.30556,2.0
1758076333.62307,34614.0,190.14328,34479.0,189.4017,-6120.0,-170.0,-2249.0,-62.47222,2.0
1758076333.6382,34916.0,191.80223,34372.0,188.8139,-5855.0,-162.63889,-1993.0,-55.36111,2.0
1758076333.63942,35208.0,193.40628,34278.0,188.29755,-5719.0,-158.86111,-1748.0,-48.55556,2.0
1758076333.65424,35488.0,194.94438,34196.0,187.84711,-5388.0,-149.66667,-1540.0,-42.77778,2.0
1758076333.67123,35743.0,196.34517,34125.0,187.45708,-4792.0,-133.11111,-1304.0,-36.22222,2.0
1758076333.67202,35973.0,197.60861,34064.0,187.12199,-4270.0,-118.61111,-1125.0,-31.25,2.0
1758076333.68719,36176.0,198.72372,34013.0,186.84184,-3837.0,-106.58334,-890.0,-24.72222,2.0
1758076333.68877,36358.0,199.72351,33971.0,186.61113,-3421.0,-95.02778,-775.0,-21.52778,2.0
1758076333.70421,36518.0,200.60243,33936.0,186.41887,-2979.0,-82.75,-609.0,-16.91667,2.0
1758076333.72028,36659.0,201.37697,33910.0,186.27603,-2611.0,-72.52778,-437.0,-12.13889,2.0
1758076333.72106,36781.0,202.04715,33891.0,186.17166,-2277.0,-63.25,-324.0,-9.0,2.0
1758076333.73621,36886.0,202.62393,33879.0,186.10574,-1922.0,-53.38889,-149.0,-4.13889,2.0
1758076333.75223,36972.0,203.09634,33877.0,186.09476,-1557.0,-43.25,21.0,0.58333,2.0
1758076333.75305,37044.0,203.49188,33877.0,186.09476,-1277.0,-35.47222,-38.0,-1.05556,2.0
1758076333.76825,37102.0,203.81049,33872.0,186.06729,-1044.0,-29.0,-176.0,-4.88889,2.0
1758076333.76903,37153.0,204.09064,33853.0,185.96292,-984.0,-27.33333,-526.0,-14.61111,2.0
1758076333.78429,37198.0,204.33783,33818.0,185.77066,-823.0,-22.86111,-825.0,-22.91667,2.0
1758076333.80028,37237.0,204.55206,33771.0,185.51248,-714.0,-19.83333,-989.0,-27.47222,2.0
1758076333.80204,37270.0,204.73335,33717.0,185.21585,-587.0,-16.30556,-1116.0,-31.0,2.0
1758076333.81832,37297.0,204.88167,33656.0,184.88074,-443.0,-12.30556,-1288.0,-35.77778,2.0
1758076333.81946,37309.0,204.94759,33588.0,184.5072,-78.0,-2.16667,-1387.0,-38.52778,2.0
1758076333.83426,37303.0,204.91463,33516.0,184.11169,254.0,7.05556,-1440.0,-40.0,2.0
1758076333.8503,37282.0,204.79927,33443.0,183.71069,539.0,14.97222,-1438.0,-39.94444,2.0
1758076333.8515,37247.0,204.60699,33372.0,183.32066,835.0,23.19444,-1362.0,-37.83333,2.0
1758076333.8663,37195.0,204.32135,33306.0,182.95811,1155.0,32.08333,-1260.0,-35.0,2.0
1758076333.88234,37127.0,203.94781,33245.0,182.62303,1478.0,41.05556,-1158.0,-32.16667,2.0
1758076333.88311,37046.0,203.50287,33187.0,182.30443,1672.0,46.44444,-1140.0,-31.66667,2.0
1758076333.89828,36959.0,203.02493,33128.0,181.9803,1718.0,47.72222,-1228.0,-34.11111,2.0
1758076333.89944,36875.0,202.56351,33060.0,181.60677,1618.0,44.94444,-1447.0,-40.19444,2.0
1758076333.91425,36797.0,202.13504,32978.0,181.15633,1441.0,40.02778,-1776.0,-49.33333,2.0
1758076333.93032,36728.0,201.756,32879.0,180.61249,1269.0,35.25,-2098.0,-58.27778,2.0
1758076333.9311,36668.0,201.42641,32764.0,179.98077,1101.0,30.58333,-2389.0,-66.36111,2.0
1758076333.94688,36616.0,201.14076,32636.0,179.27763,969.0,26.91667,-2602.0,-72.27778,2.0
1758076333.96231,36577.0,200.92653,32497.0,178.51408,560.0,15.55556,-2863.0,-79.52778,2.0
1758076333.96309,36562.0,200.84413,32344.0,177.67361,81.0,2.25,-3156.0,-87.66666,2.0
1758076333.97834,36569.0,200.88258,32173.0,176.73425,-215.0,-5.97222,-3519.0,-97.75,2.0
1758076333.97914,36584.0,200.96498,31983.0,175.69055,-374.0,-10.38889,-3895.0,-108.19444,2.0
1758076333.99431,36609.0,201.10231,31780.0,174.57541,-583.0,-16.19444,-4114.0,-114.27778,2.0
1758076334.01034,36639.0,201.26711,31570.0,173.42184,-573.0,-15.91667,-4166.0,-115.72222,2.0
1758076334.01117,36665.0,201.40993,31362.0,172.27924,-464.0,-12.88889,-4059.0,-112.75,2.0
1758076334.02641,36687.0,201.53078,31163.0,171.18608,-375.0,-10.41667,-3875.0,-107.63889,2.0
1758076334.04314,36701.0,201.60768,30973.0,170.14236,-204.0,-5.66667,-3664.0,-101.77778,2.0
1758076334.04393,36708.0,201.64613,30793.0,169.15358,-91.0,-2.52778,-3451.0,-95.86111,2.0
1758076334.05937,36710.0,201.65712,30624.0,168.22522,-14.0,-0.38889,-3237.0,-89.91666,2.0
1758076334.06016,36710.0,201.65712,30466.0,167.35728,0.0,0.0,-2960.0,-82.22222,2.0
1758076334.07538,36710.0,201.65712,30327.0,166.59373,0.0,0.0,-2526.0,-70.16666,2.0
1758076334.09136,36710.0,201.65712,30216.0,165.98398,9.0,0.25,-1776.0,-49.33333,2.0
1758076334.09289,36709.0,201.65163,30158.0,165.66537,46.0,1.27778,-563.0,-15.63889,2.0
1758076334.10848,36689.0,201.54176,30168.0,165.72031,775.0,21.52778,674.0,18.72222,2.0
1758076334.10922,36616.0,201.14076,30231.0,166.06638,2008.0,55.77778,1714.0,47.61111,2.0
1758076334.12438,36481.0,200.39919,30356.0,166.75304,3133.0,87.02778,3039.0,84.41666,2.0
1758076334.14033,36293.0,199.36646,30549.0,167.81323,4128.0,114.66666,4397.0,122.13889,2.0
1758076334.14162,36066.0,198.11948,30806.0,169.22499,4725.0,131.25,5475.0,152.08333,2.0
1758076334.15639,35822.0,196.77913,31100.0,170.84001,4837.0,134.36111,5915.0,164.30556,2.0
1758076334.17256,35581.0,195.45525,31401.0,172.49347,4699.0,130.52777,5956.0,165.44444,2.0
1758076334.17319,35346.0,194.16434,31701.0,174.14145,4557.0,126.58334,5947.0,165.19444,2.0
1758076334.18846,35121.0,192.92836,32000.0,175.78394,4306.0,119.61111,5832.0,162.0,2.0
1758076334.18964,34911.0,191.77477,32294.0,177.39894,3984.0,110.66666,5801.0,161.13889,2.0
1758076334.20458,34725.0,190.75304,32587.0,179.00847,3425.0,95.13889,5818.0,161.61111,2.0
1758076334.22036,34573.0,189.91806,32877.0,180.6015,2699.0,74.97222,5629.0,156.36111,2.0
1758076334.22104,34454.0,189.26437,33156.0,182.13414,2070.0,57.5,5401.0,150.02777,2.0
