timeStamp,timeStampAlign,roll,pitch,yaw,gyro_x,gyro_y,gyro_z,acc_x,acc_y,acc_z,flag_num
1758075341.73682,1758075341.71506,0.0,0.0,0.0,29.73651,93.90779,12.43318,6.26,2.31,0.32,2.0
1758075341.73964,1758075341.72506,0.0,0.0,0.0,22.51724,89.20953,8.93814,6.42,1.47,0.38,2.0
1758075341.75602,1758075341.73506,0.0,0.0,0.0,14.66772,85.02695,3.49504,6.42,1.47,0.38,2.0
1758075341.77368,1758075341.74506,0.0,0.0,0.0,6.58902,82.04756,-2.46372,8.1,1.06,0.61,2.0
1758075341.77647,1758075341.75506,0.0,0.0,0.0,-5.55769,74.25533,-14.09476,8.1,1.06,0.61,2.0
1758075341.78057,1758075341.76506,0.0,0.0,0.0,-12.60507,63.13995,-22.74642,9.65,0.79,0.66,2.0
1758075341.79713,1758075341.77506,0.0,0.0,0.0,-19.59516,51.5662,-28.64789,9.65,0.79,0.66,2.0
1758075341.79849,1758075341.78506,0.0,0.0,0.0,-27.84575,44.46153,-38.61736,10.21,1.0,0.53,2.0
1758075341.81437,1758075341.79506,0.0,0.0,0.0,-38.21629,36.89849,-46.35228,10.81,2.04,0.44,2.0
1758075341.83548,1758075341.80506,0.0,0.0,0.0,-44.40423,28.36141,-46.86795,10.81,2.04,0.44,2.0
1758075341.83797,1758075341.81506,0.0,0.0,0.0,-50.2484,18.50654,-43.88857,10.31,2.94,0.07,2.0
1758075341.84431,1758075341.82506,0.0,0.0,0.0,-55.34772,10.59972,-39.76327,10.31,2.94,0.07,2.0
1758075341.86239,1758075341.83506,0.0,0.0,0.0,-61.30648,-3.49504,-29.9084,9.78,2.97,-0.73,2.0
1758075341.8628,1758075341.84506,0.0,0.0,0.0,-64.91612,-16.38659,-23.0902,9.78,2.97,-0.73,2.0
1758075341.87842,1758075341.85506,0.0,0.0,0.0,-67.60902,-31.62727,-16.04282,8.98,2.5,-1.51,2.0
1758075341.87935,1758075341.86506,0.0,0.0,0.0,-70.47381,-48.07116,-6.99009,8.98,2.5,-1.51,2.0
1758075341.89412,1758075341.87506,0.0,0.0,0.0,-72.19269,-50.53488,-3.20856,8.79,1.48,-2.14,2.0
1758075341.91013,1758075341.88506,0.0,0.0,0.0,-75.22936,-27.78845,-5.4431,13.06,0.65,-2.08,2.0
1758075341.91306,1758075341.89506,0.0,0.0,0.0,-73.45319,-7.84952,-0.34377,13.06,0.65,-2.08,2.0
1758075341.92893,1758075341.90506,0.0,0.0,0.0,-78.38063,-56.32175,-9.05273,11.06,0.17,-1.32,2.0
1758075341.93013,1758075341.91506,0.0,0.0,0.0,-79.52654,-81.5319,-14.78231,11.06,0.17,-1.32,2.0
1758075341.94537,1758075341.92506,0.0,0.0,0.0,-82.04756,-80.1568,-19.13679,9.69,0.72,-3.17,2.0
1758075341.96141,1758075341.93506,0.0,0.0,0.0,-86.975,-71.04677,-21.31403,9.69,0.72,-3.17,2.0
1758075341.96185,1758075341.94506,0.0,0.0,0.0,-92.3035,-70.24463,-18.73572,10.71,1.23,-1.71,2.0
1758075341.97716,1758075341.95506,0.0,0.0,0.0,-93.16295,-80.90164,-16.95955,7.6,1.11,3.19,2.0
1758075341.97872,1758075341.96506,0.0,0.0,0.0,-90.81382,-100.95516,-18.44924,7.6,1.11,3.19,2.0
1758075341.99315,1758075341.97506,0.0,0.0,0.0,-87.26147,-126.56638,-25.61122,8.8,-0.55,6.95,2.0
1758075342.01325,1758075341.98506,0.0,0.0,0.0,-78.839,-137.68176,-42.28429,8.8,-0.55,6.95,2.0
1758075342.01379,1758075341.99506,0.0,0.0,0.0,-69.95815,-127.54041,-52.82671,14.98,-3.35,6.21,2.0
1758075342.02943,1758075342.00506,0.0,0.0,0.0,-61.07731,-122.49837,-62.28051,14.98,-3.35,6.21,2.0
1758075342.03037,1758075342.01506,0.0,0.0,0.0,-56.20716,-120.60761,-70.76029,14.58,-5.16,4.0,2.0
1758075342.04615,1758075342.02506,0.0,0.0,0.0,-56.37905,-102.21567,-76.60446,11.06,-3.17,1.65,2.0
1758075342.04816,1758075342.03506,0.0,0.0,0.0,-60.33246,-83.65184,-72.70835,11.06,-3.17,1.65,2.0
1758075342.06432,1758075342.04506,0.0,0.0,0.0,-62.85347,-64.22858,-60.90542,10.37,-0.5,0.05,2.0
1758075342.06622,1758075342.05506,0.0,0.0,0.0,-66.74959,-43.65939,-34.32018,10.37,-0.5,0.05,2.0
1758075342.08374,1758075342.06506,0.0,0.0,0.0,-68.69764,-10.8862,-14.43854,11.24,0.85,-0.95,2.0
1758075342.10027,1758075342.07506,0.0,0.0,0.0,-67.15066,8.47978,4.64096,11.24,0.85,-0.95,2.0
1758075342.10121,1758075342.08506,0.0,0.0,0.0,-63.13995,26.52795,20.22541,11.47,1.13,-1.94,2.0
1758075342.1205,1758075342.09506,0.0,0.0,0.0,-57.0093,52.76942,34.14828,11.47,1.13,-1.94,2.0
1758075342.12257,1758075342.10506,0.0,0.0,0.0,-51.27972,66.40582,37.58603,11.43,0.13,-1.39,2.0
1758075342.14009,1758075342.11506,0.0,0.0,0.0,-44.28964,75.68773,36.49741,10.73,-1.31,-0.67,2.0
1758075342.14294,1758075342.12506,0.0,0.0,0.0,-35.63798,81.87567,33.00237,10.73,-1.31,-0.67,2.0
1758075342.15989,1758075342.13506,0.0,0.0,0.0,-21.37133,80.72976,24.75178,8.9,-2.8,-0.72,2.0
1758075342.16131,1758075342.14506,0.0,0.0,0.0,-12.2613,75.91692,18.22006,8.9,-2.8,-0.72,2.0
1758075342.17857,1758075342.15506,0.0,0.0,0.0,-2.86479,71.27596,11.91752,6.62,-3.85,-0.83,2.0
1758075342.18044,1758075342.16506,0.0,0.0,0.0,7.04738,67.26525,6.70361,6.62,-3.85,-0.83,2.0
1758075342.19558,1758075342.17506,0.0,0.0,0.0,19.53786,61.99404,1.66158,5.79,-4.07,-0.83,2.0
1758075342.19923,1758075342.18506,0.0,0.0,0.0,28.01764,61.02001,1.03132,6.53,-3.36,-0.62,2.0
1758075342.21616,1758075342.19506,0.0,0.0,0.0,35.86716,62.68159,2.29183,6.53,-3.36,-0.62,2.0
1758075342.22057,1758075342.20506,0.0,0.0,0.0,43.60209,63.42643,4.52637,8.21,-2.34,-0.57,2.0
1758075342.23528,1758075342.21506,0.0,0.0,0.0,51.79538,58.15522,9.11003,8.21,-2.34,-0.57,2.0
1758075342.23645,1758075342.22506,0.0,0.0,0.0,57.86874,51.10783,13.86558,9.09,-1.42,-0.21,2.0
1758075342.25183,1758075342.23506,0.0,0.0,0.0,63.25455,47.49821,19.13679,9.09,-1.42,-0.21,2.0
1758075342.26985,1758075342.24506,0.0,0.0,0.0,67.55173,47.95657,23.89234,10.5,-1.01,-0.45,2.0
1758075342.27109,1758075342.25506,0.0,0.0,0.0,71.44785,44.57612,29.04896,10.96,-0.88,-0.06,2.0
1758075342.28653,1758075342.26506,0.0,0.0,0.0,73.73967,37.64333,30.82513,10.96,-0.88,-0.06,2.0
1758075342.28748,1758075342.27506,0.0,0.0,0.0,75.80232,29.27814,30.82513,10.12,-0.86,-0.33,2.0
1758075342.30476,1758075342.28506,0.0,0.0,0.0,77.92226,12.71966,28.76248,10.12,-0.86,-0.33,2.0
1758075342.32058,1758075342.29506,0.0,0.0,0.0,78.7817,-5.15662,26.64254,9.22,-0.88,-1.07,2.0
1758075342.32233,1758075342.30506,0.0,0.0,0.0,78.49522,-26.12688,23.0902,9.22,-0.88,-1.07,2.0
1758075342.33894,1758075342.31506,0.0,0.0,0.0,79.01089,-35.92446,19.19409,8.44,-0.88,-1.83,2.0
1758075342.34086,1758075342.32506,0.0,0.0,0.0,81.01624,-31.97105,14.72501,8.44,-0.88,-1.83,2.0
1758075342.35794,1758075342.33506,0.0,0.0,0.0,82.33404,-25.72581,12.54778,11.06,-0.8,-1.87,2.0
1758075342.36073,1758075342.34506,0.0,0.0,0.0,83.25077,-16.95955,12.2613,12.54,-0.74,-1.88,2.0
1758075342.40751,1758075342.35506,0.0,0.0,0.0,81.5319,-5.95876,9.5684,12.54,-0.74,-1.88,2.0
1758075342.40924,1758075342.36506,0.0,0.0,0.0,81.24542,-14.38124,3.60963,12.61,-0.55,-1.2,2.0
1758075342.40992,1758075342.37506,0.0,0.0,0.0,83.59455,-50.64947,0.45837,12.61,-0.55,-1.2,2.0
1758075342.41122,1758075342.38506,0.0,0.0,0.0,85.94368,-100.26762,0.51566,6.42,-0.6,-2.98,2.0
1758075342.41177,1758075342.39506,0.0,0.0,0.0,91.21489,-118.65957,9.39651,6.42,-0.6,-2.98,2.0
1758075342.42966,1758075342.40506,0.0,0.0,0.0,92.81918,-115.3364,13.40721,9.71,-1.69,-0.66,2.0
1758075342.43087,1758075342.41506,0.0,0.0,0.0,90.12627,-126.96745,18.22006,11.59,-0.47,2.94,2.0
1758075342.44638,1758075342.42506,0.0,0.0,0.0,83.88103,-144.61456,25.49662,11.59,-0.47,2.94,2.0
1758075342.44766,1758075342.43506,0.0,0.0,0.0,76.66176,-153.89647,36.49741,14.5,3.16,6.18,2.0
1758075342.46301,1758075342.44506,0.0,0.0,0.0,68.41116,-144.15619,53.34238,14.5,3.16,6.18,2.0
1758075342.47874,1758075342.45506,0.0,0.0,0.0,64.57235,-127.08205,60.44705,18.0,5.19,1.87,2.0
1758075342.48004,1758075342.46506,0.0,0.0,0.0,62.85347,-106.34097,61.99404,18.0,5.19,1.87,2.0
1758075342.4944,1758075342.47506,0.0,0.0,0.0,64.80153,-82.16215,57.12389,13.17,1.6,1.86,2.0
1758075342.51038,1758075342.48506,0.0,0.0,0.0,68.58305,-42.28429,49.50356,8.85,-1.83,0.22,2.0
1758075342.51399,1758075342.49506,0.0,0.0,0.0,72.82294,-16.55848,38.38818,8.85,-1.83,0.22,2.0
1758075342.52963,1758075342.50506,0.0,0.0,0.0,76.48987,5.90147,21.88699,8.1,-3.35,-0.38,2.0
1758075342.53063,1758075342.51506,0.0,0.0,0.0,81.87567,40.27893,-1.66158,8.1,-3.35,-0.38,2.0
1758075342.54548,1758075342.52506,0.0,0.0,0.0,82.56322,64.91612,-13.23533,10.25,-3.36,-0.88,2.0
1758075342.5474,1758075342.53506,0.0,0.0,0.0,80.90164,87.14688,-20.68378,10.25,-3.36,-0.88,2.0
1758075342.56471,1758075342.54506,0.0,0.0,0.0,76.48987,107.02851,-25.15285,11.98,-1.5,-1.24,2.0
1758075342.58048,1758075342.55506,0.0,0.0,0.0,66.97877,119.46171,-23.31938,11.69,-1.5,-1.4,2.0
1758075342.58322,1758075342.56506,0.0,0.0,0.0,58.78547,118.94605,-18.50654,11.69,2.39,-1.4,2.0
1758075342.59854,1758075342.57506,0.0,0.0,0.0,50.01921,114.99265,-12.08941,10.59,5.08,-0.98,2.0
1758075342.60127,1758075342.58506,0.0,0.0,0.0,41.13837,111.32571,-5.55769,10.59,5.08,-0.98,2.0
1758075342.61884,1758075342.59506,0.0,0.0,0.0,27.50197,108.17444,3.49504,8.36,3.94,-0.29,2.0
1758075342.61997,1758075342.60506,0.0,0.0,0.0,18.27736,106.79934,7.39116,8.36,3.94,-0.29,2.0
1758075342.63558,1758075342.61506,0.0,0.0,0.0,8.02141,103.93455,9.11003,6.38,2.36,0.32,2.0
1758075342.6365,1758075342.62506,0.0,0.0,0.0,-2.11994,97.05905,8.47978,6.38,2.36,0.32,2.0
1758075342.65285,1758075342.63506,0.0,0.0,0.0,-17.6471,88.00632,2.63561,5.96,1.84,0.54,2.0
1758075342.6693,1758075342.64506,0.0,0.0,0.0,-28.41871,82.27674,-4.29718,7.7,1.54,0.64,2.0
1758075342.67162,1758075342.65506,0.0,0.0,0.0,-37.29956,72.42187,-13.06344,7.7,1.54,0.64,2.0
1758075342.68678,1758075342.66506,0.0,0.0,0.0,-44.9199,58.90006,-18.62113,8.75,1.64,0.37,2.0
1758075342.68852,1758075342.67506,0.0,0.0,0.0,-57.0093,55.06125,-33.34615,8.75,1.64,0.37,2.0
1758075342.70378,1758075342.68506,0.0,0.0,0.0,-63.65561,54.14451,-39.82057,9.9,1.98,0.54,2.0
1758075342.71978,1758075342.69506,0.0,0.0,0.0,-67.9528,45.26366,-41.88322,9.9,1.98,0.54,2.0
1758075342.72076,1758075342.70506,0.0,0.0,0.0,-72.70835,24.29341,-39.53409,9.38,1.8,0.24,2.0
1758075342.7358,1758075342.71506,0.0,0.0,0.0,-73.51049,9.96947,-35.2942,8.67,0.94,-0.56,2.0
1758075342.73759,1758075342.72506,0.0,0.0,0.0,-73.16672,-3.26586,-28.93437,8.67,0.94,-0.56,2.0
1758075342.75378,1758075342.73506,0.0,0.0,0.0,-72.47916,-14.49583,-21.7151,8.93,0.09,-1.84,2.0
1758075342.76981,1758075342.74506,0.0,0.0,0.0,-70.24463,-18.27736,-8.25059,8.93,0.09,-1.84,2.0
1758075342.77073,1758075342.75506,0.0,0.0,0.0,-67.66632,-5.78687,-4.46907,11.06,-0.28,-1.68,2.0
1758075342.78585,1758075342.76506,0.0,0.0,0.0,-66.06203,10.71431,-1.43239,11.06,-0.28,-1.68,2.0
1758075342.78915,1758075342.77506,0.0,0.0,0.0,-59.12925,9.28192,5.50039,13.38,-0.71,-1.28,2.0
1758075342.8054,1758075342.78506,0.0,0.0,0.0,-57.46767,-46.40959,2.11994,8.57,-0.62,-1.48,2.0
1758075342.80731,1758075342.79506,0.0,0.0,0.0,-57.23849,-64.85883,-3.95341,8.57,-0.62,-1.48,2.0
1758075342.8238,1758075342.80506,0.0,0.0,0.0,-56.89471,-64.45775,-6.18794,11.27,-0.08,-3.44,2.0
1758075342.84087,1758075342.81506,0.0,0.0,0.0,-57.81144,-54.94666,-8.02141,11.27,-0.08,-3.44,2.0
1758075342.84374,1758075342.82506,0.0,0.0,0.0,-62.56699,-45.49285,-5.32851,11.08,0.37,-2.08,2.0
1758075342.85912,1758075342.83506,0.0,0.0,0.0,-65.71826,-44.57612,-1.94806,11.08,0.37,-2.08,2.0
1758075342.86065,1758075342.84506,0.0,0.0,0.0,-66.80688,-49.61814,1.3751,8.75,0.56,-0.05,2.0
1758075342.87665,1758075342.85506,0.0,0.0,0.0,-64.28587,-64.57235,2.7502,8.75,0.56,-0.05,2.0
1758075342.88154,1758075342.86506,0.0,0.0,0.0,-55.57691,-105.30964,-3.03668,7.51,0.37,3.86,2.0
1758075342.89687,1758075342.87506,0.0,0.0,0.0,-49.21708,-125.59235,-14.78231,10.26,-0.73,6.78,2.0
1758075342.89779,1758075342.88506,0.0,0.0,0.0,-42.68536,-125.36317,-29.22085,10.26,-0.73,6.78,2.0
1758075342.91423,1758075342.89506,0.0,0.0,0.0,-32.6013,-117.57095,-52.42564,15.83,-2.49,5.46,2.0
1758075342.9296,1758075342.90506,0.0,0.0,0.0,-29.39274,-106.74203,-65.77556,15.83,-2.49,5.46,2.0
1758075342.93173,1758075342.91506,0.0,0.0,0.0,-30.30947,-98.49145,-76.43258,13.56,-3.61,3.48,2.0
1758075342.94683,1758075342.92506,0.0,0.0,0.0,-32.77319,-87.14688,-80.67246,13.56,-3.61,3.48,2.0
1758075342.94942,1758075342.93506,0.0,0.0,0.0,-35.63798,-67.89551,-71.84892,10.72,-1.96,1.1,2.0
1758075342.96464,1758075342.94506,0.0,0.0,0.0,-37.35685,-49.27437,-56.66553,10.85,0.01,0.51,2.0
1758075342.98089,1758075342.95506,0.0,0.0,0.0,-36.6693,-30.48136,-38.15899,10.85,0.01,0.51,2.0
1758075342.98297,1758075342.96506,0.0,0.0,0.0,-33.17426,-15.46986,-18.50654,10.84,0.79,0.12,2.0
1758075342.99764,1758075342.97506,0.0,0.0,0.0,-23.0902,5.50039,8.25059,10.84,0.79,0.12,2.0
1758075342.9989,1758075342.98506,0.0,0.0,0.0,-14.83961,21.6578,21.37133,10.81,0.33,-0.34,2.0
1758075343.01392,1758075342.99506,0.0,0.0,0.0,-6.41713,39.53409,30.53865,10.81,0.33,-0.34,2.0
1758075343.03096,1758075343.00506,0.0,0.0,0.0,2.23454,56.37905,35.52338,11.5,-1.34,-1.14,2.0
1758075343.03216,1758075343.01506,0.0,0.0,0.0,14.03747,71.16136,37.29956,10.38,-2.94,-1.94,2.0
1758075343.04794,1758075343.02506,0.0,0.0,0.0,19.59516,72.13539,34.37747,10.38,-2.94,-1.94,2.0
1758075343.04978,1758075343.03506,0.0,0.0,0.0,23.37668,71.73432,28.64789,8.15,-3.56,-1.98,2.0
1758075343.06467,1758075343.04506,0.0,0.0,0.0,24.75178,72.13539,21.94428,8.15,-3.56,-1.98,2.0
1758075343.08072,1758075343.05506,0.0,0.0,0.0,27.84575,73.68237,13.40721,7.68,-3.07,-1.61,2.0
1758075343.0854,1758075343.06506,0.0,0.0,0.0,30.59595,74.65641,10.37054,7.68,-3.07,-1.61,2.0
1758075343.10101,1758075343.07506,0.0,0.0,0.0,35.06502,77.57849,9.4538,7.67,-1.71,-0.49,2.0
1758075343.10455,1758075343.08506,0.0,0.0,0.0,40.62271,80.78706,10.65701,7.67,-1.71,-0.49,2.0
1758075343.12,1758075343.09506,0.0,0.0,0.0,49.90463,79.64114,13.23533,8.16,-0.82,-0.09,2.0
1758075343.12116,1758075343.10506,0.0,0.0,0.0,56.78012,73.73967,17.53251,8.55,-0.85,-0.26,2.0
1758075343.13582,1758075343.11506,0.0,0.0,0.0,62.5097,69.49979,21.7724,8.55,-0.85,-0.26,2.0
1758075343.13962,1758075343.12506,0.0,0.0,0.0,68.92683,65.89015,27.04361,9.52,-1.44,-0.5,2.0
1758075343.15509,1758075343.13506,0.0,0.0,0.0,71.16136,62.96807,29.22085,9.52,-1.44,-0.5,2.0
1758075343.16021,1758075343.14506,0.0,0.0,0.0,72.19269,55.34772,30.48136,9.82,-1.67,0.21,2.0
1758075343.17604,1758075343.15506,0.0,0.0,0.0,72.0208,42.05511,30.13758,9.82,-1.67,0.21,2.0
1758075343.17717,1758075343.16506,0.0,0.0,0.0,69.95815,23.83505,26.41335,8.85,-1.36,-0.32,2.0
1758075343.19307,1758075343.17506,0.0,0.0,0.0,68.69764,18.10547,22.34536,9.24,-0.71,-1.03,2.0
1758075343.20978,1758075343.18506,0.0,0.0,0.0,69.21331,15.0115,19.25138,9.24,-0.71,-1.03,2.0
1758075343.21286,1758075343.19506,0.0,0.0,0.0,69.3279,8.02141,15.58445,9.82,-0.08,-0.81,2.0
1758075343.22936,1758075343.20506,0.0,0.0,0.0,70.58841,-1.94806,13.12073,9.82,-0.08,-0.81,2.0
1758075343.23254,1758075343.21506,0.0,0.0,0.0,69.27061,-3.03668,10.08406,10.37,0.03,-1.2,2.0
1758075343.24811,1758075343.22506,0.0,0.0,0.0,66.11933,2.34913,8.30789,10.37,0.03,-1.2,2.0
1758075343.24901,1758075343.23506,0.0,0.0,0.0,63.02536,3.89611,4.52637,12.18,0.03,-0.87,2.0
1758075343.26488,1758075343.24506,0.0,0.0,0.0,61.76485,-55.51962,-2.6929,7.44,-0.39,-1.55,2.0
1758075343.26715,1758075343.25506,0.0,0.0,0.0,62.62429,-105.19505,2.92208,7.44,-0.39,-1.55,2.0
1758075343.28404,1758075343.26506,0.0,0.0,0.0,63.99939,-115.79478,10.08406,9.25,-1.46,-2.53,2.0
1758075343.30009,1758075343.27506,0.0,0.0,0.0,66.17663,-109.43494,13.06344,9.25,-1.46,-2.53,2.0
1758075343.30294,1758075343.28506,0.0,0.0,0.0,66.69229,-104.04914,13.69369,11.37,-1.57,-1.01,2.0
1758075343.31802,1758075343.29506,0.0,0.0,0.0,62.05133,-109.77872,12.54778,11.37,-1.57,-1.01,2.0
1758075343.31933,1758075343.30506,0.0,0.0,0.0,54.02992,-119.69088,11.80293,9.27,-0.24,2.71,2.0
1758075343.33489,1758075343.31506,0.0,0.0,0.0,39.01843,-134.47321,15.98552,9.27,-0.24,2.71,2.0
1758075343.35111,1758075343.32506,0.0,0.0,0.0,30.25217,-148.79715,24.17882,9.75,2.63,3.1,2.0
1758075343.35203,1758075343.33506,0.0,0.0,0.0,23.31938,-145.76047,34.0337,13.51,5.18,3.24,2.0
1758075343.36721,1758075343.34506,0.0,0.0,0.0,17.47521,-133.72836,42.34158,13.51,5.18,3.24,2.0
1758075343.36971,1758075343.35506,0.0,0.0,0.0,13.5791,-109.83601,50.64947,15.12,4.02,2.44,2.0
1758075343.38502,1758075343.36506,0.0,0.0,0.0,15.0115,-90.18356,52.08187,15.12,4.02,2.44,2.0
1758075343.4012,1758075343.37506,0.0,0.0,0.0,19.42327,-67.37984,50.59217,11.93,0.15,1.45,2.0
1758075343.4021,1758075343.38506,0.0,0.0,0.0,25.89769,-41.48215,45.14908,11.93,0.15,1.45,2.0
1758075343.41719,1758075343.39506,0.0,0.0,0.0,36.49741,-0.97403,27.1582,10.25,-2.64,-0.12,2.0
1758075343.41837,1758075343.40506,0.0,0.0,0.0,42.74266,22.51724,10.08406,10.99,-3.85,-1.33,2.0
1758075343.43311,1758075343.41506,0.0,0.0,0.0,46.98254,45.77933,-5.09932,10.99,-3.85,-1.33,2.0
1758075343.44988,1758075343.42506,0.0,0.0,0.0,49.96192,67.9528,-17.99088,12.05,-3.5,-1.64,2.0
1758075343.45291,1758075343.43506,0.0,0.0,0.0,52.48294,93.27753,-30.88243,12.05,-3.5,-1.64,2.0
1758075343.46822,1758075343.44506,0.0,0.0,0.0,53.34238,104.04914,-33.9764,12.48,-1.2,-1.6,2.0
1758075343.46993,1758075343.45506,0.0,0.0,0.0,54.08722,111.15382,-33.17426,12.48,-1.2,-1.6,2.0
1758075343.48491,1758075343.46506,0.0,0.0,0.0,54.3164,115.3364,-29.96569,11.58,1.08,-0.89,2.0
1758075343.50097,1758075343.47506,0.0,0.0,0.0,54.3737,115.90937,-22.63183,9.88,1.6,-0.26,2.0
1758075343.50449,1758075343.48506,0.0,0.0,0.0,54.48829,114.59156,-15.64175,9.88,1.6,-0.26,2.0
1758075343.52022,1758075343.49506,0.0,0.0,0.0,53.11319,110.69545,-8.36518,7.71,1.04,0.18,2.0
1758075343.52457,1758075343.50506,0.0,0.0,0.0,50.82136,103.53348,2.00535,7.71,1.04,0.18,2.0
1758075343.53995,1758075343.51506,0.0,0.0,0.0,44.748,90.81382,7.33386,6.05,0.69,0.43,2.0
1758075343.54297,1758075343.52506,0.0,0.0,0.0,39.01843,83.42266,9.91217,6.05,0.69,0.43,2.0
1758075343.55792,1758075343.53506,0.0,0.0,0.0,30.13758,77.4639,9.33921,6.21,0.85,0.53,2.0
1758075343.55923,1758075343.54506,0.0,0.0,0.0,14.78231,64.22858,2.86479,6.21,0.85,0.53,2.0
1758075343.57508,1758075343.55506,0.0,0.0,0.0,4.69825,46.40959,-4.0107,6.89,1.47,0.4,2.0
1758075343.59203,1758075343.56506,0.0,0.0,0.0,-7.39116,37.87251,-13.46451,7.56,2.14,0.34,2.0
1758075343.59533,1758075343.57506,0.0,0.0,0.0,-18.56383,33.68992,-25.38203,7.56,2.14,0.34,2.0
1758075343.60025,1758075343.58506,0.0,0.0,0.0,-32.83048,29.50733,-38.38818,8.89,2.57,0.11,2.0
1758075343.61836,1758075343.59506,0.0,0.0,0.0,-40.7946,23.49127,-43.65939,8.89,2.57,0.11,2.0
1758075343.62111,1758075343.60506,0.0,0.0,0.0,-46.81066,16.90226,-45.83662,9.01,2.43,-0.46,2.0
1758075343.63711,1758075343.61506,0.0,0.0,0.0,-51.45161,9.5684,-45.83662,9.01,2.43,-0.46,2.0
1758075343.64068,1758075343.62506,0.0,0.0,0.0,-55.23313,-5.27121,-41.25296,9.11,1.63,-1.91,2.0
1758075343.65708,1758075343.63506,0.0,0.0,0.0,-56.83742,-17.76169,-36.6693,9.38,1.25,-3.39,2.0
1758075343.65799,1758075343.64506,0.0,0.0,0.0,-56.952,-32.08564,-30.25217,9.38,1.25,-3.39,2.0
1758075343.67329,1758075343.65506,0.0,0.0,0.0,-58.26981,-37.64333,-22.57454,11.18,1.58,-3.19,2.0
1758075343.69047,1758075343.66506,0.0,0.0,0.0,-57.18119,-9.11003,-19.82434,11.18,1.58,-3.19,2.0
1758075343.69122,1758075343.67506,0.0,0.0,0.0,-53.05589,7.10468,-12.60507,16.41,1.24,-2.4,2.0
1758075343.70703,1758075343.68506,0.0,0.0,0.0,-54.66018,-26.64254,-15.24068,16.41,1.24,-2.4,2.0
1758075343.70964,1758075343.69506,0.0,0.0,0.0,-54.25911,-62.56699,-14.49583,11.32,1.22,-1.45,2.0
1758075343.7253,1758075343.70506,0.0,0.0,0.0,-53.51426,-74.88559,-15.24068,11.66,1.3,-3.61,2.0
1758075343.7429,1758075343.71506,0.0,0.0,0.0,-55.23313,-69.84356,-13.98017,11.66,1.3,-3.61,2.0
1758075343.74491,1758075343.72506,0.0,0.0,0.0,-57.63955,-70.13004,-12.14671,10.05,1.31,-1.37,2.0
1758075343.76009,1758075343.73506,0.0,0.0,0.0,-58.67088,-91.15759,-11.17268,10.05,1.31,-1.37,2.0
1758075343.7647,1758075343.74506,0.0,0.0,0.0,-56.20716,-113.33105,-15.46986,6.71,0.91,3.24,2.0
1758075343.78037,1758075343.75506,0.0,0.0,0.0,-52.71212,-136.24936,-25.21014,6.71,0.91,3.24,2.0
1758075343.7852,1758075343.76506,0.0,0.0,0.0,-49.21708,-149.71388,-39.13302,8.72,-0.89,6.2,2.0
1758075343.80037,1758075343.77506,0.0,0.0,0.0,-42.51347,-142.20813,-60.61894,8.72,-0.89,6.2,2.0
1758075343.80382,1758075343.78506,0.0,0.0,0.0,-37.52874,-133.95753,-72.88023,14.46,-3.81,6.53,2.0
1758075343.81939,1758075343.79506,0.0,0.0,0.0,-35.98175,-130.4052,-83.19347,13.62,-5.34,4.45,2.0
1758075343.82062,1758075343.80506,0.0,0.0,0.0,-38.21629,-121.35246,-90.06896,13.62,-5.34,4.45,2.0
1758075343.83534,1758075343.81506,0.0,0.0,0.0,-43.94586,-97.57471,-85.02695,11.83,-2.84,1.66,2.0
1758075343.85272,1758075343.82506,0.0,0.0,0.0,-47.44091,-77.52119,-70.93218,11.83,-2.84,1.66,2.0
1758075343.85476,1758075343.83506,0.0,0.0,0.0,-50.59217,-53.45696,-51.85268,12.19,0.06,-0.41,2.0
1758075343.87041,1758075343.84506,0.0,0.0,0.0,-52.02457,-26.35606,-29.33544,12.19,0.06,-0.41,2.0
1758075343.8755,1758075343.85506,0.0,0.0,0.0,-47.15443,6.70361,4.23989,13.4,1.48,-1.78,2.0
1758075343.8901,1758075343.86506,0.0,0.0,0.0,-42.39888,28.59059,22.68913,12.66,1.57,-2.32,2.0
1758075343.89214,1758075343.87506,0.0,0.0,0.0,-37.18496,50.93595,35.92446,12.66,1.57,-2.32,2.0
1758075343.90743,1758075343.88506,0.0,0.0,0.0,-32.42941,70.6457,44.23235,11.19,0.53,-2.0,2.0
1758075343.90929,1758075343.89506,0.0,0.0,0.0,-25.7831,92.41809,49.38896,11.19,0.53,-2.0,2.0
1758075343.92413,1758075343.90506,0.0,0.0,0.0,-20.74107,102.78864,48.41494,9.91,-0.89,-1.39,2.0
1758075343.94044,1758075343.91506,0.0,0.0,0.0,-14.78231,108.80469,44.17505,9.91,-0.89,-1.39,2.0
1758075343.94219,1758075343.92506,0.0,0.0,0.0,-5.72958,107.94526,34.49206,8.96,-2.09,-0.83,2.0
1758075343.95794,1758075343.93506,0.0,0.0,0.0,-0.34377,98.83522,25.49662,7.17,-2.78,-0.53,2.0
1758075343.95943,1758075343.94506,0.0,0.0,0.0,5.09932,89.83979,16.04282,7.17,-2.78,-0.53,2.0
1758075343.97416,1758075343.95506,0.0,0.0,0.0,10.71431,83.65184,7.67763,6.15,-2.77,-0.08,2.0
1758075343.99046,1758075343.96506,0.0,0.0,0.0,19.76705,82.56322,-1.94806,6.15,-2.77,-0.08,2.0
1758075343.9945,1758075343.97506,0.0,0.0,0.0,26.24147,83.88103,-4.58366,6.69,-2.27,-0.13,2.0
1758075344.0102,1758075343.98506,0.0,0.0,0.0,32.42941,82.67782,-5.72958,6.69,-2.27,-0.13,2.0
1758075344.01249,1758075343.99506,0.0,0.0,0.0,38.90384,73.91156,-3.03668,6.84,-1.94,-0.13,2.0
1758075344.02749,1758075344.00506,0.0,0.0,0.0,51.27972,65.43179,5.78687,7.66,-1.94,-0.85,2.0
1758075344.03008,1758075344.01506,0.0,0.0,0.0,58.21251,65.03072,14.20935,7.66,-1.77,-0.85,2.0
1758075344.04557,1758075344.02506,0.0,0.0,0.0,63.54102,63.48372,21.31403,9.48,-1.42,-0.99,2.0
1758075344.04733,1758075344.03506,0.0,0.0,0.0,67.03606,59.75951,27.73116,9.48,-1.42,-0.99,2.0
1758075344.06354,1758075344.04506,0.0,0.0,0.0,68.98412,43.20102,33.74722,9.74,-0.78,-0.58,2.0
1758075344.07953,1758075344.05506,0.0,0.0,0.0,68.29657,30.13758,34.0337,9.74,-0.78,-0.58,2.0
1758075344.08047,1758075344.06506,0.0,0.0,0.0,66.97877,24.4653,32.42941,9.48,-0.21,-1.31,2.0
1758075344.09938,1758075344.07506,0.0,0.0,0.0,64.80153,23.0329,28.59059,9.48,-0.21,-1.31,2.0
1758075344.10526,1758075344.08506,0.0,0.0,0.0,62.85347,20.45459,22.86102,10.43,0.07,-1.37,2.0
1758075344.12692,1758075344.09506,0.0,0.0,0.0,62.5097,15.69904,19.70975,10.33,-0.15,-1.1,2.0
1758075344.14979,1758075344.10506,0.0,0.0,0.0,61.59297,6.58902,16.90226,10.33,-0.15,-1.1,2.0
1758075344.15041,1758075344.11506,0.0,0.0,0.0,59.47303,4.29718,13.23533,10.61,-0.51,-1.43,2.0
1758075344.15239,1758075344.12506,0.0,0.0,0.0,53.45696,18.10547,8.47978,10.61,-0.51,-1.43,2.0
1758075344.1531,1758075344.13506,0.0,0.0,0.0,50.99325,8.0787,2.23454,12.2,-0.61,-0.87,2.0
1758075344.17033,1758075344.14506,0.0,0.0,0.0,50.64947,-24.35071,0.40107,12.2,-0.61,-0.87,2.0
1758075344.17176,1758075344.15506,0.0,0.0,0.0,52.54023,-89.55331,6.70361,7.3,-1.01,-2.33,2.0
1758075344.19029,1758075344.16506,0.0,0.0,0.0,53.74345,-98.54874,13.5791,9.78,-2.01,-2.09,2.0
1758075344.19179,1758075344.17506,0.0,0.0,0.0,55.29043,-95.28289,17.93358,9.78,-2.01,-2.09,2.0
1758075344.20633,1758075344.18506,0.0,0.0,0.0,55.51962,-95.62666,19.59516,11.19,-1.98,-0.87,2.0
1758075344.20865,1758075344.19506,0.0,0.0,0.0,47.49821,-108.05984,19.76705,11.19,-1.98,-0.87,2.0
1758075344.22565,1758075344.20506,0.0,0.0,0.0,37.64333,-120.20655,22.51724,10.77,-0.06,2.95,2.0
1758075344.23053,1758075344.21506,0.0,0.0,0.0,26.41335,-135.56183,27.44468,10.77,-0.06,2.95,2.0
1758075344.2474,1758075344.22506,0.0,0.0,0.0,15.46986,-146.39073,36.21093,13.37,4.26,3.55,2.0
1758075344.24915,1758075344.23506,0.0,0.0,0.0,4.46907,-138.77039,49.90463,17.06,6.59,2.72,2.0
1758075344.26446,1758075344.24506,0.0,0.0,0.0,1.20321,-126.56638,52.65482,17.06,6.59,2.72,2.0
1758075344.28064,1758075344.25506,0.0,0.0,0.0,3.38045,-117.39906,51.5662,13.38,2.6,3.12,2.0
1758075344.28411,1758075344.26506,0.0,0.0,0.0,8.99544,-105.30964,46.75336,13.38,2.6,3.12,2.0
1758075344.29938,1758075344.27506,0.0,0.0,0.0,24.12152,-78.7244,34.77854,9.15,-1.23,2.78,2.0
1758075344.30084,1758075344.28506,0.0,0.0,0.0,36.03905,-53.51426,23.94964,9.15,-1.23,2.78,2.0
1758075344.31575,1758075344.29506,0.0,0.0,0.0,47.38361,-26.64254,11.91752,8.04,-3.66,-0.04,2.0
1758075344.31728,1758075344.30506,0.0,0.0,0.0,56.37905,-3.26586,-1.20321,8.04,-3.66,-0.04,2.0
1758075344.33419,1758075344.31506,0.0,0.0,0.0,63.54102,35.98175,-19.19409,8.92,-5.12,-0.77,2.0
1758075344.35065,1758075344.32506,0.0,0.0,0.0,63.42643,63.42643,-26.81443,12.23,-4.73,-1.25,2.0
1758075344.35441,1758075344.33506,0.0,0.0,0.0,61.07731,87.94903,-30.48136,12.23,-4.73,-1.25,2.0
1758075344.36964,1758075344.34506,0.0,0.0,0.0,55.11855,105.19505,-30.02299,13.06,-1.66,-1.97,2.0
1758075344.37062,1758075344.35506,0.0,0.0,0.0,50.47758,118.71685,-26.75713,13.06,-1.66,-1.97,2.0
1758075344.38543,1758075344.36506,0.0,0.0,0.0,45.43555,124.38914,-21.37133,12.27,2.77,-1.52,2.0
1758075344.38932,1758075344.37506,0.0,0.0,0.0,41.48215,127.31123,-15.0115,12.27,2.77,-1.52,2.0
1758075344.40439,1758075344.38506,0.0,0.0,0.0,35.06502,126.45179,-6.07335,10.56,4.7,-0.78,2.0
1758075344.42069,1758075344.39506,0.0,0.0,0.0,30.30947,122.67027,-0.40107,7.48,3.59,0.28,2.0
1758075344.42481,1758075344.40506,0.0,0.0,0.0,24.35071,117.34176,3.95341,7.48,3.59,0.28,2.0
1758075344.44045,1758075344.41506,0.0,0.0,0.0,16.84496,110.81004,7.04738,6.0,2.33,0.84,2.0
1758075344.44675,1758075344.42506,0.0,0.0,0.0,2.29183,99.35089,7.16197,6.0,2.33,0.84,2.0
1758075344.4487,1758075344.43506,0.0,0.0,0.0,-9.62569,91.73055,4.0107,6.31,1.84,0.95,2.0
1758075344.46465,1758075344.44506,0.0,0.0,0.0,-22.40265,81.30271,-2.57831,6.31,1.84,0.95,2.0
1758075344.48063,1758075344.45506,0.0,0.0,0.0,-34.95043,66.5204,-10.19865,7.31,1.74,0.59,2.0
1758075344.48564,1758075344.46506,0.0,0.0,0.0,-54.71747,52.884,-26.01229,8.46,1.99,0.03,2.0
1758075344.50043,1758075344.47506,0.0,0.0,0.0,-64.62964,50.53488,-35.40879,8.46,1.99,0.03,2.0
1758075344.50484,1758075344.48506,0.0,0.0,0.0,-74.14074,48.70141,-45.49285,9.7,2.43,-0.22,2.0
1758075344.52074,1758075344.49506,0.0,0.0,0.0,-80.1568,38.84654,-50.01921,9.7,2.43,-0.22,2.0
1758075344.52517,1758075344.50506,0.0,0.0,0.0,-86.05827,19.53786,-51.39432,8.45,2.37,-0.42,2.0
1758075344.54305,1758075344.51506,0.0,0.0,0.0,-85.94368,5.15662,-47.49821,8.45,2.37,-0.42,2.0
1758075344.54518,1758075344.52506,0.0,0.0,0.0,-84.56858,-8.42248,-41.25296,8.06,1.5,-1.35,2.0
1758075344.56074,1758075344.53506,0.0,0.0,0.0,-82.27674,-19.07949,-26.18417,8.06,1.5,-1.35,2.0
1758075344.56482,1758075344.54506,0.0,0.0,0.0,-74.771,-2.63561,-20.85567,9.43,0.05,-1.61,2.0
1758075344.58083,1758075344.55506,0.0,0.0,0.0,-71.73432,7.73493,-15.41257,12.62,-1.19,-1.97,2.0
1758075344.60987,1758075344.56506,0.0,0.0,0.0,-65.83286,17.81899,-8.02141,12.62,-1.19,-1.97,2.0
1758075344.61023,1758075344.57506,0.0,0.0,0.0,-63.19725,-38.1017,-8.59437,10.94,-0.83,-1.22,2.0
1758075344.61144,1758075344.58506,0.0,0.0,0.0,-60.96271,-63.31184,-11.63104,10.94,-0.83,-1.22,2.0
1758075344.61694,1758075344.59506,0.0,0.0,0.0,-57.58226,-63.25455,-15.06879,11.24,0.0,-3.09,2.0
1758075344.62527,1758075344.60506,0.0,0.0,0.0,-56.26446,-55.97798,-17.81899,11.24,0.0,-3.09,2.0
1758075344.64079,1758075344.61506,0.0,0.0,0.0,-58.72818,-50.3057,-17.6471,12.89,0.45,-1.65,2.0
1758075344.64492,1758075344.62506,0.0,0.0,0.0,-61.87944,-48.75871,-14.49583,10.38,0.56,-1.18,2.0
1758075344.68492,1758075344.63506,0.0,0.0,0.0,-65.03072,-48.07116,-9.4538,10.38,0.56,-1.18,2.0
1758075344.68589,1758075344.64506,0.0,0.0,0.0,-67.32255,-53.39967,-4.29718,7.83,0.52,0.24,2.0
1758075344.68697,1758075344.65506,0.0,0.0,0.0,-67.03606,-83.42266,1.43239,7.83,0.52,0.24,2.0
1758075344.68845,1758075344.66506,0.0,0.0,0.0,-63.48372,-117.34176,0.57296,5.51,0.11,4.1,2.0
1758075344.69077,1758075344.67506,0.0,0.0,0.0,-61.07731,-148.33879,-8.76626,5.51,0.11,4.1,2.0
1758075344.70928,1758075344.68506,0.0,0.0,0.0,-58.78547,-155.44345,-23.37668,9.13,-0.73,6.36,2.0
1758075344.71017,1758075344.69506,0.0,0.0,0.0,-56.49364,-126.85285,-48.24305,18.1,-1.8,5.06,2.0
1758075344.72587,1758075344.70506,0.0,0.0,0.0,-55.40502,-112.01324,-64.91612,18.1,-1.8,5.06,2.0
1758075344.72871,1758075344.71506,0.0,0.0,0.0,-56.37905,-98.83522,-76.66176,16.15,-2.56,2.52,2.0
1758075344.77241,1758075344.72506,0.0,0.0,0.0,-65.83286,-91.043,-82.16215,16.15,-2.56,2.52,2.0
1758075344.7768,1758075344.73506,0.0,0.0,0.0,-66.34852,-62.22322,-76.31798,12.42,-0.68,-0.29,2.0
1758075344.77733,1758075344.74506,0.0,0.0,0.0,-69.3279,-36.38282,-60.38975,12.42,-0.68,-0.29,2.0
1758075344.77896,1758075344.75506,0.0,0.0,0.0,-70.87489,-11.45916,-40.68,12.96,1.12,-0.67,2.0
1758075344.77936,1758075344.76506,0.0,0.0,0.0,-67.26525,8.99544,-8.02141,12.96,1.12,-0.67,2.0
1758075344.79995,1758075344.77506,0.0,0.0,0.0,-62.28051,31.74186,11.34457,11.39,1.56,-1.07,2.0
1758075344.8048,1758075344.78506,0.0,0.0,0.0,-56.83742,44.28964,26.18417,10.26,0.77,-0.58,2.0
1758075344.81985,1758075344.79506,0.0,0.0,0.0,-51.6235,57.0093,35.86716,10.26,0.77,-0.58,2.0
1758075344.82403,1758075344.80506,0.0,0.0,0.0,-44.17505,71.73432,40.39353,10.08,-0.84,-0.24,2.0
1758075344.83992,1758075344.81506,0.0,0.0,0.0,-37.87251,79.46925,37.98711,10.08,-0.84,-0.24,2.0
1758075344.84434,1758075344.82506,0.0,0.0,0.0,-30.59595,81.5892,33.86181,9.49,-2.62,-0.52,2.0
1758075344.85988,1758075344.83506,0.0,0.0,0.0,-23.0329,76.48987,27.73116,9.49,-2.62,-0.52,2.0
1758075344.86351,1758075344.84506,0.0,0.0,0.0,-11.86023,68.29657,16.50119,6.68,-3.47,-1.02,2.0
1758075344.88048,1758075344.85506,0.0,0.0,0.0,-3.83882,68.75494,10.37054,6.06,-3.5,-1.13,2.0
1758075344.88301,1758075344.86506,0.0,0.0,0.0,4.18259,72.42187,5.84417,6.06,-3.5,-1.13,2.0
1758075344.89905,1758075344.87506,0.0,0.0,0.0,12.54778,76.31798,3.72423,6.72,-2.92,-1.1,2.0
1758075344.90085,1758075344.88506,0.0,0.0,0.0,24.98096,81.36001,2.97938,6.72,-2.92,-1.1,2.0
1758075344.91944,1758075344.89506,0.0,0.0,0.0,33.11696,79.98491,5.4431,7.44,-2.1,-0.86,2.0
1758075344.92065,1758075344.90506,0.0,0.0,0.0,41.71133,77.92226,10.48513,7.44,-2.1,-0.86,2.0
1758075344.94026,1758075344.91506,0.0,0.0,0.0,48.12846,77.75038,16.84496,8.66,-1.59,-0.96,2.0
1758075344.94501,1758075344.92506,0.0,0.0,0.0,54.94666,74.7137,26.52795,10.16,-1.27,-0.68,2.0
1758075344.96,1758075344.93506,0.0,0.0,0.0,57.29578,67.89551,32.6013,10.16,-1.27,-0.68,2.0
1758075344.96092,1758075344.94506,0.0,0.0,0.0,57.92604,56.26446,37.81522,10.11,-1.05,-0.27,2.0
1758075344.97643,1758075344.95506,0.0,0.0,0.0,55.6342,43.94586,39.01843,10.11,-1.05,-0.27,2.0
1758075344.97879,1758075344.96506,0.0,0.0,0.0,50.76406,40.50812,37.75792,10.28,-0.68,-0.69,2.0
1758075344.99496,1758075344.97506,0.0,0.0,0.0,47.26902,42.97184,35.2942,10.28,-0.68,-0.69,2.0
1758075345.01098,1758075344.98506,0.0,0.0,0.0,44.00316,39.19032,32.08564,10.97,0.0,-0.33,2.0
1758075345.01278,1758075344.99506,0.0,0.0,0.0,41.48215,24.4653,26.98631,10.97,0.0,-0.33,2.0
1758075345.02782,1758075345.00506,0.0,0.0,0.0,40.39353,10.65701,22.74642,9.63,-0.04,-0.82,2.0
1758075345.02974,1758075345.01506,0.0,0.0,0.0,38.61736,1.94806,17.6471,9.6,-0.57,-1.28,2.0
1758075345.04497,1758075345.02506,0.0,0.0,0.0,37.47144,2.23454,13.98017,9.6,-0.57,-1.28,2.0
1758075345.08945,1758075345.03506,0.0,0.0,0.0,35.12231,7.04738,8.30789,11.51,-1.13,-1.04,2.0
1758075345.12393,1758075345.04506,0.0,0.0,0.0,36.38282,-13.80828,3.66693,11.51,-1.13,-1.04,2.0
1758075345.12538,1758075345.05506,0.0,0.0,0.0,38.50277,-51.22243,0.68755,8.96,-1.62,-0.95,2.0
1758075345.12713,1758075345.06506,0.0,0.0,0.0,42.1124,-100.72599,9.4538,8.96,-1.62,-0.95,2.0
1758075345.12779,1758075345.07506,0.0,0.0,0.0,48.9879,-110.1225,21.6578,8.07,-2.56,-3.01,2.0
1758075345.13088,1758075345.08506,0.0,0.0,0.0,53.68615,-103.53348,25.09555,11.83,-2.73,-1.52,2.0
1758075345.13304,1758075345.09506,0.0,0.0,0.0,56.952,-104.85127,25.26744,11.83,-2.73,-1.52,2.0
1758075345.13473,1758075345.10506,0.0,0.0,0.0,56.952,-110.58086,22.74642,8.92,-1.93,-0.21,2.0
1758075345.13626,1758075345.11506,0.0,0.0,0.0,50.01921,-120.8941,19.42327,8.92,-1.93,-0.21,2.0
1758075345.17787,1758075345.12506,0.0,0.0,0.0,42.34158,-137.39528,18.50654,8.46,0.07,3.73,2.0
1758075345.19682,1758075345.13506,0.0,0.0,0.0,34.14828,-157.21964,21.7724,8.46,0.07,3.73,2.0
1758075345.19794,1758075345.14506,0.0,0.0,0.0,29.56462,-168.4496,31.45539,10.0,3.84,5.12,2.0
1758075345.19997,1758075345.15506,0.0,0.0,0.0,25.43933,-158.59473,48.30034,16.43,6.35,4.33,2.0
1758075345.2049,1758075345.16506,0.0,0.0,0.0,24.98096,-142.55191,56.89471,16.43,6.35,4.33,2.0
1758075345.20583,1758075345.17506,0.0,0.0,0.0,26.64254,-124.73292,60.38975,16.74,3.53,3.0,2.0
1758075345.20919,1758075345.18506,0.0,0.0,0.0,32.88778,-90.41274,58.04062,16.74,3.53,3.0,2.0
1758075345.21041,1758075345.19506,0.0,0.0,0.0,38.78925,-62.39511,51.73809,11.95,-1.32,0.27,2.0
1758075345.23133,1758075345.20506,0.0,0.0,0.0,45.20637,-33.05967,40.39353,11.95,-1.32,0.27,2.0
1758075345.23503,1758075345.21506,0.0,0.0,0.0,50.3057,-3.66693,23.37668,9.85,-3.62,-0.83,2.0
1758075345.26488,1758075345.22506,0.0,0.0,0.0,55.40502,40.04975,-3.95341,9.85,-3.62,-0.83,2.0
1758075345.27186,1758075345.23506,0.0,0.0,0.0,56.78012,63.99939,-18.10547,10.66,-3.8,-1.28,2.0
1758075345.27289,1758075345.24506,0.0,0.0,0.0,56.03527,86.74582,-28.24682,11.09,-2.76,-1.26,2.0
1758075345.27682,1758075345.25506,0.0,0.0,0.0,55.34772,107.54418,-33.23156,11.09,-2.76,-1.26,2.0
1758075345.28057,1758075345.26506,0.0,0.0,0.0,54.25911,129.43117,-32.77319,12.15,-0.05,-1.36,2.0
1758075345.29884,1758075345.27506,0.0,0.0,0.0,52.71212,134.18672,-29.27814,12.15,-0.05,-1.36,2.0
1758075345.31226,1758075345.28506,0.0,0.0,0.0,50.1911,134.18672,-22.91831,11.1,2.48,-0.72,2.0
1758075345.31513,1758075345.29506,0.0,0.0,0.0,47.67009,129.77495,-16.04282,11.1,2.48,-0.72,2.0
1758075345.32053,1758075345.30506,0.0,0.0,0.0,39.64868,120.32114,-6.87549,8.77,2.9,0.1,2.0
1758075345.34536,1758075345.31506,0.0,0.0,0.0,31.74186,114.82076,-1.77617,6.9,2.43,0.97,2.0
1758075345.34974,1758075345.32506,0.0,0.0,0.0,21.94428,110.29437,1.3178,6.9,2.43,0.97,2.0
1758075345.35038,1758075345.33506,0.0,0.0,0.0,10.8289,105.53883,1.71887,6.41,2.42,1.22,2.0
1758075345.37002,1758075345.34506,0.0,0.0,0.0,-7.96411,93.7359,-2.63561,6.41,2.42,1.22,2.0
1758075345.3736,1758075345.35506,0.0,0.0,0.0,-21.08485,83.53725,-8.88085,6.44,2.69,0.97,2.0
1758075345.38992,1758075345.36506,0.0,0.0,0.0,-32.37212,65.71826,-14.03747,6.44,2.69,0.97,2.0
1758075345.39356,1758075345.37506,0.0,0.0,0.0,-51.50891,59.64491,-31.51268,7.27,2.83,0.62,2.0
1758075345.41068,1758075345.38506,0.0,0.0,0.0,-62.16592,50.99325,-41.65404,8.73,2.91,0.22,2.0
1758075345.43738,1758075345.39506,0.0,0.0,0.0,-70.93218,35.3515,-46.75336,8.73,2.91,0.22,2.0
1758075345.45617,1758075345.40506,0.0,0.0,0.0,-77.57849,24.4653,-49.33167,8.38,2.24,-0.45,2.0
1758075345.4564,1758075345.41506,0.0,0.0,0.0,-81.99026,10.59972,-45.83662,8.38,2.24,-0.45,2.0
1758075345.47007,1758075345.42506,0.0,0.0,0.0,-85.37071,6.07335,-39.76327,9.27,0.93,-1.38,2.0
1758075345.4745,1758075345.43506,0.0,0.0,0.0,-87.43336,15.0115,-33.51803,9.27,0.93,-1.38,2.0
1758075345.47506,1758075345.44506,0.0,0.0,0.0,-90.06896,26.06958,-28.87707,11.9,0.12,-1.58,2.0
1758075345.47663,1758075345.45506,0.0,0.0,0.0,-91.27219,30.76784,-23.66316,12.25,0.12,-2.0,2.0
1758075345.47852,1758075345.46506,0.0,0.0,0.0,-86.91771,22.68913,-15.06879,12.25,0.06,-2.0,2.0
1758075345.49509,1758075345.47506,0.0,0.0,0.0,-87.43336,-19.88164,-16.73037,9.7,0.16,-1.01,2.0
1758075345.51295,1758075345.48506,0.0,0.0,0.0,-85.08423,-52.42564,-16.04282,9.7,0.16,-1.01,2.0
1758075345.51442,1758075345.49506,0.0,0.0,0.0,-79.98491,-59.70221,-19.76705,11.23,0.18,-2.97,2.0
1758075345.52997,1758075345.50506,0.0,0.0,0.0,-77.75038,-54.08722,-22.63183,11.23,0.18,-2.97,2.0
1758075345.53231,1758075345.51506,0.0,0.0,0.0,-76.89094,-52.65482,-23.0902,12.69,0.07,-1.19,2.0
1758075345.54919,1758075345.52506,0.0,0.0,0.0,-77.17742,-53.45696,-21.7151,12.69,0.07,-1.19,2.0
1758075345.55207,1758075345.53506,0.0,0.0,0.0,-77.23472,-54.77477,-15.87093,9.96,-0.06,-1.05,2.0
1758075345.56726,1758075345.54506,0.0,0.0,0.0,-75.97421,-60.38975,-11.57375,7.55,-0.29,0.53,2.0
1758075345.57053,1758075345.55506,0.0,0.0,0.0,-72.30728,-77.17742,-8.36518,7.55,-0.29,0.53,2.0
1758075345.58707,1758075345.56506,0.0,0.0,0.0,-67.37984,-105.02316,-8.47978,5.57,-0.91,3.57,2.0
1758075345.58987,1758075345.57506,0.0,0.0,0.0,-57.18119,-150.34413,-18.50654,5.57,-0.91,3.57,2.0
1758075345.60531,1758075345.58506,0.0,0.0,0.0,-51.6235,-156.18831,-30.76784,8.44,-1.79,6.06,2.0
1758075345.62525,1758075345.59506,0.0,0.0,0.0,-45.09178,-143.9843,-43.25832,8.44,-1.79,6.06,2.0
1758075345.62978,1758075345.60506,0.0,0.0,0.0,-38.44547,-131.15004,-65.77556,15.25,-3.24,5.26,2.0
1758075345.63187,1758075345.61506,0.0,0.0,0.0,-38.90384,-123.47241,-78.55252,13.9,-3.66,2.9,2.0
1758075345.64981,1758075345.62506,0.0,0.0,0.0,-42.85724,-114.24779,-86.17285,13.9,-3.66,2.9,2.0
1758075345.67531,1758075345.63506,0.0,0.0,0.0,8.59437,-89.03764,-86.34474,12.23,-0.96,0.3,2.0
1758075345.67576,1758075345.64506,0.0,0.0,0.0,-40.04975,-65.48907,-68.64035,12.23,-0.96,0.3,2.0
1758075345.67695,1758075345.65506,0.0,0.0,0.0,-50.3057,-47.15443,-49.04519,12.89,1.35,-0.27,2.0
1758075345.67835,1758075345.66506,0.0,0.0,0.0,-47.89928,-31.45539,-27.1582,12.89,1.35,-0.27,2.0
1758075345.70017,1758075345.67506,0.0,0.0,0.0,-44.28964,-19.13679,-5.78687,12.12,2.17,-0.95,2.0
1758075345.70476,1758075345.68506,0.0,0.0,0.0,-37.24226,6.24524,19.99623,12.38,1.2,-0.95,2.0
1758075345.72034,1758075345.69506,0.0,0.0,0.0,-31.56997,24.57989,30.93972,12.38,1.2,-0.95,2.0
1758075345.72445,1758075345.70506,0.0,0.0,0.0,-24.92367,42.05511,37.35685,12.17,-1.09,-1.3,2.0
1758075345.74033,1758075345.71506,0.0,0.0,0.0,-17.81899,59.01466,38.1017,12.17,-1.09,-1.3,2.0
1758075345.74286,1758075345.72506,0.0,0.0,0.0,-4.87014,70.81759,34.0337,10.63,-3.15,-1.35,2.0
1758075345.75888,1758075345.73506,0.0,0.0,0.0,3.09397,69.3279,27.84575,10.63,-3.15,-1.35,2.0
1758075345.7601,1758075345.74506,0.0,0.0,0.0,11.00079,66.5204,20.85567,7.32,-3.77,-1.5,2.0
1758075345.77508,1758075345.75506,0.0,0.0,0.0,18.9649,65.08801,14.83961,7.32,-3.77,-1.5,2.0
1758075345.78055,1758075345.76506,0.0,0.0,0.0,29.96569,66.29122,8.47978,6.42,-3.31,-1.27,2.0
1758075345.80013,1758075345.77506,0.0,0.0,0.0,36.7266,70.01544,7.33386,6.7,-2.43,-1.17,2.0
1758075345.80366,1758075345.78506,0.0,0.0,0.0,42.68536,75.17207,6.99009,6.7,-2.43,-1.17,2.0
1758075345.82014,1758075345.79506,0.0,0.0,0.0,50.87865,76.54716,8.25059,7.34,-1.66,-0.71,2.0
1758075345.82507,1758075345.80506,0.0,0.0,0.0,56.49364,70.01544,11.28727,7.34,-1.66,-0.71,2.0
1758075345.84007,1758075345.81506,0.0,0.0,0.0,61.99404,68.64035,14.61043,8.04,-1.37,-0.55,2.0
1758075345.84718,1758075345.82506,0.0,0.0,0.0,65.71826,68.69764,18.44924,8.04,-1.37,-0.55,2.0
1758075345.84936,1758075345.83506,0.0,0.0,0.0,67.26525,68.12468,22.86102,9.8,-1.16,-0.87,2.0
1758075345.86509,1758075345.84506,0.0,0.0,0.0,66.11933,63.8275,24.29341,10.16,-0.73,-0.16,2.0
1758075345.86629,1758075345.85506,0.0,0.0,0.0,62.68159,54.48829,24.63719,10.16,-0.73,-0.16,2.0
1758075345.88342,1758075345.86506,0.0,0.0,0.0,57.12389,44.9199,22.68913,9.44,-0.2,-0.74,2.0
1758075345.89996,1758075345.87506,0.0,0.0,0.0,47.09713,37.87251,16.95955,9.44,-0.2,-0.74,2.0
1758075345.90387,1758075345.88506,0.0,0.0,0.0,41.99781,36.49741,12.71966,9.93,0.55,-0.9,2.0
1758075345.92006,1758075345.89506,0.0,0.0,0.0,37.18496,36.15364,8.93814,9.93,0.55,-0.9,2.0
1758075345.92267,1758075345.90506,0.0,0.0,0.0,32.6013,30.82513,7.79223,10.3,1.07,-1.03,2.0
1758075345.93812,1758075345.91506,0.0,0.0,0.0,24.29341,42.22699,2.34913,11.44,1.18,-0.92,2.0
1758075345.93941,1758075345.92506,0.0,0.0,0.0,18.50654,47.32632,-1.60428,11.44,1.18,-0.92,2.0
1758075345.95509,1758075345.93506,0.0,0.0,0.0,12.54778,36.32552,-9.22462,10.25,1.13,-0.66,2.0
1758075345.96038,1758075345.94506,0.0,0.0,0.0,10.19865,-8.99544,-11.97482,10.25,1.13,-0.66,2.0
1758075345.98041,1758075345.95506,0.0,0.0,0.0,13.40721,-67.55173,-7.96411,6.15,0.01,-2.88,2.0
1758075345.98532,1758075345.96506,0.0,0.0,0.0,13.80828,-72.99483,-3.66693,6.15,0.01,-2.88,2.0
1758075345.98944,1758075345.97506,0.0,0.0,0.0,15.58445,-67.78091,-0.85944,10.81,-1.44,-1.74,2.0
1758075346.00993,1758075345.98506,0.0,0.0,0.0,16.90226,-67.37984,0.51566,10.81,-1.44,-1.74,2.0
1758075346.01711,1758075345.99506,0.0,0.0,0.0,14.61043,-78.7244,0.74485,10.71,-2.07,-0.78,2.0
1758075346.01749,1758075346.00506,0.0,0.0,0.0,8.36518,-89.26682,1.03132,10.42,-1.94,2.26,2.0
1758075346.03514,1758075346.01506,0.0,0.0,0.0,-1.66158,-103.53348,2.86479,10.42,-1.94,2.26,2.0
1758075346.04035,1758075346.02506,0.0,0.0,0.0,-17.76169,-129.31659,13.06344,12.46,0.57,4.48,2.0
1758075346.05845,1758075346.03506,0.0,0.0,0.0,-26.01229,-136.07747,24.57989,12.46,0.57,4.48,2.0
1758075346.05974,1758075346.04506,0.0,0.0,0.0,-30.99702,-132.29596,35.63798,16.23,4.42,3.83,2.0
1758075346.0742,1758075346.05506,0.0,0.0,0.0,-33.9764,-125.0194,41.65404,16.23,4.42,3.83,2.0
1758075346.09021,1758075346.06506,0.0,0.0,0.0,-31.11161,-113.56024,43.20102,14.62,3.75,1.99,2.0
1758075346.10621,1758075346.07506,0.0,0.0,0.0,-25.72581,-101.9865,40.33623,9.51,0.15,2.71,2.0
1758075346.10745,1758075346.08506,0.0,0.0,0.0,-18.10547,-84.39669,35.58068,9.51,0.15,2.71,2.0
1758075346.10995,1758075346.09506,0.0,0.0,0.0,-9.91217,-60.73353,28.70519,8.61,-1.97,1.46,2.0
1758075346.12548,1758075346.10506,0.0,0.0,0.0,0.74485,-24.86637,14.49583,8.61,-1.97,1.46,2.0
1758075346.12641,1758075346.11506,0.0,0.0,0.0,4.92744,-6.53172,3.49504,8.5,-3.24,0.0,2.0
1758075346.14278,1758075346.12506,0.0,0.0,0.0,6.47442,13.00614,-7.04738,8.5,-3.24,0.0,2.0
1758075346.159,1758075346.13506,0.0,0.0,0.0,4.1253,36.7266,-15.41257,10.66,-3.22,-0.42,2.0
1758075346.16027,1758075346.14506,0.0,0.0,0.0,-3.49504,77.86497,-23.20479,14.12,-1.11,-2.08,2.0
1758075346.1755,1758075346.15506,0.0,0.0,0.0,-9.96947,97.23093,-26.01229,14.12,-1.11,-2.08,2.0
1758075346.1764,1758075346.16506,0.0,0.0,0.0,-16.10011,108.6328,-26.01229,13.14,2.15,-1.79,2.0
1758075346.19536,1758075346.17506,0.0,0.0,0.0,-23.31938,113.90401,-24.75178,13.14,2.15,-1.79,2.0
1758075346.2005,1758075346.18506,0.0,0.0,0.0,-31.2262,117.85743,-20.45459,10.76,3.73,-0.65,2.0
1758075346.22035,1758075346.19506,0.0,0.0,0.0,-35.40879,116.8261,-16.73037,10.76,3.73,-0.65,2.0
1758075346.22147,1758075346.20506,0.0,0.0,0.0,-39.3622,114.41968,-12.89155,8.55,3.24,-0.12,2.0
1758075346.23891,1758075346.21506,0.0,0.0,0.0,-46.00851,112.07055,-6.07335,8.55,3.24,-0.12,2.0
1758075346.24006,1758075346.22506,0.0,0.0,0.0,-52.02457,105.53883,-3.38045,7.23,2.34,0.28,2.0
1758075346.25548,1758075346.23506,0.0,0.0,0.0,-59.87409,103.59077,-3.03668,7.25,1.94,0.39,2.0
1758075346.25763,1758075346.24506,0.0,0.0,0.0,-68.64035,101.06976,-5.27121,7.25,1.94,0.39,2.0
1758075346.27551,1758075346.25506,0.0,0.0,0.0,-81.5892,82.84971,-10.08406,7.86,1.91,0.11,2.0
1758075346.27649,1758075346.26506,0.0,0.0,0.0,-92.81918,74.94289,-20.79837,7.86,1.91,0.11,2.0
1758075346.2943,1758075346.27506,0.0,0.0,0.0,-100.43951,67.32255,-29.8511,8.3,1.97,0.15,2.0
1758075346.31052,1758075346.28506,0.0,0.0,0.0,-106.97123,58.78547,-40.33623,8.3,1.97,0.15,2.0
1758075346.31483,1758075346.29506,0.0,0.0,0.0,-114.93534,28.99167,-48.8733,8.14,1.76,-0.52,2.0
1758075346.33055,1758075346.30506,0.0,0.0,0.0,-115.79478,12.83425,-50.53488,7.14,1.07,-0.39,2.0
1758075346.33394,1758075346.31506,0.0,0.0,0.0,-116.88341,5.78687,-49.15978,7.14,1.07,-0.39,2.0
1758075346.3496,1758075346.32506,0.0,0.0,0.0,-116.53963,8.76626,-41.88322,9.31,0.14,-0.95,2.0
1758075346.35479,1758075346.33506,0.0,0.0,0.0,-116.19585,41.02378,-38.21629,9.31,0.14,-0.95,2.0
1758075346.36945,1758075346.34506,0.0,0.0,0.0,-115.68018,45.89392,-32.54401,12.07,-0.48,-0.41,2.0
1758075346.37053,1758075346.35506,0.0,0.0,0.0,-113.10187,48.24305,-26.98631,12.07,-0.48,-0.41,2.0
1758075346.38531,1758075346.36506,0.0,0.0,0.0,-108.6328,37.52874,-18.73572,10.52,-0.63,-0.63,2.0
1758075346.38726,1758075346.37506,0.0,0.0,0.0,-100.26762,-8.99544,-10.8862,8.28,-0.73,-1.97,2.0
1758075346.40433,1758075346.38506,0.0,0.0,0.0,-94.65263,-24.92367,-7.50575,8.28,-0.73,-1.97,2.0
1758075346.42061,1758075346.39506,0.0,0.0,0.0,-89.83979,-28.59059,-7.84952,11.03,-0.81,-2.45,2.0
1758075346.42156,1758075346.40506,0.0,0.0,0.0,-85.37071,-27.44468,-11.28727,11.03,-0.81,-2.45,2.0
1758075346.43635,1758075346.41506,0.0,0.0,0.0,-80.38599,-29.8511,-14.9542,11.87,-0.71,-0.93,2.0
1758075346.43992,1758075346.42506,0.0,0.0,0.0,-77.29202,-32.48671,-17.6471,11.87,-0.71,-0.93,2.0
1758075346.45565,1758075346.43506,0.0,0.0,0.0,-74.65641,-34.09099,-19.13679,11.5,-0.45,-0.25,2.0
1758075346.45731,1758075346.44506,0.0,0.0,0.0,-72.47916,-36.55471,-16.50119,11.5,-0.45,-0.25,2.0
1758075346.47534,1758075346.45506,0.0,0.0,0.0,-73.16672,-37.81522,-12.43318,10.26,-0.36,-0.67,2.0
1758075346.47735,1758075346.46506,0.0,0.0,0.0,-74.54182,-38.44547,-6.58902,8.35,-0.4,-0.49,2.0
1758075346.49461,1758075346.47506,0.0,0.0,0.0,-75.80232,-42.62806,-0.68755,8.35,-0.4,-0.49,2.0
1758075346.51068,1758075346.48506,0.0,0.0,0.0,-74.42722,-69.27061,4.52637,6.49,-0.94,1.63,2.0
1758075346.51161,1758075346.49506,0.0,0.0,0.0,-71.21866,-100.66869,2.29183,6.49,-0.94,1.63,2.0
1758075346.52641,1758075346.50506,0.0,0.0,0.0,-67.89551,-130.17603,-5.95876,6.31,-1.8,3.27,2.0
1758075346.5284,1758075346.51506,0.0,0.0,0.0,-64.45775,-142.15085,-17.30333,6.31,-1.8,3.27,2.0
1758075346.54363,1758075346.52506,0.0,0.0,0.0,-58.3844,-128.22797,-34.14828,11.27,-1.45,4.16,2.0
1758075346.55966,1758075346.53506,0.0,0.0,0.0,-55.97798,-120.37844,-46.75336,14.77,-0.79,4.22,2.0
1758075346.56085,1758075346.54506,0.0,0.0,0.0,-56.14987,-116.42503,-58.84277,14.77,-0.79,4.22,2.0
1758075346.57568,1758075346.55506,0.0,0.0,0.0,-62.39511,-108.51821,-68.29657,12.7,0.11,2.28,2.0
1758075346.58057,1758075346.56506,0.0,0.0,0.0,-75.97421,-90.18356,-73.10942,12.7,0.11,2.28,2.0
1758075346.59846,1758075346.57506,0.0,0.0,0.0,-83.82372,-70.01544,-66.46311,12.47,1.38,0.02,2.0
1758075346.59966,1758075346.58506,0.0,0.0,0.0,-90.41274,-48.8733,-52.65482,12.47,1.38,0.02,2.0
1758075346.61553,1758075346.59506,0.0,0.0,0.0,-94.02238,-28.59059,-34.89313,13.76,1.79,-0.59,2.0
1758075346.61643,1758075346.60506,0.0,0.0,0.0,-94.19427,-4.58366,-6.13065,12.4,1.36,-0.8,2.0
1758075346.63269,1758075346.61506,0.0,0.0,0.0,-91.27219,8.65166,11.74564,12.4,1.36,-0.8,2.0
1758075346.64842,1758075346.62506,0.0,0.0,0.0,-87.66255,21.7151,25.72581,11.09,0.31,-0.51,2.0
1758075346.64972,1758075346.63506,0.0,0.0,0.0,-81.93298,39.24761,37.87251,11.09,0.31,-0.51,2.0
1758075346.66475,1758075346.64506,0.0,0.0,0.0,-78.15145,47.89928,39.53409,9.98,-0.87,0.12,2.0
1758075346.68073,1758075346.65506,0.0,0.0,0.0,-73.68237,54.3737,36.84119,9.98,-0.87,0.12,2.0
1758075346.68327,1758075346.66506,0.0,0.0,0.0,-68.58305,60.96271,30.88243,8.95,-2.19,0.14,2.0
1758075346.69854,1758075346.67506,0.0,0.0,0.0,-58.55629,64.62964,21.42862,8.95,-2.19,0.14,2.0
1758075346.70001,1758075346.68506,0.0,0.0,0.0,-50.363,62.39511,14.83961,7.83,-3.39,-0.43,2.0
1758075346.71446,1758075346.69506,0.0,0.0,0.0,-41.48215,59.41573,8.65166,6.58,-3.85,-0.85,2.0
1758075346.73314,1758075346.70506,0.0,0.0,0.0,-31.2262,59.41573,4.64096,6.58,-3.85,-0.85,2.0
1758075346.73489,1758075346.71506,0.0,0.0,0.0,-15.24068,66.06203,1.66158,7.66,-3.5,-0.97,2.0
1758075346.75051,1758075346.72506,0.0,0.0,0.0,-4.23989,69.95815,2.00535,7.66,-3.5,-0.97,2.0
1758075346.75202,1758075346.73506,0.0,0.0,0.0,7.39116,69.21331,4.23989,8.47,-2.68,-0.87,2.0
1758075346.76652,1758075346.74506,0.0,0.0,0.0,18.44924,66.29122,9.05273,8.47,-2.68,-0.87,2.0
1758075346.76794,1758075346.75506,0.0,0.0,0.0,31.56997,64.80153,17.36062,8.97,-2.17,-0.81,2.0
1758075346.78282,1758075346.76506,0.0,0.0,0.0,37.87251,63.77021,22.51724,10.2,-1.96,-0.87,2.0
1758075346.79854,1758075346.77506,0.0,0.0,0.0,43.54479,60.04598,27.67386,10.2,-1.96,-0.87,2.0
1758075346.79998,1758075346.78506,0.0,0.0,0.0,46.75336,51.6235,31.74186,10.27,-1.84,-0.52,2.0
1758075346.81477,1758075346.79506,0.0,0.0,0.0,47.89928,38.90384,32.48671,10.27,-1.84,-0.52,2.0
1758075346.83082,1758075346.80506,0.0,0.0,0.0,46.1231,41.65404,30.13758,10.56,-1.76,-1.36,2.0
1758075346.83173,1758075346.81506,0.0,0.0,0.0,45.20637,44.23235,27.2155,10.56,-1.76,-1.36,2.0
1758075346.84657,1758075346.82506,0.0,0.0,0.0,43.54479,46.35228,21.60051,11.84,-1.29,-1.13,2.0
1758075346.84856,1758075346.83506,0.0,0.0,0.0,42.68536,32.6013,17.76169,10.93,-0.98,-1.14,2.0
1758075346.86381,1758075346.84506,0.0,0.0,0.0,41.25296,22.86102,13.46451,10.93,-0.98,-1.14,2.0
1758075346.87981,1758075346.85506,0.0,0.0,0.0,39.4768,25.89769,9.22462,11.77,-0.85,-1.63,2.0
1758075346.881,1758075346.86506,0.0,0.0,0.0,35.92446,26.81443,2.06265,11.77,-0.85,-1.63,2.0
1758075346.89581,1758075346.87506,0.0,0.0,0.0,32.6013,24.75178,-2.97938,11.58,-0.79,-0.93,2.0
1758075346.90071,1758075346.88506,0.0,0.0,0.0,33.05967,-10.37054,-6.35983,11.58,-0.79,-0.93,2.0
1758075346.91869,1758075346.89506,0.0,0.0,0.0,35.2369,-54.94666,-8.02141,7.11,-0.89,-1.57,2.0
1758075346.91985,1758075346.90506,0.0,0.0,0.0,39.3622,-86.74582,3.83882,8.13,-0.89,-2.95,2.0
1758075346.93457,1758075346.91506,0.0,0.0,0.0,42.85724,-85.77179,7.62034,8.13,-1.77,-2.95,2.0
1758075346.95091,1758075346.92506,0.0,0.0,0.0,43.88857,-91.44406,11.11538,9.38,-2.29,0.25,2.0
1758075346.95263,1758075346.93506,0.0,0.0,0.0,41.25296,-114.0759,15.35527,9.38,-2.29,0.25,2.0
1758075346.96765,1758075346.94506,0.0,0.0,0.0,25.55392,-155.90182,33.86181,9.0,-1.01,6.69,2.0
1758075346.96883,1758075346.95506,0.0,0.0,0.0,13.5791,-171.48627,54.94666,9.0,-1.01,6.69,2.0
1758075346.98468,1758075346.96506,0.0,0.0,0.0,3.95341,-162.54814,71.79161,17.31,5.88,6.94,2.0
1758075347.00076,1758075346.97506,0.0,0.0,0.0,-3.09397,-145.81776,79.29736,17.31,5.88,6.94,2.0
1758075347.00297,1758075346.98506,0.0,0.0,0.0,-7.84952,-129.25928,78.66711,17.62,7.04,1.67,2.0
1758075347.0187,1758075346.99506,0.0,0.0,0.0,-7.16197,-125.82154,71.04677,8.52,1.5,3.17,2.0
1758075347.02043,1758075347.00506,0.0,0.0,0.0,-2.86479,-118.94605,62.68159,8.52,1.5,3.17,2.0
1758075347.03644,1758075347.01506,0.0,0.0,0.0,4.58366,-98.94981,51.27972,6.83,-1.5,2.28,2.0
1758075347.04006,1758075347.02506,0.0,0.0,0.0,15.24068,-64.17127,28.476,6.83,-1.5,2.28,2.0
1758075347.05641,1758075347.03506,0.0,0.0,0.0,19.99623,-44.9199,11.74564,8.34,-2.85,0.81,2.0
1758075347.06039,1758075347.04506,0.0,0.0,0.0,22.63183,-26.64254,-3.66693,8.34,-2.85,0.81,2.0
1758075347.076,1758075347.05506,0.0,0.0,0.0,21.7724,3.95341,-20.68378,10.45,-2.91,0.37,2.0
1758075347.07692,1758075347.06506,0.0,0.0,0.0,17.58981,31.45539,-26.69983,14.35,-0.84,-2.05,2.0
1758075347.09373,1758075347.07506,0.0,0.0,0.0,11.63104,60.33246,-27.61657,14.35,-0.84,-2.05,2.0
1758075347.10997,1758075347.08506,0.0,0.0,0.0,3.83882,85.14153,-27.84575,14.94,1.99,-2.52,2.0
1758075347.1121,1758075347.09506,0.0,0.0,0.0,-9.74028,101.81461,-25.38203,14.94,1.99,-2.52,2.0
1758075347.12675,1758075347.10506,0.0,0.0,0.0,-17.53251,107.60149,-21.94428,10.5,2.72,-1.07,2.0
1758075347.12795,1758075347.11506,0.0,0.0,0.0,-24.29341,114.59156,-17.99088,10.5,2.72,-1.07,2.0
1758075347.14329,1758075347.12506,0.0,0.0,0.0,-30.13758,117.80012,-13.40721,8.19,2.32,-0.37,2.0
1758075347.15875,1758075347.13506,0.0,0.0,0.0,-38.1017,116.76881,-6.24524,6.45,1.97,-0.18,2.0
1758075347.15993,1758075347.14506,0.0,0.0,0.0,-43.14373,114.70615,-1.48969,6.45,1.97,-0.18,2.0
1758075347.17506,1758075347.15506,0.0,0.0,0.0,-48.70141,113.44565,0.80214,6.44,1.69,0.07,2.0
1758075347.19107,1758075347.16506,0.0,0.0,0.0,-54.25911,112.6435,1.60428,6.44,1.69,0.07,2.0
1758075347.19196,1758075347.17506,0.0,0.0,0.0,-62.85347,104.10643,-2.7502,7.57,1.58,0.45,2.0
1758075347.20707,1758075347.18506,0.0,0.0,0.0,-68.35387,93.56402,-6.41713,7.57,1.58,0.45,2.0
1758075347.20907,1758075347.19506,0.0,0.0,0.0,-75.63043,83.76643,-15.29797,8.38,1.65,0.87,2.0
1758075347.2248,1758075347.20506,0.0,0.0,0.0,-79.75573,74.42722,-22.86102,8.38,1.65,0.87,2.0
1758075347.24083,1758075347.21506,0.0,0.0,0.0,-87.71984,57.92604,-35.3515,9.52,1.61,0.91,2.0
1758075347.24311,1758075347.22506,0.0,0.0,0.0,-91.78784,39.07573,-40.7946,8.93,1.39,0.31,2.0
1758075347.25784,1758075347.23506,0.0,0.0,0.0,-94.19427,21.60051,-43.94586,8.93,1.39,0.31,2.0
1758075347.26016,1758075347.24506,0.0,0.0,0.0,-95.28289,9.62569,-42.68536,8.73,0.96,-0.44,2.0
1758075347.27483,1758075347.25506,0.0,0.0,0.0,-95.51206,4.58366,-40.10705,8.73,0.96,-0.44,2.0
1758075347.2911,1758075347.26506,0.0,0.0,0.0,-96.42879,4.87014,-33.51803,9.54,0.21,-0.9,2.0
1758075347.29276,1758075347.27506,0.0,0.0,0.0,-97.05905,21.48592,-31.11161,9.54,0.21,-0.9,2.0
1758075347.30804,1758075347.28506,0.0,0.0,0.0,-98.66334,31.28349,-25.8404,11.44,0.1,-1.0,2.0
1758075347.30978,1758075347.29506,0.0,0.0,0.0,-97.46013,37.47144,-20.97026,11.05,-0.03,-1.16,2.0
1758075347.3251,1758075347.30506,0.0,0.0,0.0,-94.88181,10.08406,-17.58981,11.05,-0.03,-1.16,2.0
1758075347.34113,1758075347.31506,0.0,0.0,0.0,-94.70992,-28.76248,-17.76169,7.61,-0.08,-1.65,2.0
1758075347.34279,1758075347.32506,0.0,0.0,0.0,-91.27219,-50.2484,-17.30333,7.61,-0.08,-1.65,2.0
1758075347.35791,1758075347.33506,0.0,0.0,0.0,-89.32412,-44.86259,-17.87628,11.43,0.04,-3.28,2.0
1758075347.36329,1758075347.34506,0.0,0.0,0.0,-87.54795,-34.95043,-17.93358,11.43,0.04,-3.28,2.0
1758075347.37782,1758075347.35506,0.0,0.0,0.0,-86.45934,-27.96034,-17.18874,13.06,0.16,-1.37,2.0
1758075347.38332,1758075347.36506,0.0,0.0,0.0,-85.71449,-24.75178,-14.49583,11.83,0.49,-0.85,2.0
1758075347.39788,1758075347.37506,0.0,0.0,0.0,-86.40204,-25.8404,-11.57375,11.83,0.49,-0.85,2.0
1758075347.39907,1758075347.38506,0.0,0.0,0.0,-87.54795,-30.02299,-8.02141,9.63,0.55,-0.68,2.0
1758075347.41547,1758075347.39506,0.0,0.0,0.0,-88.63658,-40.16434,-5.72958,9.63,0.55,-0.68,2.0
1758075347.42464,1758075347.40506,0.0,0.0,0.0,-87.60525,-69.21331,-6.70361,7.33,-0.09,1.18,2.0
1758075347.43989,1758075347.41506,0.0,0.0,0.0,-85.37071,-97.9185,-12.14671,7.33,-0.09,1.18,2.0
1758075347.44269,1758075347.42506,0.0,0.0,0.0,-82.56322,-126.45179,-21.7151,7.26,-1.4,3.44,2.0
1758075347.46019,1758075347.43506,0.0,0.0,0.0,-79.52654,-138.82768,-36.95578,7.26,-1.4,3.44,2.0
1758075347.46518,1758075347.44506,0.0,0.0,0.0,-73.73967,-137.85365,-45.26366,10.94,-2.11,5.23,2.0
1758075347.48017,1758075347.45506,0.0,0.0,0.0,-73.16672,-137.45259,-54.25911,12.5,-2.77,5.12,2.0
1758075347.48376,1758075347.46506,0.0,0.0,0.0,-76.54716,-135.8483,-61.76485,12.5,-2.77,5.12,2.0
1758075347.49909,1758075347.47506,0.0,0.0,0.0,-87.66255,-124.79022,-69.04142,10.51,-2.08,2.84,2.0
1758075347.50087,1758075347.48506,0.0,0.0,0.0,-95.68395,-109.60683,-69.04142,10.51,-2.08,2.84,2.0
1758075347.51917,1758075347.49506,0.0,0.0,0.0,-101.24165,-92.07432,-60.27517,11.12,0.1,0.57,2.0
1758075347.5201,1758075347.50506,0.0,0.0,0.0,-103.07512,-69.55708,-44.11775,11.12,0.1,0.57,2.0
1758075347.5352,1758075347.51506,0.0,0.0,0.0,-99.40818,-35.75257,-14.03747,12.94,1.4,-1.33,2.0
1758075347.54041,1758075347.52506,0.0,0.0,0.0,-93.62132,-15.64175,6.24524,12.92,1.3,-2.03,2.0
1758075347.56019,1758075347.53506,0.0,0.0,0.0,-86.80311,2.6929,24.23611,12.92,1.3,-2.03,2.0
1758075347.56521,1758075347.54506,0.0,0.0,0.0,-80.0995,20.16812,37.35685,11.94,0.0,-1.65,2.0
1758075347.58494,1758075347.55506,0.0,0.0,0.0,-72.82294,44.57612,46.69606,11.94,0.0,-1.65,2.0
1758075347.61078,1758075347.56506,0.0,0.0,0.0,-68.75494,59.18654,46.2377,10.8,-1.4,-0.8,2.0
1758075347.61536,1758075347.57506,0.0,0.0,0.0,-64.80153,68.98412,41.42485,10.8,-1.4,-0.8,2.0
1758075347.62043,1758075347.58506,0.0,0.0,0.0,-60.50434,75.34396,34.32018,9.77,-2.55,-0.2,2.0
1758075347.62428,1758075347.59506,0.0,0.0,0.0,-53.74345,73.91156,21.42862,7.86,-3.33,-0.29,2.0
1758075347.62534,1758075347.60506,0.0,0.0,0.0,-48.35764,68.29657,12.71966,7.86,-3.33,-0.29,2.0
1758075347.64443,1758075347.61506,0.0,0.0,0.0,-42.62806,65.14531,4.81285,6.93,-3.34,-0.66,2.0
1758075347.64537,1758075347.62506,0.0,0.0,0.0,-35.58068,65.77556,-1.3178,6.93,-3.34,-0.66,2.0
1758075347.66438,1758075347.63506,0.0,0.0,0.0,-22.74642,71.67702,-6.24524,7.6,-2.85,-0.91,2.0
1758075347.66539,1758075347.64506,0.0,0.0,0.0,-12.37589,74.771,-6.41713,7.6,-2.85,-0.91,2.0
1758075347.68447,1758075347.65506,0.0,0.0,0.0,-2.00535,75.68773,-4.46907,8.13,-2.28,-0.71,2.0
1758075347.68619,1758075347.66506,0.0,0.0,0.0,14.43854,73.2813,2.29183,8.13,-2.28,-0.71,2.0
1758075347.70446,1758075347.67506,0.0,0.0,0.0,24.35071,70.18733,8.70896,8.87,-2.16,-0.82,2.0
1758075347.7054,1758075347.68506,0.0,0.0,0.0,32.71589,68.41116,15.46986,10.22,-2.34,-1.3,2.0
1758075347.72446,1758075347.69506,0.0,0.0,0.0,39.99245,67.26525,21.88699,10.22,-2.34,-1.3,2.0
1758075347.72541,1758075347.70506,0.0,0.0,0.0,45.83662,61.07731,29.62192,11.23,-2.41,-0.9,2.0
1758075347.74263,1758075347.71506,0.0,0.0,0.0,46.52417,51.50891,32.48671,11.23,-2.41,-0.9,2.0
1758075347.74486,1758075347.72506,0.0,0.0,0.0,46.1804,45.49285,33.74722,10.99,-2.36,-1.49,2.0
1758075347.76004,1758075347.73506,0.0,0.0,0.0,43.20102,45.14908,32.6013,10.99,-2.36,-1.49,2.0
1758075347.76474,1758075347.74506,0.0,0.0,0.0,39.4195,49.50356,28.76248,12.11,-1.85,-1.59,2.0
1758075347.78027,1758075347.75506,0.0,0.0,0.0,36.89849,43.77398,26.18417,12.05,-1.06,-1.35,2.0
1758075347.7852,1758075347.76506,0.0,0.0,0.0,35.06502,33.17426,22.63183,12.05,-1.06,-1.35,2.0
1758075347.80429,1758075347.77506,0.0,0.0,0.0,32.48671,21.48592,17.87628,11.08,-0.91,-1.82,2.0
1758075347.8055,1758075347.78506,0.0,0.0,0.0,29.22085,21.42862,11.86023,11.08,-0.91,-1.82,2.0
1758075347.82436,1758075347.79506,0.0,0.0,0.0,25.72581,21.37133,6.70361,12.21,-1.15,-1.53,2.0
1758075347.82682,1758075347.80506,0.0,0.0,0.0,22.34536,15.29797,1.20321,12.21,-1.15,-1.53,2.0
1758075347.82937,1758075347.81506,0.0,0.0,0.0,23.89234,-15.92823,-2.00535,9.78,-1.35,-1.22,2.0
1758075347.84534,1758075347.82506,0.0,0.0,0.0,20.85567,-78.20874,-3.72423,5.48,-1.7,-2.7,2.0
1758075347.8635,1758075347.83506,0.0,0.0,0.0,24.4653,-104.16373,5.32851,5.48,-1.7,-2.7,2.0
1758075347.86503,1758075347.84506,0.0,0.0,0.0,23.54857,-115.22182,10.08406,8.54,-2.76,0.67,2.0
1758075347.88011,1758075347.85506,0.0,0.0,0.0,20.3973,-131.09276,25.26744,8.54,-2.76,0.67,2.0
1758075347.88454,1758075347.86506,0.0,0.0,0.0,7.96411,-165.29834,42.28429,10.75,-0.21,6.94,2.0
1758075347.90442,1758075347.87506,0.0,0.0,0.0,-0.34377,-170.39767,60.50434,10.75,-0.21,6.94,2.0
1758075347.90532,1758075347.88506,0.0,0.0,0.0,-8.59437,-155.78723,72.19269,16.71,6.18,5.12,2.0
1758075347.9094,1758075347.89506,0.0,0.0,0.0,-17.30333,-133.90025,76.66176,16.71,6.18,5.12,2.0
1758075347.9252,1758075347.90506,0.0,0.0,0.0,-20.3973,-121.86813,72.70835,14.54,5.75,1.28,2.0
1758075347.94304,1758075347.91506,0.0,0.0,0.0,-19.88164,-116.13856,66.17663,7.01,1.34,2.69,2.0
1758075347.94555,1758075347.92506,0.0,0.0,0.0,-17.53251,-102.61675,57.81144,7.01,1.34,2.69,2.0
1758075347.96313,1758075347.93506,0.0,0.0,0.0,-7.67763,-67.78091,40.04975,7.18,-1.1,2.51,2.0
1758075347.96469,1758075347.94506,0.0,0.0,0.0,-0.51566,-48.8733,26.98631,7.18,-1.1,2.51,2.0
1758075347.9802,1758075347.95506,0.0,0.0,0.0,5.32851,-31.56997,13.06344,9.45,-2.38,1.27,2.0
1758075347.98544,1758075347.96506,0.0,0.0,0.0,9.96947,-13.17803,-0.0573,9.45,-2.38,1.27,2.0
1758075348.00039,1758075347.97506,0.0,0.0,0.0,16.272,23.66316,-15.69904,13.13,-2.95,-0.52,2.0
1758075348.00532,1758075347.98506,0.0,0.0,0.0,17.47521,50.53488,-22.00158,15.99,-1.71,-2.47,2.0
1758075348.0204,1758075347.99506,0.0,0.0,0.0,17.47521,76.20339,-24.23611,15.99,-1.71,-2.47,2.0
1758075348.02296,1758075348.00506,0.0,0.0,0.0,15.75634,94.70992,-26.52795,13.49,0.35,-1.88,2.0
1758075348.04044,1758075348.01506,0.0,0.0,0.0,12.83425,110.46626,-26.52795,13.49,0.35,-1.88,2.0
1758075348.04456,1758075348.02506,0.0,0.0,0.0,10.71431,116.19585,-25.26744,9.57,1.39,-0.9,2.0
1758075348.0605,1758075348.03506,0.0,0.0,0.0,8.93814,121.63895,-22.23076,9.57,1.39,-0.9,2.0
1758075348.06539,1758075348.04506,0.0,0.0,0.0,6.87549,124.10267,-18.10547,7.82,1.47,-0.33,2.0
1758075348.06926,1758075348.05506,0.0,0.0,0.0,4.81285,124.21727,-10.8862,6.43,1.2,-0.09,2.0
1758075348.08524,1758075348.06506,0.0,0.0,0.0,3.32316,120.8941,-5.27121,6.43,1.2,-0.09,2.0
1758075348.08884,1758075348.07506,0.0,0.0,0.0,1.43239,115.16451,-0.34377,5.75,0.85,0.06,2.0
1758075348.10527,1758075348.08506,0.0,0.0,0.0,-1.66158,105.08047,6.58902,5.75,0.85,0.06,2.0
1758075348.12283,1758075348.09506,0.0,0.0,0.0,-4.23989,96.77258,9.68299,6.23,0.62,0.28,2.0
1758075348.12399,1758075348.10506,0.0,0.0,0.0,-8.136,87.0323,10.31324,6.23,0.62,0.28,2.0
1758075348.14011,1758075348.11506,0.0,0.0,0.0,-13.06344,75.63043,8.47978,6.97,0.67,0.68,2.0
1758075348.14473,1758075348.12506,0.0,0.0,0.0,-22.74642,58.09792,1.20321,6.97,0.67,0.68,2.0
1758075348.16031,1758075348.13506,0.0,0.0,0.0,-30.88243,44.9199,-7.21927,8.02,1.17,1.04,2.0
1758075348.16791,1758075348.14506,0.0,0.0,0.0,-38.56006,27.1582,-15.35527,8.51,2.09,0.74,2.0
1758075348.16938,1758075348.15506,0.0,0.0,0.0,-49.50356,23.0329,-25.43933,8.51,2.09,0.74,2.0
1758075348.18649,1758075348.16506,0.0,0.0,0.0,-63.02536,16.55848,-35.98175,9.44,2.81,0.3,2.0
1758075348.18775,1758075348.17506,0.0,0.0,0.0,-71.56243,10.71431,-40.7946,9.44,2.81,0.3,2.0
1758075348.20559,1758075348.18506,0.0,0.0,0.0,-78.839,3.95341,-43.60209,9.42,2.56,-0.21,2.0
1758075348.20911,1758075348.19506,0.0,0.0,0.0,-84.74047,-4.52637,-44.51882,9.42,2.56,-0.21,2.0
1758075348.22532,1758075348.20506,0.0,0.0,0.0,-91.21489,-25.61122,-41.94051,9.51,1.72,-1.23,2.0
1758075348.22975,1758075348.21506,0.0,0.0,0.0,-93.6786,-42.97184,-38.61736,9.36,1.02,-2.3,2.0
1758075348.24561,1758075348.22506,0.0,0.0,0.0,-95.34019,-59.47303,-34.43476,9.36,1.02,-2.3,2.0
1758075348.26998,1758075348.23506,0.0,0.0,0.0,-96.02773,-73.73967,-29.62192,10.4,0.68,-2.92,2.0
1758075348.27344,1758075348.24506,0.0,0.0,0.0,-98.03308,-63.54102,-22.05888,10.4,0.68,-2.92,2.0
1758075348.27885,1758075348.25506,0.0,0.0,0.0,-96.60069,-23.72045,-19.59516,15.3,0.61,-2.37,2.0
1758075348.28418,1758075348.26506,0.0,0.0,0.0,-93.7359,-8.65166,-13.46451,15.3,0.61,-2.37,2.0
1758075348.29955,1758075348.27506,0.0,0.0,0.0,-96.02773,-33.51803,-15.24068,14.66,0.45,-1.51,2.0
1758075348.30071,1758075348.28506,0.0,0.0,0.0,-94.65263,-62.28051,-14.66772,9.96,0.89,-3.14,2.0
1758075348.31552,1758075348.29506,0.0,0.0,0.0,-97.51743,-60.90542,-14.78231,9.96,0.89,-3.14,2.0
1758075348.31728,1758075348.30506,0.0,0.0,0.0,-99.00711,-54.60288,-12.204,10.69,1.1,-2.7,2.0
1758075348.33408,1758075348.31506,0.0,0.0,0.0,-99.63737,-61.53567,-7.96411,10.69,1.1,-2.7,2.0
1758075348.35046,1758075348.32506,0.0,0.0,0.0,-96.94446,-80.1568,-9.74028,8.29,0.78,2.02,2.0
1758075348.35386,1758075348.33506,0.0,0.0,0.0,-92.81918,-102.27297,-18.44924,8.29,0.78,2.02,2.0
1758075348.36959,1758075348.34506,0.0,0.0,0.0,-87.37608,-116.71152,-31.97105,10.47,-1.04,5.54,2.0
1758075348.37053,1758075348.35506,0.0,0.0,0.0,-74.59911,-107.83066,-51.16513,15.92,-1.04,4.98,2.0
1758075348.38538,1758075348.36506,0.0,0.0,0.0,-64.17127,-100.66869,-59.70221,15.92,-3.84,4.98,2.0
1758075348.38739,1758075348.37506,0.0,0.0,0.0,-57.63955,-104.79399,-67.37984,13.15,-5.66,4.55,2.0
1758075348.40472,1758075348.38506,0.0,0.0,0.0,-54.66018,-105.48153,-72.70835,13.15,-5.66,4.55,2.0
1758075348.42046,1758075348.39506,0.0,0.0,0.0,-59.47303,-86.91771,-73.96885,9.5,-3.49,3.33,2.0
1758075348.42232,1758075348.40506,0.0,0.0,0.0,-64.40046,-72.13539,-68.35387,9.5,-3.49,3.33,2.0
1758075348.43764,1758075348.41506,0.0,0.0,0.0,-69.78626,-58.49899,-55.6342,9.15,-0.64,1.9,2.0
1758075348.43886,1758075348.42506,0.0,0.0,0.0,-72.07809,-43.4875,-37.92981,9.15,-0.64,1.9,2.0
1758075348.4534,1758075348.43506,0.0,0.0,0.0,-71.21866,-13.75099,-6.7609,10.42,1.0,0.37,2.0
1758075348.47048,1758075348.44506,0.0,0.0,0.0,-66.40582,3.26586,13.80828,12.08,1.47,-0.88,2.0
1758075348.47247,1758075348.45506,0.0,0.0,0.0,-60.96271,20.34,31.39809,12.08,1.47,-0.88,2.0
1758075348.48741,1758075348.46506,0.0,0.0,0.0,-55.11855,37.87251,44.11775,11.99,0.52,-1.33,2.0
1758075348.48937,1758075348.47506,0.0,0.0,0.0,-47.09713,61.07731,54.08722,11.99,0.52,-1.33,2.0
1758075348.50467,1758075348.48506,0.0,0.0,0.0,-42.05511,71.04677,54.3737,10.5,-0.71,-0.83,2.0
1758075348.52068,1758075348.49506,0.0,0.0,0.0,-37.58603,77.12012,49.96192,10.5,-0.71,-0.83,2.0
1758075348.52403,1758075348.50506,0.0,0.0,0.0,-30.19488,84.45398,38.50277,8.83,-1.64,0.0,2.0
1758075348.53945,1758075348.51506,0.0,0.0,0.0,-24.75178,86.40204,29.10626,7.75,-2.6,-0.09,2.0
1758075348.54064,1758075348.52506,0.0,0.0,0.0,-18.9649,85.42801,19.36597,7.75,-2.6,-0.09,2.0
1758075348.55746,1758075348.53506,0.0,0.0,0.0,-13.75099,81.99026,10.08406,6.82,-3.19,-0.23,2.0
1758075348.56379,1758075348.54506,0.0,0.0,0.0,-4.81285,74.94289,-2.11994,6.82,-3.19,-0.23,2.0
1758075348.57846,1758075348.55506,0.0,0.0,0.0,0.80214,71.21866,-8.76626,6.73,-3.06,-0.5,2.0
1758075348.58399,1758075348.56506,0.0,0.0,0.0,6.7609,68.52576,-13.23533,6.73,-3.06,-0.5,2.0
1758075348.59876,1758075348.57506,0.0,0.0,0.0,11.28727,67.55173,-15.35527,7.59,-2.2,-0.32,2.0
1758075348.59999,1758075348.58506,0.0,0.0,0.0,17.93358,66.06203,-13.46451,8.65,-1.07,-0.12,2.0
1758075348.61482,1758075348.59506,0.0,0.0,0.0,21.94428,63.59832,-9.05273,8.65,-1.07,-0.12,2.0
1758075348.63076,1758075348.60506,0.0,0.0,0.0,25.8404,59.01466,-2.40642,9.49,-0.31,-0.08,2.0
1758075348.63277,1758075348.61506,0.0,0.0,0.0,29.67921,52.82671,6.58902,9.49,-0.31,-0.08,2.0
1758075348.64774,1758075348.62506,0.0,0.0,0.0,35.63798,51.45161,20.79837,10.43,-0.21,-0.48,2.0
1758075348.64944,1758075348.63506,0.0,0.0,0.0,38.84654,51.85268,29.27814,10.43,-0.21,-0.48,2.0
1758075348.6648,1758075348.64506,0.0,0.0,0.0,41.65404,50.1911,35.3515,11.12,-0.62,-0.93,2.0
1758075348.68077,1758075348.65506,0.0,0.0,0.0,43.65939,45.72203,39.07573,11.12,-0.62,-0.93,2.0
1758075348.68329,1758075348.66506,0.0,0.0,0.0,47.03984,35.58068,39.99245,10.75,-1.05,-1.12,2.0
1758075348.69859,1758075348.67506,0.0,0.0,0.0,48.8733,23.83505,38.61736,10.17,-1.38,-1.75,2.0
1758075348.70025,1758075348.68506,0.0,0.0,0.0,50.1911,6.18794,35.63798,10.17,-1.38,-1.75,2.0
1758075348.71449,1758075348.69506,0.0,0.0,0.0,49.21708,-10.65701,27.04361,9.3,-1.71,-2.21,2.0
1758075348.73076,1758075348.70506,0.0,0.0,0.0,49.56085,-16.61578,21.94428,9.3,-1.71,-2.21,2.0
1758075348.73177,1758075348.71506,0.0,0.0,0.0,48.9879,-13.80828,14.15206,11.32,-1.68,-2.05,2.0
1758075348.74761,1758075348.72506,0.0,0.0,0.0,49.67545,-12.83425,12.204,11.32,-1.68,-2.05,2.0
1758075348.7493,1758075348.73506,0.0,0.0,0.0,48.75871,-3.60963,7.10468,12.4,-1.39,-1.74,2.0
1758075348.76567,1758075348.74506,0.0,0.0,0.0,46.1231,7.62034,2.7502,13.53,-0.63,-1.24,2.0
1758075348.78163,1758075348.75506,0.0,0.0,0.0,43.94586,3.83882,-5.32851,13.53,-0.63,-1.24,2.0
1758075348.78384,1758075348.76506,0.0,0.0,0.0,44.9199,-41.65404,-6.24524,7.57,-0.12,-1.61,2.0
1758075348.79858,1758075348.77506,0.0,0.0,0.0,49.84733,-100.5541,-4.92744,7.57,-0.12,-1.61,2.0
1758075348.80054,1758075348.78506,0.0,0.0,0.0,50.3057,-107.4296,0.85944,6.98,-0.87,-2.12,2.0
1758075348.81582,1758075348.79506,0.0,0.0,0.0,48.75871,-112.29974,4.58366,6.98,-0.87,-2.12,2.0
1758075348.83167,1758075348.80506,0.0,0.0,0.0,44.17505,-130.06143,12.204,9.93,-0.68,3.8,2.0
1758075348.83543,1758075348.81506,0.0,0.0,0.0,32.88778,-169.25174,35.52338,12.28,2.39,8.7,2.0
1758075348.85167,1758075348.82506,0.0,0.0,0.0,26.24147,-172.68948,55.06125,12.28,2.39,8.7,2.0
1758075348.85765,1758075348.83506,0.0,0.0,0.0,21.08485,-156.58937,67.66632,18.8,5.39,4.62,2.0
1758075348.87718,1758075348.84506,0.0,0.0,0.0,18.73572,-144.49997,74.54182,18.8,5.39,4.62,2.0
1758075348.88087,1758075348.85506,0.0,0.0,0.0,17.99088,-128.05608,71.10406,13.17,2.84,3.68,2.0
1758075348.88533,1758075348.86506,0.0,0.0,0.0,20.79837,-114.41968,66.34852,13.17,2.84,3.68,2.0
1758075348.90507,1758075348.87506,0.0,0.0,0.0,24.75178,-93.39213,57.63955,8.02,-0.83,2.01,2.0
1758075348.91002,1758075348.88506,0.0,0.0,0.0,27.73116,-70.30193,35.58068,8.02,-0.83,2.01,2.0
1758075348.91158,1758075348.89506,0.0,0.0,0.0,31.97105,-40.7373,15.69904,7.69,-2.5,0.78,2.0
1758075348.92976,1758075348.90506,0.0,0.0,0.0,32.71589,-19.36597,-4.0107,8.92,-3.11,-0.02,2.0
1758075348.93035,1758075348.91506,0.0,0.0,0.0,31.97105,4.23989,-20.16812,8.92,-3.11,-0.02,2.0
1758075348.94964,1758075348.92506,0.0,0.0,0.0,27.61657,42.34158,-36.15364,11.66,-2.39,-0.99,2.0
1758075348.95405,1758075348.93506,0.0,0.0,0.0,22.74642,70.24463,-41.13837,11.66,-2.39,-0.99,2.0
1758075348.96961,1758075348.94506,0.0,0.0,0.0,16.73037,93.56402,-42.97184,13.58,0.21,-1.63,2.0
1758075348.97514,1758075348.95506,0.0,0.0,0.0,10.37054,106.68475,-40.96649,13.58,0.21,-1.63,2.0
1758075348.98978,1758075348.96506,0.0,0.0,0.0,0.17189,114.87804,-33.00237,11.85,2.97,-1.48,2.0
1758075348.99275,1758075348.97506,0.0,0.0,0.0,-5.90147,117.45636,-24.98096,9.75,3.75,-0.39,2.0
1758075349.00996,1758075348.98506,0.0,0.0,0.0,-11.11538,118.37309,-16.38659,9.75,3.75,-0.39,2.0
1758075349.0109,1758075348.99506,0.0,0.0,0.0,-15.29797,119.34712,-7.44845,7.73,2.51,-0.11,2.0
1758075349.02991,1758075349.00506,0.0,0.0,0.0,-20.79837,114.59156,5.15662,7.73,2.51,-0.11,2.0
1758075349.03494,1758075349.01506,0.0,0.0,0.0,-24.12152,108.46091,12.204,6.27,1.31,0.27,2.0
1758075349.04976,1758075349.02506,0.0,0.0,0.0,-27.73116,102.96053,16.3293,6.27,1.31,0.27,2.0
1758075349.05118,1758075349.03506,0.0,0.0,0.0,-31.91375,98.03308,17.6471,6.7,0.82,0.61,2.0
1758075349.06601,1758075349.04506,0.0,0.0,0.0,-39.19032,89.49601,13.17803,8.31,0.9,1.09,2.0
1758075349.06937,1758075349.05506,0.0,0.0,0.0,-45.14908,81.76109,6.24524,8.31,0.9,1.09,2.0
1758075349.08498,1758075349.06506,0.0,0.0,0.0,-51.85268,71.84892,-3.38045,9.42,1.28,1.14,2.0
1758075349.10444,1758075349.07506,0.0,0.0,0.0,-57.23849,57.63955,-11.11538,9.42,1.28,1.14,2.0
1758075349.10485,1758075349.08506,0.0,0.0,0.0,-69.15601,50.1911,-28.36141,9.73,1.55,0.48,2.0
1758075349.12364,1758075349.09506,0.0,0.0,0.0,-75.57314,46.63877,-36.38282,9.73,1.55,0.48,2.0
1758075349.12539,1758075349.10506,0.0,0.0,0.0,-81.01624,40.62271,-42.22699,9.69,1.45,0.03,2.0
1758075349.14197,1758075349.11506,0.0,0.0,0.0,-86.975,30.19488,-46.1231,9.69,1.45,0.03,2.0
1758075349.1436,1758075349.12506,0.0,0.0,0.0,-89.55331,4.98473,-45.72203,8.69,1.2,-0.94,2.0
1758075349.15905,1758075349.13506,0.0,0.0,0.0,-89.26682,-14.09476,-42.97184,7.77,0.96,-1.76,2.0
1758075349.15987,1758075349.14506,0.0,0.0,0.0,-86.975,-32.54401,-38.38818,7.77,0.96,-1.76,2.0
1758075349.17501,1758075349.15506,0.0,0.0,0.0,-83.82372,-47.09713,-26.69983,8.65,0.16,-2.48,2.0
1758075349.1802,1758075349.16506,0.0,0.0,0.0,-80.44328,-29.04896,-24.4653,8.65,0.16,-2.48,2.0
1758075349.19681,1758075349.17506,0.0,0.0,0.0,-76.54716,-5.4431,-20.85567,13.96,-0.34,-1.13,2.0
1758075349.19859,1758075349.18506,0.0,0.0,0.0,-69.27061,11.34457,-14.49583,13.96,-0.34,-1.13,2.0
1758075349.21476,1758075349.19506,0.0,0.0,0.0,-64.22858,-35.00772,-12.2613,13.98,-1.08,-0.25,2.0
1758075349.23254,1758075349.20506,0.0,0.0,0.0,-61.02001,-53.51426,-11.86023,10.19,-0.81,-2.33,2.0
1758075349.23422,1758075349.21506,0.0,0.0,0.0,-58.55629,-49.90463,-10.02676,10.19,-0.81,-2.33,2.0
1758075349.24996,1758075349.22506,0.0,0.0,0.0,-58.04062,-40.7946,-7.79223,11.74,-0.28,-2.28,2.0
1758075349.25262,1758075349.23506,0.0,0.0,0.0,-59.70221,-29.50733,-2.7502,11.74,-0.28,-2.28,2.0
1758075349.26964,1758075349.24506,0.0,0.0,0.0,-60.96271,-27.04361,1.43239,9.74,0.16,-1.24,2.0
1758075349.27482,1758075349.25506,0.0,0.0,0.0,-61.07731,-31.74186,4.64096,9.74,0.16,-1.24,2.0
1758075349.28979,1758075349.26506,0.0,0.0,0.0,-58.26981,-46.35228,6.13065,7.65,0.41,1.48,2.0
1758075349.295,1758075349.27506,0.0,0.0,0.0,-52.54023,-90.06896,-0.74485,6.77,-0.2,3.4,2.0
1758075349.30977,1758075349.28506,0.0,0.0,0.0,-49.61814,-117.97201,-11.97482,6.77,-0.2,3.4,2.0
1758075349.31297,1758075349.29506,0.0,0.0,0.0,-46.1231,-126.62368,-24.80907,10.4,-0.98,4.6,2.0
1758075349.32808,1758075349.30506,0.0,0.0,0.0,-42.34158,-120.37844,-40.10705,10.4,-0.98,4.6,2.0
1758075349.33484,1758075349.31506,0.0,0.0,0.0,-40.62271,-120.55033,-49.96192,12.99,-1.93,5.48,2.0
1758075349.34991,1758075349.32506,0.0,0.0,0.0,-43.37291,-120.55033,-57.92604,12.99,-1.93,5.48,2.0
1758075349.35527,1758075349.33506,0.0,0.0,0.0,-49.84733,-114.1905,-64.74423,10.37,-2.38,3.91,2.0
1758075349.36992,1758075349.34506,0.0,0.0,0.0,-61.07731,-95.22559,-66.46311,10.37,-2.38,3.91,2.0
1758075349.3721,1758075349.35506,0.0,0.0,0.0,-67.32255,-80.0995,-60.79083,9.68,-1.17,1.23,2.0
1758075349.38979,1758075349.36506,0.0,0.0,0.0,-69.90086,-61.02001,-47.49821,11.28,0.37,-0.31,2.0
1758075349.39207,1758075349.37506,0.0,0.0,0.0,-69.27061,-39.3622,-30.93972,11.28,0.37,-0.31,2.0
1758075349.40708,1758075349.38506,0.0,0.0,0.0,-60.04598,-9.05273,-3.66693,13.19,1.2,-0.96,2.0
1758075349.40878,1758075349.39506,0.0,0.0,0.0,-51.27972,10.19865,12.83425,13.19,1.2,-0.96,2.0
1758075349.42415,1758075349.40506,0.0,0.0,0.0,-43.20102,28.59059,25.55392,13.61,0.81,-1.63,2.0
1758075349.44011,1758075349.41506,0.0,0.0,0.0,-34.66395,44.40423,33.9764,13.61,0.81,-1.63,2.0
1758075349.44104,1758075349.42506,0.0,0.0,0.0,-24.17882,65.48907,38.21629,12.39,-0.53,-0.93,2.0
1758075349.45785,1758075349.43506,0.0,0.0,0.0,-17.99088,73.2813,36.84119,10.55,-1.71,-0.56,2.0
1758075349.46335,1758075349.44506,0.0,0.0,0.0,-12.2613,74.25533,31.97105,10.55,-1.71,-0.56,2.0
1758075349.47785,1758075349.45506,0.0,0.0,0.0,-7.04738,70.87489,25.8404,7.85,-2.6,-0.73,2.0
1758075349.48154,1758075349.46506,0.0,0.0,0.0,-0.22918,66.635,15.29797,7.85,-2.6,-0.73,2.0
1758075349.49721,1758075349.47506,0.0,0.0,0.0,4.29718,65.71826,9.33921,7.08,-2.97,-1.12,2.0
1758075349.49806,1758075349.48506,0.0,0.0,0.0,9.22462,65.03072,4.81285,7.08,-2.97,-1.12,2.0
1758075349.51319,1758075349.49506,0.0,0.0,0.0,13.5791,65.71826,1.20321,7.18,-2.64,-1.3,2.0
1758075349.52891,1758075349.50506,0.0,0.0,0.0,21.88699,68.86953,-0.74485,8.16,-1.83,-0.97,2.0
1758075349.53061,1758075349.51506,0.0,0.0,0.0,27.38738,70.41652,0.0573,8.16,-1.83,-0.97,2.0
1758075349.54513,1758075349.52506,0.0,0.0,0.0,33.17426,69.49979,2.00535,9.06,-1.22,-0.71,2.0
1758075349.5466,1758075349.53506,0.0,0.0,0.0,41.13837,62.39511,7.39116,9.06,-1.22,-0.71,2.0
1758075349.56382,1758075349.54506,0.0,0.0,0.0,47.26902,60.27517,12.83425,9.4,-1.09,-0.59,2.0
1758075349.57925,1758075349.55506,0.0,0.0,0.0,51.90998,62.33781,17.93358,9.4,-1.09,-0.59,2.0
1758075349.58014,1758075349.56506,0.0,0.0,0.0,54.66018,64.91612,22.34536,10.69,-1.28,-0.83,2.0
1758075349.59523,1758075349.57506,0.0,0.0,0.0,56.20716,62.85347,27.10091,10.69,-1.28,-0.83,2.0
1758075349.59615,1758075349.58506,0.0,0.0,0.0,56.32175,58.09792,28.36141,10.64,-1.34,-0.28,2.0
1758075349.61394,1758075349.59506,0.0,0.0,0.0,55.92068,51.73809,28.07493,10.25,-1.22,-0.7,2.0
1758075349.62993,1758075349.60506,0.0,0.0,0.0,55.11855,44.46153,26.69983,10.25,-1.22,-0.7,2.0
1758075349.63457,1758075349.61506,0.0,0.0,0.0,50.3057,25.55392,23.60586,9.78,-0.92,-0.93,2.0
1758075349.64997,1758075349.62506,0.0,0.0,0.0,46.63877,6.35983,19.88164,9.78,-0.92,-0.93,2.0
1758075349.65452,1758075349.63506,0.0,0.0,0.0,43.25832,-10.31324,15.58445,8.5,-0.63,-1.52,2.0
1758075349.66917,1758075349.64506,0.0,0.0,0.0,41.25296,-10.59972,10.59972,8.5,-0.63,-1.52,2.0
1758075349.67016,1758075349.65506,0.0,0.0,0.0,38.90384,-5.15662,5.90147,10.1,-0.31,-1.86,2.0
1758075349.6852,1758075349.66506,0.0,0.0,0.0,37.01308,5.50039,3.03668,11.44,-0.29,-1.49,2.0
1758075349.70366,1758075349.67506,0.0,0.0,0.0,34.14828,18.33465,1.43239,11.44,-0.29,-1.49,2.0
1758075349.70484,1758075349.68506,0.0,0.0,0.0,30.76784,9.68299,-5.72958,10.47,-0.18,-0.54,2.0
1758075349.72027,1758075349.69506,0.0,0.0,0.0,31.85646,-56.14987,-9.11003,10.47,-0.18,-0.54,2.0
1758075349.72284,1758075349.70506,0.0,0.0,0.0,34.32018,-104.04914,-4.18259,4.52,-0.43,-3.06,2.0
1758075349.7401,1758075349.71506,0.0,0.0,0.0,35.40879,-117.11258,4.1253,4.52,-0.43,-3.06,2.0
1758075349.74345,1758075349.72506,0.0,0.0,0.0,32.71589,-119.46171,12.89155,8.85,-1.59,0.48,2.0
1758075349.76008,1758075349.73506,0.0,0.0,0.0,26.69983,-147.70853,25.8404,10.66,0.24,5.16,2.0
1758075349.76266,1758075349.74506,0.0,0.0,0.0,18.62113,-168.73608,44.28964,10.66,0.24,5.16,2.0
1758075349.77799,1758075349.75506,0.0,0.0,0.0,11.45916,-165.75671,63.42643,17.33,4.97,6.55,2.0
1758075349.77925,1758075349.76506,0.0,0.0,0.0,4.52637,-141.17682,75.28666,17.33,4.97,6.55,2.0
1758075349.79404,1758075349.77506,0.0,0.0,0.0,3.20856,-133.21269,75.97421,16.74,5.12,1.54,2.0
1758075349.81006,1758075349.78506,0.0,0.0,0.0,4.35448,-123.47241,70.53111,16.74,5.12,1.54,2.0
1758075349.81129,1758075349.79506,0.0,0.0,0.0,9.68299,-110.86734,63.8275,9.69,0.84,3.33,2.0
1758075349.82711,1758075349.80506,0.0,0.0,0.0,21.48592,-77.63579,47.89928,8.55,0.84,0.97,2.0
1758075349.82915,1758075349.81506,0.0,0.0,0.0,29.67921,-55.06125,34.37747,8.55,-1.72,0.97,2.0
1758075349.8444,1758075349.82506,0.0,0.0,0.0,36.49741,-38.50277,17.76169,8.87,-3.22,0.14,2.0
1758075349.86034,1758075349.83506,0.0,0.0,0.0,41.88322,-22.00158,1.60428,8.87,-3.22,0.14,2.0
1758075349.86206,1758075349.84506,0.0,0.0,0.0,46.00851,9.85487,-16.61578,11.27,-3.33,-0.96,2.0
1758075349.87822,1758075349.85506,0.0,0.0,0.0,45.37826,36.6693,-24.12152,11.27,-3.33,-0.96,2.0
1758075349.88396,1758075349.86506,0.0,0.0,0.0,42.91454,63.59832,-27.44468,14.84,-1.44,-2.33,2.0
1758075349.90016,1758075349.87506,0.0,0.0,0.0,39.4768,86.80311,-27.67386,14.84,-1.44,-2.33,2.0
1758075349.90111,1758075349.88506,0.0,0.0,0.0,33.11696,108.28902,-25.21014,14.33,1.21,-2.04,2.0
1758075349.91718,1758075349.89506,0.0,0.0,0.0,29.10626,116.19585,-21.60051,10.89,2.27,-0.89,2.0
1758075349.91809,1758075349.90506,0.0,0.0,0.0,26.41335,121.69624,-16.73037,10.89,2.27,-0.89,2.0
1758075349.93467,1758075349.91506,0.0,0.0,0.0,24.23611,125.36317,-11.34457,8.33,1.78,-0.02,2.0
1758075349.95009,1758075349.92506,0.0,0.0,0.0,21.60051,127.36852,-2.34913,8.33,1.78,-0.02,2.0
1758075349.95528,1758075349.93506,0.0,0.0,0.0,19.99623,123.75889,3.95341,6.72,1.02,0.44,2.0
1758075349.97037,1758075349.94506,0.0,0.0,0.0,17.87628,114.64886,9.62569,6.72,1.02,0.44,2.0
1758075349.97208,1758075349.95506,0.0,0.0,0.0,13.17803,94.99641,16.38659,5.48,0.54,0.72,2.0
1758075349.98736,1758075349.96506,0.0,0.0,0.0,8.99544,82.33404,18.56383,5.93,0.56,0.78,2.0
1758075349.98912,1758075349.97506,0.0,0.0,0.0,3.60963,72.99483,18.44924,5.93,0.56,0.78,2.0
1758075350.0044,1758075349.98506,0.0,0.0,0.0,-2.97938,64.22858,14.78231,7.71,1.06,0.83,2.0
1758075350.02049,1758075349.99506,0.0,0.0,0.0,-14.83961,46.46688,4.46907,7.71,1.06,0.83,2.0
1758075350.02483,1758075350.00506,0.0,0.0,0.0,-22.63183,32.48671,-4.23989,8.39,1.79,0.49,2.0
1758075350.0403,1758075350.01506,0.0,0.0,0.0,-32.77319,27.78845,-14.32395,8.39,1.79,0.49,2.0
1758075350.04242,1758075350.02506,0.0,0.0,0.0,-41.25296,24.63719,-24.12152,9.25,2.11,-0.07,2.0
1758075350.05983,1758075350.03506,0.0,0.0,0.0,-52.02457,19.25138,-35.98175,9.5,1.77,-0.11,2.0
1758075350.06267,1758075350.04506,0.0,0.0,0.0,-56.89471,12.43318,-42.28429,9.5,1.77,-0.11,2.0
1758075350.07906,1758075350.05506,0.0,0.0,0.0,-59.87409,-1.14592,-46.81066,8.75,1.15,-1.35,2.0
1758075350.08021,1758075350.06506,0.0,0.0,0.0,-60.61894,-17.99088,-48.58683,8.75,1.15,-1.35,2.0
1758075350.09519,1758075350.07506,0.0,0.0,0.0,-57.29578,-40.50812,-46.52417,8.02,0.61,-2.39,2.0
1758075350.1004,1758075350.08506,0.0,0.0,0.0,-55.34772,-44.51882,-39.82057,8.02,0.61,-2.39,2.0
1758075350.12045,1758075350.09506,0.0,0.0,0.0,-51.6235,-23.49127,-37.81522,10.68,0.45,-2.45,2.0
1758075350.12455,1758075350.10506,0.0,0.0,0.0,-48.70141,6.58902,-34.32018,10.68,0.45,-2.45,2.0
1758075350.14049,1758075350.11506,0.0,0.0,0.0,-39.4768,12.71966,-26.01229,15.84,0.0,-1.54,2.0
1758075350.14376,1758075350.12506,0.0,0.0,0.0,-38.15899,-23.26209,-21.7151,10.59,0.13,-0.57,2.0
1758075350.16023,1758075350.13506,0.0,0.0,0.0,-35.75257,-41.02378,-17.87628,10.59,0.13,-0.57,2.0
1758075350.16388,1758075350.14506,0.0,0.0,0.0,-33.05967,-39.87786,-10.8862,13.02,0.6,-2.75,2.0
1758075350.17954,1758075350.15506,0.0,0.0,0.0,-33.34615,-27.78845,-4.92744,13.02,0.6,-2.75,2.0
1758075350.18073,1758075350.16506,0.0,0.0,0.0,-34.49206,-21.14215,1.3178,12.47,1.12,-1.31,2.0
1758075350.19927,1758075350.17506,0.0,0.0,0.0,-36.49741,-17.81899,6.99009,12.47,1.12,-1.31,2.0
1758075350.20067,1758075350.18506,0.0,0.0,0.0,-38.90384,-21.37133,14.20935,10.05,1.37,-0.36,2.0
1758075350.21529,1758075350.19506,0.0,0.0,0.0,-38.27358,-33.34615,16.90226,7.29,1.27,0.75,2.0
1758075350.21669,1758075350.20506,0.0,0.0,0.0,-35.58068,-52.25375,16.73037,7.29,1.27,0.75,2.0
1758075350.23255,1758075350.21506,0.0,0.0,0.0,-29.27814,-78.26604,11.97482,6.56,0.1,3.34,2.0
1758075350.24933,1758075350.22506,0.0,0.0,0.0,-20.3973,-122.55568,-5.21392,6.56,0.1,3.34,2.0
1758075350.25312,1758075350.23506,0.0,0.0,0.0,-15.46986,-135.50452,-20.97026,9.25,-1.63,5.23,2.0
1758075350.26997,1758075350.24506,0.0,0.0,0.0,-12.08941,-134.5305,-35.3515,9.25,-1.63,5.23,2.0
1758075350.27265,1758075350.25506,0.0,0.0,0.0,-10.8862,-131.72299,-47.09713,13.8,-2.98,5.68,2.0
1758075350.28851,1758075350.26506,0.0,0.0,0.0,-15.24068,-127.19663,-58.09792,11.89,-3.07,4.2,2.0
1758075350.28947,1758075350.27506,0.0,0.0,0.0,-21.7151,-118.43038,-62.39511,11.89,-3.07,4.2,2.0
1758075350.3044,1758075350.28506,0.0,0.0,0.0,-29.33544,-104.90858,-61.42108,10.7,-1.07,1.71,2.0
1758075350.32027,1758075350.29506,0.0,0.0,0.0,-36.15364,-88.63658,-55.6915,10.7,-1.07,1.71,2.0
1758075350.32257,1758075350.30506,0.0,0.0,0.0,-40.96649,-58.04062,-34.60666,11.57,0.83,-0.3,2.0
1758075350.33921,1758075350.31506,0.0,0.0,0.0,-39.53409,-32.6013,-17.24603,11.57,0.83,-0.3,2.0
1758075350.34011,1758075350.32506,0.0,0.0,0.0,-35.2369,-8.59437,-0.11459,13.48,1.52,-1.29,2.0
1758075350.35557,1758075350.33506,0.0,0.0,0.0,-27.78845,13.40721,20.62648,13.48,1.52,-1.29,2.0
1758075350.35732,1758075350.34506,0.0,0.0,0.0,-19.07949,39.24761,29.22085,13.03,0.95,-1.91,2.0
1758075350.37461,1758075350.35506,0.0,0.0,0.0,-14.49583,52.42564,33.86181,11.04,0.02,-1.02,2.0
1758075350.39036,1758075350.36506,0.0,0.0,0.0,-11.91752,63.13995,34.89313,11.04,0.02,-1.02,2.0
1758075350.39156,1758075350.37506,0.0,0.0,0.0,-7.50575,75.91692,30.02299,9.82,-0.6,-0.39,2.0
1758075350.40636,1758075350.38506,0.0,0.0,0.0,-5.09932,80.61517,24.23611,9.82,-0.6,-0.39,2.0
1758075350.40941,1758075350.39506,0.0,0.0,0.0,-2.23454,78.15145,17.6471,8.58,-1.26,0.16,2.0
1758075350.42433,1758075350.40506,0.0,0.0,0.0,0.0,71.90621,10.19865,8.58,-1.26,0.16,2.0
1758075350.44035,1758075350.41506,0.0,0.0,0.0,3.72423,62.68159,-1.43239,7.1,-1.95,-0.08,2.0
1758075350.45867,1758075350.42506,0.0,0.0,0.0,7.21927,58.04062,-7.10468,7.18,-2.35,-0.7,2.0
1758075350.45886,1758075350.43506,0.0,0.0,0.0,11.34457,55.7488,-11.17268,7.18,-2.35,-0.7,2.0
1758075350.45955,1758075350.44506,0.0,0.0,0.0,16.272,54.25911,-12.83425,7.83,-2.33,-0.9,2.0
1758075350.47461,1758075350.45506,0.0,0.0,0.0,24.57989,49.84733,-10.94349,7.83,-2.33,-0.9,2.0
1758075350.49036,1758075350.46506,0.0,0.0,0.0,30.82513,42.68536,-6.70361,8.15,-1.95,-0.59,2.0
1758075350.4947,1758075350.47506,0.0,0.0,0.0,38.27358,34.0337,1.20321,8.15,-1.95,-0.59,2.0
1758075350.51058,1758075350.48506,0.0,0.0,0.0,43.94586,31.79916,8.76626,8.64,-1.69,-0.78,2.0
1758075350.51322,1758075350.49506,0.0,0.0,0.0,52.884,36.15364,21.08485,10.34,-1.43,-0.95,2.0
1758075350.52861,1758075350.50506,0.0,0.0,0.0,56.32175,38.90384,27.44468,10.34,-1.43,-0.95,2.0
1758075350.52961,1758075350.51506,0.0,0.0,0.0,58.4417,40.33623,32.08564,10.87,-1.04,-0.29,2.0
1758075350.54459,1758075350.52506,0.0,0.0,0.0,59.18654,39.19032,34.26288,10.87,-1.04,-0.29,2.0
1758075350.56032,1758075350.53506,0.0,0.0,0.0,57.81144,33.34615,34.43476,10.48,-0.63,-0.7,2.0
1758075350.56159,1758075350.54506,0.0,0.0,0.0,56.03527,27.04361,32.88778,10.48,-0.63,-0.7,2.0
1758075350.57764,1758075350.55506,0.0,0.0,0.0,53.74345,16.84496,30.53865,9.87,-0.4,-0.85,2.0
1758075350.57934,1758075350.56506,0.0,0.0,0.0,49.79003,-0.45837,24.80907,9.87,-0.4,-0.85,2.0
1758075350.5944,1758075350.57506,0.0,0.0,0.0,47.32632,-15.98552,18.50654,8.49,-0.36,-1.42,2.0
1758075350.61061,1758075350.58506,0.0,0.0,0.0,47.95657,-7.04738,16.04282,10.42,-0.58,-1.41,2.0
1758075350.61199,1758075350.59506,0.0,0.0,0.0,48.35764,3.55234,13.46451,10.42,-0.58,-1.41,2.0
1758075350.62647,1758075350.60506,0.0,0.0,0.0,47.38361,33.17426,10.02676,12.49,-0.95,-0.51,2.0
1758075350.62764,1758075350.61506,0.0,0.0,0.0,46.98254,23.89234,2.7502,12.49,-0.95,-0.51,2.0
1758075350.64243,1758075350.62506,0.0,0.0,0.0,49.61814,-18.79302,3.89611,9.45,-1.33,0.21,2.0
1758075350.65973,1758075350.63506,0.0,0.0,0.0,53.39967,-68.01009,5.4431,9.45,-1.33,0.21,2.0
1758075350.66064,1758075350.64506,0.0,0.0,0.0,61.99404,-82.16215,16.73037,6.91,-2.4,-3.15,2.0
1758075350.67575,1758075350.65506,0.0,0.0,0.0,66.17663,-70.76029,19.36597,12.13,-3.27,-1.22,2.0
1758075350.67913,1758075350.66506,0.0,0.0,0.0,69.55708,-63.99939,19.19409,12.13,-3.27,-1.22,2.0
1758075350.69472,1758075350.67506,0.0,0.0,0.0,71.84892,-65.89015,18.22006,10.2,-2.92,-1.77,2.0
1758075350.7105,1758075350.68506,0.0,0.0,0.0,70.76029,-66.40582,15.06879,10.2,-2.92,-1.77,2.0
1758075350.71327,1758075350.69506,0.0,0.0,0.0,67.9528,-67.09336,11.45916,9.23,-2.17,-0.73,2.0
1758075350.72963,1758075350.70506,0.0,0.0,0.0,63.31184,-70.93218,6.8182,9.23,-2.17,-0.73,2.0
1758075350.73218,1758075350.71506,0.0,0.0,0.0,57.12389,-74.65641,3.55234,8.32,-0.68,0.01,2.0
1758075350.74751,1758075350.72506,0.0,0.0,0.0,46.35228,-86.91771,3.03668,9.73,1.92,0.95,2.0
1758075350.74943,1758075350.73506,0.0,0.0,0.0,39.01843,-107.2004,7.21927,9.73,1.92,0.95,2.0
1758075350.76478,1758075350.74506,0.0,0.0,0.0,35.2369,-124.21727,15.75634,10.17,4.07,1.38,2.0
1758075350.78065,1758075350.75506,0.0,0.0,0.0,32.54401,-127.8269,29.9084,10.17,4.07,1.38,2.0
1758075350.78176,1758075350.76506,0.0,0.0,0.0,29.39274,-110.81004,35.98175,13.78,4.11,0.52,2.0
1758075350.79856,1758075350.77506,0.0,0.0,0.0,30.30947,-99.29359,39.24761,13.78,4.11,0.52,2.0
1758075350.7995,1758075350.78506,0.0,0.0,0.0,34.0337,-87.60525,39.64868,12.46,1.79,1.93,2.0
1758075350.81473,1758075350.79506,0.0,0.0,0.0,43.83128,-60.04598,34.26288,12.46,1.79,1.93,2.0
1758075350.83053,1758075350.80506,0.0,0.0,0.0,52.76942,-32.20023,27.61657,10.05,-0.53,1.38,2.0
1758075350.83481,1758075350.81506,0.0,0.0,0.0,61.07731,-2.63561,19.07949,9.88,-1.95,-0.85,2.0
1758075350.85054,1758075350.82506,0.0,0.0,0.0,68.23928,22.00158,9.96947,9.88,-1.95,-0.85,2.0
1758075350.85434,1758075350.83506,0.0,0.0,0.0,74.59911,53.97263,-1.60428,10.46,-2.64,-1.73,2.0
1758075350.8698,1758075350.84506,0.0,0.0,0.0,75.63043,79.46925,-4.98473,10.46,-2.64,-1.73,2.0
1758075350.87097,1758075350.85506,0.0,0.0,0.0,72.42187,98.49145,-7.67763,14.54,-2.29,-2.29,2.0
1758075350.88583,1758075350.86506,0.0,0.0,0.0,67.78091,105.76801,-7.50575,14.54,-2.29,-2.29,2.0
1758075350.8867,1758075350.87506,0.0,0.0,0.0,59.53032,106.39826,-5.61499,14.22,-0.62,-1.95,2.0
1758075350.9048,1758075350.88506,0.0,0.0,0.0,54.08722,106.62745,-4.29718,12.91,1.57,-0.82,2.0
1758075350.92083,1758075350.89506,0.0,0.0,0.0,48.24305,106.97123,-3.32316,12.91,1.57,-0.82,2.0
1758075350.92175,1758075350.90506,0.0,0.0,0.0,41.42485,107.37229,-2.40642,11.4,3.08,-0.16,2.0
1758075350.93673,1758075350.91506,0.0,0.0,0.0,28.87707,107.94526,-2.86479,11.4,3.08,-0.16,2.0
1758075350.93777,1758075350.92506,0.0,0.0,0.0,19.13679,107.25771,-4.18259,9.02,3.53,0.06,2.0
1758075350.95379,1758075350.93506,0.0,0.0,0.0,7.10468,104.6794,-6.99009,9.02,3.53,0.06,2.0
1758075350.96962,1758075350.94506,0.0,0.0,0.0,-4.92744,100.32492,-11.34457,7.05,3.38,-0.08,2.0
1758075350.97112,1758075350.95506,0.0,0.0,0.0,-22.23076,86.40204,-20.22541,6.68,2.95,-0.33,2.0
1758075350.98562,1758075350.96506,0.0,0.0,0.0,-33.34615,75.34396,-25.15285,6.68,2.95,-0.33,2.0
1758075350.98685,1758075350.97506,0.0,0.0,0.0,-46.06581,68.29657,-34.60666,7.55,2.46,-0.05,2.0
1758075351.00476,1758075350.98506,0.0,0.0,0.0,-59.53032,61.02001,-44.748,7.55,2.46,-0.05,2.0
1758075351.02061,1758075350.99506,0.0,0.0,0.0,-66.80688,48.30034,-48.9879,8.5,1.81,-0.21,2.0
1758075351.02179,1758075351.00506,0.0,0.0,0.0,-72.36457,29.27814,-49.04519,8.5,1.81,-0.21,2.0
1758075351.03684,1758075351.01506,0.0,0.0,0.0,-75.05748,13.69369,-47.67009,7.96,1.26,-0.38,2.0
1758075351.05286,1758075351.02506,0.0,0.0,0.0,-77.57849,4.52637,-41.08107,7.96,1.26,-0.38,2.0
1758075351.05456,1758075351.03506,0.0,0.0,0.0,-78.38063,11.63104,-33.40344,9.36,0.69,-0.89,2.0
1758075351.06969,1758075351.04506,0.0,0.0,0.0,-78.03686,31.51268,-27.73116,11.8,0.29,0.05,2.0
1758075351.07078,1758075351.05506,0.0,0.0,0.0,-77.63579,44.23235,-22.51724,11.8,0.29,0.05,2.0
1758075351.08589,1758075351.06506,0.0,0.0,0.0,-75.57314,53.74345,-17.01685,10.83,-0.13,-0.02,2.0
1758075351.08705,1758075351.07506,0.0,0.0,0.0,-72.76565,51.79538,-12.204,10.83,-0.13,-0.02,2.0
1758075351.10488,1758075351.08506,0.0,0.0,0.0,-69.3279,26.41335,-10.19865,8.67,-0.31,-0.67,2.0
1758075351.12083,1758075351.09506,0.0,0.0,0.0,-68.58305,2.34913,-12.08941,8.67,-0.31,-0.67,2.0
1758075351.12427,1758075351.10506,0.0,0.0,0.0,-66.29122,-12.71966,-14.83961,7.06,-0.25,-1.8,2.0
1758075351.13986,1758075351.11506,0.0,0.0,0.0,-65.43179,-13.12073,-16.90226,9.54,0.0,-1.4,2.0
1758075351.14109,1758075351.12506,0.0,0.0,0.0,-66.17663,-6.24524,-18.10547,9.54,0.0,-1.4,2.0
1758075351.15665,1758075351.13506,0.0,0.0,0.0,-67.15066,0.34377,-19.07949,11.72,0.16,-0.11,2.0
1758075351.15766,1758075351.14506,0.0,0.0,0.0,-68.64035,7.16197,-18.90761,11.72,0.16,-0.11,2.0
1758075351.17288,1758075351.15506,0.0,0.0,0.0,-69.67168,10.19865,-18.27736,12.51,0.4,0.22,2.0
1758075351.18891,1758075351.16506,0.0,0.0,0.0,-70.47381,12.71966,-16.61578,12.51,0.4,0.22,2.0
1758075351.18983,1758075351.17506,0.0,0.0,0.0,-70.01544,12.77696,-12.71966,12.25,0.5,-0.04,2.0
1758075351.20465,1758075351.18506,0.0,0.0,0.0,-69.67168,9.4538,-9.74028,10.92,0.37,-0.43,2.0
1758075351.22096,1758075351.19506,0.0,0.0,0.0,-68.52576,5.72958,-6.47442,10.92,0.37,-0.43,2.0
1758075351.22377,1758075351.20506,0.0,0.0,0.0,-66.97877,0.40107,-3.38045,9.5,0.18,-0.41,2.0
1758075351.23897,1758075351.21506,0.0,0.0,0.0,-62.28051,-13.75099,-0.11459,9.5,0.18,-0.41,2.0
1758075351.24017,1758075351.22506,0.0,0.0,0.0,-56.89471,-24.00693,-0.22918,9.09,-0.43,0.88,2.0
1758075351.25476,1758075351.23506,0.0,0.0,0.0,-49.90463,-35.86716,-2.46372,9.09,-0.43,0.88,2.0
1758075351.27173,1758075351.24506,0.0,0.0,0.0,-41.48215,-52.884,-8.02141,10.93,-1.84,1.79,2.0
1758075351.27511,1758075351.25506,0.0,0.0,0.0,-29.9084,-73.10942,-20.11082,12.27,-1.84,1.65,2.0
1758075351.29153,1758075351.26506,0.0,0.0,0.0,-23.31938,-79.35466,-27.10091,12.27,-2.55,1.65,2.0
1758075351.29506,1758075351.27506,0.0,0.0,0.0,-16.95955,-86.91771,-31.62727,11.5,-2.04,2.17,2.0
1758075351.31179,1758075351.28506,0.0,0.0,0.0,-12.71966,-100.72599,-33.68992,11.5,-2.04,2.17,2.0
1758075351.31314,1758075351.29506,0.0,0.0,0.0,-9.33921,-121.18058,-34.14828,7.87,-0.79,2.46,2.0
1758075351.32804,1758075351.30506,0.0,0.0,0.0,-10.37054,-126.73827,-33.05967,7.87,-0.79,2.46,2.0
1758075351.3292,1758075351.31506,0.0,0.0,0.0,-14.83961,-124.96209,-30.19488,7.01,0.55,2.86,2.0
1758075351.34388,1758075351.32506,0.0,0.0,0.0,-21.14215,-121.52435,-25.8404,7.01,0.55,2.86,2.0
1758075351.35979,1758075351.33506,0.0,0.0,0.0,-33.11696,-107.54418,-19.70975,6.86,1.28,2.89,2.0
1758075351.36094,1758075351.34506,0.0,0.0,0.0,-41.65404,-91.27219,-15.29797,8.14,1.62,1.89,2.0
1758075351.37577,1758075351.35506,0.0,0.0,0.0,-49.15978,-72.99483,-10.25595,8.14,1.62,1.89,2.0
1758075351.37911,1758075351.36506,0.0,0.0,0.0,-54.60288,-53.05589,-5.09932,10.25,1.29,-0.28,2.0
1758075351.39447,1758075351.37506,0.0,0.0,0.0,-57.12389,-20.45459,1.48969,10.25,1.29,-0.28,2.0
1758075351.41105,1758075351.38506,0.0,0.0,0.0,-55.7488,0.68755,3.55234,13.22,0.38,-1.13,2.0
1758075351.41194,1758075351.39506,0.0,0.0,0.0,-53.17049,19.99623,3.89611,13.22,0.38,-1.13,2.0
1758075351.42707,1758075351.40506,0.0,0.0,0.0,-48.52953,46.1231,2.06265,14.04,-0.72,-1.65,2.0
1758075351.42879,1758075351.41506,0.0,0.0,0.0,-45.26366,61.30648,0.40107,13.1,-1.42,-1.37,2.0
1758075351.44407,1758075351.42506,0.0,0.0,0.0,-42.97184,70.81759,-1.3751,13.1,-1.42,-1.37,2.0
1758075351.4598,1758075351.43506,0.0,0.0,0.0,-41.02378,72.53646,-3.49504,10.71,-1.41,-0.81,2.0
1758075351.461,1758075351.44506,0.0,0.0,0.0,-38.44547,69.90086,-7.50575,10.71,-1.41,-0.81,2.0
1758075351.47911,1758075351.45506,0.0,0.0,0.0,-31.45539,65.14531,-8.70896,9.16,-1.27,-0.92,2.0
1758075351.49475,1758075351.46506,0.0,0.0,0.0,-29.8511,64.91612,-8.36518,9.16,-1.27,-0.92,2.0
1758075351.51184,1758075351.47506,0.0,0.0,0.0,-24.12152,65.08801,-5.4431,9.07,-1.16,-0.67,2.0
1758075351.51518,1758075351.48506,0.0,0.0,0.0,-19.36597,65.71826,-1.83346,9.07,-1.16,-0.67,2.0
1758075351.53111,1758075351.49506,0.0,0.0,0.0,-14.09476,64.80153,2.40642,8.78,-1.12,-0.31,2.0
1758075351.53316,1758075351.50506,0.0,0.0,0.0,-7.84952,63.02536,7.50575,8.78,-1.12,-0.31,2.0
1758075351.5481,1758075351.51506,0.0,0.0,0.0,2.7502,59.12925,16.10011,8.83,-1.37,-0.18,2.0
1758075351.54991,1758075351.52506,0.0,0.0,0.0,11.17268,52.02457,22.97561,8.83,-1.37,-0.18,2.0
1758075351.56492,1758075351.53506,0.0,0.0,0.0,19.19409,47.67009,28.64789,8.92,-1.88,-0.31,2.0
1758075351.56803,1758075351.54506,0.0,0.0,0.0,26.75713,44.9199,33.46074,8.92,-1.88,-0.31,2.0
1758075351.58414,1758075351.55506,0.0,0.0,0.0,36.21093,43.02913,37.01308,9.63,-2.24,-0.66,2.0
1758075351.60013,1758075351.56506,0.0,0.0,0.0,41.65404,41.13837,37.64333,9.59,-2.28,-0.55,2.0
1758075351.60134,1758075351.57506,0.0,0.0,0.0,45.89392,40.45082,36.61201,9.59,-2.28,-0.55,2.0
1758075351.61615,1758075351.58506,0.0,0.0,0.0,49.50356,41.59674,31.79916,9.43,-2.0,-1.05,2.0
1758075351.61738,1758075351.59506,0.0,0.0,0.0,50.76406,42.34158,27.44468,9.43,-2.0,-1.05,2.0
1758075351.63387,1758075351.60506,0.0,0.0,0.0,51.39432,37.98711,22.68913,9.07,-1.45,-1.05,2.0
1758075351.64996,1758075351.61506,0.0,0.0,0.0,51.27972,29.56462,17.58981,9.07,-1.45,-1.05,2.0
1758075351.65109,1758075351.62506,0.0,0.0,0.0,50.01921,15.75634,9.05273,8.23,-0.9,-1.05,2.0
1758075351.66593,1758075351.63506,0.0,0.0,0.0,50.82136,18.16276,3.89611,9.24,-0.56,-1.01,2.0
1758075351.66739,1758075351.64506,0.0,0.0,0.0,52.42564,28.64789,4.69825,9.24,-0.56,-1.01,2.0
1758075351.6851,1758075351.65506,0.0,0.0,0.0,50.76406,48.07116,1.66158,11.93,-0.61,-0.02,2.0
1758075351.70123,1758075351.66506,0.0,0.0,0.0,47.67009,56.14987,-5.90147,11.93,-0.61,-0.02,2.0
1758075351.70213,1758075351.67506,0.0,0.0,0.0,48.12846,14.09476,-4.0107,9.81,-0.54,1.15,2.0
1758075351.71722,1758075351.68506,0.0,0.0,0.0,49.38896,-39.19032,-1.3751,9.81,-0.54,1.15,2.0
1758075351.71888,1758075351.69506,0.0,0.0,0.0,52.08187,-65.2599,9.28192,6.55,-1.34,-2.11,2.0
1758075351.73508,1758075351.70505,0.0,0.0,0.0,54.02992,-60.79083,19.07949,11.46,-2.16,-0.35,2.0
1758075351.75119,1758075351.71505,0.0,0.0,0.0,54.431,-53.91533,22.97561,11.46,-2.16,-0.35,2.0
1758075351.75214,1758075351.72505,0.0,0.0,0.0,53.62885,-54.3164,24.23611,10.31,-2.12,-0.98,2.0
1758075351.76698,1758075351.73505,0.0,0.0,0.0,50.363,-59.70221,24.17882,10.31,-2.12,-0.98,2.0
1758075351.76857,1758075351.74505,0.0,0.0,0.0,39.64868,-70.18733,20.68378,9.14,-1.82,1.01,2.0
1758075351.7841,1758075351.75505,0.0,0.0,0.0,29.27814,-80.67246,18.9649,9.14,-1.82,1.01,2.0
1758075351.80023,1758075351.76505,0.0,0.0,0.0,17.58981,-94.02238,19.99623,10.41,0.17,2.46,2.0
1758075351.80144,1758075351.77505,0.0,0.0,0.0,5.84417,-109.66413,28.64789,10.41,0.17,2.46,2.0
1758075351.81711,1758075351.78505,0.0,0.0,0.0,-9.39651,-120.43572,36.6693,14.28,4.53,4.0,2.0
1758075351.8191,1758075351.79505,0.0,0.0,0.0,-16.3293,-119.63358,45.03448,17.11,5.78,2.46,2.0
1758075351.83436,1758075351.80505,0.0,0.0,0.0,-20.68378,-118.94605,48.12846,17.11,5.78,2.46,2.0
1758075351.84998,1758075351.81505,0.0,0.0,0.0,-20.85567,-117.85743,46.00851,12.2,1.79,2.02,2.0
1758075351.85126,1758075351.82505,0.0,0.0,0.0,-16.95955,-111.95596,39.64868,12.2,1.79,2.02,2.0
1758075351.86707,1758075351.83505,0.0,0.0,0.0,-10.25595,-102.33027,30.36677,8.22,-1.09,2.15,2.0
1758075351.87082,1758075351.84505,0.0,0.0,0.0,-1.66158,-87.94903,19.13679,8.22,-1.09,2.15,2.0
1758075351.88713,1758075351.85505,0.0,0.0,0.0,12.49048,-57.23849,0.40107,7.46,-2.08,1.6,2.0
1758075351.88802,1758075351.86505,0.0,0.0,0.0,21.7151,-35.3515,-10.65701,7.94,-2.71,1.11,2.0
1758075351.90412,1758075351.87505,0.0,0.0,0.0,29.9084,-14.78231,-18.62113,7.94,-2.71,1.11,2.0
1758075351.92003,1758075351.88505,0.0,0.0,0.0,36.03905,4.87014,-23.0329,9.16,-2.81,0.13,2.0
1758075351.92125,1758075351.89505,0.0,0.0,0.0,41.65404,40.45082,-22.97561,9.16,-2.81,0.13,2.0
1758075351.93633,1758075351.90505,0.0,0.0,0.0,41.36755,67.37984,-20.85567,13.33,-1.48,-1.24,2.0
1758075351.93725,1758075351.91505,0.0,0.0,0.0,39.76327,85.02695,-15.46986,13.33,-1.48,-1.24,2.0
1758075351.95556,1758075351.92505,0.0,0.0,0.0,36.95578,90.52733,-8.59437,15.05,1.0,-2.18,2.0
1758075351.97105,1758075351.93505,0.0,0.0,0.0,32.88778,91.78784,0.85944,12.69,1.57,-1.06,2.0
1758075351.97226,1758075351.94505,0.0,0.0,0.0,31.62727,95.22559,4.98473,12.69,1.57,-1.06,2.0
1758075351.98718,1758075351.95505,0.0,0.0,0.0,30.65324,98.03308,6.7609,10.45,0.68,-0.2,2.0
1758075351.98986,1758075351.96505,0.0,0.0,0.0,30.13758,98.66334,7.73493,10.45,0.68,-0.2,2.0
1758075352.00533,1758075351.97505,0.0,0.0,0.0,28.13223,94.25156,8.47978,8.2,0.47,0.29,2.0
1758075352.02134,1758075351.98505,0.0,0.0,0.0,24.92367,89.32412,7.84952,8.2,0.47,0.29,2.0
1758075352.02224,1758075351.99505,0.0,0.0,0.0,20.51189,84.11021,6.87549,7.26,0.83,0.49,2.0
1758075352.03793,1758075352.00505,0.0,0.0,0.0,11.11538,79.46925,3.20856,7.26,0.83,0.49,2.0
1758075352.04064,1758075352.01505,0.0,0.0,0.0,2.86479,68.98412,-1.43239,7.56,1.35,0.36,2.0
1758075352.05713,1758075352.02505,0.0,0.0,0.0,-6.47442,58.67088,-8.02141,7.77,1.81,0.47,2.0
1758075352.05847,1758075352.03505,0.0,0.0,0.0,-15.06879,44.23235,-12.60507,7.77,1.81,0.47,2.0
1758075352.07306,1758075352.04505,0.0,0.0,0.0,-30.82513,34.77854,-24.92367,8.22,2.17,0.38,2.0
1758075352.09009,1758075352.05505,0.0,0.0,0.0,-40.50812,28.41871,-31.11161,8.22,2.17,0.38,2.0
1758075352.09136,1758075352.06505,0.0,0.0,0.0,-48.70141,24.23611,-37.58603,8.73,2.37,0.29,2.0
1758075352.10607,1758075352.07505,0.0,0.0,0.0,-55.23313,21.7151,-42.05511,8.73,2.37,0.29,2.0
1758075352.10774,1758075352.08505,0.0,0.0,0.0,-61.70755,18.79302,-45.49285,9.3,2.16,-0.04,2.0
1758075352.12408,1758075352.09505,0.0,0.0,0.0,-64.17127,16.50119,-46.2377,9.5,1.51,-0.36,2.0
1758075352.14017,1758075352.10505,0.0,0.0,0.0,-64.74423,15.0115,-44.86259,9.5,1.51,-0.36,2.0
1758075352.14142,1758075352.11505,0.0,0.0,0.0,-63.65561,12.08941,-42.22699,9.48,0.73,-0.7,2.0
1758075352.15642,1758075352.12505,0.0,0.0,0.0,-60.79083,-0.57296,-37.52874,9.48,0.73,-0.7,2.0
1758075352.15735,1758075352.13505,0.0,0.0,0.0,-58.49899,-14.20935,-33.34615,8.74,0.22,-1.34,2.0
1758075352.17515,1758075352.14505,0.0,0.0,0.0,-55.57691,-15.35527,-26.12688,8.74,0.22,-1.34,2.0
1758075352.19456,1758075352.15505,0.0,0.0,0.0,-53.80074,19.36597,-27.38738,10.79,0.55,-1.63,2.0
1758075352.19631,1758075352.16505,0.0,0.0,0.0,-49.27437,43.14373,-17.53251,13.18,0.78,-0.16,2.0
1758075352.21146,1758075352.17505,0.0,0.0,0.0,-52.9986,6.47442,-19.76705,13.18,0.78,-0.16,2.0
1758075352.21236,1758075352.18505,0.0,0.0,0.0,-53.74345,-27.38738,-20.16812,7.74,1.68,-0.33,2.0
1758075352.22921,1758075352.19505,0.0,0.0,0.0,-54.88936,-34.77854,-22.28806,7.74,1.68,-0.33,2.0
1758075352.23011,1758075352.20505,0.0,0.0,0.0,-55.11855,-19.82434,-21.48592,11.85,2.08,-1.24,2.0
1758075352.24518,1758075352.21505,0.0,0.0,0.0,-55.7488,-14.83961,-18.9649,11.85,2.08,-1.24,2.0
1758075352.26147,1758075352.22505,0.0,0.0,0.0,-56.83742,-12.49048,-16.50119,10.89,2.01,0.04,2.0
1758075352.2624,1758075352.23505,0.0,0.0,0.0,-57.46767,-11.22997,-12.08941,10.89,2.01,0.04,2.0
1758075352.27908,1758075352.24505,0.0,0.0,0.0,-57.52497,-12.14671,-8.93814,9.85,1.78,0.56,2.0
1758075352.27999,1758075352.25505,0.0,0.0,0.0,-57.81144,-14.9542,-6.41713,8.61,1.32,-0.05,2.0
1758075352.29547,1758075352.26505,0.0,0.0,0.0,-57.46767,-23.26209,-4.58366,8.61,1.32,-0.05,2.0
1758075352.3115,1758075352.27505,0.0,0.0,0.0,-53.74345,-49.21708,-6.41713,7.65,0.22,1.95,2.0
1758075352.31285,1758075352.28505,0.0,0.0,0.0,-49.50356,-75.05748,-12.37589,7.65,0.22,1.95,2.0
1758075352.32749,1758075352.29505,0.0,0.0,0.0,-45.03448,-92.93376,-21.31403,8.95,-1.41,2.57,2.0
1758075352.32843,1758075352.30505,0.0,0.0,0.0,-39.4768,-96.94446,-29.50733,8.95,-1.41,2.57,2.0
1758075352.34324,1758075352.31505,0.0,0.0,0.0,-30.65324,-103.07512,-37.98711,13.76,-2.62,3.0,2.0
1758075352.35948,1758075352.32505,0.0,0.0,0.0,-27.04361,-112.35703,-41.71133,13.44,-2.7,2.7,2.0
1758075352.36084,1758075352.33505,0.0,0.0,0.0,-26.12688,-121.81084,-41.88322,13.44,-2.7,2.7,2.0
1758075352.3756,1758075352.34505,0.0,0.0,0.0,-28.76248,-129.77495,-40.33623,10.11,-0.84,2.07,2.0
1758075352.39155,1758075352.35505,0.0,0.0,0.0,-36.95578,-130.74898,-34.0337,10.11,-0.84,2.07,2.0
1758075352.39248,1758075352.36505,0.0,0.0,0.0,-44.17505,-125.0194,-27.1582,8.39,0.75,2.43,2.0
1758075352.40754,1758075352.37505,0.0,0.0,0.0,-52.884,-116.53963,-19.25138,8.39,0.75,2.43,2.0
1758075352.40873,1758075352.38505,0.0,0.0,0.0,-62.56699,-105.30964,-11.86023,8.15,1.05,2.24,2.0
1758075352.42436,1758075352.39505,0.0,0.0,0.0,-75.40125,-77.17742,0.11459,9.78,0.66,0.65,2.0
1758075352.44056,1758075352.40505,0.0,0.0,0.0,-82.39134,-57.23849,7.04738,9.78,0.66,0.65,2.0
1758075352.44148,1758075352.41505,0.0,0.0,0.0,-86.74582,-36.84119,12.37589,11.37,0.24,-1.22,2.0
1758075352.45661,1758075352.42505,0.0,0.0,0.0,-88.2355,-5.95876,16.55848,11.37,0.24,-1.22,2.0
1758075352.45749,1758075352.43505,0.0,0.0,0.0,-86.63122,13.40721,17.18874,13.08,-0.28,-1.71,2.0
1758075352.47411,1758075352.44505,0.0,0.0,0.0,-83.59455,31.62727,16.50119,13.08,-0.28,-1.71,2.0
1758075352.4903,1758075352.45505,0.0,0.0,0.0,-80.0995,48.9306,14.9542,13.25,-0.83,-1.65,2.0
1758075352.4915,1758075352.46505,0.0,0.0,0.0,-73.51049,71.67702,11.86023,13.25,-0.83,-1.65,2.0
1758075352.50631,1758075352.47505,0.0,0.0,0.0,-69.3279,78.89629,8.99544,12.24,-1.01,-1.15,2.0
1758075352.5075,1758075352.48505,0.0,0.0,0.0,-64.91612,80.27139,5.55769,10.08,-1.09,-0.61,2.0
1758075352.52461,1758075352.49505,0.0,0.0,0.0,-60.50434,78.03686,1.20321,10.08,-1.09,-0.61,2.0
1758075352.54058,1758075352.50505,0.0,0.0,0.0,-53.28508,73.3959,-5.09932,9.04,-1.76,-0.65,2.0
1758075352.54148,1758075352.51505,0.0,0.0,0.0,-47.49821,71.21866,-8.42248,9.04,-1.76,-0.65,2.0
1758075352.55656,1758075352.52505,0.0,0.0,0.0,-40.45082,71.21866,-10.08406,9.06,-2.28,-0.85,2.0
1758075352.55829,1758075352.53505,0.0,0.0,0.0,-32.37212,70.6457,-9.39651,9.06,-2.28,-0.85,2.0
1758075352.5736,1758075352.54505,0.0,0.0,0.0,-18.85031,70.30193,-5.15662,9.24,-2.5,-1.07,2.0
1758075352.58956,1758075352.55505,0.0,0.0,0.0,-9.05273,69.67168,0.40107,9.61,-2.48,-0.82,2.0
1758075352.59079,1758075352.56505,0.0,0.0,0.0,1.3751,66.17663,7.39116,9.61,-2.48,-0.82,2.0
1758075352.60547,1758075352.57505,0.0,0.0,0.0,11.74564,59.87409,14.83961,9.23,-2.48,-0.94,2.0
1758075352.60839,1758075352.58505,0.0,0.0,0.0,26.01229,54.02992,25.72581,9.23,-2.48,-0.94,2.0
1758075352.62459,1758075352.59505,0.0,0.0,0.0,33.51803,53.80074,30.30947,9.71,-2.55,-1.35,2.0
1758075352.64039,1758075352.60505,0.0,0.0,0.0,39.76327,55.86338,32.83048,9.71,-2.55,-1.35,2.0
1758075352.64149,1758075352.61505,0.0,0.0,0.0,44.40423,57.58226,32.54401,10.47,-2.41,-1.16,2.0
1758075352.65658,1758075352.62505,0.0,0.0,0.0,48.64412,54.94666,30.53865,10.0,-2.02,-1.31,2.0
1758075352.6576,1758075352.63505,0.0,0.0,0.0,50.01921,49.33167,27.44468,10.0,-2.02,-1.31,2.0
1758075352.67364,1758075352.64505,0.0,0.0,0.0,50.363,39.4195,23.54857,8.9,-1.43,-1.29,2.0
1758075352.68973,1758075352.65505,0.0,0.0,0.0,49.79003,18.56383,16.73037,8.9,-1.43,-1.29,2.0
1758075352.69059,1758075352.66505,0.0,0.0,0.0,48.01387,10.25595,11.00079,7.71,-0.8,-1.57,2.0
1758075352.70572,1758075352.67505,0.0,0.0,0.0,49.21708,9.62569,7.39116,7.71,-0.8,-1.57,2.0
1758075352.70764,1758075352.68505,0.0,0.0,0.0,50.93595,13.12073,5.95876,8.86,-0.48,-1.05,2.0
1758075352.72464,1758075352.69505,0.0,0.0,0.0,52.9986,26.75713,6.24524,9.82,-0.48,-0.37,2.0
1758075352.74072,1758075352.70505,0.0,0.0,0.0,52.42564,39.99245,4.23989,9.82,-0.56,-0.37,2.0
1758075352.74159,1758075352.71505,0.0,0.0,0.0,55.23313,20.05352,1.60428,8.57,-0.64,0.37,2.0
1758075352.75756,1758075352.72505,0.0,0.0,0.0,58.72818,-20.45459,-0.11459,8.57,-0.64,0.37,2.0
1758075352.76054,1758075352.73505,0.0,0.0,0.0,65.37449,-84.91235,8.93814,4.4,-1.28,-1.99,2.0
1758075352.77574,1758075352.74505,0.0,0.0,0.0,68.35387,-102.90323,17.13144,4.4,-1.28,-1.99,2.0
1758075352.79172,1758075352.75505,0.0,0.0,0.0,69.55708,-119.28982,26.24147,8.24,-2.76,1.52,2.0
1758075352.79265,1758075352.76505,0.0,0.0,0.0,68.01009,-134.5305,38.21629,8.24,-2.76,1.52,2.0
1758075352.80774,1758075352.77505,0.0,0.0,0.0,61.70755,-150.8598,61.76485,12.08,-1.49,4.75,2.0
1758075352.80866,1758075352.78505,0.0,0.0,0.0,55.00395,-145.30209,72.07809,18.67,3.52,3.81,2.0
1758075352.82374,1758075352.79505,0.0,0.0,0.0,47.67009,-134.18672,70.81759,18.67,3.52,3.81,2.0
1758075352.83982,1758075352.80505,0.0,0.0,0.0,42.05511,-133.84296,64.80153,15.85,3.51,-0.11,2.0
1758075352.84097,1758075352.81505,0.0,0.0,0.0,35.75257,-128.51443,44.17505,15.85,3.51,-0.11,2.0
1758075352.85574,1758075352.82505,0.0,0.0,0.0,36.95578,-122.89946,31.16891,10.2,0.21,0.27,2.0
1758075352.87175,1758075352.83505,0.0,0.0,0.0,40.04975,-110.81004,16.04282,10.2,0.21,0.27,2.0
1758075352.87346,1758075352.84505,0.0,0.0,0.0,49.27437,-94.36616,-3.09397,8.71,-1.26,0.32,2.0
1758075352.88852,1758075352.85505,0.0,0.0,0.0,55.86338,-83.65184,-13.17803,8.11,-1.63,0.85,2.0
1758075352.88975,1758075352.86505,0.0,0.0,0.0,62.05133,-69.90086,-19.76705,8.11,-1.63,0.85,2.0
1758075352.90477,1758075352.87505,0.0,0.0,0.0,67.32255,-52.25375,-22.74642,8.93,-1.33,-0.15,2.0
1758075352.92074,1758075352.88505,0.0,0.0,0.0,72.88023,-19.07949,-21.31403,8.93,-1.33,-0.15,2.0
1758075352.92174,1758075352.89505,0.0,0.0,0.0,73.91156,3.66693,-17.18874,10.62,-0.24,-1.24,2.0
1758075352.93665,1758075352.90505,0.0,0.0,0.0,72.53646,24.17882,-11.74564,10.62,-0.24,-1.24,2.0
1758075352.93773,1758075352.91505,0.0,0.0,0.0,69.15601,43.02913,-5.32851,11.48,1.46,-2.02,2.0
1758075352.95376,1758075352.92505,0.0,0.0,0.0,61.76485,60.44705,4.0107,11.05,2.43,-1.81,2.0
1758075352.96979,1758075352.93505,0.0,0.0,0.0,56.03527,64.80153,9.39651,11.05,2.43,-1.81,2.0
1758075352.97076,1758075352.94505,0.0,0.0,0.0,51.16513,65.66096,14.32395,9.74,1.91,-0.78,2.0
1758075352.9858,1758075352.95505,0.0,0.0,0.0,47.09713,66.34852,16.95955,9.74,1.91,-0.78,2.0
1758075353.00185,1758075352.96505,0.0,0.0,0.0,42.1124,60.67623,17.30333,9.74,1.31,0.29,2.0
1758075353.00228,1758075352.97505,0.0,0.0,0.0,39.76327,50.99325,15.98552,9.74,1.31,0.29,2.0
1758075353.01778,1758075352.98505,0.0,0.0,0.0,36.61201,38.44547,12.77696,9.26,1.23,0.73,2.0
1758075353.01951,1758075352.99505,0.0,0.0,0.0,32.83048,27.04361,8.36518,9.26,1.23,0.73,2.0
1758075353.03485,1758075353.00505,0.0,0.0,0.0,24.17882,13.5218,0.57296,9.28,1.5,0.7,2.0
1758075353.05082,1758075353.01505,0.0,0.0,0.0,16.10011,4.98473,-4.58366,9.39,1.92,0.11,2.0
1758075353.05122,1758075353.02505,0.0,0.0,0.0,7.67763,-6.70361,-9.11003,9.39,1.92,0.11,2.0
1758075353.06688,1758075353.03505,0.0,0.0,0.0,-8.99544,-8.70896,-17.53251,9.65,2.15,-0.45,2.0
1758075353.06802,1758075353.04505,0.0,0.0,0.0,-19.25138,-6.24524,-21.6578,9.65,2.15,-0.45,2.0
1758075353.08458,1758075353.05505,0.0,0.0,0.0,-28.87707,-1.08862,-26.01229,10.42,2.28,-0.55,2.0
1758075353.10083,1758075353.06505,0.0,0.0,0.0,-37.52874,0.0573,-29.10626,10.42,2.28,-0.55,2.0
1758075353.10125,1758075353.07505,0.0,0.0,0.0,-43.37291,0.40107,-28.93437,10.43,2.03,-0.56,2.0
1758075353.11685,1758075353.08505,0.0,0.0,0.0,-42.39888,6.13065,-25.61122,10.65,1.33,-0.36,2.0
1758075353.11776,1758075353.09505,0.0,0.0,0.0,-39.87786,13.34992,-24.12152,10.65,1.33,-0.36,2.0
1758075353.13265,1758075353.10505,0.0,0.0,0.0,-22.40265,37.18496,-16.55848,12.09,-1.33,0.69,2.0
1758075353.14865,1758075353.11505,0.0,0.0,0.0,-17.58981,14.61043,-13.69369,12.09,-1.33,0.69,2.0
1758075353.14978,1758075353.12505,0.0,0.0,0.0,-18.90761,-17.81899,-10.8862,8.2,-1.47,-1.18,2.0
1758075353.16469,1758075353.13505,0.0,0.0,0.0,-20.05352,-5.4431,-9.28192,8.2,-1.47,-1.18,2.0
1758075353.18066,1758075353.14505,0.0,0.0,0.0,-23.31938,18.9649,-9.85487,11.87,-0.06,-2.72,2.0
1758075353.18115,1758075353.15505,0.0,0.0,0.0,-27.33009,42.74266,-13.00614,12.88,0.82,0.47,2.0
1758075353.19668,1758075353.16505,0.0,0.0,0.0,-30.30947,39.13302,-13.98017,12.88,0.82,0.47,2.0
1758075353.19779,1758075353.17505,0.0,0.0,0.0,-30.99702,29.73651,-15.0115,9.29,1.73,0.1,2.0
1758075353.21424,1758075353.18505,0.0,0.0,0.0,-29.73651,23.66316,-15.06879,9.29,1.73,0.1,2.0
1758075353.22985,1758075353.19505,0.0,0.0,0.0,-26.52795,20.45459,-13.5218,9.23,1.58,-1.65,2.0
1758075353.23112,1758075353.20505,0.0,0.0,0.0,-23.94964,20.16812,-12.71966,9.23,1.58,-1.65,2.0
1758075353.24564,1758075353.21505,0.0,0.0,0.0,-21.48592,19.59516,-12.43318,9.36,0.88,-1.14,2.0
1758075353.26165,1758075353.22505,0.0,0.0,0.0,-19.53786,17.30333,-12.77696,9.36,0.88,-1.14,2.0
1758075353.26224,1758075353.23505,0.0,0.0,0.0,-17.47521,13.80828,-13.23533,9.36,0.25,-0.96,2.0
1758075353.27926,1758075353.24505,0.0,0.0,0.0,-16.21471,12.49048,-13.80828,9.69,0.0,-0.95,2.0
1758075353.28048,1758075353.25505,0.0,0.0,0.0,-15.41257,12.71966,-13.46451,9.69,0.0,-0.95,2.0
1758075353.2957,1758075353.26505,0.0,0.0,0.0,-13.75099,13.23533,-12.2613,10.15,0.03,-0.86,2.0
1758075353.29771,1758075353.27505,0.0,0.0,0.0,-12.83425,13.86558,-10.94349,10.15,0.03,-0.86,2.0
1758075353.31293,1758075353.28505,0.0,0.0,0.0,-11.22997,16.55848,-9.11003,10.26,0.21,-0.92,2.0
1758075353.32897,1758075353.29505,0.0,0.0,0.0,-9.28192,20.34,-6.8182,10.26,0.21,-0.92,2.0
1758075353.32986,1758075353.30505,0.0,0.0,0.0,-5.4431,25.26744,-2.7502,10.37,0.42,-1.15,2.0
1758075353.34495,1758075353.31505,0.0,0.0,0.0,-2.46372,27.38738,-0.11459,10.0,0.48,-1.1,2.0
1758075353.34591,1758075353.32505,0.0,0.0,0.0,0.0,29.27814,2.40642,10.0,0.48,-1.1,2.0
1758075353.36126,1758075353.33505,0.0,0.0,0.0,1.60428,31.28349,4.46907,9.92,0.37,-1.22,2.0
1758075353.37769,1758075353.34505,0.0,0.0,0.0,2.11994,33.80451,5.90147,9.92,0.37,-1.22,2.0
1758075353.37889,1758075353.35505,0.0,0.0,0.0,1.60428,35.3515,5.4431,10.69,0.24,-0.58,2.0
1758075353.3938,1758075353.36505,0.0,0.0,0.0,1.60428,37.47144,4.69825,10.69,0.24,-0.58,2.0
1758075353.40979,1758075353.37505,0.0,0.0,0.0,1.14592,39.19032,2.57831,12.37,0.1,0.13,2.0
1758075353.41094,1758075353.38505,0.0,0.0,0.0,2.11994,41.71133,-1.83346,13.38,0.36,0.3,2.0
1758075353.42591,1758075353.39505,0.0,0.0,0.0,3.55234,43.77398,-4.87014,13.38,0.36,0.3,2.0
1758075353.42946,1758075353.40505,0.0,0.0,0.0,5.50039,44.8053,-7.10468,12.72,0.69,-0.09,2.0
1758075353.44511,1758075353.41505,0.0,0.0,0.0,7.04738,43.31561,-8.65166,12.72,0.69,-0.09,2.0
1758075353.44675,1758075353.42505,0.0,0.0,0.0,8.42248,40.33623,-10.02676,10.67,0.96,-0.58,2.0
1758075353.46311,1758075353.43505,0.0,0.0,0.0,8.59437,39.53409,-9.5684,10.67,0.96,-0.58,2.0
1758075353.4788,1758075353.44505,0.0,0.0,0.0,7.84952,39.76327,-8.02141,9.42,1.16,-0.95,2.0
1758075353.47992,1758075353.45505,0.0,0.0,0.0,5.50039,39.01843,-4.46907,9.42,1.16,-0.95,2.0
1758075353.49505,1758075353.46505,0.0,0.0,0.0,2.92208,34.89313,-1.43239,8.52,1.28,-0.8,2.0
1758075353.49705,1758075353.47505,0.0,0.0,0.0,0.22918,33.00237,1.66158,8.09,1.35,-0.63,2.0
1758075353.51238,1758075353.48505,0.0,0.0,0.0,-2.7502,32.54401,4.64096,8.09,1.35,-0.63,2.0
1758075353.52809,1758075353.49505,0.0,0.0,0.0,-7.33386,31.62727,8.0787,8.62,1.32,-0.38,2.0
1758075353.52926,1758075353.50505,0.0,0.0,0.0,-9.74028,31.56997,9.22462,8.62,1.32,-0.38,2.0
1758075353.5441,1758075353.51505,0.0,0.0,0.0,-11.80293,32.20023,9.85487,9.38,1.18,0.13,2.0
1758075353.56009,1758075353.52505,0.0,0.0,0.0,-13.23533,30.99702,9.62569,9.38,1.18,0.13,2.0
1758075353.56128,1758075353.53505,0.0,0.0,0.0,-14.43854,24.80907,7.73493,9.95,0.88,0.6,2.0
1758075353.57584,1758075353.54505,0.0,0.0,0.0,-14.38124,21.02755,6.35983,10.06,0.46,1.23,2.0
1758075353.57739,1758075353.55505,0.0,0.0,0.0,-14.15206,17.53251,5.32851,10.06,0.46,1.23,2.0
1758075353.59243,1758075353.56505,0.0,0.0,0.0,-13.69369,13.5218,4.58366,10.09,0.4,1.61,2.0
1758075353.60809,1758075353.57505,0.0,0.0,0.0,-12.89155,7.21927,4.0107,10.09,0.4,1.61,2.0
1758075353.6098,1758075353.58505,0.0,0.0,0.0,-12.49048,1.94806,4.52637,9.65,0.58,1.1,2.0
1758075353.62493,1758075353.59505,0.0,0.0,0.0,-12.2613,-4.87014,5.90147,9.65,0.58,1.1,2.0
1758075353.62712,1758075353.60505,0.0,0.0,0.0,-12.49048,-12.54778,7.79223,8.71,0.49,1.13,2.0
1758075353.64412,1758075353.61505,0.0,0.0,0.0,-13.69369,-21.6578,11.00079,8.27,0.33,1.39,2.0
1758075353.6601,1758075353.62505,0.0,0.0,0.0,-15.06879,-25.38203,12.71966,8.27,0.33,1.39,2.0
1758075353.66295,1758075353.63505,0.0,0.0,0.0,-17.6471,-27.04361,13.5218,8.4,0.27,1.57,2.0
1758075353.67784,1758075353.64505,0.0,0.0,0.0,-20.68378,-26.69983,12.89155,8.4,0.27,1.57,2.0
1758075353.68061,1758075353.65505,0.0,0.0,0.0,-26.01229,-22.74642,10.94349,8.51,0.32,1.52,2.0
1758075353.69588,1758075353.66505,0.0,0.0,0.0,-29.22085,-18.79302,8.02141,8.51,0.32,1.52,2.0
1758075353.69977,1758075353.67505,0.0,0.0,0.0,-31.74186,-14.03747,4.35448,8.78,0.21,1.42,2.0
1758075353.71488,1758075353.68505,0.0,0.0,0.0,-33.86181,-5.21392,-1.20321,8.78,0.21,1.42,2.0
1758075353.71608,1758075353.69505,0.0,0.0,0.0,-34.0337,2.23454,-4.69825,9.57,-0.24,1.34,2.0
1758075353.73242,1758075353.70505,0.0,0.0,0.0,-33.17426,11.17268,-7.44845,10.71,-1.05,1.19,2.0
1758075353.7502,1758075353.71505,0.0,0.0,0.0,-31.56997,20.45459,-9.4538,10.71,-1.05,1.19,2.0
1758075353.75136,1758075353.72505,0.0,0.0,0.0,-27.73116,27.61657,-9.4538,11.05,-1.71,0.94,2.0
1758075353.76589,1758075353.73505,0.0,0.0,0.0,-24.98096,27.61657,-8.02141,11.05,-1.71,0.94,2.0
1758075353.76708,1758075353.74505,0.0,0.0,0.0,-22.40265,26.52795,-5.78687,10.26,-1.88,0.93,2.0
1758075353.78296,1758075353.75505,0.0,0.0,0.0,-19.76705,26.87172,-2.86479,10.26,-1.88,0.93,2.0
1758075353.79915,1758075353.76505,0.0,0.0,0.0,-16.10011,26.81443,2.23454,10.3,-1.66,0.74,2.0
1758075353.80007,1758075353.77505,0.0,0.0,0.0,-14.09476,25.8404,5.32851,9.94,-1.32,0.58,2.0
1758075353.81496,1758075353.78505,0.0,0.0,0.0,-12.49048,24.92367,8.02141,9.94,-1.32,0.58,2.0
1758075353.81653,1758075353.79505,0.0,0.0,0.0,-10.94349,24.63719,9.91217,9.76,-1.12,0.52,2.0
1758075353.83218,1758075353.80505,0.0,0.0,0.0,-9.68299,25.89769,10.71431,9.76,-1.12,0.52,2.0
1758075353.84815,1758075353.81505,0.0,0.0,0.0,-8.76626,27.38738,10.37054,9.94,-1.09,0.44,2.0
1758075353.84912,1758075353.82505,0.0,0.0,0.0,-8.136,30.59595,9.11003,9.94,-1.09,0.44,2.0
1758075353.86407,1758075353.83505,0.0,0.0,0.0,-7.21927,30.02299,7.84952,10.01,-1.12,0.51,2.0
1758075353.87996,1758075353.84505,0.0,0.0,0.0,-5.4431,24.80907,6.24524,9.3,-1.18,0.66,2.0
1758075353.88113,1758075353.85505,0.0,0.0,0.0,-2.6929,19.59516,6.13065,9.3,-1.18,0.66,2.0
1758075353.8978,1758075353.86505,0.0,0.0,0.0,0.74485,13.86558,6.47442,9.06,-1.55,0.36,2.0
1758075353.89903,1758075353.87505,0.0,0.0,0.0,7.96411,7.16197,8.93814,9.06,-1.55,0.36,2.0
1758075353.91441,1758075353.88505,0.0,0.0,0.0,13.5218,7.44845,10.59972,9.34,-2.21,0.29,2.0
1758075353.92994,1758075353.89505,0.0,0.0,0.0,19.82434,8.47978,12.204,9.34,-2.21,0.29,2.0
1758075353.93115,1758075353.90505,0.0,0.0,0.0,26.64254,8.30789,13.80828,9.68,-2.87,0.42,2.0
1758075353.94703,1758075353.91505,0.0,0.0,0.0,37.24226,6.13065,15.24068,9.68,-2.87,0.42,2.0
1758075353.94901,1758075353.92505,0.0,0.0,0.0,44.748,3.20856,15.87093,9.47,-3.19,0.35,2.0
1758075353.96392,1758075353.93505,0.0,0.0,0.0,51.6235,-3.20856,16.04282,9.13,-3.13,0.11,2.0
1758075353.98024,1758075353.94505,0.0,0.0,0.0,58.09792,-15.75634,15.46986,9.13,-3.13,0.11,2.0
1758075353.98117,1758075353.95505,0.0,0.0,0.0,66.80688,-27.2155,11.80293,8.53,-2.71,-0.62,2.0
1758075353.99705,1758075353.96505,0.0,0.0,0.0,74.31263,-13.80828,9.74028,8.53,-2.71,-0.62,2.0
1758075353.99962,1758075353.97505,0.0,0.0,0.0,81.5892,7.84952,10.48513,11.4,-2.28,-0.85,2.0
1758075354.01498,1758075353.98505,0.0,0.0,0.0,85.48531,26.01229,7.67763,11.4,-2.28,-0.85,2.0
1758075354.01644,1758075353.99505,0.0,0.0,0.0,95.1683,12.2613,3.03668,11.45,-1.83,0.12,2.0
1758075354.03201,1758075354.00505,0.0,0.0,0.0,98.43416,-29.22085,-1.43239,5.72,-1.6,-0.75,2.0
1758075354.04904,1758075354.01505,0.0,0.0,0.0,105.02316,-71.50513,5.32851,5.72,-1.6,-0.75,2.0
1758075354.05,1758075354.02505,0.0,0.0,0.0,109.14847,-83.88103,11.45916,8.29,-2.11,-2.35,2.0
1758075354.06504,1758075354.03505,0.0,0.0,0.0,111.55489,-72.88023,14.32395,8.29,-2.11,-2.35,2.0
1758075354.06625,1758075354.04505,0.0,0.0,0.0,105.30964,-63.25455,11.00079,10.84,-1.21,-0.41,2.0
1758075354.08512,1758075354.05505,0.0,0.0,0.0,94.19427,-60.33246,6.07335,10.84,-1.21,-0.41,2.0
1758075354.08685,1758075354.06505,0.0,0.0,0.0,88.52198,-68.86953,6.18794,9.45,1.46,1.97,2.0
1758075354.10335,1758075354.07505,0.0,0.0,0.0,82.67782,-80.67246,6.8182,9.5,-0.05,1.11,2.0
1758075354.11913,1758075354.08505,0.0,0.0,0.0,77.86497,-81.36001,8.93814,9.5,-0.05,1.11,2.0
1758075354.12026,1758075354.09505,0.0,0.0,0.0,72.70835,-86.34474,15.69904,13.66,1.58,3.67,2.0
1758075354.13537,1758075354.10505,0.0,0.0,0.0,63.54102,-89.20953,28.13223,13.66,1.58,3.67,2.0
1758075354.13628,1758075354.11505,0.0,0.0,0.0,58.90006,-83.93832,36.03905,16.42,3.22,3.37,2.0
1758075354.15438,1758075354.12505,0.0,0.0,0.0,56.03527,-72.42187,39.53409,16.42,3.22,3.37,2.0
1758075354.17011,1758075354.13505,0.0,0.0,0.0,55.40502,-58.67088,39.07573,13.97,2.28,0.74,2.0
1758075354.17164,1758075354.14505,0.0,0.0,0.0,59.70221,-37.12767,35.86716,9.99,2.28,0.49,2.0
1758075354.18607,1758075354.15505,0.0,0.0,0.0,64.22858,-20.22541,32.88778,9.99,0.36,0.49,2.0
1758075354.18916,1758075354.16505,0.0,0.0,0.0,68.92683,-3.55234,29.67921,9.1,-0.8,0.81,2.0
1758075354.20434,1758075354.17505,0.0,0.0,0.0,72.07809,11.63104,25.72581,9.1,-0.8,0.81,2.0
1758075354.22034,1758075354.18505,0.0,0.0,0.0,72.70835,31.97105,19.07949,9.45,-0.82,0.81,2.0
1758075354.22128,1758075354.19505,0.0,0.0,0.0,70.30193,46.98254,15.0115,9.45,-0.82,0.81,2.0
1758075354.23635,1758075354.20505,0.0,0.0,0.0,66.46311,58.67088,11.91752,11.09,0.38,0.3,2.0
1758075354.23803,1758075354.21505,0.0,0.0,0.0,61.65026,62.96807,9.62569,11.09,0.38,0.3,2.0
1758075354.25334,1758075354.22505,0.0,0.0,0.0,55.11855,65.83286,6.41713,11.53,1.73,0.27,2.0
1758075354.27032,1758075354.23505,0.0,0.0,0.0,52.42564,69.61437,4.18259,12.0,1.67,0.82,2.0
1758075354.27325,1758075354.24505,0.0,0.0,0.0,51.6235,72.88023,1.83346,12.0,1.67,0.82,2.0
1758075354.29009,1758075354.25505,0.0,0.0,0.0,52.42564,72.76565,0.17189,10.95,0.58,1.47,2.0
1758075354.29133,1758075354.26505,0.0,0.0,0.0,55.34772,65.2599,-1.60428,10.95,0.58,1.47,2.0
1758075354.30633,1758075354.27505,0.0,0.0,0.0,57.92604,59.24384,-1.71887,8.93,-0.24,1.61,2.0
1758075354.30732,1758075354.28505,0.0,0.0,0.0,60.27517,53.34238,-1.66158,8.93,-0.24,1.61,2.0
1758075354.32235,1758075354.29505,0.0,0.0,0.0,62.85347,46.35228,-0.97403,8.01,-0.48,1.47,2.0
1758075354.34022,1758075354.30505,0.0,0.0,0.0,64.40046,41.99781,1.03132,7.82,-0.28,1.44,2.0
1758075354.34116,1758075354.31505,0.0,0.0,0.0,64.85883,35.98175,3.09397,7.82,-0.28,1.44,2.0
1758075354.35926,1758075354.32505,0.0,0.0,0.0,63.77021,29.9084,4.18259,7.66,0.11,1.41,2.0
1758075354.36093,1758075354.33505,0.0,0.0,0.0,62.22322,19.76705,8.0787,7.66,0.11,1.41,2.0
1758075354.37958,1758075354.34505,0.0,0.0,0.0,59.41573,11.28727,8.0787,8.11,0.62,1.29,2.0
1758075354.38052,1758075354.35505,0.0,0.0,0.0,55.92068,4.46907,7.39116,8.11,0.62,1.29,2.0
1758075354.39643,1758075354.36505,0.0,0.0,0.0,52.02457,-3.95341,6.18794,8.85,1.39,0.78,2.0
1758075354.39736,1758075354.37505,0.0,0.0,0.0,43.02913,-9.85487,0.34377,9.34,1.97,0.65,2.0
1758075354.41459,1758075354.38505,0.0,0.0,0.0,37.18496,-8.59437,-3.95341,9.34,1.97,0.65,2.0
1758075354.4305,1758075354.39505,0.0,0.0,0.0,31.51268,-3.32316,-8.136,10.31,2.05,0.21,2.0
1758075354.43219,1758075354.40505,0.0,0.0,0.0,25.49662,2.6929,-11.91752,10.31,2.05,0.21,2.0
1758075354.44813,1758075354.41505,0.0,0.0,0.0,16.3293,10.48513,-15.87093,10.63,2.13,-0.03,2.0
1758075354.44917,1758075354.42505,0.0,0.0,0.0,10.54242,14.15206,-17.30333,10.63,2.13,-0.03,2.0
1758075354.46448,1758075354.43505,0.0,0.0,0.0,4.64096,14.78231,-18.10547,10.38,2.13,-0.01,2.0
1758075354.48053,1758075354.44505,0.0,0.0,0.0,-0.68755,12.08941,-17.76169,10.38,2.13,-0.01,2.0
1758075354.48418,1758075354.45505,0.0,0.0,0.0,-6.99009,-0.51566,-15.41257,9.72,2.04,-0.15,2.0
1758075354.49948,1758075354.46505,0.0,0.0,0.0,-10.94349,-12.54778,-12.77696,8.84,1.68,-0.55,2.0
1758075354.50044,1758075354.47505,0.0,0.0,0.0,-14.83961,-20.11082,-10.31324,8.84,1.68,-0.55,2.0
1758075354.5154,1758075354.48505,0.0,0.0,0.0,-22.11617,-6.58902,-6.18794,10.8,1.8,-0.14,2.0
1758075354.52071,1758075354.49505,0.0,0.0,0.0,-26.81443,24.23611,-3.38045,10.8,1.8,-0.14,2.0
1758075354.53985,1758075354.50505,0.0,0.0,0.0,-35.92446,18.62113,-8.65166,11.8,2.33,0.36,2.0
1758075354.5435,1758075354.51505,0.0,0.0,0.0,-42.05511,5.55769,-11.63104,11.8,2.33,0.36,2.0
1758075354.55986,1758075354.52505,0.0,0.0,0.0,-47.72739,-21.02755,-15.69904,8.88,2.92,-0.19,2.0
1758075354.56102,1758075354.53505,0.0,0.0,0.0,-49.50356,-22.05888,-15.58445,9.3,2.46,-0.81,2.0
1758075354.5765,1758075354.54505,0.0,0.0,0.0,-52.02457,-15.69904,-13.34992,9.3,2.46,-0.81,2.0
1758075354.57747,1758075354.55505,0.0,0.0,0.0,-55.51962,-8.36518,-10.71431,10.89,1.97,-0.72,2.0
1758075354.59259,1758075354.56505,0.0,0.0,0.0,-60.16057,-3.09397,-5.90147,10.89,1.97,-0.72,2.0
1758075354.60856,1758075354.57505,0.0,0.0,0.0,-62.28051,-5.90147,-2.6929,10.32,1.6,-0.33,2.0
1758075354.61029,1758075354.58505,0.0,0.0,0.0,-62.91077,-15.06879,-0.22918,10.32,1.6,-0.33,2.0
1758075354.62558,1758075354.59505,0.0,0.0,0.0,-61.65026,-31.51268,0.40107,8.97,1.12,1.24,2.0
1758075354.62725,1758075354.60505,0.0,0.0,0.0,-57.41038,-59.35843,-4.69825,9.84,-0.08,2.88,2.0
1758075354.6446,1758075354.61505,0.0,0.0,0.0,-53.39967,-71.16136,-11.57375,9.84,-0.08,2.88,2.0
1758075354.66037,1758075354.62505,0.0,0.0,0.0,-48.01387,-76.94823,-20.34,13.93,-1.95,3.34,2.0
1758075354.66153,1758075354.63505,0.0,0.0,0.0,-41.94051,-77.4639,-28.24682,13.93,-1.95,3.34,2.0
1758075354.67659,1758075354.64505,0.0,0.0,0.0,-32.54401,-79.35466,-34.77854,14.98,-2.56,2.47,2.0
1758075354.68068,1758075354.65505,0.0,0.0,0.0,-28.01764,-85.48531,-34.37747,14.98,-2.56,2.47,2.0
1758075354.69658,1758075354.66505,0.0,0.0,0.0,-27.04361,-92.01703,-31.11161,10.86,-1.36,1.52,2.0
1758075354.70072,1758075354.67505,0.0,0.0,0.0,-28.76248,-95.22559,-27.1582,10.86,-1.36,1.52,2.0
1758075354.71656,1758075354.68505,0.0,0.0,0.0,-37.12767,-92.07432,-23.83505,8.35,0.19,1.98,2.0
1758075354.71826,1758075354.69505,0.0,0.0,0.0,-44.63341,-87.0323,-22.28806,8.34,1.14,2.47,2.0
1758075354.73411,1758075354.70505,0.0,0.0,0.0,-52.54023,-80.61517,-20.05352,8.34,1.14,2.47,2.0
1758075354.75065,1758075354.71505,0.0,0.0,0.0,-64.40046,-68.29657,-16.3293,8.69,1.56,1.74,2.0
1758075354.75515,1758075354.72505,0.0,0.0,0.0,-71.27596,-58.55629,-12.89155,8.69,1.56,1.74,2.0
1758075354.77062,1758075354.73505,0.0,0.0,0.0,-76.43258,-46.86795,-9.33921,9.76,1.17,0.72,2.0
1758075354.77513,1758075354.74505,0.0,0.0,0.0,-79.35466,-32.88778,-5.4431,9.76,1.17,0.72,2.0
1758075354.79035,1758075354.75505,0.0,0.0,0.0,-79.06818,-8.93814,0.34377,11.1,-0.08,-0.26,2.0
1758075354.79234,1758075354.76505,0.0,0.0,0.0,-76.31798,6.24524,3.49504,11.52,-1.4,-0.85,2.0
1758075354.80963,1758075354.77505,0.0,0.0,0.0,-72.19269,19.76705,5.78687,11.52,-1.4,-0.85,2.0
1758075354.81963,1758075354.78505,0.0,0.0,0.0,-67.55173,30.53865,7.62034,10.5,-2.04,-0.59,2.0
1758075354.81999,1758075354.79505,0.0,0.0,0.0,-60.90542,42.1124,8.0787,10.5,-2.04,-0.59,2.0
1758075354.83861,1758075354.80505,0.0,0.0,0.0,-56.32175,46.40959,6.99009,9.18,-2.04,-0.02,2.0
1758075354.8412,1758075354.81505,0.0,0.0,0.0,-52.08187,50.01921,4.81285,9.18,-2.04,-0.02,2.0
1758075354.85669,1758075354.82505,0.0,0.0,0.0,-46.75336,52.48294,2.97938,8.63,-2.0,0.06,2.0
1758075354.85998,1758075354.83505,0.0,0.0,0.0,-38.90384,49.27437,1.14592,8.37,-1.97,-0.23,2.0
1758075354.87567,1758075354.84505,0.0,0.0,0.0,-33.86181,43.54479,0.17189,8.37,-1.97,-0.23,2.0
1758075354.88057,1758075354.85505,0.0,0.0,0.0,-29.22085,39.13302,-0.17189,8.36,-1.7,-0.68,2.0
1758075354.89567,1758075354.86505,0.0,0.0,0.0,-25.49662,35.58068,0.0,8.36,-1.7,-0.68,2.0
1758075354.89741,1758075354.87505,0.0,0.0,0.0,-21.7151,31.85646,0.80214,8.92,-1.13,-0.63,2.0
1758075354.91366,1758075354.88505,0.0,0.0,0.0,-19.53786,28.59059,2.11994,8.92,-1.13,-0.63,2.0
1758075354.93073,1758075354.89505,0.0,0.0,0.0,-17.47521,25.15285,3.89611,9.12,-0.57,-0.36,2.0
1758075354.93242,1758075354.90505,0.0,0.0,0.0,-13.5791,22.51724,7.33386,9.12,-0.57,-0.36,2.0
1758075354.9477,1758075354.91505,0.0,0.0,0.0,-9.28192,19.36597,10.25595,9.52,-0.51,-0.26,2.0
1758075354.95026,1758075354.92505,0.0,0.0,0.0,-4.1253,20.85567,13.00614,10.17,-1.01,-0.44,2.0
1758075354.96564,1758075354.93505,0.0,0.0,0.0,1.08862,24.98096,15.64175,10.17,-1.01,-0.44,2.0
1758075354.96735,1758075354.94505,0.0,0.0,0.0,8.02141,32.54401,16.3293,10.98,-1.7,-0.45,2.0
1758075354.98447,1758075354.95505,0.0,0.0,0.0,12.43318,34.95043,15.58445,10.98,-1.7,-0.45,2.0
1758075355.00076,1758075354.96505,0.0,0.0,0.0,17.13144,34.66395,14.49583,10.58,-2.18,-0.35,2.0
1758075355.00325,1758075354.97505,0.0,0.0,0.0,21.6578,31.79916,13.12073,10.58,-2.18,-0.35,2.0
1758075355.0197,1758075354.98505,0.0,0.0,0.0,28.13223,23.83505,11.00079,9.88,-2.45,-0.56,2.0
1758075355.02062,1758075354.99505,0.0,0.0,0.0,31.91375,12.43318,9.85487,9.12,-2.45,-0.82,2.0
1758075355.03562,1758075355.00505,0.0,0.0,0.0,35.06502,-0.34377,7.50575,9.12,-2.45,-0.82,2.0
1758075355.03856,1758075355.01505,0.0,0.0,0.0,38.44547,-2.97938,5.27121,9.39,-2.23,-1.18,2.0
1758075355.05443,1758075355.02505,0.0,0.0,0.0,45.37826,3.03668,3.66693,9.39,-2.23,-1.18,2.0
1758075355.0708,1758075355.03505,0.0,0.0,0.0,51.50891,12.2613,6.8182,11.07,-2.02,-0.86,2.0
1758075355.07175,1758075355.04505,0.0,0.0,0.0,54.71747,27.10091,5.32851,11.07,-2.02,-0.86,2.0
1758075355.08669,1758075355.05505,0.0,0.0,0.0,57.58226,38.78925,4.58366,12.41,-1.69,-0.56,2.0
1758075355.08887,1758075355.06505,0.0,0.0,0.0,61.93674,-13.5218,0.85944,7.67,-1.39,-0.94,2.0
1758075355.10377,1758075355.07505,0.0,0.0,0.0,68.52576,-60.27517,3.38045,7.67,-1.39,-0.94,2.0
1758075355.12081,1758075355.08505,0.0,0.0,0.0,72.30728,-80.1568,12.204,8.25,-1.84,-2.95,2.0
1758075355.12251,1758075355.09505,0.0,0.0,0.0,74.65641,-78.15145,19.42327,8.25,-1.84,-2.95,2.0
1758075355.13832,1758075355.10505,0.0,0.0,0.0,79.35466,-66.5204,22.97561,12.15,-1.98,-1.69,2.0
1758075355.1395,1758075355.11505,0.0,0.0,0.0,80.90164,-67.09336,22.28806,12.15,-1.98,-1.69,2.0
1758075355.15457,1758075355.12505,0.0,0.0,0.0,79.75573,-68.98412,20.34,10.38,-1.41,-0.95,2.0
1758075355.17082,1758075355.13505,0.0,0.0,0.0,72.82294,-71.79161,13.17803,10.38,-1.41,-0.95,2.0
1758075355.17205,1758075355.14505,0.0,0.0,0.0,65.37449,-77.57849,9.4538,9.75,-0.58,0.91,2.0
1758075355.18921,1758075355.15505,0.0,0.0,0.0,55.57691,-85.54259,7.39116,10.88,1.68,2.34,2.0
1758075355.19013,1758075355.16505,0.0,0.0,0.0,45.43555,-97.7466,11.00079,10.88,1.68,2.34,2.0
1758075355.20565,1758075355.17505,0.0,0.0,0.0,31.28349,-112.41433,23.31938,13.95,4.49,3.27,2.0
1758075355.20678,1758075355.18505,0.0,0.0,0.0,24.4653,-109.26305,31.74186,13.95,4.49,3.27,2.0
1758075355.22489,1758075355.19505,0.0,0.0,0.0,20.34,-98.54874,35.92446,15.56,3.66,1.73,2.0
1758075355.24318,1758075355.20505,0.0,0.0,0.0,18.85031,-85.37071,36.55471,15.56,3.66,1.73,2.0
1758075355.2449,1758075355.21505,0.0,0.0,0.0,21.88699,-63.31184,32.6013,11.87,0.28,2.25,2.0
1758075355.26073,1758075355.22505,0.0,0.0,0.0,26.64254,-44.8053,27.61657,8.57,-1.64,1.59,2.0
1758075355.27883,1758075355.23505,0.0,0.0,0.0,33.80451,-25.49662,21.25674,8.57,-1.64,1.59,2.0
1758075355.27901,1758075355.24505,0.0,0.0,0.0,41.65404,-5.90147,13.40721,7.59,-2.57,0.78,2.0
1758075355.27985,1758075355.25505,0.0,0.0,0.0,53.11319,20.05352,1.08862,7.59,-2.57,0.78,2.0
1758075355.29461,1758075355.26505,0.0,0.0,0.0,57.75415,37.92981,-6.24524,8.51,-2.64,0.19,2.0
1758075355.31062,1758075355.27505,0.0,0.0,0.0,59.98868,57.18119,-9.74028,8.51,-2.64,0.19,2.0
1758075355.3134,1758075355.28505,0.0,0.0,0.0,59.47303,75.51585,-11.00079,10.97,-1.53,-0.78,2.0
1758075355.32989,1758075355.29505,0.0,0.0,0.0,55.86338,91.78784,-8.65166,12.06,0.7,-1.52,2.0
1758075355.33083,1758075355.30505,0.0,0.0,0.0,52.65482,96.31421,-5.32851,12.06,0.7,-1.52,2.0
1758075355.3497,1758075355.31505,0.0,0.0,0.0,49.21708,99.46548,-1.20321,12.15,2.35,-0.78,2.0
1758075355.35084,1758075355.32505,0.0,0.0,0.0,44.28964,100.03843,4.35448,12.15,2.35,-0.78,2.0
1758075355.36793,1758075355.33505,0.0,0.0,0.0,41.42485,94.25156,7.33386,10.24,2.02,-0.22,2.0
1758075355.36908,1758075355.34505,0.0,0.0,0.0,38.27358,87.71984,9.22462,10.24,2.02,-0.22,2.0
1758075355.38365,1758075355.35505,0.0,0.0,0.0,34.60666,79.18277,10.02676,8.12,1.19,0.5,2.0
1758075355.39965,1758075355.36505,0.0,0.0,0.0,26.98631,65.66096,9.28192,8.12,1.19,0.5,2.0
1758075355.40087,1758075355.37505,0.0,0.0,0.0,20.11082,55.97798,7.04738,7.13,0.88,0.62,2.0
1758075355.41889,1758075355.38505,0.0,0.0,0.0,12.2613,46.00851,3.03668,7.38,1.05,0.65,2.0
1758075355.41999,1758075355.39505,0.0,0.0,0.0,3.38045,34.43476,-3.03668,7.38,1.05,0.65,2.0
1758075355.43905,1758075355.40505,0.0,0.0,0.0,-11.17268,17.76169,-16.3293,8.1,1.46,0.37,2.0
1758075355.44084,1758075355.41505,0.0,0.0,0.0,-19.99623,5.21392,-23.60586,8.1,1.46,0.37,2.0
1758075355.45907,1758075355.42505,0.0,0.0,0.0,-30.65324,6.18794,-34.89313,8.91,2.02,-0.23,2.0
1758075355.46029,1758075355.43505,0.0,0.0,0.0,-38.56006,7.79223,-41.88322,8.91,2.02,-0.23,2.0
1758075355.47651,1758075355.44505,0.0,0.0,0.0,-48.35764,11.74564,-49.79003,9.98,2.31,0.05,2.0
1758075355.48004,1758075355.45505,0.0,0.0,0.0,-53.05589,12.08941,-51.27972,10.07,1.93,0.08,2.0
1758075355.4973,1758075355.46505,0.0,0.0,0.0,-56.03527,10.31324,-50.2484,10.07,1.93,0.08,2.0
1758075355.50034,1758075355.47505,0.0,0.0,0.0,-57.46767,6.35983,-46.81066,9.64,1.07,-0.22,2.0
1758075355.51675,1758075355.48505,0.0,0.0,0.0,-56.952,-1.3751,-38.44547,9.64,1.07,-0.22,2.0
1758075355.51774,1758075355.49505,0.0,0.0,0.0,-55.00395,-9.85487,-31.16891,9.19,0.11,-0.8,2.0
1758075355.53292,1758075355.50505,0.0,0.0,0.0,-53.28508,-20.3973,-23.72045,9.19,0.11,-0.8,2.0
1758075355.54971,1758075355.51505,0.0,0.0,0.0,-51.50891,-32.71589,-12.204,8.85,-0.2,-1.59,2.0
1758075355.55171,1758075355.52505,0.0,0.0,0.0,-49.04519,-18.56383,-7.50575,11.09,0.71,-1.89,2.0
1758075355.56699,1758075355.53505,0.0,0.0,0.0,-50.363,18.16276,-2.34913,11.09,0.71,-1.89,2.0
1758075355.56873,1758075355.54505,0.0,0.0,0.0,-52.08187,15.58445,-1.08862,12.71,1.47,-0.66,2.0
1758075355.58566,1758075355.55505,0.0,0.0,0.0,-59.64491,-20.74107,-7.62034,12.71,1.47,-0.66,2.0
1758075355.61447,1758075355.56505,0.0,0.0,0.0,-62.62429,-30.88243,-11.97482,9.18,2.48,-2.09,2.0
1758075355.61506,1758075355.57505,0.0,0.0,0.0,-66.40582,-29.10626,-15.35527,9.18,2.48,-2.09,2.0
1758075355.61628,1758075355.58505,0.0,0.0,0.0,-70.87489,-18.33465,-16.61578,11.91,2.54,-2.35,2.0
1758075355.61848,1758075355.59505,0.0,0.0,0.0,-76.54716,-5.72958,-14.61043,11.85,2.54,-1.83,2.0
1758075355.63486,1758075355.60505,0.0,0.0,0.0,-79.41196,-1.14592,-11.51645,11.85,1.84,-1.83,2.0
1758075355.65399,1758075355.61505,0.0,0.0,0.0,-81.18813,0.17189,-7.39116,10.5,1.22,-1.36,2.0
1758075355.65518,1758075355.62505,0.0,0.0,0.0,-81.30271,-5.27121,-2.97938,10.5,1.22,-1.36,2.0
1758075355.67108,1758075355.63505,0.0,0.0,0.0,-76.94823,-30.76784,1.77617,8.39,0.74,0.62,2.0
1758075355.67436,1758075355.64505,0.0,0.0,0.0,-70.87489,-55.7488,1.71887,8.39,0.74,0.62,2.0
1758075355.68996,1758075355.65505,0.0,0.0,0.0,-62.91077,-81.36001,-2.63561,9.2,-0.68,3.17,2.0
1758075355.69131,1758075355.66505,0.0,0.0,0.0,-53.39967,-100.78329,-11.22997,9.2,-0.68,3.17,2.0
1758075355.70577,1758075355.67505,0.0,0.0,0.0,-38.90384,-108.5755,-26.18417,13.98,-2.68,4.01,2.0
1758075355.70776,1758075355.68505,0.0,0.0,0.0,-32.08564,-109.14847,-33.46074,15.79,-3.61,2.28,2.0
1758075355.72509,1758075355.69505,0.0,0.0,0.0,-29.27814,-109.03387,-35.98175,15.79,-3.61,2.28,2.0
1758075355.74113,1758075355.70505,0.0,0.0,0.0,-31.2262,-108.6901,-36.6693,10.97,-1.95,1.94,2.0
1758075355.74236,1758075355.71505,0.0,0.0,0.0,-39.99245,-93.6786,-32.54401,10.97,-1.95,1.94,2.0
1758075355.75704,1758075355.72505,0.0,0.0,0.0,-48.64412,-79.18277,-28.30412,8.41,-0.1,1.6,2.0
1758075355.75805,1758075355.73505,0.0,0.0,0.0,-56.26446,-62.5097,-21.88699,8.41,-0.1,1.6,2.0
1758075355.77292,1758075355.74505,0.0,0.0,0.0,-63.48372,-36.7266,-10.19865,7.86,1.28,0.61,2.0
1758075355.78886,1758075355.75505,0.0,0.0,0.0,-65.2026,-22.68913,-1.94806,8.06,1.64,0.16,2.0
1758075355.78999,1758075355.76505,0.0,0.0,0.0,-64.22858,-7.79223,4.69825,8.06,1.64,0.16,2.0
1758075355.80483,1758075355.77505,0.0,0.0,0.0,-60.79083,7.39116,9.11003,9.75,0.39,-0.22,2.0
1758075355.82087,1758075355.78505,0.0,0.0,0.0,-51.85268,33.34615,10.71431,9.75,0.39,-0.22,2.0
1758075355.82279,1758075355.79505,0.0,0.0,0.0,-43.60209,49.50356,9.91217,11.82,-2.07,-1.12,2.0
1758075355.83793,1758075355.80505,0.0,0.0,0.0,-34.49206,60.33246,8.59437,11.82,-2.07,-1.12,2.0
1758075355.83903,1758075355.81505,0.0,0.0,0.0,-26.12688,63.42643,6.70361,11.54,-3.83,-1.61,2.0
1758075355.85489,1758075355.82505,0.0,0.0,0.0,-17.24603,62.28051,3.38045,9.74,-3.54,-1.32,2.0
1758075355.87083,1758075355.83505,0.0,0.0,0.0,-13.5791,61.30648,1.3178,9.74,-3.54,-1.32,2.0
1758075355.87234,1758075355.84505,0.0,0.0,0.0,-11.00079,61.07731,1.03132,8.51,-2.21,-1.11,2.0
1758075355.88712,1758075355.85505,0.0,0.0,0.0,-8.36518,63.65561,2.11994,8.51,-2.21,-1.11,2.0
1758075355.88831,1758075355.86505,0.0,0.0,0.0,-4.1253,68.98412,7.39116,8.75,-0.98,-1.11,2.0
1758075355.90318,1758075355.87505,0.0,0.0,0.0,-1.08862,70.41652,11.63104,8.75,-0.98,-1.11,2.0
1758075355.91913,1758075355.88505,0.0,0.0,0.0,2.00535,69.78626,16.21471,9.17,-0.32,-0.96,2.0
1758075355.9201,1758075355.89505,0.0,0.0,0.0,5.21392,67.60902,20.45459,9.17,-0.32,-0.96,2.0
1758075355.93513,1758075355.90505,0.0,0.0,0.0,10.8289,61.76485,26.06958,9.78,-0.24,-0.55,2.0
1758075355.93963,1758075355.91505,0.0,0.0,0.0,15.87093,55.92068,29.39274,9.86,-0.67,-0.38,2.0
1758075355.95518,1758075355.92505,0.0,0.0,0.0,21.08485,49.79003,31.97105,9.86,-0.67,-0.38,2.0
1758075355.97171,1758075355.93505,0.0,0.0,0.0,29.27814,42.62806,34.66395,9.58,-1.42,-0.25,2.0
1758075355.97294,1758075355.94505,0.0,0.0,0.0,35.52338,31.16891,35.06502,9.58,-1.42,-0.25,2.0
1758075355.98909,1758075355.95505,0.0,0.0,0.0,42.05511,24.00693,34.66395,9.12,-2.15,-0.04,2.0
1758075355.99026,1758075355.96505,0.0,0.0,0.0,48.12846,19.25138,33.00237,9.12,-2.15,-0.04,2.0
1758075356.0052,1758075355.97505,0.0,0.0,0.0,55.97798,13.46451,28.64789,8.97,-2.47,-0.38,2.0
1758075356.02281,1758075355.98505,0.0,0.0,0.0,60.38975,7.16197,24.86637,8.49,-2.24,-0.76,2.0
1758075356.02376,1758075355.99505,0.0,0.0,0.0,64.11398,-0.0573,20.45459,8.49,-2.24,-0.76,2.0
1758075356.03925,1758075356.00505,0.0,0.0,0.0,67.55173,-3.03668,15.24068,8.42,-1.72,-1.34,2.0
1758075356.04016,1758075356.01505,0.0,0.0,0.0,73.51049,0.68755,8.70896,8.42,-1.72,-1.34,2.0
1758075356.05496,1758075356.02505,0.0,0.0,0.0,77.29202,3.72423,4.64096,9.68,-1.25,-1.26,2.0
1758075356.07099,1758075356.03505,0.0,0.0,0.0,82.62051,12.08941,4.69825,9.68,-1.25,-1.26,2.0
1758075356.07461,1758075356.04505,0.0,0.0,0.0,85.77179,23.37668,3.83882,11.05,-1.17,-1.4,2.0
1758075356.09035,1758075356.05505,0.0,0.0,0.0,87.37608,30.30947,-2.57831,10.9,-0.97,-0.81,2.0
1758075356.09117,1758075356.06505,0.0,0.0,0.0,92.36081,1.60428,-3.03668,10.9,-0.97,-0.81,2.0
1758075356.10698,1758075356.07505,0.0,0.0,0.0,95.34019,-38.61736,-4.58366,6.82,-0.98,-2.44,2.0
1758075356.10911,1758075356.08505,0.0,0.0,0.0,98.20497,-68.69764,4.64096,6.82,-0.98,-2.44,2.0
1758075356.12408,1758075356.09505,0.0,0.0,0.0,98.94981,-70.41652,15.06879,10.7,-1.93,-2.47,2.0
1758075356.14027,1758075356.10505,0.0,0.0,0.0,99.58006,-61.02001,19.99623,10.7,-1.93,-2.47,2.0
1758075356.14123,1758075356.11505,0.0,0.0,0.0,99.06441,-59.53032,22.74642,12.61,-1.77,-2.0,2.0
1758075356.15682,1758075356.12505,0.0,0.0,0.0,96.82987,-61.93674,22.97561,12.61,-1.77,-2.0,2.0
1758075356.1597,1758075356.13505,0.0,0.0,0.0,88.86576,-64.85883,18.62113,10.7,-0.86,-1.0,2.0
1758075356.17532,1758075356.14505,0.0,0.0,0.0,80.55787,-67.66632,14.09476,10.1,0.33,0.56,2.0
1758075356.19111,1758075356.15505,0.0,0.0,0.0,69.67168,-73.3959,9.62569,10.1,0.33,0.56,2.0
1758075356.19493,1758075356.16505,0.0,0.0,0.0,49.90463,-86.45934,8.42248,11.83,3.4,2.51,2.0
1758075356.21036,1758075356.17505,0.0,0.0,0.0,36.61201,-102.15839,13.06344,11.83,3.4,2.51,2.0
1758075356.2116,1758075356.18505,0.0,0.0,0.0,26.18417,-112.92998,22.00158,14.85,6.45,3.1,2.0
1758075356.22713,1758075356.19505,0.0,0.0,0.0,18.90761,-109.43494,28.36141,14.85,6.45,3.1,2.0
1758075356.22913,1758075356.20505,0.0,0.0,0.0,13.46451,-90.92841,29.50733,15.77,3.66,1.42,2.0
1758075356.24425,1758075356.21505,0.0,0.0,0.0,13.5218,-77.06283,27.04361,11.51,-0.53,2.28,2.0
1758075356.26009,1758075356.22505,0.0,0.0,0.0,15.58445,-63.13995,22.86102,11.51,-0.53,2.28,2.0
1758075356.26127,1758075356.23505,0.0,0.0,0.0,20.34,-46.63877,17.18874,8.0,-2.41,1.76,2.0
1758075356.27714,1758075356.24505,0.0,0.0,0.0,31.2262,-16.38659,6.58902,8.0,-2.41,1.76,2.0
1758075356.27807,1758075356.25505,0.0,0.0,0.0,39.82057,1.3178,-0.0573,7.13,-3.2,0.67,2.0
1758075356.29337,1758075356.26505,0.0,0.0,0.0,46.46688,17.99088,-7.39116,7.13,-3.2,0.67,2.0
1758075356.30932,1758075356.27505,0.0,0.0,0.0,51.6235,35.63798,-12.2613,8.02,-3.09,0.33,2.0
1758075356.31058,1758075356.28505,0.0,0.0,0.0,55.51962,64.17127,-15.46986,10.69,-1.61,-0.56,2.0
1758075356.3254,1758075356.29505,0.0,0.0,0.0,55.34772,84.28209,-13.40721,10.69,-1.61,-0.56,2.0
1758075356.34134,1758075356.30505,0.0,0.0,0.0,53.17049,100.6114,-10.48513,12.72,1.12,-1.71,2.0
1758075356.3423,1758075356.31505,0.0,0.0,0.0,49.04519,108.86199,-5.84417,12.72,1.12,-1.71,2.0
1758075356.35742,1758075356.32505,0.0,0.0,0.0,41.13837,108.97658,1.20321,12.06,3.1,-1.22,2.0
1758075356.35942,1758075356.33505,0.0,0.0,0.0,35.86716,105.19505,4.46907,12.06,3.1,-1.22,2.0
1758075356.37409,1758075356.34505,0.0,0.0,0.0,30.76784,99.40818,6.35983,9.93,2.49,-0.36,2.0
1758075356.39046,1758075356.35505,0.0,0.0,0.0,23.54857,91.73055,8.76626,9.93,2.49,-0.36,2.0
1758075356.3913,1758075356.36505,0.0,0.0,0.0,17.58981,81.01624,8.65166,8.12,1.4,0.47,2.0
1758075356.40613,1758075356.37505,0.0,0.0,0.0,9.96947,75.28666,6.58902,7.78,1.26,1.0,2.0
1758075356.4075,1758075356.38505,0.0,0.0,0.0,0.51566,68.12468,2.29183,7.78,1.26,1.0,2.0
1758075356.42343,1758075356.39505,0.0,0.0,0.0,-14.32395,51.16513,-7.62034,7.71,1.71,0.64,2.0
1758075356.43944,1758075356.40505,0.0,0.0,0.0,-24.63719,39.70598,-14.72501,7.71,1.71,0.64,2.0
1758075356.44066,1758075356.41505,0.0,0.0,0.0,-35.40879,35.40879,-26.06958,8.35,2.15,0.34,2.0
1758075356.45546,1758075356.42505,0.0,0.0,0.0,-44.11775,31.56997,-35.75257,8.35,2.15,0.34,2.0
1758075356.47145,1758075356.43505,0.0,0.0,0.0,-55.40502,17.81899,-48.01387,9.07,2.37,0.26,2.0
1758075356.47242,1758075356.44505,0.0,0.0,0.0,-60.38975,4.35448,-52.36834,8.56,1.88,-0.04,2.0
1758075356.48722,1758075356.45505,0.0,0.0,0.0,-62.22322,-3.49504,-53.91533,8.56,1.88,-0.04,2.0
1758075356.48838,1758075356.46505,0.0,0.0,0.0,-63.25455,-5.15662,-52.13916,9.46,0.86,-0.47,2.0
1758075356.50329,1758075356.47505,0.0,0.0,0.0,-63.19725,10.08406,-43.02913,9.46,0.86,-0.47,2.0
1758075356.51943,1758075356.48505,0.0,0.0,0.0,-62.33781,32.42941,-38.78925,11.86,0.01,-0.29,2.0
1758075356.52043,1758075356.49505,0.0,0.0,0.0,-63.54102,48.35764,-33.51803,11.86,0.01,-0.29,2.0
1758075356.53534,1758075356.50505,0.0,0.0,0.0,-63.19725,62.56699,-25.61122,12.42,-0.29,-0.88,2.0
1758075356.55127,1758075356.51505,0.0,0.0,0.0,-64.17127,25.15285,-17.13144,8.33,0.77,-1.13,2.0
1758075356.55403,1758075356.52505,0.0,0.0,0.0,-65.66096,-1.03132,-12.43318,8.33,0.77,-1.13,2.0
1758075356.56939,1758075356.53505,0.0,0.0,0.0,-66.00475,-12.204,-8.93814,8.87,1.71,-2.93,2.0
1758075356.57039,1758075356.54505,0.0,0.0,0.0,-66.74959,-15.06879,-3.09397,8.87,1.71,-2.93,2.0
1758075356.58526,1758075356.55505,0.0,0.0,0.0,-69.61437,-7.62034,-1.14592,11.12,1.73,-2.12,2.0
1758075356.60156,1758075356.56505,0.0,0.0,0.0,-71.90621,-3.95341,0.0573,11.12,1.73,-2.12,2.0
1758075356.60315,1758075356.57505,0.0,0.0,0.0,-73.73967,-4.29718,0.17189,11.75,1.22,-0.97,2.0
1758075356.62008,1758075356.58505,0.0,0.0,0.0,-74.88559,-7.62034,-1.14592,11.75,1.22,-0.97,2.0
1758075356.62351,1758075356.59505,0.0,0.0,0.0,-75.28666,-10.31324,-2.23454,11.38,0.77,-1.01,2.0
1758075356.63856,1758075356.60505,0.0,0.0,0.0,-76.20339,-12.83425,-2.6929,10.51,0.38,-1.24,2.0
1758075356.64264,1758075356.61505,0.0,0.0,0.0,-77.12012,-15.64175,-2.06265,10.51,0.38,-1.24,2.0
1758075356.68668,1758075356.62505,0.0,0.0,0.0,-76.77635,-21.60051,0.74485,9.03,0.0,-0.5,2.0
1758075356.68758,1758075356.63505,0.0,0.0,0.0,-73.51049,-32.54401,2.23454,9.03,0.0,-0.5,2.0
1758075356.68817,1758075356.64505,0.0,0.0,0.0,-67.55173,-53.51426,1.48969,7.68,-0.84,1.26,2.0
1758075356.68936,1758075356.65505,0.0,0.0,0.0,-59.87409,-82.96429,-3.09397,7.68,-0.84,1.26,2.0
1758075356.69042,1758075356.66505,0.0,0.0,0.0,-48.35764,-121.00869,-16.272,7.51,-1.64,2.85,2.0
1758075356.70932,1758075356.67505,0.0,0.0,0.0,-39.3622,-132.58244,-24.98096,10.56,-1.77,3.82,2.0
1758075356.71083,1758075356.68505,0.0,0.0,0.0,-30.82513,-139.62982,-33.68992,10.56,-1.77,3.82,2.0
1758075356.72657,1758075356.69505,0.0,0.0,0.0,-24.23611,-143.52594,-42.97184,12.42,-2.11,4.36,2.0
1758075356.7278,1758075356.70505,0.0,0.0,0.0,-18.33465,-140.37466,-54.60288,12.42,-2.11,4.36,2.0
1758075356.74349,1758075356.71505,0.0,0.0,0.0,-21.6578,-128.45715,-61.30648,11.63,-1.96,2.75,2.0
1758075356.75935,1758075356.72505,0.0,0.0,0.0,-25.26744,-108.80469,-63.02536,11.63,-1.96,2.75,2.0
1758075356.76078,1758075356.73505,0.0,0.0,0.0,-31.16891,-92.53268,-61.76485,10.97,-1.25,1.12,2.0
1758075356.77536,1758075356.74505,0.0,0.0,0.0,-36.26823,-65.14531,-47.67009,10.75,-0.13,0.19,2.0
1758075356.77813,1758075356.75505,0.0,0.0,0.0,-37.47144,-45.60744,-33.74722,10.75,-0.13,0.19,2.0
1758075356.79456,1758075356.76505,0.0,0.0,0.0,-36.21093,-23.49127,-19.13679,11.9,0.28,-0.31,2.0
1758075356.81034,1758075356.77505,0.0,0.0,0.0,-29.62192,-2.7502,0.45837,11.9,0.28,-0.31,2.0
1758075356.81306,1758075356.78505,0.0,0.0,0.0,-23.0329,25.43933,9.62569,12.04,-0.23,-0.77,2.0
1758075356.82961,1758075356.79505,0.0,0.0,0.0,-16.21471,44.63341,15.06879,12.04,-0.23,-0.77,2.0
1758075356.83052,1758075356.80505,0.0,0.0,0.0,-8.93814,61.36378,18.10547,12.19,-1.48,-1.64,2.0
1758075356.84558,1758075356.81505,0.0,0.0,0.0,0.17189,69.49979,17.93358,12.19,-1.48,-1.64,2.0
1758075356.84732,1758075356.82505,0.0,0.0,0.0,4.69825,70.24463,14.83961,10.45,-2.28,-1.83,2.0
1758075356.86366,1758075356.83505,0.0,0.0,0.0,9.22462,71.73432,10.94349,8.95,-2.29,-1.35,2.0
1758075356.88136,1758075356.84505,0.0,0.0,0.0,13.5791,74.771,8.30789,8.95,-2.29,-1.35,2.0
1758075356.88206,1758075356.85505,0.0,0.0,0.0,20.74107,79.69843,5.95876,8.71,-2.09,-1.34,2.0
1758075356.90013,1758075356.86505,0.0,0.0,0.0,26.18417,81.36001,6.13065,8.71,-2.09,-1.34,2.0
1758075356.90274,1758075356.87505,0.0,0.0,0.0,30.30947,94.02238,4.98473,8.74,-1.93,-1.38,2.0
1758075356.91767,1758075356.88505,0.0,0.0,0.0,36.03905,89.20953,5.72958,8.74,-1.93,-1.38,2.0
1758075356.91868,1758075356.89505,0.0,0.0,0.0,46.75336,81.76109,11.57375,8.25,-1.66,-0.13,2.0
1758075356.93348,1758075356.90505,0.0,0.0,0.0,50.76406,81.64648,13.86558,9.32,-1.47,-1.05,2.0
1758075356.95078,1758075356.91505,0.0,0.0,0.0,57.23849,70.87489,18.85031,9.32,-1.47,-1.05,2.0
1758075356.95116,1758075356.92505,0.0,0.0,0.0,65.2026,54.66018,28.30412,8.85,-1.19,-0.34,2.0
1758075356.96673,1758075356.93505,0.0,0.0,0.0,70.76029,54.66018,36.38282,8.85,-1.19,-0.34,2.0
1758075356.96791,1758075356.94505,0.0,0.0,0.0,73.2813,50.13381,39.82057,10.47,-1.18,-0.35,2.0
1758075356.98242,1758075356.95505,0.0,0.0,0.0,74.36993,35.69527,41.25296,10.47,-1.18,-0.35,2.0
1758075357.00039,1758075356.96505,0.0,0.0,0.0,74.36993,24.4653,38.90384,8.19,-0.87,-0.63,2.0
1758075357.00117,1758075356.97505,0.0,0.0,0.0,72.65105,27.2155,35.12231,9.29,-0.45,-0.85,2.0
1758075357.02017,1758075356.98505,0.0,0.0,0.0,71.73432,34.60666,30.48136,9.29,-0.45,-0.85,2.0
1758075357.02106,1758075356.99505,0.0,0.0,0.0,71.04677,34.37747,25.8404,9.65,-0.01,-0.67,2.0
1758075357.03674,1758075357.00505,0.0,0.0,0.0,71.10406,27.50197,19.13679,9.65,-0.01,-0.67,2.0
1758075357.03886,1758075357.01505,0.0,0.0,0.0,70.6457,23.94964,15.29797,9.2,0.02,-0.68,2.0
1758075357.0535,1758075357.02505,0.0,0.0,0.0,68.23928,25.09555,10.65701,9.2,0.02,-0.68,2.0
1758075357.06955,1758075357.03505,0.0,0.0,0.0,65.14531,27.50197,4.81285,10.14,-0.01,-0.5,2.0
1758075357.07077,1758075357.04505,0.0,0.0,0.0,65.77556,-1.14592,-1.43239,10.14,-0.01,-0.43,2.0
1758075357.08554,1758075357.05505,0.0,0.0,0.0,66.00475,-35.2942,-6.53172,8.41,-0.15,-0.43,2.0
1758075357.08706,1758075357.06505,0.0,0.0,0.0,67.03606,-70.87489,1.43239,7.31,-0.89,-2.38,2.0
1758075357.10479,1758075357.07505,0.0,0.0,0.0,67.55173,-79.12547,8.70896,7.31,-0.89,-2.38,2.0
1758075357.10576,1758075357.08505,0.0,0.0,0.0,67.60902,-72.99483,15.58445,11.73,-1.88,-1.14,2.0
1758075357.12217,1758075357.09505,0.0,0.0,0.0,68.41116,-72.99483,19.99623,11.73,-1.88,-1.14,2.0
1758075357.13778,1758075357.10505,0.0,0.0,0.0,66.635,-79.12547,21.25674,11.36,-2.03,-1.02,2.0
1758075357.13904,1758075357.11505,0.0,0.0,0.0,62.16592,-85.08423,21.6578,11.36,-2.03,-1.02,2.0
1758075357.15436,1758075357.12505,0.0,0.0,0.0,49.90463,-91.15759,20.34,10.74,-1.43,0.8,2.0
1758075357.15555,1758075357.13505,0.0,0.0,0.0,39.24761,-96.88716,20.22541,12.5,1.09,2.03,2.0
1758075357.17109,1758075357.14505,0.0,0.0,0.0,27.73116,-104.90858,23.20479,12.5,1.09,2.03,2.0
1758075357.18655,1758075357.15505,0.0,0.0,0.0,16.61578,-109.54953,28.476,15.83,5.15,2.34,2.0
1758075357.18776,1758075357.16505,0.0,0.0,0.0,3.26586,-108.23174,37.01308,15.83,5.15,2.34,2.0
1758075357.20463,1758075357.17505,0.0,0.0,0.0,-2.00535,-106.0545,39.13302,16.21,4.82,0.62,2.0
1758075357.20554,1758075357.18505,0.0,0.0,0.0,-4.1253,-101.58542,37.35685,16.21,4.82,0.62,2.0
1758075357.22458,1758075357.19505,0.0,0.0,0.0,-2.11994,-86.51663,29.04896,10.96,0.53,1.0,2.0
1758075357.23985,1758075357.20505,0.0,0.0,0.0,2.6929,-72.82294,21.42862,8.38,-1.6,1.91,2.0
1758075357.24074,1758075357.21505,0.0,0.0,0.0,10.19865,-57.29578,13.46451,8.38,-1.6,1.91,2.0
1758075357.2567,1758075357.22505,0.0,0.0,0.0,18.79302,-39.3622,5.4431,7.27,-2.41,1.63,2.0
1758075357.25991,1758075357.23505,0.0,0.0,0.0,32.77319,-9.96947,-4.1253,7.27,-2.41,1.63,2.0
1758075357.27665,1758075357.24505,0.0,0.0,0.0,40.62271,8.99544,-7.79223,7.31,-2.97,0.51,2.0
1758075357.28103,1758075357.25505,0.0,0.0,0.0,46.63877,26.69983,-9.4538,7.31,-2.97,0.51,2.0
1758075357.29669,1758075357.26505,0.0,0.0,0.0,49.79003,46.2377,-10.08406,9.28,-2.47,-0.1,2.0
1758075357.3008,1758075357.27505,0.0,0.0,0.0,49.56085,78.89629,-8.25059,12.31,-0.49,-1.45,2.0
1758075357.31644,1758075357.28505,0.0,0.0,0.0,46.52417,93.7359,-5.50039,12.31,-0.49,-1.45,2.0
1758075357.3176,1758075357.29505,0.0,0.0,0.0,41.65404,99.75195,-2.06265,12.54,2.01,-1.84,2.0
1758075357.33285,1758075357.30505,0.0,0.0,0.0,36.26823,101.8719,1.71887,12.54,2.01,-1.84,2.0
1758075357.3489,1758075357.31505,0.0,0.0,0.0,28.41871,103.93455,5.21392,11.5,2.66,-1.02,2.0
1758075357.34983,1758075357.32505,0.0,0.0,0.0,23.49127,102.04379,6.18794,11.5,2.66,-1.02,2.0
1758075357.36481,1758075357.33505,0.0,0.0,0.0,18.50654,97.9185,6.24524,9.43,1.78,-0.28,2.0
1758075357.36695,1758075357.34505,0.0,0.0,0.0,13.00614,93.96508,5.27121,9.43,1.78,-0.28,2.0
1758075357.38294,1758075357.35505,0.0,0.0,0.0,2.46372,86.63122,1.20321,8.1,1.48,0.33,2.0
1758075357.39948,1758075357.36505,0.0,0.0,0.0,-6.41713,80.0995,-3.32316,7.68,1.94,0.35,2.0
1758075357.40065,1758075357.37505,0.0,0.0,0.0,-15.75634,70.6457,-9.74028,7.68,1.94,0.35,2.0
1758075357.41677,1758075357.38505,0.0,0.0,0.0,-24.92367,58.72818,-19.99623,7.88,2.38,0.13,2.0
1758075357.42011,1758075357.39505,0.0,0.0,0.0,-39.82057,51.45161,-28.36141,7.88,2.38,0.13,2.0
1758075357.43674,1758075357.40505,0.0,0.0,0.0,-48.07116,47.38361,-36.89849,8.85,2.55,0.24,2.0
1758075357.43771,1758075357.41505,0.0,0.0,0.0,-54.71747,35.3515,-44.23235,8.85,2.55,0.24,2.0
1758075357.45296,1758075357.42505,0.0,0.0,0.0,-60.67623,7.33386,-49.67545,8.54,2.26,-0.1,2.0
1758075357.46996,1758075357.43505,0.0,0.0,0.0,-61.76485,-7.21927,-50.64947,8.07,1.39,-0.38,2.0
1758075357.47176,1758075357.44505,0.0,0.0,0.0,-64.74423,-7.50575,-47.61279,8.07,1.39,-0.38,2.0
1758075357.48706,1758075357.45505,0.0,0.0,0.0,-67.55173,15.92823,-45.60744,12.03,0.71,-0.45,2.0
1758075357.48819,1758075357.46505,0.0,0.0,0.0,-69.90086,51.39432,-38.73195,12.03,0.71,-0.45,2.0
1758075357.50298,1758075357.47505,0.0,0.0,0.0,-72.30728,69.78626,-34.72124,13.48,0.25,-0.28,2.0
1758075357.51979,1758075357.48505,0.0,0.0,0.0,-71.90621,59.64491,-27.2155,13.48,0.25,-0.28,2.0
1758075357.52108,1758075357.49505,0.0,0.0,0.0,-72.99483,26.52795,-23.31938,9.23,0.61,-0.4,2.0
1758075357.53607,1758075357.50505,0.0,0.0,0.0,-71.39055,-3.20856,-15.75634,8.02,1.14,-2.4,2.0
1758075357.5393,1758075357.51505,0.0,0.0,0.0,-70.53111,-9.74028,-10.94349,8.02,1.14,-2.4,2.0
1758075357.55478,1758075357.52505,0.0,0.0,0.0,-70.41652,-8.93814,-7.62034,10.14,1.2,-1.97,2.0
1758075357.55706,1758075357.53505,0.0,0.0,0.0,-70.18733,-7.21927,-4.64096,10.14,1.2,-1.97,2.0
1758075357.57306,1758075357.54505,0.0,0.0,0.0,-69.61437,-8.93814,-3.03668,11.0,0.83,-0.79,2.0
1758075357.58994,1758075357.55505,0.0,0.0,0.0,-68.75494,-11.00079,-3.26586,11.0,0.83,-0.79,2.0
1758075357.59098,1758075357.56505,0.0,0.0,0.0,-67.09336,-12.83425,-4.1253,11.36,0.46,-0.6,2.0
1758075357.60591,1758075357.57505,0.0,0.0,0.0,-65.66096,-13.40721,-4.98473,11.36,0.46,-0.6,2.0
1758075357.60779,1758075357.58505,0.0,0.0,0.0,-63.88479,-11.80293,-4.92744,11.23,0.05,-0.77,2.0
1758075357.62465,1758075357.59505,0.0,0.0,0.0,-63.59832,-11.28727,-3.89611,10.24,-0.32,-1.02,2.0
1758075357.64012,1758075357.60505,0.0,0.0,0.0,-63.54102,-12.43318,-1.3751,10.24,-0.32,-1.02,2.0
1758075357.64126,1758075357.61505,0.0,0.0,0.0,-61.65026,-20.22541,3.49504,8.27,-0.82,-0.29,2.0
1758075357.6562,1758075357.62505,0.0,0.0,0.0,-57.0093,-32.71589,6.24524,8.27,-0.82,-0.29,2.0
1758075357.6586,1758075357.63505,0.0,0.0,0.0,-49.84733,-55.6915,5.90147,6.99,-1.85,1.85,2.0
1758075357.674,1758075357.64505,0.0,0.0,0.0,-41.59674,-86.05827,0.68755,6.99,-1.85,1.85,2.0
1758075357.68998,1758075357.65505,0.0,0.0,0.0,-29.22085,-114.01861,-15.0115,8.25,-2.77,3.49,2.0
1758075357.69142,1758075357.66505,0.0,0.0,0.0,-20.62648,-119.63358,-26.01229,13.09,-2.27,3.78,2.0
1758075357.70595,1758075357.67505,0.0,0.0,0.0,-14.15206,-124.84751,-36.55471,13.09,-2.27,3.78,2.0
1758075357.70779,1758075357.68505,0.0,0.0,0.0,-12.08941,-126.68098,-46.06581,12.99,-0.95,3.75,2.0
1758075357.72406,1758075357.69505,0.0,0.0,0.0,-16.73037,-118.48768,-54.431,12.99,-0.95,3.75,2.0
1758075357.74007,1758075357.70505,0.0,0.0,0.0,-23.72045,-107.65877,-56.89471,11.28,0.64,2.79,2.0
1758075357.74126,1758075357.71505,0.0,0.0,0.0,-33.40344,-95.22559,-54.66018,11.28,0.64,2.79,2.0
1758075357.75613,1758075357.72505,0.0,0.0,0.0,-43.31561,-82.7924,-48.24305,10.69,1.99,1.77,2.0
1758075357.75888,1758075357.73505,0.0,0.0,0.0,-55.34772,-60.90542,-29.50733,11.09,2.58,-0.05,2.0
1758075357.77395,1758075357.74505,0.0,0.0,0.0,-59.87409,-42.1124,-14.83961,11.09,2.58,-0.05,2.0
1758075357.78989,1758075357.75505,0.0,0.0,0.0,-60.67623,-23.66316,-0.85944,11.91,1.81,-0.62,2.0
1758075357.79158,1758075357.76505,0.0,0.0,0.0,-58.15522,-6.58902,10.19865,11.91,1.81,-0.62,2.0
1758075357.80585,1758075357.77505,0.0,0.0,0.0,-50.87865,18.56383,20.45459,11.59,-0.06,-0.57,2.0
1758075357.80738,1758075357.78505,0.0,0.0,0.0,-44.46153,35.52338,23.0902,11.59,-0.06,-0.57,2.0
1758075357.82191,1758075357.79505,0.0,0.0,0.0,-37.12767,51.16513,22.57454,11.5,-2.35,-0.82,2.0
1758075357.83792,1758075357.80505,0.0,0.0,0.0,-24.57989,63.65561,19.76705,11.5,-2.35,-0.82,2.0
1758075357.8399,1758075357.81505,0.0,0.0,0.0,-16.95955,71.27596,15.92823,10.43,-3.78,-1.04,2.0
1758075357.85517,1758075357.82505,0.0,0.0,0.0,-9.33921,69.04142,11.63104,7.7,-3.7,-0.98,2.0
1758075357.85636,1758075357.83505,0.0,0.0,0.0,-2.46372,64.91612,7.84952,7.7,-3.7,-0.98,2.0
1758075357.87216,1758075357.84505,0.0,0.0,0.0,8.25059,65.89015,3.49504,6.95,-2.99,-0.92,2.0
1758075357.88822,1758075357.85505,0.0,0.0,0.0,15.58445,69.84356,2.92208,6.95,-2.99,-0.92,2.0
1758075357.88937,1758075357.86505,0.0,0.0,0.0,23.20479,72.88023,4.29718,8.02,-2.22,-0.94,2.0
1758075357.90419,1758075357.87505,0.0,0.0,0.0,31.16891,74.54182,7.39116,8.02,-2.22,-0.94,2.0
1758075357.92019,1758075357.88505,0.0,0.0,0.0,43.02913,73.51049,14.9542,8.82,-1.56,-0.73,2.0
1758075357.92113,1758075357.89505,0.0,0.0,0.0,50.1911,70.01544,22.00158,9.57,-1.31,-0.78,2.0
1758075357.93705,1758075357.90505,0.0,0.0,0.0,55.57691,66.97877,28.07493,9.57,-1.31,-0.78,2.0
1758075357.93793,1758075357.91505,0.0,0.0,0.0,59.75951,63.31184,34.14828,10.24,-1.3,-0.55,2.0
1758075357.95295,1758075357.92505,0.0,0.0,0.0,62.39511,51.90998,40.7373,10.24,-1.3,-0.55,2.0
1758075357.96898,1758075357.93505,0.0,0.0,0.0,62.56699,36.7266,42.68536,9.64,-1.16,-0.41,2.0
1758075357.97018,1758075357.94505,0.0,0.0,0.0,60.96271,23.0329,42.1124,9.64,-1.16,-0.41,2.0
1758075357.98521,1758075357.95505,0.0,0.0,0.0,58.84277,23.20479,39.01843,9.05,-0.75,-1.0,2.0
1758075357.98645,1758075357.96505,0.0,0.0,0.0,55.40502,37.52874,32.37212,10.9,-0.18,-0.98,2.0
1758075358.003,1758075357.97505,0.0,0.0,0.0,53.80074,38.27358,26.69983,10.9,-0.18,-0.98,2.0
1758075358.01984,1758075357.98505,0.0,0.0,0.0,53.97263,33.46074,22.34536,9.36,0.0,-0.91,2.0
1758075358.02287,1758075357.99505,0.0,0.0,0.0,53.97263,26.01229,17.93358,9.36,0.0,-0.91,2.0
1758075358.03915,1758075358.00505,0.0,0.0,0.0,52.36834,20.74107,10.02676,8.97,-0.28,-1.12,2.0
1758075358.04029,1758075358.01505,0.0,0.0,0.0,51.5662,23.83505,5.50039,8.97,-0.28,-1.12,2.0
1758075358.05528,1758075358.02505,0.0,0.0,0.0,51.39432,17.58981,-1.43239,9.79,-0.45,-1.13,2.0
1758075358.05648,1758075358.03505,0.0,0.0,0.0,55.23313,-25.8404,-5.72958,9.79,-0.45,-1.13,2.0
1758075358.07203,1758075358.04505,0.0,0.0,0.0,58.55629,-66.97877,0.22918,6.91,-0.91,-1.25,2.0
1758075358.08825,1758075358.05505,0.0,0.0,0.0,60.27517,-83.93832,7.16197,8.91,-1.92,-2.38,2.0
1758075358.0892,1758075358.06505,0.0,0.0,0.0,62.91077,-85.6572,13.75099,8.91,-1.92,-2.38,2.0
1758075358.10432,1758075358.07505,0.0,0.0,0.0,65.37449,-82.96429,19.48057,11.72,-2.29,-1.02,2.0
1758075358.12013,1758075358.08505,0.0,0.0,0.0,65.43179,-87.43336,20.11082,11.72,-2.29,-1.02,2.0
1758075358.12125,1758075358.09505,0.0,0.0,0.0,63.8275,-92.07432,19.48057,10.29,-1.74,-0.84,2.0
1758075358.13605,1758075358.10505,0.0,0.0,0.0,59.53032,-93.62132,16.61578,10.29,-1.74,-0.84,2.0
1758075358.13727,1758075358.11505,0.0,0.0,0.0,48.9306,-93.39213,9.74028,9.92,-0.72,-0.11,2.0
1758075358.15228,1758075358.12505,0.0,0.0,0.0,39.53409,-96.77258,6.35983,10.68,1.33,1.19,2.0
1758075358.16807,1758075358.13505,0.0,0.0,0.0,28.70519,-105.30964,6.24524,10.68,1.33,1.19,2.0
1758075358.16941,1758075358.14505,0.0,0.0,0.0,17.87628,-114.82076,11.00079,12.95,4.0,1.94,2.0
1758075358.18436,1758075358.15505,0.0,0.0,0.0,5.4431,-122.55568,25.72581,12.95,4.0,1.94,2.0
1758075358.20033,1758075358.16505,0.0,0.0,0.0,0.11459,-121.06599,36.03905,15.78,4.39,1.95,2.0
1758075358.20131,1758075358.17505,0.0,0.0,0.0,-3.20856,-114.1905,42.1124,15.78,4.39,1.95,2.0
1758075358.21698,1758075358.18505,0.0,0.0,0.0,-3.38045,-101.9865,44.11775,14.62,1.74,1.69,2.0
1758075358.21977,1758075358.19505,0.0,0.0,0.0,1.66158,-79.75573,39.76327,10.73,-0.89,2.14,2.0
1758075358.23545,1758075358.20505,0.0,0.0,0.0,7.44845,-61.42108,32.88778,10.73,-0.89,2.14,2.0
1758075358.24063,1758075358.21505,0.0,0.0,0.0,15.46986,-37.75792,24.35071,8.83,-2.07,1.05,2.0
1758075358.26009,1758075358.22505,0.0,0.0,0.0,28.87707,-11.97482,8.88085,8.83,-2.07,1.05,2.0
1758075358.26285,1758075358.23505,0.0,0.0,0.0,36.7266,21.88699,-2.06265,8.1,-2.75,0.0,2.0
1758075358.27814,1758075358.24505,0.0,0.0,0.0,44.40423,39.99245,-10.25595,8.1,-2.75,0.0,2.0
1758075358.27934,1758075358.25505,0.0,0.0,0.0,49.50356,59.41573,-16.38659,9.17,-2.81,-0.44,2.0
1758075358.29498,1758075358.26505,0.0,0.0,0.0,53.45696,90.92841,-20.05352,9.17,-2.81,-0.44,2.0
1758075358.2965,1758075358.27505,0.0,0.0,0.0,54.3737,102.90323,-18.10547,12.27,-1.63,-1.49,2.0
1758075358.31436,1758075358.28505,0.0,0.0,0.0,53.45696,108.28902,-14.32395,13.0,0.6,-1.91,2.0
1758075358.33039,1758075358.29505,0.0,0.0,0.0,51.50891,110.17979,-8.88085,13.0,0.6,-1.91,2.0
1758075358.33142,1758075358.30505,0.0,0.0,0.0,48.24305,110.46626,-1.77617,12.55,1.86,-1.29,2.0
1758075358.34622,1758075358.31505,0.0,0.0,0.0,45.77933,106.91393,1.77617,12.55,1.86,-1.29,2.0
1758075358.34901,1758075358.32505,0.0,0.0,0.0,41.76862,101.81461,2.92208,9.93,1.46,-0.55,2.0
1758075358.36451,1758075358.33505,0.0,0.0,0.0,36.89849,96.31421,2.46372,9.93,1.46,-0.55,2.0
1758075358.38049,1758075358.34505,0.0,0.0,0.0,25.55392,86.74582,-1.20321,8.02,1.27,0.34,2.0
1758075358.38144,1758075358.35505,0.0,0.0,0.0,15.64175,77.63579,-5.90147,7.07,1.82,0.51,2.0
1758075358.39651,1758075358.36505,0.0,0.0,0.0,4.64096,65.14531,-12.37589,7.07,1.82,0.51,2.0
1758075358.39747,1758075358.37505,0.0,0.0,0.0,-6.53172,50.3057,-17.76169,6.9,2.52,0.41,2.0
1758075358.41251,1758075358.38505,0.0,0.0,0.0,-25.15285,38.1017,-30.76784,6.9,2.52,0.41,2.0
1758075358.42997,1758075358.39505,0.0,0.0,0.0,-36.61201,30.93972,-38.27358,7.72,3.0,0.45,2.0
1758075358.43105,1758075358.40505,0.0,0.0,0.0,-46.75336,23.26209,-44.63341,7.72,3.0,0.45,2.0
1758075358.4463,1758075358.41505,0.0,0.0,0.0,-54.77477,12.83425,-49.27437,8.06,3.01,0.2,2.0
1758075358.44774,1758075358.42505,0.0,0.0,0.0,-61.30648,-5.09932,-50.93595,7.67,2.12,-0.18,2.0
1758075358.46223,1758075358.43505,0.0,0.0,0.0,-61.53567,-8.76626,-49.79003,7.67,2.12,-0.18,2.0
1758075358.47859,1758075358.44505,0.0,0.0,0.0,-61.36378,-6.7609,-46.40959,9.1,0.45,-1.24,2.0
1758075358.47979,1758075358.45505,0.0,0.0,0.0,-61.70755,11.57375,-37.01308,9.1,0.45,-1.24,2.0
1758075358.49453,1758075358.46505,0.0,0.0,0.0,-61.70755,37.64333,-33.40344,11.96,-0.3,-1.27,2.0
1758075358.51049,1758075358.47505,0.0,0.0,0.0,-62.96807,68.23928,-26.47065,11.96,-0.3,-1.27,2.0
1758075358.51477,1758075358.48505,0.0,0.0,0.0,-63.77021,57.75415,-21.48592,13.63,0.04,-1.81,2.0
1758075358.53032,1758075358.49505,0.0,0.0,0.0,-67.15066,6.47442,-17.99088,13.63,0.04,-1.65,2.0
1758075358.53385,1758075358.50505,0.0,0.0,0.0,-66.97877,-8.36518,-16.04282,7.7,1.23,-1.65,2.0
1758075358.54972,1758075358.51505,0.0,0.0,0.0,-66.34852,-12.08941,-13.06344,10.78,1.65,-2.95,2.0
1758075358.55052,1758075358.52505,0.0,0.0,0.0,-66.29122,-10.08406,-10.08406,10.78,1.65,-2.95,2.0
1758075358.56559,1758075358.53505,0.0,0.0,0.0,-67.89551,-6.24524,-7.16197,11.52,1.34,-1.36,2.0
1758075358.56738,1758075358.54505,0.0,0.0,0.0,-68.92683,-6.53172,-6.53172,11.52,1.34,-1.36,2.0
1758075358.58328,1758075358.55505,0.0,0.0,0.0,-69.38519,-9.96947,-6.53172,11.04,1.07,-0.47,2.0
1758075358.59943,1758075358.56505,0.0,0.0,0.0,-69.15601,-15.0115,-7.04738,11.04,1.07,-0.47,2.0
1758075358.60094,1758075358.57505,0.0,0.0,0.0,-69.84356,-21.42862,-7.04738,10.05,0.88,-0.6,2.0
1758075358.61533,1758075358.58505,0.0,0.0,0.0,-70.58841,-26.06958,-5.84417,8.69,0.51,-1.3,2.0
1758075358.62054,1758075358.59505,0.0,0.0,0.0,-71.73432,-31.62727,-4.0107,8.69,0.51,-1.3,2.0
1758075358.63762,1758075358.60505,0.0,0.0,0.0,-71.56243,-40.04975,-1.66158,6.8,0.0,-0.43,2.0
1758075358.63854,1758075358.61505,0.0,0.0,0.0,-66.34852,-63.42643,-0.0573,6.8,0.0,-0.43,2.0
1758075358.65523,1758075358.62505,0.0,0.0,0.0,-60.50434,-90.92841,-3.49504,5.84,-0.88,2.02,2.0
1758075358.66044,1758075358.63505,0.0,0.0,0.0,-54.3164,-121.18058,-12.60507,5.84,-0.88,2.02,2.0
1758075358.67961,1758075358.64505,0.0,0.0,0.0,-45.55015,-137.85365,-33.86181,8.51,-1.96,4.37,2.0
1758075358.68054,1758075358.65505,0.0,0.0,0.0,-41.02378,-134.24402,-47.49821,15.56,-2.67,4.19,2.0
1758075358.69564,1758075358.66505,0.0,0.0,0.0,-38.61736,-131.72299,-59.98868,15.56,-2.67,4.19,2.0
1758075358.6974,1758075358.67505,0.0,0.0,0.0,-39.13302,-126.73827,-67.89551,14.82,-2.22,3.21,2.0
1758075358.71339,1758075358.68505,0.0,0.0,0.0,-47.15443,-110.23709,-72.88023,14.82,-2.22,3.21,2.0
1758075358.72963,1758075358.69505,0.0,0.0,0.0,-54.48829,-92.3035,-68.75494,12.54,-0.39,1.17,2.0
1758075358.73064,1758075358.70505,0.0,0.0,0.0,-62.16592,-74.771,-59.24384,12.54,-0.39,1.17,2.0
1758075358.7457,1758075358.71505,0.0,0.0,0.0,-67.15066,-56.49364,-42.91454,11.83,1.14,0.02,2.0
1758075358.74902,1758075358.72505,0.0,0.0,0.0,-69.84356,-27.38738,-15.64175,12.0,1.71,-0.72,2.0
1758075358.76445,1758075358.73505,0.0,0.0,0.0,-67.32255,-9.11003,1.83346,12.0,1.71,-0.72,2.0
1758075358.7807,1758075358.74505,0.0,0.0,0.0,-62.16592,9.22462,16.38659,12.24,1.19,-1.16,2.0
1758075358.78169,1758075358.75505,0.0,0.0,0.0,-55.6342,27.33009,26.75713,12.24,1.19,-1.16,2.0
1758075358.79668,1758075358.76505,0.0,0.0,0.0,-46.46688,52.19646,34.26288,11.93,-0.25,-0.94,2.0
1758075358.79773,1758075358.77505,0.0,0.0,0.0,-40.62271,64.91612,34.89313,11.93,-0.25,-0.94,2.0
1758075358.81249,1758075358.78505,0.0,0.0,0.0,-35.2942,75.17207,32.77319,10.83,-1.82,-0.65,2.0
1758075358.82976,1758075358.79505,0.0,0.0,0.0,-29.96569,77.23472,28.64789,10.83,-1.82,-0.65,2.0
1758075358.83068,1758075358.80505,0.0,0.0,0.0,-22.68913,70.93218,18.90761,8.67,-2.74,-0.37,2.0
1758075358.84554,1758075358.81505,0.0,0.0,0.0,-17.76169,64.45775,12.08941,6.89,-3.0,-0.52,2.0
1758075358.84717,1758075358.82505,0.0,0.0,0.0,-12.204,60.50434,5.50039,6.89,-3.0,-0.52,2.0
1758075358.86479,1758075358.83505,0.0,0.0,0.0,-6.35983,60.27517,-2.00535,7.19,-2.69,-0.73,2.0
1758075358.8808,1758075358.84505,0.0,0.0,0.0,4.35448,65.89015,-4.0107,7.19,-2.69,-0.73,2.0
1758075358.88176,1758075358.85505,0.0,0.0,0.0,11.45916,63.8275,-4.87014,7.94,-1.97,-0.85,2.0
1758075358.89682,1758075358.86505,0.0,0.0,0.0,19.76705,62.16592,-2.97938,7.94,-1.97,-0.85,2.0
1758075358.89775,1758075358.87505,0.0,0.0,0.0,32.77319,58.67088,4.18259,8.36,-1.54,-0.72,2.0
1758075358.91364,1758075358.88505,0.0,0.0,0.0,40.96649,55.92068,10.54242,9.67,-1.51,-0.9,2.0
1758075358.92984,1758075358.89505,0.0,0.0,0.0,47.44091,52.76942,17.30333,9.67,-1.51,-0.9,2.0
1758075358.93073,1758075358.90505,0.0,0.0,0.0,52.19646,48.75871,23.66316,10.43,-1.55,-0.72,2.0
1758075358.94579,1758075358.91505,0.0,0.0,0.0,56.49364,40.7373,31.56997,10.43,-1.55,-0.72,2.0
1758075358.94753,1758075358.92505,0.0,0.0,0.0,57.52497,33.11696,35.2942,10.35,-1.52,-0.79,2.0
1758075358.96283,1758075358.93505,0.0,0.0,0.0,56.37905,28.476,35.75257,10.35,-1.52,-0.79,2.0
1758075358.97855,1758075358.94505,0.0,0.0,0.0,53.97263,29.50733,34.14828,10.08,-1.17,-1.51,2.0
1758075358.97977,1758075358.95505,0.0,0.0,0.0,50.3057,35.63798,29.50733,10.57,-0.54,-1.44,2.0
1758075358.99447,1758075358.96505,0.0,0.0,0.0,49.56085,36.6693,26.75713,10.57,-0.54,-1.44,2.0
1758075359.01158,1758075358.97505,0.0,0.0,0.0,49.56085,35.58068,21.60051,9.92,-0.3,-1.21,2.0
1758075359.01336,1758075358.98505,0.0,0.0,0.0,50.64947,37.01308,20.68378,9.92,-0.3,-1.21,2.0
1758075359.02886,1758075358.99505,0.0,0.0,0.0,49.67545,37.92981,13.80828,10.15,-0.67,-0.98,2.0
1758075359.02977,1758075359.00505,0.0,0.0,0.0,49.21708,41.42485,12.08941,10.15,-0.67,-0.98,2.0
1758075359.04459,1758075359.01505,0.0,0.0,0.0,52.02457,23.31938,6.47442,10.14,-1.03,-0.31,2.0
1758075359.06091,1758075359.02505,0.0,0.0,0.0,55.7488,-15.06879,4.64096,10.14,-1.03,-0.31,2.0
1758075359.06183,1758075359.03505,0.0,0.0,0.0,61.99404,-72.36457,13.5791,6.08,-1.71,-1.72,2.0
1758075359.0769,1758075359.04505,0.0,0.0,0.0,66.11933,-75.28666,19.36597,10.17,-3.0,-1.82,2.0
1758075359.07782,1758075359.05505,0.0,0.0,0.0,70.13004,-70.24463,23.26209,10.17,-3.0,-1.82,2.0
1758075359.09362,1758075359.06505,0.0,0.0,0.0,74.42722,-70.58841,24.80907,11.17,-3.24,-1.79,2.0
1758075359.10987,1758075359.07505,0.0,0.0,0.0,75.28666,-74.36993,23.89234,11.17,-3.24,-1.79,2.0
1758075359.11082,1758075359.08505,0.0,0.0,0.0,74.14074,-77.12012,21.7151,9.87,-2.67,-1.05,2.0
1758075359.12591,1758075359.09505,0.0,0.0,0.0,70.41652,-81.30271,18.9649,9.87,-2.67,-1.05,2.0
1758075359.12686,1758075359.10505,0.0,0.0,0.0,58.67088,-93.7359,16.04282,9.56,-1.47,-0.07,2.0
1758075359.14288,1758075359.11505,0.0,0.0,0.0,48.07116,-107.315,18.73572,11.42,1.84,3.4,2.0
1758075359.15883,1758075359.12505,0.0,0.0,0.0,37.01308,-121.81084,25.49662,11.42,1.84,3.4,2.0
1758075359.15985,1758075359.13505,0.0,0.0,0.0,27.38738,-130.34792,37.47144,15.94,6.37,2.39,2.0
1758075359.17466,1758075359.14505,0.0,0.0,0.0,15.87093,-128.68633,51.85268,15.94,6.37,2.39,2.0
1758075359.17936,1758075359.15505,0.0,0.0,0.0,11.97482,-126.05071,54.3164,15.53,5.16,0.33,2.0
1758075359.19469,1758075359.16505,0.0,0.0,0.0,10.94349,-120.95139,51.79538,15.53,5.16,0.33,2.0
1758075359.21068,1758075359.17505,0.0,0.0,0.0,12.204,-110.52357,45.89392,9.54,0.33,1.24,2.0
1758075359.21424,1758075359.18505,0.0,0.0,0.0,18.9649,-87.26147,33.00237,7.93,-1.44,2.06,2.0
1758075359.22969,1758075359.19505,0.0,0.0,0.0,25.49662,-67.37984,21.7151,7.93,-1.44,2.06,2.0
1758075359.23356,1758075359.20505,0.0,0.0,0.0,33.11696,-45.89392,10.25595,8.13,-1.94,1.48,2.0
1758075359.24898,1758075359.21505,0.0,0.0,0.0,41.71133,-26.12688,0.34377,8.13,-1.94,1.48,2.0
1758075359.24993,1758075359.22505,0.0,0.0,0.0,52.82671,3.32316,-9.68299,8.79,-2.3,-0.11,2.0
1758075359.26469,1758075359.23505,0.0,0.0,0.0,56.78012,25.43933,-13.34992,8.79,-2.3,-0.11,2.0
1758075359.26678,1758075359.24505,0.0,0.0,0.0,57.86874,49.56085,-14.20935,12.32,-1.42,-1.64,2.0
1758075359.28448,1758075359.25505,0.0,0.0,0.0,55.92068,73.73967,-12.204,12.32,-1.42,-1.64,2.0
1758075359.29987,1758075359.26505,0.0,0.0,0.0,50.01921,91.84514,-9.85487,14.71,0.8,-3.03,2.0
1758075359.30283,1758075359.27505,0.0,0.0,0.0,46.1231,94.42345,-6.8182,12.24,2.01,-2.39,2.0
1758075359.31957,1758075359.28505,0.0,0.0,0.0,42.1124,97.86119,-4.46907,12.24,2.01,-2.39,2.0
1758075359.32052,1758075359.29505,0.0,0.0,0.0,36.95578,102.96053,-1.71887,10.69,1.68,-1.49,2.0
1758075359.33791,1758075359.30505,0.0,0.0,0.0,33.17426,102.33027,-0.68755,10.69,1.68,-1.49,2.0
1758075359.34051,1758075359.31505,0.0,0.0,0.0,28.36141,99.58006,-0.40107,8.73,1.31,-0.64,2.0
1758075359.35906,1758075359.32505,0.0,0.0,0.0,21.94428,96.31421,-1.14592,8.73,1.31,-0.64,2.0
1758075359.35994,1758075359.33505,0.0,0.0,0.0,9.91217,89.55331,-4.23989,7.83,1.55,-0.03,2.0
1758075359.37507,1758075359.34505,0.0,0.0,0.0,0.17189,81.07353,-8.0787,7.42,2.04,0.11,2.0
1758075359.3808,1758075359.35505,0.0,0.0,0.0,-9.05273,65.77556,-11.74564,7.42,2.04,0.11,2.0
1758075359.39856,1758075359.36505,0.0,0.0,0.0,-21.42862,57.58226,-18.62113,7.68,2.59,0.13,2.0
1758075359.40005,1758075359.37505,0.0,0.0,0.0,-36.89849,46.1804,-28.24682,7.68,2.59,0.13,2.0
1758075359.41476,1758075359.38505,0.0,0.0,0.0,-47.26902,38.73195,-34.60666,8.55,2.87,-0.08,2.0
1758075359.43102,1758075359.39505,0.0,0.0,0.0,-56.83742,30.48136,-39.13302,8.55,2.87,-0.08,2.0
1758075359.43516,1758075359.40505,0.0,0.0,0.0,-62.91077,18.22006,-40.33623,8.63,2.65,-0.25,2.0
1758075359.44092,1758075359.41505,0.0,0.0,0.0,-62.96807,6.70361,-37.24226,8.35,0.93,0.04,2.0
1758075359.46113,1758075359.42505,0.0,0.0,0.0,-61.99404,0.45837,-34.26288,8.35,0.93,0.04,2.0
1758075359.46555,1758075359.43505,0.0,0.0,0.0,-61.02001,-3.32316,-30.25217,8.65,-0.43,-1.39,2.0
1758075359.48432,1758075359.44505,0.0,0.0,0.0,-59.47303,-5.15662,-26.06958,8.65,-0.43,-1.39,2.0
1758075359.48523,1758075359.45505,0.0,0.0,0.0,-59.53032,20.74107,-21.60051,10.25,-0.62,-1.07,2.0
1758075359.50118,1758075359.46505,0.0,0.0,0.0,-59.98868,53.97263,-18.27736,10.25,-0.62,-1.07,2.0
1758075359.50443,1758075359.47505,0.0,0.0,0.0,-58.72818,62.5097,-15.06879,13.3,0.08,-1.51,2.0
1758075359.51987,1758075359.48505,0.0,0.0,0.0,-63.02536,23.0902,-18.22006,13.3,0.08,-1.51,2.0
1758075359.52147,1758075359.49505,0.0,0.0,0.0,-63.99939,5.61499,-19.99623,8.16,0.89,-0.41,2.0
1758075359.53697,1758075359.50505,0.0,0.0,0.0,-63.8275,2.34913,-20.79837,10.09,1.11,-2.17,2.0
1758075359.5379,1758075359.51505,0.0,0.0,0.0,-63.25455,5.55769,-19.19409,10.09,1.11,-2.17,2.0
1758075359.55316,1758075359.52505,0.0,0.0,0.0,-63.8275,22.40265,-16.67307,12.09,0.74,-0.95,2.0
1758075359.56914,1758075359.53505,0.0,0.0,0.0,-64.45775,30.48136,-13.80828,12.09,0.74,-0.95,2.0
1758075359.57035,1758075359.54505,0.0,0.0,0.0,-65.14531,32.88778,-10.59972,12.12,0.25,0.06,2.0
1758075359.58517,1758075359.55505,0.0,0.0,0.0,-65.2599,30.53865,-7.44845,12.12,0.25,0.06,2.0
1758075359.60189,1758075359.56505,0.0,0.0,0.0,-64.80153,26.24147,-2.63561,11.03,-0.07,-0.37,2.0
1758075359.60445,1758075359.57505,0.0,0.0,0.0,-64.62964,23.89234,0.68755,10.43,-0.27,-0.95,2.0
1758075359.62016,1758075359.58505,0.0,0.0,0.0,-64.62964,20.62648,3.72423,10.43,-0.27,-0.95,2.0
1758075359.62135,1758075359.59505,0.0,0.0,0.0,-64.40046,16.3293,6.7609,9.57,-0.4,-1.38,2.0
1758075359.63893,1758075359.60505,0.0,0.0,0.0,-63.88479,7.73493,10.19865,9.57,-0.4,-1.38,2.0
1758075359.64071,1758075359.61505,0.0,0.0,0.0,-62.33781,0.22918,11.11538,9.09,-0.41,-0.4,2.0
1758075359.65522,1758075359.62505,0.0,0.0,0.0,-58.49899,-8.65166,9.68299,9.09,-0.41,-0.4,2.0
1758075359.65777,1758075359.63505,0.0,0.0,0.0,-51.79538,-20.97026,5.27121,10.54,-0.63,2.17,2.0
1758075359.67395,1758075359.64505,0.0,0.0,0.0,-39.4768,-44.86259,-9.22462,13.51,-1.54,3.15,2.0
1758075359.69,1758075359.65505,0.0,0.0,0.0,-31.16891,-51.85268,-21.7151,13.51,-1.54,3.15,2.0
1758075359.69542,1758075359.66505,0.0,0.0,0.0,-22.68913,-51.16513,-31.79916,16.14,-2.03,2.19,2.0
1758075359.70989,1758075359.67505,0.0,0.0,0.0,-12.14671,-52.9986,-37.92981,16.14,-2.03,2.19,2.0
1758075359.71118,1758075359.68505,0.0,0.0,0.0,-7.96411,-68.23928,-36.55471,12.12,-1.26,1.59,2.0
1758075359.72682,1758075359.69505,0.0,0.0,0.0,-6.47442,-81.41731,-33.63263,12.12,-1.26,1.59,2.0
1758075359.72822,1758075359.70505,0.0,0.0,0.0,-6.87549,-88.92306,-28.93437,7.46,0.23,2.23,2.0
1758075359.74294,1758075359.71505,0.0,0.0,0.0,-12.37589,-92.36081,-19.48057,7.46,0.23,2.23,2.0
1758075359.75919,1758075359.72505,0.0,0.0,0.0,-18.85031,-90.58463,-12.89155,6.25,1.16,2.76,2.0
1758075359.76017,1758075359.73505,0.0,0.0,0.0,-26.75713,-85.37071,-6.99009,5.97,1.7,2.98,2.0
1758075359.77522,1758075359.74505,0.0,0.0,0.0,-35.06502,-78.7244,-1.77617,5.97,1.7,2.98,2.0
1758075359.79283,1758075359.75505,0.0,0.0,0.0,-46.1804,-62.39511,3.38045,6.38,1.77,1.68,2.0
1758075359.79458,1758075359.76505,0.0,0.0,0.0,-50.363,-46.2377,6.24524,6.38,1.77,1.68,2.0
1758075359.80998,1758075359.77505,0.0,0.0,0.0,-51.79538,-27.1582,8.30789,8.85,1.1,0.26,2.0
1758075359.81121,1758075359.78505,0.0,0.0,0.0,-50.3057,-7.39116,9.68299,8.85,1.1,0.26,2.0
1758075359.82707,1758075359.79505,0.0,0.0,0.0,-45.14908,21.31403,8.47978,11.72,-0.27,-0.89,2.0
1758075359.8291,1758075359.80505,0.0,0.0,0.0,-40.50812,37.35685,5.50039,12.4,-1.58,-1.52,2.0
1758075359.84431,1758075359.81505,0.0,0.0,0.0,-35.2942,52.02457,1.60428,12.4,-1.58,-1.52,2.0
1758075359.86014,1758075359.82505,0.0,0.0,0.0,-30.25217,65.48907,-2.57831,11.63,-1.84,-1.36,2.0
1758075359.86124,1758075359.83505,0.0,0.0,0.0,-23.89234,78.839,-8.136,11.63,-1.84,-1.36,2.0
1758075359.87704,1758075359.84505,0.0,0.0,0.0,-20.11082,78.89629,-11.80293,9.8,-1.37,-1.02,2.0
1758075359.87801,1758075359.85505,0.0,0.0,0.0,-14.72501,84.1675,-13.98017,9.8,-1.37,-1.02,2.0
1758075359.89395,1758075359.86505,0.0,0.0,0.0,-14.83961,74.54182,-18.9649,8.87,-0.85,-1.15,2.0
1758075359.91003,1758075359.87505,0.0,0.0,0.0,-8.88085,74.02615,-20.62648,9.13,-0.82,-0.99,2.0
1758075359.9112,1758075359.88505,0.0,0.0,0.0,-4.1253,74.7137,-15.92823,9.13,-0.82,-0.99,2.0
1758075359.92601,1758075359.89505,0.0,0.0,0.0,-0.22918,75.63043,-10.94349,10.27,-0.78,-0.95,2.0
1758075359.92723,1758075359.90505,0.0,0.0,0.0,7.62034,74.65641,0.17189,10.27,-0.78,-0.95,2.0
1758075359.9433,1758075359.91505,0.0,0.0,0.0,13.5791,70.53111,8.30789,9.76,-0.85,-0.11,2.0
1758075359.95907,1758075359.92505,0.0,0.0,0.0,19.59516,64.22858,16.38659,9.76,-0.85,-0.11,2.0
1758075359.96079,1758075359.93505,0.0,0.0,0.0,26.69983,58.72818,24.63719,9.2,-1.12,-0.37,2.0
1758075359.97536,1758075359.94505,0.0,0.0,0.0,36.26823,51.90998,35.06502,9.2,-1.12,-0.41,2.0
1758075359.99107,1758075359.95505,0.0,0.0,0.0,42.62806,47.03984,40.16434,9.47,-1.56,-0.41,2.0
1758075359.99307,1758075359.96505,0.0,0.0,0.0,48.70141,41.42485,43.54479,9.23,-2.02,-0.27,2.0
1758075360.00843,1758075359.97505,0.0,0.0,0.0,53.91533,31.79916,45.14908,9.23,-2.02,-0.27,2.0
1758075360.00943,1758075359.98505,0.0,0.0,0.0,59.53032,18.10547,42.62806,8.34,-2.24,-0.77,2.0
1758075360.02437,1758075359.99505,0.0,0.0,0.0,61.76485,18.85031,37.92981,8.34,-2.24,-0.77,2.0
1758075360.04035,1758075360.00505,0.0,0.0,0.0,63.94209,24.29341,33.05967,9.3,-2.09,-0.95,2.0
1758075360.04209,1758075360.01505,0.0,0.0,0.0,67.26525,27.96034,28.70519,9.3,-2.09,-0.95,2.0
1758075360.05899,1758075360.02505,0.0,0.0,0.0,71.16136,27.1582,21.14215,9.76,-1.84,-0.63,2.0
1758075360.0603,1758075360.03505,0.0,0.0,0.0,73.3386,22.68913,18.16276,9.59,-1.75,-0.51,2.0
1758075360.07539,1758075360.04505,0.0,0.0,0.0,73.68237,20.3973,14.32395,9.59,-1.75,-0.51,2.0
1758075360.09139,1758075360.05505,0.0,0.0,0.0,73.3959,25.7831,10.25595,10.69,-1.41,-0.61,2.0
1758075360.09393,1758075360.06505,0.0,0.0,0.0,72.42187,13.98017,3.72423,10.69,-1.41,-0.61,2.0
1758075360.10917,1758075360.07505,0.0,0.0,0.0,72.70835,-22.74642,2.86479,8.83,-1.05,-0.13,2.0
1758075360.11033,1758075360.08505,0.0,0.0,0.0,72.70835,-62.05133,8.42248,8.83,-1.05,-0.13,2.0
1758075360.12548,1758075360.09505,0.0,0.0,0.0,74.88559,-75.85962,19.42327,8.11,-1.26,-2.17,2.0
1758075360.14142,1758075360.10505,0.0,0.0,0.0,75.05748,-70.58841,24.17882,11.8,-1.91,-0.6,2.0
1758075360.14389,1758075360.11505,0.0,0.0,0.0,74.36993,-72.42187,26.52795,11.8,-1.91,-0.6,2.0
1758075360.15943,1758075360.12505,0.0,0.0,0.0,72.42187,-80.78706,27.67386,10.01,-1.78,-0.67,2.0
1758075360.16038,1758075360.13505,0.0,0.0,0.0,64.17127,-100.66869,30.02299,10.01,-1.78,-0.67,2.0
1758075360.17542,1758075360.14505,0.0,0.0,0.0,55.11855,-121.00869,33.9764,9.87,-1.14,3.04,2.0
1758075360.19131,1758075360.15505,0.0,0.0,0.0,44.11775,-138.02554,42.1124,9.87,-1.14,3.04,2.0
1758075360.19188,1758075360.16505,0.0,0.0,0.0,32.42941,-142.60921,51.50891,14.78,3.75,5.02,2.0
1758075360.20722,1758075360.17505,0.0,0.0,0.0,19.19409,-130.74898,57.92604,18.83,3.75,0.8,2.0
1758075360.20922,1758075360.18505,0.0,0.0,0.0,14.32395,-127.08205,55.97798,18.83,7.22,0.8,2.0
1758075360.25482,1758075360.19505,0.0,0.0,0.0,13.46451,-126.91016,50.13381,11.2,2.31,1.19,2.0
1758075360.25577,1758075360.20505,0.0,0.0,0.0,16.272,-126.39449,41.88322,11.2,2.31,1.19,2.0
1758075360.26038,1758075360.21505,0.0,0.0,0.0,28.13223,-112.29974,27.1582,6.94,-0.91,1.96,2.0
1758075360.26434,1758075360.22505,0.0,0.0,0.0,39.4195,-97.05905,15.35527,6.94,-0.91,1.96,2.0
1758075360.26472,1758075360.23505,0.0,0.0,0.0,52.36834,-82.27674,4.35448,7.04,-2.3,2.45,2.0
1758075360.28232,1758075360.24505,0.0,0.0,0.0,64.91612,-67.72362,-4.52637,7.04,-2.3,2.45,2.0
1758075360.28271,1758075360.25505,0.0,0.0,0.0,79.69843,-41.48215,-12.54778,7.38,-3.37,1.42,2.0
1758075360.29927,1758075360.26505,0.0,0.0,0.0,84.91235,-20.05352,-15.75634,10.47,-3.24,-0.23,2.0
1758075360.30077,1758075360.27505,0.0,0.0,0.0,85.42801,6.18794,-17.93358,10.47,-3.24,-0.23,2.0
1758075360.31558,1758075360.28505,0.0,0.0,0.0,82.04756,35.98175,-17.47521,14.87,-0.6,-2.77,2.0
1758075360.32045,1758075360.29505,0.0,0.0,0.0,71.44785,71.10406,-16.10011,14.87,-0.6,-2.77,2.0
1758075360.33559,1758075360.30505,0.0,0.0,0.0,63.8275,82.21945,-13.5791,14.62,2.76,-3.18,2.0
1758075360.33726,1758075360.31505,0.0,0.0,0.0,56.32175,90.18356,-11.51645,14.62,2.76,-3.18,2.0
1758075360.35355,1758075360.32505,0.0,0.0,0.0,47.89928,103.59077,-8.25059,11.09,3.21,-1.42,2.0
1758075360.36961,1758075360.33505,0.0,0.0,0.0,43.60209,111.21111,-5.95876,9.08,2.25,-0.52,2.0
1758075360.37159,1758075360.34505,0.0,0.0,0.0,39.24761,112.7581,-4.1253,9.08,2.25,-0.52,2.0
1758075360.38656,1758075360.35505,0.0,0.0,0.0,35.2369,110.86734,-1.14592,7.38,1.7,-0.08,2.0
1758075360.38747,1758075360.36505,0.0,0.0,0.0,27.84575,106.45556,3.55234,7.38,1.7,-0.08,2.0
1758075360.40255,1758075360.37505,0.0,0.0,0.0,21.42862,104.39291,5.09932,7.3,1.61,-0.05,2.0
1758075360.41853,1758075360.38505,0.0,0.0,0.0,14.15206,100.6114,5.21392,7.3,1.61,-0.05,2.0
1758075360.42035,1758075360.39505,0.0,0.0,0.0,5.95876,93.56402,2.97938,7.95,1.76,0.16,2.0
1758075360.43558,1758075360.40505,0.0,0.0,0.0,-5.55769,74.7137,-1.08862,8.56,1.96,0.39,2.0
1758075360.43733,1758075360.41505,0.0,0.0,0.0,-16.73037,66.00475,-9.74028,8.56,1.96,0.39,2.0
1758075360.45359,1758075360.42505,0.0,0.0,0.0,-25.38203,57.12389,-16.61578,9.57,2.29,0.49,2.0
1758075360.46963,1758075360.43505,0.0,0.0,0.0,-33.9764,50.76406,-24.92367,9.57,2.29,0.49,2.0
1758075360.47078,1758075360.44505,0.0,0.0,0.0,-45.09178,33.46074,-33.86181,10.04,2.41,0.28,2.0
1758075360.48569,1758075360.45505,0.0,0.0,0.0,-50.59217,21.02755,-35.63798,10.04,2.41,0.28,2.0
1758075360.48734,1758075360.46505,0.0,0.0,0.0,-54.431,16.55848,-35.3515,9.89,2.12,-0.22,2.0
1758075360.50361,1758075360.47505,0.0,0.0,0.0,-57.86874,17.93358,-32.20023,9.89,2.12,-0.22,2.0
1758075360.51966,1758075360.48505,0.0,0.0,0.0,-61.42108,22.63183,-25.49662,10.87,1.45,-0.81,2.0
1758075360.5206,1758075360.49505,0.0,0.0,0.0,-62.96807,19.59516,-19.19409,10.47,0.94,-1.02,2.0
1758075360.53568,1758075360.50505,0.0,0.0,0.0,-65.03072,20.34,-13.98017,10.47,0.94,-1.02,2.0
1758075360.5366,1758075360.51505,0.0,0.0,0.0,-67.09336,27.67386,-9.62569,11.1,0.83,-1.63,2.0
1758075360.55199,1758075360.52505,0.0,0.0,0.0,-66.17663,49.33167,-3.32316,11.1,0.83,-1.63,2.0
1758075360.56767,1758075360.53505,0.0,0.0,0.0,-68.58305,17.01685,-4.0107,11.34,0.66,-0.97,2.0
1758075360.56886,1758075360.54505,0.0,0.0,0.0,-69.95815,-14.72501,-3.03668,11.34,0.66,-0.97,2.0
1758075360.58352,1758075360.55505,0.0,0.0,0.0,-69.55708,-36.55471,-5.50039,8.3,0.76,-1.94,2.0
1758075360.59942,1758075360.56505,0.0,0.0,0.0,-69.55708,-38.44547,-6.24524,10.65,0.78,-2.46,2.0
1758075360.60092,1758075360.57505,0.0,0.0,0.0,-70.6457,-35.06502,-5.95876,10.65,0.78,-2.46,2.0
1758075360.6154,1758075360.58505,0.0,0.0,0.0,-72.19269,-30.19488,-5.84417,10.66,0.74,-1.46,2.0
1758075360.6166,1758075360.59505,0.0,0.0,0.0,-74.14074,-30.76784,-4.46907,10.66,0.74,-1.46,2.0
1758075360.632,1758075360.60505,0.0,0.0,0.0,-72.88023,-39.87786,-3.72423,8.98,0.74,0.28,2.0
1758075360.64773,1758075360.61505,0.0,0.0,0.0,-68.52576,-52.48294,-4.69825,8.98,0.74,0.28,2.0
1758075360.64861,1758075360.62505,0.0,0.0,0.0,-61.07731,-70.13004,-8.02141,8.85,-0.01,2.54,2.0
1758075360.66471,1758075360.63505,0.0,0.0,0.0,-47.38361,-98.37686,-19.25138,11.24,-1.71,4.16,2.0
1758075360.66566,1758075360.64505,0.0,0.0,0.0,-36.89849,-107.4296,-26.87172,11.24,-1.71,4.16,2.0
1758075360.68478,1758075360.65505,0.0,0.0,0.0,-26.52795,-112.35703,-33.23156,13.44,-3.04,3.98,2.0
1758075360.6856,1758075360.66505,0.0,0.0,0.0,-18.9649,-114.64886,-38.50277,13.44,-3.04,3.98,2.0
1758075360.70244,1758075360.67505,0.0,0.0,0.0,-15.0115,-116.48232,-44.63341,10.87,-3.1,3.33,2.0
1758075360.71973,1758075360.68505,0.0,0.0,0.0,-16.67307,-109.54953,-48.07116,10.87,-3.1,3.33,2.0
1758075360.72079,1758075360.69505,0.0,0.0,0.0,-20.85567,-96.5434,-49.79003,9.02,-1.67,2.29,2.0
1758075360.73575,1758075360.70505,0.0,0.0,0.0,-26.35606,-84.51128,-46.1804,9.02,-1.67,2.29,2.0
1758075360.737,1758075360.71505,0.0,0.0,0.0,-32.6013,-67.03606,-39.01843,8.67,-0.16,1.42,2.0
1758075360.75289,1758075360.72505,0.0,0.0,0.0,-33.74722,-49.79003,-28.01764,9.91,0.56,0.33,2.0
1758075360.76859,1758075360.73505,0.0,0.0,0.0,-32.48671,-31.56997,-15.35527,9.91,0.56,0.33,2.0
1758075360.76974,1758075360.74505,0.0,0.0,0.0,-26.06958,-10.65701,1.66158,11.08,0.28,-0.2,2.0
1758075360.78476,1758075360.75505,0.0,0.0,0.0,-19.82434,1.60428,9.74028,11.08,0.28,-0.2,2.0
1758075360.78574,1758075360.76505,0.0,0.0,0.0,-12.77696,15.12609,14.49583,11.27,-0.76,-0.11,2.0
1758075360.80206,1758075360.77505,0.0,0.0,0.0,-4.98473,29.50733,16.38659,11.27,-0.76,-0.11,2.0
1758075360.81778,1758075360.78505,0.0,0.0,0.0,6.18794,49.15978,14.32395,11.53,-2.26,-0.39,2.0
1758075360.81947,1758075360.79505,0.0,0.0,0.0,13.34992,59.12925,11.34457,10.46,-3.25,-0.89,2.0
1758075360.83474,1758075360.80505,0.0,0.0,0.0,19.19409,61.76485,7.16197,10.46,-3.25,-0.89,2.0
1758075360.83614,1758075360.81505,0.0,0.0,0.0,23.89234,60.73353,2.40642,7.83,-3.21,-1.28,2.0
1758075360.85208,1758075360.82505,0.0,0.0,0.0,29.96569,57.29578,-3.32316,7.83,-3.21,-1.28,2.0
1758075360.8678,1758075360.83505,0.0,0.0,0.0,33.51803,57.86874,-5.95876,7.22,-2.56,-1.4,2.0
1758075360.86955,1758075360.84505,0.0,0.0,0.0,37.87251,59.98868,-6.24524,7.22,-2.56,-1.4,2.0
1758075360.88481,1758075360.85505,0.0,0.0,0.0,42.34158,62.28051,-4.92744,8.3,-1.72,-1.26,2.0
1758075360.88573,1758075360.86505,0.0,0.0,0.0,49.84733,64.62964,0.68755,9.51,-1.06,-0.78,2.0
1758075360.90181,1758075360.87505,0.0,0.0,0.0,54.88936,64.40046,6.53172,9.51,-1.06,-0.78,2.0
1758075360.91782,1758075360.88505,0.0,0.0,0.0,59.98868,62.22322,12.77696,10.27,-0.69,-0.6,2.0
1758075360.91961,1758075360.89505,0.0,0.0,0.0,64.74423,58.84277,19.48057,10.27,-0.69,-0.6,2.0
1758075360.93459,1758075360.90505,0.0,0.0,0.0,70.01544,53.80074,27.38738,10.58,-0.68,-0.67,2.0
1758075360.9358,1758075360.91505,0.0,0.0,0.0,72.99483,50.47758,31.2262,10.58,-0.68,-0.67,2.0
1758075360.95186,1758075360.92505,0.0,0.0,0.0,74.771,45.14908,33.46074,10.56,-0.9,-0.39,2.0
1758075360.96791,1758075360.93505,0.0,0.0,0.0,75.51585,31.51268,33.63263,10.56,-0.9,-0.39,2.0
1758075360.96882,1758075360.94505,0.0,0.0,0.0,74.65641,25.89769,30.99702,9.57,-1.07,-0.71,2.0
1758075360.98383,1758075360.95505,0.0,0.0,0.0,73.10942,26.75713,26.41335,9.7,-0.89,-1.03,2.0
1758075360.99983,1758075360.96505,0.0,0.0,0.0,72.36457,32.6013,21.25674,9.7,-0.89,-1.03,2.0
1758075361.00186,1758075360.97505,0.0,0.0,0.0,72.19269,38.15899,13.34992,10.07,-0.63,-0.81,2.0
1758075361.0184,1758075360.98505,0.0,0.0,0.0,73.3959,39.87786,8.42248,10.07,-0.63,-0.81,2.0
1758075361.01988,1758075360.99505,0.0,0.0,0.0,74.65641,43.77398,6.53172,9.74,-0.75,-0.99,2.0
1758075361.03461,1758075361.00505,0.0,0.0,0.0,73.51049,49.56085,2.7502,9.74,-0.75,-0.99,2.0
1758075361.03587,1758075361.01505,0.0,0.0,0.0,74.08345,42.34158,-4.23989,10.39,-0.64,-0.77,2.0
1758075361.05271,1758075361.02505,0.0,0.0,0.0,75.85962,9.33921,-4.58366,7.54,-0.65,-1.13,2.0
1758075361.06896,1758075361.03505,0.0,0.0,0.0,77.4639,-36.26823,-1.48969,7.54,-0.65,-1.13,2.0
1758075361.06979,1758075361.04505,0.0,0.0,0.0,80.04221,-61.59297,7.39116,8.05,-1.41,-2.59,2.0
1758075361.08512,1758075361.05505,0.0,0.0,0.0,83.02158,-59.64491,16.50119,8.05,-1.41,-2.59,2.0
1758075361.08697,1758075361.06505,0.0,0.0,0.0,83.02158,-55.6342,19.82434,11.92,-1.87,-1.28,2.0
1758075361.10396,1758075361.07505,0.0,0.0,0.0,82.90699,-57.18119,21.6578,11.92,-1.87,-1.28,2.0
1758075361.11969,1758075361.08505,0.0,0.0,0.0,80.44328,-61.07731,21.08485,10.42,-1.58,-1.28,2.0
1758075361.12163,1758075361.09505,0.0,0.0,0.0,73.45319,-66.46311,17.76169,9.47,-1.02,-0.3,2.0
1758075361.13687,1758075361.10505,0.0,0.0,0.0,66.29122,-72.53646,14.61043,9.47,-1.02,-0.3,2.0
1758075361.13791,1758075361.11505,0.0,0.0,0.0,56.78012,-81.76109,13.12073,9.68,0.69,1.79,2.0
1758075361.153,1758075361.12505,0.0,0.0,0.0,45.60744,-94.36616,16.3293,9.68,0.69,1.79,2.0
1758075361.16897,1758075361.13505,0.0,0.0,0.0,30.13758,-115.96667,23.83505,12.67,4.3,3.5,2.0
1758075361.16988,1758075361.14505,0.0,0.0,0.0,21.42862,-125.13398,33.63263,12.67,4.3,3.5,2.0
1758075361.18497,1758075361.15505,0.0,0.0,0.0,15.06879,-125.42047,41.25296,15.78,6.08,2.83,2.0
1758075361.18708,1758075361.16505,0.0,0.0,0.0,11.17268,-116.48232,41.71133,15.78,6.08,2.83,2.0
1758075361.20302,1758075361.17505,0.0,0.0,0.0,13.17803,-104.45021,37.92981,13.25,2.6,1.48,2.0
1758075361.2201,1758075361.18505,0.0,0.0,0.0,17.93358,-90.69922,31.79916,9.54,-0.72,2.31,2.0
1758075361.22178,1758075361.19505,0.0,0.0,0.0,25.43933,-76.43258,23.66316,9.54,-0.72,2.31,2.0
1758075361.2371,1758075361.20505,0.0,0.0,0.0,38.27358,-46.1804,8.99544,7.88,-2.48,1.53,2.0
1758075361.23882,1758075361.21505,0.0,0.0,0.0,47.26902,-26.69983,-0.40107,7.88,-2.48,1.53,2.0
1758075361.25393,1758075361.22505,0.0,0.0,0.0,54.88936,-10.08406,-8.65166,8.23,-3.47,0.66,2.0
1758075361.26983,1758075361.23505,0.0,0.0,0.0,59.47303,6.53172,-15.46986,8.23,-3.47,0.66,2.0
1758075361.27123,1758075361.24505,0.0,0.0,0.0,61.53567,36.95578,-21.60051,10.65,-3.25,-0.07,2.0
1758075361.2858,1758075361.25505,0.0,0.0,0.0,60.16057,61.42108,-22.00158,14.69,-0.95,-1.77,2.0
1758075361.28725,1758075361.26505,0.0,0.0,0.0,56.32175,82.04756,-21.25674,14.69,-0.95,-1.77,2.0
1758075361.30191,1758075361.27505,0.0,0.0,0.0,52.08187,93.90779,-18.44924,14.74,2.07,-1.9,2.0
1758075361.31887,1758075361.28505,0.0,0.0,0.0,45.03448,101.24165,-13.40721,14.74,2.07,-1.9,2.0
1758075361.31999,1758075361.29505,0.0,0.0,0.0,41.25296,106.57015,-9.62569,11.79,2.79,-0.72,2.0
1758075361.33486,1758075361.30505,0.0,0.0,0.0,38.27358,109.77872,-5.84417,11.79,2.79,-0.72,2.0
1758075361.33601,1758075361.31505,0.0,0.0,0.0,34.66395,109.83601,-3.20856,9.4,1.86,-0.21,2.0
1758075361.35397,1758075361.32505,0.0,0.0,0.0,28.41871,104.85127,1.43239,7.36,1.24,0.23,2.0
1758075361.36992,1758075361.33505,0.0,0.0,0.0,22.86102,99.35089,3.09397,7.36,1.24,0.23,2.0
1758075361.37093,1758075361.34505,0.0,0.0,0.0,15.64175,94.42345,2.97938,6.73,1.23,0.43,2.0
1758075361.38576,1758075361.35505,0.0,0.0,0.0,3.20856,82.50593,-1.48969,6.73,1.23,0.43,2.0
1758075361.38697,1758075361.36505,0.0,0.0,0.0,-4.69825,68.23928,-4.98473,6.85,1.58,0.4,2.0
1758075361.40284,1758075361.37505,0.0,0.0,0.0,-15.46986,59.41573,-11.45916,6.85,1.58,0.4,2.0
1758075361.41903,1758075361.38505,0.0,0.0,0.0,-24.98096,49.33167,-18.85031,7.67,2.2,0.52,2.0
1758075361.42026,1758075361.39505,0.0,0.0,0.0,-38.44547,39.13302,-30.13758,7.67,2.2,0.2,2.0
1758075361.43479,1758075361.40505,0.0,0.0,0.0,-46.52417,32.37212,-36.95578,8.67,2.84,0.2,2.0
1758075361.43627,1758075361.41505,0.0,0.0,0.0,-53.28508,22.68913,-39.76327,9.18,3.07,-0.19,2.0
1758075361.45209,1758075361.42505,0.0,0.0,0.0,-58.67088,15.24068,-40.7373,9.18,3.07,-0.19,2.0
1758075361.46907,1758075361.43505,0.0,0.0,0.0,-63.19725,10.8862,-37.01308,9.53,2.21,-0.64,2.0
1758075361.47029,1758075361.44505,0.0,0.0,0.0,-65.89015,9.62569,-32.6013,9.53,2.21,-0.64,2.0
1758075361.48507,1758075361.45505,0.0,0.0,0.0,-68.41116,3.89611,-27.04361,9.95,1.07,-1.21,2.0
1758075361.48602,1758075361.46505,0.0,0.0,0.0,-70.13004,-5.50039,-19.25138,9.95,1.07,-1.21,2.0
1758075361.50194,1758075361.47505,0.0,0.0,0.0,-72.53646,5.27121,-12.54778,9.67,0.61,-1.75,2.0
1758075361.51891,1758075361.48505,0.0,0.0,0.0,-74.59911,29.27814,-7.62034,12.61,0.34,-1.82,2.0
1758075361.51984,1758075361.49505,0.0,0.0,0.0,-74.02615,21.08485,-3.32316,12.61,0.34,-1.82,2.0
1758075361.53484,1758075361.50505,0.0,0.0,0.0,-77.75038,-14.78231,-3.95341,8.16,0.5,-0.79,2.0
1758075361.53606,1758075361.51505,0.0,0.0,0.0,-77.29202,-52.71212,-7.73493,8.16,0.5,-0.79,2.0
1758075361.55215,1758075361.52505,0.0,0.0,0.0,-75.97421,-59.35843,-9.96947,9.34,0.66,-3.16,2.0
1758075361.56816,1758075361.53505,0.0,0.0,0.0,-75.68773,-54.431,-10.65701,9.34,0.66,-3.16,2.0
1758075361.5694,1758075361.54505,0.0,0.0,0.0,-77.17742,-46.46688,-10.25595,11.06,0.58,-2.14,2.0
1758075361.58417,1758075361.55505,0.0,0.0,0.0,-78.66711,-40.45082,-8.25059,9.97,0.43,-1.15,2.0
1758075361.60018,1758075361.56505,0.0,0.0,0.0,-79.64114,-39.13302,-4.64096,9.97,0.43,-1.15,2.0
1758075361.60138,1758075361.57505,0.0,0.0,0.0,-77.86497,-41.94051,-0.45837,8.21,0.13,0.62,2.0
1758075361.61702,1758075361.58505,0.0,0.0,0.0,-69.21331,-62.91077,1.20321,8.21,0.13,0.62,2.0
1758075361.61875,1758075361.59505,0.0,0.0,0.0,-59.81679,-90.29816,-3.09397,7.36,-0.91,3.46,2.0
1758075361.63389,1758075361.60505,0.0,0.0,0.0,-49.84733,-119.40441,-13.34992,7.36,-0.91,3.46,2.0
1758075361.64993,1758075361.61505,0.0,0.0,0.0,-40.10705,-130.97815,-25.26744,10.48,-2.54,5.75,2.0
1758075361.65166,1758075361.62505,0.0,0.0,0.0,-25.89769,-131.03546,-42.39888,15.55,-2.54,4.92,2.0
1758075361.66593,1758075361.63505,0.0,0.0,0.0,-20.74107,-126.10802,-52.25375,15.55,-4.15,4.92,2.0
1758075361.66905,1758075361.64505,0.0,0.0,0.0,-18.85031,-120.72221,-58.3844,13.82,-4.09,3.37,2.0
1758075361.68424,1758075361.65505,0.0,0.0,0.0,-20.22541,-113.61753,-62.62429,13.82,-4.09,3.37,2.0
1758075361.70029,1758075361.66505,0.0,0.0,0.0,-24.63719,-91.21489,-60.04598,11.59,-1.65,1.39,2.0
1758075361.70119,1758075361.67505,0.0,0.0,0.0,-27.50197,-75.34396,-50.3057,11.59,-1.65,1.39,2.0
1758075361.71718,1758075361.68505,0.0,0.0,0.0,-28.30412,-56.78012,-35.00772,11.38,0.45,0.31,2.0
1758075361.71952,1758075361.69505,0.0,0.0,0.0,-26.64254,-36.84119,-17.87628,11.38,0.45,0.31,2.0
1758075361.73502,1758075361.70505,0.0,0.0,0.0,-20.79837,-10.8862,6.41713,11.62,1.01,-0.52,2.0
1758075361.73647,1758075361.71505,0.0,0.0,0.0,-15.92823,6.8182,18.44924,11.21,0.21,-1.19,2.0
1758075361.75231,1758075361.72505,0.0,0.0,0.0,-11.11538,25.21014,26.75713,11.21,0.21,-1.19,2.0
1758075361.76802,1758075361.73505,0.0,0.0,0.0,-6.35983,41.59674,31.45539,11.13,-1.18,-0.96,2.0
1758075361.76999,1758075361.74505,0.0,0.0,0.0,0.68755,61.76485,30.30947,11.13,-1.18,-0.96,2.0
1758075361.78495,1758075361.75505,0.0,0.0,0.0,4.69825,72.65105,26.12688,10.14,-2.31,-0.58,2.0
1758075361.78677,1758075361.76505,0.0,0.0,0.0,8.76626,81.5319,20.16812,10.14,-2.31,-0.58,2.0
1758075361.80201,1758075361.77505,0.0,0.0,0.0,15.92823,86.45934,10.02676,8.85,-2.68,-0.34,2.0
1758075361.81853,1758075361.78505,0.0,0.0,0.0,20.62648,81.64648,3.66693,7.06,-2.61,-0.33,2.0
1758075361.81921,1758075361.79505,0.0,0.0,0.0,25.8404,75.28666,-2.86479,7.06,-2.61,-0.33,2.0
1758075361.83403,1758075361.80505,0.0,0.0,0.0,31.62727,70.58841,-8.25059,6.97,-2.17,-0.52,2.0
1758075361.85005,1758075361.81505,0.0,0.0,0.0,40.85189,66.06203,-12.83425,6.97,-2.17,-0.52,2.0
1758075361.85178,1758075361.82505,0.0,0.0,0.0,47.67009,64.62964,-12.54778,8.19,-1.62,-0.71,2.0
1758075361.86601,1758075361.83505,0.0,0.0,0.0,54.25911,62.56699,-10.02676,8.19,-1.62,-0.71,2.0
1758075361.86748,1758075361.84505,0.0,0.0,0.0,60.67623,57.41038,-5.61499,9.16,-1.29,-0.52,2.0
1758075361.88204,1758075361.85505,0.0,0.0,0.0,70.53111,44.57612,4.58366,9.26,-1.29,-0.83,2.0
1758075361.89804,1758075361.86505,0.0,0.0,0.0,75.22936,41.13837,11.34457,9.26,-1.29,-0.83,2.0
1758075361.89974,1758075361.87505,0.0,0.0,0.0,78.43793,40.39353,17.99088,10.48,-1.38,-1.01,2.0
1758075361.9141,1758075361.88505,0.0,0.0,0.0,80.27139,38.50277,23.54857,10.48,-1.38,-1.01,2.0
1758075361.93007,1758075361.89505,0.0,0.0,0.0,79.64114,28.41871,29.39274,10.61,-1.16,-0.81,2.0
1758075361.93128,1758075361.90505,0.0,0.0,0.0,76.66176,16.50119,30.76784,10.61,-1.16,-0.81,2.0
1758075361.94607,1758075361.91505,0.0,0.0,0.0,72.82294,7.44845,30.36677,9.78,-0.66,-1.47,2.0
1758075361.94728,1758075361.92505,0.0,0.0,0.0,67.55173,7.44845,27.50197,9.78,-0.66,-1.47,2.0
1758075361.96209,1758075361.93505,0.0,0.0,0.0,63.25455,14.20935,22.86102,10.64,-0.22,-1.83,2.0
1758075361.97814,1758075361.94505,0.0,0.0,0.0,62.39511,15.98552,23.31938,10.8,-0.25,-1.52,2.0
1758075361.97985,1758075361.95505,0.0,0.0,0.0,59.18654,18.85031,18.62113,10.8,-0.25,-1.52,2.0
1758075361.99412,1758075361.96505,0.0,0.0,0.0,54.25911,28.24682,14.20935,11.23,-0.37,-0.93,2.0
1758075362.01014,1758075361.97505,0.0,0.0,0.0,51.90998,3.72423,6.99009,11.23,-0.37,-0.93,2.0
1758075362.01156,1758075361.98505,0.0,0.0,0.0,51.27972,-35.63798,2.86479,7.33,-0.82,-0.87,2.0
1758075362.0274,1758075361.99505,0.0,0.0,0.0,51.85268,-80.95895,6.18794,7.33,-0.82,-0.87,2.0
1758075362.02998,1758075362.00505,0.0,0.0,0.0,54.94666,-92.36081,13.34992,6.6,-1.78,-2.76,2.0
1758075362.04515,1758075362.01505,0.0,0.0,0.0,55.29043,-88.86576,13.40721,10.54,-2.75,-0.95,2.0
1758075362.04635,1758075362.02505,0.0,0.0,0.0,55.97798,-90.75652,14.20935,10.54,-2.75,-0.95,2.0
1758075362.06446,1758075362.03505,0.0,0.0,0.0,54.02992,-98.03308,12.71966,8.9,-2.59,-0.16,2.0
1758075362.08044,1758075362.04505,0.0,0.0,0.0,46.63877,-102.50216,9.5684,8.9,-2.59,-0.16,2.0
1758075362.08139,1758075362.05505,0.0,0.0,0.0,38.73195,-103.47618,6.7609,9.3,-1.58,1.05,2.0
1758075362.09613,1758075362.06505,0.0,0.0,0.0,29.33544,-106.74203,5.09932,9.3,-1.58,1.05,2.0
1758075362.0974,1758075362.07505,0.0,0.0,0.0,20.22541,-111.55489,6.99009,10.52,1.15,0.62,2.0
1758075362.1124,1758075362.08505,0.0,0.0,0.0,10.08406,-113.56024,16.04282,13.16,3.85,0.86,2.0
1758075362.12926,1758075362.09505,0.0,0.0,0.0,5.15662,-110.92463,24.00693,13.16,3.85,0.86,2.0
1758075362.13021,1758075362.10505,0.0,0.0,0.0,2.40642,-106.39826,31.28349,14.67,4.05,0.23,2.0
1758075362.14549,1758075362.11505,0.0,0.0,0.0,1.14592,-100.26762,36.32552,14.67,4.05,0.23,2.0
1758075362.14637,1758075362.12505,0.0,0.0,0.0,4.81285,-86.45934,37.64333,12.74,1.61,0.93,2.0
1758075362.16449,1758075362.13505,0.0,0.0,0.0,10.94349,-70.53111,34.66395,12.74,1.61,0.93,2.0
1758075362.18048,1758075362.14505,0.0,0.0,0.0,19.53786,-48.52953,28.41871,10.85,-0.55,0.99,2.0
1758075362.1814,1758075362.15505,0.0,0.0,0.0,29.56462,-23.26209,16.50119,10.85,-0.55,0.99,2.0
1758075362.19653,1758075362.16505,0.0,0.0,0.0,44.748,13.5791,7.50575,10.03,-2.0,-0.28,2.0
1758075362.1974,1758075362.17505,0.0,0.0,0.0,54.14451,31.79916,-0.11459,9.14,-2.93,-1.34,2.0
1758075362.21241,1758075362.18505,0.0,0.0,0.0,61.30648,49.61814,-7.44845,9.14,-2.93,-1.34,2.0
1758075362.2293,1758075362.19504,0.0,0.0,0.0,68.75494,76.77635,-14.20935,11.17,-2.59,-1.8,2.0
1758075362.23023,1758075362.20504,0.0,0.0,0.0,71.39055,88.80846,-15.24068,11.17,-2.59,-1.8,2.0
1758075362.24555,1758075362.21504,0.0,0.0,0.0,72.65105,94.25156,-13.98017,13.03,-0.84,-2.44,2.0
1758075362.24725,1758075362.22504,0.0,0.0,0.0,73.45319,96.88716,-11.34457,13.03,-0.84,-2.44,2.0
1758075362.2645,1758075362.23504,0.0,0.0,0.0,73.91156,100.95516,-7.79223,13.49,0.71,-1.94,2.0
1758075362.28056,1758075362.24504,0.0,0.0,0.0,73.96885,103.1324,-5.95876,12.55,1.16,-1.2,2.0
1758075362.28224,1758075362.25504,0.0,0.0,0.0,73.91156,103.81995,-4.18259,12.55,1.16,-1.2,2.0
1758075362.29806,1758075362.26504,0.0,0.0,0.0,73.05212,100.32492,-2.63561,9.79,0.98,-0.36,2.0
1758075362.29971,1758075362.27504,0.0,0.0,0.0,69.49979,89.83979,-0.51566,9.79,0.98,-0.36,2.0
1758075362.31426,1758075362.28504,0.0,0.0,0.0,64.85883,79.98491,0.11459,7.3,1.03,0.02,2.0
1758075362.33053,1758075362.29504,0.0,0.0,0.0,58.26981,67.66632,-0.34377,7.3,1.03,0.02,2.0
1758075362.3334,1758075362.30504,0.0,0.0,0.0,50.1911,54.60288,-2.29183,5.95,1.59,0.11,2.0
1758075362.34939,1758075362.31504,0.0,0.0,0.0,35.06502,36.21093,-7.44845,6.09,2.38,0.21,2.0
1758075362.35027,1758075362.32504,0.0,0.0,0.0,24.23611,20.79837,-11.22997,6.09,2.38,0.21,2.0
1758075362.36533,1758075362.33504,0.0,0.0,0.0,11.86023,8.59437,-14.66772,6.74,3.21,0.16,2.0
1758075362.36921,1758075362.34504,0.0,0.0,0.0,-1.14592,2.11994,-20.62648,6.74,3.21,0.16,2.0
1758075362.38454,1758075362.35504,0.0,0.0,0.0,-18.56383,-3.03668,-26.81443,8.12,3.8,0.28,2.0
1758075362.40062,1758075362.36504,0.0,0.0,0.0,-28.64789,-5.21392,-29.8511,8.12,3.8,0.28,2.0
1758075362.40154,1758075362.37504,0.0,0.0,0.0,-37.12767,-6.18794,-32.08564,9.19,3.54,0.0,2.0
1758075362.41732,1758075362.38504,0.0,0.0,0.0,-45.72203,-5.50039,-33.80451,9.19,3.54,0.0,2.0
1758075362.42171,1758075362.39504,0.0,0.0,0.0,-48.75871,-1.60428,-34.66395,10.14,2.63,-0.59,2.0
1758075362.43765,1758075362.40504,0.0,0.0,0.0,-50.01921,-0.0573,-35.00772,10.46,1.42,-1.45,2.0
1758075362.43854,1758075362.41504,0.0,0.0,0.0,-49.84733,-1.03132,-34.89313,10.46,1.42,-1.45,2.0
1758075362.45356,1758075362.42504,0.0,0.0,0.0,-47.26902,-1.14592,-32.25753,9.96,0.4,-2.27,2.0
1758075362.46938,1758075362.43504,0.0,0.0,0.0,-44.748,0.97403,-28.13223,9.96,0.4,-2.27,2.0
1758075362.47078,1758075362.44504,0.0,0.0,0.0,-42.51347,7.50575,-19.82434,10.65,-0.03,-2.51,2.0
1758075362.48565,1758075362.45504,0.0,0.0,0.0,-43.77398,14.78231,-18.10547,10.65,-0.03,-2.51,2.0
1758075362.48728,1758075362.46504,0.0,0.0,0.0,-46.52417,26.52795,-18.44924,11.65,0.63,-2.6,2.0
1758075362.50461,1758075362.47504,0.0,0.0,0.0,-48.9879,22.23076,-16.73037,11.11,1.71,-2.22,2.0
1758075362.52051,1758075362.48504,0.0,0.0,0.0,-51.45161,12.49048,-14.61043,11.11,1.71,-2.22,2.0
1758075362.52426,1758075362.49504,0.0,0.0,0.0,-52.884,14.20935,-10.8289,10.72,1.97,-2.2,2.0
1758075362.53942,1758075362.50504,0.0,0.0,0.0,-55.34772,25.21014,-1.3178,10.72,1.97,-2.2,2.0
1758075362.54056,1758075362.51504,0.0,0.0,0.0,-56.89471,29.50733,4.58366,11.16,1.52,-2.16,2.0
1758075362.55563,1758075362.52504,0.0,0.0,0.0,-57.92604,29.9084,9.33921,11.16,1.52,-2.16,2.0
1758075362.5593,1758075362.53504,0.0,0.0,0.0,-58.09792,23.66316,13.12073,9.87,1.08,-0.93,2.0
1758075362.57434,1758075362.54504,0.0,0.0,0.0,-56.952,4.98473,15.69904,8.5,0.69,-0.92,2.0
1758075362.59069,1758075362.55504,0.0,0.0,0.0,-54.14451,-8.65166,16.21471,8.5,0.69,-0.92,2.0
1758075362.59238,1758075362.56504,0.0,0.0,0.0,-49.04519,-25.09555,15.06879,8.57,0.22,0.97,2.0
1758075362.60772,1758075362.57504,0.0,0.0,0.0,-41.71133,-44.9199,7.16197,8.57,0.22,0.97,2.0
1758075362.61016,1758075362.58504,0.0,0.0,0.0,-28.07493,-77.75038,-3.49504,10.67,-0.96,2.87,2.0
1758075362.62539,1758075362.59504,0.0,0.0,0.0,-18.33465,-95.85584,-18.22006,10.67,-0.96,2.87,2.0
1758075362.62703,1758075362.60504,0.0,0.0,0.0,-10.37054,-104.5648,-32.71589,14.48,-2.01,3.27,2.0
1758075362.64237,1758075362.61504,0.0,0.0,0.0,-2.92208,-105.71072,-45.72203,14.48,-2.01,3.27,2.0
1758075362.65845,1758075362.62504,0.0,0.0,0.0,-2.11994,-105.71072,-48.70141,14.76,-1.8,1.91,2.0
1758075362.65992,1758075362.63504,0.0,0.0,0.0,-4.46907,-102.50216,-49.38896,10.89,-0.3,2.24,2.0
1758075362.67448,1758075362.64504,0.0,0.0,0.0,-9.33921,-93.33482,-46.86795,10.89,-0.3,2.24,2.0
1758075362.69049,1758075362.65504,0.0,0.0,0.0,-21.08485,-73.51049,-40.16434,8.91,0.88,1.85,2.0
1758075362.69414,1758075362.66504,0.0,0.0,0.0,-28.24682,-55.11855,-32.25753,8.91,0.88,1.85,2.0
1758075362.70948,1758075362.67504,0.0,0.0,0.0,-34.37747,-36.15364,-22.23076,8.64,1.42,0.73,2.0
1758075362.71065,1758075362.68504,0.0,0.0,0.0,-38.27358,-15.46986,-11.00079,8.64,1.42,0.73,2.0
1758075362.72574,1758075362.69504,0.0,0.0,0.0,-38.90384,18.27736,4.69825,9.65,1.12,-0.22,2.0
1758075362.72665,1758075362.70504,0.0,0.0,0.0,-36.26823,39.82057,12.37589,11.29,-0.18,-1.29,2.0
1758075362.74252,1758075362.71504,0.0,0.0,0.0,-31.97105,60.10328,17.6471,11.29,-0.18,-1.29,2.0
1758075362.75954,1758075362.72504,0.0,0.0,0.0,-27.10091,78.49522,20.34,12.01,-1.63,-1.85,2.0
1758075362.76051,1758075362.73504,0.0,0.0,0.0,-19.70975,97.8039,21.48592,12.01,-1.63,-1.85,2.0
1758075362.77576,1758075362.74504,0.0,0.0,0.0,-14.9542,106.45556,21.25674,11.12,-2.04,-0.94,2.0
1758075362.77678,1758075362.75504,0.0,0.0,0.0,-11.00079,109.20576,19.70975,11.12,-2.04,-0.94,2.0
1758075362.79277,1758075362.76504,0.0,0.0,0.0,-7.67763,105.48153,16.95955,9.32,-1.61,0.31,2.0
1758075362.80963,1758075362.77504,0.0,0.0,0.0,-3.83882,88.98035,9.68299,7.55,-1.37,0.81,2.0
1758075362.81082,1758075362.78504,0.0,0.0,0.0,-1.3178,78.09415,3.72423,7.55,-1.37,0.81,2.0
1758075362.82574,1758075362.79504,0.0,0.0,0.0,1.3751,68.35387,-1.94806,7.77,-1.33,0.28,2.0
1758075362.82917,1758075362.80504,0.0,0.0,0.0,6.18794,55.40502,-8.42248,7.77,-1.33,0.28,2.0
1758075362.84477,1758075362.81504,0.0,0.0,0.0,10.08406,48.30034,-10.59972,8.21,-1.25,-0.27,2.0
1758075362.86083,1758075362.82504,0.0,0.0,0.0,15.0115,42.51347,-9.91217,8.21,-1.25,-0.27,2.0
1758075362.8618,1758075362.83504,0.0,0.0,0.0,20.3973,37.35685,-6.47442,8.69,-1.16,-0.52,2.0
1758075362.87679,1758075362.84504,0.0,0.0,0.0,28.99167,29.39274,2.92208,8.69,-1.16,-0.52,2.0
1758075362.87946,1758075362.85504,0.0,0.0,0.0,35.52338,25.8404,11.57375,9.07,-1.06,-0.56,2.0
1758075362.89457,1758075362.86504,0.0,0.0,0.0,41.65404,27.33009,19.76705,9.86,-1.03,-1.04,2.0
1758075362.91053,1758075362.87504,0.0,0.0,0.0,46.35228,31.45539,27.1582,9.86,-1.03,-1.04,2.0
1758075362.9118,1758075362.88504,0.0,0.0,0.0,51.22243,33.23156,35.40879,10.38,-1.06,-0.81,2.0
1758075362.92662,1758075362.89504,0.0,0.0,0.0,53.97263,32.20023,38.61736,10.38,-1.06,-0.81,2.0
1758075362.92933,1758075362.90504,0.0,0.0,0.0,55.7488,29.9084,39.76327,9.96,-1.12,-0.67,2.0
1758075362.94485,1758075362.91504,0.0,0.0,0.0,56.78012,26.12688,39.01843,9.96,-1.12,-0.67,2.0
1758075362.96089,1758075362.92504,0.0,0.0,0.0,56.66553,16.67307,35.40879,9.58,-1.07,-1.19,2.0
1758075362.9629,1758075362.93504,0.0,0.0,0.0,55.6342,4.87014,31.39809,8.65,-0.98,-1.4,2.0
1758075362.9779,1758075362.94504,0.0,0.0,0.0,54.02992,-7.84952,25.61122,8.65,-0.98,-1.4,2.0
1758075362.97879,1758075362.95504,0.0,0.0,0.0,52.42564,-10.31324,18.90761,8.6,-1.03,-1.57,2.0
1758075362.9944,1758075362.96504,0.0,0.0,0.0,52.54023,-5.32851,11.86023,8.6,-1.03,-1.57,2.0
1758075363.0107,1758075362.97504,0.0,0.0,0.0,52.884,0.57296,10.31324,9.91,-1.14,-0.89,2.0
1758075363.01262,1758075362.98504,0.0,0.0,0.0,50.53488,11.51645,7.73493,9.91,-1.14,-0.89,2.0
1758075363.02956,1758075362.99504,0.0,0.0,0.0,47.95657,19.59516,-0.34377,11.51,-0.86,-0.37,2.0
1758075363.03041,1758075363.00504,0.0,0.0,0.0,46.06581,-23.54857,-0.51566,8.58,-0.59,-0.71,2.0
1758075363.04592,1758075363.01504,0.0,0.0,0.0,45.89392,-65.77556,0.40107,8.58,-0.59,-0.71,2.0
1758075363.04796,1758075363.02504,0.0,0.0,0.0,48.01387,-87.71984,9.91217,8.84,-1.32,-2.23,2.0
1758075363.06472,1758075363.03504,0.0,0.0,0.0,49.79003,-76.77635,15.98552,8.84,-1.32,-2.23,2.0
1758075363.08094,1758075363.04504,0.0,0.0,0.0,50.13381,-74.59911,17.99088,12.0,-1.7,-1.01,2.0
1758075363.08296,1758075363.05504,0.0,0.0,0.0,49.56085,-80.90164,17.6471,12.0,-1.7,-1.01,2.0
1758075363.09848,1758075363.06504,0.0,0.0,0.0,47.09713,-87.14688,16.73037,8.97,-1.27,-0.07,2.0
1758075363.10046,1758075363.07504,0.0,0.0,0.0,37.98711,-97.51743,14.03747,8.88,-1.27,2.1,2.0
1758075363.11594,1758075363.08504,0.0,0.0,0.0,30.02299,-106.79934,13.46451,8.88,-0.24,2.1,2.0
1758075363.11691,1758075363.09504,0.0,0.0,0.0,22.23076,-120.72221,16.55848,10.33,2.56,3.22,2.0
1758075363.13299,1758075363.10504,0.0,0.0,0.0,15.92823,-133.32729,24.12152,10.33,2.56,3.22,2.0
1758075363.14994,1758075363.11504,0.0,0.0,0.0,9.74028,-137.56717,38.44547,13.69,4.69,3.61,2.0
1758075363.15211,1758075363.12504,0.0,0.0,0.0,9.22462,-128.85822,44.748,13.69,4.69,3.61,2.0
1758075363.16575,1758075363.13504,0.0,0.0,0.0,11.28727,-117.57095,46.69606,15.05,3.09,2.08,2.0
1758075363.16927,1758075363.14504,0.0,0.0,0.0,16.3293,-104.39291,45.37826,15.05,3.09,2.08,2.0
1758075363.18511,1758075363.15504,0.0,0.0,0.0,28.30412,-76.66176,38.50277,11.54,-0.38,2.14,2.0
1758075363.20084,1758075363.16504,0.0,0.0,0.0,38.27358,-52.9986,30.65324,9.56,-2.58,0.85,2.0
1758075363.20282,1758075363.17504,0.0,0.0,0.0,47.95657,-29.73651,20.22541,9.56,-2.58,0.85,2.0
1758075363.21796,1758075363.18504,0.0,0.0,0.0,56.14987,-11.11538,7.84952,8.96,-3.74,-0.26,2.0
1758075363.22054,1758075363.19504,0.0,0.0,0.0,62.96807,18.90761,-10.59972,8.96,-3.74,-0.26,2.0
1758075363.23607,1758075363.20504,0.0,0.0,0.0,64.40046,41.59674,-19.76705,11.32,-3.51,-1.01,2.0
1758075363.23695,1758075363.21504,0.0,0.0,0.0,63.99939,63.65561,-26.64254,11.32,-3.51,-1.01,2.0
1758075363.25282,1758075363.22504,0.0,0.0,0.0,62.62429,83.93832,-31.16891,14.12,-1.26,-2.63,2.0
1758075363.27003,1758075363.23504,0.0,0.0,0.0,61.93674,91.043,-29.9084,13.36,1.6,-2.34,2.0
1758075363.27098,1758075363.24504,0.0,0.0,0.0,61.65026,96.82987,-26.35606,13.36,1.6,-2.34,2.0
1758075363.28708,1758075363.25504,0.0,0.0,0.0,61.93674,102.21567,-21.25674,11.86,2.38,-1.19,2.0
1758075363.28907,1758075363.26504,0.0,0.0,0.0,62.56699,107.60149,-11.97482,11.86,2.38,-1.19,2.0
1758075363.30406,1758075363.27504,0.0,0.0,0.0,62.56699,109.60683,-4.92744,9.67,1.39,-0.45,2.0
1758075363.32006,1758075363.28504,0.0,0.0,0.0,61.76485,107.71607,1.71887,9.67,1.39,-0.45,2.0
1758075363.32353,1758075363.29504,0.0,0.0,0.0,59.70221,101.8719,7.67763,7.6,0.53,-0.1,2.0
1758075363.33881,1758075363.30504,0.0,0.0,0.0,53.34238,91.043,14.72501,6.39,0.39,-0.05,2.0
1758075363.34484,1758075363.31504,0.0,0.0,0.0,46.81066,82.56322,16.04282,6.39,0.39,-0.05,2.0
1758075363.35981,1758075363.32504,0.0,0.0,0.0,38.50277,71.84892,14.66772,6.23,0.9,-0.07,2.0
1758075363.36371,1758075363.33504,0.0,0.0,0.0,28.64789,57.81144,10.59972,6.23,0.9,-0.07,2.0
1758075363.37913,1758075363.34504,0.0,0.0,0.0,13.34992,30.48136,2.34913,6.15,2.07,-0.21,2.0
1758075363.38005,1758075363.35504,0.0,0.0,0.0,0.17189,21.08485,-7.50575,6.15,2.07,-0.21,2.0
1758075363.39488,1758075363.36504,0.0,0.0,0.0,-10.54242,14.49583,-15.87093,7.44,3.48,-0.2,2.0
1758075363.41085,1758075363.37504,0.0,0.0,0.0,-20.68378,13.69369,-24.00693,7.44,3.48,-0.2,2.0
1758075363.41202,1758075363.38504,0.0,0.0,0.0,-32.20023,13.98017,-33.34615,9.09,4.05,-0.21,2.0
1758075363.42713,1758075363.39504,0.0,0.0,0.0,-37.98711,13.75099,-37.01308,10.1,3.37,0.0,2.0
1758075363.43046,1758075363.40504,0.0,0.0,0.0,-42.51347,11.97482,-39.4195,10.1,3.37,0.0,2.0
1758075363.44692,1758075363.41504,0.0,0.0,0.0,-46.63877,9.11003,-41.25296,10.12,1.97,-1.05,2.0
1758075363.44894,1758075363.42504,0.0,0.0,0.0,-47.38361,-0.11459,-41.08107,10.12,1.97,-1.05,2.0
1758075363.46388,1758075363.43504,0.0,0.0,0.0,-46.81066,-12.204,-39.76327,9.68,1.02,-2.25,2.0
1758075363.47989,1758075363.44504,0.0,0.0,0.0,-45.89392,-27.38738,-37.47144,9.68,1.02,-2.25,2.0
1758075363.48137,1758075363.45504,0.0,0.0,0.0,-44.28964,-32.25753,-28.07493,9.09,0.64,-3.27,2.0
1758075363.49827,1758075363.46504,0.0,0.0,0.0,-41.42485,9.22462,-24.4653,14.64,0.85,-2.92,2.0
1758075363.50105,1758075363.47504,0.0,0.0,0.0,-40.45082,17.13144,-17.58981,14.64,0.85,-2.92,2.0
1758075363.51945,1758075363.48504,0.0,0.0,0.0,-47.09713,-2.23454,-20.16812,11.79,1.52,-1.01,2.0
1758075363.52069,1758075363.49504,0.0,0.0,0.0,-50.1911,-35.40879,-18.50654,11.79,1.52,-1.01,2.0
1758075363.53696,1758075363.50504,0.0,0.0,0.0,-54.08722,-36.32552,-17.36062,10.91,2.38,-2.98,2.0
1758075363.5383,1758075363.51504,0.0,0.0,0.0,-56.89471,-30.99702,-12.49048,10.91,2.38,-2.98,2.0
1758075363.55321,1758075363.52504,0.0,0.0,0.0,-57.92604,-26.41335,-5.27121,11.4,2.55,-2.2,2.0
1758075363.56922,1758075363.53504,0.0,0.0,0.0,-57.41038,-36.95578,3.20856,8.63,2.02,1.58,2.0
1758075363.5704,1758075363.54504,0.0,0.0,0.0,-53.17049,-50.87865,3.60963,8.63,2.02,1.58,2.0
1758075363.58518,1758075363.55504,0.0,0.0,0.0,-46.00851,-66.97877,-1.60428,10.26,0.12,4.85,2.0
1758075363.60278,1758075363.56504,0.0,0.0,0.0,-37.52874,-82.67782,-14.38124,10.26,0.12,4.85,2.0
1758075363.60375,1758075363.57504,0.0,0.0,0.0,-21.31403,-88.29281,-36.89849,15.53,-3.4,4.35,2.0
1758075363.6198,1758075363.58504,0.0,0.0,0.0,-10.02676,-87.14688,-47.49821,15.53,-3.4,4.35,2.0
1758075363.62334,1758075363.59504,0.0,0.0,0.0,-2.00535,-91.55866,-52.36834,14.79,-5.07,1.68,2.0
1758075363.64007,1758075363.60504,0.0,0.0,0.0,0.51566,-97.51743,-54.77477,14.79,-5.07,1.68,2.0
1758075363.64284,1758075363.61504,0.0,0.0,0.0,-4.52637,-90.29816,-53.91533,8.74,-2.79,2.56,2.0
1758075363.6592,1758075363.62504,0.0,0.0,0.0,-12.37589,-73.96885,-49.15978,8.71,-0.41,3.17,2.0
1758075363.66039,1758075363.63504,0.0,0.0,0.0,-23.26209,-61.30648,-41.99781,8.71,-0.41,3.17,2.0
1758075363.67514,1758075363.64504,0.0,0.0,0.0,-38.1017,-44.17505,-28.30412,8.39,1.19,1.68,2.0
1758075363.69927,1758075363.65504,0.0,0.0,0.0,-46.52417,-30.25217,-18.16276,8.39,1.19,1.68,2.0
1758075363.70056,1758075363.66504,0.0,0.0,0.0,-50.53488,-11.00079,-7.39116,10.15,1.76,-0.04,2.0
1758075363.70113,1758075363.67504,0.0,0.0,0.0,-50.13381,11.91752,2.6929,10.15,1.76,-0.04,2.0
1758075363.71911,1758075363.68504,0.0,0.0,0.0,-43.83128,46.75336,14.66772,13.45,1.03,-1.43,2.0
1758075363.71999,1758075363.69504,0.0,0.0,0.0,-37.29956,66.40582,19.76705,13.68,-0.62,-2.04,2.0
1758075363.73529,1758075363.70504,0.0,0.0,0.0,-30.65324,83.76643,22.68913,13.68,-0.62,-2.04,2.0
1758075363.75127,1758075363.71504,0.0,0.0,0.0,-23.72045,98.37686,24.5226,11.66,-1.74,-1.26,2.0
1758075363.75217,1758075363.72504,0.0,0.0,0.0,-15.24068,113.21647,24.00693,11.66,-1.74,-1.26,2.0
1758075363.76722,1758075363.73504,0.0,0.0,0.0,-11.11538,117.74284,21.6578,9.16,-1.79,-0.47,2.0
1758075363.76918,1758075363.74504,0.0,0.0,0.0,-7.73493,118.1439,19.07949,9.16,-1.79,-0.47,2.0
1758075363.78428,1758075363.75504,0.0,0.0,0.0,-4.1253,114.36237,16.38659,7.08,-1.74,-0.04,2.0
1758075363.80026,1758075363.76504,0.0,0.0,0.0,-0.57296,103.53348,11.80293,6.19,-1.98,0.21,2.0
1758075363.80066,1758075363.77504,0.0,0.0,0.0,1.77617,92.81918,8.88085,6.19,-1.98,0.21,2.0
1758075363.81708,1758075363.78504,0.0,0.0,0.0,4.18259,80.67246,5.95876,6.79,-2.01,0.69,2.0
1758075363.81956,1758075363.79504,0.0,0.0,0.0,6.7609,67.15066,3.89611,6.79,-2.01,0.69,2.0
1758075363.83526,1758075363.80504,0.0,0.0,0.0,9.39651,48.30034,1.66158,7.88,-1.53,0.65,2.0
1758075363.83969,1758075363.81504,0.0,0.0,0.0,11.51645,37.58603,1.60428,7.88,-1.53,0.65,2.0
1758075363.85525,1758075363.82504,0.0,0.0,0.0,13.69369,27.78845,3.55234,8.82,-0.76,0.18,2.0
1758075363.85867,1758075363.83504,0.0,0.0,0.0,17.53251,19.53786,9.5684,8.82,-0.76,0.18,2.0
1758075363.874,1758075363.84504,0.0,0.0,0.0,21.60051,8.47978,16.38659,9.34,-0.31,0.03,2.0
1758075363.89,1758075363.85504,0.0,0.0,0.0,25.89769,6.70361,22.57454,9.95,-0.44,-0.42,2.0
1758075363.89133,1758075363.86504,0.0,0.0,0.0,29.67921,6.99009,29.04896,9.95,-0.44,-0.42,2.0
1758075363.90606,1758075363.87504,0.0,0.0,0.0,35.52338,5.72958,35.69527,10.36,-0.89,-0.21,2.0
1758075363.90915,1758075363.88504,0.0,0.0,0.0,39.4768,2.46372,38.15899,10.36,-0.89,-0.21,2.0
1758075363.92539,1758075363.89504,0.0,0.0,0.0,43.31561,-1.3751,39.01843,9.92,-1.26,-0.28,2.0
1758075363.92736,1758075363.90504,0.0,0.0,0.0,47.09713,-6.47442,38.15899,9.92,-1.26,-0.28,2.0
1758075363.94211,1758075363.91504,0.0,0.0,0.0,51.39432,-19.42327,33.23156,9.61,-1.48,-1.06,2.0
1758075363.95805,1758075363.92504,0.0,0.0,0.0,54.08722,-21.88699,27.33009,9.87,-1.6,-1.71,2.0
1758075363.95933,1758075363.93504,0.0,0.0,0.0,57.29578,-12.43318,21.6578,9.87,-1.6,-1.71,2.0
1758075363.97437,1758075363.94504,0.0,0.0,0.0,60.38975,-5.90147,14.9542,12.13,-1.75,-1.43,2.0
1758075363.99035,1758075363.95504,0.0,0.0,0.0,66.74959,8.70896,8.88085,12.13,-1.75,-1.43,2.0
1758075363.99071,1758075363.96504,0.0,0.0,0.0,69.15601,17.81899,3.66693,12.93,-1.81,-1.29,2.0
1758075364.01001,1758075363.97504,0.0,0.0,0.0,70.41652,19.53786,0.40107,12.93,-1.81,-1.29,2.0
1758075364.01284,1758075363.98504,0.0,0.0,0.0,73.91156,6.41713,-3.60963,11.97,-1.52,-0.94,2.0
1758075364.03002,1758075363.99504,0.0,0.0,0.0,76.54716,-34.77854,-6.47442,8.59,-1.33,-2.53,2.0
1758075364.03189,1758075364.00504,0.0,0.0,0.0,78.49522,-56.26446,-2.97938,8.59,-1.33,-2.53,2.0
1758075364.05002,1758075364.01504,0.0,0.0,0.0,76.43258,-73.79697,2.46372,10.14,-2.05,-0.25,2.0
1758075364.05141,1758075364.02504,0.0,0.0,0.0,69.49979,-99.69466,18.22006,10.14,-2.05,-0.25,2.0
1758075364.06964,1758075364.03504,0.0,0.0,0.0,57.41038,-136.30667,39.4768,13.22,-0.89,7.38,2.0
1758075364.07163,1758075364.04504,0.0,0.0,0.0,50.01921,-135.10345,58.72818,13.22,-0.89,7.38,2.0
1758075364.08723,1758075364.05504,0.0,0.0,0.0,43.77398,-112.07055,66.34852,19.72,3.74,5.44,2.0
1758075364.08923,1758075364.06504,0.0,0.0,0.0,33.51803,-90.52733,60.79083,19.72,3.74,5.44,2.0
1758075364.10428,1758075364.07504,0.0,0.0,0.0,26.81443,-84.79775,52.76942,14.65,3.32,-0.83,2.0
1758075364.10535,1758075364.08504,0.0,0.0,0.0,21.08485,-77.12012,38.78925,8.09,1.28,1.64,2.0
1758075364.12068,1758075364.09504,0.0,0.0,0.0,20.62648,-69.27061,28.13223,8.09,1.28,1.64,2.0
1758075364.14023,1758075364.10504,0.0,0.0,0.0,25.7831,-53.62885,13.06344,7.56,0.25,4.33,2.0
1758075364.14116,1758075364.11504,0.0,0.0,0.0,31.56997,-44.28964,5.4431,7.56,0.25,4.33,2.0
1758075364.15617,1758075364.12504,0.0,0.0,0.0,37.12767,-35.12231,0.34377,8.64,-1.09,4.03,2.0
1758075364.15816,1758075364.13504,0.0,0.0,0.0,42.28429,-23.49127,-2.29183,8.64,-1.09,4.03,2.0
1758075364.17393,1758075364.14504,0.0,0.0,0.0,48.64412,-5.50039,-3.09397,10.48,-2.27,2.15,2.0
1758075364.17513,1758075364.15504,0.0,0.0,0.0,51.79538,10.65701,-3.32316,12.6,-1.9,0.6,2.0
1758075364.19184,1758075364.16504,0.0,0.0,0.0,54.3737,31.62727,-2.97938,12.6,-1.9,0.6,2.0
1758075364.20955,1758075364.17504,0.0,0.0,0.0,56.14987,52.884,-2.7502,13.28,-0.51,-1.07,2.0
1758075364.21232,1758075364.18504,0.0,0.0,0.0,56.89471,73.10942,-3.60963,13.28,-0.51,-1.07,2.0
1758075364.22881,1758075364.19504,0.0,0.0,0.0,56.83742,78.09415,-3.55234,10.45,0.58,-0.78,2.0
1758075364.22999,1758075364.20504,0.0,0.0,0.0,56.66553,82.27674,-3.09397,10.45,0.58,-0.78,2.0
1758075364.24549,1758075364.21504,0.0,0.0,0.0,56.55093,88.57928,-1.77617,8.89,1.12,-0.28,2.0
1758075364.24881,1758075364.22504,0.0,0.0,0.0,56.14987,97.05905,0.17189,8.63,1.04,-0.18,2.0
1758075364.26457,1758075364.23504,0.0,0.0,0.0,55.57691,100.66869,1.66158,8.63,1.04,-0.18,2.0
1758075364.26546,1758075364.24504,0.0,0.0,0.0,55.34772,102.84592,2.97938,8.23,0.51,0.4,2.0
1758075364.28358,1758075364.25504,0.0,0.0,0.0,54.60288,103.1324,5.90147,8.23,0.51,0.4,2.0
1758075364.2983,1758075364.26504,0.0,0.0,0.0,54.08722,97.05905,8.88085,7.93,-0.05,0.83,2.0
1758075364.2998,1758075364.27504,0.0,0.0,0.0,52.08187,85.31342,10.8862,7.93,-0.05,0.83,2.0
1758075364.31429,1758075364.28504,0.0,0.0,0.0,48.75871,73.68237,11.28727,7.1,-0.32,0.87,2.0
1758075364.31792,1758075364.29504,0.0,0.0,0.0,41.99781,58.84277,9.62569,7.1,-0.32,0.87,2.0
1758075364.33515,1758075364.30504,0.0,0.0,0.0,36.03905,50.53488,6.24524,7.86,-0.05,0.38,2.0
1758075364.3377,1758075364.31504,0.0,0.0,0.0,29.9084,41.48215,1.3751,8.24,1.0,0.69,2.0
1758075364.35411,1758075364.32504,0.0,0.0,0.0,22.97561,31.79916,-5.27121,8.24,1.0,0.69,2.0
1758075364.35531,1758075364.33504,0.0,0.0,0.0,13.75099,10.59972,-13.80828,8.03,2.27,0.95,2.0
1758075364.37432,1758075364.34504,0.0,0.0,0.0,4.58366,4.35448,-23.60586,8.03,2.27,0.95,2.0
1758075364.3755,1758075364.35504,0.0,0.0,0.0,-2.6929,-0.57296,-29.10626,7.9,3.15,0.96,2.0
1758075364.39192,1758075364.36504,0.0,0.0,0.0,-10.19865,-2.92208,-35.52338,7.9,3.15,0.96,2.0
1758075364.40954,1758075364.37504,0.0,0.0,0.0,-19.53786,-8.65166,-39.53409,8.32,3.06,0.61,2.0
1758075364.41055,1758075364.38504,0.0,0.0,0.0,-24.5226,-16.95955,-39.76327,8.32,2.34,0.57,2.0
1758075364.42563,1758075364.39504,0.0,0.0,0.0,-27.38738,-25.55392,-37.92981,8.32,2.34,0.57,2.0
1758075364.42979,1758075364.40504,0.0,0.0,0.0,-30.30947,-33.05967,-33.86181,8.59,1.53,-0.04,2.0
1758075364.44568,1758075364.41504,0.0,0.0,0.0,-33.34615,-30.93972,-23.54857,8.59,1.53,-0.04,2.0
1758075364.44996,1758075364.42504,0.0,0.0,0.0,-35.3515,-12.08941,-19.76705,10.96,1.04,0.25,2.0
1758075364.46565,1758075364.43504,0.0,0.0,0.0,-38.1017,15.06879,-14.83961,10.96,1.04,0.25,2.0
1758075364.47002,1758075364.44504,0.0,0.0,0.0,-37.47144,23.37668,-8.88085,13.25,0.53,0.54,2.0
1758075364.48564,1758075364.45504,0.0,0.0,0.0,-37.81522,-9.68299,-8.76626,9.02,0.38,1.1,2.0
1758075364.48979,1758075364.46504,0.0,0.0,0.0,-37.35685,-20.34,-9.68299,9.02,0.38,1.1,2.0
1758075364.50533,1758075364.47504,0.0,0.0,0.0,-35.98175,-16.90226,-10.94349,11.51,0.58,-0.54,2.0
1758075364.51063,1758075364.48504,0.0,0.0,0.0,-33.34615,-0.45837,-9.62569,11.51,0.58,-0.54,2.0
1758075364.52568,1758075364.49504,0.0,0.0,0.0,-31.91375,8.93814,-7.44845,12.96,0.61,0.5,2.0
1758075364.52739,1758075364.50504,0.0,0.0,0.0,-29.8511,16.73037,-3.32316,12.96,0.61,0.5,2.0
1758075364.54346,1758075364.51504,0.0,0.0,0.0,-29.33544,19.42327,0.0573,12.47,0.41,1.11,2.0
1758075364.55973,1758075364.52504,0.0,0.0,0.0,-30.88243,25.61122,4.87014,12.47,0.41,0.48,2.0
1758075364.56063,1758075364.53504,0.0,0.0,0.0,-32.42941,24.92367,8.42248,11.8,0.6,0.48,2.0
1758075364.57567,1758075364.54504,0.0,0.0,0.0,-31.39809,3.95341,12.71966,9.27,1.12,1.8,2.0
1758075364.57689,1758075364.55504,0.0,0.0,0.0,-30.76784,-44.11775,10.37054,9.27,1.12,1.8,2.0
1758075364.59249,1758075364.56504,0.0,0.0,0.0,-32.48671,-64.28587,-6.99009,9.02,1.11,5.63,2.0
1758075364.60942,1758075364.57504,0.0,0.0,0.0,-29.67921,-41.02378,-16.73037,9.02,1.11,5.63,2.0
1758075364.61106,1758075364.58504,0.0,0.0,0.0,-25.55392,-11.00079,-20.97026,17.71,-0.96,2.65,2.0
1758075364.62935,1758075364.59504,0.0,0.0,0.0,-22.63183,-1.83346,-22.11617,17.71,-0.96,2.65,2.0
1758075364.63018,1758075364.60504,0.0,0.0,0.0,-18.62113,-20.05352,-19.42327,13.15,-1.82,0.68,2.0
1758075364.64625,1758075364.61504,0.0,0.0,0.0,-18.33465,-39.99245,-15.35527,6.87,-0.51,0.63,2.0
1758075364.64914,1758075364.62504,0.0,0.0,0.0,-19.59516,-55.06125,-11.00079,6.87,-0.51,0.63,2.0
1758075364.66462,1758075364.63504,0.0,0.0,0.0,-21.31403,-62.68159,-4.98473,7.16,1.04,1.71,2.0
1758075364.66564,1758075364.64504,0.0,0.0,0.0,-28.01764,-75.34396,0.68755,7.16,1.04,1.71,2.0
1758075364.68476,1758075364.65504,0.0,0.0,0.0,-34.49206,-82.90699,1.20321,8.18,2.33,3.87,2.0
1758075364.68565,1758075364.66504,0.0,0.0,0.0,-41.42485,-87.08958,-1.08862,8.18,2.33,3.87,2.0
1758075364.70282,1758075364.67504,0.0,0.0,0.0,-52.08187,-87.94903,-8.59437,9.57,2.93,3.48,2.0
1758075364.71938,1758075364.68504,0.0,0.0,0.0,-58.67088,-84.79775,-14.32395,10.31,2.28,1.58,2.0
1758075364.72076,1758075364.69504,0.0,0.0,0.0,-64.74423,-76.60446,-19.13679,10.31,2.28,1.58,2.0
1758075364.73552,1758075364.70504,0.0,0.0,0.0,-69.78626,-63.54102,-21.6578,11.46,0.84,0.44,2.0
1758075364.73674,1758075364.71504,0.0,0.0,0.0,-74.59911,-40.85189,-21.02755,11.46,0.84,0.44,2.0
1758075364.75152,1758075364.72504,0.0,0.0,0.0,-75.34396,-25.8404,-19.13679,11.86,-0.86,-0.38,2.0
1758075364.76754,1758075364.73504,0.0,0.0,0.0,-74.14074,-12.37589,-16.3293,11.86,-0.86,-0.38,2.0
1758075364.76954,1758075364.74504,0.0,0.0,0.0,-71.27596,1.03132,-13.17803,10.93,-1.89,-0.57,2.0
1758075364.7847,1758075364.75504,0.0,0.0,0.0,-65.43179,20.05352,-8.70896,10.02,-2.09,-0.46,2.0
1758075364.78572,1758075364.76504,0.0,0.0,0.0,-60.79083,30.02299,-5.95876,10.02,-2.09,-0.46,2.0
1758075364.8019,1758075364.77504,0.0,0.0,0.0,-55.40502,39.07573,-3.49504,9.05,-1.8,-0.22,2.0
1758075364.81777,1758075364.78504,0.0,0.0,0.0,-49.61814,47.78468,-0.34377,9.05,-1.8,-0.22,2.0
1758075364.81879,1758075364.79504,0.0,0.0,0.0,-39.87786,61.93674,5.15662,8.84,-1.47,-0.25,2.0
1758075364.83468,1758075364.80504,0.0,0.0,0.0,-29.67921,72.19269,11.11538,8.84,-1.47,-0.25,2.0
1758075364.83559,1758075364.81504,0.0,0.0,0.0,-13.40721,83.88103,20.05352,8.29,-2.4,0.74,2.0
1758075364.85156,1758075364.82504,0.0,0.0,0.0,0.80214,90.24085,27.10091,8.29,-2.4,0.74,2.0
1758075364.86948,1758075364.83504,0.0,0.0,0.0,3.66693,76.77635,23.49127,7.81,-3.56,0.95,2.0
1758075364.87229,1758075364.84504,0.0,0.0,0.0,-0.80214,77.23472,17.76169,9.7,-1.2,0.0,2.0
1758075364.88789,1758075364.85504,0.0,0.0,0.0,-7.21927,85.42801,11.80293,9.7,-1.2,0.0,2.0
1758075364.88965,1758075364.86504,0.0,0.0,0.0,-14.15206,88.98035,4.1253,11.31,0.05,0.73,2.0
1758075364.90482,1758075364.87504,0.0,0.0,0.0,-23.54857,82.7924,0.57296,11.31,0.05,0.73,2.0
1758075364.90579,1758075364.88504,0.0,0.0,0.0,-28.476,73.3959,-1.71887,8.51,-0.11,0.59,2.0
1758075364.92164,1758075364.89504,0.0,0.0,0.0,-32.14294,60.33246,-2.63561,8.51,-0.11,0.59,2.0
1758075364.93886,1758075364.90504,0.0,0.0,0.0,-33.9764,39.4195,-1.14592,6.37,-0.49,0.37,2.0
1758075364.93983,1758075364.91504,0.0,0.0,0.0,-32.14294,27.04361,1.94806,6.29,-0.93,0.86,2.0
1758075364.95489,1758075364.92504,0.0,0.0,0.0,-28.13223,15.98552,6.47442,6.29,-0.93,0.86,2.0
1758075364.96013,1758075364.93504,0.0,0.0,0.0,-21.94428,5.32851,11.63104,7.35,-1.55,0.89,2.0
1758075364.97723,1758075364.94504,0.0,0.0,0.0,-11.45916,-6.18794,20.79837,7.35,-1.55,0.89,2.0
1758075364.98001,1758075364.95504,0.0,0.0,0.0,-3.83882,-9.4538,25.38203,8.6,-2.4,0.54,2.0
1758075364.99671,1758075364.96504,0.0,0.0,0.0,2.97938,-11.00079,29.04896,8.6,-2.4,0.54,2.0
1758075365.0003,1758075364.97504,0.0,0.0,0.0,9.22462,-13.00614,30.76784,9.39,-2.98,0.59,2.0
1758075365.01588,1758075364.98504,0.0,0.0,0.0,17.6471,-14.49583,30.48136,9.56,-2.89,0.46,2.0
1758075365.01798,1758075364.99504,0.0,0.0,0.0,22.00158,-13.40721,28.59059,9.56,-2.89,0.46,2.0
1758075365.03265,1758075365.00504,0.0,0.0,0.0,25.55392,-12.08941,25.7831,10.29,-2.27,0.39,2.0
1758075365.04964,1758075365.01504,0.0,0.0,0.0,27.84575,-12.204,22.63183,10.29,-2.27,0.39,2.0
1758075365.05081,1758075365.02504,0.0,0.0,0.0,29.39274,-17.99088,17.87628,10.54,-1.67,0.31,2.0
1758075365.06592,1758075365.03504,0.0,0.0,0.0,29.96569,-24.12152,15.87093,10.54,-1.67,0.31,2.0
1758075365.07004,1758075365.04504,0.0,0.0,0.0,29.04896,-20.16812,12.2613,10.76,-1.3,0.2,2.0
1758075365.08565,1758075365.05504,0.0,0.0,0.0,31.28349,-4.58366,13.23533,10.76,-1.3,0.2,2.0
1758075365.08921,1758075365.06504,0.0,0.0,0.0,31.74186,39.76327,11.17268,13.61,-1.35,0.24,2.0
1758075365.10509,1758075365.07504,0.0,0.0,0.0,30.82513,60.04598,6.24524,14.05,-1.23,1.42,2.0
1758075365.1072,1758075365.08504,0.0,0.0,0.0,31.45539,32.6013,4.58366,14.05,-1.23,1.42,2.0
1758075365.12479,1758075365.09504,0.0,0.0,0.0,36.03905,-29.04896,11.74564,8.11,-1.33,0.72,2.0
1758075365.1258,1758075365.10504,0.0,0.0,0.0,37.75792,-34.72124,15.64175,8.11,-1.33,0.72,2.0
1758075365.14276,1758075365.11504,0.0,0.0,0.0,40.45082,-19.76705,18.33465,12.22,-2.0,-0.17,2.0
1758075365.15871,1758075365.12504,0.0,0.0,0.0,42.91454,-6.53172,19.59516,12.22,-2.0,-0.17,2.0
1758075365.15995,1758075365.13504,0.0,0.0,0.0,45.43555,-2.63561,18.44924,12.52,-1.71,0.64,2.0
1758075365.17506,1758075365.14504,0.0,0.0,0.0,44.8053,-0.68755,16.10011,10.51,-0.95,0.56,2.0
1758075365.17713,1758075365.15504,0.0,0.0,0.0,42.51347,1.77617,11.91752,10.51,-0.95,0.56,2.0
1758075365.19474,1758075365.16504,0.0,0.0,0.0,37.98711,1.03132,6.53172,9.73,-0.09,0.36,2.0
1758075365.19675,1758075365.17504,0.0,0.0,0.0,21.14215,-31.2262,-0.85944,9.73,-0.09,0.36,2.0
1758075365.21307,1758075365.18504,0.0,0.0,0.0,10.19865,-73.91156,6.47442,8.34,1.25,7.78,2.0
1758075365.22975,1758075365.19504,0.0,0.0,0.0,1.20321,-84.05292,21.25674,8.34,1.25,7.78,2.0
1758075365.23283,1758075365.20504,0.0,0.0,0.0,-7.62034,-55.6915,30.19488,15.67,3.7,4.2,2.0
1758075365.24779,1758075365.21504,0.0,0.0,0.0,-20.74107,-10.71431,30.59595,16.29,2.76,-2.28,2.0
1758075365.24972,1758075365.22504,0.0,0.0,0.0,-28.76248,-9.74028,26.47065,16.29,2.76,-2.28,2.0
1758075365.26485,1758075365.23504,0.0,0.0,0.0,-35.00772,-18.27736,19.42327,7.26,0.36,-0.64,2.0
1758075365.26706,1758075365.24504,0.0,0.0,0.0,-38.50277,-25.09555,11.63104,7.26,0.36,-0.64,2.0
1758075365.28403,1758075365.25504,0.0,0.0,0.0,-38.84654,-21.94428,0.11459,7.4,-0.29,2.54,2.0
1758075365.30004,1758075365.26504,0.0,0.0,0.0,-36.55471,-18.50654,-7.79223,7.4,-0.29,2.54,2.0
1758075365.30122,1758075365.27504,0.0,0.0,0.0,-32.42941,-17.81899,-13.17803,9.69,-0.85,4.34,2.0
1758075365.31577,1758075365.28504,0.0,0.0,0.0,-25.89769,-17.99088,-14.61043,9.69,-0.85,4.34,2.0
1758075365.31727,1758075365.29504,0.0,0.0,0.0,-22.00158,-14.78231,-12.43318,9.9,-1.91,3.51,2.0
1758075365.33205,1758075365.30504,0.0,0.0,0.0,-18.73572,-10.25595,-8.42248,9.98,-2.58,2.07,2.0
1758075365.3491,1758075365.31504,0.0,0.0,0.0,-15.46986,-3.26586,-4.64096,9.98,-2.58,2.07,2.0
1758075365.34998,1758075365.32504,0.0,0.0,0.0,-11.28727,8.88085,-0.11459,10.33,-2.17,1.74,2.0
1758075365.36484,1758075365.33504,0.0,0.0,0.0,-8.70896,17.53251,2.11994,10.33,-2.17,1.74,2.0
1758075365.36709,1758075365.34504,0.0,0.0,0.0,-6.41713,27.2155,3.89611,10.29,-1.35,1.21,2.0
1758075365.3831,1758075365.35504,0.0,0.0,0.0,-4.92744,36.89849,4.69825,10.29,-1.35,1.21,2.0
1758075365.39913,1758075365.36504,0.0,0.0,0.0,-3.32316,49.84733,3.83882,10.38,-0.76,0.97,2.0
1758075365.40004,1758075365.37504,0.0,0.0,0.0,-3.03668,57.41038,1.77617,10.19,-0.56,1.0,2.0
1758075365.41488,1758075365.38504,0.0,0.0,0.0,-2.29183,62.56699,-0.51566,10.19,-0.56,1.0,2.0
1758075365.41606,1758075365.39504,0.0,0.0,0.0,-1.94806,67.9528,-3.49504,9.8,-0.75,1.01,2.0
1758075365.43195,1758075365.40504,0.0,0.0,0.0,-0.97403,71.21866,-8.36518,9.8,-0.75,1.01,2.0
1758075365.44954,1758075365.41504,0.0,0.0,0.0,1.14592,71.10406,-11.00079,9.26,-1.01,1.16,2.0
1758075365.45106,1758075365.42504,0.0,0.0,0.0,4.18259,69.38519,-13.46451,9.26,-1.01,1.16,2.0
1758075365.46701,1758075365.43504,0.0,0.0,0.0,8.02141,67.43713,-15.06879,8.81,-1.22,1.91,2.0
1758075365.4703,1758075365.44504,0.0,0.0,0.0,13.5218,64.57235,-15.64175,8.65,-1.65,2.09,2.0
1758075365.48667,1758075365.45504,0.0,0.0,0.0,16.10011,58.49899,-14.09476,8.65,-1.65,2.09,2.0
1758075365.4887,1758075365.46504,0.0,0.0,0.0,17.24603,50.76406,-12.2613,8.04,-1.72,1.32,2.0
1758075365.5042,1758075365.47504,0.0,0.0,0.0,17.24603,45.14908,-10.08406,8.04,-1.72,1.32,2.0
1758075365.5201,1758075365.48504,0.0,0.0,0.0,15.24068,38.90384,-7.73493,8.48,-1.11,0.83,2.0
1758075365.52112,1758075365.49504,0.0,0.0,0.0,13.06344,33.23156,-7.73493,8.48,-1.11,0.83,2.0
1758075365.53701,1758075365.50504,0.0,0.0,0.0,10.54242,26.01229,-9.5684,8.22,-0.06,1.16,2.0
1758075365.54065,1758075365.51504,0.0,0.0,0.0,6.47442,13.40721,-15.87093,8.22,-0.06,1.16,2.0
1758075365.55704,1758075365.52504,0.0,0.0,0.0,4.35448,0.45837,-21.60051,8.12,0.81,1.34,2.0
1758075365.55906,1758075365.53504,0.0,0.0,0.0,1.14592,-8.99544,-27.2155,7.88,1.28,1.1,2.0
1758075365.57395,1758075365.54504,0.0,0.0,0.0,-3.03668,-13.86558,-35.58068,7.88,1.28,1.1,2.0
1758075365.5903,1758075365.55504,0.0,0.0,0.0,-8.0787,-16.3293,-43.4875,8.23,1.42,0.84,2.0
1758075365.5931,1758075365.56504,0.0,0.0,0.0,-11.80293,-19.13679,-47.32632,8.23,1.42,0.84,2.0
1758075365.60956,1758075365.57504,0.0,0.0,0.0,-15.69904,-25.21014,-49.04519,8.15,1.37,0.28,2.0
1758075365.61091,1758075365.58504,0.0,0.0,0.0,-19.76705,-33.17426,-48.70141,8.15,1.37,0.28,2.0
1758075365.62913,1758075365.59504,0.0,0.0,0.0,-25.09555,-45.89392,-43.54479,7.91,1.28,0.3,2.0
1758075365.62996,1758075365.60504,0.0,0.0,0.0,-28.01764,-53.39967,-37.87251,8.26,1.2,-0.09,2.0
1758075365.64526,1758075365.61504,0.0,0.0,0.0,-31.16891,-58.90006,-31.16891,8.26,1.2,-0.09,2.0
1758075365.64616,1758075365.62504,0.0,0.0,0.0,-35.12231,-58.67088,-21.14215,9.52,1.27,0.0,2.0
1758075365.66198,1758075365.63504,0.0,0.0,0.0,-41.08107,-22.86102,-14.49583,9.52,1.27,0.0,2.0
1758075365.6788,1758075365.64504,0.0,0.0,0.0,-47.38361,11.22997,-9.85487,13.33,1.27,0.67,2.0
1758075365.67996,1758075365.65504,0.0,0.0,0.0,-50.64947,19.59516,-5.84417,13.33,1.27,0.67,2.0
1758075365.69531,1758075365.66504,0.0,0.0,0.0,-55.7488,0.57296,-8.30789,11.43,1.29,1.53,2.0
1758075365.69938,1758075365.67504,0.0,0.0,0.0,-59.47303,-9.68299,-10.71431,11.05,1.55,-0.17,2.0
1758075365.71531,1758075365.68504,0.0,0.0,0.0,-62.56699,-6.13065,-16.10011,11.05,1.55,-0.17,2.0
1758075365.7178,1758075365.69504,0.0,0.0,0.0,-64.40046,7.84952,-17.87628,13.25,1.55,-0.95,2.0
1758075365.73547,1758075365.70504,0.0,0.0,0.0,-66.97877,21.88699,-18.50654,13.25,1.55,-0.95,2.0
1758075365.73617,1758075365.71504,0.0,0.0,0.0,-68.35387,35.3515,-17.47521,13.18,1.16,-0.13,2.0
1758075365.75354,1758075365.72504,0.0,0.0,0.0,-68.98412,39.19032,-15.69904,13.18,1.16,-0.13,2.0
1758075365.7703,1758075365.73504,0.0,0.0,0.0,-66.34852,30.76784,-11.91752,11.59,0.84,-0.24,2.0
1758075365.77124,1758075365.74504,0.0,0.0,0.0,-55.97798,-54.94666,-9.91217,11.59,0.84,-0.24,2.0
1758075365.78602,1758075365.75504,0.0,0.0,0.0,-51.90998,-99.35089,-22.63183,6.24,0.61,5.63,2.0
1758075365.78968,1758075365.76504,0.0,0.0,0.0,-44.51882,-86.975,-31.74186,14.5,-2.12,5.87,2.0
1758075365.80532,1758075365.77504,0.0,0.0,0.0,-33.80451,-44.17505,-34.37747,14.5,-2.12,5.87,2.0
1758075365.80627,1758075365.78504,0.0,0.0,0.0,-21.60051,-18.27736,-33.00237,18.89,-4.94,3.02,2.0
1758075365.82206,1758075365.79504,0.0,0.0,0.0,-17.87628,-37.58603,-30.02299,18.89,-4.94,3.02,2.0
1758075365.83913,1758075365.80504,0.0,0.0,0.0,-16.73037,-63.77021,-25.09555,8.56,-3.83,-0.45,2.0
1758075365.84005,1758075365.81504,0.0,0.0,0.0,-17.81899,-78.49522,-19.59516,8.56,-3.83,-0.45,2.0
1758075365.85506,1758075365.82504,0.0,0.0,0.0,-23.54857,-80.44328,-10.19865,6.7,-1.58,0.27,2.0
1758075365.85737,1758075365.83504,0.0,0.0,0.0,-30.48136,-80.90164,-4.35448,7.79,0.04,3.34,2.0
1758075365.8734,1758075365.84504,0.0,0.0,0.0,-38.56006,-84.85506,-0.97403,7.79,0.04,3.34,2.0
1758075365.89011,1758075365.85504,0.0,0.0,0.0,-45.89392,-86.00097,-1.14592,9.14,0.64,5.07,2.0
1758075365.8913,1758075365.86504,0.0,0.0,0.0,-55.40502,-80.27139,-6.07335,9.14,0.64,5.07,2.0
1758075365.9061,1758075365.87504,0.0,0.0,0.0,-59.41573,-71.50513,-10.31324,11.59,0.18,2.36,2.0
1758075365.90727,1758075365.88504,0.0,0.0,0.0,-62.22322,-58.55629,-13.23533,11.59,0.18,2.36,2.0
1758075365.92207,1758075365.89504,0.0,0.0,0.0,-64.45775,-44.00316,-14.15206,12.85,-0.69,0.58,2.0
1758075365.93829,1758075365.90504,0.0,0.0,0.0,-66.29122,-21.48592,-12.71966,11.92,-1.31,-0.08,2.0
1758075365.93959,1758075365.91504,0.0,0.0,0.0,-66.29122,-9.28192,-10.08406,11.92,-1.31,-0.08,2.0
1758075365.95435,1758075365.92504,0.0,0.0,0.0,-65.2599,1.83346,-6.7609,9.62,-1.38,-0.09,2.0
1758075365.97011,1758075365.93504,0.0,0.0,0.0,-63.02536,17.47521,-1.08862,9.62,-1.38,-0.09,2.0
1758075365.9713,1758075365.94504,0.0,0.0,0.0,-61.07731,25.26744,2.86479,8.17,-1.33,0.47,2.0
1758075365.98633,1758075365.95504,0.0,0.0,0.0,-59.12925,31.85646,6.13065,8.17,-1.33,0.47,2.0
1758075365.98754,1758075365.96504,0.0,0.0,0.0,-57.63955,37.92981,9.11003,7.45,-1.37,0.38,2.0
1758075366.00212,1758075365.97504,0.0,0.0,0.0,-56.32175,45.72203,12.2613,7.45,-1.37,0.19,2.0
1758075366.01919,1758075365.98504,0.0,0.0,0.0,-56.20716,50.99325,13.5791,7.23,-1.3,0.19,2.0
1758075366.02013,1758075365.99504,0.0,0.0,0.0,-56.60823,55.86338,14.20935,7.19,-1.06,0.2,2.0
1758075366.03532,1758075366.00504,0.0,0.0,0.0,-57.12389,60.96271,14.03747,7.19,-1.06,0.2,2.0
1758075366.0363,1758075366.01504,0.0,0.0,0.0,-57.52497,66.34852,12.204,7.28,-0.8,0.45,2.0
1758075366.0542,1758075366.02504,0.0,0.0,0.0,-57.63955,69.27061,9.74028,7.28,-0.8,0.45,2.0
1758075366.07016,1758075366.03504,0.0,0.0,0.0,-57.0093,72.07809,6.8182,7.56,-0.63,0.55,2.0
1758075366.07213,1758075366.04504,0.0,0.0,0.0,-55.51962,73.10942,3.55234,7.56,-0.63,0.55,2.0
1758075366.0891,1758075366.05504,0.0,0.0,0.0,-51.45161,74.31263,-1.03132,7.88,-0.75,0.78,2.0
1758075366.08999,1758075366.06504,0.0,0.0,0.0,-47.09713,71.84892,-2.00535,8.13,-1.14,0.85,2.0
1758075366.10515,1758075366.07504,0.0,0.0,0.0,-42.68536,65.83286,-1.77617,8.13,-1.14,0.85,2.0
1758075366.1067,1758075366.08504,0.0,0.0,0.0,-36.95578,56.78012,0.51566,7.66,-1.71,1.09,2.0
1758075366.12244,1758075366.09504,0.0,0.0,0.0,-27.33009,40.96649,6.13065,7.66,-1.71,1.09,2.0
1758075366.13823,1758075366.10504,0.0,0.0,0.0,-19.99623,31.51268,10.48513,7.61,-2.37,0.91,2.0
1758075366.13942,1758075366.11504,0.0,0.0,0.0,-11.91752,24.12152,15.46986,7.61,-2.37,0.91,2.0
1758075366.15452,1758075366.12504,0.0,0.0,0.0,-0.45837,17.81899,22.23076,8.17,-2.8,0.85,2.0
1758075366.17049,1758075366.13504,0.0,0.0,0.0,7.21927,7.96411,26.24147,8.6,-2.9,0.97,2.0
1758075366.17224,1758075366.14504,0.0,0.0,0.0,14.43854,1.3178,29.22085,8.6,-2.9,0.97,2.0
1758075366.18881,1758075366.15504,0.0,0.0,0.0,20.68378,-5.84417,30.82513,9.33,-2.78,0.62,2.0
1758075366.19001,1758075366.16504,0.0,0.0,0.0,27.96034,-12.204,29.27814,9.33,-2.78,0.62,2.0
1758075366.20555,1758075366.17504,0.0,0.0,0.0,31.85646,-11.28727,26.41335,10.85,-2.53,0.13,2.0
1758075366.20909,1758075366.18504,0.0,0.0,0.0,35.58068,-4.64096,22.74642,10.85,-2.53,0.13,2.0
1758075366.22458,1758075366.19504,0.0,0.0,0.0,39.19032,1.66158,18.56383,12.82,-2.26,0.26,2.0
1758075366.2405,1758075366.20504,0.0,0.0,0.0,44.00316,8.88085,11.28727,13.41,-2.29,0.5,2.0
1758075366.24141,1758075366.21504,0.0,0.0,0.0,47.26902,15.69904,7.16197,13.41,-2.29,0.5,2.0
1758075366.25625,1758075366.22504,0.0,0.0,0.0,49.56085,26.75713,2.40642,13.98,-2.35,0.16,2.0
1758075366.25975,1758075366.23504,0.0,0.0,0.0,50.53488,37.52874,-4.46907,13.98,-2.35,0.16,2.0
1758075366.27523,1758075366.24504,0.0,0.0,0.0,56.37905,39.82057,-10.19865,13.45,-2.05,0.14,2.0
1758075366.27802,1758075366.25504,0.0,0.0,0.0,55.06125,21.94428,-18.10547,13.45,-2.05,0.14,2.0
1758075366.29405,1758075366.26504,0.0,0.0,0.0,59.64491,-7.33386,-13.17803,10.14,-1.67,-0.01,2.0
1758075366.31026,1758075366.27504,0.0,0.0,0.0,62.85347,-20.85567,-8.0787,10.14,-1.67,-0.01,2.0
1758075366.31221,1758075366.28504,0.0,0.0,0.0,64.40046,-21.7151,-6.41713,11.48,-2.01,-0.92,2.0
1758075366.32757,1758075366.29504,0.0,0.0,0.0,59.12925,-49.67545,-8.93814,10.42,-1.86,2.92,2.0
1758075366.32921,1758075366.30504,0.0,0.0,0.0,60.38975,-102.78864,7.96411,10.42,-1.86,2.92,2.0
1758075366.34459,1758075366.31504,0.0,0.0,0.0,53.80074,-102.90323,27.1582,14.31,0.66,7.71,2.0
1758075366.36035,1758075366.32504,0.0,0.0,0.0,36.89849,-50.99325,35.52338,14.31,0.66,7.71,2.0
1758075366.3631,1758075366.33504,0.0,0.0,0.0,24.23611,-35.3515,37.58603,19.72,3.09,-0.09,2.0
1758075366.38,1758075366.34504,0.0,0.0,0.0,12.83425,-32.54401,36.55471,19.72,3.09,-0.09,2.0
1758075366.3811,1758075366.35504,0.0,0.0,0.0,-1.08862,-38.1017,27.33009,9.96,1.78,0.18,2.0
1758075366.39654,1758075366.36504,0.0,0.0,0.0,-5.21392,-36.38282,21.7724,6.58,0.54,2.34,2.0
1758075366.40022,1758075366.37504,0.0,0.0,0.0,-5.32851,-32.14294,16.3293,6.58,0.54,2.34,2.0
1758075366.41562,1758075366.38504,0.0,0.0,0.0,-1.77617,-31.51268,11.22997,8.09,-0.09,5.26,2.0
1758075366.4173,1758075366.39504,0.0,0.0,0.0,7.39116,-33.86181,6.41713,8.09,-0.09,5.26,2.0
1758075366.43535,1758075366.40504,0.0,0.0,0.0,12.60507,-31.45539,4.58366,9.58,-1.33,4.74,2.0
1758075366.43729,1758075366.41504,0.0,0.0,0.0,16.61578,-26.18417,2.97938,9.58,-1.33,4.74,2.0
1758075366.45363,1758075366.42504,0.0,0.0,0.0,18.73572,-18.9649,1.08862,11.26,-2.38,3.18,2.0
1758075366.4706,1758075366.43504,0.0,0.0,0.0,20.16812,-3.89611,-1.77617,12.0,-2.02,2.86,2.0
1758075366.47156,1758075366.44504,0.0,0.0,0.0,20.16812,7.44845,-2.97938,12.0,-2.02,2.86,2.0
1758075366.48635,1758075366.45504,0.0,0.0,0.0,19.07949,19.76705,-3.20856,11.71,-0.73,2.19,2.0
1758075366.48916,1758075366.46504,0.0,0.0,0.0,16.50119,32.54401,-2.57831,11.71,-0.73,2.19,2.0
1758075366.50464,1758075366.47504,0.0,0.0,0.0,11.34457,48.8733,-0.51566,11.21,0.39,1.85,2.0
1758075366.52068,1758075366.48504,0.0,0.0,0.0,8.136,58.04062,1.60428,11.21,0.39,1.85,2.0
1758075366.52158,1758075366.49504,0.0,0.0,0.0,5.15662,65.2599,3.09397,10.55,0.97,1.64,2.0
1758075366.53667,1758075366.50504,0.0,0.0,0.0,3.55234,71.16136,4.87014,10.55,0.97,1.64,2.0
1758075366.53927,1758075366.51504,0.0,0.0,0.0,2.86479,77.75038,5.90147,9.7,0.88,1.48,2.0
1758075366.55444,1758075366.52504,0.0,0.0,0.0,3.38045,79.75573,5.4431,8.72,0.32,1.61,2.0
1758075366.5715,1758075366.53504,0.0,0.0,0.0,4.81285,80.38599,4.1253,8.72,0.32,1.61,2.0
1758075366.5727,1758075366.54504,0.0,0.0,0.0,8.65166,76.54716,0.51566,7.7,-0.24,1.73,2.0
1758075366.58978,1758075366.55504,0.0,0.0,0.0,11.74564,72.19269,-2.23454,7.7,-0.24,1.73,2.0
1758075366.59102,1758075366.56504,0.0,0.0,0.0,13.80828,68.01009,-6.18794,6.78,-0.54,1.99,2.0
1758075366.60674,1758075366.57504,0.0,0.0,0.0,15.35527,63.54102,-9.33921,6.78,-0.54,1.99,2.0
1758075366.60792,1758075366.58504,0.0,0.0,0.0,15.87093,54.66018,-13.5218,6.17,-0.42,1.81,2.0
1758075366.62471,1758075366.59504,0.0,0.0,0.0,15.06879,47.44091,-16.04282,5.84,0.23,2.05,2.0
1758075366.6405,1758075366.60504,0.0,0.0,0.0,13.17803,39.24761,-18.73572,5.84,0.23,2.05,2.0
1758075366.64571,1758075366.61504,0.0,0.0,0.0,10.65701,30.30947,-21.31403,6.0,1.1,2.27,2.0
1758075366.64716,1758075366.62504,0.0,0.0,0.0,4.23989,17.36062,-25.89769,6.0,1.1,2.27,2.0
1758075366.66378,1758075366.63504,0.0,0.0,0.0,0.17189,2.46372,-27.1582,6.53,1.77,2.54,2.0
1758075366.68056,1758075366.64504,0.0,0.0,0.0,-6.53172,-4.64096,-31.56997,6.53,1.77,2.54,2.0
1758075366.68263,1758075366.65504,0.0,0.0,0.0,-12.43318,-15.12609,-33.68992,7.13,2.03,2.54,2.0
1758075366.69829,1758075366.66504,0.0,0.0,0.0,-21.14215,-26.47065,-36.55471,8.07,1.74,2.08,2.0
1758075366.69953,1758075366.67504,0.0,0.0,0.0,-26.81443,-30.65324,-36.6693,8.07,1.74,2.08,2.0
1758075366.71471,1758075366.68504,0.0,0.0,0.0,-31.45539,-33.68992,-34.37747,9.47,1.11,1.58,2.0
1758075366.73143,1758075366.69504,0.0,0.0,0.0,-34.72124,-36.38282,-31.56997,9.47,1.11,1.58,2.0
1758075366.73364,1758075366.70504,0.0,0.0,0.0,-36.7266,-32.48671,-24.35071,10.51,0.42,1.49,2.0
1758075366.74879,1758075366.71504,0.0,0.0,0.0,-35.92446,-25.89769,-18.10547,10.51,0.42,1.49,2.0
1758075366.74979,1758075366.72504,0.0,0.0,0.0,-35.92446,-27.2155,-10.8289,11.33,-0.52,1.24,2.0
1758075366.76475,1758075366.73504,0.0,0.0,0.0,-34.89313,-44.748,-6.58902,11.33,-0.52,1.24,2.0
1758075366.78083,1758075366.74504,0.0,0.0,0.0,-31.91375,-55.6342,-4.92744,9.71,-0.7,0.32,2.0
1758075366.78287,1758075366.75504,0.0,0.0,0.0,-29.8511,-46.2377,-0.74485,12.22,-0.4,-0.01,2.0
1758075366.79764,1758075366.76504,0.0,0.0,0.0,-28.99167,-12.77696,-1.3751,12.22,-0.4,-0.01,2.0
1758075366.79877,1758075366.77504,0.0,0.0,0.0,-32.77319,12.83425,0.85944,14.55,-0.02,0.27,2.0
1758075366.81363,1758075366.78504,0.0,0.0,0.0,-37.58603,-0.11459,-4.81285,14.55,-0.02,0.27,2.0
1758075366.82963,1758075366.79504,0.0,0.0,0.0,-41.48215,-8.30789,-7.16197,10.4,0.65,0.24,2.0
1758075366.83081,1758075366.80504,0.0,0.0,0.0,-47.09713,-14.43854,-9.85487,10.4,0.65,0.24,2.0
1758075366.84995,1758075366.81504,0.0,0.0,0.0,-58.72818,-4.23989,-9.28192,10.86,1.24,-1.52,2.0
1758075366.85081,1758075366.82504,0.0,0.0,0.0,-67.55173,6.47442,-6.07335,11.45,1.4,-1.38,2.0
1758075366.86989,1758075366.83504,0.0,0.0,0.0,-74.7137,9.4538,-0.22918,11.45,1.4,-1.38,2.0
1758075366.87075,1758075366.84504,0.0,0.0,0.0,-76.31798,-20.51189,9.05273,7.37,2.28,3.64,2.0
1758075366.88582,1758075366.85504,0.0,0.0,0.0,-79.18277,-109.54953,3.72423,7.37,2.28,3.64,2.0
1758075366.88683,1758075366.86504,0.0,0.0,0.0,-73.2813,-116.76881,-8.136,8.2,2.24,11.19,2.0
1758075366.9029,1758075366.87504,0.0,0.0,0.0,-61.53567,-77.06283,-23.37668,8.2,2.24,11.19,2.0
1758075366.91973,1758075366.88504,0.0,0.0,0.0,-46.46688,-38.61736,-34.26288,21.68,-2.43,3.0,2.0
1758075366.92066,1758075366.89504,0.0,0.0,0.0,-25.49662,-41.71133,-41.99781,13.04,-4.2,1.92,2.0
1758075366.93673,1758075366.90504,0.0,0.0,0.0,-15.41257,-58.4417,-42.34158,13.04,-4.2,1.92,2.0
1758075366.93764,1758075366.91504,0.0,0.0,0.0,-8.36518,-63.94209,-41.99781,6.44,-3.12,2.17,2.0
1758075366.95265,1758075366.92504,0.0,0.0,0.0,-4.87014,-59.81679,-40.96649,6.44,-3.12,2.17,2.0
1758075366.96993,1758075366.93504,0.0,0.0,0.0,-5.32851,-56.26446,-36.21093,7.16,-2.07,3.83,2.0
1758075366.97194,1758075366.94504,0.0,0.0,0.0,-7.04738,-56.37905,-32.14294,7.16,-2.07,3.83,2.0
1758075366.98927,1758075366.95504,0.0,0.0,0.0,-7.67763,-54.02992,-27.33009,8.08,-0.59,4.48,2.0
1758075366.9905,1758075366.96504,0.0,0.0,0.0,-8.02141,-41.25296,-19.59516,8.08,-0.59,4.48,2.0
1758075367.0058,1758075366.97504,0.0,0.0,0.0,-6.87549,-29.33544,-14.03747,10.74,0.08,2.81,2.0
1758075367.01006,1758075366.98504,0.0,0.0,0.0,-5.90147,-16.50119,-7.96411,11.48,0.25,1.68,2.0
1758075367.02572,1758075366.99504,0.0,0.0,0.0,-5.09932,-3.26586,-0.40107,11.48,0.25,1.68,2.0
1758075367.0292,1758075367.00504,0.0,0.0,0.0,-3.89611,16.10011,12.77696,10.62,0.36,0.96,2.0
1758075367.04494,1758075367.01504,0.0,0.0,0.0,-3.66693,26.12688,21.14215,10.62,0.36,0.96,2.0
1758075367.06072,1758075367.02504,0.0,0.0,0.0,-3.03668,33.46074,28.64789,9.07,0.14,1.02,2.0
1758075367.06277,1758075367.03504,0.0,0.0,0.0,-2.6929,39.13302,33.80451,9.07,0.14,1.02,2.0
1758075367.07996,1758075367.04504,0.0,0.0,0.0,-2.00535,45.49285,37.87251,7.77,-0.25,1.05,2.0
1758075367.08126,1758075367.05504,0.0,0.0,0.0,-1.66158,48.12846,37.87251,7.25,-0.54,0.92,2.0
1758075367.09597,1758075367.06504,0.0,0.0,0.0,-1.94806,51.45161,35.52338,7.25,-0.54,0.92,2.0
1758075367.09716,1758075367.07504,0.0,0.0,0.0,-2.23454,52.71212,32.48671,7.3,-0.7,0.85,2.0
1758075367.11281,1758075367.08504,0.0,0.0,0.0,-4.23989,52.65482,25.21014,7.3,-0.7,0.85,2.0
1758075367.12981,1758075367.09504,0.0,0.0,0.0,-5.78687,54.431,20.16812,7.47,-0.59,1.02,2.0
1758075367.13091,1758075367.10504,0.0,0.0,0.0,-7.33386,57.23849,15.75634,7.47,-0.59,1.02,2.0
1758075367.14712,1758075367.11504,0.0,0.0,0.0,-8.65166,58.49899,12.08941,8.2,-0.2,1.12,2.0
1758075367.14984,1758075367.12504,0.0,0.0,0.0,-10.02676,56.78012,7.84952,8.29,0.22,1.57,2.0
1758075367.16508,1758075367.13504,0.0,0.0,0.0,-10.48513,53.28508,6.07335,8.29,0.22,1.57,2.0
1758075367.18107,1758075367.14504,0.0,0.0,0.0,-10.59972,45.43555,5.61499,8.23,0.36,1.77,2.0
1758075367.18307,1758075367.15504,0.0,0.0,0.0,-10.02676,36.61201,6.53172,8.23,0.36,1.77,2.0
1758075367.19779,1758075367.16504,0.0,0.0,0.0,-8.65166,22.57454,8.70896,8.22,0.08,1.85,2.0
1758075367.19972,1758075367.17504,0.0,0.0,0.0,-6.07335,13.00614,11.80293,8.22,0.08,1.85,2.0
1758075367.21483,1758075367.18504,0.0,0.0,0.0,-2.57831,4.29718,16.38659,8.17,-0.58,1.75,2.0
1758075367.23108,1758075367.19504,0.0,0.0,0.0,2.86479,-3.66693,24.57989,8.17,-0.58,1.75,2.0
1758075367.23312,1758075367.20504,0.0,0.0,0.0,7.21927,-5.78687,30.19488,8.54,-1.33,1.56,2.0
1758075367.24777,1758075367.21504,0.0,0.0,0.0,11.63104,-5.55769,34.77854,9.31,-1.78,1.39,2.0
1758075367.24981,1758075367.22504,0.0,0.0,0.0,15.75634,-5.61499,37.92981,9.31,-1.78,1.39,2.0
1758075367.26487,1758075367.23504,0.0,0.0,0.0,21.14215,-10.8862,37.75792,9.49,-1.86,1.14,2.0
1758075367.26923,1758075367.24504,0.0,0.0,0.0,24.86637,-12.60507,34.37747,9.49,-1.86,1.14,2.0
1758075367.2851,1758075367.25504,0.0,0.0,0.0,28.24682,-11.34457,29.39274,10.0,-1.77,0.82,2.0
1758075367.30272,1758075367.26504,0.0,0.0,0.0,31.51268,-6.24524,23.66316,10.0,-1.77,0.82,2.0
1758075367.3039,1758075367.27504,0.0,0.0,0.0,36.95578,0.68755,14.61043,11.03,-1.67,0.98,2.0
1758075367.3188,1758075367.28504,0.0,0.0,0.0,41.13837,3.49504,10.02676,11.54,-1.83,0.97,2.0
1758075367.3203,1758075367.29504,0.0,0.0,0.0,45.37826,4.58366,7.33386,11.54,-1.83,0.97,2.0
1758075367.33505,1758075367.30504,0.0,0.0,0.0,47.09713,11.45916,2.40642,11.99,-2.11,0.58,2.0
1758075367.33955,1758075367.31504,0.0,0.0,0.0,48.9879,22.91831,-0.51566,11.99,-2.11,0.58,2.0
1758075367.35862,1758075367.32504,0.0,0.0,0.0,50.93595,14.72501,-2.23454,12.07,-2.14,0.73,2.0
1758075367.36029,1758075367.33504,0.0,0.0,0.0,49.90463,-9.5684,-2.34913,12.07,-2.14,0.73,2.0
1758075367.37852,1758075367.34504,0.0,0.0,0.0,52.08187,-33.51803,2.00535,9.39,-1.81,-0.27,2.0
1758075367.38134,1758075367.35504,0.0,0.0,0.0,56.49364,-43.54479,10.8862,11.65,-2.2,-1.18,2.0
1758075367.38875,1758075367.36504,0.0,0.0,0.0,58.72818,-33.17426,13.00614,11.65,-2.2,-1.18,2.0
1758075367.40521,1758075367.37504,0.0,0.0,0.0,58.90006,-33.40344,13.86558,12.18,-2.19,1.29,2.0
1758075367.42098,1758075367.38504,0.0,0.0,0.0,51.90998,-103.07512,22.40265,12.18,-2.19,1.29,2.0
1758075367.42172,1758075367.39504,0.0,0.0,0.0,51.39432,-120.03466,42.97184,10.31,-0.92,10.14,2.0
1758075367.43797,1758075367.40504,0.0,0.0,0.0,46.52417,-92.99106,51.50891,10.31,-0.92,10.14,2.0
1758075367.43976,1758075367.41504,0.0,0.0,0.0,41.08107,-60.10328,53.05589,19.3,1.86,1.42,2.0
1758075367.45518,1758075367.42504,0.0,0.0,0.0,33.68992,-54.77477,46.75336,19.3,1.86,0.89,2.0
1758075367.47364,1758075367.43504,0.0,0.0,0.0,28.24682,-65.37449,37.92981,11.44,1.27,0.89,2.0
1758075367.47403,1758075367.44504,0.0,0.0,0.0,25.15285,-69.3279,26.41335,5.85,-0.1,1.68,2.0
1758075367.48994,1758075367.45504,0.0,0.0,0.0,26.24147,-68.29657,17.47521,5.85,-0.1,1.68,2.0
1758075367.49134,1758075367.46504,0.0,0.0,0.0,33.80451,-56.32175,5.09932,7.47,-0.56,3.16,2.0
1758075367.50997,1758075367.47504,0.0,0.0,0.0,40.50812,-52.65482,0.22918,7.47,-0.56,3.16,2.0
1758075367.51166,1758075367.48504,0.0,0.0,0.0,46.69606,-50.93595,-0.74485,8.63,-0.76,4.25,2.0
1758075367.52963,1758075367.49504,0.0,0.0,0.0,50.1911,-45.89392,0.11459,8.63,-0.76,4.25,2.0
1758075367.5312,1758075367.50504,0.0,0.0,0.0,51.10783,-33.51803,4.29718,10.34,-0.77,2.86,2.0
1758075367.54905,1758075367.51504,0.0,0.0,0.0,49.79003,-21.7151,6.87549,11.99,-0.05,1.97,2.0
1758075367.55032,1758075367.52504,0.0,0.0,0.0,47.38361,-5.72958,8.93814,11.99,-0.05,1.97,2.0
1758075367.56537,1758075367.53504,0.0,0.0,0.0,43.88857,9.74028,9.39651,11.88,0.63,1.27,2.0
1758075367.58105,1758075367.54504,0.0,0.0,0.0,37.64333,29.39274,8.0787,11.88,0.63,1.27,2.0
1758075367.58238,1758075367.55504,0.0,0.0,0.0,33.05967,40.7373,5.90147,10.09,0.8,1.12,2.0
1758075367.58518,1758075367.56504,0.0,0.0,0.0,28.93437,50.93595,3.26586,10.09,0.8,1.12,2.0
1758075367.60267,1758075367.57504,0.0,0.0,0.0,24.23611,60.04598,-2.00535,9.69,0.83,1.14,2.0
1758075367.61918,1758075367.58504,0.0,0.0,0.0,22.63183,72.30728,-4.98473,10.01,0.66,1.09,2.0
1758075367.62001,1758075367.59504,0.0,0.0,0.0,22.34536,78.15145,-7.39116,10.01,0.66,1.09,2.0
1758075367.63503,1758075367.60504,0.0,0.0,0.0,23.66316,81.5892,-7.96411,9.66,0.13,1.15,2.0
1758075367.63891,1758075367.61504,0.0,0.0,0.0,26.98631,85.08423,-6.8182,9.66,0.13,1.15,2.0
1758075367.65408,1758075367.62504,0.0,0.0,0.0,30.19488,85.42801,-4.92744,9.31,-0.41,1.32,2.0
1758075367.65568,1758075367.63504,0.0,0.0,0.0,33.34615,82.56322,-3.89611,9.31,-0.41,1.32,2.0
1758075367.67437,1758075367.64504,0.0,0.0,0.0,36.15364,76.43258,-2.63561,8.73,-0.73,1.59,2.0
1758075367.67527,1758075367.65504,0.0,0.0,0.0,37.75792,61.24919,-2.11994,7.75,-0.73,1.32,2.0
1758075367.69254,1758075367.66504,0.0,0.0,0.0,37.47144,48.9879,-2.7502,7.75,-0.62,1.32,2.0
1758075367.69505,1758075367.67504,0.0,0.0,0.0,35.98175,36.38282,-4.29718,7.23,-0.01,1.38,2.0
1758075367.71143,1758075367.68504,0.0,0.0,0.0,33.46074,23.83505,-6.87549,7.23,-0.01,1.38,2.0
1758075367.72706,1758075367.69504,0.0,0.0,0.0,26.64254,5.95876,-11.00079,7.0,0.91,1.22,2.0
1758075367.73066,1758075367.70504,0.0,0.0,0.0,19.99623,-1.43239,-16.55848,7.0,0.91,1.22,2.0
1758075367.74614,1758075367.71504,0.0,0.0,0.0,12.83425,-5.78687,-22.05888,7.07,2.0,1.2,2.0
1758075367.74729,1758075367.72504,0.0,0.0,0.0,5.09932,-7.67763,-28.64789,7.07,2.0,1.2,2.0
1758075367.76212,1758075367.73504,0.0,0.0,0.0,-6.99009,-22.11617,-36.15364,7.22,2.69,1.01,2.0
1758075367.77996,1758075367.74504,0.0,0.0,0.0,-13.98017,-36.03905,-38.50277,6.7,2.55,0.77,2.0
1758075367.78093,1758075367.75504,0.0,0.0,0.0,-19.19409,-44.748,-39.01843,6.7,2.55,0.77,2.0
1758075367.79613,1758075367.76504,0.0,0.0,0.0,-24.00693,-47.38361,-36.55471,8.37,1.75,0.3,2.0
1758075367.79732,1758075367.77504,0.0,0.0,0.0,-32.88778,-22.51724,-35.00772,8.37,1.75,0.3,2.0
1758075367.81242,1758075367.78504,0.0,0.0,0.0,-36.32552,6.70361,-33.17426,12.22,1.4,0.91,2.0
1758075367.82923,1758075367.79504,0.0,0.0,0.0,-38.56006,37.01308,-31.45539,12.22,1.4,0.91,2.0
1758075367.83015,1758075367.80504,0.0,0.0,0.0,-40.39353,21.42862,-30.48136,12.41,0.91,1.54,2.0
1758075367.84516,1758075367.81504,0.0,0.0,0.0,-41.13837,4.52637,-30.25217,8.52,0.86,1.27,2.0
1758075367.84677,1758075367.82504,0.0,0.0,0.0,-42.62806,-2.29183,-31.16891,8.52,0.86,1.27,2.0
1758075367.86282,1758075367.83504,0.0,0.0,0.0,-42.85724,-0.34377,-31.16891,10.95,1.1,0.05,2.0
1758075367.87814,1758075367.84504,0.0,0.0,0.0,-42.97184,14.09476,-29.39274,10.95,1.1,0.05,2.0
1758075367.87931,1758075367.85504,0.0,0.0,0.0,-42.85724,22.05888,-26.69983,12.17,1.16,1.13,2.0
1758075367.89417,1758075367.86504,0.0,0.0,0.0,-42.28429,26.87172,-22.74642,12.17,1.16,1.13,2.0
1758075367.89641,1758075367.87504,0.0,0.0,0.0,-41.99781,30.88243,-17.93358,11.79,0.91,1.34,2.0
1758075367.91535,1758075367.88504,0.0,0.0,0.0,-42.22699,33.86181,-10.37054,11.28,0.79,0.68,2.0
1758075367.91633,1758075367.89504,0.0,0.0,0.0,-42.97184,28.476,-5.09932,11.28,0.79,0.68,2.0
1758075367.93158,1758075367.90504,0.0,0.0,0.0,-43.02913,11.34457,0.51566,9.19,1.08,1.44,2.0
1758075367.94745,1758075367.91504,0.0,0.0,0.0,-42.05511,-26.52795,4.64096,9.19,1.08,1.44,2.0
1758075367.94916,1758075367.92504,0.0,0.0,0.0,-43.60209,-64.40046,-0.97403,8.21,1.38,4.89,2.0
1758075367.96504,1758075367.93504,0.0,0.0,0.0,-41.02378,-58.3844,-7.50575,8.21,1.38,4.89,2.0
1758075367.96617,1758075367.94504,0.0,0.0,0.0,-36.49741,-39.4768,-14.03747,16.32,-0.08,4.04,2.0
1758075367.98168,1758075367.95504,0.0,0.0,0.0,-31.39809,-25.7831,-16.84496,16.32,-0.08,4.04,2.0
1758075367.99807,1758075367.96504,0.0,0.0,0.0,-27.04361,-40.45082,-18.22006,16.86,-1.64,3.01,2.0
1758075367.99932,1758075367.97504,0.0,0.0,0.0,-25.8404,-57.23849,-16.95955,11.33,-1.0,2.39,2.0
1758075368.0145,1758075367.98504,0.0,0.0,0.0,-26.41335,-69.04142,-14.66772,11.33,-1.0,2.39,2.0
1758075368.01536,1758075367.99504,0.0,0.0,0.0,-30.88243,-76.77635,-10.71431,10.03,0.03,2.45,2.0
1758075368.03172,1758075368.00504,0.0,0.0,0.0,-36.7266,-83.13618,-9.39651,10.03,0.03,2.45,2.0
1758075368.04907,1758075368.01504,0.0,0.0,0.0,-43.25832,-85.94368,-9.68299,9.16,0.84,3.26,2.0
1758075368.05029,1758075368.02504,0.0,0.0,0.0,-49.56085,-87.14688,-11.86023,9.16,0.84,3.26,2.0
1758075368.06539,1758075368.03504,0.0,0.0,0.0,-58.3844,-85.82908,-17.13144,8.71,1.15,3.06,2.0
1758075368.06719,1758075368.04504,0.0,0.0,0.0,-63.77021,-82.16215,-21.31403,9.0,0.78,2.41,2.0
1758075368.08249,1758075368.05504,0.0,0.0,0.0,-68.12468,-74.7137,-24.86637,9.0,0.78,2.41,2.0
1758075368.09827,1758075368.06504,0.0,0.0,0.0,-71.27596,-64.85883,-26.75713,10.14,0.02,1.59,2.0
1758075368.09976,1758075368.07504,0.0,0.0,0.0,-73.73967,-45.26366,-25.43933,10.14,0.02,1.59,2.0
1758075368.11424,1758075368.08504,0.0,0.0,0.0,-73.05212,-29.8511,-22.05888,10.75,-0.83,1.06,2.0
1758075368.11543,1758075368.09504,0.0,0.0,0.0,-70.47381,-15.0115,-17.47521,10.75,-0.83,1.06,2.0
1758075368.13145,1758075368.10504,0.0,0.0,0.0,-66.5204,-3.20856,-11.91752,10.09,-1.48,0.23,2.0
1758075368.14756,1758075368.11504,0.0,0.0,0.0,-58.67088,9.28192,-3.66693,8.76,-1.82,0.34,2.0
1758075368.14926,1758075368.12504,0.0,0.0,0.0,-53.34238,16.55848,1.03132,8.76,-1.82,0.34,2.0
1758075368.16459,1758075368.13504,0.0,0.0,0.0,-48.07116,22.74642,5.21392,8.09,-1.76,0.33,2.0
1758075368.16658,1758075368.14504,0.0,0.0,0.0,-44.00316,28.70519,8.25059,8.09,-1.76,0.33,2.0
1758075368.18133,1758075368.15504,0.0,0.0,0.0,-39.01843,36.95578,10.8862,7.83,-1.44,0.27,2.0
1758075368.20019,1758075368.16504,0.0,0.0,0.0,-36.89849,44.46153,11.22997,7.83,-1.44,0.27,2.0
1758075368.20109,1758075368.17504,0.0,0.0,0.0,-35.58068,52.71212,10.94349,8.23,-1.08,0.19,2.0
1758075368.21656,1758075368.18504,0.0,0.0,0.0,-35.2369,61.02001,8.99544,8.23,-1.08,0.19,2.0
1758075368.21826,1758075368.19504,0.0,0.0,0.0,-35.69527,71.44785,7.04738,8.59,-0.72,0.36,2.0
1758075368.23354,1758075368.20504,0.0,0.0,0.0,-35.2369,74.02615,6.13065,8.51,-0.43,0.58,2.0
1758075368.23772,1758075368.21504,0.0,0.0,0.0,-35.40879,72.30728,4.87014,8.51,-0.43,0.58,2.0
1758075368.25537,1758075368.22504,0.0,0.0,0.0,-35.00772,61.1346,3.55234,7.92,-0.36,0.77,2.0
1758075368.25812,1758075368.23504,0.0,0.0,0.0,-34.09099,51.6235,3.20856,7.92,-0.36,0.77,2.0
1758075368.27363,1758075368.24504,0.0,0.0,0.0,-30.30947,69.61437,6.35983,8.4,-0.48,0.71,2.0
1758075368.27535,1758075368.25504,0.0,0.0,0.0,-33.74722,53.11319,-7.79223,8.4,-0.48,0.71,2.0
1758075368.29164,1758075368.26504,0.0,0.0,0.0,-30.99702,-0.34377,-0.11459,6.57,-0.53,1.38,2.0
1758075368.30896,1758075368.27504,0.0,0.0,0.0,-22.74642,-5.72958,8.99544,8.16,-1.46,0.91,2.0
1758075368.3102,1758075368.28504,0.0,0.0,0.0,-17.24603,-2.46372,14.78231,8.16,-1.46,0.91,2.0
1758075368.32565,1758075368.29504,0.0,0.0,0.0,-10.94349,0.0,20.62648,9.03,-2.53,0.53,2.0
1758075368.3266,1758075368.30504,0.0,0.0,0.0,-1.60428,4.81285,25.55392,9.03,-2.53,0.53,2.0
1758075368.34221,1758075368.31504,0.0,0.0,0.0,4.0107,9.5684,27.50197,9.34,-3.0,1.45,2.0
1758075368.35839,1758075368.32504,0.0,0.0,0.0,9.22462,10.54242,27.96034,9.34,-3.0,1.45,2.0
1758075368.35953,1758075368.33504,0.0,0.0,0.0,13.06344,8.02141,27.2155,9.22,-2.81,0.65,2.0
1758075368.3744,1758075368.34504,0.0,0.0,0.0,17.76169,2.06265,25.43933,9.05,-2.31,0.36,2.0
1758075368.37563,1758075368.35504,0.0,0.0,0.0,20.97026,-2.46372,24.00693,9.05,-2.31,0.36,2.0
1758075368.39175,1758075368.36504,0.0,0.0,0.0,22.68913,-2.97938,21.42862,9.81,-1.86,-0.01,2.0
1758075368.40956,1758075368.37504,0.0,0.0,0.0,26.41335,8.42248,20.68378,9.81,-1.86,-0.01,2.0
1758075368.41041,1758075368.38504,0.0,0.0,0.0,30.65324,46.69606,20.05352,12.85,-1.56,0.39,2.0
1758075368.42567,1758075368.39504,0.0,0.0,0.0,30.99702,63.65561,17.18874,12.85,-1.56,0.39,2.0
1758075368.42936,1758075368.40504,0.0,0.0,0.0,34.60666,43.77398,16.55848,11.61,-1.46,1.25,2.0
1758075368.44471,1758075368.41504,0.0,0.0,0.0,37.12767,9.22462,16.67307,11.61,-1.46,1.25,2.0
1758075368.44567,1758075368.42504,0.0,0.0,0.0,39.76327,-31.51268,22.28806,7.44,-1.76,0.2,2.0
1758075368.46173,1758075368.43504,0.0,0.0,0.0,43.88857,-27.10091,25.55392,11.88,-2.63,-0.15,2.0
1758075368.47824,1758075368.44504,0.0,0.0,0.0,46.98254,-18.90761,25.89769,11.88,-2.63,-0.15,2.0
1758075368.47956,1758075368.45504,0.0,0.0,0.0,52.65482,-10.8289,24.4653,12.37,-2.87,0.56,2.0
1758075368.49472,1758075368.46504,0.0,0.0,0.0,54.71747,-7.62034,21.08485,12.37,-2.87,0.56,2.0
1758075368.49591,1758075368.47504,0.0,0.0,0.0,55.29043,-6.35983,15.69904,11.64,-2.64,0.35,2.0
1758075368.51173,1758075368.48504,0.0,0.0,0.0,53.34238,-10.8289,9.22462,11.64,-2.64,0.35,2.0
1758075368.52754,1758075368.49504,0.0,0.0,0.0,45.83662,-38.44547,2.46372,10.5,-2.15,1.43,2.0
1758075368.52944,1758075368.50504,0.0,0.0,0.0,40.68,-57.58226,7.62034,12.13,-0.88,6.03,2.0
1758075368.54448,1758075368.51504,0.0,0.0,0.0,35.12231,-59.53032,15.35527,12.13,-0.88,6.03,2.0
1758075368.54574,1758075368.52504,0.0,0.0,0.0,30.65324,-47.61279,25.21014,17.8,1.22,2.56,2.0
1758075368.56174,1758075368.53504,0.0,0.0,0.0,25.7831,-24.35071,31.91375,17.8,1.22,2.56,2.0
1758075368.57857,1758075368.54504,0.0,0.0,0.0,24.17882,-19.07949,30.53865,14.81,0.45,-0.56,2.0
1758075368.58029,1758075368.55504,0.0,0.0,0.0,23.94964,-19.59516,25.7831,14.81,0.45,-0.56,2.0
1758075368.59897,1758075368.56504,0.0,0.0,0.0,24.98096,-23.20479,19.25138,9.05,-1.02,-0.95,2.0
1758075368.60032,1758075368.57504,0.0,0.0,0.0,28.476,-31.2262,8.136,7.59,-1.29,1.35,2.0
1758075368.61669,1758075368.58504,0.0,0.0,0.0,32.20023,-36.21093,1.03132,7.59,-1.29,1.35,2.0
1758075368.62024,1758075368.59504,0.0,0.0,0.0,36.61201,-39.24761,-4.52637,8.35,-1.0,2.84,2.0
1758075368.63656,1758075368.60504,0.0,0.0,0.0,40.7373,-40.7946,-8.65166,8.35,-1.0,2.84,2.0
1758075368.64019,1758075368.61504,0.0,0.0,0.0,45.55015,-40.45082,-8.36518,9.08,-0.68,3.19,2.0
1758075368.65586,1758075368.62504,0.0,0.0,0.0,48.41494,-40.50812,-5.55769,9.08,-0.68,3.19,2.0
1758075368.65672,1758075368.63504,0.0,0.0,0.0,50.82136,-39.24761,-1.14592,8.72,-0.53,2.8,2.0
1758075368.67158,1758075368.64504,0.0,0.0,0.0,53.80074,-31.56997,5.84417,8.72,-0.53,2.8,2.0
1758075368.68757,1758075368.65504,0.0,0.0,0.0,55.23313,-23.60586,9.62569,8.75,-0.5,2.16,2.0
1758075368.68957,1758075368.66504,0.0,0.0,0.0,56.14987,-15.35527,12.204,9.15,-0.16,1.78,2.0
1758075368.70462,1758075368.67504,0.0,0.0,0.0,56.03527,-6.58902,13.86558,9.15,-0.16,1.78,2.0
1758075368.70686,1758075368.68504,0.0,0.0,0.0,53.80074,6.99009,13.80828,9.64,0.36,1.64,2.0
1758075368.72371,1758075368.69504,0.0,0.0,0.0,50.99325,15.24068,12.54778,9.64,0.36,1.64,2.0
1758075368.73983,1758075368.70504,0.0,0.0,0.0,47.38361,23.26209,10.71431,10.01,0.73,1.35,2.0
1758075368.74106,1758075368.71504,0.0,0.0,0.0,43.37291,30.53865,8.136,10.01,0.73,1.35,2.0
1758075368.75745,1758075368.72504,0.0,0.0,0.0,37.87251,41.08107,3.60963,10.33,0.72,1.22,2.0
1758075368.76029,1758075368.73504,0.0,0.0,0.0,34.72124,47.09713,-0.0573,10.51,0.55,1.19,2.0
1758075368.77722,1758075368.74504,0.0,0.0,0.0,32.14294,51.5662,-2.92208,10.51,0.55,1.19,2.0
1758075368.78,1758075368.75504,0.0,0.0,0.0,30.36677,55.11855,-5.55769,10.28,0.39,1.2,2.0
1758075368.79745,1758075368.76504,0.0,0.0,0.0,28.93437,58.72818,-6.53172,10.28,0.39,1.2,2.0
1758075368.80271,1758075368.77504,0.0,0.0,0.0,27.61657,59.98868,-6.47442,9.87,0.34,1.36,2.0
1758075368.81946,1758075368.78504,0.0,0.0,0.0,26.18417,58.72818,-5.50039,9.87,0.34,1.36,2.0
1758075368.82041,1758075368.79504,0.0,0.0,0.0,23.94964,55.11855,-4.52637,8.98,0.46,1.54,2.0
1758075368.83596,1758075368.80504,0.0,0.0,0.0,20.34,41.25296,-4.35448,7.66,0.86,1.38,2.0
1758075368.83764,1758075368.81504,0.0,0.0,0.0,17.47521,31.11161,-5.21392,7.66,0.86,1.38,2.0
1758075368.85283,1758075368.82504,0.0,0.0,0.0,14.61043,20.45459,-6.7609,7.18,1.32,1.3,2.0
1758075368.86974,1758075368.83504,0.0,0.0,0.0,8.88085,6.58902,-10.48513,7.18,1.32,1.3,2.0
1758075368.8709,1758075368.84504,0.0,0.0,0.0,4.52637,0.0,-14.49583,7.11,1.8,1.24,2.0
1758075368.88594,1758075368.85504,0.0,0.0,0.0,0.17189,-5.09932,-19.53786,7.11,1.8,1.24,2.0
1758075368.88768,1758075368.86504,0.0,0.0,0.0,-4.52637,-9.85487,-24.86637,7.17,2.05,1.29,2.0
1758075368.90399,1758075368.87504,0.0,0.0,0.0,-11.34457,-22.05888,-31.28349,7.17,2.05,1.29,2.0
1758075368.91998,1758075368.88504,0.0,0.0,0.0,-15.64175,-31.56997,-33.68992,7.04,2.03,1.03,2.0
1758075368.9212,1758075368.89504,0.0,0.0,0.0,-19.19409,-36.32552,-34.43476,7.66,1.58,0.68,2.0
1758075368.93598,1758075368.90504,0.0,0.0,0.0,-22.68913,-37.01308,-33.74722,7.66,1.58,0.68,2.0
1758075368.94002,1758075368.91504,0.0,0.0,0.0,-28.30412,-34.09099,-30.99702,9.13,0.84,0.15,2.0
1758075368.95595,1758075368.92504,0.0,0.0,0.0,-32.42941,-24.92367,-26.75713,9.13,0.84,0.15,2.0
1758075368.9569,1758075368.93504,0.0,0.0,0.0,-38.50277,-9.11003,-26.12688,11.19,0.8,0.29,2.0
1758075368.97171,1758075368.94504,0.0,0.0,0.0,-41.13837,15.41257,-24.4653,11.19,0.8,0.29,2.0
1758075368.98812,1758075368.95504,0.0,0.0,0.0,-44.40423,22.86102,-18.90761,12.99,0.84,0.35,2.0
1758075368.98985,1758075368.96504,0.0,0.0,0.0,-49.84733,-3.60963,-21.48592,8.73,1.39,0.92,2.0
1758075369.00482,1758075368.97504,0.0,0.0,0.0,-51.73809,-14.49583,-20.97026,8.73,1.39,0.92,2.0
1758075369.00679,1758075368.98504,0.0,0.0,0.0,-54.94666,-16.73037,-23.66316,10.74,1.93,-0.53,2.0
1758075369.02316,1758075368.99504,0.0,0.0,0.0,-59.75951,-4.52637,-24.23611,10.74,1.93,-0.53,2.0
1758075369.03907,1758075369.00504,0.0,0.0,0.0,-62.79618,2.7502,-23.37668,11.95,1.92,0.19,2.0
1758075369.04027,1758075369.01504,0.0,0.0,0.0,-65.54638,8.47978,-21.42862,11.95,1.92,0.19,2.0
1758075369.05486,1758075369.02504,0.0,0.0,0.0,-67.37984,10.59972,-16.272,11.58,1.52,0.68,2.0
1758075369.05621,1758075369.03504,0.0,0.0,0.0,-68.41116,8.65166,-11.57375,10.83,1.01,0.0,2.0
1758075369.0734,1758075369.04504,0.0,0.0,0.0,-67.55173,4.18259,-6.53172,10.83,1.01,0.0,2.0
1758075369.0898,1758075369.05504,0.0,0.0,0.0,-63.25455,-14.15206,-0.97403,9.45,0.75,1.22,2.0
1758075369.09206,1758075369.06504,0.0,0.0,0.0,-53.45696,-61.42108,-2.63561,9.45,0.75,1.22,2.0
1758075369.10687,1758075369.07504,0.0,0.0,0.0,-44.57612,-75.80232,-9.96947,9.97,-0.12,4.44,2.0
1758075369.10958,1758075369.08504,0.0,0.0,0.0,-35.06502,-66.74959,-19.53786,9.97,-0.12,4.44,2.0
1758075369.12508,1758075369.09504,0.0,0.0,0.0,-25.38203,-43.65939,-25.72581,17.32,-2.19,3.05,2.0
1758075369.12599,1758075369.10504,0.0,0.0,0.0,-12.37589,-17.30333,-25.38203,16.37,-2.19,0.32,2.0
1758075369.14294,1758075369.11504,0.0,0.0,0.0,-5.50039,-16.61578,-22.28806,16.37,-3.52,0.32,2.0
1758075369.15918,1758075369.12504,0.0,0.0,0.0,-0.45837,-27.33009,-18.50654,9.45,-2.47,0.15,2.0
1758075369.16002,1758075369.13504,0.0,0.0,0.0,2.34913,-44.00316,-13.69369,9.45,-2.47,0.15,2.0
1758075369.17485,1758075369.14504,0.0,0.0,0.0,3.26586,-65.89015,-7.16197,6.09,-0.93,1.08,2.0
1758075369.17603,1758075369.15504,0.0,0.0,0.0,2.29183,-76.83365,-3.72423,6.09,-0.93,1.08,2.0
1758075369.1937,1758075369.16504,0.0,0.0,0.0,-0.0573,-87.26147,-1.66158,6.54,0.22,2.94,2.0
1758075369.20912,1758075369.17504,0.0,0.0,0.0,-3.89611,-96.60069,-1.83346,6.54,0.22,2.94,2.0
1758075369.21006,1758075369.18504,0.0,0.0,0.0,-10.54242,-102.21567,-6.07335,7.68,1.16,4.28,2.0
1758075369.22499,1758075369.19504,0.0,0.0,0.0,-15.98552,-99.63737,-10.59972,9.67,1.47,2.79,2.0
1758075369.22605,1758075369.20504,0.0,0.0,0.0,-19.99623,-95.68395,-14.49583,9.67,1.47,2.79,2.0
1758075369.24309,1758075369.21504,0.0,0.0,0.0,-25.8404,-90.29816,-18.22006,10.41,1.06,1.13,2.0
1758075369.25924,1758075369.22504,0.0,0.0,0.0,-33.00237,-79.06818,-20.97026,10.41,1.06,1.13,2.0
1758075369.26006,1758075369.23504,0.0,0.0,0.0,-36.38282,-68.86953,-20.11082,11.02,0.26,0.47,2.0
1758075369.27516,1758075369.24504,0.0,0.0,0.0,-37.64333,-57.18119,-17.36062,11.02,0.26,0.47,2.0
1758075369.27634,1758075369.25504,0.0,0.0,0.0,-35.69527,-38.73195,-10.48513,11.32,-0.68,0.2,2.0
1758075369.29216,1758075369.26504,0.0,0.0,0.0,-32.14294,-26.12688,-4.69825,10.69,-1.46,-0.38,2.0
1758075369.30954,1758075369.27504,0.0,0.0,0.0,-27.50197,-13.40721,0.85944,10.69,-1.46,-0.38,2.0
1758075369.31149,1758075369.28504,0.0,0.0,0.0,-22.86102,-0.68755,5.78687,9.8,-1.63,-0.77,2.0
1758075369.32721,1758075369.29504,0.0,0.0,0.0,-16.55848,18.16276,11.34457,9.8,-1.63,-0.77,2.0
1758075369.3297,1758075369.30504,0.0,0.0,0.0,-13.12073,28.30412,13.46451,9.12,-1.17,-0.99,2.0
1758075369.34492,1758075369.31504,0.0,0.0,0.0,-10.54242,38.38818,14.20935,9.12,-1.17,-0.99,2.0
1758075369.34615,1758075369.32504,0.0,0.0,0.0,-8.93814,47.72739,14.09476,8.9,-0.46,-1.12,2.0
1758075369.3638,1758075369.33504,0.0,0.0,0.0,-8.02141,61.30648,11.63104,9.28,0.05,-1.1,2.0
1758075369.38024,1758075369.34504,0.0,0.0,0.0,-7.50575,67.89551,10.02676,9.28,0.05,-1.1,2.0
1758075369.38115,1758075369.35504,0.0,0.0,0.0,-7.67763,70.87489,7.62034,9.22,0.31,-0.84,2.0
1758075369.39678,1758075369.36504,0.0,0.0,0.0,-8.02141,70.01544,5.32851,9.22,0.31,-0.84,2.0
1758075369.39873,1758075369.37504,0.0,0.0,0.0,-8.36518,65.2599,1.83346,8.79,0.22,-0.65,2.0
1758075369.41431,1758075369.38504,0.0,0.0,0.0,-7.79223,61.02001,0.51566,8.79,0.22,-0.65,2.0
1758075369.42995,1758075369.39504,0.0,0.0,0.0,-6.70361,56.49364,0.34377,8.59,-0.11,-0.47,2.0
1758075369.4321,1758075369.40504,0.0,0.0,0.0,-4.35448,52.36834,2.06265,8.59,-0.11,-0.47,2.0
1758075369.44693,1758075369.41504,0.0,0.0,0.0,1.43239,41.99781,8.36518,8.32,-0.66,-0.35,2.0
1758075369.44977,1758075369.42504,0.0,0.0,0.0,6.18794,34.0337,14.49583,7.9,-1.44,-0.53,2.0
1758075369.46497,1758075369.43504,0.0,0.0,0.0,11.22997,29.27814,20.3973,7.9,-1.44,-0.53,2.0
1758075369.46647,1758075369.44504,0.0,0.0,0.0,17.99088,27.50197,27.2155,8.74,-2.02,-0.52,2.0
1758075369.48426,1758075369.45504,0.0,0.0,0.0,21.7151,23.0902,29.39274,8.74,-2.02,-0.52,2.0
1758075369.50029,1758075369.46504,0.0,0.0,0.0,24.98096,18.62113,29.96569,8.89,-2.12,-0.63,2.0
1758075369.50117,1758075369.47504,0.0,0.0,0.0,27.84575,12.89155,29.62192,8.89,-2.12,-0.63,2.0
1758075369.516,1758075369.48504,0.0,0.0,0.0,31.28349,-1.08862,27.38738,8.91,-1.9,-0.74,2.0
1758075369.51852,1758075369.49504,0.0,0.0,0.0,33.05967,-11.28727,24.4653,8.69,-1.59,-1.2,2.0
1758075369.53324,1758075369.50504,0.0,0.0,0.0,34.77854,-14.49583,20.16812,8.69,-1.59,-1.2,2.0
1758075369.53687,1758075369.51504,0.0,0.0,0.0,38.90384,-6.87549,17.99088,10.42,-1.48,-1.12,2.0
1758075369.55233,1758075369.52504,0.0,0.0,0.0,42.97184,18.33465,15.92823,10.42,-1.48,-1.12,2.0
1758075369.5691,1758075369.53504,0.0,0.0,0.0,44.8053,38.44547,14.78231,12.43,-1.46,-0.57,2.0
1758075369.57023,1758075369.54504,0.0,0.0,0.0,48.30034,20.16812,9.33921,12.43,-1.46,-0.57,2.0
1758075369.58506,1758075369.55504,0.0,0.0,0.0,51.73809,-14.61043,6.7609,8.56,-1.47,-0.14,2.0
1758075369.58896,1758075369.56504,0.0,0.0,0.0,58.67088,-71.56243,18.50654,7.45,-2.35,-2.65,2.0
1758075369.60433,1758075369.57504,0.0,0.0,0.0,62.56699,-68.41116,24.35071,7.45,-2.35,-2.65,2.0
1758075369.62029,1758075369.58504,0.0,0.0,0.0,65.2599,-55.40502,26.69983,12.58,-3.16,-1.02,2.0
1758075369.62124,1758075369.59504,0.0,0.0,0.0,68.23928,-47.89928,28.07493,12.58,-3.16,-1.02,2.0
1758075369.63901,1758075369.60504,0.0,0.0,0.0,69.27061,-46.75336,24.80907,11.03,-3.02,-1.04,2.0
1758075369.63981,1758075369.61504,0.0,0.0,0.0,67.37984,-47.15443,20.3973,11.03,-3.02,-1.04,2.0
1758075369.65529,1758075369.62504,0.0,0.0,0.0,63.59832,-48.30034,14.9542,10.02,-2.4,-0.62,2.0
1758075369.65868,1758075369.63504,0.0,0.0,0.0,57.29578,-53.45696,9.74028,10.02,-2.4,-0.62,2.0
1758075369.67534,1758075369.64504,0.0,0.0,0.0,44.63341,-64.80153,7.96411,10.3,-1.09,1.0,2.0
1758075369.67792,1758075369.65504,0.0,0.0,0.0,34.66395,-71.50513,11.00079,14.23,1.97,2.44,2.0
1758075369.69406,1758075369.66504,0.0,0.0,0.0,26.12688,-75.34396,16.95955,14.23,1.97,2.44,2.0
1758075369.71032,1758075369.67504,0.0,0.0,0.0,16.67307,-78.89629,27.2155,16.99,4.18,1.02,2.0
1758075369.71281,1758075369.68504,0.0,0.0,0.0,12.89155,-77.75038,29.56462,16.99,4.18,1.02,2.0
1758075369.72919,1758075369.69504,0.0,0.0,0.0,11.11538,-74.65641,27.73116,14.05,2.43,-0.77,2.0
1758075369.73005,1758075369.70504,0.0,0.0,0.0,11.00079,-69.95815,23.54857,14.05,2.43,-0.77,2.0
1758075369.7451,1758075369.71504,0.0,0.0,0.0,13.46451,-61.76485,14.66772,9.37,-0.17,-0.23,2.0
1758075369.74742,1758075369.72504,0.0,0.0,0.0,17.6471,-55.23313,8.47978,7.23,-1.03,1.35,2.0
1758075369.76439,1758075369.73504,0.0,0.0,0.0,23.31938,-44.28964,1.71887,7.23,-1.03,1.35,2.0
1758075369.78041,1758075369.74504,0.0,0.0,0.0,31.39809,-35.06502,-3.95341,7.55,-1.32,2.54,2.0
1758075369.78132,1758075369.75504,0.0,0.0,0.0,45.37826,-20.97026,-8.65166,7.55,-1.32,2.54,2.0
1758075369.79635,1758075369.76504,0.0,0.0,0.0,55.23313,-8.36518,-8.30789,8.75,-1.76,1.69,2.0
1758075369.79841,1758075369.77504,0.0,0.0,0.0,64.57235,2.86479,-5.61499,8.75,-1.76,1.69,2.0
1758075369.81394,1758075369.78504,0.0,0.0,0.0,71.84892,15.69904,-2.63561,10.96,-1.83,0.17,2.0
1758075369.83016,1758075369.79504,0.0,0.0,0.0,77.4639,41.42485,1.14592,13.47,-0.52,-0.93,2.0
1758075369.83134,1758075369.80504,0.0,0.0,0.0,76.83365,59.75951,2.92208,13.47,-0.52,-0.93,2.0
1758075369.84721,1758075369.81504,0.0,0.0,0.0,73.79697,71.90621,3.38045,13.29,1.1,-1.6,2.0
1758075369.84982,1758075369.82504,0.0,0.0,0.0,68.92683,75.40125,3.38045,13.29,1.1,-1.6,2.0
1758075369.86536,1758075369.83504,0.0,0.0,0.0,59.87409,79.29736,1.94806,10.6,1.63,-0.97,2.0
1758075369.86955,1758075369.84504,0.0,0.0,0.0,53.62885,83.42266,0.97403,10.6,1.63,-0.97,2.0
1758075369.88542,1758075369.85504,0.0,0.0,0.0,47.09713,85.71449,-0.17189,9.69,1.59,-0.76,2.0
1758075369.88871,1758075369.86504,0.0,0.0,0.0,36.61201,85.77179,-1.71887,9.69,1.59,-0.76,2.0
1758075369.90418,1758075369.87504,0.0,0.0,0.0,28.76248,84.2248,-2.86479,8.61,1.74,-0.31,2.0
1758075369.9203,1758075369.88504,0.0,0.0,0.0,20.68378,83.02158,-4.18259,8.03,1.94,-0.19,2.0
1758075369.92217,1758075369.89504,0.0,0.0,0.0,11.57375,80.67246,-6.41713,8.03,1.94,-0.19,2.0
1758075369.93853,1758075369.90504,0.0,0.0,0.0,-2.11994,70.87489,-11.22997,7.61,2.1,0.03,2.0
1758075369.94024,1758075369.91504,0.0,0.0,0.0,-10.8289,59.41573,-13.5218,7.61,2.1,0.03,2.0
1758075369.95553,1758075369.92504,0.0,0.0,0.0,-21.42862,52.36834,-19.70975,7.46,2.27,0.28,2.0
1758075369.9588,1758075369.93504,0.0,0.0,0.0,-29.96569,42.68536,-23.37668,7.46,2.27,0.28,2.0
1758075369.97444,1758075369.94504,0.0,0.0,0.0,-41.65404,28.99167,-30.93972,7.81,2.54,0.6,2.0
1758075369.99046,1758075369.95504,0.0,0.0,0.0,-48.52953,16.04282,-33.9764,7.89,2.64,0.67,2.0
1758075369.99463,1758075369.96504,0.0,0.0,0.0,-54.25911,-1.43239,-35.75257,7.89,2.64,0.67,2.0
1758075370.01031,1758075369.97504,0.0,0.0,0.0,-57.81144,-16.67307,-36.38282,7.63,2.19,0.57,2.0
1758075370.01222,1758075369.98504,0.0,0.0,0.0,-61.65026,-27.61657,-34.77854,7.63,2.19,0.57,2.0
1758075370.02949,1758075369.99504,0.0,0.0,0.0,-63.42643,-26.87172,-31.97105,9.17,1.29,-0.03,2.0
1758075370.03044,1758075370.00504,0.0,0.0,0.0,-64.45775,-24.23611,-27.84575,9.17,1.29,-0.03,2.0
1758075370.04556,1758075370.01504,0.0,0.0,0.0,-66.11933,-15.87093,-24.92367,10.67,0.64,-0.1,2.0
1758075370.04885,1758075370.02504,0.0,0.0,0.0,-66.635,15.0115,-22.34536,12.55,0.23,-0.75,2.0
1758075370.0645,1758075370.03504,0.0,0.0,0.0,-64.51505,28.07493,-16.50119,12.55,0.23,-0.75,2.0
1758075370.08058,1758075370.04504,0.0,0.0,0.0,-66.11933,1.60428,-17.99088,9.39,0.44,-0.67,2.0
1758075370.08148,1758075370.05504,0.0,0.0,0.0,-66.69229,-21.31403,-17.13144,9.39,0.44,-0.67,2.0
1758075370.09832,1758075370.06504,0.0,0.0,0.0,-67.37984,-29.27814,-18.44924,9.37,1.15,-2.85,2.0
1758075370.10036,1758075370.07504,0.0,0.0,0.0,-68.01009,-23.0902,-16.50119,9.37,1.15,-2.85,2.0
1758075370.11533,1758075370.08504,0.0,0.0,0.0,-69.61437,-12.14671,-14.20935,11.94,1.48,-2.45,2.0
1758075370.12335,1758075370.09504,0.0,0.0,0.0,-71.84892,2.63561,-9.68299,11.94,1.48,-2.45,2.0
1758075370.13988,1758075370.10504,0.0,0.0,0.0,-72.53646,9.28192,-6.58902,12.51,1.33,-0.95,2.0
1758075370.14539,1758075370.11504,0.0,0.0,0.0,-72.65105,12.54778,-3.72423,11.86,1.19,-1.06,2.0
1758075370.16036,1758075370.12504,0.0,0.0,0.0,-71.73432,12.89155,-1.08862,11.86,1.19,-1.06,2.0
1758075370.16339,1758075370.13504,0.0,0.0,0.0,-69.04142,9.28192,2.11994,10.67,0.95,-1.15,2.0
1758075370.17936,1758075370.14504,0.0,0.0,0.0,-66.40582,4.46907,3.95341,10.67,0.95,-1.15,2.0
1758075370.18033,1758075370.15504,0.0,0.0,0.0,-62.91077,-2.11994,5.32851,9.45,0.62,-1.17,2.0
1758075370.19538,1758075370.16504,0.0,0.0,0.0,-58.26981,-11.80293,5.95876,9.45,0.62,-1.17,2.0
1758075370.19737,1758075370.17504,0.0,0.0,0.0,-48.58683,-33.40344,2.46372,8.63,0.02,0.12,2.0
1758075370.2136,1758075370.18504,0.0,0.0,0.0,-40.50812,-49.04519,-3.89611,9.89,-1.33,1.38,2.0
1758075370.21939,1758075370.19504,0.0,0.0,0.0,-32.20023,-62.68159,-13.23533,9.89,-1.33,1.38,2.0
1758075370.23562,1758075370.20504,0.0,0.0,0.0,-24.12152,-72.19269,-24.63719,13.02,-2.69,2.12,2.0
1758075370.23898,1758075370.21504,0.0,0.0,0.0,-13.17803,-77.75038,-39.70598,13.02,-2.69,2.12,2.0
1758075370.25466,1758075370.22504,0.0,0.0,0.0,-7.79223,-81.41731,-44.57612,13.7,-2.67,1.59,2.0
1758075370.27041,1758075370.23504,0.0,0.0,0.0,-5.55769,-89.15224,-45.83662,13.7,-2.67,1.59,2.0
1758075370.27159,1758075370.24504,0.0,0.0,0.0,-5.50039,-99.00711,-44.63341,9.35,-0.87,1.7,2.0
1758075370.2864,1758075370.25504,0.0,0.0,0.0,-10.31324,-104.6794,-41.48215,7.1,0.68,2.82,2.0
1758075370.2876,1758075370.26504,0.0,0.0,0.0,-15.87093,-101.18435,-37.18496,7.1,0.68,2.82,2.0
1758075370.30466,1758075370.27504,0.0,0.0,0.0,-23.20479,-96.42879,-31.62727,6.99,1.28,2.86,2.0
1758075370.32076,1758075370.28504,0.0,0.0,0.0,-35.3515,-87.14688,-23.94964,6.99,1.28,2.86,2.0
1758075370.32243,1758075370.29504,0.0,0.0,0.0,-41.71133,-63.31184,-17.93358,8.58,1.2,1.92,2.0
1758075370.33827,1758075370.30504,0.0,0.0,0.0,-46.2377,-45.55015,-11.91752,8.58,1.2,1.92,2.0
1758075370.33974,1758075370.31504,0.0,0.0,0.0,-48.41494,-24.80907,-6.35983,10.94,0.31,-0.74,2.0
1758075370.35444,1758075370.32504,0.0,0.0,0.0,-47.03984,7.33386,1.3751,10.94,0.31,-0.74,2.0
1758075370.37071,1758075370.33504,0.0,0.0,0.0,-43.94586,28.36141,5.09932,13.41,-0.91,-2.04,2.0
1758075370.37248,1758075370.34504,0.0,0.0,0.0,-39.82057,47.32632,8.136,13.71,-1.5,-2.19,2.0
1758075370.38933,1758075370.35504,0.0,0.0,0.0,-35.12231,63.48372,10.59972,13.71,-1.5,-2.19,2.0
1758075370.39053,1758075370.36504,0.0,0.0,0.0,-28.93437,84.51128,12.60507,12.17,-1.25,-1.5,2.0
1758075370.40542,1758075370.37504,0.0,0.0,0.0,-24.92367,93.7359,13.69369,12.17,-1.25,-1.5,2.0
1758075370.40746,1758075370.38504,0.0,0.0,0.0,-21.94428,97.9185,13.34992,10.18,-0.8,-0.75,2.0
1758075370.42474,1758075370.39504,0.0,0.0,0.0,-19.13679,96.5434,12.204,10.18,-0.8,-0.75,2.0
1758075370.44055,1758075370.40504,0.0,0.0,0.0,-15.06879,87.77714,8.65166,8.55,-0.84,-0.03,2.0
1758075370.4425,1758075370.41504,0.0,0.0,0.0,-12.60507,79.18277,4.98473,8.19,-1.18,0.18,2.0
1758075370.45784,1758075370.42504,0.0,0.0,0.0,-9.62569,70.87489,1.3751,8.19,-1.18,0.18,2.0
1758075370.45897,1758075370.43504,0.0,0.0,0.0,-6.24524,64.57235,-1.66158,8.71,-1.51,0.01,2.0
1758075370.47377,1758075370.44504,0.0,0.0,0.0,-0.17189,57.81144,-4.0107,8.71,-1.51,0.01,2.0
1758075370.48955,1758075370.45504,0.0,0.0,0.0,4.64096,53.11319,-3.26586,9.12,-1.71,-0.16,2.0
1758075370.49073,1758075370.46504,0.0,0.0,0.0,10.25595,47.38361,-0.51566,9.12,-1.71,-0.16,2.0
1758075370.50576,1758075370.47504,0.0,0.0,0.0,16.67307,42.05511,7.10468,8.91,-1.72,-0.17,2.0
1758075370.50677,1758075370.48504,0.0,0.0,0.0,28.24682,34.49206,14.32395,9.0,-1.72,-0.72,2.0
1758075370.52286,1758075370.49504,0.0,0.0,0.0,35.06502,32.71589,21.08485,9.0,-1.72,-0.72,2.0
1758075370.53857,1758075370.50504,0.0,0.0,0.0,41.76862,34.0337,27.50197,9.76,-1.67,-1.1,2.0
1758075370.53978,1758075370.51504,0.0,0.0,0.0,48.8733,38.21629,33.74722,9.76,-1.67,-1.1,2.0
1758075370.55489,1758075370.52504,0.0,0.0,0.0,52.36834,39.64868,35.40879,10.16,-1.4,-1.03,2.0
1758075370.57085,1758075370.53504,0.0,0.0,0.0,55.00395,38.61736,35.69527,10.16,-1.4,-1.03,2.0
1758075370.57178,1758075370.54504,0.0,0.0,0.0,56.60823,34.77854,34.14828,9.47,-1.09,-1.41,2.0
1758075370.58689,1758075370.55504,0.0,0.0,0.0,57.29578,19.48057,29.39274,9.47,-1.09,-1.76,2.0
1758075370.58967,1758075370.56504,0.0,0.0,0.0,57.12389,6.53172,24.23611,8.24,-0.87,-1.76,2.0
1758075370.60491,1758075370.57504,0.0,0.0,0.0,56.37905,-0.0573,18.16276,8.13,-0.76,-1.91,2.0
1758075370.62087,1758075370.58504,0.0,0.0,0.0,57.58226,-0.68755,12.83425,8.13,-0.76,-1.91,2.0
1758075370.62291,1758075370.59504,0.0,0.0,0.0,59.75951,2.92208,9.74028,9.83,-0.84,-1.35,2.0
1758075370.63763,1758075370.60504,0.0,0.0,0.0,59.35843,14.49583,6.35983,9.83,-0.84,-1.35,2.0
1758075370.63881,1758075370.61504,0.0,0.0,0.0,55.6342,26.06958,4.18259,11.74,-0.84,-0.67,2.0
1758075370.65386,1758075370.62504,0.0,0.0,0.0,52.36834,7.16197,-6.41713,11.74,-0.84,-0.67,2.0
1758075370.66968,1758075370.63504,0.0,0.0,0.0,54.71747,-66.80688,-6.58902,8.31,-0.38,-0.07,2.0
1758075370.67119,1758075370.64504,0.0,0.0,0.0,56.37905,-99.46548,6.8182,7.86,-0.82,-3.36,2.0
1758075370.68564,1758075370.65504,0.0,0.0,0.0,54.94666,-95.91314,13.34992,7.86,-0.82,-3.36,2.0
1758075370.68682,1758075370.66504,0.0,0.0,0.0,55.51962,-86.74582,19.25138,12.15,-1.06,-0.75,2.0
1758075370.7049,1758075370.67504,0.0,0.0,0.0,55.40502,-89.55331,22.74642,12.15,-1.06,-0.75,2.0
1758075370.72094,1758075370.68504,0.0,0.0,0.0,53.51426,-96.60069,22.51724,9.3,-0.65,-0.69,2.0
1758075370.72183,1758075370.69504,0.0,0.0,0.0,49.33167,-102.61675,19.19409,9.3,-0.65,-0.69,2.0
1758075370.73689,1758075370.70504,0.0,0.0,0.0,39.76327,-110.86734,13.06344,8.05,-0.02,1.36,2.0
1758075370.73785,1758075370.71504,0.0,0.0,0.0,32.42941,-135.10345,12.08941,8.1,1.71,4.69,2.0
1758075370.75265,1758075370.72504,0.0,0.0,0.0,25.15285,-152.63596,16.50119,8.1,1.71,4.69,2.0
1758075370.76905,1758075370.73504,0.0,0.0,0.0,18.90761,-159.74065,23.66316,13.36,4.13,6.87,2.0
1758075370.76989,1758075370.74504,0.0,0.0,0.0,17.99088,-162.60542,37.92981,13.36,4.13,6.87,2.0
1758075370.78491,1758075370.75504,0.0,0.0,0.0,20.34,-152.063,44.57612,16.94,3.89,4.03,2.0
1758075370.80106,1758075370.76504,0.0,0.0,0.0,24.4653,-134.87427,48.24305,16.94,3.89,4.03,2.0
1758075370.80223,1758075370.77504,0.0,0.0,0.0,28.30412,-110.46626,48.24305,15.05,-0.21,1.25,2.0
1758075370.81793,1758075370.78504,0.0,0.0,0.0,33.63263,-72.36457,40.85189,11.09,-3.62,-0.37,2.0
1758075370.81931,1758075370.79504,0.0,0.0,0.0,34.72124,-46.2377,28.87707,11.09,-3.62,-0.37,2.0
1758075370.83451,1758075370.80504,0.0,0.0,0.0,34.26288,-19.82434,14.32395,10.21,-3.82,-0.91,2.0
1758075370.85074,1758075370.81504,0.0,0.0,0.0,32.88778,4.52637,0.0,10.21,-3.82,-0.91,2.0
1758075370.85147,1758075370.82504,0.0,0.0,0.0,29.39274,36.21093,-18.90761,12.12,-1.57,-1.63,2.0
1758075370.86699,1758075370.83504,0.0,0.0,0.0,26.06958,57.81144,-27.67386,12.12,-1.57,-1.63,2.0
1758075370.87031,1758075370.84504,0.0,0.0,0.0,22.00158,76.0315,-33.51803,15.06,1.71,-2.06,2.0
1758075370.88591,1758075370.85504,0.0,0.0,0.0,18.33465,86.11556,-35.58068,15.06,1.71,-2.06,2.0
1758075370.88736,1758075370.86504,0.0,0.0,0.0,13.46451,92.01703,-32.25753,13.54,3.04,-0.89,2.0
1758075370.90307,1758075370.87504,0.0,0.0,0.0,9.5684,93.04835,-27.61657,10.72,2.1,0.66,2.0
1758075370.91912,1758075370.88504,0.0,0.0,0.0,5.50039,92.07432,-22.40265,10.72,2.1,0.66,2.0
1758075370.9202,1758075370.89504,0.0,0.0,0.0,0.68755,90.12627,-15.64175,9.3,1.14,1.4,2.0
1758075370.93492,1758075370.90504,0.0,0.0,0.0,-7.96411,83.47996,-12.83425,9.3,1.14,1.4,2.0
1758075370.95108,1758075370.91504,0.0,0.0,0.0,-15.35527,75.05748,-13.12073,8.9,1.31,1.47,2.0
1758075370.95148,1758075370.92504,0.0,0.0,0.0,-22.40265,61.24919,-15.24068,8.9,1.31,1.47,2.0
1758075370.9669,1758075370.93504,0.0,0.0,0.0,-36.26823,52.65482,-25.38203,9.55,2.03,0.97,2.0
1758075370.96915,1758075370.94504,0.0,0.0,0.0,-42.22699,49.15978,-32.37212,11.22,2.64,0.59,2.0
1758075370.9838,1758075370.95504,0.0,0.0,0.0,-47.38361,46.52417,-40.7946,11.22,2.64,0.59,2.0
1758075371.00007,1758075370.96504,0.0,0.0,0.0,-50.64947,41.76862,-46.86795,11.5,2.31,0.38,2.0
1758075371.00047,1758075370.97504,0.0,0.0,0.0,-51.79538,30.76784,-52.08187,11.5,2.31,0.38,2.0
1758075371.01607,1758075370.98504,0.0,0.0,0.0,-50.363,23.20479,-52.42564,10.51,1.51,0.02,2.0
1758075371.0189,1758075370.99504,0.0,0.0,0.0,-49.15978,16.73037,-50.59217,10.51,1.51,0.02,2.0
1758075371.03403,1758075371.00504,0.0,0.0,0.0,-46.86795,8.36518,-47.49821,9.15,0.65,-0.5,2.0
1758075371.04982,1758075371.01504,0.0,0.0,0.0,-43.88857,-2.63561,-39.4195,7.95,-0.02,-0.4,2.0
1758075371.05039,1758075371.02504,0.0,0.0,0.0,-42.74266,3.49504,-33.68992,7.95,-0.02,-0.4,2.0
1758075371.06667,1758075371.03504,0.0,0.0,0.0,-37.81522,21.37133,-31.91375,9.03,-0.19,-0.13,2.0
1758075371.06863,1758075371.04504,0.0,0.0,0.0,-40.7946,44.17505,-28.476,9.03,-0.19,-0.13,2.0
1758075371.08406,1758075371.05504,0.0,0.0,0.0,-38.78925,28.99167,-23.0329,7.93,-0.31,0.95,2.0
1758075371.09986,1758075371.06504,0.0,0.0,0.0,-41.88322,-2.97938,-26.87172,7.93,-0.31,0.95,2.0
1758075371.10039,1758075371.07504,0.0,0.0,0.0,-43.25832,-18.10547,-27.1582,2.72,0.07,0.77,2.0
1758075371.11698,1758075371.08504,0.0,0.0,0.0,-47.61279,-20.74107,-29.96569,2.72,0.07,0.77,2.0
1758075371.11786,1758075371.09504,0.0,0.0,0.0,-52.19646,-10.31324,-30.82513,5.07,0.63,-0.13,2.0
1758075371.1329,1758075371.10504,0.0,0.0,0.0,-54.60288,-2.92208,-30.30947,5.31,0.99,0.91,2.0
1758075371.14911,1758075371.11504,0.0,0.0,0.0,-56.55093,2.86479,-29.62192,5.31,0.99,0.91,2.0
1758075371.15,1758075371.12504,0.0,0.0,0.0,-57.58226,10.25595,-26.01229,5.83,1.0,1.1,2.0
1758075371.16519,1758075371.13504,0.0,0.0,0.0,-56.89471,14.66772,-22.74642,5.83,1.0,1.1,2.0
1758075371.16605,1758075371.14504,0.0,0.0,0.0,-54.88936,17.36062,-18.56383,7.19,0.54,1.1,2.0
1758075371.18142,1758075371.15504,0.0,0.0,0.0,-52.25375,18.27736,-13.69369,7.19,0.54,1.1,2.0
1758075371.19871,1758075371.16504,0.0,0.0,0.0,-44.63341,14.09476,-0.57296,9.53,-0.47,1.36,2.0
1758075371.20015,1758075371.17504,0.0,0.0,0.0,-37.29956,8.25059,11.80293,13.99,-1.23,-1.08,2.0
1758075371.21511,1758075371.18504,0.0,0.0,0.0,-28.476,0.80214,24.86637,13.99,-1.23,-1.08,2.0
1758075371.21641,1758075371.19504,0.0,0.0,0.0,-19.88164,-4.0107,35.86716,17.18,-1.01,-1.49,2.0
1758075371.23144,1758075371.20504,0.0,0.0,0.0,-9.28192,-3.20856,42.1124,17.18,-1.01,-1.49,2.0
1758075371.24694,1758075371.21504,0.0,0.0,0.0,-4.29718,-1.08862,39.53409,16.63,-0.24,-1.51,2.0
1758075371.24921,1758075371.22504,0.0,0.0,0.0,-0.57296,1.08862,33.11696,16.63,-0.24,-1.51,2.0
1758075371.26417,1758075371.23504,0.0,0.0,0.0,1.03132,2.7502,23.66316,13.88,0.72,-1.75,2.0
1758075371.26511,1758075371.24504,0.0,0.0,0.0,0.17189,7.16197,6.7609,11.53,1.72,-1.26,2.0
1758075371.28044,1758075371.25504,0.0,0.0,0.0,-2.7502,10.8289,-4.35448,11.53,1.72,-1.26,2.0
1758075371.29674,1758075371.26504,0.0,0.0,0.0,-6.7609,14.78231,-14.03747,10.08,2.47,-0.38,2.0
1758075371.29898,1758075371.27504,0.0,0.0,0.0,-11.80293,18.73572,-21.88699,10.08,2.47,-0.38,2.0
1758075371.31391,1758075371.28504,0.0,0.0,0.0,-19.76705,25.26744,-29.10626,9.27,2.79,0.05,2.0
1758075371.31541,1758075371.29504,0.0,0.0,0.0,-24.86637,29.39274,-30.82513,9.27,2.79,0.05,2.0
1758075371.33287,1758075371.30504,0.0,0.0,0.0,-29.50733,32.42941,-29.56462,8.6,2.77,0.41,2.0
1758075371.34928,1758075371.31504,0.0,0.0,0.0,-32.83048,33.05967,-23.49127,8.6,2.77,0.41,2.0
1758075371.3505,1758075371.32504,0.0,0.0,0.0,-34.95043,29.56462,-17.6471,7.59,2.55,0.37,2.0
1758075371.36497,1758075371.33504,0.0,0.0,0.0,-34.72124,26.12688,-11.51645,7.27,2.05,0.1,2.0
1758075371.36666,1758075371.34504,0.0,0.0,0.0,-33.11696,22.40265,-4.81285,7.27,2.05,0.1,2.0
1758075371.38156,1758075371.35504,0.0,0.0,0.0,-28.59059,18.79302,4.69825,8.12,1.28,-0.36,2.0
1758075371.39945,1758075371.36504,0.0,0.0,0.0,-24.63719,16.90226,10.08406,8.12,1.28,-0.36,2.0
1758075371.40056,1758075371.37504,0.0,0.0,0.0,-20.34,15.69904,14.49583,9.56,0.49,-0.39,2.0
1758075371.41631,1758075371.38504,0.0,0.0,0.0,-15.92823,14.78231,17.76169,9.56,0.49,-0.39,2.0
1758075371.41723,1758075371.39504,0.0,0.0,0.0,-9.33921,15.12609,20.16812,10.69,0.13,-0.37,2.0
1758075371.4353,1758075371.40504,0.0,0.0,0.0,-4.69825,15.75634,20.05352,11.58,0.18,-0.04,2.0
1758075371.43623,1758075371.41504,0.0,0.0,0.0,-1.3178,15.46986,17.99088,11.58,0.18,-0.04,2.0
1758075371.45157,1758075371.42504,0.0,0.0,0.0,1.94806,14.83961,14.03747,12.41,0.29,0.5,2.0
1758075371.46892,1758075371.43504,0.0,0.0,0.0,5.15662,16.67307,5.50039,12.41,0.29,0.5,2.0
1758075371.46989,1758075371.44504,0.0,0.0,0.0,5.90147,19.70975,-0.34377,13.16,0.56,0.5,2.0
1758075371.48533,1758075371.45504,0.0,0.0,0.0,5.72958,23.54857,-5.09932,13.16,0.56,0.5,2.0
1758075371.48656,1758075371.46504,0.0,0.0,0.0,4.64096,25.55392,-8.42248,12.34,1.09,0.67,2.0
1758075371.50135,1758075371.47504,0.0,0.0,0.0,2.29183,22.63183,-9.33921,10.18,1.54,0.84,2.0
1758075371.51807,1758075371.48504,0.0,0.0,0.0,0.0,17.58981,-7.67763,10.18,1.54,0.84,2.0
1758075371.52033,1758075371.49504,0.0,0.0,0.0,-2.46372,10.19865,-4.69825,8.42,1.74,0.67,2.0
1758075371.53529,1758075371.50504,0.0,0.0,0.0,-4.81285,1.14592,-1.14592,8.42,1.74,0.67,2.0
1758075371.53626,1758075371.51504,0.0,0.0,0.0,-7.84952,-12.2613,4.87014,7.62,1.65,0.36,2.0
1758075371.55356,1758075371.52504,0.0,0.0,0.0,-9.74028,-20.79837,8.76626,7.62,1.65,0.36,2.0
1758075371.56939,1758075371.53504,0.0,0.0,0.0,-12.08941,-29.8511,11.97482,7.68,1.27,0.4,2.0
1758075371.57037,1758075371.54504,0.0,0.0,0.0,-16.38659,-44.23235,14.43854,7.68,1.27,0.4,2.0
1758075371.58543,1758075371.55504,0.0,0.0,0.0,-19.88164,-53.74345,14.38124,7.75,0.88,0.76,2.0
1758075371.58633,1758075371.56504,0.0,0.0,0.0,-23.54857,-62.22322,13.12073,8.03,0.6,1.09,2.0
1758075371.60143,1758075371.57504,0.0,0.0,0.0,-27.04361,-69.49979,11.34457,8.03,0.6,1.09,2.0
1758075371.61743,1758075371.58504,0.0,0.0,0.0,-31.56997,-73.51049,8.30789,8.47,0.22,1.19,2.0
1758075371.61865,1758075371.59504,0.0,0.0,0.0,-34.0337,-71.73432,6.41713,8.47,0.22,1.19,2.0
1758075371.63345,1758075371.60504,0.0,0.0,0.0,-35.92446,-66.69229,4.58366,9.13,-0.37,0.97,2.0
1758075371.64945,1758075371.61504,0.0,0.0,0.0,-37.01308,-59.53032,2.46372,9.13,-0.37,0.97,2.0
1758075371.65117,1758075371.62504,0.0,0.0,0.0,-37.52874,-42.97184,-1.3751,9.69,-1.05,0.42,2.0
1758075371.66619,1758075371.63504,0.0,0.0,0.0,-37.01308,-27.50197,-4.58366,10.68,-1.46,-0.42,2.0
1758075371.66929,1758075371.64504,0.0,0.0,0.0,-36.55471,-10.59972,-7.79223,10.68,-1.46,-0.42,2.0
1758075371.68446,1758075371.65504,0.0,0.0,0.0,-35.63798,6.8182,-10.8862,11.52,-1.19,-0.78,2.0
1758075371.68541,1758075371.66504,0.0,0.0,0.0,-34.60666,30.25217,-14.03747,11.52,-1.19,-0.78,2.0
1758075371.70155,1758075371.67504,0.0,0.0,0.0,-32.6013,43.02913,-14.49583,11.91,-0.56,-0.69,2.0
1758075371.71821,1758075371.68504,0.0,0.0,0.0,-30.82513,49.67545,-13.86558,11.91,-0.56,-0.69,2.0
1758075371.71938,1758075371.69504,0.0,0.0,0.0,-28.24682,51.16513,-11.91752,11.43,-0.24,-0.5,2.0
1758075371.73451,1758075371.70504,0.0,0.0,0.0,-24.4653,53.80074,-8.136,11.24,-0.27,-0.55,2.0
1758075371.73542,1758075371.71504,0.0,0.0,0.0,-21.14215,57.92604,-4.29718,11.24,-0.27,-0.55,2.0
1758075371.75152,1758075371.72504,0.0,0.0,0.0,-17.47521,60.79083,0.40107,10.99,-0.56,-0.5,2.0
1758075371.76733,1758075371.73504,0.0,0.0,0.0,-10.65701,62.85347,8.30789,10.99,-0.56,-0.5,2.0
1758075371.76915,1758075371.74504,0.0,0.0,0.0,-4.92744,63.8275,13.69369,9.9,-1.22,-0.34,2.0
1758075371.78425,1758075371.75504,0.0,0.0,0.0,1.43239,62.96807,18.9649,9.9,-1.22,-0.34,2.0
1758075371.78542,1758075371.76504,0.0,0.0,0.0,7.84952,61.07731,24.00693,9.27,-1.87,-0.57,2.0
1758075371.80155,1758075371.77504,0.0,0.0,0.0,16.67307,56.78012,29.73651,9.27,-1.87,-0.57,2.0
1758075371.82014,1758075371.78504,0.0,0.0,0.0,22.74642,53.45696,32.42941,9.28,-2.26,-0.63,2.0
1758075371.82128,1758075371.79504,0.0,0.0,0.0,28.13223,48.8733,33.80451,9.4,-2.27,-0.66,2.0
1758075371.83625,1758075371.80504,0.0,0.0,0.0,32.88778,39.01843,34.14828,9.4,-2.27,-0.66,2.0
1758075371.83744,1758075371.81504,0.0,0.0,0.0,38.44547,18.10547,30.59595,8.39,-2.05,-0.89,2.0
1758075371.85232,1758075371.82504,0.0,0.0,0.0,42.57077,13.98017,27.78845,8.39,-2.05,-0.89,2.0
1758075371.86934,1758075371.83504,0.0,0.0,0.0,46.46688,22.57454,23.49127,9.18,-1.81,-1.08,2.0
1758075371.87073,1758075371.84504,0.0,0.0,0.0,50.64947,26.52795,21.02755,9.18,-1.81,-1.08,2.0
1758075371.88937,1758075371.85504,0.0,0.0,0.0,56.20716,21.7151,15.46986,9.52,-1.55,-0.18,2.0
1758075371.89033,1758075371.86504,0.0,0.0,0.0,59.53032,16.3293,13.40721,8.91,-1.61,-0.18,2.0
1758075371.90536,1758075371.87504,0.0,0.0,0.0,61.65026,14.66772,11.17268,8.91,-1.61,-0.18,2.0
1758075371.90775,1758075371.88504,0.0,0.0,0.0,61.76485,13.86558,7.44845,9.67,-1.34,-0.07,2.0
1758075371.92233,1758075371.89504,0.0,0.0,0.0,63.94209,2.23454,1.94806,9.67,-1.34,-0.07,2.0
1758075371.93828,1758075371.90504,0.0,0.0,0.0,66.06203,-24.29341,0.45837,8.45,-1.09,-0.41,2.0
1758075371.93953,1758075371.91504,0.0,0.0,0.0,67.55173,-57.63955,1.3751,8.45,-1.09,-0.41,2.0
1758075371.95428,1758075371.92504,0.0,0.0,0.0,70.6457,-82.16215,9.4538,7.13,-1.03,-1.53,2.0
1758075371.95576,1758075371.93504,0.0,0.0,0.0,74.54182,-90.75652,20.62648,10.72,-1.84,-0.55,2.0
1758075371.97164,1758075371.94504,0.0,0.0,0.0,71.73432,-99.35089,25.61122,10.72,-1.84,-0.55,2.0
1758075371.98935,1758075371.95504,0.0,0.0,0.0,66.97877,-125.13398,34.72124,10.64,-1.99,3.18,2.0
1758075371.99098,1758075371.96504,0.0,0.0,0.0,56.55093,-145.01562,52.76942,10.64,-1.99,3.18,2.0
1758075372.00564,1758075371.97504,0.0,0.0,0.0,47.89928,-132.35326,57.81144,16.11,0.96,4.91,2.0
1758075372.00656,1758075371.98504,0.0,0.0,0.0,39.53409,-114.1905,55.51962,16.11,0.96,4.91,2.0
1758075372.02136,1758075371.99504,0.0,0.0,0.0,31.79916,-108.80469,50.2484,17.84,3.78,-1.01,2.0
1758075372.0374,1758075372.00504,0.0,0.0,0.0,21.08485,-108.86199,35.63798,17.84,3.78,0.16,2.0
1758075372.0386,1758075372.01504,0.0,0.0,0.0,18.79302,-107.37229,24.4653,12.3,1.95,0.16,2.0
1758075372.05374,1758075372.02504,0.0,0.0,0.0,19.70975,-99.98115,14.32395,10.69,0.13,0.65,2.0
1758075372.06964,1758075372.03504,0.0,0.0,0.0,23.60586,-91.67325,5.09932,10.69,0.13,0.65,2.0
1758075372.07088,1758075372.04504,0.0,0.0,0.0,34.72124,-85.31342,-1.77617,10.85,-0.97,2.33,2.0
1758075372.08568,1758075372.05504,0.0,0.0,0.0,43.25832,-80.38599,-2.63561,10.85,-0.97,2.33,2.0
1758075372.08691,1758075372.06504,0.0,0.0,0.0,51.79538,-73.3959,-1.3178,10.75,-1.84,2.59,2.0
1758075372.10169,1758075372.07504,0.0,0.0,0.0,60.50434,-62.22322,2.34913,10.75,-1.84,2.59,2.0
1758075372.11776,1758075372.08504,0.0,0.0,0.0,70.30193,-37.58603,7.33386,10.57,-1.87,1.47,2.0
1758075372.11941,1758075372.09504,0.0,0.0,0.0,73.45319,-19.25138,9.05273,10.45,-0.74,0.41,2.0
1758075372.13472,1758075372.10504,0.0,0.0,0.0,73.73967,-1.48969,9.4538,10.45,-0.74,0.41,2.0
1758075372.13564,1758075372.11504,0.0,0.0,0.0,71.04677,17.6471,9.22462,9.97,0.99,-0.47,2.0
1758075372.15143,1758075372.12504,0.0,0.0,0.0,62.68159,46.69606,6.8182,9.97,0.99,-0.47,2.0
1758075372.1675,1758075372.13504,0.0,0.0,0.0,55.29043,63.48372,4.81285,9.73,2.47,-1.04,2.0
1758075372.16944,1758075372.14504,0.0,0.0,0.0,47.89928,72.99483,2.92208,9.73,2.47,-1.04,2.0
1758075372.18474,1758075372.15504,0.0,0.0,0.0,37.12767,78.7244,2.00535,8.54,2.72,-0.99,2.0
1758075372.18563,1758075372.16504,0.0,0.0,0.0,30.76784,86.51663,1.71887,8.74,2.15,-0.75,2.0
1758075372.20155,1758075372.17504,0.0,0.0,0.0,24.57989,91.55866,1.60428,8.74,2.15,-0.75,2.0
1758075372.21768,1758075372.18504,0.0,0.0,0.0,18.9649,94.93911,0.74485,9.34,1.37,-0.72,2.0
1758075372.21861,1758075372.19504,0.0,0.0,0.0,11.28727,98.03308,-0.85944,9.34,1.37,-0.72,2.0
1758075372.23355,1758075372.20504,0.0,0.0,0.0,6.99009,99.1217,-2.11994,9.53,0.82,-0.53,2.0
1758075372.2496,1758075372.21504,0.0,0.0,0.0,3.66693,97.86119,-3.66693,9.53,0.82,-0.53,2.0
1758075372.25113,1758075372.22504,0.0,0.0,0.0,1.3178,94.82452,-4.69825,9.58,0.52,-0.14,2.0
1758075372.26549,1758075372.23504,0.0,0.0,0.0,-0.74485,86.05827,-5.4431,9.49,0.52,0.16,2.0
1758075372.26674,1758075372.24504,0.0,0.0,0.0,-1.94806,79.01089,-5.50039,9.49,0.45,0.16,2.0
1758075372.2816,1758075372.25504,0.0,0.0,0.0,-3.60963,70.47381,-5.55769,9.35,0.55,0.51,2.0
1758075372.29785,1758075372.26504,0.0,0.0,0.0,-5.84417,60.10328,-6.07335,9.35,0.55,0.51,2.0
1758075372.29878,1758075372.27504,0.0,0.0,0.0,-10.65701,39.82057,-8.02141,8.68,0.89,0.49,2.0
1758075372.31386,1758075372.28504,0.0,0.0,0.0,-15.24068,28.41871,-8.59437,8.68,0.89,0.49,2.0
1758075372.32977,1758075372.29504,0.0,0.0,0.0,-21.31403,21.7151,-12.08941,8.23,1.2,0.34,2.0
1758075372.33079,1758075372.30504,0.0,0.0,0.0,-25.89769,13.69369,-13.17803,8.23,1.2,0.34,2.0
1758075372.34576,1758075372.31504,0.0,0.0,0.0,-33.05967,1.3178,-16.10011,8.29,1.45,0.51,2.0
1758075372.34703,1758075372.32504,0.0,0.0,0.0,-36.89849,-8.70896,-17.93358,8.34,1.43,0.27,2.0
1758075372.36179,1758075372.33504,0.0,0.0,0.0,-40.27893,-22.91831,-18.56383,8.34,1.43,0.27,2.0
1758075372.3776,1758075372.34504,0.0,0.0,0.0,-42.62806,-39.13302,-19.25138,8.09,1.1,-0.06,2.0
1758075372.37905,1758075372.35504,0.0,0.0,0.0,-44.46153,-54.71747,-18.79302,8.09,1.1,-0.06,2.0
1758075372.39383,1758075372.36504,0.0,0.0,0.0,-45.09178,-59.87409,-17.13144,9.23,0.68,-0.26,2.0
1758075372.40985,1758075372.37504,0.0,0.0,0.0,-45.20637,-52.25375,-14.03747,9.23,0.68,-0.26,2.0
1758075372.41105,1758075372.38504,0.0,0.0,0.0,-45.55015,-6.87549,-8.47978,12.0,0.39,0.21,2.0
1758075372.4259,1758075372.39504,0.0,0.0,0.0,-44.51882,-2.29183,-8.65166,12.74,-0.16,0.8,2.0
1758075372.42682,1758075372.40504,0.0,0.0,0.0,-45.49285,-15.29797,-10.37054,12.74,-0.16,0.8,2.0
1758075372.44186,1758075372.41504,0.0,0.0,0.0,-45.72203,-28.93437,-12.54778,9.17,0.33,-0.1,2.0
1758075372.45788,1758075372.42504,0.0,0.0,0.0,-48.12846,-25.43933,-17.6471,9.17,0.33,-0.1,2.0
1758075372.45882,1758075372.43504,0.0,0.0,0.0,-50.64947,-9.28192,-19.42327,11.65,1.33,-0.69,2.0
1758075372.47387,1758075372.44504,0.0,0.0,0.0,-53.74345,6.41713,-19.76705,11.65,1.33,-0.69,2.0
1758075372.48991,1758075372.45504,0.0,0.0,0.0,-56.83742,18.33465,-18.9649,12.34,1.83,-0.24,2.0
1758075372.49112,1758075372.46504,0.0,0.0,0.0,-59.35843,27.50197,-15.92823,11.16,1.63,-0.35,2.0
1758075372.50563,1758075372.47504,0.0,0.0,0.0,-59.24384,27.67386,-12.71966,11.16,1.63,-0.35,2.0
1758075372.50762,1758075372.48504,0.0,0.0,0.0,-58.15522,24.23611,-9.11003,9.83,1.21,-1.02,2.0
1758075372.52395,1758075372.49504,0.0,0.0,0.0,-56.49364,18.73572,-5.09932,9.83,1.21,-1.02,2.0
1758075372.53995,1758075372.50504,0.0,0.0,0.0,-53.80074,9.68299,0.51566,9.28,0.77,-1.2,2.0
1758075372.54089,1758075372.51504,0.0,0.0,0.0,-52.13916,2.86479,3.60963,9.28,0.77,-1.2,2.0
1758075372.55596,1758075372.52504,0.0,0.0,0.0,-50.13381,-6.87549,6.18794,9.19,0.53,-0.92,2.0
1758075372.55792,1758075372.53504,0.0,0.0,0.0,-47.44091,-20.11082,6.7609,9.19,0.53,-0.92,2.0
1758075372.57299,1758075372.54504,0.0,0.0,0.0,-40.50812,-44.63341,1.3751,9.38,0.37,0.86,2.0
1758075372.58899,1758075372.55504,0.0,0.0,0.0,-34.26288,-56.83742,-5.55769,12.02,-0.31,2.45,2.0
1758075372.58989,1758075372.56504,0.0,0.0,0.0,-27.73116,-61.07731,-14.03747,12.02,-0.31,2.45,2.0
1758075372.60498,1758075372.57504,0.0,0.0,0.0,-18.16276,-57.52497,-22.74642,15.56,-1.53,1.72,2.0
1758075372.60634,1758075372.58504,0.0,0.0,0.0,-12.49048,-50.2484,-22.97561,15.56,-1.53,1.72,2.0
1758075372.62296,1758075372.59504,0.0,0.0,0.0,-8.59437,-54.02992,-20.05352,13.75,-1.74,0.47,2.0
1758075372.63876,1758075372.60504,0.0,0.0,0.0,-5.84417,-62.68159,-15.87093,13.75,-1.74,0.47,2.0
1758075372.64019,1758075372.61504,0.0,0.0,0.0,-3.72423,-75.00018,-7.50575,9.05,-0.52,0.69,2.0
1758075372.65508,1758075372.62504,0.0,0.0,0.0,-4.52637,-77.57849,-1.08862,7.45,0.37,1.67,2.0
1758075372.65594,1758075372.63504,0.0,0.0,0.0,-8.25059,-76.83365,4.18259,7.45,0.37,1.67,2.0
1758075372.67291,1758075372.64504,0.0,0.0,0.0,-14.72501,-75.91692,7.79223,7.28,0.99,2.87,2.0
1758075372.68909,1758075372.65504,0.0,0.0,0.0,-28.30412,-70.6457,8.59437,7.28,0.99,2.87,2.0
1758075372.68998,1758075372.66504,0.0,0.0,0.0,-37.75792,-63.48372,6.35983,7.23,1.29,2.55,2.0
1758075372.70482,1758075372.67503,0.0,0.0,0.0,-46.81066,-52.82671,2.34913,7.23,1.29,2.55,2.0
1758075372.70598,1758075372.68503,0.0,0.0,0.0,-53.45696,-39.4768,-1.71887,8.46,0.84,1.46,2.0
1758075372.72201,1758075372.69503,0.0,0.0,0.0,-57.63955,-11.63104,-4.98473,11.43,-0.43,0.32,2.0
1758075372.73781,1758075372.70503,0.0,0.0,0.0,-56.14987,10.08406,-5.61499,11.43,-0.43,0.32,2.0
1758075372.73935,1758075372.71503,0.0,0.0,0.0,-51.90998,30.19488,-6.35983,13.3,-2.14,-1.14,2.0
1758075372.75402,1758075372.72503,0.0,0.0,0.0,-46.1804,45.83662,-5.61499,13.3,-2.14,-1.14,2.0
1758075372.76996,1758075372.73503,0.0,0.0,0.0,-38.21629,58.84277,-5.27121,12.23,-3.11,-1.12,2.0
1758075372.77125,1758075372.74503,0.0,0.0,0.0,-33.68992,63.42643,-5.90147,12.23,-3.11,-1.12,2.0
1758075372.78601,1758075372.75503,0.0,0.0,0.0,-29.10626,66.29122,-5.50039,10.17,-2.73,-0.53,2.0
1758075372.78697,1758075372.76503,0.0,0.0,0.0,-26.24147,67.66632,-5.32851,10.17,-2.73,-0.53,2.0
1758075372.80194,1758075372.77503,0.0,0.0,0.0,-22.34536,64.62964,-4.46907,9.21,-1.78,-0.15,2.0
1758075372.81863,1758075372.78503,0.0,0.0,0.0,-21.25674,58.49899,-3.83882,8.73,-1.04,-0.05,2.0
1758075372.8198,1758075372.79503,0.0,0.0,0.0,-19.59516,50.93595,-2.46372,8.73,-1.04,-0.05,2.0
1758075372.83515,1758075372.80503,0.0,0.0,0.0,-17.58981,40.7946,1.08862,9.2,-0.76,-0.13,2.0
1758075372.83604,1758075372.81503,0.0,0.0,0.0,-15.41257,34.43476,4.58366,9.2,-0.76,-0.13,2.0
1758075372.85196,1758075372.82503,0.0,0.0,0.0,-12.43318,27.73116,7.21927,9.52,-0.98,-0.34,2.0
1758075372.86894,1758075372.83503,0.0,0.0,0.0,-8.70896,19.88164,9.96947,9.52,-0.98,-0.34,2.0
1758075372.86989,1758075372.84503,0.0,0.0,0.0,-2.46372,8.25059,12.08941,9.0,-1.42,-0.35,2.0
1758075372.88516,1758075372.85503,0.0,0.0,0.0,1.94806,-0.0573,12.71966,8.79,-1.73,-0.22,2.0
1758075372.88606,1758075372.86503,0.0,0.0,0.0,6.58902,-6.8182,12.71966,8.79,-1.73,-0.22,2.0
1758075372.90204,1758075372.87503,0.0,0.0,0.0,11.51645,-13.23533,13.00614,9.0,-1.76,-0.16,2.0
1758075372.91798,1758075372.88503,0.0,0.0,0.0,17.76169,-24.35071,13.80828,9.0,-1.76,-0.16,2.0
1758075372.91941,1758075372.89503,0.0,0.0,0.0,21.25674,-30.82513,15.92823,8.85,-1.54,-0.11,2.0
1758075372.93387,1758075372.90503,0.0,0.0,0.0,23.60586,-34.37747,19.07949,8.85,-1.54,-0.11,2.0
1758075372.94988,1758075372.91503,0.0,0.0,0.0,24.92367,-33.86181,22.74642,9.69,-1.19,0.0,2.0
1758075372.95108,1758075372.92503,0.0,0.0,0.0,25.38203,-27.38738,27.50197,10.71,-0.92,-0.31,2.0
1758075372.96588,1758075372.93503,0.0,0.0,0.0,24.80907,-20.51189,30.13758,10.71,-0.92,-0.31,2.0
1758075372.96737,1758075372.94503,0.0,0.0,0.0,23.83505,-12.14671,30.53865,10.96,-0.61,-0.31,2.0
1758075372.98187,1758075372.95503,0.0,0.0,0.0,22.86102,-4.35448,28.99167,10.96,-0.61,-0.31,2.0
1758075372.99786,1758075372.96503,0.0,0.0,0.0,21.88699,5.95876,24.17882,10.14,-0.32,-0.56,2.0
1758075372.9991,1758075372.97503,0.0,0.0,0.0,21.14215,11.57375,19.88164,10.14,-0.32,-0.56,2.0
1758075373.01394,1758075372.98503,0.0,0.0,0.0,20.79837,14.49583,16.3293,9.54,-0.26,-0.29,2.0
1758075373.02998,1758075372.99503,0.0,0.0,0.0,20.11082,11.00079,11.51645,9.54,-0.26,-0.29,2.0
1758075373.03141,1758075373.00503,0.0,0.0,0.0,19.88164,1.48969,8.47978,8.85,-0.34,-0.2,2.0
1758075373.04599,1758075373.01503,0.0,0.0,0.0,20.97026,17.99088,6.18794,10.44,-0.65,-0.38,2.0
1758075373.04746,1758075373.02503,0.0,0.0,0.0,22.74642,49.84733,4.58366,10.44,-0.65,-0.38,2.0
1758075373.06233,1758075373.03503,0.0,0.0,0.0,25.49662,74.94289,1.03132,12.81,-1.12,0.49,2.0
1758075373.07801,1758075373.04503,0.0,0.0,0.0,27.1582,52.36834,1.83346,12.81,-1.12,0.49,2.0
1758075373.07946,1758075373.05503,0.0,0.0,0.0,30.59595,16.95955,4.0107,7.96,-1.27,0.86,2.0
1758075373.09398,1758075373.06503,0.0,0.0,0.0,35.52338,-7.84952,11.45916,7.96,-1.27,0.86,2.0
1758075373.10994,1758075373.07503,0.0,0.0,0.0,42.05511,-13.12073,17.01685,9.29,-2.38,-0.54,2.0
1758075373.11119,1758075373.08503,0.0,0.0,0.0,45.77933,-10.94349,17.6471,10.76,-2.3,-0.27,2.0
1758075373.12601,1758075373.09503,0.0,0.0,0.0,49.27437,-8.02141,17.53251,10.76,-2.3,-0.27,2.0
1758075373.12777,1758075373.10503,0.0,0.0,0.0,51.27972,-4.98473,15.69904,10.3,-1.78,0.34,2.0
1758075373.14197,1758075373.11503,0.0,0.0,0.0,52.54023,-1.3178,11.34457,10.3,-1.78,0.34,2.0
1758075373.15937,1758075373.12503,0.0,0.0,0.0,52.76942,1.3178,8.02141,9.93,-1.05,-0.2,2.0
1758075373.16049,1758075373.13503,0.0,0.0,0.0,52.82671,4.35448,4.98473,9.93,-1.05,-0.2,2.0
1758075373.17502,1758075373.14503,0.0,0.0,0.0,53.05589,6.70361,2.6929,10.04,-0.51,-0.46,2.0
1758075373.17698,1758075373.15503,0.0,0.0,0.0,52.48294,3.55234,0.17189,9.75,-0.47,-0.29,2.0
1758075373.19315,1758075373.16503,0.0,0.0,0.0,51.85268,0.97403,-0.57296,9.75,-0.47,-0.29,2.0
1758075373.20933,1758075373.17503,0.0,0.0,0.0,50.82136,0.0573,-0.40107,9.95,-0.84,-0.24,2.0
1758075373.21029,1758075373.18503,0.0,0.0,0.0,49.96192,0.22918,0.34377,9.95,-0.84,-0.24,2.0
1758075373.22533,1758075373.19503,0.0,0.0,0.0,48.75871,1.3178,0.97403,10.17,-1.32,-0.36,2.0
1758075373.22626,1758075373.20503,0.0,0.0,0.0,48.35764,2.40642,2.00535,10.17,-1.32,-0.36,2.0
1758075373.24206,1758075373.21503,0.0,0.0,0.0,48.07116,4.92744,3.26586,10.21,-1.68,-0.82,2.0
1758075373.25893,1758075373.22503,0.0,0.0,0.0,47.95657,6.7609,4.52637,10.21,-1.68,-0.82,2.0
1758075373.26008,1758075373.23503,0.0,0.0,0.0,47.95657,5.55769,4.92744,9.99,-1.92,-0.81,2.0
1758075373.27534,1758075373.24503,0.0,0.0,0.0,48.30034,2.97938,5.32851,9.43,-1.92,-0.6,2.0
1758075373.2763,1758075373.25503,0.0,0.0,0.0,48.75871,1.3751,5.90147,9.43,-1.92,-0.6,2.0
1758075373.29236,1758075373.26503,0.0,0.0,0.0,48.8733,-0.40107,6.13065,9.56,-1.74,-0.69,2.0
1758075373.30909,1758075373.27503,0.0,0.0,0.0,47.95657,-3.89611,6.07335,9.56,-1.74,-0.69,2.0
1758075373.3104,1758075373.28503,0.0,0.0,0.0,45.83662,-10.48513,6.35983,9.53,-1.51,-0.04,2.0
1758075373.32511,1758075373.29503,0.0,0.0,0.0,42.28429,-17.18874,7.44845,9.53,-1.51,-0.04,2.0
1758075373.32633,1758075373.30503,0.0,0.0,0.0,34.66395,-19.13679,9.28192,10.39,-1.14,1.57,2.0
1758075373.34214,1758075373.31503,0.0,0.0,0.0,27.61657,-15.92823,8.93814,12.91,-0.02,1.59,2.0
1758075373.35933,1758075373.32503,0.0,0.0,0.0,20.79837,-13.06344,8.30789,12.91,-0.02,1.59,2.0
1758075373.36015,1758075373.33503,0.0,0.0,0.0,14.9542,-11.74564,7.21927,13.49,0.64,0.15,2.0
1758075373.37542,1758075373.34503,0.0,0.0,0.0,9.28192,-11.86023,4.1253,13.49,0.64,0.15,2.0
1758075373.37635,1758075373.35503,0.0,0.0,0.0,7.73493,-13.46451,0.34377,11.75,-0.31,-0.4,2.0
1758075373.39242,1758075373.36503,0.0,0.0,0.0,7.21927,-14.78231,-4.1253,11.75,-0.31,-0.4,2.0
1758075373.40852,1758075373.37503,0.0,0.0,0.0,7.62034,-15.75634,-8.99544,9.5,-1.32,-0.56,2.0
1758075373.40939,1758075373.38503,0.0,0.0,0.0,9.91217,-18.85031,-15.24068,8.0,-1.85,-0.13,2.0
1758075373.4242,1758075373.39503,0.0,0.0,0.0,12.83425,-20.97026,-17.76169,8.0,-1.85,-0.13,2.0
1758075373.44017,1758075373.40503,0.0,0.0,0.0,17.30333,-23.0902,-18.22006,7.33,-2.07,0.18,2.0
1758075373.4414,1758075373.41503,0.0,0.0,0.0,27.04361,-26.41335,-15.92823,7.33,-2.07,0.18,2.0
1758075373.45641,1758075373.42503,0.0,0.0,0.0,35.00772,-27.73116,-13.23533,6.92,-2.09,1.01,2.0
1758075373.4574,1758075373.43503,0.0,0.0,0.0,43.25832,-27.10091,-10.02676,6.92,-2.09,1.01,2.0
1758075373.47247,1758075373.44503,0.0,0.0,0.0,51.73809,-23.60586,-6.53172,7.22,-1.74,2.0,2.0
1758075373.48947,1758075373.45503,0.0,0.0,0.0,61.02001,-14.83961,0.57296,7.22,-1.74,2.0,2.0
1758075373.4912,1758075373.46503,0.0,0.0,0.0,63.77021,-5.50039,7.50575,8.81,-0.54,1.99,2.0
1758075373.50656,1758075373.47503,0.0,0.0,0.0,63.54102,5.72958,15.69904,12.05,1.57,0.91,2.0
1758075373.50743,1758075373.48503,0.0,0.0,0.0,60.38975,17.87628,23.37668,12.05,1.57,0.91,2.0
1758075373.52223,1758075373.49503,0.0,0.0,0.0,52.36834,30.02299,29.39274,13.74,2.41,0.13,2.0
1758075373.53823,1758075373.50503,0.0,0.0,0.0,46.52417,28.30412,28.24682,13.74,2.41,0.13,2.0
1758075373.53942,1758075373.51503,0.0,0.0,0.0,41.08107,27.1582,24.12152,11.55,0.96,0.34,2.0
1758075373.55424,1758075373.52503,0.0,0.0,0.0,36.32552,27.44468,17.58981,11.55,0.96,0.34,2.0
1758075373.57048,1758075373.53503,0.0,0.0,0.0,29.9084,30.19488,4.58366,10.78,0.03,0.57,2.0
1758075373.57168,1758075373.54503,0.0,0.0,0.0,26.24147,31.51268,-4.23989,10.44,0.34,0.7,2.0
1758075373.5865,1758075373.55503,0.0,0.0,0.0,22.40265,30.65324,-12.14671,10.44,0.34,0.7,2.0
1758075373.58933,1758075373.56503,0.0,0.0,0.0,17.81899,26.98631,-18.73572,9.38,1.11,0.51,2.0
1758075373.60449,1758075373.57503,0.0,0.0,0.0,10.48513,19.36597,-23.54857,9.38,1.11,0.51,2.0
1758075373.62057,1758075373.58503,0.0,0.0,0.0,5.61499,16.3293,-24.17882,8.8,1.71,0.18,2.0
1758075373.62146,1758075373.59503,0.0,0.0,0.0,0.85944,15.06879,-23.37668,8.8,1.71,0.18,2.0
1758075373.63759,1758075373.60503,0.0,0.0,0.0,-4.35448,13.40721,-19.53786,9.08,1.82,0.01,2.0
1758075373.64078,1758075373.61503,0.0,0.0,0.0,-11.86023,4.69825,-16.38659,8.93,1.5,0.05,2.0
1758075373.65656,1758075373.62503,0.0,0.0,0.0,-17.13144,-4.58366,-13.69369,8.93,1.5,0.05,2.0
1758075373.65827,1758075373.63503,0.0,0.0,0.0,-22.34536,-14.09476,-12.83425,8.89,1.16,-0.12,2.0
1758075373.67336,1758075373.64503,0.0,0.0,0.0,-29.62192,-26.64254,-14.78231,8.89,1.16,-0.12,2.0
1758075373.69033,1758075373.65503,0.0,0.0,0.0,-33.11696,-36.15364,-16.90226,9.33,1.01,-0.42,2.0
1758075373.69179,1758075373.66503,0.0,0.0,0.0,-38.27358,-38.38818,-25.43933,9.33,1.01,-0.42,2.0
1758075373.70897,1758075373.67503,0.0,0.0,0.0,-38.27358,-44.11775,-32.20023,9.64,0.93,-0.32,2.0
1758075373.71028,1758075373.68503,0.0,0.0,0.0,-35.92446,-42.28429,-43.54479,10.32,0.93,-0.31,2.0
1758075373.72564,1758075373.69503,0.0,0.0,0.0,-33.00237,-36.89849,-49.33167,10.32,0.52,-0.31,2.0
1758075373.72896,1758075373.70503,0.0,0.0,0.0,-29.27814,-31.97105,-52.02457,10.71,0.11,-0.35,2.0
1758075373.74545,1758075373.71503,0.0,0.0,0.0,-25.43933,-26.64254,-52.42564,10.71,0.11,-0.35,2.0
1758075373.74635,1758075373.72503,0.0,0.0,0.0,-20.05352,-20.34,-49.61814,10.7,-0.24,-0.4,2.0
1758075373.76352,1758075373.73503,0.0,0.0,0.0,-16.84496,-17.6471,-46.40959,10.7,-0.24,-0.4,2.0
1758075373.77935,1758075373.74503,0.0,0.0,0.0,-13.86558,-14.78231,-42.22699,10.49,-0.39,-0.24,2.0
1758075373.7814,1758075373.75503,0.0,0.0,0.0,-11.28727,-13.34992,-38.56006,10.49,-0.39,-0.24,2.0
1758075373.79746,1758075373.76503,0.0,0.0,0.0,-8.70896,-16.95955,-32.37212,9.92,-0.33,-0.2,2.0
1758075373.80264,1758075373.77503,0.0,0.0,0.0,-8.70896,-19.25138,-28.476,8.87,-0.1,-0.45,2.0
1758075373.81763,1758075373.78503,0.0,0.0,0.0,-8.99544,-13.80828,-22.34536,8.87,-0.1,-0.45,2.0
1758075373.81861,1758075373.79503,0.0,0.0,0.0,-11.57375,15.75634,-21.42862,11.17,0.81,0.07,2.0
1758075373.83362,1758075373.80503,0.0,0.0,0.0,-15.24068,37.75792,-21.08485,11.17,0.81,0.07,2.0
1758075373.84934,1758075373.81503,0.0,0.0,0.0,-20.16812,34.09099,-28.01764,11.03,1.06,0.92,2.0
1758075373.85079,1758075373.82503,0.0,0.0,0.0,-24.63719,23.66316,-32.14294,11.03,1.06,0.92,2.0
1758075373.86568,1758075373.83503,0.0,0.0,0.0,-32.88778,8.0787,-35.92446,10.03,1.89,-0.16,2.0
1758075373.86904,1758075373.84503,0.0,0.0,0.0,-37.58603,8.136,-33.11696,10.17,2.34,-1.41,2.0
1758075373.88467,1758075373.85503,0.0,0.0,0.0,-42.62806,12.83425,-28.41871,10.17,2.34,-1.41,2.0
1758075373.90041,1758075373.86503,0.0,0.0,0.0,-47.67009,14.83961,-22.34536,9.79,2.18,-0.65,2.0
1758075373.90426,1758075373.87503,0.0,0.0,0.0,-53.80074,9.74028,-13.75099,9.79,2.18,-0.65,2.0
1758075373.91953,1758075373.88503,0.0,0.0,0.0,-56.78012,3.83882,-8.76626,8.94,1.79,-0.11,2.0
1758075373.92061,1758075373.89503,0.0,0.0,0.0,-58.55629,-1.83346,-4.58366,8.94,1.79,-0.11,2.0
1758075373.93542,1758075373.90503,0.0,0.0,0.0,-59.98868,-6.47442,-1.71887,9.21,1.39,-0.33,2.0
1758075373.93657,1758075373.91503,0.0,0.0,0.0,-60.44705,-11.17268,0.51566,9.93,1.02,-0.39,2.0
1758075373.95405,1758075373.92503,0.0,0.0,0.0,-60.61894,-11.97482,0.34377,9.93,1.02,-0.39,2.0
1758075373.96968,1758075373.93503,0.0,0.0,0.0,-59.87409,-11.45916,-0.40107,10.81,0.83,-0.42,2.0
1758075373.97091,1758075373.94503,0.0,0.0,0.0,-59.01466,-9.33921,-1.83346,10.81,0.83,-0.42,2.0
1758075373.98571,1758075373.95503,0.0,0.0,0.0,-57.23849,-3.32316,-4.64096,11.52,0.79,-0.66,2.0
1758075373.98664,1758075373.96503,0.0,0.0,0.0,-56.83742,-0.17189,-5.95876,11.52,0.79,-0.66,2.0
1758075374.00443,1758075373.97503,0.0,0.0,0.0,-57.0093,2.97938,-7.16197,11.42,0.88,-1.26,2.0
1758075374.02046,1758075373.98503,0.0,0.0,0.0,-57.18119,7.73493,-7.21927,11.42,0.88,-1.26,2.0
1758075374.02414,1758075373.99503,0.0,0.0,0.0,-57.63955,14.78231,-5.50039,11.16,1.25,-1.18,2.0
1758075374.03974,1758075374.00503,0.0,0.0,0.0,-58.67088,18.22006,-3.89611,10.65,1.46,-0.67,2.0
1758075374.04078,1758075374.01503,0.0,0.0,0.0,-59.07195,22.91831,-1.08862,10.65,1.46,-0.67,2.0
1758075374.05552,1758075374.02503,0.0,0.0,0.0,-59.47303,25.61122,4.35448,10.18,1.34,-0.66,2.0
1758075374.05671,1758075374.03503,0.0,0.0,0.0,-59.53032,26.69983,8.25059,10.18,1.34,-0.66,2.0
1758075374.0745,1758075374.04503,0.0,0.0,0.0,-59.41573,26.81443,11.63104,9.38,1.05,-0.64,2.0
1758075374.09075,1758075374.05503,0.0,0.0,0.0,-58.84277,25.89769,14.72501,9.38,1.05,-0.64,2.0
1758075374.09173,1758075374.06503,0.0,0.0,0.0,-57.23849,24.75178,18.33465,8.9,0.84,-0.84,2.0
1758075374.10651,1758075374.07503,0.0,0.0,0.0,-55.86338,23.94964,19.88164,8.85,0.74,-0.81,2.0
1758075374.10801,1758075374.08503,0.0,0.0,0.0,-53.80074,22.74642,20.97026,8.85,0.74,-0.81,2.0
1758075374.12359,1758075374.09503,0.0,0.0,0.0,-49.96192,17.13144,21.7724,8.8,0.67,0.09,2.0
1758075374.13977,1758075374.10503,0.0,0.0,0.0,-39.24761,-12.08941,17.93358,8.8,0.67,0.09,2.0
1758075374.14016,1758075374.11503,0.0,0.0,0.0,-31.39809,-29.27814,9.4538,10.26,-0.27,4.3,2.0
1758075374.1555,1758075374.12503,0.0,0.0,0.0,-22.91831,-32.83048,-1.71887,10.26,-0.27,4.3,2.0
1758075374.15715,1758075374.13503,0.0,0.0,0.0,-14.20935,-20.74107,-11.74564,17.21,-2.64,1.93,2.0
1758075374.1728,1758075374.14503,0.0,0.0,0.0,-3.89611,2.7502,-16.67307,16.65,-1.98,-1.23,2.0
1758075374.18883,1758075374.15503,0.0,0.0,0.0,0.85944,6.47442,-13.5218,16.65,-1.98,-1.23,2.0
1758075374.18975,1758075374.16503,0.0,0.0,0.0,3.49504,0.11459,-6.87549,8.78,0.32,-1.86,2.0
1758075374.2048,1758075374.17503,0.0,0.0,0.0,3.55234,-9.22462,-0.0573,8.78,0.32,-1.86,2.0
1758075374.22088,1758075374.18503,0.0,0.0,0.0,1.08862,-15.58445,13.12073,6.06,1.77,-1.03,2.0
1758075374.22128,1758075374.19503,0.0,0.0,0.0,-3.32316,-17.58981,20.74107,6.06,1.77,-1.03,2.0
1758075374.23782,1758075374.20503,0.0,0.0,0.0,-10.59972,-21.42862,26.18417,6.67,2.83,0.67,2.0
1758075374.23902,1758075374.21503,0.0,0.0,0.0,-20.22541,-26.87172,28.70519,6.67,2.83,0.67,2.0
1758075374.25362,1758075374.22503,0.0,0.0,0.0,-37.35685,-36.32552,26.47065,6.78,3.33,1.89,2.0
1758075374.26962,1758075374.23503,0.0,0.0,0.0,-48.58683,-39.13302,21.60051,6.8,2.86,1.63,2.0
1758075374.2703,1758075374.24503,0.0,0.0,0.0,-58.72818,-38.27358,15.12609,6.8,2.86,1.63,2.0
1758075374.28563,1758075374.25503,0.0,0.0,0.0,-69.15601,-29.67921,4.52637,8.32,1.53,1.85,2.0
1758075374.28704,1758075374.26503,0.0,0.0,0.0,-72.19269,-17.6471,-3.20856,8.32,1.53,1.85,2.0
1758075374.30162,1758075374.27503,0.0,0.0,0.0,-71.44785,-1.77617,-10.02676,11.35,-0.84,1.38,2.0
1758075374.31789,1758075374.28503,0.0,0.0,0.0,-67.55173,14.38124,-16.21471,11.35,-0.84,1.38,2.0
1758075374.31909,1758075374.29503,0.0,0.0,0.0,-57.23849,33.46074,-21.60051,13.04,-3.35,-0.41,2.0
1758075374.33388,1758075374.30503,0.0,0.0,0.0,-48.9879,40.45082,-21.88699,11.64,-3.65,-0.51,2.0
1758075374.34989,1758075374.31503,0.0,0.0,0.0,-41.08107,45.20637,-20.3973,11.64,-3.65,-0.51,2.0
1758075374.35032,1758075374.32503,0.0,0.0,0.0,-33.46074,49.56085,-16.84496,9.76,-2.25,-0.07,2.0
1758075374.36587,1758075374.33503,0.0,0.0,0.0,-24.4653,57.52497,-11.00079,9.76,-2.25,-0.07,2.0
1758075374.36716,1758075374.34503,0.0,0.0,0.0,-20.51189,60.67623,-8.136,9.63,-1.07,0.03,2.0
1758075374.38183,1758075374.35503,0.0,0.0,0.0,-17.93358,59.70221,-4.98473,9.63,-1.07,0.03,2.0
1758075374.39766,1758075374.36503,0.0,0.0,0.0,-16.61578,53.80074,-2.40642,9.56,-0.3,0.33,2.0
1758075374.3997,1758075374.37503,0.0,0.0,0.0,-16.3293,42.28429,-0.11459,9.47,0.03,0.31,2.0
1758075374.41477,1758075374.38503,0.0,0.0,0.0,-16.90226,34.43476,0.68755,9.47,0.03,0.31,2.0
1758075374.41697,1758075374.39503,0.0,0.0,0.0,-17.30333,26.98631,1.3178,9.43,0.04,0.36,2.0
1758075374.43402,1758075374.40503,0.0,0.0,0.0,-16.90226,20.22541,1.43239,9.43,0.04,0.36,2.0
1758075374.43521,1758075374.41503,0.0,0.0,0.0,-15.75634,13.75099,2.00535,9.24,-0.34,0.48,2.0
1758075374.45024,1758075374.42503,0.0,0.0,0.0,-13.5218,10.31324,2.86479,9.24,-0.34,0.48,2.0
1758075374.46582,1758075374.43503,0.0,0.0,0.0,-10.37054,8.42248,4.1253,9.23,-0.88,0.41,2.0
1758075374.46687,1758075374.44503,0.0,0.0,0.0,-5.32851,7.33386,6.58902,9.23,-0.88,0.41,2.0
1758075374.48271,1758075374.45503,0.0,0.0,0.0,-2.11994,3.49504,7.84952,9.23,-1.14,0.24,2.0
1758075374.49894,1758075374.46503,0.0,0.0,0.0,0.22918,1.03132,8.36518,9.12,-0.89,0.12,2.0
1758075374.49991,1758075374.47503,0.0,0.0,0.0,1.66158,-0.74485,8.25059,9.12,-0.89,0.12,2.0
1758075374.51502,1758075374.48503,0.0,0.0,0.0,1.83346,-2.06265,6.18794,9.42,-0.28,0.05,2.0
1758075374.5159,1758075374.49503,0.0,0.0,0.0,0.74485,-1.60428,4.46907,9.42,-0.28,0.05,2.0
1758075374.53136,1758075374.50503,0.0,0.0,0.0,-0.74485,0.85944,2.92208,10.0,0.29,0.22,2.0
1758075374.54704,1758075374.51503,0.0,0.0,0.0,-1.60428,3.38045,3.03668,10.0,0.29,0.22,2.0
1758075374.54903,1758075374.52503,0.0,0.0,0.0,-0.80214,3.72423,6.41713,10.4,0.42,0.25,2.0
1758075374.56405,1758075374.53503,0.0,0.0,0.0,1.08862,5.95876,10.19865,10.27,-0.15,-0.38,2.0
1758075374.56518,1758075374.54503,0.0,0.0,0.0,2.40642,11.74564,13.00614,10.27,-0.15,-0.38,2.0
1758075374.58036,1758075374.55503,0.0,0.0,0.0,4.52637,15.64175,15.24068,10.59,-0.95,0.14,2.0
1758075374.59604,1758075374.56503,0.0,0.0,0.0,9.62569,15.69904,18.79302,10.59,-0.95,0.14,2.0
1758075374.59694,1758075374.57503,0.0,0.0,0.0,14.43854,13.06344,21.48592,10.02,-1.62,0.06,2.0
1758075374.61209,1758075374.58503,0.0,0.0,0.0,20.62648,8.88085,24.80907,10.02,-1.62,0.06,2.0
1758075374.62884,1758075374.59503,0.0,0.0,0.0,27.44468,1.83346,28.07493,9.62,-2.29,-0.33,2.0
1758075374.62996,1758075374.60503,0.0,0.0,0.0,38.84654,-12.89155,33.51803,9.02,-2.8,-0.85,2.0
1758075374.64507,1758075374.61503,0.0,0.0,0.0,45.03448,-33.63263,34.43476,9.02,-2.8,-0.85,2.0
1758075374.646,1758075374.62503,0.0,0.0,0.0,51.73809,-42.39888,32.71589,8.29,-2.96,-1.62,2.0
1758075374.66134,1758075374.63503,0.0,0.0,0.0,59.41573,-33.00237,31.74186,8.29,-2.96,-1.62,2.0
1758075374.67709,1758075374.64503,0.0,0.0,0.0,68.12468,-14.32395,29.39274,11.26,-2.94,-0.64,2.0
1758075374.67873,1758075374.65503,0.0,0.0,0.0,72.76565,2.57831,25.43933,11.26,-2.94,-0.64,2.0
1758075374.69486,1758075374.66503,0.0,0.0,0.0,74.65641,4.58366,19.42327,12.12,-2.55,-0.6,2.0
1758075374.69696,1758075374.67503,0.0,0.0,0.0,76.26069,-37.52874,13.17803,12.12,-2.55,-0.6,2.0
1758075374.7131,1758075374.68503,0.0,0.0,0.0,76.43258,-68.23928,12.14671,8.26,-1.68,0.05,2.0
1758075374.72887,1758075374.69503,0.0,0.0,0.0,76.94823,-76.43258,16.61578,10.2,-1.35,-2.57,2.0
1758075374.73005,1758075374.70503,0.0,0.0,0.0,76.60446,-68.69764,18.22006,10.2,-1.35,-2.57,2.0
1758075374.74513,1758075374.71503,0.0,0.0,0.0,74.88559,-62.91077,17.24603,11.86,-1.13,-1.42,2.0
1758075374.74604,1758075374.72503,0.0,0.0,0.0,72.70835,-61.07731,15.0115,11.86,-1.13,-1.42,2.0
1758075374.76139,1758075374.73503,0.0,0.0,0.0,69.90086,-58.21251,11.74564,9.87,-0.74,-1.65,2.0
1758075374.77716,1758075374.74503,0.0,0.0,0.0,66.40582,-55.57691,6.7609,9.87,-0.74,-1.65,2.0
1758075374.77846,1758075374.75503,0.0,0.0,0.0,61.30648,-56.37905,-2.00535,8.48,-0.55,-2.08,2.0
1758075374.79314,1758075374.76503,0.0,0.0,0.0,57.86874,-58.78547,-7.73493,7.31,-0.52,-2.22,2.0
1758075374.80886,1758075374.77503,0.0,0.0,0.0,54.60288,-64.11398,-13.23533,7.31,-0.52,-2.22,2.0
1758075374.81049,1758075374.78503,0.0,0.0,0.0,47.78468,-79.01089,-18.73572,6.79,-0.9,1.72,2.0
1758075374.82514,1758075374.79503,0.0,0.0,0.0,35.2369,-131.20735,-8.36518,6.79,-0.9,1.72,2.0
1758075374.82607,1758075374.80503,0.0,0.0,0.0,24.23611,-146.6772,11.17268,11.34,0.78,8.07,2.0
1758075374.84126,1758075374.81503,0.0,0.0,0.0,14.09476,-138.02554,33.34615,11.34,0.78,8.07,2.0
1758075374.85696,1758075374.82503,0.0,0.0,0.0,5.55769,-115.451,48.24305,22.57,5.99,0.42,2.0
1758075374.85808,1758075374.83503,0.0,0.0,0.0,-0.97403,-99.40818,53.62885,15.58,2.82,-0.06,2.0
1758075374.87301,1758075374.84503,0.0,0.0,0.0,-1.66158,-91.21489,48.41494,15.58,2.82,-0.06,2.0
1758075374.88894,1758075374.85503,0.0,0.0,0.0,0.85944,-73.10942,39.70598,8.59,-0.15,1.6,2.0
1758075374.8905,1758075374.86503,0.0,0.0,0.0,10.65701,-49.21708,19.42327,8.59,-0.15,1.6,2.0
1758075374.90497,1758075374.87503,0.0,0.0,0.0,21.02755,-11.28727,4.98473,8.86,-0.19,1.9,2.0
1758075374.90616,1758075374.88503,0.0,0.0,0.0,30.13758,8.02141,-7.84952,8.86,-0.19,1.9,2.0
1758075374.92092,1758075374.89503,0.0,0.0,0.0,38.90384,24.23611,-15.98552,10.17,-0.87,-0.27,2.0
1758075374.93695,1758075374.90503,0.0,0.0,0.0,49.96192,49.21708,-21.25674,10.17,-0.87,-0.27,2.0
1758075374.93851,1758075374.91503,0.0,0.0,0.0,55.40502,67.55173,-20.11082,13.73,-1.88,-1.66,2.0
1758075374.95324,1758075374.92503,0.0,0.0,0.0,59.07195,82.90699,-15.46986,15.65,-1.15,-2.17,2.0
1758075374.96924,1758075374.93503,0.0,0.0,0.0,61.02001,95.97043,-11.11538,15.65,-1.15,-2.17,2.0
1758075374.97017,1758075374.94503,0.0,0.0,0.0,61.24919,106.57015,-3.49504,13.08,0.3,-1.47,2.0
1758075374.98525,1758075374.95503,0.0,0.0,0.0,59.75951,108.05984,1.43239,13.08,0.3,-1.47,2.0
1758075374.98644,1758075374.96503,0.0,0.0,0.0,56.78012,106.68475,6.41713,9.4,1.22,-0.58,2.0
1758075375.0013,1758075374.97503,0.0,0.0,0.0,52.42564,103.76266,10.02676,9.4,1.22,-0.58,2.0
1758075375.01727,1758075374.98503,0.0,0.0,0.0,43.65939,95.56937,13.80828,6.65,1.94,-0.33,2.0
1758075375.01846,1758075374.99503,0.0,0.0,0.0,36.61201,87.54795,14.03747,5.0,2.2,-0.01,2.0
1758075375.03299,1758075375.00503,0.0,0.0,0.0,28.76248,77.63579,12.204,5.0,2.2,-0.01,2.0
1758075375.04929,1758075375.01503,0.0,0.0,0.0,20.74107,68.23928,8.76626,4.7,2.02,-0.33,2.0
1758075375.05018,1758075375.02503,0.0,0.0,0.0,9.05273,52.36834,2.6929,4.7,2.02,-0.33,2.0
1758075375.06522,1758075375.03503,0.0,0.0,0.0,2.40642,43.94586,0.0573,5.88,1.57,-0.33,2.0
1758075375.06625,1758075375.04503,0.0,0.0,0.0,-4.46907,39.99245,-3.26586,5.88,1.57,-0.33,2.0
1758075375.08127,1758075375.05503,0.0,0.0,0.0,-10.25595,35.58068,-7.73493,8.33,1.14,-0.02,2.0
1758075375.09726,1758075375.06503,0.0,0.0,0.0,-17.58981,23.94964,-10.08406,9.56,0.62,0.21,2.0
1758075375.09819,1758075375.07503,0.0,0.0,0.0,-21.02755,16.3293,-11.74564,9.56,0.62,0.21,2.0
1758075375.1133,1758075375.08503,0.0,0.0,0.0,-23.0902,10.19865,-12.83425,10.45,0.09,0.22,2.0
1758075375.12934,1758075375.09503,0.0,0.0,0.0,-24.12152,2.63561,-13.5218,10.45,0.09,0.22,2.0
1758075375.13022,1758075375.10503,0.0,0.0,0.0,-23.37668,-1.83346,-13.06344,10.29,-0.25,0.15,2.0
1758075375.14531,1758075375.11503,0.0,0.0,0.0,-22.51724,-6.35983,-12.54778,10.29,-0.25,0.15,2.0
1758075375.14624,1758075375.12503,0.0,0.0,0.0,-21.08485,-9.68299,-11.74564,9.85,-0.49,-0.03,2.0
1758075375.16131,1758075375.13503,0.0,0.0,0.0,-18.33465,-14.15206,-10.25595,9.85,-0.49,-0.11,2.0
1758075375.17704,1758075375.14503,0.0,0.0,0.0,-16.38659,-16.95955,-9.85487,9.66,-0.46,-0.11,2.0
1758075375.17937,1758075375.15503,0.0,0.0,0.0,-15.64175,-15.35527,-11.00079,10.12,-0.22,0.07,2.0
1758075375.19408,1758075375.16503,0.0,0.0,0.0,-15.12609,-9.28192,-12.71966,10.12,-0.22,0.07,2.0
1758075375.19572,1758075375.17503,0.0,0.0,0.0,-16.10011,-3.03668,-17.13144,10.87,0.33,-0.14,2.0
1758075375.21136,1758075375.18503,0.0,0.0,0.0,-17.36062,-6.41713,-19.13679,10.87,0.33,-0.14,2.0
1758075375.22734,1758075375.19503,0.0,0.0,0.0,-20.79837,-6.07335,-22.28806,10.34,1.01,-0.36,2.0
1758075375.22909,1758075375.20503,0.0,0.0,0.0,-24.57989,-6.18794,-24.57989,10.34,1.01,-0.36,2.0
1758075375.24486,1758075375.21503,0.0,0.0,0.0,-31.62727,-8.42248,-27.50197,10.45,1.55,-0.24,2.0
1758075375.24653,1758075375.22503,0.0,0.0,0.0,-36.84119,-10.02676,-29.56462,10.08,1.87,-0.33,2.0
1758075375.26135,1758075375.23503,0.0,0.0,0.0,-42.1124,-11.74564,-31.28349,10.08,1.87,-0.33,2.0
1758075375.2774,1758075375.24503,0.0,0.0,0.0,-47.49821,-16.61578,-32.20023,9.72,2.04,-0.57,2.0
1758075375.27947,1758075375.25503,0.0,0.0,0.0,-54.48829,-29.9084,-31.56997,9.72,2.04,-0.57,2.0
1758075375.29413,1758075375.26503,0.0,0.0,0.0,-58.15522,-39.70598,-29.22085,8.66,1.82,-1.11,2.0
1758075375.29538,1758075375.27503,0.0,0.0,0.0,-61.1346,-45.55015,-26.52795,8.66,1.82,-1.11,2.0
1758075375.31113,1758075375.28503,0.0,0.0,0.0,-68.01009,-40.45082,-21.6578,9.27,1.53,-1.78,2.0
1758075375.32892,1758075375.29503,0.0,0.0,0.0,-67.9528,8.0787,-16.73037,13.57,1.24,-1.49,2.0
1758075375.33013,1758075375.30503,0.0,0.0,0.0,-68.41116,18.44924,-15.75634,13.57,1.24,-1.49,2.0
1758075375.34542,1758075375.31503,0.0,0.0,0.0,-72.19269,5.90147,-20.05352,10.83,1.15,-0.16,2.0
1758075375.34662,1758075375.32503,0.0,0.0,0.0,-72.36457,-16.3293,-25.15285,10.83,1.15,-0.16,2.0
1758075375.36113,1758075375.33503,0.0,0.0,0.0,-71.67702,-13.86558,-27.67386,10.62,1.16,-1.65,2.0
1758075375.3785,1758075375.34503,0.0,0.0,0.0,-70.18733,-2.34913,-27.2155,10.62,1.16,-1.65,2.0
1758075375.37935,1758075375.35503,0.0,0.0,0.0,-68.58305,6.7609,-24.63719,12.56,0.75,-1.99,2.0
1758075375.39449,1758075375.36503,0.0,0.0,0.0,-66.69229,18.85031,-17.81899,11.4,0.15,-1.09,2.0
1758075375.39539,1758075375.37503,0.0,0.0,0.0,-65.2599,22.86102,-12.37589,11.4,0.15,-1.09,2.0
1758075375.41118,1758075375.38503,0.0,0.0,0.0,-63.54102,22.51724,-6.18794,9.71,-0.22,-1.42,2.0
1758075375.42729,1758075375.39503,0.0,0.0,0.0,-61.65026,18.73572,0.51566,9.71,-0.22,-1.42,2.0
1758075375.4292,1758075375.40503,0.0,0.0,0.0,-59.75951,8.93814,11.17268,7.99,-0.45,-1.55,2.0
1758075375.44449,1758075375.41503,0.0,0.0,0.0,-59.07195,3.03668,17.87628,7.99,-0.45,-1.55,2.0
1758075375.44544,1758075375.42503,0.0,0.0,0.0,-58.67088,-1.08862,24.17882,7.45,-0.78,-1.48,2.0
1758075375.46157,1758075375.43503,0.0,0.0,0.0,-57.41038,-7.04738,29.27814,7.45,-0.78,-1.48,2.0
1758075375.47824,1758075375.44503,0.0,0.0,0.0,-50.3057,-27.1582,31.45539,7.78,-1.05,0.6,2.0
1758075375.48015,1758075375.45503,0.0,0.0,0.0,-42.22699,-43.14373,25.7831,11.16,-1.74,4.55,2.0
1758075375.49522,1758075375.46503,0.0,0.0,0.0,-30.93972,-61.42108,15.41257,11.16,-1.74,4.55,2.0
1758075375.49967,1758075375.47503,0.0,0.0,0.0,-22.05888,-80.55787,-8.30789,16.16,-2.92,2.71,2.0
1758075375.51526,1758075375.48503,0.0,0.0,0.0,-11.11538,-82.7924,-19.36597,16.16,-2.92,2.71,2.0
1758075375.51997,1758075375.49503,0.0,0.0,0.0,-5.90147,-82.7924,-23.54857,16.5,-1.58,1.25,2.0
1758075375.53555,1758075375.50503,0.0,0.0,0.0,-4.18259,-85.71449,-23.83505,16.5,-1.58,1.25,2.0
1758075375.53724,1758075375.51503,0.0,0.0,0.0,-6.70361,-80.90164,-20.22541,10.79,0.8,2.77,2.0
1758075375.55234,1758075375.52503,0.0,0.0,0.0,-12.43318,-70.6457,-16.272,8.18,1.96,2.88,2.0
1758075375.56931,1758075375.53503,0.0,0.0,0.0,-21.02755,-58.09792,-11.63104,8.18,1.96,2.88,2.0
1758075375.57053,1758075375.54503,0.0,0.0,0.0,-30.59595,-43.37291,-7.16197,6.69,2.22,1.03,2.0
1758075375.58524,1758075375.55503,0.0,0.0,0.0,-43.77398,-21.08485,-0.57296,6.69,2.22,1.03,2.0
1758075375.58912,1758075375.56503,0.0,0.0,0.0,-49.38896,-6.24524,3.32316,7.36,2.09,0.27,2.0
1758075375.60451,1758075375.57503,0.0,0.0,0.0,-52.02457,11.51645,6.58902,7.36,2.09,0.27,2.0
1758075375.60554,1758075375.58503,0.0,0.0,0.0,-51.27972,32.14294,8.70896,10.65,0.96,-0.74,2.0
1758075375.62163,1758075375.59503,0.0,0.0,0.0,-46.1231,59.70221,8.02141,12.43,-1.02,-1.73,2.0
1758075375.63813,1758075375.60503,0.0,0.0,0.0,-40.45082,72.88023,5.27121,12.43,-1.02,-1.73,2.0
1758075375.63942,1758075375.61503,0.0,0.0,0.0,-33.51803,79.75573,2.00535,11.05,-2.6,-1.17,2.0
1758075375.65459,1758075375.62503,0.0,0.0,0.0,-25.26744,79.52654,-2.97938,11.05,-2.6,-1.17,2.0
1758075375.65584,1758075375.63503,0.0,0.0,0.0,-11.80293,75.00018,-11.57375,9.38,-3.05,-0.19,2.0
1758075375.67162,1758075375.64503,0.0,0.0,0.0,-2.92208,70.41652,-16.61578,9.38,-3.05,-0.19,2.0
1758075375.68733,1758075375.65503,0.0,0.0,0.0,5.55769,64.62964,-19.70975,8.47,-2.76,-0.06,2.0
1758075375.68934,1758075375.66503,0.0,0.0,0.0,12.37589,59.98868,-21.25674,8.47,-2.76,-0.06,2.0
1758075375.70458,1758075375.67503,0.0,0.0,0.0,21.48592,55.97798,-19.07949,8.07,-2.18,-0.41,2.0
1758075375.7056,1758075375.68503,0.0,0.0,0.0,27.50197,53.62885,-14.15206,8.78,-1.59,-0.45,2.0
1758075375.72256,1758075375.69503,0.0,0.0,0.0,32.88778,49.50356,-7.21927,8.78,-1.59,-0.45,2.0
1758075375.73838,1758075375.70503,0.0,0.0,0.0,39.53409,41.02378,4.52637,9.51,-1.12,-0.48,2.0
1758075375.73961,1758075375.71503,0.0,0.0,0.0,42.39888,34.72124,12.60507,9.51,-1.12,-0.48,2.0
1758075375.7546,1758075375.72503,0.0,0.0,0.0,43.54479,27.33009,19.76705,10.2,-0.59,-0.44,2.0
1758075375.75669,1758075375.73503,0.0,0.0,0.0,43.31561,19.36597,24.63719,10.2,-0.59,-0.44,2.0
1758075375.77372,1758075375.74503,0.0,0.0,0.0,40.68,11.91752,27.38738,10.03,0.11,-0.34,2.0
1758075375.78936,1758075375.75503,0.0,0.0,0.0,37.87251,11.00079,27.33009,9.99,0.71,0.0,2.0
1758075375.79058,1758075375.76503,0.0,0.0,0.0,34.66395,9.5684,26.12688,9.99,0.71,0.0,2.0
1758075375.80567,1758075375.77503,0.0,0.0,0.0,31.45539,5.72958,23.54857,9.13,0.92,0.35,2.0
1758075375.8066,1758075375.78503,0.0,0.0,0.0,27.04361,-0.34377,17.93358,9.13,0.92,0.35,2.0
1758075375.82167,1758075375.79503,0.0,0.0,0.0,24.00693,-2.7502,13.75099,8.78,0.81,0.72,2.0
1758075375.83764,1758075375.80503,0.0,0.0,0.0,22.00158,-5.84417,9.96947,8.78,0.81,0.72,2.0
1758075375.83859,1758075375.81503,0.0,0.0,0.0,20.97026,-9.4538,6.99009,8.84,0.5,0.91,2.0
1758075375.85368,1758075375.82503,0.0,0.0,0.0,20.85567,-15.64175,4.69825,9.16,0.04,0.81,2.0
1758075375.86943,1758075375.83503,0.0,0.0,0.0,22.28806,-12.77696,3.83882,9.16,0.04,0.81,2.0
1758075375.87065,1758075375.84503,0.0,0.0,0.0,24.35071,-5.72958,3.32316,10.3,-0.53,0.28,2.0
1758075375.88547,1758075375.85503,0.0,0.0,0.0,26.47065,3.32316,2.46372,10.3,-0.53,0.28,2.0
1758075375.8869,1758075375.86503,0.0,0.0,0.0,30.82513,17.76169,1.77617,10.87,-0.91,0.68,2.0
1758075375.90146,1758075375.87503,0.0,0.0,0.0,35.2369,23.94964,3.32316,10.87,-0.91,0.68,2.0
1758075375.9187,1758075375.88503,0.0,0.0,0.0,40.7946,22.86102,6.13065,10.63,-1.18,0.74,2.0
1758075375.92006,1758075375.89503,0.0,0.0,0.0,47.09713,17.01685,11.74564,10.63,-1.18,0.74,2.0
1758075375.93446,1758075375.90503,0.0,0.0,0.0,59.01466,7.21927,16.50119,9.6,-1.65,0.17,2.0
1758075375.93606,1758075375.91503,0.0,0.0,0.0,68.41116,1.20321,21.7151,9.66,-2.2,-0.53,2.0
1758075375.95178,1758075375.92503,0.0,0.0,0.0,77.29202,-6.47442,27.44468,9.66,-2.2,-0.53,2.0
1758075375.96774,1758075375.93503,0.0,0.0,0.0,92.13161,-24.17882,34.77854,9.27,-2.74,-1.09,2.0
1758075375.96948,1758075375.94503,0.0,0.0,0.0,100.5541,-42.51347,38.38818,9.27,-2.74,-1.09,2.0
1758075375.98447,1758075375.95503,0.0,0.0,0.0,106.74203,-60.79083,37.87251,8.28,-2.98,-2.12,2.0
1758075375.98571,1758075375.96503,0.0,0.0,0.0,113.21647,-56.14987,36.03905,8.28,-2.98,-2.12,2.0
1758075376.0019,1758075375.97503,0.0,0.0,0.0,119.00334,-36.95578,30.99702,10.64,-2.81,-2.55,2.0
1758075376.01858,1758075375.98503,0.0,0.0,0.0,121.00869,-27.2155,26.87172,11.75,-2.07,-1.89,2.0
1758075376.01993,1758075375.99503,0.0,0.0,0.0,120.66492,-13.23533,21.60051,11.75,-2.07,-1.89,2.0
1758075376.03456,1758075376.00503,0.0,0.0,0.0,117.80012,-4.18259,16.21471,11.93,-1.21,-1.93,2.0
1758075376.03763,1758075376.01503,0.0,0.0,0.0,113.38836,-8.70896,6.53172,11.93,-1.21,-1.93,2.0
1758075376.05432,1758075376.02503,0.0,0.0,0.0,112.47161,-39.01843,1.83346,8.85,-0.64,-2.37,2.0
1758075376.05552,1758075376.03503,0.0,0.0,0.0,107.83066,-63.02536,-4.98473,8.85,-0.64,-2.37,2.0
1758075376.07184,1758075376.04503,0.0,0.0,0.0,107.37229,-81.5892,-3.09397,6.99,-0.48,-3.71,2.0
1758075376.0878,1758075376.05503,0.0,0.0,0.0,104.45021,-89.6679,-1.71887,9.16,-1.07,-2.31,2.0
1758075376.0895,1758075376.06503,0.0,0.0,0.0,101.58542,-92.93376,-3.26586,9.16,-1.07,-2.31,2.0
1758075376.10457,1758075376.07503,0.0,0.0,0.0,98.03308,-95.62666,-2.92208,8.62,-1.09,-1.84,2.0
1758075376.10576,1758075376.08503,0.0,0.0,0.0,91.38677,-101.35624,-1.94806,8.62,-1.09,-1.84,2.0
1758075376.12176,1758075376.09503,0.0,0.0,0.0,72.82294,-126.2226,5.95876,8.83,-0.53,4.74,2.0
1758075376.13857,1758075376.10503,0.0,0.0,0.0,55.97798,-148.73985,23.72045,8.83,-0.53,4.74,2.0
1758075376.13956,1758075376.11503,0.0,0.0,0.0,39.01843,-159.45416,46.86795,14.16,5.19,3.68,2.0
1758075376.1546,1758075376.12503,0.0,0.0,0.0,21.14215,-147.02098,76.26069,14.16,5.19,3.68,2.0
1758075376.15659,1758075376.13503,0.0,0.0,0.0,15.75634,-132.06677,82.84971,17.93,8.1,-0.65,2.0
1758075376.17417,1758075376.14503,0.0,0.0,0.0,12.89155,-110.81004,75.97421,11.74,2.44,0.75,2.0
1758075376.18962,1758075376.15503,0.0,0.0,0.0,16.50119,-87.08958,65.83286,11.74,2.44,0.75,2.0
1758075376.1919,1758075376.16503,0.0,0.0,0.0,28.41871,-38.21629,38.21629,8.74,-0.27,1.46,2.0
1758075376.20686,1758075376.17503,0.0,0.0,0.0,38.44547,-13.06344,15.75634,8.74,-0.27,1.46,2.0
1758075376.20891,1758075376.18503,0.0,0.0,0.0,47.15443,12.204,-4.81285,8.07,-1.56,-0.87,2.0
1758075376.22385,1758075376.19503,0.0,0.0,0.0,55.11855,34.26288,-18.73572,8.07,-1.56,-0.87,2.0
1758075376.23985,1758075376.20503,0.0,0.0,0.0,62.56699,72.0208,-30.93972,12.35,-2.38,-1.69,2.0
1758075376.24085,1758075376.21503,0.0,0.0,0.0,64.45775,94.25156,-34.77854,17.47,-1.3,-3.91,2.0
1758075376.25589,1758075376.22503,0.0,0.0,0.0,65.83286,108.86199,-33.46074,17.47,-1.3,-3.91,2.0
1758075376.25684,1758075376.23503,0.0,0.0,0.0,66.00475,118.08661,-27.73116,15.76,0.77,-2.68,2.0
1758075376.27197,1758075376.24503,0.0,0.0,0.0,64.62964,125.47776,-14.83961,15.76,0.77,-2.68,2.0
1758075376.28794,1758075376.25503,0.0,0.0,0.0,62.56699,126.62368,-5.27121,12.23,1.77,-0.81,2.0
1758075376.28965,1758075376.26503,0.0,0.0,0.0,59.87409,125.0194,2.97938,12.23,1.77,-0.81,2.0
1758075376.30493,1758075376.27503,0.0,0.0,0.0,55.6342,121.46706,10.19865,8.69,1.71,-0.25,2.0
1758075376.30586,1758075376.28503,0.0,0.0,0.0,46.1231,111.21111,16.21471,6.25,2.04,0.09,2.0
1758075376.32189,1758075376.29503,0.0,0.0,0.0,37.81522,102.33027,17.58981,6.25,2.04,0.09,2.0
1758075376.33795,1758075376.30503,0.0,0.0,0.0,28.24682,91.50137,16.67307,4.95,2.31,0.14,2.0
1758075376.33971,1758075376.31503,0.0,0.0,0.0,13.23533,79.64114,13.17803,4.95,2.31,0.14,2.0
1758075376.35499,1758075376.32503,0.0,0.0,0.0,4.0107,60.50434,9.74028,5.21,2.26,0.07,2.0
1758075376.35615,1758075376.33503,0.0,0.0,0.0,-4.35448,47.38361,5.78687,5.21,2.26,0.07,2.0
1758075376.37198,1758075376.34503,0.0,0.0,0.0,-11.57375,38.15899,2.40642,6.64,1.73,0.27,2.0
1758075376.38885,1758075376.35503,0.0,0.0,0.0,-19.88164,31.39809,-3.83882,6.64,1.73,0.27,2.0
1758075376.38992,1758075376.36503,0.0,0.0,0.0,-22.91831,26.35606,-8.0787,9.27,0.83,0.45,2.0
1758075376.40483,1758075376.37503,0.0,0.0,0.0,-24.86637,20.05352,-11.86023,10.26,-0.11,0.55,2.0
1758075376.40593,1758075376.38503,0.0,0.0,0.0,-25.72581,13.34992,-14.09476,10.26,-0.11,0.55,2.0
1758075376.42176,1758075376.39503,0.0,0.0,0.0,-24.57989,6.8182,-15.06879,10.37,-0.76,0.26,2.0
1758075376.43914,1758075376.40503,0.0,0.0,0.0,-22.74642,4.35448,-13.86558,10.37,-0.76,0.26,2.0
1758075376.43996,1758075376.41503,0.0,0.0,0.0,-20.85567,2.57831,-11.57375,10.4,-1.15,0.15,2.0
1758075376.4548,1758075376.42503,0.0,0.0,0.0,-17.87628,0.34377,-9.28192,10.4,-1.15,0.15,2.0
1758075376.45594,1758075376.43503,0.0,0.0,0.0,-13.69369,-1.08862,-5.27121,10.35,-1.1,0.06,2.0
1758075376.47256,1758075376.44503,0.0,0.0,0.0,-10.59972,-1.71887,-3.55234,10.48,-0.68,0.16,2.0
1758075376.48915,1758075376.45503,0.0,0.0,0.0,-8.59437,-1.94806,-2.34913,10.48,-0.68,0.16,2.0
1758075376.48995,1758075376.46503,0.0,0.0,0.0,-7.79223,0.80214,-2.40642,10.59,-0.1,0.09,2.0
1758075376.50505,1758075376.47503,0.0,0.0,0.0,-8.42248,10.19865,-3.83882,10.59,-0.1,0.09,2.0
1758075376.50597,1758075376.48503,0.0,0.0,0.0,-10.31324,13.34992,-6.35983,11.16,0.5,0.24,2.0
1758075376.52284,1758075376.49503,0.0,0.0,0.0,-13.46451,13.17803,-9.22462,11.16,0.5,0.24,2.0
1758075376.53887,1758075376.50503,0.0,0.0,0.0,-17.58981,12.14671,-12.2613,10.79,1.05,0.25,2.0
1758075376.54,1758075376.51503,0.0,0.0,0.0,-25.21014,8.93814,-15.69904,10.79,1.35,0.14,2.0
1758075376.55507,1758075376.52503,0.0,0.0,0.0,-31.62727,7.10468,-19.70975,10.79,1.35,0.14,2.0
1758075376.55601,1758075376.53503,0.0,0.0,0.0,-38.44547,2.92208,-23.72045,10.1,1.63,0.18,2.0
1758075376.57485,1758075376.54503,0.0,0.0,0.0,-47.49821,-3.83882,-31.56997,10.1,1.63,0.18,2.0
1758075376.57765,1758075376.55503,0.0,0.0,0.0,-52.48294,-12.77696,-36.26823,9.34,1.89,-0.2,2.0
1758075376.59511,1758075376.56503,0.0,0.0,0.0,-57.12389,-25.8404,-39.70598,9.34,1.89,-0.2,2.0
1758075376.59764,1758075376.57503,0.0,0.0,0.0,-59.53032,-37.92981,-40.04975,8.28,1.66,-0.93,2.0
1758075376.61382,1758075376.58503,0.0,0.0,0.0,-63.42643,-40.7373,-34.09099,8.28,1.66,-0.89,2.0
1758075376.62986,1758075376.59503,0.0,0.0,0.0,-66.92148,-14.61043,-31.62727,9.71,1.22,-0.89,2.0
1758075376.63107,1758075376.60503,0.0,0.0,0.0,-67.37984,16.67307,-26.12688,13.58,0.66,-0.88,2.0
1758075376.64695,1758075376.61503,0.0,0.0,0.0,-64.85883,18.16276,-23.60586,13.58,0.66,-0.88,2.0
1758075376.65022,1758075376.62503,0.0,0.0,0.0,-61.70755,-7.67763,-28.13223,9.72,0.67,0.19,2.0
1758075376.66704,1758075376.63503,0.0,0.0,0.0,-59.64491,-17.01685,-32.54401,9.72,0.67,0.19,2.0
1758075376.66942,1758075376.64503,0.0,0.0,0.0,-56.89471,-14.78231,-33.74722,10.18,0.83,-1.68,2.0
1758075376.68523,1758075376.65503,0.0,0.0,0.0,-53.91533,-6.13065,-31.62727,10.18,0.83,-1.68,2.0
1758075376.68612,1758075376.66503,0.0,0.0,0.0,-50.47758,3.03668,-23.49127,10.65,0.67,-2.44,2.0
1758075376.70195,1758075376.67503,0.0,0.0,0.0,-48.12846,5.95876,-16.90226,9.27,0.38,-1.53,2.0
1758075376.71793,1758075376.68503,0.0,0.0,0.0,-46.00851,7.39116,-9.68299,9.27,0.38,-1.53,2.0
1758075376.7196,1758075376.69503,0.0,0.0,0.0,-43.31561,4.87014,-2.86479,8.31,0.21,-1.44,2.0
1758075376.73389,1758075376.70503,0.0,0.0,0.0,-38.90384,-2.34913,7.04738,8.31,0.21,-1.44,2.0
1758075376.74994,1758075376.71503,0.0,0.0,0.0,-36.89849,-6.99009,12.43318,7.56,-0.02,-1.84,2.0
1758075376.75217,1758075376.72503,0.0,0.0,0.0,-34.66395,-13.12073,17.36062,7.56,-0.02,-1.84,2.0
1758075376.77026,1758075376.73503,0.0,0.0,0.0,-31.16891,-20.22541,22.40265,7.23,-0.13,-1.79,2.0
1758075376.77242,1758075376.74503,0.0,0.0,0.0,-27.67386,-39.07573,22.68913,7.34,-0.25,1.13,2.0
1758075376.78856,1758075376.75503,0.0,0.0,0.0,-21.7724,-52.48294,20.34,7.34,-0.25,1.13,2.0
1758075376.78974,1758075376.76503,0.0,0.0,0.0,-11.91752,-72.99483,14.49583,10.34,-1.21,4.19,2.0
1758075376.80515,1758075376.77503,0.0,0.0,0.0,1.71887,-102.90323,-3.38045,10.34,-1.21,4.19,2.0
1758075376.80943,1758075376.78503,0.0,0.0,0.0,10.71431,-111.4976,-15.06879,15.18,-2.82,4.17,2.0
1758075376.82494,1758075376.79503,0.0,0.0,0.0,17.53251,-116.42503,-23.26209,15.18,-2.82,4.17,2.0
1758075376.82692,1758075376.80503,0.0,0.0,0.0,20.3973,-123.87349,-26.87172,15.14,-2.87,2.22,2.0
1758075376.84423,1758075376.81503,0.0,0.0,0.0,16.50119,-122.89946,-28.07493,10.77,-2.87,2.62,2.0
1758075376.86019,1758075376.82503,0.0,0.0,0.0,9.85487,-108.6901,-24.86637,10.77,-0.77,2.62,2.0
1758075376.86122,1758075376.83503,0.0,0.0,0.0,1.3178,-91.27219,-19.99623,9.4,0.69,1.73,2.0
1758075376.87614,1758075376.84503,0.0,0.0,0.0,-7.79223,-74.7137,-15.06879,9.4,0.69,1.73,2.0
1758075376.87717,1758075376.85503,0.0,0.0,0.0,-19.13679,-47.26902,-8.36518,8.54,1.24,0.51,2.0
1758075376.89223,1758075376.86503,0.0,0.0,0.0,-24.23611,-30.48136,-4.64096,8.54,1.24,0.51,2.0
1758075376.90927,1758075376.87503,0.0,0.0,0.0,-25.49662,-8.76626,-1.71887,10.17,0.78,-0.67,2.0
1758075376.9102,1758075376.88503,0.0,0.0,0.0,-22.91831,14.38124,0.68755,10.17,0.78,-0.67,2.0
1758075376.92528,1758075376.89503,0.0,0.0,0.0,-15.64175,43.94586,2.06265,12.89,-0.67,-1.31,2.0
1758075376.92647,1758075376.90503,0.0,0.0,0.0,-10.8289,53.17049,1.60428,11.82,-2.09,-1.59,2.0
1758075376.94417,1758075376.91503,0.0,0.0,0.0,-6.35983,57.12389,0.51566,11.82,-2.09,-1.59,2.0
1758075376.96002,1758075376.92503,0.0,0.0,0.0,-3.49504,61.24919,-2.06265,10.57,-2.73,-0.9,2.0
1758075376.962,1758075376.93503,0.0,0.0,0.0,0.74485,66.46311,-6.70361,10.57,-2.73,-0.9,2.0
1758075376.97903,1758075376.94503,0.0,0.0,0.0,4.23989,65.03072,-9.05273,9.87,-2.61,-0.39,2.0
1758075376.97984,1758075376.95503,0.0,0.0,0.0,7.67763,61.53567,-11.57375,9.87,-2.61,-0.39,2.0
1758075376.99533,1758075376.96503,0.0,0.0,0.0,14.43854,56.49364,-12.60507,8.91,-2.22,-0.13,2.0
1758075376.99896,1758075376.97503,0.0,0.0,0.0,19.82434,55.97798,-11.28727,9.51,-2.02,-0.32,2.0
1758075377.01539,1758075376.98503,0.0,0.0,0.0,26.24147,53.34238,-7.84952,9.51,-2.02,-0.32,2.0
1758075377.02057,1758075376.99503,0.0,0.0,0.0,33.17426,48.24305,-3.66693,9.44,-1.9,-0.57,2.0
1758075377.03806,1758075377.00503,0.0,0.0,0.0,43.20102,41.02378,3.55234,9.44,-1.9,-0.57,2.0
1758075377.0398,1758075377.01503,0.0,0.0,0.0,48.70141,36.95578,7.67763,9.67,-1.75,-0.62,2.0
1758075377.05435,1758075377.02503,0.0,0.0,0.0,53.17049,32.6013,11.00079,9.67,-1.75,-0.62,2.0
1758075377.07036,1758075377.03503,0.0,0.0,0.0,55.7488,26.98631,13.17803,9.7,-1.33,-0.55,2.0
1758075377.07451,1758075377.04503,0.0,0.0,0.0,56.83742,19.25138,13.00614,9.54,-0.64,-0.22,2.0
1758075377.09011,1758075377.05503,0.0,0.0,0.0,56.03527,16.55848,11.45916,9.54,-0.64,-0.22,2.0
1758075377.09455,1758075377.06503,0.0,0.0,0.0,55.23313,14.61043,9.5684,9.84,0.12,0.14,2.0
1758075377.11014,1758075377.07503,0.0,0.0,0.0,54.08722,10.71431,7.67763,9.84,0.12,0.14,2.0
1758075377.11133,1758075377.08503,0.0,0.0,0.0,52.76942,2.63561,5.09932,9.42,0.49,0.16,2.0
1758075377.12611,1758075377.09503,0.0,0.0,0.0,52.02457,-2.00535,3.72423,9.42,0.49,0.16,2.0
1758075377.12735,1758075377.10503,0.0,0.0,0.0,51.27972,-6.13065,3.55234,9.52,0.31,0.09,2.0
1758075377.1421,1758075377.11503,0.0,0.0,0.0,50.99325,-10.02676,4.58366,9.52,0.31,0.09,2.0
1758075377.16045,1758075377.12503,0.0,0.0,0.0,51.16513,-15.64175,7.79223,9.7,-0.21,0.26,2.0
1758075377.16138,1758075377.13503,0.0,0.0,0.0,52.19646,-12.71966,10.8289,10.33,-0.88,-0.14,2.0
1758075377.17618,1758075377.14503,0.0,0.0,0.0,52.76942,-6.47442,12.14671,10.33,-0.88,-0.14,2.0
1758075377.1785,1758075377.15503,0.0,0.0,0.0,53.97263,-2.63561,12.60507,10.72,-1.15,-0.02,2.0
1758075377.19322,1758075377.16503,0.0,0.0,0.0,55.6915,0.22918,12.43318,10.72,-1.15,-0.02,2.0
1758075377.20944,1758075377.17503,0.0,0.0,0.0,57.75415,2.46372,12.49048,10.49,-1.05,0.09,2.0
1758075377.2104,1758075377.18503,0.0,0.0,0.0,60.44705,3.83882,13.40721,10.49,-1.05,0.09,2.0
1758075377.22717,1758075377.19503,0.0,0.0,0.0,65.77556,2.57831,15.35527,10.35,-1.07,-0.11,2.0
1758075377.22923,1758075377.20503,0.0,0.0,0.0,70.87489,0.0573,17.87628,10.03,-1.34,-0.27,2.0
1758075377.24442,1758075377.21503,0.0,0.0,0.0,75.68773,-7.50575,20.85567,10.03,-1.34,-0.27,2.0
1758075377.26049,1758075377.22503,0.0,0.0,0.0,80.04221,-22.51724,21.37133,8.6,-1.69,-0.94,2.0
1758075377.26142,1758075377.23503,0.0,0.0,0.0,88.57928,-13.34992,19.13679,8.6,-1.69,-0.94,2.0
1758075377.27801,1758075377.24503,0.0,0.0,0.0,95.34019,6.24524,20.11082,10.83,-1.95,-1.01,2.0
1758075377.27995,1758075377.25503,0.0,0.0,0.0,100.89787,28.59059,17.76169,10.83,-1.95,-1.01,2.0
1758075377.29532,1758075377.26503,0.0,0.0,0.0,105.71072,38.50277,16.3293,11.17,-2.15,-0.42,2.0
1758075377.29723,1758075377.27503,0.0,0.0,0.0,113.27376,4.1253,11.57375,7.26,-1.98,0.11,2.0
1758075377.31454,1758075377.28503,0.0,0.0,0.0,118.02931,-30.82513,12.14671,7.26,-1.98,0.11,2.0
1758075377.33027,1758075377.29503,0.0,0.0,0.0,123.24322,-49.56085,17.13144,7.56,-2.45,-1.83,2.0
1758075377.33186,1758075377.30503,0.0,0.0,0.0,127.59769,-49.84733,18.22006,7.56,-2.45,-1.83,2.0
1758075377.3462,1758075377.31503,0.0,0.0,0.0,131.43652,-43.88857,17.76169,10.5,-2.32,-1.27,2.0
1758075377.34744,1758075377.32503,0.0,0.0,0.0,133.0408,-39.76327,16.38659,10.5,-2.32,-1.27,2.0
1758075377.36261,1758075377.33503,0.0,0.0,0.0,133.55647,-36.55471,15.0115,10.52,-1.66,-0.67,2.0
1758075377.37963,1758075377.34503,0.0,0.0,0.0,131.95219,-34.77854,11.28727,10.52,-1.66,-0.67,2.0
1758075377.38051,1758075377.35503,0.0,0.0,0.0,128.80092,-33.40344,8.47978,10.23,-0.94,-0.72,2.0
1758075377.39558,1758075377.36503,0.0,0.0,0.0,126.45179,-33.05967,6.13065,9.9,-0.28,-1.44,2.0
1758075377.39805,1758075377.37503,0.0,0.0,0.0,123.81618,-32.54401,3.95341,9.9,-0.28,-1.44,2.0
1758075377.4146,1758075377.38503,0.0,0.0,0.0,120.26385,-33.23156,0.80214,9.97,0.12,-0.71,2.0
1758075377.43054,1758075377.39503,0.0,0.0,0.0,117.74284,-34.43476,-1.3178,9.97,0.12,-0.71,2.0
1758075377.43152,1758075377.40503,0.0,0.0,0.0,115.96667,-35.2369,-2.46372,9.99,0.19,-0.71,2.0
1758075377.44657,1758075377.41503,0.0,0.0,0.0,113.67484,-33.51803,-4.1253,9.99,0.19,-0.71,2.0
1758075377.44941,1758075377.42503,0.0,0.0,0.0,110.52357,-30.02299,-6.53172,10.34,0.0,-0.67,2.0
1758075377.46462,1758075377.43503,0.0,0.0,0.0,108.28902,-26.24147,-8.30789,10.32,-0.33,-0.74,2.0
1758075377.48063,1758075377.44503,0.0,0.0,0.0,105.9972,-22.00158,-10.08406,10.32,-0.33,-0.74,2.0
1758075377.48156,1758075377.45503,0.0,0.0,0.0,103.59077,-18.85031,-12.37589,9.83,-0.69,-0.55,2.0
1758075377.49743,1758075377.46503,0.0,0.0,0.0,99.06441,-19.19409,-15.29797,9.83,-0.69,-0.55,2.0
1758075377.49917,1758075377.47503,0.0,0.0,0.0,95.68395,-19.13679,-16.3293,9.29,-0.87,-0.15,2.0
1758075377.51461,1758075377.48503,0.0,0.0,0.0,92.07432,-16.55848,-16.95955,9.29,-0.87,-0.15,2.0
1758075377.53234,1758075377.49503,0.0,0.0,0.0,87.77714,-12.71966,-17.36062,10.3,-0.62,-0.19,2.0
1758075377.53273,1758075377.50503,0.0,0.0,0.0,80.90164,-8.76626,-16.95955,11.32,-0.08,-0.49,2.0
1758075377.54966,1758075377.51503,0.0,0.0,0.0,76.48987,-8.02141,-15.75634,11.32,-0.08,-0.49,2.0
1758075377.55011,1758075377.52503,0.0,0.0,0.0,72.82294,-6.70361,-13.75099,11.78,0.01,-0.69,2.0
1758075377.5657,1758075377.53503,0.0,0.0,0.0,69.95815,-3.26586,-11.74564,11.78,0.01,-0.69,2.0
1758075377.56681,1758075377.54503,0.0,0.0,0.0,68.29657,2.23454,-8.02141,11.92,-0.44,-0.76,2.0
1758075377.58467,1758075377.55503,0.0,0.0,0.0,68.52576,5.55769,-5.84417,11.92,-0.44,-0.76,2.0
1758075377.60068,1758075377.56503,0.0,0.0,0.0,68.41116,10.37054,-3.83882,11.22,-0.99,-0.45,2.0
1758075377.60106,1758075377.57503,0.0,0.0,0.0,68.64035,14.43854,-1.71887,11.22,-0.99,-0.45,2.0
1758075377.61661,1758075377.58503,0.0,0.0,0.0,68.29657,17.81899,-1.3751,10.33,-1.31,-0.12,2.0
1758075377.61914,1758075377.59503,0.0,0.0,0.0,67.37984,19.48057,-1.77617,9.17,-1.28,0.29,2.0
1758075377.63467,1758075377.60503,0.0,0.0,0.0,66.11933,21.60051,-2.97938,9.17,-1.28,0.29,2.0
1758075377.65067,1758075377.61503,0.0,0.0,0.0,63.77021,21.88699,-4.98473,8.51,-1.01,0.34,2.0
1758075377.65108,1758075377.62503,0.0,0.0,0.0,61.1346,17.81899,-6.41713,8.51,-1.01,0.34,2.0
1758075377.66643,1758075377.63503,0.0,0.0,0.0,58.67088,13.00614,-6.8182,7.87,-0.57,0.17,2.0
1758075377.66917,1758075377.64503,0.0,0.0,0.0,55.51962,9.85487,-7.04738,7.87,-0.57,0.17,2.0
1758075377.68459,1758075377.65503,0.0,0.0,0.0,50.64947,9.28192,-7.04738,8.52,-0.1,-0.33,2.0
1758075377.70071,1758075377.66503,0.0,0.0,0.0,47.72739,10.48513,-6.47442,9.75,0.23,-0.72,2.0
1758075377.70111,1758075377.67503,0.0,0.0,0.0,45.03448,11.57375,-5.72958,9.75,0.23,-0.72,2.0
1758075377.71678,1758075377.68503,0.0,0.0,0.0,42.74266,12.204,-4.58366,10.31,0.26,-0.84,2.0
1758075377.71925,1758075377.69503,0.0,0.0,0.0,40.62271,12.83425,-2.57831,10.31,0.26,-0.84,2.0
1758075377.73449,1758075377.70503,0.0,0.0,0.0,39.99245,13.23533,-1.20321,10.54,0.0,-0.96,2.0
1758075377.74057,1758075377.71503,0.0,0.0,0.0,39.64868,13.5791,-0.45837,10.54,0.0,-0.96,2.0
1758075377.75655,1758075377.72503,0.0,0.0,0.0,39.99245,14.03747,0.0573,10.59,-0.4,-0.95,2.0
1758075377.76413,1758075377.73503,0.0,0.0,0.0,41.65404,14.09476,-0.34377,10.37,-0.73,-0.79,2.0
1758075377.77978,1758075377.74503,0.0,0.0,0.0,43.02913,13.5791,-1.14592,10.37,-0.73,-0.79,2.0
1758075377.7802,1758075377.75503,0.0,0.0,0.0,44.8053,13.40721,-1.77617,10.09,-0.83,-0.42,2.0
1758075377.81355,1758075377.76503,0.0,0.0,0.0,46.52417,12.14671,-3.09397,10.09,-0.83,-0.42,2.0
1758075377.81488,1758075377.77503,0.0,0.0,0.0,49.04519,10.54242,-4.0107,9.96,-0.49,-0.16,2.0
1758075377.81636,1758075377.78503,0.0,0.0,0.0,50.1911,6.53172,-4.29718,9.96,-0.49,-0.16,2.0
1758075377.81675,1758075377.79503,0.0,0.0,0.0,50.2484,0.0,-4.92744,9.55,0.09,-0.12,2.0
1758075377.83467,1758075377.80503,0.0,0.0,0.0,47.89928,-8.59437,-5.61499,9.55,0.09,-0.12,2.0
1758075377.83739,1758075377.81503,0.0,0.0,0.0,44.11775,-7.73493,-6.7609,9.37,0.76,-0.13,2.0
1758075377.85722,1758075377.82503,0.0,0.0,0.0,39.70598,-4.29718,-7.96411,10.44,1.4,-0.42,2.0
1758075377.85991,1758075377.83503,0.0,0.0,0.0,33.9764,0.40107,-7.96411,10.44,1.4,-0.42,2.0
1758075377.87659,1758075377.84503,0.0,0.0,0.0,23.0329,8.70896,-9.11003,10.69,2.01,-0.66,2.0
1758075377.88004,1758075377.85503,0.0,0.0,0.0,15.24068,13.00614,-9.68299,10.69,2.01,-0.66,2.0
1758075377.89578,1758075377.86503,0.0,0.0,0.0,7.50575,16.95955,-10.71431,10.34,2.42,-0.9,2.0
1758075377.89715,1758075377.87503,0.0,0.0,0.0,0.34377,21.94428,-12.14671,10.34,2.42,-0.9,2.0
1758075377.91264,1758075377.88503,0.0,0.0,0.0,-8.99544,28.30412,-14.49583,10.2,2.64,-0.94,2.0
1758075377.92963,1758075377.89503,0.0,0.0,0.0,-13.98017,26.98631,-16.73037,9.66,2.55,-0.72,2.0
1758075377.93056,1758075377.90503,0.0,0.0,0.0,-17.13144,20.97026,-17.87628,9.66,2.55,-0.72,2.0
1758075377.94584,1758075377.91503,0.0,0.0,0.0,-19.19409,11.91752,-18.73572,8.76,1.96,-0.5,2.0
1758075377.94693,1758075377.92503,0.0,0.0,0.0,-18.79302,-2.34913,-18.16276,8.76,1.96,-0.5,2.0
1758075377.96181,1758075377.93503,0.0,0.0,0.0,-17.76169,-2.34913,-15.0115,9.2,1.23,-0.26,2.0
1758075377.97936,1758075377.94503,0.0,0.0,0.0,-18.73572,15.58445,-12.14671,9.2,1.23,-0.26,2.0
1758075377.98072,1758075377.95503,0.0,0.0,0.0,-24.12152,23.54857,-13.98017,11.67,0.97,0.2,2.0
1758075377.99583,1758075377.96503,0.0,0.0,0.0,-33.68992,17.53251,-15.98552,9.68,1.13,0.65,2.0
1758075377.99998,1758075377.97503,0.0,0.0,0.0,-38.90384,1.20321,-17.30333,9.68,1.13,0.65,2.0
1758075378.01561,1758075377.98503,0.0,0.0,0.0,-44.11775,-9.62569,-19.99623,9.34,1.06,0.34,2.0
1758075378.01915,1758075377.99503,0.0,0.0,0.0,-45.03448,-12.37589,-18.10547,9.34,1.06,0.34,2.0
1758075378.03489,1758075378.00503,0.0,0.0,0.0,-44.23235,-7.62034,-15.35527,11.5,0.4,0.03,2.0
1758075378.03658,1758075378.01503,0.0,0.0,0.0,-42.39888,-2.11994,-12.37589,11.5,0.4,0.03,2.0
1758075378.05289,1758075378.02503,0.0,0.0,0.0,-40.16434,0.17189,-10.31324,11.81,-0.21,0.39,2.0
1758075378.05494,1758075378.03503,0.0,0.0,0.0,-36.49741,-4.98473,-8.59437,11.81,-0.21,0.39,2.0
1758075378.07116,1758075378.04503,0.0,0.0,0.0,-34.60666,-10.31324,-8.0787,10.19,-0.33,0.24,2.0
1758075378.08663,1758075378.05503,0.0,0.0,0.0,-33.68992,-14.61043,-8.136,9.04,-0.11,-0.22,2.0
1758075378.08977,1758075378.06503,0.0,0.0,0.0,-33.86181,-17.87628,-8.36518,9.04,-0.11,-0.22,2.0
1758075378.10493,1758075378.07503,0.0,0.0,0.0,-35.63798,-20.74107,-8.42248,8.79,0.13,-0.2,2.0
1758075378.10673,1758075378.08503,0.0,0.0,0.0,-37.81522,-20.05352,-8.25059,8.79,0.13,-0.2,2.0
1758075378.12472,1758075378.09503,0.0,0.0,0.0,-40.45082,-18.16276,-7.67763,9.22,0.28,-0.09,2.0
1758075378.1259,1758075378.10503,0.0,0.0,0.0,-43.31561,-16.04282,-7.04738,9.22,0.28,-0.09,2.0
1758075378.14121,1758075378.11503,0.0,0.0,0.0,-47.09713,-11.51645,-5.72958,9.71,0.39,-0.09,2.0
1758075378.15799,1758075378.12503,0.0,0.0,0.0,-49.27437,-8.136,-4.87014,10.09,0.43,-0.2,2.0
1758075378.16129,1758075378.13503,0.0,0.0,0.0,-50.82136,-6.13065,-4.23989,10.09,0.43,-0.2,2.0
1758075378.17683,1758075378.14503,0.0,0.0,0.0,-51.90998,-4.92744,-4.0107,10.18,0.34,-0.3,2.0
1758075378.17911,1758075378.15503,0.0,0.0,0.0,-52.54023,-4.69825,-3.60963,10.18,0.34,-0.3,2.0
1758075378.19473,1758075378.16503,0.0,0.0,0.0,-52.25375,-5.4431,-3.32316,10.14,0.09,-0.43,2.0
1758075378.19651,1758075378.17503,0.0,0.0,0.0,-51.90998,-6.24524,-3.20856,10.14,0.09,-0.43,2.0
1758075378.2128,1758075378.18503,0.0,0.0,0.0,-51.22243,-7.10468,-3.03668,10.08,-0.21,-0.5,2.0
1758075378.22904,1758075378.19503,0.0,0.0,0.0,-50.53488,-8.93814,-2.92208,9.89,-0.42,-0.52,2.0
1758075378.22994,1758075378.20503,0.0,0.0,0.0,-50.47758,-9.68299,-2.86479,9.89,-0.42,-0.52,2.0
1758075378.24481,1758075378.21503,0.0,0.0,0.0,-50.2484,-9.33921,-2.7502,9.97,-0.46,-0.56,2.0
1758075378.24642,1758075378.22503,0.0,0.0,0.0,-50.1911,-7.84952,-2.40642,9.97,-0.46,-0.56,2.0
1758075378.2609,1758075378.23503,0.0,0.0,0.0,-49.84733,-7.21927,-2.11994,10.18,-0.41,-0.55,2.0
1758075378.27682,1758075378.24503,0.0,0.0,0.0,-49.56085,-7.04738,-2.00535,10.18,-0.41,-0.55,2.0
1758075378.27872,1758075378.25503,0.0,0.0,0.0,-49.04519,-6.7609,-1.43239,10.2,-0.37,-0.55,2.0
1758075378.29392,1758075378.26503,0.0,0.0,0.0,-47.61279,-6.13065,-0.74485,10.2,-0.37,-0.61,2.0
1758075378.29492,1758075378.27503,0.0,0.0,0.0,-46.63877,-5.61499,-0.0573,10.21,-0.41,-0.61,2.0
1758075378.31084,1758075378.28503,0.0,0.0,0.0,-45.72203,-5.15662,0.40107,10.12,-0.45,-0.59,2.0
1758075378.32703,1758075378.29503,0.0,0.0,0.0,-44.9199,-5.09932,0.74485,10.12,-0.45,-0.59,2.0
1758075378.329,1758075378.30503,0.0,0.0,0.0,-44.17505,-5.15662,1.03132,9.93,-0.45,-0.56,2.0
1758075378.34408,1758075378.31503,0.0,0.0,0.0,-43.94586,-5.4431,0.85944,9.93,-0.45,-0.56,2.0
1758075378.34502,1758075378.32503,0.0,0.0,0.0,-43.60209,-5.32851,0.85944,9.94,-0.41,-0.53,2.0
1758075378.36086,1758075378.33503,0.0,0.0,0.0,-43.4875,-4.46907,0.45837,9.94,-0.41,-0.53,2.0
1758075378.37778,1758075378.34503,0.0,0.0,0.0,-42.62806,-0.0573,-0.40107,10.22,-0.38,-0.55,2.0
1758075378.37927,1758075378.35503,0.0,0.0,0.0,-41.13837,5.4431,-0.57296,10.76,-0.46,-0.57,2.0
1758075378.39381,1758075378.36503,0.0,0.0,0.0,-39.53409,7.79223,-0.45837,10.76,-0.46,-0.57,2.0
1758075378.39527,1758075378.37503,0.0,0.0,0.0,-37.87251,6.7609,-0.45837,10.1,-0.56,-0.54,2.0
1758075378.41109,1758075378.38503,0.0,0.0,0.0,-35.75257,4.46907,-0.97403,10.1,-0.56,-0.54,2.0
1758075378.42714,1758075378.39503,0.0,0.0,0.0,-34.37747,3.72423,-1.3751,9.96,-0.63,-0.59,2.0
1758075378.42885,1758075378.40503,0.0,0.0,0.0,-33.05967,3.38045,-1.66158,9.96,-0.63,-0.59,2.0
1758075378.44414,1758075378.41503,0.0,0.0,0.0,-31.62727,2.7502,-2.23454,10.17,-0.65,-0.59,2.0
1758075378.44506,1758075378.42503,0.0,0.0,0.0,-30.88243,2.06265,-2.23454,10.13,-0.56,-0.55,2.0
1758075378.46115,1758075378.43503,0.0,0.0,0.0,-30.36677,1.43239,-2.63561,10.13,-0.56,-0.55,2.0
1758075378.47787,1758075378.44503,0.0,0.0,0.0,-30.02299,1.20321,-2.7502,10.1,-0.37,-0.59,2.0
1758075378.47942,1758075378.45503,0.0,0.0,0.0,-29.8511,1.3178,-2.6929,10.1,-0.37,-0.59,2.0
1758075378.49396,1758075378.46503,0.0,0.0,0.0,-29.73651,1.3178,-2.7502,10.08,-0.18,-0.62,2.0
1758075378.49508,1758075378.47503,0.0,0.0,0.0,-29.73651,1.08862,-2.63561,10.08,-0.18,-0.62,2.0
1758075378.51114,1758075378.48503,0.0,0.0,0.0,-29.8511,0.85944,-2.57831,9.93,-0.02,-0.6,2.0
1758075378.52798,1758075378.49503,0.0,0.0,0.0,-29.73651,0.17189,-2.63561,9.84,0.03,-0.64,2.0
1758075378.52976,1758075378.50503,0.0,0.0,0.0,-29.39274,0.0,-2.7502,9.84,0.03,-0.64,2.0
1758075378.54521,1758075378.51503,0.0,0.0,0.0,-29.33544,-0.0573,-2.6929,9.83,0.0,-0.67,2.0
1758075378.54614,1758075378.52503,0.0,0.0,0.0,-28.87707,0.17189,-2.86479,9.83,0.0,-0.67,2.0
1758075378.56122,1758075378.53503,0.0,0.0,0.0,-27.96034,1.77617,-2.86479,9.97,-0.09,-0.7,2.0
1758075378.57699,1758075378.54503,0.0,0.0,0.0,-26.87172,5.4431,-3.09397,9.97,-0.09,-0.7,2.0
1758075378.57818,1758075378.55503,0.0,0.0,0.0,-25.09555,11.91752,-3.26586,10.52,-0.3,-0.67,2.0
1758075378.5939,1758075378.56503,0.0,0.0,0.0,-23.0902,18.62113,-3.49504,10.52,-0.3,-0.67,2.0
1758075378.59493,1758075378.57503,0.0,0.0,0.0,-19.36597,27.67386,-4.23989,10.82,-0.61,-0.41,2.0
1758075378.61307,1758075378.58503,0.0,0.0,0.0,-16.61578,31.97105,-4.69825,10.52,-0.9,-0.15,2.0
1758075378.62926,1758075378.59503,0.0,0.0,0.0,-13.40721,33.63263,-5.50039,10.52,-0.9,-0.15,2.0
1758075378.63019,1758075378.60503,0.0,0.0,0.0,-10.31324,32.54401,-6.47442,9.88,-0.95,-0.02,2.0
1758075378.64528,1758075378.61503,0.0,0.0,0.0,-6.13065,28.36141,-6.87549,9.88,-0.95,-0.02,2.0
1758075378.64622,1758075378.62503,0.0,0.0,0.0,-3.72423,24.92367,-6.99009,9.66,-0.79,0.17,2.0
1758075378.66127,1758075378.63503,0.0,0.0,0.0,-1.94806,21.14215,-6.8182,9.66,-0.79,0.17,2.0
1758075378.67727,1758075378.64503,0.0,0.0,0.0,-0.0573,15.64175,-5.84417,9.78,-0.5,0.19,2.0
1758075378.67818,1758075378.65503,0.0,0.0,0.0,0.45837,12.77696,-5.09932,9.95,-0.01,0.18,2.0
1758075378.6933,1758075378.66503,0.0,0.0,0.0,0.74485,10.65701,-4.29718,9.95,-0.01,0.18,2.0
1758075378.70903,1758075378.67503,0.0,0.0,0.0,0.51566,9.05273,-3.66693,10.07,0.57,0.26,2.0
1758075378.71028,1758075378.68503,0.0,0.0,0.0,-0.40107,8.136,-2.92208,10.07,0.57,0.26,2.0
1758075378.72885,1758075378.69503,0.0,0.0,0.0,-0.68755,9.11003,-2.92208,10.0,1.01,0.41,2.0
1758075378.73003,1758075378.70503,0.0,0.0,0.0,-0.68755,10.25595,-2.97938,10.0,1.01,0.41,2.0
1758075378.74527,1758075378.71503,0.0,0.0,0.0,0.11459,11.86023,-3.03668,9.72,1.12,0.57,2.0
1758075378.74622,1758075378.72503,0.0,0.0,0.0,2.86479,16.50119,-2.92208,9.65,0.94,0.22,2.0
1758075378.76129,1758075378.73503,0.0,0.0,0.0,5.84417,19.76705,-2.34913,9.65,0.94,0.22,2.0
1758075378.7773,1758075378.74503,0.0,0.0,0.0,9.74028,22.68913,-1.60428,9.68,0.48,-0.19,2.0
1758075378.77937,1758075378.75503,0.0,0.0,0.0,14.38124,24.63719,-0.51566,9.68,0.48,-0.19,2.0
1758075378.79426,1758075378.76503,0.0,0.0,0.0,21.6578,25.61122,0.80214,9.84,-0.19,-0.43,2.0
1758075378.79524,1758075378.77503,0.0,0.0,0.0,26.47065,25.7831,1.83346,9.84,-0.19,-0.43,2.0
1758075378.8149,1758075378.78503,0.0,0.0,0.0,31.39809,26.41335,3.03668,10.57,-0.74,-0.47,2.0
1758075378.81586,1758075378.79503,0.0,0.0,0.0,35.52338,27.04361,3.89611,10.57,-0.74,-0.47,2.0
1758075378.83132,1758075378.80503,0.0,0.0,0.0,40.68,27.50197,4.69825,11.27,-0.81,-0.31,2.0
1758075378.84728,1758075378.81503,0.0,0.0,0.0,43.02913,27.38738,4.92744,11.08,-0.23,-0.03,2.0
1758075378.84943,1758075378.82503,0.0,0.0,0.0,44.748,26.64254,4.64096,11.08,-0.23,-0.03,2.0
1758075378.86426,1758075378.83503,0.0,0.0,0.0,45.72203,25.8404,3.89611,10.36,0.53,0.22,2.0
1758075378.86528,1758075378.84503,0.0,0.0,0.0,45.83662,25.43933,3.26586,10.36,0.53,0.22,2.0
1758075378.8813,1758075378.85503,0.0,0.0,0.0,45.49285,24.80907,2.34913,9.75,1.01,0.49,2.0
1758075378.89741,1758075378.86503,0.0,0.0,0.0,45.20637,23.66316,1.71887,9.75,1.01,0.49,2.0
1758075378.89831,1758075378.87503,0.0,0.0,0.0,44.46153,22.00158,1.03132,9.3,1.04,0.61,2.0
1758075378.91313,1758075378.88503,0.0,0.0,0.0,44.46153,21.02755,0.97403,9.17,0.79,0.41,2.0
1758075378.92913,1758075378.89503,0.0,0.0,0.0,44.748,20.34,1.14592,9.17,0.79,0.41,2.0
1758075378.9306,1758075378.90503,0.0,0.0,0.0,45.49285,18.90761,1.71887,9.2,0.43,0.18,2.0
1758075378.9454,1758075378.91503,0.0,0.0,0.0,47.38361,17.24603,3.09397,9.2,0.43,0.18,2.0
1758075378.94714,1758075378.92503,0.0,0.0,0.0,49.15978,16.10011,4.52637,9.36,0.1,-0.08,2.0
1758075378.96247,1758075378.93503,0.0,0.0,0.0,51.39432,15.64175,5.90147,9.36,0.1,-0.08,2.0
1758075378.97844,1758075378.94503,0.0,0.0,0.0,53.51426,16.04282,7.10468,9.74,-0.16,-0.14,2.0
1758075378.97937,1758075378.95503,0.0,0.0,0.0,56.49364,16.10011,8.93814,10.03,-0.27,-0.13,2.0
1758075378.99419,1758075378.96503,0.0,0.0,0.0,58.21251,16.10011,9.96947,10.03,-0.27,-0.13,2.0
1758075378.99538,1758075378.97503,0.0,0.0,0.0,59.64491,16.55848,10.8289,10.17,-0.24,-0.08,2.0
1758075379.01116,1758075378.98503,0.0,0.0,0.0,60.04598,17.6471,11.28727,10.17,-0.24,-0.08,2.0
1758075379.02721,1758075378.99503,0.0,0.0,0.0,60.10328,17.87628,12.49048,10.12,0.06,0.12,2.0
1758075379.03005,1758075379.00503,0.0,0.0,0.0,60.50434,16.61578,14.32395,10.12,0.06,0.12,2.0
1758075379.04553,1758075379.01503,0.0,0.0,0.0,61.07731,15.29797,16.67307,9.82,0.34,-0.11,2.0
1758075379.04668,1758075379.02503,0.0,0.0,0.0,61.30648,14.43854,20.45459,9.82,0.34,-0.11,2.0
1758075379.06149,1758075379.03503,0.0,0.0,0.0,60.50434,13.06344,23.20479,9.76,0.39,-0.25,2.0
1758075379.07855,1758075379.04503,0.0,0.0,0.0,59.35843,10.8862,26.18417,9.48,0.37,-0.28,2.0
1758075379.0807,1758075379.05503,0.0,0.0,0.0,57.52497,9.85487,29.33544,9.48,0.37,-0.28,2.0
1758075379.09536,1758075379.06503,0.0,0.0,0.0,53.74345,9.74028,33.86181,9.66,0.43,-0.18,2.0
1758075379.09644,1758075379.07503,0.0,0.0,0.0,50.64947,9.11003,36.15364,9.66,0.43,-0.18,2.0
1758075379.1112,1758075379.08503,0.0,0.0,0.0,47.38361,9.22462,38.1017,9.74,0.68,0.29,2.0
1758075379.12728,1758075379.09503,0.0,0.0,0.0,44.28964,6.7609,38.15899,9.74,0.68,0.29,2.0
1758075379.1292,1758075379.10503,0.0,0.0,0.0,41.02378,-4.18259,35.2369,10.74,0.66,1.58,2.0
1758075379.14454,1758075379.11503,0.0,0.0,0.0,40.68,-12.54778,29.9084,12.7,0.56,2.69,2.0
1758075379.14546,1758075379.12503,0.0,0.0,0.0,41.94051,-10.31324,23.66316,12.7,0.56,2.69,2.0
1758075379.16158,1758075379.13503,0.0,0.0,0.0,45.89392,-4.64096,17.81899,14.95,0.53,2.14,2.0
1758075379.17732,1758075379.14503,0.0,0.0,0.0,52.76942,-3.89611,10.71431,14.95,0.53,2.14,2.0
1758075379.17923,1758075379.15503,0.0,0.0,0.0,56.03527,-7.67763,8.0787,11.61,0.86,1.68,2.0
1758075379.19455,1758075379.16503,0.0,0.0,0.0,58.04062,-16.90226,6.87549,11.61,0.86,1.68,2.0
1758075379.19584,1758075379.17503,0.0,0.0,0.0,59.81679,-33.86181,6.41713,7.88,0.84,1.43,2.0
1758075379.21152,1758075379.18503,0.0,0.0,0.0,59.98868,-51.16513,8.47978,6.6,0.29,1.52,2.0
1758075379.2292,1758075379.19503,0.0,0.0,0.0,58.67088,-52.25375,10.54242,6.6,0.29,1.52,2.0
1758075379.23007,1758075379.20503,0.0,0.0,0.0,56.49364,-49.96192,11.91752,8.35,-0.37,1.89,2.0
1758075379.24549,1758075379.21503,0.0,0.0,0.0,53.34238,-45.26366,12.2613,8.35,-0.37,1.89,2.0
1758075379.24652,1758075379.22503,0.0,0.0,0.0,50.53488,-27.44468,12.37589,9.53,-0.62,2.09,2.0
1758075379.26214,1758075379.23503,0.0,0.0,0.0,49.84733,-15.87093,12.83425,9.53,-0.62,2.09,2.0
1758075379.27996,1758075379.24503,0.0,0.0,0.0,50.1911,-26.47065,10.71431,9.92,-0.63,1.93,2.0
1758075379.28111,1758075379.25503,0.0,0.0,0.0,51.39432,-48.64412,7.44845,9.92,-0.63,1.93,2.0
1758075379.29657,1758075379.26503,0.0,0.0,0.0,54.60288,-53.34238,5.32851,8.23,-0.77,1.81,2.0
1758075379.29909,1758075379.27503,0.0,0.0,0.0,58.72818,-45.77933,3.66693,11.43,-1.07,0.92,2.0
1758075379.31435,1758075379.28503,0.0,0.0,0.0,62.85347,-25.8404,3.32316,11.43,-1.07,0.92,2.0
1758075379.31743,1758075379.29503,0.0,0.0,0.0,68.69764,3.32316,4.46907,13.36,-1.41,0.98,2.0
1758075379.33632,1758075379.30503,0.0,0.0,0.0,71.79161,15.41257,5.27121,13.36,-1.41,0.98,2.0
1758075379.33975,1758075379.31503,0.0,0.0,0.0,74.36993,24.00693,6.41713,11.02,-1.68,0.87,2.0
1758075379.3565,1758075379.32503,0.0,0.0,0.0,77.06283,28.30412,8.47978,11.02,-1.68,0.87,2.0
1758075379.40676,1758075379.33503,0.0,0.0,0.0,80.72976,30.65324,12.37589,9.58,-1.82,0.63,2.0
1758075379.40715,1758075379.34503,0.0,0.0,0.0,83.19347,32.42941,14.66772,9.81,-1.9,0.62,2.0
1758075379.40947,1758075379.35503,0.0,0.0,0.0,84.51128,34.89313,16.3293,9.81,-1.9,0.62,2.0
1758075379.40994,1758075379.36503,0.0,0.0,0.0,85.94368,34.60666,19.19409,10.3,-1.66,0.49,2.0
1758075379.41103,1758075379.37503,0.0,0.0,0.0,87.54795,36.49741,20.34,10.3,-1.66,0.49,2.0
1758075379.41164,1758075379.38503,0.0,0.0,0.0,87.54795,34.37747,20.34,10.14,-1.12,0.62,2.0
1758075379.42905,1758075379.39503,0.0,0.0,0.0,87.26147,31.16891,18.33465,10.14,-1.12,0.62,2.0
1758075379.43022,1758075379.40503,0.0,0.0,0.0,87.54795,30.25217,17.13144,9.53,-0.6,0.75,2.0
1758075379.44644,1758075379.41503,0.0,0.0,0.0,87.66255,25.09555,14.03747,9.2,-0.33,0.84,2.0
1758075379.4479,1758075379.42503,0.0,0.0,0.0,87.94903,22.23076,11.86023,9.2,-0.33,0.84,2.0
1758075379.46346,1758075379.43503,0.0,0.0,0.0,88.52198,19.88164,9.96947,9.21,-0.41,1.12,2.0
1758075379.47969,1758075379.44503,0.0,0.0,0.0,89.6106,16.10011,8.0787,9.21,-0.41,1.12,2.0
1758075379.48105,1758075379.45503,0.0,0.0,0.0,90.24085,11.86023,7.21927,9.21,-0.69,1.2,2.0
1758075379.49625,1758075379.46503,0.0,0.0,0.0,90.81382,11.00079,6.87549,9.21,-0.69,1.2,2.0
1758075379.50057,1758075379.47503,0.0,0.0,0.0,91.043,10.19865,7.44845,9.59,-0.89,1.24,2.0
1758075379.51659,1758075379.48503,0.0,0.0,0.0,90.41274,11.91752,7.67763,9.59,-0.89,1.24,2.0
1758075379.52063,1758075379.49503,0.0,0.0,0.0,89.26682,11.97482,7.84952,9.86,-0.84,1.37,2.0
1758075379.53867,1758075379.50503,0.0,0.0,0.0,87.77714,11.57375,8.0787,9.68,-0.59,1.41,2.0
1758075379.5407,1758075379.51503,0.0,0.0,0.0,85.94368,10.8289,8.30789,9.68,-0.59,1.41,2.0
1758075379.55573,1758075379.52503,0.0,0.0,0.0,83.13618,8.76626,8.59437,9.64,-0.43,1.41,2.0
1758075379.55678,1758075379.53503,0.0,0.0,0.0,81.07353,6.58902,8.42248,9.64,-0.43,1.41,2.0
1758075379.57177,1758075379.54503,0.0,0.0,0.0,79.29736,4.58366,8.30789,9.57,-0.41,1.45,2.0
