timeStamp,motor_angle_L_uint16,motor_angle_L_float,motor_angle_R_uint16,motor_angle_R_float,motor_vel_L_int16,motor_vel_L_float,motor_vel_R_int16,motor_vel_R_float,flag_num
1758074503.0108,32197.0,176.8661,31616.0,173.67453,408.0,11.33333,1577.0,43.80556,2.0
1758074503.0123,32179.0,176.76721,31697.0,174.11948,392.0,10.88889,1614.0,44.83333,2.0
1758074503.02725,32159.0,176.65735,31781.0,174.5809,398.0,11.05556,1673.0,46.47222,2.0
1758074503.04651,32136.0,176.53101,31871.0,175.0753,496.0,13.77778,1837.0,51.02778,2.0
1758074503.04713,32107.0,176.3717,31967.0,175.60266,665.0,18.47222,1997.0,55.47222,2.0
1758074503.06384,32067.0,176.15198,32074.0,176.19043,877.0,24.36111,2219.0,61.63889,2.0
1758074503.06451,32022.0,175.90479,32196.0,176.86061,942.0,26.16667,2539.0,70.52778,2.0
1758074503.0818,31969.0,175.61365,32335.0,177.62418,1111.0,30.86111,2861.0,79.47222,2.0
1758074503.08216,31908.0,175.27855,32492.0,178.48662,1255.0,34.86111,3274.0,90.94444,2.0
1758074503.09885,31843.0,174.92149,32667.0,179.44792,1344.0,37.33333,3658.0,101.61111,2.0
1758074503.10088,31774.0,174.54245,32859.0,180.50262,1392.0,38.66667,3924.0,109.0,2.0
1758074503.11691,31702.0,174.14694,33068.0,181.65071,1465.0,40.69444,4262.0,118.38889,2.0
1758074503.13484,31627.0,173.73495,33294.0,182.8922,1490.0,41.38889,4648.0,129.11111,2.0
1758074503.13538,31549.0,173.30647,33540.0,184.24353,1580.0,43.88889,5057.0,140.47223,2.0
1758074503.15097,31471.0,172.87801,33810.0,185.72672,1539.0,42.75,5564.0,154.55556,2.0
1758074503.15206,31394.0,172.45502,34105.0,187.34721,1464.0,40.66667,6025.0,167.36111,2.0
1758074503.16697,31327.0,172.08698,34418.0,189.06659,1281.0,35.58333,6270.0,174.16667,2.0
1758074503.17173,31271.0,171.77936,34747.0,190.87389,910.0,25.27778,6674.0,185.38889,2.0
1758074503.18693,31239.0,171.60358,35087.0,192.74159,404.0,11.22222,6707.0,186.30556,2.0
1758074503.20364,31235.0,171.5816,35428.0,194.61478,-115.0,-3.19444,6767.0,187.97223,2.0
1758074503.20756,31244.0,171.63104,35770.0,196.49348,-231.0,-6.41667,6687.0,185.75,2.0
1758074503.21001,31260.0,171.71893,36101.0,198.31174,-412.0,-11.44444,6384.0,177.33333,2.0
1758074503.22595,31290.0,171.88373,36410.0,200.00916,-734.0,-20.38889,5875.0,163.19444,2.0
1758074503.24317,31333.0,172.11993,36694.0,201.56923,-923.0,-25.63889,5332.0,148.11111,2.0
1758074503.2435,31384.0,172.40009,36943.0,202.93704,-1095.0,-30.41667,4609.0,128.02777,2.0
1758074503.25901,31453.0,172.77913,37144.0,204.0412,-1546.0,-42.94444,3478.0,96.61111,2.0
1758074503.261,31540.0,173.25703,37288.0,204.83223,-1857.0,-51.58333,2380.0,66.11111,2.0
1758074503.27681,31637.0,173.78989,37380.0,205.3376,-1917.0,-53.25,1380.0,38.33333,2.0
1758074503.29298,31732.0,174.31174,37431.0,205.61775,-1792.0,-49.77778,765.0,21.25,2.0
1758074503.29372,31814.0,174.76219,37453.0,205.7386,-1446.0,-40.16667,195.0,5.41667,2.0
1758074503.30902,31872.0,175.0808,37455.0,205.74959,-874.0,-24.27778,0.0,0.0,2.0
1758074503.30981,31899.0,175.22911,37455.0,205.74959,-285.0,-7.91667,0.0,0.0,2.0
1758074503.32501,31898.0,175.22362,37455.0,205.74959,163.0,4.52778,0.0,0.0,2.0
1758074503.34104,31887.0,175.16319,37455.0,205.74959,234.0,6.5,0.0,0.0,2.0
1758074503.34181,31873.0,175.08629,37455.0,205.74959,325.0,9.02778,-1.0,-0.02778,2.0
1758074503.35804,31856.0,174.9929,37454.0,205.74409,301.0,8.36111,-1.0,-0.02778,2.0
1758074503.37349,31844.0,174.92699,37454.0,205.74409,174.0,4.83333,-3.0,-0.08333,2.0
1758074503.37573,31840.0,174.90501,37454.0,205.74409,-1.0,-0.02778,0.0,0.0,2.0
1758074503.39106,31842.0,174.916,37453.0,205.7386,-35.0,-0.97222,-21.0,-0.58333,2.0
1758074503.39186,31845.0,174.93248,37450.0,205.72212,-57.0,-1.58333,-75.0,-2.08333,2.0
1758074503.40704,31850.0,174.95995,37442.0,205.67818,-180.0,-5.0,-249.0,-6.91667,2.0
1758074503.42358,31864.0,175.03685,37423.0,205.57381,-334.0,-9.27778,-480.0,-13.33333,2.0
1758074503.42606,31888.0,175.16869,37389.0,205.38704,-606.0,-16.83333,-885.0,-24.58333,2.0
1758074503.44209,31931.0,175.40489,37327.0,205.04646,-1018.0,-28.27778,-1501.0,-41.69444,2.0
1758074503.44578,31990.0,175.729,37235.0,204.54108,-1263.0,-35.08333,-2037.0,-56.58333,2.0
1758074503.46107,32057.0,176.09705,37116.0,203.88739,-1373.0,-38.13889,-2550.0,-70.83334,2.0
1758074503.46183,32125.0,176.47058,36976.0,203.11832,-1268.0,-35.22222,-2911.0,-80.86111,2.0
1758074503.47711,32190.0,176.82764,36815.0,202.23392,-1293.0,-35.91667,-3351.0,-93.08334,2.0
1758074503.49433,32257.0,177.19569,36630.0,201.21767,-1310.0,-36.38889,-3852.0,-107.0,2.0
1758074503.49556,32324.0,177.56375,36423.0,200.08057,-1305.0,-36.25,-4220.0,-117.22222,2.0
1758074503.51111,32386.0,177.90433,36201.0,198.86105,-1154.0,-32.05556,-4455.0,-123.75,2.0
1758074503.51225,32438.0,178.18997,35972.0,197.60312,-923.0,-25.63889,-4518.0,-125.5,2.0
1758074503.52894,32477.0,178.40422,35744.0,196.35066,-615.0,-17.08333,-4434.0,-123.16666,2.0
1758074503.53072,32494.0,178.4976,35526.0,195.15312,-132.0,-3.66667,-4228.0,-117.44444,2.0
1758074503.55061,32491.0,178.48112,35321.0,194.02701,187.0,5.19444,-3918.0,-108.83334,2.0
1758074503.5518,32477.0,178.40422,35134.0,192.99977,316.0,8.77778,-3526.0,-97.94444,2.0
1758074503.56877,32462.0,178.32182,34967.0,192.08241,249.0,6.91667,-3161.0,-87.80556,2.0
1758074503.57172,32451.0,178.2614,34813.0,191.23643,175.0,4.86111,-2941.0,-81.69444,2.0
1758074503.58715,32449.0,178.25041,34660.0,190.39597,-88.0,-2.44444,-3090.0,-85.83334,2.0
1758074503.59028,32459.0,178.30534,34497.0,189.50058,-265.0,-7.36111,-3353.0,-93.13889,2.0
1758074503.6079,32482.0,178.43169,34316.0,188.50629,-549.0,-15.25,-3633.0,-100.91666,2.0
1758074503.60968,32517.0,178.62395,34123.0,187.44609,-842.0,-23.38889,-3731.0,-103.63889,2.0
1758074503.62614,32566.0,178.89311,33937.0,186.42436,-1009.0,-28.02778,-3538.0,-98.27778,2.0
1758074503.64246,32618.0,179.17876,33767.0,185.49051,-962.0,-26.72222,-3192.0,-88.66666,2.0
1758074503.64295,32659.0,179.40398,33620.0,184.68298,-698.0,-19.38889,-2657.0,-73.80556,2.0
1758074503.65818,32691.0,179.57976,33501.0,184.0293,-566.0,-15.72222,-2083.0,-57.86111,2.0
1758074503.66093,32715.0,179.71161,33415.0,183.55688,-397.0,-11.02778,-1477.0,-41.02778,2.0
1758074503.67621,32733.0,179.81049,33356.0,183.23277,-306.0,-8.5,-907.0,-25.19444,2.0
1758074503.6922,32746.0,179.8819,33320.0,183.03502,-307.0,-8.52778,-576.0,-16.0,2.0
1758074503.69332,32766.0,179.99176,33292.0,182.88121,-448.0,-12.44444,-609.0,-16.91667,2.0
1758074503.70901,32802.0,180.18951,33255.0,182.67796,-946.0,-26.27778,-812.0,-22.55556,2.0
1758074503.7099,32871.0,180.56854,33205.0,182.40331,-1676.0,-46.55556,-1161.0,-32.25,2.0
1758074503.72684,32975.0,181.13985,33130.0,181.99129,-2357.0,-65.47222,-1708.0,-47.44444,2.0
1758074503.74221,33115.0,181.90889,33030.0,181.44197,-3062.0,-85.05556,-2189.0,-60.80556,2.0
1758074503.74299,33286.0,182.84825,32907.0,180.76631,-3586.0,-99.61111,-2582.0,-71.72222,2.0
1758074503.75827,33480.0,183.91394,32770.0,180.01373,-3988.0,-110.77778,-2781.0,-77.25,2.0
1758074503.77395,33691.0,185.07303,32627.0,179.2282,-4280.0,-118.88889,-2840.0,-78.88889,2.0
1758074503.77438,33913.0,186.29251,32485.0,178.44817,-4405.0,-122.36111,-2796.0,-77.66666,2.0
1758074503.79026,34136.0,187.5175,32346.0,177.6846,-4353.0,-120.91666,-2674.0,-74.27778,2.0
1758074503.7914,34355.0,188.72052,32219.0,176.98695,-4291.0,-119.19444,-2482.0,-68.94444,2.0
1758074503.80627,34573.0,189.91806,32100.0,176.33325,-4306.0,-119.61111,-2227.0,-61.86111,2.0
1758074503.82313,34795.0,191.13756,31995.0,175.75647,-4407.0,-122.41666,-2039.0,-56.63889,2.0
1758074503.82421,35021.0,192.37904,31895.0,175.20714,-4477.0,-124.36111,-1876.0,-52.11111,2.0
1758074503.83924,35252.0,193.64798,31802.0,174.69626,-4605.0,-127.91666,-1801.0,-50.02778,2.0
1758074503.84131,35491.0,194.96086,31711.0,174.19638,-4809.0,-133.58333,-1813.0,-50.36111,2.0
1758074503.85626,35742.0,196.33968,31619.0,173.69101,-5024.0,-139.55556,-1778.0,-49.38889,2.0
1758074503.8734,36000.0,197.75693,31528.0,173.19112,-5103.0,-141.75,-1812.0,-50.33333,2.0
1758074503.87383,36259.0,199.17969,31435.0,172.68025,-5158.0,-143.27777,-1841.0,-51.13889,2.0
1758074503.88929,36523.0,200.6299,31346.0,172.19135,-5263.0,-146.19444,-1787.0,-49.63889,2.0
1758074503.89067,36789.0,202.09109,31255.0,171.69147,-5255.0,-145.97223,-1739.0,-48.30556,2.0
1758074503.90527,37049.0,203.51935,31167.0,171.20805,-5088.0,-141.33333,-1730.0,-48.05556,2.0
1758074503.9213,37294.0,204.86519,31090.0,170.78508,-4642.0,-128.94444,-1355.0,-37.63889,2.0
1758074503.92262,37516.0,206.0847,31030.0,170.45547,-4195.0,-116.52778,-998.0,-27.72222,2.0
1758074503.93734,37719.0,207.19981,30988.0,170.22476,-3855.0,-107.08334,-802.0,-22.27778,2.0
1758074503.9411,37904.0,208.21606,30948.0,170.00504,-3574.0,-99.27778,-837.0,-23.25,2.0
1758074503.95628,38082.0,209.19388,30901.0,169.74684,-3484.0,-96.77778,-981.0,-27.25,2.0
1758074503.97343,38256.0,210.14969,30846.0,169.44472,-3443.0,-95.63889,-1253.0,-34.80556,2.0
1758074503.97553,38432.0,211.1165,30770.0,169.02724,-3450.0,-95.83334,-1637.0,-45.47222,2.0
1758074503.99137,38604.0,212.06134,30677.0,168.51637,-3352.0,-93.11111,-2019.0,-56.08333,2.0
1758074503.99251,38765.0,212.94574,30567.0,167.91211,-3067.0,-85.19444,-2315.0,-64.30556,2.0
1758074504.00925,38911.0,213.74777,30444.0,167.23643,-2722.0,-75.61111,-2508.0,-69.66666,2.0
1758074504.01017,39038.0,214.4454,30312.0,166.51134,-2301.0,-63.91667,-2592.0,-72.0,2.0
1758074504.02635,39141.0,215.01122,30184.0,165.8082,-1796.0,-49.88889,-2472.0,-68.66666,2.0
1758074504.04321,39217.0,215.4287,30066.0,165.15999,-1261.0,-35.02778,-2180.0,-60.55556,2.0
1758074504.046,39262.0,215.67589,29966.0,164.61067,-613.0,-17.02778,-1819.0,-50.52778,2.0
1758074504.06138,39278.0,215.76378,29882.0,164.14923,-53.0,-1.47222,-1521.0,-42.25,2.0
1758074504.06224,39278.0,215.76378,29816.0,163.78668,0.0,0.0,-1146.0,-31.83333,2.0
1758074504.07817,39278.0,215.76378,29764.0,163.50104,0.0,0.0,-940.0,-26.11111,2.0
1758074504.08132,39278.0,215.76378,29726.0,163.29228,0.0,0.0,-611.0,-16.97222,2.0
1758074504.09636,39278.0,215.76378,29700.0,163.14946,0.0,0.0,-436.0,-12.11111,2.0
1758074504.11404,39278.0,215.76378,29683.0,163.05608,0.0,0.0,-272.0,-7.55556,2.0
1758074504.11572,39278.0,215.76378,29668.0,162.97368,0.0,0.0,-279.0,-7.75,2.0
1758074504.13182,39278.0,215.76378,29653.0,162.89128,0.0,0.0,-352.0,-9.77778,2.0
1758074504.13214,39278.0,215.76378,29641.0,162.82536,0.0,0.0,-161.0,-4.47222,2.0
1758074504.14752,39275.0,215.7473,29641.0,162.82536,52.0,1.44444,69.0,1.91667,2.0
1758074504.14987,39270.0,215.71983,29648.0,162.86382,134.0,3.72222,179.0,4.97222,2.0
1758074504.16547,39255.0,215.63744,29662.0,162.94072,469.0,13.02778,342.0,9.5,2.0
1758074504.18143,39216.0,215.4232,29689.0,163.08904,987.0,27.41667,641.0,17.80556,2.0
1758074504.18407,39151.0,215.06615,29734.0,163.33623,1472.0,40.88889,1029.0,28.58333,2.0
1758074504.20141,39058.0,214.55528,29797.0,163.68231,2081.0,57.80556,1352.0,37.55556,2.0
1758074504.20221,38938.0,213.89609,29872.0,164.0943,2565.0,71.25,1545.0,42.91667,2.0
1758074504.21842,38796.0,213.11606,29953.0,164.53926,2994.0,83.16666,1566.0,43.5,2.0
1758074504.2192,38635.0,212.23163,30030.0,164.96223,3275.0,90.97222,1478.0,41.05556,2.0
1758074504.23526,38464.0,211.29228,30101.0,165.35225,3387.0,94.08334,1336.0,37.11111,2.0
1758074504.25151,38289.0,210.33098,30164.0,165.69833,3528.0,98.0,1187.0,32.97222,2.0
1758074504.25281,38105.0,209.32022,30227.0,166.0444,3745.0,104.02778,1296.0,36.0,2.0
1758074504.26856,37904.0,208.21606,30301.0,166.45091,4210.0,116.94444,1666.0,46.27778,2.0
1758074504.26928,37674.0,206.95262,30398.0,166.98375,4873.0,135.36111,2098.0,58.27778,2.0
1758074504.28531,37406.0,205.48042,30509.0,167.59349,5607.0,155.75,2137.0,59.36111,2.0
1758074504.30156,37107.0,203.83795,30613.0,168.16479,6032.0,167.55556,1987.0,55.19444,2.0
1758074504.30281,36809.0,202.20096,30702.0,168.6537,5723.0,158.97223,1445.0,40.13889,2.0
1758074504.31767,36534.0,200.69032,30749.0,168.91188,5167.0,143.52777,594.0,16.5,2.0
1758074504.31874,36294.0,199.37195,30758.0,168.96132,4415.0,122.63889,-155.0,-4.30556,2.0
1758074504.33539,36089.0,198.24582,30750.0,168.91737,3849.0,106.91666,-97.0,-2.69444,2.0
1758074504.3515,35907.0,197.24605,30749.0,168.91188,3407.0,94.63889,-9.0,-0.25,2.0
1758074504.35229,35742.0,196.33968,30749.0,168.91188,3089.0,85.80556,0.0,0.0,2.0
1758074504.37023,35592.0,195.51567,30749.0,168.91188,2887.0,80.19444,0.0,0.0,2.0
1758074504.37143,35449.0,194.73013,30750.0,168.91737,2731.0,75.86111,16.0,0.44444,2.0
1758074504.38668,35311.0,193.97208,30752.0,168.92836,2754.0,76.5,15.0,0.41667,2.0
1758074504.40265,35170.0,193.19753,30752.0,168.92836,2861.0,79.47222,7.0,0.19444,2.0
1758074504.40336,35021.0,192.37904,30752.0,168.92836,3024.0,84.0,5.0,0.13889,2.0
1758074504.42113,34863.0,191.51109,30754.0,168.93935,3174.0,88.16666,0.0,0.0,2.0
1758074504.42183,34700.0,190.61571,30754.0,168.93935,3244.0,90.11111,0.0,0.0,2.0
1758074504.43917,34537.0,189.72031,30754.0,168.93935,3198.0,88.83334,0.0,0.0,2.0
1758074504.44119,34378.0,188.84686,30754.0,168.93935,3087.0,85.75,0.0,0.0,2.0
1758074504.45662,34224.0,188.00092,30754.0,168.93935,2967.0,82.41666,0.0,0.0,2.0
1758074504.47264,34078.0,187.1989,30754.0,168.93935,2798.0,77.72222,0.0,0.0,2.0
1758074504.47337,33942.0,186.45183,30754.0,168.93935,2547.0,70.75,0.0,0.0,2.0
1758074504.48944,33823.0,185.79813,30754.0,168.93935,2167.0,60.19444,-9.0,-0.25,2.0
1758074504.49021,33724.0,185.2543,30752.0,168.92836,1768.0,49.11111,-14.0,-0.38889,2.0
1758074504.5057,33646.0,184.82581,30752.0,168.92836,1416.0,39.33333,-9.0,-0.25,2.0
1758074504.52173,33584.0,184.48523,30752.0,168.92836,1078.0,29.94444,0.0,0.0,2.0
1758074504.52763,33538.0,184.23254,30752.0,168.92836,828.0,23.0,0.0,0.0,2.0
1758074504.54424,33498.0,184.01282,30752.0,168.92836,771.0,21.41667,0.0,0.0,2.0
1758074504.54704,33460.0,183.80408,30752.0,168.92836,783.0,21.75,7.0,0.19444,2.0
1758074504.56268,33411.0,183.53491,30755.0,168.94484,1133.0,31.47222,94.0,2.61111,2.0
1758074504.56394,33335.0,183.11742,30767.0,169.01076,1789.0,49.69444,354.0,9.83333,2.0
1758074504.58047,33222.0,182.49669,30797.0,169.17555,2616.0,72.66666,847.0,23.52778,2.0
1758074504.58122,33065.0,181.63423,30858.0,169.51064,3448.0,95.77778,1500.0,41.66667,2.0
1758074504.59669,32871.0,180.56854,30955.0,170.04349,4125.0,114.58334,2197.0,61.02778,2.0
1758074504.61275,32649.0,179.34904,31081.0,170.73564,4566.0,126.83334,2700.0,75.0,2.0
1758074504.61467,32411.0,178.04166,31227.0,171.53766,4803.0,133.41667,3039.0,84.41666,2.0
1758074504.62968,32163.0,176.67932,31387.0,172.41656,5008.0,139.11111,3233.0,89.80556,2.0
1758074504.63085,31907.0,175.27306,31558.0,173.35593,5077.0,141.02777,3467.0,96.30556,2.0
1758074504.64648,31654.0,173.88327,31739.0,174.35019,4946.0,137.38889,3739.0,103.86111,2.0
1758074504.66588,31411.0,172.5484,31940.0,175.45435,4691.0,130.30556,4072.0,113.11111,2.0
1758074504.66664,31181.0,171.28497,32158.0,176.65186,4368.0,121.33334,4539.0,126.08334,2.0
1758074504.68462,30972.0,170.13687,32405.0,178.0087,3887.0,107.97222,5139.0,142.75,2.0
1758074504.68498,30793.0,169.15358,32684.0,179.54131,3229.0,89.69444,5839.0,162.19444,2.0
1758074504.70156,30653.0,168.38452,32999.0,181.27168,2402.0,66.72222,6514.0,180.94444,2.0
1758074504.70275,30559.0,167.86816,33347.0,183.18333,1380.0,38.33333,7148.0,198.55556,2.0
1758074504.72178,30519.0,167.64842,33723.0,185.24881,367.0,10.19444,7649.0,212.47223,2.0
1758074504.72378,30519.0,167.64842,34127.0,187.46806,-95.0,-2.63889,8127.0,225.75,2.0
1758074504.74177,30528.0,167.69788,34541.0,189.74228,-246.0,-6.83333,8195.0,227.63889,2.0
1758074504.75966,30547.0,167.80225,34954.0,192.011,-494.0,-13.72222,8079.0,224.41667,2.0
1758074504.76175,30583.0,168.0,35344.0,194.15335,-877.0,-24.36111,7403.0,205.63889,2.0
1758074504.7634,30642.0,168.3241,35704.0,196.13091,-1441.0,-40.02778,6880.0,191.11111,2.0
1758074504.7798,30726.0,168.78554,36032.0,197.93271,-1823.0,-50.63889,6162.0,171.16667,2.0
1758074504.78055,30838.0,169.40077,36314.0,199.48181,-2460.0,-68.33334,5112.0,142.0,2.0
1758074504.79569,30976.0,170.15884,36543.0,200.73976,-2883.0,-80.08334,4151.0,115.30556,2.0
1758074504.81214,31129.0,170.99931,36730.0,201.76698,-3070.0,-85.27778,3412.0,94.77778,2.0
1758074504.81248,31282.0,171.83978,36890.0,202.6459,-2909.0,-80.80556,2979.0,82.75,2.0
1758074504.82771,31416.0,172.57587,37035.0,203.44244,-2472.0,-68.66666,2839.0,78.86111,2.0
1758074504.82933,31524.0,173.16914,37178.0,204.22797,-1836.0,-51.0,2840.0,78.88889,2.0
1758074504.84479,31599.0,173.58115,37319.0,205.00252,-1199.0,-33.30556,2780.0,77.22222,2.0
1758074504.86176,31643.0,173.82285,37456.0,205.75508,-593.0,-16.47222,2626.0,72.94444,2.0
1758074504.86232,31659.0,173.91074,37578.0,206.42528,-166.0,-4.61111,2258.0,62.72222,2.0
1758074504.87778,31660.0,173.91623,37676.0,206.96361,9.0,0.25,1712.0,47.55556,2.0
1758074504.87901,31660.0,173.91623,37741.0,207.32066,0.0,0.0,915.0,25.41667,2.0
1758074504.89482,31660.0,173.91623,37761.0,207.43054,0.0,0.0,30.0,0.83333,2.0
1758074504.91198,31660.0,173.91623,37759.0,207.41954,-7.0,-0.19444,-11.0,-0.30556,2.0
1758074504.91234,31661.0,173.92172,37759.0,207.41954,-29.0,-0.80556,-20.0,-0.55556,2.0
1758074504.93098,31665.0,173.9437,37757.0,207.40855,-147.0,-4.08333,-75.0,-2.08333,2.0
1758074504.93223,31681.0,174.03159,37747.0,207.35362,-442.0,-12.27778,-297.0,-8.25,2.0
1758074504.95176,31711.0,174.19638,37723.0,207.22179,-695.0,-19.30556,-642.0,-17.83333,2.0
1758074504.95332,31755.0,174.43808,37679.0,206.98009,-1014.0,-28.16667,-1041.0,-28.91667,2.0
1758074504.96999,31817.0,174.77867,37614.0,206.62303,-1390.0,-38.61111,-1469.0,-40.80556,2.0
1758074504.97031,31894.0,175.20164,37526.0,206.13963,-1561.0,-43.36111,-1921.0,-53.36111,2.0
1758074504.98581,31978.0,175.66309,37415.0,205.52986,-1664.0,-46.22222,-2356.0,-65.44444,2.0
1758074505.00189,32059.0,176.10803,37284.0,204.81026,-1523.0,-42.30556,-2657.0,-73.80556,2.0
1758074505.00296,32135.0,176.52551,37137.0,204.00275,-1458.0,-40.5,-3131.0,-86.97222,2.0
1758074505.01877,32211.0,176.94301,36961.0,203.03592,-1550.0,-43.05556,-3778.0,-104.94444,2.0
1758074505.01944,32291.0,177.38246,36749.0,201.87137,-1553.0,-43.13889,-4436.0,-123.22222,2.0
1758074505.03692,32370.0,177.81644,36512.0,200.56947,-1520.0,-42.22222,-4952.0,-137.55556,2.0
1758074505.0538,32444.0,178.22293,36252.0,199.14124,-1400.0,-38.88889,-5259.0,-146.08333,2.0
1758074505.0545,32508.0,178.57451,35979.0,197.64157,-1105.0,-30.69444,-5476.0,-152.11111,2.0
1758074505.06986,32556.0,178.83818,35700.0,196.10893,-792.0,-22.0,-5570.0,-154.72223,2.0
1758074505.07112,32588.0,179.01396,35418.0,194.55984,-482.0,-13.38889,-5501.0,-152.80556,2.0
1758074505.08586,32604.0,179.10185,35139.0,193.02724,-158.0,-4.38889,-5552.0,-154.22223,2.0
1758074505.10187,32602.0,179.09087,34854.0,191.46165,124.0,3.44444,-5679.0,-157.75,2.0
1758074505.10308,32597.0,179.0634,34565.0,189.87411,45.0,1.25,-5703.0,-158.41667,2.0
1758074505.11786,32598.0,179.06889,34276.0,188.28656,-43.0,-1.19444,-5726.0,-159.05556,2.0
1758074505.11914,32600.0,179.07988,33982.0,186.67155,-24.0,-0.66667,-5897.0,-163.80556,2.0
1758074505.13573,32602.0,179.09087,33684.0,185.03458,-31.0,-0.86111,-5912.0,-164.22223,2.0
1758074505.15191,32606.0,179.11284,33379.0,183.35912,-83.0,-2.30556,-6123.0,-170.08333,2.0
1758074505.15299,32613.0,179.15129,33053.0,181.56831,-180.0,-5.0,-6714.0,-186.5,2.0
1758074505.1679,32628.0,179.23369,32696.0,179.60722,-350.0,-9.72222,-7289.0,-202.47223,2.0
1758074505.16918,32652.0,179.36552,32313.0,177.50331,-596.0,-16.55556,-7903.0,-219.52777,2.0
1758074505.18685,32695.0,179.60173,31903.0,175.25108,-957.0,-26.58333,-8094.0,-224.83333,2.0
1758074505.20539,32743.0,179.86542,31512.0,173.10323,-856.0,-23.77778,-7509.0,-208.58333,2.0
1758074505.20717,32771.0,180.01923,31144.0,171.08171,-294.0,-8.16667,-6993.0,-194.25,2.0
1758074505.22196,32771.0,180.01923,30811.0,169.25246,144.0,4.0,-6191.0,-171.97223,2.0
1758074505.22275,32760.0,179.9588,30529.0,167.70337,330.0,9.16667,-5156.0,-143.22223,2.0
1758074505.23797,32736.0,179.82697,30303.0,166.4619,526.0,14.61111,-3946.0,-109.61111,2.0
1758074505.23918,32706.0,179.66217,30139.0,165.56099,631.0,17.52778,-2715.0,-75.41666,2.0
1758074505.25497,32678.0,179.50835,30036.0,164.99519,441.0,12.25,-1612.0,-44.77778,2.0
1758074505.27099,32670.0,179.4644,29977.0,164.6711,-74.0,-2.05556,-799.0,-22.19444,2.0
1758074505.27214,32687.0,179.55779,29952.0,164.53377,-571.0,-15.86111,-322.0,-8.94444,2.0
1758074505.28697,32735.0,179.82147,29941.0,164.47334,-1297.0,-36.02778,-210.0,-5.83333,2.0
1758074505.30622,32825.0,180.31586,29927.0,164.39644,-2186.0,-60.72222,-312.0,-8.66667,2.0
1758074505.30699,32964.0,181.07942,29907.0,164.28658,-3145.0,-87.36111,-451.0,-12.52778,2.0
1758074505.32378,33151.0,182.10664,29880.0,164.13824,-4076.0,-113.22222,-501.0,-13.91667,2.0
1758074505.32494,33375.0,183.33714,29854.0,163.99542,-4718.0,-131.05556,-460.0,-12.77778,2.0
1758074505.33998,33628.0,184.72693,29835.0,163.89105,-5210.0,-144.72223,-280.0,-7.77778,2.0
1758074505.34115,33903.0,186.23758,29824.0,163.83063,-5548.0,-154.11111,-111.0,-3.08333,2.0
1758074505.35601,34186.0,187.79218,29824.0,163.83063,-5574.0,-154.83333,14.0,0.38889,2.0
1758074505.37202,34467.0,189.33578,29824.0,163.83063,-5535.0,-153.75,4.0,0.11111,2.0
1758074505.37282,34745.0,190.8629,29824.0,163.83063,-5502.0,-152.83333,0.0,0.0,2.0
1758074505.38803,35009.0,192.31313,29830.0,163.86359,-4934.0,-137.05556,169.0,4.69444,2.0
1758074505.38926,35241.0,193.58755,29845.0,163.94598,-4327.0,-120.19444,442.0,12.27778,2.0
1758074505.40583,35448.0,194.72464,29869.0,164.07782,-3865.0,-107.36111,513.0,14.25,2.0
1758074505.42304,35633.0,195.74089,29894.0,164.21516,-3504.0,-97.33334,523.0,14.52778,2.0
1758074505.426,35802.0,196.66927,29916.0,164.33601,-3228.0,-89.66666,346.0,9.61111,2.0
1758074505.44205,35959.0,197.53169,29925.0,164.38545,-3007.0,-83.52778,38.0,1.05556,2.0
1758074505.444,36105.0,198.33371,29922.0,164.36897,-2842.0,-78.94444,-28.0,-0.77778,2.0
1758074505.45909,36243.0,199.0918,29922.0,164.36897,-2664.0,-74.0,0.0,0.0,2.0
1758074505.46106,36373.0,199.80591,29922.0,164.36897,-2528.0,-70.22222,-7.0,-0.19444,2.0
1758074505.47607,36497.0,200.48708,29922.0,164.36897,-2392.0,-66.44444,-14.0,-0.38889,2.0
1758074505.4921,36612.0,201.11879,29921.0,164.36348,-2214.0,-61.5,-22.0,-0.61111,2.0
1758074505.49409,36721.0,201.71754,29919.0,164.35249,-2081.0,-57.80556,-43.0,-1.19444,2.0
1758074505.50915,36822.0,202.27237,29916.0,164.33601,-1916.0,-53.22222,-84.0,-2.33333,2.0
1758074505.50986,36917.0,202.79422,29911.0,164.30855,-1810.0,-50.27778,-106.0,-2.94444,2.0
1758074505.52671,37004.0,203.27216,29905.0,164.27559,-1708.0,-47.44444,-108.0,-3.0,2.0
1758074505.54211,37087.0,203.72809,29897.0,164.23164,-1574.0,-43.72222,-209.0,-5.80556,2.0
1758074505.54288,37166.0,204.16205,29885.0,164.16571,-1555.0,-43.19444,-204.0,-5.66667,2.0
1758074505.55814,37240.0,204.56854,29876.0,164.11627,-1435.0,-39.86111,-210.0,-5.83333,2.0
1758074505.55942,37311.0,204.95857,29863.0,164.04486,-1393.0,-38.69444,-246.0,-6.83333,2.0
1758074505.57511,37378.0,205.32661,29849.0,163.96796,-1326.0,-36.83333,-350.0,-9.72222,2.0
1758074505.59174,37445.0,205.69466,29832.0,163.87457,-1300.0,-36.11111,-333.0,-9.25,2.0
1758074505.59205,37510.0,206.05174,29810.0,163.75372,-1254.0,-34.83333,-485.0,-13.47222,2.0
1758074505.60717,37567.0,206.36485,29788.0,163.63287,-985.0,-27.36111,-388.0,-10.77778,2.0
1758074505.624,37600.0,206.54613,29775.0,163.56146,-387.0,-10.75,-66.0,-1.83333,2.0
1758074505.62515,37603.0,206.56261,29780.0,163.58893,134.0,3.72222,108.0,3.0,2.0
1758074505.64098,37588.0,206.48021,29785.0,163.61639,474.0,13.16667,112.0,3.11111,2.0
1758074505.64181,37548.0,206.26048,29795.0,163.67133,1018.0,28.27778,252.0,7.0,2.0
1758074505.6573,37483.0,205.9034,29815.0,163.78119,1472.0,40.88889,457.0,12.69444,2.0
1758074505.67439,37394.0,205.41451,29845.0,163.94598,1946.0,54.05556,745.0,20.69444,2.0
1758074505.67673,37286.0,204.82124,29891.0,164.19868,2266.0,62.94444,958.0,26.61111,2.0
1758074505.69235,37164.0,204.15106,29942.0,164.47884,2493.0,69.25,1016.0,28.22222,2.0
1758074505.69475,37035.0,203.44244,29992.0,164.75349,2543.0,70.63889,953.0,26.47222,2.0
1758074505.71019,36906.0,202.7338,30039.0,165.01167,2532.0,70.33334,868.0,24.11111,2.0
1758074505.71139,36774.0,202.0087,30086.0,165.26985,2740.0,76.11111,1018.0,28.27778,2.0
1758074505.72621,36623.0,201.17921,30147.0,165.60495,3176.0,88.22222,1437.0,39.91667,2.0
1758074505.74261,36445.0,200.20142,30234.0,166.08286,3771.0,104.75,1915.0,53.19444,2.0
1758074505.74585,36234.0,199.04236,30351.0,166.72557,4416.0,122.66666,2597.0,72.13889,2.0
1758074505.76121,35996.0,197.73495,30500.0,167.54405,4860.0,135.0,3151.0,87.52778,2.0
1758074505.76201,35748.0,196.37263,30663.0,168.43947,4859.0,134.97223,3096.0,86.0,2.0
1758074505.7772,35516.0,195.09819,30799.0,169.18654,4233.0,117.58334,2390.0,66.38889,2.0
1758074505.7932,35327.0,194.05997,30891.0,169.69191,3343.0,92.86111,1269.0,35.25,2.0
1758074505.79403,35188.0,193.2964,30919.0,169.84573,2316.0,64.33334,4.0,0.11111,2.0
1758074505.80922,35100.0,192.813,30907.0,169.7798,1333.0,37.02778,-248.0,-6.88889,2.0
1758074505.8106,35056.0,192.5713,30896.0,169.71938,582.0,16.16667,-165.0,-4.58333,2.0
1758074505.82708,35044.0,192.50539,30894.0,169.70839,6.0,0.16667,27.0,0.75,2.0
1758074505.84308,35045.0,192.51088,30895.0,169.71388,0.0,0.0,0.0,0.0,2.0
1758074505.84422,35045.0,192.51088,30895.0,169.71388,0.0,0.0,0.0,0.0,2.0
1758074505.8597,35045.0,192.51088,30896.0,169.71938,0.0,0.0,0.0,0.0,2.0
1758074505.86004,35045.0,192.51088,30896.0,169.71938,0.0,0.0,0.0,0.0,2.0
1758074505.87604,35044.0,192.50539,30897.0,169.72487,0.0,0.0,0.0,0.0,2.0
1758074505.8931,35044.0,192.50539,30897.0,169.72487,0.0,0.0,0.0,0.0,2.0
1758074505.89386,35044.0,192.50539,30897.0,169.72487,0.0,0.0,0.0,0.0,2.0
1758074505.90928,35044.0,192.50539,30897.0,169.72487,0.0,0.0,0.0,0.0,2.0
1758074505.91056,35044.0,192.50539,30897.0,169.72487,0.0,0.0,0.0,0.0,2.0
1758074505.92527,35044.0,192.50539,30897.0,169.72487,0.0,0.0,0.0,0.0,2.0
1758074505.94129,35044.0,192.50539,30897.0,169.72487,0.0,0.0,0.0,0.0,2.0
1758074505.9421,35044.0,192.50539,30897.0,169.72487,0.0,0.0,0.0,0.0,2.0
1758074505.95727,35044.0,192.50539,30897.0,169.72487,0.0,0.0,-3.0,-0.08333,2.0
1758074505.97331,35044.0,192.50539,30897.0,169.72487,0.0,0.0,-9.0,-0.25,2.0
1758074505.97415,35044.0,192.50539,30896.0,169.71938,0.0,0.0,0.0,0.0,2.0
1758074505.9893,35045.0,192.51088,30896.0,169.71938,-9.0,-0.25,-2.0,-0.05556,2.0
1758074505.99015,35045.0,192.51088,30896.0,169.71938,0.0,0.0,0.0,0.0,2.0
1758074506.00536,35045.0,192.51088,30896.0,169.71938,0.0,0.0,0.0,0.0,2.0
1758074506.02138,35045.0,192.51088,30896.0,169.71938,0.0,0.0,0.0,0.0,2.0
1758074506.02228,35045.0,192.51088,30896.0,169.71938,0.0,0.0,0.0,0.0,2.0
1758074506.03928,35045.0,192.51088,30896.0,169.71938,2.0,0.05556,0.0,0.0,2.0
1758074506.04134,35045.0,192.51088,30896.0,169.71938,4.0,0.11111,0.0,0.0,2.0
1758074506.05639,35044.0,192.50539,30896.0,169.71938,24.0,0.66667,0.0,0.0,2.0
1758074506.07321,35041.0,192.48891,30896.0,169.71938,96.0,2.66667,8.0,0.22222,2.0
1758074506.07599,35033.0,192.44496,30896.0,169.71938,221.0,6.13889,0.0,0.0,2.0
1758074506.09142,35015.0,192.34608,30896.0,169.71938,471.0,13.08333,7.0,0.19444,2.0
1758074506.09219,34983.0,192.1703,30896.0,169.71938,759.0,21.08333,0.0,0.0,2.0
1758074506.14085,34936.0,191.91209,30896.0,169.71938,1026.0,28.5,0.0,0.0,2.0
1758074506.14121,34881.0,191.60997,30896.0,169.71938,1123.0,31.19444,0.0,0.0,2.0
1758074506.14987,34821.0,191.28038,30896.0,169.71938,1251.0,34.75,0.0,0.0,2.0
1758074506.1503,34757.0,190.92882,30895.0,169.71388,1272.0,35.33333,0.0,0.0,2.0
1758074506.15138,34690.0,190.56078,30895.0,169.71388,1365.0,37.91667,0.0,0.0,2.0
1758074506.15344,34618.0,190.16525,30895.0,169.71388,1411.0,39.19444,0.0,0.0,2.0
1758074506.16954,34542.0,189.74777,30894.0,169.70839,1555.0,43.19444,0.0,0.0,2.0
1758074506.17051,34461.0,189.30283,30894.0,169.70839,1627.0,45.19444,0.0,0.0,2.0
1758074506.18646,34374.0,188.82489,30894.0,169.70839,1761.0,48.91667,0.0,0.0,2.0
1758074506.20248,34281.0,188.31403,30894.0,169.70839,1955.0,54.30556,0.0,0.0,2.0
1758074506.20442,34178.0,187.74823,30894.0,169.70839,2125.0,59.02778,9.0,0.25,2.0
1758074506.22026,34064.0,187.12199,30895.0,169.71388,2384.0,66.22222,24.0,0.66667,2.0
1758074506.22104,33933.0,186.40239,30897.0,169.72487,2683.0,74.52778,43.0,1.19444,2.0
1758074506.2365,33790.0,185.61685,30900.0,169.74135,2937.0,81.58334,81.0,2.25,2.0
1758074506.25249,33638.0,184.78186,30908.0,169.78529,3032.0,84.22222,242.0,6.72222,2.0
1758074506.25366,33484.0,183.93591,30923.0,169.86771,3012.0,83.66666,320.0,8.88889,2.0
1758074506.26848,33335.0,183.11742,30942.0,169.97208,2919.0,81.08334,429.0,11.91667,2.0
1758074506.26968,33190.0,182.32091,30967.0,170.10941,2823.0,78.41666,563.0,15.63889,2.0
1758074506.28548,33047.0,181.53535,31002.0,170.30167,2824.0,78.44444,793.0,22.02778,2.0
1758074506.30157,32906.0,180.76082,31053.0,170.58183,2795.0,77.63889,1252.0,34.77778,2.0
1758074506.30233,32766.0,179.99176,31131.0,171.0103,2725.0,75.69444,1686.0,46.83333,2.0
1758074506.31864,32628.0,179.23369,31231.0,171.55963,2691.0,74.75,2210.0,61.38889,2.0
1758074506.32069,32495.0,178.5031,31357.0,172.25177,2578.0,71.61111,2688.0,74.66666,2.0
1758074506.33655,32367.0,177.79996,31508.0,173.08125,2454.0,68.16666,3142.0,87.27778,2.0
1758074506.35259,32249.0,177.15175,31679.0,174.0206,2222.0,61.72222,3555.0,98.75,2.0
1758074506.35452,32144.0,176.57495,31872.0,175.0808,1943.0,53.97222,3999.0,111.08334,2.0
1758074506.36963,32057.0,176.09705,32085.0,176.25085,1534.0,42.61111,4384.0,121.77778,2.0
1758074506.37084,31995.0,175.75647,32319.0,177.53627,1003.0,27.86111,4746.0,131.83333,2.0
1758074506.3856,31960.0,175.56421,32569.0,178.90959,486.0,13.5,5046.0,140.16667,2.0
1758074506.4016,31949.0,175.50378,32834.0,180.3653,8.0,0.22222,5422.0,150.61111,2.0
1758074506.40279,31956.0,175.54224,33120.0,181.93636,-210.0,-5.83333,5743.0,159.52777,2.0
1758074506.41834,31972.0,175.63013,33414.0,183.55139,-389.0,-10.80556,5888.0,163.55556,2.0
1758074506.42038,31999.0,175.77844,33716.0,185.21036,-622.0,-17.27778,6052.0,168.11111,2.0
1758074506.43658,32036.0,175.98169,34028.0,186.92424,-809.0,-22.47222,6233.0,173.13889,2.0
1758074506.45263,32084.0,176.24536,34340.0,188.63812,-1024.0,-28.44444,6067.0,168.52777,2.0
1758074506.45336,32138.0,176.54199,34640.0,190.2861,-1130.0,-31.38889,5798.0,161.05556,2.0
1758074506.46941,32203.0,176.89906,34921.0,191.8297,-1395.0,-38.75,5313.0,147.58333,2.0
1758074506.47018,32280.0,177.32204,35168.0,193.18654,-1610.0,-44.72222,4541.0,126.13889,2.0
1758074506.48682,32370.0,177.81644,35377.0,194.33463,-1836.0,-51.0,3868.0,107.44444,2.0
1758074506.50262,32466.0,178.3438,35556.0,195.31792,-1944.0,-54.0,3317.0,92.13889,2.0
1758074506.50338,32561.0,178.86565,35710.0,196.16386,-1843.0,-51.19444,2811.0,78.08334,2.0
1758074506.5186,32650.0,179.35454,35840.0,196.87801,-1649.0,-45.80556,2381.0,66.13889,2.0
1758074506.51985,32727.0,179.77753,35949.0,197.47676,-1408.0,-39.11111,1969.0,54.69444,2.0
1758074506.53563,32789.0,180.1181,36039.0,197.97116,-1032.0,-28.66667,1616.0,44.88889,2.0
1758074506.55162,32833.0,180.3598,36110.0,198.36118,-769.0,-21.36111,1243.0,34.52778,2.0
1758074506.55236,32862.0,180.5191,36164.0,198.65781,-419.0,-11.63889,911.0,25.30556,2.0
1758074506.56763,32872.0,180.57404,36198.0,198.84457,-24.0,-0.66667,487.0,13.52778,2.0
1758074506.58368,32866.0,180.54108,36211.0,198.91599,161.0,4.47222,117.0,3.25,2.0
1758074506.58488,32855.0,180.48065,36210.0,198.91049,256.0,7.11111,-61.0,-1.69444,2.0
1758074506.5997,32842.0,180.40924,36208.0,198.89951,258.0,7.16667,-33.0,-0.91667,2.0
1758074506.60079,32830.0,180.34332,36206.0,198.88852,217.0,6.02778,-62.0,-1.72222,2.0
1758074506.61566,32822.0,180.29938,36199.0,198.85007,83.0,2.30556,-215.0,-5.97222,2.0
1758074506.63165,32822.0,180.29938,36182.0,198.75668,-59.0,-1.63889,-429.0,-11.91667,2.0
1758074506.63373,32825.0,180.31586,36152.0,198.59189,-65.0,-1.80556,-710.0,-19.72222,2.0
1758074506.64868,32828.0,180.33234,36111.0,198.36667,-42.0,-1.16667,-899.0,-24.97222,2.0
1758074506.64987,32830.0,180.34332,36058.0,198.07553,-32.0,-0.88889,-1174.0,-32.61111,2.0
1758074506.66581,32832.0,180.35431,35988.0,197.69101,-51.0,-1.41667,-1502.0,-41.72222,2.0
1758074506.68166,32835.0,180.37079,35906.0,197.24055,-74.0,-2.05556,-1777.0,-49.36111,2.0
1758074506.68247,32839.0,180.39276,35806.0,196.69124,-46.0,-1.27778,-2066.0,-57.38889,2.0
1758074506.6977,32839.0,180.39276,35694.0,196.07597,25.0,0.69444,-2311.0,-64.19444,2.0
1758074506.71373,32838.0,180.38727,35571.0,195.40031,9.0,0.25,-2479.0,-68.86111,2.0
1758074506.71541,32838.0,180.38727,35444.0,194.70267,0.0,0.0,-2526.0,-70.16666,2.0
1758074506.73067,32838.0,180.38727,35317.0,194.00504,5.0,0.13889,-2471.0,-68.63889,2.0
1758074506.73185,32838.0,180.38727,35197.0,193.34584,8.0,0.22222,-2297.0,-63.80556,2.0
1758074506.74676,32837.0,180.38177,35087.0,192.74159,7.0,0.19444,-2056.0,-57.11111,2.0
1758074506.76276,32837.0,180.38177,34991.0,192.21425,0.0,0.0,-1776.0,-49.33333,2.0
1758074506.76387,32835.0,180.37079,34910.0,191.76927,65.0,1.80556,-1481.0,-41.13889,2.0
1758074506.78038,32831.0,180.34882,34844.0,191.40672,97.0,2.69444,-1172.0,-32.55556,2.0
1758074506.78113,32827.0,180.32684,34796.0,191.14305,51.0,1.41667,-829.0,-23.02778,2.0
1758074506.79675,32827.0,180.32684,34762.0,190.95628,-53.0,-1.47222,-518.0,-14.38889,2.0
1758074506.81271,32829.0,180.33783,34741.0,190.84093,0.0,0.0,-316.0,-8.77778,2.0
1758074506.81338,32828.0,180.33234,34730.0,190.7805,0.0,0.0,-158.0,-4.38889,2.0
1758074506.8296,32830.0,180.34332,34722.0,190.73656,-36.0,-1.0,-204.0,-5.66667,2.0
1758074506.83069,32832.0,180.35431,34707.0,190.65416,-74.0,-2.05556,-408.0,-11.33333,2.0
1758074506.84573,32840.0,180.39825,34679.0,190.50034,-230.0,-6.38889,-670.0,-18.61111,2.0
1758074506.86179,32858.0,180.49713,34634.0,190.25314,-472.0,-13.11111,-1066.0,-29.61111,2.0
1758074506.86291,32893.0,180.68939,34564.0,189.86862,-880.0,-24.44444,-1603.0,-44.52778,2.0
1758074506.87781,32952.0,181.0135,34468.0,189.34128,-1394.0,-38.72222,-2156.0,-59.88889,2.0
1758074506.89377,33037.0,181.48042,34347.0,188.67657,-1863.0,-51.75,-2535.0,-70.41666,2.0
1758074506.89525,33144.0,182.06819,34209.0,187.91852,-2282.0,-63.38889,-2847.0,-79.08334,2.0
1758074506.91082,33267.0,182.74388,34059.0,187.09453,-2524.0,-70.11111,-3015.0,-83.75,2.0
1758074506.91199,33401.0,183.47997,33906.0,186.25406,-2722.0,-75.61111,-3001.0,-83.36111,2.0
1758074506.9268,33541.0,184.24902,33755.0,185.42459,-2802.0,-77.83334,-2948.0,-81.88889,2.0
1758074506.9428,33683.0,185.02908,33610.0,184.62805,-2824.0,-78.44444,-2789.0,-77.47222,2.0
1758074506.94536,33828.0,185.82559,33473.0,183.87549,-2884.0,-80.11111,-2632.0,-73.11111,2.0
1758074506.96084,33974.0,186.62761,33345.0,183.17235,-2921.0,-81.13889,-2444.0,-67.88889,2.0
1758074506.96171,34123.0,187.44609,33229.0,182.53514,-2921.0,-81.13889,-2204.0,-61.22222,2.0
1758074506.97683,34273.0,188.27008,33122.0,181.94734,-3002.0,-83.38889,-2036.0,-56.55556,2.0
1758074506.99321,34427.0,189.11603,33025.0,181.41451,-3101.0,-86.13889,-1838.0,-51.05556,2.0
1758074506.99422,34588.0,190.00046,32938.0,180.9366,-3229.0,-89.69444,-1618.0,-44.94444,2.0
1758074507.00994,34756.0,190.92332,32861.0,180.51361,-3369.0,-93.58334,-1448.0,-40.22222,2.0
1758074507.01066,34929.0,191.87364,32793.0,180.14008,-3457.0,-96.02778,-1242.0,-34.5,2.0
1758074507.0259,35104.0,192.83498,32734.0,179.81598,-3463.0,-96.19444,-1091.0,-30.30556,2.0
1758074507.04191,35280.0,193.80179,32684.0,179.54131,-3479.0,-96.63889,-906.0,-25.16667,2.0
1758074507.04309,35459.0,194.78508,32641.0,179.3051,-3540.0,-98.33334,-794.0,-22.05556,2.0
1758074507.0579,35639.0,195.77385,32604.0,179.10185,-3602.0,-100.05556,-683.0,-18.97222,2.0
1758074507.05992,35822.0,196.77913,32571.0,178.92058,-3645.0,-101.25,-621.0,-17.25,2.0
1758074507.07588,36006.0,197.78989,32544.0,178.77226,-3601.0,-100.02778,-526.0,-14.61111,2.0
1758074507.09191,36188.0,198.78964,32516.0,178.61845,-3603.0,-100.08334,-578.0,-16.05556,2.0
1758074507.09322,36375.0,199.81689,32486.0,178.45366,-3653.0,-101.47222,-579.0,-16.08333,2.0
1758074507.10796,36562.0,200.84413,32455.0,178.28337,-3704.0,-102.88889,-626.0,-17.38889,2.0
1758074507.12377,36749.0,201.87137,32420.0,178.09109,-3717.0,-103.25,-690.0,-19.16667,2.0
1758074507.12531,36935.0,202.8931,32385.0,177.89883,-3665.0,-101.80556,-753.0,-20.91667,2.0
1758074507.14095,37119.0,203.90387,32344.0,177.67361,-3599.0,-99.97222,-845.0,-23.47222,2.0
1758074507.14177,37301.0,204.90364,32302.0,177.44289,-3530.0,-98.05556,-838.0,-23.27778,2.0
1758074507.15694,37477.0,205.87044,32258.0,177.20119,-3445.0,-95.69444,-860.0,-23.88889,2.0
1758074507.17346,37647.0,206.80431,32213.0,176.95399,-3300.0,-91.66666,-898.0,-24.94444,2.0
1758074507.17472,37808.0,207.68872,32166.0,176.6958,-3076.0,-85.44444,-895.0,-24.86111,2.0
1758074507.19001,37957.0,208.5072,32121.0,176.44861,-2850.0,-79.16666,-918.0,-25.5,2.0
1758074507.19122,38092.0,209.24881,32077.0,176.20691,-2533.0,-70.36111,-795.0,-22.08333,2.0
1758074507.20601,38211.0,209.9025,32040.0,176.00366,-2189.0,-60.80556,-709.0,-19.69444,2.0
1758074507.22197,38313.0,210.46281,32006.0,175.81689,-1873.0,-52.02778,-654.0,-18.16667,2.0
1758074507.22317,38396.0,210.91875,31972.0,175.63013,-1484.0,-41.22222,-683.0,-18.97222,2.0
1758074507.23793,38459.0,211.26482,31941.0,175.45984,-1053.0,-29.25,-596.0,-16.55556,2.0
1758074507.25368,38497.0,211.47356,31913.0,175.30602,-557.0,-15.47222,-541.0,-15.02778,2.0
1758074507.25407,38514.0,211.56694,31884.0,175.14671,-171.0,-4.75,-551.0,-15.30556,2.0
1758074507.26997,38513.0,211.56145,31853.0,174.97643,125.0,3.47222,-638.0,-17.72222,2.0
1758074507.27119,38504.0,211.51201,31820.0,174.79515,236.0,6.55556,-696.0,-19.33333,2.0
1758074507.28684,38484.0,211.40215,31786.0,174.60837,527.0,14.63889,-658.0,-18.27778,2.0
1758074507.30454,38444.0,211.18242,31753.0,174.42709,1004.0,27.88889,-705.0,-19.58333,2.0
1758074507.30674,38382.0,210.84184,31715.0,174.21835,1413.0,39.25,-748.0,-20.77778,2.0
1758074507.32201,38299.0,210.38591,31677.0,174.00961,1842.0,51.16667,-757.0,-21.02778,2.0
1758074507.32287,38195.0,209.81461,31638.0,173.79538,2219.0,61.63889,-759.0,-21.08333,2.0
1758074507.33883,38071.0,209.13345,31597.0,173.57016,2596.0,72.11111,-907.0,-25.19444,2.0
1758074507.34083,37931.0,208.36438,31549.0,173.30647,2909.0,80.80556,-996.0,-27.66667,2.0
1758074507.35606,37775.0,207.50745,31494.0,173.00435,3185.0,88.47222,-1149.0,-31.91667,2.0
1758074507.37209,37606.0,206.57909,31428.0,172.6418,3432.0,95.33334,-1386.0,-38.5,2.0
1758074507.37318,37429.0,205.60677,31351.0,172.21881,3542.0,98.38889,-1637.0,-45.47222,2.0
1758074507.38806,37249.0,204.618,31261.0,171.72443,3562.0,98.94444,-1876.0,-52.11111,2.0
1758074507.40533,37068.0,203.62372,31159.0,171.16411,3566.0,99.05556,-2093.0,-58.13889,2.0
1758074507.40583,36884.0,202.61295,31049.0,170.55986,3704.0,102.88889,-2196.0,-61.0,2.0
1758074507.42227,36687.0,201.53078,30943.0,169.97757,4033.0,112.02778,-2052.0,-57.0,2.0
1758074507.42384,36473.0,200.35522,30846.0,169.44472,4412.0,122.55556,-1804.0,-50.11111,2.0
1758074507.43904,36241.0,199.08081,30764.0,168.99428,4776.0,132.66667,-1458.0,-40.5,2.0
1758074507.44021,35986.0,197.68002,30702.0,168.6537,5088.0,141.33333,-1053.0,-29.25,2.0
1758074507.45504,35722.0,196.22981,30660.0,168.42299,5227.0,145.19444,-681.0,-18.91667,2.0
1758074507.47104,35457.0,194.77409,30637.0,168.29663,5198.0,144.38889,-309.0,-8.58333,2.0
1758074507.47183,35196.0,193.34035,30629.0,168.25269,5112.0,142.0,-14.0,-0.38889,2.0
1758074507.48709,34936.0,191.91209,30632.0,168.26917,5165.0,143.47223,22.0,0.61111,2.0
1758074507.48834,34675.0,190.47836,30632.0,168.26917,5158.0,143.27777,3.0,0.08333,2.0
1758074507.50413,34417.0,189.0611,30635.0,168.28564,5105.0,141.80556,54.0,1.5,2.0
1758074507.52089,34156.0,187.62737,30644.0,168.33508,5218.0,144.94444,294.0,8.16667,2.0
1758074507.52181,33881.0,186.11673,30677.0,168.51637,5607.0,155.75,985.0,27.36111,2.0
1758074507.53711,33585.0,184.49072,30752.0,168.92836,5984.0,166.22223,1915.0,53.19444,2.0
1758074507.53845,33277.0,182.79881,30882.0,169.64247,6172.0,171.44444,3012.0,83.66666,2.0
1758074507.55427,32962.0,181.06844,31064.0,170.64226,6199.0,172.19444,3959.0,109.97222,2.0
1758074507.57112,32654.0,179.37651,31279.0,171.8233,5935.0,164.86111,4419.0,122.75,2.0
1758074507.57245,32367.0,177.79996,31505.0,173.06477,5486.0,152.38889,4477.0,124.36111,2.0
1758074507.5871,32103.0,176.34973,31728.0,174.28976,4992.0,138.66667,4355.0,120.97222,2.0
1758074507.5892,31868.0,175.05882,31944.0,175.47632,4327.0,120.19444,4256.0,118.22222,2.0
1758074507.60694,31669.0,173.96567,32157.0,176.64636,3610.0,100.27778,4234.0,117.61111,2.0
1758074507.62223,31509.0,173.08675,32374.0,177.83841,2838.0,78.83334,4306.0,119.61111,2.0
1758074507.63136,31387.0,172.41656,32596.0,179.05791,2082.0,57.83333,4449.0,123.58334,2.0
1758074507.63226,31305.0,171.96613,32831.0,180.34882,1304.0,36.22222,4769.0,132.47223,2.0
1758074507.65,31264.0,171.74091,33087.0,181.75508,416.0,11.55556,5306.0,147.38889,2.0
1758074507.6506,31264.0,171.74091,33372.0,183.32066,-123.0,-3.41667,5915.0,164.30556,2.0
1758074507.66621,31273.0,171.79034,33688.0,185.05655,-228.0,-6.33333,6467.0,179.63889,2.0
1758074507.68298,31291.0,171.88922,34033.0,186.95171,-494.0,-13.72222,7046.0,195.72223,2.0
1758074507.68418,31323.0,172.065,34394.0,188.93475,-694.0,-19.27778,7151.0,198.63889,2.0
1758074507.6992,31364.0,172.29022,34763.0,190.96178,-917.0,-25.47222,7377.0,204.91667,2.0
1758074507.70034,31421.0,172.60333,35139.0,193.02724,-1251.0,-34.75,7277.0,202.13889,2.0
1758074507.71596,31490.0,172.98238,35498.0,194.99931,-1440.0,-40.0,6946.0,192.94444,2.0
1758074507.73335,31568.0,173.41086,35843.0,196.89449,-1658.0,-46.05556,6673.0,185.36111,2.0
1758074507.73378,31655.0,173.88876,36162.0,198.64682,-1742.0,-48.38889,6042.0,167.83333,2.0
1758074507.74924,31748.0,174.39963,36453.0,200.24536,-1861.0,-51.69444,5496.0,152.66667,2.0
1758074507.75003,31844.0,174.92699,36715.0,201.68459,-1917.0,-53.25,4892.0,135.88889,2.0
1758074507.76524,31941.0,175.45984,36942.0,202.93155,-1924.0,-53.44444,4186.0,116.27778,2.0
1758074507.78134,32035.0,175.9762,37133.0,203.98077,-1781.0,-49.47222,3466.0,96.27778,2.0
1758074507.78324,32127.0,176.48157,37283.0,204.80476,-1788.0,-49.66667,2540.0,70.55556,2.0
1758074507.79832,32216.0,176.97047,37386.0,205.37056,-1684.0,-46.77778,1662.0,46.16667,2.0
1758074507.79903,32290.0,177.37697,37452.0,205.73311,-1289.0,-35.80556,1044.0,29.0,2.0
1758074507.81507,32341.0,177.65714,37488.0,205.93086,-743.0,-20.63889,497.0,13.80556,2.0
1758074507.83152,32359.0,177.75601,37504.0,206.01878,-8.0,-0.22222,247.0,6.86111,2.0
1758074507.8321,32349.0,177.70108,37510.0,206.05174,307.0,8.52778,39.0,1.08333,2.0
1758074507.84729,32326.0,177.57474,37510.0,206.05174,566.0,15.72222,0.0,0.0,2.0
1758074507.84937,32293.0,177.39345,37510.0,206.05174,677.0,18.80556,0.0,0.0,2.0
1758074507.86533,32258.0,177.20119,37510.0,206.05174,728.0,20.22222,0.0,0.0,2.0
1758074507.88133,32219.0,176.98695,37510.0,206.05174,766.0,21.27778,0.0,0.0,2.0
1758074507.88216,32187.0,176.81116,37510.0,206.05174,521.0,14.47222,-1.0,-0.02778,2.0
1758074507.89737,32169.0,176.71228,37510.0,206.05174,190.0,5.27778,-9.0,-0.25,2.0
1758074507.89896,32169.0,176.71228,37509.0,206.04625,-86.0,-2.38889,-20.0,-0.55556,2.0
1758074507.91549,32174.0,176.73975,37508.0,206.04076,-106.0,-2.94444,-29.0,-0.80556,2.0
1758074507.93136,32181.0,176.7782,37506.0,206.02977,-161.0,-4.47222,-40.0,-1.11111,2.0
1758074507.93214,32191.0,176.83313,37504.0,206.01878,-249.0,-6.91667,-61.0,-1.69444,2.0
1758074507.94732,32208.0,176.92653,37498.0,205.98579,-368.0,-10.22222,-181.0,-5.02778,2.0
1758074507.94968,32230.0,177.04738,37481.0,205.89241,-453.0,-12.58333,-495.0,-13.75,2.0
1758074507.96536,32255.0,177.18471,37445.0,205.69466,-489.0,-13.58333,-859.0,-23.86111,2.0
1758074507.98133,32280.0,177.32204,37395.0,205.42,-514.0,-14.27778,-1099.0,-30.52778,2.0
1758074507.98218,32308.0,177.47585,37334.0,205.08492,-550.0,-15.27778,-1305.0,-36.25,2.0
1758074507.99894,32331.0,177.6022,37262.0,204.68941,-368.0,-10.22222,-1436.0,-39.88889,2.0
1758074508.001,32347.0,177.69009,37181.0,204.24445,-307.0,-8.52778,-1790.0,-49.72222,2.0
1758074508.01637,32365.0,177.78897,37079.0,203.68414,-372.0,-10.33333,-2185.0,-60.69444,2.0
1758074508.03253,32389.0,177.92081,36952.0,202.98648,-529.0,-14.69444,-2720.0,-75.55556,2.0
1758074508.03357,32422.0,178.10208,36798.0,202.14053,-706.0,-19.61111,-3256.0,-90.44444,2.0
1758074508.0495,32463.0,178.32732,36616.0,201.14076,-873.0,-24.25,-3721.0,-103.36111,2.0
1758074508.04994,32506.0,178.56352,36415.0,200.03662,-812.0,-22.55556,-4100.0,-113.88889,2.0
1758074508.06541,32546.0,178.78325,36198.0,198.84457,-747.0,-20.75,-4381.0,-121.69444,2.0
1758074508.0814,32581.0,178.97551,35967.0,197.57564,-649.0,-18.02778,-4688.0,-130.22223,2.0
1758074508.08258,32611.0,179.1403,35720.0,196.21883,-522.0,-14.5,-4944.0,-137.33333,2.0
1758074508.09886,32634.0,179.26665,35461.0,194.79607,-373.0,-10.36111,-5242.0,-145.61111,2.0
1758074508.09922,32651.0,179.36003,35187.0,193.29091,-358.0,-9.94444,-5582.0,-155.05556,2.0
1758074508.11561,32680.0,179.51933,34893.0,191.67589,-757.0,-21.02778,-6004.0,-166.77777,2.0
1758074508.13153,32725.0,179.76654,34578.0,189.94553,-932.0,-25.88889,-6365.0,-176.80556,2.0
1758074508.13229,32772.0,180.02472,34239.0,188.08331,-886.0,-24.61111,-7004.0,-194.55556,2.0
1758074508.1485,32822.0,180.29938,33862.0,186.01236,-1141.0,-31.69444,-7754.0,-215.38889,2.0
1758074508.14971,32893.0,180.68939,33456.0,183.7821,-1596.0,-44.33333,-8304.0,-230.66667,2.0
1758074508.16554,32988.0,181.21126,33032.0,181.45296,-2038.0,-56.61111,-8383.0,-232.86111,2.0
1758074508.18147,33091.0,181.77705,32620.0,179.18974,-1995.0,-55.41667,-8001.0,-222.25,2.0
1758074508.18227,33183.0,182.28246,32229.0,177.04189,-1586.0,-44.05556,-7561.0,-210.02777,2.0
1758074508.20163,33254.0,182.67247,31859.0,175.00938,-1267.0,-35.19444,-6946.0,-192.94444,2.0
1758074508.20278,33310.0,182.98009,31533.0,173.21858,-962.0,-26.72222,-6086.0,-169.05556,2.0
1758074508.21748,33355.0,183.22728,31251.0,171.66949,-877.0,-24.36111,-5172.0,-143.66667,2.0
1758074508.21872,33398.0,183.46349,31021.0,170.40604,-773.0,-21.47222,-4073.0,-113.13889,2.0
1758074508.23542,33439.0,183.68872,30845.0,169.43922,-865.0,-24.02778,-3076.0,-85.44444,2.0
1758074508.25149,33494.0,183.99084,30710.0,168.69765,-1314.0,-36.5,-2367.0,-65.75,2.0
1758074508.25258,33578.0,184.45227,30602.0,168.10437,-1944.0,-54.0,-1947.0,-54.08333,2.0
1758074508.27044,33701.0,185.12796,30510.0,167.59898,-2784.0,-77.33334,-1680.0,-46.66667,2.0
1758074508.27086,33871.0,186.0618,30431.0,167.16502,-3746.0,-104.05556,-1501.0,-41.69444,2.0
1758074508.28662,34087.0,187.24834,30359.0,166.76952,-4634.0,-128.72223,-1294.0,-35.94444,2.0
1758074508.30292,34341.0,188.64362,30300.0,166.44542,-5309.0,-147.47223,-1095.0,-30.41667,2.0
1758074508.30326,34626.0,190.2092,30255.0,166.19821,-5836.0,-162.11111,-716.0,-19.88889,2.0
1758074508.31898,34934.0,191.90111,30231.0,166.06638,-6236.0,-173.22223,-283.0,-7.86111,2.0
1758074508.31932,35245.0,193.60953,30232.0,166.07187,-6034.0,-167.61111,124.0,3.44444,2.0
1758074508.33546,35546.0,195.26299,30239.0,166.11032,-5881.0,-163.36111,139.0,3.86111,2.0
1758074508.35165,35840.0,196.87801,30247.0,166.15427,-5726.0,-159.05556,151.0,4.19444,2.0
1758074508.35235,36117.0,198.39963,30258.0,166.21469,-5329.0,-148.02777,290.0,8.05556,2.0
1758074508.36798,36378.0,199.83337,30273.0,166.2971,-5028.0,-139.66667,304.0,8.44444,2.0
1758074508.36973,36625.0,201.1902,30286.0,166.36852,-4742.0,-131.72223,204.0,5.66667,2.0
1758074508.38564,36857.0,202.46463,30295.0,166.41795,-4410.0,-122.5,140.0,3.88889,2.0
1758074508.40162,37072.0,203.64569,30300.0,166.44542,-4093.0,-113.69444,25.0,0.69444,2.0
1758074508.40357,37273.0,204.74983,30300.0,166.44542,-3873.0,-107.58334,0.0,0.0,2.0
1758074508.41866,37463.0,205.79353,30298.0,166.43443,-3676.0,-102.11111,-5.0,-0.13889,2.0
1758074508.41997,37643.0,206.78233,30298.0,166.43443,-3488.0,-96.88889,-9.0,-0.25,2.0
1758074508.43555,37813.0,207.71619,30298.0,166.43443,-3248.0,-90.22222,-3.0,-0.08333,2.0
1758074508.45164,37974.0,208.60059,30298.0,166.43443,-3101.0,-86.13889,-9.0,-0.25,2.0
1758074508.45319,38128.0,209.44656,30296.0,166.42345,-2985.0,-82.91666,-14.0,-0.38889,2.0
1758074508.46863,38277.0,210.26506,30295.0,166.41795,-2840.0,-78.88889,-20.0,-0.55556,2.0
1758074508.46941,38418.0,211.0396,30295.0,166.41795,-2723.0,-75.63889,-25.0,-0.69444,2.0
1758074508.48461,38544.0,211.73175,30295.0,166.41795,-2249.0,-62.47222,4.0,0.11111,2.0
1758074508.50068,38636.0,212.23712,30298.0,166.43443,-1461.0,-40.58333,56.0,1.55556,2.0
1758074508.50142,38685.0,212.50629,30301.0,166.45091,-601.0,-16.69444,83.0,2.30556,2.0
1758074508.51665,38692.0,212.54474,30306.0,166.47838,95.0,2.63889,44.0,1.22222,2.0
1758074508.53265,38683.0,212.4953,30308.0,166.48936,216.0,6.0,18.0,0.5,2.0
1758074508.53354,38662.0,212.37994,30309.0,166.49486,523.0,14.52778,42.0,1.16667,2.0
1758074508.54865,38628.0,212.19318,30313.0,166.51683,820.0,22.77778,109.0,3.02778,2.0
1758074508.54992,38573.0,211.89105,30323.0,166.57176,1262.0,35.05556,260.0,7.22222,2.0
1758074508.56583,38500.0,211.49004,30339.0,166.65965,1569.0,43.58333,345.0,9.58333,2.0
1758074508.5818,38414.0,211.01762,30359.0,166.76952,1771.0,49.19444,388.0,10.77778,2.0
1758074508.58366,38322.0,210.51225,30382.0,166.89586,1861.0,51.69444,524.0,14.55556,2.0
1758074508.59957,38219.0,209.94644,30417.0,167.08812,2196.0,61.0,870.0,24.16667,2.0
1758074508.60069,38093.0,209.2543,30474.0,167.40123,2699.0,74.97222,1317.0,36.58333,2.0
1758074508.61569,37937.0,208.39734,30558.0,167.86267,3388.0,94.11111,1977.0,54.91667,2.0
1758074508.6317,37742.0,207.32616,30679.0,168.52736,4192.0,116.44444,2674.0,74.27778,2.0
1758074508.63381,37506.0,206.02977,30831.0,169.36232,4929.0,136.91667,3227.0,89.63889,2.0
1758074508.64873,37253.0,204.63997,30992.0,170.24673,4942.0,137.27777,2960.0,82.22222,2.0
1758074508.64956,37013.0,203.32159,31121.0,170.95537,4518.0,125.5,2164.0,60.11111,2.0
1758074508.66557,36802.0,202.16251,31200.0,171.38934,3858.0,107.16666,1004.0,27.88889,2.0
1758074508.68172,36625.0,201.1902,31215.0,171.47174,3196.0,88.77778,-216.0,-6.0,2.0
1758074508.68337,36482.0,200.40468,31203.0,171.40582,2575.0,71.52778,-178.0,-4.94444,2.0
1758074508.69883,36367.0,199.77295,31199.0,171.38385,2073.0,57.58333,-25.0,-0.69444,2.0
1758074508.7001,36270.0,199.24011,31199.0,171.38385,1809.0,50.25,0.0,0.0,2.0
1758074508.71596,36182.0,198.75668,31199.0,171.38385,1688.0,46.88889,0.0,0.0,2.0
1758074508.7318,36096.0,198.28427,31199.0,171.38385,1727.0,47.97222,0.0,0.0,2.0
1758074508.73296,36008.0,197.80087,31200.0,171.38934,1802.0,50.05556,0.0,0.0,2.0
1758074508.7478,35914.0,197.2845,31200.0,171.38934,1877.0,52.13889,0.0,0.0,2.0
1758074508.74935,35814.0,196.73518,31200.0,171.38934,2023.0,56.19444,0.0,0.0,2.0
1758074508.76488,35709.0,196.15837,31200.0,171.38934,2121.0,58.91667,0.0,0.0,2.0
1758074508.78082,35601.0,195.56511,31200.0,171.38934,2137.0,59.36111,-9.0,-0.25,2.0
1758074508.78173,35495.0,194.98283,31200.0,171.38934,2065.0,57.36111,-8.0,-0.22222,2.0
1758074508.7968,35392.0,194.41702,31199.0,171.38385,1980.0,55.0,-9.0,-0.25,2.0
1758074508.81293,35294.0,193.87869,31199.0,171.38385,1827.0,50.75,-9.0,-0.25,2.0
1758074508.81372,35206.0,193.39529,31199.0,171.38385,1659.0,46.08333,-14.0,-0.38889,2.0
1758074508.8289,35129.0,192.97231,31198.0,171.37836,1393.0,38.69444,-12.0,-0.33333,2.0
1758074508.82969,35065.0,192.62074,31198.0,171.37836,1153.0,32.02778,-14.0,-0.38889,2.0
1758074508.84575,35015.0,192.34608,31196.0,171.36737,866.0,24.05556,-9.0,-0.25,2.0
1758074508.86193,34976.0,192.13185,31196.0,171.36737,714.0,19.83333,0.0,0.0,2.0
1758074508.86304,34942.0,191.94505,31196.0,171.36737,632.0,17.55556,0.0,0.0,2.0
1758074508.878,34913.0,191.78575,31196.0,171.36737,547.0,15.19444,0.0,0.0,2.0
1758074508.87913,34886.0,191.63744,31196.0,171.36737,547.0,15.19444,0.0,0.0,2.0
1758074508.8949,34855.0,191.46715,31196.0,171.36737,649.0,18.02778,0.0,0.0,2.0
1758074508.91092,34814.0,191.24193,31196.0,171.36737,949.0,26.36111,0.0,0.0,2.0
1758074508.91205,34759.0,190.9398,31198.0,171.37836,1154.0,32.05556,0.0,0.0,2.0
1758074508.9273,34690.0,190.56078,31198.0,171.37836,1522.0,42.27778,0.0,0.0,2.0
1758074508.94292,34602.0,190.07736,31198.0,171.37836,1884.0,52.33333,0.0,0.0,2.0
1758074508.94578,34492.0,189.47311,31198.0,171.37836,2359.0,65.52778,0.0,0.0,2.0
1758074508.96093,34359.0,188.74249,31198.0,171.37836,2816.0,78.22222,0.0,0.0,2.0
1758074508.96184,34203.0,187.88556,31198.0,171.37836,3239.0,89.97222,1.0,0.02778,2.0
1758074508.97693,34031.0,186.94072,31198.0,171.37836,3558.0,98.83334,0.0,0.0,2.0
1758074508.99294,33846.0,185.92447,31198.0,171.37836,3699.0,102.75,0.0,0.0,2.0
1758074508.9938,33658.0,184.89172,31198.0,171.37836,3684.0,102.33334,-4.0,-0.11111,2.0
1758074509.00898,33476.0,183.89197,31198.0,171.37836,3492.0,97.0,-9.0,-0.25,2.0
1758074509.00983,33308.0,182.9691,31198.0,171.37836,3191.0,88.63889,-3.0,-0.08333,2.0
1758074509.0249,33155.0,182.12865,31198.0,171.37836,2865.0,79.58334,0.0,0.0,2.0
1758074509.04099,33017.0,181.37056,31198.0,171.37836,2581.0,71.69444,0.0,0.0,2.0
1758074509.04185,32892.0,180.6839,31198.0,171.37836,2372.0,65.88889,0.0,0.0,2.0
1758074509.05698,32776.0,180.04669,31198.0,171.37836,2240.0,62.22222,5.0,0.13889,2.0
1758074509.07303,32660.0,179.40947,31199.0,171.38385,2322.0,64.5,14.0,0.38889,2.0
1758074509.07385,32536.0,178.72832,31201.0,171.39484,2548.0,70.77778,70.0,1.94444,2.0
1758074509.08901,32396.0,177.95926,31211.0,171.44977,2957.0,82.13889,357.0,9.91667,2.0
1758074509.08984,32232.0,177.05836,31240.0,171.60907,3506.0,97.38889,743.0,20.63889,2.0
1758074509.10576,32037.0,175.98718,31299.0,171.93317,4073.0,113.13889,1539.0,42.75,2.0
1758074509.12205,31816.0,174.77318,31399.0,172.48248,4560.0,126.66666,2301.0,63.91667,2.0
1758074509.12313,31577.0,173.4603,31540.0,173.25703,4808.0,133.55556,3091.0,85.86111,2.0
1758074509.13914,31329.0,172.09796,31716.0,174.22385,4912.0,136.44444,3803.0,105.63889,2.0
1758074509.14081,31080.0,170.73015,31925.0,175.37193,4750.0,131.94444,4368.0,121.33334,2.0
1758074509.15703,30854.0,169.48866,32163.0,176.67932,4189.0,116.36111,4950.0,137.5,2.0
1758074509.173,30668.0,168.46693,32430.0,178.14603,3246.0,90.16666,5560.0,154.44444,2.0
1758074509.17466,30534.0,167.73083,32729.0,179.78851,2157.0,59.91667,6185.0,171.80556,2.0
1758074509.19007,30458.0,167.31334,33062.0,181.61775,916.0,25.44444,6883.0,191.19444,2.0
1758074509.19119,30445.0,167.24193,33431.0,183.64478,-20.0,-0.55556,7554.0,209.83333,2.0
1758074509.20602,30446.0,167.24742,33830.0,185.83658,-28.0,-0.77778,8180.0,227.22223,2.0
1758074509.22202,30449.0,167.2639,34255.0,188.1712,-64.0,-1.77778,8516.0,236.55556,2.0
1758074509.22323,30455.0,167.29686,34685.0,190.53329,-198.0,-5.5,8526.0,236.83333,2.0
1758074509.23884,30478.0,167.4232,35111.0,192.87343,-695.0,-19.30556,8189.0,227.47223,2.0
1758074509.24005,30530.0,167.70886,35509.0,195.05974,-1247.0,-34.63889,7560.0,210.0,2.0
1758074509.25507,30608.0,168.13733,35875.0,197.07027,-1741.0,-48.36111,6934.0,192.61111,2.0
1758074509.27107,30712.0,168.70863,36200.0,198.85556,-2227.0,-61.86111,6052.0,168.11111,2.0
1758074509.27227,30835.0,169.38429,36490.0,200.44862,-2534.0,-70.38889,5524.0,153.44444,2.0
1758074509.2872,30974.0,170.14786,36749.0,201.87137,-2890.0,-80.27778,4767.0,132.41667,2.0
1758074509.30309,31126.0,170.98283,36970.0,203.08536,-3009.0,-83.58334,4112.0,114.22222,2.0
1758074509.30511,31274.0,171.79584,37166.0,204.16205,-2850.0,-79.16666,3717.0,103.25,2.0
1758074509.32037,31408.0,172.53192,37346.0,205.15083,-2472.0,-68.66666,3434.0,95.38889,2.0
1758074509.3209,31519.0,173.14168,37513.0,206.06822,-1935.0,-53.75,3223.0,89.52778,2.0
1758074509.33614,31601.0,173.59213,37673.0,206.94713,-1348.0,-37.44444,3063.0,85.08334,2.0
1758074509.35208,31652.0,173.87228,37821.0,207.76013,-735.0,-20.41667,2851.0,79.19444,2.0
1758074509.35327,31677.0,174.00961,37960.0,208.52368,-333.0,-9.25,2630.0,73.05556,2.0
1758074509.36846,31683.0,174.04257,38082.0,209.19388,1.0,0.02778,2292.0,63.66667,2.0
1758074509.36938,31683.0,174.04257,38183.0,209.74869,0.0,0.0,1768.0,49.11111,2.0
1758074509.38592,31683.0,174.04257,38257.0,210.15518,0.0,0.0,1180.0,32.77778,2.0
1758074509.40216,31686.0,174.05905,38289.0,210.33098,-101.0,-2.80556,240.0,6.66667,2.0
1758074509.4033,31700.0,174.13596,38284.0,210.30351,-396.0,-11.0,-102.0,-2.83333,2.0
1758074509.41818,31731.0,174.30624,38274.0,210.24858,-808.0,-22.44444,-319.0,-8.86111,2.0
1758074509.41938,31791.0,174.63583,38246.0,210.09476,-1483.0,-41.19444,-778.0,-21.61111,2.0
1758074509.43594,31887.0,175.16319,38189.0,209.78165,-2159.0,-59.97222,-1367.0,-37.97222,2.0
1758074509.45221,32018.0,175.88281,38103.0,209.30923,-2859.0,-79.41666,-1984.0,-55.11111,2.0
1758074509.45331,32178.0,176.76172,37987.0,208.672,-3391.0,-94.19444,-2529.0,-70.25,2.0
1758074509.46826,32359.0,177.75601,37841.0,207.87,-3647.0,-101.30556,-3084.0,-85.66666,2.0
1758074509.46939,32546.0,178.78325,37674.0,206.95262,-3665.0,-101.80556,-3461.0,-96.13889,2.0
1758074509.48522,32731.0,179.7995,37491.0,205.94734,-3583.0,-99.52778,-3697.0,-102.69444,2.0
1758074509.50123,32908.0,180.7718,37297.0,204.88167,-3368.0,-93.55556,-3906.0,-108.5,2.0
1758074509.50211,33068.0,181.65071,37096.0,203.77753,-3036.0,-84.33334,-4011.0,-111.41666,2.0
1758074509.51719,33217.0,182.46922,36887.0,202.62943,-2861.0,-79.47222,-4225.0,-117.36111,2.0
1758074509.53329,33360.0,183.25475,36664.0,201.40443,-2788.0,-77.44444,-4547.0,-126.30556,2.0
1758074509.53404,33494.0,183.99084,36425.0,200.09155,-2497.0,-69.36111,-4852.0,-134.77777,2.0
1758074509.54925,33608.0,184.61707,36167.0,198.67429,-2046.0,-56.83333,-5246.0,-145.72223,2.0
1758074509.55083,33699.0,185.11697,35880.0,197.09773,-1567.0,-43.52778,-5976.0,-166.0,2.0
1758074509.56631,33772.0,185.51797,35555.0,195.31242,-1364.0,-37.88889,-6738.0,-187.16667,2.0
1758074509.5823,33835.0,185.86404,35202.0,193.37332,-1139.0,-31.63889,-7081.0,-196.69444,2.0
1758074509.58355,33884.0,186.13321,34845.0,191.41222,-807.0,-22.41667,-7033.0,-195.36111,2.0
1758074509.59826,33904.0,186.24307,34501.0,189.52255,-13.0,-0.36111,-6521.0,-181.13889,2.0
1758074509.59951,33888.0,186.15518,34189.0,187.80865,516.0,14.33333,-5876.0,-163.22223,2.0
1758074509.61528,33846.0,185.92447,33913.0,186.29251,1119.0,31.08333,-5092.0,-141.44444,2.0
1758074509.63129,33767.0,185.49051,33681.0,185.0181,1897.0,52.69444,-4157.0,-115.47222,2.0
1758074509.63206,33653.0,184.86426,33492.0,183.97986,2534.0,70.38889,-3439.0,-95.52778,2.0
1758074509.64734,33513.0,184.09521,33333.0,183.10643,2909.0,80.80556,-2948.0,-81.88889,2.0
1758074509.66328,33364.0,183.27672,33194.0,182.34288,2968.0,82.44444,-2587.0,-71.86111,2.0
1758074509.66443,33219.0,182.48021,33070.0,181.6617,2777.0,77.13889,-2348.0,-65.22222,2.0
1758074509.68042,33088.0,181.76057,32954.0,181.02449,2404.0,66.77778,-2228.0,-61.88889,2.0
1758074509.68083,32983.0,181.18379,32841.0,180.40375,1862.0,51.72222,-2198.0,-61.05556,2.0
1758074509.69636,32907.0,180.76631,32731.0,179.7995,1220.0,33.88889,-2152.0,-59.77778,2.0
1758074509.71235,32863.0,180.5246,32625.0,179.21721,641.0,17.80556,-2079.0,-57.75,2.0
1758074509.71307,32846.0,180.43121,32524.0,178.6624,85.0,2.36111,-1922.0,-53.38889,2.0
1758074509.72837,32850.0,180.45319,32430.0,178.14603,-130.0,-3.61111,-1810.0,-50.27778,2.0
1758074509.72962,32861.0,180.51361,32338.0,177.64066,-234.0,-6.5,-1808.0,-50.22222,2.0
1758074509.74537,32874.0,180.58502,32241.0,177.1078,-359.0,-9.97222,-2022.0,-56.16667,2.0
1758074509.76338,32902.0,180.73885,32128.0,176.48706,-718.0,-19.94444,-2370.0,-65.83334,2.0
1758074509.76351,32952.0,181.0135,31997.0,175.76746,-1225.0,-34.02778,-2815.0,-78.19444,2.0
1758074509.77742,33031.0,181.44746,31843.0,174.92149,-1777.0,-49.36111,-3207.0,-89.08334,2.0
1758074509.79337,33138.0,182.03523,31672.0,173.98215,-2346.0,-65.16666,-3473.0,-96.47222,2.0
1758074509.7946,33268.0,182.74937,31494.0,173.00435,-2746.0,-76.27778,-3542.0,-98.38889,2.0
1758074509.80941,33419.0,183.57886,31315.0,172.02106,-3155.0,-87.63889,-3499.0,-97.19444,2.0
1758074509.81019,33590.0,184.51819,31146.0,171.0927,-3513.0,-97.58334,-3164.0,-87.88889,2.0
1758074509.82544,33779.0,185.55643,30997.0,170.2742,-3842.0,-106.72222,-2748.0,-76.33334,2.0
1758074509.84149,33979.0,186.65508,30872.0,169.58754,-4064.0,-112.88889,-2253.0,-62.58333,2.0
1758074509.84224,34191.0,187.81964,30769.0,169.02174,-4254.0,-118.16666,-1837.0,-51.02778,2.0
1758074509.85848,34414.0,189.04462,30689.0,168.58229,-4508.0,-125.22222,-1446.0,-40.16667,2.0
1758074509.85998,34654.0,190.36301,30627.0,168.2417,-4894.0,-135.94444,-1060.0,-29.44444,2.0
1758074509.87622,34913.0,191.78575,30580.0,167.98352,-5267.0,-146.30556,-798.0,-22.16667,2.0
1758074509.89245,35184.0,193.27443,30546.0,167.79675,-5427.0,-150.75,-611.0,-16.97222,2.0
1758074509.89328,35463.0,194.80705,30522.0,167.6649,-5619.0,-156.08333,-341.0,-9.47222,2.0
1758074509.90849,35754.0,196.40559,30516.0,167.63194,-5805.0,-161.25,14.0,0.38889,2.0
1758074509.90973,36040.0,197.97665,30517.0,167.63744,-5475.0,-152.08333,17.0,0.47222,2.0
1758074509.92547,36308.0,199.44885,30518.0,167.64293,-5190.0,-144.16667,0.0,0.0,2.0
1758074509.94148,36565.0,200.86061,30518.0,167.64293,-5005.0,-139.02777,0.0,0.0,2.0
1758074509.94228,36812.0,202.21744,30518.0,167.64293,-4795.0,-133.19444,0.0,0.0,2.0
1758074509.95749,37046.0,203.50287,30518.0,167.64293,-4566.0,-126.83334,0.0,0.0,2.0
1758074509.9735,37273.0,204.74983,30518.0,167.64293,-4450.0,-123.61111,0.0,0.0,2.0
1758074509.97428,37497.0,205.9803,30518.0,167.64293,-4401.0,-122.25,0.0,0.0,2.0
1758074509.99028,37718.0,207.19432,30517.0,167.63744,-4325.0,-120.13889,-9.0,-0.25,2.0
1758074509.99106,37932.0,208.36987,30517.0,167.63744,-4192.0,-116.44444,0.0,0.0,2.0
1758074510.00686,38142.0,209.52347,30517.0,167.63744,-4134.0,-114.83334,0.0,0.0,2.0
1758074510.02249,38349.0,210.66057,30517.0,167.63744,-4086.0,-113.5,0.0,0.0,2.0
1758074510.0231,38553.0,211.78119,30517.0,167.63744,-4002.0,-111.16666,-6.0,-0.16667,2.0
1758074510.03948,38749.0,212.85785,30516.0,167.63194,-3744.0,-104.0,-4.0,-0.11111,2.0
1758074510.04065,38930.0,213.85214,30516.0,167.63194,-3446.0,-95.72222,-2.0,-0.05556,2.0
1758074510.05547,39088.0,214.72008,30516.0,167.63194,-2838.0,-78.83334,0.0,0.0,2.0
1758074510.07161,39206.0,215.36827,30517.0,167.63744,-1967.0,-54.63889,0.0,0.0,2.0
1758074510.07265,39275.0,215.7473,30519.0,167.64842,-907.0,-25.19444,52.0,1.44444,2.0
1758074510.08759,39290.0,215.8297,30524.0,167.67589,61.0,1.69444,81.0,2.25,2.0
1758074510.10365,39280.0,215.77477,30529.0,167.70337,315.0,8.75,124.0,3.44444,2.0
1758074510.10412,39255.0,215.63744,30538.0,167.75281,617.0,17.13889,183.0,5.08333,2.0
1758074510.12066,39212.0,215.40123,30546.0,167.79675,990.0,27.5,120.0,3.33333,2.0
1758074510.12137,39154.0,215.08263,30553.0,167.83521,1261.0,35.02778,167.0,4.63889,2.0
1758074510.13665,39079.0,214.67064,30563.0,167.89014,1645.0,45.69444,246.0,6.83333,2.0
1758074510.15341,38986.0,214.15976,30577.0,167.96704,1965.0,54.58333,277.0,7.69444,2.0
1758074510.15399,38878.0,213.5665,30592.0,168.04944,2218.0,61.61111,268.0,7.44444,2.0
1758074510.17082,38761.0,212.92377,30604.0,168.11536,2349.0,65.25,274.0,7.61111,2.0
1758074510.17115,38639.0,212.2536,30618.0,168.19226,2440.0,67.77778,246.0,6.83333,2.0
1758074510.18667,38503.0,211.50652,30638.0,168.30212,2854.0,79.27778,549.0,15.25,2.0
1758074510.20234,38344.0,210.6331,30680.0,168.53285,3394.0,94.27778,1081.0,30.02778,2.0
1758074510.2037,38153.0,209.58389,30752.0,168.92836,4063.0,112.86111,1674.0,46.5,2.0
1758074510.21972,37926.0,208.33691,30859.0,169.51613,4822.0,133.94444,2447.0,67.97222,2.0
1758074510.22015,37656.0,206.85374,31003.0,170.30716,5670.0,157.5,3012.0,83.66666,2.0
1758074510.23563,37366.0,205.2607,31153.0,171.13115,5690.0,158.05556,2737.0,76.02778,2.0
1758074510.25165,37094.0,203.76654,31268.0,171.76288,5104.0,141.77777,1865.0,51.80556,2.0
1758074510.25282,36855.0,202.45364,31332.0,172.11444,4384.0,121.77778,715.0,19.86111,2.0
1758074510.2677,36653.0,201.34401,31336.0,172.13641,3652.0,101.44444,-268.0,-7.44444,2.0
1758074510.26996,36488.0,200.43764,31326.0,172.08148,2988.0,83.0,-111.0,-3.08333,2.0
1758074510.28571,36355.0,199.70703,31324.0,172.0705,2418.0,67.16666,0.0,0.0,2.0
1758074510.30175,36242.0,199.0863,31325.0,172.07599,2117.0,58.80556,0.0,0.0,2.0
1758074510.30372,36140.0,198.52597,31325.0,172.07599,1956.0,54.33333,0.0,0.0,2.0
1758074510.31978,36040.0,197.97665,31326.0,172.08148,1967.0,54.63889,1.0,0.02778,2.0
1758074510.32019,35937.0,197.41084,31326.0,172.08148,2081.0,57.80556,4.0,0.11111,2.0
1758074510.33568,35829.0,196.81758,31326.0,172.08148,2198.0,61.05556,0.0,0.0,2.0
1758074510.35173,35715.0,196.19136,31326.0,172.08148,2314.0,64.27778,0.0,0.0,2.0
1758074510.35304,35596.0,195.53764,31327.0,172.08698,2403.0,66.75,0.0,0.0,2.0
1758074510.3677,35473.0,194.86198,31327.0,172.08698,2458.0,68.27778,0.0,0.0,2.0
1758074510.38349,35347.0,194.16983,31326.0,172.08148,2483.0,68.97222,-9.0,-0.25,2.0
1758074510.38462,35223.0,193.48868,31326.0,172.08148,2445.0,67.91666,-7.0,-0.19444,2.0
1758074510.39977,35099.0,192.80751,31326.0,172.08148,2379.0,66.08334,-9.0,-0.25,2.0
1758074510.40121,34984.0,192.1758,31326.0,172.08148,2180.0,60.55556,-8.0,-0.22222,2.0
1758074510.41575,34878.0,191.59349,31326.0,172.08148,1982.0,55.05556,0.0,0.0,2.0
1758074510.43182,34783.0,191.07164,31326.0,172.08148,1805.0,50.13889,0.0,0.0,2.0
1758074510.43298,34697.0,190.59923,31326.0,172.08148,1675.0,46.52778,0.0,0.0,2.0
1758074510.44777,34613.0,190.13779,31326.0,172.08148,1612.0,44.77778,0.0,0.0,2.0
1758074510.46348,34526.0,189.65988,31326.0,172.08148,1776.0,49.33333,0.0,0.0,2.0
1758074510.46385,34431.0,189.138,31327.0,172.08698,2023.0,56.19444,9.0,0.25,2.0
1758074510.47975,34320.0,188.52826,31327.0,172.08698,2318.0,64.38889,12.0,0.33333,2.0
1758074510.48094,34192.0,187.82513,31328.0,172.09247,2643.0,73.41666,0.0,0.0,2.0
1758074510.49575,34050.0,187.04509,31328.0,172.09247,2955.0,82.08334,0.0,0.0,2.0
1758074510.51182,33892.0,186.17715,31328.0,172.09247,3224.0,89.55556,3.0,0.08333,2.0
1758074510.51257,33720.0,185.23233,31328.0,172.09247,3489.0,96.91666,0.0,0.0,2.0
1758074510.52782,33535.0,184.21606,31328.0,172.09247,3796.0,105.44444,9.0,0.25,2.0
1758074510.54504,33332.0,183.10094,31329.0,172.09796,4207.0,116.86111,21.0,0.58333,2.0
1758074510.54538,33106.0,181.85945,31332.0,172.11444,4712.0,130.88889,102.0,2.83333,2.0
1758074510.56162,32856.0,180.48615,31343.0,172.17487,5146.0,142.94444,289.0,8.02778,2.0
1758074510.56321,32588.0,179.01396,31366.0,172.30121,5384.0,149.55556,621.0,17.25,2.0
1758074510.586,32313.0,177.50331,31410.0,172.54291,5458.0,151.61111,1081.0,30.02778,2.0
1758074510.5874,32034.0,175.9707,31481.0,172.93294,5486.0,152.38889,1582.0,43.94444,2.0
1758074510.59025,31759.0,174.46005,31571.0,173.42734,5369.0,149.13889,1955.0,54.30556,2.0
1758074510.60696,31495.0,173.00984,31679.0,174.0206,5093.0,141.47223,2299.0,63.86111,2.0
1758074510.60944,31248.0,171.65302,31804.0,174.70724,4724.0,131.22223,2561.0,71.13889,2.0
1758074510.62484,31027.0,170.439,31945.0,175.48181,4128.0,114.66666,2961.0,82.25,2.0
1758074510.6408,30837.0,169.39528,32107.0,176.3717,3476.0,96.55556,3405.0,94.58334,2.0
1758074510.64165,30679.0,168.52736,32298.0,177.42091,2841.0,78.91666,3998.0,111.05556,2.0
1758074510.65763,30554.0,167.8407,32520.0,178.64043,2116.0,58.77778,4681.0,130.02777,2.0
1758074510.66062,30468.0,167.36827,32778.0,180.05768,1304.0,36.22222,5433.0,150.91667,2.0
1758074510.67629,30431.0,167.16502,33076.0,181.69466,342.0,9.5,6216.0,172.66667,2.0
1758074510.69189,30429.0,167.15404,33412.0,183.54041,-9.0,-0.25,6957.0,193.25,2.0
1758074510.69301,30430.0,167.15953,33779.0,185.55643,-29.0,-0.80556,7518.0,208.83333,2.0
1758074510.71064,30433.0,167.17601,34169.0,187.69878,-122.0,-3.38889,7742.0,215.05556,2.0
1758074510.71097,30446.0,167.24742,34559.0,189.84116,-413.0,-11.47222,7641.0,212.25,2.0
1758074510.72687,30482.0,167.44518,34941.0,191.93956,-1007.0,-27.97222,7423.0,206.19444,2.0
1758074510.72975,30553.0,167.83521,35297.0,193.89517,-1694.0,-47.05556,6690.0,185.83333,2.0
1758074510.74591,30658.0,168.412,35618.0,195.65849,-2374.0,-65.94444,6078.0,168.83333,2.0
1758074510.76305,30800.0,169.19203,35900.0,197.2076,-3201.0,-88.91666,5049.0,140.25,2.0
1758074510.7647,30978.0,170.16983,36129.0,198.46555,-3696.0,-102.66666,4201.0,116.69444,2.0
1758074510.78297,31172.0,171.23553,36327.0,199.55322,-3833.0,-106.47222,3757.0,104.36111,2.0
1758074510.78453,31360.0,172.26825,36510.0,200.55849,-3562.0,-98.94444,3590.0,99.72222,2.0
1758074510.80303,31525.0,173.17464,36689.0,201.54176,-3029.0,-84.13889,3515.0,97.63889,2.0
1758074510.80476,31660.0,173.91623,36867.0,202.51956,-2359.0,-65.52778,3499.0,97.19444,2.0
1758074510.82544,31763.0,174.48203,37042.0,203.4809,-1732.0,-48.11111,3420.0,95.0,2.0
1758074510.82587,31833.0,174.86656,37209.0,204.39825,-1129.0,-31.36111,3211.0,89.19444,2.0
1758074510.84192,31874.0,175.09178,37359.0,205.22224,-580.0,-16.11111,2738.0,76.05556,2.0
1758074510.84329,31890.0,175.17967,37483.0,205.9034,-173.0,-4.80556,2162.0,60.05556,2.0
1758074510.86035,31893.0,175.19615,37573.0,206.39781,14.0,0.38889,1490.0,41.38889,2.0
1758074510.86159,31893.0,175.19615,37625.0,206.68346,2.0,0.05556,651.0,18.08333,2.0
1758074510.87731,31892.0,175.19066,37639.0,206.76036,11.0,0.30556,0.0,0.0,2.0
1758074510.87849,31892.0,175.19066,37637.0,206.74937,7.0,0.19444,0.0,0.0,2.0
1758074510.89392,31891.0,175.18517,37637.0,206.74937,0.0,0.0,-1.0,-0.02778,2.0
1758074510.90996,31891.0,175.18517,37637.0,206.74937,0.0,0.0,-3.0,-0.08333,2.0
1758074510.91078,31891.0,175.18517,37637.0,206.74937,0.0,0.0,0.0,0.0,2.0
1758074510.92601,31895.0,175.20714,37635.0,206.73839,-124.0,-3.44444,-19.0,-0.52778,2.0
1758074510.94202,31913.0,175.30602,37630.0,206.71092,-597.0,-16.58333,-192.0,-5.33333,2.0
1758074510.94313,31964.0,175.58618,37605.0,206.57359,-1289.0,-35.80556,-720.0,-20.0,2.0
1758074510.95801,32051.0,176.06409,37546.0,206.2495,-2037.0,-56.58333,-1410.0,-39.16667,2.0
1758074510.95919,32176.0,176.75073,37456.0,205.75508,-2765.0,-76.80556,-2102.0,-58.38889,2.0
1758074510.974,32333.0,177.61319,37331.0,205.06844,-3305.0,-91.80556,-2710.0,-75.27778,2.0
1758074510.98997,32507.0,178.56902,37179.0,204.23346,-3496.0,-97.11111,-3204.0,-89.0,2.0
1758074510.99115,32686.0,179.55229,37007.0,203.28864,-3510.0,-97.5,-3488.0,-96.88889,2.0
1758074511.00677,32856.0,180.48615,36829.0,202.31082,-3251.0,-90.30556,-3554.0,-98.72222,2.0
1758074511.00915,33009.0,181.32661,36647.0,201.31105,-2856.0,-79.33334,-3598.0,-99.94444,2.0
1758074511.02497,33143.0,182.0627,36464.0,200.30579,-2492.0,-69.22222,-3609.0,-100.25,2.0
1758074511.04105,33259.0,182.69994,36284.0,199.31702,-2153.0,-59.80556,-3573.0,-99.25,2.0
1758074511.04184,33364.0,183.27672,36103.0,198.32272,-2031.0,-56.41667,-3599.0,-99.97222,2.0
1758074511.05698,33462.0,183.81506,35917.0,197.30098,-1870.0,-51.94444,-3717.0,-103.25,2.0
1758074511.05827,33549.0,184.29297,35716.0,196.19685,-1533.0,-42.58333,-4100.0,-113.88889,2.0
1758074511.07405,33619.0,184.67749,35495.0,194.98283,-1264.0,-35.11111,-4581.0,-127.25,2.0
1758074511.09162,33678.0,185.00162,35246.0,193.61502,-1073.0,-29.80556,-5147.0,-142.97223,2.0
1758074511.09195,33730.0,185.28726,34962.0,192.05495,-1038.0,-28.83333,-5838.0,-162.16667,2.0
1758074511.10703,33783.0,185.5784,34654.0,190.36301,-973.0,-27.02778,-6125.0,-170.13889,2.0
1758074511.10828,33821.0,185.78714,34356.0,188.72601,-512.0,-14.22222,-5702.0,-158.38889,2.0
1758074511.12403,33830.0,185.83658,34075.0,187.18242,73.0,2.02778,-5381.0,-149.47223,2.0
1758074511.14085,33817.0,185.76517,33814.0,185.74869,448.0,12.44444,-4959.0,-137.75,2.0
1758074511.14174,33783.0,185.5784,33577.0,184.44678,851.0,23.63889,-4463.0,-123.97222,2.0
1758074511.15706,33729.0,185.28177,33362.0,183.26573,1207.0,33.52778,-4123.0,-114.52778,2.0
1758074511.15948,33662.0,184.9137,33161.0,182.16161,1445.0,40.13889,-3844.0,-106.77778,2.0
1758074511.1751,33584.0,184.48523,32974.0,181.13435,1600.0,44.44444,-3555.0,-98.75,2.0
1758074511.19113,33501.0,184.0293,32801.0,180.18402,1668.0,46.33333,-3293.0,-91.47222,2.0
1758074511.19227,33420.0,183.58435,32641.0,179.3051,1535.0,42.63889,-3095.0,-85.97222,2.0
1758074511.20714,33346.0,183.17784,32491.0,178.48112,1398.0,38.83333,-2909.0,-80.80556,2.0
1758074511.20837,33284.0,182.83727,32349.0,177.70108,1111.0,30.86111,-2740.0,-76.11111,2.0
1758074511.22415,33238.0,182.58458,32217.0,176.97597,752.0,20.88889,-2539.0,-70.52778,2.0
1758074511.24015,33212.0,182.44176,32094.0,176.30029,323.0,8.97222,-2375.0,-65.97222,2.0
1758074511.24096,33207.0,182.41429,31976.0,175.6521,-81.0,-2.25,-2353.0,-65.36111,2.0
1758074511.25618,33213.0,182.44725,31856.0,174.9929,-112.0,-3.11111,-2399.0,-66.63889,2.0
1758074511.27214,33222.0,182.49669,31729.0,174.29526,-295.0,-8.19444,-2608.0,-72.44444,2.0
1758074511.27295,33246.0,182.62852,31591.0,173.5372,-586.0,-16.27778,-2844.0,-79.0,2.0
1758074511.28831,33285.0,182.84276,31440.0,172.70772,-910.0,-25.27778,-3126.0,-86.83334,2.0
1758074511.28899,33343.0,183.16136,31277.0,171.81232,-1340.0,-37.22222,-3327.0,-92.41666,2.0
1758074511.30429,33427.0,183.6228,31106.0,170.87297,-1846.0,-51.27778,-3369.0,-93.58334,2.0
1758074511.32024,33537.0,184.22705,30938.0,169.9501,-2413.0,-67.02778,-3253.0,-90.36111,2.0
1758074511.32098,33672.0,184.96866,30780.0,169.08217,-2880.0,-80.0,-2998.0,-83.27778,2.0
1758074511.33635,33831.0,185.84207,30640.0,168.31311,-3335.0,-92.63889,-2634.0,-73.16666,2.0
1758074511.35221,34010.0,186.82536,30518.0,167.64293,-3688.0,-102.44444,-2237.0,-62.13889,2.0
1758074511.35299,34203.0,187.88556,30418.0,167.09361,-3899.0,-108.30556,-1823.0,-50.63889,2.0
1758074511.36822,34407.0,189.00616,30338.0,166.65416,-4111.0,-114.19444,-1365.0,-37.91667,2.0
1758074511.36925,34624.0,190.19821,30280.0,166.33556,-4405.0,-122.36111,-999.0,-27.75,2.0
1758074511.38535,34857.0,191.47813,30242.0,166.1268,-4671.0,-129.75,-551.0,-15.30556,2.0
1758074511.40127,35101.0,192.8185,30223.0,166.02243,-4872.0,-135.33333,-206.0,-5.72222,2.0
1758074511.40248,35352.0,194.1973,30220.0,166.00595,-5070.0,-140.83333,0.0,0.0,2.0
1758074511.41724,35608.0,195.60356,30221.0,166.01144,-5044.0,-140.11111,0.0,0.0,2.0
1758074511.41866,35858.0,196.97688,30221.0,166.01144,-4902.0,-136.16667,0.0,0.0,2.0
1758074511.43512,36099.0,198.30075,30221.0,166.01144,-4667.0,-129.63889,0.0,0.0,2.0
1758074511.45127,36330.0,199.5697,30221.0,166.01144,-4550.0,-126.38889,0.0,0.0,2.0
1758074511.45206,36559.0,200.82765,30221.0,166.01144,-4495.0,-124.86111,0.0,0.0,2.0
1758074511.4673,36783.0,202.05814,30221.0,166.01144,-4404.0,-122.33334,0.0,0.0,2.0
1758074511.4685,36999.0,203.24469,30221.0,166.01144,-4211.0,-116.97222,0.0,0.0,2.0
1758074511.48424,37209.0,204.39825,30221.0,166.01144,-4103.0,-113.97222,0.0,0.0,2.0
1758074511.50025,37413.0,205.51888,30221.0,166.01144,-4016.0,-111.55556,0.0,0.0,2.0
1758074511.50146,37611.0,206.60655,30221.0,166.01144,-3858.0,-107.16666,0.0,0.0,2.0
1758074511.51628,37801.0,207.65027,30221.0,166.01144,-3651.0,-101.41666,0.0,0.0,2.0
1758074511.5334,37981.0,208.63904,30221.0,166.01144,-3461.0,-96.13889,0.0,0.0,2.0
1758074511.53384,38154.0,209.58939,30221.0,166.01144,-3308.0,-91.88889,-5.0,-0.13889,2.0
1758074511.54929,38316.0,210.47929,30221.0,166.01144,-3160.0,-87.77778,0.0,0.0,2.0
1758074511.5501,38470.0,211.32524,30220.0,166.00595,-2961.0,-82.25,-5.0,-0.13889,2.0
1758074511.56534,38614.0,212.11627,30220.0,166.00595,-2738.0,-76.05556,0.0,0.0,2.0
1758074511.58132,38745.0,212.83588,30220.0,166.00595,-2482.0,-68.94444,0.0,0.0,2.0
1758074511.58264,38863.0,213.4841,30220.0,166.00595,-2189.0,-60.80556,-8.0,-0.22222,2.0
1758074511.59735,38956.0,213.99496,30220.0,166.00595,-1571.0,-43.63889,0.0,0.0,2.0
1758074511.59862,39010.0,214.2916,30221.0,166.01144,-665.0,-18.47222,7.0,0.19444,2.0
1758074511.61436,39018.0,214.33554,30224.0,166.02792,91.0,2.52778,70.0,1.94444,2.0
1758074511.63041,39006.0,214.26962,30231.0,166.06638,347.0,9.63889,171.0,4.75,2.0
1758074511.63158,38975.0,214.09933,30242.0,166.1268,789.0,21.91667,224.0,6.22222,2.0
1758074511.64638,38925.0,213.82468,30257.0,166.2092,1102.0,30.61111,372.0,10.33333,2.0
1758074511.66316,38858.0,213.45663,30282.0,166.34654,1477.0,41.02778,560.0,15.55556,2.0
1758074511.66649,38772.0,212.98419,30312.0,166.51134,1817.0,50.47222,622.0,17.27778,2.0
1758074511.68353,38671.0,212.42938,30345.0,166.69261,2127.0,59.08333,627.0,17.41667,2.0
1758074511.68653,38556.0,211.79767,30378.0,166.87389,2380.0,66.11111,687.0,19.08333,2.0
1758074511.70348,38432.0,211.1165,30411.0,167.05516,2479.0,68.86111,588.0,16.33333,2.0
1758074511.7067,38308.0,210.43535,30439.0,167.20897,2432.0,67.55556,490.0,13.61111,2.0
1758074511.72564,38184.0,209.75418,30465.0,167.35179,2548.0,70.77778,544.0,15.11111,2.0
1758074511.72673,38043.0,208.97964,30500.0,167.54405,2972.0,82.55556,866.0,24.05556,2.0
1758074511.74398,37878.0,208.07324,30560.0,167.87366,3530.0,98.05556,1429.0,39.69444,2.0
1758074511.7448,37680.0,206.98558,30650.0,168.36804,4230.0,117.5,2047.0,56.86111,2.0
1758074511.7612,37443.0,205.68367,30772.0,169.03822,4997.0,138.80556,2667.0,74.08334,2.0
1758074511.76322,37183.0,204.25543,30911.0,169.80177,5140.0,142.77777,2666.0,74.05556,2.0
1758074511.77925,36933.0,202.88211,31031.0,170.46097,4750.0,131.94444,2020.0,56.11111,2.0
1758074511.782,36710.0,201.65712,31104.0,170.86198,4120.0,114.44444,938.0,26.05556,2.0
1758074511.79849,36526.0,200.64638,31117.0,170.9334,3272.0,90.88889,-238.0,-6.61111,2.0
1758074511.80026,36385.0,199.87183,31103.0,170.85649,2427.0,67.41666,-287.0,-7.97222,2.0
1758074511.81648,36284.0,199.31702,31088.0,170.77409,1699.0,47.19444,-295.0,-8.19444,2.0
1758074511.83247,36212.0,198.92148,31074.0,170.69719,1193.0,33.13889,-225.0,-6.25,2.0
1758074511.83373,36162.0,198.64682,31068.0,170.66423,852.0,23.66667,-33.0,-0.91667,2.0
1758074511.84844,36126.0,198.44907,31068.0,170.66423,630.0,17.5,0.0,0.0,2.0
1758074511.84975,36096.0,198.28427,31068.0,170.66423,555.0,15.41667,0.0,0.0,2.0
1758074511.86719,36072.0,198.15244,31069.0,170.66972,359.0,9.97222,0.0,0.0,2.0
1758074511.88679,36055.0,198.05905,31069.0,170.66972,344.0,9.55556,0.0,0.0,2.0
1758074511.88718,36035.0,197.94919,31069.0,170.66972,461.0,12.80556,0.0,0.0,2.0
1758074511.90594,36008.0,197.80087,31069.0,170.66972,564.0,15.66667,0.0,0.0,2.0
1758074511.90641,35978.0,197.63608,31069.0,170.66972,627.0,17.41667,0.0,0.0,2.0
1758074511.92259,35944.0,197.4493,31069.0,170.66972,668.0,18.55556,-9.0,-0.25,2.0
1758074511.92325,35912.0,197.27351,31069.0,170.66972,610.0,16.94444,-1.0,-0.02778,2.0
1758074511.93887,35878.0,197.08675,31069.0,170.66972,723.0,20.08333,-7.0,-0.19444,2.0
1758074511.93924,35841.0,196.8835,31069.0,170.66972,728.0,20.22222,-8.0,-0.22222,2.0
1758074511.95451,35805.0,196.68575,31069.0,170.66972,684.0,19.0,0.0,0.0,2.0
1758074511.9709,35769.0,196.48799,31069.0,170.66972,718.0,19.94444,0.0,0.0,2.0
1758074511.97124,35727.0,196.25728,31069.0,170.66972,913.0,25.36111,0.0,0.0,2.0
1758074511.98713,35678.0,195.98808,31069.0,170.66972,996.0,27.66667,0.0,0.0,2.0
1758074512.00257,35621.0,195.67497,31069.0,170.66972,1211.0,33.63889,0.0,0.0,2.0
1758074512.0033,35553.0,195.30144,31069.0,170.66972,1448.0,40.22222,0.0,0.0,2.0
1758074512.01865,35475.0,194.87297,31069.0,170.66972,1671.0,46.41667,0.0,0.0,2.0
1758074512.02137,35383.0,194.36758,31069.0,170.66972,1908.0,53.0,0.0,0.0,2.0
1758074512.037,35279.0,193.7963,31069.0,170.66972,2149.0,59.69444,0.0,0.0,2.0
1758074512.05265,35162.0,193.15358,31069.0,170.66972,2385.0,66.25,0.0,0.0,2.0
1758074512.05412,35038.0,192.47243,31069.0,170.66972,2515.0,69.86111,0.0,0.0,2.0
1758074512.06961,34908.0,191.75829,31069.0,170.66972,2647.0,73.52778,0.0,0.0,2.0
1758074512.07031,34770.0,191.00023,31069.0,170.66972,2769.0,76.91666,0.0,0.0,2.0
1758074512.08561,34625.0,190.2037,31069.0,170.66972,2934.0,81.5,0.0,0.0,2.0
1758074512.10162,34472.0,189.36325,31069.0,170.66972,3083.0,85.63889,0.0,0.0,2.0
1758074512.1034,34311.0,188.47882,31069.0,170.66972,3262.0,90.61111,0.0,0.0,2.0
1758074512.12134,34139.0,187.53398,31069.0,170.66972,3458.0,96.05556,0.0,0.0,2.0
1758074512.12183,33958.0,186.53972,31069.0,170.66972,3642.0,101.16666,0.0,0.0,2.0
1758074512.13845,33773.0,185.52347,31069.0,170.66972,3682.0,102.27778,0.0,0.0,2.0
1758074512.14067,33590.0,184.51819,31068.0,170.66423,3537.0,98.25,-9.0,-0.25,2.0
1758074512.15661,33422.0,183.59534,31068.0,170.66423,3118.0,86.61111,-21.0,-0.58333,2.0
1758074512.17263,33277.0,182.79881,31067.0,170.65874,2638.0,73.27778,-43.0,-1.19444,2.0
1758074512.1746,33159.0,182.15062,31064.0,170.64226,2112.0,58.66667,-73.0,-2.02778,2.0
1758074512.19642,33065.0,181.63423,31061.0,170.62578,1618.0,44.94444,-24.0,-0.66667,2.0
1758074512.22533,32996.0,181.2552,31061.0,170.62578,1215.0,33.75,0.0,0.0,2.0
1758074512.22599,32945.0,180.97505,31061.0,170.62578,829.0,23.02778,4.0,0.11111,2.0
1758074512.22679,32908.0,180.7718,31062.0,170.63127,682.0,18.94444,5.0,0.13889,2.0
1758074512.23137,32872.0,180.57404,31062.0,170.63127,773.0,21.47222,7.0,0.19444,2.0
1758074512.23175,32822.0,180.29938,31063.0,170.63676,1161.0,32.25,14.0,0.38889,2.0
1758074512.24944,32751.0,179.90936,31065.0,170.64775,1665.0,46.25,92.0,2.55556,2.0
1758074512.25025,32648.0,179.34355,31075.0,170.70268,2287.0,63.52778,275.0,7.63889,2.0
1758074512.26668,32514.0,178.60747,31098.0,170.82903,2934.0,81.5,576.0,16.0,2.0
1758074512.28381,32346.0,177.6846,31139.0,171.05424,3603.0,100.08334,1069.0,29.69444,2.0
1758074512.28421,32145.0,176.58044,31212.0,171.45526,4246.0,117.94444,1716.0,47.66667,2.0
1758074512.30045,31914.0,175.31151,31315.0,172.02106,4800.0,133.33333,2304.0,64.0,2.0
1758074512.30192,31663.0,173.93271,31446.0,172.74068,5078.0,141.05556,2817.0,78.25,2.0
1758074512.31675,31404.0,172.50995,31603.0,173.60312,5087.0,141.30556,3321.0,92.25,2.0
1758074512.33271,31152.0,171.12566,31786.0,174.60837,4831.0,134.19444,3823.0,106.19444,2.0
1758074512.3335,30924.0,169.8732,31994.0,175.75098,4198.0,116.61111,4343.0,120.63889,2.0
1758074512.34955,30735.0,168.83498,32230.0,177.04738,3333.0,92.58334,4949.0,137.47223,2.0
1758074512.35032,30595.0,168.06592,32498.0,178.51958,2284.0,63.44444,5607.0,155.75,2.0
1758074512.36574,30513.0,167.61546,32802.0,180.18951,1160.0,32.22222,6328.0,175.77777,2.0
1758074512.382,30488.0,167.47813,33145.0,182.07368,-37.0,-1.02778,7127.0,197.97223,2.0
1758074512.38367,30492.0,167.50011,33519.0,184.12817,-99.0,-2.75,7577.0,210.47223,2.0
1758074512.40171,30501.0,167.54955,33916.0,186.30899,-267.0,-7.41667,7934.0,220.38889,2.0
1758074512.40346,30521.0,167.65941,34319.0,188.52277,-487.0,-13.52778,7925.0,220.13889,2.0
1758074512.42418,30555.0,167.84619,34711.0,190.67613,-797.0,-22.13889,7704.0,214.0,2.0
1758074512.42666,30602.0,168.10437,35088.0,192.74709,-1084.0,-30.11111,7174.0,199.27777,2.0
1758074512.44183,30671.0,168.48341,35435.0,194.65323,-1507.0,-41.86111,6630.0,184.16667,2.0
1758074512.44251,30754.0,168.93935,35758.0,196.42757,-1771.0,-49.19444,6028.0,167.44444,2.0
1758074512.45932,30850.0,169.46669,36048.0,198.0206,-1926.0,-53.5,5517.0,153.25,2.0
1758074512.46218,30956.0,170.04898,36308.0,199.44885,-2234.0,-62.05556,4898.0,136.05556,2.0
1758074512.47887,31072.0,170.6862,36543.0,200.73976,-2272.0,-63.11111,4522.0,125.61111,2.0
1758074512.48165,31183.0,171.29596,36764.0,201.95377,-2118.0,-58.83333,4304.0,119.55556,2.0
1758074512.49674,31280.0,171.8288,36978.0,203.1293,-1765.0,-49.02778,4185.0,116.25,2.0
1758074512.51276,31357.0,172.25177,37189.0,204.28839,-1287.0,-35.75,4170.0,115.83334,2.0
1758074512.51359,31410.0,172.54291,37397.0,205.43098,-903.0,-25.08333,4044.0,112.33334,2.0
1758074512.52961,31444.0,172.72969,37595.0,206.51866,-487.0,-13.52778,3817.0,106.02778,2.0
1758074512.53035,31458.0,172.80659,37778.0,207.52393,-174.0,-4.83333,3430.0,95.27778,2.0
1758074512.5459,31462.0,172.82857,37941.0,208.41931,0.0,0.0,3029.0,84.13889,2.0
1758074512.56182,31462.0,172.82857,38078.0,209.17191,0.0,0.0,2477.0,68.80556,2.0
1758074512.56297,31462.0,172.82857,38183.0,209.74869,0.0,0.0,1787.0,49.63889,2.0
1758074512.5778,31462.0,172.82857,38253.0,210.13321,-3.0,-0.08333,1017.0,28.25,2.0
1758074512.57902,31462.0,172.82857,38279.0,210.27605,0.0,0.0,177.0,4.91667,2.0
1758074512.59482,31462.0,172.82857,38278.0,210.27055,0.0,0.0,-22.0,-0.61111,2.0
1758074512.61084,31462.0,172.82857,38278.0,210.27055,0.0,0.0,-8.0,-0.22222,2.0
1758074512.61198,31463.0,172.83406,38277.0,210.26506,-29.0,-0.80556,-12.0,-0.33333,2.0
1758074512.6268,31466.0,172.85054,38276.0,210.25957,-76.0,-2.11111,-13.0,-0.36111,2.0
1758074512.64726,31472.0,172.8835,38275.0,210.25407,-180.0,-5.0,-28.0,-0.77778,2.0
1758074512.65119,31489.0,172.97688,38272.0,210.23759,-435.0,-12.08333,-86.0,-2.38889,2.0
1758074512.65211,31526.0,173.18013,38260.0,210.17166,-1020.0,-28.33333,-372.0,-10.33333,2.0
1758074512.66946,31603.0,173.60312,38226.0,209.98489,-1830.0,-50.83333,-923.0,-25.63889,2.0
1758074512.67066,31719.0,174.24033,38160.0,209.62234,-2652.0,-73.66666,-1528.0,-42.44444,2.0
1758074512.68668,31874.0,175.09178,38064.0,209.095,-3334.0,-92.61111,-2135.0,-59.30556,2.0
1758074512.70365,32056.0,176.09155,37943.0,208.4303,-3719.0,-103.30556,-2564.0,-71.22222,2.0
1758074512.70452,32248.0,177.14626,37803.0,207.66125,-3780.0,-105.0,-2863.0,-79.52778,2.0
1758074512.72101,32432.0,178.15701,37655.0,206.84825,-3508.0,-97.44444,-2985.0,-82.91666,2.0
1758074512.72137,32597.0,179.0634,37504.0,206.01878,-3030.0,-84.16666,-2935.0,-81.52778,2.0
1758074512.73697,32736.0,179.82697,37356.0,205.20576,-2504.0,-69.55556,-2912.0,-80.88889,2.0
1758074512.75453,32848.0,180.4422,37209.0,204.39825,-1993.0,-55.36111,-2913.0,-80.91666,2.0
1758074512.75597,32936.0,180.92561,37059.0,203.57428,-1599.0,-44.41667,-2990.0,-83.05556,2.0
1758074512.77094,33008.0,181.32112,36902.0,202.71182,-1300.0,-36.11111,-3200.0,-88.88889,2.0
1758074512.77174,33066.0,181.63972,36732.0,201.77797,-1008.0,-28.0,-3505.0,-97.36111,2.0
1758074512.78937,33107.0,181.86494,36546.0,200.75624,-666.0,-18.5,-3856.0,-107.11111,2.0
1758074512.79062,33131.0,181.99678,36338.0,199.61365,-282.0,-7.83333,-4213.0,-117.02778,2.0
1758074512.80595,33133.0,182.00777,36109.0,198.35568,104.0,2.88889,-4739.0,-131.63889,2.0
1758074512.82191,33126.0,181.96931,35851.0,196.93843,126.0,3.5,-5427.0,-150.75,2.0
1758074512.82279,33122.0,181.94734,35554.0,195.30693,33.0,0.91667,-6209.0,-172.47223,2.0
1758074512.83793,33123.0,181.95284,35219.0,193.46671,-12.0,-0.33333,-6935.0,-192.63889,2.0
1758074512.83913,33125.0,181.96382,34835.0,191.35728,-58.0,-1.61111,-8079.0,-224.41667,2.0
1758074512.85698,33130.0,181.99129,34406.0,189.00067,-114.0,-3.16667,-8851.0,-245.86111,2.0
1758074512.87382,33134.0,182.01326,33954.0,186.51775,-16.0,-0.44444,-9017.0,-250.47223,2.0
1758074512.87493,33131.0,181.99678,33511.0,184.08423,98.0,2.72222,-8545.0,-237.36111,2.0
1758074512.88997,33123.0,181.95284,33098.0,181.81551,239.0,6.63889,-7935.0,-220.41667,2.0
1758074512.89079,33109.0,181.87593,32718.0,179.72809,268.0,7.44444,-7148.0,-198.55556,2.0
1758074512.90598,33094.0,181.79353,32379.0,177.86588,260.0,7.22222,-6393.0,-177.58333,2.0
1758074512.92204,33087.0,181.75508,32075.0,176.19592,48.0,1.33333,-5643.0,-156.75,2.0
1758074512.92316,33089.0,181.76607,31813.0,174.7567,-76.0,-2.11111,-4821.0,-133.91667,2.0
1758074512.93882,33100.0,181.82649,31591.0,173.5372,-348.0,-9.66667,-4070.0,-113.05556,2.0
1758074512.9408,33129.0,181.98579,31400.0,172.48798,-802.0,-22.27778,-3501.0,-97.25,2.0
1758074512.95598,33185.0,182.29344,31233.0,171.57062,-1360.0,-37.77778,-3139.0,-87.19444,2.0
1758074512.97202,33281.0,182.82079,31083.0,170.74663,-2305.0,-64.02778,-2855.0,-79.30556,2.0
1758074512.97318,33426.0,183.61731,30947.0,169.99954,-3304.0,-91.77778,-2574.0,-71.5,2.0
1758074512.98994,33625.0,184.71045,30824.0,169.32387,-4379.0,-121.63889,-2316.0,-64.33334,2.0
1758074512.99088,33874.0,186.07828,30717.0,168.7361,-5337.0,-148.25,-1911.0,-53.08333,2.0
1758074513.00711,34166.0,187.6823,30630.0,168.25818,-5996.0,-166.55556,-1471.0,-40.86111,2.0
1758074513.0107,34485.0,189.43466,30572.0,167.93958,-6551.0,-181.97223,-942.0,-26.16667,2.0
1758074513.02605,34830.0,191.32982,30540.0,167.76379,-7003.0,-194.52777,-404.0,-11.22222,2.0
1758074513.0421,35192.0,193.31837,30535.0,167.73633,-7194.0,-199.83333,50.0,1.38889,2.0
1758074513.04614,35557.0,195.32341,30538.0,167.75281,-7257.0,-201.58333,17.0,0.47222,2.0
1758074513.06205,35927.0,197.35591,30538.0,167.75281,-7239.0,-201.08333,8.0,0.22222,2.0
1758074513.0628,36275.0,199.26758,30545.0,167.79126,-6620.0,-183.88889,220.0,6.11111,2.0
1758074513.08053,36596.0,201.0309,30560.0,167.87366,-6122.0,-170.05556,388.0,10.77778,2.0
1758074513.08122,36888.0,202.63492,30582.0,167.99451,-5500.0,-152.77777,460.0,12.77778,2.0
1758074513.09711,37151.0,204.07965,30604.0,168.11536,-4997.0,-138.80556,474.0,13.16667,2.0
1758074513.11546,37394.0,205.41451,30625.0,168.23071,-4646.0,-129.05556,321.0,8.91667,2.0
1758074513.11662,37621.0,206.66148,30633.0,168.27466,-4341.0,-120.58334,48.0,1.33333,2.0
1758074513.13207,37831.0,207.81506,30633.0,168.27466,-3983.0,-110.63889,-1.0,-0.02778,2.0
1758074513.13321,38025.0,208.88077,30633.0,168.27466,-3725.0,-103.47222,0.0,0.0,2.0
1758074513.14891,38209.0,209.89151,30633.0,168.27466,-3531.0,-98.08334,-13.0,-0.36111,2.0
1758074513.15017,38384.0,210.85283,30632.0,168.26917,-3426.0,-95.16666,-21.0,-0.58333,2.0
1758074513.16616,38554.0,211.78668,30630.0,168.25818,-3320.0,-92.22222,-39.0,-1.08333,2.0
1758074513.18213,38718.0,212.68756,30629.0,168.25269,-3200.0,-88.88889,-52.0,-1.44444,2.0
1758074513.18345,38878.0,213.5665,30626.0,168.23621,-3117.0,-86.58334,-44.0,-1.22222,2.0
1758074513.19811,39033.0,214.41794,30623.0,168.21973,-2988.0,-83.0,-63.0,-1.75,2.0
1758074513.201,39181.0,215.23094,30618.0,168.19226,-2845.0,-79.02778,-160.0,-4.44444,2.0
1758074513.21722,39323.0,216.011,30604.0,168.11536,-2727.0,-75.75,-344.0,-9.55556,2.0
1758074513.23483,39455.0,216.7361,30583.0,168.0,-2515.0,-69.86111,-508.0,-14.11111,2.0
1758074513.23555,39575.0,217.39529,30553.0,167.83521,-2193.0,-60.91667,-685.0,-19.02778,2.0
1758074513.25118,39678.0,217.96109,30515.0,167.62645,-1879.0,-52.19444,-749.0,-20.80556,2.0
1758074513.25197,39765.0,218.439,30476.0,167.41222,-1564.0,-43.44444,-800.0,-22.22222,2.0
1758074513.26722,39824.0,218.76311,30438.0,167.20348,-883.0,-24.52778,-672.0,-18.66667,2.0
1758074513.28588,39845.0,218.87846,30412.0,167.06065,-29.0,-0.80556,-354.0,-9.83333,2.0
1758074513.28631,39839.0,218.8455,30409.0,167.04417,149.0,4.13889,69.0,1.91667,2.0
1758074513.30413,39826.0,218.77409,30414.0,167.07164,352.0,9.77778,98.0,2.72222,2.0
1758074513.3045,39796.0,218.60928,30421.0,167.11009,788.0,21.88889,191.0,5.30556,2.0
1758074513.32103,39740.0,218.30167,30437.0,167.19798,1336.0,37.11111,344.0,9.55556,2.0
1758074513.32182,39658.0,217.85123,30459.0,167.31883,1869.0,51.91667,533.0,14.80556,2.0
1758074513.33721,39545.0,217.23048,30488.0,167.47813,2450.0,68.05556,609.0,16.91667,2.0
1758074513.35402,39402.0,216.44496,30525.0,167.68138,3061.0,85.02778,822.0,22.83333,2.0
1758074513.35524,39232.0,215.51109,30568.0,167.9176,3535.0,98.19444,831.0,23.08333,2.0
1758074513.37111,39047.0,214.49486,30607.0,168.13184,3753.0,104.25,723.0,20.08333,2.0
1758074513.3722,38852.0,213.42368,30642.0,168.3241,3922.0,108.94444,714.0,19.83333,2.0
1758074513.3889,38641.0,212.26459,30688.0,168.5768,4352.0,120.88889,1111.0,30.86111,2.0
1758074513.39131,38403.0,210.9572,30752.0,168.92836,4963.0,137.86111,1470.0,40.83333,2.0
1758074513.40628,38132.0,209.46854,30845.0,169.43922,5652.0,157.0,2029.0,56.36111,2.0
1758074513.4234,37826.0,207.7876,30954.0,170.03799,6363.0,176.75,2204.0,61.22222,2.0
1758074513.42667,37486.0,205.91988,31056.0,170.59831,6748.0,187.44444,1878.0,52.16667,2.0
1758074513.44318,37159.0,204.1236,31129.0,170.99931,6160.0,171.11111,1020.0,28.33333,2.0
1758074513.44641,36871.0,202.54153,31153.0,171.13115,5330.0,148.05556,-2.0,-0.05556,2.0
1758074513.46338,36622.0,201.17372,31139.0,171.05424,4568.0,126.88889,-343.0,-9.52778,2.0
1758074513.46516,36413.0,200.02563,31121.0,170.95537,3750.0,104.16666,-364.0,-10.11111,2.0
1758074513.48028,36242.0,199.0863,31099.0,170.83452,3079.0,85.52778,-464.0,-12.88889,2.0
1758074513.4811,36102.0,198.31723,31074.0,170.69719,2577.0,71.58334,-501.0,-13.91667,2.0
1758074513.49638,35983.0,197.66354,31053.0,170.58183,2199.0,61.08333,-295.0,-8.19444,2.0
1758074513.51395,35879.0,197.09224,31049.0,170.55986,1975.0,54.86111,52.0,1.44444,2.0
1758074513.51593,35783.0,196.5649,31051.0,170.57085,1832.0,50.88889,0.0,0.0,2.0
1758074513.53132,35691.0,196.05949,31051.0,170.57085,1820.0,50.55556,4.0,0.11111,2.0
1758074513.53248,35598.0,195.54863,31051.0,170.57085,1893.0,52.58333,4.0,0.11111,2.0
1758074513.54739,35498.0,194.99931,31051.0,170.57085,2002.0,55.61111,0.0,0.0,2.0
1758074513.56443,35390.0,194.40604,31053.0,170.58183,2207.0,61.30556,0.0,0.0,2.0
1758074513.56677,35273.0,193.76334,31053.0,170.58183,2377.0,66.02778,0.0,0.0,2.0
1758074513.58328,35145.0,193.0602,31053.0,170.58183,2549.0,70.80556,0.0,0.0,2.0
1758074513.58621,35014.0,192.34059,31053.0,170.58183,2586.0,71.83334,0.0,0.0,2.0
1758074513.60241,34883.0,191.62096,31053.0,170.58183,2534.0,70.38889,0.0,0.0,2.0
1758074513.603,34758.0,190.93431,31053.0,170.58183,2396.0,66.55556,0.0,0.0,2.0
1758074513.61839,34640.0,190.2861,31053.0,170.58183,2297.0,63.80556,0.0,0.0,2.0
1758074513.62044,34528.0,189.67087,31053.0,170.58183,2170.0,60.27778,-9.0,-0.25,2.0
1758074513.63637,34419.0,189.07208,31053.0,170.58183,2175.0,60.41667,0.0,0.0,2.0
1758074513.65344,34309.0,188.46783,31053.0,170.58183,2229.0,61.91667,0.0,0.0,2.0
1758074513.65512,34190.0,187.81415,31053.0,170.58183,2392.0,66.44444,0.0,0.0,2.0
1758074513.67036,34064.0,187.12199,31053.0,170.58183,2560.0,71.11111,0.0,0.0,2.0
1758074513.67113,33928.0,186.37492,31053.0,170.58183,2753.0,76.47222,3.0,0.08333,2.0
1758074513.68641,33783.0,185.5784,31053.0,170.58183,2926.0,81.27778,0.0,0.0,2.0
1758074513.70225,33631.0,184.74341,31053.0,170.58183,3066.0,85.16666,3.0,0.08333,2.0
1758074513.70303,33468.0,183.84802,31053.0,170.58183,3344.0,92.88889,10.0,0.27778,2.0
1758074513.71924,33287.0,182.85374,31054.0,170.58733,3758.0,104.38889,25.0,0.69444,2.0
1758074513.72013,33081.0,181.72212,31056.0,170.59831,4339.0,120.52778,59.0,1.63889,2.0
1758074513.73548,32848.0,180.4422,31066.0,170.65324,4834.0,134.27777,291.0,8.08333,2.0
1758074513.75148,32592.0,179.03593,31090.0,170.78508,5241.0,145.58333,627.0,17.41667,2.0
1758074513.75259,32317.0,177.52528,31137.0,171.04326,5559.0,154.41667,1188.0,33.0,2.0
1758074513.76743,32023.0,175.91028,31218.0,171.48822,5941.0,165.02777,1885.0,52.36111,2.0
1758074513.76982,31715.0,174.21835,31328.0,172.09247,6158.0,171.05556,2402.0,66.72222,2.0
1758074513.78545,31404.0,172.50995,31460.0,172.81758,6139.0,170.52777,2808.0,78.0,2.0
1758074513.8015,31095.0,170.81255,31610.0,173.64157,5969.0,165.80556,3131.0,86.97222,2.0
1758074513.80231,30809.0,169.24147,31778.0,174.56442,5360.0,148.88889,3475.0,96.52778,2.0
1758074513.81942,30562.0,167.88464,31967.0,175.60266,4528.0,125.77778,3847.0,106.86111,2.0
1758074513.81985,30359.0,166.76952,32176.0,176.75073,3596.0,99.88889,4400.0,122.22222,2.0
1758074513.8355,30211.0,165.95651,32417.0,178.07462,2419.0,67.19444,5108.0,141.88889,2.0
1758074513.8515,30125.0,165.48409,32699.0,179.6237,1148.0,31.88889,5923.0,164.52777,2.0
1758074513.85264,30103.0,165.36324,33025.0,181.41451,-85.0,-2.36111,6848.0,190.22223,2.0
1758074513.86752,30113.0,165.41817,33394.0,183.44151,-314.0,-8.72222,7619.0,211.63889,2.0
1758074513.86973,30137.0,165.55,33794.0,185.63882,-570.0,-15.83333,8152.0,226.44444,2.0
1758074513.8856,30175.0,165.75876,34211.0,187.9295,-927.0,-25.75,8281.0,230.02777,2.0
1758074513.90167,30236.0,166.09384,34625.0,190.2037,-1463.0,-40.63889,8064.0,224.0,2.0
1758074513.90357,30327.0,166.59373,35026.0,192.40651,-2024.0,-56.22222,7711.0,214.19444,2.0
1758074513.91898,30447.0,167.25291,35397.0,194.44449,-2548.0,-70.77778,7079.0,196.63889,2.0
1758074513.91931,30589.0,168.03296,35739.0,196.3232,-2978.0,-82.72222,6480.0,180.0,2.0
1758074513.93546,30756.0,168.95033,36043.0,197.99313,-3507.0,-97.41666,5619.0,156.08333,2.0
1758074513.95163,30943.0,169.97757,36304.0,199.42688,-3772.0,-104.77778,4897.0,136.02777,2.0
1758074513.95317,31135.0,171.03227,36538.0,200.7123,-3735.0,-103.75,4466.0,124.05556,2.0
1758074513.97023,31316.0,172.02655,36754.0,201.89883,-3445.0,-95.69444,4170.0,115.83334,2.0
1758074513.97152,31474.0,172.89449,36958.0,203.01944,-2906.0,-80.72222,3924.0,109.0,2.0
1758074513.98659,31604.0,173.60861,37148.0,204.06317,-2298.0,-63.83333,3651.0,101.41666,2.0
1758074514.00236,31705.0,174.16342,37323.0,205.02449,-1793.0,-49.80556,3261.0,90.58334,2.0
1758074514.0027,31780.0,174.57541,37472.0,205.84297,-1272.0,-35.33333,2693.0,74.80556,2.0
1758074514.01864,31833.0,174.86656,37587.0,206.47472,-850.0,-23.61111,1995.0,55.41667,2.0
1758074514.01938,31862.0,175.02586,37664.0,206.89769,-383.0,-10.63889,1175.0,32.63889,2.0
1758074514.03499,31871.0,175.0753,37699.0,207.08995,-7.0,-0.19444,321.0,8.91667,2.0
1758074514.05097,31869.0,175.06432,37700.0,207.09544,31.0,0.86111,-26.0,-0.72222,2.0
1758074514.0513,31868.0,175.05882,37700.0,207.09544,0.0,0.0,-6.0,-0.16667,2.0
1758074514.06697,31868.0,175.05882,37699.0,207.08995,0.0,0.0,-12.0,-0.33333,2.0
1758074514.08332,31872.0,175.0808,37694.0,207.06248,-126.0,-3.5,-154.0,-4.27778,2.0
1758074514.08367,31890.0,175.17967,37674.0,206.95262,-571.0,-15.86111,-591.0,-16.41667,2.0
1758074514.09987,31943.0,175.47083,37623.0,206.67247,-1418.0,-39.38889,-1301.0,-36.13889,2.0
1758074514.10036,32038.0,175.99268,37530.0,206.16161,-2202.0,-61.16667,-2176.0,-60.44444,2.0
1758074514.11594,32171.0,176.72327,37395.0,205.42,-2934.0,-81.5,-3033.0,-84.25,2.0
1758074514.13169,32333.0,177.61319,37223.0,204.47516,-3342.0,-92.83334,-3628.0,-100.77778,2.0
1758074514.13424,32505.0,178.55803,37027.0,203.3985,-3367.0,-93.52778,-4006.0,-111.27778,2.0
1758074514.14977,32671.0,179.46989,36815.0,202.23392,-3173.0,-88.13889,-4194.0,-116.5,2.0
1758074514.15167,32819.0,180.2829,36603.0,201.06935,-2698.0,-74.94444,-4135.0,-114.86111,2.0
1758074514.16671,32944.0,180.96956,36394.0,199.92126,-2243.0,-62.30556,-4066.0,-112.94444,2.0
1758074514.17044,33045.0,181.52437,36190.0,198.80063,-1856.0,-51.55556,-3983.0,-110.63889,2.0
1758074514.18572,33132.0,182.00227,35988.0,197.69101,-1614.0,-44.83333,-3963.0,-110.08334,2.0
1758074514.20182,33208.0,182.41978,35789.0,196.59785,-1449.0,-40.25,-3942.0,-109.5,2.0
1758074514.2025,33279.0,182.8098,35588.0,195.4937,-1364.0,-37.88889,-4040.0,-112.22222,2.0
1758074514.21781,33339.0,183.13939,35377.0,194.33463,-1056.0,-29.33333,-4315.0,-119.86111,2.0
1758074514.23346,33389.0,183.41405,35146.0,193.06569,-932.0,-25.88889,-4815.0,-133.75,2.0
1758074514.23454,33433.0,183.65576,34884.0,191.62645,-878.0,-24.38889,-5492.0,-152.55556,2.0
1758074514.25077,33483.0,183.93042,34592.0,190.02243,-1028.0,-28.55556,-5998.0,-166.61111,2.0
1758074514.252,33539.0,184.23804,34289.0,188.35797,-1079.0,-29.97222,-5907.0,-164.08333,2.0
1758074514.26724,33585.0,184.49072,33995.0,186.74297,-774.0,-21.5,-5751.0,-159.75,2.0
1758074514.26833,33610.0,184.62805,33717.0,185.21585,-274.0,-7.61111,-5281.0,-146.69444,2.0
1758074514.28376,33610.0,184.62805,33469.0,183.85352,179.0,4.97222,-4615.0,-128.19444,2.0
1758074514.30063,33590.0,184.51819,33250.0,182.6505,567.0,15.75,-4072.0,-113.11111,2.0
1758074514.30137,33554.0,184.32043,33059.0,181.60127,830.0,23.05556,-3623.0,-100.63889,2.0
1758074514.31678,33503.0,184.04028,32886.0,180.65094,1143.0,31.75,-3282.0,-91.16666,2.0
1758074514.31842,33447.0,183.73267,32731.0,179.7995,1086.0,30.16667,-2883.0,-80.08334,2.0
1758074514.33387,33393.0,183.43602,32596.0,179.05791,1059.0,29.41667,-2533.0,-70.36111,2.0
1758074514.34988,33342.0,183.15587,32477.0,178.40422,906.0,25.16667,-2215.0,-61.52778,2.0
1758074514.35098,33302.0,182.93614,32372.0,177.82742,725.0,20.13889,-1975.0,-54.86111,2.0
1758074514.36587,33269.0,182.75487,32280.0,177.32204,582.0,16.16667,-1727.0,-47.97222,2.0
1758074514.38296,33247.0,182.63402,32199.0,176.87709,349.0,9.69444,-1505.0,-41.80556,2.0
1758074514.38597,33238.0,182.58458,32132.0,176.50903,53.0,1.47222,-1227.0,-34.08333,2.0
1758074514.40302,33238.0,182.58458,32076.0,176.20142,-2.0,-0.05556,-977.0,-27.13889,2.0
1758074514.40435,33239.0,182.59007,32033.0,175.96521,-13.0,-0.36111,-807.0,-22.41667,2.0
1758074514.42293,33242.0,182.60655,31989.0,175.72351,-109.0,-3.02778,-940.0,-26.11111,2.0
1758074514.42463,33253.0,182.66698,31932.0,175.41039,-300.0,-8.33333,-1270.0,-35.27778,2.0
1758074514.44066,33276.0,182.79332,31853.0,174.97643,-641.0,-17.80556,-1809.0,-50.25,2.0
1758074514.44143,33321.0,183.04051,31743.0,174.37216,-1103.0,-30.63889,-2499.0,-69.41666,2.0
1758074514.4573,33395.0,183.44701,31596.0,173.56467,-1749.0,-48.58333,-3207.0,-89.08334,2.0
1758074514.45973,33499.0,184.01831,31415.0,172.57037,-2317.0,-64.36111,-3774.0,-104.83334,2.0
1758074514.47585,33630.0,184.73792,31208.0,171.43329,-2770.0,-76.94444,-4286.0,-119.05556,2.0
1758074514.49186,33782.0,185.57291,30984.0,170.20279,-3187.0,-88.52778,-4391.0,-121.97222,2.0
1758074514.49389,33949.0,186.49028,30768.0,169.01625,-3375.0,-93.75,-4153.0,-115.36111,2.0
1758074514.51049,34123.0,187.44609,30571.0,167.93408,-3398.0,-94.38889,-3692.0,-102.55556,2.0
1758074514.51125,34296.0,188.39642,30399.0,166.98924,-3424.0,-95.11111,-3176.0,-88.22222,2.0
1758074514.52687,34469.0,189.34677,30255.0,166.19821,-3449.0,-95.80556,-2565.0,-71.25,2.0
1758074514.52897,34646.0,190.31906,30143.0,165.58296,-3561.0,-98.91666,-1988.0,-55.22222,2.0
1758074514.54566,34834.0,191.35179,30061.0,165.13252,-3801.0,-105.58334,-1365.0,-37.91667,2.0
1758074514.56193,35034.0,192.45045,30003.0,164.81392,-4025.0,-111.80556,-941.0,-26.13889,2.0
1758074514.5631,35239.0,193.57657,29976.0,164.6656,-4022.0,-111.72222,-231.0,-6.41667,2.0
1758074514.57802,35444.0,194.70267,29976.0,164.6656,-4102.0,-113.94444,9.0,0.25,2.0
1758074514.58148,35657.0,195.87273,29976.0,164.6656,-4311.0,-119.75,0.0,0.0,2.0
1758074514.59696,35884.0,197.11971,29976.0,164.6656,-4523.0,-125.63889,0.0,0.0,2.0
1758074514.59988,36115.0,198.38864,29976.0,164.6656,-4644.0,-129.0,-4.0,-0.11111,2.0
1758074514.61599,36354.0,199.70154,29976.0,164.6656,-4800.0,-133.33333,0.0,0.0,2.0
1758074514.63198,36601.0,201.05836,29976.0,164.6656,-4936.0,-137.11111,0.0,0.0,2.0
1758074514.63316,36851.0,202.43167,29976.0,164.6656,-4899.0,-136.08333,0.0,0.0,2.0
1758074514.65079,37097.0,203.78302,29976.0,164.6656,-4788.0,-133.0,0.0,0.0,2.0
1758074514.65115,37339.0,205.11238,29976.0,164.6656,-4732.0,-131.44444,0.0,0.0,2.0
1758074514.66699,37575.0,206.4088,29976.0,164.6656,-4592.0,-127.55556,0.0,0.0,2.0
1758074514.66911,37801.0,207.65027,29976.0,164.6656,-4349.0,-120.80556,0.0,0.0,2.0
1758074514.68579,38015.0,208.82581,29976.0,164.6656,-4113.0,-114.25,0.0,0.0,2.0
1758074514.70199,38218.0,209.94095,29976.0,164.6656,-3926.0,-109.05556,0.0,0.0,2.0
1758074514.70318,38414.0,211.01762,29976.0,164.6656,-3794.0,-105.38889,-4.0,-0.11111,2.0
1758074514.71805,38600.0,212.03937,29976.0,164.6656,-3630.0,-100.83334,-1.0,-0.02778,2.0
1758074514.72087,38769.0,212.96771,29976.0,164.6656,-3090.0,-85.83334,1.0,0.02778,2.0
1758074514.73603,38904.0,213.70932,29980.0,164.68758,-2310.0,-64.16666,91.0,2.52778,2.0
1758074514.75211,38996.0,214.21469,29990.0,164.74251,-1425.0,-39.58333,338.0,9.38889,2.0
1758074514.78404,38985.0,214.15427,30178.0,165.77524,883.0,24.52778,1268.0,35.22222,2.0
1758074514.80006,38934.0,213.87411,30243.0,166.13229,1048.0,29.11111,1277.0,35.47222,2.0
1758074514.80109,38876.0,213.55551,30309.0,166.49486,1217.0,33.80556,1339.0,37.19444,2.0
1758074514.81606,38808.0,213.18198,30373.0,166.84642,1403.0,38.97222,1238.0,34.38889,2.0
1758074514.83209,38735.0,212.78094,30433.0,167.17601,1485.0,41.25,1120.0,31.11111,2.0
1758074514.83321,38659.0,212.36346,30484.0,167.45616,1521.0,42.25,924.0,25.66667,2.0
1758074514.84922,38578.0,211.91852,30532.0,167.71985,1728.0,48.0,1063.0,29.52778,2.0
1758074514.84972,38479.0,211.37468,30596.0,168.07141,2137.0,59.36111,1371.0,38.08333,2.0
1758074514.86512,38353.0,210.68254,30680.0,168.53285,2758.0,76.61111,1877.0,52.13889,2.0
1758074514.8811,38193.0,209.80362,30791.0,169.14259,3487.0,96.86111,2422.0,67.27778,2.0
1758074514.88189,37993.0,208.70496,30927.0,169.88968,4279.0,118.86111,2836.0,78.77778,2.0
1758074514.8971,37749.0,207.36461,31073.0,170.6917,5220.0,145.0,2881.0,80.02778,2.0
1758074514.89829,37466.0,205.81001,31212.0,171.45526,5650.0,156.94444,2564.0,71.22222,2.0
1758074514.91412,37188.0,204.2829,31323.0,172.065,5358.0,148.83333,1853.0,51.47222,2.0
1758074514.93016,36932.0,202.87662,31388.0,172.42206,4808.0,133.55556,802.0,22.27778,2.0
1758074514.93094,36701.0,201.60768,31399.0,172.48248,4286.0,119.05556,-197.0,-5.47222,2.0
1758074514.9461,36499.0,200.49806,31387.0,172.41656,3834.0,106.5,-267.0,-7.41667,2.0
1758074514.9621,36315.0,199.4873,31371.0,172.32867,3504.0,97.33334,-293.0,-8.13889,2.0
1758074514.96327,36144.0,198.54794,31361.0,172.27374,3293.0,91.47222,-182.0,-5.05556,2.0
1758074514.97891,35979.0,197.64157,31355.0,172.24078,3219.0,89.41666,-48.0,-1.33333,2.0
1758074514.98051,35816.0,196.74617,31355.0,172.24078,3209.0,89.13889,0.0,0.0,2.0
1758074514.99612,35654.0,195.85625,31355.0,172.24078,3186.0,88.5,0.0,0.0,2.0
1758074515.01328,35492.0,194.96635,31355.0,172.24078,3169.0,88.02778,0.0,0.0,2.0
1758074515.01501,35332.0,194.08743,31356.0,172.24628,3125.0,86.80556,0.0,0.0,2.0
1758074515.03131,35180.0,193.25246,31356.0,172.24628,2958.0,82.16666,0.0,0.0,2.0
1758074515.03179,35039.0,192.47792,31355.0,172.24078,2649.0,73.58334,-13.0,-0.36111,2.0
1758074515.04914,34914.0,191.79124,31355.0,172.24078,2316.0,64.33334,-9.0,-0.25,2.0
1758074515.05037,34810.0,191.21996,31355.0,172.24078,1890.0,52.5,-13.0,-0.36111,2.0
1758074515.06631,34729.0,190.77501,31354.0,172.23529,1397.0,38.80556,-12.0,-0.33333,2.0
1758074515.08331,34669.0,190.4454,31353.0,172.2298,1013.0,28.13889,-7.0,-0.19444,2.0
1758074515.08376,34631.0,190.23666,31353.0,172.2298,542.0,15.05556,0.0,0.0,2.0
1758074515.09921,34611.0,190.1268,31353.0,172.2298,313.0,8.69444,0.0,0.0,2.0
1758074515.10126,34594.0,190.03342,31354.0,172.23529,364.0,10.11111,5.0,0.13889,2.0
1758074515.11627,34569.0,189.89609,31354.0,172.23529,619.0,17.19444,5.0,0.13889,2.0
1758074515.13342,34527.0,189.66537,31355.0,172.24078,985.0,27.36111,9.0,0.25,2.0
1758074515.13376,34463.0,189.31381,31356.0,172.24628,1500.0,41.66667,9.0,0.25,2.0
1758074515.14924,34366.0,188.78094,31356.0,172.24628,2214.0,61.5,11.0,0.30556,2.0
1758074515.15055,34231.0,188.03937,31357.0,172.25177,2985.0,82.91666,12.0,0.33333,2.0
1758074515.16636,34055.0,187.07256,31358.0,172.25726,3894.0,108.16666,46.0,1.27778,2.0
1758074515.18309,33826.0,185.81461,31365.0,172.29572,4982.0,138.38889,230.0,6.38889,2.0
1758074515.18422,33544.0,184.2655,31386.0,172.41107,6031.0,167.52777,548.0,15.22222,2.0
1758074515.20338,33215.0,182.45824,31430.0,172.65279,6840.0,190.0,1147.0,31.86111,2.0
1758074515.20663,32849.0,180.44769,31505.0,173.06477,7433.0,206.47223,1677.0,46.58333,2.0
1758074515.22339,32472.0,178.37675,31603.0,173.60312,7413.0,205.91667,2096.0,58.22222,2.0
1758074515.22383,32096.0,176.31128,31713.0,174.20737,7422.0,206.16667,2251.0,62.52778,2.0
1758074515.23929,31726.0,174.27878,31827.0,174.8336,7188.0,199.66667,2242.0,62.27778,2.0
1758074515.24125,31373.0,172.33966,31941.0,175.45984,6821.0,189.47223,2290.0,63.61111,2.0
1758074515.25634,31037.0,170.49393,32062.0,176.12451,6505.0,180.69444,2485.0,69.02778,2.0
1758074515.27345,30724.0,168.77455,32200.0,176.88258,5915.0,164.30556,2895.0,80.41666,2.0
1758074515.27386,30441.0,167.21996,32361.0,177.767,5169.0,143.58333,3398.0,94.38889,2.0
1758074515.28934,30204.0,165.91806,32551.0,178.81071,4264.0,118.44444,4007.0,111.30556,2.0
1758074515.29069,30022.0,164.91829,32775.0,180.0412,3045.0,84.58334,4787.0,132.97223,2.0
1758074515.30531,29905.0,164.27559,33039.0,181.49141,1688.0,46.88889,5525.0,153.47223,2.0
1758074515.32134,29858.0,164.0174,33339.0,183.13939,348.0,9.66667,6173.0,171.47223,2.0
1758074515.32336,29868.0,164.07233,33664.0,184.92471,-397.0,-11.02778,6567.0,182.41667,2.0
1758074515.33919,29898.0,164.23714,34008.0,186.81438,-733.0,-20.36111,6944.0,192.88889,2.0
1758074515.33991,29948.0,164.5118,34360.0,188.74799,-1218.0,-33.83333,6917.0,192.13889,2.0
1758074515.35533,30023.0,164.92378,34708.0,190.65965,-1671.0,-46.41667,6959.0,193.30556,2.0
1758074515.37136,30117.0,165.44014,35057.0,192.5768,-2043.0,-56.75,6755.0,187.63889,2.0
1758074515.3725,30235.0,166.08835,35382.0,194.36209,-2582.0,-71.72222,6160.0,171.11111,2.0
1758074515.38847,30381.0,166.89037,35678.0,195.98808,-3072.0,-85.33334,5624.0,156.22223,2.0
1758074515.38917,30543.0,167.78027,35945.0,197.45479,-3278.0,-91.05556,5041.0,140.02777,2.0
1758074515.40441,30712.0,168.70863,36188.0,198.78964,-3322.0,-92.27778,4603.0,127.86111,2.0
1758074515.42039,30880.0,169.63148,36415.0,200.03662,-3278.0,-91.05556,4408.0,122.44444,2.0
1758074515.42117,31041.0,170.51591,36633.0,201.23415,-3149.0,-87.47222,4189.0,116.36111,2.0
1758074515.43641,31194.0,171.35638,36838.0,202.36026,-2903.0,-80.63889,3910.0,108.61111,2.0
1758074515.45357,31331.0,172.10895,37026.0,203.39301,-2559.0,-71.08334,3601.0,100.02778,2.0
1758074515.45394,31448.0,172.75166,37198.0,204.33783,-2134.0,-59.27778,3223.0,89.52778,2.0
1758074515.46944,31543.0,173.27351,37347.0,205.15633,-1712.0,-47.55556,2687.0,74.63889,2.0
1758074515.47023,31616.0,173.67453,37467.0,205.81551,-1230.0,-34.16667,2106.0,58.5,2.0
1758074515.48543,31666.0,173.94919,37552.0,206.28246,-823.0,-22.86111,1397.0,38.80556,2.0
1758074515.50157,31698.0,174.12497,37600.0,206.54613,-468.0,-13.0,525.0,14.58333,2.0
1758074515.50221,31708.0,174.1799,37602.0,206.55711,-13.0,-0.36111,-100.0,-2.77778,2.0
1758074515.51745,31707.0,174.17441,37601.0,206.55162,4.0,0.11111,-16.0,-0.44444,2.0
1758074515.51903,31707.0,174.17441,37596.0,206.52415,-11.0,-0.30556,-161.0,-4.47222,2.0
1758074515.53525,31708.0,174.1799,37582.0,206.44725,-25.0,-0.69444,-370.0,-10.27778,2.0
1758074515.55147,31711.0,174.19638,37557.0,206.30992,-96.0,-2.66667,-607.0,-16.86111,2.0
1758074515.55223,31729.0,174.29526,37506.0,206.02977,-561.0,-15.58333,-1307.0,-36.30556,2.0
1758074515.56745,31780.0,174.57541,37411.0,205.50789,-1380.0,-38.33333,-2374.0,-65.94444,2.0
1758074515.5696,31875.0,175.09727,37258.0,204.66743,-2205.0,-61.25,-3454.0,-95.94444,2.0
1758074515.58544,32008.0,175.82788,37055.0,203.55231,-2872.0,-79.77778,-4369.0,-121.36111,2.0
1758074515.60155,32162.0,176.67383,36811.0,202.21194,-3137.0,-87.13889,-5092.0,-141.44444,2.0
1758074515.60228,32319.0,177.53627,36540.0,200.72328,-3021.0,-83.91666,-5496.0,-152.66667,2.0
1758074515.61877,32463.0,178.32732,36259.0,199.17969,-2626.0,-72.94444,-5572.0,-154.77777,2.0
1758074515.62061,32579.0,178.96452,35979.0,197.64157,-2047.0,-56.86111,-5510.0,-153.05556,2.0
1758074515.63655,32665.0,179.43694,35705.0,196.1364,-1419.0,-39.41667,-5332.0,-148.11111,2.0
1758074515.65256,32723.0,179.75555,35437.0,194.66422,-938.0,-26.05556,-5233.0,-145.36111,2.0
1758074515.65379,32760.0,179.9588,35172.0,193.20851,-555.0,-15.41667,-5259.0,-146.08333,2.0
1758074515.6696,32778.0,180.05768,34902.0,191.72533,-223.0,-6.19444,-5486.0,-152.38889,2.0
1758074515.67079,32780.0,180.06866,34614.0,190.14328,60.0,1.66667,-5856.0,-162.66667,2.0
1758074515.68629,32777.0,180.05219,34309.0,188.46783,19.0,0.52778,-6179.0,-171.63889,2.0
1758074515.70653,32778.0,180.05768,33983.0,186.67705,-12.0,-0.33333,-6663.0,-185.08333,2.0
1758074515.7101,32779.0,180.06317,33634.0,184.75989,-34.0,-0.94444,-7051.0,-195.86111,2.0
1758074515.71162,32784.0,180.09064,33261.0,182.71092,-160.0,-4.44444,-7668.0,-213.0,2.0
1758074515.7299,32804.0,180.2005,32848.0,180.4422,-598.0,-16.61111,-8581.0,-238.36111,2.0
1758074515.73113,32856.0,180.48615,32404.0,178.0032,-1310.0,-36.38889,-9065.0,-251.80556,2.0
1758074515.74668,32936.0,180.92561,31951.0,175.51477,-1720.0,-47.77778,-8784.0,-244.0,2.0
1758074515.76697,33023.0,181.40352,31533.0,173.21858,-1615.0,-44.86111,-7868.0,-218.55556,2.0
1758074515.76915,33093.0,181.78804,31158.0,171.15862,-1150.0,-31.94444,-7012.0,-194.77777,2.0
1758074515.77033,33136.0,182.02425,30831.0,169.36232,-583.0,-16.19444,-5948.0,-165.22223,2.0
1758074515.7856,33149.0,182.09566,30563.0,167.89014,-36.0,-1.0,-4838.0,-134.38889,2.0
1758074515.80164,33149.0,182.09566,30345.0,166.69261,0.0,0.0,-3928.0,-109.11111,2.0
1758074515.80361,33153.0,182.11766,30170.0,165.73129,-182.0,-5.05556,-3191.0,-88.63889,2.0
1758074515.81862,33179.0,182.26048,30024.0,164.92928,-800.0,-22.22222,-2702.0,-75.05556,2.0
1758074515.8198,33250.0,182.6505,29896.0,164.22615,-1885.0,-52.36111,-2447.0,-67.97222,2.0
1758074515.8354,33379.0,183.35912,29777.0,163.57245,-3075.0,-85.41666,-2291.0,-63.63889,2.0
1758074515.85164,33567.0,184.39185,29663.0,162.94621,-4182.0,-116.16666,-2159.0,-59.97222,2.0
1758074515.85353,33808.0,185.71573,29558.0,162.36942,-5204.0,-144.55556,-1940.0,-53.88889,2.0
1758074515.86944,34092.0,187.2758,29469.0,161.88052,-5906.0,-164.05556,-1609.0,-44.69444,2.0
1758074515.87022,34402.0,188.9787,29405.0,161.52896,-6268.0,-174.11111,-1041.0,-28.91667,2.0
1758074515.88645,34724.0,190.74754,29380.0,161.39163,-6376.0,-177.11111,-18.0,-0.5,2.0
1758074515.90379,35040.0,192.48341,29397.0,161.48502,-6081.0,-168.91667,529.0,14.69444,2.0
1758074515.90413,35338.0,194.12039,29430.0,161.66629,-5758.0,-159.94444,770.0,21.38889,2.0
1758074515.91969,35625.0,195.69695,29480.0,161.94095,-5615.0,-155.97223,1145.0,31.80556,2.0
1758074515.92042,35900.0,197.2076,29543.0,162.28702,-5329.0,-148.02777,1301.0,36.13889,2.0
1758074515.93561,36159.0,198.63034,29610.0,162.65506,-4975.0,-138.19444,1342.0,37.27778,2.0
1758074515.95166,36406.0,199.98718,29680.0,163.0396,-4784.0,-132.88889,1311.0,36.41667,2.0
1758074515.95419,36647.0,201.31105,29742.0,163.38017,-4620.0,-128.33333,1191.0,33.08333,2.0
1758074515.96975,36874.0,202.55801,29799.0,163.6933,-4352.0,-120.88889,993.0,27.58333,2.0
1758074515.97173,37086.0,203.7226,29842.0,163.9295,-4033.0,-112.02778,753.0,20.91667,2.0
1758074515.98718,37284.0,204.81026,29876.0,164.11627,-3777.0,-104.91666,605.0,16.80556,2.0
1758074516.00274,37466.0,205.81001,29903.0,164.2646,-3463.0,-96.19444,414.0,11.5,2.0
1758074516.00467,37630.0,206.71092,29916.0,164.33601,-3108.0,-86.33334,169.0,4.69444,2.0
1758074516.01972,37775.0,207.50745,29919.0,164.35249,-2664.0,-74.0,-32.0,-0.88889,2.0
1758074516.02048,37897.0,208.17761,29917.0,164.34151,-2217.0,-61.58333,0.0,0.0,2.0
1758074516.03687,37998.0,208.73242,29917.0,164.34151,-1799.0,-49.97222,0.0,0.0,2.0
1758074516.05275,38078.0,209.17191,29917.0,164.34151,-1420.0,-39.44444,-13.0,-0.36111,2.0
1758074516.05357,38137.0,209.496,29916.0,164.33601,-1037.0,-28.80556,-26.0,-0.72222,2.0
1758074516.06965,38182.0,209.74319,29914.0,164.32503,-746.0,-20.72222,-53.0,-1.47222,2.0
1758074516.07031,38207.0,209.88052,29915.0,164.33052,-307.0,-8.52778,0.0,0.0,2.0
1758074516.08697,38208.0,209.88602,29916.0,164.33601,125.0,3.47222,19.0,0.52778,2.0
1758074516.10518,38195.0,209.81461,29919.0,164.35249,414.0,11.5,62.0,1.72222,2.0
1758074516.10589,38163.0,209.63882,29925.0,164.38545,777.0,21.58333,189.0,5.25,2.0
1758074516.12295,38113.0,209.36417,29939.0,164.46236,1144.0,31.77778,270.0,7.5,2.0
1758074516.12697,38040.0,208.96317,29956.0,164.55574,1633.0,45.36111,436.0,12.11111,2.0
1758074516.14297,37946.0,208.44678,29985.0,164.71504,2013.0,55.91667,647.0,17.97222,2.0
1758074516.14676,37833.0,207.82605,30024.0,164.92928,2361.0,65.58334,822.0,22.83333,2.0
1758074516.16299,37707.0,207.1339,30065.0,165.1545,2536.0,70.44444,784.0,21.77778,2.0
1758074516.16332,37578.0,206.42528,30102.0,165.35774,2539.0,70.52778,675.0,18.75,2.0
1758074516.18074,37445.0,205.69466,30139.0,165.56099,2715.0,75.41666,820.0,22.77778,2.0
1758074516.18109,37296.0,204.87617,30193.0,165.85764,3136.0,87.11111,1192.0,33.11111,2.0
1758074516.19681,37122.0,203.92035,30266.0,166.25864,3693.0,102.58334,1671.0,46.41667,2.0
1758074516.21368,36920.0,202.8107,30370.0,166.82994,4276.0,118.77778,2326.0,64.61111,2.0
1758074516.21542,36687.0,201.53078,30505.0,167.57152,4768.0,132.44444,2809.0,78.02778,2.0
1758074516.23298,36448.0,200.2179,30649.0,168.36255,4627.0,128.52777,2681.0,74.47222,2.0
1758074516.23335,36231.0,199.02588,30765.0,168.99977,4000.0,111.11111,1965.0,54.58333,2.0
1758074516.25046,36051.0,198.03708,30837.0,169.39528,3195.0,88.75,980.0,27.22222,2.0
1758074516.25175,35914.0,197.2845,30851.0,169.47218,2279.0,63.30556,-193.0,-5.36111,2.0
1758074516.27044,35822.0,196.77913,30837.0,169.39528,1463.0,40.63889,-350.0,-9.72222,2.0
1758074516.27128,35768.0,196.4825,30822.0,169.31288,774.0,21.5,-249.0,-6.91667,2.0
1758074516.28698,35741.0,196.33418,30812.0,169.25795,392.0,10.88889,-109.0,-3.02778,2.0
1758074516.30803,35727.0,196.25728,30811.0,169.25246,139.0,3.86111,4.0,0.11111,2.0
1758074516.30972,35725.0,196.24629,30811.0,169.25246,0.0,0.0,0.0,0.0,2.0
1758074516.31071,35725.0,196.24629,30812.0,169.25795,0.0,0.0,2.0,0.05556,2.0
1758074516.32591,35724.0,196.2408,30812.0,169.25795,20.0,0.55556,0.0,0.0,2.0
1758074516.3419,35722.0,196.22981,30812.0,169.25795,64.0,1.77778,0.0,0.0,2.0
1758074516.3431,35718.0,196.20784,30812.0,169.25795,98.0,2.72222,0.0,0.0,2.0
1758074516.36063,35711.0,196.16936,30812.0,169.25795,130.0,3.61111,0.0,0.0,2.0
1758074516.36102,35708.0,196.15288,30812.0,169.25795,4.0,0.11111,0.0,0.0,2.0
1758074516.37694,35708.0,196.15288,30812.0,169.25795,0.0,0.0,0.0,0.0,2.0
1758074516.39377,35708.0,196.15288,30812.0,169.25795,-5.0,-0.13889,-5.0,-0.13889,2.0
1758074516.39449,35708.0,196.15288,30812.0,169.25795,0.0,0.0,0.0,0.0,2.0
1758074516.40997,35708.0,196.15288,30812.0,169.25795,-2.0,-0.05556,-4.0,-0.11111,2.0
1758074516.41109,35708.0,196.15288,30812.0,169.25795,0.0,0.0,-9.0,-0.25,2.0
1758074516.42599,35708.0,196.15288,30811.0,169.25246,-1.0,-0.02778,-9.0,-0.25,2.0
1758074516.44386,35708.0,196.15288,30811.0,169.25246,0.0,0.0,-10.0,-0.27778,2.0
1758074516.44619,35708.0,196.15288,30811.0,169.25246,0.0,0.0,-9.0,-0.25,2.0
1758074516.46273,35709.0,196.15837,30811.0,169.25246,0.0,0.0,-9.0,-0.25,2.0
1758074516.46477,35709.0,196.15837,30811.0,169.25246,0.0,0.0,-5.0,-0.13889,2.0
1758074516.48204,35709.0,196.15837,30811.0,169.25246,0.0,0.0,-1.0,-0.02778,2.0
1758074516.48323,35709.0,196.15837,30811.0,169.25246,0.0,0.0,-2.0,-0.05556,2.0
1758074516.49794,35709.0,196.15837,30809.0,169.24147,0.0,0.0,0.0,0.0,2.0
1758074516.49956,35709.0,196.15837,30809.0,169.24147,0.0,0.0,0.0,0.0,2.0
1758074516.51591,35708.0,196.15288,30809.0,169.24147,7.0,0.19444,0.0,0.0,2.0
1758074516.532,35708.0,196.15288,30809.0,169.24147,0.0,0.0,0.0,0.0,2.0
1758074516.53317,35708.0,196.15288,30809.0,169.24147,14.0,0.38889,0.0,0.0,2.0
1758074516.54911,35706.0,196.14189,30809.0,169.24147,47.0,1.30556,0.0,0.0,2.0
1758074516.55009,35701.0,196.11443,30809.0,169.24147,134.0,3.72222,0.0,0.0,2.0
1758074516.56603,35688.0,196.04301,30811.0,169.25246,375.0,10.41667,0.0,0.0,2.0
1758074516.58208,35663.0,195.90569,30811.0,169.25246,665.0,18.47222,0.0,0.0,2.0
1758074516.58323,35617.0,195.653,30811.0,169.25246,1100.0,30.55556,0.0,0.0,2.0
1758074516.59883,35550.0,195.28496,30811.0,169.25246,1482.0,41.16667,0.0,0.0,2.0
1758074516.59999,35468.0,194.83452,30811.0,169.25246,1755.0,48.75,0.0,0.0,2.0
1758074516.61508,35373.0,194.31265,30811.0,169.25246,1952.0,54.22222,0.0,0.0,2.0
1758074516.63111,35269.0,193.74136,30811.0,169.25246,2083.0,57.86111,0.0,0.0,2.0
1758074516.63223,35158.0,193.13161,30811.0,169.25246,2178.0,60.5,0.0,0.0,2.0
1758074516.64709,35049.0,192.53285,30811.0,169.25246,2159.0,59.97222,0.0,0.0,2.0
1758074516.66308,34942.0,191.94505,30811.0,169.25246,2100.0,58.33333,0.0,0.0,2.0
1758074516.66597,34839.0,191.37926,30811.0,169.25246,1983.0,55.08333,0.0,0.0,2.0
1758074516.68112,34739.0,190.82994,30811.0,169.25246,1935.0,53.75,0.0,0.0,2.0
1758074516.68192,34641.0,190.2916,30811.0,169.25246,1960.0,54.44444,0.0,0.0,2.0
1758074516.6971,34542.0,189.74777,30811.0,169.25246,1996.0,55.44444,0.0,0.0,2.0
1758074516.71306,34438.0,189.17648,30811.0,169.25246,2118.0,58.83333,0.0,0.0,2.0
1758074516.7139,34326.0,188.56122,30811.0,169.25246,2275.0,63.19444,7.0,0.19444,2.0
1758074516.72915,34202.0,187.88007,30811.0,169.25246,2543.0,70.63889,0.0,0.0,2.0
1758074516.72991,34065.0,187.12749,30811.0,169.25246,2863.0,79.52778,3.0,0.08333,2.0
1758074516.74512,33909.0,186.27054,30811.0,169.25246,3184.0,88.44444,7.0,0.19444,2.0
1758074516.76118,33741.0,185.34769,30811.0,169.25246,3432.0,95.33334,0.0,0.0,2.0
1758074516.76194,33565.0,184.38086,30811.0,169.25246,3525.0,97.91666,0.0,0.0,2.0
1758074516.7771,33384.0,183.38658,30811.0,169.25246,3622.0,100.61111,0.0,0.0,2.0
1758074516.7932,33198.0,182.36485,30811.0,169.25246,3713.0,103.13889,0.0,0.0,2.0
1758074516.79524,33011.0,181.3376,30811.0,169.25246,3643.0,101.19444,6.0,0.16667,2.0
1758074516.81018,32829.0,180.33783,30811.0,169.25246,3559.0,98.86111,0.0,0.0,2.0
1758074516.81126,32654.0,179.37651,30811.0,169.25246,3381.0,93.91666,9.0,0.25,2.0
1758074516.82609,32489.0,178.47014,30814.0,169.26894,3169.0,88.02778,55.0,1.52778,2.0
1758074516.84408,32330.0,177.59671,30822.0,169.31288,3105.0,86.25,307.0,8.52778,2.0
1758074516.84579,32171.0,176.72327,30850.0,169.46669,3199.0,88.86111,711.0,19.75,2.0
1758074516.86131,32004.0,175.80591,30907.0,169.7798,3391.0,94.19444,1430.0,39.72222,2.0
1758074516.86198,31825.0,174.82262,31001.0,170.29617,3650.0,101.38889,2186.0,60.72222,2.0
1758074516.87728,31635.0,173.7789,31136.0,171.03777,3821.0,106.13889,2978.0,82.72222,2.0
1758074516.89325,31436.0,172.68575,31308.0,171.9826,4005.0,111.25,3711.0,103.08334,2.0
1758074516.89403,31231.0,171.55963,31510.0,173.09224,4058.0,112.72222,4195.0,116.52778,2.0
1758074516.90927,31031.0,170.46097,31736.0,174.33371,3862.0,107.27778,4709.0,130.80556,2.0
1758074516.91005,30849.0,169.4612,31988.0,175.71802,3397.0,94.36111,5205.0,144.58333,2.0
1758074516.92524,30694.0,168.60976,32267.0,177.25063,2768.0,76.88889,5800.0,161.11111,2.0
1758074516.94132,30573.0,167.94507,32577.0,178.95354,2016.0,56.0,6323.0,175.63889,2.0
1758074516.942,30495.0,167.51659,32916.0,180.81575,1187.0,32.97222,7045.0,195.69444,2.0
1758074516.95729,30467.0,167.36278,33288.0,182.85924,56.0,1.55556,7520.0,208.88889,2.0
1758074516.9732,30473.0,167.39574,33682.0,185.02359,-165.0,-4.58333,7921.0,220.02777,2.0
1758074516.97386,30488.0,167.47813,34097.0,187.30327,-409.0,-11.36111,8323.0,231.19444,2.0
1758074516.98926,30516.0,167.63194,34516.0,189.60495,-677.0,-18.80556,8264.0,229.55556,2.0
1758074516.9908,30558.0,167.86267,34931.0,191.88463,-990.0,-27.5,8166.0,226.83333,2.0
1758074517.00524,30617.0,168.18677,35330.0,194.07645,-1335.0,-37.08333,7610.0,211.38889,2.0
1758074517.02126,30696.0,168.62074,35704.0,196.13091,-1671.0,-46.41667,7192.0,199.77777,2.0
1758074517.02265,30787.0,169.12062,36049.0,198.02609,-1936.0,-53.77778,6555.0,182.08333,2.0
1758074517.03739,30886.0,169.66444,36365.0,199.76196,-1971.0,-54.75,6069.0,168.58333,2.0
1758074517.05328,30982.0,170.1918,36664.0,201.40443,-1784.0,-49.55556,5757.0,159.91667,2.0
1758074517.05439,31076.0,170.70818,36938.0,202.90958,-1888.0,-52.44444,5097.0,141.58333,2.0
1758074517.06929,31173.0,171.24103,37176.0,204.21698,-1936.0,-53.77778,4463.0,123.97222,2.0
1758074517.07071,31265.0,171.7464,37385.0,205.36507,-1744.0,-48.44444,3880.0,107.77778,2.0
1758074517.08607,31346.0,172.19135,37569.0,206.37584,-1472.0,-40.88889,3425.0,95.13889,2.0
1758074517.10223,31410.0,172.54291,37732.0,207.27122,-1114.0,-30.94444,3072.0,85.33334,2.0
1758074517.10375,31453.0,172.77913,37879.0,208.07874,-632.0,-17.55556,2802.0,77.83334,2.0
1758074517.11931,31472.0,172.8835,38015.0,208.82581,-124.0,-3.44444,2549.0,70.80556,2.0
1758074517.12005,31469.0,172.86702,38138.0,209.5015,91.0,2.52778,2277.0,63.25,2.0
1758074517.13628,31466.0,172.85054,38243.0,210.07828,19.0,0.52778,1915.0,53.19444,2.0
1758074517.15224,31466.0,172.85054,38326.0,210.53423,0.0,0.0,1506.0,41.83333,2.0
1758074517.15381,31466.0,172.85054,38390.0,210.88579,0.0,0.0,1043.0,28.97222,2.0
1758074517.16934,31466.0,172.85054,38431.0,211.11101,0.0,0.0,645.0,17.91667,2.0
1758074517.17068,31466.0,172.85054,38454.0,211.23735,0.0,0.0,307.0,8.52778,2.0
1758074517.18537,31466.0,172.85054,38462.0,211.2813,0.0,0.0,12.0,0.33333,2.0
1758074517.20137,31469.0,172.86702,38460.0,211.27031,-71.0,-1.97222,0.0,0.0,2.0
1758074517.20213,31481.0,172.93294,38456.0,211.24834,-400.0,-11.11111,-141.0,-3.91667,2.0
1758074517.21834,31521.0,173.15266,38433.0,211.12199,-1105.0,-30.69444,-726.0,-20.16667,2.0
1758074517.21957,31606.0,173.6196,38375.0,210.80339,-2045.0,-56.80556,-1521.0,-42.25,2.0
1758074517.23433,31737.0,174.3392,38270.0,210.22659,-3007.0,-83.52778,-2434.0,-67.61111,2.0
1758074517.25034,31914.0,175.31151,38121.0,209.40811,-3798.0,-105.5,-3295.0,-91.52778,2.0
1758074517.25118,32123.0,176.45959,37934.0,208.38086,-4285.0,-119.02778,-3971.0,-110.30556,2.0
1758074517.26637,32345.0,177.67911,37717.0,207.18883,-4373.0,-121.47222,-4468.0,-124.11111,2.0
1758074517.28181,32562.0,178.87114,37480.0,205.88692,-4131.0,-114.75,-4767.0,-132.41667,2.0
1758074517.28299,32759.0,179.95331,37236.0,204.54657,-3677.0,-102.13889,-4797.0,-133.25,2.0
1758074517.29928,32933.0,180.90913,36991.0,203.20071,-3245.0,-90.13889,-4906.0,-136.27777,2.0
1758074517.30044,33085.0,181.74409,36737.0,201.80545,-2891.0,-80.30556,-5118.0,-142.16667,2.0
1758074517.31621,33220.0,182.4857,36474.0,200.36072,-2339.0,-64.97222,-5337.0,-148.25,2.0
1758074517.33293,33319.0,183.02953,36205.0,198.88303,-1623.0,-45.08333,-5280.0,-146.66667,2.0
1758074517.33381,33380.0,183.36461,35932.0,197.38338,-860.0,-23.88889,-5508.0,-153.0,2.0
1758074517.34941,33400.0,183.47447,35637.0,195.76286,-75.0,-2.08333,-6025.0,-167.36111,2.0
1758074517.35061,33394.0,183.44151,35321.0,194.02701,209.0,5.80556,-6425.0,-178.47223,2.0
1758074517.36659,33378.0,183.35362,34982.0,192.16481,371.0,10.30556,-7009.0,-194.69444,2.0
1758074517.38291,33359.0,183.24925,34614.0,190.14328,424.0,11.77778,-7413.0,-205.91667,2.0
1758074517.38676,33338.0,183.1339,34239.0,188.08331,487.0,13.52778,-7453.0,-207.02777,2.0
1758074517.4019,33306.0,182.95811,33860.0,186.00137,749.0,20.80556,-7455.0,-207.08333,2.0
1758074517.40265,33260.0,182.70543,33492.0,183.97986,1052.0,29.22222,-7100.0,-197.22223,2.0
1758074517.41927,33201.0,182.38133,33144.0,182.06819,1237.0,34.36111,-6727.0,-186.86111,2.0
1758074517.42123,33139.0,182.04073,32811.0,180.23895,1211.0,33.63889,-6415.0,-178.19444,2.0
1758074517.43659,33084.0,181.7386,32500.0,178.53056,949.0,26.36111,-5965.0,-165.69444,2.0
1758074517.45328,33047.0,181.53535,32202.0,176.89357,496.0,13.77778,-5856.0,-162.66667,2.0
1758074517.45379,33041.0,181.5024,31913.0,175.30602,-94.0,-2.61111,-5623.0,-156.19444,2.0
1758074517.46956,33057.0,181.59029,31639.0,173.80087,-533.0,-14.80556,-5232.0,-145.33333,2.0
1758074517.47029,33097.0,181.81001,31383.0,172.39459,-1022.0,-28.38889,-4931.0,-136.97223,2.0
1758074517.48554,33167.0,182.19456,31140.0,171.05974,-1610.0,-44.72222,-4608.0,-128.0,2.0
1758074517.50157,33267.0,182.74388,30918.0,169.84024,-2256.0,-62.66667,-4194.0,-116.5,2.0
1758074517.50487,33401.0,183.47997,30720.0,168.75258,-2949.0,-81.91666,-3664.0,-101.77778,2.0
1758074517.52137,33569.0,184.40283,30547.0,167.80225,-3610.0,-100.27778,-3220.0,-89.44444,2.0
1758074517.52386,33771.0,185.51248,30400.0,166.99474,-4296.0,-119.33334,-2710.0,-75.27778,2.0
1758074517.54052,34005.0,186.7979,30278.0,166.32457,-4871.0,-135.30556,-2130.0,-59.16667,2.0
1758074517.54129,34264.0,188.22064,30188.0,165.83017,-5307.0,-147.41667,-1511.0,-41.97222,2.0
1758074517.55652,34545.0,189.76425,30128.0,165.50056,-5766.0,-160.16667,-902.0,-25.05556,2.0
1758074517.55968,34851.0,191.44518,30102.0,165.35774,-6242.0,-173.38889,-244.0,-6.77778,2.0
1758074517.57552,35179.0,193.24696,30101.0,165.35225,-6601.0,-183.36111,27.0,0.75,2.0
1758074517.59163,35521.0,195.12566,30102.0,165.35774,-6903.0,-191.75,8.0,0.22222,2.0
1758074517.5936,35870.0,197.0428,30109.0,165.39619,-6832.0,-189.77777,227.0,6.30556,2.0
1758074517.60965,36202.0,198.86655,30124.0,165.47859,-6345.0,-176.25,393.0,10.91667,2.0
1758074517.61008,36516.0,200.59145,30148.0,165.61044,-6122.0,-170.05556,554.0,15.38889,2.0
1758074517.62572,36817.0,202.2449,30177.0,165.76974,-5804.0,-161.22223,541.0,15.02778,2.0
1758074517.64163,37097.0,203.78302,30200.0,165.89609,-5355.0,-148.75,436.0,12.11111,2.0
1758074517.64363,37361.0,205.23323,30217.0,165.98947,-5072.0,-140.88889,297.0,8.25,2.0
1758074517.66099,37615.0,206.62852,30228.0,166.0499,-4802.0,-133.38889,178.0,4.94444,2.0
1758074517.66177,37847.0,207.90295,30233.0,166.07736,-4432.0,-123.11111,20.0,0.55556,2.0
1758074517.68163,38062.0,209.08401,30233.0,166.07736,-4083.0,-113.41666,-8.0,-0.22222,2.0
1758074517.68675,38262.0,210.18265,30233.0,166.07736,-3833.0,-106.47222,-5.0,-0.13889,2.0
1758074517.70173,38450.0,211.21538,30232.0,166.07187,-3621.0,-100.58334,-9.0,-0.25,2.0
1758074517.7068,38629.0,212.19867,30232.0,166.07187,-3437.0,-95.47222,-17.0,-0.47222,2.0
1758074517.72163,38798.0,213.12704,30230.0,166.06088,-3276.0,-91.0,-30.0,-0.83333,2.0
1758074517.72364,38958.0,214.00595,30228.0,166.0499,-3093.0,-85.91666,-51.0,-1.41667,2.0
1758074517.74053,39110.0,214.84093,30225.0,166.03342,-2913.0,-80.91666,-79.0,-2.19444,2.0
1758074517.7409,39253.0,215.62645,30219.0,166.00046,-2760.0,-76.66666,-141.0,-3.91667,2.0
1758074517.75667,39380.0,216.32411,30216.0,165.98398,-2295.0,-63.75,0.0,0.0,2.0
1758074517.75829,39475.0,216.84596,30217.0,165.98947,-1572.0,-43.66667,2.0,0.05556,2.0
1758074517.7739,39529.0,217.14259,30219.0,166.00046,-657.0,-18.25,50.0,1.38889,2.0
1758074517.78964,39536.0,217.18105,30224.0,166.02792,132.0,3.66667,123.0,3.41667,2.0
1758074517.79097,39521.0,217.09865,30234.0,166.08286,439.0,12.19444,225.0,6.25,2.0
1758074517.80568,39486.0,216.90639,30246.0,166.14877,840.0,23.33333,247.0,6.86111,2.0
1758074517.82174,39434.0,216.62074,30263.0,166.24216,1171.0,32.52778,392.0,10.88889,2.0
1758074517.82342,39362.0,216.22523,30285.0,166.36302,1639.0,45.52778,506.0,14.05556,2.0
1758074517.83971,39266.0,215.69786,30313.0,166.51683,2081.0,57.80556,527.0,14.63889,2.0
1758074517.84179,39149.0,215.05516,30338.0,166.65416,2456.0,68.22222,447.0,12.41667,2.0
1758074517.8567,39016.0,214.32455,30359.0,166.76952,2735.0,75.97222,390.0,10.83333,2.0
1758074517.8588,38871.0,213.52805,30385.0,166.91234,2982.0,82.83334,591.0,16.41667,2.0
1758074517.87473,38705.0,212.61615,30424.0,167.12657,3493.0,97.02778,949.0,26.36111,2.0
1758074517.89077,38509.0,211.53947,30487.0,167.47264,4190.0,116.38889,1425.0,39.58333,2.0
1758074517.89211,38276.0,210.25957,30579.0,167.97803,4947.0,137.41667,2110.0,58.61111,2.0
1758074517.90718,38002.0,208.75439,30705.0,168.67018,5754.0,159.83333,2741.0,76.13889,2.0
1758074517.90831,37684.0,207.00755,30845.0,169.43922,6710.0,186.38889,2719.0,75.52778,2.0
1758074517.92646,37324.0,205.02998,30971.0,170.13138,7105.0,197.36111,2307.0,64.08334,2.0
1758074517.94182,36979.0,203.1348,31067.0,170.65874,6587.0,182.97223,1514.0,42.05556,2.0
1758074517.94295,36665.0,201.40993,31109.0,170.88945,5913.0,164.25,275.0,7.63889,2.0
1758074517.9605,36388.0,199.88831,31099.0,170.83452,5107.0,141.86111,-329.0,-9.13889,2.0
1758074517.96086,36151.0,198.5864,31076.0,170.70818,4325.0,120.13889,-534.0,-14.83333,2.0
1758074517.97688,35952.0,197.49324,31046.0,170.54338,3638.0,101.05556,-599.0,-16.63889,2.0
1758074517.97841,35783.0,196.5649,31018.0,170.38956,3115.0,86.52778,-563.0,-15.63889,2.0
1758074517.99381,35634.0,195.74638,30991.0,170.24124,2757.0,76.58334,-531.0,-14.75,2.0
1758074518.00991,35502.0,195.02129,30968.0,170.1149,2499.0,69.41666,-413.0,-11.47222,2.0
1758074518.01099,35378.0,194.34012,30951.0,170.02151,2397.0,66.58334,-231.0,-6.41667,2.0
1758074518.02589,35258.0,193.68094,30947.0,169.99954,2340.0,65.0,18.0,0.5,2.0
1758074518.04299,35139.0,193.02724,30947.0,169.99954,2326.0,64.61111,0.0,0.0,2.0
1758074518.04459,35023.0,192.39003,30948.0,170.00504,2245.0,62.36111,0.0,0.0,2.0
1758074518.06455,34914.0,191.79124,30948.0,170.00504,2109.0,58.58333,0.0,0.0,2.0
1758074518.06493,34811.0,191.22545,30948.0,170.00504,2008.0,55.77778,0.0,0.0,2.0
1758074518.08079,34711.0,190.67613,30948.0,170.00504,1975.0,54.86111,0.0,0.0,2.0
1758074518.08168,34609.0,190.11581,30948.0,170.00504,2029.0,56.36111,0.0,0.0,2.0
1758074518.0968,34498.0,189.50607,30948.0,170.00504,2285.0,63.47222,4.0,0.11111,2.0
1758074518.09866,34373.0,188.8194,30948.0,170.00504,2606.0,72.38889,0.0,0.0,2.0
1758074518.11623,34230.0,188.03387,30949.0,170.01053,2954.0,82.05556,0.0,0.0,2.0
1758074518.1319,34073.0,187.17143,30949.0,170.01053,3196.0,88.77778,0.0,0.0,2.0
1758074518.13263,33906.0,186.25406,30949.0,170.01053,3308.0,91.88889,0.0,0.0,2.0
1758074518.14937,33739.0,185.3367,30949.0,170.01053,3278.0,91.05556,0.0,0.0,2.0
1758074518.15021,33578.0,184.45227,30949.0,170.01053,3153.0,87.58334,0.0,0.0,2.0
1758074518.16667,33418.0,183.57336,30949.0,170.01053,3174.0,88.16666,0.0,0.0,2.0
1758074518.16954,33250.0,182.6505,30949.0,170.01053,3459.0,96.08334,0.0,0.0,2.0
1758074518.18567,33061.0,181.61226,30950.0,170.01602,3954.0,109.83334,41.0,1.13889,2.0
1758074518.20195,32846.0,180.43121,30954.0,170.03799,4477.0,124.36111,85.0,2.36111,2.0
1758074518.20267,32606.0,179.11284,30965.0,170.09842,4964.0,137.88889,335.0,9.30556,2.0
1758074518.22062,32342.0,177.66263,30991.0,170.24124,5408.0,150.22223,728.0,20.22222,2.0
1758074518.22099,32057.0,176.09705,31041.0,170.51591,5792.0,160.88889,1214.0,33.72222,2.0
1758074518.2369,31755.0,174.43808,31115.0,170.92241,6062.0,168.38889,1583.0,43.97222,2.0
1758074518.23976,31446.0,172.74068,31205.0,171.41681,6114.0,169.83333,1941.0,53.91667,2.0
1758074518.2567,31138.0,171.04875,31311.0,171.99908,6002.0,166.72223,2210.0,61.38889,2.0
1758074518.26072,30848.0,169.4557,31427.0,172.63631,5477.0,152.13889,2346.0,65.16666,2.0
1758074518.27943,30592.0,168.04944,31551.0,173.31746,4750.0,131.94444,2540.0,70.55556,2.0
1758074518.28146,30374.0,166.85191,31689.0,174.07553,4014.0,111.5,2883.0,80.08334,2.0
1758074518.29694,30196.0,165.87411,31850.0,174.95995,3131.0,86.97222,3391.0,94.19444,2.0
1758074518.29891,30065.0,165.1545,32041.0,176.00916,2135.0,59.30556,4135.0,114.86111,2.0
1758074518.31614,29983.0,164.70406,32276.0,177.30006,1235.0,34.30556,5052.0,140.33333,2.0
1758074518.33199,29947.0,164.5063,32558.0,178.84917,303.0,8.41667,5956.0,165.44444,2.0
1758074518.33397,29947.0,164.5063,32889.0,180.66742,-29.0,-0.80556,6985.0,194.02777,2.0
1758074518.34982,29949.0,164.51729,33263.0,182.72191,-69.0,-1.91667,7632.0,212.0,2.0
1758074518.35092,29956.0,164.55574,33661.0,184.9082,-240.0,-6.66667,7949.0,220.80556,2.0
1758074518.3668,29980.0,164.68758,34067.0,187.13847,-621.0,-17.25,7989.0,221.91667,2.0
1758074518.36985,30025.0,164.93477,34455.0,189.26987,-1106.0,-30.72222,7450.0,206.94444,2.0
1758074518.38504,30096.0,165.32478,34819.0,191.26939,-1658.0,-46.05556,6949.0,193.02777,2.0
1758074518.40099,30197.0,165.87961,35154.0,193.10963,-2202.0,-61.16667,6324.0,175.66667,2.0
1758074518.40185,30330.0,166.61021,35445.0,194.70816,-2982.0,-82.83334,5363.0,148.97223,2.0
1758074518.41705,30498.0,167.53307,35691.0,196.05949,-3511.0,-97.52778,4504.0,125.11111,2.0
1758074518.41863,30684.0,168.55482,35898.0,197.19661,-3741.0,-103.91666,3806.0,105.72222,2.0
1758074518.43406,30872.0,169.58754,36077.0,198.1799,-3643.0,-101.19444,3396.0,94.33334,2.0
1758074518.45202,31046.0,170.54338,36243.0,199.0918,-3267.0,-90.75,3267.0,90.75,2.0
1758074518.45301,31193.0,171.35089,36411.0,200.01465,-2645.0,-73.47222,3318.0,92.16666,2.0
1758074518.46889,31308.0,171.9826,36580.0,200.94301,-1991.0,-55.30556,3366.0,93.5,2.0
1758074518.46971,31389.0,172.42755,36749.0,201.87137,-1352.0,-37.55556,3292.0,91.44444,2.0
1758074518.4851,31445.0,172.73518,36908.0,202.74478,-899.0,-24.97222,3011.0,83.63889,2.0
1758074518.50107,31480.0,172.92744,37048.0,203.51385,-531.0,-14.75,2555.0,70.97222,2.0
1758074518.50269,31500.0,173.03731,37159.0,204.1236,-302.0,-8.38889,1906.0,52.94444,2.0
1758074518.51891,31512.0,173.10323,37232.0,204.5246,-187.0,-5.19444,1050.0,29.16667,2.0
1758074518.52101,31530.0,173.2021,37255.0,204.65096,-510.0,-14.16667,-3.0,-0.08333,2.0
1758074518.53612,31569.0,173.41635,37246.0,204.6015,-961.0,-26.69444,-141.0,-3.91667,2.0
1758074518.55206,31631.0,173.75693,37236.0,204.54657,-1452.0,-40.33333,-295.0,-8.19444,2.0
1758074518.55326,31724.0,174.26779,37208.0,204.39276,-2105.0,-58.47222,-757.0,-21.02778,2.0
1758074518.56889,31848.0,174.94896,37157.0,204.11261,-2681.0,-74.47222,-1163.0,-32.30556,2.0
1758074518.56978,31999.0,175.77844,37088.0,203.73358,-3172.0,-88.11111,-1479.0,-41.08333,2.0
1758074518.5851,32168.0,176.70679,37001.0,203.25568,-3452.0,-95.88889,-1831.0,-50.86111,2.0
1758074518.60118,32345.0,177.67911,36902.0,202.71182,-3466.0,-96.27778,-2068.0,-57.44444,2.0
1758074518.60321,32517.0,178.62395,36794.0,202.11856,-3307.0,-91.86111,-2189.0,-60.80556,2.0
1758074518.61819,32679.0,179.51384,36681.0,201.49782,-3108.0,-86.33334,-2273.0,-63.13889,2.0
1758074518.6189,32828.0,180.33234,36563.0,200.84962,-2811.0,-78.08334,-2357.0,-65.47222,2.0
1758074518.63527,32962.0,181.06844,36441.0,200.17944,-2493.0,-69.25,-2428.0,-67.44444,2.0
1758074518.65135,33085.0,181.74409,36316.0,199.4928,-2413.0,-67.02778,-2521.0,-70.02778,2.0
1758074518.65178,33206.0,182.4088,36183.0,198.76218,-2387.0,-66.30556,-2711.0,-75.30556,2.0
1758074518.66886,33324.0,183.05699,36033.0,197.9382,-2201.0,-61.13889,-3143.0,-87.30556,2.0
1758074518.67006,33430.0,183.63928,35858.0,196.97688,-1940.0,-53.88889,-3733.0,-103.69444,2.0
1758074518.6862,33524.0,184.15564,35649.0,195.82878,-1821.0,-50.58333,-4417.0,-122.69444,2.0
1758074518.70494,33613.0,184.64453,35404.0,194.48294,-1770.0,-49.16667,-5090.0,-141.38889,2.0
1758074518.7062,33703.0,185.13895,35130.0,192.9778,-1751.0,-48.63889,-5638.0,-156.61111,2.0
1758074518.72304,33790.0,185.61685,34844.0,191.40672,-1569.0,-43.58333,-5605.0,-155.69444,2.0
1758074518.72617,33853.0,185.96292,34569.0,189.89609,-961.0,-26.69444,-5253.0,-145.91667,2.0
1758074518.74653,33883.0,186.12772,34318.0,188.51727,-280.0,-7.77778,-4704.0,-130.66667,2.0
1758074518.74988,33877.0,186.09476,34094.0,187.28679,314.0,8.72222,-4153.0,-115.36111,2.0
1758074518.75135,33852.0,185.95743,33901.0,186.22659,714.0,19.83333,-3500.0,-97.22222,2.0
1758074518.76905,33802.0,185.68277,33743.0,185.35867,1206.0,33.5,-2843.0,-78.97222,2.0
1758074518.7701,33729.0,185.28177,33618.0,184.672,1598.0,44.38889,-2227.0,-61.86111,2.0
1758074518.78694,33643.0,184.80933,33517.0,184.11719,1767.0,49.08333,-1807.0,-50.19444,2.0
1758074518.80343,33554.0,184.32043,33436.0,183.67224,1724.0,47.88889,-1491.0,-41.41667,2.0
1758074518.80665,33471.0,183.8645,33363.0,183.27122,1507.0,41.86111,-1401.0,-38.91667,2.0
1758074518.82655,33406.0,183.50743,33290.0,182.87022,1094.0,30.38889,-1483.0,-41.19444,2.0
1758074518.827,33361.0,183.26024,33210.0,182.43077,670.0,18.61111,-1633.0,-45.36111,2.0
1758074518.84635,33346.0,183.17784,33120.0,181.93636,31.0,0.86111,-1890.0,-52.5,2.0
1758074518.84971,33352.0,183.2108,33020.0,181.38704,-188.0,-5.22222,-2031.0,-56.41667,2.0
1758074518.85096,33362.0,183.26573,32918.0,180.82674,-98.0,-2.72222,-1986.0,-55.16667,2.0
1758074518.86631,33362.0,183.26573,32822.0,180.29938,25.0,0.69444,-1815.0,-50.41667,2.0
1758074518.88345,33361.0,183.26024,32734.0,179.81598,1.0,0.02778,-1646.0,-45.72222,2.0
1758074518.88385,33361.0,183.26024,32657.0,179.39299,0.0,0.0,-1475.0,-40.97222,2.0
1758074518.90131,33361.0,183.26024,32586.0,179.00298,0.0,0.0,-1287.0,-35.75,2.0
1758074518.90175,33361.0,183.26024,32524.0,178.6624,-9.0,-0.25,-1244.0,-34.55556,2.0
1758074518.9227,33363.0,183.27122,32455.0,178.28337,-66.0,-1.83333,-1444.0,-40.11111,2.0
1758074518.92307,33374.0,183.33165,32369.0,177.81094,-378.0,-10.5,-1956.0,-54.33333,2.0
1758074518.9397,33407.0,183.51292,32252.0,177.16823,-875.0,-24.30556,-2635.0,-73.19444,2.0
1758074518.95148,33468.0,183.84802,32097.0,176.31677,-1473.0,-40.91667,-3346.0,-92.94444,2.0
1758074518.95388,33562.0,184.36438,31911.0,175.29503,-2081.0,-57.80556,-3891.0,-108.08334,2.0
1758074518.97015,33682.0,185.02359,31706.0,174.16891,-2566.0,-71.27778,-4145.0,-115.13889,2.0
1758074518.97136,33823.0,185.79813,31492.0,172.99336,-2965.0,-82.36111,-4292.0,-119.22222,2.0
1758074518.98635,33981.0,186.66606,31277.0,171.81232,-3247.0,-90.19444,-4234.0,-117.61111,2.0
1758074519.00239,34151.0,187.5999,31070.0,170.67522,-3412.0,-94.77778,-3947.0,-109.63889,2.0
1758074519.00315,34327.0,188.56671,30884.0,169.65346,-3529.0,-98.02778,-3459.0,-96.08334,2.0
1758074519.01923,34510.0,189.57199,30722.0,168.76357,-3722.0,-103.38889,-2999.0,-83.30556,2.0
1758074519.02196,34708.0,190.65965,30580.0,167.98352,-3998.0,-111.05556,-2573.0,-71.47222,2.0
1758074519.03739,34919.0,191.81871,30464.0,167.3463,-4304.0,-119.55556,-2118.0,-58.83333,2.0
1758074519.04132,35145.0,193.0602,30367.0,166.81346,-4586.0,-127.38889,-1682.0,-46.72222,2.0
1758074519.05638,35386.0,194.38406,30295.0,166.41795,-4933.0,-137.02777,-1292.0,-35.88889,2.0
1758074519.07245,35639.0,195.77385,30253.0,166.18723,-5033.0,-139.80556,-494.0,-13.72222,2.0
1758074519.07359,35894.0,197.17464,30247.0,166.15427,-5051.0,-140.30556,29.0,0.80556,2.0
1758074519.0911,36149.0,198.57541,30247.0,166.15427,-5085.0,-141.25,0.0,0.0,2.0
1758074519.09156,36411.0,200.01465,30247.0,166.15427,-5259.0,-146.08333,0.0,0.0,2.0
1758074519.11172,36684.0,201.5143,30247.0,166.15427,-5453.0,-151.47223,0.0,0.0,2.0
1758074519.11334,36962.0,203.04141,30247.0,166.15427,-5484.0,-152.33333,0.0,0.0,2.0
1758074519.13111,37239.0,204.56305,30247.0,166.15427,-5486.0,-152.38889,0.0,0.0,2.0
1758074519.13152,37515.0,206.07921,30247.0,166.15427,-5430.0,-150.83333,0.0,0.0,2.0
1758074519.15063,37785.0,207.56238,30247.0,166.15427,-5203.0,-144.52777,0.0,0.0,2.0
1758074519.15139,38041.0,208.96866,30247.0,166.15427,-4920.0,-136.66667,0.0,0.0,2.0
1758074519.17148,38284.0,210.30351,30247.0,166.15427,-4683.0,-130.08333,0.0,0.0,2.0
1758074519.17267,38515.0,211.57243,30247.0,166.15427,-4415.0,-122.63889,0.0,0.0,2.0
1758074519.18993,38730.0,212.75348,30247.0,166.15427,-4092.0,-113.66666,0.0,0.0,2.0
1758074519.19059,38928.0,213.84116,30247.0,166.15427,-3776.0,-104.88889,0.0,0.0,2.0
1758074519.20648,39110.0,214.84093,30247.0,166.15427,-3447.0,-95.75,0.0,0.0,2.0
1758074519.22247,39267.0,215.70335,30247.0,166.15427,-2820.0,-78.33334,0.0,0.0,2.0
1758074519.22321,39385.0,216.35158,30249.0,166.16525,-1931.0,-53.63889,37.0,1.02778,2.0
1758074519.23852,39454.0,216.73061,30253.0,166.18723,-952.0,-26.44444,139.0,3.86111,2.0
1758074519.23924,39474.0,216.84047,30266.0,166.25864,-4.0,-0.11111,269.0,7.47222,2.0
1758074519.25688,39466.0,216.79652,30283.0,166.35204,185.0,5.13889,387.0,10.75,2.0
1758074519.27416,39449.0,216.70314,30305.0,166.47289,480.0,13.33333,474.0,13.16667,2.0
1758074519.27612,39417.0,216.52736,30326.0,166.58824,729.0,20.25,423.0,11.75,2.0
1758074519.29151,39369.0,216.26369,30348.0,166.70909,1150.0,31.94444,486.0,13.5,2.0
1758074519.29357,39300.0,215.88466,30376.0,166.8629,1492.0,41.44444,650.0,18.05556,2.0
1758074519.3102,39212.0,215.40123,30414.0,167.07164,1906.0,52.94444,801.0,22.25,2.0
1758074519.31102,39108.0,214.82994,30457.0,167.30785,2201.0,61.13889,849.0,23.58333,2.0
1758074519.32663,38991.0,214.18723,30496.0,167.52208,2345.0,65.13889,712.0,19.77778,2.0
1758074519.34297,38870.0,213.52255,30529.0,167.70337,2433.0,67.58334,720.0,20.0,2.0
1758074519.34602,38736.0,212.78644,30574.0,167.95056,2806.0,77.94444,955.0,26.52778,2.0
1758074519.36165,38579.0,211.92401,30633.0,168.27466,3380.0,93.88889,1418.0,39.38889,2.0
1758074519.36525,38387.0,210.86931,30723.0,168.76906,4038.0,112.16666,1986.0,55.16667,2.0
1758074519.38134,38159.0,209.61685,30844.0,169.43373,4848.0,134.66667,2692.0,74.77778,2.0
1758074519.38264,37889.0,208.13367,30989.0,170.23026,5711.0,158.63889,2937.0,81.58334,2.0
1758074519.40134,37584.0,206.45824,31131.0,171.0103,6105.0,169.58333,2653.0,73.69444,2.0
1758074519.40257,37287.0,204.82674,31246.0,171.64203,5632.0,156.44444,1881.0,52.25,2.0
1758074519.42161,37022.0,203.37103,31312.0,172.00458,4879.0,135.52777,777.0,21.58333,2.0
1758074519.42239,36793.0,202.11307,31318.0,172.03754,4243.0,117.86111,-236.0,-6.55556,2.0
1758074519.43768,36594.0,201.01991,31306.0,171.97162,3657.0,101.58334,-200.0,-5.55556,2.0
1758074519.43881,36425.0,200.09155,31298.0,171.92767,3089.0,85.80556,-136.0,-3.77778,2.0
1758074519.45462,36279.0,199.28955,31293.0,171.90021,2704.0,75.11111,-49.0,-1.36111,2.0
1758074519.47064,36150.0,198.5809,31293.0,171.90021,2427.0,67.41666,0.0,0.0,2.0
1758074519.47195,36032.0,197.93271,31293.0,171.90021,2257.0,62.69444,0.0,0.0,2.0
1758074519.48713,35921.0,197.32295,31293.0,171.90021,2109.0,58.58333,0.0,0.0,2.0
1758074519.50264,35816.0,196.74617,31293.0,171.90021,2028.0,56.33333,0.0,0.0,2.0
1758074519.50463,35716.0,196.19685,31293.0,171.90021,1971.0,54.75,0.0,0.0,2.0
1758074519.52155,35618.0,195.65849,31293.0,171.90021,1926.0,53.5,0.0,0.0,2.0
1758074519.52222,35521.0,195.12566,31293.0,171.90021,1866.0,51.83333,0.0,0.0,2.0
1758074519.53759,35425.0,194.5983,31293.0,171.90021,1892.0,52.55556,0.0,0.0,2.0
1758074519.54081,35331.0,194.08194,31293.0,171.90021,1864.0,51.77778,-7.0,-0.19444,2.0
1758074519.55673,35240.0,193.58206,31293.0,171.90021,1734.0,48.16667,0.0,0.0,2.0
1758074519.57265,35154.0,193.10963,31293.0,171.90021,1620.0,45.0,-4.0,-0.11111,2.0
1758074519.57348,35077.0,192.68666,31293.0,171.90021,1460.0,40.55556,0.0,0.0,2.0
1758074519.58954,35007.0,192.30214,31293.0,171.90021,1274.0,35.38889,0.0,0.0,2.0
1758074519.59073,34944.0,191.95607,31293.0,171.90021,1272.0,35.33333,0.0,0.0,2.0
1758074519.60569,34880.0,191.60448,31293.0,171.90021,1250.0,34.72222,0.0,0.0,2.0
1758074519.62177,34813.0,191.23643,31295.0,171.91119,1429.0,39.69444,0.0,0.0,2.0
1758074519.62287,34734.0,190.80247,31295.0,171.91119,1692.0,47.0,7.0,0.19444,2.0
1758074519.63776,34635.0,190.25864,31296.0,171.91669,2184.0,60.66667,7.0,0.19444,2.0
1758074519.63904,34509.0,189.5665,31296.0,171.91669,2761.0,76.69444,14.0,0.38889,2.0
1758074519.65558,34352.0,188.70404,31296.0,171.91669,3336.0,92.66666,0.0,0.0,2.0
1758074519.67204,34167.0,187.68779,31296.0,171.91669,3856.0,107.11111,0.0,0.0,2.0
1758074519.67255,33960.0,186.5507,31296.0,171.91669,4254.0,118.16666,0.0,0.0,2.0
1758074519.68774,33737.0,185.32571,31296.0,171.91669,4528.0,125.77778,0.0,0.0,2.0
1758074519.68898,33503.0,184.04028,31296.0,171.91669,4742.0,131.72223,0.0,0.0,2.0
1758074519.7048,33255.0,182.67796,31296.0,171.91669,4930.0,136.94444,0.0,0.0,2.0
1758074519.72076,32997.0,181.2607,31298.0,171.92767,5176.0,143.77777,16.0,0.44444,2.0
1758074519.72157,32729.0,179.78851,31300.0,171.93866,5348.0,148.55556,87.0,2.41667,2.0
1758074519.73676,32458.0,178.29985,31313.0,172.01007,5335.0,148.19444,399.0,11.08333,2.0
1758074519.75363,32189.0,176.82214,31340.0,172.15839,5326.0,147.94444,701.0,19.47222,2.0
1758074519.78687,31145.0,171.0872,31591.0,173.5372,4897.0,136.02777,1914.0,53.16667,2.0
1758074519.80359,30909.0,169.79079,31706.0,174.16891,4444.0,123.44444,2567.0,71.30556,2.0
1758074519.80722,30698.0,168.63173,31856.0,174.9929,3926.0,109.05556,3261.0,90.58334,2.0
1758074519.82359,30515.0,167.62645,32045.0,176.03113,3357.0,93.25,4106.0,114.05556,2.0
1758074519.82435,30364.0,166.79698,32281.0,177.32753,2672.0,74.22222,5067.0,140.75,2.0
1758074519.84142,30254.0,166.19272,32564.0,178.88213,1790.0,49.72222,5987.0,166.30556,2.0
1758074519.84217,30194.0,165.86313,32896.0,180.70589,693.0,19.25,7024.0,195.11111,2.0
1758074519.85779,30187.0,165.82468,33272.0,182.77135,-58.0,-1.61111,7696.0,213.77777,2.0
1758074519.85904,30194.0,165.86313,33676.0,184.99063,-222.0,-6.16667,8128.0,225.77777,2.0
1758074519.8764,30216.0,165.98398,34100.0,187.31975,-613.0,-17.02778,8422.0,233.94444,2.0
1758074519.89185,30266.0,166.25864,34518.0,189.61594,-1242.0,-34.5,8176.0,227.11111,2.0
1758074519.89301,30344.0,166.68712,34925.0,191.85167,-1790.0,-49.72222,7908.0,219.66667,2.0
1758074519.90955,30451.0,167.27489,35313.0,193.98306,-2335.0,-64.86111,7282.0,202.27777,2.0
1758074519.91077,30584.0,168.00549,35669.0,195.93864,-2839.0,-78.86111,6840.0,190.0,2.0
1758074519.92583,30738.0,168.85146,35997.0,197.74045,-3131.0,-86.97222,6197.0,172.13889,2.0
1758074519.94272,30910.0,169.79628,36291.0,199.35547,-3574.0,-99.27778,5512.0,153.11111,2.0
1758074519.94627,31096.0,170.81804,36554.0,200.80019,-3731.0,-103.63889,5019.0,139.41667,2.0
1758074519.96376,31282.0,171.83978,36796.0,202.12955,-3619.0,-100.52778,4640.0,128.88889,2.0
1758074519.96418,31456.0,172.79561,37018.0,203.34906,-3258.0,-90.5,4289.0,119.13889,2.0
1758074519.98191,31608.0,173.63058,37227.0,204.49713,-2777.0,-77.13889,4002.0,111.16666,2.0
1758074519.98268,31734.0,174.32272,37419.0,205.55183,-2257.0,-62.69444,3644.0,101.22222,2.0
1758074519.99793,31832.0,174.86107,37591.0,206.49669,-1684.0,-46.77778,3225.0,89.58334,2.0
1758074519.99944,31900.0,175.2346,37741.0,207.32066,-1104.0,-30.66667,2742.0,76.16666,2.0
1758074520.01573,31943.0,175.47083,37867.0,208.01282,-654.0,-18.16667,2283.0,63.41667,2.0
1758074520.03228,31960.0,175.56421,37967.0,208.56213,-125.0,-3.47222,1769.0,49.13889,2.0
1758074520.03269,31959.0,175.55872,38036.0,208.94119,19.0,0.52778,1079.0,29.97222,2.0
1758074520.04793,31959.0,175.55872,38072.0,209.13895,0.0,0.0,425.0,11.80556,2.0
1758074520.04925,31959.0,175.55872,38076.0,209.16092,0.0,0.0,-33.0,-0.91667,2.0
1758074520.06495,31959.0,175.55872,38076.0,209.16092,0.0,0.0,0.0,0.0,2.0
1758074520.08136,31959.0,175.55872,38076.0,209.16092,0.0,0.0,-9.0,-0.25,2.0
1758074520.08181,31959.0,175.55872,38075.0,209.15543,0.0,0.0,-9.0,-0.25,2.0
1758074520.09695,31960.0,175.56421,38075.0,209.15543,-9.0,-0.25,-9.0,-0.25,2.0
1758074520.11377,31965.0,175.59167,38070.0,209.12796,-201.0,-5.58333,-126.0,-3.5,2.0
1758074520.1158,31993.0,175.74548,38054.0,209.04007,-830.0,-23.05556,-527.0,-14.63889,2.0
1758074520.13185,32058.0,176.10254,38008.0,208.78735,-1673.0,-46.47222,-1198.0,-33.27778,2.0
1758074520.13294,32168.0,176.70679,37922.0,208.31494,-2543.0,-70.63889,-2059.0,-57.19444,2.0
1758074520.14843,32320.0,177.54178,37793.0,207.60632,-3276.0,-91.0,-2833.0,-78.69444,2.0
1758074520.1496,32498.0,178.51958,37634.0,206.73289,-3649.0,-101.36111,-3389.0,-94.13889,2.0
1758074520.1658,32686.0,179.55229,37452.0,205.73311,-3721.0,-103.36111,-3698.0,-102.72222,2.0
1758074520.18205,32869.0,180.55756,37262.0,204.68941,-3517.0,-97.69444,-3747.0,-104.08334,2.0
1758074520.1828,33033.0,181.45845,37074.0,203.65668,-2996.0,-83.22222,-3654.0,-101.5,2.0
1758074520.20067,33171.0,182.21654,36889.0,202.64041,-2499.0,-69.41666,-3652.0,-101.44444,2.0
1758074520.20123,33286.0,182.84825,36704.0,201.62416,-2127.0,-59.08333,-3637.0,-101.02778,2.0
1758074520.21704,33384.0,183.38658,36522.0,200.6244,-1815.0,-50.41667,-3612.0,-100.33334,2.0
1758074520.23305,33469.0,183.85352,36340.0,199.62463,-1516.0,-42.11111,-3584.0,-99.55556,2.0
1758074520.23367,33535.0,184.21606,36157.0,198.61935,-1092.0,-30.33333,-3630.0,-100.83334,2.0
1758074520.24913,33575.0,184.43579,35961.0,197.54268,-585.0,-16.25,-3980.0,-110.55556,2.0
1758074520.24988,33595.0,184.54565,35742.0,196.33968,-282.0,-7.83333,-4522.0,-125.61111,2.0
1758074520.2651,33604.0,184.59509,35496.0,194.98833,-128.0,-3.55556,-5124.0,-142.33333,2.0
1758074520.28113,33613.0,184.64453,35218.0,193.46121,-230.0,-6.38889,-5685.0,-157.91667,2.0
1758074520.28186,33627.0,184.72144,34904.0,191.73631,-273.0,-7.58333,-6530.0,-181.38889,2.0
1758074520.29709,33640.0,184.79285,34566.0,189.87961,-227.0,-6.30556,-6729.0,-186.91667,2.0
1758074520.31308,33642.0,184.80383,34223.0,187.99542,94.0,2.61111,-6868.0,-190.77777,2.0
1758074520.31375,33633.0,184.75439,33872.0,186.06729,214.0,5.94444,-6921.0,-192.25,2.0
1758074520.32913,33614.0,184.65002,33529.0,184.18311,559.0,15.52778,-6596.0,-183.22223,2.0
1758074520.3299,33573.0,184.4248,33213.0,182.44725,1004.0,27.88889,-5927.0,-164.63889,2.0
1758074520.34509,33506.0,184.05676,32933.0,180.90913,1637.0,45.47222,-5144.0,-142.88889,2.0
1758074520.36117,33410.0,183.52942,32697.0,179.61272,2081.0,57.80556,-4259.0,-118.30556,2.0
1758074520.36192,33294.0,182.8922,32502.0,178.54155,2384.0,66.22222,-3549.0,-98.58334,2.0
1758074520.37717,33174.0,182.23302,32337.0,177.63516,2287.0,63.52778,-3067.0,-85.19444,2.0
1758074520.39283,33069.0,181.6562,32189.0,176.82214,1824.0,50.66667,-2890.0,-80.27778,2.0
1758074520.39379,32998.0,181.26619,32042.0,176.01465,1057.0,29.36111,-2927.0,-81.30556,2.0
1758074520.40919,32972.0,181.12337,31884.0,175.14671,94.0,2.61111,-3216.0,-89.33334,2.0
1758074520.40995,32989.0,181.21675,31713.0,174.20737,-627.0,-17.41667,-3558.0,-98.83334,2.0
1758074520.42521,33036.0,181.47493,31526.0,173.18013,-1160.0,-32.22222,-3791.0,-105.30556,2.0
1758074520.44127,33115.0,181.90889,31332.0,172.11444,-1852.0,-51.44444,-3858.0,-107.16666,2.0
1758074520.44198,33224.0,182.50768,31139.0,171.05424,-2400.0,-66.66666,-3701.0,-102.80556,2.0
1758074520.45804,33360.0,183.25475,30961.0,170.07645,-2889.0,-80.25,-3324.0,-92.33334,2.0
1758074520.45926,33517.0,184.11719,30806.0,169.22499,-3288.0,-91.33334,-2825.0,-78.47222,2.0
1758074520.47531,33692.0,185.07852,30680.0,168.53285,-3570.0,-99.16666,-2289.0,-63.58333,2.0
1758074520.49124,33881.0,186.11673,30579.0,167.97803,-3834.0,-106.5,-1769.0,-49.13889,2.0
1758074520.49241,34082.0,187.22087,30502.0,167.55504,-4052.0,-112.55556,-1275.0,-35.41667,2.0
1758074520.50727,34292.0,188.37445,30449.0,167.2639,-4255.0,-118.19444,-923.0,-25.63889,2.0
1758074520.51011,34515.0,189.59946,30411.0,167.05516,-4555.0,-126.52778,-641.0,-17.80556,2.0
1758074520.52667,34757.0,190.92882,30386.0,166.91783,-4956.0,-137.66667,-365.0,-10.13889,2.0
1758074520.54166,35016.0,192.35158,30378.0,166.87389,-5230.0,-145.27777,-39.0,-1.08333,2.0
1758074520.54362,35287.0,193.84024,30378.0,166.87389,-5401.0,-150.02777,0.0,0.0,2.0
1758074520.55933,35567.0,195.37834,30378.0,166.87389,-5642.0,-156.72223,0.0,0.0,2.0
1758074520.5604,35849.0,196.92744,30379.0,166.87938,-5452.0,-151.44444,16.0,0.44444,2.0
1758074520.57527,36112.0,198.37216,30379.0,166.87938,-5009.0,-139.13889,0.0,0.0,2.0
1758074520.59125,36354.0,199.70154,30379.0,166.87938,-4677.0,-129.91667,0.0,0.0,2.0
1758074520.59205,36583.0,200.95949,30379.0,166.87938,-4397.0,-122.13889,0.0,0.0,2.0
1758074520.60842,36796.0,202.12955,30379.0,166.87938,-4104.0,-114.0,-1.0,-0.02778,2.0
1758074520.60881,36993.0,203.21173,30379.0,166.87938,-3747.0,-104.08334,-4.0,-0.11111,2.0
1758074520.6254,37176.0,204.21698,30379.0,166.87938,-3571.0,-99.19444,0.0,0.0,2.0
1758074520.64132,37350.0,205.17281,30378.0,166.87389,-3337.0,-92.69444,-9.0,-0.25,2.0
1758074520.64261,37517.0,206.09019,30378.0,166.87389,-3231.0,-89.75,-10.0,-0.27778,2.0
1758074520.65732,37678.0,206.97459,30376.0,166.8629,-3142.0,-87.27778,-22.0,-0.61111,2.0
1758074520.67279,37832.0,207.82056,30375.0,166.85741,-2978.0,-82.72222,-82.0,-2.27778,2.0
1758074520.67349,37980.0,208.63354,30366.0,166.80797,-2850.0,-79.16666,-206.0,-5.72222,2.0
1758074520.68932,38121.0,209.40811,30351.0,166.72557,-2741.0,-76.13889,-383.0,-10.63889,2.0
1758074520.69056,38255.0,210.1442,30326.0,166.58824,-2572.0,-71.44444,-643.0,-17.86111,2.0
1758074520.70533,38381.0,210.83635,30285.0,166.36302,-2378.0,-66.05556,-835.0,-23.19444,2.0
1758074520.72144,38492.0,211.44609,30241.0,166.12131,-2048.0,-56.88889,-877.0,-24.36111,2.0
1758074520.7226,38589.0,211.97894,30196.0,165.87411,-1747.0,-48.52778,-930.0,-25.83333,2.0
1758074520.73738,38665.0,212.39642,30146.0,165.59946,-1343.0,-37.30556,-1019.0,-28.30556,2.0
1758074520.74018,38716.0,212.67657,30106.0,165.37971,-741.0,-20.58333,-631.0,-17.52778,2.0
1758074520.75635,38730.0,212.75348,30090.0,165.29182,40.0,1.11111,-133.0,-3.69444,2.0
1758074520.75907,38716.0,212.67657,30091.0,165.29732,446.0,12.38889,34.0,0.94444,2.0
1758074520.77522,38681.0,212.48431,30094.0,165.3138,813.0,22.58333,73.0,2.02778,2.0
1758074520.79141,38630.0,212.20416,30100.0,165.34676,1147.0,31.86111,177.0,4.91667,2.0
1758074520.79253,38559.0,211.81415,30114.0,165.42366,1572.0,43.66667,297.0,8.25,2.0
1758074520.80742,38469.0,211.31975,30134.0,165.53352,1888.0,52.44444,433.0,12.02778,2.0
1758074520.82286,38364.0,210.74297,30161.0,165.68185,2163.0,60.08333,527.0,14.63889,2.0
1758074520.82532,38249.0,210.11124,30184.0,165.8082,2294.0,63.72222,418.0,11.61111,2.0
1758074520.84126,38129.0,209.45206,30205.0,165.92355,2414.0,67.05556,304.0,8.44444,2.0
1758074520.84201,38009.0,208.79285,30214.0,165.97299,2302.0,63.94444,142.0,3.94444,2.0
1758074520.85742,37894.0,208.16113,30221.0,166.01144,2277.0,63.25,140.0,3.88889,2.0
1758074520.85856,37773.0,207.49646,30233.0,166.07736,2527.0,70.19444,321.0,8.91667,2.0
1758074520.87348,37632.0,206.72191,30261.0,166.23117,3000.0,83.33334,725.0,20.13889,2.0
1758074520.88947,37467.0,205.81551,30315.0,166.52782,3499.0,97.19444,1336.0,37.11111,2.0
1758074520.89029,37276.0,204.76631,30402.0,167.00572,3893.0,108.13889,2038.0,56.61111,2.0
1758074520.90544,37076.0,203.66766,30526.0,167.68687,3940.0,109.44444,2743.0,76.19444,2.0
1758074520.92277,36875.0,202.56351,30673.0,168.4944,3953.0,109.80556,2915.0,80.97222,2.0
1758074520.92303,36681.0,201.49782,30801.0,169.19753,3615.0,100.41666,2262.0,62.83333,2.0
1758074520.93877,36519.0,200.60793,30892.0,169.6974,2860.0,79.44444,1324.0,36.77778,2.0
1758074520.93909,36401.0,199.95972,30932.0,169.91714,1934.0,53.72222,363.0,10.08333,2.0
1758074520.95559,36328.0,199.55872,30930.0,169.90616,1085.0,30.13889,-169.0,-4.69444,2.0
1758074520.97148,36293.0,199.36646,30927.0,169.88968,389.0,10.80556,24.0,0.66667,2.0
1758074520.97265,36287.0,199.3335,30928.0,169.89517,0.0,0.0,0.0,0.0,2.0
1758074520.9875,36288.0,199.33899,30928.0,169.89517,0.0,0.0,0.0,0.0,2.0
1758074520.98866,36287.0,199.3335,30929.0,169.90067,0.0,0.0,0.0,0.0,2.0
1758074521.00354,36286.0,199.328,30929.0,169.90067,44.0,1.22222,2.0,0.05556,2.0
1758074521.02056,36280.0,199.29504,30929.0,169.90067,166.0,4.61111,1.0,0.02778,2.0
1758074521.02131,36267.0,199.22363,30930.0,169.90616,328.0,9.11111,0.0,0.0,2.0
1758074521.0366,36243.0,199.0918,30930.0,169.90616,560.0,15.55556,0.0,0.0,2.0
1758074521.03776,36212.0,198.92148,30930.0,169.90616,634.0,17.61111,0.0,0.0,2.0
1758074521.05364,36177.0,198.72922,30930.0,169.90616,707.0,19.63889,0.0,0.0,2.0
1758074521.06963,36138.0,198.51498,30930.0,169.90616,799.0,22.19444,0.0,0.0,2.0
1758074521.07095,36094.0,198.27328,30930.0,169.90616,902.0,25.05556,-2.0,-0.05556,2.0
1758074521.0856,36051.0,198.03708,30930.0,169.90616,830.0,23.05556,-6.0,-0.16667,2.0
1758074521.10171,36008.0,197.80087,30930.0,169.90616,862.0,23.94444,0.0,0.0,2.0
1758074521.10761,35965.0,197.56465,30930.0,169.90616,853.0,23.69444,0.0,0.0,2.0
1758074521.10985,35925.0,197.34492,30930.0,169.90616,731.0,20.30556,-7.0,-0.19444,2.0
1758074521.1264,35889.0,197.14717,30930.0,169.90616,733.0,20.36111,-4.0,-0.11111,2.0
1758074521.13162,35850.0,196.93294,30930.0,169.90616,791.0,21.97222,-4.0,-0.11111,2.0
1758074521.14199,35809.0,196.70772,30930.0,169.90616,835.0,23.19444,0.0,0.0,2.0
1758074521.16175,35763.0,196.45503,30930.0,169.90616,946.0,26.27778,0.0,0.0,2.0
1758074521.16663,35708.0,196.15288,30930.0,169.90616,1209.0,33.58333,0.0,0.0,2.0
1758074521.18162,35643.0,195.79582,30930.0,169.90616,1363.0,37.86111,0.0,0.0,2.0
1758074521.18323,35566.0,195.37285,30930.0,169.90616,1627.0,45.19444,0.0,0.0,2.0
1758074521.2016,35480.0,194.90044,30930.0,169.90616,1810.0,50.27778,0.0,0.0,2.0
1758074521.20373,35384.0,194.37308,30930.0,169.90616,1955.0,54.30556,-6.0,-0.16667,2.0
1758074521.21863,35280.0,193.80179,30930.0,169.90616,2085.0,57.91667,0.0,0.0,2.0
1758074521.21946,35170.0,193.19753,30929.0,169.90067,2228.0,61.88889,0.0,0.0,2.0
1758074521.23558,35057.0,192.5768,30929.0,169.90067,2251.0,62.52778,0.0,0.0,2.0
1758074521.25172,34941.0,191.93956,30929.0,169.90067,2339.0,64.97222,0.0,0.0,2.0
1758074521.25248,34822.0,191.28587,30929.0,169.90067,2365.0,65.69444,-4.0,-0.11111,2.0
1758074521.26767,34699.0,190.61021,30929.0,169.90067,2469.0,68.58334,0.0,0.0,2.0
1758074521.26891,34572.0,189.91257,30929.0,169.90067,2584.0,71.77778,0.0,0.0,2.0
1758074521.28373,34438.0,189.17648,30929.0,169.90067,2706.0,75.16666,0.0,0.0,2.0
1758074521.29976,34297.0,188.40192,30929.0,169.90067,2829.0,78.58334,0.0,0.0,2.0
1758074521.30084,34151.0,187.5999,30929.0,169.90067,2928.0,81.33334,0.0,0.0,2.0
1758074521.31572,33998.0,186.75945,30929.0,169.90067,3087.0,85.75,0.0,0.0,2.0
1758074521.3317,33838.0,185.88052,30929.0,169.90067,3224.0,89.55556,0.0,0.0,2.0
1758074521.33243,33668.0,184.94669,30929.0,169.90067,3452.0,95.88889,0.0,0.0,2.0
1758074521.34889,33485.0,183.94141,30929.0,169.90067,3712.0,103.11111,0.0,0.0,2.0
1758074521.34924,33297.0,182.90868,30929.0,169.90067,3688.0,102.44444,0.0,0.0,2.0
1758074521.36476,33117.0,181.91988,30929.0,169.90067,3441.0,95.58334,-9.0,-0.25,2.0
1758074521.3808,32959.0,181.05196,30928.0,169.89517,2867.0,79.63889,-29.0,-0.80556,2.0
1758074521.38157,32829.0,180.33783,30927.0,169.88968,2361.0,65.58334,-21.0,-0.58333,2.0
1758074521.39675,32726.0,179.77203,30926.0,169.88419,1824.0,50.66667,0.0,0.0,2.0
1758074521.39879,32647.0,179.33806,30926.0,169.88419,1319.0,36.63889,2.0,0.05556,2.0
1758074521.41473,32589.0,179.01945,30926.0,169.88419,1025.0,28.47222,8.0,0.22222,2.0
1758074521.43077,32543.0,178.76677,30927.0,169.88968,891.0,24.75,6.0,0.16667,2.0
1758074521.43202,32496.0,178.50859,30928.0,169.89517,1022.0,28.38889,21.0,0.58333,2.0
1758074521.44681,32432.0,178.15701,30932.0,169.91714,1440.0,40.0,150.0,4.16667,2.0
1758074521.44917,32345.0,177.67911,30950.0,170.01602,1916.0,53.22222,523.0,14.52778,2.0
1758074521.46479,32233.0,177.06386,30989.0,170.23026,2451.0,68.08334,980.0,27.22222,2.0
1758074521.48081,32095.0,176.30579,31053.0,170.58183,2934.0,81.5,1548.0,43.0,2.0
1758074521.48166,31932.0,175.41039,31145.0,171.0872,3389.0,94.13889,2030.0,56.38889,2.0
1758074521.4968,31755.0,174.43808,31262.0,171.72992,3594.0,99.83334,2450.0,68.05556,2.0
1758074521.49965,31571.0,173.42734,31396.0,172.466,3620.0,100.55556,2745.0,76.25,2.0
1758074521.51667,31390.0,172.43304,31541.0,173.26253,3541.0,98.36111,2933.0,81.47222,2.0
1758074521.52539,31215.0,171.47174,31695.0,174.10849,3373.0,93.69444,3155.0,87.63889,2.0
1758074521.54083,31050.0,170.56535,31864.0,175.03685,3150.0,87.5,3475.0,96.52778,2.0
1758074521.5417,30902.0,169.75233,32051.0,176.06409,2755.0,76.52778,3923.0,108.97222,2.0
1758074521.55692,30775.0,169.0547,32269.0,177.26161,2319.0,64.41666,4576.0,127.11111,2.0
1758074521.55839,30676.0,168.51088,32521.0,178.64592,1709.0,47.47222,5315.0,147.63889,2.0
1758074521.57509,30606.0,168.12634,32815.0,180.26093,1021.0,28.36111,6159.0,171.08333,2.0
1758074521.59084,30578.0,167.97253,33151.0,182.10664,196.0,5.44444,7013.0,194.80556,2.0
1758074521.59193,30579.0,167.97803,33522.0,184.14465,-21.0,-0.58333,7561.0,210.02777,2.0
1758074521.60683,30581.0,167.98901,33923.0,186.34746,-94.0,-2.61111,7976.0,221.55556,2.0
1758074521.60917,30592.0,168.04944,34329.0,188.5777,-323.0,-8.97222,7925.0,220.13889,2.0
1758074521.62566,30622.0,168.21423,34718.0,190.71458,-846.0,-23.5,7638.0,212.16667,2.0
1758074521.64191,30679.0,168.52736,35089.0,192.75258,-1275.0,-35.41667,6997.0,194.36111,2.0
1758074521.64304,30757.0,168.95583,35426.0,194.60379,-1746.0,-48.5,6381.0,177.25,2.0
1758074521.65798,30856.0,169.49965,35729.0,196.26826,-2081.0,-57.80556,5667.0,157.41667,2.0
1758074521.65871,30966.0,170.10391,35997.0,197.74045,-2197.0,-61.02778,5019.0,139.41667,2.0
1758074521.67394,31085.0,170.75761,36231.0,199.02588,-2454.0,-68.16666,4269.0,118.58334,2.0
1758074521.68993,31210.0,171.44427,36433.0,200.1355,-2413.0,-67.02778,3781.0,105.02778,2.0
1758074521.69077,31326.0,172.08148,36615.0,201.13527,-2151.0,-59.75,3474.0,96.5,2.0
1758074521.70729,31421.0,172.60333,36787.0,202.08011,-1706.0,-47.38889,3362.0,93.38889,2.0
1758074521.70984,31490.0,172.98238,36953.0,202.99197,-1104.0,-30.66667,3258.0,90.5,2.0
1758074521.72687,31529.0,173.19661,37116.0,203.88739,-570.0,-15.83333,3138.0,87.16666,2.0
1758074521.74198,31545.0,173.2845,37271.0,204.73885,-129.0,-3.58333,2968.0,82.44444,2.0
1758074521.7437,31545.0,173.2845,37412.0,205.51338,18.0,0.5,2613.0,72.58334,2.0
1758074521.75895,31545.0,173.2845,37529.0,206.15611,0.0,0.0,2122.0,58.94444,2.0
1758074521.76101,31545.0,173.2845,37624.0,206.67796,0.0,0.0,1582.0,43.94444,2.0
1758074521.77595,31545.0,173.2845,37691.0,207.04601,0.0,0.0,1123.0,31.19444,2.0
1758074521.79233,31545.0,173.2845,37733.0,207.27672,0.0,0.0,597.0,16.58333,2.0
1758074521.79272,31545.0,173.2845,37748.0,207.35912,0.0,0.0,50.0,1.38889,2.0
1758074521.80797,31545.0,173.2845,37747.0,207.35362,0.0,0.0,0.0,0.0,2.0
1758074521.80916,31545.0,173.2845,37747.0,207.35362,2.0,0.05556,0.0,0.0,2.0
1758074521.82573,31545.0,173.2845,37747.0,207.35362,0.0,0.0,-6.0,-0.16667,2.0
1758074521.84109,31545.0,173.2845,37747.0,207.35362,0.0,0.0,-9.0,-0.25,2.0
1758074521.84185,31545.0,173.2845,37747.0,207.35362,0.0,0.0,0.0,0.0,2.0
1758074521.85708,31545.0,173.2845,37747.0,207.35362,-3.0,-0.08333,0.0,0.0,2.0
1758074521.85827,31552.0,173.32297,37744.0,207.33714,-225.0,-6.25,-26.0,-0.72222,2.0
1758074521.8741,31577.0,173.4603,37739.0,207.30968,-721.0,-20.02778,-182.0,-5.05556,2.0
1758074521.89106,31633.0,173.76791,37718.0,207.19432,-1434.0,-39.83333,-582.0,-16.16667,2.0
1758074521.89223,31732.0,174.31174,37672.0,206.94164,-2293.0,-63.69444,-1134.0,-31.5,2.0
1758074521.90716,31871.0,175.0753,37598.0,206.53514,-3069.0,-85.25,-1693.0,-47.02778,2.0
1758074521.90831,32044.0,176.02563,37497.0,205.9803,-3635.0,-100.97222,-2185.0,-60.69444,2.0
1758074521.92409,32236.0,177.08034,37374.0,205.30464,-3864.0,-107.33334,-2552.0,-70.88889,2.0
1758074521.94112,32428.0,178.13504,37238.0,204.55756,-3712.0,-103.11111,-2728.0,-75.77778,2.0
1758074521.9419,32607.0,179.11833,37096.0,203.77753,-3389.0,-94.13889,-2821.0,-78.36111,2.0
1758074521.9571,32768.0,180.00275,36948.0,202.96451,-2996.0,-83.22222,-2910.0,-80.83334,2.0
1758074521.95866,32908.0,180.7718,36799.0,202.14603,-2586.0,-71.83334,-2969.0,-82.47222,2.0
1758074521.97411,33029.0,181.43648,36645.0,201.30006,-2240.0,-62.22222,-3050.0,-84.72222,2.0
1758074521.99014,33137.0,182.02974,36487.0,200.43214,-2106.0,-58.5,-3207.0,-89.08334,2.0
1758074521.99128,33230.0,182.54063,36320.0,199.51477,-1671.0,-46.41667,-3350.0,-93.05556,2.0
1758074522.00616,33297.0,182.90868,36145.0,198.55344,-1038.0,-28.83333,-3577.0,-99.36111,2.0
1758074522.02324,33331.0,183.09544,35950.0,197.48225,-431.0,-11.97222,-4033.0,-112.02778,2.0
1758074522.02381,33343.0,183.16136,35724.0,196.2408,-74.0,-2.05556,-4713.0,-130.91667,2.0
1758074522.04115,33344.0,183.16685,35468.0,194.83452,0.0,0.0,-5244.0,-145.66667,2.0
1758074522.0419,33344.0,183.16685,35186.0,193.28542,0.0,0.0,-5699.0,-158.30556,2.0
1758074522.05844,33343.0,183.16136,34895.0,191.68687,63.0,1.75,-5736.0,-159.33333,2.0
1758074522.05951,33335.0,183.11742,34610.0,190.12131,253.0,7.02778,-5545.0,-154.02777,2.0
1758074522.07597,33313.0,182.99657,34338.0,188.62714,641.0,17.80556,-5202.0,-144.5,2.0
1758074522.09301,33265.0,182.73289,34081.0,187.21538,1209.0,33.58333,-4962.0,-137.83333,2.0
1758074522.0938,33189.0,182.31541,33838.0,185.88052,1684.0,46.77778,-4620.0,-128.33333,2.0
1758074522.10921,33093.0,181.78804,33616.0,184.66101,2029.0,56.36111,-4135.0,-114.86111,2.0
1758074522.11124,32988.0,181.21126,33419.0,183.57886,2088.0,58.0,-3703.0,-102.86111,2.0
1758074522.12626,32889.0,180.66742,33238.0,182.58458,1823.0,50.63889,-3472.0,-96.44444,2.0
1758074522.14344,32812.0,180.24445,33065.0,181.63423,1230.0,34.16667,-3392.0,-94.22222,2.0
1758074522.14742,32774.0,180.03571,32890.0,180.67291,398.0,11.05556,-3542.0,-98.38889,2.0
1758074522.14966,32777.0,180.05219,32704.0,179.65118,-302.0,-8.38889,-3782.0,-105.05556,2.0
1758074522.16715,32808.0,180.22247,32500.0,178.53056,-889.0,-24.69444,-4238.0,-117.72222,2.0
1758074522.17132,32875.0,180.59052,32271.0,177.2726,-1586.0,-44.05556,-4690.0,-130.27777,2.0
1758074522.18968,32971.0,181.11787,32023.0,175.91028,-2149.0,-59.69444,-4925.0,-136.80556,2.0
1758074522.19085,33095.0,181.79903,31777.0,174.55893,-2625.0,-72.91666,-4715.0,-130.97223,2.0
1758074522.20628,33236.0,182.57359,31552.0,173.32297,-2892.0,-80.33334,-4238.0,-117.72222,2.0
1758074522.22653,33386.0,183.39757,31356.0,172.24628,-3045.0,-84.58334,-3535.0,-98.19444,2.0
1758074522.22969,33542.0,184.25452,31200.0,171.38934,-3142.0,-87.27778,-2753.0,-76.47222,2.0
1758074522.23046,33704.0,185.14444,31084.0,170.75212,-3247.0,-90.19444,-1975.0,-54.86111,2.0
1758074522.24635,33876.0,186.08926,31002.0,170.30167,-3511.0,-97.52778,-1335.0,-37.08333,2.0
1758074522.26347,34066.0,187.13298,30946.0,169.99405,-3958.0,-109.94444,-1001.0,-27.80556,2.0
1758074522.2638,34279.0,188.30304,30902.0,169.75233,-4466.0,-124.05556,-739.0,-20.52778,2.0
1758074522.28098,34523.0,189.6434,30871.0,169.58205,-5132.0,-142.55556,-590.0,-16.38889,2.0
1758074522.28172,34804.0,191.187,30839.0,169.40627,-5835.0,-162.08333,-658.0,-18.27778,2.0
1758074522.30129,35117.0,192.90639,30805.0,169.2195,-6381.0,-177.25,-655.0,-18.19444,2.0
1758074522.30412,35451.0,194.74112,30775.0,169.0547,-6778.0,-188.27777,-529.0,-14.69444,2.0
1758074522.32132,35804.0,196.68025,30755.0,168.94484,-7044.0,-195.66667,-324.0,-9.0,2.0
1758074522.32405,36159.0,198.63034,30749.0,168.91188,-6966.0,-193.5,-6.0,-0.16667,2.0
1758074522.3413,36502.0,200.51454,30750.0,168.91737,-6617.0,-183.80556,41.0,1.13889,2.0
1758074522.34529,36824.0,202.28336,30752.0,168.92836,-6159.0,-171.08333,9.0,0.25,2.0
1758074522.36127,37117.0,203.89288,30752.0,168.92836,-5530.0,-153.61111,0.0,0.0,2.0
1758074522.36274,37386.0,205.37056,30752.0,168.92836,-5111.0,-141.97223,0.0,0.0,2.0
1758074522.38067,37634.0,206.73289,30752.0,168.92836,-4720.0,-131.11111,0.0,0.0,2.0
1758074522.38134,37859.0,207.96887,30752.0,168.92836,-4266.0,-118.5,-4.0,-0.11111,2.0
1758074522.39728,38065.0,209.10049,30752.0,168.92836,-3948.0,-109.66666,-8.0,-0.22222,2.0
1758074522.40091,38260.0,210.17166,30750.0,168.91737,-3777.0,-104.91666,-26.0,-0.72222,2.0
1758074522.4163,38449.0,211.20988,30749.0,168.91188,-3687.0,-102.41666,-44.0,-1.22222,2.0
1758074522.43629,38637.0,212.24261,30744.0,168.88441,-3647.0,-101.30556,-167.0,-4.63889,2.0
1758074522.43697,38821.0,213.25339,30727.0,168.79103,-3640.0,-101.11111,-453.0,-12.58333,2.0
1758074522.44133,39003.0,214.25314,30694.0,168.60976,-3569.0,-99.13889,-817.0,-22.69444,2.0
1758074522.45739,39179.0,215.21996,30645.0,168.34058,-3376.0,-93.77778,-1031.0,-28.63889,2.0
1758074522.46055,39346.0,216.13734,30590.0,168.03845,-3189.0,-88.58334,-1149.0,-31.91667,2.0
1758074522.4764,39499.0,216.9778,30526.0,167.68687,-2877.0,-79.91666,-1330.0,-36.94444,2.0
1758074522.49407,39631.0,217.70291,30458.0,167.31334,-2424.0,-67.33334,-1378.0,-38.27778,2.0
1758074522.49481,39742.0,218.31265,30385.0,166.91234,-2029.0,-56.36111,-1494.0,-41.5,2.0
1758074522.51143,39829.0,218.79057,30309.0,166.49486,-1533.0,-42.58333,-1520.0,-42.22222,2.0
1758074522.51222,39897.0,219.16411,30232.0,166.07187,-1155.0,-32.08333,-1529.0,-42.47222,2.0
1758074522.52937,39940.0,219.40031,30153.0,165.63791,-658.0,-18.27778,-1594.0,-44.27778,2.0
1758074522.5298,39957.0,219.4937,30081.0,165.24239,-86.0,-2.38889,-1249.0,-34.69444,2.0
1758074522.5455,39956.0,219.4882,30032.0,164.97322,19.0,0.52778,-784.0,-21.77778,2.0
1758074522.56146,39951.0,219.46074,30011.0,164.85786,180.0,5.0,-107.0,-2.97222,2.0
1758074522.56261,39935.0,219.37285,30017.0,164.89082,423.0,11.75,230.0,6.38889,2.0
1758074522.5785,39899.0,219.17509,30034.0,164.98421,934.0,25.94444,399.0,11.08333,2.0
1758074522.57922,39839.0,218.8455,30062.0,165.13802,1356.0,37.66667,635.0,17.63889,2.0
1758074522.59687,39753.0,218.37308,30101.0,165.35225,1951.0,54.19444,845.0,23.47222,2.0
1758074522.6125,39638.0,217.74136,30152.0,165.63242,2495.0,69.30556,1121.0,31.13889,2.0
1758074522.61372,39497.0,216.96681,30211.0,165.95651,3031.0,84.19444,1144.0,31.77778,2.0
1758074522.63059,39332.0,216.06044,30269.0,166.27512,3416.0,94.88889,1088.0,30.22222,2.0
1758074522.63169,39152.0,215.07164,30318.0,166.5443,3594.0,99.83334,906.0,25.16667,2.0
1758074522.64653,38966.0,214.0499,30359.0,166.76952,3753.0,104.25,706.0,19.61111,2.0
1758074522.66255,38770.0,212.97321,30400.0,166.99474,4009.0,111.36111,929.0,25.80556,2.0
1758074522.66614,38552.0,211.7757,30457.0,167.30785,4575.0,127.08334,1279.0,35.52778,2.0
1758074522.68155,38303.0,210.40788,30532.0,167.71985,5213.0,144.80556,1702.0,47.27778,2.0
1758074522.68352,38021.0,208.8588,30622.0,168.21423,5899.0,163.86111,1759.0,48.86111,2.0
1758074522.69889,37700.0,207.09544,30702.0,168.6537,6678.0,185.5,1420.0,39.44444,2.0
1758074522.69922,37349.0,205.16731,30761.0,168.9778,6868.0,190.77777,951.0,26.41667,2.0
1758074522.71701,37020.0,203.36005,30786.0,169.11513,6219.0,172.75,120.0,3.33333,2.0
1758074522.73367,36721.0,201.71754,30777.0,169.06569,5654.0,157.05556,-252.0,-7.0,2.0
1758074522.73405,36456.0,200.26184,30763.0,168.98878,4946.0,137.38889,-358.0,-9.94444,2.0
1758074522.74969,36228.0,199.0094,30744.0,168.88441,4186.0,116.27778,-396.0,-11.0,2.0
1758074522.75086,36037.0,197.96017,30719.0,168.74709,3510.0,97.5,-585.0,-16.25,2.0
1758074522.76564,35874.0,197.06477,30682.0,168.54384,2942.0,81.72222,-807.0,-22.41667,2.0
1758074522.7816,35739.0,196.3232,30643.0,168.32959,2469.0,68.58334,-736.0,-20.44444,2.0
1758074522.78317,35623.0,195.68596,30608.0,168.13733,2148.0,59.66667,-612.0,-17.0,2.0
1758074522.80033,35521.0,195.12566,30583.0,168.0,1883.0,52.30556,-411.0,-11.41667,2.0
1758074522.80099,35427.0,194.60928,30567.0,167.91211,1828.0,50.77778,-226.0,-6.27778,2.0
1758074522.8166,35335.0,194.10391,30563.0,167.89014,1861.0,51.69444,0.0,0.0,2.0
1758074522.83263,35240.0,193.58206,30563.0,167.89014,1905.0,52.91667,0.0,0.0,2.0
1758074522.83621,35140.0,193.03273,30563.0,167.89014,1990.0,55.27778,0.0,0.0,2.0
1758074522.85162,35035.0,192.45595,30563.0,167.89014,2102.0,58.38889,0.0,0.0,2.0
1758074522.85338,34928.0,191.86815,30563.0,167.89014,2189.0,60.80556,0.0,0.0,2.0
1758074522.86969,34815.0,191.24742,30563.0,167.89014,2280.0,63.33333,0.0,0.0,2.0
1758074522.8708,34695.0,190.58824,30563.0,167.89014,2459.0,68.30556,0.0,0.0,2.0
1758074522.88567,34563.0,189.86313,30565.0,167.90112,2785.0,77.36111,5.0,0.13889,2.0
1758074522.90171,34415.0,189.05011,30565.0,167.90112,3077.0,85.47222,9.0,0.25,2.0
1758074522.90345,34252.0,188.15472,30565.0,167.90112,3347.0,92.97222,0.0,0.0,2.0
1758074522.92011,34077.0,187.19341,30566.0,167.90662,3524.0,97.88889,0.0,0.0,2.0
1758074522.92045,33892.0,186.17715,30566.0,167.90662,3695.0,102.63889,0.0,0.0,2.0
1758074522.9357,33702.0,185.13345,30566.0,167.90662,3804.0,105.66666,5.0,0.13889,2.0
1758074522.95363,33502.0,184.03479,30566.0,167.90662,4058.0,112.72222,16.0,0.44444,2.0
1758074522.95401,33289.0,182.86473,30568.0,167.9176,4399.0,122.19444,46.0,1.27778,2.0
1758074522.96975,33050.0,181.55183,30578.0,167.97253,4980.0,138.33333,320.0,8.88889,2.0
1758074522.97051,32784.0,180.09064,30610.0,168.14832,5450.0,151.38889,950.0,26.38889,2.0
1758074522.98574,32499.0,178.52507,30683.0,168.54933,5714.0,158.72223,1818.0,50.5,2.0
1758074523.00183,32203.0,176.89906,30795.0,169.16457,5915.0,164.30556,2526.0,70.16666,2.0
1758074523.00372,31904.0,175.25658,30936.0,169.93912,5911.0,164.19444,2926.0,81.27778,2.0
1758074523.01874,31612.0,173.65256,31090.0,170.78508,5627.0,156.30556,3115.0,86.52778,2.0
1758074523.01991,31334.0,172.12543,31250.0,171.664,5346.0,148.5,3234.0,89.83334,2.0
1758074523.03552,31076.0,170.70818,31418.0,172.58685,4820.0,133.88889,3372.0,93.66666,2.0
1758074523.05176,30856.0,169.49965,31596.0,173.56467,4000.0,111.11111,3623.0,100.63889,2.0
1758074523.05253,30680.0,168.53285,31791.0,174.63583,3061.0,85.02778,4043.0,112.30556,2.0
1758074523.06855,30550.0,167.81873,32014.0,175.86084,2150.0,59.72222,4742.0,131.72223,2.0
1758074523.06933,30465.0,167.35179,32277.0,177.30556,1246.0,34.61111,5594.0,155.38889,2.0
1758074523.08482,30431.0,167.16502,32586.0,179.00298,261.0,7.25,6503.0,180.63889,2.0
1758074523.10081,30430.0,167.15953,32948.0,180.99153,-16.0,-0.44444,7618.0,211.61111,2.0
1758074523.10166,30432.0,167.17052,33357.0,183.23827,-63.0,-1.75,8411.0,233.63889,2.0
1758074523.11678,30440.0,167.21446,33795.0,185.64432,-229.0,-6.36111,8883.0,246.75,2.0
1758074523.13366,30463.0,167.34081,34246.0,188.12177,-670.0,-18.61111,8839.0,245.52777,2.0
1758074523.13486,30519.0,167.64842,34680.0,190.50583,-1417.0,-39.36111,8424.0,234.0,2.0
1758074523.14983,30609.0,168.14282,35093.0,192.77455,-2061.0,-57.25,7848.0,218.0,2.0
1758074523.151,30733.0,168.82399,35471.0,194.851,-2681.0,-74.47222,7202.0,200.05556,2.0
1758074523.16587,30883.0,169.64796,35818.0,196.75716,-3153.0,-87.58334,6597.0,183.25,2.0
1758074523.18183,31057.0,170.60381,36125.0,198.44357,-3655.0,-101.52778,5647.0,156.86111,2.0
1758074523.18297,31248.0,171.65302,36389.0,199.8938,-3805.0,-105.69444,4944.0,137.33333,2.0
1758074523.19789,31436.0,172.68575,36627.0,201.20119,-3607.0,-100.19444,4529.0,125.80556,2.0
1758074523.1991,31607.0,173.62509,36849.0,202.42068,-3158.0,-87.72222,4219.0,117.19444,2.0
1758074523.21533,31752.0,174.4216,37056.0,203.5578,-2600.0,-72.22222,3980.0,110.55556,2.0
1758074523.23087,31865.0,175.04234,37250.0,204.62349,-1961.0,-54.47222,3708.0,103.0,2.0
1758074523.23169,31945.0,175.48181,37426.0,205.59029,-1340.0,-37.22222,3311.0,91.97222,2.0
1758074523.24687,31994.0,175.75098,37578.0,206.42528,-694.0,-19.27778,2761.0,76.69444,2.0
1758074523.26382,32012.0,175.84985,37699.0,207.08995,-110.0,-3.05556,2116.0,58.77778,2.0
1758074523.26542,32010.0,175.83887,37783.0,207.55139,74.0,2.05556,1329.0,36.91667,2.0
1758074523.2809,32007.0,175.82239,37833.0,207.82605,57.0,1.58333,668.0,18.55556,2.0
1758074523.28174,32004.0,175.80591,37845.0,207.89197,54.0,1.5,-43.0,-1.19444,2.0
1758074523.29686,32001.0,175.78943,37844.0,207.88647,59.0,1.63889,0.0,0.0,2.0
1758074523.31292,31998.0,175.77295,37844.0,207.88647,65.0,1.80556,0.0,0.0,2.0
1758074523.31358,31994.0,175.75098,37844.0,207.88647,70.0,1.94444,0.0,0.0,2.0
1758074523.32893,31992.0,175.73999,37844.0,207.88647,17.0,0.47222,0.0,0.0,2.0
1758074523.32976,31992.0,175.73999,37844.0,207.88647,0.0,0.0,-4.0,-0.11111,2.0
1758074523.34491,31992.0,175.73999,37844.0,207.88647,-8.0,-0.22222,0.0,0.0,2.0
1758074523.36095,31992.0,175.73999,37843.0,207.88098,-9.0,-0.25,0.0,0.0,2.0
1758074523.36182,31992.0,175.73999,37843.0,207.88098,0.0,0.0,-9.0,-0.25,2.0
1758074523.37699,31997.0,175.76746,37838.0,207.85352,-125.0,-3.47222,-150.0,-4.16667,2.0
1758074523.39295,32011.0,175.84436,37821.0,207.76013,-408.0,-11.33333,-512.0,-14.22222,2.0
1758074523.39368,32048.0,176.04761,37779.0,207.52942,-959.0,-26.63889,-1047.0,-29.08333,2.0
1758074523.40896,32115.0,176.41565,37707.0,207.1339,-1533.0,-42.58333,-1768.0,-49.11111,2.0
1758074523.40981,32209.0,176.93202,37597.0,206.52965,-2088.0,-58.0,-2440.0,-67.77778,2.0
1758074523.42492,32326.0,177.57474,37457.0,205.76057,-2450.0,-68.05556,-3001.0,-83.36111,2.0
1758074523.44097,32453.0,178.27238,37294.0,204.86519,-2538.0,-70.5,-3349.0,-93.02778,2.0
1758074523.44176,32579.0,178.96452,37120.0,203.90936,-2378.0,-66.05556,-3483.0,-96.75,2.0
1758074523.45701,32692.0,179.58525,36940.0,202.92056,-2089.0,-58.02778,-3590.0,-99.72222,2.0
1758074523.4727,32786.0,180.10162,36755.0,201.90433,-1650.0,-45.83333,-3664.0,-101.77778,2.0
1758074523.47363,32860.0,180.50812,36571.0,200.89357,-1348.0,-37.44444,-3681.0,-102.25,2.0
1758074523.48898,32921.0,180.84322,36383.0,199.86084,-1078.0,-29.94444,-3703.0,-102.86111,2.0
1758074523.48981,32970.0,181.11238,36192.0,198.81161,-893.0,-24.80556,-3843.0,-106.75,2.0
1758074523.50587,33009.0,181.32661,35991.0,197.70749,-614.0,-17.05556,-4110.0,-114.16666,2.0
1758074523.52196,33027.0,181.42549,35772.0,196.50447,-125.0,-3.47222,-4492.0,-124.77778,2.0
1758074523.52291,33025.0,181.41451,35531.0,195.18059,81.0,2.25,-5003.0,-138.97223,2.0
1758074523.53801,33022.0,181.39803,35261.0,193.69742,47.0,1.30556,-5573.0,-154.80556,2.0
1758074523.53879,33022.0,181.39803,34955.0,192.01649,0.0,0.0,-6409.0,-178.02777,2.0
1758074523.55509,33022.0,181.39803,34606.0,190.09933,0.0,0.0,-7252.0,-201.44444,2.0
1758074523.57116,33022.0,181.39803,34229.0,188.02838,0.0,0.0,-7602.0,-211.16667,2.0
1758074523.57183,33021.0,181.39253,33841.0,185.897,78.0,2.16667,-7656.0,-212.66667,2.0
1758074523.58701,33009.0,181.32661,33462.0,183.81506,380.0,10.55556,-7205.0,-200.13889,2.0
1758074523.60274,32980.0,181.16731,33116.0,181.91438,733.0,20.36111,-6561.0,-182.25,2.0
1758074523.60611,32936.0,180.92561,32808.0,180.22247,1014.0,28.16667,-5711.0,-158.63889,2.0
1758074523.62174,32879.0,180.61249,32545.0,178.77776,1162.0,32.27778,-4802.0,-133.38889,2.0
1758074523.62293,32824.0,180.31036,32318.0,177.53078,952.0,26.44444,-4261.0,-118.36111,2.0
1758074523.63992,32793.0,180.14008,32110.0,176.38818,344.0,9.55556,-4026.0,-111.83334,2.0
1758074523.6404,32796.0,180.15656,31903.0,175.25108,-280.0,-7.77778,-4047.0,-112.41666,2.0
1758074523.65605,32826.0,180.32135,31696.0,174.11398,-902.0,-25.05556,-4188.0,-116.33334,2.0
1758074523.6736,32894.0,180.69489,31481.0,172.93294,-1656.0,-46.0,-4313.0,-119.80556,2.0
1758074523.67603,33001.0,181.28267,31260.0,171.71893,-2510.0,-69.72222,-4385.0,-121.80556,2.0
1758074523.69157,33151.0,182.10664,31043.0,170.5269,-3287.0,-91.30556,-4206.0,-116.83334,2.0
1758074523.69297,33334.0,183.11192,30842.0,169.42274,-3882.0,-107.83334,-3731.0,-103.63889,2.0
1758074523.70995,33546.0,184.27649,30670.0,168.47792,-4431.0,-123.08334,-3171.0,-88.08334,2.0
1758074523.71045,33783.0,185.5784,30527.0,167.69237,-4922.0,-136.72223,-2588.0,-71.88889,2.0
1758074523.72609,34043.0,187.00664,30416.0,167.08263,-5322.0,-147.83333,-1961.0,-54.47222,2.0
1758074523.74182,34319.0,188.52277,30334.0,166.63219,-5601.0,-155.58333,-1312.0,-36.44444,2.0
1758074523.74361,34615.0,190.14877,30282.0,166.34654,-6077.0,-168.80556,-810.0,-22.5,2.0
1758074523.7607,34938.0,191.92308,30255.0,166.19821,-6620.0,-183.88889,-307.0,-8.52778,2.0
1758074523.76155,35283.0,193.81827,30253.0,166.18723,-6932.0,-192.55556,17.0,0.47222,2.0
1758074523.77795,35649.0,195.82878,30253.0,166.18723,-7476.0,-207.66667,0.0,0.0,2.0
1758074523.77879,36037.0,197.96017,30253.0,166.18723,-7589.0,-210.80556,10.0,0.27778,2.0
1758074523.79533,36422.0,200.07507,30254.0,166.19272,-7608.0,-211.33333,25.0,0.69444,2.0
1758074523.81117,36801.0,202.15701,30261.0,166.23117,-7307.0,-202.97223,276.0,7.66667,2.0
1758074523.81232,37148.0,204.06317,30282.0,166.34654,-6564.0,-182.33333,508.0,14.11111,2.0
1758074523.8283,37466.0,205.81001,30311.0,166.50584,-6044.0,-167.88889,615.0,17.08333,2.0
1758074523.8287,37752.0,207.38109,30342.0,166.67613,-5340.0,-148.33333,608.0,16.88889,2.0
1758074523.84663,38003.0,208.75989,30373.0,166.84642,-4656.0,-129.33333,579.0,16.08333,2.0
1758074523.84859,38223.0,209.96841,30399.0,166.98924,-4116.0,-114.33334,424.0,11.77778,2.0
1758074523.86693,38420.0,211.05058,30414.0,167.07164,-3695.0,-102.63889,157.0,4.36111,2.0
1758074523.86938,38596.0,212.0174,30413.0,167.06615,-3324.0,-92.33334,-67.0,-1.86111,2.0
1758074523.88517,38752.0,212.87433,30410.0,167.04967,-2947.0,-81.86111,-60.0,-1.66667,2.0
1758074523.90122,38894.0,213.65439,30407.0,167.03319,-2667.0,-74.08334,-92.0,-2.55556,2.0
1758074523.90329,39024.0,214.3685,30398.0,166.98375,-2456.0,-68.22222,-250.0,-6.94444,2.0
1758074523.92122,39144.0,215.02769,30379.0,166.87938,-2298.0,-63.83333,-432.0,-12.0,2.0
1758074523.92565,39257.0,215.64842,30351.0,166.72557,-2180.0,-60.55556,-638.0,-17.72222,2.0
1758074523.94119,39364.0,216.23622,30309.0,166.49486,-2070.0,-57.5,-1008.0,-28.0,2.0
1758074523.94403,39462.0,216.77455,30249.0,166.16525,-1870.0,-51.94444,-1253.0,-34.80556,2.0
1758074523.96124,39550.0,217.25795,30181.0,165.79172,-1592.0,-44.22222,-1440.0,-40.0,2.0
1758074523.96399,39624.0,217.66446,30104.0,165.36873,-1350.0,-37.5,-1548.0,-43.0,2.0
1758074523.98131,39682.0,217.98306,30022.0,164.91829,-992.0,-27.55556,-1639.0,-45.52778,2.0
1758074523.9828,39725.0,218.21927,29940.0,164.46785,-738.0,-20.5,-1616.0,-44.88889,2.0
1758074524.00002,39754.0,218.37857,29855.0,164.00092,-409.0,-11.36111,-1651.0,-45.86111,2.0
1758074524.00175,39760.0,218.41153,29772.0,163.54498,0.0,0.0,-1668.0,-46.33333,2.0
1758074524.01901,39759.0,218.40604,29697.0,163.13298,12.0,0.33333,-1340.0,-37.22222,2.0
1758074524.02085,39754.0,218.37857,29644.0,162.84184,174.0,4.83333,-833.0,-23.13889,2.0
1758074524.03631,39738.0,218.29068,29621.0,162.71548,409.0,11.36111,-113.0,-3.13889,2.0
1758074524.03942,39708.0,218.12589,29631.0,162.77042,749.0,20.80556,309.0,8.58333,2.0
1758074524.05633,39655.0,217.83475,29654.0,162.89677,1311.0,36.41667,583.0,16.19444,2.0
1758074524.05833,39572.0,217.37881,29690.0,163.09453,1863.0,51.75,783.0,21.75,2.0
1758074524.07536,39461.0,216.76906,29737.0,163.35271,2438.0,67.72222,1018.0,28.27778,2.0
1758074524.09131,39324.0,216.01649,29794.0,163.66583,2889.0,80.25,1128.0,31.33333,2.0
1758074524.09249,39167.0,215.15404,29849.0,163.96796,3212.0,89.22222,1086.0,30.16667,2.0
1758074524.10834,38999.0,214.23117,29900.0,164.24812,3396.0,94.33334,928.0,25.77778,2.0
1758074524.1091,38827.0,213.28635,29941.0,164.47334,3403.0,94.52778,708.0,19.66667,2.0
1758074524.12517,38651.0,212.31952,29972.0,164.64363,3512.0,97.55556,627.0,17.41667,2.0
1758074524.14137,38463.0,211.28679,30013.0,164.86885,3854.0,107.05556,912.0,25.33333,2.0
1758074524.14265,38252.0,210.12772,30069.0,165.17647,4377.0,121.58334,1289.0,35.80556,2.0
1758074524.15734,38013.0,208.81482,30149.0,165.61594,4993.0,138.69444,1786.0,49.61111,2.0
1758074524.15862,37742.0,207.32616,30244.0,166.13779,5675.0,157.63889,1909.0,53.02778,2.0
1758074524.17633,37442.0,205.67818,30335.0,166.63768,5923.0,164.52777,1647.0,45.75,2.0
1758074524.17769,37158.0,204.1181,30403.0,167.01122,5337.0,148.25,1006.0,27.94444,2.0
1758074524.19342,36910.0,202.75577,30428.0,167.14854,4614.0,128.16667,79.0,2.19444,2.0
1758074524.2102,36696.0,201.58022,30420.0,167.1046,3910.0,108.61111,-165.0,-4.58333,2.0
1758074524.21101,36520.0,200.61342,30414.0,167.07164,3144.0,87.33334,-106.0,-2.94444,2.0
1758074524.22642,36382.0,199.85535,30410.0,167.04967,2451.0,68.08334,-67.0,-1.86111,2.0
1758074524.22768,36273.0,199.25659,30409.0,167.04417,1917.0,53.25,0.0,0.0,2.0
1758074524.24509,36186.0,198.77866,30409.0,167.04417,1548.0,43.0,0.0,0.0,2.0
1758074524.26122,36115.0,198.38864,30410.0,167.04967,1355.0,37.63889,0.0,0.0,2.0
1758074524.262,36049.0,198.02609,30410.0,167.04967,1245.0,34.58333,0.0,0.0,2.0
1758074524.27936,35984.0,197.66904,30411.0,167.05516,1302.0,36.16667,0.0,0.0,2.0
1758074524.27972,35915.0,197.28999,30411.0,167.05516,1382.0,38.38889,0.0,0.0,2.0
1758074524.29641,35839.0,196.87251,30411.0,167.05516,1586.0,44.05556,0.0,0.0,2.0
1758074524.29851,35755.0,196.41109,30412.0,167.06065,1718.0,47.72222,0.0,0.0,2.0
1758074524.31682,35662.0,195.90019,30412.0,167.06065,1860.0,51.66667,0.0,0.0,2.0
1758074524.31766,35563.0,195.35637,30412.0,167.06065,1995.0,55.41667,0.0,0.0,2.0
1758074524.33342,35463.0,194.80705,30412.0,167.06065,2013.0,55.91667,0.0,0.0,2.0
1758074524.34949,35362.0,194.25223,30411.0,167.05516,1954.0,54.27778,-11.0,-0.30556,2.0
1758074524.35029,35266.0,193.72488,30411.0,167.05516,1824.0,50.66667,-9.0,-0.25,2.0
1758074524.36625,35177.0,193.23598,30411.0,167.05516,1688.0,46.88889,-9.0,-0.25,2.0
1758074524.36779,35099.0,192.80751,30411.0,167.05516,1470.0,40.83333,-9.0,-0.25,2.0
1758074524.38346,35030.0,192.42848,30411.0,167.05516,1308.0,36.33333,0.0,0.0,2.0
1758074524.40061,34966.0,192.07692,30411.0,167.05516,1314.0,36.5,0.0,0.0,2.0
1758074524.401,34893.0,191.67589,30411.0,167.05516,1543.0,42.86111,0.0,0.0,2.0
1758074524.41647,34803.0,191.1815,30411.0,167.05516,2007.0,55.75,1.0,0.02778,2.0
1758074524.41861,34687.0,190.54428,30411.0,167.05516,2523.0,70.08334,0.0,0.0,2.0
1758074524.43594,34544.0,189.75876,30411.0,167.05516,3064.0,85.11111,0.0,0.0,2.0
1758074524.45151,34373.0,188.8194,30411.0,167.05516,3564.0,99.0,0.0,0.0,2.0
1758074524.45364,34181.0,187.76471,30412.0,167.06065,3911.0,108.63889,0.0,0.0,2.0
1758074524.47081,33973.0,186.62212,30412.0,167.06065,4223.0,117.30556,0.0,0.0,2.0
1758074524.47133,33748.0,185.38614,30412.0,167.06065,4637.0,128.80556,6.0,0.16667,2.0
1758074524.48662,33501.0,184.0293,30413.0,167.06615,5097.0,141.58333,53.0,1.47222,2.0
1758074524.49018,33231.0,182.54613,30424.0,167.12657,5526.0,153.5,358.0,9.94444,2.0
1758074524.50562,32937.0,180.93111,30451.0,167.27489,5976.0,166.0,753.0,20.91667,2.0
1758074524.52161,32625.0,179.21721,30505.0,167.57152,6309.0,175.25,1367.0,37.97222,2.0
1758074524.52356,32300.0,177.4319,30596.0,168.07141,6494.0,180.38889,2082.0,57.83333,2.0
1758074524.53864,31963.0,175.58069,30720.0,168.75258,6772.0,188.11111,2664.0,74.0,2.0
1758074524.54096,31624.0,173.71848,30869.0,169.57106,6584.0,182.88889,3110.0,86.38889,2.0
1758074524.55659,31298.0,171.92767,31035.0,170.48294,6290.0,174.72223,3427.0,95.19444,2.0
1758074524.56102,30998.0,170.27969,31215.0,171.47174,5599.0,155.52777,3699.0,102.75,2.0
1758074524.57664,30745.0,168.88991,31413.0,172.55939,4574.0,127.05556,4007.0,111.30556,2.0
1758074524.58101,30549.0,167.81323,31628.0,173.74045,3324.0,92.33334,4494.0,124.83334,2.0
1758074524.59659,30415.0,167.07713,31877.0,175.10826,2132.0,59.22222,5237.0,145.47223,2.0
1758074524.60113,30339.0,166.65965,32169.0,176.71228,960.0,26.66667,6227.0,172.97223,2.0
1758074524.61661,30323.0,166.57176,32514.0,178.60747,-56.0,-1.55556,7273.0,202.02777,2.0
1758074524.6214,30324.0,166.57726,32911.0,180.78828,-43.0,-1.19444,8370.0,232.5,2.0
1758074524.63703,30328.0,166.59923,33357.0,183.23827,-134.0,-3.72222,9048.0,251.33333,2.0
1758074524.64137,30342.0,166.67613,33822.0,185.79263,-376.0,-10.44444,9327.0,259.08334,2.0
1758074524.65665,30375.0,166.85741,34296.0,188.39642,-907.0,-25.19444,9097.0,252.69444,2.0
1758074524.66061,30439.0,167.20897,34739.0,190.82994,-1498.0,-41.61111,8644.0,240.11111,2.0
1758074524.67565,30532.0,167.71985,35158.0,193.13161,-2125.0,-59.02778,7972.0,221.44444,2.0
1758074524.69166,30656.0,168.40102,35540.0,195.23003,-2708.0,-75.22222,7307.0,202.97223,2.0
1758074524.69283,30803.0,169.20851,35896.0,197.18562,-3058.0,-84.94444,6795.0,188.75,2.0
1758074524.70769,30969.0,170.12039,36215.0,198.93796,-3448.0,-95.77778,5946.0,165.16667,2.0
1758074524.70881,31148.0,171.10368,36504.0,200.52553,-3530.0,-98.05556,5605.0,155.69444,2.0
1758074524.7237,31322.0,172.05951,36780.0,202.04166,-3323.0,-92.30556,5351.0,148.63889,2.0
1758074524.74051,31477.0,172.91096,37043.0,203.48639,-2873.0,-79.80556,5118.0,142.16667,2.0
1758074524.74178,31606.0,173.6196,37296.0,204.87617,-2310.0,-64.16666,4894.0,135.94444,2.0
1758074524.75674,31709.0,174.18539,37535.0,206.18907,-1811.0,-50.30556,4574.0,127.05556,2.0
1758074524.77463,31785.0,174.60287,37756.0,207.40306,-1291.0,-35.86111,4094.0,113.72222,2.0
1758074524.77475,31839.0,174.89952,37948.0,208.45776,-907.0,-25.19444,3542.0,98.38889,2.0
1758074524.78979,31874.0,175.09178,38106.0,209.32571,-542.0,-15.05556,2836.0,78.77778,2.0
1758074524.79115,31894.0,175.20164,38225.0,209.9794,-330.0,-9.16667,1982.0,55.05556,2.0
1758074524.80579,31906.0,175.26756,38297.0,210.37492,-203.0,-5.63889,1012.0,28.11111,2.0
1758074524.82186,31916.0,175.32249,38324.0,210.52324,-179.0,-4.97222,118.0,3.27778,2.0
1758074524.82287,31919.0,175.33897,38321.0,210.50676,11.0,0.30556,-18.0,-0.5,2.0
1758074524.83783,31919.0,175.33897,38321.0,210.50676,0.0,0.0,0.0,0.0,2.0
1758074524.83895,31919.0,175.33897,38321.0,210.50676,0.0,0.0,-8.0,-0.22222,2.0
1758074524.85386,31919.0,175.33897,38320.0,210.50127,0.0,0.0,-14.0,-0.38889,2.0
1758074524.87141,31919.0,175.33897,38319.0,210.49577,-11.0,-0.30556,-37.0,-1.02778,2.0
1758074524.87214,31921.0,175.34996,38314.0,210.46831,-44.0,-1.22222,-107.0,-2.97222,2.0
1758074524.88785,31925.0,175.37193,38305.0,210.41887,-112.0,-3.11111,-222.0,-6.16667,2.0
1758074524.88898,31935.0,175.42686,38290.0,210.33647,-274.0,-7.61111,-421.0,-11.69444,2.0
1758074524.90383,31951.0,175.51477,38260.0,210.17166,-323.0,-8.97222,-769.0,-21.36111,2.0
1758074524.91985,31978.0,175.66309,38204.0,209.86404,-674.0,-18.72222,-1376.0,-38.22222,2.0
1758074524.92098,32028.0,175.93774,38111.0,209.35318,-1237.0,-34.36111,-2189.0,-60.80556,2.0
1758074524.93586,32108.0,176.3772,37978.0,208.62256,-1784.0,-49.55556,-2928.0,-81.33334,2.0
1758074524.95184,32212.0,176.9485,37808.0,207.68872,-2223.0,-61.75,-3628.0,-100.77778,2.0
1758074524.953,32330.0,177.59671,37612.0,206.61205,-2391.0,-66.41666,-4023.0,-111.75,2.0
1758074524.96786,32449.0,178.25041,37402.0,205.45845,-2274.0,-63.16667,-4200.0,-116.66666,2.0
1758074524.96988,32555.0,178.83269,37190.0,204.29388,-1927.0,-53.52778,-4197.0,-116.58334,2.0
1758074524.98483,32640.0,179.29961,36981.0,203.14578,-1453.0,-40.36111,-4117.0,-114.36111,2.0
1758074525.00086,32700.0,179.6292,36770.0,201.98672,-979.0,-27.19444,-4086.0,-113.5,2.0
1758074525.00172,32736.0,179.82697,36565.0,200.86061,-527.0,-14.63889,-4085.0,-113.47222,2.0
1758074525.01684,32753.0,179.92035,36355.0,199.70703,-188.0,-5.22222,-4158.0,-115.5,2.0
1758074525.01846,32753.0,179.92035,36140.0,198.52597,112.0,3.11111,-4287.0,-119.08334,2.0
1758074525.03403,32750.0,179.90387,35913.0,197.27901,-43.0,-1.19444,-4661.0,-129.47223,2.0
1758074525.04996,32751.0,179.90936,35661.0,195.8947,36.0,1.0,-5217.0,-144.91667,2.0
1758074525.05072,32750.0,179.90387,35382.0,194.36209,11.0,0.30556,-5720.0,-158.88889,2.0
1758074525.06595,32750.0,179.90387,35079.0,192.69765,10.0,0.27778,-6234.0,-173.16667,2.0
1758074525.0819,32750.0,179.90387,34744.0,190.85741,0.0,0.0,-6911.0,-191.97223,2.0
1758074525.0839,32750.0,179.90387,34371.0,188.80841,-18.0,-0.5,-7687.0,-213.52777,2.0
1758074525.09896,32754.0,179.92584,33960.0,186.5507,-90.0,-2.5,-8489.0,-235.80556,2.0
1758074525.10012,32764.0,179.98077,33523.0,184.15015,-304.0,-8.44444,-8526.0,-236.83333,2.0
1758074525.11575,32786.0,180.10162,33108.0,181.87044,-429.0,-11.91667,-8012.0,-222.55556,2.0
1758074525.13236,32807.0,180.21698,32717.0,179.7226,-352.0,-9.77778,-7417.0,-206.02777,2.0
1758074525.1347,32823.0,180.30487,32359.0,177.75601,-254.0,-7.05556,-6893.0,-191.47223,2.0
1758074525.14994,32835.0,180.37079,32020.0,175.8938,-270.0,-7.5,-6492.0,-180.33333,2.0
1758074525.15119,32851.0,180.45868,31704.0,174.15793,-385.0,-10.69444,-5993.0,-166.47223,2.0
1758074525.16597,32879.0,180.61249,31416.0,172.57587,-658.0,-18.27778,-5520.0,-153.33333,2.0
1758074525.18203,32925.0,180.86519,31148.0,171.10368,-1112.0,-30.88889,-5061.0,-140.58333,2.0
1758074525.18317,33000.0,181.27718,30906.0,169.77431,-1777.0,-49.36111,-4545.0,-126.25,2.0
1758074525.1996,33108.0,181.87044,30692.0,168.59877,-2423.0,-67.30556,-3983.0,-110.63889,2.0
1758074525.20162,33250.0,182.6505,30503.0,167.56053,-3088.0,-85.77778,-3496.0,-97.11111,2.0
1758074525.21702,33425.0,183.61182,30339.0,166.65965,-3746.0,-104.05556,-2979.0,-82.75,2.0
1758074525.21946,33635.0,184.76538,30206.0,165.92905,-4451.0,-123.63889,-2379.0,-66.08334,2.0
1758074525.2358,33879.0,186.10574,30102.0,165.35774,-5091.0,-141.41667,-1731.0,-48.08333,2.0
1758074525.25207,34153.0,187.61089,30034.0,164.98421,-5603.0,-155.63889,-1068.0,-29.66667,2.0
1758074525.25282,34450.0,189.2424,30000.0,164.79744,-6102.0,-169.5,-382.0,-10.61111,2.0
1758074525.26887,34776.0,191.03319,30000.0,164.79744,-6692.0,-185.88889,134.0,3.72222,2.0
1758074525.26968,35126.0,192.95583,30004.0,164.81941,-7041.0,-195.58333,48.0,1.33333,2.0
1758074525.28586,35490.0,194.95537,30006.0,164.8304,-7307.0,-202.97223,22.0,0.61111,2.0
1758074525.30204,35866.0,197.02083,30007.0,164.83589,-7488.0,-208.0,42.0,1.16667,2.0
1758074525.30286,36227.0,199.00391,30019.0,164.90181,-6849.0,-190.25,490.0,13.61111,2.0
1758074525.31963,36563.0,200.84962,30055.0,165.09956,-6464.0,-179.55556,814.0,22.61111,2.0
1758074525.32089,36874.0,202.55801,30106.0,165.37971,-5897.0,-163.80556,1104.0,30.66667,2.0
1758074525.33609,37159.0,204.1236,30170.0,165.73129,-5437.0,-151.02777,1319.0,36.63889,2.0
1758074525.35322,37425.0,205.58479,30236.0,166.09384,-5153.0,-143.13889,1271.0,35.30556,2.0
1758074525.35358,37676.0,206.96361,30296.0,166.42345,-4843.0,-134.52777,1155.0,32.08333,2.0
1758074525.36914,37910.0,208.24902,30346.0,166.6981,-4497.0,-124.91666,842.0,23.38889,2.0
1758074525.36987,38130.0,209.45755,30380.0,166.88487,-4248.0,-118.0,519.0,14.41667,2.0
1758074525.38508,38338.0,210.60014,30398.0,166.98375,-4006.0,-111.27778,175.0,4.86111,2.0
1758074525.40107,38531.0,211.66034,30399.0,166.98924,-3671.0,-101.97222,-44.0,-1.22222,2.0
1758074525.4019,38705.0,212.61615,30398.0,166.98375,-3284.0,-91.22222,-9.0,-0.25,2.0
1758074525.4171,38860.0,213.46762,30397.0,166.97826,-2915.0,-80.97222,-15.0,-0.41667,2.0
1758074525.41837,38997.0,214.22018,30395.0,166.96727,-2577.0,-71.58334,-49.0,-1.36111,2.0
1758074525.43606,39118.0,214.88487,30391.0,166.9453,-2254.0,-62.61111,-100.0,-2.77778,2.0
1758074525.45113,39224.0,215.46715,30385.0,166.91234,-2017.0,-56.02778,-142.0,-3.94444,2.0
1758074525.45191,39318.0,215.98354,30375.0,166.85741,-1764.0,-49.0,-252.0,-7.0,2.0
1758074525.46874,39403.0,216.45045,30356.0,166.75304,-1563.0,-43.41667,-449.0,-12.47222,2.0
1758074525.47001,39480.0,216.87343,30321.0,166.56078,-1487.0,-41.30556,-852.0,-23.66667,2.0
1758074525.48614,39550.0,217.25795,30268.0,166.26962,-1272.0,-35.33333,-1199.0,-33.30556,2.0
1758074525.5033,39612.0,217.59854,30202.0,165.90707,-1160.0,-32.22222,-1402.0,-38.94444,2.0
1758074525.50734,39662.0,217.8732,30122.0,165.46761,-851.0,-23.63889,-1622.0,-45.05556,2.0
1758074525.52649,39690.0,218.02701,30046.0,165.05013,-301.0,-8.36111,-1424.0,-39.55556,2.0
1758074525.52691,39689.0,218.02151,29985.0,164.71504,119.0,3.30556,-958.0,-26.61111,2.0
1758074525.5297,39676.0,217.9501,29955.0,164.55025,345.0,9.58333,-367.0,-10.19444,2.0
1758074525.54522,39645.0,217.77982,29953.0,164.53926,794.0,22.05556,107.0,2.97222,2.0
1758074525.56122,39593.0,217.49417,29961.0,164.58321,1202.0,33.38889,185.0,5.13889,2.0
1758074525.56201,39522.0,217.10414,29976.0,164.6656,1598.0,44.38889,394.0,10.94444,2.0
1758074525.57801,39428.0,216.58778,30001.0,164.80293,2013.0,55.91667,609.0,16.91667,2.0
1758074525.58118,39315.0,215.96706,30033.0,164.97871,2355.0,65.41666,641.0,17.80556,2.0
1758074525.59622,39186.0,215.25841,30065.0,165.1545,2671.0,74.19444,613.0,17.02778,2.0
1758074525.61338,39048.0,214.50035,30091.0,165.29732,2778.0,77.16666,430.0,11.94444,2.0
1758074525.61377,38907.0,213.7258,30111.0,165.40718,2802.0,77.83334,345.0,9.58333,2.0
1758074525.63009,38760.0,212.91827,30133.0,165.52803,3027.0,84.08334,488.0,13.55556,2.0
1758074525.63084,38593.0,212.00092,30171.0,165.73679,3540.0,98.33334,911.0,25.30556,2.0
1758074525.6463,38397.0,210.92424,30228.0,166.0499,4128.0,114.66666,1323.0,36.75,2.0
1758074525.66658,38166.0,209.6553,30311.0,166.50584,4853.0,134.80556,1937.0,53.80556,2.0
1758074525.66699,37901.0,208.19958,30417.0,167.08812,5558.0,154.38889,2108.0,58.55556,2.0
1758074525.68316,37609.0,206.59557,30516.0,167.63194,5824.0,161.77777,1780.0,49.44444,2.0
1758074525.68648,37328.0,205.05196,30588.0,168.02747,5264.0,146.22223,1024.0,28.44444,2.0
1758074525.70663,37083.0,203.70612,30613.0,168.16479,4481.0,124.47222,70.0,1.94444,2.0
1758074525.70705,36876.0,202.569,30603.0,168.10986,3766.0,104.61111,-264.0,-7.33333,2.0
1758074525.7098,36705.0,201.62965,30588.0,168.02747,3061.0,85.02778,-307.0,-8.52778,2.0
1758074525.72617,36571.0,200.89357,30568.0,167.9176,2349.0,65.25,-431.0,-11.97222,2.0
1758074525.74231,36466.0,200.31677,30547.0,167.80225,1853.0,51.47222,-371.0,-10.30556,2.0
1758074525.74308,36385.0,199.87183,30535.0,167.73633,1487.0,41.30556,-169.0,-4.69444,2.0
1758074525.75833,36316.0,199.4928,30533.0,167.72534,1274.0,35.38889,40.0,1.11111,2.0
1758074525.75959,36254.0,199.15222,30533.0,167.72534,1229.0,34.13889,0.0,0.0,2.0
1758074525.77629,36190.0,198.80063,30535.0,167.73633,1281.0,35.58333,5.0,0.13889,2.0
1758074525.79134,36119.0,198.41061,30535.0,167.73633,1482.0,41.16667,0.0,0.0,2.0
1758074525.7925,36037.0,197.96017,30535.0,167.73633,1730.0,48.05556,0.0,0.0,2.0
1758074525.8093,35940.0,197.42732,30535.0,167.73633,2048.0,56.88889,0.0,0.0,2.0
1758074525.8102,35828.0,196.81209,30535.0,167.73633,2330.0,64.72222,0.0,0.0,2.0
1758074525.82641,35702.0,196.11992,30535.0,167.73633,2595.0,72.08334,0.0,0.0,2.0
1758074525.84434,35565.0,195.36736,30535.0,167.73633,2775.0,77.08334,0.0,0.0,2.0
1758074525.84602,35425.0,194.5983,30535.0,167.73633,2801.0,77.80556,0.0,0.0,2.0
1758074525.86142,35284.0,193.82376,30535.0,167.73633,2735.0,75.97222,-11.0,-0.30556,2.0
1758074525.86223,35149.0,193.08217,30535.0,167.73633,2559.0,71.08334,-11.0,-0.30556,2.0
1758074525.87824,35028.0,192.4175,30535.0,167.73633,2274.0,63.16667,-12.0,-0.33333,2.0
1758074525.88061,34923.0,191.84068,30535.0,167.73633,1954.0,54.27778,-6.0,-0.16667,2.0
1758074525.89648,34833.0,191.3463,30533.0,167.72534,1667.0,46.30556,0.0,0.0,2.0
1758074525.91248,34752.0,190.90135,30533.0,167.72534,1558.0,43.27778,0.0,0.0,2.0
1758074525.9137,34669.0,190.4454,30533.0,167.72534,1748.0,48.55556,0.0,0.0,2.0
1758074525.92929,34574.0,189.92355,30535.0,167.73633,2018.0,56.05556,9.0,0.25,2.0
1758074525.93049,34463.0,189.31381,30535.0,167.73633,2338.0,64.94444,5.0,0.13889,2.0
1758074525.94626,34332.0,188.59418,30535.0,167.73633,2732.0,75.88889,0.0,0.0,2.0
1758074525.96676,34184.0,187.78119,30535.0,167.73633,3029.0,84.13889,0.0,0.0,2.0
1758074525.96901,34026.0,186.91325,30535.0,167.73633,3246.0,90.16666,0.0,0.0,2.0
1758074525.97113,33854.0,185.96841,30535.0,167.73633,3520.0,97.77778,4.0,0.11111,2.0
1758074525.98649,33663.0,184.91919,30535.0,167.73633,3986.0,110.72222,11.0,0.30556,2.0
1758074526.00594,33444.0,183.71619,30537.0,167.74731,4513.0,125.36111,51.0,1.41667,2.0
1758074526.0064,33200.0,182.37584,30547.0,167.80225,5054.0,140.38889,352.0,9.77778,2.0
1758074526.02344,32931.0,180.89815,30580.0,167.98352,5486.0,152.38889,895.0,24.86111,2.0
1758074526.02409,32643.0,179.31609,30643.0,168.32959,5844.0,162.33333,1549.0,43.02778,2.0
1758074526.04139,32341.0,177.65714,30742.0,168.87343,6089.0,169.13889,2197.0,61.02778,2.0
1758074526.04252,32026.0,175.92676,30871.0,169.58205,6287.0,174.63889,2775.0,77.08334,2.0
1758074526.06133,31707.0,174.17441,31025.0,170.42801,6221.0,172.80556,3221.0,89.47222,2.0
1758074526.06217,31403.0,172.50446,31196.0,171.36737,5856.0,162.66667,3520.0,97.77778,2.0
1758074526.07768,31121.0,170.95537,31384.0,172.40009,5261.0,146.13889,3826.0,106.27778,2.0
1758074526.07963,30880.0,169.63148,31587.0,173.51523,4355.0,120.97222,4187.0,116.30556,2.0
1758074526.13857,30690.0,168.58778,31814.0,174.76219,3259.0,90.52778,4692.0,130.33333,2.0
1758074526.13939,30559.0,167.86816,32072.0,176.17944,2062.0,57.27778,5427.0,150.75,2.0
1758074526.14201,30487.0,167.47264,32374.0,177.83841,897.0,24.91667,6375.0,177.08333,2.0
1758074526.14281,30476.0,167.41222,32729.0,179.78851,-41.0,-1.13889,7461.0,207.25,2.0
1758074526.1439,30479.0,167.4287,33137.0,182.02974,-121.0,-3.36111,8525.0,236.80556,2.0
1758074526.14463,30491.0,167.49461,33585.0,184.49072,-328.0,-9.11111,9098.0,252.72223,2.0
1758074526.16147,30516.0,167.63194,34056.0,187.07805,-676.0,-18.77778,9460.0,262.77777,2.0
1758074526.16276,30564.0,167.89563,34525.0,189.65439,-1161.0,-32.25,9130.0,253.61111,2.0
1758074526.18052,30638.0,168.30212,34977.0,192.13734,-1785.0,-49.58333,8792.0,244.22223,2.0
1758074526.18089,30745.0,168.88991,35399.0,194.45547,-2372.0,-65.88889,8038.0,223.27777,2.0
1758074526.19663,30883.0,169.64796,35788.0,196.59236,-2919.0,-81.08334,7409.0,205.80556,2.0
1758074526.21263,31040.0,170.51042,36145.0,198.55344,-3235.0,-89.86111,6753.0,187.58333,2.0
1758074526.21342,31204.0,171.41132,36473.0,200.35522,-3228.0,-89.66666,6334.0,175.94444,2.0
1758074526.22863,31362.0,172.27924,36787.0,202.08011,-2982.0,-82.83334,6064.0,168.44444,2.0
1758074526.22945,31511.0,173.09773,37072.0,203.64569,-2931.0,-81.41666,5313.0,147.58333,2.0
1758074526.24585,31655.0,173.88876,37322.0,205.019,-2735.0,-75.97222,4644.0,129.0,2.0
1758074526.26175,31786.0,174.60837,37539.0,206.21104,-2427.0,-67.41666,3989.0,110.80556,2.0
1758074526.26288,31895.0,175.20714,37727.0,207.24376,-1912.0,-53.11111,3467.0,96.30556,2.0
1758074526.27778,31977.0,175.65759,37888.0,208.12817,-1330.0,-36.94444,2969.0,82.47222,2.0
1758074526.27893,32026.0,175.92676,38026.0,208.88626,-680.0,-18.88889,2518.0,69.94444,2.0
1758074526.29475,32042.0,176.01465,38142.0,209.52347,-103.0,-2.86111,2046.0,56.83333,2.0
1758074526.31076,32041.0,176.00916,38230.0,210.00687,31.0,0.86111,1506.0,41.83333,2.0
1758074526.31206,32041.0,176.00916,38287.0,210.31999,0.0,0.0,819.0,22.75,2.0
1758074526.32673,32041.0,176.00916,38313.0,210.46281,0.0,0.0,320.0,8.88889,2.0
1758074526.3436,32040.0,176.00366,38316.0,210.47929,23.0,0.63889,-14.0,-0.38889,2.0
1758074526.34536,32038.0,175.99268,38316.0,210.47929,39.0,1.08333,-6.0,-0.16667,2.0
1758074526.36077,32036.0,175.98169,38316.0,210.47929,32.0,0.88889,0.0,0.0,2.0
1758074526.36162,32035.0,175.9762,38316.0,210.47929,0.0,0.0,-9.0,-0.25,2.0
1758074526.37725,32035.0,175.9762,38316.0,210.47929,0.0,0.0,0.0,0.0,2.0
1758074526.39277,32038.0,175.99268,38313.0,210.46281,-66.0,-1.83333,-50.0,-1.38889,2.0
1758074526.39343,32048.0,176.04761,38304.0,210.41338,-333.0,-9.25,-277.0,-7.69444,2.0
1758074526.40888,32079.0,176.2179,38275.0,210.25407,-837.0,-23.25,-831.0,-23.08333,2.0
1758074526.40957,32136.0,176.53101,38211.0,209.9025,-1351.0,-37.52778,-1632.0,-45.33333,2.0
1758074526.42483,32223.0,177.00893,38105.0,209.32022,-1974.0,-54.83333,-2426.0,-67.38889,2.0
1758074526.44079,32335.0,177.62418,37964.0,208.54565,-2372.0,-65.88889,-3031.0,-84.19444,2.0
1758074526.44161,32461.0,178.31633,37796.0,207.6228,-2537.0,-70.47222,-3508.0,-97.44444,2.0
1758074526.4572,32585.0,178.99748,37611.0,206.60655,-2381.0,-66.13889,-3709.0,-103.02778,2.0
1758074526.47285,32700.0,179.6292,37420.0,205.55733,-2127.0,-59.08333,-3820.0,-106.11111,2.0
1758074526.47345,32796.0,180.15656,37227.0,204.49713,-1712.0,-47.55556,-3804.0,-105.66666,2.0
1758074526.48879,32874.0,180.58502,37035.0,203.44244,-1393.0,-38.69444,-3784.0,-105.11111,2.0
1758074526.4897,32937.0,180.93111,36843.0,202.38773,-1125.0,-31.25,-3747.0,-104.08334,2.0
1758074526.50565,32989.0,181.21675,36651.0,201.33302,-1013.0,-28.13889,-3840.0,-106.66666,2.0
1758074526.52183,33034.0,181.46394,36452.0,200.23987,-760.0,-21.11111,-3988.0,-110.77778,2.0
1758074526.52275,33063.0,181.62325,36243.0,199.0918,-395.0,-10.97222,-4265.0,-118.47222,2.0
1758074526.53785,33073.0,181.67818,36015.0,197.83932,-74.0,-2.05556,-4751.0,-131.97223,2.0
1758074526.53901,33074.0,181.68367,35754.0,196.40559,0.0,0.0,-5463.0,-151.75,2.0
1758074526.55386,33076.0,181.69466,35460.0,194.79057,-67.0,-1.86111,-5969.0,-165.80556,2.0
1758074526.56991,33080.0,181.71663,35145.0,193.0602,-80.0,-2.22222,-6308.0,-175.22223,2.0
1758074526.57101,33081.0,181.72212,34828.0,191.31883,47.0,1.30556,-6227.0,-172.97223,2.0
1758074526.58588,33076.0,181.69466,34516.0,189.60495,143.0,3.97222,-6064.0,-168.44444,2.0
1758074526.60194,33065.0,181.63423,34212.0,187.935,327.0,9.08333,-5930.0,-164.72223,2.0
1758074526.60279,33038.0,181.48592,33917.0,186.31448,631.0,17.52778,-5751.0,-159.75,2.0
1758074526.61796,32994.0,181.24422,33637.0,184.77637,1069.0,29.69444,-5283.0,-146.75,2.0
1758074526.61925,32931.0,180.89815,33387.0,183.40306,1336.0,37.11111,-4677.0,-129.91667,2.0
1758074526.63394,32858.0,180.49713,33163.0,182.17259,1486.0,41.27778,-4177.0,-116.02778,2.0
1758074526.64991,32787.0,180.10712,32965.0,181.08492,1299.0,36.08333,-3713.0,-103.13889,2.0
1758074526.65119,32732.0,179.80499,32787.0,180.10712,887.0,24.63889,-3358.0,-93.27778,2.0
1758074526.66599,32706.0,179.66217,32622.0,179.20073,194.0,5.38889,-3246.0,-90.16666,2.0
1758074526.68169,32715.0,179.71161,32456.0,178.28886,-383.0,-10.63889,-3350.0,-93.05556,2.0
1758074526.68449,32752.0,179.91486,32277.0,177.30556,-965.0,-26.80556,-3679.0,-102.19444,2.0
1758074526.70072,32818.0,180.2774,32077.0,176.20691,-1618.0,-44.94444,-4007.0,-111.30556,2.0
1758074526.70158,32922.0,180.84871,31869.0,175.06432,-2379.0,-66.08334,-4150.0,-115.27778,2.0
1758074526.71698,33063.0,181.62325,31660.0,173.91623,-3068.0,-85.22222,-4031.0,-111.97222,2.0
1758074526.73274,33235.0,182.5681,31465.0,172.84505,-3584.0,-99.55556,-3697.0,-102.69444,2.0
1758074526.73311,33426.0,183.61731,31293.0,171.90021,-3900.0,-108.33334,-3171.0,-88.08334,2.0
1758074526.74896,33631.0,184.74341,31153.0,171.13115,-4130.0,-114.72222,-2438.0,-67.72222,2.0
1758074526.74982,33844.0,185.91348,31049.0,170.55986,-4273.0,-118.69444,-1769.0,-49.13889,2.0
1758074526.76597,34063.0,187.1165,30982.0,170.1918,-4406.0,-122.38889,-1058.0,-29.38889,2.0
1758074526.78155,34289.0,188.35797,30943.0,169.97757,-4542.0,-126.16666,-589.0,-16.36111,2.0
1758074526.78234,34527.0,189.66537,30923.0,169.86771,-4897.0,-136.02777,-253.0,-7.02778,2.0
1758074526.79804,34789.0,191.1046,30915.0,169.82376,-5387.0,-149.63889,-97.0,-2.69444,2.0
1758074526.79919,35074.0,192.67018,30913.0,169.81277,-5779.0,-160.52777,0.0,0.0,2.0
1758074526.81398,35375.0,194.32364,30913.0,169.81277,-6101.0,-169.47223,0.0,0.0,2.0
1758074526.83011,35692.0,196.06499,30913.0,169.81277,-6387.0,-177.41667,0.0,0.0,2.0
1758074526.83124,36009.0,197.80637,30914.0,169.81827,-6067.0,-168.52777,4.0,0.11111,2.0
1758074526.8461,36308.0,199.44885,30914.0,169.81827,-5708.0,-158.55556,4.0,0.11111,2.0
1758074526.86303,36589.0,200.99245,30914.0,169.81827,-5424.0,-150.66667,0.0,0.0,2.0
1758074526.86337,36854.0,202.44815,30914.0,169.81827,-5044.0,-140.11111,0.0,0.0,2.0
1758074526.87947,37099.0,203.79401,30914.0,169.81827,-4681.0,-130.02777,0.0,0.0,2.0
1758074526.87982,37331.0,205.06844,30914.0,169.81827,-4489.0,-124.69444,0.0,0.0,2.0
1758074526.89507,37554.0,206.29344,30914.0,169.81827,-4314.0,-119.83334,0.0,0.0,2.0
1758074526.91114,37766.0,207.45801,30913.0,169.81277,-4065.0,-112.91666,-9.0,-0.25,2.0
1758074526.91228,37968.0,208.56763,30912.0,169.80728,-3932.0,-109.22222,-27.0,-0.75,2.0
1758074526.92905,38165.0,209.64981,30910.0,169.79628,-3877.0,-107.69444,-70.0,-1.94444,2.0
1758074526.92941,38360.0,210.72099,30906.0,169.77431,-3844.0,-106.77778,-63.0,-1.75,2.0
1758074526.94512,38553.0,211.78119,30903.0,169.75783,-3806.0,-105.72222,-80.0,-2.22222,2.0
1758074526.96119,38742.0,212.8194,30895.0,169.71388,-3688.0,-102.44444,-220.0,-6.11111,2.0
1758074526.96193,38926.0,213.83017,30875.0,169.60402,-3570.0,-99.16666,-456.0,-12.66667,2.0
1758074526.97711,39102.0,214.79698,30845.0,169.43922,-3364.0,-93.44444,-743.0,-20.63889,2.0
1758074526.97791,39263.0,215.68138,30800.0,169.19203,-3056.0,-84.88889,-939.0,-26.08333,2.0
1758074526.99393,39406.0,216.46693,30752.0,168.92836,-2596.0,-72.11111,-1009.0,-28.02778,2.0
1758074527.01174,39517.0,217.07668,30707.0,168.68117,-1862.0,-51.72222,-823.0,-22.86111,2.0
1758074527.01216,39582.0,217.43375,30673.0,168.4944,-894.0,-24.83333,-504.0,-14.0,2.0
1758074527.02718,39598.0,217.52164,30664.0,168.44496,46.0,1.27778,0.0,0.0,2.0
1758074527.02829,39593.0,217.49417,30666.0,168.45595,150.0,4.16667,16.0,0.44444,2.0
1758074527.04604,39577.0,217.40628,30667.0,168.46144,422.0,11.72222,13.0,0.36111,2.0
1758074527.06123,39551.0,217.26344,30669.0,168.47243,625.0,17.36111,36.0,1.0,2.0
1758074527.06204,39507.0,217.02174,30672.0,168.48891,1078.0,29.94444,47.0,1.30556,2.0
1758074527.07723,39443.0,216.67018,30674.0,168.49989,1392.0,38.66667,37.0,1.02778,2.0
1758074527.07798,39362.0,216.22523,30677.0,168.51637,1777.0,49.36111,57.0,1.58333,2.0
1758074527.09323,39262.0,215.67589,30680.0,168.53285,2127.0,59.08333,99.0,2.75,2.0
1758074527.11035,39146.0,215.03868,30684.0,168.55482,2381.0,66.13889,0.0,0.0,2.0
1758074527.11074,39019.0,214.34103,30684.0,168.55482,2579.0,71.63889,15.0,0.41667,2.0
1758074527.12621,38882.0,213.58847,30688.0,168.5768,2844.0,79.0,158.0,4.38889,2.0
1758074527.12743,38722.0,212.70953,30704.0,168.66469,3386.0,94.05556,458.0,12.72222,2.0
1758074527.14322,38532.0,211.66583,30739.0,168.85695,4083.0,113.41666,913.0,25.36111,2.0
1758074527.15922,38303.0,210.40788,30805.0,169.2195,4877.0,135.47223,1614.0,44.83333,2.0
1758074527.1617,38034.0,208.93021,30901.0,169.74684,5648.0,156.88889,1960.0,54.44444,2.0
1758074527.18103,37732.0,207.27122,30999.0,170.28519,6059.0,168.30556,1823.0,50.63889,2.0
1758074527.18302,37429.0,205.60677,31073.0,170.6917,5707.0,158.52777,1183.0,32.86111,2.0
1758074527.20125,37164.0,204.15106,31103.0,170.85649,4870.0,135.27777,59.0,1.63889,2.0
1758074527.20407,36941.0,202.92606,31091.0,170.79057,4083.0,113.41666,-319.0,-8.86111,2.0
1758074527.22127,36754.0,201.89883,31071.0,170.68071,3390.0,94.16666,-390.0,-10.83333,2.0
1758074527.22205,36605.0,201.08034,31053.0,170.58183,2650.0,73.61111,-309.0,-8.58333,2.0
1758074527.23906,36488.0,200.43764,31044.0,170.53239,2092.0,58.11111,-100.0,-2.77778,2.0
1758074527.24194,36396.0,199.93225,31043.0,170.5269,1667.0,46.30556,15.0,0.41667,2.0
1758074527.25923,36318.0,199.50378,31043.0,170.5269,1455.0,40.41667,0.0,0.0,2.0
1758074527.26088,36246.0,199.10828,31044.0,170.53239,1449.0,40.25,9.0,0.25,2.0
1758074527.27631,36171.0,198.69626,31044.0,170.53239,1522.0,42.27778,4.0,0.11111,2.0
1758074527.27759,36087.0,198.23483,31045.0,170.53789,1761.0,48.91667,5.0,0.13889,2.0
1758074527.29331,35993.0,197.71848,31045.0,170.53789,1969.0,54.69444,2.0,0.05556,2.0
1758074527.30934,35886.0,197.13069,31046.0,170.54338,2192.0,60.88889,0.0,0.0,2.0
1758074527.31011,35769.0,196.48799,31046.0,170.54338,2387.0,66.30556,0.0,0.0,2.0
1758074527.3253,35643.0,195.79582,31046.0,170.54338,2542.0,70.61111,0.0,0.0,2.0
1758074527.34133,35512.0,195.07622,31046.0,170.54338,2553.0,70.91666,0.0,0.0,2.0
1758074527.34216,35383.0,194.36758,31045.0,170.53789,2498.0,69.38889,-9.0,-0.25,2.0
1758074527.35734,35262.0,193.70291,31045.0,170.53789,2271.0,63.08333,-10.0,-0.27778,2.0
1758074527.35816,35156.0,193.12062,31045.0,170.53789,1948.0,54.11111,-11.0,-0.30556,2.0
1758074527.37342,35068.0,192.63722,31044.0,170.53239,1547.0,42.97222,-12.0,-0.33333,2.0
1758074527.38933,35001.0,192.26918,31044.0,170.53239,1147.0,31.86111,0.0,0.0,2.0
1758074527.39055,34949.0,191.98354,31044.0,170.53239,952.0,26.44444,0.0,0.0,2.0
1758074527.40539,34908.0,191.75829,31044.0,170.53239,742.0,20.61111,4.0,0.11111,2.0
1758074527.42136,34872.0,191.56053,31044.0,170.53239,703.0,19.52778,0.0,0.0,2.0
1758074527.42222,34832.0,191.34081,31044.0,170.53239,898.0,24.94444,0.0,0.0,2.0
1758074527.43738,34775.0,191.02769,31044.0,170.53239,1256.0,34.88889,0.0,0.0,2.0
1758074527.43821,34698.0,190.60472,31045.0,170.53789,1794.0,49.83333,4.0,0.11111,2.0
1758074527.45337,34588.0,190.00046,31045.0,170.53789,2461.0,68.36111,9.0,0.25,2.0
1758074527.46944,34441.0,189.19296,31045.0,170.53789,3208.0,89.11111,0.0,0.0,2.0
1758074527.47056,34260.0,188.19867,31045.0,170.53789,3843.0,106.75,0.0,0.0,2.0
1758074527.48701,34054.0,187.06706,31045.0,170.53789,4235.0,117.63889,0.0,0.0,2.0
1758074527.48898,33833.0,185.85306,31045.0,170.53789,4417.0,122.69444,0.0,0.0,2.0
1758074527.50542,33610.0,184.62805,31045.0,170.53789,4358.0,121.05556,0.0,0.0,2.0
1758074527.52155,33393.0,183.43602,31045.0,170.53789,4225.0,117.36111,0.0,0.0,2.0
1758074527.52349,33175.0,182.23851,31045.0,170.53789,4235.0,117.63889,0.0,0.0,2.0
1758074527.5385,32959.0,181.05196,31046.0,170.54338,4295.0,119.30556,9.0,0.25,2.0
1758074527.53927,32740.0,179.84894,31048.0,170.55437,4320.0,120.0,28.0,0.77778,2.0
1758074527.5555,32523.0,178.65691,31049.0,170.55986,4247.0,117.97222,80.0,2.22222,2.0
1758074527.5715,32305.0,177.45937,31062.0,170.63127,4367.0,121.30556,394.0,10.94444,2.0
1758074527.57307,32075.0,176.19592,31093.0,170.80156,4676.0,129.88889,758.0,21.05556,2.0
1758074527.58961,31826.0,174.82811,31145.0,171.0872,5079.0,141.08333,1359.0,37.75,2.0
1758074527.59001,31560.0,173.36691,31236.0,171.5871,5368.0,149.11111,2083.0,57.86111,2.0
1758074527.60564,31282.0,171.83978,31362.0,172.27924,5596.0,155.44444,2793.0,77.58334,2.0
1758074527.62156,31003.0,170.30716,31521.0,173.15266,5419.0,150.52777,3377.0,93.80556,2.0
1758074527.62428,30745.0,168.88991,31706.0,174.16891,4859.0,134.97223,3889.0,108.02778,2.0
1758074527.63956,30522.0,167.6649,31919.0,175.33897,3995.0,110.97222,4430.0,123.05556,2.0
1758074527.64032,30349.0,166.71458,32162.0,176.67383,2977.0,82.69444,5112.0,142.0,2.0
1758074527.65557,30234.0,166.08286,32443.0,178.21744,1741.0,48.36111,5904.0,164.0,2.0
1758074527.67155,30186.0,165.81918,32767.0,179.99725,351.0,9.75,6768.0,188.0,2.0
1758074527.6736,30188.0,165.83017,33138.0,182.03523,-95.0,-2.63889,7741.0,215.02777,2.0
1758074527.68855,30198.0,165.8851,33545.0,184.271,-306.0,-8.5,8281.0,230.02777,2.0
1758074527.68978,30224.0,166.02792,33978.0,186.64958,-695.0,-19.30556,8681.0,241.13889,2.0
1758074527.70536,30276.0,166.31358,34424.0,189.09955,-1265.0,-35.13889,8553.0,237.58333,2.0
1758074527.72161,30355.0,166.74754,34853.0,191.45616,-1803.0,-50.08333,8353.0,232.02777,2.0
1758074527.72366,30463.0,167.34081,35263.0,193.7084,-2349.0,-65.25,7781.0,216.13889,2.0
1758074527.74001,30599.0,168.08789,35642.0,195.79033,-2886.0,-80.16666,7296.0,202.66667,2.0
1758074527.74033,30756.0,168.95033,35992.0,197.71298,-3227.0,-89.63889,6634.0,184.27777,2.0
1758074527.75562,30925.0,169.87869,36316.0,199.4928,-3348.0,-93.0,6197.0,172.13889,2.0
1758074527.77164,31101.0,170.8455,36610.0,201.1078,-3586.0,-99.61111,5506.0,152.94444,2.0
1758074527.77318,31285.0,171.85626,36869.0,202.53055,-3640.0,-101.11111,4823.0,133.97223,2.0
1758074527.78934,31463.0,172.83406,37097.0,203.78302,-3412.0,-94.77778,4260.0,118.33334,2.0
1758074527.7901,31625.0,173.72397,37301.0,204.90364,-2999.0,-83.30556,3811.0,105.86111,2.0
1758074527.80564,31764.0,174.48752,37481.0,205.89241,-2503.0,-69.52778,3348.0,93.0,2.0
1758074527.82168,31874.0,175.09178,37636.0,206.74388,-1898.0,-52.72222,2865.0,79.58334,2.0
1758074527.82342,31953.0,175.52576,37768.0,207.46899,-1294.0,-35.94444,2379.0,66.08334,2.0
1758074527.83859,31999.0,175.77844,37875.0,208.05676,-636.0,-17.66667,1903.0,52.86111,2.0
1758074527.84197,32014.0,175.86084,37958.0,208.5127,-52.0,-1.44444,1408.0,39.11111,2.0
1758074527.85769,32011.0,175.84436,38010.0,208.79834,56.0,1.55556,694.0,19.27778,2.0
1758074527.86042,32010.0,175.83887,38025.0,208.88077,12.0,0.33333,48.0,1.33333,2.0
1758074527.87561,32010.0,175.83887,38023.0,208.86978,0.0,0.0,0.0,0.0,2.0
1758074527.89161,32011.0,175.84436,38020.0,208.8533,-33.0,-0.91667,-60.0,-1.66667,2.0
1758074527.8924,32019.0,175.88831,38013.0,208.81482,-278.0,-7.72222,-246.0,-6.83333,2.0
1758074527.90765,32047.0,176.04211,37988.0,208.67749,-777.0,-21.58333,-709.0,-19.69444,2.0
1758074527.90881,32107.0,176.3717,37932.0,208.36987,-1432.0,-39.77778,-1387.0,-38.52778,2.0
1758074527.92476,32200.0,176.88258,37840.0,207.8645,-2144.0,-59.55556,-2151.0,-59.75,2.0
1758074527.94144,32326.0,177.57474,37711.0,207.15587,-2737.0,-76.02778,-2852.0,-79.22222,2.0
1758074527.94305,32474.0,178.38774,37548.0,206.26048,-3061.0,-85.02778,-3416.0,-94.88889,2.0
1758074527.9587,32632.0,179.25566,37363.0,205.24422,-3145.0,-87.36111,-3821.0,-106.13889,2.0
1758074527.96066,32787.0,180.10712,37165.0,204.15656,-2958.0,-82.16666,-3979.0,-110.52778,2.0
1758074527.97567,32929.0,180.88716,36960.0,203.03043,-2668.0,-74.11111,-4086.0,-113.5,2.0
1758074527.99172,33054.0,181.57381,36750.0,201.87686,-2288.0,-63.55556,-4199.0,-116.63889,2.0
1758074527.99246,33161.0,182.16161,36539.0,200.71779,-1980.0,-55.0,-4203.0,-116.75,2.0
1758074528.00765,33255.0,182.67796,36326.0,199.54773,-1791.0,-49.75,-4232.0,-117.55556,2.0
1758074528.00832,33345.0,183.17235,36109.0,198.35568,-1712.0,-47.55556,-4304.0,-119.55556,2.0
1758074528.02375,33422.0,183.59534,35883.0,197.11421,-1305.0,-36.25,-4634.0,-128.72223,2.0
1758074528.04056,33479.0,183.90845,35632.0,195.7354,-976.0,-27.11111,-5171.0,-143.63889,2.0
1758074528.04132,33525.0,184.16113,35354.0,194.20828,-825.0,-22.91667,-5547.0,-154.08333,2.0
1758074528.05722,33562.0,184.36438,35060.0,192.59328,-684.0,-19.0,-5872.0,-163.11111,2.0
1758074528.05841,33593.0,184.53467,34768.0,190.98924,-488.0,-13.55556,-5610.0,-155.83333,2.0
1758074528.07385,33604.0,184.59509,34494.0,189.4841,4.0,0.11111,-5171.0,-143.63889,2.0
1758074528.09058,33593.0,184.53467,34248.0,188.13275,354.0,9.83333,-4624.0,-128.44444,2.0
1758074528.09135,33568.0,184.39734,34031.0,186.94072,653.0,18.13889,-4043.0,-112.30556,2.0
1758074528.10677,33521.0,184.13916,33847.0,185.92996,1173.0,32.58333,-3340.0,-92.77778,2.0
1758074528.10835,33452.0,183.76013,33695.0,185.095,1493.0,41.47222,-2703.0,-75.08334,2.0
1758074528.12377,33370.0,183.30968,33572.0,184.41931,1738.0,48.27778,-2213.0,-61.47222,2.0
1758074528.1406,33284.0,182.83727,33467.0,183.84253,1679.0,46.63889,-1946.0,-54.05556,2.0
1758074528.14135,33204.0,182.39781,33370.0,183.30968,1441.0,40.02778,-1960.0,-54.44444,2.0
1758074528.15676,33145.0,182.07368,33268.0,182.74937,976.0,27.11111,-2056.0,-57.11111,2.0
1758074528.15838,33109.0,181.87593,33161.0,182.16161,469.0,13.02778,-2129.0,-59.13889,2.0
1758074528.17632,33098.0,181.81551,33054.0,181.57381,18.0,0.5,-2105.0,-58.47222,2.0
1758074528.19176,33100.0,181.82649,32952.0,181.0135,-1.0,-0.02778,-1914.0,-53.16667,2.0
1758074528.19295,33100.0,181.82649,32861.0,180.51361,0.0,0.0,-1667.0,-46.30556,2.0
1758074528.2078,33100.0,181.82649,32786.0,180.10162,0.0,0.0,-1339.0,-37.19444,2.0
1758074528.21064,33100.0,181.82649,32727.0,179.77753,0.0,0.0,-1027.0,-28.52778,2.0
1758074528.22588,33100.0,181.82649,32686.0,179.55229,0.0,0.0,-715.0,-19.86111,2.0
1758074528.24259,33101.0,181.83199,32650.0,179.35454,-49.0,-1.36111,-736.0,-20.44444,2.0
1758074528.24455,33109.0,181.87593,32607.0,179.11833,-268.0,-7.44444,-948.0,-26.33333,2.0
1758074528.26084,33135.0,182.01875,32539.0,178.7448,-690.0,-19.16667,-1628.0,-45.22222,2.0
1758074528.26169,33184.0,182.28795,32432.0,178.15701,-1204.0,-33.44444,-2534.0,-70.38889,2.0
1758074528.27678,33269.0,182.75487,32275.0,177.29457,-2024.0,-56.22222,-3510.0,-97.5,2.0
1758074528.27812,33393.0,183.43602,32073.0,176.18494,-2751.0,-76.41666,-4260.0,-118.33334,2.0
1758074528.29466,33546.0,184.27649,31846.0,174.93797,-3261.0,-90.58334,-4590.0,-127.5,2.0
1758074528.31087,33720.0,185.23233,31612.0,173.65256,-3519.0,-97.75,-4505.0,-125.13889,2.0
1758074528.31198,33904.0,186.24307,31390.0,172.43304,-3649.0,-101.36111,-4212.0,-117.0,2.0
1758074528.32686,34087.0,187.24834,31188.0,171.32343,-3575.0,-99.30556,-3772.0,-104.77778,2.0
1758074528.32923,34265.0,188.22614,31015.0,170.37308,-3491.0,-96.97222,-3190.0,-88.61111,2.0
1758074528.34572,34441.0,189.19296,30871.0,169.58205,-3537.0,-98.25,-2582.0,-71.72222,2.0
1758074528.36196,34624.0,190.19821,30752.0,168.92836,-3662.0,-101.72222,-2095.0,-58.19444,2.0
1758074528.36307,34821.0,191.28038,30658.0,168.412,-4037.0,-112.13889,-1723.0,-47.86111,2.0
1758074528.37794,35037.0,192.46693,30580.0,167.98352,-4425.0,-122.91666,-1399.0,-38.86111,2.0
1758074528.37911,35275.0,193.77432,30514.0,167.62096,-4858.0,-134.94444,-1165.0,-32.36111,2.0
1758074528.39393,35536.0,195.20805,30463.0,167.34081,-5363.0,-148.97223,-948.0,-26.33333,2.0
1758074528.40995,35822.0,196.77913,30419.0,167.09911,-5826.0,-161.83333,-821.0,-22.80556,2.0
1758074528.41112,36123.0,198.43259,30382.0,166.89586,-6023.0,-167.30556,-611.0,-16.97222,2.0
1758074528.42599,36425.0,200.09155,30370.0,166.82994,-5902.0,-163.94444,7.0,0.19444,2.0
1758074528.44195,36721.0,201.71754,30371.0,166.83543,-5793.0,-160.91667,20.0,0.55556,2.0
1758074528.44473,37007.0,203.28864,30371.0,166.83543,-5555.0,-154.30556,8.0,0.22222,2.0
1758074528.45992,37283.0,204.80476,30371.0,166.83543,-5405.0,-150.13889,0.0,0.0,2.0
1758074528.46121,37553.0,206.28795,30371.0,166.83543,-5245.0,-145.69444,0.0,0.0,2.0
1758074528.47594,37812.0,207.71069,30371.0,166.83543,-4981.0,-138.36111,0.0,0.0,2.0
1758074528.49197,38057.0,209.05655,30371.0,166.83543,-4741.0,-131.69444,0.0,0.0,2.0
1758074528.49325,38293.0,210.35295,30371.0,166.83543,-4588.0,-127.44444,0.0,0.0,2.0
1758074528.50804,38521.0,211.60539,30371.0,166.83543,-4416.0,-122.66666,0.0,0.0,2.0
1758074528.50915,38740.0,212.80841,30371.0,166.83543,-4212.0,-117.0,0.0,0.0,2.0
1758074528.52475,38948.0,213.95102,30371.0,166.83543,-4027.0,-111.86111,0.0,0.0,2.0
1758074528.54093,39148.0,215.04967,30370.0,166.82994,-3847.0,-106.86111,-7.0,-0.19444,2.0
1758074528.54179,39339.0,216.09889,30370.0,166.82994,-3619.0,-100.52778,-6.0,-0.16667,2.0
1758074528.55696,39515.0,217.06569,30370.0,166.82994,-3356.0,-93.22222,-15.0,-0.41667,2.0
1758074528.55847,39674.0,217.93912,30368.0,166.81895,-2995.0,-83.19444,-32.0,-0.88889,2.0
1758074528.57508,39808.0,218.67522,30368.0,166.81895,-2318.0,-64.38889,0.0,0.0,2.0
1758074528.59101,39902.0,219.19157,30370.0,166.82994,-1487.0,-41.30556,5.0,0.13889,2.0
1758074528.59212,39947.0,219.43877,30371.0,166.83543,-494.0,-13.72222,41.0,1.13889,2.0
1758074528.607,39949.0,219.44975,30376.0,166.8629,86.0,2.38889,133.0,3.69444,2.0
1758074528.60824,39940.0,219.40031,30388.0,166.92882,231.0,6.41667,263.0,7.30556,2.0
1758074528.62413,39918.0,219.27946,30403.0,167.01122,620.0,17.22222,319.0,8.86111,2.0
1758074528.64097,39873.0,219.03227,30425.0,167.13206,1082.0,30.05556,494.0,13.72222,2.0
1758074528.64181,39809.0,218.68071,30454.0,167.29137,1455.0,40.41667,634.0,17.61111,2.0
1758074528.65704,39721.0,218.1973,30487.0,167.47264,1949.0,54.13889,658.0,18.27778,2.0
1758074528.65855,39609.0,217.58206,30525.0,167.68138,2390.0,66.38889,806.0,22.38889,2.0
1758074528.67399,39476.0,216.85146,30567.0,167.91211,2831.0,78.63889,806.0,22.38889,2.0
1758074528.69138,39326.0,216.02748,30603.0,168.10986,3036.0,84.33334,659.0,18.30556,2.0
1758074528.6917,39166.0,215.14854,30633.0,168.27466,3233.0,89.80556,593.0,16.47222,2.0
1758074528.70709,38993.0,214.19821,30672.0,168.48891,3575.0,99.30556,927.0,25.75,2.0
1758074528.70826,38797.0,213.12155,30730.0,168.80751,4147.0,115.19444,1318.0,36.61111,2.0
1758074528.72482,38568.0,211.86359,30817.0,169.28542,4887.0,135.75,1910.0,53.05556,2.0
1758074528.74108,38298.0,210.38042,30924.0,169.8732,5678.0,157.72223,2194.0,60.94444,2.0
1758074528.74182,37995.0,208.71594,31030.0,170.45547,6157.0,171.02777,1978.0,54.94444,2.0
1758074528.75704,37687.0,207.02403,31115.0,170.92241,5918.0,164.38889,1313.0,36.47222,2.0
1758074528.75906,37405.0,205.47493,31153.0,171.13115,5228.0,145.22223,291.0,8.08333,2.0
1758074528.77548,37167.0,204.16754,31145.0,171.0872,4341.0,120.58334,-303.0,-8.41667,2.0
1758074528.79109,36969.0,203.07986,31128.0,170.99382,3608.0,100.22222,-281.0,-7.80556,2.0
1758074528.79185,36806.0,202.18448,31114.0,170.91692,2922.0,81.16666,-343.0,-9.52778,2.0
1758074528.80706,36673.0,201.45387,31098.0,170.82903,2385.0,66.25,-298.0,-8.27778,2.0
1758074528.80831,36562.0,200.84413,31086.0,170.76311,2026.0,56.27778,-182.0,-5.05556,2.0
1758074528.82497,36464.0,200.30579,31081.0,170.73564,1873.0,52.02778,0.0,0.0,2.0
1758074528.84111,36373.0,199.80591,31081.0,170.73564,1826.0,50.72222,0.0,0.0,2.0
1758074528.8419,36277.0,199.27856,31081.0,170.73564,1929.0,53.58333,2.0,0.05556,2.0
1758074528.85708,36173.0,198.70724,31083.0,170.74663,2148.0,59.66667,0.0,0.0,2.0
1758074528.85839,36056.0,198.06454,31083.0,170.74663,2401.0,66.69444,0.0,0.0,2.0
1758074528.87524,35927.0,197.35591,31083.0,170.74663,2626.0,72.94444,0.0,0.0,2.0
1758074528.8911,35790.0,196.60335,31083.0,170.74663,2747.0,76.30556,0.0,0.0,2.0
1758074528.89229,35648.0,195.82329,31083.0,170.74663,2782.0,77.27778,-7.0,-0.19444,2.0
1758074528.90709,35509.0,195.05974,31081.0,170.73564,2660.0,73.88889,-15.0,-0.41667,2.0
1758074528.90836,35379.0,194.34561,31081.0,170.73564,2449.0,68.02778,-11.0,-0.30556,2.0
1758074528.92495,35264.0,193.7139,31081.0,170.73564,2115.0,58.75,-14.0,-0.38889,2.0
1758074528.94115,35167.0,193.18105,31081.0,170.73564,1727.0,47.97222,-9.0,-0.25,2.0
1758074528.94194,35093.0,192.77455,31081.0,170.73564,1295.0,35.97222,0.0,0.0,2.0
1758074528.95716,35038.0,192.47243,31079.0,170.72466,961.0,26.69444,0.0,0.0,2.0
1758074528.95839,34998.0,192.2527,31079.0,170.72466,679.0,18.86111,0.0,0.0,2.0
1758074528.97436,34963.0,192.06044,31081.0,170.73564,700.0,19.44444,0.0,0.0,2.0
1758074528.99022,34923.0,191.84068,31081.0,170.73564,857.0,23.80556,0.0,0.0,2.0
1758074528.99137,34874.0,191.57152,31081.0,170.73564,1091.0,30.30556,0.0,0.0,2.0
1758074529.00623,34808.0,191.20897,31081.0,170.73564,1549.0,43.02778,0.0,0.0,2.0
1758074529.02269,34715.0,190.6981,31081.0,170.73564,2066.0,57.38889,4.0,0.11111,2.0
1758074529.02305,34593.0,190.02792,31081.0,170.73564,2620.0,72.77778,0.0,0.0,2.0
1758074529.03878,34445.0,189.21494,31081.0,170.73564,3132.0,87.0,0.0,0.0,2.0
1758074529.03915,34276.0,188.28656,31081.0,170.73564,3482.0,96.72222,0.0,0.0,2.0
1758074529.05427,34096.0,187.29778,31081.0,170.73564,3581.0,99.47222,0.0,0.0,2.0
1758074529.07029,33913.0,186.29251,31081.0,170.73564,3591.0,99.75,0.0,0.0,2.0
1758074529.07103,33730.0,185.28726,31081.0,170.73564,3666.0,101.83334,-4.0,-0.11111,2.0
1758074529.08735,33543.0,184.26001,31081.0,170.73564,3753.0,104.25,0.0,0.0,2.0
1758074529.0883,33349.0,183.19432,31081.0,170.73564,3877.0,107.69444,0.0,0.0,2.0
1758074529.10535,33153.0,182.11766,31081.0,170.73564,3864.0,107.33334,8.0,0.22222,2.0
1758074529.12129,32959.0,181.05196,31081.0,170.73564,3799.0,105.52778,5.0,0.13889,2.0
1758074529.12208,32769.0,180.00824,31083.0,170.74663,3688.0,102.44444,9.0,0.25,2.0
1758074529.13725,32580.0,178.97002,31083.0,170.74663,3780.0,105.0,16.0,0.44444,2.0
1758074529.13886,32385.0,177.89883,31084.0,170.75212,3942.0,109.5,47.0,1.30556,2.0
1758074529.15539,32178.0,176.76172,31093.0,170.80156,4258.0,118.27778,301.0,8.36111,2.0
1758074529.17129,31952.0,175.52026,31118.0,170.93889,4638.0,128.83333,725.0,20.13889,2.0
1758074529.17245,31708.0,174.1799,31175.0,171.25201,4947.0,137.41667,1433.0,39.80556,2.0
1758074529.18809,31452.0,172.77364,31271.0,171.77936,5161.0,143.36111,2210.0,61.38889,2.0
1758074529.18926,31187.0,171.31793,31406.0,172.52094,5215.0,144.86111,2987.0,82.97222,2.0
1758074529.20473,30930.0,169.90616,31578.0,173.46579,4845.0,134.58333,3665.0,101.80556,2.0
1758074529.22034,30706.0,168.67567,31781.0,174.5809,4006.0,111.27778,4347.0,120.75,2.0
1758074529.22114,30534.0,167.73083,32021.0,175.89929,2884.0,80.11111,5051.0,140.30556,2.0
1758074529.23634,30424.0,167.12657,32298.0,177.42091,1529.0,42.47222,5791.0,160.86111,2.0
1758074529.2524,30385.0,166.91234,32612.0,179.1458,192.0,5.33333,6557.0,182.13889,2.0
1758074529.2537,30392.0,166.95079,32971.0,181.11787,-281.0,-7.80556,7399.0,205.52777,2.0
1758074529.26841,30415.0,167.07713,33362.0,183.26573,-538.0,-14.94444,7915.0,219.86111,2.0
1758074529.26957,30453.0,167.28587,33767.0,185.49051,-916.0,-25.44444,8092.0,224.77777,2.0
1758074529.28517,30517.0,167.63744,34175.0,187.73174,-1546.0,-42.94444,7909.0,219.69444,2.0
1758074529.30156,30611.0,168.15381,34563.0,189.86313,-2114.0,-58.72222,7431.0,206.41667,2.0
1758074529.30217,30735.0,168.83498,34927.0,191.86266,-2648.0,-73.55556,6997.0,194.36111,2.0
1758074529.31746,30882.0,169.64247,35262.0,193.70291,-3047.0,-84.63889,6297.0,174.91667,2.0
1758074529.31869,31041.0,170.51591,35565.0,195.36736,-3213.0,-89.25,5776.0,160.44444,2.0
1758074529.33482,31201.0,171.39484,35843.0,196.89449,-3099.0,-86.08334,5306.0,147.38889,2.0
1758074529.35085,31348.0,172.20233,36097.0,198.28976,-2718.0,-75.5,4832.0,134.22223,2.0
1758074529.35124,31478.0,172.91646,36324.0,199.53674,-2488.0,-69.11111,4219.0,117.19444,2.0
1758074529.36644,31593.0,173.54819,36522.0,200.6244,-2082.0,-57.83333,3726.0,103.5,2.0
1758074529.38248,31683.0,174.04257,36697.0,201.58571,-1574.0,-43.72222,3275.0,90.97222,2.0
1758074529.38321,31745.0,174.38315,36852.0,202.43716,-917.0,-25.47222,2879.0,79.97222,2.0
1758074529.39924,31774.0,174.54245,36987.0,203.17874,-301.0,-8.36111,2479.0,68.86111,2.0
1758074529.40004,31776.0,174.55344,37100.0,203.7995,76.0,2.11111,1987.0,55.19444,2.0
1758074529.4154,31772.0,174.53146,37188.0,204.2829,61.0,1.69444,1508.0,41.88889,2.0
1758074529.43147,31770.0,174.52048,37246.0,204.6015,53.0,1.47222,891.0,24.75,2.0
1758074529.4326,31766.0,174.4985,37278.0,204.7773,74.0,2.05556,466.0,12.94444,2.0
1758074529.44758,31762.0,174.47653,37290.0,204.84322,87.0,2.41667,61.0,1.69444,2.0
1758074529.44865,31756.0,174.44357,37290.0,204.84322,153.0,4.25,0.0,0.0,2.0
1758074529.46445,31744.0,174.37766,37290.0,204.84322,354.0,9.83333,0.0,0.0,2.0
1758074529.48044,31720.0,174.24582,37290.0,204.84322,582.0,16.16667,0.0,0.0,2.0
1758074529.48167,31686.0,174.05905,37290.0,204.84322,742.0,20.61111,0.0,0.0,2.0
1758074529.49642,31650.0,173.8613,37290.0,204.84322,645.0,17.91667,0.0,0.0,2.0
1758074529.51248,31621.0,173.702,37290.0,204.84322,539.0,14.97222,0.0,0.0,2.0
1758074529.51366,31597.0,173.57016,37290.0,204.84322,414.0,11.5,0.0,0.0,2.0
1758074529.52852,31588.0,173.52072,37288.0,204.83223,-42.0,-1.16667,-1.0,-0.02778,2.0
1758074529.52926,31596.0,173.56467,37285.0,204.81575,-235.0,-6.52778,-96.0,-2.66667,2.0
1758074529.54527,31621.0,173.702,37271.0,204.73885,-684.0,-19.0,-431.0,-11.97222,2.0
1758074529.56154,31672.0,173.98215,37234.0,204.53558,-1294.0,-35.94444,-966.0,-26.83333,2.0
1758074529.56347,31757.0,174.44907,37164.0,204.15106,-1893.0,-52.58333,-1671.0,-46.41667,2.0
1758074529.57976,31868.0,175.05882,37062.0,203.59076,-2364.0,-65.66666,-2251.0,-62.52778,2.0
1758074529.58012,31996.0,175.76196,36934.0,202.8876,-2597.0,-72.13889,-2711.0,-75.30556,2.0
1758074529.59558,32127.0,176.48157,36788.0,202.0856,-2522.0,-70.05556,-3018.0,-83.83334,2.0
1758074529.61154,32250.0,177.15724,36631.0,201.22316,-2288.0,-63.55556,-3141.0,-87.25,2.0
1758074529.61357,32356.0,177.73953,36468.0,200.32776,-1932.0,-53.66667,-3245.0,-90.13889,2.0
1758074529.62865,32444.0,178.22293,36303.0,199.42139,-1574.0,-43.72222,-3278.0,-91.05556,2.0
1758074529.62934,32516.0,178.61845,36136.0,198.504,-1314.0,-36.5,-3321.0,-92.25,2.0
1758074529.6446,32576.0,178.94804,35964.0,197.55916,-1108.0,-30.77778,-3462.0,-96.16666,2.0
1758074529.66063,32634.0,179.26665,35782.0,196.5594,-1053.0,-29.25,-3676.0,-102.11111,2.0
1758074529.66138,32680.0,179.51933,35588.0,195.4937,-823.0,-22.86111,-3981.0,-110.58334,2.0
1758074529.67658,32714.0,179.70612,35376.0,194.32913,-525.0,-14.58333,-4382.0,-121.72222,2.0
1758074529.69265,32733.0,179.81049,35137.0,193.01625,-286.0,-7.94444,-5017.0,-139.36111,2.0
1758074529.69333,32743.0,179.86542,34862.0,191.5056,-192.0,-5.33333,-5650.0,-156.94444,2.0
1758074529.70859,32753.0,179.92035,34558.0,189.83566,-142.0,-3.94444,-6105.0,-169.58333,2.0
1758074529.70937,32753.0,179.92035,34253.0,188.16022,96.0,2.66667,-5965.0,-165.69444,2.0
1758074529.72663,32745.0,179.8764,33955.0,186.52324,191.0,5.30556,-5776.0,-160.44444,2.0
1758074529.74265,32726.0,179.77203,33673.0,184.97415,569.0,15.80556,-5288.0,-146.88889,2.0
1758074529.74437,32685.0,179.5468,33420.0,183.58435,1038.0,28.83333,-4680.0,-130.0,2.0
1758074529.76045,32619.0,179.18425,33200.0,182.37584,1521.0,42.25,-4024.0,-111.77778,2.0
1758074529.7778,32533.0,178.71184,33016.0,181.36507,1773.0,49.25,-3342.0,-92.83334,2.0
1758074529.77791,32442.0,178.21194,32866.0,180.54108,1777.0,49.36111,-2715.0,-75.41666,2.0
1758074529.79268,32364.0,177.78348,32743.0,179.86542,1366.0,37.94444,-2274.0,-63.16667,2.0
1758074529.79329,32315.0,177.5143,32631.0,179.25017,594.0,16.5,-2244.0,-62.33333,2.0
1758074529.80864,32316.0,177.51979,32510.0,178.58549,-380.0,-10.55556,-2568.0,-71.33334,2.0
1758074529.80943,32357.0,177.74503,32363.0,177.77798,-1156.0,-32.11111,-3204.0,-89.0,2.0
1758074529.82506,32442.0,178.21194,32180.0,176.77271,-2090.0,-58.05556,-3958.0,-109.94444,2.0
1758074529.84066,32574.0,178.93706,31962.0,175.5752,-2998.0,-83.27778,-4578.0,-127.16666,2.0
1758074529.84148,32752.0,179.91486,31722.0,174.25681,-3832.0,-106.44444,-4820.0,-133.88889,2.0
1758074529.85669,32965.0,181.08492,31481.0,172.93294,-4450.0,-123.61111,-4694.0,-130.38889,2.0
1758074529.87248,33200.0,182.37584,31256.0,171.69696,-4711.0,-130.86111,-4208.0,-116.88889,2.0
1758074529.87337,33439.0,183.68872,31066.0,170.65324,-4643.0,-128.97223,-3386.0,-94.05556,2.0
1758074529.88949,33671.0,184.96317,30924.0,169.8732,-4501.0,-125.02778,-2415.0,-67.08334,2.0
1758074529.89026,33895.0,186.19363,30827.0,169.34035,-4371.0,-121.41666,-1574.0,-43.72222,2.0
1758074529.90561,34118.0,187.41862,30768.0,169.01625,-4315.0,-119.86111,-898.0,-24.94444,2.0
1758074529.92167,34343.0,188.6546,30736.0,168.84047,-4547.0,-126.30556,-466.0,-12.94444,2.0
1758074529.92277,34587.0,189.99496,30717.0,168.7361,-5044.0,-140.11111,-358.0,-9.94444,2.0
1758074529.93772,34863.0,191.51109,30699.0,168.63722,-5718.0,-158.83333,-397.0,-11.02778,2.0
1758074529.9397,35165.0,193.17006,30674.0,168.49989,-6149.0,-170.80556,-506.0,-14.05556,2.0
1758074529.95634,35487.0,194.93889,30650.0,168.36804,-6523.0,-181.19444,-469.0,-13.02778,2.0
1758074529.97354,35828.0,196.81209,30632.0,168.26917,-6869.0,-190.80556,-340.0,-9.44444,2.0
1758074529.97571,36174.0,198.71274,30617.0,168.18677,-6767.0,-187.97223,-226.0,-6.27778,2.0
1758074529.99145,36508.0,200.5475,30613.0,168.16479,-6458.0,-179.38889,14.0,0.38889,2.0
1758074529.99321,36822.0,202.27237,30613.0,168.16479,-5958.0,-165.5,1.0,0.02778,2.0
1758074530.00964,37104.0,203.82147,30613.0,168.16479,-5308.0,-147.44444,0.0,0.0,2.0
1758074530.01033,37360.0,205.22774,30613.0,168.16479,-4819.0,-133.86111,0.0,0.0,2.0
1758074530.02584,37592.0,206.50218,30613.0,168.16479,-4356.0,-121.0,0.0,0.0,2.0
1758074530.04148,37799.0,207.63928,30613.0,168.16479,-3882.0,-107.83334,0.0,0.0,2.0
1758074530.04239,37984.0,208.65552,30613.0,168.16479,-3466.0,-96.27778,-4.0,-0.11111,2.0
1758074530.06048,38152.0,209.5784,30613.0,168.16479,-3221.0,-89.47222,-41.0,-1.13889,2.0
1758074530.06088,38310.0,210.44633,30607.0,168.13184,-3077.0,-85.47222,-137.0,-3.80556,2.0
1758074530.07679,38461.0,211.2758,30599.0,168.08789,-2965.0,-82.36111,-212.0,-5.88889,2.0
1758074530.09331,38609.0,212.08881,30579.0,167.97803,-2888.0,-80.22222,-523.0,-14.52778,2.0
1758074530.09422,38752.0,212.87433,30546.0,167.79675,-2775.0,-77.08334,-790.0,-21.94444,2.0
1758074530.10989,38889.0,213.62692,30502.0,167.55504,-2607.0,-72.41666,-858.0,-23.83333,2.0
1758074530.11109,39016.0,214.32455,30455.0,167.29686,-2396.0,-66.55556,-1006.0,-27.94444,2.0
1758074530.12664,39129.0,214.9453,30400.0,166.99474,-2098.0,-58.27778,-1127.0,-31.30556,2.0
1758074530.14332,39225.0,215.47264,30343.0,166.68163,-1749.0,-48.58333,-1103.0,-30.63889,2.0
1758074530.14372,39300.0,215.88466,30284.0,166.35753,-1304.0,-36.22222,-1179.0,-32.75,2.0
1758074530.16144,39357.0,216.19777,30225.0,166.03342,-966.0,-26.83333,-1179.0,-32.75,2.0
1758074530.16637,39385.0,216.35158,30171.0,165.73679,-232.0,-6.44444,-1005.0,-27.91667,2.0
1758074530.16965,39380.0,216.32411,30132.0,165.52254,166.0,4.61111,-560.0,-15.55556,2.0
1758074530.18486,39365.0,216.24171,30119.0,165.45113,422.0,11.72222,23.0,0.63889,2.0
1758074530.20091,39335.0,216.07692,30128.0,165.50056,691.0,19.19444,177.0,4.91667,2.0
1758074530.20179,39291.0,215.83519,30138.0,165.5555,1036.0,28.77778,244.0,6.77778,2.0
1758074530.21689,39226.0,215.47813,30158.0,165.66537,1501.0,41.69444,438.0,12.16667,2.0
1758074530.23258,39138.0,214.99474,30183.0,165.8027,1910.0,53.05556,479.0,13.30556,2.0
1758074530.23295,39027.0,214.38498,30211.0,165.95651,2392.0,66.44444,565.0,15.69444,2.0
1758074530.24891,38892.0,213.6434,30244.0,166.13779,2784.0,77.33334,699.0,19.41667,2.0
1758074530.24981,38740.0,212.80841,30282.0,166.34654,3133.0,87.02778,765.0,21.25,2.0
1758074530.26529,38576.0,211.90753,30318.0,166.5443,3336.0,92.66666,640.0,17.77778,2.0
1758074530.2809,38404.0,210.96269,30345.0,166.69261,3432.0,95.33334,470.0,13.05556,2.0
1758074530.2818,38225.0,209.9794,30370.0,166.82994,3629.0,100.80556,617.0,17.13889,2.0
1758074530.2969,38027.0,208.89175,30415.0,167.07713,4103.0,113.97222,1043.0,28.97222,2.0
1758074530.31264,37802.0,207.65576,30483.0,167.45067,4717.0,131.02777,1558.0,43.27778,2.0
1758074530.31291,37539.0,206.21104,30582.0,167.99451,5541.0,153.91667,2266.0,62.94444,2.0
1758074530.32898,37238.0,204.55756,30707.0,168.68117,6180.0,171.66667,2508.0,69.66666,2.0
1758074530.3298,36926.0,202.84366,30823.0,169.31837,6081.0,168.91667,2043.0,56.75,2.0
1758074530.34501,36630.0,201.21767,30899.0,169.73586,5614.0,155.94444,1047.0,29.08333,2.0
1758074530.36092,36365.0,199.76196,30919.0,169.84573,4873.0,135.36111,-127.0,-3.52778,2.0
1758074530.36179,36138.0,198.51498,30907.0,169.7798,4181.0,116.13889,-226.0,-6.27778,2.0
1758074530.37777,35941.0,197.43282,30902.0,169.75233,3657.0,101.58334,-5.0,-0.13889,2.0
1758074530.37892,35769.0,196.48799,30903.0,169.75783,3218.0,89.38889,0.0,0.0,2.0
1758074530.39513,35614.0,195.63652,30903.0,169.75783,2965.0,82.36111,0.0,0.0,2.0
1758074530.41098,35468.0,194.83452,30904.0,169.76332,2849.0,79.13889,4.0,0.11111,2.0
1758074530.41217,35325.0,194.04898,30905.0,169.76881,2869.0,79.69444,6.0,0.16667,2.0
1758074530.42703,35179.0,193.24696,30905.0,169.76881,2920.0,81.11111,0.0,0.0,2.0
1758074530.42903,35031.0,192.43398,30905.0,169.76881,2931.0,81.41666,0.0,0.0,2.0
1758074530.44401,34883.0,191.62096,30905.0,169.76881,2906.0,80.72222,0.0,0.0,2.0
1758074530.46082,34739.0,190.82994,30905.0,169.76881,2804.0,77.88889,0.0,0.0,2.0
1758074530.46173,34602.0,190.07736,30905.0,169.76881,2575.0,71.52778,-3.0,-0.08333,2.0
1758074530.48101,34478.0,189.39621,30905.0,169.76881,2315.0,64.30556,-7.0,-0.19444,2.0
1758074530.48264,34368.0,188.79193,30905.0,169.76881,2002.0,55.61111,-1.0,-0.02778,2.0
1758074530.49816,34276.0,188.28656,30905.0,169.76881,1703.0,47.30556,0.0,0.0,2.0
1758074530.50084,34202.0,187.88007,30905.0,169.76881,1317.0,36.58333,0.0,0.0,2.0
1758074530.51685,34141.0,187.54497,30905.0,169.76881,1110.0,30.83333,0.0,0.0,2.0
1758074530.51772,34092.0,187.2758,30905.0,169.76881,906.0,25.16667,0.0,0.0,2.0
1758074530.53547,34041.0,186.99565,30905.0,169.76881,1082.0,30.05556,4.0,0.11111,2.0
1758074530.55113,33982.0,186.67155,30906.0,169.77431,1264.0,35.11111,8.0,0.22222,2.0
1758074530.55306,33908.0,186.26505,30906.0,169.77431,1655.0,45.97222,10.0,0.27778,2.0
1758074530.56967,33810.0,185.72672,30907.0,169.7798,2143.0,59.52778,8.0,0.22222,2.0
1758074530.57093,33685.0,185.04007,30907.0,169.7798,2698.0,74.94444,9.0,0.25,2.0
1758074530.58609,33529.0,184.18311,30908.0,169.78529,3307.0,91.86111,8.0,0.22222,2.0
1758074530.58773,33346.0,183.17784,30908.0,169.78529,3768.0,104.66666,0.0,0.0,2.0
1758074530.60631,33148.0,182.09016,30908.0,169.78529,4050.0,112.5,0.0,0.0,2.0
1758074530.60909,32937.0,180.93111,30908.0,169.78529,4200.0,116.66666,0.0,0.0,2.0
1758074530.62598,32723.0,179.75555,30908.0,169.78529,4179.0,116.08334,0.0,0.0,2.0
1758074530.64114,32513.0,178.60197,30909.0,169.79079,4130.0,114.72222,47.0,1.30556,2.0
1758074530.64194,32302.0,177.44289,30916.0,169.82925,4193.0,116.47222,232.0,6.44444,2.0
1758074530.65909,32084.0,176.24536,30937.0,169.94461,4378.0,121.61111,620.0,17.22222,2.0
1758074530.65952,31854.0,174.98192,30990.0,170.23575,4594.0,127.61111,1388.0,38.55556,2.0
1758074530.67634,31618.0,173.68552,31090.0,170.78508,4668.0,129.66667,2421.0,67.25,2.0
1758074530.67915,31378.0,172.36713,31238.0,171.59808,4742.0,131.72223,3340.0,92.77778,2.0
1758074530.69497,31140.0,171.05974,31429.0,172.64729,4670.0,129.72223,4004.0,111.22222,2.0
1758074530.71125,30913.0,169.81277,31647.0,173.84482,4285.0,119.02778,4488.0,124.66666,2.0
1758074530.71199,30713.0,168.71413,31881.0,175.13023,3645.0,101.25,4828.0,134.11111,2.0
1758074530.72973,30548.0,167.80774,32141.0,176.55847,2976.0,82.66666,5354.0,148.72223,2.0
1758074530.73038,30416.0,167.08263,32429.0,178.14053,2319.0,64.41666,5955.0,165.41667,2.0
1758074530.74623,30317.0,166.5388,32750.0,179.90387,1607.0,44.63889,6647.0,184.63889,2.0
1758074530.74921,30258.0,166.21469,33115.0,181.90889,846.0,23.5,7450.0,206.94444,2.0
1758074530.76684,30241.0,166.12131,33508.0,184.06775,-62.0,-1.72222,7975.0,221.52777,2.0
1758074530.77122,30248.0,166.15976,33929.0,186.38042,-217.0,-6.02778,8533.0,237.02777,2.0
1758074530.78704,30262.0,166.23666,34373.0,188.8194,-341.0,-9.47222,8758.0,243.27777,2.0
1758074530.78989,30288.0,166.3795,34820.0,191.27489,-641.0,-17.80556,8882.0,246.72223,2.0
1758074530.80959,30334.0,166.63219,35266.0,193.72488,-1126.0,-31.27778,8620.0,239.44444,2.0
1758074530.81174,30408.0,167.03868,35693.0,196.07048,-1762.0,-48.94444,8330.0,231.38889,2.0
1758074530.83,30513.0,167.61546,36095.0,198.27878,-2348.0,-65.22222,7633.0,212.02777,2.0
1758074530.83038,30646.0,168.34607,36461.0,200.28931,-2858.0,-79.38889,6977.0,193.80556,2.0
1758074530.84627,30799.0,169.18654,36802.0,202.16251,-3160.0,-87.77778,6548.0,181.88889,2.0
1758074530.84942,30969.0,170.12039,37108.0,203.84344,-3529.0,-98.02778,5676.0,157.66667,2.0
1758074530.8653,31152.0,171.12566,37377.0,205.32112,-3636.0,-101.0,5020.0,139.44444,2.0
1758074530.88123,31333.0,172.11993,37615.0,206.62852,-3480.0,-96.66666,4438.0,123.27778,2.0
1758074530.88404,31497.0,173.02083,37824.0,207.77661,-3050.0,-84.72222,3926.0,109.05556,2.0
1758074530.90126,31636.0,173.78439,38013.0,208.81482,-2487.0,-69.08334,3545.0,98.47222,2.0
1758074530.90256,31745.0,174.38315,38183.0,209.74869,-1898.0,-52.72222,3196.0,88.77778,2.0
1758074530.92317,31825.0,174.82262,38333.0,210.57268,-1316.0,-36.55556,2763.0,76.75,2.0
1758074530.92355,31875.0,175.09727,38456.0,211.24834,-738.0,-20.5,2194.0,60.94444,2.0
1758074530.94046,31899.0,175.22911,38551.0,211.7702,-291.0,-8.08333,1560.0,43.33333,2.0
1758074530.9408,31903.0,175.25108,38613.0,212.11078,0.0,0.0,944.0,26.22222,2.0
1758074530.95634,31903.0,175.25108,38640.0,212.25909,0.0,0.0,172.0,4.77778,2.0
1758074530.95758,31903.0,175.25108,38638.0,212.24811,0.0,0.0,-22.0,-0.61111,2.0
1758074530.9733,31903.0,175.25108,38638.0,212.24811,0.0,0.0,-5.0,-0.13889,2.0
1758074530.98929,31903.0,175.25108,38637.0,212.24261,0.0,0.0,-13.0,-0.36111,2.0
1758074530.99012,31904.0,175.25658,38635.0,212.23163,-24.0,-0.66667,-58.0,-1.61111,2.0
1758074531.00612,31908.0,175.27855,38630.0,212.20416,-132.0,-3.66667,-152.0,-4.22222,2.0
1758074531.00735,31921.0,175.34996,38615.0,212.12177,-347.0,-9.63889,-413.0,-11.47222,2.0
1758074531.02334,31944.0,175.47632,38588.0,211.97345,-537.0,-14.91667,-678.0,-18.83333,2.0
1758074531.03933,31974.0,175.64111,38544.0,211.73175,-637.0,-17.69444,-1007.0,-27.97222,2.0
1758074531.04052,32019.0,175.88831,38473.0,211.34172,-1108.0,-30.77778,-1715.0,-47.63889,2.0
1758074531.05619,32094.0,176.30029,38362.0,210.73198,-1739.0,-48.30556,-2566.0,-71.27778,2.0
1758074531.06068,32199.0,176.87709,38207.0,209.88052,-2315.0,-64.30556,-3423.0,-95.08334,2.0
1758074531.07639,32328.0,177.58572,38015.0,208.82581,-2700.0,-75.0,-4037.0,-112.13889,2.0
1758074531.07951,32468.0,178.35478,37796.0,207.6228,-2784.0,-77.33334,-4496.0,-124.88889,2.0
1758074531.09635,32604.0,179.10185,37559.0,206.32091,-2607.0,-72.41666,-4678.0,-129.94444,2.0
1758074531.09951,32726.0,179.77203,37322.0,205.019,-2242.0,-62.27778,-4624.0,-128.44444,2.0
1758074531.11635,32825.0,180.31586,37092.0,203.75555,-1730.0,-48.05556,-4432.0,-123.11111,2.0
1758074531.11763,32898.0,180.71687,36870.0,202.53604,-1198.0,-33.27778,-4324.0,-120.11111,2.0
1758074531.13343,32944.0,180.96956,36652.0,201.33852,-686.0,-19.05556,-4249.0,-118.02778,2.0
1758074531.14943,32970.0,181.11238,36440.0,200.17395,-420.0,-11.66667,-4153.0,-115.36111,2.0
1758074531.15023,32986.0,181.20027,36231.0,199.02588,-220.0,-6.11111,-4098.0,-113.83334,2.0
1758074531.16546,32993.0,181.23872,36023.0,197.88327,-81.0,-2.25,-4199.0,-116.63889,2.0
1758074531.18143,32995.0,181.24971,35805.0,196.68575,-11.0,-0.30556,-4432.0,-123.11111,2.0
1758074531.18344,32995.0,181.24971,35571.0,195.40031,21.0,0.58333,-4796.0,-133.22223,2.0
1758074531.19847,32995.0,181.24971,35318.0,194.01053,8.0,0.22222,-5205.0,-144.58333,2.0
1758074531.19961,32995.0,181.24971,35038.0,192.47243,0.0,0.0,-5820.0,-161.66667,2.0
1758074531.21644,32996.0,181.2552,34717.0,190.70909,-46.0,-1.27778,-6714.0,-186.5,2.0
1758074531.21774,33003.0,181.29366,34354.0,188.71503,-196.0,-5.44444,-7437.0,-206.58333,2.0
1758074531.23533,33017.0,181.37056,33947.0,186.47929,-301.0,-8.36111,-8463.0,-235.08333,2.0
1758074531.25285,33031.0,181.44746,33520.0,184.13367,-235.0,-6.52778,-8346.0,-231.83333,2.0
1758074531.25373,33032.0,181.45296,33112.0,181.89241,115.0,3.19444,-7849.0,-218.02777,2.0
1758074531.26955,33018.0,181.37605,32739.0,179.84344,527.0,14.63889,-6898.0,-191.61111,2.0
1758074531.27074,32968.0,181.10139,32422.0,178.10208,1269.0,35.25,-5788.0,-160.77777,2.0
1758074531.28628,32886.0,180.65094,32160.0,176.66284,1879.0,52.19444,-4711.0,-130.86111,2.0
1758074531.28762,32781.0,180.07416,31951.0,175.51477,2158.0,59.94444,-3746.0,-104.05556,2.0
1758074531.30448,32674.0,179.48637,31784.0,174.59738,1987.0,55.19444,-3083.0,-85.63889,2.0
1758074531.3205,32591.0,179.03044,31632.0,173.76242,1343.0,37.30556,-2936.0,-81.55556,2.0
1758074531.32178,32555.0,178.83269,31475.0,172.89998,252.0,7.0,-3261.0,-90.58334,2.0
1758074531.33649,32570.0,178.91508,31296.0,171.91669,-636.0,-17.66667,-3761.0,-104.47222,2.0
1758074531.33864,32629.0,179.23918,31094.0,170.80705,-1544.0,-42.88889,-4129.0,-114.69444,2.0
1758074531.35611,32733.0,179.81049,30884.0,169.65346,-2421.0,-67.25,-4171.0,-115.86111,2.0
1758074531.37159,32878.0,180.60699,30674.0,168.49989,-3230.0,-89.72222,-4105.0,-114.02778,2.0
1758074531.3736,33061.0,181.61226,30474.0,167.40123,-3903.0,-108.41666,-3781.0,-105.02778,2.0
1758074531.39056,33275.0,182.78783,30291.0,166.39598,-4393.0,-122.02778,-3365.0,-93.47222,2.0
1758074531.3909,33509.0,184.07324,30139.0,165.56099,-4782.0,-132.83333,-2787.0,-77.41666,2.0
1758074531.40663,33761.0,185.45755,30017.0,164.89082,-5150.0,-143.05556,-2101.0,-58.36111,2.0
1758074531.40881,34030.0,186.93523,29931.0,164.41841,-5437.0,-151.02777,-1457.0,-40.47222,2.0
1758074531.42648,34310.0,188.47333,29872.0,164.0943,-5621.0,-156.13889,-939.0,-26.08333,2.0
1758074531.44164,34603.0,190.08286,29839.0,163.91302,-5965.0,-165.69444,-394.0,-10.94444,2.0
1758074531.44352,34919.0,191.81871,29830.0,163.86359,-6421.0,-178.36111,-38.0,-1.05556,2.0
1758074531.45893,35252.0,193.64798,29830.0,163.86359,-6697.0,-186.02777,0.0,0.0,2.0
1758074531.46092,35600.0,195.55962,29830.0,163.86359,-7065.0,-196.25,0.0,0.0,2.0
1758074531.47655,35961.0,197.54268,29830.0,163.86359,-7083.0,-196.75,9.0,0.25,2.0
1758074531.47822,36308.0,199.44885,29838.0,163.90753,-6681.0,-185.58333,224.0,6.22222,2.0
1758074531.49473,36634.0,201.23964,29855.0,164.00092,-6240.0,-173.33333,370.0,10.27778,2.0
1758074531.51077,36937.0,202.90408,29878.0,164.12726,-5738.0,-159.38889,474.0,13.16667,2.0
1758074531.51137,37214.0,204.42572,29903.0,164.2646,-5315.0,-147.63889,476.0,13.22222,2.0
1758074531.52695,37472.0,205.84297,29925.0,164.38545,-4962.0,-137.83333,341.0,9.47222,2.0
1758074531.5281,37713.0,207.16685,29936.0,164.44588,-4622.0,-128.38889,66.0,1.83333,2.0
1758074531.54359,37935.0,208.38635,29935.0,164.44038,-4232.0,-117.55556,-13.0,-0.36111,2.0
1758074531.56058,38140.0,209.51248,29935.0,164.44038,-3947.0,-109.63889,-4.0,-0.11111,2.0
1758074531.56115,38332.0,210.56718,29934.0,164.43489,-3716.0,-103.22222,-14.0,-0.38889,2.0
1758074531.57668,38513.0,211.56145,29933.0,164.4294,-3462.0,-96.16666,-22.0,-0.61111,2.0
1758074531.57828,38683.0,212.4953,29932.0,164.4239,-3225.0,-89.58334,-21.0,-0.58333,2.0
1758074531.59371,38841.0,213.36325,29930.0,164.41292,-3058.0,-84.94444,-41.0,-1.13889,2.0
1758074531.60979,38989.0,214.17624,29928.0,164.40193,-2805.0,-77.91666,-61.0,-1.69444,2.0
1758074531.61085,39121.0,214.90135,29922.0,164.36897,-2470.0,-68.61111,-116.0,-3.22222,2.0
1758074531.62576,39238.0,215.54405,29915.0,164.33052,-2194.0,-60.94444,-200.0,-5.55556,2.0
1758074531.64287,39339.0,216.09889,29904.0,164.2701,-1858.0,-51.61111,-222.0,-6.16667,2.0
1758074531.64409,39423.0,216.56032,29889.0,164.1877,-1476.0,-41.0,-327.0,-9.08333,2.0
1758074531.66175,39489.0,216.92287,29873.0,164.09979,-1161.0,-32.25,-339.0,-9.41667,2.0
1758074531.66286,39537.0,217.18654,29854.0,163.99542,-761.0,-21.13889,-377.0,-10.47222,2.0
1758074531.67883,39566.0,217.34586,29832.0,163.87457,-476.0,-13.22222,-460.0,-12.77778,2.0
1758074531.67922,39580.0,217.42276,29809.0,163.74823,-99.0,-2.75,-422.0,-11.72222,2.0
1758074531.69508,39579.0,217.41727,29794.0,163.66583,5.0,0.13889,-183.0,-5.08333,2.0
1758074531.71077,39576.0,217.40079,29792.0,163.65485,87.0,2.41667,33.0,0.91667,2.0
1758074531.7115,39567.0,217.35135,29795.0,163.67133,280.0,7.77778,63.0,1.75,2.0
1758074531.72675,39538.0,217.19203,29802.0,163.70978,808.0,22.44444,220.0,6.11111,2.0
1758074531.72796,39476.0,216.85146,29820.0,163.80865,1484.0,41.22222,440.0,12.22222,2.0
1758074531.74379,39382.0,216.3351,29852.0,163.98444,2113.0,58.69444,813.0,22.58333,2.0
1758074531.75975,39254.0,215.63194,29902.0,164.25911,2804.0,77.88889,1101.0,30.58333,2.0
1758074531.76091,39095.0,214.75853,29962.0,164.5887,3369.0,93.58334,1214.0,33.72222,2.0
1758074531.77572,38911.0,213.74777,30026.0,164.94026,3779.0,104.97222,1248.0,34.66667,2.0
1758074531.79183,38713.0,212.6601,30086.0,165.26985,3987.0,110.75,1093.0,30.36111,2.0
1758074531.79292,38505.0,211.5175,30135.0,165.53902,4193.0,116.47222,963.0,26.75,2.0
1758074531.80782,38287.0,210.31999,30192.0,165.85214,4466.0,124.05556,1213.0,33.69444,2.0
1758074531.80987,38048.0,209.00711,30263.0,166.24216,4933.0,137.02777,1584.0,44.0,2.0
1758074531.8248,37781.0,207.54041,30357.0,166.75853,5564.0,154.55556,2024.0,56.22222,2.0
1758074531.84078,37477.0,205.87044,30463.0,167.34081,6298.0,174.94444,2097.0,58.25,2.0
1758074531.84164,37144.0,204.0412,30558.0,167.86267,6564.0,182.33333,1745.0,48.47222,2.0
1758074531.8568,36825.0,202.28885,30626.0,168.23621,6088.0,169.11111,949.0,26.36111,2.0
1758074531.85841,36534.0,200.69032,30647.0,168.35156,5412.0,150.33333,16.0,0.44444,2.0
1758074531.87572,36288.0,199.33899,30638.0,168.30212,4477.0,124.36111,-218.0,-6.05556,2.0
1758074531.89125,36086.0,198.22934,30628.0,168.24719,3643.0,101.19444,-224.0,-6.22222,2.0
1758074531.89158,35926.0,197.35042,30618.0,168.19226,2800.0,77.77778,-175.0,-4.86111,2.0
1758074531.90684,35806.0,196.69124,30612.0,168.1593,2068.0,57.44444,-40.0,-1.11111,2.0
1758074531.90807,35717.0,196.20235,30613.0,168.16479,1553.0,43.13889,0.0,0.0,2.0
1758074531.92383,35648.0,195.82329,30613.0,168.16479,1247.0,34.63889,1.0,0.02778,2.0
1758074531.94095,35586.0,195.48271,30613.0,168.16479,1249.0,34.69444,9.0,0.25,2.0
1758074531.94144,35520.0,195.12016,30615.0,168.17578,1333.0,37.02778,6.0,0.16667,2.0
1758074531.95686,35443.0,194.69717,30615.0,168.17578,1659.0,46.08333,9.0,0.25,2.0
1758074531.96007,35350.0,194.18631,30616.0,168.18127,1987.0,55.19444,9.0,0.25,2.0
1758074531.976,35239.0,193.57657,30616.0,168.18127,2306.0,64.05556,0.0,0.0,2.0
1758074531.99188,35115.0,192.8954,30617.0,168.18677,2530.0,70.27778,0.0,0.0,2.0
1758074531.99391,34984.0,192.1758,30617.0,168.18677,2597.0,72.13889,0.0,0.0,2.0
1758074532.00896,34850.0,191.43968,30617.0,168.18677,2656.0,73.77778,0.0,0.0,2.0
1758074532.00956,34714.0,190.69261,30617.0,168.18677,2704.0,75.11111,0.0,0.0,2.0
1758074532.02574,34577.0,189.94003,30617.0,168.18677,2710.0,75.27778,0.0,0.0,2.0
1758074532.04203,34439.0,189.18198,30617.0,168.18677,2740.0,76.11111,0.0,0.0,2.0
1758074532.04321,34298.0,188.40741,30617.0,168.18677,2817.0,78.25,4.0,0.11111,2.0
1758074532.05798,34153.0,187.61089,30617.0,168.18677,2861.0,79.47222,0.0,0.0,2.0
1758074532.05975,34008.0,186.81438,30617.0,168.18677,2900.0,80.55556,0.0,0.0,2.0
1758074532.07578,33863.0,186.01785,30617.0,168.18677,2836.0,78.77778,0.0,0.0,2.0
1758074532.09197,33721.0,185.23782,30617.0,168.18677,2769.0,76.91666,0.0,0.0,2.0
1758074532.09324,33584.0,184.48523,30617.0,168.18677,2710.0,75.27778,0.0,0.0,2.0
1758074532.10887,33444.0,183.71619,30617.0,168.18677,2812.0,78.11111,4.0,0.11111,2.0
1758074532.10964,33292.0,182.88121,30618.0,168.19226,3187.0,88.52778,32.0,0.88889,2.0
1758074532.12501,33114.0,181.9034,30623.0,168.21973,3786.0,105.16666,166.0,4.61111,2.0
1758074532.141,32906.0,180.76082,30643.0,168.32959,4351.0,120.86111,600.0,16.66667,2.0
1758074532.14188,32673.0,179.48088,30690.0,168.58778,4780.0,132.77777,1209.0,33.58333,2.0
1758074532.15696,32424.0,178.11307,30765.0,168.99977,5051.0,140.30556,1736.0,48.22222,2.0
1758074532.15854,32161.0,176.66833,30867.0,169.56007,5337.0,148.25,2202.0,61.16667,2.0
1758074532.17409,31886.0,175.1577,30989.0,170.23026,5468.0,151.88889,2518.0,69.94444,2.0
1758074532.19004,31612.0,173.65256,31123.0,170.96635,5328.0,148.0,2721.0,75.58334,2.0
1758074532.19088,31346.0,172.19135,31265.0,171.7464,5147.0,142.97223,2879.0,79.97222,2.0
1758074532.20603,31091.0,170.79057,31418.0,172.58685,4897.0,136.02777,3059.0,84.97222,2.0
1758074532.22208,30857.0,169.50514,31581.0,173.48227,4375.0,121.52778,3351.0,93.08334,2.0
1758074532.2233,30658.0,168.412,31758.0,174.45456,3572.0,99.22222,3708.0,103.0,2.0
1758074532.23803,30500.0,167.54405,31963.0,175.58069,2757.0,76.58334,4358.0,121.05556,2.0
1758074532.23886,30386.0,166.91783,32205.0,176.91005,1900.0,52.77778,5157.0,143.25,2.0
1758074532.25408,30319.0,166.54979,32492.0,178.48662,857.0,23.80556,6074.0,168.72223,2.0
1758074532.2711,30306.0,166.47838,32824.0,180.31036,-61.0,-1.69444,6993.0,194.25,2.0
1758074532.27225,30309.0,166.49486,33204.0,182.39781,-101.0,-2.80556,7827.0,217.41667,2.0
1758074532.28708,30321.0,166.56078,33612.0,184.63904,-334.0,-9.27778,8238.0,228.83333,2.0
1758074532.28831,30349.0,166.71458,34035.0,186.96269,-727.0,-20.19444,8453.0,234.80556,2.0
1758074532.3049,30403.0,167.01122,34453.0,189.25888,-1328.0,-36.88889,8102.0,225.05556,2.0
1758074532.32112,30484.0,167.45616,34856.0,191.47264,-1862.0,-51.72222,7804.0,216.77777,2.0
1758074532.32185,30595.0,168.06592,35238.0,193.57108,-2406.0,-66.83334,7305.0,202.91667,2.0
1758074532.33709,30731.0,168.813,35593.0,195.52116,-2822.0,-78.38889,6876.0,191.0,2.0
1758074532.33917,30881.0,169.63698,35928.0,197.3614,-3058.0,-84.94444,6418.0,178.27777,2.0
1758074532.35595,31045.0,170.53789,36231.0,199.02588,-3404.0,-94.55556,5640.0,156.66667,2.0
1758074532.37324,31221.0,171.5047,36502.0,200.51454,-3465.0,-96.25,5174.0,143.72223,2.0
1758074532.37537,31393.0,172.44952,36750.0,201.87686,-3272.0,-90.88889,4743.0,131.75,2.0
1758074532.39108,31550.0,173.31197,36980.0,203.14029,-2958.0,-82.16666,4359.0,121.08334,2.0
1758074532.39229,31686.0,174.05905,37191.0,204.29938,-2507.0,-69.63889,4058.0,112.72222,2.0
1758074532.4071,31799.0,174.67978,37385.0,205.36507,-2014.0,-55.94444,3651.0,101.41666,2.0
1758074532.40948,31885.0,175.15221,37558.0,206.31541,-1447.0,-40.19444,3205.0,89.02778,2.0
1758074532.42595,31946.0,175.4873,37706.0,207.1284,-1000.0,-27.77778,2714.0,75.38889,2.0
1758074532.44327,31980.0,175.67407,37826.0,207.7876,-454.0,-12.61111,2170.0,60.27778,2.0
1758074532.44629,31990.0,175.729,37918.0,208.29297,-7.0,-0.19444,1572.0,43.66667,2.0
1758074532.46299,31989.0,175.72351,37982.0,208.64453,4.0,0.11111,945.0,26.25,2.0
1758074532.46632,31989.0,175.72351,38007.0,208.78186,0.0,0.0,193.0,5.36111,2.0
1758074532.48313,31989.0,175.72351,38007.0,208.78186,9.0,0.25,0.0,0.0,2.0
1758074532.48499,31989.0,175.72351,38007.0,208.78186,0.0,0.0,0.0,0.0,2.0
1758074532.50021,31989.0,175.72351,38006.0,208.77637,0.0,0.0,-7.0,-0.19444,2.0
1758074532.50136,31989.0,175.72351,38006.0,208.77637,0.0,0.0,-6.0,-0.16667,2.0
1758074532.51624,31989.0,175.72351,38006.0,208.77637,-8.0,-0.22222,-9.0,-0.25,2.0
1758074532.53219,31990.0,175.729,38005.0,208.77087,-22.0,-0.61111,-31.0,-0.86111,2.0
1758074532.53336,31992.0,175.73999,38000.0,208.74341,-62.0,-1.72222,-143.0,-3.97222,2.0
1758074532.54823,31998.0,175.77295,37983.0,208.65002,-173.0,-4.80556,-512.0,-14.22222,2.0
1758074532.54939,32021.0,175.89929,37942.0,208.4248,-677.0,-18.80556,-1043.0,-28.97222,2.0
1758074532.56502,32077.0,176.20691,37866.0,208.00732,-1455.0,-40.41667,-1859.0,-51.63889,2.0
1758074532.5813,32170.0,176.71777,37746.0,207.34813,-2140.0,-59.44444,-2712.0,-75.33334,2.0
1758074532.58281,32296.0,177.40993,37585.0,206.46373,-2683.0,-74.52778,-3459.0,-96.08334,2.0
1758074532.59836,32442.0,178.21194,37395.0,205.42,-2944.0,-81.77778,-3933.0,-109.25,2.0
1758074532.5997,32590.0,179.02495,37190.0,204.29388,-2879.0,-79.97222,-4126.0,-114.61111,2.0
1758074532.61614,32729.0,179.78851,36980.0,203.14029,-2588.0,-71.88889,-4161.0,-115.58334,2.0
1758074532.63238,32847.0,180.43671,36774.0,202.0087,-2104.0,-58.44444,-4021.0,-111.69444,2.0
1758074532.63363,32937.0,180.93111,36574.0,200.91005,-1538.0,-42.72222,-3873.0,-107.58334,2.0
1758074532.64834,33002.0,181.28816,36380.0,199.84436,-1063.0,-29.52778,-3773.0,-104.80556,2.0
1758074532.64948,33043.0,181.51338,36192.0,198.81161,-652.0,-18.11111,-3675.0,-102.08334,2.0
1758074532.66547,33070.0,181.6617,36006.0,197.78989,-419.0,-11.63889,-3709.0,-103.02778,2.0
1758074532.68134,33088.0,181.76057,35815.0,196.74068,-339.0,-9.41667,-3832.0,-106.44444,2.0
1758074532.68214,33108.0,181.87044,35618.0,195.65849,-380.0,-10.55556,-4021.0,-111.69444,2.0
1758074532.69733,33126.0,181.96931,35406.0,194.49393,-268.0,-7.44444,-4307.0,-119.63889,2.0
1758074532.69895,33132.0,182.00227,35176.0,193.23048,-7.0,-0.19444,-4793.0,-133.13889,2.0
1758074532.71615,33132.0,182.00227,34914.0,191.79124,0.0,0.0,-5513.0,-153.13889,2.0
1758074532.7335,33133.0,182.00777,34613.0,190.13779,-32.0,-0.88889,-6326.0,-175.72223,2.0
1758074532.73605,33139.0,182.04073,34270.0,188.2536,-195.0,-5.41667,-7074.0,-196.5,2.0
1758074532.75135,33154.0,182.12315,33882.0,186.12222,-360.0,-10.0,-7922.0,-220.05556,2.0
1758074532.75251,33173.0,182.22752,33483.0,183.93042,-309.0,-8.58333,-7679.0,-213.30556,2.0
1758074532.77137,33178.0,182.25499,33112.0,181.89241,85.0,2.36111,-7116.0,-197.66667,2.0
1758074532.77266,33164.0,182.17809,32774.0,180.03571,482.0,13.38889,-6293.0,-174.80556,2.0
1758074532.79066,33126.0,181.96931,32483.0,178.43718,982.0,27.27778,-5336.0,-148.22223,2.0
1758074532.79177,33066.0,181.63972,32236.0,177.08034,1319.0,36.63889,-4422.0,-122.83334,2.0
1758074532.81066,32996.0,181.2552,32035.0,175.9762,1419.0,39.41667,-3612.0,-100.33334,2.0
1758074532.81141,32931.0,180.89815,31867.0,175.05333,1121.0,31.13889,-3074.0,-85.38889,2.0
1758074532.82852,32890.0,180.67291,31718.0,174.23483,517.0,14.36111,-2917.0,-81.02778,2.0
1758074532.83028,32883.0,180.63446,31569.0,173.41635,-122.0,-3.38889,-3008.0,-83.55556,2.0
1758074532.84646,32901.0,180.73335,31411.0,172.5484,-582.0,-16.16667,-3174.0,-88.16666,2.0
1758074532.86643,32949.0,180.99702,31245.0,171.63654,-1239.0,-34.41667,-3345.0,-92.91666,2.0
1758074532.86984,33035.0,181.46944,31073.0,170.6917,-2005.0,-55.69444,-3436.0,-95.44444,2.0
1758074532.87069,33160.0,182.15611,30903.0,169.75783,-2791.0,-77.52778,-3230.0,-89.72222,2.0
1758074532.88648,33319.0,183.02953,30747.0,168.90089,-3427.0,-95.19444,-2921.0,-81.13889,2.0
1758074532.90251,33509.0,184.07324,30610.0,168.14832,-3975.0,-110.41666,-2502.0,-69.5,2.0
1758074532.90373,33722.0,185.24332,30498.0,167.53307,-4337.0,-120.47222,-1934.0,-53.72222,2.0
1758074532.92247,33954.0,186.51775,30416.0,167.08263,-4658.0,-129.38889,-1388.0,-38.55556,2.0
1758074532.92323,34194.0,187.83612,30363.0,166.79149,-4771.0,-132.52777,-728.0,-20.22222,2.0
1758074532.94125,34440.0,189.18747,30343.0,166.68163,-4947.0,-137.41667,-170.0,-4.72222,2.0
1758074532.94205,34699.0,190.61021,30345.0,166.69261,-5258.0,-146.05556,33.0,0.91667,2.0
1758074532.96039,34972.0,192.10988,30345.0,166.69261,-5546.0,-154.05556,0.0,0.0,2.0
1758074532.96078,35261.0,193.69742,30345.0,166.69261,-5687.0,-157.97223,0.0,0.0,2.0
1758074532.97646,35555.0,195.31242,30345.0,166.69261,-5892.0,-163.66667,0.0,0.0,2.0
1758074532.99335,35850.0,196.93294,30348.0,166.70909,-5685.0,-157.91667,128.0,3.55556,2.0
1758074532.99506,36122.0,198.42709,30357.0,166.75853,-5196.0,-144.33333,177.0,4.91667,2.0
1758074533.0109,36374.0,199.8114,30370.0,166.82994,-4830.0,-134.16667,324.0,9.0,2.0
1758074533.01124,36610.0,201.1078,30388.0,166.92882,-4523.0,-125.63889,371.0,10.30556,2.0
1758074533.02655,36831.0,202.32181,30403.0,167.01122,-4241.0,-117.80556,246.0,6.83333,2.0
1758074533.02992,37038.0,203.45892,30412.0,167.06065,-3986.0,-110.72222,113.0,3.13889,2.0
1758074533.04558,37233.0,204.53009,30413.0,167.06615,-3782.0,-105.05556,-6.0,-0.16667,2.0
1758074533.06128,37419.0,205.55183,30413.0,167.06615,-3631.0,-100.86111,-5.0,-0.13889,2.0
1758074533.06328,37596.0,206.52415,30413.0,167.06615,-3408.0,-94.66666,0.0,0.0,2.0
1758074533.0796,37764.0,207.44702,30412.0,167.06065,-3184.0,-88.44444,-9.0,-0.25,2.0
1758074533.08158,37920.0,208.30396,30412.0,167.06065,-3009.0,-83.58334,-9.0,-0.25,2.0
1758074533.09661,38067.0,209.11148,30411.0,167.05516,-2843.0,-78.97222,-17.0,-0.47222,2.0
1758074533.11258,38206.0,209.87503,30411.0,167.05516,-2662.0,-73.94444,-9.0,-0.25,2.0
1758074533.11322,38337.0,210.59465,30410.0,167.04967,-2515.0,-69.86111,-17.0,-0.47222,2.0
1758074533.13158,38458.0,211.25932,30409.0,167.04417,-2330.0,-64.72222,-16.0,-0.44444,2.0
1758074533.13249,38569.0,211.86908,30408.0,167.03868,-2118.0,-58.83333,-26.0,-0.72222,2.0
1758074533.14877,38669.0,212.4184,30406.0,167.02769,-1863.0,-51.75,-48.0,-1.33333,2.0
1758074533.1491,38758.0,212.90729,30401.0,167.00023,-1648.0,-45.77778,-137.0,-3.80556,2.0
1758074533.16571,38835.0,213.33029,30391.0,166.9453,-1457.0,-40.47222,-243.0,-6.75,2.0
1758074533.18128,38899.0,213.68185,30380.0,166.88487,-1118.0,-31.05556,-208.0,-5.77778,2.0
1758074533.18256,38947.0,213.94553,30367.0,166.81346,-832.0,-23.11111,-246.0,-6.83333,2.0
1758074533.19763,38976.0,214.10483,30362.0,166.786,-302.0,-8.38889,-15.0,-0.41667,2.0
1758074533.1984,38971.0,214.07736,30363.0,166.79149,232.0,6.44444,9.0,0.25,2.0
1758074533.21551,38955.0,213.98947,30366.0,166.80797,417.0,11.58333,62.0,1.72222,2.0
1758074533.2307,38922.0,213.8082,30371.0,166.83543,823.0,22.86111,114.0,3.16667,2.0
1758074533.23187,38866.0,213.50058,30381.0,166.89037,1310.0,36.38889,247.0,6.86111,2.0
1758074533.24668,38782.0,213.03912,30399.0,166.98924,1870.0,51.94444,359.0,9.97222,2.0
1758074533.26316,38671.0,212.42938,30420.0,167.1046,2406.0,66.83334,447.0,12.41667,2.0
1758074533.26353,38537.0,211.6933,30444.0,167.23643,2829.0,78.58334,398.0,11.05556,2.0
1758074533.28045,38385.0,210.85832,30464.0,167.3463,3130.0,86.94444,316.0,8.77778,2.0
1758074533.28124,38220.0,209.95193,30474.0,167.40123,3301.0,91.69444,108.0,3.0,2.0
1758074533.29709,38053.0,209.03458,30474.0,167.40123,3289.0,91.36111,-21.0,-0.58333,2.0
1758074533.3132,37884.0,208.1062,30475.0,167.40672,3351.0,93.08334,4.0,0.11111,2.0
1758074533.31366,37706.0,207.1284,30479.0,167.4287,3657.0,101.58334,180.0,5.0,2.0
1758074533.33081,37506.0,206.02977,30500.0,167.54405,4194.0,116.5,609.0,16.91667,2.0
1758074533.33122,37279.0,204.78279,30550.0,167.81873,4675.0,129.86111,1279.0,35.52778,2.0
1758074533.34706,37032.0,203.42596,30632.0,168.26917,4888.0,135.77777,1898.0,52.72222,2.0
1758074533.36217,36786.0,202.07462,30734.0,168.82948,4787.0,132.97223,1949.0,54.13889,2.0
1758074533.36288,36556.0,200.81117,30816.0,169.27992,4257.0,118.25,1322.0,36.72222,2.0
1758074533.37873,36366.0,199.76746,30855.0,169.49416,3331.0,92.52778,314.0,8.72222,2.0
1758074533.37987,36226.0,198.99841,30848.0,169.4557,2329.0,64.69444,-255.0,-7.08333,2.0
1758074533.39562,36139.0,198.52048,30830.0,169.35683,1306.0,36.27778,-389.0,-10.80556,2.0
1758074533.41247,36095.0,198.27878,30816.0,169.27992,514.0,14.27778,-234.0,-6.5,2.0
1758074533.41281,36090.0,198.25131,30809.0,169.24147,-149.0,-4.13889,-36.0,-1.0,2.0
1758074533.42875,36099.0,198.30075,30809.0,169.24147,-174.0,-4.83333,3.0,0.08333,2.0
1758074533.4296,36104.0,198.32822,30811.0,169.25246,-10.0,-0.27778,5.0,0.13889,2.0
1758074533.44517,36102.0,198.31723,30811.0,169.25246,28.0,0.77778,9.0,0.25,2.0
1758074533.46122,36100.0,198.30624,30811.0,169.25246,63.0,1.75,4.0,0.11111,2.0
1758074533.46159,36095.0,198.27878,30811.0,169.25246,136.0,3.77778,0.0,0.0,2.0
1758074533.47678,36085.0,198.22385,30812.0,169.25795,209.0,5.80556,0.0,0.0,2.0
1758074533.49251,36073.0,198.15793,30812.0,169.25795,241.0,6.69444,6.0,0.16667,2.0
1758074533.49284,36056.0,198.06454,30814.0,169.26894,447.0,12.41667,4.0,0.11111,2.0
1758074533.5088,36027.0,197.90524,30814.0,169.26894,680.0,18.88889,0.0,0.0,2.0
1758074533.50971,35986.0,197.68002,30814.0,169.26894,866.0,24.05556,3.0,0.08333,2.0
1758074533.52486,35939.0,197.42183,30814.0,169.26894,933.0,25.91667,0.0,0.0,2.0
1758074533.54083,35893.0,197.16914,30814.0,169.26894,921.0,25.58333,0.0,0.0,2.0
1758074533.54172,35844.0,196.89998,30814.0,169.26894,936.0,26.0,-9.0,-0.25,2.0
1758074533.55688,35800.0,196.65828,30814.0,169.26894,823.0,22.86111,-7.0,-0.19444,2.0
1758074533.55769,35760.0,196.43855,30812.0,169.25795,754.0,20.94444,-3.0,-0.08333,2.0
1758074533.5739,35720.0,196.21883,30812.0,169.25795,779.0,21.63889,0.0,0.0,2.0
1758074533.58994,35682.0,196.01006,30812.0,169.25795,706.0,19.61111,-4.0,-0.11111,2.0
1758074533.59104,35647.0,195.81779,30812.0,169.25795,696.0,19.33333,0.0,0.0,2.0
1758074533.60592,35608.0,195.60356,30812.0,169.25795,809.0,22.47222,0.0,0.0,2.0
1758074533.60713,35560.0,195.33989,30812.0,169.25795,1003.0,27.86111,0.0,0.0,2.0
1758074533.62291,35506.0,195.04326,30812.0,169.25795,1187.0,32.97222,0.0,0.0,2.0
1758074533.63893,35435.0,194.65323,30812.0,169.25795,1551.0,43.08333,0.0,0.0,2.0
1758074533.64017,35347.0,194.16983,30814.0,169.26894,1916.0,53.22222,0.0,0.0,2.0
1758074533.65599,35237.0,193.56558,30814.0,169.26894,2289.0,63.58333,0.0,0.0,2.0
1758074533.65726,35110.0,192.86794,30814.0,169.26894,2651.0,73.63889,4.0,0.11111,2.0
1758074533.67293,34967.0,192.08241,30814.0,169.26894,2977.0,82.69444,0.0,0.0,2.0
1758074533.68899,34807.0,191.20348,30814.0,169.26894,3297.0,91.58334,0.0,0.0,2.0
1758074533.68981,34630.0,190.23117,30814.0,169.26894,3634.0,100.94444,0.0,0.0,2.0
1758074533.70496,34439.0,189.18198,30814.0,169.26894,3891.0,108.08334,2.0,0.05556,2.0
1758074533.72096,34235.0,188.06134,30814.0,169.26894,4144.0,115.11111,0.0,0.0,2.0
1758074533.72178,34018.0,186.86931,30814.0,169.26894,4468.0,124.11111,0.0,0.0,2.0
1758074533.73696,33785.0,185.58939,30814.0,169.26894,4666.0,129.61111,0.0,0.0,2.0
1758074533.73778,33552.0,184.30945,30814.0,169.26894,4538.0,126.05556,0.0,0.0,2.0
1758074533.75571,33335.0,183.11742,30814.0,169.26894,4054.0,112.61111,-17.0,-0.47222,2.0
1758074533.77097,33151.0,182.10664,30812.0,169.25795,3354.0,93.16666,-28.0,-0.77778,2.0
1758074533.7718,33001.0,181.28267,30811.0,169.25246,2617.0,72.69444,-25.0,-0.69444,2.0
1758074533.78698,32889.0,180.66742,30809.0,169.24147,1866.0,51.83333,0.0,0.0,2.0
1758074533.79134,32814.0,180.25543,30809.0,169.24147,1180.0,32.77778,0.0,0.0,2.0
1758074533.80744,32769.0,180.00824,30811.0,169.25246,720.0,20.0,0.0,0.0,2.0
1758074533.80777,32736.0,179.82697,30811.0,169.25246,637.0,17.69444,15.0,0.41667,2.0
1758074533.82653,32699.0,179.6237,30811.0,169.25246,866.0,24.05556,37.0,1.02778,2.0
1758074533.82858,32642.0,179.31059,30821.0,169.30739,1370.0,38.05556,341.0,9.47222,2.0
1758074533.84642,32549.0,178.79973,30855.0,169.49416,2177.0,60.47222,953.0,26.47222,2.0
1758074533.8496,32413.0,178.05264,30930.0,169.90616,3083.0,85.63889,1879.0,52.19444,2.0
1758074533.86693,32233.0,177.06386,31051.0,170.57085,3928.0,109.11111,2807.0,77.97222,2.0
1758074533.86737,32013.0,175.85535,31215.0,171.47174,4593.0,127.58334,3520.0,97.77778,2.0
1758074533.88607,31768.0,174.50949,31409.0,172.53741,4951.0,137.52777,4019.0,111.63889,2.0
1758074533.88726,31516.0,173.1252,31622.0,173.70749,4975.0,138.19444,4307.0,119.63889,2.0
1758074533.90508,31271.0,171.77936,31845.0,174.93248,4754.0,132.05556,4432.0,123.11111,2.0
1758074533.9071,31046.0,170.54338,32073.0,176.18494,4234.0,117.61111,4570.0,126.94444,2.0
1758074533.92306,30855.0,169.49416,32313.0,177.50331,3401.0,94.47222,4809.0,133.58333,2.0
1758074533.93907,30711.0,168.70314,32567.0,178.89861,2383.0,66.19444,5160.0,143.33333,2.0
1758074533.94106,30620.0,168.20325,32847.0,180.43671,1351.0,37.52778,5817.0,161.58333,2.0
1758074533.96073,30585.0,168.01099,33160.0,182.15611,204.0,5.66667,6535.0,181.52777,2.0
1758074533.96147,30587.0,168.02197,33508.0,184.06775,-65.0,-1.80556,7116.0,197.66667,2.0
1758074533.9714,30593.0,168.05493,33888.0,186.15518,-180.0,-5.0,7760.0,215.55556,2.0
1758074533.98915,30610.0,168.14832,34291.0,188.36896,-461.0,-12.80556,8034.0,223.16667,2.0
1758074533.98992,30647.0,168.35156,34695.0,190.58824,-912.0,-25.33333,8039.0,223.30556,2.0
1758074534.00515,30702.0,168.6537,35097.0,192.79652,-1250.0,-34.72222,7750.0,215.27777,2.0
1758074534.02117,30779.0,169.07668,35478.0,194.88945,-1724.0,-47.88889,7334.0,203.72223,2.0
1758074534.0219,30875.0,169.60402,35840.0,196.87801,-2051.0,-56.97222,7002.0,194.5,2.0
1758074534.03839,30987.0,170.21927,36177.0,198.72922,-2261.0,-62.80556,6399.0,177.75,2.0
1758074534.03873,31107.0,170.87846,36490.0,200.44862,-2398.0,-66.61111,6079.0,168.86111,2.0
1758074534.05576,31228.0,171.54315,36791.0,202.10208,-2346.0,-65.16666,5840.0,162.22223,2.0
1758074534.07546,31352.0,172.2243,37066.0,203.61273,-2498.0,-69.38889,5133.0,142.58333,2.0
1758074534.07791,31479.0,172.92195,37308.0,204.94209,-2507.0,-69.63889,4496.0,124.88889,2.0
1758074534.0805,31600.0,173.58664,37520.0,206.10667,-2285.0,-63.47222,3962.0,110.05556,2.0
1758074534.09699,31707.0,174.17441,37710.0,207.15038,-1985.0,-55.13889,3596.0,99.88889,2.0
1758074534.09931,31794.0,174.65231,37883.0,208.10071,-1514.0,-42.05556,3304.0,91.77778,2.0
1758074534.1177,31855.0,174.98741,38045.0,208.99063,-983.0,-27.30556,3100.0,86.11111,2.0
1758074534.11899,31888.0,175.16869,38195.0,209.81461,-426.0,-11.83333,2847.0,79.08334,2.0
1758074534.13603,31900.0,175.2346,38329.0,210.5507,-75.0,-2.08333,2471.0,68.63889,2.0
1758074534.13728,31900.0,175.2346,38440.0,211.16045,0.0,0.0,1926.0,53.5,2.0
1758074534.15598,31900.0,175.2346,38523.0,211.61638,0.0,0.0,1355.0,37.63889,2.0
1758074534.17293,31900.0,175.2346,38575.0,211.90204,0.0,0.0,813.0,22.58333,2.0
1758074534.17368,31900.0,175.2346,38599.0,212.03387,0.0,0.0,230.0,6.38889,2.0
1758074534.1893,31900.0,175.2346,38600.0,212.03937,0.0,0.0,-28.0,-0.77778,2.0
1758074534.19052,31900.0,175.2346,38600.0,212.03937,0.0,0.0,0.0,0.0,2.0
1758074534.20705,31900.0,175.2346,38599.0,212.03387,0.0,0.0,-9.0,-0.25,2.0
1758074534.20888,31900.0,175.2346,38599.0,212.03387,-12.0,-0.33333,-9.0,-0.25,2.0
1758074534.22424,31902.0,175.24559,38598.0,212.02838,-51.0,-1.41667,-16.0,-0.44444,2.0
1758074534.24048,31909.0,175.28404,38596.0,212.0174,-233.0,-6.47222,-85.0,-2.36111,2.0
1758074534.2417,31926.0,175.37743,38590.0,211.98444,-397.0,-11.02778,-144.0,-4.0,2.0
1758074534.26032,31950.0,175.50928,38580.0,211.9295,-483.0,-13.41667,-268.0,-7.44444,2.0
1758074534.26305,31977.0,175.65759,38561.0,211.82513,-541.0,-15.02778,-385.0,-10.69444,2.0
1758074534.27018,32015.0,175.86633,38529.0,211.64935,-909.0,-25.25,-808.0,-22.44444,2.0
1758074534.28965,32078.0,176.2124,38468.0,211.31425,-1514.0,-42.05556,-1548.0,-43.0,2.0
1758074534.29021,32169.0,176.71228,38368.0,210.76494,-2022.0,-56.16667,-2255.0,-62.63889,2.0
1758074534.30822,32285.0,177.3495,38236.0,210.03983,-2423.0,-67.30556,-2850.0,-79.16666,2.0
1758074534.30861,32414.0,178.05814,38078.0,209.17191,-2580.0,-71.66666,-3261.0,-90.58334,2.0
1758074534.32428,32544.0,178.77226,37908.0,208.23804,-2452.0,-68.11111,-3420.0,-95.0,2.0
1758074534.3403,32660.0,179.40947,37735.0,207.2877,-2114.0,-58.72222,-3416.0,-94.88889,2.0
1758074534.34228,32755.0,179.93134,37565.0,206.35387,-1665.0,-46.25,-3304.0,-91.77778,2.0
1758074534.35737,32825.0,180.31586,37400.0,205.44746,-1181.0,-32.80556,-3207.0,-89.08334,2.0
1758074534.35814,32872.0,180.57404,37240.0,204.56854,-704.0,-19.55556,-3137.0,-87.13889,2.0
1758074534.37329,32896.0,180.70589,37080.0,203.68964,-310.0,-8.61111,-3155.0,-87.63889,2.0
1758074534.38943,32905.0,180.75533,36915.0,202.78323,-84.0,-2.33333,-3342.0,-92.83334,2.0
1758074534.39017,32904.0,180.74983,36739.0,201.81644,38.0,1.05556,-3608.0,-100.22222,2.0
1758074534.40532,32905.0,180.75533,36548.0,200.76723,-56.0,-1.55556,-3995.0,-110.97222,2.0
1758074534.42296,32910.0,180.78279,36330.0,199.5697,-96.0,-2.66667,-4568.0,-126.88889,2.0
1758074534.42456,32917.0,180.82124,36075.0,198.16891,-154.0,-4.27778,-5383.0,-149.52777,2.0
1758074534.44361,32925.0,180.86519,35779.0,196.54292,-155.0,-4.30556,-6218.0,-172.72223,2.0
1758074534.44443,32931.0,180.89815,35444.0,194.70267,-81.0,-2.25,-6879.0,-191.08333,2.0
1758074534.46041,32937.0,180.93111,35072.0,192.65919,-151.0,-4.19444,-7765.0,-215.69444,2.0
1758074534.4616,32952.0,181.0135,34646.0,190.31906,-435.0,-12.08333,-8914.0,-247.61111,2.0
1758074534.47989,32988.0,181.21126,34177.0,187.74274,-885.0,-24.58333,-9725.0,-270.13889,2.0
1758074534.48038,33041.0,181.5024,33671.0,184.96317,-1143.0,-31.75,-9781.0,-271.69446,2.0
1758074534.49749,33102.0,181.83748,33192.0,182.33189,-1179.0,-32.75,-9167.0,-254.63889,2.0
1758074534.49872,33153.0,182.11766,32742.0,179.85992,-801.0,-22.25,-8611.0,-239.19444,2.0
1758074534.51712,33180.0,182.26598,32327.0,177.58023,-358.0,-9.94444,-7882.0,-218.94444,2.0
1758074534.51829,33191.0,182.3264,31955.0,175.53674,-69.0,-1.91667,-6990.0,-194.16667,2.0
1758074534.5351,33191.0,182.3264,31635.0,173.7789,0.0,0.0,-5759.0,-159.97223,2.0
1758074534.55086,33191.0,182.3264,31374.0,172.34515,-34.0,-0.94444,-4745.0,-131.80556,2.0
1758074534.55125,33202.0,182.38683,31156.0,171.14763,-415.0,-11.52778,-3940.0,-109.44444,2.0
1758074534.5665,33240.0,182.59557,30974.0,170.14786,-1031.0,-28.63889,-3320.0,-92.22222,2.0
1758074534.56933,33316.0,183.01305,30821.0,169.30739,-1863.0,-51.75,-2845.0,-79.02778,2.0
1758074534.58554,33440.0,183.69421,30689.0,168.58229,-2893.0,-80.36111,-2468.0,-68.55556,2.0
1758074534.60156,33620.0,184.68298,30573.0,167.94507,-4031.0,-111.97222,-2150.0,-59.72222,2.0
1758074534.60642,33855.0,185.97391,30473.0,167.39574,-5109.0,-141.91667,-1792.0,-49.77778,2.0
1758074534.62894,34140.0,187.53947,30391.0,166.9453,-5935.0,-164.86111,-1431.0,-39.75,2.0
1758074534.62937,34460.0,189.29733,30334.0,166.63219,-6612.0,-183.66667,-857.0,-23.80556,2.0
1758074534.633,34813.0,191.23643,30305.0,166.47289,-7222.0,-200.61111,-397.0,-11.02778,2.0
1758074534.64928,35190.0,193.30739,30301.0,166.45091,-7596.0,-211.0,123.0,3.41667,2.0
1758074534.65005,35582.0,195.46074,30306.0,166.47838,-7888.0,-219.11111,42.0,1.16667,2.0
1758074534.66674,35978.0,197.63608,30313.0,166.51683,-7615.0,-211.52777,289.0,8.02778,2.0
1758074534.66762,36353.0,199.69604,30341.0,166.67064,-7138.0,-198.27777,720.0,20.0,2.0
1758074534.68447,36702.0,201.61317,30391.0,166.9453,-6695.0,-185.97223,1158.0,32.16667,2.0
1758074534.70131,37027.0,203.3985,30456.0,167.30235,-6182.0,-171.72223,1344.0,37.33333,2.0
1758074534.70213,37328.0,205.05196,30524.0,167.67589,-5805.0,-161.25,1326.0,36.83333,2.0
1758074534.72239,37615.0,206.62852,30588.0,168.02747,-5546.0,-154.05556,1185.0,32.91667,2.0
1758074534.72356,37886.0,208.11719,30640.0,168.31311,-5219.0,-144.97223,879.0,24.41667,2.0
1758074534.7386,38142.0,209.52347,30677.0,168.51637,-4974.0,-138.16667,591.0,16.41667,2.0
1758074534.74134,38387.0,210.86931,30695.0,168.61525,-4747.0,-131.86111,113.0,3.13889,2.0
1758074534.75659,38618.0,212.13824,30693.0,168.60426,-4434.0,-123.16666,-47.0,-1.30556,2.0
1758074534.75862,38830.0,213.30283,30692.0,168.59877,-4037.0,-112.13889,-9.0,-0.25,2.0
1758074534.77675,39021.0,214.35202,30691.0,168.59328,-3575.0,-99.30556,-18.0,-0.5,2.0
1758074534.79272,39190.0,215.28038,30689.0,168.58229,-3131.0,-86.97222,-46.0,-1.27778,2.0
1758074534.79601,39338.0,216.0934,30686.0,168.56581,-2742.0,-76.16666,-103.0,-2.86111,2.0
1758074534.81161,39466.0,216.79652,30677.0,168.51637,-2378.0,-66.05556,-184.0,-5.11111,2.0
1758074534.81367,39576.0,217.40079,30666.0,168.45595,-2009.0,-55.80556,-269.0,-7.47222,2.0
1758074534.83047,39670.0,217.91714,30645.0,168.34058,-1721.0,-47.80556,-480.0,-13.33333,2.0
1758074534.83094,39750.0,218.3566,30613.0,168.16479,-1477.0,-41.02778,-734.0,-20.38889,2.0
1758074534.84661,39813.0,218.70268,30566.0,167.90662,-1138.0,-31.61111,-1127.0,-31.30556,2.0
1758074534.8505,39863.0,218.97734,30500.0,167.54405,-890.0,-24.72222,-1403.0,-38.97222,2.0
1758074534.86663,39899.0,219.17509,30421.0,167.11009,-495.0,-13.75,-1709.0,-47.47222,2.0
1758074534.87002,39906.0,219.21355,30336.0,166.64317,22.0,0.61111,-1584.0,-44.0,2.0
1758074534.88564,39900.0,219.18059,30264.0,166.24765,160.0,4.44444,-1230.0,-34.16667,2.0
1758074534.90252,39883.0,219.0872,30221.0,166.01144,528.0,14.66667,-598.0,-16.61111,2.0
1758074534.90662,39847.0,218.88945,30211.0,165.95651,863.0,23.97222,80.0,2.22222,2.0
1758074534.92286,39786.0,218.55435,30223.0,166.02243,1437.0,39.91667,302.0,8.38889,2.0
1758074534.92325,39696.0,218.05997,30245.0,166.14328,1988.0,55.22222,501.0,13.91667,2.0
1758074534.94059,39579.0,217.41727,30276.0,166.31358,2558.0,71.05556,690.0,19.16667,2.0
1758074534.94098,39435.0,216.62624,30313.0,166.51683,3049.0,84.69444,717.0,19.91667,2.0
1758074534.95669,39269.0,215.71434,30346.0,166.6981,3455.0,95.97222,602.0,16.72222,2.0
1758074534.95792,39086.0,214.70909,30373.0,166.84642,3666.0,101.83334,455.0,12.63889,2.0
1758074534.98011,38896.0,213.66537,30393.0,166.95628,3827.0,106.30556,332.0,9.22222,2.0
1758074534.98454,38694.0,212.55573,30414.0,167.07164,4104.0,114.0,531.0,14.75,2.0
1758074534.98987,38470.0,211.32524,30450.0,167.26939,4628.0,128.55556,847.0,23.52778,2.0
1758074535.00732,38218.0,209.94095,30505.0,167.57152,5227.0,145.19444,1257.0,34.91667,2.0
1758074535.01806,37928.0,208.3479,30582.0,167.99451,5971.0,165.86111,1622.0,45.05556,2.0
1758074535.01981,37603.0,206.56261,30663.0,168.43947,6797.0,188.80556,1530.0,42.5,2.0
1758074535.03659,37253.0,204.63997,30730.0,168.80751,6792.0,188.66667,1132.0,31.44444,2.0
1758074535.04048,36925.0,202.83817,30771.0,169.03273,6213.0,172.58333,438.0,12.16667,2.0
1758074535.05661,36630.0,201.21767,30770.0,169.02724,5506.0,152.94444,-223.0,-6.19444,2.0
1758074535.06052,36374.0,199.8114,30755.0,168.94484,4675.0,129.86111,-320.0,-8.88889,2.0
1758074535.07667,36159.0,198.63034,30738.0,168.85146,3881.0,107.80556,-380.0,-10.55556,2.0
1758074535.08049,35982.0,197.65805,30713.0,168.71413,3200.0,88.88889,-557.0,-15.47222,2.0
1758074535.09581,35837.0,196.86153,30680.0,168.53285,2640.0,73.33334,-698.0,-19.38889,2.0
1758074535.11292,35718.0,196.20784,30651.0,168.37354,2194.0,60.94444,-496.0,-13.77778,2.0
1758074535.11466,35616.0,195.64751,30632.0,168.26917,1890.0,52.5,-230.0,-6.38889,2.0
1758074535.1308,35526.0,195.15312,30629.0,168.25269,1663.0,46.19444,35.0,0.97222,2.0
1758074535.13157,35444.0,194.70267,30629.0,168.25269,1618.0,44.94444,0.0,0.0,2.0
1758074535.14687,35363.0,194.25772,30629.0,168.25269,1566.0,43.5,2.0,0.05556,2.0
1758074535.14811,35282.0,193.81277,30629.0,168.25269,1578.0,43.83333,0.0,0.0,2.0
1758074535.1639,35201.0,193.36783,30630.0,168.25818,1652.0,45.88889,0.0,0.0,2.0
1758074535.18093,35118.0,192.91188,30630.0,168.25818,1632.0,45.33333,0.0,0.0,2.0
1758074535.18138,35034.0,192.45045,30630.0,168.25818,1701.0,47.25,0.0,0.0,2.0
1758074535.19688,34945.0,191.96156,30632.0,168.26917,1825.0,50.69444,0.0,0.0,2.0
1758074535.19803,34848.0,191.4287,30632.0,168.26917,2022.0,56.16667,12.0,0.33333,2.0
1758074535.21573,34736.0,190.81346,30632.0,168.26917,2324.0,64.55556,9.0,0.25,2.0
1758074535.23096,34610.0,190.12131,30632.0,168.26917,2585.0,71.80556,4.0,0.11111,2.0
1758074535.23171,34471.0,189.35776,30633.0,168.27466,2807.0,77.97222,0.0,0.0,2.0
1758074535.24695,34324.0,188.55023,30633.0,168.27466,2938.0,81.61111,0.0,0.0,2.0
1758074535.24811,34174.0,187.72624,30633.0,168.27466,2987.0,82.97222,0.0,0.0,2.0
1758074535.26414,34019.0,186.8748,30633.0,168.27466,3171.0,88.08334,9.0,0.25,2.0
1758074535.27988,33846.0,185.92447,30635.0,168.28564,3661.0,101.69444,48.0,1.33333,2.0
1758074535.28071,33638.0,184.78186,30640.0,168.31311,4455.0,123.75,181.0,5.02778,2.0
1758074535.29589,33387.0,183.40306,30665.0,168.45045,5274.0,146.5,806.0,22.38889,2.0
1758074535.31635,33097.0,181.81001,30727.0,168.79103,6057.0,168.25,1554.0,43.16667,2.0
1758074535.31669,32778.0,180.05768,30831.0,169.36232,6481.0,180.02777,2414.0,67.05556,2.0
1758074535.33206,32443.0,178.21744,30972.0,170.13687,6698.0,186.05556,2972.0,82.55556,2.0
1758074535.33315,32098.0,176.32227,31131.0,171.0103,6879.0,191.08333,3254.0,90.38889,2.0
1758074535.349,31753.0,174.42709,31299.0,171.93317,6708.0,186.33333,3339.0,92.75,2.0
1758074535.34943,31422.0,172.60883,31467.0,172.85603,6263.0,173.97223,3316.0,92.11111,2.0
1758074535.36572,31119.0,170.94438,31633.0,173.76791,5703.0,158.41667,3284.0,91.22222,2.0
1758074535.38199,30853.0,169.48317,31803.0,174.70175,4868.0,135.22223,3427.0,95.19444,2.0
1758074535.38281,30636.0,168.29114,31986.0,175.70703,3873.0,107.58334,3804.0,105.66666,2.0
1758074535.39879,30470.0,167.37926,32196.0,176.86061,2840.0,78.88889,4476.0,124.33334,2.0
1758074535.40071,30357.0,166.75853,32450.0,178.25591,1802.0,50.05556,5455.0,151.52777,2.0
1758074535.41602,30300.0,166.44542,32756.0,179.93683,612.0,17.0,6508.0,180.77777,2.0
1758074535.43199,30294.0,166.41246,33120.0,181.93636,-62.0,-1.72222,7700.0,213.88889,2.0
1758074535.43282,30299.0,166.43993,33531.0,184.19409,-148.0,-4.11111,8382.0,232.83333,2.0
1758074535.448,30315.0,166.52782,33974.0,186.62761,-472.0,-13.11111,8937.0,248.25,2.0
1758074535.44879,30352.0,166.73106,34430.0,189.13251,-946.0,-26.27778,8912.0,247.55556,2.0
1758074535.46402,30419.0,167.09911,34881.0,191.60997,-1606.0,-44.61111,8816.0,244.88889,2.0
1758074535.48142,30519.0,167.64842,35315.0,193.99405,-2291.0,-63.63889,8291.0,230.30556,2.0
1758074535.48296,30654.0,168.39001,35724.0,196.2408,-2955.0,-82.08334,7899.0,219.41667,2.0
1758074535.49884,30817.0,169.28542,36114.0,198.38315,-3446.0,-95.72222,7341.0,203.91667,2.0
1758074535.49958,31009.0,170.34012,36463.0,200.30029,-4034.0,-112.05556,6572.0,182.55556,2.0
1758074535.51933,31225.0,171.52667,36780.0,202.04166,-4340.0,-120.55556,6079.0,168.86111,2.0
1758074535.52053,31445.0,172.73518,37072.0,203.64569,-4271.0,-118.63889,5525.0,153.47223,2.0
1758074535.53614,31653.0,173.87778,37342.0,205.12886,-3943.0,-109.52778,5189.0,144.13889,2.0
1758074535.55289,31840.0,174.90501,37594.0,206.51317,-3474.0,-96.5,4805.0,133.47223,2.0
1758074535.55376,32000.0,175.78394,37825.0,207.7821,-2891.0,-80.30556,4378.0,121.61111,2.0
1758074535.56908,32126.0,176.47607,38036.0,208.94119,-2179.0,-60.52778,3972.0,110.33334,2.0
1758074535.56981,32219.0,176.98695,38227.0,209.99039,-1577.0,-43.80556,3540.0,98.33334,2.0
1758074535.58514,32281.0,177.32753,38390.0,210.88579,-956.0,-26.55556,2955.0,82.08334,2.0
1758074535.6016,32318.0,177.53078,38519.0,211.59441,-550.0,-15.27778,2267.0,62.97222,2.0
1758074535.60302,32334.0,177.61868,38613.0,212.11078,-95.0,-2.63889,1554.0,43.16667,2.0
1758074535.61924,32333.0,177.61319,38667.0,212.40741,0.0,0.0,662.0,18.38889,2.0
1758074535.62083,32333.0,177.61319,38678.0,212.46783,6.0,0.16667,-90.0,-2.5,2.0
1758074535.63605,32333.0,177.61319,38676.0,212.45685,0.0,0.0,0.0,0.0,2.0
1758074535.6532,32333.0,177.61319,38676.0,212.45685,0.0,0.0,0.0,0.0,2.0
1758074535.65567,32334.0,177.61868,38668.0,212.4129,-8.0,-0.22222,-297.0,-8.25,2.0
1758074535.67109,32340.0,177.65164,38636.0,212.23712,-236.0,-6.55556,-906.0,-25.16667,2.0
1758074535.67224,32367.0,177.79996,38567.0,211.85809,-754.0,-20.94444,-1706.0,-47.38889,2.0
1758074535.68707,32424.0,178.11307,38458.0,211.25932,-1367.0,-37.97222,-2511.0,-69.75,2.0
1758074535.68915,32512.0,178.59648,38306.0,210.42436,-1906.0,-52.94444,-3295.0,-91.52778,2.0
1758074535.70507,32621.0,179.19524,38121.0,209.40811,-2317.0,-64.36111,-3883.0,-107.86111,2.0
1758074535.72118,32743.0,179.86542,37913.0,208.2655,-2415.0,-67.08334,-4263.0,-118.41666,2.0
1758074535.72193,32863.0,180.5246,37690.0,207.04051,-2312.0,-64.22222,-4463.0,-123.97222,2.0
1758074535.73713,32971.0,181.11787,37462.0,205.78804,-1999.0,-55.52778,-4538.0,-126.05556,2.0
1758074535.73919,33063.0,181.62325,37233.0,204.53009,-1659.0,-46.08333,-4502.0,-125.05556,2.0
1758074535.75592,33138.0,182.03523,37006.0,203.28314,-1365.0,-37.91667,-4434.0,-123.16666,2.0
1758074535.77334,33198.0,182.36485,36784.0,202.06363,-1099.0,-30.52778,-4408.0,-122.44444,2.0
1758074535.77378,33251.0,182.65599,36557.0,200.81667,-1007.0,-27.97222,-4517.0,-125.47222,2.0
1758074535.78929,33305.0,182.95262,36326.0,199.54773,-1065.0,-29.58333,-4621.0,-128.36111,2.0
1758074535.78998,33357.0,183.23827,36082.0,198.20737,-971.0,-26.97222,-4998.0,-138.83333,2.0
1758074535.806,33401.0,183.47997,35813.0,196.72969,-755.0,-20.97222,-5619.0,-156.08333,2.0
1758074535.82223,33434.0,183.66125,35511.0,195.07072,-639.0,-17.75,-6240.0,-173.33333,2.0
1758074535.823,33468.0,183.84802,35185.0,193.27992,-693.0,-19.25,-6657.0,-184.91667,2.0
1758074535.83942,33505.0,184.05127,34846.0,191.41771,-705.0,-19.58333,-6517.0,-181.02777,2.0
1758074535.8419,33529.0,184.18311,34534.0,189.70383,-230.0,-6.38889,-5845.0,-162.36111,2.0
1758074535.85729,33523.0,184.15015,34260.0,188.19867,309.0,8.58333,-5077.0,-141.02777,2.0
1758074535.85882,33491.0,183.97437,34029.0,186.92973,876.0,24.33333,-4179.0,-116.08334,2.0
1758074535.87575,33429.0,183.63379,33848.0,185.93546,1506.0,41.83333,-3136.0,-87.11111,2.0
1758074535.89128,33335.0,183.11742,33713.0,185.19388,2094.0,58.16667,-2280.0,-63.33333,2.0
1758074535.89236,33219.0,182.48021,33616.0,184.66101,2429.0,67.47222,-1636.0,-45.44444,2.0
1758074535.90824,33095.0,181.79903,33545.0,184.271,2411.0,66.97222,-1279.0,-35.52778,2.0
1758074535.91105,32981.0,181.17281,33487.0,183.95239,2120.0,58.88889,-1048.0,-29.11111,2.0
1758074535.92625,32889.0,180.66742,33437.0,183.67773,1594.0,44.27778,-994.0,-27.61111,2.0
1758074535.94656,32825.0,180.31586,33384.0,183.38658,978.0,27.16667,-1069.0,-29.69444,2.0
1758074535.94698,32797.0,180.16205,33328.0,183.07896,280.0,7.77778,-1162.0,-32.27778,2.0
1758074535.95051,32797.0,180.16205,33263.0,182.72191,-125.0,-3.47222,-1387.0,-38.52778,2.0
1758074535.96632,32806.0,180.21149,33190.0,182.32091,-256.0,-7.11111,-1487.0,-41.30556,2.0
1758074535.98239,32827.0,180.32684,33111.0,181.88692,-513.0,-14.25,-1671.0,-46.41667,2.0
1758074535.98333,32861.0,180.51361,33022.0,181.39803,-780.0,-21.66667,-1912.0,-53.11111,2.0
1758074535.99868,32908.0,180.7718,32915.0,180.81026,-1085.0,-30.13889,-2334.0,-64.83334,2.0
1758074535.99902,32976.0,181.14534,32779.0,180.06317,-1615.0,-44.86111,-2993.0,-83.13889,2.0
1758074536.01544,33073.0,181.67818,32607.0,179.11833,-2157.0,-59.91667,-3688.0,-102.44444,2.0
1758074536.03134,33198.0,182.36485,32404.0,178.0032,-2586.0,-71.83334,-4260.0,-118.33334,2.0
1758074536.03224,33339.0,183.13939,32178.0,176.76172,-2907.0,-80.75,-4607.0,-127.97222,2.0
1758074536.04735,33490.0,183.96887,31948.0,175.49829,-2994.0,-83.16666,-4453.0,-123.69444,2.0
1758074536.04865,33640.0,184.79285,31739.0,174.35019,-2895.0,-80.41666,-3872.0,-107.55556,2.0
1758074536.06516,33779.0,185.55643,31562.0,173.3779,-2650.0,-73.61111,-3205.0,-89.02778,2.0
1758074536.08141,33905.0,186.24857,31420.0,172.59784,-2381.0,-66.13889,-2550.0,-70.83334,2.0
1758074536.08201,34019.0,186.8748,31307.0,171.97711,-2212.0,-61.44444,-2019.0,-56.08333,2.0
1758074536.0974,34130.0,187.48454,31220.0,171.49921,-2232.0,-62.0,-1560.0,-43.33333,2.0
1758074536.09819,34250.0,188.14374,31148.0,171.10368,-2474.0,-68.72222,-1310.0,-36.38889,2.0
1758074536.11341,34387.0,188.8963,31084.0,170.75212,-2898.0,-80.5,-1267.0,-35.19444,2.0
1758074536.12939,34550.0,189.79172,31020.0,170.40054,-3449.0,-95.80556,-1215.0,-33.75,2.0
1758074536.13072,34741.0,190.84093,30959.0,170.06546,-4019.0,-111.63889,-1209.0,-33.58333,2.0
1758074536.14534,34958.0,192.03297,30897.0,169.72487,-4508.0,-125.22222,-1167.0,-32.41667,2.0
1758074536.16133,35194.0,193.32936,30841.0,169.41725,-4798.0,-133.27777,-1084.0,-30.11111,2.0
1758074536.1623,35442.0,194.69168,30791.0,169.14259,-4994.0,-138.72223,-890.0,-24.72222,2.0
1758074536.17738,35698.0,196.09795,30754.0,168.93935,-5068.0,-140.77777,-592.0,-16.44444,2.0
1758074536.17855,35952.0,197.49324,30735.0,168.83498,-4924.0,-136.77777,-277.0,-7.69444,2.0
1758074536.19341,36189.0,198.79514,30733.0,168.82399,-4447.0,-123.52778,72.0,2.0,2.0
1758074536.20947,36404.0,199.9762,30735.0,168.83498,-4096.0,-113.77778,0.0,0.0,2.0
1758074536.21022,36604.0,201.07484,30735.0,168.83498,-3817.0,-106.02778,-9.0,-0.25,2.0
1758074536.22543,36790.0,202.09659,30735.0,168.83498,-3569.0,-99.13889,-8.0,-0.22222,2.0
1758074536.24123,36962.0,203.04141,30734.0,168.82948,-3290.0,-91.38889,-9.0,-0.25,2.0
1758074536.24254,37124.0,203.93134,30733.0,168.82399,-3123.0,-86.75,-24.0,-0.66667,2.0
1758074536.25742,37280.0,204.78828,30730.0,168.80751,-3059.0,-84.97222,-39.0,-1.08333,2.0
1758074536.2586,37433.0,205.62874,30727.0,168.79103,-3015.0,-83.75,-122.0,-3.38889,2.0
1758074536.27343,37584.0,206.45824,30716.0,168.73061,-2942.0,-81.72222,-312.0,-8.66667,2.0
1758074536.28943,37732.0,207.27122,30696.0,168.62074,-2873.0,-79.80556,-498.0,-13.83333,2.0
1758074536.29065,37873.0,208.04578,30666.0,168.45595,-2744.0,-76.22222,-595.0,-16.52778,2.0
1758074536.30544,38008.0,208.78735,30635.0,168.28564,-2576.0,-71.55556,-571.0,-15.86111,2.0
1758074536.32126,38133.0,209.47403,30604.0,168.11536,-2390.0,-66.38889,-640.0,-17.77778,2.0
1758074536.32211,38248.0,210.10574,30572.0,167.93958,-2161.0,-60.02778,-708.0,-19.66667,2.0
1758074536.33748,38352.0,210.67705,30532.0,167.71985,-1946.0,-54.05556,-816.0,-22.66667,2.0
1758074536.3383,38444.0,211.18242,30493.0,167.5056,-1721.0,-47.80556,-753.0,-20.91667,2.0
1758074536.35357,38523.0,211.61638,30453.0,167.28587,-1483.0,-41.19444,-883.0,-24.52778,2.0
1758074536.36955,38585.0,211.95697,30412.0,167.06065,-1050.0,-29.16667,-739.0,-20.52778,2.0
1758074536.37074,38617.0,212.13275,30385.0,166.91234,-283.0,-7.86111,-351.0,-9.75,2.0
1758074536.38549,38614.0,212.11627,30382.0,166.89586,230.0,6.38889,95.0,2.63889,2.0
1758074536.40129,38591.0,211.98993,30390.0,166.9398,594.0,16.5,169.0,4.69444,2.0
1758074536.40186,38554.0,211.78668,30398.0,166.98375,816.0,22.66667,158.0,4.38889,2.0
1758074536.4177,38508.0,211.53398,30408.0,167.03868,970.0,26.94444,208.0,5.77778,2.0
1758074536.41891,38456.0,211.24834,30419.0,167.09911,1129.0,31.36111,205.0,5.69444,2.0
1758074536.43372,38395.0,210.91325,30430.0,167.15953,1209.0,33.58333,211.0,5.86111,2.0
1758074536.44975,38331.0,210.56169,30436.0,167.19249,1276.0,35.44444,9.0,0.25,2.0
1758074536.45097,38264.0,210.19363,30436.0,167.19249,1362.0,37.83333,20.0,0.55556,2.0
1758074536.46566,38188.0,209.77615,30439.0,167.20897,1663.0,46.19444,112.0,3.11111,2.0
1758074536.4821,38089.0,209.23233,30455.0,167.29686,2144.0,59.55556,481.0,13.36111,2.0
1758074536.48331,37963.0,208.54016,30492.0,167.50011,2774.0,77.05556,965.0,26.80556,2.0
1758074536.49867,37799.0,207.63928,30563.0,167.89014,3589.0,99.69444,1736.0,48.22222,2.0
1758074536.49984,37591.0,206.49669,30674.0,168.49989,4454.0,123.72222,2568.0,71.33334,2.0
1758074536.51574,37352.0,205.18379,30828.0,169.34584,4866.0,135.16667,3228.0,89.66666,2.0
1758074536.53315,37106.0,203.83246,30985.0,170.20828,4781.0,132.80556,2802.0,77.83334,2.0
1758074536.5335,36877.0,202.57449,31099.0,170.83452,4290.0,119.16666,1739.0,48.30556,2.0
1758074536.54965,36680.0,201.49232,31148.0,171.10368,3523.0,97.86111,317.0,8.80556,2.0
1758074536.55086,36529.0,200.66286,31137.0,171.04326,2546.0,70.72222,-317.0,-8.80556,2.0
1758074536.56573,36427.0,200.10254,31131.0,171.0103,1609.0,44.69444,0.0,0.0,2.0
1758074536.58292,36365.0,199.76196,31131.0,171.0103,929.0,25.80556,0.0,0.0,2.0
1758074536.58351,36335.0,199.59717,31131.0,171.0103,347.0,9.63889,7.0,0.19444,2.0
1758074536.59976,36332.0,199.58069,31133.0,171.02129,-86.0,-2.38889,11.0,0.30556,2.0
1758074536.60177,36336.0,199.60266,31134.0,171.02678,-80.0,-2.22222,0.0,0.0,2.0
1758074536.6167,36339.0,199.61914,31134.0,171.02678,-20.0,-0.55556,0.0,0.0,2.0
1758074536.61748,36339.0,199.61914,31134.0,171.02678,-18.0,-0.5,0.0,0.0,2.0
1758074536.63267,36342.0,199.63562,31134.0,171.02678,-85.0,-2.36111,0.0,0.0,2.0
1758074536.64955,36350.0,199.67957,31134.0,171.02678,-258.0,-7.16667,0.0,0.0,2.0
1758074536.65041,36371.0,199.79492,31134.0,171.02678,-502.0,-13.94444,-1.0,-0.02778,2.0
1758074536.66578,36404.0,199.9762,31134.0,171.02678,-750.0,-20.83333,-9.0,-0.25,2.0
1758074536.66741,36447.0,200.2124,31133.0,171.02129,-982.0,-27.27778,-9.0,-0.25,2.0
1758074536.68706,36508.0,200.5475,31133.0,171.02129,-1309.0,-36.36111,0.0,0.0,2.0
1758074536.68747,36578.0,200.93202,31133.0,171.02129,-1452.0,-40.33333,0.0,0.0,2.0
1758074536.70357,36655.0,201.355,31134.0,171.02678,-1530.0,-42.5,0.0,0.0,2.0
1758074536.72327,36730.0,201.76698,31134.0,171.02678,-1402.0,-38.94444,0.0,0.0,2.0
1758074536.72376,36794.0,202.11856,31134.0,171.02678,-1113.0,-30.91667,9.0,0.25,2.0
1758074536.74141,36837.0,202.35477,31134.0,171.02678,-630.0,-17.5,8.0,0.22222,2.0
1758074536.74216,36854.0,202.44815,31136.0,171.03777,-100.0,-2.77778,20.0,0.55556,2.0
1758074536.76099,36848.0,202.41519,31137.0,171.04326,254.0,7.05556,25.0,0.69444,2.0
1758074536.76183,36826.0,202.29434,31139.0,171.05424,585.0,16.25,38.0,1.05556,2.0
1758074536.80075,36779.0,202.03616,31142.0,171.07072,1221.0,33.91667,64.0,1.77778,2.0
1758074536.8015,36697.0,201.58571,31145.0,171.0872,1883.0,52.30556,105.0,2.91667,2.0
1758074536.80339,36582.0,200.95399,31154.0,171.13664,2569.0,71.36111,181.0,5.02778,2.0
1758074536.80541,36432.0,200.13,31163.0,171.18608,3235.0,89.86111,130.0,3.61111,2.0
1758074536.82082,36250.0,199.13025,31167.0,171.20805,3834.0,106.5,41.0,1.13889,2.0
1758074536.82167,36041.0,197.98215,31167.0,171.20805,4366.0,121.27778,0.0,0.0,2.0
1758074536.83683,35806.0,196.69124,31167.0,171.20805,4864.0,135.11111,0.0,0.0,2.0
1758074536.8388,35550.0,195.28496,31167.0,171.20805,5193.0,144.25,0.0,0.0,2.0
1758074536.85547,35285.0,193.82925,31167.0,171.20805,5240.0,145.55556,0.0,0.0,2.0
1758074536.87089,35022.0,192.38454,31167.0,171.20805,5171.0,143.63889,0.0,0.0,2.0
1758074536.87204,34764.0,190.96727,31167.0,171.20805,4978.0,138.27777,-9.0,-0.25,2.0
1758074536.88687,34520.0,189.62692,31167.0,171.20805,4658.0,129.38889,-4.0,-0.11111,2.0
1758074536.88846,34295.0,188.39093,31166.0,171.20256,4297.0,119.36111,0.0,0.0,2.0
1758074536.90388,34088.0,187.25383,31166.0,171.20256,3895.0,108.19444,0.0,0.0,2.0
1758074536.92064,33900.0,186.2211,31166.0,171.20256,3538.0,98.27778,0.0,0.0,2.0
1758074536.92145,33731.0,185.29276,31166.0,171.20256,3199.0,88.86111,0.0,0.0,2.0
1758074536.9373,33579.0,184.45776,31166.0,171.20256,2904.0,80.66666,0.0,0.0,2.0
1758074536.93774,33440.0,183.69421,31166.0,171.20256,2589.0,71.91666,0.0,0.0,2.0
1758074536.95565,33320.0,183.03502,31166.0,171.20256,2156.0,59.88889,0.0,0.0,2.0
1758074536.97089,33225.0,182.51317,31166.0,171.20256,1648.0,45.77778,0.0,0.0,2.0
1758074536.97211,33162.0,182.1671,31166.0,171.20256,951.0,26.41667,0.0,0.0,2.0
1758074536.98693,33127.0,181.97481,31166.0,171.20256,558.0,15.5,6.0,0.16667,2.0
1758074536.98814,33103.0,181.84297,31168.0,171.21356,485.0,13.47222,43.0,1.19444,2.0
1758074537.0029,33067.0,181.64522,31182.0,171.29047,928.0,25.77778,593.0,16.47222,2.0
1758074537.01896,33000.0,181.27718,31238.0,171.59808,1652.0,45.88889,1526.0,42.38889,2.0
1758074537.02024,32894.0,180.69489,31346.0,172.19135,2437.0,67.69444,2619.0,72.75,2.0
1758074537.03573,32749.0,179.89838,31503.0,173.05379,3171.0,88.08334,3395.0,94.30556,2.0
1758074537.03697,32570.0,178.91508,31689.0,174.07553,3812.0,105.88889,3866.0,107.38889,2.0
1758074537.05381,32360.0,177.76151,31892.0,175.19066,4305.0,119.58334,4086.0,113.5,2.0
1758074537.07001,32132.0,176.50903,32102.0,176.34424,4632.0,128.66667,4181.0,116.13889,2.0
1758074537.0712,31895.0,175.20714,32318.0,177.53078,4700.0,130.55556,4268.0,118.55556,2.0
1758074537.10673,31664.0,173.9382,32534.0,178.71733,4441.0,123.36111,4265.0,118.47222,2.0
1758074537.11063,31451.0,172.76814,32751.0,179.90936,4007.0,111.30556,4236.0,117.66666,2.0
1758074537.11186,31265.0,171.7464,32965.0,181.08492,3428.0,95.22222,4251.0,118.08334,2.0
1758074537.11331,31113.0,170.91142,33187.0,182.30443,2685.0,74.58334,4511.0,125.30556,2.0
1758074537.13145,31000.0,170.29068,33429.0,183.63379,1832.0,50.88889,5019.0,139.41667,2.0
1758074537.15101,30936.0,169.93912,33704.0,185.14444,888.0,24.66667,5748.0,159.66667,2.0
1758074537.15165,30915.0,169.82376,34020.0,186.88029,64.0,1.77778,6624.0,184.0,2.0
1758074537.15359,30918.0,169.84024,34374.0,188.82489,-71.0,-1.97222,7206.0,200.16667,2.0
1758074537.16905,30921.0,169.85672,34758.0,190.93431,-60.0,-1.66667,7901.0,219.47223,2.0
1758074537.16989,30925.0,169.87869,35167.0,193.18105,-85.0,-2.36111,8152.0,226.44444,2.0
1758074537.18503,30934.0,169.92813,35577.0,195.43327,-288.0,-8.0,8088.0,224.66667,2.0
1758074537.20113,30958.0,170.05997,35982.0,197.65805,-616.0,-17.11111,7673.0,213.13889,2.0
1758074537.20187,31003.0,170.30716,36351.0,199.68506,-1138.0,-31.61111,7013.0,194.80556,2.0
1758074537.21711,31087.0,170.7686,36681.0,201.49782,-2013.0,-55.91667,6093.0,169.25,2.0
1758074537.21788,31209.0,171.43878,36962.0,203.04141,-2656.0,-73.77778,5125.0,142.36111,2.0
1758074537.23585,31355.0,172.24078,37196.0,204.32684,-2979.0,-82.75,4330.0,120.27778,2.0
1758074537.25105,31506.0,173.07027,37396.0,205.42549,-2931.0,-81.41666,3697.0,102.69444,2.0
1758074537.25215,31645.0,173.83383,37571.0,206.38683,-2542.0,-70.61111,3318.0,92.16666,2.0
1758074537.26961,31759.0,174.46005,37734.0,207.28221,-1988.0,-55.22222,3144.0,87.33334,2.0
1758074537.27029,31840.0,174.90501,37891.0,208.14465,-1285.0,-35.69444,3093.0,85.91666,2.0
1758074537.28615,31883.0,175.14122,38048.0,209.00711,-539.0,-14.97222,3079.0,85.52778,2.0
1758074537.28849,31896.0,175.21263,38201.0,209.84756,-43.0,-1.19444,2921.0,81.13889,2.0
1758074537.30412,31895.0,175.20714,38340.0,210.61113,0.0,0.0,2618.0,72.72222,2.0
1758074537.32096,31895.0,175.20714,38459.0,211.26482,0.0,0.0,2143.0,59.52778,2.0
1758074537.32178,31895.0,175.20714,38554.0,211.78668,0.0,0.0,1624.0,45.11111,2.0
1758074537.33716,31895.0,175.20714,38623.0,212.16571,0.0,0.0,1180.0,32.77778,2.0
1758074537.33794,31896.0,175.21263,38663.0,212.38544,0.0,0.0,488.0,13.55556,2.0
1758074537.35311,31896.0,175.21263,38670.0,212.42389,0.0,0.0,-79.0,-2.19444,2.0
1758074537.36918,31896.0,175.21263,38669.0,212.4184,0.0,0.0,0.0,0.0,2.0
1758074537.36995,31896.0,175.21263,38668.0,212.4129,-18.0,-0.5,-3.0,-0.08333,2.0
1758074537.38601,31898.0,175.22362,38668.0,212.4129,-65.0,-1.80556,-18.0,-0.5,2.0
1758074537.38725,31914.0,175.31151,38658.0,212.35797,-570.0,-15.83333,-333.0,-9.25,2.0
1758074537.4043,31962.0,175.5752,38627.0,212.18768,-1206.0,-33.5,-826.0,-22.94444,2.0
1758074537.42133,32043.0,176.02014,38566.0,211.8526,-1878.0,-52.16667,-1478.0,-41.05556,2.0
1758074537.42176,32157.0,176.64636,38475.0,211.35271,-2494.0,-69.27778,-2051.0,-56.97222,2.0
1758074537.43725,32296.0,177.40993,38357.0,210.70451,-2864.0,-79.55556,-2497.0,-69.36111,2.0
1758074537.43798,32447.0,178.23941,38224.0,209.97391,-2987.0,-82.97222,-2694.0,-74.83334,2.0
1758074537.45496,32594.0,179.04692,38085.0,209.21036,-2832.0,-78.66666,-2761.0,-76.69444,2.0
1758074537.47165,32729.0,179.78851,37947.0,208.45227,-2514.0,-69.83334,-2738.0,-76.05556,2.0
1758074537.47199,32845.0,180.42572,37808.0,207.68872,-2125.0,-59.02778,-2762.0,-76.72222,2.0
1758074537.48726,32939.0,180.94209,37668.0,206.91966,-1629.0,-45.25,-2792.0,-77.55556,2.0
1758074537.488,33012.0,181.34309,37524.0,206.12865,-1314.0,-36.5,-2872.0,-79.77778,2.0
1758074537.5032,33070.0,181.6617,37373.0,205.29915,-1049.0,-29.13889,-3109.0,-86.36111,2.0
1758074537.51926,33118.0,181.92537,37209.0,204.39825,-893.0,-24.80556,-3377.0,-93.80556,2.0
1758074537.52004,33155.0,182.12865,37023.0,203.37653,-575.0,-15.97222,-3899.0,-108.30556,2.0
1758074537.53625,33173.0,182.22752,36806.0,202.18448,-160.0,-4.44444,-4520.0,-125.55556,2.0
1758074537.53737,33173.0,182.22752,36557.0,200.81667,90.0,2.5,-5218.0,-144.94444,2.0
1758074537.55332,33167.0,182.19456,36273.0,199.25659,119.0,3.30556,-5921.0,-164.47223,2.0
1758074537.5694,33163.0,182.17259,35953.0,197.49873,48.0,1.33333,-6657.0,-184.91667,2.0
1758074537.5701,33163.0,182.17259,35587.0,195.4882,-44.0,-1.22222,-7679.0,-213.30556,2.0
1758074537.58609,33170.0,182.21104,35176.0,193.23048,-236.0,-6.55556,-8495.0,-235.97223,2.0
1758074537.58731,33201.0,182.38133,34711.0,190.67613,-926.0,-25.72222,-9569.0,-265.80554,2.0
1758074537.6033,33274.0,182.78233,34194.0,187.83612,-1859.0,-51.63889,-10616.0,-294.88889,2.0
1758074537.61938,33390.0,183.41954,33648.0,184.83679,-2539.0,-70.52778,-10782.0,-299.5,2.0
1758074537.62064,33523.0,184.15015,33113.0,181.8979,-2677.0,-74.36111,-10483.0,-291.19446,2.0
1758074537.63542,33651.0,184.85327,32594.0,179.04692,-2405.0,-66.80556,-9908.0,-275.22223,2.0
1758074537.6514,33759.0,185.44656,32122.0,176.4541,-1918.0,-53.27778,-8866.0,-246.27777,2.0
1758074537.65212,33834.0,185.85855,31725.0,174.27328,-1103.0,-30.63889,-7041.0,-195.58333,2.0
1758074537.66749,33865.0,186.02884,31424.0,172.61983,-218.0,-6.05556,-5200.0,-144.44444,2.0
1758074537.66956,33864.0,186.02335,31205.0,171.41681,59.0,1.63889,-3724.0,-103.44444,2.0
1758074537.68436,33864.0,186.02335,31049.0,170.55986,-42.0,-1.16667,-2613.0,-72.58334,2.0
1758074537.70115,33875.0,186.08377,30942.0,169.97208,-449.0,-12.47222,-1857.0,-51.58333,2.0
1758074537.70196,33920.0,186.33098,30861.0,169.52711,-1217.0,-33.80556,-1459.0,-40.52778,2.0
1758074537.71849,34010.0,186.82536,30786.0,169.11513,-2254.0,-62.61111,-1460.0,-40.55556,2.0
1758074537.71895,34161.0,187.65483,30713.0,168.71413,-3456.0,-96.0,-1474.0,-40.94444,2.0
1758074537.73572,34370.0,188.80292,30633.0,168.27466,-4619.0,-128.30556,-1552.0,-43.11111,2.0
1758074537.75185,34636.0,190.26413,30557.0,167.85718,-5687.0,-157.97223,-1496.0,-41.55556,2.0
1758074537.75343,34951.0,191.99452,30490.0,167.48912,-6586.0,-182.94444,-1147.0,-31.86111,2.0
1758074537.76925,35296.0,193.88968,30443.0,167.23094,-6948.0,-193.0,-750.0,-20.83333,2.0
1758074537.77002,35661.0,195.8947,30417.0,167.08812,-7376.0,-204.88889,-280.0,-7.77778,2.0
1758074537.78544,36026.0,197.89975,30421.0,167.11009,-6991.0,-194.19444,279.0,7.75,2.0
1758074537.80144,36367.0,199.77295,30444.0,167.23643,-6568.0,-182.44444,517.0,14.36111,2.0
1758074537.80344,36689.0,201.54176,30478.0,167.4232,-6184.0,-171.77777,738.0,20.5,2.0
1758074537.82036,36989.0,203.18973,30517.0,167.63744,-5713.0,-158.69444,822.0,22.83333,2.0
1758074537.82075,37267.0,204.71687,30562.0,167.88464,-5336.0,-148.22223,882.0,24.5,2.0
1758074537.83645,37528.0,206.15062,30603.0,168.10986,-5028.0,-139.66667,741.0,20.58333,2.0
1758074537.83766,37774.0,207.50195,30635.0,168.28564,-4678.0,-129.94444,540.0,15.0,2.0
1758074537.8535,38003.0,208.75989,30659.0,168.4175,-4382.0,-121.72222,363.0,10.08333,2.0
1758074537.86949,38218.0,209.94095,30669.0,168.47243,-4125.0,-114.58334,122.0,3.38889,2.0
1758074537.87115,38422.0,211.06157,30670.0,168.47792,-3909.0,-108.58334,-6.0,-0.16667,2.0
1758074537.88649,38612.0,212.10529,30670.0,168.47792,-3642.0,-101.16666,-4.0,-0.11111,2.0
1758074537.88772,38786.0,213.06113,30670.0,168.47792,-3295.0,-91.52778,-8.0,-0.22222,2.0
1758074537.90454,38943.0,213.92355,30669.0,168.47243,-2955.0,-82.08334,-18.0,-0.5,2.0
1758074537.92127,39083.0,214.69261,30668.0,168.46693,-2640.0,-73.33334,-34.0,-0.94444,2.0
1758074537.92263,39209.0,215.38475,30665.0,168.45045,-2407.0,-66.86111,-86.0,-2.38889,2.0
1758074537.93758,39323.0,216.011,30655.0,168.39551,-2167.0,-60.19444,-286.0,-7.94444,2.0
1758074537.94114,39427.0,216.58229,30637.0,168.29663,-1932.0,-53.66667,-391.0,-10.86111,2.0
1758074537.95649,39520.0,217.09315,30608.0,168.13733,-1723.0,-47.86111,-688.0,-19.11111,2.0
1758074537.96124,39598.0,217.52164,30566.0,167.90662,-1472.0,-40.88889,-995.0,-27.63889,2.0
1758074537.97649,39657.0,217.84573,30514.0,167.62096,-861.0,-23.91667,-950.0,-26.38889,2.0
1758074537.98017,39676.0,217.9501,30476.0,167.41222,-12.0,-0.33333,-614.0,-17.05556,2.0
1758074537.99635,39669.0,217.91165,30454.0,167.29137,233.0,6.47222,-331.0,-9.19444,2.0
1758074538.0008,39648.0,217.7963,30452.0,167.28038,527.0,14.63889,103.0,2.86111,2.0
1758074538.01666,39612.0,217.59854,30458.0,167.31334,845.0,23.47222,79.0,2.19444,2.0
1758074538.0205,39558.0,217.30191,30461.0,167.32982,1179.0,32.75,42.0,1.16667,2.0
1758074538.03567,39483.0,216.88991,30465.0,167.35179,1723.0,47.86111,68.0,1.88889,2.0
1758074538.05168,39384.0,216.34608,30470.0,167.37926,2161.0,60.02778,135.0,3.75,2.0
1758074538.0528,39258.0,215.65392,30480.0,167.43419,2677.0,74.36111,209.0,5.80556,2.0
1758074538.06767,39110.0,214.84093,30491.0,167.49461,3086.0,85.72222,212.0,5.88889,2.0
1758074538.07024,38945.0,213.93454,30502.0,167.55504,3322.0,92.27778,216.0,6.0,2.0
1758074538.08678,38769.0,212.96771,30515.0,167.62645,3603.0,100.08334,329.0,9.13889,2.0
1758074538.08945,38573.0,211.89105,30546.0,167.79675,4140.0,115.0,834.0,23.16667,2.0
1758074538.10463,38346.0,210.64409,30600.0,168.09338,4778.0,132.72223,1261.0,35.02778,2.0
1758074538.12148,38085.0,209.21036,30682.0,168.54384,5494.0,152.61111,1856.0,51.55556,2.0
1758074538.12304,37785.0,207.56238,30782.0,169.09315,6227.0,172.97223,2031.0,56.41667,2.0
1758074538.14023,37452.0,205.73311,30876.0,169.60951,6649.0,184.69444,1669.0,46.36111,2.0
1758074538.143,37130.0,203.96429,30945.0,169.98856,6096.0,169.33333,996.0,27.66667,2.0
1758074538.15906,36843.0,202.38773,30964.0,170.09293,5351.0,148.63889,-146.0,-4.05556,2.0
1758074538.16178,36592.0,201.00893,30950.0,170.01602,4624.0,128.44444,-333.0,-9.25,2.0
1758074538.17562,36381.0,199.84985,30930.0,169.90616,3827.0,106.30556,-411.0,-11.41667,2.0
1758074538.19169,36209.0,198.905,30906.0,169.77431,3069.0,85.25,-510.0,-14.16667,2.0
1758074538.19283,36072.0,198.15244,30880.0,169.63148,2475.0,68.75,-479.0,-13.30556,2.0
1758074538.20927,35960.0,197.53719,30859.0,169.51613,2015.0,55.97222,-405.0,-11.25,2.0
1758074538.21061,35869.0,197.03731,30841.0,169.41725,1680.0,46.66667,-340.0,-9.44444,2.0
1758074538.2265,35790.0,196.60335,30827.0,169.34035,1445.0,40.13889,-92.0,-2.55556,2.0
1758074538.22932,35719.0,196.21333,30829.0,169.35133,1408.0,39.11111,11.0,0.30556,2.0
1758074538.24513,35648.0,195.82329,30829.0,169.35133,1430.0,39.72222,9.0,0.25,2.0
1758074538.26073,35571.0,195.40031,30829.0,169.35133,1619.0,44.97222,9.0,0.25,2.0
1758074538.26147,35486.0,194.9334,30830.0,169.35683,1778.0,49.38889,0.0,0.0,2.0
1758074538.27673,35391.0,194.41153,30830.0,169.35683,1931.0,53.63889,0.0,0.0,2.0
1758074538.27827,35289.0,193.85123,30830.0,169.35683,2055.0,57.08333,0.0,0.0,2.0
1758074538.29529,35182.0,193.26344,30830.0,169.35683,2148.0,59.66667,0.0,0.0,2.0
1758074538.31076,35075.0,192.67567,30830.0,169.35683,2094.0,58.16667,0.0,0.0,2.0
1758074538.31202,34971.0,192.10439,30830.0,169.35683,2046.0,56.83333,-9.0,-0.25,2.0
1758074538.32676,34866.0,191.52757,30830.0,169.35683,2089.0,58.02778,0.0,0.0,2.0
1758074538.32915,34758.0,190.93431,30830.0,169.35683,2189.0,60.80556,0.0,0.0,2.0
1758074538.3447,34641.0,190.2916,30830.0,169.35683,2381.0,66.13889,0.0,0.0,2.0
1758074538.36083,34517.0,189.61044,30830.0,169.35683,2496.0,69.33334,0.0,0.0,2.0
1758074538.36164,34387.0,188.8963,30830.0,169.35683,2614.0,72.61111,0.0,0.0,2.0
1758074538.3768,34251.0,188.14923,30830.0,169.35683,2748.0,76.33334,0.0,0.0,2.0
1758074538.37999,34108.0,187.36369,30830.0,169.35683,2938.0,81.61111,0.0,0.0,2.0
1758074538.39575,33947.0,186.47929,30831.0,169.36232,3411.0,94.75,15.0,0.41667,2.0
1758074538.41189,33754.0,185.4191,30832.0,169.36781,4178.0,116.05556,35.0,0.97222,2.0
1758074538.41375,33516.0,184.11169,30839.0,169.40627,5007.0,139.08333,222.0,6.16667,2.0
1758074538.43042,33242.0,182.60655,30864.0,169.54359,5697.0,158.25,785.0,21.80556,2.0
1758074538.43117,32936.0,180.92561,30929.0,169.90067,6239.0,173.30556,1623.0,45.08333,2.0
1758074538.44793,32610.0,179.13481,31030.0,170.45547,6570.0,182.5,2241.0,62.25,2.0
1758074538.45124,32274.0,177.28908,31155.0,171.14214,6715.0,186.52777,2584.0,71.77778,2.0
1758074538.46928,31930.0,175.3994,31293.0,171.90021,6798.0,188.83333,2804.0,77.88889,2.0
1758074538.47124,31598.0,173.57565,31438.0,172.69673,6324.0,175.66667,2898.0,80.5,2.0
1758074538.48764,31291.0,171.88922,31587.0,173.51523,5828.0,161.88889,2970.0,82.5,2.0
1758074538.49125,31021.0,170.40604,31741.0,174.36118,4966.0,137.94444,3102.0,86.16666,2.0
1758074538.50852,30801.0,169.19753,31903.0,175.25108,3888.0,108.0,3323.0,92.30556,2.0
1758074538.50966,30635.0,168.28564,32087.0,176.26184,2820.0,78.33334,3874.0,107.61111,2.0
1758074538.5299,30527.0,167.69237,32307.0,177.47035,1616.0,44.88889,4730.0,131.38889,2.0
1758074538.53116,30477.0,167.41771,32581.0,178.97551,490.0,13.61111,5895.0,163.75,2.0
1758074538.54885,30474.0,167.40123,32915.0,180.81026,-19.0,-0.52778,7219.0,200.52777,2.0
1758074538.5497,30477.0,167.41771,33318.0,183.02403,-116.0,-3.22222,8255.0,229.30556,2.0
1758074538.5659,30489.0,167.48363,33753.0,185.4136,-323.0,-8.97222,8849.0,245.80556,2.0
1758074538.58271,30515.0,167.62645,34210.0,187.92401,-710.0,-19.72222,9042.0,251.16667,2.0
1758074538.58465,30564.0,167.89563,34661.0,190.40146,-1218.0,-33.83333,8765.0,243.47223,2.0
1758074538.6007,30644.0,168.33508,35095.0,192.78554,-1918.0,-53.27778,8279.0,229.97223,2.0
1758074538.60145,30760.0,168.97231,35496.0,194.98833,-2588.0,-71.88889,7604.0,211.22223,2.0
1758074538.62192,30909.0,169.79079,35868.0,197.03181,-3184.0,-88.44444,7107.0,197.41667,2.0
1758074538.62718,31081.0,170.73564,36206.0,198.88852,-3524.0,-97.88889,6386.0,177.38889,2.0
1758074538.62938,31262.0,171.72992,36519.0,200.60793,-3593.0,-99.80556,6128.0,170.22223,2.0
1758074538.64665,31438.0,172.69673,36822.0,202.27237,-3341.0,-92.80556,5866.0,162.94444,2.0
1758074538.64935,31604.0,173.60861,37102.0,203.81049,-3225.0,-89.58334,5251.0,145.86111,2.0
1758074538.66574,31761.0,174.47104,37355.0,205.20027,-3007.0,-83.52778,4783.0,132.86111,2.0
1758074538.6871,31902.0,175.24559,37584.0,206.45824,-2571.0,-71.41666,4296.0,119.33334,2.0
1758074538.69022,32019.0,175.88831,37787.0,207.57336,-2049.0,-56.91667,3811.0,105.86111,2.0
1758074538.69101,32104.0,176.35522,37970.0,208.57861,-1406.0,-39.05556,3417.0,94.91666,2.0
1758074538.70808,32157.0,176.64636,38130.0,209.45755,-784.0,-21.77778,2964.0,82.33334,2.0
1758074538.70983,32181.0,176.7782,38264.0,210.19363,-254.0,-7.05556,2380.0,66.11111,2.0
1758074538.726,32182.0,176.78369,38368.0,210.76494,29.0,0.80556,1782.0,49.5,2.0
1758074538.74288,32182.0,176.78369,38435.0,211.13298,0.0,0.0,1027.0,28.52778,2.0
1758074538.74407,32182.0,176.78369,38470.0,211.32524,0.0,0.0,410.0,11.38889,2.0
1758074538.75901,32182.0,176.78369,38474.0,211.34721,0.0,0.0,-82.0,-2.27778,2.0
1758074538.76188,32181.0,176.7782,38473.0,211.34172,0.0,0.0,0.0,0.0,2.0
1758074538.78061,32181.0,176.7782,38473.0,211.34172,4.0,0.11111,0.0,0.0,2.0
1758074538.78148,32181.0,176.7782,38473.0,211.34172,0.0,0.0,0.0,0.0,2.0
1758074538.80134,32183.0,176.78918,38468.0,211.31425,-38.0,-1.05556,-156.0,-4.33333,2.0
1758074538.80204,32195.0,176.85512,38450.0,211.21538,-414.0,-11.5,-517.0,-14.36111,2.0
1758074538.82092,32234.0,177.06935,38402.0,210.95171,-1009.0,-28.02778,-1252.0,-34.77778,2.0
1758074538.82173,32303.0,177.44838,38312.0,210.45732,-1674.0,-46.5,-2151.0,-59.75,2.0
1758074538.84107,32407.0,178.01968,38178.0,209.72122,-2280.0,-63.33333,-2989.0,-83.02778,2.0
1758074538.84314,32536.0,178.72832,38004.0,208.76538,-2702.0,-75.05556,-3676.0,-102.11111,2.0
1758074538.8611,32680.0,179.51933,37800.0,207.64478,-2905.0,-80.69444,-4231.0,-117.52778,2.0
1758074538.86309,32827.0,180.32684,37577.0,206.41978,-2847.0,-79.08334,-4535.0,-125.97222,2.0
1758074538.88075,32964.0,181.07942,37347.0,205.15633,-2539.0,-70.52778,-4557.0,-126.58334,2.0
1758074538.88154,33083.0,181.73311,37112.0,203.86542,-2169.0,-60.25,-4569.0,-126.91666,2.0
1758074538.89796,33182.0,182.27696,36880.0,202.59097,-1798.0,-49.94444,-4625.0,-128.47223,2.0
1758074538.90088,33266.0,182.73839,36643.0,201.28908,-1533.0,-42.58333,-4716.0,-131.0,2.0
1758074538.91734,33339.0,183.13939,36396.0,199.93225,-1361.0,-37.80556,-4949.0,-137.47223,2.0
1758074538.92141,33403.0,183.49095,36138.0,198.51498,-1149.0,-31.91667,-5174.0,-143.72223,2.0
1758074538.93713,33451.0,183.75464,35865.0,197.01534,-764.0,-21.22222,-5579.0,-154.97223,2.0
1758074538.93865,33479.0,183.90845,35569.0,195.38933,-389.0,-10.80556,-6091.0,-169.19444,2.0
1758074538.95621,33494.0,183.99084,35247.0,193.62051,-203.0,-5.63889,-6571.0,-182.52777,2.0
1758074538.97296,33503.0,184.04028,34890.0,191.65941,-185.0,-5.13889,-7444.0,-206.77777,2.0
1758074538.9757,33512.0,184.08972,34496.0,189.49509,-96.0,-2.66667,-8031.0,-223.08333,2.0
1758074538.99168,33512.0,184.08972,34087.0,187.24834,90.0,2.5,-8035.0,-223.19444,2.0
1758074538.99202,33503.0,184.04028,33688.0,185.05655,220.0,6.11111,-7643.0,-212.30556,2.0
1758074539.00718,33481.0,183.91943,33329.0,183.08446,671.0,18.63889,-6702.0,-186.16667,2.0
1758074539.00838,33427.0,183.6228,33017.0,181.37056,1400.0,38.88889,-5725.0,-159.02777,2.0
1758074539.02423,33333.0,183.10643,32756.0,179.93683,2148.0,59.66667,-4669.0,-129.69444,2.0
1758074539.04101,33211.0,182.43626,32546.0,178.78325,2578.0,71.61111,-3796.0,-105.44444,2.0
1758074539.04185,33082.0,181.72762,32367.0,177.79996,2467.0,68.52778,-3368.0,-93.55556,2.0
1758074539.05825,32973.0,181.12886,32202.0,176.89357,1858.0,51.61111,-3299.0,-91.63889,2.0
1758074539.06059,32906.0,180.76082,32028.0,175.93774,886.0,24.61111,-3583.0,-99.52778,2.0
1758074539.07737,32896.0,180.70589,31831.0,174.85558,-274.0,-7.61111,-4076.0,-113.22222,2.0
1758074539.07777,32935.0,180.92012,31613.0,173.65805,-1171.0,-32.52778,-4443.0,-123.41666,2.0
1758074539.09322,33022.0,181.39803,31379.0,172.37262,-2112.0,-58.66667,-4698.0,-130.5,2.0
1758074539.10922,33154.0,182.12315,31138.0,171.04875,-2957.0,-82.13889,-4676.0,-129.88889,2.0
1758074539.11004,33320.0,183.03502,30911.0,169.80177,-3502.0,-97.27778,-4261.0,-118.36111,2.0
1758074539.1253,33508.0,184.06775,30714.0,168.71962,-3863.0,-107.30556,-3582.0,-99.5,2.0
1758074539.14122,33710.0,185.1774,30552.0,167.82971,-4017.0,-111.58334,-2882.0,-80.05556,2.0
1758074539.14189,33920.0,186.33098,30429.0,167.15404,-4203.0,-116.75,-2121.0,-58.91667,2.0
1758074539.16123,34135.0,187.51201,30339.0,166.65965,-4247.0,-117.97222,-1429.0,-39.69444,2.0
1758074539.16323,34356.0,188.72601,30283.0,166.35204,-4412.0,-122.55556,-901.0,-25.02778,2.0
1758074539.17869,34590.0,190.01144,30252.0,166.18173,-4784.0,-132.88889,-357.0,-9.91667,2.0
1758074539.18106,34847.0,191.4232,30244.0,166.13779,-5274.0,-146.5,-41.0,-1.13889,2.0
1758074539.1963,35127.0,192.96132,30244.0,166.13779,-5689.0,-158.02777,0.0,0.0,2.0
1758074539.21207,35425.0,194.5983,30244.0,166.13779,-6063.0,-168.41667,0.0,0.0,2.0
1758074539.2132,35743.0,196.34517,30244.0,166.13779,-6382.0,-177.27777,0.0,0.0,2.0
1758074539.22934,36060.0,198.08652,30247.0,166.15427,-6123.0,-170.08333,92.0,2.55556,2.0
1758074539.2305,36360.0,199.7345,30254.0,166.19272,-5798.0,-161.05556,188.0,5.22222,2.0
1758074539.24616,36644.0,201.29457,30266.0,166.25864,-5470.0,-151.94444,228.0,6.33333,2.0
1758074539.26197,36911.0,202.76126,30279.0,166.33006,-5065.0,-140.69444,247.0,6.86111,2.0
1758074539.26324,37156.0,204.10712,30286.0,166.36852,-4679.0,-129.97223,74.0,2.05556,2.0
1758074539.28133,37382.0,205.34859,30287.0,166.37401,-4314.0,-119.83334,-7.0,-0.19444,2.0
1758074539.28474,37592.0,206.50218,30286.0,166.36852,-3964.0,-110.11111,0.0,0.0,2.0
1758074539.30085,37782.0,207.5459,30286.0,166.36852,-3573.0,-99.25,-7.0,-0.19444,2.0
1758074539.30474,37953.0,208.48523,30286.0,166.36852,-3260.0,-90.55556,-9.0,-0.25,2.0
1758074539.32079,38110.0,209.34769,30285.0,166.36302,-3002.0,-83.38889,-24.0,-0.66667,2.0
1758074539.32316,38256.0,210.14969,30284.0,166.35753,-2790.0,-77.5,-45.0,-1.25,2.0
1758074539.33842,38395.0,210.91325,30280.0,166.33556,-2671.0,-74.19444,-91.0,-2.52778,2.0
1758074539.34123,38526.0,211.63286,30275.0,166.30809,-2553.0,-70.91666,-100.0,-2.77778,2.0
1758074539.35639,38652.0,212.32501,30269.0,166.27512,-2420.0,-67.22222,-124.0,-3.44444,2.0
1758074539.36,38773.0,212.98969,30261.0,166.23117,-2340.0,-65.0,-188.0,-5.22222,2.0
1758074539.37621,38889.0,213.62692,30253.0,166.18723,-2206.0,-61.27778,-130.0,-3.61111,2.0
1758074539.38095,38990.0,214.18173,30251.0,166.17624,-1798.0,-49.94444,12.0,0.33333,2.0
1758074539.39677,39060.0,214.56627,30255.0,166.19821,-1068.0,-29.66667,102.0,2.83333,2.0
1758074539.40036,39088.0,214.72008,30264.0,166.24765,-160.0,-4.44444,216.0,6.0,2.0
1758074539.42059,39081.0,214.68163,30281.0,166.34105,284.0,7.88889,406.0,11.27778,2.0
1758074539.42094,39057.0,214.54979,30306.0,166.47838,624.0,17.33333,544.0,15.11111,2.0
1758074539.43644,39014.0,214.31357,30332.0,166.6212,987.0,27.41667,509.0,14.13889,2.0
1758074539.45193,38949.0,213.95651,30361.0,166.7805,1484.0,41.22222,634.0,17.61111,2.0
1758074539.45362,38862.0,213.47861,30402.0,167.00572,1876.0,52.11111,869.0,24.13889,2.0
1758074539.47026,38754.0,212.88531,30448.0,167.25841,2280.0,63.33333,905.0,25.13889,2.0
1758074539.47135,38628.0,212.19318,30493.0,167.5056,2612.0,72.55556,841.0,23.36111,2.0
1758074539.48653,38489.0,211.42961,30532.0,167.71985,2808.0,78.0,755.0,20.97222,2.0
1758074539.50197,38343.0,210.62761,30568.0,167.9176,2944.0,81.77778,692.0,19.22222,2.0
1758074539.50251,38186.0,209.76517,30608.0,168.13733,3237.0,89.91666,890.0,24.72222,2.0
1758074539.51888,38007.0,208.78186,30667.0,168.46144,3747.0,104.08334,1371.0,38.08333,2.0
1758074539.51921,37797.0,207.6283,30752.0,168.92836,4447.0,123.52778,1903.0,52.86111,2.0
1758074539.53638,37547.0,206.25499,30867.0,169.56007,5256.0,146.0,2557.0,71.02778,2.0
1758074539.55201,37257.0,204.66194,31006.0,170.32364,6021.0,167.25,2807.0,77.97222,2.0
1758074539.55254,36948.0,202.96451,31141.0,171.06523,6087.0,169.08333,2433.0,67.58334,2.0
1758074539.56934,36651.0,201.33302,31245.0,171.63654,5631.0,156.41667,1636.0,45.44444,2.0
1758074539.5707,36388.0,199.88831,31299.0,171.93317,4841.0,134.47223,603.0,16.75,2.0
1758074539.58559,36164.0,198.65781,31301.0,171.94415,4056.0,112.66666,-234.0,-6.5,2.0
1758074539.58677,35978.0,197.63608,31288.0,171.87274,3373.0,93.69444,-222.0,-6.16667,2.0
1758074539.60266,35826.0,196.8011,31285.0,171.85626,2744.0,76.22222,-4.0,-0.11111,2.0
1758074539.61908,35704.0,196.13091,31285.0,171.85626,2194.0,60.94444,-3.0,-0.08333,2.0
1758074539.61943,35606.0,195.59258,31285.0,171.85626,1758.0,48.83333,0.0,0.0,2.0
1758074539.63591,35527.0,195.15862,31286.0,171.86176,1380.0,38.33333,0.0,0.0,2.0
1758074539.63669,35463.0,194.80705,31286.0,171.86176,1197.0,33.25,4.0,0.11111,2.0
1758074539.65275,35407.0,194.49942,31287.0,171.86725,1037.0,28.80556,9.0,0.25,2.0
1758074539.66947,35356.0,194.21927,31287.0,171.86725,1006.0,27.94444,9.0,0.25,2.0
1758074539.67024,35304.0,193.93362,31288.0,171.87274,1004.0,27.88889,0.0,0.0,2.0
1758074539.6856,35251.0,193.64249,31288.0,171.87274,1083.0,30.08333,0.0,0.0,2.0
1758074539.68717,35194.0,193.32936,31288.0,171.87274,1194.0,33.16667,0.0,0.0,2.0
1758074539.70352,35133.0,192.99428,31288.0,171.87274,1223.0,33.97222,0.0,0.0,2.0
1758074539.71965,35069.0,192.64272,31288.0,171.87274,1280.0,35.55556,0.0,0.0,2.0
1758074539.72165,35002.0,192.27467,31288.0,171.87274,1306.0,36.27778,0.0,0.0,2.0
1758074539.73671,34933.0,191.89561,31288.0,171.87274,1387.0,38.52778,0.0,0.0,2.0
1758074539.73749,34863.0,191.51109,31288.0,171.87274,1381.0,38.36111,0.0,0.0,2.0
1758074539.75343,34792.0,191.12108,31288.0,171.87274,1418.0,39.38889,0.0,0.0,2.0
1758074539.77069,34721.0,190.73106,31288.0,171.87274,1464.0,40.66667,0.0,0.0,2.0
1758074539.80311,34323.0,188.54474,31290.0,171.88373,2632.0,73.11111,9.0,0.25,2.0
1758074539.81875,34177.0,187.74274,31291.0,171.88922,3081.0,85.58334,9.0,0.25,2.0
1758074539.81985,34009.0,186.81987,31291.0,171.88922,3498.0,97.16666,9.0,0.25,2.0
1758074539.83556,33821.0,185.78714,31293.0,171.90021,3916.0,108.77778,6.0,0.16667,2.0
1758074539.83681,33609.0,184.62256,31293.0,171.90021,4442.0,123.38889,24.0,0.66667,2.0
1758074539.85367,33368.0,183.29869,31296.0,171.91669,4974.0,138.16667,75.0,2.08333,2.0
1758074539.86974,33102.0,181.83748,31303.0,171.95514,5502.0,152.83333,198.0,5.5,2.0
1758074539.87091,32814.0,180.25543,31321.0,172.05402,5820.0,161.66667,471.0,13.08333,2.0
1758074539.88572,32520.0,178.64043,31356.0,172.24628,5776.0,160.44444,789.0,21.91667,2.0
1758074539.88697,32230.0,177.04738,31402.0,172.49896,5669.0,157.47223,1027.0,28.52778,2.0
1758074539.90358,31947.0,175.4928,31465.0,172.84505,5541.0,153.91667,1339.0,37.19444,2.0
1758074539.92137,31673.0,173.98764,31538.0,173.24605,5325.0,147.91667,1576.0,43.77778,2.0
1758074539.92211,31409.0,172.53741,31629.0,173.74594,5148.0,143.0,1857.0,51.58333,2.0
1758074539.9405,31154.0,171.13664,31739.0,174.35019,4913.0,136.47223,2476.0,68.77778,2.0
1758074539.94088,30915.0,169.82376,31883.0,175.14122,4564.0,126.77778,3115.0,86.52778,2.0
1758074539.95679,30698.0,168.63173,32063.0,176.13,4067.0,112.97222,3907.0,108.52778,2.0
1758074539.95878,30508.0,167.588,32289.0,177.37148,3439.0,95.52778,4855.0,134.86111,2.0
1758074539.97465,30357.0,166.75853,32561.0,178.86565,2616.0,72.66666,5745.0,159.58333,2.0
1758074539.99083,30257.0,166.2092,32879.0,180.61249,1495.0,41.52778,6704.0,186.22223,2.0
1758074539.992,30220.0,166.00595,33240.0,182.59557,69.0,1.91667,7397.0,205.47223,2.0
1758074540.00685,30230.0,166.06088,33631.0,184.74341,-328.0,-9.11111,8002.0,222.27777,2.0
1758074540.00804,30258.0,166.21469,34049.0,187.0396,-751.0,-20.86111,8480.0,235.55556,2.0
1758074540.02282,30308.0,166.48936,34479.0,189.4017,-1177.0,-32.69444,8496.0,236.0,2.0
1758074540.0393,30385.0,166.91234,34905.0,191.74181,-1825.0,-50.69444,8337.0,231.58333,2.0
1758074540.04091,30494.0,167.51109,35315.0,193.99405,-2419.0,-67.19444,7859.0,218.30556,2.0
1758074540.05584,30633.0,168.27466,35705.0,196.1364,-2996.0,-83.22222,7596.0,211.0,2.0
1758074540.059,30806.0,169.22499,36069.0,198.13596,-3742.0,-103.94444,6866.0,190.72223,2.0
1758074540.07566,31008.0,170.33463,36397.0,199.93774,-4148.0,-115.22222,6231.0,173.08333,2.0
1758074540.07687,31223.0,171.51569,36701.0,201.60768,-4265.0,-118.47222,5831.0,161.97223,2.0
1758074540.09365,31436.0,172.68575,36987.0,203.17874,-4091.0,-113.63889,5490.0,152.5,2.0
1758074540.10989,31632.0,173.76242,37256.0,204.65645,-3692.0,-102.55556,5205.0,144.58333,2.0
1758074540.11099,31810.0,174.74022,37509.0,206.04625,-3270.0,-90.83334,4872.0,135.33333,2.0
1758074540.12591,31962.0,175.5752,37743.0,207.33165,-2804.0,-77.88889,4395.0,122.08334,2.0
1758074540.12709,32088.0,176.26733,37951.0,208.47424,-2298.0,-63.83333,3874.0,107.61111,2.0
1758074540.14286,32191.0,176.83313,38127.0,209.44107,-1855.0,-51.52778,3197.0,88.80556,2.0
1758074540.15889,32273.0,177.28358,38266.0,210.20462,-1458.0,-40.5,2357.0,65.47222,2.0
1758074540.15971,32339.0,177.64615,38361.0,210.72649,-1155.0,-32.08333,1491.0,41.41667,2.0
1758074540.17603,32388.0,177.91531,38404.0,210.96269,-826.0,-22.94444,365.0,10.13889,2.0
1758074540.17697,32428.0,178.13504,38398.0,210.92973,-813.0,-22.58333,-260.0,-7.22222,2.0
1758074540.19296,32479.0,178.41521,38374.0,210.7979,-1126.0,-31.27778,-695.0,-19.30556,2.0
1758074540.20896,32548.0,178.79424,38316.0,210.47929,-1573.0,-43.69444,-1422.0,-39.5,2.0
1758074540.20983,32645.0,179.32707,38220.0,209.95193,-2147.0,-59.63889,-2306.0,-64.05556,2.0
1758074540.22579,32771.0,180.01923,38078.0,209.17191,-2705.0,-75.13889,-3173.0,-88.13889,2.0
1758074540.22709,32920.0,180.83772,37896.0,208.17212,-3074.0,-85.38889,-3925.0,-109.02778,2.0
1758074540.24292,33081.0,181.72212,37677.0,206.9691,-3229.0,-89.69444,-4540.0,-126.11111,2.0
1758074540.26093,33243.0,182.61205,37434.0,205.63423,-3142.0,-87.27778,-4982.0,-138.38889,2.0
1758074540.26135,33396.0,183.4525,37174.0,204.20599,-2928.0,-81.33334,-5229.0,-145.25,2.0
1758074540.277,33535.0,184.21606,36902.0,202.71182,-2657.0,-73.80556,-5518.0,-153.27777,2.0
1758074540.28142,33661.0,184.9082,36613.0,201.12428,-2331.0,-64.75,-5836.0,-162.11111,2.0
1758074540.29698,33770.0,185.50699,36309.0,199.45435,-2069.0,-57.47222,-6101.0,-169.47223,2.0
1758074540.29888,33870.0,186.0563,35987.0,197.68552,-1910.0,-53.05556,-6553.0,-182.02777,2.0
1758074540.31595,33971.0,186.61113,35643.0,195.79582,-1990.0,-55.27778,-7006.0,-194.61111,2.0
1758074540.33099,34065.0,187.12749,35280.0,193.80179,-1672.0,-46.44444,-7237.0,-201.02777,2.0
1758074540.33219,34134.0,187.50652,34900.0,191.71434,-1152.0,-32.0,-7812.0,-217.0,2.0
1758074540.34702,34180.0,187.75922,34488.0,189.45114,-732.0,-20.33333,-8385.0,-232.91667,2.0
1758074540.34816,34211.0,187.9295,34042.0,187.00114,-490.0,-13.61111,-9030.0,-250.83333,2.0
1758074540.363,34233.0,188.05035,33563.0,184.36987,-395.0,-10.97222,-9555.0,-265.41666,2.0
1758074540.37908,34249.0,188.13824,33090.0,181.77156,-230.0,-6.38889,-9209.0,-255.80556,2.0
1758074540.38021,34248.0,188.13275,32646.0,179.33257,164.0,4.55556,-8337.0,-231.58333,2.0
1758074540.39582,34231.0,188.03937,32261.0,177.21767,560.0,15.55556,-7004.0,-194.55556,2.0
1758074540.39707,34182.0,187.7702,31948.0,175.49829,1295.0,35.97222,-5462.0,-151.72223,2.0
1758074540.41657,34093.0,187.2813,31721.0,174.25131,2081.0,57.80556,-3847.0,-106.86111,2.0
1758074540.42104,33969.0,186.60014,31562.0,173.3779,2650.0,73.61111,-2656.0,-73.77778,2.0
1758074540.43617,33834.0,185.85855,31452.0,172.77364,2619.0,72.75,-1902.0,-52.83333,2.0
1758074540.43728,33713.0,185.19388,31368.0,172.31219,2063.0,57.30556,-1498.0,-41.61111,2.0
1758074540.45622,33634.0,184.75989,31295.0,171.91119,1182.0,32.83333,-1465.0,-40.69444,2.0
1758074540.46071,33606.0,184.60608,31218.0,171.48822,61.0,1.69444,-1647.0,-45.75,2.0
1758074540.47647,33628.0,184.72693,31126.0,170.98283,-776.0,-21.55556,-1854.0,-51.5,2.0
1758074540.47732,33690.0,185.06754,31028.0,170.44449,-1528.0,-42.44444,-1999.0,-55.52778,2.0
1758074540.49308,33788.0,185.60587,30931.0,169.91165,-2203.0,-61.19444,-1920.0,-53.33333,2.0
1758074540.50911,33914.0,186.298,30842.0,169.42274,-2716.0,-75.44444,-1628.0,-45.22222,2.0
1758074540.50996,34062.0,187.11101,30770.0,169.02724,-3068.0,-85.22222,-1214.0,-33.72222,2.0
1758074540.52594,34223.0,187.99542,30723.0,168.76906,-3303.0,-91.75,-744.0,-20.66667,2.0
1758074540.52748,34397.0,188.95123,30692.0,168.59877,-3530.0,-98.05556,-526.0,-14.61111,2.0
1758074540.54659,34586.0,189.98947,30673.0,168.4944,-3860.0,-107.22222,-263.0,-7.30556,2.0
1758074540.54738,34790.0,191.11009,30669.0,168.47243,-4137.0,-114.91666,8.0,0.22222,2.0
1758074540.56324,35006.0,192.29665,30669.0,168.47243,-4314.0,-119.83334,0.0,0.0,2.0
1758074540.58087,35219.0,193.46671,30670.0,168.47792,-4090.0,-113.61111,29.0,0.80556,2.0
1758074540.58165,35417.0,194.55435,30671.0,168.48341,-3841.0,-106.69444,0.0,0.0,2.0
1758074540.59804,35607.0,195.59807,30670.0,168.47792,-3695.0,-102.63889,0.0,0.0,2.0
1758074540.6008,35786.0,196.58138,30670.0,168.47792,-3433.0,-95.36111,-1.0,-0.02778,2.0
1758074540.61629,35953.0,197.49873,30670.0,168.47792,-3181.0,-88.36111,-4.0,-0.11111,2.0
1758074540.61907,36108.0,198.35019,30670.0,168.47792,-2969.0,-82.47222,-11.0,-0.30556,2.0
1758074540.63624,36251.0,199.13574,30669.0,168.47243,-2754.0,-76.5,-12.0,-0.33333,2.0
1758074540.63902,36384.0,199.86633,30668.0,168.46693,-2570.0,-71.38889,-13.0,-0.36111,2.0
1758074540.65625,36509.0,200.55299,30668.0,168.46693,-2399.0,-66.63889,-21.0,-0.58333,2.0
1758074540.661,36624.0,201.18471,30665.0,168.45045,-2197.0,-61.02778,-61.0,-1.69444,2.0
1758074540.67623,36728.0,201.756,30659.0,168.4175,-1966.0,-54.61111,-182.0,-5.05556,2.0
1758074540.67929,36821.0,202.26688,30647.0,168.35156,-1675.0,-46.52778,-249.0,-6.91667,2.0
1758074540.7163,36899.0,202.69534,30633.0,168.27466,-1457.0,-40.47222,-295.0,-8.19444,2.0
1758074540.71671,36965.0,203.05789,30613.0,168.16479,-1177.0,-32.69444,-454.0,-12.61111,2.0
1758074540.71827,37020.0,203.36005,30585.0,168.01099,-1019.0,-28.30556,-672.0,-18.66667,2.0
1758074540.72048,37057.0,203.56329,30551.0,167.82422,-478.0,-13.27778,-625.0,-17.36111,2.0
1758074540.73621,37065.0,203.60724,30528.0,167.69788,56.0,1.55556,-279.0,-7.75,2.0
1758074540.73747,37058.0,203.56879,30527.0,167.69237,202.0,5.61111,90.0,2.5,2.0
1758074540.75518,37036.0,203.44794,30535.0,167.73633,614.0,17.05556,225.0,6.25,2.0
1758074540.77032,36993.0,203.21173,30549.0,167.81323,1017.0,28.25,253.0,7.02778,2.0
1758074540.77111,36933.0,202.88211,30565.0,167.90112,1326.0,36.83333,355.0,9.86111,2.0
1758074540.78635,36854.0,202.44815,30583.0,168.0,1741.0,48.36111,390.0,10.83333,2.0
1758074540.78772,36754.0,201.89883,30604.0,168.11536,2113.0,58.69444,446.0,12.38889,2.0
1758074540.80525,36639.0,201.26711,30628.0,168.24719,2401.0,66.69444,483.0,13.41667,2.0
1758074540.82115,36509.0,200.55299,30652.0,168.37903,2661.0,73.91666,490.0,13.61111,2.0
1758074540.82394,36371.0,199.79492,30677.0,168.51637,2760.0,76.66666,510.0,14.16667,2.0
1758074540.84048,36225.0,198.99292,30705.0,168.67018,2980.0,82.77778,606.0,16.83333,2.0
1758074540.84087,36064.0,198.10849,30743.0,168.87892,3408.0,94.66666,872.0,24.22222,2.0
1758074540.85636,35875.0,197.07027,30803.0,169.20851,4012.0,111.44444,1444.0,40.11111,2.0
1758074540.85763,35649.0,195.82878,30895.0,169.71388,4778.0,132.72223,2052.0,57.0,2.0
1758074540.87333,35388.0,194.39505,31020.0,170.40054,5488.0,152.44444,2780.0,77.22222,2.0
1758074540.88935,35096.0,192.79103,31183.0,171.29596,5900.0,163.88889,3408.0,94.66666,2.0
1758074540.89054,34799.0,191.15953,31363.0,172.28473,5778.0,160.5,3482.0,96.72222,2.0
1758074540.90619,34522.0,189.63791,31524.0,173.16914,5132.0,142.55556,2926.0,81.27778,2.0
1758074540.9074,34286.0,188.34149,31647.0,173.84482,4284.0,119.0,2014.0,55.94444,2.0
1758074540.92499,34096.0,187.29778,31725.0,174.27328,3323.0,92.30556,1087.0,30.19444,2.0
1758074540.94126,33951.0,186.50127,31752.0,174.4216,2489.0,69.13889,82.0,2.27778,2.0
1758074540.94397,33844.0,185.91348,31746.0,174.38864,1861.0,51.69444,-101.0,-2.80556,2.0
1758074540.96049,33759.0,185.44656,31746.0,174.38864,1580.0,43.88889,16.0,0.44444,2.0
1758074540.96094,33683.0,185.02908,31746.0,174.38864,1481.0,41.13889,15.0,0.41667,2.0
1758074540.97639,33601.0,184.57861,31747.0,174.39413,1722.0,47.83333,15.0,0.41667,2.0
1758074540.97773,33505.0,184.05127,31749.0,174.40512,2094.0,58.16667,18.0,0.5,2.0
1758074540.99343,33388.0,183.40855,31752.0,174.4216,2499.0,69.41666,95.0,2.63889,2.0
1758074541.00948,33247.0,182.63402,31759.0,174.46005,2963.0,82.30556,209.0,5.80556,2.0
1758074541.01152,33084.0,181.7386,31775.0,174.54794,3432.0,95.33334,358.0,9.94444,2.0
1758074541.02648,32901.0,180.73335,31801.0,174.69077,3756.0,104.33334,594.0,16.5,2.0
1758074541.02928,32704.0,179.65118,31837.0,174.88853,3965.0,110.13889,736.0,20.44444,2.0
1758074541.04545,32500.0,178.53056,31875.0,175.09727,4027.0,111.86111,741.0,20.58333,2.0
1758074541.06154,32296.0,177.40993,31909.0,175.28404,4005.0,111.25,652.0,18.11111,2.0
1758074541.06351,32100.0,176.33325,31944.0,175.47632,3693.0,102.58334,680.0,18.88889,2.0
1758074541.08134,31926.0,175.37743,31976.0,175.6521,3255.0,90.41666,598.0,16.61111,2.0
1758074541.08211,31775.0,174.54794,32001.0,175.78943,2820.0,78.33334,412.0,11.44444,2.0
1758074541.09758,31641.0,173.81186,32020.0,175.8938,2488.0,69.11111,425.0,11.80556,2.0
1758074541.09829,31520.0,173.14717,32051.0,176.06409,2351.0,65.30556,834.0,23.16667,2.0
1758074541.11598,31402.0,172.49896,32110.0,176.38818,2325.0,64.58334,1483.0,41.19444,2.0
1758074541.13154,31283.0,171.84528,32209.0,176.93202,2429.0,67.47222,2338.0,64.94444,2.0
1758074541.13367,31156.0,171.14763,32355.0,177.73404,2535.0,70.41666,3328.0,92.44444,2.0
1758074541.14938,31027.0,170.439,32555.0,178.83269,2567.0,71.30556,4371.0,121.41666,2.0
1758074541.15015,30902.0,169.75233,32809.0,180.22797,2407.0,66.86111,5475.0,152.08333,2.0
1758074541.16639,30789.0,169.13161,33118.0,181.92537,2108.0,58.55556,6538.0,181.61111,2.0
1758074541.16994,30696.0,168.62074,33469.0,183.85352,1572.0,43.66667,7211.0,200.30556,2.0
1758074541.18564,30634.0,168.28015,33855.0,185.97391,949.0,26.36111,7958.0,221.05556,2.0
