4.056336
4.056336
4.056336
4.056336
0.000000
0.000000
0.000000
8.923941
0.000000
1.622535
4.867604
10.546475
8.923941
14.602812
8.112673
8.923941
0.000000
0.000000
0.000000
0.000000
0.000000
0.000000
0.000000
0.000000
0.000000
0.000000
0.000000
0.000000
0.000000
6.490139
5.678871
4.867604
4.056336
2.433802
0.811267
0.811267
1.622535
2.433802
1.622535
1.622535
12.169010
25.149286
2.433802
3.245069
0.000000
0.000000
0.000000
0.000000
0.000000
0.000000
0.000000
0.000000
0.811267
4.867604
12.169010
0.000000
0.000000
0.000000
0.000000
0.000000
0.000000
11.357742
11.357742
4.867604
6.490139
8.923941
10.546475
0.000000
0.000000
0.000000
0.000000
0.000000
0.000000
0.000000
0.000000
0.000000
0.000000
0.000000
25.960554
14.602812
4.056336
0.000000
2.433802
0.000000
1.622535
0.811267
0.000000
0.000000
0.000000
0.000000
0.000000
0.000000
14.602812
8.112673
6.490139
4.867604
0.000000
0.000000
0.000000
0.000000
0.000000
0.000000
0.000000
3.245069
2.433802
3.245069
14.602812
0.000000
0.000000
0.000000
0.000000
0.000000
0.000000
25.149286
21.092951
25.149286
34.073227
44.619701
42.997169
11.357742
0.000000
0.000000
0.000000
0.000000
0.000000
0.000000
0.898330
0.000000
0.000000
0.000000
7.649655
0.000000
0.000000
8.923941
2.433802
21.904217
4.056336
3.245069
4.056336
5.678871
6.490139
6.490139
6.490139
8.112673
7.301406
8.923941
12.980277
2.433802
0.000000
4.867604
0.811267
4.867604
1.622535
0.000000
0.000000
0.000000
0.000000
0.000000
0.000000
0.000000
0.000000
18.659149
0.000000
1.622535
0.811267
21.904217
6.490139
4.867604
6.490139
0.000000
0.000000
0.000000
0.000000
0.000000
0.000000
0.000000
0.000000
0.000000
0.000000
2.433802
0.000000
7.301406
5.678871
4.867604
4.056336
0.811267
0.000000
17.847881
0.000000
1.709597
3.245069
3.245069
3.245069
4.867604
0.000000
6.490139
2.433802
13.791544
22.715485
26.771822
5.678871
33.261959
22.715485
22.715485
22.715485
22.715485
22.715485
22.715485
22.715485
22.715485
22.715485
29.205624
0.000000
12.980277
0.000000
11.357742
0.000000
0.000000
14.602812
13.791544
6.490139
7.301406
5.852996
0.000000
3.245069
0.000000
1.622535
0.000000
1.622535
0.000000
0.000000
0.000000
0.000000
0.000000
0.000000
24.338020
12.980277
2.433802
0.000000
7.301406
0.000000
0.000000
2.433802
1.622535
0.000000
4.867604
3.245069
2.433802
0.000000
11.357742
2.433802
2.433802
2.433802
2.433802
2.433802
3.245069
3.245069
2.433802
0.000000
0.000000
0.000000
0.811267
0.811267
0.000000
0.000000
0.000000
0.000000
0.000000
0.000000
0.000000
5.678871
15.414079
30.016891
31.639425
41.374634
45.430969
48.676041
0.000000
0.000000
0.000000
8.923941
8.923941
9.735208
9.735208
7.301406
4.867604
0.898330
37.666546
17.659903
13.690629
0.000000
0.898330
6.288307
10.156666
0.000000
0.000000
3.144154
3.593318
0.000000
0.000000
0.000000
0.000000
8.923941
7.301406
5.678871
0.000000
0.000000
2.433802
0.000000
11.357742
12.169010
16.225346
20.281683
20.281683
26.771822
22.353382
20.281683
4.867604
4.867604
3.245069
2.433802
24.338020
0.000000
0.000000
0.000000
0.000000
0.000000
0.000000
0.000000
0.000000
0.000000
0.811267
0.000000
4.940813
8.534131
23.599962
10.779955
16.619099
14.561252
12.054241
18.443462
25.731016
8.983296
8.983296
9.881626
11.229120
6.737472
26.817324
35.580994
24.324165
21.977427
8.983296
6.288307
5.389977
1.347494
0.000000
0.000000
1.347494
7.301406
2.433802
0.449165
5.403831
12.980277
1.622535
3.593318
5.852996
0.811267
8.112673
4.867604
7.301406
4.056336
14.602812
3.245069
4.056336
4.766688
0.811267
9.735208
6.490139
7.461677
0.000000
0.000000
3.245069
13.589713
1.347494
0.449165
0.000000
6.288307
1.260432
3.057091
1.622535
10.605831
5.852996
8.923941
0.449165
9.895479
8.112673
1.622535
0.000000
18.297047
13.791544
0.000000
0.449165
0.000000
0.000000
0.000000
0.898330
21.629177
17.847881
18.659149
24.773331
17.384863
28.467566
41.360783
25.295704
12.256072
28.513069
3.245069
4.317523
0.000000
20.212416
0.000000
0.000000
0.000000
17.517427
0.000000
0.000000
8.112673
24.397375
14.602812
13.791544
11.357742
13.516504
4.056336
8.923941
10.546475
12.169010
14.327771
8.561837
1.260432
0.000000
4.491648
15.936453
7.186637
10.330791
11.229120
6.288307
18.704651
14.822438
4.491648
1.347494
10.779955
17.517427
3.593318
0.449165
9.432461
17.517427
5.839142
9.881626
16.169933
20.661581
14.923354
25.469830
31.657223
34.178085
28.875170
25.469830
40.755287
33.990108
40.856201
13.502650
21.761742
20.863413
16.009663
5.678871
17.109823
0.449165
8.112673
6.490139
4.056336
0.811267
21.904217
8.923941
8.923941
8.923941
8.923941
8.923941
8.923941
8.923941
8.923941
8.923941
8.923941
11.357742
1.347494
1.796659
20.093706
10.546475
15.835537
20.689287
11.169765
7.186637
25.831932
46.434158
23.338776
36.827572
34.031666
49.216209
7.374615
20.038290
15.010416
23.906651
2.607927
9.895479
7.186637
11.229120
5.389977
11.357742
6.490139
3.245069
5.678871
0.000000
15.414079
3.245069
10.546475
5.678871
11.357742
6.490139
9.735208
5.678871
8.923941
0.000000
4.867604
0.000000
0.000000
0.000000
0.000000
0.449165
0.000000
0.000000
14.602812
19.992790
14.602812
0.898330
1.347494
8.983296
4.940813
1.260432
4.317523
10.156666
9.345398
2.245824
6.737472
7.635802
8.534131
22.440445
23.324921
18.008152
13.415588
4.042483
8.084967
1.796659
2.694989
2.694989
3.144154
2.694989
6.737472
7.186637
8.534131
0.449165
6.288307
5.839142
24.759476
14.602812
18.370255
21.977427
11.504161
2.433802
38.578728
39.389996
41.823799
42.997169
44.619701
57.599979
60.033783
55.977444
51.921108
27.583088
21.092951
35.695763
38.940830
0.000000
0.000000
0.000000
0.000000
0.000000
0.000000
2.433802
1.622535
3.593318
0.449165
0.000000
0.000000
8.534131
4.491648
0.000000
23.338776
16.037369
16.298555
11.806907
17.659903
19.195375
20.716993
16.037369
12.517260
9.272190
20.441954
3.144154
7.635802
5.665018
6.563348
3.506256
8.084967
18.196131
34.421474
8.286798
4.940813
4.042483
2.245824
2.694989
8.983296
8.084967
4.491648
26.771822
50.981216
48.808605
34.783577
22.715485
29.365894
42.520298
20.716993
14.602812
17.210737
13.951815
10.170519
7.301406
12.980277
9.185127
3.506256
0.000000
0.000000
0.898330
4.042483
0.000000
11.357742
1.347494
11.880116
13.878607
0.898330
2.245824
23.136944
15.414079
15.414079
15.501142
18.370255
0.000000
0.000000
0.000000
8.460922
0.898330
0.000000
0.449165
0.898330
3.593318
0.000000
9.735208
3.781296
13.864754
17.036613
23.526752
49.574371
8.534131
14.602812
38.129562
29.828913
44.867035
15.414079
30.828157
7.635802
9.881626
1.622535
6.490139
17.357155
23.572254
8.286798
10.546475
13.387881
20.588371
2.245824
0.000000
11.678285
17.068262
8.084967
1.347494
5.839142
10.779955
2.694989
0.000000
4.867604
1.347494
0.000000
0.000000
0.000000
0.000000
0.000000
0.000000
0.000000
0.000000
0.000000
0.000000
0.000000
0.000000
0.000000
0.000000
0.000000
17.847881
0.000000
77.881660
0.000000
0.000000
0.000000
30.016891
37.318298
43.808434
51.921108
60.033783
59.222515
68.957726
73.825325
47.864773
54.354912
44.619701
50.298573
0.000000
0.000000
0.000000
0.000000
3.781296
0.000000
4.056336
0.000000
6.288307
2.245824
0.000000
0.000000
10.330791
11.229120
1.796659
0.898330
5.839142
1.347494
0.000000
0.000000
3.593318
0.000000
0.000000
0.000000
0.000000
0.000000
0.000000
0.000000
0.000000
0.000000
0.000000
8.561837
2.245824
0.000000
0.000000
4.940813
3.144154
5.852996
1.709597
9.620439
4.679626
9.881626
5.839142
8.983296
3.144154
47.736153
47.924126
40.274471
36.493176
36.653450
13.676775
22.078342
26.583845
33.161045
10.981787
5.765934
6.490139
5.678871
0.000000
0.000000
17.036613
17.847881
14.602812
7.388468
12.980277
12.256072
13.603566
5.128791
20.817909
12.792299
15.313164
16.660658
13.878607
17.297800
20.180767
18.558231
14.602812
4.867604
7.475531
9.011003
0.000000
0.898330
3.144154
1.796659
2.245824
4.042483
7.910842
4.679626
12.865508
9.084211
8.084967
2.245824
32.235008
33.871395
46.576633
49.125206
21.413492
38.014793
25.671661
3.245069
3.245069
3.245069
3.245069
4.056336
5.678871
5.678871
3.245069
0.811267
0.000000
0.000000
0.000000
0.000000
0.000000
3.245069
7.301406
12.980277
17.036613
22.715485
26.771822
30.016891
30.016891
33.261959
30.016891
31.639425
30.828157
30.016891
32.450691
23.526752
26.771822
20.281683
21.092951
14.602812
16.225346
12.169010
9.735208
6.490139
1.622535
1.622535
0.811267
0.000000
1.622535
9.735208
8.112673
5.678871
5.678871
8.112673
8.112673
14.602812
12.980277
17.847881
15.414079
15.414079
12.169010
12.169010
16.225346
5.678871
4.867604
6.490139
1.622535
0.000000
16.225346
0.000000
0.000000
0.000000
0.000000
0.000000
3.245069
17.036613
9.735208
10.546475
1.622535
8.923941
7.026365
12.169010
8.112673
6.490139
11.357742
6.490139
9.735208
5.678871
8.112673
8.112673
0.000000
0.000000
0.000000
0.000000
0.000000
0.000000
0.000000
0.000000
0.000000
2.433802
0.000000
0.000000
0.000000
6.490139
10.546475
0.000000
1.622535
0.000000
0.811267
0.000000
4.867604
2.433802
4.056336
3.245069
5.678871
4.056336
4.867604
2.433802
3.245069
1.622535
1.622535
0.000000
0.000000
0.000000
0.000000
9.735208
0.000000
0.000000
0.000000
0.000000
0.000000
5.678871
12.980277
13.791544
25.960554
10.546475
22.715485
20.281683
32.450691
20.281683
22.715485
6.490139
7.301406
1.622535
0.811267
0.000000
0.000000
0.000000
0.000000
0.000000
0.000000
0.000000
2.433802
0.000000
0.000000
0.000000
0.000000
0.000000
0.000000
0.000000
0.000000
0.000000
0.000000
0.000000
0.000000
4.867604
4.056336
3.245069
0.000000
0.000000
0.000000
0.000000
12.169010
0.000000
8.923941
5.678871
16.225346
15.414079
18.659149
25.960554
13.791544
27.583088
15.414079
29.205624
21.904217
34.073227
30.828157
38.940830
42.185902
34.073227
35.695763
25.960554
27.583088
21.092951
12.980277
9.735208
2.433802
2.433802
2.433802
2.433802
0.811267
0.000000
8.112673
0.000000
0.000000
0.000000
0.000000
3.245069
0.811267
0.000000
0.000000
0.000000
0.000000
0.000000
0.000000
0.000000
0.000000
0.000000
0.000000
8.923941
5.678871
4.867604
1.622535
0.000000
0.000000
22.715485
42.997169
17.847881
34.073227
25.149286
12.980277
8.112673
8.112673
0.811267
0.000000
5.678871
3.245069
8.112673
5.678871
7.301406
7.301406
14.602812
1.622535
7.301406
0.000000
9.735208
0.000000
7.301406
0.000000
0.000000
0.000000
0.000000
2.433802
0.000000
0.000000
0.000000
0.000000
0.000000
0.000000
0.000000
2.433802
2.433802
4.056336
3.245069
5.678871
3.245069
1.622535
2.433802
1.622535
2.433802
2.433802
4.056336
6.490139
7.301406
8.112673
10.720600
7.301406
8.112673
5.678871
5.678871
2.433802
2.433802
2.433802
4.056336
0.000000
0.000000
0.000000
1.709597
1.709597
2.520864
2.520864
1.622535
2.433802
3.245069
0.811267
4.056336
1.622535
21.904217
19.470415
17.847881
17.036613
22.715485
27.583088
4.056336
9.735208
14.602812
14.602812
12.169010
9.735208
17.036613
17.036613
15.414079
44.619701
42.185902
36.507030
32.450691
0.000000
0.000000
0.000000
0.000000
0.000000
0.000000
0.000000
0.000000
0.000000
0.000000
0.000000
0.000000
17.847881
4.056336
7.301406
0.000000
0.000000
0.000000
0.000000
0.000000
0.000000
0.000000
0.000000
0.000000
0.000000
0.000000
9.735208
12.980277
19.470415
0.000000
0.811267
8.923941
17.847881
0.000000
0.000000
0.000000
0.000000
0.000000
0.000000
0.000000
0.000000
0.000000
31.639425
18.659149
17.036613
12.980277
15.414079
12.169010
7.301406
14.602812
11.357742
9.735208
12.980277
12.169010
0.000000
0.000000
0.000000
0.000000
0.000000
0.000000
0.000000
0.000000
7.301406
0.000000
0.000000
0.000000
0.000000
13.791544
10.546475
0.000000
0.000000
0.000000
0.000000
0.000000
14.602812
12.980277
10.546475
2.433802
14.602812
10.546475
7.301406
4.867604
5.678871
11.357742
0.000000
4.867604
10.546475
13.791544
16.225346
17.847881
12.980277
2.433802
0.000000
8.923941
9.735208
38.940830
38.940830
4.042483
0.000000
3.593318
4.940813
0.000000
0.000000
0.000000
0.000000
0.000000
0.000000
0.000000
0.000000
0.000000
0.000000
0.000000
0.000000
0.000000
0.000000
0.811267
2.433802
0.000000
0.000000
0.000000
0.000000
0.000000
0.000000
0.000000
0.000000
2.433802
4.056336
5.678871
7.301406
9.735208
11.357742
14.602812
13.791544
18.659149
21.092951
26.771822
30.828157
24.338020
30.016891
32.450691
4.056336
3.245069
4.056336
1.622535
2.694989
0.000000
0.000000
0.000000
41.273716
35.695763
36.507030
33.261959
8.084967
2.694989
8.084967
5.839142
0.000000
0.000000
5.389977
0.000000
0.000000
0.000000
0.000000
0.000000
0.000000
0.000000
0.000000
0.000000
0.000000
0.000000
0.000000
15.414079
0.000000
0.000000
0.000000
0.000000
0.000000
0.000000
0.000000
0.000000
0.000000
0.000000
1.622535
2.694989
0.000000
14.602812
0.811267
0.811267
6.490139
21.890366
21.267075
0.000000
0.000000
0.811267
0.000000
0.811267
0.000000
31.639425
27.583088
25.960554
24.338020
22.715485
31.639425
19.470415
16.225346
13.791544
22.715485
18.659149
17.036613
16.225346
14.602812
26.771822
0.000000
0.000000
0.000000
0.000000
0.000000
0.000000
0.000000
0.000000
0.000000
0.000000
0.000000
0.000000
0.000000
0.000000
0.000000
0.000000
0.000000
0.000000
0.000000
0.000000
17.036613
14.602812
12.169010
8.923941
5.678871
2.433802
2.433802
3.245069
4.056336
5.678871
6.490139
8.112673
7.301406
11.357742
17.036613
22.715485
5.678871
0.811267
14.602812
15.414079
16.225346
18.659149
19.470415
23.526752
27.583088
31.639425
38.940830
35.695763
28.394356
3.245069
0.000000
4.867604
8.923941
4.056336
2.433802
6.490139
6.490139
12.980277
9.735208
15.414079
10.546475
14.602812
7.301406
7.301406
0.000000
0.000000
0.000000
0.000000
19.470415
17.847881
15.414079
14.602812
15.414079
17.847881
17.847881
13.791544
8.923941
8.923941
5.678871
0.000000
0.000000
13.791544
8.923941
18.659149
17.847881
20.281683
21.092951
26.771822
27.583088
31.639425
29.205624
29.205624
25.149286
37.753609
37.130318
21.716240
24.237104
19.355648
20.079851
26.496780
4.230461
7.649655
8.084967
5.490893
4.042483
8.648900
34.320560
42.185902
28.843521
30.016891
6.664263
12.169010
4.867604
12.169010
7.301406
8.923941
4.867604
1.622535
0.000000
0.000000
0.000000
13.791544
0.000000
0.000000
0.000000
0.000000
0.000000
0.000000
0.000000
0.000000
4.056336
0.000000
0.000000
0.000000
0.000000
4.056336
0.000000
4.867604
0.000000
0.811267
0.000000
0.000000
4.056336
2.433802
4.867604
7.301406
4.867604
6.490139
4.056336
8.112673
1.622535
4.867604
0.000000
1.622535
0.000000
0.000000
0.000000
0.000000
0.000000
14.602812
4.867604
0.000000
0.000000
0.000000
0.000000
31.639425
34.884495
37.318298
48.676041
30.016891
51.921108
52.732376
30.016891
25.149286
40.636574
26.771822
20.281683
10.546475
9.721354
5.678871
0.000000
1.622535
0.000000
0.000000
4.056336
10.546475
5.678871
7.301406
9.735208
11.357742
12.169010
21.092951
21.904217
25.149286
26.771822
28.394356
26.771822
27.583088
35.695763
37.318298
6.490139
17.847881
22.715485
13.791544
5.678871
21.092951
12.169010
11.357742
12.980277
12.980277
13.791544
15.414079
13.791544
20.281683
12.980277
20.281683
13.791544
18.659149
13.791544
17.847881
46.242237
42.997169
44.619701
42.185902
32.450691
29.205624
28.394356
19.470415
16.225346
17.847881
12.169010
12.980277
11.357742
19.470415
0.000000
14.602812
4.867604
0.000000
0.000000
0.000000
4.867604
1.622535
1.622535
1.622535
1.622535
1.622535
1.622535
1.622535
1.622535
1.622535
0.000000
23.526752
0.000000
0.811267
14.602812
17.036613
22.715485
0.000000
0.000000
8.112673
34.073227
19.470415
16.225346
25.960554
24.338020
3.245069
0.000000
1.622535
0.000000
1.622535
0.000000
0.000000
0.000000
4.867604
0.000000
0.000000
0.000000
0.000000
0.000000
0.000000
0.000000
0.000000
0.000000
5.678871
0.000000
0.000000
0.000000
0.000000
0.000000
0.000000
2.433802
0.000000
4.056336
0.000000
2.433802
0.000000
3.245069
8.923941
9.735208
6.490139
12.980277
9.735208
12.980277
14.052731
14.602812
12.169010
12.980277
10.184372
7.301406
6.490139
1.622535
0.811267
0.000000
0.000000
0.000000
0.000000
14.602812
8.923941
0.000000
9.735208
9.735208
10.546475
10.546475
14.602812
17.847881
30.016891
0.000000
11.357742
11.357742
0.000000
0.000000
0.000000
0.000000
0.000000
0.000000
28.394356
11.357742
0.000000
0.000000
0.000000
0.000000
0.000000
0.000000
0.000000
0.000000
0.000000
0.000000
0.000000
8.112673
8.112673
8.112673
9.735208
7.301406
5.678871
4.056336
4.867604
5.678871
4.867604
5.678871
19.470415
0.000000
0.000000
0.811267
21.092951
17.847881
17.036613
15.414079
14.602812
14.602812
11.357742
8.112673
8.923941
2.433802
12.169010
5.678871
12.169010
10.546475
8.112673
5.678871
1.622535
0.000000
42.084984
34.073227
33.349022
40.375385
43.084232
42.185902
0.000000
0.000000
0.000000
6.490139
0.000000
8.199736
3.245069
6.490139
4.056336
8.112673
0.000000
0.000000
0.000000
0.000000
0.000000
34.073227
22.715485
12.980277
2.433802
0.000000
0.000000
0.000000
0.000000
1.622535
15.414079
21.904217
30.016891
38.129562
0.811267
0.000000
40.563366
33.261959
34.073227
24.338020
20.281683
6.490139
6.490139
8.112673
5.678871
8.112673
5.678871
7.301406
6.490139
7.301406
7.301406
1.622535
4.867604
0.000000
0.000000
0.000000
0.000000
0.000000
17.847881
36.507030
35.695763
36.507030
0.000000
0.000000
0.000000
0.000000
0.000000
0.000000
9.735208
8.112673
5.678871
8.923941
6.490139
12.980277
6.490139
5.678871
5.678871
5.678871
6.490139
6.490139
4.867604
3.245069
0.811267
0.000000
17.036613
6.490139
4.867604
4.056336
2.433802
0.000000
8.112673
0.000000
0.000000
0.000000
0.000000
0.000000
0.000000
4.056336
10.546475
0.000000
0.000000
0.000000
0.000000
0.000000
0.000000
0.000000
0.000000
25.149286
25.149286
24.338020
26.771822
28.394356
25.149286
21.904217
18.659149
0.000000
0.000000
0.000000
0.000000
6.490139
9.735208
10.546475
10.546475
8.923941
4.867604
13.791544
2.433802
7.301406
8.112673
7.301406
8.112673
9.735208
7.301406
18.659149
17.847881
22.715485
25.149286
34.073227
0.000000
0.000000
0.000000
0.000000
0.000000
0.000000
0.000000
0.000000
0.000000
0.000000
0.000000
1.622535
5.678871
0.000000
0.000000
0.000000
0.000000
0.000000
0.000000
0.000000
14.602812
25.960554
23.526752
32.450691
17.847881
10.546475
1.622535
11.357742
0.000000
11.357742
0.000000
6.490139
0.000000
0.000000
0.000000
0.000000
0.000000
0.000000
0.000000
0.000000
0.000000
37.318298
33.261959
26.771822
17.847881
27.583088
27.583088
28.394356
25.149286
31.639425
25.960554
39.752098
37.318298
52.732376
52.732376
56.788712
44.619701
38.940830
15.414079
20.281683
12.980277
14.602812
2.433802
12.169010
0.000000
7.301406
0.000000
0.000000
0.000000
0.000000
0.000000
0.449165
0.000000
0.000000
0.000000
0.000000
0.000000
14.602812
25.149286
24.338020
0.000000
0.000000
0.000000
0.000000
0.000000
0.000000
0.811267
0.000000
0.000000
0.000000
0.000000
0.000000
0.000000
0.000000
0.000000
0.000000
12.980277
8.923941
6.490139
7.301406
6.490139
4.056336
18.659149
16.225346
14.602812
0.000000
0.000000
0.000000
0.000000
0.000000
0.000000
0.000000
0.000000
0.000000
2.433802
4.056336
1.622535
0.000000
0.000000
0.000000
8.923941
0.000000
0.000000
0.811267
4.056336
4.056336
4.056336
4.056336
3.245069
2.433802
1.622535
0.811267
0.000000
0.000000
0.000000
0.000000
0.000000
0.000000
0.000000
0.000000
0.000000
0.000000
24.338020
14.602812
14.602812
18.920334
19.195375
10.546475
0.000000
0.000000
0.000000
0.000000
0.811267
0.000000
0.000000
4.867604
1.622535
4.056336
0.000000
0.000000
0.000000
0.000000
0.000000
19.470415
10.546475
5.678871
0.811267
0.000000
0.000000
0.000000
0.000000
4.867604
0.000000
10.546475
13.791544
16.225346
0.000000
0.000000
27.583088
20.281683
17.036613
15.414079
14.602812
0.000000
0.000000
0.000000
0.000000
0.000000
0.000000
0.000000
0.000000
0.000000
0.000000
0.000000
0.000000
2.433802
8.923941
14.602812
12.980277
0.000000
0.000000
8.112673
17.036613
18.659149
0.000000
0.000000
0.000000
0.000000
0.000000
0.000000
0.000000
0.000000
0.000000
3.245069
1.622535
0.000000
0.000000
0.000000
0.811267
1.622535
3.245069
6.490139
4.056336
0.811267
0.000000
0.000000
21.092951
12.980277
2.433802
0.000000
0.000000
0.000000
0.000000
0.000000
0.000000
0.000000
0.000000
0.000000
0.000000
0.000000
0.000000
0.000000
0.000000
0.000000
0.000000
15.414079
0.000000
0.000000
0.000000
8.112673
12.169010
14.602812
17.036613
16.225346
14.602812
14.602812
13.791544
1.622535
0.000000
0.000000
0.000000
0.000000
0.000000
0.000000
0.000000
0.000000
0.000000
0.000000
0.000000
0.000000
0.000000
0.000000
0.000000
0.811267
7.301406
0.000000
12.980277
12.980277
12.169010
14.602812
0.000000
0.000000
0.000000
0.000000
0.000000
0.000000
0.000000
0.000000
0.000000
0.000000
0.000000
0.000000
0.000000
0.000000
0.000000
0.000000
0.000000
0.000000
0.000000
0.000000
7.301406
0.000000
0.000000
0.000000
0.000000
1.347494
0.000000
6.288307
2.694989
4.042483
0.000000
0.000000
4.491648
6.737472
0.000000
0.000000
0.000000
0.000000
0.000000
0.000000
0.000000
18.659149
15.414079
12.169010
14.602812
4.056336
8.923941
12.980277
12.980277
12.169010
11.357742
11.357742
12.980277
14.602812
17.036613
15.414079
10.546475
5.678871
15.414079
15.414079
16.225346
0.000000
0.000000
0.000000
0.000000
0.000000
0.811267
1.622535
1.622535
0.811267
0.811267
1.622535
5.678871
0.000000
5.678871
10.546475
14.602812
0.000000
0.000000
9.735208
0.000000
0.000000
0.000000
0.000000
0.000000
0.000000
0.000000
0.000000
0.000000
0.000000
6.751325
1.622535
0.000000
0.000000
12.169010
4.056336
13.415588
13.227611
11.779201
2.433802
13.502650
25.034519
0.000000
0.000000
0.000000
7.301406
17.847881
3.245069
12.980277
0.000000
0.000000
4.867604
0.811267
20.281683
16.225346
29.205624
25.149286
18.659149
16.225346
9.735208
6.490139
3.245069
1.622535
0.000000
1.622535
0.449165
0.000000
0.000000
3.593318
0.898330
4.056336
3.245069
8.286798
5.678871
12.169010
2.607927
12.677530
2.520864
11.357742
2.158762
0.449165
2.245824
7.301406
7.301406
9.735208
11.806907
12.980277
0.000000
0.000000
0.000000
0.000000
0.000000
11.357742
16.225346
30.640181
0.000000
2.433802
0.000000
19.268585
9.460167
10.083457
0.000000
8.534131
8.923941
4.056336
4.867604
4.491648
10.546475
0.000000
9.735208
2.433802
3.245069
37.318298
22.715485
19.470415
12.169010
3.245069
5.678871
1.622535
0.000000
0.000000
0.000000
0.000000
10.995640
8.923941
8.923941
17.847881
6.737472
0.000000
0.000000
2.694989
9.881626
0.898330
20.629932
20.428101
14.213002
14.602812
28.655542
19.167667
10.170519
0.000000
7.301406
0.000000
0.000000
0.000000
0.000000
0.000000
0.000000
0.000000
0.000000
12.980277
9.735208
16.298555
30.828157
12.980277
38.940830
11.531867
10.546475
1.622535
11.605076
20.501308
9.272190
8.112673
11.806907
16.747719
19.282438
5.678871
0.000000
0.898330
0.000000
0.000000
0.000000
0.000000
0.000000
0.000000
0.000000
0.000000
0.000000
7.301406
0.811267
0.000000
14.602812
5.678871
8.112673
0.000000
9.735208
0.000000
8.112673
0.000000
7.301406
7.301406
12.691383
13.791544
26.771822
26.771822
25.149286
25.149286
0.000000
16.225346
21.904217
8.112673
0.811267
6.490139
16.225346
11.357742
24.338020
21.092951
32.450691
24.338020
12.980277
14.602812
4.056336
4.867604
0.000000
0.000000
24.338020
0.000000
0.000000
5.678871
9.735208
0.000000
17.036613
10.546475
10.546475
11.357742
14.602812
11.357742
17.036613
12.980277
18.659149
13.791544
17.036613
0.000000
37.318298
0.000000
9.735208
0.000000
0.898330
0.811267
16.225346
0.000000
0.000000
0.000000
1.347494
6.737472
5.389977
0.000000
6.288307
1.347494
4.940813
0.000000
0.898330
2.433802
0.449165
0.000000
10.546475
6.490139
1.622535
0.000000
14.602812
1.622535
0.811267
16.225346
5.678871
10.546475
31.639425
25.149286
12.169010
12.169010
13.791544
9.735208
5.403831
6.490139
5.316769
4.056336
12.879361
21.340284
23.063734
0.000000
0.000000
0.898330
8.084967
0.000000
0.000000
2.245824
8.983296
4.940813
3.593318
6.288307
8.084967
13.575860
20.790203
29.801205
11.866262
19.703896
25.382767
27.193279
0.000000
3.245069
0.000000
15.414079
15.414079
17.036613
17.036613
18.659149
21.092951
35.695763
0.000000
8.923941
14.602812
0.000000
0.000000
0.000000
0.000000
0.000000
0.000000
0.000000
0.000000
0.000000
0.000000
0.000000
0.000000
0.000000
0.000000
0.000000
0.000000
4.056336
0.000000
0.000000
23.526752
21.092951
17.036613
15.414079
17.847881
21.904217
22.715485
15.414079
9.735208
8.112673
5.678871
0.000000
1.622535
13.791544
10.546475
8.923941
9.735208
15.125185
8.112673
7.301406
6.490139
5.765934
3.245069
1.622535
0.000000
0.898330
0.000000
20.281683
23.526752
0.000000
0.000000
0.000000
13.791544
0.000000
1.622535
11.357742
17.036613
23.526752
0.000000
5.678871
14.602812
22.715485
0.000000
0.000000
0.000000
0.000000
0.000000
0.000000
0.449165
0.000000
0.000000
0.000000
0.000000
0.000000
8.112673
0.000000
0.000000
0.000000
0.000000
0.000000
0.000000
0.000000
11.357742
0.000000
12.980277
4.867604
0.000000
5.678871
0.000000
8.112673
0.000000
0.000000
0.000000
0.000000
6.490139
5.678871
4.867604
4.056336
3.245069
2.433802
0.811267
0.000000
0.000000
0.000000
0.000000
0.000000
0.000000
1.622535
13.791544
0.000000
0.000000
0.000000
0.000000
0.000000
0.000000
0.000000
0.000000
22.715485
22.715485
24.338020
25.960554
0.000000
0.000000
0.000000
31.639425
24.338020
16.225346
10.546475
12.980277
16.225346
19.470415
22.715485
22.715485
24.338020
26.771822
24.338020
20.281683
0.811267
1.622535
3.245069
5.678871
7.301406
8.923941
8.923941
10.546475
12.169010
12.169010
12.980277
5.678871
0.000000
9.735208
23.526752
14.602812
30.828157
0.000000
0.000000
0.000000
0.000000
0.000000
0.000000
0.000000
0.000000
0.000000
0.000000
0.000000
0.000000
0.000000
0.000000
0.811267
0.000000
0.000000
0.000000
14.602812
20.281683
17.847881
16.225346
15.414079
15.414079
14.602812
14.602812
13.791544
12.980277
12.169010
11.357742
12.169010
22.715485
0.000000
18.659149
8.923941
0.000000
0.000000
4.056336
2.433802
0.811267
0.811267
0.811267
0.811267
0.811267
0.811267
0.811267
0.811267
0.811267
0.000000
17.036613
14.602812
7.301406
5.678871
2.433802
2.433802
21.092951
19.470415
43.808434
0.000000
11.357742
12.980277
13.791544
14.602812
0.000000
0.000000
0.000000
0.000000
0.000000
0.000000
0.000000
0.000000
1.622535
0.000000
0.000000
0.000000
0.000000
21.904217
4.056336
0.000000
0.000000
0.000000
9.735208
0.000000
0.000000
0.000000
0.000000
0.000000
0.000000
0.000000
0.000000
0.000000
0.000000
0.000000
0.000000
0.000000
13.154402
10.358497
8.823025
17.847881
14.602812
16.486532
17.646049
8.112673
5.678871
3.245069
2.071699
0.000000
0.000000
7.301406
14.602812
0.000000
0.000000
0.000000
0.000000
0.000000
0.000000
0.000000
8.112673
8.112673
8.923941
8.112673
10.546475
12.980277
16.225346
3.506256
2.433802
0.000000
0.000000
0.000000
0.000000
0.000000
0.000000
0.000000
0.000000
0.000000
0.000000
0.000000
0.000000
0.000000
1.622535
0.000000
0.000000
0.000000
0.000000
0.000000
0.000000
3.245069
4.867604
4.867604
8.112673
8.112673
8.112673
8.112673
6.490139
4.867604
4.056336
0.811267
0.000000
11.357742
20.281683
12.169010
15.414079
12.980277
12.169010
11.357742
10.546475
10.546475
8.112673
5.678871
3.245069
1.622535
5.678871
0.000000
0.000000
0.000000
12.169010
4.867604
0.000000
38.940830
0.000000
0.000000
0.000000
0.000000
0.000000
0.000000
32.450691
25.149286
17.036613
0.000000
0.000000
0.000000
0.000000
0.000000
0.000000
4.867604
0.000000
0.000000
0.000000
9.735208
23.526752
0.000000
0.000000
0.000000
0.000000
0.000000
0.000000
0.000000
0.000000
0.000000
0.000000
0.000000
0.000000
0.000000
21.092951
21.904217
0.000000
0.000000
0.000000
2.433802
8.923941
0.000000
0.000000
0.000000
0.000000
0.000000
0.000000
0.811267
0.000000
0.000000
0.000000
0.000000
0.000000
0.000000
0.000000
0.000000
8.923941
0.000000
0.000000
0.000000
0.000000
0.000000
14.602812
14.602812
32.450691
28.394356
22.715485
17.847881
8.112673
9.735208
11.357742
0.811267
0.811267
8.112673
4.867604
3.245069
1.622535
0.811267
0.000000
0.000000
0.000000
0.000000
0.000000
0.000000
19.470415
7.301406
3.245069
0.000000
0.000000
0.000000
0.000000
0.000000
1.622535
2.433802
2.433802
0.811267
1.622535
5.678871
10.546475
0.000000
0.000000
0.000000
0.000000
18.659149
0.000000
0.000000
0.000000
0.000000
0.000000
0.000000
0.000000
0.000000
0.000000
0.000000
0.000000
0.000000
0.000000
0.000000
0.000000
5.678871
7.301406
8.923941
8.112673
7.301406
4.056336
11.357742
1.622535
5.678871
6.490139
5.678871
4.867604
3.245069
4.867604
0.000000
0.000000
0.000000
0.000000
0.000000
10.546475
14.602812
8.112673
8.112673
8.112673
8.112673
8.112673
8.112673
8.112673
8.112673
8.112673
5.678871
29.205624
15.414079
8.923941
16.225346
7.301406
0.000000
34.884495
17.847881
30.828157
28.394356
12.980277
13.791544
14.602812
15.414079
0.000000
0.000000
1.622535
3.245069
3.245069
0.000000
4.867604
10.546475
16.225346
0.000000
0.000000
4.867604
12.169010
9.735208
11.357742
0.000000
0.000000
0.000000
0.000000
0.000000
0.000000
0.000000
0.000000
0.000000
0.000000
0.000000
0.000000
0.000000
0.000000
0.000000
0.000000
0.000000
10.546475
13.791544
14.602812
0.000000
0.000000
0.000000
0.000000
0.000000
0.000000
0.811267
0.000000
1.622535
0.811267
0.000000
0.000000
0.811267
1.622535
1.622535
2.433802
0.000000
0.000000
0.000000
5.215853
5.215853
6.838387
7.649655
5.678871
6.490139
7.301406
6.490139
8.112673
8.112673
29.205624
26.771822
23.526752
21.904217
35.695763
38.940830
10.546475
17.036613
23.526752
25.149286
25.149286
25.960554
20.281683
21.904217
22.715485
34.073227
38.129562
27.583088
30.016891
0.000000
3.144154
2.245824
4.491648
2.694989
10.330791
8.983296
13.474944
8.272944
9.171274
12.329281
13.850901
27.583088
0.000000
0.000000
3.593318
0.000000
0.000000
0.000000
0.000000
0.000000
0.000000
0.000000
0.000000
0.000000
0.000000
0.000000
6.490139
4.867604
4.056336
7.301406
11.357742
28.206379
0.000000
0.000000
0.000000
1.796659
0.000000
0.000000
0.000000
2.245824
0.000000
32.450691
26.771822
25.149286
22.715485
16.225346
12.980277
0.811267
30.016891
20.281683
14.602812
14.602812
15.414079
0.000000
0.000000
0.898330
0.000000
2.245824
4.042483
3.593318
0.000000
1.347494
3.955421
3.593318
0.000000
0.000000
14.602812
15.414079
0.000000
0.000000
0.000000
0.000000
0.000000
5.678871
4.867604
3.245069
1.622535
4.056336
2.433802
1.622535
0.811267
4.056336
8.112673
9.735208
14.602812
18.659149
25.960554
33.261959
28.394356
30.016891
0.000000
0.000000
0.000000
0.000000
34.073227
34.884495
9.432461
0.000000
11.229120
8.084967
5.839142
0.000000
0.000000
5.839142
0.898330
7.301406
0.811267
9.084211
0.000000
0.000000
0.000000
1.347494
0.000000
0.000000
0.000000
0.000000
0.000000
0.000000
0.000000
0.000000
0.000000
0.000000
0.000000
0.000000
0.000000
0.000000
0.000000
0.000000
0.000000
2.433802
5.678871
3.245069
4.056336
28.394356
30.016891
35.695763
29.205624
42.185902
42.185902
11.357742
12.169010
12.169010
12.980277
14.602812
15.414079
17.036613
18.659149
25.960554
32.450691
38.940830
32.450691
3.144154
0.000000
1.796659
0.898330
7.635802
0.000000
11.229120
8.084967
18.805567
9.272190
20.602226
17.082115
9.533377
0.898330
0.449165
4.042483
0.000000
0.000000
0.000000
17.847881
12.980277
10.546475
10.546475
13.791544
22.715485
21.092951
17.847881
14.602812
14.602812
14.602812
17.847881
0.000000
10.546475
10.546475
8.112673
8.112673
10.546475
14.602812
12.169010
0.000000
0.000000
0.000000
0.000000
0.000000
0.000000
32.450691
30.828157
29.205624
27.583088
26.771822
28.394356
23.526752
14.602812
5.678871
38.940830
30.828157
25.149286
21.267075
27.583088
28.394356
0.000000
12.576614
5.389977
5.389977
7.635802
10.330791
6.737472
7.186637
5.839142
6.288307
2.694989
3.593318
1.796659
0.000000
0.000000
0.000000
0.000000
0.000000
0.000000
0.000000
3.245069
2.433802
1.622535
0.811267
0.000000
0.000000
0.811267
2.433802
4.867604
9.735208
15.414079
21.904217
16.225346
23.526752
31.639425
38.940830
0.000000
0.000000
1.622535
1.796659
1.347494
1.347494
1.347494
0.000000
0.000000
2.245824
0.811267
0.000000
2.433802
34.073227
32.450691
30.828157
28.394356
33.261959
25.149286
40.563366
35.695763
30.828157
30.016891
29.205624
27.583088
30.828157
26.771822
23.526752
23.526752
29.205624
28.206379
33.885250
6.288307
0.000000
1.796659
13.924109
9.432461
0.000000
0.000000
7.186637
1.347494
0.811267
2.433802
0.000000
0.000000
5.678871
8.923941
25.960554
14.602812
13.791544
12.980277
12.169010
12.169010
10.546475
7.301406
4.867604
3.245069
4.867604
0.000000
0.000000
0.000000
0.000000
0.000000
0.000000
0.000000
8.923941
6.490139
3.245069
1.622535
0.000000
0.000000
0.000000
0.000000
0.000000
24.338020
34.073227
33.261959
18.659149
20.281683
19.470415
25.960554
0.000000
4.056336
5.678871
1.622535
0.000000
13.791544
8.923941
4.056336
0.000000
4.042483
0.000000
0.000000
0.000000
0.000000
4.867604
8.923941
9.735208
10.546475
0.000000
0.000000
12.980277
8.923941
6.490139
4.056336
2.433802
0.000000
0.000000
0.000000
4.867604
0.000000
0.000000
0.000000
0.000000
0.000000
0.000000
2.433802
0.000000
0.000000
0.000000
1.622535
0.000000
0.000000
34.884495
44.619701
36.507030
40.563366
21.092951
24.338020
0.000000
0.000000
0.000000
0.000000
0.000000
0.000000
9.735208
18.659149
7.301406
0.000000
0.000000
0.000000
0.000000
0.000000
0.000000
0.000000
0.000000
0.000000
0.000000
0.000000
0.000000
0.000000
0.000000
0.000000
0.000000
0.000000
0.000000
0.000000
0.000000
0.000000
0.000000
0.000000
0.000000
0.000000
0.000000
0.000000
0.000000
34.884495
28.394356
26.771822
22.715485
27.583088
21.904217
40.563366
39.752098
38.940830
38.129562
36.507030
34.884495
34.884495
33.261959
34.884495
34.073227
34.073227
24.338020
5.839142
0.000000
0.449165
0.000000
8.084967
4.042483
7.186637
0.000000
3.593318
4.940813
7.186637
0.000000
0.000000
0.000000
0.000000
0.000000
0.000000
0.000000
0.000000
0.000000
2.245824
0.000000
0.000000
5.389977
0.898330
0.000000
0.000000
5.389977
0.000000
0.000000
0.000000
15.038124
4.056336
0.000000
0.000000
0.811267
1.622535
2.433802
4.056336
17.847881
12.980277
9.735208
12.980277
9.735208
8.923941
68.957726
68.146454
52.732376
30.016891
17.847881
9.735208
17.036613
20.281683
25.960554
0.000000
0.811267
4.867604
3.245069
8.112673
0.000000
13.791544
12.980277
9.735208
8.923941
3.245069
5.678871
7.301406
2.433802
10.546475
6.490139
6.490139
7.301406
8.112673
9.735208
8.112673
4.056336
0.811267
4.056336
3.245069
3.245069
0.811267
0.811267
0.811267
0.811267
0.811267
0.811267
2.433802
3.245069
4.867604
4.056336
4.056336
3.245069
0.000000
0.000000
0.000000
0.000000
41.374634
47.864773
38.129562
0.449165
0.449165
0.898330
0.898330
0.000000
2.433802
11.357742
0.000000
0.000000
0.000000
9.735208
8.112673
8.112673
7.301406
9.735208
8.923941
5.316769
4.867604
13.791544
13.791544
17.834026
10.546475
33.261959
30.828157
32.450691
22.715485
17.847881
11.357742
3.245069
0.000000
0.000000
0.000000
0.000000
0.000000
2.433802
4.056336
0.811267
0.000000
0.000000
0.811267
0.000000
0.000000
25.149286
39.752098
0.000000
9.735208
14.602812
12.980277
4.867604
0.000000
0.000000
3.245069
0.000000
1.622535
0.000000
30.016891
21.092951
24.338020
2.433802
12.980277
10.546475
6.490139
3.245069
4.867604
3.245069
3.245069
1.796659
0.000000
0.000000
3.955421
5.765934
30.016891
0.000000
11.618929
2.433802
17.036613
8.112673
19.470415
0.000000
0.000000
0.000000
1.622535
0.000000
9.735208
0.898330
0.000000
0.000000
0.000000
0.000000
0.000000
0.000000
20.281683
0.000000
0.000000
0.000000
0.811267
0.811267
1.622535
8.923941
3.245069
0.000000
0.000000
0.811267
3.245069
2.433802
4.867604
2.433802
29.205624
19.470415
21.904217
19.470415
15.414079
27.583088
3.245069
3.245069
0.000000
0.000000
0.000000
0.000000
0.000000
18.659149
1.622535
39.752098
34.884495
31.639425
26.771822
8.923941
1.622535
2.433802
4.056336
0.000000
0.000000
0.000000
0.000000
4.867604
0.000000
0.000000
0.000000
2.694989
0.000000
5.389977
0.000000
6.737472
9.881626
6.737472
0.000000
0.000000
23.962063
19.470415
20.281683
20.281683
27.583088
0.000000
0.000000
0.000000
0.000000
0.000000
0.000000
0.000000
2.433802
9.735208
0.000000
0.000000
0.000000
9.735208
0.000000
8.923941
10.546475
9.735208
5.678871
12.980277
8.112673
17.847881
0.000000
14.602812
0.000000
2.433802
14.602812
4.867604
3.245069
0.000000
0.000000
0.000000
0.000000
0.000000
0.811267
17.036613
0.000000
22.715485
0.000000
0.000000
0.000000
0.000000
0.000000
6.490139
0.000000
4.867604
0.000000
0.000000
0.000000
8.112673
0.000000
0.000000
0.000000
0.000000
0.000000
0.000000
0.000000
0.000000
0.000000
0.000000
0.000000
0.000000
0.000000
28.394356
0.000000
0.000000
4.867604
0.000000
0.000000
8.112673
0.000000
20.281683
15.414079
13.791544
9.735208
18.659149
8.923941
15.125185
15.125185
10.720600
43.519539
13.937963
27.715652
21.166159
8.084967
6.288307
9.881626
4.230461
3.593318
27.583088
10.184372
0.898330
2.245824
8.112673
0.000000
0.000000
0.000000
13.791544
0.000000
0.000000
0.000000
0.000000
0.000000
0.000000
0.000000
0.000000
0.000000
10.546475
9.735208
8.923941
8.112673
9.735208
12.169010
16.225346
15.414079
19.470415
17.847881
18.659149
12.169010
11.357742
4.056336
4.867604
0.000000
0.000000
0.000000
0.000000
23.526752
8.112673
44.619701
0.898330
0.898330
0.898330
0.449165
0.000000
6.490139
23.526752
0.000000
6.490139
9.735208
30.016891
32.450691
34.884495
34.073227
30.016891
25.149286
25.149286
18.659149
11.357742
9.735208
8.112673
4.867604
18.659149
15.414079
13.791544
1.622535
3.245069
3.245069
4.867604
0.000000
5.389977
3.144154
0.000000
0.000000
8.084967
3.506256
0.000000
0.000000
5.389977
0.000000
0.000000
0.000000
21.092951
21.904217
24.338020
24.338020
24.338020
21.904217
18.659149
16.225346
12.980277
8.923941
4.056336
0.811267
0.000000
0.000000
0.000000
1.622535
0.000000
12.980277
26.771822
0.000000
0.000000
1.622535
0.811267
0.000000
0.000000
0.000000
0.000000
0.000000
0.000000
7.301406
7.301406
3.245069
0.000000
8.112673
8.923941
22.715485
0.000000
0.000000
0.000000
0.811267
0.000000
3.245069
2.433802
2.158762
0.000000
0.000000
0.000000
0.000000
0.000000
4.867604
0.000000
0.000000
0.000000
1.622535
0.000000
0.000000
11.357742
5.678871
4.867604
4.867604
5.678871
0.000000
0.000000
0.000000
0.000000
0.000000
0.000000
0.000000
0.000000
0.000000
0.000000
0.000000
0.000000
0.000000
0.000000
0.000000
0.000000
4.056336
51.921108
43.808434
34.884495
30.828157
21.904217
18.659149
0.000000
0.000000
0.000000
0.000000
0.000000
0.000000
0.000000
0.000000
0.000000
0.000000
0.000000
0.000000
0.000000
0.000000
0.000000
0.000000
0.000000
0.000000
0.000000
0.000000
3.245069
5.678871
5.678871
6.490139
7.301406
7.301406
9.735208
12.169010
12.980277
14.602812
15.414079
16.225346
18.659149
30.828157
42.185902
0.000000
15.414079
41.374634
41.374634
0.000000
38.129562
34.073227
30.016891
30.828157
25.149286
20.281683
13.791544
5.678871
5.678871
6.490139
5.678871
9.735208
4.867604
2.433802
0.000000
0.000000
0.000000
7.635802
8.983296
0.000000
0.000000
6.737472
1.347494
0.000000
0.000000
6.737472
0.000000
0.000000
2.433802
0.000000
2.433802
0.000000
0.000000
0.000000
0.000000
0.000000
0.000000
0.000000
0.000000
0.000000
0.000000
0.000000
0.000000
0.000000
0.000000
0.000000
24.338020
1.622535
0.000000
4.056336
16.225346
25.960554
0.000000
0.000000
1.622535
0.000000
0.000000
0.000000
0.000000
0.000000
9.735208
8.112673
7.301406
6.490139
4.867604
4.056336
6.490139
16.225346
26.771822
0.000000
0.000000
0.000000
0.811267
0.811267
3.144154
4.056336
3.245069
2.433802
11.256826
0.000000
0.000000
1.622535
1.622535
1.622535
1.622535
1.622535
1.622535
2.433802
2.433802
1.622535
0.000000
0.000000
11.357742
11.357742
11.357742
0.811267
0.811267
0.811267
1.622535
1.622535
1.622535
2.433802
2.433802
0.811267
0.000000
0.000000
0.000000
0.000000
0.000000
0.000000
0.000000
64.090118
54.354912
43.808434
0.811267
0.811267
0.811267
0.811267
0.811267
0.811267
0.000000
8.112673
1.622535
0.000000
0.000000
0.000000
0.000000
0.811267
0.000000
1.622535
0.000000
0.000000
0.000000
0.000000
0.000000
0.000000
0.000000
0.000000
0.000000
0.000000
0.000000
4.056336
0.811267
3.245069
2.433802
1.622535
0.811267
0.811267
0.811267
0.000000
0.000000
0.811267
0.000000
0.000000
0.000000
12.169010
3.245069
0.000000
0.811267
0.000000
0.000000
0.000000
0.000000
0.000000
0.811267
0.811267
0.811267
0.811267
4.056336
3.245069
0.000000
0.811267
0.811267
4.056336
6.490139
14.602812
0.000000
0.000000
0.000000
0.000000
0.000000
0.000000
17.036613
11.357742
5.678871
0.000000
0.000000
0.000000
0.000000
0.000000
0.000000
0.000000
0.000000
0.000000
0.811267
6.490139
14.602812
0.000000
0.000000
0.000000
0.000000
0.000000
0.000000
0.000000
0.000000
0.000000
0.000000
0.000000
0.000000
0.000000
11.357742
11.357742
0.000000
0.000000
0.000000
0.000000
0.000000
3.245069
2.433802
2.433802
4.056336
0.000000
0.000000
0.000000
0.000000
0.000000
0.000000
2.433802
0.811267
0.811267
0.000000
0.000000
8.112673
0.000000
0.000000
0.000000
0.000000
0.000000
8.923941
9.735208
11.357742
9.735208
7.301406
5.678871
4.867604
5.678871
7.301406
0.000000
0.000000
0.811267
0.000000
0.000000
0.000000
0.000000
0.000000
0.000000
0.000000
0.000000
0.000000
1.622535
0.000000
0.000000
0.000000
0.000000
0.000000
0.000000
0.811267
0.811267
2.433802
3.245069
4.056336
3.245069
4.056336
2.433802
0.811267
0.000000
0.000000
8.112673
2.433802
6.490139
6.490139
0.000000
6.490139
0.000000
0.000000
0.000000
0.000000
0.000000
0.000000
0.000000
0.000000
0.000000
0.000000
0.000000
7.301406
4.867604
1.622535
0.811267
0.811267
0.811267
0.000000
3.245069
0.000000
0.000000
0.811267
0.811267
0.000000
0.000000
0.000000
0.000000
0.000000
0.000000
0.000000
0.000000
8.923941
11.357742
7.301406
7.301406
7.301406
7.301406
7.301406
7.301406
7.301406
7.301406
7.301406
8.112673
7.301406
3.245069
4.056336
10.546475
8.923941
14.602812
32.450691
45.430969
21.092951
21.904217
10.546475
7.301406
6.490139
5.678871
3.245069
4.867604
5.678871
6.490139
5.678871
1.622535
4.056336
4.056336
3.245069
5.678871
4.867604
5.678871
8.112673
1.622535
6.490139
0.000000
0.000000
0.000000
0.000000
0.000000
0.000000
0.000000
0.000000
0.000000
0.000000
0.000000
0.000000
0.000000
0.000000
0.000000
0.000000
0.000000
0.000000
0.000000
0.000000
2.433802
2.433802
1.622535
0.811267
0.811267
0.000000
0.000000
0.000000
0.000000
0.000000
0.000000
0.000000
8.112673
6.490139
4.867604
4.056336
0.000000
0.000000
0.000000
2.694989
3.144154
3.144154
2.694989
4.042483
4.491648
4.491648
34.884495
0.000000
0.000000
0.000000
0.000000
0.000000
1.622535
0.000000
0.000000
0.000000
1.622535
5.678871
8.112673
11.357742
14.602812
0.000000
0.811267
3.245069
0.000000
0.000000
14.602812
6.490139
0.000000
0.000000
0.000000
0.000000
0.000000
0.000000
0.000000
0.000000
0.000000
0.000000
0.000000
14.602812
25.149286
0.000000
0.000000
0.000000
0.000000
0.000000
0.000000
0.000000
0.000000
0.000000
0.000000
0.000000
0.811267
13.791544
14.602812
0.000000
0.000000
8.923941
0.000000
0.000000
16.225346
17.036613
0.000000
0.000000
0.000000
0.000000
27.583088
6.490139
0.000000
0.000000
0.000000
5.678871
7.301406
10.546475
0.000000
0.000000
0.000000
41.374634
23.526752
8.112673
0.000000
12.169010
0.000000
4.056336
1.622535
0.000000
0.000000
0.000000
0.000000
0.000000
0.000000
2.433802
0.000000
0.000000
0.811267
0.000000
0.000000
0.811267
7.301406
8.923941
8.923941
8.923941
0.000000
0.000000
0.000000
0.811267
0.000000
0.000000
0.000000
0.000000
3.245069
4.867604
23.526752
26.771822
34.884495
38.129562
35.695763
84.371803
31.639425
0.000000
0.000000
0.000000
0.000000
0.000000
0.000000
0.000000
0.000000
0.000000
0.000000
13.791544
16.225346
20.281683
0.000000
0.000000
0.000000
0.000000
0.000000
0.000000
0.000000
0.000000
0.000000
0.000000
0.000000
0.000000
0.000000
10.546475
0.000000
0.000000
0.000000
0.000000
0.000000
0.000000
0.000000
0.000000
0.000000
0.000000
0.000000
0.000000
0.000000
0.000000
0.000000
0.000000
0.000000
0.000000
37.318298
0.000000
0.000000
0.000000
0.000000
0.000000
3.245069
11.357742
19.470415
20.281683
21.092951
21.904217
0.000000
0.000000
0.000000
35.695763
3.245069
0.000000
0.000000
0.000000
0.000000
0.000000
2.433802
0.000000
0.000000
0.000000
0.000000
0.000000
0.000000
0.000000
7.301406
0.000000
12.980277
28.394356
31.639425
13.791544
24.338020
22.715485
31.639425
34.073227
25.149286
19.470415
19.470415
19.470415
21.092951
21.092951
28.394356
0.000000
0.000000
0.000000
0.000000
0.000000
0.000000
12.980277
0.000000
0.000000
17.847881
0.000000
0.000000
0.000000
0.000000
8.923941
12.169010
12.169010
12.980277
8.112673
0.000000
0.000000
0.000000
0.000000
38.129562
21.092951
6.490139
1.622535
0.000000
0.000000
4.056336
5.678871
4.867604
0.000000
10.546475
6.490139
4.056336
0.000000
8.112673
4.056336
4.056336
4.056336
4.867604
6.490139
9.735208
11.357742
13.791544
0.000000
0.000000
1.622535
0.000000
0.000000
0.000000
0.000000
0.000000
0.000000
0.000000
0.000000
1.622535
4.056336
3.245069
8.112673
67.335190
69.768990
73.014061
75.447861
0.000000
0.000000
0.000000
12.169010
12.980277
13.791544
13.791544
14.602812
15.414079
16.225346
11.357742
10.546475
8.112673
0.000000
0.000000
0.000000
0.000000
0.000000
0.000000
0.000000
0.000000
0.000000
0.000000
0.000000
0.000000
0.000000
0.000000
0.000000
0.000000
0.000000
0.000000
0.000000
14.602812
13.791544
12.169010
12.169010
11.357742
9.735208
8.923941
8.112673
7.301406
6.490139
4.056336
0.000000
12.169010
13.791544
8.923941
5.678871
5.678871
8.923941
12.980277
13.791544
13.791544
7.301406
2.433802
0.811267
0.000000
0.811267
3.245069
0.000000
0.000000
5.678871
1.622535
0.000000
26.771822
0.000000
0.000000
0.000000
0.000000
0.000000
0.000000
28.394356
24.338020
21.904217
0.000000
0.000000
0.000000
0.000000
0.000000
0.000000
0.000000
0.000000
0.000000
0.000000
4.056336
12.980277
0.000000
0.000000
0.000000
0.000000
0.000000
0.000000
0.000000
0.000000
0.000000
0.000000
0.000000
0.000000
0.000000
14.602812
14.602812
0.000000
0.000000
0.000000
0.000000
0.000000
0.000000
0.000000
0.000000
0.000000
0.000000
0.000000
0.000000
0.000000
0.000000
0.000000
0.000000
0.000000
0.000000
0.000000
0.000000
5.678871
0.000000
0.000000
0.000000
0.000000
0.000000
1.622535
1.622535
30.828157
26.771822
21.904217
17.036613
14.602812
13.791544
13.791544
5.678871
6.490139
6.490139
7.301406
6.490139
4.867604
3.245069
3.245069
3.245069
3.332131
1.622535
2.433802
3.245069
8.112673
5.678871
4.867604
4.867604
4.056336
3.245069
3.245069
4.867604
7.301406
8.112673
8.112673
8.112673
10.546475
12.169010
13.791544
0.000000
2.433802
0.000000
0.000000
4.867604
0.000000
0.000000
0.000000
0.000000
0.000000
0.000000
0.000000
0.000000
0.000000
0.000000
0.000000
0.000000
0.000000
0.000000
0.000000
14.602812
14.602812
14.602812
13.791544
12.980277
12.169010
11.357742
11.357742
10.546475
10.546475
9.735208
8.923941
6.490139
5.678871
3.245069
0.000000
0.000000
0.000000
0.000000
12.980277
9.735208
5.678871
5.678871
5.678871
5.678871
5.678871
5.678871
5.678871
5.678871
5.678871
4.867604
15.414079
9.735208
11.357742
9.735208
4.867604
0.000000
29.205624
22.715485
17.036613
20.281683
17.036613
17.036613
19.470415
20.281683
0.000000
0.000000
0.000000
0.000000
0.000000
0.000000
2.245824
2.607927
4.056336
0.000000
0.000000
0.000000
4.867604
3.245069
8.923941
0.000000
0.000000
0.000000
0.000000
0.000000
0.000000
0.000000
0.000000
0.000000
0.000000
0.000000
0.000000
0.000000
0.000000
0.000000
0.000000
0.000000
0.000000
0.811267
1.622535
0.000000
0.000000
0.000000
0.000000
0.000000
0.000000
0.000000
0.000000
0.000000
0.000000
0.000000
0.000000
0.000000
0.000000
0.000000
0.000000
0.000000
0.000000
0.000000
12.980277
12.980277
13.791544
12.980277
15.414079
16.225346
19.470415
3.245069
5.678871
3.245069
10.546475
10.546475
25.149286
25.149286
38.940830
36.507030
38.129562
38.129562
32.450691
31.639425
24.338020
21.092951
16.225346
11.357742
8.923941
6.490139
6.490139
3.245069
6.490139
8.923941
10.546475
9.735208
12.169010
10.546475
9.735208
8.923941
7.301406
6.490139
5.678871
3.245069
0.000000
14.602812
18.659149
12.980277
10.546475
12.169010
14.602812
14.602812
19.470415
18.659149
17.036613
12.169010
7.301406
5.678871
1.622535
3.245069
5.678871
5.678871
14.602812
5.678871
0.000000
40.563366
0.000000
1.622535
0.000000
0.000000
4.056336
2.433802
36.507030
28.394356
24.338020
7.301406
4.867604
12.980277
9.735208
18.659149
16.225346
17.847881
19.470415
12.980277
12.980277
12.169010
18.659149
0.000000
0.000000
0.000000
0.000000
0.000000
0.000000
0.000000
0.000000
0.000000
0.000000
0.000000
0.000000
0.000000
19.470415
21.904217
0.000000
1.622535
4.056336
5.678871
10.546475
6.490139
4.056336
5.678871
0.811267
4.056336
0.000000
2.433802
0.811267
3.245069
2.433802
1.622535
3.245069
4.867604
7.301406
8.923941
17.036613
7.301406
2.433802
2.433802
0.000000
0.811267
8.923941
15.414079
35.695763
30.828157
24.338020
17.847881
19.470415
13.791544
10.546475
8.112673
7.301406
8.112673
9.735208
6.490139
10.546475
9.735208
11.357742
9.735208
8.112673
3.245069
4.867604
0.000000
16.225346
9.735208
7.301406
4.867604
1.622535
0.000000
0.811267
2.433802
4.867604
5.678871
5.678871
5.678871
8.112673
11.357742
15.414079
0.000000
0.811267
0.000000
0.000000
25.960554
17.847881
25.960554
34.073227
25.149286
38.940830
17.847881
34.073227
4.867604
21.092951
2.433802
8.923941
3.245069
0.811267
1.622535
0.000000
10.546475
12.169010
12.980277
12.980277
12.169010
10.546475
12.169010
8.923941
9.735208
9.735208
8.923941
8.112673
5.678871
4.867604
4.056336
6.490139
8.112673
10.546475
12.169010
18.659149
17.036613
7.301406
7.301406
7.301406
7.301406
7.301406
7.301406
7.301406
7.301406
7.301406
5.678871
23.526752
17.847881
12.980277
13.791544
6.490139
0.000000
36.507030
22.715485
30.016891
22.715485
31.639425
27.583088
25.960554
21.092951
6.490139
4.056336
15.414079
12.980277
20.281683
16.225346
19.470415
20.281683
22.715485
10.546475
4.867604
5.678871
8.923941
11.357742
13.791544
0.000000
0.000000
0.000000
0.000000
0.000000
0.000000
0.000000
0.000000
0.000000
0.000000
1.622535
0.000000
7.301406
4.056336
5.678871
2.433802
0.000000
5.678871
8.112673
15.414079
0.000000
0.000000
0.000000
0.000000
0.000000
0.000000
0.000000
0.000000
1.622535
2.433802
5.678871
6.490139
8.112673
8.923941
10.546475
13.791544
2.433802
3.245069
2.433802
0.811267
0.811267
0.811267
0.811267
0.811267
0.811267
0.000000
2.433802
1.622535
1.622535
1.347494
0.000000
3.593318
3.144154
4.940813
0.000000
2.245824
1.796659
0.000000
0.000000
0.000000
0.000000
0.000000
0.000000
0.000000
2.433802
1.622535
2.433802
1.622535
3.245069
2.433802
1.622535
0.811267
0.000000
0.000000
0.000000
0.000000
0.811267
0.000000
0.000000
0.811267
0.000000
0.000000
0.000000
0.000000
0.000000
0.000000
0.000000
0.000000
0.000000
0.000000
0.000000
0.000000
0.000000
0.000000
0.811267
2.607927
1.622535
0.000000
0.000000
0.000000
0.000000
0.000000
0.000000
0.000000
0.000000
0.000000
1.622535
0.811267
0.811267
0.811267
0.000000
0.000000
0.449165
0.811267
0.000000
0.000000
0.000000
3.593318
0.000000
0.000000
0.000000
0.000000
0.000000
0.000000
0.000000
0.000000
0.000000
0.000000
0.000000
0.000000
0.000000
1.622535
0.000000
0.000000
0.000000
0.000000
0.000000
0.000000
0.000000
0.000000
0.000000
0.000000
3.245069
3.245069
2.433802
1.622535
1.622535
0.811267
0.811267
0.000000
1.796659
0.000000
0.000000
0.000000
1.347494
0.000000
0.000000
0.811267
0.000000
0.000000
0.000000
0.000000
0.000000
0.000000
0.000000
0.811267
8.112673
0.000000
20.281683
7.301406
17.036613
6.490139
11.357742
0.449165
0.811267
0.000000
0.000000
8.534131
12.127450
0.000000
0.000000
11.591222
12.402490
2.433802
3.245069
0.000000
0.000000
0.000000
0.000000
0.000000
0.811267
0.811267
0.811267
0.811267
0.811267
0.811267
1.622535
2.433802
1.622535
0.811267
2.433802
0.811267
0.000000
0.000000
0.000000
0.000000
0.000000
0.000000
0.000000
0.000000
0.000000
0.000000
0.000000
0.000000
0.000000
0.000000
6.490139
3.245069
12.169010
8.923941
17.847881
10.546475
12.169010
6.490139
0.811267
0.811267
0.811267
0.811267
0.811267
0.811267
0.811267
0.811267
0.000000
0.000000
2.433802
0.000000
0.000000
0.811267
0.811267
0.000000
0.000000
0.000000
0.000000
0.000000
0.000000
0.000000
0.000000
0.000000
0.000000
0.000000
0.000000
0.000000
0.000000
0.000000
0.000000
0.000000
0.811267
4.056336
4.056336
4.056336
1.622535
0.811267
0.811267
0.811267
0.811267
0.000000
0.000000
2.245824
0.449165
0.000000
0.000000
0.000000
0.000000
0.000000
0.000000
0.000000
0.000000
0.000000
0.000000
0.000000
0.000000
0.000000
0.000000
0.000000
1.622535
0.811267
0.000000
0.000000
0.000000
0.000000
0.000000
0.000000
0.000000
0.000000
0.000000
0.000000
0.000000
0.000000
0.000000
0.000000
1.622535
1.622535
0.811267
0.811267
0.000000
0.000000
0.449165
0.000000
0.449165
0.000000
0.000000
0.000000
0.898330
0.000000
0.000000
0.000000
0.000000
0.000000
0.000000
18.659149
20.281683
21.904217
23.526752
25.960554
27.583088
35.695763
15.414079
30.828157
38.129562
0.000000
0.000000
0.000000
0.000000
0.000000
0.000000
0.000000
0.000000
0.000000
0.000000
0.000000
0.000000
0.000000
0.000000
0.000000
0.000000
0.000000
0.000000
0.000000
34.073227
29.205624
23.526752
18.659149
12.169010
4.867604
0.811267
13.791544
23.526752
25.960554
21.904217
18.659149
4.056336
1.622535
0.000000
10.546475
1.622535
0.000000
0.000000
2.433802
5.678871
6.490139
5.678871
5.678871
5.678871
8.923941
0.000000
4.867604
0.000000
0.000000
0.811267
4.056336
4.056336
6.490139
17.036613
23.526752
30.828157
31.639425
4.056336
0.000000
12.169010
16.225346
0.000000
0.000000
0.000000
1.622535
0.000000
0.000000
0.000000
0.000000
0.000000
0.000000
0.000000
0.000000
8.112673
1.622535
0.811267
0.000000
0.000000
0.000000
1.622535
0.000000
0.811267
33.261959
24.338020
17.847881
12.169010
0.000000
1.622535
0.000000
0.000000
0.000000
0.000000
0.000000
16.225346
14.602812
12.980277
21.092951
0.000000
0.000000
0.000000
0.000000
0.000000
0.000000
11.357742
0.811267
0.000000
0.000000
1.622535
0.000000
0.000000
0.000000
0.000000
0.000000
0.000000
0.000000
0.000000
10.546475
13.791544
8.112673
1.622535
30.016891
12.980277
0.000000
33.261959
27.583088
45.430969
23.526752
26.771822
21.904217
30.016891
27.583088
25.960554
27.583088
34.073227
35.695763
38.940830
12.980277
0.000000
0.000000
1.622535
0.811267
5.678871
27.583088
25.149286
21.904217
22.715485
24.338020
34.884495
45.430969
45.430969
47.864773
53.543644
55.166176
0.000000
0.000000
0.000000
0.000000
0.000000
0.000000
0.000000
0.000000
0.000000
0.000000
0.000000
0.000000
0.000000
0.000000
0.000000
0.000000
0.000000
0.000000
25.960554
26.771822
22.715485
20.281683
16.225346
5.678871
33.261959
6.490139
22.715485
24.338020
22.715485
20.281683
15.414079
0.811267
38.129562
0.000000
5.678871
12.169010
13.791544
0.000000
18.659149
11.357742
11.357742
11.357742
11.357742
11.357742
11.357742
11.357742
11.357742
11.357742
11.357742
9.735208
44.619701
0.000000
18.659149
12.169010
13.791544
4.056336
30.016891
7.301406
10.546475
7.301406
11.357742
10.546475
17.847881
1.622535
7.301406
0.000000
0.000000
0.000000
0.000000
0.000000
0.000000
0.000000
0.000000
0.000000
0.000000
0.000000
11.357742
0.000000
0.000000
5.678871
1.622535
3.245069
21.092951
13.791544
4.056336
0.811267
12.980277
4.056336
4.056336
4.867604
4.867604
4.056336
6.490139
9.735208
11.357742
0.000000
0.000000
0.000000
2.433802
2.433802
0.000000
0.000000
0.000000
0.000000
0.000000
0.000000
0.000000
0.000000
4.867604
11.357742
0.000000
0.000000
0.000000
0.000000
0.000000
0.000000
0.000000
7.461677
7.910842
9.620439
10.518768
11.417098
13.213757
20.588371
6.650410
8.360006
5.839142
0.811267
0.811267
0.811267
0.811267
0.000000
0.000000
0.811267
0.000000
0.000000
0.000000
0.000000
0.000000
0.000000
0.000000
0.000000
1.622535
0.811267
1.622535
0.811267
0.000000
0.000000
0.000000
0.000000
0.000000
1.622535
4.056336
4.867604
0.000000
0.811267
0.000000
0.000000
0.000000
0.000000
0.000000
0.000000
0.000000
0.000000
0.000000
0.000000
0.000000
0.000000
0.000000
0.000000
0.000000
0.000000
0.811267
0.000000
0.811267
0.000000
0.000000
0.000000
3.144154
2.245824
0.000000
0.000000
2.694989
0.449165
0.811267
7.374615
7.635802
3.144154
0.000000
0.000000
3.593318
0.000000
0.000000
0.000000
2.245824
0.000000
0.000000
0.000000
2.694989
0.000000
0.000000
0.000000
6.288307
0.000000
0.811267
0.811267
0.811267
0.000000
0.000000
2.433802
1.796659
4.056336
0.000000
4.056336
0.000000
0.000000
0.000000
0.000000
0.000000
0.000000
0.811267
0.811267
0.811267
0.000000
0.811267
0.000000
0.000000
0.000000
0.000000
0.000000
0.000000
0.000000
0.000000
0.000000
0.000000
0.000000
1.622535
0.811267
0.000000
0.811267
0.811267
0.000000
0.000000
0.000000
0.000000
0.000000
0.000000
1.347494
0.000000
9.735208
5.678871
8.112673
10.546475
0.000000
0.000000
0.000000
0.000000
0.000000
0.000000
0.000000
0.000000
0.000000
0.000000
0.000000
0.000000
0.000000
0.000000
0.000000
0.000000
0.000000
0.000000
0.000000
0.000000
0.000000
7.301406
5.678871
16.225346
12.980277
18.659149
13.791544
7.301406
0.811267
0.000000
0.811267
0.000000
0.000000
0.811267
0.000000
0.000000
0.000000
0.000000
0.000000
0.000000
0.000000
1.622535
0.811267
0.811267
1.622535
0.000000
0.000000
0.000000
0.000000
0.000000
0.000000
4.867604
7.301406
4.056336
5.678871
0.000000
0.000000
0.000000
0.000000
0.000000
0.000000
0.000000
0.000000
0.000000
0.000000
0.000000
0.000000
0.000000
0.000000
0.000000
0.000000
0.000000
0.000000
0.000000
0.000000
0.000000
0.000000
1.622535
0.811267
3.245069
1.622535
3.245069
4.867604
0.811267
3.245069
0.000000
3.245069
0.000000
0.000000
0.000000
0.811267
0.000000
0.000000
0.000000
0.000000
0.000000
1.347494
0.000000
7.635802
0.000000
3.144154
0.000000
7.635802
0.000000
0.000000
0.000000
10.779955
0.000000
6.389223
0.000000
14.662168
0.000000
5.940058
0.000000
5.389977
0.000000
4.491648
0.000000
0.000000
0.000000
0.000000
0.000000
0.000000
0.000000
0.000000
1.622535
0.811267
0.811267
0.811267
0.000000
0.000000
0.000000
0.000000
0.000000
0.000000
0.000000
0.000000
0.000000
0.000000
0.000000
0.000000
0.811267
0.000000
0.811267
3.245069
4.056336
7.301406
7.301406
8.112673
7.301406
8.112673
12.169010
6.490139
6.490139
6.490139
6.490139
0.811267
0.000000
0.000000
0.000000
6.288307
7.635802
10.330791
0.000000
9.881626
13.025780
9.432461
0.000000
0.000000
2.520864
0.811267
0.000000
0.000000
4.867604
4.056336
3.245069
2.433802
0.811267
0.000000
0.000000
0.000000
1.622535
1.622535
1.622535
8.112673
5.678871
3.245069
0.000000
0.000000
0.000000
0.000000
0.000000
0.000000
0.000000
0.000000
0.000000
0.000000
0.000000
0.000000
3.245069
1.622535
5.389977
5.128791
0.000000
4.940813
6.664263
5.316769
2.970029
4.317523
5.577955
6.490139
3.245069
2.433802
3.419194
6.490139
4.056336
0.000000
4.867604
2.433802
0.000000
0.000000
0.000000
4.867604
2.433802
1.796659
0.000000
0.000000
2.433802
3.955421
0.000000
3.593318
0.000000
0.000000
0.000000
0.000000
0.000000
2.433802
2.433802
2.433802
2.433802
0.811267
0.811267
0.811267
0.000000
2.433802
1.622535
0.000000
1.622535
1.622535
0.811267
0.000000
4.056336
3.245069
2.433802
1.622535
2.433802
5.678871
2.694989
2.882967
5.316769
7.301406
10.546475
16.660658
3.144154
0.000000
0.000000
2.245824
0.000000
0.000000
0.000000
0.811267
0.000000
0.000000
0.000000
7.301406
4.056336
1.622535
2.433802
5.678871
0.000000
3.245069
3.245069
7.301406
9.909332
1.622535
2.433802
11.504161
23.544548
2.433802
2.433802
0.000000
10.156666
1.622535
1.622535
2.433802
3.245069
0.000000
0.000000
0.000000
0.000000
0.000000
0.811267
0.000000
2.433802
0.000000
4.056336
0.000000
0.000000
0.811267
4.056336
0.000000
0.000000
0.000000
0.000000
0.000000
0.000000
0.000000
0.811267
0.811267
3.057091
0.811267
0.000000
0.000000
0.000000
0.000000
4.867604
4.056336
3.245069
3.245069
3.245069
5.678871
0.000000
6.490139
2.433802
2.433802
6.490139
4.056336
11.357742
8.112673
8.112673
0.811267
2.433802
5.678871
7.301406
5.678871
0.000000
0.811267
0.811267
0.811267
0.811267
0.811267
0.811267
0.811267
0.811267
0.811267
1.622535
0.000000
0.000000
3.245069
0.000000
0.811267
0.000000
11.357742
9.735208
4.867604
0.811267
12.169010
4.867604
10.546475
4.056336
4.056336
0.000000
11.504161
5.389977
2.694989
6.650410
7.635802
4.042483
8.983296
13.488797
8.809172
2.694989
0.000000
0.000000
1.622535
2.433802
0.811267
0.811267
0.000000
4.867604
2.433802
0.811267
3.245069
0.000000
0.811267
3.245069
2.433802
4.867604
4.867604
2.433802
3.245069
4.056336
0.000000
0.000000
0.000000
0.000000
0.000000
3.144154
0.000000
2.694989
0.000000
5.389977
1.347494
2.694989
0.000000
3.419194
3.245069
4.867604
7.301406
10.995640
12.980277
0.000000
0.000000
0.000000
5.839142
6.288307
6.288307
5.839142
0.000000
0.000000
4.491648
0.000000
0.000000
0.000000
0.000000
0.000000
0.000000
0.000000
0.000000
0.000000
0.000000
0.000000
0.000000
0.000000
0.000000
0.000000
0.000000
0.000000
0.000000
44.619701
42.185902
30.828157
25.149286
17.036613
25.149286
32.450691
27.583088
14.602812
1.622535
3.245069
0.811267
0.000000
0.000000
0.000000
9.735208
14.602812
0.000000
0.000000
0.000000
0.000000
0.000000
0.000000
0.000000
0.000000
0.000000
0.000000
0.000000
0.000000
0.000000
8.923941
23.526752
37.318298
4.056336
0.000000
0.000000
22.715485
16.225346
3.245069
4.056336
8.460922
5.678871
0.000000
0.000000
0.898330
0.000000
8.112673
0.000000
0.000000
0.000000
4.056336
0.000000
0.000000
21.092951
10.546475
3.245069
0.000000
0.000000
9.735208
2.433802
0.811267
0.000000
0.000000
0.000000
0.000000
3.245069
12.980277
0.000000
3.245069
4.056336
4.056336
1.622535
0.000000
0.811267
0.000000
0.000000
0.000000
0.811267
33.261959
28.394356
22.715485
12.980277
22.715485
17.036613
17.847881
17.847881
23.526752
29.205624
14.602812
20.281683
34.884495
44.619701
56.788712
61.656315
2.433802
0.000000
0.000000
0.000000
0.000000
0.000000
0.000000
4.940813
0.000000
0.000000
0.000000
0.000000
0.000000
0.000000
2.433802
3.245069
0.000000
0.000000
0.000000
0.811267
0.811267
1.622535
1.622535
8.112673
15.414079
21.904217
28.394356
0.000000
0.000000
0.000000
0.000000
0.000000
0.000000
0.000000
0.000000
0.000000
0.000000
0.000000
0.000000
0.000000
0.000000
0.000000
0.000000
0.000000
0.000000
0.000000
34.073227
0.000000
0.000000
0.000000
0.000000
0.000000
0.000000
0.000000
0.000000
0.000000
0.000000
0.000000
62.467583
55.977444
50.298573
30.016891
12.980277
10.546475
14.602812
14.602812
7.301406
5.678871
0.000000
7.301406
0.000000
0.000000
0.000000
0.000000
0.000000
4.867604
0.000000
7.301406
10.546475
13.791544
14.602812
12.980277
0.000000
0.811267
0.811267
0.811267
0.811267
0.811267
0.811267
0.811267
0.811267
0.811267
4.056336
0.000000
0.000000
7.301406
0.000000
0.000000
0.000000
37.318298
42.185902
0.000000
0.000000
9.735208
4.056336
1.622535
0.000000
4.056336
0.000000
0.000000
0.000000
0.000000
8.923941
0.000000
0.000000
0.000000
15.414079
8.923941
2.433802
0.000000
0.000000
6.490139
7.301406
3.245069
2.433802
7.301406
0.000000
1.622535
9.735208
18.659149
9.735208
12.169010
12.169010
7.301406
7.301406
6.490139
1.622535
0.000000
6.490139
0.000000
6.490139
0.000000
36.507030
30.828157
24.338020
17.847881
11.357742
4.867604
1.622535
3.245069
4.867604
5.678871
9.735208
21.904217
25.960554
34.884495
45.430969
56.788712
0.000000
0.000000
0.000000
10.546475
11.357742
12.169010
12.169010
13.791544
14.602812
16.225346
17.847881
20.281683
21.092951
0.000000
0.000000
0.000000
0.000000
0.000000
0.000000
0.000000
0.000000
0.000000
0.000000
0.000000
0.000000
0.000000
0.000000
0.000000
0.000000
0.000000
0.000000
0.000000
12.980277
12.169010
10.546475
10.546475
11.357742
12.980277
12.980277
9.735208
6.490139
5.678871
3.245069
0.000000
4.056336
0.811267
0.000000
5.678871
1.622535
0.811267
0.811267
2.433802
3.245069
3.245069
3.245069
2.433802
2.433802
5.678871
0.000000
0.000000
2.433802
0.000000
6.490139
16.225346
0.000000
0.000000
0.000000
0.000000
0.811267
2.433802
4.867604
14.602812
14.602812
12.980277
0.000000
0.000000
0.000000
0.000000
0.000000
0.000000
0.000000
0.000000
0.000000
0.000000
0.000000
5.678871
0.000000
0.000000
0.000000
0.000000
0.000000
0.000000
0.000000
0.000000
0.811267
0.000000
0.000000
0.000000
0.000000
4.056336
1.622535
3.245069
0.000000
0.000000
0.000000
1.622535
0.000000
0.000000
0.000000
4.056336
0.000000
0.000000
0.000000
0.000000
0.000000
0.000000
3.245069
0.000000
0.000000
0.000000
0.000000
0.000000
7.301406
2.433802
0.000000
0.000000
0.000000
0.000000
0.000000
15.414079
16.225346
16.225346
16.225346
4.867604
7.301406
8.923941
8.112673
5.678871
13.791544
7.301406
5.678871
5.678871
4.867604
4.867604
4.867604
4.867604
4.056336
4.056336
4.867604
12.980277
4.867604
5.678871
6.490139
7.301406
7.301406
17.847881
17.847881
20.281683
21.904217
23.526752
22.715485
20.281683
22.715485
25.960554
25.960554
29.205624
11.357742
4.056336
0.000000
4.867604
4.056336
3.245069
0.000000
0.000000
0.000000
0.000000
0.000000
0.000000
0.000000
0.000000
0.000000
0.000000
0.000000
0.000000
12.980277
12.980277
12.169010
11.357742
9.735208
5.678871
14.602812
3.245069
8.112673
8.923941
8.112673
8.112673
8.112673
12.169010
0.000000
9.735208
5.678871
1.622535
1.622535
3.245069
12.169010
7.301406
7.301406
7.301406
7.301406
7.301406
7.301406
7.301406
7.301406
7.301406
7.301406
11.357742
5.678871
0.000000
14.602812
16.225346
20.281683
0.000000
0.000000
14.602812
15.414079
4.867604
7.301406
8.923941
12.169010
0.000000
0.000000
0.000000
0.000000
0.000000
0.000000
0.000000
0.000000
0.000000
0.000000
0.000000
0.000000
0.000000
1.622535
0.000000
0.000000
0.000000
0.000000
3.245069
0.000000
0.000000
0.000000
0.000000
0.811267
0.000000
0.000000
0.000000
0.000000
0.000000
0.000000
0.000000
0.000000
7.301406
7.301406
7.301406
3.245069
3.245069
2.433802
2.433802
2.433802
2.433802
0.811267
0.000000
0.000000
0.000000
0.000000
0.000000
0.000000
0.000000
0.000000
0.000000
4.867604
2.433802
0.000000
12.169010
12.980277
13.791544
13.791544
17.036613
21.904217
30.016891
15.414079
19.470415
16.225346
12.127450
0.000000
0.000000
0.000000
18.457317
4.867604
14.602812
6.490139
4.867604
0.000000
1.622535
12.980277
0.000000
0.000000
0.000000
0.000000
0.000000
2.694989
0.000000
6.490139
8.112673
8.923941
12.169010
5.678871
1.347494
1.796659
1.709597
12.242219
13.227611
10.706746
6.737472
5.389977
25.946701
23.599962
19.644541
17.847881
17.847881
16.225346
14.602812
12.169010
8.923941
5.678871
3.245069
0.811267
2.882967
10.720600
3.144154
6.288307
42.259109
25.758722
6.490139
8.735963
2.694989
3.593318
0.000000
0.000000
0.000000
13.791544
24.338020
20.281683
18.659149
0.000000
1.347494
7.301406
9.735208
13.791544
9.982541
19.470415
10.633537
0.000000
3.593318
1.709597
8.923941
0.000000
0.000000
0.000000
0.000000
0.000000
0.000000
0.000000
0.000000
0.000000
13.791544
0.000000
0.000000
0.000000
10.894724
21.629177
4.042483
0.000000
11.705992
16.660658
16.225346
0.811267
4.766688
5.577955
0.811267
6.490139
0.898330
5.940058
0.000000
0.000000
0.000000
1.796659
0.000000
0.000000
0.000000
4.491648
0.000000
0.000000
10.546475
0.811267
0.000000
0.000000
7.562593
10.344644
30.828157
24.338020
13.791544
2.882967
37.318298
25.960554
31.510803
7.186637
11.866262
14.474190
11.430952
8.011757
2.433802
2.694989
0.000000
0.000000
0.000000
0.000000
0.000000
0.000000
22.715485
20.281683
17.847881
14.602812
12.169010
10.546475
10.546475
12.980277
14.602812
14.602812
16.225346
27.583088
43.808434
45.430969
47.053505
4.056336
9.735208
0.000000
0.000000
0.000000
0.000000
12.228366
0.449165
0.000000
0.000000
13.474944
4.940813
7.301406
12.169010
22.687778
22.252468
0.000000
0.449165
0.000000
5.389977
10.546475
12.169010
13.791544
13.791544
12.980277
17.022760
16.298555
15.762329
10.546475
15.487288
20.065998
11.618929
4.867604
0.898330
33.335167
1.347494
0.000000
0.000000
0.000000
0.000000
0.000000
0.000000
0.000000
0.000000
0.000000
0.000000
0.000000
0.000000
0.000000
0.000000
0.000000
21.092951
19.470415
7.301406
11.343889
12.604321
8.373859
2.433802
11.953325
5.389977
23.774086
17.659903
27.903629
28.540775
30.699535
12.402490
18.864922
19.341793
13.662922
20.776350
15.097479
10.330791
7.200490
19.268585
8.084967
8.983296
0.898330
7.910842
1.796659
7.461677
1.347494
2.694989
0.000000
0.000000
17.297800
9.982541
1.796659
0.000000
3.144154
3.144154
7.635802
3.593318
4.042483
3.245069
7.200490
18.022005
27.583088
0.000000
0.000000
0.811267
0.000000
0.000000
0.000000
1.622535
0.000000
0.811267
0.000000
0.000000
0.000000
0.000000
0.000000
0.000000
0.811267
1.622535
1.622535
3.245069
10.546475
4.056336
0.000000
7.186637
7.186637
7.635802
7.635802
0.898330
3.144154
8.084967
0.000000
0.000000
0.000000
17.847881
17.847881
18.659149
21.092951
9.735208
14.602812
13.791544
14.602812
17.036613
17.036613
25.149286
37.318298
0.000000
11.357742
26.771822
30.016891
22.715485
30.016891
30.016891
2.694989
2.245824
0.000000
2.245824
0.000000
0.000000
0.000000
0.000000
0.000000
0.000000
0.000000
3.245069
20.281683
0.000000
0.000000
0.000000
0.000000
0.000000
0.000000
0.000000
0.000000
0.000000
0.000000
0.000000
0.000000
0.000000
21.904217
0.000000
0.000000
28.394356
13.791544
0.000000
7.301406
0.000000
0.000000
0.000000
0.000000
0.000000
0.000000
0.449165
2.245824
5.389977
30.828157
13.791544
26.771822
38.129562
0.000000
7.301406
0.000000
25.149286
16.225346
9.735208
6.490139
1.622535
0.000000
0.000000
0.000000
0.000000
0.000000
0.449165
0.000000
0.000000
0.000000
18.819420
0.449165
0.000000
0.000000
3.245069
15.414079
0.000000
0.000000
0.000000
0.000000
0.000000
0.811267
0.811267
0.000000
0.000000
13.791544
10.546475
8.923941
7.301406
10.546475
20.281683
0.000000
9.735208
13.791544
16.225346
17.847881
34.073227
29.205624
0.449165
0.000000
15.414079
16.225346
23.526752
23.526752
15.720768
2.245824
8.084967
8.084967
16.486532
0.811267
0.000000
0.000000
0.000000
0.000000
0.000000
0.000000
0.000000
0.000000
0.000000
0.000000
0.000000
0.000000
0.000000
0.000000
0.000000
1.622535
0.811267
0.811267
0.000000
3.245069
0.000000
0.000000
0.000000
0.000000
0.000000
0.000000
0.000000
0.000000
0.000000
1.622535
0.000000
6.490139
19.470415
25.149286
21.092951
11.357742
16.225346
12.980277
13.791544
14.602812
21.092951
37.318298
38.940830
40.563366
42.997169
0.000000
16.225346
19.470415
33.261959
0.000000
0.000000
7.635802
5.389977
3.593318
0.000000
10.330791
6.563348
2.694989
2.694989
3.593318
12.127450
0.000000
0.000000
19.470415
1.347494
0.000000
0.000000
4.867604
17.847881
0.000000
0.000000
0.000000
0.000000
0.000000
0.000000
0.000000
0.000000
0.000000
0.000000
1.622535
0.000000
0.000000
14.602812
0.000000
0.000000
0.000000
1.622535
8.112673
0.000000
0.000000
3.245069
0.000000
0.000000
0.000000
22.715485
17.847881
17.036613
17.847881
17.847881
30.828157
10.546475
3.245069
0.000000
27.583088
18.659149
12.980277
9.735208
5.389977
26.033764
8.923941
11.678285
23.356569
17.068262
27.743359
9.098065
10.779955
19.428856
9.432461
0.000000
0.000000
0.000000
0.000000
0.000000
4.867604
14.602812
23.526752
0.000000
0.000000
0.000000
0.000000
0.000000
0.000000
0.000000
0.000000
0.000000
0.000000
0.000000
0.811267
3.245069
1.622535
0.811267
16.225346
18.659149
26.771822
34.073227
0.000000
0.000000
15.414079
0.000000
0.000000
0.000000
0.811267
2.433802
4.867604
10.546475
0.000000
3.245069
3.245069
3.245069
4.867604
6.490139
7.301406
4.056336
4.867604
6.490139
6.490139
9.996395
10.807661
9.735208
9.735208
18.659149
19.470415
21.092951
0.000000
0.000000
0.000000
0.000000
0.000000
0.000000
0.000000
0.000000
0.811267
2.433802
3.245069
1.622535
0.000000
0.000000
0.000000
0.000000
0.000000
9.735208
11.357742
8.112673
9.735208
9.735208
8.923941
7.301406
5.678871
4.056336
2.433802
0.811267
0.000000
0.000000
1.622535
0.000000
0.000000
12.980277
8.112673
4.867604
0.000000
0.000000
0.000000
0.000000
0.000000
0.000000
2.433802
0.811267
0.000000
0.811267
0.811267
0.000000
0.000000
0.000000
1.622535
1.622535
7.301406
0.000000
0.000000
0.000000
0.000000
0.898330
0.000000
0.000000
0.000000
0.000000
0.000000
0.000000
0.000000
0.000000
4.056336
0.000000
0.000000
0.000000
0.000000
0.000000
0.000000
10.546475
11.357742
13.791544
15.414079
18.659149
0.000000
0.000000
0.000000
0.000000
0.000000
0.000000
0.000000
0.000000
0.000000
0.000000
0.000000
0.000000
0.000000
0.000000
0.000000
0.000000
0.000000
13.791544
9.735208
10.546475
8.923941
6.490139
5.678871
4.867604
3.245069
3.245069
3.245069
0.000000
0.000000
1.622535
0.000000
0.000000
0.000000
0.000000
0.000000
0.000000
0.000000
0.000000
0.000000
0.000000
0.000000
0.000000
0.000000
17.847881
17.036613
14.602812
10.546475
6.490139
4.867604
1.622535
3.245069
3.245069
3.245069
4.056336
3.245069
4.056336
8.112673
12.169010
0.000000
0.000000
4.056336
5.678871
0.000000
5.678871
2.433802
4.867604
7.301406
8.112673
8.112673
8.112673
7.301406
8.923941
12.169010
13.791544
0.000000
0.000000
0.000000
0.000000
0.000000
0.000000
0.000000
0.000000
0.811267
1.622535
0.000000
2.433802
0.811267
0.000000
0.000000
0.000000
0.811267
3.245069
0.000000
3.245069
0.000000
0.000000
0.000000
0.000000
0.000000
0.000000
0.000000
0.000000
0.000000
0.000000
0.000000
0.000000
0.000000
0.000000
0.000000
8.923941
0.000000
1.622535
0.000000
2.433802
5.839142
0.000000
0.000000
14.602812
5.490893
2.433802
1.622535
1.622535
2.433802
4.867604
4.867604
6.490139
3.245069
4.056336
4.056336
0.811267
4.867604
8.923941
0.000000
0.000000
0.000000
0.000000
0.000000
0.811267
1.622535
0.811267
0.000000
3.245069
0.000000
0.000000
0.000000
1.622535
0.000000
0.000000
0.000000
0.000000
0.811267
2.433802
4.056336
5.678871
7.301406
17.036613
19.470415
21.904217
0.000000
0.000000
0.000000
0.000000
0.000000
0.000000
0.811267
0.811267
0.000000
0.000000
0.000000
0.000000
0.000000
0.000000
0.000000
0.000000
15.414079
12.169010
12.980277
0.000000
1.622535
8.112673
15.414079
24.338020
30.016891
32.450691
50.298573
48.676041
50.298573
53.543644
33.261959
0.000000
0.000000
5.678871
0.000000
17.036613
13.791544
10.546475
11.357742
13.791544
16.225346
17.036613
25.149286
33.261959
6.490139
9.735208
0.000000
0.000000
0.000000
0.000000
0.000000
0.000000
4.042483
12.980277
38.940830
44.619701
50.820946
38.940830
38.129562
48.676041
30.828157
1.622535
4.867604
0.000000
0.000000
0.000000
0.000000
0.000000
0.000000
0.000000
0.000000
0.000000
0.000000
0.000000
8.112673
8.923941
0.000000
12.980277
0.000000
0.000000
0.000000
16.225346
12.980277
13.791544
15.414079
17.036613
0.000000
0.000000
0.000000
24.338020
48.676041
21.092951
6.490139
8.112673
1.622535
0.811267
0.000000
17.847881
11.357742
3.245069
0.000000
0.000000
25.960554
8.923941
4.867604
0.811267
0.000000
0.000000
0.000000
0.898330
6.490139
0.811267
15.414079
16.761574
14.602812
0.000000
0.000000
12.980277
15.414079
15.414079
14.602812
14.602812
0.000000
0.000000
0.000000
0.000000
9.735208
7.301406
7.301406
7.301406
11.357742
21.092951
0.000000
6.490139
14.602812
21.092951
30.828157
20.281683
12.169010
0.000000
0.000000
22.715485
22.715485
0.000000
0.000000
0.000000
0.000000
0.000000
0.000000
0.000000
0.000000
0.000000
36.507030
47.864773
23.526752
37.318298
33.261959
32.450691
30.016891
29.205624
27.583088
25.960554
20.281683
14.602812
5.678871
15.414079
40.563366
34.073227
26.771822
16.225346
12.980277
0.000000
8.112673
12.169010
12.980277
14.602812
15.414079
14.602812
9.735208
3.245069
34.971558
20.281683
0.000000
0.000000
8.112673
0.000000
0.000000
0.000000
14.602812
17.036613
18.659149
21.904217
25.960554
25.960554
26.771822
27.583088
0.000000
0.000000
2.433802
0.000000
0.000000
0.000000
0.000000
0.000000
8.534131
32.161800
25.149286
67.335190
58.745644
56.398903
45.518032
44.619701
43.808434
37.854527
46.242237
38.940830
41.374634
45.430969
44.619701
20.281683
0.000000
12.980277
4.056336
0.000000
0.000000
0.000000
0.000000
0.000000
0.000000
0.000000
0.000000
0.000000
0.449165
9.735208
0.898330
0.000000
3.593318
9.881626
10.330791
0.000000
8.084967
11.779201
12.489552
0.000000
1.796659
3.245069
0.000000
0.000000
0.000000
0.000000
14.602812
0.000000
0.000000
0.000000
12.980277
5.678871
0.000000
0.000000
0.000000
7.301406
21.904217
12.980277
10.546475
4.056336
12.169010
10.546475
9.735208
19.470415
0.811267
8.923941
8.923941
10.546475
11.357742
13.791544
15.414079
15.414079
14.602812
5.678871
7.301406
9.735208
0.000000
0.000000
0.000000
0.000000
0.000000
0.000000
0.000000
0.000000
1.709597
5.678871
11.357742
16.225346
8.098820
12.169010
21.092951
28.394356
4.491648
0.000000
16.225346
6.737472
7.186637
7.635802
7.186637
3.144154
4.940813
8.084967
0.000000
0.000000
0.000000
26.771822
26.771822
28.394356
31.639425
16.225346
21.092951
21.092951
22.715485
23.526752
24.338020
24.338020
25.149286
30.828157
36.507030
40.563366
34.884495
25.960554
36.507030
27.583088
3.593318
0.000000
0.898330
6.737472
11.678285
4.491648
8.983296
13.025780
13.474944
1.796659
4.940813
7.099575
17.934942
0.000000
2.433802
3.144154
0.000000
0.000000
0.000000
0.000000
0.000000
0.000000
0.000000
0.000000
0.000000
0.000000
24.338020
2.433802
2.433802
4.867604
3.245069
2.433802
4.867604
0.000000
0.000000
0.000000
0.000000
0.000000
0.000000
0.000000
4.042483
5.389977
38.129562
18.659149
21.092951
17.847881
15.414079
11.357742
0.000000
26.771822
17.847881
11.357742
8.112673
2.433802
0.811267
0.811267
0.000000
0.000000
2.245824
0.000000
0.000000
1.796659
8.923941
4.491648
0.000000
2.694989
0.000000
3.332131
2.433802
2.694989
0.000000
0.000000
0.000000
2.245824
0.000000
0.000000
0.000000
0.000000
13.791544
10.546475
8.923941
7.301406
10.546475
21.092951
0.000000
9.735208
17.036613
17.036613
15.414079
33.261959
33.261959
0.000000
0.449165
23.526752
25.149286
31.639425
31.639425
14.822438
0.000000
4.940813
7.186637
6.288307
0.000000
0.000000
0.898330
0.000000
0.000000
0.000000
0.000000
0.000000
0.000000
0.000000
0.000000
0.000000
0.000000
0.000000
0.000000
0.000000
1.622535
0.811267
0.000000
0.000000
0.811267
0.000000
0.000000
0.000000
0.000000
0.000000
0.000000
0.000000
0.000000
0.000000
0.000000
0.000000
15.414079
30.016891
29.205624
30.828157
17.847881
25.149286
20.281683
21.092951
21.904217
21.904217
22.715485
22.715485
23.526752
24.338020
24.338020
25.149286
24.338020
39.752098
14.822438
5.389977
14.373274
5.389977
17.517427
13.025780
22.458241
14.822438
13.924109
18.864922
19.314087
20.661581
4.042483
8.534131
8.084967
10.330791
0.000000
0.000000
1.622535
15.414079
0.000000
0.000000
0.000000
0.000000
0.000000
0.000000
0.000000
0.000000
0.000000
0.000000
0.000000
0.898330
2.245824
14.602812
2.694989
0.000000
3.144154
10.330791
12.576614
0.000000
11.678285
10.330791
13.474944
0.000000
1.347494
37.318298
30.016891
28.394356
26.771822
22.715485
36.507030
14.602812
7.301406
0.000000
29.205624
20.281683
14.602812
12.169010
0.000000
22.715485
8.923941
0.811267
0.811267
0.000000
1.796659
0.000000
0.000000
8.112673
4.940813
0.000000
0.000000
0.000000
0.898330
0.000000
0.000000
0.000000
0.000000
0.000000
0.811267
0.811267
0.000000
0.000000
0.000000
0.000000
0.000000
0.000000
1.622535
2.433802
6.215098
6.490139
6.215098
3.245069
21.092951
21.904217
27.583088
33.261959
0.000000
0.000000
25.149286
3.245069
3.245069
4.056336
4.056336
3.245069
3.245069
3.245069
0.811267
4.056336
5.678871
0.000000
0.000000
0.000000
0.000000
9.735208
17.036613
0.000000
0.000000
0.000000
0.000000
0.000000
0.811267
0.000000
8.923941
17.847881
14.602812
13.791544
0.000000
0.000000
4.867604
4.056336
4.056336
3.245069
1.622535
0.000000
0.000000
0.000000
1.622535
1.622535
2.433802
0.000000
37.318298
20.281683
27.583088
0.000000
0.000000
0.000000
0.000000
0.000000
0.000000
0.000000
0.000000
0.000000
0.000000
0.000000
19.470415
15.414079
4.867604
21.092951
22.715485
25.149286
24.338020
0.449165
0.000000
0.000000
0.000000
0.000000
0.000000
23.526752
19.470415
23.526752
17.036613
0.000000
0.898330
2.433802
0.000000
0.000000
0.000000
0.811267
0.000000
1.622535
11.357742
5.678871
0.000000
0.000000
0.000000
0.000000
0.000000
0.000000
0.000000
0.000000
8.923941
0.000000
0.000000
0.000000
0.000000
23.526752
27.583088
0.000000
0.000000
0.000000
0.000000
0.000000
0.000000
0.000000
0.000000
0.000000
21.092951
15.414079
13.791544
10.546475
12.169010
24.338020
0.000000
0.000000
0.000000
1.622535
4.867604
0.000000
1.622535
0.000000
0.000000
0.000000
0.000000
34.884495
28.394356
28.394356
17.847881
11.357742
4.867604
8.923941
1.622535
0.000000
8.112673
12.169010
0.000000
0.000000
2.433802
4.056336
4.867604
5.678871
5.678871
5.678871
5.678871
4.867604
0.811267
0.000000
21.092951
21.092951
22.715485
23.526752
30.828157
0.000000
8.923941
12.980277
14.602812
15.414079
18.659149
22.715485
21.904217
22.715485
30.016891
27.583088
0.000000
3.245069
0.000000
6.490139
20.281683
22.715485
0.000000
0.000000
0.000000
0.000000
0.000000
0.000000
0.000000
0.000000
0.000000
0.000000
0.000000
0.000000
3.245069
4.056336
4.056336
4.056336
8.112673
23.526752
0.000000
27.583088
5.678871
2.433802
2.433802
1.622535
0.000000
0.000000
4.056336
0.000000
0.000000
0.000000
0.000000
39.752098
0.000000
0.000000
0.000000
0.000000
0.000000
0.000000
0.000000
0.000000
0.000000
0.000000
0.000000
0.000000
0.000000
42.185902
0.000000
12.980277
24.338020
21.904217
25.149286
13.791544
0.000000
34.884495
29.205624
26.771822
21.092951
6.490139
0.000000
0.811267
2.433802
4.867604
33.261959
5.678871
6.490139
4.867604
12.169010
10.546475
11.357742
13.791544
16.225346
45.430969
0.000000
0.000000
0.000000
0.000000
0.000000
0.000000
0.000000
0.000000
0.000000
0.000000
0.000000
0.000000
0.000000
0.000000
0.811267
0.000000
0.000000
0.000000
0.000000
0.000000
0.000000
0.000000
0.000000
0.000000
0.000000
0.000000
0.000000
0.000000
0.000000
0.000000
0.000000
0.000000
0.000000
0.000000
0.000000
0.000000
0.000000
0.000000
4.056336
12.980277
12.980277
13.791544
13.791544
15.414079
17.847881
16.225346
32.450691
24.338020
17.847881
0.000000
0.000000
0.000000
4.867604
0.449165
0.000000
0.000000
0.000000
0.000000
0.000000
0.000000
0.000000
13.791544
9.735208
6.490139
0.000000
0.000000
0.000000
0.000000
9.735208
10.546475
10.546475
12.980277
14.602812
18.659149
19.470415
13.791544
7.301406
6.490139
6.490139
5.678871
0.000000
9.735208
12.980277
6.490139
7.301406
8.112673
7.301406
4.867604
3.245069
1.622535
0.000000
0.449165
4.940813
0.811267
22.715485
7.186637
12.576614
1.347494
2.245824
1.796659
6.288307
4.954666
6.201245
1.347494
4.042483
0.000000
34.073227
17.847881
14.602812
14.602812
0.000000
0.000000
0.000000
0.000000
0.000000
0.000000
0.000000
0.000000
0.000000
0.000000
0.000000
0.000000
0.000000
1.622535
1.622535
2.607927
0.000000
0.000000
0.000000
0.000000
13.791544
0.000000
0.000000
0.000000
0.000000
0.000000
0.000000
23.526752
12.980277
11.357742
11.357742
12.980277
0.000000
0.000000
0.000000
0.000000
0.000000
3.245069
1.622535
2.433802
2.071699
3.245069
2.694989
0.000000
3.593318
0.000000
0.000000
0.000000
0.000000
7.301406
0.000000
6.490139
4.867604
0.000000
0.000000
21.092951
18.659149
21.092951
25.149286
5.678871
18.659149
28.394356
0.000000
3.593318
4.491648
5.678871
3.245069
3.593318
16.169933
0.000000
0.000000
4.491648
13.924109
0.000000
0.000000
15.414079
21.904217
21.904217
18.659149
16.225346
17.847881
9.735208
12.169010
12.980277
12.980277
13.791544
8.923941
3.245069
5.678871
6.490139
0.000000
0.000000
0.000000
0.000000
0.000000
1.622535
0.000000
0.000000
0.000000
0.000000
0.000000
0.000000
0.000000
0.000000
0.000000
0.000000
0.000000
0.000000
0.000000
0.000000
15.414079
12.980277
13.791544
13.791544
14.602812
17.036613
6.490139
17.036613
11.357742
10.546475
9.735208
9.735208
10.546475
21.092951
0.000000
21.092951
14.602812
6.490139
5.678871
0.000000
0.000000
0.000000
0.000000
0.000000
0.000000
0.000000
0.000000
0.000000
0.000000
0.000000
0.000000
4.867604
0.000000
5.678871
0.000000
2.245824
0.000000
0.000000
0.000000
29.379747
20.281683
25.236349
23.526752
25.222496
27.931339
16.169933
17.966593
6.288307
2.694989
4.491648
5.389977
0.000000
0.000000
0.000000
0.000000
0.000000
0.000000
0.000000
0.000000
0.000000
5.678871
3.245069
2.433802
14.602812
0.000000
0.000000
4.056336
7.301406
0.811267
4.056336
4.056336
4.056336
4.867604
6.490139
3.245069
0.000000
0.000000
23.526752
22.715485
22.715485
0.000000
0.000000
0.811267
2.433802
3.245069
4.056336
3.245069
1.622535
0.000000
0.000000
0.000000
0.000000
5.678871
0.000000
0.000000
0.000000
2.433802
0.000000
5.678871
0.000000
0.000000
0.000000
0.000000
0.000000
0.000000
0.000000
0.000000
0.000000
0.000000
42.997169
42.185902
42.185902
42.997169
36.507030
35.695763
38.129562
36.507030
35.695763
35.695763
37.318298
39.752098
24.338020
25.149286
25.960554
34.884495
35.695763
42.185902
43.808434
0.000000
0.000000
0.000000
0.000000
0.000000
0.000000
0.000000
0.000000
0.000000
0.000000
0.000000
0.000000
0.000000
8.112673
8.923941
21.092951
17.036613
16.225346
14.602812
14.602812
13.791544
11.357742
8.112673
4.867604
2.433802
6.490139
0.000000
0.000000
0.000000
1.622535
0.811267
0.000000
0.000000
0.000000
0.000000
0.000000
0.000000
0.000000
0.000000
0.000000
0.000000
0.000000
34.073227
37.318298
34.884495
33.261959
20.281683
23.526752
31.639425
0.000000
4.867604
8.923941
9.735208
11.357742
0.811267
4.056336
1.622535
0.000000
0.000000
0.000000
0.000000
4.042483
0.000000
8.112673
0.000000
3.144154
0.811267
0.000000
2.433802
0.000000
0.000000
0.000000
0.000000
0.000000
3.245069
2.433802
2.433802
6.490139
0.000000
0.000000
0.000000
0.000000
0.000000
0.000000
0.811267
0.000000
0.000000
0.000000
0.000000
0.000000
1.622535
42.185902
45.430969
36.507030
39.752098
42.997169
44.619701
0.000000
0.000000
0.811267
0.000000
0.000000
0.000000
0.000000
2.245824
0.000000
0.000000
0.000000
2.694989
0.000000
0.000000
0.000000
1.347494
0.000000
0.000000
0.000000
0.000000
0.000000
0.000000
0.000000
0.000000
0.000000
0.000000
0.000000
0.000000
0.000000
0.000000
0.000000
0.000000
0.000000
0.000000
0.000000
0.000000
0.000000
51.921108
43.808434
38.129562
41.374634
37.318298
38.129562
38.129562
37.318298
36.507030
38.129562
41.374634
41.374634
42.185902
42.185902
35.695763
42.997169
41.374634
42.997169
0.000000
0.000000
0.000000
0.000000
0.449165
0.000000
0.000000
0.000000
0.000000
0.000000
0.000000
0.000000
0.000000
0.000000
0.000000
0.000000
0.000000
0.000000
0.000000
0.000000
0.000000
0.000000
0.000000
0.000000
0.000000
0.000000
0.000000
0.000000
0.000000
0.000000
0.000000
14.602812
13.415588
2.694989
8.983296
0.000000
5.389977
0.000000
4.491648
0.000000
8.084967
0.000000
3.144154
0.000000
0.000000
38.940830
38.940830
35.695763
34.073227
30.016891
20.281683
26.771822
30.828157
37.318298
2.433802
7.301406
12.169010
13.791544
9.735208
2.433802
4.867604
4.867604
4.056336
0.000000
5.678871
2.433802
0.000000
0.000000
3.245069
0.000000
0.000000
0.000000
2.433802
0.811267
4.867604
4.867604
5.678871
1.622535
1.622535
0.000000
0.000000
0.000000
0.000000
0.000000
0.000000
0.000000
0.811267
2.433802
4.867604
2.433802
0.000000
0.000000
0.000000
0.000000
0.000000
0.811267
48.676041
52.732376
42.185902
3.245069
3.245069
3.245069
3.245069
4.867604
6.490139
10.546475
0.000000
2.433802
3.245069
0.000000
0.000000
0.000000
0.000000
0.000000
0.000000
4.867604
0.811267
0.000000
0.000000
0.000000
0.000000
3.245069
0.000000
0.000000
0.000000
0.000000
0.000000
0.000000
2.433802
2.433802
2.433802
3.245069
4.056336
5.678871
5.678871
4.056336
1.622535
1.622535
1.622535
3.245069
0.000000
1.622535
2.433802
7.301406
6.490139
6.490139
5.678871
5.678871
4.867604
4.056336
2.433802
1.622535
0.811267
0.811267
0.000000
0.000000
1.622535
0.000000
0.000000
0.000000
0.000000
8.923941
7.301406
7.301406
8.923941
10.546475
8.923941
0.000000
0.000000
0.000000
0.000000
0.000000
0.000000
0.000000
0.000000
0.000000
3.245069
0.000000
0.000000
0.000000
0.000000
0.000000
7.301406
4.867604
2.433802
0.811267
0.000000
0.000000
0.000000
0.000000
2.433802
0.000000
3.245069
5.678871
8.112673
0.000000
0.000000
13.791544
8.112673
6.490139
4.867604
3.245069
0.000000
0.000000
0.000000
0.000000
0.000000
0.000000
0.000000
0.000000
0.000000
0.000000
0.000000
0.000000
0.000000
0.000000
0.000000
0.000000
0.000000
4.867604
8.923941
8.112673
8.112673
0.000000
0.000000
0.000000
0.000000
1.622535
4.056336
0.000000
0.000000
1.622535
3.245069
2.433802
4.056336
1.622535
1.622535
1.622535
1.622535
2.433802
2.433802
1.622535
1.622535
0.811267
0.000000
4.867604
1.622535
1.622535
0.811267
0.811267
0.000000
1.622535
0.000000
0.000000
0.000000
0.000000
0.000000
0.000000
0.000000
1.622535
0.000000
0.000000
0.000000
0.000000
0.000000
0.000000
0.000000
0.000000
3.245069
4.056336
4.056336
3.245069
0.000000
0.000000
0.000000
0.000000
1.622535
0.000000
0.000000
0.000000
2.433802
3.245069
3.245069
3.245069
2.433802
1.622535
4.056336
0.811267
2.433802
2.433802
2.433802
2.433802
3.245069
7.301406
0.000000
9.735208
7.301406
4.867604
5.678871
0.000000
0.000000
0.000000
0.000000
0.000000
0.000000
0.000000
0.000000
0.000000
0.000000
0.000000
0.000000
4.867604
0.000000
0.000000
0.000000
0.000000
0.000000
0.000000
0.000000
3.245069
0.000000
0.000000
0.000000
0.000000
0.000000
0.000000
0.000000
0.000000
0.000000
0.000000
0.000000
0.000000
0.000000
0.000000
0.000000
0.000000
0.000000
0.000000
0.000000
0.000000
8.112673
7.301406
5.678871
8.923941
0.811267
4.056336
6.490139
5.678871
6.490139
5.678871
5.678871
6.490139
7.301406
8.112673
6.490139
2.433802
0.000000
7.301406
5.678871
5.678871
1.622535
1.622535
1.622535
1.622535
1.622535
1.622535
0.811267
0.811267
0.000000
0.000000
0.000000
0.000000
0.000000
0.000000
0.000000
0.000000
4.056336
6.490139
5.678871
5.678871
5.678871
6.490139
6.490139
6.490139
7.301406
8.112673
3.245069
4.867604
4.867604
0.000000
0.000000
0.000000
0.000000
0.000000
0.000000
0.811267
0.000000
0.000000
0.000000
0.000000
2.433802
0.000000
0.000000
0.000000
12.169010
8.112673
3.245069
0.000000
10.546475
8.923941
7.301406
5.678871
0.811267
0.000000
0.000000
0.000000
3.245069
3.245069
4.056336
11.357742
0.000000
4.867604
14.602812
0.000000
0.000000
12.980277
18.659149
12.980277
0.811267
0.000000
0.000000
0.000000
0.000000
0.000000
14.602812
8.112673
0.000000
11.357742
0.000000
0.000000
0.000000
13.965670
10.184372
9.735208
13.067340
13.791544
12.980277
0.000000
0.000000
8.112673
3.245069
0.000000
1.622535
12.256072
0.000000
0.000000
0.000000
0.000000
0.000000
0.000000
0.000000
0.000000
14.602812
5.678871
3.245069
0.811267
0.000000
0.000000
0.000000
0.000000
0.000000
9.735208
11.357742
12.169010
12.169010
0.000000
0.000000
0.000000
1.622535
1.622535
0.000000
0.000000
5.678871
5.678871
3.245069
0.000000
15.414079
12.169010
9.735208
7.301406
7.301406
14.602812
0.000000
0.000000
0.000000
0.000000
0.000000
0.000000
0.000000
0.000000
0.000000
21.092951
18.659149
0.000000
0.000000
3.245069
0.000000
0.000000
0.000000
20.281683
10.546475
3.245069
5.678871
8.923941
0.000000
1.622535
3.245069
3.245069
3.245069
4.056336
4.056336
4.867604
6.490139
7.301406
6.490139
0.000000
10.546475
12.169010
13.791544
14.602812
20.281683
0.000000
0.811267
0.000000
0.000000
0.000000
6.490139
14.602812
12.980277
11.357742
5.678871
4.056336
0.000000
0.000000
0.000000
0.000000
0.000000
0.000000
0.000000
0.000000
0.000000
3.245069
12.980277
12.169010
10.546475
9.735208
0.000000
0.000000
0.000000
0.000000
8.923941
8.112673
6.490139
5.678871
8.923941
17.847881
0.000000
20.281683
6.490139
4.867604
4.056336
4.867604
2.433802
0.000000
24.338020
0.000000
0.000000
8.112673
13.791544
1.622535
0.000000
0.000000
0.000000
0.000000
0.000000
0.000000
0.000000
0.000000
0.000000
0.000000
0.000000
0.000000
0.000000
12.169010
0.000000
0.000000
0.000000
0.000000
7.301406
0.000000
0.000000
13.791544
12.980277
12.169010
12.169010
0.000000
3.245069
0.449165
0.000000
0.000000
7.301406
3.144154
4.940813
0.000000
0.000000
0.000000
1.347494
0.449165
0.000000
4.867604
15.414079
8.112673
6.490139
0.000000
21.092951
12.980277
7.301406
16.225346
0.000000
6.490139
6.490139
8.112673
8.923941
8.923941
13.791544
14.602812
16.225346
0.000000
0.000000
0.000000
0.000000
0.000000
0.000000
0.000000
0.000000
0.000000
0.000000
0.000000
0.000000
0.000000
0.000000
0.000000
0.000000
0.000000
0.000000
0.000000
0.000000
0.000000
17.036613
29.352041
32.235008
35.480076
34.581749
39.000187
47.286987
61.513840
12.980277
20.281683
16.225346
0.000000
0.000000
0.000000
0.000000
0.000000
0.000000
0.000000
0.000000
0.000000
0.000000
0.000000
0.000000
0.000000
0.000000
0.000000
17.847881
6.490139
9.735208
0.000000
36.507030
30.828157
24.338020
17.036613
29.205624
32.450691
30.016891
21.904217
12.980277
8.923941
8.923941
0.811267
0.000000
32.450691
40.563366
12.169010
21.092951
23.526752
20.281683
14.602812
8.923941
4.056336
0.811267
0.000000
0.000000
0.000000
25.960554
16.225346
28.394356
0.000000
0.000000
0.000000
10.546475
4.867604
0.000000
0.000000
1.622535
3.245069
20.281683
23.526752
21.092951
28.394356
0.000000
0.000000
0.000000
0.000000
0.000000
0.000000
8.112673
0.000000
0.000000
0.000000
0.000000
0.000000
0.000000
0.000000
0.000000
0.000000
0.000000
0.000000
0.000000
0.000000
12.980277
0.000000
0.000000
0.000000
0.000000
0.000000
0.000000
0.000000
0.000000
0.000000
0.000000
0.000000
24.338020
20.281683
15.414079
0.811267
25.960554
17.847881
12.980277
12.980277
9.735208
9.735208
0.000000
0.000000
0.811267
0.811267
2.433802
3.245069
4.867604
8.112673
3.245069
13.791544
8.112673
4.056336
0.811267
38.940830
30.828157
26.771822
23.526752
15.414079
18.659149
21.092951
10.546475
21.092951
0.000000
8.112673
8.923941
6.490139
4.056336
3.245069
3.245069
8.112673
13.791544
19.470415
25.960554
0.000000
1.622535
7.301406
13.791544
18.659149
28.394356
1.622535
9.735208
10.546475
10.546475
10.546475
9.735208
13.791544
21.904217
30.016891
0.000000
0.000000
0.000000
0.000000
0.000000
0.000000
0.000000
0.000000
7.301406
0.000000
9.735208
0.000000
8.112673
0.000000
8.112673
4.867604
12.980277
3.245069
0.000000
0.000000
31.639425
26.771822
21.092951
18.659149
27.583088
45.430969
12.169010
41.374634
20.281683
16.225346
13.791544
15.414079
14.602812
17.847881
8.112673
12.980277
1.622535
0.000000
0.000000
0.811267
0.000000
0.000000
0.000000
0.000000
0.000000
0.000000
0.000000
0.000000
0.000000
0.000000
0.000000
14.602812
0.000000
21.904217
0.000000
0.000000
0.000000
29.741850
34.073227
2.433802
3.245069
35.695763
30.828157
34.884495
34.073227
0.000000
0.000000
0.000000
0.000000
0.000000
3.245069
0.000000
0.000000
11.357742
0.000000
0.000000
0.000000
0.000000
0.000000
11.357742
2.433802
0.000000
0.000000
3.245069
0.000000
0.000000
0.000000
9.735208
0.000000
0.000000
0.000000
0.000000
0.000000
0.000000
0.000000
0.000000
0.000000
0.000000
0.000000
0.000000
26.771822
21.904217
17.847881
13.791544
8.112673
4.056336
0.000000
0.000000
0.000000
0.000000
0.000000
0.000000
0.000000
0.000000
1.622535
0.811267
2.433802
1.622535
12.980277
1.622535
1.622535
1.622535
1.622535
2.433802
3.245069
4.056336
0.000000
0.000000
0.000000
0.000000
0.000000
0.000000
0.000000
0.000000
0.000000
0.000000
0.000000
0.000000
0.000000
0.000000
0.000000
0.000000
0.000000
0.000000
0.000000
0.000000
0.000000
0.811267
4.867604
4.056336
2.433802
1.622535
1.622535
2.433802
2.433802
1.622535
0.811267
0.811267
0.000000
0.000000
0.000000
0.000000
0.000000
7.301406
4.056336
3.245069
3.245069
4.056336
4.867604
4.056336
3.245069
2.433802
2.433802
4.867604
0.000000
0.000000
2.433802
0.000000
0.000000
0.000000
1.622535
4.867604
2.433802
1.622535
2.433802
2.433802
4.867604
0.000000
0.000000
0.000000
0.000000
0.000000
0.000000
0.000000
0.000000
0.000000
1.622535
0.000000
0.000000
0.000000
0.000000
0.811267
0.000000
1.622535
0.811267
0.000000
0.000000
0.000000
0.000000
0.000000
0.000000
2.433802
0.000000
0.811267
2.433802
0.000000
0.000000
2.433802
0.000000
0.000000
0.000000
0.000000
4.056336
3.245069
3.245069
6.490139
0.811267
15.414079
13.791544
8.112673
2.433802
0.000000
2.433802
0.000000
0.000000
0.000000
0.000000
2.433802
0.000000
0.000000
3.245069
0.000000
0.000000
0.000000
0.000000
0.000000
1.622535
1.622535
2.433802
0.811267
1.622535
2.433802
0.811267
0.000000
7.301406
1.622535
0.811267
0.811267
0.000000
0.000000
0.000000
0.811267
1.622535
3.245069
4.867604
0.811267
0.000000
0.000000
0.000000
0.000000
0.000000
0.811267
0.000000
0.000000
0.000000
0.000000
0.000000
0.000000
0.000000
0.000000
0.000000
0.000000
0.000000
0.000000
3.245069
0.000000
0.000000
0.000000
0.000000
0.000000
0.000000
0.000000
0.000000
0.000000
0.000000
0.000000
3.245069
1.622535
0.000000
0.000000
4.056336
3.245069
2.433802
1.622535
0.811267
0.000000
6.490139
0.000000
0.811267
1.622535
1.622535
1.622535
1.622535
2.433802
0.000000
2.433802
1.622535
0.811267
0.811267
0.000000
3.245069
0.811267
0.811267
0.811267
0.811267
0.811267
0.811267
0.811267
0.811267
0.811267
0.000000
7.301406
4.056336
0.000000
3.245069
0.000000
0.000000
4.867604
4.867604
0.000000
4.056336
0.000000
0.000000
0.000000
0.000000
0.000000
0.000000
0.000000
0.000000
0.000000
0.000000
0.000000
0.000000
0.811267
0.000000
0.000000
0.000000
0.000000
0.000000
0.000000
0.000000
1.622535
1.622535
2.433802
0.811267
1.622535
1.622535
0.000000
4.867604
1.622535
1.622535
1.622535
2.433802
1.622535
0.811267
0.000000
0.000000
0.000000
0.000000
0.000000
4.867604
4.056336
3.245069
2.433802
1.622535
0.811267
0.000000
0.000000
0.000000
0.000000
0.000000
0.000000
1.622535
1.622535
1.622535
0.811267
0.000000
1.622535
0.000000
34.595600
38.651936
48.025043
54.515182
63.975349
71.450882
79.911804
86.516708
89.298767
89.385818
6.490139
0.000000
0.000000
0.000000
0.000000
0.000000
0.000000
0.000000
0.000000
0.000000
0.000000
0.000000
0.000000
0.000000
0.000000
0.000000
0.000000
0.000000
0.000000
26.771822
26.771822
25.149286
26.771822
23.526752
21.092951
46.242237
51.109840
50.298573
45.430969
42.997169
55.977444
10.546475
0.000000
0.000000
0.000000
0.000000
0.000000
0.000000
0.000000
0.811267
4.867604
6.490139
4.867604
8.112673
8.112673
5.678871
2.433802
2.433802
1.622535
0.000000
0.000000
0.000000
21.904217
24.338020
26.771822
34.073227
42.185902
50.298573
12.169010
27.583088
58.411247
0.000000
6.490139
0.000000
3.245069
0.000000
0.000000
0.000000
0.000000
0.000000
0.000000
0.000000
0.000000
18.659149
12.980277
7.301406
1.622535
0.000000
0.000000
0.000000
0.000000
0.000000
10.546475
14.602812
19.470415
25.960554
0.000000
2.433802
32.523903
27.583088
23.526752
21.092951
17.210737
1.622535
0.000000
1.622535
6.490139
4.056336
1.622535
4.056336
2.433802
0.000000
0.000000
5.678871
1.622535
0.000000
0.000000
0.000000
0.000000
0.000000
0.000000
0.000000
0.000000
0.000000
0.000000
0.000000
8.112673
22.325676
17.847881
31.639425
34.073227
56.733299
37.318298
63.278851
65.712654
98.630310
60.845047
55.166176
44.619701
56.559174
40.563366
39.752098
39.752098
37.043259
30.828157
28.394356
53.543644
39.752098
34.073227
27.583088
20.281683
17.036613
29.205624
33.261959
33.261959
34.073227
38.940830
44.619701
42.997169
42.185902
42.185902
64.090118
62.467583
0.000000
0.000000
0.000000
0.000000
0.000000
0.000000
0.000000
0.000000
0.000000
0.000000
0.000000
0.000000
0.000000
0.000000
0.000000
0.000000
0.000000
0.000000
29.205624
30.016891
30.828157
28.394356
29.205624
25.149286
60.033783
54.354912
60.033783
60.033783
55.166176
53.543644
51.921108
51.109840
53.543644
56.788712
64.901382
73.825325
81.126732
24.338020
38.129562
34.884495
24.338020
13.791544
0.811267
0.811267
0.811267
0.811267
0.811267
0.811267
1.622535
0.000000
0.000000
0.000000
0.000000
0.000000
0.000000
0.000000
0.000000
4.056336
5.678871
4.867604
10.546475
18.196131
24.237104
0.000000
0.000000
2.694989
6.737472
0.000000
0.000000
0.000000
0.000000
0.000000
0.000000
0.000000
0.000000
0.000000
0.000000
0.000000
18.659149
18.659149
14.602812
12.169010
16.225346
17.036613
18.659149
15.414079
25.149286
22.715485
26.583845
30.016891
31.639425
40.563366
38.129562
34.073227
20.281683
9.735208
9.735208
11.357742
0.000000
0.000000
3.245069
0.000000
5.678871
3.245069
5.678871
4.867604
4.867604
4.867604
0.000000
3.245069
0.000000
0.000000
0.000000
0.000000
0.000000
0.000000
0.000000
0.000000
0.000000
0.000000
0.000000
0.000000
0.000000
0.000000
16.225346
0.000000
0.000000
0.000000
2.433802
5.678871
11.357742
0.000000
2.433802
0.000000
0.000000
0.000000
0.000000
0.000000
0.000000
0.000000
0.000000
0.000000
21.092951
9.735208
34.073227
25.149286
7.301406
3.245069
0.000000
0.000000
0.000000
0.000000
0.000000
0.000000
0.000000
0.000000
0.000000
0.000000
22.715485
0.000000
0.000000
0.000000
0.000000
0.000000
0.000000
0.000000
0.000000
0.000000
0.000000
0.811267
2.433802
12.980277
9.735208
0.000000
13.791544
4.042483
0.449165
7.301406
24.338020
8.534131
8.084967
0.898330
0.000000
2.245824
3.593318
25.149286
12.980277
0.000000
1.622535
8.923941
6.490139
8.112673
1.622535
1.622535
0.000000
12.980277
8.112673
5.678871
12.980277
31.639425
0.000000
0.000000
0.000000
0.000000
0.000000
0.000000
0.000000
0.000000
0.000000
0.000000
0.000000
0.000000
0.000000
17.036613
16.225346
0.000000
0.000000
0.000000
0.000000
0.000000
22.715485
18.659149
16.225346
18.659149
2.433802
0.811267
2.433802
0.000000
0.811267
0.000000
12.169010
9.735208
10.546475
7.301406
0.000000
34.073227
14.602812
0.000000
0.000000
0.000000
0.000000
14.602812
17.036613
6.490139
5.678871
3.245069
0.000000
8.112673
9.735208
13.791544
0.000000
0.000000
0.000000
0.000000
0.000000
0.000000
0.000000
0.000000
0.000000
0.000000
0.000000
1.622535
12.980277
0.000000
0.000000
0.000000
0.000000
0.000000
0.000000
0.000000
0.000000
0.000000
0.000000
0.000000
0.000000
0.000000
0.811267
1.622535
1.622535
4.056336
28.394356
13.791544
21.904217
20.281683
0.000000
13.791544
0.000000
0.000000
0.000000
0.000000
0.000000
0.000000
0.000000
0.000000
19.470415
23.526752
17.036613
40.563366
9.735208
0.000000
0.000000
0.000000
0.000000
0.000000
3.245069
0.000000
0.000000
0.000000
0.000000
0.000000
0.000000
0.000000
0.000000
0.000000
0.000000
0.000000
0.000000
14.602812
25.149286
17.036613
17.036613
17.036613
17.036613
17.036613
17.036613
17.847881
17.036613
17.036613
19.470415
4.867604
2.433802
6.490139
30.016891
17.036613
14.602812
42.185902
53.543644
0.000000
46.242237
22.715485
25.149286
17.847881
13.791544
23.526752
18.659149
18.659149
19.470415
17.036613
4.056336
11.357742
5.678871
0.811267
21.092951
15.414079
13.791544
16.225346
2.433802
8.112673
0.000000
3.245069
0.000000
1.622535
0.000000
0.000000
0.000000
0.000000
0.000000
0.000000
0.000000
0.000000
0.000000
0.000000
0.000000
0.000000
0.000000
0.000000
0.000000
0.000000
18.659149
15.414079
12.169010
8.112673
4.867604
0.811267
0.000000
0.000000
0.811267
0.000000
0.000000
0.000000
33.261959
30.016891
30.016891
30.016891
0.811267
0.811267
0.000000
5.389977
5.389977
5.839142
6.288307
8.983296
10.779955
14.822438
4.491648
6.288307
6.737472
17.659903
16.225346
15.414079
19.470415
0.000000
0.000000
27.583088
21.904217
17.036613
14.602812
8.923941
14.602812
39.752098
32.450691
21.904217
65.712654
55.166176
71.391525
66.523918
4.056336
2.433802
8.923941
8.923941
10.546475
11.357742
8.923941
9.735208
0.811267
2.433802
0.000000
0.000000
0.000000
0.000000
0.000000
9.735208
0.000000
0.811267
0.000000
6.490139
8.923941
13.791544
8.923941
17.036613
13.791544
37.217381
7.026365
10.184372
29.292685
13.053486
7.374615
6.302160
0.000000
28.380505
9.547230
0.000000
0.000000
5.215853
12.879361
13.676775
10.170519
11.880116
8.112673
33.261959
21.079098
7.301406
23.526752
25.149286
32.262714
44.619701
39.752098
27.583088
15.051976
18.659149
8.923941
21.092951
13.878607
10.546475
7.301406
9.735208
4.867604
8.923941
1.622535
9.735208
0.000000
8.112673
9.735208
6.490139
0.000000
23.526752
1.622535
3.245069
0.000000
2.882967
23.526752
21.092951
17.847881
40.100349
2.882967
7.301406
2.433802
8.823025
2.694989
4.056336
23.975918
21.267075
19.282438
18.659149
18.659149
42.997169
10.720600
3.245069
32.899857
9.735208
13.067340
0.000000
19.470415
15.212248
20.166914
15.501142
17.847881
16.573595
24.773331
6.490139
14.602812
0.000000
10.546475
0.000000
0.000000
0.000000
0.000000
0.000000
0.000000
0.000000
0.000000
0.000000
8.923941
0.000000
0.000000
0.000000
0.000000
0.000000
0.898330
0.000000
0.000000
0.000000
0.000000
0.000000
0.000000
0.000000
0.000000
2.694989
0.000000
0.000000
38.129562
9.735208
44.619701
8.923941
0.000000
0.000000
23.526752
24.338020
28.394356
21.904217
30.016891
8.923941
36.507030
30.016891
128.991501
121.690094
111.954887
127.368965
55.977444
47.951836
34.073227
35.695763
26.771822
30.828157
18.659149
21.092951
6.490139
9.735208
0.000000
0.000000
2.245824
0.000000
0.000000
6.490139
8.112673
9.735208
11.357742
0.000000
13.791544
5.678871
5.678871
5.678871
5.678871
5.678871
5.678871
5.678871
5.678871
5.678871
7.301406
0.811267
2.433802
3.245069
9.735208
7.301406
9.735208
16.225346
13.791544
12.169010
11.357742
12.980277
9.735208
9.735208
9.735208
29.205624
35.695763
26.771822
23.526752
17.847881
0.000000
25.149286
22.715485
25.960554
35.695763
22.715485
11.357742
4.867604
0.000000
0.000000
13.791544
15.414079
12.980277
19.470415
4.867604
5.678871
19.470415
0.000000
34.884495
12.169010
21.092951
12.169010
24.338020
12.169010
16.225346
1.622535
18.659149
4.867604
19.470415
4.056336
48.676041
28.394356
35.333660
16.225346
19.282438
9.634293
12.865508
7.113428
11.967178
12.416344
13.763838
14.226856
44.954102
44.779972
45.953342
43.982559
10.967933
38.376896
20.267830
8.983296
9.794563
10.243728
9.345398
11.142057
14.199149
18.690796
0.811267
0.000000
0.000000
32.450691
32.450691
33.261959
34.884495
23.526752
21.092951
32.450691
28.394356
23.526752
22.715485
20.281683
17.036613
29.205624
31.639425
30.828157
40.563366
37.318298
51.109840
41.374634
25.323412
22.715485
32.450691
33.436085
43.693668
35.695763
31.639425
32.262714
19.644541
14.602812
5.678871
0.000000
0.000000
0.000000
0.000000
0.000000
0.000000
0.000000
0.000000
0.000000
0.000000
0.000000
0.811267
0.811267
4.867604
3.245069
17.847881
14.602812
25.149286
0.000000
0.000000
1.622535
0.898330
2.433802
1.622535
0.000000
4.056336
4.867604
7.301406
2.433802
3.245069
0.000000
26.771822
21.904217
17.847881
12.169010
17.847881
12.980277
8.112673
15.414079
12.169010
8.112673
3.245069
0.000000
13.791544
11.357742
16.225346
13.791544
25.208641
18.022005
12.980277
17.558987
15.487288
8.923941
2.433802
12.778446
3.245069
4.056336
0.000000
10.995640
4.056336
0.811267
0.000000
0.000000
2.433802
2.433802
1.622535
0.000000
4.056336
2.433802
1.622535
1.622535
2.433802
5.678871
2.433802
6.490139
8.923941
6.490139
4.056336
10.546475
27.583088
17.036613
18.659149
27.583088
30.016891
19.470415
21.092951
14.575106
19.616833
17.384863
18.746210
26.033764
27.220987
21.904217
32.523903
13.516504
16.225346
3.245069
4.056336
0.000000
0.000000
0.000000
0.000000
0.000000
0.000000
0.000000
0.000000
0.000000
0.000000
0.000000
0.000000
0.000000
0.000000
0.000000
0.000000
0.449165
1.622535
0.811267
4.867604
3.245069
6.490139
4.867604
4.867604
4.867604
32.450691
34.073227
16.225346
32.450691
23.526752
23.526752
33.261959
31.639425
30.016891
26.771822
21.904217
20.281683
28.394356
25.149286
44.619701
42.997169
35.695763
47.053505
24.571499
14.602812
20.281683
21.904217
43.578896
29.205624
26.771822
28.394356
24.759476
20.281683
4.056336
8.923941
0.000000
0.000000
0.000000
0.000000
0.000000
0.811267
2.433802
0.000000
0.000000
0.000000
0.000000
0.000000
0.000000
0.000000
0.000000
0.000000
0.000000
0.000000
0.000000
5.839142
6.737472
7.374615
11.142057
9.084211
13.690629
28.948380
26.876678
15.574350
9.446314
20.400394
18.241632
0.000000
0.000000
30.016891
26.771822
23.526752
21.904217
17.847881
18.659149
12.980277
8.923941
5.678871
14.602812
11.357742
8.112673
16.225346
10.546475
24.338020
34.073227
31.639425
31.639425
31.639425
25.149286
24.338020
22.715485
23.526752
11.357742
12.980277
4.056336
4.867604
4.867604
4.867604
2.433802
0.000000
0.000000
4.056336
2.433802
1.622535
7.301406
5.678871
4.867604
4.056336
3.245069
1.622535
3.245069
3.245069
4.867604
5.678871
4.867604
3.245069
10.546475
9.735208
10.546475
12.980277
19.470415
21.092951
29.205624
0.000000
0.000000
0.000000
0.000000
0.000000
0.000000
0.000000
0.000000
0.000000
0.000000
20.281683
17.036613
13.791544
10.546475
32.450691
35.695763
2.433802
12.169010
21.092951
23.526752
26.771822
31.639425
17.036613
25.149286
32.450691
25.960554
31.639425
14.602812
17.036613
0.000000
0.000000
0.000000
0.000000
0.000000
0.000000
0.000000
0.000000
0.000000
0.000000
0.000000
0.000000
12.980277
14.602812
17.847881
0.000000
3.245069
9.735208
9.735208
4.056336
1.622535
0.000000
0.000000
0.000000
0.000000
0.000000
0.811267
7.301406
0.000000
19.470415
14.602812
10.546475
23.526752
0.000000
0.000000
0.000000
0.000000
0.000000
0.000000
0.000000
0.000000
0.000000
33.261959
19.470415
23.526752
25.149286
9.735208
13.791544
18.645294
5.678871
5.678871
8.112673
15.051976
10.546475
0.000000
0.000000
6.737472
0.000000
0.000000
0.000000
7.186637
0.000000
0.000000
4.056336
10.257582
0.000000
0.000000
17.036613
23.526752
0.000000
0.000000
0.000000
0.000000
0.811267
0.000000
0.000000
0.000000
0.000000
6.490139
4.867604
4.867604
4.056336
4.056336
8.923941
0.000000
0.000000
1.622535
8.923941
17.036613
5.678871
0.000000
8.112673
0.000000
12.169010
11.357742
46.242237
44.619701
0.000000
0.000000
0.000000
0.000000
0.000000
0.000000
0.000000
0.000000
0.000000
0.000000
0.000000
0.000000
0.000000
0.000000
0.000000
0.000000
0.000000
0.000000
0.000000
0.000000
0.000000
0.000000
0.000000
0.000000
0.000000
0.000000
0.000000
0.000000
0.000000
0.000000
0.000000
0.000000
0.000000
0.000000
0.000000
0.000000
0.000000
8.112673
18.659149
34.073227
17.847881
38.129562
37.318298
2.433802
4.867604
6.490139
10.546475
17.847881
21.092951
24.338020
27.583088
5.678871
17.036613
25.149286
12.169010
0.000000
0.000000
0.000000
0.000000
0.000000
0.000000
0.000000
0.000000
0.000000
0.000000
0.000000
0.000000
0.000000
0.000000
0.000000
0.000000
0.000000
0.000000
0.000000
12.980277
0.000000
0.000000
0.000000
0.000000
0.000000
0.000000
0.000000
0.000000
0.000000
0.000000
0.000000
0.811267
14.602812
17.036613
0.000000
2.433802
3.245069
14.602812
12.980277
0.811267
0.000000
0.000000
0.000000
0.000000
0.000000
27.583088
22.715485
21.092951
21.092951
23.251711
33.261959
22.715485
23.526752
38.826061
23.526752
22.715485
27.583088
36.392262
31.639425
37.318298
0.000000
17.966593
0.000000
9.881626
0.000000
16.619099
0.000000
6.288307
0.000000
5.839142
0.000000
0.000000
0.000000
0.000000
0.000000
0.000000
5.678871
0.000000
0.000000
0.000000
0.000000
0.000000
0.000000
0.000000
0.000000
0.000000
0.000000
0.000000
2.433802
4.056336
5.678871
8.112673
0.000000
0.000000
5.678871
14.602812
14.602812
8.112673
18.659149
21.092951
21.092951
22.715485
23.526752
29.205624
36.507030
54.354912
9.735208
30.016891
34.073227
0.000000
0.000000
1.347494
1.796659
3.593318
0.000000
0.000000
0.000000
0.000000
0.000000
0.000000
0.000000
0.000000
0.000000
0.000000
0.000000
0.000000
0.000000
0.000000
25.149286
23.526752
21.092951
21.092951
18.659149
17.036613
15.414079
14.602812
14.602812
15.414079
12.980277
0.000000
0.000000
19.470415
10.546475
32.450691
25.960554
23.526752
21.904217
21.092951
21.092951
17.036613
13.429441
9.822270
11.518013
15.661413
6.288307
4.491648
4.940813
11.229120
16.458826
12.618175
0.000000
9.881626
15.097479
6.939303
11.357742
18.196131
13.140549
17.036613
22.715485
22.715485
1.347494
0.000000
0.000000
0.000000
0.000000
0.000000
6.490139
0.000000
0.000000
0.000000
4.491648
2.433802
0.000000
0.000000
0.000000
0.000000
0.000000
0.000000
0.000000
0.000000
0.000000
8.112673
4.056336
1.622535
0.000000
3.245069
3.245069
0.000000
0.000000
0.000000
0.811267
1.622535
0.000000
0.000000
0.000000
8.112673
0.000000
0.000000
0.000000
0.000000
0.000000
0.000000
0.000000
0.000000
0.000000
0.000000
0.000000
0.000000
0.000000
14.602812
12.980277
0.000000
0.000000
4.042483
0.000000
33.261959
32.450691
27.583088
22.715485
17.036613
14.602812
21.354137
30.828157
17.847881
28.394356
14.602812
12.980277
13.791544
13.791544
14.602812
14.602812
14.602812
13.791544
12.169010
12.980277
23.526752
4.867604
6.490139
7.301406
8.923941
6.490139
27.583088
25.149286
27.583088
29.205624
31.639425
34.884495
42.185902
52.732376
65.712654
19.470415
41.374634
0.000000
0.000000
0.000000
0.000000
10.779955
3.144154
0.000000
0.000000
2.694989
0.000000
0.000000
0.000000
0.000000
0.000000
0.000000
0.000000
0.000000
0.000000
21.092951
25.149286
23.526752
21.904217
18.659149
10.546475
30.016891
5.678871
16.225346
17.036613
16.225346
15.414079
13.791544
13.791544
10.546475
8.923941
0.000000
0.000000
0.000000
0.000000
8.112673
0.811267
0.811267
0.811267
0.811267
0.811267
0.811267
0.811267
0.811267
0.811267
0.000000
40.563366
31.639425
0.000000
21.092951
17.847881
17.847881
0.000000
4.056336
19.470415
20.281683
5.678871
10.546475
14.602812
19.470415
0.000000
0.000000
0.000000
0.000000
0.000000
0.000000
0.000000
0.000000
10.546475
0.000000
0.000000
0.000000
0.000000
5.678871
0.000000
0.000000
0.000000
0.000000
0.000000
0.000000
0.000000
0.000000
0.000000
4.867604
0.000000
0.000000
0.000000
0.000000
0.000000
0.000000
0.000000
0.000000
1.622535
2.433802
2.433802
0.000000
0.000000
0.000000
0.000000
0.000000
0.000000
0.000000
0.898330
0.000000
0.000000
0.449165
0.000000
0.000000
0.000000
0.000000
0.000000
18.659149
15.414079
0.000000
0.811267
0.811267
0.811267
0.811267
0.000000
0.000000
0.000000
4.056336
0.811267
0.000000
0.000000
0.000000
0.000000
0.000000
0.000000
0.000000
0.000000
0.000000
0.000000
0.000000
0.000000
1.622535
0.000000
0.000000
0.000000
0.000000
0.000000
0.000000
0.000000
0.000000
0.811267
0.811267
0.811267
0.000000
0.000000
0.000000
0.000000
0.000000
0.000000
0.000000
0.000000
3.245069
0.000000
0.000000
0.000000
0.000000
0.000000
0.000000
0.000000
0.000000
0.000000
0.000000
0.000000
0.811267
3.332131
0.811267
0.000000
0.000000
3.245069
1.622535
0.811267
4.056336
0.000000
0.000000
0.000000
0.898330
0.449165
0.811267
5.678871
5.490893
1.622535
0.000000
0.000000
2.245824
1.622535
0.000000
0.000000
0.000000
0.811267
0.000000
0.000000
1.622535
4.867604
0.000000
0.000000
0.000000
0.000000
0.000000
0.000000
0.000000
0.000000
0.000000
1.622535
0.000000
0.000000
0.000000
3.245069
4.056336
0.000000
0.000000
0.000000
0.000000
0.000000
0.000000
0.000000
0.000000
0.811267
0.000000
0.000000
0.000000
0.000000
0.000000
0.000000
1.622535
0.811267
0.811267
0.000000
0.000000
4.056336
0.811267
0.000000
0.000000
0.000000
0.000000
0.811267
0.811267
3.245069
2.433802
1.622535
0.000000
4.867604
3.245069
3.245069
0.000000
1.347494
1.622535
0.000000
0.000000
0.449165
0.898330
0.000000
0.000000
2.245824
4.042483
2.245824
0.000000
3.245069
0.000000
0.000000
0.000000
0.000000
0.000000
0.811267
0.000000
0.811267
0.811267
0.811267
1.622535
2.433802
1.622535
0.000000
0.811267
0.000000
2.433802
0.000000
2.433802
0.811267
0.000000
0.811267
0.000000
0.000000
0.000000
0.000000
0.000000
0.000000
0.000000
0.811267
0.000000
0.000000
0.000000
1.622535
1.622535
0.811267
0.811267
0.811267
0.000000
0.000000
2.433802
0.000000
0.000000
0.811267
0.000000
0.000000
0.000000
0.000000
2.433802
0.000000
0.000000
0.000000
0.000000
2.433802
4.867604
3.245069
3.245069
3.245069
3.245069
3.245069
3.245069
3.245069
3.245069
3.245069
3.245069
1.622535
2.433802
0.000000
3.245069
1.622535
0.811267
4.056336
3.245069
0.000000
4.867604
4.056336
0.811267
4.867604
1.622535
2.433802
0.811267
1.260432
2.520864
1.622535
0.000000
1.260432
2.245824
0.000000
2.433802
1.622535
1.622535
2.433802
0.000000
0.000000
0.000000
0.000000
0.000000
0.000000
0.811267
0.000000
0.000000
0.000000
0.000000
0.000000
0.000000
0.000000
0.000000
0.000000
0.000000
0.000000
1.622535
0.000000
0.000000
0.000000
0.000000
0.000000
0.000000
0.000000
0.000000
0.000000
0.000000
0.000000
0.000000
0.000000
0.000000
0.000000
4.056336
3.245069
3.245069
2.433802
0.000000
0.000000
0.000000
0.000000
0.000000
0.000000
0.000000
0.000000
0.000000
0.000000
0.000000
0.000000
0.000000
0.000000
0.000000
0.000000
0.000000
0.000000
4.056336
0.000000
0.000000
0.000000
3.245069
2.433802
0.811267
4.056336
4.056336
2.433802
13.791544
12.980277
9.735208
8.112673
0.000000
0.000000
0.000000
0.000000
0.000000
0.000000
0.000000
0.000000
0.000000
0.000000
0.000000
0.000000
13.241465
26.120825
21.977427
10.546475
16.298555
21.688534
18.182278
12.155156
7.301406
8.460922
3.694234
0.811267
0.000000
0.000000
2.433802
4.056336
8.112673
0.000000
0.000000
0.000000
44.619701
0.000000
0.000000
0.000000
0.000000
0.000000
0.000000
16.225346
9.735208
3.245069
11.357742
6.490139
4.867604
3.245069
4.867604
7.026365
12.169010
0.000000
0.000000
3.781296
12.980277
18.659149
0.000000
0.000000
0.000000
0.000000
0.000000
0.000000
0.000000
0.000000
2.433802
0.000000
0.000000
0.000000
0.000000
19.470415
18.659149
0.000000
0.000000
0.000000
0.000000
0.000000
5.678871
4.867604
4.056336
1.622535
4.056336
3.245069
1.622535
0.811267
0.000000
0.000000
0.000000
0.000000
0.000000
7.301406
13.791544
21.092951
0.000000
0.000000
0.000000
0.000000
0.000000
30.828157
32.450691
14.602812
10.546475
6.490139
2.433802
0.000000
0.000000
0.000000
0.000000
0.000000
0.000000
0.000000
0.000000
0.000000
0.000000
0.000000
0.000000
1.796659
0.898330
2.158762
2.071699
0.000000
0.000000
0.000000
0.000000
0.000000
0.000000
0.000000
0.000000
0.000000
0.000000
0.000000
0.000000
0.000000
0.000000
0.000000
0.000000
0.000000
0.000000
0.000000
42.997169
0.000000
0.000000
5.678871
0.000000
0.000000
0.000000
0.000000
0.000000
0.000000
0.000000
0.000000
7.301406
8.923941
9.735208
7.301406
0.000000
0.000000
0.000000
0.000000
0.000000
0.000000
0.000000
0.000000
0.000000
0.000000
0.000000
1.347494
0.000000
0.000000
0.000000
1.347494
0.000000
0.000000
0.000000
11.444805
3.245069
1.622535
1.622535
1.622535
1.622535
1.622535
1.622535
1.622535
1.622535
1.622535
0.000000
19.470415
11.357742
13.791544
4.867604
0.000000
0.000000
44.619701
34.884495
14.602812
7.301406
7.301406
4.867604
3.245069
0.811267
13.791544
14.602812
13.791544
16.225346
13.791544
15.414079
16.848637
26.294950
23.526752
3.057091
5.678871
12.792299
15.414079
16.225346
21.904217
0.000000
0.000000
0.000000
0.000000
0.000000
0.000000
0.000000
0.000000
0.000000
0.000000
0.000000
0.000000
0.000000
0.000000
0.000000
0.000000
0.000000
0.898330
0.898330
3.144154
6.490139
5.678871
4.867604
3.694234
2.433802
0.811267
0.811267
0.811267
0.811267
0.000000
0.000000
0.000000
0.811267
6.490139
13.791544
20.281683
0.000000
0.000000
0.000000
12.980277
13.791544
14.602812
14.602812
18.659149
24.338020
40.563366
0.000000
14.602812
16.225346
0.000000
0.000000
0.000000
0.000000
0.000000
0.000000
0.000000
0.000000
0.000000
0.000000
0.000000
0.000000
0.000000
0.000000
0.000000
0.000000
0.000000
6.737472
0.000000
9.735208
10.546475
16.834782
12.980277
13.791544
14.602812
25.382767
14.501896
8.112673
7.750571
12.677530
4.940813
5.839142
23.599962
15.024269
33.261959
24.338020
22.353382
22.614569
20.281683
21.991280
18.746210
16.486532
10.184372
10.981787
13.516504
2.245824
4.042483
17.980446
5.490893
8.460922
7.750571
15.574350
0.898330
5.389977
2.694989
5.302916
3.245069
2.245824
18.659149
19.470415
14.602812
3.593318
0.000000
0.000000
0.000000
0.000000
0.000000
8.923941
0.000000
0.000000
0.000000
2.071699
12.980277
0.000000
0.000000
0.000000
2.694989
3.593318
1.796659
0.000000
5.389977
1.347494
1.622535
0.000000
5.389977
1.347494
10.546475
8.923941
6.650410
0.000000
2.433802
6.490139
14.052731
0.000000
4.042483
0.449165
6.215098
0.000000
2.245824
0.898330
0.000000
0.000000
1.347494
2.607927
0.000000
0.000000
0.000000
0.000000
0.000000
0.000000
8.923941
8.923941
0.000000
0.449165
4.940813
7.635802
26.771822
27.583088
24.338020
21.092951
4.056336
5.678871
5.678871
14.602812
8.112673
26.771822
9.735208
8.112673
8.923941
9.735208
11.893970
10.546475
8.112673
4.867604
1.622535
0.000000
33.261959
4.056336
1.622535
0.000000
0.000000
0.000000
17.036613
13.791544
15.414079
16.225346
17.847881
17.036613
19.470415
30.016891
42.185902
0.811267
19.470415
1.622535
0.000000
0.000000
0.000000
0.000000
0.000000
0.000000
0.000000
0.000000
0.000000
0.000000
0.000000
7.635802
0.000000
0.000000
1.347494
17.966593
12.576614
8.112673
18.283192
25.831932
24.484438
10.546475
6.737472
29.104708
9.881626
8.923941
11.444805
10.546475
11.981031
8.923941
13.878607
0.000000
7.750571
0.000000
0.000000
0.000000
0.000000
15.414079
5.678871
5.678871
5.678871
5.678871
5.678871
5.678871
5.678871
5.678871
5.678871
2.433802
44.619701
31.639425
0.000000
25.960554
21.092951
14.602812
13.791544
6.490139
38.129562
28.206379
0.000000
3.245069
12.416344
21.862658
5.389977
12.576614
5.389977
8.983296
10.330791
11.229120
7.635802
15.835537
26.918240
8.534131
2.245824
4.940813
8.896234
20.529016
1.796659
0.000000
0.000000
0.000000
0.000000
0.000000
0.000000
0.000000
0.000000
1.622535
0.000000
0.000000
0.000000
0.000000
0.000000
7.186637
5.389977
0.000000
14.602812
21.166159
23.687023
0.000000
0.000000
0.000000
0.000000
0.000000
0.811267
0.811267
0.000000
0.000000
0.000000
0.000000
0.000000
0.000000
0.000000
0.000000
0.000000
15.226101
12.980277
1.796659
20.093706
23.338776
27.395111
32.711880
41.374634
51.921108
78.330826
31.639425
61.656315
72.202789
27.583088
21.904217
18.659149
0.000000
6.490139
0.000000
28.394356
10.546475
0.000000
0.000000
0.000000
0.000000
9.735208
17.847881
25.149286
0.000000
0.000000
0.000000
0.000000
8.923941
12.169010
12.980277
17.036613
15.414079
15.414079
29.205624
34.073227
34.884495
31.639425
32.450691
38.129562
0.000000
26.771822
44.619701
12.705236
23.526752
27.583088
23.613813
13.791544
7.301406
5.765934
6.389223
0.000000
0.449165
2.245824
8.923941
11.357742
0.000000
19.094460
12.068094
12.416344
0.000000
24.411228
41.809948
46.475716
43.533398
53.167690
35.668053
13.025780
10.170519
44.330807
12.691383
1.347494
0.898330
0.000000
8.983296
3.593318
14.575106
0.000000
0.449165
0.000000
4.042483
0.000000
43.808434
16.225346
16.023514
1.622535
0.000000
0.000000
7.186637
1.622535
19.470415
0.000000
31.799696
28.394356
31.639425
0.000000
3.144154
39.752098
37.318298
33.261959
30.016891
27.583088
0.000000
0.000000
0.000000
0.000000
9.735208
8.112673
8.923941
9.735208
7.301406
14.602812
0.000000
0.000000
0.000000
0.000000
0.000000
0.000000
0.000000
39.651184
26.771822
61.656315
56.774860
8.983296
4.491648
12.966424
18.255486
23.774086
32.161800
32.450691
24.512144
12.169010
38.940830
44.619701
9.735208
34.073227
37.318298
35.695763
31.639425
31.726486
30.828157
26.771822
29.540018
21.340284
2.694989
23.526752
64.612495
60.469093
58.223267
55.166176
64.090118
38.651936
50.834801
54.354912
60.033783
60.845047
63.278851
64.090118
73.825325
90.861938
56.788712
85.994339
0.000000
21.092951
0.000000
0.000000
0.000000
0.000000
32.450691
27.583088
22.715485
18.659149
14.602812
13.791544
13.791544
12.980277
0.000000
0.000000
0.000000
0.000000
7.301406
16.225346
19.470415
20.455809
22.715485
36.507030
8.112673
60.033783
40.563366
36.507030
35.695763
35.695763
35.695763
36.507030
35.695763
42.185902
42.259109
39.114956
40.563366
2.245824
8.084967
5.389977
0.449165
4.042483
2.245824
3.593318
0.000000
0.000000
0.000000
0.000000
0.000000
0.000000
0.000000
9.735208
0.000000
0.000000
4.056336
0.000000
0.000000
8.923941
0.000000
17.847881
17.847881
18.659149
18.659149
0.000000
0.000000
0.000000
0.000000
0.000000
0.000000
5.389977
5.389977
8.534131
18.864922
12.127450
16.169933
16.169933
39.526505
26.500723
52.053673
40.145851
62.228134
47.130653
26.194035
29.439104
55.591576
56.994484
19.094460
29.915976
45.114368
45.041161
38.129562
42.185902
40.563366
34.073227
25.149286
28.394356
35.695763
44.619701
2.433802
2.433802
0.000000
0.000000
0.000000
0.000000
0.000000
0.000000
0.000000
0.000000
0.000000
0.000000
0.000000
0.000000
0.000000
0.000000
42.635067
27.583088
60.033783
1.622535
1.622535
1.622535
1.622535
12.169010
22.715485
55.166176
0.000000
3.506256
7.736717
19.314087
4.491648
14.373274
16.619099
18.864922
0.000000
23.324921
12.054241
2.245824
0.000000
0.000000
0.000000
0.000000
0.000000
0.000000
11.357742
15.414079
8.112673
11.357742
12.169010
8.923941
5.678871
1.622535
0.000000
0.000000
0.000000
0.000000
0.811267
0.811267
0.811267
0.000000
0.000000
34.870640
32.450691
52.732376
55.326447
59.093895
49.647575
48.749245
50.110596
54.863430
42.172047
47.474960
26.771822
39.811455
17.384863
45.664452
37.826817
15.226101
9.735208
7.837633
8.447069
21.991280
20.817909
19.470415
28.467566
41.012531
30.640181
0.000000
0.000000
0.000000
6.737472
6.737472
7.374615
16.298555
6.288307
18.617588
42.346172
8.534131
0.449165
5.389977
7.635802
0.898330
21.904217
12.980277
8.648900
0.811267
0.000000
0.000000
0.000000
0.000000
0.000000
21.904217
19.470415
25.149286
33.261959
0.000000
0.000000
5.678871
5.678871
3.245069
2.694989
4.317523
20.455809
17.847881
25.149286
25.135433
12.430197
0.811267
6.490139
8.098820
9.272190
6.490139
0.811267
4.679626
1.796659
0.449165
1.347494
0.000000
0.000000
51.921108
58.411247
45.430969
44.619701
0.000000
0.000000
0.811267
0.000000
0.000000
0.000000
8.112673
5.302916
0.000000
7.301406
20.313332
37.496365
1.622535
2.433802
19.965082
26.166328
6.577201
7.301406
20.441954
30.887512
33.321316
23.700876
0.000000
0.000000
3.144154
0.000000
0.000000
0.000000
4.056336
0.000000
0.000000
0.000000
0.000000
1.622535
17.036613
34.073227
51.921108
0.000000
0.000000
0.000000
0.000000
0.000000
0.000000
0.000000
0.000000
15.414079
13.791544
11.357742
12.169010
15.414079
12.169010
8.112673
3.245069
13.791544
14.602812
8.923941
0.000000
1.622535
5.678871
2.433802
1.622535
0.000000
0.000000
7.301406
0.000000
0.000000
0.811267
0.811267
1.622535
1.622535
0.000000
17.847881
0.000000
5.839142
3.593318
2.245824
0.449165
0.000000
0.449165
0.000000
0.000000
0.000000
0.000000
0.000000
0.000000
0.000000
0.000000
0.000000
42.997169
25.960554
0.000000
0.000000
0.000000
0.000000
0.000000
2.433802
0.000000
0.000000
0.000000
0.000000
0.898330
0.000000
4.940813
1.796659
3.593318
2.694989
8.983296
3.144154
4.940813
18.645294
41.984070
4.042483
3.593318
0.000000
0.000000
0.000000
3.144154
19.470415
18.659149
14.602812
2.433802
22.715485
19.644541
18.109068
18.659149
29.205624
26.134680
41.594261
40.260620
41.809948
38.477814
47.649090
38.725147
26.744116
5.839142
10.779955
12.127450
21.876511
18.196131
22.412739
19.167667
7.113428
0.898330
7.736717
3.419194
1.622535
2.433802
1.796659
0.000000
0.000000
0.898330
1.347494
0.000000
58.411247
60.033783
45.430969
10.546475
10.546475
11.357742
11.357742
12.169010
13.791544
16.225346
3.245069
5.678871
4.056336
4.940813
0.000000
4.940813
4.042483
9.881626
0.000000
4.940813
6.288307
0.449165
0.000000
0.449165
2.694989
0.000000
0.000000
0.000000
0.000000
0.000000
0.000000
0.000000
20.281683
17.036613
13.791544
10.546475
9.735208
10.546475
9.735208
8.112673
5.678871
4.867604
1.622535
0.000000
8.923941
10.546475
0.000000
13.791544
8.112673
6.490139
6.490139
13.791544
25.149286
27.583088
23.526752
21.092951
18.659149
17.847881
0.000000
0.811267
17.109823
0.000000
0.000000
0.000000
30.016891
0.000000
0.000000
0.000000
0.000000
0.000000
0.000000
25.960554
22.715485
16.225346
0.898330
0.000000
0.000000
0.000000
0.000000
0.000000
0.000000
13.025780
0.000000
0.000000
5.678871
25.932848
0.000000
0.000000
0.000000
0.000000
0.000000
0.000000
0.000000
0.000000
0.000000
0.000000
0.000000
0.000000
0.000000
15.414079
12.980277
0.000000
0.000000
0.000000
0.000000
0.000000
12.980277
11.357742
9.735208
14.602812
0.000000
0.000000
0.000000
4.491648
3.593318
0.000000
2.433802
3.144154
0.000000
0.000000
1.622535
5.678871
0.000000
0.000000
0.000000
0.000000
0.000000
0.000000
0.000000
25.960554
25.149286
21.092951
17.847881
8.112673
8.112673
8.923941
7.301406
4.056336
16.225346
7.301406
5.678871
4.867604
7.562593
4.867604
4.867604
13.140549
16.385618
12.980277
17.036613
0.000000
7.635802
0.000000
0.000000
0.000000
0.000000
4.867604
2.433802
4.867604
4.867604
5.678871
4.056336
4.056336
7.301406
10.546475
0.000000
1.622535
0.000000
0.000000
9.735208
0.000000
0.000000
0.000000
0.000000
0.000000
0.000000
0.000000
0.000000
0.000000
0.000000
0.000000
0.000000
0.000000
0.000000
0.000000
17.036613
14.602812
12.169010
11.357742
8.923941
2.433802
17.036613
0.000000
7.301406
8.112673
8.112673
7.301406
5.678871
7.301406
0.000000
0.000000
0.000000
0.000000
0.000000
6.490139
19.470415
11.357742
11.357742
11.357742
11.357742
11.357742
11.357742
11.357742
11.806907
11.357742
10.546475
25.149286
20.281683
0.811267
18.659149
7.301406
3.245069
38.940830
38.129562
14.602812
22.715485
7.301406
8.923941
10.546475
12.980277
0.000000
7.186637
4.042483
3.593318
0.000000
0.000000
4.491648
6.389223
7.301406
0.000000
0.000000
1.622535
6.490139
12.169010
1.622535
0.000000
0.000000
0.000000
0.000000
0.000000
0.000000
0.000000
0.000000
0.000000
0.000000
0.000000
0.000000
0.000000
0.000000
0.000000
0.000000
0.000000
0.000000
0.000000
0.000000
14.602812
12.980277
9.735208
7.301406
4.867604
1.622535
0.000000
0.000000
0.000000
0.000000
0.000000
0.000000
1.622535
3.245069
3.245069
2.433802
0.000000
0.000000
0.000000
0.000000
0.000000
0.000000
0.000000
0.000000
2.433802
13.791544
1.347494
0.000000
0.000000
10.546475
0.000000
0.000000
0.000000
4.867604
5.678871
3.245069
7.301406
12.980277
14.602812
19.470415
26.771822
0.000000
2.433802
8.112673
0.000000
0.811267
4.491648
4.867604
0.000000
0.000000
0.000000
0.000000
0.000000
0.000000
0.000000
0.000000
2.433802
9.735208
12.169010
0.000000
0.000000
19.470415
15.414079
31.639425
26.771822
25.960554
23.526752
21.092951
20.281683
16.225346
12.169010
7.301406
3.245069
5.678871
0.000000
0.000000
0.000000
18.659149
1.622535
0.000000
14.602812
4.056336
0.000000
0.000000
0.000000
0.000000
0.000000
0.000000
0.000000
0.000000
5.678871
12.980277
14.602812
21.092951
0.000000
13.241465
25.149286
0.000000
0.000000
0.000000
3.245069
6.490139
0.000000
0.000000
0.000000
0.000000
0.000000
0.000000
0.000000
0.000000
0.000000
17.847881
6.490139
3.245069
0.000000
2.433802
11.357742
0.898330
0.000000
4.056336
6.490139
8.112673
0.000000
0.000000
0.000000
0.811267
0.000000
0.000000
0.000000
0.000000
0.000000
0.000000
0.000000
0.000000
0.000000
0.000000
0.000000
0.000000
0.000000
20.281683
24.338020
10.546475
12.980277
18.659149
20.281683
0.000000
0.000000
0.000000
0.000000
4.056336
0.449165
0.000000
1.622535
0.000000
8.635047
0.000000
0.000000
0.000000
0.000000
1.622535
0.000000
0.000000
0.000000
0.000000
0.000000
10.546475
0.000000
0.000000
0.000000
0.000000
0.000000
0.000000
0.000000
0.000000
0.000000
0.000000
0.000000
0.000000
5.678871
12.169010
0.000000
0.000000
3.245069
0.000000
27.583088
0.000000
0.811267
2.433802
0.000000
4.056336
7.301406
14.602812
25.149286
27.583088
30.016891
32.899857
0.000000
1.622535
4.056336
1.796659
0.000000
0.000000
0.000000
0.000000
0.000000
0.000000
0.000000
0.000000
0.000000
0.000000
0.000000
0.000000
0.000000
0.000000
9.735208
0.000000
0.000000
0.000000
0.000000
0.000000
0.000000
0.000000
0.000000
0.000000
0.000000
0.000000
0.000000
0.000000
0.000000
0.000000
0.000000
30.828157
30.828157
0.000000
4.056336
0.000000
3.144154
8.112673
3.245069
1.347494
8.534131
0.000000
0.000000
0.449165
5.389977
4.867604
8.112673
12.242219
12.242219
8.923941
0.000000
19.442709
24.237104
32.450691
0.898330
11.678285
5.389977
4.867604
19.529772
14.373274
6.288307
0.000000
14.822438
16.619099
18.457317
4.143399
19.763252
13.474944
2.882967
0.000000
13.924109
8.084967
0.000000
0.000000
4.056336
11.357742
17.847881
0.000000
0.000000
0.000000
0.000000
0.000000
0.000000
0.000000
0.000000
0.000000
0.000000
0.000000
0.000000
0.000000
0.000000
0.000000
0.000000
0.000000
0.000000
0.000000
24.338020
27.583088
12.980277
3.245069
3.245069
4.056336
4.056336
4.056336
4.056336
8.112673
0.000000
7.301406
11.357742
4.056336
3.245069
2.433802
0.000000
18.659149
20.281683
0.000000
0.000000
0.000000
0.000000
0.000000
0.000000
0.000000
0.811267
2.433802
0.000000
0.000000
0.000000
0.000000
1.622535
2.433802
2.433802
3.245069
2.433802
2.433802
1.622535
1.622535
2.433802
1.622535
0.811267
0.000000
20.281683
7.301406
4.056336
0.000000
0.000000
0.000000
0.000000
0.000000
0.000000
0.000000
0.000000
0.000000
0.000000
0.000000
0.000000
4.867604
0.000000
12.169010
18.659149
25.960554
8.112673
0.000000
0.000000
0.000000
0.000000
0.000000
0.000000
14.602812
13.791544
12.980277
0.000000
0.000000
0.000000
0.000000
0.000000
0.000000
0.000000
0.811267
0.000000
1.622535
8.112673
9.735208
0.000000
0.000000
0.000000
0.000000
0.000000
0.000000
0.000000
0.000000
0.000000
0.000000
1.622535
0.000000
0.000000
17.036613
18.659149
0.000000
0.000000
0.000000
0.000000
2.433802
0.000000
0.000000
0.000000
0.000000
0.000000
0.000000
0.000000
0.811267
0.811267
2.433802
0.000000
0.000000
0.000000
0.000000
0.000000
0.000000
8.923941
0.000000
0.000000
0.000000
0.000000
13.791544
10.546475
14.602812
12.980277
9.735208
6.490139
1.622535
0.000000
0.000000
11.357742
8.923941
3.245069
2.433802
3.245069
5.678871
7.301406
8.112673
8.112673
7.301406
6.490139
4.056336
0.000000
5.678871
8.923941
8.923941
8.923941
8.923941
9.735208
8.112673
12.980277
16.225346
17.847881
19.470415
21.092951
22.715485
24.338020
27.583088
34.884495
36.507030
8.112673
11.357742
0.000000
11.357742
26.771822
25.149286
0.000000
0.000000
0.000000
0.000000
0.000000
0.000000
0.000000
0.000000
0.000000
0.000000
0.000000
0.000000
0.000000
3.245069
4.056336
3.245069
4.056336
4.867604
1.622535
4.867604
3.245069
2.433802
2.433802
1.622535
0.811267
0.000000
0.000000
0.000000
0.000000
0.000000
0.000000
17.847881
12.169010
8.923941
8.923941
8.923941
8.923941
8.923941
8.923941
8.923941
8.923941
8.923941
9.735208
5.678871
16.225346
12.980277
13.791544
21.092951
26.771822
5.678871
8.112673
21.092951
4.867604
12.169010
8.923941
8.923941
6.490139
0.811267
0.000000
0.000000
0.000000
1.622535
6.490139
4.867604
4.867604
4.056336
8.112673
7.301406
8.112673
8.923941
21.092951
17.036613
0.000000
0.000000
0.000000
0.000000
0.000000
0.000000
0.000000
0.000000
0.000000
0.000000
0.000000
0.000000
0.000000
0.000000
0.000000
0.000000
0.000000
1.622535
3.245069
4.056336
0.000000
0.000000
0.000000
0.000000
0.000000
0.000000
0.000000
0.000000
0.000000
1.622535
5.678871
7.301406
0.000000
0.000000
0.000000
0.000000
4.056336
0.000000
0.000000
0.000000
0.000000
0.000000
0.000000
0.811267
1.622535
4.867604
0.000000
0.811267
1.622535
1.622535
0.811267
0.811267
0.000000
4.056336
1.622535
3.245069
1.622535
0.811267
0.000000
0.811267
1.622535
0.811267
2.433802
4.056336
0.811267
2.433802
0.000000
0.000000
0.000000
0.000000
0.000000
0.000000
0.000000
0.000000
0.000000
0.000000
0.000000
0.000000
0.811267
1.622535
0.000000
2.433802
4.867604
0.000000
1.622535
2.433802
1.622535
0.811267
0.000000
0.000000
0.000000
0.000000
0.000000
0.000000
0.000000
3.245069
0.000000
3.245069
1.622535
0.811267
0.000000
0.811267
2.433802
3.245069
4.867604
5.678871
0.000000
0.000000
0.000000
0.811267
1.622535
0.000000
0.000000
0.811267
0.000000
0.000000
1.622535
0.000000
0.000000
0.000000
0.000000
0.000000
5.678871
0.811267
0.811267
0.000000
0.000000
0.000000
0.000000
0.000000
0.811267
1.622535
4.867604
4.056336
3.245069
0.000000
0.000000
0.811267
2.433802
2.433802
2.433802
1.622535
0.000000
0.000000
0.000000
0.000000
1.622535
1.622535
1.622535
1.622535
0.811267
2.433802
0.000000
0.000000
0.000000
0.000000
0.000000
0.000000
0.000000
4.056336
2.433802
7.301406
6.490139
0.811267
0.000000
0.000000
0.000000
0.000000
0.000000
0.000000
0.000000
0.000000
3.245069
3.245069
0.000000
0.000000
0.811267
1.622535
2.433802
2.433802
2.433802
2.433802
2.433802
0.811267
0.000000
0.000000
4.867604
4.056336
4.056336
4.056336
4.867604
0.000000
1.622535
1.622535
1.622535
1.622535
2.433802
4.056336
4.867604
6.490139
3.245069
5.678871
0.000000
0.000000
0.000000
0.000000
3.245069
0.000000
4.056336
3.245069
3.245069
3.245069
3.245069
3.245069
3.245069
3.245069
0.000000
0.000000
0.000000
0.000000
0.000000
0.000000
0.000000
0.000000
0.811267
3.245069
0.000000
3.245069
0.811267
0.000000
0.000000
0.000000
0.000000
0.000000
2.433802
0.000000
0.000000
0.000000
0.811267
0.000000
0.000000
0.000000
0.000000
0.000000
0.000000
0.000000
0.000000
0.000000
0.000000
0.000000
0.000000
0.000000
0.811267
2.433802
0.000000
0.000000
0.811267
0.000000
0.000000
0.000000
0.000000
1.622535
0.811267
0.811267
0.000000
0.000000
0.000000
0.000000
0.000000
0.000000
1.622535
0.000000
0.000000
0.811267
0.000000
0.000000
0.000000
0.000000
0.811267
1.622535
3.245069
1.622535
1.622535
0.000000
2.433802
1.622535
1.622535
3.245069
0.000000
1.622535
1.622535
1.622535
1.622535
2.433802
2.433802
2.433802
3.245069
0.000000
0.000000
0.811267
0.000000
0.000000
0.000000
0.000000
0.000000
0.000000
0.000000
0.000000
0.000000
0.000000
0.811267
0.811267
0.000000
0.000000
0.000000
0.000000
4.867604
3.245069
8.112673
13.415588
13.864754
15.125185
16.385618
3.694234
2.694989
8.084967
51.109840
26.771822
27.583088
9.735208
12.980277
16.225346
17.036613
0.000000
0.000000
40.563366
13.791544
0.000000
0.000000
0.000000
0.000000
0.000000
0.000000
0.000000
22.715485
13.791544
22.715485
13.791544
24.338020
19.470415
14.602812
8.923941
10.546475
12.980277
12.980277
8.923941
4.867604
4.056336
7.301406
45.430969
0.000000
0.000000
0.000000
0.000000
0.000000
0.000000
0.000000
0.000000
0.000000
0.000000
0.000000
0.000000
0.000000
0.000000
17.847881
14.602812
26.771822
0.000000
0.000000
0.000000
0.000000
28.394356
34.073227
29.205624
33.261959
36.507030
53.181541
0.000000
0.000000
5.389977
3.144154
0.000000
0.000000
0.000000
0.898330
0.000000
0.000000
35.695763
18.659149
0.000000
0.000000
0.000000
36.507030
24.338020
13.791544
2.433802
0.000000
0.000000
0.000000
0.000000
12.169010
0.000000
10.546475
24.338020
38.129562
0.000000
0.000000
42.997169
21.092951
8.112673
0.000000
0.000000
23.526752
20.281683
15.414079
6.490139
18.659149
13.791544
8.923941
4.867604
11.357742
21.092951
10.546475
21.092951
21.092951
13.791544
8.823025
8.923941
73.825325
0.449165
4.042483
26.771822
27.583088
0.000000
0.000000
0.000000
3.144154
0.000000
2.433802
0.000000
8.923941
13.791544
0.000000
4.867604
0.000000
4.056336
3.245069
1.622535
0.000000
0.000000
0.000000
4.056336
9.735208
15.414079
21.904217
0.000000
0.000000
4.867604
12.980277
20.281683
29.205624
14.602812
15.414079
12.169010
12.169010
11.357742
8.112673
0.000000
0.000000
0.000000
47.053505
21.904217
0.000000
8.923941
0.000000
1.622535
0.000000
0.000000
43.808434
34.884495
27.583088
16.225346
4.056336
0.000000
0.000000
0.000000
39.752098
17.847881
8.923941
18.659149
25.960554
15.414079
10.546475
8.923941
10.546475
16.225346
0.000000
17.036613
8.923941
7.301406
6.490139
7.301406
11.357742
18.659149
4.867604
34.884495
51.921108
68.146454
77.881660
0.811267
0.000000
1.622535
0.000000
0.000000
0.811267
0.000000
0.000000
0.000000
0.000000
0.000000
3.245069
0.000000
0.000000
0.000000
0.000000
0.000000
0.000000
0.000000
0.000000
0.000000
0.000000
0.000000
0.000000
1.622535
5.678871
0.000000
0.000000
0.000000
0.000000
0.000000
0.000000
0.000000
0.000000
0.000000
15.414079
0.000000
0.000000
0.000000
7.186637
8.084967
47.053505
36.507030
28.843521
30.828157
17.036613
24.338020
30.828157
38.129562
25.149286
28.394356
28.394356
32.450691
36.507030
38.129562
29.205624
10.546475
0.000000
0.000000
0.000000
0.000000
30.016891
25.149286
20.281683
14.602812
10.546475
4.867604
1.622535
0.811267
0.811267
5.678871
12.169010
13.791544
26.771822
22.715485
15.414079
9.735208
0.000000
0.000000
13.791544
0.000000
0.000000
0.000000
0.000000
0.000000
0.000000
0.000000
0.000000
0.000000
0.000000
20.281683
20.281683
18.659149
17.036613
27.583088
29.205624
3.245069
7.301406
10.546475
10.546475
5.678871
0.000000
12.169010
0.811267
0.000000
15.414079
21.904217
16.225346
22.715485
0.000000
0.000000
0.000000
0.000000
0.000000
0.000000
0.000000
0.000000
0.000000
0.000000
0.000000
0.000000
19.470415
0.000000
0.000000
0.000000
0.000000
0.000000
0.000000
0.000000
0.000000
0.000000
0.811267
2.433802
4.867604
12.169010
0.000000
2.433802
21.092951
0.000000
0.000000
16.225346
7.301406
0.000000
0.000000
8.112673
0.000000
0.000000
0.000000
0.000000
0.000000
0.000000
6.490139
19.470415
8.923941
0.811267
15.414079
6.490139
0.000000
22.715485
14.602812
9.735208
11.357742
21.904217
0.000000
0.000000
0.000000
1.622535
0.000000
0.000000
0.000000
0.000000
0.000000
0.000000
0.000000
0.000000
0.000000
12.980277
6.490139
0.000000
0.000000
0.000000
0.000000
0.000000
12.169010
10.546475
9.735208
17.847881
0.000000
0.000000
0.000000
0.000000
0.000000
0.000000
21.092951
17.036613
19.007397
17.036613
20.281683
13.791544
31.639425
0.000000
0.000000
0.000000
0.000000
10.546475
12.169010
0.000000
0.000000
0.000000
3.245069
0.000000
0.000000
0.000000
0.000000
0.000000
9.735208
0.000000
0.000000
0.000000
0.000000
0.000000
0.000000
0.000000
1.622535
3.245069
6.490139
0.000000
0.000000
0.000000
0.000000
0.000000
0.000000
0.000000
0.000000
0.000000
0.000000
0.000000
0.000000
0.000000
0.000000
0.000000
10.546475
1.622535
44.619701
26.771822
12.980277
26.771822
35.695763
34.884495
5.678871
3.245069
1.622535
0.000000
5.839142
0.000000
0.000000
0.000000
40.448597
27.220987
30.016891
23.526752
5.839142
8.534131
0.000000
0.000000
0.000000
0.000000
0.811267
0.000000
0.000000
0.000000
0.000000
0.000000
0.000000
0.000000
0.000000
0.000000
0.000000
0.000000
0.000000
8.112673
31.639425
20.281683
20.281683
20.281683
20.281683
25.149286
34.073227
34.884495
31.639425
30.828157
34.884495
13.791544
21.092951
4.056336
36.507030
25.149286
28.394356
33.408379
35.695763
40.563366
42.185902
6.490139
0.811267
1.622535
0.000000
20.281683
24.338020
25.149286
17.847881
16.225346
0.811267
15.414079
7.301406
0.000000
30.016891
21.904217
16.225346
13.791544
27.583088
6.490139
0.000000
10.546475
14.602812
14.602812
0.000000
0.000000
0.000000
0.000000
0.000000
0.000000
0.000000
0.000000
0.000000
0.000000
0.000000
0.000000
0.000000
2.433802
0.000000
0.000000
19.470415
18.659149
28.394356
32.450691
24.338020
10.546475
4.056336
4.056336
4.056336
8.112673
15.414079
21.904217
19.470415
21.904217
21.904217
21.904217
0.000000
4.056336
0.000000
0.000000
0.000000
0.000000
0.000000
0.000000
0.000000
0.000000
34.884495
17.036613
23.526752
41.374634
46.242237
53.543644
53.543644
52.732376
47.864773
60.845047
55.977444
31.639425
38.216629
32.450691
42.997169
26.395864
40.883907
44.591995
6.737472
12.127450
19.314087
18.864922
15.271604
12.576614
19.314087
24.704065
17.966593
10.779955
14.822438
20.212416
12.576614
4.042483
8.084967
33.495438
27.569237
0.000000
2.970029
1.347494
3.245069
0.000000
5.678871
0.000000
7.026365
0.000000
4.867604
0.000000
7.200490
0.000000
2.433802
0.449165
1.622535
34.884495
34.884495
36.507030
0.000000
0.000000
12.169010
11.357742
12.980277
14.240708
7.301406
0.000000
0.449165
0.449165
2.433802
4.056336
12.169010
12.980277
6.490139
0.000000
1.622535
47.314690
28.655542
8.112673
0.000000
3.593318
24.310312
9.735208
4.867604
6.201245
10.330791
6.288307
0.898330
6.737472
8.272944
17.471926
17.297800
17.297800
17.210737
3.506256
0.000000
17.485779
26.409719
34.783577
33.261959
36.507030
0.000000
2.245824
0.898330
0.000000
0.000000
0.000000
0.000000
0.000000
7.301406
12.980277
20.281683
28.032253
19.644541
11.531867
5.403831
4.940813
106.088043
1.796659
5.403831
12.778446
8.373859
0.000000
1.622535
0.898330
5.678871
2.433802
7.924695
7.301406
5.678871
6.490139
6.838387
5.678871
3.245069
4.056336
4.766688
0.811267
0.000000
0.000000
0.000000
0.811267
0.000000
1.622535
0.000000
35.695763
33.261959
30.016891
24.338020
20.281683
17.847881
22.527508
25.859638
29.466810
35.943096
35.232742
44.243748
35.333660
23.975918
6.490139
96.540810
64.901382
62.467583
60.845047
6.490139
55.166176
50.298573
42.997169
65.712654
61.656315
47.053505
47.864773
49.821705
44.619701
52.269360
55.514427
11.678285
5.389977
10.330791
9.432461
16.619099
8.983296
10.330791
7.186637
13.924109
8.084967
9.881626
12.127450
12.127450
11.229120
8.983296
12.576614
9.881626
8.534131
17.733112
8.534131
29.888269
44.417870
54.501328
26.294950
30.699535
40.535660
47.548172
42.259109
42.245255
40.173557
46.461864
36.667301
38.551022
40.883907
51.778633
15.038124
14.313918
18.617588
16.995054
30.177162
38.651936
13.575860
10.156666
4.766688
5.128791
6.737472
4.940813
0.000000
0.000000
2.694989
0.000000
0.000000
3.245069
0.811267
3.245069
0.000000
0.811267
0.000000
38.940830
19.470415
3.245069
0.000000
0.000000
0.000000
16.225346
13.791544
10.546475
0.811267
21.166159
13.429441
10.546475
10.546475
12.792299
11.981031
9.735208
11.357742
12.980277
16.225346
22.715485
27.583088
33.349022
16.225346
21.092951
27.583088
1.347494
0.000000
0.811267
0.000000
4.766688
0.000000
0.000000
0.000000
5.302916
9.735208
20.281683
22.715485
19.992790
11.357742
6.389223
2.245824
8.547985
4.867604
10.532621
2.694989
3.144154
3.593318
3.593318
1.796659
2.245824
4.491648
0.000000
0.000000
0.000000
17.847881
12.980277
8.112673
4.867604
20.281683
23.526752
4.056336
10.546475
17.036613
17.036613
15.414079
16.225346
4.867604
7.301406
8.923941
62.467583
64.090118
48.676041
53.543644
3.245069
9.735208
7.301406
0.000000
0.000000
0.000000
0.000000
0.000000
0.000000
0.000000
0.000000
0.000000
0.000000
19.470415
23.526752
9.735208
13.791544
14.602812
12.980277
9.735208
7.301406
4.867604
2.433802
0.000000
0.000000
0.000000
3.245069
17.847881
21.904217
0.000000
0.000000
0.000000
32.450691
0.000000
0.000000
0.000000
0.000000
0.000000
0.000000
0.000000
0.000000
0.000000
38.129562
26.771822
27.583088
27.583088
15.414079
29.205624
44.619701
21.092951
22.715485
25.149286
27.583088
14.602812
1.622535
0.000000
0.000000
0.000000
0.000000
0.000000
0.000000
0.000000
0.000000
2.433802
4.056336
0.000000
0.000000
11.357742
10.546475
0.000000
0.000000
0.000000
0.000000
0.000000
25.960554
21.904217
17.036613
9.735208
17.847881
12.980277
9.735208
8.923941
7.301406
12.169010
0.000000
0.000000
0.000000
9.735208
19.470415
15.414079
0.000000
14.602812
12.169010
24.338020
25.960554
49.487305
51.109840
0.000000
0.000000
11.357742
0.000000
0.000000
0.000000
0.000000
0.000000
0.000000
0.000000
0.000000
0.000000
0.000000
0.000000
0.000000
0.000000
0.000000
4.056336
8.112673
10.546475
0.000000
0.000000
0.000000
0.000000
0.000000
0.000000
0.000000
0.000000
0.000000
0.000000
0.000000
0.000000
0.000000
0.000000
0.000000
0.000000
0.000000
0.811267
8.923941
55.977444
8.923941
23.526752
22.715485
0.811267
2.433802
4.867604
7.301406
12.169010
10.546475
8.923941
7.301406
49.487305
52.732376
53.543644
37.318298
0.000000
0.000000
0.000000
0.000000
0.000000
0.000000
0.000000
0.000000
0.000000
0.000000
0.000000
0.000000
0.000000
0.000000
0.000000
0.000000
0.000000
0.000000
0.000000
0.000000
0.000000
0.000000
0.000000
0.000000
0.000000
0.000000
0.000000
0.000000
0.000000
0.000000
0.000000
9.735208
10.546475
9.735208
0.000000
0.000000
0.000000
32.450691
38.129562
0.000000
0.000000
0.000000
0.000000
0.000000
0.000000
34.073227
30.016891
27.583088
26.771822
30.828157
43.808434
41.374634
51.921108
62.467583
35.695763
42.185902
46.242237
43.808434
42.997169
44.619701
9.735208
0.000000
0.000000
0.000000
0.000000
0.000000
0.000000
0.000000
0.000000
0.000000
0.000000
0.000000
0.000000
0.000000
0.000000
0.000000
0.000000
0.000000
0.000000
0.000000
20.281683
16.225346
12.980277
8.923941
4.867604
0.000000
0.000000
2.433802
6.490139
3.245069
1.622535
3.245069
0.000000
0.000000
11.357742
22.715485
18.659149
17.036613
28.394356
30.191015
33.885250
39.564121
44.880890
63.874435
76.579666
98.208847
67.916916
96.123291
110.263092
28.325089
21.963573
13.850901
19.978935
2.882967
8.112673
0.811267
6.490139
0.000000
4.867604
0.000000
4.056336
0.811267
6.490139
3.245069
3.245069
3.593318
2.245824
0.449165
40.563366
50.793243
34.783577
28.394356
24.874247
33.394524
26.019909
26.771822
30.016891
38.363045
36.827572
16.747719
4.867604
28.380505
18.544380
39.014038
25.149286
22.440445
20.455809
23.150797
18.659149
15.414079
12.169010
11.256826
4.867604
8.923941
0.000000
0.000000
0.000000
0.000000
8.923941
17.847881
0.000000
0.000000
4.505501
10.546475
15.414079
20.281683
19.543625
21.904217
32.262714
38.289833
11.229120
8.534131
3.057091
11.229120
11.155910
6.114183
6.490139
9.634293
4.867604
1.622535
0.000000
0.000000
0.000000
0.000000
0.000000
0.000000
0.000000
0.000000
0.000000
0.000000
0.000000
14.240708
7.750571
4.954666
1.622535
5.302916
6.925450
1.347494
3.144154
3.593318
9.345398
6.288307
9.547230
8.286798
11.068849
19.268585
0.898330
0.000000
0.449165
0.000000
0.000000
0.000000
0.000000
0.000000
1.622535
2.970029
2.882967
2.433802
3.245069
12.980277
10.546475
0.000000
2.433802
0.000000
2.433802
40.563366
39.752098
32.450691
25.149286
34.783577
44.637497
36.942341
48.676041
47.300838
75.350891
35.681908
32.175652
37.318298
46.402508
50.458843
44.880890
47.053505
44.619701
53.254749
47.126717
40.563366
17.036613
22.976671
13.791544
17.847881
17.847881
39.752098
38.129562
41.374634
42.997169
47.053505
58.411247
76.259125
89.239403
104.653481
64.090118
85.994339
16.225346
4.056336
0.811267
0.000000
0.000000
0.000000
0.000000
0.000000
0.000000
0.000000
4.867604
0.000000
7.200490
0.000000
7.301406
0.000000
15.734621
7.186637
35.695763
37.318298
44.940243
42.955608
27.583088
17.847881
51.691574
35.104122
31.639425
31.639425
42.708275
42.071133
35.695763
32.450691
47.039654
34.769726
21.354137
21.629177
22.064487
20.542870
21.904217
15.414079
9.735208
12.169010
8.112673
8.923941
4.056336
7.301406
2.433802
4.867604
0.000000
36.507030
35.695763
0.000000
23.526752
23.526752
30.016891
0.000000
12.169010
8.112673
21.904217
11.357742
16.225346
21.092951
26.771822
0.000000
0.000000
1.622535
0.000000
4.867604
4.056336
3.245069
5.215853
1.622535
0.000000
0.000000
0.000000
0.000000
11.678285
8.983296
1.347494
7.186637
19.314087
13.924109
9.359252
12.402490
22.009075
13.474944
10.619684
8.084967
20.212416
15.720768
6.737472
5.839142
7.635802
12.040387
6.563348
5.389977
4.940813
9.881626
2.433802
5.128791
2.607927
4.940813
0.000000
0.000000
0.000000
0.000000
0.000000
0.000000
0.000000
0.000000
0.000000
0.000000
0.000000
0.811267
17.036613
12.169010
0.000000
20.281683
21.904217
24.338020
25.960554
29.205624
34.073227
40.563366
8.112673
12.169010
9.735208
3.144154
0.000000
2.694989
4.491648
2.245824
0.000000
0.898330
0.898330
0.000000
0.000000
0.000000
0.000000
0.000000
0.000000
0.000000
0.000000
0.000000
0.000000
0.000000
33.261959
30.016891
24.338020
20.281683
17.036613
14.602812
12.980277
12.980277
12.169010
10.546475
7.301406
0.000000
7.301406
19.470415
10.546475
12.980277
11.357742
11.357742
9.735208
8.923941
10.807661
7.837633
5.852996
8.722109
8.447069
9.432461
5.839142
28.613983
35.741264
4.042483
0.000000
3.593318
44.055771
3.694234
0.000000
0.811267
11.692139
8.112673
9.735208
41.374634
38.940830
34.884495
0.000000
0.000000
2.694989
0.000000
0.000000
0.000000
0.000000
0.000000
0.000000
3.593318
0.000000
3.245069
0.000000
0.000000
0.000000
0.000000
0.000000
0.000000
0.000000
0.000000
0.000000
4.056336
1.622535
0.000000
0.000000
11.357742
10.546475
3.144154
0.000000
0.000000
0.000000
0.000000
12.169010
12.343135
13.791544
18.659149
14.240708
10.807661
4.042483
0.000000
0.898330
1.347494
5.839142
0.449165
1.796659
2.433802
12.256072
8.923941
0.000000
0.000000
0.000000
0.000000
0.000000
0.000000
0.000000
38.129562
34.073227
27.583088
21.092951
25.497536
15.414079
11.357742
20.281683
26.469074
29.975330
14.602812
14.602812
27.092363
41.479492
31.075493
21.904217
37.913879
54.097664
34.957703
34.884495
5.678871
0.000000
0.000000
0.000000
0.000000
0.000000
3.245069
2.433802
3.245069
3.245069
2.433802
3.245069
8.112673
11.357742
17.036613
0.000000
3.245069
0.000000
0.000000
11.357742
0.000000
0.000000
0.000000
0.000000
0.000000
0.000000
0.000000
0.000000
0.000000
0.000000
0.000000
0.000000
0.000000
0.000000
0.000000
28.394356
28.394356
24.338020
21.904217
21.092951
18.659149
21.092951
21.092951
22.715485
22.715485
19.470415
17.847881
12.980277
11.357742
14.602812
3.245069
1.622535
0.000000
0.000000
6.490139
8.923941
4.056336
4.056336
4.056336
4.056336
4.056336
4.056336
4.056336
4.056336
4.056336
2.433802
21.904217
23.526752
7.301406
7.301406
6.288307
3.593318
48.676041
47.864773
22.962818
19.992790
26.382011
29.264980
34.393768
32.335922
15.720768
21.559910
7.635802
2.245824
11.678285
8.983296
4.940813
2.245824
0.811267
0.000000
0.000000
0.000000
0.000000
8.112673
1.622535
0.000000
0.000000
0.000000
0.000000
0.000000
0.000000
0.000000
0.000000
0.000000
1.622535
0.000000
0.000000
0.000000
0.000000
0.000000
0.000000
0.000000
0.000000
0.000000
0.000000
8.923941
7.301406
5.678871
3.245069
2.071699
0.000000
0.000000
0.000000
0.000000
0.000000
0.000000
0.000000
0.000000
0.000000
3.245069
7.301406
0.000000
0.000000
0.000000
9.735208
10.546475
11.357742
10.546475
11.357742
12.980277
17.847881
0.000000
1.622535
2.433802
0.000000
0.000000
0.000000
0.000000
0.000000
0.000000
0.000000
0.000000
0.000000
3.419194
3.245069
9.735208
13.791544
21.890366
25.149286
24.338020
28.394356
23.526752
24.338020
29.205624
25.960554
20.281683
18.659149
19.470415
21.904217
17.036613
15.414079
5.678871
4.867604
2.433802
0.000000
10.546475
11.357742
1.622535
12.169010
8.112673
6.490139
5.678871
6.490139
7.301406
6.490139
4.867604
4.056336
2.433802
4.056336
0.000000
0.811267
5.678871
0.000000
0.000000
0.000000
31.639425
0.000000
0.000000
0.000000
0.000000
0.000000
0.000000
21.092951
20.281683
17.036613
0.000000
0.000000
0.000000
0.811267
1.622535
4.679626
4.056336
0.000000
0.811267
2.607927
4.867604
13.791544
2.433802
0.449165
5.678871
1.622535
6.490139
3.245069
4.867604
2.433802
3.245069
3.245069
1.622535
1.622535
0.000000
16.225346
13.791544
0.000000
0.000000
2.694989
0.000000
0.000000
0.000000
2.694989
0.000000
5.678871
0.000000
1.796659
0.000000
0.000000
0.000000
0.000000
1.622535
0.000000
0.000000
4.056336
12.980277
5.678871
4.056336
3.245069
6.490139
4.867604
7.301406
7.301406
6.490139
29.205624
23.526752
21.092951
17.847881
4.867604
8.923941
6.490139
22.715485
9.735208
20.281683
7.301406
6.490139
8.112673
8.923941
9.735208
9.735208
9.735208
9.735208
8.112673
8.112673
12.169010
0.000000
0.000000
0.000000
0.000000
0.000000
3.245069
0.811267
3.245069
3.245069
3.245069
0.000000
0.000000
2.433802
8.923941
0.000000
5.678871
0.000000
0.000000
11.357742
0.000000
0.000000
0.000000
0.000000
0.000000
6.490139
0.000000
14.602812
2.433802
9.735208
16.110577
9.735208
19.731602
10.546475
20.730848
20.281683
27.583088
24.338020
19.470415
16.225346
7.301406
17.847881
0.811267
7.301406
8.112673
8.112673
6.490139
5.678871
9.735208
0.000000
2.433802
0.000000
0.000000
0.000000
8.112673
17.847881
10.546475
10.546475
10.546475
10.546475
10.546475
10.546475
10.546475
10.546475
10.546475
9.735208
23.526752
21.904217
2.433802
17.036613
9.272190
0.000000
34.073227
25.960554
34.609455
17.847881
7.301406
8.112673
20.267830
12.169010
2.245824
1.347494
8.983296
5.389977
3.144154
8.983296
4.940813
8.185883
7.301406
9.881626
4.491648
7.012512
5.678871
28.815815
7.301406
3.332131
5.678871
14.662168
4.867604
8.561837
5.678871
11.981031
4.867604
8.923941
2.433802
4.056336
0.000000
0.000000
0.000000
0.000000
0.000000
0.000000
4.867604
5.678871
4.867604
4.056336
3.245069
3.245069
2.433802
2.433802
1.622535
0.811267
0.000000
0.000000
0.000000
0.000000
5.678871
0.811267
2.433802
5.678871
8.923941
2.433802
4.867604
4.056336
0.000000
0.000000
0.000000
0.000000
0.000000
0.000000
0.000000
0.000000
0.000000
0.000000
35.695763
36.507030
37.318298
38.940830
35.695763
46.242237
4.867604
13.791544
21.092951
21.904217
19.470415
16.225346
24.338020
21.092951
17.036613
38.940830
34.884495
39.752098
36.507030
8.534131
0.000000
0.898330
12.127450
5.839142
0.000000
0.000000
9.881626
0.449165
0.000000
0.000000
0.000000
23.526752
5.678871
2.433802
0.000000
0.000000
0.000000
0.000000
5.678871
8.923941
12.980277
12.980277
12.169010
9.735208
8.923941
13.791544
2.433802
13.791544
0.000000
12.169010
28.394356
19.470415
0.000000
0.000000
0.000000
0.000000
0.000000
0.000000
8.112673
0.000000
0.000000
33.261959
28.394356
21.904217
15.414079
19.470415
14.602812
11.357742
16.225346
12.980277
12.980277
21.092951
31.639425
8.983296
0.000000
0.000000
3.144154
9.432461
4.491648
0.000000
1.347494
6.389223
2.245824
0.000000
0.000000
0.000000
24.338020
21.092951
0.000000
0.000000
0.000000
0.000000
0.000000
11.357742
9.735208
7.301406
6.490139
4.867604
3.694234
1.622535
0.000000
0.811267
2.520864
4.867604
7.301406
8.112673
5.678871
3.245069
11.357742
27.583088
14.602812
4.056336
3.144154
0.000000
53.543644
53.543644
6.737472
0.000000
4.940813
7.635802
0.000000
0.000000
0.000000
1.347494
0.000000
0.000000
0.000000
0.000000
0.000000
0.000000
0.000000
0.000000
0.000000
0.000000
0.000000
0.000000
0.000000
0.000000
0.000000
0.000000
0.000000
0.000000
0.000000
0.000000
0.000000
0.000000
0.000000
1.622535
1.622535
4.867604
2.433802
6.490139
2.433802
54.354912
48.676041
29.205624
52.732376
50.298573
58.411247
8.112673
6.490139
4.867604
0.811267
0.000000
0.000000
0.000000
0.811267
40.998680
37.318298
38.129562
43.808434
26.500723
0.000000
0.000000
0.000000
17.966593
0.449165
4.042483
0.000000
10.330791
4.042483
5.839142
2.245824
0.000000
0.000000
0.000000
0.000000
0.000000
0.000000
0.000000
16.225346
12.980277
8.923941
8.923941
8.923941
8.923941
8.923941
8.923941
8.923941
8.923941
8.923941
10.546475
10.445560
0.811267
14.689874
19.818665
18.659149
25.149286
24.846539
23.499046
0.000000
4.592564
1.796659
1.796659
0.000000
0.000000
41.374634
41.374634
38.940830
38.129562
34.073227
31.639425
29.205624
25.960554
25.149286
29.205624
25.960554
25.149286
26.771822
21.904217
28.394356
0.000000
0.000000
0.000000
0.000000
2.245824
0.000000
0.000000
0.000000
0.000000
0.000000
0.000000
0.000000
0.000000
0.000000
0.000000
0.000000
0.000000
0.000000
0.000000
0.000000
14.602812
12.169010
9.735208
7.301406
4.867604
2.433802
3.245069
3.245069
4.867604
5.678871
4.867604
2.433802
11.357742
10.546475
11.357742
12.980277
21.092951
14.602812
8.923941
4.491648
4.940813
4.940813
4.940813
1.347494
1.796659
6.027121
0.000000
0.000000
0.000000
42.997169
47.053505
52.732376
56.788712
39.752098
57.599979
35.695763
53.543644
57.599979
59.222515
62.467583
73.825325
71.391525
68.957726
75.447861
50.298573
52.906498
76.259125
72.202789
37.565628
36.914635
24.585354
11.591222
6.288307
14.373274
12.576614
13.924109
6.737472
14.822438
13.474944
14.822438
7.562593
40.448597
40.274471
25.556892
25.483683
25.772577
24.512144
24.512144
22.889610
21.092951
16.225346
10.546475
4.056336
0.000000
25.149286
0.000000
0.000000
38.129562
61.656315
79.504196
26.047615
1.347494
0.000000
0.000000
3.593318
4.042483
0.000000
19.818665
5.577955
6.288307
30.828157
15.414079
19.470415
17.036613
21.904217
33.261959
52.732376
21.092951
35.695763
40.563366
55.253242
60.033783
3.245069
7.301406
6.664263
4.867604
0.000000
8.722109
4.940813
0.000000
2.433802
8.983296
8.084967
0.000000
0.000000
29.003792
31.263470
0.000000
0.000000
7.461677
6.650410
9.909332
0.000000
0.000000
1.347494
0.000000
4.056336
8.112673
4.867604
4.056336
4.056336
12.169010
0.000000
0.000000
0.000000
0.000000
2.245824
0.000000
27.583088
71.116486
55.239388
60.845047
53.543644
106.276016
111.230682
75.246033
68.668831
65.134865
41.058033
6.490139
0.000000
0.000000
0.898330
0.000000
0.000000
0.000000
0.000000
0.000000
0.000000
0.000000
0.000000
0.000000
0.000000
0.000000
0.000000
0.000000
13.791544
12.169010
11.357742
9.735208
12.169010
0.000000
7.301406
13.067340
14.602812
17.036613
21.904217
30.016891
37.318298
41.374634
0.000000
6.490139
63.278851
68.957726
0.000000
73.014061
55.977444
69.768990
49.487305
58.411247
54.354912
50.298573
44.619701
45.430969
51.921108
50.298573
24.773331
36.507030
45.430969
73.825325
50.807095
39.477058
33.261959
14.602812
12.127450
2.694989
4.940813
2.245824
9.881626
6.288307
8.534131
10.779955
2.245824
1.347494
5.389977
3.144154
3.144154
3.144154
5.389977
10.720600
0.898330
2.694989
7.186637
0.000000
0.449165
2.694989
6.737472
0.000000
3.419194
8.635047
10.880871
28.018400
8.722109
29.452957
23.659317
31.364386
46.416359
8.534131
11.678285
2.245824
9.721354
12.792299
6.751325
6.490139
2.433802
36.507030
38.129562
37.318298
34.884495
47.864773
63.278851
59.671680
74.636597
92.108513
42.997169
48.676041
51.921108
71.088776
50.632973
67.958481
15.574350
18.777861
13.025780
14.822438
9.432461
14.373274
13.924109
13.474944
9.881626
10.779955
7.635802
9.432461
5.839142
5.389977
2.245824
0.000000
3.781296
2.433802
5.678871
8.112673
0.000000
0.000000
4.056336
2.433802
11.357742
15.414079
10.546475
11.357742
11.357742
8.112673
0.000000
0.000000
0.000000
0.000000
0.000000
0.000000
86.805603
69.768990
76.259125
7.026365
7.026365
7.837633
7.837633
11.343889
12.155156
13.415588
18.659149
18.659149
20.730848
11.531867
12.980277
15.414079
15.414079
4.867604
0.000000
14.602812
5.678871
0.000000
0.000000
0.000000
7.301406
0.000000
0.000000
0.000000
0.000000
0.000000
0.000000
0.000000
6.490139
6.490139
5.678871
5.678871
0.000000
0.000000
0.000000
0.000000
3.245069
3.245069
3.245069
9.735208
0.000000
0.000000
1.622535
0.000000
0.000000
0.000000
0.000000
0.000000
0.000000
0.000000
0.000000
0.000000
0.000000
0.000000
8.112673
0.000000
0.000000
16.225346
14.602812
14.602812
0.000000
0.000000
8.112673
6.490139
8.112673
8.923941
16.225346
0.000000
0.000000
4.056336
0.000000
0.449165
1.622535
12.169010
0.000000
0.000000
0.000000
0.000000
0.000000
0.000000
0.000000
0.000000
7.301406
5.678871
3.245069
0.811267
0.000000
0.000000
0.000000
0.000000
0.000000
14.602812
7.301406
8.923941
10.546475
0.000000
0.000000
0.000000
4.056336
6.490139
4.056336
2.433802
0.000000
0.000000
0.000000
0.000000
4.056336
3.245069
2.433802
2.433802
2.433802
4.867604
0.000000
0.000000
0.000000
0.000000
0.000000
0.000000
21.904217
14.602812
10.546475
15.414079
13.791544
0.000000
0.000000
0.811267
0.000000
0.000000
0.000000
22.715485
20.529016
7.301406
0.811267
3.245069
0.000000
2.433802
2.433802
1.622535
0.811267
0.000000
0.000000
0.000000
0.000000
0.000000
0.811267
0.000000
11.357742
12.980277
14.602812
15.414079
18.659149
13.791544
16.225346
16.225346
17.847881
18.659149
29.205624
38.940830
36.507030
33.261959
32.450691
28.394356
12.169010
17.036613
0.000000
14.602812
4.867604
1.622535
17.847881
13.791544
9.735208
9.735208
16.225346
16.225346
16.225346
16.225346
0.000000
0.000000
0.000000
0.000000
8.112673
6.490139
6.490139
5.678871
6.490139
9.735208
0.811267
9.735208
5.678871
4.867604
4.056336
4.056336
2.433802
0.000000
24.338020
0.000000
0.811267
8.923941
13.791544
0.000000
0.000000
0.000000
0.000000
0.000000
0.000000
0.000000
0.000000
0.000000
0.000000
0.000000
0.000000
0.000000
0.811267
0.000000
0.000000
7.301406
16.225346
0.000000
0.000000
0.000000
0.000000
4.867604
5.678871
6.490139
7.301406
0.000000
0.000000
0.000000
0.000000
0.000000
0.000000
0.000000
0.000000
0.000000
0.000000
0.000000
0.000000
0.000000
0.000000
0.000000
11.357742
8.112673
6.490139
0.000000
21.092951
12.980277
7.301406
9.735208
4.056336
6.490139
6.490139
7.301406
8.112673
8.923941
13.791544
17.036613
20.281683
0.000000
0.000000
0.000000
0.000000
0.000000
0.000000
0.000000
0.000000
0.000000
0.000000
0.000000
0.000000
0.000000
0.000000
0.000000
0.000000
0.000000
0.000000
0.000000
16.225346
12.169010
16.225346
1.622535
1.622535
1.622535
1.622535
1.622535
2.433802
1.622535
2.433802
1.622535
0.811267
0.000000
0.000000
0.000000
0.000000
1.622535
0.000000
9.735208
2.433802
8.112673
0.000000
0.000000
0.000000
0.000000
0.000000
0.000000
0.000000
0.000000
0.000000
0.000000
2.433802
2.433802
1.622535
1.622535
1.622535
2.433802
2.433802
1.622535
0.811267
0.811267
0.811267
0.811267
0.000000
0.811267
0.811267
0.000000
0.811267
0.811267
0.811267
0.000000
0.000000
0.000000
0.000000
0.000000
0.000000
0.000000
1.622535
0.000000
1.622535
1.796659
0.000000
0.000000
0.000000
5.665018
3.506256
0.000000
4.491648
1.796659
4.056336
1.622535
1.622535
1.622535
0.000000
1.347494
5.128791
0.000000
5.678871
0.000000
1.622535
0.000000
0.000000
0.000000
0.000000
0.000000
0.000000
0.000000
0.000000
0.000000
0.000000
0.000000
0.000000
0.000000
0.811267
0.000000
0.000000
0.000000
0.000000
0.000000
0.000000
2.433802
0.811267
0.000000
0.000000
0.000000
0.811267
0.811267
0.000000
0.000000
0.811267
0.000000
0.000000
0.000000
0.000000
0.000000
0.000000
0.000000
0.000000
0.000000
0.000000
0.811267
0.000000
0.000000
0.000000
0.000000
0.000000
0.000000
0.000000
2.433802
1.622535
2.433802
2.433802
0.811267
1.622535
3.245069
0.000000
0.000000
0.000000
0.811267
0.811267
0.000000
0.000000
0.000000
0.000000
0.000000
0.449165
0.000000
0.811267
0.000000
0.000000
0.000000
0.811267
0.811267
0.811267
0.000000
0.000000
0.000000
0.000000
0.000000
0.000000
0.000000
0.000000
0.000000
0.000000
0.000000
0.000000
0.000000
0.000000
0.000000
0.000000
0.000000
0.000000
0.000000
0.000000
0.000000
0.000000
0.000000
0.000000
0.000000
0.000000
0.000000
0.000000
0.000000
3.245069
2.433802
1.622535
1.622535
1.622535
2.433802
0.811267
1.622535
1.622535
1.622535
0.811267
0.811267
1.622535
2.433802
0.000000
2.433802
1.622535
0.811267
0.811267
0.000000
0.000000
0.000000
0.000000
0.000000
0.000000
0.000000
0.000000
0.000000
0.000000
0.000000
0.000000
0.000000
0.000000
0.000000
0.000000
0.000000
0.000000
1.622535
0.811267
0.000000
1.622535
1.622535
1.622535
2.433802
2.433802
0.000000
0.000000
3.593318
2.694989
0.000000
0.000000
4.491648
5.839142
0.449165
0.000000
0.898330
4.042483
0.000000
0.000000
0.000000
0.811267
0.811267
0.000000
1.622535
0.000000
0.000000
0.811267
0.811267
0.000000
0.811267
0.811267
0.811267
0.811267
0.811267
0.000000
0.000000
0.000000
0.811267
0.000000
0.000000
1.622535
1.622535
0.811267
0.811267
0.811267
0.000000
0.898330
0.000000
0.000000
0.000000
0.000000
0.000000
0.811267
0.000000
0.000000
0.000000
0.000000
0.000000
0.000000
2.245824
2.245824
2.694989
2.694989
0.000000
0.000000
0.000000
0.000000
0.000000
0.000000
29.205624
25.149286
21.092951
13.791544
43.808434
32.450691
41.374634
55.977444
75.695198
73.696701
61.656315
53.268604
112.770096
96.906853
68.554062
62.861336
75.974174
46.218475
47.506611
36.222076
32.252804
44.756210
35.222836
26.500723
22.458241
32.165741
31.441536
22.458241
16.619099
20.212416
25.616245
28.439857
10.779955
13.025780
14.822438
12.127450
9.432461
12.576614
6.288307
10.330791
8.983296
13.474944
5.839142
5.839142
6.288307
9.432461
20.904974
21.904217
2.245824
5.389977
14.850145
0.000000
0.000000
5.403831
15.386373
8.923941
9.735208
0.000000
4.491648
3.593318
0.000000
21.904217
17.847881
8.923941
0.000000
22.715485
12.169010
4.056336
46.242237
40.723637
26.945946
16.935698
12.604321
45.737659
23.224005
11.330036
17.632196
20.212416
11.591222
7.635802
8.983296
31.671074
9.432461
18.819420
9.460167
13.575860
3.144154
3.593318
21.092951
6.302160
4.491648
0.000000
0.000000
1.622535
6.650410
3.955421
0.000000
2.433802
6.563348
4.853751
0.811267
5.765934
14.676021
14.951061
18.297047
30.177162
33.161045
40.563366
14.676021
53.502083
11.068849
9.185127
26.643200
28.439857
8.823025
4.867604
17.068262
9.881626
15.271604
13.025780
0.449165
0.000000
1.796659
13.401735
0.000000
0.000000
0.000000
7.635802
0.000000
2.433802
5.678871
13.314672
11.967178
6.490139
3.245069
1.796659
6.288307
0.000000
0.449165
4.042483
3.593318
2.694989
6.737472
8.084967
2.245824
4.042483
5.389977
7.186637
0.898330
5.389977
2.694989
17.297800
8.112673
14.602812
22.715485
7.301406
14.602812
42.997169
28.394356
33.261959
45.430969
69.205055
61.179447
39.477058
37.318298
39.334583
34.191940
51.169197
35.755119
58.328125
33.628006
22.009075
21.559910
30.094042
24.254900
21.559910
15.720768
22.458241
17.966593
13.474944
16.619099
16.169933
21.110746
5.389977
18.081360
8.084967
24.832687
13.067340
16.124432
13.516504
18.269339
9.808416
8.735963
11.880116
16.371765
13.676775
10.083457
16.371765
18.617588
14.575106
11.880116
24.383522
11.229120
7.186637
6.737472
12.576614
0.449165
8.997149
10.779955
11.678285
21.904217
4.940813
9.432461
11.229120
0.000000
0.000000
24.860394
18.558231
13.791544
9.735208
16.921844
22.064487
20.368744
16.225346
18.631443
64.859825
45.055016
30.016891
26.194035
55.834969
21.688534
24.498291
11.242973
20.790203
28.815815
12.590467
7.736717
0.811267
5.940058
8.084967
5.302916
0.811267
0.811267
0.811267
4.853751
0.000000
0.000000
0.000000
21.803303
16.761574
14.602812
16.312408
13.791544
12.169010
10.546475
13.053486
9.185127
11.430952
9.272190
16.458826
20.079851
38.913124
50.458843
28.352795
29.727997
31.075493
32.886005
13.575860
14.038877
20.964329
4.056336
4.056336
4.056336
4.056336
8.373859
9.547230
11.169765
6.490139
6.490139
4.867604
0.000000
0.000000
0.000000
0.000000
0.000000
8.923941
0.000000
0.000000
0.000000
0.000000
3.245069
7.301406
0.000000
0.000000
0.000000
0.000000
0.000000
0.000000
0.000000
0.000000
0.811267
1.622535
4.056336
1.622535
0.000000
0.000000
0.000000
6.476285
11.417098
12.127450
0.000000
9.011003
18.168423
7.635802
19.470415
9.735208
14.125940
7.388468
9.735208
12.169010
12.618175
9.735208
8.112673
7.301406
17.036613
0.000000
0.000000
0.000000
17.036613
14.602812
14.602812
18.659149
0.000000
0.000000
0.000000
0.000000
0.000000
0.000000
26.771822
22.614569
7.301406
0.000000
4.766688
6.288307
4.056336
0.000000
0.000000
2.433802
0.000000
0.000000
0.000000
9.735208
30.016891
0.000000
0.000000
0.000000
0.000000
0.000000
0.000000
0.000000
0.000000
0.000000
11.357742
0.000000
0.000000
0.000000
19.470415
25.149286
0.000000
0.000000
0.000000
0.811267
7.388468
0.000000
0.000000
0.000000
9.373105
0.000000
0.000000
0.000000
0.000000
0.000000
0.000000
12.169010
0.000000
0.000000
0.000000
0.000000
0.000000
0.000000
0.000000
0.000000
0.000000
0.000000
5.678871
7.301406
18.659149
18.659149
12.980277
5.678871
14.602812
10.546475
8.112673
0.000000
0.000000
21.092951
4.056336
1.622535
0.000000
0.000000
0.000000
0.000000
0.000000
0.000000
0.000000
0.000000
27.583088
0.000000
0.000000
0.000000
0.000000
0.000000
12.169010
6.490139
9.735208
11.357742
12.980277
16.225346
22.715485
23.526752
24.338020
8.923941
9.735208
28.394356
4.056336
1.622535
8.923941
5.678871
14.602812
0.000000
0.000000
0.000000
0.000000
0.000000
0.000000
0.000000
2.433802
0.000000
0.000000
0.000000
0.000000
2.433802
3.245069
4.056336
4.056336
0.000000
8.534131
31.061638
13.025780
0.811267
16.720013
18.067507
20.849558
0.000000
5.389977
5.678871
5.389977
0.000000
0.000000
0.000000
1.622535
31.639425
17.036613
17.036613
17.036613
17.036613
17.036613
17.036613
17.036613
17.036613
17.036613
17.036613
31.639425
35.695763
0.000000
33.261959
21.904217
14.602812
15.414079
12.980277
12.169010
32.450691
0.000000
0.000000
0.898330
1.622535
0.000000
2.433802
4.056336
10.257582
6.490139
0.000000
7.301406
17.371010
12.169010
0.000000
3.245069
6.490139
12.169010
14.602812
0.000000
0.000000
0.000000
0.000000
0.000000
0.000000
0.000000
0.000000
0.000000
0.000000
0.000000
0.000000
0.000000
0.000000
0.000000
0.000000
0.000000
6.490139
1.347494
2.607927
5.490893
0.000000
0.000000
0.000000
0.000000
0.000000
0.000000
0.000000
0.000000
0.000000
0.000000
0.000000
0.000000
3.245069
0.000000
0.000000
0.000000
1.622535
4.056336
0.000000
5.678871
5.678871
6.490139
7.301406
6.490139
4.867604
6.490139
8.923941
13.791544
17.847881
9.272190
5.678871
6.128036
1.622535
18.659149
17.036613
1.796659
0.898330
0.000000
0.000000
0.000000
0.000000
0.000000
0.000000
0.000000
0.000000
0.000000
0.000000
0.000000
8.112673
7.301406
6.490139
5.678871
5.678871
5.678871
4.867604
4.056336
3.245069
2.433802
0.811267
0.000000
19.470415
0.000000
0.000000
0.000000
0.000000
0.000000
0.000000
0.000000
0.000000
0.000000
0.000000
0.000000
0.000000
0.000000
0.000000
5.678871
10.344644
2.433802
15.414079
28.394356
5.839142
0.898330
0.000000
0.000000
8.534131
2.158762
0.000000
11.357742
12.980277
12.169010
0.000000
0.000000
0.000000
0.000000
0.000000
0.000000
0.000000
4.056336
1.622535
0.000000
6.302160
6.490139
0.000000
0.000000
0.000000
0.000000
0.000000
0.000000
0.000000
0.000000
0.000000
0.000000
2.433802
0.000000
0.000000
12.169010
11.357742
0.000000
0.000000
0.000000
0.000000
0.449165
0.811267
0.811267
0.811267
3.419194
0.000000
0.000000
0.000000
4.491648
1.347494
0.000000
5.852996
4.056336
0.000000
0.000000
0.811267
0.811267
20.281683
0.000000
0.000000
0.000000
0.000000
0.811267
0.000000
11.357742
11.357742
9.735208
8.923941
0.811267
0.000000
0.000000
12.980277
11.082702
15.748474
4.056336
4.867604
12.778446
26.528429
8.923941
8.923941
18.269339
31.208057
10.720600
7.301406
4.056336
4.143399
5.678871
7.301406
8.923941
10.546475
14.602812
17.847881
21.092951
23.526752
25.960554
26.771822
25.960554
25.960554
27.583088
47.053505
45.430969
13.791544
13.791544
0.000000
12.980277
42.997169
39.752098
4.056336
0.000000
0.000000
0.000000
0.000000
0.000000
0.000000
0.000000
0.000000
0.000000
0.000000
0.000000
5.678871
7.301406
6.490139
5.678871
5.678871
4.056336
6.490139
3.245069
4.867604
4.867604
4.056336
4.056336
2.433802
3.245069
0.000000
0.000000
0.000000
0.000000
0.000000
15.414079
15.414079
11.357742
11.357742
11.357742
11.357742
11.357742
11.357742
11.357742
11.357742
11.357742
13.791544
0.811267
13.791544
6.490139
15.414079
23.526752
31.639425
0.000000
4.867604
16.225346
4.867604
6.490139
6.490139
10.981787
6.490139
6.288307
8.983296
9.881626
0.000000
2.694989
0.000000
0.898330
0.000000
2.245824
9.735208
6.490139
4.867604
4.056336
17.036613
8.923941
0.000000
0.000000
0.000000
0.000000
0.000000
0.000000
0.000000
0.000000
0.000000
0.000000
0.000000
0.000000
0.000000
0.000000
0.000000
0.000000
0.000000
0.000000
5.389977
1.347494
1.622535
1.622535
8.447069
3.057091
0.811267
0.000000
5.389977
0.000000
0.000000
1.622535
7.301406
10.546475
0.000000
0.000000
0.000000
0.000000
2.433802
0.000000
0.000000
0.000000
0.000000
0.000000
0.000000
0.000000
0.000000
0.000000
8.923941
0.000000
0.000000
16.225346
17.847881
20.281683
22.715485
13.791544
14.602812
13.791544
13.791544
12.980277
13.791544
13.791544
13.791544
28.394356
31.639425
34.884495
3.245069
0.000000
4.867604
0.000000
0.000000
0.000000
0.000000
0.000000
0.000000
0.000000
0.000000
0.000000
0.000000
0.000000
0.000000
4.056336
16.225346
0.000000
2.433802
0.000000
0.000000
1.347494
0.000000
0.000000
0.000000
0.449165
0.000000
0.000000
0.000000
0.000000
17.036613
0.000000
0.000000
11.357742
12.169010
13.791544
0.000000
0.000000
2.433802
0.000000
0.000000
0.000000
0.000000
0.000000
0.000000
0.000000
20.093706
4.056336
4.056336
0.811267
9.098065
3.781296
0.449165
15.414079
9.735208
7.562593
7.287553
0.000000
0.000000
1.347494
4.042483
0.000000
0.000000
0.000000
0.000000
0.000000
10.546475
0.000000
0.000000
1.347494
0.000000
1.622535
1.622535
7.301406
6.490139
8.112673
10.546475
13.791544
0.000000
0.000000
0.000000
0.000000
5.678871
4.867604
4.867604
7.924695
8.923941
17.036613
0.000000
5.678871
8.923941
4.867604
0.898330
7.301406
31.639425
0.811267
0.000000
13.791544
12.169010
14.602812
12.980277
0.000000
0.000000
0.000000
0.000000
0.000000
0.000000
0.000000
0.000000
0.000000
0.000000
0.000000
0.000000
0.000000
0.898330
0.000000
0.000000
0.000000
1.347494
0.000000
0.000000
10.546475
25.149286
17.036613
14.602812
12.980277
14.602812
0.000000
0.811267
1.622535
1.622535
2.433802
0.000000
0.000000
0.000000
0.000000
10.546475
3.506256
11.357742
23.526752
3.593318
28.829668
18.196131
18.659149
18.645294
19.543625
16.935698
12.169010
8.923941
16.385618
14.327771
14.602812
0.000000
0.000000
0.000000
9.735208
0.000000
0.000000
0.000000
0.000000
0.000000
4.867604
0.000000
8.112673
0.000000
0.000000
0.000000
0.000000
0.000000
0.000000
0.000000
0.811267
2.433802
4.867604
4.867604
15.414079
0.000000
0.000000
0.000000
0.000000
0.000000
0.000000
0.000000
0.000000
0.000000
0.000000
0.000000
0.000000
0.000000
14.602812
0.000000
2.433802
8.112673
0.000000
0.000000
4.867604
0.000000
8.923941
5.678871
7.649655
1.622535
18.471170
13.067340
20.341038
11.444805
15.661413
21.629177
13.488797
2.694989
7.635802
17.036613
19.442709
10.083457
10.257582
0.000000
17.210737
5.765934
0.000000
0.000000
3.245069
0.000000
0.000000
0.000000
6.490139
0.000000
0.000000
0.000000
0.000000
0.000000
0.000000
0.000000
0.811267
2.433802
14.602812
15.414079
17.036613
0.000000
0.449165
1.347494
2.694989
0.000000
3.593318
3.419194
9.258336
1.622535
5.041728
3.694234
4.491648
8.923941
7.301406
6.490139
6.490139
1.622535
0.000000
15.414079
6.490139
7.301406
7.301406
7.301406
8.112673
8.112673
7.301406
11.357742
10.546475
10.546475
0.000000
0.000000
0.000000
0.000000
0.000000
0.000000
1.622535
0.000000
0.000000
0.000000
0.000000
0.000000
0.000000
0.000000
0.000000
0.000000
0.000000
0.000000
0.000000
4.867604
5.678871
5.678871
6.490139
5.678871
4.867604
4.056336
4.056336
4.056336
3.245069
2.433802
5.678871
0.000000
0.000000
0.000000
3.245069
0.000000
0.000000
0.000000
0.811267
2.433802
2.433802
2.433802
2.433802
2.433802
5.678871
0.000000
0.000000
0.000000
3.245069
0.000000
0.000000
0.000000
5.678871
6.490139
6.490139
8.112673
8.923941
12.980277
0.000000
2.433802
3.245069
0.000000
0.000000
0.000000
0.000000
0.000000
0.000000
0.000000
0.000000
0.000000
0.000000
0.000000
0.000000
2.433802
4.056336
2.433802
0.811267
0.000000
0.000000
0.000000
0.000000
0.000000
5.678871
2.433802
4.867604
6.490139
0.000000
0.000000
7.301406
8.112673
8.923941
8.112673
7.301406
0.000000
0.000000
0.000000
0.811267
0.000000
0.000000
0.000000
0.000000
0.000000
0.000000
4.056336
0.811267
0.000000
0.000000
0.000000
0.000000
0.000000
0.000000
3.245069
0.000000
0.000000
0.000000
0.000000
0.811267
3.245069
3.245069
4.056336
8.112673
7.301406
6.490139
4.056336
2.433802
10.546475
4.867604
3.245069
3.245069
2.433802
2.433802
2.433802
1.622535
0.000000
0.000000
0.000000
14.602812
4.056336
3.245069
2.433802
1.622535
0.000000
8.923941
6.490139
5.678871
5.678871
5.678871
7.301406
8.112673
7.301406
7.301406
8.112673
8.112673
0.000000
0.000000
0.000000
0.000000
0.000000
0.000000
1.622535
1.622535
1.622535
2.433802
3.245069
3.245069
3.245069
3.245069
0.000000
0.000000
0.000000
0.000000
6.490139
7.301406
7.301406
7.301406
5.678871
1.622535
11.357742
0.000000
4.867604
5.678871
5.678871
4.867604
4.867604
4.056336
7.301406
5.678871
7.301406
8.923941
10.546475
0.000000
4.056336
1.622535
1.622535
1.622535
1.622535
1.622535
1.622535
1.622535
1.622535
1.622535
1.622535
1.622535
3.245069
0.000000
3.245069
0.000000
0.000000
0.000000
0.000000
0.000000
5.678871
0.000000
0.000000
0.811267
3.245069
0.000000
0.000000
0.000000
0.000000
0.000000
0.000000
0.000000
0.000000
0.000000
0.000000
0.000000
0.000000
0.000000
0.000000
0.000000
4.056336
5.678871
4.056336
2.433802
5.678871
5.678871
5.678871
1.622535
8.112673
4.867604
4.867604
5.678871
6.490139
7.301406
8.112673
8.112673
7.301406
3.245069
4.056336
4.867604
0.000000
0.000000
0.000000
0.000000
0.000000
0.000000
0.000000
0.000000
0.000000
0.000000
0.000000
0.000000
0.811267
0.000000
0.000000
0.000000
0.000000
0.000000
0.000000
0.000000
0.000000
0.000000
0.000000
0.000000
0.000000
0.000000
3.245069
2.433802
1.622535
3.245069
4.867604
6.490139
7.301406
0.000000
0.000000
12.169010
6.490139
1.622535
0.000000
0.000000
0.000000
0.000000
0.000000
0.000000
0.000000
0.000000
4.056336
4.056336
0.000000
0.000000
0.000000
0.000000
0.000000
0.000000
0.000000
0.000000
0.000000
0.000000
0.000000
3.245069
0.000000
0.000000
0.000000
5.678871
2.433802
1.622535
1.622535
2.433802
3.245069
3.245069
2.433802
2.433802
2.433802
5.678871
0.000000
0.000000
2.245824
0.000000
0.000000
0.000000
0.000000
7.301406
7.301406
4.867604
4.867604
4.867604
12.169010
0.000000
0.000000
0.000000
0.000000
1.622535
0.811267
0.000000
0.811267
0.811267
1.622535
0.000000
0.000000
0.000000
0.000000
0.000000
4.056336
5.678871
3.245069
0.811267
0.000000
0.000000
0.000000
0.000000
0.000000
3.245069
0.811267
4.867604
8.112673
0.000000
0.000000
9.735208
6.490139
4.867604
2.433802
0.000000
1.622535
0.811267
1.622535
5.678871
0.000000
0.000000
0.000000
0.000000
0.000000
0.000000
4.056336
0.811267
0.000000
0.000000
0.000000
0.000000
4.056336
8.923941
14.602812
6.490139
8.112673
0.000000
0.000000
0.000000
0.000000
0.000000
0.000000
0.000000
3.245069
29.205624
14.602812
0.000000
4.867604
0.000000
0.000000
0.898330
0.000000
0.000000
0.000000
0.000000
0.000000
0.000000
0.811267
3.245069
0.000000
0.000000
0.000000
0.000000
0.000000
4.056336
0.000000
0.000000
0.000000
0.000000
0.000000
0.000000
0.000000
0.000000
0.000000
0.000000
10.546475
4.056336
0.000000
2.433802
0.000000
0.000000
12.169010
11.357742
9.735208
8.923941
7.301406
6.490139
4.867604
4.056336
5.678871
4.056336
0.811267
4.867604
0.000000
0.000000
0.000000
0.000000
0.000000
0.000000
4.867604
0.000000
0.000000
0.000000
0.000000
0.000000
0.000000
0.811267
0.811267
4.056336
5.678871
6.490139
8.923941
0.000000
0.000000
0.000000
0.000000
0.000000
0.000000
0.000000
0.000000
0.000000
0.000000
0.000000
0.000000
1.622535
0.000000
0.000000
0.000000
0.000000
0.000000
0.000000
0.000000
0.000000
0.811267
0.000000
0.000000
0.000000
0.000000
0.000000
0.449165
2.245824
0.449165
0.000000
0.000000
1.796659
0.000000
0.000000
0.000000
0.000000
0.000000
0.000000
0.000000
0.000000
8.112673
8.923941
6.490139
5.678871
5.678871
6.490139
7.301406
3.245069
9.735208
6.490139
6.490139
7.301406
8.112673
8.923941
9.735208
4.867604
1.622535
0.000000
1.622535
0.000000
1.622535
1.622535
0.811267
0.811267
0.811267
0.000000
0.000000
0.000000
0.000000
0.000000
0.000000
0.000000
1.622535
0.000000
0.000000
0.000000
8.112673
12.169010
4.056336
9.735208
9.735208
10.546475
11.357742
12.980277
14.602812
18.659149
11.357742
16.225346
17.036613
0.000000
0.000000
0.000000
0.000000
0.000000
0.000000
7.301406
0.811267
0.000000
0.000000
0.000000
0.000000
0.000000
0.000000
0.000000
0.000000
0.000000
0.000000
0.000000
5.678871
6.490139
7.301406
9.735208
8.923941
8.112673
7.301406
6.490139
5.678871
4.867604
4.867604
8.112673
0.000000
0.000000
1.622535
5.678871
5.678871
5.678871
4.867604
4.056336
4.056336
3.245069
2.433802
0.811267
0.000000
0.000000
0.000000
0.000000
0.000000
5.678871
1.622535
0.000000
0.000000
7.301406
11.357742
12.169010
14.602812
16.225346
17.036613
0.000000
0.811267
6.490139
0.000000
0.000000
0.000000
0.000000
0.000000
0.000000
0.000000
0.449165
0.000000
0.000000
0.000000
0.000000
10.546475
6.490139
4.056336
0.811267
0.000000
0.000000
0.000000
0.000000
0.000000
2.433802
6.490139
8.923941
11.357742
0.000000
0.000000
15.414079
14.602812
14.602812
14.602812
13.791544
0.000000
0.000000
0.000000
0.000000
4.867604
0.000000
0.000000
0.000000
0.000000
0.000000
0.000000
0.000000
0.000000
0.000000
0.000000
0.000000
0.000000
8.112673
10.546475
8.923941
7.301406
0.000000
0.000000
4.056336
4.867604
5.678871
6.490139
7.301406
7.301406
6.490139
8.112673
7.301406
7.301406
5.678871
5.678871
5.678871
7.026365
5.678871
5.678871
3.245069
0.811267
0.000000
0.000000
17.847881
15.414079
14.602812
12.980277
11.357742
10.546475
12.169010
12.169010
11.357742
11.357742
12.169010
13.791544
14.602812
17.036613
20.281683
10.546475
16.225346
0.000000
0.000000
0.000000
0.000000
0.000000
0.000000
8.923941
7.301406
6.490139
5.678871
4.867604
4.867604
4.867604
4.867604
0.000000
0.000000
0.000000
0.000000
6.490139
9.735208
10.546475
10.546475
9.735208
8.923941
9.735208
8.112673
8.112673
8.112673
7.301406
7.301406
7.301406
8.112673
7.301406
10.546475
11.357742
10.546475
12.980277
0.000000
0.000000
0.000000
0.000000
0.000000
0.000000
0.000000
0.000000
0.000000
0.000000
0.000000
0.000000
1.622535
0.000000
0.000000
0.000000
0.000000
0.000000
0.000000
0.000000
4.056336
0.000000
1.622535
3.245069
4.867604
7.301406
0.000000
0.000000
4.042483
0.000000
0.000000
0.000000
0.000000
0.000000
0.000000
0.000000
0.000000
0.000000
0.000000
0.000000
0.000000
10.546475
8.923941
7.301406
6.490139
6.490139
8.112673
8.923941
8.112673
8.923941
8.112673
8.112673
8.923941
10.546475
12.980277
13.791544
11.357742
10.546475
9.735208
10.546475
12.980277
0.000000
0.000000
0.000000
0.000000
0.000000
0.000000
0.000000
0.000000
0.000000
0.000000
0.000000
0.000000
0.000000
0.000000
0.000000
0.000000
8.112673
8.112673
6.490139
0.811267
0.811267
1.622535
0.811267
0.811267
1.622535
7.301406
0.000000
0.000000
0.000000
0.000000
0.000000
0.000000
0.000000
0.000000
0.000000
0.000000
0.000000
1.622535
3.245069
8.923941
16.225346
0.000000
3.245069
13.791544
0.000000
3.245069
0.000000
0.000000
0.000000
0.000000
0.000000
0.811267
0.000000
0.000000
0.000000
0.000000
0.811267
0.811267
1.622535
4.867604
0.000000
4.056336
9.735208
0.000000
1.622535
3.245069
2.433802
0.811267
0.000000
0.000000
1.622535
0.000000
0.000000
0.000000
0.000000
4.867604
0.000000
21.092951
0.000000
0.000000
8.112673
12.980277
8.112673
12.169010
14.602812
17.847881
0.000000
0.000000
0.000000
1.622535
4.056336
0.000000
5.678871
13.791544
0.000000
1.796659
1.622535
0.000000
0.000000
2.694989
0.000000
0.000000
17.036613
3.245069
1.622535
0.000000
0.000000
0.000000
0.000000
0.000000
0.000000
15.414079
20.281683
15.414079
10.546475
0.000000
3.245069
0.000000
6.490139
10.546475
10.546475
11.357742
0.000000
0.000000
0.000000
0.000000
2.433802
1.622535
2.882967
3.245069
3.245069
6.490139
0.000000
0.000000
0.000000
8.923941
21.092951
4.867604
0.000000
0.000000
0.000000
10.546475
9.735208
0.000000
0.000000
0.000000
0.000000
0.000000
0.000000
9.735208
0.000000
0.000000
13.791544
12.169010
0.000000
0.811267
3.245069
5.678871
8.112673
10.546475
10.546475
8.923941
6.490139
1.622535
0.000000
4.867604
12.980277
9.735208
6.490139
3.245069
3.245069
0.000000
0.000000
0.000000
0.000000
0.000000
0.000000
0.000000
0.000000
2.433802
0.000000
0.000000
0.000000
0.000000
12.169010
0.000000
0.000000
0.000000
0.000000
0.000000
1.622535
10.546475
21.092951
22.715485
24.338020
25.960554
0.000000
0.000000
0.000000
0.000000
0.000000
0.000000
0.811267
0.811267
2.433802
8.112673
0.000000
8.923941
1.622535
0.811267
0.811267
0.811267
0.000000
0.000000
18.659149
0.000000
0.000000
1.622535
4.867604
0.000000
0.000000
0.000000
0.000000
0.000000
0.000000
0.000000
0.000000
0.000000
0.000000
0.000000
0.000000
0.000000
13.791544
4.867604
0.000000
0.000000
0.000000
3.245069
1.622535
0.000000
0.000000
2.433802
1.622535
0.811267
0.000000
0.000000
0.000000
0.000000
0.000000
0.000000
4.056336
0.000000
0.000000
0.000000
0.000000
0.000000
3.144154
0.000000
7.301406
4.056336
8.923941
4.867604
4.056336
0.000000
17.036613
9.735208
4.056336
8.923941
0.000000
4.056336
4.056336
4.056336
4.867604
6.490139
12.169010
17.036613
21.904217
0.000000
0.000000
0.000000
0.000000
0.000000
0.000000
0.000000
0.000000
0.000000
0.000000
0.000000
0.000000
0.000000
3.245069
8.923941
0.000000
0.000000
4.056336
12.169010
0.000000
0.000000
5.678871
2.245824
2.245824
2.245824
2.245824
0.000000
0.000000
0.000000
0.000000
0.000000
0.000000
32.450691
35.695763
38.129562
38.940830
33.261959
34.884495
23.526752
24.338020
23.526752
24.338020
24.338020
21.904217
32.450691
26.771822
22.715485
0.000000
0.000000
4.056336
8.923941
0.000000
0.000000
0.000000
0.000000
0.000000
0.000000
0.000000
0.000000
0.000000
0.000000
0.000000
0.000000
0.000000
1.622535
0.000000
14.602812
8.923941
6.490139
6.490139
7.301406
8.923941
8.112673
6.490139
4.867604
4.056336
10.546475
0.000000
0.000000
0.000000
7.301406
13.791544
21.904217
0.000000
0.000000
0.000000
0.000000
0.000000
0.000000
0.000000
3.144154
5.839142
0.000000
11.357742
20.281683
12.980277
6.490139
14.602812
11.357742
14.602812
1.622535
3.245069
4.867604
8.112673
16.225346
0.000000
0.000000
0.000000
0.000000
0.000000
0.000000
0.000000
0.000000
0.000000
0.000000
0.000000
0.000000
0.000000
5.678871
4.867604
6.490139
4.867604
7.301406
10.546475
14.602812
0.000000
0.000000
0.000000
0.000000
0.000000
0.000000
0.000000
0.000000
0.000000
0.000000
7.301406
1.622535
0.000000
0.000000
0.000000
0.000000
21.092951
30.828157
30.016891
8.112673
8.923941
22.715485
23.526752
7.635802
6.288307
7.186637
4.042483
0.000000
0.000000
0.000000
3.144154
0.000000
0.811267
0.000000
0.449165
0.000000
0.000000
0.000000
0.000000
0.000000
0.000000
0.000000
0.000000
19.470415
0.000000
0.000000
0.000000
0.000000
0.000000
0.811267
0.000000
0.000000
0.000000
0.811267
0.000000
0.000000
0.811267
3.245069
0.000000
0.000000
58.411247
44.619701
0.000000
43.808434
38.129562
40.563366
27.583088
25.960554
23.526752
20.281683
14.602812
17.036613
20.281683
22.715485
4.867604
5.678871
6.490139
12.980277
0.000000
0.000000
0.000000
0.000000
0.000000
0.000000
0.000000
0.000000
0.000000
0.000000
0.000000
0.000000
0.000000
0.000000
0.000000
0.000000
0.000000
0.000000
0.000000
0.000000
8.112673
3.245069
4.056336
20.281683
18.659149
17.847881
14.602812
14.602812
11.357742
12.169010
10.546475
25.149286
17.847881
5.678871
27.583088
23.526752
22.715485
0.000000
0.000000
21.904217
25.960554
2.433802
0.000000
0.000000
0.000000
20.281683
23.526752
21.092951
20.281683
17.036613
4.056336
15.414079
16.225346
18.659149
5.678871
7.301406
8.923941
10.546475
9.735208
0.000000
0.000000
0.449165
2.245824
3.245069
0.000000
0.000000
0.000000
0.000000
1.622535
0.000000
0.000000
0.000000
0.000000
0.000000
0.000000
0.000000
0.000000
17.036613
18.659149
20.281683
0.000000
0.000000
0.000000
0.000000
0.000000
0.811267
3.245069
3.245069
3.245069
2.433802
0.811267
0.000000
0.000000
0.000000
0.000000
0.000000
38.940830
38.940830
14.602812
26.771822
30.828157
34.884495
38.129562
46.416359
55.340302
72.289856
46.764610
58.383537
59.905159
23.356569
9.432461
23.356569
26.051559
18.415756
0.000000
13.474944
16.619099
8.983296
0.000000
4.042483
1.347494
0.000000
0.000000
0.000000
0.000000
0.000000
0.000000
0.000000
36.507030
33.261959
28.394356
25.149286
22.715485
21.092951
29.205624
29.205624
26.771822
24.338020
20.281683
7.026365
7.548739
28.394356
27.931339
33.248108
33.711124
38.940830
39.389996
37.565628
27.583088
31.639425
20.006643
41.071884
19.108315
34.059376
24.049126
51.416531
58.355835
23.875002
23.063734
16.037369
25.208641
3.781296
7.026365
19.470415
29.654789
29.205624
19.470415
29.205624
31.639425
34.884495
5.839142
1.347494
0.000000
4.940813
3.593318
6.737472
0.000000
3.144154
1.796659
7.635802
0.000000
1.622535
0.000000
0.000000
0.000000
0.000000
0.000000
0.000000
0.000000
0.000000
1.622535
2.433802
0.811267
0.000000
0.449165
9.822270
4.867604
3.593318
1.796659
3.144154
2.694989
1.796659
11.343889
13.951815
27.569237
36.144928
23.526752
19.731602
6.389223
0.000000
0.000000
1.796659
4.491648
1.347494
0.000000
0.000000
2.694989
0.000000
0.000000
0.000000
0.000000
0.000000
0.000000
0.000000
5.839142
51.109840
51.921108
43.808434
43.446335
37.318298
53.529789
46.026554
67.742790
59.442139
84.737846
46.315445
41.984070
48.721542
45.013454
39.261372
39.710537
33.261959
35.695763
35.594845
40.897762
11.357742
4.867604
7.301406
10.546475
12.980277
14.602812
23.526752
34.073227
44.619701
38.940830
38.940830
42.185902
44.619701
54.354912
71.391525
43.808434
71.391525
9.098065
11.779201
12.169010
0.000000
8.534131
5.389977
0.000000
0.000000
5.389977
1.796659
0.000000
0.000000
0.000000
0.000000
0.000000
0.000000
4.491648
0.000000
34.884495
32.450691
44.243748
31.712635
35.507782
32.436840
47.837067
43.244503
37.854527
37.318298
38.014793
30.828157
29.278833
31.712635
36.103367
26.294950
14.689874
9.098065
7.186637
4.940813
3.245069
0.000000
0.000000
3.144154
0.000000
0.000000
0.000000
1.796659
0.000000
0.000000
0.000000
29.205624
17.036613
13.791544
20.281683
25.222496
24.947456
37.318298
37.318298
34.595600
46.026554
26.771822
28.119316
40.622723
50.156097
0.000000
12.127450
4.491648
9.881626
0.000000
0.000000
3.144154
8.084967
3.245069
0.000000
0.000000
0.000000
0.000000
0.000000
0.000000
0.000000
0.000000
0.000000
0.000000
0.000000
0.000000
4.491648
0.000000
0.000000
0.000000
18.864922
2.245824
3.593318
0.000000
13.662922
5.839142
12.155156
0.000000
8.373859
0.449165
33.610210
36.144928
40.563366
34.522392
30.828157
19.470415
6.490139
4.867604
3.245069
2.433802
0.000000
0.000000
0.000000
0.000000
0.000000
0.000000
0.000000
0.000000
0.000000
0.000000
0.000000
2.433802
2.433802
4.867604
4.867604
7.301406
9.735208
12.980277
18.659149
66.523918
78.853203
95.687981
95.775047
100.266693
89.894341
96.920708
96.993919
89.953697
96.356781
91.388252
109.222290
101.833817
110.496567
92.286583
72.078110
63.080963
62.980045
57.053841
34.742020
33.307465
31.657223
24.397375
7.301406
12.169010
16.371765
11.357742
9.735208
12.169010
8.923941
12.169010
12.169010
10.546475
14.602812
16.225346
11.357742
10.546475
8.923941
12.980277
12.980277
17.036613
16.225346
22.078342
24.947456
31.451448
14.602812
16.848637
19.717749
26.033764
31.176407
46.851673
12.315428
13.864754
11.692139
15.661413
9.982541
5.316769
6.476285
10.083457
12.416344
8.923941
24.571499
40.810699
26.308804
28.394356
40.347683
45.027306
34.421474
40.622723
43.853935
35.901535
33.669563
21.775597
18.095215
14.025024
16.284702
11.678285
9.272190
7.736717
11.880116
13.227611
7.301406
8.112673
7.301406
4.143399
11.357742
0.811267
9.735208
19.470415
26.771822
24.338020
30.828157
30.828157
9.735208
6.490139
11.893970
8.011757
11.357742
6.490139
15.762329
11.981031
12.169010
12.169010
23.164650
21.904217
4.867604
5.852996
7.186637
4.940813
55.065262
37.318298
41.997921
19.630686
20.891119
21.674679
25.267998
0.000000
0.000000
2.607927
12.329281
10.546475
17.847881
18.109068
24.338020
21.092951
33.885250
22.527508
18.659149
24.672415
29.874416
28.902876
17.746965
38.986336
31.946114
46.012699
28.004547
68.742035
37.363800
40.434746
17.834026
21.803303
18.558231
28.554626
20.281683
12.980277
15.414079
14.602812
14.602812
12.169010
13.791544
13.791544
28.394356
26.771822
91.760269
74.636597
20.281683
81.937996
94.138657
97.658768
77.070396
91.384315
93.212624
100.165779
59.831951
88.922806
81.290947
101.861519
14.213002
49.592163
38.990276
60.546242
2.433802
23.136944
32.656464
32.019325
15.414079
12.980277
13.516504
20.341038
12.169010
12.169010
12.980277
12.169010
13.791544
15.414079
17.847881
22.715485
21.904217
33.261959
28.394356
41.722881
42.983315
42.272964
33.436085
36.131073
42.231403
31.785843
33.046276
26.831177
33.307465
30.076248
32.959213
17.036613
17.847881
14.676021
21.092951
25.960554
29.741850
2.433802
0.000000
9.735208
4.679626
5.678871
0.000000
13.227611
10.330791
31.322826
35.901535
34.104874
33.916901
33.018570
28.746548
39.393936
37.858467
31.047783
46.434158
50.765533
51.837990
45.636742
37.437008
37.450863
23.136944
45.925636
29.338188
31.437593
12.343135
19.181522
9.011003
4.056336
9.735208
2.433802
2.433802
2.433802
3.245069
5.678871
8.561837
13.154402
12.980277
27.583088
31.625572
44.229893
5.678871
10.546475
15.125185
23.499046
15.414079
18.659149
25.497536
25.946701
25.410473
20.281683
20.904974
10.995640
4.853751
1.347494
8.084967
5.839142
51.994316
51.907257
30.525412
4.042483
4.491648
4.491648
6.476285
13.415588
20.441954
26.469074
33.261959
34.884495
30.016891
38.940830
25.960554
30.828157
35.695763
9.735208
14.602812
12.980277
10.546475
8.112673
6.490139
8.112673
11.357742
0.000000
0.000000
0.000000
0.000000
0.000000
17.847881
17.036613
0.000000
0.000000
0.000000
0.000000
0.000000
0.000000
0.811267
7.301406
15.414079
17.036613
14.602812
0.000000
0.000000
6.490139
0.000000
28.394356
17.847881
8.112673
8.112673
10.546475
13.791544
12.980277
10.546475
8.923941
7.301406
21.092951
0.000000
0.000000
0.000000
0.811267
8.923941
17.036613
0.000000
0.000000
0.000000
0.000000
0.000000
0.000000
5.678871
5.678871
0.000000
9.735208
23.526752
40.563366
17.036613
14.602812
1.622535
6.490139
11.357742
0.000000
0.000000
1.622535
5.678871
23.526752
0.000000
0.000000
0.000000
0.000000
0.000000
0.000000
0.000000
0.000000
0.000000
12.169010
0.000000
0.000000
0.000000
3.245069
7.301406
0.000000
0.000000
0.000000
0.000000
0.000000
5.678871
4.867604
4.867604
17.847881
0.000000
0.000000
0.000000
0.000000
0.000000
0.000000
12.980277
1.622535
0.000000
0.000000
0.000000
0.000000
17.036613
28.394356
30.828157
0.000000
0.000000
7.301406
10.546475
0.000000
0.000000
0.000000
0.000000
12.256072
32.450691
44.619701
12.169010
4.867604
27.583088
12.169010
12.169010
15.414079
11.357742
4.056336
1.622535
3.245069
6.490139
11.357742
17.036613
27.583088
0.000000
0.000000
0.000000
0.000000
0.000000
10.546475
3.245069
4.056336
4.867604
8.923941
14.602812
21.180012
22.165403
21.977427
2.694989
10.720600
69.768990
37.318298
0.000000
39.752098
16.225346
23.526752
15.414079
12.980277
9.735208
8.112673
10.546475
10.546475
10.546475
11.357742
4.867604
13.791544
8.112673
26.771822
0.000000
0.000000
0.000000
0.000000
0.000000
0.000000
21.092951
0.000000
2.433802
10.546475
10.546475
8.112673
8.112673
2.433802
14.602812
0.000000
0.000000
0.000000
0.000000
0.000000
17.847881
8.112673
8.112673
8.112673
8.112673
8.112673
8.112673
8.112673
8.112673
8.112673
7.301406
23.526752
17.847881
0.000000
25.149286
27.583088
25.960554
0.000000
8.112673
0.000000
45.430969
0.000000
0.000000
4.056336
8.112673
28.394356
32.450691
14.602812
15.414079
12.980277
0.000000
9.735208
11.357742
14.602812
0.000000
0.811267
4.056336
8.112673
0.000000
0.000000
0.000000
0.000000
0.000000
0.000000
5.678871
0.811267
0.000000
0.000000
8.112673
0.000000
0.000000
0.000000
0.000000
0.000000
0.000000
0.811267
3.245069
0.000000
0.000000
0.000000
0.000000
0.000000
0.000000
0.000000
0.000000
0.000000
0.000000
0.000000
0.000000
0.000000
0.000000
0.000000
5.678871
0.000000
0.000000
0.000000
32.450691
36.507030
0.000000
4.404586
4.853751
4.042483
3.593318
0.000000
0.000000
0.000000
0.000000
0.000000
0.000000
17.036613
18.659149
21.092951
25.960554
17.847881
36.507030
0.000000
8.923941
24.338020
29.205624
28.394356
25.149286
54.354912
56.238632
51.921108
0.000000
8.534131
13.053486
9.171274
16.169933
20.574520
25.804226
37.047199
27.078510
30.048538
33.628006
39.467148
13.387881
12.576614
24.704065
17.966593
36.507030
12.155156
18.617588
11.229120
0.898330
0.000000
0.000000
0.000000
0.898330
0.000000
0.000000
0.000000
0.000000
0.000000
14.602812
0.000000
0.000000
24.338020
35.695763
39.752098
50.298573
0.000000
0.000000
0.000000
0.000000
0.000000
0.000000
22.715485
6.490139
0.000000
30.016891
17.847881
11.357742
1.622535
17.847881
9.735208
3.245069
16.225346
12.169010
11.357742
21.092951
33.261959
8.084967
6.664263
6.490139
21.702385
25.831932
19.080606
9.634293
13.227611
18.819420
13.937963
6.288307
1.622535
0.000000
30.191015
29.017647
0.000000
0.000000
1.347494
9.735208
20.281683
0.000000
0.898330
0.000000
0.000000
0.000000
1.347494
5.678871
7.301406
14.602812
23.526752
8.112673
8.112673
13.791544
12.169010
8.923941
34.884495
26.771822
13.791544
5.678871
11.357742
4.056336
60.033783
51.109840
16.995054
0.811267
13.300819
16.357912
2.694989
0.000000
0.000000
6.737472
0.000000
0.000000
0.000000
4.491648
0.000000
0.000000
0.000000
2.694989
0.000000
0.000000
0.000000
0.000000
10.546475
14.602812
8.923941
2.433802
0.000000
0.000000
0.000000
0.000000
0.000000
0.000000
0.000000
0.000000
0.000000
0.000000
0.000000
0.000000
0.000000
29.205624
30.828157
35.695763
38.129562
29.205624
47.053505
0.000000
0.000000
0.000000
0.811267
0.000000
2.433802
8.923941
14.602812
5.839142
0.000000
0.000000
20.281683
24.254900
13.025780
22.009075
17.966593
21.023684
19.951229
34.787521
29.933771
14.025024
20.400394
22.907406
27.848219
0.000000
2.245824
7.186637
12.127450
0.000000
0.000000
0.000000
30.016891
12.169010
10.546475
10.546475
10.546475
14.602812
17.847881
25.149286
28.394356
29.205624
28.394356
32.711880
27.555382
10.445560
52.443481
38.014793
34.884495
26.858883
43.941002
25.107727
47.864773
45.504181
32.973064
26.033764
13.791544
4.867604
42.997169
37.318298
35.695763
34.884495
30.828157
35.695763
24.338020
20.281683
16.225346
30.828157
25.960554
24.338020
30.727242
20.891119
41.910862
18.008152
22.760986
34.641102
39.609623
25.831932
19.181522
21.862658
24.644709
8.983296
3.144154
0.449165
5.389977
0.000000
0.000000
0.000000
0.000000
0.000000
28.394356
32.450691
34.884495
0.000000
0.000000
0.000000
0.000000
4.867604
5.678871
7.301406
5.678871
5.678871
4.867604
1.622535
0.000000
21.092951
21.092951
25.149286
34.073227
12.169010
10.546475
27.583088
4.867604
4.867604
5.678871
5.678871
5.678871
5.678871
4.056336
8.112673
5.678871
4.867604
0.000000
0.000000
0.000000
0.000000
7.301406
0.000000
13.791544
4.867604
12.169010
0.000000
0.000000
0.000000
0.000000
0.000000
0.000000
0.000000
0.000000
0.000000
0.000000
8.112673
7.301406
5.678871
4.867604
5.678871
7.301406
8.112673
5.678871
3.245069
2.433802
1.622535
0.000000
5.678871
1.622535
1.622535
0.000000
0.000000
0.000000
0.000000
0.000000
0.000000
0.000000
0.000000
0.000000
0.000000
1.622535
3.245069
8.112673
10.546475
4.056336
2.433802
0.811267
4.867604
0.000000
0.000000
0.000000
0.000000
0.000000
2.433802
8.923941
8.112673
8.112673
0.000000
0.000000
2.433802
0.000000
4.867604
1.622535
0.811267
1.622535
0.000000
0.000000
0.000000
1.622535
0.000000
0.000000
0.000000
0.000000
0.000000
0.000000
0.000000
0.000000
4.867604
0.000000
0.000000
0.000000
0.000000
2.433802
0.000000
1.622535
0.000000
0.000000
0.000000
0.000000
3.245069
3.245069
3.245069
4.056336
8.112673
4.867604
5.678871
2.433802
5.678871
4.056336
4.867604
4.056336
4.867604
4.056336
0.000000
1.622535
0.000000
0.000000
0.000000
0.000000
0.000000
0.000000
0.000000
9.735208
8.923941
9.735208
10.546475
0.000000
3.245069
5.678871
1.622535
2.433802
0.811267
2.433802
2.433802
1.622535
1.622535
0.811267
0.811267
1.622535
2.433802
3.245069
4.867604
0.000000
0.811267
1.622535
2.433802
3.245069
4.867604
3.332131
3.245069
4.056336
4.056336
4.867604
2.433802
0.000000
0.000000
0.000000
2.433802
2.433802
0.000000
0.000000
0.000000
0.000000
0.000000
7.301406
0.000000
12.169010
0.000000
6.490139
0.000000
0.000000
0.000000
0.000000
1.622535
0.000000
0.000000
0.000000
8.112673
6.490139
5.678871
5.678871
5.678871
6.490139
3.245069
5.678871
4.056336
4.056336
4.056336
3.245069
4.056336
8.112673
0.000000
6.490139
3.245069
0.811267
0.000000
5.678871
1.622535
1.622535
1.622535
1.622535
1.622535
1.622535
1.622535
1.622535
1.622535
1.622535
1.622535
0.811267
0.000000
4.056336
0.811267
1.622535
2.433802
8.112673
6.490139
8.112673
6.490139
7.301406
7.301406
8.112673
8.923941
0.000000
3.245069
0.811267
4.867604
0.000000
2.433802
0.000000
0.000000
0.000000
0.000000
0.000000
0.000000
0.000000
0.000000
2.433802
0.000000
0.000000
0.000000
2.433802
0.000000
0.000000
0.000000
0.000000
0.000000
0.000000
0.000000
0.000000
0.000000
0.000000
1.622535
0.000000
2.433802
3.245069
5.678871
1.622535
12.169010
8.112673
10.546475
8.923941
8.923941
5.678871
4.867604
3.245069
3.245069
2.433802
1.622535
0.000000
2.433802
1.622535
0.811267
0.000000
0.000000
0.000000
0.000000
2.433802
2.433802
5.678871
4.056336
6.490139
6.490139
12.980277
0.000000
0.000000
0.000000
8.534131
0.000000
0.000000
0.000000
6.288307
0.000000
0.000000
0.000000
0.000000
0.000000
0.000000
0.000000
0.000000
0.000000
0.000000
0.000000
6.490139
0.000000
0.000000
4.867604
4.056336
3.245069
1.622535
0.000000
0.000000
0.000000
0.000000
0.811267
0.811267
0.811267
0.811267
0.000000
2.433802
2.433802
9.735208
8.112673
7.301406
6.490139
10.546475
8.923941
14.602812
10.546475
10.546475
7.301406
7.301406
4.056336
11.357742
6.490139
4.867604
0.811267
0.811267
3.245069
10.546475
7.301406
10.546475
12.980277
14.602812
0.000000
6.490139
0.000000
8.923941
4.056336
7.301406
4.056336
5.765934
0.811267
3.144154
6.302160
3.593318
0.000000
2.694989
5.839142
1.347494
11.357742
3.245069
1.622535
0.000000
0.000000
0.000000
0.000000
0.000000
0.000000
11.357742
13.791544
11.357742
8.112673
0.000000
4.056336
0.000000
7.301406
0.811267
1.622535
0.000000
4.056336
4.056336
4.056336
6.490139
6.490139
4.056336
5.678871
6.751325
1.622535
1.622535
0.000000
0.000000
0.000000
2.433802
10.546475
0.000000
0.000000
0.000000
4.056336
1.622535
2.433802
5.389977
13.474944
0.000000
0.000000
0.000000
0.000000
2.433802
0.000000
0.000000
11.357742
9.996395
13.951815
1.622535
3.245069
8.460922
15.922600
8.112673
8.112673
8.923941
10.546475
8.923941
8.112673
0.000000
0.000000
0.000000
0.000000
0.000000
0.000000
0.000000
0.000000
0.000000
0.000000
0.000000
0.000000
0.000000
0.000000
4.056336
0.000000
0.000000
0.000000
0.000000
6.490139
0.000000
0.000000
0.000000
0.000000
0.000000
0.000000
0.811267
4.867604
4.056336
2.433802
1.622535
0.000000
0.811267
3.245069
0.000000
0.000000
3.245069
2.433802
2.433802
1.622535
0.000000
4.056336
0.000000
0.811267
1.622535
1.622535
1.622535
0.811267
0.000000
8.112673
0.000000
0.000000
0.000000
1.622535
0.000000
0.000000
0.000000
0.000000
0.000000
0.000000
0.000000
0.000000
0.000000
0.000000
0.000000
0.000000
6.490139
14.602812
0.000000
0.000000
0.000000
0.000000
6.490139
8.923941
0.000000
0.000000
3.245069
7.301406
10.546475
11.357742
2.882967
3.144154
0.449165
0.000000
3.593318
0.449165
0.000000
0.000000
3.245069
0.000000
0.000000
0.000000
0.000000
6.490139
0.000000
4.056336
4.867604
3.245069
0.000000
8.112673
5.678871
4.056336
2.433802
5.678871
4.056336
4.056336
4.056336
4.867604
4.867604
8.112673
8.923941
9.735208
6.490139
4.867604
8.112673
7.301406
12.169010
13.777691
14.602812
13.791544
17.847881
18.283192
15.414079
8.923941
8.923941
1.622535
6.490139
0.000000
0.000000
0.000000
7.301406
6.490139
0.811267
0.000000
6.490139
6.490139
7.301406
7.301406
7.301406
6.490139
0.000000
30.016891
16.225346
12.169010
0.000000
0.000000
4.867604
10.546475
0.000000
0.000000
0.000000
0.000000
0.000000
0.000000
0.000000
0.000000
1.347494
13.025780
11.229120
14.749229
11.229120
35.351456
25.790371
29.512312
19.442709
29.136356
34.338356
29.759647
20.153061
32.193447
39.554207
27.238781
13.575860
23.095383
25.877434
26.716408
10.605831
19.502064
13.025780
3.593318
0.898330
9.881626
6.288307
3.144154
0.000000
7.635802
4.042483
1.796659
0.811267
26.569990
2.694989
11.357742
1.796659
6.737472
11.444805
0.000000
1.347494
4.491648
0.000000
0.000000
0.000000
17.847881
21.092951
14.602812
12.169010
1.347494
4.056336
0.000000
2.433802
6.737472
0.000000
0.000000
0.898330
15.720768
0.000000
1.622535
15.661413
21.559910
0.000000
0.000000
8.084967
26.949888
7.186637
0.449165
8.084967
25.717163
2.694989
0.000000
0.449165
8.084967
4.505501
1.622535
0.000000
1.347494
0.898330
0.000000
0.000000
9.735208
9.909332
6.128036
1.622535
9.373105
7.026365
7.113428
2.433802
7.649655
7.562593
2.607927
0.000000
11.229120
5.389977
4.491648
11.330036
22.412739
5.389977
3.593318
9.432461
5.839142
8.809172
7.910842
17.572840
14.602812
16.399471
16.312408
7.301406
14.602812
21.092951
0.000000
0.000000
0.000000
2.433802
0.000000
0.000000
0.000000
0.000000
0.000000
0.000000
0.000000
0.000000
5.678871
0.000000
0.000000
3.245069
6.490139
8.923941
12.980277
6.490139
9.735208
11.357742
12.980277
13.791544
11.357742
7.301406
5.678871
0.811267
4.056336
0.000000
8.923941
8.923941
0.000000
14.602812
0.000000
0.000000
0.000000
0.000000
0.000000
0.000000
9.881626
0.000000
0.000000
0.000000
30.208813
0.000000
0.898330
19.456562
46.232327
18.269339
7.301406
9.634293
27.513821
24.470585
7.012512
24.470585
19.153816
23.732525
15.647558
24.181690
11.605076
25.455975
8.534131
26.166328
4.867604
1.622535
0.000000
18.631443
1.260432
1.622535
1.622535
6.563348
6.114183
3.419194
9.258336
9.707501
11.054996
12.851655
19.502064
7.635802
10.330791
27.339697
20.574520
14.038877
21.789448
22.834196
26.166328
0.000000
17.036613
27.903629
24.933601
19.470415
18.659149
12.792299
4.867604
8.112673
5.678871
0.811267
2.433802
0.000000
0.000000
0.000000
0.811267
0.000000
0.000000
3.245069
0.000000
4.056336
0.000000
0.000000
0.000000
3.245069
0.000000
0.000000
0.000000
0.000000
0.000000
0.000000
0.000000
0.000000
0.000000
0.811267
0.000000
0.000000
0.000000
0.000000
0.000000
0.000000
15.139038
11.357742
9.735208
7.301406
10.706746
3.245069
1.622535
0.000000
7.635802
1.796659
3.144154
2.245824
21.963573
9.808416
6.288307
7.186637
4.491648
2.245824
4.940813
12.169010
13.791544
14.602812
13.791544
13.791544
14.602812
14.602812
10.546475
10.546475
8.923941
0.000000
0.000000
0.000000
0.000000
0.000000
0.000000
0.000000
0.000000
0.000000
0.000000
0.000000
0.000000
0.000000
0.000000
0.000000
0.000000
0.000000
0.000000
0.000000
14.602812
13.791544
12.169010
12.169010
11.357742
10.546475
9.735208
8.112673
6.490139
5.678871
3.245069
0.000000
13.791544
8.923941
2.433802
4.867604
3.245069
2.433802
2.433802
2.433802
3.245069
5.678871
8.923941
10.546475
9.735208
9.735208
0.000000
0.000000
0.811267
0.811267
1.622535
1.622535
23.526752
0.000000
0.000000
0.000000
0.000000
0.000000
0.000000
25.149286
22.715485
19.470415
0.000000
0.449165
0.449165
0.000000
0.000000
0.000000
0.000000
0.000000
0.000000
0.000000
4.056336
12.980277
0.000000
0.000000
0.000000
0.000000
0.000000
0.000000
0.000000
0.000000
0.000000
0.000000
0.000000
0.000000
0.000000
14.602812
13.791544
0.000000
0.000000
0.000000
0.000000
0.811267
0.000000
0.000000
0.000000
3.245069
0.000000
0.000000
0.000000
0.000000
0.000000
0.000000
0.000000
0.000000
0.000000
0.000000
0.000000
3.245069
0.000000
0.000000
0.000000
0.000000
0.000000
0.000000
0.000000
26.771822
24.338020
21.092951
17.847881
10.546475
12.980277
14.602812
8.112673
6.490139
10.546475
7.301406
6.490139
5.678871
4.867604
4.867604
4.867604
4.867604
4.867604
4.867604
6.490139
8.923941
1.622535
1.622535
1.622535
1.622535
0.000000
6.490139
6.490139
8.923941
9.735208
10.546475
9.735208
9.735208
11.357742
12.980277
7.301406
8.923941
0.000000
0.000000
1.622535
0.000000
0.000000
0.000000
0.000000
0.000000
0.000000
0.000000
0.000000
0.000000
0.000000
0.000000
0.000000
0.000000
0.000000
0.000000
14.602812
14.602812
13.791544
12.980277
11.357742
8.923941
13.791544
6.490139
9.735208
9.735208
8.923941
8.112673
6.490139
7.301406
0.811267
0.811267
0.000000
0.000000
0.000000
12.169010
14.602812
8.923941
8.923941
8.923941
8.923941
8.923941
8.923941
8.923941
8.923941
8.923941
8.923941
14.602812
12.980277
6.490139
13.791544
8.112673
4.056336
26.771822
21.904217
19.470415
19.470415
12.980277
14.602812
23.526752
22.715485
0.000000
0.000000
5.389977
2.245824
0.000000
0.000000
6.288307
6.288307
2.158762
0.000000
0.000000
3.955421
4.867604
7.301406
5.678871
0.000000
0.000000
0.000000
0.000000
0.000000
0.000000
0.000000
0.000000
0.000000
0.000000
0.000000
0.000000
0.000000
0.000000
0.000000
0.000000
0.000000
0.811267
0.811267
0.811267
0.811267
0.811267
0.811267
0.811267
0.000000
0.000000
0.000000
0.000000
0.000000
0.000000
0.000000
0.000000
0.811267
1.622535
0.811267
0.811267
0.000000
0.000000
0.000000
