-17.231085
-41.111881
-47.907001
-67.934441
-79.472160
-86.804184
-98.436989
-100.869812
-82.531372
-85.495499
-41.402702
-3.014463
10.933714
60.882057
84.734886
74.438744
60.591225
53.986259
63.829395
75.143417
63.147091
57.571178
55.781506
46.782875
25.474712
50.887909
74.075203
61.122536
104.158310
82.676773
21.738800
7.550139
-41.329998
-63.516212
-59.556583
-60.306004
-56.419083
-48.404755
-38.885990
-33.819012
-33.489040
-21.403234
-11.716691
-29.501453
-34.680283
-32.051720
-29.814640
-12.438148
-9.949400
-9.518763
-5.939439
-0.961942
4.144186
8.187702
12.695413
13.103680
16.157290
27.208448
-16.269142
-24.054171
11.985140
-6.375670
-20.368586
-10.620523
-5.335429
-31.716160
-55.803886
-61.586727
-47.823112
-32.096458
-50.026634
-38.438572
17.208717
16.023064
43.623001
69.645798
60.580048
34.792141
39.836746
54.998539
42.655468
45.407070
32.722843
23.673868
0.520119
4.720232
5.061387
-1.163280
-0.374710
-1.297505
-0.587233
-1.381395
-4.250446
-11.990732
-21.414417
-25.357267
-21.968100
-2.818717
-4.602786
-23.422195
-29.529417
-18.562147
-29.658051
-17.918985
-2.444008
-8.338705
29.199450
32.577438
19.619165
22.935633
2.701271
-4.513302
-6.090442
2.639751
14.680819
13.478390
39.064953
44.752724
48.896912
46.570351
47.772778
23.019522
9.597059
20.564327
61.245571
69.366165
30.463398
-23.897575
-16.705376
-54.433678
-71.681549
-60.132629
-36.000160
-43.069324
-64.858459
-66.189522
-58.102486
-56.777012
-37.521374
-43.494366
-51.475140
-55.624924
-55.390026
-51.396847
-46.162079
-35.004662
-39.372551
-50.557938
-46.206825
-69.964584
-91.971840
-92.984116
-85.735985
-78.761887
-84.824364
-72.145737
-75.602020
-83.023529
-90.333176
-97.156258
-111.641327
-122.563858
-119.868187
-77.794357
3.937253
29.227413
86.037987
105.260071
89.992020
47.023357
58.091297
61.077793
67.112305
54.909061
52.778244
49.489731
39.025806
56.838528
74.947670
64.215294
116.976761
98.526459
32.314583
6.851050
-50.339825
-75.417465
-79.813316
-72.475708
-71.183792
-81.714836
-56.486195
-67.945625
-62.375298
-54.713310
-49.646332
-51.223469
-46.844391
-29.154703
-40.105198
-31.106554
-12.628298
1.280727
2.091666
-14.904526
13.053343
15.021973
13.332979
13.332979
13.332979
13.332979
13.332979
14.719967
8.651896
-9.384538
-16.873154
-16.118143
1.677807
-29.322487
4.737010
12.113772
-1.543584
-9.854326
-27.969055
-49.819706
-43.270660
-68.784531
-35.754082
22.874113
32.079685
76.312286
96.641724
83.722603
72.442139
63.052017
35.703751
44.383610
59.780293
54.243526
57.079021
34.518101
18.707558
3.735916
4.457375
-3.584915
5.117313
-4.669898
-8.976272
2.986498
-9.406909
-16.011879
-6.817492
-13.920212
-4.272817
-6.817492
-10.318518
-13.607021
-16.621481
-19.194120
-20.877522
-29.288931
-49.131802
-20.239954
8.019923
0.671123
32.046131
36.710434
27.186081
20.206400
16.039845
13.137235
14.216624
15.916802
15.637167
21.878613
45.876858
72.833633
86.004417
57.671848
32.107647
17.639353
1.326948
7.102368
16.490921
18.777109
21.866659
27.378286
36.602974
52.042728
27.062538
22.586088
15.871415
16.107224
2.685866
4.824176
-11.462911
-6.534816
27.114500
28.361507
17.769901
25.815523
16.546881
10.619578
2.066361
1.155084
-11.830616
-30.595737
-74.113220
-52.138653
-51.695004
-56.663063
-24.356684
-3.397306
12.270268
16.574856
11.295043
3.193467
-0.731421
-1.251009
1.850532
5.191883
12.813840
-11.830619
-23.617271
11.514870
3.229436
22.190401
28.145678
32.118530
42.346420
32.186478
26.219208
22.733971
20.064089
15.175966
11.031254
4.472454
-10.319817
-31.367126
-4.108739
-12.266275
0.747407
-18.685183
2.769802
27.034559
-1.866522
17.861835
45.272099
70.839821
35.092175
2.977639
13.609207
-18.669201
-18.237543
-32.985840
-17.362232
-16.203152
-3.205458
-7.937706
2.250216
-26.295149
-22.058512
-40.160149
-27.714024
-15.615617
12.070428
-1.710642
15.375807
14.892191
6.027221
1.474831
-0.039968
-4.512422
4.256625
2.130311
41.227310
40.983501
38.553429
12.853807
31.167282
21.562899
1.007200
44.720535
37.134556
10.064020
-18.793098
-16.654793
-14.764292
-17.885817
-2.957654
-6.267031
-2.254213
-14.928162
-14.556457
-16.862629
-34.088966
-30.283987
-40.160149
-35.208080
-34.592567
-67.234688
-53.241787
-19.412607
18.545292
84.840714
32.650120
2.573961
-14.156772
-35.739662
-20.759542
-19.308691
-5.075975
2.549980
11.942530
-11.670744
9.400544
21.147232
11.958517
33.681293
22.857872
27.749994
19.188784
23.881062
26.183235
22.761950
19.180790
12.845810
32.817978
48.001934
46.327267
30.136101
28.705236
11.850602
13.185545
6.047205
16.207144
18.405403
31.403095
31.495024
43.153782
59.488827
78.993362
82.934227
68.793449
76.946983
29.548571
27.877892
-6.035214
-16.442963
-52.958008
-10.683531
28.285568
30.411877
50.332088
54.748592
56.259392
60.064373
59.908493
18.485342
-19.256731
-40.539852
-23.037735
-49.644630
-34.924301
4.460463
6.255039
17.570065
20.423801
20.631639
8.673121
21.195192
6.183096
18.169590
5.059988
13.561246
9.008855
16.398994
11.678739
24.752373
-1.338938
19.896219
-16.127211
-27.062536
-23.061712
-36.479080
-38.749275
-20.911415
-25.587706
-25.587706
-25.587706
-25.587706
-25.587706
-27.326328
-20.979364
1.231025
11.730699
37.006657
-19.788309
-3.493229
-25.747583
-28.801163
-12.574029
-8.621163
-51.826893
-19.980160
-12.010484
-12.578024
-21.363056
-35.603771
-60.500023
-59.680672
-60.112335
-53.917244
-42.806049
-43.921165
-24.832310
-27.098511
-36.271233
-40.847607
-56.047554
-43.937153
-29.760401
7.741862
6.774628
6.842572
10.271856
23.665232
25.088104
39.812431
26.570929
37.985874
25.623678
29.108915
26.059332
35.635742
34.256836
41.091415
46.966759
54.944431
46.419189
36.219280
14.432556
-12.997693
-52.766155
-43.705345
-34.029015
-30.879515
-22.737968
-16.470940
-13.189541
-11.374980
-12.234298
-15.875411
-18.960966
-12.414154
-32.969852
-55.643871
-65.603981
-78.941399
-21.682804
-6.706680
-17.162453
-19.433466
-34.628811
-44.022293
-60.311707
-64.146454
-70.766106
-73.070267
-80.330879
-91.266006
-23.268217
-48.376446
-9.741595
7.603201
42.132545
38.060188
47.033741
33.590004
44.060978
48.205162
39.756550
30.346489
28.594881
12.034717
1.000135
18.483068
54.183846
64.654816
86.961578
72.898972
84.961319
28.158352
2.375995
-33.993366
-39.065849
-41.403172
-43.359226
-35.883118
-28.915361
-26.937201
-26.357016
-11.951830
-23.373203
-10.117337
-21.091137
-20.925369
-27.556067
-18.588051
-10.581485
-10.172593
-9.410063
-8.758044
-6.061561
-2.414679
0.381265
-9.095105
-9.564778
16.913799
27.185852
-12.294415
9.984721
3.254564
-48.824024
-14.460442
-8.857505
11.305332
9.354805
-5.564260
-10.526230
-51.327110
-37.877850
-35.236622
-27.478703
8.177861
17.554766
54.261196
42.812191
28.766169
39.447113
31.926800
34.523823
34.932713
19.400311
5.520055
4.315478
18.565947
2.027888
16.250729
4.862510
1.331665
-0.044205
-0.320484
-2.143925
11.565039
11.946303
11.205874
13.780795
7.144574
3.923162
-9.818955
-28.279919
-17.587919
-29.152958
-38.590649
-18.687510
-4.691220
13.957614
53.216858
36.756153
41.740231
30.639339
17.289539
8.885132
13.996293
19.764997
9.017746
23.085873
43.110573
53.238960
45.552883
26.207827
44.287521
16.410973
5.973151
49.846252
49.299221
9.155883
-0.900669
-33.523693
-48.674835
-80.772919
-65.229469
-60.101730
-62.157249
-58.189880
-24.257296
-41.253979
-31.761032
-24.273874
-17.167976
-18.571474
-14.504647
-9.664241
-3.906587
4.271273
12.509912
16.410969
-14.079179
-37.745239
-40.496975
-86.259827
-81.121033
-65.257095
-57.471554
-67.826492
-64.715591
-66.279335
-76.131439
-82.303513
-87.414673
-97.382820
-95.625679
-98.316643
-40.872711
-38.839302
-24.588829
13.255873
46.751934
32.661701
55.559708
26.578041
41.508160
43.729443
40.789833
37.960739
31.556593
18.626728
22.991943
41.646290
60.565884
87.530708
91.011826
55.924393
32.534615
-18.775921
-53.531822
-57.222904
-51.023205
-49.995445
-61.554958
-41.513683
-43.933884
-47.370800
-41.508156
-36.839043
-41.646297
-26.594616
-20.223621
-26.152569
-10.542806
5.326660
0.535983
8.487290
-18.505167
-14.117857
-6.929078
-6.873821
-6.873821
-6.873821
-6.873821
-6.873821
-5.608463
-13.338750
-10.189170
-24.367807
-18.168108
-15.913671
-26.014431
-17.576872
-12.023665
2.027887
-19.212442
-21.069040
-44.624577
-48.873753
-67.754662
-25.345835
-27.274258
1.657674
16.958008
46.133068
38.811672
39.402912
43.154778
25.561331
29.175060
25.975754
33.799973
34.385685
24.843006
13.813950
15.046154
14.537801
21.433723
16.759083
8.542546
11.879996
15.350060
1.215628
3.105376
11.973931
2.713059
6.370994
8.901709
7.194305
5.381915
1.795814
-4.669115
-10.642266
-33.661831
-51.288433
-42.292786
-13.697912
0.309434
15.968925
58.709282
45.779427
33.623154
22.665928
16.079435
13.322173
17.261909
28.362803
33.319248
39.016121
29.611582
62.311954
27.810244
42.856400
23.682634
-8.125360
-9.917720
-12.636131
-20.731619
-31.707682
-35.531380
-42.269798
-22.131367
-53.143448
-32.484371
8.752687
32.441704
28.088823
44.467579
70.405571
86.596550
87.526855
69.436844
37.989471
23.996271
26.048946
24.657736
4.037075
14.518105
15.119825
34.541317
80.656158
70.512260
47.271332
30.380487
17.599258
17.415754
-11.291862
-34.400490
-30.427429
-25.562452
-20.240852
-17.347473
-17.735819
-15.107025
-5.300260
-8.927655
-24.717484
-7.954659
3.580453
-23.684744
-25.724619
-42.918465
-53.139179
-41.928402
-33.926796
-29.373348
-26.910994
-22.660542
-17.330406
-26.970736
-12.597721
0.315795
12.648934
7.694341
21.324806
24.653471
13.122626
7.131029
4.647330
-7.583387
1.630190
-14.483969
-57.679817
-44.100567
-38.441833
4.852173
2.138030
2.722680
29.642202
22.972067
21.218115
11.121161
30.517042
18.644800
12.414218
23.697544
24.465700
28.340609
26.138567
-3.938923
-2.675736
-5.121026
-1.677136
-0.439555
-0.209109
-6.832302
16.109892
10.993135
24.017611
13.425624
-22.353279
-12.785495
-9.072750
1.237581
-7.489500
-30.009214
-24.333408
-0.729746
27.312138
13.493902
9.550712
4.608923
3.836502
-14.377278
-3.371342
13.442692
11.419888
20.799898
24.585190
40.477440
27.205450
22.225252
18.986198
32.911121
26.326338
42.466106
43.626877
19.549515
-29.783028
-7.101159
1.024208
10.455427
7.877846
-11.893582
-22.144169
-43.695152
-51.163311
-28.447296
-8.445426
-3.025674
-3.934654
-11.816768
-23.377483
-18.841106
-0.302994
3.751150
5.893446
10.882178
13.178105
11.906384
-13.327470
-45.372288
-25.596594
-30.696281
-12.512372
9.503770
17.808367
17.198109
29.893988
17.168240
10.092689
20.454233
19.792765
11.398548
8.569182
45.333893
28.985014
49.405102
49.908669
30.265261
12.516640
63.812244
87.642082
82.017502
85.158401
54.530388
37.588326
28.208313
15.576449
8.774024
5.125292
14.095623
58.063896
49.900120
33.978004
7.702874
13.195176
6.315932
-5.197838
-30.854181
-34.541317
-27.512711
-32.646538
-12.520908
-31.686348
-21.760094
-10.596254
-20.936459
-25.639269
-6.136696
-27.969336
-14.082820
4.451026
-7.498033
-10.489567
13.502439
21.956398
45.551525
26.552513
12.294728
17.612059
17.612059
17.612059
17.612059
17.612059
20.983402
-8.654532
20.782829
2.509305
-18.341808
-16.843904
29.253864
22.771494
2.436758
-5.816631
-10.335938
-23.962132
-21.017542
-43.289734
-25.566719
-0.042675
-0.588917
-0.721211
16.869513
31.950932
26.036146
29.962271
18.657602
25.579521
48.342480
15.346008
14.633329
30.973667
45.244263
39.585526
33.683544
11.931988
5.001534
1.455224
9.141031
-7.207843
-13.118363
-6.179370
-10.391415
-13.152501
-0.226179
-8.483832
-13.826771
-10.079885
-13.062884
-17.957729
-21.892385
-38.155910
-23.211050
-17.317602
1.544842
34.464500
17.227983
8.129628
6.657333
3.081151
1.694207
2.193506
4.246184
8.931922
20.138433
34.677879
30.141500
8.317399
9.055679
0.179236
5.718477
42.948334
35.023548
-24.182499
-41.491978
-64.175339
-83.697594
-103.914345
-109.695343
-116.783897
-114.034683
-113.689835
-139.596588
-63.021061
-35.495441
10.206550
51.827858
89.861771
93.885002
77.183792
82.112251
99.349892
86.298332
99.958160
102.146988
112.066170
125.074631
127.287407
113.656311
97.956131
103.971817
111.419594
54.658482
21.763769
-24.934462
-65.023102
-96.710846
-85.153618
-72.830086
-64.735725
-61.038181
-58.197971
-52.373863
-47.785461
-23.262903
-27.942307
-38.062653
0.962704
-7.366346
-11.265050
7.016709
-7.998568
-5.728315
-4.435135
-2.389991
-2.145724
-2.557626
-4.277079
5.325993
-4.650665
13.961574
-7.313662
2.112199
-4.732089
-0.488536
-21.471607
-7.222660
2.457047
-21.399765
-34.733902
-49.787498
-57.541798
-74.726753
-86.470757
-21.821247
-9.445016
26.572491
45.888794
90.963371
77.337059
67.417877
62.345730
69.166069
37.746540
45.462524
38.005177
19.555782
22.333729
28.430840
-12.419334
5.747474
1.221338
0.953123
-0.038317
6.245589
-5.048199
-9.445016
-18.003965
-8.204519
-8.942113
-8.070412
-17.046051
19.359409
16.437777
-6.116271
4.368081
-1.805665
-15.451129
-10.450826
-2.557626
3.448484
-1.393763
9.104958
-7.893198
6.068376
8.558947
1.958930
12.711497
11.964326
38.340443
33.354511
52.780975
49.318123
62.355312
46.932919
73.562881
51.147739
88.582954
81.116020
38.220707
28.229679
-21.064491
-53.911312
-95.887039
-100.279060
-90.450882
-84.435196
-71.589584
-74.233429
-69.999451
-70.727463
-49.859341
-61.292030
-53.935261
-52.886345
-53.719730
-55.937298
-57.335846
-59.237309
-56.684467
-36.549145
-45.788219
-50.314354
-72.954605
-68.620056
-82.461899
-83.233017
-98.037544
-91.562065
-112.142807
-119.935425
-135.151855
-149.582809
-159.439728
-158.429138
-153.797623
-119.686363
-59.414516
4.023233
54.452530
96.720421
107.228722
92.515182
76.872475
91.504585
75.311066
82.605583
82.437943
84.775246
87.308937
95.317078
96.538406
105.585892
120.821495
58.767929
20.518482
-21.553026
-66.536598
-106.184586
-99.666008
-101.586617
-85.460159
-96.950310
-68.529053
-93.458733
-70.167084
-70.933418
-61.929039
-62.379257
-61.292027
-47.196346
-40.744808
-44.178925
-26.208487
-37.396904
-33.177296
-18.372761
-4.909301
-21.155497
-15.403232
-15.403232
-15.403232
-15.403232
-15.403232
-14.680008
-19.172619
-35.241600
-2.916844
-31.922432
-20.235899
-44.480663
-7.783041
-49.634232
-38.215912
-14.258524
-23.981340
-57.714226
-56.516834
-93.377312
-29.019957
3.960964
47.043079
82.126617
116.424683
108.478798
92.414604
86.470757
63.969391
81.207024
77.140686
47.167610
55.827133
44.624352
50.208981
21.715876
24.091499
17.319057
10.014974
8.142255
-7.074184
-8.223679
-4.459084
-10.848358
-3.750227
-11.748796
1.781717
-10.120345
-6.360539
-7.203502
-9.555177
-14.938645
-5.637313
11.202786
18.731977
15.925295
3.084479
5.527153
13.746045
11.811060
10.206556
11.039941
11.197995
12.606127
15.302650
18.923559
21.797297
28.569738
29.489334
44.887775
69.266647
62.666634
66.541389
94.996178
-11.129834
-20.425735
-31.093763
-30.638603
-42.160473
-41.466106
-45.502747
-46.140633
-45.848270
-30.226631
-6.375567
19.046967
43.748554
49.489548
70.237556
59.822021
49.007812
45.957901
41.811623
32.877861
38.585636
34.243336
47.442989
44.788441
33.844658
22.309502
58.104378
50.635754
69.207642
58.034607
29.778120
-0.800682
-2.146230
-31.824675
-26.907619
-23.947411
-26.568739
-23.608534
-17.076818
-12.641497
-19.827713
-21.027079
-0.441870
16.448902
15.538577
8.332423
-3.837301
-6.531718
-23.057030
-15.425617
-13.189683
-13.997012
-15.468806
-15.455518
-8.349036
4.129667
-1.013314
4.943640
-6.471916
8.319135
44.057526
27.731558
-29.190063
0.000000
-4.422031
-52.801922
-61.317078
-49.300182
-32.685165
-20.598495
-17.545269
8.937091
14.106650
26.067068
10.000238
48.213772
33.442654
28.874441
6.159614
17.508722
26.675055
28.615301
38.396259
19.764593
9.216166
-3.036618
-18.189804
-1.611335
-1.292390
0.315622
0.136216
6.103136
-11.651442
-21.728092
-30.934292
-24.837801
-44.991104
-20.744680
2.345571
10.744442
-5.980209
-29.588745
-4.850616
-19.382523
-8.505186
-20.156626
-0.990057
16.864193
10.216191
8.182920
6.113103
18.887495
12.050121
11.608251
15.442230
15.970481
9.764352
-16.173140
-0.461804
33.877884
72.922012
58.346905
21.173264
21.963978
22.342722
37.668671
43.575787
39.333160
13.840867
16.219660
-32.585495
-25.924202
-6.461948
-13.807637
-50.602535
-49.343369
-42.100670
-38.997608
-37.250053
-48.536037
-43.060825
-46.665565
-49.692215
-50.100861
-48.502823
-42.466125
-25.774698
-27.432547
-10.472010
-26.369398
-43.605698
-22.023779
-17.156555
-11.624861
-10.375661
-11.794299
-24.628496
-22.980614
-28.462469
-29.412659
-34.289856
-66.499924
-86.387436
-17.056881
20.223074
33.595486
39.658752
87.497101
79.865700
48.748669
59.011368
47.134014
25.884336
17.060207
13.149811
11.721205
5.372219
11.957093
23.588600
6.731056
39.635494
66.632820
34.818108
2.860534
-2.946913
-39.479343
-42.977764
-40.931206
-36.505852
-35.160305
-28.734903
-38.293274
-20.944019
-28.635233
-21.073589
-37.157036
-24.216524
-22.169962
-20.492184
-49.366631
-11.030164
-4.355585
6.551651
17.870861
12.279360
-6.010110
0.421936
0.421936
0.421936
0.421936
0.421936
-0.631244
11.648121
-6.505136
-25.821213
-21.103495
-5.036666
-2.056527
10.575003
-27.748173
12.425545
14.820954
7.295856
-14.751182
-8.505187
-18.229666
23.472322
42.462803
62.253975
53.845142
79.403893
65.695915
57.037899
55.758804
52.904911
38.598923
18.515392
37.382950
41.336533
31.718365
21.498854
9.947080
7.378914
1.720970
6.172904
-13.847507
-18.169868
-13.565107
-4.412066
-29.751539
-19.322720
-14.438881
-12.050121
-22.040392
-17.698095
-22.432428
-26.967417
-30.014004
-9.624816
-6.422081
-11.199603
-19.070221
18.601772
1.727617
16.325972
32.924374
27.193340
22.950714
18.983841
14.913978
9.166331
1.757517
-10.176322
-1.980112
10.535135
21.894211
24.505569
58.084438
74.234329
28.103659
-8.061456
-16.550173
-22.390581
-31.193562
-33.439327
-35.452045
-36.267723
-44.318584
-18.803001
-52.217617
-37.115185
-1.546613
14.445649
37.150494
43.601776
38.471111
36.013489
36.677326
31.966869
15.275452
14.060761
28.029713
14.480959
14.502148
15.501443
60.098984
83.983208
76.913994
66.938683
43.241608
4.498596
-11.603130
-30.614466
-34.219700
-34.149075
-32.560089
-26.726746
-17.930824
-13.248613
-13.605252
-25.367281
-5.391960
17.365852
12.775448
37.450638
46.995152
8.548743
2.288140
-14.837599
-8.806513
-9.971770
-12.648330
-15.879269
-17.108084
-16.366556
-3.516956
-7.687163
-4.435043
8.569932
26.875048
41.592602
67.793205
27.256405
9.756372
-5.614419
-67.404785
-83.884346
-75.522736
-31.532543
-21.857384
-23.343971
8.997190
34.240883
43.114483
50.423824
34.749359
20.444954
14.131383
15.123616
27.884939
8.905384
17.383509
44.978901
28.979572
-9.879965
-5.098882
-20.865154
-18.107378
-12.309345
-4.417381
-0.822742
-4.643371
0.854522
-8.156795
-24.134933
-38.065044
-21.151169
13.675877
-15.264856
-16.274750
-28.298077
-42.549515
-53.990211
-20.448483
6.857359
11.677280
-5.935745
10.851008
-0.752120
8.435750
6.370070
20.579132
19.050177
12.033921
19.770515
7.913150
10.918099
-1.624297
15.024746
24.428011
26.391293
-15.886328
-17.231674
-11.200583
8.216825
41.995136
62.362411
64.774139
53.683014
12.870793
8.806513
-3.100289
-7.235186
-31.331274
-50.035404
-36.903320
-12.259912
-20.127157
-20.625040
-31.377176
-19.724615
-16.239439
-10.851009
-4.837580
0.254237
4.982353
-16.059353
-28.269829
-38.502895
-10.349596
-19.173765
3.022607
-1.931499
4.307918
-6.433628
-2.595345
-10.992251
2.747181
11.024031
11.871487
6.423036
-8.100301
3.810034
2.768365
51.691483
66.112419
58.912540
69.473999
82.030525
37.238770
47.514217
21.758512
-11.295926
-25.738041
-24.929424
-24.593969
-27.408243
-16.129965
15.413161
22.560074
28.654716
37.284676
0.346045
-19.957664
-35.116596
-33.615887
-29.509237
-32.065739
-15.805114
-30.335508
-12.309346
-27.344685
-12.888444
-25.003578
-33.887775
-19.456253
-41.168861
-40.466175
-64.226814
-64.142067
-41.288921
-21.864449
7.831936
19.283226
32.411793
10.790982
14.117257
14.117257
14.117257
14.117257
14.117257
13.944238
19.456253
12.266965
24.982388
24.226742
28.735933
30.045963
68.940811
63.552372
44.827061
46.380733
31.299496
32.630718
12.831946
4.749304
33.326340
44.752911
50.332016
64.074982
64.173851
60.649837
54.445728
67.461281
62.980347
62.538963
63.570034
42.690762
47.821411
63.626537
62.288246
40.858131
25.377867
-3.361587
-35.000057
-42.514202
-47.259975
-41.638496
-55.529766
-60.600399
-48.866619
-56.038242
-51.649109
-62.803791
-62.454220
-66.045326
-63.838398
-54.735268
-62.436562
-53.110977
-47.288219
-1.514834
21.666706
18.403990
-2.648310
6.945633
3.908905
2.863706
3.280373
5.197750
5.310744
2.274016
-1.204099
3.361588
24.795248
18.022629
8.735891
4.216107
-3.686447
11.437169
-8.956176
-12.269297
-18.323328
-17.823832
-19.034637
-21.111662
-30.222746
-14.143991
-3.442736
11.785605
5.699959
24.759890
43.800854
47.132942
38.660461
25.401649
33.466316
34.762482
22.518475
10.227049
22.037945
28.980324
43.393036
52.355537
54.091133
44.698685
41.338142
18.535145
-2.089667
-39.352798
-53.768665
-48.587170
-36.640335
-27.307957
-17.735313
-9.977300
-7.448199
-7.783306
-5.943386
-3.458544
-0.395172
-3.847394
3.926428
5.004458
-10.110077
-1.447911
-27.649384
-11.317722
-0.774536
-6.525078
-7.669496
-5.399629
0.145423
4.008624
3.853717
21.298183
10.315566
17.482405
-11.333529
-17.782734
2.269869
20.286545
34.996422
-4.327923
-4.410120
-47.803154
-55.207085
-44.496353
-32.540031
-7.928726
-10.416730
34.610733
26.467030
30.371332
-0.692341
9.512577
13.761465
0.414141
9.019403
12.462141
22.246595
4.081336
7.495620
24.187683
-3.224603
1.871533
-15.117696
-18.041965
-5.219430
-1.084352
-0.189682
6.284814
-7.919244
-13.192420
-36.178776
-27.017113
-31.452518
-15.949138
12.386270
18.487722
4.685157
-10.135368
7.543041
8.077313
16.654125
7.995118
-17.520340
-26.675682
-28.600960
-1.650238
-10.385117
-16.075590
-4.568187
-5.500793
7.764337
-11.011068
4.305792
3.155054
-3.781004
26.400642
20.609005
16.537157
-14.434837
-0.196008
8.842363
15.000726
-3.635580
15.171437
3.673522
6.145715
3.076015
3.670356
12.790924
0.458400
-24.766212
-35.021713
-10.385118
-28.186819
-7.991957
-9.923555
-22.322468
-26.173023
-28.430244
-30.308100
-32.802425
-35.593918
-32.091118
-23.729280
-16.888063
28.373343
32.318737
12.506399
-3.831587
-5.080329
-25.202480
-5.522923
6.961351
4.501798
0.135939
-3.727260
-11.763478
-6.313264
-12.661307
28.781160
42.523655
35.897415
58.539181
44.951591
63.666931
37.019703
46.532280
25.487007
3.079176
1.011639
1.213968
6.117260
10.347183
16.198889
23.729282
9.831874
-0.904151
-19.072573
-22.009491
-45.549091
-30.238550
-22.161240
-14.349482
-19.221159
-2.962208
-31.970985
-2.039088
-15.105050
-22.189692
-11.886770
-6.885474
-14.216704
-11.984774
-4.536573
-10.413569
-19.625813
-19.265417
-14.542325
3.765198
1.030610
15.746811
22.755575
18.335974
18.335974
18.335974
18.335974
18.335974
19.515167
7.672658
-2.684008
-3.967525
13.126030
51.976170
8.589458
15.044985
22.423632
-0.098003
7.343876
8.017247
12.187101
33.169144
14.008054
17.924995
23.792507
36.991249
34.790939
37.212547
41.502533
28.550379
32.906757
5.004457
16.843805
27.747389
39.849133
20.678555
11.475792
14.722526
21.168570
25.196159
-12.493755
-35.796249
-27.681000
-24.826277
-18.067259
-14.931175
-29.400787
-18.503527
-32.685455
-20.586876
-17.207365
-22.825129
-26.621941
-29.536726
-26.625099
-6.996123
12.057484
20.637457
22.989519
33.491608
20.055761
-4.555541
-22.009491
-16.429665
-10.185950
-4.356374
1.147580
4.410118
2.361547
-5.409113
-0.704986
16.107208
22.392021
10.533703
16.006042
7.985633
11.466307
-0.932129
6.189000
4.711030
13.133780
9.741167
10.879036
14.825890
5.135105
0.033591
-1.897847
5.949669
-20.548820
-32.935219
-62.927101
-31.709177
-48.571472
-57.666031
-69.271461
-58.144688
-34.194855
-31.327089
-36.861080
-25.944256
-44.406284
-70.115410
-22.089775
25.222067
-11.248527
-14.070108
-17.878401
1.230244
3.648739
14.985441
5.722934
6.121819
4.035026
-0.839756
-0.797769
5.592773
7.427640
9.203725
-4.093810
-14.078506
-13.507469
-1.259633
-24.705614
-27.556587
0.499654
12.995221
3.573160
3.241457
7.360460
12.319218
14.586558
12.587940
-5.034336
40.765945
51.489620
-31.931715
-65.799072
-39.884197
-13.276539
-25.734314
-41.202614
1.326814
42.059166
35.282337
-4.652246
4.732024
36.109497
21.468357
4.807601
-17.706251
-18.243692
-41.891216
-2.918150
-3.472390
-18.877707
8.351371
-11.038589
-26.322144
-7.818126
-5.315654
12.398996
-18.701357
-2.271540
11.273722
6.126018
8.019669
2.326123
-0.037789
-0.923731
-0.957322
9.044169
4.853791
2.607441
-2.426895
0.944724
5.340847
-40.539215
-43.931820
-12.071490
-9.027373
25.977846
59.668846
49.125713
33.086376
1.070688
1.759288
5.727132
-17.672659
-32.632908
-30.978590
-15.434711
-18.424242
-21.329794
8.737656
27.384436
-5.072124
-17.836412
1.414990
29.987679
18.109337
-25.608349
-21.800060
-23.236040
-52.442753
-46.530869
-48.987160
-15.518687
-26.087011
-6.403136
16.820311
42.399269
22.853954
14.737714
-0.209941
-6.058838
19.461338
20.086960
5.651555
-1.163062
-1.759288
5.361842
10.769872
17.227591
-17.290571
-61.113232
-43.931828
-13.965138
-12.965830
-33.770779
-25.814091
-36.550373
-42.273308
-25.188478
-21.346592
-35.794598
-39.749840
-31.339687
-24.688818
-14.888866
-52.245403
-91.239471
-82.354858
-27.905081
-82.380035
-20.397671
-38.145905
-47.110302
-86.855965
-70.447113
-36.554569
-22.769979
-13.742604
-6.638265
-9.333883
40.849915
57.376312
38.200489
1.335212
-9.669787
12.524959
0.768379
22.417280
8.817436
3.610950
15.900778
-2.876163
-5.974861
11.437472
0.281320
-5.827908
7.860115
11.806966
-4.442308
16.169498
23.739899
2.460482
12.088284
9.291899
36.676331
13.591451
-15.506089
1.704702
15.804205
10.744676
10.744676
10.744676
10.744676
10.744676
12.021105
1.221845
31.205324
15.048421
5.550783
-12.016909
-40.362869
5.328248
5.193889
-18.923901
-62.406456
-35.429298
-8.217010
6.650866
-10.484353
-25.184273
-35.630840
-23.815475
-36.886272
-19.696472
-19.381563
-15.048423
-24.138781
-39.749840
-15.031629
-29.152121
-45.036106
-24.289934
2.368112
-34.161266
-31.196930
-31.524437
-29.794533
2.401702
10.035081
18.772741
34.207451
19.272398
23.949835
21.405375
14.880474
25.772102
29.206709
22.257727
17.445925
13.234551
11.454267
17.710451
-7.654375
-40.371258
2.069996
42.071762
36.231262
17.475317
-4.093811
-8.376565
-10.501146
-9.426259
-6.117621
-0.726389
4.459102
4.669041
-27.090523
-9.879725
13.713213
30.907211
4.732023
46.220158
35.769394
-2.682888
4.816110
22.568974
28.117970
36.677036
38.005390
42.481228
52.512611
56.268658
81.926224
102.368507
98.978920
62.517826
55.941471
50.281235
49.234257
78.458107
81.671005
44.457405
50.614956
53.062279
33.123844
40.681732
49.162273
50.235432
1.099328
-30.316629
-58.702888
-100.065155
-146.688507
-113.028084
-38.836430
-17.968803
10.685746
22.457729
26.410080
24.126356
15.547660
12.897491
14.742794
33.352871
11.006383
-19.526186
-18.557730
-36.853718
-30.545656
6.641783
1.511576
12.086081
14.736250
15.011084
12.112256
9.416281
7.858896
3.841109
-14.926015
-23.890783
-39.876865
-0.752514
-16.018797
-25.971661
-18.701691
23.818802
18.243633
12.151513
39.883404
99.044350
95.661301
37.409924
0.039262
0.117786
13.538766
-8.068292
-33.215454
-28.661089
-34.628880
-24.676022
-29.073339
-10.378193
-22.660583
-10.914770
-32.325520
-71.489128
-29.714615
0.844126
4.423491
27.875853
22.798000
15.567292
5.666782
0.817954
1.655538
4.416948
24.826523
57.472683
60.175194
34.504547
-14.500678
28.275015
45.537106
47.663784
102.983620
125.317017
67.628395
31.200018
-6.641778
-47.820831
-86.042152
-71.390976
-58.100876
-28.602200
-16.555380
-7.328863
4.115942
8.009401
4.541278
-20.527359
-29.426697
-64.526711
-91.290161
-81.854233
-28.641472
37.396824
98.442337
59.030067
10.253867
-39.595493
-67.124527
-45.013618
-26.167967
-9.311582
-3.239092
6.491280
23.674847
53.055737
56.458424
42.500866
17.870647
11.412087
26.475519
32.966793
33.051861
25.579039
12.432894
-5.908895
-31.631897
4.299164
13.951019
35.571163
69.107254
117.078598
102.322708
96.138977
88.312798
81.697197
68.570671
73.949539
73.792488
75.415314
85.387810
100.025909
134.903427
151.144714
160.181473
112.059639
24.839622
-28.883572
-20.252522
-35.675865
1.426510
80.375374
76.998871
112.602745
129.001083
120.435478
120.657959
123.746559
71.247032
27.188782
-26.154879
-83.843498
-149.161987
-107.629585
-38.784084
2.427688
26.514778
30.100685
37.095829
35.329048
37.272503
24.669476
38.522339
29.963270
30.669985
34.923344
27.385080
41.453880
62.426212
62.570171
93.698212
42.042809
12.760075
-0.418792
-28.746155
-63.486271
-50.621506
-47.565632
-47.565632
-47.565632
-47.565632
-47.565632
-46.845833
-59.246014
-51.099190
-58.290646
-44.961269
-36.919155
-28.268471
-54.855236
-98.658279
-68.695007
-100.248375
-125.703087
-75.290962
-39.628212
-2.695975
6.275340
-9.684568
-54.874859
-65.187614
-86.552567
-83.745346
-75.938805
-72.509933
-66.830070
-63.224533
-61.418488
-50.876701
-69.192329
-82.207588
-81.900047
-38.528877
-5.503191
13.296647
52.349026
62.288795
56.890301
67.883598
62.655231
78.628235
73.282097
72.824036
65.187630
72.987633
81.036293
90.295517
95.406105
100.235298
113.597382
116.934631
108.918686
47.114117
-0.333728
-26.580217
-59.030064
-86.467491
-63.486279
-42.795326
-27.529043
-16.718969
-7.296145
1.851846
11.385912
-5.869635
-37.259418
-72.248199
-100.601738
-108.781258
-68.479057
-29.609921
-4.985670
-6.551263
-8.475637
-10.917218
-19.262392
-22.715084
-37.164207
-2.227243
-44.069592
-16.527260
-3.597137
32.635166
23.838024
34.354523
27.346632
53.332687
45.500053
31.050936
26.223690
39.046642
57.707958
49.465298
57.670685
33.487858
49.879990
43.650238
31.931576
40.374607
-16.704323
-11.084960
-16.280308
-7.296785
-11.863097
-20.883900
-15.814359
-9.402880
-4.105023
7.557716
13.451990
5.060222
1.206811
-6.243736
-6.537284
-10.055210
8.867041
-29.215088
-59.529831
-55.695057
-60.289330
-49.278915
-44.745216
-41.982136
-37.481056
-30.682833
-11.373851
-30.491796
-42.052029
-9.864169
-9.253774
47.429100
15.129413
-10.875281
-13.260948
-31.871006
-27.015806
-4.174917
14.057724
29.354876
-13.675648
12.161309
-9.016141
-3.326887
-9.039438
-8.396425
-2.045522
24.238739
-12.282452
-12.762383
13.955216
14.537653
11.816503
13.521881
42.252380
-0.265591
5.577427
-12.785680
2.031544
17.845900
11.522955
4.813268
0.675628
-2.697853
-4.794630
7.459866
3.247675
-8.657362
-31.554163
-7.059149
27.975662
-1.933692
13.545178
48.249165
82.608353
26.759531
-6.411479
-14.295358
-29.448067
-46.851318
-35.253811
-19.751638
-8.014346
10.749475
4.636208
37.811878
33.115101
27.938387
25.389639
17.757372
48.356339
54.595413
37.779263
59.711548
34.610786
10.544456
-16.573858
11.271344
11.285319
-4.277426
-29.159180
-29.210432
-44.656696
-10.302166
-8.671334
-42.387516
-21.065620
-1.798569
-11.644101
-32.229794
-25.958101
-28.120111
-18.237301
-18.805761
-25.827635
-35.337685
-42.904716
-51.673904
-7.389973
-12.594644
-7.324740
20.371351
13.121164
15.404321
34.214737
20.166334
9.472772
3.806816
-9.901446
-13.191055
-20.264185
-29.224409
-55.839500
-58.038773
-79.467842
-13.684960
-42.764931
-19.420816
15.329767
-11.150193
33.296818
38.841625
25.934799
26.251646
43.566360
66.919800
68.942032
62.008682
51.878918
17.188906
-29.508638
-14.565610
9.929407
-9.174562
0.479931
-1.388531
4.533699
-19.733002
-29.541258
1.104304
-26.778172
-11.928331
-4.235490
-13.433350
-2.516132
-10.031913
-5.339792
-22.533363
21.317230
3.816137
12.305751
28.707201
39.493958
77.548141
55.732327
32.663128
5.815064
-3.997854
2.846958
2.846958
2.846958
2.846958
2.846958
5.484238
-10.586392
-23.311501
-37.639473
-41.306499
-56.785378
-50.867802
-43.095757
-65.461372
-42.499340
-27.584263
-68.778946
-11.695351
-18.018301
-14.108977
8.717934
12.515428
15.250558
20.124399
28.087492
4.272764
19.183180
9.747684
-4.999648
8.303235
-15.087475
-9.775640
0.312186
8.629401
-3.918643
-13.144464
-8.787826
-5.036924
26.191071
20.879236
37.313316
26.657021
1.938353
11.914351
19.178518
22.165258
23.772787
16.895361
24.178165
27.090357
33.101116
37.933025
52.503296
27.924408
41.996109
28.665268
23.423328
15.017579
-7.483161
2.763089
8.932270
13.773496
14.840520
14.546972
13.489263
13.125824
13.810771
42.117256
19.616512
38.124065
38.152020
53.388599
48.617279
16.494642
-6.993028
-9.102236
-15.338837
-11.019982
-9.262308
-7.931500
-1.384167
-32.567173
-18.813379
-35.027916
-18.414766
-5.533531
3.995569
-13.738098
-2.849943
-10.988596
-2.291255
10.257279
13.527805
-1.566215
11.842323
22.824642
32.388264
10.787718
-3.757028
15.015551
-2.062128
-13.565474
1.669790
-39.111370
-30.417160
-45.916073
-22.903107
-13.471309
-13.593719
-17.466875
-20.134773
-18.013012
-11.264801
-9.755085
-14.908834
-5.856819
-4.391044
-4.460096
23.738005
26.010427
-10.260417
-10.357717
-5.047033
-3.647171
-4.096006
-4.714331
-3.983013
-2.699283
2.394830
-19.353237
-16.908188
-19.987255
-16.842274
-3.590674
17.777609
2.950382
5.483311
20.800180
1.362197
-4.171334
4.802213
-12.987948
0.816062
-34.827042
-18.034983
-3.188920
7.840477
25.712246
10.348301
20.819008
9.912021
6.390398
0.994968
-5.580612
4.403599
-4.114839
16.974102
5.772074
5.398568
12.721161
-17.592424
-0.398616
-2.140595
0.112993
-0.188322
-5.938425
-4.733163
15.991688
21.336899
7.501499
24.717279
2.658479
5.586889
21.942667
-5.530390
0.994969
3.210894
10.825385
-3.132426
-4.413015
0.583798
-24.940126
-30.605484
-17.824688
-13.854231
-15.784533
-19.651413
-1.092268
6.497113
-2.394830
3.866880
18.317465
16.327528
18.160534
31.204979
31.456074
0.386061
-17.513958
-22.178072
-28.932558
-29.635622
-10.025014
-30.840887
-23.433548
-30.514463
-13.722405
-10.238445
-14.736204
-12.488895
17.583012
4.535425
5.514699
5.420539
8.835446
8.713037
12.093418
15.276061
14.707957
10.753190
5.508420
7.724345
3.584398
-11.892543
-8.257921
-4.230971
-19.962147
-10.546039
-9.755085
-21.845366
-21.500109
-17.921989
-19.824041
-13.628244
-0.028249
5.816010
-13.031890
1.472048
16.992929
7.291203
23.047487
-4.883822
6.613245
-13.031893
14.911972
3.841771
6.691712
-11.660278
2.746362
18.860460
30.715342
38.687641
45.859570
7.460694
-2.658481
-3.709946
-31.164171
-39.582172
-35.015362
-23.593622
-16.019936
-20.699739
-3.144979
-11.688525
-19.503893
-5.332655
-5.856818
-9.441216
-6.635216
-6.977334
-19.814627
-3.069650
-7.686682
-39.748520
-13.166854
-18.443012
-9.999905
15.706064
25.213192
17.400963
18.455566
17.115339
17.115339
17.115339
17.115339
17.115339
15.819056
34.375069
33.747334
7.504634
35.206821
4.274912
6.537917
0.809784
-5.332655
8.782091
-2.288115
-7.247262
-25.134727
-12.777656
-27.218826
-8.813473
-4.469514
8.257924
-5.737546
-6.192659
-13.402258
-2.482714
14.064525
13.873063
-5.734410
3.201476
6.450032
-2.080959
33.354988
6.842371
5.561783
16.063877
9.623260
-18.810242
-21.986609
-6.380980
8.976688
-19.704771
-0.486498
-1.522270
-11.641445
-9.777056
-7.633324
-9.312528
-8.939023
-3.571843
6.271128
21.377701
8.879388
-2.071542
9.488297
-21.773174
-23.747421
-24.902462
-32.884186
-25.859766
-18.747465
-13.204519
-8.311282
-4.096007
1.381028
9.171287
0.907085
13.220214
0.480221
17.780748
27.881092
40.087502
10.376550
11.855737
19.567411
29.898748
45.898544
60.892754
62.205788
64.915123
67.560410
92.418388
109.154770
85.859619
66.887886
57.991280
21.175077
-0.108885
-11.407384
-23.986895
-27.829916
-31.807449
-36.355034
-40.953854
-60.758244
-68.585220
-65.222565
-71.435455
-57.594151
-70.750114
-70.557968
-64.197762
-51.906479
-27.208626
-7.186461
25.536913
58.452435
56.338768
56.121002
53.578194
46.308468
40.018719
33.549622
26.856352
39.692062
10.920601
-19.016577
-40.403027
-25.889191
-32.652916
-8.140811
-4.291380
0.269011
3.599634
5.348211
8.461063
10.997461
14.020641
-6.507525
-13.649150
8.768505
-13.693985
8.320154
18.818020
-34.600056
-32.864285
-23.090185
-22.468901
27.970833
65.869476
59.259472
79.403336
48.492588
44.201210
-9.107977
-16.883699
-13.815680
-51.887264
-61.911156
-50.145092
-51.464531
-41.370182
-27.304705
-8.051139
-21.745125
-33.395905
-40.678440
-35.746552
4.515556
0.538025
21.315987
9.505086
3.721331
0.416328
-3.599635
3.484344
12.137560
3.106446
28.239841
36.310196
16.236788
-8.896607
1.863867
-4.400267
16.774813
34.202942
41.338158
8.947846
16.640306
13.495429
-9.344960
-26.587336
-3.599635
-17.332050
-13.655555
-16.518608
1.819032
18.894880
-16.505796
-9.985466
-28.528069
-66.695717
-6.142437
-35.471134
-13.034264
-22.661047
-34.708931
2.190529
-46.263630
-42.484661
-50.138695
-46.250832
-2.158501
33.466354
27.925995
29.546469
44.752045
36.515156
60.726223
54.948872
34.523190
48.998589
40.575954
40.005905
40.928234
43.522278
43.848938
43.163593
43.189217
30.635332
44.034683
11.593131
44.188400
45.911358
48.165939
67.534790
89.228676
75.682007
97.593674
98.381485
100.847427
98.138107
97.241386
99.201324
116.943306
141.878143
134.057587
104.459869
-32.877090
16.518604
-48.518211
-59.214638
-23.852386
-32.563244
-22.552160
-17.908503
-12.790874
-26.055716
-35.797794
-41.472660
-24.524910
-43.996250
-35.464729
-62.423565
-36.303799
-36.009167
-8.653218
23.384817
57.888790
49.485371
60.213821
57.344360
26.593744
64.594872
39.224491
43.727234
43.439011
45.783257
41.978657
36.489536
51.983337
57.946434
62.666958
72.940651
57.190639
49.248386
3.983939
5.662053
5.969497
7.506707
7.506707
7.506707
7.506707
7.506707
9.184830
2.645280
2.203332
-39.275734
0.473974
46.872116
19.830021
-15.455375
-9.101571
-39.314163
-26.081343
-23.878002
-30.366310
23.769121
8.608380
-8.038331
-12.822901
-26.824327
-59.957619
-86.205482
-93.199799
-86.519333
-65.965546
-87.960480
-67.598839
-50.939320
-29.706596
-47.378117
-46.513432
-61.898357
-67.156883
-26.792299
-13.719604
11.163995
32.492790
20.592216
23.448870
22.315174
28.656172
41.056335
22.725101
35.650478
31.461578
32.191753
34.664101
34.683315
29.021257
28.124552
29.636137
20.438496
31.628109
8.672428
19.977333
11.554700
0.839061
0.172936
-0.006405
-0.525214
-2.280196
-1.607666
3.727736
8.787722
-6.071981
-13.015048
-48.896114
-67.592422
-35.996353
-51.426102
-57.895195
-4.486618
-16.117840
-25.932570
-27.510370
-34.630703
-34.691387
-32.595745
-56.311306
-40.189415
-37.976448
-24.686512
-16.142115
17.092840
24.059437
54.284435
58.540451
18.084023
6.125102
48.875408
24.152491
36.374378
40.865040
37.414101
42.313374
35.120228
23.383816
27.862341
34.994808
42.236507
39.894077
20.543777
-27.299994
-17.784649
-33.857986
-33.239002
-31.693567
-31.349686
-29.419914
-26.021574
-21.628006
-33.809441
-3.673445
29.836615
9.147197
15.664728
-10.866597
8.758818
-9.389936
-14.697820
-10.773546
-8.475621
-7.229564
-7.990144
-8.285477
-7.719087
-1.286514
7.791907
-20.847197
5.530393
15.490767
48.830906
48.224060
-0.861721
-27.870432
-25.115349
-52.253525
-46.783813
-53.685684
-6.444709
12.581948
0.663484
-10.203112
-7.492531
12.262342
27.166491
34.096676
33.918667
32.927486
4.187241
17.634956
25.499687
33.412964
44.271465
8.621264
-5.841908
-14.455082
-28.635057
11.254978
-0.028320
1.395747
0.246784
-0.218465
-2.860269
-21.365038
-14.006014
-31.855389
9.288796
48.580078
-5.279564
-3.483297
-19.063068
-42.062542
-14.370123
-11.894191
-10.296162
-3.151556
-1.286514
6.088692
13.476035
-9.551764
1.080186
5.522302
5.449481
0.157780
-4.280291
21.563274
8.386617
2.868361
5.866182
24.613689
50.121468
35.229458
-13.496261
-16.364626
7.650309
53.026237
53.823227
46.350929
3.855496
-5.328110
-32.247818
-39.570435
-33.590973
-24.824066
-35.019085
-42.463070
-43.284332
7.508711
-15.187343
-18.982157
-17.282986
-14.321575
-10.765455
-7.929461
-5.914732
-6.149377
-2.573029
6.007777
5.684125
-25.706011
-26.025620
-19.228939
-22.364313
-22.522093
0.853630
-11.526038
-12.687139
-8.544400
-7.176971
-4.438069
-2.419297
-26.498966
-12.869192
-2.815772
30.479870
57.731319
52.083607
49.575302
74.678520
42.289104
3.859543
26.324999
-11.615043
-0.024273
4.389522
11.736410
19.750826
17.465042
25.378317
31.681429
33.109543
39.732254
11.882051
-9.284750
-33.692116
-41.265560
-33.696159
-38.304146
-38.441700
-13.548859
-43.429974
-26.126760
-22.331949
-28.230494
-30.479874
-27.886614
-42.758396
-45.796673
-50.526039
-63.896885
-12.581950
8.633403
-0.780810
46.905186
16.575001
10.983919
15.098337
15.098337
15.098337
15.098337
15.098337
13.912964
31.151449
18.589729
14.912241
23.383810
5.866181
60.085892
29.302597
23.035894
18.529047
17.335585
12.165245
8.338069
-11.817323
-32.587654
-10.874688
14.883920
33.797302
32.749477
49.724995
49.021053
45.719803
34.303001
55.166378
29.330908
37.948128
46.083916
48.280701
52.884647
52.702583
11.521990
-31.244503
3.321474
-29.824478
-20.462860
-29.796158
-29.723337
-25.329769
-32.870850
-39.089005
-21.563274
-34.209957
-38.498337
-39.623024
-39.748436
-32.486511
-21.280083
-12.019605
-0.279149
-3.511618
-14.794917
-15.179252
-9.300933
-4.984232
-0.720124
-0.679668
-0.376245
0.202282
0.987137
1.221784
2.382883
2.217012
0.149689
9.972509
20.928112
28.157675
32.539101
15.482675
12.476765
0.793322
0.587992
12.515823
14.550462
21.135035
28.634264
48.639980
35.867493
47.487335
24.182327
22.679682
30.160244
-6.131914
-12.800487
-0.881988
-17.065760
5.791255
-11.339841
-10.663183
-11.797169
-7.293898
-27.178280
-3.280619
-18.741068
-21.839691
-22.866341
-12.072499
-36.758808
-8.301887
-38.737453
-22.577017
16.179108
10.163857
16.841764
23.682999
24.732986
19.231064
9.580532
5.179927
4.097276
6.239245
-13.458478
-13.743142
-9.678533
10.275854
48.364651
76.252258
88.390091
80.181541
73.671638
67.119720
58.682510
47.202671
33.132870
15.628448
19.809721
22.581682
13.117815
-13.887806
-42.718071
-48.672646
-26.888952
16.076445
4.013278
13.901803
1.894640
32.470211
19.646393
26.394291
3.919945
12.693154
26.244967
-3.177956
-32.003548
-37.164810
-9.300537
-17.135757
5.973249
1.721976
-25.353642
-29.917580
-47.902664
-49.232643
-8.465215
-20.617043
19.837721
-7.639225
9.617865
8.031219
3.383286
0.214664
13.621809
-20.080385
6.052582
0.433994
12.637155
6.061914
-15.166454
2.440631
-3.523284
2.529298
2.818627
7.391895
18.353741
38.961452
18.568405
13.290479
5.968582
-3.131291
-7.527227
-18.909067
-15.871109
-15.768443
-36.343487
-34.593513
-38.046803
-36.744812
-53.950573
-81.175529
-112.427757
-124.126907
-51.159954
30.920900
89.939407
74.105629
39.428120
10.303861
0.788655
12.749153
20.985706
-1.679973
9.449868
7.270565
28.853594
31.074898
31.401558
15.073121
1.539978
10.327187
7.331229
8.152552
2.925958
-0.158665
-0.559993
-0.797990
0.615990
-14.233134
-22.035690
-10.747184
-9.356536
2.594629
8.647210
-2.687963
7.601894
8.894541
15.320449
9.253868
1.339315
-2.519967
14.172467
37.920799
43.992050
33.244869
-6.887904
1.329982
-10.793847
-6.771239
-16.561766
-49.881298
-37.580135
-21.009035
-4.111275
2.048639
12.828488
6.337245
-2.085971
-6.281243
35.797501
37.230141
20.803709
-9.753196
-29.954912
-45.634689
3.616616
17.224426
20.449045
20.995037
6.089914
23.827665
9.071871
15.969108
6.113247
14.886456
17.047094
29.133593
-3.709949
35.125504
16.949095
7.438563
10.425186
-23.617672
-48.163982
-54.650570
-47.496666
-53.259922
-53.773243
-50.735287
-50.735287
-50.735287
-50.735287
-50.735287
-53.647243
-35.125504
-18.717739
9.697199
2.818627
-22.073021
-36.488152
1.017319
-1.474647
7.993886
-57.165863
-19.716394
-46.194683
-13.803805
-7.676558
-3.677283
1.031319
-21.223701
-22.871010
-28.825592
-22.418352
-34.850178
-24.910315
-11.937165
-8.768543
-28.265600
-43.236057
-65.528419
-49.867302
-46.498013
-25.050314
-37.146145
-14.111803
21.121037
13.649806
24.849651
23.883665
24.947649
31.004900
33.016201
28.340269
33.818859
29.744915
31.882217
27.192286
20.673040
10.924513
36.390160
24.798319
22.012360
24.420324
26.543629
12.263827
12.217160
-9.095206
-9.711198
-9.771863
-8.091887
-7.639226
-7.177232
-13.080483
-22.721680
-51.845932
-52.191269
-87.111435
-79.752213
-83.326836
-58.481850
7.172563
-20.605896
-42.517872
-64.610687
-85.256767
-109.328796
-112.207191
-109.866302
-120.179291
-132.260529
-132.024429
-82.172417
-28.432323
12.744306
53.815449
119.099266
137.087982
111.890724
111.333115
112.870277
104.280296
115.904388
121.008141
115.427162
110.569565
119.646812
92.626060
89.817993
92.942551
75.752541
62.641521
15.617685
-22.831251
-60.230309
-109.831146
-101.391861
-91.978050
-87.994507
-85.261795
-83.689484
-74.888519
-64.078209
-45.305843
-37.826038
-38.258049
1.200586
17.255304
16.773062
11.895359
23.052282
21.289076
20.299471
18.340355
15.893969
13.703776
12.473048
-4.385409
-15.024922
0.884116
12.593609
-14.196067
-20.374823
22.243517
9.624790
16.275747
-7.640558
-26.247150
-32.019009
-61.968388
-83.779900
-82.262833
-94.404335
-43.733532
-11.699450
28.462460
57.683449
95.223152
92.616013
97.780052
76.887825
55.473164
44.250938
39.433517
40.538658
30.270876
29.728350
15.024923
2.923606
-4.335175
0.497314
0.361683
-0.200935
-5.555856
-0.100468
12.975386
-2.511688
-13.025619
14.457283
5.028402
-8.067544
3.566599
10.815332
-13.090919
-19.621313
-15.361490
3.641949
-1.336218
-12.272111
-1.110168
-12.538351
-11.503535
-5.038448
-13.829360
-15.572472
-8.494533
4.726998
4.134239
5.420224
31.918545
28.467484
5.284591
37.589939
31.692488
77.309784
68.463615
87.858879
104.611839
56.764168
32.209904
-12.568493
-56.538116
-107.686150
-109.007301
-118.260361
-87.426872
-45.903629
-59.803314
-59.270836
-68.031609
-61.767456
-45.436451
-46.004093
-44.954208
-46.677227
-47.144402
-49.178867
-55.257160
-41.563431
-62.380306
-69.533600
-58.979485
-73.768303
-91.887627
-90.717178
-86.783875
-93.027939
-100.256584
-94.700729
-101.386841
-103.361023
-104.873062
-98.438110
-90.104332
-85.769157
-60.868271
-28.859310
35.520306
58.778545
156.443069
122.721123
119.983383
111.770149
108.509987
97.775024
103.471527
107.701218
113.603683
126.348007
121.239227
139.132492
145.281128
106.802040
42.578156
21.565367
-21.891874
-60.998875
-115.663284
-117.175308
-107.475174
-99.789406
-105.511024
-98.749565
-81.489235
-89.004211
-79.977196
-77.314812
-69.664207
-68.734879
-82.292976
-67.574478
-62.767109
-80.067627
-59.034744
-33.450672
-12.538352
-16.336025
-5.229337
-6.444996
-6.444996
-6.444996
-6.444996
-6.444996
-6.671046
-0.261216
11.593958
15.210792
-9.202828
9.494183
2.034469
-15.512191
-16.451563
6.977462
-39.408398
-51.841263
-63.922485
-109.856247
-98.855057
-66.720512
-18.285097
25.990957
62.249699
110.725296
102.471878
94.203407
97.187294
94.359131
79.349281
80.394142
60.401096
53.956104
61.174698
60.948647
21.068048
19.556011
17.009157
-9.293250
-4.571273
-2.421268
-18.360447
-18.455891
2.195217
-4.139263
-12.231925
-16.763012
-10.875614
-14.381931
-13.959966
-10.920824
-6.249083
-3.400826
5.540786
21.078094
-6.480157
-19.782063
-23.670156
-37.871250
-20.369797
-16.552031
-12.965338
-8.007264
-1.316125
4.912863
13.538004
22.861395
15.150509
-0.587736
15.286140
26.081377
40.634102
66.534637
69.940491
-0.468653
-2.544114
-2.897995
2.964945
9.798665
13.547885
22.576624
23.021360
22.978323
57.175610
71.455170
81.316010
92.496712
83.090179
91.200745
95.872925
76.576874
61.049168
46.635715
40.624531
18.942171
13.528756
27.167503
29.185579
26.301929
0.219979
10.305573
-10.932038
-39.089451
-53.818527
-43.637295
-42.298290
-22.911371
-2.108936
3.682270
6.159434
2.438906
-1.214671
0.942088
4.557407
4.346992
10.119070
-0.827315
14.174349
-10.219495
2.496292
12.773173
13.643529
7.173254
7.283243
7.192382
6.307681
5.370377
3.634449
-1.755056
-11.716313
3.567499
-1.951126
-3.916595
3.600972
38.850346
33.518223
-5.312987
14.494755
1.224234
-9.631291
-0.339534
-10.453822
-9.707803
-13.036193
4.806080
0.143465
18.339619
11.773700
1.855482
0.224762
-3.141885
-4.820427
-7.680163
-13.476152
2.845390
-4.337428
-15.594653
-11.238098
4.423506
0.071733
1.405957
-3.773131
-3.701399
-2.218926
-0.573860
3.773132
-2.429342
5.628613
12.447986
14.537794
5.260386
-2.424559
2.591936
1.812443
13.834814
22.313602
27.196198
13.834816
10.841177
1.482472
-22.251432
-35.904522
-22.155788
-20.525068
-17.201462
-8.225332
-3.844864
-0.349098
-6.575482
-7.675381
-19.606895
-38.582535
-78.470612
-55.654881
-16.034616
7.335845
18.239185
60.226635
51.169205
18.258324
7.555829
-12.271047
-4.504805
5.805554
0.688633
-0.679067
-0.664720
23.643045
22.552711
17.287542
-0.267801
8.703547
11.443730
11.305048
15.039921
15.207298
12.605798
9.028735
2.744965
-9.325230
-3.294914
-1.123809
20.324223
43.374275
58.509842
61.441311
61.073086
58.098579
67.882889
75.309586
80.292618
88.742706
96.595032
110.879364
129.472458
144.957123
142.676010
147.577744
129.740250
73.951469
56.840862
87.365440
61.909962
49.246765
81.459473
69.551857
61.316971
32.743511
25.952831
26.359318
28.300879
19.166937
7.565391
-7.168472
-51.236156
-56.415249
-48.424248
-32.657433
-17.359274
1.965472
8.134468
9.549993
3.706181
13.380508
7.479313
3.749221
8.450091
6.943709
9.899090
-3.462291
6.919798
3.820953
4.882594
-10.018643
6.092483
-3.457508
-10.716841
-11.630238
1.697670
-2.931470
-3.199271
-3.199271
-3.199271
-3.199271
-3.199271
-2.998420
-4.734347
9.640852
-0.425612
19.286486
28.836481
52.326485
26.010220
-19.592546
18.406572
-24.245598
-50.844025
-16.503263
13.318340
1.735928
4.490457
8.378360
8.034044
-5.054753
-15.130783
-9.420874
-2.988856
-8.196638
-4.485674
1.018601
-11.214187
7.101521
-3.892685
1.133374
2.888430
-3.041460
-5.791207
-3.658359
11.434166
-13.174877
-9.286973
-4.179615
6.776335
-0.951652
-7.039353
-2.625411
-2.233273
-4.901723
-2.874084
-1.673759
0.822533
6.642433
27.411394
30.639357
30.022457
4.610011
7.661033
-1.410741
-23.399151
-35.617599
-27.081423
-18.846527
-11.835870
-6.441582
-0.918177
5.049971
6.671125
-23.423061
-49.935413
-70.044426
-84.988708
-55.214916
-0.019133
-11.558507
-0.762818
-5.666021
-6.367109
-14.321587
-27.448238
-29.586775
-31.350515
-42.726650
-46.933174
-47.166878
-62.939144
-39.790020
-53.807365
-41.875641
-10.282617
-7.698737
-21.014984
4.131567
-7.191659
-21.513247
-24.211769
-15.137319
-14.325996
13.210428
5.912946
-16.751141
2.359004
37.034172
58.882526
93.235802
53.833813
59.116226
31.081545
-12.928228
-15.410696
-12.399107
-10.899925
-14.506780
-19.656906
-17.628601
-15.022673
-13.558767
-4.100700
0.912737
13.395623
4.083066
1.119977
0.780456
-14.555283
-15.719351
-14.277493
-10.273797
-8.245494
-7.729600
-11.182125
4.572503
19.784779
18.819128
18.761806
7.085833
-24.123587
6.988831
-5.855623
16.323433
18.047493
-1.049426
-35.900970
-47.272701
-53.798550
-32.501362
-39.080112
8.232270
18.581022
-4.964931
-0.423297
19.603994
31.209417
26.910295
15.736988
18.726532
7.786921
17.743246
19.176287
26.566364
32.523403
6.428840
-0.908330
-26.963209
-11.958172
-4.740057
-0.899508
5.150127
8.020617
-19.745094
-14.511189
-17.544823
-25.195055
-26.191572
-24.705618
12.465250
5.251545
-43.339554
-72.657356
-74.363777
-40.513157
0.379202
24.017757
53.137138
55.491734
35.072014
16.940742
15.322508
13.585223
-4.691555
-13.034055
9.462477
25.503714
25.781502
35.023510
17.897575
59.358738
6.098138
22.351025
-13.452939
-33.048122
-31.601856
-4.960528
21.451513
50.579708
38.542171
6.640493
-25.296471
-23.634144
-15.966276
-10.727962
-38.692093
-17.187666
-17.712379
-13.660183
-22.395113
-16.636496
-16.543900
-17.703560
-14.709610
-8.589422
0.833366
9.145003
-0.207241
-15.318099
-48.692509
-71.008255
-53.375244
-57.912476
-59.076538
-44.759365
-41.302433
-49.406826
-48.851250
-57.198158
-69.262161
-70.333618
-77.767799
-73.909607
-94.849655
-65.589172
-3.276150
-50.015305
29.194342
31.866407
22.117331
15.397470
-8.911305
-30.459824
-54.640732
-61.722164
-62.533485
-63.477081
-64.672020
-3.395207
30.406912
54.556950
70.474724
70.364479
40.830627
27.135172
-18.188591
-18.951406
-33.797710
-29.048830
-16.274929
-25.283243
-32.161839
-19.114553
-21.041441
-18.545750
-7.526769
-37.007717
-16.041233
-18.338507
-31.848772
-34.203365
-40.314739
-34.952957
7.231345
32.073650
17.386089
17.381681
17.381681
17.381681
17.381681
17.381681
16.676184
19.476126
13.492625
26.786837
7.032923
-2.345778
-4.374082
40.689537
17.315538
47.947327
60.099514
58.441589
51.964252
-6.636080
0.211651
-2.032711
6.248055
2.495695
20.080206
52.828480
59.711487
51.585049
37.960144
40.693939
40.799759
37.391331
26.160706
38.277618
42.316582
51.377804
39.304996
35.151382
-0.013229
-12.231552
-19.057234
-40.614574
-35.191071
-22.373070
-30.799345
-38.065968
-30.208492
-26.535500
-32.616001
-31.720901
-36.099396
-48.009060
-62.017582
-72.150284
-42.369492
-37.417789
-43.449787
-16.257290
16.927515
40.411743
52.537464
39.406406
26.742743
15.917771
8.192581
3.924326
3.664174
4.894384
5.855623
12.950277
43.643799
39.115387
43.745209
46.580433
40.120724
3.572317
-5.683648
-11.188681
-13.011478
-12.709205
-8.898733
-3.499038
12.837446
16.217405
10.868088
2.839533
47.378998
69.206764
85.918800
71.235680
67.567177
73.933228
83.280777
57.656277
53.273323
34.926270
31.294415
46.298145
39.405407
42.185398
39.300068
17.458559
21.337723
9.507861
-1.401448
-19.079836
-27.145029
-24.479530
-22.299501
-16.231142
-10.378039
-3.192186
4.034887
8.106413
4.245562
-1.689980
-14.362548
-20.705700
3.723453
-3.471559
36.240700
36.684948
21.314825
25.175678
19.611105
16.542578
14.142712
10.492536
6.356892
2.715877
31.175337
-0.567907
-15.855592
-3.430340
12.722946
16.386860
-35.466698
-5.734028
46.064564
1.415187
-28.152611
-31.853159
0.755682
-9.663575
-31.619585
-14.600699
-21.003391
0.348072
10.794809
12.045121
12.049701
3.425761
4.396697
4.153964
11.568811
-2.244148
-11.953523
-5.427174
2.317426
24.653566
4.744771
11.133721
-12.374873
-5.390535
-2.889913
-0.746523
9.672735
-18.241716
-8.990332
-0.526689
-16.350220
-23.778807
-41.887707
-1.790739
16.643333
24.914623
39.126030
29.315901
4.905066
-11.788648
-9.507859
-13.483207
-11.106242
-12.338234
-19.148535
-5.010404
-10.487957
-3.691395
-26.009214
-17.531832
-12.054283
-41.983887
-53.071815
-52.128345
-26.050434
-6.814883
-8.514027
70.214348
106.803123
57.271568
28.995308
34.449959
7.538505
10.478798
7.149217
-2.917389
15.113651
17.788311
-23.275019
-29.476198
-34.239285
-15.017472
-11.394776
-23.270439
-15.745675
-23.398676
-26.320646
-29.769308
-35.095722
-37.706268
-39.364185
-27.973989
13.016058
11.971841
1.937295
32.301991
25.235218
7.167532
17.371538
24.997057
16.876907
31.056255
33.304989
37.614674
42.844906
41.104542
16.084589
12.132136
11.568816
55.352592
47.378998
85.373817
87.911057
34.912529
48.152996
106.290161
85.818054
78.467323
50.777283
42.364017
28.766310
14.151872
1.506784
-24.877985
-20.737757
20.559143
16.148710
-12.077179
-19.492027
-16.679974
-18.892061
-11.101662
-30.231880
-4.749349
-10.478797
-27.612179
-5.889743
-16.922707
-10.982586
-4.144803
-14.724359
7.675903
3.128067
-9.040710
-6.746184
-3.384542
-57.134182
-36.144524
-24.722265
-20.838518
-11.797806
-16.107485
-16.107485
-16.107485
-16.107485
-16.107485
-18.365372
-5.692808
-23.362038
21.360622
-4.579894
-9.732273
23.948269
-23.288759
-17.586790
10.071181
-8.225489
-19.313408
-2.834953
12.434412
7.492706
-17.000563
4.497456
21.791134
29.650230
31.124962
36.840664
15.209826
14.142713
27.662560
6.475970
11.197840
-1.525105
-8.211750
-17.380697
5.619529
7.428588
18.379116
15.837272
15.713617
-10.932210
3.746353
7.877418
2.111329
-20.531664
-3.984508
5.271458
-3.792152
5.161540
4.570734
4.969183
2.381545
-2.679238
4.781408
-3.183028
9.640676
22.606356
25.482533
23.426161
21.956015
1.218252
4.561572
6.814882
8.129311
7.891157
4.708132
-6.118739
-25.363453
-17.733347
-29.109802
-42.354862
-58.150913
-5.637850
2.825794
34.152264
4.369671
16.118145
16.216202
24.054646
37.421059
37.991016
39.615086
26.781857
20.806501
29.594873
50.603615
43.371899
25.543890
2.794631
-25.972885
-18.103798
15.333694
-1.526013
-1.666970
-2.059199
18.863745
15.241762
-11.019175
10.706616
39.149319
-2.255313
-53.159233
-53.894657
-70.141510
-101.832367
-47.998974
-30.170958
-12.496157
20.242672
18.312170
17.999617
21.394842
16.534887
9.928286
13.666714
34.969631
7.642328
11.901688
-9.793461
-0.024513
-47.429020
-54.813946
-53.759834
-36.183086
-41.423019
-42.587448
-38.407757
-30.642857
-22.399927
-18.447001
-22.418314
-5.901814
-10.724999
23.503075
-2.665928
-62.511425
-69.369308
7.121401
21.161957
48.342171
49.813030
91.009285
85.413895
15.646241
-6.140831
0.845744
27.339560
-16.534887
-5.442172
-7.611686
-51.571934
-24.293657
-12.134569
-35.098328
-27.057644
-19.268229
-22.822802
-37.261719
-17.294830
9.873128
30.054516
12.189731
13.305128
11.558488
4.927372
0.808972
-7.519758
25.194559
25.752258
37.402672
60.881233
13.911858
-18.361200
-13.421570
31.776646
63.492004
55.831287
85.646782
57.547287
2.573997
-6.563703
-14.782113
-56.002888
-29.772602
-17.196772
-3.143957
-10.277615
-0.876387
7.188815
-4.823186
-1.421829
2.543356
26.548969
14.567617
1.060241
-3.015261
13.930249
41.441414
68.155830
-6.539191
-40.712101
-89.458755
-71.128204
-96.886604
-68.302940
4.602554
3.389100
-1.587303
41.024662
68.854507
61.475704
14.181516
-0.661889
9.677012
30.906389
26.598000
22.154787
13.740257
1.146044
-11.386888
-25.997402
-19.783031
13.850576
33.976803
45.958160
88.845901
65.777962
57.823074
33.884872
24.612343
14.825014
23.067944
24.177214
29.325212
25.997400
28.994270
33.216862
40.534374
15.627859
-36.446617
-28.724623
-26.205772
-41.570103
-75.528519
-43.341267
-7.991658
23.490816
49.083736
88.643661
87.307632
89.176857
97.542343
44.720196
-1.538275
-11.736217
-57.351177
-94.202286
-45.559799
-16.853571
15.162086
36.415977
38.959332
44.591488
29.686800
42.385201
29.257801
38.297443
21.327429
27.468258
19.832060
50.143974
29.876787
34.552883
82.962471
87.503746
52.914089
46.117496
0.042900
-5.724085
-36.244370
-19.494984
-22.142529
-22.142529
-22.142529
-22.142529
-22.142529
-23.178255
-24.391714
-24.593960
-42.470997
-46.950981
-71.839134
-65.471535
-93.154305
-78.764404
-80.615234
-51.614845
-80.658134
-74.688904
-2.022424
20.303957
-9.260270
-35.343472
-32.738827
-49.157272
-77.109695
-66.905624
-51.320652
-60.060005
-69.209961
-91.138000
-76.098473
-69.246742
-61.420544
-49.292103
-61.371517
-15.873001
-10.369545
23.313089
17.539968
71.391724
63.657482
46.877445
73.028061
81.007454
62.560467
63.259121
60.770920
73.499962
76.558121
87.834686
94.594505
94.171638
64.294846
67.592018
73.003548
19.415316
-36.348560
-34.534504
-32.009533
-60.544163
-45.945900
-33.020744
-23.533714
-16.393930
-11.166257
-4.449344
3.824230
-4.455472
-25.562275
-26.346729
1.863085
38.689682
17.797371
-2.065329
-8.789089
-14.608943
-21.147936
-27.301413
-31.697811
-34.207394
-43.941750
-20.540005
-17.934044
-36.405594
-7.413827
10.060562
35.419552
60.722939
33.910839
36.175758
37.387917
28.569174
42.918633
20.992243
5.163727
13.771181
-5.745714
8.292363
15.987915
45.424503
14.312391
69.489792
54.891964
58.873184
34.948772
4.589159
-9.589782
-22.248890
-28.806421
-28.202192
-22.363804
-17.600422
-19.824568
-20.495520
-15.387394
-7.743740
14.764634
1.616214
10.694443
1.378973
-30.567202
-13.997301
-29.058491
-30.589441
-30.986084
-26.689772
-21.870783
-18.071199
-13.352299
18.486376
-1.453109
17.296457
6.134940
17.719044
20.606724
12.651693
14.812823
-5.241575
-16.188087
-30.126081
-54.632484
-15.535670
-21.566818
-10.890908
-27.894518
-6.613133
15.850758
24.372950
29.662712
24.710281
21.933802
18.234304
24.135708
22.634409
9.048575
18.371460
33.921955
12.214277
7.565809
11.117031
-9.219092
-6.138647
-8.885468
-3.884845
-0.852590
-2.832081
4.982091
-22.271132
-22.979151
-21.666904
-5.248988
14.449545
-12.295829
-9.426678
-6.972703
-18.920084
-61.909153
-35.831020
-21.855955
10.438668
-0.704311
35.482567
35.545586
41.921471
15.999035
18.634649
21.185009
6.987531
3.388118
-3.703206
13.092813
-8.581503
21.070093
38.284992
62.891476
37.243347
44.950020
23.120012
15.706190
16.773783
4.589157
4.900539
2.220441
-16.262226
2.587421
-6.761409
-5.430629
-57.890854
-34.819035
-50.069271
-34.229633
-19.038704
-7.725205
-28.843489
-30.474527
-27.397791
-22.271130
-16.488348
-4.826400
6.809598
-5.363904
3.658722
-14.208595
8.870641
-30.374443
-11.332035
-17.403955
-17.437317
-21.659491
-0.385519
-7.710378
2.917340
8.488835
-0.237241
-15.116785
-27.123478
-11.914014
17.793182
50.773582
59.225346
82.552948
27.297705
53.931873
69.860481
46.584770
50.528923
21.210951
0.066722
-7.977277
-13.786011
-18.130512
-16.384556
13.089108
39.000423
77.159393
47.100033
32.157467
7.402705
-23.212687
-27.883396
-19.157322
-31.119532
-21.466732
-30.137199
-7.895725
-36.698437
-20.636383
-23.805792
-32.042553
-3.958984
-34.893169
-22.260010
-37.091373
-5.219334
-24.684328
-16.480934
-13.960234
-9.126419
27.001152
10.468323
10.383065
10.383065
10.383065
10.383065
10.383065
10.101340
8.329436
-19.194395
17.218611
5.189678
8.032882
22.515791
37.981026
30.341080
-18.464134
24.884510
11.869534
48.323315
7.384171
-16.529123
13.997307
20.425091
28.317108
39.467495
43.900970
46.291924
39.030087
35.256447
18.260252
30.148321
39.990173
21.092335
35.315758
18.671721
40.805698
40.586987
31.219620
15.053774
-15.491187
-7.788224
-20.247158
-17.237144
-29.518145
-16.169554
-19.672585
-31.230738
-15.828518
-25.158815
-24.691748
-25.288559
-27.646156
-29.796164
-60.152073
-50.517811
-45.939770
-11.257894
-21.425955
7.677019
0.963797
24.350710
16.862747
10.750048
5.845801
4.452002
-0.337329
-8.362797
-17.796886
17.667145
17.785769
25.666666
19.227757
25.325626
17.856197
53.438847
-20.959908
-39.112644
-55.789268
-67.111794
-69.479546
-67.636543
-59.360092
-76.075111
-64.816574
-67.994904
-2.043517
14.496591
63.114357
88.421547
91.203102
106.578537
100.802086
69.603271
56.685173
80.857544
100.055504
95.183487
71.164711
77.564026
82.077675
63.246609
58.285000
64.351555
58.285000
5.857510
-18.511097
-46.740635
-63.622040
-68.536705
-65.494911
-61.186031
-54.334492
-46.190292
-39.961620
-33.157009
-40.627148
-39.300358
5.170650
9.304609
13.843859
-13.472700
37.909561
33.391647
54.769642
48.400185
42.034992
35.247448
29.773899
25.153595
25.209053
-3.037544
-3.195394
-12.576796
24.159569
13.020483
22.303764
24.389938
-7.606658
-39.859230
-56.941139
-37.879707
-27.461613
-35.183460
-41.139091
-34.769638
-28.523903
-17.107513
6.356658
30.691135
58.110088
43.732948
58.873737
59.965889
14.901882
37.525608
32.308029
35.674072
17.141644
-3.417238
-1.395052
-23.592159
-2.444541
11.070823
9.773894
3.809729
0.174915
-11.685158
13.545227
-10.836182
-10.277308
-10.827649
-3.788397
27.175777
20.912979
-7.721846
-32.026463
-15.840451
27.141647
13.720142
-6.160411
-8.276454
-0.925768
-19.594715
-3.728671
-7.201368
5.520479
-13.118605
-17.192841
3.114335
-15.806322
-16.058025
-30.076805
-18.225262
-20.021336
-14.441133
15.123725
30.866051
15.674069
41.796085
104.944572
145.089645
92.969322
24.424065
-38.903595
-66.907021
-61.527325
-66.523064
-67.154457
-56.075108
-58.097290
-29.953083
-52.495754
-40.221859
-44.087048
-25.000008
-32.423218
-32.064857
-32.845577
-36.232952
-38.711617
-41.053772
-27.901035
-33.647625
-23.494038
-34.112644
-29.982948
-54.197968
-39.471008
-55.102409
-47.069130
-53.310600
-38.933460
-42.474419
-38.796944
-37.790119
-32.226974
-62.508560
-48.425789
20.789257
29.756836
15.964171
83.242355
97.030754
110.332817
100.921539
62.973572
44.082775
62.794388
86.476135
86.668121
91.275635
97.598160
69.389961
65.341316
68.890816
70.123749
31.958202
-19.479530
-47.064865
-71.770493
-77.154465
-77.367767
-52.785854
-81.267090
-52.990635
-69.441147
-44.671516
-62.704800
-52.896778
-55.814865
-36.668102
-54.846436
-60.452240
-44.846432
-74.244904
-45.456505
-5.388229
-11.377993
-24.176628
-50.665546
-25.251717
-26.480385
-26.480385
-26.480385
-26.480385
-26.480385
-29.065708
-0.119454
-6.377989
-23.920658
17.423214
25.379700
18.843861
-24.820831
-6.697954
-37.960766
-17.384819
-56.228691
-68.191147
-56.092167
-61.949684
-34.394211
9.462462
41.058033
64.731255
71.459068
57.572544
73.485519
63.980396
70.166405
24.637383
48.093021
49.547798
45.895916
9.099835
15.196250
18.007687
-18.122875
-27.205639
-25.951374
11.825946
3.890787
-10.955636
-2.606655
-3.865189
-13.084476
-1.569966
-11.744885
-2.431741
-9.910414
-6.203074
2.905291
15.217581
9.906147
16.424919
16.237206
-10.955637
-13.634817
-14.206490
-8.703075
-3.796929
-1.262800
1.877134
4.790957
7.337886
6.753416
5.217578
1.689420
0.661264
-21.791809
-34.308887
-27.674919
30.861786
34.069977
34.249153
-6.433687
-14.662610
-22.558914
-17.031958
-12.097336
-10.406899
-7.591021
1.663101
-9.554847
-5.422160
18.353323
39.176243
52.613171
30.409655
24.190117
30.186390
49.296085
31.484970
6.729854
26.486561
41.212963
45.969883
41.891872
53.232841
58.723347
24.714106
30.227396
28.855904
36.857010
-23.620562
-40.789211
-40.164982
-28.076757
-13.099754
-16.207243
-21.752424
-21.665854
-18.681387
-11.026575
0.574111
9.750772
3.499344
1.143665
37.800194
1.407938
24.650318
49.637806
25.233540
24.841686
24.732330
19.073238
9.044523
-0.838386
-7.363201
-24.035200
4.870830
-11.327299
-27.297607
46.785484
47.897255
8.269930
8.967070
31.079451
2.633619
2.027613
-7.053363
0.988747
-12.908383
-28.947037
-33.230083
-5.937036
39.882488
28.117767
58.399841
46.621452
8.274487
11.641691
2.679184
6.374454
0.077459
0.337177
-6.985018
-38.073574
3.143940
-10.839761
-6.028164
3.872971
-4.542767
2.738418
1.175561
0.077459
4.665791
-2.077735
12.552981
20.271584
15.792608
-17.801996
-8.320052
2.342007
6.579494
2.050396
9.358918
40.994255
7.176387
-19.127918
-19.934406
-15.564783
-9.217670
-12.129232
-4.560991
25.201647
33.298435
40.078419
2.337454
11.532339
3.991439
-23.871164
-23.041897
-24.536407
-38.451759
-78.006172
-37.590591
23.465647
56.007713
73.149025
94.258987
72.775398
26.081043
-13.509831
-12.698787
2.929789
-5.002967
0.906732
21.160091
14.753740
-1.640316
1.389714
-30.482557
-36.483383
-14.093057
-1.380601
-4.428856
-12.717014
-23.752701
-34.150486
-44.657627
-35.403507
15.022566
8.857710
-3.080151
51.433052
61.297733
26.614145
31.521420
18.284977
-9.258676
-10.580045
-4.014219
3.526681
13.186334
27.625669
46.703465
19.036789
-0.419191
18.248524
3.722610
0.141249
11.587013
26.741722
17.656189
30.459774
10.725849
34.797501
54.472195
62.573532
74.224335
83.391876
31.621666
-0.218710
-9.477386
-5.153326
-26.823738
-51.414822
-53.797840
-15.254946
-3.613253
8.944283
-20.353600
26.185839
9.108317
-6.265100
12.042659
3.759060
-5.144216
-13.678419
1.439835
-13.641969
-5.741108
0.259717
-24.650320
-4.643010
-35.531082
-24.139999
-37.845757
-69.759033
-67.002396
-62.509743
-62.509743
-62.509743
-62.509743
-62.509743
-62.518860
-77.395615
-47.642094
-13.664752
-45.208958
-17.319016
-27.379627
-34.811169
-25.898779
-20.244247
-23.839270
-22.112383
-61.990311
-3.472002
32.897472
35.467300
41.873646
53.875301
30.282072
9.208556
31.653557
13.386807
22.085045
29.270542
24.281244
-0.113912
4.342282
-6.934898
-26.409101
6.096510
12.393506
-5.098652
-1.207458
4.743250
13.682977
6.310664
10.024159
35.936615
-3.631479
9.951257
13.259228
0.132136
4.100793
8.857712
15.514664
25.625395
39.677444
34.305408
32.537510
16.175348
-34.401085
-45.951656
-40.183208
-16.795023
-35.973061
-26.714384
-18.043488
-12.024435
-6.980459
-1.690438
-0.437418
-3.444666
-22.909758
-40.593292
-61.211151
-50.503540
-43.500298
-37.467575
18.549253
9.173136
9.832643
24.416729
40.338566
55.203690
59.138245
63.601158
74.483017
73.501251
78.634911
48.282619
61.528961
26.964828
-10.983030
-54.757774
-48.533684
-32.982822
-33.136452
-51.242905
-68.367592
-54.218182
-61.881191
-56.391552
-66.553947
-47.758018
-54.439262
-42.654335
-26.841164
-60.813248
-36.250378
-44.704056
0.659505
34.035782
55.844463
52.839214
53.985855
52.071037
49.590397
43.962109
37.168438
34.110725
10.968043
15.693257
11.886106
9.858873
23.333792
12.129673
15.385988
26.342789
20.223619
16.112946
12.762950
10.701993
8.674760
3.503629
24.765219
-7.955297
22.456945
10.784430
0.592056
-33.664810
-13.707243
-3.713470
20.129938
5.242328
-16.105452
12.313287
35.088745
14.966300
22.112206
32.503178
50.969357
29.467955
8.318779
-43.223907
-59.707825
-56.841221
-35.351051
-43.130230
-29.756485
-29.100725
-36.954849
-41.316586
-13.381239
-10.465920
3.267554
-12.245836
-9.712732
0.119910
1.262805
0.026230
8.700990
-15.341021
11.575089
-13.493656
0.820635
-19.298061
-28.767223
0.318512
8.937062
12.969044
-15.056235
3.705977
-2.780420
8.588573
21.823669
-3.368729
15.179891
-4.058214
11.050482
7.636786
-3.882096
0.071197
-20.422218
-3.005251
-27.264597
-36.066765
-35.227390
-39.442989
-45.565910
-37.483204
-59.385563
-1.120413
-1.221582
-11.811162
-29.868896
-28.077738
-17.679274
0.303522
38.168938
61.776272
68.779785
50.317352
37.771736
40.720779
28.677292
49.848953
13.205120
22.277081
28.474943
21.062990
17.372002
14.190632
13.272569
16.532629
19.373005
14.962553
23.502417
-2.297029
38.843441
44.306843
43.077766
31.907377
51.325344
36.673805
46.064281
60.011341
59.719063
60.749542
61.491486
61.735050
56.387806
61.416542
45.985588
50.287373
-11.946060
-23.937090
-28.714760
-70.458534
-43.478718
-26.844912
-39.225655
-54.813984
-46.783749
-55.499722
-68.378830
-77.739334
-70.447281
-68.127769
-37.955349
-54.780258
-31.379021
-37.786732
-9.971291
37.985325
61.585167
62.106026
40.664570
72.073570
31.281593
50.062542
47.214672
34.470455
39.990078
43.969601
31.914869
52.116001
27.200897
45.224911
29.149441
18.031507
-13.029001
0.243568
-5.159891
-17.439447
-7.932816
-10.301043
-10.301043
-10.301043
-10.301043
-10.301043
-11.901093
-4.597810
-17.188391
17.450691
-20.036259
31.442726
-4.953792
-6.478902
9.675261
31.461462
3.840876
16.146667
21.992294
46.379047
59.542942
25.342287
29.700277
4.395461
-31.367781
-55.050060
-41.874916
-56.316612
-33.522415
-41.170444
-49.373058
-36.954849
-35.159943
-42.534428
-55.458508
-25.458450
-20.137432
-0.940546
-9.311782
-20.126190
-5.474653
13.669772
-0.876845
12.882860
-6.538857
14.348015
2.761684
7.213353
14.029502
11.436442
8.015251
1.660008
-8.386225
-4.728962
-13.654782
4.740203
5.853122
27.691782
39.285603
17.563110
16.225361
13.100199
8.828394
6.145402
2.814144
-2.248317
-11.721230
-21.486423
-17.765457
-33.121468
-43.636105
-56.605145
-28.707270
-33.106480
-32.881649
-9.185951
-16.465660
-31.381351
-36.350800
-42.058506
-44.368767
-52.368366
-24.751747
-20.847443
-52.651184
-14.111326
25.717724
62.880241
76.594887
61.789383
49.191299
75.981499
71.588707
57.936497
43.858231
17.049654
13.328998
37.724468
49.687141
22.672880
37.566532
8.822330
29.431038
45.264957
18.746538
1.627098
-20.755619
-28.685436
-29.945248
-22.228456
-16.377512
-20.076132
-26.859999
-26.790213
-23.120975
-14.919366
-13.351033
-24.061241
-34.709011
-3.055861
-12.891918
-8.073058
-25.537752
-5.806871
-11.048115
-9.182278
-4.102642
1.204715
5.524059
13.762398
8.433002
14.930383
-5.648940
-9.692812
-17.912786
7.132793
-1.715250
1.057799
-0.657451
0.686835
-7.555178
-33.103951
-14.757756
-19.473774
-52.875229
-74.325035
-30.250093
12.969049
22.544331
19.547235
27.153831
42.510273
18.430668
35.513378
27.646002
9.960936
17.321449
27.583561
8.917828
11.430099
22.525967
21.523260
-22.750008
-9.799328
-4.716018
-0.848442
5.770144
-3.808808
-35.116703
0.517881
-3.140339
6.835288
-18.518816
-6.883036
4.921700
12.733981
-0.804368
-33.294937
-8.473406
-14.754084
-4.804169
5.167786
5.450599
17.251663
-4.499318
5.266953
-14.974459
-14.162747
1.171659
-8.745203
15.742096
-1.862167
5.057600
9.329194
46.590881
27.179543
37.302082
54.344395
47.314442
7.514774
14.827542
-31.054464
-26.470676
-22.503925
-17.009249
-38.010956
-40.148590
-19.624363
-43.446865
-52.118610
-14.372101
-17.185551
-9.887477
-29.379614
-13.090255
-22.654514
-21.229425
-17.416945
-15.929415
-12.983741
-5.564461
-16.932119
-18.188255
-10.776320
-28.847042
-26.088688
-46.333775
-32.237141
-41.320255
-18.930185
-26.562494
-4.800493
-13.409798
-24.689308
-28.667068
-29.148220
-11.128922
-11.279510
31.858835
67.133484
66.174843
59.295475
80.120880
57.892426
92.406769
87.051659
76.539795
55.391171
12.039804
1.046778
-0.988016
-4.121006
43.924347
45.602863
31.381353
55.380154
42.491909
5.718720
-28.241014
-26.242947
-39.032024
-44.221851
-32.064514
-56.573849
-24.266922
-56.382858
-21.839128
-43.443192
-27.987583
-12.763368
-31.686203
-24.292633
3.599453
-13.975428
-12.194066
-29.177605
-10.196002
-27.550503
7.669040
18.827345
36.743805
27.234638
27.234638
27.234638
27.234638
27.234638
29.115171
17.130457
1.065146
6.387195
44.335712
3.346022
46.950817
0.415040
12.337309
-10.074796
20.939268
-0.077132
-4.668269
-44.699329
-23.888617
-24.307327
-6.130088
25.192497
37.258011
39.913525
30.852453
38.874092
19.367262
28.872753
28.931522
37.628971
17.820967
29.611010
24.149391
8.925173
43.568069
20.549940
21.324921
9.156565
-24.931719
-31.105879
-9.050054
-14.765103
-3.140340
-19.624365
-6.328425
-19.763933
-4.734382
-11.668839
-17.923805
-29.820364
-41.107216
-18.797958
0.932919
-7.683732
17.685066
4.282614
8.462386
9.266752
17.203915
13.115965
9.979299
7.856357
6.824269
6.431267
6.710409
5.524058
28.086752
37.078041
7.613946
-3.823507
17.247990
41.992393
57.183559
2.302485
15.733651
32.210812
47.680637
64.325691
70.897362
82.985420
73.199852
75.358437
61.356445
79.368591
12.308704
-13.172137
-46.279961
-84.884956
-92.166580
-54.415405
-64.282524
-57.873932
-59.125904
-66.325966
-76.759109
-69.184891
-51.148750
-66.268410
-77.579361
-76.629593
-36.743828
-19.340874
-74.658104
-31.337791
-10.121344
25.025139
58.814114
59.682346
59.169083
52.160892
34.091175
25.610352
27.418762
31.678362
-5.396451
3.789508
14.222647
44.111786
30.584681
38.326786
40.897900
40.494961
40.610088
35.400715
26.934284
18.947535
13.037825
14.735909
-13.575071
-12.174393
9.574504
-2.465579
-36.643105
-39.161442
-17.196688
34.518093
26.349066
12.778794
22.007923
36.364880
51.647625
31.817471
26.037273
48.937412
25.073105
21.101320
-9.742392
-49.316360
-61.390015
-34.542080
-25.735073
-46.083286
-48.097961
-47.589497
-35.367138
-47.090622
-23.706009
-11.272587
-1.539788
-11.742676
9.099616
0.532450
0.321389
-0.033578
-1.170430
8.826195
-6.379804
5.463604
31.510469
3.765523
-7.108922
29.121643
31.788687
0.378950
-7.123315
-3.386572
6.082400
3.592835
28.406916
45.272625
-22.828186
-22.099064
-8.706273
-8.212197
-8.077887
-18.122480
2.906888
-6.202320
-25.960524
-30.603868
-42.274590
-45.498074
-78.553131
-47.695023
-15.455436
-35.563805
-34.618828
-33.194164
-46.889156
-41.593437
-20.448950
11.229416
45.814667
58.531097
35.904385
46.155239
56.650738
46.236790
63.020947
34.849079
41.358398
40.466183
35.357544
33.549133
34.321426
36.686272
38.221260
42.413704
48.213085
50.136620
26.219551
-4.537817
-3.866259
40.413418
40.864323
63.078514
56.295776
41.113762
41.454334
40.139999
39.290955
35.933163
44.063816
69.103348
66.556221
70.609558
84.769836
49.230019
-7.842839
-61.908073
-97.889214
-106.072632
-63.639736
-64.133820
-51.067211
-50.549149
-55.134930
-62.819473
-58.981998
-53.547176
-33.112614
-25.571978
-28.632366
-44.653824
-85.767586
-56.957733
-2.691030
16.539516
53.767834
49.589779
74.926720
50.371670
50.141418
61.572300
50.928101
51.014442
48.985382
54.928669
42.135487
33.649860
52.587807
45.426121
24.200081
-22.190201
-0.887417
1.016934
-19.369661
-21.106117
-23.355841
-21.979143
-21.979143
-21.979143
-21.979143
-21.979143
-24.473501
-2.014673
-2.762983
-29.965895
2.436796
15.047703
-6.509318
4.288381
-9.373036
10.845669
42.783058
-12.999451
-35.362339
44.999203
33.894501
48.539268
23.801943
-17.364578
-56.247799
-87.691124
-98.311340
-72.571465
-53.369694
-43.483398
-52.156086
-57.384651
-57.667667
-43.958282
-58.286461
-66.239632
-13.733367
0.561230
9.373034
14.668753
10.994370
-5.578729
8.360901
19.302502
34.215897
22.914526
14.155489
19.134613
19.192175
21.715315
18.515820
7.008189
-4.518627
10.941604
35.309574
22.713058
4.446677
-7.334375
17.738731
26.545738
-17.676374
-17.201488
-15.527388
-14.529642
-14.337769
-15.393075
-17.978575
-19.786985
-21.432302
-29.447830
-49.887177
-51.139160
-74.494995
-33.505959
-43.958286
-11.506951
-33.153744
-43.457214
-72.324883
-87.046387
-87.093895
-80.817856
-86.281021
-95.571030
-69.574829
-81.224297
-10.709908
10.979108
78.088921
129.136490
119.381981
84.882240
117.048920
98.083565
87.848701
110.825661
104.686859
100.448280
92.689018
77.265480
82.987282
65.763809
54.378265
74.874367
81.820747
8.033751
12.245931
-50.055237
-82.770859
-77.244370
-74.890198
-69.712067
-60.670135
-51.242882
-47.547985
-50.620029
-32.388371
-40.807449
-19.060366
-1.140137
2.354175
31.206005
26.455429
42.739349
37.951824
34.351948
29.078802
24.681883
19.920750
14.864024
-4.808639
9.902312
-13.048248
-5.526504
28.081182
24.502413
-2.707828
-44.845440
-6.254926
-13.386068
-32.942604
-13.982530
-44.080067
-26.239016
-34.895618
-80.648949
-45.800831
-21.646793
-11.037171
50.910343
77.413269
73.507248
56.537136
70.767746
35.307339
44.243698
29.807228
23.145864
11.543900
11.111070
-1.345998
15.740243
4.988104
8.646048
3.795182
0.295591
-3.156494
1.129581
-1.567690
6.175749
-22.000444
20.564718
7.901792
-8.783288
8.302951
-13.961418
2.475577
19.123711
0.622853
-20.791687
-15.676902
-2.982306
-0.079176
2.406959
-2.860903
7.094193
-6.349937
-11.923946
-3.768790
-10.102893
-7.996802
-17.439894
-2.306668
-23.758156
-9.580326
23.415066
19.150103
43.837261
83.499290
121.567245
128.349991
89.432236
43.224964
1.657427
-66.360268
-102.480484
-90.867958
-73.765884
-69.749016
-69.215897
-64.528656
-42.586277
-53.412312
-54.483829
-39.287262
-40.638538
-40.496021
-41.541149
-44.438995
-50.651699
-53.639282
-34.615864
-24.834953
-31.237680
-50.324440
-55.360046
-71.633408
-63.916359
-65.230690
-60.147575
-69.854584
-60.548733
-69.511490
-72.187645
-66.508064
-62.570366
-65.183182
-90.202881
-58.907143
-20.997541
2.348898
35.909077
156.937912
107.574165
76.753479
110.957626
89.796448
85.879852
106.840454
108.846252
109.949448
105.721443
92.272026
72.314331
76.816811
93.016273
80.833687
39.202808
-7.220876
-52.979481
-89.733109
-94.013893
-81.145111
-89.279160
-76.030334
-85.388962
-62.079472
-75.032707
-65.489334
-60.411495
-61.620255
-55.254478
-41.530590
-70.176567
-51.585976
-34.790054
-33.206528
-39.672585
-20.459145
-48.028320
-27.965055
-27.980890
-27.980890
-27.980890
-27.980890
-27.980890
-27.785589
-26.624340
6.877778
-25.346958
4.782245
3.531263
-4.138281
-30.598989
-40.005131
-13.533866
-34.742546
-65.019554
-46.413132
-98.753914
-74.747673
-70.873322
-20.538317
-5.774592
61.483009
92.029221
81.783806
78.606201
69.706787
77.033226
64.676453
44.085350
52.446358
32.119175
35.339008
18.970636
-4.296631
15.756078
2.127204
-7.062524
10.667682
7.532301
17.878002
-8.709390
2.454465
1.710208
6.566351
-2.713107
5.589844
1.567691
4.201621
10.340421
16.579512
21.177011
14.626493
-1.113746
-0.707308
-23.673702
-17.397665
-5.800982
7.933462
8.529922
8.630214
8.260724
7.917627
11.306371
14.061706
11.913390
-11.454167
-8.186825
-3.663221
-30.435362
2.892574
65.383766
43.805592
5.381121
3.859440
10.373803
10.527040
7.269858
6.414581
1.012078
6.475164
-9.949725
11.250463
-5.359738
-12.754325
-24.179405
-22.226522
-23.669802
-11.610393
-14.400734
-12.305304
-6.678291
1.592955
-9.511398
-8.103755
-17.732756
-16.196815
-3.157399
-16.856094
15.587434
-3.674131
-14.888954
8.706012
9.504270
14.472008
15.416377
4.383297
6.913493
10.943989
17.682861
23.876495
22.030523
15.002992
5.199374
0.235202
-0.135419
5.876468
-21.941431
-6.097416
-16.938057
-6.193634
-18.057045
-12.814907
-9.030304
-6.767383
-4.636317
-2.729760
3.246490
2.123938
-19.001415
3.634929
5.470211
-8.214227
8.937649
-18.049917
-27.960445
8.534955
20.580114
3.923584
-9.101577
10.986753
-0.171055
0.637894
11.339554
-22.768200
0.805387
-11.934684
-15.958051
-10.858459
-17.276606
-10.573366
-18.274429
-1.970701
11.631773
8.841430
5.078210
-7.982589
8.078809
1.468226
-1.240153
0.128292
-3.677693
-2.401904
-0.730549
-3.328455
2.801034
3.032671
-11.015261
1.450409
-22.825216
-11.029514
-8.167900
-2.355577
15.384302
13.777095
12.618907
-11.674536
4.671953
-14.732153
-4.183733
1.008515
-6.296980
0.552367
-10.309656
-1.129679
-3.745402
2.131066
9.953292
1.368444
13.246107
6.193635
25.601305
35.786232
24.054674
7.034658
-49.905437
-34.449860
-23.135256
-39.157452
-6.970512
-13.459929
19.781853
22.358377
22.383324
18.438354
5.484468
-7.497932
-12.690180
-3.506638
1.771138
3.438928
10.705223
-2.480305
-0.231637
1.133243
1.033460
2.113248
3.424673
3.335582
18.805412
-1.461099
10.619696
6.820837
-14.692953
-6.250651
-2.066921
4.304896
-0.908731
9.019615
-0.887352
3.118199
0.865969
-11.360937
-26.438765
-42.799511
-43.747444
-10.719481
-15.754930
-49.107182
9.372416
-14.368662
6.746000
-34.389278
-8.834303
-3.741840
1.008514
-13.196218
-17.964388
-27.675354
-38.245155
-63.817951
-33.868992
-36.826824
-13.866186
16.980818
8.228481
24.988358
11.428645
4.440315
1.756883
4.543662
5.263520
-5.488031
13.698694
-5.316974
8.428047
3.948531
3.018417
11.927557
6.667602
1.689173
22.026958
6.343307
26.581308
12.943200
18.406282
1.272226
26.428078
14.090695
15.555358
15.555358
15.555358
15.555358
15.555358
15.526849
18.160391
12.323122
-9.750163
-14.899648
10.070892
-12.700869
-7.587023
-9.158596
14.789174
33.117054
25.904217
11.446463
30.522711
-1.072660
-5.224319
3.471000
-8.449427
-7.095240
4.814499
-3.609984
-5.288465
-0.409821
-10.815696
-6.296980
-10.377365
13.670184
11.973884
-3.795293
3.912894
-6.660473
7.009711
1.649973
10.081583
2.401904
0.677095
-11.884792
-5.587813
-21.392628
-6.428836
-8.474374
0.776877
-6.966947
-3.752530
-3.175218
-5.192247
-11.225516
-24.111696
-21.556561
-0.997822
-1.044152
45.269123
20.754732
23.452421
27.807205
24.225731
20.398369
17.169693
12.875490
7.476550
3.980604
4.205114
20.612185
14.308081
27.165747
33.145561
39.777531
14.411425
-36.609440
5.955612
13.503381
9.802011
11.009527
18.182116
15.858511
9.518260
18.434338
19.162632
1.462894
-9.385843
-55.117001
-35.178783
-37.518147
-75.767738
-88.877022
-66.381897
-52.572704
-46.468903
-53.811741
-45.891945
-41.960423
-42.285164
-58.673340
-78.088188
-59.928150
-13.799737
1.995715
4.640899
49.079411
47.969627
18.052849
17.561014
33.873528
21.546137
7.579297
-3.452302
-0.176558
9.997483
17.179529
26.010481
2.083992
-4.218427
-3.518509
17.655600
-27.429234
-5.498457
-11.154555
-10.429414
-9.776787
-9.124161
-7.932408
-7.506783
-6.144779
-5.167416
-2.229020
14.064577
3.799106
-18.774841
-12.560698
-1.872751
14.187537
-5.126430
-7.670726
5.983987
22.655920
24.837645
32.744827
13.232242
25.739342
15.867970
-3.042438
-20.017036
-2.834354
13.966841
-3.688757
-11.599097
-26.943707
-19.985506
3.178009
-21.971762
-4.454886
-21.801512
2.515922
6.132168
-12.251723
-3.159091
9.341704
1.522796
1.068794
0.116653
-2.017783
0.167097
2.266853
21.306524
31.625595
-7.295547
-0.576960
23.425198
0.750363
-27.025679
-39.201736
-20.288174
-16.044525
-0.791348
6.330792
8.875092
33.495193
39.491791
24.894394
22.800945
20.070631
16.977753
14.411383
-0.302668
10.993765
8.884549
10.508235
26.817596
17.715500
9.518261
-6.242516
-15.716637
-45.157352
-57.566723
-41.364548
-13.156573
5.832656
-20.029650
-20.641289
5.482695
21.725845
36.414673
27.435539
-4.672428
-8.039604
3.635162
27.485983
14.903218
8.320201
7.913492
10.407345
15.335150
22.725277
31.045479
40.390335
28.873207
9.505648
13.547520
0.375180
-23.009029
-11.409930
-5.589890
-16.782274
-9.943883
-17.113319
-22.608622
-23.910727
-20.757944
-15.735553
-16.763353
-13.166028
-24.623255
-57.891438
-53.370350
-13.730378
-52.692513
-96.257690
-75.606941
-42.206337
-56.217316
-49.274883
-52.862755
-35.623325
-25.061493
-17.371847
-19.632391
-14.729812
-20.398521
-31.382824
-20.534096
44.441662
48.023235
12.434584
0.129265
27.356720
28.151222
26.130287
13.222782
32.136341
15.461260
18.995533
19.105881
16.085510
10.637499
7.916645
18.913559
21.391651
24.922770
8.244532
7.390130
13.077755
0.167098
7.494171
-9.470966
-10.760456
-8.931841
-8.931841
-8.931841
-8.931841
-8.931841
-8.026993
-21.123665
-27.520664
-0.942684
-12.980013
-20.250341
-26.499161
-8.616562
3.695066
-8.569271
-9.300720
8.692231
31.045483
8.919228
11.709446
4.975095
-18.935631
-11.945904
-13.648407
-36.052105
-33.993332
-26.306839
-37.792442
-30.862616
-15.877426
-13.348893
-30.887840
-8.335965
-27.508055
-28.375067
11.554961
16.019304
14.994646
1.172836
4.574692
14.669913
24.128267
30.894146
9.761024
3.972510
15.776540
13.096671
14.225369
15.521164
12.910657
10.133054
10.694246
2.730312
-28.378222
-62.311657
-60.180370
-21.445248
-12.639518
-6.182612
21.927624
14.770800
7.919797
2.500159
-0.904849
-2.575826
-3.732898
-4.117537
5.476389
18.346060
34.377968
29.727613
-16.274677
-21.319136
0.192323
-14.182349
-19.443542
-32.439598
-40.014866
-61.703327
-70.363808
-86.897469
-87.349648
-77.167725
-93.142815
-51.579918
-53.718452
-30.955400
-24.965399
21.986362
0.659640
20.225540
11.219273
19.523338
20.284056
44.345104
44.738758
24.965401
12.703465
15.400558
34.152538
52.633217
67.789085
100.228668
59.836102
51.776741
20.842628
1.063944
-47.622047
-54.058903
-54.899418
-52.149128
-44.515339
-39.599930
-35.439919
-23.156700
-6.101707
-14.363220
-30.035088
-27.582701
-68.544464
-70.677666
-57.905056
-35.232449
-36.429382
-33.556736
-27.513546
-17.507166
-7.420996
-0.579848
-15.895296
9.915940
9.735071
28.460453
1.175655
-17.677399
-19.246712
-44.994118
-31.290539
7.266725
10.713895
18.017860
-9.171182
-4.739864
-29.726543
-44.776009
-22.406622
-24.843050
1.372488
11.623566
47.590130
45.057949
29.854219
45.834629
39.626526
44.627056
40.812824
26.758148
18.384922
-7.655064
17.794434
1.718267
16.166603
10.708579
4.771781
0.638365
-8.596653
12.097022
13.065212
2.457706
10.506429
19.672289
21.534189
1.755504
-14.405777
-29.971252
-33.939758
-24.422794
-17.374176
-3.032235
22.034243
33.881237
27.300756
26.518761
32.428955
23.981258
4.676026
2.643897
24.204685
22.683247
19.055208
39.387138
73.890793
79.136024
105.548386
78.008247
47.302864
-24.646223
-31.263941
9.543569
35.791012
-9.495687
-12.719431
-58.064636
-64.937706
-85.163254
-68.938133
-68.108261
-48.930702
-55.027088
-21.230967
-38.924324
-37.615677
-28.327461
-15.012223
-20.911783
-19.209476
-14.937749
-9.782948
-3.287583
6.511326
2.404508
-30.854324
-55.048374
-52.931126
-65.219658
-77.944397
-62.192741
-73.449242
-85.860138
-87.051750
-82.992813
-94.946190
-102.154396
-116.155884
-136.807007
-116.565506
-117.352806
-81.779922
-70.879837
-62.847076
-54.250427
53.819515
34.200417
30.455343
-9.511640
3.830194
10.293642
43.376911
50.500004
54.670662
54.761089
54.378078
68.214653
105.128120
101.797989
85.312202
46.957088
15.714430
-10.852208
-58.527462
-62.166149
-43.717388
-60.586185
-56.607044
-45.579281
-40.945816
-54.090820
-43.642906
-46.042099
-33.402466
-31.944864
-30.359589
-13.543984
7.692303
8.873279
38.131687
22.151279
9.155222
-7.830615
10.165967
9.240338
9.240338
9.240338
9.240338
9.240338
12.809863
-14.065315
-7.234807
-43.164135
-10.277680
-13.623779
-30.465982
-39.647804
-33.471615
-30.338305
-20.331936
-24.869650
-57.128376
-56.053795
-59.181786
-41.413952
-33.099243
-9.953178
1.165018
43.781219
35.604824
43.855694
33.370544
5.500579
18.560471
30.237236
37.796547
35.881451
33.711010
-2.085327
21.715061
9.304174
9.399930
-10.852210
23.034348
26.151697
16.783688
6.889026
23.529081
16.113405
8.963712
10.921367
18.672186
13.293959
13.554624
14.730279
13.676977
-6.064471
-25.912312
-38.206165
-34.530243
-25.508015
3.149269
14.118512
24.694101
16.751770
9.564840
4.346204
3.851471
8.782843
19.560577
34.216381
35.822933
66.065491
65.421806
96.435730
68.762589
77.295403
17.305019
8.626444
4.725206
13.715989
10.700378
6.815955
7.880949
-1.289200
32.330952
20.223660
8.065922
-18.155329
7.740819
-11.642057
12.908839
-7.079400
1.844121
-16.406498
-36.321861
-10.229538
6.961690
12.600550
15.784317
-11.333770
-18.239407
-25.161865
-5.655674
-9.988511
11.894290
7.561447
16.512995
8.514339
19.388477
11.563584
-6.967297
-9.534491
-14.304538
-10.033354
-3.099690
0.526891
-2.780192
-17.426649
2.258907
20.133976
7.314820
14.354985
19.175480
1.462963
-13.749622
-10.212723
-4.921388
-5.027888
-8.312551
-11.204848
-11.440268
4.450550
12.062446
-30.178537
-31.916161
27.039612
9.713855
38.732117
28.211107
-16.126234
-36.277023
-31.019327
-50.301300
-56.046654
-1.933799
46.046936
65.284073
42.487621
-17.123968
-7.791265
-15.773108
5.481909
-2.432670
-0.773521
-6.782324
5.823829
-9.797935
-4.215131
7.477371
56.579159
-17.056702
-37.650303
-23.121559
-0.717469
9.618569
4.472971
1.076204
-0.285867
-15.229401
-3.239820
-35.223240
-28.782839
-55.844872
2.881086
46.058147
-13.155465
-38.009041
-33.861172
7.208323
7.852922
3.727477
19.354849
1.165888
3.508872
-16.524208
-22.448933
-20.963545
-1.317227
1.160282
-5.610832
7.639924
11.019876
5.577201
-24.489237
-41.271286
3.738687
-0.947283
15.509661
4.685972
-34.006908
-27.179745
-3.957293
49.578228
67.245895
36.125687
39.914822
15.425583
19.668736
28.603468
50.037857
-14.853848
-17.247280
-6.092882
-9.792331
-11.103956
-26.888273
-25.739202
-30.974483
-35.240055
-38.014645
-39.701817
-35.822998
-26.731321
1.126651
-20.907495
-12.426785
-12.023212
11.221663
12.253025
24.511654
29.388203
29.130367
14.607221
15.902029
23.272902
33.844364
36.069633
26.462275
0.543706
-25.430904
-0.543708
11.300134
4.344045
1.008944
16.081394
20.565578
-34.505768
-46.198273
-30.626959
-12.712657
2.471903
11.249692
18.093672
19.259556
-12.942471
6.479640
-25.694361
28.345629
21.193361
4.601893
31.237926
17.236074
0.369946
-6.378748
8.604024
2.628852
4.562654
-1.945014
13.222730
6.451617
-1.440544
-14.158804
5.212859
-20.890676
-14.164407
-45.536858
-20.391813
1.945014
45.015575
39.623348
25.318810
4.041368
6.939270
8.660073
8.660073
8.660073
8.660073
8.660073
8.884282
14.859456
10.078198
-6.289065
7.695975
-12.460420
23.878262
15.184561
0.807151
-10.251961
25.369259
-3.693843
5.745356
11.939134
29.971146
12.000787
28.984627
9.338305
18.043221
24.780706
6.182565
7.830503
13.368464
22.409697
6.978507
-2.875481
-3.105296
8.037894
1.350861
-0.493262
-33.468803
-51.551270
-14.046695
-12.970493
3.957291
-5.930330
1.978646
-27.420767
-8.295732
-4.999862
-5.711727
-17.297729
-17.269703
-17.802200
-12.460418
1.860938
21.042019
4.226339
-0.145736
-14.467091
-7.959422
-1.675961
-15.845976
-16.843704
-21.753883
-17.163202
-13.895357
-10.459352
-7.606292
-11.815817
-25.273968
-42.762272
0.683838
6.614167
4.439340
4.136656
-7.651134
12.073660
-25.088995
-3.428891
-11.994413
-19.540657
-24.860579
-34.677849
-34.762787
-34.753849
-24.230238
-5.525566
-29.880978
-16.442587
-3.089132
28.490643
48.076008
63.177433
50.011742
63.096966
43.855831
57.432808
44.544289
61.268520
76.937706
71.890480
64.876236
76.562187
78.913673
68.050308
74.072098
56.109543
20.050301
-1.519978
-28.293941
-31.700480
-49.090816
-50.414093
-52.519711
-49.707748
-38.236385
-26.823141
-19.183016
-13.961443
-16.751051
7.662477
6.786255
27.015369
24.927637
30.564962
25.347864
0.205644
7.935178
4.367700
-3.017604
-11.963120
-18.212912
-24.409058
-1.891032
-15.280248
-37.530041
-1.274095
56.587879
55.237789
42.863380
26.751612
-21.802744
-14.743784
-24.878460
-21.597097
-14.497906
-10.443143
-3.048897
-11.663594
-7.237777
-7.783181
19.013136
43.395367
56.851635
25.884329
23.108133
22.361557
29.796038
10.072089
7.689300
6.227438
18.655493
-10.000561
-0.031294
-18.682318
16.308466
2.785136
1.747975
0.075999
-2.373848
-3.616653
4.090528
3.312657
3.227716
-15.445657
25.920095
17.327747
0.782342
-1.050574
5.476390
32.621407
18.941605
-3.285835
-6.652139
-34.288910
-28.539820
-21.731213
-9.164571
2.297851
34.186092
37.279694
18.391733
15.494832
3.089132
-14.260967
-52.399002
-36.108421
-3.728418
14.609668
26.013973
37.780388
41.186928
53.378044
86.638741
102.026299
76.575607
26.863380
-6.857782
-27.328310
-15.584244
-10.765017
-29.898859
-43.037727
-46.623089
-36.872875
-25.325514
-30.766140
-44.812523
-26.943842
-23.729536
-22.982960
-26.550436
-31.016491
-38.330269
-32.236942
2.829839
3.156191
24.990223
34.990784
60.472763
37.552395
30.122387
16.648230
5.753563
-17.649626
-3.339479
9.464097
19.983242
19.911711
13.644034
10.541490
-11.028781
23.148367
5.020399
13.885445
16.505173
63.821186
78.851082
45.854156
56.064827
41.714451
64.755531
79.360725
92.910889
103.371910
66.829857
24.198944
18.123501
15.883773
13.304278
-14.810840
-22.209560
-33.797157
-43.936306
-27.346191
-36.989113
-14.654374
-17.426100
-12.892989
-29.527805
-5.525568
-25.522217
-38.491207
-24.878462
-25.213753
-34.284443
-40.793522
-36.296177
-31.459074
-24.502937
-24.721992
-19.835712
-37.395927
-62.734852
-50.418564
-50.418564
-50.418564
-50.418564
-50.418564
-51.013142
-53.413815
-57.119877
-14.176027
-22.723669
-13.997207
2.986310
4.144170
-44.070419
-56.999168
-38.969551
-18.972897
-10.313495
2.051969
-11.864767
18.481144
22.459908
28.133003
29.277454
45.666397
47.320488
38.647671
41.906685
44.061478
52.658291
38.155914
18.279968
15.535069
3.844651
18.203970
34.034092
11.189719
21.449574
4.063706
6.898018
9.119869
9.361276
5.467450
-8.663874
-3.473597
-3.768651
-1.461863
-16.357645
-6.281086
-1.278569
12.213470
32.925404
27.355129
12.334173
5.440626
-9.356802
-30.019564
-29.639570
-44.530880
-46.332500
-35.142780
-23.894945
-15.293660
-7.769769
-3.437832
-6.187203
-16.679523
-17.537863
-18.512436
-36.819229
-42.550442
-34.566086
-9.508803
60.857227
-2.532594
-7.555921
-2.103518
-7.173939
-19.580509
-28.266680
-35.403988
-40.484879
-23.735218
-24.818373
13.929267
33.881290
5.687871
4.186106
58.867119
80.488365
83.078514
61.844475
24.221855
43.226780
25.011980
20.658432
33.201050
17.283384
34.472580
-22.563110
-63.780552
-55.910675
-33.577805
-7.440802
-8.926870
38.564495
17.487457
-7.686736
-8.215233
-7.482665
-11.684467
-17.586878
-24.279415
-24.954426
-7.330917
5.478566
-12.987395
-51.499569
-52.990868
-71.901596
-46.643684
-23.279976
-33.630127
-28.031208
-17.649668
-5.107047
4.442505
10.690269
11.025157
-23.227652
1.145947
-4.782625
-18.842709
37.408089
-20.485750
-15.373476
26.393396
2.741901
16.058949
25.870134
20.893900
-16.273485
-57.470001
-51.593758
-38.475544
-10.224563
17.560715
-26.283508
-16.268253
27.565506
5.483799
16.603144
21.160765
33.112099
17.534552
25.315475
-4.442503
12.396106
18.874104
11.851912
13.767056
-16.964193
-3.348884
-2.972135
-0.999433
0.606985
1.203505
27.842840
12.835647
27.795744
2.830855
-16.985123
16.529888
-13.306582
30.637062
24.886400
-8.455935
-24.786978
-47.554165
-31.039976
-7.514060
-1.245367
9.879207
0.889547
-22.107870
-11.867611
-10.627477
9.293155
6.802423
24.122435
56.669403
58.793854
27.753880
22.526482
-28.230051
-32.703949
-7.765225
-1.972707
-13.353677
-42.326767
-39.898827
-50.746071
0.842452
5.394845
-30.244612
-29.328903
-64.413704
-11.401908
35.780743
38.407524
11.129811
-12.924602
8.100116
3.322721
16.142672
17.435133
11.757725
3.270393
-7.555922
-18.424097
6.394280
14.918239
12.694369
-7.461733
-47.077991
-43.095959
-25.608501
-25.038145
-3.987264
20.271214
12.233893
11.349578
5.666942
-0.643614
-4.526222
51.897263
101.643883
61.206120
51.991428
0.230238
25.540480
46.287872
80.331390
53.639713
74.585953
42.185482
57.757797
30.746946
24.190458
18.513056
25.686991
16.660702
-20.742153
26.686432
-0.716871
-10.930970
-1.334323
23.248585
31.500446
-11.428068
-24.321276
-13.222861
-39.155785
-19.627604
-13.568215
-34.833637
-13.547285
-11.443767
-5.248330
-23.410797
10.533288
-23.531147
18.832245
29.553905
-8.586751
18.361309
11.527489
11.930403
54.749031
42.253506
42.504673
42.504673
42.504673
42.504673
42.504673
46.408211
21.097977
8.424540
25.116636
12.307153
17.267685
2.689574
17.006052
0.659309
26.189327
18.560148
-16.650238
-26.267813
-60.620045
-42.844791
-40.087200
-25.932926
-36.926689
-21.579374
7.691970
6.158807
18.654335
-2.501199
-25.383497
15.645569
39.375553
21.820078
29.867865
28.988785
18.602011
21.600307
-0.884315
-37.125530
16.064182
-14.452529
5.384379
-20.119471
-12.574015
16.692099
-6.305321
-6.561720
5.734966
-4.871580
-2.250032
-1.585487
-1.255831
-2.966902
15.697897
11.752493
41.630817
-6.859981
-57.140350
-39.427883
-20.668898
-1.355251
0.455239
0.633149
-0.737802
-2.752365
4.704136
25.645132
53.650177
38.669151
19.229923
13.693796
15.378707
15.650801
-40.835457
-23.536379
5.892766
14.633374
18.594732
17.165884
9.637333
13.086276
12.238821
24.556477
-4.542750
-10.159599
23.856834
-49.241055
-42.520546
-30.439388
-36.194199
-25.029476
-16.545073
-30.064930
4.069756
-30.882824
-32.420071
-37.307716
-6.562846
35.346741
50.985222
85.947662
59.065617
60.947754
1.586513
-67.412064
-7.489133
-18.220274
-7.735486
-22.053528
-5.951892
9.430395
11.943199
-4.601876
-16.269159
-10.957786
2.581780
11.135160
18.525755
51.507504
3.527774
-65.707298
-45.279701
-24.132746
19.856064
-18.387794
-28.448854
-20.289639
-5.932183
3.330696
-10.583328
61.026588
75.216530
104.276337
8.119796
-129.581726
-65.805840
-19.639269
24.448084
12.790652
6.730367
-9.952662
2.818280
39.919056
27.975855
3.133610
34.982136
29.099224
-29.641205
-61.509438
-77.128227
-30.803988
20.999140
25.394077
3.182883
-26.231680
-9.361416
21.984550
-14.229353
-17.037779
22.516672
32.824085
-14.387021
0.729205
0.620810
1.221911
0.088687
29.660912
-15.786304
-39.928909
-25.532034
-4.306254
44.146477
2.867552
-8.326735
16.564783
-10.061061
-49.201641
-49.940704
41.801189
90.027275
84.893272
24.921083
-5.045309
27.670378
30.478804
9.666898
-45.131886
-7.558115
-54.207539
-69.097122
-51.694736
-30.222597
14.406727
14.111109
-13.983001
25.078747
30.518223
29.049955
27.660524
42.402294
4.197855
-53.833084
-12.820214
-6.503726
7.794611
-15.145789
-17.835962
-12.199404
-23.403547
15.707472
-31.759836
-48.886314
12.386632
25.443350
46.590298
0.758768
0.660226
11.815096
26.872196
45.200867
53.231979
-51.665176
-46.836655
-0.837601
45.703423
106.010666
51.527206
-11.637718
-44.974224
-47.319511
-27.433882
22.319592
1.231766
-8.346445
-11.913636
-3.527782
-6.888033
-12.426050
-19.560434
-6.809206
-22.979815
2.187619
13.056720
-20.329058
-8.316879
-35.159519
1.862430
-36.864281
-40.520157
-49.999828
-51.487797
-42.845730
68.190536
123.649544
100.669724
58.691162
-41.505573
-11.736259
21.886009
-16.584490
-12.948319
33.031017
-13.352336
15.737035
6.917595
-8.622359
9.982230
-40.037304
-0.679934
14.899434
1.202202
-1.921555
3.222299
5.695683
4.513190
10.238433
-45.062908
-66.121170
-39.465767
-32.410210
20.368479
2.749301
2.749301
2.749301
2.749301
2.749301
-0.118249
5.321226
-20.693663
59.706135
15.047253
20.654243
51.339985
14.485559
64.613487
-6.267222
-24.467791
10.790264
28.862730
101.527039
36.056236
-32.311680
-60.799942
-73.610313
-63.657635
-29.572226
23.206461
7.292050
-13.628252
-24.457933
-49.221344
-24.536766
-11.982613
22.950253
-28.192648
32.627003
46.915482
13.510006
18.910063
-44.580059
-14.219501
-11.824947
-12.337362
23.768147
11.824951
-8.287317
-11.509615
-7.981839
21.876156
-0.689789
-11.785532
-28.951416
-48.028999
-29.178061
2.798566
12.219113
69.037994
81.868057
78.015099
43.624207
-35.405872
-36.519386
-35.494556
-28.074398
-19.688538
-16.397263
-22.211193
-30.015661
-5.331080
-17.737423
-13.746501
22.496962
4.119029
28.576960
48.630093
2.139274
10.616213
3.532057
-2.079154
-7.344676
-5.591171
7.424835
-33.186310
-31.312563
-21.573103
-22.149258
-58.797485
-42.825569
-37.179283
17.149269
47.610126
2.635265
0.686371
20.841642
17.374718
31.387714
12.990956
37.379688
26.663275
13.356688
15.836644
19.984930
-3.737469
-3.371737
6.978942
32.104153
13.922818
-1.743484
-12.269516
-3.446887
-1.883762
-9.949881
-21.718397
-24.108171
-23.852659
-31.948837
0.951903
14.964897
-8.276538
18.471907
9.539060
26.548042
31.918776
26.167280
30.400742
27.509966
20.661283
13.231438
7.600185
2.044084
-28.592129
-11.798573
24.744438
-7.319626
-16.172314
-3.872740
17.725418
26.883718
-2.610214
-0.360720
-16.052073
23.496950
-8.687359
8.000985
16.422812
6.903793
-1.628254
-45.961834
-27.069090
-22.439838
27.494934
17.525013
24.774500
13.552078
-4.644279
5.425841
12.955888
3.056107
-19.273514
-15.205381
-2.615226
-10.766511
18.251469
9.684351
4.624240
0.556111
7.399786
-12.414806
7.935857
10.526032
-11.908795
42.620159
30.741425
4.579149
-2.685365
-21.808577
-5.826644
3.306607
11.738455
25.160273
3.181356
6.377743
-16.427826
-21.292543
-10.080139
-8.707397
1.132262
-5.270531
3.627247
3.722438
-6.262514
5.616221
13.607189
-0.816631
-70.245369
-74.563995
-57.670238
-38.997913
-6.037067
64.408699
65.906677
62.464813
81.532898
29.483912
10.746471
-48.146194
-49.243397
-41.983883
-14.253478
35.546028
24.263479
1.578153
-13.256488
-1.548094
0.636272
13.386749
15.651273
14.213399
14.153279
9.779540
1.467933
3.577147
-29.403751
-22.735430
-17.114197
-7.900788
-0.806613
7.379745
8.506998
-1.437875
-2.960919
-14.248471
-22.334625
-30.210363
-15.896763
5.455901
7.379750
37.960850
3.016022
-56.527950
-9.007998
1.307613
0.721447
19.473911
-41.422771
-18.912788
-3.717428
-6.032053
14.408790
16.938845
20.135231
25.536022
63.331535
63.551979
36.613152
13.271517
-29.609163
21.237434
10.425832
-0.861722
-15.440852
-18.341648
-4.188367
-9.123228
-14.283542
1.277552
-10.250480
-0.631261
-6.267523
5.060110
-33.281498
-5.971931
-9.549079
-44.533981
-16.903770
-13.577127
6.492975
-0.856711
-3.847689
-24.924805
-31.127190
-23.406771
-23.406771
-23.406771
-23.406771
-23.406771
-24.879713
-0.611221
-6.087161
-8.021025
-6.117223
-1.813624
-20.876719
15.430831
19.604166
53.266438
-8.597180
-54.208309
-42.665241
-39.098122
-21.883732
-12.239455
-35.556042
-19.393751
-11.763504
-0.591179
-3.176349
7.995975
22.535025
23.421795
6.593174
7.344674
8.021027
5.736464
15.776525
14.904778
-37.825581
-29.989923
-12.705384
8.972929
-3.371738
-6.508004
5.881753
-15.836642
20.966898
13.446868
0.621240
2.740475
-5.806602
-3.326646
-6.382750
-3.887768
1.292584
46.192299
50.170250
36.252434
25.721392
-2.064125
-18.471910
-15.976919
-24.794544
-20.981922
-17.560087
-14.904779
-12.274525
-7.835657
3.421838
18.892748
-4.123239
-23.602158
-21.397753
-17.605177
-38.081093
-69.022919
-55.791470
4.618750
12.539729
14.435301
15.705388
23.809368
24.085238
22.145964
40.828548
46.501606
26.385052
37.452576
15.915704
14.265958
12.976749
-11.742168
-19.482876
-16.669565
-18.163620
-19.624907
-29.709133
-38.807335
-30.165274
-17.363333
-42.907120
-59.183369
-56.558517
-44.294662
-36.122395
-49.369549
-35.507839
-5.241505
4.351076
4.039698
24.167177
20.324139
16.224350
13.132438
16.508411
21.034294
15.740898
9.002603
17.997009
-12.763700
-25.926182
-6.844819
-0.284062
-4.427553
1.160833
6.639966
5.042112
8.254207
11.873274
14.372479
15.557895
18.037979
12.394967
-5.602045
-11.367970
4.706154
-7.418408
1.469478
8.068473
-15.604326
-18.368477
9.357680
7.060596
-8.098520
-2.070380
17.445272
-3.930447
3.253065
8.775899
2.130471
-1.999365
-5.367145
-11.225939
-25.169594
-36.280815
0.748396
-8.825063
-19.267099
-4.487645
-3.179317
-12.526072
-9.933999
18.931135
-2.960807
-16.123289
-7.306421
-3.105570
-0.573588
-1.750809
-13.380992
2.242456
6.432381
-8.306103
2.728641
-12.198307
-16.792479
-9.499711
4.080669
14.112999
-6.926760
-24.238195
-1.423044
13.217109
-6.268499
0.980561
-9.038110
-6.702788
-15.552432
-20.900457
-20.717459
-13.487514
-1.182683
-7.888202
-7.440258
-14.585526
-22.274342
-6.795654
-24.355644
7.606872
0.953245
-37.425259
-29.198366
-53.573128
-54.433514
-14.263226
7.664230
9.890297
25.767763
45.329849
47.807201
13.908147
9.111856
31.746735
26.554399
11.949753
16.991863
16.213423
9.281202
7.011431
4.124372
1.821825
2.952613
4.531346
28.799583
7.475765
-12.190112
19.365427
1.029728
-8.183189
1.321986
14.473539
16.702337
30.995609
39.176067
39.271667
44.925606
52.950375
48.069412
59.530251
51.789543
37.867741
42.358120
-3.670961
7.426599
-15.689000
2.362638
-1.999365
-12.400429
-11.452641
-23.484335
-37.029209
-31.129446
-29.553446
-34.267799
-45.846077
-43.980545
-34.855038
-32.347641
-13.386453
-7.691543
6.915832
9.059960
25.125889
18.849199
20.176643
19.152378
5.522834
17.931456
14.375212
11.094833
16.871683
17.229494
2.419995
23.342304
20.378767
-9.368604
14.473540
12.788284
2.507399
3.362321
12.433206
34.486305
36.775188
31.828674
31.828674
31.828674
31.828674
31.828674
33.735172
21.547791
26.865770
37.455303
28.346174
27.420240
28.310673
27.379274
14.399792
13.547605
7.358317
12.250204
33.664158
21.728064
15.754555
-2.267039
-16.325411
-10.641424
-2.725909
-19.501995
-21.654316
-24.038805
-20.122017
-27.108868
-4.730736
-3.889475
-15.145457
-1.401194
-6.153782
-12.916659
-15.161845
-9.221111
-6.891251
-12.252934
-28.359837
-7.666961
7.688812
-20.766623
-13.607696
-5.976243
-12.487833
-8.205041
-6.200215
-8.267863
-8.442671
-7.074255
-3.638189
2.785999
-18.199131
-25.612076
-16.221617
4.260940
16.358187
-9.415038
-0.925935
-0.068284
-0.751127
-2.045798
-1.417582
-0.458870
-1.851870
-3.796607
-0.660991
1.887379
-20.897730
-18.753599
-25.000250
-5.790509
15.058055
-14.581031
-18.689650
-32.092876
-36.726486
-52.412277
-54.982449
-63.140335
-63.286423
-62.962299
-62.743172
-29.746405
-18.539005
9.445258
19.926800
47.007168
36.201496
40.305553
43.647224
61.008427
58.776073
23.651945
24.875402
74.425354
101.985046
75.324677
80.770874
20.721134
9.851554
50.307755
10.682411
16.699253
-16.457302
-17.676189
-39.670998
-26.244946
-18.890514
-21.725464
-32.960251
-36.548443
-34.571743
-29.015978
-5.204249
-6.624007
-1.679969
-37.438644
0.050217
-16.384258
-37.447777
-18.251398
-24.615192
-24.729321
-21.529163
-15.434711
-9.376781
-8.244628
13.489964
11.211965
5.400552
9.865250
-28.545771
25.879730
-29.609442
-5.500982
4.610784
12.919321
15.996221
-33.896103
-34.768047
-22.857616
-63.012512
-62.291222
-23.400869
8.011803
19.360723
-1.328455
36.374973
56.694374
29.390320
47.034554
15.672099
41.182056
26.016685
24.729319
10.157418
13.909955
30.686817
23.437387
-19.789846
-11.924126
-6.309012
-1.301063
19.456591
-14.293427
-34.270447
1.387800
-31.106815
20.155054
-17.274462
-11.234790
22.031328
27.555138
38.306023
-26.587332
-20.419832
-34.663044
-42.830067
-12.330420
11.106967
12.015426
6.231405
23.076740
0.899331
8.062023
-4.451004
2.483431
19.082251
8.093979
32.453526
39.762299
64.587479
52.435104
62.975998
33.960014
27.509483
22.058716
25.418650
-36.069107
-25.468872
-0.209992
6.902486
-54.681145
-61.848404
-32.147659
-57.191967
-37.781033
-35.900196
-40.953796
-25.651478
-38.274063
-14.558205
-26.751673
-26.559937
-25.359310
-27.550570
-30.654861
-32.120270
-30.385517
3.679497
16.621645
-21.533731
-14.243213
-38.155373
-53.804646
-53.507912
-49.869499
-65.929634
-45.843056
-61.999054
-81.756943
-88.677689
-92.968918
-93.576080
-80.885010
-17.849669
-6.637699
7.623770
29.960958
62.323185
55.703739
70.599762
51.462734
69.303261
55.836132
4.117752
0.228260
4.377965
5.761195
49.403854
48.426918
10.878712
71.882561
19.963320
12.563243
-1.570405
-17.132940
-49.851238
-43.807003
-56.872410
-39.744038
-39.547737
-60.131912
-24.706493
-52.384892
-36.155842
-14.183864
-42.314205
-36.164974
9.746552
-41.711605
2.122786
-11.298703
-36.621487
-33.918934
-16.566862
3.136246
23.711288
13.508223
13.508223
13.508223
13.508223
13.508223
13.731916
12.093030
-12.663675
-14.507991
14.371037
-14.142776
37.484303
-27.157969
-12.814324
-5.487285
22.081541
39.333176
3.999052
-28.646200
-17.119242
-1.291933
1.556706
24.318457
29.253365
53.644863
63.026207
50.960567
44.756557
46.810863
21.113733
33.827629
52.722710
38.543407
36.324757
36.155846
35.151516
25.414089
45.473282
27.883823
-30.298780
-45.660454
-6.363794
-24.998663
-8.011807
-12.207165
-13.334751
-27.468399
-9.632427
-15.320582
-19.817240
-31.061157
-42.967022
-7.555293
27.682959
18.557261
37.717117
-9.974811
-22.168282
8.979615
13.686267
12.850846
11.924125
9.426997
6.970957
5.592287
7.733334
10.198505
23.282171
38.173637
30.189219
50.125149
61.784496
56.059814
53.521603
7.295243
6.483300
7.132038
8.584558
6.144650
2.550071
-3.872028
16.683584
0.424329
-8.368314
-21.004425
-42.106770
-26.198410
-30.551891
-31.600481
-18.466597
-19.776312
-8.727365
32.453228
1.256676
-10.706219
-0.742580
6.132411
7.319723
-10.726618
9.127213
10.159482
4.655412
-20.951384
-2.341986
-1.493321
-25.463993
-7.336044
4.018911
5.275587
3.211049
-0.563055
1.428040
8.074545
9.355700
6.430259
17.997381
-13.121646
-31.914652
7.246283
12.766676
3.431376
2.807117
-12.101617
-2.472549
-0.061201
-1.493322
-3.647623
-4.565647
-2.084939
-23.215845
-29.682827
-14.370159
-28.279268
3.300813
37.765537
17.956581
0.224405
33.375332
28.422071
6.283376
9.074170
19.568226
13.705102
-5.063421
-17.679132
-41.547794
-2.048216
6.320096
3.284494
8.474397
-4.741092
-27.789654
1.011869
10.555254
-1.277075
-1.746289
-4.292279
-19.429502
2.880560
20.514811
-12.456588
5.467351
-8.919129
-3.545619
-0.926186
-4.724772
2.725516
4.859415
28.752562
30.111240
15.581955
16.002207
-11.844567
16.781507
20.833061
8.723283
13.407252
15.622755
-10.910223
-16.149088
-21.351234
-25.463989
-24.525564
-12.889079
-10.763340
12.052656
8.017424
23.297451
22.244781
10.632776
15.712519
9.992197
28.442469
26.439133
-27.234756
-44.354912
-53.686134
-42.282219
-19.033730
-32.110493
-2.978482
17.503689
23.105682
18.446192
7.266683
-0.204005
7.772618
-11.048947
-17.503691
7.972543
8.237749
28.475113
22.085653
7.234042
20.049677
29.731787
37.634972
40.376804
38.708042
31.184313
22.371269
25.847519
17.352724
26.410576
8.988490
19.727346
27.149075
23.391291
13.068606
11.971054
-2.529671
4.161715
2.872400
4.851254
7.197322
33.407974
34.860493
21.946930
4.594208
-15.035217
6.536344
-35.533703
-41.490669
-18.234026
-8.005183
30.205086
-4.622767
-14.969938
-6.630185
0.456973
-0.807862
1.138353
-28.760719
-51.250301
-46.876419
-13.668381
-21.310436
-10.102361
-20.359768
-0.473293
1.827890
16.291895
5.259266
6.340496
19.800791
1.448439
18.511475
6.617944
4.941018
0.297848
-2.827518
19.910957
1.827891
-6.311936
9.070092
7.287082
-9.290421
7.331963
21.151308
-1.134272
3.749625
3.749625
3.749625
3.749625
3.749625
6.691386
-13.672459
-5.079741
-3.859790
19.201015
14.753691
1.742209
3.023365
0.665059
22.901672
38.504036
-4.590132
11.995533
26.961391
-9.331216
-2.933601
-3.680263
-11.718088
-21.714363
-23.583055
-32.494022
-17.507767
-11.816009
-14.092711
26.035202
14.663930
7.091238
4.769651
3.753705
7.572692
7.829737
24.929495
45.672794
10.179884
-15.039300
-21.555239
1.362759
-8.551918
-15.973644
-12.020017
-14.529284
-8.980330
-19.025570
-12.619792
-11.926172
-9.543386
-4.182116
3.459937
5.977365
-8.572324
8.658000
0.403932
-9.759632
-23.228086
-13.807104
-9.449542
-4.533006
-1.326037
-0.085682
2.758157
10.326766
21.787806
30.804865
22.693590
16.136847
13.476617
-43.359371
-49.948746
-63.604893
-14.944360
-31.361534
-43.523464
-60.446533
-70.242165
-71.670097
-72.841003
-84.517433
-88.740044
-48.692593
-33.099537
10.946141
38.901028
78.569069
103.186676
108.261955
72.669655
78.283478
80.196922
84.268562
57.790569
57.407066
78.291634
100.824463
90.673882
107.450081
110.693520
125.539970
129.468826
75.917198
17.579926
-9.824192
-49.859417
-68.863190
-59.761127
-53.009033
-45.612328
-44.331264
-40.634953
-37.101837
-37.065117
-13.532744
13.675539
25.604912
-15.609367
4.047178
8.530894
-3.696311
-19.256725
-14.952519
-17.592159
-21.765810
-24.189219
-24.340174
-27.816175
-14.960679
4.071654
18.791624
25.409086
36.746887
42.601410
-6.103404
-2.864029
-12.945253
-7.857722
6.870409
-31.026989
-45.885677
-46.901546
-41.422356
-68.145134
-32.679317
20.566345
29.439939
54.698071
68.267532
60.650520
41.691620
44.588291
27.469391
52.960072
40.251450
22.447138
4.826420
11.986495
1.395296
24.731834
-3.263853
-4.899857
-3.594317
-0.713968
10.611598
1.007714
-17.853270
7.270231
-25.160215
2.925227
4.398040
-11.590754
-11.256207
-6.580741
21.015125
-19.313841
-27.722340
-15.548174
2.125585
16.845554
1.966471
15.299303
15.593051
24.446249
34.307159
35.294476
25.123497
13.887689
19.330160
10.113860
-1.652325
3.471919
17.490164
72.331024
63.575741
45.232903
60.409809
94.133553
107.674461
72.392235
17.412649
14.336473
-26.037376
-63.881737
-73.399940
-50.291878
-66.207222
-40.410564
-62.514999
-55.424282
-51.071121
-50.960968
-48.843540
-34.327560
-31.834793
-32.605881
-32.405968
-31.479849
-31.316660
-26.673826
-29.056442
-27.530592
-43.633617
-4.920259
15.617528
3.843185
-10.603436
-16.996506
-34.523392
-47.480885
-46.734276
-53.429253
-54.922462
-57.847694
-76.410851
-63.763420
-8.126991
3.549441
22.651131
41.140846
84.639832
121.945648
95.585976
86.512474
81.110802
83.546440
48.896572
44.412857
45.469524
42.287273
46.636349
72.832848
74.599403
121.513199
39.235573
19.844219
-19.632069
-54.718468
-74.787079
-62.029503
-64.012291
-55.754742
-40.006664
-50.161324
-50.295956
-40.928699
-49.186245
-41.732426
-46.301819
-51.923805
-18.424438
-58.631016
-22.712328
-8.167789
-17.873669
-37.073277
-42.115925
-27.771297
-39.798592
-35.898289
-35.898289
-35.898289
-35.898289
-35.898289
-36.885601
-29.949915
-45.106430
-51.699409
-25.564116
-23.928110
9.093909
1.582968
-35.469910
-15.405380
-17.763510
-38.631771
-14.507829
-31.467609
-27.579544
12.402634
36.579613
45.808155
74.293427
83.485245
87.006119
84.892784
74.109833
74.460693
51.209831
40.382004
67.614761
52.062515
36.151237
48.035736
26.579990
29.790806
29.256351
42.050652
-3.402567
-26.237288
0.130553
-16.613005
-7.710850
-11.884501
-9.248940
-13.969286
-19.452557
-13.646981
-14.401745
-18.281647
-21.965721
-13.659219
1.330020
-12.977890
-0.485499
-0.477338
15.678726
35.657578
10.113861
7.551737
6.458345
4.997772
5.630144
8.698165
12.916693
13.079885
6.425708
-7.445663
4.524515
-5.719905
35.726933
56.888927
58.047600
-4.312593
-12.904161
-22.489838
-32.541344
-40.907200
-41.766834
-47.803505
-32.935146
-58.056717
-38.544395
-12.952190
38.856560
62.225239
94.070229
99.035957
122.543915
106.143562
91.741043
73.611832
73.251648
81.545471
77.074394
78.913727
76.944725
72.771400
64.837769
83.019814
65.092285
19.771652
-11.338568
-29.232466
-40.892792
-53.307106
-61.932289
-49.604420
-43.250790
-40.100388
-34.822506
-25.630632
-17.783443
-21.462112
-14.099970
-0.749181
13.235535
-4.077272
-16.116995
-52.192928
-54.123512
-53.431961
-47.621014
-42.170246
-37.319778
-32.200375
-25.251240
-13.302765
-0.753983
-36.061539
-9.595278
-17.154324
0.816416
47.745880
53.494400
12.587202
-26.413431
-47.587402
-34.582382
-13.710972
1.229424
-15.958515
-8.697222
-17.504900
-27.882978
-29.218054
4.067670
24.449230
44.753956
39.485680
27.037746
9.585674
21.759865
22.264120
35.163479
59.319763
20.583265
4.956120
-15.343801
-0.259333
12.270239
7.419773
3.280068
0.566688
-0.677144
-11.564280
-2.017026
-1.042129
8.822086
0.268936
18.758337
18.114809
-0.590700
-15.968117
-1.709667
49.844543
49.273056
40.412548
1.935385
-18.695908
-39.293579
-49.676460
-36.229618
-23.507954
-12.145376
-6.209558
-1.714472
25.741089
22.072023
12.764891
6.070285
18.691105
28.713800
60.880554
77.813965
75.643265
29.208454
12.592005
38.918991
42.866596
10.786285
-27.004129
-50.718590
-66.629082
-55.593063
-39.706589
-44.360157
-42.203861
-37.026825
-9.624094
-25.063946
-27.239450
-25.179203
-20.371958
-16.433958
-14.978817
-15.718391
-19.497915
-28.382431
-36.224815
-30.605965
-16.078573
4.778430
32.546154
26.509481
16.275476
26.850458
17.706600
16.822948
18.743929
21.779070
24.963097
28.281559
27.820549
17.159126
3.793932
48.754383
74.629944
68.497231
70.341370
69.284828
104.827698
100.380638
94.564888
73.184418
72.084656
80.460114
80.181572
85.300972
91.693008
90.415573
76.426064
32.987972
25.659443
-3.284871
-13.970304
-30.168941
-41.920517
-53.657681
-49.810925
-48.139675
-27.810944
-47.183990
-34.303841
-31.244688
-29.731920
-31.273502
-31.239887
-33.300129
-31.023775
-30.029669
-17.836271
-41.680393
10.008286
30.865286
61.048634
40.278088
20.107821
19.656391
21.899132
21.899132
21.899132
21.899132
21.899132
22.393784
21.865513
13.091459
15.238153
-23.311050
6.814664
17.687399
16.472380
-10.200384
-41.670792
-45.911343
-47.308853
-56.793678
-20.751352
-35.499649
-29.131611
-12.337475
7.664698
27.830151
44.931648
39.259964
28.814651
40.542217
32.690220
21.923147
10.113941
17.370432
35.653328
43.615776
49.926186
2.679763
-2.756602
-10.166769
-3.366512
4.403839
1.042129
-1.104562
10.800694
-18.547031
-0.499454
-2.506876
-4.077274
-6.137521
-6.733023
-5.964633
1.397511
15.122890
32.469311
36.364094
31.455994
21.418890
36.676250
-0.052827
-19.843691
-41.920517
-31.936239
-20.842598
-10.133152
-1.973804
2.785417
6.151928
10.483730
33.122444
13.096258
12.870546
-0.139271
28.454468
57.081825
64.506393
-8.098200
-7.258753
-6.768758
-19.694733
-35.461910
-37.953663
-33.312012
-55.851749
-60.622547
-35.796173
-37.771339
-46.553257
-48.235950
-21.012781
43.039726
63.091511
20.697510
34.721226
39.264111
31.177309
40.639137
45.626442
51.753273
43.533520
49.895855
73.552322
69.465225
72.412788
32.111717
36.479881
24.583281
20.173334
-8.952841
-42.109119
-42.861202
-43.810806
-46.181011
-42.291447
-35.720203
-29.255316
-26.520466
-1.526959
8.234941
17.070028
8.857882
-0.904020
-3.505928
14.897345
-10.977392
-7.555028
-9.959418
-11.706685
-13.499532
-15.748187
-26.186207
-26.284964
6.772557
26.193802
-30.170731
35.613846
25.646828
40.038990
27.899286
3.372985
-15.892528
-7.779135
6.073650
-26.372328
-29.942829
-3.213451
-9.347876
1.846025
-16.257172
-26.964884
9.773296
61.234089
32.256058
33.049923
26.045666
22.836012
25.156837
16.485079
11.228086
12.158696
18.714741
-14.247819
-12.120708
15.121450
3.410968
1.629516
-0.030387
3.543912
-1.397814
19.143961
14.452932
7.235960
21.388819
30.052982
16.750967
-7.676577
-30.189724
-22.782835
-15.649429
9.769498
2.670279
16.519264
-15.759582
-5.150637
8.094402
17.153597
1.800445
24.712423
28.195560
16.944681
2.446174
-1.610524
23.428560
17.658787
10.441816
-8.519821
11.300256
-11.106540
-4.201034
16.481277
49.082989
47.894093
62.677483
60.755489
42.097733
-4.425144
-55.449116
-51.700092
-57.606613
-35.294781
-1.751065
-40.221313
-31.446999
-15.421526
0.539375
-17.765142
0.505188
7.984247
13.480542
18.517225
18.517223
9.541595
-20.705109
-9.214931
-13.450151
15.755784
-3.391976
20.511389
5.010098
-9.780892
-18.315910
-8.234943
-30.972197
-26.319151
-21.100143
-10.411431
-1.967575
4.459330
23.781816
-1.724473
-46.192410
-11.558548
5.955900
16.249582
58.860088
29.825077
29.593376
21.882610
11.125528
25.369547
36.248180
45.052883
54.005726
72.743263
46.325352
65.104668
24.473127
-10.149338
26.455896
16.268568
-18.350096
-42.842209
-27.956264
-33.281624
-28.624783
-24.119873
-8.747727
-42.796631
-14.171848
-26.866121
-32.081329
-37.414291
-25.772181
-41.167110
-51.126537
-37.038242
-21.244484
-18.623583
-13.039927
-14.916334
-9.568183
-33.270233
-23.728638
-23.728638
-23.728638
-23.728638
-23.728638
-24.002123
-23.060118
-20.860844
8.542613
1.754862
1.337041
-8.747726
28.974228
14.468127
11.718081
-21.255878
-44.319786
17.077629
-12.861400
-34.732613
5.192420
-14.931530
-31.842030
-7.471460
29.445238
41.748272
45.668232
40.597359
32.404194
46.283569
39.115982
37.114216
23.375383
41.239288
58.806911
21.335642
25.760784
-4.022511
-2.544932
-9.264312
-3.175467
-4.341577
-9.636553
-4.892345
-14.376964
-19.512409
-6.445895
-24.560490
-19.884651
-20.253098
-13.450153
-0.847045
9.777094
-3.585695
-10.536777
-1.093941
-26.934490
-10.688709
-31.302652
-25.016296
-21.977571
-17.305536
-13.499531
-9.180744
-1.933388
9.226326
20.781078
-2.320825
-19.143961
8.535017
-0.330461
-10.206319
-25.798769
1.709282
1.226232
13.048477
18.094400
15.471033
15.607756
11.796608
9.634681
-14.830141
-8.622078
-11.894874
-14.535335
-29.045038
-64.751030
-69.459427
-51.164215
-72.847588
-52.458805
-47.558151
-50.762585
-36.316975
-30.108910
-39.025795
-37.470573
-28.540873
-38.602814
-36.684414
-4.358035
1.294593
31.100149
25.118530
45.626942
53.531223
28.109341
25.387707
20.175150
15.167680
8.387087
1.760305
1.080963
7.207851
21.550922
11.339442
-0.414441
-1.153599
-16.598995
-34.385769
-43.118935
-51.668377
-58.756592
-51.668373
-47.276165
-42.969395
-38.748077
-33.099720
-33.514164
-30.805338
14.304619
3.721422
9.104879
4.315311
-36.718597
-38.278095
-23.315500
-5.092923
31.155695
68.997986
77.940506
36.359703
20.922850
4.815204
2.866904
6.280701
-29.228756
-32.057209
-9.062154
-11.480436
-5.601360
-13.556913
-13.984172
-7.203579
-5.319370
-10.232841
-14.830146
14.462705
-1.422770
4.182861
15.996559
17.180067
8.784436
2.815634
0.170903
3.776966
9.916672
17.355242
32.514378
47.310341
8.506718
-8.421266
1.016875
0.448621
-6.255066
-8.686166
0.901514
2.901086
-2.661822
14.766055
23.349680
26.660934
27.746170
13.971354
19.286453
26.789114
24.921991
18.876282
15.894016
33.133904
37.863659
50.668598
42.644680
57.372276
28.886948
19.064276
8.301636
-9.228786
-59.025768
-54.069572
-51.172764
-38.585716
-32.420383
-30.963428
-25.515875
-28.771593
-16.291368
41.098003
25.622696
23.136051
12.223867
9.510776
3.059171
7.895738
21.555195
21.811550
22.512255
24.481916
25.344975
27.895712
8.566535
10.190117
-4.836568
-24.678453
-10.839550
9.318508
7.690654
1.926937
1.850025
-18.679747
-35.488094
-41.016823
-50.877949
-55.838428
-54.419918
-37.675659
-41.978153
-84.981735
-102.183144
-81.563660
-103.477760
-68.263107
-77.568794
-55.872604
-65.161201
-51.117214
-22.785698
-5.609903
-4.678481
-0.640887
-0.581066
11.770977
11.249719
21.243294
-12.211053
15.817110
33.620975
40.798920
33.082634
25.379158
22.854063
16.821169
18.047401
30.677166
12.843391
17.141615
23.084782
14.966867
16.188826
15.462486
14.364432
32.834824
54.586555
48.703201
47.776054
41.320179
24.289650
13.509917
-12.240955
-18.752378
-14.061077
-14.061077
-14.061077
-14.061077
-14.061077
-12.826303
-29.006584
-19.803434
-40.388748
-43.007851
-76.688637
-60.811710
-52.424629
-50.288338
-28.207611
-29.737194
-11.796610
-34.325951
-24.947626
1.495402
9.455230
-24.563095
-40.798923
-35.479553
-41.730339
-35.107834
-32.561375
-40.260574
-37.376579
-31.933308
-43.435101
-39.294971
-37.077499
2.328559
-30.126001
-6.186705
-5.883352
14.860052
43.674370
43.789730
29.062124
32.407562
52.988605
41.747433
36.316975
45.007420
38.923256
37.017681
43.729916
43.776913
37.474854
26.754930
19.273638
11.732518
-13.672275
-27.835897
-22.785696
0.875879
16.526361
16.227282
9.882492
4.635755
-0.410168
-3.930779
-0.179449
10.408021
24.986080
1.192051
23.379589
31.911942
52.651077
44.819427
28.105066
9.720132
5.259915
4.890243
-0.147869
-4.098086
-7.916277
-4.520569
8.227859
-25.565512
-20.094355
-37.637966
-26.294296
-9.632614
-13.461369
-14.924216
20.875948
31.733761
32.451988
10.503988
2.159944
1.478689
-2.350062
-10.403644
40.447483
54.690441
26.611153
-25.169436
-19.877832
-42.412025
-14.137341
13.931382
17.939690
22.903866
11.275019
-1.631842
11.032090
13.762388
-1.663528
-23.643215
-30.138889
-23.796364
-22.370483
-20.009859
10.831413
3.527734
24.419525
28.390862
21.720913
-3.158062
7.382893
5.634869
4.869117
2.693330
-0.623163
-1.552625
-4.747654
-7.198055
-9.505870
1.642404
20.400654
-30.107206
3.717851
41.519524
24.857853
-20.363686
8.983047
4.721249
-4.684283
-33.640221
-33.249420
-27.318815
-20.363686
3.358740
-7.102995
-4.383262
-22.359921
13.466649
34.912945
32.742435
8.972486
-7.477951
-10.451177
12.748428
17.395741
24.387836
-7.609978
10.086782
4.240674
-20.432341
-4.694844
-1.821959
-0.401359
18.145651
-19.254671
-12.964953
2.091292
-13.170912
7.742004
-7.963807
10.810288
15.388948
10.841972
-9.706549
-22.565886
-32.024220
-9.997007
-33.106834
-12.589998
11.855933
-4.203707
-10.292745
9.020016
-2.677487
-5.450034
-18.203743
-1.314980
6.522082
-9.880824
6.765010
-10.329712
-38.060452
-12.193920
20.374250
41.508965
-11.544350
-20.448185
14.602073
13.255411
33.819778
39.180027
38.203030
-29.594944
-49.699863
-32.098156
3.105250
26.679810
22.486662
17.675636
-14.565105
-22.196207
3.517171
7.324801
6.374214
1.124861
-3.907969
-11.623568
-18.890278
4.098089
-6.258030
4.731811
-16.783146
-11.554912
-19.819740
-23.020048
-5.001144
1.536782
-11.607724
1.262169
-10.609608
-25.544378
-14.760499
13.165630
15.531540
31.538363
-15.024555
7.398737
10.419492
-36.058933
28.047598
54.896400
40.267925
12.700899
1.246325
-10.937034
-35.356560
-39.401836
-28.570427
-14.612636
19.814455
41.857513
-4.018873
-14.760503
2.519053
15.325574
17.168657
25.227522
-3.770662
-11.729188
-21.398771
-0.987555
-13.302937
-25.296175
3.728414
-13.498336
-7.029063
14.285213
-31.158134
-15.172425
-0.195396
-28.781668
-36.280739
-49.277386
-22.634533
-3.089406
17.147532
4.995862
15.388950
12.035491
12.035491
12.035491
12.035491
12.035491
9.928354
33.048737
21.731474
34.337315
5.339132
12.727304
31.781288
22.761280
7.784252
49.372440
26.811838
44.096676
-16.070202
-42.052910
12.648092
-13.852164
-13.619799
-0.528104
3.321774
14.132062
22.095867
16.249758
34.442936
49.478054
10.445895
11.000404
-0.675973
21.636419
42.897877
38.868450
14.211276
-16.297285
-4.710689
5.777457
-34.796761
-46.679104
-23.944231
-16.228634
-7.831780
-10.261060
-13.904978
-27.762423
-18.800501
-21.573046
-28.998184
-38.171352
-41.957855
18.673756
56.876785
46.842815
-0.654850
-15.193549
-38.055168
-18.726566
-3.733696
-2.276130
-3.073565
-3.997746
-6.368934
-6.500959
-0.242928
10.229371
-6.089039
-15.050962
-35.150593
-28.670759
2.909854
21.768438
58.471668
-1.096670
-4.157849
1.731358
7.953019
-0.798756
-3.868570
0.159751
-22.667397
1.407536
-10.163627
-0.449031
2.512840
-0.716723
-23.530916
30.875154
30.167068
28.189606
25.940136
47.204311
43.102592
24.856421
16.804100
23.673399
28.098938
45.550674
4.507575
-9.110131
-22.434246
6.260517
-17.019976
-17.775558
-15.681522
14.278300
0.682180
1.955872
3.669959
1.761580
-3.600878
-7.970290
-7.655104
-3.384998
17.110651
12.382874
-13.488183
-14.053790
-12.970069
-18.082106
-13.518404
-18.336847
-13.354336
-13.609075
-13.980388
-13.138455
-11.385510
-15.387925
-44.574894
-15.383608
-21.091473
6.074863
37.118404
29.523748
-3.087083
-0.038857
-3.907429
14.770509
28.517744
50.477058
23.492058
29.912327
4.749358
-12.292208
-43.992020
-3.851299
-11.696377
-24.752798
3.566337
-1.571606
6.178486
-1.377314
13.734283
9.731868
-0.587194
-7.590340
-7.072229
-15.841273
4.434174
10.940797
22.758066
3.540431
0.466301
-0.297914
1.839298
8.997876
25.642225
20.953312
43.050785
52.959679
49.410610
23.716574
-0.354042
20.487011
27.667177
28.625687
-0.133845
-30.188656
-24.303766
-3.268422
-22.283131
-10.509038
0.984412
5.720819
15.387925
13.963116
25.137064
15.832635
8.911525
17.179731
26.186243
2.214931
17.538090
-10.258618
-22.844419
-45.952213
5.526528
25.845144
21.816830
6.692280
-27.174976
-15.798099
-0.064764
-36.254883
-43.849537
-64.034317
-12.944166
-4.606877
17.369703
7.706915
29.471931
24.096523
22.339258
36.181480
47.718109
54.384480
54.099529
46.237171
33.064175
50.472736
52.933765
37.701279
15.927623
21.769335
28.776798
37.472450
30.555653
26.358950
24.631903
17.961212
18.682253
14.019245
13.539993
21.570728
54.824875
97.953377
67.592018
53.231686
4.296013
-18.289351
-3.566336
14.114232
1.010317
17.952579
40.723602
40.032780
30.711086
27.140432
26.497110
32.502892
10.388143
-18.289351
7.184488
-20.823780
-27.516062
-38.525944
-10.232710
-1.696817
-7.089499
-3.182071
9.572118
-3.592242
5.431540
8.851078
-0.358361
5.984193
0.276327
4.015367
-5.919430
5.090450
-6.705231
18.358435
13.509769
17.918039
30.689499
11.040101
-10.681743
-7.568753
-14.157411
-10.513356
-10.513356
-10.513356
-10.513356
-10.513356
-8.997877
-16.346430
-17.184044
-22.080202
11.713647
8.963335
9.813902
-16.294621
-29.851883
15.353386
4.861617
-17.127922
-45.200954
-16.566631
-30.482258
-11.433004
-8.876988
-33.353455
-60.187332
-39.808273
-38.197807
-18.777241
-14.887084
-17.745335
-2.823709
11.722283
4.516210
-9.282840
21.022394
5.073181
10.491770
8.030735
23.155287
28.513430
7.456494
6.532528
-5.820125
6.446177
19.839371
9.153310
5.846029
7.253567
2.249469
7.080863
11.070326
16.044201
18.405926
33.137573
37.589020
49.000439
-1.014635
-37.304058
-27.947821
-6.040322
-11.933846
-7.154262
-3.652689
-2.577607
-3.259788
2.771899
19.472374
41.388508
15.767873
14.066738
-7.611928
-16.039885
-37.930107
-48.590267
-34.070175
-12.240317
-20.677572
-21.187584
-25.525845
-25.853260
-30.311153
-38.483959
-27.717012
-10.722868
-10.540273
54.105476
85.228867
85.707405
101.108536
105.969414
71.817421
95.825806
72.938179
50.535385
24.020992
6.050899
0.560385
-22.497248
-27.395889
-12.756624
4.684563
27.074776
15.432624
65.117981
42.797028
29.524096
15.142983
-2.556365
-5.660518
-12.498473
-17.535639
-17.044514
-16.225973
-20.035332
-18.832708
1.404111
6.220901
-20.016441
-7.656496
-9.249496
-29.662617
-67.145439
-74.115623
-55.465504
-56.051079
-52.682468
-45.964153
-35.260174
-23.643200
-16.408571
-16.937473
13.392568
12.555139
41.953300
-5.515699
28.384438
-13.814430
6.812770
20.085703
1.668560
-13.594055
-9.954702
-24.354704
-26.350679
-56.806656
-29.221865
2.965633
35.228687
29.372982
34.057545
6.164235
11.755488
9.677657
29.410761
8.733189
18.436031
13.373680
13.461828
27.622564
12.636992
23.019852
-5.295321
-7.694273
-4.892349
-1.882641
-0.396677
-6.050898
14.708527
18.291214
0.528902
3.173414
-0.503717
-18.561962
-9.280982
5.622736
1.108177
-31.230436
-64.456856
-42.507393
-4.961608
-3.349715
21.647226
44.585224
38.206909
37.205772
36.827988
16.836731
14.998164
24.083956
26.155487
18.662704
15.224839
27.402191
-6.504243
65.048714
30.821169
78.082397
59.388199
51.397991
-0.289636
-10.691391
-46.933800
-53.098038
-41.663673
-49.817585
-23.152081
-19.223087
-34.303108
-7.687977
-12.813295
1.511150
-26.331789
-16.049675
-14.979277
1.555225
-6.642765
-8.166508
-5.011981
1.328553
8.475033
18.713076
9.136159
-20.646090
-8.953568
-10.401755
-17.183039
-10.565456
8.884308
14.639269
15.785221
19.336426
39.749546
45.938961
50.887978
45.416355
34.643124
70.860352
67.875816
96.864731
142.192947
64.104248
105.308296
90.883080
56.705906
102.285957
103.186363
89.787506
55.887371
30.959692
12.574027
-4.564934
-12.089200
-5.987933
33.478271
49.238308
48.810146
52.386536
11.270658
22.270575
-12.070312
-13.776654
-18.555664
-13.669614
-19.361610
-19.468651
-19.947182
-6.246089
-24.455446
-16.358200
-19.292351
-2.518584
-7.643902
-12.038829
13.694799
33.421608
0.119633
6.831660
19.670139
23.019855
18.719376
31.073032
25.041019
25.041019
25.041019
25.041019
25.041019
28.403332
-2.927855
12.234017
-25.450287
-5.181986
-0.535200
50.623535
-8.531698
26.936253
-0.528906
-42.110722
-2.783037
-31.463409
-30.512638
-17.025623
2.638217
20.853874
14.148142
20.262007
12.819592
12.599215
16.905993
10.005074
-6.919806
5.616443
6.208311
13.505903
15.715961
36.607613
-2.103018
35.486843
30.581902
31.488590
-8.708004
-0.585570
7.499084
-6.088675
-4.533450
15.967818
5.396066
-1.901530
-5.181985
7.177963
3.060078
0.541494
-6.296459
-17.189333
-44.818195
-51.687634
-43.187412
-33.295673
-17.856754
-17.132660
5.459031
33.251598
23.233934
13.455532
7.272409
4.457893
6.781286
13.417754
19.537912
5.540884
23.555058
0.963358
13.071448
21.685003
36.802799
36.897247
-1.420089
2.620317
7.835720
14.474818
19.913689
20.375036
23.189983
19.300959
26.624872
9.421608
41.939484
24.512760
11.695913
-7.161719
-10.434412
-4.508963
26.087833
-8.945839
-22.962912
-4.346769
-7.572607
-5.676753
-17.174427
-23.258469
2.022008
25.968893
-10.456038
-34.896713
-58.652569
-80.736038
-45.601440
-27.129471
-7.403206
11.133641
12.683487
16.565306
19.902874
18.990993
11.443613
5.388409
7.096842
1.128143
5.197382
9.353127
-2.245471
5.683961
1.095703
-14.150433
13.735939
8.974675
7.662714
6.491321
7.201366
9.353125
9.688324
-1.218249
-7.979891
-8.300672
12.730341
-12.849285
-17.448355
11.555346
37.805370
9.753201
-7.626673
-5.471309
0.324386
-4.606278
-8.170918
-11.710331
27.060991
19.344212
17.877266
12.582568
-5.853364
-37.762119
-25.038982
-7.842930
-4.833350
-14.694679
-12.593380
-7.763635
-9.284644
7.341931
-15.011856
-6.422840
0.100921
-10.401975
-1.802144
-1.106516
-0.342407
-5.619084
4.108887
20.681402
-0.400075
-11.519302
0.598312
1.657972
14.208100
-12.733946
1.138956
12.896141
-0.702836
35.469791
20.854406
4.606279
-21.110313
-23.745047
-31.508680
-24.170351
-2.685194
-20.342596
-15.941764
-7.778052
4.653134
-4.516172
-18.799959
12.423977
-2.274305
-12.982642
-49.991459
-26.448261
-26.019350
-25.067818
-27.244806
-2.526606
-18.767523
-19.409088
-1.924690
10.131651
29.374941
26.869963
-5.219007
8.037561
25.449873
45.904202
23.993742
12.377123
4.411647
32.179077
21.705019
20.749884
22.407854
21.434696
17.855640
11.115620
-16.950964
-5.975909
-5.060417
27.435839
44.750832
16.410320
16.226501
21.416674
16.878880
11.389545
38.335197
37.881062
43.337952
41.759274
41.020397
58.403873
70.871101
67.014511
60.797112
7.255431
9.410793
11.717537
-8.999907
3.229438
-7.590631
-19.055862
-7.237409
-10.416389
-13.357485
-18.046663
-13.458407
6.347151
-11.677889
-3.070853
-47.857727
-64.239204
-59.178791
-16.882483
2.411269
17.314999
15.801197
19.603718
23.626102
10.380347
3.889026
34.013657
2.515792
13.043916
9.839704
17.163618
17.329414
-9.273833
6.224603
13.926965
-16.868059
2.277909
28.852320
9.843308
-0.169402
26.199568
18.255716
18.255716
18.255716
18.255716
18.255716
18.706253
16.471594
28.755007
20.807552
10.769611
25.673340
42.952286
-1.755289
45.186947
6.570616
6.682347
12.517687
-4.537793
4.901831
24.952482
7.190553
1.978753
-4.022385
-18.363844
-29.829081
-25.622877
-22.292515
-8.996301
-6.732809
-21.600496
-4.069241
-6.473300
-3.204213
1.239875
-2.137343
11.202122
-17.044674
-13.177274
-23.982925
-14.449589
1.967942
-19.628948
-21.881626
-2.627525
-1.358816
-7.633879
-19.207245
-2.306743
-11.537323
-11.836479
-9.154889
-4.833349
-8.120458
-2.955515
28.581999
52.687469
16.882483
0.313573
-28.697338
-27.771032
-21.207628
-15.343452
-9.136868
-4.588258
-2.101300
0.374846
7.446459
2.386038
-0.529829
-26.394197
-10.931803
-19.809164
-29.454237
-31.303240
2.917749
8.437510
14.425240
14.146149
21.492674
23.203857
30.730804
24.754353
37.259800
58.245041
42.655518
13.260958
16.959595
27.519871
25.924271
15.420372
7.030788
4.366757
8.226076
3.405453
-7.619976
-10.878834
-16.364763
-6.720689
0.465148
-28.895582
-42.644238
-59.930847
-46.867222
-13.517494
-3.143275
-3.132000
2.266542
21.188215
20.737160
19.451660
18.391685
13.410370
7.583328
6.872920
12.285555
-3.701453
-0.451054
3.261677
-2.497707
3.997457
16.330936
13.630257
13.807858
13.709192
13.503399
12.429329
10.602564
8.451607
3.898789
-4.913658
6.137140
-10.261456
-12.556187
-0.448233
22.267921
-0.200156
24.867115
6.061025
-7.422642
2.717594
8.383947
-0.803438
-3.067160
31.023991
30.164167
-4.104583
-8.462881
-14.653585
-3.678901
-25.123653
-14.774803
-7.126637
-10.461611
-10.985958
-10.647671
-15.919352
-23.936819
10.709690
1.894423
-19.882978
-1.877509
5.471836
-1.274225
-0.862639
-0.310099
-1.688630
8.846275
7.476203
-1.970538
-0.318556
-3.444918
10.224808
26.538830
15.499308
13.573877
11.888065
8.426233
-4.555635
-14.653584
-21.828146
-12.463158
-5.965176
-3.416727
-6.123044
-2.432868
-1.542037
-2.077663
-2.824719
-5.717097
-7.986456
-15.076447
-23.116467
-57.300640
-35.619087
-18.676414
1.059974
-2.596374
6.145597
-14.041842
-12.725330
-1.277044
2.573821
15.778399
9.291691
25.504229
11.383451
2.542811
28.847656
22.420153
-3.983363
3.952353
29.479130
23.409649
17.791222
14.092587
14.901663
15.620527
15.437290
11.265049
5.133546
22.234091
36.239292
43.645016
27.954012
21.399647
22.118513
26.062405
30.711067
39.952019
43.983311
48.877235
54.535126
57.345749
59.451599
68.072357
81.742081
89.226738
66.989838
60.173290
31.105734
38.328236
-10.822453
-0.296006
11.225582
20.300203
20.063400
11.360897
-0.033829
-8.200707
-11.456747
-8.259907
-27.815874
-30.530649
-32.771820
-48.073792
-30.073957
3.856505
8.313471
-8.192249
18.814545
20.308661
19.068266
15.933447
19.386822
13.125641
16.187164
15.293516
14.825548
13.314522
19.499582
9.522856
8.031563
19.223314
11.064894
-16.522635
-8.637667
-0.473606
-2.675308
-1.807032
-0.473606
-1.119175
-1.119175
-1.119175
-1.119175
-1.119175
-1.254491
-2.207341
9.040792
-1.392626
1.237576
26.772814
40.008404
-0.031010
5.139184
4.851639
-4.891110
8.367035
18.701782
5.973633
2.184787
4.702227
-6.080759
-18.659500
-14.848101
-29.659555
-27.421202
-26.722073
-27.813055
-18.166161
-11.484938
-8.040020
-9.131004
-15.490850
-9.531313
-13.024155
-4.242716
0.586369
4.778344
-0.434139
3.036151
-1.364435
-8.544636
0.724504
5.246310
0.152231
2.069206
0.690675
1.494113
2.215798
3.673263
3.504119
3.831131
2.249627
16.576197
27.810234
0.673760
-17.582611
-24.162346
-14.408325
-6.303466
-3.416726
-1.733735
-1.468741
-2.525897
-2.306009
-0.327013
-1.575867
-24.762810
-26.527554
-17.331715
-43.506878
-46.813663
-42.596317
-11.620253
14.909039
28.261051
40.926266
42.316921
56.091251
60.992680
73.018028
64.601562
46.987995
74.284981
-5.157375
-2.103051
-41.297394
-46.714981
-58.855507
-39.889675
-61.218765
-44.987328
-53.356861
-49.974072
-21.499725
-24.315165
-39.757431
-16.350882
-16.414867
-60.463715
-54.346531
-94.769432
-128.678421
-58.313744
-42.316925
10.967423
13.334949
40.849480
44.731380
45.925808
44.087242
37.633053
32.223995
31.929653
23.142069
4.035465
6.931956
3.344402
10.984484
40.235203
8.190370
36.331978
24.025089
24.298103
22.864788
20.275438
16.760403
11.436661
5.750324
-1.177366
-23.811802
3.817909
-27.702229
-15.574503
-19.507593
40.380241
-6.612019
-23.090876
9.636485
6.940489
38.025509
29.391493
19.439335
62.677677
45.448032
26.831999
-27.480406
-32.590858
-41.003052
-56.074192
-34.484879
-28.393293
-43.140228
-31.089289
-33.589058
-45.563210
-20.386351
-1.313872
-16.141859
-15.988291
-7.981346
4.901425
6.620551
3.301744
0.315671
-4.649743
7.814980
11.598763
-9.534103
20.620968
-7.631549
7.350006
-1.808707
19.912840
13.927898
8.510310
62.809917
40.725773
16.756140
-15.740870
-35.248459
-28.410355
-46.117767
-17.826859
-33.900463
-17.878048
-18.070009
-23.918447
-5.746057
-33.461086
-8.471917
-19.208982
-36.664715
-85.248131
-45.576012
-42.931202
-25.283508
-22.357153
-29.732756
-47.687592
-9.103258
18.671490
20.160263
18.035883
54.764584
23.491867
25.671698
60.433853
54.491573
28.674835
64.695412
16.764669
43.754501
26.708292
32.471413
31.660908
26.985571
21.444271
10.327548
-4.321271
5.430388
24.639372
27.595581
62.844044
34.531803
33.034500
24.310904
43.310860
25.535191
51.462841
40.047508
44.432770
44.825222
46.019653
64.716743
67.608971
52.708458
-2.964745
-51.121563
-19.132198
-64.861771
-74.967499
-38.537407
-89.582191
-55.626274
-64.947083
-50.375061
-19.993891
-22.446739
-15.570236
-8.386603
-39.330845
-39.279663
-75.487923
-125.880051
-70.624893
-11.364142
0.925685
29.609045
56.522095
49.419510
42.611263
61.269955
16.952364
63.535110
25.978836
43.127430
37.842079
32.799881
47.747311
12.494583
28.103214
40.896404
-4.427919
9.290955
12.076536
28.981974
2.243822
7.059931
-4.248755
-0.917151
-0.917151
-0.917151
-0.917151
-0.917151
-2.098783
6.641881
35.346577
21.017691
-3.412657
34.318512
-50.170303
27.041021
-10.545102
-17.344822
16.666553
10.135588
9.495717
29.830870
27.066622
-3.506506
-25.693029
-43.844090
-40.158421
-57.034000
-54.440384
-61.999416
-33.691441
-45.085442
-27.770483
-42.338253
-45.725315
-60.160843
-21.781273
-11.018609
-51.765717
-17.643427
-41.591732
-20.667891
27.156204
1.928149
-1.424784
22.826397
-3.613148
17.605036
0.925682
20.365019
8.369536
11.240433
15.565973
20.748943
27.552925
25.880722
55.259415
56.394123
19.985359
18.138262
-11.944292
-30.901592
-25.876457
-17.882313
-10.455521
-5.332274
-4.466312
-5.997741
-6.855171
-4.909957
-24.477272
-42.862949
-23.833130
-52.030193
-57.183304
-30.918657
-18.513657
7.276294
14.926702
14.497943
11.568089
10.231369
11.929591
18.987301
22.127333
24.590595
24.514931
4.960154
-17.797709
-7.818550
3.993344
12.467645
34.817760
16.238201
19.920483
21.395920
30.862246
5.073648
7.776512
14.720730
33.207813
42.527016
32.127506
42.241180
12.383570
-53.788254
-44.401787
-14.943514
-18.108767
-20.235746
-14.544182
-0.643139
13.127595
18.373587
16.574480
12.345740
8.520536
-3.560381
1.223224
-8.024522
-16.666960
-11.748840
55.167007
43.161758
41.816624
34.124184
37.041428
34.498299
28.470444
21.412733
15.153692
12.312112
2.723882
-27.512045
6.036254
-3.778965
-21.635517
-3.955511
17.604343
1.803310
33.153164
17.616953
5.174535
-13.917857
-2.110167
-6.338910
-11.021631
4.388474
-26.141693
-13.489098
-5.288029
-12.518084
-10.983798
-4.115246
0.546457
-15.817848
12.055698
-2.908836
-13.077154
-10.647516
-16.923374
6.843332
7.251073
11.034242
-11.172957
-8.945093
-5.111481
-1.042473
0.420352
-0.773448
2.185831
-9.449513
-1.799106
-11.563888
-17.247046
-21.652334
2.631403
36.494968
39.403809
32.976620
32.333481
28.386375
2.606183
-35.309574
-45.721691
-56.255718
-36.654697
-28.680622
-15.246169
-12.501270
-9.516770
5.090464
-18.655226
-26.486383
-34.721077
-36.133461
-43.418163
-39.046497
-56.087574
-17.646379
10.336454
32.623516
4.127854
25.506964
39.866188
65.553909
51.333393
34.136791
11.841319
2.244681
4.195115
5.477187
6.120326
11.799283
-4.111044
2.311936
1.084508
4.792014
5.720991
4.619669
2.471670
-2.374989
-14.115422
-18.819162
-18.381996
-11.900166
37.730801
46.894474
41.413086
34.481480
42.522812
25.889482
28.205622
26.372889
31.488571
30.084597
26.360275
34.246082
31.513792
50.442249
30.416676
-9.705927
-32.564674
27.957623
30.979946
16.536652
-9.714335
28.462042
30.109819
35.923286
0.773446
-5.548649
-8.781150
-10.033805
-9.054383
4.850859
-18.777126
-62.603031
-50.896225
-19.331991
-5.805061
-8.877836
-5.817672
-2.496891
1.496453
14.830021
-9.499957
11.635345
3.480516
8.007708
4.317016
7.919433
8.638235
-2.967685
2.425431
13.455469
-20.164286
-5.805062
-32.287247
-14.804795
-34.834564
0.769244
-6.347316
-7.137576
-7.137576
-7.137576
-7.137576
-7.137576
-8.070759
4.632280
-3.589807
8.167442
2.328750
40.572384
12.703040
4.556616
1.942027
21.202555
22.745243
-3.707502
6.166566
38.331905
17.541288
2.147999
-13.388212
-7.557930
-0.786058
6.095105
1.172783
-2.988704
16.326473
12.639989
10.311239
22.526665
9.264559
-5.981609
-9.373851
12.690428
-18.360981
10.340661
12.101936
20.883091
-9.966548
-20.319820
-23.598566
-9.024959
-25.582628
-7.789127
-16.166742
-12.829146
-15.792626
-13.577371
-13.018307
-15.052807
-17.402578
-7.999298
19.546370
44.897800
50.089153
67.596809
35.452492
-11.652158
-25.170683
-17.221827
-9.134250
-2.101760
2.118574
1.912603
1.303092
0.075664
-3.055958
-31.518005
-38.693405
-49.340919
-31.421320
-45.011295
-36.621071
-3.043497
-4.700123
-7.642064
-14.931857
-22.558052
-27.318476
-41.304596
-24.389229
-14.122585
-35.303291
-39.006893
-5.547480
1.132980
22.310511
11.618607
-2.012072
7.521467
38.806961
16.213999
25.823702
16.017233
17.867451
2.659491
3.798816
2.742002
37.654934
21.053761
19.489170
23.837023
16.547226
0.967955
8.286307
-7.451647
-23.284809
-24.497131
-24.900179
-20.682446
-13.824265
-11.015617
-10.945797
-10.358678
12.005782
-6.601119
-9.047975
-36.877399
-40.863468
-56.166634
-50.495384
-34.538448
-39.949459
-37.080513
-28.121401
-17.115305
-7.994335
1.390043
18.314932
12.304104
-6.985126
-7.143806
-6.353576
4.065400
-14.078155
-22.348595
-11.053699
-18.498997
1.888301
-8.200620
18.708460
39.641617
-8.156190
-31.777405
-33.637142
-15.065148
-11.434532
9.936586
11.148908
19.254320
5.023832
12.510388
21.177530
20.672926
19.438391
32.821518
-5.553824
2.529371
2.941941
29.352764
-2.630927
1.110765
-0.672806
-0.225327
-5.052395
2.170753
-16.423454
-6.413875
4.379589
35.544483
9.159051
-17.635775
-17.350153
-16.379025
6.296453
-10.733166
15.591969
15.525324
4.906408
-2.710266
9.438330
15.312690
9.260607
4.236776
-12.757931
-5.103173
-1.059987
-2.288176
9.381207
16.318727
29.349590
49.079948
86.087471
50.403347
15.398379
8.454511
9.885809
4.481142
-8.987679
-26.074415
-43.780022
-35.477840
-44.798748
-28.327684
-14.100369
-7.661107
-40.780949
-51.828304
-26.874168
-3.030804
-3.126010
-10.003234
-6.201242
-17.023268
-14.230488
-7.540509
-2.218356
2.770565
10.447537
-14.747789
-16.223518
-2.005725
0.222153
-12.037521
-29.397196
-31.929735
-37.969124
-31.545727
-26.804350
-13.443431
-17.083567
-15.173052
-24.547909
-43.710197
-50.273232
-42.919968
-11.098130
8.590975
2.621405
27.943678
18.235590
10.034970
8.968636
30.936401
13.208583
30.558737
25.750708
26.109331
23.256248
19.536774
31.222019
37.191589
22.212132
42.088478
46.131660
19.349527
-1.716925
-6.928001
-20.314306
-19.606590
-21.225134
-27.036022
-20.234966
-27.131231
-15.376162
-30.396879
-18.959171
-23.129305
-5.718853
-18.679895
-9.790601
-6.677285
12.307280
32.462902
17.680208
18.568817
5.982265
18.213373
35.788849
28.337204
28.337204
28.337204
28.337204
28.337204
29.784374
18.787800
0.000000
0.983821
21.345732
-4.005102
2.776913
-14.633535
22.161352
-42.564522
-18.505346
6.677286
11.047351
-22.002670
-16.372677
-30.711067
-27.194698
-22.005842
0.434786
15.655441
15.185746
12.602425
1.828001
-7.457995
-9.631922
14.557372
13.579896
16.426632
11.799497
3.792468
8.775046
22.024885
-3.405288
-4.274859
7.746792
8.546544
7.807092
1.485252
3.100621
-0.355446
2.237399
0.006347
9.571622
2.281829
4.157435
6.572555
7.397694
-14.525635
-23.497440
-28.527620
8.200621
11.853451
2.031114
-3.852768
6.090166
3.652831
2.027940
2.135843
3.030802
1.935905
-0.961605
-2.329433
32.843735
58.883247
50.349396
39.051323
53.849892
21.450460
17.994398
-9.432357
-15.784441
-24.595270
-25.036983
-22.324156
-21.425091
-18.555904
-45.473110
-28.441700
-35.939114
-8.595836
-30.849636
-0.633254
1.031970
-7.966493
-39.562744
-13.110698
-10.601146
33.664085
41.376503
25.685875
25.212885
29.669119
20.334488
15.057370
14.431934
46.161083
34.606159
29.626116
10.605050
5.507747
-37.397160
-33.320103
-22.957411
-23.152859
-25.681965
-30.892628
-28.136803
-20.189856
-9.631715
1.911489
-22.304611
0.531622
-4.561773
-32.311588
-4.491414
4.796312
20.279762
2.802734
4.518775
4.585227
3.482897
1.164874
-1.184419
-5.937733
16.832045
8.806920
0.836520
-27.519184
-46.657524
-34.797691
-26.561480
-20.131220
6.993155
28.469065
46.903790
35.141685
34.250435
22.879223
-5.390478
-28.828688
-46.806065
-24.169193
18.172825
26.154951
34.383343
21.440725
24.247372
-8.576290
1.927124
9.827163
2.411838
-30.869173
1.223510
-11.164033
27.179102
14.514026
27.077471
4.733768
0.265810
-0.371353
2.146027
-7.814041
14.482752
13.263151
52.892338
13.771316
7.466141
1.481500
-13.161522
16.796864
25.912596
24.767263
23.938560
31.521973
12.391451
-19.564421
9.361996
-2.114755
5.883008
-8.756104
3.365627
6.484989
-10.605049
2.595559
-4.733769
12.895707
1.805947
10.378327
23.762659
35.892208
32.323311
36.826454
43.545979
50.027061
21.331278
-23.629751
-60.178669
-73.562996
-67.164009
-49.847252
-25.814873
-8.130669
5.597653
-26.440306
-37.842785
-28.343979
-7.489595
0.308807
-18.712263
-17.977375
-17.918739
-14.850195
-10.331420
-6.406810
-5.926005
-20.486938
-18.106373
-18.473816
7.724135
-24.833717
-14.525751
-34.899326
-32.940929
-52.091000
-50.804951
-74.895958
-77.671333
-75.009323
-68.215523
-65.666878
-98.533524
-102.215797
-81.150330
-33.898632
-21.319548
10.061701
-31.611874
-72.269142
-25.076073
-24.137920
39.207012
63.501289
70.646904
81.259758
88.620369
88.780632
88.686829
79.809540
47.677773
2.083484
16.773411
-11.414207
-24.931442
-45.156479
-25.466970
-13.927677
-30.521278
-4.460139
-27.597363
-3.838612
-27.867081
-8.572383
-12.250727
-13.915951
-10.362693
2.458745
2.153846
19.548784
21.421181
15.639807
-16.179247
-30.607271
-59.959759
-37.135262
-49.452442
-45.496559
-45.496559
-45.496559
-45.496559
-45.496559
-48.604195
-31.623608
-42.545284
-40.801884
-63.024403
-41.055965
-75.494034
-61.421722
-63.071312
-58.450901
-94.765282
-44.194866
-47.474503
-26.440306
-60.679020
-17.160400
-7.556046
10.499507
2.908278
-4.421052
-2.529109
-20.252394
-9.526170
-15.416997
-24.814171
-28.136806
-14.627386
-16.910225
-39.594006
-47.208694
-16.890684
4.323327
45.332378
56.992851
41.509407
43.186359
45.383194
62.957947
39.937996
49.159271
39.836365
52.133995
44.163597
52.216087
54.792099
54.467659
52.388081
39.715183
11.187488
-12.371905
-22.093523
1.618316
-8.826463
-31.572790
-17.609930
-16.069796
-12.852711
-8.521565
-3.951974
-2.974730
-7.270694
-12.743258
-15.401361
11.179668
20.072584
42.271652
40.313259
25.834417
25.642872
2.444755
-2.902696
-3.674344
-14.506267
-23.452339
-26.488451
-32.831112
-28.962051
-28.230070
-14.300733
-36.173717
-25.486031
-24.314133
9.490554
41.650974
26.185558
-0.263228
3.861846
11.722561
32.474133
18.386143
30.927231
38.030720
35.924915
52.450447
56.510616
9.129968
-0.479576
5.145525
8.095093
-1.846192
-13.604808
-32.174850
-36.314346
-28.976475
-21.115759
-15.187768
-16.204613
-20.942678
-23.748014
-20.975132
-3.349818
-18.598888
2.974817
-13.579567
5.426780
-17.982290
-24.014849
-30.865931
-24.736015
-19.121733
-14.960599
-11.816314
-8.841501
-2.448360
-5.091436
8.776600
-13.543509
-33.422466
10.691295
6.321027
4.103439
43.810871
1.673106
-15.065172
-12.743015
-53.452869
-66.945892
-24.061724
7.777781
19.485926
-33.126789
-3.695979
-9.797048
17.455839
24.126629
12.634839
21.285233
32.402016
7.208061
15.541141
16.175768
43.147404
32.257790
7.078251
-23.538877
-1.885852
-7.442441
-7.172002
-4.204402
-1.135837
-3.313761
-2.170712
-4.092620
-36.299927
-48.736443
-15.068775
3.335396
14.690164
-9.533823
4.449597
15.595229
-11.142027
17.672188
-3.104622
-0.501210
-7.896774
-32.690483
-31.565464
-33.649635
-25.338188
-12.569934
-11.398039
2.379851
11.134812
20.401806
22.150633
17.740700
8.560247
46.666695
28.763735
54.837513
-12.450941
-35.993427
-47.222000
-21.436678
30.173613
18.177004
43.677460
14.830792
-7.983312
-6.450837
-18.314026
0.717563
-9.328292
-32.708511
-32.614758
-8.210482
-12.984606
-21.040035
-24.058115
-27.274519
-27.195189
-28.316605
-32.275806
-35.398464
-37.677349
-9.126364
-13.348795
-12.681714
0.483184
-7.233301
-8.354713
-9.068670
-6.699638
-10.312683
-13.712984
-12.306709
-14.437756
-20.881380
-30.772182
-14.985843
-33.609970
-43.233940
-7.435224
16.507502
55.086308
25.453575
62.204224
20.463104
11.318711
4.280125
10.529033
-8.448463
-2.891877
1.640654
16.009899
36.350403
12.011030
32.870781
5.488078
-2.949571
10.085521
10.114361
-24.937941
-34.569122
-33.725361
-23.297289
-27.624289
-21.108547
-24.519663
-20.574884
-14.675741
-17.946232
-17.870508
-20.643394
-14.700983
-36.072758
-25.449968
-18.887352
-28.983686
-3.825790
30.036587
28.814211
46.356590
39.051174
37.857643
37.857643
37.857643
37.857643
37.857643
40.233883
25.832186
39.884125
9.310261
6.483288
8.069853
43.688274
15.025507
23.679501
-5.571015
19.767172
27.350241
22.886219
3.173133
-10.143209
-8.578277
7.435233
11.333135
36.447762
49.850643
39.602859
33.364773
24.905489
27.195192
44.586128
27.638712
30.213276
30.988529
58.097183
28.843058
1.290887
-2.794521
-8.574669
0.483182
-28.395937
-20.614548
-37.024696
-40.378120
-19.348904
-26.135078
-26.080992
-29.149557
-33.130394
-34.071518
-34.525856
-31.652002
-26.099020
-12.926912
1.135838
34.277050
45.721966
0.346162
-0.472363
-14.495449
-33.224148
-25.879065
-18.606100
-11.870402
-6.699638
-0.284861
3.248856
1.633442
-4.781332
23.012426
50.550179
53.247334
30.573853
19.471497
15.797157
-4.065321
-10.683702
-18.876612
-28.408325
-33.736832
-28.577343
-15.665275
-32.522572
-60.890865
-35.529312
-26.735941
-48.063305
-23.875982
-1.232048
26.255577
32.251255
18.093794
8.224047
56.104988
42.734802
16.145643
30.627790
20.246544
-1.414410
14.704546
42.152138
67.816139
21.149460
24.311869
41.311493
41.409355
-1.970392
-18.996706
-32.731625
-35.747250
-39.234352
-31.099266
-13.930621
-5.737708
-8.677727
-14.241969
-36.076393
-22.110188
-5.968994
21.069395
42.939400
50.638611
61.326752
54.441509
46.760090
39.238804
32.028866
25.926435
18.476311
11.177410
-9.198123
13.058846
24.280731
-9.349350
-26.993912
-0.369170
-11.404250
-3.104589
4.367772
33.051865
25.388243
-8.081716
-22.381508
-46.995827
-36.516727
-38.344788
-41.244774
3.922992
10.781551
32.647114
37.579762
14.348718
27.309710
20.393326
2.628671
6.431570
-0.907359
-14.646721
-3.255816
24.098373
33.638981
1.396620
-4.247682
-9.371588
-5.043845
-1.254290
-9.024658
10.465756
25.726280
13.490285
3.865169
-24.200670
-15.042578
-29.880556
-22.968620
31.512911
17.662354
-8.966837
-12.258234
-0.315795
-25.254808
0.444783
4.105353
14.882456
18.365112
3.482655
-2.566401
-9.487233
-4.590164
-28.581791
-36.361057
-16.007759
-8.197360
-17.079689
-65.525505
-40.737724
47.667454
30.810156
61.589180
69.266136
39.972702
9.015760
8.330795
12.009151
-16.203466
-18.067106
-0.778366
-18.858820
-21.749914
-21.696541
-26.291153
-55.024170
-23.062025
-5.146144
-9.309319
-15.531841
-16.612663
-16.070026
-12.631852
-11.248574
-11.937991
-18.298393
-40.960114
2.032660
-10.692596
-39.692486
-43.780045
-37.263966
-53.734299
-56.981216
-48.454716
-52.809151
-50.122658
-37.175007
-27.634401
-26.584713
-54.557148
-86.866226
-73.309227
-85.100441
-2.553056
47.000278
-0.111203
20.531208
25.664011
19.872923
68.518913
55.451164
37.704304
42.205513
32.562603
20.887037
4.696912
2.686490
-1.899220
24.396378
32.673794
27.754496
18.280603
-29.822741
-38.149082
-35.898476
-23.684723
-44.180347
-31.681931
-21.674301
-34.991119
-29.818289
-26.335632
-32.366898
-18.067106
-5.026054
-30.734543
-27.834551
-29.013231
-34.154926
-44.371609
-82.605202
-68.598961
-25.628428
-28.870899
-31.615213
-31.615213
-31.615213
-31.615213
-31.615213
-34.306149
-16.657145
17.862505
-0.395859
0.177914
-19.646090
-36.574547
3.633883
23.275526
-12.396119
-41.262573
-9.634012
4.096456
14.486592
-35.413666
-31.646347
-18.293945
-0.885119
19.797318
38.709511
34.497414
44.086945
35.355843
36.703537
30.627792
5.435255
14.442122
5.697676
2.112721
1.903672
14.335375
20.829214
45.412399
12.040291
-5.942307
17.159756
6.782949
-4.292162
-5.381881
-7.547976
-7.098744
2.143858
1.610117
2.424071
4.007501
6.676201
4.674675
-25.245913
-58.813728
-47.943218
-16.279078
19.552687
-9.006866
9.166988
21.678749
17.969254
14.597795
12.587374
10.514684
7.138776
2.557505
-3.171306
-24.009413
-42.676975
-20.566788
4.140937
-17.675692
12.053634
34.639736
9.761801
8.320072
18.867458
25.817217
40.837090
41.198635
38.283932
56.638081
47.362808
73.510338
53.187756
74.501236
46.563828
32.204563
-9.391324
-6.173105
2.838817
-0.848079
-40.087215
-23.473850
0.232103
-24.719179
-29.343430
-34.855927
-45.104256
-76.295601
-78.634491
-63.462860
-67.172081
-21.884823
-31.285072
11.542760
18.456810
47.786850
46.376362
42.917110
35.637047
29.276476
27.656202
26.843836
31.985857
8.748572
-8.645910
-6.940833
-14.935061
-41.863705
-25.701162
-18.796043
-11.507050
-6.405205
-1.963965
0.008927
1.678298
3.865441
11.498125
-5.275925
-15.783140
-4.883132
-11.881990
8.145991
-8.516469
-22.692726
-44.930172
-5.418760
-0.232104
3.039682
51.621037
60.882927
26.080564
36.123569
38.502644
10.806272
-6.936368
-19.443258
-27.022379
-41.810146
-34.775581
-36.565464
-30.852110
-21.617010
-16.613363
-17.086498
-26.991133
-16.738340
-6.606064
-22.331177
3.356595
17.595343
16.095589
6.940832
1.066790
-1.129280
-0.834686
4.521584
9.235102
24.652229
-9.654676
-18.947803
29.852274
21.683964
-5.320559
15.399273
60.664211
24.661152
-4.990259
-6.592675
-2.044310
-7.547876
-12.747920
-10.730393
-7.753200
-5.168799
-11.149966
6.079365
12.198903
6.253445
-5.217898
-16.466064
-26.459969
-18.617498
-3.120029
-15.497473
-10.480433
5.079518
-17.559631
-30.620010
-10.141201
-44.091026
-50.897961
-23.759520
9.967127
17.180233
30.370049
42.827839
40.886189
43.890160
40.064888
8.802137
12.993417
14.600297
15.546573
10.797346
3.423549
-4.200206
-9.574330
-11.310654
16.430359
25.187857
17.974747
19.657507
14.765450
17.443583
37.672421
47.911831
50.889019
53.326126
52.839596
49.661541
43.680370
42.109203
44.059776
57.419201
48.938446
52.308437
47.411911
-10.824124
-29.080076
-8.279903
-34.927341
-49.179474
-3.115564
-26.308208
2.633499
30.316486
20.577002
16.037561
9.556475
-9.114589
-37.721531
-43.894630
-49.875793
-12.886292
-15.850092
0.334767
28.914927
48.791149
33.440975
44.680210
31.325247
30.044209
33.315994
32.454525
32.570580
32.534870
38.092003
25.335154
39.636391
47.952000
65.275070
54.526814
45.604164
53.651962
52.710152
22.402599
-14.028955
-8.021008
-4.499267
-4.499267
-4.499267
-4.499267
-4.499267
-3.191444
-12.466712
-14.470846
-37.953621
-36.668121
-10.618799
-28.517673
-42.127056
-74.478928
-25.335146
-3.758311
-59.700089
-44.448109
-24.754894
8.570030
-11.172282
5.391978
-11.386537
-21.697353
-54.799095
-66.252579
-59.749180
-58.494926
-64.386810
-55.209743
-59.517078
-48.010025
-43.970509
-55.187431
-64.833168
-51.781734
-28.972954
-33.302605
16.787441
43.622345
38.859730
37.471565
44.586472
41.042404
45.340813
46.822716
47.126240
47.581520
50.670303
52.732468
51.415718
47.768990
58.182472
52.004906
37.833115
-1.874693
-12.350664
-8.226337
-4.981329
6.012413
6.985468
6.597138
5.128628
1.499755
-0.089271
0.272277
0.580263
0.598117
-16.104515
-17.702467
-34.556862
-12.868437
9.993902
-41.711948
1.574903
-4.850482
-13.217155
-28.025620
-30.398909
-25.843721
-12.588288
-25.614048
-49.839123
-26.696795
-59.780697
-59.195580
-38.027344
-7.043314
9.755649
16.963018
8.831488
6.026189
33.379196
40.652187
44.884735
37.141468
25.482807
41.220913
57.943314
61.661827
61.410282
42.473167
48.865742
20.927618
23.279032
-11.893799
-43.490295
-45.163628
-34.527565
-24.695354
-13.561666
-15.579511
-23.153263
-25.460934
-23.093107
-27.303789
-26.423372
-10.559505
-6.665997
32.012096
74.971954
68.305946
62.050087
62.689899
56.964462
46.213562
34.456470
22.010365
12.899988
-12.686719
0.732767
-2.493596
10.154843
-30.814508
-36.753212
-45.070663
9.433013
-4.779394
-0.530437
40.767025
49.718815
26.838974
7.355017
-16.016983
-21.458055
-57.937843
-47.525982
-23.639952
26.439779
16.990362
23.536053
45.190971
30.130960
-2.816233
22.322063
-17.487984
-23.754793
-21.058857
10.882143
7.655779
6.966758
27.883442
9.700966
3.242769
0.180458
-4.216147
15.240469
6.239460
16.902866
14.376459
25.417187
13.539792
-11.199312
4.845014
14.092102
22.442371
24.050085
31.990219
37.272705
10.936829
19.615202
-25.291410
-12.610163
-26.046053
-14.299902
-6.485539
-11.926611
-4.309111
-24.148516
-14.124914
-22.934528
-23.492306
-25.756227
-57.358185
-60.327534
17.504395
10.100159
70.263641
81.096565
73.216583
68.262207
32.061314
-4.948917
-36.878979
-38.524975
-53.694344
-67.852081
-40.291271
-7.841705
-3.291983
-34.090092
-5.610593
-16.377897
-13.135129
-5.714492
-2.832639
-0.710894
1.624118
1.345228
-2.061592
-14.595197
-41.592754
-16.656788
-45.141754
-10.570444
-12.604694
-11.921142
-29.770042
-26.620237
-48.909489
-62.580524
-67.759117
-74.157158
-78.564705
-68.743431
-68.907486
-76.825745
-66.348259
-116.553780
-54.137287
3.209959
-33.701828
-13.917110
9.203342
-14.573322
23.776663
42.385674
62.181328
58.402660
52.710037
56.516060
64.242928
89.835091
75.764862
56.969936
2.849045
-3.970068
-8.547129
-50.910927
-45.776093
-40.931072
-26.122608
-42.965324
-13.900708
-35.407978
-24.383657
-18.669163
-22.994678
-20.785440
-6.923013
-17.755938
-17.613758
-4.341921
0.060150
-25.165638
-35.960281
-60.333008
-48.914963
-69.869926
-67.988792
-62.706303
-62.706303
-62.706303
-62.706303
-62.706303
-64.931946
-47.772064
-15.300623
-51.255444
-5.648868
-47.586128
-29.600523
-41.565411
-31.951942
-52.245220
-62.886761
-36.397758
-58.156578
-47.110382
-58.725288
-52.720974
-35.112686
-17.121603
13.780403
13.228095
2.969347
12.462516
5.430134
31.979282
18.002018
-5.719959
13.184346
-32.843296
-25.624987
-20.976837
-12.550011
-15.858397
25.313286
35.637657
48.608727
30.530153
14.021013
16.252127
41.538071
27.544399
37.568001
29.064623
27.544399
31.962879
34.390858
33.373734
24.793787
10.996980
23.935247
39.224934
41.253712
33.324512
11.357897
18.450430
-15.087355
-13.047635
-10.461076
-6.463665
-2.969349
-0.727299
1.082746
3.549001
-12.385957
-35.741547
-42.637222
-29.627865
-34.872074
-10.001729
10.040004
4.187916
3.777396
4.258378
4.246124
-1.470520
-6.350804
-21.512470
-9.196874
2.132254
1.733987
-17.005939
-13.822880
-12.490224
-5.713582
-5.719706
-10.590800
-9.696235
-12.444268
-0.906820
-6.902249
11.641610
9.546121
2.083236
17.857616
24.456573
14.273227
23.549751
10.391671
2.824625
6.813406
11.350568
1.920865
4.371731
-4.871095
-0.814912
3.624217
5.885140
6.899186
5.970921
5.100864
1.706415
15.970450
14.601030
-0.266532
-12.968143
-27.195412
-53.033661
-34.943214
-47.120956
-40.172745
-36.542404
-31.989918
-26.068016
-20.489235
-12.487159
1.694160
-7.530283
3.235141
2.319132
-7.116699
14.444787
24.631195
-15.670220
-4.043927
-12.971204
-31.410904
-18.455013
-0.202197
20.158367
18.298775
27.232178
5.266298
-10.143519
-9.763635
-16.708775
-1.050808
-2.475374
-9.901494
-12.796580
13.865768
22.422356
9.708490
23.528305
0.030636
-6.384505
0.287977
-26.193623
12.618892
3.838668
2.404912
0.153179
-0.067399
1.960692
-17.563511
-30.546974
-9.552247
-18.841030
5.110054
-1.605317
18.026112
-2.224160
-12.471840
22.299809
10.933923
10.262999
-6.243579
-15.936751
-10.915541
-9.518547
6.755198
-4.990574
11.776408
14.836926
18.779755
22.094551
14.708258
33.285816
16.515774
39.321068
51.992039
39.394592
-0.036763
-39.437489
-32.437202
-18.323284
-17.254089
20.332993
26.512234
7.079937
8.234907
5.897395
-0.303295
7.861149
-1.473582
-23.675354
-15.226001
-17.287792
-11.188200
0.621907
-17.505306
-14.686808
-15.213745
-15.216807
-15.728426
-15.339353
-14.751146
-8.332942
-7.343404
7.806005
27.538536
6.369185
18.249756
13.507331
10.073057
-2.098553
9.647219
-4.662770
-2.070982
-9.255083
-24.615875
-41.753555
-46.860542
-40.135979
-23.421082
-24.597496
-15.823400
3.369939
-3.418956
-9.337798
-8.507566
-17.603340
-9.221380
-18.969696
-1.920866
-4.111327
-4.151154
-5.012019
-15.765192
0.364565
-16.647503
-10.979877
29.373619
11.384267
15.544611
4.209360
-2.610172
0.900693
1.593062
4.001038
-6.102655
18.179295
-11.077910
7.303578
-0.805722
-1.936183
5.250978
-10.180282
2.830750
16.705708
3.804967
34.802284
34.621532
35.788757
27.066742
23.016689
6.651035
12.741435
12.741435
12.741435
12.741435
12.741435
14.309986
4.077630
-21.178539
-34.603157
-9.037567
-7.171844
-25.632988
12.095017
-15.045251
-7.248433
9.071268
16.114441
6.197626
37.338932
5.474620
11.093232
12.551494
9.791205
6.865488
18.191547
11.004385
8.538201
6.746008
-18.338600
-1.234623
7.233117
20.994724
9.451150
6.280341
2.800112
-0.480983
-0.716879
-7.220861
-10.076119
11.365889
-4.760806
-7.787624
1.507282
-12.621957
-4.402367
-9.944386
2.931848
-9.135601
-5.517510
-5.217279
-4.261442
-3.112598
-3.299477
12.625019
17.091721
10.119009
26.331482
7.836643
-0.833294
4.975257
5.238723
5.949475
6.344678
5.744215
3.685488
1.568554
0.873121
22.777729
40.978466
46.189621
58.787067
27.357780
-1.207052
-42.421417
-4.978746
-3.845192
-3.449559
2.476038
3.133943
1.266913
4.503097
-17.656767
-7.588144
-16.643236
41.159115
31.263861
15.149613
-11.931211
8.810601
6.534603
18.914793
7.201401
2.378240
2.200429
16.074240
-0.271163
-20.275053
-12.918070
-10.659849
-3.756287
28.698914
22.306559
31.326099
4.889840
19.497128
20.141695
18.483595
12.771373
9.517406
11.611147
18.870338
25.298254
24.782598
18.603621
18.536938
10.895452
-2.600505
-20.492870
-2.533827
-51.076607
-12.095685
-20.283943
-35.291313
-24.991526
-20.679577
-19.145947
-20.292835
-19.466009
-21.639767
-37.349487
-0.373406
-11.153281
37.136112
29.890259
-12.655796
-60.709587
-60.185040
-16.287613
47.884876
50.125305
83.762955
49.800793
10.077512
-26.133972
-18.723642
10.962132
-9.704112
-7.081378
0.862390
-12.704695
-20.710695
-23.600145
-10.770984
9.957493
-6.272330
3.454005
-31.366096
-15.687496
7.405884
16.923290
4.431974
26.200651
13.318147
5.623316
0.969077
-1.133554
21.324148
23.537914
53.801579
41.616982
-8.032679
-19.363768
-23.026701
11.997888
14.611729
28.725584
48.933960
5.836692
-7.481456
2.502709
13.913817
10.104188
23.200069
2.916123
9.779679
27.983223
23.204517
25.507183
11.553360
31.526131
26.876337
21.141893
13.264801
23.017809
1.226902
18.448034
19.430443
43.635155
17.136665
-4.089685
-29.392380
-42.972797
-64.554779
-37.202785
-21.204121
-27.334200
-28.343292
-1.137997
11.691163
38.700859
0.106687
1.929264
-4.747591
-1.173562
21.132999
21.884258
17.963493
14.233880
10.957687
6.961355
12.580225
4.667575
6.196760
-20.995195
-11.695609
18.439142
27.512014
17.141113
29.152338
8.286057
-15.238523
-12.904732
-20.946295
-31.779514
-42.497158
-41.296917
-24.773701
-42.759422
-39.487686
-59.696049
-56.935524
-32.259613
-6.072292
-29.374605
-4.556442
15.603035
33.410934
58.486931
45.671101
30.183643
9.068429
-26.298447
-18.030172
5.752233
12.317950
9.770788
-8.761705
9.410720
22.813326
10.797654
7.205845
10.784319
-4.334177
29.379051
2.311562
2.542715
20.724031
7.005808
6.854666
21.199678
16.007557
39.843304
51.107719
67.190842
75.565811
47.066925
-2.431585
5.267693
-33.650993
-49.031757
-38.185204
-38.185204
-38.185204
-38.185204
-38.185204
-37.722893
-44.604233
-40.643459
-52.645798
-58.815884
-99.499352
-58.713646
-60.273945
-86.630180
-54.228329
-31.943987
-63.630157
-52.325733
-38.283005
-28.512213
2.222655
-1.315813
-4.618677
-17.994608
-24.218046
-27.992115
-17.879032
-36.998310
-29.592424
-27.965439
-35.598038
-41.012421
-26.520714
-22.346569
-40.607903
-14.282780
-21.253023
17.016644
48.507214
68.986748
49.107327
49.360714
42.852776
39.309864
40.514542
60.865170
54.312786
46.257881
58.389130
63.096722
60.425083
46.604622
17.816799
5.770012
-2.911677
-2.382684
15.763062
28.489986
42.048176
42.021503
35.269081
29.259022
21.950935
16.127581
15.563026
23.929100
35.873642
9.250687
-4.054121
-14.069405
11.740062
34.095516
16.269829
21.550858
-1.714670
-8.808859
-10.986282
-10.759037
-19.997593
-21.270168
-20.022383
-18.820049
-19.303463
-21.555256
-3.553291
47.246384
42.804768
38.726746
70.384094
85.733475
71.772362
80.448997
50.303860
41.833805
58.385536
63.484097
38.016090
44.618599
40.722374
22.422926
38.445789
12.515018
0.318144
-16.989691
-34.231419
-16.299692
-9.564965
-34.024834
-32.764652
-32.735733
-24.575558
-13.275263
-5.168799
-3.144250
-8.519636
1.656825
-13.134783
-15.737778
12.081190
-1.032932
-26.174536
-22.893940
-21.559389
-19.274542
-18.295321
-16.436039
-14.147058
-11.126761
-7.466044
-18.857237
-28.223877
-23.013758
23.621124
26.781904
38.689560
-3.135986
-4.317663
7.548677
-2.652573
-16.101370
6.379397
-1.892334
-19.543102
-33.231541
-27.748724
-2.148502
5.205986
12.316701
10.651610
17.076460
19.138193
-0.061976
6.565327
25.835735
4.722572
8.552689
20.708254
4.668860
18.287054
5.697662
-0.384251
-2.276586
3.078142
1.966706
0.384251
-11.684546
14.456938
13.275261
24.509449
12.886878
-2.499698
-6.495087
-19.997593
22.703882
7.069397
19.138195
49.626259
7.858559
-1.565928
-18.993580
-11.498617
-32.562199
-30.409565
-16.394720
-10.523527
-4.458141
-2.648441
6.214128
12.411730
1.041197
2.396406
4.565566
-2.875689
16.130289
7.796581
12.556342
46.663799
43.858364
26.703396
10.064906
13.093467
1.024670
-17.683821
-20.869389
-20.613222
-27.166153
-19.229090
-21.551126
-14.870112
-0.652815
2.648441
-23.290586
-14.440412
-8.131254
-0.896587
0.483413
-4.020178
-10.589636
-20.030647
-31.467287
-3.718562
-7.408199
4.272215
6.557062
22.972443
18.522566
20.828072
22.141964
14.989932
17.386337
19.745562
29.525373
38.123508
40.709995
40.466221
37.776447
42.238728
25.439089
34.553696
11.056520
35.735371
55.840389
71.470749
51.237637
86.501991
59.815117
56.877457
72.016121
73.557259
75.300850
73.309357
6.024066
6.267841
-16.613703
3.123593
-10.345864
-20.803282
-17.493763
4.082155
-24.030165
-27.414059
-18.117655
-18.357294
-23.674837
-13.138915
-16.704603
-15.047777
-17.266518
-27.087652
-0.367725
-28.521364
-5.354727
-13.560353
-14.196640
14.585019
8.271733
17.861486
16.593042
6.813229
4.788680
6.474427
6.474427
6.474427
6.474427
6.474427
7.247061
2.524490
11.630832
8.825382
4.371373
-1.830358
-7.358618
-15.113884
-15.903046
-16.217056
-17.064064
-45.494526
-39.152313
-10.391312
-13.886759
-22.162622
-5.367121
-3.846645
-4.478799
22.199808
18.915079
22.274179
25.096153
13.122388
13.994184
18.377954
-0.165269
6.346344
27.591722
23.794661
0.760239
17.406998
-4.631675
-16.547598
16.667416
4.751494
13.742148
3.528500
-9.569099
0.458622
-0.921377
1.222993
0.429700
2.417065
10.106221
20.861126
33.479443
13.382687
16.679811
7.866823
-12.593526
0.024792
-17.675560
-11.106101
-23.150108
-15.027119
-7.585865
-2.371616
1.582453
5.024189
11.738256
15.952625
8.614665
-12.143168
-17.154963
-23.819447
23.670706
12.771191
34.491722
-0.039946
7.105319
11.549265
22.768978
26.488909
27.093084
28.740841
40.200230
51.964203
48.533871
72.581100
53.631931
44.564285
17.875643
16.427618
-3.015891
36.075851
4.963240
-21.605564
-3.959604
-1.408081
-18.399929
-24.421724
-0.509306
-10.885170
-42.067680
-33.534306
-30.393585
-23.997305
-49.966919
-11.299604
1.268271
20.776690
26.389046
24.366800
22.659126
16.202923
7.469823
5.003183
12.627794
30.703167
9.996380
-7.924202
7.534732
-29.454866
-43.196144
-0.758966
-3.924653
3.300503
-0.084885
0.289605
1.982297
3.180667
3.055835
-5.552435
0.314571
22.968704
-13.766241
25.015915
-15.783497
-8.733101
-11.863840
-18.150269
2.037224
-13.371784
33.414474
64.402252
48.384079
24.806202
3.630056
31.911522
21.310963
-12.512949
-19.488447
-23.927397
-33.943748
-8.213810
-19.798025
-11.239685
-12.473005
-10.750353
-23.173428
-48.109447
-2.381755
-5.003183
-5.322749
8.688163
17.316406
11.544271
4.179306
0.549252
3.729918
11.908774
-2.092150
28.466213
44.928783
6.596013
-2.206994
23.862486
15.908323
-7.909226
10.750353
31.951468
15.379045
9.377224
11.409455
-5.532462
-0.679074
16.637331
-1.418067
6.351346
3.080802
10.305959
-0.209714
-13.576501
3.450299
-15.129388
-21.635521
-52.588345
-22.010010
-26.568800
-14.774872
32.236080
54.485764
10.425798
-0.574216
-19.698162
-42.172543
-47.485302
-12.343184
3.774858
-9.821617
3.030868
40.909264
29.574707
34.667767
7.010449
22.813915
11.309590
22.104881
21.530664
20.002747
18.050407
15.339102
13.172052
9.646857
7.474817
17.645960
31.731768
27.412653
44.414486
46.137142
39.471222
30.583330
49.812134
42.012760
48.249268
47.904732
45.887478
46.731339
61.091759
95.749542
90.876183
69.440384
52.074055
-8.808002
-46.017300
14.475283
-53.167557
24.776241
4.354063
-1.762599
26.344110
34.717697
25.155725
27.607395
29.409929
12.238324
18.764431
2.541540
-38.212933
-27.737209
-29.694544
-1.403088
23.443060
30.158909
36.515251
23.527941
20.746733
43.091290
9.522025
26.324133
18.669561
21.036339
20.771698
29.509792
12.068559
39.910622
54.760391
42.711800
25.335484
12.388119
-2.761237
-14.405373
-40.469864
-27.991861
-27.347738
-27.347738
-27.347738
-27.347738
-27.347738
-26.159355
-47.005951
-30.408567
-29.110344
-2.866096
-28.066757
8.088981
-33.494362
-57.157120
-29.404938
-57.531616
-39.895645
-35.591507
-10.290976
5.212897
2.611441
-15.359072
-26.613739
-48.728600
-55.963749
-42.776714
-40.539764
-59.039558
-49.407681
-35.426727
-37.528862
-34.697720
-44.958740
-47.015934
-48.998234
7.020434
-25.325495
-10.865195
21.375875
46.391796
26.189314
32.021374
56.632843
44.035004
31.077658
46.631466
37.838444
43.995060
45.268322
48.104462
45.223392
42.462143
36.435360
45.762650
23.023632
-17.551088
-18.774420
-8.543361
-11.724026
-13.671373
-11.674094
-9.866556
-8.738094
-7.245129
-3.989564
0.913755
3.030872
-19.618271
-24.326859
-58.190720
-53.976448
-48.853428
-9.232421
-8.258748
7.813324
16.136562
19.854517
18.252504
14.932041
16.032171
19.047487
31.590563
49.598145
51.160004
37.894222
26.198328
27.198080
36.248047
49.385353
47.586590
62.731426
40.255085
15.534304
6.404036
3.477051
0.871271
4.308171
6.725242
29.301977
55.460152
5.942301
-28.466841
-33.610142
-33.569996
-5.801774
16.152624
9.608060
2.505402
7.865520
12.567166
18.051750
18.172203
11.728018
2.316695
4.091355
1.561861
1.754585
-8.062261
-1.642163
-1.304897
7.419846
16.317240
22.432190
18.485380
13.976457
10.856747
10.109944
8.853227
4.878309
-5.404284
4.617329
8.600278
-0.562108
17.790773
31.417917
-3.982948
12.366412
-1.541788
-4.111430
-3.966888
8.532022
10.298653
-0.277039
-6.339797
6.946068
11.137804
-4.810054
-24.845247
-28.852285
-14.024635
-18.794538
-10.439178
9.632151
-0.132497
3.842421
-10.069793
-21.930307
-7.447954
-2.433132
13.615100
-1.389214
-7.664766
-0.843164
-0.409537
-0.333251
1.806781
5.163378
5.785716
-2.240409
-12.310202
-7.865521
-14.835680
2.830624
6.416081
18.826660
30.426193
13.558890
25.543871
5.657232
-16.522011
-19.208090
-31.353674
-16.778975
-0.843165
-0.493854
-1.465500
2.585704
9.150342
-5.576931
-23.749134
-29.410381
-41.001884
-65.236855
-46.787601
-40.118572
-18.148113
-0.164616
31.277386
36.774014
19.866560
24.532070
43.848564
46.711311
37.805889
22.693171
21.311987
1.549816
-13.719490
11.499157
27.447014
5.420344
-9.676317
2.160106
8.724745
8.628384
8.391495
7.781204
4.107416
-2.401012
-8.901408
-20.372459
-6.195251
30.052795
53.151478
62.530685
56.624519
58.254635
47.815460
44.707794
56.680733
66.766579
70.853920
73.034111
72.178894
68.272232
85.264000
109.254059
91.069778
45.807919
-22.749378
5.071034
37.026966
37.127342
57.507820
54.902046
36.541142
24.090418
11.663778
0.521959
-11.274313
-15.590515
-1.328987
-22.532568
-28.715773
-19.810350
-25.339102
-5.540797
14.125013
20.665562
8.837168
11.005304
19.107714
6.660999
9.455487
16.706703
9.298901
4.388470
7.379696
9.744572
6.090859
16.566175
8.395510
-0.891347
28.531082
-9.431396
-8.359374
-22.251514
-25.716516
-17.818876
-12.567164
-13.249727
-13.249727
-13.249727
-13.249727
-13.249727
-12.743830
-17.742590
-22.705214
-18.152128
19.248241
25.788790
36.513039
18.959150
-0.433628
-20.464808
-11.041439
5.480570
18.545603
23.488155
30.924061
1.589967
-20.215872
-28.250025
-20.460793
-8.395510
-6.412065
4.713691
1.875038
-10.499406
-3.673788
9.290869
9.499654
-7.540300
-18.589769
-12.446712
20.368448
12.683602
-4.007039
-5.191485
-3.613562
4.292109
-1.469515
-21.223658
6.673044
0.052196
-7.106672
-1.979428
0.385447
-1.200505
-1.883067
-2.099881
-3.629621
0.100377
6.632894
31.498215
61.438583
21.207598
-2.959108
-6.560622
-11.896648
-7.106672
-3.320462
-0.847179
-0.325221
-0.224844
0.835135
-0.650441
-10.945077
-31.429956
-69.858200
-86.890114
-61.314121
-38.235508
-14.020624
-6.075809
-15.480338
-21.703793
-18.137945
-14.249964
-14.513935
-15.560871
-21.050577
-41.403194
-37.971569
-11.162845
-10.545424
-1.252742
-17.623423
-33.354321
-27.824345
-26.370264
-41.421089
-32.548977
-20.795551
-37.291508
-38.562149
-37.416782
-55.013363
-54.597271
3.261607
28.186743
52.100731
70.900848
67.460274
41.148170
1.606194
2.626289
6.818508
-2.093873
-8.035459
-7.704377
-4.635154
-3.785077
-5.002029
1.033514
-8.277060
3.368988
28.486506
8.970542
-10.952563
-7.968349
-6.925886
-10.375407
-14.849492
-15.296900
-12.652716
-10.075642
-8.294955
-11.131527
0.514520
29.528967
47.568481
-2.943948
-14.800278
-10.889927
-24.236126
0.170015
1.060359
1.655412
15.108990
-8.384437
-15.623507
-36.691982
-12.173987
4.196693
-4.509881
24.446405
28.763899
23.703707
11.753425
-1.601722
4.885702
13.815979
-4.415922
-5.896846
7.368820
1.959649
14.589995
14.249965
-12.572181
-1.306434
-0.604001
-3.292927
-1.995442
-0.411616
4.523301
-2.237043
5.807364
7.744643
-8.840792
-9.713241
-2.424954
14.567627
-34.960510
-45.219589
-41.492672
-82.622948
-34.562317
5.740254
28.374653
50.865883
60.109348
62.422447
41.872971
25.623091
13.977045
12.326107
0.196860
-11.865276
6.066861
17.466831
31.291758
41.273449
15.310322
31.681007
32.070244
8.925801
-4.809640
-20.142344
-4.639627
-7.216701
-40.691811
-40.866302
-26.025761
-13.368569
-1.910434
-10.822813
-15.990383
7.605944
-15.525077
-26.951895
4.089314
4.228012
1.910434
-1.726997
-1.319856
3.986410
15.941169
31.390188
47.443207
2.845516
-21.726164
-21.779854
-52.230480
-54.794132
-40.700764
-40.897621
-48.364876
-38.262390
-38.199749
-40.544170
-44.257660
-43.877369
-44.391888
-49.662361
-53.344536
-62.207706
-59.684315
-28.696789
36.262466
2.572599
-18.026098
-3.615063
-9.315045
-38.477139
-36.423538
-31.157536
-44.248714
-44.982460
-52.955284
-61.881081
-10.285925
16.164871
49.550503
84.949478
45.680416
22.629925
-1.172210
-15.762205
-4.286174
-0.031319
-9.896678
-12.751145
2.451798
-10.518576
-10.142754
-9.265833
-6.800611
-6.648492
-10.733333
6.563483
-10.223287
-17.404196
4.679894
-13.489370
-7.006419
-5.489706
-7.919132
4.635152
4.071418
1.539085
1.539085
1.539085
1.539085
1.539085
1.064832
-0.733752
1.758314
24.509043
-6.814033
-30.558012
0.581630
17.211809
35.483974
20.956617
2.125189
9.350840
18.348228
-3.373461
-15.717463
0.362401
18.370598
31.358868
20.191549
5.878949
15.887481
16.008280
0.984299
6.035542
8.294955
-0.854551
-3.574795
13.126969
12.648242
20.862661
26.857939
2.156509
-1.955175
3.239239
-13.587800
1.686731
-2.228094
-10.236709
-0.733750
-10.151701
-4.635153
-4.210115
-4.017729
-7.498568
-14.804750
-24.133221
-35.206585
-47.814560
-73.768730
-79.110786
-24.531416
1.847798
24.070583
49.756310
47.528217
31.640738
17.927662
9.207669
4.742531
3.346616
3.234764
4.402501
3.811921
2.366791
31.725746
56.342171
31.184380
38.159481
31.936026
-8.507183
-3.472410
-8.652416
-10.971757
-17.529285
-23.017363
-35.014557
-15.253956
-33.227741
-34.072739
-28.954344
-11.328241
-21.331770
-21.877497
-16.547863
-25.301498
-10.698891
10.747306
-9.378586
13.427530
34.688885
28.311800
45.515408
39.358376
39.710453
57.450985
25.543549
18.708765
16.477436
-8.573201
-8.045074
-4.246988
-17.577694
-16.649078
-10.769310
-8.353147
-9.140930
-11.865166
-12.226048
-11.847561
7.178074
6.614740
-32.180298
-15.487211
-21.754269
-11.640714
-35.687916
-32.673218
-50.611790
-38.486969
-33.051701
-30.741163
-29.984184
-27.898100
-26.190500
-13.079849
-15.544421
-7.310103
-29.517679
15.460803
-22.282389
-51.729645
8.498380
5.237222
9.431397
38.790634
50.158489
32.814049
1.760409
-10.716496
-16.842724
8.678823
-28.989555
-3.296366
5.540892
25.869228
1.126662
-6.051410
38.046864
9.708663
3.159937
-11.944383
-2.790249
16.464239
8.797649
-4.550661
11.636312
20.077478
12.230451
4.766311
0.651352
7.424531
-9.202545
16.464237
23.056974
16.169369
4.330609
-20.891668
22.493645
20.209511
4.629879
44.974079
43.433720
41.708523
14.056877
-3.930115
-17.832952
-16.393820
-25.024229
-16.609468
-9.237752
21.419794
23.985592
17.480877
34.900135
35.824348
40.986755
33.117718
51.232334
59.884754
9.911110
16.732700
42.386280
24.702959
-16.270592
-17.881359
-11.130193
-15.922911
-42.315857
-38.751026
-48.996628
-33.157326
-19.905840
-17.049572
12.102819
-5.994198
5.457271
-23.897566
-20.081879
-27.620836
-8.771245
-9.426997
-12.961021
-17.714128
-24.909803
-32.593998
-37.245880
-9.220148
-12.142428
-4.854330
2.169706
18.792379
1.923248
2.689029
-16.943949
-32.391544
-61.988449
-69.030098
-82.695290
-90.577515
-102.570320
-68.493172
-82.840515
-86.709015
-94.600052
-46.545254
-46.650871
-57.376171
-31.863428
-24.601738
-7.895439
-11.284232
25.768003
56.258316
64.360596
69.109306
72.229637
87.980904
46.963348
27.682455
23.703924
-32.646805
-3.639648
-16.499443
-0.057212
-10.690092
-11.134595
-17.872564
3.982927
-9.541424
1.183877
-13.189875
8.709630
-3.894907
0.990230
-12.595735
14.232916
27.004694
17.780148
64.778694
26.111290
8.762444
30.741163
5.668521
-18.273060
-37.008221
-27.202734
-27.202734
-27.202734
-27.202734
-27.202734
-24.144020
-56.135071
-51.087101
-34.706482
-66.886780
-82.563248
-78.699135
-63.770863
-83.720711
-68.488762
-56.601589
-40.036129
-34.482029
-58.229973
-27.752869
17.634911
-2.667020
6.720367
7.041642
0.572133
-1.289501
-15.438796
-13.797215
-22.634476
14.303330
-15.407988
-28.580256
-35.674713
-8.652417
-19.580160
-19.329308
9.035305
4.339409
51.791264
42.962811
39.213139
46.153553
28.452631
44.855255
51.285149
43.165257
46.316391
35.437057
46.602463
47.896362
46.963348
44.577988
56.253910
46.760899
39.543217
45.194134
-4.876337
-15.540020
-21.296560
-26.168497
-19.822218
-12.569329
-8.089085
-3.670455
2.548193
9.440199
15.808483
17.920977
27.691254
43.777000
50.629406
32.369541
16.811924
39.486004
-10.384604
-9.154120
-8.932717
-18.380621
-26.755579
-26.585268
-22.221094
-38.834755
-32.452419
-49.040535
-4.423779
-32.052193
-31.622162
-4.798461
21.978403
23.515446
13.875946
-11.180799
11.972737
21.143885
1.136814
10.320736
11.483094
-2.192731
-12.849830
20.999123
36.429138
39.294594
33.261387
27.785946
53.064091
25.227051
-0.932443
-21.028927
-26.478825
-32.971863
-39.392521
-33.201782
-23.690012
-16.315622
-23.277010
-10.359056
8.136522
15.966486
9.247789
9.477705
14.212303
8.694285
-2.482257
-1.826566
-2.290658
-2.150154
-3.227359
-4.785689
-4.734595
-6.101326
15.830240
1.681806
-15.753602
-1.698833
40.908279
52.476528
-4.291795
-15.404469
-29.689152
-2.652567
-29.557159
-38.068363
-13.450167
-17.320444
6.688895
-11.048811
0.374679
-15.549231
25.218534
43.254276
30.051056
28.416090
2.333237
15.655673
11.866294
17.499271
31.681768
7.736295
6.573936
-5.113533
-9.533058
3.751060
-5.028379
-3.078339
-0.757876
-3.623328
-2.401361
-6.527100
1.651999
0.089415
1.485949
23.238693
1.243258
-34.257694
-34.240665
-35.752159
-43.326664
-1.933010
-1.839339
-0.085154
-8.532492
22.668156
32.162895
11.517159
7.493606
9.392552
6.020430
5.509502
-12.807253
3.623327
2.426906
-1.634967
5.794771
18.303982
20.126291
36.386562
7.740553
-3.998018
1.801019
20.645733
18.546673
17.512043
34.615349
-0.208631
-29.016434
-19.853794
-19.653685
-13.705634
-31.485912
-19.381187
-44.850929
3.776608
-6.982677
-12.398511
-11.317047
-8.268512
-0.676979
6.731472
13.829107
18.321011
-18.538158
-16.358200
-1.298609
-6.446204
-41.747047
-31.473141
-27.223927
-35.986332
-16.737137
-17.256582
-22.327538
-18.857485
-9.200956
2.124609
8.579322
-11.478843
-11.432004
4.662214
-9.929029
-7.276464
39.447868
20.684055
29.429432
50.424305
-9.665045
4.385464
-1.221970
-17.767506
-7.804419
0.097923
4.781430
37.425442
23.668722
21.263105
7.574499
35.028343
22.489330
41.053036
-12.811510
-29.220802
-25.214277
-23.481380
-38.413242
-10.720964
-29.331503
-26.036020
-18.240116
-22.284958
-28.237267
-29.148420
-25.571926
-43.586384
-42.428280
-62.661015
-25.099318
-7.970470
-9.013614
1.026115
15.574772
8.200388
8.519717
8.519717
8.519717
8.519717
8.519717
7.272202
21.458960
18.018715
24.831083
41.580994
-3.772348
37.242374
31.830788
44.948853
5.215722
-2.252340
16.967056
22.012465
2.831388
-27.155804
8.992326
-2.282143
-11.589542
12.177109
35.236977
34.223633
43.101002
29.974419
43.433105
31.243223
31.221937
28.565113
31.447594
42.172817
39.447872
31.881882
-11.091385
2.103320
-2.239566
-28.301134
-17.822855
-19.198107
-12.688036
-24.064692
-35.428570
-21.625011
-25.712433
-30.872801
-32.946316
-35.202911
-31.017563
-21.510054
-20.590382
-39.920479
-53.285492
-27.087679
-16.081446
-15.813208
-24.205198
9.498997
4.938968
2.592959
1.477433
0.553505
-0.868577
-1.962813
-1.860627
-3.342319
-0.212887
-2.895257
23.613371
24.039145
14.650850
19.364159
-1.864898
1.969506
2.770294
1.183146
6.171839
6.218733
1.518612
12.949678
31.248770
30.065622
26.346645
25.798357
28.359440
43.967590
13.205791
8.253166
0.512216
6.247590
-15.031006
-0.317430
6.272840
5.093300
-4.339406
-1.320218
-8.927705
3.087724
-3.556654
2.550255
8.285631
-12.740466
-16.592907
1.147072
-9.191027
-0.515822
0.750288
1.857684
9.342527
15.622580
18.504694
14.457470
0.241679
2.124614
15.258257
6.781449
-8.379417
-5.735373
9.295633
-4.458440
-0.764717
2.445650
4.404334
4.029191
2.373507
2.135435
8.220702
24.947071
-3.996725
-21.877384
3.545832
26.303358
20.968382
-13.277932
-2.983115
-10.262350
-32.417484
-37.777718
-43.008087
-15.734402
12.704393
27.360256
16.567656
24.608000
1.201182
3.455653
11.618640
-13.137252
-8.765383
-17.974445
-16.647011
4.786693
1.175931
10.417458
12.682749
-4.970656
-15.839010
-23.919031
5.324158
-8.364988
0.634859
0.032464
-0.173143
-3.091330
-5.255621
-25.700966
-23.814425
-41.114330
-28.626364
-8.051166
-9.176598
-8.072809
-15.265473
8.469595
20.917881
10.460744
0.147893
-1.763898
6.128554
-8.678811
-15.398937
-20.218094
-6.326947
-5.324158
-4.119369
-5.681266
6.063625
8.025916
-15.258258
-31.746553
-18.418123
12.744071
11.207424
-19.031338
-1.341860
-16.827372
-1.832434
19.969200
22.284992
23.818031
21.704241
12.192175
31.472412
33.034309
48.393570
6.464019
-19.691448
-16.387297
8.945741
-10.709635
-21.516670
-19.741947
-23.258923
-28.893297
-33.546516
-38.022995
-39.238602
-33.918060
-20.488628
-0.461715
-3.751441
-16.636190
15.687510
13.984933
12.073141
22.541100
27.288115
18.284660
23.031673
27.017576
29.257618
25.275318
12.008212
-18.396477
-17.624544
14.089542
31.706877
-1.745863
33.788204
22.180386
13.671109
-0.602394
9.468781
-17.314337
-4.274477
-1.385148
-3.051653
-6.265625
-13.638645
-29.744585
-29.239582
-37.171711
12.358107
4.801122
6.052805
-7.979023
2.012793
5.244802
1.742255
-0.624038
8.855560
5.601909
-4.728977
10.276778
4.840801
2.662079
-0.652894
8.527311
-6.341374
6.738162
-8.346951
-7.611094
18.616516
14.522398
22.216454
16.950012
3.022794
7.077234
7.391057
7.391057
7.391057
7.391057
7.391057
6.857198
14.666686
-7.293663
-8.191844
-12.433857
9.310063
15.301542
-4.104939
8.527309
-10.435492
12.073140
9.847529
10.247920
14.544042
31.710478
28.709328
23.464527
27.129398
39.397335
26.407963
18.836554
5.962626
6.759805
11.676353
-8.891631
4.292512
7.506485
15.427794
-14.814579
-9.548137
-23.453711
-19.954769
-25.293360
-10.810639
-0.028857
-8.119702
-0.753895
-11.593392
-25.751467
-9.800635
-2.337436
-11.304818
-9.356956
-10.428281
-8.653560
-5.046407
-0.472537
-6.965412
-2.420400
-5.219550
12.296785
21.866564
17.826550
23.446499
3.700940
4.685691
6.114124
6.139374
5.692088
1.655684
-8.783419
-25.109392
-4.505333
7.401879
6.925733
-14.598150
26.144640
-10.435494
-14.958866
13.427669
26.209330
36.921143
36.875000
57.599884
68.845634
96.096489
71.179169
85.015526
95.081329
48.773357
22.300344
6.974215
9.742806
-30.566565
-35.721424
-3.421187
7.771829
-23.210022
-18.707771
-23.678049
-37.138672
-37.263916
-9.090208
2.102812
-51.166203
-80.783539
-50.487240
-47.039684
-17.916740
3.559619
36.690426
23.328672
50.322445
48.292141
44.633652
37.085941
19.479017
6.005208
7.877303
23.915354
-17.890373
7.224705
19.452652
23.691223
45.886097
109.728500
99.234230
80.038651
79.155342
67.204254
50.421326
32.095879
15.279990
-0.692145
-11.087548
-3.711230
-20.243675
27.244257
14.073671
-34.811737
-32.287045
8.846309
22.768368
30.632484
66.512115
89.656219
94.956093
38.107681
7.547705
7.415870
3.763965
-16.420383
-34.811737
-10.336072
-44.257908
-25.141445
8.312361
-33.084663
-49.458900
-31.792658
-55.734371
-97.052307
-44.739113
8.226671
7.593851
25.457853
13.137626
6.842375
1.799584
0.177981
3.816701
15.385459
4.436337
38.588890
55.345455
29.913961
-19.004402
10.144910
37.165043
44.857773
55.042229
31.865168
-5.662429
-13.243095
-12.399333
-17.824455
-14.113223
9.927378
1.489767
13.651791
26.004980
18.800051
2.709264
-35.899403
-39.129425
-71.653778
-110.025139
-125.891785
-154.217133
-73.367661
-43.658051
28.417616
103.940819
77.639214
26.934435
35.424778
21.397251
26.426865
17.936512
46.360722
21.944386
16.255587
32.497990
74.620125
56.479267
32.728706
21.997118
12.880541
12.063148
30.349033
31.509205
25.543549
17.653065
11.100733
3.750782
35.576401
32.972607
50.955261
45.820183
59.425835
85.569252
85.602211
68.140305
75.312279
58.858936
42.491287
50.282894
56.789082
71.462624
106.050232
92.180893
124.817322
82.820427
-0.435062
-46.953983
-79.781570
-80.546234
-79.432205
-32.484802
9.933970
6.334800
34.152546
34.818333
23.065004
22.122362
28.912003
-9.136345
-6.249110
-27.395872
-60.183903
-62.326263
-13.783630
11.542388
26.169777
55.826664
59.050098
55.543213
42.267162
71.739471
44.416115
41.640934
53.381081
40.131390
40.296188
46.189335
34.106407
43.064781
43.269123
59.603809
-25.780859
-57.520779
-87.586365
-89.596893
-104.553871
-113.650665
-105.601982
-105.601982
-105.601982
-105.601982
-105.601982
-112.062027
-69.841019
-74.415771
-66.505524
-26.558701
-36.044422
-25.774265
-39.966583
-94.949501
-44.653416
-36.446522
-40.816944
-10.454724
-30.513828
31.950861
20.678740
-13.869326
-44.106297
-44.574318
-86.887619
-79.900230
-60.698074
-55.576176
-20.210718
-60.473942
-64.567505
-56.907738
-82.306259
-109.886711
-83.426880
-12.728927
12.715741
22.221241
61.818687
60.276188
38.496605
39.307407
53.209686
85.279205
55.576172
60.941967
56.380383
52.563683
66.446190
72.543678
68.239182
58.608440
49.781906
64.593872
60.717857
-9.057249
-53.954571
-42.952717
-35.418190
-27.283812
-21.094028
-17.771719
-17.059797
-17.804680
-22.353079
-28.938372
-37.290283
-59.880672
-104.665924
-145.443344
-179.569504
-108.897911
-56.215584
-5.418532
4.690254
1.154035
-8.914659
-13.281994
-22.567215
-27.188648
-35.420414
-33.789944
-34.229321
-28.051531
-11.947972
12.127958
33.737003
46.330818
85.520378
90.575890
84.202217
53.159733
69.051544
74.996422
86.282677
90.125923
66.791122
69.273880
79.840187
37.130295
36.087421
0.285859
-35.219257
-49.104736
-34.589302
-49.554703
-45.160896
-50.703445
-44.626232
-39.025452
-31.555988
-23.414211
-17.268179
-13.075538
-9.396388
0.677598
0.217044
-19.909756
-19.300976
-40.989433
-82.238266
-56.955349
-64.911842
-57.685890
-49.925262
-40.947079
-31.344238
-21.910791
-12.678512
-21.646105
-27.268055
-30.036680
-0.719947
5.394322
9.555203
24.372383
22.498398
-5.034347
-7.850616
-17.559334
6.590706
-8.798198
-6.304845
9.687547
0.201162
-34.848690
-36.876194
0.979342
12.731444
27.696850
18.289873
4.626729
14.504848
18.676317
15.023636
26.436939
41.185299
25.939329
-16.124731
8.904072
-7.353004
16.119438
7.199487
2.710395
0.254100
-13.573149
11.381542
19.565666
0.682892
15.568892
-3.541512
32.852951
3.557394
-4.113234
18.348103
42.164642
82.698807
43.085747
22.228416
-1.238732
-37.553795
-71.407265
-69.644455
-37.516739
-43.085754
-19.920343
-12.392645
7.961786
28.977934
14.653072
44.885620
42.725780
27.988008
43.779228
18.829838
27.776255
25.526417
9.872820
0.349386
4.303810
13.975475
-1.551064
-43.165157
-53.726162
-41.762321
-37.394981
-30.862505
-2.800392
-10.989804
-3.880311
-13.038481
-24.769409
-0.862879
-11.577409
-6.410718
-6.553649
-11.625052
-20.460306
-33.498787
-52.201569
-19.830349
-14.912469
-11.720337
39.681881
41.624683
31.889492
27.283939
27.008663
7.633573
25.383488
14.928345
24.367086
31.672445
30.497234
24.499416
40.417706
27.204527
0.947578
27.935066
37.987881
64.160133
68.988014
49.094147
46.214348
50.544632
68.670387
81.433609
104.329018
111.364403
120.543755
129.463699
59.041088
38.729004
20.693228
-33.085876
-27.998589
-22.694265
-22.328995
-25.949913
-36.479164
-33.604664
-20.206205
-18.051655
-38.755470
-0.206454
-30.444300
-12.826733
-17.961660
-29.666117
-5.394321
-24.351202
-18.559853
-1.016398
0.561136
25.288198
62.969044
59.438114
30.084324
39.777164
27.125126
30.661343
30.661343
30.661343
30.661343
30.661343
33.699947
11.270373
30.221966
-2.975083
-19.158043
-6.045450
-27.749784
-4.150294
-27.675673
-19.094524
-49.861740
-74.636444
-59.305767
1.487543
-36.135071
-46.103180
-36.182713
-8.268822
-0.174695
21.471411
13.530801
11.910915
15.050104
-17.506395
13.186707
1.641061
1.312847
17.501104
46.246113
14.621311
-8.824664
-20.185030
-11.386835
-5.817821
25.907564
17.114662
10.539837
10.905106
5.039642
13.769018
-0.185281
15.505365
4.023243
8.517629
18.453979
35.806858
58.659931
49.554703
53.911449
56.637726
10.248684
0.936992
-17.183479
-52.540367
-72.391899
-53.895573
-36.659149
-22.667795
-10.396905
1.000517
13.281996
24.827641
17.061726
25.378189
30.311958
43.186333
24.552370
16.585291
-6.310138
-1.320930
-3.460985
6.726413
6.711654
4.176795
3.984929
12.058102
-20.138649
10.405092
-7.604573
5.121373
22.946548
-13.522931
-15.412086
16.673975
5.003300
24.968529
1.804288
8.895985
-4.453526
2.545927
7.054799
-15.869610
-21.216055
-37.982277
-7.331529
9.482656
-28.056850
-11.069251
-45.077663
-34.654129
-1.479591
2.678756
-9.995531
-10.047188
-10.681825
-0.243523
10.973314
17.046642
13.677901
5.708041
-22.282394
2.737794
-33.912483
2.660310
-4.062412
-17.537376
-16.102066
3.335533
-2.143744
-0.501806
4.840952
10.032428
13.194544
15.415771
-2.235989
10.858932
-11.268493
-3.793065
-32.443966
-12.013824
-31.879429
25.193609
1.272962
-4.464597
3.593816
17.142576
-9.150577
-19.242041
-5.416552
-5.143511
6.767000
5.051267
-18.101910
-13.508171
-14.666754
-1.512797
-17.013433
-14.449057
11.024969
-8.342523
-14.043186
2.741484
32.086056
0.258282
13.666833
-7.220840
-5.217305
0.553462
0.859712
0.180798
-12.497181
15.670363
16.061480
24.964846
1.741562
-24.725010
-7.069561
-10.294400
1.232376
-4.069793
0.745329
14.294090
16.570665
17.607485
12.157724
27.167624
-13.814422
-17.980148
-22.714096
-23.522150
-41.303055
-38.177834
-23.618086
-14.102221
-7.338911
3.007147
27.315212
-3.232222
-4.870469
-8.217073
14.913968
39.410213
12.106070
-48.427963
-39.369625
-65.367599
-45.524128
-17.688656
-13.456516
1.272963
1.165961
6.969936
10.526855
-10.825723
13.530311
7.586125
10.980693
12.102378
23.212212
9.862700
7.294634
8.036274
9.239133
7.364740
6.726412
-2.726725
-11.541536
-13.283098
-28.071611
-0.431700
-28.857527
-21.264025
-17.231127
-11.416085
-5.778148
13.386410
13.943563
20.614626
24.618006
21.478033
-2.796830
12.028583
-16.681349
7.076939
8.132208
9.379344
9.209614
-22.935482
37.628059
5.837183
16.555902
4.837260
16.423075
15.603951
10.453059
0.180798
-15.758917
-9.888529
-15.242352
-0.073795
-11.571054
-27.333662
7.600882
9.394100
-3.708199
-10.497337
-0.420631
-9.161648
-10.940107
-13.390100
2.645549
-13.556138
-0.608808
-7.040042
14.489643
-5.113992
13.884526
-5.497725
5.682213
-4.294866
14.618787
8.438457
27.569803
23.038792
40.974663
34.015797
34.015797
34.015797
34.015797
34.015797
32.868282
44.553719
51.697071
26.994202
33.982590
-9.467896
-0.505499
1.789528
46.848751
-4.069795
-33.668961
-12.338522
-19.563051
12.644772
-15.710953
-36.764656
-21.382093
-39.465557
-28.171236
-5.910978
-9.301857
-8.851709
-10.320228
-11.375497
-28.185995
2.922281
-15.006210
-16.836327
22.038870
-8.158035
9.803665
-15.142731
-1.693596
-32.488247
7.250358
6.778069
19.533533
-4.626945
-12.150344
-1.704664
3.195323
1.446382
12.216760
5.128751
6.128673
7.394256
9.390410
-16.552212
-20.474415
-30.333424
10.541614
32.436584
24.363415
30.462570
-3.298637
-2.619723
-1.040509
1.073717
2.361440
5.036507
9.235444
12.523010
-7.715266
7.789062
7.744784
18.703341
26.119736
-2.730417
17.803040
-3.391558
0.962884
-9.040067
-15.749587
-22.962017
-24.299013
-21.079178
-39.085712
-34.252895
-11.217288
-8.708885
8.966465
30.057915
49.107071
94.724449
87.027496
66.837608
94.282860
88.229568
84.463898
94.693779
56.485088
77.386398
96.662476
73.338608
3.005178
-3.317963
-16.663408
-28.953974
-17.626291
-11.186622
-11.652732
-21.134377
-26.322912
-13.216653
-3.373158
-9.561373
-20.318686
-19.227009
-10.787976
-0.686897
-2.704660
-19.920040
-30.597620
-37.123146
-59.729450
-44.991806
-28.076950
-21.293833
-24.421673
-20.999451
-14.087539
-7.929990
-3.882200
-7.899326
-5.581043
14.430994
0.171723
-26.930073
-28.273203
-51.339481
-27.101803
-11.481007
-4.857350
10.984232
8.586224
73.173019
49.432117
31.499172
20.662130
-28.076952
-25.752533
-79.490021
-47.598347
-32.480453
18.018805
33.860390
14.136604
8.181444
16.111435
7.574275
3.446756
-10.511991
5.072005
4.710156
3.048108
26.881014
34.259033
21.661816
8.586225
1.128475
15.577864
-6.476466
-1.281802
20.447475
42.974052
33.872654
2.085226
18.270254
38.036972
23.354527
47.402088
102.789360
40.459511
2.594263
1.502592
-24.832584
-26.292244
-18.129198
-17.742819
-19.539791
-18.681171
-9.690166
-15.479735
-7.482280
10.695982
29.481413
37.963375
-1.619114
-18.331589
-23.103073
-3.839270
71.652031
123.911469
81.630455
40.226460
-14.510715
-29.254488
-82.863190
-73.087166
-98.459450
-92.234436
-50.824314
4.305377
-3.514217
-28.463331
-6.347673
-11.211153
-2.459339
-1.729509
-2.919317
-3.827003
-9.463244
-17.252176
-29.021437
-44.151585
-12.499083
15.565597
5.623978
13.284115
12.676948
1.085543
-10.174675
-9.561374
-5.556515
-2.575866
-3.943530
-19.705381
-38.368153
-36.939159
-23.409723
-10.315730
-11.407413
-33.308414
-21.177307
53.118073
38.877193
37.889782
9.144329
-16.326092
81.949371
95.595322
117.778442
142.218552
125.984436
121.525726
114.607681
93.185051
67.358925
47.070896
-9.641103
-8.899007
23.869709
-13.885151
-10.787977
-25.476555
-21.539158
-30.689617
-22.219921
-22.974281
-24.752857
-23.826771
-23.011080
-13.290247
5.765036
-19.515261
-2.404144
36.528244
44.347847
36.883968
57.319183
31.057590
4.961610
-8.291840
-36.859421
-24.998173
-22.778023
-22.778023
-22.778023
-22.778023
-22.778023
-22.508169
-27.837761
-33.106022
-32.609257
-52.474087
-59.913448
-81.808319
-65.709145
-66.672028
-31.744495
-78.465813
-136.134583
-84.089790
-70.983551
-62.550636
-59.103878
-68.720451
-43.476955
-25.501085
-9.904823
-4.434175
-17.939079
-29.297421
-35.491760
-31.210924
-31.769026
-37.595390
-36.080544
-11.787660
-33.063091
-48.211639
-14.430989
1.870570
48.285244
65.384094
41.784245
57.386639
76.080070
56.374691
59.422802
64.310806
66.070984
68.297279
72.081345
76.037148
73.191422
66.334709
99.636993
111.829430
83.844475
14.522985
-3.888334
4.722424
-10.088813
-18.184397
-10.971968
-4.624295
-1.876703
-0.085863
5.703705
15.749589
24.354212
0.239187
7.997453
26.973009
3.385424
-5.133335
-24.605663
19.368065
17.064646
34.862923
47.241638
61.831573
74.706261
74.003624
80.549469
44.141788
81.934067
85.002914
55.249569
-20.185156
-47.608452
-87.622292
-86.620010
-106.335022
-102.527374
-119.638519
-101.948738
-80.657967
-84.284775
-102.413712
-121.462250
-154.010620
-145.258713
-94.917244
-67.984772
-72.458878
-45.288734
24.566271
54.825920
60.777626
73.559319
85.333565
67.617943
55.792042
53.601482
55.585384
50.997616
40.499474
44.255455
14.538271
26.885990
-16.072693
-36.614330
-38.810055
-23.631153
-14.755261
-8.462577
-5.621052
-2.857025
-1.157275
-0.253155
2.159559
-3.032682
-6.225525
14.119793
30.197655
-7.537789
-2.433381
-40.365143
-72.675873
-36.423176
-10.932122
13.696148
75.687881
101.328751
64.859085
49.799007
87.642944
73.688477
-1.059112
-48.683064
-34.408272
-49.153206
-66.269516
-74.938751
-57.744938
-46.167019
-28.053595
-37.337627
-27.779776
-64.554276
-0.087828
-38.122925
-13.158842
17.612286
27.888269
13.897638
4.510275
0.449478
-2.831192
2.929354
51.741577
25.739044
19.229368
2.810525
9.521687
14.626100
-45.350727
-25.832043
9.216870
-8.726068
5.543554
14.068128
30.125324
41.253773
54.242119
24.297617
26.142023
15.731712
8.111260
3.936804
-6.111860
14.243790
-2.944853
3.611320
18.108267
-20.179987
-32.501873
-15.742046
-55.668049
-17.534786
-62.782188
-61.645576
-61.940060
-55.854031
-53.219162
-45.376564
-7.284633
35.612057
55.290901
41.047115
72.872185
77.645943
47.034981
50.248486
37.275635
46.642334
46.642334
44.079796
39.796844
40.158493
46.921322
53.622150
62.844189
37.694115
34.687271
-2.903525
-2.438546
-1.658418
14.212784
22.448042
46.859322
36.304352
37.218807
31.546087
28.993887
32.088566
31.432426
23.357334
21.714411
51.679581
-51.054455
-53.740971
-76.034027
-118.667221
-98.817886
-156.841812
-110.891785
-132.502869
-99.499863
-58.494068
-36.686668
-40.835285
-57.181805
-75.403732
-59.568676
-67.121986
-22.845856
-36.397346
4.778924
46.384010
52.051563
65.251732
83.912796
75.786041
62.994015
81.572411
48.564240
65.809708
58.819557
55.828205
53.937298
47.773781
51.457428
71.410095
52.785194
65.887199
108.169083
65.375732
57.393635
43.532158
-13.458496
-24.406111
-17.891268
-16.010700
-16.010700
-16.010700
-16.010700
-16.010700
-16.408510
-17.183472
-19.405025
-17.762104
-78.054100
-27.542116
-42.457542
-38.458740
-18.004930
-5.429890
-64.554276
-11.081940
0.340979
7.093477
25.372231
-6.168694
-41.362263
-52.821350
-81.308929
-103.612312
-94.111290
-104.387268
-88.541901
-98.828232
-96.947647
-68.620239
-76.612663
-63.965294
-60.684624
-79.573013
-68.082932
-44.115959
-2.417880
32.491535
51.472927
66.910149
53.074512
39.197540
49.618183
66.471008
53.312160
57.057808
58.499237
60.483139
60.984283
58.091091
46.595833
12.327049
-36.536835
-47.990765
-12.962519
-5.791543
20.314318
35.121246
39.461029
27.640282
15.266736
5.197407
-2.206056
-3.497658
1.498260
8.354084
-28.807892
-15.240901
5.414395
6.721496
-18.883221
-54.743259
-60.689793
7.316515
1.563592
9.527424
19.269104
12.089345
11.328060
13.707639
6.842424
5.625284
-7.425921
-1.454188
0.961858
-23.613428
-62.612041
-15.439896
-1.508887
-10.138277
-36.318176
-27.903048
-16.998928
2.406925
-6.641844
-54.807762
-61.276386
-56.330326
-51.466331
16.921434
18.717508
0.966416
-5.866887
-10.115482
18.649137
34.522099
3.432608
-5.784832
-6.883451
-1.631970
7.544445
10.603248
10.147390
2.534569
16.830265
9.281261
-15.977814
-7.047559
-59.234135
-5.319858
20.568296
17.787565
15.731645
17.673599
20.841814
22.109095
20.390514
14.464361
-14.961247
20.736967
2.169883
28.823877
-4.212126
-47.919754
15.959575
-2.694118
-51.808220
-11.638042
1.326546
43.502499
18.020054
36.309059
36.204208
20.148909
-3.523779
-7.922804
-28.226706
-26.398716
-16.123686
-15.056977
-13.256341
-7.384894
1.235374
-9.769031
8.852754
-7.872662
-23.066397
-33.122612
-3.751708
-4.640630
20.522711
14.464362
6.085700
0.784075
-16.584101
22.829351
12.659165
12.495058
30.341885
22.583185
51.361477
-24.702925
-54.365578
-46.315132
-38.301159
5.889685
8.975837
45.056969
60.961842
34.804729
1.012005
18.453117
3.660536
-19.483356
-17.586985
-18.001816
-1.016563
-21.949541
-9.162739
20.354042
24.807770
6.673755
-25.847132
-94.307831
-57.652317
-56.836334
-18.471348
30.711132
29.544134
21.821901
-19.328363
-37.621937
-11.277913
0.697462
-6.258927
-20.773434
16.871292
9.399787
42.321823
14.145263
16.616013
26.006680
20.162584
26.362251
28.044365
29.603395
35.032661
41.031746
44.988594
27.433514
-35.698212
-39.235664
-20.126114
-20.550060
-15.357841
-0.077496
-15.562982
1.399482
16.050747
8.314841
12.463145
19.706726
20.358603
23.590635
45.768105
35.643509
-14.259232
-8.442486
-21.065180
-34.882225
-33.760815
-7.448713
-51.954102
-64.727226
-53.768414
-27.811876
14.660380
13.867177
9.618591
5.269700
-22.756413
24.123985
59.115616
-0.515122
17.322592
-23.681805
-0.346451
31.290068
9.800940
7.717670
21.211058
-12.016408
16.666155
11.273358
-4.499315
8.127941
5.607049
-9.905786
21.315905
-6.090258
-15.490042
11.141158
-10.151950
34.285046
63.797276
8.219113
5.716454
-2.953956
-3.783621
0.943624
0.943624
0.943624
0.943624
0.943624
2.994985
-11.095572
30.072929
11.236889
28.071712
-5.265160
-34.166527
27.720703
56.745159
4.225799
-31.750479
-58.855774
-32.963062
-3.893024
-22.961546
-48.102108
-25.322891
-39.176407
-57.296745
-27.798197
-29.667215
-11.332623
-31.062141
-34.654301
-3.222914
-11.469378
-16.930553
-5.137516
-5.561461
-17.094660
-18.088432
-59.826756
-51.940411
-26.781631
35.789379
28.381695
8.843637
16.894085
12.777689
1.431394
13.867188
20.445215
10.872204
8.975839
13.479709
23.777536
32.944828
-4.216682
-24.146778
-35.848640
-39.003178
20.955776
42.960022
18.289009
0.898042
-3.605834
-7.193433
-7.056676
-4.371675
0.934509
9.281262
21.192820
4.120953
1.445068
-13.753223
-1.486094
-41.145714
-66.213326
-52.496563
-9.625708
-23.471920
-44.916882
-62.090439
-79.314903
-83.678864
-91.448845
-81.864792
-72.822182
-78.856758
-53.584648
-19.033913
40.395573
84.266594
131.733368
115.351151
95.535141
80.314491
102.509148
78.208862
49.507603
58.813992
51.372589
69.948334
68.060219
50.340599
90.162331
88.903580
111.722992
84.410042
48.336788
-16.442377
-52.469364
-76.732620
-67.375328
-54.334343
-47.795341
-47.138203
-48.184071
-42.732586
-45.597164
-17.992670
-23.902298
-36.434227
-11.300947
22.953609
9.223095
-7.274813
-28.960421
-13.027098
-4.100180
-2.244456
-3.998371
-4.525934
2.262966
-11.495317
-11.347228
-27.470289
4.743436
12.323683
30.126610
78.782722
12.328310
-17.418827
-5.807817
-36.883118
-80.360771
-97.057678
-47.804596
-48.938393
-74.168854
-62.173733
-3.628153
39.201622
65.029060
67.347557
63.344555
55.111801
48.457104
49.896336
44.273624
46.198765
65.288208
37.021950
-5.562546
15.632517
-6.085485
-14.753246
-15.405760
-6.876828
-1.249491
-7.538595
7.862537
-15.391874
-36.531406
-18.765499
-20.135313
17.927879
-34.652546
-18.700710
17.724255
-39.516304
-47.369591
-26.248562
-8.181850
0.814483
10.111620
6.872200
-10.125504
-22.500092
-17.761282
6.025322
-2.878457
14.355261
32.255375
41.279472
35.193993
10.481840
4.997966
45.263962
37.692974
63.066891
22.856426
-5.793932
9.843208
46.055305
54.255669
57.893078
44.430969
2.795148
-36.119541
-68.194435
-74.182739
-37.392174
-83.655731
-53.982635
-40.293770
-27.442522
-41.871826
-53.885452
-38.294582
-34.064823
-28.904888
-24.050385
-21.292248
-16.752434
-17.256859
-35.707672
-55.546810
-66.389618
-70.202866
-49.516865
-33.250343
-17.876978
-8.945431
-15.868538
-30.677319
-20.311171
-26.234680
-39.641254
-42.066189
-15.225278
-32.801453
4.391723
67.056000
88.301979
84.442444
124.458557
142.964890
131.016068
98.737534
102.860855
61.586006
14.549631
2.114876
0.832997
6.700976
19.728073
68.282356
86.585083
55.213612
86.441628
36.295395
-13.600940
-59.253635
-86.353706
-91.495132
-75.668243
-75.797813
-69.110733
-66.375732
-66.551590
-43.630371
-56.291878
-55.232124
-41.959755
-71.702263
-63.973934
-30.931841
-85.118080
-48.392315
-9.963533
-1.466997
34.004665
60.142151
32.778301
36.957161
36.957161
36.957161
36.957161
36.957161
40.506638
21.824442
45.749878
-4.169595
15.364111
38.558357
58.323463
72.632439
32.546921
13.540772
27.729437
37.614288
-28.446749
-39.747696
-61.437927
-21.384808
11.171376
57.703335
86.293541
111.639702
86.330559
79.314896
79.102028
83.618706
110.589180
80.499603
80.124748
77.769241
94.318039
61.831280
33.055973
6.964756
25.443342
3.790122
-30.584759
-55.449623
-67.116173
-41.496979
-55.435741
-50.692303
-44.736401
-48.683868
-62.377357
-58.480797
-62.021019
-65.607521
-68.374916
-66.505310
-28.034870
-5.798563
-8.672392
23.879156
22.675945
13.559289
16.608973
11.925696
9.644218
9.186072
10.500351
14.549626
21.523634
29.538887
26.151379
50.627514
35.416122
25.711744
-6.168777
39.516304
43.098179
-7.301054
-11.686566
-18.633852
-29.478691
-32.693104
-43.178078
-55.791763
-58.036362
-47.020737
-41.336044
13.089440
21.531094
28.027021
55.919853
81.988953
83.074654
62.647556
41.238449
71.308800
80.787346
75.145355
85.246056
76.621422
69.363068
59.268452
57.865582
58.945183
17.371264
-14.778993
-55.645374
-34.321659
-58.499924
-67.545425
-48.576099
-46.697464
-48.130836
-38.121628
-20.238010
-2.909442
2.208006
5.959173
21.098032
-6.245847
-34.809620
-55.297703
-59.732014
-91.821266
-110.601509
-85.837700
-83.367424
-74.620796
-61.964413
-47.770973
-32.223446
-27.661053
-19.579268
-11.351095
-30.619291
10.844841
9.789635
33.534840
-26.685137
-20.860151
5.648100
7.349849
26.862022
28.411282
-12.320911
-26.544853
-17.554247
-10.265388
-29.253010
-25.806816
10.625260
53.071404
24.111166
19.707354
-26.916918
12.784472
46.734070
20.414892
21.628687
21.659184
31.198742
8.453852
3.934153
15.187656
12.814964
3.549886
0.335470
-0.067094
-6.215350
5.355326
34.748627
51.705128
11.143716
-5.696896
10.613060
-3.867058
-2.403187
16.041582
64.233421
90.058533
43.659939
-4.574595
-10.314189
-27.246288
-46.978043
-47.398903
-39.817276
-8.380660
-12.485595
5.166244
5.507816
36.419880
48.167442
41.024979
85.246063
59.872303
92.022552
61.281281
40.378429
60.049187
23.245047
-24.635721
-7.069274
-52.979900
-70.473175
-77.133774
-100.720383
-66.301132
-42.702320
-20.878456
0.683140
-12.766170
-25.989801
-31.406122
-10.405681
-16.682024
9.393167
0.384265
-1.415076
-5.263835
-13.418815
-26.233782
-46.764565
-34.583935
17.212677
5.885979
9.118693
56.078442
25.501844
3.537687
7.782909
-0.304975
-21.531094
-5.062553
-5.202837
0.286670
-1.866441
-19.640265
-1.402878
-1.097904
-45.337284
-6.928983
11.265705
56.901867
77.036194
30.497301
50.052174
43.092682
80.207901
96.859436
107.990944
122.751633
132.315582
128.979187
61.610649
2.537373
-3.903649
-7.746313
-32.192951
-28.447884
-15.858599
-54.577965
-39.847775
-28.862646
-37.316498
-12.150126
-24.342945
-39.146336
-4.434309
-29.771467
-22.360622
-31.229237
-11.369394
-15.767105
10.948528
9.771338
29.094429
76.078568
57.786293
52.790833
35.797733
16.578333
37.767860
31.223135
31.223135
31.223135
31.223135
31.223135
35.816032
-5.446817
1.854232
11.454787
-38.249710
-52.388264
-1.707849
-70.936722
-49.875282
-34.669331
-73.163033
-82.489090
-55.529480
2.982638
-29.814163
-35.761131
-29.942249
-13.992164
16.035482
13.339520
25.855612
8.862516
-5.007658
-22.049549
-10.271490
16.248962
-1.640752
6.910689
47.118332
24.257555
-10.448376
-17.889719
35.761143
11.674368
19.981833
25.532341
41.988686
29.936150
-5.690794
17.529848
24.660116
9.283379
25.062683
23.513420
34.522949
50.479137
69.283775
52.254074
29.265209
7.349848
-0.457458
-6.843596
-8.429458
-18.536261
-48.185730
-33.095673
-18.896130
-8.929609
-0.097592
14.602107
33.662922
50.131466
24.159964
30.637590
62.251091
96.889931
68.356667
31.021852
29.100527
-6.143093
-12.423411
-25.455185
-34.928261
-40.298321
-44.259544
-55.534840
-33.638348
-22.253279
-10.392486
3.531245
27.728539
79.164932
121.590233
122.363258
117.061813
104.789368
120.222557
126.800201
86.264015
91.098907
99.721191
90.385338
77.316978
88.587700
72.523262
28.913244
22.417948
-8.219758
-30.994490
-35.056335
-68.708412
-67.638062
-58.100941
-51.463840
-45.064598
-35.705872
-24.284203
-17.724859
-18.195997
-17.454983
-0.265301
-19.796953
-32.060265
-15.822009
-14.847714
-23.227570
-32.549698
-32.883614
-25.994934
-19.499630
-14.138721
-9.921346
-5.982997
2.749069
9.962514
-18.543633
-51.207684
-24.714170
17.843786
31.712629
23.090345
33.062008
33.629200
-2.218466
-68.927971
-48.897736
-21.196648
-10.886497
-24.421425
-31.959635
-20.972511
-18.475021
17.372648
48.641586
41.556217
20.208626
13.210166
25.199032
31.433607
33.130619
19.883860
30.056786
10.159203
23.035452
7.497043
-17.701990
2.648437
-3.156168
0.032019
0.178392
-6.499877
-6.330633
0.283598
-2.598121
-16.874063
-2.900016
-0.690697
-3.590712
34.791042
39.259991
33.921947
53.256912
28.240845
-4.327153
-14.609856
-43.189186
-55.200928
-50.741119
-48.024071
-31.854429
-16.572170
-8.407301
1.898277
17.583059
27.426647
14.911753
-0.773035
1.477455
22.930252
18.141104
23.662117
25.807390
62.848915
30.688011
17.098198
14.394874
30.486753
-9.761250
-38.331436
-30.912153
-9.866461
-12.139813
-41.913002
-48.646160
-48.028648
-32.673203
-7.739474
-20.762098
-28.076176
-30.838966
-29.631388
-30.390697
-36.671017
-44.886200
-56.939102
-28.295736
6.069908
6.344357
20.958792
29.571926
19.522501
13.040920
16.640785
21.169199
18.722021
23.534040
34.173527
44.309864
44.319016
28.204262
29.873827
34.996876
76.319801
99.272942
121.247185
143.418106
91.400810
85.513870
75.167130
141.245392
144.012741
101.143745
105.146149
105.351982
101.948814
101.857323
57.821918
11.426247
7.428435
6.161392
-16.466959
-18.049618
-40.119934
-64.669426
-54.098553
-46.491730
-42.530510
-36.982059
-34.461697
-39.552734
-31.053953
-27.046991
-28.789745
-33.935669
-25.176161
-17.802620
-26.864025
-22.916529
-4.775420
2.383133
-12.194704
3.311690
42.041080
27.458660
22.399643
23.835928
23.835928
23.835928
23.835928
23.835928
25.725058
12.917419
0.722716
0.027444
-1.770198
-0.114353
36.419441
6.133948
-6.710292
-17.221701
-20.615728
-54.240356
-13.489189
-15.858603
-40.467567
-19.737486
-6.563916
24.549500
47.310509
50.045856
39.845482
28.053307
20.597429
20.103420
28.108196
37.046101
39.795166
28.620502
24.005177
18.882120
5.027000
18.397261
29.247158
-15.483522
-9.253520
4.779994
-0.027445
-16.334316
-16.370909
-10.923088
-6.330633
-10.415357
-10.968830
-8.416451
-2.648438
8.727489
22.605482
23.181828
19.906729
40.842648
32.796707
0.919404
-12.290758
-42.818680
-51.623936
-35.907131
-21.297276
-10.374187
-1.010889
4.816587
5.754290
3.142445
21.187496
29.919559
32.115158
13.827678
-10.172925
-20.272659
-3.046393
-5.329369
-7.621696
-13.226455
-18.167952
-20.340036
-20.173252
-22.837934
-13.722930
0.127997
-15.076608
-3.269766
-26.425760
12.536042
37.297825
18.579098
15.367510
1.757064
8.987007
44.578186
32.887714
11.733145
22.225098
29.815767
12.745491
14.808972
44.667404
38.911373
46.087013
34.357754
22.163046
8.327622
-24.684214
-26.196913
-25.002266
-24.048100
-25.343596
-25.320322
-19.172541
-12.431315
-11.031096
-18.835091
-7.513093
14.766310
-5.724999
8.870646
22.861212
23.400352
20.502947
15.852351
17.524082
14.746914
10.173898
5.756029
3.238737
7.637211
14.549098
-9.879116
-0.992954
-26.600300
7.396731
42.138477
25.475471
-4.937616
-7.032129
-0.461569
-25.952553
-52.692490
-13.920746
13.432027
16.806522
-18.059347
-32.848934
0.062060
17.985653
25.971947
33.923332
15.483871
17.151726
3.048678
17.787836
8.560347
20.696880
18.237768
-13.055794
-14.506434
2.331115
4.049389
1.384704
-7.191158
-3.607215
-0.616717
-1.811365
-13.265244
-12.392529
-21.604502
-16.926756
10.181654
26.929993
-2.998254
-27.182110
-0.224965
0.806776
-14.518071
7.582910
7.664362
-2.125541
-7.136855
-7.897086
-12.505013
-1.043376
0.740837
4.724288
3.157283
6.419291
8.440107
-7.931995
-18.536432
-34.613747
-8.637920
8.199625
38.314049
3.188313
-21.907036
-14.653825
41.087341
53.479874
34.291813
31.875362
29.652859
4.673863
-8.459501
10.716918
14.541341
-29.365831
-46.238293
-44.112747
-22.942665
-5.550455
-11.000065
-22.492731
-25.843950
-22.733212
-16.523371
-11.275456
-5.887907
-0.721444
-10.088567
-10.096325
-8.133688
4.390718
-0.100846
2.191481
2.614262
2.521173
-8.603015
-8.583620
-11.717631
-7.788483
-0.000002
6.248630
1.214044
-24.924690
-14.754673
23.124966
40.757648
20.115074
46.661068
23.923977
35.885967
7.656606
13.536754
38.248116
21.173965
2.385416
11.252184
15.565324
16.538887
35.017136
17.438749
4.223932
25.983589
14.506434
6.962314
-14.285348
-40.230141
-30.385935
-24.191610
-17.330145
-15.092121
-23.264597
-9.630875
-15.988108
-13.094579
-16.282890
-18.392918
-24.982874
-10.577285
-28.268152
-35.827789
-34.594357
-19.381992
-11.170732
-18.555826
-24.637667
-2.110028
-8.234535
-7.866056
-7.866056
-7.866056
-7.866056
-7.866056
-9.056826
5.980996
-23.272352
-0.411146
-0.791262
37.313339
29.144745
14.269832
7.299762
-7.315278
12.861852
8.184110
15.359756
14.134079
-7.101945
16.185921
16.344950
24.273067
30.122185
31.918034
22.934908
21.988497
31.960701
31.452585
20.658094
33.353157
26.072794
35.470943
-1.885060
9.700691
-0.151270
14.467649
30.122189
6.345596
-26.972660
-12.260651
-10.972916
-18.916546
-19.044542
-14.774066
-22.011768
-19.925013
-22.806906
-22.725452
-23.768829
-19.265629
-11.822355
-6.085721
-22.066069
-22.054434
4.212295
7.334669
-4.293749
-13.525116
-10.926372
-9.134398
-6.337838
-3.273644
-0.651626
-2.753895
-10.976794
-22.806910
2.393173
7.943631
9.052945
-7.908722
-6.632624
-5.294463
0.314180
8.147540
15.334380
28.064491
39.144344
46.418213
46.960491
42.247372
50.184025
64.865669
48.563892
40.158600
37.976105
0.016737
-21.352980
-55.847801
-60.775162
-43.275024
-56.356606
-55.442772
-56.570839
-51.928017
-61.705727
-81.267868
-77.833435
-83.731529
-70.807274
-70.576309
-17.044893
-13.566962
11.943478
33.115700
52.443512
58.893929
56.567490
45.363792
39.248112
34.437920
31.589291
27.143963
22.434189
20.998159
16.864138
20.957993
-11.163536
8.783543
-17.791361
-10.135887
-14.330165
-25.657721
-17.403065
-15.803014
-15.505095
-15.722675
-15.039810
-3.424376
-10.966040
-6.363383
-10.704945
25.553949
14.256522
-13.309212
-7.538316
-42.013058
-13.416328
-0.261097
15.699243
28.974981
55.566628
51.743904
27.324720
31.144089
19.752930
8.174316
-21.868477
-26.601683
-41.336880
-37.852253
-32.352493
-37.306629
-21.068453
-15.779582
-20.445839
-6.828669
-36.335888
-10.216225
6.376772
-4.776720
11.672338
5.539926
2.135633
0.003347
-8.114066
11.026293
-18.665028
6.092244
9.456368
-1.205059
-6.614436
-20.777229
-2.845280
-3.872928
-2.366603
-6.547489
-12.994555
-11.712508
11.759369
12.576130
19.180529
30.866257
14.196268
13.155232
21.326204
10.534228
26.112965
2.018475
12.666513
-1.904663
-30.012672
-5.774241
-7.514883
9.389420
-4.910615
-12.428851
-5.339080
-34.330799
-44.684265
-28.697144
-22.645071
-8.495668
18.969643
43.964581
42.250717
50.565628
24.991592
27.555691
54.304657
13.449800
15.796321
6.594353
-0.354824
7.093114
3.986739
1.251923
-0.066947
6.678039
19.063370
29.999281
9.258872
6.540796
7.732464
-7.220314
19.625731
46.883503
37.196163
51.790775
44.342834
30.598465
36.787785
38.357708
33.708187
26.481180
9.201969
25.671110
33.775135
-6.222792
-28.496307
-66.522621
-62.666431
-79.892082
-42.428131
-60.892315
-46.193939
-37.296585
-26.712145
-34.431221
-40.690834
-49.394039
-59.205238
-45.501034
-34.635410
-18.862530
18.213135
8.539185
44.995575
62.120804
55.251968
43.094261
57.795986
23.455141
57.042824
38.053097
33.112350
45.410652
33.286419
28.382496
38.381142
24.737188
37.012058
37.480694
54.472031
41.725178
49.896152
10.634646
17.935303
-2.751551
-15.987122
-9.848014
-9.848014
-9.848014
-9.848014
-9.848014
-10.430459
-1.911359
-29.537336
-48.968925
-0.897099
-56.848675
-19.073406
-2.001737
-37.058926
-28.523081
9.583567
-12.787013
15.341075
4.990951
31.103922
32.396008
22.270166
-7.150019
-29.848650
-45.019005
-59.670521
-38.197033
-49.695309
-42.933586
-52.607529
-42.880032
-38.990360
-39.472385
-45.260017
-57.213539
-21.871824
-29.035234
-0.247706
20.536219
35.107399
21.085192
24.824224
16.529398
37.299938
21.443361
31.907295
28.864521
22.062628
29.286289
31.512300
29.446966
22.216606
-0.364864
-8.502363
-23.388191
-22.765577
-21.115316
4.836972
3.317259
29.155741
21.747974
14.028899
6.614437
0.445202
-7.585179
-15.177052
-20.489355
2.470374
-0.532235
-21.296074
-10.510797
-1.342301
-3.367470
-40.593761
9.338693
14.544488
13.399144
19.343203
30.065279
31.769493
33.777294
43.391975
40.149132
46.803856
-5.305840
-13.595783
2.608074
-8.576278
-34.049835
-32.097225
-49.819000
-27.377857
-35.257271
-34.939888
-32.983833
-38.093033
-51.036800
-50.974705
-34.957138
-41.504913
-58.329746
-56.984306
-39.414318
6.561578
-0.275987
-10.590981
5.029854
33.190823
30.941538
29.782393
25.922029
15.883022
4.933259
2.811612
4.070800
12.167555
-7.765569
-1.097046
10.018311
26.998377
15.355198
26.418806
18.991320
23.327759
23.814184
21.237160
17.614838
13.485391
15.324149
-2.066449
-9.907914
2.414881
-34.008430
-2.697767
-8.100201
24.086721
36.119736
8.935061
-31.603897
-17.128412
-3.760315
3.439482
27.757341
43.181534
36.285320
-10.004509
-12.357294
6.120001
-7.662074
-31.983381
-27.081171
-2.459731
-12.133055
-20.502346
-17.704533
-22.299707
-3.077250
-10.642728
-11.518986
-27.288162
-9.773371
3.584374
-0.210440
0.141443
-0.282886
-7.351590
2.238940
2.204442
-32.545704
-2.590824
20.909426
19.881378
12.495286
0.410530
-9.421488
-28.040226
-24.718039
11.739776
8.117453
-2.801263
7.672423
0.924555
-12.191702
-4.802165
-14.527236
-5.364487
-13.230102
-0.762413
3.877610
-11.560383
-2.759865
-16.117613
-23.686537
-37.999886
-54.565971
-45.216938
-38.776100
-43.868050
-24.110870
-29.651299
23.407099
27.491703
7.720720
16.217657
42.253532
26.822435
4.339891
27.888433
27.053576
15.855425
33.908386
28.257566
30.292967
12.709179
15.010216
17.394049
21.706337
26.336010
28.098873
31.531454
19.846878
13.364648
7.772468
7.493033
-8.407235
-1.304036
14.658332
26.529200
23.300161
36.937340
31.124378
35.512562
36.709652
34.291321
43.605865
69.465790
68.517097
49.708618
28.443857
51.116154
24.317862
-56.487534
-45.334232
-40.783901
-28.464556
-46.624462
-48.708164
-44.858143
-50.174339
-53.475826
-42.150032
-14.175357
-12.674680
-10.204597
-40.780453
-18.094362
6.226944
-18.832628
-3.160046
31.434864
22.530848
33.829044
25.249311
13.519888
35.271072
16.569540
27.905684
22.085817
18.987871
21.409653
12.847172
-11.180899
18.925774
-5.919909
-23.238068
-2.580472
28.581848
14.234003
19.091362
9.407689
11.625931
11.625931
11.625931
11.625931
11.625931
12.616033
10.508185
24.897427
7.544781
15.162008
50.001854
14.323698
37.582462
51.298988
16.486742
16.269403
34.888138
11.108459
-1.590375
5.857810
1.276438
-3.015154
7.948411
-8.910911
-36.057636
-46.572716
-40.742504
-24.676641
-23.296709
0.928005
-6.395988
-11.656981
-20.781780
-8.714273
-12.119257
-31.055378
-1.114297
-25.435600
-17.173256
-5.847464
-6.906562
-32.180023
-14.289200
4.488231
-1.755963
-13.682029
-5.526629
-13.961466
-14.354745
-15.865772
-15.431093
-15.510439
-12.540135
1.607622
23.548544
15.931322
-9.776820
-20.067665
-16.365999
-8.835015
-9.300744
-9.587078
-8.521083
-8.251995
-9.131702
-9.593980
-8.393438
-5.271342
-1.524826
1.345433
-29.827238
-65.398453
-68.603333
-53.565525
-2.438327
1.277219
-5.520102
-11.712678
-11.069230
-4.329966
9.908124
19.453398
-1.296570
-13.081818
-8.722824
-24.567114
-0.764396
17.377920
13.038276
25.873362
-10.391918
7.126301
7.000513
22.201355
24.968662
12.791541
34.983215
26.632915
37.600548
8.684121
-32.259453
-6.405447
8.606713
44.688145
37.068371
26.971577
5.254013
3.449459
2.254484
1.020808
-4.378345
-8.626066
-11.006336
-12.210986
-20.304878
-6.187739
-7.189194
22.965752
37.378002
53.348080
69.410072
78.050652
61.964451
58.036049
49.211624
37.402195
23.459219
10.856359
-1.543307
14.707370
-10.551569
7.750396
-9.211457
54.567238
17.474678
-6.995674
-20.880592
-23.033482
-17.392427
-17.024746
-13.555936
-2.462516
19.216339
25.612112
3.696196
2.936635
-27.102196
-6.845698
-1.746499
22.520658
5.573319
28.302011
21.374067
-4.978251
-26.516806
-1.011133
-3.531703
-21.161194
-16.632872
-14.310658
7.663313
9.685576
5.776512
1.693283
-0.179004
13.604316
-24.184914
-8.838936
-29.051889
-21.698206
16.618362
14.097788
9.530762
-10.348376
-1.572335
12.810892
12.438371
-12.419017
-43.585094
-32.385239
-18.132635
23.618874
12.796380
24.455839
17.648844
25.529863
17.963310
-13.197928
-14.518688
-37.648933
-42.240150
-64.204445
-56.347607
-61.906410
-57.450653
-33.918865
34.697777
40.880676
107.281548
99.453751
91.630775
74.122238
36.942589
13.352742
-17.774630
-9.438842
-10.309672
-19.264717
0.740205
-28.539068
-4.044527
-26.526484
-15.321789
-25.012201
-17.344051
-17.847197
-21.983643
-28.084299
-31.824036
-32.767437
-7.982618
37.252216
16.066833
7.237573
-21.993320
-3.197884
-13.609155
2.109346
-6.332876
-1.577172
-16.357109
-20.996704
-24.770304
-15.050862
-0.241895
-5.921648
-28.485851
-46.676544
-34.141415
-30.754848
29.743717
-0.759558
31.025774
-27.261850
-1.320760
-7.102111
7.813289
12.549643
12.617374
10.241941
10.851522
12.399669
-26.415205
-4.915358
19.284071
17.779470
40.193695
11.006335
2.970501
-4.213855
-2.743118
-20.004925
5.728133
-16.473221
3.497838
-15.433061
-2.099671
-8.534145
-0.145139
-25.873358
2.815686
-21.451469
-30.677444
-38.055325
-22.588390
-42.283691
-34.407505
-58.708523
-55.694485
-65.128487
-58.931068
-58.931068
-58.931068
-58.931068
-58.931068
-61.374237
-43.488335
-38.442356
21.209578
-33.652782
11.814275
-22.931881
-18.122957
-24.823521
2.786661
17.445650
4.654109
0.203195
-23.333433
-0.619257
17.518221
1.567497
17.784309
28.650343
23.972046
28.747103
14.044569
30.222679
37.600552
38.466545
3.933253
-23.067347
-3.555894
-22.138460
10.517704
-34.523613
-9.008263
-16.966690
21.175711
-0.836966
4.707324
-4.325128
0.101597
1.538470
10.416105
-0.783748
5.370124
-4.562187
-0.116110
1.122404
5.186282
6.328038
32.951279
24.741278
29.695339
-2.873743
-45.176781
-29.753393
-6.468340
20.512911
18.785763
15.805581
10.169371
4.141285
-2.931798
-14.842833
-32.201397
-35.452499
-55.447750
-56.091190
-77.083076
-38.713280
-25.733055
45.462219
-5.612162
-12.641683
-28.757559
-39.175377
-50.146770
-52.642654
-65.021866
-43.971485
-60.674347
-69.970688
-50.270855
-47.951538
-3.741444
28.485542
34.737186
30.241730
16.278133
-5.039496
21.327168
27.034782
16.010891
26.552776
5.865090
-31.659090
-24.567528
4.896325
24.858637
59.438332
94.891365
89.116943
77.825806
11.052525
-16.134970
-39.456944
-48.791458
-52.275196
-43.565845
-28.943676
-24.200064
-28.390099
-35.343266
-14.240386
-12.780079
1.360092
-10.608704
1.608249
-11.310224
-13.920643
-26.452564
-19.303738
-11.429533
-6.356633
-4.476367
-3.087643
5.850775
20.830858
-4.843830
-17.523691
4.557495
15.199601
15.629107
15.872491
21.479881
-31.067326
-36.125912
-44.009659
-77.591965
-62.559387
-17.351887
0.591759
-0.023861
-35.476887
-23.579672
19.017405
53.721180
53.530289
19.642570
27.378380
47.879951
17.070328
21.269905
37.032631
66.925995
29.187061
-9.749698
-13.767932
-16.292452
0.601303
-4.963137
-2.486341
-0.629937
-10.269876
-12.412614
-5.702833
-32.675571
-51.821831
-14.369235
31.487284
-2.128422
-53.205784
-43.675606
-40.473427
-71.216240
-48.228329
-4.199575
16.850805
38.574070
48.085159
24.973167
6.036891
-5.120621
0.100217
-7.234726
-7.950562
11.567926
25.192690
29.654743
17.981827
47.078209
51.745472
18.296795
61.175438
2.276362
-39.953239
-26.438248
19.566210
44.816170
37.347603
9.549265
-21.799623
-24.834772
-2.104559
-17.218266
-50.919880
-54.785397
-49.974972
-40.101192
-13.686805
-24.013947
-39.743279
-41.656948
-41.728527
-38.053898
-30.470795
-17.242130
0.744471
5.364005
-19.590076
-50.600136
-80.746422
-94.972481
-79.123848
-70.075676
-48.877357
-36.946735
-34.699009
-44.472572
-39.013123
-30.170147
-34.159744
-56.856552
-61.027496
-95.444939
-57.252655
-2.409986
61.280426
88.200668
22.811340
73.616692
44.878212
-2.157050
3.369206
-5.521488
-11.348405
-5.597846
-12.021291
-15.557527
-14.245159
14.178349
61.309052
111.222000
94.877045
62.554615
20.978798
-31.711580
-49.263908
-53.053074
-55.434422
-44.381897
-48.896442
-44.844807
-45.627457
-31.286852
-37.147171
-47.932449
-35.185780
-28.862549
-64.411018
-66.095627
-43.537209
-30.108107
-0.162258
30.709408
40.053467
53.420532
40.587955
41.900322
41.900322
41.900322
41.900322
41.900322
43.904667
31.864294
48.743725
42.129395
4.762702
-1.794367
33.668201
53.611423
69.922966
19.933670
13.371829
40.072552
10.036035
-21.021751
-46.286026
-20.506344
-4.232983
41.509003
66.353317
79.648804
66.267426
47.545891
44.553696
49.068241
68.224037
40.416157
42.659115
57.844406
58.230953
49.049149
11.286363
-25.455164
-13.152310
-21.603962
-29.592703
-9.916727
-29.692921
-52.824001
-41.332432
-33.128941
-32.565811
-33.276878
-42.921589
-44.620510
-46.395782
-40.621365
-33.610935
-55.214901
-83.772018
-70.323830
-36.822659
-7.506742
11.482030
26.691179
30.442163
20.778364
11.782678
5.698063
4.777020
3.684175
-1.927987
-6.938845
21.904613
50.266071
63.356354
81.209328
27.216125
23.593990
35.171459
11.120046
5.097958
-1.289723
4.813609
8.063303
11.891849
25.433928
-2.381416
-8.499978
-3.488341
-50.385487
-40.154022
-35.944660
-67.288979
-51.060814
-73.671562
-68.329880
-56.133373
-65.618423
-39.910301
-32.989468
-44.520805
-28.145395
-33.527699
-22.062378
26.815046
38.798290
24.926165
56.321247
109.565453
64.618126
31.481405
28.952738
27.729027
20.737108
14.572845
8.053146
5.062414
3.589897
3.137985
16.151993
-9.337792
-6.011933
43.794697
35.411503
29.536665
21.427662
42.383106
7.291500
8.850336
0.665171
-8.281642
-16.964417
-24.393013
-41.042614
-28.724243
31.344311
56.483734
-23.372410
27.140018
-5.951000
-54.264809
-15.380191
0.553464
19.254436
64.176376
64.384552
20.112553
-2.757163
14.410361
23.600901
-15.781323
-9.962343
8.997590
-7.403207
12.110184
-16.466808
1.492827
8.073456
-16.522661
-23.311476
-28.526218
-43.302170
14.948589
4.833920
-11.038801
3.473109
24.052811
9.713537
3.361402
0.238649
14.324040
1.756865
27.292349
12.917531
22.905260
-12.978465
-19.528631
30.602974
-5.377227
-28.145395
-7.946520
-22.996660
0.639783
-3.402024
2.447425
14.720098
46.765121
51.309616
60.342743
37.650749
59.281521
51.441635
21.310883
-3.315703
-20.737108
3.539119
-12.171113
-22.692005
-11.389160
-5.499090
14.065081
30.110439
34.553383
28.526211
15.131388
76.012367
17.675285
-24.651979
-8.119156
-20.361364
-13.232348
-14.334194
22.453354
32.131344
-9.662758
-15.070451
-16.065672
7.936362
-12.298059
9.266706
8.936659
10.241612
16.004742
19.655569
24.956631
-16.918718
-1.376041
8.520289
6.611092
-19.868834
28.536367
15.004443
0.629628
-19.706345
-19.178267
-59.022560
-62.064064
-70.310165
-65.765671
-57.148914
-57.377407
-75.276100
-167.978668
-142.514282
-79.307755
-76.753700
-92.540100
-64.882164
-58.093353
-68.644699
-68.208015
-35.700932
-18.873613
-17.071049
-22.026831
-28.221558
20.737110
2.422036
19.741888
16.253546
61.403976
48.664162
9.916641
20.767574
22.087761
28.754713
12.810901
22.996660
20.818346
40.702412
-5.108112
28.597303
10.845852
15.187241
-1.051072
29.993658
21.326117
14.709942
33.426147
-0.243726
-21.757713
-25.251135
-67.492073
-65.669189
-95.170319
-82.968735
-82.968735
-82.968735
-82.968735
-82.968735
-85.091187
-82.064911
-64.734901
-42.723316
-61.871117
-68.974724
-89.087280
-43.891174
-50.872940
-31.943470
-46.744808
-1.416656
10.531039
-4.417556
3.493424
7.352433
9.657679
18.863455
-9.002667
-20.437527
-7.641859
-7.540304
-7.108708
-12.150807
6.468920
-36.818012
-47.415054
-48.897739
-22.016674
-27.459913
1.523293
26.215883
2.853637
55.849026
37.137901
37.208992
34.939285
36.767235
42.413578
38.965855
30.145987
47.460754
28.490671
39.945843
35.447044
25.789366
11.186052
10.668134
-16.339867
-30.196762
-2.213854
-15.364957
-3.732070
23.204844
42.185085
30.029202
19.152880
10.703678
3.371557
1.269412
1.482673
-3.975795
-49.471508
-46.770199
-24.189907
-13.537004
7.230567
14.816567
51.939243
-0.757612
1.881298
6.054533
0.977256
-5.188690
-3.275560
7.028606
-21.292728
-9.918993
-1.238283
5.666176
2.473382
-2.845822
11.969002
54.519447
35.136669
20.640160
47.818714
34.576416
30.326780
19.376411
8.734826
20.420517
7.926280
10.969462
47.388981
63.298840
48.662270
44.979259
27.894781
13.662490
17.969421
2.798073
-13.544708
-11.039495
-8.161841
-4.507475
1.136418
5.258721
2.584795
-1.438827
-1.836732
-4.972231
20.961668
1.257382
0.413821
3.886742
-9.581567
-22.941647
-17.323219
-16.689756
-18.943491
-22.852518
-23.747013
-30.021189
-15.088583
5.936753
-2.957234
-16.874382
33.198067
17.893021
-15.865294
-16.279119
6.433339
3.667099
23.794758
40.936535
17.915302
24.756098
7.671622
-9.027684
-22.330467
-31.768787
-26.914341
-2.985884
19.561041
-2.498847
1.690304
3.278742
0.111414
-3.950407
9.473338
-7.337380
10.756185
3.141864
-9.126364
20.302734
19.325483
6.493821
1.862199
0.114597
9.460606
-8.114093
23.568748
26.376369
14.025379
15.133147
-0.763980
6.952206
-5.471998
-7.833966
22.184034
21.194046
22.995764
11.669777
19.153587
4.539309
2.950869
-2.807622
-7.531556
5.650260
20.140396
21.292728
1.518409
10.428312
14.143159
-0.891309
-8.738009
-29.142614
-9.552918
26.615114
26.379553
57.050129
44.011559
30.972973
21.378675
24.482340
3.409255
5.245986
-9.909441
-42.378544
-24.523724
-22.833420
-9.960374
-16.661108
-28.276772
2.139140
7.254616
-6.073631
-8.037696
6.745297
11.055410
15.687032
19.847532
19.379593
15.989440
-8.037696
12.395556
-6.029067
-6.850344
27.137167
49.808239
35.321297
41.684597
37.966576
20.079912
8.585214
10.262785
11.637945
19.261814
19.949396
3.998156
5.774410
-19.140856
19.828438
0.579346
-32.080742
12.618388
8.480165
6.837610
46.131588
40.140728
46.707771
42.505878
36.877903
26.290422
13.869398
31.291300
7.557025
27.522343
13.436478
5.822156
14.069945
11.131811
0.149613
-12.557902
-3.202345
-17.593796
7.903998
3.081381
-6.996772
-2.205989
6.140481
-3.947225
-0.455204
-13.360081
13.274132
7.862617
-0.732145
18.122217
35.661892
-3.281927
4.119119
-10.762552
-30.205816
-39.637772
-33.007072
-33.007072
-33.007072
-33.007072
-33.007072
-34.471367
-27.232662
-23.059429
-12.917610
-58.581268
-41.433121
-6.353757
-13.863031
-34.726028
-20.006699
-58.358429
-37.412685
-12.605652
-17.963053
-13.280499
3.603434
-12.602469
-28.009377
-18.825712
-4.466093
3.367875
-10.145004
-3.266008
12.077231
-2.241005
-21.948479
-21.216330
-4.743036
9.877611
-0.674849
-13.121337
16.110407
24.670151
45.644558
20.086275
26.691513
28.528244
19.965313
7.410595
22.260433
27.697418
20.646530
16.626089
23.237690
23.008497
21.321375
15.890762
19.401876
-3.689380
-7.706637
22.107637
23.543278
32.822445
25.001211
5.249173
4.154137
4.109570
3.568419
2.893570
5.577047
8.540647
9.699347
-17.921673
-9.406490
-8.285987
-32.274933
-13.398281
11.128627
43.896957
