-1.713355
-1.924241
-3.818563
-3.801050
-5.412247
-5.987987
-7.286867
-2.589735
-4.004640
1.790704
4.771564
10.621636
9.008249
14.597817
8.375592
9.150543
-1.201832
-3.806888
-23.687065
-29.308739
-45.133194
-55.909523
-55.409672
-69.504715
-57.147118
-74.543365
-60.975151
-76.046555
-66.731110
-78.201385
-76.764580
-75.540871
-75.205208
-60.851833
-61.258289
-38.499413
-38.357853
-11.992755
-11.710359
1.783407
2.525521
8.436889
2.778000
2.951670
-6.201061
-6.490025
-17.604216
-15.306361
-27.377195
-25.879108
-32.806961
-29.305815
-30.790045
-25.616413
-26.554821
-19.835665
-19.568586
-13.940346
-14.604382
-10.998896
-9.722632
-5.842045
-6.164576
-3.513545
-3.513545
-2.897672
-7.210977
-5.305710
-13.257340
-6.864367
-14.003832
-5.250251
-6.059497
-3.962317
-2.687515
-4.689107
-4.094393
-11.935837
-9.114057
-26.168798
-25.158155
-40.285007
-37.866024
-45.436745
-45.560070
-40.050770
-46.182510
-31.690504
-37.304150
-20.477074
-23.769518
-8.738987
-19.182573
-5.445813
-14.898455
-4.603000
-10.823763
-5.072931
-6.527971
-3.957209
-1.919863
-1.771002
-2.211016
-3.169852
-5.388166
-4.749671
-10.129081
-7.090575
-12.304341
-7.094224
-10.683658
-2.935617
-5.927421
0.066404
-1.230288
1.229559
-0.011676
-0.877110
-3.790835
-6.299572
-12.715897
-15.939020
-24.661953
-26.576706
-35.522202
-35.368958
-49.866810
-53.236603
-52.817024
-52.566002
-44.005062
-41.223412
-30.764505
-27.199146
-14.531412
-10.066325
-10.674904
-2.480279
-9.603692
-2.097182
-9.697823
-2.185477
-7.578020
-1.567413
-3.887156
0.025540
-3.096152
2.556169
0.079537
4.470193
1.314935
4.437356
-1.494442
0.248100
-4.262227
-4.155688
-4.463625
-6.452810
-5.787316
-9.292104
-8.971032
-5.469894
-8.643395
1.983348
0.638495
7.598453
6.622105
4.699322
6.257980
-9.240295
-5.493244
-33.772362
-32.855850
-51.128475
-58.254082
-64.558029
-74.843262
-64.074959
-76.523048
-58.599224
-69.631691
-54.462509
-63.610138
-51.891747
-60.073242
-48.254158
-52.851315
-36.705784
-37.663895
-14.359200
-17.989500
-3.063314
-8.749202
2.454010
-4.561407
1.213505
-4.826290
1.231019
-3.163288
2.585358
-1.748381
-0.233506
-2.291284
-4.148392
-2.162125
-8.518615
-5.671293
-12.328424
-8.859389
-12.799084
-8.494534
-10.564717
-12.414526
-14.808702
-12.382421
-15.547167
-8.153761
-12.600602
-3.841185
-7.461998
3.609867
-2.823971
4.013395
-0.062025
3.382199
-0.021892
1.730139
-0.681547
1.676869
-2.333607
-3.268365
-6.346272
-18.447025
-20.809824
-47.339096
-41.372276
-66.140770
-58.286907
-74.935936
-67.652725
-75.112526
-69.130386
-65.343918
-60.678898
-54.504105
-47.144264
-41.169418
-31.477427
-30.672562
-20.491669
-19.575157
-14.359929
-13.651384
-12.451743
-8.717095
-16.119987
-12.456852
-22.342939
-16.055040
-21.301647
-17.591806
-18.654995
-16.692808
-14.440927
-12.985162
-11.256482
-10.329022
-8.278542
-6.301761
-2.858268
-2.472982
0.056917
-0.980727
-1.029619
-2.412416
-4.041854
-7.029279
-12.310179
-16.626408
-23.722092
-1.980884
-2.218365
-6.642410
-7.490152
-13.339081
-14.817521
-21.566339
-24.631037
-32.720879
-36.688286
-38.011696
-43.995220
-40.624680
-46.611729
-40.242035
-44.268639
-36.431774
-35.924400
-27.879660
-23.700846
-21.306309
-11.372993
-14.722390
-4.284515
-7.008844
0.348122
-4.420521
2.216951
-1.136661
6.190705
5.665717
9.591539
11.863465
11.211620
14.451081
8.996782
11.544235
-1.178947
1.011936
-13.276363
-15.262884
-21.874289
-23.180079
-22.552198
-26.877588
-19.361362
-27.663319
-10.036901
-23.160349
-0.311473
-15.809726
0.726536
-15.150134
-1.405153
-15.356614
-2.324067
-13.302435
-4.747499
-13.289753
-9.358991
-12.273587
-9.282884
-7.197001
-4.209818
-2.808191
-1.684209
-3.185200
-3.060470
-2.108433
-2.775776
-6.065269
-3.417748
-8.053198
-6.876367
-11.749299
-8.019375
-12.339125
-7.723405
-14.552558
-4.937763
-10.227873
-1.217709
-7.483105
1.412195
-4.357806
4.383874
0.629993
7.867865
4.510719
7.794580
3.784184
5.717856
2.870907
3.684824
1.431225
0.933009
0.054966
-0.813917
-2.261351
-2.508698
-3.759522
-5.074475
-6.048357
-5.051924
-5.481785
-2.460779
-7.385153
-3.436774
-7.290021
-4.681962
-4.360624
-6.145604
-4.932126
-8.068703
-7.385154
-11.939565
-10.484380
-15.027518
-15.187484
-17.726482
-19.710888
-18.502346
-21.211174
-21.339428
-22.799545
-21.486710
-14.806952
-10.977661
-1.284649
-0.317110
7.497196
8.643730
15.477816
15.628620
11.475880
10.175727
-0.221270
-3.123185
-15.999289
-17.706751
-34.421295
-34.206364
-50.339542
-46.257267
-54.805866
-48.415737
-57.308937
-49.775082
-55.514793
-47.566586
-48.808247
-41.101761
-40.840317
-32.696209
-36.810894
-28.572369
-32.226189
-25.838875
-29.618834
-22.891155
-31.024696
-28.335594
-38.005352
-30.203726
-38.342899
-27.415268
-39.941845
-26.461817
-39.773415
-23.714941
-35.833492
-16.026060
-26.528765
-13.912700
-20.492395
-9.888209
-12.604091
-6.299928
-3.199997
-3.195064
-0.589823
0.614490
1.804714
2.660913
3.149966
4.592469
5.093500
6.664258
7.144150
-1.679980
-1.130324
-14.143838
-14.390479
-26.921280
-28.721056
-42.979759
-46.210762
-61.540592
-65.742653
-74.750717
-68.500114
-78.310112
-65.746887
-76.098083
-57.513985
-65.401581
-41.778957
-47.522896
-21.369026
-27.707008
-12.299664
-16.057070
-7.816424
-7.379515
-7.503541
-7.717768
-8.428095
-9.751504
-5.963793
-8.292089
-4.949744
-9.561942
-6.097684
-15.527143
-8.261787
-18.239494
-14.524368
-25.124319
-21.435974
-32.722290
-26.105951
-33.021782
-26.692961
-29.539206
-19.827866
-23.714233
-10.240557
-15.744184
-1.970312
-5.185112
6.033562
3.221142
10.368814
5.330985
9.573217
6.165335
9.572507
5.205546
8.983388
-2.118297
4.577668
-8.552825
-0.384763
-14.780173
-8.366788
-22.272438
-16.718775
-27.113661
-22.447205
-26.463232
-23.131454
-21.555767
-20.210516
-13.606157
-12.963486
-6.394358
-6.343620
-2.589031
-1.813872
-2.088703
-0.627174
-4.700988
-2.040782
-7.973569
-5.617086
-11.539301
-10.342737
-15.516573
-14.802016
-18.930799
-0.746780
-1.004376
-3.166696
-4.091193
-8.544009
-10.289595
-17.172853
-19.119686
-27.050049
-28.930002
-36.396568
-38.901939
-45.657635
-48.563641
-55.277233
-58.279217
-57.754738
-60.229145
-52.820168
-54.540363
-47.800755
-49.654705
-44.325695
-48.284367
-41.974514
-45.900990
-40.599838
-40.601696
-40.712528
-34.004513
-36.719173
-24.271599
-25.669807
-7.583602
-8.727300
2.823650
1.622359
0.068734
0.024150
-6.824433
-11.828975
-18.949398
-24.888968
-28.028412
-33.166710
-30.398170
-32.343765
-25.266693
-26.861801
-17.541290
-18.808834
-12.748521
-13.744844
-9.379959
-7.859152
-2.035997
-5.816959
1.782737
-6.134622
1.331325
-6.018828
-1.804410
-7.079553
-3.422434
-8.483327
-4.291201
-9.518044
-4.922186
-3.514078
-3.239763
-6.479527
-3.634208
-8.713675
-6.416367
-7.946462
-10.446876
-12.023412
-15.192586
-18.721523
-17.200720
-19.234241
-17.411873
-19.784729
-16.629797
-20.299299
-14.375832
-17.450884
-9.680898
-12.524981
-5.467720
-7.249838
-4.504212
-3.198277
-3.771055
-1.274356
-2.266349
-0.811799
-1.796360
-0.430978
-2.742530
-3.023656
-5.359357
-6.242985
-5.110430
-7.569355
-4.614434
-9.243730
-3.564855
-8.474038
-0.870624
-6.259085
-0.476800
-4.991539
-0.914589
-4.465821
-2.748102
-6.443614
-7.221972
-12.326831
-11.824023
-14.417318
-13.866215
-17.348713
-16.393255
-19.548183
-17.059538
-12.350362
-4.376033
1.884910
6.020066
5.249759
10.353374
6.721026
10.880952
0.595072
5.021261
-10.422106
-12.424048
-26.700191
-27.144171
-40.528625
-39.554592
-51.628788
-48.241646
-53.115532
-47.325191
-51.430016
-47.847202
-50.207058
-46.894226
-45.702225
-43.074238
-39.236935
-39.596077
-38.933517
-43.803684
-42.604877
-47.485580
-46.281193
-51.640549
-51.721668
-57.917591
-59.675560
-57.565876
-62.330154
-59.445831
-67.217049
-63.367977
-74.308365
-61.389565
-75.445869
-57.325615
-69.311874
-49.677612
-60.778400
-38.727318
-48.169193
-27.697752
-33.509754
-22.401560
-24.521158
-14.979572
-20.669594
-4.428661
-15.636572
2.118978
-7.647999
3.768579
-4.268289
-4.787815
-10.501987
-14.491627
-19.524654
-27.295259
-32.906643
-41.536720
-48.086224
-55.708218
-61.545605
-65.821327
-63.104801
-68.449303
-59.650173
-66.280785
-51.690712
-56.437656
-39.480286
-41.709484
-23.123566
-25.474747
-13.578277
-14.883594
-5.831822
-6.495008
-1.549291
-3.132639
0.096598
-1.773449
2.197615
1.336279
2.855227
2.753675
-0.359148
-0.200628
-3.688080
-2.312171
-3.016844
-3.421815
-6.272708
-8.195389
-11.158361
-12.315684
-21.508640
-20.993446
-27.521896
-31.915268
-36.538376
-41.154667
-42.880432
-46.874405
-43.912670
-42.577011
-38.428852
-30.035311
-33.891815
-15.291662
-23.983046
-3.473829
-12.412902
1.172186
-6.104897
2.449639
-1.394486
-3.203230
-5.973003
-6.989145
-10.560193
-8.835664
-16.804420
-14.036498
-22.725403
-16.074976
-24.339720
-13.984487
-20.812014
-9.815889
-13.960955
-6.182920
-8.097552
-2.512799
-3.937626
-2.772872
-4.709175
-6.579841
-8.763215
-12.537367
-16.075594
-15.533774
-18.735767
-21.438047
-1.048909
-1.277041
-2.818417
-3.488925
-5.453832
-6.573164
-9.171881
-10.479670
-14.659435
-16.261316
-11.137284
-12.839339
-4.220929
-5.167678
3.270217
7.582399
12.664275
17.063248
23.059637
26.454334
29.757282
30.119816
33.114784
30.169909
31.552578
31.090858
29.849525
30.351416
23.730642
21.367996
15.614120
17.134663
11.322268
15.763889
11.872265
10.091351
7.003638
-3.875260
-6.577131
-12.176274
-13.815349
-12.519463
-12.287364
-8.721568
-6.066315
-3.240956
2.726172
2.696911
10.896753
9.938600
15.612133
14.284012
14.446183
11.759190
11.475513
9.616738
5.308025
4.464932
1.234390
2.031859
-1.323659
-1.458058
-2.566480
-2.170722
-2.422658
-2.952816
-1.092552
-4.323588
3.352542
-4.122734
3.859886
1.411936
8.850016
5.804956
8.923415
8.381851
6.890565
9.116831
6.277089
9.982741
5.788589
6.191788
0.260864
0.300043
-3.629276
-1.479879
-3.686803
-0.876819
-3.795415
-1.866215
-3.889643
-3.608446
-4.720339
-2.333389
-5.318937
-1.339033
-3.689780
0.591655
-2.207421
2.100298
-1.648003
1.304814
-1.035023
1.817117
0.516272
2.361658
2.409268
4.384094
2.913637
4.167368
2.142453
2.944880
1.838443
1.979289
0.370466
0.230611
-1.894484
-3.325266
-5.047658
-3.847985
-4.810599
-2.531764
-4.333508
0.012895
-2.236185
6.793361
-2.742041
15.939453
3.806325
20.933054
7.185151
23.066084
11.737368
22.724384
6.477945
7.244170
-0.044634
-4.672729
-8.193394
-13.549032
-13.225184
-18.915577
-14.603889
-19.473011
-14.493295
-18.444441
-15.160825
-19.476484
-15.985575
-18.732580
-14.661914
-16.037647
-14.367824
-13.343710
-14.492303
-12.148006
-13.116572
-11.128357
-13.295109
-11.463612
-16.201307
-15.591303
-19.458134
-9.708982
-12.353324
0.257392
-3.141274
8.868366
5.590216
16.297520
15.715784
18.563959
25.725306
13.883790
27.863297
15.629989
29.180010
21.717134
34.398769
31.037790
36.539234
35.446686
29.462202
31.674583
22.813656
24.199303
17.316671
10.630436
6.462076
-7.135558
-8.208769
-16.488953
-14.541898
-19.381756
-14.644556
-20.183193
-13.524234
-20.580441
-14.739283
-22.618254
-13.272791
-21.621914
-12.459950
-19.196775
-12.357292
-16.267267
-9.976292
-12.107836
-5.975062
-7.998988
-4.981699
-5.863972
-1.422847
-4.225888
-0.170602
-3.239964
-0.048106
-3.502811
-1.792320
-4.169847
-3.069858
-5.704776
-1.832491
-4.930120
0.318888
-3.742846
1.236869
-1.775955
5.266368
2.225274
7.449488
4.414345
6.588540
3.706146
8.484512
1.566668
7.298227
-2.587309
6.118391
-3.469086
3.611421
-5.445895
-2.429599
-5.887775
-5.143374
-5.788095
-7.052736
-5.316457
-6.654995
-3.177476
-5.186521
-0.575289
-1.184795
2.414228
2.206429
4.263580
3.447266
3.423956
3.334689
1.703052
2.188575
1.648498
2.168243
2.608139
4.225890
6.082185
7.742090
8.023289
8.827204
7.836319
8.374413
5.572857
5.898192
1.135699
1.748678
-3.521657
-2.503992
-3.979408
-2.827839
-3.911464
1.268012
1.285825
1.968652
1.889483
1.969971
2.383626
3.561254
1.187525
3.652957
1.862434
-11.355373
-10.733904
-28.840351
-27.266884
-46.004696
-45.709129
-49.224201
-53.724926
-55.968685
-61.822521
-58.261929
-62.653133
-62.299511
-64.456192
-62.263885
-67.625565
-62.738232
-72.411949
-63.480434
-59.832096
-52.447678
-49.484810
-41.673534
-38.063457
-33.819374
-24.014385
-22.056290
-14.740477
-12.864847
-10.448897
-12.511230
-9.188141
-6.734583
-6.280684
-1.322770
-1.626909
-1.078008
-0.664353
-4.525787
-0.974430
-10.537301
-8.377326
-12.040180
-12.886620
-11.953753
-16.992155
-14.631621
-16.823923
-9.649296
-11.509091
-9.503493
-7.315810
-5.889461
-6.673888
-5.056875
-6.937123
-4.711173
-6.117730
-0.304798
-1.688264
-2.285985
-7.685262
-9.304914
-15.530182
-13.095756
-23.338154
-19.811209
-29.286335
-22.461365
-33.755386
-25.134615
-33.222973
-25.411707
-29.492830
-23.962267
-24.571861
-21.203909
-18.134819
-17.696753
-12.604914
-14.716726
-11.068388
-7.804015
-6.201515
-4.361513
-4.469710
-2.528108
-1.775349
-5.228406
-3.868690
-8.401735
-6.939761
-6.914031
-9.267969
-6.912052
-11.334262
-6.260233
-13.279162
-9.335261
-14.155951
-13.066069
-14.580162
-14.599295
-12.571266
-11.394958
-14.000915
-13.285761
-16.626003
-14.259529
-18.427742
-13.769345
-18.888235
-19.143555
-27.627094
-33.300819
-41.840443
-28.160826
-33.653782
-25.337812
-33.192631
-21.438778
-27.953003
-16.171444
-17.519945
-10.055032
-3.839663
-7.235322
-5.298997
-8.716430
-11.998615
-10.552473
-13.764729
-10.801856
-14.487798
-12.509912
-13.735701
-7.160113
-11.726144
-5.824148
-7.460952
-4.267832
-3.541462
-1.085265
-0.195941
2.547900
3.827126
5.570809
7.198378
9.444118
11.448396
14.984580
13.808930
18.274681
4.911734
2.495781
-12.092957
-18.803791
-25.616222
-41.940723
-31.739887
-46.776588
-39.359173
-51.589359
-36.487347
-48.200954
-37.288929
-46.031746
-50.091759
-56.592133
-62.230240
-61.817909
-51.341293
-48.156757
-37.518517
-35.780773
-26.212626
-26.235052
-15.317745
-15.760427
-7.946518
-6.605935
-6.618468
-4.193281
-7.738700
-6.258914
-8.094959
-9.296337
-12.304073
-12.019728
-18.421803
-11.282801
-13.427605
-7.837002
-11.429264
-5.034443
-10.472646
-3.807336
-8.818028
-5.119550
-6.981323
-5.310874
-5.133404
-2.416612
-0.035625
-2.349979
0.891303
-2.156017
0.048821
-0.717792
-2.906136
-0.940783
-2.842142
0.992902
-2.306437
1.190163
-1.395341
-3.277567
-7.284143
-13.401216
-17.667725
-25.675602
-28.451767
-33.926910
-33.988274
-41.278347
-43.037205
-50.323982
-49.166149
-55.871040
-52.014225
-58.072590
-44.367233
-47.084686
-36.510437
-34.319450
-26.282555
-22.648069
-18.918583
-16.482841
-17.934256
-15.412748
-18.514166
-16.647114
-19.642313
-18.227180
-19.232616
-17.238237
-15.886441
-15.811230
-14.415889
-15.416047
-15.979463
-14.817666
-15.841577
-12.687379
-14.062269
-9.601794
-10.836160
-7.412131
-9.149217
-6.722048
-7.229385
-6.776805
-7.538801
-7.996658
-9.099736
-9.875586
-9.172307
-9.084562
-18.772785
0.561674
0.621326
1.875201
1.863979
3.233023
3.422611
4.759761
2.798923
3.298581
0.293536
3.472814
-0.399846
2.558543
-1.680298
4.290814
2.428015
7.020040
6.298311
12.733056
9.968390
15.477638
10.870845
14.424577
7.093866
7.729959
-0.955019
-0.389205
-9.371870
-7.193091
-7.969159
-7.235621
-4.472721
-3.381858
-3.759851
-1.858660
-2.309304
0.396891
-1.661987
0.986325
-2.882788
-2.064789
-2.606971
-1.181229
0.764255
3.038121
4.128984
7.545690
9.696115
15.809565
17.741463
22.829607
23.036322
25.021378
23.049906
23.721437
22.218912
19.170162
16.650599
12.347383
9.536650
7.794928
2.689068
4.068152
0.180137
3.560223
-1.013494
7.345471
1.917725
11.421302
4.068742
11.212812
4.690660
12.149528
4.426655
12.158387
7.589985
9.086011
3.821275
1.813185
-2.487666
-5.063928
-6.976927
-10.072337
-7.891790
-11.333888
-5.426562
-10.335749
-2.892238
-7.359644
0.223253
-4.400667
-0.654402
-1.529691
-0.913680
-0.096861
-0.600064
0.432920
0.165372
0.479579
-0.004725
1.062515
0.395712
0.541003
2.120306
0.794376
2.917635
3.199358
4.651679
6.147115
4.248879
8.495398
1.535007
4.980061
-1.434011
1.519060
-5.679348
-5.958117
-13.173063
-15.881619
-17.567823
-18.869539
-18.053312
-18.920334
-16.204685
-17.579044
-13.245707
-5.782114
4.493395
9.374823
20.739422
16.887436
28.631804
21.955498
30.371166
24.695360
28.044144
19.124680
15.533158
10.577313
5.801013
5.278911
-0.883559
1.536780
-5.311983
-0.828042
-7.034810
-3.214715
-8.535563
-4.553042
-7.890610
-4.706014
-6.959799
-5.220440
-4.434332
-2.917634
-2.513653
-0.695154
-0.098040
1.699196
3.680707
4.040983
1.931899
5.678758
4.322706
6.205585
5.538192
7.135211
11.687074
10.983067
12.950403
12.599575
14.322989
15.579817
13.955626
19.721205
13.005324
20.481321
13.220309
18.707708
13.334892
17.848366
22.520718
23.664736
27.473608
26.463657
17.577864
18.242897
10.034539
10.867307
4.140205
5.707696
0.097451
2.400848
-2.754035
2.138024
-4.796969
1.705102
-9.220669
-3.136752
-11.577221
-4.739093
-9.870942
-6.816282
-7.809100
-7.635461
-6.249288
-5.346240
-5.975248
-4.290814
-8.144572
-7.138165
-11.682941
-5.250562
-11.118316
-4.169737
-10.083560
-3.790563
-8.796610
-1.894691
-7.457097
2.127393
-6.750131
5.444873
-6.103999
6.088053
-4.610335
3.499980
-5.897875
1.873429
-6.451871
1.656083
-2.973153
-6.070334
-6.806240
-11.443154
-15.490041
-10.859625
-18.920332
-11.136032
-19.476103
-11.456148
-22.034641
-12.513937
-20.532703
-13.534518
-12.910829
-10.576130
-5.635052
-6.600704
-0.610695
-5.048572
2.536688
-2.152789
3.668306
-1.029442
2.555588
-0.621327
3.394850
-0.940849
2.797740
-0.108675
4.367003
2.491803
6.871208
6.179008
10.650548
8.646593
10.931089
9.410850
7.367915
6.411119
1.908275
0.747127
-6.571766
-7.412801
-14.865172
-16.538383
-17.698940
-20.791395
-18.132450
-1.255647
-1.403147
-3.020360
-3.508247
-5.949194
-7.206354
-11.964196
-11.578424
-18.659212
-18.322609
-18.881599
-21.014688
-16.599501
-21.524511
-15.357465
-26.128040
-19.898218
-31.833664
-27.177946
-41.561150
-43.139038
-57.581997
-58.748390
-71.593811
-67.310234
-80.247940
-72.781387
-81.992226
-76.421242
-80.401474
-80.701027
-71.754913
-71.285187
-53.399784
-52.074551
-30.819323
-29.544008
-10.033830
-8.305423
-2.436407
-1.841111
-2.947744
-5.049818
-8.675309
-12.476286
-16.078329
-16.181204
-16.655474
-11.546659
-15.646418
-1.363057
-8.603449
4.275249
-1.074864
8.606477
5.662516
12.282649
10.461956
7.912845
5.238920
1.394828
-1.773033
-3.928813
-6.018027
-7.135253
-7.331917
-7.975626
-5.741936
-7.865190
-1.484840
-3.645914
6.415901
-0.186078
7.387894
3.245772
6.462042
3.661796
-3.975710
-5.628473
-17.991297
-13.721344
-30.398001
-24.814907
-34.693672
-30.904795
-30.127203
-31.000095
-21.150084
-23.343687
-8.377283
-11.820477
1.561239
-4.233647
0.670939
0.509067
-0.817683
0.714054
-5.039228
2.987078
-3.840313
5.996091
3.341835
6.738889
6.752505
6.329670
8.082281
5.232114
7.924190
5.341793
7.306956
6.949929
7.530855
7.797112
2.061984
5.140587
-2.956822
-1.362301
-8.154140
-10.671485
-12.611685
-18.278740
-17.481476
-20.387619
-20.232553
-23.750635
-24.239275
-30.914627
-34.425148
-28.917696
-32.227016
-26.188557
-29.236147
-19.094908
-20.768852
-6.054337
-5.373565
-3.661799
-5.038472
-4.970395
-4.207930
-5.624692
-7.638266
-14.663079
-16.823397
-19.980667
-20.473848
-25.935158
-23.619774
-29.447187
-26.894291
-32.124897
-29.649904
-31.832159
-33.681595
-31.083307
-38.692837
-35.055992
-44.686657
-40.367538
-54.018528
-49.805309
-62.681740
-61.056206
-62.002483
-60.696148
-49.895325
-50.816635
-39.884186
-47.144241
-38.691322
-46.004330
-38.436401
-47.095833
-49.284901
-57.361881
-57.858089
-64.173393
-50.859749
-56.392914
-46.542896
-52.067745
-47.924870
-51.652462
-41.865993
-47.736511
-37.880440
-41.541492
-26.050892
-28.273235
-11.724411
-13.970205
-5.334986
-8.228269
-5.064947
-8.428717
-12.312902
-13.125289
-18.526085
-20.942823
-19.644823
-23.864857
-21.639490
-25.528212
-20.578993
-25.004009
-16.025381
-20.492762
-9.427938
-12.377956
-1.367596
-5.138319
1.358520
-5.949194
-1.925829
-4.148173
-3.305526
-3.978736
-4.415943
-3.666336
-0.647491
-0.534028
4.305507
-2.442459
5.401550
-1.859265
6.432541
1.497700
11.334861
-0.773054
11.183578
-3.879646
6.514233
-14.980015
-8.015717
-32.841969
-24.882231
-49.495186
-43.410591
-61.682518
-58.760487
-63.025909
-59.085751
-53.944412
-50.020893
-46.388599
-35.247372
-35.720127
-17.712183
-21.981382
1.274558
-5.279013
13.300781
7.629185
18.737123
14.718299
19.327883
15.190302
17.753029
11.756181
16.679680
8.081527
14.414975
2.294204
11.813669
-2.668626
7.247955
-7.290315
-0.444770
-8.980901
-1.353224
-5.263126
-3.434875
-3.870568
-6.083836
-6.376567
-10.351521
-13.006534
-17.155464
-19.920156
-19.945116
-3.468624
-3.819827
-9.447759
-10.191204
-15.609993
-16.817499
-21.581232
-22.912649
-27.909994
-30.029837
-28.272243
-31.922388
-32.283859
-38.275623
-44.407860
-52.538414
-57.930367
-63.113182
-69.763153
-73.942070
-81.507553
-85.627281
-90.383118
-93.423981
-93.337952
-93.693108
-89.838547
-91.363312
-85.368401
-81.038742
-84.524727
-72.133179
-77.216553
-59.127613
-66.990616
-43.769379
-49.123455
-26.682753
-28.941505
-17.871897
-24.218019
-17.515169
-20.032784
-19.736828
-21.825102
-23.083910
-29.053572
-20.958540
-31.845049
-22.501465
-29.602083
-23.166779
-28.037846
-21.375250
-23.522717
-17.893208
-18.987066
-12.554920
-18.830801
-11.251916
-17.597250
-8.817963
-15.534226
-6.521330
-13.407278
-6.295612
-14.854710
-6.014649
-20.526838
-6.522119
-20.983791
-4.791357
-14.351974
-4.889221
-10.540828
-11.404237
-12.610165
-22.718502
-29.577618
-37.673443
-38.611038
-47.285362
-38.813084
-49.548843
-40.792450
-48.552055
-43.680996
-42.321159
-40.461754
-27.085258
-28.438768
-15.269837
-17.166334
-9.115495
-9.888143
-7.840905
-7.409203
-10.177788
-7.466815
-12.208451
-8.058730
-9.034206
-8.963178
-7.849587
-8.265507
-9.255188
-11.528144
-14.147567
-14.207547
-16.321869
-14.138096
-14.339347
-15.714170
-11.090916
-14.007875
-8.091089
-12.282639
-9.873940
-15.887007
-12.708817
-18.305182
-17.343910
-27.295984
-26.533594
-42.970692
-43.060661
-53.905338
-58.233421
-58.276047
-62.575718
-50.515640
-53.354469
-35.541756
-35.421795
-16.130877
-13.326777
-11.852512
-14.617152
-19.028107
-19.216730
-30.287127
-30.936653
-44.316311
-41.746613
-48.316086
-44.530190
-49.701950
-47.648399
-50.327011
-47.987770
-47.553696
-45.122902
-41.275444
-39.838276
-36.612732
-37.805244
-36.440681
-36.450943
-35.260799
-37.034172
-35.929268
-43.484474
-42.812847
-38.633137
-41.991272
-43.186150
-46.393547
-54.307842
-57.705433
-64.738182
-63.832153
-67.582527
-72.350212
-71.583092
-85.570450
-82.644798
-98.070900
-85.408646
-97.019661
-85.931915
-92.297760
-76.891388
-77.870018
-62.386307
-64.940216
-53.974007
-59.193909
-41.325962
-48.004337
-28.815228
-33.803104
-24.449263
-27.153919
-26.646452
-29.035425
-37.208591
-40.383633
-53.522568
-58.335236
-65.211716
-59.907356
-62.252926
-55.680302
-54.760071
-47.152771
-44.882179
-33.672096
-31.822155
-21.381563
-20.773863
-15.469510
-14.861022
-14.535074
-12.327623
-14.586373
-12.553341
-12.632262
-12.515458
-11.888819
-12.532033
-7.586777
-10.747605
-4.531704
-12.550973
-3.146622
-11.038827
-4.713225
-15.622619
-14.563485
-23.655306
-25.115364
-31.478849
-36.725586
-39.831169
-55.070236
-49.668011
-69.515343
-55.862614
-79.862022
-59.904991
-83.561882
-68.131042
-73.602715
-68.052910
-60.163864
-56.534233
-44.553879
-40.193420
-30.682522
-23.418537
-20.529203
-14.564276
-13.964467
-13.824776
-12.498883
-18.611399
-15.634461
-22.207876
-18.587723
-19.109398
-19.762871
-16.684124
-20.614435
-15.989608
-20.255344
-15.924892
-19.952284
-15.428471
-16.243734
-10.708144
-10.017577
-5.329606
-4.055016
-4.057384
-4.890800
-9.062619
-13.317307
-14.103369
-20.148010
-23.958366
-0.640459
-0.790763
-1.349390
-1.605741
-2.292126
-2.932586
-4.614314
-2.370618
-5.776659
-2.942607
-8.978121
-6.574102
-16.938354
-15.679981
-28.644480
-29.967985
-36.096188
-36.720791
-36.184700
-34.616539
-29.680744
-27.241646
-17.247309
-13.078899
-3.981369
-6.043029
-1.104730
-2.679575
-10.186396
-2.156852
-8.485458
4.582582
0.803288
20.645002
16.637751
28.959286
25.102333
18.937389
16.179323
9.436546
5.307379
2.996882
1.633297
-0.751517
-0.718951
-4.032306
-4.248574
-4.411404
-2.215304
-2.386484
1.627452
-1.123936
2.207789
-1.751034
2.437419
0.798278
2.900855
1.502198
1.662521
1.112244
-1.700933
-2.674565
-4.808038
-5.470208
-6.107326
-5.184630
-6.090626
-2.905030
-2.737191
-0.242155
-1.496354
-1.627452
-1.467128
-7.673821
-5.987084
-12.908555
-10.360911
-18.388783
-15.669961
-20.926405
-20.618282
-20.307652
-23.078245
-10.729991
-20.352745
2.761408
-12.530292
10.297452
-0.382439
9.567643
2.695441
3.045314
0.823329
0.265536
1.786105
-0.879275
3.247389
-0.955261
1.613256
-2.315507
0.008350
-1.689243
-1.775250
-3.259078
-3.158876
-4.343768
-5.858490
-5.915273
-5.843461
-5.688982
-3.018593
-4.244400
-1.786940
-5.039339
-2.029096
-7.498467
-8.963925
-14.164422
-16.947540
-17.948727
-23.066555
-24.338291
-29.732512
-32.351128
-34.590652
-37.282753
-29.443594
-26.529381
-13.598280
-6.960715
-3.201462
9.504183
11.460632
23.354639
12.702306
22.367647
9.641127
10.299120
0.349873
0.785753
-3.315025
-4.851460
-6.316081
-8.416989
-5.106975
-7.255476
-2.530108
-7.424152
-1.091369
-7.720582
-1.407007
-8.325137
-2.813179
-9.665340
-6.675973
-15.332615
-10.932899
-19.406670
-13.903895
-22.086245
-17.627247
-23.155067
-20.251709
-21.056667
-23.059042
-20.813675
-29.019403
-23.231056
-38.263897
-26.516022
-42.605160
-23.755447
-37.033920
-19.296444
-22.998087
-15.345975
-7.555251
-11.179229
1.708448
-7.515167
5.162922
1.152329
6.532351
16.192682
11.023083
24.549551
21.349758
24.402584
24.030169
13.114805
14.910933
3.903712
4.972537
-0.130262
-0.119408
-2.687924
-3.340074
-5.860997
-7.048392
-8.386093
-4.387188
-4.691135
-1.300958
-0.211258
0.671356
4.032307
1.228312
6.846318
3.218997
7.876731
3.566363
4.539161
-1.208272
-1.695923
-4.067376
-6.417953
-7.632905
-9.528399
-6.626709
-8.450390
-4.765452
-7.283867
-3.600600
-6.711880
-1.911358
-5.131189
-4.027295
-9.029057
-8.587334
-16.127550
-17.118719
-21.683767
-26.405798
-28.394814
-33.815758
-32.894730
-27.076321
-28.004023
-11.448944
-17.637266
1.362753
-6.392902
10.908683
1.093042
10.375110
5.815072
12.761594
8.450390
12.047651
2.272921
5.679797
0.231300
2.485851
-0.660500
-1.737674
-0.779073
-4.855634
0.160324
-7.575290
-1.164852
-10.120425
-3.719173
-11.337883
-5.064389
-10.739175
-4.144197
-8.594848
-2.661206
-6.153253
-0.735651
-4.215174
-1.496354
-4.062366
-5.056874
-6.916459
-9.248665
-11.485682
-16.571781
-19.204594
-27.113060
-2.260326
-2.575628
-6.862796
-7.688966
-13.732246
-15.234917
-23.740074
-24.747179
-34.540817
-35.295139
-26.719479
-30.560303
-16.758211
-21.695276
-11.387438
-19.102348
-14.978816
-21.065336
-18.205669
-25.958496
-29.833244
-41.591194
-46.830257
-56.767578
-62.256084
-64.260979
-65.421738
-65.970535
-63.906437
-68.200256
-72.404930
-68.374535
-72.732872
-61.112614
-64.827728
-48.320290
-50.772854
-31.010635
-31.432369
-20.510567
-20.213223
-15.532925
-16.410313
-16.071730
-17.563095
-21.021431
-18.809002
-18.982615
-17.766642
-17.468634
-16.482153
-14.908972
-18.455116
-13.157516
-17.295685
-13.337786
-11.753295
-10.565260
-13.634461
-14.743339
-15.173717
-17.080826
-15.417844
-17.290363
-14.354201
-16.458210
-11.183890
-13.667056
-16.641802
-11.588994
-21.817003
-3.642597
-16.808764
-1.416196
-12.187003
-3.474304
-5.173871
-8.300945
-13.080356
-19.190157
-19.426964
-29.314394
-28.269377
-39.339516
-36.023533
-42.588989
-37.780304
-37.410454
-34.520195
-26.867813
-24.310810
-15.709200
-16.153549
-12.645985
-8.785871
-8.537753
-6.076539
-9.272791
-5.224426
-9.242857
-2.473188
-3.334613
-3.298692
-2.302234
-2.766538
-0.777610
-3.904018
-2.024848
-5.831081
-6.469003
-7.544620
-7.745508
-9.517582
-9.198955
-11.097416
-6.020662
-7.243287
-2.594253
-6.295387
-4.162777
-10.310492
-8.284980
-13.299205
-11.443983
-20.717438
-16.849342
-36.673424
-34.030609
-44.798092
-46.828934
-49.627396
-52.512337
-47.568626
-49.757771
-32.350998
-32.414196
-23.726772
-25.343187
-21.079304
-18.756447
-22.971113
-22.065784
-33.467857
-30.451204
-36.642162
-33.947464
-42.066147
-38.100925
-43.767708
-40.405151
-42.755947
-42.542423
-41.029106
-45.163280
-39.481201
-48.794579
-44.172142
-53.747604
-48.864414
-59.254734
-54.541168
-65.580055
-63.893787
-56.031879
-52.119877
-37.699814
-34.806892
-29.852535
-25.004608
-30.579590
-24.397949
-33.023514
-24.403275
-45.598320
-37.241497
-52.908787
-54.518562
-47.756870
-57.890423
-49.191029
-59.033882
-60.554520
-64.240349
-58.752510
-63.317070
-57.735432
-62.597996
-47.657082
-52.841602
-33.121960
-38.911133
-24.984652
-31.604650
-21.288843
-27.111279
-26.137426
-31.213520
-33.853004
-42.460609
-36.574314
-47.208092
-40.397175
-48.744019
-38.851936
-43.221581
-34.618649
-30.648106
-25.581327
-18.238930
-16.781488
-12.118487
-12.340662
-11.468593
-11.881679
-12.978582
-12.880797
-13.651756
-13.969055
-13.331799
-12.343321
-10.570583
-10.176787
-9.189641
-11.795868
-8.696733
-12.134451
-4.288499
-9.694524
-4.529299
-8.845072
-9.117137
-14.058190
-20.831188
-24.099283
-38.166115
-36.837727
-53.243378
-47.413628
-62.122379
-53.196159
-65.065865
-56.313919
-60.498642
-51.666870
-51.815876
-43.486336
-43.598751
-30.795780
-31.462965
-13.633134
-17.775955
-3.422418
-9.286760
-0.526833
-6.184300
-6.021326
-10.241313
-13.665724
-16.571289
-13.715616
-19.763550
-12.500307
-22.772217
-12.274806
-22.828096
-14.167282
-23.295727
-18.606113
-21.585518
-15.782370
-15.828933
-10.906504
-10.365039
-5.810462
-5.729974
-3.534170
-4.156126
-7.954379
-9.200285
-11.300301
-2.381619
-2.811661
-6.458153
-7.711420
-12.304688
-14.528624
-21.346510
-23.075556
-32.928318
-35.596634
-32.228645
-36.569351
-26.339102
-29.695488
-21.283709
-24.452377
-18.263174
-23.136309
-20.177887
-28.070877
-26.998503
-35.599361
-37.681988
-45.981834
-48.584610
-56.496040
-60.634678
-66.835487
-70.770714
-69.504486
-76.950371
-64.512589
-69.100395
-52.490494
-54.245483
-40.503220
-40.505264
-33.328327
-33.008186
-29.635416
-27.248339
-22.465986
-23.407301
-19.680265
-22.840736
-19.350565
-20.248875
-16.600336
-15.370279
-14.087661
-12.906065
-12.921765
-12.964768
-12.977059
-12.742240
-14.011890
-13.562052
-15.060375
-15.102015
-18.147129
-15.472672
-17.671350
-12.161340
-16.136847
-11.653481
-13.492426
-12.783196
-13.450104
-8.774240
-9.510774
-8.131226
-5.026723
-5.671105
-4.002129
-5.663597
-2.706539
-4.492241
-4.245820
-5.522981
-13.592087
-11.163366
-24.463980
-19.221552
-30.686636
-24.205271
-33.212971
-26.983490
-31.473000
-26.832632
-24.024382
-21.347193
-18.070677
-16.426273
-12.524487
-13.080814
-8.530548
-9.437053
-5.225362
-5.164610
-2.758418
-3.215765
-2.330423
-1.967958
-1.791162
-1.483307
-0.941999
-1.903110
0.455299
-2.375475
0.765887
-2.739988
0.245739
-2.469676
-0.116044
-2.595275
-2.028028
-2.813027
-4.052642
-4.714089
-6.415830
-6.201490
-8.377645
-7.890948
-11.359959
-16.220123
-17.789438
-27.884531
-27.871559
-33.109886
-27.691349
-35.576153
-26.406000
-34.075100
-24.153393
-29.080456
-25.866739
-28.853148
-29.851122
-31.034761
-31.937857
-34.150871
-35.216419
-40.075218
-39.181694
-42.597462
-38.705910
-42.736027
-38.358463
-40.607658
-37.142059
-37.817154
-34.918121
-36.901096
-35.463528
-38.357101
-38.588501
-40.462257
-41.806316
-44.000214
-45.822098
-49.960060
-51.743717
-58.203243
-44.127865
-53.018150
-34.838257
-43.686218
-27.190996
-37.073795
-23.027777
-31.057291
-21.427063
-30.530994
-27.195095
-33.548813
-34.432793
-37.363911
-37.918865
-37.444450
-40.223339
-42.692345
-36.995304
-43.498493
-31.784266
-39.131180
-29.855896
-34.871704
-28.795128
-32.533092
-29.632002
-31.550814
-31.077084
-33.277134
-33.296242
-36.304497
-36.567982
-39.271793
-39.913441
-41.155792
-39.677948
-34.587738
-36.502449
-27.221029
-31.582216
-21.158789
-24.263975
-16.489075
-17.702066
-11.463715
-11.712866
-9.273910
-7.699132
-8.655467
-8.016546
-8.781067
-8.794036
-8.637717
-9.516234
-8.972197
-10.101231
-8.888236
-9.980410
-9.362649
-7.356465
-8.080028
-6.064288
-7.798794
-4.558455
-8.984483
-6.325726
-15.004402
-12.083524
-25.935682
-22.491928
-39.502510
-37.940025
-50.238564
-52.116425
-59.212811
-62.791729
-64.686653
-61.315937
-65.019753
-53.566963
-58.048969
-40.184441
-49.429684
-26.380743
-37.545479
-14.764126
-21.414770
-7.286156
-9.635691
-2.641011
-3.043749
-0.256660
-0.149491
-0.567929
-1.322212
-2.734527
-5.502502
-3.373449
-7.180350
-3.123615
-5.118875
-1.129715
-1.601398
1.015038
0.481239
1.795941
1.148146
0.268265
-0.926299
-3.552974
-5.168707
-6.391939
-6.941438
-8.662975
-9.002229
-12.424828
1.674949
1.903928
3.497433
3.817202
5.361974
5.974810
7.525589
6.709144
7.885415
8.017591
-8.872759
-6.725165
-33.047035
-29.527571
-58.342171
-49.046837
-71.048828
-64.061295
-77.082382
-67.524010
-71.015450
-60.732769
-63.463154
-56.496326
-56.709274
-61.593945
-63.870377
-66.910522
-74.134361
-56.870838
-63.573971
-44.251640
-47.087505
-28.108303
-29.945471
-11.378839
-11.598472
2.695005
2.458683
6.010858
4.777178
0.939948
-1.565464
-7.639745
-11.737995
-14.623928
-25.057482
-18.522575
-32.639141
-18.816311
-32.010284
-21.292351
-31.081024
-21.256966
-30.655783
-23.254353
-31.492250
-29.902082
-28.360651
-31.883446
-25.352547
-31.045643
-21.215580
-27.649681
-16.921059
-22.626167
-10.793375
-15.531165
-5.145679
-12.854183
-6.080954
-16.869658
-15.968425
-25.100874
-24.998734
-35.149902
-33.342106
-40.507202
-46.218990
-46.216988
-48.345879
-42.521275
-39.809582
-33.168537
-30.860054
-25.155617
-19.587362
-16.191399
-11.053729
-12.040406
-7.876066
-11.019016
-3.566861
-7.052944
-3.391955
-7.344675
-5.765857
-9.921521
-8.067660
-13.740725
-9.354080
-12.402902
-12.001023
-16.047871
-14.416313
-16.615976
-14.565181
-17.005842
-15.249447
-18.845013
-14.459704
-21.989300
-19.329676
-23.951307
-24.574154
-30.245218
-33.851471
-36.050461
-42.849724
-39.395012
-37.812195
-34.489674
-34.039047
-35.720013
-35.650581
-41.180119
-21.346420
-18.804966
-7.745887
-5.960789
-7.908778
-3.886630
-6.643720
-0.453952
0.118828
7.211159
0.635532
3.470730
-4.287173
-2.490061
-10.504312
-7.418775
-17.823618
-15.253451
-23.323786
-21.863131
-24.568811
-24.162930
-25.241064
-22.782375
-22.259670
-20.386450
-16.296211
-13.475027
-11.244656
-9.298007
-6.117002
-3.534151
0.334454
2.357211
5.299889
3.261780
3.781151
-12.220651
-15.157323
-32.920193
-39.217442
-50.951435
-63.188786
-60.191360
-76.140434
-62.074593
-77.557701
-57.428261
-66.895157
-46.681622
-52.601013
-46.704311
-49.122940
-55.134468
-53.721882
-41.735542
-41.670792
-28.000822
-28.914068
-15.995797
-18.059277
-1.262386
-6.650394
9.331384
5.651033
9.201206
4.383307
3.482746
-4.063536
-5.091604
-13.675972
-21.756985
-25.446012
-34.999020
-33.633160
-39.210766
-36.536457
-40.563278
-33.620476
-36.856884
-27.253143
-28.194418
-18.292263
-17.595310
-11.708621
-13.055121
-6.637713
-8.677155
-9.397474
-12.203963
-13.810153
-17.004505
-15.892991
-18.947821
-16.516508
-19.170126
-20.290318
-23.455965
-22.660213
-27.247799
-31.412140
-35.680622
-44.201569
-46.759720
-59.835541
-59.240730
-68.146202
-63.921776
-65.038635
-71.586884
-62.846981
-70.460030
-54.087708
-59.449684
-46.739697
-45.109474
-39.176056
-33.095768
-36.308147
-20.915838
-30.301960
-12.623204
-25.146938
-13.910957
-18.361691
-15.722092
-15.848932
-19.701515
-18.372372
-20.739601
-19.984564
-21.427200
-22.993332
-22.536041
-25.806505
-23.440609
-27.183046
-21.598095
-25.761774
-18.883736
-24.382563
-19.040615
-21.671534
-18.688801
-18.638735
-19.018585
-18.700819
-24.512072
-25.783136
-32.159153
-34.790077
-28.949451
-32.892826
-31.691183
-1.052968
-1.073170
-1.581176
-1.359447
-1.244147
-1.083024
-1.441733
1.299827
-0.260655
2.499628
-7.500854
-4.029067
-18.603085
-16.426687
-32.284275
-31.560452
-44.637058
-44.720329
-55.883163
-54.032959
-56.594669
-53.712193
-52.634090
-49.906822
-47.986153
-41.778229
-41.806316
-31.830961
-37.633373
-22.983963
-28.978535
-13.725042
-18.214813
-6.441481
-8.351310
-2.738603
-2.110863
-1.078097
0.551367
-3.117020
-1.744270
-5.991125
-2.241929
-8.253750
-3.910811
-9.553083
-7.511694
-11.178606
-10.086712
-12.530660
-10.814970
-13.889615
-12.897252
-13.022899
-16.477440
-13.760027
-18.471527
-14.685375
-14.810037
-13.178603
-12.205460
-10.488780
-8.571562
-8.481885
-6.917460
-6.670601
-3.416602
-4.543478
-6.045325
-4.078833
-5.978806
-7.464886
-8.837143
-11.439753
-11.520067
-17.992592
-15.084489
-22.355236
-18.479410
-26.382334
-20.962776
-22.635601
-18.285767
-16.293158
-14.059115
-7.494448
-10.491243
-4.707067
-5.336284
-4.171959
-3.640302
-5.488538
-4.136975
-5.083513
-4.653851
-6.650892
-3.816207
-6.104453
-3.400342
-5.221970
-1.768414
-1.522541
-1.313623
-2.781964
-2.601623
-4.595216
-7.285038
-8.413887
-9.664933
-8.692774
-9.611718
-9.114552
-9.439262
-8.921893
-9.294891
-10.159142
-10.073900
-9.603342
-9.738349
-9.561459
-9.707800
-11.151997
-11.429405
-14.956872
-14.247830
-18.005400
-14.060592
-18.361153
-13.087447
-15.067739
-11.035220
-12.672567
-8.387280
-9.446158
-7.241185
-7.806842
-8.984470
-7.159884
-9.648673
-8.582894
-11.204227
-9.837389
-13.165299
-12.492229
-15.104198
-16.531643
-15.671825
-17.472761
-15.554555
-15.180078
-12.449853
-12.478429
-9.073162
-10.134998
-6.791814
-9.438277
-8.298097
-9.469811
-9.299326
-11.531894
-12.548893
-14.143373
-15.925581
-21.154449
-22.925821
-28.698666
-34.148769
-35.619083
-45.835377
-42.917919
-55.391911
-48.885391
-63.314049
-46.816902
-61.007076
-42.078304
-51.057350
-31.642736
-38.055149
-24.077826
-26.214312
-13.807328
-16.400574
-12.767663
-9.485579
-10.495185
-6.086222
-6.507509
-2.478933
-1.378172
0.048287
-1.764965
-0.701650
-3.292926
-3.374228
-3.221973
-7.288487
-6.805610
-11.574761
-10.899226
-15.452558
-12.127605
-19.868912
-13.524994
-20.798206
-16.805107
-18.469063
-16.138933
-13.414128
-10.337020
-9.519084
-8.409452
-8.712482
-7.617139
-4.346879
-2.750428
0.600147
1.636855
2.604580
3.997532
3.810294
5.712238
3.923130
6.432612
4.858335
7.063310
1.676766
4.065530
-4.115295
-1.076126
-10.445419
-6.950474
-16.064039
-15.811269
-22.228115
-22.670094
-23.475216
-25.978294
-20.127106
-23.610224
-12.908092
-17.544205
-8.703120
-14.258672
-8.936183
-9.533866
-6.487799
-4.659272
-5.674298
-2.335056
-4.338010
-1.838875
-5.344168
-3.691053
-6.995805
-7.070206
-9.099277
-9.134261
-10.855372
-9.468333
-13.533862
-11.810287
-16.168989
-12.934700
-17.027328
-13.028812
-18.250292
-14.584859
-17.973375
-13.870892
-15.172195
-11.388016
-12.548399
-8.394176
-10.300556
-6.638574
-9.515141
-7.103220
-8.373484
-12.379885
-2.821835
-3.296544
-8.295794
-9.711115
-16.354637
-18.842655
-27.047192
-31.469267
-42.396366
-48.454716
-40.279778
-47.739048
-27.025578
-35.736843
-12.363240
-20.301208
-2.319903
-3.897737
8.612800
9.355685
12.116684
10.550062
6.103967
1.095111
-4.301996
-10.985544
-13.455947
-21.621264
-21.412323
-27.066404
-26.896694
-25.630270
-26.054548
-26.100172
-25.779161
-28.079861
-29.094120
-31.318769
-32.291393
-33.819592
-34.488022
-30.577486
-31.418028
-24.716875
-30.065954
-18.615309
-24.863371
-8.296595
-15.155454
0.504328
-5.249015
3.286937
-2.346326
2.039727
0.036824
5.051284
4.107471
9.358086
2.845851
9.841600
2.758595
6.091162
3.451044
4.850354
3.065994
2.981938
-2.203033
0.393055
-2.917097
1.077501
-6.079954
5.277832
-0.939811
8.635216
2.171812
10.518841
3.152450
6.574673
0.182520
-1.490570
-5.514787
-8.059642
-11.692401
-11.655583
-13.408723
-16.266581
-15.077003
-17.263226
-14.441392
-12.480915
-8.921000
-5.894234
-6.505832
-1.707510
-4.554161
0.872568
-3.428630
1.636264
-1.984491
2.313504
-0.454696
0.010406
0.455496
3.045981
2.506430
4.887978
2.512033
7.829891
3.932157
8.883377
8.034025
6.250464
6.182420
3.037175
3.149248
-0.513934
-1.258419
-5.515587
-9.667886
-9.470160
-14.670339
-11.199284
-15.427631
-10.997550
-14.278085
-10.089764
-12.435286
-8.965833
-3.900939
-2.476010
-1.606645
-0.404263
-4.844748
-7.467257
-12.934012
-18.761003
-20.327620
-26.473215
-28.992453
-32.456303
-38.815628
-41.740738
-49.585846
-46.896900
-49.880432
-43.847713
-50.856270
-42.296310
-48.967834
-40.194935
-44.454510
-36.418076
-41.533405
-34.305504
-42.625317
-35.821697
-40.945827
-36.184330
-40.119686
-36.717472
-42.717381
-44.172722
-49.545017
-34.331921
-39.829903
-22.253672
-22.954121
-9.148353
-4.455697
-2.807425
8.143701
3.152451
16.727678
-1.127135
14.722377
-9.958476
2.510435
-13.446345
-8.929008
-16.363441
-19.371796
-21.258625
-25.808779
-22.167215
-24.254976
-23.567326
-24.875383
-25.976093
-26.827845
-29.233404
-29.440742
-34.547260
-34.093369
-42.101784
-40.885784
-53.312267
-49.223999
-61.376705
-57.917664
-65.258438
-51.770458
-61.535225
-43.156059
-53.955887
-33.358494
-40.139698
-20.506929
-25.192383
-6.135189
-12.296796
-3.250914
-5.415520
-3.243710
-3.754442
-2.773804
-4.509332
-3.596740
-5.396309
-3.605545
-3.819283
-3.334969
-5.181769
-1.801972
-3.395008
0.724471
-1.115926
3.230901
2.385551
4.496524
5.228200
5.641267
7.726624
1.333666
3.805675
-8.157305
-4.604596
-11.493872
-8.532749
-15.139447
-12.958829
-20.771114
-19.294947
-23.430443
-19.652779
-18.277487
-15.827093
-15.192275
-12.131089
-10.093764
-8.327815
-4.771902
-3.943365
-0.053634
-2.344725
0.288187
-3.133237
-1.132737
-3.180469
-1.340871
-3.246111
-0.375446
1.742734
5.525194
7.597742
11.894936
12.728278
16.384253
15.676594
16.572376
11.076804
11.022367
4.081054
4.417272
-2.694552
-2.623306
-9.073900
-10.241059
-13.861012
-15.836696
-14.971337
0.401907
0.384805
0.247985
-0.033702
-1.009043
-1.564872
-3.705189
-4.942098
-9.880174
-10.475740
-25.254751
-23.190891
-44.110676
-40.101170
-63.179882
-56.662857
-72.612396
-69.549034
-78.063530
-76.039406
-79.696304
-77.064552
-78.550453
-77.468460
-76.249657
-75.399071
-74.270309
-72.719528
-71.642570
-64.528961
-64.771423
-54.306740
-54.787132
-41.137867
-40.937679
-25.494184
-25.989655
-14.914828
-14.078818
-9.639230
-10.433991
-10.255923
-11.768985
-17.928373
-20.186899
-24.870951
-32.674690
-25.213001
-38.041836
-23.518351
-38.929146
-30.213951
-39.781250
-31.925701
-37.555920
-28.866381
-33.758682
-25.067631
-26.094280
-21.165258
-21.944929
-17.030495
-17.643164
-13.611519
-15.558682
-13.565744
-15.320758
-12.996839
-12.300166
-8.557754
-11.217683
-11.267985
-16.359476
-16.808165
-22.013338
-25.060587
-29.807520
-32.711411
-36.545372
-36.908043
-35.335625
-36.800903
-31.814034
-31.625906
-28.087214
-26.245687
-24.232630
-19.132584
-20.769386
-14.040592
-17.998291
-10.789622
-13.003379
-6.749926
-8.413891
-5.844000
-4.875197
-4.058305
-6.206672
-6.589967
-8.441054
-8.435018
-8.482301
-10.867587
-9.581384
-12.303185
-12.123105
-16.011391
-15.099934
-16.526981
-15.996808
-15.589869
-16.741264
-13.256896
-16.616014
-13.009918
-14.462617
-12.784065
-13.323797
-13.421381
-14.083848
-16.297104
-20.046057
-25.546499
-26.911169
-35.494076
-28.632479
-38.027241
-31.067566
-40.334564
-29.409134
-36.979977
-19.780462
-24.478600
-13.556189
-14.363524
-11.183982
-10.697569
-15.643693
-14.078317
-21.130049
-20.365469
-31.250156
-28.648575
-35.048912
-31.699347
-34.256161
-32.605774
-33.854755
-31.331646
-32.578613
-29.798969
-28.662155
-26.997692
-27.065596
-26.081198
-25.929798
-25.307068
-25.331207
-25.639555
-28.092747
-28.456427
-34.809978
-38.146458
-47.328949
-53.182007
-64.407242
-65.697975
-80.601723
-70.825684
-89.479408
-70.915718
-90.656456
-68.026405
-86.758095
-66.621002
-81.795883
-70.478607
-82.207352
-70.303551
-75.983559
-61.249321
-64.745766
-54.106049
-55.772022
-43.252037
-45.764084
-26.991653
-30.946840
-15.623569
-20.945442
-12.226225
-16.430902
-12.804688
-17.991753
-17.049107
-24.728100
-28.194859
-33.689774
-34.406563
-35.940750
-34.459881
-34.833618
-33.309490
-29.845745
-29.616875
-22.336775
-22.843815
-13.960109
-15.663812
-13.007906
-14.568251
-13.757394
-12.240309
-15.727190
-13.405788
-16.376579
-15.334338
-14.584848
-16.615007
-13.680934
-16.399717
-12.406302
-17.793564
-11.384180
-16.585831
-16.076784
-20.930855
-25.460989
-31.496130
-34.462395
-36.973934
-39.052380
-39.743526
-43.243484
-44.570438
-47.896854
-48.861130
-48.480350
-47.042244
-48.657413
-45.135818
-46.404404
-38.219398
-38.835590
-27.914682
-29.428751
-18.738222
-19.679867
-15.746810
-13.984757
-15.212610
-12.042624
-15.922359
-11.592428
-17.263391
-13.180439
-18.250801
-15.888659
-17.461075
-18.477663
-20.081266
-21.999756
-20.308126
-22.463537
-19.243250
-22.070681
-18.621019
-20.993229
-15.956567
-16.497807
-13.744315
-13.026013
-11.524019
-11.743331
-11.317784
-13.015952
-12.832854
-14.475192
-21.229141
-2.561449
-2.936805
-7.894590
-9.099913
-15.820552
-17.667614
-26.016266
-29.751667
-40.170826
-43.692688
-37.503712
-41.171967
-26.788986
-31.042299
-21.492727
-28.057610
-18.901007
-27.977257
-23.943550
-34.081474
-34.896027
-47.307556
-51.276314
-63.739574
-65.632866
-73.103111
-71.851562
-79.049934
-71.948433
-74.119659
-68.495369
-67.494789
-65.259720
-61.788490
-61.947552
-54.711212
-55.951202
-46.358700
-46.858440
-37.742577
-38.352940
-29.260178
-26.338232
-23.197790
-18.295589
-15.703321
-11.583758
-7.285325
-6.635329
-2.776095
-4.765705
-3.527909
-6.460863
-4.888990
-7.698658
-7.571521
-4.312195
-6.018910
-2.235077
-4.724977
-5.591818
-8.770239
-7.875328
-12.333923
-7.922661
-11.077415
-6.438296
-8.476888
-8.693186
-10.277718
-16.356619
-7.804880
-16.772152
-3.664402
-14.659811
-5.673825
-10.884232
-12.371898
-16.552002
-25.766396
-23.278143
-35.693523
-30.619608
-39.400303
-33.979103
-38.208740
-34.284561
-35.206989
-29.928886
-25.208862
-22.036495
-18.768366
-17.088617
-13.565113
-10.949176
-9.673405
-6.982068
-7.606744
-5.810318
-8.862702
-3.786586
-6.033770
-4.029852
-4.205972
-2.090878
-2.951665
-1.994012
-3.462965
-3.611016
-5.704095
-6.100366
-10.413661
-10.492914
-12.730191
-13.353769
-14.914636
-14.621284
-14.756677
-18.325865
-17.877306
-19.775003
-18.133783
-21.374395
-20.217505
-30.145184
-28.814922
-32.964760
-33.691254
-34.011021
-37.860901
-35.772778
-41.399818
-36.983051
-45.304184
-36.679794
-43.158821
-34.738621
-35.209743
-32.051685
-30.421471
-32.133694
-30.616854
-37.628639
-30.940481
-39.130623
-31.260242
-36.520187
-31.025236
-34.803558
-30.812241
-32.297153
-32.397320
-28.365816
-31.213465
-27.526495
-32.280643
-30.823797
-35.807449
-34.110092
-39.798225
-39.108051
-49.331837
-48.647713
-41.516499
-40.948517
-28.827585
-27.576031
-23.700283
-25.818680
-24.345873
-24.312302
-26.930992
-26.347044
-38.540066
-37.094780
-53.431587
-56.669445
-57.485104
-70.252716
-60.082878
-77.401558
-61.408184
-72.404144
-62.202374
-63.259094
-57.086079
-57.690945
-47.518894
-51.504169
-39.709064
-44.611813
-35.327522
-41.065193
-33.411667
-40.434456
-37.169086
-45.374081
-44.083450
-53.225193
-49.803509
-53.266464
-45.016888
-48.862362
-37.040844
-38.408527
-27.667944
-24.312847
-16.467245
-14.728057
-9.449402
-11.573853
-9.459860
-9.874843
-8.393782
-9.326118
-5.561548
-7.574823
-4.483912
-8.271048
-6.973262
-8.681627
-7.748742
-5.256090
-7.152684
-3.751362
-6.554976
-0.702830
-4.814687
-2.516869
-4.657830
-14.155666
-14.961967
-29.005356
-29.177624
-46.969074
-43.751572
-58.907822
-52.500351
-65.330162
-56.259964
-68.237793
-56.661739
-63.521626
-53.311600
-51.927963
-43.541882
-40.665070
-32.215702
-30.762705
-20.028727
-20.607719
-9.388309
-13.199662
-3.710634
-10.167092
-3.913172
-11.481389
-6.491132
-12.759361
-7.462545
-14.636144
-7.656827
-13.393395
-7.773508
-11.550187
-7.124065
-10.210570
-9.054783
-10.962386
-12.346029
-12.474818
-11.515513
-10.496768
-10.806629
-11.301417
-12.946490
-14.644400
-14.227216
-16.648319
-17.019821
-2.286145
-2.558775
-6.559530
-7.458221
-11.600874
-13.387091
-18.379822
-21.040422
-28.535435
-31.556694
-40.223679
-41.968506
-53.895882
-54.194130
-73.484459
-74.486305
-90.735008
-92.202614
-107.603882
-106.395767
-115.177071
-110.983826
-112.237907
-106.622421
-107.969795
-106.596146
-110.326881
-105.185036
-118.205528
-97.582924
-111.479149
-83.644669
-93.891594
-63.157394
-65.134789
-40.976532
-41.879822
-32.025745
-30.508871
-26.849072
-27.476446
-23.863943
-24.947233
-28.598499
-32.184723
-35.378101
-45.284073
-37.956581
-52.518280
-38.779068
-50.477833
-41.622299
-49.939796
-39.460972
-46.027733
-33.821159
-40.126450
-30.717121
-32.411366
-26.755127
-29.579309
-27.006083
-26.314980
-23.300291
-22.613789
-21.127136
-21.855682
-16.575871
-22.793131
-14.584032
-27.989517
-18.717487
-30.479311
-25.409063
-33.932182
-36.511314
-39.011623
-47.289707
-52.476894
-63.613304
-62.815792
-70.385033
-64.020615
-60.335842
-55.873917
-44.730278
-45.730797
-33.955170
-31.989616
-27.353596
-24.457157
-24.855263
-23.196495
-19.212818
-18.473106
-14.722645
-13.319426
-12.222337
-12.453579
-13.635412
-13.258986
-12.049562
-11.805839
-12.225623
-12.221682
-13.587458
-21.366261
-21.766996
-28.236523
-23.765400
-26.336006
-21.834003
-26.076511
-18.629459
-26.659214
-19.182600
-25.282930
-21.215168
-27.960609
-25.144978
-28.057182
-30.235590
-34.149628
-40.609306
-45.958103
-59.148106
-50.517250
-69.948174
-50.619080
-70.455978
-48.113510
-60.969788
-35.533791
-45.350433
-29.913691
-36.569134
-25.941183
-30.842596
-32.128887
-33.097866
-37.749649
-37.748985
-51.256954
-46.982914
-57.617424
-51.718132
-56.280567
-52.860542
-53.501720
-49.267086
-49.377460
-44.476036
-42.346245
-41.600624
-42.543327
-45.335320
-46.498096
-49.250668
-50.629585
-56.183994
-58.093712
-64.297180
-68.793266
-68.638237
-75.358711
-77.816986
-84.360085
-91.223129
-98.794991
-101.860931
-111.829300
-103.817299
-115.353775
-97.559296
-106.980438
-95.317818
-96.741386
-101.343918
-100.759895
-109.997108
-103.961807
-106.416115
-102.686699
-95.824974
-96.206650
-80.660858
-81.462982
-56.192532
-58.560799
-40.287399
-45.071884
-34.918243
-40.056812
-33.564297
-39.242870
-38.319870
-44.523338
-51.325272
-53.263905
-59.680882
-52.629955
-57.886124
-49.758484
-55.091507
-45.908165
-50.468643
-39.357834
-42.275955
-28.109735
-31.442385
-24.162193
-26.703228
-22.927807
-23.620220
-21.585680
-21.873419
-19.859903
-20.176546
-20.516186
-21.032537
-21.032537
-20.539179
-20.305965
-21.181664
-17.321493
-20.026768
-18.879095
-21.722980
-30.212597
-31.251217
-47.255547
-44.012245
-66.289673
-61.880970
-90.347420
-82.237518
-95.745483
-87.345871
-85.139877
-76.967552
-73.267021
-61.689140
-56.045383
-44.652100
-42.999245
-27.957983
-27.597322
-16.896456
-18.244492
-17.938358
-16.204699
-18.034929
-15.239655
-21.792616
-19.446030
-27.383816
-23.798904
-32.013920
-28.674700
-32.659031
-32.890270
-36.512634
-37.066429
-39.202137
-38.041988
-36.616428
-38.009792
-32.984215
-34.706055
-29.307337
-30.671795
-26.106075
-28.317329
-25.413662
-29.484705
-28.530830
-33.024944
-29.992517
-32.978306
-39.866310
-1.945630
-2.173293
-4.706110
-5.232481
-7.333652
-8.587684
-11.240521
-11.484333
-15.197446
-17.056423
-17.432089
-21.350801
-25.657015
-30.868511
-42.877598
-49.012657
-54.534695
-61.883415
-69.177238
-76.645988
-79.496346
-86.608803
-90.455383
-94.226082
-98.153397
-96.301956
-101.720116
-96.149117
-100.735725
-85.869827
-92.735794
-71.255272
-75.702492
-57.055141
-57.260185
-42.833466
-41.471252
-29.645700
-27.187151
-24.926128
-23.738297
-21.591921
-18.861578
-16.893343
-15.411113
-13.926728
-13.812630
-12.850311
-14.514993
-13.844382
-12.850847
-13.476785
-13.931034
-14.189377
-14.206597
-15.694212
-11.973564
-12.188848
-10.532778
-11.385839
-13.033838
-15.255570
-10.705541
-15.802393
-11.097896
-14.117255
-10.160872
-10.793269
-11.614038
-8.935905
-10.428900
-6.782526
-8.947747
-8.583917
-10.998326
-17.871271
-14.423496
-27.488550
-24.271128
-41.476631
-33.822216
-47.429779
-39.575680
-46.288239
-41.859840
-38.887848
-39.599895
-32.694660
-30.018137
-22.654345
-19.923466
-16.844366
-15.705515
-12.957415
-11.677548
-10.485950
-7.245387
-7.091459
-5.342814
-6.068321
-3.761013
-3.089327
-3.654448
-3.373502
-3.082868
-3.604932
-5.526343
-7.006421
-9.090373
-7.756148
-9.837947
-12.311561
-14.777102
-15.480543
-18.065027
-19.807215
-20.052639
-23.542395
-27.178003
-29.518679
-31.514900
-32.403488
-34.585930
-37.920143
-45.627857
-49.740860
-49.033646
-59.406036
-44.693520
-52.893692
-36.837265
-44.623009
-29.236113
-36.952446
-18.152754
-26.553679
-17.096249
-21.878248
-19.856728
-20.766308
-21.537558
-23.760368
-28.164536
-25.360468
-30.558504
-25.618809
-30.186600
-24.850243
-28.782412
-23.966501
-24.470804
-21.824965
-19.237251
-17.731337
-16.468697
-16.978382
-18.048882
-19.715179
-21.321199
-24.632267
-27.188765
-31.192513
-33.115540
-31.699509
-32.625771
-32.639763
-38.658031
-43.149933
-55.035233
-53.790886
-62.806992
-61.210114
-69.344086
-69.056137
-73.602402
-79.718086
-78.183655
-80.581924
-77.224022
-79.506042
-76.587860
-74.367737
-72.743431
-65.734840
-65.304817
-59.943169
-59.322617
-47.748943
-47.295773
-32.727493
-33.913166
-26.425583
-29.541285
-22.349178
-28.155396
-24.060688
-29.839455
-30.372818
-36.767296
-37.814651
-39.619812
-40.705917
-36.362560
-37.105831
-31.474539
-32.118237
-25.981020
-25.820635
-19.989666
-17.870733
-15.850831
-14.547824
-13.857839
-11.703921
-11.350855
-7.502651
-8.075846
-4.603850
-8.678101
-6.179191
-8.800276
-5.100080
-9.175409
-5.415471
-7.699098
-4.202345
-5.106000
-3.055419
-9.396613
-5.709335
-23.077917
-19.919701
-39.621429
-35.835655
-57.844685
-51.622440
-64.141747
-62.880184
-65.278992
-66.019028
-63.101929
-61.937786
-54.759129
-52.475502
-44.586945
-37.238770
-32.869041
-23.467583
-23.307196
-13.725977
-14.367524
-9.708776
-10.745367
-8.687253
-8.761525
-9.956891
-10.307804
-11.253976
-11.343856
-10.413831
-14.130711
-11.645255
-16.767941
-14.419193
-17.506903
-14.718436
-16.682365
-14.012303
-14.873443
-15.668377
-16.257717
-15.957397
-17.192587
-17.410027
-19.549412
-22.175339
-24.988026
-26.116114
-28.932571
-32.225342
0.837845
0.826100
1.491025
1.253505
1.164761
0.679281
-0.065252
-1.434908
-2.320388
-1.623488
10.300144
10.401287
24.756889
25.334375
38.627010
36.328812
37.746098
38.396664
32.166336
31.690645
24.165043
21.023127
16.289040
11.228038
9.094274
6.460020
6.925931
2.895259
6.225107
-8.624450
-6.876327
-14.614656
-16.414972
-17.061634
-19.975172
-15.901445
-18.898497
-9.723963
-11.116454
-4.669486
-1.355952
-1.106687
-0.681238
0.803914
-1.652200
-2.521366
-0.178792
-4.373239
2.170305
-3.581722
2.071774
0.136379
0.190537
2.369978
1.021858
2.903094
5.348114
5.761816
1.097551
1.131482
-0.805872
2.415656
-1.318757
1.937355
0.101794
0.383034
3.889062
2.332133
4.458066
1.126914
0.758889
7.423804
5.149747
12.901118
9.791824
18.245970
16.476967
17.595400
19.418560
12.703403
12.527221
5.186940
1.669163
-4.440454
-6.360184
-12.013681
-11.952995
-12.880893
-14.321671
-8.048273
-9.094275
-3.113209
-8.816298
-4.075032
-5.966058
-1.313537
-2.404563
-0.883522
-0.645350
1.774222
3.867529
5.880576
4.751704
7.040119
4.384331
5.610430
1.250242
4.379764
0.174878
2.567042
0.666231
3.171935
2.461334
1.704402
3.085150
4.989877
7.425108
8.496557
10.124616
7.481226
2.804562
2.630336
-0.510931
1.237845
-0.354325
7.613033
-10.957898
-1.816635
-15.280232
-11.805529
-15.304379
-14.950707
-12.341904
-11.551693
-2.197713
-4.092651
2.289068
0.225123
4.848279
4.497871
7.012059
5.171278
5.517771
2.767368
4.450237
-0.056117
-2.011742
-2.626423
-3.519734
-3.673076
-3.931477
-4.254480
-5.355293
-6.476986
-6.005863
-8.437832
-7.842727
-11.044026
-10.482200
-14.996384
-14.169632
-17.995401
-16.769955
-8.084813
-2.108317
12.450222
17.866198
26.148731
34.592434
25.293921
39.230598
18.148743
33.694557
4.923316
21.318724
2.543550
8.749086
2.949419
1.027727
2.052845
-3.879279
-11.014667
-15.334397
-14.054133
-18.966358
-14.979420
-18.131123
-15.653478
-16.153316
-11.924936
-13.208460
-6.807820
-8.878941
-1.350733
-1.891675
2.210763
6.613365
8.192481
10.722983
12.261644
4.783677
4.416958
-3.959537
-1.982379
-10.090031
-6.693626
-12.114170
-9.884483
-11.979097
-11.130160
-10.736684
-12.759520
-10.281874
-15.964735
-8.331469
-14.902420
-7.434245
-12.475019
-4.701459
-7.948436
-0.292985
-5.508636
1.295920
-2.839147
1.003587
-2.261660
7.066218
4.123321
15.256742
12.605524
20.566359
16.535696
18.881531
15.058374
12.274038
10.632932
4.582054
3.586946
-4.682537
-4.852844
-10.259039
-13.397042
-17.145809
-16.233578
-16.116123
-15.953644
-15.074688
-12.701448
-10.843699
-5.517119
-6.349745
1.393798
-0.387601
7.138649
3.917120
5.256761
2.600974
-0.113539
-0.441761
-1.197388
-1.016638
0.351061
-1.194777
-0.460686
-2.982050
-1.827078
-4.225116
-2.869816
-2.478300
1.651546
2.648608
5.556923
6.314507
8.041095
8.859363
9.795090
11.620209
2.303421
2.892654
2.763453
0.067972
-0.126233
-1.605431
-2.350963
-7.071232
-8.576324
-16.377981
-20.222168
-29.646523
-34.810226
-28.634499
-35.646389
-32.017986
-38.184002
-41.486572
-41.251369
-48.362526
-45.277889
-42.220234
-40.852169
-32.839039
-34.964512
-27.474659
-33.066692
-29.623869
-28.867542
-32.542339
-23.862444
-33.734550
-18.567108
-32.129116
-11.845447
-20.813416
-5.363302
-11.065386
-0.732587
-4.652297
-4.431118
-6.144440
-12.172359
-17.148331
-17.503294
-26.794941
-25.967413
-33.685993
-30.506416
-33.032169
-22.963699
-23.490213
-11.998654
-13.413116
-5.397830
-11.801209
-5.015893
-11.352380
-6.186519
-11.478613
-11.123650
-15.265618
-19.335300
-15.707974
-19.526268
-17.011307
-17.683474
-15.289355
-15.733869
-10.012364
-16.620739
-5.385962
-19.039673
-10.589584
-15.413431
-9.021917
-10.864710
-6.954709
-10.351145
-10.092203
-14.638766
-24.596104
-24.979122
-32.560680
-29.840723
-33.163795
-29.360609
-30.495628
-23.356428
-22.945358
-16.297064
-16.957361
-10.028546
-12.637372
-12.523005
-7.630111
-13.828500
-4.090180
-12.449639
-2.540853
-11.888602
-3.955315
-12.975073
-8.021758
-11.641530
-16.073725
-10.969364
-17.152643
-8.797502
-12.934075
-5.802423
-6.789635
-6.248019
-3.180653
-9.994022
-8.566612
-15.794291
-17.783812
-21.547081
-24.342558
-27.227587
-33.644993
-31.085796
-34.566387
-26.438896
-29.560205
-16.857021
-29.354134
-9.480457
-19.496058
7.254647
0.163992
20.611656
4.139811
15.768394
4.505565
11.370723
-3.060893
1.219175
-21.062647
-18.660975
-35.676601
-32.027695
-47.492916
-42.619438
-57.859169
-54.597588
-58.124577
-56.070316
-58.646774
-59.311382
-57.260357
-59.917740
-55.440220
-60.111942
-49.427414
-58.938080
-44.693119
-64.164368
-47.662304
-65.637093
-49.412312
-66.200287
-52.420326
-68.521042
-58.906792
-60.583431
-54.071083
-54.680664
-51.735222
-54.844666
-54.633198
-52.741856
-60.573715
-45.134396
-51.975819
-36.169666
-36.107086
-15.798605
-19.881224
5.781926
1.385332
11.188381
7.531929
14.704580
8.976598
11.311382
5.841265
-2.309964
-6.508039
-5.897367
-11.627504
-13.306301
-21.266562
-24.003777
-31.934906
-33.514442
-42.001213
-48.948372
-58.962902
-67.253304
-75.478981
-81.338585
-75.782158
-84.106018
-73.349197
-83.994888
-66.509926
-77.339027
-53.152916
-64.860260
-35.281712
-49.631329
-27.642971
-40.243656
-15.963677
-26.578075
-6.081863
-14.577268
-0.326911
-7.121940
2.715638
-1.102654
3.710402
1.875160
-6.920182
-5.585562
-15.322799
-13.696871
-18.206747
-17.574501
-21.939808
-20.205984
-25.658836
-22.852573
-33.993484
-32.790493
-38.502285
-42.551468
-40.127136
-48.748775
-40.294369
-46.563961
-36.943249
-41.757381
-37.263691
-33.277081
-35.265530
-21.269800
-29.330397
-10.518376
-22.737127
-5.548878
-18.513165
-4.685744
-16.082359
-10.400774
-21.648500
-20.011782
-29.900070
-27.695839
-39.726860
-32.398846
-47.464863
-30.799887
-46.376232
-22.184719
-34.589046
-14.994809
-25.532602
-15.713368
-19.305090
-14.485561
-14.277328
-14.570793
-12.696713
-18.297379
-18.341612
-26.270584
-29.606602
-26.455078
-30.780466
-24.233585
-1.622474
-1.733790
-3.606427
-3.436460
-4.644188
-4.719596
-5.585594
-2.659037
-3.188690
-0.050272
-4.914700
-2.428025
-10.918032
-9.716887
-19.733013
-20.856955
-30.548105
-33.086250
-41.870113
-42.830070
-49.570724
-45.529797
-44.262226
-36.786644
-31.524818
-33.090446
-27.845379
-31.877918
-28.157181
-28.532431
-23.427414
-24.071379
-17.999821
-12.451932
-8.447514
-3.852401
0.691842
2.308329
5.632276
5.233090
5.952463
4.271337
1.471059
0.437487
-6.555128
-4.146255
-16.310917
-9.472707
-24.838028
-15.459282
-25.443689
-16.900417
-21.482363
-14.504709
-15.969183
-8.244033
-9.193818
-3.419104
-3.824872
0.425518
2.507025
3.739888
5.714266
5.686737
5.773516
5.306703
-3.362847
1.049730
-8.710245
-0.154408
-10.462589
-4.005013
-9.192620
-11.182559
-10.263296
-18.078819
-14.094154
-21.481764
-17.351070
-20.083719
-17.376205
-14.931423
-13.465155
-9.942512
-12.930712
-4.525691
-9.810250
-0.470402
-5.234287
1.510560
-2.649461
1.016214
-2.408274
-0.179544
-2.061755
-2.461540
-2.503433
-2.738036
-1.901364
-1.107782
-0.740317
-3.038472
-1.831941
-4.573567
-4.799793
-5.478467
-9.179453
-7.849637
-10.454210
-5.641252
-8.462477
-1.481233
-3.648321
-1.299894
-0.855824
-4.200716
-4.879390
-9.306329
-9.762370
-14.458029
-14.738116
-18.695848
-17.680834
-23.862509
-18.762880
-29.719809
-15.268366
-32.205887
-10.739083
-25.690857
-7.879557
-15.466460
-0.539229
-2.540538
5.666387
8.774884
7.093159
8.589355
0.052068
2.839179
-6.117042
-1.308872
-10.083754
-3.632761
-7.576131
-1.784661
-6.346858
-0.642766
-3.490921
1.545269
-0.430305
4.413175
0.926444
3.976885
-1.337000
-2.462138
-4.177974
-8.769496
-7.215249
-12.746979
-9.319496
-12.805632
-9.157310
-14.422718
-11.451275
-13.919398
-12.850518
-18.715601
-15.606507
-26.521549
-24.644720
-32.132877
-38.649101
-32.263943
-48.056580
-33.973793
-46.033718
-42.887520
-46.271912
-52.863552
-47.883610
-46.756088
-39.883762
-31.817476
-28.565947
-11.365093
-9.657639
1.494401
2.431019
5.772917
6.893270
5.748376
5.829174
3.177917
0.800763
-1.942061
-6.992615
-5.905182
-12.271190
-8.200942
-12.867272
-12.416620
-13.384956
-17.496500
-13.763793
-17.100309
-13.757211
-15.832133
-10.983864
-10.031687
-6.632332
-4.125906
-4.809967
-0.868392
-0.693038
0.766052
1.652996
1.488414
3.861379
5.784288
7.483367
8.839519
7.401974
11.220860
6.734671
11.975543
2.016271
7.624608
-3.639942
-1.526119
-7.800562
-7.756275
-12.811015
-12.296327
-17.850796
-16.814236
-17.544979
-16.920765
-13.047412
-12.638055
-5.178030
-10.150783
2.913991
-9.248877
3.072585
-6.185867
3.067201
-2.693748
0.833083
-7.002787
-4.842283
-9.850945
-9.053172
-14.324567
-13.113846
-19.190790
-16.851339
-19.646833
-18.673708
-18.406788
-19.087851
-18.257761
-19.496012
-16.507814
-18.687471
-14.061236
-16.420437
-9.941315
-11.539850
-4.371881
-6.698164
-2.404684
-5.746585
-5.483852
-8.577982
-10.733700
-12.406447
-14.111509
-16.249870
-16.848349
1.594543
1.668250
2.414336
2.157997
2.574035
2.737011
4.564961
-0.027845
1.887735
-2.719813
-18.212345
-19.831459
-43.230370
-43.381065
-70.552986
-70.371178
-89.999527
-88.740761
-103.902420
-96.552956
-96.345764
-82.724579
-82.169312
-64.957748
-62.660534
-52.177666
-50.769035
-44.620167
-42.263977
-22.587301
-19.466196
-9.157767
-3.787760
-0.823068
1.874631
4.184961
4.456038
0.496297
0.880397
-5.687776
-10.152002
-11.475466
-12.406639
-15.551497
-12.993844
-14.811966
-16.420431
-9.025095
-17.004360
-1.413550
-17.054316
-4.176771
-19.100937
-9.174966
-22.760111
-14.238685
-27.451195
-20.622587
-24.380041
-19.885511
-18.515366
-11.081538
-10.798991
-3.654263
-7.097230
-1.775537
-3.548614
-1.952434
2.778779
-0.199010
0.078621
-10.536102
-9.538591
-19.163174
-16.171465
-28.938452
-23.369429
-34.944813
-33.025951
-41.168194
-35.118435
-31.640247
-24.150728
-16.088747
-11.829258
-5.263547
-3.135851
0.643712
1.139194
1.129363
-0.479103
-4.167760
2.499510
-3.270164
3.783660
-3.768919
3.994956
-2.217782
-2.139161
-5.035054
-7.092316
-7.521459
-8.663109
-11.506586
-10.733475
-14.854553
-13.097034
-20.263876
-15.391800
-21.626650
-16.621078
-21.996826
-19.786415
-20.453060
-18.707006
-22.615150
-22.036959
-22.633987
-21.427639
-22.014025
-18.408079
-22.573383
-24.491423
-33.133240
-34.441139
-47.036137
-18.920752
-27.495409
-9.410009
-17.372080
0.488110
-7.477234
9.872734
5.235700
7.913747
10.409981
-1.556871
-1.445490
-12.977464
-15.495810
-26.066309
-25.786217
-35.120892
-34.802311
-38.700623
-39.119934
-34.768726
-39.823441
-31.568995
-34.337952
-27.689514
-26.667433
-20.602930
-15.603914
-11.515594
-3.122748
-2.198127
7.441198
5.727905
16.300041
12.961903
18.486704
14.171528
6.262695
-5.969503
-20.045212
-37.156860
-44.326157
-69.530090
-59.098003
-87.644974
-67.340973
-97.612709
-56.442059
-85.287140
-44.740562
-61.875134
-48.875561
-54.079311
-53.257076
-48.054134
-36.342800
-26.446318
-22.587305
-11.465640
-8.333060
-1.569974
4.426554
7.355207
4.016250
5.496955
-2.857401
-1.749329
-10.404247
-11.167532
-20.397369
-25.465181
-35.219986
-39.440975
-47.136059
-40.342667
-44.008396
-36.510689
-40.875000
-30.200487
-36.654007
-22.229414
-27.495420
-13.697342
-15.344299
-7.626287
-7.723745
-2.063815
1.664155
0.900052
3.370079
1.854158
2.737011
4.825395
1.285789
3.412664
-2.106402
2.878694
-6.497741
0.461082
-8.169267
-6.212738
-17.490011
-17.605490
-30.637823
-29.908117
-38.733383
-35.126625
-40.508102
-33.416603
-42.506393
-29.896648
-35.553310
-20.980484
-22.837093
-10.355112
-9.876828
0.216204
-5.944930
2.764859
-2.862314
5.279928
-2.041704
2.981066
-8.792508
-5.399496
-15.503180
-13.311604
-22.222046
-21.222895
-27.745209
-25.516775
-27.616627
-26.071220
-24.265385
-24.527458
-24.644571
-23.874731
-22.703602
-19.933828
-18.818388
-15.513008
-15.176411
-12.096247
-14.601490
-11.435335
-11.966850
-10.559852
-11.010287
-11.728528
-11.074166
-12.962723
-9.934977
-11.007012
-20.580822
1.271761
1.565959
3.754848
4.456143
6.399314
7.426683
8.178450
7.868314
6.718749
6.660307
7.072715
5.992218
1.184100
-1.964420
-8.143916
-12.549588
-25.040731
-30.091251
-43.024689
-50.181744
-58.380783
-67.609177
-70.752396
-80.045868
-78.181740
-81.799110
-83.058914
-82.414742
-78.571556
-74.757607
-71.515442
-61.632904
-59.724930
-51.981468
-50.338474
-34.018761
-33.163399
-10.437070
-9.254964
0.340686
3.245480
0.043167
2.961243
-7.868978
-6.079879
-14.297511
-11.512919
-10.416483
-11.753325
-3.286654
-13.237600
-1.793746
-18.706501
-6.176174
-22.581553
-11.795828
-18.511921
-13.811387
-14.878602
-14.344662
-11.179540
-8.608127
-9.014557
-3.426781
-3.735589
-3.444711
3.106682
0.054457
1.567287
-0.670082
2.528911
4.379107
-0.134148
4.492668
-6.050657
-0.996821
-7.418050
-11.070625
-16.194197
-27.491947
-26.672440
-36.825268
-34.044003
-39.775227
-37.055050
-37.456833
-34.267803
-30.793207
-28.015263
-16.606606
-17.606747
-2.116502
-9.228399
-2.218110
-2.860963
-1.866798
0.772354
-2.975189
0.699302
-1.985009
2.140409
1.515487
-0.482140
-0.344670
-2.389449
-2.329016
-2.493713
-3.226885
-4.310040
-7.873626
-5.599731
-10.767794
-9.366532
-13.715755
-13.698487
-16.261271
-14.877938
-14.260985
-18.385078
-18.011187
-23.525909
-23.466808
-29.023371
-25.219379
-33.263008
-24.797668
-31.757488
-24.174076
-23.707878
-25.085232
-16.317055
-27.996002
-7.068731
-24.475582
2.125135
-11.392717
1.917270
1.839571
5.636921
6.625109
-0.148095
0.857359
-9.785583
-7.636540
-14.698630
-12.085377
-22.052263
-15.468328
-22.701759
-16.016212
-21.342997
-16.601954
-17.906256
-12.849098
-9.941648
-3.590150
-2.973861
1.287699
0.352639
2.856315
-0.115554
0.117547
-1.506853
-1.986337
0.949006
-7.012947
-3.521085
-15.862804
-12.714949
-33.694679
-31.232847
-49.557484
-49.566788
-60.498611
-63.299805
-58.408012
-72.259918
-49.159683
-68.279930
-45.505119
-67.246582
-51.903770
-63.669708
-62.322247
-60.952194
-62.295685
-59.865059
-40.704975
-37.710522
-10.927179
-10.928507
4.326644
2.139745
9.597641
7.898862
1.180779
0.936388
-7.407425
-13.819356
-14.430331
-27.303341
-25.044052
-37.626842
-30.807156
-36.940826
-32.463428
-28.013268
-27.494600
-16.415344
-19.067776
-10.552625
-12.946059
-8.693794
-8.293340
-4.227691
-4.195813
0.733171
-0.251696
5.443666
2.827758
4.954222
1.187419
7.196903
-0.488117
5.974950
-0.745126
3.956736
-1.170817
1.470328
-2.177602
-5.164742
-6.697494
-18.812761
-19.909863
-38.427757
-37.179241
-53.876823
-51.373806
-63.084637
-56.053761
-63.902813
-57.669525
-62.839588
-48.937878
-49.375515
-35.872944
-35.491081
-20.651667
-17.709681
-3.264739
-2.947961
2.831742
1.708742
3.246808
3.026324
-5.628952
-4.592948
-14.940366
-8.962756
-12.238787
-8.873103
-10.057201
-9.935672
-8.976704
-10.965695
-11.301068
-13.535116
-15.353437
-14.600342
-17.253443
-14.409743
-15.538059
-12.795306
-14.760392
-14.790277
-16.797203
-20.377390
-21.060089
-27.456087
-23.720497
-1.382195
-1.557580
-2.697578
-3.044171
-4.068290
-5.065266
-7.281581
-4.261421
-8.070810
-4.549553
-16.112391
-12.923110
-24.672813
-22.406389
-36.781639
-39.657738
-45.817066
-55.785789
-61.488903
-76.899765
-80.387611
-97.560661
-98.957466
-116.690079
-115.622116
-127.007484
-125.815285
-127.230888
-127.020012
-113.702286
-125.530289
-104.688782
-112.874428
-85.738930
-90.307274
-62.055779
-61.853249
-31.235111
-29.032370
-18.496780
-14.224921
-11.653663
-9.793334
-10.934378
-9.485368
-14.615360
-13.551574
-21.630733
-18.769255
-26.028910
-18.118868
-25.610287
-11.917783
-18.591782
-2.895929
-14.130965
-1.252745
-11.730914
3.896041
-10.178556
-0.467693
-12.727890
-2.247634
-17.842222
-6.448506
-19.075132
-10.249543
-20.456282
-7.129164
-12.427234
-6.446417
-11.326904
-11.196411
-19.850790
-13.979592
-30.689125
-21.720516
-36.135433
-26.737757
-39.366467
-26.521656
-45.351463
-29.859179
-54.907825
-37.362080
-61.147537
-44.161354
-56.210674
-41.299881
-40.741360
-32.420002
-31.210054
-24.326223
-22.582819
-18.974913
-20.728754
-13.896075
-17.036291
-8.663777
-12.675694
-3.204940
-5.563233
1.216207
-5.461969
-0.482307
-5.505815
-5.086143
-8.372512
-9.851796
-7.334824
-12.613056
-5.610209
-9.705644
-5.440047
-8.103173
-9.451963
-10.567951
-15.704205
-14.299043
-23.029631
-17.468487
-24.995394
-23.166391
-34.910877
-36.178238
-44.216686
-45.721020
-54.771069
-50.032555
-57.695183
-52.417984
-56.950840
-52.421120
-50.245518
-27.545774
-20.268372
-20.858206
-15.983987
-19.419636
-19.049034
-15.904643
-15.530910
-14.104869
-12.674648
-20.628536
-15.353437
-20.742327
-14.823108
-19.569967
-12.998278
-17.494585
-12.999321
-16.009039
-17.671015
-18.409090
-25.383749
-23.678970
-35.590492
-29.374784
-46.629265
-36.710655
-52.675846
-45.037235
-57.234802
-49.291344
-50.149479
-45.927727
-48.511517
-51.828152
-51.259197
-55.154190
-66.303627
-71.667465
-75.004982
-85.281654
-81.360580
-95.296326
-85.328644
-99.947144
-82.484917
-85.025894
-68.101318
-64.524727
-58.661877
-57.824627
-54.993427
-54.115463
-45.433937
-46.151138
-24.257320
-23.888805
-15.113327
-15.873325
-12.414705
-17.746180
-8.002954
-18.722275
-8.661690
-20.608702
-11.166135
-26.137484
-12.336409
-32.965992
-19.184748
-38.727573
-30.023081
-42.666416
-39.517845
-44.133171
-42.080757
-38.239006
-39.822681
-34.117470
-35.562302
-27.846434
-27.549952
-21.130678
-22.130787
-20.480295
-20.666119
-12.835419
-14.528711
-10.565862
-10.055367
-9.462401
-8.503008
-21.163042
-17.483103
-37.596970
-33.186260
-51.105740
-46.907997
-59.364468
-55.473644
-64.097755
-67.643021
-78.611847
-79.658936
-94.062370
-92.907753
-103.700150
-94.024796
-95.350616
-87.695297
-87.762108
-69.641151
-75.466415
-48.242172
-61.931545
-30.361322
-41.940865
-16.268984
-28.398689
-4.186259
-13.964978
2.026315
-2.249722
6.801363
0.176427
6.640592
-7.185537
-1.351924
-18.990572
-8.063506
-25.725121
-13.402286
-28.490557
-18.134531
-26.438143
-12.548330
-16.241838
-12.219485
-13.895030
-15.501677
-17.091618
-20.333099
-21.609852
-22.342709
-23.292706
-32.807308
-2.235898
-2.531841
-7.427141
-8.468044
-15.197168
-16.822813
-26.027655
-28.240080
-40.613544
-42.614731
-46.584438
-51.760380
-58.545635
-62.010204
-79.151421
-76.975723
-83.950783
-81.966942
-85.991776
-85.906044
-90.211517
-89.585938
-102.926842
-101.973694
-115.121719
-111.724495
-129.729034
-117.073921
-134.796814
-106.055664
-128.812653
-92.386169
-111.100990
-77.056343
-86.791840
-58.988525
-63.480732
-43.395405
-43.345402
-33.542553
-31.692404
-32.706772
-27.298164
-34.817146
-30.438221
-34.978390
-30.629047
-28.826862
-28.184973
-22.718195
-27.003244
-22.430418
-31.334209
-24.242813
-32.727180
-31.347473
-30.961737
-33.081291
-29.231998
-33.761963
-32.790451
-30.976019
-25.139826
-25.840900
-20.955809
-21.307877
-17.526951
-18.968908
-19.625088
-16.470743
-24.875515
-13.832771
-25.990913
-16.763624
-26.041941
-22.731462
-22.620230
-29.763672
-33.213955
-45.119019
-40.273724
-55.661720
-46.145634
-59.192623
-47.164085
-59.229362
-47.889656
-55.435177
-41.204411
-45.316994
-31.955690
-37.014271
-25.312290
-25.196972
-16.857510
-15.317586
-12.455107
-14.004215
-9.304848
-13.632755
-6.344400
-8.312929
-4.475879
-6.469921
-3.807456
-5.287170
-8.513967
-5.217776
-11.776479
-7.790436
-12.424492
-10.667204
-14.288931
-13.093935
-17.744318
-17.570833
-19.269955
-21.364004
-24.609169
-27.401234
-27.647173
-27.602272
-27.535938
-29.312618
-45.762939
-40.146156
-57.807816
-47.514122
-61.896927
-56.338314
-67.245331
-60.778473
-61.670383
-56.284222
-44.793476
-45.751724
-33.761959
-38.196003
-33.403767
-35.768250
-40.795185
-46.249722
-58.122124
-58.761978
-66.885094
-61.621407
-67.631073
-61.779572
-64.302231
-59.047714
-60.029427
-55.008610
-54.132008
-53.807487
-53.695232
-58.559921
-55.618862
-62.833740
-58.787491
-67.739250
-65.752357
-73.571365
-76.674675
-73.861176
-78.414612
-63.153152
-86.023415
-63.227642
-104.630051
-64.618591
-104.423904
-62.144913
-96.803871
-68.293381
-93.114807
-66.008499
-88.292969
-63.778717
-75.903183
-66.645279
-77.314537
-67.683121
-73.342773
-66.318718
-67.870888
-64.247124
-64.658386
-53.869736
-54.897369
-41.985092
-44.889408
-36.086639
-41.411564
-35.298820
-42.384098
-45.999702
-49.082611
-59.379383
-62.327576
-67.787216
-69.041405
-73.565231
-69.378159
-77.165535
-66.095238
-72.295746
-57.830265
-60.524364
-39.508350
-40.364544
-28.088026
-27.535942
-19.682232
-17.741257
-16.262564
-13.671535
-14.495071
-13.898081
-13.679697
-12.778605
-11.875468
-8.781335
-13.698067
-8.446614
-14.274645
-11.092750
-16.084997
-13.143940
-24.239748
-17.609610
-40.392097
-36.835678
-59.940647
-57.352680
-75.130676
-76.014420
-90.493172
-89.663506
-98.515259
-96.824295
-103.506485
-88.050110
-95.218040
-75.121498
-80.591324
-57.253693
-64.706345
-40.019619
-47.029381
-23.492750
-26.346046
-9.957963
-11.762193
-5.333093
-6.540334
-8.221085
-7.755739
-13.990946
-14.878773
-16.905474
-22.070183
-18.327019
-27.420620
-18.861755
-27.818613
-17.968826
-26.558310
-18.286200
-24.029531
-16.283993
-19.769995
-16.919760
-18.754604
-19.932251
-22.484503
-25.572512
-28.448259
-27.323675
-30.460669
-31.677094
-1.502927
-1.667994
-4.790582
-5.287606
-10.273348
-11.170728
-17.572762
-17.363008
-25.389261
-24.963371
-19.426798
-19.641111
-5.062352
-4.860802
11.735236
4.730390
15.060283
6.125707
4.660168
-5.846642
-21.943842
-34.280064
-47.960529
-62.179977
-68.036652
-76.669373
-77.823013
-88.322517
-80.586281
-100.903168
-95.678482
-107.367203
-104.327606
-105.667297
-103.158463
-87.598427
-86.340820
-57.504307
-55.887383
-36.388542
-30.867472
-19.583656
-16.291441
-9.733460
-9.990637
-8.593498
-8.259718
-10.797732
-9.253765
-14.275989
-12.218581
-14.812226
-20.516603
-14.590617
-21.903709
-14.813138
-13.798113
-8.609004
-10.032589
-7.187240
-10.418351
-7.541084
-9.569306
-10.097339
-7.674232
-9.789092
-8.794132
-10.831474
-13.614807
-10.483101
-16.193863
0.161419
-12.128297
7.722566
-9.218197
14.012429
3.441777
12.301571
9.851108
-0.918355
0.141356
-21.192373
-23.544346
-44.048180
-42.378357
-54.318783
-53.601982
-55.018269
-50.486691
-41.936962
-35.912491
-20.792017
-25.579863
-11.054907
-17.000044
-5.299461
-9.458047
-4.952913
-6.099260
-4.571709
-3.502879
-0.787943
0.397619
0.997696
1.728185
2.742296
1.149083
6.304452
-0.433186
2.980319
-2.023662
0.137707
-3.400739
-3.419890
-5.404337
-4.239751
-1.255783
-0.186953
-0.782469
-2.604587
-11.368624
-8.241479
-18.440956
-17.044729
-29.948204
-23.150373
-50.998310
-46.550625
-61.545246
-63.463120
-69.151093
-73.414543
-68.800896
-73.416367
-48.678261
-53.999603
-31.017033
-29.859739
-15.678597
-13.837328
-10.390993
-9.718871
-12.780355
-12.065372
-15.096760
-13.659495
-19.857246
-15.585573
-20.885952
-16.378080
-19.858160
-15.472495
-18.591433
-17.432320
-17.075739
-16.794849
-17.351152
-17.660311
-19.886431
-19.698565
-25.484108
-22.532972
-30.883884
-19.549915
-23.931021
-5.157194
-12.695539
3.168186
-3.809301
-1.452769
-0.953921
-15.686807
-13.324796
-42.086533
-42.488705
-60.584038
-68.493561
-64.389687
-75.825783
-65.732109
-82.504150
-81.444443
-94.158234
-94.992683
-98.032272
-95.682129
-96.258484
-81.065063
-80.681129
-51.580147
-54.002338
-31.658146
-37.006851
-20.078859
-26.162613
-16.786644
-19.613750
-16.596951
-19.651146
-18.635206
-21.696697
-24.448109
-25.244259
-28.238258
-26.535608
-27.406542
-23.427614
-21.258947
-13.498076
-8.040844
-8.031724
-3.687096
-9.502732
-8.066380
-11.192616
-11.503597
-10.331715
-12.153831
-12.539595
-10.593451
-13.074922
-10.939086
-8.313523
-7.278437
-5.140779
-5.324996
1.817557
-0.088462
8.469473
2.826195
7.685176
1.771047
-2.949317
-6.219642
-29.544195
-25.640963
-59.885456
-49.874752
-81.991631
-70.308365
-93.752388
-78.648346
-93.093048
-75.579559
-76.221596
-64.240112
-62.283035
-48.136539
-43.975220
-25.791443
-19.047419
-10.107369
-5.870355
-1.152731
2.993999
-1.479216
0.569070
-9.666888
-2.726793
-8.312611
-1.503840
-3.344195
0.287271
-0.564508
1.662523
0.480610
0.918355
-2.333733
-0.755112
-4.065565
-1.204713
-2.241624
-0.310070
0.926562
1.810263
1.866804
3.070604
-9.329459
-7.398814
-18.080732
-0.286496
-0.289644
-2.049549
-2.251041
-6.040555
-7.139313
-12.951091
-10.925679
-19.549946
-15.631352
-33.312256
-28.164768
-54.352398
-45.545532
-75.933006
-63.251614
-82.595879
-77.522896
-92.752327
-91.979927
-90.335472
-95.130348
-98.733063
-103.983376
-116.680527
-118.545372
-140.521606
-133.188156
-150.403091
-118.509682
-138.296783
-102.536217
-115.953255
-81.443588
-87.432716
-56.601341
-61.329044
-35.025978
-35.590580
-23.200933
-20.384245
-18.526745
-16.922157
-20.700129
-22.632137
-23.979614
-34.194832
-30.966763
-49.303562
-38.436649
-60.294304
-50.578625
-66.676971
-56.914070
-65.169998
-62.136055
-60.166283
-65.521553
-43.642902
-59.691936
-34.246246
-48.531178
-24.463406
-37.453327
-15.459243
-23.856829
-10.808143
-12.688733
-15.272445
-10.153296
-23.598669
-25.148691
-40.916466
-41.872509
-52.650211
-59.639462
-54.097389
-64.535080
-57.637135
-69.449600
-53.375381
-60.677353
-41.921829
-51.198837
-33.312256
-48.387402
-29.184822
-47.981270
-26.278933
-40.032845
-20.678087
-38.154354
-15.064656
-31.553394
-11.792515
-26.927481
-9.520485
-23.959677
-11.553243
-22.457935
-12.009748
-14.226156
-9.058732
-17.373415
-10.448188
-22.643682
-17.202356
-32.649010
-28.034639
-37.957058
-35.409023
-39.714867
-42.287029
-37.010471
-44.049034
-35.968376
-38.955070
-29.551075
-31.961622
-31.004539
-19.150110
-28.752451
-13.002513
-29.927818
-25.252581
-44.276768
-27.938097
-48.880650
-41.681503
-62.855980
-56.020996
-72.292519
-63.426872
-74.973824
-57.981346
-67.494484
-54.304123
-52.686947
-44.288307
-43.664940
-39.799866
-37.060841
-46.893009
-37.371471
-58.870224
-44.507641
-57.700096
-41.194565
-49.023361
-32.665802
-38.024223
-28.429228
-24.133883
-24.101349
-16.879131
-23.468540
-21.838766
-31.149364
-29.800838
-46.844734
-43.194794
-60.276470
-57.229950
-77.419006
-66.391525
-70.942932
-71.437218
-71.676483
-79.981728
-69.314217
-83.764954
-67.007561
-79.665855
-57.871170
-64.334625
-50.958527
-60.091774
-64.638962
-77.328758
-83.983231
-91.939003
-86.955231
-84.342133
-90.883270
-80.321739
-80.361626
-70.916695
-55.788029
-48.763103
-30.392721
-27.715609
-20.985575
-23.135870
-20.420979
-30.205919
-19.821751
-40.982578
-22.850426
-46.904549
-29.104013
-53.403709
-33.207306
-53.512848
-36.330429
-44.786789
-38.606659
-35.437363
-37.322155
-35.236923
-37.422894
-32.248127
-37.476418
-30.233206
-32.601788
-27.063908
-25.275671
-21.876545
-20.244671
-21.796787
-23.873617
-21.520788
-22.713995
-22.358236
-17.841463
-23.324766
-14.659575
-28.948698
-17.628428
-41.971153
-24.753050
-58.401119
-43.466599
-64.804787
-54.124668
-67.384300
-64.400757
-74.300079
-71.949333
-77.170296
-76.332832
-89.028923
-73.252747
-88.281723
-61.142254
-73.019768
-42.089741
-55.153114
-27.891912
-40.582745
-19.451300
-28.168962
-17.798437
-26.115219
-19.513218
-28.756647
-24.149628
-32.208244
-27.237064
-35.786827
-27.422815
-44.278862
-40.658306
-58.216423
-55.585484
-69.165184
-65.332642
-74.558235
-68.215454
-70.943985
-60.551422
-59.402290
-47.014748
-47.752495
-36.692486
-42.139061
-34.037411
-40.888138
-26.078485
-31.342463
-23.761333
-2.844171
-3.047078
-7.921013
-8.245525
-14.130521
-15.411892
-22.742945
-20.642302
-29.494463
-27.311825
-28.553591
-26.726036
-26.769121
-23.510792
-25.184084
-18.442986
-28.569569
-22.877062
-37.364052
-31.906416
-50.281998
-46.879139
-55.592319
-53.379108
-57.894482
-57.253796
-54.940514
-57.958408
-50.115917
-60.601063
-52.181114
-58.107815
-52.970520
-51.357677
-48.249447
-41.152576
-38.448772
-28.349291
-26.777458
-20.226763
-21.360819
-13.539171
-18.470087
-11.351667
-19.164280
-10.651917
-23.250908
-10.077248
-29.682083
-14.250736
-34.017479
-18.162949
-39.398682
-22.314896
-38.268101
-20.738197
-31.197632
-17.382589
-21.959118
-12.278647
-13.635763
-8.184376
-10.085585
-6.553476
-7.695175
-7.230989
-12.616364
-10.185650
-20.207998
-13.643406
-23.305805
-7.863337
-19.502689
-2.360531
-17.563957
-1.814349
-11.218250
-4.869766
-9.367073
-9.787478
-11.210606
-14.165263
-14.476573
-21.641550
-21.847931
-26.635700
-27.044292
-26.154146
-24.083380
-18.024666
-16.787071
-9.826392
-10.715847
-5.940586
-6.309570
-4.896865
-3.703746
-4.538304
-4.840580
-5.369389
-8.817418
-6.945391
-12.649023
-8.064159
-11.817243
-8.097515
-11.922171
-10.747117
-13.501649
-11.028546
-13.249405
-8.295557
-10.561582
-8.968903
-12.034046
-8.367825
-6.993340
-3.485552
-3.400080
-3.853147
-10.896517
-8.748624
-17.928078
-14.056863
-17.249172
-19.021133
-25.528049
-36.253628
-30.691753
-42.652836
-31.117720
-43.459599
-26.332727
-40.625854
-23.517050
-34.960442
-23.774157
-27.238169
-23.686605
-26.653767
-28.341648
-32.009949
-34.501122
-37.441185
-35.827660
-35.403080
-36.245289
-33.795120
-34.348942
-30.953030
-31.066294
-27.816315
-27.421618
-23.602518
-23.769293
-20.852158
-22.150206
-20.072495
-23.628929
-22.433722
-30.811975
-28.661297
-39.703045
-31.681967
-38.969234
-33.688801
-40.343727
-36.740746
-39.267349
-41.738369
-42.634769
-47.863796
-50.781616
-53.900967
-67.815376
-64.630714
-79.076012
-69.227386
-81.407364
-69.704079
-79.274055
-72.976997
-80.160042
-73.003410
-75.028999
-59.123047
-62.495327
-41.073357
-46.748501
-27.509869
-33.656834
-21.781918
-25.976950
-21.490065
-22.439980
-27.135328
-26.958826
-33.096752
-32.805599
-38.964378
-32.254551
-40.589718
-27.894838
-38.748959
-20.254555
-31.852917
-11.557353
-22.203720
-3.282645
-13.833113
0.002779
-7.475590
-0.930454
-4.811396
-2.508540
-4.915628
-2.039492
-5.138687
-2.186113
-2.812901
-1.197985
-1.356419
-2.370259
-2.001969
-2.983844
-3.371591
3.001215
0.428049
5.528518
2.247958
4.243672
2.208349
0.804679
-0.815103
-12.109790
-4.796805
-28.124842
-15.625919
-38.128429
-25.329313
-40.375690
-34.607437
-39.988640
-34.985462
-30.893969
-28.989977
-24.723370
-22.333658
-19.620817
-17.879436
-16.445887
-16.581385
-15.981698
-20.734028
-20.359484
-29.497246
-27.534885
-35.339157
-31.432503
-33.626255
-31.056570
-31.658339
-30.299145
-28.958017
-27.413277
-25.263294
-23.301634
-20.666628
-17.830793
-15.304879
-11.814463
-9.888932
-7.410966
-4.119982
-2.835833
-1.532920
-1.118767
-7.269208
-8.046788
-12.048641
-0.735260
-0.800509
-2.132406
-2.256303
-2.928598
-3.513049
-4.713940
-3.663097
-5.722636
-6.619115
-14.043561
-15.575523
-24.046497
-23.651703
-32.568756
-35.077427
-43.918316
-43.837830
-52.222740
-53.888248
-62.734970
-66.063438
-69.371109
-73.090561
-72.229622
-76.334999
-76.699333
-81.615875
-80.856743
-82.543571
-83.677940
-77.135506
-78.122620
-60.112312
-60.000099
-41.120468
-39.284603
-25.334728
-24.173443
-14.725760
-13.373807
-11.545558
-10.943083
-11.790052
-12.244766
-11.480056
-14.662540
-11.473200
-16.791391
-12.863236
-15.081203
-12.795957
-15.122334
-12.559841
-15.389932
-13.967904
-14.920490
-15.879427
-12.839119
-15.938837
-11.386117
-15.411510
-8.549679
-13.173997
-7.019243
-10.693256
-9.866089
-9.808203
-12.366632
-10.235497
-7.218799
-8.554249
-9.032066
-10.134703
-8.943713
-15.336868
-14.445722
-20.584227
-19.218563
-29.329401
-24.019079
-34.755493
-31.727882
-39.427296
-35.504971
-38.967247
-35.669998
-34.035213
-28.545139
-24.522032
-20.842941
-16.135345
-15.966256
-10.603379
-10.721946
-8.609851
-7.216514
-7.738000
-5.313623
-5.381665
-3.998483
-4.973667
-4.552975
-5.376334
-6.109308
-7.203820
-7.579574
-11.159650
-10.787703
-11.866981
-10.653902
-9.241271
-8.889889
-9.540858
-9.821913
-11.966760
-13.090975
-14.835441
-16.336933
-18.989559
-23.887564
-26.197186
-30.636164
-33.339817
-35.269115
-39.574036
-38.307388
-45.980141
-40.369469
-44.592896
-33.390087
-31.764692
-25.643709
-25.341581
-17.976542
-17.878288
-15.757308
-13.897069
-14.190817
-14.704942
-17.121956
-16.804340
-18.431513
-18.673719
-20.193237
-19.337130
-18.615326
-18.478224
-16.630430
-17.309834
-15.389677
-15.438678
-12.903352
-13.546959
-11.921313
-13.047053
-10.410171
-10.878594
-9.050855
-10.196144
-11.218297
-13.706146
-14.330964
-21.030310
-21.658937
-24.945263
-28.094997
-30.755745
-36.702816
-38.830399
-47.429085
-45.871731
-58.222870
-51.976471
-68.398705
-59.255184
-71.756630
-64.045540
-70.124390
-62.285336
-65.748619
-58.444016
-61.939796
-56.619320
-57.680313
-43.608822
-44.767323
-29.834387
-32.716015
-17.372288
-20.466930
-11.338895
-13.054923
-11.571455
-14.461717
-13.495420
-17.648520
-17.225544
-19.772291
-21.624407
-22.815142
-22.326660
-20.948048
-23.476517
-19.373945
-21.714029
-17.700314
-18.695808
-14.049402
-15.044135
-12.568473
-13.926013
-13.620838
-14.005225
-10.852952
-11.564345
-7.620957
-9.875738
-7.695347
-9.220705
-6.467798
-8.298838
-5.717813
-6.780334
-2.905748
-5.481697
-4.416636
-7.648885
-11.836260
-12.912746
-20.249855
-21.191275
-29.476912
-28.834827
-47.997791
-43.579880
-60.732563
-55.078728
-65.353828
-63.946278
-67.381378
-65.112892
-64.724693
-59.861977
-57.317009
-43.942436
-44.321747
-28.569513
-33.483772
-19.302853
-22.061350
-13.853654
-15.786758
-11.245209
-13.873711
-13.328615
-13.555335
-11.920806
-13.143785
-10.805984
-13.479931
-10.955014
-13.622363
-11.314775
-13.298654
-12.527343
-12.767776
-11.479548
-11.540735
-9.959520
-9.626418
-9.204203
-9.248633
-10.051172
-11.242416
-12.781486
-14.712811
-21.453794
-23.042625
-30.237051
-0.711346
-0.791640
-2.452153
-2.658422
-4.836020
-5.383481
-7.238255
-6.922021
-8.426656
-8.183889
-10.424358
-9.269863
-12.758778
-10.373497
-14.953800
-14.765661
-19.918385
-21.360384
-31.286497
-36.179028
-42.379581
-47.593525
-47.636143
-53.801373
-53.965492
-55.665806
-57.772995
-58.953861
-57.161259
-50.337894
-49.752522
-38.735962
-37.467503
-29.860741
-27.898119
-22.621780
-22.022282
-18.028763
-16.891691
-12.727459
-12.072391
-7.782654
-8.547215
-3.774300
-6.171588
-4.437846
-9.378651
-8.767846
-15.301584
-12.974701
-18.016048
-16.048958
-19.469822
-18.198301
-17.868410
-17.389471
-13.778819
-12.743707
-9.838753
-10.694202
-8.254765
-10.560928
-7.150897
-9.399369
-4.077816
-6.474164
-6.086114
-7.606289
-9.880899
-10.144624
-11.689758
-9.437045
-13.104677
-10.914599
-13.018497
-11.058705
-11.693525
-16.850489
-16.359537
-23.401884
-20.890862
-25.957167
-20.953968
-21.618460
-19.387171
-19.140871
-16.524128
-16.653164
-14.537024
-12.617262
-13.129637
-8.722637
-10.619326
-6.385157
-6.436959
-5.426571
-3.091917
-5.573032
-3.775713
-4.471282
-5.376888
-6.316401
-5.188279
-5.761169
-5.764467
-6.454385
-7.021625
-6.404230
-8.018828
-8.913131
-7.164554
-8.584418
-7.725906
-9.392305
-9.753511
-10.246579
-10.467683
-10.236925
-12.024120
-10.919780
-10.772848
-11.849639
-11.345033
-14.367957
-21.254658
-23.865519
-24.189756
-28.747686
-23.308401
-29.183773
-22.597763
-29.652119
-24.195877
-29.557932
-20.167509
-20.307611
-16.987057
-14.059967
-15.698112
-13.240542
-12.015642
-8.763373
-11.661737
-7.235663
-10.750715
-5.815799
-9.655794
-6.877754
-7.289115
-6.287674
-5.706542
-5.322023
-3.494094
-3.753814
-3.849178
-5.696416
-5.636372
-8.163639
-7.698828
-11.431920
-10.364785
-12.570403
-11.708123
-14.299202
-13.589742
-14.638511
-17.205336
-18.938843
-22.876085
-24.453716
-27.713520
-34.691349
-37.273239
-40.055046
-46.153645
-40.923450
-49.255447
-42.509090
-51.557610
-47.118820
-54.368843
-45.614662
-48.392464
-39.436237
-37.239101
-31.278252
-30.187805
-23.179605
-23.251184
-15.766397
-17.524628
-13.401366
-14.783084
-10.535498
-14.787795
-8.639282
-13.335200
-9.496147
-15.094137
-13.619644
-15.772520
-14.553505
-12.079219
-13.501911
-8.402167
-10.909184
-9.752570
-9.948950
-7.995280
-7.674339
-6.891411
-8.763610
-7.030807
-8.756310
-8.570056
-7.484553
-7.558724
-6.656887
-8.298091
-7.105922
-7.901329
-5.802141
-9.175205
-6.488056
-9.751628
-8.769495
-8.762903
-7.458652
-14.575404
-11.569198
-22.988640
-20.104639
-30.007202
-27.998199
-34.669922
-32.203167
-37.953041
-36.593212
-40.799358
-34.984978
-41.711090
-30.935646
-39.232796
-25.779156
-27.420597
-18.992294
-20.031406
-15.271444
-15.287457
-13.180734
-11.499499
-11.588035
-11.162548
-9.548656
-9.780118
-9.150481
-10.118957
-11.200928
-11.219527
-9.872422
-10.782739
-9.506507
-11.258381
-10.964990
-12.965282
-10.655586
-11.445813
-10.953451
-10.861384
-11.430507
-10.413527
-11.039867
-10.173114
-9.672748
-9.816853
-10.725519
-12.000809
-10.597897
-11.510801
-13.216289
-2.475245
-2.762254
-7.035252
-7.800972
-13.328748
-14.907023
-22.529362
-24.309687
-33.226021
-35.823257
-31.884100
-36.398903
-27.218443
-33.613235
-26.736460
-33.475994
-27.839844
-33.657894
-24.025402
-31.988125
-30.926680
-41.610264
-43.646015
-53.043781
-55.498871
-57.371239
-62.193199
-60.656311
-64.678253
-59.287163
-65.837723
-53.706020
-57.910397
-42.309540
-45.505310
-32.066547
-34.366978
-22.861029
-24.316223
-21.534910
-23.259140
-22.871920
-23.818995
-23.326124
-24.688194
-21.310528
-22.948166
-17.377365
-19.969162
-14.634719
-12.149125
-10.077434
-6.577780
-6.113775
-2.677840
-4.477773
0.904049
-1.228636
2.041193
0.195514
0.094217
-3.994159
-3.041639
-7.153433
-4.884593
-6.261909
-7.160512
-6.727547
-11.201508
-11.006536
-14.251315
-7.046144
-11.448760
-4.269731
-10.480445
-9.493069
-11.270126
-14.146206
-18.413214
-18.825480
-18.770473
-23.896330
-21.442326
-28.457426
-26.205471
-29.290134
-30.397324
-27.450445
-25.138037
-18.008022
-16.555553
-9.488168
-9.543174
-6.953016
-4.668929
-6.909448
-1.158927
-6.721557
-0.863749
-7.899548
-1.435588
-4.943954
-4.121052
-4.440737
-4.521884
-4.126498
-2.830875
-2.671849
-2.824339
-1.822804
-2.854837
-2.565106
-3.151649
-3.908111
-5.133480
-7.656650
-8.976781
-13.107092
-17.578873
-20.424450
-22.807655
-22.337662
-24.503025
-24.290628
-30.271515
-27.809887
-34.047283
-32.455399
-29.892467
-29.778645
-29.555359
-28.376823
-28.557087
-29.737799
-20.194624
-22.766813
-21.617144
-22.960148
-27.345335
-25.657597
-32.080704
-28.981340
-39.520058
-31.902073
-41.392960
-31.553522
-40.303749
-31.171751
-38.831131
-31.812756
-35.956684
-32.121559
-30.444157
-29.856524
-27.368208
-30.333603
-29.415937
-33.316425
-32.325237
-38.594765
-37.531693
-46.628826
-46.228004
-42.194084
-41.488277
-34.353355
-32.705368
-32.900890
-30.514956
-34.195965
-30.990402
-30.662003
-25.981091
-38.304493
-32.111202
-48.449463
-43.070904
-47.173981
-44.159031
-42.997932
-43.410736
-42.626503
-43.638382
-37.424950
-39.584320
-33.590904
-36.504559
-28.354494
-32.851322
-22.985743
-26.203836
-24.644621
-28.278795
-29.421926
-36.043278
-36.334099
-45.266769
-46.038475
-55.327312
-52.050945
-56.810833
-51.791718
-52.368458
-46.889153
-42.604172
-38.619816
-30.334146
-27.409054
-19.312359
-16.792458
-12.083773
-11.383406
-8.659819
-6.768939
-6.438906
-2.046639
-3.587336
-0.337113
-4.861175
-2.099466
-4.925439
0.110556
-5.898109
-0.224379
-7.395238
-1.888702
-5.015299
-0.390484
-7.200813
-0.191158
-13.659868
-8.040054
-19.799242
-15.499556
-27.429749
-22.461288
-35.649525
-30.869497
-39.987331
-38.309940
-44.574570
-43.461388
-43.442333
-43.012634
-38.114422
-33.307167
-29.796074
-22.477625
-21.704281
-10.808299
-12.024953
-3.742549
-6.944303
0.423706
-3.880335
0.854491
-4.763145
0.164471
-5.745075
-0.330578
-7.614714
-1.333746
-9.454946
-3.370038
-11.225471
-4.729926
-11.782604
-6.891476
-11.814737
-7.350581
-10.165117
-7.488367
-8.633135
-10.160759
-11.461829
-16.949305
-19.696312
-21.170019
-25.182695
-21.714083
-3.424860
-3.780501
-9.726577
-10.640138
-16.959040
-18.633459
-24.428818
-26.532917
-32.243664
-36.157036
-37.702549
-43.460232
-44.639523
-50.957771
-56.807331
-62.844635
-66.594070
-73.612350
-82.857689
-89.537529
-98.503899
-102.825134
-105.341728
-108.687927
-104.861816
-110.124367
-107.929039
-110.562645
-110.889854
-101.632622
-106.836349
-89.034477
-93.374222
-71.695992
-73.002205
-51.749699
-51.504452
-37.314518
-35.486073
-31.312912
-33.194904
-28.691221
-30.766891
-26.232143
-31.191280
-25.880468
-34.776779
-25.980284
-36.449211
-27.135126
-28.242373
-24.838005
-22.070881
-19.389034
-15.489545
-13.205645
-9.004718
-6.133812
-5.289661
-2.400245
-8.451426
-7.798977
-8.429611
-9.327969
-11.098241
-10.817958
-18.924316
-12.483124
-23.250841
-13.126318
-24.614573
-13.567893
-19.790945
-15.328910
-17.384089
-20.605349
-22.139631
-30.980408
-32.117401
-46.824272
-40.998505
-56.501270
-46.564484
-58.756744
-49.447289
-53.132595
-47.846901
-44.540375
-38.324589
-31.390255
-27.899952
-23.780996
-21.737053
-16.806339
-16.302624
-13.297529
-12.905530
-11.641618
-9.615521
-10.394230
-8.922090
-11.958917
-10.164848
-10.423316
-10.759126
-9.302189
-15.585395
-11.328943
-16.801712
-9.448940
-12.317203
-10.155594
-12.176400
-10.738633
-13.025841
-15.299164
-16.314524
-20.789782
-23.630939
-26.489944
-28.221878
-29.459352
-33.639122
-36.911282
-45.653564
-52.528404
-50.990166
-63.104424
-49.416882
-59.657085
-44.471622
-49.383827
-33.428249
-36.694462
-22.244736
-22.704163
-18.513153
-21.020483
-26.240074
-26.226852
-34.031124
-34.423119
-45.752056
-42.652435
-51.155418
-45.498882
-50.545940
-46.336430
-47.906403
-43.778854
-42.549313
-38.557281
-35.523094
-35.109940
-34.542770
-38.932087
-36.885498
-40.408855
-37.526051
-41.308537
-39.129738
-45.685959
-44.445183
-43.471466
-46.773369
-46.134148
-52.149632
-54.278847
-64.197136
-65.032684
-74.307114
-76.633987
-91.332916
-82.143112
-104.379250
-90.741280
-107.348648
-94.516495
-102.706810
-96.114899
-98.369057
-85.366348
-85.514427
-72.329277
-72.292908
-61.125923
-61.826626
-46.730404
-49.768555
-36.869633
-40.898689
-34.940052
-38.980343
-37.498287
-42.647148
-45.586796
-48.316246
-59.186424
-60.173363
-72.924866
-62.647640
-74.745377
-58.592804
-73.050468
-53.588718
-63.978985
-46.830883
-52.563442
-34.583752
-39.868786
-29.417706
-34.046986
-25.404518
-27.201893
-20.972889
-20.232523
-13.917586
-13.622762
-11.752011
-9.551400
-7.449286
-4.616058
-7.941762
-5.430463
-7.422183
-7.223209
-9.920924
-10.719462
-19.106106
-20.250370
-32.080387
-33.337025
-50.064037
-48.949524
-73.870163
-69.053810
-88.888382
-81.470825
-95.010284
-86.872208
-94.550217
-83.401077
-82.088249
-72.712013
-68.080093
-54.333710
-52.611038
-36.909298
-38.373508
-27.731384
-27.042580
-21.497759
-19.898035
-21.046928
-19.824001
-23.938984
-21.616747
-24.656219
-24.188860
-25.048878
-25.602169
-23.802147
-24.215302
-20.781189
-19.993221
-15.744706
-15.593331
-10.242190
-11.487595
-10.617662
-11.100223
-13.111115
-12.480479
-17.161982
-17.821039
-24.553093
-27.117939
-29.253107
-31.989820
-36.889462
-0.444543
-0.450642
-0.199231
-0.099277
0.126722
0.416081
-0.581090
0.544497
-1.347860
-0.465212
-4.137091
-3.166011
-8.797675
-7.724267
-15.511895
-16.756748
-20.244986
-22.730967
-25.466667
-27.398664
-28.547291
-31.552359
-30.096754
-36.058102
-33.256332
-39.184464
-37.944359
-40.660065
-38.166630
-35.758915
-35.840237
-32.923256
-32.819580
-28.474442
-27.511494
-25.454466
-24.789347
-16.610374
-15.043974
-6.978845
-5.713999
-3.207009
-2.346047
-1.907264
-1.662969
-1.281449
-1.035798
-1.444764
0.867739
-2.993886
-1.971641
-5.504265
-6.868047
-6.163626
-10.077089
-6.336088
-10.910946
-8.329414
-8.278252
-7.898426
-5.728231
-8.301631
-5.184072
-7.780174
-4.952313
-7.935696
-4.671763
-6.852123
-3.209381
-6.129403
-2.756029
-5.166791
-6.084000
-3.718978
-7.573488
-2.872247
-7.574506
-7.256345
-11.713292
-10.984472
-11.240965
-11.078326
-10.160780
-9.542758
-9.828053
-9.109060
-12.804994
-12.857514
-11.795964
-10.758473
-10.475891
-7.366125
-8.667565
-5.043119
-5.204401
-2.483272
-2.426010
-2.278280
-0.761008
-3.013877
-0.838261
-1.077135
-1.421046
-1.907942
-1.880497
-2.352145
-1.685670
-3.113153
-0.108764
-1.948262
-0.347299
-3.809785
-4.577231
-5.779393
-8.269103
-9.047053
-9.433994
-8.525934
-10.114699
-10.340020
-9.639664
-8.918636
-8.953535
-9.766047
-9.036884
-11.254179
-4.859813
-5.139348
0.631576
0.280889
-4.458640
-4.422047
-12.765354
-14.494394
-13.797423
-12.514282
-10.001869
-9.082291
-7.020520
-6.818579
-3.833503
-4.488458
-4.924530
-5.587277
-7.764586
-8.787170
-8.613013
-9.678288
-8.562189
-8.668919
-8.798693
-8.091558
-7.241775
-7.582976
-5.304358
-6.050456
-4.436617
-6.427232
-5.725520
-8.084442
-7.963140
-10.869946
-11.583520
-15.664368
-15.549166
-22.437542
-21.188280
-29.321514
-28.580837
-30.414915
-36.011677
-30.346130
-39.588684
-28.604557
-39.433510
-27.880138
-37.428322
-26.388617
-35.969322
-23.046755
-31.486282
-21.504072
-24.813404
-18.123241
-18.777519
-17.590609
-18.081566
-17.628216
-18.093086
-11.216570
-11.514061
-5.194914
-5.454118
-2.542567
-4.366479
-1.121860
-3.560068
-4.456945
-4.476938
-6.874487
-5.513072
-7.111667
-8.930157
-7.016454
-9.172081
-6.598681
-6.108058
-4.804584
-5.919668
-4.166232
-4.873705
-5.165436
-4.844566
-5.960327
-5.164420
-5.888495
-5.418880
-5.922040
-6.058248
-6.900237
-7.806602
-7.191629
-5.852241
-5.844448
-7.010695
-5.981335
-6.532947
-7.002901
-7.021198
-8.014643
-10.063875
-10.331889
-12.478026
-12.693184
-14.318879
-16.637821
-20.369001
-22.250509
-22.336233
-25.677761
-26.023361
-26.143984
-24.152355
-25.953224
-23.045059
-19.986460
-20.762035
-14.311090
-17.337841
-7.708681
-9.418747
-1.848308
-3.537028
2.361632
0.625816
3.154491
1.581311
1.839498
1.577246
1.492877
-0.159927
0.305284
-1.125587
-0.041337
-2.041440
-0.731530
-3.760654
-4.626023
-6.290346
-8.652657
-8.398536
-9.795523
-8.973866
-8.466300
-8.887803
-9.507182
-10.773382
-9.487867
-10.300038
-10.735771
-2.388848
-2.596757
-4.809723
-4.978780
-6.501868
-7.074141
-8.603529
-7.282575
-8.734785
-9.653048
-14.522099
-15.966434
-25.297644
-27.143620
-45.538277
-48.313538
-62.859787
-64.160789
-78.710716
-80.544090
-86.960907
-90.311073
-85.685104
-88.224632
-81.001907
-80.173424
-79.730301
-79.547066
-78.144211
-77.266380
-82.054047
-73.378067
-76.783882
-65.632957
-65.037048
-52.426033
-48.841190
-35.054115
-30.830845
-24.627192
-21.949579
-17.090506
-15.994259
-12.875630
-17.379265
-12.202553
-22.212091
-14.329414
-27.377779
-18.360531
-28.212561
-21.486509
-30.574108
-23.893209
-26.182831
-22.096062
-22.999620
-19.627409
-17.763580
-16.040462
-16.257298
-14.227036
-12.887707
-14.054829
-10.504108
-12.814729
-15.257652
-14.904840
-19.703537
-13.317699
-15.188352
-11.515825
-12.353233
-12.305982
-13.255746
-16.797018
-15.563217
-25.359592
-20.931562
-36.856514
-28.286068
-42.907387
-33.116264
-45.761410
-35.474133
-43.128426
-36.147217
-39.574028
-33.451752
-30.386675
-27.500635
-21.681293
-22.221540
-15.974833
-17.264288
-13.330299
-11.583027
-10.581811
-9.549093
-9.424137
-8.899642
-7.406480
-8.600379
-8.530027
-9.065024
-10.452656
-13.665789
-15.092272
-15.155275
-14.417620
-15.059719
-12.932858
-15.574767
-11.330492
-14.850237
-11.406096
-11.878089
-11.273790
-12.132199
-13.989201
-18.100645
-19.968672
-27.651312
-30.668089
-35.007912
-41.053017
-45.784512
-60.736080
-49.911709
-62.382019
-47.634682
-55.441757
-41.318676
-46.285908
-29.851679
-31.133781
-23.756702
-21.582064
-20.752531
-18.556364
-23.663776
-21.793123
-28.814236
-27.029163
-30.458078
-27.868149
-29.308283
-27.215544
-27.109491
-23.653801
-22.907219
-18.726997
-18.035017
-15.206726
-15.171551
-15.048169
-14.362492
-15.992157
-15.816801
-19.121813
-17.391340
-22.663609
-19.105536
-23.722578
-21.777374
-29.363935
-33.314720
-40.413010
-53.377369
-51.144455
-68.097931
-64.035316
-86.434830
-62.369946
-95.594360
-69.309143
-92.701500
-68.218163
-77.778282
-66.971756
-67.716766
-67.174934
-62.834587
-65.308495
-59.413544
-61.191269
-57.356506
-49.620316
-48.301468
-34.223007
-33.658611
-26.087801
-25.314968
-21.912304
-20.685850
-23.519394
-21.876602
-30.044889
-30.908022
-39.687431
-35.176445
-43.720650
-36.177139
-46.157799
-34.015625
-43.644524
-30.380377
-39.154015
-25.957067
-32.987106
-24.871325
-29.983459
-24.797823
-26.152903
-21.522736
-19.824291
-13.557634
-13.499881
-11.801437
-13.010561
-7.739869
-10.297774
-4.837024
-8.741611
-2.758463
-7.274175
-1.515213
-6.814780
-6.250382
-12.778502
-15.924955
-19.058287
-28.877237
-31.817362
-51.456314
-45.285217
-62.104286
-53.847267
-66.886703
-60.654701
-70.415382
-64.065758
-66.199982
-60.131248
-55.492683
-47.823696
-45.407017
-32.087749
-34.717583
-21.338980
-23.090979
-18.229275
-19.622683
-19.956072
-19.734514
-26.020071
-23.255308
-30.549431
-25.671459
-27.443405
-25.955490
-26.772955
-26.398613
-25.818464
-23.722052
-21.526934
-19.872595
-17.762529
-16.057787
-13.627988
-11.117859
-10.467882
-8.914343
-8.271716
-9.348536
-9.540169
-10.610687
-16.448402
-16.304546
-27.398251
-4.175488
-4.568737
-11.498501
-12.395384
-20.277222
-22.039558
-30.036385
-29.153297
-37.878361
-36.663353
-33.140209
-32.814419
-23.841753
-25.845564
-25.420124
-29.906063
-26.611361
-35.033630
-42.497692
-51.910362
-60.193882
-70.232841
-74.990166
-80.684212
-86.932503
-89.808662
-97.294189
-97.366241
-107.057182
-95.319519
-109.628242
-84.490211
-94.551399
-62.763412
-67.971474
-42.423332
-44.553623
-29.653099
-29.965090
-23.036860
-23.469975
-20.531717
-17.454723
-18.251951
-12.853790
-10.559458
-7.652637
-6.630801
-4.199251
-7.416532
-0.442307
-2.395520
-0.531231
-0.562662
-0.225371
-2.843196
-1.829795
-6.517350
-5.296977
-9.673306
-11.384283
-15.729949
-10.505031
-14.021273
-8.696700
-8.918237
-10.491998
-7.006419
-17.578140
-7.282383
-22.243464
-7.293115
-18.152298
-6.702859
-13.240140
-10.440639
-9.189601
-17.207123
-14.728810
-35.072727
-29.187794
-48.394886
-37.390057
-51.877407
-39.767181
-48.020035
-40.192623
-43.335548
-30.188931
-31.367907
-19.167999
-24.896551
-12.250502
-18.484222
-8.219895
-12.704310
-6.485154
-11.854187
-4.824770
-10.387746
-3.737013
-4.277442
-1.070894
-1.197377
1.092358
-0.518965
-2.384022
-3.165153
-6.311910
-4.932856
-8.239825
-9.529192
-12.688979
-12.300330
-16.633730
-17.944559
-20.141537
-23.625587
-28.892666
-30.609009
-29.659233
-29.682997
-27.035271
-28.132999
-33.772625
-38.446384
-43.740299
-55.482567
-51.353065
-60.648457
-55.547726
-58.337261
-50.642460
-49.596096
-36.726974
-39.443687
-22.881248
-28.141430
-17.968321
-19.680065
-19.080610
-21.456202
-22.715668
-22.079420
-23.709906
-19.027718
-19.381872
-17.210957
-16.621469
-18.058783
-14.673622
-19.302916
-14.918922
-22.768564
-20.058748
-29.686829
-28.419691
-39.391560
-37.753407
-47.275700
-46.970604
-55.133007
-56.758896
-49.179089
-51.889671
-36.490105
-43.830750
-33.108784
-49.445087
-36.704750
-49.679653
-42.782856
-56.062855
-44.339752
-64.833908
-59.916389
-67.341354
-64.662979
-64.317245
-73.980591
-71.401077
-79.093582
-75.439362
-71.790512
-67.936211
-55.415871
-53.480289
-39.516514
-40.926228
-30.546915
-32.346813
-24.792299
-28.231115
-24.196678
-28.844366
-27.640095
-31.278221
-26.476448
-33.589417
-28.372927
-30.460293
-21.986664
-26.678057
-17.307543
-23.013098
-14.224410
-19.462360
-11.328324
-18.458158
-9.752262
-14.765607
-8.498158
-11.463239
-9.871847
-9.323751
-7.209561
-6.741955
-5.600536
-8.833915
-5.549942
-7.887205
-3.592131
-6.792548
-0.866987
-5.038642
1.350690
-2.869259
2.886890
-6.742721
0.157913
-19.864042
-12.652182
-40.094505
-33.429207
-68.341728
-57.379047
-81.931412
-70.885193
-87.492867
-78.926483
-90.239464
-73.704613
-77.157234
-61.254047
-62.687527
-42.687031
-45.255798
-25.455379
-31.107277
-11.010199
-17.381899
-2.179347
-8.810151
0.364120
-5.887999
0.606355
-4.997249
-0.820992
-4.878428
-0.889216
-8.610845
-5.595171
-14.511107
-13.306066
-19.988228
-16.868299
-22.122347
-15.387294
-19.396437
-14.119392
-17.127399
-12.710442
-15.706185
-15.112864
-19.423267
-23.855555
-29.055944
-26.601397
-31.785686
-28.389029
0.227384
0.132381
-0.931859
-1.534064
-4.563775
-5.733921
-10.280564
-13.982562
-20.674301
-23.334379
-27.228468
-28.673756
-28.857012
-27.028591
-23.643269
-19.183844
-12.292759
-7.342222
-3.445024
-1.329520
0.466705
-1.380399
-1.244380
-8.085632
-7.761168
-14.295086
-17.164902
-23.073769
-22.652227
-24.748524
-26.225998
-26.118019
-27.061817
-27.680117
-28.801979
-26.697382
-27.508282
-24.977983
-24.243401
-23.087269
-23.968773
-19.957884
-22.642889
-15.880027
-20.346720
-11.325075
-14.930515
-5.418801
-8.069019
-0.052433
-5.769740
-1.881370
-5.521591
-3.325103
-3.883698
-4.492134
-4.134963
-5.495634
-2.316930
-5.208029
-2.399472
-2.264497
-1.603628
-0.288124
-1.418814
-0.663463
-0.605319
-1.895906
2.594670
-3.784024
-0.933936
-5.611922
-0.861256
-4.727305
-1.574556
-3.248789
-3.492266
-4.563773
-3.420106
-8.406982
-3.501612
-14.215658
-8.198286
-18.749842
-12.380491
-24.119843
-14.601380
-23.626141
-18.634590
-19.481312
-16.922981
-13.486263
-12.014496
-9.314440
-7.870708
-6.434761
-4.108487
-4.326007
-3.164688
-3.781428
-3.479288
-3.465271
-2.754046
-2.784676
-3.259691
-3.666178
-3.032826
-3.922635
-1.959241
-2.000772
-2.226080
-1.708495
-1.984678
-0.197274
0.262686
1.213234
1.143150
2.710439
3.260210
4.470329
4.319777
3.415433
-0.139649
-0.179623
-6.186093
-3.892007
-9.160774
-1.083448
-13.941552
-7.330799
-16.203970
-11.419041
-15.424735
-12.873154
-16.392937
-13.893787
-17.915581
-19.983841
-23.063908
-26.161106
-28.537220
-30.499054
-33.017410
-34.256088
-33.280106
-33.496063
-30.195877
-30.171473
-26.790306
-24.268835
-22.308556
-18.359444
-18.965286
-15.437718
-15.952187
-13.868872
-16.187876
-13.855371
-18.420704
-16.288071
-22.271694
-19.791758
-26.011593
-17.530376
-28.893871
-16.816038
-31.933443
-5.741188
-26.631969
7.704582
-11.854602
9.892243
-4.257481
8.010876
0.132379
8.191017
4.602191
2.447754
3.309526
-1.940553
-0.924590
-2.957031
-1.780136
-7.753381
-7.851500
-17.005005
-16.808250
-21.605639
-20.464569
-24.184219
-22.888439
-26.573307
-24.697649
-31.119951
-27.862854
-34.844273
-30.720209
-37.457630
-33.092167
-37.798710
-28.902180
-31.561739
-23.307903
-25.978371
-15.660431
-19.388903
-9.590106
-12.942201
-5.940539
-8.104839
-5.021138
-5.343524
-4.342620
-4.455793
-2.979355
-4.025425
0.218040
-2.528220
2.765468
-3.662025
2.326793
-6.592062
3.963128
-5.862147
2.621147
-4.228928
0.517584
-5.930675
-3.482402
-7.760650
-6.112375
-6.937810
-9.195041
-9.052275
-15.490149
-15.640702
-23.523869
-22.423286
-32.723061
-28.568371
-41.760792
-33.041813
-44.847618
-29.630533
-36.926029
-21.802912
-29.112949
-14.373997
-21.055351
-6.642937
-13.473286
-2.432179
-8.151043
-1.072547
-6.958056
-1.231922
-6.523535
-1.180008
-4.217507
-0.662425
-2.274360
-1.234520
-0.909537
-0.784423
0.270993
-0.315637
0.965604
-0.252303
0.317715
-2.027767
-0.946915
-0.757428
0.038417
0.330174
0.491627
1.393895
1.271378
0.831145
1.909922
-3.361963
-0.693410
-0.745928
-1.358372
-1.430585
-2.326684
-2.815490
-4.189726
-3.652231
-6.329586
-6.135649
-9.062195
-8.578585
-9.403564
-10.215962
-13.049779
-15.428433
-20.475416
-22.587650
-25.532795
-28.755030
-29.693527
-34.552040
-34.734219
-36.430950
-36.585495
-38.940079
-40.042427
-42.318226
-41.106209
-40.445343
-39.702148
-36.888844
-35.779938
-26.596842
-27.198343
-20.732813
-20.863562
-11.819969
-12.477271
-10.290364
-9.243820
-9.813593
-9.443228
-6.309891
-8.226821
-7.381326
-10.962437
-9.854897
-14.221052
-9.923007
-12.705397
-8.812732
-11.058174
-8.465342
-8.247062
-6.883219
-5.901777
-5.643835
-4.993370
-4.700963
-4.633125
-6.950235
-5.407775
-6.536651
-3.706118
-6.763684
-5.831753
-6.631293
-6.580690
-5.667632
-3.912088
-4.267137
-4.887785
-4.304884
-8.657090
-10.210492
-11.607431
-13.709270
-13.151259
-15.433632
-13.517521
-15.506117
-15.162284
-16.934517
-18.012785
-18.337471
-17.525349
-16.370487
-16.383341
-10.265471
-11.431003
-7.537240
-7.683582
-6.698310
-5.234627
-5.508436
-2.810292
-3.903336
-2.255291
-1.886567
-2.520072
-2.125636
-3.760004
-5.207274
-4.835814
-5.570254
-4.063080
-4.806820
-5.297267
-4.910489
-4.155261
-4.610695
-5.068045
-6.684360
-7.113262
-7.566234
-8.504731
-9.845323
-10.673586
-13.588640
-17.401438
-18.125483
-21.989157
-22.119905
-22.610903
-23.414268
-21.120956
-24.182354
-21.602104
-24.572687
-17.344543
-18.876333
-17.941395
-17.398155
-12.094049
-11.156648
-10.274771
-8.864975
-9.263515
-7.003027
-8.699760
-7.814057
-10.163991
-9.422713
-10.459682
-8.267304
-9.459641
-8.581868
-9.428457
-10.731848
-10.943017
-11.492819
-9.176805
-9.715121
-8.660646
-10.795308
-10.364492
-12.905900
-11.531391
-13.070020
-11.058995
-10.746620
-11.070210
-9.884439
-11.849236
-10.290637
-12.440891
-13.082876
-15.404636
-22.649195
-21.430048
-25.526505
-25.371412
-28.314640
-32.103638
-33.044048
-37.657207
-34.772785
-37.213257
-38.650959
-39.732788
-37.346470
-39.705978
-34.288898
-34.918850
-22.860910
-23.235655
-18.422266
-18.635620
-11.091820
-11.521814
-9.241907
-10.453391
-9.441586
-11.771006
-7.417704
-12.723726
-11.167040
-14.980383
-13.655930
-16.666996
-15.552344
-13.096005
-13.868195
-9.194036
-11.090452
-10.486761
-11.470117
-8.026046
-8.228735
-6.719646
-7.870678
-7.251123
-6.297582
-5.386986
-5.681036
-4.972308
-5.725622
-5.420084
-5.467953
-5.387807
-5.405039
-5.666539
-6.163550
-5.641920
-6.227831
-9.131672
-8.138195
-12.670386
-12.251333
-14.920754
-14.163338
-16.849443
-16.174362
-23.101624
-21.463150
-26.777376
-24.929375
-29.310305
-27.896952
-31.759806
-29.324528
-30.079483
-27.753620
-26.323309
-21.444822
-18.985201
-14.604274
-13.369815
-10.214867
-9.614186
-10.160436
-9.462376
-8.815740
-8.321463
-6.982786
-7.695616
-7.175081
-7.941798
-5.776773
-7.599880
-6.481398
-8.519775
-7.733364
-8.732038
-6.515041
-6.127444
-5.708663
-5.182383
-5.388354
-4.382021
-4.676344
-4.113410
-4.503744
-4.591275
-7.583193
-8.313805
-13.964478
-15.319019
-19.839174
0.431245
0.446927
1.545427
1.485052
1.830832
1.670880
0.839752
-0.730765
-1.568165
-4.292851
-4.473191
-8.696259
-12.575114
-17.201200
-23.505224
-24.406137
-27.398190
-26.666645
-24.593529
-25.771219
-27.386433
-29.674387
-34.875202
-40.421013
-42.163246
-48.353573
-45.439930
-50.138935
-44.736610
-39.347607
-35.794147
-25.571281
-24.784842
-13.980186
-15.069281
-7.725564
-7.084971
-1.204349
-0.223464
-1.524256
-0.791924
-7.885517
-6.693712
-10.527091
-10.325584
-11.678123
-7.989016
-7.326466
-0.794275
0.600607
4.920900
6.060956
5.022831
6.696064
4.267760
5.911196
2.184452
2.157795
-4.244239
-4.109376
-8.086242
-4.988332
-7.443295
-1.914729
-5.629712
-1.352542
-2.345974
-1.984513
4.866799
-1.655982
6.879539
-1.456824
6.244432
-5.013422
3.159068
-5.784959
-4.372828
-10.029199
-15.413493
-11.180233
-19.380949
-16.964411
-22.476507
-19.253143
-23.221384
-18.952841
-20.758581
-15.165721
-16.747215
-10.158572
-12.153276
-6.266386
-10.608635
-3.366066
-8.012538
0.237577
-6.312647
2.178181
-2.605506
2.182101
0.265804
1.057727
0.056454
1.750072
-0.695481
2.030774
-0.732333
3.742426
1.625404
3.754187
2.589825
0.395178
-0.424973
-4.415168
-6.525133
-9.326659
-13.558353
-16.907953
-22.180124
-21.650869
-24.203840
-20.626858
-19.920397
-17.961761
-18.233837
-14.634899
-10.621964
1.924139
3.049297
13.809261
9.405853
17.451323
14.173857
19.873354
16.929907
19.515028
10.023708
8.039981
-0.755855
0.472017
-7.919232
-6.637258
-11.246095
-11.072028
-11.202971
-10.577272
-13.308231
-12.833076
-14.774466
-15.852579
-15.567957
-15.811022
-14.859929
-16.787205
-16.849150
-22.839537
-18.226780
-24.183455
-17.470142
-22.045263
-15.954509
-20.780537
-17.138474
-21.695564
-18.192280
-19.612255
-22.019386
-20.493563
-26.974003
-22.836401
-28.702120
-23.814936
-25.979786
-31.930189
-26.364771
-29.369379
-26.333406
-25.249020
-26.512178
-25.100052
-29.528545
-12.848754
-21.388197
-1.251396
-13.725363
2.498870
-9.314898
1.423893
-8.394386
-0.371656
-7.372729
-4.542190
-10.698805
-9.270991
-15.278630
-13.857875
-15.722422
-19.725945
-18.432993
-23.527176
-22.297735
-28.709179
-26.452591
-34.981052
-29.752790
-34.132675
-28.839338
-28.735052
-21.058886
-19.445244
-14.810534
-12.609613
-7.963141
-6.311863
-3.996468
-4.459861
-3.484462
-5.762222
-3.245316
-4.580609
-3.884344
-6.214637
-6.710178
-11.428785
-8.872677
-16.191301
-15.910601
-23.503654
-22.635675
-29.614010
-26.427498
-33.949200
-33.162766
-37.597534
-31.704374
-42.374165
-34.135811
-46.422382
-42.020542
-49.803349
-48.413170
-48.050137
-47.016720
-38.013882
-42.990452
-24.640575
-34.311443
-14.219333
-22.888933
-8.818575
-10.724679
-2.905026
-0.555130
0.104283
4.510827
1.300009
4.278738
0.719004
1.243555
-1.758696
-2.641575
0.341073
-2.945796
3.407626
-0.016462
5.634418
3.071249
5.199252
4.488873
5.116138
4.729586
-0.103499
1.022444
-7.665972
-6.921879
-16.437506
-16.127010
-18.612549
-20.340670
-17.100838
-2.031512
-2.215691
-5.409414
-5.606907
-8.735724
-9.155673
-12.006558
-12.409865
-13.392337
-15.907041
-15.676261
-19.440271
-22.467569
-24.319342
-30.296270
-27.869774
-33.737972
-27.255659
-29.622240
-21.052944
-25.816071
-17.459244
-16.915583
-10.272945
-9.382016
-5.802734
-5.038284
-3.377901
-4.683795
-10.026084
-11.387450
-16.625450
-19.307133
-20.004459
-22.580189
-18.136600
-20.066591
-17.186863
-18.040628
-16.009113
-19.991697
-16.350288
-20.326216
-15.348957
-19.532362
-13.604253
-22.131388
-15.899831
-26.706450
-19.981155
-26.644876
-20.135380
-26.088451
-19.735958
-21.629335
-16.916140
-14.108524
-10.770564
-8.300796
-5.465999
-5.310668
-1.226563
-2.886389
-0.564741
-1.547211
0.481527
-7.081445
-2.282816
-14.944539
-7.940761
-20.666281
-12.290594
-18.928787
-13.427840
-18.212601
-14.892949
-16.344185
-17.436497
-14.409759
-13.727963
-11.356387
-9.892945
-7.859212
-8.690236
-7.224018
-7.536345
-7.002115
-8.570964
-3.713529
-8.790645
-2.944083
-9.373137
-5.128154
-8.687461
-5.880956
-7.037620
-5.640748
-6.698110
-6.583830
-6.312000
-9.274946
-10.509274
-10.761691
-10.913692
-12.128606
-13.080564
-13.129938
-13.282494
-12.512497
-11.895052
-10.543114
-7.816495
-8.514378
-6.117836
-5.983032
-2.621217
-1.137248
-0.807723
1.976591
-0.811606
-2.915791
-4.418067
-5.660163
-5.955848
-4.263846
-5.825481
-9.258306
-14.171213
-14.980042
-18.063370
-20.584177
-22.158018
-22.303917
-22.350519
-20.333426
-16.512831
-19.057491
-16.617126
-21.384134
-20.657404
-25.794991
-25.189754
-32.996819
-30.138168
-37.748295
-31.795774
-36.637676
-30.032207
-32.718334
-22.947433
-24.864666
-15.502069
-16.145029
-9.257194
-11.501734
-7.533017
-7.410970
-3.189840
-2.224566
1.218796
2.031512
1.868415
3.928219
-0.200822
2.292802
-2.533566
-6.501726
-8.948196
-16.168329
-13.703554
-20.376143
-13.027307
-20.056051
-11.456797
-20.914812
-13.877192
-19.506289
-11.404093
-15.269628
-14.323215
-13.958188
-21.809628
-18.299694
-23.771801
-20.968071
-24.404219
-21.582180
-19.610579
-18.124954
-15.467676
-16.963293
-16.650967
-20.204170
-21.267637
-25.947548
-28.211504
-33.337440
-38.097790
-42.485897
-51.254360
-49.234493
-59.053654
-48.179901
-62.366093
-42.451508
-57.100361
-32.737194
-46.673191
-21.524485
-34.324902
-16.309792
-24.307135
-15.258533
-18.545454
-12.579620
-13.474992
-5.962504
-7.261741
-5.218024
-3.729616
-1.253746
-2.969602
-2.169645
-4.168983
-3.111620
-4.301015
-3.123269
-5.309557
-7.005444
-11.186076
-9.081892
-12.041507
-7.719414
-8.731286
-6.234890
-2.172974
-3.947082
-0.362258
-1.087320
2.549652
2.207368
-0.371684
3.633645
-3.405085
1.637082
-7.668376
-2.209034
-9.147352
-5.696778
-13.618676
-12.691126
-15.501513
-15.696234
-20.603594
-21.123400
-27.161346
-25.531479
-29.830278
-26.852909
-28.709118
-25.041626
-25.976952
-21.475664
-22.362724
-17.764359
-17.644531
-12.969058
-11.942760
-9.116842
-6.517260
-4.787534
-1.977701
-1.737492
3.113839
2.886389
5.205265
6.451244
0.929770
1.195496
-0.149784
0.028630
-0.135161
-0.960110
-1.721141
-3.664665
-4.533559
-8.067060
-10.137090
-17.328594
-18.566351
-24.149908
-27.336515
-31.429968
-32.713665
-37.302490
-34.723106
-29.923887
-29.453154
-19.508482
-19.027102
-8.985888
-8.822762
-4.512919
-5.781972
1.751103
-1.918885
-0.496037
-3.009499
-3.236544
4.323167
2.547419
9.011853
9.164989
10.519938
11.661815
8.979897
9.997932
0.623204
2.113307
-8.229518
-7.440523
-11.093871
-10.557221
-9.904052
-6.821311
-6.034980
0.673809
-0.780339
6.628226
3.896370
6.627559
2.835056
10.385439
6.051625
11.213050
5.634159
9.579132
4.827184
8.323398
2.276434
4.287206
-0.828279
2.980204
-3.018155
0.527329
-1.404211
1.860963
2.062041
6.610913
5.443068
7.040367
0.669814
3.343741
-6.915192
-2.014102
-13.013425
-6.639543
-12.711811
-9.130371
-8.178251
-2.553414
-2.971549
0.798317
3.249197
7.150226
7.129588
9.650375
7.307358
10.003260
4.947031
8.836744
1.879606
9.406021
-1.725137
7.127589
-4.514251
6.338593
-4.759938
5.090850
-4.295861
3.356392
-0.806972
2.706553
-0.417468
1.710488
-0.105865
5.812597
2.627321
7.126256
2.462198
5.517639
0.079233
3.869739
0.160463
4.456990
-2.038735
-0.465407
-4.903753
-4.121417
-6.499721
-1.577324
-3.233215
1.866956
-0.932812
-0.956782
-1.115911
9.094415
13.174556
14.499530
17.940485
12.912219
19.836735
6.763387
14.425625
-2.276435
4.408383
-11.874210
-6.019001
-17.851929
-13.656606
-20.135019
-18.114260
-21.997314
-20.149004
-23.208439
-20.146339
-21.618465
-19.579062
-20.912697
-19.494505
-20.354076
-20.269512
-17.525681
-19.541109
-14.448933
-20.435970
-17.404497
-26.430338
-22.625179
-33.087860
-28.288635
-38.192692
-34.055954
-34.478745
-35.890953
-27.737341
-37.099407
-21.905434
-44.089180
-9.826151
-37.611427
3.341078
-25.137981
15.935702
-8.155614
25.648664
10.487973
25.387003
24.894293
23.314310
26.843809
28.219395
33.231007
31.607742
35.763786
26.281860
30.773472
18.453831
21.462666
6.990431
9.495907
-3.307122
-3.751889
-12.388888
-17.681477
-17.658840
-28.802645
-22.575914
-37.572151
-26.562166
-36.618023
-22.360186
-31.661676
-15.867125
-22.288279
-8.332721
-12.116569
-3.657341
-8.218200
-2.022757
-3.864411
-1.293685
-0.288299
2.156586
3.008835
6.144841
7.844010
10.071173
12.789710
11.225702
12.180486
9.561155
12.571321
9.561155
10.094477
9.760235
3.936986
5.313233
-4.590818
-0.147812
-12.842310
-7.855994
-15.115414
-12.442819
-10.160393
-11.167778
-8.401958
-10.639784
-5.917130
-11.794313
-6.871249
-4.854487
-4.789901
0.113855
-5.174740
5.048237
-2.995516
9.008527
-0.658493
12.888917
2.171234
11.920816
0.960112
11.343552
0.144484
13.529436
1.505417
18.327990
5.138123
19.419268
3.861748
16.894482
1.225773
12.494752
-1.646567
6.046301
-4.031530
0.790326
-4.789899
-1.380242
-4.289870
-2.853699
-4.382419
-4.682038
-6.262023
-5.838564
-7.739474
-1.745110
-3.376365
0.172448
0.448161
0.673754
0.613274
0.876969
1.090466
1.406174
1.752123
0.596338
0.353811
0.006048
-9.130763
-8.859203
-20.003969
-20.401930
-32.948032
-31.070711
-36.595016
-31.956751
-35.050339
-25.990343
-22.307070
-9.781531
-8.184845
3.952407
5.541839
11.598975
11.603209
17.477692
11.670943
23.805782
22.528425
32.229519
31.558790
36.887131
35.960567
31.426338
29.812717
17.740780
14.759086
5.216453
0.438484
-6.521625
-8.119524
-12.480781
-13.456335
-11.995123
-17.090614
-9.907936
-16.506979
-2.824445
-11.145973
-0.959828
-9.426510
-1.960782
-9.257167
-4.724143
-11.241534
-8.189077
-7.770551
-7.016358
-6.089190
-4.121150
-3.539327
0.231641
-0.497755
3.677827
4.419924
7.681039
2.820817
3.261116
-0.239503
-4.967878
-5.440837
-11.247581
-10.816356
-16.871675
-16.323723
-16.548105
-17.327097
-13.156351
-12.873906
-4.037687
-3.853825
7.442142
6.145436
14.007312
13.893003
16.031597
16.569275
12.761411
12.139671
5.273305
9.164024
2.238992
6.002702
0.240108
3.648796
-0.696737
0.568518
-2.512971
-2.293425
-3.236318
-5.885370
-7.314527
-8.827147
-9.505136
-11.289314
-12.647708
-11.485876
-11.279637
-8.558615
-10.112967
-7.385894
-7.462705
-7.359888
-8.087471
-9.852899
-8.937223
-11.735056
-8.975326
-6.250068
-4.270538
-2.072066
-1.338437
-1.304568
-2.201495
6.308130
10.001076
13.431537
18.133905
21.301273
26.800781
22.267149
27.603966
12.002986
16.309206
3.350627
3.811489
-6.091003
-6.614766
-16.713215
-13.912965
-21.554085
-18.710289
-21.246841
-19.546734
-17.295645
-17.782515
-13.728500
-13.024502
-8.786020
-8.240485
-4.894698
-2.588570
-0.753589
2.081744
1.270699
4.852362
3.143178
6.696414
4.804579
4.918286
4.627377
-4.209451
-6.006933
-17.946415
-19.367712
-28.079945
-31.417269
-28.179739
-32.635944
-20.903921
-27.998901
-5.431160
-12.348331
8.038479
6.185958
9.282564
11.742920
7.691926
12.109431
14.105898
14.715545
20.602123
22.273199
29.519989
29.662121
27.195717
28.779104
16.555361
19.750551
4.331019
8.778158
-7.446375
-2.023682
-16.167683
-11.885049
-22.576815
-20.446079
-28.489399
-25.072245
-28.815388
-27.059637
-28.249895
-25.623222
-27.533199
-20.520473
-22.700191
-11.482247
-14.859485
-6.940757
-11.322578
0.212287
-3.103261
2.546839
1.287632
3.614322
3.255672
6.152090
4.958807
4.764664
4.076394
2.220848
1.850102
-1.567658
-1.813814
-7.046598
-6.993980
-14.399228
-14.499626
-20.466644
-19.916874
-19.854580
-20.195086
-11.729611
-13.404322
-0.626579
-3.347604
11.156252
10.305898
21.050285
22.699591
23.254793
25.715759
22.393559
25.100668
22.681442
19.133652
17.992378
8.778157
8.862831
-0.042337
1.161832
-7.815306
-6.858503
-11.529423
-12.599931
-13.804703
-15.525378
-13.899055
-16.752527
-16.303764
-17.916178
-16.624311
-16.127764
-13.840990
-11.052230
-8.876741
-7.018171
-6.984303
-5.840009
-4.686644
-4.312269
-4.947920
-5.238227
-6.462356
-8.157023
-2.064204
-4.119336
0.033265
-1.115062
-1.311556
-4.001560
-4.699146
-8.654718
-10.011066
-14.627194
-16.906889
-22.808298
-25.356752
-32.728584
-34.586029
-39.940350
-43.306438
-43.814693
-52.141521
-46.411526
-53.791119
-44.902882
-50.405922
-48.476215
-51.100521
-56.185490
-56.313297
-63.042488
-62.376564
-64.791824
-64.799591
-66.965805
-60.709042
-63.256306
-55.802052
-59.272663
-46.874397
-51.532928
-35.426346
-39.602310
-26.664724
-29.584667
-22.840548
-25.268358
-18.850334
-19.617201
-17.403799
-16.815510
-15.721354
-18.423304
-12.035736
-17.910267
-11.544798
-14.871468
-13.085700
-13.044490
-12.247163
-9.812183
-9.902367
-5.876919
-5.295796
-3.946614
-1.270943
-4.297197
-3.169593
-5.575308
-7.078581
-6.348743
-7.898601
-8.992162
-6.004131
-9.741708
-5.910363
-13.996500
-8.180502
-16.610653
-10.966661
-15.640726
-13.979180
-12.561314
-16.710396
-15.737478
-23.173809
-19.409952
-28.784359
-25.977293
-33.839462
-32.794876
-35.440090
-38.568470
-34.265297
-31.488092
-27.280485
-21.224989
-21.376091
-15.675961
-13.884218
-9.563728
-8.120778
-6.385176
-4.726022
-5.616518
-5.869750
-8.285021
-9.128334
-7.086344
-7.272089
-5.177540
-6.174944
-8.185877
-7.282243
-10.839450
-7.374219
-10.144850
-7.792891
-8.548408
-8.586631
-8.538851
-10.104238
-9.649731
-13.559317
-13.541397
-18.126471
-23.459293
-26.253817
-34.839851
-37.051460
-48.311375
-50.413090
-51.341812
-52.016697
-45.518044
-48.464867
-39.325180
-40.898930
-31.053896
-31.671450
-20.575783
-21.093594
-16.199749
-19.476248
-20.737637
-24.522396
-24.618553
-28.813028
-28.422428
-30.700924
-32.095497
-31.642189
-30.866362
-31.057478
-30.970881
-31.352516
-29.682621
-28.893650
-26.417465
-26.880928
-28.459454
-30.464415
-29.324865
-30.904587
-28.520372
-29.668280
-29.117620
-30.556990
-33.651924
-35.557747
-39.914665
-40.758583
-45.577774
-44.421501
-47.402363
-45.769489
-46.616383
-42.326954
-40.223442
-47.794758
-41.978149
-57.185284
-50.601223
-65.949898
-63.055626
-68.804741
-66.661217
-62.466148
-61.977600
-53.868168
-56.262539
-43.818874
-46.448555
-33.899189
-38.189808
-25.453503
-28.427202
-23.044807
-26.531536
-24.484169
-30.530706
-28.605778
-34.646347
-36.029572
-37.224663
-41.853336
-34.480305
-38.801991
-28.873949
-35.986565
-24.916580
-32.001728
-21.377886
-24.199883
-14.161940
-14.225245
-9.223296
-7.511584
-6.387564
-4.107273
-5.457053
-3.962142
-6.461026
-6.103872
-6.917921
-5.859598
-6.943006
-4.901015
-5.067050
-3.780579
-1.676475
-2.432590
1.958973
-2.347184
-2.425422
-6.889851
-12.737503
-16.479856
-23.333275
-23.182171
-37.096851
-33.378986
-47.292469
-39.182438
-52.842697
-45.583740
-54.296997
-47.731445
-47.571983
-46.116489
-38.321812
-36.705059
-28.651173
-29.305756
-23.480200
-27.898043
-20.981913
-21.813280
-17.102785
-16.905100
-15.551731
-14.298711
-14.396059
-12.373777
-13.884219
-13.326987
-15.425117
-13.587386
-14.117743
-12.994917
-11.605121
-10.020025
-8.619479
-5.557988
-5.958144
-4.058298
-4.705118
-4.516985
-4.335422
-5.224723
-5.216959
-8.853601
-8.937812
-17.601488
-18.827639
-32.100277
-0.865985
-0.985552
-2.317044
-2.585401
-4.027199
-4.633471
-6.914707
-7.162278
-10.885315
-11.046863
-12.852919
-12.968987
-13.029282
-13.256273
-16.324469
-16.527796
-18.231363
-16.984661
-20.876240
-17.202185
-20.753996
-23.339605
-22.608004
-24.940071
-24.744566
-27.422783
-27.784363
-29.854042
-29.732828
-31.118650
-31.854574
-30.530699
-31.683764
-27.904545
-28.932287
-21.878260
-22.090431
-16.531502
-16.390532
-12.098062
-11.568345
-9.064029
-8.912564
-9.278466
-10.195901
-8.638033
-11.891856
-8.641533
-11.085757
-7.584364
-11.183922
-8.991383
-13.827356
-9.694172
-15.735485
-11.944951
-14.035622
-11.500229
-8.404662
-6.886719
-8.858235
-7.283698
-6.337658
-5.429485
-5.008018
-5.579715
-5.757728
-6.089469
-5.217517
-4.948132
-5.758963
-2.675539
-3.868943
0.171839
-7.331236
-4.792755
-9.351524
-7.853132
-9.712077
-11.164989
-9.252331
-13.395804
-12.228949
-16.166214
-15.645966
-17.695889
-15.384605
-16.330851
-13.142470
-11.647988
-10.074070
-7.757848
-8.137951
-3.843631
-5.135817
-4.718876
-2.330009
-3.810292
-2.982173
-4.939488
-3.808028
-2.770822
-2.775967
-3.520533
-3.310210
-3.509214
-3.142488
-4.450108
-3.459205
-4.116309
-4.254602
-5.532176
-6.892686
-6.619802
-8.178287
-6.015383
-5.644336
-4.099433
-5.049382
-5.662857
-7.527358
-8.669931
-13.508168
-12.444208
-12.184907
-11.540151
-14.916833
-14.833074
-16.742849
-18.363485
-18.469269
-18.103569
-15.840031
-19.363029
-17.419092
-18.854717
-14.223921
-14.293072
-12.109173
-12.099092
-12.220098
-12.673054
-16.288458
-16.695518
-18.581011
-17.911560
-18.347023
-17.170906
-20.187241
-16.702309
-17.176256
-16.148928
-14.821139
-14.002487
-13.594191
-12.916509
-11.802748
-11.068264
-10.221832
-11.845346
-13.373373
-15.352294
-17.545658
-15.371436
-16.965109
-14.404818
-15.447167
-14.435069
-18.351551
-17.091055
-22.199091
-18.490871
-24.575199
-21.901306
-28.187309
-25.190319
-30.219122
-24.428465
-29.479908
-23.386318
-26.601244
-23.968515
-27.047001
-28.173933
-29.118326
-26.757858
-27.542549
-22.339233
-22.633112
-16.177738
-17.388636
-11.523482
-13.141853
-11.389512
-13.101313
-12.192109
-14.774010
-17.109577
-17.469105
-19.324961
-19.900362
-19.629330
-20.608091
-19.919708
-16.426954
-16.091307
-11.711373
-11.878891
-6.828068
-7.931333
-5.424340
-7.220929
-6.011268
-6.591609
-5.958584
-5.731799
-4.344740
-5.031273
-4.948954
-5.153926
-4.252956
-5.235215
-3.174386
-5.218134
-2.500819
-5.311976
-3.061610
-4.620094
-4.300083
-4.391868
-4.634089
-4.896683
-7.927629
-8.715413
-17.815454
-14.854068
-24.381750
-20.273466
-25.926859
-23.274988
-29.730152
-27.195375
-29.721512
-25.120140
-25.928713
-20.251450
-20.318127
-14.148808
-13.834353
-10.473516
-9.114244
-4.289382
-4.885364
-3.660678
-4.575025
-5.207639
-5.693315
-7.635400
-8.702240
-7.747557
-8.952489
-7.584569
-9.022459
-6.186193
-7.843047
-7.093543
-8.904536
-8.329340
-8.104612
-8.097410
-6.338480
-5.009253
-4.532014
-3.476081
-4.084617
-4.093054
-5.256824
-6.902565
-7.928864
-12.424864
-4.635993
-5.193137
-12.084298
-13.423969
-20.714706
-22.960571
-30.763906
-33.126781
-41.794418
-46.325367
-41.801067
-47.901722
-40.843678
-48.373100
-46.956303
-54.903244
-50.140938
-56.051449
-52.079636
-56.575348
-52.226566
-55.201103
-53.120117
-54.576141
-55.369308
-50.232681
-54.293583
-48.432938
-49.852386
-36.802727
-42.725872
-28.571232
-32.174709
-24.889965
-26.036823
-23.157364
-22.852863
-23.308281
-22.007837
-26.153841
-29.845747
-26.601948
-27.264803
-22.783054
-22.785048
-20.022602
-22.440657
-13.880721
-21.545103
-12.619503
-18.747419
-12.610861
-18.161690
-13.675950
-16.597298
-13.523032
-14.728405
-12.085629
-15.151913
-14.969746
-13.239806
-14.940489
-11.350970
-12.676016
-8.843823
-7.791368
-8.663651
-5.045540
-12.273116
-2.792367
-17.408409
-6.132568
-17.688314
-10.789173
-14.185885
-17.256828
-10.749947
-21.073061
-24.276970
-30.056503
-29.109093
-32.528412
-28.377760
-30.515915
-27.744822
-25.758921
-23.019073
-21.907444
-19.100452
-14.403295
-12.720561
-13.693233
-8.131770
-12.302368
-6.153845
-10.405554
-6.855260
-10.644235
-8.397711
-11.100987
-8.208228
-9.448173
-8.712185
-7.844555
-5.788177
-5.992285
-9.339138
-9.075191
-11.929390
-11.263875
-11.892157
-13.679271
-16.695028
-14.320851
-18.577215
-15.924468
-19.248049
-18.676281
-25.544174
-23.476490
-24.331488
-24.356087
-25.316793
-26.343987
-34.561523
-34.267658
-34.606735
-36.366589
-29.466118
-29.674215
-26.567377
-26.797411
-22.843555
-21.950663
-16.491585
-16.153177
-21.456678
-24.264999
-30.047859
-31.190739
-40.325096
-40.703396
-55.264923
-48.676270
-58.906963
-52.152100
-57.240204
-53.517040
-54.496353
-50.722008
-50.531868
-48.131096
-44.360069
-43.570232
-41.466644
-45.499619
-45.247643
-49.184872
-48.827194
-53.963154
-52.550346
-63.521683
-61.086342
-53.397366
-53.840816
-43.644688
-47.665039
-43.288334
-50.327755
-40.370972
-47.087940
-38.323906
-44.079498
-39.816490
-42.948593
-45.978310
-45.149910
-44.135353
-42.245842
-46.818680
-44.404610
-37.934967
-34.734379
-27.396441
-26.655800
-30.629604
-30.705397
-26.239605
-28.030708
-25.524227
-27.192333
-30.501291
-32.820282
-36.690369
-40.095058
-47.117859
-53.880043
-62.004501
-71.348289
-74.334793
-70.666817
-70.297829
-63.121449
-60.278561
-52.053707
-50.169521
-37.051376
-39.271309
-26.389860
-31.082367
-20.811775
-27.091276
-17.087292
-20.372974
-12.964561
-11.481281
-7.629810
-4.931851
-6.489593
-3.989095
-0.375640
-0.045210
3.088225
0.049864
3.066284
-0.218736
2.680007
-3.470513
-6.367926
-9.057906
-20.382944
-20.690105
-33.244453
-30.892221
-42.301697
-39.326500
-42.981834
-43.179962
-41.860229
-38.454208
-38.379753
-35.122650
-31.072393
-31.180096
-25.688444
-24.659256
-18.851801
-16.831987
-13.866760
-11.998533
-12.662055
-10.855657
-12.907381
-12.719894
-15.980315
-19.065218
-20.861637
-24.214474
-26.484936
-25.767565
-32.426693
-26.509531
-33.798275
-24.776270
-30.023264
-20.400900
-24.624687
-17.645098
-18.950199
-16.448370
-16.062092
-12.880788
-12.252507
-12.771089
-14.706465
-18.837839
-22.321648
-19.180237
-22.862835
-22.274445
-0.941096
-0.969267
-2.225495
-2.130955
-4.041796
-4.445737
-7.666282
-6.001817
-9.314036
-9.910877
-11.262597
-12.800533
-12.607633
-13.532975
-12.735597
-13.933572
-11.289337
-14.863211
-12.536014
-19.709070
-21.541601
-29.824299
-28.648771
-38.299900
-36.235790
-41.686600
-41.327072
-45.133469
-42.621490
-47.000381
-49.546253
-47.513664
-50.235249
-44.034328
-45.038929
-37.060379
-35.579742
-23.052324
-21.011610
-15.718361
-12.340250
-11.688502
-11.793546
-10.597002
-14.117399
-11.709989
-17.323624
-11.773014
-16.715801
-11.922463
-11.330400
-9.820155
-10.556893
-9.174137
-8.052556
-8.204392
-4.401810
-4.881191
-3.071574
-4.271460
-4.935145
-6.486928
-5.422166
-7.451898
-4.746543
-6.585287
-7.682038
-10.255132
-12.315422
-12.787642
-9.631555
-7.898809
-7.276188
-3.495091
-4.764211
-0.125097
-1.084338
0.346643
-3.640242
-6.023302
-5.574481
-15.545994
-12.564663
-23.962858
-21.694874
-26.958038
-28.025188
-27.897707
-27.519072
-20.383261
-21.722090
-12.226612
-17.245792
-8.859962
-11.735772
-7.589409
-6.659772
-5.645145
-3.825501
-4.242811
-3.256355
-3.534244
-4.215596
-2.656651
-4.529772
-2.169153
-5.151918
-2.348205
-3.776322
-0.585857
-1.688817
-0.851331
-2.231701
-2.203053
-4.875938
-4.823894
-5.864305
-8.573001
-10.125259
-12.734643
-13.266544
-12.293936
-13.276093
-12.370807
-19.562487
-16.487093
-29.529701
-30.391537
-31.797215
-30.135614
-31.665434
-30.414454
-30.174768
-26.908384
-15.115792
-13.070783
-10.069873
-8.834177
-10.668143
-7.714507
-11.850842
-8.954977
-15.742234
-12.457707
-16.671873
-12.884090
-17.195183
-13.434138
-16.732990
-14.662673
-15.394158
-14.978759
-13.483317
-15.028893
-14.248226
-16.666142
-14.951541
-17.321234
-15.524985
-18.719271
-18.305304
-20.630112
-21.081320
-20.692661
-20.841154
-18.189280
-21.198778
-17.578590
-22.164227
-17.871279
-20.503105
-17.791544
-21.363031
-23.612398
-29.324863
-33.852249
-37.176880
-33.864193
-35.713432
-32.197807
-32.736874
-29.768915
-30.230154
-25.527538
-28.043812
-27.741573
-30.088821
-27.386810
-30.241610
-19.786419
-22.014778
-17.108759
-19.797878
-14.728564
-19.516647
-15.127252
-18.673910
-19.690447
-22.933912
-24.793182
-27.751602
-29.712097
-27.378210
-31.010820
-25.007092
-28.192781
-20.715097
-22.693266
-13.995167
-17.259163
-13.313337
-16.730124
-12.890776
-15.116747
-10.499120
-10.318637
-6.735212
-6.962967
-7.173532
-6.708952
-3.976383
-2.893478
-4.383666
-0.985502
-4.689247
-1.931372
-1.693113
1.250976
-1.122058
2.786046
-1.297290
-0.097882
-5.226402
-5.222105
-16.911562
-13.730647
-28.193739
-26.037952
-38.606911
-38.174324
-47.409576
-46.500473
-49.710037
-49.277916
-44.673660
-40.027866
-37.474354
-28.403826
-30.218214
-15.765632
-17.809689
-7.154910
-10.952718
-2.462798
-5.352932
-3.235824
-4.703570
-6.338433
-6.375676
-7.656734
-8.111763
-7.915045
-8.703349
-7.554554
-7.627606
-5.653261
-5.150007
-3.264472
-3.033854
-1.495918
-1.377028
-1.992966
-1.989624
-4.635293
-5.290383
-10.571695
-10.832396
-13.284211
-13.709638
-12.357440
-0.018838
-0.015274
-0.444990
-0.438371
-1.686787
-2.078063
-2.798244
-2.488177
-3.544137
-3.671422
-9.482514
-9.109057
-18.255535
-19.705318
-24.660034
-26.550219
-32.317528
-33.620167
-37.973835
-38.298672
-40.234936
-38.754097
-39.646626
-39.901703
-39.956692
-39.024193
-41.394764
-40.157036
-39.849258
-32.108009
-32.493687
-22.089878
-22.308561
-18.665903
-19.163847
-14.000383
-14.190804
-9.260018
-8.080082
-7.505006
-7.140205
-8.678323
-8.252681
-7.137660
-6.501742
-8.094338
-10.458540
-9.854695
-13.233106
-9.922412
-12.617299
-11.987490
-14.540584
-13.768214
-14.385803
-11.601562
-11.672841
-10.407879
-7.240761
-8.415352
-7.425071
-8.533218
-7.686516
-7.494568
-5.551174
-5.401741
-5.306022
-4.384985
-7.646038
-5.417778
-8.477468
-7.033795
-9.216486
-10.206513
-11.363029
-14.223133
-11.642548
-17.073309
-17.108442
-20.293121
-18.049080
-19.469837
-17.817165
-16.691196
-14.981244
-13.714246
-12.516743
-13.357592
-9.890590
-9.754396
-7.809218
-8.370802
-6.115812
-4.955986
-5.922084
-4.814700
-5.427452
-4.646683
-3.263599
-5.409123
-3.371537
-4.271700
-3.086418
-4.322869
-3.655639
-5.341153
-7.427616
-8.202785
-9.604960
-10.232989
-10.194548
-10.878072
-9.862588
-11.316188
-11.595197
-11.116605
-11.134933
-10.807556
-12.045279
-10.615100
-12.521326
-13.423017
-13.102511
-16.161945
-21.295620
-22.858944
-19.942831
-21.132442
-18.933205
-20.688725
-22.183058
-25.897247
-13.049052
-15.562941
-7.576541
-9.637037
-5.643074
-6.793735
-7.656730
-8.286539
-9.390868
-8.193366
-11.455692
-11.327899
-13.218341
-14.422207
-14.662777
-14.825956
-14.800755
-14.577241
-13.909502
-14.129704
-9.959579
-10.965134
-8.118268
-11.019613
-9.216230
-12.086520
-10.192258
-13.913065
-11.795291
-14.644702
-14.317324
-19.522282
-18.380783
-22.179749
-24.689817
-24.845106
-29.683224
-29.859898
-38.051731
-33.403778
-38.527531
-33.910885
-37.115425
-28.123980
-34.051407
-30.449486
-36.404156
-34.622669
-40.601006
-28.975264
-31.726667
-26.538765
-24.203842
-23.310806
-22.304995
-16.476086
-16.317997
-10.254117
-11.807256
-8.464739
-10.179783
-7.669713
-9.204268
-6.648120
-8.911765
-11.127041
-12.938060
-14.987864
-16.770878
-17.387194
-17.781271
-18.140724
-17.501242
-19.456602
-15.984000
-15.959561
-11.190683
-9.972562
-8.692579
-9.890336
-7.814819
-9.013339
-7.949232
-8.510052
-7.641965
-8.418406
-6.171309
-7.579086
-4.877579
-5.206994
-6.449809
-6.756312
-4.251080
-5.846476
-5.226850
-7.489477
-10.477375
-10.724564
-18.904438
-18.784788
-22.825592
-24.442627
-26.334600
-27.925158
-28.102848
-28.527729
-29.592342
-24.671997
-29.250967
-22.486504
-27.225086
-18.639175
-18.697470
-14.275065
-13.831093
-10.300196
-9.377630
-8.682396
-6.904473
-8.423244
-8.539838
-7.736156
-8.431644
-9.653584
-10.039260
-12.604317
-13.057199
-12.566131
-14.108321
-13.685225
-15.923158
-13.110405
-14.621536
-12.266246
-14.058933
-12.803392
-13.535028
-12.305196
-11.364556
-11.035904
-9.721554
-8.422736
-8.251153
-9.088438
-10.528291
-11.312879
-12.142778
-14.252918
-0.305294
-0.408459
-2.340121
-2.874619
-6.536280
-7.482971
-12.682772
-14.037455
-21.290291
-21.571308
-25.293190
-25.807148
-29.425396
-29.466476
-31.260427
-33.086590
-32.986225
-38.548271
-36.067177
-41.220764
-36.959713
-41.976997
-41.922379
-48.359699
-45.922012
-46.604950
-49.507114
-47.496098
-46.642300
-40.175110
-39.405331
-29.669075
-30.145216
-21.165186
-23.153328
-14.125683
-16.478411
-11.241262
-12.920378
-11.916737
-12.719651
-12.458703
-14.419310
-15.663827
-15.837011
-15.296912
-16.143707
-11.449925
-15.175541
-9.291862
-13.605657
-11.104953
-12.770534
-9.939327
-12.609016
-9.966403
-11.630115
-9.708257
-8.318562
-5.387926
-7.981058
-2.721972
-7.732248
-3.465134
-7.025497
-3.471202
-4.308193
-4.247975
-4.420228
-4.415560
-6.957808
-3.790034
-9.546740
-5.133980
-11.269738
-7.448894
-13.005805
-10.792191
-12.699578
-14.935601
-12.093191
-19.078541
-15.422017
-18.912357
-16.523224
-16.917210
-15.205417
-11.216521
-15.304380
-6.881253
-11.641785
-4.979934
-5.954167
-2.955377
-3.591173
-4.573340
-2.668288
-3.929144
-3.633652
-5.084966
-4.339003
-4.530396
-4.664371
-5.131647
-3.896466
-3.920274
-3.902535
-4.578009
-4.128471
-3.988895
-5.957434
-2.862482
-5.433207
-1.483990
-3.903469
-1.189899
-1.873777
-1.317339
-0.460741
-1.171227
-1.806088
-4.274116
-6.746811
-9.772208
-16.700611
-19.019726
-21.155380
-22.673449
-24.422123
-28.175278
-22.554878
-26.780912
-15.942042
-18.603796
-13.390924
-15.689966
-12.294853
-11.597439
-15.353396
-15.695567
-21.626394
-21.685213
-26.675880
-26.771112
-31.604935
-31.217478
-32.803703
-31.803795
-31.401873
-29.043547
-28.845148
-26.244083
-24.140633
-23.901159
-20.967258
-22.818161
-23.819002
-24.097221
-26.187599
-27.457323
-30.340811
-32.498878
-36.321587
-34.163052
-38.848896
-37.504017
-43.777950
-37.172115
-47.489563
-36.993328
-49.331135
-34.683086
-46.016773
-32.261738
-41.822014
-28.953449
-38.805485
-30.584019
-36.156338
-27.848043
-35.243256
-24.409048
-30.954199
-24.691471
-26.258554
-18.631807
-18.858677
-13.955297
-13.885740
-13.214003
-11.786029
-14.499599
-11.101218
-18.488960
-15.320718
-22.644979
-21.944759
-27.745344
-27.838707
-31.723501
-30.246515
-31.594664
-29.388519
-29.082758
-24.517817
-25.299726
-17.229506
-17.135210
-10.394002
-11.769225
-8.003932
-9.675579
-8.375513
-8.785372
-9.283459
-8.762032
-10.028955
-9.033248
-8.270480
-9.691452
-9.608360
-10.433213
-7.038101
-8.217264
-6.029790
-6.907394
-6.588563
-7.505378
-7.384941
-8.139305
-11.344893
-10.772585
-17.025511
-16.611916
-24.302614
-24.553761
-31.318316
-29.649933
-36.509239
-32.975491
-39.988850
-34.110302
-40.704933
-31.069967
-30.437439
-23.575327
-20.783800
-15.916836
-11.850918
-7.122594
-3.508548
-4.636361
-1.980677
-2.384000
-1.428439
-3.690137
-4.114935
-4.485116
-7.107656
-6.919530
-10.806661
-9.897316
-14.713862
-10.466824
-15.106920
-10.600798
-13.217739
-8.882001
-10.517240
-6.022323
-6.319213
-4.607886
-3.959019
-2.074972
-2.664554
-1.793019
-4.019705
-5.233411
-6.646914
-11.793966
-1.957633
-2.282695
-5.055707
-5.710370
-9.575697
-11.092044
-17.003988
-16.998541
-23.947414
-24.594810
-18.395943
-21.953461
-9.200696
-16.506407
-4.459155
-16.287584
-7.058739
-18.467674
-13.486423
-25.959528
-24.440453
-37.904179
-36.938068
-49.688122
-45.869099
-55.265007
-53.001377
-58.515621
-56.794064
-57.354301
-59.814053
-51.879101
-53.607010
-40.846981
-41.378155
-30.808208
-29.787624
-20.229177
-19.128693
-15.660158
-13.713420
-12.868081
-14.294536
-13.666206
-18.894432
-16.838732
-17.021242
-14.527889
-10.510929
-10.091436
0.639227
-1.814170
9.302390
6.510311
14.225531
13.362028
17.178326
15.983404
12.676493
9.907114
6.495783
1.125912
0.463984
-5.040269
-4.374712
-6.517575
-7.786950
-8.960076
-8.700392
-9.918010
-7.058740
-5.355344
-1.063260
-4.224894
2.132876
-2.782091
-0.356840
-4.608065
-6.470358
-9.309656
-14.140177
-19.471006
-24.708315
-27.745546
-32.870262
-29.433510
-37.607262
-27.851784
-33.627525
-19.585413
-24.713760
-10.599913
-19.119614
-6.768182
-11.715836
-4.095049
-5.605042
-2.115624
-0.915257
-0.702787
2.229123
0.017252
1.362898
1.765139
-0.245158
3.616537
-1.967621
4.772412
0.507568
5.993663
4.119566
5.220053
6.161642
1.045101
2.216412
-6.229743
-8.015763
-15.484008
-21.801825
-23.992813
-30.691988
-30.198040
-34.076988
-35.563370
-40.904186
-37.828819
-43.746201
-39.869076
-31.253130
-27.470428
-24.811821
-17.753990
-16.280319
-11.162867
-5.157402
-3.411330
-6.172536
-6.533012
-12.307846
-10.136834
-18.785475
-15.033643
-24.041847
-18.704659
-22.947712
-17.801207
-25.142330
-19.004297
-24.901714
-22.013388
-23.815754
-23.449833
-24.366907
-28.029751
-27.862680
-34.650833
-30.837267
-38.800362
-33.738304
-41.346375
-37.351208
-40.847893
-40.615444
-30.691078
-29.708630
-17.789404
-14.457977
-12.819049
-6.189789
-17.547874
-10.667102
-25.087849
-20.590561
-36.126324
-31.618145
-42.785549
-41.233791
-40.353943
-39.435051
-31.962265
-34.452888
-24.395962
-30.707422
-19.826033
-27.465893
-19.760656
-24.946201
-23.421684
-25.632648
-22.082394
-24.098141
-21.403217
-24.308796
-20.607813
-26.320002
-23.650497
-28.641739
-26.890221
-32.543388
-29.620556
-31.797920
-33.780071
-32.460758
-36.913559
-31.731636
-34.591816
-27.732838
-28.511892
-19.476454
-19.812412
-15.513063
-17.072090
-15.214334
-17.298180
-12.712813
-15.337822
-10.846888
-13.676193
-7.541791
-9.203419
-2.823859
-2.858363
-4.746080
-1.519981
-5.038455
-3.789056
-6.966125
-5.092934
-8.443428
-6.197961
-8.740344
-8.648634
-16.248541
-17.886557
-26.812134
-28.397486
-35.861191
-37.678993
-45.008316
-50.249252
-51.544960
-56.826756
-52.084309
-56.555260
-48.358810
-44.377262
-41.362720
-31.056091
-32.913845
-17.499752
-18.030020
-4.970355
-6.100808
4.023317
2.703096
5.424352
2.452490
2.852008
-0.061744
0.328693
-3.238812
0.561140
-3.784515
2.568712
-2.122888
3.999711
0.120763
3.159816
1.732452
1.983057
2.240928
-3.228824
-2.105636
-10.781511
-10.755182
-20.389894
-22.579973
-28.345734
-31.608150
-33.500408
-1.900074
-1.995694
-5.021623
-5.270854
-7.819912
-8.650270
-11.670646
-11.435606
-15.537419
-17.033419
-16.292513
-20.257376
-23.597307
-26.064318
-32.182800
-34.264248
-35.785542
-38.041573
-38.772602
-42.599899
-46.309978
-49.541954
-55.934353
-57.407516
-62.355118
-63.101562
-70.243492
-69.846825
-75.036873
-69.877678
-77.198517
-62.451347
-66.451378
-51.197731
-51.147755
-37.738670
-36.617752
-23.477629
-22.059359
-18.658352
-17.882284
-17.681171
-16.558399
-16.396154
-18.063654
-16.536190
-21.779282
-14.380719
-23.789785
-13.731116
-19.466499
-13.167264
-19.494879
-14.652156
-18.949530
-15.932240
-14.294353
-12.349862
-12.067320
-11.412165
-11.412782
-13.420196
-9.646575
-11.852634
-6.316511
-9.583035
-7.929106
-7.006214
-14.097560
-7.448534
-13.240058
-3.842096
-11.587983
-4.636673
-12.444248
-11.190079
-13.160478
-16.779871
-20.841583
-27.997705
-27.636196
-36.833046
-32.770721
-38.865761
-33.713978
-33.462887
-32.436970
-28.416588
-23.627537
-19.588648
-14.639202
-12.075337
-11.622527
-8.823621
-7.586105
-6.090723
-5.117243
-6.978451
-3.894534
-6.103061
-3.956225
-4.566962
-4.151167
-3.248632
-2.967940
-2.847026
-5.906885
-5.456543
-8.306653
-6.982154
-7.462724
-9.473226
-11.306672
-10.980945
-14.425754
-13.705824
-16.048218
-18.088945
-23.641727
-24.100088
-24.992752
-22.425184
-23.419024
-22.206182
-31.085941
-31.680641
-40.084766
-47.475925
-42.118710
-47.926270
-36.243904
-40.071812
-29.542442
-33.090275
-15.763208
-20.096361
-11.947640
-11.803283
-13.889662
-12.062384
-17.596039
-15.969253
-24.664555
-18.416527
-25.273441
-17.553473
-25.036552
-16.887829
-23.515875
-18.122259
-22.106859
-17.397392
-18.291290
-15.589857
-18.138300
-17.058714
-19.156811
-20.135225
-20.934122
-22.818773
-25.406080
-30.039049
-31.165522
-30.401793
-29.412275
-29.986612
-32.901501
-36.570862
-42.839874
-38.574581
-42.118092
-35.351860
-39.723255
-37.703506
-43.020630
-49.681374
-50.415489
-56.738167
-54.032413
-64.851120
-63.474171
-70.941223
-68.381058
-63.593864
-62.256409
-55.978764
-54.731987
-41.900940
-41.388912
-24.956972
-25.721937
-18.603447
-21.491186
-16.843412
-22.494896
-22.832958
-28.324669
-31.053862
-38.215538
-40.464775
-42.966957
-43.497498
-41.783108
-40.327213
-38.866997
-36.947792
-30.619560
-28.030403
-19.182722
-17.465254
-12.831666
-12.424508
-10.043246
-9.807588
-8.303569
-6.459633
-5.982147
-4.423841
-7.265930
-3.925379
-6.917378
-2.671824
-6.698993
-3.670596
-6.842732
-4.021617
-5.585474
-2.287491
-11.986504
-5.755125
-24.296265
-19.555952
-34.990971
-29.208693
-50.537014
-40.873795
-57.239716
-48.738117
-58.041698
-50.403152
-57.376049
-45.170551
-47.589439
-37.147671
-35.632549
-24.811380
-22.120434
-15.103118
-13.273371
-9.375753
-7.343660
-7.822998
-5.455308
-7.813127
-5.463328
-11.570707
-9.419555
-14.507802
-10.781069
-12.674973
-12.312846
-12.515192
-13.339996
-13.298049
-13.457210
-12.446099
-12.831048
-10.883473
-11.636717
-12.439930
-13.254248
-12.674972
-13.510263
-16.470802
-18.099434
-22.952641
-24.990286
-23.835436
-26.499239
-23.357328
-1.911740
-2.284641
-5.264534
-6.229105
-11.071020
-13.534654
-22.421299
-24.405132
-37.984539
-42.233124
-53.365471
-58.891029
-72.409111
-80.564857
-94.773232
-107.368179
-118.505493
-131.833817
-135.726898
-149.399109
-152.857132
-165.492691
-170.548416
-179.314056
-188.716156
-189.144577
-198.133163
-192.537964
-200.619125
-174.624619
-186.089264
-145.327866
-153.623657
-109.763863
-114.623177
-77.651276
-79.928452
-51.384945
-52.832630
-38.405499
-41.101162
-33.771580
-39.694908
-40.600643
-46.724514
-49.217972
-56.872391
-51.418919
-59.500095
-50.747704
-53.377892
-55.195164
-49.767384
-50.717041
-45.780647
-44.584057
-36.084393
-36.695126
-27.260727
-34.618481
-23.832525
-30.633415
-22.804976
-32.986835
-26.322674
-27.958469
-31.490252
-26.356651
-34.865429
-25.406168
-34.656605
-29.681271
-38.425385
-34.991383
-42.532269
-46.076488
-43.343536
-55.246544
-53.032337
-74.582710
-64.859108
-86.719398
-76.203583
-90.319969
-79.519089
-82.892601
-74.441002
-68.675957
-60.888943
-50.015984
-45.252792
-38.122093
-31.288887
-27.636942
-19.824251
-19.225122
-12.844371
-15.591413
-10.162800
-16.015690
-10.224120
-17.300125
-16.863417
-18.670744
-19.968437
-16.617302
-25.371367
-18.422144
-26.421284
-17.118647
-20.173120
-13.906727
-17.729376
-14.095662
-18.957464
-18.078245
-21.662239
-21.402037
-26.835619
-28.724987
-37.813004
-39.092468
-51.621109
-55.026108
-74.385490
-77.459015
-86.292633
-91.771797
-94.503914
-94.455009
-92.852371
-91.932564
-82.595940
-81.373642
-70.892647
-68.120743
-68.390060
-59.268902
-60.389263
-52.093452
-59.277187
-49.603302
-66.562019
-54.663990
-67.332687
-58.944061
-67.000389
-62.538002
-64.148941
-62.170902
-59.209244
-60.711620
-52.206982
-60.685921
-54.494114
-73.943794
-63.374962
-82.720230
-69.304909
-92.183640
-79.645882
-99.253021
-93.831871
-104.515068
-101.052887
-110.730087
-109.666061
-124.944252
-126.046371
-138.377808
-145.388351
-146.018127
-154.820267
-150.148239
-159.559418
-148.260513
-158.337128
-144.455261
-154.245178
-141.533386
-154.062866
-126.787209
-138.883301
-111.286942
-117.584015
-93.216980
-99.830597
-68.662697
-81.759804
-47.225857
-62.470886
-39.602921
-56.059464
-40.833500
-61.991909
-50.951546
-75.239014
-69.733337
-86.507256
-83.757736
-87.189255
-85.420876
-82.563622
-83.382347
-75.717987
-79.376564
-63.841496
-69.125916
-43.132233
-51.244896
-35.370083
-43.968353
-29.358089
-34.523186
-22.111382
-25.038239
-16.399361
-17.711973
-14.403099
-10.025238
-9.377220
-2.997296
-12.930554
-3.405002
-13.544596
-5.064826
-12.343026
-6.716363
-27.300505
-21.881008
-51.037731
-43.694065
-76.793594
-71.745346
-110.678703
-103.293617
-134.628098
-124.142914
-140.826508
-130.704330
-142.758163
-125.033752
-131.324997
-107.293587
-110.943886
-78.367241
-87.098930
-53.597488
-69.051338
-40.914711
-52.249241
-30.325974
-41.034035
-25.393736
-37.919903
-28.856739
-40.255917
-32.594872
-45.881741
-36.278309
-51.916119
-39.142193
-53.186470
-37.367180
-47.136356
-30.287857
-40.835979
-27.370110
-35.999874
-23.015455
-28.662006
-20.797939
-25.005093
-20.752359
-25.378820
-22.917675
-28.047134
-33.261948
-39.247429
-52.932899
-1.039294
-1.195254
-2.676216
-3.030074
-5.718086
-6.640738
-10.811676
-11.248101
-16.822678
-18.911098
-20.162704
-23.743225
-27.099636
-30.608727
-35.114525
-38.158363
-41.530495
-42.633350
-45.029102
-46.538246
-48.276733
-52.025013
-51.065659
-57.482944
-53.057098
-56.998024
-52.144932
-54.272659
-47.953014
-49.370419
-46.633255
-45.023857
-43.299129
-39.957138
-40.481369
-33.569996
-31.068090
-22.931316
-19.666651
-20.371746
-19.122757
-18.229593
-20.407785
-15.711958
-21.824528
-16.695553
-22.923458
-17.171293
-21.603697
-16.512726
-14.930845
-13.111099
-11.828691
-11.611135
-8.548950
-9.899508
-3.678813
-5.919916
-2.901637
-5.703014
-1.972432
-3.987457
-1.323692
-3.419318
-2.222098
-3.303331
-4.549699
-5.870769
-7.798639
-7.448060
-10.710762
-8.647899
-9.712095
-10.183906
-8.226546
-12.379135
-8.353673
-15.205415
-11.612444
-18.325264
-15.327954
-22.341553
-19.922215
-27.823080
-25.085922
-28.539968
-26.151426
-24.582655
-22.963428
-16.052055
-16.797777
-9.427698
-13.804400
-7.752115
-10.234363
-6.287535
-7.928388
-5.241032
-5.632242
-2.466522
-3.600834
-4.630300
-5.805240
-4.701726
-6.605352
-4.701726
-8.505046
-5.210233
-7.545697
-4.359663
-3.948795
-2.473075
-2.598891
-3.952071
-2.527465
-3.727960
-2.966510
-6.237732
-4.800675
-9.320229
-12.687779
-13.204807
-15.713267
-16.856098
-22.538141
-19.655510
-27.220207
-24.293020
-28.736555
-24.700609
-27.292950
-24.966658
-22.266850
-18.780037
-9.151818
-5.321634
-11.822793
-9.354305
-19.387493
-18.934685
-27.122570
-28.068811
-35.470345
-35.400887
-38.709457
-39.232384
-41.649761
-40.875198
-39.890297
-35.826828
-34.588974
-29.744394
-28.349277
-24.090530
-22.481131
-20.121422
-18.327885
-16.532387
-15.325988
-15.248010
-17.941917
-17.087412
-20.927433
-16.742075
-21.333059
-18.237453
-26.595718
-23.372986
-32.323627
-27.315228
-34.917278
-34.130932
-44.306965
-41.012157
-52.091194
-40.358177
-53.632446
-33.927128
-46.503510
-32.785610
-40.649124
-27.685471
-31.405565
-24.806110
-26.985615
-25.492857
-26.565575
-22.166590
-24.133781
-16.121513
-18.040867
-18.550030
-19.937284
-23.150188
-24.529577
-30.162476
-29.603508
-38.989918
-38.433582
-48.709225
-42.124847
-54.469254
-42.498367
-58.068119
-40.980045
-57.180191
-36.088287
-51.684258
-24.205208
-39.252033
-19.559837
-31.376074
-17.569712
-24.792351
-13.327345
-18.878334
-9.470292
-13.259851
-5.799997
-6.649912
-0.066185
-2.867561
1.623816
-1.475719
1.241780
-1.233916
1.313862
-2.486836
-3.615250
-8.170191
-8.381194
-12.742825
-15.152336
-18.977283
-22.232779
-24.872295
-31.621162
-33.379307
-40.479401
-39.484013
-42.143845
-44.032406
-40.132755
-42.949203
-35.950024
-34.619781
-30.859709
-24.482397
-25.224842
-15.734890
-20.083416
-10.081680
-16.420328
-8.002436
-12.623563
-11.753987
-13.487891
-14.835175
-14.384987
-15.234903
-14.041615
-12.918444
-11.922396
-9.368721
-8.750780
-6.765243
-5.457934
-4.543146
-3.496642
-3.469775
-2.695875
-3.127057
-3.078566
-2.848558
-2.873459
-4.435022
-4.156523
-10.895553
-11.224509
-15.008172
-0.873162
-1.067198
-3.163072
-3.940643
-6.513048
-7.641595
-10.698376
-13.902111
-18.083158
-19.631882
-18.313580
-21.507326
-23.653133
-26.126379
-34.715328
-37.399727
-47.341934
-47.277729
-55.908058
-56.351776
-62.782780
-66.774788
-72.353333
-81.104919
-81.623535
-88.506836
-86.856796
-91.385269
-85.675476
-86.276123
-84.550484
-81.257576
-81.970238
-73.434799
-74.524109
-60.018471
-60.210373
-43.186569
-40.788940
-28.563955
-27.394749
-16.950329
-17.341970
-10.052065
-14.046924
-10.784695
-12.518176
-13.036081
-13.493352
-15.313865
-15.148364
-17.399042
-20.110550
-19.269491
-19.145363
-19.676109
-12.439707
-12.730046
-9.707507
-8.433432
-9.926512
-6.007270
-9.522032
-8.319295
-10.542862
-11.348968
-11.655002
-12.426867
-11.184892
-11.721344
-15.524311
-6.848330
-13.548994
-7.346974
-11.719206
-14.448549
-13.325709
-23.756569
-20.977291
-32.073727
-28.387754
-34.872272
-33.996254
-37.961872
-39.460648
-41.469498
-40.672653
-38.164467
-37.385460
-28.904236
-29.846596
-17.352673
-23.947756
-11.865446
-15.930930
-7.374082
-10.087733
-4.059063
-7.669416
-3.898555
-6.835490
-3.867880
-5.391634
-3.589667
-4.514904
-3.325720
-3.661003
-1.014409
-3.305032
-1.645740
-6.090734
-3.560419
-8.160927
-5.985869
-10.289618
-7.199308
-8.374938
-6.794115
-8.171628
-11.536584
-15.883845
-18.648861
-23.211555
-28.367069
-30.824627
-33.187290
-35.958729
-33.840736
-35.654827
-39.517723
-38.252911
-42.274174
-36.483059
-41.050743
-26.775539
-29.358654
-20.209705
-21.915373
-19.974295
-19.576952
-17.798523
-19.330841
-20.891685
-21.363937
-22.799950
-21.841181
-26.040773
-22.854162
-28.237951
-24.621893
-28.842171
-23.128809
-24.784538
-20.237530
-21.309011
-16.906815
-18.463383
-16.818359
-18.767990
-19.756004
-22.850595
-24.406450
-29.562675
-25.088428
-28.407730
-24.381487
-31.447395
-28.475498
-40.128365
-38.773682
-47.809193
-51.336082
-55.564220
-65.413689
-66.542946
-73.122345
-79.690323
-77.565208
-87.329056
-75.655518
-85.646217
-71.795479
-79.282272
-64.460625
-73.757950
-57.891949
-66.311813
-48.033180
-56.185558
-36.710613
-42.478909
-27.430418
-31.831181
-20.567818
-26.440971
-20.072025
-23.996977
-24.971439
-28.865711
-33.333534
-30.308144
-36.240513
-29.823767
-38.716606
-27.476786
-35.077007
-24.333691
-27.639433
-16.953899
-17.070890
-10.033516
-9.505626
-7.394771
-6.311165
-8.303599
-8.019680
-9.386492
-9.935784
-7.736472
-6.381789
-6.796256
-4.057636
-4.257379
-2.385502
-2.353400
-0.932371
0.411613
-0.665572
-4.429302
-6.249101
-13.511898
-16.449547
-26.210556
-26.509459
-39.372906
-41.151337
-51.795490
-52.615154
-59.891518
-60.933735
-62.695038
-65.336632
-59.776653
-62.733555
-53.842857
-51.629280
-46.060730
-39.509163
-37.652981
-28.028217
-28.771549
-18.083872
-19.243095
-12.050921
-11.373220
-11.610060
-7.254950
-13.190886
-6.881145
-10.663420
-7.515329
-6.499494
-7.471101
-4.264513
-7.847046
-4.950060
-9.366519
-8.443419
-10.114841
-8.867874
-9.825928
-7.982584
-8.911389
-6.976737
-7.740040
-7.324148
-7.312732
-13.883562
-15.075602
-21.800518
-0.340717
-0.360846
-0.657869
-0.807608
-1.356487
-1.699168
-2.254429
-2.402695
-3.347277
-2.830800
-5.588941
-4.888360
-11.412555
-9.658893
-17.736446
-15.924357
-22.374426
-24.627380
-32.439327
-37.118542
-46.622787
-52.893166
-61.240250
-68.142471
-71.895760
-80.837379
-83.204239
-90.184517
-91.171814
-84.445839
-88.642464
-73.634697
-76.020699
-56.530102
-59.386917
-36.368382
-38.670918
-16.459492
-17.503244
-5.825086
-7.496762
-1.243078
-2.517576
-2.450808
-2.033503
-5.136779
-3.670320
-6.789798
-5.719532
-7.395136
-5.793176
-8.141866
-6.431896
-7.077003
-5.053319
-4.135739
-3.523036
-1.353049
-2.128256
-2.198953
-4.076334
-5.890873
-6.190842
-7.413301
-8.328426
-7.138861
-8.288169
-5.304192
-5.485843
-1.745317
-3.551020
-0.011783
-2.503339
-2.457681
-5.174583
-7.200230
-9.729589
-16.134977
-17.304411
-26.032467
-23.041618
-35.820480
-30.042032
-40.526699
-35.623119
-39.983711
-36.527939
-34.018703
-30.528072
-22.979267
-21.410692
-13.476495
-13.298284
-7.154571
-7.099095
-3.937886
-3.196065
-2.359001
-2.786615
-3.878973
-3.587350
-3.257924
-2.926044
-3.173973
-2.528868
-2.063451
-3.318311
-1.091866
-3.274617
-0.816445
-4.007110
-1.471859
-4.234910
-0.909234
-4.258966
-4.241784
-6.155986
-8.462944
-11.441522
-13.129395
-14.450535
-15.191374
-19.872557
-22.300779
-31.005272
-33.376053
-34.126225
-31.818769
-30.925247
-29.839272
-31.965073
-28.290825
-26.962812
-22.254633
-13.675330
-10.290743
-5.062155
-6.804035
-2.986922
-4.812263
-1.124760
-3.610424
-1.666275
-3.974216
-1.615707
-2.613311
-1.069283
-2.879405
-2.138566
-3.678175
-2.321688
-2.860258
-2.719355
-2.049213
-3.152371
-3.657555
-5.027789
-4.841720
-7.354387
-7.449631
-11.286382
-11.360023
-16.622978
-15.924357
-21.049355
-23.845301
-29.075848
-28.050753
-36.279518
-30.401411
-38.493198
-35.168011
-42.711899
-43.779221
-50.020142
-51.818485
-55.591904
-60.338375
-60.941757
-65.167824
-64.644958
-54.548637
-56.604237
-41.378490
-48.633217
-34.504742
-41.367203
-25.509121
-31.327333
-15.401990
-18.188116
-9.372179
-10.817527
-6.579672
-5.886946
-4.901616
-1.637800
-5.516772
-1.352560
-6.258103
1.119850
-2.583363
1.854798
-0.508130
0.551334
0.600920
-3.017852
-0.626939
-3.625153
-0.183123
-3.609443
-1.825832
-3.679157
-2.467991
-4.362065
-2.094380
-3.767037
-2.635403
-3.361023
-2.132183
-2.702173
-0.303896
-2.912788
-0.955383
-2.927027
-1.497880
-5.205512
-3.947706
-12.813228
-10.817527
-22.794180
-20.594248
-35.519527
-31.330276
-50.633823
-46.840767
-66.134987
-60.505295
-75.661812
-69.621696
-79.850082
-67.716331
-71.926697
-57.186493
-59.329475
-40.928783
-44.449860
-24.937164
-28.519608
-14.634640
-15.017088
-8.000965
-6.393604
-4.952674
-1.986863
-3.508307
-0.378520
-1.631908
-1.190056
-0.876832
-1.253388
-1.631417
-3.078238
-3.362987
-5.011588
-3.142061
-6.316525
-3.083638
-6.856074
-3.769492
-6.790781
-5.108305
-7.349968
-8.308787
-10.170458
-13.418563
-15.533564
-15.792293
-18.566635
-22.664572
-1.239209
-1.330637
-2.635560
-2.725170
-4.395284
-4.792943
-6.111113
-5.088784
-5.801764
-5.069044
-6.056827
-3.783342
-6.798119
-5.054238
-13.879872
-12.735206
-20.209164
-19.433067
-28.641554
-29.741282
-36.162262
-37.923805
-40.549755
-40.685596
-43.267651
-45.734379
-46.576714
-47.033852
-47.566319
-46.882683
-50.272263
-44.130501
-45.301140
-35.222012
-36.671349
-26.689102
-26.426769
-15.171289
-13.878055
-8.921995
-6.897858
-5.349301
-5.913971
-5.421248
-7.676291
-7.625644
-11.931579
-9.862247
-15.568688
-10.436788
-17.522696
-11.904044
-17.922432
-14.132856
-15.617259
-12.732610
-14.414673
-12.078330
-10.681199
-10.187439
-10.933146
-10.963535
-8.674985
-8.753427
-5.453197
-6.910585
-7.552657
-8.093172
-8.099666
-6.113190
-9.132644
-5.260990
-8.011614
-4.229051
-6.191111
-6.482017
-7.818109
-10.633668
-9.860689
-14.718565
-13.092346
-19.832542
-16.133356
-23.567574
-18.950474
-23.806791
-18.940344
-21.003700
-17.275944
-14.392336
-12.053135
-11.160677
-9.329004
-7.304348
-7.546424
-6.579679
-5.894750
-5.402028
-4.542035
-4.048014
-3.008024
-4.149832
-4.490347
-5.350340
-3.568279
-3.352956
-5.254237
-6.082801
-7.283309
-6.683054
-7.768499
-5.753453
-7.265907
-4.794501
-5.521767
-3.864120
-4.902032
-5.266964
-6.649028
-7.756811
-9.646665
-10.120687
-13.726107
-15.111809
-19.550468
-19.543194
-24.633801
-27.500784
-26.183655
-28.915314
-27.087542
-28.827003
-22.114599
-20.275137
-13.634160
-9.117059
-9.590301
-8.314988
-7.258894
-6.123320
-9.107708
-7.368503
-10.849770
-9.778612
-12.083005
-11.164312
-11.241974
-9.853155
-11.277560
-9.262773
-9.141475
-8.878879
-7.110583
-7.607981
-8.648752
-9.101214
-9.170825
-8.382001
-8.616803
-8.818360
-9.717052
-10.086921
-12.350276
-9.707183
-12.407159
-10.199387
-13.391044
-14.336750
-19.806568
-19.546572
-26.176380
-26.289885
-35.294739
-27.573769
-40.338329
-31.841522
-44.451797
-34.619160
-44.709194
-39.391327
-43.187389
-37.070568
-38.207954
-32.615021
-32.828266
-26.903906
-27.187019
-18.134119
-19.598000
-10.659123
-11.243274
-7.102272
-10.041466
-5.906438
-9.711339
-6.168775
-9.814715
-10.585096
-9.791338
-11.826125
-10.646396
-12.226380
-10.258087
-13.101958
-10.570031
-12.867153
-10.848730
-12.009239
-8.587712
-9.348745
-7.383568
-9.374459
-8.551609
-8.763036
-6.952144
-6.815002
-6.916559
-6.730327
-7.884861
-8.056290
-6.156047
-5.641766
-6.938377
-6.793704
-5.884361
-7.432919
-4.208532
-5.933971
-6.799417
-8.537325
-12.067680
-12.718324
-17.846067
-18.529697
-27.860264
-25.871967
-33.323849
-29.772190
-36.092644
-33.000729
-38.872623
-33.909298
-34.939678
-30.707769
-29.824139
-25.286777
-25.008600
-16.660364
-17.745289
-13.044816
-12.758323
-10.028480
-10.654187
-8.365637
-8.336806
-9.168228
-8.312910
-9.690299
-9.670300
-10.386916
-10.079389
-9.864325
-10.898860
-9.909259
-10.961977
-9.571600
-9.907701
-9.514718
-9.062775
-6.619160
-5.629298
-3.806718
-4.330349
-3.566461
-4.760215
-5.791635
-6.552926
-10.078608
-11.130287
-14.628696
-1.115073
-1.156393
-2.980798
-3.019248
-4.440780
-4.625574
-5.597173
-5.763029
-5.904206
-5.713100
-2.339760
-1.676339
2.470608
5.107643
7.562180
17.101995
10.802951
19.798141
10.440251
17.534710
6.270347
9.822170
0.785659
0.421813
-1.881217
-7.612680
-7.303355
-13.679875
-10.524611
-14.791501
-11.215579
-12.987188
-9.954736
-11.020454
-9.514565
-8.033919
-6.741516
-4.056272
-3.772196
-2.352384
-3.462294
0.085510
-2.517092
1.872037
-0.838457
2.899879
-0.685803
5.216682
-0.769017
5.548392
-0.281782
4.550392
-0.903880
3.748092
-2.851671
2.396576
-2.206617
1.667158
-0.644481
1.439322
-0.270877
-0.875760
-2.024693
-1.630428
-1.719955
-2.921113
-1.370455
-3.489840
-3.473196
-5.341792
-4.007492
-0.073459
-0.112482
4.465457
2.114221
6.049975
0.155524
1.930574
-3.915093
-2.678356
-6.291581
-7.087000
-8.425890
-11.132939
-8.211826
-9.771092
-6.079243
-5.174790
-4.047089
-0.288668
-1.720530
2.242199
0.913636
2.253102
0.738600
-1.108760
0.684654
-2.910783
0.444193
-3.827289
-1.974764
-3.454259
-4.827010
-3.380227
-4.511369
-2.005754
-2.491842
-1.535736
-0.612916
-2.195713
0.231853
-4.335184
-1.283797
-4.912519
-4.004622
-5.775080
-6.234194
-6.671501
-9.445696
-7.655151
-7.802068
-4.204336
-6.310522
-1.606324
-3.520831
1.649940
-1.503025
5.313670
2.579646
5.206926
5.232178
5.327444
6.670351
3.574776
5.284976
3.385966
3.855409
2.061422
1.217226
0.326545
0.006313
-1.362994
0.651943
-1.946069
1.727417
-1.637890
1.332005
-1.820960
0.779919
-2.822976
0.356387
-3.213797
-0.125683
-0.104448
2.653105
3.538047
3.995440
6.190004
5.307931
8.676681
6.396032
8.014407
4.925144
9.685010
5.846242
6.277811
7.327458
6.602059
8.971087
7.253426
10.038529
2.637036
6.987717
-2.818386
-0.404596
-6.268055
-8.499346
-8.503362
-11.986318
-9.091605
-14.944159
-7.798626
-12.398372
-5.647676
-7.899057
-4.227292
-5.775654
-2.621540
-4.624998
-1.636742
-2.807482
-2.135454
-1.699295
-2.951528
-0.626690
-3.889843
0.280635
-4.775360
-0.111336
-4.284107
2.730007
-0.214062
5.553558
5.243081
9.221877
10.859768
13.131234
14.829381
13.811296
14.687631
12.561358
11.280431
10.585447
8.652577
6.284696
5.084114
4.300750
3.076637
3.292421
2.051666
2.012067
2.242198
0.317363
0.269730
-0.820092
-1.678635
-0.580205
-0.140604
-0.165281
3.532308
0.869448
2.907912
-0.872316
0.808041
-5.531748
-5.047384
-12.231370
-9.412412
-16.143597
-11.876706
-19.708038
-13.345295
-19.899723
-11.947291
-14.859800
-9.000356
-9.151290
-6.334051
-4.303046
-5.587417
-3.777935
-6.833911
-5.421563
-8.649134
-8.246262
-10.405242
-10.762206
-10.424755
-11.210416
-8.181409
-8.689307
-3.563873
-4.494153
0.820667
-1.128847
1.660270
-1.151802
-0.447062
-1.319952
-3.263726
-2.396001
-3.701032
-2.639331
-5.401476
-4.633608
-8.184854
-8.987730
-6.812677
-8.797197
-3.663156
-2.372375
-2.577123
-6.434633
-7.215946
-11.755238
-13.292271
-19.461014
-20.482620
-29.515705
-30.222370
-39.733913
-38.515381
-51.857407
-49.018661
-68.446266
-64.234711
-84.025604
-83.913979
-101.609055
-103.852745
-117.816856
-119.735634
-128.389801
-129.410690
-135.019943
-132.921982
-139.559937
-130.044830
-137.609863
-114.680214
-121.247070
-91.461929
-97.165016
-68.360947
-69.376160
-48.688076
-47.871223
-39.534847
-36.465759
-35.882088
-32.938126
-29.653627
-26.652786
-24.108368
-25.587101
-18.868099
-27.783167
-17.250019
-28.325607
-16.517050
-27.311821
-19.891838
-33.195480
-26.154425
-35.286331
-25.525251
-33.394543
-26.162956
-26.823410
-20.213890
-20.920555
-19.404850
-18.414524
-17.092905
-15.556582
-15.785503
-17.382963
-15.608481
-18.681835
-12.661674
-20.634760
-14.373594
-23.418053
-21.697603
-29.577557
-31.017189
-36.438038
-41.106007
-43.565113
-55.354481
-55.217266
-62.006649
-54.733124
-58.402950
-52.933044
-49.273170
-45.451210
-39.050705
-36.013611
-28.872313
-27.977251
-23.666882
-26.357754
-17.342442
-20.556559
-13.044155
-14.603226
-7.456951
-10.110144
-4.937412
-8.721697
-6.765925
-8.162194
-8.811274
-6.964986
-8.142999
-12.078711
-10.831738
-14.662944
-10.361814
-13.215487
-13.260279
-16.997639
-14.657257
-20.875057
-19.700598
-24.464542
-26.852558
-30.989464
-33.625595
-36.453674
-37.521496
-41.620014
-46.956257
-50.888405
-61.828926
-50.682247
-67.059952
-41.951305
-61.393837
-38.449257
-54.348515
-27.400688
-44.158745
-26.483585
-39.137440
-26.508471
-30.950363
-30.237299
-31.214119
-34.484398
-35.689423
-40.021843
-38.041183
-41.879498
-37.745438
-40.395081
-38.071754
-38.982456
-37.720554
-36.034225
-32.682190
-31.427399
-29.523525
-33.898594
-32.264874
-37.196602
-38.299965
-42.379993
-44.008030
-50.835091
-52.643696
-60.810863
-57.848431
-67.209244
-69.944191
-77.733147
-82.111061
-88.377205
-92.322159
-102.875214
-103.655098
-115.735947
-109.729286
-125.189903
-113.786575
-128.258987
-116.633850
-128.346436
-118.997696
-126.713425
-107.701004
-111.350204
-96.805275
-91.983765
-76.161987
-72.923706
-52.792999
-53.422878
-38.211098
-39.906666
-33.699535
-34.966412
-33.213966
-34.972813
-33.879395
-35.829479
-39.823486
-38.415134
-45.577053
-33.260174
-40.773296
-26.313675
-34.664978
-18.910753
-24.947264
-14.329519
-16.344294
-6.015182
-8.357701
-6.798630
-8.433058
-12.024680
-12.439153
-16.240501
-17.826584
-19.259111
-21.379108
-20.020517
-21.008709
-19.473812
-20.823866
-13.716694
-18.120199
-7.663833
-13.396777
-11.892447
-17.222294
-24.809345
-31.251801
-39.991978
-42.129040
-59.645649
-57.916672
-81.282112
-79.432274
-85.170906
-84.562347
-80.147469
-77.571770
-75.644432
-74.082520
-68.279198
-62.500038
-56.892933
-44.807114
-42.625977
-31.379055
-31.224785
-26.695444
-24.664318
-22.936045
-20.885008
-19.615284
-17.332489
-17.242201
-13.790634
-16.207794
-13.317863
-15.744268
-14.901814
-17.749804
-15.956126
-19.557699
-17.053802
-17.487471
-16.789335
-14.366485
-15.840955
-16.018690
-18.152189
-20.124313
-21.621531
-24.170221
-27.218689
-30.119284
-34.946507
-34.969254
-40.796047
-45.164001
0.109868
0.203347
1.290497
1.873224
3.128515
3.857530
4.476070
8.204913
8.024632
12.020561
7.843137
12.631209
4.846951
10.680895
2.256853
8.112041
1.295959
7.003646
-1.037376
4.655743
-2.747922
4.327353
1.304459
6.041540
3.265089
3.372532
-0.047954
-0.019426
-3.371926
-8.539983
-11.215063
-12.860050
-14.792153
-14.659827
-16.035305
-11.904016
-11.632683
-1.656521
-2.115419
3.964970
6.404531
4.536163
7.202745
4.085764
3.773762
1.935744
-2.399499
-2.146378
-8.318423
-7.814607
-13.476161
-11.403842
-16.879045
-13.325624
-16.870544
-15.303254
-15.558805
-17.349472
-14.737523
-17.308197
-12.717405
-16.913643
-9.391612
-15.139970
-5.202050
-10.756771
-4.481533
-7.579090
-8.354238
-4.631463
-4.510669
-1.932710
-3.651754
1.234045
-3.877561
4.831168
1.359696
6.709248
6.660688
4.792927
1.488988
-1.265610
-3.639006
-7.969394
-7.350248
-11.068166
-8.463498
-11.903406
-6.635195
-10.139446
-3.476937
-5.486736
-2.043793
-2.315732
-3.306367
-1.256505
-5.185054
-2.719391
-3.938868
-1.399151
-0.461326
0.712019
0.570586
0.880767
0.900191
-0.167534
0.401839
-1.790064
-2.448059
-3.223207
-2.627126
-2.520900
-3.285122
-2.232571
-1.751822
1.688086
1.377906
2.537897
2.267778
2.939128
-1.351805
1.912072
-1.456210
2.356402
-1.205516
2.380075
-9.619241
-11.088198
-16.852335
-16.278105
-19.823633
-20.036087
-23.075369
-23.349131
-16.990128
-16.604069
-8.306284
-3.745840
2.010407
4.378342
6.587847
6.145947
9.061402
4.868802
8.558193
3.179502
5.924388
0.308359
3.761016
0.275580
2.483265
1.027663
1.484133
0.685312
1.148458
0.416406
1.836195
0.290152
2.451094
0.626433
3.188001
4.207167
5.603284
3.079958
3.958898
1.303244
-0.108047
0.544486
-3.158257
-0.892907
-3.791970
-0.066771
-6.562355
4.899153
-6.340796
3.827180
-4.729799
7.217922
-0.486211
3.753124
-3.302122
-7.290156
-11.352856
-15.541806
-13.898033
-17.030190
-14.467404
-13.321982
-11.395342
-0.298040
-0.138398
7.622188
6.522290
10.920056
10.469049
13.340800
15.441046
15.147861
20.147169
16.225296
17.812624
12.264577
13.537472
7.209422
9.840191
5.247577
7.006682
2.099030
5.018734
-0.129293
2.344261
-1.652273
-0.873483
-3.969826
-4.001390
-6.885888
-6.730494
-8.943642
-8.201879
-9.613171
-6.498010
-9.125136
-6.258849
-8.450145
-3.994713
-6.501652
-2.368541
-4.938003
2.092960
-0.555411
4.595649
4.049344
3.130334
1.502342
-7.946937
-1.604320
-12.005386
-4.260584
-15.651679
-7.838887
-17.946770
-8.601898
-16.949453
-9.109354
-13.465842
-8.833773
-11.512494
-6.845827
-10.166759
-3.273589
-3.915802
-1.964883
-2.350939
-2.931237
-2.263530
-3.908518
-3.140655
-6.888316
-4.242980
-7.340536
-4.547091
-7.895947
-4.326139
-7.852242
-4.167103
-7.556629
-4.325532
-6.899849
-4.010496
-5.674909
-3.211675
-3.621404
-2.774023
-1.522980
-1.140566
0.257979
0.929934
-3.010148
-1.270466
-3.333076
-1.896064
-2.203666
-4.884501
-5.740042
-9.099844
-10.819334
-15.325462
-16.491409
-22.159983
-25.192564
-25.324293
-28.522938
-25.879938
-29.885777
-32.598137
-38.813953
-41.321709
-48.681744
-57.855164
-67.019470
-71.557137
-82.614708
-86.057190
-94.685471
-102.085449
-103.996918
-113.028091
-112.204796
-117.579063
-104.598793
-112.010681
-88.589462
-90.759506
-66.173050
-65.229210
-44.224667
-43.426579
-29.281078
-28.539053
-23.634226
-25.168039
-18.178665
-19.821081
-16.382805
-19.581448
-16.389109
-19.287155
-14.893139
-19.606670
-14.812560
-19.352320
-17.250956
-22.796206
-21.448082
-23.536133
-25.976631
-22.227245
-25.161732
-19.432899
-24.939611
-20.750195
-25.675335
-17.479382
-21.822948
-14.331886
-18.025919
-15.024167
-16.164886
-13.878540
-12.009105
-12.254344
-8.701152
-10.295920
-8.710962
-10.403126
-14.529480
-12.753936
-26.038996
-24.633413
-43.816868
-36.884953
-55.144196
-46.151558
-56.414547
-48.351723
-48.761627
-43.746094
-37.041203
-33.552471
-22.337254
-22.372990
-15.704535
-14.036196
-13.157533
-8.010975
-11.129038
-4.338664
-9.290431
-4.108839
-7.683052
-4.869786
-6.006303
-6.174469
-6.379069
-6.654441
-6.812797
-8.000463
-8.986332
-9.731165
-10.808123
-10.507525
-12.831012
-14.320677
-13.221995
-16.949659
-17.763159
-20.645092
-22.589504
-29.394590
-28.646954
-30.812084
-30.166052
-34.836838
-36.608181
-52.286087
-50.964592
-61.962593
-60.857616
-62.882599
-59.804474
-55.954895
-53.492676
-41.754738
-39.994610
-26.270924
-24.882156
-22.289608
-23.129034
-27.200737
-25.748909
-31.364931
-28.751358
-38.837074
-31.002672
-38.283524
-28.702311
-35.295788
-27.691217
-31.712467
-26.228880
-27.361191
-26.377424
-23.257259
-25.876434
-23.345547
-29.763853
-28.473185
-35.889275
-33.232964
-40.933533
-37.604561
-48.433006
-44.034775
-45.134163
-42.371349
-38.806240
-39.557381
-41.192787
-48.989349
-46.867664
-54.578747
-55.901646
-63.812420
-61.800041
-68.081711
-72.437897
-70.000908
-74.044579
-72.367134
-75.501305
-76.108109
-70.967155
-73.063629
-62.095043
-65.874550
-55.225471
-58.557953
-40.360363
-43.146305
-28.327444
-30.602579
-26.869307
-29.446442
-25.866625
-31.913568
-30.997768
-40.612617
-38.861595
-52.103207
-47.087681
-51.300922
-45.157982
-45.703114
-39.747261
-36.941010
-33.496418
-26.790833
-24.147133
-17.798193
-15.059201
-13.189763
-12.035029
-10.064693
-9.108252
-10.077305
-5.526332
-8.836385
-4.948264
-11.740039
-8.267426
-11.944639
-7.063643
-12.883564
-7.273148
-13.390862
-7.815482
-11.503205
-6.431621
-18.091782
-10.047876
-33.016449
-26.275826
-50.478317
-44.735466
-71.742119
-65.493378
-83.541718
-80.439056
-85.842766
-83.594261
-89.517189
-76.564957
-80.412430
-63.222439
-63.478893
-42.826790
-44.041088
-24.753929
-27.752176
-14.125884
-16.454973
-9.438276
-12.504489
-8.504258
-11.665765
-11.391096
-14.788032
-14.214171
-18.351738
-13.795157
-23.693787
-15.722754
-27.410244
-17.695192
-26.485332
-16.936348
-22.672188
-16.478796
-18.983057
-16.280502
-17.009214
-15.143286
-15.895123
-17.612511
-19.672535
-24.730806
-27.739563
-26.797138
-29.270569
-34.243355
-2.497032
-2.764477
-6.731157
-7.302578
-11.636506
-13.108765
-17.968451
-18.830149
-23.563942
-26.298412
-25.925945
-30.976751
-26.119680
-29.807823
-24.909000
-25.417149
-15.947602
-11.361232
-4.287614
1.484650
3.123898
9.785910
13.373600
17.862123
25.184269
23.925972
28.496685
23.237135
24.576324
16.420525
13.865439
9.811352
8.761789
8.765699
9.866796
5.461112
6.883795
-2.735123
-1.502264
-11.403633
-14.261392
-17.366373
-22.882933
-18.347441
-26.520197
-17.121756
-26.584772
-10.541282
-24.524788
-6.377607
-16.513155
-6.926849
-11.762401
-7.764412
-7.810723
-5.628106
-3.961461
0.740368
-3.830999
-0.562941
-4.589633
-3.498324
-2.647715
-3.512674
-2.084121
-2.560958
-6.889016
-4.086052
-10.790464
-6.633311
-9.692631
-4.430470
-4.527663
-0.647089
1.016947
1.699912
2.640539
3.750763
-0.579249
1.046300
1.288307
0.403778
-0.408345
2.238718
-0.039792
5.517865
1.762534
6.370431
3.120637
4.601373
2.660760
3.586384
3.108242
1.834288
1.699912
0.244615
0.720147
-2.130435
-0.707101
-2.575308
-2.259592
-3.050188
-3.763160
-1.746226
-4.251085
-1.286350
-3.097154
-3.230878
-3.144120
-3.802298
-1.808848
-3.547899
-2.377659
-1.680343
-1.657513
0.065231
0.261575
1.939309
1.621636
3.965374
2.999960
6.344338
4.478088
7.329974
7.173421
6.164954
4.684868
-1.969316
-0.606647
-0.819951
3.376992
7.359979
4.933398
9.339079
1.075656
3.973204
-7.841382
-8.712210
-21.640940
-18.136749
-31.494034
-25.975519
-40.069908
-30.554716
-35.911461
-26.500629
-31.806494
-24.387154
-29.216179
-23.763550
-25.419752
-23.032961
-21.427635
-20.422430
-21.440029
-22.363045
-23.747892
-24.788324
-25.385183
-27.595201
-29.858053
-35.006714
-35.844933
-30.879564
-33.195263
-24.051212
-28.402102
-17.146544
-26.713282
-7.896830
-15.946300
5.987527
-5.075602
14.809979
2.134349
9.813308
9.061853
10.142071
17.133497
10.479964
20.370241
10.607167
15.763000
13.359249
9.222315
7.616339
4.335884
1.921696
0.390078
-8.110785
-10.821774
-18.389843
-21.595278
-26.807213
-31.655155
-36.690968
-43.150761
-46.586468
-54.907940
-53.858387
-53.707047
-52.551167
-46.739101
-47.027431
-36.344593
-36.243492
-22.892717
-23.501318
-10.240567
-11.848507
-6.744202
-8.159710
-5.375010
-6.206050
-4.304575
-3.552465
-1.953007
-1.733832
-3.093894
-2.350262
-2.673155
-3.155862
-6.280414
-6.030580
-8.093174
-8.005765
-1.384195
-4.020821
0.115459
-1.574670
-1.101747
-2.765782
-1.851247
-0.696012
-8.313657
-0.967372
-5.937953
-0.720799
-0.403780
1.345708
2.195666
2.750781
5.643108
5.496337
4.420685
7.958797
5.520473
9.766343
4.605289
8.617630
2.473547
3.847307
-0.230916
-4.247824
-7.080793
-10.803511
-12.408838
-12.043547
-14.424465
-11.159670
-14.903259
-9.885715
-13.957415
-8.393888
-11.001158
-6.396524
-6.544598
-3.202828
-3.022140
-1.341143
-1.018904
-0.021526
0.150031
0.577944
0.895618
1.877340
2.951037
2.865585
4.847947
4.012341
-1.071330
-0.996656
-2.883432
-2.669365
-4.156882
-4.230561
-5.015142
-4.584020
-6.444910
-7.415678
-28.881119
-26.512445
-59.628113
-56.400177
-90.121201
-93.742416
-108.907333
-118.734482
-128.291840
-137.146255
-134.984665
-139.255051
-126.724648
-127.964272
-110.274361
-118.016624
-103.914093
-111.306870
-104.151047
-94.433418
-91.659492
-79.479576
-76.561295
-65.372063
-61.874321
-49.414616
-42.527637
-32.590950
-25.874228
-26.859930
-23.556328
-24.195543
-21.105013
-24.153723
-22.768761
-21.774096
-31.350357
-24.272207
-35.949314
-26.508461
-28.004938
-24.393681
-21.378820
-20.791376
-18.610884
-19.519926
-20.129267
-19.205294
-15.478537
-13.918335
-12.798218
-13.130769
-10.802917
-12.789258
-8.908175
-10.558978
-9.998421
-9.222801
-13.585786
-11.261914
-15.064342
-23.074430
-23.788319
-33.386482
-33.619465
-47.216202
-41.074966
-55.297981
-44.786793
-60.326073
-51.360142
-57.624844
-47.723999
-46.177731
-47.151482
-31.775503
-46.426643
-25.213110
-34.885948
-19.828577
-27.761000
-19.251093
-22.408333
-14.810448
-17.503710
-13.870546
-13.201460
-10.668500
-13.026225
-11.481956
-13.358774
-12.150043
-12.399955
-15.370011
-12.426837
-17.966692
-15.222651
-22.664217
-19.298883
-19.770826
-18.605906
-18.576036
-19.099754
-16.713156
-16.206366
-20.646013
-21.538128
-28.843287
-29.148951
-35.413647
-36.303768
-43.939487
-48.638012
-62.427902
-67.044785
-87.597191
-65.403931
-90.068443
-58.736000
-71.246475
-44.063946
-48.843109
-28.273769
-25.859287
-14.175217
-6.497681
-12.076365
-7.294209
-19.295898
-19.972948
-25.185228
-26.119158
-30.610582
-31.331440
-38.089981
-36.746834
-34.461796
-35.769096
-30.808720
-29.216658
-25.636267
-19.933121
-16.810728
-10.143788
-9.840112
-3.214988
-2.913302
2.025172
1.845955
4.550168
2.785857
6.123312
2.869493
-11.735849
-19.558752
-38.364780
-51.309364
-61.832497
-82.596001
-76.822166
-105.764015
-87.664902
-127.823868
-86.557747
-132.968445
-101.325356
-126.400070
-110.044365
-120.365387
-108.957108
-107.769287
-83.705170
-80.375679
-60.486374
-57.337086
-45.642067
-44.572731
-33.756863
-34.624084
-20.031693
-19.051958
-18.649714
-18.315170
-20.115326
-24.675449
-22.403353
-31.149235
-34.167076
-37.642929
-46.815945
-43.449623
-47.083782
-44.244160
-51.092308
-44.380566
-56.456928
-44.965015
-56.224945
-39.257889
-46.469460
-32.964321
-35.689445
-27.752039
-25.200165
-23.857021
-20.266668
-18.711447
-17.229902
-15.284383
-16.972027
-12.017620
-15.182825
-9.384099
-14.948846
-6.746594
-13.330897
-11.651217
-20.789392
-23.083387
-36.329659
-39.509792
-47.044952
-49.192589
-54.571152
-67.532654
-64.618355
-74.697433
-72.353653
-71.892647
-71.815987
-61.682152
-65.653839
-43.263435
-60.006454
-33.717045
-46.026382
-22.587551
-33.600555
-21.322067
-31.624172
-22.168379
-27.882473
-23.136160
-23.941648
-20.200956
-20.442898
-18.284307
-18.964344
-16.020176
-18.397814
-18.585991
-24.158703
-23.193911
-26.177900
-24.115892
-21.704399
-20.672897
-14.549585
-14.866204
-12.806184
-13.520072
-12.963497
-14.328549
-16.614586
-18.840883
-22.980837
-25.259903
-28.397228
-31.083521
-44.926186
-1.584461
-1.842471
-4.580607
-5.317319
-9.040963
-10.406115
-15.228605
-16.021528
-22.345551
-22.807663
-22.391624
-23.309862
-20.312336
-22.423876
-20.259811
-23.480335
-25.588648
-25.060188
-28.715181
-23.897299
-29.095747
-23.726366
-27.521425
-25.048210
-26.367748
-26.940439
-25.515854
-24.372776
-26.672758
-26.215708
-30.826719
-31.154762
-33.762054
-30.619852
-32.023243
-23.482637
-24.002808
-18.465717
-17.959829
-18.013739
-16.634300
-17.705046
-16.673927
-17.315727
-17.690304
-16.002178
-17.541943
-11.263539
-14.247247
-7.869319
-10.116313
-7.162555
-9.125278
-6.889802
-8.627225
-5.336670
-8.717528
-5.606658
-10.137048
-7.715435
-8.859435
-10.659519
-8.458137
-13.900775
-8.923015
-13.677781
-9.629320
-11.963393
-9.096712
-7.642639
-8.889843
-1.572942
-5.999205
2.357110
-2.963896
1.077193
-2.729382
-3.164775
-6.770471
-9.493863
-10.521759
-12.022828
-10.886197
-13.682848
-11.007832
-15.917865
-12.375749
-15.945508
-10.014032
-11.133153
-6.944168
-6.756189
-4.568628
-3.063875
-2.615120
-2.331309
-1.284984
-3.451350
0.218848
-2.850555
1.554052
-0.803518
-1.235686
-0.334953
-2.445570
-0.853277
-3.636565
-2.375540
-3.596943
-2.278786
-1.570639
-4.086701
-1.225550
-5.289215
-2.008796
-6.471456
-5.689131
-8.043016
-10.279874
-7.725110
-10.369718
-6.590325
-11.064503
-8.028733
-9.331225
-8.093697
-7.824628
-10.049511
-7.472630
-11.679582
-12.951665
-15.162723
-15.224922
-13.908147
-16.632462
-14.231582
-19.003391
-18.114178
-19.491768
-19.639662
-23.138008
-22.594345
-27.166201
-27.036274
-28.290848
-28.364567
-28.426760
-29.427015
-28.356730
-30.588060
-29.289259
-31.910366
-28.853865
-31.859684
-29.359749
-31.807623
-30.836399
-31.329845
-30.384878
-30.387640
-31.225254
-33.169548
-37.397236
-27.387810
-36.879375
-29.978975
-35.002346
-32.337006
-33.068649
-33.638577
-33.414658
-34.197906
-36.393761
-31.707645
-39.787060
-29.817255
-41.219940
-25.460566
-35.677315
-22.179226
-27.062532
-20.535788
-22.663456
-21.533274
-22.533068
-22.501736
-22.797991
-17.369633
-18.025715
-13.989235
-15.359918
-15.528083
-17.273800
-19.417591
-21.774239
-23.665089
-25.834682
-29.118324
-28.574194
-30.538307
-25.192419
-25.615829
-22.219769
-19.328205
-15.515642
-12.190994
-7.203560
-3.799666
0.561174
1.794094
3.432000
3.126073
2.886953
2.816921
0.737633
0.982283
-1.913425
-1.514890
-2.069613
-1.045403
-3.203937
-0.542283
-5.545843
-1.903749
-4.284817
-2.653361
-0.800754
0.309613
-1.538848
0.253864
-3.934659
-2.896167
-6.618890
-5.385507
-14.098429
-11.683728
-20.698891
-17.629028
-23.286827
-20.277779
-21.243015
-20.307730
-21.220438
-20.927414
-22.021193
-17.468693
-21.494116
-11.426638
-17.033760
-5.309948
-9.299896
-1.576628
-3.509864
-1.169340
-4.534534
-2.874973
-5.145927
-2.231329
-4.863958
-2.821988
-5.357865
-0.428943
-1.935079
4.030032
2.340984
4.776879
3.030241
1.759539
0.850052
-2.691602
-2.718785
-5.058388
-4.323518
-7.080084
-6.433675
-8.695874
-9.005486
-8.555812
-8.956650
-9.613194
-1.594688
-1.864250
-5.385240
-6.039796
-11.156141
-12.338478
-18.696543
-17.771093
-26.311012
-24.973209
-35.388721
-33.393024
-41.616009
-40.627834
-45.573372
-50.256683
-47.564396
-58.141376
-50.999313
-66.519157
-65.022552
-79.221939
-84.332962
-95.003349
-103.537270
-107.545334
-115.255211
-116.749153
-117.702621
-107.756172
-111.165070
-96.816216
-99.372375
-85.300438
-86.602882
-67.193726
-66.912155
-46.683647
-44.025394
-31.291908
-29.023312
-19.640678
-17.146559
-15.800752
-14.308149
-14.629091
-17.590271
-15.579899
-23.537321
-18.118719
-25.751204
-23.778858
-26.493830
-26.118849
-23.598040
-21.167309
-18.252165
-16.303844
-9.692898
-9.606826
-7.500370
-11.561152
-8.263684
-14.077956
-9.267203
-12.794199
-13.799052
-11.984842
-13.344000
-8.152258
-16.142374
-12.444570
-22.238886
-18.569769
-24.597555
-25.400904
-23.300455
-26.866150
-23.431231
-31.658216
-25.642441
-39.877872
-32.196674
-47.861313
-39.243328
-52.332439
-46.428764
-52.191654
-43.808540
-39.598961
-31.335943
-29.388956
-22.593185
-19.075531
-14.292138
-12.417212
-9.955120
-9.072371
-9.272541
-9.717586
-9.018325
-10.834535
-6.549562
-9.613497
-4.589898
-7.340233
-7.106035
-6.447476
-10.031853
-6.233293
-11.952817
-7.088019
-12.675430
-6.594934
-11.134790
-9.085049
-11.048049
-11.608524
-13.191202
-17.364079
-18.083357
-22.881432
-26.545210
-32.003178
-41.894917
-49.107708
-49.838329
-61.711742
-54.866596
-66.018730
-60.447338
-68.620277
-58.223450
-66.022736
-46.987904
-51.044685
-38.182426
-36.276810
-30.602655
-29.264851
-26.469145
-24.559523
-26.686663
-22.164825
-29.060680
-22.007355
-26.734039
-20.215166
-24.927170
-19.837515
-22.379671
-18.694542
-17.767086
-18.427649
-21.378822
-25.042601
-25.767883
-32.645725
-31.590158
-39.743084
-37.550560
-42.183159
-41.361790
-45.022236
-45.037579
-46.766384
-50.214645
-49.809635
-55.880791
-49.976440
-60.758934
-49.149742
-61.039837
-51.696575
-67.346519
-70.389114
-80.055313
-85.466576
-92.930939
-92.382454
-98.425583
-84.783333
-87.598389
-79.793091
-78.437943
-75.953156
-74.452553
-61.707741
-62.018005
-41.426517
-43.088593
-28.043150
-31.963814
-22.004019
-30.178293
-20.960466
-35.715672
-26.411095
-38.665504
-32.152637
-35.655613
-29.303553
-30.840855
-28.843161
-27.521372
-28.460169
-25.074627
-25.762547
-18.890041
-19.066193
-14.847942
-12.855585
-13.221893
-8.034156
-11.224865
-5.477318
-8.289707
-4.693319
-9.365954
-6.201934
-9.808330
-6.044466
-5.905015
-2.939830
-2.669600
1.100935
-1.717458
-1.760161
-9.373293
-9.690896
-22.332966
-19.611990
-35.708992
-32.387508
-54.354160
-49.498707
-71.169785
-64.441399
-85.283089
-75.734306
-92.778786
-78.188393
-86.971848
-71.605469
-70.660004
-55.774696
-53.036373
-38.979771
-37.786091
-29.309561
-26.755390
-20.488064
-20.772305
-14.037255
-17.366079
-12.207033
-15.573224
-11.108100
-15.508505
-12.725472
-19.808153
-17.709040
-23.230392
-19.618662
-22.615871
-16.914366
-19.617990
-13.563518
-16.971079
-10.348122
-13.495461
-9.615499
-12.403868
-10.484904
-14.242093
-13.984542
-18.020638
-18.116718
-21.437538
-29.593130
-4.382410
-4.901919
-12.628479
-13.909782
-22.774858
-25.016954
-34.553436
-35.898544
-45.883907
-46.256828
-34.142544
-35.846893
-13.408502
-17.798510
1.573717
-6.004741
9.556995
2.665903
8.448104
0.499001
-6.112590
-17.553185
-27.922863
-39.153076
-46.989758
-52.017002
-56.725243
-62.533260
-61.776028
-68.515968
-74.308060
-70.213493
-75.303009
-61.286140
-65.796913
-50.989372
-52.959560
-37.758595
-38.325954
-30.185461
-30.703451
-23.170567
-24.618206
-19.163359
-19.437546
-14.363213
-15.879971
-9.888903
-15.088552
-11.404899
-12.101376
-10.876274
-10.304358
-9.023813
-7.336930
-10.288409
-4.443171
-6.891092
-6.158160
-8.135180
-9.443826
-13.738132
-10.221572
-17.560780
-10.283852
-16.256691
-14.060168
-16.380493
-20.199339
-16.903797
-25.033663
-7.394652
-15.305013
2.837553
-5.299148
5.295348
-0.139752
2.104620
-4.905716
-8.069104
-8.618231
-20.696821
-19.617548
-31.668034
-28.099831
-36.363365
-33.841770
-35.715496
-31.083210
-25.642033
-22.484724
-18.452450
-14.120928
-12.695315
-9.332938
-10.844376
-6.714125
-11.262110
-5.384972
-12.236567
-4.773561
-6.569057
-5.398643
-2.615775
-3.540865
-1.481817
-2.390198
-1.575237
-3.451243
-3.084396
-5.707767
-4.011766
-6.837927
-3.228704
-7.587569
-4.172783
-6.631339
-7.733397
-12.930007
-13.073557
-18.301308
-14.202958
-21.391018
-16.592396
-25.994452
-20.976326
-35.844616
-34.754715
-43.571934
-42.084045
-47.722691
-43.449654
-49.136150
-41.280476
-36.562359
-31.994631
-29.141127
-29.179861
-28.321604
-25.187843
-28.715799
-24.483776
-33.070103
-24.981255
-33.668602
-24.167809
-31.346756
-24.234648
-30.983717
-27.930462
-30.538635
-32.874146
-29.485188
-36.020069
-33.080734
-44.272205
-41.742260
-51.227100
-47.715855
-57.971607
-55.000378
-69.122833
-68.210655
-54.817333
-53.969719
-32.408562
-30.414078
-17.787876
-17.623060
-10.753995
-5.477629
-6.890334
-0.614446
-16.601511
-15.465274
-41.387569
-40.502731
-51.475464
-50.772152
-52.501568
-53.454762
-52.276752
-53.705402
-44.311707
-50.469864
-39.994617
-46.388981
-36.300327
-45.266415
-33.601761
-41.004013
-32.189827
-40.391838
-33.136940
-43.555996
-35.867401
-50.083271
-41.895687
-56.927273
-46.875072
-55.485706
-41.718719
-49.139946
-31.882978
-38.177849
-21.741158
-24.384275
-11.097293
-16.857468
-6.471080
-11.936559
-7.347561
-10.532973
-9.548639
-12.557843
-9.101285
-10.764627
-8.282526
-13.005960
-10.032452
-12.979377
-9.013941
-14.728542
-11.496799
-15.290584
-13.599141
-9.995235
-10.185874
-9.491675
-8.394935
-16.015928
-15.516919
-23.642984
-20.822145
-38.671535
-30.254578
-49.569836
-39.746250
-55.516087
-48.693359
-60.254723
-54.606194
-57.329056
-56.046234
-52.386124
-46.360126
-43.945618
-32.375904
-35.854488
-17.661036
-22.941952
-7.434146
-13.885479
-4.231266
-10.691713
-5.746501
-11.742884
-7.242748
-14.142195
-8.268094
-18.530678
-8.267336
-20.156048
-9.555474
-20.257059
-9.934474
-19.302357
-10.438793
-15.820726
-7.090846
-9.701303
-4.319369
-5.025720
-5.816379
-6.901726
-11.383632
-12.964186
-15.845032
-18.138773
-18.631697
-2.000369
-2.070103
-5.975205
-6.106039
-11.107625
-11.660182
-18.395155
-16.702280
-25.500717
-22.427109
-24.590851
-21.232332
-17.218311
-14.389771
-5.550821
-5.164963
9.013613
6.438107
14.418993
10.600224
16.583406
12.457143
10.878498
6.991990
2.426079
3.858610
-3.464782
-0.066416
-3.104157
5.184891
0.865365
5.297793
2.174369
-0.637567
-0.681401
-8.937901
-7.539904
-15.029331
-12.793195
-15.275723
-11.978305
-10.325276
-7.585063
-5.193521
-8.497581
-1.916687
-14.295464
-3.585654
-21.704535
-9.589417
-29.607721
-19.161568
-36.072388
-25.454229
-35.447437
-29.684092
-28.909712
-27.277937
-18.395821
-20.912884
-15.367373
-15.204661
-9.038186
-9.217503
-4.949120
-7.901191
-5.105855
-8.337526
-10.441500
-9.215509
-15.950485
-9.433346
-18.343355
-8.451092
-18.086334
-6.504519
-13.257424
-2.544957
-4.607091
0.532634
4.518098
4.205956
8.079844
6.215621
9.780022
2.653211
7.808213
-0.830826
1.141645
-3.084896
-5.107847
-7.329372
-7.134117
-6.719698
-7.504040
-8.295022
-7.291516
-8.893406
-7.955649
-8.935910
-8.157545
-6.457365
-6.285356
-5.692948
-3.598938
-3.830718
-5.260598
-4.957089
-7.935061
-5.230048
-7.995498
-5.943991
-8.745303
-6.599490
-9.183631
-7.832122
-5.752720
-3.173891
-1.316312
0.701325
5.556801
6.650627
6.475296
5.779950
-2.228169
-2.301884
-8.971771
-11.557909
-21.324650
-23.657747
-26.404602
-29.189312
-28.717113
-30.601257
-27.799944
-29.745855
-22.619043
-20.245432
-18.312801
-17.035675
-17.875139
-16.157696
-19.967159
-16.890230
-22.326155
-17.141937
-22.074455
-15.478950
-20.699034
-12.945948
-18.183298
-12.992435
-15.344792
-14.032468
-15.381985
-18.684719
-18.319445
-25.428326
-24.541042
-34.673721
-34.692982
-44.140938
-43.979553
-44.537422
-42.701759
-32.446224
-33.271076
-15.581890
-20.064787
0.045826
-0.514035
9.809906
11.561890
16.065380
17.909679
9.995866
11.949743
0.935099
0.332058
-2.215550
-5.684313
-1.192115
-2.639930
-6.685161
-3.546468
-8.611149
-5.108512
-12.126404
-7.971588
-15.771832
-12.449839
-17.200382
-15.086445
-16.115189
-16.107883
-16.091276
-17.106075
-16.291851
-18.583769
-17.303322
-16.491089
-15.352764
-14.250303
-16.395452
-11.931154
-18.842781
-9.441313
-18.996859
-7.796258
-18.830830
-9.937422
-18.179314
-11.648231
-14.901817
-13.420800
-12.983799
-13.894327
-12.413311
-16.066044
-13.857135
-16.130463
-14.159316
-14.571079
-13.363020
-13.821274
-13.594139
-16.474483
-14.355900
-18.156067
-13.150498
-18.213184
-13.561596
-11.652210
-8.664281
-3.834699
-1.878166
2.481201
7.584401
4.931190
12.324984
-0.775047
12.305064
-1.863553
7.941041
2.081392
3.944287
3.435561
-2.316496
1.050657
-7.365231
-2.137846
-10.435522
-6.098732
-11.443013
-8.903365
-15.443748
-12.740726
-19.966496
-18.557869
-21.447508
-24.255463
-23.523590
-27.982586
-23.835730
-27.173004
-21.847984
-23.784595
-18.293543
-17.888422
-13.407517
-10.988082
-8.378703
-5.562114
-4.909272
-3.409660
-2.507102
-1.398000
3.294764
6.255470
1.625797
-0.929231
-0.977772
-3.273804
-3.583085
-6.845100
-7.318731
-11.582096
-13.020323
-19.565851
-21.483255
-30.507196
-31.614641
-45.284733
-44.283382
-62.589912
-59.248154
-79.985947
-79.757797
-94.047150
-94.628952
-101.796516
-101.143272
-104.185471
-98.287621
-99.027542
-92.488945
-94.407043
-88.274826
-83.892174
-78.008896
-70.971718
-70.326111
-63.688354
-62.897812
-57.404259
-48.030117
-43.308388
-33.000858
-28.358175
-25.338175
-23.313286
-17.215036
-19.820349
-19.398729
-23.646837
-22.747427
-30.201384
-22.105288
-34.170723
-21.103243
-33.562561
-21.271059
-35.217838
-24.134336
-36.284370
-25.510845
-32.415581
-27.467089
-22.647570
-22.696802
-13.817103
-15.364202
-10.058575
-11.295699
-8.354753
-10.333181
-7.816631
-7.687649
-10.440667
-7.522607
-15.451578
-12.584140
-24.085794
-22.982508
-33.430107
-34.390545
-35.400215
-38.133121
-36.695591
-41.239113
-33.418320
-35.814205
-25.895716
-31.373322
-22.565741
-28.329052
-19.511763
-23.389568
-16.179708
-15.453658
-12.421177
-11.978753
-9.074561
-12.127847
-5.732105
-13.659690
-3.777252
-11.618155
-5.127410
-10.187556
-7.111388
-9.000360
-8.773601
-14.039010
-10.936488
-17.154707
-13.621549
-21.907650
-17.705309
-24.744579
-21.097694
-24.749432
-24.193974
-24.416573
-25.380480
-22.836880
-20.714909
-15.272667
-13.023095
-14.785167
-11.745057
-18.820389
-13.724874
-23.809107
-15.244929
-33.853806
-15.431469
-43.125313
-22.517197
-51.161770
-26.591251
-53.484154
-25.153717
-47.593246
-25.726511
-36.641499
-30.679171
-27.999659
-31.743626
-30.039808
-38.893848
-35.257362
-47.817234
-42.986618
-53.378059
-49.259621
-55.209473
-49.594563
-51.520290
-44.273674
-44.609306
-37.034691
-34.755302
-29.091850
-24.394382
-21.038752
-20.302994
-17.523624
-19.895935
-19.381392
-23.571251
-27.596762
-29.673660
-35.262909
-36.923042
-45.211224
-47.719452
-59.087967
-62.361767
-68.313698
-81.934555
-71.259506
-95.870239
-69.722115
-101.944221
-69.411438
-100.375626
-80.090660
-101.689026
-91.355843
-100.412384
-91.934883
-87.143791
-93.263542
-75.889008
-76.753746
-62.924854
-49.353928
-40.328606
-26.253538
-23.405518
-19.047146
-18.549940
-20.517271
-21.771732
-30.217331
-37.020821
-43.240425
-51.727631
-53.149216
-55.431374
-56.438965
-55.466049
-55.705986
-49.407326
-53.461269
-38.861248
-44.768806
-27.137691
-32.282444
-19.802319
-23.826443
-14.027913
-15.315661
-8.401216
-7.449101
-4.936017
-2.484652
-4.677358
-2.548450
-5.501877
-3.774479
-3.472826
-2.611554
-3.630240
-1.155297
-9.666771
-5.727249
-16.862761
-14.531364
-23.427704
-20.790495
-27.666103
-25.872135
-33.178387
-30.727716
-37.749645
-34.577084
-38.401489
-33.188786
-35.074295
-34.483467
-33.482811
-33.352440
-25.443581
-26.894289
-18.561726
-19.416758
-13.296317
-15.468220
-13.208248
-18.429277
-19.989553
-22.756441
-24.993530
-29.152185
-30.595264
-31.577887
-32.385765
-27.819361
-31.752644
-28.655666
-33.388500
-30.702055
-34.172798
-32.883663
-35.344738
-34.147141
-33.750481
-32.160389
-30.037727
-25.375624
-24.830566
-17.360661
-18.481287
-11.054378
-12.788015
-9.473297
-12.290808
-10.890720
-1.369238
-1.567108
-3.464511
-4.183387
-6.317006
-7.685732
-10.962089
-13.689318
-18.026091
-21.455835
-20.070234
-23.710630
-19.876453
-22.959541
-22.790306
-29.278082
-26.312593
-31.249620
-31.329895
-38.322315
-39.797894
-48.747543
-50.915932
-59.254585
-61.650497
-63.873600
-67.526268
-67.654076
-69.511597
-67.426552
-73.648460
-64.355225
-69.766228
-59.675388
-62.056976
-50.513550
-52.650745
-36.427982
-36.557850
-28.122053
-27.232407
-22.939085
-21.685917
-18.744453
-20.284466
-18.724514
-19.547695
-17.896732
-17.869123
-17.355789
-14.081479
-16.295368
-14.842790
-16.363882
-13.410151
-15.424643
-8.615773
-9.027361
-6.107886
-4.969754
-7.846791
-5.688628
-6.622757
-6.730129
-7.313513
-7.463322
-8.319735
-7.287949
-10.730986
-7.809466
-9.712493
-3.273799
-6.903969
-2.792674
-5.054627
-4.522883
-7.006227
-10.807168
-9.097409
-19.760904
-13.737888
-27.663931
-21.174114
-32.156647
-25.717960
-34.482006
-30.249537
-33.848003
-29.000961
-26.887793
-22.610838
-17.818506
-17.554678
-12.020461
-12.382967
-8.010403
-6.721949
-5.099110
-3.570348
-3.800940
-2.126972
-1.387645
0.066468
-0.449425
-0.211675
-1.130465
-2.481297
-2.714957
-6.484199
-3.754924
-6.439204
-3.670561
-6.650368
-3.195059
-5.912573
-0.902941
-0.471922
0.765403
0.799659
-0.504132
-3.940523
-3.400600
-7.653011
-8.851991
-17.945818
-17.628819
-31.424992
-33.316772
-39.400627
-42.645287
-42.253632
-44.080982
-42.462242
-45.563221
-31.748127
-34.779064
-24.887625
-27.702791
-23.912077
-23.428905
-24.691795
-23.826693
-31.722563
-27.161844
-34.052002
-27.332623
-33.155712
-25.596785
-31.751204
-24.842119
-26.837685
-22.186975
-21.245180
-19.883101
-20.006834
-21.266655
-22.713610
-25.015446
-25.124350
-28.770880
-30.196360
-35.584347
-36.363560
-33.216045
-33.420563
-29.286266
-30.222946
-29.547537
-33.678764
-32.399509
-33.423630
-34.184944
-37.307903
-40.646133
-44.097355
-47.297009
-50.501270
-48.002594
-52.299480
-46.810265
-52.132797
-51.685940
-54.435146
-52.054577
-55.554359
-53.952488
-57.270256
-49.880558
-52.167572
-37.398926
-39.709961
-30.309870
-33.077999
-27.151114
-32.735943
-28.005482
-34.262657
-32.587666
-39.172585
-36.434109
-39.999352
-37.311489
-36.942852
-35.465729
-31.769606
-30.347702
-25.536963
-22.778543
-16.004957
-12.897325
-11.398731
-9.165922
-11.171206
-8.739506
-9.265113
-7.363619
-7.697493
-6.859997
-8.479256
-7.418839
-7.925016
-6.459146
-7.082409
-5.302092
-5.259144
-4.052496
-0.255646
-0.307286
-1.454624
-0.894249
-8.321267
-8.751266
-18.178455
-18.222427
-35.122654
-30.060867
-46.327602
-38.880127
-52.629265
-46.170639
-58.236099
-49.880566
-56.579514
-46.142513
-47.324112
-35.225422
-37.440845
-24.172836
-27.540207
-12.444831
-14.002736
-4.819434
-5.973419
-0.097146
-1.079335
-0.593609
-1.717428
-1.645337
-3.869454
-1.770602
-5.946829
-3.218069
-7.680109
-6.340525
-8.936351
-8.739506
-9.897068
-8.823356
-9.752883
-8.253266
-8.210319
-5.349642
-6.012787
-2.437327
-3.159781
-0.374265
-1.330380
-4.309676
-4.610315
-9.140868
-1.086565
-1.327127
-3.960391
-4.948471
-8.349702
-9.878104
-14.682885
-19.033987
-26.396151
-31.340317
-31.715414
-38.024918
-35.178005
-40.640427
-39.496811
-45.916641
-42.656406
-50.287651
-48.406750
-57.906525
-57.097118
-67.852974
-68.835136
-78.274101
-76.244659
-84.404388
-82.118240
-89.556290
-83.061661
-79.970398
-74.968117
-68.535378
-64.285446
-56.889919
-53.935368
-42.598820
-40.799183
-30.804840
-28.860968
-25.804163
-26.641550
-20.710924
-21.528404
-18.757368
-19.762133
-16.939432
-18.938194
-11.841348
-14.441783
-6.167964
-7.912710
-2.508409
-7.809381
-3.443748
-7.960608
-5.809003
-7.427281
-5.798240
-4.973764
-1.751205
-5.156743
-0.451524
-3.946937
2.174744
-3.649329
0.055433
-4.313430
-3.946937
-3.508866
-7.041413
-8.534294
-5.954848
-7.174879
-6.752954
-9.031565
-12.655599
-13.496220
-22.693003
-20.536558
-32.450016
-26.432743
-41.018219
-31.919386
-44.071259
-37.854858
-43.079952
-39.078655
-34.556957
-33.858948
-22.196272
-24.360792
-14.581711
-17.417866
-10.108441
-10.533059
-8.711890
-5.104540
-5.859052
-4.034658
-5.398918
-5.702984
-6.302505
-6.312193
-7.033878
-6.897183
-7.898717
-8.022495
-8.344858
-9.505154
-7.931007
-9.190323
-7.531685
-9.399672
-7.044641
-8.228076
-8.253371
-8.867423
-11.422113
-11.572263
-15.407260
-13.897158
-17.677259
-19.491970
-24.125072
-33.167934
-36.144012
-35.164013
-35.682808
-29.377071
-34.194767
-22.270540
-27.287891
-12.519442
-21.181286
-2.938408
-10.034714
-3.858139
-10.486237
-16.966881
-20.621588
-27.317495
-31.655142
-39.280464
-38.966179
-44.355946
-40.260475
-42.830772
-39.018917
-40.041981
-36.895844
-36.887230
-32.864410
-32.064693
-28.122065
-28.807156
-26.199717
-26.827225
-26.282057
-26.855206
-26.955303
-29.083235
-31.028717
-34.166241
-28.728579
-33.915993
-26.771795
-33.131344
-31.205774
-37.774677
-37.719780
-43.112774
-45.272991
-49.430351
-54.923981
-56.823730
-59.537178
-63.147758
-64.528160
-68.919083
-66.724434
-72.216995
-63.719826
-68.082771
-58.092731
-62.098866
-50.636391
-55.004169
-39.556549
-44.342499
-28.758177
-32.029171
-26.361168
-27.516077
-28.580040
-29.675755
-35.587013
-37.681568
-44.541618
-48.265209
-50.285507
-47.868584
-48.716736
-43.443745
-48.593494
-38.162155
-47.483250
-32.900467
-41.841621
-23.458818
-30.467941
-18.099726
-21.873369
-12.321395
-12.271346
-7.708745
-6.353631
-3.424374
-3.300595
-2.160213
-3.470118
-1.833006
-1.996071
-0.157684
-1.120470
-0.057584
0.411700
-0.715228
0.384791
-2.789872
-1.378791
-11.181553
-9.977128
-22.575684
-22.565994
-40.032833
-39.914436
-59.975788
-56.485752
-74.119957
-69.781242
-82.966934
-72.297195
-76.784447
-62.877602
-59.571079
-44.455513
-40.801876
-29.710199
-25.564137
-18.683100
-16.826414
-12.774534
-12.415037
-11.056697
-10.213921
-12.713183
-11.781072
-14.030086
-14.751769
-13.795979
-17.678337
-13.722250
-19.218582
-12.734709
-16.738693
-10.206926
-12.283724
-6.776633
-7.690446
-4.627182
-5.143287
-3.366251
-4.208487
-5.571671
-6.731966
-10.379140
-11.747169
-13.818583
-14.552647
-21.467054
-2.864614
-3.195171
-8.577982
-9.517626
-16.211245
-17.695892
-24.842520
-27.248419
-35.809902
-37.210167
-37.755180
-39.553883
-38.520340
-40.131252
-47.368607
-47.787991
-52.029400
-57.132408
-65.379829
-71.197884
-73.454681
-77.620590
-76.871910
-79.614716
-74.518044
-75.639778
-74.311218
-75.227379
-71.126816
-64.027786
-61.477867
-49.697731
-47.439663
-40.199776
-36.700691
-31.991684
-28.633457
-29.288225
-25.201630
-27.068863
-26.759878
-25.404655
-20.369532
-22.522278
-15.116155
-14.520391
-12.570043
-7.835022
-15.364865
-6.962630
-20.106230
-11.672908
-23.616096
-15.414988
-24.200438
-21.512842
-19.532038
-19.205288
-14.950560
-16.739754
-16.185867
-14.974670
-12.922806
-13.686069
-10.843659
-10.959132
-8.655387
-7.233549
-11.032096
-4.049798
-17.998533
-5.371390
-20.901854
-7.476549
-20.167772
-14.373829
-16.694706
-20.290861
-22.122562
-33.706646
-29.339619
-38.255135
-32.098907
-33.876045
-25.964891
-25.910326
-16.283573
-17.574078
-10.608908
-10.712326
-7.059070
-8.055182
-3.211668
-6.298980
-2.475053
-5.269241
-4.216027
-5.488767
-6.673950
-7.249410
-4.823846
-5.139175
-4.120223
-3.674194
-2.039174
-2.865249
-2.876669
-5.942410
-7.832484
-9.805674
-11.336005
-14.624444
-17.310774
-15.314742
-18.427433
-17.973791
-18.285948
-17.483349
-21.772337
-20.630936
-17.721275
-17.321558
-16.278496
-16.848248
-22.972113
-23.514584
-23.389593
-31.150385
-26.862026
-40.136963
-28.693094
-42.449593
-28.083372
-38.413116
-28.247698
-35.373394
-27.283314
-28.566835
-26.673590
-27.245878
-30.969561
-31.532333
-39.422554
-35.508530
-43.262978
-36.811722
-41.971844
-37.591484
-40.454830
-36.189316
-37.737411
-34.552391
-31.397823
-29.151814
-27.596737
-25.957277
-28.005966
-27.387999
-30.658672
-32.305748
-36.276237
-42.160278
-45.320557
-39.496151
-43.658249
-37.115002
-46.812813
-40.243557
-62.308384
-46.663082
-67.245796
-51.800354
-74.651283
-47.176994
-75.829483
-50.688133
-76.011581
-51.165886
-68.770416
-56.998531
-70.910477
-59.688038
-66.210350
-55.801296
-53.907417
-45.008396
-43.037743
-30.269745
-31.461905
-24.937057
-27.292828
-23.458115
-26.202181
-24.295609
-28.701345
-33.345638
-39.145924
-44.350452
-53.566071
-55.524670
-55.773380
-52.838341
-51.177940
-45.918217
-39.130695
-34.621548
-25.082352
-22.744978
-16.145893
-15.445441
-12.154468
-12.557987
-7.121882
-6.728513
-6.340855
-3.820120
-5.657534
-2.759293
-5.633425
-3.145049
-6.226650
-4.293432
-4.653809
-5.525565
-3.950186
-5.765394
-1.371715
-6.343392
-6.779271
-10.771966
-22.736727
-24.959263
-41.483299
-40.380592
-58.344238
-57.872826
-65.573341
-62.492371
-62.984085
-54.464478
-58.032074
-40.601395
-45.322460
-28.371424
-31.899052
-18.780832
-19.137402
-9.866582
-9.357105
-3.778880
-5.604874
-2.951536
-6.735492
-7.560299
-10.959767
-13.629600
-14.571781
-17.039219
-16.022173
-16.576696
-18.249147
-16.605246
-18.978151
-17.605167
-18.676777
-17.282858
-17.952219
-16.692804
-16.223299
-18.157787
-17.061428
-16.492313
-15.611038
-16.275324
-17.398962
-18.806845
-22.043892
-15.005122
-18.442657
-14.543867
-2.842231
-3.000957
-7.679661
-8.065350
-12.866436
-13.687510
-19.406090
-19.986107
-26.652590
-29.092073
-33.953983
-38.377541
-42.239628
-45.517982
-55.726871
-59.760288
-60.453785
-67.652817
-65.954308
-74.773232
-75.842773
-86.297913
-89.398262
-99.277092
-99.274857
-104.644089
-108.652290
-109.121063
-110.646011
-105.158836
-110.339676
-100.388176
-103.854187
-88.813049
-88.215233
-68.003639
-66.171623
-46.189228
-42.476231
-33.650623
-33.456295
-28.798357
-24.812412
-24.878424
-19.753210
-23.231829
-19.650112
-20.419266
-18.707397
-17.585934
-11.520232
-13.723111
-12.034979
-12.696583
-12.388033
-13.700116
-8.916832
-9.466439
-6.251873
-7.064042
-10.544144
-11.707885
-9.736422
-14.095450
-9.993053
-12.403611
-11.316263
-10.991393
-17.646751
-9.505008
-20.231613
-5.415963
-21.025242
-6.122071
-20.073629
-13.766129
-18.414423
-20.244221
-22.316559
-36.463924
-27.647968
-45.802048
-36.353416
-52.292755
-42.111301
-51.558460
-42.832241
-45.394112
-33.952499
-32.126415
-23.392036
-19.437986
-15.252517
-13.841784
-10.684325
-11.853260
-6.934986
-10.327562
-6.031582
-10.937991
-6.563388
-7.535028
-4.071244
-5.217927
-1.173385
-2.831106
0.281108
-3.997814
-4.247030
-6.782191
-7.345892
-10.089476
-11.197589
-10.974335
-14.479653
-14.487814
-14.412159
-14.987723
-17.470966
-20.278341
-20.104780
-20.592085
-22.137060
-22.729691
-31.475931
-33.049099
-39.358818
-49.443844
-51.505058
-62.701916
-56.723728
-66.772400
-52.743710
-62.876209
-37.547562
-45.785736
-27.599018
-31.705116
-22.185274
-26.084444
-22.513111
-27.851938
-35.264587
-35.553104
-43.137840
-37.999268
-44.552277
-39.102928
-44.698391
-38.853718
-40.096821
-34.310005
-30.931515
-28.221310
-26.602898
-25.160276
-25.798141
-24.936275
-25.867867
-26.335142
-30.544342
-37.162624
-40.157642
-45.020287
-47.528755
-48.951351
-57.603394
-56.582802
-77.601372
-58.492706
-80.965767
-53.469852
-80.488838
-55.259590
-84.593460
-71.606873
-90.653221
-78.278542
-88.101753
-81.941101
-88.425133
-86.349838
-86.760742
-87.952660
-84.417686
-86.172562
-83.224274
-67.299767
-66.271751
-43.261696
-43.711170
-30.597750
-33.377678
-25.876764
-31.107302
-31.535269
-36.726494
-44.493679
-50.623905
-55.875210
-57.915653
-58.910290
-58.385895
-57.972027
-54.446678
-51.548077
-45.000263
-39.975922
-28.007698
-25.054951
-19.397932
-19.198412
-16.343573
-15.425334
-13.792831
-11.146412
-10.343142
-7.807235
-13.918922
-9.191264
-13.828433
-8.307889
-10.702869
-7.925908
-7.329575
-5.492360
-1.330627
-2.270372
-6.104270
-5.134855
-20.332483
-19.027819
-38.182472
-33.420696
-65.722145
-54.936947
-81.774963
-68.824722
-86.158470
-73.636192
-85.936707
-70.626320
-74.397179
-60.701519
-59.791439
-45.703403
-42.691326
-30.304768
-26.987106
-14.758538
-13.631880
-4.942754
-7.935550
0.572600
-3.743408
1.716315
-1.006500
0.557766
-0.706848
1.538305
-1.272773
-0.646029
-4.545939
-5.110379
-8.640915
-9.863996
-12.779656
-12.428086
-15.015910
-14.668049
-16.603170
-14.070230
-15.794704
-14.049463
-16.524548
-16.822714
-19.636019
-18.337286
-20.568348
-21.795137
-2.177620
-2.429497
-5.401349
-6.152636
-9.363335
-10.828270
-14.943216
-18.443911
-23.987120
-30.261354
-23.716429
-31.422297
-22.344137
-29.421280
-23.492537
-31.900959
-26.867777
-37.173962
-37.014732
-49.026146
-47.652885
-59.460674
-60.572411
-67.545807
-72.161606
-70.975098
-79.191475
-76.774986
-78.513039
-73.070686
-76.451241
-69.521255
-67.872475
-63.330986
-58.118290
-50.644997
-45.440044
-35.357746
-31.789978
-29.861820
-28.426317
-23.880964
-23.852980
-22.555477
-23.218466
-22.944391
-24.486532
-21.229994
-21.881399
-17.674772
-14.754551
-13.414589
-13.786130
-11.001497
-13.580091
-13.744633
-10.086151
-13.152577
-10.003641
-17.549314
-13.026641
-20.509588
-11.143358
-18.274546
-9.382154
-14.089637
-8.456676
-12.289829
-11.375933
-11.535167
-12.998171
-7.453997
-11.080148
-9.655261
-13.471524
-14.571192
-13.362958
-17.724955
-17.962353
-27.625818
-23.457798
-37.657928
-32.148979
-43.233948
-34.760872
-39.133965
-33.703175
-32.394100
-28.512695
-20.370619
-19.714390
-11.617194
-13.015060
-10.062025
-7.841461
-9.678421
-4.834386
-9.432818
-4.319052
-6.968097
-3.517102
-5.639231
-4.595537
-5.376257
-4.481662
-5.664805
-7.804307
-9.560686
-11.318995
-13.074893
-10.820551
-16.038540
-14.149952
-16.454473
-15.149253
-18.339685
-16.066044
-18.670214
-20.272184
-22.245703
-20.665926
-19.588936
-21.194767
-21.061590
-32.685543
-30.445192
-44.335068
-46.768906
-50.412430
-53.652561
-47.074818
-52.400894
-39.727467
-45.352222
-25.141312
-30.398872
-20.659170
-21.513233
-21.885256
-20.827570
-30.184149
-26.419998
-40.966579
-32.371422
-44.575840
-35.494301
-44.959454
-35.694546
-39.896351
-33.428627
-32.369007
-30.212139
-25.928307
-26.907825
-23.565397
-27.170317
-24.758673
-29.272663
-26.931469
-32.039448
-30.767035
-36.585766
-35.004543
-29.360962
-28.007975
-25.743500
-23.528242
-28.915598
-29.061808
-32.929214
-32.768051
-38.308857
-40.515911
-44.971516
-46.204830
-49.925564
-52.269165
-50.933071
-53.995636
-57.156628
-61.586666
-64.013275
-64.240051
-69.837791
-65.746483
-69.443573
-65.258179
-52.951939
-51.380371
-35.916023
-36.871906
-29.655302
-32.321724
-29.069527
-34.324669
-36.019768
-44.109722
-46.903042
-58.337364
-57.462551
-61.625751
-58.329155
-60.056107
-55.010380
-53.374626
-49.195992
-41.175034
-39.569199
-27.485888
-27.574671
-21.030228
-21.916620
-17.047974
-16.779211
-14.641156
-12.024443
-11.453619
-9.233536
-11.219113
-9.560687
-9.598322
-7.822160
-10.673864
-8.941612
-10.214022
-9.595911
-10.133439
-7.461233
-17.495272
-12.359797
-28.650692
-24.507278
-40.217709
-35.545448
-55.719685
-50.533054
-63.287560
-57.699951
-66.049026
-59.368519
-67.583939
-53.251583
-58.977188
-44.956066
-45.324718
-32.933556
-32.788795
-19.897749
-21.703829
-9.139927
-10.863011
-4.810259
-8.267045
-4.476837
-8.005035
-9.552483
-13.600357
-14.213161
-15.384242
-14.348266
-17.406010
-13.470559
-17.022884
-15.259268
-16.807682
-15.957960
-16.202600
-16.234444
-15.205709
-16.475224
-14.986645
-14.851538
-13.371642
-15.038756
-14.594353
-17.670912
-17.145929
-17.890942
-16.583792
-18.659601
-2.793161
-3.141206
-7.151847
-7.887888
-12.648111
-14.406619
-19.560932
-21.005253
-25.618538
-29.556728
-24.453871
-29.970449
-25.572496
-30.879164
-30.506060
-36.060562
-31.484516
-35.541199
-37.481178
-41.355721
-47.688911
-48.680233
-51.086750
-50.224762
-49.680347
-44.534840
-44.651302
-42.306408
-41.157993
-36.637474
-38.243626
-27.941772
-29.477503
-20.597620
-19.661825
-16.139397
-14.598924
-16.547703
-14.528502
-21.065512
-22.886993
-26.336298
-24.199274
-21.783947
-18.331940
-11.075816
-12.675199
-3.470968
-11.264057
-1.129453
-7.922421
1.392856
-8.577206
-2.105197
-8.925250
-7.772774
-9.143287
-6.844429
-11.731954
-8.625959
-12.832292
-12.195788
-10.020847
-9.621340
-7.235811
-6.983919
-8.638147
-5.406206
-10.443375
-4.165703
-8.881236
-2.204734
-2.715291
-0.290488
-1.859399
-2.834466
-3.177094
-8.047014
-13.143770
-19.330032
-19.555515
-24.285944
-20.885399
-24.703058
-21.620764
-20.168997
-19.145172
-15.303137
-12.906775
-7.560834
-6.366375
-5.488815
-4.174506
-4.342435
-2.312399
-2.636744
-2.036807
-3.433049
-2.424803
-2.674664
-1.776112
-0.576915
-3.454717
-0.299969
-1.675220
-0.999444
-3.061982
-5.933690
-6.951417
-9.395179
-9.412108
-13.424102
-15.305845
-14.253587
-19.188511
-18.724678
-21.741291
-23.304108
-29.583809
-28.253250
-29.296028
-24.943439
-28.121885
-23.381981
-32.219196
-29.904093
-30.594767
-38.115646
-25.263725
-31.147984
-14.699139
-18.319752
-4.443326
-7.806633
0.868083
-5.466470
-5.958065
-12.293295
-16.679743
-18.505287
-25.278618
-28.034534
-33.691959
-30.504030
-33.628986
-27.298500
-31.332161
-27.090620
-30.227087
-28.737404
-27.625549
-29.027210
-22.043970
-23.845812
-21.322826
-22.505772
-23.155815
-23.491673
-24.596069
-24.937346
-28.633797
-30.510126
-34.579681
-25.370031
-28.453676
-21.667486
-28.838289
-26.197485
-35.533752
-30.037485
-33.947235
-30.373346
-37.090473
-34.503159
-46.279804
-48.407345
-50.832825
-50.055485
-45.879612
-52.191143
-45.983898
-47.338837
-44.423111
-35.330616
-37.060684
-29.591259
-33.475952
-22.180744
-26.764915
-21.605864
-26.253685
-24.040823
-29.266914
-26.695173
-33.115723
-33.525391
-39.748878
-40.730721
-48.489960
-48.541424
-50.358166
-47.443111
-42.374123
-40.180897
-31.104649
-29.464638
-20.296972
-18.693531
-13.375350
-12.366426
-10.101425
-9.576649
-8.150614
-5.746803
-6.459144
-2.321879
-3.908395
-1.853983
-5.796910
-5.232183
-6.337937
-7.493797
-7.218883
-12.478829
-9.128389
-14.667313
-5.821286
-14.025393
-8.394382
-15.006555
-15.807599
-22.617496
-26.462240
-28.620934
-37.230640
-33.500336
-38.830696
-37.069485
-37.131104
-33.748158
-32.936958
-31.325386
-25.676771
-25.575201
-19.040897
-15.772388
-10.864552
-6.671762
-5.098789
-2.682790
-4.653237
-2.934681
-5.167856
-6.464558
-7.094291
-11.579599
-10.593020
-14.117480
-12.065781
-11.673044
-12.486278
-10.637033
-13.203357
-13.688861
-14.227858
-14.541368
-12.497112
-10.887573
-8.470219
-10.430511
-8.508139
-10.115645
-8.034824
-13.595416
-13.285967
-21.397308
-23.117895
-22.041937
-24.455229
-21.750771
-1.044976
-1.162828
-2.240827
-2.436489
-4.134911
-4.580311
-6.720004
-6.511339
-9.055155
-8.691486
-10.627056
-10.181038
-14.679203
-15.670723
-20.126579
-22.016533
-22.524677
-24.099882
-23.756647
-23.977077
-26.582605
-26.597466
-28.270496
-29.180082
-30.219690
-30.990574
-31.022984
-32.453289
-31.279732
-31.715845
-31.158579
-28.355330
-28.022205
-23.524452
-23.024979
-16.691137
-16.940462
-11.870584
-11.465017
-8.334011
-8.091291
-5.977809
-6.774699
-7.793876
-8.272300
-8.786634
-11.722598
-7.608120
-12.570468
-8.592004
-11.083395
-8.677451
-11.078235
-10.096003
-10.382891
-9.188898
-8.886530
-8.762897
-7.658275
-7.904710
-5.958202
-7.435781
-5.270288
-5.764810
-4.192495
-4.369376
-5.347067
-4.525822
-7.783144
-4.749761
-6.755917
-3.411704
-8.122663
-6.926812
-9.182913
-8.093768
-10.313748
-9.113564
-9.156701
-11.055326
-10.114578
-14.948342
-12.367375
-14.964648
-11.587822
-15.372069
-12.538683
-12.820619
-8.723065
-8.746801
-7.919570
-6.864069
-5.223643
-4.525410
-4.548320
-4.172887
-3.377236
-2.527715
-1.302763
-3.102731
-2.003267
-3.050101
-2.028241
-2.714503
-3.724804
-5.212911
-4.892999
-5.238503
-7.025469
-6.090294
-6.396378
-4.681032
-3.907051
-4.016441
-4.490323
-4.384442
-5.061829
-5.836223
-6.187920
-6.933624
-6.513816
-7.248787
-7.838044
-9.674751
-12.405353
-14.232360
-13.228042
-17.079985
-14.373531
-17.126425
-17.788334
-20.408718
-15.826962
-14.687665
-12.643120
-11.629309
-9.711903
-8.768266
-9.418409
-8.470026
-10.375254
-8.977138
-13.544652
-12.931659
-15.429655
-14.722339
-15.161963
-14.791070
-13.429896
-13.742995
-12.445187
-12.362423
-11.163682
-11.666459
-11.695148
-12.933722
-13.613794
-15.149370
-13.072419
-15.848015
-13.894079
-15.885787
-16.412298
-15.715097
-16.894230
-19.290474
-20.341021
-21.814680
-25.579733
-23.651594
-28.004457
-22.859451
-28.307446
-21.415928
-29.353865
-21.475159
-29.290710
-25.065807
-30.019901
-28.724567
-32.063625
-28.100639
-29.509693
-25.810276
-25.311623
-19.365396
-20.022556
-12.688938
-13.772717
-8.165179
-9.761642
-7.149512
-8.531737
-7.086768
-9.675164
-9.774234
-12.476971
-14.039174
-14.706448
-16.845936
-15.245344
-16.496922
-15.633780
-16.007973
-13.630718
-13.902543
-10.374223
-10.950065
-7.582322
-8.281174
-4.641611
-5.427973
-4.106429
-4.255651
-4.701052
-3.877949
-4.398477
-4.644706
-4.509517
-4.206531
-3.774340
-3.886205
-4.302710
-3.248033
-3.277754
-3.109542
-5.763159
-4.369995
-9.089828
-9.277441
-11.418579
-11.473480
-14.619143
-13.549811
-20.362072
-18.531973
-25.407391
-22.599188
-28.725805
-24.273254
-29.029827
-23.498243
-26.031116
-22.023964
-22.237793
-15.088484
-16.261219
-10.007666
-13.181398
-6.234357
-7.049410
-5.494020
-5.726214
-5.395363
-5.934053
-5.429832
-6.393901
-6.369133
-7.646304
-7.496048
-9.547199
-9.395084
-11.145107
-9.489614
-9.713346
-8.353413
-7.953007
-6.426924
-6.570781
-4.601363
-4.561735
-3.759686
-4.136562
-4.645119
-4.570817
-5.496291
-6.382136
-5.557590
-6.051492
-8.657845
-0.343487
-0.598141
-1.592327
-2.431057
-4.947986
-6.484792
-10.161729
-13.502583
-18.151497
-22.337742
-26.840828
-29.345169
-34.235413
-35.051193
-38.175892
-37.735424
-35.960251
-36.992191
-25.349909
-29.308889
-18.628977
-26.804550
-15.164492
-28.629322
-17.473410
-35.510895
-26.336700
-43.638355
-40.276779
-49.151920
-48.301342
-45.791813
-45.326176
-37.063995
-36.446613
-26.176796
-23.841976
-20.592922
-18.490541
-19.798605
-19.100527
-14.781774
-18.290668
-14.863205
-17.553356
-16.036535
-13.102094
-12.723814
-3.544428
-5.979188
7.582618
2.674606
17.446016
9.082410
22.618305
14.532301
20.722462
14.201400
14.279128
9.850817
8.835161
1.388013
2.530253
-8.685626
-3.642144
-13.357489
-5.036819
-15.403604
-1.207385
-13.523309
-1.297699
-10.237238
-0.997889
-11.969477
-0.739532
-15.141548
-9.019487
-19.979233
-15.366591
-19.773438
-22.295549
-22.630146
-30.436333
-24.253567
-35.542736
-21.630045
-36.449566
-19.954807
-29.610188
-16.084656
-22.856670
-12.240415
-14.433105
-7.557447
-6.930437
-5.694921
-1.704849
-2.504344
-0.210238
-4.728124
-2.398485
-6.383376
-4.660019
-6.293803
-6.183502
-6.868994
-3.561453
-3.919745
-1.245879
-3.511856
0.328681
-5.727495
0.481179
-7.570773
-0.705481
-11.555661
-10.480787
-19.872631
-22.014980
-25.962122
-30.921209
-33.206432
-36.960354
-39.392162
-40.840126
-39.468403
-34.684017
-21.733685
-15.741167
0.937182
-6.882318
11.326176
0.447864
16.941154
0.809118
12.692725
-9.072786
-4.232880
-20.734308
-20.452267
-27.815022
-27.355312
-29.478418
-30.966364
-29.630915
-31.885046
-27.722488
-31.092951
-25.982847
-31.563025
-23.994473
-29.480633
-21.612274
-28.411682
-21.826212
-31.149216
-22.192648
-29.165277
-19.426987
-24.614084
-15.293303
-18.403193
-11.562328
-12.914066
-13.826819
-11.851773
-17.896843
-12.652011
-19.613535
-13.442623
-23.873810
-16.178667
-23.883432
-19.774183
-24.106256
-19.570599
-22.086052
-13.991167
-15.168197
-7.852825
-8.323625
2.097941
-4.625966
10.554071
-0.681787
7.395327
-0.817266
-1.653770
-7.216180
-11.849551
-13.486297
-19.767513
-21.604874
-23.753147
-29.627216
-29.377741
-38.498642
-37.691746
-45.240314
-43.556190
-39.956249
-40.629894
-32.879230
-36.178627
-27.296833
-28.590832
-21.502714
-18.987265
-15.929199
-13.056937
-10.747286
-10.143222
-4.423872
-9.727189
-3.771693
-11.287683
-6.640248
-14.006708
-5.046442
-11.440181
-1.572340
-7.139194
-3.542947
-5.075313
-2.701257
-6.461844
-4.082607
-10.159508
-6.024343
-14.493069
-12.603150
-18.517191
-23.343773
-27.127308
-33.917091
-40.325634
-41.461956
-52.212204
-46.460289
-60.929657
-47.786846
-61.800968
-48.417557
-56.188950
-46.876308
-41.004467
-40.667641
-26.350023
-32.260361
-17.459345
-20.968977
-7.971261
-12.855584
-2.104598
-9.303755
2.808595
-8.971370
8.180020
-6.538836
5.491343
-7.198416
4.728126
-4.129245
5.381044
1.052670
6.896384
4.260272
6.354506
4.652617
3.400815
2.143831
-1.778877
-2.405887
-8.596052
-8.407284
-16.030615
-16.820488
-24.247648
-27.796522
-33.240486
0.503756
0.516830
2.188837
2.226522
4.579175
4.497652
7.799365
9.492137
12.631572
14.509696
21.126965
22.319830
28.805580
27.834219
34.516094
29.066305
32.716415
34.672218
34.169235
41.959362
32.033466
46.469322
33.492432
48.694302
33.035595
36.055813
31.596622
28.136469
28.363354
19.601086
20.747807
10.565786
15.790234
7.831666
12.315479
6.381927
11.027245
9.600578
11.854788
8.789955
11.682511
11.764036
10.207393
14.815025
10.150478
11.604834
10.326602
8.945312
12.550817
9.417536
13.580631
12.469293
16.021732
13.890576
18.282862
15.076517
15.031138
12.891523
7.148712
5.865098
7.016429
2.337270
8.666131
3.597044
8.798415
3.610119
5.022173
2.194989
6.689565
5.344422
8.826102
7.843973
14.743499
10.952642
20.467083
17.319960
23.305033
21.237713
20.771645
22.500566
11.391793
18.209030
3.405539
11.601756
-0.785247
6.235801
-2.838719
5.645139
3.537825
6.558050
7.030272
7.329449
4.586097
7.617858
2.691822
9.157581
0.593739
9.478292
3.283254
11.212595
6.330398
9.649801
5.895862
9.832844
6.029684
10.868814
4.562256
11.147992
6.432688
12.243179
9.505212
12.350853
12.433916
9.435224
13.628315
4.818364
4.354601
-6.425766
-9.583658
-13.897499
-18.988123
-16.553173
-20.430937
-18.069054
-16.751600
-13.183781
-11.452555
-8.610756
0.882919
6.185808
10.679613
17.642210
15.553354
24.448673
21.336159
27.067432
19.767979
18.851990
16.863886
15.108816
19.395739
14.546611
26.116068
16.262457
31.269754
19.338825
28.669453
17.064615
24.757078
14.352030
18.795847
15.558738
10.350444
10.661926
2.758735
3.647804
0.645269
0.462996
0.143051
1.455121
1.295921
7.225623
5.618988
14.445091
13.175322
20.184826
24.103350
25.546167
34.809113
26.941301
40.802650
28.874035
45.667160
24.764771
44.881149
16.281683
39.649014
5.584381
27.546577
-0.593740
20.369408
2.232679
14.368953
13.807513
11.242590
15.734091
13.134558
12.326241
11.133378
11.847867
11.947846
12.474676
11.687895
13.909035
15.281864
17.686047
23.121988
21.887596
33.052509
28.219536
38.359241
28.539474
36.411133
26.986679
26.697498
24.332541
16.960793
18.055981
13.582169
15.366463
16.183239
18.259789
14.337419
14.353567
9.454451
4.647624
2.107314
-3.467836
2.442637
-1.493577
4.711460
-2.302662
5.439021
-3.387082
6.822617
-3.054066
3.904682
-4.610708
0.960597
-6.737248
2.776423
-1.203630
3.839310
4.892966
7.043345
8.676900
15.913286
14.184366
20.580912
13.912877
23.243505
14.039776
27.661938
11.259510
19.047337
10.336601
12.710020
5.865098
3.794701
-0.212269
-2.764887
-1.678927
-4.243850
-1.176710
-0.583741
0.658342
3.939292
2.757194
5.337502
2.145767
7.374828
5.277513
10.891115
9.543665
15.120355
15.761774
18.535892
19.621853
19.857964
19.362665
16.040958
12.403921
8.057778
1.031354
-0.016151
-9.206804
-8.076238
-16.770060
-16.215544
-19.251921
-1.334649
-1.475212
-3.195919
-3.413918
-5.407895
-6.087704
-8.962376
-9.305508
-12.455974
-13.043478
-16.254826
-17.606590
-23.323105
-22.891037
-25.404617
-26.272970
-27.915398
-28.824987
-34.063984
-34.966568
-37.590969
-37.108959
-35.611588
-36.942299
-35.035301
-35.811066
-36.545586
-37.945889
-37.662796
-35.504124
-36.403057
-30.229498
-30.329382
-24.540478
-22.157639
-17.286465
-16.430462
-11.398804
-10.136541
-10.151692
-11.275636
-11.485500
-12.264630
-11.936928
-14.612679
-12.247794
-15.686961
-10.956074
-15.286878
-9.372844
-10.273458
-7.806448
-10.032451
-8.887464
-10.710857
-10.969820
-9.967362
-9.748800
-8.324651
-9.833811
-5.773752
-9.493766
-4.157976
-6.155041
-2.414544
-4.496619
-5.738120
-6.990563
-7.484919
-7.775024
-10.560756
-7.847129
-8.967426
-6.624987
-11.211388
-10.392137
-9.015965
-10.935030
-10.901923
-17.101292
-14.230268
-18.259747
-14.122531
-16.753954
-14.805988
-14.666549
-13.443845
-13.858521
-12.405754
-10.724044
-9.465711
-8.778045
-6.636490
-6.023454
-3.984868
-5.915718
-2.648816
-4.592011
-2.512461
-3.664182
-4.228679
-4.649807
-5.124243
-5.078792
-4.306396
-5.543969
-5.980247
-7.449288
-6.388750
-7.769973
-7.211368
-8.600729
-6.787994
-7.006556
-8.054747
-8.023886
-8.399562
-8.025568
-8.806943
-9.165224
-9.166067
-11.238602
-12.477298
-14.396925
-17.289831
-20.244743
-16.621525
-22.698849
-14.206700
-18.759434
-14.580694
-18.302954
-15.496179
-18.223272
-12.207113
-11.718369
-12.969409
-12.528359
-16.425411
-16.509859
-18.373934
-18.041744
-22.003891
-21.313417
-22.587746
-21.748013
-21.588932
-20.423462
-20.106426
-19.374430
-17.972166
-16.525572
-15.050079
-14.619693
-14.064455
-14.296201
-12.773573
-12.940228
-13.270454
-14.641858
-14.792242
-16.482363
-17.547670
-17.408230
-18.221869
-21.459032
-23.993095
-22.200285
-25.722778
-23.670727
-30.695520
-27.041155
-38.010414
-28.551159
-41.717808
-28.608395
-36.454960
-29.925085
-33.902382
-30.964582
-33.306744
-31.049314
-31.233082
-26.194691
-24.549179
-23.080978
-22.667986
-16.888624
-17.240734
-10.078183
-10.935030
-11.002365
-11.468666
-14.154798
-16.400158
-17.198929
-21.776070
-21.826851
-25.681816
-25.236839
-26.517340
-25.643942
-24.551981
-25.462698
-20.795773
-24.169289
-17.387749
-19.241163
-11.438925
-13.284762
-8.218037
-9.507235
-6.566348
-7.555902
-5.160717
-6.197686
-4.299662
-5.258353
-4.374573
-6.198808
-3.934647
-5.260317
-3.232392
-5.184845
-5.389097
-5.684813
-4.755020
-6.973168
-7.998915
-8.774117
-13.189933
-14.462014
-15.183630
-16.073019
-22.293434
-20.816538
-28.833128
-27.673269
-30.523531
-27.032461
-30.092867
-25.752522
-28.726793
-21.334179
-21.854065
-16.604971
-17.843668
-12.221983
-13.433743
-10.122512
-11.543297
-9.226667
-10.176942
-9.755533
-12.156051
-10.533543
-11.855844
-10.774827
-12.613652
-10.861241
-13.069852
-10.283837
-12.366474
-9.775453
-10.963928
-9.194966
-9.279695
-8.392267
-7.826928
-7.939435
-7.797469
-7.308444
-7.371290
-7.312932
-8.209900
-8.289020
-9.292883
-9.447473
-10.099227
-13.893311
0.627717
0.584568
-0.173110
-0.569671
-2.775928
-3.496621
-5.963828
-8.308777
-11.399078
-13.633074
-22.983082
-24.257011
-32.418873
-33.481674
-39.383350
-41.933258
-42.052944
-43.985928
-45.928150
-43.738331
-37.930664
-31.530207
-30.722702
-21.026985
-20.371016
-15.843952
-17.278664
-14.390242
-14.137507
-2.187763
0.747916
6.801126
10.724613
11.040529
12.521983
8.760817
8.681196
0.758191
0.013869
-7.631747
-9.652565
-13.322810
-13.141994
-12.833272
-12.976075
-10.146212
-15.660056
-10.902864
-19.770014
-11.888614
-22.994381
-16.435715
-23.395565
-18.337357
-21.520634
-21.731241
-19.985756
-21.688093
-12.995082
-16.009872
-9.586299
-9.898619
-4.725345
-6.033687
-4.553776
-3.762708
-4.187521
-1.073592
-4.006706
0.519331
-8.535311
-8.625203
-17.045452
-15.596360
-21.174925
-22.591658
-21.432280
-23.649324
-19.373451
-21.883291
-13.973130
-11.188468
-4.701201
0.117119
4.969856
6.870987
9.822593
8.872800
10.469831
6.285904
6.251489
-1.579053
3.921949
-3.630178
1.865687
-4.999650
-0.512139
-4.793149
-3.671273
-5.179951
-5.214882
-5.130124
-6.080432
-8.695065
-8.428465
-11.367230
-11.384180
-15.030285
-15.170517
-15.105795
-16.332462
-15.532148
-17.618717
-14.085112
-14.946038
-14.256680
-14.433387
-12.463424
-12.676600
-10.143130
-3.016843
-3.727264
0.664702
-5.271900
-5.919137
-14.449310
-1.939657
-9.397781
-5.109577
-12.213262
-5.114201
-10.768279
-6.122041
-7.389803
-8.312888
-4.940577
-10.073270
-6.805748
-13.428114
-13.678791
-18.659435
-19.378588
-22.818190
-23.248657
-29.086117
-29.048615
-28.285292
-29.324465
-25.831436
-24.741926
-21.635702
-20.342762
-16.181955
-15.326677
-11.929711
-13.184116
-12.474724
-15.337978
-14.323972
-19.068323
-16.219967
-21.282799
-19.264547
-28.010469
-27.967831
-32.468697
-33.843307
-34.367775
-38.260445
-29.804754
-34.313324
-25.384535
-31.853312
-15.263495
-20.381805
-7.912730
-11.528011
-14.086653
-15.874772
-23.235811
-23.873800
-19.393995
-17.564781
-11.148400
-8.355524
1.129583
2.211395
6.577675
5.845680
3.023522
2.843221
-4.514736
-4.622609
-12.997651
-14.190416
-17.492867
-22.369745
-22.812025
-27.639080
-29.290556
-29.819649
-30.036940
-27.642159
-29.741573
-24.055138
-30.495651
-19.676006
-29.042452
-16.460882
-25.152351
-13.940767
-21.153353
-8.376070
-11.924572
-5.609902
-7.003517
-6.451824
-5.328404
-6.087625
-5.471208
-5.112145
-4.611307
-5.473263
-5.213854
-6.718937
-5.328405
-11.425276
-10.946526
-17.334654
-17.050587
-23.914383
-25.355257
-22.639940
-23.880484
-13.400376
-19.570704
-6.773901
-9.659244
-0.513166
-0.100681
2.945955
12.392022
10.067620
15.889156
12.949878
14.728240
13.894023
9.543152
9.338193
-1.920136
-0.367795
-11.604550
-9.070566
-19.759739
-18.037882
-24.854933
-23.269203
-24.946880
-25.684528
-23.712509
-26.850063
-26.100096
-29.249464
-26.657436
-28.397783
-24.636620
-25.111259
-19.880966
-19.291775
-15.745842
-14.329624
-10.357848
-10.125665
-8.198849
-8.831703
-7.334839
-7.704175
0.113010
1.091571
1.178897
-2.757312
-3.246670
-7.444417
-8.628794
-13.726408
-15.807397
-22.776276
-25.401901
-33.586044
-37.197701
-26.335907
-31.131130
-9.769274
-13.987345
7.418405
-1.781035
13.474412
4.491201
12.337187
-1.936296
-3.335274
-22.450306
-26.561886
-47.510796
-51.181793
-67.050949
-69.750549
-83.808632
-79.869385
-96.922104
-98.640572
-102.902527
-104.474640
-95.006149
-97.132652
-80.240074
-80.695274
-58.280735
-56.864681
-41.863670
-37.830936
-26.541571
-25.194614
-17.221821
-18.205416
-13.252494
-12.077062
-11.364156
-7.578547
-11.821815
-4.374144
-10.259443
-2.692283
-7.168848
1.445312
-3.703514
5.648751
2.871929
4.211566
2.841039
1.298180
-3.657993
-1.179499
-10.443155
-4.384711
-13.550014
-9.958675
-16.603214
-10.947146
-14.407604
-12.189239
-3.663680
-5.723536
2.714229
-1.680237
4.778962
2.007019
0.974652
1.701372
-8.122363
-6.048690
-22.490141
-23.833025
-40.304562
-42.283119
-51.353313
-53.973244
-52.735218
-53.070942
-38.637321
-39.955013
-22.629959
-28.088491
-13.796314
-17.227510
-8.883227
-9.666038
-4.874068
-5.408950
-3.322268
-2.414274
-2.246820
-1.377030
-0.335722
1.057566
2.039533
2.928831
5.431709
3.027191
4.858625
1.918414
4.452181
2.360624
4.528594
4.214005
3.997778
3.795369
-0.620232
-2.871115
-8.268682
-16.154495
-17.316927
-25.051548
-26.321274
-34.815128
-32.736572
-47.203529
-45.515160
-50.192516
-48.063560
-51.236252
-48.378151
-52.534431
-49.444664
-40.068821
-36.636810
-32.639034
-31.461973
-30.496262
-29.058266
-28.607922
-27.260160
-29.719954
-24.174446
-28.143770
-21.139126
-27.691805
-20.433538
-26.820391
-21.302513
-23.941145
-20.893629
-22.561678
-22.078819
-24.244349
-26.113174
-26.887859
-29.938623
-29.786612
-33.814465
-33.981110
-39.191711
-40.290733
-28.385195
-28.845289
-11.451953
-8.762918
0.258498
7.220061
-0.578778
12.189238
-7.927270
6.217770
-25.099503
-13.606915
-47.134430
-39.461586
-52.471840
-52.827888
-53.127850
-58.699360
-61.248589
-66.155975
-62.285831
-69.038475
-63.161304
-68.146736
-60.371471
-64.786255
-49.330032
-51.276093
-40.790661
-43.823547
-35.882450
-41.371876
-33.577106
-40.204567
-33.591740
-40.681732
-33.443790
-35.173615
-30.414160
-27.840557
-25.929464
-22.286915
-19.682425
-15.428591
-13.429703
-11.456827
-10.522005
-12.100636
-10.997545
-13.184212
-13.413445
-13.050085
-13.678447
-11.515353
-13.444334
-12.565606
-13.015944
-9.887957
-8.893795
-9.123842
-4.821231
-7.359065
-2.072861
-2.019211
3.037758
0.650311
4.785464
-0.056088
2.416714
-8.053267
-5.988536
-30.509268
-24.403667
-49.288574
-45.480206
-67.572029
-67.545197
-81.999153
-83.459900
-84.493889
-87.559288
-78.127365
-72.756622
-67.007881
-52.945759
-52.681568
-31.186403
-31.626993
-13.314274
-16.843014
-1.655038
-6.330763
1.923290
-1.681864
2.744306
0.087792
3.255610
0.597471
5.526004
2.824782
6.282802
4.514773
6.183630
4.383897
4.122149
2.985734
3.256424
2.385010
2.065546
0.281259
-1.836311
-4.042487
-7.552530
-8.995403
-19.080080
-21.412252
-27.657667
1.262301
1.266491
2.944771
2.550339
3.417012
2.647899
1.432283
-2.063735
-5.839865
-9.125197
-9.550753
-13.450183
-12.849256
-16.765446
-14.532920
-20.897697
-20.536781
-27.850233
-25.759563
-34.974545
-35.890297
-45.314762
-48.814354
-57.689987
-60.320518
-68.213951
-71.057571
-79.460335
-76.043320
-77.753922
-71.332298
-64.146332
-60.600044
-50.487263
-47.798664
-35.956738
-34.546597
-24.292562
-24.280596
-19.279871
-17.838009
-15.384633
-14.064274
-12.041239
-10.691554
-11.295471
-5.369417
-6.883702
3.779723
2.618572
9.431646
7.704884
8.581134
6.361782
7.527122
4.339946
7.057274
2.964523
4.518308
0.952263
1.173719
-3.036946
-1.997895
-7.558845
-2.551536
-7.476845
-0.659581
-4.567987
6.491065
-0.931912
9.169490
4.226824
7.224265
3.977836
1.769855
0.634443
-1.216215
-6.737661
-4.651182
-17.518988
-16.600849
-29.912170
-32.721672
-35.946556
-39.604179
-36.163227
-39.337234
-31.081705
-31.053562
-20.275227
-19.220016
-10.127738
-13.033006
-5.497505
-7.208703
-0.352535
-2.555127
4.342340
-0.784075
5.487928
-0.293879
1.443656
-0.104144
0.995356
0.775696
1.876394
2.296562
6.009847
4.302838
5.802755
4.103527
1.578924
1.896744
-4.277101
-1.778234
-10.454535
-9.911070
-18.051687
-21.256220
-26.092945
-33.648796
-34.409534
-39.592213
-38.696808
-41.859444
-38.152145
-37.393208
-28.983252
-26.045057
-21.183792
-17.561491
-14.722056
-13.202987
-14.066668
-11.999942
-13.979284
-11.110527
-9.966735
-7.571414
-9.183257
-7.632464
-10.784923
-6.148705
-11.185339
-6.337842
-10.109779
-8.061011
-10.722677
-9.288000
-11.746167
-9.835056
-9.805728
-10.476084
-8.912122
-11.843726
-8.441677
-10.311486
-8.001757
-10.701729
-7.419387
-11.622869
-8.449457
-12.046030
-7.847935
-12.210627
-9.809920
-15.263732
-10.574244
-17.131147
-16.898918
-21.457922
-26.520891
-27.230158
-39.829830
-34.970352
-43.088833
-39.807076
-45.312363
-43.734047
-47.187565
-55.119892
-48.816765
-57.438602
-45.108864
-50.316681
-37.423134
-40.747978
-28.928190
-31.443806
-20.375177
-20.674446
-16.288412
-16.038229
-15.804204
-13.401702
-16.051397
-10.030175
-15.647389
-11.270933
-17.779352
-13.666854
-20.107635
-15.704847
-22.429342
-18.712467
-19.995716
-19.702436
-15.949644
-15.545638
-12.046030
-14.016990
-10.751408
-10.083448
-10.076262
-5.948796
-9.291590
-4.924113
-8.776255
-2.743065
-6.538948
-2.605404
-7.041714
-2.324094
-5.378397
-2.084084
-4.957630
-3.089018
-5.838068
-7.241024
-9.757249
-16.578100
-16.970137
-30.954214
-29.967834
-48.030895
-50.517788
-59.900948
-64.868752
-67.262283
-72.947708
-71.250290
-69.833572
-69.731834
-57.438004
-58.148453
-39.269001
-44.701862
-24.187225
-29.535097
-14.271965
-15.646192
-6.978868
-5.499897
-0.819987
0.314229
2.617974
3.446939
5.303579
6.343827
5.085118
8.357882
7.116531
11.876645
9.857201
14.809444
13.258651
17.630917
14.206725
15.260738
8.715206
8.904940
0.376476
0.825972
-9.183854
-9.006689
-18.710070
-18.814810
-29.089794
-32.066280
-35.452171
-0.592906
-0.787896
-0.758421
-1.326386
-0.866685
-2.061000
-2.672045
-5.364495
-8.789295
-13.605665
-14.940554
-22.027651
-22.920414
-30.260885
-30.520494
-37.336071
-36.684216
-38.628452
-36.589558
-36.532310
-32.911957
-35.086319
-36.251156
-39.830139
-43.778122
-42.587215
-50.053520
-45.677006
-55.270630
-42.490852
-51.906494
-32.965237
-39.553532
-24.576132
-25.808987
-16.985115
-17.565554
-14.353318
-15.171820
-14.854395
-16.103130
-13.746238
-14.416800
-15.944979
-15.113436
-18.231579
-13.438448
-13.944632
-7.284356
-6.889274
-2.093878
-3.949120
-3.201466
-2.908981
-5.239228
-3.432735
-6.228915
-4.326060
-5.904687
-4.898560
-6.347950
-2.694717
-4.518783
0.278315
-4.637251
-0.064619
-3.548934
-1.871112
-0.843446
-3.885633
0.099196
-1.673855
4.005232
-0.191021
2.447580
-0.630883
-0.361072
-7.054223
-7.049687
-16.149609
-16.291313
-22.796843
-24.721233
-25.401999
-27.155212
-24.474096
-29.311441
-23.006573
-24.204285
-17.694792
-17.185207
-11.936911
-13.282571
-5.871245
-7.708346
-1.800825
-0.778827
1.372867
-0.083891
0.411520
-1.307681
0.490309
-1.380802
1.121193
-2.026423
0.233535
-3.389087
1.021998
-3.500185
0.847981
-1.306547
1.949335
-0.138874
0.633151
-1.894353
-3.249080
-4.460966
-5.632041
-8.234932
-10.507929
-14.636731
-17.287239
-21.741968
-24.030838
-33.023624
-28.157938
-37.643303
-24.013266
-34.015579
-19.336332
-23.431698
-10.585589
-8.927600
-4.387283
-0.269248
-2.939590
-2.047964
-6.483424
-10.172363
-13.923658
-16.680727
-22.542902
-25.326614
-29.976336
-29.195808
-32.312252
-32.413712
-32.783852
-32.231762
-29.947428
-29.911718
-25.357794
-26.566271
-24.283073
-26.633160
-27.790630
-27.707308
-28.325153
-26.823616
-28.195347
-25.719431
-27.705036
-26.095806
-28.131294
-25.212677
-26.549837
-28.184010
-27.630785
-33.007183
-30.640661
-35.843044
-32.961845
-32.450550
-37.083836
-26.417772
-37.074772
-20.611135
-30.457008
-17.163101
-18.953720
-15.028404
-13.792154
-19.606144
-14.297768
-22.984463
-19.066523
-25.741531
-20.131029
-23.283751
-17.636972
-19.381681
-17.429514
-18.219677
-17.974804
-19.208233
-23.454937
-24.227530
-30.239346
-29.982571
-35.256367
-31.306688
-38.634693
-33.104679
-41.080570
-33.609726
-38.821178
-28.362566
-30.390123
-17.320112
-18.566576
-10.382660
-11.078729
-5.504504
-7.256014
-2.482723
-5.338989
-0.976084
-3.891868
-0.354270
-1.457892
-0.244305
-1.175609
1.258366
0.616713
3.801174
0.755587
7.648828
2.538272
5.260200
1.485100
-1.936864
-4.310190
-10.500560
-12.344463
-18.708286
-23.797300
-27.061686
-34.271778
-32.799721
-41.511925
-39.007099
-41.445606
-40.982502
-34.609055
-35.202518
-23.819983
-26.979494
-15.819143
-17.406836
-12.176114
-9.158871
-6.645536
-2.766138
-2.404500
0.984021
-3.555735
-2.335346
-5.951731
-6.397264
-8.366438
-11.190392
-8.301251
-12.300819
-6.453380
-8.639086
-1.765115
-3.788704
0.723845
-1.347360
0.246572
-1.185812
-1.581461
-2.908414
-4.469469
-6.315640
-8.794963
-10.433107
-16.494240
-18.800678
-25.399170
-2.144955
-2.423688
-5.508677
-5.949851
-8.921777
-9.926416
-13.053399
-12.477936
-16.027632
-16.115778
-12.253194
-13.969899
-8.493065
-10.257757
-9.125291
-10.827686
-13.167844
-15.193274
-20.408453
-26.144178
-33.614601
-44.536427
-50.573505
-62.318157
-67.743759
-77.572334
-83.132706
-90.509445
-92.791473
-94.793831
-103.474724
-95.084557
-102.472366
-83.022415
-87.412460
-63.604755
-64.480171
-40.045780
-39.003304
-25.210606
-21.170820
-15.092675
-12.421171
-10.257298
-11.488523
-8.558593
-11.021044
-8.110958
-11.907546
-11.321929
-12.376870
-13.239838
-14.040502
-15.751206
-12.182126
-16.355284
-9.049146
-13.189075
-9.240197
-12.505625
-8.293242
-14.428145
-7.577950
-16.184072
-7.299216
-15.357567
-10.740004
-14.524135
-15.893802
-12.150746
-11.959695
-3.979336
-6.969720
-2.642892
-3.293576
-6.103986
-5.631430
-13.003099
-15.324802
-26.124336
-24.444550
-37.663628
-32.678265
-46.313137
-39.788731
-50.855473
-44.310768
-47.243473
-40.417732
-33.782124
-30.303028
-19.035555
-20.535362
-12.583152
-14.062655
-8.997459
-10.237916
-7.328290
-6.394716
-5.041198
-2.868555
-1.424125
1.126470
0.264427
0.498397
-1.347057
0.829278
-2.013434
-1.902217
-4.401129
-5.275168
-5.783257
-7.533648
-6.724675
-9.307112
-7.814688
-10.835530
-13.441503
-17.798790
-21.252039
-23.342081
-24.597303
-25.967434
-28.744154
-33.445240
-36.224731
-43.687771
-50.658878
-49.071846
-54.946018
-50.292461
-52.798279
-48.802799
-47.853081
-30.798201
-29.763103
-20.218788
-21.730133
-18.832504
-18.059525
-17.101959
-16.857838
-19.517340
-16.785381
-19.526567
-15.401865
-21.748127
-15.276804
-21.833502
-15.765975
-20.128338
-15.087139
-16.865679
-13.230147
-15.410174
-10.886755
-13.988357
-12.834657
-15.640914
-17.686190
-21.448629
-25.701622
-27.607992
-23.799868
-23.326851
-16.765539
-14.953309
-15.875343
-13.029863
-19.752693
-14.386149
-26.667961
-22.051323
-38.796093
-36.255192
-56.487831
-53.471600
-66.251328
-64.738136
-72.550980
-69.885941
-75.283859
-70.859665
-69.179871
-69.862885
-64.420181
-65.206993
-53.471130
-54.639130
-35.933537
-36.491459
-25.812376
-26.790251
-19.143541
-21.804428
-17.595278
-19.950205
-18.469322
-21.906414
-19.659479
-21.977026
-20.546440
-19.455500
-18.754515
-14.049729
-12.032146
-8.082808
-6.016767
-6.184283
-4.910599
-6.981256
-5.061041
-9.457094
-8.273860
-12.135516
-9.645375
-10.790305
-9.855349
-10.781999
-10.657401
-8.874246
-8.663347
-7.271990
-4.933674
-5.848786
-2.756415
-5.468989
-0.865274
-9.478784
-1.892065
-17.580511
-11.185330
-30.152590
-23.169487
-47.226852
-37.575943
-58.427418
-51.953796
-66.929710
-65.124863
-74.802544
-73.327652
-73.300430
-73.520088
-66.533295
-59.566349
-55.413952
-42.665604
-43.717770
-23.506365
-26.442295
-11.882627
-14.897933
-6.786052
-6.966489
-6.104908
-3.775822
-5.580206
-1.376593
-2.015280
-0.712985
-0.491937
-1.077093
-2.701499
-4.588487
-5.967849
-7.316752
-7.407664
-8.162642
-7.403972
-8.396152
-8.019584
-9.807818
-11.860016
-14.790871
-19.218763
-22.006557
-23.349926
-27.755667
-25.960052
