-19.510826
-20.348768
-21.562637
-21.356022
-26.369320
-33.201984
-48.359535
-15.179075
-28.609093
-27.959112
-38.068932
-29.481466
-38.390331
-41.117947
-42.848351
-17.629766
-37.338596
-30.599201
-39.586979
-32.851891
-32.589310
-33.856270
-43.458145
-35.648373
-40.539711
-35.589546
-52.837643
-61.369141
-56.358711
-53.202091
-53.022732
-45.583134
-48.096966
-47.828655
-62.102333
-60.271503
-59.710472
-47.405369
-47.606247
-28.868795
-30.567623
-42.465252
-60.403507
-49.171658
-64.875870
-28.237469
-27.079567
-22.862606
-35.682804
-51.605122
-50.784409
-35.453236
-46.238865
-3.951521
-14.794543
-11.409774
-16.549334
-56.661472
-23.548441
-26.047916
-42.105114
-11.933488
-7.476906
-1.769149
-4.819595
-32.348259
-8.520027
-17.108919
-41.370461
-34.740116
-34.819038
-15.715706
-23.435093
-37.572475
-23.029028
-22.238441
-50.193241
-60.901386
-25.934563
-11.236159
-27.435400
-34.120277
-30.537510
-25.426641
-29.188755
-35.639759
-19.058853
-15.356997
-22.772202
-18.776196
-8.136927
-11.046762
-13.986732
-26.969082
-34.573681
-40.896984
-37.284081
-34.382851
-33.737179
-18.526533
-31.322361
-23.348999
-22.267136
-28.769794
-31.445747
-26.446804
-27.706577
-12.920653
-16.408722
-12.092752
-2.640088
-9.778375
-16.339851
-10.831538
-10.986496
-0.546670
0.020091
6.366346
2.767790
-19.731792
-53.358482
-57.358788
-49.369659
-38.526638
-22.980246
-25.821211
-46.666443
-63.849968
-62.449574
-65.695160
-61.676220
-59.353214
-42.313156
-38.905434
-44.056477
-58.865368
-31.748501
-40.703274
-43.951736
-41.965927
-34.302498
-36.791931
-33.662563
-22.168131
-10.464221
-26.231573
-2.795050
-8.786897
-8.831384
-17.510674
-10.132775
21.142239
2.225424
-17.978432
-0.771940
-11.345212
2.533913
-12.297935
-21.737680
-35.883682
-39.739071
-4.802382
-14.818934
-40.017426
-25.814043
-13.256404
-26.023523
-33.678352
-24.304592
-31.988111
-26.712246
-46.673611
-35.374313
-37.314209
-23.023287
-33.421520
-22.700451
-55.977055
-32.956627
-55.794827
-56.715984
-72.559395
-42.653206
-44.644756
-43.571503
-61.212749
-46.639164
-54.677101
-41.812401
-67.755585
-33.955269
-36.945457
-37.424683
-42.812477
-47.269070
-35.291103
-26.076611
-40.686062
11.580523
14.784501
3.432117
-26.554409
-23.958801
-19.143517
-14.689805
4.928644
15.737227
14.724230
9.332139
-17.738811
-15.293862
-12.066926
-46.482777
-22.294399
-10.167211
-16.071541
-27.329216
-29.386761
-18.009991
-24.693432
-28.092552
-34.004055
-28.401043
-31.368271
-40.820934
-43.337627
-51.793083
-51.407112
-40.228348
-26.574501
-28.903223
-23.090725
-29.333679
-34.302498
-60.608688
-22.426403
-10.868847
-8.788336
-14.653925
-10.023728
-9.571757
-11.721131
-45.481266
-26.706499
-28.217381
-18.704456
-12.765686
-14.745755
-5.917240
-16.460377
-51.839001
-54.740234
-42.093624
-42.029057
-36.357174
-34.319717
-26.690720
-32.008209
-33.986839
-34.200626
-22.152349
-35.952545
-30.695333
-26.778240
-17.467628
-22.538315
-12.843167
-1.947067
4.780857
-14.781625
-8.720903
-7.666300
10.949195
-17.200748
2.510954
2.476520
11.187377
-67.982285
-66.901855
-58.285698
-1.150454
-1.442566
-1.129687
-1.758213
-2.587481
-5.228954
-8.690006
-2.087704
-8.536334
-8.501724
-11.726038
-8.879669
-7.920267
-5.587519
6.091446
3.258924
19.894114
18.470932
10.403913
14.226296
14.803602
19.219896
-8.057324
3.072026
5.400624
-8.750916
1.896653
-0.761431
-3.207706
13.978491
11.409005
-1.251518
-24.749273
-44.792915
-34.653412
-29.737331
-35.781704
-18.709055
-17.575220
-10.923073
0.863868
-7.941026
-32.335903
-41.528442
-46.992756
-49.175980
-57.632011
-53.678108
-36.709286
-51.573799
-38.387196
-40.384911
-31.597998
-41.423225
-58.159489
-56.327885
-42.570908
-49.000156
-42.234497
-46.627262
-55.815659
-20.295593
-26.539335
-27.213541
-25.543932
-29.544910
-28.056650
-18.088835
-19.968874
-24.915413
-20.054708
-8.539104
-15.023727
-17.356474
-26.054785
-31.287891
-24.689747
-39.372898
-37.585621
-26.459026
-24.646830
-32.395428
-45.832611
-30.619215
-51.796688
-28.820850
-35.528370
-31.812576
-34.341915
-38.028629
-27.860069
-33.929359
-39.624863
-34.980141
-0.070609
8.923968
-16.953604
-5.458769
-9.639718
-14.165385
-22.067656
-10.787403
-10.414990
-22.030272
-33.505730
-39.140320
-33.501575
-10.329154
-22.733562
-18.026531
-18.754734
-25.201981
-22.361153
-25.873423
-21.995665
-17.583519
-17.355089
-7.165757
-9.559420
-11.096128
-38.767914
-28.138336
-23.039518
-32.197449
-43.026386
-54.056053
-46.609261
-2.912822
-4.376151
-12.689594
-9.497119
-7.972874
-21.039036
-22.685106
-21.152555
13.823441
-2.215072
-17.694275
-12.976170
-13.672534
8.043482
7.464788
4.115882
-8.919819
-3.438897
-0.814041
-6.026381
-9.325454
-6.393253
-8.194385
-17.262339
-49.574699
-33.630329
-39.046177
-48.644367
-60.345478
-67.988861
-56.092537
-36.408855
-57.411900
-39.828373
-17.000681
-27.440590
-50.208759
-38.351208
-7.669688
-30.280035
-19.653231
-14.013097
2.424120
0.382096
0.038755
11.933699
-31.908112
3.678403
-10.320850
-17.083750
-34.811249
-26.615469
-29.848089
-30.642746
-71.791878
-30.687056
-43.256195
-34.916439
-63.036789
-64.184479
-66.796890
-60.013218
-23.728956
-38.621159
-47.680801
-48.840946
-26.713766
-37.600845
-44.441261
-63.625160
-13.334730
-35.579597
-35.287476
-56.132690
-25.429026
-36.241348
-32.442493
-37.480396
-18.529076
-30.580456
-25.640831
-50.531334
-38.672386
-38.655769
-48.463005
-38.291672
-18.446009
-29.749809
-41.579670
-43.852882
-53.473217
-17.605673
-7.762448
-9.947058
-20.288675
-12.285345
-1.727758
-4.503520
-19.194983
-56.642162
-38.949265
-35.038277
-40.571804
-30.016991
-26.841135
-43.231277
-33.094555
-43.033306
-42.431080
-29.315090
-54.378624
-38.900810
-54.360638
-55.846115
-50.430256
-2.203993
-29.107428
-27.005886
-22.819391
-25.728056
-15.440434
-35.769257
-33.245464
-22.559128
-19.401262
-10.798479
-10.351305
-14.479650
-4.334621
-5.727346
-12.187042
-35.644661
-40.130184
-29.540752
-47.356846
-39.677471
-49.998318
-38.832977
-35.479912
-28.442907
-27.077869
-22.174255
-45.486500
-41.374779
-36.419933
-33.919674
-25.525934
-13.059235
-3.491510
-11.096128
-25.290583
-26.795450
-17.119738
-9.024395
-9.382389
-9.415660
-9.757684
-12.980968
-15.532180
-16.345320
-16.347980
-21.532911
-19.049574
1.052692
4.580736
2.821370
-1.398708
4.602027
2.793425
0.769222
1.184445
-14.832158
-9.498169
-10.315303
-12.062689
-13.437442
1.392056
-13.477365
10.794409
15.038442
10.475011
4.357157
-29.113354
-21.350594
-25.200693
-27.115782
-36.656536
-24.129360
-23.932398
-31.198786
-23.903131
-20.858173
-3.963236
-20.625267
-38.057899
-13.066138
2.479344
-18.605070
-17.561697
-24.613806
-11.445185
-23.960356
-22.594923
-10.791739
-5.158318
-17.223669
-17.320808
-14.466176
-10.566829
6.710078
-2.613759
-26.277353
-12.733433
-22.484461
-26.845613
-19.270491
-15.268668
-13.076788
-13.864641
-26.902834
-16.148361
-47.798275
-58.990604
-52.192696
-7.402102
-10.179564
-10.171576
-26.118977
-16.715296
-35.694328
-48.896214
-13.702282
-2.953122
-11.300124
-24.118725
-38.719322
-7.319595
-34.424717
-41.585941
-41.169392
-5.746542
-10.259399
-4.154870
-19.522018
-16.200256
-29.527243
-21.288038
-5.536272
4.504878
-25.442907
-30.800850
-19.986481
11.604884
-16.278776
-17.604288
-16.594185
7.141267
-2.740189
-6.744670
-13.461398
14.498120
-2.231809
-1.015422
13.332309
8.778189
-16.419846
-16.783165
-0.017298
8.597196
10.786422
16.989449
13.392195
-7.093353
-7.847935
-9.947995
-8.003645
-0.839758
-20.365774
-20.790312
-62.997746
-39.436642
-17.428617
-31.679209
-24.672348
-23.674225
-31.479578
-30.743626
-33.848461
-12.517831
2.414136
-1.868489
-8.671720
0.248873
-21.594131
-22.582943
-37.896854
-12.606997
-5.998066
-9.168122
-4.230727
8.382936
5.928876
-2.073435
-6.734019
-20.253983
-29.295673
-30.788874
-19.673731
-25.167414
-18.052782
-13.251121
-31.325197
-49.690731
-43.294731
-22.849108
-28.274920
-4.395746
1.905760
10.794407
-4.877507
-6.913684
-6.992204
-3.304465
-7.773407
-9.506157
-8.716972
-33.687420
-10.754482
-8.172654
-27.943541
6.727378
-11.167043
0.242207
-1.614303
-69.299255
-37.522896
-45.171207
-59.602787
-38.069878
-41.450203
-40.824703
-23.124596
-52.140797
-25.860796
-28.286909
-35.120750
-27.625467
-42.425694
-12.491219
-5.186273
-7.427385
6.144471
3.339072
-11.666105
-17.054655
-4.347836
-24.765509
-0.690698
-12.147868
-23.070019
-21.665987
-28.199064
1.297575
3.299150
-5.963475
-2.677640
-6.011382
-6.380026
-29.046804
-43.342640
-43.917576
-25.585314
-30.559973
-38.656773
-56.149269
-30.052923
-35.319042
-27.359312
-37.365864
-28.658209
-31.625971
-30.445517
-31.987961
-16.984119
-23.076681
-11.953559
-16.214899
-47.477551
-33.686104
-40.662338
-33.489143
-15.045088
-18.199173
-24.412842
-12.962336
-12.527143
-13.957802
-41.987858
-42.508217
-0.207600
-14.305140
-23.911108
-29.335606
-11.119124
1.851192
-10.830333
-20.480221
-6.610260
0.447165
-16.137711
-10.924827
1.067329
17.678816
12.455288
16.119080
10.832999
16.805792
13.365582
-8.534643
5.610806
26.546175
22.861090
10.597444
9.973280
-3.570633
18.345566
3.348382
10.303327
10.887565
14.350398
-9.363754
-7.265028
0.001330
-12.453602
-13.189765
-14.855254
-15.625756
-16.867363
-19.366665
-27.075989
-17.608889
-36.360661
-41.836803
-16.178415
-18.495291
-23.949982
-28.380903
-32.379364
-21.810169
-42.175911
-43.995930
-14.401320
-14.107286
-17.664690
-22.741646
-19.619925
-16.378014
-31.820269
-45.847073
-30.917778
-31.892170
-30.034592
-51.498150
-55.278759
-54.822674
-49.948551
-50.425014
-47.686413
-48.213314
-48.025517
-72.318893
-83.632843
-81.781693
-67.421158
-51.601158
-40.297951
-42.910999
-38.503677
-51.636578
-59.984417
-64.119156
-46.222660
-31.648571
-38.349148
-40.385944
-43.081623
-42.189865
-33.194942
-39.069225
-43.839264
-36.383194
-32.570385
-34.765991
-35.043934
-25.883753
-36.104183
-42.786518
-46.002674
-47.234619
-51.806122
-50.618179
-29.566710
-24.746239
-34.713413
-30.239555
-24.281572
-30.790073
-47.164867
-40.639202
-27.639374
-20.056690
-31.607788
-29.757725
-18.054234
-11.403016
-27.607187
-41.183273
-38.838505
-28.288618
-19.778748
-15.853261
-14.360544
-8.023747
-24.798820
-40.241077
-45.621716
-42.767200
-34.993500
-30.077511
-14.725405
-17.826733
-25.225922
-26.734734
-33.736866
-30.837286
-33.103722
-33.908569
-24.037979
-28.609484
-32.425510
-26.676788
-20.593245
-21.248926
-9.906005
-21.327263
-28.302565
-30.953182
-26.832390
-24.272989
-20.521347
-22.945534
-14.879935
-27.899075
-19.910740
-15.559225
-0.783382
-7.023597
-7.621325
-12.039377
-18.978197
-31.844954
-34.570683
-29.652559
-15.882232
-27.843273
-15.206165
-25.701319
-38.260086
-63.246700
-44.987503
-35.209206
-41.341022
-42.922810
-45.119488
-50.933674
-54.417042
-72.396156
-65.461624
-58.116093
-43.284451
-34.353920
-60.952354
-65.215889
-58.507786
-55.118866
-64.487236
-60.549938
-49.938896
-43.229725
-67.270912
-71.651413
-78.266151
-79.887634
-82.982521
-84.237007
-90.508354
-56.578316
-51.614040
-48.889370
-69.547020
-70.114700
-70.702774
-66.006775
-74.496262
-48.725193
-44.021690
-35.229588
-48.117802
-49.332569
-43.200741
-57.301594
-49.354038
-47.375206
-43.669697
-41.335663
-63.948528
-64.638557
-59.358772
-56.977520
-51.501354
-53.739906
-58.893044
-52.378094
-80.584091
-83.279770
-86.923035
-56.989323
-54.590881
-54.202408
-50.886459
-52.732231
-66.238571
-69.482620
-58.633343
-36.859653
-33.589848
-44.766434
-44.728867
-49.501057
-51.793255
-46.965271
-38.318035
-29.507690
-32.115379
-38.386715
-36.193256
-57.590267
-49.178051
-54.632740
-51.400486
-47.854885
-38.680752
-54.835545
-47.329052
-48.130680
-45.236465
-55.580299
-61.222797
-59.015369
-24.762337
-44.674145
-30.459547
-32.268837
-35.757557
-42.354050
-48.765965
-48.033020
-20.326040
-37.959618
-30.660223
-26.164906
-39.381500
-37.881275
-35.630936
-43.264061
-31.841736
-38.487583
-33.678921
-38.785919
-49.360477
-46.000526
-47.868839
-46.560707
-44.958534
-54.927841
-44.847992
-48.756313
-50.306973
-59.219280
-60.504868
-51.372585
-28.520405
-28.311152
-32.722767
-45.120567
-44.874821
-45.707565
-56.473148
-31.510138
-26.115541
-11.178730
-22.492674
-26.422455
-29.441154
-25.848337
-41.125328
-12.945095
-14.317618
-8.316710
-13.136110
-6.908770
-3.726959
-6.906625
-9.661980
-10.955559
-12.452305
-13.949050
-14.179218
-16.736799
-21.062447
-22.977098
-38.088566
-40.061085
-41.777710
-37.040585
-40.385120
-45.945190
-51.555416
-50.674591
-45.088806
-54.656921
-56.727154
-49.033829
-54.299446
-56.576706
-55.846344
-46.801575
-52.181633
-73.625984
-74.389778
-67.666000
-72.313110
-70.966812
-67.756020
-53.391624
-70.987396
-74.587807
-59.117577
-53.979271
-62.472397
-72.369682
-76.400879
-56.055935
-71.392426
-65.280724
-38.474327
-30.216503
-45.083660
-38.289158
-33.238285
-21.071445
-47.267056
-34.022659
-29.288118
-21.452063
-41.096203
-41.247932
-50.616734
-46.175358
-40.989479
-34.597446
-21.899544
-25.515392
-48.779236
-54.872940
-39.225266
-38.597763
-46.471111
-45.875751
-45.248245
-46.114929
-57.629833
-56.385117
-45.693161
-52.904289
-68.856720
-43.284737
-47.756977
-31.538378
-53.561359
-54.638912
-51.035927
-42.497787
-59.122723
-56.899460
-54.791924
-24.867317
-28.184849
-29.007801
-48.518208
-37.656513
-50.552441
-46.213940
-44.436878
-25.026766
-20.524954
-17.462027
-51.312393
-30.013340
-37.957405
-38.483326
-35.876873
-30.359241
-13.587721
-11.346461
-22.622202
-11.963676
-20.158484
-13.841036
-8.517561
-18.152533
-16.797237
-11.260306
-5.476492
-11.165157
-12.604038
-11.707789
-10.877124
-34.020092
-27.723217
-23.302420
-17.198425
-36.395084
-23.409143
-24.566425
-32.520771
-22.741785
-45.986336
-49.777061
-36.096764
-47.506226
-23.253559
-24.857029
-50.817329
-45.969624
-55.400150
-56.593418
-53.644939
-62.057064
-41.701843
-50.980633
-44.543602
-47.183479
-48.631359
-59.441616
-53.417339
-65.562332
-49.287151
-65.948090
-47.978146
-42.560791
-16.686653
-31.040747
-47.971718
-59.435184
-59.800369
-76.353310
-64.767662
-60.958939
-18.140963
-35.370247
-60.160416
-76.847054
-71.154556
-81.114853
-75.779808
-88.401848
-74.081177
-80.864113
-85.835258
-96.709801
-97.195869
-66.913773
-68.725555
-71.710045
-55.065834
-53.170464
-59.512344
-67.624863
-63.921566
-66.004669
-68.616249
-76.124405
-65.287155
-65.098137
-52.500519
-54.847229
-56.482845
-61.266258
-61.819180
-55.757614
-41.798283
-65.690910
-40.028927
-50.972916
-48.802380
-60.757053
-60.890781
-50.841755
-40.368397
-53.209026
-27.691072
-33.546890
-23.211124
-58.227753
-46.766861
-64.677666
-46.795143
-55.413002
-53.675804
-59.939240
-56.927750
-53.959984
-46.202366
-55.110836
-58.362774
-69.362061
-62.591980
-72.180664
-61.084953
-67.491119
-67.447411
-73.247932
-78.928886
-87.712624
-52.413086
-61.087517
-42.591656
-55.515873
-78.512276
-75.377335
-84.356514
-94.774597
-54.862663
-64.353630
-41.821426
-49.288437
-56.268101
-54.919235
-59.741222
-65.903084
-32.677647
-40.635864
-41.568108
-24.160088
-32.000004
-37.080448
-52.680538
-42.721527
-19.794586
-29.679022
-33.530178
-26.659813
-8.210238
-16.236599
-30.399099
-17.483891
-7.445150
-18.547298
-18.747892
-23.868198
7.131401
-7.726757
7.100538
-14.114923
1.273004
-12.508881
-5.194887
-22.026846
-8.113800
-14.630555
-3.348390
-11.746364
-3.948885
-28.247850
-15.263201
-47.276062
-31.159044
-41.849716
-34.025238
-46.928883
-46.050629
-49.188141
5.506732
5.283246
5.922420
4.614274
6.023734
4.238814
1.670198
7.737138
-11.418723
-13.726605
-53.470131
-49.350517
-51.181622
-52.144112
-56.917801
-37.994366
-34.951958
-45.619766
7.044329
6.598841
3.520675
4.474223
-1.415421
13.005482
-4.784124
-23.241211
-9.069122
-6.747833
-10.584372
45.245796
44.710915
43.136074
39.584118
39.083500
41.741516
41.671482
34.108669
-17.098286
-14.653327
-10.158254
6.761243
10.053956
5.162560
3.170542
1.980101
-12.805843
-12.776041
-8.275001
8.216889
8.954404
-13.553774
-6.059493
-12.497420
-18.884693
-19.656475
-18.002666
-17.354551
-19.835266
-8.806896
-7.229079
-10.845107
0.135581
-5.937318
6.065451
-4.754324
-6.411117
0.956526
6.525835
32.063011
11.213115
18.691008
-40.960793
-44.861389
-52.378025
-37.881130
-27.868891
-43.690327
-48.206268
-39.305500
21.453310
20.455070
16.448679
19.163313
18.002668
3.690524
0.724098
17.923700
22.034378
19.702663
13.604430
7.892091
9.015489
-3.480448
-3.556431
3.599639
16.646843
17.488644
14.785934
8.751771
19.292934
4.962913
3.925929
-0.515512
-8.093228
-7.162031
-7.917420
-7.348271
3.659236
1.118927
4.375885
-2.325760
0.595967
-4.970364
-9.887090
-15.074978
-6.595861
-8.865005
-4.501039
-11.274201
-9.224074
-15.010914
-19.050076
-3.312082
1.999468
-7.206727
-9.253877
50.292133
50.725708
24.008524
19.763748
27.180553
28.512543
45.652538
40.320126
-20.371634
-25.428411
-9.495241
-14.426866
0.426117
-1.644868
-0.321823
-1.854946
-9.402869
-32.411644
-16.047894
-12.793919
-7.799715
-11.253345
-11.925297
-7.115844
-20.812649
-25.057425
-12.135374
-9.426706
-15.107757
-2.024798
-7.541959
-7.790778
-11.521525
-13.891988
-17.210030
-11.610925
-13.072530
-52.559792
-50.523083
-50.628872
-51.673302
-56.584064
-65.070633
-36.191570
-38.129951
19.882940
25.493967
2.343639
16.970156
-1.488426
6.953443
-32.335663
-36.674301
-27.958290
-22.509665
32.255207
35.385529
28.591507
29.622528
40.092175
46.556931
34.423038
41.772797
-2.021819
-18.559895
-19.097759
-15.124145
2.769755
10.176129
-11.302511
4.302876
-6.001386
-9.669562
-9.364127
-3.875272
-0.825417
-2.373437
-6.798490
-2.275102
-7.579206
-2.143995
-2.553719
6.072900
-3.149685
9.465442
1.801310
12.351410
3.952749
8.181132
8.039592
7.673071
-0.676422
20.078121
17.251745
3.437238
-9.015491
31.307621
12.944396
18.719311
17.646576
-57.577839
-58.014389
-56.750923
-50.952171
-30.485189
-30.942593
-52.576180
-47.973835
11.707767
-3.401478
-0.341187
-4.591924
-0.524454
1.919010
-5.332414
-5.734691
4.787103
10.095678
13.270687
11.399355
5.196829
-5.897091
8.260096
-1.664236
-4.709625
-9.423722
-1.597191
-1.004205
1.005696
-3.550474
4.834780
9.008038
6.366418
-4.332675
1.786412
-11.141603
-8.201991
-10.454743
-5.849414
1.871337
6.513916
-0.140054
-4.428030
-2.141012
-5.189379
-3.593680
-4.270103
-5.964138
-9.410317
-12.965258
-17.089346
-12.458688
-13.877088
-6.154846
7.668674
7.716663
7.402676
6.806238
6.756881
7.449295
11.115667
1.266917
1.198361
2.341873
-19.262861
-14.769703
-7.978548
-10.842818
-9.419593
-11.451590
-9.744554
-14.842372
-29.017010
-25.364342
-20.343304
-21.351076
-21.995499
-30.992794
-36.714474
-52.906025
-56.136379
-58.656506
-55.619461
-19.571360
-21.592392
-33.954403
-28.836020
-41.794479
-33.438877
-34.472706
-37.012016
-21.364799
-22.228605
-33.899578
-36.410103
-26.938402
-20.910954
-32.054035
-21.983171
-14.540719
-14.935610
-13.951148
-22.633074
-9.988605
-16.013309
-22.354746
-15.630780
-14.591462
-32.924706
-30.743259
-32.177444
-10.048937
-15.190639
-16.563135
-7.986779
0.008229
-21.345591
-12.293466
-19.365707
-9.120695
-11.077283
-8.462553
12.219428
-5.961626
-9.234493
-45.216801
-42.600700
-18.857018
-22.269724
-15.086435
-10.379372
-28.309502
-17.546217
-38.765675
-23.987738
-20.463961
-15.392200
-13.715314
-15.673274
-16.639908
-13.405443
-32.125343
-17.126657
-14.465317
-14.069064
-22.509670
-17.163673
0.293421
-13.324540
-17.842382
-4.061257
-7.043441
-12.726735
-14.904072
5.080002
-1.447900
-4.564452
-26.742325
-12.759644
-11.794374
-9.351038
-17.502340
-10.675536
-14.151326
0.019197
-11.595560
-14.476282
-10.378006
-3.477158
-28.368479
-22.768814
-28.483646
-32.980923
-8.854696
-17.347406
-12.758267
-26.614801
-37.247852
-32.250114
-50.207680
-6.327717
18.419626
15.532047
20.507843
-18.314051
-19.268349
-15.466233
-16.160017
0.344147
22.750998
4.775610
12.926924
3.608791
-0.787021
-5.137584
-11.775178
5.655870
-2.026514
-13.978569
-3.437399
4.191514
-7.497298
-0.778796
-1.675514
10.829109
-10.838701
-19.914150
-17.901344
-14.627124
-23.299431
-10.364292
-13.029747
3.854215
5.548908
15.899522
4.612448
29.121210
-17.436539
-8.481742
-42.946217
-14.244570
3.133023
-1.168192
-1.868831
2.335011
-13.085976
-9.973536
-52.751102
-7.179192
-6.385304
-4.357415
-39.374451
-46.675674
-64.361740
-67.405624
-42.083778
-23.169168
-16.360191
-17.824549
-45.473186
-44.932972
-31.432919
-42.094746
-12.078196
-14.813570
-9.628005
-10.889447
-23.170555
-23.756029
-16.161385
-33.094723
-13.022901
-23.100615
-19.098320
-7.316305
-13.707079
-16.389000
-18.193396
-14.945206
-24.769283
-22.495953
-25.944328
-11.718956
-13.390358
-8.873894
-8.755971
-2.465281
-13.966221
-25.970387
-15.840548
-8.261009
-9.547109
-15.064497
-8.651764
-4.272424
-20.784817
-32.546284
-21.233171
4.449294
9.441544
-61.830647
-43.316414
-38.158268
-30.669210
-43.907372
-29.838312
-14.662759
-3.290689
-44.480503
-31.911449
-23.760139
-13.298492
-22.967638
-9.046643
-20.986370
-19.075018
-25.223122
-8.795733
-16.423271
-7.332750
-23.414612
-19.036623
-21.774754
-35.008801
-10.548021
7.539791
-15.216690
-11.356984
-17.383062
-20.440662
-16.372543
-15.817242
-18.854267
-6.802128
-5.388500
-19.620720
-18.688362
-21.307201
-12.898123
-16.720802
-13.025640
-0.634829
-4.879821
-15.016508
-17.330950
-11.281574
-9.935139
-25.476774
-25.866180
-30.116652
-41.232319
-13.524725
-25.353380
-27.995533
-2.163525
-0.856503
-0.486493
2.088155
5.604954
8.051123
8.998415
10.444191
22.534582
26.178144
-4.631972
-0.813682
2.202923
4.068382
2.156674
-3.876529
-2.709974
3.352364
-27.399515
-28.552370
-26.198692
-24.406898
-19.889715
-32.965073
-24.651861
-46.412159
-74.865173
-76.064293
-75.003906
-37.465134
-35.402683
-47.198433
-52.184994
-63.804314
-65.678329
-63.095135
-63.185921
-22.109760
-15.694556
-20.996309
-35.950836
-73.535881
-41.799034
-37.127674
-46.042145
-7.629728
-3.400315
-10.033076
-27.971670
-67.807587
-32.468296
-32.867424
-30.458950
-7.225451
-14.569108
-13.676638
-22.253653
-67.660278
-26.083929
-23.937536
-19.822891
-66.848312
-42.119377
-25.835543
-14.718142
-27.039785
-23.569235
-18.044798
-47.487926
-44.966381
-9.428377
-27.724995
-31.461050
-40.617065
-32.673866
-24.847139
-52.541286
-64.862946
-35.633926
-52.054806
-43.488071
-52.918167
-46.651978
-27.094606
-45.661869
-49.093018
-26.870199
-54.749359
-44.772820
-63.156784
-47.167595
-21.803129
-44.985233
-60.441662
-35.551708
-39.244949
-49.007362
-58.512825
-47.532467
-22.954273
-33.419014
-24.043743
-14.325855
-24.422319
-37.913948
-40.992210
-25.287382
-16.155350
-10.862169
-8.446829
-16.823423
-25.092100
-39.265514
-39.359718
-26.556719
-30.287649
-37.958481
-42.636696
-66.130562
-39.368279
-40.627342
-41.607178
-37.285278
-48.836075
-55.287247
-65.334007
-61.630508
-43.260235
-40.551979
-31.678602
-28.009348
-24.519957
-55.617851
-54.651714
-25.162334
-9.693893
-1.551985
-5.438796
-6.127425
-11.146525
-31.043076
-26.227831
0.423110
8.167604
5.594677
4.273952
11.004350
11.965347
10.576096
-0.539598
-1.646196
-4.780997
19.427189
13.404266
5.767688
2.317696
6.147977
6.353529
-2.329689
-8.152192
11.245880
-2.190932
16.372904
-20.696531
-5.933845
-70.509003
-1.654766
-10.612068
1.409812
-8.263542
-2.819602
-33.266541
-33.698235
-71.557358
-47.001438
-48.209106
-54.555786
-70.906425
-55.511642
-71.004059
-75.332825
-72.612579
-46.535488
-43.412689
-54.543793
-62.463032
-64.371307
-64.349037
-59.730778
-44.246933
-18.978392
-19.219927
-23.245489
-43.028976
-47.129921
-27.139139
-30.584003
-15.965219
4.088949
-7.134677
-25.571749
-36.874149
-30.015280
-28.569494
-30.363022
-18.923567
-8.941887
-15.281723
-45.058895
-59.991150
-41.838432
-47.823677
-36.259186
-54.860706
-46.737625
-38.182884
-51.102367
-43.154026
-77.895477
-76.170486
-35.080627
-34.700348
-47.953869
-37.766624
-42.636692
-37.516525
-80.655136
-78.039375
-52.351158
-61.402672
-61.190266
-51.842392
-49.278019
-37.192760
-91.902740
-88.187233
-66.421768
-69.402412
-59.490952
-66.939110
-64.001305
-42.712067
-88.543533
-89.583313
-79.103134
-79.221352
-76.036880
-67.975487
-73.378296
-58.302143
-86.292633
-83.495293
-64.768738
-68.312935
-64.412415
-57.683735
-56.486343
-43.734745
-21.263529
-12.241125
-6.298726
-32.195927
-26.596113
-30.433250
-22.322174
-26.637236
-17.602840
-15.828168
-5.101330
-25.155478
-24.674131
-22.363289
-27.921989
-50.581619
-47.556450
-58.363792
-57.750538
-24.965334
-32.982197
-38.006432
-12.823158
-13.820530
-16.565527
-17.138729
-18.575556
-19.702852
-22.870749
-21.503979
-22.730629
-20.915491
-10.716325
-5.981678
-6.493738
-9.150847
-18.104256
-14.828094
-15.233151
-15.230609
-3.327117
1.562929
-5.249250
-8.507586
-16.537500
-0.778283
-15.442058
-4.430221
-5.455606
-1.104370
-5.807162
-28.530159
-33.638027
-18.259657
-32.770588
-20.774101
-28.582382
-30.825502
-37.930664
-68.647919
-70.678314
-49.700413
-62.924812
-66.883720
-42.073006
-37.678459
-36.118080
-50.031593
-39.544552
-34.952568
-55.592934
-51.083736
-36.528233
-33.295383
-29.007832
-33.696609
-28.759447
-40.195450
-32.157898
-50.400990
-54.670708
-43.286922
-49.187077
-71.589073
-49.576859
-41.627174
-39.189156
-61.983486
-63.570602
-46.901909
-77.305809
-81.510551
-63.780788
-33.035522
-26.350718
-57.246292
-57.543083
-45.574631
-73.191490
-71.873131
-73.094688
-31.757921
-29.574657
-42.271713
-52.041622
-33.759037
-47.266216
-42.838543
-42.129059
-12.169710
-18.788279
-26.651327
-30.965624
-27.937851
-39.609516
-55.018452
-33.012604
-28.666452
-40.904949
-50.720711
-44.095776
-37.754887
-50.578037
-52.822449
-36.049290
-22.016041
-36.431427
-42.102306
-37.177860
-31.006393
-36.293861
-46.732502
-25.349529
-24.592901
-36.337166
-33.306839
-31.326111
-33.373074
-39.051594
-38.525528
-42.977394
-24.175102
-8.540707
-11.014391
-18.212528
-14.712179
-29.940237
-30.773287
-61.481617
-53.438961
-26.884434
-23.778955
-28.812941
-12.002841
-12.135317
-13.020595
-43.936546
-48.891560
-38.934406
-43.042358
-48.950153
-35.827652
-30.059969
-35.383114
-55.854050
-66.612404
-47.701847
-53.500107
-46.761803
-55.991619
-42.182549
-45.417961
-66.501595
-55.564911
-46.228085
-58.494598
-44.639679
-49.832886
-34.904163
-36.771530
-42.618172
-50.476139
-30.529993
-31.286619
-38.686024
-12.806599
-18.608671
-44.736488
-17.615133
-36.960041
-20.398344
-21.319283
-31.264978
-11.903485
-12.504727
-23.215940
-21.658096
-31.994848
-36.078594
-14.625566
-7.094959
-7.617223
-13.439667
-35.162750
-33.197292
-37.980343
-46.349087
-16.365545
-22.686043
-31.862375
-37.500122
-69.540833
-67.520615
-71.209473
-82.423851
-48.097980
-57.522701
-46.721035
-39.498688
-80.506813
-54.139538
-55.926655
-60.789955
-47.834316
-44.220612
-50.243038
-41.799141
-49.195995
-45.899448
-50.287628
-53.975220
-52.076008
-50.478695
-52.506561
-49.938614
-30.602606
-42.671684
-27.293322
-37.107803
-25.159729
-64.792175
-60.326313
-43.545483
-36.349895
-42.493355
-35.974144
-47.501865
-43.606640
-48.047035
-49.337387
-50.015030
-51.849277
-42.900959
-54.615925
-54.594269
-53.828735
-36.156292
-46.356735
-58.227104
-47.020378
-31.428011
-41.904869
-42.149437
-37.008450
-35.946121
-38.092426
-48.644436
-50.693958
-30.770741
-32.296730
-43.778595
-41.103661
-57.359661
-43.677979
-37.821121
-53.324310
-52.007229
-48.504333
-55.778889
-53.275913
-45.713486
-33.220226
-33.006226
-36.751148
-38.494949
-36.897629
-39.715237
-43.035988
-41.698521
-25.006882
-22.497524
-25.352072
-28.267759
-34.375546
-35.700272
-48.187160
-45.017990
-48.024117
-49.473682
-9.211989
-10.022115
-34.975494
-9.635293
-10.673907
-12.788613
-13.315952
-15.564497
-18.144974
-23.565580
-20.101742
-18.565233
-17.669834
-15.527022
-12.424562
-16.150724
-20.800402
-22.996748
-9.695522
-31.941423
-31.570675
-24.883923
-24.307066
-28.383896
-35.536411
-31.021921
-25.069963
-41.006546
-42.160267
-38.260105
-38.791451
-40.036186
-42.086655
-50.380848
-34.242165
-55.316940
-48.602074
-36.136032
-40.068310
-44.784908
-46.282593
-68.789482
-27.714685
-48.051998
-52.025768
-30.918859
-16.868111
-18.455486
-15.603317
-28.509703
-24.965569
-25.273401
-19.301371
-34.457653
-25.966709
-32.261292
-38.780746
-40.188763
-28.188482
-38.602737
-34.101631
-46.317406
-29.707598
-20.199448
-60.279816
-57.969692
-30.991140
-26.605127
-19.896967
-32.931850
-38.289551
-29.714285
-47.149891
-45.324287
-37.541367
-39.255890
-31.893232
-55.627453
-43.952404
-42.227184
-63.558933
-75.122879
-60.685349
-65.165039
-56.923058
-53.844681
-37.948254
-37.082294
-44.517220
-27.120426
-27.057520
-42.971340
-41.446880
-45.621418
-29.212372
-29.292679
-61.418804
-45.260044
-34.654400
-31.225363
-43.631184
-50.991165
-46.346848
-36.154766
-41.252811
-32.151554
-22.063868
-14.171199
-27.998430
-36.342152
-32.238552
-25.819477
-52.399181
-13.989176
-4.738010
-8.789412
-29.004921
-31.626886
-43.032913
-37.529327
-51.428825
-49.356945
-10.059571
-1.694441
-14.441564
-10.493220
-24.688509
-26.523489
-39.977303
-45.274773
-34.363960
-47.768250
-43.619144
-39.214405
-45.500961
-46.282600
-45.160999
-36.596443
-46.523518
-47.485847
-40.297188
-45.226585
-60.554176
-46.694828
-47.843197
-42.237888
-44.133083
-58.547890
-38.292229
-52.658836
-46.266541
-43.368862
-46.614517
-47.994442
-8.556523
-62.342308
-54.893997
-82.038506
-68.970169
-56.921711
-58.806202
-50.106472
-46.053738
-48.612793
-36.777134
-50.758286
-49.757137
-38.843655
-78.580040
-57.770256
-56.846760
-50.815838
-41.029293
-57.784985
-67.708046
-60.665268
-75.357117
-64.210747
-72.844894
-66.524879
-45.341694
-48.489658
-49.126751
-58.104877
-58.324368
-53.018871
-59.591854
-59.341583
-40.409603
-53.946400
-38.328354
-42.568478
-47.046844
-49.205711
-62.488201
-76.312752
-29.646023
-39.714970
-9.580429
-10.261675
-50.794415
-21.868458
-30.857294
-26.886198
-36.205627
-38.586678
-21.141697
-39.949188
-44.462345
-43.922966
-38.444798
-35.161663
-39.305405
-45.442074
-31.763405
-47.346642
-42.328907
-36.471981
-36.565662
-16.438484
-7.452331
-50.461143
-37.035446
-52.209126
-46.472649
-29.041054
-36.949787
-30.926895
-31.463598
-28.972795
-37.395477
-38.447483
-35.176380
-30.250992
-20.709391
-22.191019
-18.352427
-32.071247
-35.098751
-27.093649
-17.361998
-24.693869
-14.853799
-20.770952
-30.880049
-46.599804
-28.387905
-40.828533
-43.251076
-44.277637
-35.883064
-36.832012
-42.433300
-52.601288
-49.216419
-33.860714
-30.965706
-45.542450
-55.888439
-59.392433
-58.424755
-38.976162
-36.459927
-42.361031
-33.369514
-40.129868
-60.186111
-56.809292
-48.747971
-65.670959
-45.302872
-49.057148
-32.744469
-42.248596
-50.818512
-61.493755
-53.685402
-58.138329
-75.417336
-72.597290
-30.487890
-36.206963
-42.041142
-1.977977
-2.301207
-2.629263
-4.295265
-5.724876
-8.174029
-14.233392
-15.537570
-30.936840
-34.643539
-21.408783
-21.805988
-20.847553
-21.358936
-27.686852
-22.756376
-18.636400
-16.450977
5.319632
10.949628
4.488235
5.895333
-0.025727
17.705303
-3.664884
-12.747504
-0.035377
7.078907
2.225627
8.873556
-7.222025
11.186023
-20.873283
-36.893291
-12.556129
-0.657720
-9.053670
-12.877751
-29.489546
-18.798824
-33.402077
-24.626617
-2.484528
10.055518
10.997874
18.560825
18.830988
28.219143
0.662541
3.870723
-6.434058
-3.491206
-9.370469
-16.212978
-15.074430
-9.397806
-6.670451
-0.657719
-13.955193
-20.324913
-28.495728
-2.632479
-26.234732
-31.388718
-33.257355
-27.656298
-40.106285
-44.467491
-23.484856
-24.340372
-31.297064
-26.903700
-39.659237
-20.659412
-29.306225
-21.604977
-18.396791
-27.479406
-41.370266
-12.138028
-22.960609
-24.764908
-31.705521
-14.357219
-7.213988
-14.394200
-36.415680
-10.806507
-18.937119
-22.343100
-27.217281
-10.225978
-1.624194
-15.720893
-40.841206
-17.406199
-11.694180
-9.351165
-14.672403
-30.388479
-20.360291
-27.333067
-25.700830
-0.789582
-10.806509
-8.892859
-13.048215
-3.127776
-9.737114
-19.686499
-7.111064
-4.657090
-1.389410
-1.386193
-9.521625
-12.189484
-12.421052
-6.017555
0.493691
-19.112404
-19.504782
-11.348445
-26.329605
-11.359696
-19.622169
-17.941700
-9.479813
-15.582593
-1.902396
1.731936
-39.446960
-26.744493
-23.562048
-23.510578
-38.985443
-8.812446
-10.645696
-22.952568
-20.656193
-11.932187
-1.001854
-0.824962
-0.447057
-1.579166
-8.719180
-18.290655
-15.645316
-20.556488
0.238003
-17.973862
-27.429556
-20.678703
-32.395405
-43.874107
-45.355167
-58.411438
-27.326637
-47.653152
-67.735252
-89.581444
-71.300453
-69.626396
-75.491158
-89.935242
-76.997971
-51.821388
-80.040520
-94.917152
-71.691216
-53.408585
-60.159447
-43.316082
-23.700344
-26.389101
-14.162638
-26.562771
-14.223749
-32.861755
-50.092670
-19.712227
-14.801070
-36.007225
-1.653134
-11.705448
-14.661138
-40.418274
-43.152058
-13.024101
-8.942707
-35.923599
-14.016304
-26.286182
-18.850277
-42.434837
-40.968246
-15.888142
4.703728
-23.037807
1.326694
-5.909808
26.342470
-15.892960
-23.837038
-22.429937
-21.219032
-27.707758
-34.448959
-35.439552
-17.612038
-17.211615
-19.707401
-27.329849
-17.176235
-27.066109
-24.256746
-39.163940
-29.356064
-34.585651
-3.245166
-19.276434
-30.058821
-37.842056
-14.754420
-19.887514
-4.756791
-21.908913
-30.238930
-28.838264
-26.289394
-33.741383
-19.306978
-10.695545
0.463138
-10.949634
-11.856608
-8.825320
-14.529286
-5.419335
4.100679
-0.075587
-1.019545
-9.364035
-3.819267
-2.838322
-11.401507
-16.521736
5.675021
-10.095726
-12.184657
-9.899535
-0.709178
-4.345119
-16.354494
-12.885800
-1.415137
-15.055137
-20.025814
-36.029728
-12.367987
-16.610182
-9.503943
-14.775332
-7.614403
-12.832728
-7.012976
-25.256996
-20.149635
-12.835945
-5.948403
-20.537189
-18.525442
-25.028645
-9.949389
-30.740654
-18.978930
-18.978931
-6.567526
-47.862221
-42.394638
-50.394989
-9.714989
-10.702845
-13.011031
-14.299494
-13.770514
-14.469448
-17.216328
-23.969868
-26.735870
-28.126305
-11.573859
-10.550949
-8.355358
-8.395722
-15.717546
-17.887644
-19.103876
-14.135915
-8.906644
-8.277814
-10.819687
-13.576125
-14.330298
-18.176565
-17.864273
1.620938
6.094972
8.416968
13.211789
3.076163
0.036117
-6.944737
10.110137
27.548462
13.303140
8.746251
13.279771
14.506621
19.502205
2.882843
-6.190571
8.722892
-8.462640
-19.216475
-1.906669
-6.777967
-6.775848
-8.025010
-23.325108
-16.132868
-10.220596
-16.053207
-4.972212
7.844435
8.193902
-8.069621
-2.211524
1.244914
-11.585544
-11.324240
-4.173431
11.555801
16.855179
3.259928
3.740047
-5.838979
-8.907706
-2.326246
7.767951
-5.579796
-6.469928
-0.979361
7.593751
0.404704
1.336263
0.816840
5.558554
-0.302729
-19.124063
-11.519686
5.647781
-0.135964
-5.158102
-21.139074
-2.744755
-4.853245
-12.283418
5.023201
16.546072
18.792648
9.976293
-11.395406
4.935035
10.831373
-8.261882
-11.785237
-3.976920
-1.737780
-6.050358
-27.456051
-3.526543
-1.140813
-2.430341
-11.065058
-15.516789
-13.115127
-7.880547
-22.706902
-21.211306
-24.009174
-25.226465
-20.818287
-21.566082
-3.907876
-4.358255
-19.113438
-22.660160
-23.142406
-28.887909
-23.569418
-4.633368
7.326076
-19.736956
-17.122852
-20.128912
-17.470198
-31.623104
-22.339373
-0.182701
3.058107
-21.180502
-14.931509
-15.775970
-17.538177
-28.836920
-7.134874
-10.780390
-12.940923
-15.873689
-14.102990
-10.211043
-8.302248
-24.667742
-15.483858
-3.539289
-9.222121
-23.061678
-31.308687
-25.430414
-18.980663
-18.619514
-7.232600
-1.906673
-11.082052
-17.762302
-22.082321
-10.908913
-5.747626
22.374428
27.449673
21.855001
3.519107
1.436109
38.364960
23.769115
14.424835
31.366047
36.482723
19.171862
15.493418
14.247443
32.176517
16.722399
1.005915
13.372183
19.836802
9.813772
34.818241
33.235542
41.420944
26.678511
5.682835
20.148031
24.660305
29.419014
22.464712
31.302315
21.883684
2.033068
-12.688121
9.097846
14.288873
17.380968
4.975403
12.051859
-16.009651
-28.711584
-46.740494
-38.307598
-38.948112
-26.615831
-29.181076
-30.773331
-20.537868
-33.775146
-19.996130
-16.678850
-19.892040
-13.789632
-12.752913
-12.564902
-7.012719
-4.947783
23.808411
10.622114
29.850267
27.371071
25.490953
8.250196
20.290369
20.265936
25.808558
1.350070
15.255486
15.206622
17.130287
11.333795
18.934990
5.774183
3.070855
-9.143520
-14.722256
5.477827
10.521208
1.830190
-11.605726
-9.210437
-2.312432
-9.747916
-13.605868
-15.140766
-14.438645
-11.687515
-13.682350
2.375105
6.327598
-4.170241
-0.687250
-10.430918
2.880720
-0.484369
-2.178592
-6.855515
-2.926393
-12.142141
-8.042004
-8.908769
-3.238684
-21.456675
-28.903835
-28.853916
-17.243946
-17.814354
-6.408323
-10.951402
-12.579774
-11.904206
-17.474447
-16.917847
-8.454143
-5.648842
0.077542
-1.577384
-22.680344
-20.445452
-21.926172
-25.646038
4.205297
11.824543
-13.540014
-1.830174
-2.671443
-4.049642
-5.467429
-3.964690
-2.878461
0.287022
-10.785574
-9.729037
-12.864830
-9.042000
-10.849084
-3.987785
-2.056164
-5.747848
-14.680158
-6.459635
-10.985167
-10.533195
-11.975721
-6.891815
-6.973464
-9.830484
-16.296719
-21.190105
-12.402132
-18.046066
-16.764366
-12.002939
-9.785125
-15.980833
-15.800201
-23.439260
-9.681203
-16.400646
-20.103876
-22.871819
-25.839354
-30.879555
-28.550385
-43.804588
-32.016090
-22.246639
-28.129751
-13.025658
-12.281717
-10.177719
-11.280432
-26.193178
-19.359926
-6.566856
-23.179457
-8.278259
-2.973313
-3.487971
-15.786174
-12.598434
-5.254636
-15.998971
-28.199036
-19.171053
-8.335987
-1.007877
-12.365847
-12.529974
-6.218801
-11.489928
-9.149222
-6.043123
-7.203580
-18.914553
-32.796322
-25.931736
-15.076046
-18.640724
-15.458748
-5.190305
0.865184
-35.556015
-39.139664
-22.088284
-28.449766
-20.526161
-24.915606
-5.107003
-2.432263
-21.629707
-21.298973
-11.097340
-13.323405
-3.768396
-27.963976
-8.081963
-8.036600
-25.237267
-27.184561
-23.295748
-20.492344
-16.576311
-39.716183
-7.928555
-14.415404
-23.732050
-25.479753
-16.484768
-8.538064
-13.295361
-26.393600
-20.358730
-26.563507
-27.450138
-22.347261
-15.193991
0.882508
-9.563257
-29.653114
-29.502174
-25.526762
-28.561104
-23.774942
-7.187087
9.470058
-15.838962
-21.277527
-31.411530
-29.422176
-24.239294
-23.881340
-12.566263
0.638372
-31.921246
-20.979784
-11.240849
-18.084000
-14.896251
-0.173204
-16.686007
-19.580971
-27.818811
-22.027246
-10.693200
-20.050264
-24.865294
-2.076784
-13.042986
-13.362180
-18.944248
-29.681978
-21.265162
-28.681532
-30.665930
-17.809353
-22.410765
-26.149466
-29.941776
-42.927849
-26.968468
-28.472860
-12.563792
-11.061048
-1.108500
-23.371632
-15.688861
-9.813167
-13.269799
-21.617338
-14.251274
-15.090893
-10.590930
-14.879756
-5.188662
5.183702
-2.354730
-11.567461
0.388468
0.458574
-1.559647
0.094026
9.081590
1.845015
-8.511670
-11.586437
-2.024824
-0.141036
3.604261
-6.472832
-1.082107
-9.413974
-22.975744
-31.362045
-20.323265
-18.159061
-23.656988
-25.104483
-23.790621
-26.111523
-45.224850
-43.845818
-35.854572
-33.842964
-29.517851
-45.156387
-47.808861
-35.257446
-53.957554
-42.948467
-33.261501
-36.156452
-26.055450
-35.552719
-38.869961
-37.944565
-28.241093
-12.816168
-29.952507
-15.118112
-3.828606
0.831364
-15.457920
-17.569336
2.388544
3.837672
-24.602190
-11.063525
2.452881
2.974959
-12.257800
-11.141048
-3.552305
-2.399266
-29.895592
-27.375910
1.507686
4.238515
-4.231914
-18.851866
-13.881778
-3.370030
-19.731903
-20.700184
-15.437304
-5.334638
-13.513097
-25.491299
-11.593028
-8.696419
-13.165050
-15.079349
-18.018023
-12.793900
-18.978882
-26.438969
-14.822849
-14.585312
-16.607660
-14.753561
-18.721550
-18.575567
-30.675007
-37.799404
-31.517923
-24.301975
-24.127125
-14.916046
-21.322891
-22.214476
-23.412041
-27.693441
-23.364206
-21.097727
-19.405289
-17.225412
-18.755363
-35.096615
-29.504652
-35.662411
-36.154808
-14.475611
-7.459261
-32.899422
-10.665215
-10.938682
-10.927792
-10.453460
-19.159634
-23.740814
-34.288654
-2.295429
-24.477724
-25.949120
6.142120
8.902201
-3.857580
-9.775841
-14.406631
19.032578
-13.001784
-9.429775
0.147623
3.311856
-0.811935
-4.157667
4.017306
6.350245
2.479352
-0.310979
-1.611763
-6.410748
-9.127266
-43.481266
-55.629982
-49.444290
-48.609383
-49.107899
-41.930004
-42.726208
-38.828690
-42.404335
-62.522324
-46.759235
-31.504368
-22.384373
-43.100101
-31.368847
-49.761318
-37.760242
-48.479900
-43.914455
-34.802917
-27.663731
-44.900631
-33.596516
-46.155430
-34.161606
-41.166466
-17.644676
-30.650095
-25.133554
-19.154793
-12.648458
-7.955956
-18.218235
-21.983850
-15.285111
-13.956501
-15.598513
-17.589016
-23.466137
-43.506664
-38.030075
-28.319572
14.624438
1.615392
-4.273828
-11.811113
-14.638958
-32.796684
-31.757271
2.093354
5.711351
-10.409898
-5.181355
-12.266088
-13.850018
-21.724899
-25.122667
-6.111867
-10.610765
-11.416642
-10.978613
-22.988174
-13.293401
-24.602356
-19.609764
-23.295521
-16.542337
-12.143876
-8.625105
-8.737637
-9.896845
-18.957561
-15.845358
-26.218958
-13.401096
-12.689597
-14.690989
-26.873585
-7.294066
1.245122
-1.427837
-3.225944
7.598998
7.278338
-4.389993
-2.455155
12.988471
21.123516
17.311920
22.320236
35.186501
-13.703604
-16.689962
9.433405
11.028222
23.012371
21.738211
-20.689112
-24.557581
-45.800884
-44.177025
-41.871918
-42.352306
-42.300262
-41.652905
-38.191006
-64.432953
-25.553434
-22.982122
-30.817076
-34.006714
-33.323051
-30.134617
-22.289986
-40.223862
-29.662706
-26.208065
-19.152372
-0.035092
-0.562668
-5.845659
-9.483015
-16.727474
-30.941708
-25.655075
-35.721333
-22.213749
-25.029495
-33.258915
-54.522797
-63.398376
-77.281067
-26.779202
-55.438789
-24.812901
-11.359771
-21.157398
-23.272530
-31.273258
-27.341867
-13.537827
-35.378895
-38.975105
-29.457001
-22.706230
-27.955351
-23.740816
-22.801830
-22.185925
-35.493847
-29.550175
-22.794569
-43.832176
-56.733528
-62.432770
-67.689140
-55.090305
-55.894978
-56.665768
-35.744316
-33.338787
-44.475910
-51.331951
-47.595371
-45.805733
-40.989807
-41.241493
-13.334541
1.731554
-2.103036
-0.008471
-3.138819
-20.591101
-13.090116
-14.970512
-12.224943
-5.024047
-7.732099
-2.868983
-10.438941
-5.469341
-2.551955
0.966815
-39.194122
-48.453281
-13.631001
-39.449440
-32.882603
-29.943434
-20.078051
-26.644884
-59.983669
-58.119011
-36.160572
-57.970173
-56.037746
-67.307991
-7.482831
-22.100010
-20.457996
-21.729744
-13.382946
-13.212332
-21.181601
-33.913548
-31.212757
10.026318
-6.408322
-5.347129
3.876939
-11.715523
1.677102
-13.673354
-19.227394
11.838949
-12.855371
-24.403910
-11.396075
-20.968626
-8.027344
-17.634995
-9.149046
-23.224127
-22.616693
-23.339083
-15.012857
-25.125088
-23.046249
-28.081196
-5.182565
-16.333002
-12.339901
-6.084037
-5.631485
-18.623590
-7.096833
-9.611279
-16.216839
-17.080799
-11.390024
0.838551
-0.227486
-0.632847
8.038239
11.776024
7.585689
9.637898
21.145296
-25.875309
-25.142027
0.649787
-9.922761
-10.562574
-12.339941
-13.003277
-16.074854
-19.069748
-25.045425
-16.498730
-26.680239
-27.267838
-18.919672
-16.287497
-19.854931
-24.492170
-27.665834
-20.216709
-30.496069
-30.161579
-20.568138
-19.372248
-21.525507
-25.464125
-28.784571
-25.339926
-34.809647
-32.132305
-29.715118
-31.220097
-30.356819
-37.611179
-44.068592
-38.573254
-43.464062
-34.708023
-44.813320
-45.840309
-46.083069
-58.910870
-61.246666
-61.342628
-54.214344
-60.823719
-62.833019
-63.017902
-68.461975
-62.331043
-60.206490
-59.179962
-52.867455
-54.825928
-56.748196
-58.109215
-59.045891
-45.204262
-53.598057
-47.454433
-50.524601
-44.262890
-45.458313
-42.993137
-40.795193
-43.743519
-35.956608
-30.031265
-30.051497
-34.654861
-37.666691
-40.132797
-51.984882
-48.145058
-44.658546
-35.973064
-37.569309
-45.482773
-42.436604
-33.479210
-44.481655
-42.273350
-40.411774
-29.611620
-25.535160
-32.835159
-36.859867
-30.851732
-25.698881
-29.568340
-27.350161
-25.301817
-16.535896
-20.037468
-29.296892
-34.453972
-39.876404
-30.809397
-29.817213
-31.251619
-28.568634
-29.708536
-26.731991
-35.747723
-30.522419
-31.644911
-33.212460
-34.856689
-30.059965
-27.838959
-33.784527
-26.150511
-27.588213
-27.215143
-32.718010
-26.562628
-19.300270
-21.834591
-31.111893
-21.030590
-19.661108
-21.025415
-28.252487
-17.211464
-22.204367
-23.973265
-21.122799
-20.732325
-20.131556
-20.498041
-32.089016
-37.605061
-38.419884
-39.026764
-43.081581
-41.105217
-38.360615
-43.740688
-51.486675
-62.135342
-46.397324
-44.420494
-45.085239
-47.777641
-45.192966
-48.125778
-50.476612
-58.075817
-47.362225
-47.358456
-49.602512
-50.503422
-49.069019
-51.759529
-48.010975
-55.390472
-42.179729
-37.206123
-36.866924
-38.767544
-46.069897
-42.978085
-41.549328
-44.948803
-49.320248
-42.212200
-47.117126
-41.189899
-35.319138
-44.639248
-33.804291
-42.852009
-41.371498
-35.285740
-39.448296
-31.976589
-28.922884
-29.098831
-34.800701
-39.749378
-42.428131
-36.132549
-43.180855
-40.956554
-43.986263
-38.862106
-43.553917
-45.270607
-47.928650
-40.176552
-40.258411
-59.123501
-55.120430
-62.163578
-62.205437
-64.716240
-66.598511
-57.235588
-57.699459
-73.174477
-66.012321
-56.441936
-61.332748
-60.071949
-62.573330
-57.089283
-52.917316
-54.652817
-56.289509
-43.257538
-41.200253
-42.233364
-40.831417
-41.758205
-38.622646
-40.770737
-58.668591
-51.074554
-44.033314
-48.981525
-37.380192
-35.568478
-44.473656
-45.115353
-52.011223
-50.306316
-40.531734
-47.828915
-47.252132
-46.937881
-40.517628
-43.197315
-47.658607
-45.899586
-37.417347
-41.464180
-41.390312
-42.541042
-38.211002
-33.219982
-37.380184
-32.694962
-27.308294
-27.984802
-28.243078
-28.505119
-41.995789
-39.484520
-38.802834
-37.464397
-32.802692
-38.027527
-35.995655
-42.682171
-45.377388
-46.160229
-41.511219
-43.784908
-36.585594
-43.220371
-41.321632
-42.990799
-48.259384
-49.923828
-47.899944
-43.149799
-41.534271
-44.347107
-41.617538
-33.818398
-36.358837
-44.041782
-42.368855
-29.370281
-30.683784
-30.763760
-31.437918
-29.562691
-28.449133
-33.265152
-35.974949
-27.548223
-27.576450
-24.613550
-5.599044
-5.899699
-6.742969
-7.046419
-9.048787
-11.317473
-17.350128
-9.066356
-18.206976
-19.435148
-22.020458
-20.608219
-19.891916
-21.656715
-23.045000
-22.004486
-26.605345
-24.252409
-26.559822
-27.012600
-31.808701
-35.594635
-39.715160
-34.457901
-41.593754
-36.333298
-36.017471
-33.335537
-34.679501
-35.434525
-35.781101
-35.973152
-45.055477
-46.599880
-42.320042
-42.770027
-42.739273
-44.403461
-53.508938
-49.869545
-50.645340
-48.592667
-48.288803
-51.174370
-47.913094
-46.131123
-43.585342
-40.560425
-42.000217
-41.540253
-37.756721
-37.972324
-36.118889
-36.925022
-39.622929
-41.587769
-41.360973
-40.381157
-42.716118
-45.806515
-44.865025
-41.054333
-40.625114
-40.528889
-38.316109
-43.881607
-39.369389
-35.983131
-34.907085
-31.596687
-33.557934
-39.580212
-30.917919
-34.392815
-41.314659
-36.196346
-39.118641
-42.915359
-38.476215
-29.614679
-28.090248
-32.014332
-34.687881
-32.733822
-30.152908
-33.985561
-35.834206
-26.322252
-23.251028
-25.948933
-30.769785
-35.157829
-39.868088
-41.510704
-29.790762
-23.613565
-21.570875
-23.103294
-30.996574
-26.105846
-27.153147
-23.425110
-32.957821
-29.681759
-23.813206
-22.557480
-30.580530
-28.821318
-26.367771
-24.787836
-26.900007
-24.306311
-26.215246
-26.486361
-30.571749
-27.397106
-25.183521
-24.905624
-25.070127
-24.305515
-29.377514
-29.763214
-28.138163
-29.333588
-31.181042
-32.962212
-27.251772
-32.463909
-29.172285
-26.644070
-30.539804
-24.759890
-27.759249
-28.869236
-34.895504
-32.486675
-28.569380
-31.892550
-40.621120
-36.369629
-39.351028
-37.016056
-37.138634
-36.833984
-22.969538
-23.631939
-26.548244
-29.885792
-36.354458
-34.300190
-38.565247
-49.179592
-34.564507
-34.529770
-42.718117
-42.956089
-46.707680
-46.566338
-48.438549
-54.829350
-49.426746
-40.074509
-47.850410
-49.539745
-45.372501
-49.350090
-46.864597
-51.440701
-41.327042
-43.115395
-44.158302
-49.164829
-43.893188
-42.760834
-50.269623
-51.590034
-51.905048
-42.924145
-48.067623
-47.639194
-46.634216
-39.542675
-41.491146
-41.305485
-47.015522
-54.403721
-55.137589
-48.204575
-52.120266
-54.871273
-48.612225
-54.145786
-60.296623
-43.309841
-47.505829
-49.133678
-49.667110
-43.362152
-42.865845
-46.080021
-48.000538
-39.638504
-38.897446
-41.663223
-46.034107
-43.793762
-46.184624
-49.344505
-45.443970
-40.872665
-41.247192
-47.272255
-52.286362
-40.045380
-40.345215
-43.196449
-42.310848
-39.738716
-35.023273
-43.159317
-43.332203
-41.504719
-42.245373
-43.525463
-39.442059
-41.066719
-45.810108
-48.037678
-48.094364
-43.376122
-46.425396
-44.160301
-38.772472
-42.006214
-50.993904
-51.447083
-43.875610
-47.669537
-39.916801
-47.188000
-43.554195
-38.318893
-45.951054
-49.677090
-48.582684
-51.973728
-33.417786
-42.170708
-43.129364
-44.481712
-40.832340
-39.856903
-41.175316
-41.233608
-31.820679
-29.264517
-37.603401
-31.408630
-36.632751
-42.641449
-40.241806
-33.617428
-32.875568
-35.868538
-35.353077
-31.424599
-27.996815
-31.729256
-29.691341
-31.770372
-30.939079
-38.629532
-34.592457
-32.008343
-28.406075
-31.570736
-33.736805
-27.530458
-26.870857
-31.280455
5.992720
6.508685
7.568832
8.537610
9.930984
10.261525
9.892021
20.001711
13.042898
13.741601
-27.788212
-26.894678
-36.941219
-39.112572
-53.031540
-31.997896
-44.718319
-54.410133
-45.097229
-40.413239
-50.127895
-55.885468
-72.216309
-40.190189
-75.758194
-99.080063
-89.319733
-76.928513
-88.557884
-50.783596
-64.603127
-45.734127
-66.337799
-73.207932
-43.863762
-40.849918
-50.772854
-59.846573
-64.372025
-53.360733
-58.505611
-61.347446
-27.592043
-23.901003
-19.255972
-31.973715
-37.805195
-27.129822
-32.008644
-22.781744
-44.464367
-37.094395
-46.238007
-66.438576
-76.834457
-63.986382
-72.106117
-63.775440
-60.718601
-51.686539
-58.012482
-78.632263
-72.919029
-44.366283
-53.116180
-44.362244
-45.547356
-31.262917
-36.680550
-36.081280
-31.898462
-49.915592
-64.384117
-56.551922
-59.192219
-54.142750
-57.372902
-65.846016
-59.896290
-30.952534
-50.485317
-46.774124
-35.901226
-26.608482
-38.612724
-58.255688
-38.833096
-26.390806
-34.503826
-37.486744
-33.002960
-30.298166
-47.902794
-53.239807
-41.701801
-9.517138
-20.251631
-20.715191
-17.884100
-16.007010
-29.388514
-27.750591
-37.779663
-14.105732
-6.812352
-4.521414
-17.393665
-17.784670
-18.572058
-14.534363
-18.605650
-18.123274
-11.134903
-24.418314
-31.612265
-25.482491
-25.090147
-26.877211
-23.019569
-18.706421
-17.424570
-30.350574
-20.974516
-19.622799
-22.834135
-33.442326
-1.985927
-4.764613
-23.724989
-30.514498
-21.189499
-19.348692
4.071288
-7.555400
-21.091419
-43.410942
-23.338017
-33.544449
-28.302832
-35.598911
-24.091808
-29.917915
-38.916397
-54.430290
-33.360374
-35.021133
-24.345762
-28.515129
-9.804682
-13.651578
-43.741482
-55.216331
-30.781885
-30.839664
-40.094791
-36.402412
-16.833361
-21.982262
-54.807850
-67.079491
-53.281456
-50.238075
-50.455746
-95.352753
-79.075676
-84.482552
-84.141266
-100.515091
-99.891663
-70.962669
-82.113701
-62.281284
-53.700687
-63.959511
-57.810936
-71.618385
-73.624458
-105.377800
-117.562111
-106.577682
-99.804298
-55.775284
-58.295998
-68.867920
-73.373199
-72.669121
-82.065323
-54.559284
-42.880199
-52.808495
-54.712460
-57.351402
-58.502922
-45.509735
-52.475266
-19.902279
-7.617199
-17.053722
-16.259617
-15.883396
-17.704054
-35.095036
-35.229397
-43.746861
-39.288597
-50.557858
-50.993206
-50.770145
-41.513687
-47.574932
-37.426277
-50.395283
-42.106247
-64.460701
-61.074688
-61.077366
-48.766762
-42.998436
-47.010605
-45.883266
-63.366970
-44.753262
-23.530157
-33.494736
-27.205063
-27.664600
-67.019028
-59.882858
-88.870964
-74.562332
-57.324532
-57.515327
-63.771408
-63.861435
-54.411480
-48.049252
-57.258686
-53.194126
-42.954105
-36.818947
-39.158264
-32.042240
-46.909832
-16.822613
-28.069042
-29.293118
-36.483032
-28.184595
-19.145800
-46.972973
-29.806389
-14.610948
-10.510101
-16.217964
-20.555296
-25.217794
-22.154251
-41.680302
3.906021
-1.558645
4.256714
-24.039406
-17.014757
-31.296509
-23.796204
-31.831282
-21.403149
-34.042946
-28.875238
-33.780937
-33.704346
-47.218868
-43.174458
-38.755165
-31.065403
-43.427067
-40.414577
-36.077248
-41.540569
-40.499233
4.118594
4.123589
3.777321
4.078640
2.352293
3.624163
7.518018
6.868763
-7.601254
-7.849302
-35.860405
-33.499786
-42.078247
-45.765675
-50.530190
-30.976027
-51.672211
-57.718586
-39.769241
-37.243816
-43.152016
-50.050747
-52.411358
-32.938770
-50.122334
-53.967903
-41.473942
-46.882729
-55.507805
-21.956402
-21.330458
-5.568594
-25.567251
-10.950739
-2.547070
1.543225
-6.913713
-35.753853
-38.300926
-9.355902
-17.253481
-31.272354
-34.735031
-24.535099
-34.488651
-46.066990
-46.672970
-34.490314
-33.739510
-34.288883
-46.443222
-35.221146
-50.072392
-50.317101
-46.747879
-32.885498
-36.343189
-40.208740
-40.118843
-30.653057
-44.798450
-27.170399
-32.337791
-9.600619
-13.762498
-8.327086
-5.445403
-5.393794
-11.470138
-15.347338
-9.525706
-36.058514
-55.652634
-59.077034
-48.971989
-35.276077
-66.240433
-58.184711
-52.467968
-27.271950
-40.936237
-43.787952
-30.092041
-20.589642
-19.853819
-9.012963
-13.780810
-0.850688
-12.255899
-18.608589
-24.879702
-13.208138
-9.111182
-5.958145
-28.713629
-16.176388
-9.905269
-8.425308
-5.690122
-20.859329
-16.622538
-17.989302
-12.630468
-21.387056
-22.454165
-17.113640
-12.803603
-16.349522
-29.371199
-34.605186
-14.581554
-4.096953
6.028066
2.157518
-5.084149
-4.361647
-10.319793
-5.005907
-12.820250
-6.474219
-5.576915
-19.708982
-13.494473
-9.655559
-24.022354
-22.785448
20.314959
1.684726
-14.182014
-22.013008
-24.505135
-23.378099
-11.731503
-12.612155
-27.220346
-49.999130
-27.325228
-29.442791
-28.588774
-35.547428
-17.516506
-18.755087
-28.735268
-36.576248
-29.186419
-27.711441
-31.811728
-37.506840
-21.112377
-24.380285
-31.648581
-28.224188
-43.428368
-47.069168
-48.086342
-46.389957
-30.285156
-36.256630
-23.606169
-23.258228
-23.116732
-25.274252
-18.661861
-55.715889
-45.619175
-72.611443
-57.125938
-70.007774
-76.518623
-49.328239
-51.865326
-27.831308
-34.223957
-42.006664
-45.857235
-60.643562
-66.287048
-63.355438
-69.135452
-45.409416
-61.201248
-9.490748
-20.802727
-23.800949
-26.541132
-0.704192
2.485476
1.166988
11.966232
-20.481430
-29.947210
-36.190022
-33.583031
-23.805941
-12.397403
-46.752869
-19.833845
-48.184551
-33.591354
-35.882042
-39.949036
-53.358601
-48.497524
-51.329269
-40.862984
-44.953274
-33.964249
-39.785889
-39.149952
-43.293522
-40.180435
-47.109142
-31.219074
-9.938564
-15.522140
-14.228633
-10.887473
-7.789369
-4.121928
-10.236553
-26.181543
-25.317537
2.383926
-11.038967
-6.361017
1.007175
-37.044044
-53.578354
-51.046272
-40.619919
-18.783388
-9.933572
-30.268505
-26.093309
-3.068138
-5.628520
0.071582
2.405564
-6.986960
8.401999
-8.999646
-17.398315
-10.288162
7.806018
-3.575888
-5.105793
-13.238105
-19.637405
-3.432716
-19.009792
-15.756870
-28.169258
-14.010549
-13.777480
-11.498436
-16.094809
-10.491263
-13.797460
-25.142738
-30.624762
-21.824884
-19.632408
-13.825755
-11.143846
-18.355541
-28.362366
-33.090263
-22.582350
-25.387453
-13.336322
-12.495624
-11.122201
-9.176103
-26.534472
-17.932699
-27.771376
-23.704393
-41.923428
-43.430038
-29.001631
-17.527149
-18.580818
-21.001358
-22.190113
-24.723722
-29.838978
-40.422710
-17.611202
-35.814777
-37.079586
-16.032198
-12.376871
-11.983624
-16.118254
-28.640219
-11.612385
-17.505133
-23.790123
-3.461201
3.709358
5.162284
4.528882
-12.724094
10.874916
-8.278266
-38.458458
-28.359037
-14.556257
-16.035194
-33.423260
-44.047016
-11.923585
-33.287178
-59.231674
-49.088223
-32.350578
-37.902100
-59.507843
-69.040916
-37.421799
-49.046204
-66.832504
-43.972969
-30.981709
-31.062756
-40.240585
-42.073761
-31.865265
-40.810955
-33.994617
-31.090778
-24.942867
-26.944141
-34.193752
-32.876907
-30.050114
-26.080593
-34.408886
-28.380049
-24.468563
-28.472107
-56.216755
-39.894375
-35.522594
-42.547062
-32.536697
-41.824600
-38.929764
-39.309010
-52.878632
-58.818409
-44.225128
-40.861988
-25.937498
-43.070389
-31.630116
-27.148268
-23.924215
-42.571072
-21.912943
-23.622023
-25.497213
-28.601191
-19.660505
-9.013735
-1.570995
-32.577721
-11.315199
-20.987349
-16.547525
-1.967251
-19.634489
-10.398613
-14.162005
-30.119160
-21.484669
-25.426170
-22.377234
-10.745835
-15.585914
-6.659236
-18.486761
-4.979167
-18.410709
-10.643769
-5.338395
-5.130263
-17.585186
-11.451284
-10.676791
13.658689
-16.574543
-10.978983
-5.920765
-5.489491
-29.109509
-21.379599
-24.740734
-15.749018
-19.302275
-15.804051
-7.163557
-20.535061
-24.584635
-36.835426
-38.885727
-42.638119
-32.529682
-18.076500
-10.064404
-21.868906
-26.154636
-12.960242
-15.239694
-27.098236
-42.197834
-39.491112
-29.804955
-28.706263
-27.886732
-20.380960
-29.568808
-36.254047
-36.785404
-56.091671
-59.630928
-27.435448
-25.429178
-18.307646
-28.154900
-30.122154
-29.066490
-59.529858
-63.380314
-24.133347
-29.039469
-13.160374
-22.984619
-54.407616
-64.372940
-77.924561
-53.753185
-46.598640
-23.697073
-31.164816
-49.930763
-48.357758
-61.034828
-60.525490
-34.178741
-32.537689
5.146277
-3.339124
-25.453192
-8.244241
-20.593098
-20.535065
-43.530693
-30.352304
-16.611568
-10.820885
-37.840073
-24.830791
-34.739098
-40.781937
-43.349575
-40.594822
-43.903923
-20.755201
-46.877808
-42.166821
-52.969696
-56.967232
-49.019176
-56.393871
-38.486481
-23.424900
-32.674786
-18.063488
-27.395424
-27.535515
-34.910202
-28.495127
-34.564991
-29.582821
-30.198206
-30.589457
-31.626118
-24.691711
-18.171560
-21.400614
-18.314646
-30.663504
-35.561619
-31.001719
-39.553154
-25.507225
-21.103426
-44.548332
-48.676960
-36.426167
-36.333103
-22.121069
-20.753197
-7.654871
-9.348948
-19.603472
-16.360405
-14.779399
-3.039937
-3.377147
-7.799963
8.058127
2.931867
15.416804
16.304367
8.159188
12.500947
9.633125
0.371235
1.687074
14.487215
22.116070
9.544078
-6.996451
0.110070
11.277169
-5.417444
-5.052211
-7.559810
-2.560632
-10.626760
-6.059855
-2.590649
-3.457200
-14.008904
-18.074497
-24.225410
-1.817155
6.915396
11.748470
-22.254156
-17.017820
-23.394878
-20.188843
-25.058939
-6.303010
5.432454
7.682886
-21.956964
-18.181564
-33.004993
-23.003630
-26.735004
-14.969520
-21.792866
-21.151453
-29.386694
-25.743370
-31.298906
5.147791
5.211957
5.509782
4.602986
6.794309
7.629676
11.396087
-2.805135
-11.201167
-13.054710
-44.924522
-42.297359
-46.163052
-50.894367
-62.192383
-39.839687
-36.791210
-46.470554
-40.190784
-34.292370
-40.474079
-43.880924
-51.165558
-26.495628
-43.217472
-45.474163
-48.717564
-42.597603
-49.489979
-20.783663
-28.384277
-14.789609
-16.963985
-13.835594
-12.900957
-8.438406
-12.676980
-25.235313
-15.914327
-16.146776
-8.574001
-21.734041
-20.275173
-16.928869
-16.241213
-15.454273
-8.209591
-10.221731
0.515747
-12.049850
-35.970367
-38.596317
-44.692074
-34.731853
-34.591404
-30.355261
-30.110708
-32.219700
-44.529839
-50.273277
-59.475636
-30.101011
-18.535437
-15.155229
-18.649246
-16.566883
-23.588799
-20.559687
-30.323782
-13.432442
-5.777344
-41.980160
-47.274445
-44.810722
-41.613327
-31.252375
-39.762207
-37.697998
-36.270618
-16.115297
-15.209710
-15.747252
-28.712372
-5.310023
-17.000301
-26.814039
-1.262734
-4.326955
-2.642907
-6.768885
-18.869587
-7.751957
-15.628609
-22.804277
-1.305110
7.184144
-7.917819
-11.427564
2.416505
11.863403
7.916605
3.324512
14.232699
-9.465058
-12.433636
-16.127403
-17.749712
-0.891055
-0.875318
-1.015759
-5.105421
-9.927537
-19.206154
-22.392647
-20.280020
-16.353802
-18.648033
-15.858638
-20.071787
-29.921841
-26.017414
-18.294518
0.006055
0.690087
-23.853933
-23.910845
14.640697
5.543684
-28.616724
-20.313923
-1.226415
-3.480690
0.031476
-5.799134
-21.242510
-24.054909
-34.678589
-30.010221
-12.403369
-25.583994
-27.554974
-28.134884
-33.176128
-40.239208
-42.440220
-36.913486
-10.934821
-20.738865
-25.002863
-30.523546
-36.578136
-34.311741
-27.265615
-25.688108
-23.816408
-20.838142
-28.887922
-28.488394
-24.189295
-22.391439
-22.598465
-34.756062
-29.117952
-56.392036
-54.198296
-37.418331
-58.428398
-58.066391
-73.634491
-24.275253
-40.441395
-28.850395
-22.379328
-10.798014
-23.702600
-35.705227
-34.038132
-26.062208
-39.643562
-47.435471
-47.118275
-16.190359
-13.967559
-22.315166
-17.135902
4.379014
2.155001
-8.327024
-0.766360
-22.622681
-20.126270
-18.801788
-14.996636
-5.478302
0.990334
-15.624972
-8.558269
-25.162676
-17.991842
-19.000338
-31.249949
-25.598518
-30.036856
-26.835825
-30.492067
-28.866131
-18.450684
-16.986984
-20.169853
-23.829718
-20.460409
-22.368437
-14.384030
-15.191550
-10.184196
-11.482042
-17.519680
-23.665071
-4.496448
-4.444389
-15.172183
-13.748426
12.966338
0.772413
-1.090819
-1.602934
-31.174889
-30.121601
-48.919750
-39.776726
-28.587671
-31.584093
-35.488522
-26.863676
-22.965296
-34.848076
-39.741619
-28.826180
-29.108267
-26.344299
-28.700262
-9.956590
-22.849079
-2.633219
-0.924957
-9.452950
-20.553637
-14.132215
-4.371748
-8.077622
-20.536682
7.167198
2.734911
6.122382
-5.259172
-4.713163
-1.276052
-0.271194
-9.264081
5.650227
3.434684
-12.841633
-18.766676
-17.945839
-19.246099
-10.054654
-11.374300
-14.485725
-11.893675
-19.535458
-22.157782
-25.174784
-27.679670
-23.114212
-21.306675
-27.794680
-26.885460
-32.309288
-25.364857
-19.961613
2.066858
1.657387
0.820163
0.350976
2.004706
1.630576
2.815119
-6.233478
-3.871704
-5.409661
-52.554989
-48.438335
-47.517017
-47.836311
-47.035652
-38.525703
-37.727474
-39.553036
-40.120941
-37.456928
-37.688477
-41.020309
-42.521709
-39.535973
-37.660446
-54.604786
-58.661724
-58.727543
-56.480309
-6.006807
-2.501923
-6.957366
-18.384798
-19.475506
-22.204100
-26.314665
-32.773594
-30.861507
-44.787212
-24.244146
-31.791351
-47.907001
-29.321114
-33.537697
-32.504265
-16.724979
-26.396317
-26.464558
-19.336586
-34.956230
-26.752161
-22.201662
-26.126991
-13.996382
-21.003716
-14.683706
-20.378538
-27.796562
-14.949378
-13.744118
-22.271126
-5.770384
-24.041849
-3.859516
-8.072447
-13.112852
-9.876069
-6.549112
10.792512
-1.737817
-2.923580
-34.278645
-37.070614
-40.672997
-37.723812
-31.390406
-44.684845
-40.049030
-64.895203
-45.904736
-40.641304
-29.843922
-20.824570
-23.210718
-28.014704
-7.984700
-14.224274
-15.931629
-18.443295
-14.136530
-16.282600
-16.590923
-29.644060
-22.640385
-19.875229
-28.569195
-12.899584
-9.445885
-11.255602
-19.006321
-27.430964
-17.576822
-9.059566
-25.768696
-27.612545
-30.171743
-24.645088
-23.400831
-14.615462
-23.815178
-1.057802
-7.833590
-16.115644
-27.993982
-41.526054
-32.735825
-24.942442
-31.434284
-35.274303
-38.000458
-28.738586
-40.794853
-37.850559
-37.899307
-37.818871
-45.758484
-11.786940
-0.896939
-13.539381
-21.173109
-18.119131
-20.062902
-11.744289
-17.628008
-27.025148
-15.902377
-13.564975
-17.330654
-24.279490
-24.514690
-4.728426
-1.497741
0.203517
-17.530514
-20.627146
-15.987684
-8.520916
-10.697456
-7.257158
-4.546844
2.316683
0.740947
-23.829800
-23.122976
-13.875734
-8.648875
-15.168738
-23.175377
-13.447985
-1.717103
-0.009749
-17.080828
-1.197950
-52.918152
-50.886639
-56.320667
-52.212543
-57.982933
-48.824654
-43.306534
-47.601105
-56.102528
-52.063866
-66.399048
-51.233959
-63.939762
-55.873421
-68.032051
-75.175873
-74.723755
-81.210709
-33.565731
-19.395075
-26.821630
-25.474998
-36.670891
-36.263855
-43.456429
-48.494396
-24.631685
-42.731319
-51.375324
-58.976143
-48.368866
-44.994381
-64.287086
-42.586300
-12.123292
-32.448215
-32.004620
-34.003227
-40.000294
-39.116753
-30.610462
-28.726402
-9.593342
-10.219738
-10.329415
-15.594055
-24.078405
-26.074583
-21.684952
-9.175342
-6.530834
-15.803665
-12.222004
-8.325929
-17.869305
-15.943810
-23.637251
3.103946
-8.332020
-10.797381
-12.966608
-8.698843
-4.914881
-67.804153
-71.733139
-37.458153
-37.040146
-32.927151
-28.644751
-41.957470
-37.467896
-25.605402
-53.510426
-28.472918
-18.676062
-24.284361
-16.832218
-26.386560
-29.351580
-28.296211
-28.064663
-38.150356
-33.380489
-23.171719
-22.268684
-25.260511
-30.008440
-27.892838
-34.772205
-31.023584
-38.880329
-20.869671
-27.419992
-24.790112
-37.458145
-13.098224
-19.875233
-13.068980
-31.054049
-24.897352
-34.104378
-35.792229
-41.636955
-30.622644
-16.381310
-14.655682
-23.450796
-30.551966
-34.689339
-38.096729
-38.071136
-41.045895
-48.197033
-47.849716
-40.967907
-48.099545
-46.382454
-6.264427
-6.797850
-8.043304
-7.612969
-6.609654
-6.094211
-6.903338
-5.370193
-6.646813
-6.190107
2.059374
1.547529
-0.933791
-2.327883
-15.804914
-9.548876
8.027721
2.444158
-2.806168
-1.911934
-5.534414
-4.585040
-22.413372
-7.901856
-6.381901
7.913848
2.023417
9.745467
12.549232
-6.639622
-22.760996
-7.095133
-6.613249
6.130173
-7.876685
-5.144836
-2.374635
-4.025249
-10.578568
0.972152
-11.802443
-22.719042
-38.143967
-35.678226
-19.963215
-26.710728
-26.081408
-24.850334
-32.724617
-34.447163
-32.910423
-34.944614
-26.310362
-20.898209
-21.818819
-35.937153
-28.273840
-37.929394
-47.851070
-46.346699
-43.295986
-28.171944
-0.934990
-7.743628
-9.256392
-16.513348
-25.028942
-14.366469
-28.627451
-32.669483
-22.039371
-7.843121
-1.745317
-9.214437
-18.445658
-21.562288
-15.571161
-17.907440
-32.440525
-25.483248
-19.058195
-24.248583
-32.150444
-16.918509
-7.081944
-7.995354
-21.268608
-14.939446
-14.060798
-16.507351
-12.347850
-20.410336
-5.403757
-13.745542
-11.996631
-10.192581
-27.147049
-31.534306
-13.303218
-21.115170
-8.918358
-17.644924
-3.826264
-18.149580
-24.840744
-29.596004
-12.039783
-26.576468
-29.672722
-45.137203
-22.312677
-17.323668
-23.620461
-16.646400
-9.248003
-22.518854
-23.109818
-27.051157
-21.577868
-19.598812
2.248767
16.497765
-7.682495
-9.834167
-33.626049
-32.152836
-49.175632
-31.161509
-16.546911
-11.163532
-17.869085
-11.591472
-18.324591
-20.706413
-25.488043
-16.737503
-15.430918
-16.005096
-15.327830
-19.484934
-11.798843
-19.062992
-24.529081
-13.952920
-17.933809
-14.079981
-24.169464
-31.862753
-19.071383
-30.735970
-24.828760
-16.284397
-23.025906
-27.698454
-39.912052
-44.841122
-34.544250
-39.702286
-8.070874
-4.624602
-4.330916
-5.884437
-6.250046
14.593029
4.298554
2.839728
0.403966
-6.571295
-10.186588
22.541626
12.090127
19.583235
11.768877
7.126292
8.909970
9.758649
1.575092
30.421911
34.468735
33.120193
26.656788
-7.646532
2.886483
-3.662042
3.723171
11.298987
13.207321
6.633629
0.196586
-18.056082
-2.747430
-10.077508
-15.404544
-5.798134
-10.509039
-23.176943
-35.445679
-45.195946
-31.836378
-34.320091
-51.447174
-35.069286
-39.980377
-34.902664
-40.869816
-27.697254
-25.390953
-27.687654
-35.602711
-36.221233
-38.811642
-35.727375
-27.673285
0.533422
-13.577723
-0.598155
-1.367718
-4.522718
-23.444262
-13.075462
-15.804914
-4.383659
-17.426758
-5.849671
-4.527504
0.261317
0.486673
6.512560
-9.602817
-10.737991
-12.260343
-21.811613
-3.204133
4.685731
0.049144
-12.341855
-16.701548
-7.856308
-15.172001
-13.930136
-16.654791
5.603940
2.167257
-2.938028
-10.367596
3.946137
-15.133637
-1.841207
-13.381135
3.669233
-12.972374
-12.919629
-9.343897
0.243336
-14.674531
-16.014687
-16.266413
-9.577649
-46.637985
-35.925156
-34.878685
-27.253727
-31.998203
-36.974022
-36.775040
-43.797054
-53.906921
-36.894913
-33.201710
-29.394621
-33.604469
-32.289494
-42.480873
-34.674908
-31.618216
-29.625965
-32.251133
-6.253642
0.068328
-25.413723
-13.987517
-14.974205
-17.282486
-17.899487
-21.772814
-23.755207
-27.073360
-22.946280
-34.549511
-34.107693
-21.292353
-18.589909
-26.519474
-34.063900
-42.786938
-25.427164
-50.733253
-54.476486
-35.996063
-29.057039
-38.613483
-48.148026
-67.733643
-31.597181
-67.232567
-60.937611
-45.530605
-44.607037
-50.147163
-62.922569
-77.720306
-47.478210
-83.305527
-75.455826
-57.794628
-60.802353
-67.294395
-82.783836
-98.279724
-61.379425
-85.568710
-89.784676
-52.716930
-43.990028
-52.899841
-55.894676
-53.578674
-46.331799
-62.594109
-57.381157
-54.834568
-45.099083
-61.132111
-65.131668
-60.667110
-53.895542
-53.174210
-62.308151
-75.372101
-59.734520
-74.386696
-96.708244
-99.042290
-66.902802
-66.611702
-68.113632
-71.977936
-67.527534
-88.394821
-87.334717
-98.729271
-58.329197
-67.038048
-68.058235
-83.568291
-74.283646
-81.289642
-82.745201
-99.446754
-62.989555
-72.422333
-69.524101
-83.520638
-55.836712
-59.634041
-59.971516
-62.931587
-35.707523
-49.432270
-45.597584
-60.700596
-48.480358
-45.815269
-69.494476
-51.198254
-37.223621
-47.109810
-55.508247
-64.975807
-50.278545
-59.856884
-62.617287
-51.548622
-26.077652
-21.691664
-30.521620
-52.139862
-36.470074
-43.760742
-52.863770
-24.976324
-16.867716
-20.842806
-39.544781
-48.007629
-44.900723
-49.747852
-54.341225
-62.676544
-19.508329
-6.716173
-30.712250
-27.896458
-26.591610
-38.993473
-49.107666
-74.246292
-51.324493
-47.903282
-58.975822
-45.710934
-52.651234
-34.840630
-43.084492
-60.047523
-65.488472
-64.643478
-67.022614
-71.449814
-83.967613
-58.174622
-74.109756
-82.688522
-90.856377
-73.253151
-69.432640
-80.433044
-79.870132
-56.907124
-72.191757
-78.700546
-69.109329
-74.596657
-76.276344
-89.130325
-85.147507
-62.069839
-72.373383
-81.482864
-90.759781
-75.422333
-64.509529
-88.826340
-73.540405
-58.687290
-106.665283
-71.831085
-87.788132
-81.564011
-64.300842
-86.795006
-71.292664
-62.282379
-89.035004
-67.760674
-87.115723
-93.985191
-71.451103
-84.083542
-67.692421
-74.596649
-92.481979
-77.439499
-91.326538
-96.989037
-77.293945
-89.091682
-73.407730
-72.084839
-100.581573
-91.380638
-104.385353
-111.594856
-73.419327
-88.908768
-58.307301
-57.971100
-89.068504
-64.876625
-72.801025
-73.324013
-69.564034
-68.917412
-72.262611
-69.419754
-70.501762
-73.640884
-75.556290
-70.000694
-53.814392
-61.124374
-63.977528
-62.145844
-52.961674
-56.847878
-61.137260
-53.630188
-45.203430
-68.395721
-70.867584
-78.315414
-69.405594
-55.114086
-61.447697
-58.586811
-56.129112
-50.447289
-61.406475
-76.961617
-71.026031
-53.134266
-53.229595
-53.892956
-56.599277
-42.790794
-49.844452
-66.815208
-51.574375
-39.091358
-32.988338
-39.510002
-42.875816
-42.154469
-39.263973
-59.009312
-47.648243
-34.602325
-40.155346
-38.239937
-60.936329
-64.412910
-52.528873
-41.107254
-48.865498
-50.673992
-67.049660
-61.205532
-79.241554
-52.240334
-50.591553
-46.859924
-51.372139
-51.332207
-70.321426
-60.770149
-68.662354
-62.337776
-54.140293
-45.897713
-53.731956
-55.115383
-72.998100
-66.068123
-80.922531
-70.629288
-87.144081
-77.811768
-40.326664
-45.714798
-56.135551
-14.641222
-16.058393
-18.980770
-19.995747
-22.165524
-25.481459
-33.116234
-5.470176
-25.027481
-27.432014
-34.781967
-36.899956
-35.477604
-36.642761
-48.114765
-52.273067
-22.786936
-34.592091
-44.707340
-49.564728
-42.490963
-39.484005
-46.212540
-60.779533
-54.529140
-42.206146
-53.187931
-50.177521
-45.459946
-55.856556
-80.252266
-67.326820
-62.793964
-47.596916
-40.431664
-54.668968
-45.344303
-31.531622
-38.422421
-24.630461
-24.397434
-34.174358
-27.400940
-31.108715
-12.711382
-11.074992
-8.580702
-7.921315
-10.824701
-1.353302
-2.639285
0.680103
11.815514
1.556989
-8.175058
-21.283459
-12.561211
-22.622948
-13.015186
-18.404232
-9.473121
-44.268890
-4.203177
-11.677418
7.993809
2.496014
-18.428394
-12.267762
-61.288769
-36.335506
-33.430382
-34.987381
-15.844349
-3.436768
-17.529070
-35.881527
-29.265179
-40.278030
-17.525623
-21.642494
-22.067123
-24.519995
-18.352451
-2.623754
0.933849
-20.430737
-9.152057
-26.871008
-12.975485
-23.337572
-13.842010
-16.797186
4.046102
-14.396110
-11.793070
2.383817
-31.495375
-36.789478
-12.419666
-18.723576
-0.203687
-16.536539
-1.577703
21.787491
4.586386
-0.293445
10.526080
-15.371385
-5.720469
-20.965845
-1.175510
14.199328
-13.141194
2.789462
17.546337
-4.979950
-21.853088
-31.138058
-21.212683
-5.559937
-22.279446
-4.954058
-15.545727
-31.790548
-62.500515
-60.417053
-71.022522
-63.411926
-56.238037
-36.637581
-30.756578
-24.017683
-43.540462
-68.723297
-57.570625
-31.367640
-27.026360
-22.579796
-5.423570
-11.848309
-39.432220
-49.088318
-36.092121
-12.587105
-34.643879
-23.574057
-11.850034
-7.634768
-6.369502
-7.572629
-10.417326
-6.390217
-16.962896
-17.092358
-42.551373
-38.923004
-31.659351
-27.181719
-33.090336
-46.504257
-39.351097
-20.489424
-49.321346
-50.873158
-58.430252
-36.090397
-56.750706
-72.313690
-74.719948
-23.496382
-47.714298
-51.617119
-51.142441
-13.351787
-44.902401
-48.095779
-58.274902
-28.975187
-34.238220
-44.862682
-42.979454
-58.361202
-52.590668
-70.903427
-68.134682
-33.116230
-30.242182
-22.181055
-39.452938
-44.812641
-23.670729
-34.250313
-32.527615
-25.604017
-25.616095
-1.655379
-25.636810
-13.016912
-5.682489
-1.876326
-34.044903
-6.844192
-14.931216
1.903947
-2.953446
-2.508097
-8.839625
-11.126776
-19.553846
-6.721639
-6.649140
1.624308
-20.836376
-15.440432
-35.101303
-20.896795
-36.352768
-27.136841
-55.007298
-38.065109
-50.660835
-12.181449
-32.498268
-28.897516
-33.863659
-47.740196
-26.244421
-18.663155
-34.873455
-35.291176
-38.997234
-46.400688
-19.738543
-32.976414
-56.947491
-36.092113
-55.060802
-53.324291
-38.551888
-50.861073
-51.520454
-13.260299
-25.358892
-24.122969
-41.726273
-17.128609
-23.045856
-30.342302
-37.409172
-7.253288
-3.680159
-5.862012
-3.312485
13.923146
-3.799260
-5.547856
-15.331684
6.828659
-10.959339
7.163531
-6.469619
20.080324
6.338430
0.271005
6.990919
7.234304
-20.054436
0.321065
-6.307360
2.646195
-1.631214
4.765906
-2.458043
-0.894147
-10.486373
-15.126270
-28.550556
-28.704182
-20.881260
-35.727898
-15.903872
-16.415707
-17.825098
-17.686941
-21.558132
-25.132608
-33.182827
-17.154711
-22.500198
-21.057426
0.786293
5.016321
-1.088571
-4.357988
-6.981127
14.858887
-12.122622
-5.171169
8.672391
11.205587
4.357987
0.332874
-4.931022
8.746570
-11.639538
-12.148586
3.439102
1.676432
-0.444143
-23.995823
-31.469309
-17.498711
-34.301067
-37.553806
-4.594433
0.422819
0.175243
-8.406285
-14.574225
1.400119
-14.852396
-13.911254
-1.199833
12.724398
10.338630
8.627890
3.469711
10.043768
2.221646
-5.338999
-11.622848
3.827612
1.388061
-11.004384
-13.278881
-1.705176
-5.570808
-23.368086
-30.512413
-12.660419
-11.410511
-34.567181
-35.805977
-18.936852
-21.320763
-13.770319
-19.424574
-22.152489
-19.699959
-40.603462
-38.784245
-6.472076
-21.533094
-4.704782
-23.661089
-11.394751
-9.584791
-28.382551
-16.579826
-0.931864
-13.547776
-14.600183
-19.757450
-9.699769
-4.795644
-10.242203
-6.472075
2.828983
-15.427278
-17.298431
-20.158939
-6.917143
2.423785
-8.140164
-30.544853
-15.264087
-12.120769
-21.831665
-31.735426
-16.847799
3.583750
-6.003824
-11.436471
-3.163712
3.306510
-1.086712
-1.572590
-12.205150
-14.689198
-19.975346
-3.996368
2.577703
5.708036
-2.909651
10.681709
-10.549111
-11.494890
-18.517740
-14.320162
-0.143721
7.968631
-2.021363
-4.382096
-7.063648
1.573514
-13.364188
-39.724445
-27.502615
-18.906250
-19.315157
-29.898577
-38.457851
-29.885599
-26.070965
-25.049154
-27.689913
-22.550268
-18.413893
-18.772726
-28.595821
-15.766639
-21.755627
-21.871542
-15.781484
-10.947820
-8.286670
-19.431995
-15.768497
-4.341298
-13.967814
-8.582453
-7.934321
-13.835220
-16.970184
-31.270891
-40.366093
-15.976196
-29.364494
-31.488787
-42.931740
-36.858376
-22.600340
-34.055355
-22.080166
-4.688083
-34.057209
-22.958248
-21.009214
-21.980015
-22.361111
-23.983767
-11.928836
-11.802726
-43.066189
-20.100523
-25.713053
-29.436815
-18.095852
-9.060913
13.353989
5.954679
-41.918266
-24.885038
-26.652342
-27.620373
-36.734127
-42.139889
2.540616
4.905979
-23.354177
-9.058118
-12.155082
-11.444815
-12.920045
-15.813006
19.895607
24.694025
-0.331022
16.714275
7.917630
18.982286
-2.420069
2.463655
5.734001
10.517583
0.210479
0.790931
2.718640
1.594838
-2.056602
-5.006122
-8.383101
-17.341084
-16.565914
-5.510536
-12.929316
-9.537499
-1.757105
-19.355957
-24.190540
-31.673300
-37.525986
-30.129461
-34.170334
-16.707785
-19.765787
-10.074368
-15.330843
-20.237755
-17.094440
-18.332294
-9.924162
11.928838
10.197693
3.655154
18.323944
18.604891
18.630863
11.980758
20.386112
18.071739
2.746464
9.680298
24.551229
20.649437
10.542627
2.107600
4.128963
3.514205
-13.024819
4.936579
11.581129
13.890856
13.482870
-3.618053
-14.259888
-12.266349
-15.628491
3.724687
10.166163
5.037652
-2.784475
-4.320902
-16.985025
-11.452234
-16.700371
-15.803738
-9.769312
-7.282476
-10.036349
-10.563946
-19.425505
-17.692503
-25.755707
-15.672066
-20.285048
-13.950196
-16.546448
-22.891491
-20.018919
5.118186
6.516245
7.792405
10.103942
11.566710
12.535872
10.763093
28.591717
15.398200
18.767691
-22.204895
-19.044590
-23.857283
-26.678984
-40.269794
-14.657788
-30.663971
-34.402161
-31.548855
-28.216993
-27.335117
-25.523209
-34.353996
-26.439705
-51.591198
-70.616234
-64.888557
-66.897598
-69.036087
-30.221531
-25.390783
-32.012367
-54.617580
-65.714737
-40.840145
-43.979382
-51.044918
-49.887657
-53.049454
-43.777733
-60.509270
-61.014923
-25.920507
-32.009357
-33.377316
-32.484913
-16.997913
-7.316855
-34.227596
-8.689329
-15.414754
-18.365875
-13.843635
-36.763359
-25.143976
-31.405888
-37.904076
-22.138680
3.218997
-3.515461
13.431290
-41.199818
-36.028961
-27.985233
-29.162077
-11.529089
-4.960168
-3.178364
-1.324317
-24.511915
-12.857914
-63.922394
-61.249695
-31.794157
-54.421921
-54.292511
-46.658115
-61.230133
-46.748413
-57.076588
-47.142700
-52.388798
-46.679188
-42.361607
-30.763294
-36.685101
-27.464540
-33.643684
-25.475060
-28.248604
-24.537495
-47.478294
-30.068027
-1.882638
-25.286943
-14.833864
-11.968521
-14.770662
-26.110121
-32.772346
-13.217589
-16.699947
-38.120781
-12.266492
3.852557
7.672013
-7.200978
-18.170240
-8.824773
-16.225901
-9.571202
-20.490810
-3.959408
3.205450
-3.354434
-33.026676
-23.390759
-22.569080
-22.075474
-15.804524
-21.490063
-20.751158
-22.393011
-38.084671
-37.488724
-53.765785
-21.738371
-13.872229
-6.290509
-1.476313
-19.712769
-30.471342
-12.016676
-5.464318
-4.627588
-4.976725
3.801392
-0.039129
-15.515585
-15.882779
0.933042
1.623798
5.065516
-18.185293
7.145296
1.757732
4.681764
11.458356
33.678299
47.995983
21.044613
-9.887236
-21.345591
-17.046072
-7.235591
-4.296507
30.040945
43.868023
6.878929
-6.636637
0.833722
9.021914
10.629155
-51.771805
-42.864250
-71.317520
-56.894489
-63.045052
-61.485958
-45.242008
-61.344509
-42.509094
-42.840172
-70.894646
-43.809334
-44.805576
-49.034359
-97.928757
-99.675949
-90.444878
-96.812141
-64.131592
-56.218784
-51.515949
-61.808006
-86.217590
-79.785622
-51.072006
-49.287186
-38.334476
-52.736443
-50.176586
-57.508503
-53.172848
-59.472389
8.561413
-15.929438
29.494659
8.782633
13.938438
2.621551
-0.209180
-0.145974
12.891028
-5.903753
-14.848921
-12.051297
-12.210825
-8.185189
22.138681
27.052206
30.308815
7.825511
-24.101078
-32.776859
-23.032593
-17.204086
0.395792
-23.410318
-15.565245
-37.321678
-31.491673
-36.062080
-31.615074
-6.812712
-11.041498
-78.127213
-74.690025
-60.707928
-52.552841
-77.111412
-61.985596
-34.030457
-44.802574
-65.213615
-35.458591
-41.997429
-38.373615
-37.410465
-37.041759
-34.510513
-29.151539
-35.484184
-9.232598
-39.300629
-25.392288
-13.160406
-23.241774
-30.362989
-46.164501
11.214561
3.736679
-6.103899
-9.387609
-12.416985
-9.634411
-26.344891
-31.982269
5.500432
-6.559885
-0.135440
-16.153664
-12.198770
-18.408012
-16.079924
-21.800072
-21.602930
-15.846665
-12.507275
-29.311060
-18.752636
-24.003260
-10.991838
-27.201181
-19.329012
-26.686506
-25.580395
-31.815222
-38.110249
-39.121544
5.760229
6.697887
8.651531
10.411601
10.459713
12.101177
14.340146
17.344458
17.814411
20.861242
24.310892
26.007181
23.425821
23.415751
22.150246
26.815044
17.983368
23.196438
27.201073
27.356604
21.615402
20.851173
25.946754
22.581036
18.199318
16.718979
29.093176
29.730967
23.457146
16.260225
20.700121
11.715149
8.093187
-2.200927
14.347980
14.900731
17.845736
8.491522
12.480492
-3.737211
7.610932
-2.665282
9.467224
6.563616
6.541234
-3.761830
-2.385549
-7.098465
-2.986408
-4.368280
-7.816813
-9.742481
-7.041396
-15.105493
-21.114126
-13.218985
-18.107571
-5.587916
-4.321290
-0.531492
10.664479
-20.988800
-17.209074
-17.342224
-20.279404
-18.105328
-8.987207
-13.879147
-9.847662
-14.428540
-0.842551
5.217546
-6.380115
-1.545239
8.389702
5.370843
3.041241
2.519816
17.913990
21.587429
18.477930
15.169267
10.956518
3.399293
1.536285
8.755592
6.683342
10.398173
12.456995
9.018536
0.136510
1.849582
1.347186
18.404076
-6.862370
-0.616528
4.559621
8.675028
2.959555
-2.315057
10.934138
12.610288
-8.660482
3.710358
7.842549
13.249194
9.456037
4.112049
13.687814
16.424702
-4.934459
-4.992645
11.698364
10.700280
6.866846
-4.584237
2.432543
0.832479
-1.588875
17.967701
10.430621
3.710356
8.252075
3.704762
16.355331
6.589349
0.745205
8.051785
22.077518
15.116679
7.285322
7.400573
1.380751
4.594311
-4.549553
-0.410645
19.307058
17.134104
24.944202
15.930145
11.284363
14.230498
7.358058
-17.474255
12.978416
12.550982
11.470104
7.974579
5.806105
5.992960
3.775255
-26.248871
10.675664
13.856773
11.672629
15.724258
17.478733
18.018051
9.176306
5.724417
7.673598
14.924222
22.581030
23.792828
22.849567
-5.234329
21.924221
25.974733
23.760376
14.107414
11.722985
17.308655
14.184620
-4.287725
9.913677
12.361888
14.830229
7.558338
-6.048911
8.027170
12.742326
-1.953644
-1.037246
1.612371
6.078001
-13.320809
-7.514703
4.527172
18.451082
8.046201
4.165760
6.653131
13.991048
-17.312008
-5.053071
13.533406
20.635227
13.122749
9.675352
8.469141
11.508142
1.303542
7.203639
10.926311
9.680937
-3.266142
4.692774
2.764866
-0.184619
-12.539802
-0.956681
5.397698
-10.291874
-27.193239
-12.075443
-11.599899
-7.055943
-8.244237
-23.812969
-11.620039
-39.286587
-29.723133
-19.828478
-24.561529
-17.860285
-16.024124
-18.078478
-13.066804
-24.789793
-20.667667
-20.413673
-16.717871
-11.594305
-12.190695
-1.387468
7.307701
3.700288
3.579442
3.366849
2.066654
0.803389
-10.558180
16.009579
17.611887
15.835028
12.333913
9.012939
9.166235
14.241678
2.752558
30.247904
23.157278
6.494241
16.425825
15.259899
11.456676
16.233370
8.530688
25.871794
16.739120
17.084871
20.015341
23.925982
12.471537
18.580873
14.768697
12.352939
-4.234015
2.635068
6.492001
10.959874
2.236731
7.167833
1.555305
2.102460
1.046195
1.288999
9.466106
2.551149
8.385228
11.636509
11.819527
12.317504
11.308780
16.091354
17.427807
21.556343
8.031489
2.021704
2.523940
-20.746235
-18.968559
-11.575503
-13.154561
-21.464125
-8.343614
-9.227489
-13.682332
-11.349923
-9.074269
-8.288283
-13.961821
-14.655587
-18.941599
-27.618626
-34.852776
-26.739008
-20.461086
-23.297140
-4.399517
-13.175842
-23.095676
-29.437450
-19.740358
-8.875643
-8.540820
-14.713756
-33.321945
-47.984642
-47.798782
-59.082024
-21.679789
-5.856561
-11.707454
3.731290
-19.178534
-23.613508
-25.804054
-32.731758
-1.940834
-10.615020
-13.666726
-4.003685
-33.324799
-18.323027
-34.969116
-38.501778
1.564875
-3.640487
1.501024
7.354753
-7.889618
-16.180737
-27.656927
-37.183769
-36.525467
-22.699850
-19.537474
12.429582
-9.342409
0.570333
-32.097588
-23.870310
-35.417442
-31.640753
-18.876345
-29.281387
-18.473423
-35.258533
-31.243504
-18.567059
-20.959053
-29.850304
-31.005156
-20.490879
-21.661333
-28.366295
-10.616436
-12.457962
-18.872089
-33.052399
-26.287849
-19.510523
-20.445469
-30.012037
-4.477550
12.025246
0.407176
-6.407035
-22.525347
-24.334236
-23.163778
-41.811699
-8.926714
-3.360993
-5.338720
1.078244
-24.148382
-14.752063
-15.069862
-29.909891
-23.569538
-15.855844
-4.769804
-23.143913
-43.318405
-44.678978
-50.246113
-31.720200
-20.720705
-18.428022
1.254166
-22.258614
-33.082195
-48.269810
-58.859295
-18.701834
13.307782
0.627092
8.764974
-19.214008
-11.513086
-19.496340
-23.160936
-31.479013
-11.474778
-6.665244
-6.635452
-12.405467
3.814991
2.865854
-8.899758
-14.001547
-30.965427
1.520885
-6.992972
-3.369504
-15.403262
-7.349075
-20.034035
-27.597340
-54.858440
-1.506703
-4.836487
1.752142
-4.993965
0.727806
-7.394480
-34.674019
-36.729774
-4.358373
-13.412776
-7.286649
-27.980400
-40.201435
-36.772327
-40.957619
-51.619453
-36.115452
-23.783764
-39.921944
-39.754543
-38.022251
-52.064945
-38.134319
-41.695374
-32.316067
-45.582703
-59.124588
-45.879227
-37.894558
-13.580182
-17.454760
-14.249834
-11.239256
-34.489571
-27.539179
-2.142301
-16.112631
-20.855490
-29.628988
-35.834553
-26.858175
-37.171005
-29.081341
-18.542944
-19.494919
-26.182858
-43.193565
-50.441887
-30.956923
13.878129
0.082283
-9.529675
-6.094907
-25.117386
-32.483475
-32.673588
-26.555986
16.884430
15.777815
5.249337
24.053318
-16.061565
-35.092556
-19.912025
-11.135695
-13.909331
-6.768814
-22.533857
-1.999015
-12.201166
-37.434879
-28.183273
-13.041054
-13.290761
-62.528156
-59.239517
-32.284863
-34.706650
-53.127579
-63.850433
-52.648056
-54.475380
-39.589962
-51.747139
-38.595417
-36.289970
-38.829498
-43.122616
-40.178749
-43.504269
-34.874069
-31.314444
-26.260889
-31.104462
-26.073605
-40.038269
-43.928463
-25.012398
-7.410083
-21.115105
-26.832642
-14.081002
-15.193293
-23.257404
-32.547318
-24.156893
15.529532
-7.944942
-6.053766
-2.997798
-7.024188
-10.382343
-9.640342
-10.678860
-11.951469
-20.208542
-18.923162
-22.286995
-26.351688
-32.123123
-27.439861
-21.576206
-28.542223
-26.033886
-32.283436
-20.377371
-18.140013
-30.725662
5.357199
5.145502
5.398274
4.388763
8.087143
8.714334
9.006603
0.704603
-12.573857
-16.754084
-47.097855
-46.701317
-44.257313
-44.124611
-39.884350
-37.489334
-47.093109
-45.380581
-15.355935
-19.690989
-20.292904
-20.237608
-19.972195
-27.029285
-36.557232
-27.204651
-15.171098
-18.025845
-17.656164
13.744501
12.881919
-1.328646
0.281207
16.684570
22.232927
13.891432
9.199343
-20.044868
-12.673391
-19.299181
-24.640583
-8.644818
8.268823
-2.616193
4.066483
-6.507314
-5.237130
-7.843853
-0.540304
-4.570445
-3.630443
-4.973300
-2.625678
-7.003381
-7.390439
-22.038612
-16.357546
-5.673167
-2.072738
-1.284400
0.214852
19.858444
-7.011281
-13.414323
-2.646215
-8.085567
-12.708139
-5.747416
29.045151
17.809410
22.134981
-37.745262
-23.063915
-25.446301
-16.477613
-24.040253
-30.514383
-33.343861
-31.754560
-5.284527
7.848589
8.758570
28.765520
-13.953046
-11.464817
-10.099844
4.042781
11.823439
13.929349
9.594298
6.422005
-1.747293
-2.181741
-7.125023
-5.159719
-5.312965
20.066982
21.784258
-4.297132
-5.638407
-3.221271
1.116939
-4.962242
-5.393536
-9.047677
-4.387185
3.026954
-7.932319
-3.124899
-6.068122
-16.205879
-9.908687
-19.439791
-2.120131
-5.627350
-14.584978
-16.128469
-13.426966
-13.253185
-22.040192
-23.090775
-22.089165
-18.138012
-22.354572
-2.243362
-0.541880
37.486176
17.444468
19.825272
23.193470
13.498057
15.567634
22.638945
13.390627
-24.160324
-5.722140
-6.744287
-10.916613
-9.343105
-8.180351
-11.109355
-3.181774
-14.463332
-24.471546
-5.123390
-1.538747
3.376091
-11.098295
-16.629280
-8.842300
-15.919930
-13.414316
5.245028
1.940030
-3.562515
-3.515115
-3.279716
-2.573536
4.312932
2.376062
10.150398
-20.389271
-6.785364
-33.125839
-41.761189
-34.347046
-45.142017
-42.890774
-41.990261
-55.477272
-51.071136
-23.062340
-21.803219
-14.303769
-21.928020
-24.353056
-20.544086
-35.351826
-32.377018
-21.904327
-24.454163
12.006700
16.498150
17.953178
19.615160
17.311762
26.574299
30.100475
12.637047
-15.052608
-11.546968
-6.199254
-4.232366
-9.069790
1.366554
-7.376221
-6.963885
-29.683405
-25.650105
-29.354805
-18.604071
8.091883
-8.325700
-1.818384
-9.110877
-6.873836
-4.925912
-8.527912
-12.005117
-0.919459
-0.789911
-3.739455
17.450783
21.356121
-5.692122
17.422352
3.169132
7.775917
19.477705
18.057438
9.861288
24.215611
6.512049
5.456728
11.848711
13.155227
-42.254093
-32.252201
-37.926945
-32.105278
-35.969536
-34.738853
-31.703997
-21.141266
1.898952
-18.863155
-15.476001
-8.369933
-8.463144
-5.831148
-15.603967
-24.062370
-10.791811
-19.992729
-4.717367
-6.431481
-9.140889
-12.080951
-12.689182
-13.286358
-10.916618
-13.376409
-14.573921
-5.696862
-12.708139
-8.690638
-9.619576
-0.628771
2.823157
-5.616295
-4.636800
0.292272
-3.154919
1.510313
-3.227590
5.120220
0.407595
-8.006572
-14.605515
0.159563
-0.619293
-2.050617
-3.412431
-1.361813
-5.579953
-8.019210
-13.314796
-4.333467
-8.777526
-14.833010
2.546911
2.224854
1.037084
-0.816961
-0.302852
0.652979
4.437888
-15.662611
-9.156471
-12.975360
-4.963818
-6.387960
3.004882
8.454739
12.226353
-0.790368
7.893355
7.822445
-1.679724
-1.922002
2.665099
1.716655
-11.679743
2.440547
-14.937248
-16.395374
-18.395674
-12.520340
-17.367441
-14.440869
-30.308825
-18.689653
-20.669281
-47.137051
-33.567806
-30.409285
-36.606659
-12.396247
-13.764257
1.718127
-27.803284
-32.393337
-25.755711
-16.299337
-12.090436
-14.036079
-19.536158
-6.609560
-30.741686
-56.417618
-24.520666
-29.389935
-26.070374
-37.267036
-29.067873
-31.081469
-20.926331
-34.662514
-45.129375
-48.364731
-46.707157
-4.355160
-21.038609
-19.703100
-22.406607
-23.616537
-31.422731
-16.033422
0.698775
-27.776690
-32.783356
-19.168304
-18.655682
-21.438963
-17.491539
-14.754053
-23.009354
-35.671528
-40.942623
-44.211948
-34.789562
-42.821770
-23.157095
-13.641629
-27.863846
-40.113842
-55.489853
-40.362038
-27.720552
-26.111746
-30.741686
-21.948631
-18.803410
-33.795319
-39.517010
-15.340555
-9.267271
-8.098699
-18.840343
-14.228128
-17.676210
-16.526850
-16.687876
-22.176146
-25.077618
-28.745815
-26.600740
-12.332722
-23.009359
-23.378695
-15.200208
-17.298016
-32.789261
-30.704748
-16.141268
-25.603544
-19.701626
-16.349573
-22.733099
-45.243126
-10.475719
-11.441891
-34.572392
-24.785103
-28.862520
-23.950415
-33.378708
2.588278
26.077761
0.691386
-17.481201
-8.197680
-13.402298
-31.184874
-15.238619
12.283964
4.758465
-3.471718
-7.454583
-5.633048
-19.316038
-21.440443
-21.505440
-6.076245
-17.360065
-9.926155
-18.134182
-28.933435
-17.491541
-30.200983
-42.439159
-54.210491
-43.034523
-61.235176
-53.455582
-75.107277
-58.849308
-54.717213
-44.015469
-43.112808
-25.922651
-57.605389
-47.222740
-25.003746
-29.087074
-1.846663
-11.839294
-9.087035
3.233865
-10.913006
0.277737
-3.328411
2.604529
-47.454681
-5.545880
-10.582089
-15.810344
-10.062074
-19.508091
-14.867807
-15.650804
-34.793991
-15.438058
-31.892521
-36.871120
-31.795015
-45.473579
-34.303520
-37.555096
-21.103609
-1.837790
-7.027637
-5.986124
-14.720076
-18.434072
-49.042805
-42.021061
-46.429413
-42.291424
-46.905117
-30.440310
-64.835434
-64.783714
-82.770164
-69.960274
-78.038300
-81.849792
-87.369080
-85.432304
-62.196922
-61.795086
-72.569237
-29.778463
-19.126947
-28.958551
-30.918961
-39.471203
-61.495174
-32.323906
-31.013510
-11.243931
-24.265085
-25.779343
-17.165054
-2.886693
-8.429626
-39.431316
-37.357151
-18.246460
-28.996960
-12.254421
-16.061489
-6.306706
15.835463
-24.919535
-61.081532
-49.849422
-27.928856
-10.273328
-13.999146
-14.541319
-8.543374
-24.163145
-46.832726
-51.127312
-35.241631
-29.753355
-19.240702
-29.893700
-23.092087
-31.378401
-31.085909
-26.300842
-28.583315
-30.769753
-34.027260
-32.390381
-15.748309
-37.649666
-32.586872
-27.744181
-23.214712
-19.759243
-23.164469
-14.915092
-27.079399
-16.953798
-15.643411
-10.508220
-16.831182
-17.277330
-23.049242
-25.000795
-35.792667
-30.855431
-36.568264
-31.762516
-20.834734
-17.154711
-26.928703
-7.141214
-7.386578
-8.211675
-8.507956
-9.631338
-11.736576
-16.136290
-12.400904
-16.752106
-17.009897
-27.037743
-25.107708
-25.499811
-28.026821
-30.789167
-22.001772
-29.136570
-28.137877
-37.946815
-36.792164
-36.723206
-39.762192
-41.707458
-39.699242
-38.334511
-37.410786
-53.630867
-56.513889
-54.453953
-48.670666
-55.961418
-46.945503
-58.107159
-56.474609
-64.437309
-64.707123
-68.014725
-59.214500
-69.226715
-52.041615
-59.352818
-58.965931
-56.296593
-54.000118
-61.931152
-44.555614
-47.003632
-47.471107
-51.197666
-58.201771
-54.850468
-52.914814
-51.439426
-41.731514
-49.813690
-43.554100
-41.391930
-51.730499
-47.282673
-45.146973
-46.300816
-37.697441
-37.845783
-36.435745
-32.388443
-41.912727
-45.523029
-46.889771
-41.189068
-43.243389
-37.769611
-41.189869
-39.980694
-41.769600
-43.553703
-35.543697
-45.229954
-48.607723
-48.819412
-52.594082
-44.428116
-45.796463
-46.403851
-38.799980
-43.049744
-50.596691
-38.079529
-34.858521
-33.579983
-39.644318
-36.713577
-32.999443
-47.931770
-47.994305
-39.763794
-39.060577
-31.839983
-36.418503
-40.940903
-34.783550
-40.549198
-38.095158
-36.328297
-30.793177
-34.897411
-35.038933
-34.738243
-27.351665
-23.418228
-26.966381
-24.805414
-23.170860
-27.731339
-32.436550
-36.345940
-33.977295
-28.014395
-30.252338
-32.939713
-32.952538
-34.110798
-32.717598
-28.645844
-32.006763
-35.282291
-39.706470
-38.831654
-36.473030
-41.316162
-39.034523
-44.297413
-47.063774
-55.354031
-55.011238
-45.076004
-42.205006
-40.551609
-37.084435
-39.774216
-35.933792
-39.176445
-43.912128
-37.797272
-31.300337
-27.642336
-31.911747
-36.404877
-30.476053
-36.304642
-41.773617
-39.214935
-31.026110
-35.953838
-36.335911
-36.461803
-36.426926
-33.165428
-39.622265
-40.642620
-40.314659
-34.893402
-34.365383
-36.371994
-50.500072
-41.812504
-47.116291
-43.331192
-51.095840
-43.301517
-36.538383
-38.627586
-55.130718
-54.522118
-56.976952
-53.874233
-59.463062
-55.420986
-43.593796
-50.107166
-58.063457
-61.858582
-57.695808
-46.576248
-50.473209
-60.529922
-55.753338
-55.738110
-65.236740
-65.410744
-69.009407
-56.665840
-62.319633
-69.179398
-51.258617
-56.862293
-63.247372
-58.307209
-53.779598
-48.538361
-53.232750
-51.457081
-55.354427
-51.624657
-51.947002
-54.793945
-47.402958
-43.077404
-45.421200
-48.823021
-49.563923
-48.823818
-43.021687
-56.496655
-46.220234
-36.762096
-43.777016
-43.120308
-38.900612
-38.383022
-44.392033
-42.678093
-43.837158
-37.747959
-36.630997
-39.385319
-32.466625
-53.352230
-52.796146
-54.071884
-42.932274
-38.468414
-34.367390
-34.321682
-37.871441
-61.796024
-62.988781
-61.858574
-51.477917
-54.417072
-49.993706
-43.382118
-43.186459
-77.389885
-72.636955
-72.694290
-62.445511
-55.212505
-61.806866
-59.552467
-53.220325
-63.973034
-61.988880
-59.248177
-54.931458
-48.611324
-51.592587
-52.034000
-46.736622
-45.410774
-47.675575
-43.744949
-40.172329
-39.631088
-40.040031
-44.282978
-37.685814
-37.976891
-38.227867
-37.311756
-32.106594
-33.440460
-41.529453
-35.964264
-35.487965
-38.783543
-43.111492
-43.550095
-34.631596
-36.064091
-36.028404
-10.263497
-11.681103
-14.501825
-18.242039
-22.910423
-29.659599
-46.087280
-32.470192
-51.414501
-59.062904
-62.206528
-53.680645
-53.754490
-56.834412
-57.962418
-46.544849
-68.380844
-69.198967
-40.117138
-38.129013
-42.758308
-51.190063
-39.714581
-28.210140
-78.188210
-76.391235
-54.336590
-53.139088
-59.713062
-40.351704
-50.833851
-21.278513
-52.244217
-45.534134
-28.670607
-33.941368
-51.003277
-60.936630
-63.621239
-33.505512
-47.035717
-18.654720
-16.621714
-16.954758
-25.085331
-34.862293
-25.612408
-16.049746
-35.632637
-19.920279
-27.891575
-26.976437
-34.032581
-38.263672
-35.140316
-30.306858
-31.446445
-37.460030
-49.309101
-55.910564
-55.299507
-29.168718
-57.826302
-48.269436
-40.926567
-55.557266
-66.934273
-55.424053
-21.636173
-8.547610
-61.427498
-85.913368
-74.440773
-81.042244
-86.236259
-71.195770
-59.148327
-52.526585
-84.427696
-66.780800
-71.389816
-72.937744
-46.258148
-71.218948
-43.317226
-61.856117
-60.468925
-27.774290
-24.914467
-34.007969
-11.374122
-44.187485
-61.860462
-89.818634
-63.256340
-34.561111
-5.338816
-8.543262
-22.619371
-38.402683
-60.699158
-60.848293
-41.579613
-21.222046
-10.541516
-12.659953
-57.325287
-23.101557
-19.713217
-26.016407
-20.547268
-23.240568
-13.806778
-5.556016
-51.111874
-23.637321
-27.984245
-17.571606
-16.646328
-28.339016
-51.569447
-58.751572
-67.093559
-61.292831
-50.888870
-40.455963
-20.125898
-29.679863
-39.278728
-47.632301
-58.679188
-46.831558
-3.478119
-17.402180
-35.618168
-51.624462
-49.711647
-56.323261
-63.241852
-58.919552
-33.421532
-31.857677
-46.113335
-47.425236
-50.762905
-65.106903
-36.314651
-55.050453
-61.392750
-58.871758
-94.650642
-67.199272
-69.678261
-84.384254
-59.256927
-68.097046
-65.345818
-61.657738
-99.025085
-124.179916
-109.249512
-92.939110
-100.213921
-90.743912
-94.200310
-72.690125
-68.874611
-98.477737
-80.019966
-82.774063
-94.588379
-61.389854
-51.337769
-54.986755
-46.544842
-58.970219
-53.165150
-84.223534
-92.443886
-64.834663
-56.388424
-26.950373
-22.591858
-39.139732
-45.364712
-43.567741
-48.844284
-54.613167
-57.717697
-54.856430
-52.651119
-55.829472
-66.427475
-29.044186
-33.353466
-58.337440
-31.298737
-66.594002
-44.354008
-46.085823
-20.751434
-30.891865
-44.013729
-35.874458
-52.292000
-52.196430
-53.005871
-58.406952
-27.138615
-46.317509
-56.498478
-47.604782
-70.072121
-50.716568
-49.212086
-37.697506
-28.470789
-27.176254
-13.417265
-15.467645
-8.514298
3.256575
10.524138
7.845321
0.674775
-5.922365
-21.921427
-15.748562
-31.379833
-22.907518
-15.676158
-14.210779
-22.222614
-42.488968
-24.152813
-14.659661
-46.071354
-37.174767
-29.617603
-26.707102
-37.347080
-50.066402
-56.546257
-53.062347
-61.496998
-68.036224
-38.199963
-50.270573
-49.704403
-69.688393
-78.001427
-74.303215
-63.606754
-70.568794
-57.972546
-59.898388
-65.367531
-84.530502
-47.137085
-35.230095
-33.037807
-38.420063
-42.972603
-30.553020
-39.565437
-32.872734
-34.452507
-22.710596
-20.894787
-27.374640
-28.527256
-31.560837
-22.083601
-27.491924
-30.848415
-37.551247
-37.344185
-65.868538
-59.278648
-72.979729
-8.224828
-9.292300
-10.720846
-12.149393
-12.022287
-12.584707
-11.301263
-22.903984
-28.357206
-29.841997
9.760232
7.158479
8.341810
11.216902
11.291142
2.488144
0.417316
6.715289
32.079300
33.254765
35.393078
40.548225
38.382900
32.661972
36.809254
47.170147
53.111553
54.524349
57.379192
21.630669
22.389936
15.397934
25.528236
19.413610
17.892828
18.266268
23.495653
17.634115
11.872675
18.203281
10.639853
21.401197
12.599325
9.513889
22.189711
26.691320
14.139239
8.610650
27.635056
20.829781
18.184156
16.013218
21.172857
28.649664
23.236942
12.818671
10.278783
-1.281192
-1.339684
-1.866109
1.638889
15.464290
14.018883
-0.314956
-9.801859
-19.014292
-6.582559
-8.474538
-4.791821
-9.926710
-14.572296
14.469929
27.437088
6.836776
12.825425
2.613002
17.468760
11.291142
0.344201
17.094191
24.464138
21.394449
17.154928
7.921124
14.132485
2.734485
1.157457
2.178814
6.607307
2.051706
-0.074238
-9.593759
2.710862
-18.153786
6.754662
5.346360
7.540921
5.825543
-0.957238
8.329431
-2.822222
0.398190
-2.660246
-9.102201
-3.357647
-1.713131
2.019085
-4.823314
-0.794136
1.541028
-0.887496
-1.095593
-10.526250
-7.368826
-12.113400
9.651124
14.947995
13.563318
12.207883
-15.590275
9.428409
20.367474
6.737791
10.247292
17.916441
19.088531
-16.301176
-2.834597
-16.531769
-13.532944
8.432928
4.149530
-0.730021
0.274464
-28.385326
-6.499323
-22.128971
-14.724153
-10.261915
-15.794998
-20.447336
-18.963675
-28.591179
-9.940207
-5.945902
-0.553425
-0.246338
-13.833282
-14.153860
-12.958152
-17.596991
-2.997694
-7.270961
-10.014445
-10.139302
-14.463188
-38.070198
-30.590014
-15.080728
-7.785017
-15.682515
-32.497738
-22.359560
22.804993
14.431693
30.102961
24.510258
26.630577
29.104103
16.167320
21.599167
32.745209
38.989193
33.861053
53.395020
53.455761
57.220600
59.906712
68.923409
54.995663
61.122665
8.544285
26.664318
29.945478
35.260349
20.738668
16.168446
25.894930
16.997448
-11.421622
9.802980
10.101065
8.049351
7.435182
-3.195677
-0.111356
-16.513771
-27.977016
-17.548624
-20.835405
-5.373356
5.073023
-1.565774
5.411607
7.029120
7.423947
6.498195
3.878444
14.042496
-7.062865
-12.485721
-4.601716
-2.744607
9.068450
3.922312
3.232788
-2.352037
-4.981913
-4.590474
6.751295
-4.120286
0.184476
-1.755876
-3.411640
-7.029122
-0.809882
31.483139
38.052200
35.930756
35.666412
33.361618
33.056789
13.718540
19.698189
34.046638
20.343847
30.482029
18.906305
11.233774
8.263077
9.456526
3.120306
2.412779
-3.647856
-1.434171
-3.657979
-10.330527
-13.955887
-12.107777
-5.877285
-19.880421
-16.676874
-13.928889
-14.414819
-13.023394
-10.349648
-6.422832
5.353110
-16.161697
-21.690283
-21.370831
-11.612848
-13.047016
-10.287782
-8.132591
-5.330613
-7.862627
-8.274323
-8.060600
-8.237201
-11.809689
-12.231503
-12.459850
16.635250
8.359807
12.588081
12.122401
20.295485
25.855564
16.584633
-6.667903
-7.085602
-8.050604
-8.274963
-9.884150
-11.905511
-18.151890
-5.421601
-19.078222
-21.469271
-20.676786
-21.822807
-23.047438
-24.482828
-32.017143
-30.999882
-37.798233
-38.003044
-39.557842
-38.709274
-43.415298
-47.304207
-59.309143
-44.485687
-56.513992
-51.323559
-49.535057
-44.197586
-46.408035
-52.426231
-63.314053
-51.487576
-60.222733
-59.185074
-65.774361
-61.702736
-61.446510
-63.713905
-71.167480
-67.279007
-63.730480
-56.787647
-58.193729
-60.263100
-59.822460
-62.052452
-60.517628
-56.489349
-61.100636
-61.178806
-57.682545
-59.447247
-53.658516
-49.727966
-52.039978
-49.319618
-43.572952
-39.847214
-49.343414
-50.134617
-53.165176
-45.356781
-45.103104
-48.146400
-50.077682
-57.382961
-56.252243
-55.228603
-53.852703
-49.870743
-46.087215
-45.211876
-42.129478
-47.075592
-42.885849
-42.602848
-45.325760
-40.397068
-37.748100
-41.795067
-36.455479
-39.694672
-37.657162
-37.529690
-39.992970
-45.763439
-50.888008
-38.064663
-32.493065
-34.632130
-40.129364
-43.364742
-42.340244
-52.120716
-35.210449
-35.688915
-31.490244
-34.017689
-37.073746
-34.049133
-39.167343
-39.723568
-37.488041
-31.346615
-26.936762
-29.377953
-30.933594
-27.722021
-25.215822
-26.311699
-27.758142
-24.121641
-28.243826
-26.738747
-29.466757
-29.220301
-22.448292
-23.961447
-24.937492
-27.174719
-35.595009
-32.286972
-36.592300
-35.692314
-35.232971
-35.001389
-40.536446
-42.269283
-37.374588
-32.549583
-32.435268
-28.810678
-30.718586
-36.790318
-40.793091
-37.170200
-46.018810
-40.201603
-40.522842
-44.518829
-45.731987
-48.440872
-59.759140
-60.441994
-55.152115
-48.416222
-54.184566
-58.124882
-59.348240
-62.971989
-62.946915
-63.423687
-49.764088
-50.384895
-54.702129
-58.976009
-58.178436
-56.596439
-63.843506
-67.283691
-64.330032
-51.172283
-59.306168
-53.780468
-51.105141
-47.580406
-53.932590
-65.047752
-60.444965
-55.500980
-57.510025
-60.737316
-57.006493
-51.309113
-59.688602
-66.094322
-65.029884
-41.789120
-51.276814
-50.114223
-47.589741
-37.204189
-46.086372
-52.936996
-55.723640
-47.293575
-50.855289
-61.343678
-62.145100
-61.132076
-63.008537
-65.342209
-69.044579
-48.318073
-57.048130
-59.428127
-64.954689
-65.023537
-62.571716
-61.021591
-62.618031
-56.798279
-58.203915
-61.496666
-66.648857
-59.640167
-60.727547
-62.732758
-55.820946
-53.483864
-53.912189
-54.408501
-59.973301
-50.299919
-44.388805
-47.595695
-45.889214
-48.809292
-43.681725
-47.447395
-56.950829
-46.915401
-46.399536
-46.074051
-45.793602
-37.732803
-45.205074
-43.527908
-53.009232
-47.869778
-37.224163
-43.351982
-41.732182
-41.631050
-41.334873
-47.644989
-53.105690
-51.242397
-48.269199
-54.085560
-47.661144
-48.012974
-57.580978
-65.961754
-61.493252
-53.012627
-53.735432
-52.001305
-54.537678
-50.076843
-68.077858
-58.021629
-58.185215
-53.743927
-52.619579
-53.777489
-54.088108
-42.401855
-52.894924
-49.578815
-50.418888
-40.150192
-39.890133
-40.147217
-41.102863
-33.641632
-34.878586
-36.450806
-34.621933
-29.480356
-30.131336
-32.828327
-37.372459
-28.025843
-30.070574
-31.183870
-34.267971
-34.812721
-33.026344
-37.481670
-3.522223
-4.840619
-7.240775
-10.310532
-18.148096
-24.615255
-40.434708
-16.217310
-44.530315
-52.652622
-63.269997
-57.382721
-64.104713
-69.310692
-83.620628
-43.332836
-61.731873
-69.015549
-46.800449
-43.280830
-49.118694
-52.837246
-67.105568
-37.526176
-56.229446
-34.118370
-27.159735
-23.030323
-28.242794
-9.702044
-28.840883
-13.251570
-12.584567
-1.977596
6.048498
5.923680
-1.275489
-17.040335
-16.299219
-13.229463
-4.043600
8.335537
-0.106615
-5.442612
-19.056923
-15.753139
-1.047959
0.275640
-2.752513
1.252086
-32.325397
-27.826733
-37.409149
-41.101707
-39.661098
-21.658615
-25.005310
-40.696045
-48.195557
-49.849407
-56.778130
-12.342732
-41.184921
-37.468967
-48.116245
-55.470139
-42.788055
-29.757523
-7.954584
-2.220730
-27.826733
-57.075878
-61.930798
-67.331795
-52.148144
-45.907211
-36.574432
-51.494148
-31.856030
-17.878956
-23.620605
-12.628776
-14.406140
-23.523092
-16.175701
-58.246056
-10.843611
-14.052488
-9.910071
-16.212109
-15.212259
-12.936922
-23.372274
-52.960758
-18.900904
-4.197021
15.922164
6.069303
-19.840946
-8.080697
-18.202703
-28.892891
-10.722695
6.391746
9.003835
1.365202
-28.615952
-5.567427
-7.369495
-8.596879
-19.289665
-11.097151
-16.581362
-21.345268
-16.534554
-4.948536
-18.473143
-9.952979
-9.226170
-20.788786
-49.679077
-49.607571
-18.400331
-19.254559
-20.383127
-12.190608
22.560957
12.684683
-36.238983
-37.184223
-22.867796
-28.914995
-2.266238
-27.579695
-45.164806
-57.572559
-56.176147
-48.265770
-37.587280
-47.614368
-59.452625
-71.129662
-69.889282
-49.957321
-47.922516
-40.599827
-50.629520
-53.473045
-62.250641
-60.287350
-74.514076
-46.303780
-26.582449
-26.124777
-41.906521
-33.853130
-33.850529
-37.101009
-55.826397
-65.091568
-66.207130
-46.800453
-79.886467
-76.707497
-65.492027
-29.241346
-54.517090
-68.477280
-76.101608
-42.253677
-60.041615
-33.622993
-33.305744
-18.487444
-29.695110
-45.332539
-41.978027
-29.494883
-36.669346
-26.770971
-25.717821
-9.793051
-11.550913
-21.857550
-19.671923
0.291241
9.084445
13.235967
15.872753
-42.478611
-14.988626
-17.903660
-13.492111
-15.666027
-2.811017
-10.924224
-1.907386
-54.730335
-15.920868
-18.384729
-5.453012
-8.115805
-14.976931
-8.663190
-13.243770
-22.723478
-20.229706
-18.382132
-13.607821
-20.492342
-21.549402
-16.020975
-24.590551
-13.417993
2.297443
-8.730798
-22.934105
-23.416475
25.258844
18.813791
-13.576615
2.848717
23.389170
14.921017
0.858129
1.438016
-15.195357
-21.698919
-44.545918
-31.521885
-31.042109
-28.378017
-41.204422
-42.491615
-36.110268
-32.268188
-48.221569
-49.879307
-33.498173
-29.008606
-22.467333
-35.018101
-65.397118
-38.011143
-23.269556
-39.834011
-37.151718
-40.715549
-21.373877
-35.751411
-44.155857
-29.816029
-19.414482
-15.983274
-33.902534
-39.092903
-37.510571
-27.709717
-19.142744
-10.870916
-18.166298
-6.537372
-13.629929
-16.578762
-20.839491
-4.749606
-8.877722
-26.586349
-16.052185
-25.895947
-17.223660
-24.660763
-24.291506
-12.012481
-11.077643
-23.839041
-17.811344
-67.957199
-52.682522
-48.542713
4.970389
5.719075
7.005565
8.829856
12.002186
14.716427
19.558670
19.235786
24.071978
28.015192
11.487591
10.634975
8.193169
6.737166
-2.019030
7.353674
-4.982495
-5.443613
-5.799794
-3.749484
-9.391873
-14.422805
-26.850794
-4.861415
-22.367754
-25.589527
-18.239891
-13.311880
-17.449833
-12.934515
-14.304749
-0.853624
-18.690922
-14.028280
-0.678057
-0.563027
-2.536654
-14.598372
-10.444274
7.796628
-12.357356
-12.990009
15.616467
20.684725
25.357456
10.202110
8.603837
12.224166
-2.508401
9.439301
2.760652
8.878284
2.272299
-14.417758
-11.600597
-4.851325
-10.706616
-9.795480
-20.320473
-6.331545
-8.418180
-56.315933
-48.746334
-23.487759
-22.952986
-14.691200
-20.429449
-10.179914
-17.731352
-24.450354
-21.181156
-11.204057
-11.180851
-12.230224
-29.137213
-23.028660
-18.049192
-27.090935
-32.684891
-20.765446
-23.923653
-23.567469
-35.361797
-17.198593
-10.329248
-19.149012
-23.153778
-2.896870
-11.736815
-12.613647
-25.612738
-13.477361
0.453044
-26.529928
-18.936111
-1.707246
-8.235547
-13.263451
-20.475863
-15.061509
-22.050928
-16.637587
-18.538561
6.235688
9.073027
6.286140
-3.664726
-4.502207
-10.928599
-14.510588
-5.191361
-1.876759
2.145159
-9.310144
-22.244659
-19.469877
-24.940731
-29.131157
-33.512283
5.023867
23.348513
3.552729
-5.454716
-6.202390
-13.580281
-18.265118
-22.901525
-5.713020
-4.348840
-11.336240
2.498313
0.673009
12.066766
14.854656
5.224660
3.652618
-7.718936
-7.237638
-11.076924
-12.919378
-2.624437
-0.393512
-11.120312
-21.041918
-4.827109
-8.679513
-12.302868
-13.645864
1.493337
3.582994
-13.266476
2.952370
-1.253194
-4.409379
-10.767156
0.861695
17.437729
25.536051
2.572980
8.579618
6.948048
11.031519
2.578027
-4.898746
-1.396470
-32.512352
-2.910995
-8.646216
-14.339058
1.206777
-18.265118
-20.222599
-16.856539
-25.940660
-19.096542
-21.867287
-24.491722
-21.517159
-27.276598
-21.135754
-20.627220
-15.856605
-13.299773
-8.183078
-11.260563
-5.019829
-11.060779
2.730382
0.812257
-13.186763
-13.953613
-9.348489
-17.505337
8.156847
1.110920
26.746862
30.926191
-8.021643
11.749932
10.845860
1.531681
0.719425
3.716188
3.058313
1.981697
-12.808387
-12.127305
-13.271523
-10.160742
-16.979637
-15.757728
-13.036423
-10.483627
-21.472763
-25.821600
-23.967041
-3.766638
-2.655717
-42.038433
-38.871143
-34.753361
-27.975838
-12.691339
-23.394934
-3.191502
-0.105944
-11.929539
-15.657834
-33.949184
-33.346809
-7.199298
-14.631669
-8.452486
-12.539989
-3.116834
-10.483623
-23.386854
-17.050268
-3.317629
4.958280
1.392431
1.296580
-2.001879
5.969311
-10.521965
-8.391945
3.204622
2.893840
10.136525
-4.059252
-15.670946
-3.355969
1.011026
-5.842174
-7.091331
-8.195187
-3.525485
-21.396080
12.290764
6.453636
8.067043
-8.120522
-3.074455
-8.095294
-7.782501
-23.835867
-16.017044
-12.585397
-10.441248
-17.353979
-14.762840
-27.117172
-30.348026
-38.271786
-33.037037
-38.392868
-39.727791
0.848577
-4.095573
-11.807446
-6.515943
-6.868871
-7.773920
-8.114037
-8.505399
-10.091922
-14.195226
-11.818954
-11.604884
-12.529769
-5.054639
-5.690653
-5.419552
-5.527827
-8.132635
-9.924964
-16.279736
-14.297302
-20.709518
-19.097784
-21.364128
-26.695242
-34.758858
-30.393957
-38.220364
-37.483097
-35.941620
-35.951538
-34.234009
-36.784271
-47.555183
-36.500355
-45.266113
-41.049164
-34.851025
-33.528564
-31.079973
-31.748640
-42.422848
-35.753178
-32.038334
-37.449211
-48.830105
-50.344723
-45.480175
-42.062897
-39.554379
-42.691059
-42.191837
-36.025108
-38.891094
-43.559334
-36.213966
-44.603653
-49.650024
-49.185925
-48.151108
-35.861862
-41.055355
-45.543819
-49.161129
-36.364391
-34.835312
-39.184505
-38.029018
-37.141331
-35.254360
-40.863186
-38.594368
-28.573944
-31.310581
-26.548948
-30.368340
-32.843380
-28.772724
-26.958492
-24.941759
-22.055933
-36.803688
-38.889435
-32.530125
-31.904026
-39.248978
-41.720306
-30.529922
-26.817568
-25.729851
-33.175640
-26.846083
-30.510494
-32.321838
-33.189278
-33.899265
-34.639423
-34.523712
-31.361414
-24.019352
-25.737709
-32.037922
-32.485485
-21.153774
-20.756628
-18.568392
-23.239109
-19.253588
-19.454845
-22.765095
-28.478891
-17.765419
-23.998688
-18.209265
-20.503298
-14.390700
-20.509083
-25.370317
-28.936375
-29.322777
-30.608854
-27.429613
-31.366781
-28.842978
-24.763645
-20.714064
-28.009424
-24.368565
-24.435925
-29.016132
-35.533318
-36.135025
-26.858892
-30.935751
-32.400768
-32.814865
-31.989576
-28.036283
-24.259459
-30.435287
-25.544712
-26.416288
-31.845345
-26.919640
-27.813124
-26.529520
-24.430552
-30.120792
-23.524260
-36.328022
-34.460068
-42.002972
-43.749428
-46.064537
-50.369102
-44.865246
-43.692394
-42.408386
-44.896240
-48.566856
-58.766220
-49.995098
-55.667564
-43.403111
-37.234726
-43.719673
-39.459740
-32.354897
-33.130188
-34.681992
-36.928085
-33.322350
-32.465240
-32.162312
-34.922096
-35.132034
-29.849688
-36.202805
-46.241413
-48.127556
-37.174797
-40.732185
-41.729809
-47.674622
-44.297009
-49.447105
-50.402988
-50.744762
-46.250507
-48.821846
-35.613911
-40.106918
-39.368828
-37.061161
-40.796654
-39.381229
-39.410561
-38.591057
-45.488029
-50.433159
-43.236149
-47.749420
-49.343796
-43.996975
-39.478344
-36.372242
-37.335560
-43.558918
-45.399189
-43.388237
-45.659534
-45.007820
-41.104946
-43.869690
-48.371384
-52.797859
-46.242653
-39.460983
-45.797569
-37.711220
-34.576607
-29.254173
-34.161686
-37.701717
-26.520014
-31.942049
-26.454721
-30.055908
-28.299942
-20.642979
-25.087643
-22.486139
-21.856325
-24.742567
-25.283941
-24.983913
-22.542345
-27.166779
-35.289906
-37.006603
-39.220875
-33.806698
-41.306206
-32.131332
-37.662045
-41.292576
-42.786518
-42.539398
-37.584347
-37.252911
-35.840782
-38.358387
-38.411285
-38.710491
-38.691898
-34.432793
-28.276392
-30.715067
-36.006092
-32.580544
-34.711338
-41.719894
-42.152161
-41.336788
-31.253965
-32.228851
-38.676193
-38.951015
-28.502861
-35.994934
-31.473406
-26.909725
-32.674355
-35.297340
-35.482895
-39.288239
-33.968277
-33.076458
-34.619587
-33.349213
-34.126560
-30.841112
-31.993711
12.038430
12.661808
13.762893
14.327215
18.305029
21.352367
27.632090
24.544067
16.215725
14.635623
-19.060955
-20.789356
-28.136040
-33.411793
-49.704952
-21.210629
-25.324932
-41.423855
-24.296028
-21.547909
-30.746357
-37.520851
-55.383598
-19.180384
-46.590687
-68.670105
-56.478123
-41.951424
-56.949280
-27.832880
-47.765263
-7.136700
-38.902767
-35.447281
-16.213099
-1.089270
-12.457078
-40.707298
-49.275803
-18.425770
-22.771046
-22.163410
14.819356
22.697554
21.654215
-2.874106
-13.329805
-5.748210
6.215416
14.930911
-17.398176
-8.914975
-28.328957
-50.878204
-43.891132
-31.773952
-33.329117
-28.482512
-43.834690
-24.769791
-38.030048
-59.917862
-59.089748
-31.991806
-34.424950
-26.231781
-44.085358
-28.195095
-21.761826
-23.936432
-23.675276
-55.252365
-60.180328
-67.579521
-75.511528
-46.200897
-53.262798
-37.489349
-58.828583
-33.008892
-47.392548
-42.492126
-39.576023
-16.369270
-25.965368
-37.658646
-17.487417
-9.649905
-28.095356
-32.691299
-37.337109
-15.150077
-17.798447
-54.681469
-20.106920
5.030340
-0.338592
-9.199759
-3.811140
-2.980405
-26.544130
-35.176941
-12.266782
7.103894
10.512136
-0.926537
-4.287533
-3.465989
-15.445362
-15.856135
-13.312746
-4.396461
-1.362248
-8.925474
-18.839165
-9.185326
-30.242405
-29.149195
-28.920837
-10.361213
4.413524
-6.210166
11.130267
14.698617
-28.052046
-26.723923
28.244965
35.594280
-18.029428
-22.356335
5.094647
13.693338
25.814451
14.106738
2.828175
-25.432545
-34.154598
-32.360584
-29.456293
-27.168818
-11.663091
-21.680460
-29.208252
-45.523724
-47.956856
-45.465977
-36.187466
-37.351547
-28.344711
-40.317520
-57.780006
-47.468651
-31.987858
-24.378704
-36.833157
-19.522911
-15.819387
-20.263092
-50.382141
-51.495026
-37.196686
-37.803005
-50.921524
-64.110909
-62.277512
-77.053566
-75.478714
-103.711868
-107.852417
-42.488186
-56.978138
-26.071672
-26.469326
-38.222973
-43.658833
-66.764534
-77.725517
-67.007324
-71.693817
-43.123386
-44.063038
-2.388519
-24.108360
-40.292580
-54.945267
-4.535566
-16.606815
2.015811
14.758986
-11.895382
-28.550751
-39.513031
-44.002674
-7.561914
3.094584
12.243162
28.882784
-21.250002
-1.234946
-14.911222
-21.100386
-4.442392
-4.947660
-29.044201
-12.659182
-31.284431
-30.842161
-28.552061
-23.549290
-21.847132
-15.134328
-40.502567
5.817764
-27.191130
-38.052357
-30.453695
-21.819578
-15.688146
-6.123552
-25.099199
-23.872124
-14.724862
18.845736
1.342559
4.355780
8.282402
-20.416639
-32.611248
-48.072350
-46.683857
-13.458420
-28.919525
-37.792496
-35.054897
6.347964
-18.084545
-43.359608
-46.256027
-23.838007
-22.910156
-33.035141
-24.428576
-22.666058
-3.896449
-28.074360
-41.128571
-26.437826
-30.615118
-14.400709
-23.219877
-36.968338
-30.519314
-18.217096
-13.436112
-15.660588
-25.478477
-22.498070
-29.389359
-2.843923
3.319001
5.451609
-8.229917
-8.556697
-24.049301
-21.179132
-19.123951
-18.154106
-25.416796
-23.208067
-18.503199
-18.618685
-32.396015
-33.054829
-23.841944
-20.927156
-37.320049
-39.552402
-15.899441
-12.321904
-12.464952
-11.831508
-11.975056
-11.973461
-10.805940
-13.828413
-16.434599
-18.236919
-3.315947
-16.747213
-12.785301
-13.002218
-13.525369
-20.235420
-22.144604
-22.152575
-7.722858
6.663800
6.539393
-1.054276
-0.835766
4.035284
10.214206
12.571573
8.439001
27.234158
7.836103
2.698693
-5.451614
3.051181
2.185114
-6.601596
-8.549053
-4.792891
-38.469154
-53.484226
-51.286346
-52.956291
-35.338207
-45.699158
-30.071619
-13.249438
-50.952995
-54.331154
-32.629955
-50.343712
-22.402990
-30.818060
-32.550201
-6.201256
-36.079876
-50.886002
-37.993839
-37.457935
-28.607426
-28.502161
-21.127012
-9.236488
-44.849037
-39.301716
-35.416367
-27.344208
-36.280842
-13.550889
-6.891877
7.651082
-26.355331
-10.600191
-25.872055
-51.665958
-50.257584
-26.663160
-2.890092
11.992599
-10.290767
-26.554699
-23.233967
-33.644356
-40.368767
-9.939872
-10.539577
-24.645514
-20.713909
-39.226753
-2.413196
-33.913902
-46.809254
-13.951229
-14.109131
-20.884577
-20.412466
-32.130726
-1.079799
-52.941929
-48.980015
3.965102
5.233102
-37.993847
-34.757641
-7.877573
25.393559
-30.425697
-27.602596
-20.037645
-4.151715
-37.280895
-32.389107
-32.773495
17.582979
16.273504
12.499801
17.785538
0.224891
-23.348808
-37.663689
-30.081182
23.651850
26.859344
32.014294
28.189545
15.637112
-21.631023
-24.406273
25.527542
23.414196
-7.370371
-4.083128
-31.349188
-14.198448
-61.119358
-54.378994
0.113240
-4.703575
-43.735744
-30.007816
-27.703081
-22.055285
-16.643541
-13.198396
-8.067374
-0.697003
-26.207001
-32.151459
-11.707094
-4.402130
-3.760947
-9.478922
2.242529
21.809654
-13.458385
-24.476448
-23.588053
-17.523962
-36.575916
-28.618599
9.828220
14.230350
-34.902790
-36.255322
-52.557552
-53.946754
-55.509830
-19.162003
-25.289896
-46.035694
-42.072193
-19.753740
-33.979301
-47.586018
-34.106892
-8.745243
-13.211162
-24.495594
-20.107822
-24.522707
-11.563550
-12.554032
-13.236681
-20.768143
-23.302546
-3.290432
-11.094632
-55.634232
-21.908550
-38.001820
-40.534637
-65.859604
-65.454491
-79.461548
-60.176720
-65.816544
-64.505486
-74.657478
-84.189034
-48.570114
-61.896107
-52.457054
-29.159288
1.957033
-2.386077
-10.660792
-43.204628
-20.111012
-22.765047
-12.475882
-23.111156
-2.982603
-5.682884
-5.395790
-26.800329
-26.178289
-37.091091
-20.254560
-56.305717
-34.982536
-25.324976
-52.386879
-61.838688
-46.925694
-48.399441
-42.123226
-49.165031
-44.408821
-19.595835
-27.814734
-50.308628
-47.436085
-40.692543
-45.244610
-25.120821
-11.022858
-15.292603
5.282550
-41.303413
-45.826759
-58.894367
-40.662231
-58.667877
-51.696251
-55.564056
-49.227238
-53.023281
-38.099113
-57.664639
-46.817234
-73.941345
-72.931725
-45.190369
-56.455654
-59.466961
-47.021389
-49.678612
-49.192142
-48.833279
-45.239803
-26.395208
-21.002607
-36.781654
-24.983648
-19.838272
-13.770995
-20.481047
-13.394581
-19.890905
-18.705839
-23.745955
8.244415
-5.497870
3.159640
-4.665297
-17.688246
-17.466543
-24.816179
-13.616288
30.664953
19.771273
27.857792
24.567358
2.038376
9.912752
29.149719
-0.383667
-1.374327
-3.309840
-5.306912
-6.065656
-7.757795
-8.329006
-16.851269
-30.302511
-32.747673
-44.448074
-39.981503
-38.801872
-43.311390
-52.716953
-49.037762
-56.685329
-68.073647
-59.588585
-54.280247
-54.559402
-59.166271
-58.869923
-61.512634
-77.510689
-92.195961
-84.035873
-78.863548
-79.682411
-55.823505
-61.685871
-65.745872
-87.222603
-87.550438
-66.255508
-75.688278
-77.825638
-81.778259
-83.928513
-91.205315
-101.937943
-87.165337
-56.086918
-68.132332
-67.085831
-64.141052
-61.044525
-59.572842
-67.823112
-50.128628
-52.559475
-56.749744
-58.278687
-58.254349
-64.725143
-65.012901
-65.425186
-48.244652
-47.935429
-45.110905
-45.079403
-50.463623
-50.546654
-48.185955
-60.808308
-42.568401
-41.835419
-44.868958
-26.640499
-35.191387
-38.350937
-66.800941
-77.892937
-57.756153
-51.325439
-40.416714
-35.230053
-45.901131
-58.410389
-54.321758
-52.641068
-49.007683
-35.441929
-37.998745
-30.928122
-39.025200
-51.070614
-45.872505
-42.399464
-41.911285
-32.840725
-47.341320
-32.368294
-33.278782
-53.429886
-34.044682
-21.244829
-19.033018
-29.172977
-51.188011
-30.156483
-29.432104
-51.822212
-30.617458
-16.368826
-7.470047
-15.214961
-41.603500
-26.915363
-21.263435
-29.918846
-30.597416
-19.960690
-13.230772
-31.258806
-48.688442
-41.350109
-39.479019
-42.919136
-36.458359
-20.444569
-18.328671
-38.305111
-42.524014
-41.391624
-49.314056
-21.897633
-19.479671
-13.681725
-15.894966
-45.325642
-48.493759
-38.648701
-45.421547
-47.188137
-55.373981
-38.491219
-44.138847
-43.506081
-52.490765
-41.740932
-56.610882
-53.303890
-75.862923
-46.198902
-50.024120
-56.828476
-63.438148
-39.579227
-47.248260
-57.495602
-82.392410
-53.537254
-57.147751
-57.058960
-60.003765
-41.888390
-50.841564
-57.416870
-66.695023
-54.260208
-71.967560
-57.973763
-76.177887
-71.390633
-98.051178
-73.293236
-85.141075
-82.687325
-76.814934
-81.278656
-62.384499
-60.676605
-83.659370
-57.560032
-64.078064
-63.462482
-90.204636
-97.534363
-87.733696
-85.383018
-65.619888
-45.785179
-54.766994
-52.887306
-89.402916
-83.931389
-67.312012
-77.307404
-74.537262
-58.155563
-66.269844
-60.852699
-99.017502
-85.765251
-79.692421
-84.098885
-77.573669
-73.666878
-76.266647
-58.051064
-74.783516
-67.323479
-74.026192
-68.344208
-72.243858
-67.395058
-68.873894
-48.340569
-59.262184
-52.519390
-55.431244
-56.228642
-66.699318
-75.323219
-66.298462
-42.891933
-44.260529
-48.588245
-48.758614
-60.327286
-63.773132
-61.851952
-60.851257
-26.377083
-33.676773
-83.592102
-67.085838
-77.376122
-75.278831
-71.956108
-73.997566
-45.736500
-52.191551
-69.931831
-72.554520
-61.043083
-48.051392
-40.014427
-38.035969
-42.399464
-41.287117
-49.362717
-48.151604
-46.060036
-27.861639
-28.372726
-35.039650
-38.445408
-46.071495
-32.949528
-36.643024
-36.949394
-25.860279
-19.964985
-32.948090
-33.612347
-47.123718
-22.783789
-39.530552
-27.303322
-28.422831
-21.694347
-34.571522
-24.783724
-41.288551
-28.537355
-41.663628
-31.379061
-34.873585
-32.399792
-42.174706
-31.785637
-51.123589
-44.513924
-54.610950
-56.862843
-38.837662
-44.134560
-49.125092
-24.136969
-25.400003
-28.492483
-28.838840
-36.420952
-40.741310
-49.486195
-26.113552
-41.566837
-41.016052
7.839921
11.871211
5.141982
0.506519
-5.222707
13.649879
1.692727
8.655041
7.289139
12.955857
10.548282
10.240991
24.196865
17.614765
30.599279
26.888296
20.363503
18.656452
20.588753
-23.018469
-23.183836
-24.282814
-9.726665
-27.416956
-27.677376
-35.001663
-30.035469
-18.157742
-23.737228
-38.697018
-17.588726
-40.732201
-33.844116
-33.025082
-33.518574
-17.765814
-22.642164
-23.638268
-10.415473
-18.359568
-27.627903
-27.251587
-24.118736
-19.216347
-16.427256
-13.185037
-13.744939
-23.324467
-8.729253
-1.330740
6.899816
-26.549759
-6.871168
-10.455836
-11.539184
-33.568058
-3.528684
-16.273607
-50.362495
-51.612514
-37.366272
24.446867
9.005302
7.742269
21.787983
17.096527
3.920611
-9.410249
20.993710
26.207298
10.277449
9.428480
0.335936
11.536576
-8.078210
-17.774923
6.227927
9.406348
3.757850
9.679788
-2.803415
1.261730
-14.856927
16.324387
0.584640
3.255241
-15.971520
-11.515745
-0.144532
-3.998737
12.849093
7.808675
-4.891978
8.208419
-2.886748
1.683612
-2.895863
0.792978
12.882947
17.048355
12.011844
-3.196648
-5.516984
-0.761728
17.435074
13.800929
14.178532
14.169418
5.902404
19.750208
5.587298
6.695382
20.216358
17.433771
14.656405
9.057385
-47.255699
-31.407877
-23.647387
-25.136980
-27.678675
-38.674885
-48.529148
-56.011002
-52.889866
-41.549911
-15.360836
-21.333553
-13.492327
-20.681198
-30.402660
-30.065413
-33.683949
-25.410423
-7.580807
-19.789265
-1.718765
8.002686
-1.268241
-5.388080
-4.136755
-16.476730
-11.313920
-15.346516
4.966199
3.161492
-5.500056
-16.204599
-27.803673
-43.948372
-41.371521
-23.340088
-34.777714
8.299567
14.909005
-16.819180
8.948003
1.342454
6.339903
20.595264
2.345074
-4.576874
-5.467510
-8.966237
4.459684
14.968910
6.902421
18.496279
8.649840
7.557374
7.401118
-51.902889
-31.708666
-33.314152
-35.790741
-59.971977
-59.100872
-53.320873
-48.470562
-53.194569
-37.176167
-40.447033
-31.015949
-53.932854
-54.875568
-20.133011
-16.303558
6.141989
-0.031251
-4.641977
-10.065209
-13.817851
-9.599058
5.363341
-2.352889
6.763092
8.608157
15.515787
-1.210950
9.231866
4.221398
18.885611
-17.480652
-19.149940
-6.561266
-14.179833
-27.989876
-19.939011
-42.668415
-32.871437
-57.059181
-43.668423
-48.868999
-50.759640
-70.628342
-76.597145
-25.010677
-24.832285
-20.784073
-20.501518
-25.653912
-18.906448
-17.802273
-26.814075
-52.441956
-23.817957
-20.412973
-17.178568
-10.971467
-18.787952
-13.117327
-13.819155
-26.347933
-11.535275
-8.290449
-16.449385
-3.119823
-8.347740
-9.684995
-5.918031
32.758160
18.703323
3.645872
11.820436
15.165526
3.748739
2.085958
5.967509
30.478180
21.239803
17.957218
17.248875
20.015833
12.764460
22.509344
26.569288
21.617413
18.329622
20.041878
6.494859
11.651164
13.810041
25.888290
20.302290
12.632942
20.222866
24.250252
17.166845
13.781394
22.876537
-1.343731
-2.614288
-4.160244
-6.547030
-10.089957
-12.765448
-18.240156
-8.811419
-28.082651
-34.543205
-40.856083
-38.777958
-40.370476
-44.320515
-55.796783
-45.344944
-42.763912
-59.640392
-32.720520
-34.235878
-37.845325
-39.528320
-48.552605
-33.635857
-73.426262
-59.563210
-38.149990
-32.834938
-39.919464
-21.124517
-43.606075
-17.759871
-49.920284
-30.162107
-13.942870
-11.967185
-21.916119
-48.243946
-72.476357
-36.089157
-29.367849
-24.120642
-19.719587
-22.268690
-14.799665
-25.381897
-42.757263
-35.129921
-25.244848
5.405527
-23.414183
-24.058115
-23.267838
-37.423580
-45.364906
-41.320404
-39.766460
-22.580008
-52.703533
-52.239216
-52.790016
-46.129898
-32.961330
-30.649050
-32.417187
-34.333000
-46.245647
-33.219433
-31.407389
-8.371051
-36.779652
-71.489174
-60.441296
-81.470032
-87.841431
-77.553253
-64.191772
-43.145752
-72.441742
-54.216225
-56.121407
-58.337887
-44.731621
-40.455624
-32.914764
-50.435154
-29.398443
-19.734222
-23.871849
-33.119652
-11.228801
-42.427319
-55.654427
-88.179367
-28.255604
1.794746
-1.672347
-14.907433
5.849886
-24.390717
-40.088421
-52.622372
-31.431339
-15.725648
4.691086
-6.904915
-31.376793
-27.879095
-16.084862
-32.133804
-18.959915
-15.399693
-19.297840
-17.267611
-38.314968
-21.760464
-14.231576
-17.548332
-22.566700
-13.539757
-30.296480
-11.343218
-14.222263
-11.183567
-27.127403
-18.784294
16.239195
2.249750
-45.877113
-34.962288
-33.734303
-19.859276
16.156706
6.398024
-8.847342
-48.784096
-46.580906
-43.339993
-47.105103
-48.829334
-29.012623
-31.496517
-44.226055
-42.283630
-58.538792
-46.281567
-37.676373
-49.891014
-52.277798
-57.026089
-83.042610
-64.656082
-72.465691
-64.682701
-54.357243
-63.307037
-79.497002
-85.374825
-108.662643
-113.963051
-100.551018
-83.230186
-86.283524
-81.423462
-85.702118
-82.622177
-91.120941
-112.999817
-105.433670
-61.634697
-82.595551
-41.273830
-41.684944
-24.320208
-47.707787
-62.930531
-60.824451
-68.069977
-79.076584
-50.111862
-49.664841
4.289295
-19.116909
-36.988529
-39.644066
-18.639282
-29.725729
-17.284908
-17.178473
-23.023037
-32.489017
-48.623123
-56.237148
-17.392672
-18.552803
-31.875702
-27.260447
-42.065437
-32.495678
-34.588436
-43.316036
-32.647350
-32.491695
-32.921421
-38.308319
-53.425953
-54.563461
-50.620079
-23.416842
-33.093044
-33.685081
-32.611431
-25.031979
-46.455853
-52.977596
-41.268520
-27.474642
-24.340162
-9.281058
1.628452
-15.812126
-9.189259
2.000967
-0.502902
-9.950265
-5.312393
-11.585358
-4.813485
-27.301695
-14.795677
-10.155149
-25.871485
-42.922237
-42.568344
2.148637
-10.787102
-42.268997
-24.377415
-26.365068
-28.787779
-42.326199
-24.326857
-37.351738
-26.487467
-61.029346
-44.257984
-43.487671
-44.311199
-43.165703
-53.037472
-71.474533
-63.656940
-55.528023
-38.279045
-43.260159
-55.460175
-58.478920
-58.270046
-57.560921
-46.161839
-48.345062
-23.710867
-40.781586
-49.135338
-41.807339
-30.361677
-47.070503
-30.309788
-34.605740
-19.911169
-33.426979
-31.197180
-26.548676
-9.285048
-23.078917
-31.113361
-37.742882
-24.445259
-18.198910
-28.210371
-11.196248
-12.152699
-13.851491
-15.352636
-17.647884
-20.380774
-23.250130
-19.136093
-39.742741
-45.230865
-35.353420
-37.195736
-39.105110
-43.916775
-43.963829
-37.706306
-41.373299
-50.267235
-25.478313
-26.695940
-30.277044
-35.281643
-40.485077
-40.389790
-44.413239
-54.831844
-41.001534
-40.314487
-42.697975
-44.900276
-44.567356
-44.137955
-40.133312
-42.493275
-37.722775
-41.927406
-45.824970
-64.082245
-49.761364
-60.347023
-41.127419
-44.826164
-37.032204
-48.242569
-48.669617
-57.502380
-53.873047
-58.094139
-33.876980
-38.291016
-36.763977
-41.515648
-44.927357
-47.506107
-44.203831
-43.662663
-36.362801
-35.646351
-26.127722
-34.632256
-44.329708
-32.879345
-26.733593
-25.227739
-21.983093
-33.462860
-27.694744
-20.801937
-33.418156
-22.016035
-18.994917
-26.046545
-23.798351
-35.734585
-40.914478
-38.368649
-48.266102
-24.804214
-47.122597
-27.367699
-21.410164
-18.801979
-27.547688
-30.974686
-39.181576
-17.732586
-18.646690
-15.967917
-6.483401
-0.896453
-17.613770
-23.805412
-41.476822
-24.440685
-10.704494
-3.542282
-11.413890
-3.502283
-2.254074
-6.455165
-23.216013
-18.541990
-8.012782
-15.133822
-23.914825
-22.308969
-25.050097
-5.202249
-6.031641
-2.411718
1.511733
-17.180838
-24.025410
-29.893526
-33.948734
-11.005664
-14.927940
-14.339715
-17.049076
-31.424089
-14.565592
-14.042074
-2.234073
1.121154
-15.167934
-13.722082
-11.583303
-20.149015
-25.695963
-26.059484
-0.170585
-2.217603
-5.583417
-17.886705
-36.847507
-57.460037
-39.465099
-42.415634
-24.981855
-27.977095
-37.814545
-42.079166
-45.486156
-66.542206
-57.482388
-58.583538
-28.825312
-25.232447
-45.114395
-43.457962
-44.139122
-66.078690
-60.454090
-60.243515
-31.925247
-33.375805
-62.992867
-60.618793
-64.172844
-71.066818
-70.431519
-80.810143
-73.537369
-61.104675
-66.423378
-45.740265
-56.188297
-60.159988
-74.489113
-56.168301
-64.216377
-33.368744
-30.759388
-28.554726
-38.075710
-43.009731
-56.209476
-62.345818
-65.772812
-55.940063
-54.876553
-35.679298
-49.026073
-52.208374
-54.644802
-49.766071
-42.595615
-70.553894
-57.542374
-45.841438
-74.053825
-71.778580
-71.086823
-49.066082
-41.746227
-74.527924
-64.701065
-38.792179
-69.164505
-68.726883
-75.893799
-49.580193
-49.140205
-50.028423
-56.836506
-46.552010
-44.029709
-40.442734
-50.207241
-38.547470
-30.857038
-41.547409
-29.105316
-40.478024
-37.009861
-40.145092
-48.166103
-47.600227
-38.149834
-44.744987
-21.725447
-22.023090
-18.164347
-25.787718
-38.729820
-39.545105
-48.306103
-49.514313
-39.752151
-41.708591
-34.846367
-42.773266
-59.445877
-55.014198
-28.860603
-63.268158
-47.808456
-50.104893
-41.512115
-50.743698
-48.593151
-37.998066
-22.116032
-41.047417
-34.062851
-34.452259
-32.185238
-33.984028
-31.917006
-26.558294
-18.310226
-28.727669
-21.750156
-22.291327
-20.774883
-13.406796
-17.921999
-12.413870
-14.087957
-8.125725
-10.256269
-24.932449
-27.021816
-20.029016
-18.898449
-6.079879
-11.036255
3.725799
-3.210534
-16.665552
-22.836020
-13.327969
-22.031332
-9.917451
-9.331579
-0.981157
-10.910370
7.999841
7.176329
10.878609
-6.906676
-7.101093
-7.407445
-7.340676
-10.458206
-13.015069
-17.944202
-3.993383
-11.948729
-11.672817
20.285046
21.258110
18.595201
17.906887
11.570698
24.598532
11.197571
16.302465
32.254395
34.649254
33.173458
34.438145
41.587345
41.292778
32.257339
23.140411
33.093922
31.485571
32.215126
11.454838
17.191088
6.975412
11.899632
4.416581
16.896519
13.577696
20.077866
8.459060
4.918334
-7.640159
8.463964
13.517799
18.315357
13.776037
17.375685
10.312887
3.915814
3.006574
14.183531
29.161427
17.185198
13.987149
16.662825
9.261268
2.150356
8.071207
2.641305
20.322363
21.944456
22.967592
31.371670
7.708889
2.528389
3.151893
-1.648609
0.284751
1.278433
-2.861255
5.355280
6.694586
-6.233096
20.129911
24.824366
26.271685
10.338409
11.106258
28.214867
22.640629
23.652962
27.151472
31.877348
29.187927
18.147457
11.236852
15.621029
16.761993
24.095798
19.334572
20.660137
18.915302
22.674009
6.662185
4.642418
18.398819
8.752645
10.769466
14.633238
15.954874
17.554388
6.510972
10.165598
7.708886
-0.411416
7.430030
20.420553
19.229511
12.846182
3.882427
9.165044
7.371117
11.266309
8.554304
19.228527
15.428575
13.152536
10.034025
18.174948
12.099939
14.585126
28.261993
15.272459
16.807165
15.188012
10.972718
36.990101
26.991421
2.361470
11.322277
6.898828
11.585424
-1.523909
-4.101390
3.967853
8.692752
-3.438609
1.614240
4.187799
6.651384
5.594859
4.665983
2.934895
6.625854
2.166068
-0.807122
7.634269
12.804946
11.014945
20.946852
12.866801
19.727329
17.881365
13.544306
0.378027
10.345287
7.786460
13.383277
6.810446
10.446417
-4.518707
-6.090722
-23.578344
-0.785517
-8.335349
20.729858
15.616120
14.471227
12.411191
17.480734
9.643225
14.375005
-1.035900
15.460981
17.007471
17.458162
21.318991
26.582945
27.238867
21.388706
10.999233
12.734245
16.227840
-1.161590
-5.842299
0.676528
1.618175
-10.705646
-8.942153
0.308313
6.522756
8.832183
2.548025
2.491081
2.346742
-0.282790
-1.576930
22.510033
22.168335
32.315277
21.022459
20.842770
26.473967
24.375645
26.741037
27.502007
29.872305
28.406330
22.305796
26.674267
33.179344
25.680584
29.141779
34.416546
19.145071
-1.681994
9.689381
3.844136
9.098277
8.481646
0.008838
8.339268
-7.846354
-14.223789
-2.687455
-10.921656
-11.003164
-21.746113
11.467596
25.373247
11.822059
7.116805
9.364368
9.390880
10.962896
5.275740
20.789742
30.963203
30.670597
21.047981
21.948385
17.672222
20.721006
10.571122
27.484333
37.727505
31.087902
23.126667
21.969986
20.166237
18.572615
5.754915
32.217087
36.020966
16.431099
17.521988
16.114922
12.713626
10.265752
1.903900
25.575516
21.401466
15.678961
10.892206
14.060794
9.424269
10.802851
11.498037
15.301910
20.929174
12.771560
15.954874
15.832138
17.720329
17.858776
25.021730
22.597425
29.222292
22.528688
33.332523
27.594305
31.456112
1.532709
1.548456
1.267634
1.990685
3.514208
4.359298
5.486522
7.385348
7.075656
10.118768
-20.750628
-15.383519
-10.159449
-11.151510
-11.827318
-11.819446
-22.482790
-18.703510
-27.567772
-19.110310
-19.434441
-24.335701
-25.915644
-29.273699
-12.874496
-24.483978
-31.769609
-27.344694
-32.137032
-7.016609
1.788601
-2.687491
-25.731930
-28.790789
-33.321987
-31.726292
-37.094719
-37.606483
-41.409386
-37.812523
-44.230728
-52.583210
-18.855740
-30.263126
-39.587990
-26.474667
-21.757124
-26.222717
-18.127434
-45.763447
-23.191412
-15.207678
-22.341078
-1.002560
1.927698
7.063848
2.905325
-30.143724
-21.555042
-6.515326
-16.332275
-36.292938
-34.178890
-11.591116
-12.053026
-20.724380
-10.387781
-9.830073
-18.280973
-26.651817
-7.729153
-25.847420
-17.664211
-24.371134
-32.738037
-24.049622
-43.847557
-43.591667
-35.341545
-30.936321
-29.281569
-25.951071
-21.321457
-26.344748
-36.870323
-20.977640
-18.969902
-11.865376
-21.666578
-32.101593
-26.826351
-7.305302
-27.142603
-20.918598
-17.966032
-32.345673
-28.928577
-35.212940
-39.043407
-17.135372
-21.286024
-19.635214
-15.159126
-16.193180
-31.033430
-32.331238
-14.943913
-10.117464
-13.067394
-9.570251
-5.599376
-13.058213
-17.279722
-22.329264
-22.596962
-18.821611
-26.061306
-28.414173
-33.290489
0.465850
-13.694654
-26.091492
-22.967014
-28.996815
-27.191156
-37.089458
-20.388445
-23.623148
-3.384295
-1.112787
-10.383842
-5.602003
-14.207738
-7.957492
-21.152178
-18.177303
-8.785518
-14.422949
-17.994904
-15.067266
-4.158524
-5.452410
-2.587759
-26.048185
-0.881833
-2.612693
-6.503517
-10.419271
-11.549120
-0.612821
17.708832
-8.927243
6.653114
7.771157
8.616241
14.665716
6.462840
0.283445
4.272689
-1.320125
10.709278
14.067329
13.787817
-22.683575
-12.310230
-59.300617
-24.682131
-39.526310
-23.549658
-37.405716
-30.089920
-38.413525
-35.947803
-62.371292
-43.394833
-56.149906
-58.830845
-50.449497
-37.758720
-39.699532
-33.374477
-28.382675
-12.542496
-13.071333
-21.261097
-48.559849
-49.222546
-49.912785
-54.190716
-48.987656
-48.065140
-63.989296
-67.696404
-46.479927
-44.604733
-37.307301
-28.548018
-18.371521
-20.409441
-33.108093
-33.214390
-14.115881
-11.206617
-14.644722
-2.943377
5.532451
8.012606
11.060963
-3.788468
-30.914009
-16.191864
-26.412991
-13.614605
-28.382683
-24.556154
-19.490868
-21.495985
-13.564735
-26.096735
-35.840202
-15.223425
-29.827467
-19.544670
-27.989008
-32.197392
-23.487980
-55.803474
-54.984646
-51.679073
-44.419704
-33.181583
-31.370678
-37.605183
-34.467587
-42.730839
-35.420284
-28.641197
-33.669735
-30.665995
-29.344557
-27.408995
-32.341740
-40.709972
-49.971844
-38.228504
-45.932728
-34.258938
-36.785019
-33.882328
-30.085981
-40.363525
-36.186634
-30.743420
-31.776167
-29.515150
-19.952778
-27.251514
-37.152447
-26.713495
-17.033014
-13.563424
-25.857906
-25.487856
-23.018190
-22.953894
-21.820112
-21.481543
-2.619252
-6.323734
-20.793934
-25.881525
-24.060125
-24.519411
-24.060122
-24.382933
-26.033754
-32.175087
-6.040289
-22.401443
-22.788551
-10.073500
-10.678739
-11.436852
-11.221321
-14.350260
-16.817574
-19.743511
-13.547036
-21.522888
-19.946508
-10.208835
-10.250186
-16.371477
-22.598028
-12.812730
-20.932682
-29.338335
-26.679304
-18.615740
-20.713396
-28.397276
-37.344254
-39.623608
-34.196526
-34.905766
-30.284414
-15.525652
-23.581694
-24.592934
-37.918171
-33.991024
-31.702896
-36.642529
-39.573479
-22.280998
-35.021042
-30.912201
-32.002388
-27.906069
-30.125269
-25.835987
-36.394428
-30.456083
-29.888445
-36.309212
-26.972527
-24.169394
-18.901447
-18.074408
-40.742607
-32.420914
-22.116840
-23.289730
-13.021997
-15.490564
-9.350476
-0.487446
-22.317337
-20.423931
-10.525862
-13.213715
-21.319887
-26.238218
-23.143114
-2.107679
-7.081145
-12.093462
-21.354973
-24.651825
-32.652737
-27.329659
-13.915445
-6.780410
-5.815538
-2.128978
-32.979782
-32.849464
-33.484776
-28.264446
-19.140781
-14.454267
-9.587307
-15.386558
-17.747353
-14.823922
-20.179579
-28.942364
-29.601486
-19.593143
-13.163596
-33.646420
-17.578194
-12.009509
-19.863808
-15.068274
-22.209572
-22.352423
-20.383837
-29.175434
-16.850153
-17.048141
-10.512079
-1.685391
3.539946
-10.161216
-16.966686
-14.391613
0.125310
-5.819298
-1.380893
4.350688
4.300567
-3.695329
-18.882647
-13.120990
-8.786591
-9.949447
-2.689107
-15.534421
-9.725144
-7.825479
-21.230911
-7.648793
-8.896862
-11.148642
-5.244131
-38.346722
-42.464344
-26.829674
-26.456257
-9.102366
-22.633116
-34.633850
-25.512688
-51.485252
-45.723591
-43.415421
-31.111443
-23.676926
-42.420479
-42.435516
-20.867527
-29.092733
-27.322132
-31.988598
-22.069225
-35.641319
-27.110369
-23.178198
-1.028776
3.548719
-18.144581
-12.456860
-12.055874
-37.419441
-31.442257
-26.176817
-8.119951
-9.761486
-16.554426
-21.020405
-8.468309
-31.615175
-35.801716
-26.827171
-18.437803
-24.039070
-23.779684
-30.367111
-16.969198
-19.366337
-36.500938
-28.205555
-27.802065
-40.182484
-36.833000
-44.952950
-19.786116
-33.137676
-26.234461
-33.795540
-45.546913
-41.797699
-40.874184
-44.711102
-35.917004
-35.889439
-33.328136
-40.781460
-56.924870
-46.346375
-43.934200
-44.806339
-48.257317
-47.877636
-33.665222
-45.912807
-30.154099
-36.959568
-36.840527
-42.625988
-42.504433
-47.806217
-33.987263
-43.693607
-11.968158
-21.359983
-17.840086
-33.070007
-17.639591
-23.456383
-18.862595
-30.532516
-8.030983
-6.437068
-18.227285
-21.250967
-16.323858
-22.240898
-20.819902
-33.252953
-24.307226
-22.723330
-27.729383
-30.120256
-25.643005
-18.424023
-27.744421
-32.320660
-39.539654
-36.408207
-22.651907
-29.389717
-28.055183
-18.713486
-16.040665
-21.094332
-28.775705
-27.243183
-11.800243
-17.684702
-16.214840
-13.604679
-25.683113
-18.251101
-19.699654
-22.131884
-13.965569
-20.536715
-20.645731
-22.034140
-19.614443
-18.183428
-25.720694
-22.163208
-23.141865
-24.841040
-18.289940
-21.054234
-14.807630
-20.431456
-19.312458
-14.212420
-15.466755
-23.678183
-17.269936
-17.539345
-22.658167
-20.695856
-25.463821
-19.773586
-17.286221
-22.134386
-31.647764
-26.706871
-32.022430
-25.833473
-19.392647
-18.717241
-8.023464
-4.351540
-4.056564
-4.086584
-3.932570
-7.638036
-9.599751
-16.159697
-2.953670
-10.209282
-13.370477
-8.919742
-9.773343
-12.007847
-9.698945
-10.080065
-4.055259
-12.609544
-8.243649
-20.452497
-19.807728
-19.809032
-21.119461
-19.631527
-22.014826
-14.859714
4.036989
-8.396356
-9.336101
-14.840134
-33.847778
-35.055092
-31.677223
-37.503643
-34.262829
-30.964588
-25.938259
-28.402466
-22.941517
-36.369423
-15.013728
-11.477935
-5.051122
-28.867134
-26.301100
-39.131226
-34.491234
-34.458607
-28.311117
-29.158195
-26.007439
-31.534960
-30.017006
-27.718555
-30.682674
-21.633709
-11.896911
-5.861660
-4.470313
-16.155779
-20.443361
-24.449030
-3.453559
-7.075492
-22.320244
-13.361341
-11.173821
-31.054653
-26.340261
-32.040070
-13.219073
-20.087042
-4.222325
5.612361
7.662831
-33.996574
-18.570400
-28.406401
-39.825592
-2.998044
-20.913239
-22.726164
-22.183195
-39.334843
-24.789680
-31.360062
-43.963078
-8.584309
-8.490333
-17.672422
-25.408348
-27.409218
-14.662627
-29.028967
-33.749886
-9.999143
-5.800312
-6.630417
-16.465107
-21.687214
-11.729838
-27.534517
-36.669621
-13.427907
19.074205
-0.708724
-11.953031
-11.476630
9.820334
-9.443128
-16.844925
13.025906
25.198206
8.588222
0.894062
20.302397
35.290016
22.412909
22.463810
37.867794
9.034600
-31.632845
-24.901932
-4.847517
-5.767685
-7.668053
-8.691336
-15.642834
-27.090752
-40.155807
-32.336349
-18.884951
-25.836451
-37.503639
-51.842567
-34.346359
-10.547327
-9.080280
-4.194914
-5.517084
-2.037416
-15.966521
-20.924984
-16.837093
13.412242
0.345883
7.913433
-3.383081
6.832724
-1.190338
-7.054615
-0.032627
-6.181425
-35.851257
-31.349623
-26.079222
-35.647648
-33.898678
-43.452751
-51.637661
-60.184109
-48.824951
-35.377460
-51.422306
-44.054451
-38.465580
-3.567110
-37.909557
-53.524986
-20.782711
-25.310461
-41.908691
-60.039238
-54.083618
-26.255421
-53.711636
-58.521297
-51.414474
-0.210136
-20.897573
-17.852541
-13.545375
-53.873470
-47.398369
-54.296364
-61.140831
-30.289793
-34.147972
-23.672436
-18.715273
-38.726620
-27.963928
-44.996796
-51.009857
-14.400279
-32.636559
-15.466633
-21.320456
0.728302
-9.744639
-14.490335
-12.760953
3.169025
-11.376133
-4.512084
-8.338920
3.928655
-4.740490
1.182516
-8.415941
25.859943
5.412670
2.216227
-14.165340
-10.034385
-1.224277
-14.846664
-31.019405
-21.418343
11.240389
-5.611060
-23.450542
-9.802056
-11.176435
-11.389178
-23.265200
-31.450121
5.971294
0.220578
-4.595617
-0.264958
-1.775074
7.656305
-1.114645
-17.761177
-39.551498
-4.799225
-23.895615
-26.797081
-29.949139
-30.163197
-17.197325
-20.814041
-35.471439
-13.203415
-56.481255
-45.841263
-30.199747
-37.570210
-37.636776
-28.440327
-14.385919
-1.617141
-32.081844
-14.773564
-14.590838
-15.770743
-30.490793
-22.658278
-29.286104
-6.426806
-13.091162
3.615409
-1.570155
3.992612
-10.204058
-10.565601
-30.328957
10.398533
4.615191
3.922128
2.887100
1.649773
6.023503
29.382679
29.758575
40.104908
42.741413
-28.681799
-25.417484
-11.226032
-11.350661
-12.277946
-14.166862
-14.753570
-16.273289
-16.380615
-16.216049
-17.688541
-22.821527
-21.184465
-1.141936
0.456489
-1.554062
-6.677026
-8.256846
-15.896935
-14.506009
-16.801327
-5.811272
-4.606375
-15.305933
-24.530144
-34.866222
-18.132156
-40.613102
-25.118277
-16.787014
-13.434191
-17.813040
-41.438782
-56.049252
-26.115685
-56.965099
-45.631603
-47.179951
-47.473301
-52.235649
-58.413265
-68.829483
-42.243008
-59.881470
-66.452591
-44.332260
-34.286671
-30.597570
-34.122108
-29.540049
-22.865883
-51.365608
-40.501488
-27.633965
-18.059172
-28.120501
-33.156181
-22.558220
-29.355461
-30.000839
-37.891350
-53.291729
-42.031216
-54.572475
-78.420021
-60.860264
-41.956810
-37.273159
-43.980236
-54.686951
-49.599751
-75.430672
-81.496658
-80.022736
-38.994648
-43.286201
-41.640553
-62.786381
-52.125469
-54.373558
-54.280548
-73.029465
-45.000538
-58.808216
-59.894344
-78.030785
-41.274231
-36.033913
-39.464012
-59.150227
-30.840832
-45.794739
-45.235218
-54.965992
-30.016571
-23.199314
-47.743752
-47.421780
-37.938568
-50.710217
-59.017143
-53.353264
-49.718533
-45.558628
-50.265175
-42.911278
-21.945757
-30.082399
-35.816399
-41.903870
-35.282642
-47.085491
-61.424076
-36.952618
-25.275686
-23.120602
-22.333555
-28.758728
-39.421085
-45.953575
-49.702789
-55.290833
-16.887188
3.604679
-8.163831
-20.019632
-16.725483
-48.291832
-51.906525
-81.837242
-59.589535
-27.676895
-30.626175
-33.365108
-36.593433
-32.718296
-36.531895
-46.214012
-46.926655
-48.535103
-50.305244
-54.579628
-65.084564
-37.188728
-45.799034
-46.756371
-52.549034
-46.381447
-49.077446
-62.464417
-71.833130
-47.646439
-67.387039
-61.854794
-38.591103
-45.049194
-55.936211
-78.213966
-75.799866
-43.698322
-56.437065
-55.100506
-55.207832
-40.312595
-42.451939
-62.656174
-37.092854
-26.708107
-74.270134
-43.237549
-47.912613
-38.095974
-30.453030
-41.380119
-37.185875
-27.343475
-59.190289
-40.719002
-51.955185
-54.588211
-31.447573
-25.843794
-13.965100
-19.010796
-53.722454
-35.707645
-43.575264
-46.126728
-36.765152
-47.274384
-38.186134
-52.430264
-73.780739
-58.665119
-67.222473
-76.578331
-41.543251
-52.384476
-36.623486
-39.584221
-78.587433
-41.151161
-46.317055
-58.796768
-40.165192
-43.933010
-42.625092
-47.730881
-55.896141
-54.897301
-58.590714
-56.283943
-51.092293
-54.460850
-57.775032
-52.072521
-40.676075
-57.513172
-42.809685
-36.470364
-28.300810
-60.005966
-58.563530
-52.789448
-42.248734
-52.616302
-46.857971
-45.135048
-36.156982
-31.603550
-36.642090
-48.343346
-49.519623
-39.302299
-43.642525
-24.717596
-25.484610
-22.081701
-24.935112
-43.649666
-33.051720
-24.863556
-12.216415
-24.266834
-14.915273
-24.266838
-27.306269
-34.883389
-27.892975
-23.423977
-14.075278
-22.792908
-20.152716
-55.081890
-46.867989
-27.373528
-26.532099
-38.734203
-48.691071
-46.999645
-59.978771
-58.769585
-50.980671
-45.157948
-46.805016
-46.946686
-54.563881
-49.687050
-59.930119
-63.746567
-51.547340
-43.041500
-47.114120
-46.056614
-52.634899
-51.923695
-69.783951
-55.981995
-64.347603
-59.233227
-21.619492
-24.856403
-45.455593
-3.464306
-3.656521
-4.346637
-4.605077
-3.119451
-3.860851
-4.561870
-6.248189
-8.068980
-7.092157
-10.977641
-9.884924
-6.460998
-8.000329
-8.962617
-7.932894
-8.245850
-8.533364
-19.506964
-20.438154
-22.569475
-23.624237
-31.641125
-27.918377
-36.184017
-38.793045
-44.911610
-41.238529
-39.885357
-42.017082
-53.812843
-42.563034
-47.015068
-44.332546
-49.032112
-50.218914
-50.875111
-49.636223
-54.438347
-44.648323
-45.367519
-48.635162
-36.643555
-29.919670
-33.025394
-23.399313
-16.423048
-14.475870
-24.481936
-22.883642
-20.434923
-21.440414
-23.527321
-25.915464
-24.738354
-27.868704
-29.777122
-31.567631
-21.929436
-24.617613
-24.362408
-35.583950
-28.337933
-31.097588
-23.728012
-31.366526
-28.953342
-29.982664
-36.887859
-31.443254
-29.339396
-31.528860
-28.388006
-24.408035
-25.464809
-26.921770
-29.617214
-30.271391
-26.520378
-27.560596
-26.011173
-27.632879
-30.935665
-26.505032
-24.512218
-25.031925
-23.037497
-31.161800
-24.852633
-26.235689
-26.937109
-23.899632
-27.640150
-29.939461
-31.964577
-28.522886
-25.922331
-28.798281
-31.498978
-21.892689
-17.470537
-17.172928
-21.571253
-16.966581
-14.393890
-16.390339
-24.457703
-14.677773
-14.407620
-14.428620
-14.162911
-12.159196
-17.329203
-13.206683
-14.393086
-22.268637
-25.695389
-22.428547
-21.146849
-14.282038
-22.232697
-19.825573
-16.038618
-19.840109
-30.185783
-31.672625
-31.495346
-34.546963
-25.870642
-27.651865
-32.635311
-30.978870
-29.694744
-33.870975
-34.193619
-31.228428
-22.514963
-22.959158
-21.493721
-27.730196
-28.967886
-28.430819
-21.604771
-24.208548
-20.808451
-19.264675
-16.005104
-13.814017
-21.137157
-24.521503
-24.635788
-21.802233
-20.808855
-20.721632
-27.949064
-23.302803
-17.215733
-17.786318
-22.581591
-26.546625
-17.313856
-20.348913
-20.665903
-28.189737
-26.098795
-34.076920
-29.838909
-34.633778
-29.938248
-26.478386
-29.023209
-39.400383
-34.137493
-33.069813
-35.544773
-39.480331
-38.277370
-46.040676
-53.364208
-52.718109
-51.107304
-55.343300
-47.971294
-54.788048
-56.426723
-42.313076
-40.058590
-51.538982
-46.513943
-45.770920
-48.374302
-48.573788
-52.870354
-40.892467
-41.799427
-30.276234
-31.402468
-30.227777
-24.421360
-26.130295
-25.526997
-24.057934
-24.765408
-25.292789
-28.940424
-29.120930
-27.185865
-30.065851
-32.335682
-24.178667
-21.545410
-30.709934
-27.970467
-30.928398
-30.067867
-37.088146
-29.710899
-30.826633
-35.126827
-47.045761
-34.036942
-33.331081
-30.232624
-30.408278
-28.675920
-31.542192
-38.220844
-42.171337
-44.023228
-41.577332
-39.020390
-44.930988
-30.456337
-30.428068
-39.102768
-40.701866
-44.957245
-40.144199
-26.662115
-32.717693
-30.215261
-25.390911
-37.515789
-44.274799
-43.228115
-40.909424
-29.270342
-32.484283
-33.632324
-32.351429
-41.560772
-41.700092
-39.261475
-35.978878
-31.684732
-31.257904
-31.555916
-24.604692
-24.833252
-22.496386
-20.692560
-22.013830
-19.819918
-17.955521
-14.785993
-12.987010
-16.432337
-15.014150
-11.428294
-15.094912
-11.701675
-13.086347
-18.620596
-27.442682
-23.207098
-25.122784
-25.480562
-25.730927
-22.383724
-29.003014
-7.449052
-7.689744
-8.326915
-8.183077
-8.458388
-10.104483
-14.737370
-4.363347
-15.220401
-15.356408
-21.128456
-19.644743
-22.176943
-25.100676
-34.958286
-24.015921
-34.225910
-34.837528
-31.659092
-29.338322
-32.847298
-35.949898
-39.287010
-37.060207
-44.236423
-43.765766
-35.253792
-33.740822
-34.848656
-39.027771
-43.875805
-37.667297
-47.963017
-46.496613
-48.681377
-44.388512
-46.531639
-55.008163
-57.544903
-52.392712
-49.707195
-62.360359
-53.191864
-55.116974
-51.368961
-52.950340
-60.701488
-57.447632
-58.406685
-50.071938
-55.763626
-54.837547
-53.682720
-47.029922
-50.155193
-50.995136
-52.654835
-42.623302
-44.791580
-41.265705
-40.327667
-52.745514
-37.187561
-39.016651
-36.022438
-38.379890
-36.294865
-39.540070
-53.999660
-52.500282
-42.601044
-44.164715
-39.532650
-40.268730
-39.887093
-38.221210
-44.011806
-38.319305
-45.520657
-39.353779
-32.335831
-37.998241
-42.350464
-36.926682
-33.666218
-34.322762
-26.610765
-21.453634
-24.781677
-28.169487
-33.863220
-27.937860
-30.796064
-30.410301
-28.970278
-31.408918
-36.531433
-37.802479
-29.973436
-28.966566
-29.062595
-30.421022
-30.778347
-27.170454
-27.498932
-27.815048
-26.383675
-25.768759
-19.730881
-19.564785
-19.677301
-20.435230
-18.216259
-15.944120
-22.906849
-32.552612
-26.694431
-29.043228
-28.659521
-22.448132
-26.497427
-19.927061
-23.669310
-26.396866
-34.652473
-37.677597
-43.715065
-32.953632
-37.367249
-34.079601
-39.265167
-34.510288
-42.387558
-42.856575
-51.120018
-38.846432
-38.585957
-33.822014
-32.393528
-36.508762
-33.563183
-37.391155
-40.353222
-52.090611
-43.972237
-39.376038
-44.443741
-45.114296
-46.330933
-51.119606
-45.052467
-53.241314
-38.603683
-37.617428
-39.298141
-43.215546
-36.927090
-43.185879
-46.660641
-55.914875
-49.065079
-42.415173
-50.978657
-52.234444
-47.568180
-60.235767
-55.337471
-68.965355
-68.056572
-43.432327
-55.505211
-47.487400
-51.303417
-50.848003
-52.628048
-54.872986
-58.540215
-44.425594
-59.245804
-49.300407
-47.102047
-45.837185
-43.760399
-46.039955
-50.243385
-50.500572
-50.823689
-55.445854
-51.551529
-57.027672
-59.943977
-63.251003
-61.983677
-53.951843
-57.500797
-49.356056
-48.861076
-46.287243
-46.606243
-51.113834
-58.179996
-47.685226
-46.323101
-53.372787
-55.575684
-44.842274
-46.194511
-46.647457
-47.644424
-34.936443
-32.596710
-37.291832
-45.755165
-43.835411
-44.186142
-48.065628
-40.453785
-36.306400
-52.519245
-54.137306
-65.952187
-49.392319
-48.805428
-45.362404
-48.199585
-44.237663
-50.846767
-51.607586
-53.133339
-47.530270
-48.025246
-53.165890
-45.133659
-48.176914
-43.602135
-41.943684
-45.979374
-44.115257
-41.670017
-51.218105
-48.717640
-45.239986
-44.707920
-40.944645
-45.832653
-48.792656
-35.379490
-39.237137
-42.692944
-36.938633
-40.514370
-40.647491
-38.764000
-38.257893
-34.166149
-33.768433
-37.525517
-38.378651
-36.312588
-35.552181
-33.478695
-32.543137
-33.614704
-39.500088
-35.392681
-29.122362
-28.258097
-29.921087
-27.657606
-25.972359
-26.556778
-32.666367
-31.617464
-30.950619
-27.364986
-31.583670
-32.308620
-26.588512
-24.441666
-29.800741
-9.291753
-10.514911
-13.189406
-14.332967
-18.316854
-20.841438
-27.034172
-9.676479
-31.004793
-32.997395
-58.620029
-51.052898
-60.384449
-64.097702
-80.451141
-48.889160
-57.772308
-66.716492
-21.988981
-17.745071
-20.715405
-23.533184
-13.611276
-7.418546
-25.472723
-26.715782
-23.334194
-18.745359
-24.408760
8.631089
3.969290
3.705293
-7.736924
7.768778
21.377403
21.866919
21.679873
-7.423851
-18.225309
6.512453
11.134450
-5.963222
-8.140233
4.290337
1.866579
3.441291
-3.214432
8.799572
-1.334594
5.760247
-15.262936
-3.902965
-16.751425
-14.826475
-20.428854
5.646159
-16.536516
-30.785898
-10.472451
0.206958
-4.310240
-3.554057
2.889413
23.257242
13.721385
12.396083
9.006526
16.241995
17.246264
7.134643
-10.278768
-31.855160
-41.345909
-35.407898
-43.916931
-27.034172
-35.143898
-42.423138
-53.926411
-13.170836
-22.766380
-15.956762
-11.296293
0.018577
7.149234
6.861355
9.823733
20.627850
6.668997
3.051264
10.457865
0.797309
9.775977
-2.532539
-14.354195
3.230355
1.963422
3.110959
9.769341
-3.409452
-9.505338
-11.204753
-10.525521
-16.033710
-13.182769
-17.803446
-33.218941
-18.072750
-23.064875
-35.058983
-11.578873
-1.816161
1.370419
-5.297252
-13.551580
-10.215094
-18.826283
-28.531939
-27.219904
1.439400
-3.089731
-12.006047
-2.365384
-1.083854
-15.147522
-24.079754
-2.048326
9.309002
-3.689372
-12.922752
-19.230904
-18.278381
7.320374
-10.866466
-45.071106
-58.994144
-17.217070
-22.089804
-36.026108
-42.746849
-19.398062
-24.016081
-32.413673
-33.762867
-12.711824
-13.989368
-17.454538
-20.003000
-11.474072
-15.534896
-16.503344
11.655816
-14.798615
-24.331810
-29.280161
-30.129215
-13.598007
-19.214985
-7.931951
-12.401387
-26.433205
-25.290976
-23.485424
-53.914463
-39.878651
-76.703384
-46.196091
-60.490593
-61.630161
-28.534594
-36.345825
-1.999248
-3.031370
-18.316856
-2.970327
-11.101283
-0.571782
-32.306217
-31.741079
-30.000536
-32.438877
-0.644743
0.583718
-4.217377
2.204873
3.251592
2.036390
15.725939
17.628330
-23.247957
-12.312502
-15.487131
-13.958853
-8.390968
-8.454648
-5.737698
10.012114
-39.682316
11.687654
13.706797
5.547977
-28.286516
-26.037868
-17.069826
-23.214792
-29.044024
-21.468945
-22.014189
-13.320748
-26.503510
-28.049046
-18.237251
-19.314478
-4.157674
-0.346249
5.128772
9.432378
12.678653
-9.419110
2.763381
-13.994678
-13.978759
10.082427
3.983887
3.276792
-0.627500
-36.424107
-42.458969
-26.353605
-23.572985
-20.517744
-9.921903
-12.324448
-16.162399
15.375700
12.216986
23.232037
22.012863
8.834069
12.175862
15.614495
22.700058
26.211657
41.083237
18.827614
17.177273
22.808840
20.397020
30.642624
11.464787
17.576591
5.513495
4.440246
11.474071
10.277444
2.271196
-0.768123
-15.201911
-8.816816
-16.484764
-13.558211
-25.710192
-24.927477
-21.528629
-31.388182
-34.134327
-32.740032
-10.999133
-15.473870
-13.214608
-11.041583
-20.410284
-12.434552
-19.070381
-21.512720
-34.298828
-37.348751
-23.033037
-23.193556
-21.979681
-4.015425
-4.528354
-6.675007
-9.160913
-7.464664
-7.762230
-9.193333
-24.576532
-27.449162
-32.117615
-16.565365
-18.787281
-13.849050
-11.795023
-11.749868
-13.495905
-31.560682
-29.887596
-25.685755
-23.326054
-20.863306
-17.286707
-35.144230
-13.346543
-44.241459
-34.129955
-35.093285
-24.884521
-28.346491
-37.639397
-52.258411
-47.210190
-63.997868
-53.981304
-47.080509
-41.500824
-51.968941
-45.757095
-47.950062
-41.693031
-70.496880
-46.733162
-28.140396
-25.956688
-25.703123
-23.513628
-19.893021
-16.939350
-36.854382
-43.936947
-33.877541
-40.451809
-35.977875
-34.694981
-39.776794
-45.781406
-32.370026
-37.260780
-41.007580
-49.146114
-50.275013
-9.137750
-37.229519
-39.181660
-42.079758
-29.068995
-53.324791
-50.565643
-13.865257
-11.470823
-27.566101
-24.170124
-33.896065
-16.079067
-26.308680
-20.799627
-6.991099
-18.258142
-41.100212
-36.956272
-27.501261
-27.636734
-8.389788
-22.146202
-30.898394
-31.257322
-35.363064
-30.495461
-27.710833
-28.483122
-10.779588
-31.346483
-28.419436
-39.845104
-42.203648
-28.635952
-13.171706
-9.375114
-28.943945
-36.950481
-28.688063
-32.526333
-28.927734
-21.292871
-16.045490
-17.828577
-15.328781
-25.163561
-30.762924
-36.861320
-20.536793
-10.130033
-18.316032
-13.567692
-7.619814
-27.745571
-17.697744
-18.776857
-12.380895
-31.411325
-9.382062
-3.511759
-31.244591
-31.573421
1.191430
-4.812025
2.252017
-5.784623
4.962545
0.796601
-29.979069
-26.361940
-16.654518
-35.455696
-23.518259
1.492466
-16.685783
-23.784567
-18.275511
-24.192129
-23.950140
-39.801105
-34.264267
-27.898405
-37.728554
-28.689217
-24.727051
-38.691887
-35.065498
-56.183537
-57.782516
-55.010632
-55.903328
-59.980122
-68.491470
-95.787811
-76.645058
-74.736931
-67.693726
-72.439751
-58.109039
-85.102013
-71.828392
-52.693764
-56.779827
-29.063204
-46.801472
-40.755177
-40.999485
-59.833080
-61.073132
-40.134563
-39.959724
-34.697304
-29.602766
-35.682632
-35.107182
-40.121830
-45.612358
-43.619694
-38.892189
-55.824596
-40.578022
-58.466816
-54.622749
-38.431362
-54.736210
-50.005249
-54.296238
-44.829655
-42.635532
-58.912590
-55.943863
-38.014545
-55.022209
-57.838093
-59.169632
-59.022583
-58.510807
-68.349068
-40.554867
-57.567158
-66.325134
-73.341713
-67.990112
-56.851608
-57.780193
-64.010612
-59.916439
-54.775581
-56.147640
-49.831562
-30.173584
-16.811991
-27.540628
-18.779175
-34.211002
-38.185905
-10.761064
6.039348
-22.726290
-18.987591
-27.476955
-16.736723
-13.249283
-22.259676
-20.417532
6.216496
-33.278931
-27.757151
-19.777246
-22.713551
-3.027779
10.420657
-2.019291
-24.101814
-25.522495
-1.171739
0.021999
-7.473926
-10.632541
-27.268538
-26.190577
-33.793026
-32.381596
-11.301776
-30.185156
-23.463842
-37.598877
-39.563744
-46.737785
-31.624372
-33.101788
-25.727434
-40.168144
-43.608112
-42.075115
-26.551823
-43.437920
-33.328724
-29.940855
-27.268534
-27.268539
-30.655249
-29.005310
-34.622040
-33.950485
-25.821224
-23.797298
-6.230392
-14.242719
-22.742500
-27.784937
-32.433697
-27.003391
-32.786850
-29.596973
-5.994193
-12.988767
-35.551796
-20.889301
-22.281919
-25.611891
-27.619291
-38.350803
-45.874336
-62.909466
-38.446217
-59.625393
-63.483181
-22.095917
-18.006231
-26.006849
-33.758656
-35.158524
-14.248692
-52.535480
-44.846474
-31.565252
-27.090263
-28.901999
-40.040550
-16.903486
-19.514799
-25.975441
-30.224566
-37.337433
-45.338062
-43.092716
-81.151215
-60.659298
-70.684242
-71.020004
-76.809097
-81.255104
-95.318993
-95.918083
-112.619850
-95.038773
-90.446625
-81.343269
-57.673546
-75.456337
-75.556587
-96.477303
-90.522736
-70.144348
-67.414658
-67.309578
-61.765663
-62.467411
-58.211029
-62.756077
-50.031662
-46.198032
-34.744244
-40.592518
-46.438381
-39.040474
-30.115862
-24.629932
-33.373363
-53.680500
-48.070152
-47.862411
-57.915115
-56.563557
-42.506920
-38.232437
-38.290409
-47.643780
-2.852878
-5.269731
-23.093580
-36.233482
-20.187557
-33.437378
-45.940765
-27.788387
-24.282076
-23.214363
-23.343596
-35.889256
-39.691475
-42.834236
-52.426777
-38.518692
-29.104916
-24.680660
-32.870907
-32.969952
-23.755463
-51.043819
-60.731762
-49.344406
-45.188293
-20.721413
-25.446415
-41.549122
-32.409515
-67.462959
-52.106701
-55.507919
-34.031628
-34.015926
-37.719112
-41.754444
-11.506931
-25.093733
-16.201738
-14.061475
-23.173296
-22.871338
-39.586403
-33.948284
-1.995324
-13.033622
-11.058828
-4.882023
-13.164065
-41.360699
-50.430241
-24.365417
-19.038918
4.112637
2.085909
-39.068249
-59.289623
-62.175110
-65.600494
-67.779419
-67.793907
-63.382935
-72.971840
-75.421318
-104.887375
-57.907864
-57.953777
-81.308243
-70.765167
-74.562553
-68.537933
-66.611450
-80.206696
-44.032398
-48.389027
-58.110794
-30.989117
-43.607239
-32.178822
-39.538078
-45.092876
-49.698299
-51.710537
-41.884895
-28.480471
-43.952682
-37.986038
-65.926613
-83.316841
-93.003601
-64.978477
-78.039894
-37.011322
-29.630320
-29.684671
-33.177696
-46.106251
-41.905430
-52.693699
-59.376587
-56.463318
-46.450462
-41.194019
-57.560024
-49.352867
-55.116600
-48.253742
-46.282578
-50.020790
-46.885281
-68.589874
-78.969902
-70.650414
-77.030144
-74.021446
-71.628754
-108.287399
-100.810966
-88.690453
-98.885696
-93.003601
-93.578537
-78.120804
-82.739517
-121.089111
-92.532539
-67.726280
-82.935188
-81.628319
-50.489426
-57.671139
-50.381924
-70.263924
-51.038986
-29.845314
-37.511368
-37.495659
-28.007006
-30.097744
-26.011681
-38.966789
-56.893303
-62.856323
-30.333269
-52.452129
-39.283237
-40.162540
-31.876869
-55.330383
-46.754829
-65.182594
-46.563999
-63.670399
-62.686020
-76.685898
-33.883064
-53.961926
-21.469059
-51.617542
-29.582006
-31.344223
-41.758072
-57.730320
-74.190552
-60.629101
-26.381271
-47.775448
-31.911892
-42.686878
-28.499794
-51.543854
-82.728638
-76.923843
-52.599491
-75.777634
-56.376350
-66.851814
-61.826046
-56.831703
-84.275871
-98.348221
-69.720398
-96.199493
-78.974739
-72.948898
-79.733238
-69.320595
-35.336079
-50.256310
-46.705311
-48.902348
-41.650578
-24.493446
-34.645203
-27.724371
-9.013988
-4.877190
-7.855682
-20.977470
-17.645090
-6.328992
-9.301448
-15.311577
-2.155967
5.145325
6.644237
-25.537008
-23.929390
-6.861645
-16.819344
-18.091928
-20.429193
-20.141411
-21.192965
-24.069681
-29.549566
-19.725607
-22.992964
-19.200378
-7.310524
-2.413862
-7.936418
-11.578001
-24.544577
-13.674538
-5.131919
-6.681339
-21.035397
-13.942625
-15.321348
-15.896909
-35.507626
-24.059835
-10.048272
-30.045250
-41.801617
-27.682816
-19.057032
-28.485981
-47.592262
-46.053776
-29.495949
-40.605625
-56.868004
-42.753582
-31.336439
-19.749680
-32.214012
-42.325748
-24.190048
-55.721268
-62.955181
-50.069580
-38.973034
-29.630531
-47.323063
-45.163063
-34.154068
-58.409775
-58.385689
-48.064953
-41.827873
-32.455830
-50.252316
-56.998207
-53.274570
-72.624870
-56.574757
-41.145077
-36.662029
-70.174881
-33.210846
-30.791512
-40.557480
-48.966610
-34.805130
-45.903866
-61.820469
-69.706558
-33.492069
-11.669915
-22.573875
-20.630529
-12.444628
-12.051803
-15.608036
-24.080627
-10.694963
-15.423113
-17.166214
-16.567671
-25.547985
-4.233563
-9.734234
-13.972165
-6.225050
-16.923296
-15.908948
-19.998070
-18.171806
-13.248885
-11.759644
-3.525597
-7.089488
-7.898125
-29.263975
-30.512482
-11.669920
-12.761958
-5.740308
-8.341284
-21.916248
-29.358082
-38.270538
-36.073345
-16.592842
-26.717710
-17.971565
-11.674299
-28.968525
-31.315647
-38.309944
-30.702885
-15.268827
-34.851093
-27.724400
-34.462643
-40.512611
-19.770472
-7.959397
-4.742373
-1.013254
-9.623719
-20.681959
-30.050726
-48.975361
-39.226906
-30.147015
-27.218866
-17.458376
-28.348099
-54.465088
-47.716995
-34.667267
-47.864719
-30.860449
-20.750895
-13.980927
-33.423130
-43.839062
-48.766357
-34.790913
-58.047581
-28.008900
-20.756363
-30.444645
-29.619591
-31.365982
-43.717602
-35.700214
-59.363926
-15.283049
-14.473330
-23.897892
-18.663113
-17.606092
-18.063480
-24.200996
-18.461782
-25.492188
-18.475994
-13.012536
-6.198789
-3.044138
-34.691338
-3.673316
-11.011195
-19.526463
6.341039
14.141773
-5.872709
-1.327296
-23.199776
-12.694114
-26.749447
-21.886703
-18.651079
-13.222626
-22.140566
-19.673082
-41.904476
-33.063126
-47.072495
-31.643909
-45.447578
-46.109577
-40.183250
-42.810497
-34.974731
-24.322447
-37.738747
-24.669317
-37.180702
-41.286217
-32.917583
-35.750546
-20.425915
-19.847069
-31.791634
-42.186779
-45.831642
-35.507629
-41.333286
-28.988226
-34.799671
-24.428593
-27.033949
-36.357838
-53.930012
-37.704830
-37.946655
-41.374859
-43.914558
-43.029339
-38.904099
-40.699726
-38.230057
-79.672783
-67.146088
-70.334648
-62.414639
-58.728195
-55.992626
-67.680054
-51.710915
-54.174026
-43.700096
-54.328304
-48.530010
-38.749809
-39.368053
-41.684528
-26.805252
-37.964161
-50.970135
-41.511654
-29.121727
-38.911758
-36.450844
-44.052437
-23.258867
-33.284161
-45.002224
-26.151993
-3.564989
-37.251820
-37.360149
-39.099972
-18.598553
-18.725487
-22.484148
-18.206825
-3.363648
-21.865913
-38.889874
-28.138016
-16.997702
-15.876119
-24.383722
-20.127192
-29.807802
-27.490234
-40.862759
-31.156982
-9.286690
-7.173744
-29.805611
-22.063969
-18.880867
-16.863113
-25.599407
-32.644035
-28.418139
-28.661055
-34.963799
-40.132915
13.111017
9.772531
0.105049
5.086784
5.468293
6.775596
6.631471
7.387705
8.535624
8.427104
10.522861
2.926597
-2.182231
-9.458026
-13.959833
-20.086010
-20.584517
-30.825911
-15.404477
-34.742733
-40.070293
-28.360514
-32.892845
-38.832516
-43.732784
-45.896358
-30.534269
-52.877110
-62.074024
-43.939629
-47.961586
-46.606800
-35.827908
-48.407524
-33.452385
-65.800926
-72.393417
-52.219227
-56.731205
-59.211849
-69.063255
-97.055847
-62.764122
-74.850334
-76.054199
-32.728367
-32.204433
-20.684557
-25.242315
-29.442303
-30.563091
-31.207428
-21.272936
-27.739943
-35.644779
-39.448006
-51.983547
-35.041161
-36.770672
-44.460186
-36.139900
-42.023621
-56.737988
-54.762619
-74.372169
-70.597778
-56.675243
-58.158890
-56.659992
-43.763298
-61.141441
-54.082680
-41.087654
-39.821045
-50.464287
-47.159561
-39.268272
-47.347790
-48.112492
-42.735764
-49.650398
-57.046581
-62.197800
-56.648117
-52.797424
-45.397850
-30.620743
-28.882755
-54.538795
-41.799801
-43.751427
-44.358448
-49.379112
-48.400742
-29.125227
-28.879368
-72.049202
-48.173531
-46.684803
-42.498383
-54.596443
-54.075897
-47.201962
-45.447025
-54.304817
-55.929192
-33.991585
-26.812439
-30.290100
-37.287819
-29.833984
-10.948454
-37.233551
-12.164194
-18.331070
-16.286184
-22.520887
-35.249718
-31.536362
-15.178963
-21.528965
-21.618830
-34.179798
-16.521873
-20.038536
-16.057278
-23.405987
-39.178410
-40.007553
-19.794371
-22.236032
-32.772453
-25.559395
-7.394486
-18.819403
-21.479790
-27.750097
-27.519503
-10.923022
-35.741440
-24.711597
-21.296667
-32.884357
-31.889051
-41.806587
-49.794529
-32.855537
-42.366131
-30.766565
-37.448902
-34.042458
-43.619167
-59.400078
-74.884239
-31.838181
-68.115425
-63.628891
-77.773537
-67.135368
-57.490822
-70.239998
-99.049866
-84.928925
-82.644974
-88.030197
-100.703064
-106.139137
-94.590439
-111.451424
-111.992310
-123.320595
-114.539108
-86.578743
-103.292221
-102.098534
-92.070778
-77.744705
-83.772545
-96.341995
-99.010864
-62.647125
-81.490280
-60.798927
-61.322853
-53.775784
-32.248508
-43.776871
-52.554951
-50.889877
-55.415432
-26.129101
-38.005058
-68.571533
-44.373711
-58.698101
-82.473709
-48.812767
-54.204762
-4.667974
-15.616426
-57.385700
-16.808432
-23.985884
-37.108089
-36.353546
-34.920765
-16.537132
-55.283173
-63.498329
-52.053062
-46.754333
-58.752361
-46.616989
-53.289150
-31.310844
-68.273117
-79.542038
-69.254868
-68.000122
-66.094276
-64.897186
-76.123726
-79.308060
-90.231079
-64.261330
-58.652298
-58.757439
-59.228817
-46.001484
-49.011154
-58.214848
-53.128059
-39.042751
-40.733269
-34.017006
-38.676514
-41.725182
-42.829014
-39.139412
-43.383476
-40.755310
-54.635452
-33.689777
-40.163548
-34.520607
-70.440079
-59.723923
-71.881332
-68.652931
-67.650833
-62.711571
-55.534119
-39.376793
-81.042633
-78.119446
-58.048679
-54.671062
-58.347107
-68.012001
-65.485550
-59.444153
-35.451492
-42.457695
-44.165150
-29.226965
-34.612175
-43.707348
-46.967968
-36.438332
-50.379501
-37.421776
-39.105495
-41.074085
-46.335514
-49.735184
-53.953815
-28.575859
-35.656654
-42.469555
-38.776550
-44.577179
-42.803585
-46.949314
-2.466048
-3.402594
-4.741642
-7.170382
-10.329514
-13.985387
-20.484280
-21.244123
-30.782379
-34.287067
-46.348312
-37.487434
-40.000607
-43.159737
-38.162849
-21.980402
-41.948311
-37.795692
-36.327057
-30.923746
-32.101791
-38.180523
-41.765713
-25.993618
-37.159542
-34.685650
-42.578560
-51.586712
-52.788319
-25.814949
-28.310444
-9.907378
-28.245649
-14.802164
-22.852161
-27.927576
-37.638622
-41.946350
-47.139568
-25.110085
-42.134827
-22.019676
-22.461439
-26.455023
-39.397835
-27.735167
-31.059219
-30.860918
-32.349182
-34.310627
-39.054237
-34.752396
-45.246841
-33.387821
-36.350624
-33.878674
-29.928299
-39.694313
-33.236641
-32.398270
-43.462101
-6.530310
-43.705555
-32.125351
-29.578812
-35.612381
-28.693308
-30.403442
2.676128
-8.407331
-27.678230
-42.719933
-50.396877
-55.758949
-39.727688
-38.229610
-44.459507
-47.186687
-52.303341
-40.407032
-43.318764
-40.803631
-14.391810
-33.957222
-36.217106
-31.985954
-31.069036
-16.137291
-25.007982
-30.061808
-23.225208
-27.666445
-31.449949
-26.280283
-31.970247
-30.152128
-1.606073
0.903170
-23.643412
-29.103662
-32.478771
-28.198528
-25.257338
-25.379070
-19.577188
-16.176554
-22.001997
-25.901340
-24.222624
-22.127659
-23.115255
-18.353981
-11.358342
-5.772434
-22.907137
-22.001999
-19.280712
-11.187528
-26.015215
-28.218168
-32.578899
-39.223091
-45.502087
-44.337784
-26.885002
-27.658592
-0.759838
0.249353
-16.791100
-33.809959
-42.796501
-46.228542
-25.970060
-30.173721
-35.804790
-29.777111
-36.254414
-44.534119
-44.612659
-43.585785
-23.376396
-17.998604
-26.282244
-24.526947
-26.250830
-35.669312
-23.307671
-34.192829
-22.981747
-17.802263
-29.887064
-21.059565
-17.340866
-27.636992
-20.590311
-20.973169
-16.626181
-22.689198
-30.051998
-30.342575
-24.267780
-20.482321
-30.285639
-41.911007
-33.698048
-38.125546
-25.233780
-32.453239
-26.757391
-22.477148
-21.937204
-33.248421
-26.735786
-46.234451
-28.379166
-39.073868
-35.712513
-46.134308
-43.795891
-57.535851
-62.807598
-32.105721
-22.420206
-24.790041
-28.883764
-21.465984
-21.878305
-35.478859
-49.348400
-43.418900
-48.339211
-50.023815
-48.906639
-43.760536
-39.221130
-61.207424
-42.627651
-41.696991
-41.106003
-41.539909
-25.141495
-25.369263
-29.095818
-26.879114
-25.004059
-17.331039
-12.414659
-11.980741
-10.914617
-20.602087
-23.125071
-19.353354
-23.011198
-1.366533
-11.896312
-0.930658
-8.929597
-14.943532
12.934969
0.916913
1.413656
-3.355471
-0.286656
-0.054974
-0.520304
0.192414
-43.994186
-47.424259
-41.107967
-34.962482
-22.771662
-14.226886
-29.213617
-26.380407
-37.654327
-36.945530
-32.133205
-20.979059
-26.753460
-7.405991
-23.490267
-42.494137
-57.304153
-51.863541
-37.238083
-34.292961
-36.969097
-39.413540
-39.496014
-49.807858
-56.395088
-68.744965
-45.771072
-48.011330
-41.838356
-41.490833
-28.754175
-34.601223
-24.165684
-34.622814
-23.935965
-28.402727
-27.002817
-21.269651
-19.435825
-28.563726
-18.748625
-24.483753
-21.907757
-20.804319
-19.804939
-17.814045
-11.073649
-37.037815
-30.635134
-34.520718
-32.463058
-55.497818
-57.182430
-48.690674
-0.179655
-0.419845
-2.287668
-4.010010
-3.676086
-3.066822
-0.306584
-14.741448
-19.816694
-24.442806
-38.176624
-42.505913
-37.044018
-35.836227
-32.457943
-35.384163
-32.403263
-36.483570
-48.569256
-50.674347
-44.190182
-46.927956
-61.259319
-54.517391
-66.086571
-57.721886
-55.363918
-53.362328
-53.080154
-40.687881
-48.883648
-45.535625
-51.108841
-46.856674
-38.365067
-39.361946
-43.436401
-22.475389
-15.218896
-23.002630
-33.323021
-26.661156
-16.581932
-21.098684
-17.679394
-14.277671
-17.455799
-16.140610
-17.227335
-24.131338
-12.931236
-19.928003
-8.961252
-16.899263
-17.683298
-19.704416
-11.044853
-14.108756
-31.118343
-34.026009
-37.838799
3.262101
-6.257650
-13.322762
-13.367677
-10.026489
-22.993856
-11.058526
7.298473
-6.728264
-13.042546
-23.513281
-22.284994
-20.630999
-9.297129
-11.528166
-3.210352
-15.182775
-26.708992
-44.754524
-28.966396
-32.124016
-15.507912
-16.273399
-22.556431
-34.196880
-29.180229
-28.684216
-20.435726
-18.273035
-9.777514
-18.019175
-22.370914
-21.008862
-17.223419
-6.422657
-3.779583
-0.679564
-3.689756
-13.198763
-12.287795
-13.497532
-8.526764
-8.430102
-8.124493
-12.114000
-12.907801
-12.387389
-12.531893
-12.250693
-15.248193
-13.635205
-21.128960
-15.345834
-8.872403
-25.333267
-15.067562
-19.858681
-20.015882
-46.428047
-26.991165
-14.404597
-25.733587
-31.866259
-33.115055
-39.647060
-17.793629
2.100203
1.082812
-2.502472
-8.427173
-16.759636
-20.598785
-42.869114
-22.281090
-0.095683
-9.145796
-6.064322
-5.506807
-11.936296
-8.407645
-20.900486
-25.406496
-14.360659
-25.202435
-9.984504
-28.732067
-35.501324
-31.663168
-38.484180
-36.531422
-46.818604
-34.926243
-36.187729
-36.051044
-53.313515
-53.423840
-49.522205
-38.537891
-30.359688
-21.256865
-50.064095
-39.532822
-51.639015
-52.057880
-12.114979
-43.795719
-32.969566
-34.375557
-33.294701
-26.720713
-37.170948
-36.490410
-53.900318
-36.451355
-40.041519
-42.268654
-38.125851
-38.623817
-37.557594
-42.831051
-44.707657
-27.448116
-37.876873
-36.268768
-34.732918
-44.522152
-43.624851
-53.244179
-26.990192
-27.037058
-25.609581
-23.991716
-22.408991
-25.101856
-38.167843
-47.845760
-25.590050
-49.530991
-46.386059
-45.012295
-35.616539
-41.526600
-41.994293
-42.151485
-45.081612
-46.267921
-48.067398
-43.761547
-36.815544
-38.848377
-35.629234
-12.901941
-12.192112
-25.344986
-24.338331
-26.011852
-41.925941
-10.687501
-1.364009
-3.936782
-3.884057
-16.814316
0.462807
4.827246
6.119002
-34.908669
-23.072937
-21.057680
-12.167700
-20.038338
-16.584862
-18.406799
3.255265
-29.997452
-47.178886
-48.112312
-24.845072
-35.095158
-28.628567
-35.221104
-25.679884
-34.583527
-34.775871
-29.841238
-13.090384
-31.561621
-15.284318
-33.888351
-30.648701
-21.893461
-8.998358
-12.496739
-4.101791
-13.507298
-18.670420
-19.868443
-14.079459
-27.778133
-14.884976
-19.551123
-11.719539
-15.543062
-17.978165
-20.217012
-16.552645
-10.054807
-14.465135
-16.492107
-14.613545
-17.620810
-17.022284
-23.456657
-11.781051
-13.198762
-12.952717
-18.642107
-19.696598
-20.126211
-20.534340
-5.660461
-5.853769
-5.830050
-5.671134
-7.567442
-8.973958
-14.110236
-7.070536
-15.935389
-21.134523
-15.354281
-17.698874
-24.716038
-27.289515
-22.537481
-20.501234
-44.912483
-41.061760
-26.698919
-29.643597
-37.431618
-47.335350
-28.891718
-29.089766
-48.373039
-33.763519
-20.294882
-30.681286
-40.415428
-48.412174
-36.846951
-34.513035
-49.702473
-38.899796
-22.211351
-26.739252
-32.642822
-37.892944
-26.474781
-25.737129
-43.010246
-33.119564
-20.728933
-17.465250
-41.872936
-45.495956
-19.371046
-16.990871
-45.069023
-50.199379
-27.508915
-24.206089
-33.316425
-37.983074
-32.104397
-11.425280
-22.605076
-35.138027
-36.444923
-34.286518
-31.609871
-43.979153
-47.362625
-34.629257
-36.221970
-39.999165
-48.160755
-34.797661
-44.905376
-55.486263
-48.988544
-28.388874
-47.536957
-48.636311
-56.418407
-32.182678
-46.601254
-59.124699
-50.438938
-29.329321
-39.133427
-41.524269
-52.724232
-23.041502
-34.869999
-47.163391
-57.707520
-30.562696
-29.868919
-39.027885
-50.081970
-12.296941
-26.480713
-38.208412
-48.490444
-25.830818
-19.962818
-30.097805
-47.198959
-23.113848
-33.095852
-31.299158
-42.353237
-25.144169
-22.960859
-23.138756
-37.837200
-14.347420
-32.198093
-25.697998
-37.183762
-20.204748
-17.197226
-26.627769
-22.863604
-15.764617
-33.637817
-23.072334
-44.141632
-36.404598
-20.875990
-42.608215
-35.491428
-32.054600
-37.342674
-31.829264
-58.644413
-62.097858
-26.477152
-41.578827
-51.892891
-50.169739
-37.114979
-52.941277
-58.508026
-63.857773
-31.539907
-43.561707
-55.979618
-52.885513
-42.675812
-51.986572
-64.709267
-62.517670
-34.382584
-45.793640
-65.686478
-51.324833
-29.030457
-36.663132
-55.866951
-56.774197
-31.061970
-37.167160
-65.838280
-61.889118
-36.207737
-42.234653
-40.955032
-58.535305
-40.524540
-48.102650
-79.950882
-72.192497
-48.412178
-66.755005
-51.259602
-64.585930
-47.606926
-73.787598
-74.120834
-65.853699
-57.139462
-67.740509
-64.920364
-67.375252
-72.604027
-58.573257
-65.637863
-44.129768
-53.701443
-58.898205
-55.150654
-52.062481
-58.892269
-41.931061
-37.394859
-32.015461
-27.535004
-52.284241
-36.074905
-34.768013
-30.765493
-44.221088
-34.408672
-42.653278
-36.647728
-69.335602
-54.716595
-52.743198
-40.818642
-58.674057
-50.384388
-59.369007
-49.149822
-59.684467
-68.524414
-72.186584
-62.974255
-60.897682
-56.934288
-72.296867
-60.401966
-53.269768
-35.796215
-54.864845
-51.193192
-53.058659
-52.038761
-76.863907
-52.107548
-58.870922
-45.480560
-52.950745
-46.928566
-49.609966
-45.386868
-69.892990
-41.468533
-64.204063
-50.438938
-42.713764
-38.086254
-42.978233
-52.571255
-55.593002
-40.428467
-57.820187
-35.651524
-31.394032
-28.244198
-40.563663
-45.121208
-62.410931
-31.385727
-49.701279
-35.652721
-37.195614
-32.225368
-46.962959
-41.518353
-55.644001
-21.464209
-41.228973
-36.277710
-40.955029
-39.466679
-40.229237
-29.300858
-41.412792
-31.092808
-27.921618
-15.493035
-22.894449
-18.801788
-33.608170
-16.037380
-29.398106
-15.972152
-24.624729
-10.821643
-13.763945
-17.487772
-52.192932
-29.466883
-39.327927
-27.792355
-44.417953
-42.635494
-41.602539
-7.690635
-8.065557
-9.048440
-9.135099
-8.763318
-9.889435
-13.171696
-7.151824
-13.036991
-12.112031
-13.960605
-11.901446
-11.148459
-11.772581
-17.118040
-15.645288
-13.336928
-13.699279
-26.139091
-25.522604
-27.074375
-29.477922
-37.486458
-35.329868
-39.492184
-40.449020
-45.851048
-40.261784
-38.416805
-38.709106
-38.557339
-37.511597
-52.147961
-49.909653
-50.750202
-50.714279
-53.627899
-47.365112
-52.883442
-52.899158
-47.505203
-56.366863
-57.603889
-60.020451
-53.996090
-51.121532
-48.545559
-48.743122
-49.869686
-54.591919
-49.654175
-49.687832
-47.216034
-48.744465
-46.586079
-51.775284
-57.232090
-56.532089
-48.205654
-50.967068
-50.894333
-46.459465
-31.713091
-30.071510
-35.576817
-43.427750
-33.313362
-34.383797
-43.082008
-42.153004
-31.051250
-37.242641
-31.900780
-42.459240
-30.063431
-28.702936
-36.671509
-36.569130
-39.541580
-43.537315
-37.163177
-43.203247
-46.807442
-37.508911
-32.165691
-35.700294
-32.788921
-38.301411
-28.926989
-32.313419
-37.786842
-35.449295
-36.120117
-39.755749
-41.246010
-30.944832
-29.279913
-31.207512
-28.985357
-36.426346
-31.916945
-24.990520
-37.144756
-40.411755
-36.556999
-34.056019
-35.447506
-33.588158
-28.527824
-27.610497
-34.055576
-32.120350
-27.155649
-24.318356
-35.295296
-34.796444
-29.400702
-29.760353
-28.064440
-26.794641
-23.652925
-20.919802
-24.953705
-31.190893
-42.194317
-43.089199
-46.626503
-40.211487
-43.309662
-40.677116
-37.895958
-41.016575
-47.156322
-48.034584
-51.124676
-47.646648
-31.265882
-28.341482
-36.005180
-44.447899
-34.069042
-33.540119
-40.731888
-42.963028
-24.393793
-18.353712
-30.443295
-34.961224
-37.790440
-37.405636
-46.792629
-46.683964
-32.040421
-35.699398
-40.528946
-42.587208
-43.474907
-43.582203
-39.087173
-40.935291
-37.750477
-39.243427
-37.078304
-42.881302
-41.300346
-47.381283
-36.994789
-47.523609
-37.173042
-23.294165
-29.631485
-42.829220
-34.413433
-41.567501
-37.947140
-44.534103
-39.388905
-46.871647
-49.146782
-54.900394
-50.595730
-55.302261
-45.787296
-44.609097
-41.970268
-56.326885
-56.679817
-55.452679
-59.353672
-59.690880
-50.735386
-54.830349
-55.784492
-48.213753
-46.119999
-50.634808
-56.520870
-55.392502
-47.920982
-48.820812
-55.776867
-52.816544
-48.493919
-44.283569
-50.963032
-49.610161
-46.645348
-47.449528
-55.072365
-48.904324
-46.979412
-48.545567
-57.293156
-49.312927
-48.282001
-49.655510
-43.462776
-41.159801
-53.904041
-51.054626
-56.719337
-44.617172
-46.405571
-47.581539
-46.817768
-41.316055
-53.284405
-56.032337
-49.808617
-46.084091
-46.031551
-49.347038
-44.588886
-40.941578
-56.125286
-63.896297
-49.224464
-47.738686
-52.613579
-52.403889
-49.806828
-38.230011
-51.711525
-47.577946
-51.055069
-41.973858
-47.931767
-43.526981
-43.597923
-34.091045
-37.384079
-40.946075
-38.204422
-37.209419
-33.625870
-34.654552
-36.408833
-39.045868
-45.371059
-53.947582
-47.489487
-43.017349
-36.714161
-44.665676
-41.036324
-34.779823
-34.382904
-39.049004
-35.148018
-35.420570
-34.674763
-35.130955
-44.344620
-37.373753
-33.278339
-35.101761
-36.239559
-29.912119
-26.807663
-33.876419
-7.670227
-8.516367
-10.333037
-12.321830
-14.485635
-18.017729
-27.640585
-16.060757
-26.959335
-31.586349
-41.395794
-42.775658
-41.556347
-36.456356
-37.502102
-38.939816
-66.578957
-66.202896
-59.605892
-65.147011
-62.466862
-61.450050
-89.339401
-70.351158
-98.657082
-96.878006
-82.273781
-78.500137
-77.720535
-59.640606
-91.701370
-72.257492
-90.693237
-89.293129
-86.328026
-85.481865
-90.648384
-87.237785
-88.666824
-89.184631
-102.572449
-67.277557
-67.942894
-71.798996
-74.269432
-84.579300
-71.771500
-72.499046
-92.073074
-71.612404
-67.109772
-68.265450
-54.465412
-63.577675
-57.397251
-47.263813
-50.311363
-41.588161
-41.873100
-48.284969
-52.629936
-48.162025
-48.646564
-52.836773
-64.831711
-54.478424
-66.087181
-50.824833
-51.915421
-60.197468
-68.440460
-67.232712
-84.343559
-63.790306
-76.618378
-66.811836
-60.029686
-64.882339
-59.929878
-57.510063
-58.126236
-58.101654
-56.477341
-67.174881
-61.996777
-57.669159
-57.021183
-46.074875
-38.141407
-42.774200
-56.057892
-62.806759
-43.085175
-62.154442
-53.575878
-49.378445
-35.824276
-40.284966
-69.818871
-66.629578
-51.756310
-72.899689
-64.199638
-46.226742
-29.295261
-34.652706
-49.562149
-39.771500
-41.776188
-43.264542
-36.998760
-30.484194
-28.830967
-28.677647
-27.968922
-27.516191
-39.571896
-34.453098
-21.068172
-54.498688
-49.712563
-52.757217
-60.198910
-50.427082
-48.843281
-50.082840
-27.767868
-51.605877
-30.514572
-47.677479
-44.990089
-47.906010
-31.991343
-51.620350
-34.981037
-48.901131
-48.591602
-56.896797
-38.134182
-36.035465
-25.770399
-45.581657
-51.416409
-57.463779
-77.237434
-74.380791
-87.903130
-77.493439
-64.924278
-77.165108
-79.475006
-90.249176
-70.534843
-65.294556
-67.665192
-78.730103
-70.799538
-81.472473
-81.760307
-97.753075
-67.232735
-77.568649
-89.669205
-93.811676
-86.342468
-58.246281
-68.224953
-71.587814
-77.189705
-117.218658
-115.050514
-80.486038
-88.044884
-81.578072
-77.016129
-90.019203
-105.287346
-122.152290
-132.971313
-102.271629
-89.852867
-65.407379
-71.463425
-83.613136
-88.376106
-97.113770
-94.492912
-90.738075
-86.868965
-77.302521
-90.806038
-91.548058
-92.922119
-83.776588
-92.430336
-61.675686
-93.237434
-93.651108
-99.546608
-92.265465
-69.920105
-77.603371
-79.563232
-71.906021
-84.358009
-85.548401
-93.632301
-90.239059
-67.101097
-44.749977
-44.933670
-60.780369
-61.548389
-57.236694
-55.085915
-63.075798
-45.774033
-53.504997
-48.295094
-58.292568
-48.289310
-42.788677
-59.022995
-49.744381
-28.641487
-37.632282
-69.552727
-70.251350
-72.031860
-66.523987
-59.043243
-70.780724
-54.863163
-60.621262
-72.708771
-61.033489
-77.925919
-75.342644
-52.616905
-66.790123
-59.362885
-74.513878
-59.391830
-68.595222
-75.157516
-53.677124
-57.404484
-59.786701
-67.312271
-68.572090
-76.913437
-76.982872
-64.081032
-62.135635
-75.073624
-86.369965
-71.310104
-70.014130
-88.183746
-74.046684
-73.254066
-66.149368
-67.630478
-77.042168
-57.792114
-51.931324
-61.523811
-56.937302
-52.177212
-52.194572
-52.460709
-53.986645
-58.978157
-47.564663
-28.550365
-36.384045
-36.625584
-73.201988
-69.561417
-81.102188
-5.877645
-6.934645
-8.435216
-10.467342
-16.083488
-21.935472
-31.409361
-19.529427
-35.628799
-37.409203
-38.161926
-31.311598
-34.623119
-37.623043
-37.753792
-14.994718
-25.437622
-22.292284
-10.169185
-6.049943
-6.974970
-5.603926
-10.936576
-0.309158
-9.954120
2.883836
1.589772
-3.370178
0.541327
9.021760
3.592577
4.532264
-4.808427
5.600265
-2.980368
-7.275570
-7.343997
-18.625175
-11.024560
-18.897675
-12.103553
-0.041544
-15.214677
-20.553432
-22.446253
-21.389250
-20.218609
-23.676775
-14.906738
-8.778589
-29.489653
-33.109116
-25.701569
-17.057400
-24.005486
-30.500223
-28.712486
-20.912693
-20.547323
-30.101858
-24.258429
2.819069
-10.769171
-15.863537
-15.380860
-18.861015
-23.089005
-29.038752
-11.899485
-4.813313
-15.268442
-27.744696
-28.382555
-31.326262
-26.044937
-21.607988
-7.797350
-25.089359
-14.920183
-1.703417
-1.565335
-6.612049
-4.121684
-2.518465
2.502582
-30.149517
10.031104
7.728919
9.328472
-2.540462
-2.654106
-7.179040
-12.580118
-31.641531
3.712329
5.073589
7.567623
6.374985
4.291538
-6.879656
-24.007923
-21.719189
-22.143206
-11.339824
-5.093146
-5.687022
-9.916239
-9.049866
-12.627776
-6.801451
-27.391539
-13.909615
-5.761559
-2.729868
-9.968782
-2.527021
0.263944
6.324887
1.504238
0.899367
-35.391735
-22.218969
-10.913359
-14.023255
-1.625212
-1.733965
8.727267
12.923494
-38.467422
-33.370617
-23.724424
-34.584019
-27.433088
-23.278406
-36.306988
-24.545595
-31.096537
-32.612995
-34.004807
-41.769161
-26.157358
-21.201073
-34.164890
-9.490994
-9.213611
-10.359805
-19.464663
-24.268204
-25.938627
-24.048250
-39.644173
-19.325356
7.381883
5.948518
-6.943200
-10.098310
-31.487564
-32.301399
-41.401360
-38.157040
-39.377781
-10.464903
-25.748003
-34.939613
-35.515160
-5.937523
-32.113205
-23.543575
-27.448973
-6.404307
-13.850961
-8.440103
-2.800744
4.103354
-2.341283
-1.331940
5.065042
-0.806493
-4.955066
2.889944
-5.275217
-11.603770
10.062872
5.275218
7.398987
5.352203
3.466710
1.936813
-11.651424
-52.170532
-18.399111
-18.419886
-13.130003
-22.706533
-18.440655
-16.436640
-17.663488
-30.568647
-10.858368
-9.088966
-13.645666
-6.657261
-8.487758
-1.488351
-6.835663
5.800661
8.944777
11.823725
8.685723
12.149988
9.032749
16.318104
-10.686071
6.516737
1.863495
4.777878
0.658640
1.028893
24.941507
24.192440
5.547714
-1.313613
-5.054042
-1.504234
-7.251136
-5.750564
-14.783317
-13.883954
-15.507945
-15.631361
-32.693642
-23.833185
-26.086483
-17.956758
-28.674599
-14.476606
-17.681814
-5.034493
-26.043713
-10.084867
-11.267729
-12.933265
-41.907257
-12.426152
-10.277941
-9.676733
-27.932873
-13.655442
-13.655453
-10.656741
-44.852184
-35.399071
-22.238522
-23.190426
-24.326862
-16.472073
-16.258228
-20.616978
-19.953445
-23.186768
-18.148603
-17.355553
-19.412115
-22.910599
-22.557453
-17.997084
-8.399777
-30.580868
-24.693447
-17.390991
-14.568255
-11.525564
-11.086877
-7.380662
5.658916
2.313179
5.062595
-35.045925
-25.168789
-17.193031
-1.777748
-1.776709
-2.137141
-1.952770
-0.493386
-0.267467
-1.461461
-1.322274
-3.046529
-2.861119
-16.859781
-16.802654
-17.606613
-18.146219
-25.008965
-18.862930
-22.963226
-24.587244
-31.628120
-33.064133
-33.716965
-34.882912
-46.039665
-41.760197
-46.356476
-40.485188
-54.110947
-50.298893
-49.561924
-50.454178
-57.776024
-58.136974
-61.940197
-60.099087
-64.104347
-63.550190
-66.086723
-63.088486
-59.609333
-67.705032
-60.365528
-66.600891
-70.124176
-68.151169
-65.471817
-57.824333
-59.748005
-61.231800
-53.190651
-56.836514
-61.748039
-64.515686
-52.309299
-47.990364
-51.178665
-56.906101
-51.988873
-57.053612
-59.151272
-57.763050
-56.361828
-51.929661
-37.481239
-40.582302
-41.882240
-46.521107
-40.600998
-37.261036
-44.603138
-41.843811
-28.083017
-35.187256
-31.283272
-38.580185
-29.856089
-31.354948
-43.724384
-40.554775
-35.358639
-42.319016
-32.085148
-41.752934
-43.072605
-44.376183
-47.945183
-39.440758
-34.718796
-46.294670
-40.499207
-44.849827
-43.246586
-40.496605
-46.835323
-41.147354
-31.787563
-37.724815
-34.948868
-38.973869
-33.015316
-36.731300
-29.895559
-28.401896
-35.199718
-33.984436
-36.878265
-35.332153
-27.081181
-30.714060
-25.940166
-24.696829
-32.543747
-31.074490
-33.553886
-29.285320
-29.562653
-31.787563
-26.919140
-26.067404
-25.844078
-33.916397
-28.781544
-22.858315
-26.072596
-28.738955
-34.825787
-32.795631
-31.847805
-30.278839
-39.042419
-30.489180
-33.027779
-27.574043
-36.701168
-41.168640
-37.144180
-42.329926
-47.034756
-39.285988
-38.954643
-41.026867
-46.700806
-48.568401
-40.687210
-48.899754
-38.447235
-31.846771
-35.686352
-41.509865
-49.792515
-50.013245
-48.229790
-54.773129
-32.382744
-31.150839
-29.049007
-35.772572
-47.547871
-43.948231
-35.778797
-38.812351
-28.032637
-31.920521
-31.350269
-42.002209
-44.241676
-37.414246
-42.696068
-54.769478
-50.545586
-40.013603
-44.516926
-47.091362
-46.901272
-44.721020
-50.801613
-57.982716
-62.095997
-50.137890
-48.613064
-54.712364
-53.898010
-51.546894
-55.036949
-61.754784
-66.091400
-58.035706
-60.648045
-69.685326
-73.098000
-55.316360
-70.706367
-70.018234
-72.070724
-54.643795
-56.217979
-72.999336
-67.087013
-47.009296
-58.174366
-61.737648
-64.033722
-52.407459
-48.173695
-52.051701
-53.952549
-46.583435
-40.650337
-46.768318
-47.195232
-55.008915
-51.088310
-55.197433
-62.593040
-48.456738
-51.343830
-49.948845
-49.558811
-41.062183
-48.249519
-47.349998
-49.201496
-38.926083
-43.312027
-41.917038
-42.889271
-33.155018
-44.010551
-46.695099
-50.383541
-47.812752
-48.492577
-51.770226
-51.296055
-51.810730
-58.635567
-62.720268
-57.720467
-50.100498
-56.135906
-59.190746
-58.762280
-58.859402
-68.657005
-67.752296
-54.482292
-62.076275
-59.410439
-59.488869
-63.253651
-51.900059
-61.041210
-56.130192
-47.274170
-52.104153
-50.471828
-55.411411
-53.461754
-39.206013
-52.290619
-57.153313
-54.322838
-43.823063
-44.336193
-42.103493
-45.432537
-30.964388
-32.146439
-39.330662
-39.323910
-30.196783
-30.858438
-29.368933
-39.599163
-26.176472
-27.015741
-25.396917
-31.569954
-25.856539
-22.394016
-26.407059
7.523746
7.741689
7.878560
7.955417
9.602095
11.524618
13.401872
3.670274
4.996879
3.698701
-9.222011
-9.667372
-6.838331
-4.585209
-6.352963
-8.396567
-8.933529
-5.609644
-9.701063
-10.082199
-10.570724
-13.829332
-0.822285
-17.445910
-19.039940
-3.433378
3.548139
1.566659
-4.089312
-3.214385
-3.471285
3.528141
-1.787757
11.654121
6.643554
3.595523
-0.012633
-5.259044
4.904228
5.080057
-7.163668
0.054754
-4.749456
-18.103949
-18.908335
-32.716602
-21.053011
-28.146137
-25.178123
-32.484978
-17.229023
-27.878710
-27.069061
-27.430195
-25.652964
-27.931353
-28.570438
-32.439709
-27.512318
-25.565577
-25.997250
-0.684361
-11.138220
-10.508606
-1.514014
-18.808311
-23.370358
-5.570693
-14.432615
-29.393774
-17.709126
-15.881359
-8.725061
-29.471684
-27.868183
-21.495211
-29.538021
-36.763809
-26.795319
-14.053588
-6.790955
-17.284822
-1.761437
-17.625950
-28.841022
-35.259266
-20.044373
-3.096465
5.826532
-2.070980
-5.398019
-4.386218
-27.768162
-15.502327
-9.645263
-6.397182
0.880192
3.866107
-11.580422
-6.281372
-17.892323
-20.556061
-9.929536
-16.083508
-18.868326
-21.382557
-24.186325
-12.710138
-17.711233
-18.028141
-16.500441
-14.417880
-18.823053
-20.820330
-20.324430
-13.072323
-16.932110
-12.080526
-20.314955
-12.681713
-19.014671
-16.560453
-16.204588
-17.336411
-4.754722
-4.005086
-10.602311
2.925902
14.446308
3.657642
-11.411964
4.340945
-0.010527
-2.393153
-20.320217
-5.171654
12.801739
5.858120
7.165776
12.379539
5.634916
4.470449
-19.774837
-12.087896
-8.994595
-10.441225
-12.734358
-22.180626
-25.754036
-15.801342
-23.866261
-41.963894
-26.786894
-22.175362
-18.980980
-22.817612
-30.854097
-22.508066
3.875580
-6.302428
12.955457
0.276910
-0.879133
3.212281
1.617200
7.224740
11.242455
8.494488
6.367706
-8.060701
-12.019461
6.683563
-4.301989
-23.922054
-7.447942
-2.620574
-21.649982
-6.240312
-2.779552
3.897693
-2.503703
-3.057508
-0.147398
-5.519099
-13.582965
10.983448
5.957085
-8.279699
-10.933962
-17.791245
-6.648818
-9.778975
-12.370066
0.780170
2.299447
-30.612991
-31.376314
-39.385433
-49.079124
-52.670441
-52.410381
-30.629835
-35.895195
-39.588634
-37.956696
-34.926563
-36.947002
-42.422935
-46.460651
-32.412327
-25.159168
-39.445438
-11.408807
-1.664571
-9.988490
-0.660145
-14.562124
-18.097630
-6.660398
5.493834
2.363672
8.972485
-1.053910
10.220127
-3.872424
-4.897911
-31.755344
-18.410332
-17.319567
-16.083511
-5.540160
-9.320982
-21.974266
-15.041177
-26.226770
-32.738716
-49.910885
-52.670425
-11.815208
-31.086781
-27.337540
-37.010178
-31.109943
-37.569241
-33.845272
-37.438690
-12.480618
-14.036743
-22.913416
-25.982508
-22.717583
-34.336960
-18.186069
-17.832308
-16.285656
-6.343487
-18.238716
-15.481269
-37.733490
-24.955967
-26.633175
-18.461920
-21.377293
-23.260862
-17.588047
-15.986642
-19.844330
-16.057186
-19.943296
-12.596429
-14.675832
-16.826828
-15.350716
-14.403140
-13.742999
-16.310926
-19.742203
1.345557
-0.371660
-0.708576
-4.757959
-5.162087
-6.112950
-6.735317
-7.381375
-8.633854
-12.328412
-7.682535
-12.347094
-13.326660
-13.679761
-12.392200
-11.529268
-11.506945
-12.218612
-13.365842
-16.217974
-17.315542
-20.672953
-20.539913
-22.837114
-26.415489
-33.972729
-28.098066
-36.449898
-38.169376
-38.834122
-35.357800
-37.422626
-32.207237
-39.523914
-32.178532
-38.058662
-45.986313
-44.523808
-44.434952
-44.569359
-43.424412
-50.248119
-37.345631
-41.898102
-39.900249
-35.944160
-33.863838
-31.162512
-34.008728
-34.934986
-34.190056
-32.460098
-33.163567
-35.574657
-33.300701
-35.009251
-32.287876
-33.880245
-34.388702
-33.708939
-38.379868
-38.156162
-36.650364
-43.337387
-40.361324
-38.084175
-33.206848
-34.045174
-34.873470
-36.883183
-32.792244
-41.263897
-34.627445
-40.471588
-36.823048
-31.758907
-34.232430
-38.745274
-40.442883
-40.298454
-34.983730
-39.860611
-36.216629
-34.668449
-38.347065
-40.328976
-30.779802
-31.552975
-21.381426
-28.206043
-30.531492
-28.739113
-28.392385
-29.680405
-34.269337
-25.449133
-27.502123
-22.474899
-23.848116
-24.302359
-26.495676
-33.382259
-21.166834
-28.084852
-28.530901
-29.536888
-23.313227
-18.222212
-19.694294
-25.205839
-22.761478
-19.664228
-22.528662
-13.996865
-17.577522
-20.149908
-21.594198
-26.494764
-23.572012
-25.887432
-28.395130
-29.014757
-22.299034
-19.098354
-22.521372
-27.749527
-26.678377
-33.085197
-35.500862
-30.215757
-29.447132
-32.690643
-31.808117
-24.059977
-19.481983
-20.403229
-27.386854
-27.874357
-29.841696
-29.715940
-28.042480
-31.392599
-35.099007
-32.912518
-30.970699
-26.091093
-34.950016
-33.047836
-30.027128
-29.359201
-32.827778
-30.663162
-34.750008
-31.057716
-34.897171
-36.173794
-35.445271
-36.733292
-35.420673
-42.155529
-40.691643
-40.441971
-48.411537
-43.669533
-35.074398
-36.967014
-33.038269
-32.645073
-38.691509
-30.467251
-36.401611
-35.256649
-28.936390
-34.158623
-35.502224
-34.915848
-37.340164
-37.678226
-45.622280
-50.408028
-44.488266
-48.474419
-51.994473
-49.063068
-40.724907
-47.652039
-55.624336
-56.920544
-42.151424
-48.339554
-50.969807
-50.314632
-44.458649
-49.570618
-50.541069
-54.354549
-42.235260
-45.493805
-45.259163
-40.811932
-38.736610
-39.289276
-42.674931
-41.597401
-38.421787
-35.760094
-42.285835
-38.328388
-32.435497
-32.848736
-34.875759
-30.861814
-31.678722
-29.720501
-35.757362
-35.522270
-30.608040
-33.631474
-31.666424
-31.989904
-35.220650
-36.948338
-39.263306
-40.531265
-35.030666
-33.045105
-35.561451
-27.178185
-28.826595
-33.618267
-37.419434
-31.467318
-33.589565
-24.436312
-33.124840
-33.849712
-36.552402
-33.585003
-38.160717
-43.517803
-46.471996
-27.789618
-37.995331
-37.129215
-32.601795
-30.725580
-36.144638
-41.468018
-46.045551
-30.450844
-33.656086
-29.998425
-32.132057
-35.853958
-40.559975
-32.147091
-31.719269
-32.420914
-32.896576
-31.226301
-33.553116
-38.053192
-38.673279
-33.471554
-29.407492
-30.473627
-37.902847
-33.497074
-35.683556
-32.380821
-26.323002
-24.068178
-31.775770
-33.823746
-40.862503
-40.734478
-32.658745
-32.498371
-37.523769
-40.316216
-35.144115
-34.857075
-37.440849
4.509143
4.825173
4.549487
4.553522
8.930871
12.368203
19.069384
-12.694989
-0.902366
-1.320600
-6.019362
-10.404783
-9.226730
-9.328935
-4.991929
-22.764915
-9.595207
-9.133938
-1.281602
-4.513181
-3.388917
-5.945396
-8.854220
-25.879490
-19.985205
-11.082563
5.884882
0.989780
5.008069
12.736683
7.701719
-6.601664
-6.964762
4.700104
14.737752
8.122637
10.177508
10.307954
9.098969
-8.539532
-10.239367
-12.764922
12.193380
0.189617
17.822742
5.576920
9.275138
-4.640937
5.949430
-4.252282
6.550566
-8.594669
-0.287791
-12.214897
-17.085791
-37.212189
-28.196598
-30.271637
-15.303917
-29.884342
-28.756039
3.080954
-12.787784
-17.170509
-6.227804
-18.431938
-10.805533
-16.296389
-9.222696
0.357720
-9.876275
-14.277824
-5.683160
-21.802032
-9.281868
-20.929249
-15.835116
-9.806343
-41.629875
-23.947004
-6.798009
-10.642814
1.354220
-18.975246
-12.794506
-5.194996
-23.304184
-16.992998
3.738567
-0.040344
-5.473372
-30.890253
-18.110529
2.140935
-7.304995
-2.069662
12.382998
18.855556
6.850455
-21.857172
-9.154112
-3.329750
-14.462070
-21.424137
-9.704137
-2.630446
-7.738026
-18.760080
-14.990577
-21.293692
-39.081478
-29.978464
-24.640921
-18.175085
-34.377338
-25.719460
-22.287508
-24.295305
-32.989491
-43.086311
-6.262774
0.324099
-15.396714
-16.597622
-14.614031
-14.565619
-12.107308
3.912045
2.054868
-1.214364
-0.882195
4.273803
-7.314413
-4.361213
-28.375456
2.334587
6.214358
1.767077
2.130178
-2.317104
1.674289
12.280792
-17.187992
-11.296391
-2.592794
-0.874123
-10.064546
-30.028225
-27.142265
-18.090361
-41.962051
-45.353649
-17.739363
-14.736408
-26.391861
-36.385139
-43.926826
-32.370884
-20.411497
-19.228067
-0.477404
-42.408539
-22.139578
-35.306599
-37.875164
-15.387297
-22.865770
-23.909348
-12.134200
-20.376530
-18.746622
-16.830275
-10.379223
-17.868462
-11.617800
-17.502680
-15.077980
-23.289392
-21.015322
-5.810917
-12.758195
-17.758198
-0.285098
-3.130713
-2.325170
-6.958037
-7.544377
9.066701
-9.402900
-17.723230
-5.213819
-10.213819
-13.185848
-2.270037
-7.448895
-2.504031
-21.467175
-29.897779
-33.561039
-37.326508
-41.328659
-21.722694
-31.956671
-25.590357
-39.519882
-38.750648
-34.370609
-45.029560
-46.555931
-48.867641
-49.564259
-51.238544
-28.598690
-17.631779
-38.431931
-25.017466
-32.614285
-35.707352
-20.446470
-10.769215
-3.616192
5.103547
-17.779711
-10.536573
-18.473627
-15.586330
-21.901550
-8.265190
-13.357982
-14.733717
-17.787783
-19.888371
-22.883255
-14.706826
-4.280524
-41.352856
-29.377335
-23.511282
-13.791009
-19.519894
-27.857706
-23.200632
-2.637172
-21.526342
-18.742592
-3.995423
0.164065
-3.682085
-12.986815
-15.216504
8.300159
-8.589293
-12.165138
-1.906937
5.430335
2.950505
3.227544
0.227273
-13.571805
-34.503742
-29.669159
-17.664055
-16.670248
-28.372770
-21.140387
-20.840494
-24.896437
-49.096264
-40.172112
-23.620213
-24.589817
-32.646568
-35.913105
-29.402887
-28.152218
-36.970123
-37.202774
7.588751
9.100317
-6.837004
0.671100
0.872290
1.060816
0.690797
0.938416
0.294047
2.718168
-10.734793
-11.910977
-11.615524
-19.056723
-16.826756
-15.747646
-19.442215
-12.545498
-14.954144
-24.934826
-17.540064
-7.128858
-5.239366
-8.911421
-19.433779
-2.991112
-2.868707
-18.368729
-21.053137
-14.055125
-19.256502
-21.452700
-12.918331
-8.310673
-4.160263
-10.774181
-20.111908
-13.626008
-17.001205
-18.508018
-23.093170
-24.615463
-29.007858
-18.982155
-14.163456
-13.551447
-22.966543
-28.096174
-17.110952
-28.563278
-31.088692
-25.466642
-25.062855
-22.818823
-26.483845
-24.100525
-17.706081
-34.219090
-33.048527
-22.023916
-31.271591
-34.672108
-38.459545
-34.326015
-9.087286
-31.386961
-34.632725
-22.506487
-38.072636
-22.047832
-32.457623
-16.739525
1.595447
-19.274790
-31.614882
-29.504503
-43.967628
-29.300495
-31.412283
-27.351925
-7.612843
-34.600353
-29.840759
-20.811150
-17.938223
-12.362597
-27.913275
-30.099632
-7.808401
-18.786592
-24.059731
-13.776550
-15.429684
-5.616421
-21.055950
-44.329208
-21.786146
-17.514734
-16.898506
-1.745986
-2.024558
-6.667390
-25.469454
-25.010803
-6.398670
-12.999932
-24.653448
-13.035107
-8.693357
-21.856491
-21.229000
-2.357997
6.452130
-16.477839
-30.238913
-21.752377
-24.547924
-42.182251
-34.553925
-12.705889
-10.868448
-19.219921
-27.652996
-26.616100
-28.701149
-29.498873
-30.195303
-0.250428
-6.214364
-6.860133
4.364262
-7.695843
-11.199079
-30.694754
-22.980619
-5.871071
9.199841
-5.574214
-4.624542
-11.650700
-13.019631
-20.632467
-26.540121
-23.816326
-7.794331
-13.331965
-27.084602
-18.486917
-27.695206
-17.789083
-26.279846
-35.426228
-22.624672
-37.922092
-41.892418
-21.870556
-29.438379
-6.447910
-13.751228
-27.486982
-31.343346
-37.621017
-32.025696
-17.395157
-25.643915
-7.083838
-36.510956
-36.474377
-26.299540
-23.729101
-15.688556
-8.994437
-15.326981
-21.475216
-30.162941
-21.853668
-27.156361
-31.288471
-34.358379
-29.037409
-26.703331
-40.268837
-49.097260
-47.027683
-13.606316
-27.008629
-30.645517
-32.177650
-28.061001
-36.560188
-47.562309
-43.306374
-9.885010
-30.566730
-34.209232
-35.416378
-20.964500
-23.119904
-68.799759
-47.491955
-15.795485
-38.439846
-47.119125
-36.471561
-27.199963
-26.361443
-40.533348
-39.379665
-23.359083
-21.862118
-29.861858
-22.834293
-32.059467
-28.753202
-33.128731
-39.120800
-23.959831
-9.806229
-14.533478
-25.359715
-19.878357
-5.906246
-8.904390
5.282983
-1.008762
-0.903242
1.181808
-18.190054
-8.876251
-22.806160
-24.411455
-18.432051
-19.391567
-27.930157
-26.526049
-40.147846
-38.676201
-19.024351
-40.537556
-28.656120
-27.164793
-23.741756
-28.736332
-25.911230
-39.638535
-33.123096
-44.799129
-34.781857
-41.051090
-32.086201
-27.855587
-22.718927
-35.360100
-39.195362
-43.479439
-46.320004
-54.108711
-38.050121
-27.156349
-27.063499
-31.773867
-11.536736
-27.985029
-20.621218
-27.112745
-25.127579
-21.662338
-16.626972
-11.960220
0.845558
-28.902344
-21.890255
-23.850092
-25.739584
-27.789471
-21.006708
-23.954206
-23.782560
-27.067719
-29.106344
-15.533794
-21.624346
-15.148299
-19.295156
-21.490681
-25.220829
-27.495785
-27.296465
-30.740368
-42.098656
-33.652248
-50.829815
-55.279316
-25.641953
-24.742764
-21.002121
-17.282463
-24.684317
-46.381805
-58.212170
-57.038715
-43.224159
-45.890251
-44.235729
-40.577530
-60.163422
-63.974495
-82.790085
-74.563965
-61.754982
-56.389805
-55.592525
-74.773781
-85.141449
-78.015373
-82.295540
-54.138844
-47.953884
-57.548267
-51.565647
-54.849205
-43.377003
-58.838608
-88.937561
-48.082760
-58.140240
-73.204697
-52.214569
-58.132736
-56.682045
-54.760765
-85.637497
-54.823719
-33.884548
-40.507080
-30.758345
-22.825974
-30.428646
-45.653439
-48.814117
-37.613190
-25.617971
-34.203751
-39.152298
-20.870235
-22.052677
-47.267506
-50.159920
-39.230240
-51.381317
-46.687531
-40.136913
-32.342426
-53.927521
-51.247936
-40.207359
-28.651245
-20.736860
-42.768555
-27.800007
-14.511455
-34.572426
-26.320841
-7.308928
-21.400753
-19.232208
-58.284100
-26.161982
3.048256
-48.082779
-31.146502
-13.387464
-13.435420
-18.838064
-54.296181
-3.346488
2.905886
-54.598919
-55.540062
-34.821194
-33.087254
-54.999050
-63.240139
-9.015897
-16.359293
-21.484688
-35.333736
-21.125011
-16.026594
-24.270679
-62.297497
-50.473122
-43.011337
-48.100761
-24.696299
-20.709883
1.282847
-8.858536
-48.836597
-55.204380
-50.690434
-49.512489
-42.251522
-20.054972
-6.415733
-65.498619
-60.494625
-54.960091
-47.345440
-66.174500
-74.568466
-28.336527
-21.459209
-64.007469
-54.853691
-33.655239
-40.240330
-56.340351
-61.942318
-57.521294
-57.130142
-63.568371
-59.920635
-49.329647
-55.841301
-62.315479
-70.826340
-73.780190
-76.158546
-89.593971
-108.820183
-70.941719
-72.804543
-70.884766
-76.793976
-51.276405
-59.393116
-84.691879
-103.023361
-64.501999
-70.175911
-33.360004
-48.554848
-41.084053
-46.729488
-75.812347
-28.781626
-42.675644
-50.353230
-25.650940
-30.833282
-38.644257
-67.611725
-66.177513
-39.856689
-55.372238
-41.173985
-44.037918
-44.628372
-41.166496
-67.186111
-64.358147
-59.076893
-59.024429
-50.678429
-75.082489
-78.067825
-72.277016
-54.877674
-56.667072
-54.113361
-73.065315
-52.945896
-64.798752
-66.366341
-49.203773
-66.372337
-66.231461
-74.862206
-105.448212
-101.256462
-98.184265
-106.707077
-66.306396
-76.434303
-76.549683
-74.736313
-78.428986
-73.717216
-76.784973
-92.029274
-60.212875
-51.552170
-51.150517
-64.406090
-58.682747
-19.719265
-46.774448
-36.600094
-20.825283
-18.887518
-35.960171
-43.182171
-38.256111
-20.501574
-54.497005
-46.159996
-25.457617
-36.202953
-8.894513
-15.526044
-36.205956
-32.706596
-48.430450
-60.656467
-27.894430
-41.677536
-12.807487
-28.116220
-35.134415
-30.503582
-25.920700
-54.639381
-51.439751
-61.137527
-13.153678
-56.233948
-27.321936
-18.154682
-14.397559
-46.058094
-49.113850
-52.547260
-29.563927
-57.771568
-50.272308
-46.195972
-44.097862
-57.223053
-43.921017
-32.603184
-71.575653
-88.505951
-69.071404
-57.176598
-48.812618
-53.660751
-46.248421
-52.924927
-44.934109
-71.894890
-56.857384
-29.043892
-28.808605
-40.958176
-36.621082
-66.393311
-56.712009
-68.979988
-64.100372
-41.858875
-38.797119
-71.670059
-6.317768
-6.831463
-7.845284
-8.774791
-9.682911
-11.820777
-15.903203
-11.677649
-22.621977
-22.774975
-24.195555
-21.840532
-21.912506
-24.193913
-26.755816
-19.636862
-32.210289
-30.483299
-34.043804
-33.527233
-38.880531
-43.920429
-43.618954
-40.125076
-54.937969
-48.216324
-41.084618
-40.135780
-38.916721
-37.327106
-48.250046
-44.826496
-42.985168
-50.911068
-51.671951
-54.524632
-53.318329
-54.629505
-58.363983
-54.006813
-51.105194
-49.409878
-50.622753
-49.171326
-47.362076
-47.572243
-46.808487
-40.978912
-41.488087
-32.951015
-37.174107
-34.696514
-36.848778
-29.363361
-36.558407
-35.524021
-33.197388
-31.666979
-32.841618
-31.363453
-26.034828
-28.217934
-32.398251
-28.422750
-29.436987
-37.010406
-24.084919
-23.574509
-23.309233
-26.734423
-31.124907
-35.775322
-30.287115
-36.945015
-36.208408
-32.963768
-39.752041
-40.813580
-33.270996
-32.594841
-34.386818
-36.019215
-37.857250
-38.376297
-42.747852
-29.682112
-37.037971
-28.792500
-22.645418
-22.955116
-18.805241
-28.284563
-26.437889
-16.321892
-23.442078
-23.440434
-16.942114
-21.052509
-25.514141
-26.399639
-26.392645
-26.996002
-30.412560
-25.490286
-19.690735
-17.620735
-27.750719
-25.830832
-17.196285
-17.148577
-14.982334
-16.255262
-21.882896
-19.854017
-21.155329
-19.079975
-19.541437
-18.183372
-16.995989
-17.916039
-23.097012
-24.169235
-26.933491
-28.362297
-34.545578
-32.852718
-27.804178
-26.098167
-22.815691
-25.555265
-26.407457
-27.760174
-22.996246
-25.863325
-33.359009
-47.968307
-30.109442
-27.550827
-38.464714
-35.461929
-40.035427
-36.857414
-36.077202
-43.619373
-36.316574
-35.126728
-35.819744
-36.604473
-39.780830
-41.341671
-38.117188
-39.771793
-34.251091
-35.345116
-30.622725
-32.943615
-29.633171
-33.660488
-41.664524
-50.826340
-42.691925
-34.112492
-39.414799
-44.690762
-42.782814
-40.748589
-37.876579
-46.380753
-40.859642
-37.337799
-46.826580
-52.248566
-47.648331
-49.517624
-47.601444
-54.360527
-55.111534
-59.129803
-59.369583
-47.560738
-51.984932
-43.605385
-47.500263
-55.096722
-59.787849
-57.167953
-62.210339
-63.683556
-64.964302
-46.596684
-58.970634
-64.042198
-64.782112
-50.082741
-51.776417
-52.609665
-52.536057
-44.224373
-46.373753
-46.235149
-39.342819
-31.112986
-33.319115
-35.523201
-41.120388
-34.948635
-34.747921
-39.717495
-29.290155
-29.706787
-24.870474
-26.530016
-33.008602
-37.493671
-34.116608
-34.035583
-30.927486
-30.979723
-26.031952
-34.745464
-32.339840
-30.991241
-32.668880
-34.673897
-35.198696
-29.841282
-38.829948
-44.253159
-36.167278
-30.682768
-32.730980
-33.353672
-33.896988
-40.426968
-48.406330
-47.997917
-42.149845
-37.964592
-37.354664
-34.691586
-41.623814
-40.946831
-33.737808
-35.356628
-41.189075
-39.694057
-28.419050
-36.346184
-35.145638
-37.016582
-32.107059
-41.602421
-37.594852
-37.324638
-34.085751
-43.263607
-40.336895
-40.263683
-34.161850
-41.636566
-38.324471
-30.597225
-27.324621
-27.060577
-29.215307
-17.625256
-19.059826
-18.749302
-18.634142
-21.372900
-19.659477
-21.608976
-16.467897
-16.947870
-16.460087
-19.820704
-21.211262
-27.323383
-25.418722
-26.614332
-7.593053
-8.163913
-9.796695
-10.868592
-14.350532
-16.656990
-22.962536
-17.095110
-26.481306
-29.236626
-9.822016
-7.988205
-11.547639
-11.932048
-18.692596
-7.863137
-33.017044
-29.771425
-14.957454
-12.893457
-16.485886
-18.533001
-22.026449
-7.033701
-28.770887
-21.671965
-13.417512
-5.653356
-10.859384
-30.859436
-33.646214
-15.451583
-29.129972
-30.297783
-30.689096
-26.927864
-30.092913
-37.185699
-48.554562
-25.423990
-29.156061
-14.489411
-32.709362
-31.924429
-32.212925
-41.461006
-55.250656
-49.893482
-32.344902
-19.779839
-36.927895
-29.704676
-32.169956
-33.505035
-36.239639
-29.454536
-29.447634
-10.139672
-38.449421
-28.020477
-31.433367
-26.972374
-39.502136
-32.468433
-37.604641
-36.304855
-48.311329
-38.758629
-26.829657
-25.166946
-43.101479
-22.281187
-19.384686
-31.190132
-41.985832
-30.684492
-27.899248
-27.361380
-32.227505
-17.256239
-26.049328
-23.737495
-20.385996
-35.248314
-35.734772
-36.044746
-21.134865
-5.599645
-18.969585
-19.017927
-18.289770
-20.649176
-36.271866
-55.146305
-22.694750
-16.482815
-9.845036
-12.344080
-22.503700
-16.895617
-36.629421
-39.918003
-19.254248
-12.839748
-9.592597
-16.487421
-22.324162
-23.369968
-23.274822
-26.963161
-6.979222
-3.587825
-7.969019
-11.237655
-22.748465
-2.880388
-0.293870
-4.921369
4.053566
-9.365482
-12.509815
-17.454199
-22.551271
-13.897069
-3.142025
-3.778876
-9.604106
-5.753871
-27.040657
-31.779415
-24.049782
-20.409016
-8.282070
-20.660683
-13.271724
-18.104856
-30.059929
-32.535187
-32.518307
-29.785238
-22.148449
-31.256889
-23.979959
-36.341686
-44.566982
-43.131390
-37.359108
-42.187637
-47.936897
-53.271835
-41.384285
-44.600742
-56.162971
-52.908146
-49.889637
-50.692989
-60.928562
-68.358177
-63.129913
-72.305870
-67.145889
-59.813709
-64.422798
-26.117611
-32.448486
-29.092379
-36.424553
-50.168156
-40.074532
-42.930359
-59.717796
-40.719818
-38.187782
-29.578838
-35.719421
-40.042305
-43.061569
-21.864555
-35.274395
-25.875153
-13.059954
-21.108778
-33.826523
-37.710526
-41.737236
-28.014345
-37.792622
-43.818111
-34.516315
-23.991467
-43.098404
-51.100422
-53.239605
-30.938469
-39.505970
-62.288197
-42.064095
-45.208435
-55.423298
-59.831352
-42.984070
-20.160414
-28.501568
-35.288971
-23.259478
-25.085613
-34.694328
-32.228268
-16.894079
-15.921164
-19.072401
-23.440554
-21.334356
-26.673897
-20.465788
-17.898457
-10.270111
-21.429502
-4.565349
-9.533519
-20.944580
-20.629223
-8.865203
-16.485111
-15.239044
-27.179533
5.470742
5.008070
-12.404690
-13.303953
8.429395
-5.179172
-15.112444
-28.839939
-8.084883
-3.518769
-23.491198
-26.087690
-10.844040
-23.476614
-27.912294
-48.015930
-34.383575
-20.062969
-36.270325
-43.958527
-27.504862
-34.616062
-33.283291
-40.721352
-52.590485
-34.454163
-37.164978
-40.990662
-37.571640
-42.897373
-40.111355
-42.757721
-40.441288
-27.206390
-33.172802
-26.248053
-29.548141
-37.270100
-32.355637
-31.544621
-32.321877
-14.342857
-20.231003
-14.260757
-19.240438
-25.780010
-18.809992
2.425390
-1.899031
-2.146096
-1.425617
-18.180050
-16.408390
-18.456274
8.821635
9.464836
10.113184
10.826365
14.622795
18.035366
23.304474
15.464619
18.982157
19.663439
6.198401
2.937113
6.461859
11.497355
5.113708
10.583493
0.356076
4.911998
0.135845
-3.646179
-4.670156
-1.308015
-16.123257
-3.055462
-13.886975
-3.436236
-3.036937
-1.572494
2.620145
6.132541
-7.004205
-12.889756
-8.118742
-5.715740
-8.514957
-6.412461
3.038999
-4.971689
-9.980422
-14.929479
-17.279989
-21.806070
-29.351595
-26.947556
-2.435932
-15.240274
-22.174496
-20.685354
-12.105565
-27.573271
-29.964952
-31.187550
-10.154347
-20.232542
-21.807104
-29.969067
-29.994797
-32.806362
-34.817261
-29.003754
-4.155593
-8.786648
-12.645853
-28.138262
-32.216667
-34.876953
-21.076424
-17.641212
-1.860656
-6.155182
-0.466191
-14.866702
-18.843229
-30.995102
-7.799717
-19.884697
-7.894394
-13.339486
-13.745983
-17.943775
-6.080054
-11.583799
3.854061
-14.761730
-19.791050
-25.856695
-10.745065
-18.547871
-9.640818
-21.607452
-16.580187
-28.379072
-16.221025
-22.309309
-13.243776
-15.722929
-3.558703
-6.368208
-16.139725
-19.844563
-1.717604
-3.516513
-18.454218
-20.913824
-8.935869
-8.683733
-1.466499
-21.968674
-4.411845
-6.785003
-21.633177
-12.242440
-18.466570
-11.581738
-2.165273
-26.418596
-7.445701
-8.673442
-7.626823
-23.239632
-6.668712
8.210338
-5.528443
-22.862978
3.383754
0.531028
3.879791
-7.730765
-8.682698
-3.791287
-4.627962
-13.134686
-6.928051
-11.347101
-25.304060
3.849946
-24.667030
-9.482334
-9.697423
-23.753172
-28.828798
-28.204121
-45.845341
-23.095564
-16.749990
8.011716
-12.712749
-32.720943
-30.863377
-35.818596
-45.259766
-47.805813
-3.916840
4.066058
-11.304905
-20.066858
-29.332041
-24.350061
-13.151153
-1.902850
17.026827
-10.739924
12.633499
1.983118
-6.349684
-3.113101
-6.242657
-4.638255
1.850359
-11.914152
-1.556042
-7.707097
-13.345657
-1.031180
-13.823173
-20.919998
-15.281430
-3.188221
-1.297723
-4.438602
-10.396195
-0.805804
-4.254390
-11.775215
-5.178537
-7.923212
-11.504556
17.611374
-14.129848
-13.766568
-8.173285
-9.267245
-9.677866
-28.169132
-29.663422
-5.770288
-40.409508
-25.243340
-41.790607
-40.033886
-36.750984
-25.462538
-39.213680
-12.602627
-30.858231
-22.559391
-18.045656
-16.989777
-23.987810
-18.064178
-22.435894
-6.813819
-4.394348
3.595755
-10.409568
3.585461
-1.354323
1.338888
-13.970333
6.959948
-16.796316
9.355754
-25.756870
-9.249749
-13.704827
4.957278
-11.560129
-4.933614
-23.424875
-3.249972
-31.472609
-24.732895
-28.184566
-5.493456
-7.028905
-27.339663
-23.632772
-4.014607
-32.746677
-21.899719
-26.693371
-29.217812
-27.135895
-35.178490
-24.162766
-3.437270
-38.218510
-28.043577
-39.003731
-29.417461
-37.424042
-35.278313
-31.128881
-16.877602
-28.126942
-35.001476
-26.276577
-3.592665
-26.178806
-29.717962
-31.211214
-10.752269
-14.568262
-23.612181
-27.317024
-5.636501
-19.096390
-33.992939
-30.747080
-17.986998
-19.694311
-18.828817
-33.761391
-11.046597
-17.484785
-13.573093
-14.352139
1.389317
4.547691
-8.825750
-13.109429
-14.133286
-16.267929
-17.820883
-18.406866
-20.754004
-21.910940
-32.425320
-32.472538
-35.618156
-21.326035
-25.638247
-21.649073
-24.067049
-13.253242
-32.358772
-22.573124
-24.558586
-13.526915
-16.973036
-9.894055
-13.211386
-7.205626
-29.903242
-13.445349
-12.313096
-7.836683
-18.302761
-6.702284
-12.048014
-12.274465
-25.156368
-15.598235
-18.109585
-18.912348
-23.457458
-20.144411
-19.618534
-21.959244
-33.069248
-31.059107
-33.722847
-10.028203
-17.561157
-18.271633
-13.859610
-14.432724
-25.192862
-18.681612
-22.506590
-0.765209
-8.188701
-1.942542
-10.027133
-6.418952
-19.037926
-4.422760
-10.330855
-11.351491
-14.965031
-13.466819
3.860382
-1.252457
-9.005424
0.834967
-7.362316
-2.750661
-21.113535
-12.642583
3.433241
-2.773207
-4.255333
-0.870388
-13.486134
-6.763453
-13.934735
-2.014442
17.056747
-13.359486
-18.566778
0.811357
1.706426
1.974733
-6.169965
-7.525448
9.014009
-7.637061
-9.757752
1.811605
1.501438
1.021711
-8.094256
-26.168417
-14.789026
-5.819022
-4.996930
-1.261036
-4.139426
-3.788482
1.339390
-16.029673
-14.017374
-23.109728
-10.565888
-4.551541
-3.787408
-8.487055
-4.077178
2.092786
4.934678
-12.291632
-11.359003
-19.188171
-21.699520
-20.800152
-13.886440
-9.552766
-7.266802
-18.436918
-27.934948
-8.919563
-5.239480
1.455294
-7.699307
-15.879418
-14.221290
-25.029736
-23.821281
-19.085144
-11.232360
-9.916591
-13.905767
-26.933632
-18.935966
-15.998547
-23.706448
-8.054540
-0.227523
-8.360412
-7.521154
-19.948017
-19.412468
-18.282373
-21.844408
-16.334465
-18.705217
-21.652288
-14.339347
-27.105349
-30.319649
-34.338863
-42.036045
-21.114613
-19.934059
-9.874734
-11.438424
-33.909584
-39.589085
-53.212582
-47.818562
-41.145264
-59.236595
-41.174240
-37.294529
-36.274971
-24.126074
-40.492744
-43.058823
-30.535372
-44.384262
-37.436203
-29.367702
-29.734739
-23.319008
-34.130669
-43.438740
-35.210339
-31.328482
-29.758352
-20.417015
-34.162861
-21.280956
-24.842987
-31.559217
-29.157354
-39.032082
-32.439262
-33.611221
-39.549381
-22.631073
-24.990028
-29.581282
-30.219841
-39.839153
-29.762648
-36.135456
-35.129837
-30.259546
-38.738018
-53.264099
-52.367966
-30.666309
-23.897480
-23.805189
-30.581520
-35.008568
-32.749432
-34.417225
-37.580013
-22.520540
-26.619175
-25.664007
-13.932597
-19.819233
-29.796993
-28.091640
-39.469963
-34.053394
-14.626968
-24.408329
3.853949
-10.126945
-30.587959
-19.049726
-31.134226
-29.747629
-17.635218
-18.799667
0.759840
-3.494418
-27.212671
-21.914158
-25.111290
-25.316282
-8.396905
-39.982964
-20.650974
-13.870349
-23.133339
-22.030071
-23.051783
-15.924500
-10.821316
-34.390385
-22.944464
-16.529793
-17.442032
-22.319838
-27.392965
-18.226559
-8.700620
-19.992016
-20.125097
-6.228993
-6.766675
-6.657210
-19.972700
-8.909908
4.120110
-6.705503
-6.710877
2.744232
-0.430362
-7.883905
-8.591158
1.525045
2.670184
-12.806782
-5.958544
-3.826040
-8.491348
-16.602776
-15.605752
-8.447350
-13.530130
-11.657359
-12.562086
9.858634
5.844780
4.964734
-6.675486
-7.012628
-8.106853
-8.497874
-9.415011
-11.069423
-15.177323
-14.216608
-17.589609
-17.827709
-25.670713
-23.743340
-27.548569
-29.439493
-32.049072
-28.273956
-39.491550
-39.664272
-44.293537
-43.442554
-44.062565
-48.091633
-59.380531
-51.909538
-59.849998
-60.997303
-58.610374
-60.855476
-63.606094
-59.377365
-64.795021
-55.074940
-70.185715
-68.792770
-71.102859
-70.433716
-73.819794
-67.129646
-73.633598
-70.003075
-70.749863
-66.256096
-64.943184
-64.302177
-67.225914
-62.171165
-63.166752
-61.456470
-70.653206
-67.716370
-63.973354
-64.682510
-61.453304
-53.115883
-60.001347
-56.492836
-56.579205
-60.149101
-59.038246
-61.485401
-63.789528
-51.626667
-46.929268
-49.200115
-45.532761
-48.406990
-54.843189
-57.889351
-59.717682
-53.582962
-50.609310
-50.927422
-52.365524
-52.305309
-50.319302
-48.841194
-56.354980
-51.610817
-52.862335
-59.042610
-51.484837
-53.503738
-59.889614
-55.966335
-55.768242
-42.816612
-48.293682
-44.421497
-40.592110
-43.969864
-45.851685
-41.592842
-39.760941
-42.903374
-45.678158
-47.950592
-42.879993
-42.545624
-47.678425
-47.868195
-42.792442
-41.446259
-40.397594
-36.847500
-36.476688
-37.856155
-37.960339
-35.502892
-33.423386
-32.336693
-36.620087
-30.536095
-30.826488
-29.473166
-35.343239
-35.855881
-33.360004
-28.149162
-30.215590
-38.015800
-33.963768
-34.321114
-41.064743
-40.819511
-44.203606
-49.240528
-48.374100
-45.831474
-41.100792
-39.952694
-50.090721
-46.480408
-50.031288
-51.047466
-47.752121
-53.279495
-45.238407
-42.329319
-43.582413
-44.351772
-39.926945
-42.021103
-40.969265
-50.745186
-52.247078
-50.248001
-53.567913
-54.230309
-60.724735
-65.662621
-56.133514
-59.369839
-44.571259
-45.699146
-54.241402
-59.176510
-57.072441
-62.013496
-61.384773
-66.945831
-55.743679
-57.143360
-63.966217
-72.644753
-64.169060
-59.077858
-63.747929
-72.228371
-66.592445
-59.644398
-66.565895
-72.227989
-68.363342
-70.540298
-69.499550
-79.931137
-78.119453
-70.447594
-77.667015
-77.741898
-76.020508
-65.853989
-68.356987
-74.789223
-75.835510
-71.992661
-73.713623
-84.964897
-79.625694
-59.609921
-70.770462
-75.173920
-77.982368
-60.920456
-64.447571
-66.861443
-67.400230
-69.039986
-64.725685
-70.411125
-67.916847
-60.660969
-61.353485
-69.966240
-71.764076
-59.886826
-58.455879
-62.470272
-61.075352
-58.751816
-58.866699
-64.260178
-72.223618
-57.708298
-57.846958
-62.678265
-60.013622
-58.709023
-52.641262
-58.283936
-58.105259
-51.813259
-49.763882
-49.786049
-49.743267
-49.187042
-62.059448
-60.536964
-65.861916
-62.601803
-57.884991
-62.537220
-52.147243
-53.990620
-60.695824
-57.381458
-65.268822
-60.643925
-55.128826
-53.782246
-55.753590
-58.427349
-51.526829
-57.252312
-60.399883
-55.200523
-49.183475
-51.135017
-49.485760
-49.780117
-66.092880
-65.964912
-56.937748
-56.913586
-53.082600
-60.626095
-56.550289
-52.997417
-57.365616
-57.133850
-54.024693
-50.452812
-51.399670
-53.188774
-52.351261
-44.872345
-44.690113
-48.396690
-43.094330
-40.224064
-38.680183
-42.417271
-38.797058
-42.717960
-37.380749
-39.911491
-41.146748
-43.090366
-42.569004
-48.137985
-7.568472
-8.071404
-9.373000
-10.053465
-10.926533
-12.755078
-16.332584
-14.891599
-16.466793
-16.835989
-13.843352
-12.720232
-13.378563
-14.107063
-13.071530
-12.238490
-16.769588
-16.817152
-13.821221
-12.753197
-16.510118
-19.659565
-25.128721
-21.856359
-35.062092
-35.731266
-34.398586
-34.019508
-34.772964
-38.253929
-39.981697
-37.756653
-54.300205
-53.183201
-48.362495
-49.624062
-52.166508
-54.510223
-59.880493
-56.003017
-60.351875
-55.467117
-41.667088
-40.980499
-45.745651
-49.911789
-41.608696
-43.160343
-49.264278
-50.614384
-48.053577
-49.796890
-45.377861
-43.269131
-49.821369
-50.800396
-48.779724
-43.814911
-50.385056
-56.622734
-54.114193
-52.512157
-48.021080
-49.313732
-48.676590
-50.969933
-44.185051
-42.076305
-44.825485
-39.297939
-36.473892
-35.005592
-35.305561
-36.612339
-31.834486
-27.093357
-24.350777
-23.058125
-34.856312
-32.182484
-26.616798
-28.985004
-39.095451
-33.481255
-29.754002
-31.034403
-36.476250
-36.000156
-30.430229
-35.545723
-30.269176
-33.630531
-39.280045
-41.799889
-40.090008
-34.339722
-29.851479
-28.567308
-30.904434
-33.167629
-28.633234
-26.048878
-36.672146
-30.686876
-25.343927
-24.883373
-29.528435
-28.873873
-18.576473
-18.060829
-23.305351
-25.518162
-17.466068
-18.203510
-26.168018
-29.927296
-26.558405
-24.948360
-27.156460
-31.650831
-28.863037
-28.340803
-28.952982
-34.295933
-28.600742
-29.828876
-38.806309
-39.893646
-24.893738
-21.050167
-31.802929
-29.373978
-26.771723
-30.262589
-31.053246
-45.210220
-37.782547
-37.763248
-37.159527
-40.613190
-30.540421
-34.971680
-41.239029
-50.018673
-33.507626
-32.911453
-36.412666
-42.641407
-42.283512
-45.893505
-57.148270
-50.076611
-39.130768
-39.140656
-47.700394
-49.430519
-47.563820
-51.964481
-56.835102
-65.900604
-54.498447
-53.029686
-46.159103
-52.294117
-48.169888
-44.950275
-44.868809
-47.302475
-35.228329
-40.347591
-45.812046
-39.787678
-35.832973
-40.192669
-35.919628
-41.716530
-44.853733
-46.364414
-44.980415
-39.035637
-45.315704
-50.085552
-43.177299
-46.301792
-44.856094
-59.355427
-55.348915
-54.910034
-55.987007
-55.664425
-53.714386
-55.086624
-58.502132
-54.460789
-53.194031
-46.316387
-46.537712
-54.297848
-51.056103
-51.098946
-50.813110
-43.765930
-48.696838
-39.688320
-58.831314
-48.375675
-48.732151
-50.903519
-45.904343
-53.758186
-52.478718
-56.990517
-64.168602
-56.328415
-52.396301
-56.522892
-47.671200
-42.344261
-43.990566
-49.782757
-44.471363
-42.701202
-42.935257
-41.598343
-37.744877
-34.563404
-41.861576
-36.121643
-42.198280
-34.500301
-36.631649
-31.307535
-31.033463
-28.822540
-31.280224
-35.696419
-37.363445
-33.694111
-35.598942
-38.095707
-37.008842
-37.265018
-40.291565
-50.445801
-40.902321
-44.506210
-41.934093
-41.924671
-40.831692
-41.723122
-49.862816
-53.239246
-44.656895
-41.691578
-38.718723
-46.114365
-43.500340
-43.623245
-37.233002
-48.648338
-42.643284
-36.905239
-35.595173
-42.639046
-40.066933
-30.725487
-31.049942
-40.140400
-34.997585
-36.563366
-35.798607
-35.606949
-39.666664
-35.793900
-34.977802
-35.334286
-36.782806
-31.031582
-31.848610
-35.248119
9.941778
9.632318
9.471805
8.063324
14.614052
17.694197
26.477667
-4.195067
-4.371489
-6.832713
-37.016674
-43.268066
-40.772137
-41.367920
-44.338161
-52.920635
-63.472656
-67.712555
-56.009445
-59.503174
-62.759739
-68.726250
-61.773514
-66.688728
-90.556221
-82.630287
-64.298370
-67.659058
-69.081993
-46.297600
-43.257950
-57.067966
-87.580193
-57.503242
-49.116001
-66.681496
-71.499825
-86.442139
-87.061073
-88.760208
-118.164757
-72.367477
-33.452099
-57.857536
-30.891092
-56.959530
-53.995071
-51.350189
-78.702736
-34.756454
-25.876099
-50.453621
-42.281837
-58.394020
-53.326965
-77.890045
-79.561714
-28.069794
-31.083427
-38.018806
-34.269131
-41.058460
-56.969643
-57.970329
-65.868813
-49.357494
-54.561932
-57.299351
-29.751591
-20.431623
-31.210670
-70.170891
-73.572067
-70.288025
-61.478519
-49.584534
-26.697475
-39.435963
-76.537949
-60.596397
-51.137619
-58.463444
-47.065464
-55.616127
-40.510395
-53.335655
-54.903194
-36.634914
-35.071709
-44.048954
-47.014854
-54.235119
-34.347218
-67.764618
-66.016304
-48.193405
-27.171789
-29.722666
-48.511547
-76.195236
-71.170120
-65.246994
-83.295479
-40.362896
-17.276279
-15.059445
-20.770002
-62.247826
-47.876713
-58.924747
-64.779907
-41.576157
-29.158697
-10.998862
-48.345242
-68.577301
-62.967968
-62.972298
-58.908836
-50.363964
-24.891321
-16.637115
-60.907318
-57.902367
-50.284424
-56.796112
-16.446236
-18.534367
-12.502784
-19.484436
-60.937675
-45.398140
-36.257488
-46.181904
-50.460850
-11.142024
-19.218357
-40.459785
-49.024895
-51.663986
-30.645264
-50.832497
-64.503716
-82.129936
-49.301094
-50.327812
-56.916134
-77.430191
-59.251564
-83.554337
-92.670387
-92.443367
-49.902664
-47.687279
-84.718430
-90.601059
-61.488640
-70.167992
-74.075302
-75.744057
-39.978241
-76.987686
-75.055740
-101.751762
-108.137627
-101.448074
-115.294250
-107.980011
-103.161674
-110.303848
-120.663544
-106.685760
-98.107628
-71.152771
-88.269989
-83.616501
-85.837685
-78.154663
-105.449387
-91.086929
-93.532265
-62.318680
-48.521664
-52.203373
-45.424160
-58.845196
-62.000542
-46.481247
-77.026741
-76.180786
-69.090668
-69.216469
-70.993706
-82.586906
-74.752052
-59.968815
-81.519707
-109.278564
-101.780685
-105.455162
-84.060471
-69.510025
-82.171875
-83.077133
-96.790253
-98.067154
-102.687386
-102.483475
-79.208855
-56.895885
-57.345615
-55.866280
-31.048719
-59.701286
-101.053314
-70.500603
-47.379253
-60.460468
-61.617329
-59.007160
-52.509941
-58.749767
-83.379326
-79.586281
-42.354137
-53.948788
-85.279495
-76.753418
-72.046440
-89.626396
-87.824593
-111.501213
-61.737370
-63.946980
-70.575798
-89.368988
-81.091660
-72.484604
-57.684013
-62.285423
-68.729149
-74.086861
-71.732651
-65.983047
-53.131756
-55.614677
-54.922005
-42.634682
-54.644352
-47.518093
-80.591309
-66.590393
-63.047504
-58.029617
-66.055351
-66.896973
-66.114632
-73.305984
-47.288155
-59.439541
-53.253227
-38.718708
-40.187923
-47.453011
-41.509632
-59.170567
-53.099945
-59.315182
-59.091042
-41.542896
-48.543350
-53.426762
-49.162277
-67.471062
-66.113197
-70.886688
-75.352180
-47.439991
-46.063332
-77.917526
-6.914366
-7.756871
-8.749480
-10.243235
-17.526802
-22.393005
-32.988491
-5.806759
-32.402615
-35.248493
-14.224563
-9.342624
-15.930157
-16.610456
-25.614141
-5.586450
-22.017748
-26.599483
-1.134237
1.620857
-0.733561
0.800141
-11.247948
1.959798
-12.693284
-15.829684
-1.260130
3.044402
-5.332244
-7.664875
-24.487165
-11.169269
-26.651537
-25.177153
-0.963554
1.814538
-0.911506
-14.363769
-21.159510
-2.841035
-10.256548
-1.261341
-10.495011
-3.123084
-14.210043
-14.045407
-9.842553
-1.126976
-13.346947
-7.201257
-16.365931
-4.101167
-15.788528
-23.148357
-27.382681
-9.203417
-21.439127
-18.438316
-12.379766
-9.945451
-13.309422
-16.194044
-27.047371
-20.630516
-27.593302
-19.542280
-23.091459
-18.980610
-20.965824
-29.695944
-34.982182
-17.847586
-30.312082
-27.935877
-16.456722
-21.137716
-29.823042
-44.027031
-28.956327
-1.271023
-18.040054
-11.442839
-8.065550
-14.033306
-5.886649
-10.737119
-20.974298
-6.979729
-12.371293
-14.189461
-18.185312
-12.936590
-0.331677
-8.469856
-24.312851
-3.555236
4.802046
4.091484
-13.885622
-7.398566
-6.369639
-10.019291
-20.060371
-2.338680
6.349061
5.749872
-9.734824
-3.730754
2.810779
2.736937
0.629456
11.844725
20.988827
8.848741
-0.087158
-1.894432
5.028409
6.846579
10.141554
14.976284
-3.811858
-11.124478
-6.644423
-4.901308
7.202466
6.790895
-0.286887
-6.001650
-7.410667
-16.670975
-14.348031
-22.707733
-7.916659
-9.788089
-37.371704
-39.649868
-23.425554
-27.375410
-21.067509
-33.292328
-22.934097
-20.982775
-30.439188
-34.913181
-29.777044
-25.010103
-31.831255
-32.804497
-8.801534
-1.567594
-26.885160
-24.709896
-34.008949
-36.333099
-54.553513
-50.550407
-25.928881
-27.801516
-53.559696
-65.198631
-71.915695
-39.500973
-62.046501
-41.488609
-34.000462
-41.497086
-30.437979
-39.486446
-35.610428
-25.454351
-36.877827
-12.032350
-2.626779
-18.199837
1.591808
-15.001699
-5.315300
-21.003351
-30.774488
-23.200411
-12.176400
-29.170586
-17.651487
-30.214035
-31.318005
-31.866365
-34.152988
-8.437167
1.094291
-26.683014
-15.711056
-23.701536
-19.889694
-29.789148
-35.063282
-4.153216
-7.943286
-17.289545
1.606325
3.281670
12.917225
-7.737501
-8.753112
1.324289
-6.269168
-16.842875
-13.434110
-13.452268
-8.934693
-6.489480
-2.935460
3.580655
-30.084505
-30.410131
-10.608804
-27.333048
-19.796492
-20.691044
-6.364799
3.886910
-50.902660
-40.159489
-10.283182
-24.788580
-14.367406
-22.029854
-15.386642
-14.625236
-39.077293
-22.385746
-2.502103
8.078865
-12.541968
-12.561338
-3.221139
15.904734
-2.251524
-4.947307
14.621607
9.168313
12.886961
2.171632
10.455070
14.443665
2.002161
8.773693
14.838289
-1.591802
11.154743
-9.015788
13.561209
-1.990054
0.561673
4.310581
8.542484
-6.619004
1.309763
-10.041079
6.160222
-11.360527
-5.278987
3.591545
7.994127
-12.263556
0.484201
-9.590779
-7.801659
-27.103054
-16.450672
-9.042422
-5.103461
-18.408045
-7.541403
-10.636649
-4.753626
-16.238832
-2.617096
-36.201153
-36.651459
-25.336935
-7.604096
-7.865832
-8.887855
-9.208172
-9.996291
-11.888279
-16.449160
-7.608250
-15.231871
-15.412180
-16.939814
-15.843421
-16.748703
-18.812275
-21.332434
-16.975958
-24.908680
-24.598333
-16.675581
-16.765322
-19.837204
-22.015442
-25.803574
-19.837206
-32.482445
-35.382740
-33.305046
-29.934456
-28.966442
-31.307119
-35.486191
-30.854689
-31.020874
-32.012566
-28.303375
-32.678539
-36.138039
-44.386932
-43.536480
-38.858864
-47.516148
-44.262703
-56.557720
-57.222458
-58.714344
-50.799488
-49.673183
-46.163834
-44.283897
-41.914547
-41.824818
-46.170063
-41.096100
-44.116886
-49.722633
-50.685661
-49.153877
-41.061623
-39.325008
-41.859299
-41.378605
-32.489925
-32.718834
-34.496578
-33.421375
-30.876711
-37.686039
-34.892090
-27.316248
-26.315832
-35.406845
-36.935310
-31.017548
-40.201633
-38.587994
-37.739216
-38.747116
-34.945274
-41.079903
-30.976831
-25.646112
-32.537285
-29.554728
-33.243973
-25.758696
-22.777386
-27.640305
-25.423428
-24.818523
-24.440458
-31.301298
-38.330826
-44.034622
-46.779961
-35.563465
-25.375652
-21.658566
-23.122219
-28.905785
-21.597494
-29.977247
-26.155880
-21.670197
-30.430920
-24.092308
-21.177053
-25.642794
-27.905783
-27.195768
-25.575485
-25.159201
-24.742912
-26.044123
-26.640715
-29.204496
-24.521057
-19.654404
-22.939001
-22.442116
-23.762850
-22.422592
-19.525616
-30.423445
-30.098145
-32.489925
-31.252281
-31.824781
-25.877108
-29.335363
-29.052023
-26.307938
-28.973089
-22.495296
-26.031246
-34.536457
-31.652784
-29.195776
-28.958544
-33.709290
-30.692245
-28.834743
-30.202427
-31.871315
-37.235683
-39.799042
-36.308384
-37.172119
-36.170864
-34.905384
-36.308796
-43.329590
-52.233646
-40.251472
-41.485790
-37.537300
-44.362003
-46.006794
-50.311329
-45.620827
-48.909164
-44.408943
-37.448811
-36.633682
-36.076973
-33.830597
-35.563885
-34.520672
-38.050808
-37.042908
-30.264738
-40.888786
-30.700142
-30.016302
-36.379837
-36.560562
-36.845978
-35.336208
-44.111893
-48.078259
-47.269787
-42.959427
-47.676506
-37.993896
-40.187916
-41.262699
-38.347439
-38.570534
-38.233601
-41.212429
-44.553944
-46.718468
-45.728844
-48.390682
-53.461739
-51.951141
-62.443905
-64.845245
-50.127281
-54.747997
-50.312580
-48.303436
-40.484959
-40.171711
-43.417675
-44.057480
-44.228218
-44.498276
-47.899612
-41.315880
-38.436760
-37.378601
-39.779934
-48.785370
-38.007175
-35.621212
-37.688114
-26.615372
-30.086926
-36.923672
-36.092342
-33.910786
-30.614557
-34.300903
-35.084446
-25.010052
-23.583374
-28.657339
-33.172516
-32.262257
-32.760384
-32.224037
-38.660278
-38.603775
-40.370708
-30.007572
-28.699724
-32.592541
-27.472872
-26.021690
-27.914921
-28.905371
-28.758295
-36.779091
-39.014664
-37.165886
-32.684353
-33.089012
-37.285954
-39.133488
-48.576378
-51.657833
-45.637455
-41.895027
-46.973152
-36.762058
-38.236927
-37.379013
-32.416393
-39.698097
-35.464176
-31.769112
-38.449638
-36.437588
-35.202854
-34.032097
-38.997219
-35.794468
-34.076134
-32.703888
-28.298391
-30.491169
-31.714268
-33.818134
-27.116415
-22.621592
-25.786125
-26.275534
-28.433413
-26.804405
-31.020870
-3.813345
-4.583611
-4.975580
-6.923274
-7.078239
-9.747580
-11.192401
-26.012796
-26.283220
-31.761679
-27.618650
-28.208122
-27.056526
-32.019955
-16.401949
-22.980347
-26.389570
-30.525005
-18.974054
-21.998903
-25.582840
-29.595207
-27.058046
-31.807257
-32.898083
-40.977516
-32.928471
-48.367203
-40.299923
-31.524673
-32.372425
-30.318382
-10.894625
-18.448393
-29.762327
-35.739109
-39.324554
-54.925861
-47.318913
-48.064869
-36.393906
-16.376114
-11.584371
-23.981543
-25.288105
-24.438837
-19.177637
-24.604437
-18.308622
-5.613673
-5.083449
-11.812262
-19.584803
-11.354962
-7.742156
-17.277039
-4.202278
-7.725442
2.564511
-4.981660
-20.961250
2.114814
-16.508295
-12.893974
-5.868906
-26.752676
-13.712851
-18.831245
-0.704938
8.629403
-5.133583
-25.795536
-14.098744
-27.916426
-39.517498
-32.809971
-27.942255
-12.678236
-28.135199
-22.482031
-9.691368
-2.032770
-18.934555
-27.270742
-33.265743
-24.218546
-16.781763
-11.491690
-5.988925
3.254259
-9.112534
-9.117086
-27.337587
-31.462387
-17.147903
-19.525547
-4.139989
-3.860445
-21.576550
3.410741
-13.267704
-8.927181
-7.190662
-13.981760
-7.044814
-7.613020
-24.751806
1.961365
0.859900
5.949427
9.422461
-4.914810
-24.531513
-26.969929
-23.360163
-5.040908
-12.002165
-7.725446
-22.166023
-26.029503
-17.705473
-21.465643
-12.600751
-5.884097
-11.674006
-10.443399
5.914485
8.128047
3.372760
-1.046775
2.389799
0.056215
5.625823
6.570808
-6.367223
-10.893101
-9.937488
-13.208462
-11.432444
-3.813341
-30.023645
-31.864988
-33.350819
-28.423855
-35.070633
-43.621029
-13.439386
-10.741175
-42.963196
-48.329220
-48.069427
-36.015606
-40.872692
-40.936501
-8.936300
-5.317415
-21.496033
-29.669653
-46.305569
-47.709373
-44.707302
-56.144302
-51.182396
-43.256409
-42.584892
-35.603886
-32.960373
-24.586203
-32.724880
-35.242306
-46.238720
-34.952122
-30.490053
-27.532057
-27.039816
-29.139433
-32.588154
-36.150833
-35.708714
-49.201275
-56.501328
-13.720451
-20.149961
-18.955824
-26.611385
-7.579594
-5.516443
-34.832096
-38.215500
-27.624727
-39.558525
-39.494713
-53.037403
-1.233644
-7.550729
-30.462704
-29.397709
-40.175339
-42.208126
-51.627537
-33.621250
-5.821808
-12.347036
-30.511330
-29.947678
-25.503845
-29.019419
-32.503075
-27.465210
-9.080627
-16.335102
-33.704811
-10.569505
-18.016922
-27.509262
-34.039047
-42.525642
-40.343983
-22.415182
-40.454899
11.329130
-7.526423
-3.468478
-10.724464
-18.253925
-23.346489
-48.619400
-44.690590
-21.172428
-26.977524
-14.890279
-24.950832
-34.991623
-39.833511
-20.771341
-47.830906
-37.063900
-45.626461
-19.779261
-17.901455
-21.280293
-22.842091
-25.459785
-43.109043
-44.610073
-47.847607
-18.744644
-23.265968
-22.527615
-16.989902
-34.753101
-40.857494
-45.561131
-40.743561
-26.845346
-25.871500
-28.934336
-18.787188
6.136296
3.878669
2.569069
-20.748550
-20.435587
-12.734450
-11.095163
7.489955
7.909273
12.283227
9.313073
-5.779272
-6.572322
-6.818446
-5.034831
-10.918935
-12.792179
-11.920127
-16.016052
7.158760
10.330977
-1.162231
-1.766838
-1.817102
-2.432449
-3.184878
-4.260213
-3.259512
1.611477
-4.995887
-4.698875
-5.203032
12.547596
11.021415
15.650225
16.542782
10.055747
-3.664666
5.506140
0.412770
-12.390712
-13.458427
-9.479999
-7.833487
-22.731285
-13.223867
-11.575831
24.124958
11.885033
20.781675
15.531421
-26.268003
-31.314159
-31.004967
-42.277683
-38.169796
-30.956221
-25.369354
-31.818317
-35.895748
-37.781395
-22.833334
-46.472408
-68.510674
-38.341904
-17.960831
-36.096802
-31.999565
-18.431473
-10.601034
-38.316013
-38.782101
-16.059944
-10.371032
-11.009224
-13.811794
-14.116426
-6.357569
-2.132391
9.732842
-10.208056
-12.960371
-10.066408
-24.594080
-8.596576
-12.718185
-12.832420
-5.362960
-20.774054
-12.859838
-31.726919
-35.610924
-21.357418
-7.601973
-3.111766
6.841931
-12.016022
-2.607608
-13.039564
-19.468723
-17.357664
-20.123678
-13.377704
-12.795865
-32.608822
-9.646022
-21.570654
-22.508905
-39.855900
-27.727167
-16.053858
-15.004413
-27.073744
-16.693575
-24.674807
-25.974043
-30.963835
-24.024429
-31.189259
-38.631302
-30.008833
-17.874002
-17.991289
-17.249519
-19.675877
11.638284
2.001406
-2.478149
1.795774
8.966702
-1.424133
-6.444390
16.209215
24.242231
3.318910
-7.298870
13.042612
6.854112
-2.706609
-0.656471
13.857494
-4.130744
9.665824
7.912692
12.317604
2.566486
-5.225877
3.791087
-22.272821
-31.931028
-2.286229
0.513301
-14.806411
-12.151584
-28.019613
-41.968498
-27.940413
-8.508239
-1.960278
0.846863
-14.127088
-14.028085
-31.597462
-38.451576
-44.350689
-11.432663
-8.561547
4.691259
-18.594446
-1.552077
1.640424
-4.778075
-18.327892
-3.468181
-39.057781
-34.022289
-48.997768
-54.107887
-34.811275
-32.281338
-39.146118
-39.834587
-33.306419
-44.379616
-44.082607
-15.398905
-19.186945
-15.112556
-16.992107
-33.403896
-17.677519
-18.752855
-22.123550
-10.371031
-18.952385
-14.577934
-21.514296
-24.697653
-33.271393
41.368382
20.644587
22.938425
24.053371
-44.600471
-30.770399
-46.699356
-53.911400
-12.695330
-20.437449
-26.651840
-7.821306
-52.133911
-30.584579
-43.505341
-53.510818
-26.304564
-40.873352
-39.267971
-34.336063
-35.102203
-29.490961
-30.378958
-42.110161
-47.925484
-43.803879
-46.419094
-42.746811
-41.621227
-43.512962
-49.722775
-54.283039
-23.910194
-31.009535
-36.058727
-29.116270
-27.056993
-17.308922
-39.947296
-47.917866
-35.630722
-25.841528
-34.971210
-46.915646
-40.195557
-26.913820
-30.861788
-27.518499
-24.362564
3.632681
6.252473
-5.522890
-4.068298
1.999881
5.072045
21.019279
24.659573
3.361557
-4.779602
-9.079416
-1.194136
-5.996586
-17.462759
-1.497248
7.699452
-0.067018
-13.569620
-36.265865
-30.318026
-17.295214
-30.445974
-28.621254
-19.988115
-6.426115
-4.275446
-14.090533
-24.824072
-15.220698
-24.187401
-33.810577
-9.981112
-18.416241
-15.117125
-14.015899
15.845185
13.161423
17.258654
0.348798
-2.580195
-5.143632
10.462423
11.418951
10.377128
5.105553
-0.580314
-9.262191
-7.231853
-1.163675
-7.081056
-2.528404
6.081885
7.979711
-2.619792
-4.566994
-4.610648
-4.579296
-4.322135
-4.068545
-4.705496
-7.400133
-2.983546
-11.048014
-11.897279
-13.960918
-12.823141
-16.686514
-19.726414
-30.205738
-15.109018
-30.150175
-30.875229
-27.228535
-25.334747
-26.308628
-31.498287
-33.082527
-19.895868
-33.682964
-38.571812
-36.371651
-35.229900
-39.050419
-40.744186
-39.113113
-43.470562
-42.092693
-44.623428
-45.413567
-41.476383
-39.465523
-40.229858
-43.127293
-43.248722
-42.808617
-44.647644
-46.741039
-43.203888
-42.797501
-50.948895
-50.161530
-46.534683
-54.464207
-40.735451
-47.587933
-47.120831
-48.729282
-37.351475
-40.192558
-38.174953
-39.581402
-45.242531
-41.497807
-41.780369
-42.598286
-38.738884
-36.916927
-36.192272
-37.173695
-42.794331
-30.954996
-32.426128
-30.522812
-26.961451
-29.539812
-28.327820
-29.875944
-35.121571
-42.646698
-34.065533
-34.530640
-40.854904
-33.591293
-35.118385
-33.022598
-33.399220
-39.321857
-34.901302
-45.610806
-40.359234
-35.745014
-24.622795
-20.828079
-21.084049
-18.917231
-22.382954
-22.234924
-19.618469
-28.112331
-31.159765
-25.739937
-26.645563
-28.875088
-23.567562
-28.031765
-21.664248
-26.066946
-29.255264
-22.954422
-22.444462
-30.820068
-27.698807
-23.831469
-22.824253
-19.245426
-19.039062
-25.133543
-25.171249
-24.919245
-25.907808
-19.860550
-21.274937
-21.557493
-24.777964
-18.271147
-22.655987
-23.777100
-25.902248
-26.317360
-27.571815
-30.224781
-26.095119
-32.072533
-31.677277
-35.775181
-35.742638
-25.978447
-28.837379
-33.326595
-43.027679
-27.399183
-18.956120
-28.591728
-29.506870
-33.979412
-39.619110
-51.656078
-54.886070
-38.117020
-38.689674
-37.629673
-41.231525
-44.696457
-48.924133
-44.482937
-41.946651
-39.435364
-40.527107
-34.353249
-35.684685
-30.810143
-34.965195
-36.848267
-40.367573
-38.634506
-37.249878
-41.072380
-38.755947
-35.921227
-41.660526
-35.954948
-48.028431
-45.587784
-32.486847
-41.166435
-41.544643
-36.584759
-40.228672
-36.758587
-42.762188
-42.013325
-53.211349
-54.563820
-50.213509
-51.888630
-46.056076
-46.939075
-45.353642
-43.568588
-44.745258
-44.107128
-41.808144
-42.574867
-41.454937
-40.071911
-42.368900
-44.467464
-33.506756
-33.173401
-44.911148
-40.602104
-52.997437
-45.848122
-47.125210
-44.871868
-42.326439
-42.287148
-52.028725
-49.801575
-37.365364
-34.943768
-38.022167
-30.391062
-33.475803
-33.851624
-37.170124
-41.090240
-34.530647
-31.645121
-33.537724
-33.495258
-33.336910
-39.897297
-40.939827
-47.950256
-38.563469
-35.013615
-37.962234
-37.560623
-31.551071
-36.418877
-42.973713
-40.437412
-36.887566
-35.081085
-39.304001
-33.268257
-34.893372
-45.473091
-49.131687
-41.302158
-35.844234
-38.810711
-38.459892
-37.151859
-39.977062
-35.393799
-33.381359
-31.102621
-33.467472
-28.569904
-34.565170
-26.996769
-28.540932
-42.660198
-51.706478
-38.913895
-45.749706
-39.561562
-46.319584
-41.827587
-40.226288
-27.609119
-36.655399
-32.876553
-38.975010
-34.117123
-34.797333
-41.330338
-34.864002
-27.648804
-24.016006
-20.884829
-20.940386
-19.539095
-26.552294
-28.387354
-29.416788
-26.205847
-30.155334
-31.158583
-24.667635
-25.124020
-28.250835
-10.615237
-11.302694
-12.986548
-13.977377
-20.552757
-27.558142
-45.336025
-17.137732
-40.483459
-43.504662
-37.853306
-34.974056
-48.550652
-57.886997
-69.824265
-21.607601
-46.413132
-45.067440
-26.094168
-17.438322
-22.462053
-22.179552
-27.032118
-18.708866
-25.778275
-17.455021
-6.522496
-8.711505
-6.189904
-12.322746
-13.836824
-16.633965
-26.096952
-28.380579
-12.815376
-16.526814
-15.814307
-26.943050
-30.849314
-30.579336
-31.220871
-21.423906
-31.589643
-31.709322
-22.784903
-34.852985
-24.166782
-17.343693
-31.636965
-17.379879
-36.943192
-29.958679
-39.809921
-46.392265
-45.011772
-51.301872
-55.145515
-42.856163
-23.515505
-35.992718
-22.125282
-19.702478
-37.186726
-39.828018
-46.953079
-34.706871
-15.863013
-28.999857
-13.035255
-14.387902
-16.465586
-30.410950
-31.453276
-22.942156
-18.337307
-18.283033
-25.840889
-48.803925
-25.921604
-27.729313
-31.694019
-29.445177
-32.911690
-25.126991
-17.759783
-23.939945
-12.250382
-17.549652
-15.250704
-27.014023
-27.807238
-22.765423
3.999502
9.909688
-23.383301
-10.470507
9.099767
2.900124
-11.981801
-29.257309
-6.761856
0.281107
-30.019913
-14.399037
-0.178127
1.042319
-8.749083
-26.813633
-13.683746
-10.299341
-28.445992
-22.112753
-6.358284
4.215200
-8.399786
-27.992329
-18.007490
-8.948083
-13.128490
-13.550153
-42.817196
-21.689705
-34.293564
-43.808022
-28.928879
-24.531384
-28.192713
-31.748295
-60.887314
-46.759636
-66.043243
-79.220451
-59.021156
-58.447815
-67.369461
-72.895561
-37.908974
-36.660694
-58.966888
-67.052162
-42.956367
-42.068512
-45.135624
-66.057152
-15.696020
-14.652311
-31.593832
-41.971096
-8.776909
-11.984586
-34.183624
-39.757034
-12.953147
-20.502655
-42.064339
-37.932632
-4.979197
-13.436042
-47.063011
-59.122746
-68.943367
-30.127068
-49.624985
-61.020916
-62.377739
-42.750401
-73.432724
-80.520210
-75.009430
-38.606167
-49.142086
-44.929672
-38.965206
-32.032181
-41.698334
-33.466942
-18.849424
-52.079796
-39.640152
-21.511576
-29.639988
-57.138298
-45.017345
-33.757793
-20.655733
-64.460983
-61.105789
-24.964176
-36.598072
-44.590118
-42.114429
-34.638676
-25.527779
-58.677425
-48.514465
-30.779734
-21.165062
-15.730810
-13.323316
-1.653234
7.248921
-19.582802
-18.644854
-1.817447
-17.791794
-12.470257
-2.186225
4.483788
-2.429754
7.559254
12.667869
19.026161
-18.132736
-20.099089
-17.722212
-12.482789
-13.559896
-12.350581
8.011527
-8.988435
-48.667542
-42.952183
-44.744583
-50.920563
-31.346117
-35.985760
-31.508938
-51.641430
-28.169069
-45.671402
-59.964680
-54.462227
-25.999537
-42.550011
-64.310684
-43.379414
-0.065402
-10.105906
-33.511475
-18.079853
-21.611773
-34.197544
-40.621223
-3.868687
10.842074
8.885459
-14.083139
-20.114397
-16.062012
-12.761107
12.766670
-11.198322
0.922642
-3.421983
-5.904621
-17.897552
-20.067081
-19.535484
19.048420
-20.995291
-12.548191
-13.722716
0.519071
-10.108685
-12.203067
-17.122429
-8.981481
-25.179871
-13.861876
-19.241856
-8.344119
-5.912967
-6.761852
-33.980446
-19.077642
-14.572987
-4.081605
-77.770386
-63.286461
-59.132492
