4.220321
4.369791
3.761521
3.187622
-1.676139
-2.689656
-9.742706
-22.271784
-29.668543
-32.802612
-59.284328
-53.052956
-73.662994
-64.032181
-72.916435
-68.249313
-59.536903
-63.451893
-48.267529
-47.950207
-43.841789
-43.417355
-49.453693
-45.576275
-53.530945
-38.431301
-47.847092
-36.673637
-44.356537
-17.057137
-21.001694
-2.863901
-8.556546
8.045793
2.851115
8.062572
0.524340
-1.166984
-7.172147
-10.129571
-16.416092
-19.670851
-10.578779
-20.204792
-13.907881
-21.628349
-24.361166
-28.927588
-30.877886
-33.850498
-33.145512
-34.676975
-30.760389
-27.556787
-23.230951
-24.209299
-8.796333
-4.021295
-8.234421
-12.117440
-17.256956
-3.961347
-15.661548
-6.189006
-12.515492
2.909462
-4.404963
-1.340431
10.619542
8.088951
1.257304
-27.091587
-25.605684
-38.639126
-34.126259
-36.735184
-27.475252
-33.705822
-26.773464
-33.695435
-20.324686
-22.563532
-16.560768
-11.688214
-10.267849
-3.794293
-5.340147
-0.725767
1.275687
-1.388390
4.261886
-7.658126
-3.932572
-5.036410
-1.883958
-6.841238
2.112560
-6.341672
-5.036411
-8.992960
-10.729848
-10.171933
-12.525881
-4.602389
-5.591127
1.139007
-4.072452
0.245385
-4.115613
2.362740
-1.204550
3.970139
-0.561911
-1.388390
-6.242558
-8.204848
-9.943334
-5.085964
-11.362898
-11.179853
-18.575809
-14.783114
-28.829275
-28.910803
-51.296898
-44.348541
-36.698414
-26.565651
-25.234812
-20.470161
-24.195717
-19.843506
-6.549493
-4.991656
-4.802214
-6.968330
-10.600359
-14.399446
-15.380197
-13.255647
-11.255793
-11.801717
-11.442028
-5.479226
-7.049057
-3.871830
-8.054580
-10.530820
-17.479168
-14.832675
-18.036278
-15.039693
-20.636417
-20.495737
-31.434200
-39.202629
-41.048222
-45.107887
-48.179604
-54.149601
-53.108112
-60.741463
-62.204182
-72.496017
-83.941238
-65.244736
-95.615067
-63.111404
-93.298683
-49.135578
-71.416946
-36.272385
-43.845791
-40.107449
-31.547701
-27.560780
-24.867924
-16.852507
-17.562300
-20.269533
-24.663303
-16.136335
-14.319524
-5.641482
-4.536845
5.892463
6.271333
4.770242
5.943620
-1.826408
-1.265296
-7.402349
-10.384551
-12.890365
-15.524871
-17.637428
-19.320761
-18.035486
-20.008163
-13.907878
-16.528791
-4.559226
-11.949584
-5.509596
-9.435779
-1.360418
-7.980246
-5.225045
-10.709866
-8.900243
-10.553205
-14.618457
-8.743580
-9.558069
-23.259729
-14.483375
-30.401501
-27.615129
-11.147082
-9.295899
-3.162042
-7.702081
-7.946671
-3.767116
-0.319719
5.382512
-23.429977
-16.782173
-46.356396
-42.803490
-52.654110
-52.094593
-49.870136
-46.116604
-41.345562
-41.486240
-35.316418
-33.318958
-27.301006
-22.698616
-23.071892
-14.105309
-11.920807
-10.598760
-9.595636
-7.100211
-6.223377
-2.195687
-4.969270
-2.377928
-3.075721
-0.004797
-1.341231
-0.957568
-2.916659
1.071865
-5.165096
-1.572229
-5.250623
-6.446382
-14.724768
-7.626954
-19.072979
-11.850470
-22.791338
-17.607052
-21.792204
-13.034241
-15.715904
-4.766244
-6.427199
-6.377642
-6.917970
-10.871325
-10.147956
-10.753826
-9.149621
-21.143171
-16.746206
-40.178581
-6.662988
-6.587048
-14.113069
-14.654144
-24.721008
-28.530693
-46.950218
-34.440601
-56.938770
-46.966030
-28.858183
-20.963541
-15.813821
-8.034676
3.607969
18.328554
13.915307
27.318798
39.614834
45.784988
39.230385
44.108772
45.521584
48.415234
38.538219
59.410789
57.223549
70.036919
61.866985
30.104870
28.550468
20.384487
9.676875
7.194569
-2.085993
-9.198291
-13.792695
-23.811304
-26.141722
-26.555443
-25.421080
-7.266556
-24.442560
-18.179842
-38.879169
-30.986099
-39.673382
-35.803574
-43.214890
-34.340931
-43.134209
-38.873631
-41.261005
-35.607395
-30.795458
-13.102905
-19.860018
-3.372227
-13.043572
5.254132
1.803582
12.342709
-9.432443
-2.449871
-12.312646
-11.330959
-27.109180
-23.196661
-28.173929
-29.169065
-43.352539
-4.834094
-18.973261
-0.625719
-10.966276
10.095339
12.242240
18.550049
29.713305
35.935677
29.867552
29.483902
25.319828
8.168347
9.706144
-2.752844
3.801770
-1.239571
0.592494
-2.630230
-0.784717
-6.015121
-4.380817
-10.153087
-8.639813
-14.035546
-3.513832
-5.984270
-20.418505
-19.405172
-30.498022
-26.674099
-27.477804
-11.882317
-8.814631
-2.344664
-15.204715
-1.335286
-7.662872
1.041809
-3.596889
11.750214
11.187781
10.603982
10.272535
22.525852
26.821238
25.900457
35.203171
29.418247
3.658590
4.801655
2.559032
10.195012
34.310074
40.882893
7.429509
6.340247
-11.981192
-13.746023
-15.815396
-17.888739
-18.270012
-21.476921
-29.350998
-33.759502
-35.558350
-37.670448
-42.228462
-42.867626
-40.709652
-40.967533
-34.261826
-37.415730
-31.075485
-26.717609
-39.603767
-33.045986
-38.998611
-34.552933
-37.490089
-30.222746
-40.951710
-31.812748
-42.554367
-35.848663
-35.757702
-31.338907
-31.722572
-33.095028
-44.424400
-33.608433
-50.747238
-9.457751
-20.469135
10.986860
-1.598702
23.150774
22.959333
20.629702
25.765982
29.633406
31.952759
32.556328
26.218464
29.184093
29.445932
43.601715
43.970352
54.820339
59.794460
24.804857
20.828260
10.746373
7.051391
3.751933
1.677018
-12.695503
-12.836312
-26.266716
-31.660069
-35.637463
-35.059990
-39.461380
-37.662537
-38.111855
-40.630547
-33.307030
-33.697018
-30.870609
-17.667242
-25.713768
-17.144358
-21.851089
-11.043808
-12.575274
-8.743441
-9.694280
0.469882
-2.665830
-1.487170
2.930827
-17.073164
-10.358762
-6.614734
-11.145850
-12.983456
-7.203269
-10.691797
-5.553153
-29.256876
-23.572409
-25.823729
-31.630014
-33.987331
-37.770908
5.160789
-0.726979
15.565423
6.019069
32.416313
35.621632
41.721394
36.926857
43.364403
60.311775
49.192825
48.752213
40.858368
39.817345
45.144260
13.392417
11.573809
4.455175
8.234799
-2.462534
-2.458572
-6.871036
-3.997161
-17.537508
-18.887037
-21.964207
-20.475458
-27.850388
-25.137890
-28.128046
-26.104549
-28.218229
-31.952757
-32.664700
-40.448605
-20.569592
-25.675011
-15.548816
-19.307085
-10.657777
-12.311856
-3.944950
-5.441610
9.855657
10.535166
13.132172
15.863653
25.408426
27.863043
34.010273
38.404537
6.635306
5.550776
8.060769
-0.752729
-0.538863
-1.128770
-0.725592
-0.611234
0.080117
-0.339213
2.668473
2.050137
4.761250
2.987654
4.646239
3.182787
3.969115
-0.868384
3.072296
-14.559013
-11.495111
-18.960377
-17.926588
-19.598097
-20.361164
-24.073122
-23.899313
-21.048634
-19.422998
-17.819330
-16.389469
-14.348377
-19.223351
-15.468102
-21.314192
-20.642870
-24.509251
-23.831472
-11.562306
-10.301085
-1.494472
-0.454869
3.170509
4.515089
16.456017
15.623167
22.107622
10.555005
12.148981
4.396842
4.507324
-3.961358
-8.123661
-14.263735
-11.207589
-20.082041
-17.244284
-16.513521
-12.061112
-14.849764
-14.569994
-10.372156
-9.731852
-7.276597
-2.749885
-12.370602
-6.133612
-11.955797
-11.660519
-11.632735
-5.755631
-1.491892
4.264391
4.179104
6.373332
4.164239
3.398584
4.159070
-0.816696
3.649282
-5.233569
-6.912185
-13.122685
-15.497178
-6.742902
-10.562764
-13.920645
-11.535817
-10.343081
-10.631251
-6.951599
-2.557341
0.423209
2.183238
0.009045
-4.706334
-3.354006
-8.302635
-7.047871
0.065258
3.847641
-6.351356
0.127284
-7.201648
-1.774246
-1.676682
1.760677
3.691928
3.804352
3.569810
2.625183
0.165405
-2.506298
-3.557536
-8.668338
-8.185688
-10.109186
-10.182843
-10.507840
-11.998439
-13.538143
-13.618261
-22.396441
-19.590342
-32.178040
-23.982664
-34.389709
-6.531622
-14.546734
0.719778
-6.225361
6.274468
-4.192669
2.840988
-2.308586
2.537961
-3.102022
4.893062
-1.217289
6.465718
4.033724
9.499253
7.659742
13.078753
6.247330
9.153565
1.727076
5.251009
4.077011
0.493639
2.647797
1.478322
2.267876
3.525876
3.671248
2.366728
4.679840
4.035673
7.957600
0.777926
0.234542
-3.828905
-3.620203
-10.094333
-12.343469
-13.074223
-11.952554
-12.787993
-10.161529
-10.217736
-11.485417
-8.097815
-26.969673
-19.258884
-33.669930
-24.336739
-35.064903
-27.024597
-32.840309
-30.967867
-30.337896
-28.654753
-27.954355
-25.000305
-28.310371
-26.833340
-28.182436
-28.623093
-28.146908
-23.505825
-15.842851
-4.641074
0.366992
8.449305
6.639524
14.960889
12.168373
20.239685
13.788187
21.516420
14.379385
15.268453
12.090836
21.019554
15.437729
20.009024
14.328347
16.397875
16.012136
11.634024
11.138454
6.090969
5.373133
4.937645
3.048389
-0.741098
-3.713251
3.117527
-4.026618
-0.076242
-6.034757
6.413381
4.447241
5.168314
7.585439
13.280338
15.645132
13.153057
13.860552
17.228771
15.952044
14.239179
14.701152
13.543957
14.938282
7.434250
7.518895
-0.103376
-0.659689
0.580215
1.703170
4.971889
-2.391935
7.976992
-8.062281
-1.028623
-11.282538
-4.858171
-7.897517
-2.857787
-9.549645
-4.648184
-8.047418
-4.082830
-9.567091
-4.155838
-10.171858
-4.792916
-5.925564
-2.324736
-6.494795
-2.327969
-3.718417
-0.792143
-2.711117
-1.548749
-4.442072
-1.861471
-6.767455
0.080766
-4.620401
-2.736963
-10.256500
-9.822955
-9.328027
-10.156351
-7.314073
-9.649148
-9.896612
-13.558818
-16.788767
-24.229481
-22.346041
-5.625980
-5.985637
-13.357231
-14.385890
-21.259073
-23.842707
-35.687019
-36.771881
-48.634674
-46.637104
-52.094070
-49.126404
-56.788078
-54.234322
-57.290028
-52.650257
-46.082874
-46.652824
-41.793327
-41.864864
-40.483231
-43.351055
-41.109394
-47.675594
-47.368996
-54.468586
-51.728512
-60.983288
-60.450287
-63.746159
-60.482914
-56.584061
-55.953197
-49.372849
-45.113571
-41.833027
-39.519035
-32.413555
-29.843283
-27.260433
-27.343367
-33.475227
-31.225698
-36.835953
-32.454430
-32.116783
-34.369457
-38.111069
-34.217739
-39.593723
-38.958920
-37.255756
-32.999226
-29.158558
-28.453390
-31.370743
-25.710564
-29.490305
-24.331680
-30.864073
-29.967485
-36.855217
-27.964024
-35.828133
-21.647030
-27.493523
-29.632198
-36.299812
-37.044281
-43.887985
-38.595722
-38.400368
-36.858757
-39.989147
-40.857044
-37.948341
-38.616169
-41.393188
-42.681660
-40.230495
-35.791573
-33.516502
-36.220406
-26.985287
-33.161564
-26.083199
-21.727610
-18.648314
-16.785957
-15.993536
-16.070969
-12.769986
-6.849600
-8.285083
-6.918387
-9.308631
-17.362984
-23.360415
-20.649815
-24.054176
-19.690735
-20.023266
-18.370808
-22.086872
-25.760487
-27.784389
-21.263000
-24.126898
-22.875366
-22.208330
-20.226875
-18.098413
-20.470575
-17.498199
-20.070042
-20.932829
-24.948013
-22.994860
-33.328224
-31.049206
-40.623169
-33.878513
-43.320396
-41.930515
-58.254223
-50.679810
-63.249329
-55.574677
-59.898037
-54.002800
-57.902424
-53.516575
-57.325008
-53.056694
-49.497852
-39.356304
-35.773098
-33.147800
-34.018837
-29.924644
-28.227377
-28.740330
-27.565062
-26.233343
-27.107918
-27.939257
-30.197435
-33.451252
-33.964596
-32.100666
-28.264328
-31.605404
-29.369637
-30.353483
-36.011696
-39.940800
-39.438065
-42.683628
-44.057007
-49.224667
-52.128658
-50.897175
-58.675983
-51.639286
-58.685421
-60.695965
-70.522659
-55.642677
-68.744820
-51.431355
-53.664764
-47.945236
-47.229847
-47.683048
-45.003906
-40.910114
-45.756237
-47.555321
-50.002151
-56.389114
-61.117329
-53.722157
-59.830433
-51.145592
-52.150673
-44.507465
-48.910999
-39.696316
-47.197224
-37.132721
-35.637497
-32.953236
-34.606476
-31.578672
-34.543987
-32.862034
-33.585682
-30.994968
-29.498953
-33.787716
-33.684731
-29.956480
-28.434134
-27.783997
-25.378817
-22.419800
-23.685873
-22.453215
-23.994432
-18.602720
-17.477365
-18.115709
-23.761345
-21.384460
-33.198116
-24.927967
-30.686018
-33.227989
-38.364990
-35.956272
-46.364319
-41.562210
-43.878159
-44.424522
-40.082695
-42.666332
-49.131512
-47.885490
-48.289951
-47.566319
-47.751057
-49.035603
-47.234955
-48.522652
-51.387718
-53.774429
-48.697956
-51.635349
-47.107609
-48.721943
-50.429420
-44.475624
-48.050579
-34.370247
-33.047180
-29.733217
-32.227631
-25.423233
-30.038635
-23.760948
-20.352264
-17.972631
-19.570845
-18.370417
-20.916317
-18.857426
-21.166309
-18.289839
-18.273720
-20.509886
-23.242886
-26.300560
-22.742117
-25.343044
-23.735006
-23.080153
-18.553194
-15.346150
-14.335967
-11.329392
-10.308989
-9.536218
-9.776383
-14.850101
-15.894484
-22.987392
-27.331968
-32.858894
-35.161488
-43.535015
-5.431361
-5.616934
-12.027930
-12.246449
-18.716614
-21.166710
-31.117706
-19.483110
-31.426321
-20.544104
-12.230985
-3.484191
6.657754
16.251049
21.159985
28.204348
33.050072
38.309319
33.639740
37.864876
34.614674
37.478943
39.740105
43.047470
42.625896
31.543983
32.061707
30.417099
27.950865
13.363245
14.908337
3.884246
2.514642
2.298814
2.671303
1.194122
-1.155122
-1.280852
-3.477467
-1.992218
4.814131
7.291120
-0.252808
4.129663
-14.987005
-10.115726
-22.013887
-18.004580
-30.201271
-29.600178
-30.924736
-26.508646
-29.706413
-25.834267
-22.510767
-11.129653
-17.668398
-8.391109
-5.821334
-0.597060
-2.017767
13.361902
3.529914
7.242038
2.792330
0.088752
-6.517231
-9.261823
-9.595315
-18.924374
-27.161514
-12.689536
-18.670219
-1.922290
-6.503106
8.571973
7.662940
15.517503
26.280716
21.149223
23.770777
18.313860
16.985945
9.844763
10.377946
4.351543
5.657277
2.040626
1.721254
-1.024684
1.264718
1.337333
-7.822961
-0.733550
-3.677162
-0.352319
-0.404091
-0.049082
0.653539
2.784933
2.112570
3.970312
8.645262
-4.754289
0.299874
-7.790014
-8.696362
-4.987599
-6.970403
1.606953
0.248102
10.619325
11.108135
12.201400
14.958767
17.989113
19.191299
21.995062
34.845966
22.834845
19.301571
7.939955
12.877127
4.807405
22.298298
17.171522
5.312355
3.441164
-4.281619
-7.853888
-14.661584
-13.140695
-20.679243
-17.241447
-13.420400
-19.906700
-8.249907
-12.027256
-7.077980
-8.753516
-3.792806
-5.093162
-4.129658
-10.160769
-11.453731
-14.089399
-5.419256
1.561903
1.922289
6.537400
1.473825
8.185364
-7.793380
0.265584
-14.123691
-8.220332
-13.193809
-13.089591
-23.262470
-25.377060
-36.466366
-19.788361
-29.547733
-0.718084
-3.123804
29.127506
18.303780
35.758369
34.112415
33.934914
40.717045
30.148153
35.541866
21.959421
33.186569
31.623320
34.927994
22.969316
24.992462
18.002562
27.176304
6.160875
12.009104
1.323882
1.723266
2.149552
4.867921
-9.939565
2.736522
-7.669662
1.048218
-6.761300
1.128229
-4.912975
4.760343
-5.569193
8.865796
9.591281
13.945513
18.259403
15.120808
13.180363
12.932260
8.034760
8.474483
6.296023
5.534233
5.856966
3.357118
7.781275
7.330791
9.464877
-7.369788
-8.218984
-3.797514
-11.340775
-10.973662
-15.598859
-3.061276
-8.218985
0.386611
-4.872626
-2.236282
5.404469
-6.667167
-0.921812
-1.078475
5.481112
15.800570
16.072874
27.108395
24.436420
36.043446
32.489334
33.092442
37.232857
28.137114
28.722740
22.466387
15.473127
18.048948
13.452671
13.209275
9.492445
10.914495
0.900968
4.796648
-0.414177
1.275475
-5.434722
-1.699066
-5.627692
-1.652671
-7.988364
-4.459794
-5.508684
-3.068671
-6.308795
0.098837
2.458165
5.458928
-5.883862
-4.184126
-8.816716
-7.279019
-6.228786
-1.926997
3.745072
3.132546
10.648240
9.682051
9.509254
8.452295
18.487337
18.871927
28.807455
33.966511
14.700580
18.297058
14.305229
-1.786862
-2.416184
-4.713424
-6.315924
-12.862703
-16.471575
-27.466309
-28.582766
-46.657917
-50.619823
-59.447620
-57.445591
-68.110535
-64.001556
-66.044693
-49.686119
-57.382877
-51.296181
-47.714359
-40.456612
-44.847809
-41.518997
-40.104103
-38.115044
-43.749195
-50.611191
-47.451057
-50.336517
-51.643288
-45.126240
-47.257507
-41.110264
-38.571354
-29.214251
-26.442858
-23.967201
-25.638361
-30.277174
-30.173908
-32.039165
-35.897816
-23.991528
-35.334454
-22.222509
-32.916649
-20.428083
-31.677473
-24.269970
-34.034721
-22.239809
-33.761150
-31.249269
-33.868744
-30.152283
-29.757065
-22.719370
-24.561922
-18.433605
-19.277023
-12.554531
-12.704831
-2.135043
-23.584957
-7.286938
-25.547537
-18.380081
-29.691107
-34.050400
-22.524736
-31.353081
-21.082268
-29.704620
-23.600636
-35.828613
-39.057938
-36.497940
-36.524979
-36.654194
-37.818214
-34.802994
-31.018415
-26.568285
-19.404076
-28.037252
-21.189318
-30.259872
-16.942480
-21.764576
-14.685788
-14.542516
-11.029346
-12.160935
-11.209925
-7.372900
-9.642027
-13.661250
-6.560298
-11.696509
-11.766259
-17.625328
-25.340460
-24.612200
-29.681915
-28.026432
-24.584085
-18.251944
-28.036165
-20.742741
-19.743612
-15.866039
-16.698103
-13.626106
-14.022406
-15.231852
-15.376203
-11.339142
-11.509448
-9.210587
-7.602139
-10.005346
-13.073019
-26.787251
-32.488995
-45.251141
-44.111427
-51.504349
-33.729790
-39.045498
-23.398973
-29.050964
-27.883701
-29.115852
-23.487640
-27.942091
-34.134754
-37.039143
-35.606949
-38.299946
-40.422009
-39.660770
-37.528969
-41.897991
-39.027122
-40.617729
-35.566940
-33.083714
-34.277477
-29.753822
-34.227737
-31.993214
-34.088787
-33.977413
-37.667381
-35.992973
-37.190517
-31.474184
-30.001446
-34.718109
-37.231609
-40.480396
-44.395290
-44.833218
-50.749054
-49.014629
-54.162193
-48.892975
-57.491001
-40.916710
-50.383022
-42.006668
-47.783554
-54.787731
-45.113270
-57.727264
-49.409306
-54.777458
-53.363106
-65.109901
-65.935486
-61.738914
-60.812244
-48.194992
-50.218121
-40.089512
-42.068302
-32.791763
-33.359985
-32.052681
-33.868744
-33.685459
-38.472412
-36.983452
-40.197102
-39.694828
-39.716999
-49.938606
-42.384586
-46.154568
-49.085449
-55.247829
-36.770428
-46.272430
-28.128616
-37.926346
-21.248793
-25.495628
-14.519810
-16.923018
1.535999
-4.415523
-0.556332
1.603040
0.530381
0.074069
3.297450
2.391314
2.374554
-1.053192
0.896946
-2.906554
7.059322
1.186738
23.179464
13.866159
9.767998
7.499954
-9.948036
-13.763972
-19.343525
-23.085939
-26.030338
-27.218693
-29.950083
-29.979813
-33.717361
-30.557779
-30.957315
-25.267475
-24.432163
-19.499775
-21.640230
-29.182896
-24.734930
-28.083744
-20.663265
-33.486496
-27.210585
-34.979786
-26.739138
-37.192680
-31.477966
-31.596371
-32.952328
-35.817261
-36.916946
-38.358871
-39.667801
-41.117836
-30.336109
-29.918179
-25.169073
-27.859371
-21.746189
-19.993937
-15.901180
-13.599076
-12.428558
-11.625146
-12.991382
-11.893313
-11.050430
-8.514762
-7.869222
-5.111885
-6.128315
-5.676869
-7.215570
-14.980446
-17.072779
-35.584236
-4.130499
-4.394372
-9.880701
-10.233811
-20.744934
-23.821857
-34.182003
-30.378069
-43.291878
-34.655701
-51.708633
-46.385109
-45.612362
-50.048954
-41.737423
-41.200077
-55.129406
-55.929970
-54.462200
-55.083332
-59.192722
-60.079662
-53.576866
-53.371834
-46.164742
-51.342735
-53.900227
-56.267731
-58.873844
-50.367840
-53.663864
-49.179935
-46.834499
-42.633636
-40.991543
-33.872711
-31.216066
-25.913649
-25.805540
-26.430523
-24.988972
-26.093721
-26.711668
-30.174971
-35.363518
-27.287075
-38.894939
-44.026882
-38.672012
-39.090054
-38.705593
-35.964828
-32.300026
-28.293951
-27.686562
-21.956509
-17.747009
-16.894300
-16.701752
-18.682880
-20.053741
-27.976982
-24.815943
-29.234303
-23.782831
-25.223423
-34.616997
-39.715992
-40.555588
-33.239418
-31.278435
-34.618916
-35.229820
-34.206955
-34.328175
-30.926291
-28.754852
-37.347210
-28.502167
-34.667850
-31.018728
-29.765244
-28.818819
-23.912367
-34.375195
-25.863754
-25.120434
-24.803144
-20.764763
-15.652011
-14.159927
-6.634898
-7.834002
-5.567569
-6.669121
-11.611710
-10.274751
-15.088764
-17.409887
-24.087328
-14.362070
-15.252843
-25.844564
-25.402534
-26.415173
-22.759325
-22.389582
-18.070692
-21.405094
-17.891579
-19.542948
-14.110352
-12.518794
-14.345121
-14.275392
-12.387339
-15.338242
-16.296503
-27.835609
-22.087328
-35.221188
-36.592045
-38.008652
-48.541836
-49.781876
-58.898148
-47.396145
-57.309483
-52.085732
-44.688328
-52.962757
-48.930450
-48.816586
-43.431011
-31.350721
-36.235424
-31.447956
-33.474182
-28.700798
-32.820095
-31.408937
-27.874634
-26.072613
-27.790829
-27.178322
-27.793070
-28.566778
-22.265482
-24.558462
-23.996809
-24.327534
-20.451952
-27.045269
-26.170488
-31.178648
-32.196400
-34.573818
-35.944359
-38.494816
-44.469868
-50.836735
-43.769089
-50.319221
-56.373283
-61.521214
-48.505692
-52.444607
-56.630440
-56.277008
-53.009457
-63.729752
-61.313633
-65.179619
-57.100925
-68.466362
-59.903748
-58.806358
-52.904228
-51.057755
-48.251740
-50.138824
-43.187286
-41.579102
-41.121716
-43.335377
-42.949322
-44.467957
-37.650742
-36.757412
-32.155136
-30.902296
-32.150661
-32.081894
-30.126028
-31.859280
-30.218145
-25.892542
-26.486177
-24.772120
-23.195597
-24.101721
-24.945158
-32.194477
-33.301147
-25.862158
-29.763327
-27.802027
-26.364313
-20.667849
-22.013441
-19.741573
-20.728621
-30.062700
-27.243891
-30.024960
-32.134670
-35.125553
-34.125069
-30.822657
-34.628181
-40.299713
-43.005291
-32.727341
-40.152264
-44.106838
-44.296513
-38.133068
-38.321465
-37.540398
-37.313297
-33.978905
-29.430044
-39.912693
-42.253975
-49.401905
-44.798355
-42.869038
-44.331688
-41.871750
-36.747810
-34.979382
-45.620361
-41.960037
-38.022079
-30.274441
-34.301949
-31.399015
-28.418369
-24.442675
-21.635063
-18.614431
-15.303699
-20.276033
-18.320494
-18.842804
-17.541027
-19.998089
-19.065096
-19.901497
-21.346245
-18.831608
-19.752129
-20.144258
-19.214787
-21.500088
-21.328331
-23.654573
-20.421885
-19.423964
-15.928039
-13.244207
-10.876382
-10.531268
-15.576530
-16.401094
-18.259083
-22.953789
-32.483936
-39.008175
-40.460274
-3.137396
-3.744657
-6.291998
-7.759606
-8.448597
-8.962655
-8.789152
-16.424726
-17.500156
-22.527445
-10.713451
-12.335924
-9.526180
0.272443
-12.130883
7.988317
-6.709981
-4.214265
-9.992917
-6.287696
-12.773992
-8.151061
-21.587519
-20.203789
-30.284904
-20.669096
-23.592852
-13.265826
-14.313286
-20.248966
-21.738083
-22.396246
-23.932682
-18.734037
-22.791288
-15.603814
-19.448843
-12.746747
-12.776138
-13.896741
-19.075310
-19.456728
-9.903301
-12.029073
3.271467
1.773033
7.377467
5.373582
2.585340
2.503609
-11.403888
-15.540720
-10.731380
-13.067941
-12.314423
-10.873343
-11.628297
-8.208418
-12.723803
-10.167858
-15.106961
-8.265777
-13.508153
-8.804208
-14.982926
-11.774553
-10.683348
-2.734468
-9.582822
-5.898390
-14.417972
-2.666357
1.469041
3.244939
6.774509
1.945816
5.731339
1.241051
-16.223267
-17.805584
-17.732450
-18.731171
-10.156388
-21.323685
-10.093292
-20.527863
1.061810
-3.257128
0.177805
-3.546059
3.703790
-3.698054
1.809595
-4.843031
1.372252
-5.039477
-0.557075
-3.315918
-7.653497
-12.277141
-10.752893
-14.253782
-17.045612
-9.500373
-14.361328
-5.159212
-12.057036
-9.367017
-6.870581
-4.988574
-3.092227
-5.527725
-7.602592
-10.103334
-11.254762
-13.136769
-15.912104
-14.149110
-14.209334
-19.161350
6.609609
6.965934
11.260500
12.315138
10.152087
7.360980
-9.078085
-12.328760
-29.734283
-34.139977
-18.631512
-19.316919
-4.056530
-16.938068
-8.618526
-10.290454
-11.424683
-9.785724
-5.529152
-3.976233
-8.781983
-13.232121
-16.234018
-8.856545
-9.603613
-5.775073
-10.609505
-13.011300
-18.944824
-20.345753
-22.433531
-24.884796
-21.874298
-26.502247
-23.565598
-33.985107
-33.144836
-37.015678
-33.126202
-34.390903
-27.383389
-51.797134
-46.460842
-23.245842
-25.334330
-15.309140
-10.908476
-16.661318
-13.920405
-16.673517
-9.131855
-13.574118
-5.795865
-23.460207
-9.020731
-23.900419
-21.425501
-20.122791
-19.515524
-18.954145
-17.333107
-28.769255
-26.067774
-29.743595
-26.813404
-25.976006
-24.086826
-16.793961
-20.319948
-10.336340
-21.260593
-13.582721
-21.364542
-14.663164
-22.298019
-7.787566
-22.686615
-17.017645
-26.532364
-22.543222
-24.427380
-15.380837
-22.077919
-7.105029
-11.936586
-0.612279
1.113429
6.729342
3.042040
11.138615
8.669422
7.219022
21.341600
17.012629
14.461701
20.022406
7.582517
12.741727
-0.269575
11.000243
-7.421917
17.653589
-1.183691
20.475523
6.024577
12.315855
15.117002
26.490063
15.218091
28.412220
10.722783
5.421614
5.076761
3.369689
4.138266
-12.953942
-8.196947
-13.101640
-11.315704
-17.197605
-17.346010
-17.306581
-22.602728
-6.056118
-6.770208
-9.196383
-10.769384
-12.171749
-16.215376
-9.367021
-12.265670
-9.218608
-12.138766
-11.523620
-14.657429
-19.353493
-18.359789
-17.972633
-18.407825
-18.045046
-23.052261
-15.585171
-19.629517
-10.614522
-12.756068
-6.748698
-9.205707
-4.820806
-4.853069
-3.490854
-5.290412
-7.118647
-10.450338
-9.122538
-12.357438
-11.261932
-14.038701
9.559163
8.765493
14.762826
-1.667692
-1.938065
-3.974089
-5.778927
-11.388578
-13.413630
-21.006016
-28.402473
-36.861626
-44.062950
-30.342896
-30.157940
-21.285009
-16.088366
-7.923106
-7.181732
-0.903587
-7.542229
1.444334
-4.977210
-1.759386
-11.136233
2.949811
-12.534330
-6.706820
-14.803898
-17.652603
-23.222300
-19.821867
-22.976995
-26.814724
-33.048183
-30.918903
-40.660961
-37.792652
-37.932144
-38.462704
-32.089737
-32.063869
-32.661835
-36.016808
-27.482430
-23.126680
-24.164289
-6.002276
-10.938740
-3.299331
-7.519507
-7.165272
-10.757705
-7.627652
-2.119099
-5.218587
-4.822039
-3.310309
-16.697289
-8.719334
-12.533552
-14.177731
-10.789839
-14.226315
-9.427004
-20.574986
-20.038939
-30.721418
-36.737019
-34.719799
-41.507336
-22.780289
-25.397030
-11.906596
-14.100927
-7.417620
-11.752211
-16.648705
-7.902729
-19.769356
-15.379910
-15.285862
-15.951223
-15.194175
-18.722349
-12.517874
-27.980068
-22.880604
-26.958923
-26.126640
-22.171364
-24.487951
-14.991984
-19.800703
-5.446643
-4.611229
-7.066529
-7.230320
-9.445026
-1.549354
-4.637092
-3.455287
-9.343148
-4.296185
-6.240520
-11.716159
-11.441084
-16.056231
-12.457536
-3.031312
-6.431741
-7.608840
-9.394085
-13.493569
-14.673804
-21.802246
-7.235023
-16.051533
-7.958368
-10.642505
-10.605670
-19.352428
-8.896444
-17.599318
-4.151201
-29.469074
-22.371988
-43.893669
-32.950226
-36.502701
-25.553768
-29.143061
-28.231627
-42.063747
-39.747952
-46.472023
-51.021324
-40.141361
-39.408619
-33.509781
-35.070107
-20.584391
-32.314659
-28.541977
-37.606915
-31.305267
-34.378895
-29.490236
-26.886826
-22.469944
-34.816978
-29.686155
-35.490166
-33.439251
-34.965092
-26.162693
-30.226902
-26.387613
-26.260654
-30.248068
-33.958836
-37.866318
-41.668770
-48.131855
-51.250946
-55.236801
-28.656397
-43.120171
-26.420525
-35.943920
-15.562510
-33.909458
-11.066478
-24.908007
-12.685575
-17.114212
-20.012297
-20.354759
-12.428535
-18.511536
-1.195913
-6.762459
0.433376
-13.563318
-6.630016
-19.586761
-19.888472
-29.650902
-40.441513
-49.829338
-37.280891
-49.814445
-34.506630
-32.167324
-35.979191
-25.546719
-30.410288
-21.258364
-36.146896
-25.532610
-33.421230
-34.791119
-34.319336
-27.335093
-13.136202
-19.940985
-5.793033
-9.364309
-8.785159
-9.396439
-8.679358
-11.625252
-13.048431
-9.272614
-11.850168
-2.685704
-6.108858
-14.943395
-5.548522
-19.752895
-17.246658
-11.819611
-17.309353
-11.274155
-14.796062
-15.285079
-19.184715
-23.267740
-19.398670
-24.386072
-12.673048
-19.815596
-14.723963
-16.839920
-26.918171
-23.379808
-28.462824
-27.321783
-36.378090
-33.649284
-41.823166
-42.051224
-38.577122
-52.818325
-45.239265
-48.891243
-39.140598
-36.654732
-37.983875
-37.879642
-30.073311
-28.825670
-8.220120
-12.227909
-7.284394
-11.644061
-7.664483
-10.333728
-13.955160
-12.510036
-13.748270
-5.518741
-5.173916
-1.542302
-0.634788
-0.558769
3.470176
1.752329
2.080697
-6.517163
-9.144093
-10.389374
-14.511577
-12.211449
-8.841585
-6.875308
-12.312548
-10.556297
-15.605610
-16.227077
-14.601702
-10.403474
-27.355465
-7.243810
-7.839359
-16.782551
-18.086176
-27.075300
-29.316648
-39.145508
-45.307686
-56.685894
-56.851238
-55.493263
-57.615196
-58.693771
-54.326660
-50.493866
-41.912743
-36.429562
-32.801907
-28.170704
-21.875340
-28.728743
-22.882723
-38.931934
-34.564827
-40.501965
-39.512943
-40.741550
-40.160549
-41.060757
-41.894379
-45.796062
-39.495331
-38.391506
-30.187769
-31.465372
-37.473686
-35.602829
-39.147800
-34.682716
-30.660074
-29.792780
-23.907711
-29.822632
-26.014328
-36.480080
-30.476358
-30.642471
-26.253931
-29.087765
-26.841824
-30.948666
-24.216202
-32.764404
-27.280449
-25.670631
-24.333321
-23.605341
-28.514416
-20.574011
-23.810493
-23.283073
-20.991198
-23.784468
-16.862162
-20.364271
-24.334846
-29.434538
-45.476086
-44.432739
-48.586266
-43.458263
-33.883549
-39.213642
-23.379526
-23.756912
-17.689651
-19.584230
-17.633009
-19.871290
-14.208979
-15.824159
-18.169615
-17.603151
-21.253761
-20.509712
-22.830667
-19.038443
-19.631697
-14.998965
-14.716499
-14.323039
-12.470560
0.216633
-3.308439
0.395759
-7.207070
-9.708680
-13.020180
-22.760244
-20.354319
-27.592005
-24.173334
-26.815798
-27.350107
-26.399372
-25.736462
-23.686483
-21.580624
-21.036366
-18.372469
-20.088692
-11.046751
-14.094926
-10.030951
-15.664174
-5.653128
-5.751110
-5.538302
-11.123302
-17.577122
-20.440815
-31.584015
-28.831326
-29.864731
-29.459030
-26.781355
-37.313698
-37.475220
-37.961296
-38.337154
-31.402601
-31.988197
-40.909203
-32.564610
-42.291660
-34.649033
-39.464718
-32.193348
-35.480350
-36.725040
-31.832796
-37.979664
-34.247917
-38.579803
-38.397629
-40.852543
-40.630554
-42.465424
-40.717052
-43.567738
-43.871632
-45.361263
-43.224792
-43.194942
-43.689442
-41.474121
-40.745377
-40.697918
-45.423271
-48.272419
-58.251316
-61.598789
-68.978844
-65.955177
-72.475609
-59.616940
-72.268150
-51.453018
-56.695080
-44.500099
-38.758942
-43.166626
-24.017937
-27.569799
-22.339979
-24.217731
-22.726555
-38.432072
-32.829472
-42.334538
-38.016411
-46.165794
-40.885460
-45.974430
-41.636406
-42.878796
-39.183788
-40.380241
-43.734608
-42.468487
-43.524097
-41.773426
-37.073334
-40.149830
-34.916191
-37.136871
-39.189140
-39.957687
-44.185478
-46.434475
-37.475212
-45.995857
-30.698349
-38.994709
-25.130960
-26.671886
-24.157259
-22.282578
-18.110672
-20.869488
-19.053753
-18.888405
-23.805134
-12.423102
-25.274870
-18.132868
-29.476629
-22.588009
-34.275478
-31.368153
-38.227688
-35.801861
-34.501289
-34.568657
-43.850193
-39.314674
-35.919743
-32.305111
-32.941990
-30.938719
-17.281645
-13.414411
-13.657831
-15.190333
-16.980043
-14.943080
-18.184921
-14.881845
-17.541916
-11.247309
-17.164530
-21.994751
-21.439007
-22.180769
-20.742418
-16.817764
-20.076441
-22.109581
-18.410742
-23.025867
-23.708685
-27.262075
-24.577515
-30.469469
-27.097496
-29.417690
-22.369848
-25.189137
-31.581726
-29.923679
-35.342567
-34.395657
-34.998859
-33.375267
-31.391117
-25.817602
-25.155453
-18.327305
-18.736074
-8.264206
-7.894476
-6.068788
-5.050687
-10.319540
-9.603807
-10.179451
-8.741105
-20.421679
-23.060314
-29.520262
-11.319646
-12.377387
-23.241003
-25.245283
-39.911423
-46.917343
-69.219574
-54.017231
-81.157310
-68.666992
-61.974010
-48.744038
-51.793987
-40.051941
-41.432953
-25.615107
-49.241432
-37.583874
-50.047462
-44.058773
-49.118172
-47.706989
-51.881062
-50.754353
-62.145546
-53.187935
-61.455051
-49.914707
-61.939514
-71.333328
-80.865936
-71.842804
-68.507515
-52.151749
-50.728493
-49.048344
-48.870758
-42.089836
-40.434696
-38.681263
-33.055500
-12.820480
-38.314896
-26.692677
-58.155106
-42.807926
-68.529915
-58.901634
-80.419388
-71.423851
-83.507286
-72.628143
-72.599678
-62.167961
-58.688698
-38.859722
-41.073475
-24.141851
-28.001272
-13.886846
-15.549750
-5.949903
-25.722000
-27.020250
-33.312389
-41.226913
-49.394032
-52.631908
-50.846592
-53.450863
-56.135307
-26.346987
-37.063190
-25.533209
-37.354568
-27.359039
-35.331326
-41.266575
-14.423042
-32.463272
-18.797113
-32.087414
-14.719589
-44.490662
-31.352083
-42.312248
-31.306387
-30.009863
-27.639208
-20.172091
-18.424704
-9.545538
-18.876417
-13.073926
-20.073814
-22.154816
-11.293784
-14.565283
-21.969471
-27.562489
-32.645161
-32.285683
-39.648491
-31.577936
-37.647667
-31.028811
-45.751846
-26.623709
-34.408928
-17.523857
-25.728031
-2.777540
-5.199053
-1.920659
0.031895
8.163660
12.549796
11.077408
21.519482
9.233468
-18.759180
-34.004623
-44.646694
-52.907764
-40.162285
-45.015656
-68.443710
-70.379036
-73.635880
-80.515068
-75.507401
-74.121208
-72.037628
-73.996223
-65.673943
-67.274780
-53.201725
-56.436146
-45.693226
-50.289700
-43.909637
-49.148346
-44.602730
-46.013908
-43.711369
-43.697571
-48.590595
-42.001038
-45.150127
-39.074371
-44.491520
-37.750252
-48.753525
-40.958824
-51.214695
-43.111374
-42.978615
-43.318268
-50.411266
-56.568909
-69.873009
-57.844753
-73.090187
-44.157043
-45.508743
-33.469280
-30.375376
-27.699556
-16.026468
-50.993999
-34.331341
-73.154846
-56.142197
-79.229752
-68.788544
-77.039276
-77.797028
-70.743690
-71.747978
-59.507637
-54.651691
-71.833328
-71.917801
-75.264290
-76.180672
-64.973961
-65.373940
-63.733448
-59.711117
-54.616364
-49.724201
-51.044865
-46.087196
-46.525974
-42.038113
-49.787994
-38.782127
-38.364037
-32.693439
-30.959848
-14.010119
-23.572899
-14.413562
-19.708303
-10.305869
-17.470409
-10.248111
-16.569563
-9.001578
-14.402353
-13.347198
-9.785186
-38.321796
-30.965019
-29.509003
-34.139103
-36.728714
-32.448616
-35.762348
-31.600351
-43.482059
-41.978630
-40.560551
-43.389805
-56.527531
-50.170742
-49.490585
-41.801044
-43.919983
-36.535618
-34.011517
-22.138437
-35.177879
-30.600370
-54.696529
-19.158314
-34.373585
-13.648053
-29.318489
-13.576504
-19.299685
-30.452093
-33.477039
-33.666698
-26.185787
-38.214897
-32.185688
-36.701134
-32.680508
-39.449364
-34.626167
-34.174450
-32.826195
-36.483032
-33.154640
-42.015701
-35.872696
-41.518291
-34.827019
-34.564095
-35.750278
-28.745226
-33.961517
-26.896116
-34.196857
-23.691000
-32.251202
-22.235851
-23.622894
-10.361041
-8.052457
-5.394741
-1.563767
7.052474
10.434316
15.293719
18.839354
-20.928108
-26.013378
-40.985542
-7.330279
-7.815407
-17.014969
-18.148962
-22.113380
-25.635883
-36.055527
-29.818392
-39.753918
-41.162041
-35.277023
-34.508648
-25.506924
-28.395754
-36.262474
-34.032970
-31.807863
-25.603477
-24.920858
-21.695772
-23.925953
-22.367933
-27.437651
-27.105118
-28.970348
-28.050053
-29.922039
-28.855904
-25.930607
-32.001648
-32.336536
-42.304474
-41.312611
-37.097023
-35.821911
-31.632317
-30.659355
-23.868898
-23.365536
-22.542471
-24.075842
-18.159765
-22.746042
-19.808935
-28.984190
-21.764305
-27.321514
-27.780649
-27.586868
-33.173111
-28.364021
-25.108557
-23.413813
-19.181004
-20.994919
-15.452900
-16.749281
-16.599386
-16.883308
-14.004264
-17.726627
-19.225904
-24.500204
-23.854715
-26.968725
-26.699659
-34.822273
-35.223682
-36.146000
-44.287525
-41.326118
-28.010216
-22.361179
-14.123437
-15.813117
-21.058390
-25.094378
-19.816696
-21.733252
-20.247143
-23.520494
-18.337008
-21.676191
-22.405067
-22.496220
-18.275898
-19.786995
-20.116825
-13.901971
-13.943497
-12.872972
-11.352764
-10.906459
-10.726182
-12.345304
-15.805352
-12.147134
-13.781449
-22.512085
-26.690542
-25.949177
-23.741619
-27.203020
-25.023819
-27.534204
-26.186512
-26.579811
-18.128033
-18.603373
-13.034680
-13.179510
-14.671697
-14.198720
-15.513667
-16.484266
-17.757011
-20.019260
-21.566809
-26.393124
-27.087221
-32.528637
-37.759724
-38.037907
-39.175274
-36.738831
-35.087296
-44.443832
-42.980007
-38.785690
-42.246746
-29.570261
-27.107479
-29.939594
-32.894592
-32.918900
-32.633965
-28.212099
-31.229219
-30.654963
-23.903671
-23.731493
-23.860456
-23.828045
-25.338123
-22.667719
-22.962444
-27.243532
-25.336098
-28.720184
-23.489096
-25.392817
-27.550070
-31.727510
-33.649120
-34.966438
-37.399170
-36.237827
-37.264465
-38.817760
-43.453667
-47.675671
-44.067417
-51.404442
-35.476215
-36.414051
-29.769444
-27.158455
-32.011097
-32.051270
-34.308453
-28.889322
-40.768063
-30.957792
-44.025890
-33.930008
-37.065289
-38.809662
-38.468681
-39.577702
-37.927849
-39.026058
-42.147160
-43.336857
-46.604805
-49.650291
-39.440968
-41.418953
-39.659389
-34.066063
-30.897699
-28.680010
-27.399837
-32.098198
-25.610907
-28.232357
-28.207376
-26.795538
-27.253323
-26.640919
-34.307777
-22.567453
-33.830746
-25.623056
-37.448799
-25.876261
-28.026762
-24.537676
-23.561007
-23.928316
-21.151907
-19.065546
-18.799181
-25.009306
-25.953566
-22.059027
-28.299873
-20.190760
-26.347879
-26.336065
-30.189083
-29.904819
-33.502945
-25.103832
-28.066257
-24.280426
-26.960283
-25.986647
-30.289009
-12.663661
-12.173128
-21.218071
-20.290352
-15.450875
-16.566977
-21.323742
-20.522619
-19.370396
-18.902143
-17.718527
-20.975002
-15.390107
-25.363781
-20.139444
-25.107883
-19.212057
-26.899521
-25.482954
-31.670805
-30.321419
-31.886528
-27.124699
-29.032127
-29.780930
-30.969950
-29.063189
-29.908541
-30.156672
-30.717083
-29.057447
-30.936857
-33.139687
-31.680588
-28.845100
-24.705803
-19.920343
-17.159800
-12.928674
-10.235652
-8.996664
-10.288991
-8.524700
-8.559135
-9.845050
-14.345239
-16.516338
-18.244165
-21.823721
-25.023819
-29.295118
-37.814419
-5.326233
-5.809937
-7.511653
-7.676779
-12.552950
-14.773731
-21.940714
-15.591460
-22.815088
-27.891403
-31.373106
-32.715393
-39.763947
-40.636261
-42.675095
-37.220810
-32.115658
-31.839993
-40.578243
-39.691158
-39.831909
-39.624214
-42.081875
-42.104870
-40.889614
-42.374012
-42.235329
-44.941185
-44.457478
-42.778076
-45.423519
-36.687325
-38.557259
-34.753536
-33.847923
-32.573616
-29.816263
-22.552124
-20.463169
-18.825991
-15.992430
-19.366684
-25.554245
-27.335260
-23.799320
-15.269450
-20.314180
-16.461716
-17.375225
-19.803703
-28.575592
-24.099358
-21.872400
-20.188534
-21.880293
-22.877230
-20.305599
-21.042654
-16.420521
-16.688293
-22.205393
-18.624823
-20.114042
-20.090008
-19.918705
-17.690714
-20.144253
-15.392005
-29.299259
-31.950874
-30.230276
-26.115192
-19.470699
-21.757393
-15.362479
-24.717979
-22.909498
-22.930094
-25.800388
-26.273794
-28.096012
-26.723171
-29.516567
-24.458103
-22.279209
-18.651253
-18.869589
-19.237949
-10.556685
-13.045236
-13.125225
-12.032172
-7.082534
-4.842529
-3.740207
-7.474235
-11.169468
-12.346973
-19.943081
-21.661963
-11.618500
-14.190815
-15.360082
-14.977990
-20.820885
-17.394108
-19.659859
-14.306504
-12.512098
-10.071951
-10.789783
-15.939219
-17.998310
-12.234718
-14.457211
-16.282858
-18.794754
-14.552993
-20.509857
-21.651659
-26.153297
-29.547802
-23.722073
-32.216927
-33.658768
-37.166912
-47.576313
-53.317593
-39.981594
-38.237648
-33.399582
-32.141060
-29.892128
-27.833731
-23.706285
-22.520546
-25.258667
-25.275143
-20.168623
-20.375633
-19.308666
-20.774883
-16.738409
-17.066259
-15.354589
-14.306160
-13.566702
-12.926800
-20.073187
-19.937243
-21.365355
-24.517838
-22.355417
-21.259619
-21.266487
-22.172785
-21.377024
-23.063637
-31.304794
-34.783413
-36.069736
-24.594734
-28.873230
-38.758430
-37.912212
-36.104752
-39.567234
-28.332542
-41.080482
-26.637003
-33.794376
-41.325947
-41.720036
-43.181103
-42.812759
-44.051025
-44.150913
-46.619221
-48.220001
-46.137226
-46.844078
-42.803139
-43.250454
-36.663643
-33.712666
-35.541744
-35.522522
-31.444513
-36.507782
-24.671631
-23.812704
-22.040272
-19.655396
-23.240089
-19.906687
-20.564445
-21.209837
-17.647461
-17.288713
-19.219414
-21.713114
-27.953194
-27.246698
-26.204451
-20.774887
-20.424036
-13.982092
-16.893927
-15.399902
-13.147195
-10.912686
-10.503819
-17.489887
-13.674155
-12.653193
-16.442837
-18.594267
-20.283974
-23.907112
-27.682339
-23.613594
-29.115599
-19.529062
-20.077305
-13.375146
-15.735644
-23.277168
-22.926321
-14.435585
-15.771690
-20.059799
-21.252405
-25.636297
-27.081566
-31.735970
-34.520790
-29.111477
-30.971794
-32.185009
-30.029797
-29.119034
-29.589344
-27.234335
-27.457823
-23.339300
-24.101419
-16.028133
-22.791058
-25.503441
-21.040941
-16.145538
-17.462765
-21.063940
-15.166118
-15.171267
-17.075872
-18.656406
-18.224539
-21.235245
-23.388393
-22.534962
-23.268581
-21.975737
-19.852108
-14.575992
-12.424558
-11.894509
-10.549821
-11.389176
-15.061070
-13.609615
-12.303718
-12.457514
-13.833444
-15.668359
-16.844149
-20.737808
-19.814684
-21.383204
-25.210951
-6.132359
-6.725757
-11.781143
-13.048820
-16.719040
-19.745632
-26.903881
-24.333616
-28.247326
-23.513762
-24.159943
-17.855608
-20.343288
-16.510458
-18.131451
-17.782387
-30.567291
-26.792356
-41.543900
-39.703251
-41.362545
-46.285130
-39.898212
-50.281422
-50.507885
-57.319622
-61.895706
-70.621300
-70.236496
-78.006020
-77.673996
-76.045326
-72.579437
-67.426140
-64.293129
-52.408123
-48.696178
-26.966026
-23.503540
-20.901779
-15.053776
-9.373493
-16.443197
-20.554422
-21.736961
-31.062782
-29.716784
-40.890049
-33.377632
-47.099888
-42.959709
-39.051109
-32.974087
-26.491819
-24.342133
-35.693336
-23.188540
-28.781134
-26.158937
-27.364466
-25.969934
-28.787941
-28.957361
-31.941391
-27.262308
-29.926216
-30.111809
-36.874180
-26.170855
-28.482304
-19.042406
-12.597599
-9.984768
-11.887562
-21.089931
-17.287748
-33.469585
-39.731342
-29.384752
-48.198139
-37.311771
-42.246262
-31.671505
-37.875374
-29.525221
-34.104694
-23.605707
-20.667656
-20.102354
-11.395476
-14.312240
-4.175078
-6.305184
-7.779742
-7.483469
-9.902187
-6.029343
-10.968943
-11.746237
-12.865778
-12.745731
-7.144629
-9.948162
-10.597750
-13.064145
-18.018217
-5.787556
-17.837723
-16.974449
-27.303169
-25.339928
-34.343929
-37.667645
-23.784491
-28.569139
-20.699158
-23.759804
-19.215231
-32.205311
-12.956036
-49.242756
-31.912441
-66.836159
-54.225788
-82.911560
-64.408920
-93.657448
-65.578682
-78.504929
-74.133171
-70.108788
-63.296200
-65.983093
-59.639595
-43.276421
-30.345936
-30.483007
-20.629345
-25.379942
-20.044460
-18.626087
-14.677475
-14.782190
-15.067400
-16.243128
-18.052271
-17.465685
-26.142763
-22.299709
-30.499176
-24.617973
-37.492271
-21.162294
-36.468925
-21.876591
-33.125637
-28.707912
-34.782383
-34.989262
-44.046898
-50.502781
-37.476093
-54.612293
-31.936287
-51.898159
-33.870571
-49.194233
-30.565580
-37.251335
-34.664898
-33.495972
-60.099331
-50.216717
-68.772156
-57.509491
-57.456692
-59.590206
-46.584801
-52.084606
-52.254875
-62.041290
-67.830544
-70.867355
-76.251373
-74.739349
-75.393181
-78.701576
-56.217968
-70.728584
-32.029079
-39.629177
-22.538952
-30.691587
-16.318048
-24.351500
-16.897825
-17.566145
-13.519622
-10.024783
-9.623789
-8.054731
2.299532
4.693559
9.683389
9.439044
21.070353
8.846497
19.599192
3.737476
13.049666
13.606462
11.919056
-0.634265
-0.515930
-16.232061
-0.765374
-15.120186
-7.761867
-23.224297
-22.185627
-27.542398
-27.824211
-36.332714
-33.896111
-40.199593
-45.027660
-42.259033
-40.814281
-31.516560
-28.674713
-33.644112
-37.351795
-35.678017
-45.809216
-60.032913
-56.706650
-56.195827
-51.232388
-54.133835
-45.476337
-61.876968
-46.140396
-56.747517
-35.859352
-40.175755
-31.388855
-36.078156
-18.848297
-29.502235
-8.313546
-9.840887
-10.560291
-11.245635
-13.618379
-9.872391
-13.163752
-8.775835
-12.486071
-6.966691
-6.454175
-5.808847
-1.290668
-3.998848
-1.482220
-4.091642
-7.940652
-7.995137
-9.260262
-9.266220
-13.166306
-10.356814
-4.103563
-1.698467
-9.947309
-9.361572
-17.005098
-19.485964
-41.559223
-40.638046
-67.850121
-4.589560
-4.779253
-9.619547
-10.472985
-17.992376
-20.304884
-24.493860
-24.896643
-32.825390
-33.936501
-30.379475
-29.775311
-35.516186
-33.136787
-41.150341
-39.368172
-47.849918
-42.971619
-44.746841
-43.795452
-41.119274
-39.816273
-44.238800
-46.234058
-39.808964
-33.785191
-41.202969
-36.070286
-39.329063
-47.397797
-45.452976
-40.944199
-39.716492
-28.539185
-30.727791
-25.589622
-24.496782
-16.962404
-16.483601
-18.033316
-21.924772
-21.159054
-17.033672
-16.639669
-22.196335
-27.642258
-27.658709
-25.493858
-24.596565
-26.986921
-22.648823
-21.189386
-22.397362
-19.945230
-18.214235
-18.091791
-18.296106
-14.568027
-17.889307
-19.560001
-19.080830
-20.262852
-18.172201
-23.179161
-19.069136
-24.522003
-26.725590
-20.605692
-28.253742
-27.184656
-21.277842
-17.668180
-22.264687
-20.951450
-21.029297
-27.909805
-25.337425
-24.943789
-26.753370
-32.938690
-26.581583
-24.054529
-29.719019
-26.738752
-23.013590
-20.866652
-23.361179
-12.291338
-6.228453
-10.164504
-11.838120
-7.812158
-5.652064
-8.338111
-13.731400
-16.298658
-12.592142
-13.421092
-13.982497
-18.458385
-23.954020
-21.060001
-17.390402
-10.448862
-15.881263
-14.926946
-14.659399
-17.610430
-18.908312
-14.371752
-16.494930
-11.619185
-10.319474
-8.966401
-10.704709
-13.032934
-15.300483
-14.907207
-15.730309
-28.368500
-26.408703
-33.769836
-46.874413
-46.639389
-29.885323
-31.409447
-41.962845
-40.119637
-46.058613
-47.770607
-28.590727
-27.638969
-27.955128
-29.262880
-22.013220
-22.910521
-20.918922
-24.536255
-23.401386
-27.737289
-25.483629
-20.898821
-18.766500
-19.952543
-19.319502
-18.799032
-22.360445
-23.399553
-24.123970
-22.173674
-21.286247
-17.057798
-16.933165
-18.066572
-27.202202
-28.627640
-31.092197
-30.426624
-28.097303
-30.676989
-33.680653
-37.833076
-41.091492
-31.671144
-35.939796
-34.542496
-34.934677
-41.265110
-39.124020
-45.104656
-41.374031
-49.224560
-52.678158
-44.686539
-48.794369
-47.779015
-48.026085
-36.398861
-34.390083
-30.844023
-31.269463
-49.438011
-47.186172
-45.663509
-46.366737
-30.361563
-30.557474
-24.276382
-26.863750
-20.796112
-19.744940
-23.021999
-23.860449
-21.548311
-25.538452
-23.377625
-24.853142
-25.298319
-23.697071
-26.173685
-23.174044
-22.605330
-20.438288
-25.619959
-23.539909
-22.285522
-18.221176
-16.964230
-18.478853
-20.548670
-19.070595
-19.385288
-22.254814
-23.642248
-24.644812
-29.403591
-26.385674
-28.264339
-23.265051
-25.552340
-34.801270
-31.727798
-29.871796
-37.886806
-22.454376
-29.697092
-22.443048
-23.011032
-23.865568
-31.087446
-32.030796
-29.720119
-33.031525
-27.926620
-36.088188
-39.129135
-35.697105
-31.939785
-27.347666
-33.897762
-26.581951
-33.227074
-25.572443
-25.800512
-27.005564
-23.516150
-20.754082
-24.043568
-23.482889
-16.115910
-15.044634
-18.564016
-19.142601
-21.837053
-20.067310
-19.971186
-20.484707
-19.875059
-21.902109
-22.069510
-20.037338
-14.844709
-17.540625
-16.831919
-18.373222
-20.859346
-18.780027
-17.988356
-15.862618
-8.199222
-6.670706
-8.367715
-9.612603
-10.380149
-12.151351
-12.034393
-15.613715
-25.182093
-28.012873
-41.952244
-1.982268
-2.012670
-6.220423
-6.483367
-9.172317
-10.003195
-19.742800
-22.168158
-24.789507
-24.643322
-42.297775
-38.734276
-53.047432
-37.882057
-52.690369
-50.174454
-56.650375
-56.986736
-52.703625
-52.900261
-54.078510
-56.085674
-53.975338
-57.256477
-63.165108
-64.024773
-63.342682
-64.762177
-62.642780
-50.273422
-53.397373
-42.724365
-44.210182
-31.316870
-32.472790
-29.985979
-28.432890
-20.686874
-18.566177
-17.954262
-21.634508
-24.413370
-17.443573
-26.411489
-27.638237
-31.066536
-25.001678
-32.486374
-38.319004
-37.046017
-33.206955
-31.173910
-29.711388
-27.069981
-27.753052
-29.669342
-25.345156
-28.977859
-27.700333
-25.922791
-27.995621
-31.854395
-32.509983
-33.245121
-25.266890
-32.534557
-22.612541
-36.008457
-21.667173
-19.282887
-25.446390
-35.417564
-36.293720
-39.534439
-45.664619
-47.219967
-38.627224
-41.334290
-47.128117
-43.116680
-41.408684
-32.955334
-34.678539
-34.426270
-30.826878
-21.672024
-22.766493
-19.126028
-17.347839
-11.957000
-8.673922
-12.000987
-8.565896
-11.198249
-8.784533
-11.609967
-10.609615
-14.842596
-23.877777
-23.112560
-22.714745
-24.589960
-29.844965
-30.473053
-23.050461
-20.851173
-22.666233
-22.013880
-19.694284
-19.221762
-15.985578
-21.088245
-24.849995
-23.595430
-28.238510
-27.496899
-31.874449
-30.657398
-38.907955
-40.182579
-40.454899
-45.240612
-44.585999
-44.387409
-48.529510
-48.795048
-45.032974
-47.600964
-43.597286
-42.104046
-40.768299
-37.185726
-38.233295
-34.987083
-30.656433
-25.263975
-23.612570
-19.573326
-15.382716
-16.039265
-14.068639
-21.381266
-18.110474
-17.047056
-16.254665
-16.760824
-24.028814
-24.820883
-27.716507
-26.559294
-26.305407
-23.387791
-21.020327
-17.186455
-15.640482
-16.687731
-15.923801
-16.144701
-16.372068
-18.292885
-20.727306
-21.467295
-20.498318
-35.197315
-38.397923
-48.965481
-52.827503
-55.667175
-59.427624
-67.583412
-62.568394
-63.810020
-55.405193
-56.376766
-56.065624
-54.269333
-55.824032
-57.666573
-60.209988
-67.172981
-66.927177
-54.557171
-52.430340
-40.303860
-38.228123
-30.976303
-31.076233
-27.778276
-34.809521
-22.269712
-26.023697
-22.242868
-23.183386
-21.248339
-21.654558
-22.708923
-25.708036
-25.569935
-27.710358
-28.488197
-25.446388
-26.917973
-27.434156
-23.727388
-27.205494
-25.403051
-31.577221
-32.424271
-27.049599
-24.906914
-24.348038
-25.784689
-26.531479
-25.211582
-26.703213
-25.514631
-32.402924
-26.533739
-44.824368
-38.079670
-38.201603
-35.129391
-42.704964
-36.774330
-47.956406
-43.151936
-53.450092
-44.809483
-46.384888
-38.748192
-48.040169
-47.274948
-45.160721
-46.335724
-47.968697
-56.820179
-47.986160
-49.501732
-44.581467
-47.254898
-47.486794
-43.764172
-42.078815
-38.282776
-37.826752
-35.762337
-33.751934
-25.549885
-27.113317
-22.139051
-20.715982
-21.851524
-19.796486
-17.095892
-19.512196
-19.627335
-19.986980
-20.969872
-20.564943
-23.145226
-26.454826
-27.548325
-27.957457
-28.743378
-23.102854
-20.366360
-17.731743
-16.509201
-15.314793
-16.003365
-15.673149
-16.014362
-17.761824
-24.261362
-27.335186
-31.380253
-37.787296
-34.952801
-42.755737
-42.449467
-1.473081
-1.599038
-5.993162
-6.530002
-12.111202
-13.595766
-22.113798
-23.723961
-33.504787
-32.686253
-47.860958
-47.076862
-46.496609
-45.071976
-52.903877
-50.499226
-39.272945
-42.310619
-43.573769
-44.457985
-44.596493
-47.290745
-51.577930
-51.740131
-49.119091
-52.941200
-60.423599
-50.115971
-51.408905
-33.040432
-32.543427
-33.180744
-29.934582
-33.245701
-32.549526
-36.168182
-34.509922
-29.576454
-27.250025
-23.629225
-21.625761
-27.256842
-21.465715
-22.023367
-27.607082
-28.260906
-35.147602
-30.321783
-29.249180
-32.251324
-33.022488
-31.504557
-30.620344
-26.066172
-25.495600
-22.285683
-21.687483
-21.891306
-18.058069
-20.835215
-19.394785
-27.970957
-19.652443
-21.953033
-18.491920
-21.435213
-20.067276
-20.053280
-29.939606
-30.891279
-27.106844
-43.621853
-44.354988
-39.002735
-28.638058
-32.708496
-32.317352
-29.591162
-28.650976
-34.840073
-29.656475
-25.805294
-28.478010
-22.623724
-24.564749
-18.946587
-18.982470
-14.420766
-11.729027
-16.845873
-14.094211
-7.556673
-7.498898
-9.164323
-4.761945
-8.544587
-9.280589
-11.464194
-14.441577
-17.894436
-21.964516
-18.595987
-14.400310
-16.551975
-26.148714
-20.690954
-20.648611
-19.391201
-19.254120
-16.493124
-15.831762
-17.292286
-17.273981
-14.914900
-17.552809
-20.686293
-25.592495
-27.911388
-29.094873
-25.520367
-33.838516
-39.419720
-40.214569
-43.882744
-51.286896
-46.503780
-34.677155
-32.822605
-42.888371
-38.569965
-31.767591
-29.501093
-37.368889
-39.221992
-37.294605
-32.513638
-32.495701
-26.683041
-25.026590
-26.511507
-24.333288
-19.584261
-17.673740
-24.136995
-19.030556
-18.977087
-18.054482
-21.475760
-26.097395
-23.215467
-19.010460
-16.456520
-18.642637
-22.325520
-28.279205
-23.919535
-22.457935
-21.595978
-23.423601
-25.453619
-30.522028
-30.877283
-36.000950
-45.628189
-48.551750
-57.865353
-50.230797
-57.819065
-58.716545
-33.482536
-41.962536
-54.708546
-46.745285
-48.297688
-47.054623
-48.116104
-48.246723
-47.086197
-49.827824
-47.616222
-43.837887
-31.039484
-28.318325
-31.401205
-31.704433
-33.013515
-33.338993
-35.435406
-36.185040
-31.320824
-31.347734
-27.558634
-28.707672
-23.799681
-23.633169
-29.121431
-24.114033
-18.506634
-23.366543
-21.677074
-25.132805
-22.746809
-23.976952
-27.826338
-26.708876
-28.562698
-19.217875
-22.400518
-21.608894
-23.507212
-20.315237
-20.554592
-23.070490
-20.924927
-28.180525
-23.313793
-22.762239
-26.731842
-35.930618
-34.066746
-34.574879
-31.025492
-35.984806
-38.178459
-27.764259
-29.302650
-52.349464
-49.581642
-41.834785
-42.701050
-40.171154
-39.288017
-35.158730
-33.738754
-42.356915
-45.497208
-40.924019
-33.974163
-32.890079
-39.120441
-35.945690
-30.230635
-27.564739
-24.851109
-25.297523
-22.068222
-20.298733
-22.449327
-25.342016
-16.503531
-14.735476
-15.550426
-17.783907
-16.624821
-14.954732
-15.506284
-15.269085
-18.780079
-16.141808
-17.119320
-21.479710
-26.859594
-29.530878
-24.666304
-22.575279
-23.535563
-22.165112
-18.327209
-17.483194
-15.674585
-14.265022
-14.501863
-16.591450
-17.329603
-18.898497
-25.027306
-31.396536
-29.914124
-36.342216
-41.042439
-4.726042
-5.005750
-10.777658
-11.520740
-16.637505
-18.769148
-30.137718
-28.619747
-39.251469
-36.273846
-39.706116
-43.069164
-41.972164
-36.291618
-40.267094
-41.030441
-40.381218
-37.002895
-41.476978
-38.381477
-39.720764
-39.282337
-46.195221
-47.129765
-40.363445
-50.852047
-48.744099
-52.593273
-52.877037
-45.029930
-45.893990
-45.338642
-45.881523
-32.994362
-30.780706
-31.478886
-28.662466
-24.244513
-22.922676
-23.435320
-24.470583
-25.713215
-26.140106
-22.503275
-30.613567
-29.500351
-31.823456
-25.857275
-32.236938
-36.501785
-31.725222
-28.957144
-25.299419
-22.257862
-21.052967
-22.358269
-19.152695
-21.573715
-21.570910
-15.804923
-14.485589
-22.251936
-27.266418
-26.602232
-23.449972
-19.206017
-20.741449
-23.314333
-33.978477
-35.083591
-25.617792
-33.035831
-32.172695
-28.397104
-21.566231
-26.806789
-36.840427
-28.573591
-31.897358
-33.463661
-30.106226
-28.499699
-27.354044
-24.310619
-24.597807
-23.911478
-26.115782
-15.198110
-8.197605
-17.341917
-12.594049
-5.468813
-4.019444
-6.064401
-10.383511
-11.011529
-16.409870
-20.258743
-17.743551
-22.240398
-23.333977
-22.270647
-13.369561
-14.922144
-31.314863
-26.079605
-21.191418
-21.123749
-19.166723
-19.181381
-20.874914
-16.664009
-18.479773
-13.472464
-17.295147
-17.156382
-18.287066
-23.600588
-30.375017
-24.825438
-28.789383
-33.415955
-39.324757
-45.873112
-43.214172
-51.554279
-37.398594
-41.763546
-41.810638
-40.135811
-23.265995
-20.221325
-33.710316
-33.646084
-32.838139
-31.867105
-32.042984
-27.880409
-24.547606
-28.926271
-24.035904
-21.714037
-21.999359
-24.389820
-22.848774
-24.197739
-23.585932
-27.052195
-30.475739
-30.363792
-33.761147
-30.047602
-25.494928
-28.463211
-25.977018
-25.471859
-24.996948
-26.040947
-26.918732
-31.969387
-36.460938
-34.735291
-41.074406
-31.397812
-35.615574
-44.631100
-32.305847
-50.162914
-40.425503
-37.124508
-39.015732
-48.458767
-43.632015
-41.622910
-46.243565
-57.684784
-58.375168
-59.093304
-60.276062
-57.764610
-60.015072
-46.211750
-44.190804
-43.791046
-42.884251
-34.104149
-31.617025
-31.666914
-38.497787
-27.507463
-31.319229
-30.851179
-28.588255
-24.602488
-28.833977
-29.047266
-27.924683
-30.726141
-27.694559
-31.884884
-30.921337
-31.775431
-27.459133
-31.596441
-20.162079
-29.762590
-17.480057
-18.193827
-21.090700
-20.640732
-19.883619
-19.689352
-24.618076
-22.642656
-30.190725
-25.976082
-23.441248
-22.958534
-25.678604
-36.564465
-23.883411
-23.731241
-21.197336
-19.451115
-25.867878
-32.958191
-29.490368
-27.308516
-27.333464
-28.737307
-34.733418
-37.213062
-30.543097
-31.072887
-34.135021
-31.081306
-34.696308
-31.432423
-32.468624
-28.490969
-28.110224
-33.390701
-28.990824
-32.664448
-21.680674
-26.185007
-20.739582
-32.749889
-30.991816
-22.223249
-21.605211
-21.261578
-20.365389
-23.006872
-22.034286
-21.105040
-21.353256
-24.493343
-22.795141
-25.404192
-21.923275
-26.874767
-20.763279
-19.699953
-18.384668
-18.545881
-17.812466
-15.405166
-13.416335
-12.853799
-11.413786
-9.346063
-9.554363
-16.168518
-19.593931
-24.532640
-31.523790
-27.999531
-34.467743
-40.755104
-8.354682
-9.159862
-13.622341
-15.055953
-19.692911
-23.014843
-32.179996
-16.241064
-32.803143
-24.636536
-18.281204
-11.192451
-8.464961
0.360290
-8.197570
8.256493
-8.224008
-3.744918
2.719940
5.541843
2.958620
-0.967572
-5.180048
-8.802600
-13.574763
-21.044188
-24.255089
-19.148317
-24.886545
-28.301376
-32.957222
-26.318642
-30.167799
-23.850990
-28.732676
-19.841713
-24.555716
-21.598606
-21.195257
-19.805454
-19.488218
-8.597144
-13.395741
-7.679420
-15.178317
-10.746808
-8.761806
-5.056163
0.944161
5.284276
3.895982
5.542595
1.632267
3.406529
0.018884
10.311737
-5.558460
1.003075
-5.448181
6.437661
1.375453
-1.431344
-14.592184
-4.059132
-16.366444
-21.884871
-23.798872
-12.672891
-14.175239
-5.394553
-17.718485
-0.571029
-13.836099
-3.560613
-17.309095
-2.669328
-5.976156
-11.610897
-17.176159
-10.792125
-17.404259
-6.578904
-11.405452
-17.757004
-13.762832
-16.888376
-8.554845
-11.588998
-2.139089
-4.049313
2.083194
-4.750258
-14.574809
-14.249263
-17.631620
-19.125660
-9.378152
-9.550368
-14.268902
-9.157596
-19.602268
-14.836908
-12.164557
-15.157166
-8.230055
-10.691669
-15.654928
-11.931917
-13.618564
-11.474184
-10.781550
-11.860916
-12.476505
-13.333050
-13.067175
-7.366714
-11.220397
-21.206591
-18.710985
-12.979561
-7.020775
-16.919350
-6.287350
-10.276235
11.571625
6.275265
11.749127
12.736341
10.484706
1.182092
-1.006850
-0.605017
5.236688
-13.141954
-5.819804
-22.240631
-9.987702
-22.585062
-21.168819
-32.827312
-28.641281
-46.792561
-43.349785
-49.646202
-44.923885
-48.567596
-43.738781
-41.503002
-34.015438
-33.942928
-25.246082
-27.249212
-23.318483
-23.996769
-20.069063
-18.802382
-21.055523
-24.097229
-30.738829
-31.978321
-42.697933
-45.696590
-49.884129
-27.756037
-28.797638
-45.077217
-17.174646
-31.736610
-7.850128
-26.131329
-5.448933
-12.411542
9.428005
-17.004702
0.086105
-9.738440
-11.077640
-20.231462
-23.483133
-30.096785
-21.884113
-37.834370
-30.925388
-36.969532
-32.741203
-36.579777
-32.362782
-32.841663
-24.887304
-23.397797
-24.220346
-23.046566
-22.656063
-24.261890
-18.695120
-34.592510
-19.164177
-25.341251
-22.017056
-25.104836
-8.985383
-20.791157
-5.955761
-18.152798
-3.709415
-6.047155
-4.192070
-7.983061
-1.284812
-8.971785
-6.682384
-7.347829
-10.579880
-23.300360
-2.246343
-19.544113
1.015915
-10.977937
-9.616081
-25.860920
-11.839012
-22.342604
-6.706557
-9.945404
-8.769360
-3.089290
7.711144
10.628221
12.896470
17.072683
17.146702
16.286386
7.917352
6.049424
0.058918
-1.386780
-1.296142
-3.051523
-1.363368
-11.883579
-2.219158
-23.542063
-11.547453
-22.974810
-12.297497
-22.992189
-11.730245
-18.269873
-7.480770
-14.497766
-11.055736
-14.009821
-10.583657
-14.805939
-12.805076
-13.243163
-10.964341
-16.942003
-7.506449
-8.718751
-8.337312
-13.916918
-13.237124
-15.430596
-13.026386
-14.037770
-5.345457
-6.522257
-4.575022
-7.424119
-6.240519
-9.625900
-14.680554
-6.731483
-15.324094
-12.274080
-25.950800
-0.719828
-18.655090
4.010039
-4.939079
-5.360321
-12.278101
-13.477524
-20.957199
-23.320974
-30.219393
-26.866993
-39.879070
-39.658043
-38.237587
-40.842487
-33.119850
-37.121830
-32.899921
-29.559944
-33.396053
-30.476589
-27.823835
-26.571068
-24.520397
-23.707876
-21.312679
-23.751711
-25.003742
-27.367153
-28.378424
-22.872324
-24.437092
-31.951481
-28.199408
-37.764465
-35.835449
-34.467606
-31.245279
-24.800249
-25.048319
-27.462143
-26.467310
-25.478693
-25.372375
-25.308807
-26.558283
-24.426140
-25.788507
-24.573376
-22.316280
-22.071865
-26.872841
-24.920446
-24.414450
-21.440184
-21.384291
-19.842543
-20.431471
-18.895205
-19.435911
-19.913418
-17.392914
-10.790423
-15.006120
-27.654316
-23.639187
-20.480795
-24.498480
-25.646391
-29.175236
-25.765491
-24.567524
-32.487438
-30.983324
-23.471493
-28.022585
-24.266485
-24.043625
-19.830118
-23.527395
-25.497690
-20.377399
-12.218183
-18.843691
-20.911535
-23.426191
-19.278080
-18.091084
-21.418266
-21.389040
-15.327624
-14.315622
-8.218403
-10.341778
-7.876807
-4.432348
-7.736149
-8.622107
-10.954825
-14.566245
-16.938787
-12.556492
-13.001479
-21.005424
-20.205324
-22.251247
-22.456207
-22.169779
-17.469997
-18.308458
-16.098499
-17.424694
-16.597923
-18.703396
-10.069596
-9.695119
-8.542827
-11.180609
-10.903678
-11.356337
-16.455437
-17.748390
-9.147106
-16.616922
-25.103853
-21.387939
-27.993719
-30.535418
-33.663853
-31.829824
-25.317944
-34.579403
-35.576786
-44.564964
-41.501923
-30.824038
-31.943455
-32.324867
-33.029980
-34.002888
-34.333889
-31.626329
-32.347881
-28.123051
-27.743828
-26.968567
-27.283493
-25.430834
-23.337788
-20.641912
-21.273588
-24.235428
-25.145866
-29.855507
-25.559435
-30.699821
-30.018452
-28.903790
-28.744135
-31.790003
-32.417667
-33.346367
-36.869373
-41.628704
-41.019314
-45.864494
-38.267532
-42.463142
-40.472385
-33.066513
-26.728897
-26.450871
-26.780048
-31.021315
-32.517403
-34.193966
-40.950993
-34.173134
-28.939230
-28.904884
-29.816786
-29.710468
-19.450527
-22.946861
-30.493404
-34.444950
-38.935398
-42.397392
-35.538799
-35.788689
-29.152222
-32.060722
-30.247522
-32.810772
-33.706226
-29.060886
-31.152483
-31.061872
-30.262867
-30.612503
-32.044647
-29.368509
-28.934479
-29.939167
-29.997633
-26.999620
-29.292150
-22.786108
-29.755772
-26.750822
-26.493984
-21.402555
-21.864717
-20.552769
-19.701153
-24.832767
-23.092272
-24.150677
-23.440077
-23.984804
-24.432714
-32.135986
-39.233879
-35.107693
-33.058842
-28.844238
-30.585098
-32.445065
-33.849812
-30.243872
-34.291508
-21.044518
-25.855364
-20.088417
-21.666700
-27.864023
-28.326910
-20.876463
-15.496412
-17.806479
-27.675503
-25.346806
-23.072540
-23.402447
-23.312210
-25.161940
-27.315281
-21.383560
-18.933201
-23.591333
-21.755842
-19.383667
-17.921198
-18.970829
-16.167181
-14.864367
-20.000370
-19.185652
-17.867491
-17.623442
-17.860186
-19.028551
-20.330273
-19.025631
-19.964563
-20.628391
-17.827307
-18.960960
-18.217493
-13.184518
-11.384833
-9.798149
-10.044753
-7.553477
-5.713607
-5.774619
-6.715380
-8.608954
-12.907952
-15.714157
-17.322035
-17.583256
-21.341908
-2.034088
-2.356232
-8.455853
-9.209284
-19.093658
-21.669935
-35.695541
-19.426359
-40.470505
-34.127068
-30.804405
-27.531912
-12.019683
-17.622002
2.226845
-2.758476
-6.379517
1.948709
13.707867
19.259140
15.538633
17.937117
36.594208
38.183804
43.212254
40.231098
45.141605
44.624058
42.702629
24.840332
30.474342
5.703544
6.470174
-10.878100
-2.125625
-21.515909
-17.057814
-32.489056
-30.610764
-28.707823
-30.688219
-14.850334
-22.098579
-11.072612
-25.456451
-12.788961
-16.933710
-7.831810
-8.492818
-1.957512
13.187682
16.399448
12.194840
11.456373
9.951273
24.586843
5.884857
12.068976
3.410683
15.007883
19.468616
1.975996
-8.984837
-14.079299
-11.213445
-26.638529
-30.050970
-21.753548
-12.412244
-16.057928
-15.990165
-8.235807
-15.686500
-12.999325
-19.208969
0.338868
-5.147273
6.207882
2.682776
22.008804
10.959951
27.717630
22.541311
16.062336
2.182833
10.305985
-8.050090
-5.619043
-0.432167
0.937388
-2.311342
3.959032
-12.641091
-7.260573
-17.087738
-12.791598
-1.356351
1.581678
-7.176957
-7.084538
-13.281861
-13.312666
-14.178755
-15.543913
-13.252814
-17.548071
-20.016966
-19.714184
-21.840689
-20.183317
-21.500940
-14.781679
-10.717024
-15.993680
-13.318825
-12.655174
-15.264893
-28.994762
-22.060736
-16.886179
-14.694544
-33.030376
-12.419283
-21.215775
25.716991
9.062302
35.292423
17.982883
48.528511
41.574245
16.772636
20.379601
7.232408
-7.808921
-20.427128
-36.508820
-28.280058
-41.326031
-37.971684
-47.214405
-43.490387
-51.249142
-46.681023
-50.839863
-45.412693
-45.715469
-41.495903
-34.226528
-28.428810
-22.367918
-18.600758
-9.860616
-16.770000
-6.336393
-15.163676
-1.459332
-9.514712
-7.324829
-13.335558
-12.321587
-21.343395
-28.933157
-29.310751
-15.591440
-9.980324
-28.384808
10.826169
-5.245852
25.796200
-19.221289
-0.717346
1.513025
2.892261
-4.548752
-8.008722
-6.648847
-7.512307
1.902943
3.527749
11.007483
20.885702
10.114986
10.579717
-1.925827
-3.705544
-5.793326
-5.259933
-20.905949
-16.662613
-37.733150
-27.254656
-37.660976
-31.103668
-39.427490
-30.454971
-47.168636
-29.421646
-38.962761
-30.778879
-38.778797
-14.724465
-31.672260
-17.151993
-36.392643
-21.752674
-40.718712
-28.398888
-40.987164
-21.189363
-34.026726
-29.477098
-28.727192
-29.784279
-41.687790
-16.703104
-33.797886
-8.778001
-20.451777
-9.522625
-26.921066
-1.098457
-15.164549
-5.384916
-23.449656
-16.487455
-24.176685
0.295741
-12.281981
16.358957
4.283815
25.051573
25.396606
28.846016
28.419136
37.030769
37.621365
37.513992
33.014534
42.187717
30.002563
51.553680
8.242848
25.986315
-11.936068
6.819602
-12.693906
-3.346427
-17.309540
-5.081257
-25.029572
-18.446730
-21.390039
-16.266535
-20.105865
-20.192122
-19.377958
-20.435051
-20.892746
-6.974515
-8.159227
0.350312
-8.861617
-1.072937
-10.900981
-4.623566
-11.218727
-3.050693
-9.762035
-7.293141
-8.866015
-5.900699
-6.539709
-8.228767
0.524585
-5.642811
-7.583597
-18.732784
-0.925067
-19.159670
1.564075
-7.246107
-7.682098
-14.062757
-14.590192
-22.495182
-24.710247
-32.184143
-34.745392
-41.149723
-42.266632
-29.315910
-27.456818
-19.078289
-14.528144
7.138332
21.365198
26.383991
30.846775
39.627018
41.932716
33.977100
29.075871
19.478346
10.347846
9.931454
17.703362
10.979790
19.558361
17.608652
8.433245
5.929967
-7.368580
-5.937322
-18.925610
-18.217733
-16.163515
-16.390491
-25.232779
-25.612434
-25.792053
-26.850191
-24.242414
-19.954351
-15.387873
-9.325638
-7.070566
-3.767975
-13.850471
-6.727652
-19.413034
-10.415611
-13.068303
-8.856173
-11.346384
-13.694532
-17.091829
-4.980422
-3.329533
-8.872503
-5.333952
-8.248722
-1.073650
-13.826800
-14.268503
-17.475567
-19.220350
-5.324967
-25.569162
-10.926718
-38.148403
-27.024099
-8.405484
-12.953181
-4.172935
-15.825497
-3.549164
-6.908092
3.643054
0.085730
11.202687
10.472769
16.424778
5.870369
3.500176
-4.986136
-4.063538
-10.359280
-10.687496
-5.160860
-3.957395
0.234324
-2.129335
-1.780705
-2.045240
-6.584772
-10.029428
-0.887495
-11.032044
-5.215565
-14.604070
-11.024693
-13.104228
-23.550051
-4.905307
-12.088547
0.621327
2.439587
8.866779
5.240055
2.468169
0.830341
-8.548364
-8.332821
-14.165628
-12.608629
-17.327787
-14.532222
-9.553426
-18.935404
-16.561947
-22.776045
-13.412033
-23.276537
-17.033861
-5.197603
14.787772
0.355978
32.718117
15.974908
18.527174
-19.524891
-15.332354
-35.436111
-21.224762
-39.489029
-32.064938
-27.290270
-26.312960
-17.989124
-18.547585
-18.227533
-17.600487
-16.802803
-12.407785
-10.588707
-10.011468
-24.721678
-22.914026
-33.361485
-29.871923
-31.445246
-30.029499
-22.588266
-24.128925
-15.179672
-17.882175
-17.019983
-20.548725
-19.426092
-22.727058
-21.849360
-13.959065
-15.711189
0.728287
1.511273
25.917793
10.392751
34.463707
27.375999
32.567070
32.967140
20.101309
35.740673
-7.901721
19.252186
16.099831
11.304745
37.617699
31.695074
39.191029
31.566088
20.433615
20.184593
3.164611
4.764879
-21.059839
-16.085135
-23.906031
-20.361765
-28.582729
-30.317711
-30.872091
-34.441662
-30.472845
-35.237717
-34.213055
-29.736387
-30.143805
-27.973646
-28.930540
-27.453571
-21.511349
-24.802504
-15.067821
-18.089548
-12.124469
-16.120241
-8.300977
-18.385923
-12.994005
-11.859939
-12.326956
-11.221460
-9.110087
-9.784486
-12.101608
-11.032044
-11.663169
-0.915252
4.853054
-10.591155
-8.377724
-19.643274
-19.518360
-37.884689
-35.783928
-39.377987
-29.952753
-15.541367
-10.134750
4.428491
2.749027
17.131832
19.696352
34.000774
18.048723
25.097242
9.364835
22.518858
10.554409
17.006100
-0.426190
2.351415
-14.668570
-12.616799
-23.465956
-19.118296
-19.858007
-17.366978
-7.990719
-8.918219
-5.471932
-11.101442
-2.758004
-7.984194
-5.858936
-13.509187
-11.856675
-13.656148
-15.827944
-15.836928
-1.474532
-3.763894
7.923770
3.383421
7.305708
1.588020
-4.221930
-2.814348
-13.190772
-12.175909
-9.477498
-6.218996
-8.785138
-7.564525
-11.879533
-13.260174
-16.832199
-22.160431
-17.002836
-10.754627
-11.461167
-22.235004
-23.779716
-36.742191
-41.830990
-62.417400
-56.548065
-76.326187
-71.803780
-59.259666
-51.201714
-42.576656
-30.085922
-21.581120
-5.756201
7.428983
17.825716
32.064659
44.147694
35.667797
48.134338
26.757427
38.815563
18.450426
41.583382
38.343819
54.803429
50.556362
34.999680
30.500031
15.541022
9.786249
-5.132193
-13.101224
-24.741693
-28.801626
-47.713833
-48.122242
-45.731537
-46.595325
-38.573647
-42.224453
-36.959202
-44.540455
-36.267609
-43.095356
-36.202858
-41.886482
-30.107981
-35.566048
-31.741632
-31.345318
-26.363960
-25.068283
-19.561115
-18.889441
-14.138618
-17.711163
-11.778507
-13.632017
-11.661103
-12.116475
-13.269142
-19.238796
-23.634569
-20.308210
-26.397400
-29.936499
-41.170696
-58.516136
-37.588905
-40.533890
-19.765320
-24.725328
-2.783467
5.964674
20.001545
8.878347
30.023308
24.243631
24.290586
17.474937
9.120978
10.344082
1.820067
2.835408
-2.007912
8.726087
-0.210611
8.485592
-19.327024
-7.411906
-14.655893
-7.395543
-17.895445
-8.916059
-17.832119
-23.944790
-28.349100
-36.167995
-35.815083
-41.604721
-23.118002
-19.524115
-6.926649
-26.795141
-16.695826
-17.421572
-13.419270
-11.653277
-10.885548
-13.512481
-12.603158
-15.114113
-12.053863
-12.321394
-13.515327
-13.464097
-17.409475
-11.461166
-11.967058
-8.193154
-6.200900
7.016304
11.706642
1.534756
6.841972
-0.574197
-4.602820
-13.151028
-15.960115
-13.112600
-16.520079
-41.816753
-47.002316
-43.350792
-46.374046
-45.925797
-44.976624
-42.245804
-49.257835
-45.609875
-43.456108
-40.175987
-36.728672
-53.920429
-47.933693
-58.953003
-53.419518
-56.632744
-55.487194
-57.199112
-53.912598
-54.305351
-56.029377
-53.254429
-54.809822
-57.047554
-59.745640
-64.909851
-62.184017
-70.175812
-42.241528
-49.838421
-26.209555
-29.719488
-8.058677
-6.725292
7.148648
19.243065
27.336605
46.374046
18.567831
39.978901
23.639545
30.911283
24.255014
28.396770
31.390844
40.101982
14.031178
22.370909
-2.638314
7.111643
-21.065273
-11.416341
-35.191074
-29.117540
-47.151020
-56.830536
-50.102413
-56.776466
-53.145580
-57.912048
-50.392002
-61.922180
-49.257832
-60.479221
-51.317688
-50.232620
-51.783726
-42.442886
-44.399570
-33.190281
-35.778080
-26.292105
-32.155731
-14.005565
-18.412716
-16.606171
-16.607592
-22.262756
-17.205275
-16.131582
-17.724680
-16.896465
-13.650514
-20.661127
-14.681508
-32.023384
-28.040304
-31.597191
-24.638521
-41.340038
-32.887177
-24.085672
-20.398575
-2.523762
0.857384
20.926521
16.427580
40.873981
35.841408
58.196671
48.613907
48.954731
43.844589
43.941357
36.989098
40.524628
19.164083
24.646343
1.516249
10.685610
-3.925457
4.732317
-15.265668
-10.370408
-25.946297
-30.505720
-27.174381
-31.240721
-29.418514
-35.744637
-35.888371
-40.306198
-36.685982
-43.419815
-42.940243
-50.384884
-33.436474
-40.725994
-29.871754
-30.675772
-23.749830
-21.078783
-17.003199
-16.174992
-11.754313
-10.883414
-8.923176
-10.393176
-6.945149
-9.262569
-8.575953
-12.536279
-4.476884
-8.352535
-0.811134
-9.457476
-9.518761
-17.874630
-17.675646
-23.867641
-25.609329
-33.149586
-26.042101
-33.823715
-27.779253
-5.305272
-4.258889
19.652628
17.894310
39.055592
35.505638
47.644493
54.014290
46.448318
55.346664
50.618683
63.084393
55.149960
69.384575
64.182213
59.137234
63.732800
57.201088
57.962227
35.467815
38.423847
16.756380
16.584629
8.887760
11.335356
1.629707
2.539903
-4.330765
-5.904491
-2.098039
3.240511
8.007075
0.309453
13.994036
-11.536611
3.433442
-17.624197
-7.542527
-25.978548
-21.170372
-22.937027
-24.879974
-21.937565
-21.954966
-23.204863
-8.654730
-13.783704
-7.242915
5.252301
1.507143
10.509148
10.227692
17.232279
10.407005
6.556677
5.694912
-1.968668
-10.089987
-18.064535
-31.402605
-33.364460
-20.776182
-20.969120
-0.515996
4.583472
18.284704
28.299793
36.825901
41.599277
39.834888
40.836624
35.175758
26.495310
29.204685
25.968712
16.302418
17.407810
10.264009
13.767057
0.464551
4.808181
-7.286040
-6.791981
0.239085
-0.252704
0.413101
-2.197160
-2.123770
3.008233
4.234678
5.317374
4.423073
7.295119
-4.936046
0.214117
-5.303752
-16.639105
-7.447196
-9.934889
1.805243
0.910942
12.316657
16.993193
7.297390
16.299391
8.434554
12.856872
17.982065
22.694162
23.029331
17.646893
19.203970
29.021587
21.193069
42.260532
31.752148
20.404697
7.038631
-3.130045
-2.704080
-12.638214
-15.171303
-16.089808
-9.915978
-8.662290
-20.925991
-6.717076
-12.449825
-3.642263
-1.043355
1.982285
6.835867
0.652184
1.700070
-5.138058
-9.469583
-1.656948
9.441587
9.502871
14.675732
10.385824
13.395566
-7.279231
-4.308827
-23.550629
-27.655930
-32.427784
-34.353333
-36.253914
-40.438660
-40.428818
-24.951094
-33.900131
-5.790246
-2.083672
30.742090
29.489918
50.372032
48.808910
53.959820
56.388496
59.972515
55.148434
49.041168
57.443958
49.523132
57.294907
26.965151
35.633503
30.543871
40.341053
20.068764
28.252132
13.677784
17.877657
13.799595
23.369047
-5.018516
16.900888
-9.919760
0.951045
-7.296627
-3.895721
-1.980776
-4.860387
5.922648
-0.287509
9.571720
7.495614
13.748142
6.233607
-1.371711
2.203215
-5.479286
-5.065421
-11.912636
-8.831013
-6.652010
0.013620
8.572254
4.873248
7.401043
-10.745962
-6.478751
3.969112
-10.854914
-0.660509
-8.404295
-0.708931
-0.485734
-4.162800
0.391916
0.243629
13.015003
1.113714
7.110512
7.758912
18.216608
24.255785
25.575289
40.687580
40.401577
55.329258
54.089954
60.362911
64.176918
58.065128
53.676098
51.673378
41.258808
51.825439
39.594292
40.936508
26.964405
26.912951
15.051006
13.726955
0.617383
1.495795
-16.935692
-9.461258
-13.114870
-9.810055
-13.904757
-15.191730
-11.365620
-13.062669
-7.733951
-11.746943
-8.532157
-8.380078
-18.095558
-16.632294
-19.203215
-15.897640
-11.340650
-7.629536
0.055989
-1.000980
10.840539
10.235260
11.844544
11.134097
13.557485
15.772042
21.948153
29.777430
17.719526
25.623709
28.514668
-5.618377
-5.966104
-13.156005
-14.451624
-22.247377
-23.583529
-26.486225
-37.383080
-38.281189
-41.968937
-51.237377
-49.480965
-54.818455
-58.085251
-62.284985
-65.974869
-92.695740
-84.939102
-120.402916
-111.608795
-114.241974
-112.753654
-118.612373
-124.255661
-113.072937
-120.095001
-125.362831
-135.279800
-139.480225
-129.411102
-135.914093
-108.829109
-115.548241
-83.912277
-90.302902
-58.907269
-60.451767
-28.492941
-25.986326
-25.179943
-26.595739
-37.970444
-19.693119
-29.137909
-28.898272
-32.790817
-28.467342
-38.666603
-25.052654
-44.342575
-21.332911
-24.818708
-21.675653
-20.508747
-24.935324
-20.399942
-18.297949
-22.649858
-15.550269
-20.560656
-20.177376
-29.956373
-38.591946
-35.984344
-57.171486
-49.664433
-71.116089
-64.665016
-74.560638
-59.951878
-49.102669
-46.392681
-51.078091
-47.445808
-48.166149
-50.453037
-52.453346
-65.496284
-80.520340
-97.022766
-91.332573
-76.994720
-72.594460
-67.476700
-61.749527
-65.458588
-51.026180
-52.395046
-37.190369
-37.309834
-26.240185
-16.989527
-10.386283
-11.674788
-16.429184
-23.545843
-27.889217
-33.504036
-42.955231
-45.060795
-53.096897
-49.783890
-48.450592
-41.909916
-42.424759
-40.925053
-37.426456
-30.772718
-34.120564
-26.078768
-27.738468
-23.809658
-25.633619
-30.151936
-34.554333
-35.556271
-41.083630
-40.031200
-59.161133
-51.939228
-49.144623
-57.363487
-51.673988
-70.416367
-64.742531
-89.845680
-73.321915
-91.274254
-82.062706
-90.698990
-78.525726
-82.334381
-71.063461
-70.558594
-32.648594
-32.411793
-32.859791
-31.544968
-30.583569
-35.852798
-34.367313
-43.076836
-43.284466
-42.182980
-39.943024
-41.703705
-45.588432
-47.469273
-42.753998
-46.672844
-38.747677
-46.310902
-41.627613
-53.515732
-46.574005
-54.317139
-42.311684
-42.291073
-29.800646
-32.433846
-29.181997
-51.764297
-50.718994
-73.427155
-67.578384
-87.720207
-70.659554
-93.578957
-70.657417
-112.475609
-92.899826
-128.816635
-128.254837
-127.877274
-138.639023
-138.838104
-143.052063
-132.135330
-136.098953
-143.013672
-150.293198
-136.325104
-137.954208
-112.811264
-113.315422
-88.970306
-90.572418
-68.945114
-69.516838
-35.329433
-45.725666
-35.153790
-48.144104
-33.514713
-50.244686
-40.428711
-48.363842
-50.494282
-46.315880
-57.457333
-49.655186
-64.790176
-47.351238
-58.290741
-47.210426
-42.217117
-47.806335
-37.340412
-46.470901
-35.038586
-33.670441
-34.079323
-20.764734
-26.959818
-23.142649
-32.238293
-29.435854
-33.279343
-31.446125
-34.865791
-48.225891
-46.995689
-53.675014
-52.379383
-46.640850
-49.544250
-56.190876
-49.820156
-68.238991
-55.363876
-68.315079
-54.359810
-78.193626
-63.869297
-89.567642
-105.600746
-89.428253
-96.051414
-82.832840
-89.209236
-76.233841
-87.807655
-85.909027
-90.706070
-88.981682
-81.541489
-82.166542
-70.595581
-67.149597
-54.038387
-42.936745
-51.046803
-43.076115
-51.067417
-48.800449
-49.049328
-47.606518
-48.528812
-48.833874
-47.917976
-43.780106
-42.997189
-36.948601
-42.219963
-35.783104
-36.236069
-29.501276
-22.700352
-19.855957
-13.901940
-13.733416
-17.329433
-20.600477
-34.645351
-39.175041
-50.109581
-58.875271
-37.664673
-57.781601
-46.479427
-6.990625
-7.618104
-11.756021
-12.592546
-17.230387
-20.040800
-30.039541
-27.424416
-31.412430
-33.769691
-32.028210
-32.384758
-35.274940
-36.023796
-36.115589
-42.614552
-37.814774
-34.705570
-47.871265
-44.628330
-38.071598
-40.494877
-46.810570
-48.981819
-47.563538
-44.845966
-48.027367
-54.140560
-54.082100
-59.559216
-54.289085
-43.688999
-41.655968
-45.948608
-41.986378
-41.291519
-38.166847
-24.634975
-23.309530
-20.962248
-18.720171
-19.531250
-23.601093
-17.961700
-20.710569
-26.861921
-25.270359
-21.771263
-27.139389
-31.162468
-29.160727
-26.369219
-24.465813
-20.521809
-19.132418
-19.004175
-12.921243
-20.204119
-17.347628
-23.050291
-19.198088
-23.061293
-19.675661
-27.342932
-26.370939
-29.905796
-26.517754
-28.420475
-29.055859
-36.403027
-25.569141
-23.529577
-28.457264
-31.820545
-18.126736
-28.560064
-28.271254
-27.641369
-27.127695
-32.820389
-32.891212
-30.282276
-32.903591
-27.586700
-25.738995
-28.353430
-29.072020
-18.999357
-12.470489
-14.874503
-16.010498
-8.225984
-6.046485
-8.788480
-6.833841
-13.159855
-12.517248
-17.551861
-16.004652
-14.945332
-27.521370
-23.889223
-17.994362
-14.767230
-25.739336
-26.652531
-21.799114
-20.507372
-16.819515
-16.814358
-15.712057
-20.469547
-21.621359
-18.171774
-22.821301
-18.075848
-19.781900
-20.608797
-30.717558
-34.224564
-42.696033
-43.642239
-44.135281
-44.854904
-51.106308
-54.047371
-50.886261
-44.115681
-40.645130
-40.925335
-33.701263
-33.799252
-38.441223
-37.944397
-26.781120
-25.165148
-26.018175
-20.157701
-23.758570
-22.882847
-20.681000
-14.314415
-14.601505
-19.600706
-17.206316
-17.229010
-18.291767
-19.136541
-18.989729
-23.204323
-21.604166
-22.112680
-26.412888
-29.068926
-26.686573
-25.355629
-24.643570
-26.333803
-29.159006
-33.882797
-38.557766
-31.697802
-36.646801
-32.843426
-31.918192
-33.377377
-36.310883
-47.049873
-40.582550
-40.373848
-38.457375
-60.488220
-51.096336
-55.917091
-44.939484
-50.610172
-52.129532
-45.942421
-45.669083
-47.900150
-52.264313
-55.969704
-53.625160
-47.908066
-45.225197
-45.405369
-46.041435
-40.189560
-45.816586
-25.027962
-30.363770
-24.677263
-22.979116
-20.071743
-20.605703
-22.103054
-22.073143
-21.032045
-25.346344
-25.716984
-25.976919
-24.149837
-18.002613
-19.252413
-22.026039
-24.483002
-15.596535
-17.755404
-18.208218
-20.184517
-17.621998
-18.155613
-23.875463
-19.806999
-18.819883
-18.827099
-26.178396
-23.267931
-23.614504
-23.733469
-28.191141
-33.020832
-29.298258
-32.811447
-31.717739
-33.510098
-38.019005
-36.558437
-27.140759
-30.387489
-29.473949
-27.917458
-31.662729
-34.137577
-41.732990
-41.501595
-35.235752
-35.786552
-35.562725
-35.288013
-35.808212
-33.750084
-34.646782
-40.937031
-35.733952
-27.090219
-26.293926
-30.170542
-32.534664
-24.398420
-25.309898
-20.830223
-23.566021
-24.016434
-24.039129
-24.182159
-21.864098
-22.701307
-22.451002
-21.895733
-23.448782
-22.613291
-23.770256
-20.024298
-19.409195
-21.415407
-17.156118
-12.059961
-10.891992
-14.767575
-13.407063
-12.009421
-10.991703
-17.383389
-18.131203
-23.059231
-29.014942
-38.089828
-43.397774
-42.903355
-4.126674
-4.306656
-8.526551
-8.146282
-12.460321
-13.526369
-19.310728
-11.452418
-14.384749
-6.033562
-19.098442
-7.361734
-23.799206
-12.509239
-25.710720
-7.846305
-16.437469
-17.431526
-27.667446
-28.089252
-25.520580
-25.295378
-25.190155
-24.030878
-22.531944
-23.783510
-21.220381
-30.448412
-22.915913
-33.866226
-22.677780
-34.084965
-26.500792
-36.708096
-32.003635
-21.638498
-19.720535
-10.485131
-8.705612
-3.324595
4.623236
-4.153441
-0.761469
-4.636165
-9.423693
-14.993912
-20.445078
-24.620672
-28.016340
-34.571384
-48.740154
-41.547318
-46.776962
-41.355339
-41.382107
-39.108788
-33.634552
-37.107754
-25.382132
-30.550858
-25.602726
-27.584379
-12.130814
-19.775913
-7.180836
-16.873114
3.515655
-9.708896
-8.868057
-24.157328
-17.410297
-18.017622
-25.386749
-22.129530
-29.885382
-21.119780
-27.894503
-30.497324
-19.228586
-25.694103
-18.408043
-22.376892
-24.874487
-10.842323
-11.589022
-8.568089
-3.307983
0.254743
-8.622542
-3.818396
-5.555458
-2.458837
-4.215280
0.130142
-1.992728
0.530718
-13.696199
-10.840477
-10.976156
-5.281331
-9.338779
-4.338039
-0.945138
-11.759772
-6.435989
-15.558787
-3.760251
-7.701403
-5.729901
-11.289052
-8.772988
-17.065100
-16.880505
-13.076877
-12.040360
-10.208233
-6.655657
-1.039282
-3.667027
-10.991846
-14.912696
-17.364149
-16.263025
-23.206657
-31.667667
-39.289696
-37.696621
-35.693733
-42.877342
-46.924641
-41.009220
-42.622597
-36.560421
-28.835020
-19.394716
-16.313791
-6.564283
-6.086182
1.524775
2.064723
11.170910
3.966994
10.502665
3.933769
4.057453
-3.905154
3.655031
1.344793
5.513923
3.074468
2.998787
-1.475851
1.353105
1.737060
9.022196
10.747259
7.439272
5.848039
0.111684
-1.090967
-6.094482
8.678839
3.907925
-13.300243
-10.339296
-11.859456
-24.391768
-27.873276
-34.728291
-27.179184
-24.979713
-36.953625
-29.538343
-38.180267
-24.376993
-23.349714
-23.858288
-23.765978
-24.085329
-30.633003
-37.324654
-40.096382
-39.936707
-39.291546
-38.006744
-36.667484
-33.436111
-27.658218
-13.750655
-8.950203
-3.543351
-3.449198
2.714505
2.707116
11.243824
8.977894
19.906984
22.268898
24.503450
25.899921
14.661640
12.832281
10.060554
5.998490
3.530425
2.827111
-4.204206
-6.453526
-22.424883
-20.913954
-19.595930
-21.511126
-35.372536
-34.815979
-39.060791
-42.489693
-43.782791
-48.776154
-48.485405
-55.846226
-51.951221
-69.059700
-44.838692
-50.234474
-45.338028
-47.339981
-60.732521
-60.198109
-52.714539
-45.110054
-47.272614
-39.976391
-40.861542
-33.542259
-39.484440
-29.481112
-27.887108
-19.059669
-22.663935
-17.203550
-23.592451
-8.353947
-17.183239
-0.390426
-8.004137
-11.300125
-12.387405
-12.470472
-12.051440
-5.880350
-2.982169
-4.471870
-0.720853
-4.140521
-0.004615
1.083583
2.044413
0.618403
3.739018
4.166359
6.865173
-3.981765
0.223363
-9.119108
-3.859931
-9.777199
-0.163370
-6.854098
-2.287161
-11.315816
-8.281038
-5.889581
-2.723735
-5.835122
-2.723734
-4.698002
-2.189324
-19.930975
-16.286100
-22.123991
-5.156507
-5.724835
-13.638041
-14.846197
-25.612652
-27.921410
-38.724525
-37.964314
-55.650928
-51.259525
-43.805874
-36.987156
-31.181660
-29.786503
-16.970398
-11.480841
-8.518197
-4.583905
3.565801
6.753936
7.200044
11.111123
21.451633
21.779800
30.513103
28.695683
35.253452
29.691780
33.693302
10.178576
16.490070
-3.721019
-2.752419
-22.422680
-17.668282
-32.442364
-29.491951
-36.758598
-33.290581
-30.000389
-23.719444
-14.932362
-11.029232
-7.854537
-12.957270
-7.800149
-10.513457
-9.302245
-5.562285
-8.204701
-3.027416
-0.031780
-1.519210
-0.829270
0.317164
2.020925
0.592772
4.277126
0.244441
0.022612
-1.336489
9.277803
-6.041999
-6.813828
-9.448913
-13.027548
-10.090574
-17.721447
-13.029378
-19.364712
-20.180534
-7.409654
-16.967342
-6.481996
-18.415054
0.039108
-6.478331
13.347765
11.048791
24.042721
17.385334
25.775814
20.984146
19.801037
8.105093
10.184683
0.566495
-0.491329
-0.343442
-0.033610
-0.617827
7.082101
-1.929260
3.340914
-3.460691
1.255822
5.351451
8.053148
-0.944768
-0.757160
-4.253905
-3.740577
-1.774650
-3.094638
-3.471691
-5.861110
-2.478643
-5.305619
-6.765550
-9.000358
-7.250766
-10.562345
-6.797328
-5.389336
-3.937352
2.132147
6.448384
13.590378
15.889351
8.110595
8.444253
1.141545
9.497802
2.038036
25.973209
19.196655
9.643859
1.975705
-0.397829
1.363991
-20.375477
-15.688911
-42.595261
-36.315548
-49.054035
-45.112415
-42.734600
-40.967289
-37.688095
-36.453659
-34.846451
-39.988899
-35.570000
-36.817875
-34.205402
-34.891674
-34.927731
-31.850819
-32.718578
-27.978237
-28.430462
-26.985806
-30.343830
-27.779026
-28.099854
-24.681332
-29.459564
-34.207844
-43.131214
-46.090797
-55.966869
-58.747387
-69.395920
-51.131802
-58.926449
-25.505711
-44.443253
-15.236691
-22.961674
-9.321192
-17.308952
0.854328
-9.025417
2.412645
-9.187967
-6.677549
-5.311114
10.366186
10.028855
21.180305
20.231258
10.572738
8.122814
0.970436
-4.869901
-13.887980
-19.520542
-33.887627
-33.795959
-44.290466
-40.779064
-40.101967
-37.650814
-37.538372
-28.765347
-39.651573
-23.413284
-28.236732
-17.030895
-19.125156
-7.181709
-9.396358
-4.676790
-7.200656
-2.672366
-3.424637
-3.075695
-3.741799
-2.965696
-3.490636
-0.949049
1.311431
-0.329998
-0.774269
-1.737374
-7.201267
-7.963315
-14.365868
-2.831863
-16.942898
-5.149787
-23.705387
-17.085289
-31.481709
-26.903309
-38.071869
-11.344563
-19.329266
4.987847
0.194331
15.390686
12.882100
25.286938
26.614250
37.593369
31.178596
33.204418
26.881298
31.937592
26.182201
32.997242
12.073001
15.207973
0.949045
3.493074
-4.195240
-0.369721
-5.218839
-0.213276
-1.551595
2.119926
-1.608428
1.897482
0.738828
1.254599
1.209377
1.206322
-2.892361
2.577641
0.102054
4.676791
2.121145
5.100286
0.442439
2.613697
1.180655
3.111137
0.417384
0.989991
-1.407989
-0.147887
2.718809
6.386662
12.123109
14.161145
19.145321
21.739468
12.796545
10.496346
15.626575
-7.581555
-8.350514
-17.411465
-19.630104
-29.759857
-33.500202
-46.819248
-46.799435
-61.646511
-58.415798
-57.440632
-54.793400
-52.205582
-49.027988
-49.808651
-51.464531
-44.290871
-49.182861
-55.017593
-58.246513
-56.655460
-63.623837
-56.778824
-66.319695
-60.411125
-50.941387
-55.565052
-52.258705
-57.470345
-59.688087
-65.444489
-65.768639
-69.680077
-62.142632
-62.836861
-58.120464
-57.576599
-53.991116
-51.504147
-49.493500
-46.485199
-54.718655
-43.121223
-49.485409
-42.477413
-48.114964
-40.819740
-43.411156
-38.794689
-44.660942
-37.022652
-36.343739
-31.161810
-28.015738
-27.898684
-27.741108
-19.925444
-16.529051
-30.645870
-23.872889
-31.717373
-50.645142
-44.660938
-56.348427
-57.569393
-64.292847
-66.591629
-65.218483
-76.414337
-64.108261
-61.651009
-48.349972
-54.581791
-42.603477
-50.464157
-32.994167
-42.165867
-35.120960
-42.619686
-41.595905
-37.767307
-35.770168
-45.688320
-40.531601
-42.094734
-42.943836
-38.581287
-35.140781
-29.752651
-29.504133
-24.830944
-18.536993
-16.808184
-15.269360
-18.952087
-21.389534
-33.877487
-41.142990
-33.923409
-46.138538
-39.732025
-47.097481
-40.731499
-36.645382
-35.633312
-32.127964
-28.030146
-22.357485
-25.710657
-25.077660
-27.593437
-32.222507
-33.483101
-29.324049
-31.148306
-31.642635
-38.281448
-39.641987
-62.782833
-31.822720
-54.448528
-27.775326
-53.944286
-46.733715
-74.067825
-68.402374
-89.304771
-85.560814
-100.369156
-89.870224
-89.497475
-76.362106
-74.867401
-71.292717
-58.817387
-57.171406
-55.827969
-55.583061
-55.012184
-58.554447
-57.157898
-60.536289
-61.719429
-58.707516
-57.921463
-57.372196
-58.251015
-60.819008
-55.961243
-58.535549
-53.505783
-59.317112
-46.048492
-55.510128
-42.862797
-51.608593
-47.295574
-50.574017
-49.073009
-55.945026
-60.647938
-61.893223
-75.497711
-54.042435
-69.459465
-78.123322
-67.846809
-65.989235
-66.664551
-49.908604
-55.036510
-51.024227
-68.168266
-48.853313
-73.983192
-75.185242
-82.005043
-54.063160
-63.586914
-48.035721
-63.911068
-52.175873
-64.754768
-61.365578
-68.897606
-65.066315
-68.395157
-64.930344
-68.222282
-59.482788
-64.305450
-56.746410
-63.360920
-52.097530
-61.672619
-62.112923
-56.408749
-61.028824
-48.971260
-59.824947
-53.539104
-58.809280
-49.849171
-54.634911
-44.498856
-40.485676
-40.217350
-34.919266
-36.773235
-30.463081
-29.786867
-32.341362
-29.377176
-39.103531
-44.117985
-44.958084
-42.443207
-40.570328
-63.568901
-59.090218
-70.717354
-68.763435
-71.739334
-69.667458
-66.580811
-69.531502
-57.093967
-57.115589
-45.772961
-45.981857
-51.085453
-49.388157
-50.061672
-49.946419
-53.412140
-62.710800
-54.654724
-59.041580
-58.715637
-64.681824
-71.648399
-59.124420
-68.247498
-52.201073
-55.630795
-54.525970
-54.133385
-48.377880
-46.126831
-38.204014
-30.874580
-34.856236
-33.483997
-35.807987
-37.385529
-37.980713
-43.551624
-45.230007
-41.632820
-46.204269
-44.348492
-35.289345
-32.922138
-24.138519
-22.963470
-17.710407
-19.264536
-17.189060
-17.184559
-15.498062
-12.651832
-10.239599
-10.337749
-21.490377
-25.532373
-38.328270
-47.834034
-35.003010
-43.331017
-50.271473
-4.659153
-4.449901
-5.541941
-4.187517
-3.108555
-2.395786
-1.880010
6.598835
8.540145
18.827885
19.309332
27.516806
26.195074
26.531021
14.036316
5.644935
6.244901
0.466731
-11.425553
-18.340719
-19.642012
-24.200628
-20.202747
-24.338768
-28.070181
-37.088501
-44.730335
-41.388008
-50.185631
-43.722488
-51.653675
-41.019356
-43.941547
-23.997093
-22.250320
-8.284304
-3.843392
6.427180
8.795994
11.746792
21.133762
12.910760
4.633000
0.210069
-2.160375
-11.546528
-11.147638
-29.306898
-25.070333
-38.769070
-24.170383
-27.581381
-6.159893
-7.748088
-5.847647
-10.512524
-3.299826
-8.234442
-7.368005
-15.738132
-14.328943
-30.065441
-7.510229
-28.850790
-8.465764
-13.696280
5.622046
-8.084859
7.442389
-8.170685
1.670758
6.029929
3.879361
-0.984959
-8.647227
-15.263227
-17.105637
-24.910130
-9.777685
-26.089628
-13.578571
-21.916828
-25.305744
-12.201262
-13.676663
-7.412142
-15.291834
-11.132109
-3.355409
1.288215
5.810864
-1.471313
-1.867748
-3.490278
1.604547
-0.588525
-3.805793
-10.115269
3.361131
-2.161193
13.120832
12.150588
6.801549
1.908621
3.706072
0.581986
4.356718
1.676478
1.814617
-6.044641
-4.487502
-13.293303
-9.596225
-12.231504
-7.322228
-12.727664
-17.619776
-9.839807
-12.847823
-4.004421
-20.252602
-1.647870
-20.905703
-18.218109
-36.721493
-27.314907
-56.997799
-43.303158
-46.899704
-31.188538
-51.777920
-40.069546
-44.903625
-26.578428
-17.900139
-6.515455
1.018478
6.702647
12.742383
24.816132
21.351192
30.700563
23.159269
29.079666
21.200785
17.945917
19.852903
15.856656
14.487517
7.049217
5.947371
-7.597687
2.536378
-11.028296
0.558284
-18.007223
-7.823295
-13.809080
-6.215478
-14.336299
-3.048068
13.787829
5.875443
26.607042
18.187046
25.300024
21.203239
18.296579
11.542445
7.052488
3.732229
3.578559
-3.443690
-16.377337
-4.033847
-6.443527
-4.558614
-10.987426
-12.760361
-16.994473
-12.690881
-24.752369
-18.368511
-25.481485
-21.125586
-17.870712
-14.141758
-8.921053
-8.961106
5.780621
0.543570
15.984989
2.915654
21.631561
3.888351
28.831177
14.220242
29.387007
32.086044
39.875820
22.399904
33.344826
16.784403
31.601326
15.041712
25.174973
5.940829
17.265026
3.966818
16.820368
12.247852
10.204363
-3.584274
-4.175254
-13.505823
-4.566787
-15.858290
-3.276124
-25.080141
-7.059027
-29.189194
-2.329571
-39.945297
-4.397587
-30.475777
-15.242794
-37.606728
-18.052177
-29.447495
-9.292150
-27.033722
-29.794886
-25.052355
-36.010353
-36.969170
-37.454697
-36.086372
-41.804882
-37.731796
-53.370201
-45.586956
-26.507320
-31.630756
-17.339407
-24.154036
-6.235093
-13.734697
7.618943
-3.598174
13.782924
13.990541
18.341537
13.112657
22.292013
20.537878
27.246244
18.943140
21.284973
14.776061
11.861226
7.778337
3.011286
-2.916470
-4.377154
-10.969448
-8.810705
-13.911250
-10.972713
-10.298365
-7.073740
-5.548481
-5.187191
-5.526410
-0.617952
-1.607819
3.706888
0.914664
-7.922198
-6.909444
-22.378653
-5.554649
-6.437816
-13.151738
-15.308521
-24.431162
-27.897821
-39.553757
-44.116470
-58.888584
-66.328583
-69.881683
-72.065430
-79.124260
-78.531128
-78.661285
-71.103249
-69.671585
-71.009361
-53.903816
-56.429657
-53.371109
-61.696121
-57.019058
-67.588234
-67.748131
-65.068886
-71.206429
-69.855644
-72.349907
-67.645882
-66.153801
-57.754417
-54.496933
-49.445221
-44.283806
-47.456699
-45.359413
-43.522423
-40.670277
-41.952251
-42.402199
-37.784634
-38.370319
-43.056675
-36.631874
-36.776894
-24.813251
-22.681561
-12.593018
-11.681034
-7.259623
-8.549045
-5.082384
-5.412415
-9.030607
-8.604827
-5.856790
-7.159222
-16.425026
-20.399277
-30.261917
-21.764002
-34.013981
-27.655182
-29.916077
-28.418427
-37.151543
-30.865255
-25.660156
-17.917120
-20.890139
-18.816084
-25.876770
-28.131166
-32.096115
-31.664761
-36.132652
-37.641476
-43.389481
-37.889679
-39.163303
-37.882248
-40.586590
-36.307426
-37.158054
-33.519409
-26.428051
-21.419102
-20.360233
-11.843722
-12.342015
-2.877262
-7.303319
-8.330580
-11.776787
-12.577215
-8.277589
-10.449249
-16.672314
-18.163475
-24.429306
-25.184183
-28.134882
-20.850159
-22.052193
-18.243429
-17.278448
-11.380758
-14.558298
-10.023469
-10.183370
-7.169451
-10.825757
-14.738647
-19.041061
-17.847393
-20.022770
-18.332670
-20.904078
-33.927521
-24.705410
-35.071915
-26.970976
-29.249531
-32.427063
-34.401642
-42.761044
-35.780315
-47.679806
-41.638950
-48.240391
-42.433800
-47.835068
-51.390976
-44.404659
-45.412407
-40.557774
-42.142822
-41.357277
-43.225883
-42.536999
-48.627144
-47.276344
-45.188358
-42.774063
-41.716125
-51.157612
-49.309494
-52.683189
-49.085453
-49.743652
-48.003330
-47.919662
-48.415173
-49.894241
-50.456673
-49.246273
-52.297382
-55.141182
-59.583958
-64.277748
-78.439087
-77.077171
-88.762840
-86.135635
-82.437523
-93.280952
-76.825249
-87.342346
-67.811363
-79.616936
-59.003857
-64.908043
-56.149841
-62.753143
-56.067097
-62.283649
-45.357555
-51.334267
-50.168503
-58.112335
-56.184242
-61.666370
-55.562309
-57.550831
-48.845585
-50.624008
-52.426594
-52.431244
-51.730293
-49.595810
-49.658108
-46.863571
-48.775871
-46.490791
-56.078259
-51.230145
-57.296101
-57.112961
-61.337288
-48.981331
-58.491619
-47.206619
-54.570374
-43.479671
-40.295624
-36.419907
-35.288525
-32.883522
-31.510431
-27.757442
-25.839571
-17.858541
-18.549269
-13.499423
-16.215855
-20.508047
-20.916157
-17.352821
-21.444206
-25.632269
-26.587940
-24.594778
-29.210484
-24.801163
-30.135481
-26.859402
-30.993546
-34.348648
-34.269634
-41.717979
-39.433830
-47.315403
-48.481167
-52.571625
-55.706402
-52.692478
-57.449482
-54.161327
-54.260796
-54.524822
-50.454815
-55.500011
-37.018612
-41.526470
-30.618902
-34.267773
-19.309731
-22.530962
-15.731517
-11.894853
-15.021263
-14.165056
-17.894804
-19.682522
-21.735178
-23.799004
-26.550766
-24.829054
-27.026741
-28.590406
-20.502474
-20.586140
-17.415108
-16.931688
-15.444251
-10.332111
-8.482112
-8.823294
-6.667440
-7.906661
-10.462264
-14.078599
-14.829753
-18.980633
-17.906893
-21.614326
-26.233742
-28.144184
-28.027979
-7.316357
-7.928087
-17.197386
-18.998116
-33.371647
-38.896610
-61.214005
-55.891514
-83.133629
-81.896545
-80.354294
-75.855331
-71.442535
-71.171158
-51.189362
-51.183620
-18.175293
-20.734945
13.909699
11.417535
15.552464
8.511817
11.043464
3.481552
-5.686512
-6.612725
-10.235724
-13.761785
-14.123661
-22.184574
-19.795815
-29.194351
-24.221529
-38.987785
-32.830982
-47.078854
-43.091125
-57.052513
-54.998329
-54.723347
-50.993366
-52.381245
-62.126568
-65.330963
-61.543564
-58.814461
-59.582718
-55.673958
-52.310883
-43.794041
-38.185787
-34.713562
-28.342094
-22.999498
-20.124649
-26.171597
-13.682809
-16.882193
-21.413450
-22.868101
-28.638618
-29.568422
-28.817398
-28.721191
-22.846567
-27.183964
-22.244169
-29.105314
-36.565987
-41.455528
-55.764431
-50.202843
-50.422554
-53.506348
-54.817402
-38.679047
-38.847050
-25.150606
-22.257088
-6.076381
-7.801724
-13.911133
-11.233012
-11.874900
-14.010932
-17.799786
-17.731577
-13.679217
-9.410747
-8.488843
-9.354025
-12.107533
-11.353638
-9.407873
-7.186401
-9.576604
-12.727879
-19.866171
-13.562186
-22.181705
-22.406435
-27.099237
-23.910635
-21.648952
-18.835852
-13.400642
-20.662426
-20.934553
-18.543627
-21.050144
-18.164528
-21.699930
-24.779406
-14.960837
-22.443058
-8.873688
-13.320942
-5.614000
-15.699651
-6.389431
-30.068869
-20.865618
-41.789394
-21.880867
-61.550018
-39.149326
-64.442085
-38.490932
-50.108070
-44.719532
-58.253719
-47.634590
-54.917191
-48.214008
-65.411400
-61.131435
-58.444717
-57.515614
-58.160374
-58.898468
-60.406254
-67.408844
-63.563992
-63.593430
-56.071728
-53.366333
-57.939945
-59.341480
-64.007004
-63.502960
-63.734879
-66.785629
-63.290447
-65.278564
-63.169823
-63.802376
-59.070786
-65.577255
-68.958282
-78.471703
-87.397804
-72.505898
-89.644409
-67.551735
-82.076027
-56.096859
-69.662643
-40.510651
-51.422710
-24.520218
-18.228434
-1.056167
12.957635
-8.856451
5.053957
-1.295263
-6.454764
-0.292944
-9.093390
-1.667187
-15.263115
-16.951118
-23.965199
-27.944323
-31.690811
-40.398643
-48.664192
-53.073383
-64.356674
-66.608284
-73.042953
-64.104645
-70.761162
-66.097786
-69.783974
-77.579941
-68.050735
-63.744221
-58.392990
-57.373444
-59.692570
-52.185951
-52.134975
-49.113655
-47.417751
-44.512741
-36.947247
-37.059254
-18.973703
-22.847279
-17.424990
-12.206614
-24.400305
-18.372026
-28.816681
-19.841759
-34.804749
-28.904278
-34.829163
-31.045338
-32.428192
-37.821758
-31.326786
-34.399815
-41.507225
-40.502750
-45.357826
-44.399303
-35.295856
-39.137123
-29.185003
-40.476910
-19.043346
-34.165016
-14.051136
-16.686892
-16.489449
-23.315411
-24.439074
-16.260405
-31.207603
-19.968845
-28.830322
-18.829390
-19.148174
-16.940346
-15.067815
-18.822206
-17.696392
-18.542187
-20.059315
-15.614214
-18.957193
-18.834417
-21.451500
-24.265320
-26.901077
-32.414555
-26.641884
-29.213020
-27.687277
-22.461004
-22.339661
-14.601128
-11.621453
-6.329835
-4.152159
-4.365403
-5.579532
-6.948029
-4.851486
-0.124214
2.704682
-1.245001
1.711698
-2.518721
-5.566612
-21.065941
-21.300005
-41.786522
-6.442435
-6.729531
-12.174688
-13.102711
-19.031816
-21.014620
-28.661259
-30.211744
-35.774006
-35.210728
-38.595852
-38.274757
-39.077282
-41.287998
-45.815208
-44.211414
-50.966133
-49.418591
-50.810829
-50.920383
-50.956470
-51.217976
-49.042931
-50.412918
-56.227032
-52.276955
-54.257652
-58.189686
-58.891060
-65.283966
-60.828533
-56.956936
-53.386295
-52.428886
-50.017124
-36.435078
-34.587006
-26.312027
-24.887470
-23.092701
-25.300064
-23.345800
-20.651552
-18.381653
-25.688734
-28.273849
-27.585073
-31.353407
-29.600203
-24.983589
-24.595758
-22.670456
-21.910742
-19.091415
-20.190268
-21.022593
-16.909658
-20.861418
-19.648399
-28.680145
-31.483105
-30.860645
-24.376238
-34.527828
-32.930756
-36.121128
-28.179829
-33.872627
-24.018208
-32.066532
-30.317934
-26.242773
-30.417826
-30.533257
-33.782391
-32.653728
-25.303419
-31.402937
-37.324493
-37.569611
-35.893208
-37.094059
-40.781803
-33.309349
-38.324703
-33.878510
-32.369156
-23.995125
-18.931503
-11.388114
-9.966069
-12.880674
-9.776771
-10.925153
-9.004047
-14.516359
-12.042892
-17.540934
-17.158142
-20.679676
-24.450111
-24.720837
-28.169336
-25.001213
-20.079880
-18.030760
-21.605602
-22.219244
-20.449242
-16.890772
-14.440390
-19.072950
-17.377661
-20.056797
-20.183134
-22.382940
-25.167850
-22.673395
-29.156124
-46.738609
-42.851498
-42.584541
-45.833256
-49.576405
-57.997452
-56.399548
-52.177048
-46.524971
-52.072117
-49.256149
-53.276329
-48.620258
-37.701405
-35.094048
-29.419708
-28.103861
-24.200369
-21.480938
-22.011896
-17.616905
-17.648802
-16.847120
-19.574947
-18.859722
-19.515348
-20.576422
-25.195551
-22.998684
-25.559452
-24.508453
-21.564049
-24.466059
-28.764093
-29.627060
-28.382137
-28.956755
-25.080965
-27.764715
-28.040482
-32.116062
-34.638218
-37.027740
-38.207596
-41.938591
-42.529144
-25.767643
-38.257130
-51.861008
-48.809563
-48.754154
-52.381050
-61.718353
-54.488087
-63.229805
-51.745571
-48.576614
-46.935463
-46.318039
-45.480259
-49.200325
-52.834347
-59.112671
-60.720242
-60.166191
-58.413826
-57.089569
-54.476753
-41.583065
-37.962471
-29.227474
-30.219297
-24.792612
-28.803549
-21.393633
-25.218214
-24.026604
-25.454107
-26.008148
-30.089186
-33.010513
-27.384861
-31.857508
-26.604586
-32.085842
-34.129925
-33.159092
-33.018059
-33.569164
-23.744547
-26.099649
-25.610664
-27.000811
-30.391388
-29.177946
-25.892298
-31.166630
-32.286049
-32.440933
-27.589691
-26.359043
-42.610561
-42.109829
-31.244278
-30.743959
-34.663818
-30.269670
-44.102703
-40.006561
-36.921127
-33.293404
-34.747761
-30.698210
-40.739414
-39.912121
-45.900406
-52.950615
-47.111748
-45.669991
-43.367340
-42.578671
-39.685047
-49.654480
-47.059704
-41.292202
-39.597740
-33.251842
-31.297167
-25.523781
-24.013594
-24.421991
-23.569937
-20.035389
-22.296059
-22.686825
-24.451368
-23.540552
-25.308456
-23.143070
-23.449896
-24.215063
-24.797646
-22.226383
-23.999741
-24.227654
-23.386515
-24.186100
-20.226789
-17.948074
-15.398630
-16.382061
-14.892020
-15.410806
-15.327280
-17.998026
-19.059940
-24.116005
-28.191584
-39.951157
-42.372158
-43.856747
4.970665
5.539680
8.041812
8.682917
7.558182
9.578783
9.230935
2.784187
2.151480
-3.244721
-14.004230
-14.974286
-17.181763
-12.409862
-16.679934
-9.139244
10.185592
-1.494977
22.491869
10.052616
17.240551
5.562775
5.657961
-1.205224
1.378101
-9.465403
-17.575806
-18.676735
-21.543512
-9.630570
-8.707414
-6.755403
-2.570720
-13.152454
-9.507394
-11.973130
-9.262431
-23.121778
-20.443974
-17.087971
-12.290183
-25.565821
-7.511291
-20.740730
4.851681
-11.743564
16.734526
2.138883
24.218517
10.732213
21.794073
18.650141
20.096127
16.691832
13.388319
7.986518
8.798399
-2.684103
4.478636
-9.199441
-4.635415
-21.467228
-5.121143
-13.705376
-2.493731
-6.334763
14.021028
7.845836
10.483749
1.063143
6.635019
-6.359261
-17.269243
-22.764833
-27.444345
-25.522425
-31.267874
-21.919357
-20.162617
-2.996256
-6.906579
-4.420545
-14.528449
3.118040
-3.836834
3.596770
-2.742893
0.307954
-2.224971
-0.795782
-1.550971
0.681000
6.161189
1.404693
9.110553
5.172236
-0.321954
-3.883026
2.980859
1.426390
-0.070689
2.271865
5.976418
1.860325
6.219279
0.177772
16.602943
9.428306
13.209846
-2.383146
2.388747
-19.252052
-15.232546
-18.987494
-20.583252
-15.956241
-21.966249
-17.600996
-22.912512
-10.888988
-2.894073
6.119898
15.111465
19.242252
2.424440
6.222074
8.696218
26.421789
6.663719
18.295294
-4.664808
2.518928
-15.164657
-7.397209
-22.583561
-14.834304
-12.094209
-0.764987
-7.747854
-1.710550
-4.392549
-5.360507
-6.495738
-7.234128
-5.629266
-7.388105
-2.115787
-9.677469
-1.216422
-13.133557
0.256862
-11.332723
3.610766
-6.773598
16.386679
11.083562
14.788814
12.814412
14.856002
16.404875
18.483564
14.661433
20.164019
-0.646707
1.159025
-11.518198
-13.144756
-16.706537
-21.346146
11.362823
0.755190
26.435091
19.747580
23.136480
25.145882
33.937981
32.200142
31.456842
27.957363
12.954391
12.798309
11.409013
14.387772
4.818084
11.206743
-9.382110
-1.515277
-13.969236
-7.172540
-17.554102
-24.999607
-14.702025
-20.730236
-12.764009
-16.115112
-12.850799
-12.157896
-9.393312
-7.619071
-1.443887
-15.297640
-4.890179
-16.079420
-5.492088
-13.552794
1.187726
-10.860991
-2.229871
-14.375873
-11.141648
-8.034810
-10.196788
3.573674
-5.678962
0.097283
-1.552368
-7.400004
-3.221625
-19.315739
-18.565451
-24.707745
-28.695753
-20.225605
-22.258808
-22.221016
-24.618860
-42.191853
-45.131424
-38.506199
-34.895435
-34.809349
-36.641678
-24.336096
-30.183741
-5.300316
-23.639700
-13.589190
-32.675369
-19.999540
-35.577133
-28.369606
-15.146461
-22.216816
-8.468045
-19.464823
1.327003
-8.095703
6.977967
4.167884
19.372437
13.963632
19.343035
13.659178
18.860111
16.534351
25.226370
18.593452
22.587755
19.529215
20.604250
20.702236
14.760818
15.194751
7.818544
8.310571
-1.943612
4.301564
-6.145791
-2.473434
-17.513510
-15.584596
-15.046373
-15.826759
-13.467407
-15.459312
-15.461411
-22.062138
1.713348
-4.115391
15.446014
6.941745
8.199490
17.488594
20.489902
26.762833
29.403727
38.381641
44.525459
60.294632
63.284798
25.323019
33.901508
5.657080
9.986716
-4.482919
-1.500195
-16.123100
-17.822069
-48.124046
-49.709698
-53.281353
-57.805157
-44.263489
-50.859692
-31.551378
-65.838356
-60.890984
-87.965927
-84.216843
-55.891590
-55.829353
-31.337717
-34.822987
-23.540442
-25.118658
2.130919
2.129992
29.815235
28.259310
28.737694
34.200619
11.936497
19.569351
15.744099
10.763281
8.014638
5.971965
-3.688700
-4.442977
-25.523666
-28.693113
-24.343950
-21.137350
-17.788631
-24.350456
-14.194676
-18.754696
-18.118397
-16.130526
-6.971470
-5.555813
-32.910358
-7.263151
-12.166867
7.402492
4.054692
14.177956
6.318452
-3.951582
-6.687226
21.124342
-0.767271
-0.550845
-25.339748
-32.328861
-34.492287
-56.793568
-58.581718
-50.703636
-60.048470
-58.348564
-54.420204
-56.725750
-28.788792
-34.253563
-19.492254
-18.748196
-10.427016
-15.853714
-7.074580
-14.855134
11.693120
-6.452211
6.651927
-2.312059
6.972398
-14.664704
-11.176648
0.468173
0.723624
7.233423
7.796344
5.664492
-8.210639
-17.958620
-26.491589
-12.372153
-8.900816
-11.628097
-12.728856
-15.133806
-17.085445
-16.691591
-19.266531
-16.699947
-26.997849
-30.612240
-44.758614
-59.987160
-35.866146
-57.106613
-49.695763
-51.579594
-48.052525
-71.782463
-68.023155
-46.422283
-32.992107
-5.175895
-12.080476
5.385818
-0.725478
-9.590072
-0.633515
13.015889
15.601048
24.239912
26.938395
35.632988
35.107235
41.055050
42.625839
48.514191
42.056416
42.867348
35.382202
35.750046
40.819099
40.125202
42.449345
41.944939
45.946674
38.185646
45.864944
42.558014
49.561077
47.422726
50.650684
49.952152
54.030987
58.679260
67.634888
74.490234
15.480289
32.071556
-47.091106
-0.184857
-46.109249
-16.129597
-41.853905
-15.923376
-70.940865
-48.736210
-78.501274
-62.475719
-67.925629
-73.994179
-80.215111
-93.158539
-108.659264
-114.750130
-76.801369
-76.848755
-47.121765
-46.298733
-28.440441
-24.403397
-6.342597
8.523679
30.076265
35.545677
33.316299
37.753696
39.260395
44.791126
42.758675
55.292454
48.301476
55.353745
47.814724
29.748348
24.709938
18.716610
16.467724
11.000156
5.697008
0.769137
-5.353317
-20.303192
-24.904085
-20.546570
-23.863710
-34.241489
-35.146244
-21.966869
-26.886379
-12.789236
-13.361445
-36.831295
-38.402073
-25.793982
-36.896305
-16.587547
-26.048498
-16.973047
-16.118452
-57.687187
-54.598553
-65.816071
-59.231956
-68.715187
-54.888374
-70.207047
-61.739090
-86.719337
-69.792732
-71.535370
-61.034966
-64.034439
-58.545494
-58.965359
-38.609222
-39.796368
-26.572409
-21.405807
-26.674585
-19.465315
-18.200142
-11.604876
-5.410903
5.518655
-1.338561
5.541874
2.969728
10.126983
4.412323
6.239489
0.022297
9.532477
7.335604
16.542027
1.620019
9.175778
-1.295828
1.913555
-6.107585
-3.908853
-9.089390
-6.563678
-15.016765
-11.600233
-11.398658
-11.215662
-23.310072
-26.938396
-47.105038
-60.181297
-49.021366
-69.490845
-48.278252
-2.189643
-1.845354
-6.633797
-5.387205
-13.563648
-11.403110
-21.266899
-19.507204
-35.729523
-25.344313
-23.646980
-4.572215
-9.107847
15.588633
13.152830
44.027378
51.555168
49.958473
64.969948
63.399040
57.365650
56.188934
52.540642
50.815865
39.754547
44.213673
41.191578
45.981686
44.369183
23.187927
19.449825
11.191041
12.408536
3.970959
3.269078
-13.561152
-10.398517
-25.404188
-22.659857
-18.804489
-17.419016
-24.240759
-9.696635
-9.326567
0.119756
0.409986
-6.998047
-1.574245
-23.217871
-15.902153
-47.011219
-42.539631
-51.743107
-48.828289
-43.439423
-38.996941
-35.559044
-29.400936
-29.515699
-14.626452
-8.723646
-10.702891
-3.472827
-1.525182
-7.535267
-8.628839
-16.338751
-11.512053
-28.528563
-21.075632
-31.140675
-6.007591
-12.712074
-0.632855
-10.702059
9.109520
3.198395
26.605877
17.230244
36.290867
31.462511
19.948792
26.167608
6.799287
22.377113
0.301877
16.559959
7.027980
-0.256969
-2.005025
-4.754346
-2.899011
-3.047039
-3.198392
-3.267417
-3.638318
-12.638061
-11.405604
-7.621756
-9.033003
-10.249661
-9.018040
-7.506992
-7.373931
-6.385972
-6.222980
-8.579772
-7.891200
-11.987737
-4.697797
-9.451309
5.526916
2.778427
7.706582
3.808800
11.694178
13.568636
12.724549
15.045588
18.983286
42.200325
46.403316
47.130146
53.184311
41.675571
49.925201
7.387241
15.671795
-21.790827
-23.879009
-27.625433
-24.396273
-29.791792
-28.583456
-42.452305
-42.631104
-29.311949
-32.709927
-18.482655
-28.047066
-19.320925
-27.049957
-20.098480
-24.906885
-20.508469
-21.747576
-18.034414
-20.863571
-17.952084
-18.713842
-18.571638
-11.580245
-14.873441
-9.116168
-22.435320
-14.162407
-19.636934
-16.255589
-19.264370
-16.144150
-22.863604
-32.768974
-40.073879
-10.287911
-30.436293
-5.307366
-15.002339
13.749106
10.170657
50.600483
51.417137
57.863815
62.658070
48.558865
51.076145
42.643589
38.983631
36.802315
35.013508
36.714161
35.487530
16.530029
16.554972
10.089990
7.917812
2.277793
2.281124
-14.687990
-10.147374
-31.342758
-24.985056
-29.968092
-17.739191
-22.539274
-14.837683
-20.041103
-12.364456
-11.079611
-11.960288
-6.034204
-14.041825
-1.172576
-7.660010
5.362262
3.452036
8.586432
9.922005
7.745664
7.093680
1.385471
4.697794
3.639978
7.895360
2.119787
-5.161835
-5.519433
-19.123827
-12.254686
-35.454266
-25.321867
-49.408756
-33.001827
-31.736111
-27.891552
-35.410187
-24.797939
-11.449684
0.103119
-8.918244
-4.364318
9.544450
5.097800
25.112297
26.150976
48.410824
38.651829
37.613968
35.766945
25.937254
29.202181
14.807746
25.085678
8.324479
24.394606
17.760809
5.675780
2.047439
-3.918573
-1.301474
-4.798417
-6.151460
-7.089521
-3.128536
-7.683296
-3.254941
-9.834682
-7.071229
-15.145380
-9.159409
-9.610146
-9.829692
-14.005236
-13.957005
-14.778639
-15.408168
-13.386510
-14.573226
-6.916544
-6.716126
4.649559
4.056622
4.340201
3.639982
6.012580
6.203850
9.597674
12.516645
39.214828
40.754974
52.578068
-7.663467
-8.244038
-9.934483
-10.014849
-17.429949
-19.296362
-26.224762
-26.395884
-28.509640
-30.866909
-34.068008
-28.238400
-37.476269
-38.790871
-28.520378
-30.985374
-27.437176
-28.472570
-32.407009
-32.384842
-28.237366
-34.307720
-29.018848
-30.114862
-29.636482
-37.569458
-36.519505
-43.473892
-39.653069
-35.558929
-37.009312
-30.676735
-29.231884
-34.573414
-32.092827
-33.936726
-32.833092
-22.325310
-19.404093
-18.708172
-18.046890
-18.909084
-20.542723
-22.499899
-19.932705
-26.718733
-19.415871
-22.218618
-24.969400
-22.779093
-22.544230
-21.084494
-15.830951
-13.670436
-14.167176
-17.861563
-10.250056
-19.196600
-14.177222
-16.369606
-16.914150
-19.650038
-16.277809
-20.015493
-18.192032
-28.703625
-24.766754
-30.294649
-33.930145
-26.436071
-26.186314
-28.210688
-29.134199
-40.138721
-37.134365
-28.010468
-17.881657
-17.215523
-25.242020
-24.643085
-23.116140
-17.891006
-22.565369
-19.013004
-17.511696
-15.969164
-19.187939
-16.649849
-14.090274
-8.809714
-7.960335
-10.450968
-9.525034
-7.038557
-4.813265
-9.932405
-14.253431
-16.513712
-19.775434
-20.329336
-22.203030
-23.190969
-20.922377
-22.867428
-18.319160
-18.775372
-19.368069
-14.178261
-10.467597
-12.548437
-12.745539
-18.698820
-19.072239
-16.416370
-18.618452
-14.333450
-16.520638
-15.891225
-21.273632
-27.117790
-24.934763
-28.217619
-29.010185
-19.727283
-34.778137
-34.398136
-44.449009
-50.717510
-34.759087
-29.292154
-34.637150
-31.905767
-37.654671
-32.666466
-24.143232
-21.230679
-18.728611
-16.826511
-22.118505
-17.083542
-13.762580
-17.292074
-15.468266
-15.060204
-14.907096
-17.433413
-18.991528
-15.776219
-14.452267
-18.747314
-23.712301
-26.579823
-25.458866
-22.690416
-17.483637
-22.879208
-21.567726
-24.157431
-29.454620
-30.195927
-29.129696
-27.548368
-28.735144
-38.250481
-37.373379
-42.310661
-50.144215
-31.729099
-33.446564
-46.782383
-37.870819
-41.079895
-41.128391
-23.698448
-36.554829
-34.632999
-37.364037
-40.327511
-40.623688
-41.216377
-42.285725
-30.278715
-30.641048
-23.255051
-21.313122
-31.384777
-36.071949
-38.319412
-39.305969
-23.536329
-27.423315
-24.226021
-21.382750
-20.757837
-19.379845
-20.910252
-23.264404
-18.353109
-22.856689
-25.649387
-23.210712
-25.561749
-22.601048
-24.383286
-23.209328
-23.387722
-21.452721
-23.722351
-18.883450
-15.893995
-16.703194
-17.647833
-21.668180
-20.609228
-16.926622
-17.374170
-23.436913
-24.492058
-30.657675
-30.455027
-21.547981
-27.887840
-33.268867
-29.294586
-33.392525
-35.254440
-28.517603
-32.375839
-27.798126
-26.896091
-30.806629
-29.633020
-26.503963
-27.693163
-32.021812
-34.604244
-26.079273
-27.019758
-26.328339
-31.843073
-33.108818
-27.480127
-27.877110
-32.906868
-30.273521
-24.471960
-22.481884
-18.787153
-22.859116
-20.059141
-18.341333
-14.847858
-16.539345
-17.898283
-17.164255
-19.544733
-20.274256
-21.825449
-17.862604
-18.717178
-19.350746
-23.433104
-21.387941
-21.547981
-19.574871
-14.117986
-10.147521
-8.641706
-8.257199
-12.053428
-10.704535
-9.838531
-10.031823
-15.179364
-14.956630
-18.287638
-20.607147
-19.464718
-24.556833
-29.399195
1.036103
1.119152
1.788232
1.556499
3.624017
5.168457
9.944445
-5.479895
6.168389
-4.005099
1.033421
-5.051250
2.110380
-3.170595
-2.737936
-11.446021
-14.189984
-12.052817
-32.349579
-32.588017
-34.308605
-38.577583
-34.655533
-44.409096
-40.798481
-54.022011
-55.230247
-65.401070
-62.630985
-60.410759
-64.895401
-62.160141
-59.133549
-50.231232
-46.204697
-32.356281
-29.034327
-7.781823
-7.704802
-9.188298
-17.418848
-22.670359
-9.444144
-14.415024
0.063626
-7.123458
0.973146
-9.256613
-2.916762
-17.885670
-3.137779
-6.494566
2.001214
0.012055
-1.904767
-8.630396
-4.384182
-10.135992
-9.799109
-9.151461
-7.944572
-24.082865
-19.675911
-35.383545
-27.522028
-34.796177
-26.445070
-35.374172
-23.683020
-34.873199
-13.419107
-18.165621
-5.912551
-18.049088
-14.752583
-26.492624
-29.156889
-29.430143
-43.172733
-49.280193
-47.282993
-39.709457
-39.197773
-40.994045
-39.146873
-38.870941
-38.959343
-32.126556
-23.028009
-21.196241
-19.582815
-11.465447
-7.111403
-8.671921
-10.281999
-15.270964
-14.299829
-20.940399
-14.972260
-27.230688
-15.716350
-21.062963
-20.996658
-24.404345
-27.858250
-24.851740
-17.061874
-19.900948
-13.871860
-19.515839
-15.009092
-25.423704
-22.502924
-24.071474
-25.644047
-35.735165
-43.627502
-46.594494
-65.712502
-49.852150
-48.487877
-32.871986
-47.641308
-41.256588
-60.943874
-50.269402
-53.648964
-39.110035
-29.030972
-30.474287
-30.602877
-29.740913
-29.513865
-27.825426
-11.434641
-3.604596
-9.501070
-1.732643
-2.151906
2.017289
-3.482032
5.164440
0.507668
5.976176
2.467359
1.853198
3.216809
-2.449944
-1.780863
-6.825418
-4.944093
-11.188842
-4.739149
-13.437859
-4.372128
-12.564507
-3.640090
-4.059354
7.495171
7.702793
22.008646
5.919920
16.376720
11.188174
13.447906
-8.928434
15.071380
-15.030527
6.083334
-24.875851
-5.039865
-42.182175
-32.898109
-56.726460
-43.592674
-48.943970
-54.988461
-55.100979
-59.540089
-60.705456
-67.218765
-54.255093
-56.521515
-50.508507
-53.158035
-50.432167
-52.578033
-28.411459
-41.568024
-7.467040
-14.753920
-5.096128
-14.641400
-3.082860
-15.526814
-4.738478
-13.543679
-19.261337
-19.960554
-31.034195
-28.205172
-28.193119
-30.313549
-23.975033
-30.595509
-28.313000
-31.408587
-24.504135
-28.270140
-19.211771
-18.789160
-22.533060
-6.574269
-15.273645
-12.020003
-11.650302
-7.571523
-3.790113
-19.094570
-11.557871
-15.655405
-2.606665
-19.718103
-6.274887
-12.265129
-10.738098
-32.824432
-22.589991
-27.526718
-22.690451
-40.937786
-39.556091
-45.305229
-41.067055
-50.943180
-67.389549
-54.656940
-63.054260
-53.373032
-59.842144
-57.114254
-56.789433
-56.241570
-54.089664
-49.834076
-43.591331
-44.537689
-39.432194
-44.988430
-29.815926
-27.047850
-23.926142
-27.488543
-22.325443
-26.963457
-27.420891
-30.008142
-28.389355
-22.042809
-23.145216
-15.404245
-19.588175
-13.847078
-13.439872
-8.097277
-8.324321
-9.174904
-10.634957
-8.682635
-12.651573
-10.146039
-11.312075
-13.500817
-27.442331
-32.253811
-47.729713
-56.788082
-32.510998
-40.734856
-38.161003
-16.579214
-18.414057
-37.148808
-40.056568
-60.425999
-67.199303
-89.957787
-92.539482
-111.606766
-116.547394
-91.494537
-100.001541
-70.792587
-85.065613
-56.288197
-73.217155
-53.305096
-52.759487
-33.922497
-33.978458
-35.351627
-30.723103
-37.050869
-32.493366
-36.496662
-30.871609
-28.246870
-27.339674
-27.760445
-51.229198
-50.354294
-69.223549
-62.454552
-72.492905
-61.546272
-78.116890
-68.567101
-88.129402
-81.039719
-75.836517
-70.919571
-63.471512
-73.219307
-70.090927
-69.946724
-63.404785
-64.598244
-59.112011
-53.767838
-50.765369
-21.525211
-16.950487
-1.775657
0.808193
3.911813
-4.908333
2.025314
-13.149514
-4.146421
-20.966690
-11.643975
-54.641678
-26.311949
-65.902527
-39.261292
-61.822842
-47.708015
-67.718025
-68.628448
-91.030716
-85.397057
-72.426193
-72.238922
-58.478157
-56.090183
-43.585278
-43.850014
-31.199831
-28.841984
-6.711972
-7.831166
-4.399315
-20.196167
-10.018986
-26.214018
-6.719501
-31.704548
-23.261049
-10.184715
-16.783684
-11.938843
-23.143749
-8.460714
-14.192307
-9.205414
-16.628719
-17.264723
-25.534960
-28.887175
-39.481899
-35.081512
-40.453674
-47.307686
-45.215656
-53.970154
-50.930023
-52.693840
-51.164623
-44.378403
-41.886040
-36.447155
-38.486465
-34.660744
-31.356951
-30.377647
-32.069366
-36.200718
-34.580032
-47.104298
-43.467976
-52.150383
-45.150005
-45.724670
-50.161652
-37.884895
-47.819935
-55.961037
-69.114861
-57.063015
-44.509686
-76.990158
-69.285973
-86.287041
-73.913437
-95.247093
-82.180435
-85.216263
-77.856461
-78.414970
-70.555832
-72.936279
-66.017693
-71.348961
-64.992119
-69.873558
-71.735291
-72.020470
-73.348450
-73.517403
-72.184044
-73.252663
-75.115486
-70.268501
-77.981285
-76.491882
-82.941277
-82.455917
-88.375832
-87.272804
-97.914886
-97.329453
-98.465881
-103.862770
-82.008263
-83.207077
-85.252846
-66.213554
-64.523987
-55.640339
-68.677933
-61.531208
-32.413734
-39.442085
-34.881344
-36.078033
-40.779758
-39.048225
-39.337704
-32.288887
-27.087849
-20.708414
-40.871231
-35.731510
-59.231472
-52.156841
-68.174301
-63.448921
-74.339584
-79.680527
-95.078140
-94.606773
-88.152008
-95.674324
-84.719070
-100.192009
-79.645020
-95.995010
-82.245018
-83.541771
-77.287178
-76.466064
-72.785622
-74.818466
-75.740730
-70.306168
-74.931488
-62.306042
-61.724918
-42.595215
-35.832668
-33.623333
-31.187996
-46.601734
-35.685234
-48.618446
-39.255913
-41.227425
-37.718090
-67.504929
-71.513611
-74.437515
-81.935074
-93.473595
-96.422249
-100.053169
-106.093628
-89.691994
-89.114082
-59.666237
-54.893497
-40.914265
-42.853489
-27.161032
-34.110828
-15.038162
-14.976821
-12.221869
-21.130272
-13.932950
-24.332899
-15.067222
-27.430075
-14.021199
-37.124050
-30.295864
-23.639853
-25.843819
-31.655041
-35.820835
-32.918446
-35.502281
-26.698286
-35.947815
-28.465321
-36.300793
-30.150579
-39.400116
-28.885029
-40.661377
-42.791080
-49.278122
-50.445747
-53.739849
-52.005093
-50.405933
-44.129810
-43.723026
-37.993587
-35.059990
-28.103741
-22.755257
-18.403296
-16.309097
-15.992710
-17.461660
-20.119759
-30.022516
-26.026768
-34.762974
-36.200714
-3.137684
-3.483602
-9.913459
-10.811073
-19.749365
-22.293831
-31.274260
-28.084669
-39.831524
-34.671459
-34.544453
-31.222355
-34.688560
-30.949100
-29.766933
-30.668823
-37.320034
-36.729561
-31.439734
-30.249636
-34.976162
-31.739552
-39.155872
-39.519806
-34.007103
-39.483776
-42.315536
-46.529453
-46.233292
-39.245636
-36.596142
-40.634487
-39.146099
-30.595247
-29.972408
-17.571579
-17.368549
-16.653509
-16.550922
-17.010115
-17.369158
-15.181298
-17.522429
-27.452982
-26.454611
-20.692778
-27.730202
-27.051193
-28.655602
-28.845196
-24.888977
-23.550188
-17.832926
-16.967066
-15.928091
-14.228118
-13.940822
-12.822464
-11.347507
-16.416590
-13.230362
-12.075976
-20.748344
-32.427116
-21.624588
-16.057848
-22.492588
-25.462351
-20.451582
-23.816727
-23.810312
-24.944847
-19.423904
-25.099640
-26.742216
-22.383593
-20.427158
-22.617765
-26.830147
-27.460310
-28.594238
-23.733374
-18.544912
-22.668755
-24.667320
-17.407934
-15.612092
-13.276158
-10.669410
-7.179395
-2.428446
-4.288708
-3.960193
-7.895350
-9.731493
-10.053291
-6.206674
-9.381911
-17.788658
-20.671713
-12.949166
-11.919047
-17.266571
-17.502275
-21.096710
-24.535730
-24.089367
-18.230749
-18.760769
-18.701233
-16.293547
-9.988871
-13.253869
-8.253786
-10.792755
-15.466765
-19.429401
-20.204889
-22.716078
-23.037567
-28.772537
-25.798807
-27.364140
-34.814651
-34.280048
-29.725719
-37.741062
-38.190170
-33.838264
-33.492657
-36.175117
-32.372772
-36.698418
-34.607651
-27.314369
-22.251392
-20.201530
-28.143290
-22.606163
-19.602509
-18.408438
-21.269508
-18.965328
-18.954639
-20.156958
-22.614716
-21.808081
-25.861088
-20.210997
-14.843323
-22.645247
-24.366282
-23.201220
-21.404459
-27.170570
-29.038158
-30.020649
-31.369209
-34.306618
-37.471775
-43.327034
-42.150055
-49.256180
-36.625156
-41.412735
-41.548294
-39.495075
-34.531013
-30.813543
-39.010536
-39.757641
-36.512791
-31.788099
-39.898693
-35.994980
-40.621670
-39.904491
-42.867233
-40.340782
-46.025383
-45.810131
-39.772903
-39.738403
-36.768646
-41.027733
-30.475258
-33.042320
-21.982721
-21.816626
-23.452183
-19.465424
-19.677313
-20.483946
-20.644541
-20.140776
-21.750072
-19.415659
-19.264532
-17.822546
-19.178129
-19.405281
-18.975403
-21.933563
-25.039801
-15.063757
-15.942440
-12.600505
-17.182611
-18.493618
-15.393184
-14.905297
-14.243690
-16.302095
-19.363453
-23.731848
-22.124077
-23.567282
-23.213428
-22.567390
-22.779276
-22.889494
-32.163631
-22.687071
-18.689020
-26.129452
-26.394463
-30.392218
-29.536728
-31.380501
-24.539087
-27.911560
-29.065945
-31.649181
-32.355373
-29.265919
-30.387938
-28.667202
-32.595951
-29.611837
-27.289639
-24.220348
-28.022383
-26.848776
-20.012852
-19.814093
-25.179026
-18.497896
-18.374243
-22.411066
-13.870600
-15.630412
-14.330397
-12.681411
-14.162779
-13.126554
-14.024169
-13.772286
-16.117687
-16.195848
-17.489756
-15.232592
-16.563747
-15.852983
-25.089567
-26.421640
-19.121344
-17.269627
-14.844846
-11.647627
-4.274664
-4.179103
-5.444617
-7.230994
-12.173984
-14.560907
-21.275618
-25.122541
-27.338795
-30.075602
-29.657028
-3.729831
-4.591283
-12.702516
-15.257638
-27.260551
-32.127499
-50.651352
-61.946304
-82.504227
-94.986397
-87.339844
-94.477890
-84.370163
-86.878319
-81.173935
-70.679878
-61.659161
-54.377014
-40.812004
-31.271280
-32.243420
-26.340624
-19.516867
-20.173670
-13.587989
-17.797092
-16.275734
-27.132111
-22.013519
-32.753998
-28.520884
-45.001270
-41.893757
-54.102383
-49.475586
-58.307312
-55.586166
-58.711418
-55.715641
-54.459484
-60.774727
-53.584457
-56.437180
-53.521809
-49.989338
-47.799671
-47.270271
-45.874203
-46.149860
-48.615177
-53.517639
-48.286270
-49.820175
-46.371231
-43.990490
-41.380016
-39.491093
-40.119694
-33.186306
-34.188725
-29.199606
-25.706806
-32.071110
-41.652554
-41.837372
-59.618809
-56.026810
-72.221092
-52.805489
-68.823303
-45.068089
-48.669479
-49.358639
-40.543633
-46.051708
-32.879311
-46.633316
-32.660030
-43.549828
-26.915972
-33.783577
-27.116449
-29.711252
-36.240547
-34.287910
-43.184372
-34.438278
-32.469990
-29.646513
-26.753075
-30.262581
-15.425751
-7.412673
-12.436247
-11.262585
-21.475765
-13.626618
-21.674160
-24.947676
-33.994495
-35.616116
-37.401680
-40.806767
-42.289505
-44.937557
-44.812260
-32.447018
-31.864359
-29.095182
-30.145636
-28.530279
-30.440098
-30.739777
-26.260221
-31.533358
-25.672346
-25.709934
-22.007254
-26.678940
-34.965588
-30.174875
-34.673214
-32.637066
-38.505383
-35.915798
-43.092499
-37.742085
-46.031876
-51.805176
-48.217346
-57.147221
-56.799515
-65.855736
-68.698006
-73.079407
-69.411179
-71.218666
-64.773949
-63.048965
-59.517529
-61.143326
-58.647717
-58.136059
-57.873970
-55.652996
-52.849354
-48.280006
-55.926571
-52.731373
-62.050720
-60.964771
-69.264999
-59.136402
-70.342590
-63.207672
-71.046379
-70.863632
-80.286362
-78.822411
-87.138321
-88.154289
-106.953827
-110.536438
-101.840446
-109.520439
-86.566086
-98.511604
-83.341660
-95.563835
-68.158150
-75.324417
-56.591740
-53.660698
-50.634632
-47.486416
-42.563091
-39.876400
-34.690987
-29.499287
-31.161638
-31.218018
-32.430313
-35.398918
-41.375847
-45.166222
-50.921787
-56.428841
-51.265335
-65.713722
-58.232136
-64.012741
-59.332699
-60.499054
-59.326427
-60.643150
-62.815056
-64.212189
-68.536156
-75.312920
-79.542908
-68.551819
-73.285110
-64.445038
-68.145638
-57.676636
-61.029514
-51.404213
-52.646793
-46.089302
-47.482250
-41.821716
-42.905582
-37.321278
-35.243347
-34.482140
-31.945807
-38.694382
-41.516823
-40.730553
-47.977188
-53.389191
-61.266537
-46.020378
-65.089302
-61.297867
-71.961082
-62.909035
-69.319298
-45.117168
-51.695526
-38.175419
-39.391895
-36.611237
-38.620247
-34.556271
-41.805016
-38.343529
-42.904533
-41.688061
-40.459053
-43.159313
-52.713615
-52.580994
-50.890476
-42.562042
-51.404213
-48.291485
-53.915455
-47.778790
-40.913273
-40.331661
-39.581928
-44.270325
-43.614582
-49.098644
-48.314449
-51.453274
-47.301598
-41.741306
-40.241856
-34.752579
-38.250599
-33.323093
-36.017094
-29.689322
-31.488462
-28.418552
-30.213509
-27.687624
-28.873821
-25.374754
-21.340021
-19.820736
-22.742365
-20.601782
-24.065344
-23.062927
-29.301928
-24.573862
-36.620628
-5.868423
-6.123064
-7.795431
-7.950279
-7.171219
-6.872532
-4.043274
-9.050048
-0.601503
-6.558708
16.166897
11.105062
18.866085
13.003860
11.623294
3.624146
-4.469280
-5.980607
-15.771176
-20.663019
-10.568257
-15.246066
-7.657098
-11.886878
-8.977783
-14.812486
-20.868795
-21.832300
-22.487474
-30.797007
-32.448734
-38.621346
-30.705475
-37.843651
-35.190586
-26.534883
-23.702181
-7.246232
-3.880852
-0.415685
-0.949049
-1.255997
8.432719
2.548466
22.074554
9.344605
26.772318
11.853158
29.580936
19.250107
29.748856
30.669001
24.885912
24.150900
22.137867
7.361854
8.169821
-7.904169
4.107278
-11.019726
-3.065316
-19.685066
-3.576662
-18.737387
1.414973
-16.992067
9.886922
-5.359143
-1.390887
-2.420456
0.224359
7.670177
9.864897
9.109235
6.192575
0.582919
9.120934
1.476912
0.649676
-10.590279
-14.348631
-9.039726
-14.138036
-12.768487
-20.647188
-7.922752
-16.940454
-7.847046
-9.544878
0.464546
-3.785879
-2.346131
6.451343
-3.769363
5.863608
-1.652408
4.857434
0.428761
-1.882273
1.055723
1.887092
9.347360
4.305484
3.949674
4.351594
4.796870
12.182811
4.454829
9.577913
-3.145150
0.132138
-18.074636
-18.574282
-8.688736
-14.664521
-11.358329
-14.120141
-12.380331
-18.219160
-22.534277
-7.947527
-13.117410
-6.329530
-7.535283
-0.891930
2.423213
-7.873200
-7.441001
-10.962608
-10.031441
-15.029279
-20.634798
-15.102227
-17.274242
7.097579
9.307446
13.052719
9.742395
16.428423
12.873095
14.010028
7.769278
14.069902
6.655744
11.963270
8.487090
12.844876
2.334431
6.924837
-1.028885
2.348195
-8.295073
-1.070867
-6.704607
3.307566
4.628943
-0.849260
-2.726707
-6.357745
-4.563557
-8.425150
-4.498869
-3.244947
13.461519
10.228965
10.204879
8.058329
5.869112
-4.301359
-16.616302
-22.987812
-27.672508
-30.690338
-8.627480
-12.362437
8.527004
11.851092
15.184812
23.303705
12.074075
16.718845
-3.238747
0.812095
-22.892153
-17.481390
-40.112709
-35.759735
-21.465481
-20.898384
-2.303461
3.880852
4.796872
9.763042
4.873953
12.208272
11.454679
10.506316
16.783537
5.421767
14.033424
2.868488
18.886728
0.260835
14.133903
-2.508547
1.640711
-9.035598
-11.363144
-17.400869
-23.185331
-19.886709
-22.073174
-20.459991
-22.881828
-22.281015
-22.448252
-18.408421
-24.829481
-28.256107
-35.015774
-25.872131
-38.728703
-30.684145
-44.297756
-32.576050
-37.649578
-17.692671
-20.720827
-8.101684
-7.819518
-4.736310
-8.668087
-14.738852
-11.526945
-22.089693
-35.367462
-18.683708
-30.138390
-15.855136
-26.455051
-22.367046
-29.954630
-23.261034
-24.450964
-26.307087
-10.710719
-15.336909
1.595974
-7.988130
17.122141
2.569109
15.941853
4.408717
16.308666
11.749929
14.171073
16.641079
18.909439
17.758055
20.680223
15.608756
13.158702
7.312304
5.915910
0.160356
-2.783836
-7.837409
-14.126337
-6.849133
-17.548147
-12.893055
-11.540020
-10.030758
-15.708546
-14.283252
-20.310648
-21.269339
-8.181520
-4.763834
-7.572448
-7.244412
-7.559022
-14.418369
-14.739258
-20.066013
-20.935902
-26.734921
-27.092085
-29.426889
-31.514757
-27.370411
-30.709055
-29.895676
-27.924997
-32.457195
-36.706875
-14.298385
-21.754862
-14.622762
-13.498955
-17.339849
-9.771762
-21.560238
-11.824053
-31.320129
-15.263142
-11.261101
-6.581707
-5.672057
-26.776770
-23.025160
-35.632599
-36.452965
-35.793747
-36.563179
-35.733051
-36.325306
-26.416124
-24.919804
-21.807878
-17.589586
-35.507736
-20.119726
-28.191473
-24.230587
-19.996254
-21.921583
-8.943729
-15.608448
-0.065573
-5.326056
-11.468985
-14.141431
-12.786716
-12.264227
-13.065753
-8.420539
-7.748767
-13.590337
-14.935279
-15.573568
-32.946899
-4.878205
-12.967396
-0.768738
4.297118
-2.046712
12.851596
-36.797569
-22.425240
-65.004395
-49.632427
-40.203873
-29.428284
-15.171761
-8.690505
16.783176
16.639477
-10.973697
-12.053559
-20.257147
-18.619915
-30.535355
-7.784342
-13.186436
-6.557992
-4.255960
-4.941688
5.097946
-11.900786
5.193514
-21.668364
-10.396097
-4.469423
2.382250
5.988760
-17.219170
-16.621340
-17.816301
-24.832605
-24.986073
-33.381496
-20.352018
-19.005682
-9.501794
-5.563233
-30.694408
-26.387522
-23.805059
-18.898252
-17.067093
-16.783176
-18.269730
-13.843560
-14.188866
-15.540086
-17.985813
-19.411678
-27.221830
-22.375713
-10.859988
0.494589
-0.450639
2.018811
-12.090530
-12.387702
-44.944653
-52.268589
-61.253471
-66.799980
-37.283085
-36.148109
-0.279729
-6.636121
5.730655
-1.513057
-9.593184
-15.225476
-23.549051
-26.659573
-24.445448
-34.899433
-36.875694
-29.967516
-33.142227
-33.484737
-41.995262
-37.992527
-41.557880
-35.572609
-32.501144
-31.364779
-28.201935
-28.151707
-24.940729
-33.135948
-30.466991
-30.312128
-29.599888
-30.147497
-26.906523
-34.707600
-32.972023
-24.764929
-27.725487
-37.889286
-32.771812
-34.367180
-33.755409
-18.249506
-11.143902
5.070044
2.965428
-3.674872
-0.957784
-20.122511
-19.588865
-31.816116
-35.440777
-30.471880
-35.998142
-46.565842
-50.231644
-52.501583
-53.051979
-42.483578
-36.826870
-41.015163
-28.272392
-27.430405
-26.386124
-27.058599
-32.687397
-27.939648
-37.757446
-26.824207
-36.138344
-28.076372
-26.038029
-27.702467
-37.516781
-49.369427
-43.674351
-60.945843
-46.350990
-49.073662
-36.089516
-36.464821
-14.135849
-7.605763
-10.410050
-8.468672
-5.608577
-7.217206
-6.193152
-9.519934
-2.038343
-4.050870
-22.827751
-20.241798
-20.033922
-17.481462
-14.922023
-8.673760
4.892859
-6.569849
25.733177
15.636350
18.639446
16.580877
2.780569
-2.649429
2.396202
5.151659
-2.345277
-15.923753
-8.158943
-9.670609
-8.671667
-12.869732
-12.673710
2.534324
2.682909
10.405863
10.073812
6.714945
11.494094
-5.430694
-3.492806
-26.891172
-18.008135
-23.558115
-15.471024
-25.081636
-22.462215
-24.240355
-28.958818
-34.199066
-40.720783
-45.362511
-52.767365
-45.868954
-42.162689
-35.451229
-24.668671
-21.341196
-8.557265
-7.406950
-7.212323
-3.116807
-3.175404
-2.166697
-4.101099
-5.503940
-8.452630
-14.234903
-18.218805
1.644904
0.948016
5.799716
12.458326
12.576295
17.750795
16.761673
17.207333
18.021013
20.159580
0.125027
-10.063662
-28.020142
-57.106045
-64.684288
-87.860641
-81.445961
-100.411728
-57.980225
-48.376339
-48.893600
-1.431762
2.745551
16.875607
21.601425
5.267250
9.986016
-9.907382
-1.874396
0.478935
-6.758515
-2.474313
12.984635
24.035406
24.264292
22.308216
17.254717
15.031464
15.390411
6.992435
-15.841111
-19.527391
-21.419933
-23.843840
-27.426264
-9.053357
-24.732138
-4.330572
-15.117163
11.164701
9.199562
17.590481
28.385145
4.997042
5.292471
-10.948928
-14.442626
-20.660698
-20.224110
-18.800415
-20.938984
-14.691669
-20.470129
-26.171963
12.254653
-13.283100
10.987239
-1.622323
0.708827
19.855080
11.253428
39.653687
11.499446
7.612530
-15.067756
-34.030514
-39.207027
-43.986282
-42.526287
-37.539330
-29.993349
-45.974617
-5.729055
-19.305565
3.059124
-12.487570
11.286696
5.938783
1.776596
11.369383
13.017922
4.900247
4.344684
2.431976
-11.615401
4.927472
1.364204
10.943888
9.741008
9.321563
13.022965
-2.222252
3.334387
-15.517451
-15.521482
-10.689798
-16.613457
0.454735
-7.013605
-6.406616
-5.470934
-6.881520
-12.445219
-12.672083
-17.879856
-19.560663
-25.016470
-28.963898
-26.104408
-24.002140
-15.147414
-13.920333
-26.831375
-17.363615
-24.484100
-8.156995
-5.637298
-12.437149
5.784513
34.107128
61.196648
41.139896
24.779524
25.764610
15.108090
24.612144
19.022243
-14.275250
-10.850117
-20.142441
-16.082092
-24.712976
-21.576218
-14.995159
-28.419424
-25.409704
-24.020292
-19.402367
-16.600349
-21.016621
-24.396381
-25.745459
-29.415606
-31.735664
-30.596300
-27.740850
-23.818630
-15.988317
-10.038450
-7.796032
-6.457039
-4.445509
-0.787467
1.917748
-11.652707
-8.047092
-55.834595
-49.695168
-33.610054
-81.290680
-50.035976
-88.376884
-36.036987
-44.222233
-15.510385
20.468121
-2.003452
41.390965
45.878815
42.231888
8.720617
1.950024
-17.418064
-27.942486
-8.886998
-14.534388
3.887935
-1.097013
15.665672
11.043694
14.143167
14.438591
-3.535039
-14.894340
-19.176508
-22.010786
-27.943510
-27.392992
-30.731415
-34.511467
-34.117229
-33.296490
-34.694962
-29.877401
-36.369724
-31.493677
-35.608479
-31.903032
-22.021877
-26.168938
-22.296129
-17.764912
-15.232105
-10.995303
-10.250185
15.011299
13.519040
14.307518
6.789768
-5.360022
-11.896712
14.664448
6.623401
-12.669056
-22.929329
6.889589
0.191571
-0.037305
0.751174
-48.846199
-50.736725
-48.493294
-40.682148
-41.645054
-37.642181
-27.771095
-22.895050
18.110758
-2.889729
9.235857
-8.228592
7.234418
4.996034
8.009783
12.851559
-1.563849
21.900888
9.654297
21.545969
11.185875
9.768237
13.564411
-4.103703
0.865106
-3.751818
3.089378
-8.026925
-4.088576
1.044580
0.180487
3.040978
-9.817637
-11.320986
-19.253134
-18.124865
-19.135168
-22.940420
-16.584215
-17.822384
-2.860497
-7.887786
-7.691170
-10.955986
-11.034633
-9.126966
-6.904710
-8.200355
-7.391711
-7.558076
-4.941587
-16.739487
-13.511981
-13.218572
3.138317
3.449898
7.405250
7.569696
9.953295
11.207410
13.153064
12.192349
7.304852
7.879546
-2.644116
1.939592
-16.898100
-9.231461
-25.616310
-13.222302
-11.749212
-26.953518
-13.031028
-23.911276
-16.452366
-27.467628
-24.092169
-32.496208
-24.027252
-41.210964
-40.575687
-59.420296
-54.407291
-43.256149
-41.462826
-32.983475
-27.455509
-24.881508
-21.933594
-4.327518
-5.423247
-1.178820
0.952053
3.898229
10.865535
3.832449
18.329638
11.309539
17.233910
8.433473
18.163467
8.883531
17.392296
7.546324
-3.075134
-1.498187
-9.346571
-8.338261
-12.710792
-10.813604
-10.410285
-15.721877
-12.077244
-26.315639
-32.806053
-9.934251
-22.632923
-0.117707
-12.746270
-2.350705
4.866728
13.118440
12.357664
26.350256
27.323956
9.184726
4.819127
-5.487296
-6.487815
-11.680840
-14.632207
-22.956625
-26.977753
-25.468313
-31.378836
-30.146364
-29.479057
-16.729330
-20.640533
-7.767028
-12.039161
-0.635280
-6.300867
3.428261
1.032547
6.927494
0.701924
5.157537
3.146106
6.863445
2.560160
5.127247
6.013522
9.369079
10.325460
12.810321
15.281333
7.066836
7.851848
-0.080492
1.420291
2.283198
1.753513
-6.020443
-5.871578
-18.417057
-19.573366
-20.096134
-20.696793
-17.046963
-15.756494
-14.643458
-21.191862
-26.599525
-25.995403
-32.792210
-21.680868
-18.781433
-35.951286
-32.111916
-12.533357
-8.955362
-3.693977
-4.066999
3.352098
4.983565
3.333063
4.561201
5.881104
1.463574
11.851342
9.516216
17.484909
11.500815
16.087982
2.139526
10.643099
3.520868
6.922300
2.120481
-0.566905
-3.310551
-0.413712
-2.617282
-1.550982
-5.276977
-9.406295
-7.006255
0.780686
5.695882
1.769090
-4.363002
-13.526958
-17.185444
-26.431625
-24.586369
-31.480968
-42.799168
-41.213562
-36.463669
-53.862892
-50.367996
-67.105110
-35.541912
-43.369522
-27.980877
-22.769672
-11.344157
-13.940671
-7.824152
-11.166728
-20.335878
-27.027094
-43.327980
-54.086197
-35.308228
-41.983856
-30.276180
-31.139097
-31.402212
-25.099617
-14.084340
2.682197
6.079298
9.127603
11.763066
16.492174
15.401640
25.164524
16.959545
26.244671
23.283787
23.071739
25.630163
16.255894
20.148933
12.748006
22.902094
12.395743
19.402866
13.653323
11.859996
2.008836
-4.826914
-1.439331
-4.976647
-0.035486
-4.511007
-4.269529
-10.139377
-19.493744
-25.502937
-1.235076
-11.341558
4.350885
-11.504272
17.628584
5.717525
19.115517
18.409269
0.574694
-0.523636
-21.184069
-14.086941
-27.425219
-27.553314
-36.816814
-36.477535
-34.731800
-41.637669
-40.264980
-43.198170
-39.837406
-36.433376
-40.605980
-22.267685
-26.750130
-12.013193
-16.589113
-2.665749
-3.144377
3.670600
8.307972
11.553612
12.946203
9.071345
10.603287
12.003675
16.154627
11.853077
16.601231
12.782625
17.358545
17.638966
19.503260
11.657471
13.581485
5.738289
6.690345
-1.884202
-4.474657
-11.972515
-9.009893
-19.947268
-17.214869
-13.899989
-11.248088
-17.118801
-15.041591
-21.919748
-23.834246
-29.819201
-35.429394
-26.481825
-4.286137
-4.699545
-10.713440
-11.210480
-18.562487
-20.896582
-32.644009
-24.659069
-37.519382
-28.877731
-28.632530
-16.915508
-18.974953
-9.778283
-16.529665
-3.502089
-7.991602
-6.184008
-14.882687
-18.114874
-13.270877
-24.102156
-9.687050
-19.487192
2.417720
-21.200689
-24.499407
-32.401676
-27.225040
-39.306057
-35.117805
-44.886593
-35.390568
-45.001583
-38.877441
-34.826996
-31.043604
-30.327032
-27.505402
-22.732679
-16.610437
-4.544637
-9.521688
-1.797133
-10.545226
-12.280594
-19.694372
-22.635740
-22.136805
-35.153927
-40.722099
-29.246468
-40.527279
-33.805355
-32.270519
-24.517462
-31.750671
-26.531281
-23.876917
-15.167789
-16.659863
-20.922237
-21.189291
-26.005728
-13.189136
-36.741982
-12.368025
-31.246981
-8.690119
-31.328718
-3.638938
0.260401
-10.404573
-12.904979
-25.929705
-22.491289
-46.111607
-37.746510
-28.727566
-26.793581
-31.948351
-26.157793
-23.155590
-24.720840
-26.191048
-19.491940
-23.480616
-10.540475
-17.292803
-3.016452
-15.672436
12.710152
-4.682438
-1.965350
-12.724411
-9.127285
-6.748527
-4.587400
-2.318886
-0.411508
-3.987723
2.559328
3.390896
-6.202065
-14.695460
-22.306917
1.007388
-7.362460
-6.651590
-16.399462
-14.633686
-23.549995
-16.703579
-16.066835
-11.937509
-10.126118
-8.636901
-17.465767
-16.187532
-19.106094
-30.320377
-39.710911
-40.158539
-32.517616
-37.284634
-25.321472
-28.192514
-5.334385
-7.937432
-8.045773
-18.408527
-14.744883
-45.102325
-37.451904
-45.597466
-41.015766
-34.085720
-30.806013
-26.777424
-25.877424
-20.505981
-15.200105
-7.639025
-20.986866
-16.566723
-22.217587
-17.201572
-11.729381
-11.539302
-4.534177
-3.793848
3.658897
-2.291325
11.849125
9.543545
34.490566
25.277754
26.155891
11.799708
13.470443
-4.868709
13.273715
2.861547
10.263915
4.785077
2.718039
2.493747
-6.280002
-1.223121
-12.374676
-0.039909
-42.445114
-20.886126
-34.456356
-23.968149
-12.759573
-16.983931
-2.041382
-4.880109
-12.995264
-12.693997
-26.907629
-25.946806
-37.948940
-37.051796
-44.972122
-43.047642
-39.761284
-30.987535
-32.109909
-18.779173
-25.008795
-12.759571
-18.334398
0.287011
-24.551682
8.605538
-5.615695
3.573371
-1.524384
12.734866
5.011266
13.166327
7.542079
9.310704
6.988969
1.887427
-1.838005
-18.098711
-27.857042
-21.839344
-23.843657
-34.815594
-38.593288
-32.047192
-41.024319
-32.414028
-37.974598
-38.068684
-44.477932
-33.742634
-47.245396
-25.597075
-45.452061
-41.054726
-44.536858
-51.349056
-59.553543
-37.806385
-50.672398
-35.265118
-33.768295
-39.470470
-38.710178
-46.212349
-37.587814
-42.966850
-39.387787
-43.066639
-34.358471
-35.513161
-37.973656
-34.394581
-33.154354
-24.753157
-27.579529
-20.377678
-16.520161
-8.286212
5.550122
4.834498
0.493239
3.294909
0.225238
7.219908
2.700931
8.115150
-0.687111
13.791669
13.316492
22.410501
7.829089
12.530535
2.760804
3.028805
-8.102794
-6.976614
-15.071803
-8.760445
-20.195211
-13.852489
-10.871202
-7.907970
-8.921058
-7.842395
-15.771273
-19.655401
-32.392166
-38.367104
-39.646286
-19.357561
-20.063086
-27.137196
-26.958593
-24.865316
-25.454359
-19.061373
-16.072882
-2.288514
-4.876551
40.745174
29.781801
50.301926
38.858227
46.695541
36.754963
36.422173
30.631538
23.138107
14.346781
20.653242
8.354254
7.222753
-2.631297
0.338335
-1.586320
-11.667787
-9.961656
-10.646101
-38.393421
-35.316170
-41.976513
-40.007469
-35.153107
-39.578163
-5.749583
-11.772061
9.483541
8.003713
10.165768
16.606459
-2.704511
11.633396
6.459548
13.584681
11.931800
30.109047
16.993608
34.410980
18.665352
35.098755
33.804180
29.160585
27.992472
20.824078
13.246342
22.424820
10.701569
1.104877
-10.610604
-19.033640
-13.862011
5.616467
9.230616
8.222250
11.049893
18.862806
14.279113
-13.235248
-21.413124
-25.575275
13.583570
19.268816
26.068918
25.284634
28.193260
30.657051
16.947018
8.771356
-7.157303
-12.419899
-15.351823
-28.481680
-6.123424
-14.730608
0.860829
-5.400150
-1.439891
-1.976802
3.445535
8.517325
6.703596
-6.241011
1.975693
1.540839
5.949262
-9.309377
-10.054837
7.923842
8.312103
19.586082
17.021341
12.277906
18.538885
13.528106
16.213758
8.900039
14.722839
12.154773
10.525189
16.209320
5.147225
7.581066
0.519160
3.464394
3.980228
3.062823
3.672945
-0.713290
-20.715363
4.855473
2.872018
18.433502
19.399717
2.759979
14.523165
-42.117386
-17.304216
-27.188223
-27.826077
-27.566498
-24.317310
-11.582368
-7.638751
23.788164
3.960265
19.616030
13.678973
23.056019
23.074877
19.662622
9.492415
6.262090
8.457421
8.103549
5.506645
-2.170930
6.705814
3.249183
3.796082
1.276826
-3.354571
-8.079145
-11.110909
-4.080065
-11.121998
-10.415365
-14.940268
-22.721006
-23.703867
-30.667038
-14.516517
-12.696124
20.458002
35.223000
62.665257
54.532856
45.341072
46.435959
22.546844
31.406950
16.580940
26.340704
-1.469847
22.496925
20.982710
16.417873
38.375671
30.479561
26.904238
15.525988
-23.452040
-25.443274
-44.357094
-42.158428
-50.670219
-42.455734
-35.566883
-7.771864
8.218921
8.313212
11.765406
10.231221
16.192682
17.902138
9.294958
23.393250
21.960012
22.769815
28.025755
2.297395
2.098827
-7.871703
2.548100
-9.152965
0.266241
-9.448044
0.038829
-18.351412
-11.299491
-14.801603
-15.796659
-22.668869
-33.079796
-9.260570
-33.890697
-17.522755
-28.713528
-9.982733
-16.218199
-11.439266
-21.842424
-8.323195
-2.480428
-9.239493
-5.883811
11.774279
15.416163
26.132151
37.137680
21.825790
17.023561
4.064536
4.144401
-9.148524
-22.848577
-13.754402
-22.898487
-17.924322
-33.354904
-27.025156
-19.560564
-16.305826
-11.442595
-13.094360
-12.711647
-5.547688
2.853159
8.301011
22.066509
19.182289
24.655653
23.072659
28.852194
28.324160
23.587378
21.734825
13.325097
15.977474
13.832058
16.087299
21.380955
16.989172
15.842138
10.295558
10.068151
7.474569
4.523791
8.142379
-1.040538
-1.541950
-4.818869
-6.621507
-10.104755
-10.331057
-9.420309
-8.918898
-1.947958
0.122019
20.282734
-10.770319
-11.771387
-19.927591
-21.234650
-30.101646
-34.201370
-47.270264
-38.621113
-48.692986
-51.017971
-37.742443
-42.267170
-29.939375
-33.734818
-18.928770
-25.790281
-13.113263
-15.106979
-7.192194
-7.185452
-11.270570
-11.490100
-12.233458
-10.282415
-19.958467
-10.174620
-8.459945
-5.418563
-5.542651
-14.117689
-9.384659
-6.590869
-2.602889
-0.012359
1.771380
-15.837420
-15.673472
-29.224096
-27.949041
-25.142351
-23.786442
-26.118156
-34.106480
-25.695946
-32.705105
-21.254297
-22.699476
-7.920392
-12.784813
0.148782
-5.192864
3.221049
-7.492566
-3.731967
-4.587616
-3.813375
-3.829100
-7.489199
-11.418238
-9.880982
-11.801146
-22.602343
-7.038349
-9.618786
-12.013375
-15.516269
-29.458788
-22.607962
-41.463173
-33.679222
-42.777542
-30.424482
-27.692461
-17.327515
-14.434348
-3.128969
-3.198027
6.407281
-0.842737
13.685937
1.317728
-0.286342
-12.519239
-1.414296
-10.577745
-3.487737
-10.780428
-5.842462
-2.711249
-2.049858
-3.674138
-5.206338
-12.138577
-7.908603
-10.403131
-7.607104
-17.503805
-16.593130
-11.855043
-11.252606
-16.302862
-16.954706
-17.652027
-17.203993
-19.082605
-15.379270
-27.153471
-16.896317
-19.167389
-4.360792
-7.253954
8.713159
3.255294
7.175910
2.079614
7.061372
2.968953
-4.441643
-7.883340
-12.426042
-9.901192
-21.403648
-10.404253
-18.050102
-8.134314
-22.650629
-18.165754
-37.326973
-17.849653
-18.901815
-14.946953
-11.523787
-19.674938
-20.044371
-36.301197
-38.948437
-33.169422
-33.455196
-33.848778
-35.539864
-33.178406
-37.761528
-35.697083
-39.683380
-36.601025
-35.852592
-34.443920
-29.473387
-27.755350
-26.199007
-24.453451
-21.380064
-28.476814
-22.784254
-33.552898
-26.143419
-28.831079
-29.397032
-39.372337
-42.527130
-56.710518
-46.594296
-52.927460
-40.595173
-40.263920
-41.100487
-32.186317
-22.444017
-19.365564
-13.181201
-13.512444
-1.625969
-6.666676
-7.255641
-14.345634
-25.411850
-24.686443
-24.418633
-25.657761
-14.365293
-20.516556
-21.265530
-26.564508
-20.923597
-23.585447
-9.557584
-10.594587
-25.466303
-22.006088
-37.805889
-32.727554
-35.921093
-27.889532
-34.759445
-24.146336
-41.375595
-25.587015
-34.253021
-30.076387
-34.535992
-31.532789
-40.245953
-28.166330
-36.680744
-24.893629
-31.223434
-18.952353
-26.056398
-10.330702
-18.624462
-17.963633
-17.786777
-29.318432
-29.041634
-19.375128
-26.177671
-14.949769
-19.078678
-27.405558
-33.351337
-20.459284
-33.607918
-11.052166
-23.464727
-18.373487
-17.234304
-6.112516
-4.975023
-2.189662
-4.882373
8.272985
5.538723
9.557584
4.955931
7.672237
11.082490
7.157942
10.275682
4.944700
7.584084
5.208024
3.857732
10.807376
0.311605
7.529060
-3.752740
6.268041
-11.404196
-0.875860
-20.782681
-17.397129
-19.508749
-15.249575
-19.608124
-16.554953
-21.382313
-19.611494
-26.384844
-22.357552
-24.917208
-23.519199
-23.909969
-21.674265
-20.190350
-18.004057
-15.841914
-13.089116
-6.028866
-7.739609
0.179103
-1.488409
-2.414242
-5.871096
-8.678353
-11.189724
-12.851621
-16.816027
-14.786383
-16.462877
-10.443554
-5.876469
-6.286090
-10.830200
-11.525949
-16.830164
-20.034086
-27.428158
-15.073397
-25.419186
-24.412086
-13.361857
-12.991372
1.632407
-0.286129
9.378697
0.872297
22.613571
22.798828
39.544628
44.787960
41.644043
46.622131
41.325741
44.081783
50.443527
47.317883
53.015205
48.144081
49.884335
37.780910
43.689541
31.480017
25.219151
23.980722
16.280527
20.530678
13.253150
0.600083
-5.198115
-6.900959
-1.865474
-6.051272
-10.393619
-12.425203
-21.617783
-14.622030
-22.864042
-13.849747
-11.789467
-8.152435
3.234364
3.718775
6.682669
8.614239
6.301745
18.210356
12.419116
23.541534
5.766890
12.306931
-4.891986
4.620644
2.728207
8.784699
6.643532
10.044005
12.584361
17.857264
1.653274
-8.453349
-26.264515
-10.688441
-17.725071
-4.641512
-9.048213
7.223613
5.012870
16.223124
13.952370
27.335100
18.787830
20.008862
5.674702
26.452375
11.600739
26.983751
9.150839
14.904676
18.467781
10.239683
15.679569
3.922284
-5.218117
3.386557
-2.806476
5.112885
-9.345645
-6.293919
-0.572253
-2.780387
1.324534
-6.671362
2.729944
0.449628
2.194219
-1.064495
-10.604954
-3.156961
-6.593090
0.246121
1.138420
5.939086
6.849646
4.139704
10.591905
9.062127
11.499860
10.274469
13.340114
12.406073
-3.320462
1.077543
5.873858
5.921691
11.279829
14.034995
8.972553
14.618556
20.487196
19.373123
22.223095
24.374691
19.042648
18.005095
1.885480
-5.439015
-6.678321
-13.869751
-19.157442
-19.767096
-17.515476
-20.716787
-18.988722
-15.356048
-13.632328
-12.906143
-22.410067
-11.354625
-18.463436
-7.415814
-12.638278
-5.278127
-16.898865
-12.066892
-26.716753
-25.407873
-29.016205
-32.023579
-37.860039
-42.043232
-50.242622
-32.207085
-42.437199
-21.369919
-19.413992
-12.006884
-2.794298
-1.170598
6.950552
16.619703
26.359314
46.115101
57.905426
32.955006
52.089851
29.615417
30.779070
32.992416
23.586760
31.498287
24.854763
22.283968
17.084984
14.462002
13.260104
15.569118
20.981180
3.460481
18.286018
-2.247270
-2.723859
-8.369857
-14.081086
-13.121825
-14.816841
-19.789707
-9.421311
-9.220413
2.625579
2.160302
-0.147848
-12.284316
-7.297533
-21.051620
-13.742778
-20.399353
-14.268072
-19.094826
-9.599593
-10.638869
-10.938043
-7.788910
-25.021734
-25.737484
-12.980063
-30.977345
-15.249947
-29.766743
-13.517526
-24.961729
-3.897065
-26.728926
-3.572674
-14.377652
-2.566447
-6.185210
3.490052
2.141167
11.424199
12.156470
19.887115
18.669548
23.298891
22.153511
25.638350
38.568836
32.997631
33.988209
27.026375
22.813618
28.692671
27.480339
34.599586
18.690430
26.166243
13.418388
30.030256
6.521772
19.171362
2.896054
7.602794
2.547311
6.820078
3.464828
6.636573
5.719055
2.529045
-3.475265
-2.142036
-8.462045
-6.153029
-6.351317
-4.781535
-5.624259
-2.208132
-0.641830
6.068668
7.193173
7.195783
8.842097
9.336078
10.235333
12.756552
17.249352
19.735786
16.475334
16.310093
-0.660087
-4.585855
7.569747
-3.730698
-4.114964
-10.587480
-11.641748
-20.450314
-23.680300
-36.120136
-41.810680
-51.443317
-52.699123
-57.759087
-57.281662
-56.136032
-53.018013
-48.509823
-42.825550
-45.810101
-34.916290
-40.218086
-28.544090
-36.490078
-29.632399
-30.881039
-28.332701
-28.166986
-27.687780
-17.204203
-25.663433
-18.946390
-28.452738
-19.046713
-25.145700
-32.059811
-27.452206
-29.599251
-28.131163
-29.248131
-24.697847
-23.756439
-23.809286
-29.143332
-23.671337
-26.224161
-26.718609
-36.760590
-34.394978
-44.320503
-37.002426
-47.272823
-39.763054
-47.861317
-45.991032
-45.665890
-41.936981
-41.580486
-37.900841
-34.996902
-26.732038
-40.169716
-26.969400
-34.510517
-20.780836
-34.693256
-27.031212
-36.763279
-31.947855
-49.753986
-47.853252
-38.408718
-39.287430
-40.631908
-44.581161
-38.137318
-35.111553
-33.192017
-22.702168
-19.284979
-9.734748
-31.605677
-23.463535
-32.308830
-20.274752
-30.741302
-25.338289
-25.822876
-30.578289
-21.861977
-19.687153
-10.864258
-13.680417
-8.995772
-13.164482
-15.745068
-10.837385
-17.819567
-16.799334
-18.033646
-19.572500
-30.963440
-31.682716
-43.337009
-44.897362
-39.785446
-38.781342
-30.683981
-31.339651
-33.970398
-34.472904
-35.270992
-29.243654
-28.793104
-21.887058
-25.846167
-25.787046
-28.845058
-29.824085
-33.991894
-36.409462
-44.440540
-46.914543
-45.792191
-45.752777
-43.757099
-45.463455
-32.482601
-39.352810
-32.393032
-42.188675
-36.166729
-35.944588
-36.989887
-31.128269
-36.006386
-27.642097
-37.033775
-27.509535
-39.270401
-29.274105
-42.885559
-32.808640
-28.542301
-23.785099
-22.541832
-24.344927
-23.177799
-20.895491
-34.388702
-30.637402
-40.469784
-35.933830
-43.328045
-41.020660
-48.087036
-44.685963
-54.068695
-53.668304
-51.877747
-55.547535
-58.991600
-62.507313
-66.650055
-76.168930
-79.408768
-75.149597
-80.637711
-70.703217
-73.466515
-58.808876
-50.413242
-50.526993
-39.285629
-43.637077
-41.235634
-48.026127
-48.878853
-64.992973
-63.173744
-62.892479
-63.864353
-56.012424
-58.348488
-52.724213
-53.958530
-42.646400
-45.424938
-27.479074
-34.753258
-34.111923
-42.522793
-33.487602
-38.457989
-34.496197
-36.419315
-34.308983
-34.179108
-43.997162
-35.741257
-47.394642
-43.306549
-60.120216
-37.869495
-59.469921
-32.689514
-60.423870
-35.258457
-43.053955
-32.658161
-35.447453
-20.921465
-19.110310
-18.846966
-19.311848
-16.552114
-16.211739
-18.425972
-14.536733
-17.296461
-15.375132
-20.678724
-16.881744
-15.602652
-20.289984
-19.206150
-21.694477
-17.210476
-24.253565
-7.218658
-16.469707
3.121599
-11.369446
-3.124297
-7.067280
2.117497
-3.055320
-3.842667
-16.173223
-14.577038
-18.146507
-17.890329
-20.695742
-21.466064
-29.500729
-28.277163
-28.990164
-21.184809
-32.059822
-22.519444
-35.672279
-31.876190
-48.040459
-35.932938
-47.694714
-36.860909
-53.687115
-49.346432
-52.545067
-55.032494
-61.470074
-52.028233
-57.659660
-51.510502
-48.903038
-40.926605
-40.716106
-29.623442
-28.080103
-12.513289
-5.520359
-8.033766
1.849673
-0.689709
-0.808841
-5.651134
-12.236510
-19.183758
-27.488926
-35.207397
-34.347504
-40.936462
-37.290852
-4.182785
-4.695500
-10.166117
-10.464785
-13.871743
-12.972181
-13.299290
-27.331751
-20.883341
-26.107908
-16.881895
-21.914463
-13.037603
-15.337353
-13.501251
-14.629790
-12.298752
-16.254694
-20.351433
-28.565533
-24.608166
-35.307621
-22.486198
-35.849487
-24.325146
-38.304981
-39.375923
-45.375607
-39.127037
-43.930626
-38.514046
-46.824856
-40.255585
-51.331913
-45.287430
-43.331146
-36.306736
-28.264732
-22.127094
-19.259869
-20.741123
-23.257765
-15.808822
-20.982903
1.430051
-14.439924
4.144385
-16.549091
1.308453
-19.195869
-5.867418
-9.106552
1.784191
-0.610850
3.065622
-13.787832
-3.131045
-18.156212
-16.208467
-23.935455
-13.555295
-41.984291
-15.461796
-49.602486
-17.475674
-37.812176
-6.342446
-29.458696
-10.696609
-23.019539
-5.252301
-11.541414
-6.045198
-15.935404
-16.726162
-21.312860
-24.345770
-16.322956
-31.028837
-26.403734
-31.033106
-22.830379
-30.440746
-22.492603
-30.513285
-19.163157
-26.335472
-11.635996
-11.775372
0.652804
-2.939043
7.293207
5.846797
-0.751648
0.568182
-3.337978
-5.971953
-8.422462
-6.518092
-6.727158
-3.306689
2.586329
0.994850
0.982762
-3.714872
-7.269031
9.114373
-10.319006
-4.762346
-20.666454
-13.530407
-34.254463
-33.330006
-26.297070
-32.492313
-28.667225
-33.896770
-27.396456
-38.339825
-43.796215
-21.499884
-17.237450
-20.208496
-19.107689
-30.942789
-21.677660
-33.866196
-17.393900
-30.595768
-20.231968
-44.443336
-36.917591
-56.510250
-40.648815
-42.538258
-21.359795
-29.762342
-12.123110
-17.563145
-4.945813
-9.306378
1.693877
1.002669
1.597875
1.977614
1.996811
1.726589
-6.296223
-7.122540
-14.435656
-17.076744
-25.310753
-13.391742
-21.530462
-3.231314
-7.877745
-6.065821
-8.411081
-6.050174
-5.964845
-1.469164
-16.507133
-11.168790
-2.182417
-12.928800
-14.432813
-12.589593
-23.369406
-18.400837
-21.179884
-21.120855
-29.207672
-31.780495
-26.799824
-28.743313
-18.008307
-20.547701
-4.329988
-4.733189
-11.019456
-12.828536
-21.219700
-19.893473
-30.600037
-30.750792
-45.485111
-47.112862
-36.200073
-46.924416
-28.461712
-31.124128
-22.151979
-24.011547
-17.777193
-21.474281
-14.538057
-18.181812
-16.061272
-22.112869
-23.793242
-23.541500
-10.655365
-15.699310
-4.359140
-9.482022
0.485695
-11.287544
-3.947405
-20.654362
-15.094149
-13.848985
-16.593178
-7.184404
-8.394723
-22.304865
-4.014248
-16.122425
-0.081779
-30.916481
-12.335021
-34.136414
-13.018404
-45.478714
-30.933552
-43.182526
-48.219357
-41.079037
-43.263596
-21.052593
-25.607998
-29.435934
-39.353168
-29.883238
-36.517227
-29.369093
-50.823463
-37.056255
-53.002331
-39.599213
-53.884827
-51.677517
-45.105381
-47.137753
-36.270466
-40.064278
-18.993202
-25.956448
-2.570685
-18.377377
11.841507
4.611588
9.720244
5.112928
8.114547
7.390631
6.802536
6.547246
4.435941
11.197236
9.051083
10.885053
4.501364
3.682872
-4.350606
-6.280578
-12.364176
-9.693224
-15.186595
-11.572702
-23.489586
-22.021133
-18.831066
-17.533989
-19.963158
-20.602459
-26.237337
-31.020308
-10.998121
-12.016441
-12.450218
-8.536970
-9.304258
-21.503071
-23.262726
-40.696560
-45.505772
-67.340820
-62.927731
-87.118675
-78.990288
-77.246674
-64.933830
-56.197315
-43.241913
-27.700764
-10.351857
4.816932
13.687066
28.193079
36.633255
30.645205
40.072388
38.245640
45.169041
40.903828
41.773853
45.196369
45.324039
50.079208
32.328842
35.949703
12.473184
12.929280
-7.684760
-5.527801
-29.477644
-28.522690
-48.495335
-47.784473
-45.036011
-42.890331
-33.313492
-37.317997
-22.017366
-33.048622
-19.542686
-36.493698
-23.698040
-42.080296
-32.093075
-49.358242
-42.541138
-45.080555
-40.658554
-35.864189
-29.073803
-28.577921
-21.561865
-14.823152
-6.423960
-3.309673
-1.967513
0.151439
-5.862153
-6.818295
-14.358145
-18.465401
-32.893028
-27.003551
-47.032619
-46.573559
-37.044811
-42.759094
-23.803154
-31.667862
-10.827554
-19.659683
7.273202
7.372383
26.607439
28.248907
25.492136
26.998211
17.403540
22.031622
9.116597
13.855729
5.122184
3.356590
-1.694329
-2.299488
-4.654802
0.311785
-0.897347
-1.809542
-5.764757
-4.730819
-6.932317
-12.147738
-13.792777
-17.524698
-17.351879
-20.137753
-19.850906
-18.909019
-15.774542
-15.950924
-11.389952
-13.112787
-7.614089
-10.747972
-3.051930
-3.257411
1.459747
2.836351
6.295682
9.912984
14.948462
20.406183
21.015499
20.284439
20.854561
17.465307
15.753755
19.899012
19.673931
5.844936
5.958355
-12.409640
-11.537827
-25.348421
-25.643576
-42.206783
-38.340656
-66.408424
-61.554684
-62.801819
-58.136318
-58.414860
-53.817661
-49.898674
-42.996052
-41.234608
-40.689430
-40.194141
-37.956409
-37.187943
-33.295082
-38.194561
-32.826508
-38.291950
-31.169594
-38.928001
-33.524319
-41.914600
-39.245720
-45.435692
-47.249989
-53.762436
-58.315086
-65.651825
-59.837177
-74.045074
-50.292408
-66.783165
-26.288525
-43.937935
-3.927301
-15.225800
22.454458
17.535389
26.790356
30.066174
21.274431
27.210224
23.958147
27.602774
15.914694
19.687593
25.717215
27.932369
19.698280
18.903671
8.177079
5.967860
-6.780879
-8.487676
-29.461014
-32.135830
-56.310753
-54.505962
-59.628136
-54.567726
-57.519886
-53.638905
-49.601143
-49.458611
-43.898735
-43.547153
-39.603230
-31.789602
-29.228811
-18.145889
-19.463110
-6.697143
-7.610523
3.195648
2.535258
7.991202
10.299600
12.153089
14.630145
2.213375
11.218917
-2.777561
5.220769
-10.067389
-3.865539
-18.906647
-12.956596
-26.360386
-20.989370
-22.389729
-23.873829
-36.829830
-38.904240
-30.660053
-36.161724
-13.811780
-23.838194
1.775095
-3.039460
21.972824
20.977486
42.131371
44.974255
38.539005
42.234112
35.235859
40.238087
34.195400
29.829222
25.286062
18.710073
18.896549
2.779937
3.769334
-9.247843
-7.731082
-19.534966
-17.543699
-21.257208
-21.682425
-25.746317
-27.073635
-25.816988
-28.517347
-24.192144
-25.196980
-23.691505
-22.978262
-22.984793
-22.456837
-17.990295
-16.103548
-10.653545
-9.434318
-3.898799
-4.568690
2.197342
3.239594
6.887183
10.284157
13.431106
18.564569
22.073784
28.676504
21.390234
28.209120
18.601393
2.747691
3.219912
2.677959
3.188716
0.219595
1.933537
-1.490677
-11.652610
-17.527847
-18.260649
-8.966701
-6.532803
1.803247
9.333705
18.813608
38.430973
51.031086
52.811089
71.348831
77.081551
69.707680
78.188087
67.520294
74.242706
72.347099
83.555023
84.398537
89.131775
90.045616
77.093788
80.952911
63.789612
60.063847
34.808571
30.286383
5.811012
6.240417
-18.375645
-16.029833
-12.334641
-16.000471
-8.888401
-2.054040
7.721918
10.028585
16.232906
16.656807
25.406969
16.090387
23.945652
6.755453
5.403018
3.611391
0.283211
1.006220
3.884202
4.494665
9.779017
10.196797
15.128817
15.566785
20.878660
15.349636
21.397982
11.275199
7.663196
7.924387
-0.838620
4.444507
-4.599262
2.246108
6.452058
3.983910
17.470959
11.751087
28.230509
24.869297
45.528965
30.905416
54.646149
47.974495
47.195202
41.354221
37.451061
38.383873
25.687119
28.855656
17.001188
13.462586
5.788380
5.039065
0.437356
10.415781
5.923563
7.537800
4.298925
7.876063
9.046217
3.366717
4.656150
-4.932020
-2.151911
-4.514240
5.589582
4.842102
8.803378
12.012280
11.195069
10.136239
10.312407
8.966699
4.976673
5.653809
4.880027
4.558280
5.040289
8.735480
8.872499
12.903505
15.404079
33.431065
37.378880
43.178272
50.341713
59.868099
62.780342
60.537289
64.398865
42.773937
45.768147
33.998093
31.129288
9.521499
13.533544
-13.639364
-12.559739
-11.846514
-11.002389
-10.413946
-12.020844
-7.568386
-15.443839
-10.840902
-11.684417
-7.007469
-5.475809
-12.422108
-11.766996
-13.594099
-13.124934
-13.244214
-9.604074
-11.795132
-6.287516
-5.384667
-0.336427
-5.584078
-3.473150
-5.137546
-2.629025
-4.059756
-13.346980
-13.043582
1.148745
-8.080976
6.910213
-1.079626
29.852695
20.342211
54.499344
53.098587
70.598900
76.471687
70.833183
73.437134
67.529465
70.707794
71.278488
76.061264
80.197487
82.622818
69.343124
72.490852
56.336842
60.339104
39.144806
43.401535
11.355331
19.166555
-14.681063
-13.328018
-17.094166
-11.849573
-18.484522
-15.071928
-10.941217
-19.749493
-15.606545
-23.453857
-16.618273
-13.691355
-9.826116
-4.585194
-7.816729
3.533095
2.006941
12.063662
3.629130
10.753431
1.295550
3.635247
3.041301
13.655879
14.830317
14.711649
13.072943
13.453410
12.130948
9.197301
9.990044
2.613120
-0.605573
8.033266
2.372729
-2.488338
-1.191566
8.750772
3.927022
26.208887
21.131292
40.636719
36.594696
58.116241
56.861061
83.309120
70.648453
69.207939
63.616516
61.051105
56.182701
55.266392
46.585968
43.815033
33.898388
31.652275
19.973368
20.126287
6.829469
10.577875
7.210549
3.375895
2.918964
2.708542
-1.014175
-0.535835
1.499853
1.302279
4.075049
-1.389751
0.400043
-1.552457
5.264166
3.484773
6.373764
4.335014
4.664712
5.639739
4.794391
3.893990
1.670513
0.886944
2.183106
2.668172
4.433498
4.239594
7.663807
7.918882
33.658604
34.607941
47.511448
0.233067
0.343267
0.625734
0.675134
4.421303
6.368806
12.603974
7.130069
11.239774
9.664038
-1.155835
-0.416099
-9.504440
-6.505605
-22.349079
-13.737644
-21.247086
-18.704878
-18.757441
-16.037909
-15.688311
-18.605450
-17.218447
-17.020212
-9.009802
-16.792847
-16.390047
-18.038609
-15.816244
-9.311274
-9.536101
-3.527675
-4.038772
-2.426935
-5.421971
0.988004
-1.390166
-0.918965
-1.109601
0.440800
-1.848067
-1.017769
11.427244
12.227775
9.719140
11.734409
11.284742
11.731240
14.357044
14.837111
9.696340
14.581244
-0.108300
1.925335
-1.964603
8.756474
-3.777203
5.763338
-3.405437
8.374575
-0.098798
3.204669
-0.437634
7.289673
6.371970
3.079901
14.730079
15.258910
12.664143
11.959881
7.509439
9.277709
-1.332534
-0.527568
-12.170774
-9.520275
-15.486910
-8.966104
-25.531584
-15.300080
-24.638582
-12.418406
-13.506471
-4.439669
-11.256246
-0.015834
-5.044506
3.253437
0.915802
6.948936
3.295869
7.411271
-4.891870
0.724534
-7.589872
-0.505401
-5.713304
-0.328065
-3.108402
3.670169
-1.751169
3.650538
6.227571
1.169768
6.776671
0.973433
1.169764
3.509303
1.176735
1.325569
1.642233
-2.466834
-2.883568
-10.501308
-9.724841
-13.127739
-11.914912
-30.301851
-26.511984
-40.381996
-19.525049
-35.267197
-20.072250
-18.797344
-17.972111
-10.260006
0.540231
17.599712
24.826685
16.890379
24.444780
24.133816
21.338915
15.723146
15.655380
2.903836
9.771073
-0.729598
2.936766
-7.990138
-1.890500
-13.073910
-3.963405
-13.705345
-9.213739
-14.422915
-15.592046
-8.009772
-7.693106
2.712568
2.673298
11.262576
5.283906
19.749882
18.299545
36.451523
28.216917
30.116289
20.118479
27.408783
18.774549
7.941370
14.551479
-6.552473
2.568169
-20.798048
-7.622804
-37.253963
-16.441977
-34.928989
-15.564806
-35.841633
-11.312607
-30.629292
-13.552082
-16.144318
-16.743450
-15.831440
-19.988644
-27.052849
-25.846987
-24.571447
-19.039276
-16.036011
-11.771145
-13.020074
-6.397301
-8.936338
8.577240
0.342001
11.676143
1.937370
11.606475
2.143204
17.960711
-5.292136
17.393248
1.387635
2.882302
-3.213534
5.251606
-13.030843
-0.345800
-17.922083
-11.903509
-23.162918
-23.113516
-33.393158
-30.248018
-43.507500
-40.666996
-43.404266
-32.056187
-46.912296
-19.850578
-45.495541
-13.148009
-32.860531
-15.650310
-35.950573
-7.872337
-30.830053
9.861010
-7.366937
5.577142
4.908972
0.557333
-6.154104
-3.175536
-8.054740
-7.281440
-1.361669
-15.144913
-4.347842
-12.628679
-16.451479
-14.702209
-8.268810
-7.178205
-6.714602
3.431403
-9.709005
5.376371
-5.180034
8.122502
-0.996232
13.044775
2.020336
16.701647
7.812174
9.943341
3.499167
11.422810
6.062905
12.538741
7.544274
13.279106
3.321837
12.954842
12.051711
16.568010
11.835743
13.314577
7.491706
9.950940
6.362471
10.915508
5.569538
7.801405
-2.238204
-3.473203
-9.215006
-15.237377
-15.578110
-24.686718
-28.853420
-40.432030
-20.804382
-36.359695
-14.813676
-6.924303
-7.516410
-14.350221
-15.465004
-21.882233
-24.373138
-34.838387
-40.029274
-44.100693
-51.805115
-45.974533
-56.220573
-53.081390
-59.451809
-53.005707
-68.161011
-52.875431
-62.005123
-60.053288
-68.791344
-61.977039
-71.802597
-64.954750
-77.318794
-71.872795
-78.001389
-82.288895
-91.920975
-90.233612
-99.805611
-98.139282
-102.008636
-94.956406
-89.905151
-76.958366
-70.680794
-59.983845
-43.020233
-36.521873
-32.931793
-29.541407
-39.786659
-39.119659
-53.093868
-35.507732
-50.226940
-36.474289
-51.617889
-40.428696
-57.438332
-39.746094
-41.041859
-21.329910
-20.673056
-20.814251
-32.720375
-22.795748
-32.549522
-27.873516
-41.470924
-42.338413
-67.068848
-46.062687
-72.541367
-53.881779
-61.001114
-55.279743
-63.542721
-66.278580
-61.467621
-46.217152
-40.040199
-41.596523
-37.215397
-42.477272
-39.947361
-49.233074
-47.404484
-47.541000
-55.326550
-50.714516
-54.706356
-62.835155
-53.806885
-57.932140
-50.134892
-55.965469
-41.460785
-40.887402
-28.556902
-32.046356
-16.564188
-7.010896
-11.570669
-8.009444
-12.315680
-22.145130
-27.374245
-25.212543
-31.770197
-27.247868
-26.187685
-27.040354
-31.855223
-35.378227
-39.466812
-23.464302
-30.483002
-30.517332
-34.757259
-34.960087
-43.157536
-47.899075
-38.072746
-42.930527
-42.203461
-46.323246
-44.020348
-63.841518
-47.825745
-69.945129
-44.005516
-70.246246
-58.031212
-95.493134
-82.313858
-115.762085
-103.875473
-111.908333
-90.643173
-108.030357
-91.562904
-105.786736
-92.100403
-73.606216
-55.782135
-58.838634
-45.117191
-46.394241
-40.321812
-40.238350
-37.288734
-39.097034
-37.533684
-39.143066
-41.825882
-35.536598
-48.484165
-43.659157
-54.626015
-51.897949
-66.220093
-49.375061
-65.584290
-49.878231
-66.947929
-59.365990
-68.310005
-64.317383
-76.246132
-71.573235
-74.968285
-83.526932
-79.130211
-90.188339
-90.771866
-97.033081
-88.557137
-95.859024
-79.909538
-89.471420
-76.519958
-87.613174
-65.185646
-79.162956
-63.199478
-68.959846
-56.950768
-58.022629
-62.613617
-73.172470
-72.642776
-83.141571
-80.863617
-88.589890
-79.763664
-90.964569
-68.503471
-86.826050
-53.343510
-57.524139
-43.262070
-48.442818
-35.051357
-47.023781
-35.735519
-41.303204
-36.748116
-35.370426
-41.013000
-46.788193
-46.583801
-46.992588
-49.815037
-49.239315
-46.980106
-54.310848
-51.209110
-56.552895
-49.916451
-46.891953
-48.156513
-47.335835
-43.220726
-58.785583
-45.163994
-59.432297
-51.394001
-80.494629
-76.725891
-84.331245
-80.791855
-96.852875
-89.252975
-90.494141
-96.858337
-87.493050
-85.534157
-71.363388
-69.585503
-79.272202
-80.731010
-77.275879
-83.046387
-88.809097
-93.971123
-85.499077
-92.100403
-89.605583
-93.001450
-104.306877
-80.296478
-90.670464
-64.532700
-73.450974
-48.717415
-60.340351
-34.722935
-50.414948
-18.601845
-17.022894
-17.355221
-18.839783
-19.016869
-18.086973
-17.097006
-20.227608
-19.051193
-22.507107
-24.849794
-28.534277
-30.272375
-31.248297
-31.451908
-29.988409
-29.825367
-27.034117
-26.945959
-25.991880
-26.253998
-22.145912
-18.045626
-17.427774
-27.676928
-30.107767
-41.392139
-47.232857
-53.530727
-51.624130
-73.574226
-6.119920
-6.411005
-11.037519
-11.551617
-15.645229
-17.178875
-24.843727
-26.578196
-32.675926
-30.610512
-28.679346
-33.335567
-40.030140
-35.675529
-42.297516
-32.445778
-36.397598
-37.089962
-29.510105
-28.816992
-27.531933
-27.053185
-29.939209
-31.318291
-30.548832
-36.876354
-37.894390
-33.619511
-35.274632
-31.385983
-30.519501
-21.248041
-20.843760
-20.286034
-20.589529
-16.556089
-15.882532
-21.861423
-20.483475
-19.246176
-22.147999
-25.738039
-24.964067
-31.628181
-25.188213
-27.658670
-24.377388
-24.965195
-24.255157
-21.484972
-22.559801
-19.955082
-23.504513
-19.004736
-18.244307
-18.829485
-19.972385
-24.918941
-18.804663
-18.389473
-26.684631
-28.643993
-25.549248
-28.808344
-22.978003
-25.296526
-23.184092
-27.685751
-26.331112
-20.424055
-31.408169
-25.408218
-30.605999
-30.993731
-32.784618
-27.591347
-23.496611
-22.529341
-31.852695
-19.868965
-20.721529
-16.445148
-23.891121
-22.446230
-15.173628
-12.210131
-12.626072
-9.784802
-10.779531
-5.919472
-5.338430
-10.919056
-5.804767
-10.404580
-10.480547
-12.303022
-15.970915
-17.011896
-21.903921
-21.962214
-22.545135
-22.622608
-22.108883
-24.996040
-21.881357
-18.525614
-22.060371
-19.476713
-18.601582
-14.120984
-11.661433
-11.763350
-14.860729
-15.785504
-19.664000
-14.715940
-18.846407
-22.481579
-26.404072
-28.963661
-22.560179
-21.028790
-26.801592
-28.038132
-34.881630
-27.622568
-47.777348
-47.573139
-47.315151
-44.191826
-40.858643
-37.126068
-27.941483
-21.301825
-28.496950
-27.229191
-24.795588
-22.027277
-25.928709
-20.114546
-19.105524
-24.541737
-20.893774
-23.399958
-20.214203
-20.906563
-22.986275
-24.369865
-25.932468
-27.501095
-31.787256
-31.935059
-32.701504
-30.668423
-30.216753
-26.736151
-25.891102
-26.990755
-26.668085
-28.728615
-36.756378
-38.614578
-41.058342
-32.894810
-34.857182
-44.512241
-44.201218
-44.054932
-44.868008
-39.468647
-40.769127
-35.879742
-33.151299
-23.862537
-31.363791
-31.106934
-31.560108
-43.338497
-43.647633
-37.553291
-39.278355
-34.612350
-35.199791
-22.958069
-24.516163
-20.917469
-24.208153
-16.492907
-22.491356
-22.650438
-29.296492
-24.040049
-27.482288
-24.078787
-24.930973
-24.930599
-24.012966
-27.695150
-26.574810
-30.089262
-26.744051
-28.028738
-30.143795
-31.897070
-22.782820
-23.731663
-23.686914
-27.097187
-19.496273
-25.485693
-24.144224
-25.694790
-25.098709
-26.446568
-30.611258
-27.837313
-26.221300
-25.993771
-38.541245
-36.925987
-41.613430
-41.086918
-30.342741
-36.564201
-35.113670
-37.507404
-28.002413
-32.384472
-32.334827
-31.536413
-25.895241
-27.465746
-27.248365
-30.548454
-23.914434
-32.036972
-27.221291
-26.351053
-24.360464
-29.161861
-32.628548
-20.948311
-24.436056
-19.714020
-20.697840
-16.965263
-14.986714
-19.469942
-12.615167
-17.431601
-17.460184
-15.058172
-16.975420
-18.185261
-18.600077
-18.591049
-18.074318
-19.428953
-21.046465
-24.169039
-23.384541
-26.775263
-25.278847
-23.566938
-25.609797
-17.609488
-13.299252
-4.396354
-4.459159
-1.352002
-2.496784
-6.415894
-10.718981
-12.395538
-16.585424
-22.401094
-25.942625
-20.318375
-23.272095
-28.154341
-1.917043
-2.190906
-2.758483
-3.382008
-4.070501
-4.743204
-4.767565
-8.468555
-5.539975
-10.198357
-2.980008
-4.932243
2.180079
-1.505570
-0.239120
-3.959963
-12.099610
-11.497291
-26.782654
-26.175371
-26.605339
-27.181940
-34.843349
-37.156971
-36.149948
-47.972530
-48.240086
-57.657459
-57.506775
-61.152710
-62.921322
-61.427917
-57.796875
-54.819122
-49.853031
-35.742085
-31.987862
-12.510182
-9.895174
-10.236711
-12.198417
-11.830710
-11.255461
-12.828707
-6.387287
-8.376514
-8.187927
-10.857529
-7.332948
-10.601261
-2.273473
-7.836459
2.522970
0.868960
-1.722587
-5.745716
-6.362017
-12.223685
-7.563949
-12.142471
-8.144611
-18.563148
-18.403431
-24.047176
-22.415279
-24.751463
-23.678118
-21.475935
-24.096355
-19.780416
-16.135826
-15.715781
-6.417514
-10.249341
-3.540820
-13.603378
-7.236397
-15.954001
-27.755833
-39.363667
-35.865700
-34.429165
-31.274557
-36.286198
-30.653736
-33.086922
-27.335787
-25.360548
-16.299152
-17.067049
-10.342734
-14.207051
-6.719800
-8.315607
-5.988896
-11.523460
-6.553317
-12.379339
-9.900133
-16.594221
-11.728746
-14.254874
-12.639668
-16.817549
-18.920929
-21.849508
-24.541668
-27.510393
-21.072577
-26.822807
-21.714602
-29.249680
-26.822359
-24.986523
-22.838030
-30.071264
-34.251858
-35.224140
-42.486698
-31.601202
-32.424145
-22.819981
-30.141197
-27.523033
-34.191399
-30.220156
-33.499294
-30.117731
-30.330238
-30.208433
-29.385942
-28.055418
-19.181253
-20.895721
-4.911490
0.171901
-4.664245
-0.991683
-3.668505
-2.664640
-5.114971
-3.265154
-8.318766
-3.643692
-7.910452
-10.504256
-6.541134
-13.689554
-9.674543
-15.870079
-14.497604
-22.396778
-12.157359
-21.198008
-11.818533
-21.410513
-14.395190
-17.082840
-10.780375
-13.593001
-3.814233
-11.530680
-7.516123
-1.717621
0.574800
-13.441405
6.271783
-13.441855
3.359901
-22.695911
-8.595334
-30.749836
-26.135221
-33.481697
-29.377811
-35.785397
-36.314625
-48.610485
-46.642471
-58.296783
-55.766132
-59.494186
-55.399780
-58.768707
-53.694328
-55.466106
-56.002998
-35.014790
-43.058334
-11.175153
-18.860920
-7.661402
-17.091412
-5.789027
-19.159594
-7.251287
-18.951607
-16.129959
-19.296753
-24.056202
-19.674839
-21.868456
-20.457182
-20.707129
-19.573776
-19.261564
-15.740143
-14.273826
-10.802034
-4.642140
-6.063791
-7.295049
-0.200773
-2.773824
-3.374789
0.757072
-2.050138
1.240731
-5.985741
-3.642787
-3.389229
3.556162
-13.946270
-4.611460
-8.507811
-11.197710
-7.865782
-6.536624
-7.529659
-2.657872
-17.590412
-18.058729
-23.721430
-22.999096
-36.306961
-45.459038
-38.310169
-43.371002
-38.358448
-43.220306
-40.209610
-41.703457
-41.130470
-39.967785
-37.858097
-30.572521
-32.435417
-29.289385
-36.337181
-26.230869
-24.838085
-20.994980
-24.778982
-22.568222
-24.163132
-24.548885
-25.012239
-21.767845
-19.446096
-18.700302
-15.886325
-22.883142
-19.137491
-23.429064
-19.586411
-21.618498
-17.581841
-19.293150
-15.463120
-17.941879
-13.720232
-12.475442
-13.390878
-18.546452
-21.808445
-29.983742
-35.786301
-19.127567
-25.959259
-25.565828
-11.308593
-11.459984
-20.650120
-19.574129
-30.461065
-34.399258
-45.038273
-19.423756
-21.594032
-6.675418
8.317356
11.133833
24.255049
18.457495
40.046440
21.179483
-6.895911
-1.089200
-34.576038
-31.383631
-42.850739
-38.744888
-54.248730
-47.555023
-54.865482
-61.326519
-56.812214
-63.980427
-64.808502
-73.664352
-76.729774
-79.545242
-70.624344
-68.432747
-59.511864
-42.373188
-34.362682
-11.646937
-7.230183
-3.299099
7.864199
7.714840
-8.795909
-8.322434
-26.810410
-22.642588
-29.949997
-32.487057
-33.428936
-42.163868
-20.975250
-20.156332
-1.734388
1.576901
-4.236907
5.942856
-0.503958
-5.409427
3.916857
-4.806913
11.910094
-19.414614
-10.130996
-30.911171
-14.330312
-20.884829
-19.235783
-19.261185
-41.497353
-27.480999
-36.360226
-18.883221
-23.158737
-16.088070
-16.433529
-15.849309
-14.038702
-21.304459
-6.453918
-25.512917
-20.014080
-21.536114
-18.590595
-27.893513
-31.815454
-19.635096
-28.809992
-20.474344
-12.786941
-6.297456
0.241818
-5.232636
-10.624792
-9.537626
-9.959281
-14.215504
-7.696548
-12.163092
-19.285572
-18.808035
-16.580860
-13.457529
-22.755375
-20.608467
-27.073566
-25.823826
-40.134834
-30.682562
-31.156040
-27.398699
-25.830944
-21.560501
-17.720861
-20.507879
-11.550412
-21.757610
-22.257505
-31.218023
-37.913754
-11.148053
-46.873268
-38.131195
-43.427849
-47.253250
-17.096996
-32.389526
-39.614616
-61.895489
-39.333187
-45.270943
-46.114269
-45.788113
-53.544613
-41.775749
-24.795591
-22.630394
-12.274850
-10.188911
-1.498663
2.880491
2.838835
12.433360
10.068005
12.921060
6.963984
0.163581
-2.916055
-0.229632
-1.869526
-5.025368
-5.001996
-8.633346
-8.225910
-12.702606
-9.799767
-20.878729
-17.706636
-22.594830
-21.433493
-30.468172
-26.805332
-2.814450
-12.310403
-2.506588
13.502240
-26.203833
31.699617
-1.143053
49.049629
-34.690865
-3.124336
-44.717213
-45.908009
-55.568588
-61.742081
-76.498116
-72.025490
-89.527901
-84.476105
-90.126320
-76.535713
-82.626930
-73.359543
-82.020317
-74.496498
-81.187172
-69.864357
-59.295437
-45.979137
-23.881147
-21.288197
-9.934900
-15.593255
-1.453957
-15.622723
14.466467
-2.953649
14.867805
14.904380
22.135582
10.976343
9.474624
-0.166632
3.680113
-4.181027
-8.279759
-6.709967
-6.383819
-9.432972
-1.027227
-4.227771
-3.754299
-29.955082
-19.554825
-19.693003
-15.854385
-10.778214
-3.432206
-24.329222
-23.015476
-23.728746
-31.529936
-61.734970
-62.016407
-59.377728
-73.430679
-44.335167
-47.748085
-39.542500
-27.047146
-31.527920
-17.548122
-16.448774
-13.272616
-28.827261
-11.736354
-15.074060
-7.177348
-7.196657
-10.073084
-0.352571
-18.996004
-11.231377
-31.121494
-29.816896
-20.849274
-23.145536
-17.968771
-27.035969
-26.251581
-22.386539
-19.652372
-19.028511
-15.254913
-13.321379
-19.861677
-14.555882
-16.846043
-17.582682
-14.872890
-16.030163
-18.482895
-19.995790
-20.335148
-20.696859
-19.035620
-22.370289
-21.553387
-15.947862
-14.521331
-8.393558
-6.597190
-6.179593
-14.448177
-19.260172
-30.615499
-37.603863
-38.022480
-58.433846
-37.079586
-2.191682
-2.418549
-6.408251
-7.716961
-15.132988
-17.513046
-25.071377
-38.247128
-44.711941
-49.896633
-48.842781
-45.299816
-40.408482
-37.950859
-23.745176
-7.400283
-4.269058
4.425942
12.511482
16.903017
10.804442
8.473961
6.831653
2.558513
7.443435
8.428474
10.270818
13.139595
12.403011
18.335363
18.863165
19.680809
11.795308
5.966763
-1.455093
-7.041605
-11.987182
-23.874060
-26.227285
-28.078375
-28.848793
-26.068073
-23.581871
-13.243403
-27.040268
-12.432756
-23.001585
-12.049000
-24.057182
-17.480383
-31.457462
-30.778036
-26.550962
-25.233505
-25.224760
-15.507989
-8.696161
-0.321928
-4.837098
8.974351
7.212487
15.039093
4.575821
7.429440
-1.317459
2.000391
-5.296662
-15.334195
-6.336516
-19.186260
-12.461330
-17.527035
-21.713287
-23.737003
-28.072544
-17.054642
-22.875027
-8.929441
-19.447527
-2.633166
-2.645997
5.984258
7.367619
9.162142
12.716187
1.183905
10.632400
2.275663
1.241059
-3.097982
-0.696929
0.735420
-6.202379
0.381416
-6.831073
-2.771970
-1.729784
-0.447901
-5.417969
-5.434298
-14.656508
-14.685089
-15.238547
-8.479793
-9.330688
-5.583598
-9.661364
3.593122
-3.082237
4.573490
0.037324
3.076402
0.527217
-3.030329
-3.870727
-2.783635
-2.798798
0.344089
-2.735811
2.787133
7.746121
10.337879
14.405734
15.829334
14.476883
16.796284
12.322524
19.490112
0.390164
1.923407
-12.216386
-13.326223
-28.701822
-21.701618
-36.456108
-37.403812
-38.090248
-36.048447
-40.385159
-35.888653
-34.247517
-32.052330
-29.908461
-29.203379
-24.710371
-22.355972
-28.964853
-21.082253
-26.245953
-20.241278
-24.054846
-18.349949
-27.079346
-21.180819
-25.383974
-21.384359
-22.689571
-22.503521
-23.608112
-23.048824
-21.510906
-29.703758
-29.945217
-27.429855
-28.771223
-23.252941
-19.050369
-6.477066
6.262453
13.127934
22.132027
13.975911
18.333616
1.916994
1.656884
-8.929440
-14.029567
-2.582432
-9.816495
3.542379
-3.403582
9.148727
8.243010
15.719109
13.569418
11.394649
9.287530
-14.271597
-4.249226
-28.578766
-29.141558
-35.840828
-35.296692
-39.867264
-40.097641
-47.180653
-40.189781
-43.034653
-37.827812
-41.216812
-27.434517
-34.858715
-18.846252
-26.861225
-10.679050
-9.369179
0.311432
-1.165248
5.799970
4.041023
6.219293
7.378703
6.262449
5.416216
10.039864
6.244951
4.839432
8.827379
6.533638
12.425754
-1.709371
-1.823681
6.628118
7.337296
-0.298016
-4.036357
-7.189745
-18.345861
-4.395607
-11.895618
-1.985812
-1.379857
4.949656
4.655138
16.244576
12.144068
11.757984
12.137068
10.147760
13.257403
14.194613
9.664280
4.252143
4.707043
4.684296
-9.373260
-3.794331
-12.762263
-3.005836
-10.871514
-1.443431
-8.194606
-3.615872
-10.263231
-8.493792
-7.803274
-13.276065
-16.161179
-14.353247
-18.482336
-15.611217
-11.685669
-10.316891
-4.861592
-5.492037
1.201401
3.182546
8.245342
5.287332
7.805027
5.197518
4.460930
3.820571
-0.110225
0.596618
-0.423989
-1.081849
12.467161
4.984064
19.283659
-3.882607
-4.193159
-9.962318
-10.902425
-17.477537
-19.528872
-30.082720
-34.459671
-45.508923
-45.089920
-52.201637
-53.311806
-61.331932
-62.756535
-61.631569
-61.048855
-57.143002
-57.552853
-52.909004
-52.942455
-55.713482
-56.426132
-55.178993
-55.161743
-54.324448
-54.878654
-56.963428
-64.832878
-63.576931
-64.217049
-61.352364
-53.367435
-50.956264
-48.829220
-46.276852
-43.262875
-40.026020
-33.901592
-31.310141
-30.385170
-30.548548
-32.768181
-26.011030
-26.836004
-31.320347
-26.907480
-29.235565
-28.727129
-29.839062
-31.746742
-31.747446
-27.089510
-27.549709
-22.554113
-23.084375
-22.127726
-22.415741
-27.265917
-29.352816
-32.919231
-28.708822
-32.266441
-22.214687
-27.707806
-21.030933
-22.503065
-28.514816
-25.912090
-30.994301
-32.848812
-31.131973
-36.229324
-34.075176
-43.337521
-41.396042
-41.123169
-40.004189
-36.711700
-40.138340
-39.065495
-38.327839
-35.045216
-38.631001
-32.071026
-36.239178
-27.035997
-26.313839
-20.695730
-18.573978
-13.684012
-13.985059
-8.556029
-7.681060
-10.098579
-7.005382
-8.596168
-13.027346
-16.846222
-19.083113
-19.920057
-22.562567
-19.574295
-22.686506
-19.399652
-22.629112
-24.147720
-20.774250
-21.399580
-20.690802
-21.631260
-20.213709
-22.453768
-24.260038
-20.314760
-24.426233
-18.947906
-22.272789
-27.425066
-31.041134
-40.993591
-37.931023
-39.730965
-42.324528
-44.467056
-54.538528
-62.232265
-55.791290
-55.092377
-42.787544
-43.499138
-37.564491
-36.628613
-43.074860
-43.870605
-40.812260
-37.754276
-34.847336
-31.430202
-34.016026
-31.117540
-29.773575
-28.169756
-22.821360
-26.600096
-22.510456
-22.562918
-28.341228
-27.551821
-27.318029
-28.083843
-27.660271
-29.367598
-32.338970
-33.040001
-31.941809
-31.862932
-32.905499
-35.041691
-37.494770
-38.990490
-46.173687
-54.636772
-59.888336
-55.404354
-59.541157
-67.884529
-71.836136
-73.834663
-70.471397
-63.721287
-62.409359
-56.125443
-56.334930
-59.833042
-57.928188
-60.558022
-60.119312
-54.884632
-54.426556
-66.151482
-65.353264
-63.350887
-63.896282
-55.629333
-55.097309
-50.262611
-51.403770
-47.583855
-45.585686
-36.673321
-36.703613
-33.688225
-33.254436
-32.663963
-29.328876
-33.137188
-29.147539
-28.959167
-33.039654
-33.307606
-33.476604
-32.421715
-31.352390
-36.594101
-27.620483
-31.467880
-25.489923
-29.213734
-25.193106
-26.828964
-24.249128
-24.585384
-26.499393
-25.838856
-27.684914
-25.481476
-28.511293
-29.430630
-35.244499
-34.446999
-36.308548
-38.004967
-28.771851
-37.114506
-28.942265
-34.232567
-39.242592
-45.097313
-44.845924
-48.008831
-46.769085
-44.671272
-44.332550
-44.174812
-46.665569
-49.314423
-47.639835
-44.076927
-42.181583
-46.337055
-44.508602
-41.412239
-38.644382
-34.925854
-30.700302
-28.635939
-27.698999
-24.411091
-25.047337
-20.361591
-20.176033
-19.918293
-19.229586
-23.431194
-21.673513
-24.095257
-22.393911
-25.039942
-22.799528
-23.413593
-25.656818
-23.515350
-21.644289
-25.143106
-22.793896
-25.118458
-19.554930
-19.344021
-16.780380
-17.506058
-16.233568
-15.548384
-16.698690
-17.192335
-19.725695
-25.909983
-32.141800
-34.244892
-40.110882
-45.336750
-7.734955
-8.592925
-17.603935
-19.820484
-32.275047
-38.752640
-61.204643
-45.199081
-76.361572
-63.165821
-78.634186
-70.072388
-79.241455
-68.783119
-83.356895
-72.352798
-67.798241
-72.373817
-63.478027
-67.651100
-60.958618
-70.104294
-57.569561
-71.199745
-64.278381
-78.933159
-87.392166
-95.725845
-99.189613
-107.502274
-113.028458
-111.634834
-107.577019
-101.621834
-93.298271
-81.421425
-72.120796
-65.974869
-58.165943
-56.217999
-48.440208
-51.271046
-58.657982
-71.162369
-63.599483
-78.662216
-68.118996
-82.290268
-66.304192
-81.113091
-59.729263
-55.483021
-47.029461
-40.906116
-32.158272
-39.918907
-35.601044
-45.022346
-41.228455
-48.740738
-44.284275
-69.669876
-45.225552
-70.723259
-54.455330
-74.700127
-58.096649
-65.662651
-66.349342
-68.298058
-64.144478
-58.515511
-61.888985
-58.679790
-62.555439
-48.834156
-54.857838
-61.177387
-47.182068
-59.234886
-46.257908
-51.643967
-53.062511
-58.404179
-55.738396
-52.641300
-55.309406
-47.433540
-36.800014
-33.984756
-29.490150
-20.756308
-6.237014
-14.264709
-5.650762
-16.776329
-17.308861
-32.373924
-27.226889
-42.673439
-35.175945
-38.805576
-33.339333
-38.958172
-34.641083
-41.330441
-19.425753
-39.069511
-29.788340
-46.221325
-39.633961
-57.549320
-55.836498
-37.603485
-44.679001
-29.267485
-39.717266
-37.534191
-49.046707
-37.963173
-72.949165
-50.436432
-89.461563
-79.413521
-107.243790
-96.551880
-118.584229
-105.114418
-112.324631
-94.583687
-109.778015
-90.014336
-92.237900
-85.290054
-71.373360
-58.309189
-62.444885
-51.154255
-58.360573
-57.831154
-60.770985
-68.483368
-71.368690
-69.925255
-67.780334
-66.219337
-57.951836
-73.055038
-59.982311
-76.645752
-62.740730
-80.340004
-53.282051
-73.540092
-47.202305
-61.589241
-52.929363
-61.588463
-61.909233
-76.222214
-88.774101
-74.465797
-100.388603
-61.445210
-95.436211
-71.909805
-94.736290
-85.896553
-99.755638
-80.390610
-92.747833
-74.630074
-85.001213
-72.627625
-81.047722
-66.122017
-67.487602
-51.708588
-51.892323
-62.730602
-59.074509
-75.934921
-76.637184
-88.697792
-84.903893
-97.176277
-96.527733
-76.440208
-91.711609
-64.837395
-79.067841
-62.729832
-75.122116
-60.225231
-72.033585
-70.287285
-66.974510
-62.117104
-54.709141
-53.128666
-53.724262
-42.212543
-47.726280
-39.359131
-38.877979
-30.053043
-36.618614
-25.369259
-28.925701
-20.304749
-15.630295
-14.784003
-27.883213
-23.003222
-45.772099
-27.338997
-47.712250
-36.089195
-69.562439
-65.014893
-75.298073
-70.582359
-80.554886
-81.160591
-83.408287
-86.626053
-82.480255
-77.781670
-64.366356
-56.069275
-63.704586
-69.978958
-69.878525
-81.122444
-85.731506
-88.659637
-85.599945
-94.547096
-90.725166
-102.451767
-103.577538
-91.895325
-92.969727
-81.116219
-75.678787
-61.333107
-62.096870
-48.605267
-54.931030
-23.332552
-32.078850
-23.589476
-34.176281
-27.707256
-36.854515
-30.141024
-38.751854
-33.656208
-29.381927
-29.319649
-25.409739
-30.333324
-27.066505
-32.254803
-26.421860
-33.202309
-28.209431
-34.819370
-31.235676
-40.138466
-34.036926
-26.773771
-23.782557
-14.291957
-17.020016
-20.430098
-34.546093
-51.981853
-59.276939
-84.855637
-4.911692
-5.361228
-8.318748
-8.909633
-15.427917
-18.240997
-26.375137
-11.759790
-26.905785
-18.703669
-33.478130
-20.946714
-35.396778
-23.687963
-36.078037
-28.147028
-35.104809
-34.738689
-45.746933
-44.280155
-47.346573
-49.843742
-51.439526
-53.319542
-46.620518
-57.044056
-56.760597
-61.019596
-68.259315
-46.309242
-52.955742
-20.850939
-28.878494
-9.559224
-19.578793
2.930485
-7.093722
4.311533
-2.501033
-4.618954
-2.674820
-10.052785
-12.975548
-13.815920
-17.897280
-14.260049
-26.825449
-20.609177
-30.521385
-30.835749
-41.693382
-34.152439
-35.732765
-31.066702
-30.701353
-16.788116
-23.837038
-7.521633
-23.603001
-10.024978
-28.595791
-10.838316
-14.789914
-9.781672
-7.897788
-18.010822
-8.603766
-9.280385
-11.234558
-15.848877
-12.249496
-13.421225
-21.789404
-25.900896
-36.158367
-27.321333
-41.094772
-40.577259
-41.586788
-40.157837
-42.596321
-44.066956
-42.709862
-31.193371
-28.571848
-17.601450
-20.005157
-10.617411
-14.953662
-7.251293
-10.333167
2.508755
-10.900109
0.334449
-8.518799
-0.929198
-13.351706
-10.181777
-10.510047
-9.977092
-11.329562
-14.557424
-14.714992
-19.820555
-28.301508
-25.577250
-30.670456
-10.774204
-17.770601
3.597841
-1.514678
15.886723
10.365608
11.941304
12.113549
8.692590
8.635432
-1.793514
3.347579
-12.955467
-10.761852
-23.117159
-16.371021
-20.431528
-30.013922
-40.505436
-41.935143
-55.209610
-32.607635
-37.236637
-31.563351
-28.021904
-23.287086
-29.838583
-14.083943
-29.281687
-12.187700
-25.263657
-9.147532
-18.460360
-12.912211
-20.991516
-13.114579
-18.734560
-12.776272
-12.044808
-12.573898
-1.672246
-8.245371
7.664525
-3.838828
10.429717
-14.291716
2.192844
-28.660667
-15.054850
-21.633381
-21.135176
-35.477875
-35.182823
-47.411465
-37.713200
-45.651157
-40.540966
-42.371552
-43.001827
-36.243328
-48.291992
-34.431274
-55.217331
-37.343220
-53.499500
-35.807697
-54.767025
-43.167122
-58.557186
-59.724285
-57.753117
-70.596588
-70.483047
-75.312866
-56.703423
-59.607662
-35.942863
-37.654507
-18.777815
-14.776012
-18.540691
6.912978
-5.789910
9.587028
-9.174566
2.832390
-13.469881
4.740222
-17.860205
3.774721
-3.620238
2.244594
6.044031
-0.335995
-4.469107
-8.322610
-11.725032
-15.786308
-25.557940
-20.311802
-33.329830
-32.332661
-41.409134
-37.930241
-37.576488
-46.876957
-51.692101
-37.763405
-53.540447
-40.423553
-50.659393
-43.368721
-55.695446
-35.262379
-47.922001
-27.145990
-28.537096
-30.739195
-20.963709
-42.093483
-33.862789
-44.158875
-38.518051
-37.024223
-34.795845
-49.944168
-45.867424
-61.727116
-51.011635
-58.305386
-44.872585
-59.199821
-54.704464
-58.701633
-41.619228
-35.960629
-26.377462
-17.902685
-25.340897
-8.677140
-20.211391
-4.917098
-6.800209
1.795056
-3.603246
2.372812
0.833418
6.364577
-3.792483
-0.199281
-12.571587
-7.655256
-13.346301
-11.810765
-17.008251
-19.072872
-19.836777
-21.300478
-12.773951
-14.953663
-6.866636
-8.531929
-1.190269
-2.451598
-6.332907
-9.501291
-4.512360
-8.487132
-6.949280
-15.113554
-21.710619
-28.588840
-22.221178
-0.176422
-0.092653
0.159921
0.535611
4.043736
5.450667
14.022348
10.102364
24.787882
24.863403
30.729738
28.996620
40.175919
26.554642
33.148243
12.916859
12.455497
9.121889
-13.853544
-17.658037
-14.539559
-18.571239
-19.064333
-24.165327
-22.977972
-30.559027
-32.022434
-40.422146
-36.205154
-42.053089
-43.592022
-47.395882
-42.093708
-35.375725
-30.503813
-16.383102
-12.446615
11.621618
12.871165
13.725350
13.738679
6.971830
11.521983
8.781738
15.426744
9.229774
10.796624
0.423919
5.195554
-4.454332
11.350639
6.739563
15.078980
12.821034
11.119009
2.781497
4.946787
-4.157969
1.201952
-7.169828
-0.312228
-18.725449
0.259555
-14.603656
-3.974565
-3.963144
-1.425335
-6.113838
-7.628018
-6.365777
-0.333805
-1.844814
9.834557
4.488599
10.164557
-4.007566
1.280644
-7.499823
-10.604976
-29.843191
-24.551176
-24.216101
-22.453154
-18.148588
-21.384462
-16.690889
-20.355764
-14.983786
-13.510221
-8.158552
-7.374173
-5.403708
1.481815
-0.743763
3.342492
0.821186
-2.530826
-5.468438
0.453112
-3.597607
4.223966
1.701391
-2.503538
-6.308024
-7.339902
-9.961478
-7.282154
-14.121350
-8.949276
-15.417224
-11.109488
-13.845929
-11.400145
-7.588671
-5.612494
-13.589546
-15.773242
-15.652667
-25.483418
-16.939024
-17.127501
-2.141175
-11.648273
-10.158845
-22.432211
-22.019079
-22.028597
-21.477755
-17.173193
-16.395163
-17.207458
-19.335310
-13.199261
-7.988477
15.455936
23.300985
16.317102
22.195496
20.897081
30.292488
24.994131
34.539944
28.889372
32.245186
26.209410
23.469795
25.468813
19.642460
21.132523
16.486542
18.085127
11.869752
17.108463
9.915154
11.153275
4.756403
10.134091
11.805021
20.911678
22.616877
35.100300
34.329884
40.517975
37.752335
42.957413
29.882534
49.782009
18.013416
38.830540
1.888601
15.459108
-14.396142
-15.008533
-18.477953
-17.181442
-15.463551
-18.505873
-21.791885
-21.908653
-30.774160
-32.973724
-33.516312
-34.897224
-36.181038
-37.709812
-32.394318
-34.985439
-11.482005
-18.189840
13.620642
11.047930
19.269945
12.557035
21.460615
10.881663
27.733110
14.771826
21.084929
18.404970
18.471601
8.880101
16.067699
6.132875
13.782466
0.618112
2.925553
-5.076250
0.335710
-5.054038
4.057699
1.374567
0.531171
0.786285
4.489869
-6.412103
2.761824
-3.982815
4.191602
-6.839197
4.119889
-5.103536
8.997504
-16.261890
-1.362509
-6.917255
-7.158404
-5.102904
-4.234117
-4.223333
-1.154993
-11.388086
-12.937804
-16.220009
-15.742146
-30.270281
-35.489948
-31.090199
-33.716850
-30.295040
-31.451283
-33.428734
-26.854179
-28.523834
-24.053644
-27.633476
-13.642218
-22.487423
-8.633877
-19.933750
-5.257748
-6.134143
-2.381692
-4.984229
-0.190383
-1.912081
-1.528141
-2.300461
0.732973
-1.938734
-1.234953
-2.034560
-5.710860
-5.823187
-8.217570
-6.011029
-7.030214
-7.614690
-10.047153
-7.134290
-5.382131
-1.779448
-1.184184
0.568611
-6.017375
-5.366899
-15.018689
-15.813222
-6.068145
-6.702119
-8.753818
-10.250524
-10.310145
-15.493926
-14.979412
-16.280050
-16.705128
-18.263025
-19.177225
-8.371336
-12.048009
7.639312
-5.736935
0.626027
-15.591083
-7.595152
-24.778358
-52.417446
-48.054024
-75.700851
-76.195496
-75.739487
-92.984543
-68.192917
-83.615082
-68.619102
-72.706528
-71.093407
-79.998032
-74.890442
-96.411682
-89.605965
-91.315125
-84.951057
-74.902573
-73.315971
-40.992165
-40.499725
-9.671967
-5.499553
-1.231077
3.737398
15.150548
3.617051
13.301172
-16.932577
-14.065211
-23.145376
-28.467175
-23.284502
-34.047333
-17.654659
-15.724686
-5.085514
2.763579
0.501264
6.208391
15.444237
17.342201
-5.832997
-8.165970
-16.259071
-14.254014
-23.569359
-23.741596
-22.840651
-17.853399
-13.157640
-22.294117
-7.101613
-10.087113
4.626205
10.005406
5.184883
-6.094666
-18.999466
-11.596428
-23.674244
-38.671329
-32.180279
-62.534378
-54.430233
-50.654198
-55.164474
-45.632717
-52.897743
-39.019112
-39.149403
-21.078495
-23.791283
-4.832674
-5.272109
12.813155
-16.142033
-1.702533
-12.941232
-7.380951
-0.484703
-4.662639
-4.050968
-3.601596
-16.921534
-8.690420
-13.275773
5.236777
3.184243
11.974034
11.886808
17.373116
12.844070
4.976210
7.142465
-4.974000
-1.426505
-10.209675
-7.070696
-4.620683
-1.547956
3.844496
-1.557894
-20.793638
-28.271742
-43.293118
-40.819923
-50.888256
-40.367229
-48.485725
-61.419243
-65.010895
-71.876228
-68.853165
-80.938736
-72.145630
-72.882057
-57.412437
-16.235888
-13.727358
-4.837092
9.028281
3.836770
12.545961
10.087117
12.263309
16.919327
15.750079
21.107201
19.065706
-5.224633
10.012036
-7.393099
-2.995437
-8.014709
-12.734768
-16.114433
-21.397583
-11.859208
-16.554968
-17.279259
-23.770304
-24.288136
-28.258497
-27.873163
-21.828180
-20.683218
-13.146593
-6.006342
-4.335822
-9.048155
-19.209249
-9.360615
-60.285309
-55.333397
-96.748428
-96.132324
-103.985863
-110.129089
-112.378159
-114.778488
-59.289417
-70.999557
-48.905281
-66.061996
-71.919281
-85.575974
-83.866806
-91.170479
-79.363174
-76.392021
-65.019722
-37.414856
-15.569001
-4.968480
-1.341490
-0.048579
6.230472
2.711686
-5.750180
6.354132
3.659004
0.126970
-0.517823
7.566441
-5.322898
5.794350
-3.991344
-1.203478
5.455392
-5.522739
6.038358
-6.329843
3.461377
3.833457
6.472276
-11.798477
-11.944222
-1.730128
-7.942942
-6.175267
-4.371154
5.178255
10.917408
0.017666
0.786130
-11.371194
-5.469739
-13.556220
-23.713997
-3.161054
-15.224528
-11.375612
-11.564412
-27.852190
-19.029278
-41.894215
-39.531425
-80.234314
-65.993546
-68.572731
-58.207386
-60.732475
-61.679810
-55.538757
-59.567642
-56.964157
-49.292835
-46.948803
-44.990120
-42.798481
-18.344727
-19.604513
-1.077607
6.043879
0.142427
4.790717
-1.844962
6.171957
-0.718773
1.538019
-11.804003
9.684118
6.394984
9.889482
20.798054
15.412219
20.678806
16.489828
10.693269
8.772123
1.839441
4.489296
-1.630764
0.035332
-0.272715
1.394486
-2.573672
0.007727
-2.638813
2.800008
-30.638947
-32.446373
-42.308254
-14.622124
-15.310100
-25.377895
-26.212418
-34.133793
-39.577938
-55.733955
-28.907280
-44.045383
-25.120781
-6.612997
0.316786
12.124699
11.296321
26.716990
10.609221
14.378175
17.954071
12.513444
12.680171
18.874586
14.969621
27.955166
22.003822
30.592995
32.907898
33.875801
30.865023
30.184956
-2.984445
-1.195184
-13.652466
-18.039188
-19.036928
-19.729294
-20.482208
-19.032543
-7.245687
-6.611240
-6.050503
-2.397386
-0.552839
-15.254814
-13.640178
-27.104851
-26.550259
-29.472403
-25.251530
-24.875948
-22.300430
-6.679686
-6.010138
1.355766
4.166468
6.325170
14.233384
8.199551
18.792978
-1.928789
8.819080
-5.205454
-12.610847
-4.827242
-12.295822
-10.220482
-7.143017
-21.319359
-7.202689
-37.126144
-15.498768
-35.479912
9.371920
2.378080
22.365362
16.440344
28.465012
26.150110
22.245144
36.776886
14.597553
19.574850
10.513574
-0.372068
0.589694
-6.305861
1.120595
-1.498806
1.752409
0.058795
1.726083
1.014413
5.784616
-2.771210
-2.267513
-7.716038
-3.921639
-14.314116
-11.807917
-7.158812
-6.497162
-2.222758
-4.706141
-1.121470
6.365533
5.486259
6.092623
1.985830
4.509577
-1.133756
6.978043
4.652614
16.443857
16.698338
18.631516
23.458759
23.731663
28.637880
25.975485
30.552631
27.365475
7.301849
16.710621
0.509838
9.310492
12.744230
18.470047
-23.619339
-31.022978
-45.154572
-33.620438
-42.524651
-32.809620
-28.584352
-31.073875
-9.835255
-17.293295
-15.234632
-23.554401
-25.331385
-29.281109
-27.718239
-24.872442
-29.947142
-23.514917
-25.721878
-20.560303
-32.266430
-21.858160
-28.142084
-19.649439
-20.234743
-14.854667
-17.483717
-17.642551
-26.864412
-34.271557
-42.799301
-45.095776
-53.562973
-62.967361
-79.885948
-61.382568
-84.364822
-29.107357
-46.987709
-6.810433
-20.749844
11.686820
6.263740
11.177856
3.825111
12.871469
-5.144025
23.732546
-2.715924
5.153674
4.231399
33.001785
31.474907
44.194569
39.339241
9.179749
-2.043744
-14.271122
-21.376398
-16.346455
-23.868557
-27.712976
-24.503883
-21.327259
-12.609093
-21.573845
-15.290794
-18.371771
-18.463032
-19.896025
-16.189375
-15.949813
-4.928154
-6.670912
2.057784
-10.950578
2.576401
-10.239787
-3.245070
-7.662508
-6.443633
-4.764937
-4.972032
-0.442270
-3.048506
0.578286
-25.344547
-19.126438
-16.381552
-27.123283
-10.860191
-21.216692
-19.610832
-28.110497
-20.902542
-26.612566
-23.893131
-32.964054
-19.466043
-29.962940
33.038651
20.887619
43.481144
30.080521
34.129406
32.708698
26.020235
20.942026
-2.457935
16.972126
5.481874
12.487119
2.727333
-2.002503
3.392494
-7.544921
1.646230
-3.499552
3.174870
0.186034
2.763311
6.256722
3.978678
6.569118
6.710400
4.342851
6.711278
3.767195
3.069566
2.211353
-0.680956
-0.562491
0.695873
-3.612751
-3.481123
3.968149
3.281926
5.296715
7.650225
7.606349
11.506927
10.486369
9.721173
12.854798
13.284784
13.841131
14.738835
20.455881
21.424664
27.432171
30.964190
3.955861
13.176848
-2.077093
10.517134
12.115610
23.892120
27.546209
40.249989
45.108437
57.726200
65.207436
78.157288
81.552299
38.036331
40.036926
-0.465141
1.778531
-33.985134
-37.010040
-44.045132
-60.083904
-73.782990
-89.953812
-80.606033
-95.932587
-87.974213
-100.371933
-95.022316
-103.466835
-109.486641
-112.852638
-114.594162
-72.417580
-75.906639
-40.391041
-35.048454
-9.634872
-5.095517
23.473993
26.986050
53.112823
51.169250
51.606373
55.460526
22.519709
24.428278
1.074321
9.054695
-13.249949
-1.704507
-22.224621
-12.114614
-34.376251
-32.493683
-30.243015
-26.459888
-20.944241
-21.224327
-23.803095
-20.838211
-27.403168
-27.433178
-33.296925
-38.676529
-53.510952
-32.959827
-30.651131
-8.458519
-5.621676
6.552954
8.837633
-2.286685
4.248265
23.037863
-12.699785
2.136638
-36.372841
-22.933836
-51.995499
-53.561958
-80.673058
-51.332294
-74.906319
-68.479416
-74.090088
-68.086296
-47.684208
-47.071033
-32.170589
-28.582518
-15.150516
-21.676460
-9.985975
-16.533926
1.020306
-5.200551
-0.179053
-0.039012
2.726811
-20.028969
-19.077684
-9.313776
-9.159730
-2.684800
-3.234964
-2.856853
-10.654176
-16.085796
-18.175415
-5.429616
-10.640170
-10.172030
-18.552526
-16.627956
-22.847809
-25.778683
-18.337463
-23.813099
-17.921341
-23.685055
-25.121490
-36.767960
-31.981529
-50.301994
-57.384098
-60.856140
-62.247551
-109.886757
-103.072708
-88.357338
-70.482010
-43.219879
-46.623898
-7.072105
-8.776613
14.662370
20.019964
51.095226
52.724709
55.301476
55.552551
58.158337
53.078823
57.009991
51.853455
58.381390
50.176949
53.848034
48.951588
48.995598
45.073425
42.198566
37.173084
32.379654
27.651243
30.515085
27.997343
33.993130
35.065453
41.734432
43.419937
48.975586
51.129234
57.826237
64.695282
72.314545
16.730986
24.655354
-40.391045
-21.780491
-70.922142
-67.161018
-72.045479
-67.992264
-91.709335
-81.858406
-87.389053
-77.249031
-67.486107
-78.533409
-72.582634
-83.768982
-91.465256
-101.477242
-63.412903
-70.759087
-35.773670
-44.067142
-13.595052
-17.583239
23.156904
19.513817
55.913658
55.061405
60.794117
58.532433
60.684086
61.457306
63.315868
69.686752
68.254349
72.306534
68.070290
33.269917
41.348316
20.843214
26.851000
9.453825
10.972274
-4.478334
-7.238157
-25.899715
-32.474678
-29.982935
-33.423962
-43.820061
-43.784050
-53.945076
-41.665417
-50.058926
-40.332024
-52.438629
-40.742146
-39.637817
-29.028654
-24.172207
-16.398888
-10.116017
-1.668498
-53.629982
-44.989407
-75.804604
-68.594444
-98.795456
-92.867676
-114.932243
-115.459419
-138.466278
-118.986473
-114.691185
-108.501350
-105.520447
-98.519371
-109.997787
-64.977371
-77.103966
-36.141773
-44.034119
-23.271935
-29.363749
-11.757504
-13.560040
-1.091329
3.399014
1.584472
6.671990
6.324880
12.389691
6.266858
11.988572
1.436427
2.499746
-0.643190
-0.624182
-5.782729
-4.150238
-6.226854
-3.631083
-5.836740
-5.072512
-10.615165
-8.949668
-16.543934
-12.876839
-11.980571
-8.535542
-16.384882
-14.368279
-29.348743
-34.908405
-54.326199
-61.029194
-74.126099
-0.469605
-0.139640
-0.071372
1.074713
2.109088
2.327340
0.336172
8.883200
11.021247
15.336652
12.255259
9.795517
9.633117
3.130008
1.574315
-13.958864
-13.219292
-15.850735
-24.449484
-28.607660
-31.551495
-35.397293
-45.351059
-46.899513
-45.377968
-32.176254
-40.781204
-23.175137
-30.463331
-16.030716
-20.078218
-0.998168
-4.159216
17.275066
13.212051
11.502230
11.898399
5.401497
5.056017
6.852724
8.290503
-0.444780
-5.198762
-12.485920
-15.178391
-22.313499
-17.811911
-30.456089
-17.927761
-36.341675
-16.904768
-10.333392
-11.501197
-6.479315
-8.527374
3.246898
-4.035090
1.088160
-9.959981
-4.668128
-19.653091
-32.244522
-28.941767
-27.463644
-22.918612
-20.765045
-23.615776
-24.237438
-28.789711
-24.058491
-11.578776
4.187142
-7.206479
-0.619589
-7.748492
-9.678631
-20.941919
-19.980989
-3.690648
-4.772593
-7.633674
-12.502468
-21.235682
-10.455447
-22.717943
-8.152930
-25.135275
-11.958391
-9.813101
-2.489736
-8.730110
2.316996
-0.987827
-2.350096
-4.964992
-6.261062
-16.287241
-16.179668
-19.664471
-19.920998
-23.611641
-25.773479
-32.479324
-22.275229
-31.812153
-24.178474
-22.456245
-7.603678
-16.111399
-4.203694
-8.688737
6.610679
6.264163
-1.589832
-0.632002
-1.449157
-4.514006
-12.563496
-18.264957
-18.719051
-31.745953
-40.755348
-34.802528
-37.873581
-39.906120
-39.634079
-39.950600
-37.875641
-14.332278
-11.105031
-5.989025
-1.912554
-15.285965
-7.802279
-10.102722
-10.244434
-1.336408
-0.158261
6.007640
6.485521
5.929028
7.339915
11.878741
6.812385
10.501990
9.433485
-6.004536
-0.343412
-11.021250
-5.078773
-11.352246
-8.121898
-14.969450
-10.083067
-22.149035
-14.100577
-8.111556
-5.305297
-4.321611
-4.668127
-9.167648
-7.966743
-6.869274
-21.392908
-10.761621
-36.773010
-11.834264
-34.329811
-19.253826
-39.074493
-33.435089
-40.478119
-35.992050
-41.939697
-38.726929
-40.705696
-43.525406
-24.315016
-31.074652
-15.484573
-20.440248
-8.884225
-15.230111
-1.320894
-5.438728
12.878981
13.006216
3.803390
8.095005
1.394333
2.838319
4.720881
3.526177
7.686428
9.833787
12.342143
15.870392
13.606144
15.661448
13.658904
4.883277
-4.271962
-9.573126
-13.262733
-22.165586
-25.971045
-38.181824
-37.879784
-46.484734
-48.158356
-47.011230
-48.160416
-59.805389
-53.282639
-47.321541
-51.806587
-41.423553
-42.409309
-58.943771
-57.407730
-60.447746
-58.716202
-51.446617
-52.655807
-50.703949
-42.492043
-46.398888
-34.826317
-40.258842
-30.926729
-22.949640
-15.235282
-19.054190
-22.782070
-27.099550
-18.359089
-22.771729
-22.411768
-24.926327
-28.652140
-24.686352
-27.973598
-25.833477
-28.780403
-23.909538
-11.226051
-9.845166
-9.252468
-2.434915
1.937382
1.833942
-1.932211
-1.653960
-1.213319
0.045511
-2.331479
0.307210
-5.760427
-13.502709
-17.542973
-24.333632
-13.101373
-21.730116
-11.859090
-19.362434
-7.965709
-15.676961
-4.051641
-6.744114
8.316360
7.247852
2.604553
-0.107576
-3.507561
-7.500242
-13.031034
-19.779287
-25.460064
-37.603607
-33.040985
3.610644
3.838881
5.931369
5.588077
6.734878
8.488756
12.845847
-2.855770
4.623682
-4.732184
11.988080
10.908629
24.091219
31.511745
43.484875
59.409100
58.719730
64.641754
68.390831
70.650757
72.886353
69.274773
81.860588
74.178146
90.566345
74.280098
74.030357
56.493481
66.161774
42.914276
48.608051
23.469177
26.396992
-1.021459
-2.209413
-6.051101
-7.841457
-9.165046
-9.326867
-8.441052
-16.221701
3.331891
6.011814
17.034569
26.027502
31.492107
41.302578
41.161331
44.607346
38.218571
28.059185
30.089008
21.805101
17.983992
14.233978
7.695535
8.249291
5.453380
8.259581
12.230350
18.543367
22.071695
10.782355
11.190186
13.357512
2.738852
17.506947
-1.175790
22.800371
-3.881902
18.681807
20.662983
26.458717
28.134954
21.290638
25.804874
11.189254
21.236380
16.140326
23.364418
13.523078
25.280117
19.069057
14.386452
16.198318
11.279993
15.436904
8.390535
1.886702
2.927802
-2.649987
11.951603
8.528041
2.865129
-1.377845
-4.894947
7.333535
6.348559
-0.360129
0.656649
0.044898
7.671216
5.282203
6.124064
1.969951
-0.117862
21.975348
11.880509
15.029073
1.236598
3.570424
-11.796328
-8.886298
-6.192348
-4.828536
-5.773287
-5.028708
-7.093135
-9.746868
-2.727627
4.667643
11.859001
13.547400
26.234222
33.908245
51.761288
50.896980
80.761482
59.656067
58.749657
44.074169
38.791965
13.128334
12.414627
4.983810
6.919162
5.006264
3.067183
9.122024
0.160892
7.910680
1.242214
12.659699
1.636958
8.074377
4.108275
1.661267
-3.890330
-2.388072
-2.995149
0.239463
4.633041
7.162357
17.262804
25.265150
39.797520
32.756775
36.793018
31.867207
42.152866
41.875984
38.603954
49.130016
49.727734
51.219685
54.929478
54.153099
64.794220
60.755150
67.882919
71.012756
47.276043
61.539963
43.818802
57.561703
68.103653
65.477043
83.239365
82.334839
72.795616
68.261734
50.720188
51.041973
33.216049
33.015873
6.940667
6.281207
2.608826
2.941828
0.646369
4.346805
-5.186800
6.116577
-7.935929
8.823628
-9.353060
3.388018
-5.965051
-12.129329
-18.566757
-1.886704
-8.472854
0.412510
-0.411574
9.846952
8.687056
14.651168
9.733771
0.937269
-4.858467
1.409648
1.754808
14.097409
7.281149
17.930683
8.624389
20.211185
11.244441
19.195337
3.213091
18.831465
-5.333653
23.005222
4.143821
13.454791
5.553463
9.746866
-0.078574
28.725193
19.467541
34.082230
28.216335
33.188927
31.651125
38.332687
28.460476
33.951275
21.104492
27.709349
23.700230
25.684206
11.869294
12.405275
6.115643
7.812459
-8.764696
-5.104479
-8.714186
-7.709569
8.879748
1.366619
2.707983
-3.812692
0.043965
-1.662205
-0.320843
0.549081
2.251506
10.524183
13.428603
20.332787
21.961315
27.600840
25.434458
26.513906
18.487246
17.348860
8.835786
14.246140
0.274070
4.476823
5.850924
7.444846
2.517164
2.296407
-4.900559
-6.674077
9.192170
8.509329
24.773130
-6.042465
-6.580250
-13.119407
-14.850186
-21.546684
-23.291546
-36.240692
-38.818081
-57.186192
-59.551048
-62.793011
-63.113567
-72.156136
-77.651405
-82.766266
-76.143745
-103.247940
-96.787453
-111.657600
-107.999962
-116.089073
-118.088753
-116.483597
-116.572830
-118.891907
-109.349106
-101.958664
-106.201080
-108.826607
-103.305481
-104.059319
-92.135246
-91.381401
-83.389771
-78.188042
-63.348415
-62.737835
-42.910191
-41.575111
-38.232143
-43.658161
-31.762274
-25.459137
-21.520847
-35.186260
-26.763676
-40.063915
-36.159672
-42.382973
-44.333324
-56.512192
-44.136063
-56.021374
-47.109154
-52.071342
-35.840286
-47.212479
-32.348206
-46.546703
-33.534153
-46.712269
-30.812336
-61.738586
-54.098019
-60.643055
-74.293190
-69.403809
-68.685196
-60.542065
-57.938854
-45.448822
-34.815212
-53.562592
-52.988400
-71.612480
-60.070026
-82.806190
-77.463562
-89.723442
-78.286667
-81.821030
-70.087196
-63.699505
-70.314980
-70.781151
-66.821716
-54.080410
-42.427593
-40.791916
-28.601311
-33.636307
-9.695420
-22.900541
-16.543390
-29.048685
-29.709763
-25.378119
-27.624372
-45.740025
-43.430363
-53.804478
-48.919773
-52.784092
-45.202244
-51.654507
-45.211639
-44.181850
-32.260139
-36.908821
-29.366894
-34.399544
-33.535328
-38.435284
-36.805496
-38.691265
-37.985565
-34.296215
-45.378372
-53.050632
-68.042900
-67.269089
-88.727715
-78.215042
-96.458679
-74.921387
-97.659904
-70.062531
-88.106552
-60.066502
-80.033882
-67.884369
-67.242081
-66.094887
-80.907486
-65.648697
-75.205559
-54.000565
-66.327370
-45.233936
-58.698563
-49.761677
-65.500740
-53.081161
-60.747559
-51.935143
-53.899590
-59.908001
-52.024376
-52.777042
-45.460567
-44.429604
-41.132439
-49.000793
-45.299709
-51.668587
-44.252304
-55.186504
-63.048996
-75.362900
-81.549789
-93.626511
-113.779396
-124.241570
-116.636246
-112.477196
-124.472908
-102.319138
-128.200989
-104.749756
-147.450928
-121.333054
-164.023682
-131.876251
-155.501266
-141.915726
-147.313568
-150.220886
-145.000366
-146.210968
-139.970062
-147.724518
-128.048340
-134.225830
-115.768494
-118.943550
-103.737572
-102.020882
-80.076164
-69.861740
-53.236156
-37.053249
-44.652710
-30.475346
-38.800468
-26.513577
-43.941147
-31.744669
-43.430359
-45.882103
-55.080830
-36.292362
-45.300865
-38.312000
-43.795536
-43.128597
-50.221970
-44.517677
-52.314407
-50.702217
-56.616695
-47.665726
-49.099434
-50.182049
-59.389004
-45.715366
-63.781704
-53.070595
-74.667763
-46.660599
-71.711128
-65.132034
-80.415489
-61.329971
-79.298828
-72.763199
-74.826286
-87.547630
-89.560211
-83.446121
-79.289436
-80.436646
-66.807632
-86.790276
-75.288925
-93.203766
-89.750450
-87.405556
-72.737381
-71.911896
-65.016968
-60.829758
-84.389030
-75.892456
-77.006775
-63.331978
-72.621124
-63.962524
-67.839760
-55.191227
-62.116669
-48.054390
-56.498096
-45.830452
-54.706257
-47.989807
-60.574940
-48.770649
-56.796352
-44.349770
-44.858192
-44.004543
-38.651344
-36.200775
-29.833052
-28.007160
-28.101099
-31.566179
-35.847336
-35.121677
-40.747299
-36.749134
-34.878620
-32.753304
-36.773792
-39.394619
-49.814518
-59.428917
-62.980892
-82.341209
-76.623993
-2.305271
-2.290330
-4.364363
-4.778459
-7.900534
-10.624170
-13.570504
-9.719138
-13.403307
-11.217577
-19.141571
-14.811375
-17.408367
-19.507996
-19.334394
-18.084995
-35.072853
-25.625509
-42.341576
-34.966843
-36.191338
-33.054317
-31.464106
-29.126823
-24.582443
-15.605409
-17.058296
-6.843246
-11.431017
-2.680944
-10.071334
-0.572049
-4.922181
1.916790
-3.028161
0.745653
-2.341558
-0.733557
-3.589539
-8.012244
-9.423153
-1.294934
-16.017366
-1.817896
-25.804811
-6.862453
-22.135588
-9.590357
-14.499727
-8.539467
-5.173344
-5.435887
5.191841
5.891961
3.878406
13.884282
12.369488
20.623642
10.460526
16.284182
11.941875
13.302271
2.750671
5.563958
-1.400237
7.410310
-1.502694
5.697007
0.289581
2.009287
4.303886
1.442930
3.968054
0.842420
3.085789
-1.410912
-3.178287
-11.826613
-1.575979
-10.489699
-1.519772
-3.223823
0.345790
-5.311373
-3.860620
-3.995094
-3.126348
-6.062722
0.534339
-0.128782
3.692703
4.278982
-2.317367
-1.115638
-4.044898
-4.801228
2.680234
-1.894022
-1.482064
-4.665329
-5.881290
-6.422741
-14.781486
3.139866
-10.138215
4.863126
-5.929672
10.199401
6.717307
14.573015
12.333201
18.019539
19.716475
11.352750
16.595110
10.108330
9.586087
7.688508
12.960036
10.834061
-3.283587
-9.703486
-9.796689
-19.364277
-2.006440
-11.279468
-0.112416
-6.591368
-0.568491
2.380690
-0.026326
-4.318117
-4.151624
-4.653234
-0.959819
-6.869567
-2.907919
-8.755765
-5.045983
-3.751045
-6.022165
-1.538980
-3.652857
1.760261
1.731801
6.312460
-12.106237
5.164092
-8.400725
6.153086
-2.978357
7.924014
-7.918326
1.163309
-10.361627
-8.153121
-7.307142
-7.466516
-6.266926
-7.828679
-5.296427
4.692365
3.614446
-4.106085
2.443300
-2.968391
1.595902
1.804372
1.559623
-9.732659
-18.912476
-25.737932
-39.076481
-31.858282
-41.876247
-44.429836
-41.346184
-21.220594
-20.998606
-7.921170
-1.716146
4.412747
5.460790
6.428433
6.999060
3.606609
4.556468
-6.355862
-0.445400
-4.836794
-7.022539
-9.196896
-13.818820
-12.726665
-18.917454
-16.763733
-21.476021
-16.809269
-19.125925
-16.864059
-9.808073
-16.747372
-9.006923
-10.176636
-3.235915
-6.210713
5.948172
3.664955
10.170940
9.567586
9.380461
13.920566
-1.268612
7.253067
13.974640
8.688167
17.981827
15.932696
23.594172
25.622662
18.916748
19.180002
18.628586
19.423330
22.293539
24.038145
20.396673
20.171835
10.558002
13.176331
10.400048
14.316875
3.760295
2.212065
-11.175585
4.428394
-4.942815
4.315989
-1.531155
1.255098
11.243178
-5.370428
6.333805
-11.307216
-2.733598
-10.748686
-2.411285
-5.640802
-2.658889
-3.445100
-3.217421
-0.263257
-5.568938
0.418366
-3.906153
-3.793028
-9.372636
-7.563996
-11.328561
-12.723822
-15.974678
-0.227684
-3.985132
7.004755
0.939895
9.877805
1.452889
7.836499
6.248424
10.323915
8.656863
4.701614
2.981199
7.484306
5.782390
8.353765
5.910461
-6.288979
-9.833689
-11.347769
-17.449642
-17.899309
-26.328148
-25.527481
-26.511240
-28.385792
-30.751745
-13.262261
-7.430850
5.387435
61.010197
63.059296
95.847809
93.067307
111.613586
109.468674
84.660271
87.405701
65.950813
64.618896
51.747478
40.907158
51.326294
39.505032
42.746605
39.413952
43.575741
32.645279
37.633331
-6.541008
1.633597
-16.616718
-14.249814
-13.526931
-18.621241
1.302514
-3.166624
10.904844
9.388886
12.715834
19.735912
22.017437
12.397086
19.172415
3.554622
3.130577
4.574437
-6.753506
6.154903
-1.334764
0.745646
11.207463
4.447318
12.765162
8.420300
8.602444
14.457569
8.306461
-8.139498
0.202068
-7.363498
-3.519529
0.375670
8.524654
11.460756
1.858422
6.705129
-8.473430
-15.473585
-17.414543
-11.060424
34.614693
34.039799
48.190956
33.395664
46.271820
29.310734
25.330160
26.370832
21.421686
11.587873
7.595910
-1.732254
4.173153
-4.138050
2.265401
3.366793
8.103453
2.198994
13.420688
6.807581
16.556007
-8.341564
1.572878
-4.913108
1.857476
-1.380300
-0.328236
7.805571
11.582184
8.136653
9.211486
0.919249
11.043347
8.599597
12.996637
12.751884
19.797579
16.795071
14.946132
15.386311
12.145690
11.518626
10.370746
9.501774
16.394735
14.269738
14.785809
4.095365
13.026993
3.273823
11.226439
5.968965
23.653883
29.806883
41.943085
-4.937773
2.274888
-9.971358
-18.477987
-17.592894
-15.765774
-19.631565
-9.253224
0.354798
-1.882138
13.618955
20.845846
26.320560
32.090305
28.768103
27.223684
31.598902
25.869949
32.457436
30.911123
17.826263
26.137470
19.272018
18.448584
15.323699
8.860480
-0.335824
-1.748381
-7.545637
-2.786215
-2.659093
-6.485035
-15.239269
-17.272245
-31.634947
-0.201117
-8.385198
52.460876
57.629173
64.561035
91.494423
78.881027
106.976555
52.723648
86.763466
34.669712
62.167549
18.354664
33.949677
17.076818
11.865834
30.921555
22.262190
33.810242
20.960627
-10.997803
-15.971635
-36.354534
-36.716911
-41.130077
-32.803688
-26.096674
-7.300885
4.878007
2.492130
11.849708
12.195968
19.046242
28.816481
17.764597
37.656094
34.267487
35.410614
41.186050
31.799070
30.816261
27.760626
35.479870
26.420176
32.521950
20.863873
21.582956
9.923928
5.134145
7.315113
6.282024
-17.938202
-16.708744
-4.780292
-14.593230
-4.535542
-0.225776
-6.804739
2.391572
-14.845572
-19.521523
-17.413595
-16.782730
-31.765858
-17.879387
8.227723
23.450863
29.490980
39.947109
45.434158
47.016521
36.985394
33.367203
18.492218
27.050076
22.435799
30.427303
21.382788
25.092997
17.954334
8.201160
5.562940
9.138436
8.499040
-7.461207
4.241456
1.198158
9.693403
13.655951
9.116620
13.008020
11.348816
15.647190
16.517113
7.687936
10.361262
-4.968130
10.959864
8.142345
18.288261
21.710077
23.876812
22.674862
19.290989
13.052608
9.786372
8.138551
10.494074
9.932464
11.319405
12.112485
13.497529
2.735935
6.070471
-1.727509
0.903123
0.759877
-2.171482
17.072077
-4.839775
-5.281374
-12.407171
-13.506222
-22.704958
-25.692785
-33.534256
-33.009483
-48.764091
-41.972172
-52.248974
-43.380146
-49.060738
-56.876465
-50.388710
-45.407150
-42.584866
-42.480705
-43.853031
-43.209045
-42.595554
-41.793556
-44.704159
-41.530979
-41.176899
-44.965157
-44.597221
-39.780418
-39.609322
-45.098621
-40.176064
-35.112133
-34.396461
-30.856932
-30.011356
-29.402622
-29.151918
-27.220364
-26.393803
-26.147459
-26.850058
-15.308267
-25.637341
-24.661465
-30.883066
-32.401138
-36.800102
-35.417877
-33.359985
-33.746140
-37.529644
-33.552074
-27.006897
-23.003187
-22.904572
-22.015429
-21.575020
-23.367163
-18.438274
-20.152788
-28.330900
-22.459803
-27.337206
-26.674606
-24.761665
-27.757019
-38.722546
-40.123795
-34.352097
-32.582932
-30.640686
-31.155951
-34.824993
-36.795753
-33.424942
-27.108282
-27.681374
-31.345264
-30.304831
-29.206575
-22.162762
-21.181341
-23.347357
-25.979134
-26.370438
-20.397152
-15.404108
-16.069479
-12.555691
-14.837753
-13.306607
-8.958336
-6.965791
-10.285908
-8.802686
-16.159777
-9.232405
-13.001648
-25.537533
-24.836912
-28.581995
-27.483343
-25.233366
-22.898630
-30.798313
-24.773546
-16.922577
-18.565010
-17.896473
-13.934353
-17.222387
-15.263509
-16.518208
-11.958046
-13.390966
-12.368357
-15.573222
-13.366014
-14.016336
-27.409286
-40.098839
-37.909061
-45.554474
-37.547462
-44.341366
-53.668827
-43.900555
-52.882656
-41.301651
-39.436241
-37.856773
-35.650764
-37.500732
-34.045166
-31.820921
-33.288307
-34.679638
-34.012688
-33.130672
-26.075771
-23.365973
-25.483673
-24.503834
-22.571093
-22.523964
-21.074013
-24.788597
-19.363855
-27.576817
-28.376055
-29.141222
-30.622066
-36.838524
-36.086815
-38.945526
-42.984486
-41.696911
-45.493092
-47.992977
-52.157486
-54.980949
-55.813061
-67.019005
-58.235329
-67.819016
-49.926510
-61.900002
-55.698204
-56.270100
-59.295559
-53.258907
-51.654099
-50.579208
-43.740154
-47.775944
-52.765030
-51.399834
-49.319363
-49.175602
-45.714874
-46.724030
-46.226192
-51.936886
-43.998779
-43.315987
-30.869600
-33.178200
-29.120237
-32.155991
-30.087002
-32.810665
-30.453348
-32.444714
-29.618866
-31.395569
-28.796263
-33.712872
-30.236311
-33.547321
-34.973507
-20.468050
-22.864569
-17.841421
-24.078474
-21.117577
-19.388012
-14.531601
-17.333677
-16.155817
-11.481595
-10.532253
-10.143723
-18.166979
-14.504272
-20.929451
-16.692471
-26.878965
-29.428762
-19.830008
-19.328207
-19.918722
-24.517696
-34.584587
-33.157604
-29.374498
-29.732929
-36.910610
-41.013725
-37.706680
-35.546204
-35.881657
-32.205887
-35.053123
-37.052792
-35.622646
-33.050274
-32.176971
-24.426212
-25.259111
-31.622501
-26.055573
-29.770952
-31.218527
-27.778803
-25.338717
-24.775925
-22.882391
-28.971321
-33.570290
-28.289316
-24.588593
-24.672550
-26.259539
-28.244562
-28.112280
-29.103207
-28.971710
-27.621965
-25.922499
-26.160126
-30.341269
-32.912846
-30.283842
-20.878363
-17.731319
-19.641483
-16.099974
-13.989009
-15.152220
-13.082839
-11.634866
-9.577367
-8.213757
-6.684196
-6.938463
-11.574664
-15.872245
-34.118034
-35.424221
-49.265896
-2.118156
-2.479434
-5.260850
-6.418042
-9.190901
-9.543009
-10.369487
-20.765871
-20.550081
-25.505281
-17.363369
-20.564142
-15.121124
-16.509386
-8.418825
-15.077115
-11.213081
-11.821934
-13.855112
-15.892582
-12.575058
-19.142258
-15.192039
-25.942362
-27.712690
-35.886387
-42.632080
-44.615753
-48.575146
-50.412712
-56.584396
-53.739410
-52.981396
-52.288792
-50.227486
-39.329838
-37.635315
-24.190985
-23.218407
-24.323637
-28.174828
-31.237440
-19.128809
-26.199104
-6.281724
-11.281545
-1.081392
-11.072485
-0.509824
-11.623874
4.592086
1.972055
8.589378
5.647804
3.437953
-9.903064
-5.020000
-11.262599
-13.106279
-14.546505
-11.845778
-22.220154
-22.810673
-33.199112
-31.291853
-37.160946
-34.301281
-41.591644
-28.022614
-36.923149
-24.884197
-19.813461
-12.034057
-17.811457
-22.264780
-19.512697
-22.977552
-18.903244
-33.765785
-30.720892
-29.076498
-21.815474
-25.353682
-29.165134
-29.188976
-29.472012
-33.765167
-30.383461
-23.545452
-18.726572
-18.606146
-11.461269
-5.499258
-9.286263
-6.273776
-11.615317
-7.168720
-15.795389
-10.595057
-20.911972
-13.168629
-17.057724
-22.747704
-21.704216
-27.949871
-21.824642
-17.464237
-21.245132
-19.777399
-22.577766
-20.706575
-26.661249
-28.624136
-23.690331
-28.484758
-31.131081
-37.703777
-38.847523
-52.871361
-40.957123
-34.617939
-20.838003
-34.488335
-29.586935
-45.077278
-30.775305
-44.896343
-25.508341
-20.064711
-22.125406
-36.627281
-35.746399
-39.204521
-39.898964
-34.295170
-28.457258
-28.563007
-24.502750
-20.630781
-20.342239
-24.497246
-21.721334
-24.620729
-21.314819
-21.004890
-19.499258
-18.997992
-23.259970
-24.318747
-26.666142
-26.775560
-31.457516
-23.616974
-31.871363
-25.837212
-30.286255
-22.627886
-23.355946
-15.171862
-16.025240
-8.951882
-20.940702
-19.955891
-8.107062
-13.345909
-15.726312
-5.973623
-11.465551
-3.613393
-16.978260
-7.358830
-26.053617
-14.594184
-35.496376
-23.351061
-23.676888
-30.333338
-23.666494
-28.708492
-30.919569
-38.996067
-40.973621
-43.928654
-45.669029
-50.977558
-56.336208
-64.364433
-40.625179
-57.552696
-28.060516
-34.692509
-24.589554
-32.359791
-22.779493
-34.635658
-29.352804
-36.423103
-33.655746
-36.768494
-39.285828
-38.977722
-29.771547
-36.137009
-25.049257
-29.299625
-23.126106
-26.995024
-19.293863
-22.696362
-14.922454
-13.935816
-15.801504
-1.565540
-9.496550
-15.936601
-11.144616
-13.275610
-7.932844
-21.727444
-12.829358
-23.885340
-6.216310
-33.765785
-15.231767
-29.320406
-21.901667
-36.717751
-23.580299
-26.849531
-21.366169
-23.876778
-29.898083
-26.474194
-26.326870
-21.242685
-44.319279
-29.998343
-43.520309
-31.837742
-44.719059
-45.131069
-44.196396
-44.317444
-43.833904
-46.086540
-37.144436
-44.079021
-30.194563
-40.847084
-19.866650
-21.979914
-15.841846
-20.981049
-15.777051
-19.018776
-20.827614
-22.941492
-23.047243
-19.824469
-20.527458
-20.157011
-19.354994
-19.259014
-15.638284
-18.103046
-16.905510
-20.735304
-19.349487
-17.729538
-18.568857
-16.100426
-15.006808
-15.293511
-22.476288
-25.532793
-34.582485
-42.416294
-16.959915
-23.355949
-25.096930
-6.728568
-7.193367
-14.628389
-15.943424
-27.501141
-31.212780
-45.447903
-41.644806
-58.445583
-60.279507
-64.766655
-64.748856
-65.448181
-62.834480
-60.750717
-56.350769
-60.304062
-58.085770
-56.985332
-54.548519
-52.830257
-52.057602
-49.397636
-51.049706
-58.703957
-59.713989
-66.968224
-63.745571
-61.669991
-56.344719
-57.177883
-55.126137
-54.569168
-55.093746
-54.079449
-44.421146
-41.731998
-41.820614
-38.994091
-37.965546
-37.734932
-40.475681
-41.931648
-39.928322
-43.711845
-41.247261
-38.150620
-39.494480
-45.735111
-43.542080
-41.305630
-36.508156
-30.561493
-28.304399
-26.204258
-27.335651
-27.805435
-31.120962
-24.932995
-26.927792
-27.203260
-28.914049
-18.296610
-39.690220
-42.829224
-45.709839
-43.504360
-42.714622
-41.026966
-47.668694
-39.896992
-42.973717
-41.461155
-41.513477
-43.281918
-42.046963
-38.352760
-45.273514
-43.462006
-41.975777
-38.674133
-33.962784
-39.475262
-38.317883
-27.090796
-32.031700
-30.904217
-26.696463
-22.223207
-14.018738
-12.171641
-15.213483
-7.201197
-13.997742
-10.321337
-18.070614
-20.363295
-24.385275
-26.334160
-27.182972
-31.128435
-29.672108
-38.751728
-37.174034
-33.735367
-29.356422
-29.539360
-26.748425
-26.488974
-23.830076
-24.383139
-24.217285
-25.793198
-18.988110
-21.716766
-23.922966
-27.873764
-31.342321
-32.717865
-38.310757
-46.071434
-38.291546
-43.892284
-49.238548
-56.099155
-56.199875
-58.240944
-59.395462
-53.742054
-51.207718
-59.774143
-59.906174
-50.920155
-54.101875
-48.739944
-47.818531
-45.105885
-39.976360
-40.097004
-41.951942
-36.606026
-39.856426
-38.227489
-34.715160
-33.460972
-31.715662
-33.817581
-34.179176
-37.111042
-39.384144
-46.169662
-44.696602
-48.925716
-48.876251
-43.479084
-48.561283
-48.097904
-48.954185
-51.104870
-56.109833
-57.496399
-58.090397
-66.275642
-56.912384
-64.312874
-55.759636
-62.668278
-65.307961
-53.230988
-63.518169
-59.913284
-58.703960
-59.667728
-62.497452
-59.967033
-51.605625
-50.761436
-56.332268
-55.140736
-61.296654
-57.532692
-57.959061
-60.270248
-54.686241
-54.930393
-53.447380
-54.163433
-43.516815
-46.471111
-41.815983
-46.927368
-45.048241
-43.295082
-43.911499
-48.111790
-41.808155
-49.975967
-44.943958
-47.217770
-46.523064
-47.427036
-48.007507
-43.088318
-42.800392
-32.087582
-36.648026
-34.769604
-35.234406
-29.160685
-23.935776
-23.895561
-23.266687
-30.831614
-27.836748
-26.395018
-27.619654
-35.530865
-32.585827
-37.755573
-38.085129
-55.369568
-46.127666
-46.919537
-42.837410
-44.273449
-48.018898
-56.251835
-54.580910
-44.585922
-39.864254
-43.087959
-43.926453
-51.370720
-52.619923
-49.333218
-46.510609
-43.066959
-48.799732
-45.857540
-54.483387
-48.575161
-40.446503
-40.852226
-42.984745
-41.987881
-36.634853
-39.300518
-29.765354
-35.622688
-29.282759
-28.302979
-28.981668
-28.115065
-30.723425
-30.471802
-32.153053
-33.264874
-29.753611
-35.103790
-34.741482
-36.584679
-36.839848
-40.335098
-38.336395
-36.852306
-29.694530
-26.873344
-21.610352
-19.077084
-17.708664
-15.558344
-15.107424
-16.474775
-14.860076
-17.666317
-26.186817
-32.170498
-38.648869
-40.236877
-42.892216
-10.477700
-11.683035
-23.036297
-25.823330
-40.113079
-45.975777
-68.042725
-59.063225
-88.523735
-82.457726
-77.497833
-68.601837
-67.876938
-54.190449
-49.928818
-33.209637
-31.794334
-27.583527
-9.876847
-3.969376
-6.654149
-2.734390
-2.477834
-0.590566
-3.182758
-1.732968
-0.730945
-5.224935
-5.305409
-25.806387
-24.730543
-36.781467
-39.753658
-46.809589
-47.688778
-54.342926
-54.120251
-57.866356
-55.198532
-53.388702
-52.648678
-41.017090
-42.411205
-33.910324
-42.768204
-31.991596
-39.032402
-27.510918
-33.809887
-25.394321
-32.435123
-28.161991
-35.834503
-32.307449
-31.033134
-23.721256
-27.503660
-24.968945
-21.847296
-19.274464
-18.950743
-17.715759
-26.412685
-25.011908
-33.331863
-40.886993
-48.469952
-43.861603
-48.783386
-46.939075
-56.936935
-38.153206
-44.909615
-26.278963
-32.469612
-15.380122
-15.389197
-9.061793
-16.733097
-7.065005
-8.459732
-9.248162
-8.425242
-17.974737
-12.237900
-20.277704
-10.709448
-15.063661
-10.017835
-14.265550
-8.037987
-13.449891
-12.009784
-14.087049
-17.810759
-22.234556
-19.378538
-21.413452
-30.592026
-31.334469
-37.736897
-36.489212
-30.682789
-30.817726
-22.551016
-21.697842
-26.391506
-20.995939
-21.392273
-17.032011
-18.479986
-17.085255
-20.253496
-14.867007
-17.795630
-10.978106
-12.012202
-14.830703
-14.173575
-14.356917
-18.314190
-21.981026
-28.200115
-26.462910
-22.318058
-22.885025
-33.422626
-29.539780
-38.986404
-44.460026
-38.152599
-37.674580
-32.471432
-45.674446
-46.089527
-59.208431
-51.936493
-62.659264
-55.384892
-69.254715
-60.963795
-78.226959
-71.420334
-75.898575
-70.438263
-71.207947
-70.544159
-68.149826
-65.670776
-62.586037
-57.214069
-55.428459
-53.503670
-52.148281
-51.638184
-51.576469
-58.462368
-61.423065
-70.282166
-77.814285
-93.588333
-93.740807
-110.820007
-81.245148
-96.584724
-66.716972
-80.077934
-49.124653
-59.806267
-35.822407
-38.463005
-19.954584
-16.529789
-21.605261
-15.980367
-16.724020
-14.811945
-20.355759
-19.375511
-20.805342
-22.068760
-38.101170
-39.812958
-47.950180
-48.553448
-52.419956
-48.935265
-61.216728
-50.498207
-61.083000
-55.654766
-63.228043
-55.686222
-62.190331
-55.101711
-65.721603
-58.809692
-63.327271
-60.580177
-65.413017
-45.466293
-58.806660
-38.315968
-49.291656
-29.815697
-31.867550
-20.332159
-24.102459
-12.964004
-15.908965
-11.157213
-10.368784
-14.420453
-17.848274
-11.533576
-24.781975
-19.484434
-29.181562
-26.323130
-38.922878
-28.499636
-41.317211
-19.769430
-29.303791
-25.175884
-30.371771
-18.527788
-20.250469
-14.029563
-12.285102
-9.490197
-8.659415
-8.001077
-5.071242
-6.081134
-6.495618
-6.032724
-4.418351
-6.363708
-4.638000
-2.780983
-17.639517
-14.471279
-21.751089
-17.256498
-29.123476
-21.633699
-34.640667
-29.291088
-38.831509
-36.566666
-41.801880
-38.868420
-48.041542
-47.443119
-49.625668
-46.982040
-48.174061
-43.167561
-41.686314
-40.153023
-38.665108
-35.136234
-30.657982
-24.730541
-21.640966
-13.569699
-12.959770
-11.172340
-11.968637
-10.353053
-8.706608
-9.425453
-6.062980
-7.149718
-6.413326
-10.209040
-13.792370
-18.288774
-21.459436
2.486539
2.557451
5.633393
5.386581
4.671010
5.151742
1.968050
-15.237880
-23.431499
-37.868149
-42.776760
-41.968174
-58.471424
-43.851505
-58.145420
-24.625950
-14.548102
-15.559280
23.510689
20.279112
29.385370
22.359509
14.545333
7.707350
3.719683
24.182055
14.099602
28.854910
25.585573
32.359089
32.550636
27.503891
26.101299
7.610650
7.500138
3.879001
1.010272
-20.216486
-20.334366
-18.914278
-20.172279
-31.490637
-5.759562
-19.203447
6.337913
-6.511049
20.285555
5.304618
20.745108
8.576718
3.858738
5.614052
0.512959
-3.308020
-11.721731
-10.660808
-4.923349
-0.297462
-14.001980
-13.069065
-36.036396
2.330897
-26.469673
-0.228395
-15.895433
-10.897490
12.639908
-4.403940
22.511473
-14.470739
7.163997
11.776060
-6.892317
-1.044345
-21.393450
-12.353498
-28.085924
-7.385945
-22.789597
15.184469
4.149758
12.230090
1.447718
10.751981
6.023873
9.495817
6.226479
7.256091
-1.782940
2.217624
-2.593369
2.446019
-0.813191
0.125248
0.874894
2.893595
2.568504
3.533649
1.759916
2.251698
-2.894515
-5.579980
-11.778829
-0.665840
-1.758996
4.193045
15.150397
24.124039
16.003180
7.417253
2.872414
-14.708342
-17.659035
-27.724915
-28.370493
-27.714783
-23.132185
-15.551924
-14.574806
-29.183685
-4.954663
-16.496805
4.851517
6.732995
4.733633
26.458618
19.767986
53.749775
36.879063
35.427662
10.670018
13.049726
-17.049372
-9.421222
-38.494396
-33.769047
-21.092297
-18.757715
-12.141678
-16.397350
-11.259418
-19.520254
-18.043068
-14.814249
-11.693182
-9.963654
-25.544125
-25.361782
-34.618149
-37.446362
-39.105896
-42.516140
-32.204369
-36.264797
-15.806102
-18.899538
-17.967545
-24.186666
-26.197996
-28.686377
-29.636795
-46.961521
-44.357098
-58.305672
-53.284691
-20.455011
-67.266403
-24.268620
-65.356377
-8.539883
-26.771746
-0.316803
20.130838
-3.841244
29.939779
38.140751
32.391315
55.100792
47.891663
51.231003
37.705143
40.762669
32.418941
24.676603
22.701183
-1.223931
3.671790
-9.947079
1.866749
-18.113058
-20.601440
-19.054262
-19.347122
-18.320271
-15.094214
-22.622906
-10.887358
-19.882185
-15.993974
-19.672211
-20.891537
-24.012604
-24.218895
-19.603138
-26.010124
-16.972935
-29.512461
-25.142595
-43.343147
-40.791218
-37.600163
-41.788601
-15.740718
-28.740711
-11.227181
-26.455858
-30.977678
-40.358379
-10.979448
-18.184896
-24.480446
-30.934397
-13.273516
-15.979236
-28.997652
-22.739862
-58.981632
-53.146561
-42.112766
-31.727320
-33.127155
-28.773867
-14.048027
-8.544483
29.924118
0.418104
13.348114
-5.080830
7.359232
-2.987530
2.542713
6.184116
-2.970029
7.299375
-3.279468
-0.729385
-4.668248
3.111856
6.202534
12.965002
13.541511
12.673983
14.072889
14.604276
14.635589
14.215638
11.063260
9.654221
3.240792
0.622555
-4.171861
12.739369
7.367525
17.381828
12.418884
13.312193
11.710680
0.375742
-0.395084
-18.228178
-19.872976
-20.872196
-21.215710
-23.518061
-22.488445
-20.026773
-17.261190
-11.706076
-9.038111
-0.897920
-4.208624
-4.522876
-5.666724
-6.251266
-12.051100
-13.875963
-24.586605
-23.709791
-34.303596
-34.354076
-44.153301
-44.553040
-62.644131
-58.439171
-55.683777
-48.781609
-54.919312
-50.787212
-49.134941
-46.663670
-45.604481
-47.640614
-45.972469
-46.904236
-48.594360
-43.001728
-43.884235
-45.558491
-47.271805
-43.856964
-47.506687
-32.498280
-30.701508
-36.497677
-35.892780
-29.990366
-29.278818
-27.254498
-24.405872
-23.739100
-25.258263
-24.151861
-21.368773
-26.261667
-26.995195
-29.828352
-22.732027
-29.975710
-23.824175
-30.758493
-22.621712
-20.742708
-18.173733
-16.223495
-15.739494
-16.039907
-15.130532
-16.500702
-20.347452
-22.064035
-28.898624
-22.208952
-25.368572
-28.285587
-29.153036
-35.298870
-34.756256
-32.746586
-28.491150
-23.024702
-21.645576
-19.607000
-23.583195
-36.808262
-40.251602
-32.275208
-30.778034
-30.368526
-37.683449
-34.233994
-28.582737
-19.230062
-31.543722
-32.410351
-25.951483
-21.310970
-23.272200
-21.481121
-18.346735
-9.607906
-10.087834
-9.365297
-6.045699
-10.944295
-7.863235
-12.305107
-8.349677
-13.157088
-19.294786
-20.282726
-21.328064
-22.030249
-28.320189
-23.769222
-20.655188
-15.507470
-15.756186
-14.375834
-14.212605
-16.068811
-16.065554
-19.744186
-22.434868
-22.108812
-23.865288
-22.089684
-23.316978
-24.668018
-28.393864
-44.099979
-41.630733
-49.338467
-54.388496
-53.775875
-44.654400
-42.577969
-45.921177
-44.797276
-20.303488
-21.600388
-35.839859
-34.548248
-31.720385
-36.351536
-33.442661
-29.297138
-26.071571
-26.646339
-27.830898
-26.063839
-26.553534
-29.698908
-27.251650
-24.440872
-22.888338
-21.085861
-26.333309
-25.930725
-32.626907
-31.055239
-28.741899
-30.874912
-34.490044
-35.669708
-31.957705
-33.932358
-31.906004
-35.380287
-34.174557
-37.889824
-37.829578
-41.268040
-46.513054
-48.653786
-54.114544
-50.133877
-69.365555
-53.223888
-56.952995
-67.069733
-59.194695
-62.043316
-54.293243
-49.997105
-55.096378
-47.909275
-48.839413
-43.411633
-42.501022
-43.644070
-47.169231
-46.156876
-43.922497
-33.327465
-35.324520
-39.618626
-42.224232
-31.488354
-35.152740
-27.673361
-29.062263
-25.018095
-30.287924
-27.464132
-32.237759
-26.588135
-33.171963
-27.171862
-32.054173
-33.417019
-25.730045
-30.701101
-28.477314
-29.231192
-24.291485
-26.018654
-30.730001
-31.162298
-31.040588
-25.576582
-24.229612
-24.753096
-24.667204
-27.786930
-26.649193
-30.685223
-29.113144
-34.454220
-25.392181
-26.348780
-32.636677
-25.592457
-36.961319
-31.778597
-32.086739
-35.788162
-40.564636
-40.972507
-47.380096
-43.520737
-35.953018
-33.104393
-36.611645
-36.393467
-35.451523
-42.086239
-37.382225
-32.370461
-26.760319
-43.795906
-35.632248
-35.642845
-31.045063
-35.297649
-29.772993
-25.675093
-28.735394
-20.921000
-24.782808
-18.921913
-19.707544
-18.829105
-19.477968
-17.923800
-19.423010
-20.162643
-19.521521
-19.232098
-20.841219
-21.858873
-26.762762
-23.503817
-21.175013
-17.129210
-15.686172
-20.343378
-18.941456
-17.755272
-16.779951
-20.458986
-18.448502
-17.654732
-17.431660
-16.677370
-17.421076
-19.444584
-24.041550
-37.904076
-41.883522
-57.701172
-0.467341
-0.617261
-3.435189
-4.503132
-8.095643
-9.219111
-11.722393
-24.486828
-22.325027
-31.412731
-38.592197
-43.853252
-41.697006
-51.047527
-49.736202
-64.620781
-76.235825
-70.557396
-95.209869
-96.490654
-88.293221
-92.360474
-84.863602
-84.424019
-89.487038
-105.634811
-105.311852
-128.041290
-128.459595
-119.851242
-119.353363
-110.688583
-94.760124
-88.201607
-73.858398
-56.502007
-49.326241
-19.270185
-18.226303
-21.009991
-26.544973
-16.547577
-21.105309
-21.765144
-18.776009
-29.051035
-25.488136
-43.508072
-31.235044
-45.007263
-20.128056
-15.656399
-13.134598
-7.993845
-7.680129
-16.170004
-12.963397
-23.734455
-13.303025
-31.680178
-23.506796
-20.469545
-30.991661
-40.039570
-29.839493
-46.483311
-33.239517
-46.979351
-16.423571
-32.953564
-14.920676
-30.803799
-28.137636
-44.532516
-45.453308
-60.747864
-59.307903
-69.180359
-69.647713
-79.557182
-80.229050
-72.036232
-64.485672
-68.824066
-63.809177
-54.222675
-64.227470
-43.777374
-35.700230
-17.017696
-25.045780
-14.129436
-11.834372
-16.187588
-11.369807
-23.004288
-2.124782
-12.766278
-11.983369
-16.323622
-17.641434
-15.453717
-21.670750
-28.292183
-29.287022
-34.691521
-32.729610
-42.679813
-33.912312
-42.503052
-34.968220
-40.981647
-37.974934
-31.573753
-36.279552
-34.486069
-41.023296
-41.225971
-44.856419
-72.126938
-72.099159
-90.352310
-96.620224
-103.841354
-101.996040
-96.549896
-73.335541
-72.400864
-34.173267
-50.783794
-49.254051
-58.307518
-44.429798
-47.472603
-29.208353
-18.366968
-19.379387
-16.827053
-15.181645
-5.827419
-11.665945
0.888411
1.047588
1.526956
-1.801807
-4.270851
1.414977
-8.321449
0.421996
-9.046985
-7.086001
-21.083099
-13.617675
-25.229944
-20.983154
-25.668596
-15.656388
-20.272425
-12.276726
-14.636570
-4.966771
-9.721619
-2.844768
-24.298038
-14.793889
-17.824669
-15.997872
-45.842003
-30.571508
-100.811485
-71.824318
-130.505707
-101.306610
-118.674088
-93.447853
-85.040359
-83.179329
-102.028412
-97.690926
-119.407051
-117.855087
-112.737465
-110.313782
-110.459076
-110.372093
-103.482269
-106.911911
-55.646915
-75.742577
-19.863380
-25.211435
-10.387931
-23.614149
-11.339269
-20.849894
-10.743292
-20.854517
-15.585132
-27.093756
-25.429834
-21.910433
-14.507930
-21.524532
-12.223980
-27.657337
-27.774870
-33.209900
-33.568970
-29.121361
-29.651632
-25.570499
-28.904821
-23.352243
-27.472254
-26.967892
-24.888462
-30.245764
-30.851923
-18.325325
-18.317924
-6.365094
-10.526745
-20.384407
-24.137936
-30.417891
-28.826160
-73.888931
-73.545593
-79.880165
-77.810898
-85.911179
-76.680023
-96.191757
-88.879959
-110.500702
-110.627502
-100.069305
-93.460831
-84.562828
-77.190865
-72.893166
-80.959198
-66.541977
-79.727470
-68.695435
-48.642342
-47.345821
-34.919174
-43.484013
-32.925804
-39.440811
-27.717493
-35.963982
-26.234034
-29.919090
-34.291737
-28.479120
-26.975302
-16.633644
-12.410917
-7.647738
-16.418947
-15.300096
-27.903507
-27.945150
-35.436497
-36.669151
-41.901527
-36.856091
-38.784691
-32.993355
-32.749046
-31.389591
-33.962280
-33.720745
-42.679817
-47.142220
-71.631821
-77.085358
-97.213425
-0.206757
0.123649
-3.609125
-2.726354
-5.518586
-3.320273
-5.274328
-8.284467
-10.000349
-2.816561
-16.269955
-4.704737
-15.026364
3.796626
-5.406084
22.150352
4.856759
8.462852
8.214542
13.391564
9.155083
14.435484
8.984811
10.628733
19.557804
9.493596
15.001029
10.652048
19.407787
21.842241
26.824677
18.869614
16.606434
12.313186
8.121291
-4.142232
-1.687499
-15.195625
-11.134469
-5.660479
-11.683795
-6.940545
-1.983450
4.055073
12.742917
12.373995
13.691570
13.557780
7.429063
5.890543
-15.057788
-6.540210
-13.014541
-12.673998
-12.336499
-19.773668
-14.484134
-20.672653
-7.718924
-2.542908
6.419597
-4.438181
1.412840
-3.202706
0.068920
-2.009799
-0.472300
-12.835144
2.861151
-9.939542
8.579398
3.197636
-4.676357
6.221966
-4.624667
7.104734
-11.909810
2.193243
-4.219261
13.463525
11.478051
19.180761
16.623659
17.209480
18.938526
16.428057
22.358131
16.307449
10.276022
7.136155
4.185815
6.159127
15.760150
6.796628
5.038180
-0.667906
-0.238176
0.387162
-9.354738
-2.695948
-7.099669
-0.191553
-4.054059
-0.428716
-6.948655
-5.541897
17.316904
5.128380
9.399334
-0.577704
-0.152025
-3.677032
-3.933450
-2.464867
-4.994596
-8.393928
-10.676361
-10.832442
-20.826708
-11.888524
1.526349
7.134128
10.592243
10.627714
27.045624
19.558802
32.266247
29.641243
17.418247
19.817245
13.380416
11.791217
-12.656775
-1.869937
-25.869957
-13.088528
-15.439879
-6.311154
-4.708786
-2.436493
3.461149
-2.604723
2.481084
1.639865
0.481416
-0.382095
-6.555416
-5.092910
-9.036493
-5.386830
-7.683452
-0.667906
4.780747
16.397650
16.335823
23.647320
16.428057
20.949345
15.570621
18.705421
12.880755
5.616897
3.975005
-8.014873
-17.237858
-21.912186
-23.232796
-8.934133
-15.417588
5.134459
3.449994
8.891560
5.509470
4.056091
0.614184
-2.995939
-4.174657
-1.475676
2.055403
6.680073
6.375009
19.355085
19.913530
23.386852
22.472649
24.505766
23.172993
14.102045
6.173313
-6.464197
-11.038188
-10.086498
-3.249331
-8.282436
-1.774664
5.874329
-4.105749
-2.698988
-8.780081
-7.850678
-2.655409
5.718246
13.343929
21.955763
26.709148
34.990574
32.034145
30.718599
12.156091
11.650352
11.770957
7.919604
7.996630
12.043594
-4.127029
3.851354
-3.928379
2.112166
-23.690897
-19.558800
-42.332474
-34.960167
-33.263546
-31.252729
-34.843613
-25.842592
-31.511185
-28.385500
-23.263195
-17.194273
-4.642910
-3.113510
8.928055
14.906776
31.796970
26.371645
30.146996
25.483807
28.539555
24.437860
26.969627
14.575350
17.151701
8.094941
6.184462
-2.031085
-0.539188
-6.462170
-6.846293
5.751695
-0.685138
2.800341
-1.475676
0.922297
0.509797
6.748991
5.615883
15.428731
9.699331
12.262510
11.520618
9.853388
8.209466
5.645278
-0.344595
-2.449662
-5.247978
-4.075341
-2.068583
0.953718
0.483446
-0.078040
-0.276689
-10.207103
-12.048659
-17.661501
-19.855762
6.187506
0.013175
19.638872
-3.726715
-4.143639
-9.161355
-10.128953
-16.914156
-19.381216
-31.844526
-25.564545
-39.022625
-34.866444
-33.858612
-23.700403
-22.837816
-7.199516
-11.736563
8.963339
6.382387
15.290873
21.928215
30.253626
20.724985
28.009663
20.783503
25.168520
17.532225
20.133564
21.432396
25.882719
20.915682
13.471662
13.612718
7.507241
2.279500
2.227252
-4.423154
-8.397516
-13.854624
-19.944952
-22.191015
-22.784004
-28.313211
-22.998734
-24.032164
-19.471077
-24.662251
-15.599643
-21.750050
-10.663429
-27.864418
-14.413135
-28.917173
-24.128294
-30.023224
-27.256271
-25.608952
-16.177485
-24.387440
-12.777829
-14.342081
2.960787
0.911171
2.933619
-4.898072
-3.959732
-0.628516
-13.064665
-17.541626
-15.189510
-14.071967
-24.141356
-32.134491
-21.460089
-20.963224
-12.522348
-16.389082
-3.636851
-4.072584
4.254399
-9.438782
3.843746
1.350040
1.161434
3.296729
-9.353100
-2.458702
-6.608087
-2.079398
-4.069972
1.155162
-2.656193
2.149926
-6.650406
-7.380284
-10.030209
-12.338962
-14.809159
-9.914743
-10.341595
-17.173815
-19.069307
-21.035328
-19.978388
-18.886442
-17.150307
-16.618441
-13.428293
-21.904696
-16.973190
-17.360331
-7.992087
-11.865089
-0.451405
-3.076772
0.352661
-0.978569
-1.951914
-0.421626
-9.969602
-5.365673
-9.602314
-1.486924
-11.570421
-12.385986
-9.888619
6.700563
8.715173
3.512506
4.291501
13.114821
0.479621
11.875542
7.035464
13.009801
-5.167136
-11.559972
-23.797054
-15.828481
-29.149145
-24.349819
-34.881592
-29.360224
-38.839230
-34.283375
-36.957851
-32.772415
-32.310566
-30.469400
-29.821554
-29.881115
-25.101641
-23.951183
-13.721394
-16.372358
-7.901701
-13.090785
-5.229313
-9.844732
-4.960765
-9.939297
-7.487916
-14.644587
-20.626242
-23.768845
-0.948793
-7.216228
-6.869319
6.279460
3.904349
16.276764
2.031327
23.597477
14.199449
30.991861
2.315551
22.883799
12.458607
13.180129
-0.086734
0.823396
0.421627
4.855753
-5.738716
-2.304580
-12.051608
-9.239724
-7.271090
-3.385546
-10.253824
-6.927315
-18.761057
-14.505085
-25.631941
-17.365040
-29.248932
-21.893728
-31.452158
-28.556149
-30.428656
-36.834553
-37.591080
-28.701923
-31.129274
-26.620956
-34.728512
-19.275677
-29.172134
-17.097013
-24.623592
-12.727150
-20.014963
-18.019682
-18.947050
-15.709884
-22.288710
-10.341071
-18.804419
-6.321258
-13.156617
-10.449221
-18.238592
-14.230272
-11.210449
-6.780499
-4.918972
-8.767939
-2.022970
-6.282593
-2.313977
3.493175
3.121704
7.799820
6.008305
10.377640
15.069344
15.767351
16.649263
11.131034
17.832638
12.311272
8.537536
12.599670
-4.130053
5.145719
-7.645694
7.485299
-14.429849
-2.905930
-18.648724
-12.084528
-25.608429
-24.160686
-23.801233
-21.818497
-29.686758
-26.944885
-33.605221
-28.953224
-31.507011
-26.115217
-24.364971
-24.117847
-22.415667
-20.179014
-16.627844
-18.271507
-16.976849
-14.741764
-13.103324
-11.406370
-6.654063
-5.991063
-6.139440
-8.101804
-7.435667
-11.376067
-13.865073
-17.157621
-5.928886
-11.644609
-8.260633
