-0.250963
-0.365637
-0.698252
-1.292637
-4.190714
-4.198520
-3.919939
-11.537672
-14.375112
-16.429644
-15.566885
-23.996946
-30.489552
-33.952595
-29.228136
-40.744194
-36.597313
-42.473911
-42.738083
-50.164295
-45.929153
-48.807415
-43.021477
-56.760174
-47.256615
-48.384140
-44.472012
-51.886215
-42.324421
-28.370779
-30.849184
-32.882103
-24.827282
-12.479084
-20.697208
-23.204435
-16.007570
-7.841681
-20.280537
-23.270475
-15.743402
-14.960491
-20.968584
-23.778402
-16.434448
-12.013783
-13.744703
-16.438648
-14.826605
-4.794706
-8.771082
-11.000327
-13.258990
-3.749429
-10.878446
-12.446662
-14.217209
-7.931138
-10.919272
-16.659592
-12.115849
-6.977720
-8.247542
-14.430348
-11.142618
-4.425467
-3.099808
-11.838469
-7.968361
-2.734171
-1.419919
-16.332981
-10.745161
-2.988736
-8.376626
-17.102079
-13.598208
-5.070885
-18.477570
-23.337118
-16.276545
-13.096283
-20.440842
-16.527506
-7.600924
-6.624691
-9.984468
-11.636739
-7.465837
-10.577050
-5.733715
-10.165184
-6.642103
-6.913479
-5.202369
-8.946396
-11.896105
-6.319695
-4.842736
-14.015478
-10.147772
-7.528877
-11.018938
-15.428795
-6.839630
-6.141378
-18.891838
-16.041193
-2.836838
-3.718809
-17.580589
-17.064255
-1.271624
-1.974079
-14.120546
-15.192242
-5.288226
-7.826670
-14.632678
-13.303417
-7.463435
-5.874806
-8.870146
-17.256977
-23.683540
-20.824492
0.992443
-17.194538
-16.484880
-11.661953
3.484057
-24.132633
-16.654789
-6.736964
-1.289635
-32.619732
-13.813749
-4.727461
-12.895754
-36.169228
-13.805945
-6.252451
-13.028440
-30.858185
-11.865487
-14.528813
-18.287247
-31.895668
-19.490427
-21.085060
-28.054976
-28.858896
-25.070444
-26.454939
-33.878147
-33.398438
-32.635941
-34.184345
-41.153061
-42.637821
-39.127949
-47.826385
-50.350418
-62.647583
-56.067924
-57.728600
-63.794926
-70.870514
-62.035786
-52.071735
-66.984787
-67.540154
-62.032784
-46.720467
-65.521645
-58.773281
-53.522274
-34.924622
-60.261036
-48.490414
-49.466042
-5.478549
-34.767323
-26.704100
-28.922537
-0.709660
-18.827595
-18.908653
-20.313559
0.710861
-9.239382
-13.345444
-15.831656
-4.513124
-11.203257
-14.131353
-15.628725
-13.053057
-17.301409
-17.998459
-19.064753
-18.152161
-23.538849
-21.582182
-20.462458
-24.387800
-29.456881
-27.368731
-20.960779
-27.181410
-32.323139
-29.103254
-16.131851
-23.730974
-29.587769
-29.534935
-17.054049
-15.321325
-10.649098
-15.873683
-13.871984
-10.604069
1.573619
-4.409256
-11.735201
-9.292821
-0.968427
-9.471135
-10.828616
-9.251993
-10.078128
-10.892856
-12.922170
-12.665805
-12.348199
-7.264705
-11.938133
-13.926022
-14.684312
-7.273111
-13.730893
-6.968715
-16.420637
-10.948092
-18.022474
-7.040161
-18.954277
-15.612514
-19.638123
-6.251250
-20.017567
-15.417988
-23.929102
-12.049805
-20.409021
-15.848468
-24.061789
-18.108932
-21.224350
-17.266586
-23.143791
-19.232859
-21.174517
-19.599094
-24.024567
-16.615765
-19.994152
-18.705118
-22.679691
-15.634728
-19.069555
-17.353043
-20.928957
-12.801493
-17.282799
-16.969994
-21.858362
-12.239529
-13.222364
-11.096388
-1.493750
-1.545599
-1.713492
-1.367008
-0.654287
-0.080655
1.011471
3.630265
2.188365
2.938943
-0.186822
0.823825
6.154417
8.330436
-6.194743
-10.936885
3.327400
3.803921
-9.689212
-14.642865
-1.369477
-3.834372
-13.030602
-13.338404
-9.847229
-4.918263
-9.820895
-8.857155
-10.976389
-5.405483
-8.453886
-2.985029
-5.098503
-0.780206
-5.159406
0.576926
-2.391647
-2.938943
-10.658711
-6.064707
-7.835811
-8.930403
-13.973764
-13.344991
-11.287483
-10.117996
-11.340155
-12.722799
-9.169896
-5.823568
-3.738078
-5.764311
0.185176
5.054883
8.685148
4.983283
10.641428
16.700375
11.911320
7.381511
10.466126
14.283213
9.193764
8.767449
9.898254
11.400234
6.820224
12.953240
7.250656
3.999793
4.966822
8.789670
6.128902
5.217837
1.380999
-1.227097
-0.667455
1.455892
-6.071291
-5.440871
0.378582
1.534901
-6.957666
-1.969446
3.805565
1.823774
-2.255028
-5.918214
-3.282136
-0.464173
-0.784321
-7.295097
-6.280334
-2.138162
3.329046
-2.383416
-5.871302
-7.818526
5.734684
-0.985135
-3.602283
-7.194690
6.140421
1.408981
0.639473
-3.784167
6.464686
0.492979
2.454194
-2.268196
9.062082
1.822950
-1.115992
0.599969
5.751966
-0.902011
-6.822693
-0.725888
0.452651
-4.953653
-6.846560
0.669101
-2.725786
-3.990741
-10.536903
1.045213
1.174425
-1.495398
-6.500899
4.535568
3.644255
4.889460
4.037652
9.773980
0.743172
17.869038
-1.543131
2.684635
-2.979270
20.290310
-2.934005
-3.777583
-4.285375
17.544775
-4.649964
-10.220048
-6.143715
9.084304
-6.459750
-10.395347
-2.749650
1.282237
-3.443443
-5.780771
-2.540610
-6.805410
1.200761
0.371997
0.441952
-2.965280
4.663957
5.599709
7.370814
10.370659
11.040584
6.161001
12.947476
15.023911
4.377550
1.472351
10.916307
17.506086
3.715033
0.466641
9.550126
17.464939
5.747024
9.818422
16.371994
20.563549
11.866052
11.601047
21.031836
22.108324
17.360422
11.629853
22.959309
24.125504
19.902674
5.540455
15.446939
14.201735
10.127048
-3.780875
4.769300
0.484749
-1.116815
-12.031478
-8.439894
-12.985338
-13.691474
-13.450334
-13.386139
-18.901903
-12.854479
-12.770534
-14.186098
-21.196436
-5.304253
-5.302608
-8.165832
-14.651094
1.506918
1.582635
2.232807
-1.806491
8.624247
12.489068
2.164497
7.059718
11.157451
22.993055
2.200707
11.825727
11.954940
26.430735
4.835142
18.329098
12.773828
20.605520
1.859987
5.714930
7.170824
11.369783
5.523171
-10.578876
-2.984209
0.211512
-0.474874
-15.744863
-12.482483
-2.041871
-7.732934
-17.332439
-14.770430
-6.072937
-5.636746
-12.792754
-13.857720
-8.469521
-7.030090
-2.308523
-9.560823
-6.444111
-7.182345
0.580217
-8.245665
-4.114191
-0.909418
5.489429
-0.920118
0.815595
1.439431
8.917236
4.762716
0.544005
2.758705
8.421787
8.374874
2.230338
6.665499
7.415256
8.393805
1.132452
6.244121
5.626047
4.691939
3.918316
7.964198
1.647651
2.906257
2.884240
3.081204
2.580166
6.575377
7.207327
8.733648
0.501038
6.355205
5.861308
8.406366
-2.589686
5.381098
5.056793
10.042774
-5.090709
0.368936
0.235643
0.474854
-17.284613
-12.930579
-15.186442
-16.841890
-26.841223
-22.768658
-25.226835
-24.471708
-31.184542
-24.731750
-19.911194
-18.849016
-24.979292
-19.280434
-6.227864
-3.742312
-13.515523
-9.156137
3.551894
0.258256
-7.353117
-3.758973
8.504551
4.487323
-0.022613
2.407600
2.129708
4.734272
0.626000
2.138634
1.504303
4.405800
2.051161
3.783371
3.481082
5.936881
3.197835
7.798219
4.126719
4.960393
2.652763
7.980305
3.728031
3.645913
1.868479
4.834836
4.136240
2.383798
2.872339
8.821716
8.049929
4.343915
0.160665
11.398907
13.973123
3.293639
-0.787260
5.826796
7.588758
4.293335
-2.521256
1.579875
5.900582
4.371287
-3.446568
-2.800931
2.587902
2.809263
-1.348994
-3.734576
0.844386
4.064238
-1.841701
-2.568860
1.210345
5.452506
1.094310
0.785475
2.269546
8.731863
-1.400169
-0.016067
0.737870
5.233524
-1.955357
-0.527220
-0.496872
3.475131
0.900915
-0.230287
0.649802
0.965182
3.488222
-0.527220
-1.216296
1.455509
4.904458
-2.683111
-3.357905
0.943164
8.736624
-2.809858
-2.554579
2.154105
6.545624
-5.848814
-4.775331
7.576857
9.717277
-2.402837
-1.957142
11.761298
13.117433
1.714357
-1.270446
12.514044
15.819583
2.430212
-1.457889
11.619673
16.997200
8.287951
1.234743
5.657799
10.977013
2.702153
-4.796157
-2.689656
1.257354
-2.202305
-8.884789
-9.360242
-5.596508
-6.575377
-11.015690
-14.615783
-12.447396
-12.220681
-14.765142
-17.921324
-15.585131
-11.625030
-18.139112
-22.437805
-16.432491
-14.536640
-21.226864
-23.052498
-16.496758
-15.825531
-19.027531
-27.542198
-19.659485
-18.771658
-21.063820
-34.212189
-28.444901
-27.692749
-13.874936
-33.072662
-27.173857
-27.233961
-3.573911
-20.157545
-15.528598
-16.024878
1.356134
-8.092175
-6.683082
-10.042771
6.228459
2.190999
-2.624794
-3.621514
10.445627
11.025211
1.832776
0.916983
5.645897
1.218676
-4.600979
-2.871150
3.598904
-3.045500
-7.543533
-5.306121
-0.042249
-7.010958
-11.572659
-6.837797
-0.946733
-5.769670
-10.880017
0.357035
2.365946
-2.467702
-2.375467
5.097257
3.018723
1.828014
0.941975
7.288255
2.434973
9.824388
5.971990
9.085921
3.021104
11.215631
8.991902
5.166283
3.891076
9.866040
7.259692
1.852412
2.407600
3.296613
4.537901
0.974703
-3.201405
-6.031496
-3.078229
-2.489123
-4.149331
-5.175209
-0.210648
1.003861
-0.398689
0.875923
2.229677
2.731313
1.299008
2.221942
3.036574
4.664054
1.050870
2.677756
2.944340
3.135948
-3.781585
-0.753342
1.620340
0.844980
-2.978258
0.936619
2.962194
1.775648
2.352260
4.053526
6.375438
2.243365
7.278734
5.720280
8.270100
2.173742
10.354583
6.455175
7.516757
0.489136
11.629790
7.170434
5.224598
-4.552404
-4.729787
-5.301427
-5.378466
-4.667638
-5.412130
-7.094034
-11.180322
-8.656173
-9.045249
-3.870061
-11.763615
-10.536822
-12.816261
-8.426997
-15.026430
-12.598741
-14.300063
-15.103468
-23.443714
-20.784908
-23.338840
-28.771036
-38.576321
-29.092791
-28.682346
-38.033157
-46.552094
-28.987265
-26.454699
-42.012630
-48.575165
-27.757235
-18.726879
-40.340439
-40.983288
-30.935247
-21.451069
-35.808102
-34.152740
-32.105068
-19.436409
-26.180855
-24.179790
-26.479946
-11.415322
-10.490858
-11.057967
-10.274631
-5.883426
-7.075261
-8.252851
-12.302239
-9.697812
-6.256319
-7.053249
-11.889855
-16.450674
-6.289335
-9.785210
-15.206403
-13.378838
-5.422488
-7.008579
-11.191328
-5.779197
-5.299485
-7.649489
-12.304182
-4.154911
-4.673465
-3.694621
-3.659662
1.305774
0.105523
-1.670898
-3.400708
-1.185360
-5.113039
0.056970
-1.487041
-2.709302
-5.142170
-2.847195
-7.979007
-6.102889
-6.405217
-9.852537
-12.739871
-8.786296
-8.243140
-10.922664
-15.770276
-12.125504
-16.263580
-14.879475
-15.649862
-13.968604
-15.893278
-12.798136
-12.439485
-10.791890
-9.956767
-10.250678
-11.144069
-8.511157
-3.712100
-7.716817
-4.889692
-1.595802
0.135951
-4.754388
-8.202354
-4.136784
-3.867472
-2.862085
-5.729348
-2.766272
-7.890964
-12.988465
-7.075907
-4.096646
-10.204068
-15.568938
-9.135883
-8.595316
-11.636727
-22.317913
-18.381821
-17.964905
-10.674715
-23.563484
-15.700356
-15.752149
-12.262102
-25.758114
-16.494696
-16.547781
-5.237336
-9.047193
-10.262979
-13.733605
-3.543133
-3.220735
-5.797323
-10.828793
-6.885576
-8.208182
-5.552612
-9.366352
-10.577608
-13.511551
-6.967793
-11.064440
-14.828331
-15.588359
-10.324479
-14.611457
-18.342329
-24.041250
-20.845116
-27.318312
-25.624754
-30.627735
-26.908516
-23.591969
-29.843105
-34.892056
-33.280716
-17.940952
-32.382793
-38.412529
-34.027149
-14.630878
-32.865746
-40.397408
-38.385338
-15.019956
-32.648220
-39.469059
-46.395424
-15.730136
-26.030016
-34.307465
-38.496040
-12.618810
-10.783475
-24.013414
-22.433800
-16.123098
-9.930873
-20.984955
-19.232483
-19.737442
-11.784331
-22.510838
-18.508709
-18.477634
-15.157848
-20.344688
-15.566995
-14.386168
-15.174034
-19.897995
-14.876884
-10.029273
-10.980279
-15.449173
-9.055608
-11.309800
-10.723269
-17.263142
-13.273314
-18.842112
-16.803497
-26.985556
-13.152902
-20.786203
-23.017090
-28.817650
-18.357220
-27.421888
-14.338909
-21.052927
-9.998199
-18.041296
-11.380363
-16.192368
-6.508151
-8.911242
-12.024511
-15.630441
-7.858594
-3.438904
-16.148346
-28.151497
-17.669699
-7.219626
-20.146587
-29.815271
-24.271719
-9.447923
-27.934618
-33.614117
-30.152555
-15.953485
-28.875265
-36.944912
-36.818668
-19.054453
-29.608107
-35.993252
-40.877769
-19.506973
-26.773212
-24.480827
-34.798187
-18.135815
-17.347301
-12.036164
-19.697954
-13.259721
-8.023679
-1.575733
-3.755474
-9.689398
-4.646923
-1.309011
1.791312
-9.470582
-5.451621
-3.675846
-1.747289
-10.818436
-7.021527
-6.291926
-6.600080
-11.659386
-6.993041
-7.980301
0.941820
1.028514
0.869312
0.729025
-8.490570
-8.514214
-8.810551
-15.501020
-22.808601
-26.951033
-33.807796
-22.051989
-30.970514
-35.332047
-27.955904
-16.873949
-19.841276
-22.937067
-25.128866
-13.492067
-19.596954
-18.023836
-18.744982
-11.409818
-12.043479
-12.075790
-16.006214
-14.081592
-11.684876
-0.513076
-4.223611
-4.277993
-3.276274
-6.428810
-8.663169
-10.683158
-8.073646
-14.996614
-20.437891
-20.605766
-18.513269
-22.326260
-25.723906
-24.752932
-18.361156
-16.010155
-21.349766
-21.171642
-21.216570
-10.921962
-17.758238
-15.915578
-19.540993
-11.583205
-16.208767
-15.266944
-14.838200
-11.057522
-9.921819
-9.014677
-15.529393
-7.043554
-6.181335
-6.835486
-16.084240
-8.731737
-5.308083
-9.283430
-11.688816
-9.024135
-2.402232
-15.151088
-13.738752
-13.395915
-9.128168
-4.795008
-2.760834
-11.338885
-11.159191
-4.869091
-5.016473
-14.532404
-6.148233
-3.561578
-5.780962
-13.826237
-3.213223
-7.366688
-5.671412
-11.257706
-5.331726
-8.942957
-6.251479
-7.112909
-12.882841
-13.448720
-5.475167
-8.930347
-10.906200
-14.321971
-4.765846
-8.046060
-13.044407
-19.113827
-5.010168
-8.776661
-15.907698
-18.119991
-2.451885
-5.412904
-12.983719
-15.914002
-4.883278
-3.194307
-6.074149
-14.634860
-8.721492
-5.858200
-11.632071
-21.728857
-8.919312
-4.239373
-9.912362
-16.656424
-15.853316
-10.642174
4.257499
-9.881625
3.390553
4.808406
-8.686813
-28.720390
-11.543799
-4.054950
-16.809322
-39.713287
-9.264517
-6.483979
-14.049277
-29.793045
-10.471938
-8.707306
-16.395552
-27.553953
-13.562999
-11.746350
-17.956059
-26.804441
-12.714967
-10.364751
-14.573387
-19.954765
-13.243017
-11.403511
-9.561643
-15.865925
-15.321327
-13.938939
-12.392620
-17.989944
-14.604912
-18.321753
-16.724993
-24.711943
-27.460953
-16.371120
-20.927322
-13.873526
-20.953331
-4.548322
-12.034018
-9.264519
-10.782461
2.582716
-8.221029
-8.701787
-7.338313
3.244749
-7.110547
-8.962663
-12.331143
7.979071
2.807333
8.259646
6.036317
-4.444289
-4.951846
5.177252
-0.657305
-14.450440
-9.539576
-7.561357
-7.805679
-21.381290
-16.566576
-18.893938
-19.272243
-22.117403
-23.761456
-21.195288
-22.239565
-21.876236
-21.803728
-16.848730
-15.792629
-17.841778
-15.128233
-14.529252
-6.905630
-9.465490
-5.419997
-10.486912
2.583504
-1.546317
-1.344556
-2.563801
-6.001640
-4.163712
4.248041
1.841868
-6.631360
-1.770937
-6.115920
-8.424364
-12.637730
-12.428875
-15.534122
-21.434881
-16.817993
-15.475800
-18.896301
-25.258120
-16.062960
-12.938796
-21.646889
-36.023243
-21.064459
-15.515995
-24.352552
-27.174074
-19.284065
-6.250690
-16.246595
-7.417917
-4.506550
-2.923978
-13.413255
-1.859997
-4.134551
-7.645689
-12.273612
-5.838498
-5.944895
-11.637588
-18.325695
-10.215796
-13.188636
-17.352346
-20.826441
-14.779088
-15.969172
-19.885410
-20.138401
-18.772566
-16.466482
-18.513268
-18.566072
-18.550312
-14.843719
-20.792551
-17.152948
-16.251326
-12.521086
-21.838406
-17.201815
-17.801584
-14.756234
-19.528385
-13.321042
-12.472222
-4.387326
-4.784543
-5.196814
-5.218817
-7.366447
-8.724277
-11.086150
-7.654805
-6.626443
-7.000498
-4.877767
-6.175957
-3.606791
-3.565100
-5.851119
-9.901449
-6.072889
-7.617167
-13.243621
-17.861982
-12.288799
-16.345497
-19.159595
-25.057615
-19.949394
-24.739145
-28.111431
-34.940540
-32.995567
-39.596531
-44.088669
-48.332966
-45.455181
-48.356133
-53.486355
-54.263996
-56.951286
-51.012730
-48.690228
-50.894611
-51.222923
-41.690891
-35.635376
-37.786480
-40.717545
-22.423018
-14.664569
-17.212889
-19.664509
-10.079792
-2.741138
-5.847067
-5.825063
-1.931652
4.397749
2.466677
2.181214
3.313801
7.118621
6.266285
1.138957
1.811792
3.649060
8.117452
2.272702
3.927575
1.571493
6.860951
-2.281966
0.608563
-3.411657
1.637503
-5.740524
-2.866788
-5.079270
-6.409307
-7.404084
-1.337564
-5.662356
-9.624672
-6.512374
-0.803697
-9.529711
-13.852185
-9.838914
-1.592338
-10.757840
-19.031050
-15.968549
-7.189262
-11.725401
-18.152657
-20.908270
-14.693521
-11.262176
-15.760097
-19.575916
-19.423634
-8.521037
-10.820953
-13.626944
-12.171257
-3.052079
-9.907241
-11.449203
-9.256988
-2.467256
-9.838336
-9.054905
-6.926382
-3.993585
-8.368174
-6.260496
-4.321896
-7.658281
-7.680861
-2.841890
-3.831456
-13.123764
-4.735904
-4.386169
-7.540156
-15.262709
-2.719714
-3.064239
-11.018403
-20.553904
-7.578951
-9.861496
-21.513939
-22.337900
-4.422068
-12.094245
-25.482046
-15.749675
5.092589
-13.565566
-24.194279
-12.031131
4.192193
-13.461339
-24.304874
-9.925769
-0.581926
-3.602159
-14.476962
-9.247723
-8.002803
-5.014998
-16.654699
-13.563828
-15.800051
-9.138864
-18.471125
-18.520342
-20.818518
-13.374484
-19.661041
-22.385960
-25.976540
-20.804045
-24.132324
-25.791248
-21.615269
-17.274845
-20.565485
-22.013067
-12.424869
-13.624627
-20.747301
-18.828966
-13.221044
-15.436419
-26.629690
-23.867708
-21.169413
-21.460091
-30.803925
-31.294950
-34.467464
-32.755268
-34.543324
-41.706524
-47.461525
-45.042328
-35.235844
-43.948544
-51.939762
-49.251892
-35.070236
-47.025520
-49.773026
-50.195717
-28.847960
-39.201630
-41.858234
-40.631844
-20.438097
-22.596149
-28.668461
-22.003220
-18.974304
-18.491390
-31.129347
-18.825495
-16.153259
-18.625145
-31.387014
-14.711470
-15.624604
-19.431740
-35.150723
-13.177613
-21.343704
-25.457144
-37.229454
-13.813391
-20.944752
-31.391068
-38.088737
-10.976132
-18.050169
-27.637203
-32.327942
-9.750325
-13.195564
-14.580608
-18.429432
-3.329434
-10.144065
-5.144701
-11.540689
-4.186981
-12.479878
-0.965246
-13.346112
-9.058958
-15.801789
-4.735904
-13.806445
-17.209995
-17.152670
-15.274288
-22.482656
-26.263739
-25.776192
-20.835312
-21.593266
-28.392841
-26.777340
-23.974825
-17.622843
-21.700384
-20.890900
-20.174059
-15.635606
-12.515781
-14.842331
-12.864358
-5.961135
-0.958877
-14.251719
-10.311983
-0.818172
2.472467
-12.238424
-7.342128
-1.889961
0.313257
-9.845284
-6.165534
-5.331149
-5.672198
-13.016643
-10.039259
-10.362359
-13.661683
-10.888121
-8.858034
-13.104077
-8.856407
-9.286936
-10.091730
-10.148603
-16.503788
-18.921841
-24.336470
-13.836837
-19.515652
-21.364967
-20.486788
-17.818003
-17.802101
-19.851389
-17.891384
-20.100290
-16.984463
-18.858242
-19.840996
-28.282158
-21.944101
-23.097475
-26.481770
-43.020416
-34.408627
-32.286560
-42.485313
-53.245464
-42.002800
-41.153366
-54.427582
-61.180267
-48.669872
-41.382080
-57.281052
-62.374622
-53.116425
-40.814571
-54.612873
-58.594040
-48.931618
-32.508556
-44.700943
-47.858356
-45.827412
-24.713181
-28.638691
-32.986782
-31.834629
-12.978838
-17.241314
-20.041582
-20.722231
-5.457435
-7.955599
-10.028129
-10.217097
-4.078399
-1.325220
-6.281187
-5.103350
-3.202054
3.299290
-0.827422
1.105675
2.173434
1.070205
-4.166461
-6.869494
-1.294643
-4.895424
-8.518833
-6.396770
1.046355
-6.630991
-9.781676
-9.542562
-1.511741
-6.504402
-10.386495
-7.523238
-1.759418
-6.643834
-12.257214
-9.431870
-4.439211
-2.132461
-15.377934
-12.770912
-7.906065
-3.060787
-17.259047
-17.663279
-13.600168
-12.838183
-18.467463
-20.094788
-17.045006
-17.183216
-18.630133
-18.561028
-17.326929
-18.468683
-18.437496
-14.273480
-14.094297
-17.033998
-10.859220
-7.499998
-7.471255
-11.569837
-3.820328
-3.727372
-2.150195
-6.089773
-4.007460
-3.279109
-2.934808
-5.802959
-8.523115
-7.773971
-6.483609
-4.507705
-12.069471
-11.352126
-9.088182
-15.240946
-25.479448
-24.276537
-17.326929
-17.869371
-33.475410
-20.007334
-14.762107
-20.284975
-38.962196
-23.097471
-16.369860
-14.266753
-29.412296
-17.522013
-14.085736
-7.715874
-17.084759
-18.688229
-18.161077
-6.860934
-9.894201
-16.603470
-17.395422
-12.104328
-8.566536
-17.349558
-18.636251
-15.479451
-11.993639
-16.379032
-18.762840
-19.842216
-23.195934
-25.786446
-24.912544
-28.792192
-31.946543
-30.650681
-32.444347
-36.218193
-39.841595
-34.116306
-29.231279
-44.027023
-42.596615
-38.089520
-30.734461
-53.394073
-49.269184
-47.334259
-28.473576
-58.267475
-51.651768
-57.348934
-20.497185
-54.049030
-54.348686
-58.232620
-17.029718
-44.716225
-53.131107
-52.650425
-15.821302
-36.204124
-44.474060
-45.780933
-12.405208
-22.776413
-34.341969
-35.037296
-10.680037
-15.779717
-23.383068
-24.121202
-8.433218
-12.595400
-19.003788
-19.771280
-9.162180
-14.466118
-16.491556
-17.905451
-8.960370
-13.348823
-13.242412
-19.121815
-12.300632
-13.863743
-16.435911
-14.171353
-9.464284
-19.352369
-20.443977
-15.300265
-14.152392
-10.656187
-12.534241
-9.958412
-13.383680
-3.201442
-2.215018
-4.016022
-8.441166
-3.537793
-4.799410
-2.827177
-6.037792
-8.459514
-17.498161
-13.823995
-11.374142
-12.162425
-24.887470
-23.537178
-14.593321
-23.102369
-32.325089
-32.226627
-21.013329
-29.192753
-38.925499
-37.610069
-24.362766
-35.611538
-40.084385
-42.844292
-25.423798
-35.558941
-33.420368
-40.253166
-23.017363
-30.119856
-23.038158
-32.108601
-19.839161
-19.498528
-10.788893
-18.520054
-9.060664
-11.567391
-3.206336
-9.859344
-1.467709
-5.695939
0.484344
-4.020302
-1.527641
-5.706945
-1.672578
-5.585858
-6.469543
-7.938477
-4.214163
-11.084061
-11.722775
-13.050168
-13.428905
-18.691408
-21.420786
-27.148203
-22.906769
-27.351690
-28.870268
-17.106936
-22.186953
-19.728411
-22.220987
-19.002798
-32.827827
-16.871584
-20.514854
-26.665909
-42.213001
-28.829712
-33.135593
-42.218788
-62.094208
-48.803619
-45.981548
-65.825829
-80.343140
-64.628059
-62.539566
-89.896317
-99.992630
-83.582336
-70.460480
-100.795738
-104.720703
-95.905457
-73.776421
-96.318214
-95.324669
-92.690880
-59.532841
-67.811485
-72.225266
-75.143654
-37.320538
-35.131397
-45.552849
-43.950993
-17.667440
-16.789030
-24.613626
-24.697632
-8.158438
-3.996664
-11.272346
-8.563245
-0.210732
-2.192770
-8.591488
-7.112019
-0.448258
-0.172351
-3.336225
-1.308565
2.772826
1.380258
-7.839081
-7.964360
-0.716923
-5.428337
-11.606184
-7.271336
0.025346
-6.754282
-17.487848
-12.166688
-4.885937
-12.428111
-22.047186
-11.005126
-6.196675
-13.468012
-22.012428
-14.242143
-10.716187
-8.390893
-29.185276
-25.471762
-20.117289
-9.516969
-33.025524
-32.378841
-29.727676
-15.013378
-33.743168
-38.431416
-36.008358
-17.284359
-30.204899
-34.237049
-33.830067
-20.706758
-26.844055
-22.973394
-23.745354
-14.724437
-19.630651
-10.293999
-10.929090
-7.553036
-11.108683
-6.914322
-3.924248
-11.726397
-10.161476
-7.087398
-8.018673
-15.521741
-17.681925
-11.441798
-8.942707
-13.624431
-16.972965
-25.902637
-19.813139
-21.682934
-32.188389
-37.450169
-27.371246
-19.317087
-36.229954
-29.624842
-20.094116
-14.578880
-33.664238
-31.516361
-23.934357
-11.055095
-18.727617
-23.551277
-22.197813
-6.495754
-8.991225
-17.705097
-23.911186
-13.105929
-9.117954
-18.226498
-26.156824
-22.519341
-13.898889
-24.216785
-29.181656
-32.049351
-29.670467
-29.043341
-33.772861
-39.253338
-44.885895
-44.377529
-44.578121
-49.734894
-40.829845
-39.209167
-46.954102
-50.057148
-44.129860
-44.627365
-45.181351
-53.191330
-45.955479
-43.876400
-43.778641
-56.953369
-50.989151
-48.062077
-33.200771
-55.182056
-53.656246
-56.163303
-32.239803
-57.250996
-69.610313
-69.899246
-32.950932
-53.665657
-76.789680
-74.323891
-36.677483
-53.499104
-73.470833
-74.229752
-36.923698
-43.326763
-58.014988
-57.611633
-34.399261
-36.240089
-43.606293
-45.389179
-25.809946
-31.086208
-37.094604
-36.661552
-24.252268
-31.307079
-34.733105
-27.802122
-22.144949
-30.992065
-31.417150
-28.016476
-22.097158
-24.854048
-28.466902
-16.446499
-10.122372
-25.602116
-23.146469
-15.896133
-7.710181
-14.321803
-9.195440
-4.258086
1.506262
-6.820180
6.080086
2.811207
4.035045
-4.150913
-0.976175
4.650585
6.861461
-8.282268
-20.802349
-10.099923
-2.719235
-25.391376
-30.811752
-33.865555
-13.756952
-42.390415
-43.357903
-46.292942
-29.204828
-55.310959
-57.613075
-53.935776
-36.139427
-63.083424
-54.785217
-59.746471
-39.836292
-58.028751
-41.401932
-51.704620
-39.251163
-45.614395
-24.931534
-37.543587
-29.887716
-30.530777
-10.937057
-20.996426
-22.145678
-21.341852
-7.509584
-13.697570
-13.478874
-16.279217
-11.498283
-15.114037
-11.570702
-18.077318
-16.273424
-21.236124
-12.554115
-12.921268
-15.383426
-6.366310
-6.777630
-7.363050
-7.962723
-5.731003
-8.184674
-13.523701
-7.634888
-10.299312
-9.760725
2.828340
-4.446134
-1.258397
-2.878227
-0.232131
-1.916104
4.472606
6.954787
8.662173
-2.808993
5.436769
6.995509
-5.846050
-14.870674
-10.925457
-9.859483
-25.194422
-20.257547
-27.587009
-22.438368
-24.197676
-14.414555
-29.264872
-15.485620
-12.840542
-9.380970
-22.379318
-14.894092
-11.551600
-8.731405
-12.525942
-1.350029
-3.771120
-2.961712
-5.836886
0.474444
-2.575846
-1.999590
3.480955
0.921399
-4.739352
-0.856239
1.778657
-1.808183
-2.372220
1.582160
9.650768
0.734065
-0.488697
1.491548
0.587456
2.089185
-2.816123
-0.852167
-7.182843
0.661779
-5.352262
-10.431667
-14.561165
-5.515161
-9.622261
-6.379546
-3.559351
-3.555279
2.226630
-5.713695
-2.796778
-9.474633
6.084290
1.276724
3.560369
-8.019739
8.333319
-0.554876
-1.226836
-10.821607
4.585616
-0.040725
-8.299722
-11.792894
-2.292808
-5.232123
-13.257972
-18.118481
-6.850935
-5.845033
-5.193434
-10.121140
-1.796985
-0.937689
-1.861125
-2.312153
-1.300140
0.518223
-0.696394
-2.011807
0.181225
6.676838
-0.815515
0.067196
2.756052
10.095685
0.754427
3.607202
10.055980
8.671334
-0.953979
2.903681
9.610043
4.447152
-8.904486
-9.150870
-2.101402
-0.865403
-9.224175
-12.372206
-16.592316
-12.104439
-11.499676
-22.821178
-13.585807
-6.053747
4.722045
-7.604343
-9.422710
-3.325183
1.747096
-9.454270
-2.387494
6.893695
14.927691
3.396452
-5.128274
0.457137
5.270810
2.268373
-7.170626
-4.135607
0.927509
-1.814291
-8.286486
-13.368946
-4.324977
-3.885149
-9.409473
-16.677837
-7.053541
-8.696788
-11.592324
-22.864958
-17.881260
-19.228231
-19.647696
-14.890018
-6.735886
-7.819169
-14.829947
-0.300343
-8.293612
-9.121346
-8.294630
5.440838
0.143553
-12.954571
-1.310321
-1.784768
-0.764609
-15.146585
-8.922811
-22.135988
-14.941942
-14.750536
-20.243294
-24.205826
-9.758692
-20.098728
-13.712053
-17.233732
-8.900417
-19.820776
-16.408037
-17.058615
-19.781071
-12.142111
-9.510269
-9.342278
-11.978191
-11.394809
-12.157382
-3.248824
-9.627352
-11.278743
-11.792895
-4.679283
-6.993472
-8.523708
-11.182022
-9.204830
-3.330273
-8.019738
-12.870066
-15.730987
-5.197506
-6.211555
-15.570122
-15.218871
-4.301559
0.949907
-8.794529
-3.813878
-2.261246
-3.967619
-1.525142
1.318467
6.934421
5.571160
-2.833430
6.369364
1.467112
4.968430
-3.384233
0.963142
-0.134392
0.628181
-16.029295
-13.694743
-5.357352
-5.981461
-27.404758
-27.833387
-17.910782
-12.495399
-26.572956
-23.681494
-20.944784
-11.533273
-17.211336
-8.044173
-9.980638
-5.721840
-11.874343
1.397880
-1.266542
0.566074
-3.037055
3.167374
6.584188
3.598039
-6.154541
-2.841575
0.673997
8.074718
-2.040315
-1.923232
2.124819
9.078583
5.045807
3.583785
6.309295
8.192819
10.180189
9.652802
10.198516
9.271008
10.803280
10.793099
8.676426
-1.172875
0.001018
-1.052737
-7.044814
-7.277585
-7.667456
-7.643603
-10.583261
-11.920664
-14.352832
-18.017122
-24.603798
-27.114105
-20.729767
-21.809725
-28.865234
-33.324894
-32.499916
-25.993021
-32.816578
-35.595024
-36.934074
-35.044765
-33.466358
-38.072433
-38.727966
-44.511055
-32.179127
-32.554203
-33.570824
-45.136162
-26.794146
-34.043770
-37.661999
-46.002266
-31.605017
-26.461031
-24.880987
-25.975752
-29.342289
-20.741282
-13.049973
-13.344432
-22.895437
-9.861917
-0.931084
-4.659531
-15.491188
-3.915156
5.168664
-0.755066
-5.855462
-6.569402
1.110391
-4.017970
-10.038757
-13.630668
1.010044
-5.234465
-8.091049
-11.213305
-0.658832
-6.879488
-9.739362
-8.802522
-3.310611
-6.909100
-12.172353
-4.341218
-4.848707
-9.042696
-17.771191
-5.891652
-6.186112
-2.623813
-7.908452
-1.184417
-4.003987
-7.782607
-8.587024
0.296927
-9.296029
-12.925777
-4.702300
-0.975500
-16.181274
-21.867300
-9.745943
-6.526631
-19.308468
-22.780287
-8.071310
-6.233817
-18.988508
-16.300541
-11.049623
-9.306722
-23.127388
-14.160364
-7.100744
-7.741482
-9.829016
-5.184292
-6.115376
-3.460308
-2.891129
-4.352732
-7.986590
-5.903167
-1.283118
-12.289971
-7.924901
-7.015203
-4.440742
-15.982227
-8.872435
-6.307844
-12.664216
-15.439370
-5.132474
-0.987837
-13.281099
-15.455820
-8.012911
-3.533511
-18.639765
-20.206650
-9.831485
-5.332346
-25.316092
-25.536526
-28.546099
-28.317438
-30.027441
-27.306570
-27.740034
-32.276188
-27.545923
-26.288298
-30.913286
-31.423243
-19.725479
-3.218489
-21.758728
-30.873806
-20.010069
-6.671393
-8.461180
-21.535828
-22.820591
-13.681664
-11.819495
-26.063757
-24.834923
-27.659430
-17.606689
-31.303154
-32.693207
-37.810051
-26.323669
-34.928787
-39.630268
-50.994091
-41.919323
-48.957550
-49.803093
-52.018120
-43.840706
-28.977093
-47.578205
-49.937168
-47.575737
-22.165874
-48.085686
-49.487247
-52.242668
-25.136786
-45.912613
-46.225166
-55.228382
-22.025225
-32.418484
-31.940601
-42.407070
-18.922709
-25.110464
-27.012934
-33.457321
-14.715560
-10.135812
-9.514818
-7.178061
-13.124822
-5.664639
-7.395203
-1.950996
-15.093916
-6.060266
-16.216642
-6.256025
-17.966125
-15.784002
-19.927818
-16.121233
-22.050718
-21.571198
-25.309513
-24.891678
-20.945265
-21.592583
-27.327137
-20.983101
-22.133797
-24.240246
-37.594551
-24.792150
-28.050123
-32.938313
-51.559982
-21.355700
-22.851847
-32.307446
-45.548248
-23.510679
-34.438572
-21.942970
-37.379051
-13.002268
-26.177261
-17.203659
-24.919641
-6.317714
-11.481443
-9.891528
-17.890455
-6.731438
-4.462950
-4.650482
-14.926944
-15.603871
-6.820270
-11.419756
-22.408514
-23.343706
-15.573439
-23.638994
-39.029015
-35.317017
-26.080206
-22.241545
-45.363174
-37.186584
-24.399815
-19.716431
-36.140350
-33.256630
-18.033571
-9.044340
-13.411054
-17.253010
-6.886069
1.664764
2.265198
3.058922
-1.139179
-4.165200
2.918272
6.466588
-8.322997
-11.523392
-6.836719
0.335585
-14.525559
-16.192791
-14.653872
-10.996161
-20.064356
-17.365692
-15.146556
-16.061190
-21.447819
-17.790932
-18.438248
-7.349057
-7.589639
-7.516642
-6.989213
-12.437262
-14.604555
-19.780151
2.546671
-7.100250
-8.183897
-22.768917
-6.674606
-14.432856
-16.712217
-37.992405
-30.277334
-29.997683
-35.495079
-48.725029
-48.235634
-38.993801
-44.626911
-49.608192
-57.682076
-49.909431
-58.276337
-49.715118
-63.049934
-56.458607
-56.064831
-47.966274
-59.851429
-52.949604
-47.885044
-41.337929
-48.990292
-44.554935
-39.310459
-33.753429
-41.211472
-31.971687
-30.648491
-32.928875
-38.010906
-32.909340
-21.679098
-26.358112
-29.728315
-27.800573
-10.901239
-20.163641
-23.029034
-21.472450
-4.534043
-18.640982
-22.891262
-18.902132
-3.673501
-16.851013
-22.848085
-22.764803
-9.342598
-10.006767
-13.569229
-13.013014
-5.399726
-3.978854
-6.231483
-15.173110
-8.235302
-6.942947
-15.079548
-16.508648
-8.615710
-9.574955
-25.314564
-20.402168
-9.459805
-18.575186
-34.481346
-23.606840
-16.865408
-24.542437
-32.644081
-21.476561
-15.399298
-21.793224
-25.720673
-15.853729
-13.145641
-14.575766
-22.485153
-12.997590
-10.398483
-11.317631
-15.669695
-15.994584
-10.254546
-10.517747
-8.958079
-11.816273
-7.871345
-7.347000
-14.454447
-8.033789
-8.543741
-10.072567
-17.697163
-7.623568
-8.550938
-13.946552
-19.002886
-5.918931
-6.201666
-10.821044
-22.131477
-8.295963
-7.813770
-14.954117
-24.256617
-13.316312
-9.985177
-14.125446
-16.965136
-31.221157
-24.691517
-22.576656
-26.365309
-37.131863
-28.545969
-19.452175
-32.050854
-24.524958
-16.849985
-15.408551
-35.457039
-22.789478
-16.349289
-18.072430
-41.767689
-22.025581
-17.497702
-19.678366
-42.653934
-18.767447
-15.167969
-11.453343
-31.070017
-13.914680
-12.502034
-7.790124
-18.051868
-8.055383
-8.272317
-4.164947
-4.586478
-4.150552
-3.585081
-1.370496
-7.722269
-10.908437
-1.165896
-1.480508
-27.674112
-24.527014
-21.813784
-22.092411
-53.893421
-48.751759
-38.324490
-41.652538
-64.171616
-58.976490
-47.596142
-58.627956
-69.872589
-64.950943
-57.414761
-84.260201
-81.066841
-79.637741
-44.071720
-82.885590
-72.574501
-68.076439
-30.925053
-61.104713
-58.013138
-52.951660
-21.757240
-46.729435
-41.424290
-44.580647
-13.592878
-33.245537
-24.949575
-33.496399
-4.876408
-10.225759
-8.393636
-21.174292
-8.704128
-5.203354
-10.299785
-16.117956
-15.617259
-13.872527
-20.091671
-20.397030
-19.345255
-20.672565
-24.981447
-21.135221
-18.059061
-22.560207
-23.692177
-17.616970
-17.234505
-25.324844
-24.329615
-18.178326
-22.652740
-18.631731
-23.186333
-16.289656
-22.116055
-17.209827
-21.482729
-17.574816
-21.485813
-19.548820
-24.187735
-14.181994
-21.334679
-23.016695
-23.961546
-19.746220
-26.847498
-17.844185
-17.587151
-22.905657
-19.760616
-15.469208
-15.082634
-20.548162
-13.686437
-15.896909
-15.700538
-19.079994
-14.198443
-14.872895
-17.419567
-22.879955
-15.234797
-15.029174
-16.663897
-22.225039
-11.780289
-15.234796
-15.928783
-20.460768
-17.836987
-18.418907
-18.656404
-21.706860
-18.986435
-17.537806
-17.044302
-19.625929
-17.539858
-13.956833
-10.278192
-12.641859
-13.395476
-10.658601
-7.913498
-10.854971
-12.378658
-13.702888
-11.042090
3.393951
3.741673
3.755551
3.556633
-2.363892
-1.435606
-0.646100
-13.575803
-20.662857
-24.434599
-29.792294
-31.383636
-42.111359
-47.190720
-36.592525
-41.549301
-45.028065
-52.339470
-39.778309
-44.806015
-48.385002
-51.646343
-31.747551
-38.464523
-36.893215
-41.109829
-19.895712
-25.696732
-19.431564
-5.580513
3.194263
2.226657
4.711594
2.853479
10.504904
8.954418
13.412352
6.016901
6.669939
5.623688
9.186490
-4.448680
-3.150315
-0.633763
3.614459
-3.996874
-6.708488
-4.069349
-6.650663
-3.178842
-6.905095
-5.076277
-9.191115
-6.189604
-9.459425
-8.344554
-6.060847
-3.957554
-4.185769
-4.881214
-4.392399
2.279852
-3.269819
-6.815656
-5.912044
1.855032
-3.698497
-10.585085
-4.607509
2.346930
-0.100230
-18.773130
-14.542641
-0.960669
-7.989895
-13.524145
-13.235021
-1.874306
-15.460133
-12.932017
-12.211131
-5.592849
-13.214204
-4.246679
-3.497265
0.945248
-7.371551
2.328426
3.887393
3.794101
-2.520406
1.158045
3.347691
3.809521
-5.205805
-1.568219
-2.297586
-1.634525
-5.578970
-6.772482
-0.309943
-2.208150
-6.513425
-13.061543
-3.181925
-5.958303
-13.879580
-16.606613
-1.748633
-5.649903
-14.820202
-15.211869
-0.474937
-4.544286
-9.760115
-10.310610
-4.117151
-8.289043
-14.261996
-11.918149
-4.510362
-5.087842
-9.286720
-12.228093
-14.804782
-16.844852
9.256650
-4.647600
11.246607
8.231989
5.801790
-18.117008
-1.087883
5.835714
0.874317
-30.758362
-2.275225
5.734714
-6.556603
-30.847794
-6.466393
1.403995
-14.588128
-33.271049
-18.118546
-14.270474
-24.639683
-40.015003
-17.511770
-21.113123
-29.429150
-34.068268
-21.738401
-25.550240
-30.827744
-33.274136
-29.632694
-32.015862
-39.314163
-40.523098
-35.407501
-49.934723
-53.659431
-67.367058
-66.116508
-59.113499
-72.660767
-70.249069
-70.087936
-51.719593
-68.804985
-56.175209
-53.621651
-45.529984
-61.071842
-45.137543
-41.387390
-32.442223
-53.341007
-31.934906
-30.540161
2.975297
-19.988998
2.007691
1.010011
7.767075
-8.322968
11.069276
8.174163
10.039218
3.387783
11.471740
12.884215
6.257453
0.776400
0.447952
3.861178
-5.223539
-12.305191
-14.270474
-12.272039
-16.840227
-22.124672
-22.766148
-17.682159
-24.254955
-28.933395
-31.345860
-19.160944
-26.506279
-29.225603
-35.733631
-9.727732
-22.337471
-27.967327
-30.878635
-16.674461
-18.816305
-11.293639
-15.351422
-13.071568
-8.040011
-7.450192
-8.377708
-14.829452
-15.634378
-8.910470
-19.866409
-15.753112
-20.975880
-6.242803
-14.988282
-12.284375
-19.140898
-1.276007
-16.334448
-12.054614
-18.204905
1.973766
-11.511060
-6.843417
-1.366987
12.372269
5.275967
5.412435
7.433231
10.539597
6.912806
7.100158
5.713126
6.485668
2.749391
3.807978
1.764823
-0.289897
-3.922858
-4.560477
-5.143354
-8.003000
-8.393128
-9.967513
-7.871160
-12.499485
-14.041490
-16.607386
-6.912804
-15.985188
-12.166411
-15.945093
-7.918962
-16.766211
-11.346067
-16.053804
-10.137136
-18.549541
-16.018341
-21.352901
-9.779388
-14.444723
-10.941288
1.672924
1.433321
1.313090
1.395534
-1.865292
-1.152497
2.335051
-7.437983
-10.436020
-11.652927
-11.712182
-13.892652
-23.250031
-27.623850
-17.012634
-15.342288
-28.735123
-33.520302
-23.979143
-21.443134
-31.444603
-36.453072
-19.662001
-11.360938
-18.376394
-20.201324
-1.981229
2.192493
2.379707
6.099130
-1.005646
1.851550
14.031775
9.514537
-10.430867
-8.816341
7.200957
1.415288
-18.335171
-13.961353
-4.012269
-10.533921
-19.272112
-13.694271
-7.685313
-15.196294
-22.682373
-11.932893
-9.092012
-6.213347
-13.195313
-5.712674
-7.244754
-2.445834
-9.722365
-3.138878
-3.665318
-11.313704
-11.285363
-9.013865
-12.854373
-17.876577
-15.313089
-15.039996
-17.422277
-19.737579
-16.840017
-18.999018
-19.680899
-17.928104
-11.980126
-18.390991
-16.758434
-11.942338
-10.448043
-14.754019
-18.952641
-11.661514
-11.634033
-8.034841
-10.005766
-6.579192
-6.442645
-0.936081
-11.281070
-8.352595
-3.791559
3.855110
-7.400195
-11.210649
-2.020733
-1.033983
-9.414059
-13.576616
-11.534412
-4.904552
-8.754509
-12.072016
-16.842594
-8.362041
-3.372469
-7.887130
-15.148202
-14.929211
-3.105386
-6.772421
-13.514785
-16.152128
-2.675991
-7.009446
-11.332598
-14.122806
-2.529996
-7.473193
-12.085757
-15.651452
-5.754754
-8.820636
-15.670348
-16.025026
-6.358483
-6.983683
-12.272114
-12.043675
-10.612930
-13.053613
-4.457123
-13.097411
-8.878173
-7.288553
-4.203778
-22.078638
-16.886396
-8.284751
-11.901116
-36.595627
-17.933258
-9.492210
-5.680038
-31.039257
-20.084528
-6.890934
-3.329530
-37.264626
-19.753895
-5.741871
-1.184272
-25.701876
-8.710711
-1.452214
-0.258496
-5.547786
-6.969943
-3.121704
-9.417495
-3.929825
-11.153110
-11.217520
-19.161327
-13.061341
-14.774632
-22.927124
-31.683350
-31.087353
-29.578455
-34.227947
-40.473934
-41.235672
-37.462151
-35.645809
-44.986870
-48.127464
-42.347809
-30.420071
-48.043308
-44.649368
-39.532696
-17.496136
-35.225857
-22.274448
-26.322784
5.835480
-4.636608
0.457734
-13.563734
7.969574
4.172863
6.995706
-9.531718
3.539934
4.986137
7.294566
-5.729847
-3.776960
-1.236657
-0.748866
-4.848731
-6.032143
-10.959883
-11.784321
-3.065882
2.278371
-3.783830
-6.336155
5.531468
1.069194
-5.251501
-5.534904
5.229174
-4.074101
-9.548030
-7.121947
4.624586
-4.152251
-12.999509
-12.057415
-5.911912
-8.465096
-12.275548
-18.866764
-10.890319
-10.429150
-13.589497
-24.997667
-18.962946
-19.874125
-24.187828
-42.132248
-36.145622
-35.177769
-34.020123
-50.409275
-36.175686
-38.587166
-48.347317
-62.145504
-42.990185
-44.481045
-44.401173
-52.491837
-39.103294
-30.192492
-44.033619
-46.593666
-41.949329
-25.960375
-43.294197
-47.829468
-42.983315
-21.749723
-31.006624
-39.339462
-38.523617
-17.591459
-18.395288
-24.141453
-28.141699
-13.586062
-7.126243
-16.985153
-17.265120
-14.838181
-4.005398
-13.133480
-15.260703
-12.420685
-6.027849
-5.414673
-12.770212
-5.814011
-6.320695
-4.008833
-12.011900
-4.260459
-11.335174
-7.078151
-14.211262
-3.413691
-11.172002
-6.291498
0.527493
0.574764
0.874902
0.820877
-1.261330
-1.932138
-3.414820
-2.419111
-4.969536
-6.904675
-8.797044
-7.324867
-6.124317
-8.259048
-6.046280
-7.513954
0.488473
-2.221770
0.160574
-9.214237
4.109639
0.036767
-0.785611
-19.521725
-5.909719
-14.005189
-13.807095
-26.793320
-19.033251
-21.108706
-16.895519
-22.222218
-26.350616
-27.320061
-18.123831
-16.761955
-27.443117
-24.693855
-13.264597
-11.642352
-25.705317
-20.566202
-9.757485
-15.484868
-20.717775
-9.246501
-6.637551
-15.773751
-15.146461
-7.558225
-8.316823
-14.155255
-13.416918
-4.352002
-7.153038
-13.319373
-12.520255
-6.518997
-6.812382
-10.486071
-11.092349
-4.537336
-2.735008
-4.352751
-8.153997
-2.744761
1.806080
-6.295394
-1.653009
3.023140
0.930428
-8.983130
-0.633291
2.620204
-3.720960
-12.001017
-0.236359
-0.352662
-8.201270
-19.104534
-0.857645
-1.860855
-11.917728
-20.959387
0.811122
-1.799327
-11.037573
-23.690643
-6.207603
-6.353171
-11.335461
-20.522684
-2.834802
-4.331742
-5.376972
-20.523434
-7.472686
-6.575272
-4.027852
-17.423759
-10.772702
-9.373309
-1.137523
-17.486038
-11.424751
-8.932857
-2.704244
-17.037333
-5.078335
-4.690406
-5.365717
-17.463530
-3.632420
-1.260580
-13.257092
-17.920490
-3.498858
-1.680022
-14.984387
-16.468573
-5.455007
-4.903504
-16.223209
-11.090848
-12.304154
-12.644814
-10.026110
-2.983371
-11.853199
-12.551769
-3.182214
-4.655891
-12.917186
-13.275102
-3.388559
-11.064589
-3.704452
-7.496697
2.669728
-0.585270
5.292181
-0.941682
6.546759
9.887296
6.918180
-0.668557
-0.024761
4.672398
-4.352750
-10.642892
-11.910224
-6.030521
-15.269521
-19.821115
-22.614647
-21.146971
-21.979105
-26.251572
-29.270206
-25.942425
-27.432611
-31.701326
-35.791454
-32.300846
-31.501730
-35.661644
-38.697536
-29.191422
-26.953894
-32.810329
-32.533455
-18.345186
-16.036373
-28.223473
-16.974304
-5.831681
-1.436160
-30.301931
-15.305537
-5.700371
-4.786453
-27.044683
-15.942579
-7.246079
-2.027435
-24.276661
-19.736322
-12.574280
-7.037486
-16.636648
-19.686802
-13.731311
-12.146583
-8.953866
-18.086315
-14.143250
-17.982018
-3.719461
-9.308029
-7.963411
-17.618849
-4.936520
-9.377060
-7.988172
-17.498795
-10.480819
-13.554980
-13.674288
-17.175398
-17.533310
-22.697186
-20.323090
-20.735783
-23.121128
-28.566385
-29.716660
-18.354187
-20.005697
-24.401217
-28.074907
-10.819974
-14.954372
-16.928532
-22.631151
-2.951107
-6.600785
-7.820846
-7.032983
5.582565
5.515033
1.833092
5.554802
10.062876
13.702799
4.928265
8.020434
6.502489
10.014853
1.615493
3.771233
-2.461133
0.384176
1.111261
2.065700
-1.886368
-0.689568
-5.497778
-13.064257
-3.354791
-2.113722
-8.104475
-19.265108
-6.945943
-9.163213
-14.342093
-13.634518
-9.353799
-12.858661
-20.428890
-11.817932
-12.593788
-18.040543
-19.674046
-10.083885
-12.623801
-17.543818
-20.128000
-12.329668
-12.542015
-17.833447
-20.580462
-16.930784
-16.458818
-15.646943
-19.008492
-15.057173
-16.467072
-12.776873
-15.673202
-15.830027
0.935405
0.862402
0.689143
0.629768
-4.315905
-4.246796
-3.845769
-4.868776
-6.216888
-7.031596
-12.855245
-9.055223
-9.001689
-8.239545
-3.598534
-5.895676
-10.338120
-9.006555
-3.782501
-10.597035
-15.432717
-13.127789
-3.993721
-15.227337
-17.490416
-14.749416
-3.145919
-9.304404
-15.657563
-8.285292
5.577388
3.240335
-5.537479
-5.702952
7.898864
2.656315
-4.019027
-2.962927
5.273696
-2.151139
-3.606321
-8.186007
-5.847008
-14.644290
-5.263963
-9.040624
-15.371397
-18.697386
-10.874446
-7.995228
-16.763309
-17.740568
-12.221584
-4.884351
-12.569077
-14.401921
-13.710834
-4.520312
-6.847629
-10.992222
-6.730825
-7.271045
-5.534559
-8.946209
-3.419435
-7.441383
-8.923820
-11.600574
-5.329179
-6.225650
-10.628182
-18.533863
-8.598716
-10.623317
-12.606063
-15.157254
-2.584287
-7.225296
-9.755075
-16.054699
-1.317938
-1.706311
-3.947973
-18.291494
-2.791614
1.359792
-6.178927
-18.506609
-2.580394
-0.925671
-11.304672
-17.339544
-4.084244
-0.932485
-9.768702
-14.327948
-7.154240
-3.351300
-4.789934
-12.608009
-6.142912
-3.425276
-4.576768
-16.313614
-7.637030
-4.083270
-7.096811
-15.741275
-3.566413
-1.844528
-9.432890
-17.843748
-3.581014
-1.192374
-12.531114
-19.710661
-6.934259
-5.527745
-15.481386
-11.019476
-12.030803
-8.635703
-13.310781
-13.977535
-15.332462
-11.380594
-10.404309
-12.363694
-11.338738
-4.225381
-10.348826
-18.026739
-20.865076
-9.474746
-8.852763
-15.676061
-15.350956
-7.469611
-8.990009
-7.484210
-17.111776
-6.881698
-6.075751
-8.041949
-16.363258
-11.320248
-6.355107
-12.285825
-16.888874
-11.588897
-9.271311
-12.434749
-16.083902
-14.700748
-14.053458
-12.486339
-14.498285
-15.161149
-17.429094
-14.051513
-12.350070
-15.963200
-23.261499
-19.531565
-19.430334
-25.848709
-23.526255
-11.018504
-7.618538
-21.718716
-18.405376
-8.560756
-6.912847
-18.990374
-23.210884
-12.749148
-11.804982
-18.559168
-21.794640
-10.717732
-6.598449
-10.183355
-9.046463
7.790821
9.197337
-8.159727
-6.727905
6.608182
1.378285
-5.272724
-2.302012
6.606236
-0.969473
-10.355642
-5.709764
-2.704985
-12.841616
-16.789591
-15.259459
-18.344057
-15.194242
-15.229285
-18.177612
-20.515635
-11.780648
-14.053457
-19.497498
-20.951706
-9.098053
-12.872764
-18.005325
-20.934183
-8.599689
-12.502887
-17.703581
-23.243008
-9.902053
-11.956829
-17.308395
-23.234249
-4.791881
-6.724986
-19.035145
-24.788713
-6.177955
-9.155480
-14.158583
-25.645273
-8.954967
-8.775867
-8.133447
-14.968422
-3.365900
-4.787987
-12.998330
-10.227157
-2.651449
-12.084339
-10.140527
-9.361833
3.364927
-5.951160
-6.252903
-6.605262
3.181933
-1.295551
-9.202202
-7.615616
-1.533053
-3.150786
-6.737640
-6.473857
-6.521552
-6.113711
-14.110887
-6.089377
-13.976563
-13.912320
-20.622709
-11.366968
-21.877373
-19.148056
-16.721455
-11.858519
-20.416349
-15.770476
-15.751981
-10.757644
-18.986481
-14.080712
-14.671545
-10.983462
-17.790211
-13.178403
-14.950903
-14.343520
-20.587667
-14.350335
-15.714992
-12.005495
-4.301018
-4.664059
-5.541499
-6.164702
-6.935492
-8.146348
-10.791057
-14.543200
-15.100692
-16.138107
-9.894224
-16.280848
-17.878983
-20.654039
-14.322899
-21.961313
-17.406599
-20.708443
-18.698250
-26.065187
-24.063616
-27.377848
-23.005190
-31.847460
-26.886074
-26.921083
-26.179920
-33.690674
-25.596037
-25.103182
-26.366289
-32.587009
-23.041281
-18.647617
-23.717270
-29.344950
-26.327501
-20.442896
-26.730406
-30.414686
-31.592684
-24.435272
-25.118265
-27.389158
-31.690712
-18.720871
-15.914573
-19.345154
-19.861166
-13.524102
-13.262862
-16.629345
-19.378010
-11.183722
-9.640528
-12.111794
-14.948257
-10.820142
-4.906985
-8.883204
-12.621883
-6.340837
-3.149950
-4.438909
-8.056933
-3.620719
-4.781481
-7.278064
-11.280677
-6.045125
-7.916350
-7.117551
-4.311252
-2.206258
-3.542077
-7.289376
-4.232072
-3.562546
-10.114528
-11.123394
-5.656767
-6.406012
-11.300607
-12.684366
-4.222376
-4.821342
-8.055857
-17.807882
-7.168183
-6.920948
-7.764454
-18.080435
-11.587701
-9.678230
-13.032326
-20.014679
-13.830047
-12.954762
-8.176511
-17.037094
-11.706738
-9.534415
-9.058799
-17.066179
-14.211401
-11.323768
-9.504790
-14.611070
-8.352646
-5.975101
-8.523932
-11.200959
-7.727288
-5.547963
-11.101311
-8.918753
-4.133502
-5.697704
-13.776721
-14.057349
-7.193499
-7.546845
-14.083205
-12.370878
-16.064314
-18.332514
-16.450516
-18.995577
-21.030550
-21.731853
-15.271979
-18.210243
-18.996115
-20.203741
-13.802038
-20.862495
-21.449608
-21.097878
-11.673343
-10.943489
-19.986666
-23.147392
-9.264019
-9.901226
-9.257016
-17.211071
-13.500938
-15.982980
-14.290042
-20.043764
-19.718430
-21.521788
-18.767733
-23.524437
-22.775192
-24.369558
-22.166534
-25.467302
-26.844599
-31.352455
-29.501696
-34.203457
-34.056946
-33.732685
-29.764553
-29.400970
-35.254875
-31.992353
-31.022268
-22.795662
-32.691505
-27.117685
-26.116898
-21.472771
-31.180628
-23.647249
-23.637554
-20.994999
-26.616215
-22.871609
-25.123653
-17.880598
-20.197817
-15.981362
-15.074298
-16.559860
-11.235970
-11.357705
-8.617117
-17.826197
-12.166197
-16.122486
-13.761639
-24.458435
-17.978094
-28.164259
-22.917395
-23.175940
-24.505297
-31.181166
-23.349916
-23.209335
-27.026657
-33.575409
-26.374905
-20.069620
-24.787004
-30.065649
-19.301523
-19.053211
-24.028065
-30.946318
-17.484163
-18.557667
-23.642937
-32.583775
-11.679268
-14.376225
-20.755302
-26.794504
-11.927040
-14.769429
-13.177219
-17.906452
-5.554965
-6.271891
-10.838994
-12.805559
-3.366482
-2.455108
-10.420472
-12.664436
-6.107068
-3.309925
-6.962423
-19.192719
-10.838994
-6.790599
-10.422088
-20.908279
-14.205478
-5.466090
-18.093361
-24.189657
-15.658721
-10.144152
-19.200800
-25.061710
-20.444513
-14.709642
-20.541468
-23.297134
-21.391973
-14.762966
-20.414888
-18.017952
-20.603949
-17.482006
-17.459925
-13.625902
-14.933174
-16.843721
-14.601375
-9.514485
-11.105083
-15.424410
-13.134127
-9.204770
-9.456315
-14.007796
-12.348794
-10.334830
-10.931640
-13.665763
-13.461619
-14.067048
-16.115486
-14.551282
-12.739305
-13.507942
2.811501
2.957453
3.029789
2.716760
4.259501
4.673673
4.535402
-2.162398
-0.302148
-1.353899
-2.787175
-8.305195
-11.795886
-15.183516
-14.531851
-14.692527
-20.024265
-24.666571
-27.105509
-26.544746
-29.150763
-33.527409
-39.551785
-36.917599
-37.551338
-40.898636
-41.829403
-43.695412
-40.284744
-40.995941
-41.888298
-42.892681
-33.701527
-28.821730
-28.812128
-32.385395
-24.928387
-18.453362
-18.530815
-23.897123
-18.301643
-10.880485
-10.767179
-15.854383
-10.963703
-8.266788
-9.719269
-12.368173
-9.159144
-5.247240
-9.305097
-12.108916
-11.902791
-6.443024
-13.177312
-15.320507
-14.402542
-14.396782
-11.923275
-14.657959
-16.310165
-15.135506
-11.897669
-14.131763
-16.933662
-15.275696
-11.333704
-13.611329
-10.429186
-11.744036
-8.662394
-15.922880
-7.832770
-8.732169
-7.585036
-15.253290
-9.701984
-5.683177
-10.533529
-14.108078
-9.879304
-6.587696
-10.291554
-12.648555
-14.656040
-10.884965
-13.000633
-10.251865
-11.984728
-11.274812
-14.293720
-6.613301
-9.061843
-9.239162
-16.522051
-8.391615
-4.838829
-5.717104
-11.580799
-9.847937
-2.312190
-2.056775
-6.957698
-12.567897
-2.878716
-3.449723
-7.718826
-14.140083
-3.552785
-6.035894
-8.458830
-13.287416
-3.349220
-7.577995
-8.456270
-12.876446
-5.916188
-9.269888
-10.482957
-13.154907
-7.495416
-11.146783
-11.946959
-14.215622
-10.792786
-14.603547
-5.416877
-10.064304
-8.980545
-14.677164
-3.247438
-10.637874
-13.679825
-13.985171
-5.879060
-20.346897
-15.106060
-12.660718
-5.739509
-15.493986
-15.923521
-10.507282
-10.798547
-17.493788
-13.869946
-9.608522
-15.753883
-21.567007
-14.443510
-14.261071
-18.199223
-24.680655
-18.261957
-18.920023
-19.026285
-23.279385
-19.620337
-20.595272
-18.239552
-21.058094
-15.926722
-23.823503
-18.307405
-28.049719
-21.988218
-21.673908
-23.089901
-36.671783
-31.061584
-20.345615
-27.008209
-44.107666
-39.270123
-22.755749
-30.267809
-52.579300
-50.356087
-26.508257
-39.923065
-56.888092
-60.484409
-16.820997
-41.986881
-46.893570
-55.826096
-12.217100
-33.718170
-28.811491
-39.768150
-5.311255
-20.123489
-14.739897
-25.279188
-0.197804
-10.382454
-6.652349
-14.026140
-4.777376
-11.050761
-10.148802
-10.614825
-12.078190
-14.433270
-17.377920
-11.815091
-16.017620
-19.380924
-24.109650
-14.418546
-19.137030
-23.470148
-28.001068
-12.873886
-17.029043
-23.788935
-26.151699
-14.103597
-13.145946
-13.524270
-14.273874
-10.141123
-8.638069
-7.388512
-7.469173
-9.995810
-12.735616
-10.850397
-15.071490
-15.223206
-16.559179
-17.527075
-22.911945
-21.898600
-22.794800
-23.431099
-30.645494
-28.961281
-28.315378
-24.833649
-32.568478
-30.037361
-24.632645
-27.239298
-33.531887
-32.703548
-21.683516
-23.262098
-32.118458
-28.128458
-17.562922
-15.847983
-29.289034
-24.910465
-15.638656
-11.096851
-19.996740
-17.776089
-15.504867
-9.983646
-17.047607
-12.747777
-17.370239
-12.912933
-17.913719
-16.434992
-17.139790
-13.707349
-15.165591
-16.305044
-14.937700
-12.046823
-10.652596
-11.313221
-11.914952
-10.681401
-9.360789
-10.482957
-9.020233
-11.754917
-10.330604
-5.743208
-6.065704
-6.713304
-6.950177
-7.703391
-9.259804
-12.388708
-9.996502
-11.342118
-12.044482
-4.471478
-7.958955
-8.440959
-10.899665
-4.328920
-7.622985
-6.216086
-7.813788
-3.402288
-10.278579
-8.148019
-10.773188
-9.731379
-19.876524
-12.318299
-12.583423
-15.818811
-25.514986
-14.867843
-17.460848
-22.115740
-29.685703
-19.637047
-15.619750
-23.978134
-26.660238
-22.308716
-16.402525
-23.347921
-23.642597
-24.548803
-15.573249
-17.002312
-17.108360
-23.902506
-13.202771
-7.454783
-10.268147
-12.839856
-8.835170
-4.590570
-7.007113
-10.630194
-7.766413
-2.781634
-4.844392
-7.568657
-9.096818
-2.027117
-4.384119
-7.188354
-7.401323
-1.857611
-2.367867
-4.322835
-2.346570
-0.976180
-4.415846
-7.829000
-2.970699
-3.916891
0.071280
-1.955402
-0.302068
-1.247824
-0.684543
-2.111001
-1.593790
-4.826138
-2.317450
-1.608568
-1.842834
-6.964953
-5.256857
-2.861608
-2.882035
-6.580306
-8.924268
-5.018244
-4.946095
-7.030583
-10.051266
-9.130283
-9.063351
-12.360892
-12.168349
-10.681046
-10.456341
-11.376888
-10.793614
-10.551960
-9.204605
-9.533185
-10.033880
-9.653144
-8.889064
-6.191312
-8.161057
-5.295973
-3.744342
-3.107608
-5.638462
-3.756511
-2.747300
-5.662366
-4.727476
-0.771035
-2.128820
-9.325433
-8.650451
-3.284503
-4.361518
-10.466772
-8.137589
-5.874032
-7.896801
-14.361498
-17.287865
-18.451809
-17.806814
-12.439127
-15.559774
-17.030563
-16.991446
-11.147840
-19.150257
-17.242662
-14.576204
-4.002079
-8.447045
-8.219731
-8.359684
0.922720
-3.617430
-0.612394
-4.817444
-3.166283
-4.611865
-0.853615
-5.852735
-7.536058
-7.554749
-3.982085
-7.263545
-9.574040
-10.227728
-7.693395
-9.572736
-13.176258
-16.824551
-17.719454
-15.323769
-17.218325
-14.151571
-12.275706
-13.056299
-15.660173
-15.366363
-14.612713
-9.774840
-18.267958
-16.785868
-13.761272
-10.315955
-19.444937
-16.963198
-15.044303
-10.320304
-17.504313
-14.964761
-15.153831
-13.152789
-16.398611
-17.288300
-15.990056
-13.844285
-11.934955
-17.581240
-12.479113
-15.974845
-13.138880
-18.521778
-13.767358
-20.056896
-14.108106
-22.868521
-15.459375
-17.837236
-15.999185
-22.263081
-15.288128
-13.489193
-14.760487
-21.545940
-13.871669
-9.585777
-12.247888
-17.059683
-8.599165
-9.296313
-11.589856
-16.814987
-9.997372
-12.080121
-12.787265
-20.667116
-6.233471
-10.381585
-16.791954
-21.127827
-11.388188
-15.701029
-9.709646
-14.335854
-5.559359
-9.535358
-5.396373
-7.925054
-0.246436
-3.287980
-3.279721
-5.120382
2.105785
1.788505
-3.972524
-11.619845
-3.707834
-1.756777
-7.002768
-13.681734
-9.438436
-4.981735
-12.861588
-15.627141
-13.467896
-8.570479
-15.903131
-21.438587
-18.018044
-9.623590
-17.223974
-22.313496
-21.429459
-10.143842
-13.706074
-16.462936
-17.235273
-11.076559
-9.414096
-8.328389
-7.552575
-8.324479
-6.997552
-2.268337
-0.491133
-8.037189
-6.143502
-2.837269
0.190369
-8.518758
-7.530409
-6.733730
-4.502337
-10.420702
-10.786226
-11.919743
-11.384713
-11.752846
-10.312913
-10.504585
-18.626499
-19.767975
-21.126787
-21.945099
-35.108002
-41.248169
-53.490704
-40.491276
-52.790512
-58.557434
-47.963799
-46.406551
-59.474010
-67.289551
-55.092365
-52.600578
-57.493431
-65.971359
-60.335793
-57.118298
-56.895294
-62.107540
-59.240616
-64.391441
-57.734398
-60.409496
-56.862221
-63.288704
-54.434692
-52.935081
-54.837234
-58.175678
-42.901798
-35.134453
-45.049629
-48.423988
-39.314838
-29.691650
-41.345501
-42.779903
-34.097866
-22.815382
-36.134197
-37.917274
-36.168213
-19.798214
-30.134827
-30.651701
-25.723881
-12.635629
-25.645454
-26.247372
-24.693903
-12.109302
-23.056339
-24.100487
-19.124477
-13.814904
-18.661461
-26.748188
-27.325541
-17.811022
-15.389162
-20.585342
-22.079279
-12.046937
-13.102427
-22.408115
-34.916180
-16.506071
-19.544973
-21.725876
-24.381132
-9.983206
-11.999691
-15.774692
-24.127892
-13.685450
-12.069614
-13.128884
-21.408375
-18.278763
-13.452996
-11.267369
-18.362864
-17.900789
-11.705816
-14.200436
-15.159543
-15.824776
-9.504126
-15.376878
-19.431581
-19.246372
-17.223272
-15.646184
-18.264589
-22.728449
-15.464755
-17.723145
-13.050455
-17.622034
-19.337088
-19.199125
-10.364013
-15.135920
-16.179125
-13.546544
-4.902307
-9.799890
-10.114552
-6.799729
-4.307944
-7.274086
-4.865455
-5.466431
-5.383276
-5.444698
-6.084417
-10.576624
-11.353358
-10.576623
-6.750594
-13.575836
-23.460768
-23.395573
-28.895069
-37.158501
-44.647087
-36.094513
-32.689915
-46.860123
-36.322235
-27.741310
-32.565193
-48.397522
-37.766094
-28.601198
-32.213673
-37.775543
-39.708870
-32.109730
-32.388489
-33.206799
-35.115559
-35.005001
-33.274834
-36.543350
-34.403084
-36.012299
-38.560780
-42.845104
-41.479675
-42.042854
-39.414997
-45.067585
-40.396782
-43.480099
-42.380196
-61.898708
-59.462673
-62.220932
-61.189064
-74.812141
-71.835609
-55.687675
-74.042969
-76.898552
-78.068382
-42.635326
-72.790939
-73.213326
-72.819290
-35.926311
-66.098923
-71.017296
-71.415115
-36.344913
-68.933723
-69.248390
-79.477280
-24.392471
-58.074566
-57.613441
-62.309761
-21.288372
-33.677372
-43.068108
-37.971149
-18.934546
-22.870190
-33.972191
-34.707348
-19.155659
-17.939533
-30.233097
-30.087580
-26.942844
-24.491690
-32.619995
-30.765093
-31.741205
-32.056816
-37.904057
-32.111618
-32.784412
-35.697636
-36.868408
-25.897747
-28.618210
-30.661148
-32.482983
-24.847929
-22.935387
-27.013716
-30.344599
-20.809292
-17.143900
-28.694748
-26.292728
-24.803516
-29.252258
-15.444913
-18.522554
-18.067097
-25.504658
-10.770334
-15.784143
-18.920374
-21.196712
-20.215874
-21.070091
-22.440243
-23.575106
-33.645245
-33.033871
-27.308531
-27.146002
-35.036182
-33.537521
-29.908039
-22.067940
-41.493851
-33.953289
-33.016865
-24.055134
-36.793762
-31.923576
-33.895653
-25.196611
-34.483398
-30.536419
-39.856281
-21.500036
-31.111881
-24.659889
-39.157978
-22.041481
-30.383341
-25.796640
-38.547546
-20.053345
-20.723303
-17.738262
-30.685719
-12.599723
-13.701513
-10.961209
-21.420662
-6.454829
-8.154762
-4.043364
-9.313249
-3.407424
-6.168516
-2.643920
-6.824298
-10.410316
-11.332569
-6.681613
-10.056273
-10.549934
-11.338387
-11.452782
-12.321310
-14.680504
-19.995510
-12.732254
-11.116633
-11.890125
1.531144
-6.024260
3.445955
2.962850
4.754467
-10.110829
2.345116
1.743215
-7.543084
-25.930017
-11.433424
-14.235242
-36.727215
-51.264290
-35.944050
-34.412903
-60.985294
-67.108994
-52.950306
-54.034428
-71.368034
-76.502655
-69.284271
-55.609570
-67.409943
-69.044044
-73.375244
-49.308998
-52.950306
-54.606403
-58.406105
-29.502682
-31.701721
-37.302715
-42.200619
-17.892385
-15.968777
-22.615175
-20.555168
-10.361622
-8.557688
-12.247394
-7.822914
-4.376080
-1.279473
-4.362881
1.916570
0.209432
-2.021286
-7.071422
-5.871145
-1.702738
-4.216806
-4.981498
-10.418819
-1.070041
-5.423243
-8.951034
-13.212718
-5.055415
-7.832594
-3.408115
-1.041002
0.307989
-0.059838
-3.797941
-1.172997
-0.666135
3.621948
-10.946800
-1.155397
-0.171594
-1.210835
-20.788363
-14.987613
-13.780296
-11.961403
-30.336891
-30.120420
-32.050190
-26.142086
-30.746078
-30.975750
-36.042603
-28.536472
-22.301907
-27.696108
-28.480160
-15.520873
-14.495711
-21.283781
-18.480206
-8.330656
-13.161680
-14.149884
-9.769403
-5.021976
-6.417606
-6.386807
-2.473590
-2.170001
1.839133
-2.809737
-1.590982
-2.791257
1.451066
-0.916927
-0.432064
-3.904417
-7.830834
-5.899305
-6.258331
-9.512453
-13.005924
-19.920712
-19.134020
-18.115900
-23.356987
-36.310112
-32.160183
-11.174712
-18.029661
-28.709827
-28.830389
0.544701
-0.879088
-27.807865
-25.463631
8.541849
12.308110
-11.593576
-12.110119
10.700409
10.770806
0.019359
-4.828384
-3.518111
-0.116157
-4.259045
-11.939404
-14.827457
-8.831359
-11.767811
-18.681717
-25.399395
-22.025595
-22.130312
-27.691711
-32.583447
-36.538025
-38.150127
-41.527443
-47.065964
-33.951797
-32.665287
-33.899883
-45.194271
-37.133762
-33.263664
-26.368237
-44.161186
-45.901764
-40.862186
-25.350996
-46.961246
-61.121685
-54.571205
-28.528559
-47.237556
-59.609905
-56.667297
-34.000195
-49.264996
-54.992714
-54.189301
-33.793407
-45.433620
-52.085297
-48.341030
-30.525204
-43.414970
-46.402462
-46.665573
-21.215145
-30.944069
-32.396896
-35.856930
-9.583730
-20.900997
-14.416512
-23.830408
-5.419722
-14.225559
-9.049588
-20.937954
-7.107501
-12.980406
-12.328350
-16.284685
-11.473022
-19.398012
-19.054827
-23.323549
-17.945183
-21.482653
-25.743462
-14.484271
-13.965089
-26.128883
-26.542471
-10.389781
-14.396274
-14.528269
-17.384647
-0.168073
-3.291960
-2.347755
-0.161914
2.410233
0.643257
-2.356553
-0.797251
-2.906534
-1.021642
-20.453093
-20.993393
-19.681358
-16.111332
-39.953182
-39.891582
-42.388931
-32.860638
-59.708462
-48.739658
-57.912449
-42.403893
-59.425106
-43.929760
-52.753193
-34.972565
-51.949783
-28.480158
-38.258362
-21.934959
-31.385815
-15.808623
-22.279030
-9.410377
-20.005192
-5.556117
-9.771164
-5.263089
-13.084242
-1.246035
-4.344402
-2.781579
-8.527769
0.530621
-4.132329
0.529741
-5.659073
-1.058601
-7.322213
0.945085
-4.911982
-2.897734
-8.548008
-8.554167
-10.243706
-9.053109
-1.889031
-2.023557
-2.209912
-2.184989
-6.069256
-6.760013
-8.206665
-6.290163
-9.608569
-10.549970
-11.103086
-9.374352
-15.147085
-16.626024
-15.712094
-14.332280
-19.698885
-22.210985
-25.917112
-23.880526
-23.369041
-26.164076
-28.735363
-23.833513
-24.457716
-26.236578
-30.317959
-30.920639
-27.498005
-26.693682
-31.683048
-36.324623
-29.204931
-25.211910
-31.503773
-34.341846
-30.867392
-25.561396
-27.396334
-29.011496
-25.479546
-25.029520
-25.038017
-26.831039
-21.717627
-15.576151
-18.078623
-18.121954
-14.974040
-9.475743
-13.133723
-13.764720
-12.346107
-6.284781
-11.109882
-10.765777
-11.994922
-6.855456
-7.588977
-8.727777
-9.284574
-5.310528
-7.788076
-9.398141
-11.305299
-7.095621
-7.287638
-8.856071
-10.824121
-6.328396
-3.967815
-8.100177
-8.299274
-7.359292
-5.996754
-9.817863
-9.321673
-6.941269
-8.837663
-10.308672
-9.570334
-8.431252
-10.489362
-11.775148
-12.637250
-11.473244
-8.753265
-14.325765
-12.597318
-11.032564
-7.217402
-12.910549
-12.486299
-10.973656
-10.025175
-12.655659
-12.812842
-12.896107
-10.211247
-9.683336
-8.067325
-6.907000
-7.972448
-11.844254
-7.155096
-7.123375
-10.335011
-8.963976
-5.548144
-6.748968
-8.352237
-8.922910
-4.371961
-5.083675
-7.165574
-10.125151
-3.880585
-4.374226
-8.955197
-10.743403
-6.304323
-6.230404
-8.784702
-10.071623
-9.404655
-8.932540
-9.442040
-14.177361
-17.909828
-15.862480
-12.543790
-16.078856
-15.671878
-15.567089
-15.765621
-19.329008
-16.109444
-14.949685
-14.047651
-19.475430
-17.500586
-16.078573
-15.884570
-21.316315
-13.256637
-11.311812
-11.143584
-18.745872
-10.706587
-9.542581
-10.495876
-12.856740
-12.546905
-12.807461
-11.588796
-11.817631
-12.774041
-12.776025
-12.443816
-13.227466
-13.192631
-14.102311
-14.820539
-17.607357
-16.448168
-15.813766
-16.421261
-17.264952
-16.257849
-15.238845
-17.700817
-20.871103
-21.128828
-14.114205
-21.654755
-24.777176
-23.347239
-17.480759
-26.708975
-33.429619
-33.792412
-15.799323
-26.871538
-32.690151
-33.214378
-13.773501
-20.265310
-26.174839
-27.790848
-15.844920
-19.200998
-21.684492
-23.489693
-16.333181
-20.670305
-20.206970
-22.994919
-12.317503
-14.232872
-15.844071
-14.930142
-11.667812
-12.208465
-15.808669
-13.441858
-11.370722
-12.587971
-15.888535
-10.524198
-9.723554
-10.861787
-15.266599
-6.976104
-9.774249
-10.468121
-12.765830
-7.394693
-7.254220
-10.639465
-12.666987
-8.660089
-8.515650
-11.704913
-13.539565
-10.511453
-13.507565
-11.158877
-10.657872
-8.652159
-8.436350
-15.889668
-15.317577
-10.820438
-10.890391
-20.999685
-22.301617
-17.025072
-17.413357
-22.192295
-24.922750
-21.178389
-16.241137
-26.051355
-28.366053
-24.094915
-18.607948
-24.669556
-24.788507
-24.314409
-17.156765
-20.866009
-20.634903
-22.742290
-13.973166
-17.716393
-15.364306
-19.340338
-11.354861
-12.386323
-11.763254
-14.128650
-12.940853
-10.202750
-9.829760
-12.644048
-10.544588
-9.591861
-9.014955
-11.500150
-10.233903
-9.949841
-9.226232
-11.411222
-9.961736
-10.001670
-9.640290
-11.371287
-9.094254
-10.213513
-9.669459
6.025560
6.424316
7.303315
7.954330
9.206946
11.001349
15.808103
5.895532
6.851681
5.709156
-8.479647
-10.046935
-9.404589
-10.982278
-21.895208
-23.643675
-19.453259
-22.746471
-30.754545
-33.212963
-30.891510
-32.073044
-33.956730
-45.346443
-39.704899
-45.185196
-42.687778
-61.281967
-54.412945
-44.939884
-33.476490
-57.001400
-50.648163
-43.145473
-27.209942
-54.301991
-51.362465
-37.403374
-22.528023
-47.601151
-46.189899
-31.830324
-19.848547
-40.007435
-34.319080
-12.961329
-8.465780
-28.182566
-26.908274
-10.092012
-8.516057
-28.674940
-24.991644
-6.304690
-7.614521
-24.644032
-19.874554
-4.883036
-2.312789
-12.091863
-10.576588
3.067826
2.031925
-0.468107
-3.431042
2.817303
0.423896
0.205446
4.839692
7.429878
3.280208
-17.210688
-2.171490
3.496923
-6.557813
-25.397335
-4.425333
2.299786
-12.397865
-34.877342
-9.291898
2.668203
-15.405012
-40.051643
-8.653888
6.308158
-16.935024
-46.274849
-13.013339
-0.385753
-18.190241
-37.531677
-9.805946
1.964309
-13.204914
-30.544764
-10.950206
-3.996236
-9.519014
-24.110044
-9.183540
-2.125546
-2.859777
-26.759176
-17.183813
-10.342535
-6.689577
-23.491970
-12.014712
-9.414125
-11.421779
-20.168423
-10.241113
-8.437171
-15.172693
-19.808672
-6.940100
-7.046725
-21.196522
-17.504553
-10.873055
-7.371798
-21.180048
-15.907790
-24.420380
-16.728710
-2.891853
-0.573864
-5.983951
0.204577
1.176333
-3.618283
-17.950119
-14.738396
-5.047740
-9.672447
-17.919781
-19.824278
-12.984730
-20.624392
-19.650902
-25.454550
-12.631050
-18.703419
-14.552018
-19.802605
-15.553244
-22.732601
-22.957983
-26.877071
-23.654943
-26.460112
-31.068350
-34.859138
-30.071461
-30.715534
-33.025723
-35.810947
-30.920982
-29.591217
-28.018728
-34.665829
-34.155247
-43.466213
-43.958595
-41.339802
-46.134418
-43.929115
-43.079594
-38.595306
-45.863083
-44.530716
-41.826977
-39.690170
-52.818798
-54.051464
-47.750252
-46.334663
-64.275238
-65.955215
-57.945419
-41.244442
-59.445961
-45.658508
-39.300076
-33.420151
-48.677788
-36.479309
-37.855011
-25.438944
-35.397457
-31.978556
-33.362064
-20.627853
-27.322643
-30.002975
-38.459221
-12.624116
-18.516180
-24.374437
-31.820786
-18.654879
-23.345472
-32.419788
-38.503426
-25.030655
-31.158501
-40.659313
-37.745785
-29.078899
-34.892944
-47.252670
-29.811398
-26.197453
-32.431923
-43.500889
-23.350676
-22.047781
-27.509880
-37.977245
-12.337185
-10.973610
-22.249758
-33.887383
-11.445184
-9.860560
-11.070701
-23.412218
-4.846630
-8.466645
-1.181532
-12.416941
1.282089
-9.619570
7.706408
-9.051776
3.251600
-11.094106
7.627523
-14.570225
-2.546840
-7.698605
10.728292
-10.150088
3.041821
-8.130301
8.901811
-7.384800
2.844176
-8.731904
5.257517
-6.680042
4.570101
-7.045858
-7.871978
-13.476244
-6.690443
-11.395772
-13.171108
-13.009001
-12.183749
-20.759619
-18.087952
-13.407761
-18.930542
-21.839733
-22.005302
-14.242550
-23.189434
-22.979658
-23.291727
-17.094526
-25.665195
-22.440472
-21.905611
-21.065626
-28.655870
-21.427105
-20.038393
-20.628723
-6.819033
-7.106642
-7.674776
-7.607479
-14.562524
-16.052992
-19.002758
-15.376472
-20.963600
-23.578297
-21.354637
-15.479897
-9.838221
-10.625958
-11.126798
-7.511846
6.306154
7.597561
10.452405
-1.587518
9.809175
13.178314
9.217664
-16.382395
-3.754509
0.814654
-18.884457
-29.977959
-24.720234
-26.469973
-39.498817
-42.901249
-43.467972
-42.610096
-52.881149
-52.282555
-57.098244
-47.191303
-56.338840
-58.309597
-59.457909
-38.112480
-44.762917
-48.027210
-50.100689
-20.599487
-23.357986
-29.269562
-29.088919
-10.614624
-12.302735
-17.895535
-15.652748
-0.289026
-1.417504
-4.580497
-3.784967
5.289603
2.616819
-0.272025
4.772471
1.917632
0.592929
1.468508
2.562980
3.311049
-1.411836
-1.018675
-5.301645
1.773119
-2.461681
-4.504698
-7.188107
-1.688110
-2.249161
-11.134588
-6.948669
-4.146248
-2.793211
-11.766479
1.581851
-3.141033
-1.113601
-13.464508
3.131116
-3.320967
3.447060
-20.128403
-10.719468
-14.082938
-5.036704
-21.307884
-16.539660
-20.786501
-9.802801
-21.017441
-20.185074
-21.610369
-6.535673
-16.752888
-16.954073
-19.362623
-2.760624
-7.789537
-10.068450
-13.985179
-2.711744
-3.038316
-3.243752
-4.778848
-0.703439
-0.200476
-0.490919
2.491433
0.362699
0.651726
0.125386
-0.969088
4.441650
3.099238
-2.545272
-2.060019
2.271830
-0.398120
-9.243167
-6.290568
-5.274018
-8.262747
-27.050152
-19.764286
-10.941196
-15.907064
-22.447695
-23.504622
-10.370936
-12.177352
-18.670519
-22.015572
-2.824379
1.997681
-13.282450
-17.691515
9.688041
21.074820
-2.989436
-9.873640
-1.928966
8.699827
-12.853161
-21.482147
-14.392509
-8.240787
-17.986917
-22.923029
-20.829712
-20.714247
-20.331713
-24.621767
-23.934618
-27.669287
-26.392759
-31.018593
-32.992188
-29.795193
-27.531862
-20.902679
-32.050724
-22.247219
-18.193771
-15.441645
-25.396046
-4.853234
-8.376088
-13.373124
-17.273560
2.376670
-5.319355
-14.095691
-12.466381
-8.577275
-16.777681
-19.228737
-25.141729
-26.338211
-29.484915
-22.486656
-31.208445
-35.419868
-36.686481
-26.893597
-36.308193
-36.856495
-42.586720
-25.327330
-33.347805
-31.399712
-40.581955
-15.799384
-24.278902
-17.526459
-28.474737
-9.798551
-19.014091
-11.859988
-22.714760
-6.026337
-14.129692
-8.820254
-13.963219
-7.721529
-15.049903
-12.248191
-18.434624
-14.481770
-15.666917
-22.298929
-16.079910
-8.335004
-16.245678
-24.222233
-12.404037
-10.390773
-12.319736
-18.570635
-4.140582
-5.266223
-4.934696
-2.612571
9.685917
5.242847
2.555189
5.656552
7.718699
4.225590
8.905261
9.540694
7.213611
2.609736
-1.360122
-1.412545
-5.723850
-6.688689
-20.041979
-18.483500
-20.844593
-16.764225
-30.138762
-24.649391
-26.225574
-20.690868
-32.742832
-19.784121
-22.663046
-19.790495
-23.130590
-15.117908
-16.456779
-15.554988
-18.273111
-3.782133
-7.630855
-3.335135
-13.305825
3.114823
-2.220118
2.817296
-6.946543
5.165634
1.303450
2.841381
-2.194615
1.836875
-0.427164
0.051005
-1.104391
0.304610
-2.434053
-5.551709
-4.131374
-2.342670
6.003698
6.308853
6.489174
5.778300
-1.869079
-0.091316
4.358864
-11.245665
-23.864531
-27.495182
-32.527939
-29.579258
-46.874863
-51.296143
-48.489635
-44.732990
-61.212536
-69.226326
-70.937042
-69.845886
-68.476158
-76.740776
-71.505745
-78.515060
-65.552902
-71.000626
-53.394085
-74.698311
-54.303772
-43.744705
-38.510830
-57.858131
-45.180321
-46.800880
-43.096245
-55.168377
-48.020344
-46.372044
-52.984894
-62.418129
-55.601833
-54.193958
-65.154129
-67.432381
-56.806271
-55.378750
-64.102264
-62.616940
-57.608459
-39.085308
-48.505817
-47.444710
-46.103874
-27.372660
-27.777220
-25.369501
-24.804268
-7.321414
-11.565847
-7.337597
-14.068353
0.039301
-7.499422
-2.653925
-9.916393
3.421437
-9.017107
-7.732913
-17.712875
0.725899
-4.428219
-21.779303
-35.029278
-14.815058
-17.638901
-26.902216
-29.558451
-10.401865
-22.040535
-35.840721
-27.128765
-18.131310
-26.818989
-41.109272
-24.399708
-21.012947
-28.445326
-35.404945
-11.094245
-17.996071
-19.575018
-33.141712
-14.032517
-16.228712
-15.988286
-34.066429
-24.575403
-21.557369
-8.306233
-38.071587
-25.448099
-21.565464
-8.883025
-38.039223
-27.461662
-26.556599
-30.398785
-35.417660
-18.154427
-20.474298
-39.228634
-34.113819
-11.487247
-10.838792
-24.866690
-23.287741
-5.035063
-4.182015
-21.845188
-22.313322
-7.314480
-3.591354
-14.928336
-18.839870
-22.567619
-21.239502
4.724127
-12.399247
-17.844650
-18.328968
-11.851352
-36.968868
-42.689377
-42.608456
-20.803728
-50.129848
-48.024967
-43.965481
-32.717499
-52.964096
-51.338909
-43.775913
-47.025124
-67.758347
-46.641361
-44.274097
-53.702705
-75.220787
-34.407417
-42.196964
-46.483009
-59.996529
-35.715885
-40.802963
-40.400711
-47.730213
-45.122524
-46.154736
-50.703175
-61.389378
-54.458656
-56.798180
-61.769672
-70.170692
-73.743553
-61.066887
-69.028664
-69.243668
-69.642448
-52.026665
-71.764671
-65.926262
-67.257851
-51.306545
-76.759262
-68.020737
-69.100342
-49.924099
-77.023979
-62.211224
-52.808056
-20.208447
-55.238888
-43.648769
-35.551746
-23.108578
-53.604458
-43.489250
-41.541573
-25.853817
-42.279034
-39.200890
-35.873081
-33.643368
-40.933578
-44.622021
-46.129307
-37.578022
-48.393696
-47.929024
-52.737537
-41.521923
-40.485092
-46.629807
-47.646988
-44.838177
-40.671185
-51.081146
-42.808434
-42.515991
-38.894585
-59.949142
-25.801802
-34.503349
-48.302383
-59.863609
-26.466440
-29.800030
-28.931959
-42.563377
-24.412420
-24.918703
-24.669029
-35.322872
-27.943668
-36.834778
-25.493179
-38.792866
-24.066813
-35.117126
-21.996609
-42.062878
-13.590968
-30.888885
-19.255989
-39.211300
-18.392536
-38.002235
-10.228480
-21.359715
-15.145644
-28.616400
-9.960315
-14.549203
-9.440164
-21.177080
-29.485626
-27.467442
-23.217228
-21.196730
-39.629730
-25.895430
-28.232643
-26.243353
-41.027203
-24.093395
-33.864147
-30.628805
-47.692070
-31.842491
-41.149727
-31.160515
-45.621868
-40.229637
-46.741932
-30.184940
-47.583424
-43.342449
-47.977577
-37.636974
-45.653080
-38.500423
-42.150730
-37.033596
-34.717194
-33.222626
-31.170918
-35.810665
-25.883871
-24.729137
-10.489069
-11.095435
-11.926167
-12.199853
-20.075840
-23.227592
-29.585247
-25.270090
-36.372299
-40.443748
-36.350048
-37.800686
-57.498398
-66.384026
-66.782471
-57.036129
-71.331665
-81.927116
-94.121155
-75.172951
-72.212692
-79.630264
-104.646980
-92.729523
-74.396378
-78.544235
-110.534622
-123.396957
-94.786530
-93.502228
-125.716026
-138.543518
-104.574448
-96.455727
-130.882233
-139.333618
-119.840958
-101.414001
-126.968414
-130.065033
-116.501587
-90.976189
-106.068611
-106.916740
-102.894615
-64.092026
-67.218636
-68.079346
-63.052402
-36.859711
-44.749237
-49.654320
-46.565434
-26.105656
-31.668364
-36.124722
-34.219551
-26.521503
-21.214109
-30.518496
-40.448582
-23.398766
-14.604041
-19.661928
-29.657780
-17.655214
-10.146719
-18.485945
-36.825855
-21.741175
-11.849766
-15.894139
-28.009857
-18.690968
-3.683650
-18.116516
-32.582264
-21.752779
-11.777233
-24.454832
-39.783222
-30.219662
-23.763363
-32.555183
-47.802341
-39.383816
-32.968132
-49.077938
-50.000538
-44.929115
-37.762001
-50.612713
-54.486877
-48.769432
-48.055714
-49.283928
-54.473335
-54.591320
-41.736748
-38.931217
-41.856667
-42.217392
-36.893555
-36.389702
-37.562782
-36.705940
-30.053320
-22.343672
-21.480059
-22.024530
-17.246134
-10.640902
-16.540159
-17.241301
-11.336240
-7.997842
-8.402086
-8.793758
-17.140724
-23.516754
-16.192974
-13.615674
-19.608736
-27.645264
-31.807623
-29.594921
-29.457592
-41.800575
-51.335129
-47.396164
-33.900406
-52.659073
-56.748898
-54.685123
-48.207554
-68.972931
-58.808804
-58.705322
-52.888275
-62.534042
-59.859070
-64.743843
-57.714058
-61.857075
-40.429241
-50.571125
-46.000652
-53.244164
-29.343475
-40.183598
-42.617775
-49.166908
-36.995098
-44.838207
-40.238724
-47.062523
-43.213490
-46.819778
-44.176716
-57.412327
-56.372700
-62.529202
-56.039055
-75.841217
-68.536781
-50.253922
-71.725273
-88.664841
-82.033493
-38.308407
-76.769608
-97.924744
-87.056564
-37.702042
-73.549217
-103.346245
-91.814651
-55.948147
-83.713326
-117.647598
-112.679642
-64.590073
-91.213135
-116.006439
-107.430275
-68.808525
-81.089615
-106.585030
-92.468407
-69.088013
-77.825676
-98.961449
-90.026505
-65.712860
-72.159492
-89.923988
-83.257828
-53.889214
-58.165691
-65.476898
-64.053345
-48.313934
-49.171741
-59.388092
-60.566978
-41.590714
-43.610966
-48.899990
-47.594421
-37.210758
-37.067627
-45.608013
-38.786152
-33.735035
-36.025105
-46.872974
-34.786263
-31.350189
-42.611961
-44.033585
-38.225239
-39.129475
-37.728157
-41.535595
-32.664463
-32.961372
-41.886650
-38.950554
-26.347425
-22.515816
-58.722736
-50.950222
-30.391804
-27.137539
-71.551193
-69.120888
-45.147678
-38.673004
-75.486290
-73.646889
-57.610577
-39.057903
-92.685043
-85.094345
-77.460129
-51.207470
-96.770996
-92.634750
-92.919067
-60.572781
-90.041008
-91.058395
-97.808685
-56.490688
-79.407845
-68.500992
-82.018990
-43.876919
-57.951962
-48.429985
-56.751801
-36.931274
-35.985455
-28.628792
-34.171192
-28.501141
-24.257545
-22.779827
-22.456820
-25.706249
-20.327286
-18.825396
-16.457956
-22.215048
-18.869879
-20.263460
-17.064322
-25.419018
-22.340771
-24.169542
-4.757607
-5.002510
-5.512377
-5.688097
-1.783497
-2.294748
-3.902525
-6.407583
-4.511322
-3.023230
12.063861
-5.061315
-0.588734
0.080944
6.264378
-10.489983
-10.024390
-10.107408
-2.473927
-12.855986
-13.264850
-15.313312
-10.611049
-3.544857
-12.311528
-12.440207
-8.444978
2.786629
-7.407256
-14.464457
-9.225343
-1.831923
-7.399646
-2.836438
1.504006
1.860290
0.861310
4.871758
6.781858
5.803631
6.714752
5.376781
4.132899
4.803959
1.988274
-6.069288
-4.406166
-3.802904
-0.420622
-6.748649
-6.504437
-4.128054
-0.416472
-1.917709
0.662066
1.573879
3.049517
6.327335
5.146407
6.370227
-2.349401
2.197203
2.887634
3.629258
-9.946216
-8.289320
-2.541034
-5.333197
-14.574454
-13.661259
-5.617532
-0.622633
1.459037
-1.607776
-1.245266
-3.409953
6.537646
-1.595324
0.724330
-3.270898
3.417563
0.754770
-4.278180
-5.436276
-2.446256
-1.958526
-9.187985
-6.101802
-3.559385
-1.829157
-7.499959
-5.785644
-3.632717
-2.747887
-0.808040
-1.619538
3.665232
1.209291
4.108685
-3.471525
3.708817
4.597107
-1.825007
-5.701935
2.940211
3.364985
-4.204848
-9.616911
0.979609
2.509902
-5.644514
-12.670579
-1.311680
1.991042
-6.641418
-9.226728
-1.077847
4.367424
-2.352169
-2.576317
-4.037429
-2.241479
-7.190718
-5.056470
2.655876
6.383371
-13.832136
-12.151719
-3.932273
0.413704
-0.958163
0.038049
11.290411
7.179651
9.323582
11.007460
4.981756
3.133919
-2.921532
2.791471
-0.309242
0.013145
-18.739180
-18.322702
-4.284405
-7.686058
-20.900404
-26.498566
-10.885009
-17.094734
-17.126554
-27.373711
-19.659983
-22.250826
-16.869894
-24.032940
-21.395746
-21.969257
-19.962999
-25.835117
-25.661470
-24.646580
-26.860386
-5.955828
-9.632823
-15.672363
-20.148405
8.883589
0.388798
-11.191480
-14.687219
13.576858
4.938170
-4.691193
-4.081705
7.925426
3.563536
-2.883482
0.387415
0.024214
5.477095
-10.227783
-4.339059
-5.219046
0.092013
-5.479861
3.829192
4.952700
3.449387
-2.617826
4.895972
10.467154
2.844741
-4.263652
0.817033
5.073074
1.539286
-12.782654
-13.127871
-8.676044
-8.204918
-20.412678
-16.678263
-19.923561
-12.447124
-17.769945
-14.638792
-20.548273
-7.504110
-10.110867
-9.869423
-10.987396
-6.642110
-4.083780
-2.891784
4.142584
4.450443
2.813609
-3.658314
10.132314
5.581558
6.651794
2.053305
11.779524
9.825149
11.237834
10.847649
18.839491
11.108462
11.437768
13.324347
13.468242
10.275519
3.158132
6.309348
7.961400
9.122957
0.913888
6.496830
1.807019
5.845831
1.352498
2.487764
-2.256698
-1.885193
2.581160
6.617896
1.890730
-0.866842
3.149831
3.007317
7.641781
3.502656
4.153654
-0.951244
3.281967
1.755134
-3.212094
-8.716170
-7.598889
-4.395097
-6.949966
-8.893966
-10.165521
-8.003602
-14.398040
-8.063096
-10.094264
-8.836543
-18.138683
-6.394440
-7.910204
-6.615819
-10.525954
-0.718795
-2.786628
0.059496
-8.958304
-5.287538
-3.816741
6.985698
7.376751
7.648178
7.724580
0.882637
3.289278
8.282511
-10.212649
-18.602726
-22.339355
-34.290134
-30.249914
-45.888062
-49.677975
-44.636486
-39.629181
-51.971012
-57.879055
-50.115269
-44.554050
-53.213547
-53.897141
-34.174530
-35.672394
-32.146877
-31.147631
-12.553948
-27.614065
-11.758771
2.530291
2.055800
-12.019139
2.465954
-2.280982
-8.022143
-10.704233
-0.300578
-8.777108
-19.766844
-12.174957
-11.230998
-26.636934
-29.354208
-19.167694
-12.612255
-28.217234
-36.464558
-28.178028
-26.608788
-19.012882
-26.959629
-18.454952
-22.031742
-11.727610
-17.319986
-9.354140
-17.853792
-12.727863
-9.811543
-4.814290
-13.194313
-6.264912
-4.717784
-6.452899
-5.223442
-1.556176
-2.442833
-6.645913
0.494598
2.326220
5.255610
-16.585129
-17.239565
-11.158621
-11.164650
-14.862074
-20.050329
-13.995523
-17.083748
-15.255138
-22.204649
-13.440608
-15.139533
-10.117147
-15.251119
-10.481061
-13.253625
-8.397113
0.261373
-3.278221
-10.707248
-8.253357
5.751214
0.297563
-18.282042
-10.447886
-3.287269
-3.966839
-14.703239
-13.727113
-7.002789
-8.617270
-12.141785
-22.257929
-9.700962
-10.095031
-18.641930
-23.609026
-7.054058
-9.354140
-22.296131
-19.201874
-2.847962
-5.335027
-13.049554
-12.180990
-1.196284
-6.108088
-16.821367
-10.797723
0.532799
-1.143005
-8.106586
-6.647924
-10.038735
-14.313191
15.763811
2.400612
7.893467
7.950768
2.550399
-19.459229
-13.009341
-1.772310
-14.653982
-44.312794
-19.231026
0.060318
-23.268234
-57.425674
-26.635929
-4.123663
-29.291880
-66.298294
-36.530907
-22.246870
-25.418535
-54.864220
-22.199621
-19.830173
-17.076712
-26.492174
-17.092794
-13.579336
-12.086493
-14.137268
-18.304159
-13.988485
-17.052584
-14.413720
-10.988727
-22.107136
-24.714836
-31.733706
-38.015709
-35.243141
-41.850857
-42.773705
-44.806385
-34.361511
-49.358295
-43.363804
-38.685223
-33.534164
-52.639530
-35.533669
-31.192869
-29.854837
-43.643269
-17.415489
-13.801500
-4.800217
-9.081710
7.569771
5.507934
3.545626
-4.412177
10.381540
4.747942
2.631826
2.562462
3.448115
11.964858
-10.482066
-8.268435
-10.902272
1.210359
-22.458984
-26.330320
-33.233582
-23.831194
-24.390131
-26.019690
-29.488916
-21.405451
-25.259699
-24.537907
-27.933746
-17.428558
-23.592943
-19.771872
-25.608532
-5.035454
-19.443144
-19.437113
-20.381069
-11.317454
-21.171219
-13.940233
-18.504208
-13.618542
-13.496902
-17.420517
-22.281052
-22.888241
-25.467793
-22.974695
-38.653049
-25.584398
-29.743252
-19.137533
-34.249924
-11.811046
-19.756788
-17.217451
-19.778906
-10.868093
-22.020681
-1.042475
5.206350
4.791169
-4.686620
11.491369
23.328550
16.980204
5.979412
1.646651
10.861056
12.003057
9.545144
-6.552422
-1.124908
0.099524
-0.127670
-13.097808
-11.523536
-13.463729
-12.965110
-18.478071
-18.635900
-20.851540
-20.157896
-17.775381
-24.087540
-25.766356
-19.531607
-19.453197
-20.613289
-24.187063
-15.971906
-17.368244
-15.757781
-20.341862
-15.462228
-17.351152
-19.277271
-20.667572
-14.977682
-13.839703
-10.131221
-9.017174
-9.556357
-10.069475
-10.197569
-18.163929
-20.903786
-26.889912
-18.285320
-24.348898
-26.862358
-19.356237
-15.066604
-16.224655
-19.809034
-9.881061
-2.688470
-9.726900
-11.402541
2.526118
2.684745
-2.803901
-3.776519
-1.137945
-2.785284
-8.918122
-7.136735
-7.167269
-9.017917
-13.193610
-22.163116
-23.786631
-29.343794
-29.133041
-29.598492
-37.228233
-45.278748
-42.337818
-34.180805
-45.195339
-52.873489
-50.769634
-31.423820
-40.804420
-45.321201
-48.061802
-22.818481
-26.005175
-32.774014
-30.352901
-12.722944
-17.650068
-26.832571
-19.637003
-4.873504
-13.903338
-22.005985
-13.344792
-7.577613
-16.368387
-24.597637
-16.223169
-11.984918
-17.446756
-20.473333
-16.511374
-10.929636
-14.423159
-20.576103
-20.808456
-9.629340
-12.287276
-13.329152
-12.419838
-7.477819
-5.066388
-15.055433
-6.030811
-11.433819
-2.661660
-14.108885
0.158627
-5.601104
1.080600
-18.761948
-3.885249
-9.529547
0.101285
-24.411457
-10.579614
-16.598509
-4.113137
-26.090820
-16.628298
-21.706602
-8.866738
-26.119864
-16.928425
-21.960556
-12.771350
-22.326214
-13.964407
-17.531652
-14.834993
-19.832867
-8.510015
-11.106137
-11.974491
-18.560869
-2.601337
-3.721408
-8.296276
-17.214399
-2.572293
-4.565931
-7.995407
-14.273468
-0.951018
0.104262
-2.024173
-9.180268
-6.782988
-4.776689
-7.360152
-11.909699
-11.057731
-6.626595
-16.315514
-23.299578
-31.536276
-20.609619
-15.660153
-25.594831
-30.189808
-23.055305
-12.785501
-25.278322
-30.242683
-23.167015
-6.796393
-18.364264
-27.718052
-20.690048
-1.581059
-11.857569
-17.779650
-17.377495
-8.647044
-15.024898
-18.510227
-23.636192
-18.732157
-19.583382
-21.524143
-26.545109
-27.910196
-24.032389
-26.350735
-31.383604
-32.667515
-36.253387
-39.310501
-43.206921
-44.167610
-46.526920
-42.804016
-33.435337
-45.865597
-41.448612
-34.644028
-23.009876
-40.516960
-26.349241
-23.424694
-13.109458
-26.641172
-13.414796
-15.117988
-15.215550
-22.099075
-7.614849
-14.913938
-21.767672
-33.341499
-16.889698
-25.307364
-20.207462
-29.088354
-20.400351
-25.973898
-23.263832
-27.686028
-24.661686
-30.597170
-27.910192
-30.317904
-23.973558
-30.834742
-22.210785
-27.276428
-15.066603
-25.110758
-15.255021
-18.613001
-7.820396
-23.532677
-5.384387
-9.812545
-1.662233
-13.247231
-1.680850
-7.792096
-6.772563
-16.356470
-3.642465
-9.237616
-16.470419
-10.116391
6.022621
-10.870805
-14.490930
-8.318617
2.139606
-7.280465
-14.107393
-6.876823
-3.069770
-2.735389
-5.003831
-6.832884
-5.548972
-0.458753
-1.970551
-3.067537
-5.735156
-10.296618
-5.610784
-0.876546
-8.137650
-19.679453
-14.283895
-7.504630
-13.320961
-29.472631
-19.076967
-15.362263
-16.342323
-34.272408
-24.065159
-17.962101
-22.084925
-33.058502
-22.039497
-21.694685
-19.616894
-25.075754
-19.135803
-23.724819
-17.278446
-21.482439
-13.347025
-20.025002
-14.048560
-18.537783
-9.311340
-16.039963
-14.577318
-17.792311
-9.607743
-15.374176
-17.307489
-20.489716
-15.797183
-19.260168
-17.266531
-17.847420
-11.701921
-14.209422
-20.058519
-22.505697
-13.492248
-1.305074
-1.191558
-1.137299
-1.109455
-7.585562
-7.921112
-8.887781
-8.241669
-16.134937
-17.806261
-27.375851
-14.722775
-27.797071
-28.923660
-31.841516
-21.934948
-25.843740
-30.665667
-34.625149
-25.905859
-26.951765
-30.140209
-30.180185
-24.081032
-27.058863
-25.706669
-23.479902
-21.867840
-22.436850
-4.285039
-10.162153
-7.838295
-6.695285
4.019456
-1.467137
-4.627016
-0.060685
5.183171
-1.215117
-8.705012
-6.001341
-3.444739
-6.154836
-12.467451
-6.226944
-4.111553
-10.289236
-14.548573
-10.222124
-1.232252
-9.895856
-13.644732
-13.157827
-3.691045
-11.165949
-15.005490
-14.381511
-5.636519
-11.380842
-15.450986
-10.397037
-7.167194
-10.776854
-14.003840
-5.993486
-7.107226
-9.543887
-10.686182
-1.273661
-2.119674
-5.388069
-21.189598
-9.756639
-5.155327
-13.072868
-20.806215
-12.780869
-4.178663
-16.985947
-19.684624
-13.731832
-6.987998
-14.771321
-12.476731
-8.537237
-4.431396
-5.888540
-6.458973
-4.158672
-3.968766
0.905984
-3.777432
-2.456651
-4.276473
1.260810
-2.949267
-4.139397
-4.021597
-0.798893
-6.059882
-3.104904
-6.766679
-5.360227
-9.561024
-2.523762
-5.413771
-7.412790
-11.646425
-1.584936
-5.233145
-9.748785
-10.373477
-2.819331
-1.869796
-6.493956
-8.535095
-7.010131
-5.545135
-6.483247
-6.251216
-6.269779
-2.434520
-3.345500
-8.199546
-17.260099
-11.303738
-1.283655
-8.314491
-10.387759
-5.046809
-6.978004
-17.908350
-8.094598
-0.303422
-9.723084
-20.742676
-9.996521
-3.430459
-14.457190
-21.435192
-13.470532
-5.812146
-14.979076
-20.328594
-20.129404
-16.239172
-11.585741
-18.246044
-18.309582
-17.974035
-12.950071
-13.456253
-15.057608
-13.381287
-9.169071
-7.769044
-7.676947
-5.941370
-3.859535
-3.271253
-1.956896
0.786757
-0.202758
-11.431530
-14.029542
-12.397487
-8.478694
-22.501812
-22.898762
-20.182949
-12.670208
-26.900366
-27.260189
-21.215300
-17.310074
-31.987869
-32.143513
-18.508060
-18.123245
-25.189777
-25.197634
-0.759627
-0.262013
-7.937532
-9.588864
8.356612
5.343807
-2.784348
-7.739772
7.463479
8.312348
1.090179
-5.015398
-0.488332
1.558520
-2.209631
-7.585562
-12.777300
-8.240955
-9.381824
-11.720675
-13.490520
-12.827274
-12.067650
-11.749947
-14.341530
-18.183931
-14.977648
-11.155235
-9.571730
-13.546207
-10.027933
-4.502789
0.586854
-2.994245
0.846728
-4.043729
3.692474
9.690244
10.516981
-0.979519
8.214537
8.627909
11.593597
-3.643925
1.809825
-0.908126
-1.601359
-7.864711
-8.645754
-8.732857
-15.004066
-9.406813
-12.044089
-12.474590
-26.172867
-17.183708
-14.662089
-13.672575
-27.477224
-21.753609
-9.815895
-11.475796
-19.641787
-15.920755
-5.439473
-10.853246
-15.638753
-10.689751
-2.654412
-8.526530
-10.430593
-12.385348
-8.043909
-10.761860
-8.085317
-14.372231
-14.538578
-14.607832
-10.711172
-19.292671
-12.575254
-13.579049
-9.335417
-18.314581
-6.124136
-10.783279
-5.503013
-14.198746
0.737495
-5.590113
-1.302218
-8.117444
4.235063
-4.679132
-3.366205
-9.321854
4.701264
-1.942617
-1.989737
6.701702
7.128610
7.447289
7.107995
3.058800
4.813680
8.291659
-8.056299
-14.044195
-16.925188
-20.245975
-21.639227
-34.245502
-38.622826
-31.745033
-29.407772
-37.214108
-43.893478
-42.462437
-34.536694
-36.765728
-41.530445
-41.043407
-32.031933
-30.608612
-30.374115
-23.662966
-20.783688
-12.195688
3.414415
-4.671093
1.045368
6.766124
11.632201
4.477821
8.829376
13.170620
13.564890
1.910356
5.053334
6.064342
0.996407
-5.844448
-0.956894
3.137827
-7.109714
-11.791973
-6.921599
-9.728720
-5.556692
-7.755660
-4.553412
-8.223801
-5.296423
-7.354520
-5.717319
-5.326487
-4.696001
-6.086678
-8.577699
-10.640088
-3.340542
-3.982194
-11.050677
-8.977977
-1.696470
-2.676557
-13.000546
-4.897860
4.001952
5.246603
-16.293844
-13.827735
-0.923395
-1.059113
-7.455020
-12.351162
-2.764172
-4.732077
-5.290409
-13.230747
-5.745665
-4.828283
-1.842496
-10.243243
-7.852725
-4.058645
2.381071
0.095346
-6.485240
1.946431
0.072154
4.698577
-2.174918
2.710917
-0.771357
0.935421
-1.212010
2.863813
-4.390207
-0.407152
-4.664219
2.223879
-8.100109
-1.913790
-6.415663
-5.085115
-7.543492
-1.061689
-3.756285
-5.414961
-3.962439
-0.694909
-2.862095
-1.767765
-1.287600
-3.125800
-3.384351
-3.908324
-8.791581
-1.079728
0.357333
-2.401687
-10.881461
-11.201858
-9.630798
14.635168
-2.300328
5.145244
7.331328
6.183741
-14.863655
-8.011634
1.110650
-2.522801
-29.564964
-12.086599
-1.605419
-8.691081
-31.921124
-14.030454
-0.883024
-13.806259
-33.735271
-22.644226
-15.028578
-13.179210
-28.303133
-13.954003
-14.174761
-12.181086
-16.358269
-12.852802
-13.521941
-12.245508
-11.456972
-15.892705
-16.097137
-16.439869
-14.262374
-14.610260
-24.935961
-24.446348
-33.514515
-37.128212
-30.915270
-37.819679
-44.071285
-48.257057
-25.493435
-38.429558
-44.962902
-46.015999
-20.068167
-32.596283
-41.229809
-43.408157
-13.792516
-26.010538
-19.145634
-24.016865
14.907462
5.437294
14.339681
5.530063
17.579723
13.162888
22.259409
14.631732
13.986644
19.084646
19.204897
20.596436
3.898017
8.552786
7.876775
10.357487
-5.778306
-7.353661
-5.254334
-7.682648
-7.870762
-10.317117
-4.554271
-9.989847
-7.558096
-10.748321
-3.761439
-10.350616
-4.485553
-5.922614
-1.834764
0.718960
2.154302
-2.789083
2.572621
-4.125643
3.118068
10.545603
12.762608
-1.882867
11.543728
10.434793
13.535684
-6.199202
1.321959
-1.649226
-1.403562
-14.713335
-8.138762
-11.779946
-14.442760
-13.882709
-8.032249
-15.263938
-29.162968
-24.381063
-17.315163
-14.534669
-25.800945
-25.136103
-7.618226
-6.087535
-9.221926
-11.512805
1.801265
-6.635561
-9.920271
-7.056458
4.954550
-3.410977
-7.812353
-6.301419
0.743010
-2.680852
-5.103152
-9.416057
-4.963141
-3.428157
-5.043025
-9.261440
-4.916755
-3.538967
-6.450022
-10.798138
-1.221459
-2.095892
0.121115
-6.166562
1.280727
-2.500468
1.416445
-3.358582
-0.767921
-5.703575
-3.435030
-6.101281
-1.235202
-5.536934
-5.443307
-5.286804
-5.650780
-6.341754
-6.581081
-7.444903
-8.772837
-11.515956
-10.842435
-10.820413
-11.762348
-6.953783
-9.985261
-8.109701
-10.038445
-7.252526
-11.237574
-5.629590
-6.300204
-5.504108
-14.991187
-9.729728
-11.204333
-13.403151
-28.482841
-18.796736
-17.742619
-24.389765
-37.162193
-23.767767
-25.881405
-32.460827
-43.046894
-28.662336
-26.442327
-34.318523
-39.023624
-31.505178
-25.807863
-33.407745
-33.731834
-31.325266
-20.841825
-25.264807
-25.064951
-26.583597
-13.813664
-14.684135
-17.631681
-16.103062
-8.801089
-10.764736
-12.998872
-13.826961
-7.142005
-5.494968
-7.476065
-9.017566
-7.222610
-0.855927
-5.457158
-7.015693
-4.457469
0.647347
-2.168903
-3.057238
-0.467851
-0.350265
-5.029194
-5.663660
-1.497872
-3.071781
-2.817911
-1.041655
0.808560
-1.389011
-4.792360
-2.837024
-1.486654
-4.550124
-6.078328
-2.880651
-1.885948
-5.221985
-9.348717
-4.338635
-2.751431
-5.618371
-15.273726
-8.049454
-4.788620
-9.261879
-16.050293
-10.348822
-8.068982
-17.120617
-18.245373
-10.414056
-9.264371
-13.470879
-15.356826
-9.113130
-7.274133
-10.507543
-12.656501
-9.070748
-7.923557
-8.735440
-10.200489
-4.442511
-3.693367
-5.720585
-8.072306
-4.992630
-2.783009
-6.588975
-6.682047
-2.727748
-1.557704
-7.741569
-10.077085
-5.346635
-3.982138
-9.198307
-10.915562
-8.903718
-7.977987
-13.178782
-20.170376
-15.746148
-13.989421
-13.384039
-22.655890
-12.915774
-12.482409
-12.233107
-25.384466
-15.292840
-12.628663
-5.382369
-12.610381
-12.818962
-11.464851
-2.179290
-6.147300
-6.135251
-8.529353
-6.819993
-8.576721
-9.462564
-12.347371
-11.934780
-11.726200
-11.901540
-14.325974
-15.417904
-15.871215
-14.534970
-17.180864
-20.570087
-24.041576
-23.198530
-25.505793
-28.341154
-25.325882
-22.496754
-22.186790
-28.745438
-23.478159
-22.786770
-19.484388
-29.436827
-23.237585
-21.859793
-18.168505
-29.566460
-23.821362
-24.113457
-18.906843
-28.120527
-24.421345
-29.067034
-19.535082
-27.477335
-26.009375
-26.635122
-16.892092
-20.387266
-20.710524
-18.661703
-14.661282
-16.764536
-18.069204
-17.561049
-15.005314
-13.288890
-18.928038
-15.973843
-12.440026
-14.016012
-18.047182
-14.666683
-10.875674
-13.285983
-16.807747
-15.004484
-8.936543
-10.741054
-14.364616
-10.344667
-10.082488
-12.239342
-17.095688
-13.879729
-14.793410
-16.242670
-22.720707
-12.121339
-15.130795
-21.551908
-22.993275
-14.105343
-18.309772
-16.948601
-18.801723
-7.626059
-10.959191
-11.342693
-11.081347
-2.518337
-4.545554
-7.643511
-7.765251
-0.774489
-0.357327
-2.681628
-10.720279
-4.929890
-2.626366
-5.029610
-13.875157
-10.795068
-6.921790
-11.460696
-17.930424
-16.231451
-11.823010
-16.523964
-24.964811
-23.123739
-13.946625
-20.111374
-26.150648
-27.947680
-13.380716
-19.643526
-20.886280
-26.346760
-15.632301
-15.946835
-14.583168
-18.697433
-12.112615
-10.581087
-8.043221
-10.424028
-8.922415
-8.143355
-5.422256
-5.799943
-8.663145
-7.422466
-4.848453
-5.565187
-9.334175
-8.576305
-7.326901
-8.740427
-11.304053
-10.136918
-8.830174
-16.048384
-16.797485
-18.171139
-18.564779
-23.768482
-27.629440
-35.507721
-24.065758
-22.956654
-24.590313
-8.610109
-16.599300
-3.772774
-3.284588
0.611827
-26.559425
-0.214549
-2.824581
-9.173752
-29.550373
-14.793822
-15.469289
-21.501179
-35.124989
-30.936754
-27.939445
-41.343250
-38.559578
-41.635979
-31.087666
-45.030571
-37.633205
-39.589596
-18.652964
-36.561375
-31.514940
-36.317730
-15.683838
-28.545818
-28.782181
-29.871284
-7.509184
-14.635640
-17.359316
-26.589428
-5.464614
-5.100975
-7.879192
-9.821034
-3.061857
-3.935505
-6.078259
0.489098
4.770969
0.046364
0.189093
7.038270
12.512885
1.486383
2.025481
1.737296
6.436446
0.681827
5.349158
1.262744
4.119144
-3.319132
-2.303665
-15.193830
-6.268261
-16.065659
-10.761045
-10.619226
-3.317315
-12.394703
-18.474779
-7.350093
-4.180962
-10.288312
-15.542016
-4.212781
-6.333716
-7.843735
-8.512836
-3.007311
-10.499225
1.840024
-10.591044
-14.123816
-19.832977
-0.789101
-13.021983
-23.468477
-28.589453
-6.316443
-9.795578
-25.164864
-28.309448
-4.614604
-10.791955
-13.682900
-15.024736
-8.650109
-12.018333
-6.996451
-6.105531
-11.286507
-7.506458
-3.397316
-1.430018
-11.494693
0.277277
-2.861854
2.774580
-7.860099
3.695501
-3.346406
-2.593669
-7.547368
-3.292769
-8.379196
-6.046440
-4.622785
-9.647395
-20.165710
-18.967512
-15.207466
-27.366709
-32.787685
-27.569441
-10.599226
-20.900263
-13.508352
-19.204786
3.506408
4.645513
-15.548379
-24.479401
3.640047
16.352934
-12.910162
-25.347591
4.632786
13.911994
-3.791867
-14.747460
-10.854684
-3.569137
-9.752851
-17.684771
-20.908445
-18.224775
-16.003838
-18.277504
-21.849363
-21.811186
-18.586597
-19.532063
-24.880314
-33.951340
-34.985897
-30.853117
-36.338642
-27.315802
-27.124889
-33.276783
-36.794098
-27.573076
-25.520327
-28.574903
-35.235901
-22.875746
-20.082071
-21.103905
-30.824936
-21.647549
-18.294775
-19.474792
-29.751286
-33.354057
-29.170368
-16.527481
-22.688469
-30.752209
-25.971241
-14.902007
-10.359221
-25.513962
-16.833849
-16.867485
-11.331962
-25.071228
-23.152115
-18.962057
-11.799240
-23.012108
-24.102125
-19.762980
-21.425726
-25.630323
-20.660263
-21.067539
-28.707634
-35.760452
-20.062979
-23.088472
-32.207680
-37.149563
-14.855643
-22.495741
-31.758583
-31.959496
-17.163853
-21.476637
-20.382076
-27.152163
2.317301
-7.181909
-16.515665
-18.953876
1.594564
-2.751854
0.745467
-1.747294
5.108246
3.693683
16.359297
17.828405
6.160987
2.741853
4.294599
5.315521
-2.141846
-5.774619
-9.662850
-16.689302
-15.599290
-15.313830
-25.169409
-37.967754
-27.342163
-15.877475
-45.888760
-55.152519
-44.016922
-27.930355
-43.991467
-46.266041
-43.352367
-31.123121
-42.263264
-24.612127
-33.309509
-17.254763
-26.606701
-9.171028
-21.444815
-7.860099
-24.088486
-8.761021
-16.192024
-6.491899
-17.666586
-8.435561
-12.048336
-4.739151
-14.256544
-10.244676
-11.645602
-4.433692
-8.064649
-8.028285
-9.835578
-2.120935
-6.250988
-10.145582
-14.835644
-10.438313
-8.096467
-11.300144
-0.084600
-0.218343
-0.421756
-0.153649
-5.936933
-5.444262
-4.374943
-6.957111
-10.833160
-11.555992
-20.209459
-15.662828
-21.246431
-22.537828
-20.998854
-21.798822
-24.921558
-28.286901
-25.540506
-27.158484
-31.828901
-35.456760
-27.231886
-24.855619
-32.266212
-36.143509
-24.154560
-26.470486
-34.677311
-19.960011
-14.097727
-14.208451
-20.001068
-11.158497
-16.205265
-19.467964
-13.979536
-8.404020
-16.243210
-22.233019
-12.709292
-22.157125
-24.461857
-28.280058
-21.282513
-22.659748
-22.260386
-21.630861
-21.652014
-11.992057
-16.156744
-13.916085
-16.413654
-7.388197
-13.259814
-8.887360
-12.556264
-5.097154
-7.950538
-5.159359
-11.633752
-8.787208
-2.192137
-2.309084
-1.313167
-8.707584
-2.844055
-4.639939
-4.738847
-9.707856
-4.648648
-17.889179
-16.625776
-16.518782
-9.788724
-16.081474
-16.746454
-9.901938
-10.429444
-17.313772
-14.678731
-11.944159
-6.558992
-9.569758
-10.115304
-10.930203
-1.891682
-2.361959
-5.331669
-8.762325
4.014771
-2.835347
-3.808246
-4.737603
2.985263
-2.727730
-11.985214
-5.979856
-4.422219
-9.352037
-8.288939
-7.648839
-13.754972
-15.911654
-5.592312
-7.282447
-20.103706
-19.141384
-3.894091
-5.464168
-20.436512
-15.979457
-2.358849
-4.024723
-8.639778
-10.858665
-5.388899
-5.462302
-8.466227
-8.475556
-7.469065
-4.649270
-3.448696
-0.493293
-21.459795
-19.109659
-0.929978
-4.022234
-4.419731
-4.842108
-7.693007
-18.300983
-2.944206
2.273626
-7.899529
-28.034964
0.023017
2.694761
-11.508718
-35.130169
-2.109403
1.407720
-13.403510
-42.672642
-16.894508
-14.957413
-13.362453
-36.796677
-15.573253
-14.171131
-11.941668
-22.201914
-6.682782
-5.039302
-2.684186
-4.433416
-5.174288
-1.479257
-2.671745
-3.364718
-3.091013
-3.090390
-6.488700
-11.936693
-16.564194
-19.131432
-17.840660
-16.974129
-22.398481
-21.341606
-23.268126
-14.343439
-17.674568
-18.159773
-31.642904
-19.196127
-21.590427
-17.007719
-38.079983
-32.059071
-30.506405
-3.529564
-25.462124
-19.584913
-17.679544
0.282414
-17.464935
-20.086912
-22.183254
-3.250260
-10.989299
-15.801548
-17.317507
-15.450085
-20.939758
-20.821566
-26.020115
-20.609444
-23.897026
-21.603493
-21.061680
-17.749838
-17.089830
-18.065222
-14.936885
-12.018806
-11.857693
-11.946024
-8.777877
-4.496244
-4.794832
-3.249637
-2.028535
4.625011
2.896930
9.111923
-0.406205
5.420624
-0.136852
4.651136
-3.899690
7.884602
0.141208
3.056799
-8.216780
-2.357604
-6.983236
-7.667502
-15.242317
-16.697935
-13.507394
-17.041313
-15.240450
-23.888317
-22.196939
-24.890453
-18.806093
-31.718800
-21.963667
-25.956671
-19.007639
-17.736153
-12.727955
-20.771801
-7.875270
-5.857310
-12.765899
-14.146871
-4.815361
-6.863181
-14.148735
-14.084663
-8.810847
-10.757891
-12.429364
-14.011261
-14.003797
-16.173538
-17.162611
-17.507235
-20.410383
-20.516758
-17.863050
-20.929186
-22.010321
-17.260899
-15.231742
-17.742994
-19.091000
-11.359424
-11.830945
-7.775740
-10.766601
-6.519180
-9.815472
-8.039494
-9.506929
-5.658873
-6.468793
-5.506468
-18.597994
-19.519300
-21.019169
-21.355783
-32.156399
-37.387085
-48.864437
-25.242638
-37.722824
-40.754112
-31.106230
-21.236567
-36.552555
-43.484734
-38.014736
-27.552485
-41.160858
-46.821953
-51.770370
-40.646294
-42.711571
-46.428352
-60.856358
-59.725540
-52.735512
-51.556488
-69.302422
-73.062164
-57.427959
-62.826084
-87.293793
-97.574600
-67.741188
-59.548462
-93.565018
-108.840675
-81.152321
-68.691422
-96.043152
-106.842911
-77.297905
-56.555744
-83.655899
-85.075119
-74.454201
-49.740162
-61.042194
-60.655613
-48.605839
-29.137384
-42.561672
-44.574345
-38.401318
-24.381815
-33.547569
-34.990456
-26.600494
-16.931572
-17.347080
-26.667118
-23.912832
-15.090707
-14.503384
-20.874529
-21.778307
-14.016868
-17.062185
-23.282555
-41.323906
-25.253157
-24.758753
-17.832718
-25.499483
-19.429012
-11.824488
-12.566968
-20.786869
-13.909047
-6.883080
-7.662380
-23.386871
-17.480328
-7.288072
-11.966498
-26.955519
-21.773922
-13.845056
-18.314852
-26.408520
-24.294155
-22.490107
-25.451269
-34.133141
-29.168938
-32.818233
-30.096386
-33.061932
-34.456604
-29.509939
-29.289909
-28.286203
-31.902184
-31.724234
-28.328278
-22.601435
-28.100361
-28.166107
-19.438656
-12.994750
-18.522606
-17.787136
-12.947413
-8.586319
-12.665150
-1.605936
-11.138982
-9.671552
-7.047882
-6.740194
-21.395229
-19.272976
-11.465957
-10.715585
-29.916679
-25.989506
-13.850318
-37.194233
-63.013676
-54.149479
-37.350266
-39.708324
-70.809296
-52.335781
-35.248177
-35.981014
-70.913597
-54.059177
-37.689514
-35.045677
-56.818722
-57.036125
-43.090260
-35.110546
-52.392757
-44.072056
-33.028618
-34.666988
-47.190128
-28.769209
-22.517281
-26.319981
-37.202122
-25.069946
-19.996174
-14.946943
-17.876549
-19.912897
-19.510536
-18.626923
-38.410961
-41.472931
-30.097258
-30.972111
-43.883583
-43.222622
-26.440952
-34.785328
-47.806381
-49.889187
-21.719576
-43.332203
-57.881168
-59.997288
-17.999275
-52.395393
-71.106461
-71.770058
-21.020922
-65.649612
-79.861954
-84.499176
-20.871901
-74.656708
-93.898117
-93.392319
-31.242981
-65.707474
-95.578568
-88.818207
-37.430038
-60.720482
-82.893257
-85.836006
-35.026394
-44.463890
-60.477665
-64.320679
-31.221943
-35.007107
-38.945683
-38.329430
-27.695374
-26.640820
-31.018572
-31.163212
-20.124159
-21.077900
-22.825846
-22.266573
-9.203446
-7.426575
-13.642560
-20.859627
-3.452935
-4.681057
-7.167978
-17.122671
-5.325359
-16.440674
-9.154358
-26.986200
-24.281004
-19.874329
-16.807095
-24.995438
-28.390520
-29.566919
-26.417284
-25.978985
-27.442913
-42.838676
-38.715137
-30.899351
-33.321404
-50.784191
-54.239765
-36.424576
-40.224644
-55.976315
-65.559319
-44.924110
-33.827206
-66.442062
-73.532021
-59.130329
-34.013046
-60.954540
-71.562302
-68.497696
-41.256409
-59.472198
-65.923981
-77.884346
-42.253105
-59.268829
-53.490273
-71.919075
-36.747166
-52.082451
-47.915081
-63.057510
-29.587078
-31.522617
-31.731247
-42.873741
-19.031914
-20.889431
-21.617012
-28.469410
-17.020109
-16.391586
-11.425632
-13.677624
-16.703655
-16.665962
-12.211946
-11.224014
-20.234610
-20.795635
-14.712891
-4.557290
-4.845424
-5.364954
-5.440046
-6.373420
-7.434174
-9.884975
-10.757719
-11.912477
-12.226754
-3.308528
-8.800859
-10.130835
-12.182255
-6.057475
-8.841465
-10.702651
-11.988683
-9.002220
-14.378297
-8.913220
-11.193812
-15.349494
-24.899616
-15.032996
-16.646652
-23.851656
-35.523281
-22.685217
-30.063766
-36.457207
-48.836372
-37.954056
-33.505234
-39.847507
-43.766785
-41.997936
-34.354618
-36.393238
-36.896637
-40.295837
-29.019142
-27.303137
-26.741329
-33.123093
-21.822487
-17.000980
-19.118593
-19.481264
-15.450733
-11.245543
-12.617791
-15.649311
-12.124406
-4.765325
-6.322802
-9.891094
-6.855682
-0.803213
-2.043633
-7.310131
-3.331889
1.624226
0.403276
-4.136215
0.797651
0.118479
-3.401420
-5.348266
-0.307602
-1.919591
-0.116811
-1.653151
-0.915018
0.927255
-0.733683
-2.721692
-2.429665
-0.105686
-2.323422
-2.827934
0.127936
-3.518230
-10.777186
-6.439057
-3.577748
-5.764892
-16.320694
-7.557104
-5.242580
-8.739674
-17.067728
-10.542453
-10.130278
-8.706855
-16.689484
-11.296162
-10.693750
-4.405436
-13.412661
-13.587323
-10.199252
-2.252780
-13.102279
-15.472426
-12.032625
-1.883992
-9.550674
-10.147522
-6.185966
-3.307971
-5.198637
-6.216560
-4.508340
-6.172616
-4.251914
-1.400061
-1.385042
-6.949686
-5.916745
-2.475833
-4.242457
-10.190908
-6.436831
-3.100493
-8.369216
-18.824898
-12.875890
-20.569830
-24.955791
-17.897087
-9.901106
-17.560005
-23.429464
-13.768657
-9.189117
-20.733919
-21.775204
-10.247088
-6.953024
-13.171252
-15.160930
-6.090849
-7.352962
-5.562975
-9.996223
-7.348513
-11.885777
-5.776017
-13.031079
-10.287138
-12.940968
-10.238189
-15.071376
-12.652835
-15.174836
-14.628608
-16.912537
-16.067049
-20.479717
-20.481943
-21.266798
-21.939291
-13.424343
-14.333241
-13.926073
-17.153389
-10.860623
-14.195851
-11.340104
-16.077061
-10.808334
-13.383182
-12.329659
-14.689235
-17.222361
-18.517296
-15.594799
-17.915443
-23.576872
-23.213650
-25.492571
-26.482683
-34.909744
-31.253008
-23.054003
-23.957897
-33.924641
-26.899305
-25.245596
-27.865496
-33.791695
-28.488489
-26.250725
-26.255175
-31.275259
-26.104990
-22.138430
-23.777117
-26.142260
-22.916058
-17.800301
-20.102583
-24.016857
-21.796898
-12.089362
-14.511795
-18.495047
-14.240350
-8.878735
-11.258336
-17.019335
-14.139115
-12.141093
-13.560065
-19.171989
-10.272120
-15.914639
-24.165375
-26.497700
-14.970696
-22.662966
-19.867296
-21.997702
-7.496473
-12.786890
-13.978918
-13.111179
0.388813
-1.976884
-6.944681
-8.323048
3.176142
5.077376
-0.798207
-6.247152
-1.021817
1.538010
0.343201
-8.973849
-6.671565
-6.085843
-7.818538
-11.958646
-11.639362
-9.716991
-16.968716
-20.495291
-18.066181
-11.702217
-21.266243
-21.394735
-19.321623
-11.488622
-16.738989
-16.123230
-16.278421
-13.834292
-14.616925
-9.345977
-8.199562
-11.455803
-10.235407
-5.309886
-4.049997
-9.609080
-7.226695
-3.382507
-3.482074
-7.960935
-6.691590
-4.423236
-5.036215
-7.974841
-6.981392
-7.144928
-7.245051
-8.125583
-6.446288
-7.710069
9.997474
10.346213
10.519454
9.571152
8.976861
10.908868
15.289589
-0.921187
-2.304097
-4.114835
-15.048560
-9.976382
-21.483307
-24.792198
-27.371973
-17.590673
-28.506321
-33.034676
-39.573364
-24.028437
-34.781387
-38.405125
-41.610821
-31.345203
-37.862053
-39.186211
-37.773922
-41.666561
-43.694225
-28.746601
-25.980024
-34.623970
-34.455994
-28.992149
-24.931543
-35.248383
-35.289059
-32.234753
-27.964001
-37.337059
-36.746536
-32.244545
-30.150599
-35.707092
-26.111084
-18.428253
-25.290829
-29.455376
-21.241526
-12.420578
-21.786102
-27.342594
-23.620192
-12.644285
-22.604101
-26.869579
-28.481464
-20.751179
-24.064590
-29.504333
-34.468052
-19.028568
-20.522202
-23.733175
-29.842531
-19.240976
-17.003918
-19.404427
-16.207764
-12.098203
-5.343334
-21.828283
-16.585882
-19.623611
-8.576150
-16.147507
-12.125317
-15.903462
-13.002816
-19.739607
-15.423662
-15.840193
-13.532331
-23.630735
-18.806368
-18.349918
-15.160037
-24.349308
-14.534110
-17.178663
-15.752819
-20.760971
-9.853609
-13.633261
-16.469885
-21.582733
-8.731314
-8.712482
-13.456255
-17.927362
-7.615042
-7.914071
-6.610249
-18.963039
-9.595256
-9.232958
-9.215632
-20.146345
-6.740556
-8.931669
-15.779181
-22.117517
-8.827725
-9.707484
-13.274729
-24.470575
-8.759182
-6.061905
-16.527882
-28.541721
-9.655512
-6.248703
-17.819653
-23.452974
-22.251593
-21.575956
-2.414067
-4.239116
-12.335464
-17.231388
-8.359222
-13.262679
-26.215025
-24.740980
-20.035620
-26.580339
-27.504541
-21.643744
-20.634430
-30.775015
-29.241463
-19.305750
-18.027542
-34.133621
-23.153948
-12.864225
-13.002818
-30.515156
-19.015009
-13.112787
-11.174001
-23.247345
-15.672225
-12.259389
-7.383051
-11.643256
-13.246860
-11.611621
-5.245416
-6.256236
-3.423379
-9.980149
-5.857782
-17.738306
-17.971048
-12.968168
-12.657089
-24.429899
-26.848486
-11.653803
-15.732481
-35.162521
-38.377258
-12.123057
-24.974478
-42.460453
-46.675468
-22.519739
-33.435383
-46.786190
-53.476276
-20.587732
-28.523643
-28.948460
-38.039814
-18.788292
-31.821993
-25.799255
-36.807549
-20.099646
-30.539255
-26.224068
-31.639711
-25.811304
-33.321648
-27.982836
-33.564190
-25.229822
-26.878616
-21.368067
-23.596840
-21.852386
-18.898262
-14.250902
-19.537745
-15.740014
-12.922976
-9.822728
-15.295616
-11.438382
-9.292461
-9.977137
-6.126683
-4.476380
-10.877234
-10.638463
-13.349297
-11.946052
1.160709
-3.998086
-9.461936
-11.238779
-4.292593
-8.683106
-14.674210
-17.070202
-20.914629
-29.593969
-26.583353
-24.488651
-31.500368
-40.639168
-26.697090
-23.218723
-39.193745
-47.827141
-33.691479
-28.439283
-33.912926
-37.517078
-33.699009
-25.321711
-27.243927
-24.805761
-24.555689
-18.461397
-26.904980
-21.856907
-20.080061
-14.680991
-24.459274
-21.920933
-20.511658
-15.528359
-21.565413
-18.148054
-21.119505
-15.732480
-20.356493
-17.580881
-21.734884
-21.230228
-19.443592
-21.804934
-23.356562
-23.203661
-20.445374
-23.511726
-24.337254
-25.104784
-22.241049
-19.561848
-19.356218
-23.199142
-22.064041
-18.971325
-17.057396
-21.637718
-20.935719
-17.110121
-16.215813
-17.032515
-18.221159
-17.840605
-29.844486
-34.572437
-44.537300
-22.511393
-35.025814
-37.303654
-32.173225
-22.404900
-32.216293
-35.577068
-27.177481
-23.702385
-32.876389
-35.509724
-23.205944
-26.448477
-28.008278
-32.746410
-27.157120
-33.243626
-33.729893
-40.623703
-33.571720
-45.494175
-40.693401
-64.870300
-59.761799
-71.512764
-61.437485
-72.414803
-75.405212
-82.580139
-74.279213
-71.215981
-75.331596
-80.218513
-68.778404
-54.538189
-60.724144
-61.832920
-62.684067
-39.114021
-37.565182
-41.389511
-40.474934
-22.128489
-22.443268
-25.844757
-25.795425
-11.175433
-9.729174
-13.942670
-13.638854
-9.910838
-4.532973
-7.631432
-12.648317
-8.138836
-7.009704
-7.835020
-12.826849
-7.567222
-11.350834
-13.934839
-27.579176
-17.781096
-18.781809
-9.629728
-18.384811
-10.740069
-11.866069
-13.790762
-14.398394
-6.199265
-12.339020
-15.649680
-10.873966
-5.496102
-14.544039
-20.624281
-13.196441
-6.691792
-16.489874
-26.150923
-14.981752
-7.744971
-15.269910
-26.306747
-22.119093
-17.457701
-19.690908
-26.512688
-23.136251
-24.055529
-15.098425
-20.963333
-20.698671
-22.079941
-12.998333
-20.097301
-18.615021
-20.535797
-14.937121
-14.923026
-13.709327
-13.277875
-11.928713
-11.330475
-7.820925
-8.422294
-10.148097
-9.540464
-1.353080
-3.901066
-9.862289
-8.955540
-7.191369
-11.885645
-15.481327
-9.527153
-8.380010
-9.572568
-36.196445
-33.527088
-30.964220
-27.453890
-39.374779
-40.239243
-30.857731
-27.361490
-31.834169
-42.789574
-36.124409
-29.820217
-23.433020
-33.469929
-30.347193
-27.551769
-22.183298
-32.495052
-22.210705
-20.894428
-21.213123
-29.875805
-20.304022
-24.977940
-22.291355
-28.969839
-23.522285
-27.727953
-27.372454
-27.566645
-27.348963
-31.527225
-33.641407
-42.036301
-44.805099
-39.630829
-40.292484
-45.887253
-43.786377
-33.223274
-42.378483
-43.388592
-43.520145
-30.276722
-44.007980
-39.403751
-39.003620
-32.069088
-44.089413
-44.686859
-42.936008
-37.075005
-53.364422
-53.632225
-49.886196
-41.631470
-76.005013
-75.823357
-70.578598
-41.794338
-73.622253
-79.306274
-72.483719
-41.328434
-68.016518
-71.945770
-73.283188
-34.669533
-49.392101
-53.546089
-54.609447
-23.578665
-29.004292
-30.295513
-31.751953
-21.631266
-19.088757
-24.231714
-27.763971
-17.524260
-16.943249
-20.625847
-23.689070
-16.172745
-17.873491
-24.701530
-28.797575
-21.029892
-21.931950
-31.060532
-21.154398
-14.443028
-38.283230
-37.587891
-22.141016
-23.519148
-37.123554
-38.881458
-17.514864
-24.763395
-22.073675
-22.297623
-5.883701
-17.626055
-10.429205
-16.082693
-2.743743
-16.090532
-5.622954
-18.968170
-7.448200
-15.962107
-4.292583
-21.809793
-18.988529
-18.180441
-17.141357
-29.088854
-29.887554
-23.135469
-26.210434
-33.989857
-34.334393
-25.840841
-32.840370
-38.803154
-38.659866
-26.637970
-34.613937
-34.136292
-33.179420
-24.392233
-30.045727
-23.549692
-24.764172
-23.002352
-22.953802
-15.379536
-18.340961
-15.565894
-15.006811
-8.461445
-12.493277
-11.326560
-12.847208
-8.430908
-11.650735
-11.689103
-13.164337
-8.930481
-10.938959
-16.272192
-16.834406
-13.679571
5.251770
5.561769
5.789536
5.943079
7.097930
9.132564
12.758666
5.345643
9.021955
9.719813
-2.265313
-2.754324
-2.780522
-3.316832
-13.813822
-21.400038
-13.476899
-18.672638
-34.752502
-45.151253
-32.402775
-39.438850
-51.356300
-56.129974
-47.970341
-56.140888
-53.179176
-54.767735
-54.726982
-48.901062
-41.138016
-40.521660
-44.357338
-32.086956
-25.085081
-29.927883
-34.928600
-19.296999
-18.916414
-27.029480
-28.392452
-16.689671
-16.795914
-22.109539
-19.310825
-14.352314
-12.158318
-16.114794
-16.197748
-10.029812
-8.198205
-11.477195
-13.542392
-8.731604
-6.814857
-7.763771
-9.447656
-3.761452
-6.571080
-6.983684
-7.087743
-1.324404
-6.715164
-7.990813
-6.599460
-4.222083
-6.443007
-4.475321
-4.573560
-8.938270
-2.337354
-11.390599
-10.311428
-12.358432
-3.677040
-9.683429
-10.815721
-5.684021
-14.358865
-18.222195
-19.414886
-17.268187
-23.221455
-22.223787
-21.912334
-22.181580
-21.945808
-20.045797
-16.468452
-20.224812
-12.215805
-14.148561
-13.583870
-16.833754
-3.776734
-8.471817
-13.532932
-11.082785
4.969425
-5.167358
-11.886159
-9.831878
1.766115
-6.957486
-13.070845
-12.669886
-3.925911
-5.292522
-8.101420
-8.941908
-8.965920
-5.100410
-5.762612
-5.559585
-8.075953
-9.916291
-6.633662
-8.587521
-15.168791
-12.192518
-5.826650
-7.071734
-12.364255
-6.827229
-17.919472
-22.346039
-6.926923
8.423062
-17.371521
-23.650066
-5.755335
16.352022
-13.898961
-19.369768
-2.606602
21.608883
-10.056735
-16.611809
-5.535571
14.513866
-6.823591
-15.826625
-13.576592
1.292385
-6.226153
-15.774228
-10.834641
-8.464539
-5.676016
-12.811787
-16.535400
-15.422026
-8.407055
-13.754152
-17.380985
-13.979737
-12.301674
-15.018155
-17.008400
-12.827797
-5.124424
-14.212601
-14.986139
-29.411222
-20.812059
-29.548754
-24.890055
-45.954636
-35.625740
-42.693829
-30.015211
-51.513489
-44.037155
-50.126495
-39.792511
-52.947041
-48.284706
-56.522205
-51.471272
-50.510723
-50.574032
-35.258251
-37.930344
-31.085649
-28.332779
-23.374271
-23.227278
-18.149426
-18.570761
-17.147390
-13.114508
-17.878723
-16.995300
-17.096453
-12.598573
-21.147526
-20.521709
-15.347073
-14.608463
-22.290007
-17.004034
-15.488246
-17.656048
-25.199327
-19.501482
-23.203991
-26.397114
-30.861519
-24.370483
-30.970671
-33.064980
-35.886974
-17.450840
-26.534651
-30.592270
-32.543221
-14.577173
-19.694319
-17.191780
-20.976519
-5.058204
-7.379550
-6.256717
-10.411123
3.383779
2.933335
-7.431215
-7.254385
2.581860
6.709343
-16.533215
-13.014085
-10.428589
-3.001010
-21.146072
-19.430895
-18.506723
-11.762451
-30.776377
-21.499731
-21.878859
-16.273428
-33.198875
-15.392189
-12.816879
-15.594491
-28.052620
-2.006981
-6.838142
-15.964159
-22.529417
2.151792
0.004366
-13.022818
-19.981760
-1.416821
-1.933485
-12.862000
-15.566838
-3.033758
-4.286120
-12.467587
-7.339525
-2.787797
-3.404153
-9.166766
-2.335900
-3.327019
-4.183515
-8.533671
-1.825057
-1.996792
-6.006390
-8.628270
-8.138535
-10.398752
-17.195419
-1.782123
-5.355104
-10.865203
-6.089428
-6.259349
-6.704959
-6.222070
-10.645227
-12.089559
-15.322402
-11.318846
-16.896778
-18.046345
-17.664021
-16.489311
-23.874823
-26.451385
-25.128424
-19.724752
-27.348675
-30.055281
-27.848036
-29.809935
-25.085945
-31.171909
-29.236019
-38.496727
-32.453251
-37.780636
-27.970276
-43.108883
-39.729530
-42.930298
-31.591509
-45.224232
-41.501568
-32.982964
-30.133305
-46.668556
-44.952869
-33.784878
-34.507050
-49.138493
-43.984501
-37.374905
-34.853821
-44.178696
-41.995724
-31.846390
-22.098448
-27.737064
-26.721874
-20.516273
-12.746706
-16.614149
-20.381897
-15.434237
-3.525002
-6.401528
-9.661244
-11.385600
4.091118
0.344177
-5.739182
-5.551055
8.463125
8.005378
0.899023
-1.046404
2.377166
3.783352
-2.971024
-9.389024
-3.521534
-1.441731
-0.032077
-6.008801
-1.077614
-8.511674
-6.777782
-4.082448
-5.139256
-15.680449
-10.138931
-3.428771
-9.327471
-20.946278
-10.888841
-4.130998
-12.574183
-20.181631
-9.526870
-1.953229
-12.858541
-18.162514
-16.264772
-8.848050
-15.600691
-16.200621
-17.898966
-14.317611
-12.692087
-13.765367
-16.641893
-11.726310
-10.808214
-10.311456
-19.738625
-17.612007
-13.670001
-8.403306
-12.920094
-12.630533
-12.109501
-7.119359
-8.019250
-6.803791
-9.447976
-8.680728
-3.049916
-3.039512
-12.569850
-6.743972
-12.920094
-13.022394
-15.774947
-4.754331
-14.730278
-18.248343
-23.765589
-7.513820
-27.533339
-29.489166
-28.785200
-7.976773
-24.927296
-30.445404
-27.849771
-9.732334
-22.333389
-28.831150
-22.194681
-7.358634
-18.087091
-27.996281
-17.788862
-9.071721
-12.196195
-19.039864
-14.036721
-13.286812
-9.130674
-15.094394
-14.311542
-19.762896
-13.471470
-19.455132
-20.533615
-21.713526
-19.657129
-24.446136
-24.624727
-28.154064
-25.241129
-29.145851
-31.293278
-30.443674
-28.557192
-23.494230
-33.560345
-28.017088
-29.439747
-26.614370
-33.972145
-20.073271
-23.594801
-32.826908
-31.927011
-19.240999
-21.919859
-39.229301
-34.810482
-25.529821
-23.578325
-36.800121
-35.324574
-25.593979
-18.539639
-27.396357
-21.408361
-25.209915
-16.687849
-27.134541
-20.832705
-31.816914
-29.358252
-29.400736
-26.168766
-39.146942
-43.302216
-20.531012
-26.662052
-27.963341
-33.820427
-18.036808
-21.083258
-25.350363
-31.974697
-16.153801
-19.356300
-24.498154
-23.213339
-16.490177
-21.445641
-31.540356
-18.639338
-19.019062
-26.820705
-38.188103
-15.926661
-21.475985
-33.038441
-39.764202
-19.834856
-26.629974
-29.096432
-36.496689
-15.268651
-18.542238
-28.983730
-33.951336
-13.238262
-14.881125
-27.142342
-31.938284
-14.621040
-19.706545
-24.434872
-28.843292
-12.147646
-28.702845
-17.604204
-29.135448
-7.045670
-21.238441
-23.964985
-32.315407
-8.745750
-18.217999
-21.046844
-24.407999
-13.270341
-19.252270
-22.060305
-20.357622
-10.719787
-14.156361
-17.712570
-15.565145
-13.331894
-12.212666
-10.261171
-8.725810
-5.723577
-12.125972
-4.623423
-6.410198
-3.621233
-10.599280
-4.700580
-4.893043
-4.899112
-6.562781
-3.157418
-0.584321
-3.381955
-6.855808
-3.725267
-1.107090
-4.323460
-11.097774
-8.931276
-7.597047
5.248293
5.580764
6.062797
6.160315
8.944886
10.829562
15.041030
4.326671
6.159305
6.520577
2.104977
-3.287320
-4.085149
-3.760764
-5.497900
-12.281723
-6.742391
-9.309695
-9.907940
-16.232971
-12.252418
-15.367438
-11.352521
-16.100088
-12.430780
-14.710079
-14.681781
-18.783602
-11.332309
-4.247342
-14.328593
-18.160095
-10.625937
-8.075815
-16.036423
-17.794275
-13.472152
-10.895754
-15.927284
-16.903477
-14.060798
-10.158052
-10.408163
-13.209409
-8.710944
-6.265413
-8.096024
-9.774043
-9.671978
-3.067526
-2.881584
-3.746617
-6.079471
-1.603238
3.277215
1.503194
0.502244
0.874126
4.744029
4.941086
2.441489
-0.415336
4.014411
2.308097
0.173815
-1.223776
3.445471
3.251446
7.119328
4.307976
5.251831
-5.384716
-1.698230
4.153362
-2.646631
-9.268767
-10.236874
2.033227
-4.825378
-8.546730
-7.481104
0.307712
-4.805672
-5.002729
-6.385666
0.777619
-4.165994
-6.484701
-6.915700
-0.128340
-3.231235
-6.429626
-5.606534
-3.282267
-2.446543
-4.480779
-6.027428
-3.198392
-3.125633
-3.537937
-3.733478
-2.968492
0.651300
-2.534965
-4.285239
-3.575832
3.371196
0.495170
-3.190813
-3.445472
2.980618
2.571851
-0.989834
0.566413
1.738146
2.277275
-2.209568
-2.861879
-1.660334
1.937730
-0.123793
0.364303
-0.467884
0.683132
-5.356928
-5.909698
6.170926
7.064252
1.032278
-1.990785
3.742067
4.661669
-2.198452
-3.778953
-1.644670
-0.235458
-8.482559
-7.863598
-4.075045
-3.982579
-10.803289
-9.616902
-5.120458
-5.857150
-10.966998
-9.206115
-1.947330
-2.968998
-8.602816
-9.038362
-1.758863
0.845831
-6.997556
-7.637234
-3.387364
-3.177170
-4.946642
-5.492846
-2.673915
-0.088928
2.691096
-1.730062
-1.037836
-1.453677
-5.637861
-9.896824
-6.066334
-7.984356
-13.054289
-13.420614
-8.984298
-9.913498
-14.221477
-17.375908
-13.890014
-14.597905
-15.890904
-12.966372
-11.868408
-13.901131
-13.512071
-2.928070
0.882210
-8.319860
-11.543516
-2.044849
-0.042442
-8.424452
-12.823886
-0.475969
-1.303104
-8.168784
-9.583050
2.174704
-1.144449
-5.444845
-6.383647
0.098023
-1.800296
-8.177374
-8.937307
-2.183800
-3.327237
-9.975143
-7.220888
-5.938498
-8.166257
-12.451496
-7.894420
-7.027873
-9.694210
-11.327765
-1.355653
-4.059886
-8.471950
-6.534723
-4.996161
-4.776870
-3.057926
-5.517099
-3.943672
-2.287887
-1.224787
-3.655160
-2.528902
-2.427341
-2.763349
-4.331220
-1.670945
-5.663630
-2.493532
-8.138469
-4.739985
-9.046446
-2.237358
-16.006611
-7.893913
-8.904464
-6.188105
-17.299105
-15.403313
-7.982841
-7.262320
-17.115688
-18.428902
-8.831706
-9.240473
-23.343712
-21.699547
-7.746373
-10.790151
-22.556494
-23.099665
-7.269899
-9.525447
-14.245223
-19.025631
-4.131635
-4.061907
-6.054712
-9.276348
-2.372773
-0.627047
0.608351
-4.028054
2.116092
3.278730
7.070315
2.057986
6.335140
6.935406
8.240027
4.435306
7.858545
5.812181
5.579754
2.014532
8.568961
6.700453
4.245827
8.890660
9.165029
9.462554
8.672429
10.445649
12.498149
17.095051
-1.077124
-1.015374
-1.307285
-2.901569
-7.969315
-13.697372
-16.013716
-14.674151
-16.683846
-19.243683
-24.038465
-25.232073
-20.616230
-19.184738
-25.644678
-26.591288
-11.111573
-13.352131
-20.629560
-15.440419
-5.561048
-7.441630
1.757783
-5.094411
0.079996
1.809710
7.324446
-4.192713
-6.998150
2.169685
1.712874
-11.762761
-19.038082
-6.737815
-6.939908
-15.839690
-16.364571
-7.925108
-11.907310
-14.000510
-10.068832
-8.951711
-6.746236
-7.932126
-6.822020
-10.823170
-7.200243
-8.368588
-6.398890
-8.159478
-1.822340
-6.570107
-6.300651
-11.806966
0.773986
-5.243876
-6.045930
-7.142702
-2.782980
-7.960895
-10.042166
-7.496365
-3.245407
-3.609594
-12.817429
-16.344219
-10.300396
-3.822212
-9.579741
-15.853025
-6.006634
-7.669687
-6.092945
-12.578847
-6.119610
-6.544144
-0.598558
-10.023220
-7.700562
-3.251022
9.159416
1.861636
-2.740176
5.509824
4.827061
-1.431488
-3.161903
6.274688
-1.656737
-5.694373
-4.262886
0.265948
-4.877584
-5.269137
-7.668984
-6.508357
-7.640915
-4.405333
-6.261354
-15.768820
-9.635877
-3.441184
-3.942906
-15.888813
-9.876562
-0.731883
-3.852386
-4.734435
-5.572978
-0.497512
-3.212427
-5.492983
-8.863295
-0.358574
-0.635749
-3.783618
-1.627966
-12.973908
-13.068640
8.014926
10.026729
3.806775
0.852577
4.867059
0.346645
-0.675044
4.867760
1.180275
-15.963894
-8.018435
-2.090392
-1.962681
-22.005613
-13.455985
-7.986157
-10.454069
-35.859467
-20.148893
-15.798292
-11.735394
-36.478378
-12.847600
-9.809900
-8.320872
-19.902590
-8.225440
-5.571574
0.343136
0.012631
-5.554031
-2.780874
-1.557094
-0.543123
-0.216828
-4.554095
-8.106852
-11.577507
-13.511420
-9.854810
-16.988388
-21.618271
-27.868397
-13.383006
-21.143209
-21.514416
-27.572975
-13.413180
-23.500252
-26.966698
-31.996553
-9.813408
-28.371523
-32.805630
-33.228058
10.748087
-13.550014
-23.257460
-24.842621
14.546440
-10.408462
-17.906225
-20.833054
8.352449
-6.472567
-14.702220
-15.516905
-1.093263
-6.998851
-13.246875
-12.079933
-9.226779
-12.865144
-13.307923
-5.540699
-8.409990
-9.273092
-11.268755
-7.008676
-5.427022
-7.137088
-6.869035
-9.190992
-1.713575
-1.889704
-2.459492
5.646658
6.777111
5.054415
10.283554
6.022073
3.256635
22.475761
22.055437
5.765246
5.328784
17.823425
16.450878
-0.375413
-1.155013
-4.225695
-11.124204
-23.278513
-21.251274
-16.300013
-26.999678
-26.690928
-29.472506
-15.549185
-30.344732
-30.004402
-32.366356
-12.726909
-28.749043
-23.798483
-14.851684
-12.712873
-25.789230
-17.495024
-6.379242
-14.884665
-24.126884
-17.467655
-8.811368
-13.848239
-20.851299
-15.905651
-9.847792
-11.827315
-13.169684
-15.116229
-7.631793
-9.082229
-11.870819
-13.361955
-6.041018
-6.207323
-14.362594
-14.902209
-4.595496
-5.043187
-8.266137
-11.925556
-3.707132
-5.721741
-1.719188
-4.804605
-5.271944
-8.599452
-6.438185
-7.184104
-3.314877
-7.687228
-7.831780
-0.853283
-0.917542
-0.890153
-1.141924
-5.791787
-6.363802
-7.666902
-10.471148
-18.440382
-20.677879
-22.207466
-22.988064
-30.562263
-34.395706
-27.500978
-31.070021
-40.894356
-47.541531
-40.627838
-42.829517
-53.604057
-59.364239
-45.041729
-49.316566
-56.739071
-62.197979
-38.713745
-54.074944
-57.914703
-50.303642
-28.689255
-44.158939
-42.419727
-40.448753
-23.859257
-47.584717
-41.847717
-37.538116
-25.921881
-50.178280
-36.549984
-33.528736
-28.248922
-45.573719
-34.201881
-15.910033
-14.282475
-26.780432
-25.809164
-10.432167
-11.679439
-22.556156
-24.440750
-11.994414
-9.050063
-22.092642
-16.709589
-4.393878
-4.655130
-14.283531
-9.508307
-0.285483
-2.164809
-9.073238
-4.346473
-0.326565
-4.095756
-16.618994
-5.898184
-0.953359
-7.593161
-28.851482
-10.476415
-2.964366
-9.050060
-25.140230
-7.939741
4.256932
-12.664398
-31.935944
-10.613360
0.446656
-17.715620
-35.247940
-7.481497
6.601880
-16.457817
-29.848036
-7.745908
7.339283
-11.025251
-25.340384
-10.449025
5.350398
-10.517495
-23.878214
-14.897681
-5.693818
-8.313713
-24.300642
-11.075818
-4.582442
-14.434171
-28.698734
-15.215820
-11.519314
-22.084215
-28.455395
-11.697346
-10.776644
-26.412783
-29.696339
-8.661345
-8.961574
-21.077131
-25.495239
-8.026124
-11.521421
-29.518311
-21.878792
-16.125988
-13.922198
-24.286949
-21.530111
-21.520626
-16.004843
-15.584517
-18.920750
-7.590000
-2.726290
-13.078400
-27.961325
-16.313498
-10.171973
-14.433116
-37.934196
-21.878798
-19.498037
-20.929649
-39.948372
-22.905895
-26.648748
-24.331192
-40.191708
-21.657574
-23.761284
-25.330904
-39.770336
-24.807346
-23.746538
-31.032091
-35.380676
-25.802843
-28.728230
-31.526155
-26.505484
-30.642324
-32.497425
-40.869072
-39.199379
-41.542217
-41.474800
-56.538925
-55.516037
-55.126266
-60.412399
-65.198151
-51.295975
-48.675030
-60.464020
-65.726974
-52.110275
-45.875000
-58.344505
-74.284019
-61.975708
-51.799522
-55.452827
-82.181625
-70.139832
-56.059601
-38.455654
-68.503845
-52.415775
-37.010345
-28.316339
-53.371246
-49.269173
-41.909870
-23.594845
-42.296482
-41.942528
-42.467136
-17.569191
-32.472137
-35.498657
-43.996723
-6.493375
-17.582888
-22.351791
-27.352448
-13.472383
-22.968046
-27.459890
-29.606794
-20.155378
-31.252262
-36.598446
-29.256001
-23.634871
-31.935940
-43.551125
-23.152399
-21.949377
-32.010731
-38.752724
-18.181238
-18.990282
-27.907608
-28.290001
-14.682781
-15.439149
-21.085560
-21.915668
-12.007055
-19.123009
-10.943087
-14.850278
-7.357190
-22.367590
1.309422
-11.384475
-2.475573
-24.411255
7.239211
-16.092272
-1.243054
-22.297014
7.192858
-19.945742
-0.284428
-8.686627
18.015850
-11.443465
9.898074
-1.187222
16.606354
-4.773112
6.472305
-3.500565
5.819177
-10.130887
-5.859206
-8.972109
-11.976504
-17.616594
-17.969498
-20.740030
-23.148184
-25.676434
-32.600662
-23.111319
-23.357821
-28.121452
-36.860748
-20.070051
-23.921408
-26.884722
-37.490704
-21.062382
-28.736660
-23.049164
-33.901649
-19.711880
-32.764999
-32.471092
-42.971725
-23.450521
-31.381838
-28.014002
-9.327063
-10.057740
-11.264276
-11.732388
-15.043671
-17.740423
-23.205027
-14.304545
-13.736475
-13.956101
-3.863867
-6.712669
1.165707
1.645084
3.476706
-6.289608
-1.251587
-1.495849
-4.455872
-14.000450
-11.728870
-14.148273
-18.837849
-18.582323
-24.275705
-29.885309
-31.738758
-30.145765
-37.139309
-48.704861
-46.047527
-45.052166
-45.306992
-50.081043
-45.953201
-45.102852
-43.238140
-44.482700
-36.564896
-33.801273
-32.052010
-29.529127
-20.444918
-17.804482
-22.251907
-12.379297
-5.378018
-4.842328
-6.949893
-3.236666
-0.278756
0.305505
1.122064
5.844724
6.960453
6.275529
4.343243
5.090816
11.120674
10.713802
0.280869
-0.387161
9.952150
13.278216
0.320288
-3.205693
3.651281
5.783483
-6.702109
-9.243295
-6.691551
1.402931
-2.358867
-4.824027
-6.027745
-4.559349
-4.067304
-3.147971
-2.624248
-5.635657
-5.719424
4.443202
-2.574269
-5.937642
-12.865012
0.214699
-6.008740
-10.115463
-17.675665
-4.849368
-8.815306
-12.243441
-19.158134
-10.196414
-10.329457
-10.626514
-12.729855
-14.016638
-11.436035
-8.182472
-6.208655
-5.170360
-6.431800
-10.223164
-5.476569
-3.135300
-5.613131
-12.422238
-5.830646
-3.545691
-3.483745
-8.071252
-5.444892
-3.466147
-5.851059
-5.558225
-3.883577
-5.049988
-9.234848
-3.712522
-5.903150
-10.136580
-12.745343
-1.296637
3.891321
-2.303256
-23.343700
-12.731262
-4.065191
-11.244567
-18.181787
-8.843462
2.816421
-9.617080
-13.470389
-0.801778
-2.351826
-13.038177
-10.221053
-0.265382
-3.146563
-10.406185
-10.550491
-7.242725
-3.449957
-8.795596
-11.390279
-13.102939
-5.796856
-12.267374
-9.220064
-13.497842
-9.039154
-14.189806
-12.472921
-18.452097
-11.842201
-15.028889
-16.076334
-23.157160
-22.172363
-19.236275
-21.221355
-3.132484
-4.879637
-17.846014
-12.156155
10.980593
3.330290
-16.694386
-8.585823
2.672115
-3.592150
-21.775345
-14.409431
-15.762386
-18.594296
-25.725092
-28.221930
-35.109871
-33.303596
-33.600651
-41.656422
-49.567181
-47.973473
-28.930082
-39.313042
-42.960094
-43.971638
-24.418602
-36.817608
-33.294437
-37.812962
-18.150110
-25.951757
-24.595285
-20.789845
-15.137997
-15.803914
-23.306393
-11.207257
-19.688898
-16.414925
-32.555313
-10.419561
-18.353546
-18.533047
-31.077065
-9.812070
-13.202895
-16.648628
-24.159555
-12.788281
-14.362267
-12.427871
-14.213737
-3.559770
-13.685792
-22.780554
-16.704945
-6.435320
-14.526990
-21.620480
-15.844740
-8.315516
-11.039017
-8.198662
-4.270033
-5.760955
-9.380560
-1.341689
-5.441373
-4.591730
-10.700425
-1.266369
-10.204159
-13.400700
-16.354387
-1.151628
-11.732388
-19.507284
-19.668488
-8.597792
-16.445194
-25.827162
-25.147871
-10.999598
-13.553454
-21.245287
-24.547422
-18.381706
-9.840932
-14.239784
-18.874453
-19.807863
-13.906121
-10.808833
-15.884866
-15.851079
-11.512056
-5.728576
-17.275127
-10.551898
-6.262858
-1.828102
-14.553737
-6.281160
-1.710548
0.874281
-7.738997
-1.286782
0.366044
-0.389977
-3.725193
-1.835847
-2.361682
-5.708161
-4.576948
-6.241740
-7.360988
-3.470574
-3.733070
-4.145751
-4.310030
-4.147512
-4.989612
-6.539918
-8.850405
-6.535074
-6.848219
-1.528286
-9.175000
-3.867840
-4.950414
-4.829295
-17.109316
-2.049752
-4.531566
-8.296785
-20.189672
-9.711003
-11.680157
-12.531064
-28.250391
-18.680325
-17.475311
-20.492683
-31.742987
-23.066109
-19.233942
-22.610266
-30.215580
-24.419102
-18.202900
-24.380342
-25.083708
-24.252621
-14.551309
-20.956017
-19.500839
-24.039455
-13.966860
-13.197872
-15.110211
-21.767727
-9.971293
-5.633956
-9.838724
-12.273415
-6.554893
-2.784388
-6.672488
-7.186027
-2.755319
0.836373
-2.025090
-1.791662
-0.816113
-1.230556
-4.514830
-4.322362
-1.451652
-1.573210
-1.105474
-2.048432
1.080811
0.510457
-0.292444
-1.120009
2.391525
-2.342638
-2.558007
-1.559116
2.341316
-3.057453
-8.350078
-4.309149
-2.562412
-8.674674
-13.041960
-2.783066
-5.544110
-10.771553
-11.873504
-0.822720
-2.820943
-5.103683
-12.951674
-4.915179
-6.544323
-3.230100
-12.243023
-8.120175
-9.251636
-4.539053
-11.748423
-13.179374
-11.658576
-5.269284
-11.273642
-11.050344
-8.976809
-6.585282
-11.434398
-7.884547
-5.988943
-5.927282
-11.355561
-3.164037
-1.440201
-3.057453
-8.783900
-2.611739
-0.253246
-8.523168
-6.262449
-1.582459
-3.704882
-10.928347
-7.895556
-3.458683
-3.237588
-10.372966
-7.160922
-16.027185
-17.945248
-7.526919
-8.386634
-15.846607
-18.219196
-2.839000
-6.543883
-8.867141
-11.305352
1.449890
-1.698731
-8.368578
-10.738080
0.662404
0.849586
-3.546328
-8.138674
2.067811
4.027717
2.292869
-7.703090
-5.487296
-2.414428
-4.824450
-12.500675
-13.340571
-10.110031
-10.879457
-15.406619
-20.445560
-21.374424
-16.701040
-19.279306
-23.998932
-26.441992
-23.554983
-26.662645
-29.225498
-25.893658
-23.807350
-25.513569
-30.976200
-29.178812
-28.138519
-24.370659
-29.956167
-22.974062
-22.472853
-23.642628
-28.013880
-17.198282
-16.394939
-17.887114
-22.216965
-16.428856
-17.538734
-13.632575
-17.857162
-15.497347
-15.086430
-11.037130
-11.082055
-13.045044
-10.331125
-8.939811
-7.368804
-10.910729
-9.173679
-12.563216
-9.464804
-14.496256
-12.787393
-16.553938
-17.030922
-18.238132
-19.039272
-16.374683
-20.338097
-22.050041
-20.607637
-16.358387
-20.709820
-23.011936
-14.357079
-17.354635
-23.300856
-25.422840
-14.845075
-18.915953
-23.704290
-28.690376
-10.879458
-14.814684
-20.177340
-25.557169
-9.027458
-11.737412
-11.706583
-15.508360
-1.951537
-3.253003
-5.194851
-5.962077
0.605148
0.923579
-2.948667
-4.013622
0.250604
2.280538
-1.061873
-6.330273
-2.858379
-1.574090
-4.634184
-6.158068
-9.915800
-4.463300
-11.166618
-9.098367
-11.661218
-8.338187
-17.048979
-14.671547
-13.434381
-10.425818
-19.226896
-12.731899
-12.541634
-9.227412
-13.303133
-8.672032
-9.766936
-9.444543
-10.408640
-3.787683
-4.998860
-7.106750
-10.795337
-3.582884
-4.282284
-10.097258
-11.576655
-6.789201
-6.615232
-11.402687
-12.482617
-12.520933
-11.955865
-10.181379
-13.414124
-15.160420
-17.376217
-11.437480
-9.533951
-12.142606
-5.964776
-6.319336
-6.638959
-6.813651
-9.511678
-11.244367
-14.534410
-13.185394
-14.294369
-16.021236
-8.459641
-11.314892
-13.228744
-16.004416
-8.942310
-8.367118
-9.753012
-10.268678
-8.339944
-13.561308
-10.018932
-10.235681
-13.887399
-27.919729
-18.474693
-17.185205
-25.692078
-34.043671
-19.312572
-20.838863
-27.059206
-30.670162
-20.343258
-13.786466
-13.385966
-14.277547
-16.081406
-5.654212
-1.094092
-2.188186
-9.473504
2.843604
6.052121
4.921795
-1.841389
4.739988
10.132160
7.678700
4.019219
-2.186889
3.709949
0.256215
-2.352524
-8.840730
-3.944166
-7.717522
-8.799969
-11.686275
-7.029752
-11.801443
-7.701348
-5.493106
-7.109982
-9.874002
-11.796914
-3.105643
-8.642745
-15.633029
-18.054138
-6.990932
-9.562791
-8.688683
-7.027164
-5.451698
-2.712908
-1.451241
1.242257
-1.979200
-3.849703
-3.496435
1.466770
0.119050
-7.860511
-11.116907
-3.273218
-2.918010
-13.547072
-16.180399
-5.503458
-8.607160
-16.906990
-13.243626
-6.257224
-10.805695
-18.304531
-9.700604
-2.880483
-5.617332
-7.595885
-6.906821
-2.942596
0.139107
-3.211752
-5.236243
-6.007477
-1.928734
-4.622232
-5.913015
-4.422953
-2.380992
-6.833062
-6.923643
-4.589234
-2.057488
-10.576009
-7.760872
-1.856916
-0.116462
-9.841005
-9.786010
-4.938620
-5.470461
-13.453904
-15.815486
-9.038067
-9.925764
-20.415722
-21.784792
-24.977779
-21.745974
-19.101000
-22.000248
-27.107737
-22.167175
-12.082892
-18.541336
-24.635511
-15.152947
-2.923187
-4.366017
-13.299267
-7.137802
1.940380
0.864403
1.228670
0.450965
-4.684992
-9.357690
-1.483592
-5.249184
-13.711413
-16.596428
-8.642745
-14.455473
-19.200640
-19.025946
-15.375521
-21.147488
-25.235292
-30.624231
-28.912243
-33.449062
-34.881546
-36.048103
-29.040352
-25.030190
-33.685230
-35.608139
-23.557594
-13.759292
-28.819719
-37.263832
-25.654551
-14.050447
-27.723684
-41.846596
-33.336483
-19.400564
-27.486883
-38.148941
-36.881447
-18.125311
-25.290930
-24.847731
-25.783306
-13.101930
-12.124299
-7.184389
-5.474989
-12.282819
-4.905622
-1.396891
1.411124
-13.878991
-2.455399
-4.253436
1.434416
-12.313228
-5.469813
-9.929646
0.978278
-11.594402
-10.150276
-14.838502
-4.219792
-12.923356
-11.640984
-19.914288
-6.021713
-18.340117
-19.509262
-30.800215
-16.826115
-27.107086
-27.961788
-43.357361
-17.747456
-25.200356
-29.862696
-42.864986
-19.113939
-29.986925
-15.593561
-31.776548
-8.162018
-18.188719
-5.995831
-18.105251
0.196044
-0.806821
-1.508177
-4.740634
2.261943
7.548007
-1.988259
2.217301
-1.598759
2.206301
-6.902939
-2.523335
-3.651070
-4.098802
-18.419052
-15.202768
-13.733413
-11.322656
-16.184284
-19.266632
-16.773060
-9.096299
-10.953860
-14.100910
-13.272741
-2.413344
-4.072274
-3.547550
-5.118488
-2.069134
0.786115
0.690358
2.949067
-1.844622
-0.330621
-2.988534
0.241335
-7.096394
-6.015243
-7.560299
-5.746086
-11.628692
-10.367023
-10.787580
-10.037050
-11.190667
-8.965602
-8.736562
-9.642372
-13.630536
-10.982330
-10.742289
-17.298588
-18.034494
-19.332590
-19.158188
-30.921062
-35.631271
-45.138554
-29.097027
-43.850719
-46.809391
-34.647785
-25.431173
-28.807041
-30.867037
-26.249834
-21.154573
-18.997465
-18.811436
-13.200492
-15.192090
-9.466929
-9.057940
-6.322910
-5.674549
-5.411239
-4.173331
-2.365022
6.546557
0.071129
-9.445730
-6.428240
6.461065
-1.092234
-2.246019
-2.767173
10.953792
3.003127
-0.363848
0.234588
9.581146
4.905131
5.666343
4.961895
8.402055
-3.143333
-1.383585
0.514997
3.072888
-0.383685
0.830288
0.773522
2.631754
0.251002
4.496826
1.434196
2.333562
3.979775
13.715487
2.188569
3.436053
0.550563
5.778506
0.941085
5.589744
2.507963
4.337471
-0.382999
2.421105
-9.482660
-7.826871
-11.529657
3.391598
-5.069958
-6.758574
-13.076701
-5.394139
-9.339035
-8.683148
-11.033809
-3.427846
-0.524573
0.632633
-4.227358
-2.716561
-1.308354
-1.403420
2.538056
3.551638
1.707084
-3.516073
5.307281
1.252272
-4.730046
-10.509920
5.531609
1.461554
-1.601075
-8.653741
5.638986
-1.104542
-1.109331
-5.026870
2.657743
-0.227064
4.072106
0.509526
1.525160
-5.225892
2.222765
0.884319
-4.890084
-8.155840
1.239278
1.665365
-6.932977
-6.443969
-1.995701
0.074548
-3.559161
-3.061262
-3.659015
-2.432048
-1.161309
0.640841
4.855889
7.822084
-18.056379
-17.831367
-14.839867
-7.347437
-24.079733
-23.670746
-2.057253
-2.435467
-18.871622
-17.321838
-5.785345
-7.844651
-11.762192
-2.330825
1.520369
-1.394529
-6.329753
-2.929945
-1.562091
-6.804399
-10.671328
-11.050223
-7.164828
-14.912365
-14.846706
-20.953499
-14.376848
-19.123991
-19.566494
-25.541285
-18.189062
-22.004011
-22.477291
-37.290485
-36.391121
-28.189457
-28.241432
-21.152523
-21.710609
-19.234789
-19.196486
-9.702202
-15.112753
-19.425600
-15.595607
-0.615533
-6.898777
-16.349979
-7.482856
7.493111
-1.087446
-6.712070
1.317245
18.000984
12.406452
-5.264877
4.630187
11.057749
9.782903
-7.573134
6.741474
3.140599
9.687155
-9.186518
0.917830
0.160041
2.144115
-8.712559
1.018368
-2.963461
0.480800
-18.355257
-12.874258
-12.132881
-7.804985
-19.321650
-17.675432
-20.428926
-7.029410
-17.252083
-20.538357
-22.189356
-4.370299
-14.783786
-20.466541
-19.481003
-14.434298
-14.508848
-12.511778
-11.275921
-2.662531
-1.280313
-11.439377
-7.383000
-1.887641
2.131119
-4.161701
-0.315289
6.749001
12.119202
5.439279
12.420814
5.343527
8.875332
10.133076
11.076895
7.665463
8.334346
9.983296
8.393161
2.383489
4.762190
8.029314
6.588960
1.924574
-0.227748
-4.228727
-4.012605
-5.765512
-6.802346
-6.102689
-9.093505
-6.894677
-9.663900
-8.676993
-2.285687
-4.210944
-8.850711
-0.195604
7.360431
5.557597
-7.442503
-1.966978
5.136981
5.796289
-4.840157
-6.228532
-1.575087
-0.243477
-9.409481
-9.818470
-7.238692
-6.264095
-7.064291
-6.239474
-4.194530
-5.178702
-0.980068
-3.035956
-1.367855
-5.443382
2.272010
0.224327
1.963558
2.078463
2.292598
2.345933
2.532207
-3.542383
-2.505141
0.288167
-8.838444
-13.823254
-15.517230
-19.819832
-13.593199
-17.335388
-18.723684
-13.735689
-7.233626
-7.312435
-9.259551
-5.638361
-6.435993
-4.997549
-6.022848
-0.570760
-9.343134
-6.129517
-12.725513
-5.855677
-14.374115
-7.837026
-14.981493
-6.376290
-13.312992
-6.246533
-19.858044
-7.373729
-10.651028
-7.489952
-20.381836
-8.639434
-8.025687
-7.005959
-14.797608
-6.389027
-2.614202
1.268093
-2.432702
-0.975151
0.947289
-1.383520
0.218115
1.120826
3.321878
-0.792061
0.500710
2.322052
0.096321
-3.022569
-5.777667
4.355141
3.141178
6.849138
-1.112866
4.870180
4.308175
10.584164
1.516458
4.660026
8.242209
12.915768
4.579624
5.503032
5.585026
1.493374
0.784897
-2.667535
9.013574
3.778013
8.303507
-10.072309
0.366179
-2.409617
4.144986
-8.779537
-3.434121
-3.165856
6.419275
-5.972697
-5.342232
-4.973665
7.282185
-7.077601
-3.327452
-2.840274
5.697267
-11.189154
-4.777839
-4.857444
3.009036
-4.932271
-4.929087
-8.498535
-2.702559
-3.372030
-6.440769
-8.851181
-5.762543
-5.596170
-6.398580
-4.863015
-4.059810
-10.843671
-7.903097
-3.516114
-4.027173
-12.758947
-7.384875
-1.325408
-6.832421
-14.081172
-3.678507
2.992319
-0.553249
-4.792168
4.046277
9.161638
4.442706
4.170460
12.408690
6.638188
5.357357
-6.791824
1.853980
-5.361338
-5.749806
-15.299910
-10.740982
-6.260067
-7.076806
-8.744513
-3.815426
0.754647
-2.541760
-1.099333
7.458109
6.670824
2.689824
-0.788877
5.435369
4.684702
2.297375
-7.212929
-0.524591
5.179839
1.131971
-10.522071
-3.854432
-2.258369
-5.691694
-14.753032
-10.116886
-6.957400
-12.731085
-18.066950
-22.449953
-18.763487
-20.722544
-20.900856
-26.407074
-14.704473
-20.375469
-17.655392
-23.320822
-7.329947
-20.656471
-16.560045
-17.547132
-3.207249
-25.569637
-20.896873
-15.127170
-6.158172
-20.236158
-12.030569
-5.311985
1.826917
-18.367851
-13.244531
-7.527362
-0.327968
-17.517679
-14.296899
-14.655911
-1.346904
-8.277237
-9.491994
-12.791584
-2.239264
4.813661
1.704324
-6.135885
2.282250
8.121212
5.489500
0.441006
4.088467
2.146128
3.636317
-2.468522
-0.384488
-12.770092
-8.840035
-14.019877
-8.836851
-27.166496
-22.907679
-29.645367
-16.079235
-31.090979
-25.347540
-35.134071
-15.665293
-27.486504
-26.822609
-34.563305
-12.083903
-23.063702
-20.506817
-24.532396
-1.088985
-11.317318
-6.347633
-4.793760
5.394770
5.332679
8.719041
19.062798
12.033753
16.334764
16.086397
39.624535
26.552752
13.719770
16.478848
43.572906
30.272652
10.680488
10.893028
33.533234
19.015833
4.363897
3.264565
13.399763
8.393459
-2.285434
-7.595824
-1.619943
0.142492
-11.848275
-11.922307
-7.350644
-8.639431
-12.675364
-8.047179
-7.904688
-7.811553
-8.503311
-6.033197
-10.333409
-8.278032
-7.456518
-8.028075
-9.843048
-11.006065
-6.280765
-10.935216
-12.131667
-16.355461
0.291351
-2.473300
-4.364693
-5.116077
-5.314423
-5.594604
-5.711115
-1.837128
-2.803197
-5.070305
-0.755934
2.664493
4.601487
19.403227
4.665985
14.265650
16.683252
18.737450
-5.159075
6.306847
7.250724
2.169321
-17.181889
-4.172201
-6.664008
-14.832254
-27.497959
-18.230490
-17.698563
-25.889694
-31.557808
-26.739948
-31.058479
-28.856560
-34.347832
-30.106277
-23.594154
-14.187283
-22.203648
-26.371691
-15.035458
-4.473883
-10.812630
-13.975065
-1.186610
4.105624
0.115125
-4.590391
5.936507
11.369520
6.055792
5.122318
2.418294
9.295907
4.142378
8.499054
-0.003468
9.021966
3.737365
10.809853
9.247358
2.319815
-1.265669
1.242089
7.594707
0.833608
1.170657
-3.172842
4.731868
0.548572
2.374603
-7.311059
-3.690206
-1.199785
6.856805
6.555819
4.930214
5.077240
6.266622
12.309237
5.684761
8.573955
0.615150
5.215943
7.610659
1.029873
-10.809160
-3.326108
1.407146
-7.702897
-18.268633
-9.652373
-3.161052
-13.533989
-16.526516
-12.529082
-7.178597
-9.852107
-8.100975
-4.421173
-6.505887
-1.270524
-1.206721
-3.026510
2.567400
2.693621
1.970282
-5.120238
-0.660228
3.877456
2.806664
-4.303276
-1.685246
4.206875
3.531390
-2.333686
-0.314857
2.063907
1.574978
0.592958
1.439048
-1.463322
-0.158123
-3.006397
-2.131178
-4.586923
-3.704769
-4.599407
-0.898799
-10.350746
-10.444369
-18.104961
-9.028209
-0.345372
4.601487
-7.519808
-3.748461
17.083412
27.116526
-5.222880
-2.708186
13.513185
18.839397
0.701145
-3.479377
5.731226
8.904069
8.791718
1.798984
-4.520346
-0.949425
3.355930
-1.373165
-9.669713
-11.296703
-5.668810
-11.805744
-18.466286
-20.507305
-15.366956
-20.970573
-21.616936
-30.752636
-29.008442
-24.018583
-25.151791
-15.372505
-13.660905
-17.823393
-16.953032
-8.572566
-9.660001
-13.194165
-17.501602
-14.151221
-14.314888
-14.353727
-22.704372
-23.593456
-21.554518
-12.002010
-20.930349
-23.890284
-19.212509
-21.358252
-24.403488
-18.061964
-13.318999
-17.937132
-12.479843
-7.484437
-2.330216
-15.375277
-9.954748
-9.239732
-4.402445
-7.122422
-4.125040
-5.846351
-4.507864
6.050940
3.592420
2.043796
0.416109
-0.931394
0.516670
-5.577266
-4.765157
-8.604469
-7.193162
-15.948818
-8.898521
-15.355860
-16.705444
-25.329330
-15.792083
-19.679247
-21.385994
-24.379211
-11.221802
-15.635347
-23.616343
-23.899994
-6.342216
-11.914627
-11.454133
-15.858659
1.000052
-3.332350
4.935763
1.907173
3.412105
2.914854
8.837491
3.235258
4.762383
4.100074
6.355392
4.073027
3.490472
-1.488982
-0.653987
-0.841930
3.097248
-0.693518
-8.578810
-9.946424
-3.111813
-7.414393
1.593011
2.773376
-3.048008
-6.933090
2.020216
14.623505
9.325033
4.603567
3.561906
10.424953
10.449224
7.877662
5.687535
10.869497
11.934740
8.229969
3.754702
9.265390
9.517831
2.187354
1.022244
4.616051
1.754599
-2.658946
-0.017339
1.705359
-3.295595
-2.959238
1.045131
1.332940
-3.099329
-4.095913
-0.516669
-1.647103
-12.812719
-13.496012
-14.583158
-14.564397
-15.391851
-17.866318
-23.462997
-13.235333
-11.097576
-12.302227
4.928196
-3.150846
4.865989
3.890423
9.818872
-1.433729
4.928198
6.378712
0.587511
-1.550243
0.659593
2.594932
-17.125757
-18.406437
-13.876169
-5.217510
-41.152569
-52.604630
-44.135559
-51.900597
-82.420670
-88.991920
-81.110367
-77.054054
-100.251427
-97.529129
-101.912277
-80.157509
-87.782341
-82.716888
-87.046715
-55.253868
-59.465199
-62.171711
-70.309998
-33.251263
-34.719551
-42.352283
-37.766716
-17.410131
-22.560497
-29.014254
-15.040332
-1.528521
-9.789249
-16.202520
-2.295744
4.904499
-10.217788
-14.843837
-16.892725
-6.549535
-8.361444
-8.742588
-15.280273
-2.606781
-4.510520
-8.202470
-17.937412
-6.754918
-11.421450
0.794870
-0.303138
-4.132339
-1.337950
-2.229586
-0.704027
-7.587310
12.958858
-4.514470
-0.613185
-5.074335
8.245916
-18.670073
-19.013697
-19.890524
-3.131099
-38.552704
-34.553661
-34.806442
-23.184546
-42.323643
-37.598858
-45.331318
-38.602070
-36.197716
-31.109552
-41.849686
-26.915993
-26.472645
-19.625896
-22.444969
-12.014886
-20.808819
-12.930223
-13.696458
-0.990379
-6.640378
-9.661873
-9.622375
4.687267
3.623820
-6.995848
-3.933868
3.200217
-0.573690
-3.356229
-0.362382
-0.128365
-6.388586
-7.991164
-5.440666
-7.947718
-7.096564
-14.364941
-7.005722
-20.290428
-22.701698
-31.721750
-25.565205
-14.650302
-17.920626
-28.917486
-33.855560
-8.847256
-3.409550
-32.450466
-31.631895
-1.060485
2.602829
-23.013720
-21.247232
5.737879
5.905737
0.111577
-1.952121
-2.760817
7.570523
-2.413246
-14.455782
-12.362458
-7.364155
-15.287188
-24.465223
-25.198875
-27.148035
-27.301086
-33.462566
-32.083145
-41.989899
-42.351295
-43.798843
-46.561638
-24.355618
-22.657267
-24.944120
-33.643257
-12.182749
-15.076865
-6.386611
-29.699520
-17.754736
-21.327213
-3.244653
-31.213228
-29.938477
-31.259642
-11.763097
-25.321314
-39.903488
-40.743771
-50.706814
-54.617970
-66.025597
-67.982658
-58.617996
-65.299843
-75.067375
-75.730927
-55.935188
-71.853333
-69.199158
-71.893814
-42.174545
-59.908554
-48.637188
-57.806343
-19.202291
-33.918755
-22.157631
-34.008606
-9.512773
-17.369650
-11.992176
-23.426462
-2.995822
-10.103248
-7.126185
-13.668810
0.308075
-8.427603
-5.096059
-24.443502
-7.105452
-8.360456
-9.811958
-14.152642
-8.334785
-29.767651
-19.543940
-16.441475
-15.698939
-19.781908
-14.668072
-9.234320
-10.821099
-3.883510
7.088664
4.248855
3.760083
-9.353798
-3.346356
4.285388
3.339443
-28.056459
-24.595564
-14.651289
-12.539206
-37.823986
-24.323034
-40.195763
-35.389015
-51.965767
-31.597338
-53.445908
-48.755676
-60.854500
-41.198975
-55.466156
-49.132870
-67.022888
-39.735626
-54.054153
-38.463833
-48.677670
-27.889587
-32.966885
-23.934982
-32.133503
-16.571815
-16.904573
-18.838924
-23.775019
-5.696408
-7.544852
-12.196571
-15.966528
-0.857079
-6.089399
-5.658885
-11.239765
-4.449301
-8.284427
-3.254525
-9.788261
-5.535459
-7.720612
-11.249639
-14.363953
-11.381954
-3.500813
-3.592921
-3.608157
-3.258422
-5.156687
-6.149103
-9.000309
1.438415
-0.907926
-0.949478
-6.383876
-0.682156
-5.096436
-5.153224
-10.341076
-6.899822
-15.349558
-17.396719
-13.632048
-9.735794
-17.028976
-18.283869
-10.347309
-1.817929
-13.187434
-14.476261
-4.275077
4.403891
-7.137365
-10.427644
-2.011842
-2.189133
-9.456697
-13.038535
-11.657605
-17.900894
-21.643402
-21.412092
-20.781876
-26.841644
-23.696106
-22.993172
-24.867889
-24.991161
-20.774952
-15.015751
-16.301804
-17.928593
-13.202670
-7.710791
-11.052318
-15.311469
-9.607669
-4.493921
-10.973370
-15.494300
-13.710998
-5.299351
-11.455379
-14.044803
-12.853627
-7.037637
-11.138195
-9.510715
-13.759477
-11.276011
-9.293947
-5.125522
-15.198584
-15.257449
-4.721076
-5.115827
-8.638802
-15.695830
-2.435679
-4.292391
2.601890
-8.203882
-7.449702
-11.414519
-1.388552
-11.228225
-11.706080
-15.237366
-1.774992
-9.800198
-10.623633
-18.905081
-4.849890
-8.234354
-6.264066
-15.144566
-4.701685
-7.517571
-0.504864
-11.859827
-4.254994
-8.958756
0.889920
-8.230200
-3.473804
-4.586030
-2.414210
-8.355551
-3.445409
-3.781293
-6.153258
-9.964331
-3.546521
-2.499393
-11.845283
-16.022713
-4.849890
-1.295751
-9.058483
-18.337889
-4.796564
-1.182174
-11.960245
-17.403645
-6.068769
-2.902453
-11.512861
-11.133346
-6.899129
-2.241767
-16.497103
-9.505867
-14.160460
-6.544546
-13.561408
0.493093
-10.617400
-8.251668
-7.690015
5.259182
-10.480279
-10.388168
-14.774746
-11.381276
-12.789219
-13.073856
-20.698080
-23.418396
-4.948925
-6.043144
-18.204918
-31.362572
-4.355412
-5.991895
-13.514315
-28.006500
-4.640049
-6.292459
-5.731499
-10.429720
-5.722496
-7.724642
-3.501505
-9.990648
-8.482285
-8.188648
-2.985559
-13.512239
-10.370163
-11.729630
-8.038364
-14.320437
-9.939400
-13.812110
-9.983724
-9.456696
-6.530003
-12.329370
-9.988569
-1.682882
0.535336
-17.330235
-13.990784
-1.536063
1.817235
-18.637066
-20.427294
-6.648429
-0.623291
-19.831015
-22.405203
-14.813528
-13.781635
-23.693336
-27.365900
-21.858784
-23.897638
-24.712069
-26.901203
-19.748602
-22.247993
-19.033203
-17.164719
-12.002490
-14.073892
-20.576193
-13.353643
-12.393085
-12.872326
-18.348274
-12.368846
-14.740810
-9.625676
-15.423659
-13.141031
-18.715322
-8.654729
-9.285639
-12.032269
-13.768476
-2.157969
2.937775
-9.793964
-6.199657
1.216801
8.728141
-8.522452
-5.580523
0.368434
5.217631
-5.929567
-0.904462
5.121367
4.961390
-5.725958
-1.175248
8.223275
2.971709
-4.149727
0.821359
11.702619
5.381764
-1.721665
8.982994
14.432631
6.311852
-0.828975
14.643165
16.586441
6.430277
0.788808
19.973680
13.284395
0.289484
-4.770247
13.724851
8.081994
-3.382388
-10.075138
-2.701616
-2.353265
-9.532876
-12.725506
-10.222651
-8.499599
-12.421480
-11.814116
-14.505345
-10.585543
-14.641778
-11.612588
-18.860065
-12.638243
-22.635128
-16.447241
-17.366941
-12.976901
-24.046535
-17.373865
-17.678585
-13.241451
-16.218008
-13.901445
-13.975550
-8.888234
-9.394045
-9.681628
-9.281232
-17.460220
-20.208435
-25.617014
-8.264986
-18.303549
-20.939877
-28.353207
-15.742125
-29.682932
-33.010006
-42.093353
-33.060860
-47.517651
-56.306023
-60.770477
-52.493473
-58.252514
-67.285934
-60.917515
-57.735619
-61.233753
-76.847343
-51.988586
-59.596107
-62.339703
-72.082359
-51.573387
-55.802982
-57.413807
-63.575104
-50.583042
-52.186478
-58.147106
-63.349464
-48.324921
-52.579472
-51.898891
-57.371281
-47.682255
-54.022930
-51.334820
-42.669445
-41.713303
-46.379341
-38.286354
-26.994822
-35.550159
-42.742493
-35.714760
-18.050179
-33.614765
-39.457027
-38.781075
-17.399189
-31.312252
-36.008812
-42.388332
-17.353880
-26.957832
-26.033133
-36.001415
-19.645290
-24.744095
-19.553743
-40.106171
-26.703541
-23.429169
-23.485575
-34.371170
-24.916088
-21.071180
-26.990194
-31.492571
-18.993374
-24.215168
-33.266148
-28.078571
-21.804468
-31.047789
-38.768124
-28.172892
-25.171309
-33.443695
-35.087811
-22.532211
-21.823887
-25.244358
-27.673553
-22.218735
-20.410019
-18.036310
-24.645153
-20.080824
-20.856649
-14.613987
-20.872374
-15.913195
-15.545162
-12.793248
-22.682938
-11.243450
-11.494969
-11.634598
-24.529564
-9.449528
-11.004876
-15.043973
-29.534054
-7.722186
-7.569610
-17.576735
-29.602482
-7.079517
-6.334208
-26.062719
-25.787159
-13.917686
-16.281225
-27.545017
-19.390072
-22.154930
-26.811731
-38.585033
-22.848457
-37.153591
-39.759403
-36.519249
-25.036301
-38.442631
-39.878693
-35.775784
-29.517408
-39.367332
-43.920563
-39.802864
-34.195473
-38.898506
-43.691238
-43.996391
-43.428616
-26.394688
-33.849636
-35.596397
-47.621223
-27.553341
-29.890987
-35.004589
-48.221352
-31.294685
-32.850033
-33.510269
-40.978161
-33.889400
-35.698112
-33.755318
-44.947906
-41.279613
-42.414227
-41.136288
-52.412102
-54.886597
-55.692940
-53.745518
-59.388977
-65.665863
-62.824253
-60.965591
-66.556343
-66.690422
-66.938240
-64.527542
-64.759644
-60.129665
-77.796082
-82.006248
-73.582230
-68.575890
-63.677742
-79.792534
-69.048416
-62.391479
-52.575775
-68.103371
-64.623718
-56.497433
-46.991501
-66.554497
-60.798225
-63.300461
-43.076313
-60.420017
-54.455696
-60.482903
-41.488594
-44.566010
-44.501278
-46.424652
-43.999165
-38.536026
-45.922546
-42.281994
-45.719109
-44.789783
-49.485416
-39.647514
-46.657681
-46.678024
-51.737988
-34.650429
-41.121490
-47.754375
-48.384098
-27.957439
-32.948055
-48.283310
-44.940510
-23.921112
-33.352146
-37.713966
-40.632320
-21.220982
-33.787682
-27.526525
-37.879486
-22.970518
-35.016613
-22.131815
-34.252808
-26.409485
-41.299038
-28.830351
-27.367474
-27.186235
-38.376980
-28.525202
-19.994827
-28.308821
-30.577114
-31.229029
-20.184389
-28.064701
-27.257437
-29.014368
-16.794432
-22.901167
-26.057173
-25.432074
-21.773954
-23.824017
-25.911072
-25.150965
-20.668936
-22.001431
-23.472635
-25.856512
-19.953218
-21.539082
-31.202217
-28.402212
-22.055061
-24.233664
-32.971169
-30.346867
-27.820576
-28.529829
-34.937080
-32.362717
-27.444227
-27.426661
-35.484505
-32.444084
-30.698250
-29.174347
-30.474476
-31.061661
-28.159945
-12.317434
-12.970159
-13.582547
-13.734728
-28.124931
-31.982609
-40.864983
-30.643240
-45.926353
-51.046394
-42.747986
-34.413830
-52.775387
-61.903442
-52.107067
-42.239189
-58.444557
-67.597374
-65.771210
-50.498184
-55.812572
-66.725555
-66.781471
-51.546013
-51.059227
-61.530334
-53.594044
-62.682686
-56.116009
-68.328949
-61.250717
-73.931190
-56.639481
-63.704857
-63.247395
-78.929306
-60.512737
-60.980289
-62.259140
-73.217049
-53.499615
-49.731781
-57.346294
-56.746738
-48.306240
-31.930351
-37.195244
-34.324902
-32.193459
-19.909946
-25.896313
-24.616531
-29.296534
-22.687695
-20.139133
-21.310736
-20.103378
-20.042873
-13.284603
-19.055536
-23.661282
-16.854422
-10.360175
-13.184678
-21.170475
-13.609134
-7.807946
-16.708658
-29.432217
-19.079370
-13.586214
-13.701725
-22.128479
-15.447214
-7.977547
-11.887480
-19.046368
-6.211888
-6.559337
-14.207768
-24.514774
-11.262256
-11.488693
-21.583014
-29.459717
-16.495972
-21.039379
-26.919405
-28.883081
-18.084700
-21.240150
-25.919235
-32.080700
-21.415247
-19.453405
-23.979393
-28.586969
-25.998075
-17.074444
-22.728033
-21.571093
-18.189207
-16.443720
-24.157242
-23.589775
-24.277336
-17.843594
-21.481251
-15.381209
-19.858608
-16.946098
-17.026775
-10.890972
-17.940769
-10.989983
-15.632397
-7.344990
-7.734609
-13.611885
-25.552532
-13.423034
-12.581457
-15.170357
-19.248972
-24.738461
-24.737545
-29.189276
-24.836550
-39.860222
-40.483620
-36.905540
-29.680649
-45.491814
-46.910027
-34.558674
-32.580338
-45.117779
-49.108387
-36.349079
-32.586746
-41.271103
-46.715675
-37.270420
-34.266232
-29.819082
-33.849106
-32.680256
-33.517246
-20.386656
-28.766657
-33.504410
-38.015728
-28.786823
-37.783791
-36.092388
-36.400417
-38.998486
-44.773090
-45.690742
-53.539944
-56.638557
-58.726917
-60.788677
-65.541115
-64.342926
-49.509922
-65.701546
-64.487762
-64.473099
-38.748215
-64.006470
-64.822372
-63.255657
-37.167740
-65.630035
-69.767319
-67.502037
-40.934662
-67.567123
-75.184380
-71.675987
-41.093254
-67.510300
-68.934914
-62.376495
-35.822868
-54.020325
-62.661598
-53.582127
-31.376638
-46.396648
-56.956669
-52.519611
-22.441088
-40.318600
-49.349503
-48.726109
-9.142733
-25.583706
-28.944506
-29.688904
-12.621793
-19.304892
-27.639051
-28.718067
-16.065102
-19.412151
-27.265934
-25.813808
-18.358807
-19.514828
-31.614990
-24.093983
-19.336979
-20.448076
-33.324726
-25.861477
-25.349930
-34.072796
-41.607552
-34.158974
-38.748215
-36.311497
-45.437725
-32.534492
-39.078239
-38.903141
-43.837086
-32.139370
-35.771526
-45.863102
-48.582180
-32.749924
-36.589272
-51.289333
-61.679764
-39.202923
-44.256039
-48.815033
-58.623325
-39.380768
-32.142124
-55.320278
-53.803055
-45.931858
-35.941128
-51.715618
-45.505566
-53.003651
-40.584461
-47.592087
-40.434116
-50.311165
-30.822010
-39.722713
-33.900448
-46.073956
-22.678526
-31.653500
-23.777708
-34.006790
-19.411232
-18.164459
-14.511211
-22.054222
-13.194764
-12.226675
-12.370605
-17.816092
-12.444862
-10.461936
-5.538079
-13.089338
-10.064067
-11.033988
-5.651754
-10.459184
-9.086812
-14.810991
-10.739709
4.664593
5.152604
5.563941
5.955594
0.672440
2.472172
8.017465
-5.064535
-10.919622
-13.536852
-24.431610
-12.021015
-28.133652
-31.731045
-33.354641
-12.609529
-16.625515
-16.299137
-19.168144
-14.733566
-5.963881
-6.155563
-8.258879
-31.701002
-7.621668
-12.195085
-26.228233
-46.394161
-23.131283
-23.730158
-35.056976
-49.279732
-31.843983
-34.443596
-41.640457
-50.675388
-47.327698
-42.639271
-46.264641
-52.160141
-51.622398
-38.942410
-39.859375
-42.084949
-37.600639
-21.853752
-22.350054
-25.593096
-26.837471
-17.688570
-17.619146
-21.001032
-28.568819
-17.487562
-16.318823
-17.732084
-28.156445
-21.217577
-8.925100
-12.058315
-13.806244
-4.135137
-4.896683
-5.309057
-8.423622
-4.171402
-2.162373
0.581261
-7.036263
-2.720839
5.515244
3.323859
-13.742003
-13.222911
-5.630253
1.065127
-14.969801
-10.023384
-14.400973
-9.779897
-13.968913
-14.367818
-16.913553
-20.433239
-7.238305
-9.802691
-17.216101
-28.041435
-11.539222
-12.378474
-21.722168
-24.173616
-14.177172
-13.360713
-28.523230
-26.347385
-15.792478
-14.033151
-16.800619
-15.783152
-19.789812
-17.206774
-12.588807
-11.113378
-18.582739
-15.065125
-12.647865
-11.258434
-9.012136
-5.991858
-12.029304
-16.465952
-7.196860
-1.481646
-13.580369
-18.544399
-0.912818
3.102131
-11.414886
-16.508432
0.305654
3.898903
-10.626404
-7.703522
-6.813497
-6.821788
-1.053728
2.941534
-18.453222
-15.060979
-21.021751
-15.487858
-38.143570
-36.250584
-34.847683
-36.091022
-36.533443
-35.945965
-22.127289
-22.108639
-33.068672
-38.317631
-13.913999
-15.941677
-9.461809
-19.867517
-13.430133
-18.054317
-11.354793
-13.764797
-11.328891
-15.990374
-7.240376
-11.138245
-9.633804
-14.786409
-8.221577
-11.115450
-11.766130
-16.205889
-10.118706
-16.285667
-16.721874
-36.816303
-30.822372
-10.176730
-21.558462
-38.348717
-35.687969
-13.442567
-25.516422
-34.521305
-33.581551
-22.567638
-27.690193
-24.476162
-25.957806
-37.086727
-29.890907
-29.180132
-36.602859
-30.115740
-29.994518
-28.385429
-30.689751
-35.563637
-32.620033
-34.070599
-29.050613
-38.446110
-30.667990
-43.535515
-30.982969
-40.515232
-31.546618
-46.859375
-38.387054
-31.043064
-24.164291
-30.060827
-25.283297
-21.599905
-14.141944
-16.707367
-24.608786
-16.355087
-5.458259
-9.993337
-16.753992
-21.800915
-11.328891
-18.120628
-18.458405
-32.592060
-33.955585
-42.322224
-30.510500
-38.698925
-35.887943
-49.619587
-30.195522
-46.483269
-36.684715
-57.967575
-24.283447
-44.363365
-42.267307
-64.656731
-17.506214
-30.906298
-31.526928
-44.873138
-16.026638
-19.459291
-12.925544
-15.331406
-1.442273
-4.291594
-11.193165
7.169922
7.964621
-3.309353
-25.612783
0.657932
-0.686944
-13.385580
-30.787144
-12.060387
-16.515684
-17.089693
-27.760651
-26.649933
-27.907780
-23.760206
-28.504581
-20.679832
-27.346205
-18.674953
-18.382765
-13.209441
-18.057426
-12.736972
-16.717730
-11.598278
-11.161038
-13.784485
-18.276047
-16.205887
-10.479274
-20.377291
-22.190491
-19.204407
-12.660299
-24.691673
-21.237265
-16.847240
-11.155860
-18.345467
-12.654083
-11.971282
-1.471911
-1.813654
-2.341128
-3.488011
-16.477047
-17.799444
-20.706121
-29.203274
-42.922230
-48.101315
-49.112614
-42.560055
-63.006157
-68.768433
-57.812214
-48.110600
-60.563805
-70.146545
-65.066833
-38.065388
-45.412868
-48.637146
-47.009224
-21.634773
-21.862293
-20.654118
-22.886595
-20.343019
-18.602728
-5.269165
-14.667109
-13.601947
-8.447008
-15.748985
-29.024044
-26.797140
-20.992146
-29.556162
-45.987705
-39.668236
-35.870987
-40.978561
-51.442596
-47.370464
-41.551540
-34.085186
-47.403900
-42.132877
-42.222954
-21.102655
-32.264107
-27.873446
-30.437452
-15.484320
-18.317633
-12.715085
-15.292088
-8.645737
-7.069817
-4.659039
-12.734585
-2.251977
-3.337570
-4.458452
-10.166868
-1.371617
-1.913949
-8.274277
-15.513108
-8.328138
-4.724046
-16.253242
-26.032862
-18.344566
-11.791078
-15.891068
-19.961346
-15.310664
-15.014422
-11.846796
-19.653961
-23.572868
-16.537409
-3.968124
-9.130493
-17.812449
-10.173368
-9.203856
-4.538315
-11.413116
-6.578560
-14.226929
-7.145038
-8.954978
-3.631953
-15.550256
-14.921557
-14.209285
-4.918133
-17.740011
-13.109761
-15.994148
-14.487878
-19.257427
-14.924343
-17.412199
-19.736612
-10.471464
-8.402431
-13.651165
-13.627948
-2.196258
-3.613379
-7.139465
-3.551160
3.388646
-0.832071
-4.250434
-2.069962
-2.138681
-5.742775
-6.988096
-0.420678
-8.041186
-16.848507
-21.748070
-5.684270
-16.340538
-9.961636
-15.075715
-21.557697
-40.346146
-25.136713
-22.343332
-27.861374
-51.933857
-31.143229
-29.135485
-40.284859
-56.355167
-42.644558
-37.869442
-46.665623
-51.862350
-41.925789
-38.276188
-34.197556
-32.073734
-28.857817
-27.952385
-28.955326
-26.458183
-34.131622
-31.909365
-27.395191
-32.323540
-35.877483
-33.957035
-29.544090
-39.312561
-33.020954
-40.737110
-34.369354
-44.356068
-46.622902
-28.029459
-45.544735
-36.863712
-41.150364
-9.997851
-34.160412
-25.991997
-26.277098
5.927577
-12.208040
-14.136846
-9.889199
7.077246
0.354746
-16.433399
-11.339752
5.639696
8.614162
-5.791067
-5.590477
-5.080647
-1.512772
-11.447476
-11.043514
-14.061627
-9.678397
-17.310976
-15.159294
-23.964756
-21.468544
-24.825615
-24.564665
-23.364849
-28.532787
-29.606312
-34.659096
-22.610785
-28.931179
-24.979771
-31.908436
-25.632614
-27.618067
-23.833817
-21.293961
-19.315933
-15.743414
-19.486803
0.172729
-3.525157
-6.061303
-12.186682
-6.087304
-1.203532
9.749901
-0.855288
-6.753149
-0.800497
-0.227519
-4.267150
-16.268101
-10.537397
-13.031754
-20.289158
-18.888754
-17.032381
-22.086098
-24.711395
-19.461729
-22.740795
-28.154829
-34.530010
-17.464205
-20.590969
-18.630590
-30.755981
-14.717255
-4.734261
-9.692327
-24.092911
-11.802220
-3.271636
-14.280789
-23.597940
-16.880081
-10.402744
-20.313303
-25.391165
-22.053595
-16.225382
-27.014444
-24.740183
-29.901621
-19.263929
-29.682459
-22.473343
-31.379103
-17.743729
-20.536179
-16.504906
-27.850231
-10.169652
-12.974177
-12.295335
-20.581684
-7.536928
-5.365743
-7.720801
-11.024012
-8.804538
-1.747719
-7.641865
-3.766607
-18.357567
-8.283563
-6.105877
-4.104845
-4.281778
-4.389546
-4.397053
-9.209631
-10.534484
-13.420635
-6.556171
-9.392998
-10.632601
-9.879296
-3.753124
-10.114135
-11.353201
-4.984149
-4.845819
-10.352190
-12.571894
-4.992193
0.876087
-3.553669
-4.312875
4.574522
11.835745
7.911586
6.818355
11.976219
19.311430
18.871782
15.400679
12.696281
19.318937
24.902515
18.133486
10.825618
14.958882
20.294752
12.635695
3.846416
7.867620
10.868511
4.051766
-4.039971
1.340402
1.457285
-0.413380
-7.899253
-1.008518
-2.057248
1.240139
-5.924038
-0.114738
0.072918
3.012150
-5.422192
-1.979504
0.264863
-2.244369
-3.473785
-3.083460
-0.263789
-2.154829
-2.904382
-3.547776
-0.763493
-0.203205
0.232157
-3.134396
-6.822107
0.410163
0.415524
-2.122123
-7.007083
-0.749552
0.210711
-0.231621
-6.046819
-0.393006
2.858272
2.534968
-5.336943
-2.248122
3.798162
8.063318
-0.327594
-1.084653
5.561594
10.466391
6.176570
1.085189
6.934701
5.838253
4.695158
2.895267
2.820740
1.942510
2.521563
-2.007921
0.597819
0.306148
3.068447
-1.073394
-1.849218
-4.068386
2.305490
0.762957
-4.400806
-5.538540
-0.706660
-2.003096
-6.791546
-3.326877
-0.693256
-2.655067
0.273442
1.753245
1.886213
1.336112
4.784697
2.442747
1.624567
1.172047
6.247344
2.878646
-1.610091
-0.720600
1.049267
-6.118129
-1.923208
2.243833
-3.159059
-13.667806
-3.854458
3.566540
-0.830513
-15.162086
-6.467705
2.967113
-1.513583
-12.529002
-14.587323
-7.453705
-1.500713
-14.820552
-8.606987
-4.793276
-2.130167
-9.457876
-1.359702
0.007506
-0.333492
-1.829916
2.272249
3.002499
2.816452
6.547594
3.499521
4.516082
0.333492
0.479328
-4.378289
-0.827295
-2.903311
-6.485937
-8.626287
-3.234121
-6.581906
-9.168880
-8.539966
0.209640
-8.426837
-5.533175
-4.987900
7.478368
-1.880853
3.405694
3.751513
11.843788
5.188425
10.537702
9.519530
16.600605
8.913671
10.127000
7.096622
14.033468
8.241324
10.019235
11.910271
12.252341
11.436842
9.077734
12.771343
9.804769
8.320140
7.397408
8.706711
11.104958
6.500948
9.787075
7.781835
11.117290
7.948580
13.290348
4.950907
9.093820
8.691699
14.867197
5.925646
8.567308
11.838962
15.081661
4.553612
5.497255
12.282903
12.009997
6.030735
5.418975
10.174181
8.661674
3.143509
2.709219
6.789403
4.794884
-2.533895
-3.049682
2.895803
-2.575716
-6.079525
-7.322881
-2.358570
-5.524599
-7.032282
-9.089532
-4.244246
-5.087627
-7.347008
-8.682587
-1.310913
-4.239420
-1.581138
0.108841
-2.680267
-6.837656
-0.502382
4.844211
0.320624
-11.793391
-1.697484
2.456688
2.306564
-12.491470
-8.439168
-1.380077
-0.571548
-6.034488
-10.535020
0.733467
-2.113544
-5.820023
-8.363032
1.517870
-3.858212
-8.220414
-11.336044
3.107051
-4.622777
-7.165250
-10.028884
4.468362
-3.536515
-0.412308
-2.570890
5.385733
-0.003217
3.203023
2.385379
4.389547
0.206958
3.980456
2.855775
3.181776
3.499754
3.702376
1.724298
2.433477
4.292188
-6.366562
-9.179203
-10.776109
-20.360561
-25.668871
-31.051407
-34.154942
-41.694111
-45.499802
-45.819786
-53.952770
-65.396935
-63.719784
-58.927055
-67.308807
-76.802979
-74.040489
-63.812057
-71.342201
-78.067863
-85.968147
-73.921127
-57.041267
-62.850113
-71.164665
-63.030666
-44.991241
-47.713600
-54.531559
-54.180473
-33.119762
-31.582039
-38.606621
-42.624973
-23.345736
-14.516604
-26.688002
-28.166544
-13.748242
-8.236306
-17.192827
-21.334553
-9.019713
-9.089928
-16.506720
-24.852360
-11.258592
-14.457420
-16.033264
-22.398823
-9.409912
-14.911817
-18.166821
-23.075903
-9.163154
-11.375954
-15.072309
-16.873846
-7.093795
-7.771880
-14.019073
-12.021937
-3.362331
-6.794878
-28.757360
-23.462090
-10.405972
-18.935181
-36.742897
-33.331413
-16.650160
-30.312140
-40.359009
-32.833885
-21.465956
-34.985493
-37.369820
-27.924801
-18.454702
-25.402048
-32.011356
-18.354395
-17.116590
-15.957028
-22.653605
-15.899854
-15.457492
-7.927358
-18.314272
-19.700531
-12.660901
-2.303077
-15.705255
-14.468454
-9.637611
-5.008388
-21.215185
-16.434496
-11.027884
-15.290982
-21.583317
-11.401031
-9.164157
-23.212322
-20.414726
-7.089784
-7.498038
-23.418957
-19.239113
-6.676514
-12.702026
-24.972731
-23.298588
-10.985755
-13.291839
-22.506153
-27.495480
-32.962276
-38.322750
-13.572702
-21.549210
-26.920713
-32.570072
-19.389576
-31.867916
-32.236050
-36.661648
-28.016083
-41.646969
-32.609196
-38.724987
-31.971237
-45.757595
-27.593784
-35.563271
-35.169060
-51.042831
-29.033205
-32.859962
-25.402050
-36.970596
-23.658695
-27.002972
-23.597504
-29.196712
-30.661209
-29.649097
-23.550362
-28.604893
-29.147560
-26.196491
-20.287331
-26.941780
-19.796827
-21.426834
-14.832573
-39.732075
-29.749409
-27.053125
-26.931751
-50.393845
-40.518497
-30.825714
-33.749699
-56.059242
-51.286579
-42.109383
-45.407513
-68.699074
-66.487289
-51.967674
-60.013390
-77.066788
-82.402184
-40.191498
-48.882195
-64.522240
-72.169746
-28.072254
-39.986862
-54.932785
-60.953281
-20.239187
-28.876722
-40.261711
-42.491558
-17.561960
-18.409567
-32.277172
-33.091679
-24.300665
-17.933102
-30.634129
-28.214695
-30.647167
-24.799198
-38.261562
-31.006271
-39.576603
-37.791115
-46.189922
-34.816978
-41.393188
-41.859619
-48.413754
-27.759295
-35.055714
-38.814262
-46.177883
-23.176210
-28.233749
-22.736862
-37.307632
-22.081850
-29.267929
-11.355891
-25.383993
-19.917198
-27.174498
-12.432197
-24.366873
-21.545200
-27.588766
-20.239185
-28.247795
-23.445036
-30.990223
-25.676899
-32.384502
-34.318443
-37.113033
-29.201729
-39.655846
-42.588856
-33.037514
-29.476564
-46.312302
-42.707218
-33.157879
-32.184895
-47.966377
-37.118050
-27.647949
-30.775564
-35.286419
-28.863684
-26.500425
-23.855295
-18.331324
-19.367512
-25.682913
-23.690792
-15.917911
-18.572063
-30.619080
-24.021811
-19.356476
-22.440952
-27.721176
-26.700039
-23.719881
-28.273874
-22.377758
-26.136305
-24.882456
-26.932753
-18.181866
-25.412081
-28.372175
-30.898939
-22.299519
-24.858381
-26.132294
1.866888
2.086409
2.257572
2.629168
10.314332
11.455844
13.206290
14.196363
16.812172
20.063635
20.237976
8.960933
8.787227
9.609955
0.552304
-5.358871
-11.034617
-13.188473
-13.384454
-11.649276
-11.691910
-14.829477
-10.687838
-4.280989
-4.737848
-10.218252
3.509799
2.393740
0.568211
-2.391196
13.319552
3.296645
-2.279842
1.394122
13.747140
8.824130
-1.413847
-2.783788
10.589847
11.632097
5.330237
-2.805421
3.936116
7.288752
5.001274
-1.982694
1.493382
1.619369
4.652584
-1.486384
0.132986
-0.847545
3.324002
-1.794986
-3.013491
-2.944135
-1.981421
-4.272717
-5.705016
-2.991220
-9.683128
-5.337237
-3.947570
0.297786
-6.051795
-1.325401
-0.970349
4.864470
0.150165
2.087045
5.874907
11.147241
8.700689
2.160856
11.290407
6.450116
4.365616
-2.417919
3.319548
-2.354925
-4.835200
-5.015273
-4.165183
-9.685036
-7.681345
-6.548106
-8.170655
-10.990712
-4.686945
-2.587809
-6.500383
-5.110716
0.283151
0.314330
1.044795
-1.004709
4.479512
4.709851
1.154875
3.171927
3.424536
8.386360
6.105881
2.085137
1.707178
5.230340
6.065157
0.822729
-1.546195
0.294604
-0.162256
-2.953679
-1.573556
-1.877705
-2.006237
-7.839148
1.159965
0.430135
-6.066431
-10.681473
-2.152584
-4.621406
-9.053833
-5.845636
-3.662510
-5.484858
-9.439426
-0.631839
-5.805551
-10.633115
3.120387
21.012348
4.665946
-2.244847
6.961061
28.444902
4.258081
1.252864
-0.027360
6.014890
5.698652
2.753883
-7.540088
-9.603589
5.168619
4.719395
-7.115681
-12.022145
2.767880
-0.587936
-5.447317
-12.417920
-0.740011
-3.745229
-5.187709
-8.174474
-4.104734
-6.654366
-4.186817
-8.289643
-4.726395
-8.752864
-5.257062
-8.192290
-2.690254
-9.258083
-8.953296
-14.800207
-14.249174
-14.104102
-13.021127
-11.621918
-13.542253
-17.585270
-11.732633
2.926316
-2.407101
-27.294487
-14.624591
11.569741
7.082593
-29.766487
-12.529270
11.602187
11.973789
-17.797792
-4.050014
14.158189
14.959285
-11.992875
-7.786335
5.320695
7.121406
-2.159584
-5.273609
4.158183
7.073049
2.791424
1.287223
5.834819
2.575719
-7.255664
-2.872869
-3.136295
-3.522526
-12.321840
-8.234284
-9.729577
-6.522653
-14.445790
-13.421994
-16.999241
-9.667220
-14.171548
-16.359766
-18.756687
-5.290789
-10.113899
-16.072796
-15.858364
-5.114535
-6.667729
-11.410666
-11.775898
-4.562867
-1.448842
-9.686944
-8.640877
-4.356708
0.069356
-13.241922
-11.794352
-1.064520
3.652331
-11.305678
-3.721687
-1.030797
-2.178035
-0.288242
11.727542
8.937389
1.207051
7.073683
19.350346
13.937391
4.675492
10.731740
22.228943
13.337367
4.725121
7.940320
19.997458
15.830367
6.586281
5.851363
7.701706
11.121790
5.031816
5.391959
4.926191
9.973278
-0.080173
2.593536
1.923518
4.720667
-2.806695
-0.976076
-2.870324
-1.520107
-7.014509
-6.536653
-5.889541
-6.495929
-11.245231
-9.553960
-8.238104
-8.766228
-9.655766
-10.807461
-10.018455
-6.710478
-6.940885
-7.186071
-7.284321
-6.017520
-7.168683
-10.492621
-4.016027
-4.831579
-4.882008
2.969200
-10.260475
2.684888
4.289908
2.221467
-16.167574
0.862500
0.725128
-1.265930
-25.126472
-12.887108
-15.471141
-29.929358
-38.544811
-35.633003
-35.564312
-45.444836
-37.519722
-37.591022
-26.423704
-35.687775
-24.477856
-26.021143
-10.092670
-22.789368
-17.529144
-18.028215
-10.021374
-23.335390
-21.149570
-19.184595
-4.469885
-14.115653
-14.957288
-17.645653
-1.523291
-2.811830
-3.413493
-4.182095
2.484910
1.559809
1.986711
6.134027
7.799909
9.267554
5.702776
15.037279
12.923626
4.129926
-0.129550
3.583907
6.803509
0.563409
-0.530370
-2.427527
7.801647
-2.577074
-2.161473
-12.303701
-1.549374
-6.835680
-6.293138
-6.303571
2.504038
-3.348284
-6.888717
-1.599803
-0.835550
-3.969076
-6.680047
3.697805
-1.640667
-1.934544
-6.993052
-1.635451
-8.213770
-1.716310
-8.989328
-13.436607
-17.595224
-3.804749
-11.167320
-15.682416
-20.513126
-1.094648
-5.052422
-12.047212
-17.381338
3.080490
-5.322823
-5.935791
-9.922256
-0.256491
-3.762146
1.779781
-1.686749
-2.328409
0.252144
2.562293
4.051675
-4.108191
0.704260
1.505032
5.845366
0.349521
1.871943
-1.621539
0.767731
-1.818907
-1.945846
-2.212771
-1.373744
-4.917656
-6.780034
-12.293269
-9.264075
-5.493237
-11.900275
-18.915930
-12.061123
3.710847
-0.634705
-1.920633
-2.637067
9.470139
11.958527
-8.180732
-13.501815
11.482064
22.016418
6.597448
-2.467523
10.264822
22.615477
4.975039
-4.199482
-7.359963
0.221713
-1.565024
-10.882138
-21.011324
-18.371651
-7.702529
-13.520943
-23.045858
-21.178261
-14.927727
-18.975925
-23.780550
-30.975315
-29.519842
-31.735222
-33.650635
-28.263472
-29.499846
-35.114807
-41.176666
-33.151566
-37.049347
-30.038910
-43.059044
-32.140388
-28.623428
-23.598831
-38.464825
-39.494267
-33.590641
-21.260857
-37.688400
-42.302612
-33.311546
-10.458712
-18.569019
-21.340853
-15.169436
-4.069934
-1.247673
-10.553483
-8.845867
-5.920141
-6.546151
-11.928967
-15.938038
-3.333503
-3.641291
-5.912315
-8.015535
-2.770093
-8.159864
-5.157626
-10.667381
-6.247926
-13.763522
-11.960267
-11.158627
-11.132543
-18.775948
-20.144474
-9.117138
-13.100995
-21.871220
-23.439722
-7.958149
-9.070187
-16.329292
-13.716571
6.336610
3.463920
-6.946971
-1.509379
6.773078
5.541925
8.617199
9.144962
11.484671
7.209548
15.652855
21.607773
7.484296
2.397096
11.875928
8.997153
4.977646
2.345798
-0.547760
-4.718549
-10.625647
-5.361078
-17.739553
-24.456987
-25.998537
-10.989082
-28.541700
-25.493380
-29.931097
-14.559946
-25.502945
-15.498092
-24.975185
-11.841150
-22.421585
-6.956535
-15.244210
-4.606390
-11.549013
-0.843375
-4.437714
-3.209170
-15.717195
-1.644146
-4.113407
0.033909
-15.031192
-4.100364
-4.742895
0.279096
-9.636205
-6.254013
-6.019259
-4.534225
-6.552238
-5.534101
-5.827978
-7.081737
-7.188680
-11.247310
-12.159372
-9.455357
-9.304941
-15.670243
-5.290732
-5.996580
-6.805493
-7.630023
-10.857870
-13.233858
-17.039497
-13.443894
-14.464408
-16.457020
-8.350705
-9.103401
-7.659695
-10.741529
-2.615695
-3.239559
-3.467554
-4.912041
-0.068712
1.922341
-2.268238
-1.947328
-1.604554
3.953213
-2.387702
-1.658430
-5.688162
0.060902
-5.883365
-10.129380
-12.920756
-8.469390
-8.766875
-10.727475
-15.118720
-11.544976
-9.586719
-13.509481
-14.330107
-9.842044
-9.145566
-12.226619
-12.575643
-10.234787
-10.233226
-8.485785
-11.584019
-10.642367
-6.011415
-6.009853
-12.321878
-10.602547
-5.314157
-1.786481
-12.445246
-11.580895
-10.380797
-5.264965
-10.413592
-12.788799
-12.222717
-12.328906
-11.417706
-13.019917
-14.882137
-12.413232
-9.080758
-11.923667
-17.465818
-11.416924
-13.354102
-9.710868
-6.158206
-8.028234
-9.014389
-8.252325
2.290100
-4.795702
-9.107306
-3.957119
1.991832
-8.178929
-8.599782
-0.413046
0.327938
-10.854747
-5.241542
-3.660413
-4.825373
-9.888110
-4.935466
-6.447104
-2.510287
-5.966129
-4.367821
-11.434102
-0.288897
-3.631522
-0.887774
-14.933669
2.543861
-0.067149
-1.005677
-18.786938
2.762487
-0.245173
-2.745309
-17.362751
1.797412
-0.914323
-6.578279
-16.515579
-1.154029
-2.937388
-12.260195
-15.604381
-4.988561
-5.545275
-13.672671
-12.717747
-5.410196
-5.182981
-12.520203
-9.784265
-4.781648
-4.342835
-15.790993
-15.281909
-12.716966
-10.451851
-10.034120
-17.999107
-6.386201
-5.211090
-7.866607
-23.879347
-4.734800
-2.845252
-8.967541
-17.815619
-6.048894
-3.547195
-9.583596
-11.700357
-3.116192
-3.695548
-12.002529
-12.453053
-5.586658
-5.663177
-13.616452
-15.859706
-10.976553
-9.417285
-14.587773
-17.129293
-14.848565
-14.690840
-19.808231
-23.794241
-23.955870
-21.330023
-25.950821
-21.221489
-18.236473
-18.077969
-22.316959
-15.380291
-10.308183
-12.451491
-14.380864
-10.009135
-2.380674
-2.156582
-1.820835
-2.612572
7.003034
-0.327938
2.681284
-6.208177
0.630889
-11.673810
-7.957181
-9.979464
-7.780719
-18.632339
-10.736064
-10.030997
-9.931836
-20.418039
-15.583299
-8.728615
-9.992737
-21.871119
-17.858562
-11.363830
-9.404791
-20.955235
-17.010609
-21.584564
-4.829277
-18.404346
-17.872618
-24.994337
-2.180787
-13.779640
-16.332870
-23.615437
-0.347458
-8.109438
-14.383985
-19.874599
-1.318780
-3.249709
-9.500831
-14.041209
3.707261
-0.152257
-9.660895
-12.848921
1.542870
-5.732667
-2.877264
-9.462570
3.846244
-2.787470
2.195623
1.330493
8.766094
5.446893
3.019371
8.908980
5.093969
4.752759
-0.794859
9.973219
4.589569
5.237638
-7.411397
8.316350
-0.820625
1.039250
-6.591553
8.919913
-1.359381
0.560618
-4.615335
2.285415
-1.090003
-3.095891
-4.403738
-7.027242
-6.567348
-7.147487
-9.281425
-13.048027
-10.635341
-16.442963
-19.623184
-21.247257
-18.802557
-23.373386
-20.865442
-22.836973
-19.500595
-23.535793
-18.196651
-22.063980
-16.601471
-25.419874
-17.347136
-21.457293
-15.413868
-22.528555
-15.058597
-17.829672
-14.124757
-15.722284
-12.434314
-13.864748
0.159615
0.117541
-0.291848
-0.760675
-11.913014
-12.217551
-14.010045
-22.623907
-33.380211
-38.656185
-41.870522
-37.620361
-52.147984
-59.276562
-42.629192
-37.910202
-48.074802
-55.360981
-38.905960
-29.091980
-40.177540
-41.156593
-25.347376
-16.716146
-19.785568
-19.267317
-13.304133
-10.435743
-3.329206
8.348058
-2.567196
0.852842
12.323071
6.006597
-7.539968
-4.306261
9.755875
0.239090
-14.116232
-10.093135
-0.613083
-12.522756
-20.378611
-15.614207
-7.900603
-12.160116
-21.065155
-14.251805
-15.236208
-6.918203
-14.373353
-9.034602
-12.399202
-6.681118
-13.406313
-9.766561
-7.241438
-6.508147
-6.190252
-5.613903
-4.789115
-1.678962
-4.137965
-8.648589
-7.493217
-3.692513
-4.610799
-16.947226
-12.327744
-5.526415
-3.393986
-22.050226
-22.116344
-10.715568
-10.084455
-10.738941
-16.589928
-8.993196
-9.253656
-2.849025
-8.334701
-7.501231
-1.395128
9.066659
-0.737968
-3.068746
3.284460
9.323111
4.412449
-1.783145
1.323668
2.978587
2.030248
-2.168491
-7.622778
-2.710114
-5.046235
-7.058450
-10.756307
-9.179525
-1.912039
-7.288857
-15.421870
-14.669208
-1.212138
-6.793315
-20.583643
-14.074824
0.506226
-5.742128
-14.133595
-9.129436
1.052523
-4.652206
-2.689411
-3.959651
-2.577880
-5.436256
-1.045845
-6.417987
-3.460770
-3.068079
2.959888
-8.649922
-12.518748
-11.346681
6.924213
-15.672313
4.807145
7.662183
-4.886619
-41.240082
-13.380938
1.193438
-12.862023
-58.214020
-17.536264
-1.466588
-15.542080
-52.158005
-22.525066
-4.183378
-19.991928
-48.421413
-29.075954
-16.515129
-23.399273
-41.588688
-20.098118
-16.605289
-23.478743
-27.175264
-22.092300
-20.047361
-21.948046
-26.239618
-29.039225
-27.421701
-29.744465
-34.697205
-32.152718
-44.325520
-44.343552
-53.242584
-57.204239
-46.582169
-61.651409
-50.301395
-53.987225
-28.144308
-54.323826
-38.239452
-37.534870
-9.906806
-40.162174
-30.614666
-28.804136
4.400429
-28.959084
-23.657726
-26.678391
26.393890
-1.485954
0.135572
-8.071568
17.784706
0.635121
4.001056
-4.449850
10.129867
4.020424
5.776857
2.104378
-0.281163
-4.481238
-0.910939
-3.100136
-10.590680
-16.655376
-11.896987
-13.282096
-13.541885
-19.161797
-10.681509
-12.254950
-14.514267
-15.872665
-10.246739
-7.632129
-8.706692
-7.450475
-4.592099
3.238379
0.124220
0.922962
3.747944
-5.824273
-0.134904
9.216925
8.043521
-9.401248
1.481279
1.853269
1.920721
-17.707899
-14.300557
-9.404589
-17.060089
-23.043312
-23.860754
-10.978700
-15.395158
-16.169853
-19.225908
-10.882529
-13.643399
-13.312149
-15.536074
-7.246782
-10.586005
-6.872120
-0.114201
-3.636415
-4.835196
-2.722134
2.453661
-9.710463
-14.543653
-9.832010
-3.158906
-11.578426
-21.053802
-19.144434
-9.500091
-12.091330
-15.954143
-21.240799
-10.549273
-13.659428
-15.578809
-20.703852
-8.583808
-11.970447
-16.366873
-21.526634
-4.320286
-10.843126
-9.365854
-15.991542
-2.675386
-8.474948
-5.072948
-8.928415
-3.784008
-7.698914
-6.039318
-6.363893
-8.278604
-9.200896
-1.559418
4.664781
4.860283
5.124975
4.912968
1.279022
2.004542
3.394644
-3.364812
-9.109937
-11.278245
-18.277637
-12.439837
-20.544331
-21.897617
-23.597477
-14.385982
-21.060383
-22.943684
-25.594408
-12.786412
-15.110867
-16.389254
-14.683681
-3.333708
-1.814750
-4.494033
1.803962
-1.923929
-0.029199
6.768344
12.429046
6.682650
10.697448
6.351948
14.399312
12.562344
13.759484
6.636314
14.678601
13.546206
14.936948
2.641832
7.241868
5.430289
12.613759
7.754746
2.184177
1.953127
1.847124
1.774127
-2.641831
-3.086792
-6.765169
-4.370256
-4.761263
-7.137133
-9.520621
-1.367252
-4.526405
-7.052075
-9.276876
1.091136
1.230146
-2.693245
-0.045702
3.638389
3.922756
-1.444057
3.531116
3.268329
6.079639
-7.874078
-8.213671
-8.876348
-3.346404
-4.526405
-6.798176
-2.496474
-0.962282
-3.964650
-3.884037
1.082884
-1.186983
-4.566393
0.118698
1.650351
-2.351751
-5.364276
6.325922
5.001832
-1.786188
-3.359733
8.814778
8.289840
-3.012525
-2.621519
6.490958
4.407072
-0.876591
-0.512244
5.679747
5.811140
1.983595
-4.358197
0.196138
1.508801
-2.917948
-8.341890
-1.762067
-1.979152
-9.615197
-11.975837
-2.646909
-1.091770
-5.889214
-10.893586
-0.612534
2.174655
-7.491959
-12.799745
1.288544
4.992312
-4.716829
-4.193795
-3.597131
0.731867
6.463028
5.492496
10.927862
13.463057
-2.703402
-7.477995
-1.918215
0.995289
-10.503850
-18.425531
-7.133959
-3.648547
-14.391695
-23.719353
-17.302662
-10.576847
-14.153666
-25.273222
-13.134891
-6.965751
-7.936918
-16.113771
-9.365742
-3.248652
-2.993483
-7.903911
-7.924224
-5.589612
0.845487
-0.160592
-5.823201
-5.543274
-0.837871
-1.387564
-3.568567
-5.681015
-5.135765
-6.357658
-13.402754
-8.146387
-10.661266
-5.887944
-14.000054
-5.026588
-9.011551
-8.011817
-11.113211
-1.788093
-7.924223
-11.015459
-10.414984
4.384856
-5.399185
-14.234277
-8.604041
9.605676
1.325361
-1.806500
-0.924194
12.097708
2.853203
4.782209
2.027392
10.066505
6.329097
8.435198
10.764731
2.382218
1.241571
5.167504
3.232148
3.166770
3.015700
5.290010
1.614171
0.994019
2.588512
7.309151
-0.583334
0.523034
2.561218
6.913066
-2.706576
1.965187
5.371893
7.634778
4.535292
6.503019
6.845782
13.845809
1.355193
1.574181
8.550722
11.555631
2.299066
4.139843
2.454579
2.688802
-2.573278
-2.578356
-3.496841
-6.229441
-4.909794
-4.831720
-0.738849
-6.418596
0.352921
-1.180001
4.304242
-2.094676
-0.207563
-0.394180
9.555531
7.413250
2.449502
5.936821
17.898058
13.126003
14.750964
9.566323
14.292673
13.788047
13.652211
9.688195
10.685387
7.835993
9.420331
5.973636
5.205588
2.033106
-0.863260
1.356461
0.176461
-2.420303
-6.012355
-3.688535
-3.668857
-8.362203
-11.850790
-4.504189
-7.343428
-10.455607
-14.759216
-7.538929
-10.071584
-7.638585
-11.487078
-8.429484
-9.884333
-10.115382
-9.503484
-6.923856
-7.500210
-8.224461
1.135696
1.124781
1.208651
1.137993
3.928691
4.084369
4.581845
-0.388905
-0.183826
0.325715
1.916953
-5.634244
-8.524898
-9.241817
-11.512059
-14.813446
-18.110239
-20.927361
-26.411674
-26.109510
-24.035730
-29.694677
-34.957249
-31.539825
-29.112183
-31.152641
-30.853928
-33.528580
-29.155264
-26.447863
-24.913494
-34.936565
-27.946035
-17.954561
-18.689289
-29.860123
-26.192808
-17.341043
-17.794287
-26.110083
-24.074795
-17.181345
-15.935355
-20.632666
-19.889322
-16.955584
-15.564831
-20.782597
-16.800484
-13.547924
-16.035885
-21.343266
-18.667458
-8.915527
-11.136366
-16.099649
-16.957308
-6.220188
-5.594607
-10.501019
-15.915824
-7.644834
-4.591036
-6.235698
-9.122330
-7.420223
-5.147682
-1.444752
-2.511513
-4.749011
-2.003121
-2.760251
0.291822
-2.656276
-0.955316
-9.414727
-2.824016
-2.965332
-5.389528
-15.219584
-7.480540
-3.751759
-10.399342
-20.185741
-13.022299
-8.719638
-14.518751
-21.085335
-11.912453
-10.189091
-11.138090
-17.448467
-10.036287
-8.655299
-8.372093
-15.475218
-7.540858
-7.857957
-6.192614
-15.177649
-9.741590
-7.066359
-7.258225
-17.454212
-13.459457
-9.393473
-11.019752
-17.478338
-9.003418
-7.011211
-14.835275
-17.671928
-8.281329
-6.105298
-11.621203
-14.255651
-6.034065
-3.674782
-15.331029
-13.839172
-7.226632
-4.849541
-15.960056
-11.744140
-10.320067
-7.258227
-12.747708
-3.308855
-15.387901
-14.262547
-5.259701
6.889427
-11.746435
-14.936378
-6.232827
-0.932914
-13.904083
-15.902038
-9.446896
-10.884754
-12.768965
-15.829655
-14.680174
-21.690811
-13.287697
-15.983035
-16.656870
-27.480158
-13.840322
-17.542677
-15.354008
-22.729998
-13.951190
-17.044624
-11.715991
-13.901789
-12.906259
-14.441200
-11.120280
-14.666386
-12.187617
-13.505416
-10.203453
-10.565359
-9.856483
-11.171984
-9.086715
-12.651201
-15.167310
-13.800111
-13.411778
-19.333250
-22.326159
-14.894444
-16.914225
-24.855478
-26.532305
-17.065306
-21.031912
-24.571123
-23.487703
-19.557861
-23.339493
-26.066423
-23.174047
-16.803354
-18.345190
-19.504438
-18.206745
-15.691212
-15.208671
-17.122751
-15.804955
-16.354704
-13.142935
-16.791868
-15.331604
-17.573124
-18.002239
-22.372688
-20.844637
-17.602421
-18.763968
-23.932331
-25.136387
-14.630770
-16.602871
-20.767088
-20.259846
-10.844544
-11.697608
-18.614033
-11.792967
-8.407710
-11.435082
-13.652473
-2.752784
-6.467203
-11.853860
-12.736795
-1.304011
-5.469951
-11.680375
-15.284499
-2.835505
-4.649056
-11.769989
-14.111463
-8.089461
-6.975021
-14.107441
-20.210440
-6.841747
-6.586115
-16.314495
-25.829752
-14.510136
-14.788745
-18.891493
-28.536579
-17.839094
-15.582641
-19.489504
-25.121445
-18.646778
-15.139163
-18.936302
-21.257671
-17.397339
-11.529867
-16.759123
-16.380556
-14.129847
-9.400367
-12.171531
-13.615708
-12.574225
-14.542878
-13.896044
-16.886076
-17.170433
-18.115408
-13.619157
-18.572672
-19.980083
-18.419868
-15.571726
-18.542801
-19.421141
-18.932280
-16.271410
-14.409605
-15.256351
-17.564505
-15.654447
-15.016230
-15.167884
-12.547800
-10.480913
-14.085614
-8.013765
-8.590636
-9.754968
-10.354691
-12.551815
-14.805233
-19.160467
-21.238876
-22.977291
-24.816032
-13.708345
-19.799763
-18.848347
-21.668045
-12.805973
-16.562042
-10.626127
-11.000674
-4.531919
-13.278617
-6.468755
-5.984406
-5.988308
-24.431454
-11.057527
-6.886779
-18.323309
-30.684504
-16.018055
-18.270359
-31.127609
-38.999249
-27.090631
-21.646305
-34.813446
-35.992832
-33.782326
-26.014917
-35.883030
-32.765697
-35.666771
-23.456068
-24.950914
-24.294897
-31.916279
-16.044809
-10.839039
-14.463572
-16.140118
-10.947167
-7.300341
-9.378190
-13.020558
-9.317438
-2.410038
-3.431684
-6.697832
-5.750872
1.715006
-0.075801
-3.822395
-0.982074
4.244320
2.738882
0.065769
4.373628
1.648680
-2.773995
-4.583753
-0.255830
-4.354678
-0.818766
1.533863
2.564985
-1.178823
-1.067350
-3.056579
-2.736095
-3.086119
-2.173716
-0.958107
-0.661590
-1.714449
-4.415987
-1.319278
-0.857224
-0.881191
-12.196775
-6.738519
-5.458813
-5.112691
-13.303699
-11.928126
-11.195751
-13.216191
-15.820750
-13.545594
-13.105834
-9.223244
-13.440253
-12.585257
-11.662264
-8.844236
-10.238759
-11.728032
-10.950511
-6.069683
-6.438099
-5.731922
-3.926065
-1.644779
-1.864380
-4.431036
-0.586346
-4.990072
-0.788669
-0.825455
-0.737949
-5.107675
-3.988492
-4.653424
-3.759414
-5.921425
-7.017757
-7.808655
-9.679723
-16.855772
-19.909008
-18.831068
-18.928606
-18.002825
-21.660799
-13.236813
-14.716613
-14.786839
-22.870275
-13.429105
-12.185070
-6.688356
-6.348365
-8.483622
-9.807360
-1.385047
0.638181
-4.146224
-11.313354
-7.988683
-6.239678
-10.274431
-17.663393
-15.836914
-14.494225
-17.346254
-21.428379
-21.759453
-24.676691
-21.702602
-24.567451
-26.912273
-33.544891
-31.301510
-36.136074
-39.174816
-30.731325
-29.131134
-23.224203
-38.369423
-24.267586
-25.508276
-13.797523
-33.166996
-15.299057
-15.596132
-13.669887
-24.522301
-12.832726
-13.169931
-11.603742
-15.137424
-9.842473
-13.755162
-14.774022
-14.590091
-18.186756
-16.709742
-15.948942
-11.238111
-19.983692
-13.659853
-19.142076
-16.648993
-24.875114
-20.644726
-23.276594
-18.435341
-28.949991
-22.130655
-23.161222
-22.408224
-27.945070
-22.454483
-20.483648
-23.484493
-26.954077
-22.419371
-14.498684
-17.957680
-19.673244
-12.678338
-10.424360
-15.013132
-17.687359
-13.414056
-11.477221
-15.571609
-21.667490
-10.982839
-10.764910
-20.106873
-20.761219
-13.895061
-16.367521
-13.716146
-13.416286
-3.976228
-6.465411
-9.895424
-7.262441
3.778921
2.768422
-4.715849
-4.715849
4.655095
5.789330
0.479332
-7.430205
0.917977
3.840788
-3.480731
-10.244888
-6.154402
-1.297541
-14.062827
-19.393446
-17.118292
-10.914842
-19.109749
-27.666391
-23.784353
-13.003280
-22.701954
-26.816965
-26.120262
-13.537790
-19.299250
-17.328417
-19.711145
-16.849642
-15.822421
-7.829836
-9.103967
-11.770950
-11.039690
-1.016630
-2.513708
-8.601785
-6.962579
0.997122
-0.601952
-4.253794
-4.422119
-2.065587
-3.121789
-4.358022
-5.148362
-4.589327
-5.903590
-8.305267
-6.103125
-5.650547
2.303549
2.463790
2.525185
2.546674
-5.694407
-5.227190
-3.737741
-13.457831
-20.166487
-23.198187
-27.599606
-17.471851
-26.978285
-29.838694
-14.799932
-8.465786
-12.277816
-15.211278
6.517718
11.271550
-0.330308
1.569876
25.319386
24.822088
12.560233
16.402346
30.766985
33.214813
25.708635
30.363003
31.551613
39.201462
32.851971
26.386436
22.295057
30.552717
31.432510
22.430128
16.479704
20.165260
21.592083
13.170502
10.977465
13.117088
14.763094
12.256327
9.655626
12.692847
6.130927
10.192833
8.840298
13.610706
5.981122
6.060937
6.483950
9.550640
2.234785
-6.375893
2.074545
5.483822
6.551484
-3.844569
-0.466603
1.153617
7.897881
-0.195237
-2.411604
-3.013891
4.311172
3.610039
-1.700648
-9.041060
-9.123944
-2.339158
-9.230772
-3.102915
-6.912487
-0.280576
-5.010465
5.850350
1.664425
2.990561
4.334503
15.876803
9.637208
8.096802
10.178713
19.996422
10.817225
7.526440
8.917656
17.085676
9.640278
5.833774
1.547773
10.442101
3.156942
3.692308
-2.378451
2.437389
4.478782
-0.256632
-2.303548
-1.372184
6.035150
2.991174
-3.134840
-2.011308
5.159654
4.194521
-1.390601
0.946713
4.767952
3.784402
0.558697
5.686426
3.187640
-0.340130
4.949683
12.267994
5.329106
2.560180
11.044387
12.976494
3.348495
-0.900054
16.858513
9.884016
15.273903
13.168047
0.337060
-9.872967
1.743010
8.401936
-9.642734
-24.519409
-2.420199
7.653528
-4.154000
-16.732655
-1.053542
7.645546
6.421327
-5.081682
-2.296795
1.649690
6.351335
-0.419944
0.663683
3.932978
3.523472
2.816199
6.871966
8.082680
2.202861
4.241796
5.554426
7.318311
1.061524
5.472772
2.775678
2.794711
-2.884961
-1.056612
-10.528666
-6.638665
-7.676859
-3.616792
-7.147017
-4.945999
-4.669106
6.827147
7.802106
1.360518
-0.131386
16.557062
17.998621
9.004225
9.046586
24.198923
24.827612
21.921160
21.437981
30.004457
24.077360
21.573664
15.575354
22.353384
17.812593
13.584919
16.394978
16.291834
20.948662
5.170091
10.561819
8.236782
13.629738
0.971272
2.937761
1.194751
8.550511
4.776548
2.030340
5.518816
9.912259
7.014403
3.466989
9.702287
11.908830
8.235557
5.531096
12.913258
11.399867
7.266737
6.909416
12.500068
0.475812
4.786987
10.561206
11.555808
-5.632396
5.112993
9.386716
11.369780
-9.456091
-4.292140
5.364715
3.182725
-4.882761
-5.149831
7.032823
6.046815
1.084853
-2.245223
8.201174
11.954264
4.272493
-0.699906
10.825820
15.446424
10.274490
5.964546
7.401192
9.222176
8.727329
8.613749
4.408177
-0.039294
2.871455
8.159424
4.634726
-8.118903
-5.946126
0.079200
3.912717
-3.295082
-6.320024
-2.445986
3.056254
1.395512
-2.378450
0.860147
-1.280704
0.049730
-1.259829
4.784531
2.726562
4.731116
3.698448
10.755828
6.250648
8.046458
6.022257
12.197386
5.525570
6.803205
4.358447
10.127142
6.957306
11.323735
-0.968869
-1.262328
-1.502513
-2.225779
2.486732
2.139999
2.344969
-15.455844
-12.101375
-13.300495
-4.987910
-23.995068
-26.349068
-31.503124
-29.010069
-34.571354
-34.509953
-39.868076
-42.480320
-37.561935
-37.139359
-40.278019
-35.831879
-36.406158
-28.434891
-30.697693
-23.149002
-35.583565
-22.913334
-17.327665
-16.374147
-25.374779
-16.346157
-2.995093
-2.008168
-0.389171
-5.936915
4.007303
8.849837
12.039070
-3.209998
0.792793
11.502718
7.476449
-4.559011
-0.218515
7.729277
0.821687
0.081266
-4.657431
0.450574
-8.166306
-8.061563
-9.544212
-6.542797
-15.745691
-15.845920
-14.454470
-10.206076
-19.672634
-22.724615
-13.963264
-8.569022
-9.480103
-13.640006
-2.718791
-4.867819
-7.458391
-7.547784
2.977036
-3.362596
-6.022694
2.965297
6.295387
-2.670933
-11.568632
-2.614048
-2.194175
-12.584455
-16.776865
-5.712982
-7.031295
-19.645546
-14.408417
-4.993329
-6.396518
-13.022387
-13.044056
0.110160
-2.608630
-3.307516
-7.583901
-1.873627
-2.396435
-2.447905
-11.299553
-3.496233
-2.710664
-0.484886
-11.630935
-2.442487
-0.313324
1.076320
-13.530749
-6.874180
-5.388823
0.670894
-18.040997
-4.491287
-6.600585
-2.203204
-16.711853
-7.059286
-8.251184
-16.345251
-15.416114
-10.364093
-5.861067
-18.156576
-23.097534
-12.360521
-4.364874
-18.077118
-16.556543
-21.470411
-14.769601
-13.332099
-9.638119
-20.441950
-17.586813
-8.233125
-2.904799
-11.938842
-15.476612
-11.320322
-10.221425
-8.012803
-10.508565
-19.032438
-0.673601
-4.830798
-14.147467
-24.213583
-2.509304
-7.265158
-21.751232
-24.898022
-10.502245
-14.569145
-29.255672
-31.434496
-28.775303
-27.515682
-38.439606
-41.202644
-49.341862
-36.165974
-42.382805
-44.415344
-56.783993
-43.345348
-55.812420
-51.752739
-59.619270
-43.058212
-35.057144
-52.606941
-53.374443
-48.491280
-23.504772
-46.863251
-43.375145
-45.631626
-18.950270
-36.551533
-29.066051
-38.476624
-11.122572
-26.694899
-14.040922
-29.924763
-7.582093
-9.837669
-5.264217
-12.661203
-7.367192
8.635843
10.794800
12.941118
-3.873667
13.551515
14.809334
18.504211
-12.736149
5.610047
-4.654725
5.408688
-27.799212
-19.962482
-28.519764
-18.867201
-31.959114
-34.993942
-38.211159
-29.962683
-27.647514
-33.268394
-37.450874
-23.922834
-22.809494
-29.462450
-41.138531
-16.541193
-19.820717
-26.687674
-41.551182
-10.396600
-13.755585
-17.279808
-29.142801
-5.757227
-20.202671
-3.541383
-15.846824
1.033881
-5.930595
-1.605451
-6.884112
-1.382422
5.508011
-8.372180
-9.033138
-2.095755
7.477352
-9.958668
-19.145308
-14.846353
-2.837982
-10.461613
-19.436962
-18.649590
-4.252908
-13.827820
-23.401831
-18.719116
-13.106363
-17.429699
-32.724819
-21.746719
-14.504135
-13.846783
-25.651983
-18.339874
-14.489683
-3.144082
-7.374417
-7.857495
-13.535263
1.441114
1.874530
2.212235
-11.769088
-6.512999
-1.568428
-1.280386
-17.329472
-14.486073
-10.086885
-5.247962
-17.959730
-15.700544
-15.966012
-13.399818
-18.369675
-14.680208
-12.734344
-16.189041
-17.052265
-11.636353
-14.482463
-6.703205
-7.184067
-7.971071
-8.665397
-6.531523
-8.359256
-11.560445
-12.667265
-10.353353
-11.400918
3.742825
-11.331790
0.319055
0.170161
-0.468708
-17.849638
1.785192
0.979195
-9.599774
-28.375431
-9.443285
-10.963353
-27.875578
-47.597767
-31.091961
-28.899593
-51.479610
-62.552357
-49.573635
-48.118893
-62.928383
-66.607407
-58.585430
-48.236641
-58.739651
-56.458393
-63.306694
-50.683491
-49.866863
-49.386002
-55.859791
-35.544308
-28.067772
-34.529408
-39.884224
-15.003208
-7.051127
-16.268793
-15.775018
-9.327816
-4.548820
-13.692039
-7.733299
-3.099397
-1.964471
-12.630040
-2.441535
6.195754
-2.956582
-12.297312
-9.636997
5.908605
0.962484
-1.323320
-8.362294
8.736045
1.144802
-1.079471
-9.110554
0.195991
-6.669780
-0.672295
-1.853561
-1.602114
-5.575115
-6.805758
-5.604742
-2.541809
-6.341608
-12.909595
-4.022378
2.069303
-8.827964
-20.338270
-7.671768
-4.263190
-7.866998
-29.279425
-21.300755
-14.904452
-15.830472
-26.584925
-26.367661
-20.896616
-16.254360
-19.769287
-21.777060
-22.682568
-5.571318
-12.946819
-15.791729
-15.069296
0.551510
-9.697009
-8.922159
-8.369889
2.016887
-3.644071
-5.149709
-3.362238
4.680242
1.160754
-3.718517
1.690235
-0.345643
-1.836089
-4.251035
-1.420557
-6.488982
-14.169103
-7.628466
-4.206216
-10.033538
-13.805990
-8.731485
-3.706362
-9.237417
-15.391392
-22.370348
-14.063513
-2.904166
-5.878219
-9.998591
-11.473084
1.207093
7.762926
-13.883473
-17.480444
6.365159
18.635122
-5.066145
-15.424816
8.361534
20.502356
1.636299
-10.739257
-10.222692
1.005026
-13.271952
-23.580484
-26.125328
-20.721136
-26.540859
-34.633484
-35.934765
-40.463081
-34.252892
-40.116684
-38.389977
-51.518353
-46.484116
-48.811699
-48.113579
-36.423988
-31.547756
-38.495575
-42.291573
-26.941202
-31.735392
-29.738256
-37.520931
-28.647385
-34.989754
-29.091787
-32.093948
-32.232964
-37.697933
-28.331371
-27.941668
-37.018795
-45.596077
-33.056431
-30.300400
-44.756657
-46.426384
-25.990110
-25.709797
-43.868622
-38.817661
-27.908243
-38.000278
-45.803463
-47.258961
-24.950903
-34.224022
-36.342705
-38.727264
-15.813001
-21.688938
-20.538818
-27.422064
-23.436907
-28.313139
-28.356441
-30.831398
-27.592983
-32.683445
-33.129360
-28.577497
-25.644464
-32.136490
-32.567974
-26.533264
-22.131819
-24.719208
-25.453033
-10.828897
-10.851687
-19.511003
-18.278082
-5.155026
-9.709162
-6.571025
-8.344823
4.525270
-1.257231
6.103077
8.931275
10.089750
-0.289430
2.862384
-0.382108
1.032372
-6.014957
2.203761
-15.945179
-12.666506
-11.222400
-10.465780
-21.502823
-29.599997
-20.910290
-29.929688
-38.244129
-44.654102
-35.199421
-31.840221
-37.542961
-47.863647
-32.681923
-32.193462
-21.906958
-35.358185
-21.236942
-22.011030
-6.511012
-13.429959
-12.908835
-13.327405
5.391280
1.162273
-8.010573
-11.017293
7.835852
2.469640
-5.185411
-8.624376
5.263656
-1.182026
-1.744170
-6.339331
-0.852335
-7.274468
-2.349617
-8.555246
-6.778411
-12.970368
-8.576517
-9.055860
-11.188972
-13.677856
-14.323544
-15.452321
-15.868682
-23.025751
-27.556843
-37.632195
-21.599039
-23.279518
-25.291767
-20.567068
-13.025590
-14.019027
-15.174122
-11.485152
-11.418422
-10.356373
-12.323510
-13.902484
-12.709795
-10.864840
-13.276534
-15.509654
-15.651574
-17.089565
-18.164770
-12.593247
-15.209836
-18.208946
-26.076553
-15.655333
-18.941097
-17.294458
-17.556677
-13.193826
-14.869605
-17.033175
-13.985194
-12.650583
-11.572554
-14.513397
-6.434316
-6.435256
-3.473741
-13.045327
-2.694593
1.138176
0.019737
-6.263261
-3.698369
0.486850
-1.327090
-5.965324
-3.383514
-0.284779
-4.445562
-8.538675
-8.119495
-1.937062
-6.197471
-12.918446
-7.423994
-1.415437
-2.492522
-12.782166
-5.387307
-0.566739
-2.442709
-19.205202
-12.202270
-6.933385
2.343084
-6.751051
-6.034873
-2.756624
1.839316
1.377842
0.343991
-1.331789
-0.633469
2.807376
4.260408
-2.382558
-6.499168
1.185170
4.050818
-4.122248
-14.423171
-5.180537
0.222748
-2.656999
-12.233285
-9.331922
-6.282999
1.233102
-10.023661
-7.543356
-10.381750
-1.827097
-5.157038
-7.767045
-8.155208
-5.251966
-3.690851
-6.744472
-6.083746
-1.136297
-2.873168
-1.707735
-1.092123
2.126915
-3.421108
-4.125067
-0.688921
-3.534832
-6.125101
-4.600639
0.795126
-6.354427
-10.797170
-7.974755
-6.952182
-10.799050
-10.562202
-6.531121
-9.048081
-36.134991
-26.167721
-31.095436
-27.883915
-37.852127
-19.318926
-20.656353
-23.433653
-24.560555
-7.204066
-17.787886
-21.730616
-14.327303
0.917309
-12.353584
-17.634689
-10.465398
1.267878
-5.373207
-12.399640
-6.585634
-1.749087
-5.233169
-9.121390
-2.808317
-4.891999
-8.251076
-11.124243
-3.367537
-7.831895
-5.714379
-8.484162
-0.086468
-12.816940
-14.133691
-8.244496
2.761323
-5.039557
-6.803683
3.565847
4.651392
3.444605
-1.855292
3.844048
4.801768
3.115653
-2.695534
-1.569576
5.736939
1.421079
-3.591224
-14.232379
-2.880687
-2.250976
-10.266154
-26.237272
-15.323560
-11.402443
-13.318826
-24.284233
-10.543406
-12.065988
-6.126984
-19.031324
-10.499232
-14.908139
-11.922189
-16.506849
-6.017015
-16.307598
-8.494501
-13.420334
-6.447474
-13.653420
-11.972940
-12.864872
-6.117582
-13.223903
-13.109240
-12.993634
-7.944680
-11.736094
-12.222005
-11.029316
-9.148648
-11.667485
-15.450443
-11.322555
-11.687222
-13.566952
-6.405180
-5.235989
-17.244644
-13.395898
-1.965258
-8.939055
-10.474796
-8.286791
3.461524
-4.090292
2.165449
0.870315
9.016125
0.893810
6.658945
1.493445
9.302785
2.531058
7.513281
-4.600641
8.062161
3.388216
5.207792
-5.178656
1.828977
0.914488
-5.068693
-13.199467
-8.148627
-5.340313
-6.126979
-16.686361
-16.089548
-9.283987
-11.253947
-14.416590
-17.219265
-8.017050
-12.296255
-11.541543
-17.759689
-9.814071
-7.042410
-4.252890
-7.042408
-11.416541
0.428578
1.471828
2.805498
-12.595131
3.514154
1.902288
7.650504
-12.961677
1.793263
0.251885
4.481277
-14.029366
-3.571486
-3.239715
-0.253765
-13.270895
-9.474780
-9.924975
-5.104190
-5.468610
-6.031436
-6.346688
-11.037292
-12.903930
-16.232296
-10.674607
-16.595558
-18.311224
-17.427362
-12.962355
-19.952847
-22.739214
-24.788643
-19.996233
-23.424093
-27.566910
-34.549301
-27.940582
-27.020281
-29.081274
-38.836155
-37.737686
-30.651171
-28.657858
-40.352253
-49.411270
-37.808838
-36.331493
-50.441475
-57.366619
-44.614235
-40.323334
-54.993835
-59.708157
-49.208813
-41.908848
-51.546307
-55.829689
-45.355797
-34.522121
-40.324493
-42.093952
-38.130459
-22.691202
-25.074392
-27.304871
-22.819618
-10.724353
-17.062943
-19.927397
-20.358917
-9.106445
-14.654881
-14.249969
-18.900660
-11.426005
-11.047125
-14.643312
-20.039038
-9.244694
-7.775445
-8.956050
-12.456794
-8.532629
-8.403636
-11.482116
-17.481157
-8.565600
-12.047256
-14.259224
-16.100412
-7.743630
-8.844989
-14.391689
-17.971678
-11.131000
-10.652627
-13.686564
-17.774429
-9.211143
-10.075339
-12.424399
-19.497612
-11.434683
-8.064089
-12.591572
-14.756688
-11.072577
-7.295337
-13.208772
-16.922382
-14.059083
-15.386613
-16.342779
-19.929710
-18.360971
-17.316879
-13.758292
-16.077852
-16.181973
-15.711696
-13.784322
-13.790107
-13.032924
-12.103945
-9.070004
-9.282871
-8.735084
-7.437634
-3.132853
-6.236206
-5.885090
-4.589375
-1.641624
-2.855778
-3.619324
-5.116337
-8.886638
-5.686105
-6.223480
-4.196612
-10.616761
-14.243607
-17.003941
-9.823714
-21.024128
-22.178122
-22.485281
-14.407883
-31.106405
-25.675974
-23.347157
-20.240913
-39.678947
-29.376865
-25.192394
-18.640934
-33.152943
-27.878111
-23.473259
-19.697754
-31.041046
-24.195158
-17.786577
-7.909644
-18.129597
-11.520292
-5.823775
-4.216859
-8.912087
-8.767475
-3.969861
-3.339357
-3.007331
-5.933102
-2.412112
-3.092941
-4.407165
-8.973402
-5.119228
-7.420280
-12.923018
-15.668893
-10.675186
-15.493043
-24.773024
-25.737288
-13.881502
-22.370745
-35.666286
-33.870792
-16.880154
-28.938974
-45.140614
-42.016445
-26.981522
-38.360672
-53.658783
-53.707371
-28.460028
-45.769958
-58.533909
-56.070312
-26.861784
-43.561470
-55.881161
-50.857956
-24.719227
-39.138100
-48.146793
-47.207394
-23.269650
-31.179293
-37.436897
-37.501102
-18.146946
-19.723207
-22.758881
-21.378714
-12.505960
-11.933880
-14.587201
-16.040253
-9.295018
-10.398690
-7.867415
-14.207744
-10.834258
-9.750252
-7.513989
-13.611945
-13.275870
-13.080357
-15.513870
-14.001237
-19.521910
-19.599997
-21.108000
-19.759069
-26.986729
-17.504873
-21.983768
-21.346321
-27.564014
-16.913702
-23.308983
-21.622816
-25.261810
-21.449284
-26.884348
-19.049896
-25.284367
-25.657465
-31.414139
-20.158195
-23.128511
-20.823408
-30.389139
-22.838705
-17.684191
-24.823925
-35.000496
-31.449423
-21.584061
-27.483034
-37.681580
-35.373589
-21.553982
-28.115854
-35.375900
-37.750992
-19.513807
-24.353073
-23.968410
-31.091370
-13.733419
-18.566319
-16.368811
-23.754959
-13.840431
-12.116090
-10.026749
-15.303315
-9.956759
-9.254526
-6.781100
-10.685019
-4.812077
-4.916774
-3.402987
-5.350607
-3.444056
-3.057655
-3.575362
-4.207024
-7.010743
-6.734246
-5.348294
-6.997279
-7.277682
-7.872192
-7.670652
-9.721102
-11.040212
-14.066007
-7.094341
-7.297230
-7.572241
-5.315533
-6.642730
-2.079434
-1.974957
-0.970627
-15.605528
-5.138259
-7.634252
-7.458324
-23.133961
-18.151403
-21.897081
-16.760845
-34.286732
-33.794678
-32.907642
-31.301382
-41.826622
-38.825092
-38.322258
-42.502693
-53.771400
-45.045864
-37.230968
-49.754078
-56.190559
-51.501213
-36.393131
-48.930401
-52.868855
-52.992203
-35.434635
-40.754211
-46.210621
-51.243732
-25.218111
-24.039877
-32.977737
-35.100986
-18.013226
-16.785112
-23.655668
-21.208206
-5.800171
-4.383326
-10.408629
-7.669978
2.076063
-2.848521
-7.903872
-6.520054
-1.012418
-4.019341
-6.555778
-6.041480
-2.407695
-2.578228
-6.493092
-10.056777
-6.064398
-5.393048
-9.679311
-7.422603
-2.901771
-6.793042
-13.830764
-9.140747
-2.558007
-7.718509
-18.131184
-5.329014
-5.321598
-11.001115
-20.165455
-4.180438
-7.064684
-8.780805
-26.016184
-14.883626
-12.926867
-9.615951
-25.575357
-19.808886
-20.218031
-16.474377
-23.706898
-21.909889
-25.294279
-17.114721
-18.721649
-17.908073
-20.422941
-17.984917
-19.769793
-13.323881
-14.435385
-16.873411
-20.881969
-6.846966
-7.681436
-11.909732
-15.978951
-6.234932
-1.302932
-11.752679
-12.748919
-3.884531
-3.021751
-14.212275
-10.259665
-5.186790
-3.332487
-14.551994
-8.360202
-14.181943
-9.006612
-17.003502
-15.838075
-23.514793
-17.318281
-9.710318
-13.078528
-16.988001
-14.410445
-0.151660
-3.478081
-20.908930
-16.498642
0.885023
-4.088767
-23.869343
-23.671846
-1.520649
-5.754336
-12.008816
-18.585491
-9.038965
-12.497500
-14.622771
-20.488997
-14.753535
-11.776271
-11.615174
-17.243464
-18.059732
-17.058100
-13.219404
-16.689398
-21.625441
-25.327978
-23.750710
-23.772953
-28.309288
-24.975452
-25.840929
-37.059761
-33.897141
-27.124315
-31.372829
-40.752193
-41.404671
-30.597004
-34.726891
-39.919739
-50.194229
-30.638792
-32.931225
-35.383408
-50.048645
-32.268639
-36.451103
-28.451513
-47.041050
-37.018642
-36.304161
-24.444305
-34.590725
-33.595161
-31.448999
-25.784985
-29.435621
-33.911961
-32.966278
-29.583239
-31.719292
-36.666122
-36.887207
-24.343199
-26.376123
-29.583239
-31.739513
-21.451536
-26.872221
-31.757710
-31.355980
-19.776529
-26.748198
-31.399792
-22.677626
-17.558245
-25.890129
-28.602493
-21.154955
-17.546110
-24.175360
-24.769190
-13.652143
-8.698573
-26.866154
-21.129345
-11.737850
-6.729008
-20.207918
-16.262051
-5.506962
-4.139321
-6.041480
0.320171
2.466337
0.626865
0.110543
-0.810202
1.785549
-1.143857
-0.297930
-12.968657
-5.409899
-4.466906
-11.447335
-17.713272
-18.247118
-11.338814
-25.642086
-23.849798
-25.106218
-19.713846
-30.671150
-24.648540
-28.323444
-23.549847
-36.061501
-21.322796
-28.227728
-21.338299
-31.619532
-20.420246
-26.669334
-18.578751
-24.386337
-17.596664
-21.471760
-17.380297
-22.636511
-14.210927
-17.107307
-19.673401
-22.231409
-14.103080
-15.765278
-19.239315
-21.467714
-17.161230
-17.330418
-16.713661
-22.513161
-20.850286
-22.358805
-15.160659
-15.900764
-16.981258
-12.232101
-12.721487
-13.429136
-13.404411
-16.896616
-20.123669
-27.075682
-8.489234
-12.663511
-13.080425
-3.125592
-1.115187
-1.300198
-1.316398
-4.638086
-6.322803
-6.667250
-6.658723
-12.824652
-19.436481
-14.135082
-15.518834
-25.135189
-43.605682
-34.319275
-39.934433
-49.338497
-56.626431
-55.596500
-66.282860
-63.444588
-68.862801
-72.887016
-67.509735
-63.233147
-67.970985
-79.324921
-63.741287
-55.612705
-60.162968
-61.543316
-43.041275
-42.199760
-46.996433
-50.944771
-28.929211
-30.961786
-36.295578
-30.615635
-21.136545
-26.979338
-29.334192
-21.525324
-12.976412
-22.731741
-19.108232
-14.742124
-2.269593
-12.535622
-11.329208
-11.870604
-1.349649
-8.139671
-5.089959
-12.952538
-2.307959
-8.180595
-4.354175
-23.429157
-12.272172
-13.827295
-4.866580
-11.969502
-10.413527
-3.249218
-9.938635
-7.213759
-9.653018
0.397307
-18.038235
-13.870777
-14.085630
-9.579695
-29.445881
-16.579453
-18.907022
-17.697197
-36.581196
-23.648272
-25.980959
-26.535994
-32.804226
-26.055986
-27.348513
-19.719540
-24.578449
-23.681524
-25.984369
-4.791553
-17.050083
-19.406641
-18.007542
0.144088
-12.184355
-17.037296
-15.443805
-1.099841
-6.872724
-12.062435
-10.664189
-6.552149
-5.497497
-4.266358
-4.649171
-5.286907
-5.059264
0.080996
-2.671162
-7.941871
-6.446429
-9.103098
-12.526244
-14.476115
-6.051681
-18.793631
-21.931160
-32.995205
-21.794743
-46.454185
-46.604240
-27.569334
-15.777167
-36.398746
-42.986706
-13.424021
-2.342916
-28.562599
-33.251839
-5.837680
1.185952
-22.687405
-26.546225
-5.991146
-1.704326
-10.557615
-13.237304
-20.023916
-17.297337
-14.390005
-21.618256
-22.589357
-28.691339
-19.746824
-21.860392
-15.286928
-20.027325
-17.355310
-19.930132
-14.031916
-26.482279
-24.719976
-20.196989
-16.693699
-19.787748
-14.219487
-8.299958
-13.495640
-18.596680
-15.079750
-10.383686
-17.086744
-24.720827
-21.227774
-20.434864
-22.956827
-31.313047
-25.302298
-40.554268
-38.127796
-48.142307
-38.488449
-58.333309
-61.604702
-65.559860
-52.331081
-60.140804
-62.582623
-72.085587
-55.843750
-51.865566
-63.725090
-66.533524
-62.956905
-33.376316
-47.287163
-45.674919
-49.245567
-16.229040
-23.576654
-25.572569
-27.934240
-23.116259
-22.595325
-29.786919
-25.089151
-25.604113
-23.516972
-34.924618
-21.037645
-24.388323
-24.317556
-39.497906
-25.679142
-23.396757
-27.203568
-40.702618
-12.993463
-13.013074
-36.589718
-39.482563
-13.751414
-19.429663
-25.497538
-31.665171
-6.129265
-13.242420
-10.179066
-12.561199
4.094985
-4.050653
-9.414292
-10.276261
-1.526136
-9.311979
-17.004042
-12.792252
-7.849791
-20.283102
-24.799269
-19.416018
-17.913755
-22.672058
-32.204861
-23.250114
-25.162470
-22.562927
-25.085737
-15.933191
-21.050436
-19.287279
-24.460791
-11.149310
-15.048204
-14.342260
-23.266312
-11.278906
-10.347877
-16.021009
-30.404192
-15.131758
-13.586015
-20.260937
-25.415691
-15.763525
-15.961327
-17.300745
-20.170559
-17.802067
-17.807184
-19.636839
-16.741447
-16.914520
-15.353431
-17.850664
-10.335941
-13.238156
-9.902827
-19.382769
-13.522069
-15.404586
-5.160352
-5.390615
-5.832106
-5.830264
-7.101316
-8.248334
-10.863509
-8.910263
-10.783685
-10.866579
-3.227983
-8.301755
-7.687105
-8.683683
-6.172895
-10.910790
-6.815791
-6.821930
-6.911579
-11.960789
-12.339650
-11.957108
-9.540877
-13.594739
-13.412371
-8.613071
-10.775088
-12.747982
-12.016667
-11.295790
-16.694387
-21.772457
-19.092192
-16.192106
-23.954124
-26.185526
-25.330791
-22.600174
-27.096754
-27.277283
-25.612020
-18.421053
-22.294998
-22.349649
-22.442980
-11.009036
-12.655263
-14.918596
-11.220262
-7.469123
-10.305350
-10.740702
-9.537807
-5.287457
-6.174737
-7.033771
-6.831755
-3.395614
-6.905439
-9.984824
-9.357281
-3.807018
-6.984036
-10.890527
-10.586579
-7.010439
-5.843158
-11.896317
-9.371404
-6.079562
-6.434474
-6.586754
-2.373860
-2.911754
-2.181053
-5.027105
1.788684
-4.357193
-5.687193
-6.511842
2.652632
-4.382983
-8.213948
-7.543422
-0.163947
-4.062457
-6.484825
-11.696756
-4.075965
-4.713334
-7.020877
-10.485264
-6.045176
-6.868597
-9.037368
-12.030176
-8.163596
-7.721492
-9.308158
-9.836843
-7.602369
-5.693333
-11.935000
-9.709124
-7.305175
-5.057807
-10.113159
-8.932369
-2.836228
0.412632
-7.986141
-11.679563
-3.657807
-0.412632
-9.464124
-14.052807
-1.985175
-3.267281
-13.144650
-15.606931
-4.560439
-4.589913
-13.612545
-17.819300
-9.277456
-7.757720
-17.247017
-19.881229
-15.778861
-10.606844
-10.258686
-16.165701
-13.490965
-9.188420
-5.878158
-17.290001
-16.185965
-9.196403
-4.688772
-14.440264
-16.264561
-9.582018
-3.099035
-10.984475
-6.223246
-1.734649
-3.616052
-9.667983
-6.409299
-4.130614
-6.696054
-7.777983
-8.048158
-8.415964
-11.274912
-10.456404
-10.706930
-13.308597
-17.769560
-19.639912
-19.838247
-22.133509
-26.999123
-22.496403
-18.158247
-23.299562
-26.491932
-23.076056
-17.192371
-21.454998
-24.367369
-24.448421
-18.200001
-22.556580
-30.230177
-25.122631
-19.461845
-13.320879
-23.219122
-19.090967
-17.185614
-12.494387
-23.896406
-22.653599
-22.719297
-10.983859
-23.004826
-24.285088
-25.740967
-11.992719
-25.215351
-25.090088
-28.862720
-12.423159
-19.025265
-17.104561
-18.637808
-11.125088
-13.002192
-11.052631
-9.661843
-10.141404
-12.416405
-11.963245
-7.869474
-9.757631
-11.935001
-14.056493
-5.542895
-11.507632
-15.396317
-19.248158
-11.020701
-17.691580
-19.555174
-29.414736
-10.719825
-15.840879
-21.749123
-29.544302
-12.635001
-19.834560
-17.063421
-25.200613
-8.086229
-13.565265
-13.481754
-17.520264
-6.426491
-7.930878
-7.687106
-11.782721
-2.783420
-1.096667
-8.449738
-12.062107
-2.691316
3.223071
-8.547983
-10.588422
-8.119387
-0.875614
-8.017457
-6.271142
-10.068949
-4.639035
-10.005089
-8.396316
-10.908948
-6.072808
-15.371142
-12.518333
-15.464473
-9.039824
-18.147808
-13.470090
-17.746843
-11.502720
-16.047190
-10.325001
-16.451229
-11.962019
-11.810965
-7.154737
-12.954300
-11.309299
-8.867895
-7.378860
-10.558333
-13.786929
-11.931315
-12.080529
-13.850176
-16.715263
-16.185966
-16.843597
-18.454208
-14.710440
-13.702194
-13.733510
2.281606
2.449827
2.416487
2.469530
-3.526599
-2.596833
-1.185889
-9.509089
-16.981329
-19.121233
-24.727118
-20.473829
-33.082905
-36.801979
-30.142050
-25.888760
-33.046532
-38.183365
-31.759861
-24.646034
-33.237484
-35.909336
-22.176508
-19.465254
-25.855419
-31.343851
-19.653936
-24.445990
-27.054188
-16.772188
-10.912456
-15.283197
-19.283396
-17.188196
-13.792686
-20.146479
-14.687598
-16.263733
-17.234421
-21.080793
-14.517103
-20.590521
-20.869379
-21.030024
-14.738370
-20.911055
-23.572294
-23.866304
-20.270752
-10.535851
-18.840864
-19.767599
-20.553394
-7.140342
-17.335201
-15.525680
-17.148794
-8.494453
-9.629573
-8.920313
-11.107956
-1.304857
-6.368945
-5.177752
-2.309643
-1.545824
-6.461392
-6.857700
3.231075
5.771075
-1.985322
-16.801737
-9.856902
-1.803461
-11.433034
-18.358171
-16.585022
-7.000157
-17.168495
-18.531702
-20.507170
-9.392396
-11.681580
-9.837956
-15.022529
-5.053480
-6.171171
-4.041874
-6.624309
-3.185609
-1.932279
-5.317180
-2.815066
-1.987596
-4.578365
-9.061255
-6.992579
-4.416206
-5.828665
-14.728519
-4.795084
-6.365915
-9.195381
-20.457159
-5.470246
-7.089572
-16.490299
-20.247259
-3.334130
-6.301506
-22.044662
-18.024000
-1.380633
-4.994375
-12.924300
-9.277216
-3.890323
-8.060260
-13.019778
-5.269441
-4.872375
-5.745312
-6.416685
0.051528
-15.200603
-18.155849
7.713206
6.135557
6.971363
4.213886
0.063651
-7.014555
-3.697854
3.244715
-7.128975
-26.990532
-5.746828
0.396306
-12.860648
-34.171047
-8.291375
-0.466019
-18.943161
-41.494762
-23.066877
-19.212162
-20.366226
-37.460468
-18.984077
-20.344254
-22.451574
-27.241358
-16.669893
-15.469606
-16.797951
-15.007372
-17.673161
-13.915446
-19.634993
-16.743393
-15.433990
-18.131603
-24.546015
-31.584818
-33.928558
-32.363792
-34.024036
-31.084698
-35.488777
-37.129322
-34.405190
-20.833763
-23.047930
-36.925488
-37.137665
-18.943918
-20.450340
-36.389755
-45.524509
-27.677822
-26.898848
-13.854824
-32.095547
-17.236694
-15.682535
-6.836481
-30.874800
-18.993931
-20.401085
-0.350083
-18.848442
-14.696693
-11.328464
-1.319255
-10.620720
-14.078363
-9.650033
-13.635077
-20.468525
-25.718262
-17.344294
-17.652704
-20.469284
-26.324469
-18.587017
-17.738327
-22.534168
-27.837709
-16.365273
-15.903041
-18.999992
-25.320442
-7.175957
-8.898337
-12.270355
-11.323161
-5.355824
-8.552800
-2.283120
-1.900454
-7.946595
-3.779691
-3.568277
-5.034537
-13.178906
-13.034933
-13.970004
-22.829699
-21.419508
-25.071140
-17.267759
-24.353548
-16.073538
-23.227516
-15.449145
-20.109346
-16.792646
-25.777370
-6.690992
-10.216077
-11.755081
-10.016029
0.499363
2.102776
-3.637990
-1.102536
-4.063092
-3.673605
-3.305334
-0.647883
-5.208062
-8.363362
-4.541236
-6.190115
-8.746027
-9.108994
-9.018064
-17.875483
-16.345570
-14.740645
-18.571098
-20.426092
-18.915123
-20.038118
-24.561169
-13.922266
-18.253603
-17.420828
-24.073175
-9.396185
-17.310198
-9.345417
-17.251848
-6.340151
-16.791128
-12.979618
-20.273783
-4.151748
-12.809120
-9.956165
-3.744689
-3.981255
-4.388181
-4.365574
1.800487
1.704407
1.102092
5.175389
8.238639
11.246984
23.185099
9.478794
23.495949
26.259645
18.365767
-0.802547
13.619105
16.459513
8.811081
-11.877556
4.147579
1.221587
-12.131887
-16.506346
-10.232091
-7.569310
-14.386128
-4.237198
-7.681538
-11.207422
-8.418687
-3.036605
-9.042802
-4.743435
-3.709163
0.046022
-7.387647
-4.217013
-3.960262
-0.359290
1.381449
6.619816
0.093656
3.425768
3.841576
0.318921
-1.954699
0.308425
6.756265
-1.744776
-1.098054
1.410515
9.248688
0.400467
4.252539
5.444251
15.902413
16.186613
3.802014
3.477441
2.217101
9.042801
1.136001
1.190905
-6.329961
0.430340
-1.929669
-1.104513
-11.696700
-9.851810
-3.331303
5.893970
1.177986
-6.075633
4.732938
3.749533
6.833775
-4.363960
3.027724
1.994261
7.468385
-1.387908
-2.252626
-4.522208
0.139678
-5.832606
-7.776809
-6.275867
-5.065584
-6.778064
-9.892180
-6.132150
-6.541498
-8.343599
-1.530010
0.435992
0.873599
-3.149640
3.786673
1.860233
2.961518
2.835564
1.830359
3.997402
5.856022
4.010321
0.343142
0.029874
2.773395
3.298201
-1.409708
-6.999290
1.763347
4.577111
1.136810
-12.399135
-1.578453
2.596576
-6.042530
-18.720215
-4.268687
-0.064591
-10.467850
-16.649252
-1.342694
5.958560
-14.628347
-17.727928
-7.935866
0.580516
-0.595857
3.997401
10.453317
12.566263
14.685669
24.862053
4.788649
6.422812
13.225904
16.651674
11.519075
12.037421
-0.084778
-4.506063
3.030954
7.548317
-11.912276
-18.172802
-2.724144
-0.712120
-8.916042
-20.997871
-6.188668
-3.579173
-4.915409
-13.577929
-7.189836
-7.538630
-6.024768
-18.898651
-12.005128
-9.097707
-10.234515
1.647083
8.744874
-3.428998
-1.265187
8.614884
5.280349
-8.342793
-2.967975
5.608960
1.621243
-9.004045
-4.673995
-1.562307
-6.996061
-4.371226
-3.027725
4.330855
-0.908316
-1.991839
-0.862295
4.481838
5.060740
2.081459
4.077335
7.880964
6.889484
1.370148
-1.452501
7.243932
-0.036332
4.790262
5.128561
12.562227
7.832520
1.104513
1.797257
7.006556
5.147939
-13.721643
-5.493502
-10.072228
3.106041
-19.361284
-12.016432
-21.321638
1.605097
-16.193884
-15.112782
-23.715557
-4.422092
-8.098959
-11.002345
-12.262685
4.793492
6.278286
-9.931742
-0.722616
5.215759
10.267617
-7.018666
1.509827
9.087210
15.067569
-0.595049
12.345846
4.471343
9.726663
-3.620349
-2.147666
3.239258
8.067472
-7.201945
-19.427492
-5.720379
-0.620078
-10.353200
-22.292124
-14.405504
-6.246800
-10.473502
-14.484631
-14.455564
-9.015351
-3.246527
4.535127
-8.864368
-5.518531
-6.816821
18.739588
2.239708
3.524271
-3.242490
11.219534
5.808385
3.881138
-3.586440
2.875934
0.473132
3.773756
0.511081
-0.125146
0.431149
-4.080565
-0.838881
-5.045399
-4.698220
-13.413221
-4.085409
-5.294884
-5.753483
-14.912549
-6.523736
-7.281070
-6.655342
-10.567161
-5.627528
-7.696071
-5.418568
-5.780513
-6.120400
-6.282990
-9.971897
-11.944218
-15.588188
-9.492298
-8.428520
-9.470240
-0.120104
6.013369
12.088832
13.106855
17.580114
19.295069
20.745306
25.672838
28.142729
27.510345
30.575857
34.482910
33.708363
31.213142
31.311190
36.254238
31.590611
34.531113
27.722771
15.246668
12.844588
21.168528
9.090318
-0.251648
-0.701014
9.883657
-3.208492
-13.573383
-6.422703
-1.069497
-12.510422
-11.179475
-5.389154
-1.773782
-12.830697
-5.399775
-1.166723
-0.378288
-3.416017
-1.756623
-2.012354
-2.811413
1.849765
6.238053
2.190467
-0.460808
2.241940
6.716835
5.148130
3.618643
6.082000
9.739042
5.050086
7.689923
6.770760
6.887596
0.439565
4.107229
3.769794
6.644936
-5.424287
10.730923
6.635950
3.440530
0.115202
10.398389
12.735106
3.616192
8.816611
12.903413
18.818741
12.744909
11.115746
6.667814
10.615720
8.975117
11.566747
3.790220
4.291879
5.449615
6.948056
0.053107
-3.505891
-2.788536
0.848899
-6.377764
-1.128323
-4.045950
-3.456053
-6.300148
-0.145433
-2.419237
-0.476330
-5.592597
-0.887299
1.368532
3.143129
-2.415152
0.101313
3.529585
2.341619
-1.019658
-1.108715
0.625848
-2.660262
-0.880762
2.002550
7.145778
5.087669
2.941321
0.221416
2.452735
5.903886
6.237236
14.204133
18.028669
-2.447016
-1.091558
1.856301
5.914507
-6.127753
-4.960213
2.604704
-0.819485
-2.254196
2.036865
2.234589
-2.700297
7.554295
15.427235
9.538870
3.109631
13.083163
15.660089
14.378161
8.374597
10.498067
13.138721
11.210520
4.143996
3.251795
2.986259
5.715152
-0.905273
-5.869570
-3.131691
-0.415053
-6.108961
-10.155731
-9.798686
-13.617504
-15.656002
-19.898041
0.924064
-1.160188
-6.514212
-5.859769
17.063749
15.780190
-0.437113
5.542759
24.225052
20.600689
6.406361
13.585637
31.028490
25.728394
8.401557
21.885065
38.029652
34.501701
-5.883461
8.357437
18.913517
20.635824
-11.971179
-4.029611
1.329313
8.847656
-15.708290
-16.458326
-9.207970
-4.393190
-13.732704
-16.910967
-9.986605
-7.341050
-4.311487
-8.210373
-3.650507
3.515697
4.172592
0.674870
1.867741
4.345803
13.202451
9.993139
10.305246
9.130353
12.860929
9.105024
9.585441
-5.234735
-0.317826
4.975735
-0.311288
-2.438029
1.157735
-2.161871
-5.673484
0.029413
2.455188
-0.656894
-3.339219
6.717652
10.528298
13.390368
19.014009
17.134016
19.167614
18.235376
28.842112
25.441616
26.435944
14.776874
22.973356
21.526390
24.409700
19.037703
18.088310
14.053799
8.606634
13.608514
13.779276
6.129387
1.629983
5.366280
0.937955
-1.294998
-4.386653
-0.763925
-3.187249
-4.451200
-7.468505
-4.626044
0.232855
1.852216
-7.184995
-3.936467
4.255113
8.330476
-4.971651
-4.431590
5.541123
8.091901
-0.888116
-4.105594
3.515696
4.042683
2.495221
-3.996112
2.155335
0.290047
4.087620
1.219015
7.961995
5.832805
4.878509
4.069645
9.649985
4.178005
4.291219
4.391524
4.188930
4.363717
5.678591
9.655988
-4.807635
-5.247583
-6.481024
-13.578767
-16.594831
-15.993008
-18.330784
-26.152506
-32.436893
-22.126448
-27.280670
-36.480831
-52.829365
-47.955196
-55.213818
-53.358696
-74.150406
-70.482864
-80.343430
-74.229858
-85.632713
-79.085152
-60.747417
-62.568779
-72.790840
-62.972969
-47.501347
-52.710194
-62.609497
-50.146988
-37.043919
-50.130104
-56.426403
-40.665787
-30.142811
-41.985626
-46.065311
-29.315554
-23.281427
-35.668461
-34.664429
-26.489168
-13.124917
-23.054010
-22.080763
-24.187143
-7.702544
-15.698060
-12.639284
-13.190460
-2.924703
-3.663576
-3.745011
-9.942003
-7.883291
-2.155044
-4.330943
-10.919222
-12.921327
-3.679465
-9.243847
-6.650845
-11.416768
-1.292033
-26.371977
-12.916361
-3.111407
-9.612292
-37.499752
-29.167578
-8.795957
-21.464041
-39.018219
-30.187504
-14.294795
-20.588120
-29.552904
-24.501957
-13.876699
-16.025782
-22.747139
-23.684631
-14.381196
-13.964090
-25.175287
-24.149405
-14.990967
-16.138998
-21.614994
-23.930922
-17.246311
-18.877987
-20.051842
-14.393113
-15.320677
-17.916658
-21.631876
-11.196300
-13.879677
-17.853102
-20.337858
-6.156276
-9.798004
-11.450536
-13.553936
-3.286194
-6.944804
-12.286731
-11.232052
-10.742450
-15.241228
-16.446861
-10.715634
-13.150736
-11.372080
-15.580872
-7.060004
-29.692932
-28.206255
-0.587920
-2.298052
-16.725924
-16.379328
0.927563
-19.868120
-15.776516
-11.983834
-11.293624
-40.929951
-19.857195
-17.638588
-12.859756
-30.795280
-28.573702
-21.868233
-16.106224
-30.287807
-43.452446
-34.445950
-17.860054
-31.960194
-41.793957
-35.437069
-12.863727
-16.005922
-32.133995
-24.674759
-5.680577
-8.144478
-13.214295
-7.286434
0.805409
2.797585
5.006257
2.663516
1.729006
-10.227025
-8.412615
-9.165395
-13.946218
-29.056347
-29.463528
-25.326235
-31.455698
-48.584827
-46.066303
-41.924049
-59.328270
-76.406746
-71.289253
-54.154171
-86.810539
-95.505203
-93.785149
-33.259182
-65.126030
-67.784592
-67.991165
-24.129545
-43.001575
-43.352142
-51.863079
-15.003875
-26.126682
-22.459137
-37.643761
-6.060938
-11.940137
-18.107336
-25.762213
-15.446800
-18.278151
-33.405174
-28.229092
-21.574278
-23.967667
-41.139492
-24.754208
-24.894238
-27.303516
-44.228062
-23.497929
-20.743044
-25.681770
-35.297043
-7.727373
-10.065148
-21.558384
-17.666397
-9.043242
-16.343578
-18.119257
-13.119947
-7.920037
-15.081338
-21.704374
-18.403284
-12.609492
-18.438042
-23.669739
-32.920536
-27.522001
-35.045788
-18.668442
-35.111336
-33.951378
-45.130798
-23.594257
-45.485332
-40.029202
-51.697227
-36.997246
-49.753719
-39.946770
-33.710056
-38.543514
-36.759888
-37.381577
-28.609453
-37.607014
-38.907986
-36.460968
-27.708706
-30.632416
-41.980659
-42.499058
-25.040222
-28.635275
-33.912655
-44.989780
-25.751289
-26.918190
-32.208477
-42.801964
-25.805912
-21.144260
-26.596424
-36.710232
-22.060900
-18.591972
-14.356370
-23.828629
-13.856836
-9.093890
-10.066143
-12.035477
-7.448309
-4.753014
-8.664866
-11.929213
-7.655867
-6.860389
-12.585657
3.720397
3.821026
3.853925
3.471726
-5.951668
-5.636232
-5.128247
-16.668732
-24.880699
-29.738018
-37.476830
-28.459827
-42.524765
-48.588676
-35.978027
-25.569622
-37.846455
-44.004219
-28.009895
-12.320366
-31.076202
-29.863804
-7.341131
2.815696
-7.703979
-10.243913
8.538044
5.116634
6.931840
16.027220
19.616991
19.304457
26.450138
15.730167
17.017067
24.648479
30.384371
12.450025
12.562265
24.595261
18.035944
-1.729089
4.240963
12.060084
11.286978
1.076932
-4.829259
-0.096759
-2.961804
1.019843
-8.442253
-5.312088
-7.148581
-2.535095
-14.578732
-12.583554
-13.568563
-15.334421
-13.737891
-11.521136
-13.918832
-12.122012
-9.404041
-8.638674
-8.946370
-8.363877
-6.691877
-10.544833
-2.821503
-1.116603
-2.571863
-18.163662
-16.015608
-11.421473
-13.427295
-8.998619
-10.272942
-7.005377
-14.039783
-4.382230
-4.558334
-4.869899
-2.046460
8.038766
1.822946
-0.408325
6.155830
11.106037
8.417096
3.153387
6.608663
6.062941
9.928477
6.377409
-4.000031
-2.740225
1.800691
2.307710
-10.719969
-10.517742
1.354630
-1.372047
-11.252145
-19.149643
0.907603
-2.350285
-13.519217
-21.817295
1.294640
-3.285947
-13.086703
-17.533760
-1.638136
-5.117602
-10.891232
-11.983645
-3.851022
-5.895547
-9.272449
-11.893661
-3.130165
-1.563631
-3.233697
-6.869914
-13.245387
-10.607727
12.290372
-0.910505
11.558873
13.718539
2.692813
-24.626223
-3.818125
6.843789
-9.568534
-49.255352
-5.573339
4.378361
-12.742238
-46.870228
-8.763494
2.505101
-11.558871
-35.008495
-10.078451
-4.030027
-12.369716
-21.739891
-4.963755
-4.461574
-14.376504
-11.798837
-6.389020
-5.790081
-13.486319
-14.079453
-12.939627
-11.266658
-17.292831
-17.102213
-16.604872
-25.563820
-25.666386
-36.892406
-40.504429
-31.567736
-40.798576
-38.421200
-40.800514
-18.945478
-34.424072
-26.791691
-22.835201
-4.611551
-23.008404
-11.359551
-7.264693
5.845232
-14.412305
-2.951161
-2.699586
24.150167
12.978332
22.069841
17.862743
20.109495
17.422487
28.221800
24.448187
10.641592
18.180115
23.077106
28.069887
-3.167902
2.086132
7.344034
12.061053
-11.129260
-10.016529
-9.364369
-6.843789
-9.537570
-12.045572
-6.329998
-4.715084
-7.456275
-7.307266
-2.269974
-0.533144
-2.890202
-1.050806
2.843758
8.282600
3.198863
5.576242
7.016987
0.205130
0.985978
13.905286
11.973968
-1.922608
5.123407
5.273384
4.986010
-11.202798
-10.705453
-5.303380
-13.866584
-14.093000
-16.668734
-5.482384
-9.678838
-4.748949
-5.986501
-3.249178
-4.762496
-5.846199
-4.235156
3.347874
6.128738
1.238520
5.717510
12.928983
18.449108
15.458275
11.259885
5.563663
11.973002
15.566646
9.161175
3.161128
0.419934
5.594625
-1.642974
-0.516696
-6.735417
-4.882476
-13.267644
-9.151499
-11.582095
-11.256982
-17.258965
-16.349424
-18.643589
-18.814856
-16.368778
-19.156416
-18.727770
-18.025297
-13.610170
-18.816792
-16.063019
-15.585029
-12.324239
-17.326696
-15.976904
-15.601480
-13.477611
-13.425360
-8.654157
-8.132272
-8.565064
-9.283882
-9.331668
-12.715506
-14.897219
-19.862049
-4.280143
-8.832659
-8.570525
-8.778048
-2.391282
-5.557360
-6.769726
-14.451456
-8.345255
-12.933268
-13.384493
-23.353058
-20.823881
-20.193125
-22.909340
-34.075943
-35.157925
-31.150837
-33.245853
-42.561821
-46.958012
-38.840759
-47.376469
-53.847195
-62.792500
-49.397079
-49.339745
-57.193493
-64.524345
-55.587929
-53.277878
-52.067558
-58.236565
-47.295918
-41.260719
-42.382969
-43.088139
-41.881233
-25.372988
-23.071129
-24.089624
-22.503174
-14.500607
-14.065763
-16.786077
-17.874886
-8.561651
-9.481164
-13.197448
-18.205965
-9.156230
-6.513736
-13.678026
-16.838644
-8.958947
-7.600496
-12.521636
-14.780487
-11.339307
-9.490722
-10.445734
-20.985672
-15.773044
-11.286744
-3.610474
-10.158343
-8.328872
-4.534767
-6.308261
-8.728897
-5.090435
-9.094791
-9.945357
-8.254464
-4.411892
-12.801517
-15.613988
-13.615224
-6.316454
-16.270685
-19.264055
-17.444141
-8.760300
-16.980629
-16.463190
-18.974615
-13.308718
-18.216888
-17.064594
-16.517118
-15.401688
-14.649422
-14.597540
-14.313562
-12.419924
-13.353772
-14.248030
-12.550306
-10.619123
-13.188572
-15.298609
-7.432568
-4.893152
-13.015183
-19.102270
-7.648282
-6.233171
-13.884866
-20.421808
-5.943732
-4.411209
-17.729485
-19.827915
-7.898127
-6.278225
-18.225763
-20.556292
-7.475574
-5.414688
-32.088783
-33.161209
-26.895954
-22.636288
-27.330795
-28.546572
-22.168682
-20.202682
-21.922932
-30.607460
-24.381113
-19.877748
-15.939607
-27.371069
-21.198652
-20.453213
-13.462995
-27.132141
-9.493453
-8.161625
-8.454476
-22.069016
-2.715536
-1.905926
-2.858890
-10.587039
1.111336
-0.533823
-1.468354
-1.041706
-0.055976
-2.514839
-5.682964
-10.020449
-13.019963
-7.172482
-9.520758
-14.975042
-11.600758
-13.670518
-10.651890
-25.231682
-20.115986
-19.956253
-18.255800
-39.855843
-31.967274
-25.852200
-30.427244
-51.982918
-45.884224
-31.637560
-44.206299
-58.079552
-57.389408
-39.810108
-56.031647
-67.271286
-64.561203
-39.644905
-55.086189
-66.063011
-59.539040
-39.269459
-55.850742
-57.735508
-56.670593
-29.622410
-39.686550
-41.191086
-40.468861
-15.211232
-16.651598
-17.966360
-14.951145
-11.287425
-8.388944
-13.524432
-11.617825
-7.499465
-5.846115
-11.996005
-10.782273
-10.169948
-8.958263
-17.502848
-16.914413
-19.068136
-18.532949
-28.098761
-15.773727
-23.284796
-30.384235
-35.803017
-17.466669
-28.989603
-28.983458
-34.472561
-11.285379
-20.378807
-24.751787
-27.878950
-8.384849
-16.122555
-19.244257
-21.432114
-8.102917
-12.142771
-12.884117
-18.327475
-10.404776
-10.120114
-12.415828
-24.524467
-16.414038
-12.161202
-20.224525
-34.108028
-30.447039
-19.590359
-22.943478
-34.600891
-35.856945
-20.627966
-24.479414
-32.430782
-36.229664
-19.595816
-23.428152
-24.854183
-28.371132
-18.861980
-16.317787
-18.719994
-20.368565
-19.797199
-12.555769
-16.091150
-15.336837
-20.098923
-11.885418
-15.902743
-12.122976
-22.604887
-16.258398
-16.458414
-13.515559
-24.574299
-18.229174
-16.375813
-15.835847
-15.953944
-13.893057
-13.824110
-6.083843
-6.135345
-6.557177
-6.158236
-3.671397
-3.999216
-4.918903
-7.835748
-4.877212
-4.246101
8.729276
-7.588044
-2.541611
-3.637062
6.366698
-7.135149
-12.969655
-12.370425
-5.619503
-16.904287
-21.720999
-25.419374
-29.019653
-27.880056
-34.796116
-37.642654
-38.743008
-43.702793
-45.144859
-57.224266
-54.446392
-63.149502
-59.963707
-53.119591
-47.849972
-59.662861
-59.712734
-46.683403
-34.966972
-46.737354
-47.799286
-28.001862
-20.014877
-31.487688
-36.346912
-13.440536
-3.950982
-18.522121
-19.057583
-9.417611
-5.330925
-20.130146
-14.188549
-8.415356
-6.256336
-23.651125
-9.406168
-2.872700
-8.013964
-22.087246
-14.571139
-3.402440
-11.810440
-19.528463
-17.703802
-6.556359
-8.753802
-17.177332
-22.372551
-13.121710
-7.746640
-4.217488
-4.133286
-1.039044
0.684248
-2.942186
3.243844
2.459861
3.633793
-4.241195
2.612733
5.745397
1.305551
-16.567474
-10.558844
-2.312711
-11.657564
-25.024523
-19.608582
-9.375102
-17.073509
-23.512966
-23.046989
-15.749974
-16.847879
-17.487982
-12.648377
-13.187110
-8.671234
-13.565613
-11.311763
-7.937936
-10.156633
-13.987445
-10.473005
-7.572513
-5.164154
-14.419085
-8.130048
-5.930970
2.642982
-12.564992
-6.862104
-7.134332
-2.060921
-12.726041
-4.891927
-1.431444
-5.622775
-10.061804
-6.450901
-3.844707
-13.226350
-13.631832
5.229554
13.294201
-19.991171
-19.705862
-13.483861
-1.249143
-7.906870
-6.217095
-10.597265
-4.606621
2.826919
5.805893
-15.674766
-11.136818
3.433504
9.349760
-10.051177
-12.417842
-8.420260
-3.620712
-6.609496
-16.133383
-17.795362
-11.281515
-14.468135
-22.306335
-25.484776
-23.190870
-26.823847
-37.648376
-38.218174
-39.657795
-37.021351
-45.784149
-46.859154
-55.418400
-52.102608
-57.276573
-57.107353
-48.319214
-42.654755
-44.034698
-47.225395
-31.739475
-32.314995
-31.925049
-44.064121
-30.486248
-34.321144
-23.885746
-41.636143
-41.246201
-46.442234
-20.437527
-40.917561
-45.065563
-50.556713
-29.005756
-54.115303
-54.162724
-58.841270
-29.253456
-48.790916
-47.687294
-51.079922
-28.346031
-44.287304
-42.341644
-45.209446
-20.762074
-31.818781
-30.672642
-33.541252
-13.699683
-21.421797
-15.260292
-23.279976
-15.972339
-18.755928
-17.626959
-30.187042
-16.846241
-20.667244
-18.922699
-30.178869
-13.984169
-17.619604
-16.680292
-33.648342
-19.028154
-9.732354
-12.600139
-18.251528
-11.668198
-17.806808
-14.384751
-15.478564
-16.135841
-11.104117
-11.792456
-4.496256
-11.001111
0.668717
3.308424
0.467611
-3.341944
3.625617
0.306559
-3.417972
-4.725158
-0.655636
-10.012753
-10.096955
-8.671234
-13.325268
-23.187597
-19.460611
-15.328962
-29.313955
-39.571144
-34.429054
-25.540367
-23.853867
-34.927731
-34.404533
-27.385468
-25.362972
-22.655405
-26.366047
-19.417286
-23.085411
-14.831921
-16.695005
-10.403519
-12.117822
-6.164774
-7.832477
-8.246951
-7.062391
3.850431
-0.386679
-11.146628
-7.760537
4.674471
-1.486217
-11.225925
-11.612604
-3.755599
-9.190348
-11.892190
-14.952096
-6.487689
-12.015631
-8.273112
-13.386582
-8.978615
-7.314311
-7.790213
-8.403311
-8.984561
-17.284975
-20.054636
-25.575588
-22.634428
-29.614935
-33.124485
-22.846352
-22.235701
-27.713779
-31.555296
-16.384010
-16.020191
-20.608324
-22.518671
-10.094998
-2.401557
-6.232659
-5.174285
1.571027
12.922235
11.215849
9.966991
11.150925
21.670378
23.319189
15.623916
7.984371
20.226749
28.062899
22.608707
11.254436
22.271225
31.476284
21.772053
10.460042
20.469292
24.135021
16.156775
8.812453
17.106745
12.981647
3.704318
0.793168
10.094386
6.311058
3.000571
-0.339929
7.653627
3.925426
1.958120
-0.646786
6.508890
2.775789
0.101673
1.709451
6.908232
0.962218
0.147609
1.240898
4.352326
-1.144124
-1.361558
-0.090648
-2.704127
-11.488405
-5.927643
-8.399637
1.389732
-10.758321
-6.078314
-5.743284
6.738574
-8.846140
-1.296633
1.038164
15.620237
-4.015460
-0.230295
6.656499
21.568705
-1.621251
-2.567542
8.030920
27.035141
7.153228
0.382804
8.058482
18.284554
2.491594
-0.509589
0.527351
8.151580
0.276231
-3.946862
-1.020402
1.182710
0.702522
-3.414611
-6.767361
-1.233549
1.812960
0.237032
-8.852877
0.251731
1.371969
2.185963
-5.296169
3.756378
2.595716
1.933007
-0.122496
11.447369
5.244720
4.563635
8.136880
9.602559
5.509926
3.464222
9.497212
6.051977
7.321048
6.271860
1.349920
-7.777352
1.853996
0.837269
-5.153459
-21.216524
-2.837037
-1.343794
-5.551576
-30.411779
-4.529337
-4.996664
-7.558081
-18.654493
-3.750254
-5.849244
-8.275913
-16.161066
-1.613901
-6.109551
-9.828568
-12.069042
-0.814608
-3.995250
-13.771142
-15.515501
-7.250612
-8.765904
-14.397102
-15.301746
-14.494489
-14.466924
-20.814730
-25.284657
-28.101482
-29.594723
-34.094051
-28.054323
-31.721888
-20.824532
-38.063572
-25.224022
-30.327261
-7.939048
-34.802696
-18.288839
-20.745522
10.011700
-17.815390
-6.647313
-7.790825
22.792450
-1.761508
0.934651
3.929713
29.006739
8.314499
-1.416681
3.078968
20.275133
14.101884
5.465213
13.864241
13.398750
18.672871
10.641949
19.227781
6.583002
15.832160
8.650145
18.755556
-1.237834
-0.896067
-3.347851
7.894948
0.309918
-4.250655
-1.416682
4.760241
4.348653
1.865021
7.624229
8.038882
9.246707
11.033941
16.888695
7.830024
10.240158
18.617134
19.783306
6.728162
7.079730
17.912163
18.903776
-1.395856
-2.454844
11.547205
10.346729
-5.857820
-8.313889
2.467094
-3.582433
-11.640304
-11.212787
-4.629785
-7.841662
-12.472669
-12.082515
-8.324912
-9.403501
-14.348103
-10.533539
-7.273274
-14.841765
-12.538820
-5.558313
-9.013962
-17.911547
-14.613924
-1.506105
-5.779422
-17.557531
-14.125772
-0.970791
-1.939130
-12.182964
-11.082938
-2.144928
-2.392984
-1.623702
-5.011976
-0.990392
-6.758174
-4.645095
-6.183048
1.502429
-4.416028
-6.332496
-6.997657
5.893955
-0.564101
-2.744550
-3.945638
7.782862
1.933007
3.225352
2.057341
9.136458
5.024836
6.064227
7.302061
4.554447
2.446882
5.051787
-5.793081
-6.246949
-7.019179
-7.367471
-9.213421
-10.924951
-14.286516
-13.262862
-13.816321
-15.115342
-9.650962
-13.291705
-13.145858
-15.834240
-9.887692
-15.186090
-12.048740
-13.913733
-9.201447
-17.101156
-14.802971
-16.708782
-12.438933
-28.818468
-20.723396
-21.654533
-23.591362
-38.979900
-25.868870
-30.339523
-31.428488
-45.168072
-31.491613
-27.390472
-32.655128
-40.050354
-33.986259
-27.291969
-31.128084
-34.097275
-34.808556
-24.859907
-23.332865
-25.420984
-31.351210
-16.561844
-11.038691
-16.975986
-18.155827
-11.170388
-8.044464
-13.165450
-15.571388
-8.909753
-5.198808
-8.989206
-12.730084
-11.029984
-2.084856
-6.367218
-8.809619
-6.365587
0.040816
-1.244057
-2.679674
-1.134671
-0.704204
-3.455713
-5.124795
-0.562166
-4.482087
-2.017375
0.473460
0.446250
-2.943070
-4.410795
-0.204078
-0.315096
-8.120110
-6.466265
-3.393130
-2.297097
-10.921686
-10.205510
-4.251343
-3.150413
-9.416954
-16.992311
-7.604745
-3.171093
-9.959527
-15.762404
-9.351648
-5.687504
-15.161601
-17.912565
-11.186171
-8.800367
-12.201659
-15.182826
-10.311629
-7.873583
-9.248793
-16.159132
-12.923279
-10.491762
-7.266249
-12.514580
-7.003941
-4.983301
-4.666028
-7.532910
-6.277425
-4.589840
-8.581597
-7.918752
-3.134631
-4.164270
-12.647910
-12.366553
-4.901671
-5.858930
-14.298489
-10.921686
-8.118477
-9.829464
-18.690783
-18.707649
-16.903061
-16.149336
-17.161560
-19.180571
-15.722135
-15.791248
-14.986909
-22.143772
-13.887612
-11.588339
-8.871114
-12.459070
-11.358139
-11.471334
-3.909581
-4.506032
-3.296805
-7.916031
-7.214549
-7.908412
-6.818911
-13.079465
-14.600525
-14.084615
-12.142342
-16.203213
-18.850777
-19.689945
-17.046190
-19.913069
-23.388378
-27.303944
-26.391851
-27.492781
-31.153664
-29.346350
-25.831861
-25.163578
-32.944645
-29.307169
-26.131180
-23.112461
-32.845604
-28.970848
-23.929857
-23.560888
-32.238804
-27.861753
-23.321983
-24.740730
-32.161530
-27.800257
-28.489773
-28.503920
-33.153076
-29.300638
-27.153198
-24.124142
-23.003622
-25.630507
-20.711420
-23.335043
-22.199825
-26.915920
-22.053436
-24.776648
-20.831146
-30.039127
-23.342665
-21.117945
-19.916336
-30.269325
-20.252111
-19.579472
-21.355217
-31.341413
-21.294809
-16.793131
-20.110073
-28.460382
-15.917503
-16.674496
-20.837677
-29.253294
-16.719120
-18.286982
-21.147329
-30.619797
-11.267799
-16.187429
-27.256594
-28.851665
-12.549952
-19.216486
-18.241266
-19.899467
-4.662763
-10.013405
-8.391125
-7.107884
5.306561
2.120230
-2.832597
-2.763480
6.166952
6.156611
1.506909
-5.822469
0.195371
3.292995
-1.790441
-11.104538
-8.317114
-4.168623
-6.079878
-13.575237
-10.407954
-8.673567
-10.678970
-20.165583
-15.719413
-11.221544
-15.604584
-25.237589
-21.244743
-12.922735
-17.364548
-21.988672
-21.777523
-16.820343
-14.567871
-13.626938
-13.883802
-16.280489
-9.856674
-5.399619
-4.738953
-12.456349
-6.845577
-3.297894
-1.518881
-9.416954
-6.737824
-5.398530
-5.240166
-11.154606
-10.613665
-10.414485
-11.669425
-12.119484
-11.147530
-11.906699
