timeStamp,motor_angle_L_uint16,motor_angle_L_float,motor_angle_R_uint16,motor_angle_R_float,motor_vel_L_int16,motor_vel_L_float,motor_vel_R_int16,motor_vel_R_float,flag_num
1758076054.01805,32490.0,178.47563,36489.0,200.44313,-1078.0,-29.94444,-6049.0,-168.02777,2.0
1758076054.03412,32544.0,178.77226,36194.0,198.8226,-1021.0,-28.36111,-5567.0,-154.63889,2.0
1758076054.03493,32589.0,179.01945,35931.0,197.37788,-763.0,-21.19444,-4838.0,-134.38889,2.0
1758076054.05012,32615.0,179.16228,35710.0,196.16386,-277.0,-7.69444,-4054.0,-112.61111,2.0
1758076054.06581,32617.0,179.17326,35527.0,195.15862,68.0,1.88889,-3283.0,-91.19444,2.0
1758076054.06628,32617.0,179.17326,35378.0,194.34012,-32.0,-0.88889,-2694.0,-74.83334,2.0
1758076054.08209,32622.0,179.20073,35253.0,193.65347,-172.0,-4.77778,-2386.0,-66.27778,2.0
1758076054.08291,32644.0,179.32158,35134.0,192.99977,-740.0,-20.55556,-2378.0,-66.05556,2.0
1758076054.09813,32709.0,179.67865,35003.0,192.28017,-1739.0,-48.30556,-2808.0,-78.0,2.0
1758076054.11408,32829.0,180.33783,34845.0,191.41222,-2842.0,-78.94444,-3424.0,-95.11111,2.0
1758076054.11493,33006.0,181.31013,34648.0,190.33005,-3974.0,-110.38889,-4130.0,-114.72222,2.0
1758076054.13013,33235.0,182.5681,34419.0,189.07208,-4944.0,-137.33333,-4736.0,-131.55556,2.0
1758076054.14603,33508.0,184.06775,34169.0,187.69878,-5705.0,-158.47223,-5020.0,-139.44444,2.0
1758076054.1464,33812.0,185.7377,33913.0,186.29251,-6142.0,-170.61111,-5039.0,-139.97223,2.0
1758076054.16212,34132.0,187.49553,33663.0,184.91919,-6478.0,-179.94444,-4866.0,-135.16667,2.0
1758076054.16331,34468.0,189.34128,33429.0,183.63379,-6714.0,-186.5,-4449.0,-123.58334,2.0
1758076054.17806,34813.0,191.23643,33223.0,182.50218,-6854.0,-190.38889,-3769.0,-104.69444,2.0
1758076054.19415,35165.0,193.17006,33052.0,181.56282,-7063.0,-196.19444,-3063.0,-85.08334,2.0
1758076054.19493,35533.0,195.19157,32917.0,180.82124,-7367.0,-204.63889,-2408.0,-66.88889,2.0
1758076054.21015,35909.0,197.25703,32814.0,180.25543,-7550.0,-209.72223,-1782.0,-49.5,2.0
1758076054.22557,36301.0,199.4104,32738.0,179.83795,-7888.0,-219.11111,-1234.0,-34.27778,2.0
1758076054.22626,36708.0,201.64613,32691.0,179.57976,-8094.0,-224.83333,-760.0,-21.11111,2.0
1758076054.24207,37130.0,203.96429,32662.0,179.42046,-8500.0,-236.11111,-418.0,-11.61111,2.0
1758076054.24295,37563.0,206.34288,32651.0,179.36003,-8545.0,-237.36111,-95.0,-2.63889,2.0
1758076054.25809,37996.0,208.72144,32650.0,179.35454,-8665.0,-240.69444,0.0,0.0,2.0
1758076054.27413,38432.0,211.1165,32650.0,179.35454,-8544.0,-237.33333,0.0,0.0,2.0
1758076054.27611,38858.0,213.45663,32650.0,179.35454,-8394.0,-233.16667,0.0,0.0,2.0
1758076054.29107,39272.0,215.73082,32650.0,179.35454,-7904.0,-219.55556,0.0,0.0,2.0
1758076054.29189,39647.0,217.7908,32654.0,179.37651,-7007.0,-194.63889,82.0,2.27778,2.0
1758076054.30714,39980.0,219.62004,32658.0,179.39848,-6225.0,-172.91667,95.0,2.63889,2.0
1758076054.32308,40268.0,221.2021,32662.0,179.42046,-5318.0,-147.72223,36.0,1.0,2.0
1758076054.3239,40517.0,222.56992,32662.0,179.42046,-4567.0,-126.86111,0.0,0.0,2.0
1758076054.33947,40729.0,223.7345,32662.0,179.42046,-3904.0,-108.44444,-9.0,-0.25,2.0
1758076054.35581,40909.0,224.72328,32661.0,179.41496,-3321.0,-92.25,-21.0,-0.58333,2.0
1758076054.35618,41061.0,225.55824,32659.0,179.40398,-2769.0,-76.91666,-41.0,-1.13889,2.0
1758076054.37208,41190.0,226.26688,32656.0,179.3875,-2408.0,-66.88889,-87.0,-2.41667,2.0
1758076054.37297,41302.0,226.88211,32648.0,179.34355,-2122.0,-58.94444,-204.0,-5.66667,2.0
1758076054.38809,41402.0,227.43146,32637.0,179.28313,-1882.0,-52.27778,-210.0,-5.83333,2.0
1758076054.40413,41489.0,227.90936,32625.0,179.21721,-1561.0,-43.36111,-261.0,-7.25,2.0
1758076054.40525,41558.0,228.28839,32613.0,179.15129,-1239.0,-34.41667,-252.0,-7.0,2.0
1758076054.42013,41608.0,228.56306,32596.0,179.05791,-796.0,-22.11111,-376.0,-10.44444,2.0
1758076054.43585,41635.0,228.71138,32575.0,178.94255,-339.0,-9.41667,-452.0,-12.55556,2.0
1758076054.43627,41638.0,228.72786,32545.0,178.77776,100.0,2.77778,-666.0,-18.5,2.0
1758076054.45214,41632.0,228.6949,32503.0,178.54704,87.0,2.41667,-848.0,-23.55556,2.0
1758076054.45292,41628.0,228.67293,32457.0,178.29436,123.0,3.41667,-919.0,-25.52778,2.0
1758076054.46813,41613.0,228.59053,32407.0,178.01968,459.0,12.75,-1051.0,-29.19444,2.0
1758076054.48413,41574.0,228.37628,32360.0,177.76151,1059.0,29.41667,-799.0,-22.19444,2.0
1758076054.48485,41495.0,227.94232,32336.0,177.62967,1903.0,52.86111,-248.0,-6.88889,2.0
1758076054.5001,41369.0,227.25018,32336.0,177.62967,2924.0,81.22222,68.0,1.88889,2.0
1758076054.51576,41193.0,226.28336,32341.0,177.65714,3878.0,107.72222,69.0,1.91667,2.0
1758076054.51612,40969.0,225.05287,32342.0,177.66263,4780.0,132.77777,0.0,0.0,2.0
1758076054.53209,40703.0,223.59167,32342.0,177.66263,5534.0,153.72223,-26.0,-0.72222,2.0
1758076054.5333,40411.0,221.98764,32341.0,177.65714,5885.0,163.47223,-50.0,-1.38889,2.0
1758076054.54811,40110.0,220.33418,32336.0,177.62967,5964.0,165.66667,-135.0,-3.75,2.0
1758076054.56421,39807.0,218.66971,32328.0,177.58572,5917.0,164.36111,-174.0,-4.83333,2.0
1758076054.5653,39517.0,217.07668,32320.0,177.54178,5592.0,155.33333,-124.0,-3.44444,2.0
1758076054.5802,39241.0,215.56053,32318.0,177.53078,5433.0,150.91667,20.0,0.55556,2.0
1758076054.59594,38964.0,214.03891,32321.0,177.54727,5469.0,151.91667,38.0,1.05556,2.0
1758076054.59633,38682.0,212.48981,32324.0,177.56375,5632.0,156.44444,120.0,3.33333,2.0
1758076054.61214,38390.0,210.88579,32340.0,177.65164,5944.0,165.11111,474.0,13.16667,2.0
1758076054.61296,38079.0,209.1774,32372.0,177.82742,6261.0,173.91667,785.0,21.80556,2.0
1758076054.62817,37761.0,207.43054,32411.0,178.04166,6191.0,171.97223,731.0,20.30556,2.0
1758076054.64409,37454.0,205.74409,32441.0,178.20645,5955.0,165.41667,482.0,13.38889,2.0
1758076054.64489,37161.0,204.13458,32455.0,178.28337,5651.0,156.97223,128.0,3.55556,2.0
1758076054.66007,36885.0,202.61844,32457.0,178.29436,5250.0,145.83333,-31.0,-0.86111,2.0
1758076054.67581,36627.0,201.20119,32457.0,178.29436,4883.0,135.63889,2.0,0.05556,2.0
1758076054.67619,36387.0,199.88281,32458.0,178.29985,4594.0,127.61111,48.0,1.33333,2.0
1758076054.69211,36165.0,198.6633,32464.0,178.33281,4219.0,117.19444,144.0,4.0,2.0
1758076054.69347,35960.0,197.53719,32475.0,178.39323,3915.0,108.75,349.0,9.69444,2.0
1758076054.70812,35764.0,196.46053,32504.0,178.55254,3858.0,107.16666,764.0,21.22222,2.0
1758076054.72408,35563.0,195.35637,32560.0,178.86015,4035.0,112.08334,1333.0,37.02778,2.0
1758076054.72487,35351.0,194.1918,32648.0,179.34355,4294.0,119.27778,2095.0,58.19444,2.0
1758076054.74009,35125.0,192.95033,32779.0,180.06317,4540.0,126.11111,2974.0,82.61111,2.0
1758076054.75552,34888.0,191.64842,32953.0,181.019,4758.0,132.16667,3843.0,106.75,2.0
1758076054.75624,34641.0,190.2916,33170.0,182.21104,4944.0,137.33333,4624.0,128.44444,2.0
1758076054.77209,34390.0,188.91278,33425.0,183.61182,4923.0,136.75,5347.0,148.52777,2.0
1758076054.7732,34148.0,187.58342,33711.0,185.18289,4603.0,127.86111,5907.0,164.08333,2.0
1758076054.78811,33928.0,186.37492,34019.0,186.8748,4083.0,113.41666,6217.0,172.69444,2.0
1758076054.80411,33739.0,185.3367,34349.0,188.68756,3443.0,95.63889,6619.0,183.86111,2.0
1758076054.80548,33585.0,184.49072,34692.0,190.57176,2703.0,75.08334,6881.0,191.13889,2.0
1758076054.82013,33472.0,183.87,35047.0,192.52187,1894.0,52.61111,7154.0,198.72223,2.0
1758076054.83556,33397.0,183.45799,35418.0,194.55984,1149.0,31.91667,7454.0,207.05556,2.0
1758076054.83629,33356.0,183.23277,35802.0,196.66927,528.0,14.66667,7629.0,211.91667,2.0
1758076054.85208,33348.0,183.18883,36192.0,198.81161,-94.0,-2.61111,7846.0,217.94444,2.0
1758076054.85284,33354.0,183.22179,36593.0,201.01442,-148.0,-4.11111,7940.0,220.55556,2.0
1758076054.8681,33362.0,183.26573,36994.0,203.21722,-152.0,-4.22222,7926.0,220.16667,2.0
1758076054.88411,33369.0,183.30418,37397.0,205.43098,-115.0,-3.19444,7915.0,219.86111,2.0
1758076054.88489,33372.0,183.32066,37790.0,207.58984,-23.0,-0.63889,7666.0,212.94444,2.0
1758076054.90007,33372.0,183.32066,38168.0,209.66629,0.0,0.0,7307.0,202.97223,2.0
1758076054.91582,33372.0,183.32066,38521.0,211.60539,-5.0,-0.13889,6669.0,185.25,2.0
1758076054.91625,33373.0,183.32616,38840.0,213.35776,0.0,0.0,6036.0,167.66667,2.0
1758076054.93323,33378.0,183.35362,39120.0,214.89586,-217.0,-6.02778,5093.0,141.47223,2.0
1758076054.93369,33393.0,183.43602,39348.0,216.14833,-288.0,-8.0,4068.0,113.0,2.0
1758076054.9491,33404.0,183.49644,39529.0,217.14259,-167.0,-4.63889,3243.0,90.08334,2.0
1758076054.96555,33408.0,183.51843,39673.0,217.93362,0.0,0.0,2562.0,71.16666,2.0
1758076054.96627,33406.0,183.50743,39785.0,218.54886,38.0,1.05556,1994.0,55.38889,2.0
1758076054.98201,33402.0,183.48546,39872.0,219.02678,119.0,3.30556,1512.0,42.0,2.0
1758076054.98269,33390.0,183.41954,39941.0,219.40581,350.0,9.72222,1259.0,34.97222,2.0
1758076054.99807,33366.0,183.2877,39995.0,219.70244,578.0,16.05556,917.0,25.47222,2.0
1758076055.01407,33334.0,183.11192,40038.0,219.93864,631.0,17.52778,780.0,21.66667,2.0
1758076055.0149,33299.0,182.91966,40071.0,220.11995,739.0,20.52778,585.0,16.25,2.0
1758076055.03006,33257.0,182.68895,40091.0,220.22981,889.0,24.69444,243.0,6.75,2.0
1758076055.04577,33210.0,182.43077,40094.0,220.24629,962.0,26.72222,-13.0,-0.36111,2.0
1758076055.0462,33163.0,182.17259,40093.0,220.2408,909.0,25.25,-9.0,-0.25,2.0
1758076055.0621,33123.0,181.95284,40091.0,220.22981,691.0,19.19444,-26.0,-0.72222,2.0
1758076055.06343,33105.0,181.85396,40085.0,220.19685,38.0,1.05556,-215.0,-5.97222,2.0
1758076055.07803,33118.0,181.92537,40061.0,220.06499,-411.0,-11.41667,-641.0,-17.80556,2.0
1758076055.09408,33148.0,182.09016,40012.0,219.79582,-718.0,-19.94444,-1178.0,-32.72222,2.0
1758076055.09486,33196.0,182.35387,39934.0,219.36736,-1138.0,-31.61111,-1823.0,-50.63889,2.0
1758076055.11004,33265.0,182.73289,39825.0,218.7686,-1490.0,-41.38889,-2411.0,-66.97222,2.0
1758076055.12576,33345.0,183.17235,39689.0,218.02151,-1636.0,-45.44444,-2886.0,-80.16666,2.0
1758076055.12618,33429.0,183.63379,39529.0,217.14259,-1619.0,-44.97222,-3264.0,-90.66666,2.0
1758076055.14204,33507.0,184.06226,39357.0,216.19777,-1470.0,-40.83333,-3497.0,-97.13889,2.0
1758076055.14289,33571.0,184.41382,39175.0,215.19798,-1148.0,-31.88889,-3647.0,-101.30556,2.0
1758076055.15806,33622.0,184.69397,38989.0,214.17624,-902.0,-25.05556,-3676.0,-102.11111,2.0
1758076055.17413,33665.0,184.93021,38798.0,213.12704,-831.0,-23.08333,-3849.0,-106.91666,2.0
1758076055.17528,33707.0,185.16092,38595.0,212.0119,-757.0,-21.02778,-4158.0,-115.5,2.0
1758076055.19011,33742.0,185.35318,38372.0,210.78691,-634.0,-17.61111,-4610.0,-128.05556,2.0
1758076055.20558,33768.0,185.496,38123.0,209.4191,-404.0,-11.22222,-5206.0,-144.61111,2.0
1758076055.20606,33786.0,185.59488,37839.0,207.85901,-369.0,-10.25,-5876.0,-163.22223,2.0
1758076055.22204,33813.0,185.74319,37530.0,206.16161,-617.0,-17.13889,-6295.0,-174.86111,2.0
1758076055.22288,33848.0,185.93546,37212.0,204.41473,-701.0,-19.47222,-6139.0,-170.52777,2.0
1758076055.23812,33880.0,186.11124,36924.0,202.83267,-503.0,-13.97222,-5270.0,-146.38889,2.0
1758076055.25406,33882.0,186.12222,36688.0,201.53627,297.0,8.25,-4180.0,-116.11111,2.0
1758076055.25482,33851.0,185.95193,36506.0,200.53651,884.0,24.55556,-3109.0,-86.36111,2.0
1758076055.27005,33785.0,185.58939,36379.0,199.83887,1639.0,45.52778,-2055.0,-57.08333,2.0
1758076055.28553,33685.0,185.04007,36304.0,199.42688,2191.0,60.86111,-1130.0,-31.38889,2.0
1758076055.28606,33565.0,184.38086,36268.0,199.22913,2437.0,67.69444,-448.0,-12.44444,2.0
1758076055.30212,33445.0,183.72168,36257.0,199.1687,2252.0,62.55556,-131.0,-3.63889,2.0
1758076055.30323,33343.0,183.16136,36246.0,199.10828,1803.0,50.08333,-337.0,-9.36111,2.0
1758076055.31812,33274.0,182.78233,36217.0,198.94894,1065.0,29.58333,-777.0,-21.58333,2.0
1758076055.33412,33241.0,182.60106,36159.0,198.63034,272.0,7.55556,-1406.0,-39.05556,2.0
1758076055.33486,33248.0,182.63951,36077.0,198.1799,-325.0,-9.02778,-1743.0,-48.41667,2.0
1758076055.35001,33268.0,182.74937,35983.0,197.66354,-448.0,-12.44444,-1881.0,-52.25,2.0
1758076055.36559,33287.0,182.85374,35889.0,197.14717,-328.0,-9.11111,-1852.0,-51.44444,2.0
1758076055.36601,33300.0,182.92516,35801.0,196.66377,-197.0,-5.47222,-1641.0,-45.58333,2.0
1758076055.38206,33312.0,182.99107,35721.0,196.22432,-307.0,-8.52778,-1531.0,-42.52778,2.0
1758076055.38282,33333.0,183.10643,35642.0,195.79033,-596.0,-16.55556,-1624.0,-45.11111,2.0
1758076055.39806,33375.0,183.33714,35555.0,195.31242,-1012.0,-28.11111,-1816.0,-50.44444,2.0
1758076055.41403,33439.0,183.68872,35453.0,194.75211,-1459.0,-40.52778,-2161.0,-60.02778,2.0
1758076055.41526,33531.0,184.19409,35332.0,194.08743,-2105.0,-58.47222,-2548.0,-70.77778,2.0
1758076055.43002,33657.0,184.88623,35190.0,193.30739,-2809.0,-78.02778,-2964.0,-82.33334,2.0
1758076055.44577,33817.0,185.76517,35031.0,192.43398,-3482.0,-96.72222,-3320.0,-92.22222,2.0
1758076055.44615,34013.0,186.84184,34854.0,191.46165,-4171.0,-115.86111,-3605.0,-100.13889,2.0
1758076055.46201,34246.0,188.12177,34666.0,190.42892,-4903.0,-136.19444,-3745.0,-104.02778,2.0
1758076055.46269,34515.0,189.59946,34471.0,189.35776,-5579.0,-154.97223,-3805.0,-105.69444,2.0
1758076055.47808,34809.0,191.21446,34283.0,188.32501,-5978.0,-166.05556,-3626.0,-100.72222,2.0
1758076055.49415,35121.0,192.92836,34111.0,187.38017,-6311.0,-175.30556,-3239.0,-89.97222,2.0
1758076055.49489,35450.0,194.73563,33962.0,186.56169,-6626.0,-184.05556,-2712.0,-75.33334,2.0
1758076055.51001,35788.0,196.59236,33841.0,185.897,-6692.0,-185.88889,-2121.0,-58.91667,2.0
1758076055.52573,36135.0,198.4985,33752.0,185.40811,-7014.0,-194.83333,-1481.0,-41.13889,2.0
1758076055.52618,36495.0,200.47609,33691.0,185.07303,-7157.0,-198.80556,-992.0,-27.55556,2.0
1758076055.5421,36862.0,202.4921,33656.0,184.88074,-7320.0,-203.33333,-411.0,-11.41667,2.0
1758076055.54325,37237.0,204.55206,33651.0,184.85327,-7472.0,-207.55556,35.0,0.97222,2.0
1758076055.5581,37612.0,206.61205,33651.0,184.85327,-7310.0,-203.05556,0.0,0.0,2.0
1758076055.57416,37981.0,208.63904,33652.0,184.85876,-7297.0,-202.69444,0.0,0.0,2.0
1758076055.57529,38342.0,210.62212,33652.0,184.85876,-6967.0,-193.52777,9.0,0.25,2.0
1758076055.59013,38682.0,212.48981,33652.0,184.85876,-6542.0,-181.72223,0.0,0.0,2.0
1758076055.6055,39000.0,214.23666,33652.0,184.85876,-6047.0,-167.97223,9.0,0.25,2.0
1758076055.60609,39287.0,215.81322,33652.0,184.85876,-5339.0,-148.30556,0.0,0.0,2.0
1758076055.62206,39530.0,217.14809,33656.0,184.88074,-4405.0,-122.36111,112.0,3.11111,2.0
1758076055.62288,39729.0,218.24124,33661.0,184.9082,-3612.0,-100.33334,48.0,1.33333,2.0
1758076055.63804,39892.0,219.13664,33661.0,184.9082,-2949.0,-81.91666,-7.0,-0.19444,2.0
1758076055.65407,40026.0,219.87273,33660.0,184.90271,-2451.0,-68.08334,-25.0,-0.69444,2.0
1758076055.65483,40136.0,220.47701,33657.0,184.88623,-2045.0,-56.80556,-87.0,-2.41667,2.0
1758076055.67004,40232.0,221.00435,33649.0,184.84229,-1789.0,-49.69444,-229.0,-6.36111,2.0
1758076055.68573,40319.0,221.48225,33630.0,184.73792,-1632.0,-45.33333,-506.0,-14.05556,2.0
1758076055.68615,40400.0,221.92722,33593.0,184.53467,-1561.0,-43.36111,-944.0,-26.22222,2.0
1758076055.70203,40473.0,222.32822,33535.0,184.21606,-1349.0,-37.47222,-1256.0,-34.88889,2.0
1758076055.70267,40534.0,222.6633,33466.0,183.83704,-1096.0,-30.44444,-1436.0,-39.88889,2.0
1758076055.71806,40577.0,222.89954,33390.0,183.41954,-635.0,-17.63889,-1478.0,-41.05556,2.0
1758076055.7341,40594.0,222.99292,33318.0,183.02403,-135.0,-3.75,-1410.0,-39.16667,2.0
1758076055.73486,40589.0,222.96545,33250.0,182.6505,169.0,4.69444,-1234.0,-34.27778,2.0
1758076055.75007,40575.0,222.88852,33192.0,182.33189,437.0,12.13889,-1080.0,-30.0,2.0
1758076055.76557,40544.0,222.71823,33144.0,182.06819,750.0,20.83333,-849.0,-23.58333,2.0
1758076055.76607,40493.0,222.43808,33116.0,181.91438,1230.0,34.16667,-288.0,-8.0,2.0
1758076055.78205,40412.0,221.99313,33116.0,181.91438,1890.0,52.5,85.0,2.36111,2.0
1758076055.78323,40297.0,221.3614,33123.0,181.95284,2574.0,71.5,187.0,5.19444,2.0
1758076055.79809,40144.0,220.52095,33132.0,182.00227,3314.0,92.05556,139.0,3.86111,2.0
1758076055.81408,39956.0,219.4882,33138.0,182.03523,3990.0,110.83334,90.0,2.5,2.0
1758076055.81522,39738.0,218.29068,33142.0,182.05721,4538.0,126.05556,51.0,1.41667,2.0
1758076055.83011,39498.0,216.97231,33142.0,182.05721,4898.0,136.05556,-19.0,-0.52778,2.0
1758076055.84539,39245.0,215.5825,33142.0,182.05721,5076.0,141.0,4.0,0.11111,2.0
1758076055.84599,38982.0,214.13779,33142.0,182.05721,5289.0,146.91667,7.0,0.19444,2.0
1758076055.86209,38708.0,212.63263,33147.0,182.08467,5472.0,152.0,203.0,5.63889,2.0
1758076055.86333,38421.0,211.05608,33169.0,182.20555,5875.0,163.19444,633.0,17.58333,2.0
1758076055.87806,38106.0,209.32571,33211.0,182.43626,6553.0,182.02777,885.0,24.58333,2.0
1758076055.89407,37759.0,207.41954,33247.0,182.63402,7025.0,195.13889,573.0,15.91667,2.0
1758076055.89489,37413.0,205.51888,33260.0,182.70543,6617.0,183.80556,-26.0,-0.72222,2.0
1758076055.91003,37099.0,203.79401,33250.0,182.6505,5813.0,161.47223,-267.0,-7.41667,2.0
1758076055.92572,36839.0,202.36575,33233.0,182.55711,4531.0,125.86111,-443.0,-12.30556,2.0
1758076055.9261,36651.0,201.33302,33197.0,182.35936,3095.0,85.97222,-914.0,-25.38889,2.0
1758076055.94207,36529.0,200.66286,33144.0,182.06819,1890.0,52.5,-1160.0,-32.22222,2.0
1758076055.94326,36463.0,200.30029,33081.0,181.72212,901.0,25.02778,-1250.0,-34.72222,2.0
1758076055.95909,36442.0,200.18494,33019.0,181.38155,104.0,2.88889,-1145.0,-31.80556,2.0
1758076055.97553,36445.0,200.20142,32972.0,181.12337,-101.0,-2.80556,-762.0,-21.16667,2.0
1758076055.97609,36445.0,200.20142,32948.0,180.99153,62.0,1.72222,-269.0,-7.47222,2.0
1758076055.99209,36439.0,200.16846,32947.0,180.98604,178.0,4.94444,99.0,2.75,2.0
1758076055.99289,36422.0,200.07507,32949.0,180.99702,455.0,12.63889,0.0,0.0,2.0
1758076056.00817,36389.0,199.8938,32949.0,180.99702,822.0,22.83333,0.0,0.0,2.0
1758076056.02408,36338.0,199.61365,32950.0,181.00252,1113.0,30.91667,7.0,0.19444,2.0
1758076056.02519,36275.0,199.26758,32950.0,181.00252,1287.0,35.75,0.0,0.0,2.0
1758076056.0401,36204.0,198.87753,32950.0,181.00252,1439.0,39.97222,0.0,0.0,2.0
1758076056.0558,36129.0,198.46555,32950.0,181.00252,1529.0,42.47222,6.0,0.16667,2.0
1758076056.05619,36047.0,198.01511,32951.0,181.00801,1642.0,45.61111,11.0,0.30556,2.0
1758076056.07211,35957.0,197.52071,32952.0,181.0135,1903.0,52.86111,30.0,0.83333,2.0
1758076056.07325,35852.0,196.94392,32954.0,181.02449,2234.0,62.05556,56.0,1.55556,2.0
1758076056.08807,35727.0,196.25728,32965.0,181.08492,2684.0,74.55556,382.0,10.61111,2.0
1758076056.10414,35574.0,195.41679,32998.0,181.26619,3277.0,91.02778,886.0,24.61111,2.0
1758076056.10488,35389.0,194.40054,33060.0,181.60677,3912.0,108.66666,1520.0,42.22222,2.0
1758076056.12016,35176.0,193.23048,33153.0,182.11766,4444.0,123.44444,2082.0,57.83333,2.0
1758076056.13556,34942.0,191.94505,33274.0,182.78233,4749.0,131.91667,2625.0,72.91666,2.0
1758076056.15146,34696.0,190.59373,33421.0,183.58984,4948.0,137.44444,3125.0,86.80556,2.0
1758076056.15213,34444.0,189.20944,33593.0,184.53467,4955.0,137.63889,3552.0,98.66666,2.0
1758076056.15289,34199.0,187.86359,33785.0,185.58939,4693.0,130.36111,3940.0,109.44444,2.0
1758076056.16806,33971.0,186.61113,33996.0,186.74846,4314.0,119.83334,4317.0,119.91666,2.0
1758076056.18409,33765.0,185.47952,34225.0,188.00641,3853.0,107.02778,4683.0,130.08333,2.0
1758076056.18525,33584.0,184.48523,34475.0,189.37973,3345.0,92.91666,5079.0,141.08333,2.0
1758076056.2001,33432.0,183.65027,34745.0,190.8629,2743.0,76.19444,5480.0,152.22223,2.0
1758076056.20089,33311.0,182.98558,35031.0,192.43398,2086.0,57.94444,5828.0,161.88889,2.0
1758076056.21608,33223.0,182.50218,35336.0,194.10941,1469.0,40.80556,6161.0,171.13889,2.0
1758076056.23211,33170.0,182.21104,35655.0,195.86174,720.0,20.0,6383.0,177.30556,2.0
1758076056.2329,33151.0,182.10664,35983.0,197.66354,129.0,3.58333,6590.0,183.05556,2.0
1758076056.24816,33154.0,182.12315,36322.0,199.52576,-118.0,-3.27778,6741.0,187.25,2.0
1758076056.26414,33162.0,182.1671,36665.0,201.40993,-190.0,-5.27778,6751.0,187.52777,2.0
1758076056.2649,33175.0,182.23851,37003.0,203.26666,-311.0,-8.63889,6666.0,185.16667,2.0
1758076056.28014,33196.0,182.35387,37339.0,205.11238,-506.0,-14.05556,6593.0,183.13889,2.0
1758076056.28091,33225.0,182.51317,37661.0,206.88121,-620.0,-17.22222,6195.0,172.08333,2.0
1758076056.29612,33257.0,182.68895,37970.0,208.57861,-649.0,-18.02778,6028.0,167.44444,2.0
1758076056.31214,33287.0,182.85374,38265.0,210.19913,-512.0,-14.22222,5688.0,158.0,2.0
1758076056.31295,33307.0,182.96361,38538.0,211.69879,-297.0,-8.25,5173.0,143.69444,2.0
1758076056.32808,33319.0,183.02953,38784.0,213.05014,-186.0,-5.16667,4671.0,129.75,2.0
1758076056.34408,33333.0,183.10643,39005.0,214.26413,-349.0,-9.69444,4057.0,112.69444,2.0
1758076056.34496,33354.0,183.22179,39193.0,215.29686,-410.0,-11.38889,3414.0,94.83334,2.0
1758076056.36011,33372.0,183.32066,39351.0,216.16481,-241.0,-6.69444,2947.0,81.86111,2.0
1758076056.36086,33374.0,183.33165,39489.0,216.92287,113.0,3.13889,2546.0,70.72222,2.0
1758076056.37602,33364.0,183.27672,39610.0,217.58755,228.0,6.33333,2217.0,61.58333,2.0
1758076056.39205,33349.0,183.19432,39714.0,218.15884,371.0,10.30556,1908.0,53.0,2.0
1758076056.39273,33327.0,183.07347,39801.0,218.63675,460.0,12.77778,1587.0,44.08333,2.0
1758076056.40803,33297.0,182.90868,39868.0,219.00481,702.0,19.5,1091.0,30.30556,2.0
1758076056.42494,33254.0,182.67247,39911.0,219.24101,948.0,26.33333,626.0,17.38889,2.0
1758076056.42553,33202.0,182.38683,39927.0,219.3289,1075.0,29.86111,69.0,1.91667,2.0
1758076056.44104,33146.0,182.07918,39924.0,219.31242,1145.0,31.80556,-64.0,-1.77778,2.0
1758076056.44172,33086.0,181.74959,39919.0,219.28496,1158.0,32.16667,-134.0,-3.72222,2.0
1758076056.45702,33030.0,181.44197,39910.0,219.23552,1068.0,29.66667,-258.0,-7.16667,2.0
1758076056.47313,32977.0,181.15083,39887.0,219.10918,1023.0,28.41667,-561.0,-15.58333,2.0
1758076056.47392,32930.0,180.89265,39850.0,218.90593,862.0,23.94444,-875.0,-24.30556,2.0
1758076056.48909,32887.0,180.65643,39795.0,218.60379,872.0,24.22222,-1228.0,-34.11111,2.0
1758076056.49034,32841.0,180.40375,39728.0,218.23575,1006.0,27.94444,-1399.0,-38.86111,2.0
1758076056.50609,32791.0,180.12909,39645.0,217.77982,939.0,26.08333,-1792.0,-49.77778,2.0
1758076056.52208,32744.0,179.87091,39541.0,217.20851,926.0,25.72222,-2253.0,-62.58333,2.0
1758076056.52292,32699.0,179.6237,39415.0,216.51637,894.0,24.83333,-2689.0,-74.69444,2.0
1758076056.53806,32654.0,179.37651,39267.0,215.70335,898.0,24.94444,-3088.0,-85.77778,2.0
1758076056.55413,32605.0,179.10735,39102.0,214.79698,1065.0,29.58333,-3394.0,-94.27778,2.0
1758076056.55491,32547.0,178.78874,38926.0,213.83017,1194.0,33.16667,-3531.0,-98.08334,2.0
1758076056.57011,32486.0,178.45366,38745.0,212.83588,1202.0,33.38889,-3585.0,-99.58334,2.0
1758076056.57091,32425.0,178.11856,38564.0,211.84161,1197.0,33.25,-3563.0,-98.97222,2.0
1758076056.58608,32366.0,177.79446,38382.0,210.84184,1190.0,33.05556,-3636.0,-101.0,2.0
1758076056.60215,32306.0,177.46486,38192.0,209.79813,1171.0,32.52778,-3902.0,-108.38889,2.0
1758076056.60289,32252.0,177.16823,37985.0,208.66101,945.0,26.25,-4317.0,-119.91666,2.0
1758076056.61829,32212.0,176.9485,37752.0,207.38109,639.0,17.75,-4843.0,-134.52777,2.0
1758076056.63412,32199.0,176.87709,37493.0,205.95833,-89.0,-2.47222,-5269.0,-146.36111,2.0
1758076056.63485,32217.0,176.97597,37226.0,204.49164,-431.0,-11.97222,-5139.0,-142.75,2.0
1758076056.65008,32237.0,177.08583,36983.0,203.15677,-289.0,-8.02778,-4472.0,-124.22222,2.0
1758076056.6509,32240.0,177.10231,36783.0,202.05814,84.0,2.33333,-3562.0,-98.94444,2.0
1758076056.66612,32231.0,177.05287,36628.0,201.20668,269.0,7.47222,-2714.0,-75.38889,2.0
1758076056.68235,32218.0,176.98146,36509.0,200.55299,217.0,6.02778,-2089.0,-58.02778,2.0
1758076056.6829,32212.0,176.9485,36414.0,200.03113,7.0,0.19444,-1782.0,-49.5,2.0
1758076056.69809,32221.0,176.99794,36326.0,199.54773,-330.0,-9.16667,-1744.0,-48.44444,2.0
1758076056.71414,32259.0,177.20668,36227.0,199.00391,-1097.0,-30.47222,-2136.0,-59.33333,2.0
1758076056.7153,32349.0,177.70108,36097.0,198.28976,-2331.0,-64.75,-2894.0,-80.38889,2.0
1758076056.73004,32506.0,178.56352,35927.0,197.35591,-3731.0,-103.63889,-3730.0,-103.61111,2.0
1758076056.73072,32735.0,179.82147,35716.0,196.19685,-5126.0,-142.38889,-4526.0,-125.72222,2.0
1758076056.74606,33025.0,181.41451,35468.0,194.83452,-6139.0,-170.52777,-5182.0,-143.94444,2.0
1758076056.76217,33358.0,183.24376,35196.0,193.34035,-6912.0,-192.0,-5504.0,-152.88889,2.0
1758076056.76295,33724.0,185.2543,34918.0,191.81322,-7334.0,-203.72223,-5459.0,-151.63889,2.0
1758076056.77817,34093.0,187.2813,34644.0,190.30807,-7288.0,-202.44444,-5288.0,-146.88889,2.0
1758076056.79404,34462.0,189.30832,34388.0,188.90179,-7264.0,-201.77777,-4800.0,-133.33333,2.0
1758076056.79489,34825.0,191.30235,34163.0,187.66582,-7059.0,-196.08333,-4087.0,-113.52778,2.0
1758076056.81014,35179.0,193.24696,33978.0,186.64958,-7033.0,-195.36111,-3325.0,-92.36111,2.0
1758076056.81085,35539.0,195.22453,33824.0,185.80362,-7076.0,-196.55556,-2765.0,-76.80556,2.0
1758076056.82605,35895.0,197.18013,33699.0,185.11697,-7080.0,-196.66667,-2280.0,-63.33333,2.0
1758076056.84212,36259.0,199.17969,33596.0,184.55115,-7269.0,-201.91667,-1834.0,-50.94444,2.0
1758076056.84289,36634.0,201.23964,33514.0,184.10071,-7448.0,-206.88889,-1443.0,-40.08333,2.0
1758076056.85811,37015.0,203.33258,33451.0,183.75464,-7646.0,-212.38889,-1112.0,-30.88889,2.0
1758076056.87409,37407.0,205.48592,33402.0,183.48546,-7702.0,-213.94444,-802.0,-22.27778,2.0
1758076056.87569,37796.0,207.6228,33373.0,183.32616,-7692.0,-213.66667,-427.0,-11.86111,2.0
1758076056.89113,38186.0,209.76517,33355.0,183.22728,-7741.0,-215.02777,-257.0,-7.13889,2.0
1758076056.89226,38569.0,211.86908,33347.0,183.18333,-7446.0,-206.83333,-117.0,-3.25,2.0
1758076056.90708,38945.0,213.93454,33344.0,183.16685,-7389.0,-205.25,-22.0,-0.61111,2.0
1758076056.92407,39309.0,215.9341,33343.0,183.16136,-6985.0,-194.02777,-2.0,-0.05556,2.0
1758076056.92463,39650.0,217.80728,33342.0,183.15587,-6573.0,-182.58333,-25.0,-0.69444,2.0
1758076056.94007,39966.0,219.54314,33342.0,183.15587,-5949.0,-165.25,0.0,0.0,2.0
1758076056.94096,40244.0,221.07027,33342.0,183.15587,-5149.0,-143.02777,0.0,0.0,2.0
1758076056.95608,40485.0,222.39413,33342.0,183.15587,-4478.0,-124.38889,-26.0,-0.72222,2.0
1758076056.97212,40695.0,223.54773,33338.0,183.1339,-3927.0,-109.08334,-142.0,-3.94444,2.0
1758076056.97382,40877.0,224.5475,33320.0,183.03502,-3382.0,-93.94444,-557.0,-15.47222,2.0
1758076056.98906,41033.0,225.40443,33280.0,182.81529,-2837.0,-78.80556,-982.0,-27.27778,2.0
1758076056.99065,41161.0,226.10757,33219.0,182.48021,-2317.0,-64.36111,-1388.0,-38.55556,2.0
1758076057.0061,41263.0,226.66788,33135.0,182.01875,-1776.0,-49.33333,-1831.0,-50.86111,2.0
1758076057.02234,41340.0,227.09085,33032.0,181.45296,-1283.0,-35.63889,-2223.0,-61.75,2.0
1758076057.02369,41385.0,227.33807,32911.0,180.78828,-639.0,-17.75,-2517.0,-69.91666,2.0
1758076057.03918,41399.0,227.41498,32780.0,180.06866,22.0,0.61111,-2695.0,-74.86111,2.0
1758076057.04062,41389.0,227.36005,32641.0,179.3051,253.0,7.02778,-2763.0,-76.75,2.0
1758076057.05603,41369.0,227.25018,32502.0,178.54155,488.0,13.55556,-2720.0,-75.55556,2.0
1758076057.07216,41334.0,227.05789,32371.0,177.82193,896.0,24.88889,-2516.0,-69.88889,2.0
1758076057.07286,41275.0,226.7338,32250.0,177.15724,1292.0,35.88889,-2293.0,-63.69444,2.0
1758076057.08813,41200.0,226.32181,32142.0,176.56396,1641.0,45.58333,-2054.0,-57.05556,2.0
1758076057.10407,41106.0,225.80545,32044.0,176.02563,1973.0,54.80556,-1851.0,-51.41667,2.0
1758076057.10487,40998.0,225.21217,31953.0,175.52576,2235.0,62.08333,-1720.0,-47.77778,2.0
1758076057.12009,40872.0,224.52003,31874.0,175.09178,2673.0,74.25,-1436.0,-39.88889,2.0
1758076057.12146,40721.0,223.69055,31817.0,174.77867,3233.0,89.80556,-867.0,-24.08333,2.0
1758076057.13606,40540.0,222.69626,31788.0,174.61935,3780.0,105.0,-367.0,-10.19444,2.0
1758076057.15205,40335.0,221.57016,31780.0,174.57541,4202.0,116.72222,-25.0,-0.69444,2.0
1758076057.15326,40112.0,220.34517,31780.0,174.57541,4482.0,124.5,0.0,0.0,2.0
1758076057.16808,39880.0,219.07072,31780.0,174.57541,4598.0,127.72222,-15.0,-0.41667,2.0
1758076057.18411,39648.0,217.7963,31779.0,174.56992,4454.0,123.72222,-40.0,-1.11111,2.0
1758076057.18485,39429.0,216.59328,31775.0,174.54794,4150.0,115.27778,-128.0,-3.55556,2.0
1758076057.20011,39227.0,215.48363,31762.0,174.47653,3865.0,107.36111,-347.0,-9.63889,2.0
1758076057.20088,39040.0,214.45641,31748.0,174.39963,3557.0,98.80556,-214.0,-5.94444,2.0
1758076057.21617,38868.0,213.51157,31743.0,174.37216,3300.0,91.66666,-15.0,-0.41667,2.0
1758076057.2321,38706.0,212.62164,31746.0,174.38864,3165.0,87.91666,106.0,2.94444,2.0
1758076057.23326,38541.0,211.71527,31754.0,174.43259,3344.0,92.88889,229.0,6.36111,2.0
1758076057.24809,38362.0,210.73198,31774.0,174.54245,3692.0,102.55556,463.0,12.86111,2.0
1758076057.26409,38160.0,209.62234,31808.0,174.72923,4241.0,117.80556,878.0,24.38889,2.0
1758076057.26536,37934.0,208.38086,31873.0,175.08629,4644.0,129.0,1579.0,43.86111,2.0
1758076057.28095,37692.0,207.0515,31969.0,175.61365,4876.0,135.44444,2063.0,57.30556,2.0
1758076057.28173,37444.0,205.68916,32074.0,176.19043,4912.0,136.44444,1971.0,54.75,2.0
1758076057.29709,37200.0,204.34882,32162.0,176.67383,4670.0,129.72223,1482.0,41.16667,2.0
1758076057.31307,36983.0,203.15677,32216.0,176.97047,3987.0,110.75,800.0,22.22222,2.0
1758076057.31384,36806.0,202.18448,32237.0,177.08583,3125.0,86.80556,115.0,3.19444,2.0
1758076057.32906,36669.0,201.4319,32234.0,177.06935,2425.0,67.36111,-22.0,-0.61111,2.0
1758076057.33035,36555.0,200.80568,32235.0,177.07484,2141.0,59.47222,19.0,0.52778,2.0
1758076057.34605,36444.0,200.19592,32243.0,177.11879,2290.0,63.61111,312.0,8.66667,2.0
1758076057.36204,36313.0,199.47632,32280.0,177.32204,2872.0,79.77778,1075.0,29.86111,2.0
1758076057.36291,36144.0,198.54794,32362.0,177.77249,3724.0,103.44444,2097.0,58.25,2.0
1758076057.37814,35927.0,197.35591,32504.0,178.55254,4651.0,129.19444,3315.0,92.08334,2.0
1758076057.39409,35668.0,195.93315,32703.0,179.64568,5459.0,151.63889,4400.0,122.22222,2.0
1758076057.39491,35374.0,194.31815,32950.0,181.00252,6050.0,168.05556,5212.0,144.77777,2.0
1758076057.41009,35062.0,192.60426,33225.0,182.51317,6139.0,170.52777,5576.0,154.88889,2.0
1758076057.41145,34758.0,190.93431,33510.0,184.07874,5888.0,163.55556,5630.0,156.38889,2.0
1758076057.42608,34474.0,189.37424,33793.0,185.63333,5373.0,149.25,5523.0,153.41667,2.0
1758076057.44209,34224.0,188.00092,34069.0,187.14946,4601.0,127.80556,5379.0,149.41667,2.0
1758076057.44287,34013.0,186.84184,34339.0,188.63263,3851.0,106.97222,5254.0,145.94444,2.0
1758076057.45904,33841.0,185.897,34615.0,190.14877,3145.0,87.36111,5645.0,156.80556,2.0
1758076057.46032,33694.0,185.08951,34907.0,191.75279,2710.0,75.27778,5873.0,163.13889,2.0
1758076057.47607,33563.0,184.36987,35216.0,193.45023,2459.0,68.30556,6292.0,174.77777,2.0
1758076057.49272,33447.0,183.73267,35549.0,195.27946,2150.0,59.72222,6791.0,188.63889,2.0
1758076057.49307,33346.0,183.17784,35905.0,197.23506,1868.0,51.88889,7065.0,196.25,2.0
1758076057.50821,33263.0,182.72191,36273.0,199.25659,1505.0,41.80556,7379.0,204.97223,2.0
1758076057.52427,33196.0,182.35387,36650.0,201.32753,1169.0,32.47222,7442.0,206.72223,2.0
1758076057.52498,33146.0,182.07918,37023.0,203.37653,864.0,24.0,7367.0,204.63889,2.0
1758076057.54011,33109.0,181.87593,37397.0,205.43098,638.0,17.72222,7292.0,202.55556,2.0
1758076057.54128,33086.0,181.74959,37758.0,207.41405,325.0,9.02778,7053.0,195.91667,2.0
1758076057.5561,33077.0,181.70015,38110.0,209.34769,81.0,2.25,6841.0,190.02777,2.0
1758076057.57213,33075.0,181.68916,38450.0,211.21538,35.0,0.97222,6595.0,183.19444,2.0
1758076057.57289,33072.0,181.67268,38776.0,213.00616,90.0,2.5,6352.0,176.44444,2.0
1758076057.58824,33063.0,181.62325,39095.0,214.75853,222.0,6.16667,6203.0,172.30556,2.0
1758076057.60407,33057.0,181.59029,39392.0,216.39003,32.0,0.88889,5575.0,154.86111,2.0
1758076057.60488,33057.0,181.59029,39654.0,217.82925,0.0,0.0,4898.0,136.05556,2.0
1758076057.62008,33055.0,181.5793,39885.0,219.09819,71.0,1.97222,4287.0,119.08334,2.0
1758076057.621,33045.0,181.52437,40086.0,220.20235,332.0,9.22222,3746.0,104.05556,2.0
1758076057.63639,33020.0,181.38704,40260.0,221.15816,660.0,18.33333,3241.0,90.02778,2.0
1758076057.65209,32974.0,181.13435,40412.0,221.99313,1118.0,31.05556,2802.0,77.83334,2.0
1758076057.65287,32909.0,180.7773,40541.0,222.70175,1425.0,39.58333,2314.0,64.27778,2.0
1758076057.66813,32827.0,180.32684,40643.0,223.26208,1758.0,48.83333,1723.0,47.86111,2.0
1758076057.6841,32732.0,179.80499,40712.0,223.64111,1980.0,55.0,1102.0,30.61111,2.0
1758076057.68524,32627.0,179.2282,40744.0,223.81689,2120.0,58.88889,265.0,7.36111,2.0
1758076057.70027,32514.0,178.60747,40741.0,223.80042,2325.0,64.58334,-93.0,-2.58333,2.0
1758076057.70089,32392.0,177.93729,40737.0,223.77844,2437.0,67.69444,-90.0,-2.5,2.0
1758076057.71609,32264.0,177.23415,40728.0,223.729,2488.0,69.11111,-261.0,-7.25,2.0
1758076057.73238,32149.0,176.60242,40701.0,223.58069,2085.0,57.91667,-746.0,-20.72222,2.0
1758076057.73376,32062.0,176.12451,40642.0,223.25659,1440.0,40.0,-1510.0,-41.94444,2.0
1758076057.7491,32013.0,175.85535,40540.0,222.69626,634.0,17.61111,-2393.0,-66.47222,2.0
1758076057.75035,32000.0,175.78394,40394.0,221.89426,0.0,0.0,-3201.0,-88.91666,2.0
1758076057.76611,32006.0,175.81689,40213.0,220.89998,-131.0,-3.63889,-3826.0,-106.27778,2.0
1758076057.78214,32011.0,175.84436,40006.0,219.76286,-47.0,-1.30556,-4276.0,-118.77778,2.0
1758076057.7841,32011.0,175.84436,39784.0,218.54337,56.0,1.55556,-4461.0,-123.91666,2.0
1758076057.79909,32007.0,175.82239,39560.0,217.3129,119.0,3.30556,-4395.0,-122.08334,2.0
1758076057.80035,31999.0,175.77844,39344.0,216.12636,175.0,4.86111,-4162.0,-115.61111,2.0
1758076057.81615,31987.0,175.71252,39143.0,215.0222,298.0,8.27778,-3833.0,-106.47222,2.0
1758076057.83216,31972.0,175.63013,38956.0,213.99496,249.0,6.91667,-3535.0,-98.19444,2.0
1758076057.83292,31964.0,175.58618,38781.0,213.03363,82.0,2.27778,-3368.0,-93.55556,2.0
1758076057.84809,31963.0,175.58069,38608.0,212.08331,-46.0,-1.27778,-3495.0,-97.08334,2.0
1758076057.86416,31969.0,175.61365,38423.0,211.06706,-204.0,-5.66667,-3835.0,-106.52778,2.0
1758076057.86495,31987.0,175.71252,38214.0,209.91898,-453.0,-12.58333,-4402.0,-122.27778,2.0
1758076057.88017,32018.0,175.88281,37973.0,208.59509,-749.0,-20.80556,-5079.0,-141.08333,2.0
1758076057.88145,32068.0,176.15747,37705.0,207.12291,-1170.0,-32.5,-5520.0,-153.33333,2.0
1758076057.89614,32134.0,176.52002,37417.0,205.54085,-1408.0,-39.11111,-5773.0,-160.36111,2.0
1758076057.91215,32210.0,176.93752,37127.0,203.94781,-1546.0,-42.94444,-5605.0,-155.69444,2.0
1758076057.91378,32283.0,177.33852,36855.0,202.45364,-1361.0,-37.80556,-5079.0,-141.08333,2.0
1758076057.92919,32344.0,177.67361,36618.0,201.15175,-1016.0,-28.22222,-4385.0,-121.80556,2.0
1758076057.93037,32379.0,177.86588,36420.0,200.06409,-460.0,-12.77778,-3568.0,-99.11111,2.0
1758076057.94611,32390.0,177.9263,36262.0,199.19617,-32.0,-0.88889,-2765.0,-76.80556,2.0
1758076057.96216,32390.0,177.9263,36138.0,198.51498,-20.0,-0.55556,-2244.0,-62.33333,2.0
1758076057.96354,32400.0,177.98123,36034.0,197.9437,-398.0,-11.05556,-1993.0,-55.36111,2.0
1758076057.97913,32442.0,178.21194,35932.0,197.38338,-1230.0,-34.16667,-2098.0,-58.27778,2.0
1758076057.98037,32532.0,178.70634,35814.0,196.73518,-2216.0,-61.55556,-2548.0,-70.77778,2.0
1758076057.99603,32677.0,179.50285,35662.0,195.90019,-3344.0,-92.88889,-3333.0,-92.58334,2.0
1758076058.01208,32877.0,180.6015,35470.0,194.8455,-4391.0,-121.97222,-4139.0,-114.97222,2.0
1758076058.01387,33128.0,181.9803,35244.0,193.60403,-5341.0,-148.36111,-4713.0,-130.91667,2.0
1758076058.02906,33422.0,183.59534,35000.0,192.26369,-6161.0,-171.13889,-4903.0,-136.19444,2.0
1758076058.03038,33748.0,185.38614,34754.0,190.91234,-6558.0,-182.16667,-4845.0,-134.58333,2.0
1758076058.04615,34086.0,187.24284,34515.0,189.59946,-6796.0,-188.77777,-4557.0,-126.58334,2.0
1758076058.06212,34440.0,189.18747,34300.0,188.4184,-6948.0,-193.0,-3981.0,-110.58334,2.0
1758076058.06394,34794.0,191.13206,34123.0,187.44609,-6998.0,-194.38889,-3149.0,-87.47222,2.0
1758076058.07903,35150.0,193.08766,33987.0,186.69902,-7078.0,-196.61111,-2305.0,-64.02778,2.0
1758076058.08027,35514.0,195.0872,33890.0,186.16617,-7240.0,-201.11111,-1584.0,-44.0,2.0
1758076058.09612,35877.0,197.08125,33828.0,185.82559,-7194.0,-199.83333,-1000.0,-27.77778,2.0
1758076058.11212,36249.0,199.12476,33793.0,185.63333,-7445.0,-206.80556,-410.0,-11.38889,2.0
1758076058.11374,36634.0,201.23964,33785.0,185.58939,-7670.0,-213.05556,-4.0,-0.11111,2.0
1758076058.12911,37029.0,203.40948,33786.0,185.59488,-8002.0,-222.27777,0.0,0.0,2.0
1758076058.13034,37441.0,205.67268,33786.0,185.59488,-8117.0,-225.47223,0.0,0.0,2.0
1758076058.14613,37853.0,207.93591,33786.0,185.59488,-8151.0,-226.41667,0.0,0.0,2.0
1758076058.16212,38271.0,210.23209,33785.0,185.58939,-8231.0,-228.63889,0.0,0.0,2.0
1758076058.16371,38679.0,212.47333,33785.0,185.58939,-8008.0,-222.44444,0.0,0.0,2.0
1758076058.17911,39080.0,214.67613,33785.0,185.58939,-7830.0,-217.5,0.0,0.0,2.0
1758076058.18031,39460.0,216.76357,33785.0,185.58939,-7236.0,-201.0,-4.0,-0.11111,2.0
1758076058.19608,39810.0,218.6862,33785.0,185.58939,-6635.0,-184.30556,0.0,0.0,2.0
1758076058.21214,40122.0,220.4001,33785.0,185.58939,-5787.0,-160.75,0.0,0.0,2.0
1758076058.21411,40392.0,221.88327,33785.0,185.58939,-5006.0,-139.05556,0.0,0.0,2.0
1758076058.22903,40628.0,223.17969,33785.0,185.58939,-4374.0,-121.5,-9.0,-0.25,2.0
1758076058.23029,40833.0,224.3058,33783.0,185.5784,-3747.0,-104.08334,-80.0,-2.22222,2.0
1758076058.24617,41005.0,225.25063,33773.0,185.52347,-3108.0,-86.33334,-268.0,-7.44444,2.0
1758076058.26219,41148.0,226.03616,33752.0,185.40811,-2581.0,-71.69444,-596.0,-16.55556,2.0
1758076058.26397,41264.0,226.67337,33709.0,185.17191,-2076.0,-57.66667,-1044.0,-29.0,2.0
1758076058.27916,41357.0,227.18427,33644.0,184.81482,-1612.0,-44.77778,-1406.0,-39.05556,2.0
1758076058.28039,41424.0,227.55231,33564.0,184.37537,-1093.0,-30.36111,-1761.0,-48.91667,2.0
1758076058.29613,41462.0,227.76105,33468.0,183.84802,-526.0,-14.61111,-2021.0,-56.13889,2.0
1758076058.31211,41466.0,227.78302,33358.0,183.24376,182.0,5.05556,-2227.0,-61.86111,2.0
1758076058.31293,41453.0,227.71161,33240.0,182.59557,257.0,7.13889,-2399.0,-66.63889,2.0
1758076058.32811,41436.0,227.61823,33112.0,181.89241,418.0,11.61111,-2565.0,-71.25,2.0
1758076058.34414,41411.0,227.4809,32979.0,181.16182,575.0,15.97222,-2670.0,-74.16666,2.0
1758076058.34491,41375.0,227.28314,32843.0,180.41473,804.0,22.33333,-2678.0,-74.38889,2.0
1758076058.36014,41318.0,226.97,32714.0,179.70612,1471.0,40.86111,-2366.0,-65.72222,2.0
1758076058.36091,41220.0,226.43167,32610.0,179.13481,2281.0,63.36111,-1778.0,-49.38889,2.0
1758076058.37617,41076.0,225.64064,32539.0,178.7448,3233.0,89.80556,-1155.0,-32.08333,2.0
1758076058.3922,40886.0,224.59694,32497.0,178.51408,4130.0,114.72222,-573.0,-15.91667,2.0
1758076058.39497,40656.0,223.3335,32484.0,178.44267,4743.0,131.75,-71.0,-1.97222,2.0
1758076058.41011,40407.0,221.96567,32484.0,178.44267,5016.0,139.33333,-11.0,-0.30556,2.0
1758076058.41074,40151.0,220.5594,32483.0,178.43718,5064.0,140.66667,-54.0,-1.5,2.0
1758076058.42649,39896.0,219.15862,32477.0,178.40422,4937.0,137.13889,-186.0,-5.16667,2.0
1758076058.44211,39653.0,217.82376,32464.0,178.33281,4636.0,128.77777,-292.0,-8.11111,2.0
1758076058.44297,39427.0,216.58229,32448.0,178.24492,4308.0,119.66666,-333.0,-9.25,2.0
1758076058.45909,39213.0,215.40672,32434.0,178.168,4133.0,114.80556,-197.0,-5.47222,2.0
1758076058.46033,39004.0,214.25864,32431.0,178.15152,4130.0,114.72222,13.0,0.36111,2.0
1758076058.47611,38792.0,213.09409,32435.0,178.17349,4290.0,119.16666,105.0,2.91667,2.0
1758076058.49205,38566.0,211.8526,32446.0,178.23392,4638.0,128.83333,293.0,8.13889,2.0
1758076058.49373,38319.0,210.49577,32466.0,178.3438,5093.0,141.47223,498.0,13.83333,2.0
1758076058.50907,38050.0,209.0181,32498.0,178.51958,5400.0,150.0,652.0,18.11111,2.0
1758076058.51035,37779.0,207.52942,32530.0,178.69536,5208.0,144.66667,530.0,14.72222,2.0
1758076058.52609,37526.0,206.13963,32542.0,178.76128,4819.0,133.86111,-4.0,-0.11111,2.0
1758076058.54209,37295.0,204.87068,32536.0,178.72832,4368.0,121.33334,-119.0,-3.30556,2.0
1758076058.54363,37088.0,203.73358,32532.0,178.70634,3885.0,107.91666,-69.0,-1.91667,2.0
1758076058.55902,36904.0,202.72281,32529.0,178.68987,3401.0,94.47222,-26.0,-0.72222,2.0
1758076058.56027,36748.0,201.86588,32529.0,178.68987,2847.0,79.08334,0.0,0.0,2.0
1758076058.57606,36621.0,201.16823,32529.0,178.68987,2282.0,63.38889,0.0,0.0,2.0
1758076058.59206,36519.0,200.60793,32530.0,178.69536,1858.0,51.61111,4.0,0.11111,2.0
1758076058.59385,36431.0,200.12451,32531.0,178.70085,1649.0,45.80556,17.0,0.47222,2.0
1758076058.60912,36345.0,199.6521,32533.0,178.71184,1772.0,49.22222,76.0,2.11111,2.0
1758076058.61036,36245.0,199.10278,32545.0,178.77776,2169.0,60.25,407.0,11.30556,2.0
1758076058.62611,36116.0,198.39413,32585.0,178.99748,2872.0,79.77778,1090.0,30.27778,2.0
1758076058.64211,35947.0,197.46577,32667.0,179.44792,3710.0,103.05556,2047.0,56.86111,2.0
1758076058.64414,35735.0,196.30122,32797.0,180.16205,4524.0,125.66666,2945.0,81.80556,2.0
1758076058.65908,35484.0,194.92241,32968.0,181.10139,5221.0,145.02777,3681.0,102.25,2.0
1758076058.66031,35208.0,193.40628,33168.0,182.20006,5562.0,154.5,4151.0,115.30556,2.0
1758076058.67603,34931.0,191.88463,33386.0,183.39757,5413.0,150.36111,4393.0,122.02778,2.0
1758076058.69208,34666.0,190.42892,33613.0,184.64453,5057.0,140.47223,4533.0,125.91666,2.0
1758076058.69289,34424.0,189.09955,33845.0,185.91898,4534.0,125.94444,4648.0,129.11111,2.0
1758076058.70817,34210.0,187.92401,34083.0,187.22636,3920.0,108.88889,4734.0,131.5,2.0
1758076058.72406,34028.0,186.92424,34329.0,188.5777,3361.0,93.36111,5013.0,139.25,2.0
1758076058.72486,33874.0,186.07828,34592.0,190.02243,2875.0,79.86111,5393.0,149.80556,2.0
1758076058.7402,33740.0,185.34219,34876.0,191.5825,2422.0,67.27778,5781.0,160.58333,2.0
1758076058.74192,33629.0,184.73242,35181.0,193.25795,2078.0,57.72222,6221.0,172.80556,2.0
1758076058.75703,33535.0,184.21606,35512.0,195.07622,1673.0,46.47222,6793.0,188.69444,2.0
1758076058.77312,33460.0,183.80408,35864.0,197.00984,1301.0,36.13889,7036.0,195.44444,2.0
1758076058.77384,33403.0,183.49095,36232.0,199.03137,976.0,27.11111,7430.0,206.38889,2.0
1758076058.7898,33361.0,183.26024,36609.0,201.10231,727.0,20.19444,7467.0,207.41667,2.0
1758076058.79105,33336.0,183.12291,36984.0,203.16226,293.0,8.13889,7391.0,205.30556,2.0
1758076058.80714,33331.0,183.09544,37359.0,205.22224,-36.0,-1.0,7404.0,205.66667,2.0
1758076058.82391,33332.0,183.10094,37724.0,207.22728,0.0,0.0,7099.0,197.19444,2.0
1758076058.82467,33332.0,183.10094,38080.0,209.18289,0.0,0.0,6949.0,193.02777,2.0
1758076058.84014,33332.0,183.10094,38426.0,211.08354,0.0,0.0,6585.0,182.91667,2.0
1758076058.8409,33332.0,183.10094,38747.0,212.84686,0.0,0.0,6183.0,171.75,2.0
1758076058.85606,33335.0,183.11742,39044.0,214.47838,-63.0,-1.75,5529.0,153.58333,2.0
1758076058.87289,33337.0,183.1284,39304.0,215.90663,-12.0,-0.33333,4832.0,134.22223,2.0
1758076058.87373,33337.0,183.1284,39528.0,217.1371,11.0,0.30556,4192.0,116.44444,2.0
1758076058.8891,33336.0,183.12291,39725.0,218.21927,36.0,1.0,3638.0,101.05556,2.0
1758076058.89039,33332.0,183.10094,39896.0,219.15862,112.0,3.11111,3127.0,86.86111,2.0
1758076058.90613,33320.0,183.03502,40041.0,219.95512,346.0,9.61111,2702.0,75.05556,2.0
1758076058.92211,33293.0,182.8867,40165.0,220.63631,719.0,19.97222,2263.0,62.86111,2.0
1758076058.9235,33245.0,182.62303,40270.0,221.21309,1084.0,30.11111,1881.0,52.25,2.0
1758076058.9391,33182.0,182.27696,40354.0,221.67453,1323.0,36.75,1447.0,40.19444,2.0
1758076058.94032,33110.0,181.88142,40409.0,221.97665,1523.0,42.30556,874.0,24.27778,2.0
1758076058.95605,33032.0,181.45296,40435.0,222.11948,1548.0,43.0,228.0,6.33333,2.0
1758076058.97208,32951.0,181.00801,40435.0,222.11948,1621.0,45.02778,-37.0,-1.02778,2.0
1758076058.97285,32877.0,180.6015,40428.0,222.08102,1339.0,37.19444,-274.0,-7.61111,2.0
1758076058.98808,32824.0,180.31036,40398.0,221.91623,836.0,23.22222,-809.0,-22.47222,2.0
1758076059.00413,32804.0,180.2005,40337.0,221.58115,72.0,2.0,-1550.0,-43.05556,2.0
1758076059.00488,32813.0,180.24994,40239.0,221.0428,-259.0,-7.19444,-2216.0,-61.55556,2.0
1758076059.02005,32830.0,180.34332,40108.0,220.3232,-381.0,-10.58333,-2822.0,-78.38889,2.0
1758076059.02127,32848.0,180.4422,39950.0,219.45525,-289.0,-8.02778,-3298.0,-91.61111,2.0
1758076059.03607,32856.0,180.48615,39773.0,218.48294,-26.0,-0.72222,-3630.0,-100.83334,2.0
1758076059.0521,32852.0,180.46417,39584.0,217.44473,161.0,4.47222,-3806.0,-105.72222,2.0
1758076059.0529,32838.0,180.38727,39388.0,216.36806,361.0,10.02778,-3884.0,-107.88889,2.0
1758076059.06815,32816.0,180.26642,39190.0,215.28038,475.0,13.19444,-3942.0,-109.5,2.0
1758076059.08406,32795.0,180.15106,38990.0,214.18173,374.0,10.38889,-3928.0,-109.11111,2.0
1758076059.08489,32778.0,180.05768,38787.0,213.06662,307.0,8.52778,-4030.0,-111.94444,2.0
1758076059.1002,32763.0,179.97528,38578.0,211.91852,299.0,8.30556,-4205.0,-116.80556,2.0
1758076059.10087,32747.0,179.88739,38354.0,210.68803,350.0,9.72222,-4608.0,-128.0,2.0
1758076059.11609,32733.0,179.81049,38107.0,209.33121,205.0,5.69444,-5145.0,-142.91667,2.0
1758076059.13206,32731.0,179.7995,37829.0,207.80408,-97.0,-2.69444,-5712.0,-158.66667,2.0
1758076059.13281,32743.0,179.86542,37527.0,206.14513,-312.0,-8.66667,-6167.0,-171.30556,2.0
1758076059.14811,32762.0,179.96979,37206.0,204.38177,-387.0,-10.75,-6399.0,-177.75,2.0
1758076059.16407,32779.0,180.06317,36890.0,202.6459,-208.0,-5.77778,-5994.0,-166.5,2.0
1758076059.16486,32781.0,180.07416,36608.0,201.09682,112.0,3.11111,-5235.0,-145.41667,2.0
1758076059.18012,32767.0,179.99725,36367.0,199.77295,380.0,10.55556,-4328.0,-120.22222,2.0
1758076059.18089,32742.0,179.85992,36182.0,198.75668,631.0,17.52778,-3147.0,-87.41666,2.0
1758076059.19609,32708.0,179.67316,36055.0,198.05905,664.0,18.44444,-2034.0,-56.5,2.0
1758076059.21211,32680.0,179.51933,35976.0,197.62509,441.0,12.25,-1237.0,-34.36111,2.0
1758076059.21378,32673.0,179.48088,35925.0,197.34492,-90.0,-2.5,-906.0,-25.16667,2.0
1758076059.22902,32693.0,179.59074,35878.0,197.08675,-652.0,-18.11111,-978.0,-27.16667,2.0
1758076059.23062,32751.0,179.90936,35816.0,196.74617,-1540.0,-42.77778,-1474.0,-40.94444,2.0
1758076059.24603,32859.0,180.50262,35714.0,196.18587,-2635.0,-73.19444,-2398.0,-66.61111,2.0
1758076059.26215,33027.0,181.42549,35566.0,195.37285,-3822.0,-106.16666,-3333.0,-92.58334,2.0
1758076059.26409,33252.0,182.66148,35371.0,194.30167,-4892.0,-135.88889,-4173.0,-115.91666,2.0
1758076059.27929,33524.0,184.15564,35143.0,193.04921,-5697.0,-158.25,-4654.0,-129.27777,2.0
1758076059.2804,33827.0,185.8201,34902.0,191.72533,-6120.0,-170.0,-4793.0,-133.13889,2.0
1758076059.29608,34142.0,187.55046,34659.0,190.39047,-6316.0,-175.44444,-4713.0,-130.91667,2.0
1758076059.31211,34464.0,189.31931,34427.0,189.11603,-6372.0,-177.0,-4389.0,-121.91666,2.0
1758076059.31288,34783.0,191.07164,34220.0,187.97894,-6240.0,-173.33333,-3780.0,-105.0,2.0
1758076059.32815,35096.0,192.79103,34046.0,187.02312,-6148.0,-170.77777,-3158.0,-87.72222,2.0
1758076059.34409,35408.0,194.50491,33905.0,186.24857,-6171.0,-171.41667,-2564.0,-71.22222,2.0
1758076059.34514,35721.0,196.22432,33789.0,185.61136,-6186.0,-171.83333,-2050.0,-56.94444,2.0
1758076059.3601,36037.0,197.96017,33698.0,185.11148,-6319.0,-175.52777,-1652.0,-45.88889,2.0
1758076059.3613,36365.0,199.76196,33627.0,184.72144,-6598.0,-183.27777,-1219.0,-33.86111,2.0
1758076059.37616,36701.0,201.60768,33572.0,184.41931,-6663.0,-185.08333,-977.0,-27.13889,2.0
1758076059.3921,37046.0,203.50287,33534.0,184.21057,-6943.0,-192.86111,-579.0,-16.08333,2.0
1758076059.39287,37398.0,205.43648,33517.0,184.11719,-6909.0,-191.91667,-210.0,-5.83333,2.0
1758076059.4081,37745.0,207.34264,33514.0,184.10071,-6849.0,-190.25,3.0,0.08333,2.0
1758076059.42412,38095.0,209.26529,33514.0,184.10071,-6789.0,-188.58333,0.0,0.0,2.0
1758076059.42578,38433.0,211.12199,33514.0,184.10071,-6555.0,-182.08333,0.0,0.0,2.0
1758076059.44108,38756.0,212.8963,33514.0,184.10071,-6273.0,-174.25,0.0,0.0,2.0
1758076059.44185,39067.0,214.60472,33514.0,184.10071,-6007.0,-166.86111,0.0,0.0,2.0
1758076059.45816,39348.0,216.14833,33516.0,184.11169,-5146.0,-142.94444,29.0,0.80556,2.0
1758076059.47409,39585.0,217.45023,33516.0,184.11169,-4372.0,-121.44444,0.0,0.0,2.0
1758076059.47527,39787.0,218.55984,33516.0,184.11169,-3740.0,-103.88889,0.0,0.0,2.0
1758076059.4901,39958.0,219.49919,33516.0,184.11169,-3131.0,-86.97222,-8.0,-0.22222,2.0
1758076059.49086,40102.0,220.29024,33515.0,184.1062,-2631.0,-73.08334,-15.0,-0.41667,2.0
1758076059.50603,40225.0,220.9659,33514.0,184.10071,-2268.0,-63.0,-33.0,-0.91667,2.0
1758076059.52205,40332.0,221.55368,33511.0,184.08423,-1993.0,-55.36111,-71.0,-1.97222,2.0
1758076059.52363,40429.0,222.08652,33505.0,184.05127,-1837.0,-51.02778,-193.0,-5.36111,2.0
1758076059.53909,40516.0,222.56442,33490.0,183.96887,-1653.0,-45.91667,-350.0,-9.72222,2.0
1758076059.54025,40592.0,222.98193,33466.0,183.83704,-1369.0,-38.02778,-581.0,-16.13889,2.0
1758076059.55608,40655.0,223.328,33431.0,183.64478,-1106.0,-30.72222,-790.0,-21.94444,2.0
1758076059.5721,40698.0,223.56421,33392.0,183.43053,-625.0,-17.36111,-739.0,-20.52778,2.0
1758076059.57372,40714.0,223.6521,33354.0,183.22179,-63.0,-1.75,-780.0,-21.66667,2.0
1758076059.58903,40709.0,223.62463,33313.0,182.99657,160.0,4.44444,-850.0,-23.61111,2.0
1758076059.59029,40697.0,223.55872,33269.0,182.75487,259.0,7.19444,-868.0,-24.11111,2.0
1758076059.6061,40673.0,223.42688,33235.0,182.5681,700.0,19.44444,-551.0,-15.30556,2.0
1758076059.62213,40616.0,223.11377,33218.0,182.47472,1403.0,38.97222,-164.0,-4.55556,2.0
1758076059.62367,40523.0,222.60287,33218.0,182.47472,2196.0,61.0,9.0,0.25,2.0
1758076059.63906,40388.0,221.8613,33219.0,182.48021,3043.0,84.52778,4.0,0.11111,2.0
1758076059.64031,40212.0,220.89449,33220.0,182.4857,3811.0,105.86111,0.0,0.0,2.0
1758076059.65607,39998.0,219.71892,33219.0,182.48021,4527.0,125.75,-21.0,-0.58333,2.0
1758076059.67207,39754.0,218.37857,33218.0,182.47472,5049.0,140.25,-55.0,-1.52778,2.0
1758076059.67389,39490.0,216.92836,33212.0,182.44176,5322.0,147.83333,-189.0,-5.25,2.0
1758076059.68908,39216.0,215.4232,33197.0,182.35936,5482.0,152.27777,-396.0,-11.0,2.0
1758076059.69032,38934.0,213.87411,33176.0,182.244,5590.0,155.27777,-420.0,-11.66667,2.0
1758076059.70606,38654.0,212.336,33159.0,182.15062,5500.0,152.77777,-268.0,-7.44444,2.0
1758076059.72205,38376.0,210.80888,33152.0,182.11217,5532.0,153.66667,-6.0,-0.16667,2.0
1758076059.72326,38091.0,209.24332,33157.0,182.13963,5702.0,158.38889,158.0,4.38889,2.0
1758076059.73906,37795.0,207.61731,33167.0,182.19456,5998.0,166.61111,194.0,5.38889,2.0
1758076059.74034,37478.0,205.87593,33173.0,182.22752,6466.0,179.61111,1.0,0.02778,2.0
1758076059.75607,37139.0,204.01373,33171.0,182.21654,6541.0,181.69444,-28.0,-0.77778,2.0
1758076059.77207,36827.0,202.29984,33170.0,182.21104,5793.0,160.91667,-26.0,-0.72222,2.0
1758076059.77288,36562.0,200.84413,33166.0,182.18907,4866.0,135.16667,-157.0,-4.36111,2.0
1758076059.78806,36342.0,199.63562,33153.0,182.11766,3950.0,109.72222,-362.0,-10.05556,2.0
1758076059.80419,36170.0,198.69077,33127.0,181.97481,3004.0,83.44444,-612.0,-17.0,2.0
1758076059.80488,36041.0,197.98215,33095.0,181.79903,2186.0,60.72222,-673.0,-18.69444,2.0
1758076059.82008,35948.0,197.47127,33060.0,181.60677,1572.0,43.66667,-686.0,-19.05556,2.0
1758076059.82125,35884.0,197.11971,33033.0,181.45845,1054.0,29.27778,-386.0,-10.72222,2.0
1758076059.83643,35841.0,196.8835,33024.0,181.40901,685.0,19.02778,0.0,0.0,2.0
1758076059.85209,35818.0,196.75716,33026.0,181.42,308.0,8.55556,-4.0,-0.11111,2.0
1758076059.85377,35810.0,196.71321,33027.0,181.42549,59.0,1.63889,8.0,0.22222,2.0
1758076059.86906,35807.0,196.69673,33028.0,181.43098,100.0,2.77778,29.0,0.80556,2.0
1758076059.87033,35795.0,196.63081,33030.0,181.44197,383.0,10.63889,67.0,1.86111,2.0
1758076059.88607,35762.0,196.44954,33041.0,181.5024,874.0,24.27778,382.0,10.61111,2.0
1758076059.90213,35697.0,196.09245,33074.0,181.68367,1614.0,44.83333,818.0,22.72222,2.0
1758076059.90343,35594.0,195.52666,33129.0,181.98579,2362.0,65.61111,1368.0,38.0,2.0
1758076059.91807,35453.0,194.75211,33215.0,182.45824,3122.0,86.72222,1928.0,53.55556,2.0
1758076059.93407,35277.0,193.78531,33325.0,183.06248,3709.0,103.02778,2368.0,65.77778,2.0
1758076059.93486,35076.0,192.68117,33453.0,183.76562,4141.0,115.02778,2672.0,74.22222,2.0
1758076059.95007,34859.0,191.48912,33593.0,184.53467,4360.0,121.11111,2863.0,79.52778,2.0
1758076059.95087,34632.0,190.24216,33742.0,185.35318,4523.0,125.63889,2985.0,82.91666,2.0
1758076059.96607,34403.0,188.98419,33897.0,186.20462,4520.0,125.55556,3093.0,85.91666,2.0
1758076059.98209,34176.0,187.73724,34056.0,187.07805,4404.0,122.33334,3191.0,88.63889,2.0
1758076059.98289,33957.0,186.53423,34221.0,187.98444,4261.0,118.36111,3316.0,92.11111,2.0
1758076059.99811,33744.0,185.36417,34396.0,188.94574,4141.0,115.02778,3579.0,99.41666,2.0
1758076060.0141,33536.0,184.22156,34586.0,189.98947,4012.0,111.44444,3940.0,109.44444,2.0
1758076060.01489,33338.0,183.1339,34796.0,191.14305,3844.0,106.77778,4308.0,119.66666,2.0
1758076060.03009,33153.0,182.11766,35024.0,192.39552,3520.0,97.77778,4691.0,130.30556,2.0
1758076060.0309,32986.0,181.20027,35271.0,193.75235,3108.0,86.33334,5044.0,140.11111,2.0
1758076060.0461,32843.0,180.41473,35534.0,195.19707,2591.0,71.97222,5325.0,147.91667,2.0
1758076060.06212,32729.0,179.78851,35806.0,196.69124,1991.0,55.30556,5373.0,149.25,2.0
1758076060.06329,32648.0,179.34355,36080.0,198.19638,1294.0,35.94444,5443.0,151.19444,2.0
1758076060.07817,32599.0,179.07439,36357.0,199.71802,769.0,21.36111,5502.0,152.83333,2.0
1758076060.09417,32574.0,178.93706,36633.0,201.23415,237.0,6.58333,5415.0,150.41667,2.0
1758076060.09491,32572.0,178.92607,36906.0,202.7338,-56.0,-1.55556,5388.0,149.66667,2.0
1758076060.11016,32573.0,178.93156,37182.0,204.24994,4.0,0.11111,5460.0,151.66667,2.0
1758076060.11129,32573.0,178.93156,37461.0,205.78255,0.0,0.0,5475.0,152.08333,2.0
1758076060.12614,32573.0,178.93156,37737.0,207.29869,0.0,0.0,5433.0,150.91667,2.0
1758076060.14215,32573.0,178.93156,38010.0,208.79834,0.0,0.0,5360.0,148.88889,2.0
1758076060.1441,32575.0,178.94255,38267.0,210.21011,-69.0,-1.91667,4839.0,134.41667,2.0
1758076060.15913,32578.0,178.95903,38493.0,211.45158,-40.0,-1.11111,4221.0,117.25,2.0
1758076060.16034,32579.0,178.96452,38692.0,212.54474,5.0,0.13889,3736.0,103.77778,2.0
1758076060.17616,32578.0,178.95903,38869.0,213.51706,3.0,0.08333,3342.0,92.83334,2.0
1758076060.19209,32578.0,178.95903,39026.0,214.37949,19.0,0.52778,2933.0,81.47222,2.0
1758076060.1937,32576.0,178.94804,39167.0,215.15404,34.0,0.94444,2613.0,72.58334,2.0
1758076060.20904,32574.0,178.93706,39291.0,215.83519,66.0,1.83333,2356.0,65.44444,2.0
1758076060.21026,32568.0,178.9041,39402.0,216.44496,166.0,4.61111,2069.0,57.47222,2.0
1758076060.22606,32558.0,178.84917,39498.0,216.97231,221.0,6.13889,1792.0,49.77778,2.0
1758076060.24204,32540.0,178.75029,39580.0,217.42276,457.0,12.69444,1474.0,40.94444,2.0
1758076060.24289,32510.0,178.58549,39643.0,217.76883,698.0,19.38889,1106.0,30.72222,2.0
1758076060.25903,32476.0,178.39873,39678.0,217.96109,660.0,18.33333,363.0,10.08333,2.0
1758076060.26028,32449.0,178.25041,39676.0,217.9501,396.0,11.0,-128.0,-3.55556,2.0
1758076060.27603,32441.0,178.20645,39662.0,217.8732,0.0,0.0,-417.0,-11.58333,2.0
1758076060.29206,32449.0,178.25041,39630.0,217.69742,-187.0,-5.19444,-816.0,-22.66667,2.0
1758076060.29288,32462.0,178.32182,39573.0,217.38431,-274.0,-7.61111,-1387.0,-38.52778,2.0
1758076060.30803,32477.0,178.40422,39485.0,216.90089,-327.0,-9.08333,-1971.0,-54.75,2.0
1758076060.32404,32494.0,178.4976,39369.0,216.26369,-345.0,-9.58333,-2560.0,-71.11111,2.0
1758076060.32483,32513.0,178.60197,39223.0,215.46165,-362.0,-10.05556,-3076.0,-85.44444,2.0
1758076060.34005,32530.0,178.69536,39051.0,214.51683,-301.0,-8.36111,-3591.0,-99.75,2.0
1758076060.34084,32545.0,178.77776,38857.0,213.45114,-245.0,-6.80556,-4016.0,-111.55556,2.0
1758076060.35607,32554.0,178.82719,38646.0,212.29205,-124.0,-3.44444,-4286.0,-119.05556,2.0
1758076060.3721,32557.0,178.84367,38426.0,211.08354,-43.0,-1.19444,-4425.0,-122.91666,2.0
1758076060.3732,32561.0,178.86565,38197.0,209.82559,-128.0,-3.55556,-4657.0,-129.36111,2.0
1758076060.3881,32579.0,178.96452,37954.0,208.49072,-544.0,-15.11111,-4949.0,-137.47223,2.0
1758076060.40404,32613.0,179.15129,37695.0,207.06798,-701.0,-19.47222,-5317.0,-147.69444,2.0
1758076060.40486,32648.0,179.34355,37410.0,205.5024,-661.0,-18.36111,-5880.0,-163.33333,2.0
1758076060.42005,32685.0,179.5468,37090.0,203.74457,-796.0,-22.11111,-6667.0,-185.19444,2.0
1758076060.42122,32735.0,179.82147,36743.0,201.83841,-1122.0,-31.16667,-7001.0,-194.47223,2.0
1758076060.43647,32792.0,180.13458,36393.0,199.91577,-1106.0,-30.72222,-6785.0,-188.47223,2.0
1758076060.45212,32842.0,180.40924,36071.0,198.14694,-798.0,-22.16667,-5935.0,-164.86111,2.0
1758076060.45284,32860.0,180.50812,35805.0,196.68575,25.0,0.69444,-4733.0,-131.47223,2.0
1758076060.4681,32838.0,180.38727,35595.0,195.53215,717.0,19.91667,-3702.0,-102.83334,2.0
1758076060.48414,32785.0,180.09613,35434.0,194.64774,1271.0,35.30556,-2760.0,-76.66666,2.0
1758076060.48532,32709.0,179.67865,35318.0,194.01053,1630.0,45.27778,-1947.0,-54.08333,2.0
1758076060.5001,32626.0,179.2227,35235.0,193.5546,1564.0,43.44444,-1407.0,-39.08333,2.0
1758076060.50087,32555.0,178.83269,35175.0,193.22499,1203.0,33.41667,-1090.0,-30.27778,2.0
1758076060.516,32511.0,178.59099,35123.0,192.93935,610.0,16.94444,-997.0,-27.69444,2.0
1758076060.53218,32502.0,178.54155,35073.0,192.66469,-106.0,-2.94444,-966.0,-26.83333,2.0
1758076060.53299,32516.0,178.61845,35020.0,192.37355,-366.0,-10.16667,-1112.0,-30.88889,2.0
1758076060.54812,32542.0,178.76128,34962.0,192.05495,-639.0,-17.75,-1147.0,-31.86111,2.0
1758076060.56419,32584.0,178.99199,34905.0,191.74181,-999.0,-27.75,-1103.0,-30.63889,2.0
1758076060.56489,32639.0,179.29411,34849.0,191.43419,-1122.0,-31.16667,-1067.0,-29.63889,2.0
1758076060.58012,32702.0,179.64018,34798.0,191.15404,-1311.0,-36.41667,-939.0,-26.08333,2.0
1758076060.58128,32773.0,180.03021,34751.0,190.89586,-1431.0,-39.75,-953.0,-26.47222,2.0
1758076060.59614,32850.0,180.45319,34701.0,190.6212,-1608.0,-44.66667,-956.0,-26.55556,2.0
1758076060.61218,32936.0,180.92561,34650.0,190.34103,-1787.0,-49.63889,-1088.0,-30.22222,2.0
1758076060.61326,33036.0,181.47493,34589.0,190.00595,-2066.0,-57.38889,-1302.0,-36.16667,2.0
1758076060.62816,33152.0,182.11217,34519.0,189.62143,-2448.0,-68.0,-1452.0,-40.33333,2.0
1758076060.64405,33286.0,182.84825,34439.0,189.18198,-2813.0,-78.13889,-1679.0,-46.63889,2.0
1758076060.64486,33440.0,183.69421,34347.0,188.67657,-3235.0,-89.86111,-1946.0,-54.05556,2.0
1758076060.66017,33617.0,184.6665,34243.0,188.10529,-3675.0,-102.08334,-2125.0,-59.02778,2.0
1758076060.66089,33814.0,185.74869,34129.0,187.47905,-4059.0,-112.75,-2327.0,-64.63889,2.0
1758076060.67611,34031.0,186.94072,34005.0,186.7979,-4484.0,-124.55556,-2478.0,-68.83334,2.0
1758076060.69214,34272.0,188.26459,33874.0,186.07828,-4963.0,-137.86111,-2629.0,-73.02778,2.0
1758076060.69288,34536.0,189.71481,33739.0,185.3367,-5415.0,-150.41667,-2664.0,-74.0,2.0
1758076060.70805,34819.0,191.26939,33605.0,184.60059,-5757.0,-159.91667,-2620.0,-72.77778,2.0
1758076060.72412,35120.0,192.92287,33477.0,183.89746,-6092.0,-169.22223,-2420.0,-67.22222,2.0
1758076060.72485,35439.0,194.6752,33361.0,183.26024,-6441.0,-178.91667,-2127.0,-59.08333,2.0
1758076060.74013,35768.0,196.4825,33264.0,182.7274,-6523.0,-181.19444,-1744.0,-48.44444,2.0
1758076060.74093,36103.0,198.32272,33188.0,182.30992,-6739.0,-187.19444,-1346.0,-37.38889,2.0
1758076060.75606,36451.0,200.23438,33133.0,182.00777,-6922.0,-192.27777,-861.0,-23.91667,2.0
1758076060.7727,36807.0,202.18997,33104.0,181.84846,-7002.0,-194.5,-382.0,-10.61111,2.0
1758076060.77307,37164.0,204.15106,33096.0,181.80452,-7102.0,-197.27777,0.0,0.0,2.0
1758076060.78819,37523.0,206.12315,33096.0,181.80452,-7017.0,-194.91667,0.0,0.0,2.0
1758076060.80412,37873.0,208.04578,33096.0,181.80452,-6876.0,-191.0,0.0,0.0,2.0
1758076060.80493,38218.0,209.94095,33096.0,181.80452,-6747.0,-187.41667,0.0,0.0,2.0
1758076060.82009,38546.0,211.74274,33096.0,181.80452,-6255.0,-173.75,0.0,0.0,2.0
1758076060.82123,38854.0,213.43466,33096.0,181.80452,-5964.0,-165.66667,0.0,0.0,2.0
1758076060.83605,39133.0,214.96727,33098.0,181.81551,-5140.0,-142.77777,25.0,0.69444,2.0
1758076060.85221,39364.0,216.23622,33098.0,181.81551,-4182.0,-116.16666,0.0,0.0,2.0
1758076060.85335,39552.0,217.26895,33098.0,181.81551,-3406.0,-94.61111,0.0,0.0,2.0
1758076060.86814,39706.0,218.1149,33098.0,181.81551,-2765.0,-76.80556,0.0,0.0,2.0
1758076060.88405,39833.0,218.81255,33098.0,181.81551,-2289.0,-63.58333,-7.0,-0.19444,2.0
1758076060.88489,39938.0,219.38933,33097.0,181.81001,-1926.0,-53.5,-18.0,-0.5,2.0
1758076060.90011,40031.0,219.90019,33096.0,181.80452,-1764.0,-49.0,-57.0,-1.58333,2.0
1758076060.90088,40114.0,220.35616,33089.0,181.76607,-1609.0,-44.69444,-193.0,-5.36111,2.0
1758076060.91606,40193.0,220.79012,33073.0,181.67818,-1495.0,-41.52778,-367.0,-10.19444,2.0
1758076060.93218,40266.0,221.19112,33047.0,181.53535,-1407.0,-39.08333,-598.0,-16.61111,2.0
1758076060.93284,40330.0,221.54269,33016.0,181.36507,-1155.0,-32.08333,-620.0,-17.22222,2.0
1758076060.94813,40381.0,221.82285,32988.0,181.21126,-922.0,-25.61111,-533.0,-14.80556,2.0
1758076060.96416,40419.0,222.03159,32962.0,181.06844,-566.0,-15.72222,-470.0,-13.05556,2.0
1758076060.96484,40431.0,222.0975,32937.0,180.93111,-4.0,-0.11111,-480.0,-13.33333,2.0
1758076060.98014,40418.0,222.02609,32920.0,180.83772,446.0,12.38889,-181.0,-5.02778,2.0
1758076060.9814,40381.0,221.82285,32919.0,180.83223,914.0,25.38889,0.0,0.0,2.0
1758076060.99616,40315.0,221.46028,32921.0,180.84322,1602.0,44.5,28.0,0.77778,2.0
1758076061.01212,40209.0,220.87801,32924.0,180.8597,2450.0,68.05556,89.0,2.47222,2.0
1758076061.01378,40059.0,220.054,32933.0,180.90913,3325.0,92.36111,188.0,5.22222,2.0
1758076061.02938,39865.0,218.98833,32943.0,180.96407,4182.0,116.16666,228.0,6.33333,2.0
1758076061.03076,39632.0,217.7084,32956.0,181.03548,4872.0,135.33333,217.0,6.02778,2.0
1758076061.0461,39370.0,216.26918,32965.0,181.08492,5366.0,149.05556,128.0,3.55556,2.0
1758076061.06211,39084.0,214.6981,32969.0,181.10689,5868.0,163.0,34.0,0.94444,2.0
1758076061.06415,38780.0,213.02814,32969.0,181.10689,6082.0,168.94444,-19.0,-0.52778,2.0
1758076061.07903,38475.0,211.35271,32968.0,181.10139,5926.0,164.61111,-19.0,-0.52778,2.0
1758076061.08034,38176.0,209.71024,32968.0,181.10139,5927.0,164.63889,6.0,0.16667,2.0
1758076061.0961,37876.0,208.06226,32969.0,181.10689,5961.0,165.58333,53.0,1.47222,2.0
1758076061.11213,37569.0,206.37584,32976.0,181.14534,6057.0,168.25,212.0,5.88889,2.0
1758076061.11296,37247.0,204.60699,32996.0,181.2552,6618.0,183.83333,564.0,15.66667,2.0
1758076061.12817,36905.0,202.7283,33037.0,181.48042,6722.0,186.72223,964.0,26.77778,2.0
1758076061.15441,36572.0,200.89906,33085.0,181.74409,6429.0,178.58333,765.0,21.25,2.0
1758076061.15465,36263.0,199.20166,33101.0,181.83199,5772.0,160.33333,-71.0,-1.97222,2.0
1758076061.16016,36000.0,197.75693,33086.0,181.74959,4693.0,130.36111,-409.0,-11.36111,2.0
1758076061.16096,35798.0,196.64729,33055.0,181.5793,3391.0,94.19444,-753.0,-20.91667,2.0
1758076061.17603,35662.0,195.90019,33013.0,181.34859,2160.0,60.0,-872.0,-24.22222,2.0
1758076061.19218,35583.0,195.46623,32967.0,181.0959,1079.0,29.97222,-933.0,-25.91667,2.0
1758076061.19291,35555.0,195.31242,32921.0,180.84322,188.0,5.22222,-852.0,-23.66667,2.0
1758076061.20804,35558.0,195.3289,32890.0,180.67291,-135.0,-3.75,-340.0,-9.44444,2.0
1758076061.22412,35559.0,195.3344,32891.0,180.67841,73.0,2.02778,196.0,5.44444,2.0
1758076061.22527,35552.0,195.29594,32906.0,180.76082,227.0,6.30556,392.0,10.88889,2.0
1758076061.24011,35530.0,195.17509,32940.0,180.94759,619.0,17.19444,902.0,25.05556,2.0
1758076061.24093,35479.0,194.89494,33009.0,181.32661,1333.0,37.02778,1727.0,47.97222,2.0
1758076061.25613,35390.0,194.40604,33123.0,181.95284,2085.0,57.91667,2641.0,73.36111,2.0
1758076061.2729,35263.0,193.7084,33284.0,182.83727,2814.0,78.16666,3510.0,97.5,2.0
1758076061.27374,35103.0,192.82948,33482.0,183.92493,3343.0,92.86111,4185.0,116.25,2.0
1758076061.28911,34922.0,191.83519,33707.0,185.16092,3693.0,102.58334,4655.0,129.30556,2.0
1758076061.29028,34733.0,190.79698,33949.0,186.49028,3764.0,104.55556,4865.0,135.13889,2.0
1758076061.30609,34545.0,189.76425,34196.0,187.84711,3684.0,102.33334,4893.0,135.91667,2.0
1758076061.32211,34366.0,188.78094,34446.0,189.22043,3405.0,94.58334,4900.0,136.11111,2.0
1758076061.32372,34200.0,187.86908,34696.0,190.59373,3113.0,86.47222,4943.0,137.30556,2.0
1758076061.33912,34048.0,187.0341,34948.0,191.97804,2893.0,80.36111,4970.0,138.05556,2.0
1758076061.34064,33909.0,186.27054,35206.0,193.39529,2646.0,73.5,5194.0,144.27777,2.0
1758076061.3561,33781.0,185.56741,35479.0,194.89494,2387.0,66.30556,5520.0,153.33333,2.0
1758076061.3721,33669.0,184.95218,35765.0,196.46602,2082.0,57.83333,5752.0,159.77777,2.0
1758076061.37327,33573.0,184.4248,36061.0,198.09201,1705.0,47.36111,5942.0,165.05556,2.0
1758076061.38813,33500.0,184.0238,36369.0,199.78394,1275.0,35.41667,6167.0,171.30556,2.0
1758076061.40413,33452.0,183.76013,36680.0,201.49232,719.0,19.97222,6142.0,170.61111,2.0
1758076061.40491,33429.0,183.63379,36988.0,203.18423,231.0,6.41667,6085.0,169.02777,2.0
1758076061.42013,33428.0,183.6283,37297.0,204.88167,-43.0,-1.19444,6080.0,168.88889,2.0
1758076061.42126,33429.0,183.63379,37600.0,206.54613,0.0,0.0,5897.0,163.80556,2.0
1758076061.43628,33429.0,183.63379,37892.0,208.15015,0.0,0.0,5719.0,158.86111,2.0
1758076061.45214,33429.0,183.63379,38177.0,209.71573,0.0,0.0,5517.0,153.25,2.0
1758076061.45376,33429.0,183.63379,38445.0,211.18791,0.0,0.0,5147.0,142.97223,2.0
1758076061.4691,33430.0,183.63928,38688.0,212.52277,-37.0,-1.02778,4547.0,126.30556,2.0
1758076061.47064,33431.0,183.64478,38902.0,213.69833,0.0,0.0,4011.0,111.41666,2.0
1758076061.48607,33431.0,183.64478,39089.0,214.72557,7.0,0.19444,3498.0,97.16666,2.0
1758076061.50213,33430.0,183.63928,39254.0,215.63194,24.0,0.66667,3061.0,85.02778,2.0
1758076061.50328,33427.0,183.6228,39401.0,216.43947,86.0,2.38889,2756.0,76.55556,2.0
1758076061.51813,33418.0,183.57336,39532.0,217.15907,285.0,7.91667,2493.0,69.25,2.0
1758076061.53405,33397.0,183.45799,39652.0,217.81827,514.0,14.27778,2261.0,62.80556,2.0
1758076061.53474,33361.0,183.26024,39757.0,218.39505,840.0,23.33333,1970.0,54.72222,2.0
1758076061.55007,33316.0,183.01305,39849.0,218.90044,944.0,26.22222,1612.0,44.77778,2.0
1758076061.55127,33261.0,182.71092,39918.0,219.27946,1173.0,32.58333,1198.0,33.27778,2.0
1758076061.56607,33198.0,182.36485,39965.0,219.53764,1275.0,35.41667,659.0,18.30556,2.0
1758076061.58209,33131.0,181.99678,39977.0,219.60356,1374.0,38.16667,-13.0,-0.36111,2.0
1758076061.58378,33060.0,181.60677,39976.0,219.59807,1410.0,39.16667,0.0,0.0,2.0
1758076061.59912,32988.0,181.21126,39975.0,219.59258,1457.0,40.47222,-6.0,-0.16667,2.0
1758076061.60036,32918.0,180.82674,39974.0,219.58708,1302.0,36.16667,-52.0,-1.44444,2.0
1758076061.61623,32857.0,180.49164,39970.0,219.56511,1145.0,31.80556,-108.0,-3.0,2.0
1758076061.63215,32812.0,180.24445,39954.0,219.47722,598.0,16.61111,-471.0,-13.08333,2.0
1758076061.63416,32803.0,180.19501,39918.0,219.27946,-116.0,-3.22222,-906.0,-25.16667,2.0
1758076061.64915,32819.0,180.2829,39855.0,218.9334,-420.0,-11.66667,-1474.0,-40.94444,2.0
1758076061.65034,32848.0,180.4422,39759.0,218.40604,-666.0,-18.5,-2168.0,-60.22222,2.0
1758076061.66608,32884.0,180.63995,39632.0,217.7084,-693.0,-19.25,-2745.0,-76.25,2.0
1758076061.6821,32918.0,180.82674,39477.0,216.85695,-598.0,-16.61111,-3259.0,-90.52778,2.0
1758076061.68334,32943.0,180.96407,39300.0,215.88466,-410.0,-11.38889,-3649.0,-101.36111,2.0
1758076061.69808,32960.0,181.05745,39107.0,214.82445,-253.0,-7.02778,-3941.0,-109.47222,2.0
1758076061.71412,32967.0,181.0959,38904.0,213.70932,-40.0,-1.11111,-4085.0,-113.47222,2.0
1758076061.715,32964.0,181.07942,38697.0,212.5722,101.0,2.80556,-4060.0,-112.77778,2.0
1758076061.73009,32961.0,181.06294,38493.0,211.45158,-9.0,-0.25,-4012.0,-111.44444,2.0
1758076061.73098,32967.0,181.0959,38287.0,210.31999,-143.0,-3.97222,-4097.0,-113.80556,2.0
1758076061.74609,32973.0,181.12886,38075.0,209.15543,-109.0,-3.02778,-4280.0,-118.88889,2.0
1758076061.76211,32980.0,181.16731,37847.0,207.90295,-159.0,-4.41667,-4630.0,-128.61111,2.0
1758076061.76371,32989.0,181.21675,37601.0,206.55162,-165.0,-4.58333,-5038.0,-139.94444,2.0
1758076061.77909,32996.0,181.2552,37325.0,205.03548,-150.0,-4.16667,-5754.0,-159.83333,2.0
1758076061.78034,33012.0,181.34309,37012.0,203.3161,-479.0,-13.30556,-6405.0,-177.91667,2.0
1758076061.79608,33048.0,181.54085,36667.0,201.42091,-909.0,-25.25,-7009.0,-194.69444,2.0
1758076061.81323,33104.0,181.84846,36310.0,199.45984,-1218.0,-33.83333,-7007.0,-194.63889,2.0
1758076061.81373,33163.0,182.17259,35973.0,197.60861,-1015.0,-28.19444,-6310.0,-175.27777,2.0
1758076061.82913,33200.0,182.37584,35677.0,195.98259,-511.0,-14.19444,-5488.0,-152.44444,2.0
1758076061.83037,33208.0,182.41978,35426.0,194.60379,139.0,3.86111,-4539.0,-126.08334,2.0
1758076061.84606,33192.0,182.33189,35228.0,193.51614,403.0,11.19444,-3420.0,-95.0,2.0
1758076061.86406,33169.0,182.20555,35088.0,192.74709,452.0,12.55556,-2277.0,-63.25,2.0
1758076061.86446,33146.0,182.07918,34998.0,192.2527,415.0,11.52778,-1438.0,-39.94444,2.0
1758076061.88015,33133.0,182.00777,34941.0,191.93956,33.0,0.91667,-939.0,-26.08333,2.0
1758076061.88104,33145.0,182.07368,34898.0,191.70335,-436.0,-12.11111,-910.0,-25.27778,2.0
1758076061.89694,33189.0,182.31541,34841.0,191.39024,-1249.0,-34.69444,-1281.0,-35.58333,2.0
1758076061.91398,33281.0,182.82079,34760.0,190.9453,-2277.0,-63.25,-1867.0,-51.86111,2.0
1758076061.91514,33426.0,183.61731,34647.0,190.32455,-3318.0,-92.16666,-2510.0,-69.72222,2.0
1758076061.93012,33620.0,184.68298,34502.0,189.52805,-4209.0,-116.91666,-3081.0,-85.58334,2.0
1758076061.93219,33851.0,185.95193,34336.0,188.61615,-4811.0,-133.63889,-3420.0,-95.0,2.0
1758076061.94967,34108.0,187.36369,34162.0,187.66032,-5266.0,-146.27777,-3428.0,-95.22222,2.0
1758076061.95036,34384.0,188.87982,33991.0,186.72099,-5616.0,-156.0,-3272.0,-90.88889,2.0
1758076061.96696,34674.0,190.47287,33829.0,185.83109,-5770.0,-160.27777,-3104.0,-86.22222,2.0
1758076062.00188,34970.0,192.09889,33681.0,185.0181,-5921.0,-164.47223,-2800.0,-77.77778,2.0
1758076062.00265,35275.0,193.77432,33551.0,184.30396,-6127.0,-170.19444,-2408.0,-66.88889,2.0
1758076062.00689,35588.0,195.4937,33441.0,183.69971,-6193.0,-172.02777,-2027.0,-56.30556,2.0
1758076062.00775,35904.0,197.22957,33350.0,183.19981,-6329.0,-175.80556,-1614.0,-44.83333,2.0
1758076062.02392,36232.0,199.03137,33276.0,182.79332,-6594.0,-183.16667,-1322.0,-36.72222,2.0
1758076062.02475,36573.0,200.90456,33219.0,182.48021,-6831.0,-189.75,-1017.0,-28.25,2.0
1758076062.041,36925.0,202.83817,33173.0,182.22752,-7041.0,-195.58333,-822.0,-22.83333,2.0
1758076062.04595,37290.0,204.84322,33139.0,182.04073,-7301.0,-202.80556,-508.0,-14.11111,2.0
1758076062.0647,37654.0,206.84276,33122.0,181.94734,-7136.0,-198.22223,-178.0,-4.94444,2.0
1758076062.06514,38017.0,208.83682,33121.0,181.94185,-7187.0,-199.63889,0.0,0.0,2.0
1758076062.08355,38375.0,210.80339,33121.0,181.94185,-6932.0,-192.55556,0.0,0.0,2.0
1758076062.08426,38718.0,212.68756,33121.0,181.94185,-6665.0,-185.13889,4.0,0.11111,2.0
1758076062.10093,39038.0,214.4454,33122.0,181.94734,-5989.0,-166.36111,22.0,0.61111,2.0
1758076062.10179,39317.0,215.97804,33123.0,181.95284,-5113.0,-142.02777,0.0,0.0,2.0
1758076062.12013,39552.0,217.26895,33123.0,181.95284,-4348.0,-120.77778,0.0,0.0,2.0
1758076062.12211,39757.0,218.39505,33123.0,181.95284,-3783.0,-105.08334,0.0,0.0,2.0
1758076062.13716,39933.0,219.36186,33123.0,181.95284,-3278.0,-91.05556,0.0,0.0,2.0
1758076062.15589,40091.0,220.22981,33122.0,181.94734,-2947.0,-81.86111,-18.0,-0.5,2.0
1758076062.1563,40234.0,221.01534,33120.0,181.93636,-2743.0,-76.19444,-44.0,-1.22222,2.0
1758076062.17214,40370.0,221.76242,33114.0,181.9034,-2623.0,-72.86111,-216.0,-6.0,2.0
1758076062.17576,40502.0,222.48752,33091.0,181.77705,-2596.0,-72.11111,-646.0,-17.94444,2.0
1758076062.19111,40631.0,223.19617,33043.0,181.51338,-2501.0,-69.47222,-1144.0,-31.77778,2.0
1758076062.19227,40751.0,223.85535,32977.0,181.15083,-2228.0,-61.88889,-1419.0,-39.41667,2.0
1758076062.20713,40854.0,224.42116,32898.0,180.71687,-1835.0,-50.97222,-1685.0,-46.80556,2.0
1758076062.22396,40932.0,224.84962,32811.0,180.23895,-1325.0,-36.80556,-1732.0,-48.11111,2.0
1758076062.22508,40976.0,225.09132,32722.0,179.75006,-504.0,-14.0,-1702.0,-47.27778,2.0
1758076062.24096,40984.0,225.13527,32637.0,179.28313,85.0,2.36111,-1659.0,-46.08333,2.0
1758076062.24179,40976.0,225.09132,32557.0,178.84367,220.0,6.11111,-1551.0,-43.08333,2.0
1758076062.25703,40954.0,224.97047,32480.0,178.4207,564.0,15.66667,-1449.0,-40.25,2.0
1758076062.27392,40914.0,224.75075,32410.0,178.03616,925.0,25.69444,-1335.0,-37.08333,2.0
1758076062.27471,40854.0,224.42116,32352.0,177.71756,1435.0,39.86111,-942.0,-26.16667,2.0
1758076062.29014,40759.0,223.89929,32321.0,177.54727,2225.0,61.80556,-383.0,-10.63889,2.0
1758076062.29099,40621.0,223.14124,32316.0,177.51979,3108.0,86.33334,23.0,0.63889,2.0
1758076062.30614,40441.0,222.15244,32318.0,177.53078,3921.0,108.91666,20.0,0.55556,2.0
1758076062.32215,40221.0,220.94392,32319.0,177.53627,4675.0,129.86111,0.0,0.0,2.0
1758076062.32391,39964.0,219.53215,32319.0,177.53627,5377.0,149.36111,0.0,0.0,2.0
1758076062.3391,39678.0,217.96109,32319.0,177.53627,5832.0,162.0,-8.0,-0.22222,2.0
1758076062.34035,39375.0,216.29665,32319.0,177.53627,6056.0,168.22223,-30.0,-0.83333,2.0
1758076062.35612,39060.0,214.56627,32317.0,177.52528,6333.0,175.91667,-66.0,-1.83333,2.0
1758076062.37207,38743.0,212.82489,32312.0,177.49782,6164.0,171.22223,-123.0,-3.41667,2.0
1758076062.37356,38437.0,211.14397,32307.0,177.47035,5963.0,165.63889,-66.0,-1.83333,2.0
1758076062.38911,38134.0,209.47952,32307.0,177.47035,6051.0,168.08333,59.0,1.63889,2.0
1758076062.39039,37826.0,207.7876,32310.0,177.48683,6111.0,169.75,61.0,1.69444,2.0
1758076062.40616,37507.0,206.03526,32318.0,177.53078,6490.0,180.27777,236.0,6.55556,2.0
1758076062.42216,37164.0,204.15106,32340.0,177.65164,6993.0,194.25,588.0,16.33333,2.0
1758076062.42372,36807.0,202.18997,32376.0,177.8494,7007.0,194.63889,768.0,21.33333,2.0
1758076062.43911,36465.0,200.31128,32409.0,178.03067,6553.0,182.02777,459.0,12.75,2.0
1758076062.44039,36149.0,198.57541,32414.0,178.05814,5891.0,163.63889,-155.0,-4.30556,2.0
1758076062.45855,35878.0,197.08675,32403.0,177.99771,4811.0,133.63889,-243.0,-6.75,2.0
1758076062.47488,35667.0,195.92766,32392.0,177.93729,3707.0,102.97222,-212.0,-5.88889,2.0
1758076062.47573,35510.0,195.06523,32381.0,177.87686,2591.0,71.97222,-205.0,-5.69444,2.0
1758076062.49514,35406.0,194.49393,32375.0,177.8439,1663.0,46.19444,-7.0,-0.19444,2.0
1758076062.49832,35339.0,194.12589,32378.0,177.86038,1132.0,31.44444,31.0,0.86111,2.0
1758076062.51413,35287.0,193.84024,32383.0,177.88785,1002.0,27.83333,227.0,6.30556,2.0
1758076062.51529,35226.0,193.50516,32414.0,178.05814,1410.0,39.16667,964.0,26.77778,2.0
1758076062.5301,35135.0,193.00526,32495.0,178.5031,2100.0,58.33333,2167.0,60.19444,2.0
1758076062.53097,35002.0,192.27467,32644.0,179.32158,3009.0,83.58334,3491.0,96.97222,2.0
1758076062.54795,34825.0,191.30235,32856.0,180.48615,3822.0,106.16666,4630.0,128.61111,2.0
1758076062.56497,34614.0,190.14328,33118.0,181.92537,4357.0,121.02778,5384.0,149.55556,2.0
1758076062.56543,34387.0,188.8963,33409.0,183.52393,4486.0,124.61111,5937.0,164.91667,2.0
1758076062.58438,34166.0,187.6823,33714.0,185.19937,4234.0,117.61111,6070.0,168.61111,2.0
1758076062.58515,33965.0,186.57817,34015.0,186.85283,3730.0,103.61111,5853.0,162.58333,2.0
1758076062.60197,33792.0,185.62784,34309.0,188.46783,3155.0,87.63889,5802.0,161.16667,2.0
1758076062.6035,33649.0,184.84229,34602.0,190.07736,2584.0,71.77778,5790.0,160.83333,2.0
1758076062.61995,33533.0,184.20508,34893.0,191.67589,2073.0,57.58333,5767.0,160.19444,2.0
1758076062.62392,33438.0,183.68323,35191.0,193.31288,1753.0,48.69444,5983.0,166.19444,2.0
1758076062.63917,33354.0,183.22179,35506.0,195.04326,1589.0,44.13889,6387.0,177.41667,2.0
1758076062.64036,33282.0,182.82628,35833.0,196.83955,1352.0,37.55556,6522.0,181.16667,2.0
1758076062.65694,33219.0,182.48021,36172.0,198.70175,1151.0,31.97222,6867.0,190.75,2.0
1758076062.67501,33169.0,182.20555,36525.0,200.64088,832.0,23.11111,6982.0,193.94444,2.0
1758076062.67545,33133.0,182.00777,36878.0,202.57999,628.0,17.44444,6971.0,193.63889,2.0
1758076062.69108,33107.0,181.86494,37229.0,204.50812,403.0,11.19444,6906.0,191.83333,2.0
1758076062.69182,33096.0,181.80452,37574.0,206.40331,98.0,2.72222,6706.0,186.27777,2.0
1758076062.70715,33095.0,181.79903,37906.0,208.22705,-18.0,-0.5,6502.0,180.61111,2.0
1758076062.72506,33095.0,181.79903,38232.0,210.01785,0.0,0.0,6385.0,177.36111,2.0
1758076062.72544,33095.0,181.79903,38544.0,211.73175,1.0,0.02778,5998.0,166.61111,2.0
1758076062.74114,33095.0,181.79903,38841.0,213.36325,14.0,0.38889,5745.0,159.58333,2.0
1758076062.74398,33093.0,181.78804,39124.0,214.91783,53.0,1.47222,5439.0,151.08333,2.0
1758076062.75909,33093.0,181.78804,39379.0,216.31862,-28.0,-0.77778,4721.0,131.13889,2.0
1758076062.76038,33093.0,181.78804,39597.0,217.51614,6.0,0.16667,4048.0,112.44444,2.0
1758076062.77617,33092.0,181.78255,39783.0,218.53787,26.0,0.72222,3407.0,94.63889,2.0
1758076062.79214,33088.0,181.76057,39937.0,219.38383,151.0,4.19444,2799.0,77.75,2.0
1758076062.79288,33074.0,181.68367,40065.0,220.08699,382.0,10.61111,2317.0,64.36111,2.0
1758076062.80804,33043.0,181.51338,40169.0,220.65828,782.0,21.72222,1902.0,52.83333,2.0
1758076062.82415,32992.0,181.23323,40256.0,221.13618,1222.0,33.94444,1511.0,41.97222,2.0
1758076062.82535,32921.0,180.84322,40321.0,221.49326,1513.0,42.02778,1106.0,30.72222,2.0
1758076062.84014,32837.0,180.38177,40361.0,221.71298,1767.0,49.08333,479.0,13.30556,2.0
1758076062.84176,32744.0,179.87091,40367.0,221.74594,1879.0,52.19444,-75.0,-2.08333,2.0
1758076062.85711,32648.0,179.34355,40363.0,221.72397,1904.0,52.88889,-93.0,-2.58333,2.0
1758076062.8742,32552.0,178.81621,40355.0,221.68002,1847.0,51.30556,-258.0,-7.16667,2.0
1758076062.87545,32462.0,178.32182,40336.0,221.57565,1739.0,48.30556,-454.0,-12.61111,2.0
1758076062.89018,32381.0,177.87686,40309.0,221.42732,1477.0,41.02778,-620.0,-17.22222,2.0
1758076062.89176,32313.0,177.50331,40270.0,221.21309,1235.0,34.30556,-863.0,-23.97222,2.0
1758076062.90963,32259.0,177.20668,40219.0,220.93294,957.0,26.58333,-1131.0,-31.41667,2.0
1758076062.91039,32215.0,176.96498,40158.0,220.59785,837.0,23.25,-1241.0,-34.47222,2.0
1758076062.92722,32175.0,176.74524,40092.0,220.23531,738.0,20.5,-1338.0,-37.16667,2.0
1758076062.93159,32138.0,176.54199,40025.0,219.86723,769.0,21.36111,-1295.0,-35.97222,2.0
1758076062.94958,32103.0,176.34973,39957.0,219.4937,604.0,16.77778,-1452.0,-40.33333,2.0
1758076062.95037,32079.0,176.2179,39876.0,219.04875,363.0,10.08333,-1717.0,-47.69444,2.0
1758076062.96939,32070.0,176.16846,39777.0,218.50491,45.0,1.25,-2100.0,-58.33333,2.0
1758076062.97728,32071.0,176.17395,39660.0,217.86221,0.0,0.0,-2453.0,-68.13889,2.0
1758076062.98059,32071.0,176.17395,39526.0,217.12611,0.0,0.0,-2791.0,-77.52778,2.0
1758076062.99917,32072.0,176.17944,39378.0,216.31313,8.0,0.22222,-2997.0,-83.25,2.0
1758076063.00041,32071.0,176.17395,39223.0,215.46165,24.0,0.66667,-3049.0,-84.69444,2.0
1758076063.01875,32071.0,176.17395,39067.0,214.60472,16.0,0.44444,-3065.0,-85.13889,2.0
1758076063.03415,32071.0,176.17395,38915.0,213.76974,0.0,0.0,-2980.0,-82.77778,2.0
1758076063.03505,32071.0,176.17395,38767.0,212.95673,0.0,0.0,-2857.0,-79.36111,2.0
1758076063.05013,32071.0,176.17395,38626.0,212.18219,3.0,0.08333,-2764.0,-76.77778,2.0
1758076063.05213,32071.0,176.17395,38486.0,211.41313,-24.0,-0.66667,-2797.0,-77.69444,2.0
1758076063.06957,32076.0,176.20142,38337.0,210.59465,-165.0,-4.58333,-3058.0,-84.94444,2.0
1758076063.07494,32093.0,176.2948,38169.0,209.67178,-444.0,-12.33333,-3516.0,-97.66666,2.0
1758076063.09016,32128.0,176.48706,37976.0,208.61157,-904.0,-25.11111,-4088.0,-113.55556,2.0
1758076063.09216,32192.0,176.83864,37753.0,207.38658,-1568.0,-43.55556,-4657.0,-129.36111,2.0
1758076063.11479,32292.0,177.38795,37498.0,205.98579,-2270.0,-63.05556,-5271.0,-146.41667,2.0
1758076063.11552,32429.0,178.14053,37215.0,204.43121,-3011.0,-83.63889,-5840.0,-162.22223,2.0
1758076063.1205,32602.0,179.09087,36915.0,202.78323,-3618.0,-100.5,-5915.0,-164.30556,2.0
1758076063.13914,32795.0,180.15106,36622.0,201.17372,-3807.0,-105.75,-5676.0,-157.66667,2.0
1758076063.14043,32986.0,181.20027,36344.0,199.64661,-3748.0,-104.11111,-5376.0,-149.33333,2.0
1758076063.15618,33169.0,182.20555,36084.0,198.21835,-3489.0,-96.91666,-4973.0,-138.13889,2.0
1758076063.1754,33337.0,183.1284,35846.0,196.91096,-3188.0,-88.55556,-4503.0,-125.08334,2.0
1758076063.17617,33494.0,183.99084,35628.0,195.71342,-3016.0,-83.77778,-4188.0,-116.33334,2.0
1758076063.19536,33646.0,184.82581,35422.0,194.58182,-3034.0,-84.27778,-4022.0,-111.72222,2.0
1758076063.19778,33804.0,185.69376,35219.0,193.46671,-3249.0,-90.25,-4029.0,-111.91666,2.0
1758076063.21506,33982.0,186.67155,35013.0,192.3351,-3726.0,-103.5,-4150.0,-115.27778,2.0
1758076063.21546,34190.0,187.81415,34798.0,191.15404,-4376.0,-121.55556,-4335.0,-120.41666,2.0
1758076063.23115,34433.0,189.14902,34572.0,189.91257,-5057.0,-140.47223,-4491.0,-124.75,2.0
1758076063.23236,34705.0,190.64317,34348.0,188.68207,-5584.0,-155.11111,-4376.0,-121.55556,2.0
1758076063.25113,35001.0,192.26918,34138.0,187.52849,-6021.0,-167.25,-3955.0,-109.86111,2.0
1758076063.25492,35316.0,193.99954,33952.0,186.50676,-6354.0,-176.5,-3411.0,-94.75,2.0
1758076063.27439,35642.0,195.79033,33797.0,185.6553,-6443.0,-178.97223,-2785.0,-77.36111,2.0
1758076063.27514,35969.0,197.58664,33678.0,185.00162,-6509.0,-180.80556,-2049.0,-56.91667,2.0
1758076063.29111,36301.0,199.4104,33598.0,184.56213,-6593.0,-183.13889,-1252.0,-34.77778,2.0
1758076063.29529,36636.0,201.25063,33554.0,184.32043,-6594.0,-183.16667,-571.0,-15.86111,2.0
1758076063.31117,36969.0,203.07986,33546.0,184.27649,-6592.0,-183.11111,41.0,1.13889,2.0
1758076063.31201,37307.0,204.9366,33547.0,184.28198,-6695.0,-185.97223,8.0,0.22222,2.0
1758076063.32714,37638.0,206.75487,33547.0,184.28198,-6427.0,-178.52777,0.0,0.0,2.0
1758076063.34472,37961.0,208.52917,33547.0,184.28198,-6374.0,-177.05556,0.0,0.0,2.0
1758076063.34557,38278.0,210.27055,33547.0,184.28198,-6133.0,-170.36111,0.0,0.0,2.0
1758076063.36115,38580.0,211.9295,33547.0,184.28198,-5836.0,-162.11111,0.0,0.0,2.0
1758076063.36193,38870.0,213.52255,33547.0,184.28198,-5652.0,-157.0,0.0,0.0,2.0
1758076063.37792,39145.0,215.03319,33547.0,184.28198,-5305.0,-147.36111,0.0,0.0,2.0
1758076063.39415,39393.0,216.39552,33547.0,184.28198,-4573.0,-127.02778,0.0,0.0,2.0
1758076063.39501,39606.0,217.56558,33547.0,184.28198,-3976.0,-110.44444,0.0,0.0,2.0
1758076063.41015,39793.0,218.5928,33547.0,184.28198,-3514.0,-97.61111,0.0,0.0,2.0
1758076063.41195,39958.0,219.49919,33547.0,184.28198,-3091.0,-85.86111,-9.0,-0.25,2.0
1758076063.43036,40105.0,220.30672,33545.0,184.271,-2753.0,-76.47222,-44.0,-1.22222,2.0
1758076063.43153,40237.0,221.03181,33540.0,184.24353,-2507.0,-69.63889,-190.0,-5.27778,2.0
1758076063.44903,40358.0,221.6965,33526.0,184.16663,-2279.0,-63.30556,-367.0,-10.19444,2.0
1758076063.46412,40468.0,222.30075,33497.0,184.00732,-2051.0,-56.97222,-695.0,-19.30556,2.0
1758076063.46536,40565.0,222.83359,33453.0,183.76562,-1783.0,-49.52778,-995.0,-27.63889,2.0
1758076063.48018,40644.0,223.26758,33395.0,183.44701,-1398.0,-38.83333,-1169.0,-32.47222,2.0
1758076063.4818,40699.0,223.5697,33334.0,183.11192,-835.0,-23.19444,-1251.0,-34.75,2.0
1758076063.49815,40726.0,223.71802,33267.0,182.74388,-300.0,-8.33333,-1338.0,-37.16667,2.0
1758076063.51413,40726.0,223.71802,33198.0,182.36485,116.0,3.22222,-1430.0,-39.72222,2.0
1758076063.51536,40720.0,223.68506,33123.0,181.95284,109.0,3.02778,-1514.0,-42.05556,2.0
1758076063.53018,40712.0,223.64111,33044.0,181.51888,235.0,6.52778,-1639.0,-45.52778,2.0
1758076063.53136,40692.0,223.53125,32961.0,181.06294,428.0,11.88889,-1673.0,-46.47222,2.0
1758076063.54616,40663.0,223.37195,32873.0,180.57953,683.0,18.97222,-1721.0,-47.80556,2.0
1758076063.56218,40622.0,223.14673,32784.0,180.09064,846.0,23.5,-1823.0,-50.63889,2.0
1758076063.56373,40578.0,222.90503,32689.0,179.56877,916.0,25.44444,-1899.0,-52.75,2.0
1758076063.57915,40524.0,222.60837,32588.0,179.01396,1127.0,31.30556,-2044.0,-56.77778,2.0
1758076063.58119,40458.0,222.24582,32486.0,178.45366,1441.0,40.02778,-1978.0,-54.94444,2.0
1758076063.59794,40371.0,221.76791,32394.0,177.94827,1945.0,54.02778,-1711.0,-47.52778,2.0
1758076063.61417,40257.0,221.14168,32319.0,177.53627,2508.0,69.66666,-1343.0,-37.30556,2.0
1758076063.61501,40116.0,220.36714,32257.0,177.19569,2991.0,83.08334,-1119.0,-31.08333,2.0
1758076063.63025,39950.0,219.45525,32209.0,176.93202,3442.0,95.61111,-866.0,-24.05556,2.0
1758076063.6318,39768.0,218.45547,32172.0,176.72876,3710.0,103.05556,-692.0,-19.22222,2.0
1758076063.64992,39577.0,217.40628,32138.0,176.54199,3796.0,105.44444,-684.0,-19.0,2.0
1758076063.65073,39384.0,216.34608,32106.0,176.36621,3772.0,104.77778,-605.0,-16.80556,2.0
1758076063.66617,39191.0,215.28587,32079.0,176.2179,3823.0,106.19444,-520.0,-14.44444,2.0
1758076063.68221,38997.0,214.22018,32055.0,176.08606,3823.0,106.19444,-391.0,-10.86111,2.0
1758076063.6841,38803.0,213.15451,32041.0,176.00916,3848.0,106.88889,-226.0,-6.27778,2.0
1758076063.70012,38607.0,212.07782,32036.0,175.98169,3952.0,109.77778,47.0,1.30556,2.0
1758076063.70139,38400.0,210.94072,32042.0,176.01465,4241.0,117.80556,138.0,3.83333,2.0
1758076063.71617,38173.0,209.69376,32057.0,176.09705,4745.0,131.80556,461.0,12.80556,2.0
1758076063.73211,37917.0,208.28748,32096.0,176.31128,5297.0,147.13889,1014.0,28.16667,2.0
1758076063.73282,37633.0,206.7274,32170.0,176.71777,5858.0,162.72223,1741.0,48.36111,2.0
1758076063.74817,37321.0,205.0135,32282.0,177.33302,6410.0,178.05556,2610.0,72.5,2.0
1758076063.76418,36981.0,203.14578,32441.0,178.20645,6866.0,190.72223,3548.0,98.55556,2.0
1758076063.76499,36630.0,201.21767,32651.0,179.36003,6989.0,194.13889,4586.0,127.38889,2.0
1758076063.78018,36266.0,199.21814,32904.0,180.74983,7276.0,202.11111,5198.0,144.38889,2.0
1758076063.78134,35904.0,197.22957,33171.0,182.21654,7029.0,195.25,5204.0,144.55556,2.0
1758076063.79613,35563.0,195.35637,33425.0,183.61182,6505.0,180.69444,4893.0,135.91667,2.0
1758076063.81217,35251.0,193.64249,33661.0,184.9082,5806.0,161.27777,4508.0,125.22222,2.0
1758076063.81302,34980.0,192.15382,33881.0,186.11673,4924.0,136.77777,4246.0,117.94444,2.0
1758076063.82812,34750.0,190.89037,34091.0,187.27031,4300.0,119.44444,4134.0,114.83334,2.0
1758076063.83019,34545.0,189.76425,34302.0,188.42938,3911.0,108.63889,4255.0,118.19444,2.0
1758076063.84723,34356.0,188.72601,34527.0,189.66537,3601.0,100.02778,4605.0,127.91666,2.0
1758076063.8639,34179.0,187.75372,34773.0,191.01671,3430.0,95.27778,5096.0,141.55556,2.0
1758076063.86474,34008.0,186.81438,35044.0,192.50539,3320.0,92.22222,5613.0,155.91667,2.0
1758076063.88021,33846.0,185.92447,35342.0,194.14236,3117.0,86.58334,6084.0,169.0,2.0
1758076063.88101,33696.0,185.10049,35661.0,195.8947,2814.0,78.16666,6367.0,176.86111,2.0
1758076063.89704,33563.0,184.36987,35985.0,197.67453,2436.0,67.66666,6444.0,179.0,2.0
1758076063.91435,33454.0,183.77112,36316.0,199.4928,1919.0,53.30556,6439.0,178.86111,2.0
1758076063.91472,33370.0,183.30968,36639.0,201.26711,1482.0,41.16667,6290.0,174.72223,2.0
1758076063.93021,33309.0,182.97459,36950.0,202.97549,994.0,27.61111,6033.0,167.58333,2.0
1758076063.93099,33265.0,182.73289,37252.0,204.63448,761.0,21.13889,5889.0,163.58333,2.0
1758076063.94967,33232.0,182.55162,37543.0,206.23302,585.0,16.25,5621.0,156.13889,2.0
1758076063.95167,33207.0,182.41429,37821.0,207.76013,422.0,11.72222,5408.0,150.22223,2.0
1758076063.97042,33187.0,182.30443,38091.0,209.24332,344.0,9.55556,5238.0,145.5,2.0
1758076063.97118,33170.0,182.21104,38352.0,210.67705,376.0,10.44444,5017.0,139.36111,2.0
1758076063.98891,33156.0,182.13414,38593.0,212.00092,208.0,5.77778,4497.0,124.91666,2.0
1758076064.00499,33148.0,182.09016,38807.0,213.17648,110.0,3.05556,3997.0,111.02778,2.0
1758076064.00582,33143.0,182.0627,38996.0,214.21469,99.0,2.75,3507.0,97.41666,2.0
1758076064.0212,33135.0,182.01875,39161.0,215.12108,237.0,6.58333,3103.0,86.19444,2.0
1758076064.0248,33116.0,181.91438,39306.0,215.91762,448.0,12.44444,2685.0,74.58334,2.0
1758076064.04022,33091.0,181.77705,39429.0,216.59328,544.0,15.11111,2273.0,63.13889,2.0
1758076064.04177,33059.0,181.60127,39533.0,217.16457,684.0,19.0,1873.0,52.02778,2.0
1758076064.05798,33021.0,181.39253,39614.0,217.60953,839.0,23.30556,1381.0,38.36111,2.0
1758076064.0742,32971.0,181.11787,39672.0,217.92813,1065.0,29.58333,922.0,25.61111,2.0
1758076064.07537,32917.0,180.82124,39700.0,218.08194,1094.0,30.38889,290.0,8.05556,2.0
1758076064.09018,32857.0,180.49164,39700.0,218.08194,1264.0,35.11111,-42.0,-1.16667,2.0
1758076064.09506,32789.0,180.1181,39699.0,218.07645,1333.0,37.02778,0.0,0.0,2.0
1758076064.11017,32719.0,179.73358,39698.0,218.07095,1430.0,39.72222,-31.0,-0.86111,2.0
1758076064.11172,32648.0,179.34355,39696.0,218.05997,1343.0,37.30556,-69.0,-1.91667,2.0
1758076064.12959,32582.0,178.981,39690.0,218.02701,1296.0,36.0,-149.0,-4.13889,2.0
1758076064.13138,32522.0,178.65141,39681.0,217.97757,1103.0,30.63889,-215.0,-5.97222,2.0
1758076064.15018,32470.0,178.36577,39669.0,217.91165,1006.0,27.94444,-250.0,-6.94444,2.0
1758076064.15176,32422.0,178.10208,39654.0,217.82925,861.0,23.91667,-328.0,-9.11111,2.0
1758076064.1672,32381.0,177.87686,39637.0,217.73587,796.0,22.11111,-315.0,-8.75,2.0
1758076064.18472,32340.0,177.65164,39622.0,217.65347,816.0,22.66667,-305.0,-8.47222,2.0
1758076064.18561,32305.0,177.45937,39600.0,217.53262,598.0,16.61111,-557.0,-15.47222,2.0
1758076064.20117,32288.0,177.36598,39555.0,217.28543,162.0,4.5,-1114.0,-30.94444,2.0
1758076064.2032,32289.0,177.37148,39484.0,216.8954,-94.0,-2.61111,-1607.0,-44.63889,2.0
1758076064.22025,32296.0,177.40993,39388.0,216.36806,-169.0,-4.69444,-2102.0,-58.38889,2.0
1758076064.22122,32306.0,177.46486,39270.0,215.71983,-188.0,-5.22222,-2508.0,-69.66666,2.0
1758076064.23795,32314.0,177.5088,39135.0,214.97826,-110.0,-3.05556,-2813.0,-78.13889,2.0
1758076064.25489,32317.0,177.52528,38984.0,214.14877,0.0,0.0,-3007.0,-83.52778,2.0
1758076064.25556,32315.0,177.5143,38826.0,213.28085,55.0,1.52778,-3148.0,-87.44444,2.0
1758076064.27122,32313.0,177.50331,38667.0,212.40741,20.0,0.55556,-3157.0,-87.69444,2.0
1758076064.27201,32313.0,177.50331,38510.0,211.54497,0.0,0.0,-3031.0,-84.19444,2.0
1758076064.28717,32314.0,177.5088,38361.0,210.72649,-42.0,-1.16667,-2888.0,-80.22222,2.0
1758076064.30398,32318.0,177.53078,38217.0,209.93546,-114.0,-3.16667,-2918.0,-81.05556,2.0
1758076064.30482,32331.0,177.6022,38062.0,209.08401,-357.0,-9.91667,-3187.0,-88.52778,2.0
1758076064.32013,32359.0,177.75601,37886.0,208.11719,-695.0,-19.30556,-3657.0,-101.58334,2.0
1758076064.32097,32402.0,177.99222,37684.0,207.00755,-973.0,-27.02778,-4246.0,-117.94444,2.0
1758076064.33697,32466.0,178.3438,37449.0,205.71663,-1462.0,-40.61111,-5009.0,-139.13889,2.0
1758076064.35311,32550.0,178.80522,37174.0,204.20599,-1776.0,-49.33333,-5786.0,-160.72223,2.0
1758076064.35398,32648.0,179.34355,36872.0,202.54703,-1993.0,-55.36111,-5940.0,-165.0,2.0
1758076064.36994,32750.0,179.90387,36585.0,200.97047,-1927.0,-53.52778,-5432.0,-150.88889,2.0
1758076064.37073,32832.0,180.35431,36329.0,199.56421,-1403.0,-38.97222,-4687.0,-130.19444,2.0
1758076064.38613,32884.0,180.63995,36120.0,198.41611,-713.0,-19.80556,-3700.0,-102.77778,2.0
1758076064.40389,32898.0,180.71687,35963.0,197.55367,-9.0,-0.25,-2695.0,-74.86111,2.0
1758076064.40456,32894.0,180.69489,35846.0,196.91096,70.0,1.94444,-2053.0,-57.02778,2.0
1758076064.42016,32897.0,180.71138,35751.0,196.38911,-147.0,-4.08333,-1829.0,-50.80556,2.0
1758076064.42182,32917.0,180.82124,35656.0,195.86723,-657.0,-18.25,-1990.0,-55.27778,2.0
1758076064.43995,32979.0,181.16182,35541.0,195.23552,-1717.0,-47.69444,-2524.0,-70.11111,2.0
1758076064.44074,33096.0,181.80452,35390.0,194.40604,-2789.0,-77.47222,-3333.0,-92.58334,2.0
1758076064.45618,33271.0,182.76585,35197.0,193.34584,-3918.0,-108.83334,-4163.0,-115.63889,2.0
1758076064.47391,33499.0,184.01831,34967.0,192.08241,-4901.0,-136.13889,-4818.0,-133.83333,2.0
1758076064.47458,33769.0,185.5015,34712.0,190.68163,-5568.0,-154.66667,-5216.0,-144.88889,2.0
1758076064.49021,34063.0,187.1165,34446.0,189.22043,-5995.0,-166.52777,-5229.0,-145.25,2.0
1758076064.49223,34379.0,188.85236,34191.0,187.81964,-6291.0,-174.75,-4813.0,-133.69444,2.0
1758076064.50873,34698.0,190.60472,33967.0,186.58916,-6271.0,-174.19444,-4085.0,-113.47222,2.0
1758076064.52409,35014.0,192.34059,33781.0,185.56741,-6234.0,-173.16667,-3320.0,-92.22222,2.0
1758076064.52482,35331.0,194.08194,33636.0,184.77087,-6251.0,-173.63889,-2505.0,-69.58334,2.0
1758076064.54093,35647.0,195.81779,33530.0,184.1886,-6220.0,-172.77777,-1762.0,-48.94444,2.0
1758076064.54179,35963.0,197.55367,33460.0,183.80408,-6332.0,-175.88889,-1155.0,-32.08333,2.0
1758076064.56028,36291.0,199.35547,33415.0,183.55688,-6571.0,-182.52777,-631.0,-17.52778,2.0
1758076064.56115,36631.0,201.22316,33397.0,183.45799,-6796.0,-188.77777,-132.0,-3.66667,2.0
1758076064.57709,36982.0,203.15128,33396.0,183.4525,-7052.0,-195.88889,0.0,0.0,2.0
1758076064.59399,37349.0,205.16731,33396.0,183.4525,-7343.0,-203.97223,0.0,0.0,2.0
1758076064.5947,37719.0,207.19981,33396.0,183.4525,-7330.0,-203.61111,0.0,0.0,2.0
1758076064.61013,38092.0,209.24881,33396.0,183.4525,-7406.0,-205.72223,0.0,0.0,2.0
1758076064.61097,38464.0,211.29228,33396.0,183.4525,-7251.0,-201.41667,0.0,0.0,2.0
1758076064.6261,38823.0,213.26437,33396.0,183.4525,-7030.0,-195.27777,0.0,0.0,2.0
1758076064.64217,39174.0,215.19249,33396.0,183.4525,-6747.0,-187.41667,0.0,0.0,2.0
1758076064.64411,39490.0,216.92836,33396.0,183.4525,-5847.0,-162.41667,0.0,0.0,2.0
1758076064.65909,39766.0,218.44449,33396.0,183.4525,-5154.0,-143.16667,0.0,0.0,2.0
1758076064.66041,40004.0,219.75188,33396.0,183.4525,-4408.0,-122.44444,0.0,0.0,2.0
1758076064.67615,40206.0,220.86153,33396.0,183.4525,-3700.0,-102.77778,0.0,0.0,2.0
1758076064.69211,40376.0,221.79538,33396.0,183.4525,-3108.0,-86.33334,-13.0,-0.36111,2.0
1758076064.69295,40522.0,222.59738,33393.0,183.43602,-2702.0,-75.05556,-92.0,-2.55556,2.0
1758076064.70808,40648.0,223.28955,33381.0,183.3701,-2341.0,-65.02778,-370.0,-10.27778,2.0
1758076064.72418,40754.0,223.87183,33353.0,183.21629,-1931.0,-53.63889,-749.0,-20.80556,2.0
1758076064.72501,40842.0,224.35524,33304.0,182.94713,-1544.0,-42.88889,-1128.0,-31.33333,2.0
1758076064.74013,40909.0,224.72328,33240.0,182.59557,-1139.0,-31.63889,-1383.0,-38.41667,2.0
1758076064.74178,40951.0,224.95399,33161.0,182.16161,-553.0,-15.36111,-1643.0,-45.63889,2.0
1758076064.75801,40962.0,225.01442,33076.0,181.69466,11.0,0.30556,-1711.0,-47.52778,2.0
1758076064.77414,40958.0,224.99245,32988.0,181.21126,87.0,2.41667,-1739.0,-48.30556,2.0
1758076064.77496,40951.0,224.95399,32900.0,180.72786,205.0,5.69444,-1731.0,-48.08333,2.0
1758076064.79017,40934.0,224.86061,32819.0,180.2829,390.0,10.83333,-1575.0,-43.75,2.0
1758076064.791,40902.0,224.68483,32748.0,179.89288,817.0,22.69444,-1223.0,-33.97222,2.0
1758076064.80623,40840.0,224.34425,32707.0,179.66766,1533.0,42.58333,-539.0,-14.97222,2.0
1758076064.82302,40736.0,223.77295,32697.0,179.61272,2441.0,67.80556,0.0,0.0,2.0
1758076064.82375,40585.0,222.94348,32699.0,179.6237,3312.0,92.0,11.0,0.30556,2.0
1758076064.83917,40391.0,221.87778,32699.0,179.6237,4135.0,114.86111,0.0,0.0,2.0
1758076064.8404,40163.0,220.62532,32699.0,179.6237,4773.0,132.58333,0.0,0.0,2.0
1758076064.8562,39905.0,219.20805,32699.0,179.6237,5281.0,146.69444,-35.0,-0.97222,2.0
1758076064.87217,39630.0,217.69742,32696.0,179.60722,5473.0,152.02777,-87.0,-2.41667,2.0
1758076064.87345,39353.0,216.1758,32689.0,179.56877,5464.0,151.77777,-184.0,-5.11111,2.0
1758076064.88814,39078.0,214.66515,32680.0,179.51933,5422.0,150.61111,-168.0,-4.66667,2.0
1758076064.90413,38809.0,213.18747,32672.0,179.47539,5243.0,145.63889,-133.0,-3.69444,2.0
1758076064.905,38548.0,211.75372,32670.0,179.4644,5146.0,142.94444,39.0,1.08333,2.0
1758076064.92013,38285.0,210.30901,32672.0,179.47539,5274.0,146.5,31.0,0.86111,2.0
1758076064.92221,38008.0,208.78735,32679.0,179.51384,5572.0,154.77777,223.0,6.19444,2.0
1758076064.93798,37716.0,207.18333,32699.0,179.6237,5879.0,163.30556,539.0,14.97222,2.0
1758076064.95418,37416.0,205.53535,32738.0,179.83795,5966.0,165.72223,892.0,24.77778,2.0
1758076064.9548,37114.0,203.8764,32784.0,180.09064,5915.0,164.30556,783.0,21.75,2.0
1758076064.9702,36825.0,202.28885,32810.0,180.23346,5491.0,152.52777,266.0,7.38889,2.0
1758076064.97104,36563.0,200.84962,32809.0,180.22797,4946.0,137.38889,-99.0,-2.75,2.0
1758076064.98612,36330.0,199.5697,32809.0,180.22797,4378.0,121.61111,0.0,0.0,2.0
1758076065.00217,36131.0,198.47653,32809.0,180.22797,3582.0,99.5,0.0,0.0,2.0
1758076065.00421,35974.0,197.61411,32809.0,180.22797,2728.0,75.77778,0.0,0.0,2.0
1758076065.01913,35854.0,196.95491,32810.0,180.23346,2137.0,59.36111,28.0,0.77778,2.0
1758076065.02081,35753.0,196.4001,32815.0,180.26093,1960.0,54.44444,209.0,5.80556,2.0
1758076065.03717,35645.0,195.80681,32845.0,180.42572,2295.0,63.75,953.0,26.47222,2.0
1758076065.05316,35511.0,195.07072,32930.0,180.89265,2915.0,80.97222,2300.0,63.88889,2.0
1758076065.054,35339.0,194.12589,33088.0,181.76057,3733.0,103.69444,3751.0,104.19444,2.0
1758076065.06917,35127.0,192.96132,33320.0,183.03502,4471.0,124.19444,5168.0,143.55556,2.0
1758076065.07041,34886.0,191.63744,33616.0,184.66101,4909.0,136.36111,6300.0,175.0,2.0
1758076065.08694,34633.0,190.24765,33954.0,186.51775,4989.0,138.58333,6870.0,190.83333,2.0
1758076065.1039,34389.0,188.90729,34306.0,188.45135,4635.0,128.75,7025.0,195.13889,2.0
1758076065.10473,34174.0,187.72624,34660.0,190.39597,3901.0,108.36111,6885.0,191.25,2.0
1758076065.12025,34001.0,186.77592,34999.0,192.25819,3036.0,84.33334,6587.0,182.97223,2.0
1758076065.12104,33873.0,186.07278,35328.0,194.06546,2182.0,60.61111,6465.0,179.58333,2.0
1758076065.13613,33787.0,185.60037,35651.0,195.83977,1406.0,39.05556,6288.0,174.66667,2.0
1758076065.15386,33729.0,185.28177,35968.0,197.58115,918.0,25.5,6281.0,174.47223,2.0
1758076065.15503,33696.0,185.10049,36289.0,199.34448,541.0,15.02778,6404.0,177.88889,2.0
1758076065.17018,33671.0,184.96317,36620.0,201.16273,479.0,13.30556,6605.0,183.47223,2.0
1758076065.17224,33646.0,184.82581,36958.0,203.01944,508.0,14.11111,6731.0,186.97223,2.0
1758076065.18717,33622.0,184.69397,37306.0,204.93111,455.0,12.63889,6960.0,193.33333,2.0
1758076065.204,33601.0,184.57861,37655.0,206.84825,374.0,10.38889,6804.0,189.0,2.0
1758076065.20477,33584.0,184.48523,37998.0,208.73242,316.0,8.77778,6750.0,187.5,2.0
1758076065.22013,33570.0,184.40833,38332.0,210.56718,276.0,7.66667,6429.0,178.58333,2.0
1758076065.22104,33556.0,184.33142,38646.0,212.29205,263.0,7.30556,6075.0,168.75,2.0
1758076065.23886,33538.0,184.23254,38944.0,213.92905,444.0,12.33333,5750.0,159.72223,2.0
1758076065.25414,33517.0,184.11719,39214.0,215.41222,391.0,10.86111,4976.0,138.22223,2.0
1758076065.25536,33499.0,184.01831,39449.0,216.70314,382.0,10.61111,4255.0,118.19444,2.0
1758076065.27015,33482.0,183.92493,39647.0,217.7908,323.0,8.97222,3672.0,102.0,2.0
1758076065.27213,33462.0,183.81506,39818.0,218.73015,458.0,12.72222,3176.0,88.22222,2.0
1758076065.28711,33428.0,183.6283,39965.0,219.53764,858.0,23.83333,2737.0,76.02778,2.0
1758076065.30405,33371.0,183.31517,40092.0,220.23531,1360.0,37.77778,2364.0,65.66666,2.0
1758076065.3047,33290.0,182.87022,40202.0,220.83955,1759.0,48.86111,2058.0,57.16667,2.0
1758076065.32013,33188.0,182.30992,40294.0,221.34492,2169.0,60.25,1658.0,46.05556,2.0
1758076065.32252,33071.0,181.66719,40366.0,221.74045,2394.0,66.5,1187.0,32.97222,2.0
1758076065.33807,32946.0,180.98055,40411.0,221.98764,2519.0,69.97222,685.0,19.02778,2.0
1758076065.35412,32819.0,180.2829,40427.0,222.07553,2515.0,69.86111,15.0,0.41667,2.0
1758076065.35494,32695.0,179.60173,40424.0,222.05905,2389.0,66.36111,-33.0,-0.91667,2.0
1758076065.37255,32581.0,178.97551,40421.0,222.04257,2191.0,60.86111,-86.0,-2.38889,2.0
1758076065.37543,32478.0,178.40971,40412.0,221.99313,1908.0,53.0,-241.0,-6.69444,2.0
1758076065.39011,32390.0,177.9263,40397.0,221.91074,1568.0,43.55556,-334.0,-9.27778,2.0
1758076065.39173,32319.0,177.53627,40376.0,221.79538,1272.0,35.33333,-534.0,-14.83333,2.0
1758076065.40957,32263.0,177.22865,40341.0,221.60312,955.0,26.52778,-813.0,-22.58333,2.0
1758076065.41307,32226.0,177.02541,40290.0,221.32295,552.0,15.33333,-1148.0,-31.88889,2.0
1758076065.43283,32211.0,176.94301,40217.0,220.92195,127.0,3.52778,-1682.0,-46.72222,2.0
1758076065.43503,32212.0,176.9485,40117.0,220.37263,-34.0,-0.94444,-2163.0,-60.08333,2.0
1758076065.45253,32213.0,176.95399,39993.0,219.69145,3.0,0.08333,-2607.0,-72.41666,2.0
1758076065.45502,32212.0,176.9485,39850.0,218.90593,26.0,0.72222,-2945.0,-81.80556,2.0
1758076065.47291,32211.0,176.94301,39691.0,218.0325,64.0,1.77778,-3214.0,-89.27778,2.0
1758076065.47547,32206.0,176.91554,39523.0,217.10963,120.0,3.33333,-3355.0,-93.19444,2.0
1758076065.49017,32198.0,176.8716,39354.0,216.18129,197.0,5.47222,-3342.0,-92.83334,2.0
1758076065.49176,32186.0,176.80566,39187.0,215.2639,290.0,8.05556,-3245.0,-90.13889,2.0
1758076065.50907,32171.0,176.72327,39026.0,214.37949,312.0,8.66667,-3120.0,-86.66666,2.0
1758076065.52412,32153.0,176.62439,38873.0,213.53903,361.0,10.02778,-2968.0,-82.44444,2.0
1758076065.525,32138.0,176.54199,38726.0,212.73151,263.0,7.30556,-2875.0,-79.86111,2.0
1758076065.54014,32129.0,176.49255,38575.0,211.90204,57.0,1.58333,-3070.0,-85.27778,2.0
1758076065.54141,32134.0,176.52002,38409.0,210.99016,-169.0,-4.69444,-3470.0,-96.38889,2.0
1758076065.55613,32146.0,176.58594,38217.0,209.93546,-293.0,-8.13889,-4085.0,-113.47222,2.0
1758076065.57507,32169.0,176.71228,37989.0,208.68298,-589.0,-16.36111,-4832.0,-134.22223,2.0
1758076065.5755,32212.0,176.9485,37727.0,207.24376,-1069.0,-29.69444,-5373.0,-149.25,2.0
1758076065.59117,32273.0,177.28358,37451.0,205.72762,-1339.0,-37.19444,-5439.0,-151.08333,2.0
1758076065.59273,32345.0,177.67911,37181.0,204.24445,-1391.0,-38.63889,-5085.0,-141.25,2.0
1758076065.6101,32407.0,178.01968,36937.0,202.90408,-1068.0,-29.66667,-4549.0,-126.36111,2.0
1758076065.61085,32453.0,178.27238,36726.0,201.74501,-759.0,-21.08333,-3854.0,-107.05556,2.0
1758076065.62616,32478.0,178.40971,36547.0,200.76173,-300.0,-8.33333,-3301.0,-91.69444,2.0
1758076065.64217,32486.0,178.45366,36396.0,199.93225,-103.0,-2.86111,-2809.0,-78.02778,2.0
1758076065.64369,32492.0,178.48662,36264.0,199.20715,-127.0,-3.52778,-2488.0,-69.11111,2.0
1758076065.6591,32508.0,178.57451,36138.0,198.51498,-551.0,-15.30556,-2536.0,-70.44444,2.0
1758076065.66076,32557.0,178.84367,36002.0,197.76791,-1348.0,-37.44444,-2857.0,-79.36111,2.0
1758076065.67807,32656.0,179.3875,35841.0,196.8835,-2404.0,-66.77778,-3455.0,-95.97222,2.0
1758076065.69418,32811.0,180.23895,35645.0,195.80681,-3488.0,-96.88889,-4204.0,-116.77778,2.0
1758076065.69501,33018.0,181.37605,35412.0,194.52689,-4513.0,-125.36111,-4914.0,-136.5,2.0
1758076065.71027,33270.0,182.76036,35149.0,193.08217,-5329.0,-148.02777,-5340.0,-148.33333,2.0
1758076065.71195,33559.0,184.3479,34874.0,191.57152,-5948.0,-165.22223,-5451.0,-151.41667,2.0
1758076065.72711,33870.0,186.0563,34597.0,190.0499,-6228.0,-173.0,-5438.0,-151.05556,2.0
1758076065.74473,34189.0,187.80865,34331.0,188.58868,-6344.0,-176.22223,-5089.0,-141.36111,2.0
1758076065.7456,34516.0,189.60495,34094.0,187.28679,-6498.0,-180.5,-4388.0,-121.88889,2.0
1758076065.76117,34843.0,191.40123,33894.0,186.18814,-6459.0,-179.41667,-3644.0,-101.22222,2.0
1758076065.76202,35171.0,193.20302,33731.0,185.29276,-6524.0,-181.22223,-2909.0,-80.80556,2.0
1758076065.77799,35507.0,195.04875,33602.0,184.58411,-6680.0,-185.55556,-2250.0,-62.5,2.0
1758076065.79412,35844.0,196.89998,33504.0,184.04578,-6667.0,-185.19444,-1688.0,-46.88889,2.0
1758076065.795,36191.0,198.80612,33429.0,183.63379,-7000.0,-194.44444,-1333.0,-37.02778,2.0
1758076065.81023,36550.0,200.77821,33374.0,183.33165,-7147.0,-198.52777,-913.0,-25.36111,2.0
1758076065.81192,36918.0,202.79971,33334.0,183.11192,-7355.0,-204.30556,-707.0,-19.63889,2.0
1758076065.8271,37298.0,204.88716,33300.0,182.92516,-7631.0,-211.97223,-648.0,-18.0,2.0
1758076065.84393,37680.0,206.98558,33271.0,182.76585,-7505.0,-208.47223,-485.0,-13.47222,2.0
1758076065.84519,38069.0,209.12247,33252.0,182.66148,-7592.0,-210.88889,-348.0,-9.66667,2.0
1758076065.86014,38450.0,211.21538,33238.0,182.58458,-7442.0,-206.72223,-247.0,-6.86111,2.0
1758076065.86336,38821.0,213.25339,33225.0,182.51317,-7296.0,-202.66667,-238.0,-6.61111,2.0
1758076065.87917,39179.0,215.21996,33218.0,182.47472,-6740.0,-187.22223,-63.0,-1.75,2.0
1758076065.8804,39497.0,216.96681,33217.0,182.46922,-5963.0,-165.63889,-9.0,-0.25,2.0
1758076065.89614,39785.0,218.54886,33215.0,182.45824,-5512.0,-153.11111,-85.0,-2.36111,2.0
1758076065.91218,40049.0,219.99907,33205.0,182.40331,-5032.0,-139.77777,-266.0,-7.38889,2.0
1758076065.91381,40288.0,221.31197,33184.0,182.28795,-4533.0,-125.91666,-551.0,-15.30556,2.0
1758076065.92997,40505.0,222.504,33148.0,182.09016,-4131.0,-114.75,-831.0,-23.08333,2.0
1758076065.93109,40702.0,223.58618,33098.0,181.81551,-3735.0,-103.75,-1090.0,-30.27778,2.0
1758076065.94715,40877.0,224.5475,33032.0,181.45296,-3259.0,-90.52778,-1453.0,-40.36111,2.0
1758076065.96424,41026.0,225.36598,32953.0,181.019,-2658.0,-73.83334,-1671.0,-46.41667,2.0
1758076065.96471,41142.0,226.0032,32861.0,180.51361,-2006.0,-55.72222,-1848.0,-51.33333,2.0
1758076065.98018,41225.0,226.45914,32762.0,179.96979,-1313.0,-36.47222,-2034.0,-56.5,2.0
1758076065.98211,41272.0,226.71732,32659.0,179.40398,-659.0,-18.30556,-2092.0,-58.11111,2.0
1758076065.99907,41281.0,226.76675,32561.0,178.86565,127.0,3.52778,-1798.0,-49.94444,2.0
1758076066.00031,41256.0,226.62943,32483.0,178.43718,746.0,20.72222,-1300.0,-36.11111,2.0
1758076066.01604,41197.0,226.30533,32436.0,178.17899,1503.0,41.75,-689.0,-19.13889,2.0
1758076066.03213,41096.0,225.75052,32419.0,178.0856,2325.0,64.58334,-111.0,-3.08333,2.0
1758076066.03375,40955.0,224.97597,32420.0,178.09109,3088.0,85.77778,16.0,0.44444,2.0
1758076066.0499,40779.0,224.00916,32420.0,178.09109,3751.0,104.19444,0.0,0.0,2.0
1758076066.05106,40573.0,222.87753,32420.0,178.09109,4222.0,117.27778,-27.0,-0.75,2.0
1758076066.0661,40347.0,221.63608,32419.0,178.0856,4591.0,127.52778,-35.0,-0.97222,2.0
1758076066.08219,40106.0,220.31221,32416.0,178.06912,4850.0,134.72223,-73.0,-2.02778,2.0
1758076066.0842,39854.0,218.9279,32412.0,178.04715,5012.0,139.22223,-80.0,-2.22222,2.0
1758076066.09992,39601.0,217.53812,32410.0,178.03616,4948.0,137.44444,0.0,0.0,2.0
1758076066.10116,39350.0,216.15932,32411.0,178.04166,4973.0,138.13889,52.0,1.44444,2.0
1758076066.11791,39093.0,214.74754,32414.0,178.05814,5216.0,144.88889,61.0,1.69444,2.0
1758076066.13411,38819.0,213.2424,32423.0,178.10757,5609.0,155.80556,258.0,7.16667,2.0
1758076066.16718,37634.0,206.73289,32455.0,178.28337,4975.0,138.19444,-161.0,-4.47222,2.0
1758076066.18391,37412.0,205.51338,32440.0,178.20096,3962.0,110.05556,-411.0,-11.41667,2.0
1758076066.18471,37237.0,204.55206,32417.0,178.07462,2992.0,83.11111,-571.0,-15.86111,2.0
1758076066.20021,37111.0,203.85992,32387.0,177.90982,2143.0,59.52778,-546.0,-15.16667,2.0
1758076066.2018,37019.0,203.35455,32365.0,177.78897,1618.0,44.94444,-306.0,-8.5,2.0
1758076066.22019,36947.0,202.95901,32362.0,177.77249,1270.0,35.27778,111.0,3.08333,2.0
1758076066.22186,36886.0,202.62393,32365.0,177.78897,1166.0,32.38889,0.0,0.0,2.0
1758076066.23807,36828.0,202.30533,32367.0,177.79996,1111.0,30.86111,42.0,1.16667,2.0
1758076066.25409,36768.0,201.97574,32372.0,177.82742,1314.0,36.5,201.0,5.58333,2.0
1758076066.25483,36691.0,201.55275,32391.0,177.93179,1724.0,47.88889,510.0,14.16667,2.0
1758076066.27292,36583.0,200.95949,32434.0,178.168,2484.0,69.0,1066.0,29.61111,2.0
1758076066.27494,36431.0,200.12451,32512.0,178.59648,3408.0,94.66666,1945.0,54.02778,2.0
1758076066.29019,36228.0,199.0094,32638.0,179.28862,4401.0,122.25,2893.0,80.36111,2.0
1758076066.29218,35980.0,197.64706,32813.0,180.24994,5247.0,145.75,3846.0,106.83334,2.0
1758076066.30995,35696.0,196.08696,33030.0,181.44197,5873.0,163.13889,4585.0,127.36111,2.0
1758076066.31115,35385.0,194.37857,33275.0,182.78783,6300.0,175.0,5012.0,139.22223,2.0
1758076066.32612,35067.0,192.63173,33536.0,184.22156,6217.0,172.69444,5205.0,144.58333,2.0
1758076066.34376,34760.0,190.9453,33803.0,185.68826,5917.0,164.36111,5256.0,146.0,2.0
1758076066.34452,34474.0,189.37424,34070.0,187.15495,5452.0,151.44444,5245.0,145.69444,2.0
1758076066.36007,34215.0,187.95148,34337.0,188.62164,4869.0,135.25,5341.0,148.36111,2.0
1758076066.36179,33982.0,186.67155,34611.0,190.1268,4384.0,121.77778,5494.0,152.61111,2.0
1758076066.3789,33771.0,185.51248,34891.0,191.6649,4023.0,111.75,5605.0,155.69444,2.0
1758076066.38013,33575.0,184.43579,35182.0,193.26344,3735.0,103.75,5880.0,163.33333,2.0
1758076066.3977,33396.0,183.4525,35492.0,194.96635,3409.0,94.69444,6285.0,174.58333,2.0
1758076066.41398,33234.0,182.56261,35815.0,196.74068,3048.0,84.66666,6435.0,178.75,2.0
1758076066.41463,33090.0,181.77156,36150.0,198.5809,2663.0,73.97222,6777.0,188.25,2.0
1758076066.43012,32969.0,181.10689,36496.0,200.48158,2219.0,61.63889,6852.0,190.33333,2.0
1758076066.43187,32871.0,180.56854,36841.0,202.37674,1721.0,47.80556,6808.0,189.11111,2.0
1758076066.449,32797.0,180.16205,37184.0,204.26093,1225.0,34.02778,6736.0,187.11111,2.0
1758076066.46415,32747.0,179.88739,37524.0,206.12865,844.0,23.44444,6652.0,184.77777,2.0
1758076066.46575,32713.0,179.70062,37855.0,207.9469,548.0,15.22222,6503.0,180.63889,2.0
1758076066.48015,32692.0,179.58525,38187.0,209.77066,305.0,8.47222,6564.0,182.33333,2.0
1758076066.48205,32682.0,179.53032,38514.0,211.56694,147.0,4.08333,6400.0,177.77777,2.0
1758076066.49792,32675.0,179.49187,38836.0,213.33578,134.0,3.72222,6343.0,176.19444,2.0
1758076066.5141,32675.0,179.49187,39148.0,215.04967,-45.0,-1.25,5988.0,166.33333,2.0
1758076066.51501,32675.0,179.49187,39435.0,216.62624,9.0,0.25,5431.0,150.86111,2.0
1758076066.53012,32674.0,179.48637,39697.0,218.06546,8.0,0.22222,4977.0,138.25,2.0
1758076066.53177,32674.0,179.48637,39935.0,219.37285,9.0,0.25,4470.0,124.16666,2.0
1758076066.54711,32673.0,179.48088,40147.0,220.53743,33.0,0.91667,3958.0,109.94444,2.0
1758076066.56502,32670.0,179.4644,40336.0,221.57565,90.0,2.5,3544.0,98.44444,2.0
1758076066.56543,32662.0,179.42046,40503.0,222.49301,209.0,5.80556,3131.0,86.97222,2.0
1758076066.58114,32649.0,179.34904,40647.0,223.28406,275.0,7.63889,2624.0,72.88889,2.0
1758076066.58198,32630.0,179.24467,40766.0,223.93774,466.0,12.94444,2075.0,57.63889,2.0
1758076066.59919,32601.0,179.08537,40854.0,224.42116,678.0,18.83333,1502.0,41.72222,2.0
1758076066.6003,32563.0,178.87663,40909.0,224.72328,779.0,21.63889,739.0,20.52778,2.0
1758076066.61609,32521.0,178.64592,40927.0,224.82216,908.0,25.22222,102.0,2.83333,2.0
1758076066.63211,32470.0,178.36577,40925.0,224.81117,1112.0,30.88889,-50.0,-1.38889,2.0
1758076066.6345,32409.0,178.03067,40922.0,224.79469,1229.0,34.13889,-75.0,-2.08333,2.0
1758076066.65013,32344.0,177.67361,40914.0,224.75075,1344.0,37.33333,-232.0,-6.44444,2.0
1758076066.65172,32282.0,177.33302,40891.0,224.6244,1085.0,30.13889,-698.0,-19.38889,2.0
1758076066.66787,32242.0,177.1133,40833.0,224.3058,580.0,16.11111,-1482.0,-41.16667,2.0
1758076066.68411,32228.0,177.03639,40734.0,223.76196,59.0,1.63889,-2320.0,-64.44444,2.0
1758076066.6854,32231.0,177.05287,40594.0,222.99292,-32.0,-0.88889,-3050.0,-84.72222,2.0
1758076066.7001,32231.0,177.05287,40421.0,222.04257,12.0,0.33333,-3644.0,-101.22222,2.0
1758076066.70216,32230.0,177.04738,40224.0,220.9604,53.0,1.47222,-4058.0,-112.72222,2.0
1758076066.71796,32226.0,177.02541,40011.0,219.79033,115.0,3.19444,-4319.0,-119.97222,2.0
1758076066.73415,32216.0,176.97047,39792.0,218.58731,307.0,8.52778,-4348.0,-120.77778,2.0
1758076066.73532,32195.0,176.85512,39576.0,217.40079,451.0,12.52778,-4200.0,-116.66666,2.0
1758076066.75012,32171.0,176.72327,39369.0,216.26369,512.0,14.22222,-3993.0,-110.91666,2.0
1758076066.75153,32144.0,176.57495,39175.0,215.19798,496.0,13.77778,-3724.0,-103.44444,2.0
1758076066.76913,32122.0,176.4541,38991.0,214.18723,393.0,10.91667,-3543.0,-98.41666,2.0
1758076066.77033,32110.0,176.38818,38810.0,213.19296,109.0,3.02778,-3607.0,-100.19444,2.0
1758076066.7861,32113.0,176.40466,38620.0,212.14923,-164.0,-4.55556,-3915.0,-108.75,2.0
1758076066.80211,32130.0,176.49805,38410.0,210.99565,-466.0,-12.94444,-4360.0,-121.11111,2.0
1758076066.80412,32164.0,176.68481,38171.0,209.68277,-864.0,-24.0,-5039.0,-139.97223,2.0
1758076066.81912,32222.0,177.00343,37897.0,208.17761,-1318.0,-36.61111,-5674.0,-157.61111,2.0
1758076066.82111,32294.0,177.39894,37597.0,206.52965,-1559.0,-43.30556,-6009.0,-166.91667,2.0
1758076066.83717,32376.0,177.8494,37288.0,204.83223,-1593.0,-44.25,-6127.0,-170.19444,2.0
1758076066.85472,32452.0,178.26689,36987.0,203.17874,-1445.0,-40.13889,-5762.0,-160.05556,2.0
1758076066.85536,32515.0,178.61296,36715.0,201.68459,-1046.0,-29.05556,-5059.0,-140.52777,2.0
1758076066.87111,32556.0,178.83818,36475.0,200.36621,-667.0,-18.52778,-4418.0,-122.72222,2.0
1758076066.87185,32583.0,178.9865,36266.0,199.21814,-484.0,-13.44444,-3887.0,-107.97222,2.0
1758076066.88714,32606.0,179.11284,36081.0,198.20187,-398.0,-11.05556,-3504.0,-97.33334,2.0
1758076066.90389,32631.0,179.25017,35908.0,197.25154,-583.0,-16.19444,-3400.0,-94.44444,2.0
1758076066.9047,32678.0,179.50835,35733.0,196.29024,-1267.0,-35.19444,-3577.0,-99.36111,2.0
1758076066.9201,32769.0,180.00824,35540.0,195.23003,-2171.0,-60.30556,-4005.0,-111.25,2.0
1758076066.92126,32905.0,180.75533,35321.0,194.02701,-3093.0,-85.91666,-4560.0,-126.66666,2.0
1758076066.93611,33087.0,181.75508,35073.0,192.66469,-3981.0,-110.58334,-5082.0,-141.16667,2.0
1758076066.95211,33316.0,183.01305,34800.0,191.16502,-4855.0,-134.86111,-5474.0,-152.05556,2.0
1758076066.95288,33584.0,184.48523,34519.0,189.62143,-5588.0,-155.22223,-5574.0,-154.83333,2.0
1758076066.9681,33880.0,186.11124,34245.0,188.11627,-6004.0,-166.77777,-5236.0,-145.44444,2.0
1758076066.98415,34193.0,187.83063,33997.0,186.75395,-6294.0,-174.83333,-4590.0,-127.5,2.0
1758076066.98486,34523.0,189.6434,33784.0,185.58389,-6647.0,-184.63889,-3894.0,-108.16666,2.0
1758076067.00003,34863.0,191.51109,33609.0,184.62256,-6798.0,-188.83333,-3099.0,-86.08334,2.0
1758076067.00073,35216.0,193.45023,33474.0,183.88098,-7172.0,-199.22223,-2317.0,-64.36111,2.0
1758076067.01605,35586.0,195.48271,33376.0,183.34264,-7383.0,-205.08333,-1615.0,-44.86111,2.0
1758076067.03208,35967.0,197.57564,33311.0,182.98558,-7655.0,-212.63889,-1084.0,-30.11111,2.0
1758076067.03377,36365.0,199.76196,33269.0,182.75487,-8083.0,-224.52777,-597.0,-16.58333,2.0
1758076067.04908,36778.0,202.03067,33251.0,182.65599,-8222.0,-228.38889,-217.0,-6.02778,2.0
1758076067.05035,37206.0,204.38177,33247.0,182.63402,-8576.0,-238.22223,0.0,0.0,2.0
1758076067.0661,37642.0,206.77684,33247.0,182.63402,-8558.0,-237.72223,0.0,0.0,2.0
1758076067.08212,38080.0,209.18289,33247.0,182.63402,-8678.0,-241.05556,0.0,0.0,2.0
1758076067.08416,38516.0,211.57793,33247.0,182.63402,-8483.0,-235.63889,0.0,0.0,2.0
1758076067.09909,38941.0,213.91257,33247.0,182.63402,-8318.0,-231.05556,0.0,0.0,2.0
1758076067.10037,39336.0,216.08241,33248.0,182.63951,-7359.0,-204.41667,6.0,0.16667,2.0
1758076067.11604,39680.0,217.97208,33248.0,182.63951,-6401.0,-177.80556,0.0,0.0,2.0
1758076067.13214,39981.0,219.62553,33248.0,182.63951,-5607.0,-155.75,0.0,0.0,2.0
1758076067.13293,40240.0,221.04829,33248.0,182.63951,-4748.0,-131.88889,0.0,0.0,2.0
1758076067.14807,40459.0,222.25131,33248.0,182.63951,-4073.0,-113.13889,-7.0,-0.19444,2.0
1758076067.16412,40650.0,223.30054,33248.0,182.63951,-3574.0,-99.27778,-11.0,-0.30556,2.0
1758076067.16525,40817.0,224.2179,33246.0,182.62852,-3103.0,-86.19444,-49.0,-1.36111,2.0
1758076067.18013,40962.0,225.01442,33240.0,182.59557,-2674.0,-74.27778,-215.0,-5.97222,2.0
1758076067.18132,41084.0,225.68459,33220.0,182.4857,-2235.0,-62.08333,-535.0,-14.86111,2.0
1758076067.19613,41183.0,226.22842,33181.0,182.27147,-1782.0,-49.5,-887.0,-24.63889,2.0
1758076067.21211,41258.0,226.64041,33130.0,181.99129,-1193.0,-33.13889,-1076.0,-29.88889,2.0
1758076067.21384,41304.0,226.8931,33071.0,181.66719,-664.0,-18.44444,-1258.0,-34.94444,2.0
1758076067.22926,41319.0,226.97549,33002.0,181.28816,17.0,0.47222,-1404.0,-39.0,2.0
1758076067.23067,41308.0,226.91507,32928.0,180.88167,302.0,8.38889,-1536.0,-42.66667,2.0
1758076067.24603,41292.0,226.82718,32848.0,180.4422,386.0,10.72222,-1579.0,-43.86111,2.0
1758076067.26214,41266.0,226.68436,32764.0,179.98077,653.0,18.13889,-1704.0,-47.33333,2.0
1758076067.26368,41224.0,226.45364,32679.0,179.51384,967.0,26.86111,-1684.0,-46.77778,2.0
1758076067.27909,41155.0,226.07462,32602.0,179.09087,1696.0,47.11111,-1363.0,-37.86111,2.0
1758076067.28033,41045.0,225.47035,32547.0,178.78874,2537.0,70.47222,-847.0,-23.52778,2.0
1758076067.29648,40889.0,224.61342,32517.0,178.62395,3494.0,97.05556,-398.0,-11.05556,2.0
1758076067.31216,40689.0,223.51477,32514.0,178.60747,4302.0,119.5,58.0,1.61111,2.0
1758076067.31377,40454.0,222.22385,32515.0,178.61296,4888.0,135.77777,-13.0,-0.36111,2.0
1758076067.32995,40195.0,220.8011,32515.0,178.61296,5249.0,145.80556,-31.0,-0.86111,2.0
1758076067.33073,39923.0,219.30693,32513.0,178.60197,5453.0,151.47223,-47.0,-1.30556,2.0
1758076067.34614,39650.0,217.80728,32510.0,178.58549,5276.0,146.55556,-97.0,-2.69444,2.0
1758076067.36368,39390.0,216.37904,32504.0,178.55254,4992.0,138.66667,-131.0,-3.63889,2.0
1758076067.3643,39145.0,215.03319,32500.0,178.53056,4717.0,131.02777,-60.0,-1.66667,2.0
1758076067.38064,38909.0,213.73679,32498.0,178.51958,4594.0,127.61111,0.0,0.0,2.0
1758076067.38102,38679.0,212.47333,32500.0,178.53056,4516.0,125.44444,47.0,1.30556,2.0
1758076067.39605,38447.0,211.1989,32508.0,178.57451,4618.0,128.27777,242.0,6.72222,2.0
1758076067.4121,38204.0,209.86404,32527.0,178.67888,4848.0,134.66667,447.0,12.41667,2.0
1758076067.41375,37964.0,208.54565,32549.0,178.79973,4641.0,128.91667,337.0,9.36111,2.0
1758076067.42906,37743.0,207.33165,32557.0,178.84367,4098.0,113.83334,-11.0,-0.30556,2.0
1758076067.43068,37555.0,206.29893,32551.0,178.81071,3393.0,94.25,-146.0,-4.05556,2.0
1758076067.44608,37403.0,205.46394,32543.0,178.76677,2705.0,75.13889,-159.0,-4.41667,2.0
1758076067.46212,37285.0,204.81575,32534.0,178.71733,2080.0,57.77778,-160.0,-4.44444,2.0
1758076067.46291,37195.0,204.32135,32530.0,178.69536,1528.0,42.44444,-21.0,-0.58333,2.0
1758076067.4783,37125.0,203.93683,32530.0,178.69536,1305.0,36.25,0.0,0.0,2.0
1758076067.49417,37061.0,203.58527,32531.0,178.70085,1273.0,35.36111,22.0,0.61111,2.0
1758076067.49544,36990.0,203.19522,32534.0,178.71733,1532.0,42.55556,71.0,1.97222,2.0
1758076067.51013,36905.0,202.7283,32542.0,178.76128,1861.0,51.69444,214.0,5.94444,2.0
1758076067.51071,36799.0,202.14603,32559.0,178.85466,2223.0,61.75,412.0,11.44444,2.0
1758076067.52609,36675.0,201.46486,32586.0,179.00298,2562.0,71.16666,630.0,17.5,2.0
1758076067.54214,36536.0,200.70131,32626.0,179.2227,2861.0,79.47222,877.0,24.36111,2.0
1758076067.5437,36382.0,199.85535,32677.0,179.50285,3125.0,86.80556,1093.0,30.36111,2.0
1758076067.55911,36218.0,198.95444,32735.0,179.82147,3305.0,91.80556,1209.0,33.58333,2.0
1758076067.56031,36047.0,198.01511,32805.0,180.20599,3451.0,95.86111,1528.0,42.44444,2.0
1758076067.57616,35867.0,197.02632,32892.0,180.6839,3645.0,101.25,1899.0,52.75,2.0
1758076067.59211,35675.0,195.9716,33003.0,181.29366,3917.0,108.80556,2422.0,67.27778,2.0
1758076067.59326,35469.0,194.84001,33142.0,182.05721,4197.0,116.58334,3034.0,84.27778,2.0
1758076067.60804,35252.0,193.64798,33316.0,183.01305,4363.0,121.19444,3722.0,103.38889,2.0
1758076067.6241,35029.0,192.42299,33524.0,184.15564,4387.0,121.86111,4373.0,121.47222,2.0
1758076067.62487,34810.0,191.21996,33767.0,185.49051,4299.0,119.41666,4967.0,137.97223,2.0
1758076067.64003,34596.0,190.0444,34034.0,186.9572,4097.0,113.80556,5456.0,151.55556,2.0
1758076067.64072,34396.0,188.94574,34325.0,188.55573,3803.0,105.63889,5969.0,165.80556,2.0
1758076067.6561,34215.0,187.95148,34637.0,190.26962,3372.0,93.66666,6336.0,176.0,2.0
1758076067.67211,34055.0,187.07256,34962.0,192.05495,2965.0,82.36111,6489.0,180.25,2.0
1758076067.67325,33917.0,186.31448,35301.0,193.91714,2541.0,70.58334,6845.0,190.13889,2.0
1758076067.68809,33800.0,185.67178,35653.0,195.85075,2121.0,58.91667,6999.0,194.41667,2.0
1758076067.70407,33704.0,185.14444,36011.0,197.81735,1706.0,47.38889,7153.0,198.69444,2.0
1758076067.70525,33625.0,184.71045,36380.0,199.84436,1432.0,39.77778,7398.0,205.5,2.0
1758076067.72008,33561.0,184.35889,36754.0,201.89883,1133.0,31.47222,7323.0,203.41667,2.0
1758076067.72128,33508.0,184.06775,37130.0,203.96429,1011.0,28.08333,7542.0,209.5,2.0
1758076067.73607,33462.0,183.81506,37511.0,206.05724,814.0,22.61111,7495.0,208.19444,2.0
1758076067.75207,33422.0,183.59534,37887.0,208.12268,750.0,20.83333,7423.0,206.19444,2.0
1758076067.75323,33387.0,183.40306,38263.0,210.18814,701.0,19.47222,7398.0,205.5,2.0
1758076067.76807,33352.0,183.2108,38627.0,212.18768,643.0,17.86111,7089.0,196.91667,2.0
1758076067.78409,33325.0,183.06248,38981.0,214.13229,460.0,12.77778,6861.0,190.58333,2.0
1758076067.7849,33304.0,182.94713,39317.0,215.97804,398.0,11.05556,6464.0,179.55556,2.0
1758076067.80021,33293.0,182.8867,39623.0,217.65897,64.0,1.77778,5715.0,158.75,2.0
1758076067.80153,33293.0,182.8867,39889.0,219.12016,0.0,0.0,4924.0,136.77777,2.0
1758076067.81821,33293.0,182.8867,40116.0,220.36714,0.0,0.0,4135.0,114.86111,2.0
1758076067.83407,33293.0,182.8867,40307.0,221.41634,9.0,0.25,3498.0,97.16666,2.0
1758076067.83526,33292.0,182.88121,40467.0,222.29526,23.0,0.63889,2975.0,82.63889,2.0
1758076067.8501,33289.0,182.86473,40602.0,223.03687,92.0,2.55556,2456.0,68.22222,2.0
1758076067.85185,33280.0,182.81529,40712.0,223.64111,238.0,6.61111,1971.0,54.75,2.0
1758076067.86732,33264.0,182.7274,40795.0,224.09705,388.0,10.77778,1411.0,39.19444,2.0
1758076067.88421,33240.0,182.59557,40851.0,224.40468,522.0,14.5,885.0,24.58333,2.0
1758076067.88459,33210.0,182.43077,40877.0,224.5475,629.0,17.47222,140.0,3.88889,2.0
1758076067.90008,33177.0,182.2495,40874.0,224.53102,687.0,19.08333,-100.0,-2.77778,2.0
1758076067.90087,33136.0,182.02425,40868.0,224.49806,912.0,25.33333,-101.0,-2.80556,2.0
1758076067.91628,33091.0,181.77705,40856.0,224.43214,781.0,21.69444,-377.0,-10.47222,2.0
1758076067.93203,33063.0,181.62325,40822.0,224.24536,397.0,11.02778,-918.0,-25.5,2.0
1758076067.9327,33058.0,181.59578,40755.0,223.87732,-54.0,-1.5,-1632.0,-45.33333,2.0
1758076067.94818,33064.0,181.62874,40651.0,223.30603,-118.0,-3.27778,-2364.0,-65.66666,2.0
1758076067.96416,33068.0,181.65071,40510.0,222.53146,-33.0,-0.91667,-3011.0,-83.63889,2.0
1758076067.9654,33067.0,181.64522,40341.0,221.60312,65.0,1.80556,-3536.0,-98.22222,2.0
1758076067.98012,33062.0,181.61775,40148.0,220.54292,139.0,3.86111,-3957.0,-109.91666,2.0
1758076067.98132,33050.0,181.55183,39939.0,219.39482,374.0,10.38889,-4190.0,-116.38889,2.0
1758076067.99612,33022.0,181.39803,39725.0,218.21927,703.0,19.52778,-4233.0,-117.58334,2.0
1758076068.0121,32978.0,181.15633,39512.0,217.04921,957.0,26.58333,-4184.0,-116.22222,2.0
1758076068.01487,32929.0,180.88716,39303.0,215.90114,993.0,27.58333,-4122.0,-114.5,2.0
1758076068.03005,32875.0,180.59052,39094.0,214.75304,1160.0,32.22222,-4187.0,-116.30556,2.0
1758076068.03072,32807.0,180.21698,38882.0,213.58847,1466.0,40.72222,-4241.0,-117.80556,2.0
1758076068.04609,32730.0,179.79401,38663.0,212.38544,1551.0,43.08333,-4438.0,-123.27778,2.0
1758076068.06328,32655.0,179.382,38426.0,211.08354,1407.0,39.08333,-4949.0,-137.47223,2.0
1758076068.0637,32597.0,179.0634,38156.0,209.60037,979.0,27.19444,-5638.0,-156.61111,2.0
1758076068.07907,32568.0,178.9041,37862.0,207.98535,203.0,5.63889,-5762.0,-160.05556,2.0
1758076068.08034,32573.0,178.93156,37581.0,206.44176,-243.0,-6.75,-5252.0,-145.88889,2.0
1758076068.09606,32583.0,178.9865,37336.0,205.0959,-33.0,-0.91667,-4540.0,-126.11111,2.0
1758076068.11211,32576.0,178.94804,37124.0,203.93134,212.0,5.88889,-3870.0,-107.5,2.0
1758076068.11287,32560.0,178.86015,36948.0,202.96451,440.0,12.22222,-3111.0,-86.41666,2.0
1758076068.12807,32529.0,178.68987,36815.0,202.23392,759.0,21.08333,-2263.0,-62.86111,2.0
1758076068.14484,32487.0,178.45915,36725.0,201.73952,886.0,24.61111,-1454.0,-40.38889,2.0
1758076068.14552,32444.0,178.22293,36663.0,201.39894,760.0,21.11111,-1028.0,-28.55556,2.0
1758076068.1611,32421.0,178.09659,36616.0,201.14076,173.0,4.80556,-918.0,-25.5,2.0
1758076068.16185,32434.0,178.168,36559.0,200.82765,-520.0,-14.44444,-1366.0,-37.94444,2.0
1758076068.17788,32483.0,178.43718,36469.0,200.33325,-1352.0,-37.55556,-2120.0,-58.88889,2.0
1758076068.19409,32581.0,178.97551,36332.0,199.58069,-2413.0,-67.02778,-3137.0,-87.13889,2.0
1758076068.19536,32736.0,179.82697,36144.0,198.54794,-3545.0,-98.47222,-4159.0,-115.52778,2.0
1758076068.21013,32941.0,180.95308,35911.0,197.26802,-4407.0,-122.41666,-4936.0,-137.11111,2.0
1758076068.21191,33184.0,182.28795,35645.0,195.80681,-5113.0,-142.02777,-5496.0,-152.66667,2.0
1758076068.22907,33462.0,183.81506,35357.0,194.22476,-5643.0,-156.75,-5756.0,-159.88889,2.0
1758076068.23065,33755.0,185.42459,35067.0,192.63173,-5798.0,-161.05556,-5605.0,-155.69444,2.0
1758076068.24611,34050.0,187.04509,34791.0,191.11559,-5866.0,-162.94444,-5311.0,-147.52777,2.0
1758076068.26384,34350.0,188.69305,34535.0,189.70932,-5971.0,-165.86111,-4863.0,-135.08333,2.0
1758076068.26452,34652.0,190.35202,34308.0,188.46234,-5944.0,-165.11111,-4214.0,-117.05556,2.0
1758076068.28008,34955.0,192.01649,34116.0,187.40764,-6024.0,-167.33333,-3482.0,-96.72222,2.0
1758076068.28185,35267.0,193.73038,33958.0,186.53972,-6309.0,-175.25,-2887.0,-80.19444,2.0
1758076068.29806,35593.0,195.52116,33824.0,185.80362,-6520.0,-181.11111,-2440.0,-67.77778,2.0
1758076068.31418,35931.0,197.37788,33713.0,185.19388,-6863.0,-190.63889,-2058.0,-57.16667,2.0
1758076068.31494,36292.0,199.36096,33617.0,184.6665,-7304.0,-202.88889,-1742.0,-48.38889,2.0
1758076068.33014,36672.0,201.44838,33534.0,184.21057,-7647.0,-212.41667,-1538.0,-42.72222,2.0
1758076068.33216,37070.0,203.6347,33463.0,183.82056,-8085.0,-224.58333,-1337.0,-37.13889,2.0
1758076068.34894,37484.0,205.90889,33401.0,183.47997,-8194.0,-227.61111,-1101.0,-30.58333,2.0
1758076068.36405,37899.0,208.1886,33355.0,183.22728,-8247.0,-229.08333,-810.0,-22.5,2.0
1758076068.36483,38320.0,210.50127,33322.0,183.04601,-8254.0,-229.27777,-571.0,-15.86111,2.0
1758076068.38004,38734.0,212.77545,33298.0,182.91417,-8107.0,-225.19444,-394.0,-10.94444,2.0
1758076068.38169,39140.0,215.00572,33286.0,182.84825,-7908.0,-219.66667,-146.0,-4.05556,2.0
1758076068.39787,39513.0,217.0547,33285.0,182.84276,-6996.0,-194.33333,0.0,0.0,2.0
1758076068.4141,39849.0,218.90044,33285.0,182.84276,-6369.0,-176.91667,0.0,0.0,2.0
1758076068.41485,40151.0,220.5594,33285.0,182.84276,-5647.0,-156.86111,0.0,0.0,2.0
1758076068.43022,40418.0,222.02609,33285.0,182.84276,-5054.0,-140.38889,-11.0,-0.30556,2.0
1758076068.43164,40658.0,223.34448,33281.0,182.82079,-4555.0,-126.52778,-112.0,-3.11111,2.0
1758076068.44706,40873.0,224.52553,33273.0,182.77684,-4043.0,-112.30556,-193.0,-5.36111,2.0
1758076068.46469,41064.0,225.57472,33258.0,182.69444,-3530.0,-98.05556,-425.0,-11.80556,2.0
1758076068.46544,41230.0,226.4866,33223.0,182.50218,-3095.0,-85.97222,-911.0,-25.30556,2.0
1758076068.48108,41376.0,227.28864,33161.0,182.16161,-2694.0,-74.83334,-1446.0,-40.16667,2.0
1758076068.48186,41498.0,227.9588,33077.0,181.70015,-2150.0,-59.72222,-1821.0,-50.58333,2.0
1758076068.49793,41589.0,228.45868,32974.0,181.13435,-1490.0,-41.38889,-2157.0,-59.91667,2.0
1758076068.51408,41643.0,228.75533,32858.0,180.49713,-722.0,-20.05556,-2355.0,-65.41666,2.0
1758076068.51488,41658.0,228.83772,32732.0,179.80499,2.0,0.05556,-2548.0,-70.77778,2.0
1758076068.53284,41655.0,228.82124,32602.0,179.09087,47.0,1.30556,-2573.0,-71.47222,2.0
1758076068.53537,41651.0,228.79927,32471.0,178.37126,94.0,2.61111,-2566.0,-71.27778,2.0
1758076068.55014,41633.0,228.70039,32352.0,177.71756,646.0,17.94444,-2149.0,-59.69444,2.0
1758076068.55111,41575.0,228.38177,32262.0,177.22316,1573.0,43.69444,-1483.0,-41.19444,2.0
1758076068.56608,41464.0,227.77203,32211.0,176.94301,2623.0,72.86111,-665.0,-18.47222,2.0
1758076068.5839,41300.0,226.87112,32203.0,176.89906,3660.0,101.66666,82.0,2.27778,2.0
1758076068.58504,41090.0,225.71756,32212.0,176.9485,4513.0,125.36111,210.0,5.83333,2.0
1758076068.60017,40841.0,224.34975,32218.0,176.98146,5213.0,144.80556,13.0,0.36111,2.0
1758076068.60102,40565.0,222.83359,32217.0,176.97597,5550.0,154.16667,-53.0,-1.47222,2.0
1758076068.61613,40279.0,221.26253,32214.0,176.95949,5637.0,156.58333,-79.0,-2.19444,2.0
1758076068.63208,39992.0,219.68596,32209.0,176.93202,5656.0,157.11111,-110.0,-3.05556,2.0
1758076068.63283,39714.0,218.15884,32205.0,176.91005,5360.0,148.88889,-60.0,-1.66667,2.0
1758076068.64819,39453.0,216.72511,32205.0,176.91005,5052.0,140.33333,35.0,0.97222,2.0
1758076068.66411,39200.0,215.33531,32207.0,176.92104,4994.0,138.72223,43.0,1.19444,2.0
1758076068.66504,38941.0,213.91257,32210.0,176.93752,5170.0,143.61111,83.0,2.30556,2.0
1758076068.68011,38672.0,212.43488,32218.0,176.98146,5400.0,150.0,198.0,5.5,2.0
1758076068.68135,38392.0,210.89677,32229.0,177.04189,5601.0,155.58333,169.0,4.69444,2.0
1758076068.69616,38108.0,209.3367,32237.0,177.08583,5583.0,155.08333,145.0,4.02778,2.0
1758076068.71216,37833.0,207.82605,32244.0,177.12428,5290.0,146.94444,144.0,4.0,2.0
1758076068.71302,37572.0,206.39232,32251.0,177.16273,5021.0,139.47223,101.0,2.80556,2.0
1758076068.72818,37321.0,205.0135,32258.0,177.20119,4877.0,135.47223,169.0,4.69444,2.0
1758076068.74425,37078.0,203.67865,32270.0,177.26711,4670.0,129.72223,278.0,7.72222,2.0
1758076068.74532,36852.0,202.43716,32285.0,177.3495,4270.0,118.61111,362.0,10.05556,2.0
1758076068.76015,36647.0,201.31105,32306.0,177.46486,3885.0,107.91666,391.0,10.86111,2.0
1758076068.76097,36454.0,200.25085,32332.0,177.6077,3758.0,104.38889,641.0,17.80556,2.0
1758076068.7761,36263.0,199.20166,32378.0,177.86038,3790.0,105.27778,1136.0,31.55556,2.0
1758076068.79313,36063.0,198.103,32454.0,178.27788,4089.0,113.58334,1796.0,49.88889,2.0
1758076068.79393,35847.0,196.91646,32570.0,178.91508,4458.0,123.83334,2713.0,75.36111,2.0
1758076068.81009,35608.0,195.60356,32735.0,179.82147,4947.0,137.41667,3694.0,102.61111,2.0
1758076068.81079,35344.0,194.15335,32949.0,180.99702,5379.0,149.41667,4604.0,127.88889,2.0
1758076068.82613,35066.0,192.62624,33201.0,182.38133,5493.0,152.58333,5289.0,146.91667,2.0
1758076068.84211,34792.0,191.12108,33485.0,183.94141,5323.0,147.86111,5869.0,163.02777,2.0
1758076068.84373,34534.0,189.70383,33792.0,185.62784,4918.0,136.61111,6195.0,172.08333,2.0
1758076068.85916,34304.0,188.44037,34113.0,187.39116,4258.0,118.27778,6447.0,179.08333,2.0
1758076068.86127,34110.0,187.37468,34446.0,189.22043,3547.0,98.52778,6659.0,184.97223,2.0
1758076068.87792,33949.0,186.49028,34788.0,191.09911,2878.0,79.94444,6806.0,189.05556,2.0
1758076068.89409,33820.0,185.78165,35132.0,192.98878,2273.0,63.13889,6825.0,189.58333,2.0
1758076068.89531,33720.0,185.23233,35485.0,194.9279,1738.0,48.27778,7066.0,196.27777,2.0
1758076068.91021,33645.0,184.82031,35843.0,196.89449,1322.0,36.72222,7049.0,195.80556,2.0
1758076068.91101,33588.0,184.5072,36208.0,198.89951,952.0,26.44444,7339.0,203.86111,2.0
1758076068.92615,33548.0,184.28748,36583.0,200.95949,698.0,19.38889,7449.0,206.91667,2.0
1758076068.94415,33514.0,184.10071,36961.0,203.03592,647.0,17.97222,7484.0,207.88889,2.0
1758076068.94452,33484.0,183.93591,37346.0,205.15083,506.0,14.05556,7661.0,212.80556,2.0
1758076068.96021,33464.0,183.82605,37727.0,207.24376,318.0,8.83333,7472.0,207.55556,2.0
1758076068.96161,33449.0,183.74365,38105.0,209.32022,279.0,7.75,7398.0,205.5,2.0
1758076068.97696,33436.0,183.67224,38478.0,211.36919,249.0,6.91667,7106.0,197.38889,2.0
1758076068.99485,33425.0,183.61182,38825.0,213.27536,164.0,4.55556,6696.0,186.0,2.0
1758076068.99551,33424.0,183.60632,39147.0,215.04417,-41.0,-1.13889,6045.0,167.91667,2.0
1758076069.01116,33425.0,183.61182,39429.0,216.59328,0.0,0.0,5231.0,145.30556,2.0
1758076069.01198,33425.0,183.61182,39672.0,217.92813,14.0,0.38889,4494.0,124.83334,2.0
1758076069.02707,33424.0,183.60632,39880.0,219.07072,23.0,0.63889,3772.0,104.77778,2.0
1758076069.04398,33421.0,183.58984,40051.0,220.01006,88.0,2.44444,3121.0,86.69444,2.0
1758076069.04472,33412.0,183.54041,40191.0,220.77913,275.0,7.63889,2526.0,70.16666,2.0
1758076069.06017,33391.0,183.42503,40303.0,221.39436,549.0,15.25,2029.0,56.36111,2.0
1758076069.06098,33353.0,183.21629,40392.0,221.88327,867.0,24.08333,1514.0,42.05556,2.0
1758076069.07609,33305.0,182.95262,40456.0,222.23483,1028.0,28.55556,1062.0,29.5,2.0
1758076069.09216,33244.0,182.61754,40493.0,222.43808,1299.0,36.08333,381.0,10.58333,2.0
1758076069.09418,33172.0,182.22203,40494.0,222.44357,1494.0,41.5,-99.0,-2.75,2.0
1758076069.1091,33097.0,181.81001,40480.0,222.36667,1446.0,40.16667,-409.0,-11.36111,2.0
1758076069.11035,33034.0,181.46394,40448.0,222.19089,1108.0,30.77778,-843.0,-23.41667,2.0
1758076069.12631,32990.0,181.22224,40387.0,221.8558,719.0,19.97222,-1470.0,-40.83333,2.0
1758076069.14288,32967.0,181.0959,40291.0,221.32845,247.0,6.86111,-2192.0,-60.88889,2.0
1758076069.14356,32967.0,181.0959,40160.0,220.60884,-85.0,-2.36111,-2816.0,-78.22222,2.0
1758076069.15909,32970.0,181.11238,40003.0,219.74638,0.0,0.0,-3317.0,-92.13889,2.0
1758076069.16042,32967.0,181.0959,39825.0,218.7686,82.0,2.27778,-3665.0,-101.80556,2.0
1758076069.17612,32963.0,181.07393,39633.0,217.7139,105.0,2.91667,-3849.0,-106.91666,2.0
1758076069.19325,32956.0,181.03548,39433.0,216.61525,162.0,4.5,-3943.0,-109.52778,2.0
1758076069.19374,32947.0,180.98604,39230.0,215.50011,170.0,4.72222,-3997.0,-111.02778,2.0
1758076069.20913,32939.0,180.94209,39027.0,214.38498,184.0,5.11111,-4020.0,-111.66666,2.0
1758076069.21041,32928.0,180.88167,38822.0,213.25888,265.0,7.36111,-4086.0,-113.5,2.0
1758076069.22909,32912.0,180.79378,38613.0,212.11078,324.0,9.0,-4201.0,-116.69444,2.0
1758076069.24413,32896.0,180.70589,38391.0,210.89128,290.0,8.05556,-4584.0,-127.33334,2.0
1758076069.24535,32888.0,180.66193,38141.0,209.51797,7.0,0.19444,-5221.0,-145.02777,2.0
1758076069.26015,32897.0,180.71138,37868.0,208.01831,-262.0,-7.27778,-5320.0,-147.77777,2.0
1758076069.26098,32909.0,180.7773,37612.0,206.61205,-135.0,-3.75,-4734.0,-131.5,2.0
1758076069.27619,32908.0,180.7718,37394.0,205.41451,164.0,4.55556,-3917.0,-108.80556,2.0
1758076069.29303,32889.0,180.66742,37216.0,204.43671,512.0,14.22222,-3168.0,-88.0,2.0
1758076069.29382,32851.0,180.45868,37076.0,203.66766,936.0,26.0,-2516.0,-69.88889,2.0
1758076069.30918,32798.0,180.16754,36965.0,203.05789,1075.0,29.86111,-1988.0,-55.22222,2.0
1758076069.31072,32746.0,179.8819,36870.0,202.53604,1001.0,27.80556,-1760.0,-48.88889,2.0
1758076069.32613,32707.0,179.66766,36780.0,202.04166,563.0,15.63889,-1780.0,-49.44444,2.0
1758076069.34308,32697.0,179.61272,36688.0,201.53627,-86.0,-2.38889,-1911.0,-53.08333,2.0
1758076069.34377,32713.0,179.70062,36586.0,200.97597,-478.0,-13.27778,-2094.0,-58.16667,2.0
1758076069.35918,32750.0,179.90387,36471.0,200.34424,-885.0,-24.58333,-2381.0,-66.13889,2.0
1758076069.36044,32805.0,180.20599,36341.0,199.63013,-1274.0,-35.38889,-2685.0,-74.58334,2.0
1758076069.37618,32886.0,180.65094,36197.0,198.83908,-1833.0,-50.91667,-2958.0,-82.16666,2.0
1758076069.39372,32994.0,181.24422,36040.0,197.97665,-2391.0,-66.41666,-3159.0,-87.75,2.0
1758076069.39439,33130.0,181.99129,35872.0,197.05379,-2958.0,-82.16666,-3453.0,-95.91666,2.0
1758076069.4102,33294.0,182.8922,35687.0,196.03752,-3478.0,-96.61111,-3845.0,-106.80556,2.0
1758076069.41143,33485.0,183.94141,35479.0,194.89494,-3974.0,-110.38889,-4351.0,-120.86111,2.0
1758076069.42621,33699.0,185.11697,35248.0,193.62601,-4389.0,-121.91666,-4727.0,-131.30556,2.0
1758076069.44221,33930.0,186.38591,35004.0,192.28566,-4694.0,-130.38889,-4896.0,-136.0,2.0
1758076069.44427,34175.0,187.73174,34756.0,190.92332,-4957.0,-137.69444,-4942.0,-137.27777,2.0
1758076069.45919,34435.0,189.16,34506.0,189.55002,-5235.0,-145.41667,-4884.0,-135.66667,2.0
1758076069.46054,34707.0,190.65416,34267.0,188.23712,-5420.0,-150.55556,-4591.0,-127.52778,2.0
1758076069.47619,34988.0,192.19777,34049.0,187.0396,-5693.0,-158.13889,-4115.0,-114.30556,2.0
1758076069.49219,35286.0,193.83475,33855.0,185.97391,-6042.0,-167.83333,-3628.0,-100.77778,2.0
1758076069.493,35599.0,195.55412,33684.0,185.03458,-6257.0,-173.80556,-3202.0,-88.94444,2.0
1758076069.50809,35922.0,197.32845,33535.0,184.21606,-6527.0,-181.30556,-2748.0,-76.33334,2.0
1758076069.52418,36262.0,199.19617,33407.0,183.51292,-6850.0,-190.27777,-2356.0,-65.44444,2.0
1758076069.52498,36617.0,201.14626,33300.0,182.92516,-7107.0,-197.41667,-1974.0,-54.83333,2.0
1758076069.54016,36983.0,203.15677,33211.0,182.43626,-7318.0,-203.27777,-1648.0,-45.77778,2.0
1758076069.54107,37363.0,205.24422,33134.0,182.01326,-7527.0,-209.08333,-1382.0,-38.38889,2.0
1758076069.55623,37742.0,207.32616,33072.0,181.67268,-7519.0,-208.86111,-1123.0,-31.19444,2.0
1758076069.57216,38125.0,209.43008,33020.0,181.38704,-7603.0,-211.19444,-931.0,-25.86111,2.0
1758076069.57336,38512.0,211.55595,32980.0,181.16731,-7444.0,-206.77777,-701.0,-19.47222,2.0
1758076069.58815,38885.0,213.60495,32947.0,180.98604,-7376.0,-204.88889,-639.0,-17.75,2.0
1758076069.6042,39241.0,215.56053,32922.0,180.84871,-6681.0,-185.58333,-328.0,-9.11111,2.0
1758076069.605,39557.0,217.29642,32910.0,180.78279,-5965.0,-165.69444,-198.0,-5.5,2.0
1758076069.6201,39843.0,218.86748,32902.0,180.73885,-5450.0,-151.38889,-126.0,-3.5,2.0
1758076069.6208,40104.0,220.30122,32895.0,180.70038,-4881.0,-135.58333,-162.0,-4.5,2.0
1758076069.63618,40338.0,221.58664,32884.0,180.63995,-4402.0,-122.27778,-276.0,-7.66667,2.0
1758076069.65386,40552.0,222.76218,32862.0,180.5191,-4078.0,-113.27778,-565.0,-15.69444,2.0
1758076069.6546,40749.0,223.84436,32823.0,180.30487,-3717.0,-103.25,-978.0,-27.16667,2.0
1758076069.6702,40925.0,224.81117,32762.0,179.96979,-3278.0,-91.05556,-1356.0,-37.66667,2.0
1758076069.6714,41065.0,225.58022,32696.0,179.60722,-2385.0,-66.25,-1241.0,-34.47222,2.0
1758076069.68617,41151.0,226.05264,32643.0,179.31609,-1171.0,-32.52778,-866.0,-24.05556,2.0
1758076069.70218,41173.0,226.17349,32619.0,179.18425,116.0,3.22222,-155.0,-4.30556,2.0
1758076069.70338,41149.0,226.04166,32622.0,179.20073,681.0,18.91667,104.0,2.88889,2.0
1758076069.71816,41095.0,225.74503,32630.0,179.24467,1370.0,38.05556,139.0,3.86111,2.0
1758076069.73425,41002.0,225.23415,32639.0,179.29411,2189.0,60.80556,219.0,6.08333,2.0
1758076069.73506,40868.0,224.49806,32653.0,179.37102,2979.0,82.75,263.0,7.30556,2.0
1758076069.75016,40696.0,223.55322,32669.0,179.45891,3736.0,103.77778,352.0,9.77778,2.0
1758076069.75083,40488.0,222.41061,32681.0,179.52483,4378.0,121.61111,140.0,3.88889,2.0
1758076069.76617,40250.0,221.10323,32683.0,179.53581,4960.0,137.77777,-28.0,-0.77778,2.0
1758076069.78304,39984.0,219.64201,32682.0,179.53032,5479.0,152.19444,-41.0,-1.13889,2.0
1758076069.78378,39698.0,218.07095,32681.0,179.52483,5804.0,161.22223,0.0,0.0,2.0
1758076069.79918,39396.0,216.412,32682.0,179.53032,6074.0,168.72223,3.0,0.08333,2.0
1758076069.80041,39075.0,214.64867,32687.0,179.55779,6608.0,183.55556,171.0,4.75,2.0
1758076069.81797,38726.0,212.73151,32705.0,179.65668,7087.0,196.86111,524.0,14.55556,2.0
1758076069.83528,38350.0,210.66606,32742.0,179.85992,7745.0,215.13889,921.0,25.58333,2.0
1758076069.83565,37941.0,208.41931,32792.0,180.13458,8187.0,227.41667,966.0,26.83333,2.0
1758076069.85114,37544.0,206.23851,32824.0,180.31036,7476.0,207.66667,262.0,7.27778,2.0
1758076069.85312,37191.0,204.29938,32815.0,180.26093,6544.0,181.77777,-329.0,-9.13889,2.0
1758076069.87149,36901.0,202.70633,32790.0,180.1236,5061.0,140.58333,-650.0,-18.05556,2.0
1758076069.87296,36690.0,201.54726,32749.0,179.89838,3460.0,96.11111,-961.0,-26.69444,2.0
1758076069.88999,36555.0,200.80568,32694.0,179.59624,2083.0,57.86111,-1197.0,-33.25,2.0
1758076069.89312,36481.0,200.39919,32630.0,179.24467,1013.0,28.13889,-1247.0,-34.63889,2.0
1758076069.90996,36454.0,200.25085,32574.0,178.93706,218.0,6.05556,-949.0,-26.36111,2.0
1758076069.91199,36454.0,200.25085,32537.0,178.73381,-37.0,-1.02778,-529.0,-14.69444,2.0
1758076069.92821,36453.0,200.24536,32528.0,178.68437,41.0,1.13889,100.0,2.77778,2.0
1758076069.94418,36445.0,200.20142,32534.0,178.71733,281.0,7.80556,101.0,2.80556,2.0
1758076069.94499,36417.0,200.04761,32542.0,178.76128,811.0,22.52778,205.0,5.69444,2.0
1758076069.96017,36356.0,199.71252,32561.0,178.86565,1492.0,41.44444,495.0,13.75,2.0
1758076069.96098,36264.0,199.20715,32596.0,179.05791,2017.0,56.02778,862.0,23.94444,2.0
1758076069.97621,36148.0,198.56992,32646.0,179.33257,2474.0,68.72222,1107.0,30.75,2.0
1758076069.99302,36014.0,197.83383,32706.0,179.66217,2731.0,75.86111,1136.0,31.55556,2.0
1758076069.99472,35871.0,197.04829,32765.0,179.98627,2851.0,79.19444,1206.0,33.5,2.0
1758076070.01128,35725.0,196.24629,32828.0,180.33234,2922.0,81.16666,1251.0,34.75,2.0
1758076070.01174,35572.0,195.40581,32896.0,180.70589,3083.0,85.63889,1467.0,40.75,2.0
1758076070.02887,35408.0,194.50491,32980.0,181.16731,3348.0,93.0,1817.0,50.47222,2.0
1758076070.04418,35228.0,193.51614,33088.0,181.76057,3753.0,104.25,2337.0,64.91666,2.0
1758076070.04505,35026.0,192.40651,33224.0,182.50768,4193.0,116.47222,2973.0,82.58334,2.0
1758076070.06022,34802.0,191.17601,33393.0,183.43602,4584.0,127.33334,3644.0,101.22222,2.0
1758076070.0614,34563.0,189.86313,33597.0,184.55664,4824.0,134.0,4309.0,119.69444,2.0
1758076070.07885,34317.0,188.51178,33832.0,185.84756,4831.0,134.19444,4880.0,135.55556,2.0
1758076070.0942,34079.0,187.20439,34093.0,187.2813,4620.0,128.33333,5371.0,149.19444,2.0
1758076070.09501,33855.0,185.97391,34378.0,188.84686,4270.0,118.61111,5845.0,162.36111,2.0
1758076070.1102,33652.0,184.85876,34684.0,190.5278,3814.0,105.94444,6143.0,170.63889,2.0
1758076070.11139,33475.0,183.88647,35000.0,192.26369,3256.0,90.44444,6309.0,175.25,2.0
1758076070.1262,33327.0,183.07347,35324.0,194.04349,2671.0,74.19444,6497.0,180.47223,2.0
1758076070.14221,33208.0,182.41978,35655.0,195.86174,2104.0,58.44444,6517.0,181.02777,2.0
1758076070.14337,33118.0,181.92537,35985.0,197.67453,1576.0,43.77778,6548.0,181.88889,2.0
1758076070.15817,33054.0,181.57381,36319.0,199.50928,1053.0,29.25,6626.0,184.05556,2.0
1758076070.17422,33011.0,181.3376,36656.0,201.36049,697.0,19.36111,6666.0,185.16667,2.0
1758076070.17545,32980.0,181.16731,36993.0,203.21173,546.0,15.16667,6660.0,185.0,2.0
1758076070.19024,32959.0,181.05196,37335.0,205.09041,290.0,8.05556,6817.0,189.36111,2.0
1758076070.19138,32953.0,181.019,37677.0,206.9691,14.0,0.38889,6744.0,187.33333,2.0
1758076070.20612,32953.0,181.019,38023.0,208.86978,0.0,0.0,6872.0,190.88889,2.0
1758076070.22297,32953.0,181.019,38368.0,210.76494,0.0,0.0,6711.0,186.41667,2.0
1758076070.22492,32955.0,181.02998,38696.0,212.56671,-33.0,-0.91667,6298.0,174.94444,2.0
1758076070.24021,32956.0,181.03548,39001.0,214.24216,0.0,0.0,5786.0,160.72223,2.0
1758076070.24103,32955.0,181.02998,39279.0,215.76927,9.0,0.25,5223.0,145.08333,2.0
1758076070.25617,32954.0,181.02449,39529.0,217.14259,21.0,0.58333,4717.0,131.02777,2.0
1758076070.27221,32953.0,181.019,39754.0,218.37857,54.0,1.5,4248.0,118.0,2.0
1758076070.27298,32946.0,180.98055,39956.0,219.4882,232.0,6.44444,3779.0,104.97222,2.0
1758076070.2882,32931.0,180.89815,40127.0,220.42757,325.0,9.02778,3039.0,84.41666,2.0
1758076070.30418,32918.0,180.82674,40256.0,221.13618,238.0,6.61111,2137.0,59.36111,2.0
1758076070.30536,32911.0,180.78828,40337.0,221.58115,56.0,1.55556,1186.0,32.94444,2.0
1758076070.32027,32911.0,180.78828,40362.0,221.71848,0.0,0.0,-6.0,-0.16667,2.0
1758076070.321,32911.0,180.78828,40345.0,221.62509,7.0,0.19444,-495.0,-13.75,2.0
1758076070.3362,32911.0,180.78828,40307.0,221.41634,11.0,0.30556,-934.0,-25.94444,2.0
1758076070.35225,32912.0,180.79378,40244.0,221.07027,0.0,0.0,-1475.0,-40.97222,2.0
1758076070.35303,32913.0,180.79927,40150.0,220.55391,-20.0,-0.55556,-2097.0,-58.25,2.0
1758076070.36825,32915.0,180.81026,40024.0,219.86174,-36.0,-1.0,-2793.0,-77.58334,2.0
1758076070.3842,32918.0,180.82674,39865.0,218.98833,-60.0,-1.66667,-3393.0,-94.25,2.0
1758076070.38499,32921.0,180.84322,39674.0,217.93912,-68.0,-1.88889,-4028.0,-111.88889,2.0
1758076070.40023,32922.0,180.84871,39455.0,216.7361,16.0,0.44444,-4491.0,-124.75,2.0
1758076070.40109,32923.0,180.8542,39214.0,215.41222,-54.0,-1.5,-4961.0,-137.80556,2.0
1758076070.41624,32932.0,180.90364,38947.0,213.94553,-271.0,-7.52778,-5440.0,-151.11111,2.0
1758076070.43488,32956.0,181.03548,38656.0,212.34698,-609.0,-16.91667,-5941.0,-165.02777,2.0
1758076070.43532,32990.0,181.22224,38340.0,210.61113,-660.0,-18.33333,-6544.0,-181.77777,2.0
1758076070.45204,33020.0,181.38704,37984.0,208.65552,-539.0,-14.97222,-7427.0,-206.30556,2.0
1758076070.45277,33049.0,181.54634,37596.0,206.52415,-607.0,-16.86111,-7678.0,-213.27777,2.0
1758076070.46819,33078.0,181.70564,37220.0,204.45868,-517.0,-14.36111,-7098.0,-197.16667,2.0
1758076070.48419,33089.0,181.76607,36899.0,202.69534,49.0,1.36111,-5681.0,-157.80556,2.0
1758076070.48501,33067.0,181.64522,36654.0,201.3495,777.0,21.58333,-4167.0,-115.75,2.0
1758076070.50021,33002.0,181.28816,36486.0,200.42665,1716.0,47.66667,-2662.0,-73.94444,2.0
1758076070.50101,32886.0,180.65094,36390.0,199.89929,2691.0,74.75,-1291.0,-35.86111,2.0
1758076070.51616,32731.0,179.7995,36362.0,199.74548,3313.0,92.02778,-97.0,-2.69444,2.0
1758076070.53222,32560.0,178.86015,36364.0,199.75647,3322.0,92.27778,21.0,0.58333,2.0
1758076070.53342,32404.0,178.0032,36363.0,199.75098,2831.0,78.63889,-56.0,-1.55556,2.0
1758076070.54992,32284.0,177.34401,36353.0,199.69604,1979.0,54.97222,-355.0,-9.86111,2.0
1758076070.55065,32216.0,176.97047,36318.0,199.50378,885.0,24.58333,-976.0,-27.11111,2.0
1758076070.5672,32205.0,176.91005,36248.0,199.11926,-297.0,-8.25,-1641.0,-45.58333,2.0
1758076070.58401,32237.0,177.08583,36149.0,198.57541,-865.0,-24.02778,-2196.0,-61.0,2.0
1758076070.58515,32296.0,177.40993,36030.0,197.92172,-1419.0,-39.41667,-2444.0,-67.88889,2.0
1758076070.60028,32381.0,177.87686,35905.0,197.23506,-1784.0,-49.55556,-2516.0,-69.88889,2.0
1758076070.60141,32479.0,178.41521,35780.0,196.54842,-2056.0,-57.11111,-2455.0,-68.19444,2.0
1758076070.61776,32588.0,179.01396,35659.0,195.88371,-2245.0,-62.36111,-2319.0,-64.41666,2.0
1758076070.638,32705.0,179.65668,35547.0,195.26848,-2392.0,-66.44444,-2125.0,-59.02778,2.0
1758076070.63877,32830.0,180.34332,35445.0,194.70816,-2510.0,-69.72222,-1912.0,-53.11111,2.0
1758076070.65535,32962.0,181.06844,35350.0,194.18631,-2699.0,-74.97222,-1849.0,-51.36111,2.0
1758076070.6575,33106.0,181.85945,35253.0,193.65347,-2996.0,-83.22222,-2015.0,-55.97222,2.0
1758076070.67315,33271.0,182.76585,35143.0,193.04921,-3434.0,-95.38889,-2293.0,-63.69444,2.0
1758076070.67399,33461.0,183.80957,35016.0,192.35158,-4003.0,-111.19444,-2694.0,-74.83334,2.0
1758076070.68999,33680.0,185.0126,34870.0,191.54955,-4589.0,-127.47222,-3053.0,-84.80556,2.0
1758076070.69199,33925.0,186.35844,34706.0,190.64867,-5090.0,-141.38889,-3374.0,-93.72222,2.0
1758076070.7089,34198.0,187.85809,34531.0,189.68735,-5595.0,-155.41667,-3525.0,-97.91666,2.0
1758076070.725,34498.0,189.50607,34353.0,188.70953,-6144.0,-170.66667,-3512.0,-97.55556,2.0
1758076070.72658,34820.0,191.27489,34182.0,187.7702,-6528.0,-181.33333,-3259.0,-90.52778,2.0
1758076070.74475,35160.0,193.14259,34026.0,186.91325,-6869.0,-190.80556,-2892.0,-80.33334,2.0
1758076070.7452,35519.0,195.11467,33891.0,186.17166,-7187.0,-199.63889,-2491.0,-69.19444,2.0
1758076070.76204,35881.0,197.10323,33778.0,185.55093,-7176.0,-199.33333,-2011.0,-55.86111,2.0
1758076070.76354,36248.0,199.11926,33689.0,185.06204,-7277.0,-202.13889,-1609.0,-44.69444,2.0
1758076070.77925,36616.0,201.14076,33621.0,184.68848,-7219.0,-200.52777,-1150.0,-31.94444,2.0
1758076070.78124,36978.0,203.1293,33570.0,184.40833,-7134.0,-198.16667,-899.0,-24.97222,2.0
1758076070.79801,37341.0,205.12337,33533.0,184.20508,-7105.0,-197.36111,-611.0,-16.97222,2.0
1758076070.81538,37690.0,207.04051,33509.0,184.07324,-6791.0,-188.63889,-429.0,-11.91667,2.0
1758076070.81568,38030.0,208.90823,33490.0,183.96887,-6695.0,-185.97223,-340.0,-9.44444,2.0
1758076070.83027,38361.0,210.72649,33471.0,183.8645,-6351.0,-176.41667,-452.0,-12.55556,2.0
1758076070.83102,38673.0,212.44037,33444.0,183.71619,-6027.0,-167.41667,-637.0,-17.69444,2.0
1758076070.84692,38969.0,214.06638,33408.0,183.51843,-5717.0,-158.80556,-759.0,-21.08333,2.0
1758076070.86483,39240.0,215.55504,33373.0,183.32616,-5002.0,-138.94444,-647.0,-17.97222,2.0
1758076070.86565,39472.0,216.82948,33336.0,183.12291,-4271.0,-118.63889,-780.0,-21.66667,2.0
1758076070.88195,39675.0,217.94461,33288.0,182.85924,-3806.0,-105.72222,-1084.0,-30.11111,2.0
1758076070.88355,39857.0,218.94438,33226.0,182.51866,-3403.0,-94.52778,-1380.0,-38.33333,2.0
1758076070.89997,40018.0,219.82878,33142.0,182.05721,-3051.0,-84.75,-1836.0,-51.0,2.0
1758076070.90158,40159.0,220.60335,33039.0,181.49141,-2598.0,-72.16666,-2233.0,-62.02778,2.0
1758076070.91801,40279.0,221.26253,32917.0,180.82124,-2205.0,-61.25,-2559.0,-71.08334,2.0
1758076070.93609,40375.0,221.78989,32782.0,180.07965,-1680.0,-46.66667,-2778.0,-77.16666,2.0
1758076070.93863,40445.0,222.17441,32638.0,179.28862,-1067.0,-29.63889,-2881.0,-80.02778,2.0
1758076070.95498,40479.0,222.36118,32492.0,178.48662,-385.0,-10.69444,-2887.0,-80.19444,2.0
1758076070.95782,40482.0,222.37766,32349.0,177.70108,55.0,1.52778,-2753.0,-76.47222,2.0
1758076070.9751,40471.0,222.31723,32220.0,176.99245,388.0,10.77778,-2375.0,-65.97222,2.0
1758076070.97551,40432.0,222.103,32117.0,176.42664,1097.0,30.47222,-1741.0,-48.36111,2.0
1758076070.99549,40349.0,221.64706,32054.0,176.08057,2024.0,56.22222,-890.0,-24.72222,2.0
1758076070.99594,40216.0,220.91646,32033.0,175.96521,3068.0,85.22222,-58.0,-1.61111,2.0
1758076071.01199,40033.0,219.91118,32041.0,176.00916,4010.0,111.38889,229.0,6.36111,2.0
1758076071.01279,39806.0,218.66422,32053.0,176.07507,4791.0,133.08333,260.0,7.22222,2.0
1758076071.03,39547.0,217.24147,32068.0,176.15747,5345.0,148.47223,283.0,7.86111,2.0
1758076071.03056,39268.0,215.70885,32076.0,176.20142,5646.0,156.83333,43.0,1.19444,2.0
1758076071.04721,38974.0,214.09384,32076.0,176.20142,5890.0,163.61111,-8.0,-0.22222,2.0
1758076071.06403,38671.0,212.42938,32081.0,176.22888,6059.0,168.30556,195.0,5.41667,2.0
1758076071.06482,38353.0,210.68254,32103.0,176.34973,6468.0,179.66667,663.0,18.41667,2.0
1758076071.0802,38010.0,208.79834,32153.0,176.62439,6944.0,192.88889,1196.0,33.22222,2.0
1758076071.08104,37662.0,206.8867,32217.0,176.97597,6739.0,187.19444,1284.0,35.66667,2.0
1758076071.09624,37337.0,205.10139,32267.0,177.25063,6123.0,170.08333,632.0,17.55556,2.0
1758076071.11223,37052.0,203.53583,32267.0,177.25063,5156.0,143.22223,-339.0,-9.41667,2.0
1758076071.11301,36833.0,202.33279,32243.0,177.11879,3673.0,102.02778,-577.0,-16.02778,2.0
1758076071.12988,36691.0,201.55275,32209.0,176.93202,2159.0,59.97222,-770.0,-21.38889,2.0
1758076071.13061,36617.0,201.14626,32168.0,176.70679,976.0,27.11111,-813.0,-22.58333,2.0
1758076071.16305,36594.0,201.01991,32130.0,176.49805,111.0,3.08333,-610.0,-16.94444,2.0
1758076071.1642,36594.0,201.01991,32117.0,176.42664,0.0,0.0,14.0,0.38889,2.0
1758076071.16497,36590.0,200.99794,32129.0,176.49255,167.0,4.63889,377.0,10.47222,2.0
1758076071.18022,36569.0,200.88258,32165.0,176.69031,667.0,18.52778,941.0,26.13889,2.0
1758076071.18097,36517.0,200.59694,32233.0,177.06386,1299.0,36.08333,1715.0,47.63889,2.0
1758076071.19698,36434.0,200.14099,32342.0,177.66263,1862.0,51.72222,2427.0,67.41666,2.0
1758076071.21515,36324.0,199.53674,32482.0,178.43169,2383.0,66.19444,2998.0,83.27778,2.0
1758076071.21559,36190.0,198.80063,32646.0,179.33257,2826.0,78.5,3395.0,94.30556,2.0
1758076071.232,36033.0,197.9382,32830.0,180.34332,3267.0,90.75,3792.0,105.33334,2.0
1758076071.23405,35854.0,196.95491,33035.0,181.46944,3754.0,104.27778,4245.0,117.91666,2.0
1758076071.24919,35650.0,195.83427,33261.0,182.71092,4258.0,118.27778,4663.0,129.52777,2.0
1758076071.25068,35419.0,194.56534,33511.0,184.08423,4771.0,132.52777,5109.0,141.91667,2.0
1758076071.27102,35169.0,193.19203,33780.0,185.56192,5062.0,140.61111,5449.0,151.36111,2.0
1758076071.27542,34910.0,191.76927,34065.0,187.12749,5079.0,141.08333,5732.0,159.22223,2.0
1758076071.29021,34655.0,190.3685,34365.0,188.77545,4967.0,137.97223,6058.0,168.27777,2.0
1758076071.29096,34409.0,189.01715,34678.0,190.49484,4739.0,131.63889,6263.0,173.97223,2.0
1758076071.30886,34178.0,187.74823,34999.0,192.25819,4373.0,121.47222,6374.0,177.05556,2.0
1758076071.32497,33967.0,186.58916,35325.0,194.04898,3984.0,110.66666,6527.0,181.30556,2.0
1758076071.32659,33775.0,185.53445,35657.0,195.87273,3626.0,100.72222,6527.0,181.30556,2.0
1758076071.34459,33602.0,184.58411,35992.0,197.71298,3271.0,90.86111,6563.0,182.30556,2.0
1758076071.3454,33448.0,183.73816,36326.0,199.54773,2881.0,80.02778,6621.0,183.91667,2.0
1758076071.36198,33311.0,182.98558,36662.0,201.39345,2530.0,70.27778,6618.0,183.83333,2.0
1758076071.36407,33190.0,182.32091,36996.0,203.22821,2294.0,63.72222,6636.0,184.33333,2.0
1758076071.38023,33079.0,181.71114,37337.0,205.10139,2121.0,58.91667,6778.0,188.27777,2.0
1758076071.38102,32974.0,181.13435,37676.0,206.96361,2059.0,57.19444,6647.0,184.63889,2.0
1758076071.39893,32873.0,180.57953,38015.0,208.82581,1988.0,55.22222,6720.0,186.66667,2.0
1758076071.41502,32773.0,180.03021,38351.0,210.67155,1954.0,54.27778,6489.0,180.25,2.0
1758076071.41815,32673.0,179.48088,38676.0,212.45685,1971.0,54.75,6382.0,177.27777,2.0
1758076071.43423,32581.0,178.97551,38986.0,214.15976,1699.0,47.19444,5881.0,163.36111,2.0
1758076071.43503,32504.0,178.55254,39267.0,215.70335,1424.0,39.55556,5271.0,146.41667,2.0
1758076071.45023,32435.0,178.17349,39519.0,217.08766,1322.0,36.72222,4748.0,131.88889,2.0
1758076071.4514,32371.0,177.82193,39745.0,218.32913,1254.0,34.83333,4260.0,118.33334,2.0
1758076071.46887,32307.0,177.47035,39948.0,219.44426,1290.0,35.83333,3769.0,104.69444,2.0
1758076071.48432,32240.0,177.10231,40124.0,220.41109,1345.0,37.36111,3229.0,89.69444,2.0
1758076071.48556,32170.0,176.71777,40274.0,221.23506,1400.0,38.88889,2745.0,76.25,2.0
1758076071.50021,32098.0,176.32227,40399.0,221.92172,1423.0,39.52778,2224.0,61.77778,2.0
1758076071.50137,32025.0,175.92126,40498.0,222.46555,1388.0,38.55556,1675.0,46.52778,2.0
1758076071.51788,31956.0,175.54224,40563.0,222.8226,1336.0,37.11111,1008.0,28.0,2.0
1758076071.53405,31891.0,175.18517,40592.0,222.98193,1202.0,33.38889,255.0,7.08333,2.0
1758076071.53481,31832.0,174.86107,40590.0,222.97095,1162.0,32.27778,-80.0,-2.22222,2.0
1758076071.55029,31776.0,174.55344,40587.0,222.95447,1063.0,29.52778,-43.0,-1.19444,2.0
1758076071.55103,31725.0,174.27328,40583.0,222.9325,924.0,25.66667,-142.0,-3.94444,2.0
1758076071.56865,31688.0,174.07004,40561.0,222.81161,561.0,15.58333,-641.0,-17.80556,2.0
1758076071.58425,31677.0,174.00961,40510.0,222.53146,-80.0,-2.22222,-1295.0,-35.97222,2.0
1758076071.58508,31687.0,174.06454,40420.0,222.03708,-265.0,-7.36111,-2096.0,-58.22222,2.0
1758076071.60022,31707.0,174.17441,40292.0,221.33394,-411.0,-11.41667,-2856.0,-79.33334,2.0
1758076071.60106,31730.0,174.30075,40127.0,220.42757,-479.0,-13.30556,-3483.0,-96.75,2.0
1758076071.61781,31757.0,174.44907,39935.0,219.37285,-526.0,-14.61111,-3964.0,-110.11111,2.0
1758076071.63324,31780.0,174.57541,39726.0,218.22476,-358.0,-9.94444,-4220.0,-117.22222,2.0
1758076071.63456,31790.0,174.63034,39511.0,217.04372,-61.0,-1.69444,-4246.0,-117.94444,2.0
1758076071.64922,31786.0,174.60837,39300.0,215.88466,182.0,5.05556,-4121.0,-114.47222,2.0
1758076071.65048,31773.0,174.53696,39096.0,214.76402,288.0,8.0,-3965.0,-110.13889,2.0
1758076071.6662,31759.0,174.46005,38901.0,213.69284,270.0,7.5,-3730.0,-103.61111,2.0
1758076071.68247,31749.0,174.40512,38717.0,212.68207,112.0,3.11111,-3563.0,-98.97222,2.0
1758076071.68423,31752.0,174.4216,38535.0,211.68231,-167.0,-4.63889,-3622.0,-100.61111,2.0
1758076071.69926,31766.0,174.4985,38340.0,210.61113,-356.0,-9.88889,-4020.0,-111.66666,2.0
1758076071.70052,31795.0,174.65781,38122.0,209.4136,-760.0,-21.11111,-4536.0,-126.0,2.0
1758076071.71707,31848.0,174.94896,37876.0,208.06226,-1230.0,-34.16667,-5057.0,-140.47223,2.0
1758076071.73325,31923.0,175.36095,37607.0,206.58458,-1676.0,-46.55556,-5432.0,-150.88889,2.0
1758076071.73405,32016.0,175.87183,37324.0,205.02998,-1922.0,-53.38889,-5637.0,-156.58333,2.0
1758076071.74932,32115.0,176.41565,37038.0,203.45892,-1917.0,-53.25,-5642.0,-156.72223,2.0
1758076071.75052,32209.0,176.93202,36761.0,201.93729,-1800.0,-50.0,-5314.0,-147.61111,2.0
1758076071.76898,32293.0,177.39345,36506.0,200.53651,-1561.0,-43.36111,-4791.0,-133.08333,2.0
1758076071.7843,32365.0,177.78897,36282.0,199.30603,-1304.0,-36.22222,-4142.0,-115.05556,2.0
1758076071.78509,32424.0,178.11307,36090.0,198.25131,-1117.0,-31.02778,-3547.0,-98.52778,2.0
1758076071.80109,32483.0,178.43718,35922.0,197.32845,-1217.0,-33.80556,-3207.0,-89.08334,2.0
1758076071.80266,32555.0,178.83269,35761.0,196.44405,-1608.0,-44.66667,-3213.0,-89.25,2.0
1758076071.81919,32658.0,179.39848,35590.0,195.50468,-2388.0,-66.33334,-3526.0,-97.94444,2.0
1758076071.82043,32808.0,180.22247,35394.0,194.42801,-3357.0,-93.25,-4110.0,-114.16666,2.0
1758076071.83798,33008.0,181.32112,35168.0,193.18654,-4385.0,-121.80556,-4722.0,-131.16667,2.0
1758076071.85493,33257.0,182.68895,34916.0,191.80223,-5327.0,-147.97223,-5158.0,-143.27777,2.0
1758076071.85566,33551.0,184.30396,34645.0,190.31357,-6153.0,-170.91667,-5416.0,-150.44444,2.0
1758076071.87206,33880.0,186.11124,34371.0,188.80841,-6701.0,-186.13889,-5309.0,-147.47223,2.0
1758076071.8729,34231.0,188.03937,34115.0,187.40215,-7130.0,-198.05556,-4799.0,-133.30556,2.0
1758076071.88943,34604.0,190.08835,33892.0,186.17715,-7515.0,-208.75,-4123.0,-114.52778,2.0
1758076071.89379,34987.0,192.19228,33705.0,185.14993,-7663.0,-212.86111,-3346.0,-92.94444,2.0
1758076071.90932,35383.0,194.36758,33558.0,184.34241,-7925.0,-220.13889,-2570.0,-71.38889,2.0
1758076071.91065,35786.0,196.58138,33450.0,183.74915,-7937.0,-220.47223,-1836.0,-51.0,2.0
1758076071.92732,36195.0,198.82809,33375.0,183.33714,-8212.0,-228.11111,-1182.0,-32.83333,2.0
1758076071.94408,36613.0,201.12428,33330.0,183.08995,-8287.0,-230.19444,-671.0,-18.63889,2.0
1758076071.94532,37036.0,203.44794,33304.0,182.94713,-8498.0,-236.05556,-361.0,-10.02778,2.0
1758076071.96028,37476.0,205.86494,33292.0,182.88121,-8552.0,-237.55556,-95.0,-2.63889,2.0
1758076071.96106,37909.0,208.24353,33292.0,182.88121,-8591.0,-238.63889,0.0,0.0,2.0
1758076071.9762,38346.0,210.64409,33292.0,182.88121,-8495.0,-235.97223,0.0,0.0,2.0
1758076071.99406,38769.0,212.96771,33292.0,182.88121,-8256.0,-229.33333,-6.0,-0.16667,2.0
1758076071.99488,39182.0,215.23643,33290.0,182.87022,-7985.0,-221.80556,-55.0,-1.52778,2.0
1758076072.0114,39567.0,217.35135,33283.0,182.83177,-7386.0,-205.16667,-236.0,-6.55556,2.0
1758076072.01264,39928.0,219.3344,33267.0,182.74388,-6932.0,-192.55556,-295.0,-8.19444,2.0
1758076072.03136,40255.0,221.13069,33253.0,182.66698,-6051.0,-168.08333,-281.0,-7.80556,2.0
1758076072.03182,40538.0,222.68527,33239.0,182.59007,-5270.0,-146.38889,-300.0,-8.33333,2.0
1758076072.04727,40785.0,224.04211,33217.0,182.46922,-4562.0,-126.72222,-564.0,-15.66667,2.0
1758076072.06522,40996.0,225.20119,33178.0,182.25499,-3856.0,-107.11111,-921.0,-25.58333,2.0
1758076072.06576,41173.0,226.17349,33122.0,181.94734,-3231.0,-89.75,-1233.0,-34.25,2.0
1758076072.08207,41318.0,226.97,33050.0,181.55183,-2617.0,-72.69444,-1614.0,-44.83333,2.0
1758076072.08365,41430.0,227.58527,32960.0,181.05745,-1908.0,-53.0,-1891.0,-52.52778,2.0
1758076072.09918,41505.0,227.99725,32856.0,180.48615,-1088.0,-30.22222,-2120.0,-58.88889,2.0
1758076072.10069,41538.0,228.17853,32741.0,179.85443,-334.0,-9.27778,-2396.0,-66.55556,2.0
1758076072.11787,41539.0,228.18402,32616.0,179.16777,83.0,2.30556,-2526.0,-70.16666,2.0
1758076072.13486,41525.0,228.10712,32492.0,178.48662,435.0,12.08333,-2345.0,-65.13889,2.0
1758076072.13568,41486.0,227.89288,32389.0,177.92081,1077.0,29.91667,-1828.0,-50.77778,2.0
1758076072.15559,41402.0,227.43146,32318.0,177.53078,2074.0,57.61111,-1083.0,-30.08333,2.0
1758076072.15965,41267.0,226.68985,32282.0,177.33302,3080.0,85.55556,-464.0,-12.88889,2.0
1758076072.16031,41082.0,225.6736,32276.0,177.30006,4068.0,113.0,79.0,2.19444,2.0
1758076072.17938,40851.0,224.40468,32280.0,177.32204,4911.0,136.41667,15.0,0.41667,2.0
1758076072.1815,40585.0,222.94348,32280.0,177.32204,5469.0,151.91667,-28.0,-0.77778,2.0
1758076072.198,40298.0,221.3669,32278.0,177.31105,5768.0,160.22223,-46.0,-1.27778,2.0
1758076072.21509,39998.0,219.71892,32276.0,177.30006,6020.0,167.22223,-74.0,-2.05556,2.0
1758076072.21827,39696.0,218.05997,32273.0,177.28358,5866.0,162.94444,-43.0,-1.19444,2.0
1758076072.23426,39408.0,216.47792,32272.0,177.27809,5577.0,154.91667,3.0,0.08333,2.0
1758076072.23514,39124.0,214.91783,32275.0,177.29457,5651.0,156.97223,69.0,1.91667,2.0
1758076072.25109,38833.0,213.31931,32280.0,177.32204,5854.0,162.61111,111.0,3.08333,2.0
1758076072.25547,38531.0,211.66034,32288.0,177.36598,6004.0,166.77777,203.0,5.63889,2.0
1758076072.2711,38230.0,210.00687,32293.0,177.39345,5849.0,162.47223,-18.0,-0.5,2.0
1758076072.27441,37944.0,208.43579,32287.0,177.36049,5419.0,150.52777,-133.0,-3.69444,2.0
1758076072.2911,37691.0,207.04601,32281.0,177.32753,4652.0,129.22223,-135.0,-3.75,2.0
1758076072.29319,37477.0,205.87044,32274.0,177.28908,3841.0,106.69444,-119.0,-3.30556,2.0
1758076072.31021,37300.0,204.89815,32271.0,177.2726,3277.0,91.02778,-17.0,-0.47222,2.0
1758076072.31107,37145.0,204.04669,32272.0,177.27809,2933.0,81.47222,17.0,0.47222,2.0
1758076072.32704,36999.0,203.24469,32275.0,177.29457,2860.0,79.44444,81.0,2.25,2.0
1758076072.34409,36852.0,202.43716,32287.0,177.36049,2979.0,82.75,394.0,10.94444,2.0
1758076072.34484,36697.0,201.58571,32317.0,177.52528,3118.0,86.61111,776.0,21.55556,2.0
1758076072.36037,36533.0,200.68483,32372.0,177.82742,3319.0,92.19444,1331.0,36.97222,2.0
1758076072.36109,36358.0,199.72351,32453.0,178.27238,3567.0,99.08334,1778.0,49.38889,2.0
1758076072.37951,36174.0,198.71274,32556.0,178.83818,3709.0,103.02778,2211.0,61.41667,2.0
1758076072.38156,35979.0,197.64157,32680.0,179.51933,3919.0,108.86111,2667.0,74.08334,2.0
1758076072.39802,35773.0,196.50996,32830.0,180.34332,4212.0,117.0,3196.0,88.77778,2.0
1758076072.41512,35547.0,195.26848,33010.0,181.33211,4611.0,128.08333,3862.0,107.27778,2.0
1758076072.41748,35304.0,193.93362,33225.0,182.51317,4894.0,135.94444,4573.0,127.02778,2.0
1758076072.43485,35054.0,192.56032,33477.0,183.89746,4925.0,136.80556,5306.0,147.38889,2.0
1758076072.43566,34807.0,191.20348,33763.0,185.46854,4798.0,133.27777,5867.0,162.97223,2.0
1758076072.45475,34571.0,189.90707,34073.0,187.17143,4516.0,125.44444,6291.0,174.75,2.0
1758076072.45517,34355.0,188.72052,34403.0,188.98419,4058.0,112.72222,6713.0,186.47223,2.0
1758076072.4736,34164.0,187.67131,34748.0,190.87938,3542.0,98.38889,6861.0,190.58333,2.0
1758076072.47487,33999.0,186.76494,35098.0,192.80202,3026.0,84.05556,6929.0,192.47223,2.0
1758076072.49358,33860.0,186.00137,35452.0,194.74661,2552.0,70.88889,7005.0,194.58333,2.0
1758076072.49426,33745.0,185.36966,35804.0,196.68025,2080.0,57.77778,6925.0,192.36111,2.0
1758076072.51357,33652.0,184.85876,36159.0,198.63034,1716.0,47.66667,7122.0,197.83333,2.0
1758076072.51503,33572.0,184.41931,36523.0,200.6299,1472.0,40.88889,7215.0,200.41667,2.0
1758076072.5339,33502.0,184.03479,36890.0,202.6459,1390.0,38.61111,7296.0,202.66667,2.0
1758076072.53416,33433.0,183.65576,37264.0,204.70039,1360.0,37.77778,7451.0,206.97223,2.0
1758076072.55106,33361.0,183.26024,37640.0,206.76585,1479.0,41.08333,7334.0,203.72223,2.0
1758076072.55448,33286.0,182.84825,38012.0,208.80933,1501.0,41.69444,7347.0,204.08333,2.0
1758076072.57289,33207.0,182.41429,38376.0,210.80888,1576.0,43.77778,7019.0,194.97223,2.0
1758076072.57339,33128.0,181.9803,38722.0,212.70953,1591.0,44.19444,6668.0,185.22223,2.0
1758076072.58927,33049.0,181.54634,39048.0,214.50035,1512.0,42.0,6212.0,172.55556,2.0
1758076072.59076,32982.0,181.1783,39336.0,216.08241,1188.0,33.0,5263.0,146.19444,2.0
1758076072.6136,32934.0,180.91463,39575.0,217.39529,766.0,21.27778,4355.0,120.97222,2.0
1758076072.61506,32900.0,180.72786,39772.0,218.47745,644.0,17.88889,3562.0,98.94444,2.0
1758076072.6327,32865.0,180.53558,39931.0,219.35088,734.0,20.38889,2863.0,79.52778,2.0
1758076072.63342,32820.0,180.28839,40060.0,220.05949,983.0,27.30556,2341.0,65.02778,2.0
1758076072.64926,32764.0,179.98077,40164.0,220.63081,1263.0,35.08333,1885.0,52.36111,2.0
1758076072.65059,32689.0,179.56877,40250.0,221.10323,1641.0,45.58333,1483.0,41.19444,2.0
1758076072.67379,32597.0,179.0634,40314.0,221.45479,1946.0,54.05556,1108.0,30.77778,2.0
1758076072.67511,32499.0,178.52507,40348.0,221.64157,1892.0,52.55556,264.0,7.33333,2.0
1758076072.69141,32412.0,178.04715,40340.0,221.59763,1546.0,42.94444,-334.0,-9.27778,2.0
1758076072.69304,32348.0,177.69559,40309.0,221.42732,1040.0,28.88889,-814.0,-22.61111,2.0
1758076072.70926,32314.0,177.5088,40248.0,221.09224,417.0,11.58333,-1504.0,-41.77778,2.0
1758076072.71566,32310.0,177.48683,40150.0,220.55391,-136.0,-3.77778,-2227.0,-61.86111,2.0
1758076072.73519,32323.0,177.55826,40016.0,219.81779,-325.0,-9.02778,-2925.0,-81.25,2.0
1758076072.73816,32343.0,177.66812,39852.0,218.91692,-402.0,-11.16667,-3455.0,-95.97222,2.0
1758076072.75324,32364.0,177.78348,39661.0,217.86771,-380.0,-10.55556,-3970.0,-110.27778,2.0
1758076072.75407,32378.0,177.86038,39450.0,216.70863,-198.0,-5.5,-4297.0,-119.36111,2.0
1758076072.76922,32383.0,177.88785,39223.0,215.46165,3.0,0.08333,-4551.0,-126.41666,2.0
1758076072.77758,32379.0,177.86588,38989.0,214.17624,75.0,2.08333,-4566.0,-126.83334,2.0
1758076072.79489,32379.0,177.86588,38758.0,212.90729,-46.0,-1.27778,-4524.0,-125.66666,2.0
1758076072.79887,32379.0,177.86588,38528.0,211.64386,0.0,0.0,-4557.0,-126.58334,2.0
1758076072.81426,32379.0,177.86588,38286.0,210.3145,0.0,0.0,-4945.0,-137.36111,2.0
1758076072.81508,32380.0,177.87137,38018.0,208.84232,-14.0,-0.38889,-5536.0,-153.77777,2.0
1758076072.83357,32382.0,177.88235,37725.0,207.23277,-67.0,-1.86111,-5843.0,-162.30556,2.0
1758076072.8351,32384.0,177.89334,37440.0,205.66719,5.0,0.13889,-5356.0,-148.77777,2.0
1758076072.85358,32379.0,177.86588,37194.0,204.31586,167.0,4.63889,-4426.0,-122.94444,2.0
1758076072.8543,32363.0,177.77798,37000.0,203.25018,509.0,14.13889,-3376.0,-93.77778,2.0
1758076072.89421,32325.0,177.56924,36860.0,202.48111,935.0,25.97222,-2332.0,-64.77778,2.0
1758076072.89657,32267.0,177.25063,36766.0,201.96475,1263.0,35.08333,-1481.0,-41.13889,2.0
1758076072.89986,32200.0,176.88258,36708.0,201.64613,1351.0,37.52778,-971.0,-26.97222,2.0
1758076072.90061,32142.0,176.56396,36661.0,201.38795,987.0,27.41667,-903.0,-25.08333,2.0
1758076072.90487,32109.0,176.38269,36609.0,201.10231,337.0,9.36111,-1189.0,-33.02778,2.0
1758076072.92036,32111.0,176.39368,36532.0,200.67934,-266.0,-7.38889,-1797.0,-49.91667,2.0
1758076072.92116,32143.0,176.56946,36425.0,200.09155,-926.0,-25.72222,-2400.0,-66.66666,2.0
1758076072.93969,32210.0,176.93752,36288.0,199.33899,-1624.0,-45.11111,-2888.0,-80.22222,2.0
1758076072.94153,32308.0,177.47585,36132.0,198.48203,-2203.0,-61.19444,-3223.0,-89.52778,2.0
1758076072.95728,32433.0,178.16251,35966.0,197.57014,-2663.0,-73.97222,-3342.0,-92.83334,2.0
1758076072.97518,32582.0,178.981,35794.0,196.62532,-3067.0,-85.19444,-3390.0,-94.16666,2.0
1758076072.97926,32749.0,179.89838,35620.0,195.66948,-3481.0,-96.69444,-3446.0,-95.72222,2.0
1758076073.00253,32933.0,180.90913,35446.0,194.71365,-3754.0,-104.27778,-3473.0,-96.47222,2.0
1758076073.00517,33133.0,182.00777,35268.0,193.73587,-4162.0,-115.61111,-3578.0,-99.38889,2.0
1758076073.0068,33356.0,183.23277,35083.0,192.71962,-4579.0,-127.19444,-3703.0,-102.86111,2.0
1758076073.0152,33601.0,184.57861,34889.0,191.65392,-5051.0,-140.30556,-3895.0,-108.19444,2.0
1758076073.03381,33868.0,186.04532,34684.0,190.5278,-5432.0,-150.88889,-4036.0,-112.11111,2.0
1758076073.03508,34155.0,187.62187,34479.0,189.4017,-5880.0,-163.33333,-3997.0,-111.02778,2.0
1758076073.05376,34468.0,189.34128,34282.0,188.31952,-6382.0,-177.27777,-3792.0,-105.33334,2.0
1758076073.05418,34804.0,191.187,34100.0,187.31975,-6827.0,-189.63889,-3458.0,-96.05556,2.0
1758076073.07355,35162.0,193.15358,33936.0,186.41887,-7248.0,-201.33333,-3094.0,-85.94444,2.0
1758076073.07508,35542.0,195.24101,33791.0,185.62234,-7644.0,-212.33333,-2690.0,-74.72222,2.0
1758076073.09359,35934.0,197.39436,33668.0,184.94669,-7886.0,-219.05556,-2261.0,-62.80556,2.0
1758076073.09506,36343.0,199.64111,33567.0,184.39185,-8242.0,-228.94444,-1820.0,-50.55556,2.0
1758076073.11027,36762.0,201.94278,33489.0,183.96338,-8276.0,-229.88889,-1344.0,-37.33333,2.0
1758076073.11109,37189.0,204.28839,33430.0,183.63928,-8495.0,-235.97223,-1061.0,-29.47222,2.0
1758076073.12999,37617.0,206.63951,33388.0,183.40855,-8350.0,-231.94444,-659.0,-18.30556,2.0
1758076073.13115,38040.0,208.96317,33361.0,183.26024,-8396.0,-233.22223,-465.0,-12.91667,2.0
1758076073.15431,38457.0,211.25383,33340.0,183.14488,-8094.0,-224.83333,-359.0,-9.97222,2.0
1758076073.15504,38857.0,213.45114,33324.0,183.05699,-7835.0,-217.63889,-368.0,-10.22222,2.0
1758076073.1751,39241.0,215.56053,33303.0,182.94164,-7295.0,-202.63889,-456.0,-12.66667,2.0
1758076073.19496,39592.0,217.48868,33276.0,182.79332,-6707.0,-186.30556,-579.0,-16.08333,2.0
1758076073.19999,39917.0,219.27397,33247.0,182.63402,-6219.0,-172.75,-652.0,-18.11111,2.0
1758076073.20062,40208.0,220.87251,33214.0,182.45274,-5322.0,-147.83333,-668.0,-18.55556,2.0
1758076073.2051,40452.0,222.21286,33178.0,182.25499,-4490.0,-124.72222,-735.0,-20.41667,2.0
1758076073.22029,40659.0,223.34998,33136.0,182.02425,-3832.0,-106.44444,-852.0,-23.66667,2.0
1758076073.22105,40833.0,224.3058,33089.0,181.76607,-3134.0,-87.05556,-1021.0,-28.36111,2.0
1758076073.2393,40974.0,225.08034,33026.0,181.42,-2517.0,-69.91666,-1354.0,-37.61111,2.0
1758076073.24133,41085.0,225.69008,32951.0,181.00801,-1940.0,-53.88889,-1580.0,-43.88889,2.0
1758076073.2581,41157.0,226.0856,32871.0,180.56854,-1049.0,-29.13889,-1512.0,-42.0,2.0
1758076073.26088,41179.0,226.20645,32803.0,180.19501,16.0,0.44444,-1182.0,-32.83333,2.0
1758076073.27731,41163.0,226.11856,32756.0,179.93683,566.0,15.72222,-712.0,-19.77778,2.0
1758076073.29411,41116.0,225.86038,32740.0,179.84894,1194.0,33.16667,-29.0,-0.80556,2.0
1758076073.29544,41033.0,225.40443,32744.0,179.87091,1996.0,55.44444,70.0,1.94444,2.0
1758076073.31141,40906.0,224.7068,32749.0,179.89838,2818.0,78.27778,99.0,2.75,2.0
1758076073.31182,40744.0,223.81689,32754.0,179.92584,3500.0,97.22222,65.0,1.80556,2.0
1758076073.328,40546.0,222.72922,32755.0,179.93134,4169.0,115.80556,0.0,0.0,2.0
1758076073.33247,40316.0,221.46577,32755.0,179.93134,4771.0,132.52777,-17.0,-0.47222,2.0
1758076073.35281,40057.0,220.04301,32754.0,179.92584,5340.0,148.33333,-33.0,-0.91667,2.0
1758076073.35485,39773.0,218.48294,32753.0,179.92035,5783.0,160.63889,0.0,0.0,2.0
1758076073.37154,39477.0,216.85695,32754.0,179.92584,5950.0,165.27777,14.0,0.38889,2.0
1758076073.37192,39170.0,215.17052,32756.0,179.93683,6159.0,171.08333,80.0,2.22222,2.0
1758076073.38806,38848.0,213.4017,32766.0,179.99176,6536.0,181.55556,359.0,9.97222,2.0
1758076073.39281,38507.0,211.52849,32796.0,180.15656,6887.0,191.30556,736.0,20.44444,2.0
1758076073.4094,38142.0,209.52347,32836.0,180.37628,7433.0,206.47223,785.0,21.80556,2.0
1758076073.41217,37775.0,207.50745,32865.0,180.53558,7022.0,195.05556,344.0,9.55556,2.0
1758076073.42976,37442.0,205.67818,32865.0,180.53558,6214.0,172.61111,-220.0,-6.11111,2.0
1758076073.4315,37155.0,204.10162,32849.0,180.44769,5162.0,143.38889,-377.0,-10.47222,2.0
1758076073.44802,36931.0,202.87112,32821.0,180.29388,3823.0,106.19444,-696.0,-19.33333,2.0
1758076073.46507,36773.0,202.0032,32779.0,180.06317,2577.0,71.58334,-907.0,-25.19444,2.0
1758076073.46754,36674.0,201.45937,32733.0,179.81049,1511.0,41.97222,-858.0,-23.83333,2.0
1758076073.48409,36616.0,201.14076,32696.0,179.60722,898.0,24.94444,-614.0,-17.05556,2.0
1758076073.4849,36583.0,200.95949,32674.0,179.48637,516.0,14.33333,-278.0,-7.72222,2.0
1758076073.5014,36555.0,200.80568,32674.0,179.48637,636.0,17.66667,119.0,3.30556,2.0
1758076073.50185,36510.0,200.55849,32678.0,179.50835,1094.0,30.38889,52.0,1.44444,2.0
1758076073.51889,36437.0,200.15747,32682.0,179.53032,1670.0,46.38889,115.0,3.19444,2.0
1758076073.53425,36334.0,199.59167,32695.0,179.60173,2305.0,64.02778,384.0,10.66667,2.0
1758076073.53546,36202.0,198.86655,32726.0,179.77203,2808.0,78.0,793.0,22.02778,2.0
1758076073.55363,36047.0,198.01511,32778.0,180.05768,3218.0,89.38889,1147.0,31.86111,2.0
1758076073.55513,35876.0,197.07576,32842.0,180.40924,3495.0,97.08334,1325.0,36.80556,2.0
1758076073.57185,35693.0,196.07048,32915.0,180.81026,3734.0,103.72222,1557.0,43.25,2.0
1758076073.57252,35498.0,194.99931,32997.0,181.2607,3937.0,109.36111,1711.0,47.52778,2.0
1758076073.58992,35290.0,193.85672,33092.0,181.78255,4234.0,117.61111,1988.0,55.22222,2.0
1758076073.5907,35067.0,192.63173,33207.0,182.41429,4511.0,125.30556,2494.0,69.27778,2.0
1758076073.60948,34831.0,191.33531,33348.0,183.18883,4756.0,132.11111,3015.0,83.75,2.0
1758076073.61472,34581.0,189.96201,33518.0,184.12268,5010.0,139.16667,3601.0,100.02778,2.0
1758076073.63117,34324.0,188.55023,33720.0,185.23233,5064.0,140.66667,4278.0,118.83334,2.0
1758076073.63271,34074.0,187.17693,33954.0,186.51775,4852.0,134.77777,4869.0,135.25,2.0
1758076073.65458,33840.0,185.89151,34212.0,187.935,4411.0,122.52778,5323.0,147.86111,2.0
1758076073.65501,33629.0,184.73242,34505.0,189.54453,3944.0,109.55556,6109.0,169.69444,2.0
1758076073.67225,33444.0,183.71619,34829.0,191.32433,3416.0,94.88889,6576.0,182.66667,2.0
1758076073.6727,33285.0,182.84276,35166.0,193.17555,2877.0,79.91666,6785.0,188.47223,2.0
1758076073.68994,33154.0,182.12315,35521.0,195.12566,2333.0,64.80556,7154.0,198.72223,2.0
1758076073.69071,33051.0,181.55733,35882.0,197.10872,1771.0,49.19444,7155.0,198.75,2.0
1758076073.70803,32975.0,181.13985,36255.0,199.15771,1344.0,37.33333,7358.0,204.38889,2.0
1758076073.7243,32921.0,180.84322,36629.0,201.21217,882.0,24.5,7383.0,205.08333,2.0
1758076073.72563,32884.0,180.63995,37000.0,203.25018,623.0,17.30556,7349.0,204.13889,2.0
1758076073.74031,32859.0,180.50262,37374.0,205.30464,419.0,11.63889,7375.0,204.86111,2.0
1758076073.7411,32841.0,180.40375,37740.0,207.31517,257.0,7.13889,7152.0,198.66667,2.0
1758076073.75873,32835.0,180.37079,38099.0,209.28726,45.0,1.25,7015.0,194.86111,2.0
1758076073.77428,32835.0,180.37079,38448.0,211.20439,0.0,0.0,6744.0,187.33333,2.0
1758076073.77514,32835.0,180.37079,38780.0,213.02814,0.0,0.0,6417.0,178.25,2.0
1758076073.79036,32835.0,180.37079,39097.0,214.76952,0.0,0.0,6108.0,169.66667,2.0
1758076073.79161,32836.0,180.37628,39384.0,216.34608,-14.0,-0.38889,5292.0,147.0,2.0
1758076073.80634,32836.0,180.37628,39628.0,217.68643,0.0,0.0,4502.0,125.05556,2.0
1758076073.824,32836.0,180.37628,39834.0,218.81804,5.0,0.13889,3748.0,104.11111,2.0
1758076073.82507,32835.0,180.37079,40000.0,219.7299,36.0,1.0,2957.0,82.13889,2.0
1758076073.84038,32835.0,180.37079,40124.0,220.41109,0.0,0.0,2010.0,55.83333,2.0
1758076073.84114,32836.0,180.37628,40198.0,220.81758,0.0,0.0,1051.0,29.19444,2.0
1758076073.85796,32837.0,180.38177,40217.0,220.92195,-26.0,-0.72222,-104.0,-2.88889,2.0
1758076073.87416,32839.0,180.39276,40201.0,220.83406,-32.0,-0.88889,-453.0,-12.58333,2.0
1758076073.87489,32841.0,180.40375,40166.0,220.6418,-32.0,-0.88889,-822.0,-22.83333,2.0
1758076073.89027,32844.0,180.42023,40110.0,220.33418,-60.0,-1.66667,-1369.0,-38.02778,2.0
1758076073.89112,32849.0,180.44769,40021.0,219.84526,-101.0,-2.80556,-2027.0,-56.30556,2.0
1758076073.91028,32855.0,180.48065,39901.0,219.18608,-130.0,-3.61111,-2632.0,-73.11111,2.0
1758076073.91118,32864.0,180.53009,39748.0,218.34561,-181.0,-5.02778,-3286.0,-91.27778,2.0
1758076073.92982,32873.0,180.57953,39565.0,217.34036,-157.0,-4.36111,-3867.0,-107.41666,2.0
1758076073.93151,32880.0,180.61798,39354.0,216.18129,-107.0,-2.97222,-4404.0,-122.33334,2.0
1758076073.9493,32882.0,180.62897,39121.0,214.90135,1.0,0.02778,-4807.0,-133.52777,2.0
1758076073.95135,32883.0,180.63446,38867.0,213.50607,-55.0,-1.52778,-5206.0,-144.61111,2.0
1758076073.96729,32890.0,180.67291,38594.0,212.00641,-180.0,-5.0,-5565.0,-154.58333,2.0
1758076073.98487,32901.0,180.73335,38299.0,210.38591,-199.0,-5.52778,-6042.0,-167.83333,2.0
1758076073.9863,32905.0,180.75533,37973.0,208.59509,8.0,0.22222,-6730.0,-186.94444,2.0
1758076074.00231,32904.0,180.74983,37615.0,206.62852,0.0,0.0,-7338.0,-203.83333,2.0
1758076074.0044,32908.0,180.7718,37224.0,204.48065,-153.0,-4.25,-7937.0,-220.47223,2.0
1758076074.01931,32921.0,180.84322,36839.0,202.36575,-321.0,-8.91667,-7227.0,-200.75,2.0
1758076074.02405,32928.0,180.88167,36506.0,200.53651,86.0,2.38889,-6071.0,-168.63889,2.0
1758076074.03927,32912.0,180.79378,36234.0,199.04236,492.0,13.66667,-4649.0,-129.13889,2.0
1758076074.04141,32867.0,180.54657,36043.0,197.99313,1204.0,33.44444,-3045.0,-84.58334,2.0
1758076074.0592,32786.0,180.10162,35932.0,197.38338,1869.0,51.91667,-1599.0,-44.41667,2.0
1758076074.07517,32675.0,179.49187,35884.0,197.11971,2383.0,66.19444,-461.0,-12.80556,2.0
1758076074.0775,32551.0,178.81071,35880.0,197.09773,2429.0,67.47222,42.0,1.16667,2.0
1758076074.09494,32437.0,178.18448,35880.0,197.09773,2068.0,57.44444,-13.0,-0.36111,2.0
1758076074.0957,32354.0,177.72855,35878.0,197.08675,1311.0,36.41667,-77.0,-2.13889,2.0
1758076074.11226,32316.0,177.51979,35869.0,197.03731,323.0,8.97222,-247.0,-6.86111,2.0
1758076074.11293,32326.0,177.57474,35846.0,196.91096,-476.0,-13.22222,-565.0,-15.69444,2.0
1758076074.12997,32369.0,177.81094,35808.0,196.70222,-1110.0,-30.83333,-920.0,-25.55556,2.0
1758076074.13331,32440.0,178.20096,35752.0,196.39461,-1647.0,-45.75,-1227.0,-34.08333,2.0
1758076074.14989,32537.0,178.73381,35685.0,196.02654,-2083.0,-57.86111,-1375.0,-38.19444,2.0
1758076074.15134,32654.0,179.37651,35610.0,195.61455,-2468.0,-68.55556,-1517.0,-42.13889,2.0
1758076074.16984,32790.0,180.1236,35533.0,195.19157,-2811.0,-78.08334,-1544.0,-42.88889,2.0
1758076074.17171,32942.0,180.95857,35452.0,194.74661,-3137.0,-87.13889,-1578.0,-43.83333,2.0
1758076074.18818,33111.0,181.88692,35368.0,194.28519,-3504.0,-97.33334,-1752.0,-48.66667,2.0
1758076074.20431,33301.0,182.93065,35272.0,193.75784,-3932.0,-109.22222,-2049.0,-56.91667,2.0
1758076074.20511,33514.0,184.10071,35156.0,193.12062,-4412.0,-122.55556,-2432.0,-67.55556,2.0
1758076074.22402,33751.0,185.40262,35021.0,192.37904,-4854.0,-134.83333,-2877.0,-79.91666,2.0
1758076074.22439,34011.0,186.83086,34864.0,191.51659,-5307.0,-147.41667,-3270.0,-90.83334,2.0
1758076074.24037,34294.0,188.38544,34687.0,190.54428,-5839.0,-162.19444,-3606.0,-100.16666,2.0
1758076074.24179,34603.0,190.08286,34497.0,189.50058,-6284.0,-174.55556,-3812.0,-105.88889,2.0
1758076074.25876,34927.0,191.86266,34305.0,188.44586,-6509.0,-180.80556,-3784.0,-105.11111,2.0
1758076074.27517,35272.0,193.75784,34122.0,187.4406,-7017.0,-194.91667,-3468.0,-96.33334,2.0
1758076074.27637,35633.0,195.74089,33956.0,186.52873,-7194.0,-199.83333,-3125.0,-86.80556,2.0
1758076074.29523,36002.0,197.76791,33807.0,185.71024,-7362.0,-204.5,-2815.0,-78.19444,2.0
1758076074.29696,36383.0,199.86084,33677.0,184.99612,-7637.0,-212.13889,-2435.0,-67.63889,2.0
1758076074.31307,36766.0,201.96475,33567.0,184.39185,-7558.0,-209.94444,-2018.0,-56.05556,2.0
1758076074.31381,37154.0,204.09613,33479.0,183.90845,-7687.0,-213.52777,-1530.0,-42.5,2.0
1758076074.32933,37546.0,206.2495,33411.0,183.53491,-7556.0,-209.88889,-1143.0,-31.75,2.0
1758076074.33133,37924.0,208.32593,33365.0,183.28221,-7468.0,-207.44444,-751.0,-20.86111,2.0
1758076074.34732,38299.0,210.38591,33333.0,183.10643,-7255.0,-201.52777,-557.0,-15.47222,2.0
1758076074.3641,38658.0,212.35797,33304.0,182.94713,-7003.0,-194.52777,-566.0,-15.72222,2.0
1758076074.36579,39008.0,214.28061,33273.0,182.77684,-6830.0,-189.72223,-637.0,-17.69444,2.0
1758076074.38496,39343.0,216.12086,33241.0,182.60106,-6439.0,-178.86111,-701.0,-19.47222,2.0
1758076074.38585,39659.0,217.85672,33195.0,182.34837,-6114.0,-169.83333,-1074.0,-29.83333,2.0
1758076074.40217,39956.0,219.4882,33138.0,182.03523,-5596.0,-155.44444,-1130.0,-31.38889,2.0
1758076074.4042,40221.0,220.94392,33079.0,181.71114,-4938.0,-137.16667,-1244.0,-34.55556,2.0
1758076074.42012,40454.0,222.22385,33007.0,181.31563,-4412.0,-122.55556,-1553.0,-43.13889,2.0
1758076074.42381,40665.0,223.38293,32919.0,180.83223,-4014.0,-111.5,-1928.0,-53.55556,2.0
1758076074.43932,40846.0,224.37721,32818.0,180.2774,-3226.0,-89.61111,-2001.0,-55.58333,2.0
1758076074.44144,40982.0,225.12428,32720.0,179.73907,-2194.0,-60.94444,-1836.0,-51.0,2.0
1758076074.45735,41060.0,225.55275,32636.0,179.27763,-1052.0,-29.22222,-1505.0,-41.80556,2.0
1758076074.47407,41077.0,225.64613,32575.0,178.94255,139.0,3.86111,-987.0,-27.41667,2.0
1758076074.47483,41058.0,225.54176,32537.0,178.73381,556.0,15.44444,-630.0,-17.5,2.0
1758076074.49036,41012.0,225.28908,32517.0,178.62395,1146.0,31.83333,-229.0,-6.36111,2.0
1758076074.49197,40935.0,224.8661,32517.0,178.62395,1806.0,50.16667,42.0,1.16667,2.0
1758076074.50811,40824.0,224.25635,32519.0,178.63493,2470.0,68.61111,12.0,0.33333,2.0
1758076074.52447,40677.0,223.44885,32520.0,178.64043,3231.0,89.75,11.0,0.30556,2.0
1758076074.52572,40493.0,222.43808,32521.0,178.64592,3962.0,110.05556,21.0,0.58333,2.0
1758076074.54398,40270.0,221.21309,32522.0,178.65141,4702.0,130.61111,0.0,0.0,2.0
1758076074.54477,40011.0,219.79033,32522.0,178.65141,5413.0,150.36111,-7.0,-0.19444,2.0
1758076074.5604,39721.0,218.1973,32522.0,178.65141,5986.0,166.27777,0.0,0.0,2.0
1758076074.5624,39405.0,216.46144,32526.0,178.67339,6414.0,178.16667,187.0,5.19444,2.0
1758076074.57815,39062.0,214.57726,32546.0,178.78325,7110.0,197.5,528.0,14.66667,2.0
1758076074.59441,38686.0,212.51178,32586.0,179.00298,7668.0,213.0,983.0,27.30556,2.0
1758076074.59518,38277.0,210.26506,32649.0,179.34904,8357.0,232.13889,1377.0,38.25,2.0
1758076074.61036,37855.0,207.9469,32720.0,179.73907,8064.0,224.0,1240.0,34.44444,2.0
1758076074.61532,37482.0,205.8979,32762.0,179.96979,6854.0,190.38889,403.0,11.19444,2.0
1758076074.63044,37175.0,204.21149,32755.0,179.93134,5398.0,149.94444,-404.0,-11.22222,2.0
1758076074.63324,36952.0,202.98648,32724.0,179.76105,3615.0,100.41666,-770.0,-21.38889,2.0
1758076074.64999,36818.0,202.2504,32671.0,179.46989,1951.0,54.19444,-1281.0,-35.58333,2.0
1758076074.6536,36758.0,201.92081,32600.0,179.07988,658.0,18.27778,-1442.0,-40.05556,2.0
1758076074.66999,36752.0,201.88785,32531.0,178.70085,-149.0,-4.13889,-1322.0,-36.72222,2.0
1758076074.67312,36757.0,201.91531,32477.0,178.40422,-20.0,-0.55556,-819.0,-22.75,2.0
1758076074.69866,36753.0,201.89334,32456.0,178.28886,123.0,3.41667,-90.0,-2.5,2.0
1758076074.70114,36741.0,201.82742,32464.0,178.33281,343.0,9.52778,198.0,5.5,2.0
1758076074.72961,36711.0,201.66261,32479.0,178.41521,767.0,21.30556,426.0,11.83333,2.0
1758076074.73054,36658.0,201.37148,32514.0,178.60747,1241.0,34.47222,891.0,24.75,2.0
1758076074.73413,36581.0,200.9485,32569.0,178.90959,1711.0,47.52778,1200.0,33.33333,2.0
1758076074.7348,36481.0,200.39919,32639.0,179.29411,2167.0,60.19444,1531.0,42.52778,2.0
1758076074.75226,36358.0,199.72351,32725.0,179.76654,2654.0,73.72222,1796.0,49.88889,2.0
1758076074.7562,36211.0,198.91599,32828.0,180.33234,3122.0,86.72222,2204.0,61.22222,2.0
1758076074.77418,36037.0,197.96017,32955.0,181.02998,3657.0,101.58334,2752.0,76.44444,2.0
1758076074.77541,35834.0,196.84505,33111.0,181.88692,4290.0,119.16666,3346.0,92.94444,2.0
1758076074.79225,35599.0,195.55412,33302.0,182.93614,4921.0,136.69444,4044.0,112.33334,2.0
1758076074.79925,35334.0,194.09842,33526.0,184.16663,5423.0,150.63889,4663.0,129.52777,2.0
1758076074.81797,35051.0,192.54384,33778.0,185.55093,5640.0,156.66667,5158.0,143.27777,2.0
1758076074.82408,34765.0,190.97276,34049.0,187.0396,5631.0,156.41667,5452.0,151.44444,2.0
1758076074.82501,34487.0,189.44565,34333.0,188.59967,5405.0,150.13889,5745.0,159.58333,2.0
1758076074.84043,34226.0,188.0119,34630.0,190.23117,4930.0,136.94444,5966.0,165.72223,2.0
1758076074.84391,33993.0,186.73198,34935.0,191.9066,4375.0,121.52778,6048.0,168.0,2.0
1758076074.86017,33787.0,185.60037,35248.0,193.62601,3831.0,106.41666,6295.0,174.86111,2.0
1758076074.86139,33609.0,184.62256,35566.0,195.37285,3274.0,90.94444,6277.0,174.36111,2.0
1758076074.88006,33463.0,183.82056,35884.0,197.11971,2609.0,72.47222,6274.0,174.27777,2.0
1758076074.88047,33348.0,183.18883,36208.0,198.89951,2043.0,56.75,6522.0,181.16667,2.0
1758076074.90134,33260.0,182.70543,36542.0,200.73427,1568.0,43.55556,6606.0,183.5,2.0
1758076074.90272,33191.0,182.3264,36878.0,202.57999,1199.0,33.30556,6692.0,185.88889,2.0
1758076074.92046,33139.0,182.04073,37221.0,204.46417,933.0,25.91667,6793.0,188.69444,2.0
1758076074.92404,33096.0,181.80452,37565.0,206.35387,723.0,20.08333,6770.0,188.05556,2.0
1758076074.94119,33066.0,181.63972,37905.0,208.22156,523.0,14.52778,6730.0,186.94444,2.0
1758076074.942,33043.0,181.51338,38245.0,210.08926,425.0,11.80556,6696.0,186.0,2.0
1758076074.95818,33025.0,181.41451,38575.0,211.90204,332.0,9.22222,6392.0,177.55556,2.0
1758076074.97627,33016.0,181.36507,38887.0,213.61594,10.0,0.27778,5996.0,166.55556,2.0
1758076074.97803,33017.0,181.37056,39173.0,215.187,0.0,0.0,5413.0,150.36111,2.0
1758076074.99419,33017.0,181.37056,39429.0,216.59328,9.0,0.25,4833.0,134.25,2.0
1758076074.99503,33017.0,181.37056,39654.0,217.82925,0.0,0.0,4131.0,114.75,2.0
1758076075.01045,33018.0,181.37605,39839.0,218.8455,0.0,0.0,3277.0,91.02778,2.0
1758076075.01558,33019.0,181.38155,39975.0,219.59258,0.0,0.0,2240.0,62.22222,2.0
1758076075.03043,33019.0,181.38155,40059.0,220.054,0.0,0.0,1261.0,35.02778,2.0
1758076075.0336,33019.0,181.38155,40094.0,220.24629,7.0,0.19444,296.0,8.22222,2.0
1758076075.05042,33019.0,181.38155,40090.0,220.22432,21.0,0.58333,-192.0,-5.33333,2.0
1758076075.0556,33018.0,181.37605,40072.0,220.12544,18.0,0.5,-486.0,-13.5,2.0
1758076075.07041,33018.0,181.37605,40039.0,219.94414,0.0,0.0,-794.0,-22.05556,2.0
1758076075.07558,33019.0,181.38155,39986.0,219.653,-7.0,-0.19444,-1232.0,-34.22222,2.0
1758076075.09039,33021.0,181.39253,39905.0,219.20805,-35.0,-0.97222,-1862.0,-51.72222,2.0
1758076075.09204,33023.0,181.40352,39791.0,218.58182,-55.0,-1.52778,-2578.0,-71.61111,2.0
1758076075.10751,33026.0,181.42,39642.0,217.76334,-53.0,-1.47222,-3188.0,-88.55556,2.0
1758076075.12495,33032.0,181.45296,39464.0,216.78554,-161.0,-4.47222,-3775.0,-104.86111,2.0
1758076075.12656,33047.0,181.53535,39253.0,215.62645,-447.0,-12.41667,-4496.0,-124.88889,2.0
1758076075.14238,33082.0,181.72762,39000.0,214.23666,-875.0,-24.30556,-5378.0,-149.38889,2.0
1758076075.14481,33135.0,182.01875,38701.0,212.59418,-1053.0,-29.25,-6209.0,-172.47223,2.0
1758076075.16042,33183.0,182.28246,38363.0,210.73747,-854.0,-23.72222,-7054.0,-195.94444,2.0
1758076075.16358,33219.0,182.48021,37978.0,208.62256,-614.0,-17.05556,-8094.0,-224.83333,2.0
1758076075.17955,33247.0,182.63402,37544.0,206.23851,-544.0,-15.11111,-8793.0,-244.25,2.0
1758076075.18146,33274.0,182.78233,37092.0,203.75555,-446.0,-12.38889,-8888.0,-246.88889,2.0
1758076075.19737,33281.0,182.82079,36675.0,201.46486,130.0,3.61111,-7619.0,-211.63889,2.0
1758076075.21527,33255.0,182.67796,36323.0,199.53125,816.0,22.66667,-6386.0,-177.38889,2.0
1758076075.21654,33188.0,182.30992,36046.0,198.00961,1756.0,48.77778,-4698.0,-130.5,2.0
1758076075.23232,33068.0,181.65071,35856.0,196.9659,2812.0,78.11111,-3029.0,-84.13889,2.0
1758076075.233,32900.0,180.72786,35744.0,196.35066,3686.0,102.38889,-1666.0,-46.27778,2.0
1758076075.24845,32700.0,179.6292,35689.0,196.04851,4094.0,113.72222,-717.0,-19.91667,2.0
1758076075.26449,32498.0,178.51958,35663.0,195.90569,3862.0,107.27778,-424.0,-11.77778,2.0
1758076075.26516,32324.0,177.56375,35637.0,195.76286,3059.0,84.97222,-672.0,-18.66667,2.0
1758076075.28262,32200.0,176.88258,35590.0,195.50468,1965.0,54.58333,-1152.0,-32.0,2.0
1758076075.28419,32140.0,176.55298,35509.0,195.05974,616.0,17.11111,-1945.0,-54.02778,2.0
1758076075.29939,32145.0,176.58044,35391.0,194.41153,-507.0,-14.08333,-2585.0,-71.80556,2.0
1758076075.30412,32190.0,176.82764,35250.0,193.63699,-1180.0,-32.77778,-2932.0,-81.44444,2.0
1758076075.32014,32263.0,177.22865,35101.0,192.8185,-1594.0,-44.27778,-2940.0,-81.66666,2.0
1758076075.32103,32354.0,177.72855,34954.0,192.011,-1882.0,-52.27778,-2840.0,-78.88889,2.0
1758076075.33802,32452.0,178.26689,34815.0,191.24742,-2020.0,-56.11111,-2680.0,-74.44444,2.0
1758076075.35525,32558.0,178.84917,34684.0,190.5278,-2109.0,-58.58333,-2488.0,-69.11111,2.0
1758076075.35784,32671.0,179.46989,34560.0,189.84665,-2332.0,-64.77778,-2434.0,-67.61111,2.0
1758076075.37415,32798.0,180.16754,34438.0,189.17648,-2620.0,-72.77778,-2418.0,-67.16666,2.0
1758076075.37495,32944.0,180.96956,34311.0,188.47882,-3090.0,-85.83334,-2606.0,-72.38889,2.0
1758076075.39036,33118.0,181.92537,34171.0,187.70976,-3715.0,-103.19444,-2844.0,-79.0,2.0
1758076075.39558,33326.0,183.06798,34018.0,186.86931,-4385.0,-121.80556,-3130.0,-86.94444,2.0
1758076075.41041,33571.0,184.41382,33852.0,185.95743,-5142.0,-142.83333,-3393.0,-94.25,2.0
1758076075.41499,33850.0,185.94644,33675.0,184.98514,-5752.0,-159.77777,-3566.0,-99.05556,2.0
1758076075.43044,34156.0,187.62737,33495.0,183.99634,-6306.0,-175.16667,-3499.0,-97.19444,2.0
1758076075.43122,34491.0,189.46762,33322.0,183.04601,-6813.0,-189.25,-3274.0,-90.94444,2.0
1758076075.44643,34847.0,191.4232,33167.0,182.19456,-7152.0,-198.66667,-2896.0,-80.44444,2.0
1758076075.46441,35219.0,193.46671,33036.0,181.47493,-7601.0,-211.13889,-2408.0,-66.88889,2.0
1758076075.46481,35612.0,195.62553,32928.0,180.88167,-7810.0,-216.94444,-1958.0,-54.38889,2.0
1758076075.48395,36013.0,197.82834,32842.0,180.40924,-7999.0,-222.19444,-1506.0,-41.83333,2.0
1758076075.48569,36427.0,200.10254,32772.0,180.02472,-8303.0,-230.63889,-1281.0,-35.58333,2.0
1758076075.50153,36845.0,202.39871,32717.0,179.7226,-8291.0,-230.30556,-939.0,-26.08333,2.0
1758076075.50219,37267.0,204.71687,32674.0,179.48637,-8388.0,-233.0,-788.0,-21.88889,2.0
1758076075.52046,37682.0,206.99657,32638.0,179.28862,-8049.0,-223.58333,-630.0,-17.5,2.0
1758076075.52446,38088.0,209.22684,32612.0,179.1458,-7947.0,-220.75,-428.0,-11.88889,2.0
1758076075.54034,38484.0,211.40215,32591.0,179.03044,-7659.0,-212.75,-371.0,-10.30556,2.0
1758076075.54182,38861.0,213.47311,32573.0,178.93156,-7376.0,-204.88889,-340.0,-9.44444,2.0
1758076075.55824,39219.0,215.43968,32552.0,178.81621,-6787.0,-188.52777,-443.0,-12.30556,2.0
1758076075.57438,39536.0,217.18105,32531.0,178.70085,-5841.0,-162.25,-328.0,-9.11111,2.0
1758076075.57524,39807.0,218.66971,32517.0,178.62395,-5030.0,-139.72223,-258.0,-7.16667,2.0
1758076075.59043,40039.0,219.94414,32508.0,178.57451,-4300.0,-119.44444,-149.0,-4.13889,2.0
1758076075.59121,40227.0,220.97688,32504.0,178.55254,-3292.0,-91.44444,-57.0,-1.58333,2.0
1758076075.6072,40363.0,221.72397,32503.0,178.54704,-2232.0,-62.0,0.0,0.0,2.0
1758076075.62445,40447.0,222.18539,32503.0,178.54704,-1201.0,-33.36111,0.0,0.0,2.0
1758076075.62521,40480.0,222.36667,32503.0,178.54704,-263.0,-7.30556,0.0,0.0,2.0
1758076075.64462,40478.0,222.35568,32503.0,178.54704,102.0,2.83333,0.0,0.0,2.0
1758076075.64511,40467.0,222.29526,32503.0,178.54704,303.0,8.41667,0.0,0.0,2.0
1758076075.66499,40445.0,222.17441,32503.0,178.54704,584.0,16.22222,0.0,0.0,2.0
1758076075.66654,40400.0,221.92722,32503.0,178.54704,1124.0,31.22222,0.0,0.0,2.0
1758076075.68399,40328.0,221.53171,32504.0,178.55254,1641.0,45.58333,5.0,0.13889,2.0
1758076075.68461,40225.0,220.9659,32506.0,178.56352,2333.0,64.80556,36.0,1.0,2.0
1758076075.7004,40085.0,220.19685,32508.0,178.57451,3080.0,85.55556,45.0,1.25,2.0
1758076075.70173,39907.0,219.21904,32510.0,178.58549,3863.0,107.30556,56.0,1.55556,2.0
1758076075.718,39691.0,218.0325,32516.0,178.61845,4563.0,126.75,162.0,4.5,2.0
1758076075.73343,39437.0,216.63722,32529.0,178.68987,5340.0,148.33333,343.0,9.52778,2.0
1758076075.73502,39141.0,215.01122,32555.0,178.83269,6266.0,174.05556,671.0,18.63889,2.0
1758076075.75042,38794.0,213.10507,32604.0,179.10185,7262.0,201.72223,1202.0,33.38889,2.0
1758076075.75117,38405.0,210.96819,32679.0,179.51384,8032.0,223.11111,1731.0,48.08333,2.0
1758076075.76834,37971.0,208.58411,32768.0,180.00275,9000.0,250.0,1706.0,47.38889,2.0
1758076075.78446,37501.0,206.00227,32840.0,180.39825,9211.0,255.86111,1170.0,32.5,2.0
1758076075.78561,37055.0,203.55231,32873.0,180.57953,8342.0,231.72223,239.0,6.63889,2.0
1758076075.80042,36680.0,201.49232,32863.0,180.5246,6597.0,183.25,-348.0,-9.66667,2.0
1758076075.80169,36400.0,199.95422,32833.0,180.3598,4647.0,129.08333,-844.0,-23.44444,2.0
1758076075.81833,36221.0,198.97092,32772.0,180.02472,2704.0,75.11111,-1478.0,-41.05556,2.0
1758076075.83342,36134.0,198.49301,32685.0,179.5468,1036.0,28.77778,-1884.0,-52.33333,2.0
1758076075.83423,36116.0,198.39413,32586.0,179.00298,-43.0,-1.19444,-1935.0,-53.75,2.0
1758076075.84945,36122.0,198.42709,32496.0,178.50859,-71.0,-1.97222,-1614.0,-44.83333,2.0
1758076075.85492,36121.0,198.4216,32431.0,178.15152,37.0,1.02778,-1015.0,-28.19444,2.0
1758076075.87046,36115.0,198.38864,32401.0,177.98672,194.0,5.38889,-247.0,-6.86111,2.0
1758076075.87579,36095.0,198.27878,32407.0,178.01968,576.0,16.0,256.0,7.11111,2.0
1758076075.89149,36056.0,198.06454,32424.0,178.11307,906.0,25.16667,401.0,11.13889,2.0
1758076075.89221,35999.0,197.75143,32453.0,178.27238,1307.0,36.30556,710.0,19.72222,2.0
1758076075.90748,35926.0,197.35042,32500.0,178.53056,1506.0,41.83333,1078.0,29.94444,2.0
1758076075.92428,35847.0,196.91646,32560.0,178.86015,1639.0,45.52778,1214.0,33.72222,2.0
1758076075.925,35762.0,196.44954,32624.0,179.21172,1727.0,47.97222,1296.0,36.0,2.0
1758076075.94043,35668.0,195.93315,32696.0,179.60722,1968.0,54.66667,1514.0,42.05556,2.0
1758076075.94202,35556.0,195.31792,32786.0,180.10162,2428.0,67.44444,2045.0,56.80556,2.0
1758076075.95741,35416.0,194.54886,32910.0,180.78279,3054.0,84.83334,2818.0,78.27778,2.0
1758076075.97346,35241.0,193.58755,33078.0,181.70564,3774.0,104.83334,3673.0,102.02778,2.0
1758076075.9746,35033.0,192.44496,33288.0,182.85924,4365.0,121.25,4499.0,124.97222,2.0
1758076075.98944,34800.0,191.16502,33538.0,184.23254,4760.0,132.22223,5205.0,144.58333,2.0
1758076075.99137,34555.0,189.81918,33819.0,185.77615,4860.0,135.0,5706.0,158.5,2.0
1758076076.0074,34315.0,188.50079,34118.0,187.41862,4601.0,127.80556,6054.0,168.16667,2.0
1758076076.02419,34097.0,187.30327,34431.0,189.138,4070.0,113.05556,6270.0,174.16667,2.0
1758076076.02538,33907.0,186.25955,34752.0,190.90135,3421.0,95.02778,6405.0,177.91667,2.0
1758076076.04041,33752.0,185.40811,35079.0,192.69765,2787.0,77.41666,6502.0,180.61111,2.0
1758076076.0412,33627.0,184.72144,35413.0,194.53238,2228.0,61.88889,6673.0,185.36111,2.0
1758076076.05804,33532.0,184.19958,35753.0,196.4001,1614.0,44.83333,6717.0,186.58333,2.0
1758076076.07335,33464.0,183.82605,36099.0,198.30075,1105.0,30.69444,6865.0,190.69444,2.0
1758076076.07405,33419.0,183.57886,36456.0,200.26184,758.0,21.05556,7153.0,198.69444,2.0
1758076076.08941,33387.0,183.40306,36818.0,202.2504,565.0,15.69444,7185.0,199.58333,2.0
1758076076.1094,33361.0,183.26024,37186.0,204.27191,433.0,12.02778,7312.0,203.11111,2.0
1758076076.11013,33345.0,183.17235,37557.0,206.30992,238.0,6.61111,7279.0,202.19444,2.0
1758076076.11198,33341.0,183.15038,37921.0,208.30945,-39.0,-1.08333,7195.0,199.86111,2.0
1758076076.13048,33342.0,183.15587,38283.0,210.29802,0.0,0.0,7081.0,196.69444,2.0
1758076076.13537,33342.0,183.15587,38631.0,212.20966,0.0,0.0,6746.0,187.38889,2.0
1758076076.16652,33342.0,183.15587,38965.0,214.0444,0.0,0.0,6459.0,179.41667,2.0
1758076076.16674,33342.0,183.15587,39277.0,215.75829,0.0,0.0,5915.0,164.30556,2.0
1758076076.17238,33344.0,183.16685,39554.0,217.27994,-55.0,-1.52778,5103.0,141.75,2.0
1758076076.17374,33345.0,183.17235,39788.0,218.56534,9.0,0.25,4270.0,118.61111,2.0
1758076076.18935,33346.0,183.17784,39972.0,219.5761,-35.0,-0.97222,3159.0,87.75,2.0
1758076076.19309,33350.0,183.19981,40096.0,220.25728,-68.0,-1.88889,1930.0,53.61111,2.0
1758076076.2105,33356.0,183.23277,40159.0,220.60335,-124.0,-3.44444,789.0,21.91667,2.0
1758076076.21457,33363.0,183.27122,40171.0,220.66927,-125.0,-3.47222,-91.0,-2.52778,2.0
1758076076.23048,33367.0,183.2932,40161.0,220.61433,-35.0,-0.97222,-249.0,-6.91667,2.0
1758076076.23486,33367.0,183.2932,40141.0,220.50447,20.0,0.55556,-489.0,-13.58333,2.0
1758076076.25048,33368.0,183.29869,40104.0,220.30122,-12.0,-0.33333,-950.0,-26.38889,2.0
1758076076.25536,33371.0,183.31517,40040.0,219.94963,-56.0,-1.55556,-1494.0,-41.5,2.0
1758076076.27464,33376.0,183.34264,39949.0,219.44975,-123.0,-3.41667,-2062.0,-57.27778,2.0
1758076076.27584,33383.0,183.38109,39827.0,218.77959,-123.0,-3.41667,-2696.0,-74.88889,2.0
1758076076.29445,33388.0,183.40855,39672.0,217.92813,-60.0,-1.66667,-3310.0,-91.94444,2.0
1758076076.29523,33387.0,183.40306,39489.0,216.92287,69.0,1.91667,-3827.0,-106.30556,2.0
1758076076.31522,33385.0,183.39207,39281.0,215.78026,0.0,0.0,-4321.0,-120.02778,2.0
1758076076.31564,33390.0,183.41954,39046.0,214.48936,-164.0,-4.55556,-4919.0,-136.63889,2.0
1758076076.33499,33403.0,183.49095,38777.0,213.01166,-284.0,-7.88889,-5585.0,-155.13889,2.0
1758076076.33538,33410.0,183.52942,38476.0,211.3582,-37.0,-1.02778,-6209.0,-172.47223,2.0
1758076076.35244,33407.0,183.51292,38139.0,209.50699,110.0,3.05556,-7066.0,-196.27777,2.0
1758076076.35324,33401.0,183.47997,37758.0,207.41405,87.0,2.41667,-7862.0,-218.38889,2.0
1758076076.36925,33402.0,183.48546,37347.0,205.15633,-42.0,-1.16667,-8170.0,-226.94444,2.0
1758076076.37451,33401.0,183.47997,36943.0,202.93704,121.0,3.36111,-7625.0,-211.80556,2.0
1758076076.39052,33385.0,183.39207,36588.0,200.98695,524.0,14.55556,-6563.0,-182.30556,2.0
1758076076.39164,33336.0,183.12291,36288.0,199.33899,1336.0,37.11111,-5411.0,-150.30556,2.0
1758076076.40796,33240.0,182.59557,36049.0,198.02609,2374.0,65.94444,-3994.0,-110.94444,2.0
1758076076.42441,33092.0,181.78255,35887.0,197.13618,3306.0,91.83334,-2613.0,-72.58334,2.0
1758076076.42508,32909.0,180.7773,35790.0,196.60335,3788.0,105.22222,-1456.0,-40.44444,2.0
1758076076.44052,32716.0,179.7171,35738.0,196.3177,3817.0,106.02778,-738.0,-20.5,2.0
1758076076.44125,32537.0,178.73381,35710.0,196.16386,3247.0,90.19444,-455.0,-12.63889,2.0
1758076076.45806,32399.0,177.97574,35686.0,196.03203,2270.0,63.05556,-551.0,-15.30556,2.0
1758076076.47429,32316.0,177.51979,35650.0,195.83427,1139.0,31.63889,-810.0,-22.5,2.0
1758076076.47499,32292.0,177.38795,35603.0,195.5761,4.0,0.11111,-926.0,-25.72222,2.0
1758076076.49043,32311.0,177.49232,35555.0,195.31242,-631.0,-17.52778,-967.0,-26.86111,2.0
1758076076.49439,32356.0,177.73953,35509.0,195.05974,-1035.0,-28.75,-830.0,-23.05556,2.0
1758076076.51046,32417.0,178.07462,35473.0,194.86198,-1336.0,-37.11111,-573.0,-15.91667,2.0
1758076076.51125,32499.0,178.52507,35450.0,194.73563,-1787.0,-49.63889,-397.0,-11.02778,2.0
1758076076.52652,32604.0,179.10185,35428.0,194.61478,-2353.0,-65.36111,-495.0,-13.75,2.0
1758076076.54428,32739.0,179.84344,35393.0,194.42252,-2946.0,-81.83334,-861.0,-23.91667,2.0
1758076076.54507,32903.0,180.74434,35340.0,194.13138,-3520.0,-97.77778,-1231.0,-34.19444,2.0
1758076076.56053,33100.0,181.82649,35262.0,193.70291,-4157.0,-115.47222,-1804.0,-50.11111,2.0
1758076076.56205,33332.0,183.10094,35156.0,193.12062,-4840.0,-134.44444,-2302.0,-63.94444,2.0
1758076076.57754,33596.0,184.55115,35025.0,192.40102,-5466.0,-151.83333,-2809.0,-78.02778,2.0
1758076076.59447,33884.0,186.13321,34871.0,191.55504,-5848.0,-162.44444,-3193.0,-88.69444,2.0
1758076076.59527,34190.0,187.81415,34701.0,190.6212,-6159.0,-171.08333,-3470.0,-96.38889,2.0
1758076076.61309,34512.0,189.58298,34522.0,189.63791,-6479.0,-179.97223,-3552.0,-98.66666,2.0
1758076076.61504,34841.0,191.39024,34346.0,188.67108,-6527.0,-181.30556,-3426.0,-95.16666,2.0
1758076076.63051,35172.0,193.20851,34183.0,187.7757,-6563.0,-182.30556,-3051.0,-84.75,2.0
1758076076.6313,35507.0,195.04875,34041.0,186.99565,-6609.0,-183.58333,-2609.0,-72.47222,2.0
1758076076.64811,35834.0,196.84505,33922.0,186.34196,-6379.0,-177.19444,-2161.0,-60.02778,2.0
1758076076.66447,36159.0,198.63034,33826.0,185.81461,-6449.0,-179.13889,-1723.0,-47.86111,2.0
1758076076.6657,36482.0,200.40468,33754.0,185.4191,-6282.0,-174.5,-1194.0,-33.16667,2.0
1758076076.68046,36795.0,202.12405,33703.0,185.13895,-6167.0,-171.30556,-877.0,-24.36111,2.0
1758076076.68175,37104.0,203.82147,33670.0,184.95767,-6081.0,-168.91667,-493.0,-13.69444,2.0
1758076076.69758,37410.0,205.5024,33657.0,184.88623,-5852.0,-162.55556,-59.0,-1.63889,2.0
1758076076.71348,37700.0,207.09544,33657.0,184.88623,-5665.0,-157.36111,0.0,0.0,2.0
1758076076.71433,37983.0,208.65002,33657.0,184.88623,-5566.0,-154.61111,0.0,0.0,2.0
1758076076.72946,38260.0,210.17166,33657.0,184.88623,-5359.0,-148.86111,0.0,0.0,2.0
1758076076.73472,38523.0,211.61638,33657.0,184.88623,-5055.0,-140.41667,0.0,0.0,2.0
1758076076.75052,38773.0,212.98969,33657.0,184.88623,-4820.0,-133.88889,-4.0,-0.11111,2.0
1758076076.75134,39010.0,214.2916,33656.0,184.88074,-4526.0,-125.72222,-23.0,-0.63889,2.0
1758076076.76646,39223.0,215.46165,33656.0,184.88074,-3923.0,-108.97222,0.0,0.0,2.0
1758076076.78499,39404.0,216.45595,33656.0,184.88074,-3316.0,-92.11111,-31.0,-0.86111,2.0
1758076076.7869,39554.0,217.27994,33655.0,184.87524,-2663.0,-73.97222,-15.0,-0.41667,2.0
1758076076.80255,39668.0,217.90616,33654.0,184.86975,-1916.0,-53.22222,-12.0,-0.33333,2.0
1758076076.8053,39743.0,218.31815,33654.0,184.86975,-1196.0,-33.22222,-19.0,-0.52778,2.0
1758076076.82138,39780.0,218.52139,33653.0,184.86426,-351.0,-9.75,-45.0,-1.25,2.0
1758076076.82211,39780.0,218.52139,33649.0,184.84229,123.0,3.41667,-120.0,-3.33333,2.0
1758076076.84125,39765.0,218.439,33643.0,184.80933,431.0,11.97222,-112.0,-3.11111,2.0
1758076076.84376,39730.0,218.24673,33639.0,184.78735,904.0,25.11111,-31.0,-0.86111,2.0
1758076076.86459,39669.0,217.91165,33640.0,184.79285,1461.0,40.58333,42.0,1.16667,2.0
1758076076.86529,39574.0,217.3898,33643.0,184.80933,2172.0,60.33333,97.0,2.69444,2.0
1758076076.88215,39443.0,216.67018,33654.0,184.86975,2893.0,80.36111,351.0,9.75,2.0
1758076076.88415,39270.0,215.71983,33681.0,185.0181,3832.0,106.44444,687.0,19.08333,2.0
1758076076.8995,39046.0,214.48936,33727.0,185.27078,4886.0,135.72223,1015.0,28.19444,2.0
1758076076.90115,38772.0,212.98419,33778.0,185.55093,5772.0,160.33333,951.0,26.41667,2.0
1758076076.91765,38458.0,211.25932,33816.0,185.75967,6553.0,182.02777,559.0,15.52778,2.0
1758076076.93372,38098.0,209.28177,33828.0,185.82559,7539.0,209.41667,29.0,0.80556,2.0
1758076076.93431,37722.0,207.21629,33825.0,185.80911,7299.0,202.75,-71.0,-1.97222,2.0
1758076076.94948,37367.0,205.26619,33816.0,185.75967,6776.0,188.22223,-299.0,-8.30556,2.0
1758076076.95395,37045.0,203.49738,33792.0,185.62784,5948.0,165.22223,-624.0,-17.33333,2.0
1758076076.9696,36782.0,202.05264,33744.0,185.36417,4600.0,127.77778,-1202.0,-33.38889,2.0
1758076076.97317,36590.0,200.99794,33666.0,184.9357,3191.0,88.63889,-1809.0,-50.25,2.0
1758076076.98931,36468.0,200.32776,33562.0,184.36438,1844.0,51.22222,-2229.0,-61.91667,2.0
1758076076.99451,36410.0,200.00916,33444.0,183.71619,679.0,18.86111,-2423.0,-67.30556,2.0
1758076077.01139,36398.0,199.94324,33323.0,183.0515,-25.0,-0.69444,-2318.0,-64.38889,2.0
1758076077.01211,36399.0,199.94873,33214.0,182.45274,0.0,0.0,-1984.0,-55.11111,2.0
1758076077.02751,36398.0,199.94324,33128.0,181.9803,6.0,0.16667,-1444.0,-40.11111,2.0
1758076077.04452,36396.0,199.93225,33076.0,181.69466,84.0,2.33333,-717.0,-19.91667,2.0
1758076077.0453,36385.0,199.87183,33058.0,181.59578,342.0,9.5,-70.0,-1.94444,2.0
1758076077.0638,36362.0,199.74548,33063.0,181.62325,488.0,13.55556,80.0,2.22222,2.0
1758076077.06448,36335.0,199.59717,33064.0,181.62874,579.0,16.08333,0.0,0.0,2.0
1758076077.08135,36304.0,199.42688,33065.0,181.63423,627.0,17.41667,9.0,0.25,2.0
1758076077.08499,36271.0,199.24561,33065.0,181.63423,701.0,19.47222,9.0,0.25,2.0
1758076077.10482,36228.0,199.0094,33066.0,181.63972,976.0,27.11111,30.0,0.83333,2.0
1758076077.10978,36171.0,198.69626,33070.0,181.6617,1290.0,35.83333,117.0,3.25,2.0
1758076077.12534,36091.0,198.25681,33079.0,181.71114,1879.0,52.19444,287.0,7.97222,2.0
1758076077.12617,35977.0,197.63058,33108.0,181.87044,2572.0,71.44444,825.0,22.91667,2.0
1758076077.145,35822.0,196.77913,33174.0,182.23302,3396.0,94.33334,1646.0,45.72222,2.0
1758076077.15015,35628.0,195.71342,33279.0,182.8098,4183.0,116.19444,2409.0,66.91666,2.0
1758076077.17491,35397.0,194.44449,33422.0,183.59534,4865.0,135.13889,3114.0,86.5,2.0
1758076077.17886,35138.0,193.02174,33594.0,184.54016,5254.0,145.94444,3638.0,101.05556,2.0
1758076077.17988,34871.0,191.55504,33790.0,185.61685,5259.0,146.08333,3990.0,110.83334,2.0
1758076077.18504,34607.0,190.10483,34000.0,186.77043,5113.0,142.02777,4216.0,117.11111,2.0
1758076077.20452,34358.0,188.737,34218.0,187.96796,4700.0,130.55556,4344.0,120.66666,2.0
1758076077.20536,34137.0,187.52299,34443.0,189.20395,4102.0,113.94444,4497.0,124.91666,2.0
1758076077.22405,33946.0,186.4738,34678.0,190.49484,3477.0,96.58334,4725.0,131.25,2.0
1758076077.22446,33786.0,185.59488,34924.0,191.84618,2910.0,80.83334,4927.0,136.86111,2.0
1758076077.24168,33655.0,184.87524,35183.0,193.26894,2374.0,65.94444,5237.0,145.47223,2.0
1758076077.25031,33550.0,184.29846,35459.0,194.78508,1822.0,50.61111,5625.0,156.25,2.0
1758076077.29192,33472.0,183.87,35751.0,196.38911,1314.0,36.5,5858.0,162.72223,2.0
1758076077.29429,33421.0,183.58984,36051.0,198.03708,801.0,22.25,5983.0,166.19444,2.0
1758076077.29938,33394.0,183.44151,36362.0,199.74548,339.0,9.41667,6235.0,173.19444,2.0
1758076077.29997,33386.0,183.39757,36677.0,201.47585,28.0,0.77778,6205.0,172.36111,2.0
1758076077.30195,33387.0,183.40306,36988.0,203.18423,-22.0,-0.61111,6174.0,171.5,2.0
1758076077.30535,33387.0,183.40306,37302.0,204.90913,0.0,0.0,6185.0,171.80556,2.0
1758076077.32699,33387.0,183.40306,37608.0,206.59007,0.0,0.0,5918.0,164.38889,2.0
1758076077.32854,33387.0,183.40306,37900.0,208.19409,0.0,0.0,5691.0,158.08333,2.0
1758076077.34458,33387.0,183.40306,38182.0,209.74319,14.0,0.38889,5447.0,151.30556,2.0
1758076077.34531,33386.0,183.39757,38444.0,211.18242,19.0,0.52778,5005.0,139.02777,2.0
1758076077.36149,33385.0,183.39207,38686.0,212.51178,44.0,1.22222,4621.0,128.36111,2.0
1758076077.36208,33385.0,183.39207,38903.0,213.70383,-7.0,-0.19444,4047.0,112.41666,2.0
1758076077.37758,33384.0,183.38658,39090.0,214.73106,17.0,0.47222,3460.0,96.11111,2.0
1758076077.39358,33385.0,183.39207,39243.0,215.57152,0.0,0.0,2675.0,74.30556,2.0
1758076077.39436,33386.0,183.39757,39354.0,216.18129,-10.0,-0.27778,1823.0,50.63889,2.0
1758076077.40958,33387.0,183.40306,39422.0,216.55482,-9.0,-0.25,983.0,27.30556,2.0
1758076077.41485,33387.0,183.40306,39444.0,216.67567,0.0,0.0,7.0,0.19444,2.0
1758076077.43489,33387.0,183.40306,39428.0,216.58778,30.0,0.83333,-469.0,-13.02778,2.0
1758076077.43529,33385.0,183.39207,39395.0,216.40651,32.0,0.88889,-809.0,-22.47222,2.0
1758076077.45485,33384.0,183.38658,39343.0,216.12086,23.0,0.63889,-1210.0,-33.61111,2.0
1758076077.45525,33382.0,183.3756,39267.0,215.70335,32.0,0.88889,-1710.0,-47.5,2.0
1758076077.4746,33383.0,183.38109,39169.0,215.16502,-54.0,-1.5,-2123.0,-58.97222,2.0
1758076077.47581,33389.0,183.41405,39046.0,214.48936,-212.0,-5.88889,-2668.0,-74.11111,2.0
1758076077.4933,33407.0,183.51292,38889.0,213.62692,-425.0,-11.80556,-3463.0,-96.19444,2.0
1758076077.49375,33431.0,183.64478,38693.0,212.55023,-418.0,-11.61111,-4168.0,-115.77778,2.0
1758076077.50966,33448.0,183.73816,38461.0,211.2758,-232.0,-6.44444,-4935.0,-137.08333,2.0
1758076077.51275,33452.0,183.76013,38184.0,209.75418,0.0,0.0,-5934.0,-164.83333,2.0
1758076077.52959,33452.0,183.76013,37856.0,207.95239,-11.0,-0.30556,-6789.0,-188.58333,2.0
1758076077.53517,33453.0,183.76562,37500.0,205.99678,-32.0,-0.88889,-7166.0,-199.05556,2.0
1758076077.55139,33451.0,183.75464,37148.0,204.06317,155.0,4.30556,-6690.0,-185.83333,2.0
1758076077.55215,33430.0,183.63928,36832.0,202.3273,620.0,17.22222,-5871.0,-163.08333,2.0
1758076077.56764,33374.0,183.33165,36563.0,200.84962,1527.0,42.41667,-4896.0,-136.0,2.0
1758076077.58441,33268.0,182.74937,36344.0,199.64661,2556.0,71.0,-3856.0,-107.11111,2.0
1758076077.58514,33112.0,181.89241,36182.0,198.75668,3461.0,96.13889,-2708.0,-75.22222,2.0
1758076077.60136,32922.0,180.84871,36074.0,198.16342,3928.0,109.11111,-1744.0,-48.44444,2.0
1758076077.60962,32722.0,179.75006,36002.0,197.76791,3936.0,109.33334,-1254.0,-34.83333,2.0
1758076077.61532,32538.0,178.7393,35945.0,197.45479,3353.0,93.13889,-1133.0,-31.47222,2.0
1758076077.63142,32394.0,177.94827,35877.0,197.08125,2359.0,65.52778,-1502.0,-41.72222,2.0
1758076077.63425,32309.0,177.48134,35787.0,196.58687,1149.0,31.91667,-2021.0,-56.13889,2.0
1758076077.64963,32289.0,177.37148,35670.0,195.94414,-165.0,-4.58333,-2490.0,-69.16666,2.0
1758076077.6551,32321.0,177.54727,35536.0,195.20805,-973.0,-27.02778,-2709.0,-75.25,2.0
1758076077.67456,32387.0,177.90982,35400.0,194.46097,-1514.0,-42.05556,-2626.0,-72.94444,2.0
1758076077.67518,32478.0,178.40971,35276.0,193.77982,-1998.0,-55.5,-2329.0,-64.69444,2.0
1758076077.6915,32588.0,179.01396,35170.0,193.19753,-2318.0,-64.38889,-1897.0,-52.69444,2.0
1758076077.6942,32714.0,179.70612,35084.0,192.72511,-2649.0,-73.58334,-1553.0,-43.13889,2.0
1758076077.70957,32859.0,180.50262,35009.0,192.31313,-3044.0,-84.55556,-1478.0,-41.05556,2.0
1758076077.71091,33031.0,181.44746,34931.0,191.88463,-3617.0,-100.47222,-1594.0,-44.27778,2.0
1758076077.727,33236.0,182.57359,34840.0,191.38475,-4386.0,-121.83334,-1992.0,-55.33333,2.0
1758076077.74588,33481.0,183.91943,34724.0,190.74754,-5193.0,-144.25,-2543.0,-70.63889,2.0
1758076077.74784,33766.0,185.48502,34581.0,189.96201,-5902.0,-163.94444,-3058.0,-84.94444,2.0
1758076077.76501,34083.0,187.22636,34415.0,189.05011,-6544.0,-181.77777,-3354.0,-93.16666,2.0
1758076077.76661,34431.0,189.138,34239.0,188.08331,-7119.0,-197.75,-3483.0,-96.75,2.0
1758076077.77087,34804.0,191.187,34064.0,187.12199,-7485.0,-207.91667,-3428.0,-95.22222,2.0
1758076077.78694,35190.0,193.30739,33898.0,186.21011,-7787.0,-216.30556,-3167.0,-87.97222,2.0
1758076077.80347,35592.0,195.51567,33748.0,185.38614,-7906.0,-219.61111,-2749.0,-76.36111,2.0
1758076077.80498,35991.0,197.70749,33621.0,184.68848,-7902.0,-219.5,-2292.0,-63.66667,2.0
1758076077.82375,36394.0,199.92126,33518.0,184.12268,-8007.0,-222.41667,-1805.0,-50.13889,2.0
1758076077.8244,36791.0,202.10208,33439.0,183.68872,-7811.0,-216.97223,-1397.0,-38.80556,2.0
1758076077.8414,37187.0,204.2774,33383.0,183.38109,-7793.0,-216.47223,-870.0,-24.16667,2.0
1758076077.84232,37575.0,206.4088,33350.0,183.19981,-7532.0,-209.22223,-492.0,-13.66667,2.0
1758076077.85922,37952.0,208.47974,33335.0,183.11742,-7436.0,-206.55556,-157.0,-4.36111,2.0
1758076077.87465,38323.0,210.51775,33331.0,183.09544,-7175.0,-199.30556,-53.0,-1.47222,2.0
1758076077.87542,38676.0,212.45685,33328.0,183.07896,-6847.0,-190.19444,-82.0,-2.27778,2.0
1758076077.89511,39013.0,214.30807,33321.0,183.04051,-6499.0,-180.52777,-155.0,-4.30556,2.0
1758076077.89836,39327.0,216.03297,33313.0,182.99657,-5937.0,-164.91667,-150.0,-4.16667,2.0
1758076077.90091,39605.0,217.56009,33310.0,182.98009,-5186.0,-144.05556,-3.0,-0.08333,2.0
1758076077.91904,39849.0,218.90044,33309.0,182.97459,-4580.0,-127.22222,-81.0,-2.25,2.0
1758076077.93856,40059.0,220.054,33305.0,182.95262,-3796.0,-105.44444,-89.0,-2.47222,2.0
1758076077.93918,40223.0,220.95491,33301.0,182.93065,-2858.0,-79.38889,-81.0,-2.25,2.0
1758076077.95544,40342.0,221.60861,33298.0,182.91417,-1943.0,-53.97222,-68.0,-1.88889,2.0
1758076077.95773,40416.0,222.01511,33296.0,182.90318,-1128.0,-31.33333,-43.0,-1.19444,2.0
1758076077.97506,40448.0,222.19089,33294.0,182.8922,-252.0,-7.0,-53.0,-1.47222,2.0
1758076077.97544,40447.0,222.18539,33289.0,182.86473,69.0,1.91667,-149.0,-4.13889,2.0
1758076077.99345,40440.0,222.14694,33275.0,182.78783,148.0,4.11111,-371.0,-10.30556,2.0
1758076077.99461,40428.0,222.08102,33258.0,182.69444,353.0,9.80556,-391.0,-10.86111,2.0
1758076078.0096,40399.0,221.92172,33236.0,182.57359,750.0,20.83333,-436.0,-12.11111,2.0
1758076078.01438,40352.0,221.66354,33213.0,182.44725,1103.0,30.63889,-480.0,-13.33333,2.0
1758076078.02963,40279.0,221.26253,33191.0,182.3264,1721.0,47.80556,-363.0,-10.08333,2.0
1758076078.03517,40171.0,220.66927,33180.0,182.26598,2444.0,67.88889,-141.0,-3.91667,2.0
1758076078.05464,40026.0,219.87273,33179.0,182.26048,3200.0,88.88889,69.0,1.91667,2.0
1758076078.05541,39837.0,218.83452,33186.0,182.29893,4063.0,112.86111,234.0,6.5,2.0
1758076078.07344,39603.0,217.5491,33209.0,182.42528,5027.0,139.63889,641.0,17.80556,2.0
1758076078.07507,39317.0,215.97804,33253.0,182.66698,6147.0,170.75,1072.0,29.77778,2.0
1758076078.09467,38974.0,214.09384,33316.0,183.01305,7234.0,200.94444,1301.0,36.13889,2.0
1758076078.09546,38582.0,211.94049,33368.0,183.29869,8107.0,225.19444,649.0,18.02778,2.0
1758076078.11508,38150.0,209.56741,33375.0,183.33714,8849.0,245.80556,-188.0,-5.22222,2.0
1758076078.11662,37722.0,207.21629,33362.0,183.26573,8060.0,223.88889,-372.0,-10.33333,2.0
1758076078.13343,37347.0,205.15633,33327.0,183.07347,6879.0,191.08333,-937.0,-26.02778,2.0
1758076078.13457,37040.0,203.46991,33258.0,182.69444,5341.0,148.36111,-1739.0,-48.30556,2.0
1758076078.14972,36823.0,202.27786,33145.0,182.07368,3548.0,98.55556,-2613.0,-72.58334,2.0
1758076078.15521,36688.0,201.53627,32993.0,181.23872,2000.0,55.55556,-3283.0,-91.19444,2.0
1758076078.17461,36618.0,201.15175,32818.0,180.2774,987.0,27.41667,-3545.0,-98.47222,2.0
1758076078.17925,36589.0,200.99245,32643.0,179.31609,289.0,8.02778,-3311.0,-91.97222,2.0
1758076078.18434,36581.0,200.9485,32494.0,178.4976,151.0,4.19444,-2656.0,-73.77778,2.0
1758076078.19964,36564.0,200.85512,32386.0,177.90433,506.0,14.05556,-1694.0,-47.05556,2.0
1758076078.20092,36519.0,200.60793,32336.0,177.62967,1204.0,33.44444,-468.0,-13.0,2.0
1758076078.22021,36437.0,200.15747,32343.0,177.66812,1893.0,52.58333,438.0,12.16667,2.0
1758076078.2219,36324.0,199.53674,32380.0,177.87137,2412.0,67.0,936.0,26.0,2.0
1758076078.24007,36196.0,198.83359,32437.0,178.18448,2587.0,71.86111,1212.0,33.66667,2.0
1758076078.24253,36063.0,198.103,32504.0,178.55254,2627.0,72.97222,1367.0,37.97222,2.0
1758076078.25983,35931.0,197.37788,32573.0,178.93156,2640.0,73.33334,1324.0,36.77778,2.0
1758076078.26103,35792.0,196.61433,32642.0,179.31059,2828.0,78.55556,1431.0,39.75,2.0
1758076078.27905,35638.0,195.76836,32722.0,179.75006,3211.0,89.19444,1712.0,47.55556,2.0
1758076078.29465,35462.0,194.80156,32826.0,180.32135,3709.0,103.02778,2345.0,65.13889,2.0
1758076078.29525,35261.0,193.69742,32967.0,181.0959,4193.0,116.47222,3116.0,86.55556,2.0
1758076078.31516,35036.0,192.46144,33146.0,182.07918,4622.0,128.38889,3873.0,107.58334,2.0
1758076078.31822,34793.0,191.12657,33362.0,183.26573,4925.0,136.80556,4542.0,126.16666,2.0
1758076078.33475,34541.0,189.74228,33610.0,184.62805,4985.0,138.47223,5124.0,142.33333,2.0
1758076078.33617,34296.0,188.39642,33883.0,186.12772,4710.0,130.83333,5585.0,155.13889,2.0
1758076078.35493,34073.0,187.17143,34174.0,187.72624,4181.0,116.13889,5901.0,163.91667,2.0
1758076078.35822,33880.0,186.11124,34480.0,189.4072,3544.0,98.44444,6130.0,170.27777,2.0
1758076078.37442,33723.0,185.24881,34797.0,191.14854,2814.0,78.16666,6294.0,174.83333,2.0
1758076078.37611,33601.0,184.57861,35115.0,192.8954,2105.0,58.47222,6294.0,174.83333,2.0
1758076078.39502,33515.0,184.1062,35438.0,194.66971,1447.0,40.19444,6437.0,178.80556,2.0
1758076078.39769,33458.0,183.79309,35764.0,196.46053,837.0,23.25,6440.0,178.88889,2.0
1758076078.41348,33428.0,183.6283,36090.0,198.25131,436.0,12.11111,6463.0,179.52777,2.0
1758076078.41412,33414.0,183.55139,36421.0,200.06958,155.0,4.30556,6602.0,183.38889,2.0
1758076078.49953,33412.0,183.54041,36755.0,201.90433,-8.0,-0.22222,6448.0,179.11111,2.0
1758076078.49999,33412.0,183.54041,37085.0,203.7171,0.0,0.0,6557.0,182.13889,2.0
1758076078.50378,33412.0,183.54041,37410.0,205.5024,0.0,0.0,6289.0,174.69444,2.0
1758076078.50554,33412.0,183.54041,37720.0,207.20531,0.0,0.0,6005.0,166.80556,2.0
1758076078.50855,33412.0,183.54041,38018.0,208.84232,4.0,0.11111,5801.0,161.13889,2.0
1758076078.50932,33411.0,183.53491,38301.0,210.3969,33.0,0.91667,5397.0,149.91667,2.0
1758076078.51045,33407.0,183.51292,38562.0,211.83063,120.0,3.33333,4943.0,137.30556,2.0
1758076078.51105,33395.0,183.44701,38801.0,213.14352,358.0,9.94444,4567.0,126.86111,2.0
1758076078.51469,33375.0,183.33714,39014.0,214.31357,424.0,11.77778,3877.0,107.69444,2.0
1758076078.5192,33352.0,183.2108,39191.0,215.28587,467.0,12.97222,3165.0,87.91666,2.0
1758076078.52169,33333.0,183.10643,39325.0,216.02199,262.0,7.27778,2250.0,62.5,2.0
1758076078.5391,33326.0,183.06798,39410.0,216.48891,65.0,1.80556,1272.0,35.33333,2.0
1758076078.5406,33326.0,183.06798,39444.0,216.67567,0.0,0.0,211.0,5.86111,2.0
1758076078.56,33326.0,183.06798,39433.0,216.61525,20.0,0.55556,-390.0,-10.83333,2.0
1758076078.56156,33326.0,183.06798,39401.0,216.43947,21.0,0.58333,-771.0,-21.41667,2.0
1758076078.57755,33325.0,183.06248,39350.0,216.15932,2.0,0.05556,-1196.0,-33.22222,2.0
1758076078.5938,33325.0,183.06248,39274.0,215.74181,0.0,0.0,-1751.0,-48.63889,2.0
1758076078.59438,33326.0,183.06798,39171.0,215.17601,-26.0,-0.72222,-2293.0,-63.69444,2.0
1758076078.60983,33330.0,183.08995,39038.0,214.4454,-160.0,-4.44444,-2836.0,-78.77778,2.0
1758076078.61254,33347.0,183.18333,38876.0,213.55551,-434.0,-12.05556,-3501.0,-97.25,2.0
1758076078.64504,33373.0,183.32616,38679.0,212.47333,-517.0,-14.36111,-4205.0,-116.80556,2.0
1758076078.64657,33394.0,183.44151,38445.0,211.18791,-277.0,-7.69444,-4958.0,-137.72223,2.0
1758076078.64806,33400.0,183.47447,38173.0,209.69376,12.0,0.33333,-5747.0,-159.63889,2.0
1758076078.65112,33397.0,183.45799,37859.0,207.96887,45.0,1.25,-6543.0,-181.75,2.0
1758076078.66978,33397.0,183.45799,37503.0,206.01326,-26.0,-0.72222,-7327.0,-203.52777,2.0
1758076078.67221,33397.0,183.45799,37118.0,203.89838,19.0,0.52778,-7587.0,-210.75,2.0
1758076078.68983,33391.0,183.42503,36752.0,201.88785,251.0,6.97222,-6814.0,-189.27777,2.0
1758076078.69054,33358.0,183.24376,36434.0,200.14099,980.0,27.22222,-5854.0,-162.61111,2.0
1758076078.73002,33283.0,182.83177,36172.0,198.70175,1925.0,53.47222,-4596.0,-127.66666,2.0
1758076078.73061,33151.0,182.10664,35985.0,197.67453,3109.0,86.36111,-3009.0,-83.58334,2.0
1758076078.73919,32966.0,181.09041,35875.0,197.07027,4041.0,112.25,-1524.0,-42.33333,2.0
1758076078.73961,32745.0,179.8764,35836.0,196.85603,4454.0,123.72222,-290.0,-8.05556,2.0
1758076078.74156,32523.0,178.65691,35835.0,196.85054,4246.0,117.94444,4.0,0.11111,2.0
1758076078.81297,32328.0,177.58572,35834.0,196.84505,3495.0,97.08334,-29.0,-0.80556,2.0
1758076078.81374,32180.0,176.77271,35827.0,196.80659,2425.0,67.36111,-262.0,-7.27778,2.0
1758076078.81475,32094.0,176.30029,35798.0,196.64729,1165.0,32.36111,-828.0,-23.0,2.0
1758076078.81888,32073.0,176.18494,35736.0,196.30672,-169.0,-4.69444,-1447.0,-40.19444,2.0
1758076078.81984,32104.0,176.35522,35651.0,195.83977,-906.0,-25.16667,-1838.0,-51.05556,2.0
1758076078.82055,32169.0,176.71228,35553.0,195.30144,-1584.0,-44.0,-1983.0,-55.08333,2.0
1758076078.82404,32266.0,177.24513,35453.0,194.75211,-2107.0,-58.52778,-1924.0,-53.44444,2.0
1758076078.82459,32386.0,177.90433,35360.0,194.24124,-2534.0,-70.38889,-1741.0,-48.36111,2.0
1758076078.84482,32523.0,178.65691,35282.0,193.81277,-2813.0,-78.13889,-1417.0,-39.36111,2.0
1758076078.84759,32672.0,179.47539,35221.0,193.47769,-3068.0,-85.22222,-1055.0,-29.30556,2.0
1758076078.85417,32836.0,180.37628,35175.0,193.22499,-3366.0,-93.5,-892.0,-24.77778,2.0
1758076078.86983,33019.0,181.38155,35124.0,192.94484,-3839.0,-106.63889,-1157.0,-32.13889,2.0
1758076078.89506,33232.0,182.55162,35052.0,192.54933,-4532.0,-125.88889,-1653.0,-45.91667,2.0
1758076078.90502,33484.0,183.93591,34948.0,191.97804,-5323.0,-147.86111,-2328.0,-64.66666,2.0
1758076078.90657,33774.0,185.52896,34811.0,191.22545,-5988.0,-166.33333,-2999.0,-83.30556,2.0
1758076078.91047,34093.0,187.2813,34643.0,190.30258,-6551.0,-181.97223,-3523.0,-97.86111,2.0
1758076078.9137,34438.0,189.17648,34455.0,189.26987,-6970.0,-193.61111,-3801.0,-105.58334,2.0
1758076078.92958,34797.0,191.14854,34262.0,188.20966,-7154.0,-198.72223,-3771.0,-104.75,2.0
1758076078.93114,35160.0,193.14259,34080.0,187.20988,-7202.0,-200.05556,-3474.0,-96.5,2.0
1758076078.97839,35527.0,195.15862,33918.0,186.31998,-7191.0,-199.75,-3007.0,-83.52778,2.0
1758076079.00507,35880.0,197.09773,33781.0,185.56741,-6874.0,-190.94444,-2455.0,-68.19444,2.0
1758076079.00594,36224.0,198.98743,33671.0,184.96317,-6733.0,-187.02777,-1968.0,-54.66667,2.0
1758076079.0149,36559.0,200.82765,33587.0,184.50171,-6489.0,-180.25,-1472.0,-40.88889,2.0
1758076079.01897,36881.0,202.59647,33524.0,184.15564,-6303.0,-175.08333,-1047.0,-29.08333,2.0
1758076079.02072,37197.0,204.33234,33480.0,183.91394,-6193.0,-172.02777,-766.0,-21.27778,2.0
1758076079.02148,37505.0,206.02428,33443.0,183.71069,-5979.0,-166.08333,-712.0,-19.77778,2.0
1758076079.02927,37801.0,207.65027,33411.0,183.53491,-5790.0,-160.83333,-552.0,-15.33333,2.0
1758076079.03041,38091.0,209.24332,33388.0,183.40855,-5671.0,-157.52777,-417.0,-11.58333,2.0
1758076079.03172,38371.0,210.78142,33368.0,183.29869,-5359.0,-148.86111,-402.0,-11.16667,2.0
1758076079.04857,38633.0,212.22064,33344.0,183.16685,-5055.0,-140.41667,-498.0,-13.83333,2.0
1758076079.06416,38880.0,213.57748,33315.0,183.00755,-4772.0,-132.55556,-679.0,-18.86111,2.0
1758076079.06542,39113.0,214.85741,33275.0,182.78783,-4375.0,-121.52778,-867.0,-24.08333,2.0
1758076079.08186,39311.0,215.94508,33236.0,182.57359,-3591.0,-99.75,-728.0,-20.22222,2.0
1758076079.08258,39473.0,216.83498,33195.0,182.34837,-2903.0,-80.63889,-870.0,-24.16667,2.0
1758076079.09963,39599.0,217.52713,33152.0,182.11217,-2160.0,-60.0,-838.0,-23.27778,2.0
1758076079.1017,39682.0,217.98306,33113.0,181.8979,-1224.0,-34.0,-658.0,-18.27778,2.0
1758076079.1176,39722.0,218.20279,33083.0,181.73311,-475.0,-13.19444,-599.0,-16.63889,2.0
1758076079.12047,39727.0,218.23026,33053.0,181.56831,63.0,1.75,-605.0,-16.80556,2.0
1758076079.13921,39721.0,218.1973,33027.0,181.42549,136.0,3.77778,-453.0,-12.58333,2.0
1758076079.14048,39709.0,218.13138,33009.0,181.32661,299.0,8.30556,-250.0,-6.94444,2.0
1758076079.15989,39689.0,218.02151,33002.0,181.28816,522.0,14.5,-51.0,-1.41667,2.0
1758076079.16058,39649.0,217.80179,33002.0,181.28816,1006.0,27.94444,23.0,0.63889,2.0
1758076079.17765,39582.0,217.43375,33005.0,181.30464,1587.0,44.08333,64.0,1.77778,2.0
1758076079.19285,39483.0,216.88991,33014.0,181.35408,2279.0,63.30556,310.0,8.61111,2.0
1758076079.19367,39343.0,216.12086,33042.0,181.50789,3202.0,88.94444,750.0,20.83333,2.0
1758076079.20971,39152.0,215.07164,33095.0,181.79903,4235.0,117.63889,1225.0,34.02778,2.0
1758076079.21122,38904.0,213.70932,33174.0,182.23302,5321.0,147.80556,1780.0,49.44444,2.0
1758076079.22988,38607.0,212.07782,33268.0,182.74937,6263.0,173.97223,1840.0,51.11111,2.0
1758076079.23044,38263.0,210.18814,33347.0,183.18333,7203.0,200.08333,1276.0,35.44444,2.0
1758076079.24772,37877.0,208.06775,33394.0,183.44151,7708.0,214.11111,645.0,17.91667,2.0
1758076079.26567,37505.0,206.02428,33403.0,183.49095,7074.0,196.5,-163.0,-4.52778,2.0
1758076079.26613,37168.0,204.17303,33392.0,183.43053,6263.0,173.97223,-291.0,-8.08333,2.0
1758076079.28187,36888.0,202.63492,33367.0,183.2932,4884.0,135.66667,-696.0,-19.33333,2.0
1758076079.28387,36684.0,201.5143,33316.0,183.01305,3382.0,93.94444,-1296.0,-36.0,2.0
1758076079.30069,36550.0,200.77821,33236.0,182.57359,2056.0,57.11111,-1753.0,-48.69444,2.0
1758076079.30204,36479.0,200.38818,33138.0,182.03523,955.0,26.52778,-1987.0,-55.19444,2.0
1758076079.32048,36458.0,200.27283,33040.0,181.4969,50.0,1.38889,-1917.0,-53.25,2.0
1758076079.3212,36462.0,200.2948,32952.0,181.0135,-80.0,-2.22222,-1561.0,-43.36111,2.0
1758076079.33778,36463.0,200.30029,32886.0,180.65094,9.0,0.25,-1061.0,-29.47222,2.0
1758076079.35429,36462.0,200.2948,32852.0,180.46417,31.0,0.86111,-351.0,-9.75,2.0
1758076079.35544,36458.0,200.27283,32853.0,180.46967,80.0,2.22222,131.0,3.63889,2.0
1758076079.37166,36452.0,200.23987,32855.0,180.48065,174.0,4.83333,0.0,0.0,2.0
1758076079.37245,36438.0,200.16296,32856.0,180.48615,352.0,9.77778,47.0,1.30556,2.0
1758076079.38954,36410.0,200.00916,32861.0,180.51361,696.0,19.33333,151.0,4.19444,2.0
1758076079.39574,36364.0,199.75647,32875.0,180.59052,1046.0,29.05556,355.0,9.86111,2.0
1758076079.41486,36305.0,199.43237,32895.0,180.70038,1242.0,34.5,480.0,13.33333,2.0
1758076079.41561,36235.0,199.04785,32922.0,180.84871,1499.0,41.63889,565.0,15.69444,2.0
1758076079.43505,36154.0,198.60287,32950.0,181.00252,1691.0,46.97222,535.0,14.86111,2.0
1758076079.43559,36059.0,198.08102,32982.0,181.1783,2043.0,56.75,750.0,20.83333,2.0
1758076079.45477,35941.0,197.43282,33034.0,181.46394,2602.0,72.27778,1268.0,35.22222,2.0
1758076079.45542,35790.0,196.60335,33116.0,181.91438,3277.0,91.02778,1924.0,53.44444,2.0
1758076079.47487,35602.0,195.5706,33239.0,182.59007,4063.0,112.86111,2770.0,76.94444,2.0
1758076079.47899,35377.0,194.33463,33402.0,183.48546,4710.0,130.83333,3573.0,99.25,2.0
1758076079.4943,35126.0,192.95583,33602.0,184.58411,5065.0,140.69444,4230.0,117.5,2.0
1758076079.495,34868.0,191.53856,33832.0,185.84756,5081.0,141.13889,4739.0,131.63889,2.0
1758076079.51481,34614.0,190.14328,34081.0,187.21538,4914.0,136.5,5065.0,140.69444,2.0
1758076079.5156,34376.0,188.83588,34345.0,188.66559,4464.0,124.0,5336.0,148.22223,2.0
1758076079.53086,34168.0,187.69328,34620.0,190.17624,3841.0,106.69444,5513.0,153.13889,2.0
1758076079.53164,33992.0,186.72649,34899.0,191.70885,3181.0,88.36111,5525.0,153.47223,2.0
1758076079.54688,33850.0,185.94644,35182.0,193.26344,2544.0,70.66666,5620.0,156.11111,2.0
1758076079.56479,33739.0,185.3367,35472.0,194.85649,1951.0,54.19444,5801.0,161.13889,2.0
1758076079.56515,33658.0,184.89172,35766.0,196.47151,1390.0,38.61111,5855.0,162.63889,2.0
1758076079.58159,33601.0,184.57861,36064.0,198.10849,911.0,25.30556,5945.0,165.13889,2.0
1758076079.58385,33567.0,184.39185,36371.0,199.79492,492.0,13.66667,6152.0,170.88889,2.0
1758076079.59989,33553.0,184.31494,36683.0,201.5088,181.0,5.02778,6160.0,171.11111,2.0
1758076079.60099,33549.0,184.29297,36994.0,203.21722,4.0,0.11111,6211.0,172.52777,2.0
1758076079.61761,33549.0,184.29297,37313.0,204.96956,0.0,0.0,6328.0,175.77777,2.0
1758076079.63355,33549.0,184.29297,37628.0,206.69994,0.0,0.0,6142.0,170.61111,2.0
1758076079.63395,33549.0,184.29297,37936.0,208.39185,0.0,0.0,6022.0,167.27777,2.0
1758076079.64988,33549.0,184.29297,38235.0,210.03433,0.0,0.0,5806.0,161.27777,2.0
1758076079.65063,33549.0,184.29297,38516.0,211.57793,0.0,0.0,5383.0,149.52777,2.0
1758076079.66985,33549.0,184.29297,38779.0,213.02264,9.0,0.25,5065.0,140.69444,2.0
1758076079.67062,33549.0,184.29297,39021.0,214.35202,0.0,0.0,4488.0,124.66666,2.0
1758076079.68681,33549.0,184.29297,39230.0,215.50011,0.0,0.0,3844.0,106.77778,2.0
1758076079.70446,33550.0,184.29846,39402.0,216.44496,-4.0,-0.11111,3050.0,84.72222,2.0
1758076079.70524,33552.0,184.30945,39529.0,217.14259,-38.0,-1.05556,2142.0,59.5,2.0
1758076079.72085,33555.0,184.32593,39610.0,217.58755,-51.0,-1.41667,1149.0,31.91667,2.0
1758076079.72171,33558.0,184.34241,39642.0,217.76334,-42.0,-1.16667,277.0,7.69444,2.0
1758076079.73879,33560.0,184.35339,39639.0,217.74686,-26.0,-0.72222,-227.0,-6.30556,2.0
1758076079.75453,33561.0,184.35889,39616.0,217.62051,-20.0,-0.55556,-619.0,-17.19444,2.0
1758076079.75499,33562.0,184.36438,39570.0,217.36783,-12.0,-0.33333,-1173.0,-32.58333,2.0
1758076079.77402,33562.0,184.36438,39495.0,216.95583,14.0,0.38889,-1706.0,-47.38889,2.0
1758076079.77479,33564.0,184.37537,39395.0,216.40651,-79.0,-2.19444,-2175.0,-60.41667,2.0
1758076079.79088,33575.0,184.43579,39269.0,215.71434,-380.0,-10.55556,-2741.0,-76.13889,2.0
1758076079.79146,33602.0,184.58411,39108.0,214.82994,-584.0,-16.22222,-3564.0,-99.0,2.0
1758076079.80865,33632.0,184.7489,38906.0,213.72031,-553.0,-15.36111,-4343.0,-120.63889,2.0
1758076079.81318,33653.0,184.86426,38667.0,212.40741,-229.0,-6.36111,-5026.0,-139.61111,2.0
1758076079.82985,33654.0,184.86975,38388.0,210.8748,83.0,2.30556,-5928.0,-164.66667,2.0
1758076079.83068,33651.0,184.85327,38059.0,209.06754,9.0,0.25,-6743.0,-187.30556,2.0
1758076079.84996,33652.0,184.85876,37702.0,207.10643,0.0,0.0,-7035.0,-195.41667,2.0
1758076079.85061,33646.0,184.82581,37362.0,205.23872,246.0,6.83333,-6440.0,-178.88889,2.0
1758076079.86986,33620.0,184.68298,37058.0,203.56879,778.0,21.61111,-5630.0,-156.38889,2.0
1758076079.87102,33556.0,184.33142,36807.0,202.18997,1664.0,46.22222,-4476.0,-124.33334,2.0
1758076079.88748,33441.0,183.69971,36615.0,201.13527,2731.0,75.86111,-3301.0,-91.69444,2.0
1758076079.90445,33277.0,182.79881,36482.0,200.40468,3524.0,97.88889,-2089.0,-58.02778,2.0
1758076079.90608,33084.0,181.7386,36404.0,199.9762,3940.0,109.44444,-1165.0,-32.36111,2.0
1758076079.92348,32886.0,180.65094,36365.0,199.76196,3881.0,107.80556,-499.0,-13.86111,2.0
1758076079.92423,32701.0,179.63469,36343.0,199.64111,3429.0,95.25,-412.0,-11.44444,2.0
1758076079.93987,32553.0,178.8217,36310.0,199.45984,2493.0,69.25,-866.0,-24.05556,2.0
1758076079.94066,32458.0,178.29985,36252.0,199.14124,1377.0,38.25,-1383.0,-38.41667,2.0
1758076079.95746,32426.0,178.12405,36164.0,198.65781,71.0,1.97222,-1979.0,-54.97222,2.0
1758076079.97471,32449.0,178.25041,36058.0,198.07553,-779.0,-21.63889,-2144.0,-59.55556,2.0
1758076079.97515,32503.0,178.54704,35951.0,197.48775,-1266.0,-35.16667,-2004.0,-55.66667,2.0
1758076079.99276,32578.0,178.95903,35855.0,196.9604,-1672.0,-46.44444,-1776.0,-49.33333,2.0
1758076079.99314,32674.0,179.48637,35771.0,196.49898,-2067.0,-57.41667,-1638.0,-45.5,2.0
1758076080.00883,32790.0,180.1236,35692.0,196.06499,-2436.0,-67.66666,-1517.0,-42.13889,2.0
1758076080.02433,32928.0,180.88167,35612.0,195.62553,-2940.0,-81.66666,-1644.0,-45.66667,2.0
1758076080.02504,33094.0,181.79353,35522.0,195.13115,-3557.0,-98.80556,-1969.0,-54.69444,2.0
1758076080.04086,33297.0,182.90868,35408.0,194.50491,-4310.0,-119.72222,-2481.0,-68.91666,2.0
1758076080.0417,33537.0,184.22705,35266.0,193.72488,-5066.0,-140.72223,-3051.0,-84.75,2.0
1758076080.05955,33811.0,185.73221,35099.0,192.80751,-5645.0,-156.80556,-3489.0,-96.91666,2.0
1758076080.06376,34113.0,187.39116,34913.0,191.78575,-6201.0,-172.25,-3777.0,-104.91666,2.0
1758076080.07993,34439.0,189.18198,34716.0,190.7036,-6622.0,-183.94444,-3975.0,-110.41666,2.0
1758076080.08147,34783.0,191.07164,34517.0,189.61044,-6860.0,-190.55556,-3875.0,-107.63889,2.0
1758076080.09956,35138.0,193.02174,34329.0,188.5777,-7000.0,-194.44444,-3586.0,-99.61111,2.0
1758076080.10402,35499.0,195.00481,34162.0,187.66032,-7184.0,-199.55556,-3069.0,-85.25,2.0
1758076080.11984,35856.0,196.9659,34021.0,186.88579,-6970.0,-193.61111,-2556.0,-71.0,2.0
1758076080.12146,36211.0,198.91599,33905.0,186.24857,-7058.0,-196.05556,-2055.0,-57.08333,2.0
1758076080.13956,36565.0,200.86061,33813.0,185.74319,-6926.0,-192.38889,-1647.0,-45.75,2.0
1758076080.14163,36913.0,202.77225,33744.0,185.36417,-6863.0,-190.63889,-1215.0,-33.75,2.0
1758076080.16018,37262.0,204.68941,33690.0,185.06754,-6901.0,-191.69444,-966.0,-26.83333,2.0
1758076080.16081,37603.0,206.56261,33648.0,184.83679,-6605.0,-183.47223,-700.0,-19.44444,2.0
1758076080.17763,37933.0,208.37537,33618.0,184.672,-6505.0,-180.69444,-528.0,-14.66667,2.0
1758076080.18025,38258.0,210.16068,33592.0,184.52917,-6313.0,-175.36111,-522.0,-14.5,2.0
1758076080.19844,38567.0,211.85809,33563.0,184.36987,-5944.0,-165.11111,-550.0,-15.27778,2.0
1758076080.20058,38862.0,213.47861,33534.0,184.21057,-5768.0,-160.22223,-581.0,-16.13889,2.0
1758076080.21847,39137.0,214.98924,33509.0,184.07324,-5176.0,-143.77777,-443.0,-12.30556,2.0
1758076080.2213,39379.0,216.31862,33488.0,183.95789,-4516.0,-125.44444,-421.0,-11.69444,2.0
1758076080.23848,39586.0,217.45572,33466.0,183.83704,-3823.0,-106.19444,-436.0,-12.11111,2.0
1758076080.24036,39757.0,218.39505,33444.0,183.71619,-3073.0,-85.36111,-441.0,-12.25,2.0
1758076080.2577,39887.0,219.10918,33424.0,183.60632,-2233.0,-62.02778,-368.0,-10.22222,2.0
1758076080.26377,39975.0,219.59258,33411.0,183.53491,-1405.0,-39.02778,-224.0,-6.22222,2.0
1758076080.2799,40025.0,219.86723,33400.0,183.47447,-674.0,-18.72222,-206.0,-5.72222,2.0
1758076080.28149,40036.0,219.92766,33390.0,183.41954,91.0,2.52778,-196.0,-5.44444,2.0
1758076080.29964,40023.0,219.85625,33380.0,183.36461,356.0,9.88889,-146.0,-4.05556,2.0
1758076080.30137,39996.0,219.70793,33376.0,183.34264,663.0,18.41667,-18.0,-0.5,2.0
1758076080.31961,39947.0,219.43877,33379.0,183.35912,1225.0,34.02778,68.0,1.88889,2.0
1758076080.32134,39869.0,219.0103,33386.0,183.39757,1808.0,50.22222,196.0,5.44444,2.0
1758076080.3401,39755.0,218.38406,33405.0,183.50194,2632.0,73.11111,533.0,14.80556,2.0
1758076080.34135,39596.0,217.51065,33441.0,183.69971,3525.0,97.91666,803.0,22.30556,2.0
1758076080.35765,39393.0,216.39552,33479.0,183.90845,4338.0,120.5,632.0,17.55556,2.0
1758076080.36132,39146.0,215.03868,33502.0,184.03479,5296.0,147.11111,300.0,8.33333,2.0
1758076080.37764,38850.0,213.41269,33508.0,184.06775,6275.0,174.30556,0.0,0.0,2.0
1758076080.38166,38526.0,211.63286,33508.0,184.06775,6384.0,177.33333,-10.0,-0.27778,2.0
1758076080.39852,38205.0,209.86954,33507.0,184.06226,6290.0,174.72223,-37.0,-1.02778,2.0
1758076080.40037,37898.0,208.18311,33502.0,184.03479,5793.0,160.91667,-147.0,-4.08333,2.0
1758076080.4177,37633.0,206.7274,33490.0,183.96887,4761.0,132.25,-387.0,-10.75,2.0
1758076080.42037,37423.0,205.57381,33456.0,183.7821,3597.0,99.91666,-895.0,-24.86111,2.0
1758076080.4389,37274.0,204.75533,33397.0,183.45799,2477.0,68.80556,-1336.0,-37.11111,2.0
1758076080.45435,37181.0,204.24445,33319.0,183.02953,1387.0,38.52778,-1667.0,-46.30556,2.0
1758076080.4549,37131.0,203.96979,33231.0,182.54613,655.0,18.19444,-1738.0,-48.27778,2.0
1758076080.47171,37116.0,203.88739,33146.0,182.07918,63.0,1.75,-1588.0,-44.11111,2.0
1758076080.47287,37117.0,203.89288,33078.0,181.70564,0.0,0.0,-1138.0,-31.61111,2.0
1758076080.48945,37117.0,203.89288,33034.0,181.46394,10.0,0.27778,-560.0,-15.55556,2.0
1758076080.49154,37115.0,203.8819,33025.0,181.41451,75.0,2.08333,120.0,3.33333,2.0
1758076080.51138,37105.0,203.82697,33029.0,181.43648,337.0,9.36111,4.0,0.11111,2.0
1758076080.51218,37072.0,203.64569,33030.0,181.44197,895.0,24.86111,33.0,0.91667,2.0
1758076080.52956,37006.0,203.28314,33033.0,181.45845,1629.0,45.25,77.0,2.13889,2.0
1758076080.53075,36905.0,202.7283,33041.0,181.5024,2305.0,64.02778,227.0,6.30556,2.0
1758076080.54851,36772.0,201.99771,33057.0,181.59029,2829.0,78.58334,275.0,7.63889,2.0
1758076080.55495,36619.0,201.15724,33067.0,181.64522,3180.0,88.33334,166.0,4.61111,2.0
1758076080.57,36453.0,200.24536,33070.0,181.6617,3359.0,93.30556,-24.0,-0.66667,2.0
1758076080.57153,36281.0,199.30054,33069.0,181.6562,3432.0,95.33334,0.0,0.0,2.0
1758076080.58693,36104.0,198.32822,33070.0,181.6617,3615.0,100.41666,21.0,0.58333,2.0
1758076080.60374,35912.0,197.27351,33074.0,181.68367,3964.0,110.11111,200.0,5.55556,2.0
1758076080.60448,35698.0,196.09795,33102.0,181.83748,4505.0,125.13889,897.0,24.91667,2.0
1758076080.61994,35452.0,194.74661,33177.0,182.2495,5149.0,143.02777,1955.0,54.30556,2.0
1758076080.62197,35177.0,193.23598,33305.0,182.95262,5662.0,157.27777,2953.0,82.02778,2.0
1758076080.63937,34885.0,191.63194,33480.0,183.91394,5818.0,161.61111,3814.0,105.94444,2.0
1758076080.64134,34591.0,190.01694,33692.0,185.07852,5753.0,159.80556,4488.0,124.66666,2.0
1758076080.65925,34307.0,188.45685,33932.0,186.3969,5406.0,150.16667,4944.0,137.33333,2.0
1758076080.66134,34054.0,187.06706,34192.0,187.82513,4714.0,130.94444,5257.0,146.02777,2.0
1758076080.68013,33837.0,185.87503,34466.0,189.33029,3946.0,109.61111,5495.0,152.63889,2.0
1758076080.68091,33660.0,184.90271,34751.0,190.89586,3192.0,88.66666,5669.0,157.47223,2.0
1758076080.69931,33520.0,184.13367,35040.0,192.48341,2431.0,67.52778,5804.0,161.22223,2.0
1758076080.7272,33415.0,183.55688,35339.0,194.12589,1776.0,49.33333,6002.0,166.72223,2.0
1758076080.72957,33341.0,183.15038,35649.0,195.82878,1252.0,34.77778,6159.0,171.08333,2.0
1758076080.72997,33294.0,182.8922,35966.0,197.57014,753.0,20.91667,6364.0,176.77777,2.0
1758076080.73978,33265.0,182.73289,36293.0,199.36646,454.0,12.61111,6539.0,181.63889,2.0
1758076080.74096,33250.0,182.6505,36629.0,201.21217,164.0,4.55556,6644.0,184.55556,2.0
1758076080.75989,33248.0,182.63951,36965.0,203.05789,-14.0,-0.38889,6650.0,184.72223,2.0
1758076080.76175,33248.0,182.63951,37305.0,204.92561,0.0,0.0,6702.0,186.16667,2.0
1758076080.80168,33248.0,182.63951,37637.0,206.74937,0.0,0.0,6428.0,178.55556,2.0
1758076080.80244,33248.0,182.63951,37958.0,208.5127,0.0,0.0,6310.0,175.27777,2.0
1758076080.80593,33248.0,182.63951,38274.0,210.24858,9.0,0.25,6029.0,167.47223,2.0
1758076080.8067,33248.0,182.63951,38566.0,211.8526,9.0,0.25,5588.0,155.22223,2.0
1758076080.82465,33249.0,182.645,38835.0,213.33029,-15.0,-0.41667,5080.0,141.11111,2.0
1758076080.82502,33249.0,182.645,39078.0,214.66515,10.0,0.27778,4540.0,126.11111,2.0
1758076080.83093,33249.0,182.645,39285.0,215.80223,-9.0,-0.25,3748.0,104.11111,2.0
1758076080.84695,33251.0,182.65599,39449.0,216.70314,-37.0,-1.02778,2835.0,78.75,2.0
1758076080.86457,33254.0,182.67247,39567.0,217.35135,-63.0,-1.75,1929.0,53.58333,2.0
1758076080.86616,33259.0,182.69994,39636.0,217.73038,-80.0,-2.22222,994.0,27.61111,2.0
1758076080.88355,33262.0,182.71642,39663.0,217.87869,-27.0,-0.75,153.0,4.25,2.0
1758076080.88429,33262.0,182.71642,39655.0,217.83475,28.0,0.77778,-312.0,-8.66667,2.0
1758076080.89988,33261.0,182.71092,39630.0,217.69742,26.0,0.72222,-606.0,-16.83333,2.0
1758076080.90427,33260.0,182.70543,39587.0,217.46121,0.0,0.0,-1044.0,-29.0,2.0
1758076080.91997,33262.0,182.71642,39520.0,217.09315,-71.0,-1.97222,-1552.0,-43.11111,2.0
1758076080.92199,33270.0,182.76036,39426.0,216.5768,-256.0,-7.11111,-2130.0,-59.16667,2.0
1758076080.93996,33284.0,182.83727,39294.0,215.85167,-291.0,-8.08333,-2969.0,-82.47222,2.0
1758076080.94196,33299.0,182.91966,39119.0,214.89037,-236.0,-6.55556,-3832.0,-106.44444,2.0
1758076080.95885,33306.0,182.95811,38904.0,213.70932,-58.0,-1.61111,-4605.0,-127.91666,2.0
1758076080.95984,33306.0,182.95811,38649.0,212.30853,19.0,0.52778,-5437.0,-151.02777,2.0
1758076080.97673,33306.0,182.95811,38346.0,210.64409,-4.0,-0.11111,-6474.0,-179.83333,2.0
1758076080.99381,33308.0,182.9691,37996.0,208.72144,-55.0,-1.52778,-7211.0,-200.30556,2.0
1758076080.99453,33309.0,182.97459,37640.0,206.76585,44.0,1.22222,-6765.0,-187.91667,2.0
1758076081.00997,33300.0,182.92516,37317.0,204.99153,367.0,10.19444,-6063.0,-168.41667,2.0
1758076081.01488,33259.0,182.69994,37037.0,203.45343,1157.0,32.13889,-5080.0,-141.11111,2.0
1758076081.02998,33176.0,182.244,36815.0,202.23392,2030.0,56.38889,-3879.0,-107.75,2.0
1758076081.03205,33050.0,181.55183,36656.0,201.36049,2800.0,77.77778,-2623.0,-72.86111,2.0
1758076081.0498,32893.0,180.68939,36554.0,200.80019,3263.0,90.63889,-1586.0,-44.05556,2.0
1758076081.05051,32726.0,179.77203,36497.0,200.48708,3304.0,91.77778,-857.0,-23.80556,2.0
1758076081.06601,32571.0,178.92058,36458.0,200.27283,2834.0,78.72222,-773.0,-21.47222,2.0
1758076081.08459,32450.0,178.25591,36411.0,200.01465,1982.0,55.05556,-1132.0,-31.44444,2.0
1758076081.08517,32385.0,177.89883,36338.0,199.61365,767.0,21.30556,-1671.0,-46.41667,2.0
1758076081.10187,32379.0,177.86588,36237.0,199.05884,-330.0,-9.16667,-2206.0,-61.27778,2.0
1758076081.10336,32415.0,178.06363,36115.0,198.38864,-1023.0,-28.41667,-2497.0,-69.36111,2.0
1758076081.12075,32491.0,178.48112,35988.0,197.69101,-1744.0,-48.44444,-2498.0,-69.38889,2.0
1758076081.12157,32596.0,179.05791,35861.0,196.99336,-2338.0,-64.94444,-2455.0,-68.19444,2.0
1758076081.137,32729.0,179.78851,35738.0,196.3177,-2875.0,-79.86111,-2444.0,-67.88889,2.0
1758076081.17043,33550.0,184.29846,35150.0,193.08766,-5329.0,-148.02777,-3597.0,-99.91666,2.0
1758076081.18685,33836.0,185.86954,34957.0,192.02748,-5858.0,-162.72223,-3952.0,-109.77778,2.0
1758076081.20456,34146.0,187.57243,34751.0,190.89586,-6332.0,-175.88889,-4161.0,-115.58334,2.0
1758076081.20613,34480.0,189.4072,34538.0,189.7258,-6776.0,-188.22223,-4233.0,-117.58334,2.0
1758076081.22454,34832.0,191.34081,34329.0,188.5777,-7087.0,-196.86111,-4063.0,-112.86111,2.0
1758076081.22516,35199.0,193.35683,34134.0,187.50652,-7446.0,-206.83333,-3666.0,-101.83334,2.0
1758076081.24464,35584.0,195.47173,33961.0,186.5562,-7666.0,-212.94444,-3236.0,-89.88889,2.0
1758076081.24503,35974.0,197.61411,33809.0,185.72122,-7776.0,-216.0,-2794.0,-77.61111,2.0
1758076081.26467,36373.0,199.80591,33685.0,185.04007,-7986.0,-221.83333,-2258.0,-62.72222,2.0
1758076081.26507,36773.0,202.0032,33586.0,184.49622,-7869.0,-218.58333,-1723.0,-47.86111,2.0
1758076081.28183,37176.0,204.21698,33512.0,184.08972,-7963.0,-221.19444,-1243.0,-34.52778,2.0
1758076081.28259,37576.0,206.41429,33460.0,183.80408,-7832.0,-217.55556,-885.0,-24.58333,2.0
1758076081.30448,37969.0,208.57312,33420.0,183.58435,-7783.0,-216.19444,-681.0,-18.91667,2.0
1758076081.30495,38356.0,210.69902,33394.0,183.44151,-7459.0,-207.19444,-371.0,-10.30556,2.0
1758076081.3234,38724.0,212.72052,33379.0,183.35912,-7159.0,-198.86111,-225.0,-6.25,2.0
1758076081.32425,39081.0,214.68163,33368.0,183.29869,-6977.0,-193.80556,-271.0,-7.52778,2.0
1758076081.33993,39420.0,216.54384,33349.0,183.19432,-6485.0,-180.13889,-463.0,-12.86111,2.0
1758076081.34164,39741.0,218.30716,33318.0,183.02403,-6269.0,-174.13889,-793.0,-22.02778,2.0
1758076081.35863,40044.0,219.9716,33274.0,182.78233,-5730.0,-159.16667,-899.0,-24.97222,2.0
1758076081.35926,40312.0,221.4438,33227.0,182.52415,-5021.0,-139.47223,-1039.0,-28.86111,2.0
1758076081.37504,40544.0,222.71823,33171.0,182.21654,-4258.0,-118.27778,-1149.0,-31.91667,2.0
1758076081.39382,40733.0,223.75647,33116.0,181.91438,-3297.0,-91.58334,-1017.0,-28.25,2.0
1758076081.39463,40868.0,224.49806,33071.0,181.66719,-2220.0,-61.66667,-865.0,-24.02778,2.0
1758076081.41005,40948.0,224.93752,33029.0,181.43648,-1116.0,-31.0,-738.0,-20.5,2.0
1758076081.41516,40970.0,225.05836,32997.0,181.2607,47.0,1.30556,-569.0,-15.80556,2.0
1758076081.43005,40959.0,224.99794,32970.0,181.11238,293.0,8.13889,-565.0,-15.69444,2.0
1758076081.4352,40935.0,224.8661,32941.0,180.95308,632.0,17.55556,-621.0,-17.25,2.0
1758076081.45004,40892.0,224.6299,32908.0,180.7718,1006.0,27.94444,-680.0,-18.88889,2.0
1758076081.45158,40828.0,224.27832,32879.0,180.61249,1477.0,41.02778,-461.0,-12.80556,2.0
1758076081.46804,40733.0,223.75647,32861.0,180.51361,2154.0,59.83333,-225.0,-6.25,2.0
1758076081.47007,40602.0,223.03687,32858.0,180.49713,2893.0,80.36111,29.0,0.80556,2.0
1758076081.4887,40434.0,222.11398,32860.0,180.50812,3629.0,100.80556,31.0,0.86111,2.0
1758076081.49045,40233.0,221.00984,32863.0,180.5246,4297.0,119.36111,106.0,2.94444,2.0
1758076081.50978,39994.0,219.69695,32876.0,180.59601,5082.0,141.16667,381.0,10.58333,2.0
1758076081.51029,39715.0,218.16434,32910.0,180.78279,5861.0,162.80556,908.0,25.22222,2.0
1758076081.52704,39397.0,216.4175,32970.0,181.11238,6598.0,183.27777,1366.0,37.94444,2.0
1758076081.54382,39034.0,214.42343,33052.0,181.56282,7604.0,211.22223,1724.0,47.88889,2.0
1758076081.5446,38625.0,212.1767,33133.0,182.00777,8419.0,233.86111,1435.0,39.86111,2.0
1758076081.56003,38190.0,209.78714,33186.0,182.29893,8535.0,237.08333,641.0,17.80556,2.0
1758076081.56165,37784.0,207.55688,33186.0,182.29893,7475.0,207.63889,-328.0,-9.11111,2.0
1758076081.57882,37446.0,205.70015,33159.0,182.15062,5995.0,166.52777,-750.0,-20.83333,2.0
1758076081.58005,37191.0,204.29938,33103.0,181.84297,4309.0,119.69444,-1381.0,-38.36111,2.0
1758076081.59597,37022.0,203.37103,33012.0,181.34309,2610.0,72.5,-2076.0,-57.66667,2.0
1758076081.61202,36931.0,202.87112,32893.0,180.68939,1257.0,34.91667,-2520.0,-70.0,2.0
1758076081.61384,36892.0,202.65689,32765.0,179.98627,470.0,13.05556,-2516.0,-69.88889,2.0
1758076081.62983,36876.0,202.569,32650.0,179.35454,255.0,7.08333,-2077.0,-57.69444,2.0
1758076081.63065,36859.0,202.47562,32567.0,178.89861,459.0,12.75,-1267.0,-35.19444,2.0
1758076081.64594,36825.0,202.28885,32528.0,178.68437,860.0,23.88889,-353.0,-9.80556,2.0
1758076081.66205,36766.0,201.96475,32534.0,178.71733,1402.0,38.94444,274.0,7.61111,2.0
1758076081.66477,36685.0,201.51979,32551.0,178.81071,1727.0,47.97222,393.0,10.91667,2.0
1758076081.68002,36591.0,201.00343,32573.0,178.93156,1926.0,53.5,488.0,13.55556,2.0
1758076081.68169,36491.0,200.45412,32601.0,179.08537,2010.0,55.83333,627.0,17.41667,2.0
1758076081.69809,36385.0,199.87183,32637.0,179.28313,2180.0,60.55556,814.0,22.61111,2.0
1758076081.69922,36267.0,199.22363,32688.0,179.56328,2443.0,67.86111,1127.0,31.30556,2.0
1758076081.71502,36128.0,198.46005,32760.0,179.9588,2991.0,83.08334,1760.0,48.88889,2.0
1758076081.73217,35959.0,197.53169,32872.0,180.57404,3625.0,100.69444,2546.0,70.72222,2.0
1758076081.73541,35756.0,196.41658,33028.0,181.43098,4242.0,117.83334,3467.0,96.30556,2.0
1758076081.75103,35525.0,195.14763,33226.0,182.51866,4767.0,132.41667,4282.0,118.94444,2.0
1758076081.75259,35278.0,193.7908,33463.0,183.82056,4935.0,137.08333,5005.0,139.02777,2.0
1758076081.77004,35031.0,192.43398,33732.0,185.29825,4776.0,132.66667,5559.0,154.41667,2.0
1758076081.772,34799.0,191.15953,34025.0,186.90776,4418.0,122.72222,5918.0,164.38889,2.0
1758076081.7889,34586.0,189.98947,34337.0,188.62164,3927.0,109.08334,6337.0,176.02777,2.0
1758076081.78988,34401.0,188.97321,34666.0,190.42892,3434.0,95.38889,6601.0,183.36111,2.0
1758076081.80689,34242.0,188.09979,35006.0,192.29665,2916.0,81.0,6807.0,189.08333,2.0
1758076081.82384,34110.0,187.37468,35361.0,194.24673,2423.0,67.30556,7033.0,195.36111,2.0
1758076081.8247,34000.0,186.77043,35724.0,196.2408,1988.0,55.22222,7218.0,200.5,2.0
1758076081.84003,33911.0,186.28152,36091.0,198.25681,1606.0,44.61111,7352.0,204.22223,2.0
1758076081.84171,33839.0,185.88602,36470.0,200.33875,1257.0,34.91667,7554.0,209.83333,2.0
1758076081.85788,33782.0,185.57291,36852.0,202.43716,1024.0,28.44444,7578.0,210.5,2.0
1758076081.85907,33733.0,185.30374,37237.0,204.55206,895.0,24.86111,7652.0,212.55556,2.0
1758076081.87504,33694.0,185.08951,37624.0,206.67796,729.0,20.25,7563.0,210.08333,2.0
1758076081.89099,33655.0,184.87524,38006.0,208.77637,784.0,21.77778,7597.0,211.02777,2.0
1758076081.89226,33614.0,184.65002,38388.0,210.8748,822.0,22.83333,7432.0,206.44444,2.0
1758076081.90859,33572.0,184.41931,38759.0,212.91278,831.0,23.08333,7262.0,201.72223,2.0
1758076081.90927,33530.0,184.1886,39123.0,214.91234,840.0,23.33333,7083.0,196.75,2.0
1758076081.92508,33493.0,183.98535,39461.0,216.76906,598.0,16.61111,6330.0,175.83333,2.0
1758076081.94109,33475.0,183.88647,39764.0,218.4335,206.0,5.72222,5723.0,158.97223,2.0
1758076081.94385,33476.0,183.89197,40028.0,219.88371,-90.0,-2.5,4795.0,133.19444,2.0
1758076081.9591,33482.0,183.92493,40238.0,221.03731,-121.0,-3.36111,3720.0,103.33334,2.0
1758076081.96039,33493.0,183.98535,40395.0,221.89975,-258.0,-7.16667,2620.0,72.77778,2.0
1758076081.97509,33507.0,184.06226,40499.0,222.47104,-212.0,-5.88889,1614.0,44.83333,2.0
1758076081.99188,33516.0,184.11169,40551.0,222.75668,-123.0,-3.41667,634.0,17.61111,2.0
1758076081.99425,33519.0,184.12817,40558.0,222.79514,0.0,0.0,-177.0,-4.91667,2.0
1758076082.0112,33518.0,184.12268,40540.0,222.69626,25.0,0.69444,-493.0,-13.69444,2.0
1758076082.0116,33518.0,184.12268,40500.0,222.47653,0.0,0.0,-1028.0,-28.55556,2.0
1758076082.03003,33518.0,184.12268,40430.0,222.09201,2.0,0.05556,-1645.0,-45.69444,2.0
1758076082.03345,33518.0,184.12268,40329.0,221.5372,0.0,0.0,-2289.0,-63.58333,2.0
1758076082.05,33518.0,184.12268,40195.0,220.8011,20.0,0.55556,-2956.0,-82.11111,2.0
1758076082.05149,33515.0,184.1062,40029.0,219.88921,66.0,1.83333,-3538.0,-98.27778,2.0
1758076082.06882,33514.0,184.10071,39837.0,218.83452,-27.0,-0.75,-4000.0,-111.11111,2.0
1758076082.06944,33519.0,184.12817,39619.0,217.63699,-150.0,-4.16667,-4521.0,-125.58334,2.0
1758076082.08598,33527.0,184.17212,39371.0,216.27467,-90.0,-2.5,-5186.0,-144.05556,2.0
1758076082.10417,33524.0,184.15564,39088.0,214.72008,171.0,4.75,-5925.0,-164.58333,2.0
1758076082.10451,33509.0,184.07324,38767.0,212.95673,394.0,10.94444,-6647.0,-184.63889,2.0
1758076082.12022,33491.0,183.97437,38407.0,210.97917,305.0,8.47222,-7404.0,-205.66667,2.0
1758076082.12086,33484.0,183.93591,38014.0,208.82031,0.0,0.0,-7914.0,-219.83333,2.0
1758076082.1361,33485.0,183.94141,37625.0,206.68346,41.0,1.13889,-7361.0,-204.47223,2.0
1758076082.15324,33478.0,183.90295,37266.0,204.71138,269.0,7.47222,-6754.0,-187.61111,2.0
1758076082.15378,33448.0,183.73816,36950.0,202.97549,861.0,23.91667,-5839.0,-162.19444,2.0
1758076082.16992,33381.0,183.3701,36679.0,201.48683,1674.0,46.5,-4988.0,-138.55556,2.0
1758076082.17354,33278.0,182.80431,36447.0,200.2124,2240.0,62.22222,-4257.0,-118.25,2.0
1758076082.19001,33156.0,182.13414,36252.0,199.14124,2461.0,68.36111,-3512.0,-97.55556,2.0
1758076082.19193,33034.0,181.46394,36093.0,198.26779,2322.0,64.5,-2858.0,-79.38889,2.0
1758076082.20872,32928.0,180.88167,35961.0,197.54268,1853.0,51.47222,-2447.0,-67.97222,2.0
1758076082.20987,32855.0,180.48065,35841.0,196.8835,1080.0,30.0,-2343.0,-65.08334,2.0
1758076082.22688,32831.0,180.34882,35721.0,196.22432,-39.0,-1.08333,-2405.0,-66.80556,2.0
1758076082.24494,32860.0,180.50812,35594.0,195.52666,-941.0,-26.13889,-2572.0,-71.44444,2.0
1758076082.2463,32936.0,180.92561,35453.0,194.75211,-1927.0,-53.52778,-2959.0,-82.19444,2.0
1758076082.26419,33066.0,181.63972,35293.0,193.8732,-3041.0,-84.47222,-3332.0,-92.55556,2.0
1758076082.26454,33253.0,182.66698,35112.0,192.87892,-4145.0,-115.13889,-3707.0,-102.97222,2.0
1758076082.28018,33491.0,183.97437,34917.0,191.80772,-5102.0,-141.72223,-3944.0,-109.55556,2.0
1758076082.2809,33772.0,185.51797,34712.0,190.68163,-5825.0,-161.80556,-4123.0,-114.52778,2.0
1758076082.29878,34084.0,187.23186,34505.0,189.54453,-6444.0,-179.0,-4038.0,-112.16666,2.0
1758076082.29976,34427.0,189.11603,34309.0,188.46783,-7013.0,-194.80556,-3755.0,-104.30556,2.0
1758076082.31515,34795.0,191.13756,34132.0,187.49553,-7441.0,-206.69444,-3282.0,-91.16666,2.0
1758076082.33192,35182.0,193.26344,33978.0,186.64958,-7825.0,-217.36111,-2820.0,-78.33334,2.0
1758076082.33493,35589.0,195.49919,33846.0,185.92447,-8105.0,-225.13889,-2430.0,-67.5,2.0
1758076082.35197,36002.0,197.76791,33735.0,185.31473,-8219.0,-228.30556,-2025.0,-56.25,2.0
1758076082.35447,36426.0,200.09705,33642.0,184.80383,-8490.0,-235.83333,-1671.0,-46.41667,2.0
1758076082.37286,36851.0,202.43167,33567.0,184.39185,-8442.0,-234.5,-1374.0,-38.16667,2.0
1758076082.37325,37281.0,204.79378,33507.0,184.06226,-8543.0,-237.30556,-1035.0,-28.75,2.0
1758076082.38921,37702.0,207.10643,33462.0,183.81506,-8181.0,-227.25,-787.0,-21.86111,2.0
1758076082.39005,38113.0,209.36417,33425.0,183.61182,-8007.0,-222.41667,-682.0,-18.94444,2.0
1758076082.40756,38505.0,211.5175,33400.0,183.47447,-7448.0,-206.88889,-376.0,-10.44444,2.0
1758076082.4104,38867.0,213.50607,33388.0,183.40855,-6991.0,-194.19444,-180.0,-5.0,2.0
1758076082.43014,39202.0,215.3463,33381.0,183.3701,-6280.0,-174.44444,-114.0,-3.16667,2.0
1758076082.43142,39492.0,216.93935,33380.0,183.36461,-5293.0,-147.02777,0.0,0.0,2.0
1758076082.44853,39739.0,218.29617,33379.0,183.35912,-4605.0,-127.91666,-30.0,-0.83333,2.0
1758076082.44986,39948.0,219.44426,33379.0,183.35912,-3719.0,-103.30556,-12.0,-0.33333,2.0
1758076082.46512,40110.0,220.33418,33379.0,183.35912,-2733.0,-75.91666,-3.0,-0.08333,2.0
1758076082.48384,40220.0,220.93843,33378.0,183.35362,-1723.0,-47.86111,-16.0,-0.44444,2.0
1758076082.48423,40282.0,221.27901,33378.0,183.35362,-835.0,-23.19444,-30.0,-0.83333,2.0
1758076082.50008,40297.0,221.3614,33375.0,183.33714,54.0,1.5,-89.0,-2.47222,2.0
1758076082.50107,40292.0,221.33394,33367.0,183.2932,118.0,3.27778,-234.0,-6.5,2.0
1758076082.51964,40284.0,221.28999,33351.0,183.20531,190.0,5.27778,-398.0,-11.05556,2.0
1758076082.52001,40266.0,221.19112,33329.0,183.08446,479.0,13.30556,-437.0,-12.13889,2.0
1758076082.53785,40233.0,221.00984,33306.0,182.95811,757.0,21.02778,-435.0,-12.08333,2.0
1758076082.55394,40181.0,220.7242,33288.0,182.85924,1247.0,34.63889,-282.0,-7.83333,2.0
1758076082.55474,40100.0,220.27925,33279.0,182.8098,1897.0,52.69444,-90.0,-2.5,2.0
1758076082.57089,39985.0,219.64751,33280.0,182.81529,2530.0,70.27778,62.0,1.72222,2.0
1758076082.57475,39839.0,218.8455,33283.0,182.83177,3167.0,87.97222,132.0,3.66667,2.0
1758076082.59019,39657.0,217.84573,33300.0,182.92516,3903.0,108.41666,472.0,13.11111,2.0
1758076082.59109,39432.0,216.60976,33337.0,183.1284,4823.0,133.97223,933.0,25.91667,2.0
1758076082.60698,39157.0,215.09911,33402.0,183.48546,5862.0,162.83333,1540.0,42.77778,2.0
1758076082.60988,38830.0,213.30283,33488.0,183.95789,6864.0,190.66667,1654.0,45.94444,2.0
1758076082.62598,38461.0,211.2758,33559.0,184.3479,7599.0,211.08333,1128.0,31.33333,2.0
1758076082.6422,38055.0,209.04556,33593.0,184.53467,7972.0,221.44444,258.0,7.16667,2.0
1758076082.64381,37675.0,206.95811,33583.0,184.47974,7054.0,195.94444,-359.0,-9.97222,2.0
1758076082.65915,37352.0,205.18379,33556.0,184.33142,5828.0,161.88889,-717.0,-19.91667,2.0
1758076082.65999,37100.0,203.7995,33501.0,184.0293,4265.0,118.47222,-1414.0,-39.27778,2.0
1758076082.6752,36932.0,202.87662,33408.0,183.51843,2583.0,71.75,-2153.0,-59.80556,2.0
1758076082.69204,36841.0,202.37674,33283.0,182.83177,1180.0,32.77778,-2680.0,-74.44444,2.0
1758076082.69279,36815.0,202.23392,33141.0,182.05171,99.0,2.75,-2858.0,-79.38889,2.0
1758076082.70819,36818.0,202.2504,33002.0,181.28816,-51.0,-1.41667,-2631.0,-73.08334,2.0
1758076082.70944,36818.0,202.2504,32882.0,180.62897,0.0,0.0,-2143.0,-59.52778,2.0
1758076082.726,36817.0,202.2449,32793.0,180.14008,42.0,1.16667,-1460.0,-40.55556,2.0
1758076082.74454,36812.0,202.21744,32742.0,179.85992,161.0,4.47222,-654.0,-18.16667,2.0
1758076082.74538,36797.0,202.13504,32738.0,179.83795,439.0,12.19444,212.0,5.88889,2.0
1758076082.76202,36763.0,201.94827,32747.0,179.88739,832.0,23.11111,128.0,3.55556,2.0
1758076082.7634,36712.0,201.66811,32752.0,179.91486,1140.0,31.66667,83.0,2.30556,2.0
1758076082.77924,36643.0,201.28908,32759.0,179.95331,1518.0,42.16667,195.0,5.41667,2.0
1758076082.78053,36556.0,200.81117,32775.0,180.0412,1830.0,50.83333,370.0,10.27778,2.0
1758076082.7952,36454.0,200.25085,32800.0,180.17853,2148.0,59.66667,568.0,15.77778,2.0
1758076082.81208,36340.0,199.62463,32831.0,180.34882,2371.0,65.86111,656.0,18.22222,2.0
1758076082.81403,36213.0,198.92697,32869.0,180.55756,2582.0,71.72222,861.0,23.91667,2.0
1758076082.82922,36074.0,198.16342,32926.0,180.87068,2928.0,81.33334,1317.0,36.58333,2.0
1758076082.83049,35914.0,197.2845,33006.0,181.31013,3407.0,94.63889,1835.0,50.97222,2.0
1758076082.84599,35724.0,196.2408,33119.0,181.93086,4025.0,111.80556,2525.0,70.13889,2.0
1758076082.86395,35501.0,195.01579,33270.0,182.76036,4653.0,129.25,3325.0,92.36111,2.0
1758076082.86441,35250.0,193.63699,33462.0,183.81506,5131.0,142.52777,4120.0,114.44444,2.0
1758076082.88062,34985.0,192.18129,33688.0,185.05655,5274.0,146.5,4757.0,132.13889,2.0
1758076082.88098,34721.0,190.73106,33940.0,186.44084,5163.0,143.41667,5169.0,143.58333,2.0
1758076082.89861,34469.0,189.34677,34210.0,187.92401,4823.0,133.97223,5435.0,150.97223,2.0
1758076082.89981,34240.0,188.08881,34494.0,189.4841,4274.0,118.72222,5694.0,158.16667,2.0
1758076082.91523,34044.0,187.01213,34787.0,191.09361,3616.0,100.44444,5837.0,162.13889,2.0
1758076082.93407,33879.0,186.10574,35083.0,192.71962,3005.0,83.47222,5857.0,162.69444,2.0
1758076082.9352,33746.0,185.37515,35382.0,194.36209,2363.0,65.63889,5942.0,165.05556,2.0
1758076082.95133,33643.0,184.80933,35685.0,196.02654,1823.0,50.63889,6004.0,166.77777,2.0
1758076082.95266,33567.0,184.39185,35989.0,197.6965,1291.0,35.86111,6031.0,167.52777,2.0
1758076082.97096,33514.0,184.10071,36296.0,199.38293,918.0,25.5,6094.0,169.27777,2.0
1758076082.97247,33477.0,183.89746,36609.0,201.10231,568.0,15.77778,6193.0,172.02777,2.0
1758076082.99131,33458.0,183.79309,36922.0,202.82169,286.0,7.94444,6202.0,172.27777,2.0
1758076082.99298,33447.0,183.73267,37240.0,204.56854,159.0,4.41667,6337.0,176.02777,2.0
1758076083.01136,33440.0,183.69421,37560.0,206.3264,101.0,2.80556,6263.0,173.97223,2.0
1758076083.01388,33436.0,183.67224,37873.0,208.04578,91.0,2.52778,6144.0,170.66667,2.0
1758076083.02927,33431.0,183.64478,38184.0,209.75418,101.0,2.80556,6088.0,169.11111,2.0
1758076083.03071,33426.0,183.61731,38482.0,211.39116,120.0,3.33333,5751.0,159.75,2.0
1758076083.04527,33418.0,183.57336,38763.0,212.93475,158.0,4.38889,5419.0,150.52777,2.0
1758076083.06394,33410.0,183.52942,39029.0,214.39597,155.0,4.30556,5068.0,140.77777,2.0
1758076083.06433,33407.0,183.51292,39266.0,215.69786,-17.0,-0.47222,4327.0,120.19444,2.0
1758076083.08022,33408.0,183.51843,39466.0,216.79652,0.0,0.0,3632.0,100.88889,2.0
1758076083.08101,33409.0,183.52393,39628.0,217.68643,-6.0,-0.16667,2841.0,78.91666,2.0
1758076083.09786,33411.0,183.53491,39745.0,218.32913,-47.0,-1.30556,1869.0,51.91667,2.0
1758076083.11405,33414.0,183.55139,39812.0,218.69719,-61.0,-1.69444,892.0,24.77778,2.0
1758076083.11481,33418.0,183.57336,39824.0,218.76311,-51.0,-1.41667,-188.0,-5.22222,2.0
1758076083.13101,33419.0,183.57886,39800.0,218.63126,-8.0,-0.22222,-669.0,-18.58333,2.0
1758076083.13263,33419.0,183.57886,39754.0,218.37857,23.0,0.63889,-1089.0,-30.25,2.0
1758076083.1493,33419.0,183.57886,39682.0,217.98306,10.0,0.27778,-1652.0,-45.88889,2.0
1758076083.15,33418.0,183.57336,39583.0,217.43924,0.0,0.0,-2172.0,-60.33333,2.0
1758076083.16524,33420.0,183.58435,39458.0,216.75258,-66.0,-1.83333,-2632.0,-73.11111,2.0
1758076083.18395,33427.0,183.6228,39307.0,215.92311,-186.0,-5.16667,-3246.0,-90.16666,2.0
1758076083.18434,33445.0,183.72168,39119.0,214.89037,-452.0,-12.55556,-4111.0,-114.19444,2.0
1758076083.20033,33467.0,183.84253,38889.0,213.62692,-424.0,-11.77778,-4905.0,-136.25,2.0
1758076083.20101,33484.0,183.93591,38622.0,212.16022,-296.0,-8.22222,-5606.0,-155.72223,2.0
1758076083.21624,33495.0,183.99634,38314.0,210.46831,-136.0,-3.77778,-6497.0,-180.47223,2.0
1758076083.23494,33501.0,184.0293,37955.0,208.49622,-112.0,-3.11111,-7347.0,-204.08333,2.0
1758076083.2354,33506.0,184.05676,37576.0,206.41429,-60.0,-1.66667,-7309.0,-203.02777,2.0
1758076083.25453,33502.0,184.03479,37222.0,204.46967,212.0,5.88889,-6676.0,-185.44444,2.0
1758076083.25522,33476.0,183.89197,36916.0,202.78873,758.0,21.05556,-5489.0,-152.47223,2.0
1758076083.27482,33411.0,183.53491,36676.0,201.47035,1764.0,49.0,-4193.0,-116.47222,2.0
1758076083.27522,33289.0,182.86473,36500.0,200.50356,2836.0,78.77778,-2860.0,-79.44444,2.0
1758076083.29288,33118.0,181.92537,36394.0,199.92126,3747.0,104.08334,-1518.0,-42.16667,2.0
1758076083.29365,32915.0,180.81026,36355.0,199.70703,4175.0,115.97222,-303.0,-8.41667,2.0
1758076083.30923,32704.0,179.65118,36355.0,199.70703,4121.0,114.47222,39.0,1.08333,2.0
1758076083.31009,32512.0,178.59648,36355.0,199.70703,3500.0,97.22222,-31.0,-0.86111,2.0
1758076083.33042,32363.0,177.77798,36349.0,199.67407,2492.0,69.22222,-189.0,-5.25,2.0
1758076083.33146,32272.0,177.27809,36326.0,199.54773,1251.0,34.75,-719.0,-19.97222,2.0
1758076083.34994,32247.0,177.14076,36275.0,199.26758,-50.0,-1.38889,-1170.0,-32.5,2.0
1758076083.35034,32274.0,177.28908,36209.0,198.905,-890.0,-24.72222,-1371.0,-38.08333,2.0
1758076083.3672,32341.0,177.65714,36134.0,198.49301,-1627.0,-45.19444,-1509.0,-41.91667,2.0
1758076083.38409,32440.0,178.20096,36060.0,198.08652,-2231.0,-61.97222,-1437.0,-39.91667,2.0
1758076083.38485,32569.0,178.90959,35988.0,197.69101,-2758.0,-76.61111,-1367.0,-37.97222,2.0
1758076083.40028,32726.0,179.77203,35918.0,197.30647,-3367.0,-93.52778,-1472.0,-40.88889,2.0
1758076083.40143,32910.0,180.78279,35839.0,196.87251,-3882.0,-107.83334,-1647.0,-45.75,2.0
1758076083.41707,33123.0,181.95284,35745.0,196.35616,-4484.0,-124.55556,-2031.0,-56.41667,2.0
1758076083.4341,33368.0,183.29869,35630.0,195.72441,-5113.0,-142.02777,-2491.0,-69.19444,2.0
1758076083.43488,33642.0,184.80383,35492.0,194.96635,-5661.0,-157.25,-2918.0,-81.05556,2.0
1758076083.45028,33938.0,186.42986,35336.0,194.10941,-5974.0,-165.94444,-3204.0,-89.0,2.0
1758076083.45189,34249.0,188.13824,35167.0,193.18105,-6288.0,-174.66667,-3400.0,-94.44444,2.0
1758076083.46887,34577.0,189.94003,34993.0,192.22523,-6607.0,-183.52777,-3483.0,-96.75,2.0
1758076083.47014,34912.0,191.78026,34819.0,191.26939,-6638.0,-184.38889,-3409.0,-94.69444,2.0
1758076083.4863,35261.0,193.69742,34651.0,190.34653,-6921.0,-192.25,-3223.0,-89.52778,2.0
1758076083.50425,35612.0,195.62553,34493.0,189.47861,-6894.0,-191.5,-2939.0,-81.63889,2.0
1758076083.50469,35958.0,197.5262,34355.0,188.72052,-6852.0,-190.33333,-2565.0,-71.25,2.0
1758076083.52025,36305.0,199.43237,34238.0,188.07782,-6832.0,-189.77777,-2100.0,-58.33333,2.0
1758076083.52173,36646.0,201.30556,34144.0,187.56145,-6668.0,-185.22223,-1649.0,-45.80556,2.0
1758076083.53733,36979.0,203.1348,34070.0,187.15495,-6505.0,-180.69444,-1293.0,-35.91667,2.0
1758076083.55337,37307.0,204.9366,34017.0,186.86382,-6434.0,-178.72223,-884.0,-24.55556,2.0
1758076083.55531,37622.0,206.66698,33976.0,186.6386,-6101.0,-169.47223,-739.0,-20.52778,2.0
1758076083.57117,37929.0,208.35339,33940.0,186.44084,-6050.0,-168.05556,-653.0,-18.13889,2.0
1758076083.57192,38231.0,210.01236,33910.0,186.27603,-5889.0,-163.58333,-550.0,-15.27778,2.0
1758076083.58974,38519.0,211.59441,33879.0,186.10574,-5526.0,-153.5,-649.0,-18.02778,2.0
1758076083.5905,38793.0,213.09958,33843.0,185.90799,-5298.0,-147.16667,-804.0,-22.33333,2.0
1758076083.61198,39057.0,214.54979,33796.0,185.64981,-5106.0,-141.83333,-980.0,-27.22222,2.0
1758076083.6147,39303.0,215.90114,33742.0,185.35318,-4686.0,-130.16667,-1190.0,-33.05556,2.0
1758076083.63031,39530.0,217.14809,33673.0,184.97415,-4348.0,-120.77778,-1506.0,-41.83333,2.0
1758076083.63442,39735.0,218.2742,33597.0,184.55664,-3813.0,-105.91666,-1499.0,-41.63889,2.0
1758076083.65069,39912.0,219.24651,33519.0,184.12817,-3278.0,-91.05556,-1532.0,-42.55556,2.0
1758076083.65545,40065.0,220.08699,33436.0,183.67224,-2821.0,-78.36111,-1743.0,-48.41667,2.0
1758076083.6707,40196.0,220.80659,33343.0,183.16136,-2402.0,-66.72222,-1965.0,-54.58333,2.0
1758076083.67552,40305.0,221.40535,33234.0,182.56261,-1964.0,-54.55556,-2265.0,-62.91667,2.0
1758076083.69032,40391.0,221.87778,33108.0,181.87044,-1536.0,-42.66667,-2620.0,-72.77778,2.0
1758076083.69509,40454.0,222.22385,32966.0,181.09041,-958.0,-26.61111,-2931.0,-81.41666,2.0
1758076083.71026,40487.0,222.40512,32811.0,180.23895,-405.0,-11.25,-3161.0,-87.80556,2.0
1758076083.71397,40487.0,222.40512,32652.0,179.36552,157.0,4.36111,-3068.0,-85.22222,2.0
1758076083.72937,40467.0,222.29526,32509.0,178.58,619.0,17.19444,-2639.0,-73.30556,2.0
1758076083.7302,40414.0,222.00412,32396.0,177.95926,1433.0,39.80556,-1958.0,-54.38889,2.0
1758076083.74535,40315.0,221.46028,32321.0,177.54727,2354.0,65.38889,-1139.0,-31.63889,2.0
1758076083.7622,40166.0,220.6418,32282.0,177.33302,3356.0,93.22222,-508.0,-14.11111,2.0
1758076083.76381,39970.0,219.56511,32274.0,177.28908,4260.0,118.33334,53.0,1.47222,2.0
1758076083.77952,39735.0,218.2742,32279.0,177.31654,4929.0,136.91667,63.0,1.75,2.0
1758076083.78015,39475.0,216.84596,32278.0,177.31105,5265.0,146.25,-20.0,-0.55556,2.0
1758076083.79538,39202.0,215.3463,32279.0,177.31654,5486.0,152.38889,23.0,0.63889,2.0
1758076083.81134,38916.0,213.77524,32283.0,177.33852,5724.0,159.0,167.0,4.63889,2.0
1758076083.81361,38616.0,212.12726,32301.0,177.43739,6102.0,169.5,432.0,12.0,2.0
1758076083.82942,38289.0,210.33098,32328.0,177.58572,6525.0,181.25,624.0,17.33333,2.0
1758076083.83075,37960.0,208.52368,32360.0,177.76151,6297.0,174.91667,511.0,14.19444,2.0
1758076083.8454,37666.0,206.90868,32366.0,177.79446,5397.0,149.91667,-179.0,-4.97222,2.0
1758076083.8615,37426.0,205.59029,32353.0,177.72305,4228.0,117.44444,-321.0,-8.91667,2.0
1758076083.86481,37249.0,204.618,32332.0,177.6077,2945.0,81.80556,-502.0,-13.94444,2.0
1758076083.88038,37138.0,204.00824,32305.0,177.45937,1687.0,46.86111,-592.0,-16.44444,2.0
1758076083.8815,37082.0,203.70062,32277.0,177.30556,718.0,19.94444,-459.0,-12.75,2.0
1758076083.89797,37060.0,203.57977,32266.0,177.24513,312.0,8.66667,4.0,0.11111,2.0
1758076083.89997,37045.0,203.49738,32273.0,177.28358,339.0,9.41667,201.0,5.58333,2.0
1758076083.91543,37014.0,203.32709,32300.0,177.4319,830.0,23.05556,814.0,22.61111,2.0
1758076083.93385,36955.0,203.00296,32367.0,177.79996,1430.0,39.72222,1790.0,49.72222,2.0
1758076083.9346,36858.0,202.47012,32489.0,178.47014,2280.0,63.33333,2872.0,79.77778,2.0
1758076083.95042,36718.0,201.70107,32663.0,179.42595,3097.0,86.02778,3844.0,106.77778,2.0
1758076083.95117,36539.0,200.71779,32883.0,180.63446,3880.0,107.77778,4653.0,129.25,2.0
1758076083.96939,36322.0,199.52576,33138.0,182.03523,4579.0,127.19444,5272.0,146.44444,2.0
1758076083.97017,36077.0,198.1799,33420.0,183.58435,5017.0,139.36111,5785.0,160.69444,2.0
1758076083.98939,35818.0,196.75716,33720.0,185.23233,5200.0,144.44444,6031.0,167.52777,2.0
1758076083.99303,35553.0,195.30144,34024.0,186.90227,5253.0,145.91667,5980.0,166.11111,2.0
1758076084.01061,35288.0,193.84573,34329.0,188.5777,5142.0,142.83333,6048.0,168.0,2.0
1758076084.01101,35037.0,192.46693,34635.0,190.25864,4785.0,132.91667,6078.0,168.83333,2.0
1758076084.02714,34805.0,191.19249,34942.0,191.94505,4427.0,122.97222,6036.0,167.66667,2.0
1758076084.04419,34590.0,190.01144,35253.0,193.65347,4077.0,113.25,6254.0,173.72223,2.0
1758076084.04498,34392.0,188.92377,35574.0,195.41679,3763.0,104.52778,6349.0,176.36111,2.0
1758076084.06131,34212.0,187.935,35896.0,197.18562,3377.0,93.80556,6387.0,177.41667,2.0
1758076084.06198,34049.0,187.0396,36224.0,198.98743,3086.0,85.72222,6543.0,181.75,2.0
1758076084.07734,33901.0,186.22659,36554.0,200.80019,2804.0,77.88889,6491.0,180.30556,2.0
1758076084.09333,33767.0,185.49051,36883.0,202.60745,2518.0,69.94444,6493.0,180.36111,2.0
1758076084.09402,33646.0,184.82581,37214.0,204.42572,2310.0,64.16666,6554.0,182.05556,2.0
1758076084.10973,33536.0,184.22156,37545.0,206.244,2067.0,57.41667,6485.0,180.13889,2.0
1758076084.11012,33435.0,183.66675,37869.0,208.0238,1925.0,53.47222,6353.0,176.47223,2.0
1758076084.12547,33340.0,183.14488,38191.0,209.79263,1824.0,50.66667,6346.0,176.27777,2.0
1758076084.14144,33252.0,182.66148,38505.0,211.5175,1738.0,48.27778,6096.0,169.33333,2.0
1758076084.1442,33165.0,182.18358,38808.0,213.18198,1703.0,47.30556,5939.0,164.97223,2.0
1758076084.15942,33077.0,181.70015,39103.0,214.80247,1705.0,47.36111,5729.0,159.13889,2.0
1758076084.16022,32990.0,181.22224,39385.0,216.35158,1724.0,47.88889,5456.0,151.55556,2.0
1758076084.17543,32911.0,180.78828,39649.0,217.80179,1440.0,40.0,4899.0,136.08333,2.0
1758076084.1915,32842.0,180.40924,39880.0,219.07072,1311.0,36.41667,4301.0,119.47222,2.0
1758076084.19218,32780.0,180.06866,40082.0,220.18037,1190.0,33.05556,3766.0,104.61111,2.0
1758076084.20741,32716.0,179.7171,40258.0,221.14717,1314.0,36.5,3313.0,92.02778,2.0
1758076084.22422,32646.0,179.33257,40417.0,222.0206,1427.0,39.63889,2991.0,83.08334,2.0
1758076084.22538,32567.0,178.89861,40559.0,222.80063,1652.0,45.88889,2638.0,73.27778,2.0
1758076084.24056,32486.0,178.45366,40673.0,223.42688,1532.0,42.55556,1925.0,53.47222,2.0
1758076084.24219,32419.0,178.0856,40743.0,223.8114,1115.0,30.97222,916.0,25.44444,2.0
1758076084.25747,32378.0,177.86038,40754.0,223.87183,565.0,15.69444,-204.0,-5.66667,2.0
1758076084.27501,32365.0,177.78897,40727.0,223.72351,38.0,1.05556,-820.0,-22.77778,2.0
1758076084.27615,32370.0,177.81644,40666.0,223.38843,-129.0,-3.58333,-1500.0,-41.66667,2.0
1758076084.29455,32379.0,177.86588,40568.0,222.85007,-210.0,-5.83333,-2238.0,-62.16667,2.0
1758076084.29523,32394.0,177.94827,40433.0,222.10849,-348.0,-9.66667,-2978.0,-82.72222,2.0
1758076084.31492,32417.0,178.07462,40262.0,221.16914,-559.0,-15.52778,-3700.0,-102.77778,2.0
1758076084.31529,32452.0,178.26689,40057.0,220.04301,-727.0,-20.19444,-4325.0,-120.13889,2.0
1758076084.33146,32489.0,178.47014,39823.0,218.75761,-671.0,-18.63889,-4806.0,-133.5,2.0
1758076084.33301,32519.0,178.63493,39574.0,217.3898,-513.0,-14.25,-4960.0,-137.77777,2.0
1758076084.34919,32540.0,178.75029,39323.0,216.011,-375.0,-10.41667,-5003.0,-138.97223,2.0
1758076084.35005,32561.0,178.86565,39067.0,214.60472,-456.0,-12.66667,-5128.0,-142.44444,2.0
1758076084.36944,32590.0,179.02495,38800.0,213.13803,-584.0,-16.22222,-5416.0,-150.44444,2.0
1758076084.37081,32614.0,179.15678,38514.0,211.56694,-366.0,-10.16667,-5869.0,-163.02777,2.0
1758076084.3855,32627.0,179.2282,38197.0,209.82559,-166.0,-4.61111,-6553.0,-182.02777,2.0
1758076084.40228,32636.0,179.27763,37864.0,207.99634,-155.0,-4.30556,-6429.0,-178.58333,2.0
1758076084.40432,32640.0,179.29961,37564.0,206.34837,42.0,1.16667,-5465.0,-151.80556,2.0
1758076084.41938,32630.0,179.24467,37319.0,205.00252,366.0,10.16667,-4375.0,-121.52778,2.0
1758076084.42005,32595.0,179.05241,37129.0,203.9588,916.0,25.44444,-3240.0,-90.0,2.0
1758076084.43543,32538.0,178.7393,36993.0,203.21173,1268.0,35.22222,-2262.0,-62.83333,2.0
1758076084.4533,32468.0,178.35478,36899.0,202.69534,1454.0,40.38889,-1552.0,-43.11111,2.0
1758076084.45447,32401.0,177.98672,36829.0,202.31082,1141.0,31.69444,-1345.0,-37.36111,2.0
1758076084.47127,32359.0,177.75601,36758.0,201.92081,550.0,15.27778,-1501.0,-41.69444,2.0
1758076084.47328,32358.0,177.75052,36669.0,201.4319,-337.0,-9.36111,-1975.0,-54.86111,2.0
1758076084.48925,32393.0,177.94278,36554.0,200.80019,-993.0,-27.58333,-2513.0,-69.80556,2.0
1758076084.49076,32471.0,178.37126,36415.0,200.03662,-1930.0,-53.61111,-2908.0,-80.77778,2.0
1758076084.50556,32591.0,179.03044,36260.0,199.18518,-2667.0,-74.08334,-3173.0,-88.13889,2.0
1758076084.52146,32744.0,179.87091,36091.0,198.25681,-3304.0,-91.77778,-3352.0,-93.11111,2.0
1758076084.52265,32924.0,180.8597,35921.0,197.32295,-3745.0,-104.02778,-3368.0,-93.55556,2.0
1758076084.53745,33126.0,181.96931,35753.0,196.4001,-4217.0,-117.13889,-3295.0,-91.52778,2.0
1758076084.54031,33353.0,183.21629,35587.0,195.4882,-4670.0,-129.72223,-3238.0,-89.94444,2.0
1758076084.55944,33603.0,184.5896,35420.0,194.57083,-5099.0,-141.63889,-3330.0,-92.5,2.0
1758076084.5602,33870.0,186.0563,35250.0,193.63699,-5410.0,-150.27777,-3420.0,-95.0,2.0
1758076084.57702,34153.0,187.61089,35076.0,192.68117,-5778.0,-160.5,-3410.0,-94.72222,2.0
1758076084.59246,34459.0,189.29184,34904.0,191.73631,-6214.0,-172.61111,-3350.0,-93.05556,2.0
1758076084.59326,34785.0,191.08263,34736.0,190.81346,-6610.0,-183.61111,-3281.0,-91.13889,2.0
1758076084.60931,35131.0,192.98329,34575.0,189.92905,-7007.0,-194.63889,-3126.0,-86.83334,2.0
1758076084.61061,35499.0,195.00481,34426.0,189.11053,-7457.0,-207.13889,-2817.0,-78.25,2.0
1758076084.62955,35878.0,197.08675,34291.0,188.36896,-7565.0,-210.13889,-2499.0,-69.41666,2.0
1758076084.63135,36270.0,199.24011,34176.0,187.73724,-7826.0,-217.38889,-2095.0,-58.19444,2.0
1758076084.6495,36670.0,201.43739,34081.0,187.21538,-7921.0,-220.02777,-1737.0,-48.25,2.0
1758076084.65134,37073.0,203.65118,34005.0,186.7979,-8065.0,-224.02777,-1337.0,-37.13889,2.0
1758076084.66946,37479.0,205.88142,33943.0,186.45732,-7915.0,-219.86111,-1113.0,-30.91667,2.0
1758076084.6715,37874.0,208.05127,33896.0,186.19913,-7760.0,-215.55556,-830.0,-23.05556,2.0
1758076084.6864,38267.0,210.21011,33857.0,185.98489,-7701.0,-213.91667,-760.0,-21.11111,2.0
1758076084.7042,38647.0,212.29755,33818.0,185.77066,-7407.0,-205.75,-801.0,-22.25,2.0
1758076084.70491,39017.0,214.33005,33779.0,185.55643,-7187.0,-199.63889,-775.0,-21.52778,2.0
1758076084.72433,39368.0,216.25819,33734.0,185.30923,-6717.0,-186.58333,-986.0,-27.38889,2.0
1758076084.72501,39695.0,218.05447,33675.0,184.98514,-6282.0,-174.5,-1311.0,-36.41667,2.0
1758076084.74402,40003.0,219.74638,33601.0,184.57861,-5906.0,-164.05556,-1609.0,-44.69444,2.0
1758076084.74439,40276.0,221.24605,33517.0,184.11719,-5008.0,-139.11111,-1636.0,-45.44444,2.0
1758076084.76129,40504.0,222.4985,33431.0,183.64478,-4160.0,-115.55556,-1743.0,-48.41667,2.0
1758076084.76409,40693.0,223.53674,33342.0,183.15587,-3424.0,-95.11111,-1807.0,-50.19444,2.0
1758076084.77953,40845.0,224.37172,33245.0,182.62303,-2694.0,-74.83334,-1971.0,-54.75,2.0
1758076084.78065,40957.0,224.98695,33144.0,182.06819,-1788.0,-49.66667,-1987.0,-55.19444,2.0
1758076084.79726,41015.0,225.30556,33051.0,181.55733,-691.0,-19.19444,-1780.0,-49.44444,2.0
