timeStamp,timeStampAlign,roll,pitch,yaw,gyro_x,gyro_y,gyro_z,acc_x,acc_y,acc_z,flag_num
1758077148.13348,1758077148.11499,0.0,0.0,0.0,-26.69983,36.32552,10.25595,8.43,-1.08,0.48,2.0
1758077148.13706,1758077148.12499,0.0,0.0,0.0,-26.52795,30.13758,6.53172,8.13,-1.13,0.49,2.0
1758077148.15671,1758077148.13499,0.0,0.0,0.0,-26.01229,26.41335,4.64096,8.13,-1.13,0.49,2.0
1758077148.16112,1758077148.14499,0.0,0.0,0.0,-24.63719,23.60586,3.72423,8.04,-1.15,0.4,2.0
1758077148.17668,1758077148.15499,0.0,0.0,0.0,-21.48592,20.62648,3.32316,8.04,-1.15,0.4,2.0
1758077148.17802,1758077148.16499,0.0,0.0,0.0,-19.19409,15.75634,3.55234,8.34,-1.17,0.22,2.0
1758077148.19453,1758077148.17499,0.0,0.0,0.0,-17.24603,13.12073,3.72423,8.45,-1.14,0.12,2.0
1758077148.19721,1758077148.18499,0.0,0.0,0.0,-15.35527,10.65701,3.89611,8.45,-1.14,0.12,2.0
1758077148.21357,1758077148.19499,0.0,0.0,0.0,-13.12073,6.07335,3.66693,8.52,-1.03,0.13,2.0
1758077148.2214,1758077148.20499,0.0,0.0,0.0,-11.74564,3.32316,3.49504,8.52,-1.03,0.13,2.0
1758077148.23675,1758077148.21499,0.0,0.0,0.0,-10.8289,4.98473,2.6929,8.81,-0.89,0.12,2.0
1758077148.24197,1758077148.22499,0.0,0.0,0.0,-9.96947,10.48513,1.60428,8.81,-0.89,0.12,2.0
1758077148.25682,1758077148.23499,0.0,0.0,0.0,-9.68299,21.60051,-1.48969,9.77,-0.78,0.18,2.0
1758077148.26172,1758077148.24499,0.0,0.0,0.0,-8.88085,27.38738,-3.55234,10.0,-0.83,0.28,2.0
1758077148.27702,1758077148.25499,0.0,0.0,0.0,-7.10468,29.9084,-5.15662,10.0,-0.83,0.28,2.0
1758077148.27872,1758077148.26499,0.0,0.0,0.0,-4.0107,25.55392,-5.72958,9.19,-1.11,0.16,2.0
1758077148.29373,1758077148.27499,0.0,0.0,0.0,2.92208,10.65701,-4.87014,9.19,-1.11,0.16,2.0
1758077148.29654,1758077148.28499,0.0,0.0,0.0,9.11003,-0.0573,-3.32316,7.83,-1.68,-0.54,2.0
1758077148.31388,1758077148.29499,0.0,0.0,0.0,16.10011,-12.71966,-1.14592,7.83,-1.68,-0.54,2.0
1758077148.31718,1758077148.30499,0.0,0.0,0.0,23.37668,-26.41335,0.97403,7.06,-2.41,-0.67,2.0
1758077148.33387,1758077148.31499,0.0,0.0,0.0,33.17426,-56.26446,5.32851,6.47,-2.88,-0.62,2.0
1758077148.3359,1758077148.32499,0.0,0.0,0.0,36.95578,-75.05748,9.28192,6.47,-2.88,-0.62,2.0
1758077148.35209,1758077148.33499,0.0,0.0,0.0,38.38818,-81.30271,10.02676,7.87,-2.88,-0.77,2.0
1758077148.36812,1758077148.34499,0.0,0.0,0.0,41.94051,-63.48372,14.78231,7.87,-2.88,-0.77,2.0
1758077148.36982,1758077148.35499,0.0,0.0,0.0,42.39888,-28.01764,16.10011,13.26,-2.45,-0.17,2.0
1758077148.38583,1758077148.36499,0.0,0.0,0.0,39.01843,-17.13144,15.0115,13.26,-2.45,-0.17,2.0
1758077148.39004,1758077148.37499,0.0,0.0,0.0,34.43476,-21.37133,11.86023,11.67,-1.47,0.54,2.0
1758077148.40565,1758077148.38499,0.0,0.0,0.0,30.02299,-44.63341,5.32851,11.67,-1.47,0.54,2.0
1758077148.40917,1758077148.39499,0.0,0.0,0.0,27.33009,-57.46767,3.60963,7.77,-0.6,-1.35,2.0
1758077148.42592,1758077148.40499,0.0,0.0,0.0,21.48592,-53.17049,-0.85944,8.27,0.73,-0.66,2.0
1758077148.42681,1758077148.41499,0.0,0.0,0.0,18.22006,-49.90463,-0.51566,8.27,0.73,-0.66,2.0
1758077148.4418,1758077148.42499,0.0,0.0,0.0,15.98552,-38.27358,4.58366,11.9,0.02,0.28,2.0
1758077148.45985,1758077148.43499,0.0,0.0,0.0,13.12073,-35.92446,7.44845,11.9,0.02,0.28,2.0
1758077148.46084,1758077148.44499,0.0,0.0,0.0,10.08406,-44.28964,10.54242,15.38,-0.44,2.64,2.0
1758077148.47689,1758077148.45499,0.0,0.0,0.0,7.16197,-51.50891,15.0115,15.38,-0.44,2.64,2.0
1758077148.47774,1758077148.46499,0.0,0.0,0.0,0.40107,-48.35764,20.68378,16.37,-0.05,2.71,2.0
1758077148.49307,1758077148.47499,0.0,0.0,0.0,-4.87014,-41.71133,22.00158,15.08,-0.24,0.9,2.0
1758077148.50892,1758077148.48499,0.0,0.0,0.0,-9.91217,-34.72124,21.08485,15.08,-0.24,0.9,2.0
1758077148.51044,1758077148.49499,0.0,0.0,0.0,-13.69369,-27.2155,17.58981,10.64,-1.14,0.29,2.0
1758077148.52598,1758077148.50499,0.0,0.0,0.0,-13.5791,-20.11082,10.94349,10.64,-1.14,0.29,2.0
1758077148.52713,1758077148.51499,0.0,0.0,0.0,-8.70896,-18.16276,7.04738,8.5,-1.68,0.78,2.0
1758077148.54203,1758077148.52499,0.0,0.0,0.0,-0.40107,-16.04282,3.55234,8.5,-1.68,0.78,2.0
1758077148.55917,1758077148.53499,0.0,0.0,0.0,10.08406,-13.00614,1.77617,8.92,-1.66,1.67,2.0
1758077148.56085,1758077148.54499,0.0,0.0,0.0,27.44468,-8.59437,1.94806,9.9,-1.17,2.32,2.0
1758077148.57585,1758077148.55499,0.0,0.0,0.0,38.21629,-4.58366,4.23989,9.9,-1.17,2.32,2.0
1758077148.57708,1758077148.56499,0.0,0.0,0.0,46.86795,-0.22918,7.79223,10.55,-0.51,1.68,2.0
1758077148.59186,1758077148.57499,0.0,0.0,0.0,54.77477,4.1253,13.80828,10.55,-0.51,1.68,2.0
1758077148.6082,1758077148.58499,0.0,0.0,0.0,56.26446,10.54242,15.64175,11.31,0.17,1.19,2.0
1758077148.60984,1758077148.59499,0.0,0.0,0.0,54.431,15.64175,14.78231,11.31,0.17,1.19,2.0
1758077148.62508,1758077148.60499,0.0,0.0,0.0,49.90463,21.08485,11.00079,11.69,0.69,0.56,2.0
1758077148.62606,1758077148.61499,0.0,0.0,0.0,40.27893,28.13223,2.29183,11.69,0.69,0.56,2.0
1758077148.64114,1758077148.62499,0.0,0.0,0.0,33.80451,32.6013,-3.89611,10.76,0.7,0.12,2.0
1758077148.65687,1758077148.63499,0.0,0.0,0.0,27.84575,36.21093,-9.74028,9.71,0.65,0.2,2.0
1758077148.66123,1758077148.64499,0.0,0.0,0.0,23.31938,37.35685,-14.09476,9.71,0.65,0.2,2.0
1758077148.67715,1758077148.65499,0.0,0.0,0.0,18.56383,37.98711,-17.30333,9.34,0.72,0.3,2.0
1758077148.68128,1758077148.66499,0.0,0.0,0.0,16.90226,37.35685,-17.36062,9.34,0.72,0.3,2.0
1758077148.69711,1758077148.67499,0.0,0.0,0.0,16.38659,35.58068,-16.3293,9.48,0.8,0.26,2.0
1758077148.6981,1758077148.68499,0.0,0.0,0.0,16.84496,32.25753,-14.09476,9.48,0.8,0.26,2.0
1758077148.71401,1758077148.69499,0.0,0.0,0.0,18.50654,25.26744,-9.85487,9.25,0.72,0.37,2.0
1758077148.71601,1758077148.70499,0.0,0.0,0.0,19.53786,20.05352,-7.21927,8.84,0.39,0.46,2.0
1758077148.73205,1758077148.71499,0.0,0.0,0.0,20.16812,16.04282,-5.32851,8.84,0.39,0.46,2.0
1758077148.74783,1758077148.72499,0.0,0.0,0.0,20.68378,12.37589,-3.89611,8.63,0.03,0.42,2.0
1758077148.74981,1758077148.73499,0.0,0.0,0.0,21.08485,6.87549,-3.09397,8.63,0.03,0.42,2.0
1758077148.76652,1758077148.74499,0.0,0.0,0.0,21.37133,4.81285,-3.09397,8.33,-0.23,0.37,2.0
1758077148.76772,1758077148.75499,0.0,0.0,0.0,21.42862,4.1253,-3.20856,8.33,-0.23,0.37,2.0
1758077148.78716,1758077148.76499,0.0,0.0,0.0,21.37133,3.89611,-3.32316,8.7,-0.25,0.19,2.0
1758077148.78811,1758077148.77499,0.0,0.0,0.0,20.62648,4.64096,-3.32316,9.02,-0.01,-0.06,2.0
1758077148.80476,1758077148.78499,0.0,0.0,0.0,19.82434,5.90147,-3.26586,9.02,-0.01,-0.06,2.0
1758077148.80729,1758077148.79499,0.0,0.0,0.0,18.79302,7.33386,-3.03668,9.29,0.17,-0.24,2.0
1758077148.82458,1758077148.80499,0.0,0.0,0.0,16.67307,12.08941,-3.32316,9.29,0.17,-0.24,2.0
1758077148.8274,1758077148.81499,0.0,0.0,0.0,15.29797,19.48057,-3.32316,9.75,0.32,-0.31,2.0
1758077148.84401,1758077148.82499,0.0,0.0,0.0,14.09476,27.84575,-2.86479,9.75,0.32,-0.31,2.0
1758077148.84497,1758077148.83499,0.0,0.0,0.0,12.60507,36.21093,-2.23454,10.27,0.43,-0.36,2.0
1758077148.86091,1758077148.84499,0.0,0.0,0.0,10.08406,44.23235,-1.3751,10.09,0.43,-0.14,2.0
1758077148.87699,1758077148.85499,0.0,0.0,0.0,8.02141,42.85724,-0.68755,10.09,0.59,-0.14,2.0
1758077148.87895,1758077148.86499,0.0,0.0,0.0,5.50039,34.95043,0.22918,8.9,0.86,0.15,2.0
1758077148.89392,1758077148.87499,0.0,0.0,0.0,2.7502,23.66316,2.57831,8.9,0.86,0.15,2.0
1758077148.89594,1758077148.88499,0.0,0.0,0.0,-2.92208,7.44845,4.87014,8.05,1.07,0.34,2.0
1758077148.91203,1758077148.89499,0.0,0.0,0.0,-6.47442,-2.40642,4.18259,8.05,1.07,0.34,2.0
1758077148.92832,1758077148.90499,0.0,0.0,0.0,-9.33921,-18.22006,4.46907,7.28,1.14,-0.03,2.0
1758077148.92996,1758077148.91499,0.0,0.0,0.0,-11.11538,-37.01308,3.72423,7.28,1.14,-0.03,2.0
1758077148.94529,1758077148.92499,0.0,0.0,0.0,-8.76626,-41.99781,1.60428,7.42,0.69,-0.11,2.0
1758077148.94615,1758077148.93499,0.0,0.0,0.0,-5.84417,-38.27358,1.08862,9.92,0.48,-0.74,2.0
1758077148.96105,1758077148.94499,0.0,0.0,0.0,-5.4431,-33.34615,0.22918,9.92,0.48,-0.74,2.0
1758077148.9772,1758077148.95499,0.0,0.0,0.0,-4.29718,-28.70519,-0.68755,10.86,0.43,-0.46,2.0
1758077148.97817,1758077148.96499,0.0,0.0,0.0,-3.49504,-42.28429,-2.92208,10.86,0.43,-0.46,2.0
1758077148.99304,1758077148.97499,0.0,0.0,0.0,-3.38045,-44.40423,-2.57831,9.04,0.32,-1.28,2.0
1758077148.9966,1758077148.98499,0.0,0.0,0.0,-4.87014,-28.07493,-2.6929,9.04,0.32,-1.28,2.0
1758077149.0123,1758077148.99499,0.0,0.0,0.0,-11.97482,-0.45837,-3.09397,11.51,0.75,-1.76,2.0
1758077149.02912,1758077149.00499,0.0,0.0,0.0,-17.13144,8.47978,-2.63561,11.52,1.45,-0.94,2.0
1758077149.03098,1758077149.01499,0.0,0.0,0.0,-20.74107,14.66772,-0.74485,11.52,1.45,-0.94,2.0
1758077149.04607,1758077149.02499,0.0,0.0,0.0,-21.60051,16.10011,1.77617,12.01,1.29,1.38,2.0
1758077149.04752,1758077149.03499,0.0,0.0,0.0,-17.30333,-2.86479,2.29183,12.01,1.29,1.38,2.0
1758077149.06243,1758077149.04499,0.0,0.0,0.0,-12.71966,-25.61122,-0.34377,13.32,0.0,4.77,2.0
1758077149.07908,1758077149.05499,0.0,0.0,0.0,-9.4538,-38.38818,-4.92744,13.32,0.0,4.77,2.0
1758077149.08341,1758077149.06499,0.0,0.0,0.0,-3.95341,-33.63263,-8.70896,15.05,-2.12,3.31,2.0
1758077149.09905,1758077149.07499,0.0,0.0,0.0,4.69825,-17.30333,-10.37054,14.77,-2.73,1.05,2.0
1758077149.10179,1758077149.08499,0.0,0.0,0.0,8.36518,-11.74564,-9.11003,14.77,-2.73,1.05,2.0
1758077149.11731,1758077149.09499,0.0,0.0,0.0,8.99544,-8.59437,-5.95876,10.87,-1.05,0.82,2.0
1758077149.11821,1758077149.10499,0.0,0.0,0.0,6.8182,-8.02141,-2.00535,10.87,-1.05,0.82,2.0
1758077149.13331,1758077149.11499,0.0,0.0,0.0,-1.66158,-9.11003,4.0107,9.79,0.5,1.58,2.0
1758077149.14931,1758077149.12499,0.0,0.0,0.0,-9.33921,-8.76626,6.99009,9.79,0.5,1.58,2.0
1758077149.15097,1758077149.13499,0.0,0.0,0.0,-17.36062,-8.47978,8.36518,10.1,1.1,2.41,2.0
1758077149.16606,1758077149.14499,0.0,0.0,0.0,-24.92367,-8.59437,8.30789,10.1,1.1,2.41,2.0
1758077149.16725,1758077149.15499,0.0,0.0,0.0,-33.51803,-9.28192,5.95876,9.25,0.84,2.49,2.0
1758077149.18205,1758077149.16499,0.0,0.0,0.0,-37.29956,-9.28192,3.55234,8.48,0.11,2.36,2.0
1758077149.20079,1758077149.17499,0.0,0.0,0.0,-39.01843,-8.47978,0.57296,8.48,0.11,2.36,2.0
1758077149.20183,1758077149.18499,0.0,0.0,0.0,-38.38818,-7.21927,-3.20856,8.86,-0.69,1.91,2.0
1758077149.21735,1758077149.19499,0.0,0.0,0.0,-36.26823,-3.83882,-4.58366,8.86,-0.69,1.91,2.0
1758077149.2214,1758077149.20499,0.0,0.0,0.0,-33.46074,-0.34377,-4.64096,9.92,-1.42,1.28,2.0
1758077149.23733,1758077149.21499,0.0,0.0,0.0,-29.96569,4.29718,-3.66693,9.92,-1.42,1.28,2.0
1758077149.23907,1758077149.22499,0.0,0.0,0.0,-24.57989,12.08941,-0.85944,11.14,-1.96,1.14,2.0
1758077149.25407,1758077149.23499,0.0,0.0,0.0,-21.37133,16.04282,1.14592,11.09,-2.12,1.06,2.0
1758077149.25608,1758077149.24499,0.0,0.0,0.0,-18.79302,19.42327,3.38045,11.09,-2.12,1.06,2.0
1758077149.27239,1758077149.25499,0.0,0.0,0.0,-16.38659,22.63183,5.32851,10.34,-1.72,0.82,2.0
1758077149.28942,1758077149.26499,0.0,0.0,0.0,-14.03747,26.98631,7.96411,10.34,-1.72,0.82,2.0
1758077149.2903,1758077149.27499,0.0,0.0,0.0,-12.89155,28.99167,9.28192,9.94,-1.26,0.63,2.0
1758077149.30512,1758077149.28499,0.0,0.0,0.0,-12.14671,31.28349,10.19865,9.94,-1.26,0.63,2.0
1758077149.30756,1758077149.29499,0.0,0.0,0.0,-11.80293,32.6013,10.54242,9.82,-1.08,0.42,2.0
1758077149.3221,1758077149.30499,0.0,0.0,0.0,-11.51645,32.54401,10.59972,9.44,-1.07,0.31,2.0
1758077149.34176,1758077149.31499,0.0,0.0,0.0,-10.94349,32.83048,9.68299,9.44,-1.07,0.31,2.0
1758077149.34353,1758077149.32499,0.0,0.0,0.0,-10.94349,31.56997,9.62569,9.03,-1.13,0.34,2.0
1758077149.34592,1758077149.33499,0.0,0.0,0.0,-10.19865,30.76784,9.39651,9.03,-1.13,0.34,2.0
1758077149.36121,1758077149.34499,0.0,0.0,0.0,-8.47978,28.70519,8.65166,8.86,-1.23,0.44,2.0
1758077149.37744,1758077149.35499,0.0,0.0,0.0,-7.84952,27.73116,7.73493,8.86,-1.23,0.44,2.0
1758077149.37832,1758077149.36499,0.0,0.0,0.0,-6.87549,25.26744,6.53172,8.86,-1.12,0.38,2.0
1758077149.39332,1758077149.37499,0.0,0.0,0.0,-5.78687,23.0902,4.98473,8.86,-1.12,0.38,2.0
1758077149.39702,1758077149.38499,0.0,0.0,0.0,-4.1253,20.45459,3.55234,8.93,-0.88,0.42,2.0
1758077149.41234,1758077149.39499,0.0,0.0,0.0,-2.97938,18.33465,2.86479,8.79,-0.81,0.27,2.0
1758077149.4284,1758077149.40499,0.0,0.0,0.0,-2.06265,16.272,2.11994,8.79,-0.81,0.27,2.0
1758077149.42932,1758077149.41499,0.0,0.0,0.0,-1.20321,11.97482,1.14592,8.59,-0.85,0.16,2.0
1758077149.44444,1758077149.42499,0.0,0.0,0.0,-0.97403,10.48513,0.74485,8.59,-0.85,0.16,2.0
1758077149.44533,1758077149.43499,0.0,0.0,0.0,-1.14592,11.57375,0.0573,8.77,-0.87,0.1,2.0
1758077149.46145,1758077149.44499,0.0,0.0,0.0,-1.83346,15.35527,-0.80214,8.77,-0.87,0.1,2.0
1758077149.47723,1758077149.45499,0.0,0.0,0.0,-3.83882,24.75178,-3.20856,9.49,-0.77,0.01,2.0
1758077149.47861,1758077149.46499,0.0,0.0,0.0,-4.92744,31.28349,-5.21392,9.9,-0.56,0.04,2.0
1758077149.49395,1758077149.47499,0.0,0.0,0.0,-5.78687,36.03905,-7.16197,9.9,-0.56,0.04,2.0
1758077149.496,1758077149.48499,0.0,0.0,0.0,-5.4431,36.03905,-7.73493,9.46,-0.54,0.11,2.0
1758077149.51245,1758077149.49499,0.0,0.0,0.0,-3.89611,24.63719,-7.10468,9.46,-0.54,0.11,2.0
1758077149.52939,1758077149.50499,0.0,0.0,0.0,-1.66158,15.0115,-5.72958,8.3,-0.84,0.12,2.0
1758077149.53038,1758077149.51499,0.0,0.0,0.0,1.3178,5.32851,-3.72423,8.3,-0.84,0.12,2.0
1758077149.54544,1758077149.52499,0.0,0.0,0.0,4.23989,-4.64096,-2.00535,8.24,-1.37,0.33,2.0
1758077149.54636,1758077149.53499,0.0,0.0,0.0,8.42248,-20.85567,0.11459,8.17,-1.86,0.67,2.0
1758077149.56145,1758077149.54499,0.0,0.0,0.0,10.31324,-33.05967,1.3178,8.17,-1.86,0.67,2.0
1758077149.57745,1758077149.55499,0.0,0.0,0.0,8.70896,-40.68,0.34377,8.52,-1.45,0.82,2.0
1758077149.57878,1758077149.56499,0.0,0.0,0.0,6.18794,-42.68536,0.11459,8.52,-1.45,0.82,2.0
1758077149.59349,1758077149.57499,0.0,0.0,0.0,5.27121,-44.51882,0.45837,9.88,-0.86,0.24,2.0
1758077149.60944,1758077149.58499,0.0,0.0,0.0,6.70361,-35.52338,2.00535,9.88,-0.86,0.24,2.0
1758077149.61065,1758077149.59499,0.0,0.0,0.0,8.88085,-17.6471,3.38045,11.89,-0.99,0.12,2.0
1758077149.62522,1758077149.60499,0.0,0.0,0.0,10.94349,-3.09397,2.97938,11.89,-0.99,0.12,2.0
1758077149.62637,1758077149.61499,0.0,0.0,0.0,13.06344,-2.7502,0.57296,11.57,-0.91,0.34,2.0
1758077149.64157,1758077149.62499,0.0,0.0,0.0,14.78231,-11.86023,-4.23989,8.47,-0.78,-0.39,2.0
1758077149.65721,1758077149.63499,0.0,0.0,0.0,17.6471,-37.92981,-4.23989,8.47,-0.78,-0.39,2.0
1758077149.65835,1758077149.64499,0.0,0.0,0.0,18.56383,-41.25296,-5.90147,7.95,-0.82,-0.7,2.0
1758077149.67438,1758077149.65499,0.0,0.0,0.0,18.9649,-33.68992,-8.136,7.95,-0.82,-0.7,2.0
1758077149.6768,1758077149.66499,0.0,0.0,0.0,21.02755,-29.73651,-9.28192,10.77,-0.93,-0.96,2.0
1758077149.69219,1758077149.67499,0.0,0.0,0.0,23.26209,-22.91831,-10.37054,10.77,-0.93,-0.96,2.0
1758077149.70946,1758077149.68499,0.0,0.0,0.0,26.12688,-13.5791,-11.91752,11.43,-1.55,-0.79,2.0
1758077149.71042,1758077149.69499,0.0,0.0,0.0,26.35606,-9.11003,-13.46451,12.28,-1.32,0.69,2.0
1758077149.726,1758077149.70499,0.0,0.0,0.0,24.23611,-9.62569,-14.43854,12.28,-1.32,0.69,2.0
1758077149.72724,1758077149.71499,0.0,0.0,0.0,20.11082,-15.0115,-12.2613,14.0,-0.37,2.92,2.0
1758077149.7432,1758077149.72499,0.0,0.0,0.0,11.80293,-27.2155,-3.55234,14.0,-0.37,2.92,2.0
1758077149.74733,1758077149.73499,0.0,0.0,0.0,6.7609,-32.88778,3.89611,15.52,0.31,2.68,2.0
1758077149.76223,1758077149.74499,0.0,0.0,0.0,2.92208,-31.85646,10.25595,15.52,0.31,2.68,2.0
1758077149.7786,1758077149.75499,0.0,0.0,0.0,1.3751,-27.73116,14.32395,13.24,-0.44,1.01,2.0
1758077149.7794,1758077149.76499,0.0,0.0,0.0,2.63561,-22.11617,15.41257,9.44,-1.82,1.32,2.0
1758077149.79454,1758077149.77499,0.0,0.0,0.0,4.69825,-17.76169,13.46451,9.44,-1.82,1.32,2.0
1758077149.79702,1758077149.78499,0.0,0.0,0.0,8.30789,-11.28727,9.74028,8.34,-2.21,2.24,2.0
1758077149.81356,1758077149.79499,0.0,0.0,0.0,13.12073,-4.52637,2.97938,8.34,-2.21,2.24,2.0
1758077149.81604,1758077149.80499,0.0,0.0,0.0,22.63183,4.0107,0.11459,8.12,-1.75,2.35,2.0
1758077149.83253,1758077149.81499,0.0,0.0,0.0,29.27814,9.05273,-0.40107,8.12,-1.75,2.35,2.0
1758077149.8496,1758077149.82499,0.0,0.0,0.0,35.3515,12.71966,0.40107,9.13,-1.27,1.91,2.0
1758077149.85004,1758077149.83499,0.0,0.0,0.0,41.48215,17.01685,1.77617,9.13,-1.27,1.91,2.0
1758077149.86554,1758077149.84499,0.0,0.0,0.0,43.37291,21.42862,2.86479,10.87,-0.87,1.24,2.0
1758077149.8669,1758077149.85498,0.0,0.0,0.0,43.20102,27.38738,3.32316,12.36,-0.49,0.81,2.0
1758077149.88124,1758077149.86498,0.0,0.0,0.0,41.88322,33.63263,2.97938,12.36,-0.49,0.81,2.0
1758077149.8976,1758077149.87498,0.0,0.0,0.0,37.92981,40.10705,0.97403,11.77,-0.36,0.62,2.0
1758077149.90088,1758077149.88498,0.0,0.0,0.0,34.72124,41.76862,-1.14592,11.77,-0.36,0.62,2.0
1758077149.91657,1758077149.89498,0.0,0.0,0.0,31.74186,42.51347,-2.97938,10.03,-0.2,0.87,2.0
1758077149.91748,1758077149.90498,0.0,0.0,0.0,28.76248,41.65404,-4.92744,10.03,-0.2,0.87,2.0
1758077149.93263,1758077149.91498,0.0,0.0,0.0,25.21014,37.64333,-6.87549,9.28,0.11,1.03,2.0
1758077149.94829,1758077149.92498,0.0,0.0,0.0,22.97561,33.46074,-7.67763,8.91,0.46,1.11,2.0
1758077149.94901,1758077149.93498,0.0,0.0,0.0,20.45459,28.59059,-7.96411,8.91,0.46,1.11,2.0
1758077149.96511,1758077149.94498,0.0,0.0,0.0,17.76169,24.12152,-8.0787,8.68,0.8,1.15,2.0
1758077149.96629,1758077149.95498,0.0,0.0,0.0,13.00614,17.53251,-8.42248,8.68,0.8,1.15,2.0
1758077149.98143,1758077149.96498,0.0,0.0,0.0,9.28192,14.32395,-8.70896,8.46,1.08,0.92,2.0
1758077149.99761,1758077149.97498,0.0,0.0,0.0,5.78687,12.83425,-8.47978,8.46,1.08,0.92,2.0
1758077149.99844,1758077149.98498,0.0,0.0,0.0,2.6929,11.57375,-8.136,8.59,1.1,0.67,2.0
1758077150.01409,1758077149.99498,0.0,0.0,0.0,-0.34377,10.25595,-6.53172,8.62,0.61,0.48,2.0
1758077150.01609,1758077150.00498,0.0,0.0,0.0,-0.85944,11.00079,-4.69825,8.62,0.61,0.48,2.0
1758077150.03158,1758077150.01498,0.0,0.0,0.0,-0.0573,13.17803,-2.23454,9.05,-0.32,0.39,2.0
1758077150.04754,1758077150.02498,0.0,0.0,0.0,2.86479,15.0115,0.74485,9.05,-0.32,0.39,2.0
1758077150.04928,1758077150.03498,0.0,0.0,0.0,4.81285,17.18874,1.71887,9.44,-1.14,0.16,2.0
1758077150.06461,1758077150.04498,0.0,0.0,0.0,6.13065,20.05352,1.48969,9.44,-1.14,0.16,2.0
1758077150.06556,1758077150.05498,0.0,0.0,0.0,6.53172,24.23611,0.51566,10.0,-1.03,-0.08,2.0
1758077150.08134,1758077150.06498,0.0,0.0,0.0,5.55769,33.34615,-1.14592,10.0,-1.03,-0.08,2.0
1758077150.09764,1758077150.07498,0.0,0.0,0.0,4.23989,40.7373,-2.06265,10.3,-0.36,-0.13,2.0
1758077150.09897,1758077150.08498,0.0,0.0,0.0,2.92208,45.89392,-2.63561,10.09,0.1,-0.18,2.0
1758077150.11368,1758077150.09498,0.0,0.0,0.0,1.3178,47.15443,-2.63561,10.09,0.1,-0.18,2.0
1758077150.11707,1758077150.10498,0.0,0.0,0.0,-1.3178,45.37826,-2.7502,9.54,0.28,-0.09,2.0
1758077150.1332,1758077150.11498,0.0,0.0,0.0,-3.09397,40.39353,-2.57831,9.54,0.28,-0.09,2.0
1758077150.13658,1758077150.12498,0.0,0.0,0.0,-5.27121,31.2262,-1.66158,8.92,0.43,0.03,2.0
1758077150.15166,1758077150.13498,0.0,0.0,0.0,-8.99544,20.62648,-1.94806,8.92,0.43,0.03,2.0
1758077150.1675,1758077150.14498,0.0,0.0,0.0,-14.32395,-0.80214,-3.55234,7.69,0.92,0.11,2.0
1758077150.17051,1758077150.15498,0.0,0.0,0.0,-17.53251,-29.10626,-0.85944,5.61,1.14,-0.43,2.0
1758077150.18563,1758077150.16498,0.0,0.0,0.0,-18.44924,-46.2377,-1.66158,5.61,1.14,-0.43,2.0
1758077150.18652,1758077150.17498,0.0,0.0,0.0,-16.10011,-49.04519,0.40107,7.21,0.8,0.12,2.0
1758077150.20144,1758077150.18498,0.0,0.0,0.0,-18.50654,-47.89928,3.26586,7.21,0.8,0.12,2.0
1758077150.21739,1758077150.19498,0.0,0.0,0.0,-21.31403,-40.85189,3.49504,9.71,0.77,0.33,2.0
1758077150.21855,1758077150.20498,0.0,0.0,0.0,-27.67386,-34.60666,1.08862,9.71,0.77,0.33,2.0
1758077150.23338,1758077150.21498,0.0,0.0,0.0,-33.68992,-32.42941,-4.23989,10.92,1.06,0.08,2.0
1758077150.23644,1758077150.22498,0.0,0.0,0.0,-39.19032,-30.13758,-6.47442,9.97,0.93,0.45,2.0
1758077150.25147,1758077150.23498,0.0,0.0,0.0,-41.08107,-20.97026,-7.04738,9.97,0.93,0.45,2.0
1758077150.26753,1758077150.24498,0.0,0.0,0.0,-41.42485,-11.63104,-6.99009,11.55,0.5,1.94,2.0
1758077150.26936,1758077150.25498,0.0,0.0,0.0,-36.03905,-12.49048,-10.31324,11.55,0.5,1.94,2.0
1758077150.28438,1758077150.26498,0.0,0.0,0.0,-30.36677,-26.24147,-14.15206,12.74,-0.69,4.86,2.0
1758077150.28558,1758077150.27498,0.0,0.0,0.0,-24.92367,-39.13302,-19.53786,12.74,-0.69,4.86,2.0
1758077150.30042,1758077150.28498,0.0,0.0,0.0,-19.07949,-40.50812,-22.11617,13.86,-2.54,4.84,2.0
1758077150.3164,1758077150.29498,0.0,0.0,0.0,-10.94349,-33.11696,-20.74107,13.86,-2.54,2.24,2.0
1758077150.31759,1758077150.30498,0.0,0.0,0.0,-7.44845,-25.72581,-16.84496,14.59,-2.88,2.24,2.0
1758077150.33556,1758077150.31498,0.0,0.0,0.0,-6.7609,-19.70975,-10.8289,12.37,-0.9,1.65,2.0
1758077150.33683,1758077150.32498,0.0,0.0,0.0,-8.47978,-15.58445,-3.95341,12.37,-0.9,1.65,2.0
1758077150.35241,1758077150.33498,0.0,0.0,0.0,-15.24068,-12.37589,4.98473,10.43,0.89,1.72,2.0
1758077150.35363,1758077150.34498,0.0,0.0,0.0,-21.60051,-11.34457,8.47978,10.43,0.89,1.72,2.0
1758077150.36896,1758077150.35498,0.0,0.0,0.0,-28.59059,-10.54242,9.5684,10.11,1.34,2.13,2.0
1758077150.38556,1758077150.36498,0.0,0.0,0.0,-34.95043,-9.39651,8.88085,10.11,1.34,2.13,2.0
1758077150.38747,1758077150.37498,0.0,0.0,0.0,-41.76862,-9.22462,5.61499,9.9,0.66,2.37,2.0
1758077150.40269,1758077150.38498,0.0,0.0,0.0,-43.94586,-6.99009,3.26586,9.48,-0.69,1.98,2.0
1758077150.40363,1758077150.39498,0.0,0.0,0.0,-44.17505,-2.7502,0.51566,9.48,-0.69,1.98,2.0
1758077150.42063,1758077150.40498,0.0,0.0,0.0,-42.22699,0.34377,-2.11994,9.69,-1.59,1.72,2.0
1758077150.4367,1758077150.41498,0.0,0.0,0.0,-37.92981,3.66693,-5.27121,9.69,-1.59,1.72,2.0
1758077150.43762,1758077150.42498,0.0,0.0,0.0,-34.43476,6.7609,-6.47442,10.23,-1.98,1.29,2.0
1758077150.45239,1758077150.43498,0.0,0.0,0.0,-31.62727,9.96947,-6.35983,10.23,-1.98,1.29,2.0
1758077150.45444,1758077150.44498,0.0,0.0,0.0,-29.10626,15.29797,-5.27121,10.65,-1.93,1.28,2.0
1758077150.4717,1758077150.45498,0.0,0.0,0.0,-28.30412,17.6471,-3.49504,10.06,-1.62,1.39,2.0
1758077150.48771,1758077150.46498,0.0,0.0,0.0,-28.30412,18.90761,-1.43239,10.06,-1.62,1.39,2.0
1758077150.48972,1758077150.47498,0.0,0.0,0.0,-28.30412,18.50654,0.74485,9.33,-1.3,1.45,2.0
1758077150.50527,1758077150.48498,0.0,0.0,0.0,-28.24682,15.75634,4.0107,9.33,-1.3,1.45,2.0
1758077150.50646,1758077150.49498,0.0,0.0,0.0,-27.67386,14.32395,6.07335,9.0,-1.27,1.21,2.0
1758077150.52179,1758077150.50498,0.0,0.0,0.0,-26.87172,12.83425,7.44845,9.0,-1.27,1.21,2.0
1758077150.5375,1758077150.51498,0.0,0.0,0.0,-25.7831,11.57375,8.65166,9.07,-1.49,0.97,2.0
1758077150.539,1758077150.52498,0.0,0.0,0.0,-24.4653,9.85487,9.33921,9.14,-1.64,0.86,2.0
1758077150.55372,1758077150.53498,0.0,0.0,0.0,-23.66316,9.33921,9.22462,9.14,-1.64,0.86,2.0
1758077150.55646,1758077150.54498,0.0,0.0,0.0,-23.0329,8.99544,8.65166,9.2,-1.5,0.8,2.0
1758077150.57191,1758077150.55498,0.0,0.0,0.0,-22.68913,8.42248,7.50575,9.2,-1.5,0.8,2.0
1758077150.58773,1758077150.56498,0.0,0.0,0.0,-22.23076,7.50575,5.55769,9.2,-1.23,0.75,2.0
1758077150.58861,1758077150.57498,0.0,0.0,0.0,-21.08485,7.67763,4.46907,9.2,-1.23,0.75,2.0
1758077150.60364,1758077150.58498,0.0,0.0,0.0,-19.99623,7.50575,3.89611,9.29,-1.16,0.65,2.0
1758077150.60462,1758077150.59498,0.0,0.0,0.0,-18.56383,7.84952,3.55234,9.29,-1.16,0.65,2.0
1758077150.61999,1758077150.60498,0.0,0.0,0.0,-16.67307,7.79223,2.63561,9.21,-1.29,0.5,2.0
1758077150.63569,1758077150.61498,0.0,0.0,0.0,-15.64175,6.41713,2.40642,8.86,-1.45,0.44,2.0
1758077150.63666,1758077150.62498,0.0,0.0,0.0,-14.83961,6.87549,1.83346,8.86,-1.45,0.44,2.0
1758077150.65176,1758077150.63498,0.0,0.0,0.0,-14.61043,7.16197,0.22918,8.99,-1.48,0.39,2.0
1758077150.66775,1758077150.64498,0.0,0.0,0.0,-14.32395,8.42248,-1.03132,8.99,-1.48,0.39,2.0
1758077150.66893,1758077150.65498,0.0,0.0,0.0,-14.03747,12.77696,-2.57831,9.11,-1.36,0.23,2.0
1758077150.68346,1758077150.66498,0.0,0.0,0.0,-13.5791,20.51189,-4.29718,9.11,-1.36,0.23,2.0
1758077150.68474,1758077150.67498,0.0,0.0,0.0,-12.43318,35.12231,-7.39116,9.72,-1.19,-0.02,2.0
1758077150.70002,1758077150.68498,0.0,0.0,0.0,-10.65701,42.57077,-8.36518,9.82,-1.18,0.07,2.0
1758077150.71577,1758077150.69498,0.0,0.0,0.0,-8.25059,43.25832,-8.42248,9.82,-1.18,0.07,2.0
1758077150.71668,1758077150.70498,0.0,0.0,0.0,-5.15662,38.44547,-7.73493,8.56,-1.44,0.16,2.0
1758077150.7318,1758077150.71498,0.0,0.0,0.0,1.20321,25.8404,-5.50039,8.56,-1.44,0.16,2.0
1758077150.74784,1758077150.72498,0.0,0.0,0.0,6.53172,14.66772,-3.60963,7.76,-2.0,-0.01,2.0
1758077150.74871,1758077150.73498,0.0,0.0,0.0,11.80293,1.66158,-1.83346,7.76,-2.0,-0.01,2.0
1758077150.76374,1758077150.74498,0.0,0.0,0.0,16.90226,-16.10011,-0.11459,7.12,-2.61,0.13,2.0
1758077150.76497,1758077150.75498,0.0,0.0,0.0,20.45459,-48.30034,1.3178,6.31,-2.67,0.03,2.0
1758077150.7797,1758077150.76498,0.0,0.0,0.0,20.74107,-58.3844,0.40107,6.31,-2.67,0.03,2.0
1758077150.7967,1758077150.77498,0.0,0.0,0.0,21.6578,-45.72203,0.57296,9.88,-2.16,0.25,2.0
1758077150.79768,1758077150.78498,0.0,0.0,0.0,18.9649,-19.88164,-0.57296,9.88,-2.16,0.25,2.0
1758077150.81277,1758077150.79498,0.0,0.0,0.0,16.90226,-10.48513,-1.3751,12.7,-0.99,1.3,2.0
1758077150.81481,1758077150.80498,0.0,0.0,0.0,16.55848,-16.272,-3.26586,12.7,-0.99,1.3,2.0
1758077150.83177,1758077150.81498,0.0,0.0,0.0,17.99088,-25.55392,-4.92744,9.83,-1.29,-0.32,2.0
1758077150.8478,1758077150.82498,0.0,0.0,0.0,18.79302,-39.3622,-8.36518,9.83,-1.29,-0.32,2.0
1758077150.84985,1758077150.83498,0.0,0.0,0.0,19.42327,-56.14987,-9.33921,8.46,-1.26,-0.61,2.0
1758077150.86458,1758077150.84498,0.0,0.0,0.0,19.59516,-55.92068,-8.136,10.5,-1.25,0.83,2.0
1758077150.86732,1758077150.85498,0.0,0.0,0.0,19.19409,-50.363,-5.61499,10.5,-1.25,0.83,2.0
1758077150.88256,1758077150.86498,0.0,0.0,0.0,17.36062,-48.35764,-1.14592,14.36,-1.05,2.02,2.0
1758077150.884,1758077150.87498,0.0,0.0,0.0,14.78231,-53.34238,2.7502,14.36,-1.05,2.02,2.0
1758077150.90136,1758077150.88498,0.0,0.0,0.0,11.17268,-55.7488,8.0787,15.04,-0.26,2.52,2.0
1758077150.91757,1758077150.89498,0.0,0.0,0.0,6.53172,-54.77477,12.2613,15.04,-0.26,2.52,2.0
1758077150.91876,1758077150.90498,0.0,0.0,0.0,0.0,-46.00851,15.46986,14.43,0.01,1.41,2.0
1758077150.93358,1758077150.91498,0.0,0.0,0.0,-3.55234,-35.2942,15.06879,11.31,-0.8,0.18,2.0
1758077150.93585,1758077150.92498,0.0,0.0,0.0,-5.84417,-25.15285,13.5218,11.31,-0.8,0.18,2.0
1758077150.95182,1758077150.93498,0.0,0.0,0.0,-5.61499,-17.99088,11.00079,9.13,-1.38,0.91,2.0
1758077150.96756,1758077150.94498,0.0,0.0,0.0,0.17189,-13.5218,6.07335,9.13,-1.38,0.91,2.0
1758077150.96879,1758077150.95498,0.0,0.0,0.0,7.50575,-10.02676,2.23454,8.43,-1.71,1.93,2.0
1758077150.98358,1758077150.96498,0.0,0.0,0.0,16.84496,-5.4431,-0.0573,8.43,-1.71,1.93,2.0
1758077150.98481,1758077150.97498,0.0,0.0,0.0,26.64254,-0.11459,-0.74485,10.03,-1.68,2.54,2.0
1758077151.00006,1758077150.98498,0.0,0.0,0.0,39.24761,7.50575,1.14592,11.67,-1.08,2.0,2.0
1758077151.01568,1758077150.99498,0.0,0.0,0.0,45.20637,11.74564,4.1253,11.67,-1.08,2.0,2.0
1758077151.01682,1758077151.00498,0.0,0.0,0.0,48.52953,15.69904,7.44845,12.37,-0.31,1.32,2.0
1758077151.03165,1758077151.01498,0.0,0.0,0.0,49.21708,20.3973,9.39651,12.37,-0.31,1.32,2.0
1758077151.04792,1758077151.02498,0.0,0.0,0.0,45.83662,29.73651,7.50575,12.1,0.11,0.84,2.0
1758077151.0491,1758077151.03498,0.0,0.0,0.0,41.59674,35.00772,4.0107,12.1,0.11,0.84,2.0
1758077151.06407,1758077151.04498,0.0,0.0,0.0,36.38282,37.98711,-0.57296,10.63,0.17,0.71,2.0
1758077151.06567,1758077151.05498,0.0,0.0,0.0,28.76248,39.24761,-7.73493,10.63,0.17,0.71,2.0
1758077151.08067,1758077151.06498,0.0,0.0,0.0,24.12152,39.53409,-11.80293,9.23,0.22,0.68,2.0
1758077151.09665,1758077151.07498,0.0,0.0,0.0,20.16812,39.76327,-14.66772,9.01,0.55,0.7,2.0
1758077151.09783,1758077151.08498,0.0,0.0,0.0,16.90226,38.44547,-16.3293,9.01,0.55,0.7,2.0
1758077151.11285,1758077151.09498,0.0,0.0,0.0,13.06344,33.46074,-16.3293,8.96,1.0,0.75,2.0
1758077151.11384,1758077151.10498,0.0,0.0,0.0,11.28727,28.41871,-15.29797,8.96,1.0,0.75,2.0
1758077151.13089,1758077151.11498,0.0,0.0,0.0,9.4538,22.05888,-14.03747,8.89,1.26,0.69,2.0
1758077151.14666,1758077151.12498,0.0,0.0,0.0,7.84952,15.92823,-12.54778,8.89,1.26,0.69,2.0
1758077151.14785,1758077151.13498,0.0,0.0,0.0,5.50039,7.44845,-10.37054,8.71,1.2,0.75,2.0
1758077151.16397,1758077151.14498,0.0,0.0,0.0,3.55234,3.83882,-9.68299,8.68,0.84,0.78,2.0
1758077151.16709,1758077151.15498,0.0,0.0,0.0,1.3751,0.57296,-9.62569,8.68,0.84,0.78,2.0
1758077151.18268,1758077151.16498,0.0,0.0,0.0,-0.51566,-1.3751,-9.91217,8.73,0.4,0.63,2.0
1758077151.18567,1758077151.17498,0.0,0.0,0.0,-3.09397,-1.66158,-10.65701,8.73,0.4,0.63,2.0
1758077151.20192,1758077151.18498,0.0,0.0,0.0,-4.46907,-1.14592,-10.65701,9.01,0.11,0.48,2.0
1758077151.22111,1758077151.19498,0.0,0.0,0.0,-5.27121,-0.0573,-10.25595,9.01,0.11,0.48,2.0
1758077151.22209,1758077151.20498,0.0,0.0,0.0,-5.84417,1.3751,-9.22462,9.15,-0.01,0.44,2.0
1758077151.22695,1758077151.21498,0.0,0.0,0.0,-6.58902,4.98473,-7.39116,9.43,-0.03,0.36,2.0
1758077151.24378,1758077151.22498,0.0,0.0,0.0,-6.8182,11.34457,-5.90147,9.43,-0.03,0.36,2.0
1758077151.24546,1758077151.23498,0.0,0.0,0.0,-6.87549,19.70975,-4.35448,10.08,0.04,0.25,2.0
1758077151.26069,1758077151.24498,0.0,0.0,0.0,-7.16197,27.61657,-2.86479,10.08,0.04,0.25,2.0
1758077151.2767,1758077151.25498,0.0,0.0,0.0,-7.73493,39.19032,-0.74485,10.12,0.18,0.24,2.0
1758077151.27788,1758077151.26498,0.0,0.0,0.0,-8.42248,46.40959,0.45837,10.12,0.18,0.24,2.0
1758077151.296,1758077151.27498,0.0,0.0,0.0,-9.91217,52.54023,0.85944,9.97,0.38,0.19,2.0
1758077151.29731,1758077151.28498,0.0,0.0,0.0,-13.46451,47.67009,0.11459,9.97,0.38,0.19,2.0
1758077151.31374,1758077151.29498,0.0,0.0,0.0,-16.272,33.68992,-0.22918,8.92,0.65,0.4,2.0
1758077151.31627,1758077151.30498,0.0,0.0,0.0,-20.51189,21.7151,-1.60428,7.6,1.07,0.56,2.0
1758077151.33167,1758077151.31498,0.0,0.0,0.0,-24.00693,11.28727,-3.83882,7.6,1.07,0.56,2.0
1758077151.34774,1758077151.32498,0.0,0.0,0.0,-28.01764,-9.68299,-6.58902,7.29,1.43,0.79,2.0
1758077151.34969,1758077151.33498,0.0,0.0,0.0,-28.30412,-31.2262,-6.58902,7.29,1.43,0.79,2.0
1758077151.36576,1758077151.34498,0.0,0.0,0.0,-26.01229,-46.2377,-6.87549,7.12,0.88,1.25,2.0
1758077151.36702,1758077151.35498,0.0,0.0,0.0,-22.91831,-48.35764,-6.24524,7.12,0.88,1.25,2.0
1758077151.38194,1758077151.36498,0.0,0.0,0.0,-20.3973,-40.39353,-5.27121,9.75,0.24,0.63,2.0
1758077151.39764,1758077151.37498,0.0,0.0,0.0,-22.00158,-39.99245,-6.7609,10.82,0.46,0.36,2.0
1758077151.39991,1758077151.38498,0.0,0.0,0.0,-24.29341,-48.9306,-9.28192,10.82,0.46,0.36,2.0
1758077151.41584,1758077151.39498,0.0,0.0,0.0,-26.64254,-56.03527,-10.54242,9.38,0.81,-0.45,2.0
1758077151.41704,1758077151.40498,0.0,0.0,0.0,-29.56462,-37.29956,-8.99544,9.38,0.81,-0.45,2.0
1758077151.43207,1758077151.41498,0.0,0.0,0.0,-33.11696,-19.53786,-7.16197,12.06,1.1,-1.07,2.0
1758077151.44804,1758077151.42498,0.0,0.0,0.0,-39.01843,-9.62569,-6.53172,12.06,1.1,-1.07,2.0
1758077151.45057,1758077151.43498,0.0,0.0,0.0,-43.65939,-5.72958,-4.1253,11.63,1.45,-1.07,2.0
1758077151.46576,1758077151.44498,0.0,0.0,0.0,-47.61279,-1.66158,2.57831,10.88,0.93,-0.03,2.0
1758077151.46731,1758077151.45498,0.0,0.0,0.0,-47.32632,-0.51566,7.10468,10.88,0.93,-0.03,2.0
1758077151.48177,1758077151.46498,0.0,0.0,0.0,-44.28964,-8.70896,9.4538,12.61,-0.42,2.64,2.0
1758077151.50101,1758077151.47498,0.0,0.0,0.0,-36.95578,-25.43933,4.98473,12.61,-0.42,2.64,2.0
1758077151.50267,1758077151.48498,0.0,0.0,0.0,-33.17426,-48.9879,-1.66158,13.43,-1.92,3.93,2.0
1758077151.52189,1758077151.49498,0.0,0.0,0.0,-29.67921,-51.27972,-7.44845,13.43,-1.92,3.93,2.0
1758077151.52618,1758077151.50498,0.0,0.0,0.0,-27.38738,-41.59674,-12.08941,13.76,-2.49,1.98,2.0
1758077151.52679,1758077151.51498,0.0,0.0,0.0,-25.55392,-30.02299,-12.89155,13.76,-2.49,1.98,2.0
1758077151.54275,1758077151.52498,0.0,0.0,0.0,-26.12688,-26.81443,-10.8862,11.87,-1.17,1.46,2.0
1758077151.54633,1758077151.53498,0.0,0.0,0.0,-28.13223,-24.12152,-7.33386,9.26,0.28,1.68,2.0
1758077151.56199,1758077151.54498,0.0,0.0,0.0,-31.79916,-21.14215,-3.72423,9.26,0.28,1.68,2.0
1758077151.56384,1758077151.55498,0.0,0.0,0.0,-40.27893,-17.87628,0.0573,8.96,0.9,2.39,2.0
1758077151.58109,1758077151.56498,0.0,0.0,0.0,-46.81066,-15.41257,0.85944,8.96,0.9,2.39,2.0
1758077151.5971,1758077151.57498,0.0,0.0,0.0,-53.17049,-11.22997,0.0,9.11,0.86,2.55,2.0
1758077151.59798,1758077151.58498,0.0,0.0,0.0,-58.55629,-7.16197,-1.60428,9.11,0.86,2.55,2.0
1758077151.61312,1758077151.59498,0.0,0.0,0.0,-64.11398,-2.92208,-3.95341,9.81,0.23,1.93,2.0
1758077151.61402,1758077151.60498,0.0,0.0,0.0,-65.43179,2.00535,-4.87014,10.95,-0.86,1.5,2.0
1758077151.63084,1758077151.61498,0.0,0.0,0.0,-64.85883,8.47978,-4.35448,10.95,-0.86,1.5,2.0
1758077151.64713,1758077151.62498,0.0,0.0,0.0,-62.85347,15.0115,-3.03668,12.06,-1.96,1.26,2.0
1758077151.64804,1758077151.63498,0.0,0.0,0.0,-57.86874,22.68913,-0.57296,12.06,-1.96,1.26,2.0
1758077151.66284,1758077151.64498,0.0,0.0,0.0,-54.431,25.49662,1.3178,11.27,-2.35,1.16,2.0
1758077151.66404,1758077151.65498,0.0,0.0,0.0,-51.6235,27.96034,3.66693,11.27,-2.35,1.16,2.0
1758077151.68113,1758077151.66498,0.0,0.0,0.0,-49.61814,30.19488,6.87549,10.04,-1.82,0.9,2.0
1758077151.69702,1758077151.67498,0.0,0.0,0.0,-47.49821,33.23156,8.99544,9.55,-1.22,0.84,2.0
1758077151.69806,1758077151.68498,0.0,0.0,0.0,-46.75336,34.60666,10.25595,9.55,-1.22,0.84,2.0
1758077151.71314,1758077151.69498,0.0,0.0,0.0,-45.89392,34.77854,11.17268,9.28,-1.01,0.69,2.0
1758077151.71404,1758077151.70498,0.0,0.0,0.0,-44.9199,34.09099,11.57375,9.28,-1.01,0.69,2.0
1758077151.73111,1758077151.71498,0.0,0.0,0.0,-43.77398,34.43476,11.51645,9.04,-1.16,0.52,2.0
1758077151.74686,1758077151.72498,0.0,0.0,0.0,-43.25832,34.09099,10.19865,9.04,-1.16,0.52,2.0
1758077151.74819,1758077151.73498,0.0,0.0,0.0,-42.1124,31.74186,9.11003,8.71,-1.32,0.51,2.0
1758077151.76401,1758077151.74498,0.0,0.0,0.0,-39.3622,28.87707,7.67763,8.71,-1.32,0.42,2.0
1758077151.76561,1758077151.75498,0.0,0.0,0.0,-37.24226,26.12688,6.99009,8.38,-1.52,0.42,2.0
1758077151.78164,1758077151.76498,0.0,0.0,0.0,-35.06502,23.37668,6.35983,8.21,-1.63,0.26,2.0
1758077151.79898,1758077151.77498,0.0,0.0,0.0,-33.11696,20.51189,5.61499,8.21,-1.63,0.26,2.0
1758077151.80067,1758077151.78498,0.0,0.0,0.0,-30.53865,16.50119,4.29718,8.23,-1.63,0.23,2.0
1758077151.81592,1758077151.79498,0.0,0.0,0.0,-28.93437,14.03747,3.26586,8.23,-1.63,0.23,2.0
1758077151.81706,1758077151.80498,0.0,0.0,0.0,-27.2155,11.45916,2.40642,8.43,-1.56,0.16,2.0
1758077151.83191,1758077151.81498,0.0,0.0,0.0,-25.55392,9.85487,1.71887,8.43,-1.56,0.16,2.0
1758077151.84807,1758077151.82498,0.0,0.0,0.0,-22.86102,14.49583,0.57296,8.93,-1.54,0.12,2.0
1758077151.8499,1758077151.83498,0.0,0.0,0.0,-21.31403,22.91831,-0.51566,10.03,-1.46,-0.15,2.0
1758077151.8652,1758077151.84498,0.0,0.0,0.0,-19.82434,32.25753,-2.11994,10.03,-1.46,-0.15,2.0
1758077151.86611,1758077151.85498,0.0,0.0,0.0,-18.50654,39.19032,-3.66693,10.25,-1.36,-0.02,2.0
1758077151.88116,1758077151.86498,0.0,0.0,0.0,-15.24068,35.98175,-4.58366,10.25,-1.36,-0.02,2.0
1758077151.89718,1758077151.87498,0.0,0.0,0.0,-12.14671,25.38203,-4.23989,8.62,-1.45,0.01,2.0
1758077151.89854,1758077151.88498,0.0,0.0,0.0,-8.02141,12.2613,-3.60963,8.62,-1.45,0.01,2.0
1758077151.91372,1758077151.89498,0.0,0.0,0.0,-1.20321,-0.74485,-2.29183,7.35,-1.98,0.0,2.0
1758077151.91655,1758077151.90498,0.0,0.0,0.0,3.72423,-21.7724,-0.74485,7.13,-2.58,0.06,2.0
1758077151.93224,1758077151.91498,0.0,0.0,0.0,7.67763,-42.68536,0.85944,7.13,-2.58,0.06,2.0
1758077151.94822,1758077151.92498,0.0,0.0,0.0,9.91217,-62.16592,2.92208,6.77,-2.72,0.14,2.0
1758077151.95075,1758077151.93498,0.0,0.0,0.0,13.34992,-70.13004,3.60963,6.77,-2.72,0.14,2.0
1758077151.96593,1758077151.94498,0.0,0.0,0.0,15.41257,-54.02992,3.89611,9.95,-2.58,0.11,2.0
1758077151.9676,1758077151.95498,0.0,0.0,0.0,17.30333,-32.83048,4.81285,9.95,-2.58,0.11,2.0
1758077151.98234,1758077151.96498,0.0,0.0,0.0,15.75634,-19.36597,2.6929,12.82,-1.9,0.51,2.0
1758077151.99982,1758077151.97498,0.0,0.0,0.0,11.86023,-18.16276,-3.89611,10.43,-0.95,-0.3,2.0
1758077152.00101,1758077151.98498,0.0,0.0,0.0,9.4538,-30.13758,-11.11538,10.43,-0.95,-0.3,2.0
1758077152.01702,1758077151.99498,0.0,0.0,0.0,9.33921,-55.29043,-12.49048,7.36,-0.4,-1.51,2.0
1758077152.02146,1758077152.00498,0.0,0.0,0.0,6.41713,-58.67088,-15.64175,7.36,-0.4,-1.51,2.0
1758077152.03628,1758077152.01498,0.0,0.0,0.0,-1.60428,-44.9199,-21.14215,10.18,0.45,-0.68,2.0
1758077152.03743,1758077152.02498,0.0,0.0,0.0,-1.71887,-43.54479,-18.33465,10.18,0.45,-0.68,2.0
1758077152.05212,1758077152.03498,0.0,0.0,0.0,-2.00535,-34.95043,-15.87093,11.46,-0.38,-1.52,2.0
1758077152.05559,1758077152.04498,0.0,0.0,0.0,-3.09397,-28.70519,-13.23533,11.46,-0.38,-1.52,2.0
1758077152.07131,1758077152.05498,0.0,0.0,0.0,-6.8182,-28.36141,-13.06344,13.83,-0.96,1.92,2.0
1758077152.08726,1758077152.06498,0.0,0.0,0.0,-11.00079,-40.10705,-7.62034,15.77,-0.3,3.85,2.0
1758077152.09134,1758077152.07498,0.0,0.0,0.0,-14.32395,-50.47758,-0.17189,15.77,-0.3,3.85,2.0
1758077152.10702,1758077152.08498,0.0,0.0,0.0,-17.30333,-49.27437,8.47978,15.35,-0.08,1.58,2.0
1758077152.12596,1758077152.09498,0.0,0.0,0.0,-21.08485,-33.00237,11.17268,15.35,-0.08,1.58,2.0
1758077152.12622,1758077152.10498,0.0,0.0,0.0,-22.40265,-25.43933,10.65701,11.44,-1.11,0.09,2.0
1758077152.12716,1758077152.11498,0.0,0.0,0.0,-21.25674,-21.02755,8.136,11.44,-1.11,0.09,2.0
1758077152.142,1758077152.12498,0.0,0.0,0.0,-14.72501,-13.75099,2.57831,7.97,-2.05,1.29,2.0
1758077152.14679,1758077152.13498,0.0,0.0,0.0,-7.79223,-7.84952,-1.14592,8.42,-2.4,2.1,2.0
1758077152.162,1758077152.14498,0.0,0.0,0.0,0.0573,-2.06265,-4.0107,8.42,-2.4,2.1,2.0
1758077152.1672,1758077152.15498,0.0,0.0,0.0,8.76626,1.43239,-5.09932,9.82,-2.25,2.89,2.0
1758077152.18332,1758077152.16498,0.0,0.0,0.0,19.76705,3.55234,-4.64096,9.82,-2.25,2.89,2.0
1758077152.18854,1758077152.17498,0.0,0.0,0.0,24.92367,5.32851,-3.09397,10.86,-1.43,2.4,2.0
1758077152.20329,1758077152.18498,0.0,0.0,0.0,27.61657,8.99544,-1.3751,10.86,-1.43,2.4,2.0
1758077152.20974,1758077152.19498,0.0,0.0,0.0,28.13223,14.20935,-0.11459,12.48,-0.07,1.7,2.0
1758077152.2253,1758077152.20498,0.0,0.0,0.0,24.86637,21.31403,-0.40107,12.35,0.84,1.15,2.0
1758077152.22696,1758077152.21498,0.0,0.0,0.0,20.34,24.75178,-2.23454,12.35,0.84,1.15,2.0
1758077152.24228,1758077152.22498,0.0,0.0,0.0,14.78231,27.73116,-5.32851,10.49,0.82,1.03,2.0
1758077152.24395,1758077152.23498,0.0,0.0,0.0,8.65166,29.50733,-8.70896,10.49,0.82,1.03,2.0
1758077152.26135,1758077152.24498,0.0,0.0,0.0,-0.17189,31.79916,-12.77696,9.12,0.67,1.02,2.0
1758077152.27709,1758077152.25498,0.0,0.0,0.0,-5.32851,32.6013,-14.43854,9.12,0.67,1.02,2.0
1758077152.28327,1758077152.26498,0.0,0.0,0.0,-9.91217,32.83048,-15.29797,9.06,0.87,0.9,2.0
1758077152.28606,1758077152.27498,0.0,0.0,0.0,-13.80828,32.48671,-15.29797,9.06,0.87,0.9,2.0
1758077152.30202,1758077152.28498,0.0,0.0,0.0,-17.87628,30.48136,-14.38124,9.23,1.19,0.75,2.0
1758077152.30724,1758077152.29498,0.0,0.0,0.0,-19.42327,28.30412,-12.89155,9.22,1.26,0.67,2.0
1758077152.32206,1758077152.30498,0.0,0.0,0.0,-20.51189,26.01229,-11.22997,9.22,1.26,0.67,2.0
1758077152.32417,1758077152.31498,0.0,0.0,0.0,-21.7724,20.34,-8.59437,8.94,1.03,0.79,2.0
1758077152.34107,1758077152.32498,0.0,0.0,0.0,-22.97561,15.69904,-6.53172,8.94,1.03,0.79,2.0
1758077152.3571,1758077152.33498,0.0,0.0,0.0,-24.98096,11.86023,-5.72958,8.74,0.7,0.87,2.0
1758077152.35905,1758077152.34498,0.0,0.0,0.0,-27.61657,9.05273,-5.61499,8.74,0.7,0.87,2.0
1758077152.37403,1758077152.35498,0.0,0.0,0.0,-32.42941,4.81285,-7.04738,9.02,0.5,0.74,2.0
1758077152.37603,1758077152.36498,0.0,0.0,0.0,-35.75257,4.1253,-9.05273,9.28,0.48,0.58,2.0
1758077152.39112,1758077152.37498,0.0,0.0,0.0,-38.78925,3.60963,-10.31324,9.28,0.48,0.58,2.0
1758077152.40732,1758077152.38498,0.0,0.0,0.0,-41.13837,3.20856,-11.22997,9.52,0.37,0.43,2.0
1758077152.40824,1758077152.39498,0.0,0.0,0.0,-43.54479,5.95876,-11.17268,9.52,0.37,0.43,2.0
1758077152.42408,1758077152.40498,0.0,0.0,0.0,-44.11775,12.77696,-9.62569,9.98,0.14,0.35,2.0
1758077152.42688,1758077152.41498,0.0,0.0,0.0,-44.00316,21.7151,-7.50575,9.98,0.14,0.35,2.0
1758077152.4421,1758077152.42498,0.0,0.0,0.0,-43.83128,29.73651,-5.95876,10.49,-0.08,0.32,2.0
1758077152.44568,1758077152.43498,0.0,0.0,0.0,-43.83128,33.63263,-4.87014,9.65,-0.03,0.34,2.0
1758077152.46133,1758077152.44498,0.0,0.0,0.0,-44.51882,32.48671,-4.29718,9.65,-0.03,0.34,2.0
1758077152.47736,1758077152.45498,0.0,0.0,0.0,-46.35228,31.11161,-4.81285,9.02,0.36,0.21,2.0
1758077152.48145,1758077152.46498,0.0,0.0,0.0,-48.9879,28.24682,-5.84417,9.02,0.36,0.21,2.0
1758077152.49737,1758077152.47498,0.0,0.0,0.0,-54.14451,21.14215,-9.39651,8.62,0.84,0.22,2.0
1758077152.50146,1758077152.48498,0.0,0.0,0.0,-58.26981,10.08406,-12.2613,8.62,0.84,0.22,2.0
1758077152.51708,1758077152.49498,0.0,0.0,0.0,-61.76485,-10.37054,-13.40721,7.65,1.23,0.2,2.0
1758077152.52418,1758077152.50498,0.0,0.0,0.0,-62.5097,-30.48136,-14.61043,7.65,1.23,0.2,2.0
1758077152.52455,1758077152.51498,0.0,0.0,0.0,-57.23849,-33.11696,-13.34992,7.09,0.86,0.79,2.0
1758077152.54179,1758077152.52498,0.0,0.0,0.0,-51.50891,-24.5226,-7.33386,10.25,-0.42,0.9,2.0
1758077152.5571,1758077152.53498,0.0,0.0,0.0,-48.41494,-22.68913,-3.89611,10.25,-0.42,0.9,2.0
1758077152.56148,1758077152.54498,0.0,0.0,0.0,-44.9199,-43.20102,-1.03132,8.85,-0.52,0.64,2.0
1758077152.57891,1758077152.55498,0.0,0.0,0.0,-45.26366,-35.12231,-2.92208,8.85,-0.52,0.64,2.0
1758077152.5807,1758077152.56498,0.0,0.0,0.0,-47.38361,-22.97561,-5.32851,11.24,0.01,-0.2,2.0
1758077152.59647,1758077152.57498,0.0,0.0,0.0,-49.79003,-16.95955,-8.25059,11.24,0.01,-0.2,2.0
1758077152.59815,1758077152.58498,0.0,0.0,0.0,-52.65482,-6.07335,-10.59972,11.23,0.45,0.05,2.0
1758077152.61329,1758077152.59498,0.0,0.0,0.0,-53.62885,4.29718,-10.48513,11.04,0.61,-0.54,2.0
1758077152.61601,1758077152.60498,0.0,0.0,0.0,-54.431,11.11538,-8.99544,11.04,0.61,-0.54,2.0
1758077152.63209,1758077152.61498,0.0,0.0,0.0,-53.91533,11.74564,-7.16197,9.95,0.62,-0.65,2.0
1758077152.64843,1758077152.62498,0.0,0.0,0.0,-52.25375,8.70896,-2.46372,9.95,0.62,-0.65,2.0
1758077152.65018,1758077152.63498,0.0,0.0,0.0,-50.53488,8.76626,0.85944,9.49,0.42,-0.81,2.0
1758077152.66536,1758077152.64498,0.0,0.0,0.0,-48.58683,8.65166,4.23989,9.49,0.42,-0.81,2.0
1758077152.66661,1758077152.65498,0.0,0.0,0.0,-47.09713,5.90147,6.99009,10.14,0.16,-0.37,2.0
1758077152.68143,1758077152.66498,0.0,0.0,0.0,-44.9199,0.45837,9.28192,10.6,-0.16,0.58,2.0
1758077152.69802,1758077152.67498,0.0,0.0,0.0,-42.28429,-4.87014,8.70896,10.6,-0.16,0.58,2.0
1758077152.69918,1758077152.68498,0.0,0.0,0.0,-38.56006,-12.43318,5.50039,12.04,-1.04,1.5,2.0
1758077152.71418,1758077152.69498,0.0,0.0,0.0,-33.68992,-23.26209,1.3178,12.04,-1.04,1.5,2.0
1758077152.71612,1758077152.70498,0.0,0.0,0.0,-29.10626,-39.82057,-8.136,11.93,-1.74,1.8,2.0
1758077152.73138,1758077152.71498,0.0,0.0,0.0,-26.24147,-36.15364,-12.43318,11.93,-1.74,1.8,2.0
1758077152.74741,1758077152.72498,0.0,0.0,0.0,-21.48592,-26.35606,-13.12073,12.44,-1.5,0.24,2.0
1758077152.74917,1758077152.73498,0.0,0.0,0.0,-14.43854,-17.76169,-10.08406,12.44,-1.5,0.24,2.0
1758077152.76437,1758077152.74498,0.0,0.0,0.0,-10.94349,-18.33465,-6.7609,11.41,-0.9,0.14,2.0
1758077152.76618,1758077152.75498,0.0,0.0,0.0,-8.36518,-20.51189,-3.26586,8.94,0.19,0.55,2.0
1758077152.78122,1758077152.76498,0.0,0.0,0.0,-7.16197,-22.34536,0.0,8.94,0.19,0.55,2.0
1758077152.7973,1758077152.77498,0.0,0.0,0.0,-8.02141,-26.24147,3.66693,8.47,0.5,0.91,2.0
1758077152.79838,1758077152.78498,0.0,0.0,0.0,-10.48513,-28.76248,5.15662,8.47,0.5,0.91,2.0
1758077152.81347,1758077152.79498,0.0,0.0,0.0,-13.69369,-29.27814,6.18794,8.73,0.16,1.73,2.0
1758077152.81632,1758077152.80498,0.0,0.0,0.0,-17.87628,-30.13758,6.13065,8.73,0.16,1.73,2.0
1758077152.83243,1758077152.81498,0.0,0.0,0.0,-24.80907,-34.0337,4.87014,9.3,-0.36,2.51,2.0
1758077152.84849,1758077152.82498,0.0,0.0,0.0,-28.76248,-35.12231,3.38045,9.36,-0.9,2.57,2.0
1758077152.85018,1758077152.83498,0.0,0.0,0.0,-31.74186,-32.77319,1.48969,9.36,-0.9,2.57,2.0
1758077152.86546,1758077152.84498,0.0,0.0,0.0,-33.34615,-27.96034,-0.17189,10.32,-1.57,1.86,2.0
1758077152.86722,1758077152.85498,0.0,0.0,0.0,-32.88778,-18.73572,-2.23454,10.32,-1.57,1.86,2.0
1758077152.88325,1758077152.86498,0.0,0.0,0.0,-30.88243,-10.8289,-2.57831,11.3,-2.03,0.92,2.0
1758077152.88498,1758077152.87498,0.0,0.0,0.0,-28.36141,-1.43239,-2.00535,11.3,-2.03,0.92,2.0
1758077152.90149,1758077152.88498,0.0,0.0,0.0,-26.01229,8.47978,-0.68755,12.27,-1.94,0.21,2.0
1758077152.9175,1758077152.89498,0.0,0.0,0.0,-23.37668,19.88164,3.03668,12.2,-1.38,-0.12,2.0
1758077152.91843,1758077152.90498,0.0,0.0,0.0,-22.51724,27.44468,6.24524,12.2,-1.38,-0.12,2.0
1758077152.93348,1758077152.91498,0.0,0.0,0.0,-22.34536,34.66395,9.22462,11.7,-0.75,-0.34,2.0
1758077152.9344,1758077152.92498,0.0,0.0,0.0,-23.20479,40.04975,12.77696,11.7,-0.75,-0.34,2.0
1758077152.95148,1758077152.93498,0.0,0.0,0.0,-24.00693,44.17505,14.49583,10.96,-0.42,-0.21,2.0
1758077152.96748,1758077152.94498,0.0,0.0,0.0,-25.26744,45.43555,15.29797,10.96,-0.42,-0.21,2.0
1758077152.96845,1758077152.95498,0.0,0.0,0.0,-26.35606,44.9199,15.35527,10.31,-0.51,-0.05,2.0
1758077152.98355,1758077152.96498,0.0,0.0,0.0,-27.10091,43.88857,14.49583,10.31,-0.51,-0.05,2.0
1758077152.98448,1758077152.97498,0.0,0.0,0.0,-27.10091,41.42485,13.69369,9.64,-0.78,0.09,2.0
1758077153.00132,1758077152.98498,0.0,0.0,0.0,-27.33009,37.18496,12.2613,8.76,-1.0,0.15,2.0
1758077153.0178,1758077152.99498,0.0,0.0,0.0,-26.81443,33.05967,11.17268,8.76,-1.0,0.15,2.0
1758077153.01848,1758077153.00498,0.0,0.0,0.0,-25.55392,29.10626,9.74028,8.63,-1.15,0.18,2.0
1758077153.03431,1758077153.01498,0.0,0.0,0.0,-24.23611,26.41335,9.22462,8.63,-1.15,0.18,2.0
1758077153.03548,1758077153.02498,0.0,0.0,0.0,-22.68913,22.28806,8.99544,8.59,-1.11,0.12,2.0
1758077153.05053,1758077153.03498,0.0,0.0,0.0,-21.31403,17.99088,8.36518,8.59,-1.11,0.12,2.0
1758077153.06631,1758077153.04498,0.0,0.0,0.0,-19.42327,14.49583,7.04738,8.37,-1.04,0.0,2.0
1758077153.06996,1758077153.05498,0.0,0.0,0.0,-18.22006,12.204,5.55769,8.7,-0.97,-0.06,2.0
1758077153.08631,1758077153.06498,0.0,0.0,0.0,-16.21471,10.37054,4.92744,8.7,-0.97,-0.06,2.0
1758077153.08727,1758077153.07498,0.0,0.0,0.0,-13.69369,12.204,4.87014,9.33,-1.07,-0.19,2.0
1758077153.10253,1758077153.08498,0.0,0.0,0.0,-9.74028,22.40265,4.87014,9.33,-1.07,-0.19,2.0
1758077153.11831,1758077153.09498,0.0,0.0,0.0,-7.16197,28.59059,5.21392,10.31,-1.32,-0.4,2.0
1758077153.12198,1758077153.10498,0.0,0.0,0.0,-4.98473,30.02299,5.61499,10.31,-1.32,-0.4,2.0
1758077153.12763,1758077153.11498,0.0,0.0,0.0,-2.92208,30.13758,5.78687,9.8,-1.51,-0.4,2.0
1758077153.14462,1758077153.12498,0.0,0.0,0.0,0.0,30.30947,5.72958,9.5,-1.59,-0.61,2.0
1758077153.14555,1758077153.13498,0.0,0.0,0.0,1.94806,29.04896,5.32851,9.5,-1.59,-0.61,2.0
1758077153.1606,1758077153.14498,0.0,0.0,0.0,4.1253,26.75713,4.92744,8.96,-1.66,-0.47,2.0
1758077153.17661,1758077153.15498,0.0,0.0,0.0,7.50575,20.79837,4.58366,8.96,-1.66,-0.47,2.0
1758077153.18182,1758077153.16498,0.0,0.0,0.0,9.85487,10.65701,4.52637,8.35,-1.67,-0.3,2.0
1758077153.19663,1758077153.17498,0.0,0.0,0.0,11.34457,-7.44845,4.1253,8.35,-1.67,-0.3,2.0
1758077153.19996,1758077153.18498,0.0,0.0,0.0,11.91752,-27.44468,4.46907,6.77,-1.43,-0.42,2.0
1758077153.21664,1758077153.19498,0.0,0.0,0.0,12.2613,-30.93972,2.23454,6.77,-1.43,-0.64,2.0
1758077153.21761,1758077153.20498,0.0,0.0,0.0,12.43318,-4.87014,4.18259,8.34,-1.16,-0.64,2.0
1758077153.23263,1758077153.21498,0.0,0.0,0.0,10.54242,19.13679,4.23989,12.78,-0.93,0.93,2.0
1758077153.24945,1758077153.22498,0.0,0.0,0.0,9.28192,13.69369,1.20321,12.78,-0.93,0.93,2.0
1758077153.25116,1758077153.23498,0.0,0.0,0.0,5.95876,-43.02913,-5.32851,6.4,-0.81,0.28,2.0
1758077153.26664,1758077153.24498,0.0,0.0,0.0,2.46372,-64.62964,-4.46907,6.4,-0.81,0.28,2.0
1758077153.26839,1758077153.25498,0.0,0.0,0.0,-1.83346,-61.36378,-5.32851,6.74,0.45,-0.24,2.0
1758077153.28361,1758077153.26498,0.0,0.0,0.0,-1.60428,-57.52497,0.68755,6.74,0.45,-0.24,2.0
1758077153.28653,1758077153.27498,0.0,0.0,0.0,-0.57296,-44.17505,7.96411,10.65,-0.8,-1.63,2.0
1758077153.30236,1758077153.28498,0.0,0.0,0.0,-0.40107,-35.3515,9.91217,10.94,-1.97,-0.36,2.0
1758077153.31864,1758077153.29498,0.0,0.0,0.0,-0.85944,-31.16891,7.79223,10.94,-1.97,-0.36,2.0
1758077153.32071,1758077153.30498,0.0,0.0,0.0,-1.08862,-28.476,4.52637,9.59,-2.24,-1.29,2.0
1758077153.33565,1758077153.31498,0.0,0.0,0.0,-2.06265,-18.79302,-1.77617,9.59,-2.24,-1.29,2.0
1758077153.33686,1758077153.32498,0.0,0.0,0.0,-2.6929,-11.63104,-5.90147,10.31,-2.03,-1.02,2.0
1758077153.3514,1758077153.33498,0.0,0.0,0.0,-3.49504,-5.55769,-8.36518,10.31,-2.03,-1.02,2.0
1758077153.36766,1758077153.34498,0.0,0.0,0.0,-5.95876,-1.60428,-9.33921,11.6,-1.52,0.08,2.0
1758077153.36938,1758077153.35498,0.0,0.0,0.0,-9.68299,-1.77617,-9.39651,14.17,-0.66,1.89,2.0
1758077153.38442,1758077153.36498,0.0,0.0,0.0,-15.24068,-10.48513,-7.10468,14.17,-0.66,1.89,2.0
1758077153.38645,1758077153.37498,0.0,0.0,0.0,-20.74107,-20.34,-1.83346,15.58,0.1,2.7,2.0
1758077153.40165,1758077153.38498,0.0,0.0,0.0,-24.92367,-28.36141,7.67763,15.58,0.1,2.7,2.0
1758077153.41773,1758077153.39498,0.0,0.0,0.0,-24.86637,-28.476,13.12073,14.45,-0.65,1.13,2.0
1758077153.41863,1758077153.40498,0.0,0.0,0.0,-23.49127,-22.91831,17.47521,14.45,-0.65,1.13,2.0
1758077153.43369,1758077153.41498,0.0,0.0,0.0,-22.40265,-14.03747,18.10547,11.8,-2.45,-0.16,2.0
1758077153.43465,1758077153.42498,0.0,0.0,0.0,-20.45459,-3.72423,12.43318,9.71,-2.45,0.37,2.0
1758077153.45046,1758077153.43498,0.0,0.0,0.0,-17.93358,0.68755,6.70361,9.71,-2.67,0.37,2.0
1758077153.4667,1758077153.44498,0.0,0.0,0.0,-14.20935,3.09397,1.83346,9.05,-1.74,1.6,2.0
1758077153.46764,1758077153.45498,0.0,0.0,0.0,-9.33921,3.83882,-1.08862,9.05,-1.74,1.6,2.0
1758077153.4828,1758077153.46498,0.0,0.0,0.0,-1.14592,4.46907,-2.63561,9.41,-0.65,3.13,2.0
1758077153.48524,1758077153.47498,0.0,0.0,0.0,4.1253,6.47442,-2.63561,9.41,-0.65,3.13,2.0
1758077153.50176,1758077153.48498,0.0,0.0,0.0,8.36518,8.136,-1.66158,9.93,0.04,3.23,2.0
1758077153.51743,1758077153.49498,0.0,0.0,0.0,11.91752,7.79223,1.94806,9.93,0.04,3.23,2.0
1758077153.51866,1758077153.50498,0.0,0.0,0.0,13.46451,8.02141,4.58366,10.74,0.25,2.36,2.0
1758077153.53447,1758077153.51498,0.0,0.0,0.0,12.08941,9.85487,3.66693,11.28,0.16,1.55,2.0
1758077153.53625,1758077153.52498,0.0,0.0,0.0,8.88085,13.12073,0.97403,11.28,0.16,1.55,2.0
1758077153.55173,1758077153.53498,0.0,0.0,0.0,4.81285,17.36062,-5.50039,11.09,-0.05,0.76,2.0
1758077153.56746,1758077153.54498,0.0,0.0,0.0,-1.14592,22.97561,-9.96947,11.09,-0.05,0.76,2.0
1758077153.56869,1758077153.55498,0.0,0.0,0.0,-4.23989,25.49662,-14.03747,10.25,-0.06,0.47,2.0
1758077153.58386,1758077153.56498,0.0,0.0,0.0,-5.84417,27.10091,-16.67307,10.25,-0.06,0.47,2.0
1758077153.58506,1758077153.57498,0.0,0.0,0.0,-4.35448,30.82513,-17.24603,9.65,-0.12,0.33,2.0
1758077153.60145,1758077153.58498,0.0,0.0,0.0,-0.57296,34.09099,-15.29797,9.62,-0.67,0.67,2.0
1758077153.61744,1758077153.59498,0.0,0.0,0.0,3.66693,34.32018,-12.89155,9.62,-0.67,0.67,2.0
1758077153.61983,1758077153.60498,0.0,0.0,0.0,7.39116,31.97105,-11.28727,9.15,-0.99,0.43,2.0
1758077153.63473,1758077153.61498,0.0,0.0,0.0,9.96947,28.93437,-10.25595,9.15,-0.99,0.43,2.0
1758077153.63605,1758077153.62498,0.0,0.0,0.0,9.74028,26.87172,-10.48513,9.29,-0.21,0.31,2.0
1758077153.6505,1758077153.63498,0.0,0.0,0.0,7.96411,24.5226,-11.28727,9.29,-0.21,0.31,2.0
1758077153.6665,1758077153.64498,0.0,0.0,0.0,4.98473,21.88699,-12.60507,8.91,0.57,0.52,2.0
1758077153.66771,1758077153.65498,0.0,0.0,0.0,-0.17189,18.16276,-14.09476,8.56,0.9,0.48,2.0
1758077153.68273,1758077153.66498,0.0,0.0,0.0,-3.55234,16.38659,-14.32395,8.56,0.9,0.48,2.0
1758077153.69964,1758077153.67498,0.0,0.0,0.0,-6.35983,15.06879,-13.80828,8.65,0.64,0.42,2.0
1758077153.70047,1758077153.68498,0.0,0.0,0.0,-8.76626,13.98017,-12.43318,8.65,0.64,0.42,2.0
1758077153.7158,1758077153.69498,0.0,0.0,0.0,-11.80293,13.17803,-9.85487,9.02,0.13,0.21,2.0
1758077153.71666,1758077153.70498,0.0,0.0,0.0,-13.5218,13.69369,-8.136,9.02,0.13,0.21,2.0
1758077153.73177,1758077153.71498,0.0,0.0,0.0,-14.9542,17.53251,-6.8182,9.45,-0.16,0.12,2.0
1758077153.74778,1758077153.72498,0.0,0.0,0.0,-16.38659,23.60586,-5.55769,9.45,-0.16,0.12,2.0
1758077153.74873,1758077153.73498,0.0,0.0,0.0,-17.81899,32.14294,-3.95341,10.0,-0.15,0.18,2.0
1758077153.76354,1758077153.74498,0.0,0.0,0.0,-18.9649,35.75257,-3.72423,9.81,0.11,0.36,2.0
1758077153.76578,1758077153.75498,0.0,0.0,0.0,-20.68378,35.75257,-4.58366,9.81,0.11,0.36,2.0
1758077153.78175,1758077153.76498,0.0,0.0,0.0,-22.97561,31.62727,-6.18794,8.78,0.57,0.32,2.0
1758077153.79767,1758077153.77498,0.0,0.0,0.0,-24.57989,20.11082,-7.10468,8.78,0.57,0.32,2.0
1758077153.79874,1758077153.78498,0.0,0.0,0.0,-25.89769,5.27121,-7.33386,7.76,0.94,0.39,2.0
1758077153.8136,1758077153.79498,0.0,0.0,0.0,-26.98631,-15.58445,-6.18794,7.76,0.94,0.39,2.0
1758077153.81606,1758077153.80498,0.0,0.0,0.0,-26.12688,-43.88857,-3.72423,6.41,0.65,0.32,2.0
1758077153.83182,1758077153.81498,0.0,0.0,0.0,-25.21014,-46.35228,-3.95341,7.95,0.22,-0.06,2.0
1758077153.84782,1758077153.82498,0.0,0.0,0.0,-24.35071,-46.75336,-1.08862,7.95,0.22,-0.06,2.0
1758077153.84878,1758077153.83498,0.0,0.0,0.0,-26.81443,-50.53488,-0.22918,9.99,0.3,0.38,2.0
1758077153.86357,1758077153.84498,0.0,0.0,0.0,-33.74722,-43.54479,-5.61499,9.99,0.3,0.38,2.0
1758077153.86555,1758077153.85498,0.0,0.0,0.0,-39.4768,-35.63798,-9.33921,11.16,0.85,0.0,2.0
1758077153.88182,1758077153.86498,0.0,0.0,0.0,-44.8053,-33.80451,-13.00614,11.16,0.85,0.0,2.0
1758077153.89764,1758077153.87498,0.0,0.0,0.0,-48.70141,-27.38738,-14.78231,10.01,1.4,-0.13,2.0
1758077153.89877,1758077153.88498,0.0,0.0,0.0,-52.71212,-10.48513,-14.20935,10.41,1.45,-0.54,2.0
1758077153.9136,1758077153.89498,0.0,0.0,0.0,-54.60288,-2.11994,-12.89155,10.41,1.45,-0.54,2.0
1758077153.91479,1758077153.90498,0.0,0.0,0.0,-54.88936,1.08862,-11.00079,9.66,1.1,0.42,2.0
1758077153.9319,1758077153.91498,0.0,0.0,0.0,-53.80074,0.85944,-7.84952,9.66,1.1,0.42,2.0
1758077153.94784,1758077153.92498,0.0,0.0,0.0,-49.33167,-5.72958,-5.72958,10.74,0.25,2.59,2.0
1758077153.94876,1758077153.93498,0.0,0.0,0.0,-46.1231,-18.44924,-6.47442,10.74,0.25,2.59,2.0
1758077153.96366,1758077153.94498,0.0,0.0,0.0,-44.17505,-28.30412,-8.70896,12.84,-1.19,3.43,2.0
1758077153.96559,1758077153.95498,0.0,0.0,0.0,-42.74266,-27.10091,-11.34457,12.84,-1.19,3.43,2.0
1758077153.98181,1758077153.96498,0.0,0.0,0.0,-39.87786,-11.34457,-10.94349,15.16,-2.55,1.62,2.0
1758077153.99761,1758077153.97498,0.0,0.0,0.0,-37.98711,-4.98473,-8.30789,13.28,-1.8,0.99,2.0
1758077153.99962,1758077153.98498,0.0,0.0,0.0,-37.18496,-4.52637,-4.81285,13.28,-1.8,0.99,2.0
1758077154.01564,1758077153.99498,0.0,0.0,0.0,-39.07573,-5.32851,0.68755,9.8,0.1,1.26,2.0
1758077154.01688,1758077154.00498,0.0,0.0,0.0,-42.85724,-5.72958,3.38045,9.8,0.1,1.26,2.0
1758077154.03149,1758077154.01498,0.0,0.0,0.0,-48.07116,-5.72958,5.15662,9.66,1.07,1.74,2.0
1758077154.04781,1758077154.02498,0.0,0.0,0.0,-53.91533,-4.87014,5.4431,9.66,1.07,1.74,2.0
1758077154.04878,1758077154.03498,0.0,0.0,0.0,-62.5097,-2.6929,4.1253,9.96,1.02,2.01,2.0
1758077154.06385,1758077154.04498,0.0,0.0,0.0,-67.32255,-0.80214,1.77617,9.72,0.08,1.5,2.0
1758077154.06481,1758077154.05498,0.0,0.0,0.0,-70.58841,1.48969,-0.85944,9.72,0.08,1.5,2.0
1758077154.08089,1758077154.06498,0.0,0.0,0.0,-72.53646,3.03668,-3.72423,9.82,-1.13,1.07,2.0
1758077154.0969,1758077154.07498,0.0,0.0,0.0,-72.65105,6.7609,-6.7609,9.82,-1.13,1.07,2.0
1758077154.0978,1758077154.08498,0.0,0.0,0.0,-70.87489,10.08406,-7.50575,10.61,-1.96,0.64,2.0
1758077154.11365,1758077154.09498,0.0,0.0,0.0,-68.01009,14.20935,-6.58902,10.61,-1.96,0.64,2.0
1758077154.11462,1758077154.10498,0.0,0.0,0.0,-64.85883,18.73572,-4.52637,11.42,-2.33,0.59,2.0
1758077154.13118,1758077154.11498,0.0,0.0,0.0,-59.87409,22.74642,-0.17189,10.8,-2.16,0.61,2.0
1758077154.14689,1758077154.12498,0.0,0.0,0.0,-56.952,22.91831,3.55234,10.8,-2.16,0.61,2.0
1758077154.14777,1758077154.13498,0.0,0.0,0.0,-54.3737,22.28806,7.16197,9.57,-1.56,0.53,2.0
1758077154.16425,1758077154.14498,0.0,0.0,0.0,-52.36834,21.08485,10.48513,9.57,-1.56,0.53,2.0
1758077154.16629,1758077154.15498,0.0,0.0,0.0,-50.1911,18.16276,13.86558,8.9,-1.16,0.3,2.0
1758077154.18163,1758077154.16498,0.0,0.0,0.0,-49.21708,16.38659,14.78231,8.9,-1.16,0.3,2.0
1758077154.18605,1758077154.17498,0.0,0.0,0.0,-48.58683,15.0115,14.38124,8.76,-1.12,0.19,2.0
1758077154.20189,1758077154.18498,0.0,0.0,0.0,-48.07116,13.00614,11.91752,8.76,-1.12,0.19,2.0
1758077154.21966,1758077154.19498,0.0,0.0,0.0,-47.67009,11.86023,9.4538,8.88,-1.22,0.14,2.0
1758077154.22065,1758077154.20498,0.0,0.0,0.0,-46.46688,10.65701,7.50575,8.85,-1.38,0.18,2.0
1758077154.23596,1758077154.21498,0.0,0.0,0.0,-44.86259,8.99544,6.13065,8.85,-1.38,0.18,2.0
1758077154.23691,1758077154.22498,0.0,0.0,0.0,-41.99781,5.55769,4.81285,8.47,-1.55,0.13,2.0
1758077154.25164,1758077154.23498,0.0,0.0,0.0,-39.82057,4.23989,4.52637,8.47,-1.55,0.13,2.0
1758077154.26792,1758077154.24498,0.0,0.0,0.0,-37.87251,3.20856,4.46907,8.38,-1.66,0.12,2.0
1758077154.27127,1758077154.25498,0.0,0.0,0.0,-35.75257,2.92208,4.52637,8.38,-1.66,0.12,2.0
1758077154.28697,1758077154.26498,0.0,0.0,0.0,-33.51803,3.09397,3.72423,8.56,-1.63,0.11,2.0
1758077154.28816,1758077154.27498,0.0,0.0,0.0,-32.54401,2.97938,3.20856,8.83,-1.47,0.14,2.0
1758077154.30377,1758077154.28498,0.0,0.0,0.0,-32.08564,4.69825,2.29183,8.83,-1.47,0.14,2.0
1758077154.30498,1758077154.29498,0.0,0.0,0.0,-31.45539,8.70896,1.08862,9.42,-1.3,0.02,2.0
1758077154.32173,1758077154.30498,0.0,0.0,0.0,-31.2262,16.3293,-1.14592,9.42,-1.3,0.02,2.0
1758077154.33957,1758077154.31498,0.0,0.0,0.0,-30.88243,21.94428,-2.97938,9.82,-1.2,-0.02,2.0
1758077154.3407,1758077154.32498,0.0,0.0,0.0,-30.25217,28.24682,-4.92744,9.82,-1.2,-0.02,2.0
1758077154.35602,1758077154.33498,0.0,0.0,0.0,-29.22085,34.43476,-6.99009,10.0,-1.29,0.0,2.0
1758077154.35699,1758077154.34498,0.0,0.0,0.0,-26.64254,42.91454,-9.33921,9.98,-1.58,0.13,2.0
1758077154.37175,1758077154.35498,0.0,0.0,0.0,-23.72045,42.74266,-9.39651,9.98,-1.58,0.13,2.0
1758077154.38791,1758077154.36498,0.0,0.0,0.0,-20.62648,35.92446,-8.93814,8.99,-2.08,0.33,2.0
1758077154.38982,1758077154.37498,0.0,0.0,0.0,-16.90226,26.01229,-6.41713,8.99,-2.08,0.33,2.0
1758077154.40503,1758077154.38498,0.0,0.0,0.0,-8.99544,8.36518,-3.89611,8.35,-2.6,0.05,2.0
1758077154.40637,1758077154.39498,0.0,0.0,0.0,-2.92208,-3.72423,-1.43239,8.35,-2.6,0.05,2.0
1758077154.42105,1758077154.40498,0.0,0.0,0.0,4.0107,-14.72501,1.03132,8.22,-2.94,0.24,2.0
1758077154.43702,1758077154.41498,0.0,0.0,0.0,14.38124,-32.14294,3.95341,8.22,-2.94,0.24,2.0
1758077154.43908,1758077154.42498,0.0,0.0,0.0,19.99623,-46.2377,5.15662,8.19,-3.1,0.01,2.0
1758077154.45375,1758077154.43498,0.0,0.0,0.0,24.4653,-54.94666,5.84417,8.38,-3.03,-0.08,2.0
1758077154.45725,1758077154.44498,0.0,0.0,0.0,28.36141,-54.3737,5.84417,8.38,-3.03,-0.08,2.0
1758077154.47362,1758077154.45498,0.0,0.0,0.0,33.05967,-31.2262,4.87014,11.5,-2.73,-0.52,2.0
1758077154.47562,1758077154.46498,0.0,0.0,0.0,34.49206,-11.97482,2.06265,11.5,-2.73,-0.52,2.0
1758077154.49186,1758077154.47498,0.0,0.0,0.0,34.60666,-0.97403,-1.94806,13.24,-2.04,-0.92,2.0
1758077154.51123,1758077154.48498,0.0,0.0,0.0,35.58068,-6.53172,-7.10468,13.24,-2.04,-0.92,2.0
1758077154.5124,1758077154.49498,0.0,0.0,0.0,37.24226,-34.66395,-15.35527,9.98,-1.39,-1.77,2.0
1758077154.53013,1758077154.50498,0.0,0.0,0.0,39.07573,-51.73809,-17.81899,7.9,-1.1,-2.17,2.0
1758077154.53215,1758077154.51498,0.0,0.0,0.0,41.71133,-54.48829,-16.38659,7.9,-1.1,-2.17,2.0
1758077154.54967,1758077154.52498,0.0,0.0,0.0,41.88322,-47.78468,-15.98552,11.1,-1.17,-0.46,2.0
1758077154.55057,1758077154.53498,0.0,0.0,0.0,39.4195,-37.64333,-14.09476,11.1,-1.17,-0.46,2.0
1758077154.56592,1758077154.54498,0.0,0.0,0.0,33.23156,-39.87786,-11.00079,14.22,-0.57,2.74,2.0
1758077154.56702,1758077154.55498,0.0,0.0,0.0,24.23611,-49.90463,-5.32851,14.22,-0.57,2.74,2.0
1758077154.582,1758077154.56498,0.0,0.0,0.0,15.0115,-59.01466,4.1253,15.92,0.68,2.93,2.0
1758077154.58699,1758077154.57498,0.0,0.0,0.0,2.06265,-52.54023,18.27736,16.08,0.89,0.84,2.0
1758077154.60659,1758077154.58498,0.0,0.0,0.0,-5.4431,-37.98711,24.4653,16.08,0.89,0.84,2.0
1758077154.61047,1758077154.59498,0.0,0.0,0.0,-11.57375,-24.12152,26.64254,11.79,-0.46,0.12,2.0
1758077154.62604,1758077154.60498,0.0,0.0,0.0,-17.87628,-9.62569,21.37133,11.79,-0.46,0.12,2.0
1758077154.62701,1758077154.61498,0.0,0.0,0.0,-18.62113,-3.49504,14.38124,7.39,-1.27,1.66,2.0
1758077154.64195,1758077154.62498,0.0,0.0,0.0,-16.3293,2.63561,7.10468,7.39,-1.27,1.66,2.0
1758077154.65967,1758077154.63498,0.0,0.0,0.0,-11.17268,8.76626,-0.22918,6.89,-1.28,2.64,2.0
1758077154.66159,1758077154.64498,0.0,0.0,0.0,-0.57296,17.47521,-8.70896,6.89,-1.28,3.01,2.0
1758077154.67715,1758077154.65498,0.0,0.0,0.0,7.21927,22.91831,-11.22997,9.3,-1.19,3.01,2.0
1758077154.67802,1758077154.66498,0.0,0.0,0.0,13.98017,27.04361,-11.86023,11.95,-0.94,1.95,2.0
1758077154.69388,1758077154.67498,0.0,0.0,0.0,18.90761,31.51268,-11.11538,11.95,-0.94,1.95,2.0
1758077154.69638,1758077154.68498,0.0,0.0,0.0,22.51724,38.73195,-8.02141,12.3,-0.54,1.4,2.0
1758077154.71209,1758077154.69498,0.0,0.0,0.0,22.28806,43.54479,-6.07335,12.3,-0.54,1.4,2.0
1758077154.72983,1758077154.70498,0.0,0.0,0.0,20.05352,47.03984,-5.09932,11.2,-0.41,1.22,2.0
1758077154.73106,1758077154.71498,0.0,0.0,0.0,16.272,47.72739,-4.98473,11.2,-0.41,1.22,2.0
1758077154.74689,1758077154.72498,0.0,0.0,0.0,9.05273,46.2377,-5.78687,9.55,-0.21,1.19,2.0
1758077154.75027,1758077154.73498,0.0,0.0,0.0,4.29718,44.46153,-6.70361,8.82,0.35,1.3,2.0
1758077154.76584,1758077154.74498,0.0,0.0,0.0,-0.34377,40.16434,-7.50575,8.82,0.35,1.3,2.0
1758077154.76706,1758077154.75498,0.0,0.0,0.0,-4.64096,35.40879,-8.47978,8.41,1.03,1.3,2.0
1758077154.78182,1758077154.76498,0.0,0.0,0.0,-10.02676,29.67921,-10.08406,8.41,1.03,1.3,2.0
1758077154.78729,1758077154.77498,0.0,0.0,0.0,-12.71966,24.80907,-10.94349,8.45,1.28,1.21,2.0
1758077154.80509,1758077154.78498,0.0,0.0,0.0,-14.61043,19.19409,-11.51645,8.45,1.28,1.21,2.0
1758077154.80606,1758077154.79498,0.0,0.0,0.0,-17.36062,13.06344,-12.204,8.18,1.01,1.23,2.0
1758077154.82096,1758077154.80498,0.0,0.0,0.0,-19.76705,3.66693,-13.40721,8.1,0.65,1.28,2.0
1758077154.82716,1758077154.81498,0.0,0.0,0.0,-22.68913,-2.46372,-15.06879,8.1,0.65,1.28,2.0
1758077154.84513,1758077154.82498,0.0,0.0,0.0,-26.06958,-7.96411,-17.76169,8.09,0.52,1.28,2.0
1758077154.84606,1758077154.83498,0.0,0.0,0.0,-31.91375,-12.54778,-21.60051,8.09,0.52,1.28,2.0
1758077154.86115,1758077154.84498,0.0,0.0,0.0,-35.75257,-14.09476,-23.20479,8.66,0.69,1.33,2.0
1758077154.8779,1758077154.85498,0.0,0.0,0.0,-39.4768,-14.32395,-23.37668,8.66,0.69,1.33,2.0
1758077154.87906,1758077154.86498,0.0,0.0,0.0,-42.34158,-13.17803,-21.6578,9.59,0.87,1.02,2.0
1758077154.89576,1758077154.87498,0.0,0.0,0.0,-44.63341,-9.62569,-15.92823,10.05,0.87,0.65,2.0
1758077154.89741,1758077154.88498,0.0,0.0,0.0,-44.51882,-5.21392,-10.37054,10.05,0.31,0.65,2.0
1758077154.91316,1758077154.89498,0.0,0.0,0.0,-43.83128,1.3751,-4.58366,10.39,-0.56,0.16,2.0
1758077154.92995,1758077154.90498,0.0,0.0,0.0,-42.62806,12.60507,-0.22918,10.39,-0.56,0.16,2.0
1758077154.93082,1758077154.91498,0.0,0.0,0.0,-41.48215,30.93972,0.97403,11.06,-0.72,-0.2,2.0
1758077154.94667,1758077154.92498,0.0,0.0,0.0,-40.7946,39.01843,-0.0573,11.06,-0.72,-0.2,2.0
1758077154.95183,1758077154.93498,0.0,0.0,0.0,-40.62271,44.9199,-1.94806,10.54,-0.29,-0.05,2.0
1758077154.96694,1758077154.94498,0.0,0.0,0.0,-41.13837,50.13381,-4.46907,10.54,-0.29,-0.05,2.0
1758077154.96918,1758077154.95498,0.0,0.0,0.0,-43.14373,53.05589,-8.59437,10.04,0.02,-0.18,2.0
1758077154.98494,1758077154.96498,0.0,0.0,0.0,-44.86259,51.27972,-11.74564,9.2,0.41,-0.18,2.0
1758077154.98589,1758077154.97498,0.0,0.0,0.0,-47.15443,45.43555,-14.83961,9.2,0.41,-0.18,2.0
1758077155.0019,1758077154.98498,0.0,0.0,0.0,-49.27437,32.08564,-17.13144,7.89,0.9,0.09,2.0
1758077155.00728,1758077154.99498,0.0,0.0,0.0,-50.99325,-1.71887,-16.272,7.89,0.9,0.09,2.0
1758077155.02723,1758077155.00498,0.0,0.0,0.0,-50.64947,-24.23611,-15.98552,6.22,0.89,0.19,2.0
1758077155.03087,1758077155.01498,0.0,0.0,0.0,-48.75871,-41.42485,-13.75099,6.22,0.89,0.19,2.0
1758077155.04673,1758077155.02498,0.0,0.0,0.0,-45.55015,-28.87707,-7.16197,7.27,0.24,-0.37,2.0
1758077155.05033,1758077155.03498,0.0,0.0,0.0,-44.9199,9.85487,-2.63561,13.56,-0.2,0.03,2.0
1758077155.06678,1758077155.04498,0.0,0.0,0.0,-47.32632,-0.51566,-1.83346,13.56,-0.2,0.03,2.0
1758077155.07034,1758077155.05498,0.0,0.0,0.0,-50.99325,-31.79916,-3.83882,7.44,-0.44,0.36,2.0
1758077155.08666,1758077155.06498,0.0,0.0,0.0,-51.6235,-41.31026,-5.55769,7.44,-0.44,0.36,2.0
1758077155.09061,1758077155.07498,0.0,0.0,0.0,-51.22243,-29.33544,-3.32316,9.68,-0.36,-2.02,2.0
1758077155.10595,1758077155.08498,0.0,0.0,0.0,-50.3057,-16.04282,-0.40107,9.68,-0.36,-2.02,2.0
1758077155.10743,1758077155.09498,0.0,0.0,0.0,-48.52953,-8.88085,3.66693,11.8,-0.46,-0.88,2.0
1758077155.12194,1758077155.10498,0.0,0.0,0.0,-44.28964,-3.89611,10.54242,11.1,-0.53,-0.54,2.0
1758077155.13796,1758077155.11498,0.0,0.0,0.0,-40.96649,-0.40107,14.78231,11.1,-0.53,-0.54,2.0
1758077155.14102,1758077155.12498,0.0,0.0,0.0,-36.26823,1.43239,17.58981,12.58,-0.98,1.28,2.0
1758077155.1562,1758077155.13498,0.0,0.0,0.0,-30.25217,-7.16197,17.18874,12.58,-0.98,1.28,2.0
1758077155.1574,1758077155.14498,0.0,0.0,0.0,-20.51189,-40.33623,9.4538,12.69,-1.99,3.49,2.0
1758077155.17216,1758077155.15498,0.0,0.0,0.0,-15.64175,-59.47303,1.77617,12.69,-1.99,3.49,2.0
1758077155.17641,1758077155.16498,0.0,0.0,0.0,-12.204,-65.03072,-5.32851,12.33,-2.6,2.54,2.0
1758077155.192,1758077155.17498,0.0,0.0,0.0,-9.22462,-59.07195,-10.08406,12.33,-2.6,2.54,2.0
1758077155.20924,1758077155.18498,0.0,0.0,0.0,-6.07335,-50.76406,-10.71431,12.75,-2.29,1.44,2.0
1758077155.21061,1758077155.19498,0.0,0.0,0.0,-5.32851,-49.90463,-8.136,9.74,-0.65,1.49,2.0
1758077155.22528,1758077155.20498,0.0,0.0,0.0,-6.58902,-47.72739,-4.58366,9.74,-0.65,1.49,2.0
1758077155.22613,1758077155.21498,0.0,0.0,0.0,-12.83425,-44.00316,0.11459,9.28,1.07,1.65,2.0
1758077155.24119,1758077155.22498,0.0,0.0,0.0,-19.76705,-37.75792,1.94806,9.28,1.07,1.65,2.0
1758077155.25726,1758077155.23498,0.0,0.0,0.0,-27.78845,-33.40344,2.00535,9.69,2.03,2.63,2.0
1758077155.26052,1758077155.24498,0.0,0.0,0.0,-35.12231,-28.24682,0.51566,9.69,2.03,2.63,2.0
1758077155.27607,1758077155.25498,0.0,0.0,0.0,-44.46153,-20.05352,-3.66693,9.81,1.77,2.77,2.0
1758077155.27745,1758077155.26498,0.0,0.0,0.0,-48.58683,-14.9542,-6.8182,10.3,0.56,2.3,2.0
1758077155.29203,1758077155.27498,0.0,0.0,0.0,-50.53488,-10.08406,-9.11003,10.3,0.56,2.3,2.0
1758077155.29637,1758077155.28498,0.0,0.0,0.0,-49.90463,-4.23989,-9.28192,11.25,-1.14,1.63,2.0
1758077155.31202,1758077155.29498,0.0,0.0,0.0,-45.77933,6.8182,-6.13065,11.25,-1.14,1.63,2.0
1758077155.31551,1758077155.30498,0.0,0.0,0.0,-41.59674,14.43854,-2.6929,12.03,-2.5,1.09,2.0
1758077155.3311,1758077155.31498,0.0,0.0,0.0,-37.52874,20.68378,0.97403,12.03,-2.5,1.09,2.0
1758077155.34706,1758077155.32498,0.0,0.0,0.0,-34.09099,25.38203,4.52637,11.29,-2.72,0.72,2.0
1758077155.3482,1758077155.33498,0.0,0.0,0.0,-30.13758,30.30947,9.4538,10.39,-1.89,0.66,2.0
1758077155.36717,1758077155.34498,0.0,0.0,0.0,-28.41871,33.34615,12.14671,10.39,-1.89,0.66,2.0
1758077155.36979,1758077155.35498,0.0,0.0,0.0,-27.33009,35.12231,14.03747,10.03,-1.11,0.52,2.0
1758077155.38522,1758077155.36498,0.0,0.0,0.0,-26.64254,36.49741,15.06879,10.03,-1.11,0.52,2.0
1758077155.38781,1758077155.37498,0.0,0.0,0.0,-25.55392,36.03905,15.24068,9.65,-0.84,0.26,2.0
1758077155.40592,1758077155.38498,0.0,0.0,0.0,-24.86637,33.80451,14.72501,9.65,-0.84,0.26,2.0
1758077155.40729,1758077155.39498,0.0,0.0,0.0,-24.12152,30.93972,13.75099,8.95,-0.93,0.11,2.0
1758077155.42528,1758077155.40498,0.0,0.0,0.0,-23.60586,27.50197,11.74564,8.95,-0.93,0.11,2.0
1758077155.42646,1758077155.41498,0.0,0.0,0.0,-22.74642,22.40265,9.74028,8.37,-1.16,0.17,2.0
1758077155.4413,1758077155.42498,0.0,0.0,0.0,-22.23076,18.85031,8.02141,7.95,-1.37,0.33,2.0
1758077155.45728,1758077155.43498,0.0,0.0,0.0,-21.14215,15.35527,6.41713,7.95,-1.37,0.33,2.0
1758077155.45852,1758077155.44498,0.0,0.0,0.0,-18.85031,10.19865,4.87014,7.68,-1.48,0.35,2.0
1758077155.47308,1758077155.45498,0.0,0.0,0.0,-17.18874,7.21927,4.35448,7.68,-1.48,0.35,2.0
1758077155.47627,1758077155.46498,0.0,0.0,0.0,-15.35527,4.58366,4.23989,7.65,-1.43,0.21,2.0
1758077155.49154,1758077155.47498,0.0,0.0,0.0,-13.86558,2.23454,4.29718,7.65,-1.43,0.21,2.0
1758077155.50726,1758077155.48498,0.0,0.0,0.0,-12.2613,-1.03132,3.89611,7.93,-1.23,0.12,2.0
1758077155.50986,1758077155.49498,0.0,0.0,0.0,-11.28727,-2.6929,3.32316,8.43,-1.02,-0.09,2.0
1758077155.52534,1758077155.50498,0.0,0.0,0.0,-10.02676,-0.51566,2.7502,8.43,-1.02,-0.09,2.0
1758077155.52705,1758077155.51498,0.0,0.0,0.0,-8.88085,5.61499,2.11994,9.66,-0.99,-0.25,2.0
1758077155.54533,1758077155.52498,0.0,0.0,0.0,-7.10468,18.33465,0.34377,9.66,-0.99,-0.25,2.0
1758077155.54975,1758077155.53498,0.0,0.0,0.0,-5.55769,24.98096,-0.85944,10.43,-1.2,-0.16,2.0
1758077155.56533,1758077155.54498,0.0,0.0,0.0,-3.66693,29.04896,-2.29183,10.43,-1.2,-0.16,2.0
1758077155.56787,1758077155.55498,0.0,0.0,0.0,-1.43239,28.476,-3.49504,9.98,-1.54,-0.16,2.0
1758077155.58335,1758077155.56498,0.0,0.0,0.0,2.11994,21.42862,-5.32851,9.01,-1.79,-0.49,2.0
1758077155.58744,1758077155.57498,0.0,0.0,0.0,4.69825,15.58445,-6.24524,9.01,-1.79,-0.49,2.0
1758077155.60332,1758077155.58498,0.0,0.0,0.0,7.44845,8.47978,-6.87549,8.46,-1.91,-0.62,2.0
1758077155.60745,1758077155.59498,0.0,0.0,0.0,10.25595,-1.3751,-7.16197,8.46,-1.91,-0.62,2.0
1758077155.6232,1758077155.60498,0.0,0.0,0.0,14.43854,-25.43933,-5.61499,7.46,-1.91,-0.78,2.0
1758077155.62587,1758077155.61498,0.0,0.0,0.0,15.87093,-44.8053,-3.49504,7.46,-1.91,-0.78,2.0
1758077155.64131,1758077155.62498,0.0,0.0,0.0,17.76169,-49.15978,-1.71887,6.84,-1.69,-0.92,2.0
1758077155.65708,1758077155.63498,0.0,0.0,0.0,20.62648,-28.41871,1.66158,6.84,-1.69,-0.92,2.0
1758077155.66144,1758077155.64498,0.0,0.0,0.0,21.94428,6.41713,1.43239,11.95,-1.78,-0.2,2.0
1758077155.67704,1758077155.65498,0.0,0.0,0.0,25.26744,-1.43239,0.0573,10.78,-1.97,-0.01,2.0
1758077155.68227,1758077155.66498,0.0,0.0,0.0,26.98631,-33.05967,-2.23454,10.78,-1.97,-0.01,2.0
1758077155.69727,1758077155.67498,0.0,0.0,0.0,32.42941,-62.16592,1.71887,7.36,-2.05,-1.37,2.0
1758077155.70105,1758077155.68498,0.0,0.0,0.0,35.00772,-56.952,4.18259,7.36,-2.05,-1.37,2.0
1758077155.71642,1758077155.69498,0.0,0.0,0.0,36.95578,-49.04519,4.52637,11.46,-2.23,-1.84,2.0
1758077155.71735,1758077155.70498,0.0,0.0,0.0,38.38818,-44.46153,3.09397,11.46,-2.23,-1.84,2.0
1758077155.7324,1758077155.71498,0.0,0.0,0.0,36.61201,-35.2369,-1.48969,11.48,-2.1,-1.22,2.0
1758077155.73685,1758077155.72498,0.0,0.0,0.0,32.48671,-26.06958,-4.92744,14.1,-1.33,1.1,2.0
1758077155.7524,1758077155.73498,0.0,0.0,0.0,25.09555,-21.37133,-8.36518,14.1,-1.33,1.1,2.0
1758077155.75416,1758077155.74498,0.0,0.0,0.0,15.64175,-26.98631,-5.15662,17.07,0.52,2.79,2.0
1758077155.76975,1758077155.75498,0.0,0.0,0.0,1.83346,-36.15364,4.23989,17.07,0.52,2.79,2.0
1758077155.78543,1758077155.76498,0.0,0.0,0.0,-4.87014,-38.56006,11.63104,16.68,1.81,2.14,2.0
1758077155.78633,1758077155.77498,0.0,0.0,0.0,-9.4538,-30.65324,16.73037,16.68,1.81,2.14,2.0
1758077155.8014,1758077155.78498,0.0,0.0,0.0,-13.34992,-15.75634,18.56383,13.21,0.72,-0.46,2.0
1758077155.81741,1758077155.79498,0.0,0.0,0.0,-16.50119,2.23454,15.92823,9.64,-1.0,0.13,2.0
1758077155.81861,1758077155.80498,0.0,0.0,0.0,-15.64175,7.04738,11.57375,9.64,-1.0,0.13,2.0
1758077155.83317,1758077155.81498,0.0,0.0,0.0,-11.91752,11.11538,6.47442,8.4,-1.77,1.09,2.0
1758077155.83432,1758077155.82498,0.0,0.0,0.0,-5.61499,14.83961,0.51566,8.4,-1.77,1.09,2.0
1758077155.84967,1758077155.83498,0.0,0.0,0.0,7.67763,17.99088,-1.20321,9.86,-1.99,2.33,2.0
1758077155.86519,1758077155.84498,0.0,0.0,0.0,17.76169,18.56383,-2.00535,9.86,-1.99,2.33,2.0
1758077155.86666,1758077155.85498,0.0,0.0,0.0,27.33009,19.07949,-1.3751,10.58,-1.75,3.09,2.0
1758077155.88123,1758077155.86498,0.0,0.0,0.0,39.19032,19.99623,2.7502,10.58,-1.75,3.09,2.0
1758077155.89746,1758077155.87498,0.0,0.0,0.0,44.8053,21.48592,6.41713,10.45,-1.24,2.37,2.0
1758077155.90109,1758077155.88498,0.0,0.0,0.0,48.07116,25.26744,9.5684,10.36,-0.68,1.66,2.0
1758077155.91647,1758077155.89498,0.0,0.0,0.0,49.27437,29.39274,11.11538,10.36,-0.68,1.66,2.0
1758077155.91739,1758077155.90498,0.0,0.0,0.0,46.1231,32.88778,9.62569,9.99,-0.13,1.33,2.0
1758077155.93579,1758077155.91498,0.0,0.0,0.0,41.71133,33.40344,6.47442,9.99,-0.13,1.33,2.0
1758077155.93698,1758077155.92498,0.0,0.0,0.0,36.03905,33.46074,2.00535,9.24,0.3,0.99,2.0
1758077155.95249,1758077155.93498,0.0,0.0,0.0,30.25217,33.80451,-2.29183,9.24,0.3,0.99,2.0
1758077155.95342,1758077155.94498,0.0,0.0,0.0,22.23076,33.23156,-8.42248,8.94,0.67,0.78,2.0
1758077155.97223,1758077155.95498,0.0,0.0,0.0,17.93358,31.97105,-11.74564,8.56,0.95,0.75,2.0
1758077155.97397,1758077155.96498,0.0,0.0,0.0,14.38124,31.28349,-14.43854,8.56,0.95,0.75,2.0
1758077155.99154,1758077155.97498,0.0,0.0,0.0,11.91752,30.36677,-16.10011,8.4,1.04,0.72,2.0
1758077156.0074,1758077155.98498,0.0,0.0,0.0,9.62569,28.70519,-18.22006,8.4,1.04,0.72,2.0
1758077156.01141,1758077155.99498,0.0,0.0,0.0,8.93814,26.64254,-18.62113,8.38,0.9,0.75,2.0
1758077156.0262,1758077156.00498,0.0,0.0,0.0,8.42248,23.49127,-18.56383,8.38,0.9,0.75,2.0
1758077156.02981,1758077156.01498,0.0,0.0,0.0,8.30789,19.36597,-17.76169,8.34,0.62,0.82,2.0
1758077156.04557,1758077156.02498,0.0,0.0,0.0,7.33386,13.12073,-15.35527,8.7,0.39,0.95,2.0
1758077156.04646,1758077156.03498,0.0,0.0,0.0,6.18794,10.54242,-13.80828,8.7,0.39,0.95,2.0
1758077156.0613,1758077156.04498,0.0,0.0,0.0,4.0107,8.47978,-12.83425,9.25,0.29,0.99,2.0
1758077156.07748,1758077156.05498,0.0,0.0,0.0,0.68755,6.8182,-11.74564,9.25,0.29,0.99,2.0
1758077156.08112,1758077156.06498,0.0,0.0,0.0,-1.60428,6.58902,-10.8289,9.48,0.33,1.11,2.0
1758077156.09653,1758077156.07498,0.0,0.0,0.0,-3.49504,6.70361,-9.33921,9.48,0.33,1.11,2.0
1758077156.09742,1758077156.08498,0.0,0.0,0.0,-5.21392,7.10468,-7.84952,9.61,0.36,0.98,2.0
1758077156.1125,1758077156.09498,0.0,0.0,0.0,-6.53172,8.99544,-4.98473,9.61,0.36,0.98,2.0
1758077156.11347,1758077156.10498,0.0,0.0,0.0,-6.7609,11.11538,-3.55234,9.69,0.29,0.69,2.0
1758077156.13148,1758077156.11498,0.0,0.0,0.0,-6.87549,17.53251,-2.7502,9.99,0.06,0.43,2.0
1758077156.14725,1758077156.12498,0.0,0.0,0.0,-6.70361,27.96034,-1.94806,9.99,0.06,0.43,2.0
1758077156.1496,1758077156.13498,0.0,0.0,0.0,-5.27121,40.96649,0.22918,10.14,-0.28,0.12,2.0
1758077156.16531,1758077156.14498,0.0,0.0,0.0,-4.1253,43.54479,2.63561,10.14,-0.28,0.12,2.0
1758077156.17099,1758077156.15498,0.0,0.0,0.0,-3.26586,44.9199,4.52637,9.07,-0.65,0.07,2.0
1758077156.18625,1758077156.16498,0.0,0.0,0.0,-3.38045,45.26366,5.72958,9.07,-0.65,0.07,2.0
1758077156.18745,1758077156.17498,0.0,0.0,0.0,-6.47442,34.95043,6.7609,8.83,-0.5,0.0,2.0
1758077156.20226,1758077156.18498,0.0,0.0,0.0,-11.11538,26.01229,4.46907,8.21,0.45,-0.07,2.0
1758077156.20346,1758077156.19498,0.0,0.0,0.0,-16.04282,19.42327,0.97403,8.21,0.45,-0.07,2.0
1758077156.21958,1758077156.20498,0.0,0.0,0.0,-21.94428,8.93814,-2.63561,7.78,1.83,-0.01,2.0
1758077156.23653,1758077156.21498,0.0,0.0,0.0,-28.59059,-21.42862,-5.55769,7.78,1.83,-0.01,2.0
1758077156.23748,1758077156.22498,0.0,0.0,0.0,-29.8511,-37.81522,-7.21927,6.68,2.01,0.51,2.0
1758077156.2525,1758077156.23498,0.0,0.0,0.0,-30.02299,-49.38896,-6.70361,6.68,2.01,0.51,2.0
1758077156.25585,1758077156.24498,0.0,0.0,0.0,-30.13758,-55.51962,-4.0107,8.36,1.15,-0.01,2.0
1758077156.27133,1758077156.25498,0.0,0.0,0.0,-29.67921,-49.61814,-2.46372,10.99,-0.18,0.35,2.0
1758077156.28734,1758077156.26498,0.0,0.0,0.0,-28.41871,-34.0337,1.48969,10.99,-0.18,0.35,2.0
1758077156.29008,1758077156.27498,0.0,0.0,0.0,-27.73116,-8.136,3.38045,13.88,-0.93,-0.41,2.0
1758077156.30534,1758077156.28498,0.0,0.0,0.0,-26.87172,-7.33386,5.72958,13.88,-0.93,-0.41,2.0
1758077156.30673,1758077156.29498,0.0,0.0,0.0,-28.59059,-24.12152,4.0107,10.59,-1.07,-0.15,2.0
1758077156.32159,1758077156.30498,0.0,0.0,0.0,-28.99167,-27.84575,3.72423,10.59,-1.07,-0.15,2.0
1758077156.33734,1758077156.31498,0.0,0.0,0.0,-28.59059,-20.3973,5.4431,11.21,-0.56,0.33,2.0
1758077156.34186,1758077156.32498,0.0,0.0,0.0,-25.8404,-12.14671,6.87549,14.29,-0.56,2.75,2.0
1758077156.35757,1758077156.33498,0.0,0.0,0.0,-21.6578,-22.51724,5.61499,14.29,-0.58,2.75,2.0
1758077156.35854,1758077156.34498,0.0,0.0,0.0,-16.67307,-39.87786,2.40642,13.36,-1.19,4.15,2.0
1758077156.37364,1758077156.35498,0.0,0.0,0.0,-12.60507,-52.19646,-1.48969,13.36,-1.19,4.15,2.0
1758077156.37565,1758077156.36498,0.0,0.0,0.0,-7.62034,-50.1911,-5.4431,13.0,-1.83,1.81,2.0
1758077156.39148,1758077156.37498,0.0,0.0,0.0,-4.64096,-39.01843,-5.50039,13.0,-1.83,1.81,2.0
1758077156.40756,1758077156.38498,0.0,0.0,0.0,-2.63561,-27.78845,-3.32316,11.96,-1.19,0.81,2.0
1758077156.41046,1758077156.39498,0.0,0.0,0.0,-2.46372,-19.19409,-0.17189,11.96,-1.19,0.81,2.0
1758077156.42561,1758077156.40498,0.0,0.0,0.0,-6.24524,-11.45916,4.0107,9.52,0.6,0.95,2.0
1758077156.42677,1758077156.41498,0.0,0.0,0.0,-11.17268,-10.08406,5.50039,8.4,1.65,1.78,2.0
1758077156.44164,1758077156.42498,0.0,0.0,0.0,-17.53251,-10.71431,5.27121,8.4,1.65,1.78,2.0
1758077156.4575,1758077156.43498,0.0,0.0,0.0,-24.17882,-10.19865,3.20856,8.22,1.73,3.12,2.0
1758077156.45856,1758077156.44498,0.0,0.0,0.0,-33.11696,-7.96411,-3.38045,8.22,1.73,3.12,2.0
1758077156.47337,1758077156.45498,0.0,0.0,0.0,-37.24226,-8.02141,-8.25059,9.07,0.95,3.27,2.0
1758077156.47453,1758077156.46498,0.0,0.0,0.0,-39.19032,-6.99009,-12.204,9.07,0.95,3.27,2.0
1758077156.48966,1758077156.47498,0.0,0.0,0.0,-38.38818,-0.51566,-13.98017,10.33,-0.52,2.34,2.0
1758077156.50563,1758077156.48498,0.0,0.0,0.0,-35.52338,5.4431,-11.91752,11.96,-2.06,1.73,2.0
1758077156.50658,1758077156.49498,0.0,0.0,0.0,-31.2262,11.22997,-8.59437,11.96,-2.06,1.73,2.0
1758077156.52166,1758077156.50498,0.0,0.0,0.0,-26.18417,16.10011,-4.69825,11.73,-2.78,1.44,2.0
1758077156.53739,1758077156.51498,0.0,0.0,0.0,-19.59516,20.11082,0.57296,11.73,-2.78,1.44,2.0
1758077156.53855,1758077156.52498,0.0,0.0,0.0,-16.61578,22.57454,3.60963,10.36,-2.19,1.34,2.0
1758077156.55338,1758077156.53498,0.0,0.0,0.0,-14.49583,25.15285,6.07335,10.36,-2.19,1.34,2.0
1758077156.55546,1758077156.54498,0.0,0.0,0.0,-13.23533,27.10091,7.79223,10.09,-1.2,1.24,2.0
1758077156.57095,1758077156.55498,0.0,0.0,0.0,-12.54778,29.27814,9.5684,10.02,-0.7,0.98,2.0
1758077156.58668,1758077156.56498,0.0,0.0,0.0,-12.37589,29.62192,10.19865,10.02,-0.7,0.98,2.0
1758077156.59037,1758077156.57498,0.0,0.0,0.0,-12.43318,29.22085,10.31324,9.64,-0.78,0.73,2.0
1758077156.60569,1758077156.58498,0.0,0.0,0.0,-12.49048,28.476,10.48513,9.64,-0.78,0.73,2.0
1758077156.607,1758077156.59498,0.0,0.0,0.0,-12.83425,27.38738,9.96947,9.16,-1.12,0.5,2.0
1758077156.62169,1758077156.60498,0.0,0.0,0.0,-13.17803,26.52795,9.11003,9.16,-1.12,0.5,2.0
1758077156.63739,1758077156.61498,0.0,0.0,0.0,-13.5791,25.61122,7.84952,8.71,-1.25,0.53,2.0
1758077156.64101,1758077156.62498,0.0,0.0,0.0,-14.38124,24.4653,6.13065,8.71,-1.25,0.53,2.0
1758077156.65642,1758077156.63498,0.0,0.0,0.0,-15.24068,22.40265,3.55234,8.4,-1.04,0.49,2.0
1758077156.6584,1758077156.64498,0.0,0.0,0.0,-15.46986,20.68378,1.94806,8.33,-0.74,0.48,2.0
1758077156.67676,1758077156.65498,0.0,0.0,0.0,-15.24068,19.25138,0.74485,8.33,-0.74,0.48,2.0
1758077156.6784,1758077156.66498,0.0,0.0,0.0,-13.86558,18.10547,0.45837,8.46,-0.68,0.44,2.0
1758077156.69668,1758077156.67498,0.0,0.0,0.0,-12.43318,16.21471,0.85944,8.46,-0.68,0.44,2.0
1758077156.6984,1758077156.68498,0.0,0.0,0.0,-10.65701,15.24068,1.77617,8.41,-0.97,0.28,2.0
1758077156.71337,1758077156.69498,0.0,0.0,0.0,-8.99544,15.0115,2.40642,8.41,-0.97,0.28,2.0
1758077156.71542,1758077156.70498,0.0,0.0,0.0,-6.35983,14.78231,3.32316,8.54,-1.38,0.21,2.0
1758077156.73069,1758077156.71498,0.0,0.0,0.0,-4.58366,15.87093,3.55234,8.72,-1.49,0.16,2.0
1758077156.74634,1758077156.72498,0.0,0.0,0.0,-3.20856,18.90761,3.20856,8.72,-1.49,0.16,2.0
1758077156.75023,1758077156.73498,0.0,0.0,0.0,-2.40642,24.86637,2.11994,9.22,-1.33,0.06,2.0
1758077156.76545,1758077156.74498,0.0,0.0,0.0,-1.77617,36.03905,-0.85944,9.22,-1.33,0.06,2.0
1758077156.76738,1758077156.75498,0.0,0.0,0.0,-1.20321,41.71133,-3.66693,9.68,-1.16,0.25,2.0
1758077156.78269,1758077156.76498,0.0,0.0,0.0,0.22918,42.05511,-6.18794,9.68,-1.16,0.25,2.0
1758077156.79005,1758077156.77498,0.0,0.0,0.0,2.86479,34.0337,-8.25059,9.09,-1.4,0.68,2.0
1758077156.80571,1758077156.78498,0.0,0.0,0.0,8.25059,14.61043,-9.11003,7.87,-1.68,0.47,2.0
1758077156.80703,1758077156.79498,0.0,0.0,0.0,12.77696,1.48969,-7.84952,7.87,-1.68,0.47,2.0
1758077156.82147,1758077156.80498,0.0,0.0,0.0,17.81899,-11.80293,-5.61499,7.49,-2.29,0.2,2.0
1758077156.83746,1758077156.81498,0.0,0.0,0.0,22.57454,-24.92367,-2.86479,7.49,-2.29,0.2,2.0
1758077156.83867,1758077156.82498,0.0,0.0,0.0,27.84575,-52.19646,2.92208,7.24,-2.71,0.29,2.0
1758077156.85345,1758077156.83498,0.0,0.0,0.0,29.27814,-67.66632,5.84417,7.24,-2.71,0.29,2.0
1758077156.85632,1758077156.84498,0.0,0.0,0.0,29.67921,-69.49979,4.81285,7.62,-2.24,-0.15,2.0
1758077156.87169,1758077156.85498,0.0,0.0,0.0,31.62727,-51.50891,4.81285,7.62,-2.24,-0.15,2.0
1758077156.88776,1758077156.86498,0.0,0.0,0.0,32.71589,-18.50654,2.63561,12.46,-1.48,-0.6,2.0
1758077156.88949,1758077156.87498,0.0,0.0,0.0,31.91375,-10.59972,0.45837,12.6,-1.16,-0.29,2.0
1758077156.90468,1758077156.88498,0.0,0.0,0.0,30.93972,-16.50119,-3.55234,12.6,-1.16,-0.29,2.0
1758077156.9056,1758077156.89498,0.0,0.0,0.0,29.39274,-34.66395,-8.0787,10.56,-1.18,-0.14,2.0
1758077156.92125,1758077156.90498,0.0,0.0,0.0,26.87172,-46.63877,-7.39116,10.56,-1.18,-0.14,2.0
1758077156.9375,1758077156.91498,0.0,0.0,0.0,21.31403,-57.23849,-4.81285,12.81,-0.55,2.24,2.0
1758077156.93979,1758077156.92498,0.0,0.0,0.0,14.72501,-68.29657,0.22918,12.81,-0.55,2.24,2.0
1758077156.95445,1758077156.93498,0.0,0.0,0.0,7.10468,-77.17742,13.00614,15.27,0.67,4.09,2.0
1758077156.95603,1758077156.94498,0.0,0.0,0.0,4.1253,-71.21866,19.53786,15.34,1.03,2.02,2.0
1758077156.97079,1758077156.95498,0.0,0.0,0.0,1.71887,-56.60823,22.74642,15.34,1.03,2.02,2.0
1758077156.98683,1758077156.96498,0.0,0.0,0.0,-2.46372,-41.02378,20.05352,11.87,-0.32,-0.18,2.0
1758077156.98798,1758077156.97498,0.0,0.0,0.0,-7.33386,-26.69983,11.97482,11.87,-0.32,-0.18,2.0
1758077157.00281,1758077156.98498,0.0,0.0,0.0,-7.50575,-19.48057,5.15662,8.98,-1.32,0.6,2.0
1758077157.00403,1758077156.99498,0.0,0.0,0.0,-4.29718,-13.5791,-0.45837,8.98,-1.32,0.6,2.0
1758077157.01955,1758077157.00498,0.0,0.0,0.0,1.71887,-10.54242,-4.46907,9.67,-1.62,1.77,2.0
1758077157.03551,1758077157.01498,0.0,0.0,0.0,14.20935,-9.68299,-7.44845,10.5,-1.48,3.62,2.0
1758077157.03675,1758077157.02498,0.0,0.0,0.0,22.97561,-8.0787,-7.67763,10.5,-1.48,3.62,2.0
1758077157.0518,1758077157.03498,0.0,0.0,0.0,31.85646,-6.8182,-5.32851,10.68,-1.08,3.14,2.0
1758077157.06943,1758077157.04498,0.0,0.0,0.0,39.53409,-4.64096,-0.97403,10.68,-1.08,3.14,2.0
1758077157.07032,1758077157.05498,0.0,0.0,0.0,47.49821,3.55234,7.21927,11.04,-0.59,2.6,2.0
1758077157.08587,1758077157.06498,0.0,0.0,0.0,49.96192,10.37054,10.94349,11.04,-0.59,2.6,2.0
1758077157.08679,1758077157.07498,0.0,0.0,0.0,49.33167,17.6471,12.08941,11.08,-0.06,1.87,2.0
1758077157.1016,1758077157.08498,0.0,0.0,0.0,45.49285,23.72045,9.39651,11.08,-0.06,1.87,2.0
1758077157.10603,1758077157.09498,0.0,0.0,0.0,41.36755,30.48136,5.78687,10.34,0.21,1.61,2.0
1758077157.12194,1758077157.10498,0.0,0.0,0.0,36.89849,32.88778,1.3178,9.42,0.32,1.33,2.0
1758077157.12599,1758077157.11498,0.0,0.0,0.0,32.08564,34.60666,-3.20856,9.42,0.32,1.33,2.0
1758077157.14185,1758077157.12498,0.0,0.0,0.0,25.55392,36.21093,-9.96947,9.19,0.64,1.25,2.0
1758077157.14944,1758077157.13498,0.0,0.0,0.0,22.28806,35.12231,-13.40721,9.19,0.64,1.25,2.0
1758077157.16475,1758077157.14498,0.0,0.0,0.0,19.82434,33.11696,-15.12609,9.16,1.08,1.23,2.0
1758077157.16737,1758077157.15498,0.0,0.0,0.0,18.22006,31.39809,-15.75634,9.16,1.08,1.23,2.0
1758077157.18524,1758077157.16498,0.0,0.0,0.0,16.67307,28.07493,-14.43854,9.17,1.31,1.2,2.0
1758077157.18696,1758077157.17498,0.0,0.0,0.0,16.10011,24.5226,-13.00614,8.85,1.11,1.28,2.0
1758077157.205,1758077157.18498,0.0,0.0,0.0,15.87093,20.62648,-11.45916,8.85,1.11,1.28,2.0
1758077157.2077,1758077157.19498,0.0,0.0,0.0,15.58445,15.64175,-9.4538,8.59,0.64,1.32,2.0
1758077157.22459,1758077157.20498,0.0,0.0,0.0,14.9542,7.50575,-7.39116,8.59,0.64,1.32,2.0
1758077157.22578,1758077157.21498,0.0,0.0,0.0,14.20935,3.38045,-5.84417,8.63,0.28,1.2,2.0
1758077157.24055,1758077157.22498,0.0,0.0,0.0,13.00614,0.17189,-4.92744,8.63,0.28,1.2,2.0
1758077157.2566,1758077157.23498,0.0,0.0,0.0,11.28727,-1.60428,-4.87014,9.04,0.17,1.03,2.0
1758077157.25775,1758077157.24498,0.0,0.0,0.0,8.36518,-2.6929,-6.13065,9.18,0.3,0.88,2.0
1758077157.27338,1758077157.25498,0.0,0.0,0.0,6.41713,-2.6929,-7.44845,9.18,0.3,0.88,2.0
1758077157.27648,1758077157.26498,0.0,0.0,0.0,4.58366,-1.66158,-8.59437,9.2,0.49,0.72,2.0
1758077157.29197,1758077157.27498,0.0,0.0,0.0,3.20856,-0.51566,-8.88085,9.2,0.49,0.72,2.0
1758077157.31007,1758077157.28498,0.0,0.0,0.0,1.48969,2.00535,-8.65166,9.32,0.5,0.67,2.0
1758077157.31119,1758077157.29498,0.0,0.0,0.0,0.68755,7.21927,-7.33386,9.32,0.5,0.67,2.0
1758077157.32663,1758077157.30498,0.0,0.0,0.0,0.17189,14.78231,-5.50039,9.78,0.35,0.56,2.0
1758077157.33095,1758077157.31498,0.0,0.0,0.0,-0.11459,26.69983,-2.29183,9.78,0.35,0.56,2.0
1758077157.34663,1758077157.32498,0.0,0.0,0.0,-0.17189,34.32018,-0.22918,9.87,0.18,0.39,2.0
1758077157.34939,1758077157.33498,0.0,0.0,0.0,-0.40107,42.74266,2.11994,9.74,0.15,0.25,2.0
1758077157.36644,1758077157.34498,0.0,0.0,0.0,-0.80214,48.35764,4.52637,9.74,0.15,0.25,2.0
1758077157.36742,1758077157.35498,0.0,0.0,0.0,-2.86479,44.40423,6.41713,9.07,0.24,0.41,2.0
1758077157.38355,1758077157.36498,0.0,0.0,0.0,-5.15662,32.48671,7.04738,9.07,0.24,0.41,2.0
1758077157.38461,1758077157.37498,0.0,0.0,0.0,-9.05273,21.25674,5.61499,7.92,0.54,0.65,2.0
1758077157.4015,1758077157.38498,0.0,0.0,0.0,-13.00614,10.02676,4.18259,7.92,0.54,0.65,2.0
1758077157.41666,1758077157.39498,0.0,0.0,0.0,-19.25138,-5.72958,-0.80214,7.98,1.2,0.95,2.0
1758077157.41789,1758077157.40498,0.0,0.0,0.0,-23.49127,-18.33465,-3.60963,8.35,1.66,1.02,2.0
1758077157.43349,1758077157.41498,0.0,0.0,0.0,-26.81443,-35.63798,-5.27121,8.35,1.66,1.02,2.0
1758077157.43656,1758077157.42498,0.0,0.0,0.0,-28.36141,-46.98254,-5.50039,8.47,1.21,0.87,2.0
1758077157.45195,1758077157.43498,0.0,0.0,0.0,-29.67921,-49.21708,-3.60963,8.47,1.21,0.87,2.0
1758077157.4679,1758077157.44498,0.0,0.0,0.0,-30.19488,-40.85189,-1.48969,10.54,0.34,-0.12,2.0
1758077157.46966,1758077157.45498,0.0,0.0,0.0,-30.19488,-29.73651,1.94806,10.54,0.34,-0.12,2.0
1758077157.48548,1758077157.46498,0.0,0.0,0.0,-29.96569,-18.9649,5.27121,12.04,-0.28,-0.5,2.0
1758077157.48823,1758077157.47498,0.0,0.0,0.0,-30.19488,-14.20935,10.25595,11.04,-0.39,-0.92,2.0
1758077157.50562,1758077157.48498,0.0,0.0,0.0,-29.8511,-29.10626,12.71966,11.04,-0.39,-0.92,2.0
1758077157.5067,1758077157.49498,0.0,0.0,0.0,-31.97105,-40.85189,14.78231,8.83,0.08,-0.91,2.0
1758077157.52199,1758077157.50498,0.0,0.0,0.0,-34.32018,-30.76784,17.24603,8.83,0.08,-0.91,2.0
1758077157.53956,1758077157.51498,0.0,0.0,0.0,-36.38282,-11.22997,17.6471,12.57,0.41,-0.24,2.0
1758077157.54132,1758077157.52498,0.0,0.0,0.0,-35.86716,-14.78231,16.73037,12.57,0.41,-0.24,2.0
1758077157.55703,1758077157.53498,0.0,0.0,0.0,-33.23156,-29.22085,13.23533,12.26,0.01,2.47,2.0
1758077157.55873,1758077157.54498,0.0,0.0,0.0,-26.69983,-57.58226,5.21392,12.26,0.01,2.47,2.0
1758077157.57553,1758077157.55498,0.0,0.0,0.0,-23.66316,-67.60902,-1.3751,11.94,-0.85,3.25,2.0
1758077157.57648,1758077157.56498,0.0,0.0,0.0,-20.34,-62.91077,-5.50039,13.69,-2.16,2.17,2.0
1758077157.59202,1758077157.57498,0.0,0.0,0.0,-16.272,-50.53488,-6.35983,13.69,-2.16,2.17,2.0
1758077157.60774,1758077157.58498,0.0,0.0,0.0,-11.00079,-38.56006,-2.6929,12.66,-2.44,1.61,2.0
1758077157.6097,1758077157.59498,0.0,0.0,0.0,-9.4538,-34.66395,1.14592,12.66,-2.44,1.61,2.0
1758077157.62575,1758077157.60498,0.0,0.0,0.0,-10.08406,-30.48136,5.15662,9.57,-0.87,1.67,2.0
1758077157.62941,1758077157.61498,0.0,0.0,0.0,-12.89155,-25.72581,8.25059,9.57,-0.87,1.67,2.0
1758077157.64574,1758077157.62498,0.0,0.0,0.0,-20.11082,-18.62113,9.28192,9.08,0.53,2.08,2.0
1758077157.64931,1758077157.63498,0.0,0.0,0.0,-25.61122,-12.77696,8.30789,9.32,1.13,2.33,2.0
1758077157.66479,1758077157.64498,0.0,0.0,0.0,-30.65324,-6.47442,5.32851,9.32,1.13,2.33,2.0
1758077157.66601,1758077157.65498,0.0,0.0,0.0,-34.72124,-2.06265,1.60428,9.9,0.81,1.89,2.0
1758077157.68076,1758077157.66498,0.0,0.0,0.0,-36.95578,3.20856,-2.6929,9.9,0.81,1.89,2.0
1758077157.69701,1758077157.67498,0.0,0.0,0.0,-35.63798,9.11003,-3.60963,10.8,-0.5,1.5,2.0
1758077157.69802,1758077157.68498,0.0,0.0,0.0,-32.6013,15.98552,-3.03668,10.8,-0.5,1.5,2.0
1758077157.713,1758077157.69498,0.0,0.0,0.0,-28.07493,22.11617,-0.45837,11.7,-2.07,1.19,2.0
1758077157.71482,1758077157.70498,0.0,0.0,0.0,-20.85567,28.93437,1.66158,11.01,-2.73,1.07,2.0
1758077157.73075,1758077157.71498,0.0,0.0,0.0,-16.38659,31.45539,3.95341,11.01,-2.73,1.07,2.0
1758077157.74702,1758077157.72498,0.0,0.0,0.0,-12.77696,33.68992,5.95876,10.11,-2.33,0.97,2.0
1758077157.74959,1758077157.73498,0.0,0.0,0.0,-8.65166,35.00772,8.47978,10.11,-2.33,0.97,2.0
1758077157.76506,1758077157.74498,0.0,0.0,0.0,-7.10468,35.00772,9.91217,9.68,-1.67,0.94,2.0
1758077157.76674,1758077157.75498,0.0,0.0,0.0,-5.72958,35.12231,10.65701,9.68,-1.67,0.94,2.0
1758077157.78188,1758077157.76498,0.0,0.0,0.0,-4.46907,33.68992,11.11538,9.4,-1.3,0.74,2.0
1758077157.78376,1758077157.77498,0.0,0.0,0.0,-2.46372,30.36677,11.11538,9.4,-1.3,0.49,2.0
1758077157.8006,1758077157.78498,0.0,0.0,0.0,-1.3178,28.13223,10.65701,8.81,-1.3,0.49,2.0
1758077157.81706,1758077157.79498,0.0,0.0,0.0,-0.0573,25.38203,9.85487,8.42,-1.47,0.47,2.0
1758077157.8216,1758077157.80498,0.0,0.0,0.0,1.03132,22.28806,8.99544,8.42,-1.47,0.47,2.0
1758077157.83705,1758077157.81498,0.0,0.0,0.0,2.29183,18.44924,6.70361,8.24,-1.52,0.44,2.0
1758077157.83997,1758077157.82498,0.0,0.0,0.0,2.97938,15.64175,5.15662,8.24,-1.52,0.44,2.0
1758077157.85587,1758077157.83498,0.0,0.0,0.0,4.1253,13.12073,4.1253,8.47,-1.41,0.48,2.0
1758077157.85677,1758077157.84498,0.0,0.0,0.0,5.32851,11.00079,3.66693,8.47,-1.41,0.48,2.0
1758077157.87182,1758077157.85498,0.0,0.0,0.0,6.87549,8.88085,3.38045,8.73,-1.26,0.4,2.0
1758077157.87543,1758077157.86498,0.0,0.0,0.0,7.79223,8.25059,3.26586,8.92,-1.06,0.33,2.0
1758077157.89205,1758077157.87498,0.0,0.0,0.0,8.36518,7.50575,3.03668,8.92,-1.06,0.33,2.0
1758077157.90782,1758077157.88498,0.0,0.0,0.0,8.70896,7.33386,3.03668,9.08,-0.8,0.26,2.0
1758077157.91218,1758077157.89498,0.0,0.0,0.0,8.76626,8.88085,2.46372,9.08,-0.8,0.26,2.0
1758077157.93131,1758077157.90498,0.0,0.0,0.0,8.42248,12.08941,1.43239,9.42,-0.64,0.12,2.0
1758077157.93216,1758077157.91498,0.0,0.0,0.0,8.02141,17.6471,0.34377,9.42,-0.64,0.12,2.0
1758077157.94945,1758077157.92498,0.0,0.0,0.0,7.67763,29.56462,-1.3178,10.08,-0.73,0.09,2.0
1758077157.9509,1758077157.93498,0.0,0.0,0.0,8.136,36.7266,-2.00535,10.42,-1.0,0.17,2.0
1758077157.9669,1758077157.94498,0.0,0.0,0.0,8.99544,37.92981,-2.29183,10.42,-1.0,0.17,2.0
1758077157.96806,1758077157.95498,0.0,0.0,0.0,9.5684,33.86181,-2.63561,9.21,-1.2,0.1,2.0
1758077157.98309,1758077157.96498,0.0,0.0,0.0,11.45916,25.15285,-2.7502,9.21,-1.2,0.1,2.0
1758077157.98404,1758077157.97498,0.0,0.0,0.0,13.40721,19.48057,-2.57831,8.64,-1.26,0.01,2.0
1758077158.00145,1758077157.98498,0.0,0.0,0.0,15.46986,11.28727,-2.40642,8.64,-1.26,0.01,2.0
1758077158.00668,1758077157.99498,0.0,0.0,0.0,17.18874,0.22918,-1.94806,8.15,-1.33,0.21,2.0
1758077158.02308,1758077158.00498,0.0,0.0,0.0,18.85031,-27.38738,-0.80214,7.04,-1.34,0.54,2.0
1758077158.02424,1758077158.01498,0.0,0.0,0.0,17.87628,-49.67545,0.45837,7.04,-1.34,0.54,2.0
1758077158.04093,1758077158.02498,0.0,0.0,0.0,15.06879,-57.46767,-1.14592,7.12,-1.32,0.29,2.0
1758077158.05713,1758077158.03498,0.0,0.0,0.0,15.29797,-39.4195,0.22918,7.12,-1.32,0.29,2.0
1758077158.05883,1758077158.04498,0.0,0.0,0.0,14.20935,-1.43239,2.86479,12.89,-1.3,0.73,2.0
1758077158.07384,1758077158.05498,0.0,0.0,0.0,13.12073,-1.77617,2.34913,12.89,-1.3,0.73,2.0
1758077158.07586,1758077158.06498,0.0,0.0,0.0,11.17268,-24.75178,-1.94806,10.33,-1.38,0.85,2.0
1758077158.09086,1758077158.07498,0.0,0.0,0.0,13.00614,-55.57691,-0.40107,10.33,-1.38,0.85,2.0
1758077158.10686,1758077158.08498,0.0,0.0,0.0,14.72501,-56.03527,2.63561,7.31,-0.83,-0.49,2.0
1758077158.11161,1758077158.09498,0.0,0.0,0.0,15.64175,-44.46153,3.38045,11.48,-0.58,-0.76,2.0
1758077158.12679,1758077158.10498,0.0,0.0,0.0,16.84496,-35.98175,3.03668,11.48,-0.58,-0.76,2.0
1758077158.12963,1758077158.11498,0.0,0.0,0.0,17.76169,-27.50197,-0.51566,10.93,-1.09,-0.96,2.0
1758077158.14648,1758077158.12498,0.0,0.0,0.0,18.62113,-17.01685,-4.87014,10.93,-1.09,-0.96,2.0
1758077158.15173,1758077158.13498,0.0,0.0,0.0,19.48057,-12.43318,-9.91217,10.95,-1.42,-1.44,2.0
1758077158.1669,1758077158.14498,0.0,0.0,0.0,20.45459,-6.24524,-13.98017,10.95,-1.42,-1.44,2.0
1758077158.16923,1758077158.15498,0.0,0.0,0.0,20.85567,5.09932,-17.24603,11.97,-1.36,-0.95,2.0
1758077158.18556,1758077158.16498,0.0,0.0,0.0,19.99623,7.84952,-17.53251,13.5,-0.98,0.99,2.0
1758077158.1875,1758077158.17498,0.0,0.0,0.0,18.10547,4.18259,-15.41257,13.5,-0.98,0.99,2.0
1758077158.20472,1758077158.18498,0.0,0.0,0.0,15.35527,-4.1253,-10.94349,14.08,-0.56,2.3,2.0
1758077158.20734,1758077158.19498,0.0,0.0,0.0,11.22997,-20.45459,-0.40107,14.08,-0.56,2.3,2.0
1758077158.22308,1758077158.20498,0.0,0.0,0.0,8.47978,-24.5226,5.27121,13.83,-0.55,2.25,2.0
1758077158.22409,1758077158.21498,0.0,0.0,0.0,7.50575,-27.96034,13.00614,13.83,-0.55,2.25,2.0
1758077158.24104,1758077158.22498,0.0,0.0,0.0,6.07335,-25.26744,16.272,12.46,-0.95,1.09,2.0
1758077158.25719,1758077158.23498,0.0,0.0,0.0,4.52637,-18.44924,16.10011,9.55,-1.78,0.28,2.0
1758077158.26651,1758077158.24498,0.0,0.0,0.0,3.60963,-14.20935,12.43318,9.55,-1.78,0.28,2.0
1758077158.26686,1758077158.25498,0.0,0.0,0.0,3.20856,-10.31324,7.33386,7.76,-2.15,0.56,2.0
1758077158.284,1758077158.26498,0.0,0.0,0.0,4.18259,-7.10468,1.48969,7.76,-2.15,0.56,2.0
1758077158.28515,1758077158.27498,0.0,0.0,0.0,8.42248,-5.55769,-4.81285,7.62,-1.44,1.28,2.0
1758077158.30156,1758077158.28498,0.0,0.0,0.0,13.17803,-5.90147,-6.18794,7.62,-1.44,1.28,2.0
1758077158.30505,1758077158.29498,0.0,0.0,0.0,18.73572,-5.55769,-5.50039,8.6,-0.39,2.56,2.0
1758077158.32128,1758077158.30498,0.0,0.0,0.0,24.63719,-4.58366,-3.49504,8.6,-0.39,2.56,2.0
1758077158.33712,1758077158.31498,0.0,0.0,0.0,32.48671,-1.77617,1.03132,9.91,0.15,2.82,2.0
1758077158.34136,1758077158.32498,0.0,0.0,0.0,36.6693,0.85944,4.23989,10.76,0.19,2.33,2.0
1758077158.35725,1758077158.33498,0.0,0.0,0.0,39.19032,4.46907,7.79223,10.76,0.19,2.33,2.0
1758077158.36454,1758077158.34498,0.0,0.0,0.0,39.24761,12.204,10.02676,11.9,-0.16,1.7,2.0
1758077158.36517,1758077158.35498,0.0,0.0,0.0,37.18496,18.22006,9.11003,11.9,-0.16,1.7,2.0
1758077158.38136,1758077158.36498,0.0,0.0,0.0,34.0337,23.72045,6.35983,11.77,-0.54,1.25,2.0
1758077158.39732,1758077158.37498,0.0,0.0,0.0,30.82513,27.73116,3.03668,11.77,-0.54,1.25,2.0
1758077158.40091,1758077158.38498,0.0,0.0,0.0,27.1582,31.2262,-2.34913,10.47,-0.72,1.17,2.0
1758077158.4163,1758077158.39498,0.0,0.0,0.0,25.49662,32.42941,-5.4431,9.74,-0.8,1.11,2.0
1758077158.41797,1758077158.40498,0.0,0.0,0.0,24.75178,33.34615,-7.67763,9.74,-0.8,1.11,2.0
1758077158.43309,1758077158.41498,0.0,0.0,0.0,24.75178,33.51803,-8.70896,9.56,-0.87,0.89,2.0
1758077158.43694,1758077158.42498,0.0,0.0,0.0,25.72581,33.11696,-7.67763,9.56,-0.87,0.89,2.0
1758077158.45597,1758077158.43498,0.0,0.0,0.0,26.41335,31.56997,-6.70361,9.19,-0.5,0.73,2.0
1758077158.458,1758077158.44498,0.0,0.0,0.0,26.64254,28.30412,-5.61499,9.19,-0.5,0.73,2.0
1758077158.4763,1758077158.45498,0.0,0.0,0.0,26.06958,25.21014,-4.69825,8.78,0.44,0.69,2.0
1758077158.47823,1758077158.46498,0.0,0.0,0.0,23.49127,20.22541,-4.46907,8.66,1.2,0.69,2.0
1758077158.49609,1758077158.47498,0.0,0.0,0.0,20.74107,17.47521,-5.15662,8.66,1.2,0.69,2.0
1758077158.49724,1758077158.48498,0.0,0.0,0.0,17.76169,14.72501,-6.18794,8.54,1.25,0.64,2.0
1758077158.51207,1758077158.49498,0.0,0.0,0.0,14.72501,12.60507,-7.10468,8.54,1.25,0.64,2.0
1758077158.51512,1758077158.50498,0.0,0.0,0.0,10.8862,9.74028,-7.73493,8.55,0.73,0.55,2.0
1758077158.5313,1758077158.51498,0.0,0.0,0.0,9.05273,8.36518,-7.33386,8.55,0.73,0.55,2.0
1758077158.54731,1758077158.52498,0.0,0.0,0.0,7.50575,6.99009,-6.13065,8.82,0.07,0.53,2.0
1758077158.55219,1758077158.53498,0.0,0.0,0.0,5.78687,6.8182,-4.29718,8.82,0.07,0.53,2.0
1758077158.56702,1758077158.54498,0.0,0.0,0.0,4.58366,11.97482,-3.95341,9.44,-0.32,0.44,2.0
1758077158.57057,1758077158.55498,0.0,0.0,0.0,3.32316,19.59516,-4.0107,10.37,-0.24,0.25,2.0
1758077158.58608,1758077158.56498,0.0,0.0,0.0,2.40642,25.55392,-3.72423,10.37,-0.24,0.25,2.0
1758077158.58725,1758077158.57498,0.0,0.0,0.0,1.03132,28.01764,-3.20856,10.22,0.03,0.28,2.0
1758077158.6044,1758077158.58498,0.0,0.0,0.0,-0.34377,27.73116,-2.97938,10.22,0.03,0.28,2.0
1758077158.60605,1758077158.59498,0.0,0.0,0.0,-2.06265,26.12688,-2.6929,9.59,0.34,0.06,2.0
1758077158.62107,1758077158.60498,0.0,0.0,0.0,-3.60963,22.63183,-2.29183,9.59,0.34,0.06,2.0
1758077158.63731,1758077158.61498,0.0,0.0,0.0,-6.18794,11.45916,-0.57296,8.84,0.46,-0.29,2.0
1758077158.6394,1758077158.62498,0.0,0.0,0.0,-7.39116,3.03668,-0.68755,7.81,0.68,-0.15,2.0
1758077158.65635,1758077158.63498,0.0,0.0,0.0,-8.30789,-11.45916,-0.17189,7.81,0.68,-0.15,2.0
1758077158.65805,1758077158.64498,0.0,0.0,0.0,-10.02676,-24.57989,-0.51566,7.16,0.68,-0.28,2.0
1758077158.67311,1758077158.65498,0.0,0.0,0.0,-11.34457,-4.0107,-0.11459,7.16,0.68,-0.28,2.0
1758077158.67616,1758077158.66498,0.0,0.0,0.0,-12.49048,7.16197,1.43239,11.55,0.99,0.77,2.0
1758077158.69235,1758077158.67498,0.0,0.0,0.0,-21.7151,-11.45916,-5.95876,11.55,0.99,0.77,2.0
1758077158.69586,1758077158.68498,0.0,0.0,0.0,-27.78845,-33.68992,-13.12073,8.09,1.15,1.12,2.0
1758077158.71118,1758077158.69498,0.0,0.0,0.0,-31.28349,-35.12231,-17.18874,9.0,1.0,0.02,2.0
1758077158.72713,1758077158.70498,0.0,0.0,0.0,-33.00237,-21.14215,-16.55848,9.0,1.0,0.02,2.0
1758077158.73071,1758077158.71498,0.0,0.0,0.0,-33.17426,-7.62034,-14.03747,11.4,0.66,0.58,2.0
1758077158.74614,1758077158.72498,0.0,0.0,0.0,-32.37212,-0.80214,-10.71431,11.4,0.66,0.58,2.0
1758077158.75161,1758077158.73498,0.0,0.0,0.0,-29.56462,-1.60428,-5.50039,10.2,0.3,0.64,2.0
1758077158.76614,1758077158.74498,0.0,0.0,0.0,-26.87172,-0.45837,-2.00535,10.2,0.3,0.64,2.0
1758077158.7705,1758077158.75498,0.0,0.0,0.0,-23.20479,2.46372,0.0,11.33,-0.37,1.87,2.0
1758077158.78615,1758077158.76498,0.0,0.0,0.0,-15.06879,-2.34913,-1.20321,11.33,-0.37,1.87,2.0
1758077158.78734,1758077158.77498,0.0,0.0,0.0,-8.47978,-11.74564,-4.0107,13.62,-1.58,3.19,2.0
1758077158.80579,1758077158.78498,0.0,0.0,0.0,-2.97938,-20.85567,-6.8182,13.57,-2.55,2.72,2.0
1758077158.80995,1758077158.79498,0.0,0.0,0.0,1.03132,-25.72581,-7.73493,13.57,-2.55,2.72,2.0
1758077158.82543,1758077158.80498,0.0,0.0,0.0,3.89611,-26.64254,-5.4431,12.56,-1.98,1.54,2.0
1758077158.82638,1758077158.81498,0.0,0.0,0.0,4.64096,-23.83505,-2.00535,12.56,-1.98,1.54,2.0
1758077158.84118,1758077158.82498,0.0,0.0,0.0,4.35448,-19.13679,2.11994,11.27,-0.11,1.33,2.0
1758077158.85921,1758077158.83498,0.0,0.0,0.0,2.92208,-15.64175,6.24524,11.27,-0.11,1.33,2.0
1758077158.86073,1758077158.84498,0.0,0.0,0.0,-2.23454,-12.89155,10.71431,10.34,1.15,1.11,2.0
1758077158.8763,1758077158.85498,0.0,0.0,0.0,-7.39116,-12.14671,11.91752,9.69,1.46,1.46,2.0
1758077158.87896,1758077158.86498,0.0,0.0,0.0,-13.86558,-11.51645,11.28727,9.69,1.46,1.46,2.0
1758077158.89657,1758077158.87498,0.0,0.0,0.0,-20.3973,-11.51645,9.33921,9.39,1.13,2.23,2.0
1758077158.90168,1758077158.88498,0.0,0.0,0.0,-28.36141,-13.12073,4.69825,9.39,1.13,2.23,2.0
1758077158.92176,1758077158.89498,0.0,0.0,0.0,-31.97105,-13.80828,1.03132,9.17,0.23,2.56,2.0
1758077158.92397,1758077158.90498,0.0,0.0,0.0,-33.9764,-13.12073,-2.57831,9.17,0.23,2.56,2.0
1758077158.9273,1758077158.91498,0.0,0.0,0.0,-33.9764,-10.94349,-5.55769,9.5,-0.97,2.13,2.0
1758077158.94619,1758077158.92498,0.0,0.0,0.0,-30.88243,-6.41713,-8.136,9.89,-1.92,1.73,2.0
1758077158.94739,1758077158.93498,0.0,0.0,0.0,-27.04361,-2.6929,-8.02141,9.89,-1.92,1.73,2.0
1758077158.9631,1758077158.94498,0.0,0.0,0.0,-22.57454,1.43239,-6.35983,10.37,-2.26,1.46,2.0
1758077158.9698,1758077158.95498,0.0,0.0,0.0,-15.98552,4.98473,-1.3751,10.37,-2.26,1.46,2.0
1758077158.98598,1758077158.96498,0.0,0.0,0.0,-12.08941,9.74028,2.40642,10.27,-2.01,1.39,2.0
1758077158.98756,1758077158.97498,0.0,0.0,0.0,-8.70896,13.17803,6.24524,10.27,-2.01,1.39,2.0
1758077159.00605,1758077158.98498,0.0,0.0,0.0,-6.53172,16.38659,9.62569,10.04,-1.57,1.31,2.0
1758077159.00983,1758077158.99498,0.0,0.0,0.0,-4.58366,20.34,13.69369,10.04,-1.57,1.31,2.0
1758077159.02604,1758077159.00498,0.0,0.0,0.0,-3.95341,22.57454,15.87093,9.88,-1.29,1.23,2.0
1758077159.02989,1758077159.01498,0.0,0.0,0.0,-3.72423,24.12152,17.47521,9.61,-1.17,0.94,2.0
1758077159.04556,1758077159.02498,0.0,0.0,0.0,-4.1253,24.29341,18.56383,9.61,-1.17,0.94,2.0
1758077159.04639,1758077159.03498,0.0,0.0,0.0,-5.15662,23.0329,19.13679,9.1,-1.16,0.76,2.0
1758077159.06125,1758077159.04498,0.0,0.0,0.0,-6.07335,22.40265,18.9649,9.1,-1.16,0.76,2.0
1758077159.07838,1758077159.05498,0.0,0.0,0.0,-7.21927,21.7724,18.22006,8.92,-1.19,0.64,2.0
1758077159.07917,1758077159.06498,0.0,0.0,0.0,-8.25059,20.3973,17.18874,8.92,-1.19,0.64,2.0
1758077159.09612,1758077159.07498,0.0,0.0,0.0,-9.68299,17.93358,14.43854,8.85,-1.13,0.63,2.0
1758077159.09704,1758077159.08498,0.0,0.0,0.0,-10.19865,16.50119,12.37589,8.91,-1.03,0.65,2.0
1758077159.11252,1758077159.09498,0.0,0.0,0.0,-10.59972,15.12609,10.31324,8.91,-1.03,0.65,2.0
1758077159.11502,1758077159.10498,0.0,0.0,0.0,-10.65701,13.40721,8.136,9.04,-0.95,0.69,2.0
1758077159.13572,1758077159.11498,0.0,0.0,0.0,-10.02676,10.19865,5.21392,9.04,-0.95,0.69,2.0
1758077159.13663,1758077159.12498,0.0,0.0,0.0,-9.11003,8.36518,3.89611,9.19,-0.93,0.75,2.0
1758077159.1524,1758077159.13498,0.0,0.0,0.0,-7.79223,6.35983,3.09397,9.19,-0.93,0.75,2.0
1758077159.17143,1758077159.14498,0.0,0.0,0.0,-6.47442,3.95341,2.7502,9.16,-1.1,0.73,2.0
1758077159.17341,1758077159.15498,0.0,0.0,0.0,-4.35448,3.60963,2.6929,9.09,-1.31,0.63,2.0
1758077159.19088,1758077159.16498,0.0,0.0,0.0,-3.32316,6.58902,2.29183,9.09,-1.31,0.63,2.0
1758077159.19213,1758077159.17498,0.0,0.0,0.0,-2.86479,10.02676,1.66158,9.46,-1.34,0.59,2.0
1758077159.2091,1758077159.18498,0.0,0.0,0.0,-2.6929,16.04282,-0.11459,9.46,-1.34,0.59,2.0
1758077159.21036,1758077159.19498,0.0,0.0,0.0,-2.7502,21.37133,-1.3751,9.62,-1.19,0.56,2.0
1758077159.22529,1758077159.20498,0.0,0.0,0.0,-2.97938,27.04361,-2.40642,9.62,-1.19,0.56,2.0
1758077159.22728,1758077159.21498,0.0,0.0,0.0,-2.97938,32.83048,-3.49504,9.74,-1.06,0.38,2.0
1758077159.24628,1758077159.22498,0.0,0.0,0.0,-2.40642,37.52874,-4.35448,9.74,-1.06,0.43,2.0
1758077159.25095,1758077159.23498,0.0,0.0,0.0,-1.3751,34.60666,-4.18259,9.5,-1.04,0.43,2.0
1758077159.26654,1758077159.24498,0.0,0.0,0.0,0.0573,26.87172,-3.09397,8.56,-1.19,0.62,2.0
1758077159.27096,1758077159.25498,0.0,0.0,0.0,2.00535,16.61578,-2.00535,8.56,-1.19,0.62,2.0
1758077159.28654,1758077159.26498,0.0,0.0,0.0,5.50039,0.11459,-0.0573,8.07,-1.55,0.91,2.0
1758077159.29177,1758077159.27498,0.0,0.0,0.0,8.25059,-15.29797,1.77617,8.07,-1.55,0.91,2.0
1758077159.30628,1758077159.28498,0.0,0.0,0.0,9.91217,-37.12767,2.86479,7.24,-1.87,1.04,2.0
1758077159.30992,1758077159.29498,0.0,0.0,0.0,10.65701,-54.02992,3.60963,7.24,-1.87,1.04,2.0
1758077159.32558,1758077159.30498,0.0,0.0,0.0,12.204,-37.24226,4.52637,7.79,-2.03,0.79,2.0
1758077159.32677,1758077159.31498,0.0,0.0,0.0,13.75099,-10.31324,5.78687,13.21,-1.91,1.23,2.0
1758077159.34126,1758077159.32498,0.0,0.0,0.0,13.86558,3.72423,5.90147,13.21,-1.91,1.23,2.0
1758077159.34676,1758077159.33498,0.0,0.0,0.0,13.98017,-2.29183,3.32316,10.9,-1.66,0.62,2.0
1758077159.36632,1758077159.34498,0.0,0.0,0.0,16.272,-38.78925,-1.20321,10.9,-1.66,0.62,2.0
1758077159.37172,1758077159.35498,0.0,0.0,0.0,17.53251,-53.97263,-0.57296,7.19,-1.28,-0.75,2.0
1758077159.38635,1758077159.36498,0.0,0.0,0.0,18.90761,-50.76406,-0.34377,7.19,-1.28,-0.75,2.0
1758077159.38935,1758077159.37498,0.0,0.0,0.0,19.25138,-41.99781,-0.80214,10.74,-1.05,-0.5,2.0
1758077159.40455,1758077159.38498,0.0,0.0,0.0,18.79302,-34.32018,-1.3178,12.09,-1.09,0.24,2.0
1758077159.40556,1758077159.39498,0.0,0.0,0.0,16.95955,-29.04896,-1.60428,12.09,-1.09,0.24,2.0
1758077159.42116,1758077159.40498,0.0,0.0,0.0,13.80828,-24.57989,-2.57831,13.87,-0.79,0.91,2.0
1758077159.43762,1758077159.41498,0.0,0.0,0.0,7.44845,-24.4653,-2.23454,13.87,-0.79,0.91,2.0
1758077159.43934,1758077159.42498,0.0,0.0,0.0,2.34913,-29.50733,-0.22918,13.94,-0.37,1.5,2.0
1758077159.45625,1758077159.43498,0.0,0.0,0.0,-2.6929,-35.00772,2.86479,13.94,-0.37,1.5,2.0
1758077159.45713,1758077159.44498,0.0,0.0,0.0,-6.7609,-34.37747,5.95876,12.75,-0.48,1.23,2.0
1758077159.47235,1758077159.45498,0.0,0.0,0.0,-10.8289,-24.29341,7.73493,11.28,-1.38,0.61,2.0
1758077159.47693,1758077159.46498,0.0,0.0,0.0,-11.17268,-18.50654,6.70361,11.28,-1.38,0.61,2.0
1758077159.49232,1758077159.47498,0.0,0.0,0.0,-9.11003,-15.0115,4.46907,9.03,-2.0,1.08,2.0
1758077159.49631,1758077159.48498,0.0,0.0,0.0,-4.87014,-13.98017,1.94806,9.03,-2.0,1.08,2.0
1758077159.51161,1758077159.49498,0.0,0.0,0.0,5.50039,-15.24068,-1.20321,8.38,-1.91,1.97,2.0
1758077159.52761,1758077159.50498,0.0,0.0,0.0,13.86558,-16.38659,-2.29183,8.38,-1.91,1.97,2.0
1758077159.52933,1758077159.51498,0.0,0.0,0.0,22.74642,-17.01685,-2.11994,9.19,-1.52,3.13,2.0
1758077159.54543,1758077159.52498,0.0,0.0,0.0,30.93972,-15.92823,-0.45837,9.19,-1.52,3.13,2.0
1758077159.54639,1758077159.53498,0.0,0.0,0.0,40.27893,-11.97482,4.46907,10.43,-1.05,2.89,2.0
1758077159.56147,1758077159.54498,0.0,0.0,0.0,43.83128,-7.39116,8.36518,11.23,-0.67,2.04,2.0
1758077159.56684,1758077159.55498,0.0,0.0,0.0,45.26366,-2.06265,11.17268,11.23,-0.67,2.04,2.0
1758077159.58261,1758077159.56498,0.0,0.0,0.0,44.9199,4.29718,10.59972,11.18,-0.6,1.41,2.0
1758077159.58753,1758077159.57498,0.0,0.0,0.0,41.59674,14.15206,7.67763,11.18,-0.6,1.41,2.0
1758077159.60266,1758077159.58498,0.0,0.0,0.0,38.56006,19.36597,3.72423,10.32,-0.77,1.11,2.0
1758077159.60706,1758077159.59498,0.0,0.0,0.0,35.63798,23.83505,-0.68755,10.32,-0.77,1.11,2.0
1758077159.6227,1758077159.60498,0.0,0.0,0.0,31.51268,26.87172,-6.7609,9.69,-0.67,1.01,2.0
1758077159.62757,1758077159.61498,0.0,0.0,0.0,29.39274,27.61657,-10.08406,9.77,-0.14,0.93,2.0
1758077159.64241,1758077159.62498,0.0,0.0,0.0,27.44468,27.96034,-12.54778,9.77,-0.14,0.93,2.0
1758077159.65949,1758077159.63498,0.0,0.0,0.0,26.41335,26.06958,-13.75099,9.94,0.51,0.8,2.0
1758077159.66119,1758077159.64498,0.0,0.0,0.0,25.38203,21.94428,-13.69369,9.94,0.51,0.8,2.0
1758077159.67643,1758077159.65498,0.0,0.0,0.0,25.09555,18.85031,-12.77696,9.51,0.86,0.88,2.0
1758077159.67769,1758077159.66498,0.0,0.0,0.0,24.75178,14.49583,-11.63104,9.51,0.86,0.88,2.0
1758077159.69247,1758077159.67498,0.0,0.0,0.0,24.4653,10.48513,-9.68299,8.81,0.58,0.99,2.0
1758077159.70958,1758077159.68498,0.0,0.0,0.0,23.83505,5.32851,-6.07335,8.4,-0.13,1.08,2.0
1758077159.71073,1758077159.69498,0.0,0.0,0.0,23.31938,3.32316,-3.60963,8.4,-0.13,1.08,2.0
1758077159.72576,1758077159.70498,0.0,0.0,0.0,23.0329,1.08862,-1.60428,8.38,-0.73,1.01,2.0
1758077159.72667,1758077159.71498,0.0,0.0,0.0,22.34536,0.0,-0.40107,8.38,-0.73,1.01,2.0
1758077159.74172,1758077159.72498,0.0,0.0,0.0,21.02755,0.34377,0.17189,8.69,-0.58,0.72,2.0
1758077159.75754,1758077159.73498,0.0,0.0,0.0,19.88164,2.00535,-0.22918,8.69,-0.58,0.72,2.0
1758077159.76188,1758077159.74498,0.0,0.0,0.0,18.62113,4.0107,-0.74485,9.35,0.09,0.56,2.0
1758077159.77754,1758077159.75498,0.0,0.0,0.0,17.18874,6.41713,-1.43239,9.35,0.09,0.56,2.0
1758077159.78346,1758077159.76498,0.0,0.0,0.0,14.49583,10.19865,-2.11994,9.71,0.46,0.49,2.0
1758077159.79959,1758077159.77498,0.0,0.0,0.0,12.54778,12.54778,-3.03668,9.64,0.5,0.51,2.0
1758077159.80129,1758077159.78498,0.0,0.0,0.0,10.19865,19.25138,-4.18259,9.64,0.5,0.51,2.0
1758077159.81679,1758077159.79498,0.0,0.0,0.0,6.8182,34.0337,-4.87014,10.09,0.48,0.12,2.0
1758077159.81764,1758077159.80498,0.0,0.0,0.0,4.87014,42.22699,-4.29718,10.09,0.48,0.12,2.0
1758077159.83651,1758077159.81498,0.0,0.0,0.0,3.03668,45.60744,-3.49504,9.84,0.45,-0.09,2.0
1758077159.83763,1758077159.82498,0.0,0.0,0.0,1.14592,43.20102,-3.32316,9.84,0.45,-0.09,2.0
1758077159.85277,1758077159.83498,0.0,0.0,0.0,-1.94806,30.88243,-1.94806,8.46,0.59,0.18,2.0
1758077159.86963,1758077159.84498,0.0,0.0,0.0,-5.27121,19.07949,-1.3178,7.56,0.88,0.48,2.0
1758077159.87053,1758077159.85498,0.0,0.0,0.0,-8.0787,2.6929,0.34377,7.56,0.88,0.48,2.0
1758077159.88582,1758077159.86498,0.0,0.0,0.0,-12.14671,-9.05273,-1.14592,7.48,1.17,0.37,2.0
1758077159.88833,1758077159.87498,0.0,0.0,0.0,-15.92823,-22.23076,-5.55769,7.48,1.17,0.37,2.0
1758077159.90376,1758077159.88498,0.0,0.0,0.0,-17.81899,-34.14828,-7.67763,8.23,1.26,0.33,2.0
1758077159.90772,1758077159.89498,0.0,0.0,0.0,-19.19409,-44.8053,-8.47978,8.23,1.26,0.33,2.0
1758077159.92361,1758077159.90498,0.0,0.0,0.0,-18.62113,-48.35764,-7.44845,8.69,0.8,0.02,2.0
1758077159.92454,1758077159.91498,0.0,0.0,0.0,-18.44924,-41.59674,-4.98473,10.49,0.62,-0.88,2.0
1758077159.94082,1758077159.92498,0.0,0.0,0.0,-18.33465,-32.25753,-2.34913,10.49,0.62,-0.88,2.0
1758077159.95938,1758077159.93498,0.0,0.0,0.0,-18.50654,-21.42862,0.0573,12.05,0.57,-0.62,2.0
1758077159.96111,1758077159.94498,0.0,0.0,0.0,-19.19409,-13.5791,3.09397,12.05,0.57,-0.62,2.0
1758077159.97686,1758077159.95498,0.0,0.0,0.0,-18.22006,-15.98552,5.61499,12.48,0.35,1.92,2.0
1758077159.98179,1758077159.96498,0.0,0.0,0.0,-16.10011,-22.63183,4.87014,12.48,0.35,1.92,2.0
1758077159.99686,1758077159.97498,0.0,0.0,0.0,-11.80293,-31.62727,3.66693,13.57,-0.97,4.02,2.0
1758077160.00173,1758077159.98498,0.0,0.0,0.0,-10.8289,-57.63955,-2.7502,13.57,-0.97,4.02,2.0
1758077160.01666,1758077159.99498,0.0,0.0,0.0,-10.08406,-87.43336,-4.81285,11.29,-2.36,2.84,2.0
1758077160.02176,1758077160.00498,0.0,0.0,0.0,-10.94349,-62.79618,-6.13065,13.09,-1.83,1.16,2.0
1758077160.0367,1758077160.01498,0.0,0.0,0.0,-12.37589,-31.16891,-3.95341,13.09,-1.83,1.16,2.0
1758077160.04737,1758077160.02498,0.0,0.0,0.0,-19.19409,-24.23611,-5.50039,13.77,-0.28,1.74,2.0
1758077160.04797,1758077160.03498,0.0,0.0,0.0,-24.57989,-31.16891,-6.53172,13.77,-0.28,1.74,2.0
1758077160.06616,1758077160.04498,0.0,0.0,0.0,-28.64789,-31.16891,-6.70361,9.3,0.89,2.45,2.0
1758077160.06736,1758077160.05498,0.0,0.0,0.0,-32.25753,-23.0902,-6.24524,9.3,0.89,2.45,2.0
1758077160.08338,1758077160.06498,0.0,0.0,0.0,-36.6693,-13.40721,-5.4431,10.83,0.46,1.87,2.0
1758077160.08695,1758077160.07498,0.0,0.0,0.0,-39.01843,-9.68299,-5.55769,10.07,-0.56,2.22,2.0
1758077160.10662,1758077160.08498,0.0,0.0,0.0,-40.33623,-3.89611,-6.13065,10.07,-0.56,2.22,2.0
1758077160.11126,1758077160.09498,0.0,0.0,0.0,-40.7946,3.26586,-6.7609,10.34,-1.37,1.64,2.0
1758077160.12658,1758077160.10498,0.0,0.0,0.0,-40.62271,11.74564,-7.16197,10.34,-1.37,1.64,2.0
1758077160.12784,1758077160.11498,0.0,0.0,0.0,-40.10705,16.55848,-6.41713,10.9,-1.98,1.36,2.0
1758077160.1436,1758077160.12498,0.0,0.0,0.0,-39.4195,21.31403,-4.35448,10.9,-1.98,1.36,2.0
1758077160.14776,1758077160.13498,0.0,0.0,0.0,-38.44547,26.69983,-2.00535,11.22,-2.18,1.1,2.0
1758077160.16584,1758077160.14498,0.0,0.0,0.0,-37.01308,32.37212,1.71887,10.78,-1.89,1.06,2.0
1758077160.16705,1758077160.15498,0.0,0.0,0.0,-35.86716,35.2369,4.18259,10.78,-1.89,1.06,2.0
1758077160.18374,1758077160.16498,0.0,0.0,0.0,-34.77854,36.7266,6.07335,10.26,-1.52,1.02,2.0
1758077160.1891,1758077160.17498,0.0,0.0,0.0,-33.34615,37.47144,7.73493,10.26,-1.52,1.02,2.0
1758077160.20449,1758077160.18498,0.0,0.0,0.0,-31.51268,37.12767,8.99544,9.7,-1.35,0.79,2.0
1758077160.20724,1758077160.19498,0.0,0.0,0.0,-30.19488,35.3515,9.22462,9.7,-1.35,0.79,2.0
1758077160.2235,1758077160.20498,0.0,0.0,0.0,-28.99167,32.88778,8.99544,9.13,-1.47,0.63,2.0
1758077160.22468,1758077160.21498,0.0,0.0,0.0,-26.98631,28.64789,8.25059,9.13,-1.47,0.63,2.0
1758077160.24088,1758077160.22498,0.0,0.0,0.0,-25.21014,26.01229,7.79223,8.79,-1.72,0.51,2.0
1758077160.25673,1758077160.23498,0.0,0.0,0.0,-23.94964,23.31938,7.10468,8.7,-1.89,0.53,2.0
1758077160.25786,1758077160.24498,0.0,0.0,0.0,-22.51724,21.42862,6.35983,8.7,-1.89,0.53,2.0
1758077160.27356,1758077160.25498,0.0,0.0,0.0,-20.45459,17.93358,5.09932,8.65,-1.75,0.58,2.0
1758077160.27661,1758077160.26498,0.0,0.0,0.0,-18.9649,15.41257,4.18259,8.65,-1.75,0.58,2.0
1758077160.29195,1758077160.27498,0.0,0.0,0.0,-17.58981,13.12073,3.09397,8.61,-1.49,0.56,2.0
1758077160.30788,1758077160.28498,0.0,0.0,0.0,-16.04282,11.86023,2.23454,8.61,-1.49,0.56,2.0
1758077160.31159,1758077160.29498,0.0,0.0,0.0,-12.2613,11.34457,1.94806,8.79,-1.4,0.42,2.0
1758077160.32693,1758077160.30498,0.0,0.0,0.0,-9.33921,11.45916,2.23454,8.97,-1.6,0.35,2.0
1758077160.32787,1758077160.31498,0.0,0.0,0.0,-6.41713,13.80828,2.29183,8.97,-1.6,0.35,2.0
1758077160.34362,1758077160.32498,0.0,0.0,0.0,-3.55234,17.81899,2.57831,9.27,-1.89,0.3,2.0
1758077160.34472,1758077160.33498,0.0,0.0,0.0,-0.17189,24.92367,1.83346,9.27,-1.89,0.3,2.0
1758077160.36073,1758077160.34497,0.0,0.0,0.0,1.08862,29.56462,1.08862,9.32,-1.85,0.13,2.0
1758077160.377,1758077160.35497,0.0,0.0,0.0,1.60428,34.89313,-0.45837,9.32,-1.85,0.13,2.0
1758077160.37873,1758077160.36497,0.0,0.0,0.0,1.71887,39.76327,-2.06265,9.35,-1.48,0.12,2.0
1758077160.39478,1758077160.37497,0.0,0.0,0.0,1.60428,43.83128,-4.64096,9.06,-1.17,0.29,2.0
1758077160.39653,1758077160.38497,0.0,0.0,0.0,2.57831,40.39353,-6.07335,9.06,-1.17,0.29,2.0
1758077160.41174,1758077160.39497,0.0,0.0,0.0,4.58366,31.91375,-6.18794,8.18,-1.23,0.57,2.0
1758077160.41602,1758077160.40497,0.0,0.0,0.0,8.93814,21.60051,-4.18259,8.18,-1.23,0.57,2.0
1758077160.43177,1758077160.41497,0.0,0.0,0.0,13.5791,4.0107,-1.3751,7.7,-1.8,0.59,2.0
1758077160.43519,1758077160.42497,0.0,0.0,0.0,18.62113,-5.95876,1.60428,7.7,-1.8,0.59,2.0
1758077160.45106,1758077160.43497,0.0,0.0,0.0,23.66316,-14.38124,4.35448,7.78,-2.75,0.67,2.0
1758077160.46679,1758077160.44497,0.0,0.0,0.0,30.76784,-27.38738,8.02141,7.78,-2.75,0.67,2.0
1758077160.46908,1758077160.45497,0.0,0.0,0.0,34.43476,-40.27893,9.68299,8.28,-3.15,0.7,2.0
1758077160.48487,1758077160.46497,0.0,0.0,0.0,36.03905,-48.9879,9.68299,8.39,-2.61,0.28,2.0
1758077160.48663,1758077160.47497,0.0,0.0,0.0,37.24226,-53.39967,9.62569,8.39,-2.61,0.28,2.0
1758077160.50194,1758077160.48497,0.0,0.0,0.0,37.24226,-45.43555,5.90147,9.83,-1.69,-0.25,2.0
1758077160.50698,1758077160.49497,0.0,0.0,0.0,37.58603,-31.62727,3.95341,9.83,-1.69,-0.25,2.0
1758077160.52706,1758077160.50497,0.0,0.0,0.0,38.15899,-17.87628,1.43239,11.97,-1.2,-0.16,2.0
1758077160.52959,1758077160.51497,0.0,0.0,0.0,38.38818,-11.45916,-1.3751,11.97,-1.2,-0.16,2.0
1758077160.54661,1758077160.52497,0.0,0.0,0.0,38.84654,-9.74028,-6.41713,11.0,-1.36,-0.52,2.0
1758077160.55187,1758077160.53497,0.0,0.0,0.0,39.24761,-12.83425,-10.25595,9.79,-1.7,-1.16,2.0
1758077160.56684,1758077160.54497,0.0,0.0,0.0,40.50812,-19.42327,-11.97482,9.79,-1.7,-1.16,2.0
1758077160.57067,1758077160.55497,0.0,0.0,0.0,40.68,-25.09555,-14.72501,9.36,-1.76,-0.53,2.0
1758077160.58688,1758077160.56497,0.0,0.0,0.0,40.39353,-36.89849,-15.06879,9.36,-1.76,-0.53,2.0
1758077160.58777,1758077160.57497,0.0,0.0,0.0,39.70598,-50.64947,-12.89155,10.75,-1.52,2.08,2.0
1758077160.6058,1758077160.58497,0.0,0.0,0.0,36.95578,-69.78626,-9.85487,10.75,-1.52,2.08,2.0
1758077160.60745,1758077160.59497,0.0,0.0,0.0,35.52338,-92.07432,-2.29183,12.4,-0.73,3.98,2.0
1758077160.62667,1758077160.60497,0.0,0.0,0.0,32.48671,-89.49601,10.65701,15.5,0.2,2.31,2.0
1758077160.63035,1758077160.61497,0.0,0.0,0.0,28.99167,-73.45319,15.75634,15.5,0.2,2.31,2.0
1758077160.64488,1758077160.62497,0.0,0.0,0.0,24.92367,-63.19725,16.55848,12.83,-0.15,0.61,2.0
1758077160.64605,1758077160.63497,0.0,0.0,0.0,21.14215,-52.36834,13.17803,12.83,-0.15,0.61,2.0
1758077160.66113,1758077160.64497,0.0,0.0,0.0,21.60051,-42.85724,9.74028,8.78,-0.95,0.93,2.0
1758077160.67708,1758077160.65497,0.0,0.0,0.0,24.4653,-34.72124,6.53172,8.78,-0.95,0.93,2.0
1758077160.67851,1758077160.66497,0.0,0.0,0.0,29.27814,-27.04361,4.18259,9.14,-1.14,1.53,2.0
1758077160.69386,1758077160.67497,0.0,0.0,0.0,38.15899,-11.63104,0.34377,9.14,-1.14,1.73,2.0
1758077160.69646,1758077160.68497,0.0,0.0,0.0,44.11775,-1.3178,-0.85944,10.75,-0.78,1.73,2.0
1758077160.71187,1758077160.69497,0.0,0.0,0.0,49.21708,7.62034,-0.0573,12.25,-0.39,0.85,2.0
1758077160.71605,1758077160.70497,0.0,0.0,0.0,53.39967,16.55848,1.77617,12.25,-0.39,0.85,2.0
1758077160.73112,1758077160.71497,0.0,0.0,0.0,56.66553,27.44468,3.60963,12.45,-0.23,0.53,2.0
1758077160.74685,1758077160.72497,0.0,0.0,0.0,56.66553,34.14828,3.60963,12.45,-0.23,0.53,2.0
1758077160.75047,1758077160.73497,0.0,0.0,0.0,54.88936,40.68,1.60428,11.64,-0.33,0.29,2.0
1758077160.76691,1758077160.74497,0.0,0.0,0.0,51.6235,44.57612,-1.43239,11.64,-0.33,0.29,2.0
1758077160.77135,1758077160.75497,0.0,0.0,0.0,45.60744,45.03448,-6.87549,10.4,-0.32,0.12,2.0
1758077160.78595,1758077160.76497,0.0,0.0,0.0,41.42485,45.26366,-10.37054,9.71,0.05,0.23,2.0
1758077160.78732,1758077160.77497,0.0,0.0,0.0,37.52874,45.43555,-13.5791,9.71,0.05,0.23,2.0
1758077160.8065,1758077160.78497,0.0,0.0,0.0,34.26288,43.54479,-16.3293,9.28,0.61,0.3,2.0
1758077160.81013,1758077160.79497,0.0,0.0,0.0,30.30947,36.84119,-18.50654,9.28,0.61,0.3,2.0
1758077160.82518,1758077160.80497,0.0,0.0,0.0,28.13223,31.16891,-18.79302,8.54,1.08,0.42,2.0
1758077160.82692,1758077160.81497,0.0,0.0,0.0,26.06958,23.60586,-18.56383,8.54,1.08,0.42,2.0
1758077160.84199,1758077160.82497,0.0,0.0,0.0,22.57454,15.12609,-16.73037,8.04,1.3,0.56,2.0
1758077160.84627,1758077160.83497,0.0,0.0,0.0,19.70975,4.46907,-15.41257,7.88,1.26,0.69,2.0
1758077160.86191,1758077160.84497,0.0,0.0,0.0,16.67307,-1.71887,-14.15206,7.88,1.26,0.69,2.0
1758077160.86305,1758077160.85497,0.0,0.0,0.0,13.5791,-7.44845,-12.83425,7.9,1.08,0.65,2.0
1758077160.87839,1758077160.86497,0.0,0.0,0.0,9.33921,-13.5791,-11.11538,7.9,1.08,0.65,2.0
1758077160.89682,1758077160.87497,0.0,0.0,0.0,7.16197,-16.04282,-9.91217,8.28,0.81,0.54,2.0
1758077160.89801,1758077160.88497,0.0,0.0,0.0,5.4431,-17.13144,-8.47978,8.28,0.81,0.54,2.0
1758077160.91283,1758077160.89497,0.0,0.0,0.0,4.23989,-17.36062,-7.04738,8.78,0.52,0.52,2.0
1758077160.91482,1758077160.90497,0.0,0.0,0.0,2.86479,-9.05273,-4.69825,9.74,0.52,0.17,2.0
1758077160.92976,1758077160.91497,0.0,0.0,0.0,2.11994,1.03132,-3.20856,9.74,0.19,0.17,2.0
1758077160.94579,1758077160.92497,0.0,0.0,0.0,1.43239,12.08941,-2.23454,10.63,-0.13,0.0,2.0
1758077160.94701,1758077160.93497,0.0,0.0,0.0,0.68755,21.94428,-1.3751,10.63,-0.13,0.0,2.0
1758077160.96179,1758077160.94497,0.0,0.0,0.0,-1.43239,32.08564,-2.23454,10.51,-0.11,0.11,2.0
1758077160.97027,1758077160.95497,0.0,0.0,0.0,-3.26586,34.32018,-3.32316,10.51,-0.11,0.11,2.0
1758077160.98626,1758077160.96497,0.0,0.0,0.0,-5.95876,34.37747,-4.58366,9.72,0.41,0.04,2.0
1758077160.98742,1758077160.97497,0.0,0.0,0.0,-8.59437,34.89313,-5.61499,9.72,0.41,0.04,2.0
1758077161.00193,1758077160.98497,0.0,0.0,0.0,-13.00614,32.37212,-6.53172,9.35,1.03,-0.04,2.0
1758077161.01034,1758077160.99497,0.0,0.0,0.0,-15.29797,24.57989,-6.87549,8.66,1.4,0.0,2.0
1758077161.02591,1758077161.00497,0.0,0.0,0.0,-17.01685,11.34457,-6.87549,8.66,1.4,0.0,2.0
1758077161.0274,1758077161.01497,0.0,0.0,0.0,-17.13144,-2.97938,-6.24524,7.65,1.35,0.15,2.0
1758077161.04192,1758077161.02497,0.0,0.0,0.0,-16.04282,-19.99623,-5.72958,7.65,1.35,0.15,2.0
1758077161.04394,1758077161.03497,0.0,0.0,0.0,-14.38124,-25.49662,-5.15662,8.44,0.88,0.0,2.0
1758077161.06202,1758077161.04497,0.0,0.0,0.0,-12.83425,-25.21014,-4.23989,8.44,0.88,0.0,2.0
1758077161.06398,1758077161.05497,0.0,0.0,0.0,-12.89155,-19.76705,-1.43239,10.32,0.2,0.7,2.0
1758077161.08131,1758077161.06497,0.0,0.0,0.0,-18.50654,-21.25674,-4.0107,10.86,0.4,0.56,2.0
1758077161.09731,1758077161.07497,0.0,0.0,0.0,-24.12152,-21.94428,-7.21927,10.86,0.4,0.56,2.0
1758077161.09898,1758077161.08497,0.0,0.0,0.0,-26.98631,-21.08485,-9.28192,10.25,0.62,-0.09,2.0
1758077161.1163,1758077161.09497,0.0,0.0,0.0,-28.70519,-12.60507,-9.68299,10.25,0.62,-0.09,2.0
1758077161.11713,1758077161.10497,0.0,0.0,0.0,-29.10626,-0.34377,-7.62034,11.18,0.6,-0.77,2.0
1758077161.13227,1758077161.11497,0.0,0.0,0.0,-28.70519,8.136,-3.72423,11.18,0.6,-0.77,2.0
1758077161.13431,1758077161.12497,0.0,0.0,0.0,-27.96034,10.08406,0.0,11.34,0.37,-1.03,2.0
1758077161.15629,1758077161.13497,0.0,0.0,0.0,-26.87172,10.02676,5.84417,10.26,0.04,-1.25,2.0
1758077161.15825,1758077161.14497,0.0,0.0,0.0,-25.89769,8.42248,9.33921,10.26,0.04,-1.25,2.0
1758077161.17378,1758077161.15497,0.0,0.0,0.0,-24.98096,5.90147,11.91752,10.43,-0.38,-0.59,2.0
1758077161.1766,1758077161.16497,0.0,0.0,0.0,-23.54857,3.89611,13.5791,10.43,-0.38,-0.59,2.0
1758077161.19211,1758077161.17497,0.0,0.0,0.0,-19.82434,-2.40642,14.09476,11.67,-0.73,0.88,2.0
1758077161.19589,1758077161.18497,0.0,0.0,0.0,-16.73037,-13.40721,11.45916,11.67,-0.73,0.88,2.0
1758077161.21236,1758077161.19497,0.0,0.0,0.0,-13.00614,-28.24682,7.84952,12.37,-1.05,2.36,2.0
1758077161.2164,1758077161.20497,0.0,0.0,0.0,-11.74564,-43.77398,2.11994,12.37,-1.05,2.36,2.0
1758077161.23236,1758077161.21497,0.0,0.0,0.0,-10.02676,-47.03984,-4.23989,12.17,-1.25,2.52,2.0
1758077161.23669,1758077161.22497,0.0,0.0,0.0,-8.25059,-39.01843,-6.70361,12.98,-0.98,2.08,2.0
1758077161.25236,1758077161.23497,0.0,0.0,0.0,-6.70361,-30.13758,-6.47442,12.98,-0.98,2.08,2.0
1758077161.25605,1758077161.24497,0.0,0.0,0.0,-4.92744,-24.57989,-3.03668,10.86,0.22,1.95,2.0
1758077161.27104,1758077161.25497,0.0,0.0,0.0,-5.78687,-19.25138,-0.45837,10.86,0.22,1.95,2.0
1758077161.28704,1758077161.26497,0.0,0.0,0.0,-9.11003,-16.50119,1.20321,9.05,1.13,2.27,2.0
1758077161.29135,1758077161.27497,0.0,0.0,0.0,-14.61043,-13.34992,2.00535,9.05,1.13,2.27,2.0
1758077161.30704,1758077161.28497,0.0,0.0,0.0,-25.21014,-6.24524,0.51566,8.9,1.47,2.63,2.0
1758077161.31063,1758077161.29497,0.0,0.0,0.0,-32.14294,-1.66158,-2.00535,9.78,1.07,2.39,2.0
1758077161.3265,1758077161.30497,0.0,0.0,0.0,-37.01308,1.43239,-5.27121,9.78,1.07,2.39,2.0
1758077161.32719,1758077161.31497,0.0,0.0,0.0,-40.16434,4.46907,-8.02141,10.64,-0.19,1.61,2.0
1758077161.3421,1758077161.32497,0.0,0.0,0.0,-39.99245,11.80293,-8.88085,10.64,-0.19,1.61,2.0
1758077161.34407,1758077161.33497,0.0,0.0,0.0,-37.24226,18.85031,-7.44845,11.95,-1.65,1.19,2.0
1758077161.36205,1758077161.34497,0.0,0.0,0.0,-32.48671,23.20479,-5.78687,11.95,-1.65,1.19,2.0
1758077161.36719,1758077161.35497,0.0,0.0,0.0,-26.52795,26.64254,-3.03668,11.57,-2.39,0.97,2.0
1758077161.38205,1758077161.36497,0.0,0.0,0.0,-17.93358,31.16891,1.3178,10.22,-1.91,0.89,2.0
1758077161.38513,1758077161.37497,0.0,0.0,0.0,-13.12073,31.85646,4.98473,10.22,-1.91,0.89,2.0
1758077161.40107,1758077161.38497,0.0,0.0,0.0,-9.33921,31.79916,8.136,9.29,-1.11,0.96,2.0
1758077161.41744,1758077161.39497,0.0,0.0,0.0,-6.41713,31.39809,10.8862,9.29,-1.11,0.96,2.0
1758077161.42183,1758077161.40497,0.0,0.0,0.0,-3.26586,28.01764,13.75099,8.82,-0.77,0.94,2.0
1758077161.43738,1758077161.41497,0.0,0.0,0.0,-1.60428,24.75178,14.83961,8.82,-0.77,0.94,2.0
1758077161.44146,1758077161.42497,0.0,0.0,0.0,-0.51566,22.05888,15.46986,8.44,-0.93,0.82,2.0
1758077161.45738,1758077161.43497,0.0,0.0,0.0,0.45837,19.42327,15.24068,8.44,-0.93,0.82,2.0
1758077161.46157,1758077161.44497,0.0,0.0,0.0,1.3178,15.87093,14.20935,8.51,-1.24,0.66,2.0
1758077161.47713,1758077161.45497,0.0,0.0,0.0,2.11994,13.75099,13.23533,8.63,-1.39,0.6,2.0
1758077161.48068,1758077161.46497,0.0,0.0,0.0,3.26586,13.12073,12.60507,8.63,-1.39,0.6,2.0
1758077161.49637,1758077161.47497,0.0,0.0,0.0,5.32851,13.12073,12.08941,9.08,-1.33,0.48,2.0
1758077161.49723,1758077161.48497,0.0,0.0,0.0,7.10468,11.80293,12.08941,9.08,-1.33,0.48,2.0
1758077161.51225,1758077161.49497,0.0,0.0,0.0,8.76626,10.94349,12.43318,9.05,-1.13,0.32,2.0
1758077161.51522,1758077161.50497,0.0,0.0,0.0,10.08406,11.63104,12.54778,9.05,-1.13,0.32,2.0
1758077161.5314,1758077161.51497,0.0,0.0,0.0,11.34457,11.97482,11.86023,9.36,-0.87,0.25,2.0
1758077161.5474,1758077161.52497,0.0,0.0,0.0,12.49048,11.97482,11.28727,9.49,-0.72,0.28,2.0
1758077161.54999,1758077161.53497,0.0,0.0,0.0,14.09476,13.69369,11.11538,9.49,-0.72,0.28,2.0
1758077161.56611,1758077161.54497,0.0,0.0,0.0,15.29797,18.44924,10.59972,9.99,-0.88,0.18,2.0
1758077161.56737,1758077161.55497,0.0,0.0,0.0,17.18874,26.75713,10.25595,9.99,-0.88,0.18,2.0
1758077161.58214,1758077161.56497,0.0,0.0,0.0,18.27736,30.02299,9.91217,10.23,-1.12,0.16,2.0
1758077161.58681,1758077161.57497,0.0,0.0,0.0,19.48057,32.14294,9.33921,10.23,-1.12,0.16,2.0
1758077161.60212,1758077161.58497,0.0,0.0,0.0,20.85567,33.11696,8.88085,9.72,-1.22,0.0,2.0
1758077161.60376,1758077161.59497,0.0,0.0,0.0,23.31938,32.83048,8.0787,9.3,-1.31,-0.19,2.0
1758077161.62099,1758077161.60497,0.0,0.0,0.0,25.55392,29.67921,7.96411,9.3,-1.31,-0.19,2.0
1758077161.63639,1758077161.61497,0.0,0.0,0.0,28.01764,23.20479,8.0787,8.39,-1.46,-0.07,2.0
1758077161.63737,1758077161.62497,0.0,0.0,0.0,30.88243,11.63104,8.88085,8.39,-1.46,-0.07,2.0
1758077161.65373,1758077161.63497,0.0,0.0,0.0,34.95043,-23.26209,9.28192,6.55,-1.65,-0.17,2.0
1758077161.65658,1758077161.64497,0.0,0.0,0.0,37.12767,-48.24305,10.08406,6.55,-1.65,-0.17,2.0
1758077161.67243,1758077161.65497,0.0,0.0,0.0,39.82057,-41.31026,10.94349,6.14,-1.82,-0.28,2.0
1758077161.67531,1758077161.66497,0.0,0.0,0.0,41.65404,-1.71887,14.78231,6.14,-1.82,-0.28,2.0
1758077161.69147,1758077161.67497,0.0,0.0,0.0,41.65404,9.39651,11.28727,12.17,-1.97,1.35,2.0
1758077161.70743,1758077161.68497,0.0,0.0,0.0,43.54479,-18.9649,11.51645,8.19,-1.75,1.52,2.0
1758077161.70998,1758077161.69497,0.0,0.0,0.0,41.59674,-63.31184,7.96411,8.19,-1.75,1.52,2.0
1758077161.7263,1758077161.70497,0.0,0.0,0.0,36.7266,-74.7137,9.28192,6.41,-1.13,-0.47,2.0
1758077161.7276,1758077161.71497,0.0,0.0,0.0,33.9764,-66.17663,8.25059,6.41,-1.13,-0.47,2.0
1758077161.74253,1758077161.72497,0.0,0.0,0.0,34.77854,-65.08801,11.86023,11.56,-0.59,-0.79,2.0
1758077161.7437,1758077161.73497,0.0,0.0,0.0,34.49206,-59.41573,11.80293,11.56,-0.59,-0.79,2.0
1758077161.76142,1758077161.74497,0.0,0.0,0.0,31.85646,-49.04519,8.30789,11.89,-0.92,-0.63,2.0
1758077161.77744,1758077161.75497,0.0,0.0,0.0,28.64789,-42.28429,4.18259,12.21,-0.61,-0.26,2.0
1758077161.77949,1758077161.76497,0.0,0.0,0.0,24.75178,-34.37747,-0.97403,12.21,-0.61,-0.26,2.0
1758077161.79417,1758077161.77497,0.0,0.0,0.0,18.85031,-30.25217,-4.98473,13.36,0.29,1.12,2.0
1758077161.79541,1758077161.78497,0.0,0.0,0.0,10.25595,-31.45539,-4.64096,13.36,0.29,1.12,2.0
1758077161.81056,1758077161.79497,0.0,0.0,0.0,5.32851,-39.07573,-0.68755,14.3,0.68,2.59,2.0
1758077161.82649,1758077161.80497,0.0,0.0,0.0,2.29183,-48.41494,5.15662,14.3,0.68,2.59,2.0
1758077161.82742,1758077161.81497,0.0,0.0,0.0,1.66158,-51.73809,11.97482,13.35,-0.03,2.63,2.0
1758077161.8425,1758077161.82497,0.0,0.0,0.0,3.89611,-40.7946,19.36597,12.18,-1.61,1.39,2.0
1758077161.84378,1758077161.83497,0.0,0.0,0.0,5.78687,-29.96569,21.02755,12.18,-1.61,1.39,2.0
1758077161.86121,1758077161.84497,0.0,0.0,0.0,7.67763,-22.05888,19.88164,9.53,-2.44,1.18,2.0
1758077161.87748,1758077161.85497,0.0,0.0,0.0,10.59972,-14.78231,13.46451,9.53,-2.44,1.18,2.0
1758077161.87844,1758077161.86497,0.0,0.0,0.0,18.50654,-4.69825,8.59437,7.95,-2.16,1.51,2.0
1758077161.89354,1758077161.87497,0.0,0.0,0.0,25.26744,1.3751,4.69825,7.95,-2.16,1.51,2.0
1758077161.89555,1758077161.88497,0.0,0.0,0.0,32.37212,9.39651,1.71887,8.8,-1.34,1.8,2.0
1758077161.9113,1758077161.89497,0.0,0.0,0.0,41.31026,20.79837,1.14592,8.8,-1.34,1.8,2.0
1758077161.92724,1758077161.90497,0.0,0.0,0.0,45.49285,26.06958,2.46372,10.79,-0.44,1.84,2.0
1758077161.92947,1758077161.91497,0.0,0.0,0.0,47.61279,28.93437,4.35448,12.05,0.31,1.55,2.0
1758077161.94532,1758077161.92497,0.0,0.0,0.0,47.95657,31.16891,6.13065,12.05,0.31,1.55,2.0
1758077161.94778,1758077161.93497,0.0,0.0,0.0,43.94586,34.72124,5.4431,12.19,0.45,1.07,2.0
1758077161.9635,1758077161.94497,0.0,0.0,0.0,39.07573,37.75792,2.46372,12.19,0.45,1.07,2.0
1758077161.96444,1758077161.95497,0.0,0.0,0.0,33.17426,39.19032,-2.23454,10.91,0.04,1.09,2.0
1758077161.97924,1758077161.96497,0.0,0.0,0.0,27.04361,38.1017,-7.67763,10.91,0.04,1.09,2.0
1758077161.99653,1758077161.97497,0.0,0.0,0.0,18.62113,35.58068,-14.83961,9.34,-0.12,1.11,2.0
1758077161.99748,1758077161.98497,0.0,0.0,0.0,14.32395,33.34615,-18.22006,9.07,0.37,0.9,2.0
1758077162.0125,1758077161.99497,0.0,0.0,0.0,10.8862,28.76248,-20.11082,9.07,0.37,0.9,2.0
1758077162.01347,1758077162.00497,0.0,0.0,0.0,8.70896,23.26209,-20.62648,8.82,1.03,0.74,2.0
1758077162.03136,1758077162.01497,0.0,0.0,0.0,7.04738,14.20935,-18.79302,8.82,1.03,0.74,2.0
1758077162.04756,1758077162.02497,0.0,0.0,0.0,6.53172,7.39116,-17.30333,8.63,1.17,0.64,2.0
1758077162.04965,1758077162.03497,0.0,0.0,0.0,6.13065,1.60428,-15.75634,8.63,1.17,0.64,2.0
1758077162.06427,1758077162.04497,0.0,0.0,0.0,5.32851,-2.86479,-14.72501,8.41,0.8,0.55,2.0
1758077162.06548,1758077162.05497,0.0,0.0,0.0,4.52637,-8.93814,-13.69369,8.34,0.32,0.43,2.0
1758077162.08105,1758077162.06497,0.0,0.0,0.0,3.95341,-11.45916,-13.17803,8.34,0.32,0.43,2.0
1758077162.09917,1758077162.07497,0.0,0.0,0.0,3.32316,-11.91752,-12.54778,8.71,-0.05,0.25,2.0
1758077162.10192,1758077162.08497,0.0,0.0,0.0,2.7502,-10.59972,-11.57375,8.71,-0.05,0.25,2.0
1758077162.11762,1758077162.09497,0.0,0.0,0.0,2.57831,-9.11003,-10.37054,9.11,-0.3,0.13,2.0
1758077162.11934,1758077162.10497,0.0,0.0,0.0,2.34913,-6.47442,-9.33921,9.11,-0.3,0.13,2.0
1758077162.13459,1758077162.11497,0.0,0.0,0.0,2.34913,-2.92208,-7.73493,9.43,-0.41,0.1,2.0
1758077162.13712,1758077162.12497,0.0,0.0,0.0,2.40642,3.03668,-5.32851,9.43,-0.41,0.1,2.0
1758077162.15258,1758077162.13497,0.0,0.0,0.0,2.40642,10.65701,-3.95341,9.7,-0.46,0.1,2.0
1758077162.15467,1758077162.14497,0.0,0.0,0.0,2.57831,21.48592,-2.40642,10.44,-0.49,0.11,2.0
1758077162.17064,1758077162.15497,0.0,0.0,0.0,2.40642,33.11696,-1.3178,10.44,-0.49,0.11,2.0
1758077162.18658,1758077162.16497,0.0,0.0,0.0,0.74485,43.4875,-2.23454,10.44,-0.28,0.07,2.0
1758077162.18788,1758077162.17497,0.0,0.0,0.0,-1.3178,45.60744,-3.49504,10.44,-0.28,0.07,2.0
1758077162.20262,1758077162.18497,0.0,0.0,0.0,-4.23989,46.63877,-5.27121,9.82,0.33,-0.12,2.0
1758077162.20601,1758077162.19497,0.0,0.0,0.0,-7.84952,45.49285,-7.10468,9.82,0.33,-0.12,2.0
1758077162.22134,1758077162.20497,0.0,0.0,0.0,-13.75099,38.21629,-9.91217,9.25,0.92,-0.12,2.0
1758077162.22693,1758077162.21497,0.0,0.0,0.0,-17.81899,28.70519,-11.57375,8.01,1.4,0.23,2.0
1758077162.24258,1758077162.22497,0.0,0.0,0.0,-21.94428,8.93814,-11.45916,8.01,1.4,0.23,2.0
1758077162.24515,1758077162.23497,0.0,0.0,0.0,-23.83505,-14.09476,-9.39651,6.12,1.3,0.11,2.0
1758077162.26143,1758077162.24497,0.0,0.0,0.0,-22.68913,-40.50812,-7.62034,6.12,1.3,0.11,2.0
1758077162.27741,1758077162.25497,0.0,0.0,0.0,-22.51724,-49.04519,-5.84417,7.08,0.72,-0.13,2.0
1758077162.27854,1758077162.26497,0.0,0.0,0.0,-21.7724,-45.14908,-1.77617,7.08,0.72,-0.13,2.0
1758077162.29336,1758077162.27497,0.0,0.0,0.0,-23.83505,-19.13679,-1.94806,11.22,0.57,0.92,2.0
1758077162.29653,1758077162.28497,0.0,0.0,0.0,-29.33544,-17.87628,-6.58902,11.95,0.66,0.2,2.0
1758077162.31161,1758077162.29497,0.0,0.0,0.0,-31.16891,-30.25217,-9.39651,11.95,0.66,0.2,2.0
1758077162.32732,1758077162.30497,0.0,0.0,0.0,-31.74186,-32.77319,-11.86023,9.66,0.57,0.05,2.0
1758077162.32964,1758077162.31497,0.0,0.0,0.0,-30.76784,-22.40265,-10.71431,9.66,0.57,0.05,2.0
1758077162.34637,1758077162.32497,0.0,0.0,0.0,-30.25217,-11.57375,-8.42248,11.37,0.25,-1.01,2.0
1758077162.3475,1758077162.33497,0.0,0.0,0.0,-29.96569,-3.89611,-5.32851,11.37,0.25,-1.01,2.0
1758077162.36264,1758077162.34497,0.0,0.0,0.0,-29.9084,0.74485,-1.71887,11.77,0.2,-0.26,2.0
1758077162.36675,1758077162.35497,0.0,0.0,0.0,-27.96034,2.11994,3.32316,12.22,0.2,0.98,2.0
1758077162.38235,1758077162.36497,0.0,0.0,0.0,-24.63719,-6.8182,4.35448,12.22,-0.23,0.98,2.0
1758077162.38433,1758077162.37497,0.0,0.0,0.0,-19.88164,-20.97026,2.34913,12.62,-1.29,2.48,2.0
1758077162.39963,1758077162.38497,0.0,0.0,0.0,-15.41257,-33.80451,-1.60428,12.62,-1.29,2.48,2.0
1758077162.41665,1758077162.39497,0.0,0.0,0.0,-9.4538,-40.85189,-7.16197,12.81,-2.15,1.78,2.0
1758077162.41836,1758077162.40497,0.0,0.0,0.0,-6.7609,-37.47144,-9.85487,12.81,-2.15,1.78,2.0
1758077162.43367,1758077162.41497,0.0,0.0,0.0,-5.32851,-33.00237,-10.65701,12.04,-1.9,1.04,2.0
1758077162.4346,1758077162.42497,0.0,0.0,0.0,-5.90147,-30.53865,-9.96947,12.04,-1.9,1.04,2.0
1758077162.44941,1758077162.43497,0.0,0.0,0.0,-9.74028,-28.36141,-7.16197,10.06,-0.35,1.01,2.0
1758077162.46542,1758077162.44497,0.0,0.0,0.0,-13.86558,-27.10091,-4.69825,9.3,0.84,1.86,2.0
1758077162.4666,1758077162.45497,0.0,0.0,0.0,-19.53786,-26.69983,-2.7502,9.3,0.84,1.86,2.0
1758077162.48144,1758077162.46497,0.0,0.0,0.0,-26.12688,-26.47065,-2.00535,9.1,1.18,2.8,2.0
1758077162.50169,1758077162.47497,0.0,0.0,0.0,-35.86716,-23.31938,-2.97938,9.1,1.18,2.8,2.0
1758077162.50661,1758077162.48497,0.0,0.0,0.0,-41.13837,-19.36597,-4.87014,9.52,0.76,2.75,2.0
1758077162.50715,1758077162.49497,0.0,0.0,0.0,-45.20637,-14.9542,-7.44845,9.52,0.76,2.75,2.0
1758077162.52365,1758077162.50497,0.0,0.0,0.0,-46.86795,-7.96411,-10.31324,10.5,-0.16,1.98,2.0
1758077162.52464,1758077162.51497,0.0,0.0,0.0,-45.83662,-3.38045,-10.31324,11.58,-1.33,1.45,2.0
1758077162.53972,1758077162.52497,0.0,0.0,0.0,-43.20102,1.77617,-8.59437,11.58,-1.33,1.45,2.0
1758077162.55568,1758077162.53497,0.0,0.0,0.0,-40.10705,7.96411,-6.24524,12.11,-2.24,0.9,2.0
1758077162.55676,1758077162.54497,0.0,0.0,0.0,-35.2942,17.30333,-2.40642,12.11,-2.24,0.9,2.0
1758077162.57145,1758077162.55497,0.0,0.0,0.0,-32.54401,22.34536,0.22918,11.29,-2.53,0.7,2.0
1758077162.58749,1758077162.56497,0.0,0.0,0.0,-30.48136,26.75713,2.92208,11.29,-2.53,0.7,2.0
1758077162.58903,1758077162.57497,0.0,0.0,0.0,-28.70519,30.76784,5.32851,10.36,-1.97,0.61,2.0
1758077162.60369,1758077162.58497,0.0,0.0,0.0,-26.75713,34.95043,8.93814,9.95,-1.35,0.53,2.0
1758077162.6055,1758077162.59497,0.0,0.0,0.0,-25.55392,36.03905,10.59972,9.95,-1.35,0.53,2.0
1758077162.62043,1758077162.60497,0.0,0.0,0.0,-24.63719,37.12767,11.63104,9.67,-1.12,0.43,2.0
1758077162.6368,1758077162.61497,0.0,0.0,0.0,-23.66316,37.18496,12.2613,9.67,-1.12,0.43,2.0
1758077162.63764,1758077162.62497,0.0,0.0,0.0,-22.00158,35.2369,12.204,9.34,-1.21,0.34,2.0
1758077162.65245,1758077162.63497,0.0,0.0,0.0,-20.85567,35.06502,11.80293,9.34,-1.21,0.34,2.0
1758077162.6548,1758077162.64497,0.0,0.0,0.0,-19.25138,32.14294,10.8289,9.06,-1.36,0.33,2.0
1758077162.6717,1758077162.65497,0.0,0.0,0.0,-17.93358,29.96569,10.37054,9.06,-1.36,0.33,2.0
1758077162.68781,1758077162.66497,0.0,0.0,0.0,-15.12609,26.52795,10.19865,8.65,-1.57,0.35,2.0
1758077162.6887,1758077162.67497,0.0,0.0,0.0,-13.69369,24.80907,9.62569,8.67,-1.57,0.25,2.0
1758077162.70374,1758077162.68497,0.0,0.0,0.0,-12.49048,23.0902,8.42248,8.67,-1.57,0.25,2.0
1758077162.70576,1758077162.69497,0.0,0.0,0.0,-10.8862,21.37133,6.70361,8.74,-1.29,0.29,2.0
1758077162.72074,1758077162.70497,0.0,0.0,0.0,-9.5684,17.13144,5.61499,8.74,-1.29,0.29,2.0
1758077162.73684,1758077162.71497,0.0,0.0,0.0,-8.25059,13.5218,4.87014,8.5,-1.19,0.32,2.0
1758077162.74015,1758077162.72497,0.0,0.0,0.0,-6.87549,10.71431,4.52637,8.5,-1.19,0.32,2.0
1758077162.75544,1758077162.73497,0.0,0.0,0.0,-4.87014,9.4538,3.83882,8.52,-1.29,0.14,2.0
1758077162.75673,1758077162.74497,0.0,0.0,0.0,-3.60963,12.08941,3.09397,9.04,-1.38,0.03,2.0
1758077162.77151,1758077162.75497,0.0,0.0,0.0,-2.57831,16.61578,1.94806,9.04,-1.38,0.03,2.0
1758077162.78787,1758077162.76497,0.0,0.0,0.0,-1.66158,24.00693,0.57296,9.64,-1.36,-0.12,2.0
1758077162.78906,1758077162.77497,0.0,0.0,0.0,-0.11459,37.52874,-1.3751,9.64,-1.36,-0.12,2.0
1758077162.80377,1758077162.78497,0.0,0.0,0.0,2.00535,41.88322,-1.48969,9.99,-1.41,-0.04,2.0
1758077162.805,1758077162.79497,0.0,0.0,0.0,5.15662,38.21629,-1.20321,9.99,-1.41,-0.04,2.0
1758077162.8198,1758077162.80497,0.0,0.0,0.0,9.5684,29.10626,0.17189,8.6,-1.6,0.15,2.0
1758077162.83656,1758077162.81497,0.0,0.0,0.0,18.44924,13.86558,3.09397,7.63,-2.13,-0.17,2.0
1758077162.83768,1758077162.82497,0.0,0.0,0.0,25.72581,2.97938,5.27121,7.63,-2.13,-0.17,2.0
1758077162.85365,1758077162.83497,0.0,0.0,0.0,33.17426,-11.28727,7.84952,7.16,-3.03,0.13,2.0
1758077162.85611,1758077162.84497,0.0,0.0,0.0,40.27893,-30.30947,11.11538,7.16,-3.03,0.13,2.0
1758077162.87154,1758077162.85497,0.0,0.0,0.0,46.81066,-65.54638,15.0115,6.48,-3.52,-0.01,2.0
1758077162.88751,1758077162.86497,0.0,0.0,0.0,48.35764,-77.23472,15.98552,6.48,-3.52,-0.01,2.0
1758077162.88896,1758077162.87497,0.0,0.0,0.0,50.93595,-58.09792,17.76169,8.88,-3.06,0.03,2.0
1758077162.90382,1758077162.88497,0.0,0.0,0.0,50.363,-27.44468,17.30333,8.88,-3.06,0.03,2.0
1758077162.90501,1758077162.89497,0.0,0.0,0.0,45.43555,1.43239,12.54778,14.28,-1.99,0.35,2.0
1758077162.91982,1758077162.90497,0.0,0.0,0.0,41.48215,-8.88085,7.21927,10.24,-0.69,0.31,2.0
1758077162.93661,1758077162.91497,0.0,0.0,0.0,38.15899,-42.57077,2.86479,10.24,-0.69,0.31,2.0
1758077162.93772,1758077162.92497,0.0,0.0,0.0,35.52338,-55.6915,0.51566,7.23,-0.72,-2.09,2.0
1758077162.95284,1758077162.93497,0.0,0.0,0.0,36.7266,-44.86259,0.11459,7.23,-0.72,-2.09,2.0
1758077162.95453,1758077162.94497,0.0,0.0,0.0,38.61736,-38.50277,0.0573,11.52,-1.63,-1.43,2.0
1758077162.97084,1758077162.95497,0.0,0.0,0.0,39.70598,-33.9764,0.11459,11.52,-1.63,-1.43,2.0
1758077162.98685,1758077162.96497,0.0,0.0,0.0,38.27358,-26.24147,-1.43239,11.55,-2.05,0.74,2.0
1758077162.98777,1758077162.97497,0.0,0.0,0.0,35.52338,-25.49662,-4.0107,13.34,-1.25,1.91,2.0
1758077163.00367,1758077162.98497,0.0,0.0,0.0,31.79916,-35.92446,-2.46372,13.34,-1.25,1.91,2.0
1758077163.00456,1758077162.99497,0.0,0.0,0.0,27.33009,-48.30034,1.3751,13.8,0.08,3.15,2.0
1758077163.02144,1758077163.00497,0.0,0.0,0.0,21.31403,-53.74345,11.28727,13.8,0.08,3.15,2.0
1758077163.03657,1758077163.01497,0.0,0.0,0.0,17.30333,-46.40959,17.47521,13.99,0.96,1.97,2.0
1758077163.03777,1758077163.02497,0.0,0.0,0.0,14.15206,-37.52874,22.51724,13.99,0.96,1.97,2.0
1758077163.05364,1758077163.03497,0.0,0.0,0.0,12.37589,-27.84575,24.57989,11.22,0.11,0.89,2.0
1758077163.05564,1758077163.04497,0.0,0.0,0.0,12.89155,-16.04282,23.37668,8.6,-0.89,1.21,2.0
1758077163.07085,1758077163.05497,0.0,0.0,0.0,16.61578,-12.37589,21.08485,8.6,-0.89,1.21,2.0
1758077163.08688,1758077163.06497,0.0,0.0,0.0,22.40265,-7.62034,18.10547,8.61,-1.18,1.7,2.0
1758077163.08806,1758077163.07497,0.0,0.0,0.0,29.56462,-1.20321,15.46986,8.61,-1.18,1.7,2.0
1758077163.10367,1758077163.08497,0.0,0.0,0.0,39.70598,10.54242,10.8862,11.3,-0.93,1.68,2.0
1758077163.10619,1758077163.09497,0.0,0.0,0.0,44.57612,15.64175,7.79223,11.3,-0.93,1.68,2.0
1758077163.12183,1758077163.10497,0.0,0.0,0.0,47.89928,20.16812,5.09932,12.55,-0.39,1.14,2.0
1758077163.12633,1758077163.11497,0.0,0.0,0.0,48.9879,23.72045,1.08862,12.55,-0.39,1.14,2.0
1758077163.14494,1758077163.12497,0.0,0.0,0.0,47.89928,27.96034,-2.23454,12.3,-0.13,1.08,2.0
1758077163.15873,1758077163.13497,0.0,0.0,0.0,44.9199,29.10626,-5.61499,10.87,-0.04,0.94,2.0
1758077163.15988,1758077163.14497,0.0,0.0,0.0,40.68,30.19488,-9.39651,10.87,-0.04,0.94,2.0
1758077163.1769,1758077163.15497,0.0,0.0,0.0,32.77319,27.33009,-14.49583,9.57,0.27,0.89,2.0
1758077163.17784,1758077163.16497,0.0,0.0,0.0,27.38738,23.20479,-16.84496,9.57,0.27,0.89,2.0
1758077163.19347,1758077163.17497,0.0,0.0,0.0,22.23076,19.36597,-18.33465,8.53,0.95,0.91,2.0
1758077163.19464,1758077163.18497,0.0,0.0,0.0,17.47521,15.12609,-19.36597,8.53,0.95,0.91,2.0
1758077163.20969,1758077163.19497,0.0,0.0,0.0,11.63104,6.53172,-18.9649,8.18,1.64,0.99,2.0
1758077163.22668,1758077163.20497,0.0,0.0,0.0,8.136,0.85944,-18.22006,8.05,1.91,1.18,2.0
1758077163.22959,1758077163.21497,0.0,0.0,0.0,5.27121,-5.21392,-16.84496,8.05,1.91,1.18,2.0
1758077163.24545,1758077163.22497,0.0,0.0,0.0,2.6929,-11.17268,-15.0115,8.31,1.59,1.27,2.0
1758077163.24706,1758077163.23497,0.0,0.0,0.0,-0.74485,-17.47521,-13.06344,8.31,1.59,1.27,2.0
1758077163.26165,1758077163.24497,0.0,0.0,0.0,-3.20856,-19.88164,-12.49048,8.88,1.11,1.05,2.0
1758077163.26716,1758077163.25497,0.0,0.0,0.0,-5.61499,-20.22541,-12.83425,8.88,1.11,1.05,2.0
1758077163.2857,1758077163.26497,0.0,0.0,0.0,-7.96411,-19.19409,-13.12073,9.28,0.72,0.68,2.0
1758077163.28779,1758077163.27497,0.0,0.0,0.0,-10.94349,-15.29797,-13.69369,9.47,0.39,0.41,2.0
1758077163.30371,1758077163.28497,0.0,0.0,0.0,-12.43318,-11.91752,-13.75099,9.47,0.39,0.41,2.0
1758077163.30505,1758077163.29497,0.0,0.0,0.0,-13.34992,-8.36518,-13.5218,9.51,0.03,0.19,2.0
1758077163.31995,1758077163.30497,0.0,0.0,0.0,-13.69369,-3.72423,-12.49048,9.51,0.03,0.19,2.0
1758077163.33691,1758077163.31497,0.0,0.0,0.0,-13.5218,3.60963,-11.28727,9.71,-0.29,-0.04,2.0
1758077163.33872,1758077163.32497,0.0,0.0,0.0,-13.12073,8.42248,-9.74028,9.71,-0.29,-0.04,2.0
1758077163.3539,1758077163.33497,0.0,0.0,0.0,-12.60507,13.69369,-8.0787,9.98,-0.48,-0.2,2.0
1758077163.35657,1758077163.34497,0.0,0.0,0.0,-12.49048,26.12688,-5.84417,9.98,-0.48,-0.2,2.0
1758077163.37194,1758077163.35497,0.0,0.0,0.0,-12.60507,38.44547,-4.64096,10.48,-0.42,-0.3,2.0
1758077163.37636,1758077163.36497,0.0,0.0,0.0,-12.83425,49.15978,-3.83882,10.6,-0.19,-0.23,2.0
1758077163.39211,1758077163.37497,0.0,0.0,0.0,-13.46451,53.45696,-3.60963,10.6,-0.19,-0.23,2.0
1758077163.40957,1758077163.38497,0.0,0.0,0.0,-14.72501,51.22243,-2.46372,9.28,0.08,-0.05,2.0
1758077163.4137,1758077163.39497,0.0,0.0,0.0,-16.3293,47.49821,-2.00535,9.28,0.08,-0.05,2.0
1758077163.41624,1758077163.40497,0.0,0.0,0.0,-18.56383,42.05511,-1.83346,8.82,0.39,0.04,2.0
1758077163.43175,1758077163.41497,0.0,0.0,0.0,-21.08485,35.63798,-2.6929,8.82,0.39,0.04,2.0
1758077163.43666,1758077163.42497,0.0,0.0,0.0,-25.26744,16.38659,-3.60963,8.3,0.84,0.21,2.0
1758077163.45184,1758077163.43497,0.0,0.0,0.0,-27.10091,-4.92744,-3.20856,6.93,1.07,0.18,2.0
1758077163.45608,1758077163.44497,0.0,0.0,0.0,-26.52795,-20.74107,-4.0107,6.93,1.07,0.18,2.0
1758077163.47202,1758077163.45497,0.0,0.0,0.0,-23.72045,-32.6013,-3.89611,7.6,0.92,0.35,2.0
1758077163.47485,1758077163.46497,0.0,0.0,0.0,-21.08485,-35.98175,-3.66693,7.6,0.92,0.35,2.0
1758077163.49072,1758077163.47497,0.0,0.0,0.0,-19.07949,-30.99702,-1.14592,9.97,0.16,0.47,2.0
1758077163.50676,1758077163.48497,0.0,0.0,0.0,-18.27736,-23.72045,-0.51566,9.97,0.16,0.47,2.0
1758077163.50795,1758077163.49497,0.0,0.0,0.0,-21.48592,-26.47065,-3.49504,11.27,0.03,0.48,2.0
1758077163.52382,1758077163.50497,0.0,0.0,0.0,-24.17882,-26.18417,-7.62034,10.81,0.0,-0.45,2.0
1758077163.52755,1758077163.51497,0.0,0.0,0.0,-24.12152,-20.62648,-9.33921,10.81,0.0,-0.45,2.0
1758077163.54274,1758077163.52497,0.0,0.0,0.0,-22.23076,-10.02676,-9.39651,11.6,-0.01,-1.15,2.0
1758077163.54435,1758077163.53497,0.0,0.0,0.0,-17.6471,1.08862,-5.78687,11.6,-0.01,-1.15,2.0
1758077163.56105,1758077163.54497,0.0,0.0,0.0,-14.32395,8.47978,-2.46372,11.31,-0.04,-1.6,2.0
1758077163.57705,1758077163.55497,0.0,0.0,0.0,-11.00079,11.00079,1.20321,11.31,-0.04,-1.6,2.0
1758077163.57982,1758077163.56497,0.0,0.0,0.0,-7.62034,14.09476,5.21392,10.88,-0.08,-1.66,2.0
1758077163.59478,1758077163.57497,0.0,0.0,0.0,-2.92208,15.92823,9.39651,10.88,-0.08,-1.66,2.0
1758077163.59601,1758077163.58497,0.0,0.0,0.0,0.68755,14.83961,10.8289,11.76,-0.46,-0.86,2.0
1758077163.61186,1758077163.59497,0.0,0.0,0.0,5.50039,10.08406,10.25595,12.48,-1.09,0.41,2.0
1758077163.62803,1758077163.60497,0.0,0.0,0.0,10.37054,-0.85944,7.50575,12.48,-1.09,0.41,2.0
1758077163.63062,1758077163.61497,0.0,0.0,0.0,14.72501,-24.29341,0.45837,12.16,-1.32,2.13,2.0
1758077163.64588,1758077163.62497,0.0,0.0,0.0,14.43854,-34.95043,-3.20856,12.16,-1.32,2.13,2.0
1758077163.64721,1758077163.63497,0.0,0.0,0.0,13.69369,-37.52874,-5.61499,11.9,-1.07,1.93,2.0
1758077163.66196,1758077163.64497,0.0,0.0,0.0,12.43318,-34.37747,-6.07335,11.9,-1.07,1.93,2.0
1758077163.6662,1758077163.65497,0.0,0.0,0.0,10.8289,-28.01764,-3.49504,11.78,-0.24,1.82,2.0
1758077163.68173,1758077163.66497,0.0,0.0,0.0,9.74028,-23.60586,-0.85944,10.07,0.88,1.18,2.0
1758077163.68653,1758077163.67497,0.0,0.0,0.0,8.30789,-19.88164,1.71887,10.07,0.88,1.18,2.0
1758077163.70183,1758077163.68497,0.0,0.0,0.0,5.95876,-18.27736,3.55234,9.14,1.4,1.52,2.0
1758077163.71793,1758077163.69497,0.0,0.0,0.0,0.57296,-16.95955,4.23989,9.14,1.4,1.52,2.0
1758077163.72087,1758077163.70497,0.0,0.0,0.0,-4.58366,-15.92823,3.09397,9.21,1.39,2.72,2.0
1758077163.73608,1758077163.71497,0.0,0.0,0.0,-10.31324,-13.98017,1.3178,9.21,1.39,2.72,2.0
1758077163.7378,1758077163.72497,0.0,0.0,0.0,-15.35527,-11.22997,-2.40642,9.66,0.83,3.03,2.0
1758077163.75299,1758077163.73497,0.0,0.0,0.0,-21.14215,-6.24524,-5.21392,10.21,-0.26,2.39,2.0
1758077163.75398,1758077163.74497,0.0,0.0,0.0,-23.20479,-2.06265,-7.21927,10.21,-0.26,2.39,2.0
1758077163.76979,1758077163.75497,0.0,0.0,0.0,-23.54857,1.83346,-8.136,10.9,-1.54,1.71,2.0
1758077163.78583,1758077163.76497,0.0,0.0,0.0,-21.31403,7.67763,-6.8182,10.9,-1.54,1.71,2.0
1758077163.78703,1758077163.77497,0.0,0.0,0.0,-18.33465,11.63104,-4.23989,11.29,-2.33,1.39,2.0
1758077163.80198,1758077163.78497,0.0,0.0,0.0,-14.78231,15.98552,-1.03132,11.29,-2.33,1.39,2.0
1758077163.80571,1758077163.79497,0.0,0.0,0.0,-11.45916,20.85567,2.34913,10.99,-2.25,1.19,2.0
1758077163.82112,1758077163.80497,0.0,0.0,0.0,-7.33386,27.61657,6.87549,10.99,-2.25,1.02,2.0
1758077163.83709,1758077163.81497,0.0,0.0,0.0,-5.4431,30.36677,9.4538,10.22,-1.44,1.02,2.0
1758077163.83804,1758077163.82497,0.0,0.0,0.0,-3.66693,32.20023,11.80293,9.78,-0.72,0.89,2.0
1758077163.85311,1758077163.83497,0.0,0.0,0.0,-2.40642,33.86181,13.69369,9.78,-0.72,0.89,2.0
1758077163.85651,1758077163.84497,0.0,0.0,0.0,-1.20321,36.03905,15.92823,9.75,-0.56,0.65,2.0
1758077163.87212,1758077163.85497,0.0,0.0,0.0,-0.97403,36.03905,16.61578,9.75,-0.56,0.65,2.0
1758077163.88805,1758077163.86497,0.0,0.0,0.0,-1.03132,35.52338,16.73037,9.38,-0.8,0.46,2.0
1758077163.88986,1758077163.87497,0.0,0.0,0.0,-1.20321,34.14828,16.3293,9.38,-0.8,0.46,2.0
1758077163.90589,1758077163.88497,0.0,0.0,0.0,-2.00535,30.93972,14.78231,9.0,-1.06,0.38,2.0
1758077163.90683,1758077163.89497,0.0,0.0,0.0,-2.23454,28.87707,13.5791,8.83,-1.15,0.36,2.0
1758077163.92192,1758077163.90497,0.0,0.0,0.0,-2.29183,27.61657,12.14671,8.83,-1.15,0.36,2.0
1758077163.93947,1758077163.91497,0.0,0.0,0.0,-2.06265,26.75713,10.8862,9.01,-1.15,0.38,2.0
1758077163.94065,1758077163.92497,0.0,0.0,0.0,-0.40107,25.55392,9.74028,9.01,-1.15,0.38,2.0
1758077163.95605,1758077163.93497,0.0,0.0,0.0,1.20321,24.57989,9.68299,9.06,-1.08,0.43,2.0
1758077163.95699,1758077163.94497,0.0,0.0,0.0,3.20856,23.0329,9.85487,9.06,-1.08,0.43,2.0
1758077163.97198,1758077163.95497,0.0,0.0,0.0,5.95876,21.25674,9.96947,8.9,-0.98,0.36,2.0
1758077163.98794,1758077163.96497,0.0,0.0,0.0,7.44845,18.85031,10.02676,8.7,-0.97,0.31,2.0
1758077163.98988,1758077163.97497,0.0,0.0,0.0,8.42248,16.73037,9.68299,8.7,-0.97,0.31,2.0
1758077164.00512,1758077163.98497,0.0,0.0,0.0,9.22462,15.12609,9.11003,8.65,-1.02,0.26,2.0
1758077164.00712,1758077163.99497,0.0,0.0,0.0,9.96947,12.2613,7.79223,8.65,-1.02,0.26,2.0
1758077164.02189,1758077164.00497,0.0,0.0,0.0,10.8862,12.2613,7.50575,8.64,-1.03,0.18,2.0
1758077164.02706,1758077164.01497,0.0,0.0,0.0,11.97482,18.62113,6.87549,8.64,-1.03,0.18,2.0
1758077164.0459,1758077164.02497,0.0,0.0,0.0,13.46451,28.36141,6.47442,9.56,-1.04,0.09,2.0
1758077164.04736,1758077164.03497,0.0,0.0,0.0,15.87093,39.53409,5.72958,9.75,-1.11,0.17,2.0
1758077164.0619,1758077164.04497,0.0,0.0,0.0,18.16276,39.64868,5.72958,9.75,-1.11,0.17,2.0
1758077164.0718,1758077164.05497,0.0,0.0,0.0,21.31403,33.34615,5.72958,8.46,-1.24,0.31,2.0
1758077164.08717,1758077164.06497,0.0,0.0,0.0,24.98096,24.12152,5.61499,8.46,-1.24,0.31,2.0
1758077164.09313,1758077164.07497,0.0,0.0,0.0,31.51268,6.35983,4.92744,7.61,-1.53,0.32,2.0
1758077164.09702,1758077164.08497,0.0,0.0,0.0,36.21093,-8.59437,4.52637,7.61,-1.53,0.32,2.0
1758077164.1129,1758077164.09497,0.0,0.0,0.0,40.96649,-24.98096,4.64096,6.95,-2.01,0.54,2.0
1758077164.11722,1758077164.10497,0.0,0.0,0.0,45.20637,-49.15978,5.50039,6.95,-2.01,0.54,2.0
1758077164.1329,1758077164.11497,0.0,0.0,0.0,49.04519,-83.25077,8.59437,6.12,-2.42,0.57,2.0
1758077164.136,1758077164.12497,0.0,0.0,0.0,50.76406,-73.45319,9.74028,8.84,-2.53,0.11,2.0
1758077164.15227,1758077164.13497,0.0,0.0,0.0,52.71212,-42.51347,12.08941,8.84,-2.53,0.11,2.0
1758077164.15401,1758077164.14497,0.0,0.0,0.0,53.80074,-10.25595,11.28727,14.71,-1.65,0.42,2.0
1758077164.16996,1758077164.15497,0.0,0.0,0.0,53.39967,-10.59972,9.74028,14.71,-1.65,0.42,2.0
1758077164.18716,1758077164.16497,0.0,0.0,0.0,49.61814,-46.86795,3.55234,9.44,-0.86,-0.16,2.0
1758077164.19076,1758077164.17497,0.0,0.0,0.0,48.41494,-70.93218,2.92208,9.44,-0.86,-0.16,2.0
1758077164.20604,1758077164.18497,0.0,0.0,0.0,44.51882,-51.22243,0.11459,8.45,-0.13,-1.93,2.0
1758077164.20716,1758077164.19497,0.0,0.0,0.0,41.94051,-40.62271,-2.46372,12.38,0.03,-1.52,2.0
1758077164.22204,1758077164.20497,0.0,0.0,0.0,39.82057,-36.61201,-3.72423,12.38,0.03,-1.52,2.0
1758077164.22665,1758077164.21497,0.0,0.0,0.0,36.55471,-28.30412,-5.09932,12.52,-0.52,-0.05,2.0
1758077164.24232,1758077164.22497,0.0,0.0,0.0,29.04896,-15.06879,-7.84952,12.52,-0.52,-0.05,2.0
1758077164.24709,1758077164.23497,0.0,0.0,0.0,21.7724,-12.54778,-8.99544,14.94,-0.15,1.02,2.0
1758077164.26199,1758077164.24497,0.0,0.0,0.0,14.38124,-18.73572,-5.84417,14.94,-0.15,1.02,2.0
1758077164.26714,1758077164.25497,0.0,0.0,0.0,7.33386,-29.62192,-0.45837,14.91,0.6,2.56,2.0
1758077164.28204,1758077164.26497,0.0,0.0,0.0,-1.77617,-38.84654,9.62569,13.62,0.7,1.52,2.0
1758077164.28394,1758077164.27497,0.0,0.0,0.0,-5.90147,-33.9764,15.29797,13.62,0.7,1.52,2.0
1758077164.30079,1758077164.28497,0.0,0.0,0.0,-8.65166,-22.05888,18.44924,11.87,-0.63,0.28,2.0
1758077164.31731,1758077164.29497,0.0,0.0,0.0,-10.59972,-10.59972,18.79302,11.87,-0.63,0.28,2.0
1758077164.32165,1758077164.30497,0.0,0.0,0.0,-10.65701,-2.63561,14.43854,8.94,-1.85,0.74,2.0
1758077164.33729,1758077164.31497,0.0,0.0,0.0,-6.99009,-2.00535,10.37054,8.94,-1.85,0.74,2.0
1758077164.34305,1758077164.32497,0.0,0.0,0.0,-0.45837,-2.29183,6.41713,7.97,-1.94,1.87,2.0
1758077164.3468,1758077164.33497,0.0,0.0,0.0,8.59437,-3.32316,3.83882,7.97,-1.94,1.87,2.0
1758077164.36335,1758077164.34497,0.0,0.0,0.0,23.66316,-2.57831,1.71887,9.6,-1.69,3.15,2.0
1758077164.36736,1758077164.35497,0.0,0.0,0.0,32.6013,-1.14592,2.23454,11.19,-1.24,3.15,2.0
1758077164.38334,1758077164.36497,0.0,0.0,0.0,39.82057,-0.11459,4.35448,11.19,-1.24,3.15,2.0
1758077164.38577,1758077164.37497,0.0,0.0,0.0,46.40959,4.0107,8.93814,11.35,-0.64,2.52,2.0
1758077164.40202,1758077164.38497,0.0,0.0,0.0,47.89928,8.30789,11.28727,11.35,-0.64,2.52,2.0
1758077164.4056,1758077164.39497,0.0,0.0,0.0,46.86795,12.71966,11.51645,11.05,-0.22,1.96,2.0
1758077164.42117,1758077164.40497,0.0,0.0,0.0,43.77398,16.3293,9.5684,11.05,-0.22,1.96,2.0
1758077164.4373,1758077164.41497,0.0,0.0,0.0,36.32552,19.88164,3.83882,10.06,-0.05,1.6,2.0
1758077164.44301,1758077164.42497,0.0,0.0,0.0,30.65324,21.37133,-0.68755,9.13,0.07,1.38,2.0
1758077164.45803,1758077164.43497,0.0,0.0,0.0,25.72581,22.40265,-4.87014,9.13,0.07,1.38,2.0
1758077164.45913,1758077164.44497,0.0,0.0,0.0,21.25674,23.26209,-8.70896,9.15,0.5,1.13,2.0
1758077164.47434,1758077164.45497,0.0,0.0,0.0,16.50119,22.86102,-13.80828,9.15,0.5,1.13,2.0
1758077164.47634,1758077164.46497,0.0,0.0,0.0,14.43854,22.28806,-15.98552,9.16,0.86,0.93,2.0
1758077164.49126,1758077164.47497,0.0,0.0,0.0,13.34992,21.31403,-16.90226,9.16,0.86,0.93,2.0
1758077164.50728,1758077164.48497,0.0,0.0,0.0,13.17803,19.53786,-16.95955,9.26,1.11,0.78,2.0
1758077164.50984,1758077164.49497,0.0,0.0,0.0,13.5218,16.50119,-15.46986,9.21,0.95,0.8,2.0
1758077164.52518,1758077164.50497,0.0,0.0,0.0,14.03747,13.40721,-13.75099,9.21,0.95,0.8,2.0
1758077164.52628,1758077164.51497,0.0,0.0,0.0,14.09476,10.71431,-12.14671,9.0,0.45,0.8,2.0
1758077164.54103,1758077164.52497,0.0,0.0,0.0,13.5791,9.05273,-10.71431,9.0,0.45,0.8,2.0
1758077164.55735,1758077164.53497,0.0,0.0,0.0,11.80293,7.33386,-9.85487,8.98,0.02,0.7,2.0
1758077164.56147,1758077164.54497,0.0,0.0,0.0,9.96947,6.7609,-9.96947,8.98,0.02,0.7,2.0
1758077164.57713,1758077164.55497,0.0,0.0,0.0,8.02141,7.33386,-10.48513,8.9,-0.08,0.62,2.0
1758077164.58096,1758077164.56497,0.0,0.0,0.0,5.61499,8.136,-10.71431,8.9,-0.08,0.62,2.0
1758077164.59633,1758077164.57497,0.0,0.0,0.0,4.1253,10.25595,-10.08406,8.93,0.0,0.47,2.0
1758077164.59919,1758077164.58497,0.0,0.0,0.0,3.26586,11.91752,-8.99544,9.03,0.13,0.45,2.0
1758077164.61632,1758077164.59497,0.0,0.0,0.0,2.46372,13.86558,-7.33386,9.03,0.13,0.45,2.0
1758077164.6173,1758077164.60497,0.0,0.0,0.0,1.60428,17.01685,-4.98473,9.21,0.23,0.41,2.0
1758077164.63211,1758077164.61497,0.0,0.0,0.0,0.57296,18.9649,-3.83882,9.21,0.23,0.41,2.0
1758077164.64807,1758077164.62497,0.0,0.0,0.0,-0.57296,23.37668,-3.55234,9.45,0.33,0.37,2.0
1758077164.6536,1758077164.63497,0.0,0.0,0.0,-2.00535,31.79916,-3.32316,9.45,0.33,0.37,2.0
1758077164.66809,1758077164.64497,0.0,0.0,0.0,-3.95341,46.2377,-2.06265,10.03,0.48,0.15,2.0
1758077164.6717,1758077164.65497,0.0,0.0,0.0,-5.61499,55.11855,-1.66158,10.11,0.59,0.13,2.0
1758077164.68735,1758077164.66497,0.0,0.0,0.0,-7.73493,57.46767,-1.66158,10.11,0.59,0.13,2.0
1758077164.69067,1758077164.67497,0.0,0.0,0.0,-10.94349,51.27972,-2.11994,8.59,0.84,0.31,2.0
1758077164.70634,1758077164.68497,0.0,0.0,0.0,-17.13144,29.39274,-2.29183,8.59,0.84,0.31,2.0
1758077164.7073,1758077164.69497,0.0,0.0,0.0,-23.26209,14.49583,-4.64096,7.23,1.33,0.38,2.0
1758077164.72387,1758077164.70497,0.0,0.0,0.0,-29.22085,-0.74485,-8.136,7.23,1.33,0.38,2.0
1758077164.72936,1758077164.71497,0.0,0.0,0.0,-35.00772,-26.35606,-11.22997,6.57,2.11,0.38,2.0
1758077164.74513,1758077164.72497,0.0,0.0,0.0,-39.3622,-61.1346,-14.72501,6.84,2.0,0.77,2.0
1758077164.74767,1758077164.73497,0.0,0.0,0.0,-37.64333,-65.08801,-14.83961,6.84,2.0,0.77,2.0
1758077164.76609,1758077164.74497,0.0,0.0,0.0,-36.03905,-58.78547,-11.51645,10.61,0.69,0.19,2.0
1758077164.76732,1758077164.75497,0.0,0.0,0.0,-32.25753,-44.17505,-6.87549,10.61,0.69,0.19,2.0
1758077164.78513,1758077164.76497,0.0,0.0,0.0,-26.41335,-30.76784,0.74485,12.24,-0.31,0.26,2.0
1758077164.78802,1758077164.77497,0.0,0.0,0.0,-24.92367,-33.23156,0.22918,12.24,-0.31,0.26,2.0
1758077164.80438,1758077164.78497,0.0,0.0,0.0,-24.12152,-30.48136,-0.17189,11.09,-0.15,-0.63,2.0
1758077164.80609,1758077164.79497,0.0,0.0,0.0,-22.57454,-16.50119,0.68755,11.09,-0.15,-0.63,2.0
1758077164.82142,1758077164.80497,0.0,0.0,0.0,-20.05352,-11.22997,1.3178,13.12,-0.24,0.79,2.0
1758077164.83739,1758077164.81497,0.0,0.0,0.0,-15.64175,-18.79302,-0.17189,14.37,-0.97,2.81,2.0
1758077164.83834,1758077164.82497,0.0,0.0,0.0,-10.8862,-33.74722,-2.97938,14.37,-0.97,2.81,2.0
1758077164.8534,1758077164.83497,0.0,0.0,0.0,-6.58902,-43.94586,-5.72958,13.31,-1.8,2.56,2.0
1758077164.856,1758077164.84497,0.0,0.0,0.0,-3.89611,-40.04975,-6.07335,13.31,-1.8,2.56,2.0
1758077164.87241,1758077164.85497,0.0,0.0,0.0,-1.71887,-32.25753,-5.55769,12.94,-1.97,1.26,2.0
1758077164.87495,1758077164.86497,0.0,0.0,0.0,-1.20321,-26.06958,-4.18259,12.94,-1.97,1.26,2.0
1758077164.89223,1758077164.87497,0.0,0.0,0.0,-4.18259,-20.85567,-1.94806,10.81,-0.94,1.26,2.0
1758077164.89664,1758077164.88497,0.0,0.0,0.0,-8.99544,-19.19409,-0.80214,9.07,0.39,1.85,2.0
1758077164.91216,1758077164.89497,0.0,0.0,0.0,-15.75634,-17.93358,-0.0573,9.07,0.39,1.85,2.0
1758077164.92831,1758077164.90497,0.0,0.0,0.0,-24.12152,-15.98552,-1.3751,9.17,1.15,2.51,2.0
1758077164.9302,1758077164.91497,0.0,0.0,0.0,-36.32552,-15.06879,-5.61499,9.17,1.15,2.51,2.0
1758077164.94593,1758077164.92497,0.0,0.0,0.0,-42.39888,-14.20935,-9.33921,9.26,0.98,2.5,2.0
1758077164.94712,1758077164.93497,0.0,0.0,0.0,-46.00851,-12.08941,-12.60507,9.26,0.98,2.5,2.0
1758077164.96293,1758077164.94497,0.0,0.0,0.0,-46.63877,-8.42248,-14.49583,9.9,-0.05,2.36,2.0
1758077164.96731,1758077164.95497,0.0,0.0,0.0,-43.4875,-1.71887,-13.40721,11.06,-1.61,2.09,2.0
1758077164.98506,1758077164.96497,0.0,0.0,0.0,-39.4195,2.97938,-10.59972,11.06,-1.61,2.09,2.0
1758077164.98594,1758077164.97497,0.0,0.0,0.0,-34.72124,7.73493,-7.10468,11.45,-2.71,1.65,2.0
1758077165.00144,1758077164.98497,0.0,0.0,0.0,-27.61657,11.91752,-1.3751,11.45,-2.71,1.65,2.0
1758077165.01735,1758077164.99497,0.0,0.0,0.0,-24.00693,15.98552,2.23454,10.69,-2.78,1.6,2.0
1758077165.01837,1758077165.00497,0.0,0.0,0.0,-21.25674,17.58981,5.21392,10.69,-2.78,1.6,2.0
1758077165.03444,1758077165.01497,0.0,0.0,0.0,-19.53786,18.62113,7.50575,9.71,-2.0,1.49,2.0
1758077165.03621,1758077165.02497,0.0,0.0,0.0,-17.93358,18.90761,9.91217,9.71,-2.0,1.49,2.0
1758077165.05143,1758077165.03497,0.0,0.0,0.0,-17.30333,19.42327,10.54242,9.52,-1.31,1.33,2.0
1758077165.06745,1758077165.04497,0.0,0.0,0.0,-17.01685,19.59516,10.37054,9.74,-1.1,1.08,2.0
1758077165.07162,1758077165.05497,0.0,0.0,0.0,-16.84496,19.36597,9.96947,9.74,-1.1,1.08,2.0
1758077165.08743,1758077165.06497,0.0,0.0,0.0,-16.21471,17.58981,8.76626,9.59,-1.22,0.94,2.0
1758077165.09156,1758077165.07497,0.0,0.0,0.0,-15.92823,16.272,7.79223,9.59,-1.22,0.94,2.0
1758077165.10743,1758077165.08497,0.0,0.0,0.0,-14.49583,15.06879,7.33386,9.2,-1.45,0.83,2.0
1758077165.11003,1758077165.09497,0.0,0.0,0.0,-13.69369,13.5791,6.7609,9.2,-1.45,0.83,2.0
1758077165.12618,1758077165.10497,0.0,0.0,0.0,-11.63104,11.22997,6.24524,8.77,-1.63,0.8,2.0
1758077165.12767,1758077165.11497,0.0,0.0,0.0,-10.02676,9.62569,5.84417,8.52,-1.66,0.78,2.0
1758077165.14212,1758077165.12497,0.0,0.0,0.0,-8.02141,8.25059,5.55769,8.52,-1.66,0.78,2.0
1758077165.15841,1758077165.13497,0.0,0.0,0.0,-5.78687,7.50575,5.32851,8.59,-1.59,0.72,2.0
1758077165.16122,1758077165.14497,0.0,0.0,0.0,-1.71887,7.10468,4.92744,8.59,-1.59,0.72,2.0
1758077165.17645,1758077165.15497,0.0,0.0,0.0,1.43239,7.62034,4.98473,8.81,-1.61,0.57,2.0
1758077165.17736,1758077165.16497,0.0,0.0,0.0,4.69825,7.39116,5.27121,8.81,-1.61,0.57,2.0
1758077165.19645,1758077165.17497,0.0,0.0,0.0,8.30789,8.02141,5.50039,8.9,-1.73,0.35,2.0
1758077165.20085,1758077165.18497,0.0,0.0,0.0,13.00614,13.98017,5.21392,9.37,-1.88,0.21,2.0
1758077165.21644,1758077165.19497,0.0,0.0,0.0,15.58445,20.45459,4.52637,9.37,-1.88,0.21,2.0
1758077165.21737,1758077165.20497,0.0,0.0,0.0,17.81899,27.38738,3.72423,9.72,-1.76,0.04,2.0
1758077165.23417,1758077165.21497,0.0,0.0,0.0,19.88164,36.26823,2.7502,9.72,-1.76,0.04,2.0
1758077165.2358,1758077165.22497,0.0,0.0,0.0,20.3973,41.59674,1.03132,9.57,-1.49,-0.03,2.0
1758077165.25055,1758077165.23497,0.0,0.0,0.0,21.42862,46.46688,-0.68755,9.57,-1.49,-0.03,2.0
1758077165.26619,1758077165.24497,0.0,0.0,0.0,23.49127,46.86795,-1.60428,9.46,-1.25,0.11,2.0
1758077165.26741,1758077165.25497,0.0,0.0,0.0,28.476,33.11696,-1.3751,9.46,-1.25,0.52,2.0
1758077165.28222,1758077165.26497,0.0,0.0,0.0,32.88778,18.73572,-0.11459,8.26,-1.13,0.52,2.0
1758077165.30086,1758077165.27497,0.0,0.0,0.0,37.98711,4.81285,1.3178,7.55,-1.53,0.64,2.0
1758077165.30178,1758077165.28497,0.0,0.0,0.0,43.60209,-8.93814,2.86479,7.55,-1.53,0.64,2.0
1758077165.31719,1758077165.29497,0.0,0.0,0.0,52.65482,-27.04361,5.90147,7.58,-2.42,0.89,2.0
1758077165.32158,1758077165.30497,0.0,0.0,0.0,58.09792,-43.25832,8.88085,7.58,-2.42,0.89,2.0
1758077165.33744,1758077165.31497,0.0,0.0,0.0,61.07731,-59.41573,10.02676,7.66,-2.82,0.73,2.0
1758077165.33865,1758077165.32497,0.0,0.0,0.0,63.65561,-68.58305,11.91752,7.66,-2.82,0.73,2.0
1758077165.35547,1758077165.33497,0.0,0.0,0.0,63.94209,-61.30648,10.54242,8.76,-2.25,0.24,2.0
1758077165.3572,1758077165.34497,0.0,0.0,0.0,64.22858,-41.08107,10.25595,12.53,-1.45,-0.23,2.0
1758077165.37246,1758077165.35497,0.0,0.0,0.0,64.45775,-21.6578,8.88085,12.53,-1.45,-0.23,2.0
1758077165.37664,1758077165.36497,0.0,0.0,0.0,63.19725,-13.46451,6.41713,12.27,-1.02,-0.8,2.0
1758077165.3925,1758077165.37497,0.0,0.0,0.0,61.65026,-16.55848,1.48969,12.27,-1.02,-0.8,2.0
1758077165.40856,1758077165.38497,0.0,0.0,0.0,60.33246,-21.7151,-2.6929,9.75,-0.84,-1.86,2.0
1758077165.41059,1758077165.39497,0.0,0.0,0.0,60.90542,-32.25753,-4.81285,9.75,-0.84,-1.86,2.0
1758077165.42611,1758077165.40497,0.0,0.0,0.0,60.38975,-36.26823,-6.87549,9.58,-0.66,-1.72,2.0
1758077165.42727,1758077165.41497,0.0,0.0,0.0,58.90006,-36.15364,-6.47442,12.11,-0.46,0.33,2.0
1758077165.44248,1758077165.42497,0.0,0.0,0.0,55.97798,-39.70598,-5.27121,12.11,-0.46,0.33,2.0
1758077165.4584,1758077165.43497,0.0,0.0,0.0,52.19646,-51.6235,-2.57831,13.06,-0.03,2.03,2.0
1758077165.46229,1758077165.44497,0.0,0.0,0.0,46.69606,-71.73432,7.16197,13.06,-0.03,2.03,2.0
1758077165.46684,1758077165.45497,0.0,0.0,0.0,41.48215,-69.84356,13.86558,14.33,0.81,2.28,2.0
1758077165.48334,1758077165.46497,0.0,0.0,0.0,35.63798,-58.15522,18.90761,14.33,0.81,2.28,2.0
1758077165.48456,1758077165.47497,0.0,0.0,0.0,29.9084,-45.43555,21.42862,14.65,1.05,0.73,2.0
1758077165.5011,1758077165.48497,0.0,0.0,0.0,23.60586,-33.05967,20.16812,10.26,-0.17,0.53,2.0
1758077165.51888,1758077165.49497,0.0,0.0,0.0,22.00158,-26.52795,16.73037,10.26,-0.17,0.53,2.0
1758077165.52194,1758077165.50497,0.0,0.0,0.0,23.94964,-22.40265,13.06344,8.38,-1.11,1.4,2.0
1758077165.53755,1758077165.51497,0.0,0.0,0.0,29.04896,-19.70975,9.11003,8.38,-1.11,1.4,2.0
1758077165.53932,1758077165.52497,0.0,0.0,0.0,39.99245,-12.37589,4.35448,9.18,-1.37,2.33,2.0
1758077165.55463,1758077165.53497,0.0,0.0,0.0,48.30034,-6.24524,2.6929,9.18,-1.37,2.33,2.0
1758077165.55553,1758077165.54497,0.0,0.0,0.0,55.86338,-0.80214,2.86479,10.87,-1.18,2.32,2.0
1758077165.57034,1758077165.55497,0.0,0.0,0.0,61.87944,4.81285,4.52637,10.87,-1.18,2.32,2.0
1758077165.58669,1758077165.56497,0.0,0.0,0.0,66.97877,13.40721,8.0787,11.63,-0.57,1.67,2.0
1758077165.58753,1758077165.57497,0.0,0.0,0.0,67.72362,18.90761,9.11003,11.82,0.14,1.1,2.0
1758077165.60229,1758077165.58497,0.0,0.0,0.0,66.29122,24.57989,8.59437,11.82,0.14,1.1,2.0
1758077165.60596,1758077165.59497,0.0,0.0,0.0,63.02536,28.59059,5.27121,11.03,0.55,0.83,2.0
1758077165.62132,1758077165.60497,0.0,0.0,0.0,55.86338,32.6013,1.3178,11.03,0.55,0.83,2.0
1758077165.62679,1758077165.61497,0.0,0.0,0.0,50.64947,33.11696,-3.26586,9.67,0.6,0.81,2.0
1758077165.64264,1758077165.62497,0.0,0.0,0.0,46.00851,32.6013,-7.67763,9.67,0.6,0.81,2.0
1758077165.64934,1758077165.63497,0.0,0.0,0.0,40.04975,29.62192,-13.34992,8.74,0.6,0.89,2.0
1758077165.66595,1758077165.64497,0.0,0.0,0.0,37.24226,26.87172,-15.69904,8.46,0.72,0.76,2.0
1758077165.66712,1758077165.65497,0.0,0.0,0.0,35.2942,24.80907,-16.73037,8.46,0.72,0.76,2.0
1758077165.68421,1758077165.66497,0.0,0.0,0.0,33.74722,21.60051,-16.50119,8.7,0.88,0.66,2.0
1758077165.68672,1758077165.67497,0.0,0.0,0.0,32.54401,15.41257,-14.32395,8.7,0.88,0.66,2.0
1758077165.70234,1758077165.68497,0.0,0.0,0.0,31.62727,11.45916,-12.2613,8.82,1.03,0.74,2.0
1758077165.70464,1758077165.69497,0.0,0.0,0.0,30.36677,7.21927,-10.31324,8.82,1.03,0.74,2.0
1758077165.72147,1758077165.70497,0.0,0.0,0.0,28.59059,3.95341,-8.93814,9.03,1.09,0.68,2.0
1758077165.73738,1758077165.71497,0.0,0.0,0.0,25.49662,0.40107,-7.73493,9.05,0.98,0.47,2.0
1758077165.7418,1758077165.72497,0.0,0.0,0.0,23.60586,-1.08862,-7.50575,9.05,0.98,0.47,2.0
1758077165.75766,1758077165.73497,0.0,0.0,0.0,22.05888,-1.66158,-7.33386,9.0,0.67,0.33,2.0
1758077165.76174,1758077165.74497,0.0,0.0,0.0,20.79837,-1.94806,-6.87549,9.0,0.67,0.33,2.0
1758077165.77764,1758077165.75497,0.0,0.0,0.0,19.82434,-1.83346,-5.55769,8.97,0.24,0.3,2.0
1758077165.78132,1758077165.76497,0.0,0.0,0.0,19.36597,-1.71887,-4.35448,8.97,0.24,0.3,2.0
1758077165.79663,1758077165.77497,0.0,0.0,0.0,19.13679,-0.34377,-3.26586,9.15,-0.06,0.19,2.0
1758077165.79875,1758077165.78497,0.0,0.0,0.0,19.07949,1.14592,-1.71887,9.15,-0.06,0.19,2.0
1758077165.81631,1758077165.79497,0.0,0.0,0.0,18.85031,6.7609,-0.45837,9.52,-0.12,0.14,2.0
1758077165.81746,1758077165.80497,0.0,0.0,0.0,19.13679,14.83961,0.80214,10.1,0.0,-0.03,2.0
1758077165.8327,1758077165.81497,0.0,0.0,0.0,19.42327,24.75178,2.46372,10.1,0.0,-0.03,2.0
1758077165.83603,1758077165.82497,0.0,0.0,0.0,19.07949,39.99245,4.58366,10.39,0.27,-0.03,2.0
1758077165.8516,1758077165.83497,0.0,0.0,0.0,17.87628,46.35228,4.87014,10.39,0.27,-0.03,2.0
1758077165.85613,1758077165.84497,0.0,0.0,0.0,16.10011,45.43555,5.09932,9.73,0.64,0.04,2.0
1758077165.87177,1758077165.85497,0.0,0.0,0.0,13.98017,39.70598,5.32851,9.73,0.64,0.04,2.0
1758077165.88972,1758077165.86497,0.0,0.0,0.0,8.0787,30.19488,3.95341,8.67,1.0,0.11,2.0
1758077165.89187,1758077165.87497,0.0,0.0,0.0,3.72423,22.68913,2.6929,8.5,1.36,0.26,2.0
1758077165.91091,1758077165.88497,0.0,0.0,0.0,-0.22918,14.20935,-0.11459,8.5,1.36,0.26,2.0
1758077165.91333,1758077165.89497,0.0,0.0,0.0,-3.09397,-4.81285,-0.74485,7.38,1.54,0.23,2.0
1758077165.95306,1758077165.90497,0.0,0.0,0.0,-3.38045,-33.05967,-1.94806,7.38,1.54,0.23,2.0
1758077165.96196,1758077165.91497,0.0,0.0,0.0,-0.40107,-41.25296,-1.43239,7.4,1.07,0.63,2.0
1758077165.96335,1758077165.92497,0.0,0.0,0.0,2.00535,-45.26366,0.0,7.4,1.07,0.63,2.0
1758077165.96531,1758077165.93497,0.0,0.0,0.0,4.64096,-40.33623,1.60428,9.59,0.45,0.5,2.0
1758077165.96596,1758077165.94497,0.0,0.0,0.0,6.8182,-26.12688,6.47442,11.83,0.27,0.61,2.0
1758077165.96959,1758077165.95497,0.0,0.0,0.0,4.23989,-28.70519,3.60963,11.83,0.27,0.61,2.0
1758077165.98455,1758077165.96497,0.0,0.0,0.0,1.77617,-29.27814,1.77617,11.05,0.07,-0.56,2.0
1758077165.99117,1758077165.97497,0.0,0.0,0.0,0.11459,-24.17882,0.0573,11.05,0.07,-0.56,2.0
1758077166.00679,1758077165.98497,0.0,0.0,0.0,-0.40107,-12.49048,-0.34377,11.38,0.12,-1.13,2.0
1758077166.01187,1758077165.99497,0.0,0.0,0.0,0.0,-2.23454,1.3751,11.38,0.12,-1.13,2.0
1758077166.02639,1758077166.00497,0.0,0.0,0.0,0.74485,3.55234,4.23989,11.59,0.43,-1.36,2.0
1758077166.0317,1758077166.01497,0.0,0.0,0.0,1.20321,4.58366,9.39651,11.59,0.43,-1.36,2.0
1758077166.04675,1758077166.02497,0.0,0.0,0.0,1.66158,7.44845,12.54778,10.85,0.68,-1.58,2.0
1758077166.05003,1758077166.03497,0.0,0.0,0.0,2.57831,10.59972,15.29797,11.37,0.43,-0.98,2.0
1758077166.06626,1758077166.04497,0.0,0.0,0.0,4.81285,11.17268,17.18874,11.37,0.43,-0.98,2.0
1758077166.07172,1758077166.05497,0.0,0.0,0.0,10.54242,1.94806,16.67307,11.96,-0.21,0.87,2.0
1758077166.08674,1758077166.06497,0.0,0.0,0.0,15.06879,-13.06344,12.43318,11.96,-0.21,0.87,2.0
1758077166.1231,1758077166.07497,0.0,0.0,0.0,19.76705,-32.25753,7.62034,12.11,-0.71,2.97,2.0
1758077166.1271,1758077166.08497,0.0,0.0,0.0,21.02755,-48.52953,1.43239,12.11,-0.71,2.97,2.0
1758077166.13198,1758077166.09497,0.0,0.0,0.0,22.97561,-50.01921,-4.87014,11.69,-1.14,2.33,2.0
1758077166.13586,1758077166.10497,0.0,0.0,0.0,24.23611,-42.05511,-5.90147,11.55,-0.95,1.21,2.0
1758077166.13737,1758077166.11497,0.0,0.0,0.0,24.86637,-37.29956,-4.92744,11.55,-0.95,1.21,2.0
1758077166.13872,1758077166.12497,0.0,0.0,0.0,24.17882,-34.32018,-2.92208,9.17,0.22,1.16,2.0
1758077166.15651,1758077166.13497,0.0,0.0,0.0,20.51189,-30.25217,0.40107,9.17,0.22,1.16,2.0
1758077166.16178,1758077166.14497,0.0,0.0,0.0,15.98552,-29.22085,2.29183,8.74,1.2,1.91,2.0
1758077166.17681,1758077166.15497,0.0,0.0,0.0,10.19865,-28.30412,3.09397,8.74,1.2,1.91,2.0
1758077166.21168,1758077166.16497,0.0,0.0,0.0,4.18259,-25.26744,2.6929,9.28,1.31,2.89,2.0
1758077166.21631,1758077166.17497,0.0,0.0,0.0,-3.60963,-17.18874,0.57296,10.32,0.67,2.69,2.0
1758077166.24196,1758077166.18497,0.0,0.0,0.0,-7.10468,-11.80293,-1.66158,10.32,0.67,2.69,2.0
1758077166.24238,1758077166.19497,0.0,0.0,0.0,-8.88085,-7.10468,-3.89611,10.86,-0.47,2.12,2.0
1758077166.24365,1758077166.20497,0.0,0.0,0.0,-8.76626,-2.34913,-5.61499,10.86,-0.47,2.12,2.0
1758077166.24541,1758077166.21497,0.0,0.0,0.0,-4.81285,5.61499,-4.87014,11.45,-1.71,1.46,2.0
1758077166.24587,1758077166.22497,0.0,0.0,0.0,-0.11459,11.17268,-2.40642,11.45,-1.71,1.46,2.0
1758077166.24706,1758077166.23497,0.0,0.0,0.0,5.15662,17.36062,0.74485,11.81,-2.45,1.18,2.0
1758077166.25697,1758077166.24497,0.0,0.0,0.0,12.43318,25.43933,5.90147,11.81,-2.45,1.18,2.0
1758077166.31704,1758077166.25497,0.0,0.0,0.0,16.10011,29.50733,8.88085,11.18,-2.17,0.85,2.0
1758077166.32315,1758077166.26497,0.0,0.0,0.0,19.07949,32.71589,11.57375,10.39,-1.4,0.65,2.0
1758077166.32702,1758077166.27497,0.0,0.0,0.0,21.37133,34.60666,14.03747,10.39,-1.4,0.65,2.0
1758077166.33282,1758077166.28497,0.0,0.0,0.0,23.37668,35.86716,16.272,9.9,-1.0,0.4,2.0
1758077166.33582,1758077166.29497,0.0,0.0,0.0,24.4653,35.92446,17.13144,9.9,-1.0,0.4,2.0
1758077166.33704,1758077166.30497,0.0,0.0,0.0,24.92367,34.14828,17.13144,9.51,-0.92,0.27,2.0
1758077166.33767,1758077166.31497,0.0,0.0,0.0,25.38203,32.20023,16.67307,9.51,-0.92,0.27,2.0
1758077166.34131,1758077166.32497,0.0,0.0,0.0,25.61122,28.476,15.69904,9.1,-0.99,0.25,2.0
1758077166.3565,1758077166.33497,0.0,0.0,0.0,25.8404,26.06958,14.49583,8.89,-1.0,0.26,2.0
1758077166.35776,1758077166.34497,0.0,0.0,0.0,25.72581,22.11617,12.60507,8.89,-1.0,0.26,2.0
1758077166.37355,1758077166.35497,0.0,0.0,0.0,25.89769,17.6471,11.45916,8.63,-0.84,0.26,2.0
1758077166.37646,1758077166.36497,0.0,0.0,0.0,26.24147,13.17803,9.74028,8.63,-0.84,0.26,2.0
1758077166.39175,1758077166.37497,0.0,0.0,0.0,27.1582,9.91217,9.39651,8.86,-0.74,0.31,2.0
1758077166.39655,1758077166.38497,0.0,0.0,0.0,28.24682,6.35983,9.91217,8.86,-0.74,0.31,2.0
1758077166.4118,1758077166.39497,0.0,0.0,0.0,29.67921,2.97938,10.65701,8.87,-0.81,0.31,2.0
1758077166.43126,1758077166.40497,0.0,0.0,0.0,31.91375,-1.43239,12.2613,8.82,-0.98,0.2,2.0
1758077166.43169,1758077166.41497,0.0,0.0,0.0,33.11696,-4.0107,12.83425,8.82,-0.98,0.2,2.0
1758077166.4518,1758077166.42497,0.0,0.0,0.0,33.80451,-6.47442,13.00614,8.75,-1.06,0.11,2.0
1758077166.45373,1758077166.43497,0.0,0.0,0.0,34.43476,-7.33386,12.89155,8.75,-1.06,0.11,2.0
1758077166.45657,1758077166.44497,0.0,0.0,0.0,34.49206,-2.86479,12.14671,9.14,-1.0,0.0,2.0
1758077166.47184,1758077166.45497,0.0,0.0,0.0,33.86181,2.57831,11.28727,9.14,-1.0,0.0,2.0
1758077166.47658,1758077166.46497,0.0,0.0,0.0,33.05967,9.39651,10.02676,9.58,-0.73,-0.12,2.0
1758077166.49176,1758077166.47497,0.0,0.0,0.0,31.74186,22.34536,7.44845,9.58,-0.73,-0.12,2.0
1758077166.49606,1758077166.48497,0.0,0.0,0.0,31.28349,31.51268,6.07335,9.91,-0.42,-0.27,2.0
1758077166.51183,1758077166.49497,0.0,0.0,0.0,32.14294,36.7266,5.55769,9.94,-0.35,-0.12,2.0
1758077166.54289,1758077166.50497,0.0,0.0,0.0,33.68992,33.40344,5.72958,9.94,-0.35,-0.12,2.0
1758077166.57396,1758077166.51497,0.0,0.0,0.0,37.47144,19.07949,6.41713,8.4,-0.63,-0.04,2.0
1758077166.57648,1758077166.52497,0.0,0.0,0.0,41.08107,8.76626,6.99009,8.4,-0.63,-0.04,2.0
1758077166.57874,1758077166.53497,0.0,0.0,0.0,45.20637,-2.34913,7.62034,7.87,-1.29,0.28,2.0
1758077166.58161,1758077166.54497,0.0,0.0,0.0,49.50356,-15.24068,8.02141,7.87,-1.29,0.28,2.0
1758077166.58215,1758077166.55497,0.0,0.0,0.0,56.37905,-38.50277,9.22462,7.46,-2.15,0.9,2.0
1758077166.58296,1758077166.56497,0.0,0.0,0.0,59.64491,-59.81679,9.68299,7.01,-2.69,0.5,2.0
1758077166.58559,1758077166.57497,0.0,0.0,0.0,61.76485,-73.96885,11.34457,7.01,-2.69,0.5,2.0
1758077166.60166,1758077166.58497,0.0,0.0,0.0,61.70755,-72.99483,10.48513,9.2,-2.34,0.06,2.0
1758077166.60473,1758077166.59497,0.0,0.0,0.0,62.79618,-35.00772,11.57375,9.2,-2.34,0.06,2.0
1758077166.62063,1758077166.60497,0.0,0.0,0.0,62.91077,-8.76626,10.48513,14.1,-1.18,-0.28,2.0
1758077166.63693,1758077166.61497,0.0,0.0,0.0,61.53567,-2.92208,6.58902,14.1,-1.18,-0.28,2.0
1758077166.64164,1758077166.62497,0.0,0.0,0.0,60.96271,-13.80828,1.94806,10.98,-0.12,-0.87,2.0
1758077166.6569,1758077166.63497,0.0,0.0,0.0,58.72818,-49.90463,-2.11994,7.19,0.28,-2.11,2.0
1758077166.65822,1758077166.64497,0.0,0.0,0.0,55.6915,-47.15443,-6.24524,7.19,0.28,-2.11,2.0
1758077166.67683,1758077166.65497,0.0,0.0,0.0,54.66018,-36.21093,-8.30789,11.1,0.21,-1.93,2.0
1758077166.80205,1758077166.66497,0.0,0.0,0.0,57.52497,-26.01229,-7.79223,11.1,0.21,-1.93,2.0
1758077166.82654,1758077166.67497,0.0,0.0,0.0,59.07195,-16.67307,-8.25059,12.0,-1.06,-1.98,2.0
1758077166.83241,1758077166.68497,0.0,0.0,0.0,59.53032,-8.0787,-8.99544,12.0,-1.06,-1.98,2.0
1758077166.83708,1758077166.69497,0.0,0.0,0.0,58.15522,-0.68755,-10.31324,13.08,-1.3,-0.24,2.0
1758077166.84129,1758077166.70497,0.0,0.0,0.0,51.85268,-9.28192,-8.76626,13.08,-1.3,1.87,2.0
1758077166.84179,1758077166.71497,0.0,0.0,0.0,45.43555,-26.18417,-5.15662,13.96,-0.39,1.87,2.0
1758077166.84622,1758077166.72497,0.0,0.0,0.0,39.99245,-43.60209,1.94806,13.56,0.55,2.65,2.0
1758077166.87164,1758077166.73497,0.0,0.0,0.0,35.3515,-50.2484,10.65701,13.56,0.55,2.65,2.0
1758077166.87728,1758077166.74497,0.0,0.0,0.0,29.73651,-36.95578,20.79837,13.99,0.61,1.05,2.0
1758077166.88603,1758077166.75497,0.0,0.0,0.0,27.73116,-26.98631,22.91831,13.99,0.61,1.05,2.0
1758077166.88671,1758077166.76497,0.0,0.0,0.0,26.98631,-24.4653,22.68913,10.46,-0.67,0.44,2.0
1758077166.89657,1758077166.77497,0.0,0.0,0.0,27.50197,-23.0902,19.13679,10.46,-0.67,0.44,2.0
1758077166.89856,1758077166.78497,0.0,0.0,0.0,32.42941,-21.08485,11.74564,7.81,-1.58,1.46,2.0
1758077166.90241,1758077166.79497,0.0,0.0,0.0,38.56006,-17.6471,6.47442,8.43,-1.74,1.98,2.0
1758077166.90396,1758077166.80497,0.0,0.0,0.0,45.89392,-13.69369,1.94806,8.43,-1.74,1.98,2.0
1758077166.90509,1758077166.81497,0.0,0.0,0.0,53.97263,-9.96947,-0.45837,10.18,-1.63,2.61,2.0
1758077166.90566,1758077166.82497,0.0,0.0,0.0,64.45775,-5.15662,-0.97403,10.18,-1.63,2.61,2.0
1758077166.90734,1758077166.83497,0.0,0.0,0.0,69.67168,-3.03668,0.97403,11.22,-1.14,1.99,2.0
1758077166.91265,1758077166.84497,0.0,0.0,0.0,72.65105,0.40107,3.72423,11.22,-1.14,1.99,2.0
1758077166.91598,1758077166.85497,0.0,0.0,0.0,73.10942,5.78687,5.84417,11.82,-0.36,1.14,2.0
1758077166.91659,1758077166.86497,0.0,0.0,0.0,70.6457,14.78231,4.81285,11.32,-0.02,0.58,2.0
1758077166.91736,1758077166.87497,0.0,0.0,0.0,66.74959,19.59516,1.77617,11.32,-0.02,0.58,2.0
1758077166.92161,1758077166.88497,0.0,0.0,0.0,62.33781,22.51724,-2.29183,9.79,0.2,0.49,2.0
1758077166.92419,1758077166.89497,0.0,0.0,0.0,55.92068,25.26744,-9.05273,9.79,0.2,0.49,2.0
1758077166.93153,1758077166.90497,0.0,0.0,0.0,52.76942,25.8404,-13.12073,8.86,0.46,0.54,2.0
1758077166.93397,1758077166.91497,0.0,0.0,0.0,50.2484,25.38203,-16.272,8.86,0.46,0.54,2.0
1758077166.93654,1758077166.92497,0.0,0.0,0.0,48.70141,25.26744,-18.33465,8.92,0.82,0.49,2.0
1758077166.95671,1758077166.93497,0.0,0.0,0.0,47.44091,25.15285,-18.85031,9.5,0.82,0.37,2.0
1758077166.96187,1758077166.94497,0.0,0.0,0.0,47.38361,24.63719,-17.47521,9.5,1.12,0.37,2.0
1758077166.97675,1758077166.95497,0.0,0.0,0.0,47.44091,22.86102,-15.35527,9.53,1.0,0.33,2.0
1758077166.98139,1758077166.96497,0.0,0.0,0.0,47.44091,20.34,-12.60507,9.53,1.0,0.33,2.0
1758077166.99704,1758077166.97497,0.0,0.0,0.0,46.69606,15.64175,-8.88085,9.07,0.63,0.37,2.0
1758077167.00141,1758077166.98497,0.0,0.0,0.0,45.09178,12.89155,-7.33386,9.07,0.63,0.37,2.0
1758077167.01694,1758077166.99497,0.0,0.0,0.0,42.97184,9.91217,-6.47442,8.8,0.32,0.31,2.0
1758077167.01978,1758077167.00497,0.0,0.0,0.0,40.45082,7.79223,-6.7609,8.8,0.32,0.31,2.0
1758077167.0612,1758077167.01497,0.0,0.0,0.0,36.61201,5.72958,-7.44845,8.6,0.2,0.21,2.0
1758077167.06591,1758077167.02497,0.0,0.0,0.0,34.37747,4.52637,-7.67763,8.55,0.21,0.09,2.0
1758077167.06635,1758077167.03497,0.0,0.0,0.0,32.37212,3.72423,-7.44845,8.55,0.21,0.09,2.0
1758077167.07065,1758077167.04497,0.0,0.0,0.0,30.30947,3.49504,-6.13065,8.64,0.31,0.11,2.0
1758077167.07148,1758077167.05497,0.0,0.0,0.0,27.84575,3.72423,-4.35448,8.64,0.31,0.11,2.0
1758077167.0751,1758077167.06497,0.0,0.0,0.0,26.35606,4.52637,-2.7502,8.89,0.4,0.03,2.0
1758077167.08584,1758077167.07497,0.0,0.0,0.0,24.98096,6.58902,-1.20321,8.89,0.4,0.03,2.0
1758077167.11178,1758077167.08497,0.0,0.0,0.0,23.37668,17.01685,0.17189,9.32,0.48,0.0,2.0
1758077167.15149,1758077167.09497,0.0,0.0,0.0,22.91831,26.18417,1.48969,9.87,0.5,-0.21,2.0
1758077167.15188,1758077167.10497,0.0,0.0,0.0,22.74642,35.3515,3.26586,9.87,0.5,-0.21,2.0
1758077167.15634,1758077167.11497,0.0,0.0,0.0,22.40265,42.85724,4.69825,9.71,0.52,-0.01,2.0
1758077167.15684,1758077167.12497,0.0,0.0,0.0,21.08485,44.57612,5.15662,9.71,0.52,-0.01,2.0
1758077167.16684,1758077167.13497,0.0,0.0,0.0,19.99623,35.86716,4.81285,8.78,0.68,0.1,2.0
1758077167.17168,1758077167.14497,0.0,0.0,0.0,17.87628,24.4653,4.69825,8.78,0.68,0.1,2.0
1758077167.17416,1758077167.15497,0.0,0.0,0.0,14.83961,13.75099,3.66693,7.96,1.09,0.21,2.0
1758077167.17645,1758077167.16497,0.0,0.0,0.0,10.65701,-4.92744,1.08862,7.88,1.55,0.31,2.0
1758077167.23152,1758077167.17497,0.0,0.0,0.0,8.93814,-22.51724,-2.23454,7.88,1.55,0.31,2.0
1758077167.24157,1758077167.18497,0.0,0.0,0.0,9.28192,-44.9199,-2.86479,7.62,1.36,0.0,2.0
1758077167.242,1758077167.19497,0.0,0.0,0.0,11.17268,-55.00395,-4.46907,7.62,1.36,0.0,2.0
1758077167.245,1758077167.20497,0.0,0.0,0.0,15.98552,-52.42564,-1.77617,9.62,0.64,-0.04,2.0
1758077167.24535,1758077167.21497,0.0,0.0,0.0,19.13679,-41.31026,1.03132,9.62,0.64,-0.04,2.0
1758077167.25082,1758077167.22497,0.0,0.0,0.0,20.45459,-28.70519,3.95341,11.73,0.3,-0.44,2.0
1758077167.25121,1758077167.23497,0.0,0.0,0.0,21.6578,-23.83505,7.39116,11.73,0.3,-0.44,2.0
1758077167.26682,1758077167.24497,0.0,0.0,0.0,16.90226,-31.28349,6.13065,11.29,0.53,-1.34,2.0
1758077167.29557,1758077167.25497,0.0,0.0,0.0,13.46451,-22.68913,5.72958,11.28,0.81,-2.07,2.0
1758077167.29596,1758077167.26497,0.0,0.0,0.0,10.19865,-13.75099,6.41713,11.28,0.81,-2.07,2.0
1758077167.29799,1758077167.27497,0.0,0.0,0.0,6.24524,-5.84417,9.28192,11.95,0.89,-1.31,2.0
1758077167.30195,1758077167.28497,0.0,0.0,0.0,5.32851,1.03132,11.17268,11.95,0.89,-1.31,2.0
1758077167.30728,1758077167.29497,0.0,0.0,0.0,5.95876,-9.62569,11.63104,12.98,0.86,1.85,2.0
1758077167.32685,1758077167.30497,0.0,0.0,0.0,8.30789,-29.8511,8.47978,12.98,0.86,1.85,2.0
1758077167.33706,1758077167.31497,0.0,0.0,0.0,13.00614,-48.52953,0.85944,13.57,-0.18,4.22,2.0
1758077167.3409,1758077167.32497,0.0,0.0,0.0,17.81899,-42.68536,-3.38045,15.06,-1.94,1.74,2.0
1758077167.35708,1758077167.33497,0.0,0.0,0.0,23.83505,-30.88243,-4.87014,15.06,-1.94,1.74,2.0
1758077167.36122,1758077167.34497,0.0,0.0,0.0,28.64789,-22.28806,-4.29718,12.78,-1.71,0.61,2.0
1758077167.40143,1758077167.35497,0.0,0.0,0.0,31.62727,-16.21471,0.40107,12.78,-1.71,0.61,2.0
1758077167.40238,1758077167.36497,0.0,0.0,0.0,30.13758,-16.10011,4.18259,9.47,-0.1,0.95,2.0
1758077167.40735,1758077167.37497,0.0,0.0,0.0,26.06958,-18.22006,7.21927,9.47,-0.1,0.95,2.0
1758077167.41538,1758077167.38497,0.0,0.0,0.0,20.45459,-19.88164,9.11003,8.87,0.93,2.49,2.0
1758077167.41601,1758077167.39497,0.0,0.0,0.0,11.11538,-18.9649,9.33921,9.5,1.09,3.26,2.0
1758077167.41723,1758077167.40497,0.0,0.0,0.0,5.09932,-16.95955,7.84952,9.5,1.09,3.26,2.0
1758077167.43472,1758077167.41497,0.0,0.0,0.0,0.17189,-14.61043,5.84417,9.8,0.47,2.75,2.0
1758077167.4372,1758077167.42497,0.0,0.0,0.0,-3.20856,-12.14671,3.49504,9.8,0.47,2.75,2.0
1758077167.45553,1758077167.43497,0.0,0.0,0.0,-4.92744,-7.39116,0.51566,9.98,-0.52,2.03,2.0
1758077167.46164,1758077167.44497,0.0,0.0,0.0,-3.60963,-4.18259,-0.11459,9.98,-0.52,2.03,2.0
1758077167.47681,1758077167.45497,0.0,0.0,0.0,-0.57296,-0.57296,0.34377,10.53,-1.59,1.76,2.0
1758077167.48127,1758077167.46497,0.0,0.0,0.0,3.60963,4.0107,2.7502,10.53,-1.59,1.76,2.0
1758077167.49704,1758077167.47497,0.0,0.0,0.0,10.71431,11.17268,4.92744,10.97,-2.25,1.41,2.0
1758077167.49888,1758077167.48497,0.0,0.0,0.0,14.72501,15.46986,7.44845,10.69,-2.1,1.04,2.0
1758077167.51718,1758077167.49497,0.0,0.0,0.0,18.16276,18.73572,9.5684,10.69,-2.1,1.04,2.0
1758077167.52533,1758077167.50497,0.0,0.0,0.0,22.51724,21.60051,12.204,10.01,-1.47,0.91,2.0
1758077167.57687,1758077167.51497,0.0,0.0,0.0,24.80907,23.83505,13.5791,10.01,-1.47,0.91,2.0
1758077167.58169,1758077167.52497,0.0,0.0,0.0,26.69983,25.38203,14.49583,9.85,-1.07,0.61,2.0
1758077167.58236,1758077167.53497,0.0,0.0,0.0,28.13223,26.81443,15.0115,9.85,-1.07,0.61,2.0
1758077167.58604,1758077167.54497,0.0,0.0,0.0,29.67921,27.04361,14.72501,9.66,-1.07,0.44,2.0
1758077167.58664,1758077167.55497,0.0,0.0,0.0,30.48136,25.09555,14.20935,9.08,-1.12,0.36,2.0
1758077167.59186,1758077167.56497,0.0,0.0,0.0,31.28349,22.86102,13.69369,9.08,-1.12,0.36,2.0
1758077167.61686,1758077167.57497,0.0,0.0,0.0,32.37212,20.16812,13.00614,8.62,-1.16,0.33,2.0
1758077167.61729,1758077167.58497,0.0,0.0,0.0,33.68992,16.04282,12.204,8.62,-1.16,0.33,2.0
1758077167.62187,1758077167.59497,0.0,0.0,0.0,34.72124,13.17803,11.86023,8.56,-1.15,0.46,2.0
1758077167.66741,1758077167.60497,0.0,0.0,0.0,36.15364,10.02676,11.86023,8.56,-1.15,0.46,2.0
1758077167.67122,1758077167.61497,0.0,0.0,0.0,38.15899,6.87549,12.43318,8.68,-1.18,0.55,2.0
1758077167.67198,1758077167.62497,0.0,0.0,0.0,41.71133,2.11994,13.69369,8.7,-1.32,0.5,2.0
1758077167.68193,1758077167.63497,0.0,0.0,0.0,44.23235,-0.85944,14.61043,8.7,-1.32,0.5,2.0
1758077167.68593,1758077167.64497,0.0,0.0,0.0,46.69606,-3.03668,15.12609,8.64,-1.41,0.27,2.0
1758077167.69167,1758077167.65497,0.0,0.0,0.0,48.9879,-4.46907,15.35527,8.64,-1.41,0.27,2.0
1758077167.69623,1758077167.66497,0.0,0.0,0.0,51.22243,-4.29718,15.0115,8.8,-1.31,0.11,2.0
1758077167.69934,1758077167.67497,0.0,0.0,0.0,52.08187,-1.14592,14.49583,8.8,-1.31,0.11,2.0
1758077167.70048,1758077167.68497,0.0,0.0,0.0,52.54023,4.46907,13.75099,9.27,-1.02,0.01,2.0
1758077167.71616,1758077167.69497,0.0,0.0,0.0,51.79538,12.204,11.63104,9.27,-1.02,0.01,2.0
1758077167.71798,1758077167.70497,0.0,0.0,0.0,50.76406,26.12688,9.62569,9.73,-0.59,-0.25,2.0
1758077167.73693,1758077167.71497,0.0,0.0,0.0,49.67545,35.98175,7.84952,10.01,-0.28,-0.35,2.0
1758077167.86195,1758077167.72497,0.0,0.0,0.0,48.75871,39.4195,6.7609,10.01,-0.28,-0.35,2.0
1758077167.87232,1758077167.73497,0.0,0.0,0.0,47.78468,33.05967,5.32851,8.93,-0.3,-0.28,2.0
1758077167.98132,1758077167.74497,0.0,0.0,0.0,48.24305,27.2155,5.15662,8.93,-0.3,-0.28,2.0
1758077167.98591,1758077167.75497,0.0,0.0,0.0,49.56085,19.99623,5.32851,8.44,-0.65,-0.21,2.0
1758077168.06192,1758077167.76497,0.0,0.0,0.0,51.16513,10.48513,5.90147,8.44,-0.65,-0.21,2.0
1758077168.09139,1758077167.77497,0.0,0.0,0.0,53.62885,-9.68299,7.21927,8.1,-1.24,0.62,2.0
1758077168.09701,1758077167.78497,0.0,0.0,0.0,55.23313,-32.83048,7.73493,6.86,-1.71,0.91,2.0
1758077168.28208,1758077167.79497,0.0,0.0,0.0,54.94666,-52.884,8.65166,6.86,-1.71,0.91,2.0
1758077168.30044,1758077167.80497,0.0,0.0,0.0,52.71212,-63.59832,8.65166,7.68,-1.49,0.35,2.0
1758077168.35832,1758077167.81497,0.0,0.0,0.0,50.87865,-40.96649,10.59972,7.68,-1.49,0.35,2.0
1758077168.36246,1758077167.82497,0.0,0.0,0.0,50.59217,-18.85031,10.8289,12.68,-0.73,0.15,2.0
1758077168.36684,1758077167.83497,0.0,0.0,0.0,48.75871,-7.44845,8.136,12.68,-0.73,0.15,2.0
1758077168.37014,1758077167.84497,0.0,0.0,0.0,46.98254,-9.11003,3.03668,12.0,0.21,-0.01,2.0
1758077168.37593,1758077167.85497,0.0,0.0,0.0,45.43555,-37.75792,-5.09932,8.01,0.57,-1.58,2.0
1758077168.3764,1758077167.86497,0.0,0.0,0.0,45.89392,-58.09792,-5.32851,8.01,0.57,-1.58,2.0
1758077168.38099,1758077167.87497,0.0,0.0,0.0,44.28964,-54.02992,-7.50575,9.62,0.28,-1.84,2.0
1758077168.38135,1758077167.88497,0.0,0.0,0.0,44.51882,-39.4768,-8.30789,9.62,0.28,-1.84,2.0
1758077168.38568,1758077167.89497,0.0,0.0,0.0,49.50356,-30.36677,-8.47978,12.13,-0.61,-1.67,2.0
1758077168.3863,1758077167.90497,0.0,0.0,0.0,52.54023,-25.09555,-8.93814,12.13,-0.61,-1.67,2.0
1758077168.39181,1758077167.91497,0.0,0.0,0.0,54.94666,-15.75634,-10.71431,12.38,-1.22,-0.55,2.0
1758077168.3922,1758077167.92497,0.0,0.0,0.0,55.23313,-12.71966,-12.08941,12.38,-1.22,-0.55,2.0
1758077168.3966,1758077167.93497,0.0,0.0,0.0,51.50891,-22.40265,-9.85487,14.02,-0.8,1.0,2.0
1758077168.39721,1758077167.94497,0.0,0.0,0.0,46.00851,-35.3515,-4.46907,14.36,-0.02,2.48,2.0
1758077168.40129,1758077167.95497,0.0,0.0,0.0,39.70598,-41.76862,2.92208,14.36,-0.02,2.48,2.0
1758077168.40396,1758077167.96497,0.0,0.0,0.0,32.25753,-34.49206,13.98017,14.42,0.12,1.23,2.0
1758077168.40686,1758077167.97497,0.0,0.0,0.0,29.04896,-24.86637,17.81899,14.42,0.12,1.23,2.0
1758077168.41288,1758077167.98497,0.0,0.0,0.0,27.84575,-17.13144,18.50654,10.99,-0.97,0.57,2.0
1758077168.41664,1758077167.99497,0.0,0.0,0.0,27.78845,-11.00079,15.92823,10.99,-0.97,0.57,2.0
1758077168.41715,1758077168.00497,0.0,0.0,0.0,31.79916,-5.90147,9.33921,8.39,-2.09,1.55,2.0
1758077168.41978,1758077168.01497,0.0,0.0,0.0,37.87251,-5.78687,5.27121,8.33,-2.55,2.76,2.0
1758077168.42138,1758077168.02497,0.0,0.0,0.0,46.06581,-3.89611,1.83346,8.33,-2.55,2.76,2.0
1758077168.42203,1758077168.03497,0.0,0.0,0.0,54.77477,-1.08862,1.48969,10.04,-2.42,3.25,2.0
1758077168.42512,1758077168.04497,0.0,0.0,0.0,65.83286,4.58366,3.49504,10.04,-2.42,3.25,2.0
1758077168.42548,1758077168.05497,0.0,0.0,0.0,71.56243,5.84417,6.18794,11.82,-1.57,2.42,2.0
1758077168.42671,1758077168.06497,0.0,0.0,0.0,74.771,7.62034,8.76626,11.82,-1.57,2.42,2.0
1758077168.43085,1758077168.07497,0.0,0.0,0.0,75.68773,11.00079,10.37054,12.18,-0.48,1.57,2.0
1758077168.43125,1758077168.08497,0.0,0.0,0.0,73.96885,17.53251,8.88085,11.56,0.0,0.89,2.0
1758077168.43671,1758077168.09497,0.0,0.0,0.0,70.87489,20.62648,5.72958,11.56,0.0,0.89,2.0
1758077168.44168,1758077168.10497,0.0,0.0,0.0,67.15066,22.51724,2.06265,9.81,-0.05,0.81,2.0
1758077168.47124,1758077168.11497,0.0,0.0,0.0,61.93674,23.0329,-4.1253,9.81,-0.05,0.81,2.0
1758077168.47359,1758077168.12497,0.0,0.0,0.0,58.84277,22.05888,-7.50575,8.8,-0.12,0.79,2.0
1758077168.47699,1758077168.13497,0.0,0.0,0.0,56.55093,20.85567,-10.54242,8.8,-0.12,0.79,2.0
1758077168.48139,1758077168.14497,0.0,0.0,0.0,54.88936,20.16812,-12.49048,8.79,0.13,0.72,2.0
1758077168.48207,1758077168.15497,0.0,0.0,0.0,53.34238,18.9649,-12.83425,8.79,0.13,0.72,2.0
1758077168.48298,1758077168.16497,0.0,0.0,0.0,52.884,17.47521,-11.91752,9.27,0.6,0.55,2.0
1758077168.48559,1758077168.17497,0.0,0.0,0.0,52.42564,14.61043,-10.08406,9.24,0.88,0.48,2.0
1758077168.48615,1758077168.18497,0.0,0.0,0.0,51.79538,10.8862,-8.36518,9.24,0.88,0.48,2.0
1758077168.49168,1758077168.19497,0.0,0.0,0.0,50.2484,5.84417,-5.78687,8.79,0.78,0.47,2.0
1758077168.55698,1758077168.20497,0.0,0.0,0.0,48.70141,3.66693,-4.92744,8.79,0.78,0.47,2.0
1758077168.56183,1758077168.21497,0.0,0.0,0.0,46.86795,2.23454,-4.98473,8.71,0.44,0.38,2.0
1758077168.5659,1758077168.22497,0.0,0.0,0.0,44.748,1.94806,-5.61499,8.71,0.44,0.38,2.0
1758077168.56632,1758077168.23497,0.0,0.0,0.0,40.45082,4.46907,-7.73493,8.86,0.14,0.09,2.0
1758077168.57175,1758077168.24497,0.0,0.0,0.0,37.81522,6.87549,-8.93814,9.01,0.0,-0.02,2.0
1758077168.5755,1758077168.25497,0.0,0.0,0.0,35.63798,8.99544,-9.62569,9.01,0.0,-0.02,2.0
1758077168.6269,1758077168.26497,0.0,0.0,0.0,33.68992,11.17268,-9.62569,8.91,-0.01,-0.15,2.0
1758077168.63154,1758077168.27497,0.0,0.0,0.0,31.28349,13.5791,-7.84952,8.91,-0.01,-0.15,2.0
1758077168.63648,1758077168.28497,0.0,0.0,0.0,30.19488,15.12609,-6.13065,8.85,0.17,-0.12,2.0
1758077168.63918,1758077168.29497,0.0,0.0,0.0,29.04896,16.90226,-4.1253,8.85,0.17,-0.12,2.0
1758077168.64142,1758077168.30497,0.0,0.0,0.0,28.01764,19.76705,-2.00535,9.04,0.38,-0.09,2.0
1758077168.64322,1758077168.31497,0.0,0.0,0.0,26.52795,29.67921,-0.57296,9.52,0.49,-0.29,2.0
1758077168.65135,1758077168.32497,0.0,0.0,0.0,26.24147,37.47144,1.14592,9.52,0.49,-0.29,2.0
1758077168.65197,1758077168.33497,0.0,0.0,0.0,25.55392,43.77398,3.20856,9.49,0.49,-0.37,2.0
1758077168.65709,1758077168.34497,0.0,0.0,0.0,23.54857,50.93595,5.32851,9.49,0.49,-0.37,2.0
1758077168.66101,1758077168.35497,0.0,0.0,0.0,20.85567,49.04519,4.92744,9.23,0.61,-0.05,2.0
1758077168.66324,1758077168.36497,0.0,0.0,0.0,16.3293,38.38818,3.55234,9.23,0.61,-0.05,2.0
1758077168.66368,1758077168.37497,0.0,0.0,0.0,10.94349,19.88164,2.92208,7.73,1.07,0.12,2.0
1758077168.6647,1758077168.38497,0.0,0.0,0.0,0.57296,-5.09932,-0.74485,6.94,1.07,0.17,2.0
1758077168.66548,1758077168.39497,0.0,0.0,0.0,-5.55769,-19.76705,-4.18259,6.94,1.92,0.17,2.0
1758077168.66665,1758077168.40497,0.0,0.0,0.0,-9.62569,-41.02378,-8.99544,7.08,2.43,0.36,2.0
1758077168.67094,1758077168.41497,0.0,0.0,0.0,-11.74564,-62.22322,-11.34457,7.08,2.43,0.36,2.0
1758077168.67133,1758077168.42497,0.0,0.0,0.0,-9.62569,-67.15066,-13.06344,8.22,1.96,0.73,2.0
1758077168.67324,1758077168.43497,0.0,0.0,0.0,-7.21927,-59.12925,-10.8862,8.22,1.96,0.73,2.0
1758077168.67403,1758077168.44497,0.0,0.0,0.0,-4.87014,-46.75336,-7.50575,10.68,0.94,-0.44,2.0
1758077168.67668,1758077168.45497,0.0,0.0,0.0,-1.94806,-37.98711,-3.38045,10.68,0.94,-0.44,2.0
1758077168.67727,1758077168.46497,0.0,0.0,0.0,-3.20856,-37.47144,-0.45837,11.19,0.47,-0.75,2.0
1758077168.68174,1758077168.47497,0.0,0.0,0.0,-3.72423,-27.73116,1.3751,11.93,0.33,-1.34,2.0
1758077168.68236,1758077168.48497,0.0,0.0,0.0,-5.61499,-15.87093,3.32316,11.93,0.33,-1.34,2.0
1758077168.68525,1758077168.49497,0.0,0.0,0.0,-5.32851,-9.22462,5.21392,14.07,-0.04,1.09,2.0
1758077168.68587,1758077168.50497,0.0,0.0,0.0,-0.40107,-23.0329,3.32316,14.07,-0.04,1.09,2.0
1758077168.69114,1758077168.51497,0.0,0.0,0.0,4.23989,-41.02378,-0.57296,14.19,-0.85,4.48,2.0
1758077168.69168,1758077168.52497,0.0,0.0,0.0,7.67763,-50.363,-5.15662,14.19,-0.85,4.48,2.0
1758077168.69327,1758077168.53497,0.0,0.0,0.0,12.49048,-42.68536,-10.19865,14.67,-1.87,3.54,2.0
1758077168.69705,1758077168.54497,0.0,0.0,0.0,14.38124,-30.53865,-11.17268,14.37,-1.57,1.57,2.0
1758077168.69743,1758077168.55497,0.0,0.0,0.0,16.67307,-22.11617,-9.11003,14.37,-1.57,1.57,2.0
1758077168.7227,1758077168.56497,0.0,0.0,0.0,18.27736,-17.01685,-4.46907,11.66,-0.47,1.01,2.0
1758077168.72344,1758077168.57497,0.0,0.0,0.0,15.69904,-12.54778,2.29183,11.66,-0.47,1.01,2.0
1758077168.72702,1758077168.58497,0.0,0.0,0.0,9.96947,-10.59972,4.87014,10.59,0.35,2.04,2.0
1758077168.73597,1758077168.59497,0.0,0.0,0.0,2.57831,-10.37054,5.61499,10.59,0.35,2.04,2.0
1758077168.73677,1758077168.60497,0.0,0.0,0.0,-5.4431,-9.5684,4.69825,9.88,0.78,2.98,2.0
1758077168.73739,1758077168.61497,0.0,0.0,0.0,-16.10011,-7.16197,0.68755,9.16,0.66,2.84,2.0
1758077168.74204,1758077168.62497,0.0,0.0,0.0,-21.25674,-6.7609,-2.57831,9.16,0.66,2.84,2.0
1758077168.74487,1758077168.63497,0.0,0.0,0.0,-24.00693,-5.15662,-5.61499,9.06,-0.06,2.38,2.0
1758077168.77645,1758077168.64497,0.0,0.0,0.0,-25.43933,-3.72423,-7.44845,9.06,-0.06,2.38,2.0
1758077168.77685,1758077168.65497,0.0,0.0,0.0,-23.0902,0.0573,-5.90147,10.14,-1.3,1.73,2.0
1758077168.78695,1758077168.66497,0.0,0.0,0.0,-19.25138,3.72423,-3.32316,10.14,-1.3,1.73,2.0
1758077168.84141,1758077168.67497,0.0,0.0,0.0,-14.49583,7.67763,-0.17189,10.85,-2.41,1.6,2.0
1758077168.84664,1758077168.68497,0.0,0.0,0.0,-9.5684,11.11538,3.03668,10.85,-2.41,1.6,2.0
1758077168.85325,1758077168.69497,0.0,0.0,0.0,-3.49504,13.23533,7.16197,10.15,-2.54,1.32,2.0
1758077168.85593,1758077168.70497,0.0,0.0,0.0,-0.34377,14.09476,8.93814,9.18,-1.94,1.23,2.0
1758077168.85856,1758077168.71497,0.0,0.0,0.0,2.57831,14.83961,10.08406,9.18,-1.94,1.23,2.0
1758077168.86205,1758077168.72497,0.0,0.0,0.0,5.72958,15.12609,10.94349,8.94,-1.41,1.04,2.0
1758077168.86692,1758077168.73497,0.0,0.0,0.0,7.39116,16.272,11.45916,8.94,-1.41,1.04,2.0
1758077168.87183,1758077168.74497,0.0,0.0,0.0,8.47978,16.90226,11.51645,9.14,-1.25,0.84,2.0
1758077168.8783,1758077168.75497,0.0,0.0,0.0,9.74028,16.10011,11.51645,9.14,-1.25,0.84,2.0
1758077168.88193,1758077168.76497,0.0,0.0,0.0,11.17268,14.49583,11.57375,9.05,-1.23,0.68,2.0
1758077168.93309,1758077168.77497,0.0,0.0,0.0,12.08941,13.12073,11.17268,8.9,-1.24,0.52,2.0
1758077168.9355,1758077168.78497,0.0,0.0,0.0,12.71966,12.08941,10.94349,8.9,-1.24,0.52,2.0
1758077168.93636,1758077168.79497,0.0,0.0,0.0,13.23533,11.00079,10.54242,8.84,-1.24,0.49,2.0
1758077168.93793,1758077168.80497,0.0,0.0,0.0,13.98017,9.96947,9.91217,8.84,-1.24,0.49,2.0
1758077168.94097,1758077168.81497,0.0,0.0,0.0,14.61043,9.22462,9.4538,8.9,-1.18,0.49,2.0
1758077168.94137,1758077168.82497,0.0,0.0,0.0,15.0115,8.47978,8.93814,8.9,-1.18,0.49,2.0
1758077168.94261,1758077168.83497,0.0,0.0,0.0,15.87093,7.67763,8.93814,8.94,-1.13,0.44,2.0
1758077168.94392,1758077168.84497,0.0,0.0,0.0,17.30333,6.70361,9.11003,9.0,-1.16,0.35,2.0
1758077168.94712,1758077168.85497,0.0,0.0,0.0,18.79302,6.41713,9.4538,9.0,-1.16,0.35,2.0
1758077168.95296,1758077168.86497,0.0,0.0,0.0,20.62648,5.84417,9.68299,8.96,-1.21,0.18,2.0
1758077168.9538,1758077168.87497,0.0,0.0,0.0,22.00158,5.72958,9.39651,8.96,-1.21,0.18,2.0
1758077168.95643,1758077168.88497,0.0,0.0,0.0,24.12152,11.45916,8.02141,9.13,-1.17,0.03,2.0
1758077168.95801,1758077168.89497,0.0,0.0,0.0,24.63719,16.3293,6.35983,9.13,-1.17,0.03,2.0
1758077168.96069,1758077168.90497,0.0,0.0,0.0,24.86637,22.34536,4.64096,9.37,-0.95,-0.11,2.0
1758077168.96296,1758077168.91497,0.0,0.0,0.0,24.5226,29.39274,2.57831,9.37,-0.95,-0.11,2.0
1758077168.97081,1758077168.92497,0.0,0.0,0.0,23.31938,40.10705,-1.3751,9.56,-0.65,-0.1,2.0
1758077168.97196,1758077168.93497,0.0,0.0,0.0,22.57454,44.40423,-4.58366,9.39,-0.37,0.03,2.0
1758077168.97797,1758077168.94497,0.0,0.0,0.0,22.86102,43.88857,-6.24524,9.39,-0.37,0.03,2.0
1758077168.98138,1758077168.95497,0.0,0.0,0.0,24.92367,31.16891,-7.21927,8.55,-0.44,0.45,2.0
1758077168.99124,1758077168.96497,0.0,0.0,0.0,27.10091,18.73572,-6.53172,8.55,-0.44,0.45,2.0
1758077168.99162,1758077168.97497,0.0,0.0,0.0,30.19488,5.90147,-4.69825,7.78,-1.0,0.55,2.0
1758077168.99607,1758077168.98497,0.0,0.0,0.0,33.68992,-6.99009,-2.11994,7.78,-1.0,0.55,2.0
1758077169.01555,1758077168.99497,0.0,0.0,0.0,38.56006,-27.33009,1.77617,7.74,-1.93,0.86,2.0
1758077169.01664,1758077169.00497,0.0,0.0,0.0,41.13837,-40.68,4.92744,8.11,-2.59,0.83,2.0
1758077169.03252,1758077169.01497,0.0,0.0,0.0,42.39888,-57.23849,7.21927,8.11,-2.59,0.83,2.0
1758077169.03616,1758077169.02497,0.0,0.0,0.0,41.99781,-66.635,10.02676,8.7,-2.12,0.57,2.0
1758077169.05154,1758077169.03497,0.0,0.0,0.0,38.56006,-62.62429,9.91217,8.7,-2.12,0.57,2.0
1758077169.07289,1758077169.04497,0.0,0.0,0.0,35.75257,-33.63263,8.65166,12.03,-0.81,-0.13,2.0
1758077169.10102,1758077169.05497,0.0,0.0,0.0,31.91375,-9.05273,4.69825,12.03,-0.81,-0.13,2.0
1758077169.10156,1758077169.06497,0.0,0.0,0.0,31.28349,-1.03132,2.29183,13.85,0.51,-0.59,2.0
1758077169.10283,1758077169.07497,0.0,0.0,0.0,32.25753,-12.54778,-3.89611,10.0,-0.12,-1.77,2.0
1758077169.10344,1758077169.08497,0.0,0.0,0.0,32.54401,-32.54401,-7.79223,10.0,-0.12,-1.77,2.0
1758077169.10631,1758077169.09497,0.0,0.0,0.0,33.40344,-43.14373,-8.88085,8.77,-0.31,-2.12,2.0
1758077169.12126,1758077169.10497,0.0,0.0,0.0,33.11696,-35.69527,-10.8289,8.77,-0.31,-2.12,2.0
1758077169.12645,1758077169.11497,0.0,0.0,0.0,33.9764,-23.20479,-11.28727,11.93,-0.84,-1.13,2.0
1758077169.14654,1758077169.12497,0.0,0.0,0.0,33.68992,-15.64175,-10.8289,11.93,-0.84,-1.13,2.0
1758077169.17615,1758077169.13497,0.0,0.0,0.0,33.00237,-11.97482,-9.5684,13.48,-1.27,0.73,2.0
1758077169.17679,1758077169.14497,0.0,0.0,0.0,30.13758,-17.93358,-6.58902,13.48,-1.27,0.73,2.0
1758077169.18049,1758077169.15497,0.0,0.0,0.0,26.69983,-36.32552,-2.34913,13.42,-0.76,1.58,2.0
1758077169.18104,1758077169.16497,0.0,0.0,0.0,22.63183,-39.99245,2.92208,13.63,-0.03,1.98,2.0
1758077169.19765,1758077169.17497,0.0,0.0,0.0,18.16276,-36.55471,7.84952,13.63,-0.03,1.98,2.0
1758077169.20178,1758077169.18497,0.0,0.0,0.0,12.60507,-24.4653,13.17803,13.0,-0.11,0.81,2.0
1758077169.21811,1758077169.19497,0.0,0.0,0.0,10.94349,-16.50119,14.72501,13.0,-0.11,0.81,2.0
1758077169.22097,1758077169.20497,0.0,0.0,0.0,10.65701,-10.65701,13.86558,10.01,-1.41,0.49,2.0
1758077169.23654,1758077169.21497,0.0,0.0,0.0,12.43318,-6.8182,11.34457,10.01,-1.41,0.49,2.0
1758077169.2383,1758077169.22497,0.0,0.0,0.0,19.07949,-6.70361,6.99009,8.28,-2.22,1.57,2.0
1758077169.25642,1758077169.23497,0.0,0.0,0.0,25.72581,-6.58902,4.0107,8.59,-1.99,2.68,2.0
1758077169.25831,1758077169.24497,0.0,0.0,0.0,33.40344,-4.18259,2.06265,8.59,-1.99,2.68,2.0
1758077169.2737,1758077169.25497,0.0,0.0,0.0,41.02378,-0.17189,2.00535,10.5,-1.37,2.94,2.0
1758077169.27707,1758077169.26497,0.0,0.0,0.0,50.01921,4.92744,3.49504,10.5,-1.37,2.94,2.0
1758077169.31652,1758077169.27497,0.0,0.0,0.0,53.51426,8.02141,5.50039,11.45,-0.6,2.21,2.0
1758077169.31825,1758077169.28497,0.0,0.0,0.0,54.71747,11.34457,7.39116,11.45,-0.6,2.21,2.0
1758077169.32076,1758077169.29497,0.0,0.0,0.0,53.80074,14.9542,8.47978,11.71,-0.03,1.55,2.0
1758077169.32166,1758077169.30497,0.0,0.0,0.0,48.8733,21.6578,6.41713,11.05,0.14,1.1,2.0
1758077169.33766,1758077169.31497,0.0,0.0,0.0,44.17505,24.00693,3.09397,11.05,0.14,1.1,2.0
1758077169.34529,1758077169.32497,0.0,0.0,0.0,38.90384,25.43933,-0.80214,9.52,0.07,0.99,2.0
1758077169.34576,1758077169.33497,0.0,0.0,0.0,34.14828,25.89769,-6.7609,9.52,0.07,0.99,2.0
1758077169.36638,1758077169.34497,0.0,0.0,0.0,28.01764,25.15285,-10.37054,8.92,0.12,0.79,2.0
1758077169.37007,1758077169.35497,0.0,0.0,0.0,25.21014,24.17882,-13.06344,8.92,0.12,0.79,2.0
1758077169.38664,1758077169.36497,0.0,0.0,0.0,22.97561,23.26209,-15.12609,8.88,0.37,0.51,2.0
1758077169.39189,1758077169.37497,0.0,0.0,0.0,20.97026,22.28806,-15.92823,8.88,0.37,0.51,2.0
1758077169.40642,1758077169.38497,0.0,0.0,0.0,20.11082,21.31403,-15.29797,9.0,0.74,0.31,2.0
1758077169.41161,1758077169.39497,0.0,0.0,0.0,19.82434,19.48057,-13.86558,8.96,0.93,0.32,2.0
1758077169.4264,1758077169.40497,0.0,0.0,0.0,19.59516,16.3293,-12.08941,8.96,0.93,0.32,2.0
1758077169.43001,1758077169.41497,0.0,0.0,0.0,19.07949,11.00079,-9.68299,8.67,0.81,0.38,2.0
1758077169.44638,1758077169.42497,0.0,0.0,0.0,18.33465,8.36518,-7.84952,8.67,0.81,0.38,2.0
1758077169.45191,1758077169.43497,0.0,0.0,0.0,17.18874,6.24524,-6.99009,8.62,0.47,0.28,2.0
1758077169.46671,1758077169.44497,0.0,0.0,0.0,15.41257,4.52637,-6.70361,8.62,0.47,0.28,2.0
1758077169.47003,1758077169.45497,0.0,0.0,0.0,12.37589,2.34913,-7.39116,8.65,0.18,0.24,2.0
1758077169.48967,1758077169.46497,0.0,0.0,0.0,10.37054,2.40642,-8.30789,8.67,0.04,0.15,2.0
1758077169.49322,1758077169.47497,0.0,0.0,0.0,8.65166,2.97938,-8.65166,8.67,0.04,0.15,2.0
1758077169.49569,1758077169.48497,0.0,0.0,0.0,7.67763,3.72423,-8.02141,8.74,-0.08,0.2,2.0
1758077169.5151,1758077169.49497,0.0,0.0,0.0,7.33386,4.92744,-5.4431,8.74,-0.08,0.2,2.0
1758077169.51676,1758077169.50497,0.0,0.0,0.0,7.62034,5.72958,-2.92208,8.79,-0.31,0.2,2.0
1758077169.53577,1758077169.51497,0.0,0.0,0.0,7.62034,6.8182,-0.74485,8.79,-0.31,0.2,2.0
1758077169.5368,1758077169.52497,0.0,0.0,0.0,7.04738,9.05273,0.68755,9.13,-0.22,0.11,2.0
1758077169.55648,1758077169.53497,0.0,0.0,0.0,4.98473,18.90761,1.14592,9.94,0.33,-0.01,2.0
1758077169.55841,1758077169.54497,0.0,0.0,0.0,2.97938,27.84575,0.97403,9.94,0.33,-0.01,2.0
1758077169.5767,1758077169.55497,0.0,0.0,0.0,0.74485,37.24226,0.80214,10.26,0.79,-0.25,2.0
1758077169.5868,1758077169.56497,0.0,0.0,0.0,-2.7502,46.06581,0.57296,10.26,0.79,-0.25,2.0
1758077169.58721,1758077169.57497,0.0,0.0,0.0,-5.27121,47.03984,0.11459,9.75,0.89,-0.06,2.0
1758077169.59703,1758077169.58497,0.0,0.0,0.0,-8.65166,38.78925,-0.40107,9.75,0.89,-0.06,2.0
1758077169.61771,1758077169.59497,0.0,0.0,0.0,-12.89155,26.69983,-0.85944,8.03,0.99,0.29,2.0
1758077169.61943,1758077169.60497,0.0,0.0,0.0,-19.88164,1.3751,0.0,8.03,0.99,0.29,2.0
1758077169.63651,1758077169.61497,0.0,0.0,0.0,-25.09555,-11.57375,-1.83346,7.18,1.22,0.23,2.0
1758077169.63762,1758077169.62497,0.0,0.0,0.0,-29.39274,-24.29341,-5.32851,7.25,1.57,0.21,2.0
1758077169.67745,1758077169.63497,0.0,0.0,0.0,-30.99702,-44.748,-5.72958,7.25,1.57,0.21,2.0
1758077169.72663,1758077169.64497,0.0,0.0,0.0,-28.36141,-48.07116,-5.4431,8.42,0.81,0.29,2.0
1758077169.72702,1758077169.65497,0.0,0.0,0.0,-24.57989,-39.76327,-2.29183,8.42,0.81,0.29,2.0
1758077169.74192,1758077169.66497,0.0,0.0,0.0,-23.31938,-31.74186,0.51566,11.26,-0.04,-0.75,2.0
1758077169.78108,1758077169.67497,0.0,0.0,0.0,-22.11617,-26.98631,2.29183,11.26,-0.04,-0.75,2.0
1758077169.78567,1758077169.68497,0.0,0.0,0.0,-20.11082,-34.89313,3.49504,11.54,-0.29,-0.8,2.0
1758077169.78676,1758077169.69497,0.0,0.0,0.0,-19.48057,-35.63798,4.92744,10.86,-0.35,-1.9,2.0
1758077169.79095,1758077169.70497,0.0,0.0,0.0,-18.85031,-24.86637,8.02141,10.86,-0.35,-1.9,2.0
1758077169.79182,1758077169.71497,0.0,0.0,0.0,-19.07949,-7.21927,10.25595,13.68,-0.12,-1.15,2.0
1758077169.79422,1758077169.72497,0.0,0.0,0.0,-20.74107,3.60963,11.28727,13.68,-0.12,-1.15,2.0
1758077169.7964,1758077169.73497,0.0,0.0,0.0,-18.9649,-6.53172,9.39651,14.32,-0.17,2.07,2.0
1758077169.7968,1758077169.74497,0.0,0.0,0.0,-15.98552,-25.61122,5.32851,14.32,-0.17,2.07,2.0
1758077169.80126,1758077169.75497,0.0,0.0,0.0,-13.98017,-38.61736,-3.20856,13.58,-0.9,3.58,2.0
1758077169.80194,1758077169.76497,0.0,0.0,0.0,-9.91217,-31.11161,-7.44845,14.58,-1.73,1.27,2.0
1758077169.80542,1758077169.77497,0.0,0.0,0.0,-6.8182,-18.73572,-8.88085,14.58,-1.73,1.27,2.0
1758077169.80708,1758077169.78497,0.0,0.0,0.0,-6.24524,-10.94349,-8.36518,12.77,-1.08,1.06,2.0
1758077169.81549,1758077169.79497,0.0,0.0,0.0,-8.76626,-4.64096,-5.21392,12.77,-1.08,1.06,2.0
1758077169.8159,1758077169.80497,0.0,0.0,0.0,-11.63104,-4.81285,-3.20856,10.2,0.28,1.6,2.0
1758077169.83725,1758077169.81497,0.0,0.0,0.0,-16.272,-8.02141,-1.94806,10.2,0.28,1.6,2.0
1758077169.84466,1758077169.82497,0.0,0.0,0.0,-21.25674,-10.08406,-1.77617,9.34,0.81,2.83,2.0
1758077169.84713,1758077169.83497,0.0,0.0,0.0,-28.76248,-8.65166,-3.89611,9.34,0.81,3.41,2.0
1758077169.86678,1758077169.84497,0.0,0.0,0.0,-33.40344,-8.25059,-6.35983,9.92,0.53,3.41,2.0
1758077169.87164,1758077169.85497,0.0,0.0,0.0,-36.89849,-7.79223,-9.22462,9.46,0.01,2.79,2.0
1758077169.88678,1758077169.86497,0.0,0.0,0.0,-38.84654,-6.13065,-11.17268,9.46,0.01,2.79,2.0
1758077169.8921,1758077169.87497,0.0,0.0,0.0,-38.38818,-3.49504,-10.59972,9.75,-0.8,2.24,2.0
1758077169.90648,1758077169.88497,0.0,0.0,0.0,-36.21093,-1.71887,-7.33386,9.75,-0.8,2.24,2.0
1758077169.93688,1758077169.89497,0.0,0.0,0.0,-32.88778,1.14592,-3.09397,10.53,-1.82,1.88,2.0
1758077169.94094,1758077169.90497,0.0,0.0,0.0,-28.76248,5.50039,1.03132,10.53,-1.82,1.88,2.0
1758077169.94189,1758077169.91497,0.0,0.0,0.0,-22.74642,12.89155,5.50039,10.99,-2.56,1.53,2.0
1758077169.94496,1758077169.92497,0.0,0.0,0.0,-19.07949,16.50119,7.16197,10.46,-2.64,1.36,2.0
1758077169.94701,1758077169.93497,0.0,0.0,0.0,-15.58445,18.79302,8.42248,10.46,-2.64,1.36,2.0
1758077169.97163,1758077169.94497,0.0,0.0,0.0,-12.71966,20.79837,9.22462,9.7,-2.04,1.08,2.0
1758077169.98083,1758077169.95497,0.0,0.0,0.0,-9.22462,23.49127,9.4538,9.7,-2.04,1.08,2.0
1758077169.98123,1758077169.96497,0.0,0.0,0.0,-7.44845,25.38203,9.33921,9.31,-1.41,0.74,2.0
1758077169.99652,1758077169.97497,0.0,0.0,0.0,-6.24524,27.04361,8.99544,9.31,-1.41,0.74,2.0
1758077169.99928,1758077169.98497,0.0,0.0,0.0,-4.81285,27.38738,8.30789,8.98,-1.16,0.49,2.0
1758077170.01637,1758077169.99497,0.0,0.0,0.0,-3.55234,27.44468,7.84952,8.51,-1.22,0.28,2.0
1758077170.02163,1758077170.00497,0.0,0.0,0.0,-2.40642,26.87172,7.50575,8.51,-1.22,0.28,2.0
1758077170.03693,1758077170.01497,0.0,0.0,0.0,-1.08862,26.12688,7.16197,8.14,-1.4,0.22,2.0
1758077170.04171,1758077170.02497,0.0,0.0,0.0,0.97403,25.38203,6.35983,8.14,-1.4,0.22,2.0
1758077170.05652,1758077170.03497,0.0,0.0,0.0,2.29183,25.21014,5.78687,8.07,-1.49,0.22,2.0
1758077170.06095,1758077170.04497,0.0,0.0,0.0,3.38045,24.23611,5.27121,8.07,-1.49,0.22,2.0
1758077170.07665,1758077170.05497,0.0,0.0,0.0,4.46907,22.40265,4.52637,8.14,-1.4,0.17,2.0
1758077170.08171,1758077170.06497,0.0,0.0,0.0,5.50039,19.99623,2.97938,8.4,-1.25,0.17,2.0
1758077170.09681,1758077170.07497,0.0,0.0,0.0,6.41713,19.25138,2.6929,8.4,-1.25,0.17,2.0
1758077170.10121,1758077170.08497,0.0,0.0,0.0,7.50575,18.50654,2.6929,8.63,-1.2,0.07,2.0
1758077170.11687,1758077170.09497,0.0,0.0,0.0,8.47978,17.36062,3.32316,8.63,-1.2,0.07,2.0
1758077170.11774,1758077170.10497,0.0,0.0,0.0,9.85487,17.30333,3.95341,8.54,-1.25,0.0,2.0
1758077170.13607,1758077170.11497,0.0,0.0,0.0,10.48513,20.3973,3.60963,8.54,-1.25,0.0,2.0
1758077170.13726,1758077170.12497,0.0,0.0,0.0,10.31324,23.66316,2.86479,8.8,-1.12,-0.12,2.0
1758077170.15689,1758077170.13497,0.0,0.0,0.0,9.91217,27.33009,1.83346,8.8,-1.12,-0.12,2.0
1758077170.15775,1758077170.14497,0.0,0.0,0.0,8.0787,35.69527,-0.45837,8.9,-0.84,-0.16,2.0
1758077170.17603,1758077170.15497,0.0,0.0,0.0,6.7609,40.04975,-2.86479,9.09,-0.47,-0.24,2.0
1758077170.17776,1758077170.16497,0.0,0.0,0.0,5.84417,40.04975,-5.32851,9.09,-0.47,-0.24,2.0
1758077170.19533,1758077170.17497,0.0,0.0,0.0,6.35983,36.32552,-7.50575,8.68,-0.32,0.1,2.0
1758077170.20104,1758077170.18497,0.0,0.0,0.0,9.4538,21.31403,-7.50575,8.68,-0.32,0.1,2.0
1758077170.21659,1758077170.19497,0.0,0.0,0.0,13.06344,5.15662,-6.53172,7.98,-0.75,0.53,2.0
1758077170.22338,1758077170.20497,0.0,0.0,0.0,17.01685,-11.57375,-5.21392,7.98,-0.75,0.53,2.0
1758077170.2259,1758077170.21497,0.0,0.0,0.0,23.37668,-30.99702,-2.92208,7.56,-1.94,0.61,2.0
1758077170.24173,1758077170.22497,0.0,0.0,0.0,28.76248,-44.40423,-0.0573,8.09,-2.95,0.61,2.0
1758077170.24441,1758077170.23497,0.0,0.0,0.0,33.34615,-63.42643,3.83882,8.09,-2.95,0.61,2.0
1758077170.2919,1758077170.24497,0.0,0.0,0.0,36.26823,-78.839,7.73493,8.21,-3.03,0.0,2.0
1758077170.29947,1758077170.25497,0.0,0.0,0.0,38.1017,-75.97421,11.00079,8.21,-3.03,0.0,2.0
1758077170.30063,1758077170.26497,0.0,0.0,0.0,37.87251,-56.20716,11.00079,11.78,-2.17,-0.63,2.0
1758077170.30298,1758077170.27497,0.0,0.0,0.0,37.35685,-34.0337,9.68299,11.78,-2.17,-0.63,2.0
1758077170.30336,1758077170.28497,0.0,0.0,0.0,34.32018,-18.33465,4.52637,13.97,-0.97,-0.63,2.0
1758077170.30703,1758077170.29497,0.0,0.0,0.0,25.8404,-5.4431,-7.96411,12.24,0.67,-1.15,2.0
1758077170.35365,1758077170.30497,0.0,0.0,0.0,24.17882,-18.22006,-11.63104,12.24,0.67,-1.15,2.0
1758077170.35931,1758077170.31497,0.0,0.0,0.0,22.40265,-40.10705,-12.08941,10.92,0.3,-0.03,2.0
1758077170.36104,1758077170.32497,0.0,0.0,0.0,18.73572,-52.76942,-10.02676,10.92,0.3,-0.03,2.0
1758077170.36471,1758077170.33497,0.0,0.0,0.0,11.63104,-61.87944,-3.20856,14.34,0.06,2.53,2.0
1758077170.36655,1758077170.34497,0.0,0.0,0.0,7.73493,-66.00475,4.1253,14.34,0.06,2.53,2.0
1758077170.3719,1758077170.35497,0.0,0.0,0.0,4.87014,-64.45775,11.34457,16.06,-0.31,2.54,2.0
1758077170.37583,1758077170.36497,0.0,0.0,0.0,2.57831,-50.2484,15.41257,16.06,-0.31,2.54,2.0
1758077170.41679,1758077170.37497,0.0,0.0,0.0,-0.22918,-24.5226,15.24068,14.06,-1.34,0.0,2.0
1758077170.42102,1758077170.38497,0.0,0.0,0.0,-0.57296,-14.72501,12.37589,9.93,-2.18,0.64,2.0
1758077170.42157,1758077170.39497,0.0,0.0,0.0,1.3178,-7.62034,7.73493,9.93,-2.18,0.64,2.0
1758077170.42444,1758077170.40497,0.0,0.0,0.0,10.19865,-4.52637,1.48969,8.29,-1.92,2.03,2.0
1758077170.42583,1758077170.41497,0.0,0.0,0.0,18.27736,-5.21392,0.0573,8.29,-1.92,2.03,2.0
1758077170.63632,1758077170.42497,0.0,0.0,0.0,26.64254,-5.27121,-0.40107,9.0,-1.41,3.33,2.0
1758077170.63725,1758077170.43497,0.0,0.0,0.0,34.49206,0.34377,-0.45837,9.0,-1.41,3.33,2.0
1758077170.64183,1758077170.44497,0.0,0.0,0.0,44.8053,7.21927,2.6929,10.96,-1.02,2.93,2.0
1758077170.67155,1758077170.45497,0.0,0.0,0.0,48.9306,10.8862,5.95876,11.67,-0.65,2.1,2.0
1758077170.69687,1758077170.46497,0.0,0.0,0.0,50.82136,16.04282,9.05273,11.67,-0.65,2.1,2.0
1758077170.85337,1758077170.47497,0.0,0.0,0.0,50.3057,23.26209,10.48513,11.65,-0.33,1.36,2.0
1758077170.92697,1758077170.48497,0.0,0.0,0.0,45.03448,33.17426,8.30789,11.65,-0.33,1.36,2.0
1758077170.93582,1758077170.49497,0.0,0.0,0.0,39.99245,36.95578,4.81285,10.35,-0.13,1.17,2.0
1758077170.93646,1758077170.50497,0.0,0.0,0.0,33.9764,38.1017,0.80214,10.35,-0.13,1.17,2.0
1758077170.94169,1758077170.51497,0.0,0.0,0.0,27.67386,39.19032,-3.38045,8.9,0.19,1.21,2.0
1758077170.94231,1758077170.52497,0.0,0.0,0.0,19.36597,38.15899,-8.59437,8.81,0.7,1.05,2.0
1758077170.94595,1758077170.53497,0.0,0.0,0.0,14.83961,35.63798,-10.65701,8.81,0.7,1.05,2.0
1758077170.94654,1758077170.54497,0.0,0.0,0.0,11.22997,34.32018,-11.97482,8.96,1.25,0.86,2.0
1758077170.95172,1758077170.55497,0.0,0.0,0.0,9.05273,31.85646,-11.86023,8.96,1.25,0.86,2.0
1758077170.95268,1758077170.56497,0.0,0.0,0.0,7.04738,26.41335,-10.54242,8.9,1.28,0.81,2.0
1758077170.95733,1758077170.57497,0.0,0.0,0.0,6.41713,21.08485,-9.33921,8.9,1.28,0.81,2.0
1758077170.9639,1758077170.58497,0.0,0.0,0.0,6.18794,15.06879,-8.47978,8.6,0.9,0.95,2.0
1758077170.96717,1758077170.59497,0.0,0.0,0.0,5.61499,9.96947,-6.87549,8.6,0.9,0.95,2.0
1758077170.97528,1758077170.60497,0.0,0.0,0.0,4.23989,2.92208,-6.35983,8.62,0.41,0.92,2.0
1758077170.9759,1758077170.61497,0.0,0.0,0.0,2.46372,0.0,-6.41713,8.87,0.06,0.87,2.0
1758077171.00188,1758077170.62497,0.0,0.0,0.0,0.51566,-2.23454,-6.7609,8.87,0.06,0.87,2.0
1758077171.00642,1758077170.63497,0.0,0.0,0.0,-2.7502,-3.32316,-8.30789,8.86,-0.02,0.63,2.0
1758077171.00793,1758077170.64497,0.0,0.0,0.0,-4.81285,-2.86479,-9.22462,8.86,-0.02,0.63,2.0
1758077171.01337,1758077170.65497,0.0,0.0,0.0,-6.18794,-1.66158,-9.22462,8.81,0.08,0.45,2.0
1758077171.01381,1758077170.66497,0.0,0.0,0.0,-6.8182,-0.40107,-8.76626,8.81,0.08,0.45,2.0
1758077171.01654,1758077170.67497,0.0,0.0,0.0,-6.24524,3.83882,-6.18794,8.76,0.04,0.3,2.0
1758077171.01729,1758077170.68497,0.0,0.0,0.0,-4.58366,6.87549,-3.66693,8.93,-0.31,0.3,2.0
1758077171.0216,1758077170.69497,0.0,0.0,0.0,-2.63561,11.86023,-1.60428,8.93,-0.31,0.3,2.0
1758077171.024,1758077170.70497,0.0,0.0,0.0,-0.85944,18.10547,0.22918,9.24,-0.58,0.13,2.0
1758077171.0307,1758077170.71497,0.0,0.0,0.0,0.57296,29.62192,1.71887,9.24,-0.58,0.13,2.0
1758077171.03119,1758077170.72497,0.0,0.0,0.0,0.85944,38.1017,2.06265,9.63,-0.33,-0.31,2.0
1758077171.03332,1758077170.73497,0.0,0.0,0.0,0.40107,45.55015,2.06265,9.63,-0.33,-0.31,2.0
1758077171.03638,1758077170.74497,0.0,0.0,0.0,-0.68755,51.79538,1.94806,9.8,0.05,-0.47,2.0
1758077171.04154,1758077170.75497,0.0,0.0,0.0,-4.69825,49.27437,0.51566,9.03,0.49,0.16,2.0
1758077171.04296,1758077170.76497,0.0,0.0,0.0,-8.25059,34.43476,-0.40107,9.03,0.49,0.16,2.0
1758077171.04578,1758077170.77497,0.0,0.0,0.0,-12.37589,14.9542,-0.74485,7.14,1.01,0.38,2.0
1758077171.04636,1758077170.78497,0.0,0.0,0.0,-17.13144,-1.71887,-2.00535,7.14,1.01,0.38,2.0
1758077171.04717,1758077170.79497,0.0,0.0,0.0,-22.40265,-27.2155,-3.72423,7.02,1.42,0.36,2.0
1758077171.0515,1758077170.80497,0.0,0.0,0.0,-23.66316,-52.19646,-1.48969,7.02,1.42,0.36,2.0
1758077171.05307,1758077170.81497,0.0,0.0,0.0,-22.68913,-64.51505,-2.63561,7.35,0.71,0.37,2.0
1758077171.0565,1758077170.82497,0.0,0.0,0.0,-18.73572,-63.94209,2.34913,7.35,0.71,0.37,2.0
1758077171.06148,1758077170.83496,0.0,0.0,0.0,-16.10011,-51.90998,5.78687,10.29,-0.68,-0.67,2.0
1758077171.06264,1758077170.84496,0.0,0.0,0.0,-15.35527,-41.08107,8.36518,12.6,-1.43,-0.78,2.0
1758077171.0714,1758077170.85496,0.0,0.0,0.0,-15.24068,-42.85724,8.93814,12.6,-1.43,-0.78,2.0
1758077171.07221,1758077170.86496,0.0,0.0,0.0,-18.73572,-31.51268,6.99009,11.84,-1.43,-1.73,2.0
1758077171.07472,1758077170.87496,0.0,0.0,0.0,-21.25674,-21.94428,6.70361,11.84,-1.43,-1.73,2.0
1758077171.0847,1758077170.88496,0.0,0.0,0.0,-24.00693,-9.96947,7.44845,12.15,-0.77,-1.72,2.0
1758077171.09168,1758077170.89496,0.0,0.0,0.0,-25.43933,0.17189,9.96947,12.15,-0.77,-1.72,2.0
1758077171.10149,1758077170.90496,0.0,0.0,0.0,-22.68913,6.18794,14.49583,12.58,-0.16,0.3,2.0
1758077171.12711,1758077170.91496,0.0,0.0,0.0,-17.6471,-4.1253,14.43854,13.47,-0.3,3.09,2.0
1758077171.13189,1758077170.92496,0.0,0.0,0.0,-10.71431,-25.09555,13.17803,13.47,-0.3,3.09,2.0
1758077171.13591,1758077170.93496,0.0,0.0,0.0,-5.61499,-47.44091,8.99544,12.77,-1.21,4.32,2.0
1758077171.13646,1758077170.94496,0.0,0.0,0.0,1.66158,-46.86795,1.77617,12.77,-1.21,4.32,2.0
1758077171.14182,1758077170.95496,0.0,0.0,0.0,6.41713,-28.64789,-1.3178,14.54,-1.99,1.85,2.0
1758077171.1422,1758077170.96496,0.0,0.0,0.0,8.136,-15.35527,-2.63561,14.54,-1.99,1.85,2.0
1758077171.14336,1758077170.97496,0.0,0.0,0.0,7.44845,-9.4538,-2.40642,12.07,-0.99,2.04,2.0
1758077171.15183,1758077170.98496,0.0,0.0,0.0,1.94806,-6.07335,-0.97403,9.14,0.48,2.69,2.0
1758077171.1564,1758077170.99496,0.0,0.0,0.0,-4.81285,-4.1253,-0.57296,9.14,0.48,2.69,2.0
1758077171.15699,1758077171.00496,0.0,0.0,0.0,-12.89155,-1.43239,-1.20321,9.6,1.36,3.04,2.0
1758077171.16513,1758077171.01496,0.0,0.0,0.0,-24.63719,2.46372,-3.72423,9.6,1.36,3.04,2.0
1758077171.16686,1758077171.02496,0.0,0.0,0.0,-30.48136,6.35983,-5.15662,10.7,1.38,2.94,2.0
1758077171.17205,1758077171.03496,0.0,0.0,0.0,-33.80451,8.65166,-6.13065,10.7,1.38,2.94,2.0
1758077171.17616,1758077171.04496,0.0,0.0,0.0,-34.60666,9.91217,-5.90147,10.9,0.31,2.54,2.0
1758077171.17709,1758077171.05496,0.0,0.0,0.0,-31.28349,11.91752,-3.49504,10.9,0.31,2.54,2.0
1758077171.18131,1758077171.06496,0.0,0.0,0.0,-26.69983,14.32395,-0.74485,10.87,-1.24,2.21,2.0
1758077171.18569,1758077171.07496,0.0,0.0,0.0,-21.42862,16.50119,1.66158,10.62,-2.24,1.79,2.0
1758077171.18712,1758077171.08496,0.0,0.0,0.0,-16.3293,17.13144,3.89611,10.62,-2.24,1.79,2.0
1758077171.19196,1758077171.09496,0.0,0.0,0.0,-9.5684,16.61578,6.87549,9.72,-2.22,1.61,2.0
1758077171.1926,1758077171.10496,0.0,0.0,0.0,-6.07335,16.95955,8.65166,9.72,-2.22,1.61,2.0
1758077171.19789,1758077171.11496,0.0,0.0,0.0,-3.32316,17.47521,10.02676,9.14,-1.69,1.28,2.0
1758077171.20118,1758077171.12496,0.0,0.0,0.0,-1.20321,17.87628,11.00079,9.14,-1.69,1.28,2.0
1758077171.20164,1758077171.13496,0.0,0.0,0.0,1.08862,17.58981,11.11538,8.81,-1.36,1.06,2.0
1758077171.20509,1758077171.14496,0.0,0.0,0.0,3.20856,14.61043,10.8862,8.08,-1.36,0.81,2.0
1758077171.20595,1758077171.15496,0.0,0.0,0.0,5.55769,12.89155,11.28727,8.08,-1.36,0.81,2.0
1758077171.20723,1758077171.16496,0.0,0.0,0.0,7.96411,12.60507,11.74564,8.19,-1.72,0.54,2.0
1758077171.21187,1758077171.17496,0.0,0.0,0.0,11.17268,12.77696,12.204,8.19,-1.72,0.54,2.0
1758077171.21712,1758077171.18496,0.0,0.0,0.0,13.46451,12.60507,12.204,8.15,-1.91,0.41,2.0
1758077171.22096,1758077171.19496,0.0,0.0,0.0,15.46986,12.204,11.86023,8.15,-1.91,0.41,2.0
1758077171.22185,1758077171.20496,0.0,0.0,0.0,17.53251,11.91752,11.17268,8.14,-1.82,0.29,2.0
1758077171.23708,1758077171.21496,0.0,0.0,0.0,20.85567,12.54778,10.94349,8.52,-1.64,0.22,2.0
1758077171.24517,1758077171.22496,0.0,0.0,0.0,22.74642,13.46451,10.31324,8.52,-1.64,0.22,2.0
1758077171.2458,1758077171.23496,0.0,0.0,0.0,24.86637,13.00614,10.8862,8.66,-1.46,0.13,2.0
1758077171.26188,1758077171.24496,0.0,0.0,0.0,27.67386,13.5791,11.17268,8.66,-1.46,0.13,2.0
1758077171.26456,1758077171.25496,0.0,0.0,0.0,28.93437,14.09476,10.94349,8.82,-1.32,0.1,2.0
1758077171.28072,1758077171.26496,0.0,0.0,0.0,29.9084,13.80828,10.31324,8.82,-1.32,0.1,2.0
1758077171.29714,1758077171.27496,0.0,0.0,0.0,30.30947,13.98017,9.11003,8.65,-1.09,-0.03,2.0
1758077171.3028,1758077171.28496,0.0,0.0,0.0,30.36677,17.58981,6.35983,8.65,-1.09,-0.17,2.0
1758077171.30656,1758077171.29496,0.0,0.0,0.0,29.8511,24.23611,3.60963,8.73,-0.84,-0.17,2.0
1758077171.32705,1758077171.30496,0.0,0.0,0.0,28.24682,33.51803,0.45837,9.28,-0.61,-0.14,2.0
1758077171.33361,1758077171.31496,0.0,0.0,0.0,26.69983,41.08107,-3.20856,9.28,-0.61,-0.14,2.0
1758077171.33579,1758077171.32496,0.0,0.0,0.0,25.72581,42.51347,-7.50575,9.13,-0.56,0.15,2.0
1758077171.35216,1758077171.33496,0.0,0.0,0.0,26.12688,33.68992,-9.5684,9.13,-0.56,0.15,2.0
1758077171.35706,1758077171.34496,0.0,0.0,0.0,27.44468,20.79837,-10.54242,8.01,-0.8,0.15,2.0
1758077171.37633,1758077171.35496,0.0,0.0,0.0,30.02299,7.10468,-9.91217,8.01,-0.8,0.15,2.0
1758077171.38125,1758077171.36496,0.0,0.0,0.0,34.43476,-15.0115,-7.73493,7.71,-1.41,-0.04,2.0
1758077171.39687,1758077171.37496,0.0,0.0,0.0,38.27358,-30.88243,-4.35448,7.76,-2.29,0.12,2.0
1758077171.39881,1758077171.38496,0.0,0.0,0.0,41.31026,-52.9986,-0.40107,7.76,-2.29,0.12,2.0
1758077171.41594,1758077171.39496,0.0,0.0,0.0,42.85724,-74.7137,4.46907,7.72,-2.65,-0.42,2.0
1758077171.41712,1758077171.40496,0.0,0.0,0.0,45.72203,-73.16672,8.70896,7.72,-2.65,-0.42,2.0
1758077171.43187,1758077171.41496,0.0,0.0,0.0,48.35764,-50.3057,11.51645,12.14,-2.2,-1.03,2.0
1758077171.43708,1758077171.42496,0.0,0.0,0.0,48.41494,-30.82513,10.31324,12.14,-2.2,-1.03,2.0
1758077171.48143,1758077171.43496,0.0,0.0,0.0,46.1804,-21.25674,2.29183,13.33,-1.17,-0.62,2.0
1758077171.48662,1758077171.44496,0.0,0.0,0.0,45.14908,-36.38282,-4.23989,9.3,-0.33,-1.61,2.0
1758077171.48703,1758077171.45496,0.0,0.0,0.0,42.51347,-57.81144,-9.62569,9.3,-0.33,-1.61,2.0
1758077171.4917,1758077171.46496,0.0,0.0,0.0,32.88778,-59.01466,-15.41257,9.38,1.02,0.08,2.0
1758077171.49384,1758077171.47496,0.0,0.0,0.0,21.48592,-60.50434,-13.69369,9.38,1.02,0.08,2.0
1758077171.49644,1758077171.48496,0.0,0.0,0.0,15.58445,-69.3279,-7.50575,13.95,1.31,2.31,2.0
1758077171.51219,1758077171.49496,0.0,0.0,0.0,8.99544,-75.17207,2.46372,13.95,1.31,2.31,2.0
1758077171.51739,1758077171.50496,0.0,0.0,0.0,2.57831,-71.27596,13.00614,16.84,1.3,3.5,2.0
1758077171.53323,1758077171.51496,0.0,0.0,0.0,-5.15662,-60.27517,27.44468,16.17,1.3,1.4,2.0
1758077171.53646,1758077171.52496,0.0,0.0,0.0,-9.28192,-45.43555,33.11696,16.17,0.77,1.4,2.0
1758077171.55613,1758077171.53496,0.0,0.0,0.0,-13.12073,-25.26744,33.34615,11.62,-1.18,0.22,2.0
1758077171.55912,1758077171.54496,0.0,0.0,0.0,-16.38659,-8.99544,30.48136,11.62,-1.18,0.22,2.0
1758077171.57554,1758077171.55496,0.0,0.0,0.0,-13.17803,4.69825,22.11617,9.42,-1.75,2.37,2.0
1758077171.57669,1758077171.56496,0.0,0.0,0.0,-5.21392,5.61499,14.66772,9.42,-1.75,2.37,2.0
1758077171.59221,1758077171.57496,0.0,0.0,0.0,4.87014,6.7609,7.62034,9.03,-2.06,3.37,2.0
1758077171.59711,1758077171.58496,0.0,0.0,0.0,16.272,13.17803,2.06265,9.03,-2.06,3.37,2.0
1758077171.61619,1758077171.59496,0.0,0.0,0.0,32.42941,31.51268,-4.23989,12.37,-2.26,3.46,2.0
1758077171.61802,1758077171.60496,0.0,0.0,0.0,42.39888,34.89313,-0.74485,13.52,-1.74,2.41,2.0
1758077171.63596,1758077171.61496,0.0,0.0,0.0,47.49821,39.53409,2.06265,13.52,-1.74,2.41,2.0
1758077171.63748,1758077171.62496,0.0,0.0,0.0,50.363,44.748,7.04738,12.62,-1.08,1.76,2.0
1758077171.6522,1758077171.63496,0.0,0.0,0.0,48.8733,51.45161,7.04738,12.62,-1.08,1.76,2.0
1758077171.654,1758077171.64496,0.0,0.0,0.0,45.09178,54.48829,4.81285,10.94,-0.8,1.35,2.0
1758077171.67131,1758077171.65496,0.0,0.0,0.0,39.99245,56.55093,0.40107,10.94,-0.8,1.35,2.0
1758077171.68697,1758077171.66496,0.0,0.0,0.0,32.14294,56.37905,-7.10468,9.17,-0.47,1.38,2.0
1758077171.69128,1758077171.67496,0.0,0.0,0.0,27.73116,54.71747,-11.80293,8.03,0.14,1.49,2.0
1758077171.70694,1758077171.68496,0.0,0.0,0.0,24.4653,52.08187,-15.64175,8.03,0.14,1.49,2.0
1758077171.71052,1758077171.69496,0.0,0.0,0.0,22.34536,48.52953,-17.58981,7.8,0.81,1.38,2.0
1758077171.72702,1758077171.70496,0.0,0.0,0.0,21.7151,41.65404,-17.87628,7.8,0.81,1.38,2.0
1758077171.73229,1758077171.71496,0.0,0.0,0.0,22.00158,34.77854,-17.13144,7.9,1.07,1.18,2.0
1758077171.73584,1758077171.72496,0.0,0.0,0.0,22.40265,28.07493,-15.87093,7.9,1.07,1.18,2.0
1758077171.75222,1758077171.73496,0.0,0.0,0.0,22.57454,21.31403,-14.03747,7.83,0.74,1.01,2.0
1758077171.7575,1758077171.74496,0.0,0.0,0.0,21.7724,13.12073,-11.51645,7.9,0.21,1.0,2.0
1758077171.77228,1758077171.75496,0.0,0.0,0.0,20.62648,8.76626,-10.37054,7.9,0.21,1.0,2.0
1758077171.77632,1758077171.76496,0.0,0.0,0.0,19.13679,4.69825,-9.91217,8.06,-0.11,0.89,2.0
1758077171.79329,1758077171.77496,0.0,0.0,0.0,17.53251,1.20321,-9.62569,8.06,-0.11,0.89,2.0
1758077171.79662,1758077171.78496,0.0,0.0,0.0,15.29797,-1.60428,-9.33921,8.3,-0.15,0.73,2.0
1758077171.81224,1758077171.79496,0.0,0.0,0.0,14.49583,-2.11994,-8.70896,8.3,-0.15,0.73,2.0
1758077171.81629,1758077171.80496,0.0,0.0,0.0,13.86558,-1.48969,-8.0787,8.63,-0.08,0.65,2.0
1758077171.83228,1758077171.81496,0.0,0.0,0.0,13.46451,-0.51566,-6.53172,8.63,-0.08,0.65,2.0
1758077171.83739,1758077171.82496,0.0,0.0,0.0,12.2613,7.73493,-4.87014,8.89,-0.01,0.65,2.0
1758077171.85326,1758077171.83496,0.0,0.0,0.0,11.28727,18.44924,-3.95341,9.78,0.05,0.61,2.0
1758077171.85726,1758077171.84496,0.0,0.0,0.0,10.37054,29.27814,-2.92208,9.78,0.05,0.61,2.0
1758077171.87372,1758077171.85496,0.0,0.0,0.0,7.50575,38.38818,-2.40642,9.9,0.19,0.47,2.0
1758077171.87662,1758077171.86496,0.0,0.0,0.0,4.69825,43.54479,-2.7502,9.9,0.19,0.47,2.0
1758077171.94194,1758077171.87496,0.0,0.0,0.0,1.14592,38.78925,-2.86479,8.78,0.38,0.32,2.0
1758077171.99215,1758077171.88496,0.0,0.0,0.0,-3.32316,32.54401,-3.66693,8.78,0.38,0.32,2.0
1758077171.99833,1758077171.89496,0.0,0.0,0.0,-9.68299,17.76169,-2.63561,7.56,0.85,0.02,2.0
1758077172.00319,1758077171.90496,0.0,0.0,0.0,-13.80828,0.22918,-3.89611,6.15,1.64,0.23,2.0
1758077172.00386,1758077171.91496,0.0,0.0,0.0,-17.81899,-27.61657,-3.49504,6.15,1.64,0.23,2.0
1758077172.00509,1758077171.92496,0.0,0.0,0.0,-19.48057,-51.22243,-4.64096,5.48,1.52,-0.22,2.0
1758077172.00571,1758077171.93496,0.0,0.0,0.0,-17.87628,-80.04221,-4.92744,5.48,1.52,-0.22,2.0
1758077172.00645,1758077171.94496,0.0,0.0,0.0,-14.49583,-68.06739,-1.3751,8.51,0.85,-0.34,2.0
1758077172.0135,1758077171.95496,0.0,0.0,0.0,-9.05273,-23.49127,0.17189,8.51,0.85,-0.34,2.0
1758077172.01394,1758077171.96496,0.0,0.0,0.0,-3.89611,-10.8862,3.26586,15.77,-0.56,0.95,2.0
1758077172.01824,1758077171.97496,0.0,0.0,0.0,2.23454,-48.52953,0.17189,8.72,-1.67,1.27,2.0
1758077172.01898,1758077171.98496,0.0,0.0,0.0,9.28192,-52.13916,-1.66158,8.72,-1.67,1.27,2.0
1758077172.02193,1758077171.99496,0.0,0.0,0.0,15.29797,-41.76862,-2.29183,11.38,-1.61,-2.48,2.0
1758077172.02239,1758077172.00496,0.0,0.0,0.0,19.36597,-26.52795,-2.92208,11.38,-1.61,-2.48,2.0
1758077172.03098,1758077172.01496,0.0,0.0,0.0,23.89234,-14.03747,-1.71887,12.44,-0.63,-1.65,2.0
1758077172.04645,1758077172.02496,0.0,0.0,0.0,25.7831,-11.74564,-0.22918,12.44,-0.63,-1.65,2.0
1758077172.05125,1758077172.03496,0.0,0.0,0.0,28.476,-8.70896,1.60428,11.75,-0.25,0.13,2.0
1758077172.06712,1758077172.04496,0.0,0.0,0.0,33.34615,-7.50575,3.66693,11.75,-0.25,0.13,2.0
1758077172.07117,1758077172.05496,0.0,0.0,0.0,42.05511,-27.61657,0.51566,13.63,-1.27,2.62,2.0
1758077172.11172,1758077172.06496,0.0,0.0,0.0,46.1804,-48.07116,-5.27121,13.03,-2.04,3.62,2.0
1758077172.11684,1758077172.07496,0.0,0.0,0.0,47.89928,-57.58226,-10.19865,13.03,-2.04,3.62,2.0
1758077172.12103,1758077172.08496,0.0,0.0,0.0,46.35228,-45.72203,-15.0115,12.86,-1.26,1.42,2.0
1758077172.12274,1758077172.09496,0.0,0.0,0.0,44.9199,-37.01308,-14.03747,12.86,-1.26,1.42,2.0
1758077172.12376,1758077172.10496,0.0,0.0,0.0,41.48215,-33.05967,-10.02676,11.14,0.16,2.12,2.0
1758077172.12618,1758077172.11496,0.0,0.0,0.0,35.52338,-34.95043,-5.09932,11.14,0.16,2.12,2.0
1758077172.14124,1758077172.12496,0.0,0.0,0.0,25.49662,-32.71589,-0.11459,8.63,1.62,2.64,2.0
1758077172.15732,1758077172.13496,0.0,0.0,0.0,18.56383,-29.27814,0.51566,9.64,2.17,3.76,2.0
1758077172.15848,1758077172.14496,0.0,0.0,0.0,11.28727,-25.55392,-0.80214,9.64,2.17,3.76,2.0
1758077172.17302,1758077172.15496,0.0,0.0,0.0,4.29718,-19.59516,-3.49504,10.49,1.6,3.04,2.0
1758077172.17614,1758077172.16496,0.0,0.0,0.0,-4.52637,-12.71966,-8.47978,10.49,1.6,3.04,2.0
1758077172.19232,1758077172.17496,0.0,0.0,0.0,-8.42248,-8.93814,-10.71431,11.16,0.48,2.81,2.0
1758077172.21122,1758077172.18496,0.0,0.0,0.0,-10.8289,-2.97938,-11.28727,11.16,0.48,2.81,2.0
1758077172.21597,1758077172.19496,0.0,0.0,0.0,-11.17268,4.35448,-10.08406,11.97,-1.13,2.05,2.0
1758077172.21644,1758077172.20496,0.0,0.0,0.0,-9.22462,15.29797,-6.35983,12.0,-2.12,1.42,2.0
1758077172.23218,1758077172.21496,0.0,0.0,0.0,-6.99009,21.02755,-3.38045,12.0,-2.12,1.42,2.0
1758077172.23727,1758077172.22496,0.0,0.0,0.0,-4.64096,25.55392,-0.34377,10.85,-1.86,1.13,2.0
1758077172.24645,1758077172.23496,0.0,0.0,0.0,-2.7502,29.33544,2.63561,10.85,-1.86,1.13,2.0
1758077172.26207,1758077172.24496,0.0,0.0,0.0,-0.11459,34.26288,6.7609,9.99,-0.94,0.97,2.0
1758077172.32179,1758077172.25496,0.0,0.0,0.0,1.08862,36.26823,8.88085,9.99,-0.94,0.97,2.0
1758077172.32707,1758077172.26496,0.0,0.0,0.0,2.00535,37.18496,9.96947,9.49,-0.43,0.87,2.0
1758077172.33401,1758077172.27496,0.0,0.0,0.0,3.60963,36.55471,10.37054,9.49,-0.43,0.87,2.0
1758077172.34667,1758077172.28496,0.0,0.0,0.0,4.35448,34.72124,10.25595,9.0,-0.48,0.66,2.0
1758077172.39029,1758077172.29496,0.0,0.0,0.0,5.61499,33.34615,9.62569,8.82,-0.85,0.46,2.0
1758077172.39671,1758077172.30496,0.0,0.0,0.0,6.58902,32.08564,8.93814,8.82,-0.85,0.46,2.0
1758077172.39815,1758077172.31496,0.0,0.0,0.0,8.65166,28.59059,8.136,8.57,-1.18,0.57,2.0
1758077172.40186,1758077172.32496,0.0,0.0,0.0,9.96947,25.8404,8.02141,8.57,-1.18,0.57,2.0
1758077172.40321,1758077172.33496,0.0,0.0,0.0,11.63104,22.91831,7.79223,8.34,-1.27,0.58,2.0
1758077172.4059,1758077172.34496,0.0,0.0,0.0,13.5218,20.45459,7.84952,8.34,-1.27,0.58,2.0
1758077172.4067,1758077172.35496,0.0,0.0,0.0,17.01685,17.93358,8.59437,8.39,-1.26,0.57,2.0
1758077172.41185,1758077172.36496,0.0,0.0,0.0,19.25138,16.10011,8.93814,8.59,-1.21,0.53,2.0
1758077172.41657,1758077172.37496,0.0,0.0,0.0,21.42862,14.72501,9.28192,8.59,-1.21,0.53,2.0
1758077172.41815,1758077172.38496,0.0,0.0,0.0,23.26209,13.80828,9.22462,8.74,-1.13,0.34,2.0
1758077172.42109,1758077172.39496,0.0,0.0,0.0,25.15285,13.06344,8.136,8.74,-1.13,0.34,2.0
1758077172.42146,1758077172.40496,0.0,0.0,0.0,26.47065,15.24068,7.67763,8.86,-1.05,0.23,2.0
1758077172.43092,1758077172.41496,0.0,0.0,0.0,27.1582,22.86102,6.58902,8.86,-1.05,0.23,2.0
1758077172.44612,1758077172.42496,0.0,0.0,0.0,27.33009,32.6013,5.50039,9.72,-0.96,0.12,2.0
1758077172.45079,1758077172.43496,0.0,0.0,0.0,27.33009,43.65939,4.23989,9.88,-0.88,0.12,2.0
1758077172.46613,1758077172.44496,0.0,0.0,0.0,28.01764,44.63341,4.1253,9.88,-0.88,0.12,2.0
1758077172.47057,1758077172.45496,0.0,0.0,0.0,29.9084,39.3622,4.52637,8.69,-0.96,-0.07,2.0
1758077172.48612,1758077172.46496,0.0,0.0,0.0,32.48671,30.82513,5.50039,8.69,-0.96,-0.07,2.0
1758077172.5114,1758077172.47496,0.0,0.0,0.0,38.38818,12.2613,6.8182,7.45,-1.35,-0.37,2.0
1758077172.51207,1758077172.48496,0.0,0.0,0.0,43.4875,-7.33386,9.22462,7.45,-1.35,-0.37,2.0
1758077172.51678,1758077172.49496,0.0,0.0,0.0,47.78468,-38.61736,11.51645,5.68,-1.89,-0.26,2.0
1758077172.51789,1758077172.50496,0.0,0.0,0.0,50.1911,-67.15066,14.43854,5.68,-1.89,-0.26,2.0
1758077172.54137,1758077172.51496,0.0,0.0,0.0,55.00395,-51.22243,19.48057,5.89,-2.29,-0.13,2.0
1758077172.54667,1758077172.52496,0.0,0.0,0.0,58.21251,-29.22085,21.6578,12.12,-2.55,0.32,2.0
1758077172.54937,1758077172.53496,0.0,0.0,0.0,59.01466,-19.82434,21.88699,12.12,-2.55,0.32,2.0
1758077172.57138,1758077172.54496,0.0,0.0,0.0,57.0093,-34.14828,16.50119,10.7,-2.14,1.47,2.0
1758077172.57554,1758077172.55496,0.0,0.0,0.0,55.57691,-52.65482,12.204,10.7,-2.14,1.47,2.0
1758077172.57611,1758077172.56496,0.0,0.0,0.0,56.14987,-74.88559,11.00079,8.04,-1.48,-1.04,2.0
1758077172.5924,1758077172.57496,0.0,0.0,0.0,55.06125,-81.87567,8.76626,8.04,-1.48,-1.04,2.0
1758077172.61132,1758077172.58496,0.0,0.0,0.0,51.90998,-75.40125,6.47442,9.26,-0.89,-1.91,2.0
1758077172.61808,1758077172.59496,0.0,0.0,0.0,47.78468,-68.86953,6.07335,11.29,-0.16,0.19,2.0
1758077172.62674,1758077172.60496,0.0,0.0,0.0,37.24226,-54.88936,2.46372,11.29,-0.16,0.19,2.0
1758077172.63111,1758077172.61496,0.0,0.0,0.0,23.37668,-52.02457,-1.94806,14.58,2.46,3.72,2.0
1758077172.64616,1758077172.62496,0.0,0.0,0.0,9.39651,-74.31263,7.62034,14.58,2.46,3.72,2.0
1758077172.65167,1758077172.63496,0.0,0.0,0.0,3.03668,-79.01089,16.55848,16.24,2.73,3.24,2.0
1758077172.66618,1758077172.64496,0.0,0.0,0.0,0.51566,-65.08801,26.75713,16.24,2.73,3.24,2.0
1758077172.67169,1758077172.65496,0.0,0.0,0.0,0.45837,-44.28964,34.14828,17.37,1.34,0.78,2.0
1758077172.68623,1758077172.66496,0.0,0.0,0.0,0.17189,-24.4653,35.06502,11.71,-1.51,1.18,2.0
1758077172.69168,1758077172.67496,0.0,0.0,0.0,1.43239,-17.36062,29.62192,11.71,-1.51,1.18,2.0
1758077172.70623,1758077172.68496,0.0,0.0,0.0,4.98473,-11.17268,21.08485,8.32,-2.53,1.8,2.0
1758077172.71062,1758077172.69496,0.0,0.0,0.0,15.98552,-0.57296,6.47442,8.32,-2.53,1.8,2.0
1758077172.72622,1758077172.70496,0.0,0.0,0.0,25.49662,7.39116,-1.71887,9.46,-2.41,2.15,2.0
1758077172.73165,1758077172.71496,0.0,0.0,0.0,35.3515,15.41257,-7.16197,9.46,-2.41,2.15,2.0
1758077172.74619,1758077172.72496,0.0,0.0,0.0,44.51882,22.91831,-9.28192,11.98,-1.65,2.03,2.0
1758077172.75087,1758077172.73496,0.0,0.0,0.0,53.51426,31.45539,-7.79223,11.98,-1.65,2.03,2.0
1758077172.76619,1758077172.74496,0.0,0.0,0.0,55.7488,36.03905,-5.90147,13.13,-0.6,1.15,2.0
1758077172.77168,1758077172.75496,0.0,0.0,0.0,55.6342,40.39353,-4.35448,12.57,0.18,0.68,2.0
1758077172.78651,1758077172.76496,0.0,0.0,0.0,53.62885,45.60744,-4.0107,12.57,0.18,0.68,2.0
1758077172.79089,1758077172.77496,0.0,0.0,0.0,47.44091,49.67545,-5.78687,10.91,0.46,0.3,2.0
1758077172.80619,1758077172.78496,0.0,0.0,0.0,42.34158,49.84733,-7.67763,10.91,0.46,0.3,2.0
1758077172.81647,1758077172.79496,0.0,0.0,0.0,36.61201,49.96192,-10.31324,8.93,0.58,0.33,2.0
1758077172.81685,1758077172.80496,0.0,0.0,0.0,31.28349,48.9306,-13.06344,8.93,0.58,0.33,2.0
1758077172.83646,1758077172.81496,0.0,0.0,0.0,24.75178,41.65404,-16.272,7.73,0.84,0.52,2.0
1758077172.84169,1758077172.82496,0.0,0.0,0.0,21.14215,34.72124,-17.36062,6.85,1.33,0.81,2.0
1758077172.85628,1758077172.83496,0.0,0.0,0.0,18.22006,26.35606,-17.93358,6.85,1.33,0.81,2.0
1758077172.86143,1758077172.84496,0.0,0.0,0.0,14.9542,17.30333,-17.76169,6.93,1.73,0.89,2.0
1758077172.87616,1758077172.85496,0.0,0.0,0.0,10.25595,4.35448,-16.61578,6.93,1.73,0.89,2.0
1758077172.88172,1758077172.86496,0.0,0.0,0.0,7.04738,-1.83346,-15.87093,7.52,1.65,0.98,2.0
1758077172.89655,1758077172.87496,0.0,0.0,0.0,3.49504,-6.53172,-15.64175,7.52,1.65,0.98,2.0
1758077172.90098,1758077172.88496,0.0,0.0,0.0,0.40107,-10.8289,-15.12609,8.07,1.27,0.82,2.0
1758077172.91656,1758077172.89496,0.0,0.0,0.0,-3.26586,-15.41257,-14.83961,8.29,0.82,0.7,2.0
1758077172.91937,1758077172.90496,0.0,0.0,0.0,-4.81285,-16.50119,-13.98017,8.29,0.82,0.7,2.0
1758077172.93694,1758077172.91496,0.0,0.0,0.0,-4.87014,-14.43854,-12.2613,8.66,0.21,0.78,2.0
1758077172.94189,1758077172.92496,0.0,0.0,0.0,-2.86479,-4.69825,-8.65166,8.66,0.21,0.78,2.0
1758077172.95233,1758077172.93496,0.0,0.0,0.0,-1.3178,2.06265,-6.87549,9.26,-0.54,0.77,2.0
1758077172.97166,1758077172.94496,0.0,0.0,0.0,-0.74485,8.30789,-5.95876,9.26,-0.54,0.77,2.0
1758077172.97375,1758077172.95496,0.0,0.0,0.0,-1.3178,14.9542,-6.24524,9.86,-0.27,0.27,2.0
1758077172.97644,1758077172.96496,0.0,0.0,0.0,-4.18259,26.41335,-8.0787,10.65,-0.27,0.09,2.0
1758077173.04204,1758077172.97496,0.0,0.0,0.0,-7.10468,32.77319,-9.62569,10.65,0.57,0.09,2.0
1758077173.06505,1758077172.98496,0.0,0.0,0.0,-10.59972,35.52338,-11.11538,10.41,1.1,0.12,2.0
1758077173.06559,1758077172.99496,0.0,0.0,0.0,-14.49583,35.2942,-12.08941,10.41,1.1,0.12,2.0
1758077173.06685,1758077173.00496,0.0,0.0,0.0,-19.82434,30.76784,-12.204,9.45,1.24,-0.12,2.0
1758077173.0692,1758077173.01496,0.0,0.0,0.0,-22.63183,25.15285,-10.94349,9.45,1.24,-0.12,2.0
1758077173.07111,1758077173.02496,0.0,0.0,0.0,-24.80907,19.70975,-9.4538,8.78,1.15,-0.47,2.0
1758077173.07172,1758077173.03496,0.0,0.0,0.0,-25.8404,12.54778,-7.96411,8.78,1.15,-0.47,2.0
1758077173.07253,1758077173.04496,0.0,0.0,0.0,-25.38203,-10.02676,-4.35448,8.04,0.91,-0.76,2.0
1758077173.07625,1758077173.05496,0.0,0.0,0.0,-24.86637,-26.01229,-0.45837,6.94,0.45,-0.88,2.0
1758077173.07662,1758077173.06496,0.0,0.0,0.0,-24.86637,1.03132,-0.74485,6.94,0.45,-0.88,2.0
1758077173.0959,1758077173.07496,0.0,0.0,0.0,-23.89234,28.70519,4.87014,13.14,0.56,-0.16,2.0
1758077173.0969,1758077173.08496,0.0,0.0,0.0,-29.33544,-32.88778,-1.03132,13.14,0.56,-0.16,2.0
1758077173.11605,1758077173.09496,0.0,0.0,0.0,-31.45539,-57.86874,-6.58902,6.72,0.89,1.55,2.0
1758077173.16122,1758077173.10496,0.0,0.0,0.0,-29.50733,-54.60288,-6.41713,6.72,0.89,1.55,2.0
1758077173.16181,1758077173.11496,0.0,0.0,0.0,-26.41335,-35.3515,-5.78687,11.12,0.39,-0.93,2.0
1758077173.21157,1758077173.12496,0.0,0.0,0.0,-22.86102,-28.30412,-4.81285,12.06,0.0,-0.63,2.0
1758077173.21572,1758077173.13496,0.0,0.0,0.0,-18.44924,-25.09555,-2.97938,12.06,0.0,-0.63,2.0
1758077173.22101,1758077173.14496,0.0,0.0,0.0,-14.66772,-24.5226,-0.97403,10.76,-0.27,-1.83,2.0
1758077173.22147,1758077173.15496,0.0,0.0,0.0,-9.5684,-22.40265,2.06265,10.76,-0.27,-1.83,2.0
1758077173.22206,1758077173.16496,0.0,0.0,0.0,-6.53172,-18.33465,3.89611,10.79,-0.91,-1.07,2.0
1758077173.22629,1758077173.17496,0.0,0.0,0.0,-2.92208,-12.2613,5.32851,10.79,-0.91,-1.07,2.0
1758077173.22974,1758077173.18496,0.0,0.0,0.0,1.20321,-10.54242,5.50039,13.4,-1.54,1.19,2.0
1758077173.28122,1758077173.19496,0.0,0.0,0.0,9.28192,-28.64789,0.45837,14.34,-1.95,3.0,2.0
1758077173.28479,1758077173.20496,0.0,0.0,0.0,13.86558,-46.35228,-3.89611,14.34,-1.95,3.0,2.0
1758077173.303,1758077173.21496,0.0,0.0,0.0,-2.00535,-9.91217,-3.60963,9.31,1.75,2.56,2.0
1758077173.3036,1758077173.22496,0.0,0.0,0.0,-12.54778,-8.76626,-3.55234,9.31,1.77,3.47,2.0
1758077173.30652,1758077173.23496,0.0,0.0,0.0,-22.63183,-3.20856,-4.92744,9.31,1.77,3.47,2.0
1758077173.32165,1758077173.24496,0.0,0.0,0.0,-34.49206,3.38045,-9.05273,11.22,1.0,3.21,2.0
1758077173.32658,1758077173.25496,0.0,0.0,0.0,-38.78925,11.34457,-11.80293,11.22,1.0,3.21,2.0
1758077173.34667,1758077173.26496,0.0,0.0,0.0,-39.70598,16.21471,-13.17803,11.71,-0.5,2.29,2.0
1758077173.35264,1758077173.27496,0.0,0.0,0.0,-37.52874,21.14215,-13.00614,11.71,-0.5,2.29,2.0
1758077173.35645,1758077173.28496,0.0,0.0,0.0,-30.82513,29.33544,-9.91217,11.92,-1.74,1.63,2.0
1758077173.40097,1758077173.29496,0.0,0.0,0.0,-25.26744,33.68992,-6.47442,11.61,-1.88,1.16,2.0
1758077173.40296,1758077173.30496,0.0,0.0,0.0,-20.51189,36.55471,-2.40642,11.61,-1.88,1.16,2.0
1758077173.43098,1758077173.31496,0.0,0.0,0.0,-16.55848,38.38818,1.71887,10.39,-1.16,0.88,2.0
1758077173.4319,1758077173.32496,0.0,0.0,0.0,-13.06344,38.90384,7.10468,10.39,-1.16,0.88,2.0
1758077173.43332,1758077173.33496,0.0,0.0,0.0,-12.2613,38.61736,9.62569,9.31,-0.7,0.8,2.0
1758077173.43693,1758077173.34496,0.0,0.0,0.0,-12.54778,37.75792,11.22997,9.31,-0.7,0.8,2.0
1758077173.44182,1758077173.35496,0.0,0.0,0.0,-13.17803,35.75257,11.74564,8.68,-0.67,0.69,2.0
1758077173.44225,1758077173.36496,0.0,0.0,0.0,-14.78231,30.76784,10.94349,8.14,-0.87,0.48,2.0
1758077173.44339,1758077173.37496,0.0,0.0,0.0,-15.46986,27.38738,9.91217,8.14,-0.87,0.48,2.0
1758077173.45898,1758077173.38496,0.0,0.0,0.0,-15.58445,24.17882,8.76626,8.04,-1.1,0.22,2.0
1758077173.47467,1758077173.39496,0.0,0.0,0.0,-15.41257,20.97026,7.84952,8.04,-1.1,0.22,2.0
1758077173.47742,1758077173.40496,0.0,0.0,0.0,-14.43854,16.73037,6.7609,8.04,-1.19,0.19,2.0
1758077173.49662,1758077173.41496,0.0,0.0,0.0,-13.17803,13.86558,5.95876,8.04,-1.19,0.19,2.0
1758077173.50164,1758077173.42496,0.0,0.0,0.0,-11.51645,11.22997,5.61499,7.98,-1.08,0.16,2.0
1758077173.51647,1758077173.43496,0.0,0.0,0.0,-9.5684,9.4538,5.55769,7.98,-1.08,0.16,2.0
1758077173.52166,1758077173.44496,0.0,0.0,0.0,-6.18794,6.41713,5.84417,8.08,-0.96,0.06,2.0
1758077173.53644,1758077173.45496,0.0,0.0,0.0,-3.83882,4.98473,5.90147,8.01,-0.96,-0.16,2.0
1758077173.53839,1758077173.46496,0.0,0.0,0.0,-1.48969,5.15662,6.18794,8.01,-0.96,-0.16,2.0
1758077173.55646,1758077173.47496,0.0,0.0,0.0,2.23454,11.28727,6.35983,8.52,-1.12,-0.26,2.0
1758077173.56158,1758077173.48496,0.0,0.0,0.0,4.98473,18.22006,6.58902,8.52,-1.12,-0.26,2.0
1758077173.57641,1758077173.49496,0.0,0.0,0.0,7.44845,26.64254,6.24524,9.27,-1.36,-0.23,2.0
1758077173.5808,1758077173.50496,0.0,0.0,0.0,9.62569,33.40344,5.72958,9.27,-1.36,-0.23,2.0
1758077173.59646,1758077173.51496,0.0,0.0,0.0,12.89155,39.3622,4.81285,9.36,-1.5,-0.22,2.0
1758077173.62695,1758077173.52496,0.0,0.0,0.0,15.58445,39.99245,4.29718,8.85,-1.57,-0.1,2.0
1758077173.63336,1758077173.53496,0.0,0.0,0.0,18.33465,34.43476,3.66693,8.85,-1.57,-0.1,2.0
1758077173.6367,1758077173.54496,0.0,0.0,0.0,21.37133,22.00158,2.7502,7.23,-1.6,-0.07,2.0
1758077173.64165,1758077173.55496,0.0,0.0,0.0,27.33009,-8.99544,2.11994,7.23,-1.6,-0.07,2.0
1758077173.66059,1758077173.56496,0.0,0.0,0.0,30.76784,-39.07573,1.83346,5.07,-1.74,-0.38,2.0
1758077173.66473,1758077173.57496,0.0,0.0,0.0,32.54401,-64.80153,0.85944,5.07,-1.74,-0.38,2.0
1758077173.66715,1758077173.58496,0.0,0.0,0.0,36.6693,-62.28051,2.92208,5.5,-2.05,-1.18,2.0
1758077173.67417,1758077173.59496,0.0,0.0,0.0,40.33623,-24.63719,10.37054,12.51,-2.37,0.34,2.0
1758077173.677,1758077173.60496,0.0,0.0,0.0,40.85189,-7.04738,9.28192,12.51,-2.37,0.34,2.0
1758077173.69591,1758077173.61496,0.0,0.0,0.0,43.31561,-22.63183,9.39651,11.06,-2.25,0.48,2.0
1758077173.69708,1758077173.62496,0.0,0.0,0.0,43.31561,-62.96807,6.8182,11.06,-2.25,0.48,2.0
1758077173.71665,1758077173.63496,0.0,0.0,0.0,44.748,-93.27753,11.91752,7.79,-1.97,-1.58,2.0
1758077173.71765,1758077173.64496,0.0,0.0,0.0,43.20102,-84.85506,13.5218,7.79,-1.97,-1.58,2.0
1758077173.7583,1758077173.65496,0.0,0.0,0.0,38.38818,-80.44328,14.03747,12.78,-1.27,-0.3,2.0
1758077173.80677,1758077173.66496,0.0,0.0,0.0,20.16812,-70.58841,9.62569,12.78,-1.27,-0.3,2.0
1758077173.81171,1758077173.67496,0.0,0.0,0.0,10.02676,-72.47916,11.86023,15.63,1.28,4.26,2.0
1758077173.81633,1758077173.68496,0.0,0.0,0.0,1.3751,-71.90621,17.24603,18.5,1.98,2.0,2.0
1758077173.81672,1758077173.69496,0.0,0.0,0.0,-5.27121,-62.85347,22.63183,18.5,1.98,2.0,2.0
1758077173.8427,1758077173.70496,0.0,0.0,0.0,-11.57375,-44.11775,26.75713,16.2,0.96,-0.56,2.0
1758077173.8473,1758077173.71496,0.0,0.0,0.0,-14.72501,-25.72581,24.17882,16.2,0.96,-0.56,2.0
1758077173.85191,1758077173.72496,0.0,0.0,0.0,-16.10011,-12.43318,19.53786,11.43,-1.11,-0.47,2.0
1758077173.85609,1758077173.73496,0.0,0.0,0.0,-13.86558,-5.61499,13.86558,11.43,-1.11,-0.47,2.0
1758077173.85681,1758077173.74496,0.0,0.0,0.0,-3.55234,-3.20856,6.87549,9.36,-2.12,1.33,2.0
1758077173.8614,1758077173.75496,0.0,0.0,0.0,7.33386,-2.97938,4.23989,10.65,-2.31,2.92,2.0
1758077173.86194,1758077173.76496,0.0,0.0,0.0,19.99623,1.71887,2.40642,10.65,-2.31,2.92,2.0
1758077173.86694,1758077173.77496,0.0,0.0,0.0,32.14294,7.04738,0.51566,11.78,-1.97,3.24,2.0
1758077173.87179,1758077173.78496,0.0,0.0,0.0,48.30034,10.71431,3.95341,11.78,-1.97,3.24,2.0
1758077173.87666,1758077173.79496,0.0,0.0,0.0,55.23313,13.75099,7.10468,10.95,-1.23,2.85,2.0
1758077173.88088,1758077173.80496,0.0,0.0,0.0,59.12925,18.62113,10.59972,10.95,-1.23,2.85,2.0
1758077173.88655,1758077173.81496,0.0,0.0,0.0,59.75951,23.72045,11.86023,10.53,-0.26,2.02,2.0
1758077173.90613,1758077173.82496,0.0,0.0,0.0,55.29043,32.08564,9.39651,10.48,0.56,1.43,2.0
1758077173.91159,1758077173.83496,0.0,0.0,0.0,49.04519,37.24226,5.32851,10.48,0.56,1.43,2.0
1758077173.92679,1758077173.84496,0.0,0.0,0.0,40.85189,41.42485,0.34377,9.89,0.92,1.03,2.0
1758077173.93167,1758077173.85496,0.0,0.0,0.0,32.08564,42.97184,-8.0787,9.89,0.92,1.03,2.0
1758077174.01668,1758077173.86496,0.0,0.0,0.0,18.9649,42.34158,-12.71966,8.75,1.19,0.76,2.0
1758077174.02159,1758077173.87496,0.0,0.0,0.0,11.28727,41.25296,-16.21471,8.75,1.19,0.76,2.0
1758077174.02578,1758077173.88496,0.0,0.0,0.0,4.92744,37.98711,-18.44924,8.4,1.55,0.66,2.0
1758077174.02701,1758077173.89496,0.0,0.0,0.0,-2.6929,33.40344,-19.59516,8.4,1.55,0.66,2.0
1758077174.03157,1758077173.90496,0.0,0.0,0.0,-6.07335,30.13758,-18.9649,8.44,1.81,0.66,2.0
1758077174.03645,1758077173.91496,0.0,0.0,0.0,-8.36518,25.38203,-17.81899,8.6,1.65,0.77,2.0
1758077174.04106,1758077173.92496,0.0,0.0,0.0,-9.91217,19.88164,-16.38659,8.6,1.65,0.77,2.0
1758077174.0418,1758077173.93496,0.0,0.0,0.0,-10.8289,9.68299,-14.43854,8.38,1.03,0.85,2.0
1758077174.04372,1758077173.94496,0.0,0.0,0.0,-11.28727,3.89611,-14.03747,8.38,1.03,0.85,2.0
1758077174.04464,1758077173.95496,0.0,0.0,0.0,-11.74564,-0.40107,-13.75099,8.36,0.35,0.74,2.0
1758077174.04559,1758077173.96496,0.0,0.0,0.0,-12.08941,-3.66693,-13.80828,8.36,0.35,0.74,2.0
1758077174.04677,1758077173.97496,0.0,0.0,0.0,-13.34992,-6.70361,-14.43854,8.69,-0.04,0.67,2.0
1758077174.06648,1758077173.98496,0.0,0.0,0.0,-14.20935,-6.70361,-15.41257,8.89,-0.05,0.34,2.0
1758077174.07185,1758077173.99496,0.0,0.0,0.0,-15.29797,-5.50039,-16.50119,8.89,-0.05,0.34,2.0
1758077174.09134,1758077174.00496,0.0,0.0,0.0,-15.75634,-3.32316,-17.13144,8.98,0.1,0.04,2.0
1758077174.11609,1758077174.01496,0.0,0.0,0.0,-15.87093,0.85944,-16.90226,8.98,0.1,0.04,2.0
1758077174.11668,1758077174.02496,0.0,0.0,0.0,-15.46986,4.46907,-15.98552,9.02,0.1,-0.1,2.0
1758077174.12117,1758077174.03496,0.0,0.0,0.0,-14.9542,7.62034,-14.43854,9.02,0.1,-0.1,2.0
1758077174.12163,1758077174.04496,0.0,0.0,0.0,-14.61043,10.02676,-12.54778,9.13,-0.03,-0.09,2.0
1758077174.12348,1758077174.05496,0.0,0.0,0.0,-14.66772,20.62648,-8.99544,9.73,-0.13,-0.11,2.0
1758077174.14166,1758077174.06496,0.0,0.0,0.0,-15.24068,31.28349,-6.58902,9.73,-0.13,-0.11,2.0
1758077174.14679,1758077174.07496,0.0,0.0,0.0,-16.73037,42.39888,-4.92744,10.16,0.0,-0.12,2.0
1758077174.15435,1758077174.08496,0.0,0.0,0.0,-20.22541,50.13381,-3.26586,10.16,0.0,-0.12,2.0
1758077174.16671,1758077174.09496,0.0,0.0,0.0,-23.49127,48.52953,-3.03668,9.29,0.37,-0.25,2.0
1758077174.23107,1758077174.10496,0.0,0.0,0.0,-27.44468,41.99781,-3.32316,9.29,0.37,-0.25,2.0
1758077174.23229,1758077174.11496,0.0,0.0,0.0,-31.91375,33.68992,-3.72423,8.18,0.85,-0.35,2.0
1758077174.2409,1758077174.12496,0.0,0.0,0.0,-38.56006,18.79302,-6.24524,8.18,0.85,-0.35,2.0
1758077174.31802,1758077174.13496,0.0,0.0,0.0,-42.62806,0.97403,-7.50575,7.66,1.28,-0.19,2.0
1758077174.32173,1758077174.14496,0.0,0.0,0.0,-44.40423,-26.24147,-6.24524,6.59,1.17,-0.23,2.0
1758077174.32348,1758077174.15496,0.0,0.0,0.0,-42.39888,-47.78468,-7.96411,6.59,1.17,-0.23,2.0
1758077174.32389,1758077174.16496,0.0,0.0,0.0,-34.43476,-60.04598,-4.52637,8.03,0.18,0.04,2.0
1758077174.32694,1758077174.17496,0.0,0.0,0.0,-27.33009,-53.39967,-0.34377,8.03,0.18,0.04,2.0
1758077174.33181,1758077174.18496,0.0,0.0,0.0,-21.7151,-41.76862,4.52637,11.57,-1.39,-0.16,2.0
1758077174.33578,1758077174.19496,0.0,0.0,0.0,-19.13679,-40.85189,2.46372,11.57,-1.39,-0.16,2.0
1758077174.33768,1758077174.20496,0.0,0.0,0.0,-18.10547,-37.87251,-0.80214,12.41,-1.33,-0.97,2.0
1758077174.34133,1758077174.21496,0.0,0.0,0.0,-16.55848,-31.56997,-3.26586,12.14,-0.65,-1.92,2.0
1758077174.34193,1758077174.22496,0.0,0.0,0.0,-15.35527,-22.40265,-4.23989,12.14,-0.65,-1.92,2.0
1758077174.35186,1758077174.23496,0.0,0.0,0.0,-14.15206,-12.77696,-2.97938,11.67,-0.16,-2.14,2.0
1758077174.35653,1758077174.24496,0.0,0.0,0.0,-12.89155,-6.53172,1.48969,11.67,-0.16,-2.14,2.0
1758077174.35836,1758077174.25496,0.0,0.0,0.0,-11.51645,-4.69825,4.92744,11.47,-0.09,-0.29,2.0
1758077174.36167,1758077174.26496,0.0,0.0,0.0,-8.59437,-3.89611,7.73493,11.47,-0.09,-0.29,2.0
1758077174.3641,1758077174.27496,0.0,0.0,0.0,-4.23989,-12.2613,6.8182,13.65,-0.93,1.78,2.0
1758077174.36664,1758077174.28496,0.0,0.0,0.0,0.51566,-33.68992,2.86479,13.79,-1.79,3.3,2.0
1758077174.37079,1758077174.29496,0.0,0.0,0.0,0.74485,-44.51882,-2.46372,13.79,-1.79,3.3,2.0
1758077174.37671,1758077174.30496,0.0,0.0,0.0,0.45837,-43.83128,-6.99009,12.98,-1.68,1.76,2.0
1758077174.39691,1758077174.31496,0.0,0.0,0.0,-0.17189,-21.6578,-10.37054,12.98,-1.68,1.76,2.0
1758077174.39979,1758077174.32496,0.0,0.0,0.0,-2.11994,-10.19865,-9.28192,12.12,-0.16,1.53,2.0
1758077174.41691,1758077174.33496,0.0,0.0,0.0,-5.32851,-4.98473,-6.8182,12.12,-0.16,1.53,2.0
1758077174.42202,1758077174.34496,0.0,0.0,0.0,-10.19865,-3.38045,-3.89611,9.16,1.44,2.54,2.0
1758077174.42674,1758077174.35496,0.0,0.0,0.0,-20.45459,-1.71887,-2.06265,9.16,1.44,3.1,2.0
1758077174.43324,1758077174.36496,0.0,0.0,0.0,-29.04896,0.11459,-2.86479,8.8,1.81,3.1,2.0
1758077174.45131,1758077174.37496,0.0,0.0,0.0,-37.58603,3.60963,-5.61499,10.22,1.55,3.42,2.0
1758077174.46694,1758077174.38496,0.0,0.0,0.0,-44.8053,7.73493,-9.05273,10.22,1.55,3.42,2.0
1758077174.47133,1758077174.39496,0.0,0.0,0.0,-51.45161,11.51645,-13.40721,11.43,0.52,2.54,2.0
1758077174.48698,1758077174.40496,0.0,0.0,0.0,-52.13916,13.00614,-13.75099,11.43,0.52,2.54,2.0
1758077174.49211,1758077174.41496,0.0,0.0,0.0,-50.53488,16.272,-11.45916,11.76,-1.1,1.91,2.0
1758077174.49574,1758077174.42496,0.0,0.0,0.0,-46.69606,19.99623,-7.79223,11.76,-1.1,1.91,2.0
1758077174.51191,1758077174.43496,0.0,0.0,0.0,-39.07573,24.5226,-1.60428,11.84,-2.25,1.6,2.0
1758077174.51639,1758077174.44496,0.0,0.0,0.0,-33.9764,25.7831,1.77617,10.7,-2.22,1.47,2.0
1758077174.53598,1758077174.45496,0.0,0.0,0.0,-29.33544,26.24147,5.15662,10.7,-2.22,1.47,2.0
1758077174.53728,1758077174.46496,0.0,0.0,0.0,-25.61122,26.81443,7.79223,9.81,-1.55,1.28,2.0
1758077174.55197,1758077174.47496,0.0,0.0,0.0,-22.40265,27.61657,10.71431,9.81,-1.55,1.28,2.0
1758077174.55637,1758077174.48496,0.0,0.0,0.0,-21.31403,27.67386,11.74564,9.51,-1.06,1.1,2.0
1758077174.57192,1758077174.49496,0.0,0.0,0.0,-20.79837,26.24147,12.14671,9.51,-1.06,1.1,2.0
1758077174.5764,1758077174.50496,0.0,0.0,0.0,-20.3973,24.23611,11.86023,9.11,-0.99,0.9,2.0
1758077174.59168,1758077174.51496,0.0,0.0,0.0,-19.99623,21.94428,11.28727,8.82,-1.25,0.57,2.0
1758077174.59645,1758077174.52496,0.0,0.0,0.0,-19.48057,20.62648,10.71431,8.82,-1.25,0.57,2.0
1758077174.61192,1758077174.53496,0.0,0.0,0.0,-18.79302,20.16812,10.02676,8.57,-1.53,0.38,2.0
1758077174.61372,1758077174.54496,0.0,0.0,0.0,-17.6471,19.13679,9.22462,8.57,-1.53,0.38,2.0
1758077174.63148,1758077174.55496,0.0,0.0,0.0,-16.50119,17.81899,8.47978,8.19,-1.51,0.32,2.0
1758077174.63692,1758077174.56496,0.0,0.0,0.0,-15.41257,16.3293,7.73493,8.19,-1.51,0.32,2.0
1758077174.6565,1758077174.57496,0.0,0.0,0.0,-14.09476,15.0115,6.99009,7.91,-1.25,0.26,2.0
1758077174.66165,1758077174.58496,0.0,0.0,0.0,-12.08941,13.75099,5.15662,8.0,-0.96,0.13,2.0
1758077174.67693,1758077174.59496,0.0,0.0,0.0,-10.37054,13.86558,4.1253,8.0,-0.96,0.13,2.0
1758077174.68107,1758077174.60496,0.0,0.0,0.0,-8.42248,14.61043,3.09397,8.28,-0.91,0.02,2.0
1758077174.69696,1758077174.61496,0.0,0.0,0.0,-6.41713,15.35527,2.34913,8.28,-0.91,0.02,2.0
1758077174.70112,1758077174.62496,0.0,0.0,0.0,-3.09397,16.38659,1.60428,8.45,-1.13,-0.1,2.0
1758077174.71672,1758077174.63496,0.0,0.0,0.0,-0.74485,18.62113,1.14592,8.45,-1.13,-0.1,2.0
1758077174.71802,1758077174.64496,0.0,0.0,0.0,0.97403,23.37668,0.40107,8.75,-1.34,-0.19,2.0
1758077174.73609,1758077174.65496,0.0,0.0,0.0,2.06265,29.27814,-0.68755,8.75,-1.34,-0.19,2.0
1758077174.74141,1758077174.66496,0.0,0.0,0.0,2.23454,39.4195,-3.20856,9.06,-1.25,-0.31,2.0
1758077174.757,1758077174.67496,0.0,0.0,0.0,2.29183,43.31561,-4.92744,8.83,-0.95,-0.14,2.0
1758077174.76144,1758077174.68496,0.0,0.0,0.0,3.03668,42.62806,-6.53172,8.83,-0.95,-0.14,2.0
1758077174.77703,1758077174.69496,0.0,0.0,0.0,5.15662,36.7266,-6.58902,7.89,-0.84,0.15,2.0
1758077174.80445,1758077174.70496,0.0,0.0,0.0,10.37054,15.41257,-5.4431,7.89,-0.84,0.15,2.0
1758077174.80665,1758077174.71496,0.0,0.0,0.0,15.24068,-2.63561,-4.29718,6.7,-1.32,0.17,2.0
1758077174.81113,1758077174.72496,0.0,0.0,0.0,20.62648,-19.25138,-2.57831,6.7,-1.32,0.17,2.0
1758077174.81171,1758077174.73496,0.0,0.0,0.0,27.84575,-56.83742,1.43239,6.77,-2.27,0.28,2.0
1758077174.81609,1758077174.74496,0.0,0.0,0.0,31.62727,-83.47996,4.81285,6.41,-3.02,0.2,2.0
1758077174.832,1758077174.75496,0.0,0.0,0.0,36.32552,-88.29281,6.24524,6.41,-3.02,0.2,2.0
1758077174.83314,1758077174.76496,0.0,0.0,0.0,41.76862,-73.10942,9.33921,11.56,-3.06,-0.26,2.0
1758077174.85678,1758077174.77496,0.0,0.0,0.0,46.69606,-49.27437,11.17268,11.56,-3.06,-0.26,2.0
1758077174.86169,1758077174.78496,0.0,0.0,0.0,45.72203,-40.7946,8.70896,13.01,-2.21,0.15,2.0
1758077174.87686,1758077174.79496,0.0,0.0,0.0,43.02913,-36.55471,5.55769,13.01,-2.21,0.15,2.0
1758077174.88145,1758077174.80496,0.0,0.0,0.0,36.32552,-30.53865,-1.60428,11.54,-0.83,-1.29,2.0
1758077174.897,1758077174.81496,0.0,0.0,0.0,25.49662,-39.3622,-13.00614,9.93,1.05,-2.08,2.0
1758077174.90464,1758077174.82496,0.0,0.0,0.0,23.0902,-56.03527,-14.03747,9.93,1.05,-2.08,2.0
1758077174.91241,1758077174.83496,0.0,0.0,0.0,22.91831,-56.55093,-10.48513,10.82,-0.08,-2.04,2.0
1758077174.91449,1758077174.84496,0.0,0.0,0.0,21.14215,-45.89392,-6.70361,10.82,-0.08,-2.04,2.0
1758077174.93083,1758077174.85496,0.0,0.0,0.0,18.50654,-47.26902,-0.85944,15.07,-0.85,2.11,2.0
1758077174.94714,1758077174.86496,0.0,0.0,0.0,15.75634,-64.91612,4.46907,15.07,-0.85,2.11,2.0
1758077174.95201,1758077174.87496,0.0,0.0,0.0,12.83425,-79.81302,11.91752,14.93,-0.18,4.16,2.0
1758077174.96698,1758077174.88496,0.0,0.0,0.0,8.30789,-75.63043,18.85031,14.93,-0.18,4.16,2.0
1758077174.97304,1758077174.89496,0.0,0.0,0.0,0.85944,-47.78468,25.15285,16.37,0.82,1.63,2.0
1758077174.97607,1758077174.90496,0.0,0.0,0.0,-2.86479,-31.97105,26.01229,12.43,-0.34,0.55,2.0
1758077174.99211,1758077174.91496,0.0,0.0,0.0,-4.58366,-21.02755,23.54857,12.43,-0.34,0.55,2.0
1758077174.99323,1758077174.92496,0.0,0.0,0.0,-0.97403,-12.43318,17.13144,8.19,-1.52,1.84,2.0
1758077175.01108,1758077174.93496,0.0,0.0,0.0,5.61499,-8.65166,13.40721,8.19,-1.52,1.84,2.0
1758077175.02684,1758077174.94496,0.0,0.0,0.0,13.80828,-2.92208,9.74028,8.86,-1.4,2.75,2.0
1758077175.03223,1758077174.95496,0.0,0.0,0.0,22.74642,7.04738,6.41713,8.86,-1.4,2.75,2.0
1758077175.04703,1758077174.96496,0.0,0.0,0.0,34.72124,19.88164,3.95341,11.88,-1.34,2.7,2.0
1758077175.15114,1758077174.97496,0.0,0.0,0.0,40.16434,26.18417,3.66693,12.81,-0.99,1.6,2.0
1758077175.15169,1758077174.98496,0.0,0.0,0.0,42.85724,31.51268,4.46907,12.81,-0.99,1.6,2.0
1758077175.15301,1758077174.99496,0.0,0.0,0.0,43.14373,37.58603,4.58366,12.29,-0.36,1.16,2.0
1758077175.15625,1758077175.00496,0.0,0.0,0.0,39.64868,46.75336,3.32316,12.29,-0.36,1.16,2.0
1758077175.16127,1758077175.01496,0.0,0.0,0.0,34.72124,51.50891,0.74485,11.01,0.01,0.73,2.0
1758077175.16179,1758077175.02496,0.0,0.0,0.0,28.36141,52.54023,-2.63561,11.01,0.01,0.73,2.0
1758077175.16672,1758077175.03496,0.0,0.0,0.0,21.14215,51.39432,-6.35983,9.16,0.46,0.79,2.0
1758077175.16937,1758077175.04496,0.0,0.0,0.0,11.28727,49.67545,-10.54242,8.51,1.13,0.92,2.0
1758077175.17127,1758077175.05496,0.0,0.0,0.0,5.50039,47.44091,-12.77696,8.51,1.13,0.92,2.0
1758077175.172,1758077175.06496,0.0,0.0,0.0,0.40107,43.94586,-14.32395,8.3,1.67,0.97,2.0
1758077175.17348,1758077175.07496,0.0,0.0,0.0,-3.60963,39.64868,-14.9542,8.3,1.67,0.97,2.0
1758077175.17617,1758077175.08496,0.0,0.0,0.0,-7.84952,32.25753,-14.78231,8.13,1.72,0.81,2.0
1758077175.17695,1758077175.09496,0.0,0.0,0.0,-10.02676,25.61122,-14.09476,8.13,1.72,0.81,2.0
1758077175.18683,1758077175.10496,0.0,0.0,0.0,-11.45916,17.58981,-13.23533,7.87,1.31,0.83,2.0
1758077175.18989,1758077175.11496,0.0,0.0,0.0,-12.54778,9.68299,-11.91752,7.87,1.31,0.83,2.0
1758077175.20598,1758077175.12496,0.0,0.0,0.0,-13.80828,-0.74485,-10.71431,7.84,0.77,0.73,2.0
1758077175.21133,1758077175.13496,0.0,0.0,0.0,-14.78231,-5.32851,-10.19865,8.26,0.34,0.59,2.0
1758077175.22597,1758077175.14496,0.0,0.0,0.0,-15.92823,-8.76626,-10.02676,8.26,0.34,0.59,2.0
1758077175.22736,1758077175.15496,0.0,0.0,0.0,-17.99088,-11.00079,-11.34457,8.68,0.13,0.3,2.0
1758077175.24196,1758077175.16496,0.0,0.0,0.0,-19.13679,-11.57375,-12.54778,8.68,0.13,0.3,2.0
1758077175.24382,1758077175.17496,0.0,0.0,0.0,-20.05352,-10.08406,-13.69369,8.76,0.08,0.04,2.0
1758077175.26091,1758077175.18496,0.0,0.0,0.0,-20.16812,-7.84952,-14.09476,8.76,0.08,0.04,2.0
1758077175.27689,1758077175.19496,0.0,0.0,0.0,-20.22541,-4.29718,-13.40721,8.9,0.0,-0.07,2.0
1758077175.28289,1758077175.20496,0.0,0.0,0.0,-19.88164,-0.17189,-11.74564,9.03,-0.17,0.02,2.0
1758077175.28691,1758077175.21496,0.0,0.0,0.0,-19.25138,6.35983,-8.93814,9.03,-0.17,0.02,2.0
1758077175.30713,1758077175.22496,0.0,0.0,0.0,-18.44924,13.46451,-5.78687,9.5,-0.34,0.16,2.0
1758077175.31126,1758077175.23496,0.0,0.0,0.0,-17.58981,25.38203,-1.08862,9.5,-0.34,0.16,2.0
1758077175.32717,1758077175.24496,0.0,0.0,0.0,-17.6471,34.14828,1.71887,9.73,-0.34,0.16,2.0
1758077175.33206,1758077175.25496,0.0,0.0,0.0,-18.62113,43.65939,4.1253,9.73,-0.34,0.16,2.0
1758077175.33697,1758077175.26496,0.0,0.0,0.0,-20.74107,47.95657,4.98473,9.96,0.0,0.02,2.0
1758077175.35616,1758077175.27496,0.0,0.0,0.0,-25.55392,39.76327,5.09932,8.69,0.49,-0.2,2.0
1758077175.36107,1758077175.28496,0.0,0.0,0.0,-29.8511,29.96569,4.58366,8.69,0.49,-0.2,2.0
1758077175.37618,1758077175.29496,0.0,0.0,0.0,-34.95043,20.74107,2.11994,8.0,0.98,-0.11,2.0
1758077175.37906,1758077175.30496,0.0,0.0,0.0,-39.70598,12.2613,-1.3178,8.0,0.98,-0.11,2.0
1758077175.39399,1758077175.31496,0.0,0.0,0.0,-45.14908,-17.47521,-3.38045,7.16,1.4,0.03,2.0
1758077175.39669,1758077175.32496,0.0,0.0,0.0,-43.77398,-42.57077,-4.92744,7.16,1.4,0.03,2.0
1758077175.41215,1758077175.33496,0.0,0.0,0.0,-40.62271,-53.51426,-6.53172,6.83,0.82,0.43,2.0
1758077175.41711,1758077175.34496,0.0,0.0,0.0,-33.68992,-55.23313,-3.03668,6.83,0.82,0.43,2.0
1758077175.43213,1758077175.35496,0.0,0.0,0.0,-31.16891,-52.884,0.11459,10.05,-0.68,-0.83,2.0
1758077175.43632,1758077175.36496,0.0,0.0,0.0,-29.50733,-47.95657,0.22918,11.92,-1.27,-0.54,2.0
1758077175.45625,1758077175.37496,0.0,0.0,0.0,-29.22085,-39.53409,0.85944,11.92,-1.27,-0.54,2.0
1758077175.45713,1758077175.38496,0.0,0.0,0.0,-29.22085,-24.92367,0.0573,12.87,-1.26,-2.14,2.0
1758077175.47222,1758077175.39496,0.0,0.0,0.0,-28.36141,-17.76169,0.51566,12.87,-1.26,-2.14,2.0
1758077175.47791,1758077175.40496,0.0,0.0,0.0,-26.98631,-8.99544,2.57831,11.9,-0.68,-2.19,2.0
1758077175.49727,1758077175.41496,0.0,0.0,0.0,-25.21014,-2.23454,5.72958,11.9,-0.68,-2.19,2.0
1758077175.50454,1758077175.42496,0.0,0.0,0.0,-22.97561,1.08862,9.68299,11.67,-0.3,-1.34,2.0
1758077175.5051,1758077175.43496,0.0,0.0,0.0,-20.11082,3.20856,10.8862,13.33,-0.69,0.46,2.0
1758077175.5212,1758077175.44496,0.0,0.0,0.0,-15.35527,1.20321,10.02676,13.33,-0.69,0.46,2.0
1758077175.53726,1758077175.45496,0.0,0.0,0.0,-9.05273,-7.50575,6.99009,14.46,-1.59,2.46,2.0
1758077175.54569,1758077175.46496,0.0,0.0,0.0,-1.83346,-31.39809,-1.71887,14.46,-1.59,2.46,2.0
1758077175.54611,1758077175.47496,0.0,0.0,0.0,1.3178,-40.04975,-6.87549,12.9,-1.96,2.28,2.0
1758077175.56193,1758077175.48496,0.0,0.0,0.0,3.49504,-37.75792,-11.34457,12.9,-1.96,2.28,2.0
1758077175.56709,1758077175.49496,0.0,0.0,0.0,4.23989,-26.69983,-13.69369,12.33,-1.81,1.36,2.0
1758077175.58198,1758077175.50496,0.0,0.0,0.0,3.20856,-13.69369,-12.54778,10.51,-0.01,1.63,2.0
1758077175.58561,1758077175.51496,0.0,0.0,0.0,0.51566,-10.02676,-9.62569,10.51,-0.01,1.63,2.0
1758077175.601,1758077175.52496,0.0,0.0,0.0,-4.18259,-8.70896,-6.47442,8.69,1.51,2.31,2.0
1758077175.61731,1758077175.53496,0.0,0.0,0.0,-14.72501,-8.47978,-3.95341,8.69,1.51,2.31,2.0
1758077175.61902,1758077175.54496,0.0,0.0,0.0,-23.83505,-7.04738,-4.35448,9.03,2.03,3.26,2.0
1758077175.6413,1758077175.55496,0.0,0.0,0.0,-33.00237,-4.29718,-5.84417,9.03,2.03,3.26,2.0
1758077175.64586,1758077175.56496,0.0,0.0,0.0,-40.96649,-0.11459,-8.47978,10.31,1.63,3.26,2.0
1758077175.64631,1758077175.57496,0.0,0.0,0.0,-48.58683,5.72958,-12.71966,10.31,1.63,3.26,2.0
1758077175.66464,1758077175.58496,0.0,0.0,0.0,-49.67545,9.05273,-13.98017,11.3,0.24,2.4,2.0
1758077175.67173,1758077175.59496,0.0,0.0,0.0,-47.67009,11.51645,-13.00614,11.81,-1.57,1.96,2.0
1758077175.68704,1758077175.60496,0.0,0.0,0.0,-43.02913,15.12609,-10.02676,11.81,-1.57,1.96,2.0
1758077175.69118,1758077175.61496,0.0,0.0,0.0,-33.40344,20.3973,-4.1253,11.62,-2.68,1.54,2.0
1758077175.70605,1758077175.62496,0.0,0.0,0.0,-26.81443,23.0902,-0.22918,11.62,-2.68,1.54,2.0
1758077175.78503,1758077175.63496,0.0,0.0,0.0,-21.02755,24.75178,3.09397,10.41,-2.44,1.12,2.0
1758077175.7854,1758077175.64496,0.0,0.0,0.0,-15.92823,25.49662,6.41713,10.41,-2.44,1.12,2.0
1758077175.7923,1758077175.65496,0.0,0.0,0.0,-10.25595,27.61657,10.8862,9.66,-1.6,0.86,2.0
1758077175.79619,1758077175.66496,0.0,0.0,0.0,-7.50575,28.87707,13.23533,9.54,-1.11,0.64,2.0
1758077175.7992,1758077175.67496,0.0,0.0,0.0,-5.78687,30.13758,15.0115,9.54,-1.11,0.64,2.0
1758077175.80143,1758077175.68496,0.0,0.0,0.0,-4.64096,30.25217,15.87093,9.16,-1.08,0.46,2.0
1758077175.80184,1758077175.69496,0.0,0.0,0.0,-3.72423,28.76248,15.46986,9.16,-1.08,0.46,2.0
1758077175.80532,1758077175.70496,0.0,0.0,0.0,-3.72423,27.78845,14.38124,8.61,-1.29,0.19,2.0
1758077175.8074,1758077175.71496,0.0,0.0,0.0,-3.26586,26.12688,13.00614,8.61,-1.29,0.19,2.0
1758077175.8112,1758077175.72496,0.0,0.0,0.0,-2.97938,24.63719,11.22997,8.24,-1.45,0.09,2.0
1758077175.81197,1758077175.73496,0.0,0.0,0.0,-2.63561,22.68913,8.02141,8.09,-1.38,0.17,2.0
1758077175.81785,1758077175.74496,0.0,0.0,0.0,-2.34913,21.25674,6.07335,8.09,-1.38,0.17,2.0
1758077175.83603,1758077175.75496,0.0,0.0,0.0,-1.66158,19.70975,4.29718,8.04,-1.13,0.21,2.0
1758077175.83723,1758077175.76496,0.0,0.0,0.0,-0.34377,17.99088,2.86479,8.04,-1.13,0.21,2.0
1758077175.85627,1758077175.77496,0.0,0.0,0.0,1.20321,17.53251,2.7502,8.17,-0.96,0.15,2.0
1758077175.8581,1758077175.78496,0.0,0.0,0.0,3.03668,16.61578,3.26586,8.17,-0.96,0.15,2.0
1758077175.87625,1758077175.79496,0.0,0.0,0.0,4.87014,16.21471,3.89611,8.18,-0.98,-0.01,2.0
1758077175.88146,1758077175.80496,0.0,0.0,0.0,7.10468,15.58445,4.81285,8.18,-0.98,-0.17,2.0
1758077175.89782,1758077175.81496,0.0,0.0,0.0,8.25059,15.24068,5.09932,8.24,-1.09,-0.17,2.0
1758077175.90143,1758077175.82496,0.0,0.0,0.0,8.88085,15.69904,4.58366,8.4,-1.05,-0.31,2.0
1758077175.91733,1758077175.83496,0.0,0.0,0.0,9.11003,16.55848,3.66693,8.4,-1.05,-0.31,2.0
1758077175.92175,1758077175.84496,0.0,0.0,0.0,8.59437,24.5226,1.3751,8.85,-0.83,-0.37,2.0
1758077175.94131,1758077175.85496,0.0,0.0,0.0,8.25059,33.80451,-1.14592,8.85,-0.83,-0.37,2.0
1758077175.97042,1758077175.86496,0.0,0.0,0.0,8.02141,41.48215,-3.72423,9.81,-0.61,-0.36,2.0
1758077175.97172,1758077175.87496,0.0,0.0,0.0,8.136,43.25832,-5.95876,9.81,-0.61,-0.36,2.0
1758077175.97579,1758077175.88496,0.0,0.0,0.0,9.85487,31.62727,-7.96411,9.24,-0.52,-0.1,2.0
1758077175.97829,1758077175.89496,0.0,0.0,0.0,11.86023,18.85031,-8.30789,7.98,-0.7,-0.18,2.0
1758077175.97971,1758077175.90496,0.0,0.0,0.0,14.61043,5.32851,-7.44845,7.98,-0.7,-0.18,2.0
1758077175.99674,1758077175.91496,0.0,0.0,0.0,17.47521,-10.8289,-5.95876,7.34,-1.27,-0.17,2.0
1758077176.00177,1758077175.92496,0.0,0.0,0.0,22.05888,-38.44547,-2.00535,7.34,-1.27,-0.17,2.0
1758077176.02191,1758077175.93496,0.0,0.0,0.0,24.12152,-69.04142,1.94806,6.5,-2.02,-0.09,2.0
1758077176.02501,1758077175.94496,0.0,0.0,0.0,24.57989,-90.06896,5.72958,6.5,-2.02,-0.09,2.0
1758077176.03194,1758077175.95496,0.0,0.0,0.0,28.36141,-74.14074,12.77696,7.93,-2.53,-0.37,2.0
1758077176.11644,1758077175.96496,0.0,0.0,0.0,30.36677,-28.24682,14.83961,14.81,-2.23,0.14,2.0
1758077176.16035,1758077175.97496,0.0,0.0,0.0,29.73651,-22.34536,11.97482,14.81,-2.23,0.14,2.0
1758077176.16143,1758077175.98496,0.0,0.0,0.0,31.28349,-37.12767,8.88085,10.78,-1.74,-0.55,2.0
1758077176.17064,1758077175.99496,0.0,0.0,0.0,35.52338,-81.76109,6.41713,10.78,-1.74,-0.55,2.0
1758077176.17123,1758077176.00496,0.0,0.0,0.0,37.35685,-76.31798,4.69825,9.18,-1.45,-2.5,2.0
1758077176.17651,1758077176.01496,0.0,0.0,0.0,36.26823,-62.56699,3.49504,9.18,-1.45,-2.5,2.0
1758077176.18105,1758077176.02496,0.0,0.0,0.0,31.91375,-50.99325,0.17189,14.3,-0.58,1.27,2.0
1758077176.34658,1758077176.03496,0.0,0.0,0.0,15.35527,-43.20102,-1.94806,16.64,-0.58,3.45,2.0
1758077176.35077,1758077176.04496,0.0,0.0,0.0,-1.03132,-45.89392,-2.40642,16.64,1.92,3.45,2.0
1758077176.35117,1758077176.05496,0.0,0.0,0.0,-11.57375,-57.75415,3.32316,15.95,3.13,1.79,2.0
1758077176.35401,1758077176.06496,0.0,0.0,0.0,-18.73572,-60.16057,10.48513,15.95,3.13,1.79,2.0
1758077176.3566,1758077176.07496,0.0,0.0,0.0,-25.09555,-35.75257,17.99088,13.4,0.13,-0.7,2.0
1758077176.38316,1758077176.08496,0.0,0.0,0.0,-27.67386,-16.38659,18.62113,13.4,0.13,-0.7,2.0
1758077176.38718,1758077176.09496,0.0,0.0,0.0,-27.33009,-4.64096,16.50119,9.94,-2.35,0.62,2.0
1758077176.43644,1758077176.10496,0.0,0.0,0.0,-22.68913,1.71887,11.74564,9.94,-2.35,0.62,2.0
1758077176.43789,1758077176.11496,0.0,0.0,0.0,-7.96411,2.7502,5.4431,7.55,-2.82,2.28,2.0
1758077176.44228,1758077176.12496,0.0,0.0,0.0,4.0107,3.83882,3.03668,9.21,-2.51,3.41,2.0
1758077176.44569,1758077176.13496,0.0,0.0,0.0,16.61578,9.39651,2.6929,9.21,-2.51,3.41,2.0
1758077176.48519,1758077176.14496,0.0,0.0,0.0,26.64254,18.79302,1.66158,12.62,-1.7,2.64,2.0
1758077176.48627,1758077176.15496,0.0,0.0,0.0,38.50277,23.54857,5.90147,12.62,-1.7,2.64,2.0
1758077176.6406,1758077176.16496,0.0,0.0,0.0,41.71133,27.84575,7.96411,13.14,-0.79,1.74,2.0
1758077176.64114,1758077176.17496,0.0,0.0,0.0,41.71133,33.46074,8.76626,13.14,-0.79,1.74,2.0
1758077176.64396,1758077176.18496,0.0,0.0,0.0,36.89849,41.94051,6.18794,12.24,-0.11,1.06,2.0
1758077176.65188,1758077176.19496,0.0,0.0,0.0,31.2262,44.28964,2.00535,10.14,0.1,0.93,2.0
1758077176.66016,1758077176.20496,0.0,0.0,0.0,24.57989,43.88857,-3.03668,10.14,0.1,0.93,2.0
1758077176.68698,1758077176.21496,0.0,0.0,0.0,18.33465,42.22699,-7.84952,8.44,0.34,0.85,2.0
1758077176.69192,1758077176.22496,0.0,0.0,0.0,9.85487,39.4195,-13.5791,8.44,0.34,0.85,2.0
1758077176.69713,1758077176.23496,0.0,0.0,0.0,5.27121,36.49741,-15.98552,8.3,0.78,0.72,2.0
1758077176.70191,1758077176.24496,0.0,0.0,0.0,2.00535,33.74722,-17.18874,8.3,0.78,0.72,2.0
1758077176.70268,1758077176.25496,0.0,0.0,0.0,-0.34377,30.02299,-17.30333,8.49,1.16,0.61,2.0
1758077176.70329,1758077176.26496,0.0,0.0,0.0,-2.46372,22.40265,-16.21471,8.46,1.24,0.64,2.0
1758077176.70691,1758077176.27496,0.0,0.0,0.0,-3.03668,15.87093,-14.78231,8.46,1.24,0.64,2.0
1758077176.71182,1758077176.28496,0.0,0.0,0.0,-3.38045,9.74028,-13.12073,8.14,0.88,0.63,2.0
1758077176.71675,1758077176.29496,0.0,0.0,0.0,-2.63561,3.89611,-10.71431,8.14,0.88,0.63,2.0
1758077176.71737,1758077176.30496,0.0,0.0,0.0,-0.45837,-1.48969,-6.07335,7.87,-0.01,0.8,2.0
1758077176.72184,1758077176.31496,0.0,0.0,0.0,1.43239,-2.57831,-2.6929,7.87,-0.01,0.8,2.0
1758077176.72645,1758077176.32496,0.0,0.0,0.0,3.26586,-4.69825,-0.22918,7.86,-1.06,0.83,2.0
1758077176.72716,1758077176.33496,0.0,0.0,0.0,3.60963,-5.55769,0.0,7.86,-1.06,0.83,2.0
1758077176.73574,1758077176.34496,0.0,0.0,0.0,2.86479,-2.7502,-1.94806,8.16,-0.73,0.28,2.0
1758077176.73702,1758077176.35496,0.0,0.0,0.0,1.71887,-0.0573,-4.23989,8.9,0.16,0.14,2.0
1758077176.78702,1758077176.36496,0.0,0.0,0.0,0.11459,2.29183,-6.8182,8.9,0.16,0.14,2.0
1758077176.79145,1758077176.37496,0.0,0.0,0.0,-2.06265,3.60963,-8.70896,8.73,0.49,0.08,2.0
1758077176.79249,1758077176.38496,0.0,0.0,0.0,-3.72423,4.87014,-8.88085,8.73,0.49,0.08,2.0
1758077176.79286,1758077176.39496,0.0,0.0,0.0,-5.55769,8.76626,-8.70896,8.74,0.35,0.1,2.0
1758077176.79397,1758077176.40496,0.0,0.0,0.0,-7.04738,15.58445,-7.62034,8.74,0.35,0.1,2.0
1758077176.79734,1758077176.41496,0.0,0.0,0.0,-9.05273,27.38738,-4.58366,9.51,0.11,0.16,2.0
1758077176.80132,1758077176.42496,0.0,0.0,0.0,-10.48513,34.66395,-1.94806,9.84,0.0,0.15,2.0
1758077176.80201,1758077176.43496,0.0,0.0,0.0,-12.204,40.7946,0.34377,9.84,0.0,0.15,2.0
1758077176.80684,1758077176.44496,0.0,0.0,0.0,-14.43854,43.02913,1.20321,9.53,0.14,0.13,2.0
1758077176.80723,1758077176.45496,0.0,0.0,0.0,-18.27736,29.33544,2.29183,9.53,0.14,0.13,2.0
1758077176.81145,1758077176.46496,0.0,0.0,0.0,-20.85567,14.20935,4.29718,7.73,0.48,0.05,2.0
1758077176.81641,1758077176.47496,0.0,0.0,0.0,-24.29341,3.49504,4.1253,7.73,0.48,0.05,2.0
1758077176.81679,1758077176.48496,0.0,0.0,0.0,-26.35606,-6.99009,4.18259,7.17,0.84,0.31,2.0
1758077176.82109,1758077176.49496,0.0,0.0,0.0,-27.50197,-37.87251,2.86479,6.87,0.72,-0.06,2.0
1758077176.8239,1758077176.50496,0.0,0.0,0.0,-24.80907,-52.884,1.71887,6.87,0.72,-0.06,2.0
1758077176.95807,1758077176.51496,0.0,0.0,0.0,-20.3973,-55.00395,1.43239,9.48,0.17,0.12,2.0
1758077176.9618,1758077176.52496,0.0,0.0,0.0,-16.272,-59.35843,3.26586,9.48,0.17,0.12,2.0
1758077176.96227,1758077176.53496,0.0,0.0,0.0,-14.32395,-70.76029,2.57831,10.45,-0.46,-1.22,2.0
1758077176.96468,1758077176.54496,0.0,0.0,0.0,-13.46451,-57.0093,2.86479,10.45,-0.46,-1.22,2.0
1758077176.97138,1758077176.55496,0.0,0.0,0.0,-13.69369,-35.52338,3.03668,13.25,-0.38,-1.64,2.0
1758077176.97292,1758077176.56496,0.0,0.0,0.0,-17.01685,-18.10547,-0.0573,13.25,-0.38,-1.64,2.0
1758077176.97635,1758077176.57496,0.0,0.0,0.0,-20.85567,-7.73493,-1.20321,13.8,0.06,-2.09,2.0
1758077176.97699,1758077176.58496,0.0,0.0,0.0,-22.51724,-1.60428,-0.51566,11.9,0.42,-1.28,2.0
1758077176.98092,1758077176.59496,0.0,0.0,0.0,-23.49127,4.0107,1.43239,11.9,0.42,-1.28,2.0
1758077176.98607,1758077176.60496,0.0,0.0,0.0,-22.40265,0.97403,3.09397,13.24,-0.05,0.93,2.0
1758077176.99203,1758077176.61496,0.0,0.0,0.0,-19.59516,-13.34992,2.11994,13.24,-0.05,0.93,2.0
1758077176.99619,1758077176.62496,0.0,0.0,0.0,-16.55848,-30.82513,-1.20321,13.89,-1.04,4.26,2.0
1758077176.99656,1758077176.63496,0.0,0.0,0.0,-13.34992,-38.56006,-4.92744,13.89,-1.04,4.26,2.0
1758077177.00201,1758077176.64496,0.0,0.0,0.0,-7.50575,-29.39274,-9.5684,13.8,-2.42,2.12,2.0
1758077177.00415,1758077176.65496,0.0,0.0,0.0,-4.1253,-17.47521,-9.74028,13.18,-2.26,0.86,2.0
1758077177.03759,1758077176.66496,0.0,0.0,0.0,-2.34913,-7.21927,-8.76626,13.18,-2.26,0.86,2.0
1758077177.04171,1758077176.67496,0.0,0.0,0.0,-2.63561,-2.06265,-7.10468,10.46,-0.33,1.54,2.0
1758077177.0427,1758077176.68496,0.0,0.0,0.0,-7.10468,-2.97938,-5.32851,10.46,-0.33,1.54,2.0
1758077177.04748,1758077176.69496,0.0,0.0,0.0,-12.43318,-5.32851,-5.50039,9.24,0.93,2.93,2.0
1758077177.05132,1758077176.70496,0.0,0.0,0.0,-19.42327,-6.87549,-7.21927,9.24,0.93,2.93,2.0
1758077177.05308,1758077176.71496,0.0,0.0,0.0,-26.81443,-5.84417,-9.85487,9.94,1.21,3.71,2.0
1758077177.05718,1758077176.72496,0.0,0.0,0.0,-36.15364,-1.66158,-14.38124,10.56,0.51,3.03,2.0
1758077177.05862,1758077176.73496,0.0,0.0,0.0,-40.10705,1.48969,-16.38659,10.56,0.51,3.03,2.0
1758077177.06142,1758077176.74496,0.0,0.0,0.0,-41.99781,5.21392,-16.73037,10.89,-0.74,2.15,2.0
1758077177.06209,1758077176.75496,0.0,0.0,0.0,-41.42485,7.84952,-14.78231,10.89,-0.74,2.15,2.0
1758077177.06334,1758077176.76496,0.0,0.0,0.0,-36.55471,11.91752,-9.11003,11.34,-1.96,1.66,2.0
1758077177.06582,1758077176.77496,0.0,0.0,0.0,-31.85646,15.29797,-5.15662,11.34,-1.96,1.66,2.0
1758077177.0663,1758077176.78496,0.0,0.0,0.0,-26.87172,18.9649,-1.60428,11.18,-2.41,1.34,2.0
1758077177.06909,1758077176.79496,0.0,0.0,0.0,-19.76705,22.05888,2.92208,11.18,-2.41,1.34,2.0
1758077177.072,1758077176.80496,0.0,0.0,0.0,-15.58445,24.57989,5.55769,10.2,-2.02,1.14,2.0
1758077177.07336,1758077176.81496,0.0,0.0,0.0,-12.14671,26.01229,7.96411,9.46,-1.4,0.86,2.0
1758077177.07649,1758077176.82496,0.0,0.0,0.0,-9.22462,26.87172,10.02676,9.46,-1.4,0.86,2.0
1758077177.08156,1758077176.83496,0.0,0.0,0.0,-6.58902,28.24682,12.14671,9.11,-1.12,0.62,2.0
1758077177.08595,1758077176.84496,0.0,0.0,0.0,-5.72958,28.24682,12.89155,9.11,-1.12,0.62,2.0
1758077177.0906,1758077176.85496,0.0,0.0,0.0,-4.81285,27.38738,13.00614,8.68,-1.21,0.42,2.0
1758077177.09118,1758077176.86496,0.0,0.0,0.0,-4.23989,26.06958,12.71966,8.68,-1.21,0.42,2.0
1758077177.09591,1758077176.87496,0.0,0.0,0.0,-3.09397,24.75178,11.86023,8.28,-1.41,0.21,2.0
1758077177.09631,1758077176.88496,0.0,0.0,0.0,-2.57831,23.83505,11.00079,8.12,-1.45,0.21,2.0
1758077177.09865,1758077176.89496,0.0,0.0,0.0,-2.06265,22.23076,10.08406,8.12,-1.45,0.21,2.0
1758077177.10053,1758077176.90496,0.0,0.0,0.0,-1.66158,20.51189,8.99544,8.03,-1.25,0.31,2.0
1758077177.10176,1758077176.91496,0.0,0.0,0.0,-0.74485,17.81899,7.16197,8.03,-1.25,0.31,2.0
1758077177.10636,1758077176.92496,0.0,0.0,0.0,-0.0573,16.38659,5.84417,8.08,-1.0,0.22,2.0
1758077177.10765,1758077176.93496,0.0,0.0,0.0,0.74485,15.87093,4.87014,8.08,-1.0,0.22,2.0
1758077177.11248,1758077176.94496,0.0,0.0,0.0,1.83346,16.61578,4.29718,8.42,-0.87,0.06,2.0
1758077177.11289,1758077176.95496,0.0,0.0,0.0,3.60963,16.38659,3.26586,8.63,-0.99,-0.05,2.0
1758077177.11644,1758077176.96496,0.0,0.0,0.0,4.69825,16.38659,3.03668,8.63,-0.99,-0.05,2.0
1758077177.11885,1758077176.97496,0.0,0.0,0.0,5.84417,16.84496,2.6929,8.64,-1.27,-0.21,2.0
1758077177.12153,1758077176.98496,0.0,0.0,0.0,6.58902,16.84496,2.06265,8.64,-1.27,-0.21,2.0
1758077177.12314,1758077176.99496,0.0,0.0,0.0,7.33386,18.62113,1.3178,8.6,-1.35,-0.32,2.0
1758077177.12614,1758077177.00496,0.0,0.0,0.0,7.50575,23.20479,0.40107,8.6,-1.35,-0.32,2.0
1758077177.1263,1758077177.01496,0.0,0.0,0.0,6.8182,29.8511,-1.3178,9.01,-1.1,-0.46,2.0
1758077177.13011,1758077177.02496,0.0,0.0,0.0,5.09932,38.90384,-4.58366,9.01,-1.1,-0.46,2.0
1758077177.13062,1758077177.03496,0.0,0.0,0.0,4.52637,42.22699,-6.8182,9.19,-0.66,-0.46,2.0
1758077177.13187,1758077177.04496,0.0,0.0,0.0,4.92744,41.71133,-8.02141,8.87,-0.36,-0.32,2.0
1758077177.13576,1758077177.05496,0.0,0.0,0.0,5.90147,34.66395,-7.79223,8.87,-0.36,-0.32,2.0
1758077177.13966,1758077177.06496,0.0,0.0,0.0,8.93814,12.77696,-5.78687,7.76,-0.56,-0.09,2.0
1758077177.15473,1758077177.07496,0.0,0.0,0.0,11.22997,-3.60963,-3.55234,7.76,-0.56,-0.09,2.0
1758077177.16279,1758077177.08496,0.0,0.0,0.0,13.17803,-17.76169,-1.20321,7.25,-1.3,0.18,2.0
1758077177.17054,1758077177.09496,0.0,0.0,0.0,15.0115,-34.09099,1.20321,7.25,-1.3,0.18,2.0
1758077177.22537,1758077177.10496,0.0,0.0,0.0,14.49583,-68.06739,5.09932,7.25,-2.02,0.66,2.0
1758077177.23199,1758077177.11496,0.0,0.0,0.0,8.65166,-61.59297,1.43239,8.85,-1.32,0.73,2.0
1758077177.24078,1758077177.12496,0.0,0.0,0.0,8.42248,-43.65939,2.11994,8.85,-1.32,0.73,2.0
1758077177.29813,1758077177.13496,0.0,0.0,0.0,12.14671,-30.25217,4.64096,13.87,-1.64,-0.48,2.0
1758077177.30148,1758077177.14496,0.0,0.0,0.0,16.67307,-26.52795,4.23989,13.87,-1.64,-0.48,2.0
1758077177.30506,1758077177.15496,0.0,0.0,0.0,19.59516,-30.59595,1.71887,12.29,-1.94,-1.05,2.0
1758077177.3054,1758077177.16496,0.0,0.0,0.0,20.85567,-36.84119,-3.49504,12.29,-1.94,-1.05,2.0
1758077177.3062,1758077177.17496,0.0,0.0,0.0,23.94964,-45.72203,-5.72958,10.09,-1.27,-1.66,2.0
1758077177.31056,1758077177.18496,0.0,0.0,0.0,28.01764,-50.2484,-7.16197,10.02,-1.18,-1.25,2.0
1758077177.31125,1758077177.19496,0.0,0.0,0.0,30.59595,-46.40959,-5.61499,10.02,-1.18,-1.25,2.0
1758077177.31227,1758077177.20496,0.0,0.0,0.0,32.37212,-41.48215,-3.66693,12.99,-1.59,1.27,2.0
1758077177.31296,1758077177.21496,0.0,0.0,0.0,31.56997,-44.46153,-0.80214,12.99,-1.59,1.27,2.0
1758077177.32168,1758077177.22496,0.0,0.0,0.0,28.41871,-65.89015,4.23989,14.64,-0.75,3.57,2.0
1758077177.32296,1758077177.23496,0.0,0.0,0.0,24.35071,-80.32869,13.12073,14.64,-0.75,3.57,2.0
1758077177.33072,1758077177.24496,0.0,0.0,0.0,20.05352,-78.43793,21.14215,15.67,0.44,3.73,2.0
1758077177.33112,1758077177.25496,0.0,0.0,0.0,15.06879,-51.22243,28.99167,15.67,0.44,3.73,2.0
1758077177.34668,1758077177.26496,0.0,0.0,0.0,13.12073,-35.69527,31.51268,14.01,-0.37,0.76,2.0
1758077177.35159,1758077177.27496,0.0,0.0,0.0,12.89155,-25.21014,30.19488,9.02,-1.82,1.86,2.0
1758077177.37053,1758077177.28496,0.0,0.0,0.0,15.87093,-19.07949,26.47065,9.02,-1.82,1.86,2.0
1758077177.3767,1758077177.29496,0.0,0.0,0.0,25.21014,-13.86558,19.53786,7.65,-2.08,3.01,2.0
1758077177.38104,1758077177.30496,0.0,0.0,0.0,32.77319,-5.72958,15.92823,7.65,-2.08,3.01,2.0
1758077177.46149,1758077177.31496,0.0,0.0,0.0,40.10705,5.61499,12.37589,11.52,-1.64,3.31,2.0
1758077177.49552,1758077177.32496,0.0,0.0,0.0,44.9199,16.84496,7.44845,11.52,-1.64,3.31,2.0
1758077177.49662,1758077177.33496,0.0,0.0,0.0,49.79003,25.89769,5.09932,14.03,-0.83,1.75,2.0
1758077177.50182,1758077177.34496,0.0,0.0,0.0,49.96192,33.74722,3.49504,13.43,-0.07,1.18,2.0
1758077177.50673,1758077177.35496,0.0,0.0,0.0,47.67009,41.71133,1.43239,13.43,-0.07,1.18,2.0
1758077177.51167,1758077177.36496,0.0,0.0,0.0,43.37291,48.12846,-1.03132,11.49,0.09,0.84,2.0
1758077177.51653,1758077177.37496,0.0,0.0,0.0,33.80451,53.74345,-6.07335,11.49,0.09,0.84,2.0
1758077177.51691,1758077177.38496,0.0,0.0,0.0,27.04361,55.11855,-9.05273,9.43,0.12,0.58,2.0
1758077177.52297,1758077177.39496,0.0,0.0,0.0,20.3973,55.97798,-11.22997,9.43,0.12,0.58,2.0
1758077177.52369,1758077177.40496,0.0,0.0,0.0,14.43854,55.23313,-14.15206,8.51,0.49,0.57,2.0
1758077177.52571,1758077177.41496,0.0,0.0,0.0,7.10468,52.08187,-14.38124,7.92,1.02,0.75,2.0
1758077177.52633,1758077177.42496,0.0,0.0,0.0,3.49504,48.64412,-14.61043,7.92,1.02,0.75,2.0
1758077177.53148,1758077177.43496,0.0,0.0,0.0,0.85944,42.97184,-13.5791,7.68,1.38,0.81,2.0
1758077177.5366,1758077177.44496,0.0,0.0,0.0,-2.00535,32.37212,-12.54778,7.68,1.38,0.81,2.0
1758077177.54053,1758077177.45496,0.0,0.0,0.0,-3.60963,25.15285,-11.63104,7.53,1.39,0.67,2.0
1758077177.54111,1758077177.46496,0.0,0.0,0.0,-4.58366,17.87628,-10.59972,7.53,1.39,0.67,2.0
1758077177.55687,1758077177.47496,0.0,0.0,0.0,-5.50039,11.80293,-9.62569,7.54,1.01,0.45,2.0
1758077177.61312,1758077177.48496,0.0,0.0,0.0,-6.87549,6.35983,-9.11003,7.54,1.01,0.5,2.0
1758077177.63182,1758077177.49496,0.0,0.0,0.0,-6.7609,3.32316,-8.59437,7.85,0.25,0.5,2.0
1758077177.64183,1758077177.50496,0.0,0.0,0.0,-5.4431,1.71887,-7.62034,7.89,-0.82,0.57,2.0
1758077177.64518,1758077177.51496,0.0,0.0,0.0,-2.63561,1.48969,-5.21392,7.89,-0.82,0.57,2.0
1758077177.64692,1758077177.52496,0.0,0.0,0.0,2.34913,-1.14592,-1.48969,7.89,-1.93,0.56,2.0
1758077177.65158,1758077177.53496,0.0,0.0,0.0,4.52637,-2.34913,-0.85944,7.89,-1.93,0.56,2.0
1758077177.65659,1758077177.54496,0.0,0.0,0.0,5.4431,-0.97403,-0.97403,8.58,-1.26,0.19,2.0
1758077177.66169,1758077177.55496,0.0,0.0,0.0,5.27121,0.80214,-1.48969,8.58,-1.26,0.19,2.0
1758077177.66624,1758077177.56496,0.0,0.0,0.0,3.09397,6.70361,-2.57831,9.54,-0.05,0.43,2.0
1758077177.67122,1758077177.57496,0.0,0.0,0.0,0.80214,14.03747,-2.63561,9.95,0.56,0.34,2.0
1758077177.67195,1758077177.58496,0.0,0.0,0.0,-1.94806,22.74642,-2.23454,9.95,0.56,0.34,2.0
1758077177.71712,1758077177.59496,0.0,0.0,0.0,-4.64096,32.25753,-1.48969,10.11,0.64,0.18,2.0
1758077177.74548,1758077177.60496,0.0,0.0,0.0,-8.36518,44.748,-0.0573,10.11,0.64,0.18,2.0
1758077177.82084,1758077177.61496,0.0,0.0,0.0,-10.94349,47.26902,0.22918,9.93,0.44,0.08,2.0
1758077177.82123,1758077177.62496,0.0,0.0,0.0,-13.86558,41.25296,0.45837,9.93,0.44,0.08,2.0
1758077177.83143,1758077177.63496,0.0,0.0,0.0,-18.22006,18.9649,2.11994,8.15,0.37,0.14,2.0
1758077177.8318,1758077177.64496,0.0,0.0,0.0,-22.86102,8.0787,1.20321,7.32,0.51,0.34,2.0
1758077177.8373,1758077177.65496,0.0,0.0,0.0,-24.63719,-1.3178,-0.45837,7.32,0.51,0.34,2.0
1758077177.83773,1758077177.66496,0.0,0.0,0.0,-26.81443,-20.22541,-2.63561,7.25,0.67,0.08,2.0
1758077177.8408,1758077177.67496,0.0,0.0,0.0,-24.86637,-51.16513,-5.27121,7.25,0.67,0.08,2.0
1758077177.8412,1758077177.68496,0.0,0.0,0.0,-19.82434,-53.97263,-4.58366,8.15,0.18,0.17,2.0
1758077177.8418,1758077177.69496,0.0,0.0,0.0,-17.01685,-54.94666,-1.94806,8.15,0.18,0.17,2.0
1758077177.84546,1758077177.70496,0.0,0.0,0.0,-15.35527,-56.14987,-1.3178,10.5,-0.56,-1.12,2.0
1758077177.84615,1758077177.71496,0.0,0.0,0.0,-14.78231,-42.39888,0.0,12.68,-0.73,-0.91,2.0
1758077177.85521,1758077177.72496,0.0,0.0,0.0,-14.15206,-26.52795,0.40107,12.68,-0.73,-0.91,2.0
1758077177.87225,1758077177.73496,0.0,0.0,0.0,-14.9542,-18.62113,0.11459,13.33,-0.74,-2.2,2.0
1758077177.88203,1758077177.74496,0.0,0.0,0.0,-15.24068,-12.14671,-0.45837,13.33,-0.74,-2.2,2.0
1758077177.88244,1758077177.75496,0.0,0.0,0.0,-16.04282,-4.58366,1.48969,11.71,-0.53,-1.82,2.0
1758077177.88682,1758077177.76496,0.0,0.0,0.0,-18.56383,1.60428,3.38045,11.71,-0.53,-1.82,2.0
1758077177.89331,1758077177.77496,0.0,0.0,0.0,-21.02755,6.35983,5.90147,12.43,-0.28,0.23,2.0
1758077177.89662,1758077177.78496,0.0,0.0,0.0,-21.88699,5.15662,6.24524,12.43,-0.28,0.23,2.0
1758077177.89725,1758077177.79496,0.0,0.0,0.0,-22.63183,-16.61578,2.00535,14.13,-0.57,3.04,2.0
1758077177.90522,1758077177.80496,0.0,0.0,0.0,-25.43933,-32.71589,-4.1253,13.35,-0.49,5.0,2.0
1758077177.90572,1758077177.81496,0.0,0.0,0.0,-23.60586,-44.63341,-7.62034,13.35,-0.49,5.0,2.0
1758077177.90674,1758077177.82496,0.0,0.0,0.0,-19.53786,-44.9199,-11.51645,12.66,-1.73,1.87,2.0
1758077177.95132,1758077177.83496,0.0,0.0,0.0,-13.5218,-28.70519,-11.74564,12.66,-1.73,1.87,2.0
1758077177.95172,1758077177.84496,0.0,0.0,0.0,-11.63104,-19.19409,-11.45916,12.27,-1.26,2.33,2.0
1758077178.05098,1758077177.85496,0.0,0.0,0.0,-11.45916,-15.46986,-10.8862,12.27,-1.26,2.33,2.0
1758077178.0968,1758077177.86496,0.0,0.0,0.0,-15.75634,-17.6471,-9.33921,9.63,0.36,2.91,2.0
1758077178.24635,1758077177.87496,0.0,0.0,0.0,-21.6578,-18.16276,-8.59437,9.02,1.06,3.41,2.0
1758077178.35232,1758077177.88496,0.0,0.0,0.0,-29.10626,-15.87093,-8.30789,9.02,1.06,3.41,2.0
1758077178.3705,1758077177.89496,0.0,0.0,0.0,-36.6693,-11.97482,-8.65166,10.32,0.88,3.21,2.0
1758077178.40716,1758077177.90496,0.0,0.0,0.0,-45.83662,-5.95876,-8.99544,10.32,0.88,3.21,2.0
1758077178.41608,1758077177.91496,0.0,0.0,0.0,-48.9306,-3.26586,-8.59437,10.71,0.03,2.27,2.0
1758077178.41646,1758077177.92496,0.0,0.0,0.0,-49.50356,-1.3178,-6.7609,10.71,0.03,2.27,2.0
1758077178.4194,1758077177.93496,0.0,0.0,0.0,-47.72739,1.08862,-4.29718,10.86,-1.19,1.92,2.0
1758077178.42001,1758077177.94496,0.0,0.0,0.0,-41.48215,7.10468,-0.80214,10.95,-2.28,1.63,2.0
1758077178.42118,1758077177.95496,0.0,0.0,0.0,-36.15364,10.48513,1.3178,10.95,-2.28,1.63,2.0
1758077178.42232,1758077177.96496,0.0,0.0,0.0,-30.59595,13.17803,3.20856,10.22,-2.48,1.31,2.0
1758077178.42387,1758077177.97496,0.0,0.0,0.0,-25.49662,14.78231,5.21392,10.22,-2.48,1.31,2.0
1758077178.42537,1758077177.98496,0.0,0.0,0.0,-18.90761,17.87628,7.96411,9.44,-1.94,0.98,2.0
1758077178.42617,1758077177.99496,0.0,0.0,0.0,-15.58445,20.22541,9.4538,9.44,-1.94,0.98,2.0
1758077178.42804,1758077178.00496,0.0,0.0,0.0,-13.12073,22.68913,11.00079,9.13,-1.47,0.7,2.0
1758077178.4296,1758077178.01496,0.0,0.0,0.0,-11.63104,24.92367,11.80293,9.13,-1.47,0.7,2.0
1758077178.4323,1758077178.02496,0.0,0.0,0.0,-10.08406,25.49662,12.49048,8.84,-1.35,0.57,2.0
1758077178.43383,1758077178.03496,0.0,0.0,0.0,-9.5684,24.92367,12.37589,8.29,-1.41,0.35,2.0
1758077178.4365,1758077178.04496,0.0,0.0,0.0,-9.05273,24.80907,11.80293,8.29,-1.41,0.35,2.0
1758077178.43815,1758077178.05496,0.0,0.0,0.0,-8.25059,24.5226,10.8289,8.1,-1.52,0.19,2.0
1758077178.44,1758077178.06496,0.0,0.0,0.0,-7.96411,24.5226,9.91217,8.1,-1.52,0.19,2.0
1758077178.44055,1758077178.07496,0.0,0.0,0.0,-7.50575,24.29341,8.70896,7.99,-1.45,0.2,2.0
1758077178.44186,1758077178.08496,0.0,0.0,0.0,-7.04738,25.15285,7.50575,7.99,-1.45,0.2,2.0
1758077178.44649,1758077178.09496,0.0,0.0,0.0,-6.41713,23.0329,5.84417,7.98,-1.18,0.2,2.0
1758077178.45167,1758077178.10496,0.0,0.0,0.0,-5.32851,21.14215,5.32851,7.91,-1.06,0.11,2.0
1758077178.52508,1758077178.11496,0.0,0.0,0.0,-4.18259,21.42862,4.92744,7.91,-1.06,0.11,2.0
1758077178.53187,1758077178.12496,0.0,0.0,0.0,-2.97938,21.7151,4.87014,8.52,-1.13,0.14,2.0
1758077178.53651,1758077178.13496,0.0,0.0,0.0,-0.97403,19.36597,4.58366,8.52,-1.13,0.14,2.0
1758077178.53855,1758077178.14496,0.0,0.0,0.0,0.57296,17.76169,4.0107,8.42,-1.32,0.02,2.0
1758077178.54281,1758077178.15496,0.0,0.0,0.0,1.94806,17.13144,2.86479,8.42,-1.32,0.02,2.0
1758077178.54722,1758077178.16496,0.0,0.0,0.0,3.55234,17.24603,1.43239,8.59,-1.36,-0.01,2.0
1758077178.55104,1758077178.17496,0.0,0.0,0.0,5.61499,22.57454,-1.43239,9.0,-1.24,-0.09,2.0
1758077178.55221,1758077178.18496,0.0,0.0,0.0,6.58902,29.8511,-4.18259,9.0,-1.24,-0.09,2.0
1758077178.55363,1758077178.19496,0.0,0.0,0.0,7.33386,36.89849,-6.8182,9.52,-1.02,-0.12,2.0
1758077178.5549,1758077178.20496,0.0,0.0,0.0,8.136,40.85189,-10.25595,9.52,-1.02,-0.12,2.0
1758077178.55801,1758077178.21496,0.0,0.0,0.0,11.00079,34.66395,-12.2613,9.04,-0.9,0.05,2.0
1758077178.56118,1758077178.22496,0.0,0.0,0.0,13.80828,23.0329,-11.86023,9.04,-0.9,0.05,2.0
1758077178.56222,1758077178.23496,0.0,0.0,0.0,17.6471,8.36518,-10.19865,7.83,-1.14,0.05,2.0
1758077178.56608,1758077178.24496,0.0,0.0,0.0,23.94964,-7.73493,-6.18794,7.83,-1.14,0.05,2.0
1758077178.57074,1758077178.25496,0.0,0.0,0.0,28.30412,-31.39809,-2.97938,7.4,-1.75,-0.02,2.0
1758077178.57187,1758077178.26496,0.0,0.0,0.0,32.88778,-52.08187,1.3751,7.4,-2.37,0.22,2.0
1758077178.57637,1758077178.27496,0.0,0.0,0.0,36.03905,-80.55787,6.47442,7.4,-2.37,0.22,2.0
1758077178.57691,1758077178.28496,0.0,0.0,0.0,39.3622,-90.18356,12.60507,8.05,-2.59,-0.08,2.0
1758077178.57848,1758077178.29496,0.0,0.0,0.0,42.05511,-67.89551,14.72501,8.05,-2.59,-0.08,2.0
1758077178.58116,1758077178.30496,0.0,0.0,0.0,44.00316,-45.89392,15.87093,14.41,-2.1,-0.68,2.0
1758077178.58195,1758077178.31496,0.0,0.0,0.0,43.4875,-34.77854,12.43318,14.41,-2.1,-0.68,2.0
1758077178.58701,1758077178.32496,0.0,0.0,0.0,43.02913,-40.16434,5.78687,13.18,-1.15,-1.18,2.0
1758077178.59058,1758077178.33496,0.0,0.0,0.0,42.28429,-54.3737,-2.06265,9.38,-0.51,-2.77,2.0
1758077178.59125,1758077178.34496,0.0,0.0,0.0,43.20102,-71.39055,-4.69825,9.38,-0.51,-2.77,2.0
1758077178.592,1758077178.35496,0.0,0.0,0.0,42.74266,-71.27596,-5.09932,10.45,-0.32,-0.39,2.0
1758077178.59708,1758077178.36496,0.0,0.0,0.0,36.26823,-55.23313,-6.35983,10.45,-0.32,-0.39,2.0
1758077178.59773,1758077178.37496,0.0,0.0,0.0,26.69983,-55.29043,-3.89611,16.03,0.67,2.87,2.0
1758077178.60416,1758077178.38496,0.0,0.0,0.0,17.24603,-68.58305,2.06265,16.03,0.67,2.87,2.0
1758077178.60702,1758077178.39496,0.0,0.0,0.0,9.4538,-78.7817,12.204,16.64,1.71,3.18,2.0
1758077178.61363,1758077178.40496,0.0,0.0,0.0,-0.17189,-49.38896,22.23076,15.73,0.21,-0.76,2.0
1758077178.61609,1758077178.41496,0.0,0.0,0.0,-6.41713,-23.49127,24.4653,15.73,0.21,-0.76,2.0
1758077178.61785,1758077178.42496,0.0,0.0,0.0,-11.45916,-6.87549,22.57454,10.32,-1.54,0.66,2.0
1758077178.62204,1758077178.43496,0.0,0.0,0.0,-13.00614,5.15662,16.50119,10.32,-1.54,0.66,2.0
1758077178.62684,1758077178.44496,0.0,0.0,0.0,-7.50575,10.08406,6.13065,7.11,-1.96,2.54,2.0
1758077178.63183,1758077178.45496,0.0,0.0,0.0,-0.74485,13.00614,0.85944,7.11,-1.96,2.54,2.0
1758077178.63222,1758077178.46496,0.0,0.0,0.0,7.79223,19.99623,-2.29183,9.33,-2.09,3.57,2.0
1758077178.63659,1758077178.47496,0.0,0.0,0.0,20.22541,36.15364,-6.35983,9.33,-2.09,3.57,2.0
1758077178.63887,1758077178.48496,0.0,0.0,0.0,27.67386,38.44547,-4.29718,13.35,-1.88,2.26,2.0
1758077178.64155,1758077178.49496,0.0,0.0,0.0,31.91375,41.65404,-1.77617,13.4,-1.08,1.41,2.0
1758077178.64377,1758077178.50496,0.0,0.0,0.0,33.86181,46.46688,1.03132,13.4,-1.08,1.41,2.0
1758077178.65173,1758077178.51496,0.0,0.0,0.0,32.37212,53.80074,2.63561,11.97,-0.58,1.12,2.0
1758077178.65551,1758077178.52496,0.0,0.0,0.0,29.39274,55.00395,1.83346,11.97,-0.58,1.12,2.0
1758077178.66076,1758077178.53496,0.0,0.0,0.0,24.57989,53.80074,-1.20321,9.69,-0.19,1.14,2.0
1758077178.66114,1758077178.54496,0.0,0.0,0.0,19.48057,52.19646,-4.52637,9.69,-0.19,1.14,2.0
1758077178.66312,1758077178.55496,0.0,0.0,0.0,11.80293,49.21708,-9.33921,8.57,0.14,1.17,2.0
1758077178.66562,1758077178.56496,0.0,0.0,0.0,7.33386,44.23235,-13.23533,7.99,0.57,1.01,2.0
1758077178.66657,1758077178.57496,0.0,0.0,0.0,3.20856,39.64868,-15.41257,7.99,0.57,1.01,2.0
1758077178.66805,1758077178.58496,0.0,0.0,0.0,0.17189,34.72124,-15.06879,8.02,0.77,1.28,2.0
1758077178.67144,1758077178.59496,0.0,0.0,0.0,-1.66158,24.57989,-14.43854,8.02,0.77,1.28,2.0
1758077178.69035,1758077178.60496,0.0,0.0,0.0,-3.03668,15.75634,-13.5218,7.63,0.95,0.74,2.0
1758077178.69231,1758077178.61496,0.0,0.0,0.0,-4.52637,8.25059,-12.49048,7.63,0.95,0.74,2.0
1758077178.71034,1758077178.62496,0.0,0.0,0.0,-6.18794,0.74485,-12.14671,7.49,0.86,1.11,2.0
1758077178.71162,1758077178.63496,0.0,0.0,0.0,-8.76626,-8.0787,-11.80293,7.47,0.62,0.89,2.0
1758077178.72732,1758077178.64496,0.0,0.0,0.0,-10.71431,-11.00079,-12.2613,7.47,0.62,0.89,2.0
1758077178.7303,1758077178.65496,0.0,0.0,0.0,-12.77696,-12.49048,-13.40721,7.98,0.36,0.84,2.0
1758077178.75113,1758077178.66496,0.0,0.0,0.0,-15.92823,-12.83425,-15.46986,7.98,0.36,0.84,2.0
1758077178.75168,1758077178.67496,0.0,0.0,0.0,-17.76169,-10.02676,-16.67307,8.54,0.13,0.64,2.0
1758077178.76958,1758077178.68496,0.0,0.0,0.0,-19.25138,-7.67763,-17.53251,8.54,0.13,0.64,2.0
1758077178.77101,1758077178.69496,0.0,0.0,0.0,-20.16812,-4.23989,-17.76169,8.97,-0.01,0.53,2.0
1758077178.77636,1758077178.70496,0.0,0.0,0.0,-20.45459,2.00535,-15.87093,8.97,-0.01,0.53,2.0
1758077178.79205,1758077178.71496,0.0,0.0,0.0,-20.05352,8.02141,-13.5791,9.36,-0.26,0.39,2.0
1758077178.79722,1758077178.72496,0.0,0.0,0.0,-19.13679,15.58445,-10.48513,9.77,-0.57,0.37,2.0
1758077178.81602,1758077178.73496,0.0,0.0,0.0,-18.16276,24.5226,-7.04738,9.77,-0.57,0.37,2.0
1758077178.82145,1758077178.74496,0.0,0.0,0.0,-16.55848,39.3622,-1.43239,9.87,-0.62,0.05,2.0
1758077178.83627,1758077178.75496,0.0,0.0,0.0,-15.24068,48.64412,2.29183,9.87,-0.62,0.05,2.0
1758077178.83802,1758077178.76496,0.0,0.0,0.0,-14.15206,55.29043,5.27121,9.62,-0.46,-0.18,2.0
1758077178.85301,1758077178.77496,0.0,0.0,0.0,-13.34992,54.3164,6.99009,9.62,-0.46,-0.18,2.0
1758077178.8558,1758077178.78496,0.0,0.0,0.0,-13.46451,38.44547,8.59437,8.46,-0.28,0.01,2.0
1758077178.87097,1758077178.79496,0.0,0.0,0.0,-15.0115,22.63183,8.65166,7.68,0.22,0.27,2.0
1758077178.89155,1758077178.80496,0.0,0.0,0.0,-16.67307,5.09932,8.70896,7.68,0.22,0.27,2.0
1758077178.89194,1758077178.81496,0.0,0.0,0.0,-19.99623,-9.85487,4.18259,8.07,0.79,-0.3,2.0
1758077178.89977,1758077178.82496,0.0,0.0,0.0,-24.00693,-28.93437,-3.83882,8.07,0.79,-0.3,2.0
1758077178.91606,1758077178.83496,0.0,0.0,0.0,-25.55392,-45.72203,-7.16197,8.91,0.84,-0.44,2.0
1758077178.91804,1758077178.84496,0.0,0.0,0.0,-25.26744,-55.97798,-8.36518,8.91,0.84,-0.44,2.0
1758077178.93568,1758077178.85496,0.0,0.0,0.0,-23.20479,-54.60288,-5.21392,9.72,-0.07,-0.59,2.0
1758077178.9409,1758077178.86496,0.0,0.0,0.0,-15.41257,-37.58603,1.3178,11.44,-1.99,-1.52,2.0
1758077178.95618,1758077178.87496,0.0,0.0,0.0,-10.71431,-26.12688,7.96411,11.44,-1.99,-1.52,2.0
1758077178.95721,1758077178.88496,0.0,0.0,0.0,-8.02141,-21.7724,12.77696,11.37,-1.81,-1.88,2.0
1758077178.97608,1758077178.89496,0.0,0.0,0.0,-6.8182,-32.77319,15.06879,11.37,-1.81,-1.88,2.0
1758077178.97884,1758077178.90496,0.0,0.0,0.0,-6.07335,-35.92446,16.04282,10.21,-0.93,-1.43,2.0
1758077178.99635,1758077178.91496,0.0,0.0,0.0,-4.46907,-35.2942,16.73037,10.21,-0.93,-1.43,2.0
1758077178.99733,1758077178.92496,0.0,0.0,0.0,-1.77617,-36.61201,15.46986,13.16,-0.69,1.85,2.0
1758077179.01595,1758077178.93496,0.0,0.0,0.0,2.63561,-54.77477,7.21927,13.16,-0.69,4.73,2.0
1758077179.01711,1758077178.94496,0.0,0.0,0.0,2.92208,-66.40582,-1.20321,14.31,-1.06,4.73,2.0
1758077179.03235,1758077178.95496,0.0,0.0,0.0,3.20856,-62.05133,-9.62569,13.96,-1.54,2.33,2.0
1758077179.03324,1758077178.96496,0.0,0.0,0.0,4.58366,-48.41494,-13.86558,13.96,-1.54,2.33,2.0
1758077179.05136,1758077178.97496,0.0,0.0,0.0,5.72958,-28.07493,-13.69369,13.48,-1.18,1.95,2.0
1758077179.05392,1758077178.98496,0.0,0.0,0.0,3.83882,-22.63183,-11.11538,13.48,-1.18,1.95,2.0
1758077179.07226,1758077178.99496,0.0,0.0,0.0,-0.57296,-21.88699,-8.0787,10.37,0.33,2.95,2.0
1758077179.07325,1758077179.00496,0.0,0.0,0.0,-6.53172,-19.59516,-6.24524,10.37,0.33,2.95,2.0
1758077179.08949,1758077179.01496,0.0,0.0,0.0,-17.36062,-11.28727,-6.41713,9.79,1.0,3.39,2.0
1758077179.10608,1758077179.02496,0.0,0.0,0.0,-24.75178,-3.38045,-8.59437,11.08,1.07,2.82,2.0
1758077179.10737,1758077179.03496,0.0,0.0,0.0,-31.11161,2.63561,-10.65701,11.08,1.07,2.82,2.0
1758077179.12303,1758077179.04496,0.0,0.0,0.0,-36.26823,7.04738,-12.60507,11.18,0.49,2.19,2.0
1758077179.13077,1758077179.05496,0.0,0.0,0.0,-39.82057,11.91752,-11.86023,11.18,0.49,2.19,2.0
1758077179.14612,1758077179.06496,0.0,0.0,0.0,-39.87786,16.50119,-9.4538,11.51,-0.75,1.95,2.0
1758077179.15051,1758077179.07496,0.0,0.0,0.0,-38.27358,20.45459,-6.13065,11.51,-0.75,1.95,2.0
1758077179.16631,1758077179.08496,0.0,0.0,0.0,-34.26288,25.21014,-1.43239,11.54,-1.76,1.49,2.0
1758077179.17162,1758077179.09496,0.0,0.0,0.0,-31.39809,30.53865,0.51566,10.81,-1.86,1.17,2.0
1758077179.18649,1758077179.10496,0.0,0.0,0.0,-28.24682,30.25217,2.97938,10.81,-1.86,1.17,2.0
1758077179.19082,1758077179.11496,0.0,0.0,0.0,-24.80907,29.67921,6.13065,9.69,-1.59,0.82,2.0
1758077179.20618,1758077179.12496,0.0,0.0,0.0,-20.62648,32.42941,9.68299,9.69,-1.59,0.82,2.0
1758077179.21083,1758077179.13496,0.0,0.0,0.0,-18.50654,33.11696,11.11538,9.32,-1.38,0.56,2.0
1758077179.22635,1758077179.14496,0.0,0.0,0.0,-17.18874,31.79916,11.28727,9.32,-1.38,0.56,2.0
1758077179.23053,1758077179.15496,0.0,0.0,0.0,-15.75634,29.10626,11.00079,8.32,-1.19,0.45,2.0
1758077179.24618,1758077179.16496,0.0,0.0,0.0,-13.34992,24.98096,9.68299,7.8,-1.19,0.17,2.0
1758077179.25138,1758077179.17496,0.0,0.0,0.0,-11.45916,21.6578,8.65166,7.8,-1.3,0.17,2.0
1758077179.26615,1758077179.18496,0.0,0.0,0.0,-9.11003,18.56383,7.79223,7.55,-1.52,0.12,2.0
1758077179.31137,1758077179.19496,0.0,0.0,0.0,-6.58902,16.04282,7.04738,7.55,-1.52,0.12,2.0
1758077179.31173,1758077179.20496,0.0,0.0,0.0,-2.6929,12.49048,5.90147,7.44,-1.6,0.27,2.0
1758077179.31289,1758077179.21496,0.0,0.0,0.0,0.34377,10.08406,5.50039,7.44,-1.6,0.27,2.0
1758077179.31622,1758077179.22496,0.0,0.0,0.0,3.38045,7.33386,4.98473,7.43,-1.6,0.3,2.0
1758077179.31718,1758077179.23496,0.0,0.0,0.0,6.70361,4.87014,4.64096,7.43,-1.6,0.3,2.0
1758077179.32197,1758077179.24496,0.0,0.0,0.0,10.8862,2.29183,4.0107,7.67,-1.6,0.16,2.0
1758077179.34629,1758077179.25496,0.0,0.0,0.0,13.17803,1.48969,3.60963,8.11,-1.65,-0.03,2.0
1758077179.34731,1758077179.26496,0.0,0.0,0.0,14.83961,0.74485,2.7502,8.11,-1.65,-0.03,2.0
1758077179.35207,1758077179.27496,0.0,0.0,0.0,16.38659,0.68755,1.48969,8.4,-1.6,-0.16,2.0
1758077179.35629,1758077179.28496,0.0,0.0,0.0,17.53251,6.41713,0.34377,8.4,-1.6,-0.16,2.0
1758077179.37309,1758077179.29496,0.0,0.0,0.0,17.53251,13.23533,-1.20321,9.03,-1.35,-0.34,2.0
1758077179.37655,1758077179.30496,0.0,0.0,0.0,17.01685,22.23076,-2.97938,9.03,-1.35,-0.34,2.0
1758077179.39331,1758077179.31496,0.0,0.0,0.0,15.12609,34.66395,-5.55769,9.41,-0.91,-0.52,2.0
1758077179.39662,1758077179.32496,0.0,0.0,0.0,14.9542,40.45082,-7.10468,9.54,-0.61,-0.34,2.0
1758077179.41385,1758077179.33496,0.0,0.0,0.0,15.98552,39.82057,-8.47978,9.54,-0.61,-0.34,2.0
1758077179.4209,1758077179.34496,0.0,0.0,0.0,18.16276,29.62192,-8.70896,8.34,-0.77,0.0,2.0
1758077179.43628,1758077179.35496,0.0,0.0,0.0,23.89234,2.63561,-8.02141,8.34,-0.77,0.0,2.0
1758077179.43823,1758077179.36496,0.0,0.0,0.0,29.04896,-15.46986,-6.53172,7.03,-1.48,0.05,2.0
1758077179.45566,1758077179.37496,0.0,0.0,0.0,35.06502,-32.25753,-3.89611,7.03,-1.48,0.05,2.0
1758077179.45679,1758077179.38496,0.0,0.0,0.0,40.7946,-53.05589,0.85944,7.34,-2.68,-0.13,2.0
1758077179.47257,1758077179.39496,0.0,0.0,0.0,47.44091,-84.11021,7.67763,7.38,-3.49,-0.38,2.0
1758077179.47582,1758077179.40496,0.0,0.0,0.0,52.54023,-77.80767,10.31324,7.38,-3.49,-0.38,2.0
1758077179.4915,1758077179.41496,0.0,0.0,0.0,57.46767,-55.86338,13.40721,12.89,-3.62,-1.16,2.0
1758077179.49596,1758077179.42496,0.0,0.0,0.0,60.44705,-39.07573,14.15206,12.89,-3.62,-1.16,2.0
1758077179.51146,1758077179.43496,0.0,0.0,0.0,61.59297,-33.34615,11.45916,13.23,-2.76,-1.12,2.0
1758077179.51647,1758077179.44496,0.0,0.0,0.0,60.96271,-35.06502,7.10468,13.23,-2.76,-1.12,2.0
1758077179.53672,1758077179.45496,0.0,0.0,0.0,60.50434,-41.02378,3.09397,11.63,-1.79,-2.24,2.0
1758077179.54162,1758077179.46496,0.0,0.0,0.0,58.78547,-45.55015,-0.34377,11.63,-1.79,-2.24,2.0
1758077179.54655,1758077179.47496,0.0,0.0,0.0,54.25911,-55.11855,0.51566,12.75,-0.86,-0.3,2.0
1758077179.56599,1758077179.48496,0.0,0.0,0.0,48.24305,-67.89551,5.27121,15.33,0.56,2.53,2.0
1758077179.57133,1758077179.49496,0.0,0.0,0.0,43.4875,-83.93832,13.40721,15.33,0.56,2.53,2.0
1758077179.58626,1758077179.50496,0.0,0.0,0.0,38.61736,-91.44406,28.93437,15.73,1.5,1.32,2.0
1758077179.59734,1758077179.51496,0.0,0.0,0.0,34.26288,-66.92148,34.77854,15.73,1.5,1.32,2.0
1758077179.59926,1758077179.52496,0.0,0.0,0.0,28.30412,-44.28964,36.15364,15.57,0.94,-1.5,2.0
1758077179.61629,1758077179.53496,0.0,0.0,0.0,21.7151,-32.25753,33.40344,15.57,0.94,-1.5,2.0
1758077179.61912,1758077179.54496,0.0,0.0,0.0,15.46986,-21.42862,23.89234,9.93,-0.26,0.41,2.0
1758077179.63617,1758077179.55496,0.0,0.0,0.0,15.46986,-17.6471,17.01685,8.05,-0.68,1.98,2.0
1758077179.63733,1758077179.56496,0.0,0.0,0.0,18.44924,-14.43854,10.8289,8.05,-0.68,1.98,2.0
1758077179.70407,1758077179.57496,0.0,0.0,0.0,23.49127,-10.02676,5.72958,10.03,-0.51,3.3,2.0
1758077179.70581,1758077179.58496,0.0,0.0,0.0,33.05967,3.60963,-0.34377,10.03,-0.51,3.3,2.0
1758077179.70641,1758077179.59496,0.0,0.0,0.0,39.87786,13.23533,-0.51566,12.11,-0.42,2.4,2.0
1758077179.71166,1758077179.60496,0.0,0.0,0.0,46.2377,21.02755,0.97403,12.11,-0.42,2.4,2.0
1758077179.7123,1758077179.61496,0.0,0.0,0.0,50.47758,28.87707,3.26586,12.22,-0.3,1.42,2.0
1758077179.71431,1758077179.62496,0.0,0.0,0.0,53.17049,41.02378,4.64096,11.31,-0.27,0.95,2.0
1758077179.7166,1758077179.63496,0.0,0.0,0.0,52.48294,49.56085,2.6929,11.31,-0.27,0.95,2.0
1758077179.7173,1758077179.64496,0.0,0.0,0.0,49.84733,56.952,-0.57296,10.44,-0.38,0.81,2.0
1758077179.73677,1758077179.65496,0.0,0.0,0.0,46.35228,61.1346,-4.69825,10.44,-0.38,0.81,2.0
1758077179.7417,1758077179.66496,0.0,0.0,0.0,41.13837,61.93674,-10.71431,9.09,-0.4,0.72,2.0
1758077179.78597,1758077179.67496,0.0,0.0,0.0,37.75792,60.73353,-14.32395,9.09,-0.4,0.72,2.0
1758077179.79687,1758077179.68496,0.0,0.0,0.0,35.2369,58.21251,-16.61578,8.56,-0.04,0.73,2.0
1758077179.8004,1758077179.69496,0.0,0.0,0.0,33.05967,53.51426,-17.76169,8.56,-0.04,0.73,2.0
1758077179.80678,1758077179.70496,0.0,0.0,0.0,30.30947,48.12846,-16.90226,8.41,0.59,0.69,2.0
1758077179.81138,1758077179.71496,0.0,0.0,0.0,28.99167,44.17505,-15.41257,8.71,1.11,0.52,2.0
1758077179.81394,1758077179.72496,0.0,0.0,0.0,27.84575,38.21629,-13.00614,8.71,1.11,0.52,2.0
1758077179.84128,1758077179.73496,0.0,0.0,0.0,25.43933,26.69983,-9.96947,8.27,1.27,0.49,2.0
1758077179.842,1758077179.74496,0.0,0.0,0.0,23.37668,18.73572,-7.96411,8.27,1.27,0.49,2.0
1758077179.85184,1758077179.75496,0.0,0.0,0.0,21.02755,11.97482,-7.10468,8.03,0.95,0.43,2.0
1758077179.85676,1758077179.76496,0.0,0.0,0.0,18.44924,7.10468,-6.53172,8.03,0.95,0.43,2.0
1758077179.86118,1758077179.77496,0.0,0.0,0.0,13.5218,1.77617,-7.62034,8.15,0.5,0.46,2.0
1758077179.86173,1758077179.78496,0.0,0.0,0.0,10.54242,-1.3178,-8.65166,8.04,0.26,0.35,2.0
1758077179.86671,1758077179.79496,0.0,0.0,0.0,7.84952,-3.95341,-9.62569,8.04,0.26,0.35,2.0
1758077179.88561,1758077179.80496,0.0,0.0,0.0,5.55769,-5.72958,-10.19865,8.08,0.25,0.28,2.0
1758077179.94105,1758077179.81496,0.0,0.0,0.0,3.60963,-7.33386,-9.85487,8.08,0.25,0.28,2.0
1758077179.94145,1758077179.82496,0.0,0.0,0.0,2.6929,-6.53172,-8.65166,8.4,0.27,0.16,2.0
1758077179.94682,1758077179.83496,0.0,0.0,0.0,1.77617,0.0,-7.33386,8.4,0.27,0.16,2.0
1758077179.94983,1758077179.84496,0.0,0.0,0.0,1.03132,10.02676,-5.50039,9.47,0.32,-0.05,2.0
1758077179.95155,1758077179.85496,0.0,0.0,0.0,0.0573,23.94964,-2.7502,9.99,0.35,-0.19,2.0
1758077179.95264,1758077179.86496,0.0,0.0,0.0,-1.48969,32.08564,-1.48969,9.99,0.35,-0.19,2.0
1758077179.95303,1758077179.87496,0.0,0.0,0.0,-3.95341,38.1017,-1.14592,9.75,0.51,-0.24,2.0
1758077179.95643,1758077179.88496,0.0,0.0,0.0,-6.87549,40.45082,-1.20321,9.75,0.51,-0.24,2.0
1758077179.9758,1758077179.89496,0.0,0.0,0.0,-12.14671,37.12767,-1.3751,8.77,0.88,-0.64,2.0
1758077179.98111,1758077179.90496,0.0,0.0,0.0,-15.29797,29.04896,-1.48969,8.77,0.88,-0.64,2.0
1758077180.01163,1758077179.91496,0.0,0.0,0.0,-17.58981,14.09476,-2.00535,7.51,1.24,-0.57,2.0
1758077180.05398,1758077179.92496,0.0,0.0,0.0,-16.95955,-4.46907,0.34377,7.51,1.24,-0.57,2.0
1758077180.0563,1758077179.93496,0.0,0.0,0.0,-12.71966,-29.04896,2.63561,6.43,0.84,-0.32,2.0
1758077180.0572,1758077179.94496,0.0,0.0,0.0,-6.99009,-42.22699,4.81285,7.46,-0.26,-0.24,2.0
1758077180.05863,1758077179.95496,0.0,0.0,0.0,0.57296,-44.9199,6.41713,7.46,-0.26,-0.24,2.0
1758077180.06065,1758077179.96496,0.0,0.0,0.0,8.25059,-42.1124,8.99544,11.03,-0.89,0.36,2.0
1758077180.06128,1758077179.97496,0.0,0.0,0.0,6.87549,-49.38896,3.66693,11.03,-0.89,0.36,2.0
1758077180.06467,1758077179.98496,0.0,0.0,0.0,4.1253,-48.30034,-1.94806,11.94,-0.16,-0.25,2.0
1758077180.07108,1758077179.99496,0.0,0.0,0.0,2.23454,-40.16434,-5.90147,11.94,-0.16,-0.25,2.0
1758077180.09125,1758077180.00496,0.0,0.0,0.0,0.80214,-25.7831,-8.30789,12.95,0.37,-1.37,2.0
1758077180.12158,1758077180.01496,0.0,0.0,0.0,0.22918,-14.43854,-6.47442,12.4,0.29,-2.32,2.0
1758077180.12562,1758077180.02496,0.0,0.0,0.0,0.0,-7.16197,-2.57831,12.4,0.29,-2.32,2.0
1758077180.13134,1758077180.03496,0.0,0.0,0.0,-0.34377,-4.87014,1.83346,11.05,0.05,-2.36,2.0
1758077180.13274,1758077180.04496,0.0,0.0,0.0,-0.80214,0.0,8.70896,11.05,0.05,-2.36,2.0
1758077180.30203,1758077180.05496,0.0,0.0,0.0,0.57296,7.16197,12.77696,12.25,-0.36,-0.69,2.0
1758077180.32548,1758077180.06496,0.0,0.0,0.0,4.23989,7.79223,13.86558,12.25,-0.36,-0.69,2.0
1758077180.3262,1758077180.07496,0.0,0.0,0.0,10.37054,-4.46907,11.17268,14.92,-1.33,2.13,2.0
1758077180.33154,1758077180.08496,0.0,0.0,0.0,20.68378,-35.58068,1.3178,14.35,-2.1,4.21,2.0
1758077180.33193,1758077180.09496,0.0,0.0,0.0,25.21014,-46.1804,-5.27121,14.35,-2.1,4.21,2.0
1758077180.33704,1758077180.10496,0.0,0.0,0.0,29.67921,-41.02378,-9.96947,13.56,-2.21,1.24,2.0
1758077180.34142,1758077180.11496,0.0,0.0,0.0,33.11696,-29.56462,-11.86023,13.56,-2.21,1.24,2.0
1758077180.36662,1758077180.12496,0.0,0.0,0.0,34.09099,-18.16276,-9.85487,11.48,-0.36,1.09,2.0
1758077180.37154,1758077180.13496,0.0,0.0,0.0,31.74186,-14.72501,-6.41713,11.48,-0.36,1.09,2.0
1758077180.37651,1758077180.14496,0.0,0.0,0.0,26.24147,-15.12609,-2.46372,8.93,1.3,2.13,2.0
1758077180.38133,1758077180.15496,0.0,0.0,0.0,12.71966,-18.90761,1.94806,8.93,1.3,2.13,2.0
1758077180.4718,1758077180.16496,0.0,0.0,0.0,2.00535,-18.73572,2.92208,8.35,1.93,3.6,2.0
1758077180.47716,1758077180.17496,0.0,0.0,0.0,-8.0787,-15.58445,2.29183,9.51,1.87,3.67,2.0
1758077180.49772,1758077180.18496,0.0,0.0,0.0,-16.73037,-11.51645,0.22918,9.51,1.87,3.67,2.0
1758077180.49832,1758077180.19496,0.0,0.0,0.0,-24.63719,-5.72958,-3.83882,10.41,0.84,2.8,2.0
1758077180.50078,1758077180.20496,0.0,0.0,0.0,-26.12688,-1.66158,-5.4431,10.41,0.84,2.8,2.0
1758077180.50113,1758077180.21496,0.0,0.0,0.0,-24.80907,2.00535,-6.07335,10.86,-0.68,2.04,2.0
1758077180.50183,1758077180.22496,0.0,0.0,0.0,-21.14215,6.18794,-5.21392,10.86,-0.68,2.04,2.0
1758077180.50368,1758077180.23496,0.0,0.0,0.0,-14.43854,14.38124,-3.20856,11.39,-1.72,1.55,2.0
1758077180.50653,1758077180.24496,0.0,0.0,0.0,-9.5684,19.07949,-0.80214,11.12,-1.75,1.28,2.0
1758077180.51147,1758077180.25496,0.0,0.0,0.0,-5.72958,24.23611,1.14592,11.12,-1.75,1.28,2.0
1758077180.51393,1758077180.26496,0.0,0.0,0.0,-3.03668,26.35606,3.09397,9.99,-1.04,0.98,2.0
1758077180.51651,1758077180.27496,0.0,0.0,0.0,-0.17189,29.27814,6.47442,9.99,-1.04,0.98,2.0
1758077180.51689,1758077180.28496,0.0,0.0,0.0,0.57296,32.08564,8.136,9.35,-0.58,0.72,2.0
1758077180.5216,1758077180.29496,0.0,0.0,0.0,0.80214,33.40344,9.33921,9.35,-0.58,0.72,2.0
1758077180.52204,1758077180.30496,0.0,0.0,0.0,0.74485,34.09099,9.68299,9.07,-0.61,0.52,2.0
1758077180.52949,1758077180.31496,0.0,0.0,0.0,0.57296,33.17426,9.39651,8.67,-0.86,0.35,2.0
1758077180.53168,1758077180.32496,0.0,0.0,0.0,1.08862,31.97105,8.59437,8.67,-0.86,0.35,2.0
1758077180.53688,1758077180.33496,0.0,0.0,0.0,1.94806,30.30947,7.50575,8.17,-1.2,0.18,2.0
1758077180.54068,1758077180.34496,0.0,0.0,0.0,4.1253,27.96034,6.87549,8.17,-1.2,0.18,2.0
1758077180.56575,1758077180.35496,0.0,0.0,0.0,5.84417,27.2155,6.58902,7.99,-1.39,0.11,2.0
1758077180.56672,1758077180.36496,0.0,0.0,0.0,7.50575,26.41335,6.41713,7.99,-1.39,0.11,2.0
1758077180.57165,1758077180.37496,0.0,0.0,0.0,8.99544,25.15285,5.95876,7.98,-1.27,0.02,2.0
1758077180.57606,1758077180.38496,0.0,0.0,0.0,11.17268,23.0902,5.61499,7.98,-1.27,0.02,2.0
1758077180.57642,1758077180.39496,0.0,0.0,0.0,13.17803,22.57454,5.78687,8.02,-0.96,-0.06,2.0
1758077180.58082,1758077180.40496,0.0,0.0,0.0,15.12609,21.60051,6.07335,8.21,-0.85,-0.13,2.0
1758077180.58165,1758077180.41496,0.0,0.0,0.0,16.84496,19.70975,6.13065,8.21,-0.85,-0.13,2.0
1758077180.58695,1758077180.42496,0.0,0.0,0.0,18.85031,15.92823,5.21392,8.08,-0.86,-0.18,2.0
1758077180.59105,1758077180.43496,0.0,0.0,0.0,19.88164,12.83425,4.29718,8.08,-0.86,-0.18,2.0
1758077180.59169,1758077180.44496,0.0,0.0,0.0,21.7151,12.43318,3.83882,8.29,-0.93,0.01,2.0
1758077180.59228,1758077180.45496,0.0,0.0,0.0,23.0902,16.38659,2.6929,8.29,-0.93,0.01,2.0
1758077180.5963,1758077180.46496,0.0,0.0,0.0,25.09555,25.7831,1.08862,9.33,-1.07,-0.01,2.0
1758077180.59666,1758077180.47496,0.0,0.0,0.0,26.18417,29.10626,0.34377,9.7,-1.16,-0.16,2.0
1758077180.60178,1758077180.48496,0.0,0.0,0.0,27.10091,25.55392,-0.17189,9.7,-1.16,-0.16,2.0
1758077180.61116,1758077180.49496,0.0,0.0,0.0,28.07493,17.01685,-0.22918,8.27,-1.15,-0.47,2.0
1758077180.64363,1758077180.50496,0.0,0.0,0.0,29.62192,4.18259,0.17189,8.27,-1.15,-0.47,2.0
1758077180.64639,1758077180.51496,0.0,0.0,0.0,30.99702,-6.70361,1.43239,7.63,-1.22,-0.69,2.0
1758077180.64714,1758077180.52496,0.0,0.0,0.0,32.37212,-22.86102,4.0107,7.63,-1.22,-0.69,2.0
1758077180.65398,1758077180.53496,0.0,0.0,0.0,32.88778,-51.10783,9.11003,6.54,-1.34,-0.45,2.0
1758077180.6573,1758077180.54496,0.0,0.0,0.0,30.36677,-81.41731,9.96947,6.4,-1.52,-0.56,2.0
1758077180.66114,1758077180.55496,0.0,0.0,0.0,30.82513,-61.24919,15.58445,6.4,-1.52,-0.56,2.0
1758077180.66197,1758077180.56496,0.0,0.0,0.0,30.48136,-26.24147,18.62113,14.37,-1.57,0.13,2.0
1758077180.67104,1758077180.57496,0.0,0.0,0.0,26.47065,-12.54778,13.23533,14.37,-1.57,0.13,2.0
1758077180.67682,1758077180.58496,0.0,0.0,0.0,24.86637,-47.61279,7.39116,11.27,-1.07,0.29,2.0
1758077180.71663,1758077180.59496,0.0,0.0,0.0,26.06958,-83.02158,5.4431,11.27,-1.07,0.29,2.0
1758077180.71701,1758077180.60496,0.0,0.0,0.0,27.33009,-82.62051,5.09932,8.3,-0.85,-2.28,2.0
1758077180.71969,1758077180.61496,0.0,0.0,0.0,29.04896,-65.71826,3.03668,12.36,-0.85,-2.15,2.0
1758077180.7204,1758077180.62496,0.0,0.0,0.0,30.19488,-60.10328,0.45837,12.36,-1.0,-2.15,2.0
1758077180.72322,1758077180.63496,0.0,0.0,0.0,29.8511,-51.5662,-1.83346,12.1,-1.02,0.1,2.0
1758077180.725,1758077180.64496,0.0,0.0,0.0,28.476,-38.50277,-4.46907,12.1,-1.02,0.1,2.0
1758077180.73172,1758077180.65496,0.0,0.0,0.0,23.31938,-29.73651,-7.04738,16.08,-0.35,2.49,2.0
1758077180.74671,1758077180.66496,0.0,0.0,0.0,17.76169,-35.52338,-2.6929,16.08,-0.35,2.49,2.0
1758077180.75185,1758077180.67496,0.0,0.0,0.0,13.80828,-44.57612,4.92744,17.79,0.13,3.69,2.0
1758077180.767,1758077180.68496,0.0,0.0,0.0,11.34457,-48.41494,13.5218,17.79,0.13,3.69,2.0
1758077180.77187,1758077180.69496,0.0,0.0,0.0,10.94349,-30.65324,22.97561,15.57,-0.29,0.37,2.0
1758077180.776,1758077180.70496,0.0,0.0,0.0,10.31324,-13.34992,25.49662,12.3,-1.8,-0.63,2.0
1758077180.79196,1758077180.71496,0.0,0.0,0.0,9.74028,2.06265,23.49127,12.3,-1.8,-0.63,2.0
1758077180.79932,1758077180.72496,0.0,0.0,0.0,11.11538,10.25595,17.93358,8.61,-2.38,1.53,2.0
1758077180.8168,1758077180.73496,0.0,0.0,0.0,19.48057,10.31324,8.0787,8.61,-2.38,1.53,2.0
1758077180.81963,1758077180.74496,0.0,0.0,0.0,28.36141,11.63104,1.60428,7.15,-1.81,2.52,2.0
1758077180.83656,1758077180.75496,0.0,0.0,0.0,38.38818,14.61043,-2.00535,7.15,-1.81,2.52,2.0
1758077180.83866,1758077180.76496,0.0,0.0,0.0,52.13916,18.85031,-3.09397,9.82,-1.31,3.53,2.0
1758077180.85629,1758077180.77496,0.0,0.0,0.0,58.84277,20.51189,-1.48969,11.69,-0.77,2.38,2.0
1758077180.85728,1758077180.78496,0.0,0.0,0.0,62.39511,21.48592,0.97403,11.69,-0.77,2.38,2.0
1758077180.87678,1758077180.79496,0.0,0.0,0.0,63.02536,24.5226,3.26586,12.26,-0.01,1.47,2.0
1758077180.88162,1758077180.80496,0.0,0.0,0.0,58.90006,32.83048,4.29718,12.26,-0.01,1.47,2.0
1758077180.89702,1758077180.81496,0.0,0.0,0.0,53.62885,36.95578,3.03668,11.52,0.34,0.81,2.0
1758077180.90456,1758077180.82496,0.0,0.0,0.0,46.63877,38.50277,0.34377,11.52,0.34,0.81,2.0
1758077180.90648,1758077180.83496,0.0,0.0,0.0,39.24761,38.15899,-2.97938,9.28,0.25,0.79,2.0
1758077180.92671,1758077180.84496,0.0,0.0,0.0,29.04896,36.55471,-7.79223,7.86,0.36,0.82,2.0
1758077180.93268,1758077180.85496,0.0,0.0,0.0,23.54857,34.66395,-10.48513,7.86,0.36,0.82,2.0
1758077180.9333,1758077180.86496,0.0,0.0,0.0,19.07949,33.00237,-13.23533,7.68,0.75,0.84,2.0
1758077180.95097,1758077180.87496,0.0,0.0,0.0,15.92823,31.28349,-14.9542,7.68,0.75,0.84,2.0
1758077180.96675,1758077180.88496,0.0,0.0,0.0,13.12073,27.33009,-16.50119,8.12,1.21,0.66,2.0
1758077180.9729,1758077180.89496,0.0,0.0,0.0,12.54778,23.89234,-16.38659,8.12,1.21,0.66,2.0
1758077180.97576,1758077180.90496,0.0,0.0,0.0,12.2613,19.70975,-15.92823,8.51,1.33,0.56,2.0
1758077181.01197,1758077180.91496,0.0,0.0,0.0,12.14671,15.46986,-15.29797,8.51,1.33,0.56,2.0
1758077181.01717,1758077180.92496,0.0,0.0,0.0,11.74564,9.22462,-13.75099,8.44,0.95,0.43,2.0
1758077181.01936,1758077180.93496,0.0,0.0,0.0,10.71431,5.84417,-13.69369,8.33,0.35,0.44,2.0
1758077181.02196,1758077180.94496,0.0,0.0,0.0,10.25595,4.92744,-13.69369,8.33,0.35,0.44,2.0
1758077181.03704,1758077180.95496,0.0,0.0,0.0,13.5791,11.17268,-9.22462,8.64,-0.55,0.7,2.0
1758077181.03877,1758077180.96496,0.0,0.0,0.0,15.29797,4.46907,-7.79223,8.64,-0.55,0.7,2.0
1758077181.05603,1758077180.97496,0.0,0.0,0.0,16.73037,2.40642,-6.8182,7.63,-1.18,0.47,2.0
1758077181.05772,1758077180.98496,0.0,0.0,0.0,16.95955,5.27121,-5.90147,7.63,-1.18,0.47,2.0
1758077181.07304,1758077180.99496,0.0,0.0,0.0,15.0115,7.67763,-6.18794,8.88,-0.4,0.3,2.0
1758077181.07635,1758077181.00496,0.0,0.0,0.0,12.49048,7.33386,-7.04738,8.84,0.45,0.15,2.0
1758077181.09201,1758077181.01496,0.0,0.0,0.0,9.33921,7.79223,-7.16197,8.84,0.45,0.15,2.0
1758077181.09694,1758077181.02496,0.0,0.0,0.0,5.55769,9.39651,-7.84952,9.16,0.86,0.38,2.0
1758077181.11205,1758077181.03496,0.0,0.0,0.0,-1.20321,22.97561,-8.70896,9.16,0.86,0.38,2.0
1758077181.11659,1758077181.04496,0.0,0.0,0.0,-5.95876,35.00772,-9.5684,10.4,0.99,0.28,2.0
1758077181.13181,1758077181.05496,0.0,0.0,0.0,-10.71431,41.25296,-10.71431,10.4,0.99,0.28,2.0
1758077181.1516,1758077181.06496,0.0,0.0,0.0,-15.0115,39.82057,-10.94349,10.08,0.95,0.15,2.0
1758077181.17177,1758077181.07496,0.0,0.0,0.0,-21.25674,30.82513,-10.08406,8.71,1.02,0.0,2.0
1758077181.17999,1758077181.08496,0.0,0.0,0.0,-25.26744,21.88699,-9.11003,8.71,1.02,0.0,2.0
1758077181.18613,1758077181.09496,0.0,0.0,0.0,-28.41871,13.06344,-8.42248,7.7,1.16,-0.01,2.0
1758077181.19138,1758077181.10496,0.0,0.0,0.0,-31.45539,-1.3178,-7.84952,7.7,1.16,-0.01,2.0
1758077181.19196,1758077181.11496,0.0,0.0,0.0,-31.74186,-37.92981,-2.63561,6.12,1.0,-0.36,2.0
1758077181.20146,1758077181.12496,0.0,0.0,0.0,-28.70519,-54.02992,-1.3178,6.12,1.0,-0.36,2.0
1758077181.20659,1758077181.13496,0.0,0.0,0.0,-24.63719,-62.28051,1.48969,7.71,0.48,-0.55,2.0
1758077181.22583,1758077181.14496,0.0,0.0,0.0,-21.60051,-63.19725,2.86479,7.71,0.48,-0.55,2.0
1758077181.2313,1758077181.15496,0.0,0.0,0.0,-19.48057,-46.52417,1.3178,11.88,0.0,-0.55,2.0
1758077181.24581,1758077181.16496,0.0,0.0,0.0,-22.40265,-43.25832,-2.40642,13.7,-0.31,-0.97,2.0
1758077181.25109,1758077181.17496,0.0,0.0,0.0,-23.37668,-40.68,-5.95876,13.7,-0.31,-0.97,2.0
1758077181.26596,1758077181.18496,0.0,0.0,0.0,-22.57454,-34.26288,-8.93814,11.92,-0.47,-1.45,2.0
1758077181.27131,1758077181.19496,0.0,0.0,0.0,-21.6578,-26.41335,-8.36518,11.92,-0.47,-1.45,2.0
1758077181.28592,1758077181.20496,0.0,0.0,0.0,-21.60051,-17.58981,-6.18794,11.34,-0.54,-2.31,2.0
1758077181.29111,1758077181.21496,0.0,0.0,0.0,-21.42862,-9.74028,-2.34913,11.34,-0.54,-2.31,2.0
1758077181.30602,1758077181.22496,0.0,0.0,0.0,-19.76705,-2.97938,3.26586,12.07,-0.48,-0.65,2.0
1758077181.31139,1758077181.23496,0.0,0.0,0.0,-16.21471,-9.96947,4.92744,14.1,-0.88,2.75,2.0
1758077181.32587,1758077181.24496,0.0,0.0,0.0,-12.2613,-26.69983,2.63561,14.1,-0.88,2.75,2.0
1758077181.33057,1758077181.25496,0.0,0.0,0.0,-9.39651,-46.2377,-2.06265,13.74,-1.43,4.19,2.0
1758077181.34589,1758077181.26496,0.0,0.0,0.0,-5.78687,-48.52953,-10.31324,13.74,-1.43,4.19,2.0
1758077181.3514,1758077181.27496,0.0,0.0,0.0,-3.49504,-35.00772,-13.46451,13.6,-1.6,1.44,2.0
1758077181.36592,1758077181.28496,0.0,0.0,0.0,-3.32316,-20.79837,-15.12609,13.6,-1.6,1.44,2.0
1758077181.37137,1758077181.29496,0.0,0.0,0.0,-4.98473,-12.2613,-14.49583,11.73,-0.33,1.64,2.0
1758077181.38598,1758077181.30496,0.0,0.0,0.0,-11.91752,-11.45916,-11.34457,8.94,0.89,3.0,2.0
1758077181.3919,1758077181.31495,0.0,0.0,0.0,-19.48057,-13.80828,-9.28192,8.94,0.89,3.0,2.0
1758077181.41213,1758077181.32495,0.0,0.0,0.0,-28.93437,-12.71966,-7.67763,9.32,1.35,3.68,2.0
1758077181.41569,1758077181.33495,0.0,0.0,0.0,-37.64333,-6.53172,-6.99009,9.32,1.35,3.68,2.0
1758077181.41599,1758077181.34495,0.0,0.0,0.0,-48.30034,3.32316,-8.25059,11.26,1.19,3.21,2.0
1758077181.43221,1758077181.35495,0.0,0.0,0.0,-52.36834,7.73493,-9.33921,11.26,1.19,3.21,2.0
1758077181.43793,1758077181.36495,0.0,0.0,0.0,-53.34238,11.63104,-9.5684,11.29,0.26,2.09,2.0
1758077181.45723,1758077181.37495,0.0,0.0,0.0,-50.99325,14.38124,-6.58902,11.29,0.26,2.09,2.0
1758077181.46125,1758077181.38495,0.0,0.0,0.0,-46.98254,18.9649,-3.95341,11.49,-1.12,1.9,2.0
1758077181.4772,1758077181.39495,0.0,0.0,0.0,-41.76862,23.66316,-1.48969,11.56,-2.0,1.49,2.0
1758077181.48162,1758077181.40495,0.0,0.0,0.0,-36.55471,27.10091,0.80214,11.56,-2.0,1.49,2.0
1758077181.49721,1758077181.41495,0.0,0.0,0.0,-29.67921,29.39274,3.60963,10.56,-2.05,0.88,2.0
1758077181.50133,1758077181.42495,0.0,0.0,0.0,-26.24147,30.02299,5.21392,10.56,-2.05,0.88,2.0
1758077181.51726,1758077181.43495,0.0,0.0,0.0,-23.83505,30.30947,6.47442,9.57,-1.63,0.76,2.0
1758077181.52699,1758077181.44495,0.0,0.0,0.0,-22.28806,31.28349,7.50575,9.57,-1.63,0.76,2.0
1758077181.53149,1758077181.45495,0.0,0.0,0.0,-20.79837,29.62192,8.02141,9.11,-1.34,0.71,2.0
1758077181.53674,1758077181.46495,0.0,0.0,0.0,-20.11082,27.50197,7.84952,8.49,-1.33,0.49,2.0
1758077181.5612,1758077181.47495,0.0,0.0,0.0,-19.25138,25.8404,7.84952,8.49,-1.33,0.49,2.0
1758077181.56341,1758077181.48495,0.0,0.0,0.0,-17.6471,23.83505,8.136,8.2,-1.48,0.28,2.0
1758077181.56549,1758077181.49495,0.0,0.0,0.0,-14.9542,21.7151,8.47978,8.2,-1.48,0.28,2.0
1758077181.58134,1758077181.50495,0.0,0.0,0.0,-12.71966,19.99623,8.65166,7.97,-1.6,0.19,2.0
1758077181.59792,1758077181.51495,0.0,0.0,0.0,-10.48513,17.53251,8.30789,7.97,-1.6,0.19,2.0
1758077181.5993,1758077181.52495,0.0,0.0,0.0,-7.73493,15.24068,8.0787,7.69,-1.52,0.23,2.0
1758077181.61578,1758077181.53495,0.0,0.0,0.0,-3.26586,12.89155,8.136,7.79,-1.39,0.25,2.0
1758077181.61676,1758077181.54495,0.0,0.0,0.0,-0.11459,11.80293,8.25059,7.79,-1.39,0.25,2.0
1758077181.63204,1758077181.55495,0.0,0.0,0.0,2.7502,10.37054,8.25059,7.79,-1.34,0.08,2.0
1758077181.63317,1758077181.56495,0.0,0.0,0.0,5.55769,9.05273,7.84952,7.79,-1.34,0.08,2.0
1758077181.65083,1758077181.57495,0.0,0.0,0.0,9.33921,8.88085,7.33386,7.86,-1.37,-0.11,2.0
1758077181.66603,1758077181.58495,0.0,0.0,0.0,11.11538,9.28192,6.35983,7.86,-1.37,-0.11,2.0
1758077181.67148,1758077181.59495,0.0,0.0,0.0,12.77696,9.5684,5.32851,8.1,-1.36,-0.31,2.0
1758077181.68607,1758077181.60495,0.0,0.0,0.0,15.0115,17.18874,3.49504,8.1,-1.36,-0.31,2.0
1758077181.69036,1758077181.61495,0.0,0.0,0.0,16.272,26.64254,1.94806,8.7,-1.2,-0.45,2.0
1758077181.70602,1758077181.62495,0.0,0.0,0.0,17.53251,35.86716,0.74485,9.5,-1.04,-0.54,2.0
1758077181.71068,1758077181.63495,0.0,0.0,0.0,18.62113,43.02913,-0.45837,9.5,-1.04,-0.54,2.0
1758077181.72606,1758077181.64495,0.0,0.0,0.0,20.79837,42.85724,-1.3178,9.25,-0.98,-0.39,2.0
1758077181.73077,1758077181.65495,0.0,0.0,0.0,23.0902,32.83048,-1.71887,9.25,-0.98,-0.39,2.0
1758077181.74607,1758077181.66495,0.0,0.0,0.0,25.55392,18.79302,-2.00535,7.63,-1.06,-0.49,2.0
1758077181.75082,1758077181.67495,0.0,0.0,0.0,28.476,2.40642,-2.46372,7.63,-1.06,-0.49,2.0
1758077181.76605,1758077181.68495,0.0,0.0,0.0,33.46074,-32.25753,-0.74485,6.67,-1.41,-0.42,2.0
1758077181.77046,1758077181.69495,0.0,0.0,0.0,34.49206,-63.54102,1.3178,5.55,-1.83,-0.48,2.0
1758077181.78604,1758077181.70495,0.0,0.0,0.0,35.40879,-78.03686,2.23454,5.55,-1.83,-0.48,2.0
1758077181.79126,1758077181.71495,0.0,0.0,0.0,38.90384,-62.62429,6.53172,10.43,-2.49,0.01,2.0
1758077181.80605,1758077181.72495,0.0,0.0,0.0,42.22699,-28.99167,10.19865,10.43,-2.49,0.01,2.0
1758077181.81051,1758077181.73495,0.0,0.0,0.0,41.71133,-24.17882,7.73493,13.93,-2.36,0.72,2.0
1758077181.82604,1758077181.74495,0.0,0.0,0.0,43.4875,-39.76327,5.61499,13.93,-2.36,0.72,2.0
1758077181.82722,1758077181.75495,0.0,0.0,0.0,43.20102,-69.90086,2.6929,9.95,-2.02,-0.9,2.0
1758077181.84313,1758077181.76495,0.0,0.0,0.0,45.03448,-80.32869,3.72423,10.39,-1.54,-2.71,2.0
1758077181.84724,1758077181.77495,0.0,0.0,0.0,44.00316,-70.24463,3.38045,10.39,-1.54,-2.71,2.0
1758077181.86288,1758077181.78495,0.0,0.0,0.0,39.70598,-60.44705,2.63561,13.31,-0.49,0.5,2.0
1758077181.86518,1758077181.79495,0.0,0.0,0.0,19.53786,-41.36755,-5.84417,13.31,-0.49,0.5,2.0
1758077181.88116,1758077181.80495,0.0,0.0,0.0,10.8862,-48.35764,-2.57831,16.27,2.38,3.47,2.0
1758077181.89738,1758077181.81495,0.0,0.0,0.0,3.89611,-57.86874,5.21392,16.27,2.38,3.47,2.0
1758077181.90179,1758077181.82495,0.0,0.0,0.0,-1.20321,-56.89471,14.78231,17.82,2.1,1.93,2.0
1758077181.91734,1758077181.83495,0.0,0.0,0.0,-5.50039,-34.77854,23.60586,17.82,2.1,1.93,2.0
1758077181.92177,1758077181.84495,0.0,0.0,0.0,-6.35983,-16.272,24.5226,15.7,0.39,-0.44,2.0
1758077181.93738,1758077181.85495,0.0,0.0,0.0,-6.35983,-4.0107,22.05888,10.26,-2.26,0.72,2.0
1758077181.94065,1758077181.86495,0.0,0.0,0.0,-4.1253,3.38045,16.61578,10.26,-2.26,0.72,2.0
1758077181.95628,1758077181.87495,0.0,0.0,0.0,4.64096,5.55769,6.8182,8.04,-2.79,1.86,2.0
1758077181.95731,1758077181.88495,0.0,0.0,0.0,13.12073,5.21392,2.00535,8.04,-2.79,1.86,2.0
1758077181.9764,1758077181.89495,0.0,0.0,0.0,22.68913,9.96947,-2.06265,9.22,-2.16,3.19,2.0
1758077181.97729,1758077181.90495,0.0,0.0,0.0,32.48671,14.38124,-2.63561,9.22,-2.16,3.19,2.0
1758077181.99215,1758077181.91495,0.0,0.0,0.0,44.28964,18.50654,0.45837,11.57,-1.37,3.08,2.0
1758077181.99688,1758077181.92495,0.0,0.0,0.0,48.30034,20.68378,4.1253,11.95,-0.6,2.21,2.0
1758077182.01561,1758077181.93495,0.0,0.0,0.0,49.50356,23.83505,7.21927,11.95,-0.6,2.21,2.0
1758077182.01676,1758077181.94495,0.0,0.0,0.0,47.72739,28.59059,8.25059,11.71,0.26,1.6,2.0
1758077182.03223,1758077181.95495,0.0,0.0,0.0,40.7946,36.61201,5.84417,11.71,0.26,1.6,2.0
1758077182.03684,1758077181.96495,0.0,0.0,0.0,33.9764,39.70598,2.00535,10.54,0.74,1.13,2.0
1758077182.05317,1758077181.97495,0.0,0.0,0.0,26.35606,39.64868,-2.29183,10.54,0.74,1.13,2.0
1758077182.05582,1758077181.98495,0.0,0.0,0.0,18.50654,39.76327,-8.47978,8.68,0.9,1.07,2.0
1758077182.07114,1758077181.99495,0.0,0.0,0.0,8.42248,39.13302,-11.86023,8.17,1.11,0.97,2.0
1758077182.09139,1758077182.00495,0.0,0.0,0.0,3.09397,37.12767,-14.66772,8.17,1.11,0.97,2.0
1758077182.09313,1758077182.01495,0.0,0.0,0.0,-1.14592,35.00772,-16.61578,8.23,1.34,0.92,2.0
1758077182.09378,1758077182.02495,0.0,0.0,0.0,-5.55769,31.85646,-17.24603,8.23,1.34,0.92,2.0
1758077182.11347,1758077182.03495,0.0,0.0,0.0,-7.21927,28.99167,-16.73037,8.49,1.36,0.77,2.0
1758077182.11438,1758077182.04495,0.0,0.0,0.0,-8.136,25.09555,-15.87093,8.49,1.36,0.77,2.0
1758077182.13186,1758077182.05495,0.0,0.0,0.0,-8.88085,20.51189,-14.49583,8.4,1.06,0.74,2.0
1758077182.1367,1758077182.06495,0.0,0.0,0.0,-9.62569,14.03747,-12.14671,8.4,1.06,0.78,2.0
1758077182.15621,1758077182.07495,0.0,0.0,0.0,-10.25595,10.65701,-11.17268,8.14,0.54,0.78,2.0
1758077182.16156,1758077182.08495,0.0,0.0,0.0,-9.39651,17.47521,-8.65166,8.41,-0.32,0.99,2.0
1758077182.17644,1758077182.09495,0.0,0.0,0.0,-6.70361,8.76626,-3.20856,8.41,-0.32,0.99,2.0
1758077182.18166,1758077182.10495,0.0,0.0,0.0,-7.16197,-0.80214,-5.55769,6.84,-0.7,0.45,2.0
1758077182.19615,1758077182.11495,0.0,0.0,0.0,-7.50575,5.21392,-6.18794,6.84,-0.7,0.45,2.0
1758077182.20395,1758077182.12495,0.0,0.0,0.0,-7.96411,9.91217,-7.44845,9.08,0.23,0.24,2.0
1758077182.2044,1758077182.13495,0.0,0.0,0.0,-9.28192,9.74028,-8.65166,9.08,0.23,0.24,2.0
1758077182.22147,1758077182.14495,0.0,0.0,0.0,-12.54778,8.76626,-10.08406,8.61,0.68,0.17,2.0
1758077182.22642,1758077182.15495,0.0,0.0,0.0,-15.64175,11.91752,-11.97482,8.97,0.69,0.3,2.0
1758077182.24622,1758077182.16495,0.0,0.0,0.0,-18.90761,18.56383,-12.89155,8.97,0.69,0.3,2.0
1758077182.24932,1758077182.17495,0.0,0.0,0.0,-22.51724,26.06958,-13.69369,9.81,0.66,0.36,2.0
1758077182.26424,1758077182.18495,0.0,0.0,0.0,-28.30412,34.26288,-13.98017,9.81,0.66,0.36,2.0
1758077182.26544,1758077182.19495,0.0,0.0,0.0,-32.20023,36.26823,-14.09476,9.77,0.66,0.45,2.0
1758077182.28176,1758077182.20495,0.0,0.0,0.0,-35.98175,35.58068,-13.69369,9.77,0.66,0.45,2.0
1758077182.28537,1758077182.21495,0.0,0.0,0.0,-40.45082,31.85646,-11.22997,8.96,0.75,0.08,2.0
1758077182.30131,1758077182.22495,0.0,0.0,0.0,-42.34158,21.60051,-8.93814,8.05,0.75,-0.33,2.0
1758077182.31756,1758077182.23495,0.0,0.0,0.0,-43.4875,10.54242,-6.41713,8.05,0.75,-0.33,2.0
1758077182.32165,1758077182.24495,0.0,0.0,0.0,-43.25832,-7.50575,-2.7502,6.57,0.45,-0.44,2.0
1758077182.35839,1758077182.25495,0.0,0.0,0.0,-40.16434,-36.26823,0.34377,6.57,0.45,-0.44,2.0
1758077182.36175,1758077182.26495,0.0,0.0,0.0,-36.32552,-53.45696,2.29183,6.05,0.22,-0.74,2.0
1758077182.36349,1758077182.27495,0.0,0.0,0.0,-31.28349,-46.86795,8.42248,6.05,0.22,-0.74,2.0
1758077182.3647,1758077182.28495,0.0,0.0,0.0,-28.64789,-31.16891,8.88085,11.08,0.1,0.18,2.0
1758077182.36507,1758077182.29495,0.0,0.0,0.0,-34.09099,-42.34158,-0.22918,11.92,0.1,-0.18,2.0
1758077182.42147,1758077182.30495,0.0,0.0,0.0,-35.12231,-45.89392,-4.58366,11.92,-0.33,-0.18,2.0
1758077182.42318,1758077182.31495,0.0,0.0,0.0,-32.6013,-39.82057,-6.53172,12.18,-0.69,-1.04,2.0
1758077182.42382,1758077182.32495,0.0,0.0,0.0,-30.19488,-27.33009,-7.33386,12.18,-0.69,-1.04,2.0
1758077182.42588,1758077182.33495,0.0,0.0,0.0,-26.35606,-11.91752,-5.61499,12.54,-0.93,-2.36,2.0
1758077182.42656,1758077182.34495,0.0,0.0,0.0,-23.89234,-9.39651,-2.97938,12.54,-0.93,-2.36,2.0
1758077182.43201,1758077182.35495,0.0,0.0,0.0,-21.37133,-10.02676,0.34377,11.08,-0.95,-1.53,2.0
1758077182.47645,1758077182.36495,0.0,0.0,0.0,-17.76169,-8.36518,4.23989,11.08,-0.95,-1.53,2.0
1758077182.48331,1758077182.37495,0.0,0.0,0.0,-9.5684,-10.19865,5.61499,13.04,-1.32,0.75,2.0
1758077182.48702,1758077182.38495,0.0,0.0,0.0,-1.83346,-24.35071,2.86479,15.11,-2.11,3.45,2.0
1758077182.49116,1758077182.39495,0.0,0.0,0.0,4.0107,-42.05511,-2.34913,15.11,-2.11,3.45,2.0
1758077182.49206,1758077182.40495,0.0,0.0,0.0,7.44845,-48.75871,-9.11003,13.68,-2.11,2.51,2.0
1758077182.497,1758077182.41495,0.0,0.0,0.0,8.70896,-39.4768,-13.12073,13.68,-2.11,2.51,2.0
1758077182.50086,1758077182.42495,0.0,0.0,0.0,7.44845,-27.2155,-14.38124,12.72,-0.8,1.11,2.0
1758077182.51656,1758077182.43495,0.0,0.0,0.0,1.83346,-15.92823,-13.5791,12.72,-0.8,1.11,2.0
1758077182.52024,1758077182.44495,0.0,0.0,0.0,-7.50575,-11.97482,-6.70361,10.7,1.54,1.95,2.0
1758077182.53655,1758077182.45495,0.0,0.0,0.0,-13.34992,-13.80828,-2.7502,8.93,1.37,2.61,2.0
1758077182.54017,1758077182.46495,0.0,0.0,0.0,-18.22006,-13.17803,-0.85944,8.93,1.37,2.61,2.0
1758077182.55633,1758077182.47495,0.0,0.0,0.0,-24.23611,-10.02676,-2.00535,9.43,1.22,3.9,2.0
1758077182.56032,1758077182.48495,0.0,0.0,0.0,-34.0337,-8.42248,-6.53172,9.43,1.22,3.9,2.0
1758077182.57634,1758077182.49495,0.0,0.0,0.0,-39.3622,-6.7609,-10.48513,10.44,0.91,3.77,2.0
1758077182.57917,1758077182.50495,0.0,0.0,0.0,-42.62806,-3.72423,-13.75099,10.44,0.91,3.77,2.0
1758077182.59618,1758077182.51495,0.0,0.0,0.0,-43.88857,-1.94806,-14.61043,11.34,-0.18,2.87,2.0
1758077182.6014,1758077182.52495,0.0,0.0,0.0,-41.65404,2.29183,-11.80293,11.75,-1.53,1.91,2.0
1758077182.64108,1758077182.53495,0.0,0.0,0.0,-37.98711,6.58902,-8.136,11.75,-1.53,1.91,2.0
1758077182.64281,1758077182.54495,0.0,0.0,0.0,-34.37747,10.08406,-4.0107,11.43,-2.08,1.49,2.0
1758077182.64539,1758077182.55495,0.0,0.0,0.0,-30.99702,13.69369,-0.34377,11.43,-2.08,1.49,2.0
1758077182.69158,1758077182.56495,0.0,0.0,0.0,-27.33009,17.36062,4.0107,10.17,-1.67,1.16,2.0
1758077182.69198,1758077182.57495,0.0,0.0,0.0,-25.49662,18.79302,6.58902,10.17,-1.67,1.16,2.0
1758077182.70114,1758077182.58495,0.0,0.0,0.0,-24.23611,20.11082,8.42248,9.38,-0.96,0.87,2.0
1758077182.70166,1758077182.59495,0.0,0.0,0.0,-23.94964,21.37133,9.5684,9.38,-0.96,0.87,2.0
1758077182.70414,1758077182.60495,0.0,0.0,0.0,-24.5226,23.49127,10.02676,9.12,-0.65,0.73,2.0
1758077182.71176,1758077182.61495,0.0,0.0,0.0,-25.21014,23.66316,9.68299,8.73,-0.74,0.41,2.0
1758077182.71211,1758077182.62495,0.0,0.0,0.0,-25.55392,22.86102,8.99544,8.73,-0.74,0.41,2.0
1758077182.71409,1758077182.63495,0.0,0.0,0.0,-24.86637,22.34536,7.79223,8.15,-1.02,0.11,2.0
1758077182.71615,1758077182.64495,0.0,0.0,0.0,-23.94964,22.28806,7.21927,8.15,-1.02,0.11,2.0
1758077182.73167,1758077182.65495,0.0,0.0,0.0,-22.51724,22.91831,6.70361,7.94,-1.29,-0.1,2.0
1758077182.73345,1758077182.66495,0.0,0.0,0.0,-20.85567,23.72045,5.90147,7.94,-1.29,-0.1,2.0
1758077182.75163,1758077182.67495,0.0,0.0,0.0,-17.93358,23.94964,5.09932,7.94,-1.34,-0.13,2.0
1758077182.77089,1758077182.68495,0.0,0.0,0.0,-16.10011,24.17882,4.23989,8.0,-1.17,-0.24,2.0
1758077182.77174,1758077182.69495,0.0,0.0,0.0,-14.09476,24.86637,3.83882,8.0,-1.17,-0.24,2.0
1758077182.7807,1758077182.70495,0.0,0.0,0.0,-11.80293,25.89769,3.83882,8.28,-1.04,-0.3,2.0
1758077182.79643,1758077182.71495,0.0,0.0,0.0,-8.136,26.01229,4.23989,8.28,-1.04,-0.3,2.0
1758077182.79948,1758077182.72495,0.0,0.0,0.0,-5.90147,25.55392,4.58366,8.19,-1.07,-0.42,2.0
1758077182.81553,1758077182.73495,0.0,0.0,0.0,-4.1253,24.98096,4.69825,8.19,-1.07,-0.42,2.0
1758077182.81664,1758077182.74495,0.0,0.0,0.0,-2.46372,24.35071,4.29718,8.27,-1.19,-0.5,2.0
1758077182.83168,1758077182.75495,0.0,0.0,0.0,0.17189,26.64254,3.49504,8.67,-1.2,-0.54,2.0
1758077182.85148,1758077182.76495,0.0,0.0,0.0,2.40642,31.97105,2.97938,8.67,-1.2,-0.54,2.0
1758077182.85661,1758077182.77495,0.0,0.0,0.0,4.29718,39.07573,2.00535,9.47,-1.16,-0.63,2.0
1758077182.85724,1758077182.78495,0.0,0.0,0.0,6.18794,44.46153,0.40107,9.47,-1.16,-0.63,2.0
1758077182.87673,1758077182.79495,0.0,0.0,0.0,9.05273,38.27358,-1.71887,9.04,-1.13,-0.36,2.0
1758077182.9046,1758077182.80495,0.0,0.0,0.0,11.74564,25.7831,-3.09397,9.04,-1.13,-0.36,2.0
1758077182.90519,1758077182.81495,0.0,0.0,0.0,14.9542,11.11538,-4.81285,7.33,-1.19,-0.49,2.0
1758077182.90644,1758077182.82495,0.0,0.0,0.0,18.90761,-5.27121,-5.55769,7.33,-1.19,-0.49,2.0
1758077182.91131,1758077182.83495,0.0,0.0,0.0,25.26744,-36.84119,-3.66693,6.55,-1.56,-0.74,2.0
1758077182.95663,1758077182.84495,0.0,0.0,0.0,28.30412,-67.72362,-0.0573,5.74,-2.14,-0.78,2.0
1758077182.96179,1758077182.85495,0.0,0.0,0.0,29.96569,-84.51128,3.26586,5.74,-2.14,-0.78,2.0
1758077182.96317,1758077182.86495,0.0,0.0,0.0,36.26823,-50.87865,12.43318,10.77,-2.8,-0.58,2.0
1758077182.99191,1758077182.87495,0.0,0.0,0.0,38.27358,-21.08485,15.0115,10.77,-2.8,-0.58,2.0
1758077182.9965,1758077182.88495,0.0,0.0,0.0,39.76327,-21.60051,13.17803,14.93,-2.7,0.56,2.0
1758077182.99825,1758077182.89495,0.0,0.0,0.0,40.96649,-46.81066,11.57375,14.93,-2.7,0.56,2.0
1758077183.00294,1758077182.90495,0.0,0.0,0.0,42.85724,-74.54182,7.39116,9.34,-2.3,-0.75,2.0
1758077183.00695,1758077182.91495,0.0,0.0,0.0,37.81522,-64.91612,5.61499,12.09,-1.07,-0.25,2.0
1758077183.01102,1758077182.92495,0.0,0.0,0.0,22.40265,-48.24305,-3.89611,12.09,-1.07,-0.25,2.0
1758077183.01224,1758077182.93495,0.0,0.0,0.0,16.50119,-60.27517,-0.80214,15.05,1.34,2.76,2.0
1758077183.01962,1758077182.94495,0.0,0.0,0.0,7.33386,-61.53567,7.39116,15.05,1.34,2.76,2.0
1758077183.03676,1758077182.95495,0.0,0.0,0.0,2.40642,-56.49364,15.58445,19.09,1.25,2.82,2.0
1758077183.04119,1758077182.96495,0.0,0.0,0.0,-1.48969,-52.76942,22.00158,19.09,1.25,2.82,2.0
1758077183.06283,1758077182.97495,0.0,0.0,0.0,-4.87014,-39.3622,23.49127,16.04,0.75,-0.24,2.0
1758077183.08548,1758077182.98495,0.0,0.0,0.0,-9.74028,-18.22006,19.07949,10.39,-1.39,-0.37,2.0
1758077183.08593,1758077182.99495,0.0,0.0,0.0,-9.11003,-6.87549,14.20935,10.39,-1.39,-0.37,2.0
1758077183.09142,1758077183.00495,0.0,0.0,0.0,-4.18259,-0.85944,9.68299,8.56,-2.39,1.77,2.0
1758077183.09186,1758077183.01495,0.0,0.0,0.0,2.86479,-0.45837,5.4431,8.56,-2.39,1.77,2.0
1758077183.09609,1758077183.02495,0.0,0.0,0.0,17.13144,-4.1253,3.32316,9.54,-2.04,3.23,2.0
1758077183.11183,1758077183.03495,0.0,0.0,0.0,26.41335,3.72423,2.06265,9.54,-2.04,3.23,2.0
1758077183.13,1758077183.04495,0.0,0.0,0.0,35.52338,10.54242,4.18259,12.29,-1.09,3.22,2.0
1758077183.13275,1758077183.05495,0.0,0.0,0.0,45.20637,16.84496,9.62569,12.29,-1.09,3.22,2.0
1758077183.13607,1758077183.06495,0.0,0.0,0.0,48.35764,22.57454,13.98017,12.28,-0.27,2.24,2.0
1758077183.15187,1758077183.07495,0.0,0.0,0.0,48.52953,29.73651,15.46986,11.39,0.11,1.48,2.0
1758077183.23683,1758077183.08495,0.0,0.0,0.0,46.63877,36.55471,14.61043,11.39,0.11,1.48,2.0
1758077183.24031,1758077183.09495,0.0,0.0,0.0,39.99245,43.77398,8.47978,10.28,0.16,1.06,2.0
1758077183.24131,1758077183.10495,0.0,0.0,0.0,33.86181,45.37826,2.92208,10.28,0.16,1.06,2.0
1758077183.24671,1758077183.11495,0.0,0.0,0.0,27.50197,46.46688,-2.6929,8.97,0.14,0.82,2.0
1758077183.25132,1758077183.12495,0.0,0.0,0.0,21.6578,46.81066,-7.79223,8.97,0.14,0.82,2.0
1758077183.25671,1758077183.13495,0.0,0.0,0.0,14.72501,44.46153,-12.60507,8.52,0.49,0.72,2.0
1758077183.2571,1758077183.14495,0.0,0.0,0.0,11.51645,41.25296,-14.03747,8.13,1.04,0.76,2.0
1758077183.25772,1758077183.15495,0.0,0.0,0.0,9.62569,37.35685,-13.98017,8.13,1.04,0.76,2.0
1758077183.2588,1758077183.16495,0.0,0.0,0.0,8.42248,33.51803,-13.06344,8.05,1.38,0.76,2.0
1758077183.26171,1758077183.17495,0.0,0.0,0.0,7.62034,26.24147,-10.71431,8.05,1.38,0.76,2.0
1758077183.26226,1758077183.18495,0.0,0.0,0.0,7.39116,20.34,-9.11003,7.79,1.27,0.97,2.0
1758077183.27882,1758077183.19495,0.0,0.0,0.0,7.33386,14.03747,-7.10468,7.79,1.27,0.97,2.0
1758077183.28092,1758077183.20495,0.0,0.0,0.0,7.50575,8.88085,-5.21392,7.54,0.65,1.02,2.0
1758077183.29558,1758077183.21495,0.0,0.0,0.0,8.0787,4.58366,-1.20321,7.81,-0.22,1.07,2.0
1758077183.29674,1758077183.22495,0.0,0.0,0.0,8.02141,2.6929,0.0573,7.81,-0.22,1.07,2.0
1758077183.31189,1758077183.23495,0.0,0.0,0.0,7.44845,2.06265,0.40107,8.21,-0.46,0.64,2.0
1758077183.31631,1758077183.24495,0.0,0.0,0.0,5.95876,3.20856,-1.3751,8.21,-0.46,0.64,2.0
1758077183.33189,1758077183.25495,0.0,0.0,0.0,3.32316,5.61499,-3.09397,8.91,0.17,0.33,2.0
1758077183.336,1758077183.26495,0.0,0.0,0.0,1.71887,7.04738,-4.69825,8.91,0.17,0.33,2.0
1758077183.3519,1758077183.27495,0.0,0.0,0.0,0.40107,8.36518,-5.78687,8.94,0.65,0.22,2.0
1758077183.37023,1758077183.28495,0.0,0.0,0.0,-1.43239,10.31324,-6.47442,8.94,0.65,0.22,2.0
1758077183.37055,1758077183.29495,0.0,0.0,0.0,-2.63561,11.57375,-6.41713,8.93,0.58,0.27,2.0
1758077183.37669,1758077183.30495,0.0,0.0,0.0,-3.95341,12.83425,-5.32851,9.21,0.33,0.35,2.0
1758077183.39279,1758077183.31495,0.0,0.0,0.0,-6.13065,18.62113,-5.09932,9.21,0.33,0.35,2.0
1758077183.39494,1758077183.32495,0.0,0.0,0.0,-10.25595,33.68992,-3.72423,10.21,0.28,0.35,2.0
1758077183.41683,1758077183.33495,0.0,0.0,0.0,-13.5791,41.94051,-3.26586,10.21,0.28,0.35,2.0
1758077183.4214,1758077183.34495,0.0,0.0,0.0,-17.36062,45.49285,-3.32316,10.26,0.56,0.34,2.0
1758077183.4367,1758077183.35495,0.0,0.0,0.0,-20.85567,43.54479,-2.92208,10.26,0.56,0.34,2.0
1758077183.44099,1758077183.36495,0.0,0.0,0.0,-25.72581,34.37747,-0.80214,8.97,1.02,0.18,2.0
1758077183.47704,1758077183.37495,0.0,0.0,0.0,-28.70519,25.8404,0.68755,7.91,1.23,0.16,2.0
1758077183.48195,1758077183.38495,0.0,0.0,0.0,-31.11161,15.75634,1.48969,7.91,1.23,0.16,2.0
1758077183.54032,1758077183.39495,0.0,0.0,0.0,-33.17426,-3.55234,1.83346,6.48,1.04,-0.07,2.0
1758077183.54073,1758077183.40495,0.0,0.0,0.0,-32.08564,-39.01843,3.38045,6.48,1.04,-0.07,2.0
1758077183.5443,1758077183.41495,0.0,0.0,0.0,-27.61657,-52.9986,4.18259,6.13,0.27,-0.4,2.0
1758077183.54698,1758077183.42495,0.0,0.0,0.0,-23.31938,-59.24384,5.61499,6.13,0.27,-0.4,2.0
1758077183.55324,1758077183.43495,0.0,0.0,0.0,-20.79837,-56.55093,8.76626,9.69,-0.33,-0.49,2.0
1758077183.55401,1758077183.44495,0.0,0.0,0.0,-22.40265,-39.82057,2.6929,13.66,-0.3,-0.62,2.0
1758077183.55674,1758077183.45495,0.0,0.0,0.0,-23.72045,-33.46074,-1.71887,13.66,-0.3,-0.62,2.0
1758077183.56132,1758077183.46495,0.0,0.0,0.0,-23.66316,-29.9084,-5.27121,12.72,-0.28,-0.87,2.0
1758077183.56687,1758077183.47495,0.0,0.0,0.0,-21.14215,-17.01685,-6.47442,12.72,-0.28,-0.87,2.0
1758077183.57116,1758077183.48495,0.0,0.0,0.0,-19.99623,-9.39651,-4.0107,11.72,-0.21,-2.02,2.0
1758077183.57642,1758077183.49495,0.0,0.0,0.0,-19.42327,-8.42248,-1.03132,11.72,-0.21,-2.02,2.0
1758077183.58097,1758077183.50495,0.0,0.0,0.0,-18.22006,-10.02676,2.40642,10.73,-0.09,-0.35,2.0
1758077183.60258,1758077183.51495,0.0,0.0,0.0,-13.46451,-12.83425,5.61499,10.73,-0.09,-0.35,2.0
1758077183.61574,1758077183.52495,0.0,0.0,0.0,-8.25059,-24.4653,3.09397,13.39,-0.9,2.43,2.0
1758077183.61613,1758077183.53495,0.0,0.0,0.0,-3.03668,-38.90384,-2.06265,14.7,-2.37,4.95,2.0
1758077183.61807,1758077183.54495,0.0,0.0,0.0,0.85944,-46.06581,-7.04738,14.7,-2.37,4.95,2.0
1758077183.6364,1758077183.55495,0.0,0.0,0.0,5.90147,-37.98711,-13.34992,13.76,-2.81,1.89,2.0
1758077183.63909,1758077183.56495,0.0,0.0,0.0,8.136,-24.5226,-14.9542,13.76,-2.81,1.89,2.0
1758077183.65606,1758077183.57495,0.0,0.0,0.0,8.42248,-13.00614,-14.03747,12.56,-0.99,0.9,2.0
1758077183.657,1758077183.58495,0.0,0.0,0.0,6.58902,-5.61499,-11.51645,12.56,-0.99,0.9,2.0
1758077183.69634,1758077183.59495,0.0,0.0,0.0,-0.51566,-2.86479,-6.87549,10.51,0.94,1.97,2.0
1758077183.69916,1758077183.60495,0.0,0.0,0.0,-8.59437,-4.18259,-4.87014,10.03,1.39,3.69,2.0
1758077183.70106,1758077183.61495,0.0,0.0,0.0,-17.58981,-4.1253,-4.58366,10.03,1.39,3.69,2.0
1758077183.70502,1758077183.62495,0.0,0.0,0.0,-26.41335,-1.48969,-5.50039,10.88,1.09,4.14,2.0
1758077183.70539,1758077183.63495,0.0,0.0,0.0,-35.98175,4.46907,-8.70896,10.88,1.09,4.14,2.0
1758077183.72074,1758077183.64495,0.0,0.0,0.0,-39.4768,7.44845,-10.8862,11.09,0.21,3.31,2.0
1758077183.72596,1758077183.65495,0.0,0.0,0.0,-41.02378,9.96947,-12.08941,11.09,0.21,3.31,2.0
1758077183.74104,1758077183.66495,0.0,0.0,0.0,-39.53409,12.2613,-10.71431,10.9,-0.87,2.25,2.0
1758077183.74686,1758077183.67495,0.0,0.0,0.0,-36.61201,16.95955,-8.02141,11.17,-1.76,1.7,2.0
1758077183.76184,1758077183.68495,0.0,0.0,0.0,-33.11696,20.51189,-4.87014,11.17,-1.76,1.7,2.0
1758077183.76456,1758077183.69495,0.0,0.0,0.0,-29.33544,23.66316,-1.60428,10.81,-1.86,1.32,2.0
1758077183.7814,1758077183.70495,0.0,0.0,0.0,-24.80907,25.26744,2.63561,10.81,-1.86,1.32,2.0
1758077183.78591,1758077183.71495,0.0,0.0,0.0,-22.34536,25.26744,5.09932,9.58,-1.38,1.22,2.0
1758077183.85124,1758077183.72495,0.0,0.0,0.0,-20.79837,24.86637,6.99009,9.58,-1.38,1.22,2.0
1758077183.859,1758077183.73495,0.0,0.0,0.0,-19.42327,24.29341,8.70896,8.85,-1.08,1.08,2.0
1758077183.86088,1758077183.74495,0.0,0.0,0.0,-18.50654,24.23611,10.48513,8.44,-1.08,0.89,2.0
1758077183.86648,1758077183.75495,0.0,0.0,0.0,-17.87628,21.02755,10.59972,8.44,-1.1,0.89,2.0
1758077183.86684,1758077183.76495,0.0,0.0,0.0,-16.67307,17.53251,11.34457,7.68,-1.31,0.62,2.0
1758077183.87113,1758077183.77495,0.0,0.0,0.0,-15.24068,16.10011,11.57375,7.68,-1.31,0.62,2.0
1758077183.87177,1758077183.78495,0.0,0.0,0.0,-12.71966,13.75099,11.91752,7.77,-1.51,0.49,2.0
1758077183.87386,1758077183.79495,0.0,0.0,0.0,-11.00079,12.43318,11.91752,7.77,-1.51,0.49,2.0
1758077183.87604,1758077183.80495,0.0,0.0,0.0,-9.33921,10.71431,11.57375,7.72,-1.53,0.42,2.0
1758077183.8921,1758077183.81495,0.0,0.0,0.0,-7.84952,9.11003,10.8862,7.72,-1.53,0.42,2.0
1758077183.89627,1758077183.82495,0.0,0.0,0.0,-5.72958,6.7609,9.62569,7.72,-1.29,0.25,2.0
1758077183.91186,1758077183.83495,0.0,0.0,0.0,-4.46907,6.18794,8.47978,7.89,-1.06,0.13,2.0
1758077183.94082,1758077183.84495,0.0,0.0,0.0,-3.09397,6.35983,7.67763,7.89,-1.06,0.13,2.0
1758077183.94121,1758077183.85495,0.0,0.0,0.0,-1.77617,6.8182,6.87549,8.11,-1.03,0.05,2.0
1758077183.94645,1758077183.86495,0.0,0.0,0.0,-0.0573,6.99009,5.78687,8.11,-1.03,0.05,2.0
1758077183.95208,1758077183.87495,0.0,0.0,0.0,1.14592,7.62034,4.69825,8.08,-1.12,-0.03,2.0
1758077183.97769,1758077183.88495,0.0,0.0,0.0,2.11994,7.79223,3.49504,8.08,-1.12,-0.03,2.0
1758077183.98037,1758077183.89495,0.0,0.0,0.0,3.60963,7.21927,1.08862,8.13,-1.15,0.0,2.0
1758077183.98203,1758077183.90495,0.0,0.0,0.0,4.64096,11.63104,-0.74485,8.66,-1.11,-0.08,2.0
1758077183.98689,1758077183.91495,0.0,0.0,0.0,5.84417,20.68378,-2.46372,8.66,-1.11,-0.08,2.0
1758077184.03079,1758077183.92495,0.0,0.0,0.0,7.04738,30.88243,-4.64096,9.79,-1.1,-0.12,2.0
1758077184.03201,1758077183.93495,0.0,0.0,0.0,9.39651,40.85189,-7.33386,9.79,-1.1,-0.12,2.0
1758077184.03258,1758077183.94495,0.0,0.0,0.0,11.57375,39.87786,-7.96411,9.51,-1.17,0.08,2.0
1758077184.03464,1758077183.95495,0.0,0.0,0.0,14.83961,31.91375,-7.84952,9.51,-1.17,0.08,2.0
1758077184.0361,1758077183.96495,0.0,0.0,0.0,18.27736,20.16812,-7.10468,8.28,-1.37,-0.04,2.0
1758077184.05185,1758077183.97495,0.0,0.0,0.0,24.35071,-1.43239,-4.87014,7.76,-1.72,-0.12,2.0
1758077184.0571,1758077183.98495,0.0,0.0,0.0,28.99167,-17.47521,-2.11994,7.76,-1.72,-0.12,2.0
1758077184.07215,1758077183.99495,0.0,0.0,0.0,32.88778,-40.45082,0.22918,7.45,-2.13,-0.17,2.0
1758077184.07475,1758077184.00495,0.0,0.0,0.0,35.2369,-66.34852,4.46907,7.45,-2.13,-0.17,2.0
1758077184.09298,1758077184.01495,0.0,0.0,0.0,39.4768,-63.19725,9.4538,8.92,-2.4,-0.4,2.0
1758077184.09624,1758077184.02495,0.0,0.0,0.0,42.28429,-37.64333,13.34992,8.92,-2.4,-0.4,2.0
1758077184.11216,1758077184.03495,0.0,0.0,0.0,41.99781,-18.56383,13.34992,14.94,-2.07,-0.05,2.0
1758077184.12107,1758077184.04495,0.0,0.0,0.0,40.27893,-17.76169,10.08406,14.94,-2.07,-0.05,2.0
1758077184.13698,1758077184.05495,0.0,0.0,0.0,36.89849,-54.60288,1.20321,11.8,-1.21,-0.33,2.0
1758077184.14145,1758077184.06495,0.0,0.0,0.0,32.42941,-66.74959,-1.83346,8.06,0.35,-1.8,2.0
1758077184.15617,1758077184.07495,0.0,0.0,0.0,19.36597,-49.96192,-12.83425,8.06,0.35,-1.8,2.0
1758077184.15712,1758077184.08495,0.0,0.0,0.0,18.73572,-56.14987,-7.96411,11.19,1.57,-0.4,2.0
1758077184.17294,1758077184.09495,0.0,0.0,0.0,18.85031,-45.37826,-5.15662,11.19,1.57,-0.4,2.0
1758077184.17662,1758077184.10495,0.0,0.0,0.0,17.6471,-37.87251,-3.03668,15.65,-0.13,2.14,2.0
1758077184.19218,1758077184.11495,0.0,0.0,0.0,14.15206,-46.81066,2.7502,15.65,-0.13,2.14,2.0
1758077184.19313,1758077184.12495,0.0,0.0,0.0,7.44845,-59.81679,12.54778,16.57,0.11,3.83,2.0
1758077184.21201,1758077184.13495,0.0,0.0,0.0,3.72423,-62.5097,18.79302,14.19,-0.21,1.87,2.0
1758077184.21661,1758077184.14495,0.0,0.0,0.0,1.3178,-53.51426,23.60586,14.19,-0.21,1.87,2.0
1758077184.23591,1758077184.15495,0.0,0.0,0.0,-0.74485,-33.34615,24.29341,10.57,-2.03,0.58,2.0
1758077184.24192,1758077184.16495,0.0,0.0,0.0,1.77617,-5.95876,20.97026,10.57,-2.03,0.58,2.0
1758077184.24255,1758077184.17495,0.0,0.0,0.0,8.36518,1.20321,15.64175,8.85,-2.95,2.43,2.0
1758077184.26102,1758077184.18495,0.0,0.0,0.0,18.73572,-0.80214,10.08406,8.85,-2.95,2.43,2.0
1758077184.27637,1758077184.19495,0.0,0.0,0.0,30.30947,-0.40107,5.95876,8.79,-2.63,3.47,2.0
1758077184.27795,1758077184.20495,0.0,0.0,0.0,46.81066,12.60507,3.38045,13.75,-2.03,3.07,2.0
1758077184.297,1758077184.21495,0.0,0.0,0.0,54.08722,23.0329,1.94806,13.75,-2.03,3.07,2.0
1758077184.30159,1758077184.22495,0.0,0.0,0.0,59.64491,24.86637,4.92744,14.21,-0.68,1.91,2.0
1758077184.30201,1758077184.23495,0.0,0.0,0.0,60.50434,30.53865,6.99009,14.21,-0.68,1.91,2.0
1758077184.31834,1758077184.24495,0.0,0.0,0.0,57.46767,39.19032,8.65166,12.7,0.06,1.13,2.0
1758077184.35714,1758077184.25495,0.0,0.0,0.0,53.05589,42.22699,7.62034,12.7,0.06,1.13,2.0
1758077184.38658,1758077184.26495,0.0,0.0,0.0,46.98254,42.68536,4.87014,10.09,-0.02,1.0,2.0
1758077184.39154,1758077184.27495,0.0,0.0,0.0,40.68,41.13837,0.85944,10.09,-0.02,1.0,2.0
1758077184.39505,1758077184.28495,0.0,0.0,0.0,31.39809,37.58603,-5.15662,8.4,0.07,0.97,2.0
1758077184.39948,1758077184.29495,0.0,0.0,0.0,26.12688,34.09099,-8.25059,8.0,0.6,1.14,2.0
1758077184.40409,1758077184.30495,0.0,0.0,0.0,22.00158,30.76784,-10.37054,8.0,0.6,1.14,2.0
1758077184.4067,1758077184.31495,0.0,0.0,0.0,17.36062,25.89769,-11.80293,7.92,1.09,0.92,2.0
1758077184.41005,1758077184.32495,0.0,0.0,0.0,15.46986,22.11617,-12.08941,7.92,1.09,0.92,2.0
1758077184.41213,1758077184.33495,0.0,0.0,0.0,14.09476,17.58981,-11.57375,7.85,1.35,0.8,2.0
1758077184.41691,1758077184.34495,0.0,0.0,0.0,13.06344,12.49048,-10.94349,7.85,1.35,0.8,2.0
1758077184.43708,1758077184.35495,0.0,0.0,0.0,11.51645,4.35448,-9.74028,7.68,1.24,0.85,2.0
1758077184.45628,1758077184.36495,0.0,0.0,0.0,10.31324,-0.45837,-8.99544,7.53,0.78,0.77,2.0
1758077184.45721,1758077184.37495,0.0,0.0,0.0,9.05273,-3.38045,-8.59437,7.53,0.78,0.77,2.0
1758077184.5113,1758077184.38495,0.0,0.0,0.0,8.136,-4.0107,-7.50575,8.0,0.24,0.83,2.0
1758077184.51169,1758077184.39495,0.0,0.0,0.0,8.02141,-1.14592,-6.58902,8.0,0.24,0.83,2.0
1758077184.51629,1758077184.40495,0.0,0.0,0.0,8.70896,-0.17189,-5.78687,8.15,-0.4,0.78,2.0
1758077184.51669,1758077184.41495,0.0,0.0,0.0,9.74028,1.20321,-5.21392,8.15,-0.4,0.78,2.0
1758077184.51741,1758077184.42495,0.0,0.0,0.0,10.59972,3.09397,-4.58366,8.19,-0.58,0.43,2.0
1758077184.52317,1758077184.43495,0.0,0.0,0.0,10.8289,6.99009,-4.23989,8.59,-0.15,0.16,2.0
1758077184.52477,1758077184.44495,0.0,0.0,0.0,10.31324,9.62569,-4.23989,8.59,-0.15,0.16,2.0
1758077184.52666,1758077184.45495,0.0,0.0,0.0,9.39651,12.08941,-3.83882,8.7,0.29,0.26,2.0
1758077184.54601,1758077184.46495,0.0,0.0,0.0,8.02141,13.12073,-3.49504,8.7,0.29,0.26,2.0
1758077184.55204,1758077184.47495,0.0,0.0,0.0,4.69825,19.99623,-2.97938,8.75,0.56,0.37,2.0
1758077184.55621,1758077184.48495,0.0,0.0,0.0,2.11994,28.76248,-1.94806,8.75,0.56,0.37,2.0
1758077184.57294,1758077184.49495,0.0,0.0,0.0,-0.45837,36.89849,-0.17189,9.67,0.64,0.29,2.0
1758077184.57649,1758077184.50495,0.0,0.0,0.0,-5.55769,41.25296,1.43239,9.67,0.64,0.29,2.0
1758077184.59232,1758077184.51495,0.0,0.0,0.0,-9.85487,32.14294,2.29183,9.46,0.71,0.52,2.0
1758077184.59679,1758077184.52495,0.0,0.0,0.0,-14.66772,16.73037,3.72423,7.53,0.95,0.23,2.0
1758077184.61549,1758077184.53495,0.0,0.0,0.0,-20.68378,1.03132,3.95341,7.53,0.95,0.23,2.0
1758077184.6167,1758077184.54495,0.0,0.0,0.0,-26.81443,-18.90761,2.57831,6.63,1.3,0.15,2.0
1758077184.63211,1758077184.55495,0.0,0.0,0.0,-28.36141,-37.75792,2.23454,6.63,1.3,0.15,2.0
1758077184.63651,1758077184.56495,0.0,0.0,0.0,-26.41335,-47.61279,3.38045,7.21,0.81,-0.57,2.0
1758077184.65624,1758077184.57495,0.0,0.0,0.0,-22.86102,-44.46153,4.23989,7.21,0.81,-0.57,2.0
1758077184.65726,1758077184.58495,0.0,0.0,0.0,-17.81899,-52.65482,3.38045,10.79,0.02,-0.54,2.0
1758077184.67235,1758077184.59495,0.0,0.0,0.0,-14.9542,-57.75415,1.48969,11.45,-0.43,-1.71,2.0
1758077184.67649,1758077184.60495,0.0,0.0,0.0,-12.08941,-54.14451,2.46372,11.45,-0.43,-1.71,2.0
1758077184.69371,1758077184.61495,0.0,0.0,0.0,-10.8862,-33.51803,1.08862,13.84,-0.45,-2.21,2.0
1758077184.69675,1758077184.62495,0.0,0.0,0.0,-11.97482,-9.05273,-0.51566,13.84,-0.45,-2.21,2.0
1758077184.71236,1758077184.63495,0.0,0.0,0.0,-13.98017,-1.03132,-1.3751,13.85,-0.28,-1.51,2.0
1758077184.71645,1758077184.64495,0.0,0.0,0.0,-14.49583,2.40642,-0.45837,13.85,-0.28,-1.51,2.0
1758077184.73527,1758077184.65495,0.0,0.0,0.0,-13.34992,-0.22918,0.0,13.33,-0.34,0.91,2.0
1758077184.73648,1758077184.66495,0.0,0.0,0.0,-7.79223,-24.75178,-1.20321,13.48,-1.19,4.11,2.0
1758077184.75209,1758077184.67495,0.0,0.0,0.0,-5.21392,-39.76327,-3.83882,13.48,-1.19,4.11,2.0
1758077184.75325,1758077184.68495,0.0,0.0,0.0,-2.57831,-41.42485,-6.24524,13.67,-2.15,2.7,2.0
1758077184.7712,1758077184.69495,0.0,0.0,0.0,0.97403,-32.25753,-8.42248,13.67,-2.15,2.7,2.0
1758077184.77295,1758077184.70495,0.0,0.0,0.0,2.11994,-18.16276,-8.70896,13.57,-1.74,1.17,2.0
1758077184.79094,1758077184.71495,0.0,0.0,0.0,-0.40107,-14.03747,-7.84952,13.57,-1.74,1.17,2.0
1758077184.80651,1758077184.72495,0.0,0.0,0.0,-4.87014,-12.60507,-5.95876,11.12,-0.2,1.81,2.0
1758077184.81054,1758077184.73495,0.0,0.0,0.0,-15.69904,-15.92823,-4.23989,11.12,-0.2,1.81,2.0
1758077184.82636,1758077184.74495,0.0,0.0,0.0,-24.12152,-16.73037,-4.46907,10.4,0.88,3.69,2.0
1758077184.83054,1758077184.75495,0.0,0.0,0.0,-32.42941,-15.58445,-5.27121,10.35,1.16,3.9,2.0
1758077184.84611,1758077184.76495,0.0,0.0,0.0,-39.82057,-11.57375,-7.84952,10.35,1.16,3.9,2.0
1758077184.84999,1758077184.77495,0.0,0.0,0.0,-48.58683,-5.4431,-12.77696,10.4,0.76,3.25,2.0
1758077184.86555,1758077184.78495,0.0,0.0,0.0,-52.42564,-0.97403,-15.29797,10.4,0.76,3.25,2.0
1758077184.86633,1758077184.79495,0.0,0.0,0.0,-54.14451,3.49504,-15.92823,10.67,-0.16,2.39,2.0
1758077184.88144,1758077184.80495,0.0,0.0,0.0,-54.14451,6.7609,-14.61043,10.67,-0.16,2.39,2.0
1758077184.88639,1758077184.81495,0.0,0.0,0.0,-51.45161,11.97482,-10.08406,11.09,-1.18,1.85,2.0
1758077184.90633,1758077184.82495,0.0,0.0,0.0,-48.01387,16.21471,-6.58902,11.1,-2.07,1.45,2.0
1758077184.90992,1758077184.83495,0.0,0.0,0.0,-44.40423,20.34,-3.60963,11.1,-2.07,1.45,2.0
1758077184.92547,1758077184.84495,0.0,0.0,0.0,-40.50812,23.0902,-1.08862,10.28,-2.32,1.16,2.0
1758077184.92643,1758077184.85495,0.0,0.0,0.0,-35.2942,23.54857,1.48969,10.28,-2.32,1.16,2.0
1758077184.94145,1758077184.86495,0.0,0.0,0.0,-32.14294,23.0902,2.7502,9.24,-1.98,1.08,2.0
1758077184.94319,1758077184.87495,0.0,0.0,0.0,-29.27814,23.60586,4.0107,9.24,-1.98,1.08,2.0
1758077184.96127,1758077184.88495,0.0,0.0,0.0,-26.98631,23.89234,4.23989,8.98,-1.67,0.84,2.0
1758077184.96221,1758077184.89495,0.0,0.0,0.0,-23.54857,22.68913,4.92744,8.58,-1.53,0.53,2.0
1758077185.0318,1758077184.90495,0.0,0.0,0.0,-21.48592,21.94428,5.4431,8.58,-1.53,0.53,2.0
1758077185.03633,1758077184.91495,0.0,0.0,0.0,-19.48057,19.82434,5.72958,8.26,-1.58,0.45,2.0
1758077185.03675,1758077184.92495,0.0,0.0,0.0,-16.04282,18.22006,6.53172,8.26,-1.58,0.45,2.0
1758077185.06712,1758077184.93495,0.0,0.0,0.0,-13.69369,16.73037,6.99009,8.05,-1.67,0.39,2.0
1758077185.07645,1758077184.94495,0.0,0.0,0.0,-11.34457,15.41257,7.33386,8.05,-1.67,0.39,2.0
1758077185.08563,1758077184.95495,0.0,0.0,0.0,-9.33921,13.80828,7.39116,7.97,-1.61,0.36,2.0
1758077185.10408,1758077184.96495,0.0,0.0,0.0,-7.10468,11.11538,6.8182,7.97,-1.61,0.36,2.0
1758077185.10712,1758077184.97495,0.0,0.0,0.0,-5.61499,10.08406,6.18794,7.94,-1.39,0.3,2.0
1758077185.11712,1758077184.98495,0.0,0.0,0.0,-4.1253,9.85487,5.84417,8.2,-1.25,0.27,2.0
1758077185.14098,1758077184.99495,0.0,0.0,0.0,-2.63561,10.25595,5.15662,8.2,-1.25,0.27,2.0
1758077185.14161,1758077185.00495,0.0,0.0,0.0,-0.74485,10.59972,4.58366,8.31,-1.27,0.11,2.0
1758077185.14239,1758077185.01495,0.0,0.0,0.0,0.22918,10.8862,3.95341,8.31,-1.27,0.11,2.0
1758077185.15172,1758077185.02495,0.0,0.0,0.0,1.20321,11.51645,3.26586,8.23,-1.28,-0.11,2.0
1758077185.15215,1758077185.03495,0.0,0.0,0.0,1.94806,12.54778,2.57831,8.23,-1.28,-0.11,2.0
1758077185.15332,1758077185.04495,0.0,0.0,0.0,3.09397,15.29797,0.97403,8.36,-1.24,-0.14,2.0
1758077185.16143,1758077185.05495,0.0,0.0,0.0,3.83882,21.6578,-0.40107,8.93,-1.17,-0.28,2.0
1758077185.16315,1758077185.06495,0.0,0.0,0.0,4.52637,32.42941,-2.00535,8.93,-1.17,-0.28,2.0
1758077185.16375,1758077185.07495,0.0,0.0,0.0,5.15662,43.25832,-4.29718,9.87,-1.11,-0.32,2.0
1758077185.16661,1758077185.08495,0.0,0.0,0.0,6.87549,49.67545,-6.87549,9.87,-1.11,-0.32,2.0
1758077185.16722,1758077185.09495,0.0,0.0,0.0,9.28192,42.57077,-7.04738,8.93,-1.07,-0.17,2.0
1758077185.18566,1758077185.10495,0.0,0.0,0.0,12.49048,28.64789,-6.35983,8.93,-1.07,-0.17,2.0
1758077185.19079,1758077185.11495,0.0,0.0,0.0,16.73037,13.06344,-4.23989,7.18,-1.25,-0.43,2.0
1758077185.20633,1758077185.12495,0.0,0.0,0.0,24.29341,-11.22997,-2.23454,6.73,-1.74,-0.56,2.0
1758077185.2092,1758077185.13495,0.0,0.0,0.0,29.39274,-37.01308,-0.0573,6.73,-1.74,-0.56,2.0
1758077185.22432,1758077185.14495,0.0,0.0,0.0,32.88778,-63.94209,2.29183,5.87,-2.29,-0.33,2.0
1758077185.22556,1758077185.15495,0.0,0.0,0.0,39.3622,-60.96271,5.21392,5.87,-2.29,-0.33,2.0
1758077185.24121,1758077185.16495,0.0,0.0,0.0,43.20102,-41.25296,9.33921,11.73,-2.81,0.07,2.0
1758077185.25138,1758077185.17495,0.0,0.0,0.0,44.11775,-28.64789,9.68299,11.73,-2.81,0.07,2.0
1758077185.25334,1758077185.18495,0.0,0.0,0.0,44.23235,-25.55392,8.0787,13.8,-2.36,0.16,2.0
1758077185.27055,1758077185.19495,0.0,0.0,0.0,45.60744,-41.08107,2.86479,13.8,-2.36,-1.8,2.0
1758077185.27314,1758077185.20495,0.0,0.0,0.0,47.26902,-59.07195,-0.68755,10.99,-1.56,-1.8,2.0
1758077185.28931,1758077185.21495,0.0,0.0,0.0,49.21708,-70.41652,-1.14592,9.49,-1.07,-2.87,2.0
1758077185.3056,1758077185.22495,0.0,0.0,0.0,50.47758,-67.60902,-1.08862,9.49,-1.07,-2.87,2.0
1758077185.30654,1758077185.23495,0.0,0.0,0.0,46.52417,-47.38361,-2.57831,12.3,-0.65,-0.11,2.0
1758077185.32167,1758077185.24495,0.0,0.0,0.0,37.18496,-29.50733,-8.136,12.3,-0.65,-0.11,2.0
1758077185.32281,1758077185.25495,0.0,0.0,0.0,22.23076,-37.24226,-10.8862,15.41,1.71,3.8,2.0
1758077185.33939,1758077185.26495,0.0,0.0,0.0,12.204,-62.39511,-5.09932,15.41,1.71,3.8,2.0
1758077185.35628,1758077185.27495,0.0,0.0,0.0,0.0573,-71.16136,9.39651,15.69,2.41,3.24,2.0
1758077185.36096,1758077185.28495,0.0,0.0,0.0,-6.35983,-53.80074,17.58981,17.2,0.97,0.98,2.0
1758077185.37541,1758077185.29495,0.0,0.0,0.0,-11.28727,-31.85646,22.86102,17.2,0.97,0.98,2.0
1758077185.377,1758077185.30495,0.0,0.0,0.0,-14.66772,-16.10011,24.35071,11.66,-1.66,1.21,2.0
1758077185.39156,1758077185.31495,0.0,0.0,0.0,-14.49583,-4.1253,19.42327,11.66,-1.66,1.21,2.0
1758077185.39281,1758077185.32495,0.0,0.0,0.0,-9.05273,-3.32316,15.58445,7.3,-2.66,2.61,2.0
1758077185.41167,1758077185.33495,0.0,0.0,0.0,-0.80214,-0.85944,10.94349,7.3,-2.66,2.61,2.0
1758077185.41337,1758077185.34495,0.0,0.0,0.0,15.24068,3.95341,5.21392,8.5,-2.54,3.53,2.0
1758077185.43169,1758077185.35495,0.0,0.0,0.0,27.33009,15.41257,1.77617,11.8,-2.33,2.81,2.0
1758077185.43259,1758077185.36495,0.0,0.0,0.0,34.49206,18.22006,1.14592,11.8,-2.33,2.81,2.0
1758077185.44998,1758077185.37495,0.0,0.0,0.0,39.53409,21.37133,1.71887,13.0,-1.42,1.9,2.0
1758077185.46565,1758077185.38495,0.0,0.0,0.0,39.4195,29.73651,1.94806,13.0,-1.42,1.9,2.0
1758077185.46662,1758077185.39495,0.0,0.0,0.0,35.69527,35.63798,1.14592,12.58,-0.17,1.28,2.0
1758077185.48163,1758077185.40495,0.0,0.0,0.0,29.39274,39.4195,-0.74485,12.58,-0.17,1.28,2.0
1758077185.48259,1758077185.41495,0.0,0.0,0.0,22.05888,40.50812,-3.32316,10.29,0.52,0.86,2.0
1758077185.49874,1758077185.42495,0.0,0.0,0.0,10.37054,40.7946,-7.73493,8.4,0.52,0.73,2.0
1758077185.51729,1758077185.43495,0.0,0.0,0.0,3.49504,40.04975,-9.85487,8.4,0.82,0.73,2.0
1758077185.62031,1758077185.44495,0.0,0.0,0.0,-2.57831,38.15899,-11.74564,7.76,1.13,0.76,2.0
1758077185.62065,1758077185.45495,0.0,0.0,0.0,-7.16197,36.15364,-13.17803,7.76,1.13,0.76,2.0
1758077185.62174,1758077185.46495,0.0,0.0,0.0,-11.74564,33.05967,-14.38124,7.88,1.35,0.74,2.0
1758077185.62667,1758077185.47495,0.0,0.0,0.0,-13.34992,29.9084,-14.66772,7.88,1.35,0.74,2.0
1758077185.63163,1758077185.48495,0.0,0.0,0.0,-14.15206,26.24147,-14.49583,8.02,1.28,0.69,2.0
1758077185.63336,1758077185.49495,0.0,0.0,0.0,-14.66772,21.6578,-13.5218,8.02,1.28,0.69,2.0
1758077185.63649,1758077185.50495,0.0,0.0,0.0,-15.06879,13.12073,-11.74564,7.97,0.91,0.64,2.0
1758077185.63732,1758077185.51495,0.0,0.0,0.0,-15.87093,7.39116,-11.11538,7.73,0.4,0.59,2.0
1758077185.63863,1758077185.52495,0.0,0.0,0.0,-16.90226,3.32316,-11.22997,7.73,0.4,0.59,2.0
1758077185.64161,1758077185.53495,0.0,0.0,0.0,-18.44924,0.57296,-12.71966,7.93,0.04,0.45,2.0
1758077185.64228,1758077185.54495,0.0,0.0,0.0,-20.11082,-2.92208,-13.5791,7.93,0.04,0.45,2.0
1758077185.64656,1758077185.55495,0.0,0.0,0.0,-21.08485,-4.18259,-14.43854,8.09,-0.01,0.25,2.0
1758077185.65178,1758077185.56495,0.0,0.0,0.0,-21.37133,-5.21392,-14.43854,8.09,-0.01,0.25,2.0
1758077185.65648,1758077185.57495,0.0,0.0,0.0,-21.08485,-6.87549,-12.204,8.25,-0.03,0.15,2.0
1758077185.66138,1758077185.58495,0.0,0.0,0.0,-20.74107,-3.49504,-10.8289,8.7,-0.17,0.27,2.0
1758077185.67675,1758077185.59495,0.0,0.0,0.0,-19.70975,4.35448,-8.136,8.7,-0.17,0.27,2.0
1758077185.68169,1758077185.60495,0.0,0.0,0.0,-17.87628,13.46451,-5.32851,9.6,-0.6,0.4,2.0
1758077185.69674,1758077185.61495,0.0,0.0,0.0,-15.92823,24.12152,-2.11994,9.6,-0.6,0.4,2.0
1758077185.70201,1758077185.62495,0.0,0.0,0.0,-16.272,29.50733,-1.43239,9.62,-0.78,0.41,2.0
1758077185.7168,1758077185.63495,0.0,0.0,0.0,-17.6471,33.17426,-2.40642,9.62,-0.78,0.41,2.0
1758077185.72165,1758077185.64495,0.0,0.0,0.0,-20.05352,33.05967,-3.72423,9.49,-0.13,-0.13,2.0
1758077185.75641,1758077185.65495,0.0,0.0,0.0,-24.29341,24.63719,-4.92744,8.32,0.7,-0.32,2.0
1758077185.76164,1758077185.66495,0.0,0.0,0.0,-27.33009,14.66772,-5.90147,8.32,0.7,-0.32,2.0
1758077185.76386,1758077185.67495,0.0,0.0,0.0,-29.73651,-2.63561,-5.84417,6.71,1.18,-0.46,2.0
1758077185.77174,1758077185.68495,0.0,0.0,0.0,-30.93972,-24.98096,-4.35448,6.71,1.18,-0.46,2.0
1758077185.77286,1758077185.69495,0.0,0.0,0.0,-28.24682,-51.10783,-4.23989,5.87,1.06,-0.48,2.0
1758077185.7764,1758077185.70495,0.0,0.0,0.0,-24.75178,-59.64491,-2.57831,5.87,1.06,-0.48,2.0
1758077185.81546,1758077185.71495,0.0,0.0,0.0,-20.85567,-48.58683,3.03668,8.77,0.22,-0.57,2.0
1758077185.81666,1758077185.72495,0.0,0.0,0.0,-20.05352,-33.63263,1.3178,8.77,0.22,-0.57,2.0
1758077185.81701,1758077185.73495,0.0,0.0,0.0,-23.66316,-36.6693,-3.72423,13.03,0.22,-0.22,2.0
1758077185.81822,1758077185.74495,0.0,0.0,0.0,-25.8404,-36.61201,-7.10468,11.8,0.0,-0.51,2.0
1758077185.8343,1758077185.75495,0.0,0.0,0.0,-25.49662,-31.16891,-7.96411,11.8,0.0,-0.51,2.0
1758077185.83707,1758077185.76495,0.0,0.0,0.0,-23.0329,-20.45459,-5.72958,12.18,-0.59,-2.11,2.0
1758077185.90147,1758077185.77495,0.0,0.0,0.0,-20.68378,-4.29718,-1.83346,12.18,-0.59,-2.11,2.0
1758077185.90663,1758077185.78495,0.0,0.0,0.0,-18.33465,-2.00535,2.23454,11.56,-1.08,-2.05,2.0
1758077185.91143,1758077185.79495,0.0,0.0,0.0,-16.04282,-2.46372,6.8182,11.56,-1.08,-2.05,2.0
1758077185.91434,1758077185.80495,0.0,0.0,0.0,-10.94349,0.80214,12.89155,11.15,-1.12,-1.38,2.0
1758077185.91625,1758077185.81495,0.0,0.0,0.0,-5.15662,-1.08862,14.03747,14.39,-1.5,1.79,2.0
1758077185.91749,1758077185.82495,0.0,0.0,0.0,2.7502,-15.06879,10.37054,14.39,-1.5,1.79,2.0
1758077185.91809,1758077185.83495,0.0,0.0,0.0,10.59972,-36.21093,3.32316,15.27,-2.18,4.16,2.0
1758077185.92089,1758077185.84495,0.0,0.0,0.0,17.30333,-49.79003,-6.99009,15.27,-2.18,4.16,2.0
1758077185.93683,1758077185.85495,0.0,0.0,0.0,21.7151,-37.18496,-11.17268,14.33,-2.2,0.71,2.0
1758077185.93965,1758077185.86495,0.0,0.0,0.0,23.0902,-23.20479,-12.83425,14.33,-2.2,0.71,2.0
1758077185.95684,1758077185.87495,0.0,0.0,0.0,21.02755,-15.98552,-11.86023,12.34,-0.91,0.71,2.0
1758077185.95854,1758077185.88495,0.0,0.0,0.0,11.57375,-11.86023,-6.35983,9.69,1.13,1.85,2.0
1758077185.97387,1758077185.89495,0.0,0.0,0.0,-0.80214,-9.96947,-2.06265,9.69,1.13,1.85,2.0
1758077185.9763,1758077185.90495,0.0,0.0,0.0,-11.97482,-13.40721,2.29183,9.56,2.27,3.65,2.0
1758077185.99186,1758077185.91495,0.0,0.0,0.0,-20.3973,-15.98552,5.15662,9.56,2.27,3.65,2.0
1758077185.99602,1758077185.92495,0.0,0.0,0.0,-31.74186,-12.2613,4.58366,9.67,1.28,3.21,2.0
1758077186.01186,1758077185.93495,0.0,0.0,0.0,-38.44547,-8.25059,1.60428,9.67,1.28,3.21,2.0
1758077186.01597,1758077185.94495,0.0,0.0,0.0,-43.37291,-5.32851,-2.06265,10.17,0.71,3.28,2.0
1758077186.03188,1758077185.95495,0.0,0.0,0.0,-45.89392,-3.49504,-7.10468,10.17,0.71,3.28,2.0
1758077186.03682,1758077185.96495,0.0,0.0,0.0,-45.26366,0.34377,-7.96411,10.43,-0.23,2.28,2.0
1758077186.05582,1758077185.97495,0.0,0.0,0.0,-42.1124,3.60963,-6.8182,11.27,-1.46,1.72,2.0
1758077186.05676,1758077185.98495,0.0,0.0,0.0,-37.64333,7.73493,-4.23989,11.27,-1.46,1.72,2.0
1758077186.09138,1758077185.99495,0.0,0.0,0.0,-29.62192,15.24068,-0.0573,11.4,-2.32,1.21,2.0
1758077186.0979,1758077186.00495,0.0,0.0,0.0,-24.63719,18.79302,2.63561,11.4,-2.32,1.21,2.0
1758077186.09968,1758077186.01495,0.0,0.0,0.0,-20.16812,20.85567,5.15662,10.31,-2.43,0.86,2.0
1758077186.10297,1758077186.02495,0.0,0.0,0.0,-16.3293,21.7151,7.44845,10.31,-2.43,0.86,2.0
1758077186.10353,1758077186.03495,0.0,0.0,0.0,-11.63104,22.68913,10.37054,9.26,-1.8,0.74,2.0
1758077186.12084,1758077186.04495,0.0,0.0,0.0,-9.28192,23.49127,11.86023,8.97,-1.26,0.47,2.0
1758077186.13686,1758077186.05495,0.0,0.0,0.0,-7.62034,24.4653,13.00614,8.97,-1.26,0.47,2.0
1758077186.13868,1758077186.06495,0.0,0.0,0.0,-6.47442,25.38203,13.34992,8.88,-1.09,0.23,2.0
1758077186.1563,1758077186.07495,0.0,0.0,0.0,-5.15662,23.72045,12.89155,8.88,-1.09,0.23,2.0
1758077186.1575,1758077186.08495,0.0,0.0,0.0,-3.89611,22.63183,12.54778,8.37,-1.1,0.01,2.0
1758077186.17295,1758077186.09495,0.0,0.0,0.0,-2.57831,22.11617,11.97482,8.37,-1.1,0.01,2.0
1758077186.17622,1758077186.10495,0.0,0.0,0.0,-0.68755,21.7724,11.51645,8.25,-1.26,-0.01,2.0
1758077186.19197,1758077186.11495,0.0,0.0,0.0,2.34913,21.7151,10.65701,8.26,-1.43,0.05,2.0
1758077186.22328,1758077186.12495,0.0,0.0,0.0,4.18259,21.31403,10.02676,8.26,-1.43,0.05,2.0
1758077186.224,1758077186.13495,0.0,0.0,0.0,5.90147,20.68378,9.22462,8.24,-1.38,0.0,2.0
1758077186.23327,1758077186.14495,0.0,0.0,0.0,7.33386,20.62648,8.25059,8.24,-1.38,0.0,2.0
1758077186.23648,1758077186.15495,0.0,0.0,0.0,9.33921,21.6578,6.99009,8.45,-1.13,-0.07,2.0
1758077186.24066,1758077186.16495,0.0,0.0,0.0,10.31324,21.42862,6.24524,8.45,-1.13,-0.07,2.0
1758077186.2564,1758077186.17495,0.0,0.0,0.0,10.8862,20.51189,5.61499,8.4,-0.89,-0.19,2.0
1758077186.26159,1758077186.18495,0.0,0.0,0.0,11.00079,20.05352,4.35448,8.4,-0.89,-0.19,2.0
1758077186.27692,1758077186.19495,0.0,0.0,0.0,11.28727,19.19409,3.26586,8.35,-0.78,-0.33,2.0
1758077186.28203,1758077186.20495,0.0,0.0,0.0,11.63104,20.79837,2.34913,8.5,-0.76,-0.33,2.0
1758077186.28522,1758077186.21495,0.0,0.0,0.0,12.37589,26.81443,1.20321,8.5,-0.76,-0.33,2.0
1758077186.30672,1758077186.22495,0.0,0.0,0.0,13.23533,38.78925,-0.85944,9.35,-0.82,-0.35,2.0
1758077186.31115,1758077186.23495,0.0,0.0,0.0,14.03747,43.4875,-2.29183,9.35,-0.82,-0.35,2.0
1758077186.32665,1758077186.24495,0.0,0.0,0.0,15.24068,41.25296,-3.20856,9.08,-0.9,-0.22,2.0
1758077186.33187,1758077186.25495,0.0,0.0,0.0,16.61578,32.48671,-3.95341,9.08,-0.9,-0.22,2.0
1758077186.33579,1758077186.26495,0.0,0.0,0.0,19.53786,13.12073,-5.21392,7.57,-1.01,-0.38,2.0
1758077186.35199,1758077186.27495,0.0,0.0,0.0,22.86102,-2.40642,-5.27121,6.8,-1.22,-0.68,2.0
1758077186.35615,1758077186.28495,0.0,0.0,0.0,26.64254,-19.19409,-3.83882,6.8,-1.22,-0.68,2.0
1758077186.39298,1758077186.29495,0.0,0.0,0.0,29.73651,-44.11775,-1.77617,6.47,-1.58,-0.77,2.0
1758077186.39653,1758077186.30495,0.0,0.0,0.0,31.74186,-81.24542,2.46372,6.47,-1.58,-0.77,2.0
1758077186.39692,1758077186.31495,0.0,0.0,0.0,35.00772,-68.52576,7.39116,7.96,-2.01,-0.84,2.0
1758077186.40689,1758077186.32495,0.0,0.0,0.0,36.21093,-35.00772,13.23533,7.96,-2.01,-0.84,2.0
1758077186.41181,1758077186.33495,0.0,0.0,0.0,36.38282,-11.17268,15.0115,15.36,-2.25,0.38,2.0
1758077186.42024,1758077186.34495,0.0,0.0,0.0,35.75257,-27.73116,11.28727,11.19,-2.02,0.01,2.0
1758077186.43701,1758077186.35495,0.0,0.0,0.0,34.66395,-61.70755,7.79223,11.19,-2.02,0.01,2.0
1758077186.44113,1758077186.36495,0.0,0.0,0.0,35.2942,-75.63043,8.25059,8.76,-1.44,-2.23,2.0
1758077186.45679,1758077186.37495,0.0,0.0,0.0,33.05967,-63.25455,1.3751,8.76,-1.44,-2.23,2.0
1758077186.46065,1758077186.38495,0.0,0.0,0.0,23.54857,-49.61814,-5.78687,11.69,0.0,-1.48,2.0
1758077186.47704,1758077186.39495,0.0,0.0,0.0,24.00693,-50.3057,-6.24524,11.69,0.0,-1.48,2.0
1758077186.4787,1758077186.40495,0.0,0.0,0.0,23.31938,-37.75792,-6.53172,11.55,-0.45,-1.41,2.0
1758077186.49575,1758077186.41495,0.0,0.0,0.0,19.13679,-23.60586,-10.02676,11.55,-0.45,-1.41,2.0
1758077186.49696,1758077186.42495,0.0,0.0,0.0,12.43318,-35.63798,-6.53172,15.41,-0.44,2.46,2.0
1758077186.51201,1758077186.43495,0.0,0.0,0.0,5.61499,-51.90998,-0.97403,16.32,0.39,4.6,2.0
1758077186.51648,1758077186.44495,0.0,0.0,0.0,1.71887,-63.8275,7.67763,16.32,0.39,4.6,2.0
1758077186.53201,1758077186.45495,0.0,0.0,0.0,-0.11459,-46.00851,17.81899,14.86,0.11,0.82,2.0
1758077186.53772,1758077186.46495,0.0,0.0,0.0,0.68755,-28.59059,21.25674,14.86,0.11,0.82,2.0
1758077186.55303,1758077186.47495,0.0,0.0,0.0,3.60963,-19.25138,22.05888,11.0,-1.62,0.85,2.0
1758077186.55642,1758077186.48495,0.0,0.0,0.0,8.0787,-12.204,19.48057,11.0,-1.62,0.85,2.0
1758077186.57205,1758077186.49495,0.0,0.0,0.0,19.13679,-4.23989,12.2613,7.74,-2.45,2.76,2.0
1758077186.57377,1758077186.50495,0.0,0.0,0.0,28.476,0.0,9.05273,9.03,-1.7,3.04,2.0
1758077186.59181,1758077186.51495,0.0,0.0,0.0,37.35685,7.84952,6.70361,9.03,-1.7,3.04,2.0
1758077186.5949,1758077186.52495,0.0,0.0,0.0,45.55015,16.55848,5.95876,12.36,-1.01,2.15,2.0
1758077186.61192,1758077186.53495,0.0,0.0,0.0,52.42564,25.8404,5.78687,12.36,-1.01,2.15,2.0
1758077186.61548,1758077186.54495,0.0,0.0,0.0,53.62885,31.2262,5.90147,13.53,-0.47,1.4,2.0
1758077186.63111,1758077186.55495,0.0,0.0,0.0,51.6235,37.12767,4.69825,13.53,-0.47,1.4,2.0
1758077186.64715,1758077186.56495,0.0,0.0,0.0,47.38361,42.57077,2.06265,12.84,-0.04,0.99,2.0
1758077186.65118,1758077186.57495,0.0,0.0,0.0,38.38818,49.50356,-4.1253,10.74,-0.02,0.52,2.0
1758077186.66686,1758077186.58495,0.0,0.0,0.0,31.85646,51.5662,-8.02141,10.74,-0.02,0.52,2.0
1758077186.67041,1758077186.59495,0.0,0.0,0.0,26.35606,52.54023,-11.51645,8.94,0.25,0.66,2.0
1758077186.68583,1758077186.60495,0.0,0.0,0.0,20.22541,53.39967,-14.43854,8.94,0.25,0.66,2.0
1758077186.6897,1758077186.61495,0.0,0.0,0.0,17.87628,53.74345,-15.24068,8.53,0.82,0.91,2.0
1758077186.70511,1758077186.62495,0.0,0.0,0.0,16.90226,52.71212,-14.78231,8.53,0.82,0.91,2.0
1758077186.70682,1758077186.63495,0.0,0.0,0.0,17.01685,49.38896,-13.98017,8.54,1.23,0.89,2.0
1758077186.72511,1758077186.64495,0.0,0.0,0.0,17.81899,41.42485,-12.49048,8.54,1.23,0.89,2.0
1758077186.72681,1758077186.65495,0.0,0.0,0.0,18.27736,36.21093,-12.14671,8.42,1.12,0.78,2.0
1758077186.74696,1758077186.66495,0.0,0.0,0.0,18.44924,31.11161,-12.2613,8.27,0.73,0.64,2.0
1758077186.75689,1758077186.67495,0.0,0.0,0.0,18.27736,25.7831,-13.12073,8.27,0.73,0.64,2.0
1758077186.76012,1758077186.68495,0.0,0.0,0.0,18.27736,23.89234,-12.77696,8.21,0.21,0.64,2.0
1758077186.77716,1758077186.69495,0.0,0.0,0.0,17.93358,15.0115,-12.77696,8.21,0.21,0.64,2.0
1758077186.77883,1758077186.70495,0.0,0.0,0.0,17.47521,8.30789,-13.40721,7.42,-0.24,0.44,2.0
1758077186.7939,1758077186.71495,0.0,0.0,0.0,17.18874,6.41713,-13.12073,7.42,-0.24,0.44,2.0
1758077186.79622,1758077186.72495,0.0,0.0,0.0,17.76169,6.07335,-12.37589,8.25,-0.01,0.7,2.0
1758077186.81129,1758077186.73495,0.0,0.0,0.0,18.22006,5.27121,-10.8289,8.45,0.04,0.74,2.0
1758077186.82721,1758077186.74495,0.0,0.0,0.0,19.13679,3.83882,-8.65166,8.45,0.04,0.74,2.0
1758077186.83047,1758077186.75495,0.0,0.0,0.0,19.82434,3.49504,-5.95876,8.65,-0.11,0.77,2.0
1758077186.84591,1758077186.76495,0.0,0.0,0.0,19.42327,10.02676,-2.92208,8.65,-0.11,0.77,2.0
1758077186.84707,1758077186.77495,0.0,0.0,0.0,18.33465,19.36597,-0.68755,9.55,-0.11,0.49,2.0
1758077186.86589,1758077186.78495,0.0,0.0,0.0,16.67307,27.50197,0.85944,9.55,-0.11,0.49,2.0
1758077186.86705,1758077186.79495,0.0,0.0,0.0,14.15206,31.62727,1.77617,9.74,0.0,0.28,2.0
1758077186.88593,1758077186.80495,0.0,0.0,0.0,9.11003,26.64254,1.77617,8.53,0.27,0.05,2.0
1758077186.8871,1758077186.81495,0.0,0.0,0.0,5.32851,20.16812,1.43239,8.53,0.27,0.05,2.0
1758077186.90414,1758077186.82495,0.0,0.0,0.0,1.20321,14.83961,1.03132,8.17,0.72,-0.19,2.0
1758077186.90537,1758077186.83495,0.0,0.0,0.0,-3.83882,7.39116,0.0573,8.17,0.72,-0.19,2.0
1758077186.92018,1758077186.84495,0.0,0.0,0.0,-6.18794,-4.23989,0.57296,8.4,1.11,-0.11,2.0
1758077186.93719,1758077186.85495,0.0,0.0,0.0,-6.47442,-15.41257,2.00535,8.4,1.11,-0.11,2.0
1758077186.94093,1758077186.86495,0.0,0.0,0.0,-5.21392,-22.86102,3.03668,8.36,0.84,0.15,2.0
1758077186.95611,1758077186.87495,0.0,0.0,0.0,-3.26586,-27.50197,5.4431,9.84,0.84,-0.27,2.0
1758077186.95714,1758077186.88495,0.0,0.0,0.0,-2.40642,-26.52795,5.95876,9.84,0.42,-0.27,2.0
1758077186.97665,1758077186.89495,0.0,0.0,0.0,-1.94806,-23.49127,7.04738,11.1,0.12,0.07,2.0
1758077186.97835,1758077186.90495,0.0,0.0,0.0,-2.86479,-13.34992,8.42248,11.1,0.12,0.07,2.0
1758077186.99496,1758077186.91495,0.0,0.0,0.0,-6.41713,-8.59437,5.32851,11.93,0.08,-0.24,2.0
1758077186.99866,1758077186.92495,0.0,0.0,0.0,-8.47978,-14.38124,4.18259,11.93,0.08,-0.24,2.0
1758077187.0158,1758077186.93495,0.0,0.0,0.0,-10.02676,-14.72501,3.26586,10.38,0.08,-0.31,2.0
1758077187.01675,1758077186.94495,0.0,0.0,0.0,-10.19865,-10.94349,4.23989,10.38,0.08,-0.31,2.0
1758077187.03303,1758077186.95495,0.0,0.0,0.0,-11.28727,0.51566,7.39116,11.02,0.14,-1.02,2.0
1758077187.034,1758077186.96495,0.0,0.0,0.0,-12.89155,9.28192,10.19865,11.65,0.22,-1.23,2.0
1758077187.04905,1758077186.97495,0.0,0.0,0.0,-14.43854,14.61043,12.89155,11.65,0.22,-1.23,2.0
1758077187.06599,1758077186.98495,0.0,0.0,0.0,-14.49583,12.77696,15.12609,11.59,0.17,1.02,2.0
1758077187.06725,1758077186.99495,0.0,0.0,0.0,-8.02141,-6.58902,15.92823,11.59,0.17,1.02,2.0
1758077187.08227,1758077187.00495,0.0,0.0,0.0,0.40107,-32.83048,12.37589,13.07,-0.71,5.35,2.0
1758077187.08511,1758077187.01495,0.0,0.0,0.0,8.93814,-63.42643,4.69825,13.07,-0.71,5.35,2.0
1758077187.10137,1758077187.02495,0.0,0.0,0.0,21.14215,-67.26525,-7.16197,13.59,-1.95,5.53,2.0
1758077187.11735,1758077187.03495,0.0,0.0,0.0,30.30947,-46.98254,-11.45916,14.93,-2.28,0.37,2.0
1758077187.11825,1758077187.04495,0.0,0.0,0.0,35.92446,-35.2942,-12.204,14.93,-2.28,0.37,2.0
1758077187.13562,1758077187.05495,0.0,0.0,0.0,39.19032,-29.62192,-10.02676,9.64,-0.68,0.34,2.0
1758077187.13688,1758077187.06495,0.0,0.0,0.0,36.55471,-26.35606,-3.89611,9.64,-0.68,0.34,2.0
1758077187.1523,1758077187.07495,0.0,0.0,0.0,29.62192,-30.82513,0.40107,7.04,0.79,2.27,2.0
1758077187.15323,1758077187.08495,0.0,0.0,0.0,18.79302,-32.14294,4.1253,7.04,0.79,2.27,2.0
1758077187.17063,1758077187.09495,0.0,0.0,0.0,9.96947,-26.24147,7.33386,7.95,1.82,3.59,2.0
1758077187.18608,1758077187.10495,0.0,0.0,0.0,-0.34377,-20.11082,9.28192,9.99,2.29,4.09,2.0
1758077187.18774,1758077187.11495,0.0,0.0,0.0,-4.69825,-18.85031,8.99544,9.99,2.29,4.09,2.0
1758077187.20631,1758077187.12495,0.0,0.0,0.0,-6.7609,-15.29797,8.30789,10.1,0.9,2.03,2.0
1758077187.21047,1758077187.13495,0.0,0.0,0.0,-6.7609,-11.00079,7.50575,10.1,0.9,2.03,2.0
1758077187.22604,1758077187.14495,0.0,0.0,0.0,-2.92208,-3.95341,7.44845,10.52,-1.13,1.67,2.0
1758077187.23125,1758077187.15495,0.0,0.0,0.0,1.3178,2.92208,7.04738,10.52,-1.13,1.67,2.0
1758077187.24732,1758077187.16495,0.0,0.0,0.0,5.78687,10.8289,6.18794,10.87,-2.39,1.49,2.0
1758077187.25147,1758077187.17495,0.0,0.0,0.0,10.25595,17.18874,5.27121,10.87,-2.39,1.49,2.0
1758077187.26735,1758077187.18495,0.0,0.0,0.0,15.24068,23.60586,4.46907,10.59,-2.5,1.13,2.0
1758077187.27225,1758077187.19495,0.0,0.0,0.0,17.76169,25.7831,4.52637,9.59,-1.63,1.0,2.0
1758077187.27604,1758077187.20495,0.0,0.0,0.0,19.36597,27.78845,4.92744,9.59,-1.63,1.0,2.0
1758077187.29301,1758077187.21495,0.0,0.0,0.0,20.85567,30.13758,5.61499,9.39,-0.9,0.92,2.0
1758077187.29648,1758077187.22495,0.0,0.0,0.0,22.34536,28.30412,6.7609,9.39,-0.9,0.92,2.0
1758077187.33581,1758077187.23495,0.0,0.0,0.0,23.37668,26.75713,7.44845,9.21,-0.75,0.92,2.0
1758077187.3368,1758077187.24495,0.0,0.0,0.0,24.80907,23.72045,8.0787,9.21,-0.75,0.92,2.0
1758077187.34099,1758077187.25495,0.0,0.0,0.0,27.38738,18.33465,8.93814,9.24,-0.98,0.78,2.0
1758077187.34183,1758077187.26495,0.0,0.0,0.0,29.39274,15.41257,9.33921,9.17,-1.24,0.59,2.0
1758077187.35766,1758077187.27495,0.0,0.0,0.0,30.99702,13.23533,9.39651,9.17,-1.24,0.59,2.0
1758077187.42695,1758077187.28495,0.0,0.0,0.0,32.37212,10.48513,9.22462,9.16,-1.2,0.55,2.0
1758077187.42734,1758077187.29495,0.0,0.0,0.0,34.32018,5.4431,8.70896,9.16,-1.2,0.55,2.0
1758077187.43117,1758077187.30495,0.0,0.0,0.0,35.3515,1.71887,8.0787,8.91,-0.9,0.59,2.0
1758077187.4316,1758077187.31495,0.0,0.0,0.0,36.7266,-2.00535,7.79223,8.91,-0.9,0.59,2.0
1758077187.43354,1758077187.32495,0.0,0.0,0.0,38.44547,-5.09932,8.0787,8.83,-0.68,0.59,2.0
1758077187.43418,1758077187.33495,0.0,0.0,0.0,41.36755,-8.59437,8.76626,8.83,-0.75,0.49,2.0
1758077187.43501,1758077187.34495,0.0,0.0,0.0,43.14373,-11.34457,9.28192,8.83,-0.75,0.49,2.0
1758077187.43684,1758077187.35495,0.0,0.0,0.0,45.09178,-13.40721,9.91217,8.66,-0.94,0.26,2.0
1758077187.43839,1758077187.36495,0.0,0.0,0.0,46.40959,-14.72501,10.25595,8.66,-0.94,0.26,2.0
1758077187.456,1758077187.37495,0.0,0.0,0.0,47.49821,-15.06879,9.85487,8.78,-0.99,-0.02,2.0
1758077187.45767,1758077187.38495,0.0,0.0,0.0,48.12846,-10.59972,8.99544,8.78,-0.99,-0.02,2.0
1758077187.4735,1758077187.39495,0.0,0.0,0.0,48.52953,-1.08862,7.79223,9.47,-0.85,-0.26,2.0
1758077187.47672,1758077187.40495,0.0,0.0,0.0,48.64412,11.00079,6.47442,9.47,-0.85,-0.26,2.0
1758077187.4964,1758077187.41495,0.0,0.0,0.0,49.21708,27.1582,4.69825,10.24,-0.68,-0.24,2.0
1758077187.49815,1758077187.42495,0.0,0.0,0.0,50.2484,34.49206,4.23989,9.88,-0.67,-0.16,2.0
1758077187.51343,1758077187.43495,0.0,0.0,0.0,51.50891,36.49741,4.1253,9.88,-0.67,-0.16,2.0
1758077187.51464,1758077187.44495,0.0,0.0,0.0,53.28508,33.17426,4.0107,8.86,-0.8,-0.48,2.0
1758077187.53142,1758077187.45495,0.0,0.0,0.0,54.71747,29.9084,4.1253,8.86,-0.8,-0.48,2.0
1758077187.53317,1758077187.46495,0.0,0.0,0.0,55.57691,24.29341,4.0107,8.45,-0.92,-0.73,2.0
1758077187.55119,1758077187.47495,0.0,0.0,0.0,56.49364,15.75634,4.0107,8.45,-0.92,-0.73,2.0
1758077187.56832,1758077187.48495,0.0,0.0,0.0,57.81144,-12.83425,4.58366,7.65,-0.98,-0.47,2.0
1758077187.57077,1758077187.49495,0.0,0.0,0.0,57.58226,-39.19032,5.78687,5.8,-0.84,-0.39,2.0
1758077187.5862,1758077187.50495,0.0,0.0,0.0,56.32175,-57.63955,4.29718,5.8,-0.84,-0.39,2.0
1758077187.58931,1758077187.51495,0.0,0.0,0.0,58.4417,-47.26902,7.44845,9.02,-0.9,-0.59,2.0
1758077187.60572,1758077187.52495,0.0,0.0,0.0,57.75415,-9.28192,11.00079,9.02,-0.9,-0.59,2.0
1758077187.63481,1758077187.53495,0.0,0.0,0.0,56.66553,-0.11459,6.47442,13.27,-0.78,1.08,2.0
1758077187.6359,1758077187.54495,0.0,0.0,0.0,57.86874,-25.43933,4.64096,13.27,-0.78,1.08,2.0
1758077187.63717,1758077187.55495,0.0,0.0,0.0,58.09792,-65.66096,1.48969,7.24,-0.58,-0.05,2.0
1758077187.63967,1758077187.56495,0.0,0.0,0.0,58.90006,-88.35009,3.09397,7.73,-0.35,-1.51,2.0
1758077187.65631,1758077187.57495,0.0,0.0,0.0,58.55629,-77.63579,3.60963,7.73,-0.35,-1.51,2.0
1758077187.65933,1758077187.58495,0.0,0.0,0.0,54.60288,-66.69229,-0.85944,10.57,0.0,-1.22,2.0
1758077187.67451,1758077187.59495,0.0,0.0,0.0,55.00395,-67.89551,-2.6929,10.57,0.0,-1.22,2.0
1758077187.67694,1758077187.60495,0.0,0.0,0.0,56.37905,-56.60823,-5.50039,10.21,-0.78,-2.21,2.0
1758077187.69301,1758077187.61495,0.0,0.0,0.0,55.97798,-43.14373,-9.28192,10.21,-0.78,-2.21,2.0
1758077187.69606,1758077187.62495,0.0,0.0,0.0,54.3737,-29.67921,-13.69369,12.68,-0.95,-0.65,2.0
1758077187.71148,1758077187.63495,0.0,0.0,0.0,46.75336,-26.12688,-14.78231,12.68,-0.95,-0.65,2.0
1758077187.72748,1758077187.64495,0.0,0.0,0.0,38.84654,-48.9306,-8.88085,15.78,0.87,2.56,2.0
1758077187.73003,1758077187.65495,0.0,0.0,0.0,33.17426,-65.89015,2.63561,16.56,2.23,3.3,2.0
1758077187.7455,1758077187.66495,0.0,0.0,0.0,29.33544,-62.68159,14.78231,16.56,2.23,3.3,2.0
1758077187.74645,1758077187.67495,0.0,0.0,0.0,26.64254,-29.8511,24.57989,16.54,0.51,1.05,2.0
1758077187.76204,1758077187.68495,0.0,0.0,0.0,26.52795,-18.44924,22.68913,16.54,0.51,1.05,2.0
1758077187.76329,1758077187.69495,0.0,0.0,0.0,28.13223,-18.27736,19.48057,9.72,-2.39,1.79,2.0
1758077187.78107,1758077187.70495,0.0,0.0,0.0,32.14294,-15.29797,14.32395,9.72,-2.39,1.79,2.0
1758077187.79725,1758077187.71495,0.0,0.0,0.0,42.74266,-0.68755,4.92744,8.4,-2.02,2.42,2.0
1758077187.79961,1758077187.72495,0.0,0.0,0.0,51.50891,8.99544,0.34377,11.13,-1.27,2.38,2.0
1758077187.81534,1758077187.73495,0.0,0.0,0.0,60.27517,16.90226,-3.49504,11.13,-1.27,2.38,2.0
1758077187.81653,1758077187.74495,0.0,0.0,0.0,67.26525,23.60586,-5.95876,12.8,-0.41,1.5,2.0
1758077187.83156,1758077187.75495,0.0,0.0,0.0,72.36457,30.48136,-6.53172,12.8,-0.41,1.5,2.0
1758077187.84733,1758077187.76495,0.0,0.0,0.0,72.36457,34.66395,-5.84417,13.42,0.4,0.99,2.0
1758077187.84923,1758077187.77495,0.0,0.0,0.0,70.41652,37.87251,-4.92744,13.42,0.4,0.99,2.0
1758077187.86457,1758077187.78495,0.0,0.0,0.0,66.635,40.45082,-5.32851,12.22,0.67,0.16,2.0
1758077187.86709,1758077187.79495,0.0,0.0,0.0,58.26981,43.4875,-8.02141,9.93,0.46,-0.03,2.0
1758077187.88258,1758077187.80495,0.0,0.0,0.0,52.54023,42.68536,-10.37054,9.93,0.46,-0.03,2.0
1758077187.88665,1758077187.81495,0.0,0.0,0.0,46.86795,40.62271,-12.54778,7.87,0.56,-0.03,2.0
1758077187.90233,1758077187.82495,0.0,0.0,0.0,41.76862,40.10705,-13.86558,7.87,0.56,-0.03,2.0
1758077187.91068,1758077187.83495,0.0,0.0,0.0,35.3515,32.48671,-14.83961,6.86,1.03,0.1,2.0
1758077187.92636,1758077187.84495,0.0,0.0,0.0,32.20023,29.62192,-14.61043,6.86,1.03,0.1,2.0
1758077187.93101,1758077187.85495,0.0,0.0,0.0,29.27814,27.10091,-13.5218,7.17,1.86,0.22,2.0
1758077187.94659,1758077187.86495,0.0,0.0,0.0,25.61122,20.3973,-11.17268,7.17,1.86,0.22,2.0
1758077187.94987,1758077187.87495,0.0,0.0,0.0,23.31938,15.87093,-9.05273,7.75,1.99,0.11,2.0
1758077187.96563,1758077187.88495,0.0,0.0,0.0,20.85567,11.97482,-7.39116,8.29,1.44,0.06,2.0
1758077187.96731,1758077187.89495,0.0,0.0,0.0,18.33465,9.05273,-6.70361,8.29,1.44,0.06,2.0
1758077187.98457,1758077187.90495,0.0,0.0,0.0,16.04282,6.7609,-6.99009,8.64,0.51,-0.09,2.0
1758077187.98557,1758077187.91495,0.0,0.0,0.0,16.95955,6.58902,-6.58902,8.64,0.51,-0.09,2.0
1758077188.00036,1758077187.92495,0.0,0.0,0.0,19.07949,6.58902,-5.84417,8.67,-0.54,-0.05,2.0
1758077188.01657,1758077187.93495,0.0,0.0,0.0,22.28806,6.41713,-4.87014,8.67,-0.54,-0.05,2.0
1758077188.01758,1758077187.94495,0.0,0.0,0.0,26.52795,6.35983,-3.83882,8.46,-1.03,-0.37,2.0
1758077188.03262,1758077187.95495,0.0,0.0,0.0,28.36141,6.58902,-3.03668,8.77,-0.55,-0.78,2.0
1758077188.03357,1758077187.96495,0.0,0.0,0.0,28.87707,7.67763,-2.23454,8.77,-0.55,-0.78,2.0
1758077188.04962,1758077187.97495,0.0,0.0,0.0,28.87707,8.70896,-1.03132,9.01,0.16,-0.89,2.0
1758077188.06567,1758077187.98495,0.0,0.0,0.0,27.44468,13.06344,0.40107,9.01,0.16,-0.89,2.0
1758077188.06657,1758077187.99495,0.0,0.0,0.0,26.35606,20.51189,1.60428,9.32,0.48,-0.89,2.0
1758077188.0813,1758077188.00495,0.0,0.0,0.0,24.98096,29.8511,2.7502,9.32,0.48,-0.89,2.0
1758077188.09744,1758077188.01495,0.0,0.0,0.0,23.37668,37.75792,3.89611,9.82,0.52,-0.79,2.0
1758077188.09859,1758077188.02495,0.0,0.0,0.0,19.59516,43.4875,3.89611,9.5,0.73,-0.32,2.0
1758077188.11528,1758077188.03495,0.0,0.0,0.0,16.50119,39.99245,3.09397,9.5,0.73,-0.32,2.0
1758077188.11694,1758077188.04495,0.0,0.0,0.0,13.40721,26.24147,3.60963,8.14,1.24,-0.32,2.0
1758077188.1332,1758077188.05495,0.0,0.0,0.0,7.79223,10.65701,4.52637,8.14,1.24,-0.32,2.0
1758077188.1363,1758077188.06495,0.0,0.0,0.0,4.64096,-11.17268,6.35983,6.95,1.79,-0.05,2.0
1758077188.15252,1758077188.07495,0.0,0.0,0.0,2.7502,-23.83505,6.70361,6.95,1.79,-0.05,2.0
1758077188.1546,1758077188.08495,0.0,0.0,0.0,2.11994,-42.62806,7.16197,7.01,1.74,-0.11,2.0
1758077188.17171,1758077188.09495,0.0,0.0,0.0,5.21392,-50.99325,8.02141,7.01,1.74,-0.11,2.0
1758077188.17613,1758077188.10495,0.0,0.0,0.0,7.04738,-49.38896,8.0787,8.76,1.05,-0.16,2.0
1758077188.19169,1758077188.11495,0.0,0.0,0.0,6.70361,-53.05589,7.16197,11.07,1.07,-0.79,2.0
1758077188.20769,1758077188.12495,0.0,0.0,0.0,4.0107,-58.21251,4.58366,11.07,1.07,-0.79,2.0
1758077188.20944,1758077188.13495,0.0,0.0,0.0,0.68755,-30.59595,2.11994,12.88,1.26,-1.04,2.0
1758077188.22639,1758077188.14495,0.0,0.0,0.0,-3.95341,-13.12073,-1.48969,12.88,1.26,-1.04,2.0
1758077188.22722,1758077188.15495,0.0,0.0,0.0,-6.53172,-6.35983,-2.23454,14.01,1.46,-2.01,2.0
1758077188.24351,1758077188.16495,0.0,0.0,0.0,-8.25059,0.80214,-2.23454,14.01,1.46,-2.01,2.0
1758077188.24521,1758077188.17495,0.0,0.0,0.0,-8.0787,8.76626,1.3178,12.88,1.22,-1.14,2.0
1758077188.26073,1758077188.18495,0.0,0.0,0.0,-5.21392,7.73493,3.72423,14.06,0.62,1.07,2.0
1758077188.27646,1758077188.19495,0.0,0.0,0.0,-0.51566,-2.7502,3.09397,14.06,0.62,1.07,2.0
1758077188.27877,1758077188.20495,0.0,0.0,0.0,4.81285,-18.73572,-0.0573,14.88,-0.62,4.1,2.0
1758077188.29344,1758077188.21495,0.0,0.0,0.0,10.8289,-29.10626,-5.72958,14.88,-0.62,4.1,2.0
1758077188.29622,1758077188.22495,0.0,0.0,0.0,14.15206,-22.57454,-9.11003,14.6,-1.82,1.51,2.0
1758077188.31167,1758077188.23495,0.0,0.0,0.0,17.24603,-10.37054,-10.59972,14.6,-1.82,1.51,2.0
1758077188.32749,1758077188.24495,0.0,0.0,0.0,18.9649,-0.57296,-8.70896,12.9,-1.25,-0.51,2.0
1758077188.3282,1758077188.25495,0.0,0.0,0.0,18.33465,7.21927,-5.50039,10.36,-0.03,0.55,2.0
1758077188.34469,1758077188.26495,0.0,0.0,0.0,15.12609,6.41713,-2.11994,10.36,-0.03,0.55,2.0
1758077188.34567,1758077188.27495,0.0,0.0,0.0,9.85487,0.97403,0.11459,9.37,0.85,2.77,2.0
1758077188.36076,1758077188.28495,0.0,0.0,0.0,0.11459,-7.33386,1.83346,9.37,0.85,2.77,2.0
1758077188.37907,1758077188.29495,0.0,0.0,0.0,-6.13065,-9.62569,1.03132,9.68,0.88,3.87,2.0
1758077188.37932,1758077188.30495,0.0,0.0,0.0,-11.51645,-11.00079,-0.40107,9.68,0.88,3.87,2.0
1758077188.39358,1758077188.31495,0.0,0.0,0.0,-15.64175,-11.34457,-2.29183,9.53,0.26,3.69,2.0
1758077188.39446,1758077188.32495,0.0,0.0,0.0,-19.25138,-8.0787,-4.87014,9.53,0.26,2.75,2.0
1758077188.40948,1758077188.33495,0.0,0.0,0.0,-20.11082,-5.4431,-5.84417,9.41,-0.5,2.75,2.0
1758077188.42554,1758077188.34495,0.0,0.0,0.0,-20.11082,-1.71887,-5.90147,9.8,-0.84,1.82,2.0
1758077188.42671,1758077188.35495,0.0,0.0,0.0,-19.25138,2.57831,-5.09932,9.8,-0.84,1.82,2.0
1758077188.44156,1758077188.36495,0.0,0.0,0.0,-16.61578,10.71431,-2.23454,10.78,-1.08,1.51,2.0
1758077188.45774,1758077188.37495,0.0,0.0,0.0,-14.43854,16.3293,0.0573,10.78,-1.08,1.51,2.0
1758077188.45818,1758077188.38495,0.0,0.0,0.0,-12.71966,20.74107,2.23454,11.15,-1.16,1.2,2.0
1758077188.47356,1758077188.39495,0.0,0.0,0.0,-11.57375,24.00693,3.66693,11.15,-1.16,1.2,2.0
1758077188.47497,1758077188.40495,0.0,0.0,0.0,-10.08406,25.89769,4.92744,10.19,-1.03,1.02,2.0
1758077188.49185,1758077188.41495,0.0,0.0,0.0,-9.33921,26.06958,5.32851,9.35,-0.96,0.87,2.0
1758077188.50776,1758077188.42495,0.0,0.0,0.0,-8.70896,26.41335,5.72958,9.35,-0.96,0.87,2.0
1758077188.5082,1758077188.43495,0.0,0.0,0.0,-7.96411,26.98631,6.35983,9.07,-1.14,0.67,2.0
1758077188.52474,1758077188.44495,0.0,0.0,0.0,-7.21927,27.04361,6.8182,9.07,-1.14,0.67,2.0
1758077188.52569,1758077188.45495,0.0,0.0,0.0,-6.41713,25.8404,7.44845,8.72,-1.3,0.53,2.0
1758077188.54075,1758077188.46495,0.0,0.0,0.0,-5.61499,24.86637,7.67763,8.72,-1.3,0.53,2.0
1758077188.55654,1758077188.47495,0.0,0.0,0.0,-3.32316,22.86102,8.02141,8.37,-1.27,0.42,2.0
1758077188.55712,1758077188.48495,0.0,0.0,0.0,-2.34913,21.94428,7.10468,8.38,-1.05,0.33,2.0
1758077188.57678,1758077188.49495,0.0,0.0,0.0,-1.48969,18.9649,6.58902,8.38,-1.05,0.33,2.0
1758077188.57725,1758077188.50495,0.0,0.0,0.0,-0.74485,16.21471,5.84417,8.17,-0.75,0.23,2.0
1758077188.59683,1758077188.51495,0.0,0.0,0.0,0.51566,12.43318,5.4431,8.17,-0.75,0.23,2.0
1758077188.59728,1758077188.52495,0.0,0.0,0.0,1.3178,10.25595,5.32851,8.23,-0.71,0.2,2.0
1758077188.61688,1758077188.53495,0.0,0.0,0.0,2.23454,8.65166,5.15662,8.23,-0.71,0.2,2.0
1758077188.61727,1758077188.54495,0.0,0.0,0.0,2.92208,7.16197,4.98473,8.19,-0.79,0.14,2.0
1758077188.63358,1758077188.55495,0.0,0.0,0.0,4.23989,5.55769,5.09932,8.2,-0.79,0.05,2.0
1758077188.63663,1758077188.56495,0.0,0.0,0.0,5.78687,5.21392,5.4431,8.2,-0.98,0.05,2.0
1758077188.65191,1758077188.57495,0.0,0.0,0.0,7.44845,6.13065,6.18794,8.34,-1.22,-0.07,2.0
1758077188.6536,1758077188.58495,0.0,0.0,0.0,8.99544,10.08406,6.13065,8.34,-1.22,-0.07,2.0
1758077188.66881,1758077188.59495,0.0,0.0,0.0,10.8289,19.59516,5.15662,8.79,-1.26,-0.25,2.0
1758077188.68665,1758077188.60495,0.0,0.0,0.0,11.34457,27.33009,4.0107,8.79,-1.26,-0.25,2.0
1758077188.68946,1758077188.61495,0.0,0.0,0.0,11.51645,34.43476,2.34913,9.06,-1.06,-0.29,2.0
1758077188.70461,1758077188.62495,0.0,0.0,0.0,11.28727,39.64868,-0.45837,9.06,-1.06,-0.29,2.0
1758077188.70661,1758077188.63495,0.0,0.0,0.0,11.28727,39.99245,-4.52637,9.01,-0.65,-0.22,2.0
1758077188.72189,1758077188.64495,0.0,0.0,0.0,12.83425,34.72124,-6.58902,8.5,-0.52,0.19,2.0
1758077188.72302,1758077188.65495,0.0,0.0,0.0,15.64175,24.57989,-6.53172,8.5,-0.52,0.19,2.0
1758077188.73823,1758077188.66495,0.0,0.0,0.0,18.9649,9.62569,-4.81285,7.77,-0.96,0.53,2.0
1758077188.7556,1758077188.67495,0.0,0.0,0.0,25.21014,-14.09476,-3.26586,7.77,-0.96,0.53,2.0
1758077188.75685,1758077188.68495,0.0,0.0,0.0,29.67921,-29.04896,-0.97403,7.79,-1.77,0.55,2.0
1758077188.77168,1758077188.69495,0.0,0.0,0.0,34.32018,-45.03448,2.40642,7.79,-1.77,0.55,2.0
1758077188.77332,1758077188.70495,0.0,0.0,0.0,39.4768,-72.47916,6.99009,8.5,-2.48,0.22,2.0
1758077188.78984,1758077188.71495,0.0,0.0,0.0,40.96649,-79.98491,8.136,9.81,-2.31,-0.58,2.0
1758077188.80564,1758077188.72495,0.0,0.0,0.0,41.42485,-72.0208,6.41713,9.81,-2.31,-0.58,2.0
1758077188.80683,1758077188.73495,0.0,0.0,0.0,39.99245,-56.89471,2.7502,12.99,-1.04,-0.9,2.0
1758077188.82642,1758077188.74495,0.0,0.0,0.0,26.98631,-17.36062,-13.00614,12.99,-1.04,-0.9,2.0
1758077188.83004,1758077188.75495,0.0,0.0,0.0,27.61657,-17.30333,-15.92823,13.24,1.31,-1.04,2.0
1758077188.84564,1758077188.76495,0.0,0.0,0.0,28.64789,-29.8511,-18.10547,13.24,1.31,-1.04,2.0
1758077188.84683,1758077188.77495,0.0,0.0,0.0,29.33544,-42.57077,-18.9649,10.55,0.11,-1.64,2.0
1758077188.86166,1758077188.78495,0.0,0.0,0.0,26.81443,-48.41494,-15.98552,14.03,0.06,3.08,2.0
1758077188.86283,1758077188.79495,0.0,0.0,0.0,21.7724,-47.09713,-12.43318,14.03,0.06,3.08,2.0
1758077188.87916,1758077188.80495,0.0,0.0,0.0,16.38659,-54.08722,-3.55234,17.38,0.45,4.26,2.0
1758077188.89582,1758077188.81495,0.0,0.0,0.0,9.85487,-70.58841,6.18794,17.38,0.45,4.26,2.0
1758077188.89689,1758077188.82495,0.0,0.0,0.0,2.40642,-67.03606,14.83961,13.44,0.08,1.93,2.0
