timeStamp,motor_angle_L_uint16,motor_angle_L_float,motor_angle_R_uint16,motor_angle_R_float,motor_vel_L_int16,motor_vel_L_float,motor_vel_R_int16,motor_vel_R_float,flag_num
1758089393.75524,34534.0,189.70383,43237.0,237.51157,-829.0,-23.02778,0.0,0.0,3.0
1758089393.75599,34578.0,189.94553,43237.0,237.51157,-868.0,-24.11111,-6.0,-0.16667,3.0
1758089393.77201,34620.0,190.17624,43236.0,237.50607,-797.0,-22.13889,-27.0,-0.75,3.0
1758089393.78902,34664.0,190.41794,43233.0,237.48959,-914.0,-25.38889,-89.0,-2.47222,3.0
1758089393.78986,34716.0,190.7036,43225.0,237.44565,-1124.0,-31.22222,-213.0,-5.91667,3.0
1758089393.80527,34776.0,191.03319,43208.0,237.35226,-1226.0,-34.05556,-485.0,-13.47222,3.0
1758089393.80604,34846.0,191.41771,43174.0,237.1655,-1474.0,-40.94444,-781.0,-21.69444,3.0
1758089393.82123,34924.0,191.84618,43132.0,236.93475,-1603.0,-44.52778,-835.0,-23.19444,3.0
1758089393.83809,35009.0,192.31313,43091.0,236.70953,-1625.0,-45.13889,-763.0,-21.19444,3.0
1758089393.83882,35089.0,192.75258,43062.0,236.55023,-1525.0,-42.36111,-390.0,-10.83333,3.0
1758089393.85424,35158.0,193.13161,43054.0,236.50629,-1198.0,-33.27778,13.0,0.36111,3.0
1758089393.85552,35212.0,193.42825,43056.0,236.51727,-945.0,-26.25,7.0,0.19444,3.0
1758089393.87247,35249.0,193.6315,43056.0,236.51727,-595.0,-16.52778,0.0,0.0,3.0
1758089393.88823,35266.0,193.72488,43056.0,236.51727,-139.0,-3.86111,0.0,0.0,3.0
1758089393.88906,35267.0,193.73038,43056.0,236.51727,0.0,0.0,0.0,0.0,3.0
1758089393.90434,35267.0,193.73038,43056.0,236.51727,0.0,0.0,0.0,0.0,3.0
1758089393.90553,35267.0,193.73038,43056.0,236.51727,0.0,0.0,0.0,0.0,3.0
1758089393.9213,35267.0,193.73038,43056.0,236.51727,0.0,0.0,0.0,0.0,3.0
1758089393.93732,35267.0,193.73038,43056.0,236.51727,7.0,0.19444,0.0,0.0,3.0
1758089393.93812,35267.0,193.73038,43056.0,236.51727,0.0,0.0,0.0,0.0,3.0
1758089393.95335,35266.0,193.72488,43055.0,236.51178,13.0,0.36111,-2.0,-0.05556,3.0
1758089393.96928,35266.0,193.72488,43055.0,236.51178,9.0,0.25,-5.0,-0.13889,3.0
1758089393.97013,35265.0,193.71939,43055.0,236.51178,9.0,0.25,-4.0,-0.11111,3.0
1758089393.98533,35265.0,193.71939,43054.0,236.50629,17.0,0.47222,-16.0,-0.44444,3.0
1758089393.98612,35263.0,193.7084,43052.0,236.4953,19.0,0.52778,-47.0,-1.30556,3.0
1758089394.00129,35262.0,193.70291,43047.0,236.46783,18.0,0.5,-160.0,-4.44444,3.0
1758089394.01734,35261.0,193.69742,43029.0,236.36896,14.0,0.38889,-543.0,-15.08333,3.0
1758089394.01813,35261.0,193.69742,42989.0,236.14923,0.0,0.0,-976.0,-27.11111,3.0
1758089394.03327,35261.0,193.69742,42919.0,235.76471,0.0,0.0,-1702.0,-47.27778,3.0
1758089394.04927,35261.0,193.69742,42814.0,235.18791,0.0,0.0,-2394.0,-66.5,3.0
1758089394.04994,35261.0,193.69742,42672.0,234.40788,0.0,0.0,-3092.0,-85.88889,3.0
1758089394.06969,35261.0,193.69742,42496.0,233.44106,0.0,0.0,-3723.0,-103.41666,3.0
1758089394.07011,35261.0,193.69742,42293.0,232.32593,0.0,0.0,-4185.0,-116.25,3.0
1758089394.08968,35261.0,193.69742,42069.0,231.09544,0.0,0.0,-4558.0,-126.61111,3.0
1758089394.09007,35261.0,193.69742,41828.0,229.77156,0.0,0.0,-4919.0,-136.63889,3.0
1758089394.10692,35261.0,193.69742,41566.0,228.33234,0.0,0.0,-5281.0,-146.69444,3.0
1758089394.10755,35261.0,193.69742,41291.0,226.82169,0.0,0.0,-5473.0,-152.02777,3.0
1758089394.12411,35261.0,193.69742,41008.0,225.26711,0.0,0.0,-5692.0,-158.11111,3.0
1758089394.12776,35262.0,193.70291,40712.0,223.64111,-2.0,-0.05556,-5936.0,-164.88889,3.0
1758089394.15453,35263.0,193.7084,40410.0,221.98215,-38.0,-1.05556,-5907.0,-164.08333,3.0
1758089394.15941,35267.0,193.73038,40112.0,220.34517,-152.0,-4.22222,-5962.0,-165.61111,3.0
1758089394.163,35282.0,193.81277,39800.0,218.63126,-361.0,-10.02778,-6178.0,-171.61111,3.0
1758089394.17834,35314.0,193.98856,39484.0,216.8954,-868.0,-24.11111,-6252.0,-173.66667,3.0
1758089394.17915,35374.0,194.31815,39165.0,215.14305,-1380.0,-38.33333,-6314.0,-175.38889,3.0
1758089394.19439,35454.0,194.7576,38848.0,213.4017,-1767.0,-49.08333,-6189.0,-171.91667,3.0
1758089394.19558,35556.0,195.31792,38545.0,211.73724,-2163.0,-60.08333,-5748.0,-159.66667,3.0
1758089394.21214,35678.0,195.98808,38268.0,210.21561,-2561.0,-71.13889,-5281.0,-146.69444,3.0
1758089394.22836,35819.0,196.76265,38014.0,208.82031,-2920.0,-81.11111,-4837.0,-134.36111,3.0
1758089394.22914,35978.0,197.63608,37786.0,207.56787,-3305.0,-91.80556,-4275.0,-118.75,3.0
1758089394.24435,36159.0,198.63034,37586.0,206.46922,-3739.0,-103.86111,-3717.0,-103.25,3.0
1758089394.24563,36361.0,199.73999,37416.0,205.53535,-4184.0,-116.22222,-3159.0,-87.75,3.0
1758089394.26227,36586.0,200.97597,37271.0,204.73885,-4634.0,-128.72223,-2600.0,-72.22222,3.0
1758089394.27926,36830.0,202.31631,37154.0,204.09613,-4987.0,-138.52777,-2047.0,-56.86111,3.0
1758089394.27998,37095.0,203.77203,37066.0,203.61273,-5414.0,-150.38889,-1493.0,-41.47222,3.0
1758089394.29623,37383.0,205.35408,37008.0,203.29413,-5885.0,-163.47223,-912.0,-25.33333,3.0
1758089394.29696,37690.0,207.04051,36974.0,203.10733,-6175.0,-171.52777,-502.0,-13.94444,3.0
1758089394.31242,38010.0,208.79834,36953.0,202.99197,-6458.0,-179.38889,-320.0,-8.88889,3.0
1758089394.32839,38353.0,210.68254,36939.0,202.91507,-6836.0,-189.88889,-201.0,-5.58333,3.0
1758089394.32915,38700.0,212.58868,36935.0,202.8931,-6853.0,-190.36111,-12.0,-0.33333,3.0
1758089394.34439,39055.0,214.5388,36934.0,202.8876,-7183.0,-199.52777,-26.0,-0.72222,3.0
1758089394.34562,39423.0,216.56032,36930.0,202.86563,-7297.0,-202.69444,-146.0,-4.05556,3.0
1758089394.36144,39797.0,218.61478,36915.0,202.78323,-7494.0,-208.16667,-425.0,-11.80556,3.0
1758089394.37742,40185.0,220.74617,36887.0,202.62943,-7789.0,-216.36111,-674.0,-18.72222,3.0
1758089394.37883,40577.0,222.89954,36840.0,202.37125,-7743.0,-215.08333,-1074.0,-29.83333,3.0
1758089394.39502,40973.0,225.07484,36775.0,202.01419,-7840.0,-217.77777,-1405.0,-39.02778,3.0
1758089394.39565,41365.0,227.22821,36696.0,201.58022,-7590.0,-210.83333,-1693.0,-47.02778,3.0
1758089394.41137,41737.0,229.27168,36604.0,201.07484,-7209.0,-200.25,-1865.0,-51.80556,3.0
1758089394.42748,42087.0,231.19432,36502.0,200.51454,-6621.0,-183.91667,-2111.0,-58.63889,3.0
1758089394.42819,42404.0,232.93568,36389.0,199.8938,-6035.0,-167.63889,-2307.0,-64.08334,3.0
1758089394.44344,42697.0,234.54521,36266.0,199.21814,-5636.0,-156.55556,-2560.0,-71.11111,3.0
1758089394.45944,42960.0,235.98993,36140.0,198.52597,-4805.0,-133.47223,-2397.0,-66.58334,3.0
1758089394.46059,43179.0,237.19296,36020.0,197.86679,-4031.0,-111.97222,-2394.0,-66.5,3.0
1758089394.47582,43364.0,238.2092,35897.0,197.19112,-3411.0,-94.75,-2510.0,-69.72222,3.0
1758089394.47622,43525.0,239.09361,35762.0,196.44954,-3034.0,-84.27778,-2789.0,-77.47222,3.0
1758089394.49142,43671.0,239.89563,35609.0,195.60905,-2770.0,-76.94444,-3210.0,-89.16666,3.0
1758089394.5074,43807.0,240.6427,35432.0,194.63675,-2645.0,-73.47222,-3699.0,-102.75,3.0
1758089394.50808,43937.0,241.35684,35231.0,193.53262,-2526.0,-70.16666,-4164.0,-115.66666,3.0
1758089394.52343,44061.0,242.03799,35009.0,192.31313,-2384.0,-66.22222,-4482.0,-124.5,3.0
1758089394.53951,44176.0,242.66972,34774.0,191.0222,-2203.0,-61.19444,-4699.0,-130.52777,3.0
1758089394.54026,44283.0,243.25749,34529.0,189.67636,-2001.0,-55.58333,-4909.0,-136.36111,3.0
1758089394.55552,44377.0,243.77385,34275.0,188.28107,-1717.0,-47.69444,-5028.0,-139.66667,3.0
1758089394.55628,44454.0,244.19685,34021.0,186.88579,-1382.0,-38.38889,-4940.0,-137.22223,3.0
1758089394.57145,44512.0,244.51546,33773.0,185.52347,-996.0,-27.66667,-4842.0,-134.5,3.0
1758089394.58751,44550.0,244.7242,33532.0,184.19958,-614.0,-17.05556,-4738.0,-131.61111,3.0
1758089394.58826,44573.0,244.85054,33300.0,182.92516,-377.0,-10.47222,-4518.0,-125.5,3.0
1758089394.60348,44583.0,244.90547,33082.0,181.72762,-86.0,-2.38889,-4124.0,-114.55556,3.0
1758089394.61954,44584.0,244.91096,32885.0,180.64545,0.0,0.0,-3717.0,-103.25,3.0
1758089394.62029,44583.0,244.90547,32711.0,179.68964,10.0,0.27778,-3174.0,-88.16666,3.0
1758089394.63553,44582.0,244.89998,32570.0,178.91508,45.0,1.25,-2446.0,-67.94444,3.0
1758089394.63635,44577.0,244.87251,32473.0,178.38225,137.0,3.80556,-1479.0,-41.08333,3.0
1758089394.6515,44567.0,244.81758,32428.0,178.13504,224.0,6.22222,-431.0,-11.97222,3.0
1758089394.66752,44554.0,244.74617,32432.0,178.15701,293.0,8.13889,301.0,8.36111,3.0
1758089394.66871,44527.0,244.59785,32461.0,178.31633,750.0,20.83333,859.0,23.86111,3.0
1758089394.68352,44470.0,244.28474,32530.0,178.69536,1420.0,39.44444,1717.0,47.69444,3.0
1758089394.6995,44377.0,243.77385,32641.0,179.3051,2083.0,57.86111,2510.0,69.72222,3.0
1758089394.70068,44251.0,243.08171,32786.0,180.10162,2701.0,75.02778,3092.0,85.88889,3.0
1758089394.71553,44103.0,242.26871,32952.0,181.0135,3063.0,85.08334,3337.0,92.69444,3.0
1758089394.71646,43939.0,241.36783,33122.0,181.94734,3279.0,91.08334,3315.0,92.08334,3.0
1758089394.73154,43771.0,240.44495,33284.0,182.83727,3312.0,92.0,3068.0,85.22222,3.0
1758089394.74828,43607.0,239.54405,33428.0,183.6283,3158.0,87.72222,2653.0,73.69444,3.0
1758089394.74897,43453.0,238.6981,33552.0,184.30945,2921.0,81.13889,2295.0,63.75,3.0
1758089394.76453,43312.0,237.92355,33656.0,184.88074,2656.0,73.77778,1891.0,52.52778,3.0
1758089394.76583,43183.0,237.21494,33744.0,185.36417,2481.0,68.91666,1602.0,44.5,3.0
1758089394.78159,43051.0,236.48981,33829.0,185.83109,2688.0,74.66666,1740.0,48.33333,3.0
1758089394.79845,42908.0,235.70428,33924.0,186.35295,2959.0,82.19444,2054.0,57.05556,3.0
1758089394.79914,42755.0,234.86382,34041.0,186.99565,3062.0,85.05556,2434.0,67.61111,3.0
1758089394.81459,42601.0,234.01784,34166.0,187.6823,2963.0,82.30556,2433.0,67.58334,3.0
1758089394.81589,42462.0,233.25429,34279.0,188.30304,2568.0,71.33334,1999.0,55.52778,3.0
1758089394.83162,42346.0,232.61707,34366.0,188.78094,2056.0,57.11111,1469.0,40.80556,3.0
1758089394.84757,42258.0,232.13367,34423.0,189.09406,1517.0,42.13889,912.0,25.33333,3.0
1758089394.8484,42194.0,231.7821,34458.0,189.28635,1052.0,29.22222,511.0,14.19444,3.0
1758089394.86354,42148.0,231.52942,34477.0,189.39072,791.0,21.97222,297.0,8.25,3.0
1758089394.87963,42114.0,231.34265,34490.0,189.46213,620.0,17.22222,219.0,6.08333,3.0
1758089394.88196,42085.0,231.18333,34500.0,189.51706,511.0,14.19444,161.0,4.47222,3.0
1758089394.89787,42062.0,231.05699,34510.0,189.57199,423.0,11.75,179.0,4.97222,3.0
1758089394.89842,42037.0,230.91966,34521.0,189.63242,572.0,15.88889,241.0,6.69444,3.0
1758089394.91362,41999.0,230.71092,34535.0,189.70932,862.0,23.94444,299.0,8.30556,3.0
1758089394.92964,41950.0,230.44176,34555.0,189.81918,1065.0,29.58333,476.0,13.22222,3.0
1758089394.93041,41888.0,230.10118,34585.0,189.98398,1355.0,37.63889,626.0,17.38889,3.0
1758089394.94565,41810.0,229.67268,34619.0,190.17075,1631.0,45.30556,660.0,18.33333,3.0
1758089394.94728,41719.0,229.17281,34649.0,190.33554,1920.0,53.33333,487.0,13.52778,3.0
1758089394.96265,41617.0,228.6125,34670.0,190.4509,2115.0,58.75,383.0,10.63889,3.0
1758089394.9786,41505.0,227.99725,34686.0,190.53879,2284.0,63.44444,260.0,7.22222,3.0
1758089394.97926,41383.0,227.32709,34700.0,190.61571,2495.0,69.30556,274.0,7.61111,3.0
1758089394.99467,41247.0,226.57999,34713.0,190.68712,2775.0,77.08334,298.0,8.27778,3.0
1758089394.99597,41097.0,225.75601,34732.0,190.79149,3096.0,86.0,395.0,10.97222,3.0
1758089395.01165,40932.0,224.84962,34757.0,190.92882,3423.0,95.08334,503.0,13.97222,3.0
1758089395.02771,40750.0,223.84985,34783.0,191.07164,3722.0,103.38889,597.0,16.58333,3.0
1758089395.02881,40550.0,222.75119,34822.0,191.28587,4114.0,114.27778,878.0,24.38889,3.0
1758089395.04366,40335.0,221.57016,34875.0,191.57701,4383.0,121.75,1197.0,33.25,3.0
1758089395.0597,40103.0,220.29573,34942.0,191.94505,4720.0,131.11111,1441.0,40.02778,3.0
1758089395.06045,39857.0,218.94438,35024.0,192.39552,5012.0,139.22223,1756.0,48.77778,3.0
1758089395.0757,39598.0,217.52164,35121.0,192.92836,5159.0,143.30556,2043.0,56.75,3.0
1758089395.07643,39332.0,216.06044,35232.0,193.53812,5342.0,148.38889,2306.0,64.05556,3.0
1758089395.09161,39057.0,214.54979,35357.0,194.22476,5451.0,151.41667,2585.0,71.80556,3.0
1758089395.10768,38782.0,213.03912,35494.0,194.97734,5397.0,149.91667,2765.0,76.80556,3.0
1758089395.10851,38515.0,211.57243,35639.0,195.77385,5221.0,145.02777,2920.0,81.11111,3.0
1758089395.1238,38258.0,210.16068,35789.0,196.59785,4926.0,136.83333,3050.0,84.72222,3.0
1758089395.13968,38019.0,208.84781,35948.0,197.47127,4517.0,125.47222,3182.0,88.38889,3.0
1758089395.14046,37800.0,207.64478,36117.0,198.39963,4186.0,116.27778,3445.0,95.69444,3.0
1758089395.1557,37599.0,206.54063,36302.0,199.41589,3866.0,107.38889,3843.0,106.75,3.0
1758089395.15824,37410.0,205.5024,36509.0,200.55299,3644.0,101.22222,4203.0,116.75,3.0
1758089395.17383,37234.0,204.53558,36735.0,201.79445,3375.0,93.75,4711.0,130.86111,3.0
1758089395.18973,37071.0,203.6402,36989.0,203.18973,3098.0,86.05556,5287.0,146.86111,3.0
1758089395.19053,36920.0,202.8107,37274.0,204.75533,2878.0,79.94444,5902.0,163.94444,3.0
1758089395.20571,36783.0,202.05814,37590.0,206.4912,2606.0,72.38889,6462.0,179.5,3.0
1758089395.20653,36662.0,201.39345,37934.0,208.38086,2249.0,62.47222,7068.0,196.33333,3.0
1758089395.22168,36558.0,200.82216,38304.0,210.41338,1898.0,52.72222,7470.0,207.5,3.0
1758089395.23854,36472.0,200.34973,38690.0,212.53375,1522.0,42.27778,7793.0,216.47223,3.0
1758089395.23928,36407.0,199.99268,39099.0,214.7805,1122.0,31.16667,8234.0,228.72223,3.0
1758089395.25557,36362.0,199.74548,39523.0,217.10963,657.0,18.25,8505.0,236.25,3.0
1758089395.25674,36339.0,199.61914,39961.0,219.51567,303.0,8.41667,8757.0,243.25,3.0
1758089395.27289,36332.0,199.58069,40401.0,221.93271,58.0,1.61111,8752.0,243.11111,3.0
1758089395.28878,36331.0,199.5752,40847.0,224.38271,0.0,0.0,8923.0,247.86111,3.0
1758089395.28954,36331.0,199.5752,41295.0,226.84366,0.0,0.0,8867.0,246.30556,3.0
1758089395.30555,36331.0,199.5752,41743.0,229.30464,3.0,0.08333,8865.0,246.25,3.0
1758089395.3068,36330.0,199.5697,42182.0,231.71619,20.0,0.55556,8553.0,237.58333,3.0
1758089395.32274,36330.0,199.5697,42600.0,234.01234,0.0,0.0,7962.0,221.16667,3.0
1758089395.33875,36330.0,199.5697,42982.0,236.11078,0.0,0.0,7178.0,199.38889,3.0
1758089395.34036,36330.0,199.5697,43329.0,238.01694,0.0,0.0,6666.0,185.16667,3.0
1758089395.35574,36329.0,199.56421,43650.0,239.78027,44.0,1.22222,6102.0,169.5,3.0
1758089395.35652,36322.0,199.52576,43947.0,241.41177,226.0,6.27778,5676.0,157.66667,3.0
1758089395.37175,36301.0,199.4104,44227.0,242.94987,592.0,16.44444,5442.0,151.16667,3.0
1758089395.38777,36255.0,199.15771,44497.0,244.43306,1247.0,34.63889,5311.0,147.52777,3.0
1758089395.38853,36174.0,198.71274,44760.0,245.87778,1922.0,53.38889,5117.0,142.13889,3.0
1758089395.40458,36056.0,198.06454,45014.0,247.27307,2600.0,72.22222,4931.0,136.97223,3.0
1758089395.40582,35908.0,197.25154,45258.0,248.61342,3163.0,87.86111,4676.0,129.88889,3.0
1758089395.42373,35733.0,196.29024,45485.0,249.86038,3636.0,101.0,4287.0,119.08334,3.0
1758089395.43875,35538.0,195.21904,45689.0,250.98099,3956.0,109.88889,3809.0,105.80556,3.0
1758089395.43956,35334.0,194.09842,45866.0,251.95331,4096.0,113.77778,3245.0,90.13889,3.0
1758089395.4555,35129.0,192.97231,46013.0,252.76082,4050.0,112.5,2651.0,73.63889,3.0
1758089395.45755,34924.0,191.84618,46130.0,253.40352,4056.0,112.66666,2055.0,57.08333,3.0
1758089395.47395,34720.0,190.72557,46219.0,253.89244,4016.0,111.55556,1521.0,42.25,3.0
1758089395.48988,34519.0,189.62143,46282.0,254.23851,3959.0,109.97222,1090.0,30.27778,3.0
1758089395.49138,34320.0,188.52826,46328.0,254.4912,3901.0,108.36111,770.0,21.38889,3.0
1758089395.50798,34124.0,187.45158,46358.0,254.65599,3827.0,106.30556,487.0,13.52778,3.0
1758089395.50836,33929.0,186.38042,46376.0,254.75487,3818.0,106.05556,303.0,8.41667,3.0
1758089395.52384,33738.0,185.33121,46389.0,254.82628,3757.0,104.36111,212.0,5.88889,3.0
1758089395.54137,33553.0,184.31494,46400.0,254.8867,3569.0,99.13889,211.0,5.86111,3.0
1758089395.54339,33390.0,183.41954,46401.0,254.8922,2920.0,81.11111,-6.0,-0.16667,3.0
1758089395.56039,33271.0,182.76585,46398.0,254.87572,1933.0,53.69444,-48.0,-1.33333,3.0
1758089395.57795,33212.0,182.44176,46391.0,254.83727,586.0,16.27778,-216.0,-6.0,3.0
1758089395.5781,33215.0,182.45824,46369.0,254.71642,-373.0,-10.36111,-607.0,-16.86111,3.0
1758089395.57831,33256.0,182.68346,46319.0,254.44176,-1149.0,-31.91667,-1226.0,-34.05556,3.0
1758089395.59395,33335.0,183.11742,46242.0,254.01878,-1823.0,-50.63889,-1676.0,-46.55556,3.0
1758089395.60993,33444.0,183.71619,46142.0,253.46944,-2356.0,-65.44444,-2148.0,-59.66667,3.0
1758089395.61145,33575.0,184.43579,46022.0,252.81026,-2711.0,-75.30556,-2536.0,-70.44444,3.0
1758089395.62726,33718.0,185.22134,45887.0,252.06866,-2844.0,-79.0,-2727.0,-75.75,3.0
1758089395.62771,33863.0,186.01785,45746.0,251.29413,-2834.0,-78.72222,-2808.0,-78.0,3.0
1758089395.64288,34004.0,186.7924,45602.0,250.50308,-2729.0,-75.80556,-2856.0,-79.33334,3.0
1758089395.65888,34137.0,187.52299,45458.0,249.71207,-2507.0,-69.63889,-2831.0,-78.63889,3.0
1758089395.65962,34260.0,188.19867,45313.0,248.91554,-2407.0,-66.86111,-2896.0,-80.44444,3.0
1758089395.67485,34392.0,188.92377,45157.0,248.05859,-2690.0,-74.72222,-3273.0,-90.91666,3.0
1758089395.6761,34535.0,189.70932,44976.0,247.06433,-2808.0,-78.0,-3825.0,-106.25,3.0
1758089395.69179,34674.0,190.47287,44762.0,245.88876,-2704.0,-75.11111,-4511.0,-125.30556,3.0
1758089395.70791,34809.0,191.21446,44503.0,244.46602,-2621.0,-72.80556,-5589.0,-155.25,3.0
1758089395.70868,34943.0,191.95055,44186.0,242.72466,-2661.0,-73.91666,-6595.0,-183.19444,3.0
1758089395.72391,35078.0,192.69215,43833.0,240.78552,-2674.0,-74.27778,-7073.0,-196.47223,3.0
1758089395.74069,35208.0,193.40628,43477.0,238.82994,-2369.0,-65.80556,-6895.0,-191.52777,3.0
1758089395.74147,35307.0,193.9501,43150.0,237.03366,-1556.0,-43.22222,-6038.0,-167.72223,3.0
1758089395.7577,35357.0,194.22476,42876.0,235.52849,-495.0,-13.75,-4892.0,-135.88889,3.0
1758089395.75843,35352.0,194.1973,42671.0,234.40239,400.0,11.11111,-3387.0,-94.08334,3.0
1758089395.77388,35313.0,193.98306,42545.0,233.71022,1048.0,29.11111,-1813.0,-50.36111,3.0
1758089395.78992,35244.0,193.60403,42494.0,233.43007,1609.0,44.69444,-447.0,-12.41667,3.0
1758089395.79269,35157.0,193.12611,42493.0,233.42458,1796.0,49.88889,157.0,4.36111,3.0
1758089395.80793,35069.0,192.64272,42500.0,233.46303,1614.0,44.83333,104.0,2.88889,3.0
1758089395.80872,35000.0,192.26369,42502.0,233.47401,1148.0,31.88889,0.0,0.0,3.0
1758089395.82391,34958.0,192.03297,42501.0,233.46852,492.0,13.66667,-9.0,-0.25,3.0
1758089395.83996,34954.0,192.011,42501.0,233.46852,-155.0,-4.30556,-5.0,-0.13889,3.0
1758089395.84071,34970.0,192.09889,42500.0,233.46303,-473.0,-13.13889,0.0,0.0,3.0
1758089395.85589,34999.0,192.25819,42499.0,233.45753,-678.0,-18.83333,-24.0,-0.66667,3.0
1758089395.85709,35043.0,192.49989,42497.0,233.44655,-1024.0,-28.44444,-67.0,-1.86111,3.0
1758089395.87194,35106.0,192.84596,42492.0,233.41908,-1433.0,-39.80556,-111.0,-3.08333,3.0
1758089395.88793,35183.0,193.26894,42488.0,233.39711,-1597.0,-44.36111,-15.0,-0.41667,3.0
1758089395.8887,35268.0,193.73587,42488.0,233.39711,-1683.0,-46.75,4.0,0.11111,3.0
1758089395.90401,35352.0,194.1973,42488.0,233.39711,-1657.0,-46.02778,11.0,0.30556,3.0
1758089395.91998,35430.0,194.62576,42489.0,233.4026,-1463.0,-40.63889,9.0,0.25,3.0
1758089395.92113,35501.0,195.01579,42489.0,233.4026,-1332.0,-37.0,0.0,0.0,3.0
1758089395.93785,35561.0,195.34538,42489.0,233.4026,-1128.0,-31.33333,0.0,0.0,3.0
1758089395.93825,35614.0,195.63652,42489.0,233.4026,-984.0,-27.33333,0.0,0.0,3.0
1758089395.95398,35659.0,195.88371,42488.0,233.39711,-744.0,-20.66667,0.0,0.0,3.0
1758089395.96996,35689.0,196.04851,42487.0,233.39162,-548.0,-15.22222,-24.0,-0.66667,3.0
1758089395.97155,35713.0,196.18037,42484.0,233.37514,-369.0,-10.25,-107.0,-2.97222,3.0
1758089395.98779,35720.0,196.21883,42475.0,233.3257,-47.0,-1.30556,-230.0,-6.38889,3.0
1758089395.98859,35720.0,196.21883,42458.0,233.23232,0.0,0.0,-402.0,-11.16667,3.0
1758089396.004,35720.0,196.21883,42429.0,233.07301,0.0,0.0,-664.0,-18.44444,3.0
1758089396.01996,35720.0,196.21883,42387.0,232.8423,0.0,0.0,-885.0,-24.58333,3.0
1758089396.02075,35720.0,196.21883,42337.0,232.56763,0.0,0.0,-1060.0,-29.44444,3.0
1758089396.03595,35720.0,196.21883,42276.0,232.23254,2.0,0.05556,-1326.0,-36.83333,3.0
1758089396.03679,35720.0,196.21883,42201.0,231.82056,0.0,0.0,-1599.0,-44.41667,3.0
1758089396.05294,35720.0,196.21883,42109.0,231.31517,0.0,0.0,-2003.0,-55.63889,3.0
1758089396.06892,35720.0,196.21883,41994.0,230.68346,0.0,0.0,-2513.0,-69.80556,3.0
1758089396.06961,35720.0,196.21883,41850.0,229.89241,0.0,0.0,-3063.0,-85.08334,3.0
1758089396.0852,35720.0,196.21883,41678.0,228.94759,0.0,0.0,-3674.0,-102.05556,3.0
1758089396.08627,35720.0,196.21883,41476.0,227.83795,0.0,0.0,-4230.0,-117.5,3.0
1758089396.10204,35720.0,196.21883,41251.0,226.60196,0.0,0.0,-4650.0,-129.16667,3.0
1758089396.11806,35720.0,196.21883,41004.0,225.24513,-9.0,-0.25,-5087.0,-141.30556,3.0
1758089396.11878,35721.0,196.22432,40732.0,223.75098,-42.0,-1.16667,-5558.0,-154.38889,3.0
1758089396.13397,35726.0,196.25179,40443.0,222.16342,-173.0,-4.80556,-5767.0,-160.19444,3.0
1758089396.15004,35738.0,196.3177,40146.0,220.53194,-263.0,-7.30556,-5944.0,-165.11111,3.0
1758089396.1516,35759.0,196.43306,39839.0,218.8455,-515.0,-14.30556,-6168.0,-171.33333,3.0
1758089396.16858,35796.0,196.63631,39525.0,217.12062,-890.0,-24.72222,-6219.0,-172.75,3.0
1758089396.16938,35854.0,196.95491,39209.0,215.38475,-1407.0,-39.08333,-6297.0,-174.91667,3.0
1758089396.18901,35942.0,197.43831,38886.0,213.61044,-1989.0,-55.25,-6407.0,-177.97223,3.0
1758089396.18979,36063.0,198.103,38563.0,211.83612,-2664.0,-74.0,-6146.0,-170.72223,3.0
1758089396.20784,36217.0,198.94894,38261.0,210.17715,-3297.0,-91.58334,-5875.0,-163.19444,3.0
1758089396.20859,36406.0,199.98718,37970.0,208.57861,-4027.0,-111.86111,-5625.0,-156.25,3.0
1758089396.22396,36629.0,201.21217,37696.0,207.07347,-4631.0,-128.63889,-5173.0,-143.69444,3.0
1758089396.24005,36880.0,202.59097,37451.0,205.72762,-5177.0,-143.80556,-4600.0,-127.77778,3.0
1758089396.24081,37157.0,204.11261,37233.0,204.53009,-5704.0,-158.44444,-4032.0,-112.0,3.0
1758089396.25712,37461.0,205.78255,37050.0,203.52484,-6227.0,-172.97223,-3279.0,-91.08334,3.0
1758089396.2577,37785.0,207.56238,36909.0,202.75027,-6513.0,-180.91667,-2408.0,-66.88889,3.0
1758089396.27382,38130.0,209.45755,36814.0,202.22842,-7092.0,-197.0,-1509.0,-41.91667,3.0
1758089396.29009,38500.0,211.49004,36762.0,201.94278,-7430.0,-206.38889,-669.0,-18.58333,3.0
1758089396.29169,38887.0,213.61594,36747.0,201.86038,-7826.0,-217.38889,-77.0,-2.13889,3.0
1758089396.30783,39298.0,215.87367,36747.0,201.86038,-8349.0,-231.91667,0.0,0.0,3.0
1758089396.30864,39724.0,218.21378,36747.0,201.86038,-8564.0,-237.88889,0.0,0.0,3.0
1758089396.32404,40165.0,220.63631,36747.0,201.86038,-8821.0,-245.02777,0.0,0.0,3.0
1758089396.34005,40605.0,223.05334,36747.0,201.86038,-8622.0,-239.5,0.0,0.0,3.0
1758089396.34085,41041.0,225.44838,36747.0,201.86038,-8574.0,-238.16667,0.0,0.0,3.0
1758089396.35604,41470.0,227.80499,36747.0,201.86038,-8186.0,-227.38889,0.0,0.0,3.0
1758089396.35775,41878.0,230.04625,36747.0,201.86038,-7873.0,-218.69444,0.0,0.0,3.0
1758089396.37307,42261.0,232.15015,36747.0,201.86038,-7327.0,-203.52777,0.0,0.0,3.0
1758089396.38912,42618.0,234.11122,36746.0,201.85489,-6916.0,-192.11111,-17.0,-0.47222,3.0
1758089396.38986,42963.0,236.00641,36744.0,201.8439,-6715.0,-186.52777,-76.0,-2.11111,3.0
1758089396.40582,43282.0,237.75876,36743.0,201.83841,-5952.0,-165.33333,0.0,0.0,3.0
1758089396.40648,43569.0,239.33531,36743.0,201.83841,-5498.0,-152.72223,-21.0,-0.58333,3.0
1758089396.42391,43834.0,240.79102,36738.0,201.81094,-5091.0,-141.41667,-194.0,-5.38889,3.0
1758089396.44328,44080.0,242.14236,36713.0,201.6736,-4734.0,-131.5,-706.0,-19.61111,3.0
1758089396.4446,44315.0,243.43327,36660.0,201.38246,-4608.0,-128.0,-1310.0,-36.38889,3.0
1758089396.4601,44545.0,244.69673,36577.0,200.92653,-4509.0,-125.25,-1913.0,-53.13889,3.0
1758089396.46212,44767.0,245.91623,36461.0,200.28931,-4293.0,-119.25,-2564.0,-71.22222,3.0
1758089396.4787,44972.0,247.04236,36315.0,199.4873,-3886.0,-107.94444,-3084.0,-85.66666,3.0
1758089396.48226,45154.0,248.04211,36147.0,198.56442,-3369.0,-93.58334,-3454.0,-95.94444,3.0
1758089396.49912,45307.0,248.88258,35965.0,197.56465,-2734.0,-75.94444,-3693.0,-102.58334,3.0
1758089396.50169,45429.0,249.55275,35775.0,196.52095,-2112.0,-58.66667,-3818.0,-106.05556,3.0
1758089396.51872,45518.0,250.04166,35581.0,195.45525,-1457.0,-40.47222,-3886.0,-107.94444,3.0
1758089396.51932,45572.0,250.33829,35380.0,194.3511,-835.0,-23.19444,-3950.0,-109.72222,3.0
1758089396.53645,45596.0,250.47012,35181.0,193.25795,-201.0,-5.58333,-3877.0,-107.69444,3.0
1758089396.53692,45594.0,250.45914,34987.0,192.19228,86.0,2.38889,-3778.0,-104.94444,3.0
1758089396.55295,45591.0,250.44266,34800.0,191.16502,0.0,0.0,-3632.0,-100.88889,3.0
1758089396.56911,45591.0,250.44266,34619.0,190.17075,0.0,0.0,-3531.0,-98.08334,3.0
1758089396.56989,45591.0,250.44266,34445.0,189.21494,0.0,0.0,-3377.0,-93.80556,3.0
1758089396.58518,45591.0,250.44266,34283.0,188.32501,0.0,0.0,-3061.0,-85.02778,3.0
1758089396.58727,45591.0,250.44266,34136.0,187.5175,0.0,0.0,-2718.0,-75.5,3.0
1758089396.60314,45591.0,250.44266,34010.0,186.82536,0.0,0.0,-2326.0,-64.61111,3.0
1758089396.61951,45591.0,250.44266,33901.0,186.22659,0.0,0.0,-1980.0,-55.0,3.0
1758089396.61989,45585.0,250.4097,33819.0,185.77615,218.0,6.05556,-1345.0,-37.36111,3.0
1758089396.63506,45557.0,250.25589,33780.0,185.56192,787.0,21.86111,-372.0,-10.33333,3.0
1758089396.6363,45493.0,249.90433,33782.0,185.57291,1652.0,45.88889,130.0,3.61111,3.0
1758089396.6529,45389.0,249.33302,33793.0,185.63333,2369.0,65.80556,351.0,9.75,3.0
1758089396.6692,45249.0,248.56398,33822.0,185.79263,3017.0,83.80556,674.0,18.72222,3.0
1758089396.66995,45081.0,247.64111,33861.0,186.00687,3501.0,97.25,761.0,21.13889,3.0
1758089396.68843,44895.0,246.61935,33902.0,186.23209,3813.0,105.91666,780.0,21.66667,3.0
1758089396.68914,44691.0,245.49875,33942.0,186.45183,4080.0,113.33334,769.0,21.36111,3.0
1758089396.70865,44482.0,244.35066,33980.0,186.66057,4154.0,115.38889,674.0,18.72222,3.0
1758089396.70908,44272.0,243.19707,34007.0,186.80888,4143.0,115.08334,427.0,11.86111,3.0
1758089396.72518,44063.0,242.04898,34024.0,186.90227,4146.0,115.16666,306.0,8.5,3.0
1758089396.72643,43854.0,240.90088,34040.0,186.99016,4111.0,114.19444,238.0,6.61111,3.0
1758089396.74224,43644.0,239.7473,34049.0,187.0396,4138.0,114.94444,178.0,4.94444,3.0
1758089396.75891,43432.0,238.58275,34063.0,187.1165,4250.0,118.05556,407.0,11.30556,3.0
1758089396.75959,43205.0,237.33578,34096.0,187.29778,4660.0,129.44444,860.0,23.88889,3.0
1758089396.77802,42948.0,235.92401,34157.0,187.63286,5398.0,149.94444,1474.0,40.94444,3.0
1758089396.77877,42649.0,234.28154,34258.0,188.18768,6318.0,175.5,2380.0,66.11111,3.0
1758089396.79425,42314.0,232.44128,34406.0,189.00067,6735.0,187.08333,3337.0,92.69444,3.0
1758089396.81023,41974.0,230.57359,34586.0,189.98947,6598.0,183.27777,3538.0,98.27778,3.0
1758089396.81173,41672.0,228.91463,34738.0,190.82445,5313.0,147.58333,2444.0,67.88889,3.0
1758089396.82909,41458.0,227.73907,34810.0,191.21996,3395.0,94.30556,586.0,16.27778,3.0
1758089396.8295,41342.0,227.10184,34803.0,191.1815,1510.0,41.94444,-410.0,-11.38889,3.0
1758089396.84636,41317.0,226.96451,34771.0,191.00572,-224.0,-6.22222,-788.0,-21.88889,3.0
1758089396.85066,41348.0,227.13483,34723.0,190.74205,-814.0,-22.61111,-933.0,-25.91667,3.0
1758089396.86782,41393.0,227.38202,34683.0,190.52231,-907.0,-25.19444,-652.0,-18.11111,3.0
1758089396.86857,41435.0,227.61273,34663.0,190.41245,-751.0,-20.86111,-156.0,-4.33333,3.0
1758089396.88496,41467.0,227.78851,34666.0,190.42892,-509.0,-14.13889,60.0,1.66667,3.0
1758089396.88861,41481.0,227.86542,34667.0,190.43442,-64.0,-1.77778,19.0,0.52778,3.0
1758089396.90427,41477.0,227.84344,34669.0,190.4454,99.0,2.75,59.0,1.63889,3.0
1758089396.92076,41471.0,227.81049,34674.0,190.47287,118.0,3.27778,123.0,3.41667,3.0
1758089396.92112,41465.0,227.77753,34681.0,190.51132,85.0,2.36111,148.0,4.11111,3.0
1758089396.93622,41462.0,227.76105,34693.0,190.57726,52.0,1.44444,308.0,8.55556,3.0
1758089396.937,41459.0,227.74457,34715.0,190.6981,54.0,1.5,516.0,14.33333,3.0
1758089396.95222,41456.0,227.72809,34748.0,190.87938,81.0,2.25,742.0,20.61111,3.0
1758089396.96824,41449.0,227.68964,34785.0,191.08263,153.0,4.25,757.0,21.02778,3.0
1758089396.96904,41440.0,227.6402,34827.0,191.31334,195.0,5.41667,888.0,24.66667,3.0
1758089396.98422,41432.0,227.59625,34874.0,191.57152,133.0,3.69444,933.0,25.91667,3.0
1758089397.00026,41426.0,227.56329,34916.0,191.80223,90.0,2.5,717.0,19.91667,3.0
1758089397.00108,41423.0,227.54681,34946.0,191.96706,28.0,0.77778,528.0,14.66667,3.0
1758089397.01622,41423.0,227.54681,34969.0,192.0934,-8.0,-0.22222,357.0,9.91667,3.0
1758089397.01706,41423.0,227.54681,34980.0,192.15382,0.0,0.0,106.0,2.94444,3.0
1758089397.03225,41423.0,227.54681,34981.0,192.15932,0.0,0.0,0.0,0.0,3.0
1758089397.04827,41422.0,227.54132,34981.0,192.15932,41.0,1.13889,0.0,0.0,3.0
1758089397.04907,41417.0,227.51385,34981.0,192.15932,150.0,4.16667,0.0,0.0,3.0
1758089397.06422,41404.0,227.44244,34981.0,192.15932,368.0,10.22222,0.0,0.0,3.0
1758089397.08026,41375.0,227.28314,34981.0,192.15932,712.0,19.77778,9.0,0.25,3.0
1758089397.08108,41329.0,227.03043,34981.0,192.15932,1064.0,29.55556,0.0,0.0,3.0
1758089397.09627,41270.0,226.70633,34981.0,192.15932,1281.0,35.58333,0.0,0.0,3.0
1758089397.0971,41196.0,226.29984,34981.0,192.15932,1591.0,44.19444,0.0,0.0,3.0
1758089397.11218,41108.0,225.81644,34981.0,192.15932,1872.0,52.0,0.0,0.0,3.0
1758089397.1291,41006.0,225.25612,34981.0,192.15932,2127.0,59.08333,8.0,0.22222,3.0
1758089397.13276,40888.0,224.60793,34982.0,192.16481,2488.0,69.11111,9.0,0.25,3.0
1758089397.14993,40748.0,223.83887,34983.0,192.1703,2905.0,80.69444,58.0,1.61111,3.0
1758089397.15265,40586.0,222.94897,34991.0,192.21425,3411.0,94.75,254.0,7.05556,3.0
1758089397.16832,40400.0,221.92722,35013.0,192.3351,3874.0,107.61111,523.0,14.52778,3.0
1758089397.16908,40193.0,220.79012,35047.0,192.52187,4276.0,118.77778,837.0,23.25,3.0
1758089397.18427,39963.0,219.52666,35100.0,192.813,4735.0,131.52777,1273.0,35.36111,3.0
1758089397.20027,39712.0,218.14786,35180.0,193.25246,5126.0,142.38889,1730.0,48.05556,3.0
1758089397.20184,39446.0,216.68666,35281.0,193.80728,5393.0,149.80556,2225.0,61.80556,3.0
1758089397.21737,39167.0,215.15404,35404.0,194.48294,5589.0,155.25,2612.0,72.55556,3.0
1758089397.21806,38883.0,213.59396,35544.0,195.252,5577.0,154.91667,2897.0,80.47222,3.0
1758089397.23331,38606.0,212.07233,35696.0,196.08696,5382.0,149.5,3067.0,85.19444,3.0
1758089397.24932,38339.0,210.60564,35857.0,196.97139,5195.0,144.30556,3237.0,89.91666,3.0
1758089397.25066,38086.0,209.21585,36026.0,197.89975,4875.0,135.41667,3438.0,95.5,3.0
1758089397.2661,37854.0,207.94141,36207.0,198.89401,4400.0,122.22222,3714.0,103.16666,3.0
1758089397.26686,37643.0,206.78233,36404.0,199.9762,3992.0,110.88889,4022.0,111.72222,3.0
1758089397.28232,37452.0,205.73311,36619.0,201.15724,3626.0,100.72222,4389.0,121.91666,3.0
1758089397.29836,37279.0,204.78279,36855.0,202.45364,3255.0,90.41666,4876.0,135.44444,3.0
1758089397.29915,37126.0,203.94232,37117.0,203.89288,2844.0,79.0,5421.0,150.58333,3.0
1758089397.31437,36994.0,203.21722,37407.0,205.48592,2489.0,69.13889,5937.0,164.91667,3.0
1758089397.33032,36880.0,202.59097,37720.0,207.20531,2067.0,57.41667,6382.0,177.27777,3.0
1758089397.33193,36788.0,202.0856,38058.0,209.06204,1655.0,45.97222,6833.0,189.80556,3.0
1758089397.3481,36719.0,201.70656,38410.0,210.99565,1145.0,31.80556,7037.0,195.47223,3.0
1758089397.34896,36672.0,201.44838,38775.0,213.00067,798.0,22.16667,7366.0,204.61111,3.0
1758089397.36441,36640.0,201.2726,39156.0,215.09361,488.0,13.55556,7612.0,211.44444,3.0
1758089397.38117,36626.0,201.19569,39547.0,217.24147,85.0,2.36111,7777.0,216.02777,3.0
1758089397.38173,36625.0,201.1902,39945.0,219.42778,0.0,0.0,7930.0,220.27777,3.0
1758089397.39835,36625.0,201.1902,40341.0,221.60312,0.0,0.0,7768.0,215.77777,3.0
1758089397.39949,36625.0,201.1902,40732.0,223.75098,0.0,0.0,7664.0,212.88889,3.0
1758089397.41431,36625.0,201.1902,41116.0,225.86038,0.0,0.0,7494.0,208.16667,3.0
1758089397.43031,36625.0,201.1902,41489.0,227.90936,0.0,0.0,7327.0,203.52777,3.0
1758089397.43199,36625.0,201.1902,41853.0,229.90889,0.0,0.0,7088.0,196.88889,3.0
1758089397.44891,36625.0,201.1902,42204.0,231.83704,19.0,0.52778,6857.0,190.47223,3.0
1758089397.44977,36625.0,201.1902,42534.0,233.6498,0.0,0.0,6215.0,172.63889,3.0
1758089397.46533,36625.0,201.1902,42836.0,235.30876,0.0,0.0,5763.0,160.08333,3.0
1758089397.46733,36623.0,201.17921,43117.0,236.85236,106.0,2.94444,5460.0,151.66667,3.0
1758089397.48335,36608.0,201.09682,43391.0,238.35751,468.0,13.0,5392.0,149.77777,3.0
1758089397.49937,36570.0,200.88808,43664.0,239.85718,1048.0,29.11111,5391.0,149.75,3.0
1758089397.50015,36494.0,200.4706,43937.0,241.35684,1817.0,50.47222,5375.0,149.30556,3.0
1758089397.51613,36384.0,199.86633,44209.0,242.851,2466.0,68.5,5354.0,148.72223,3.0
1758089397.51778,36243.0,199.0918,44475.0,244.31221,3010.0,83.61111,5199.0,144.41667,3.0
1758089397.53338,36081.0,198.20187,44731.0,245.71848,3352.0,93.11111,4806.0,133.5,3.0
1758089397.54934,35907.0,197.24605,44956.0,246.95447,3486.0,96.83334,4176.0,116.0,3.0
1758089397.55158,35726.0,196.25179,45148.0,248.00916,3581.0,99.47222,3524.0,97.88889,3.0
1758089397.59429,35543.0,195.24651,45307.0,248.88258,3615.0,100.41666,2872.0,79.77778,3.0
1758089397.59466,35361.0,194.24673,45437.0,249.59669,3633.0,100.91666,2367.0,65.75,3.0
1758089397.59888,35176.0,193.23048,45547.0,250.20096,3688.0,102.44444,2055.0,57.08333,3.0
1758089397.60004,34987.0,192.19228,45644.0,250.7338,3768.0,104.66666,1879.0,52.19444,3.0
1758089397.60155,34792.0,191.12108,45737.0,251.24469,3920.0,108.88889,1767.0,49.08333,3.0
1758089397.61739,34592.0,190.02243,45826.0,251.73358,3962.0,110.05556,1752.0,48.66667,3.0
1758089397.61823,34390.0,188.91278,45911.0,252.2005,3944.0,109.55556,1660.0,46.11111,3.0
1758089397.6334,34193.0,187.83063,45992.0,252.64546,3866.0,107.38889,1540.0,42.77778,3.0
1758089397.64942,34003.0,186.78691,46069.0,253.06844,3665.0,101.80556,1459.0,40.52778,3.0
1758089397.65001,33828.0,185.82559,46134.0,253.42549,3331.0,92.52778,1191.0,33.08333,3.0
1758089397.66538,33670.0,184.95767,46188.0,253.72212,2911.0,80.86111,952.0,26.44444,3.0
1758089397.66743,33548.0,184.28748,46214.0,253.86497,2020.0,56.11111,93.0,2.58333,3.0
1758089397.6834,33479.0,183.90845,46206.0,253.821,812.0,22.55556,-193.0,-5.36111,3.0
1758089397.69941,33471.0,183.8645,46190.0,253.73311,-209.0,-5.80556,-393.0,-10.91667,3.0
1758089397.70162,33500.0,184.0238,46163.0,253.58479,-845.0,-23.47222,-638.0,-17.72222,3.0
1758089397.71942,33566.0,184.38635,46123.0,253.36507,-1560.0,-43.33333,-920.0,-25.55556,3.0
1758089397.72084,33664.0,184.92471,46064.0,253.04097,-2179.0,-60.52778,-1346.0,-37.38889,3.0
1758089397.73648,33789.0,185.61136,45984.0,252.60152,-2677.0,-74.36111,-1695.0,-47.08333,3.0
1758089397.7372,33936.0,186.41887,45889.0,252.07965,-3015.0,-83.75,-1996.0,-55.44444,3.0
1758089397.75343,34095.0,187.29228,45783.0,251.49738,-3196.0,-88.77778,-2164.0,-60.11111,3.0
1758089397.76936,34258.0,188.18768,45671.0,250.88211,-3224.0,-89.55556,-2239.0,-62.19444,3.0
1758089397.77086,34420.0,189.07758,45555.0,250.2449,-3152.0,-87.55556,-2296.0,-63.77778,3.0
1758089397.78645,34575.0,189.92905,45437.0,249.59669,-2926.0,-81.27778,-2368.0,-65.77778,3.0
1758089397.7885,34718.0,190.71458,45316.0,248.93202,-2781.0,-77.25,-2387.0,-66.30556,3.0
1758089397.80349,34861.0,191.50011,45190.0,248.23988,-2926.0,-81.27778,-2622.0,-72.83334,3.0
1758089397.81946,35011.0,192.32411,45040.0,247.41589,-2910.0,-80.83334,-3200.0,-88.88889,3.0
1758089397.82089,35152.0,193.09865,44859.0,246.4216,-2679.0,-74.41666,-3875.0,-107.63889,3.0
1758089397.83654,35284.0,193.82376,44638.0,245.2076,-2525.0,-70.13889,-4800.0,-133.33333,3.0
1758089397.83876,35408.0,194.50491,44361.0,243.68596,-2417.0,-67.13889,-5988.0,-166.33333,3.0
1758089397.85497,35530.0,195.17509,44033.0,241.88419,-2378.0,-66.05556,-6781.0,-188.36111,3.0
1758089397.85692,35648.0,195.82329,43683.0,239.96155,-2218.0,-61.61111,-6837.0,-189.91667,3.0
1758089397.87254,35740.0,196.32869,43354.0,238.15427,-1466.0,-40.72222,-5917.0,-164.36111,3.0
1758089397.88845,35776.0,196.52644,43102.0,236.76996,-55.0,-1.52778,-4185.0,-116.25,3.0
1758089397.88986,35747.0,196.36714,42940.0,235.88007,1049.0,29.13889,-2460.0,-68.33334,3.0
1758089397.90927,35665.0,195.91667,42859.0,235.4351,2011.0,55.86111,-984.0,-27.33333,3.0
1758089397.91058,35543.0,195.24651,42840.0,235.33073,2617.0,72.69444,-39.0,-1.08333,3.0
1758089397.92869,35410.0,194.5159,42840.0,235.33073,2550.0,70.83334,-4.0,-0.11111,3.0
1758089397.92948,35299.0,193.90616,42835.0,235.30327,1870.0,51.94444,-186.0,-5.16667,3.0
1758089397.94546,35229.0,193.52164,42815.0,235.19341,991.0,27.52778,-609.0,-16.91667,3.0
1758089397.94628,35210.0,193.41727,42771.0,234.95171,-43.0,-1.19444,-1016.0,-28.22222,3.0
1758089397.96142,35231.0,193.53262,42714.0,234.6386,-690.0,-19.16667,-1238.0,-34.38889,3.0
1758089397.97758,35276.0,193.77982,42648.0,234.27605,-990.0,-27.5,-1328.0,-36.88889,3.0
1758089397.97909,35333.0,194.09293,42587.0,233.94093,-1254.0,-34.83333,-1052.0,-29.22222,3.0
1758089397.99452,35399.0,194.45547,42544.0,233.70473,-1287.0,-35.75,-625.0,-17.36111,3.0
1758089397.99667,35462.0,194.80156,42528.0,233.61684,-1194.0,-33.16667,-51.0,-1.41667,3.0
1758089398.01351,35521.0,195.12566,42532.0,233.63881,-1100.0,-30.55556,58.0,1.61111,3.0
1758089398.02918,35574.0,195.41679,42533.0,233.6443,-999.0,-27.75,0.0,0.0,3.0
1758089398.03016,35625.0,195.69695,42533.0,233.6443,-1051.0,-29.19444,0.0,0.0,3.0
1758089398.04654,35677.0,195.98259,42532.0,233.63881,-1011.0,-28.08333,0.0,0.0,3.0
1758089398.04729,35738.0,196.3177,42532.0,233.63881,-1329.0,-36.91667,-5.0,-0.13889,3.0
1758089398.06296,35814.0,196.73518,42531.0,233.63332,-1634.0,-45.38889,-24.0,-0.66667,3.0
1758089398.07847,35912.0,197.27351,42529.0,233.62233,-2148.0,-59.66667,-45.0,-1.25,3.0
1758089398.07916,36036.0,197.95468,42526.0,233.60585,-2699.0,-74.97222,-67.0,-1.86111,3.0
1758089398.09451,36185.0,198.77316,42522.0,233.58388,-3137.0,-87.13889,-102.0,-2.83333,3.0
1758089398.10994,36354.0,199.70154,42517.0,233.55641,-3481.0,-96.69444,-63.0,-1.75,3.0
1758089398.11196,36537.0,200.7068,42516.0,233.55092,-3683.0,-102.30556,0.0,0.0,3.0
1758089398.12757,36719.0,201.70656,42517.0,233.55641,-3540.0,-98.33334,23.0,0.63889,3.0
1758089398.12833,36889.0,202.64041,42519.0,233.5674,-3165.0,-87.91666,54.0,1.5,3.0
1758089398.14351,37034.0,203.43695,42525.0,233.60036,-2588.0,-71.88889,196.0,5.44444,3.0
1758089398.15925,37144.0,204.0412,42539.0,233.67726,-1854.0,-51.5,309.0,8.58333,3.0
1758089398.16012,37214.0,204.42572,42561.0,233.79811,-1009.0,-28.02778,491.0,13.63889,3.0
1758089398.17551,37241.0,204.57404,42584.0,233.92445,-203.0,-5.63889,444.0,12.33333,3.0
1758089398.17712,37241.0,204.57404,42604.0,234.03432,40.0,1.11111,329.0,9.13889,3.0
1758089398.19256,37239.0,204.56305,42613.0,234.08376,8.0,0.22222,86.0,2.38889,3.0
1758089398.20858,37239.0,204.56305,42614.0,234.08925,0.0,0.0,0.0,0.0,3.0
1758089398.20939,37239.0,204.56305,42614.0,234.08925,0.0,0.0,0.0,0.0,3.0
1758089398.22454,37239.0,204.56305,42613.0,234.08376,0.0,0.0,0.0,0.0,3.0
1758089398.22633,37239.0,204.56305,42613.0,234.08376,0.0,0.0,-9.0,-0.25,3.0
1758089398.24357,37240.0,204.56854,42612.0,234.07826,-3.0,-0.08333,-17.0,-0.47222,3.0
1758089398.2595,37240.0,204.56854,42611.0,234.07277,0.0,0.0,-34.0,-0.94444,3.0
1758089398.26057,37240.0,204.56854,42608.0,234.05629,-1.0,-0.02778,-81.0,-2.25,3.0
1758089398.27559,37240.0,204.56854,42602.0,234.02333,0.0,0.0,-162.0,-4.5,3.0
1758089398.27639,37240.0,204.56854,42593.0,233.97389,0.0,0.0,-155.0,-4.30556,3.0
1758089398.29173,37240.0,204.56854,42582.0,233.91347,0.0,0.0,-311.0,-8.63889,3.0
1758089398.30756,37240.0,204.56854,42561.0,233.79811,0.0,0.0,-472.0,-13.11111,3.0
1758089398.30842,37240.0,204.56854,42532.0,233.63881,0.0,0.0,-647.0,-17.97222,3.0
1758089398.32355,37240.0,204.56854,42496.0,233.44106,6.0,0.16667,-767.0,-21.30556,3.0
1758089398.33894,37240.0,204.56854,42449.0,233.18288,4.0,0.11111,-1026.0,-28.5,3.0
1758089398.33959,37240.0,204.56854,42387.0,232.8423,0.0,0.0,-1333.0,-37.02778,3.0
1758089398.35562,37240.0,204.56854,42313.0,232.43579,0.0,0.0,-1595.0,-44.30556,3.0
1758089398.35877,37240.0,204.56854,42222.0,231.93591,0.0,0.0,-1941.0,-53.91667,3.0
1758089398.37542,37239.0,204.56305,42111.0,231.32616,0.0,0.0,-2349.0,-65.25,3.0
1758089398.37669,37239.0,204.56305,41981.0,230.61205,0.0,0.0,-2758.0,-76.61111,3.0
1758089398.39161,37239.0,204.56305,41830.0,229.78255,0.0,0.0,-3146.0,-87.38889,3.0
1758089398.40762,37239.0,204.56305,41656.0,228.82674,0.0,0.0,-3610.0,-100.27778,3.0
1758089398.40841,37239.0,204.56305,41463.0,227.76654,0.0,0.0,-3937.0,-109.36111,3.0
1758089398.42359,37239.0,204.56305,41259.0,226.6459,0.0,0.0,-4171.0,-115.86111,3.0
1758089398.44032,37239.0,204.56305,41041.0,225.44838,0.0,0.0,-4465.0,-124.02778,3.0
1758089398.44072,37239.0,204.56305,40803.0,224.14099,-9.0,-0.25,-4912.0,-136.44444,3.0
1758089398.45667,37240.0,204.56854,40547.0,222.73471,-11.0,-0.30556,-5210.0,-144.72223,3.0
1758089398.45744,37241.0,204.57404,40280.0,221.26802,-32.0,-0.88889,-5384.0,-149.55556,3.0
1758089398.47264,37245.0,204.59601,40002.0,219.74089,-114.0,-3.16667,-5582.0,-155.05556,3.0
1758089398.48868,37253.0,204.63997,39710.0,218.13687,-204.0,-5.66667,-5856.0,-162.66667,3.0
1758089398.4894,37274.0,204.75533,39409.0,216.48341,-564.0,-15.66667,-6009.0,-166.91667,3.0
1758089398.50467,37315.0,204.98055,39103.0,214.80247,-1000.0,-27.77778,-6128.0,-170.22223,3.0
1758089398.52013,37373.0,205.29915,38790.0,213.0831,-1303.0,-36.19444,-6142.0,-170.61111,3.0
1758089398.52071,37452.0,205.73311,38488.0,211.42412,-1739.0,-48.30556,-5812.0,-161.44444,3.0
1758089398.5367,37549.0,206.26598,38204.0,209.86404,-2099.0,-58.30556,-5478.0,-152.16667,3.0
1758089398.53747,37665.0,206.90318,37936.0,208.39185,-2478.0,-68.83334,-5129.0,-142.47223,3.0
1758089398.55265,37801.0,207.65027,37686.0,207.01854,-2806.0,-77.94444,-4617.0,-128.25,3.0
1758089398.56871,37955.0,208.49622,37466.0,205.81001,-3218.0,-89.38889,-4104.0,-114.0,3.0
1758089398.56953,38130.0,209.45755,37273.0,204.74983,-3658.0,-101.61111,-3562.0,-98.94444,3.0
1758089398.5855,38326.0,210.53423,37108.0,203.84344,-4077.0,-113.25,-2974.0,-82.61111,3.0
1758089398.58628,38542.0,211.72076,36977.0,203.12381,-4395.0,-122.08334,-2284.0,-63.44444,3.0
1758089398.60174,38773.0,212.98969,36881.0,202.59647,-4740.0,-131.66667,-1569.0,-43.58333,3.0
1758089398.61769,39024.0,214.3685,36818.0,202.2504,-5148.0,-143.0,-1010.0,-28.05556,3.0
1758089398.61856,39294.0,215.85167,36781.0,202.04715,-5535.0,-153.75,-476.0,-13.22222,3.0
1758089398.63368,39581.0,217.42825,36770.0,201.98672,-5811.0,-161.41667,-116.0,-3.22222,3.0
1758089398.65012,39888.0,219.11467,36768.0,201.97574,-6234.0,-173.16667,0.0,0.0,3.0
1758089398.6515,40216.0,220.91646,36768.0,201.97574,-6642.0,-184.5,-7.0,-0.19444,3.0
1758089398.66877,40555.0,222.77866,36767.0,201.97025,-6769.0,-188.02777,-19.0,-0.52778,3.0
1758089398.6692,40907.0,224.7123,36766.0,201.96475,-7111.0,-197.52777,-36.0,-1.0,3.0
1758089398.68548,41270.0,226.70633,36764.0,201.95377,-7168.0,-199.11111,-49.0,-1.36111,3.0
1758089398.68829,41635.0,228.71138,36759.0,201.9263,-7242.0,-201.16667,-119.0,-3.30556,3.0
1758089398.70373,42005.0,230.74388,36747.0,201.86038,-7362.0,-204.5,-378.0,-10.5,3.0
1758089398.70631,42359.0,232.68848,36729.0,201.76149,-6641.0,-184.47223,-342.0,-9.5,3.0
1758089398.72168,42686.0,234.48479,36710.0,201.65712,-6342.0,-176.16667,-404.0,-11.22222,3.0
1758089398.73767,43001.0,236.21515,36683.0,201.5088,-6012.0,-167.0,-672.0,-18.66667,3.0
1758089398.73856,43300.0,237.85764,36641.0,201.27809,-5796.0,-161.0,-952.0,-26.44444,3.0
1758089398.75383,43591.0,239.45616,36581.0,200.9485,-5734.0,-159.27777,-1393.0,-38.69444,3.0
1758089398.77038,43875.0,241.01624,36494.0,200.4706,-5555.0,-154.30556,-1950.0,-54.16667,3.0
1758089398.77176,44147.0,242.51041,36380.0,199.84436,-5235.0,-145.41667,-2428.0,-67.44444,3.0
1758089398.78774,44406.0,243.93315,36244.0,199.09729,-5024.0,-139.55556,-2873.0,-79.80556,3.0
1758089398.78892,44652.0,245.2845,36091.0,198.25681,-4697.0,-130.47223,-3117.0,-86.58334,3.0
1758089398.80379,44878.0,246.52597,35928.0,197.3614,-4201.0,-116.69444,-3248.0,-90.22222,3.0
1758089398.80499,45076.0,247.61365,35761.0,196.44405,-3661.0,-101.69444,-3305.0,-91.80556,3.0
1758089398.82079,45245.0,248.54201,35596.0,195.53764,-3100.0,-86.11111,-3283.0,-91.19444,3.0
1758089398.83839,45386.0,249.31654,35431.0,194.63126,-2547.0,-70.75,-3229.0,-89.69444,3.0
1758089398.83916,45501.0,249.94827,35270.0,193.74686,-2062.0,-57.27778,-3101.0,-86.13889,3.0
1758089398.85476,45590.0,250.43716,35118.0,192.91188,-1573.0,-43.69444,-2959.0,-82.19444,3.0
1758089398.85592,45656.0,250.79971,34975.0,192.12636,-1087.0,-30.19444,-2745.0,-76.25,3.0
1758089398.87075,45698.0,251.03046,34842.0,191.39574,-680.0,-18.88889,-2594.0,-72.05556,3.0
1758089398.88837,45729.0,251.20074,34715.0,190.6981,-550.0,-15.27778,-2495.0,-69.30556,3.0
1758089398.88913,45753.0,251.33258,34589.0,190.00595,-383.0,-10.63889,-2455.0,-68.19444,3.0
1758089398.90475,45768.0,251.41498,34468.0,189.34128,-180.0,-5.0,-2369.0,-65.80556,3.0
1758089398.90555,45770.0,251.42596,34351.0,188.69855,0.0,0.0,-2300.0,-63.88889,3.0
1758089398.92162,45770.0,251.42596,34239.0,188.08331,0.0,0.0,-2200.0,-61.11111,3.0
1758089398.93781,45764.0,251.39301,34142.0,187.55046,174.0,4.83333,-1616.0,-44.88889,3.0
1758089398.93855,45746.0,251.29413,34085.0,187.23735,545.0,15.13889,-755.0,-20.97222,3.0
1758089398.95458,45701.0,251.04694,34076.0,187.18791,1161.0,32.25,150.0,4.16667,3.0
1758089398.95543,45615.0,250.57449,34091.0,187.27031,2062.0,57.27778,344.0,9.55556,3.0
1758089398.97179,45487.0,249.87137,34119.0,187.42412,2885.0,80.13889,670.0,18.61111,3.0
1758089398.98781,45321.0,248.95949,34164.0,187.67131,3574.0,99.27778,998.0,27.72222,3.0
1758089398.98858,45125.0,247.88281,34223.0,187.99542,4076.0,113.22222,1254.0,34.83333,3.0
1758089399.00457,44910.0,246.70175,34285.0,188.336,4350.0,120.83334,1193.0,33.13889,3.0
1758089399.00539,44686.0,245.47128,34343.0,188.6546,4479.0,124.41666,1088.0,30.22222,3.0
1758089399.02087,44460.0,244.22981,34392.0,188.92377,4462.0,123.94444,820.0,22.77778,3.0
1758089399.03772,44238.0,243.0103,34426.0,189.11053,4348.0,120.77778,554.0,15.38889,3.0
1758089399.03925,44022.0,241.82376,34451.0,189.24789,4192.0,116.44444,395.0,10.97222,3.0
1758089399.05485,43813.0,240.67566,34465.0,189.3248,4145.0,115.13889,236.0,6.55556,3.0
1758089399.05559,43599.0,239.50011,34480.0,189.4072,4262.0,118.38889,371.0,10.30556,3.0
1758089399.07082,43372.0,238.25314,34510.0,189.57199,4677.0,129.91667,767.0,21.30556,3.0
1758089399.08765,43117.0,236.85236,34564.0,189.86862,5359.0,148.86111,1327.0,36.86111,3.0
1758089399.08967,42822.0,235.23186,34656.0,190.37399,6210.0,172.5,2159.0,59.97222,3.0
1758089399.10497,42490.0,233.4081,34787.0,191.09361,6739.0,187.19444,2827.0,78.52778,3.0
1758089399.10573,42144.0,231.50745,34932.0,191.89012,6840.0,190.0,2726.0,75.72222,3.0
1758089399.12087,41808.0,229.6617,35048.0,192.52736,6328.0,175.77777,1849.0,51.36111,3.0
1758089399.13766,41524.0,228.10162,35109.0,192.86244,4914.0,136.5,673.0,18.69444,3.0
1758089399.13914,41331.0,227.04141,35111.0,192.87343,2987.0,82.97222,-312.0,-8.66667,3.0
1758089399.15385,41235.0,226.51407,35084.0,192.72511,1127.0,31.30556,-772.0,-21.44444,3.0
1758089399.15589,41222.0,226.44266,35035.0,192.45595,-270.0,-7.5,-1120.0,-31.11111,3.0
1758089399.17184,41247.0,226.57999,34976.0,192.13185,-675.0,-18.75,-1131.0,-31.41667,3.0
1758089399.18788,41282.0,226.77225,34932.0,191.89012,-660.0,-18.33333,-651.0,-18.08333,3.0
1758089399.1895,41310.0,226.92606,34918.0,191.81322,-454.0,-12.61111,-16.0,-0.44444,3.0
1758089399.20565,41323.0,226.99747,34923.0,191.84068,-101.0,-2.80556,120.0,3.33333,3.0
1758089399.20719,41322.0,226.99197,34934.0,191.90111,26.0,0.72222,327.0,9.08333,3.0
1758089399.2239,41321.0,226.98648,34958.0,192.03297,15.0,0.41667,567.0,15.75,3.0
1758089399.22836,41320.0,226.98099,34993.0,192.22523,0.0,0.0,750.0,20.83333,3.0
1758089399.24382,41320.0,226.98099,35033.0,192.44496,0.0,0.0,761.0,21.13889,3.0
1758089399.24862,41320.0,226.98099,35071.0,192.6537,0.0,0.0,717.0,19.91667,3.0
1758089399.26385,41320.0,226.98099,35104.0,192.83498,0.0,0.0,602.0,16.72222,3.0
1758089399.26509,41320.0,226.98099,35132.0,192.98878,0.0,0.0,469.0,13.02778,3.0
1758089399.33803,41320.0,226.98099,35146.0,193.06569,0.0,0.0,136.0,3.77778,3.0
1758089399.33875,41320.0,226.98099,35147.0,193.07118,0.0,0.0,-10.0,-0.27778,3.0
1758089399.34144,41320.0,226.98099,35147.0,193.07118,0.0,0.0,0.0,0.0,3.0
1758089399.34305,41320.0,226.98099,35147.0,193.07118,0.0,0.0,0.0,0.0,3.0
1758089399.34918,41318.0,226.97,35148.0,193.07668,57.0,1.58333,24.0,0.66667,3.0
1758089399.34964,41311.0,226.93155,35152.0,193.09865,211.0,5.86111,142.0,3.94444,3.0
1758089399.35156,41294.0,226.83817,35162.0,193.15358,485.0,13.47222,287.0,7.97222,3.0
1758089399.35218,41252.0,226.60745,35187.0,193.29091,1085.0,30.13889,636.0,17.66667,3.0
1758089399.36793,41183.0,226.22842,35232.0,193.53812,1569.0,43.58333,1008.0,28.0,3.0
1758089399.3687,41095.0,225.74503,35290.0,193.85672,1892.0,52.55556,1157.0,32.13889,3.0
1758089399.38394,40996.0,225.20119,35344.0,194.15335,1976.0,54.88889,1031.0,28.63889,3.0
1758089399.38543,40895.0,224.64638,35392.0,194.41702,1936.0,53.77778,834.0,23.16667,3.0
1758089399.40341,40797.0,224.10803,35423.0,194.58731,1853.0,51.47222,407.0,11.30556,3.0
1758089399.41904,40710.0,223.63013,35432.0,194.63675,1676.0,46.55556,7.0,0.19444,3.0
1758089399.41974,40629.0,223.18518,35432.0,194.63675,1544.0,42.88889,0.0,0.0,3.0
1758089399.43488,40550.0,222.75119,35432.0,194.63675,1599.0,44.41667,0.0,0.0,3.0
1758089399.43636,40472.0,222.32272,35432.0,194.63675,1552.0,43.11111,0.0,0.0,3.0
1758089399.45278,40386.0,221.85031,35432.0,194.63675,1744.0,48.44444,16.0,0.44444,3.0
1758089399.46897,40290.0,221.32295,35435.0,194.65323,2056.0,57.11111,85.0,2.36111,3.0
1758089399.46983,40176.0,220.69673,35443.0,194.69717,2461.0,68.36111,258.0,7.16667,3.0
1758089399.4849,40037.0,219.93315,35466.0,194.82353,2959.0,82.19444,613.0,17.02778,3.0
1758089399.48572,39871.0,219.02129,35509.0,195.05974,3526.0,97.94444,1021.0,28.36111,3.0
1758089399.50091,39681.0,217.97757,35566.0,195.37285,3928.0,109.11111,1173.0,32.58333,3.0
1758089399.51778,39473.0,216.83498,35632.0,195.7354,4251.0,118.08334,1350.0,37.5,3.0
1758089399.51893,39253.0,215.62645,35702.0,196.11992,4460.0,123.88889,1349.0,37.47222,3.0
1758089399.534,39025.0,214.37399,35771.0,196.49898,4554.0,126.5,1362.0,37.83333,3.0
1758089399.53603,38795.0,213.11057,35838.0,196.86702,4540.0,126.11111,1267.0,35.19444,3.0
1758089399.55202,38567.0,211.85809,35903.0,197.22408,4481.0,124.47222,1296.0,36.0,3.0
1758089399.56801,38341.0,210.61662,35971.0,197.59763,4501.0,125.02778,1339.0,37.19444,3.0
1758089399.56878,38113.0,209.36417,36044.0,197.99863,4522.0,125.61111,1584.0,44.0,3.0
1758089399.58395,37888.0,208.12817,36131.0,198.47653,4409.0,122.47222,1863.0,51.75,3.0
1758089399.58605,37668.0,206.91966,36238.0,199.06433,4327.0,120.19444,2275.0,63.19444,3.0
1758089399.60281,37454.0,205.74409,36367.0,199.77295,4169.0,115.80556,2738.0,76.05556,3.0
1758089399.61905,37248.0,204.6125,36520.0,200.61342,3977.0,110.47222,3224.0,89.55556,3.0
1758089399.62014,37055.0,203.55231,36696.0,201.58022,3683.0,102.30556,3728.0,103.55556,3.0
1758089399.63861,36877.0,202.57449,36899.0,202.69534,3385.0,94.02778,4232.0,117.55556,3.0
1758089399.63946,36715.0,201.68459,37130.0,203.96429,3047.0,84.63889,4829.0,134.13889,3.0
1758089399.65505,36571.0,200.89357,37391.0,205.39803,2690.0,74.72222,5407.0,150.19444,3.0
1758089399.6562,36443.0,200.19043,37679.0,206.98009,2344.0,65.11111,5938.0,164.94444,3.0
1758089399.6719,36337.0,199.60815,37997.0,208.72693,1915.0,53.19444,6505.0,180.69444,3.0
1758089399.68803,36252.0,199.14124,38340.0,210.61113,1527.0,42.41667,6967.0,193.52777,3.0
1758089399.6888,36189.0,198.79514,38703.0,212.60516,1086.0,30.16667,7367.0,204.63889,3.0
1758089399.70405,36145.0,198.55344,39092.0,214.74205,685.0,19.02778,7860.0,218.33333,3.0
1758089399.70608,36121.0,198.4216,39499.0,216.9778,274.0,7.61111,8191.0,227.52777,3.0
1758089399.72277,36117.0,198.39963,39921.0,219.29594,-10.0,-0.27778,8487.0,235.75,3.0
1758089399.73905,36117.0,198.39963,40351.0,221.65805,0.0,0.0,8518.0,236.61111,3.0
1758089399.73982,36117.0,198.39963,40786.0,224.04761,0.0,0.0,8638.0,239.94444,3.0
1758089399.75775,36117.0,198.39963,41220.0,226.43167,0.0,0.0,8501.0,236.13889,3.0
1758089399.75815,36117.0,198.39963,41654.0,228.81575,0.0,0.0,8535.0,237.08333,3.0
1758089399.77399,36117.0,198.39963,42083.0,231.17235,0.0,0.0,8348.0,231.88889,3.0
1758089399.77795,36117.0,198.39963,42502.0,233.47401,0.0,0.0,8233.0,228.69444,3.0
1758089399.79308,36117.0,198.39963,42901.0,235.66583,0.0,0.0,7565.0,210.13889,3.0
1758089399.80902,36117.0,198.39963,43263.0,237.65439,0.0,0.0,6911.0,191.97223,3.0
1758089399.80987,36117.0,198.39963,43602.0,239.51659,0.0,0.0,6533.0,181.47223,3.0
1758089399.82586,36115.0,198.38864,43918.0,241.25247,76.0,2.11111,6048.0,168.0,3.0
1758089399.82665,36105.0,198.33371,44218.0,242.90044,299.0,8.30556,5842.0,162.27777,3.0
1758089399.84306,36080.0,198.19638,44509.0,244.49898,709.0,19.69444,5714.0,158.72223,3.0
1758089399.8592,36026.0,197.89975,44792.0,246.05356,1359.0,37.75,5510.0,153.05556,3.0
1758089399.85985,35939.0,197.42183,45068.0,247.5697,1975.0,54.86111,5386.0,149.61111,3.0
1758089399.87618,35822.0,196.77913,45338.0,249.05287,2551.0,70.86111,5222.0,145.05556,3.0
1758089399.87659,35679.0,195.99358,45591.0,250.44266,2995.0,83.19444,4831.0,134.19444,3.0
1758089399.89307,35517.0,195.10368,45821.0,251.70612,3281.0,91.13889,4332.0,120.33334,3.0
1758089399.90913,35346.0,194.16434,46024.0,252.82124,3445.0,95.69444,3688.0,102.44444,3.0
1758089399.90986,35172.0,193.20851,46190.0,253.73311,3433.0,95.36111,2981.0,82.80556,3.0
1758089399.92594,35000.0,192.26369,46322.0,254.45824,3382.0,93.94444,2300.0,63.88889,3.0
1758089399.92668,34828.0,191.31883,46419.0,254.99107,3348.0,93.0,1647.0,45.75,3.0
1758089399.9437,34660.0,190.39597,46487.0,255.36462,3300.0,91.66666,1082.0,30.05556,3.0
1758089399.95914,34495.0,189.48959,46531.0,255.60632,3246.0,90.16666,698.0,19.38889,3.0
1758089399.9599,34333.0,188.59967,46558.0,255.75464,3189.0,88.58334,434.0,12.05556,3.0
1758089399.97509,34173.0,187.72075,46575.0,255.84802,3134.0,87.05556,297.0,8.25,3.0
1758089399.97591,34018.0,186.86931,46581.0,255.88098,3029.0,84.13889,-5.0,-0.13889,3.0
1758089399.99112,33870.0,186.0563,46580.0,255.87549,2836.0,78.77778,0.0,0.0,3.0
1758089400.00715,33732.0,185.29825,46580.0,255.87549,2617.0,72.69444,0.0,0.0,3.0
1758089400.00796,33619.0,184.67749,46578.0,255.8645,1863.0,51.75,-18.0,-0.5,3.0
1758089400.02393,33556.0,184.33142,46573.0,255.83704,759.0,21.08333,-139.0,-3.86111,3.0
1758089400.02633,33550.0,184.29846,46559.0,255.76013,-284.0,-7.88889,-419.0,-11.63889,3.0
1758089400.04316,33583.0,184.47974,46522.0,255.55688,-947.0,-26.30556,-918.0,-25.5,3.0
1758089400.05918,33651.0,184.85327,46458.0,255.20531,-1665.0,-46.25,-1560.0,-43.33333,3.0
1758089400.06033,33754.0,185.4191,46363.0,254.68346,-2289.0,-63.58333,-2066.0,-57.38889,3.0
1758089400.07509,33884.0,186.13321,46242.0,254.01878,-2710.0,-75.27778,-2586.0,-71.83334,3.0
1758089400.07653,34030.0,186.93523,46099.0,253.23323,-2978.0,-82.72222,-2952.0,-82.0,3.0
1758089400.09314,34185.0,187.78668,45942.0,252.37079,-2978.0,-82.72222,-3115.0,-86.52778,3.0
1758089400.10915,34332.0,188.59418,45782.0,251.49188,-2802.0,-77.83334,-3147.0,-87.41666,3.0
1758089400.10999,34466.0,189.33029,45626.0,250.63492,-2554.0,-70.94444,-3058.0,-84.94444,3.0
1758089400.12635,34586.0,189.98947,45474.0,249.79996,-2254.0,-62.61111,-2937.0,-81.58334,3.0
1758089400.12675,34694.0,190.58275,45326.0,248.98695,-2050.0,-56.94444,-2923.0,-81.19444,3.0
1758089400.14354,34800.0,191.16502,45174.0,248.15198,-2106.0,-58.5,-3123.0,-86.75,3.0
1758089400.15919,34906.0,191.7473,45001.0,247.20166,-2018.0,-56.05556,-3602.0,-100.05556,3.0
1758089400.16042,35006.0,192.29665,44801.0,246.103,-1892.0,-52.55556,-4267.0,-118.52778,3.0
1758089400.1752,35103.0,192.82948,44558.0,244.76814,-1964.0,-54.55556,-5177.0,-143.80556,3.0
1758089400.17597,35206.0,193.39529,44266.0,243.16411,-2113.0,-58.69444,-6116.0,-169.88889,3.0
1758089400.19111,35317.0,194.00504,43934.0,241.34036,-2240.0,-62.22222,-6683.0,-185.63889,3.0
1758089400.20803,35430.0,194.62576,43602.0,239.51659,-2105.0,-58.47222,-6410.0,-178.05556,3.0
1758089400.20875,35521.0,195.12566,43298.0,237.84665,-1472.0,-40.88889,-5580.0,-155.0,3.0
1758089400.22419,35565.0,195.36736,43059.0,236.53375,-313.0,-8.69444,-4043.0,-112.30556,3.0
1758089400.2254,35551.0,195.29045,42901.0,235.66583,593.0,16.47222,-2456.0,-68.22222,3.0
1758089400.24199,35504.0,195.03227,42818.0,235.20988,1238.0,34.38889,-1019.0,-28.30556,3.0
1758089400.25822,35430.0,194.62576,42795.0,235.08354,1583.0,43.97222,-77.0,-2.13889,3.0
1758089400.25934,35349.0,194.18082,42797.0,235.09453,1548.0,43.0,10.0,0.27778,3.0
1758089400.27416,35287.0,193.84024,42796.0,235.08904,917.0,25.47222,-18.0,-0.5,3.0
1758089400.27545,35262.0,193.70291,42792.0,235.06706,184.0,5.11111,-115.0,-3.19444,3.0
1758089400.29131,35267.0,193.73038,42783.0,235.01762,-250.0,-6.94444,-216.0,-6.0,3.0
1758089400.30719,35291.0,193.86221,42770.0,234.94621,-663.0,-18.41667,-283.0,-7.86111,3.0
1758089400.30782,35342.0,194.14236,42754.0,234.85832,-1268.0,-35.22222,-376.0,-10.44444,3.0
1758089400.32326,35419.0,194.56534,42734.0,234.74846,-1661.0,-46.13889,-425.0,-11.80556,3.0
1758089400.33927,35512.0,195.07622,42710.0,234.61662,-1965.0,-54.58333,-480.0,-13.33333,3.0
1758089400.34453,35615.0,195.64201,42693.0,234.52324,-2099.0,-58.30556,-231.0,-6.41667,3.0
1758089400.35927,35720.0,196.21883,42686.0,234.48479,-2029.0,-56.36111,-30.0,-0.83333,3.0
1758089400.35999,35817.0,196.75166,42686.0,234.48479,-1806.0,-50.16667,9.0,0.25,3.0
1758089400.37606,35904.0,197.22957,42686.0,234.48479,-1594.0,-44.27778,3.0,0.08333,3.0
1758089400.3768,35976.0,197.62509,42686.0,234.48479,-1306.0,-36.27778,6.0,0.16667,3.0
1758089400.39221,36036.0,197.95468,42686.0,234.48479,-1037.0,-28.80556,0.0,0.0,3.0
1758089400.40826,36075.0,198.16891,42686.0,234.48479,-647.0,-17.97222,0.0,0.0,3.0
1758089400.409,36100.0,198.30624,42686.0,234.48479,-384.0,-10.66667,-4.0,-0.11111,3.0
1758089400.42426,36113.0,198.37766,42686.0,234.48479,-192.0,-5.33333,0.0,0.0,3.0
1758089400.42546,36119.0,198.41061,42686.0,234.48479,-46.0,-1.27778,-4.0,-0.11111,3.0
1758089400.44328,36119.0,198.41061,42684.0,234.4738,0.0,0.0,-41.0,-1.13889,3.0
1758089400.45927,36119.0,198.41061,42680.0,234.45183,0.0,0.0,-101.0,-2.80556,3.0
1758089400.46103,36119.0,198.41061,42672.0,234.40788,0.0,0.0,-247.0,-6.86111,3.0
1758089400.47527,36120.0,198.41611,42652.0,234.29802,-4.0,-0.11111,-445.0,-12.36111,3.0
1758089400.47645,36120.0,198.41611,42623.0,234.13869,0.0,0.0,-633.0,-17.58333,3.0
1758089400.49126,36120.0,198.41611,42585.0,233.92995,0.0,0.0,-847.0,-23.52778,3.0
1758089400.50721,36120.0,198.41611,42533.0,233.6443,0.0,0.0,-1113.0,-30.91667,3.0
1758089400.50805,36120.0,198.41611,42472.0,233.30922,0.0,0.0,-1277.0,-35.47222,3.0
1758089400.52323,36120.0,198.41611,42402.0,232.9247,0.0,0.0,-1504.0,-41.77778,3.0
1758089400.53926,36120.0,198.41611,42322.0,232.48523,0.0,0.0,-1641.0,-45.58333,3.0
1758089400.54008,36120.0,198.41611,42233.0,231.99634,0.0,0.0,-1829.0,-50.80556,3.0
1758089400.55777,36120.0,198.41611,42133.0,231.44702,0.0,0.0,-2112.0,-58.66667,3.0
1758089400.57646,36120.0,198.41611,42018.0,230.81529,0.0,0.0,-2434.0,-67.61111,3.0
1758089400.57671,36120.0,198.41611,41883.0,230.07372,0.0,0.0,-2836.0,-78.77778,3.0
1758089400.57793,36120.0,198.41611,41726.0,229.21126,0.0,0.0,-3274.0,-90.94444,3.0
1758089400.59326,36120.0,198.41611,41550.0,228.24445,-1.0,-0.02778,-3620.0,-100.55556,3.0
1758089400.60933,36120.0,198.41611,41356.0,227.17877,-7.0,-0.19444,-3942.0,-109.5,3.0
1758089400.61004,36120.0,198.41611,41151.0,226.05264,-4.0,-0.11111,-4138.0,-114.94444,3.0
1758089400.62933,36120.0,198.41611,40932.0,224.84962,-3.0,-0.08333,-4435.0,-123.19444,3.0
1758089400.63004,36120.0,198.41611,40700.0,223.5752,0.0,0.0,-4645.0,-129.02777,3.0
1758089400.64609,36120.0,198.41611,40466.0,222.28976,0.0,0.0,-4542.0,-126.16666,3.0
1758089400.6469,36121.0,198.4216,40237.0,221.03181,-39.0,-1.08333,-4483.0,-124.52778,3.0
1758089400.66422,36126.0,198.44907,40005.0,219.75737,-160.0,-4.44444,-4622.0,-128.38889,3.0
1758089400.68041,36146.0,198.55893,39764.0,218.4335,-558.0,-15.5,-4817.0,-133.80556,3.0
1758089400.68428,36183.0,198.76218,39515.0,217.06569,-894.0,-24.83333,-4943.0,-137.30556,3.0
1758089400.69931,36241.0,199.08081,39262.0,215.67589,-1371.0,-38.08333,-5052.0,-140.33333,3.0
1758089400.70268,36326.0,199.54773,39002.0,214.24765,-1897.0,-52.69444,-5177.0,-143.80556,3.0
1758089400.71937,36437.0,200.15747,38745.0,212.83588,-2416.0,-67.11111,-4997.0,-138.80556,3.0
1758089400.7213,36574.0,200.91005,38504.0,211.51201,-2916.0,-81.0,-4612.0,-128.11111,3.0
1758089400.73715,36732.0,201.77797,38282.0,210.29253,-3325.0,-92.36111,-4253.0,-118.13889,3.0
1758089400.73791,36912.0,202.76675,38076.0,209.16092,-3719.0,-103.30556,-3955.0,-109.86111,3.0
1758089400.75338,37112.0,203.86542,37888.0,208.12817,-4114.0,-114.27778,-3564.0,-99.0,3.0
1758089400.76937,37334.0,205.08492,37720.0,207.20531,-4474.0,-124.27778,-3117.0,-86.58334,3.0
1758089400.77176,37569.0,206.37584,37575.0,206.4088,-4745.0,-131.80556,-2701.0,-75.02778,3.0
1758089400.78812,37815.0,207.72717,37451.0,205.72762,-4907.0,-136.30556,-2317.0,-64.36111,3.0
1758089400.78896,38071.0,209.13345,37344.0,205.13985,-5184.0,-144.0,-1977.0,-54.91667,3.0
1758089400.80435,38341.0,210.61662,37255.0,204.65096,-5421.0,-150.58333,-1580.0,-43.88889,3.0
1758089400.80562,38615.0,212.12177,37185.0,204.26642,-5434.0,-150.94444,-1243.0,-34.52778,3.0
1758089400.82137,38891.0,213.63791,37134.0,203.98627,-5504.0,-152.88889,-862.0,-23.94444,3.0
1758089400.83821,39175.0,215.19798,37096.0,203.77753,-5647.0,-156.86111,-732.0,-20.33333,3.0
1758089400.83897,39464.0,216.78554,37061.0,203.58527,-5735.0,-159.30556,-628.0,-17.44444,3.0
1758089400.85439,39757.0,218.39505,37031.0,203.42047,-5847.0,-162.41667,-555.0,-15.41667,3.0
1758089400.85643,40057.0,220.04301,37002.0,203.26117,-5985.0,-166.25,-632.0,-17.55556,3.0
1758089400.87236,40360.0,221.70749,36963.0,203.04691,-5959.0,-165.52777,-879.0,-24.41667,3.0
1758089400.88915,40662.0,223.36646,36912.0,202.76675,-6029.0,-167.47223,-1069.0,-29.69444,3.0
1758089400.89158,40969.0,225.05287,36856.0,202.45914,-6074.0,-168.72223,-1203.0,-33.41667,3.0
1758089400.90932,41275.0,226.7338,36788.0,202.0856,-5984.0,-166.22223,-1453.0,-40.36111,3.0
1758089400.90975,41576.0,228.38727,36710.0,201.65712,-5919.0,-164.41667,-1658.0,-46.05556,3.0
1758089400.95553,41872.0,230.01329,36617.0,201.14626,-5785.0,-160.69444,-1889.0,-52.47222,3.0
1758089400.95872,42147.0,231.52393,36524.0,200.63539,-5080.0,-141.11111,-1782.0,-49.5,3.0
1758089400.96374,42387.0,232.8423,36436.0,200.15198,-4486.0,-124.61111,-1737.0,-48.25,3.0
1758089400.96773,42604.0,234.03432,36346.0,199.65759,-4141.0,-115.02778,-1839.0,-51.08333,3.0
1758089400.96959,42810.0,235.16594,36245.0,199.10278,-4003.0,-111.19444,-2122.0,-58.94444,3.0
1758089400.97114,43011.0,236.27008,36129.0,198.46555,-3941.0,-109.47222,-2451.0,-68.08334,3.0
1758089400.98794,43211.0,237.36874,35994.0,197.72397,-3908.0,-108.55556,-2821.0,-78.36111,3.0
1758089400.98861,43408.0,238.45091,35843.0,196.89449,-3915.0,-108.75,-3068.0,-85.22222,3.0
1758089401.00436,43605.0,239.53307,35680.0,195.99907,-3849.0,-106.91666,-3289.0,-91.36111,3.0
1758089401.00646,43795.0,240.57678,35508.0,195.05424,-3681.0,-102.25,-3462.0,-96.16666,3.0
1758089401.02351,43973.0,241.5546,35333.0,194.09293,-3400.0,-94.44444,-3440.0,-95.55556,3.0
1758089401.03946,44136.0,242.44998,35166.0,193.17555,-3063.0,-85.08334,-3220.0,-89.44444,3.0
1758089401.04019,44283.0,243.25749,35009.0,192.31313,-2786.0,-77.38889,-2932.0,-81.44444,3.0
1758089401.0554,44415.0,243.98259,34869.0,191.54405,-2452.0,-68.11111,-2662.0,-73.94444,3.0
1758089401.05745,44532.0,244.62532,34744.0,190.85741,-2196.0,-61.0,-2371.0,-65.86111,3.0
1758089401.07241,44637.0,245.2021,34631.0,190.23666,-1959.0,-54.41667,-2116.0,-58.77778,3.0
1758089401.0893,44733.0,245.72946,34531.0,189.68735,-1856.0,-51.55556,-1852.0,-51.44444,3.0
1758089401.09005,44821.0,246.21286,34440.0,189.18747,-1694.0,-47.05556,-1688.0,-46.88889,3.0
1758089401.10623,44903.0,246.6633,34363.0,188.76447,-1550.0,-43.05556,-1490.0,-41.38889,3.0
1758089401.10687,44980.0,247.0863,34292.0,188.37445,-1496.0,-41.55556,-1306.0,-36.27778,3.0
1758089401.12244,45053.0,247.4873,34230.0,188.03387,-1422.0,-39.5,-1214.0,-33.72222,3.0
1758089401.13848,45123.0,247.87183,34172.0,187.71526,-1371.0,-38.08333,-1027.0,-28.52778,3.0
1758089401.13926,45188.0,248.2289,34123.0,187.44609,-1286.0,-35.72222,-947.0,-26.30556,3.0
1758089401.15543,45240.0,248.51454,34085.0,187.23735,-793.0,-22.02778,-555.0,-15.41667,3.0
1758089401.15664,45259.0,248.61891,34076.0,187.18791,-82.0,-2.27778,63.0,1.75,3.0
1758089401.17147,45246.0,248.5475,34082.0,187.22087,456.0,12.66667,104.0,2.88889,3.0
1758089401.18747,45208.0,248.33876,34089.0,187.25932,956.0,26.55556,148.0,4.11111,3.0
1758089401.18824,45144.0,247.98718,34104.0,187.34172,1502.0,41.72222,415.0,11.52778,3.0
1758089401.20346,45049.0,247.46533,34131.0,187.49004,2076.0,57.66667,636.0,17.66667,3.0
1758089401.2203,44927.0,246.79514,34171.0,187.70976,2622.0,72.83334,901.0,25.02778,3.0
1758089401.22105,44781.0,245.99313,34225.0,188.00641,3059.0,84.97222,1156.0,32.11111,3.0
1758089401.23647,44614.0,245.07576,34284.0,188.33051,3393.0,94.25,1187.0,32.97222,3.0
1758089401.23868,44435.0,244.09248,34347.0,188.67657,3634.0,100.94444,1253.0,34.80556,3.0
1758089401.25448,44248.0,243.06523,34410.0,189.02264,3724.0,103.44444,1172.0,32.55556,3.0
1758089401.25653,44059.0,242.02701,34468.0,189.34128,3766.0,104.61111,1121.0,31.13889,3.0
1758089401.27246,43869.0,240.98328,34523.0,189.6434,3736.0,103.77778,1040.0,28.88889,3.0
1758089401.28847,43676.0,239.9231,34575.0,189.92905,3887.0,107.97222,1117.0,31.02778,3.0
1758089401.28977,43466.0,238.76952,34645.0,190.31357,4313.0,119.80556,1561.0,43.36111,3.0
1758089401.30447,43228.0,237.46213,34742.0,190.84642,4956.0,137.66667,2193.0,60.91667,3.0
1758089401.30573,42954.0,235.95697,34875.0,191.57701,5760.0,160.0,3010.0,83.61111,3.0
1758089401.32341,42651.0,234.29253,35052.0,192.54933,6022.0,167.27777,3785.0,105.13889,3.0
1758089401.34044,42361.0,232.69946,35247.0,193.62051,5367.0,149.08333,3714.0,103.16666,3.0
1758089401.3408,42128.0,231.41956,35403.0,194.47745,3960.0,110.0,2441.0,67.80556,3.0
1758089401.35644,41978.0,230.59557,35478.0,194.88945,2197.0,61.02778,761.0,21.13889,3.0
1758089401.35791,41919.0,230.27147,35479.0,194.89494,379.0,10.52778,-287.0,-7.97222,3.0
1758089401.37433,41930.0,230.33189,35468.0,194.83452,-444.0,-12.33333,-160.0,-4.44444,3.0
1758089401.37556,41959.0,230.4912,35466.0,194.82353,-650.0,-18.05556,26.0,0.72222,3.0
1758089401.39249,41990.0,230.66148,35467.0,194.82903,-561.0,-15.58333,9.0,0.25,3.0
1758089401.40856,42011.0,230.77684,35469.0,194.84001,-211.0,-5.86111,73.0,2.02778,3.0
1758089401.40935,42011.0,230.77684,35479.0,194.89494,21.0,0.58333,289.0,8.02778,3.0
1758089401.42447,42009.0,230.76585,35500.0,195.0103,73.0,2.02778,614.0,17.05556,3.0
1758089401.42577,42004.0,230.73839,35543.0,195.24651,93.0,2.58333,974.0,27.05556,3.0
1758089401.44151,41999.0,230.71092,35602.0,195.5706,111.0,3.08333,1351.0,37.52778,3.0
1758089401.45751,41992.0,230.67247,35682.0,196.01006,117.0,3.25,1696.0,47.11111,3.0
1758089401.45835,41987.0,230.645,35772.0,196.50447,84.0,2.33333,1870.0,51.94444,3.0
1758089401.47352,41985.0,230.63402,35865.0,197.01534,0.0,0.0,1760.0,48.88889,3.0
1758089401.48958,41985.0,230.63402,35947.0,197.46577,0.0,0.0,1448.0,40.22222,3.0
1758089401.49032,41985.0,230.63402,36005.0,197.78439,0.0,0.0,918.0,25.5,3.0
1758089401.50655,41986.0,230.63951,36033.0,197.9382,-1.0,-0.02778,285.0,7.91667,3.0
1758089401.50733,41986.0,230.63951,36034.0,197.9437,0.0,0.0,-26.0,-0.72222,3.0
1758089401.52283,41986.0,230.63951,36034.0,197.9437,0.0,0.0,0.0,0.0,3.0
1758089401.53862,41986.0,230.63951,36034.0,197.9437,0.0,0.0,0.0,0.0,3.0
1758089401.53938,41986.0,230.63951,36034.0,197.9437,0.0,0.0,0.0,0.0,3.0
1758089401.55451,41984.0,230.62852,36034.0,197.9437,51.0,1.41667,0.0,0.0,3.0
1758089401.55614,41978.0,230.59557,36034.0,197.9437,189.0,5.25,0.0,0.0,3.0
1758089401.57165,41956.0,230.47472,36034.0,197.9437,658.0,18.27778,4.0,0.11111,3.0
1758089401.58762,41905.0,230.19456,36034.0,197.9437,1332.0,37.0,0.0,0.0,3.0
1758089401.58845,41812.0,229.68367,36034.0,197.9437,2175.0,60.41667,9.0,0.25,3.0
1758089401.60352,41674.0,228.92561,36038.0,197.96567,3138.0,87.16666,103.0,2.86111,3.0
1758089401.61963,41485.0,227.88739,36046.0,198.00961,4161.0,115.58334,193.0,5.36111,3.0
1758089401.62039,41249.0,226.59097,36061.0,198.09201,5052.0,140.33333,371.0,10.30556,3.0
1758089401.63556,40970.0,225.05836,36083.0,198.21286,5806.0,161.27777,514.0,14.27778,3.0
1758089401.6365,40660.0,223.35547,36114.0,198.38315,6316.0,175.44444,694.0,19.27778,3.0
1758089401.65362,40330.0,221.54269,36151.0,198.5864,6646.0,184.61111,762.0,21.16667,3.0
1758089401.67227,39988.0,219.66399,36190.0,198.80063,6798.0,188.83333,775.0,21.52778,3.0
1758089401.6727,39644.0,217.77432,36225.0,198.99292,6733.0,187.02777,656.0,18.22222,3.0
1758089401.68861,39308.0,215.9286,36262.0,199.19617,6605.0,183.47223,816.0,22.66667,3.0
1758089401.68943,38972.0,214.08286,36307.0,199.44336,6615.0,183.75,1003.0,27.86111,3.0
1758089401.70781,38644.0,212.28107,36364.0,199.75647,6408.0,178.0,1230.0,34.16667,3.0
1758089401.70895,38319.0,210.49577,36438.0,200.16296,6424.0,178.44444,1636.0,45.44444,3.0
1758089401.72539,37998.0,208.73242,36532.0,200.67934,6238.0,173.27777,2063.0,57.30556,3.0
1758089401.72664,37689.0,207.03502,36651.0,201.33302,5978.0,166.05556,2572.0,71.44444,3.0
1758089401.7434,37394.0,205.41451,36796.0,202.12955,5735.0,159.30556,3074.0,85.38889,3.0
1758089401.75965,37118.0,203.89838,36967.0,203.06888,5255.0,145.97223,3636.0,101.0,3.0
1758089401.76042,36868.0,202.52505,37168.0,204.17303,4665.0,129.58333,4233.0,117.58334,3.0
1758089401.77563,36649.0,201.32204,37399.0,205.44197,4051.0,112.52778,4813.0,133.69444,3.0
1758089401.77641,36458.0,200.27283,37659.0,206.87022,3482.0,96.72222,5406.0,150.16667,3.0
1758089401.79162,36302.0,199.41589,37951.0,208.47424,2811.0,78.08334,6023.0,167.30556,3.0
1758089401.80844,36178.0,198.73471,38274.0,210.24858,2165.0,60.13889,6621.0,183.91667,3.0
1758089401.80924,36086.0,198.22934,38624.0,212.1712,1564.0,43.44444,7124.0,197.88889,3.0
1758089401.82543,36022.0,197.87778,39003.0,214.25314,1039.0,28.86111,7760.0,215.55556,3.0
1758089401.82622,35985.0,197.67453,39404.0,216.45595,475.0,13.19444,8066.0,224.05556,3.0
1758089401.84544,35976.0,197.62509,39826.0,218.77409,-28.0,-0.77778,8461.0,235.02777,3.0
1758089401.84668,35976.0,197.62509,40262.0,221.16914,0.0,0.0,8636.0,239.88889,3.0
1758089401.86265,35976.0,197.62509,40708.0,223.61914,0.0,0.0,8920.0,247.77777,3.0
1758089401.87867,35976.0,197.62509,41164.0,226.12405,0.0,0.0,9010.0,250.27777,3.0
1758089401.87944,35976.0,197.62509,41626.0,228.66194,0.0,0.0,9181.0,255.02777,3.0
1758089401.89667,35978.0,197.63608,42083.0,231.17235,-22.0,-0.61111,8794.0,244.27777,3.0
1758089401.89746,35978.0,197.63608,42519.0,233.5674,0.0,0.0,8483.0,235.63889,3.0
1758089401.91575,35978.0,197.63608,42941.0,235.88556,0.0,0.0,8197.0,227.69444,3.0
1758089401.91758,35978.0,197.63608,43353.0,238.14877,0.0,0.0,8067.0,224.08333,3.0
1758089401.93364,35977.0,197.63058,43757.0,240.36804,15.0,0.41667,7925.0,220.13889,3.0
1758089401.95043,35976.0,197.62509,44153.0,242.54337,40.0,1.11111,7811.0,216.97223,3.0
1758089401.95165,35971.0,197.59763,44552.0,244.73518,161.0,4.47222,7866.0,218.5,3.0
1758089401.96701,35953.0,197.49873,44947.0,246.90503,517.0,14.36111,7786.0,216.27777,3.0
1758089401.96741,35915.0,197.28999,45338.0,249.05287,928.0,25.77778,7675.0,213.19444,3.0
1758089401.98265,35855.0,196.9604,45718.0,251.14032,1385.0,38.47222,7316.0,203.22223,3.0
1758089401.99865,35776.0,196.52644,46081.0,253.13435,1711.0,47.52778,7056.0,196.0,3.0
1758089401.99949,35682.0,196.01006,46423.0,255.01305,1948.0,54.11111,6470.0,179.72223,3.0
1758089402.01541,35577.0,195.43327,46730.0,256.69949,2137.0,59.36111,5745.0,159.58333,3.0
1758089402.01752,35466.0,194.82353,46996.0,258.16068,2253.0,62.58333,4865.0,135.13889,3.0
1758089402.03364,35349.0,194.18082,47213.0,259.35269,2406.0,66.83334,3920.0,108.88889,3.0
1758089402.04968,35225.0,193.49966,47383.0,260.28656,2510.0,69.72222,2973.0,82.58334,3.0
1758089402.0505,35092.0,192.76906,47509.0,260.97873,2735.0,75.97222,2095.0,58.19444,3.0
1758089402.06704,34948.0,191.97804,47579.0,261.36325,3002.0,83.38889,671.0,18.63889,3.0
1758089402.06745,34786.0,191.08812,47575.0,261.34128,3362.0,93.38889,-151.0,-4.19444,3.0
1758089402.08372,34604.0,190.08835,47574.0,261.33578,3783.0,105.08334,0.0,0.0,3.0
1758089402.10054,34399.0,188.96222,47574.0,261.33578,4210.0,116.94444,0.0,0.0,3.0
1758089402.1013,34181.0,187.76471,47574.0,261.33578,4401.0,122.25,0.0,0.0,3.0
1758089402.11752,33969.0,186.60014,47570.0,261.31381,3983.0,110.63889,-123.0,-3.41667,3.0
1758089402.11828,33793.0,185.63333,47556.0,261.23691,2972.0,82.55556,-400.0,-11.11111,3.0
1758089402.13366,33686.0,185.04556,47519.0,261.03366,1443.0,40.08333,-1040.0,-28.88889,3.0
1758089402.1522,33658.0,184.89172,47440.0,260.59967,-133.0,-3.69444,-1908.0,-53.0,3.0
1758089402.15408,33689.0,185.06204,47319.0,259.935,-928.0,-25.77778,-2705.0,-75.13889,3.0
1758089402.17216,33757.0,185.43558,47163.0,259.07803,-1645.0,-45.69444,-3362.0,-93.38889,3.0
1758089402.17376,33857.0,185.98489,46977.0,258.0563,-2139.0,-59.41667,-3862.0,-107.27778,3.0
1758089402.19172,33975.0,186.6331,46774.0,256.94119,-2429.0,-67.47222,-4087.0,-113.52778,3.0
1758089402.19214,34099.0,187.31425,46565.0,255.79309,-2400.0,-66.66666,-4113.0,-114.25,3.0
1758089402.20939,34216.0,187.95697,46358.0,254.65599,-2226.0,-61.83333,-4013.0,-111.47222,3.0
1758089402.21219,34322.0,188.53925,46157.0,253.55183,-1968.0,-54.66667,-3887.0,-107.97222,3.0
1758089402.22774,34414.0,189.04462,45966.0,252.50264,-1725.0,-47.91667,-3668.0,-101.88889,3.0
1758089402.22861,34497.0,189.50058,45784.0,251.50287,-1587.0,-44.08333,-3580.0,-99.44444,3.0
1758089402.24461,34583.0,189.97299,45599.0,250.4866,-1855.0,-51.52778,-3810.0,-105.83334,3.0
1758089402.24581,34684.0,190.5278,45393.0,249.355,-2104.0,-58.44444,-4306.0,-119.61111,3.0
1758089402.26259,34795.0,191.13756,45151.0,248.02563,-2215.0,-61.52778,-5082.0,-141.16667,3.0
1758089402.27881,34912.0,191.78026,44869.0,246.47653,-2388.0,-66.33334,-5966.0,-165.72223,3.0
1758089402.27958,35041.0,192.48891,44540.0,244.66927,-2673.0,-74.25,-6830.0,-189.72223,3.0
1758089402.2948,35186.0,193.28542,44178.0,242.68071,-2957.0,-82.13889,-7075.0,-196.52777,3.0
1758089402.29686,35330.0,194.07645,43861.0,240.93933,-2629.0,-73.02778,-5504.0,-152.88889,3.0
1758089402.31278,35435.0,194.65323,43629.0,239.6649,-1540.0,-42.77778,-3869.0,-107.47222,3.0
1758089402.32962,35477.0,194.88396,43473.0,238.80797,-346.0,-9.61111,-2439.0,-67.75,3.0
1758089402.33259,35473.0,194.86198,43392.0,238.36302,231.0,6.41667,-986.0,-27.38889,3.0
1758089402.34881,35464.0,194.81255,43374.0,238.26413,91.0,2.52778,21.0,0.58333,3.0
1758089402.34959,35465.0,194.81804,43377.0,238.28061,-69.0,-1.91667,-5.0,-0.13889,3.0
1758089402.36661,35474.0,194.86748,43374.0,238.26413,-264.0,-7.33333,-42.0,-1.16667,3.0
1758089402.36934,35496.0,194.98833,43371.0,238.24765,-547.0,-15.19444,-112.0,-3.11111,3.0
1758089402.38488,35530.0,195.17509,43359.0,238.18173,-770.0,-21.38889,-302.0,-8.38889,3.0
1758089402.38604,35579.0,195.44426,43345.0,238.10483,-1092.0,-30.33333,-264.0,-7.33333,3.0
1758089402.40541,35643.0,195.79582,43329.0,238.01694,-1368.0,-38.0,-271.0,-7.52778,3.0
1758089402.40661,35717.0,196.20235,43320.0,237.9675,-1538.0,-42.72222,-134.0,-3.72222,3.0
1758089402.42384,35794.0,196.62532,43318.0,237.95651,-1475.0,-40.97222,14.0,0.38889,3.0
1758089402.44064,35865.0,197.01534,43318.0,237.95651,-1378.0,-38.27778,0.0,0.0,3.0
1758089402.44142,35927.0,197.35591,43318.0,237.95651,-1122.0,-31.16667,0.0,0.0,3.0
1758089402.45768,35976.0,197.62509,43318.0,237.95651,-836.0,-23.22222,0.0,0.0,3.0
1758089402.45847,36013.0,197.82834,43317.0,237.95102,-647.0,-17.97222,-10.0,-0.27778,3.0
1758089402.47394,36033.0,197.9382,43315.0,237.94003,-248.0,-6.88889,-75.0,-2.08333,3.0
1758089402.48997,36035.0,197.94919,43309.0,237.90707,5.0,0.13889,-163.0,-4.52778,3.0
1758089402.49481,36035.0,197.94919,43293.0,237.81918,0.0,0.0,-497.0,-13.80556,3.0
1758089402.50167,36035.0,197.94919,43255.0,237.61044,0.0,0.0,-962.0,-26.72222,3.0
1758089402.51847,36035.0,197.94919,43186.0,237.23141,0.0,0.0,-1691.0,-46.97222,3.0
1758089402.51921,36035.0,197.94919,43082.0,236.6601,0.0,0.0,-2365.0,-65.69444,3.0
1758089402.53571,36035.0,197.94919,42943.0,235.89655,0.0,0.0,-3010.0,-83.61111,3.0
1758089402.53681,36035.0,197.94919,42772.0,234.9572,9.0,0.25,-3658.0,-101.61111,3.0
1758089402.55186,36034.0,197.9437,42572.0,233.85854,29.0,0.80556,-4144.0,-115.11111,3.0
1758089402.56782,36033.0,197.9382,42354.0,232.66101,28.0,0.77778,-4406.0,-122.38889,3.0
1758089402.56847,36031.0,197.92722,42132.0,231.44153,27.0,0.75,-4413.0,-122.58334,3.0
1758089402.58395,36030.0,197.92172,41907.0,230.20555,25.0,0.69444,-4479.0,-124.41666,3.0
1758089402.60065,36029.0,197.91623,41677.0,228.94209,20.0,0.55556,-4619.0,-128.30556,3.0
1758089402.60147,36028.0,197.91074,41438.0,227.62921,9.0,0.25,-4651.0,-129.19444,3.0
1758089402.61682,36028.0,197.91074,41206.0,226.35477,0.0,0.0,-4585.0,-127.36111,3.0
1758089402.61751,36028.0,197.91074,40976.0,225.09132,0.0,0.0,-4558.0,-126.61111,3.0
1758089402.63282,36028.0,197.91074,40746.0,223.82788,-1.0,-0.02778,-4530.0,-125.83334,3.0
1758089402.64884,36029.0,197.91623,40519.0,222.5809,-27.0,-0.75,-4451.0,-123.63889,3.0
1758089402.64952,36032.0,197.93271,40296.0,221.35591,-95.0,-2.63889,-4472.0,-124.22222,3.0
1758089402.66893,36040.0,197.97665,40062.0,220.07048,-213.0,-5.91667,-4786.0,-132.94444,3.0
1758089402.67108,36065.0,198.11398,39807.0,218.66971,-707.0,-19.63889,-5238.0,-145.5,3.0
1758089402.68866,36122.0,198.42709,39530.0,217.14809,-1442.0,-40.05556,-5602.0,-155.61111,3.0
1758089402.68933,36215.0,198.93796,39239.0,215.54955,-2107.0,-58.52778,-5877.0,-163.25,3.0
1758089402.70932,36343.0,199.64111,38936.0,213.8851,-2818.0,-78.27778,-6025.0,-167.36111,3.0
1758089402.71213,36504.0,200.52553,38639.0,212.2536,-3450.0,-95.83334,-5686.0,-157.94444,3.0
1758089402.72695,36692.0,201.55824,38363.0,210.73747,-3909.0,-108.58334,-5229.0,-145.25,3.0
1758089402.72772,36903.0,202.71732,38110.0,209.34769,-4326.0,-120.16666,-4800.0,-133.33333,3.0
1758089402.74616,37134.0,203.98627,37881.0,208.08972,-4718.0,-131.05556,-4297.0,-119.36111,3.0
1758089402.74844,37384.0,205.35957,37683.0,207.00206,-5066.0,-140.72223,-3612.0,-100.33334,3.0
1758089402.80334,37648.0,206.8098,37517.0,206.09019,-5280.0,-146.66667,-2994.0,-83.16666,3.0
1758089402.80405,37920.0,208.30396,37380.0,205.3376,-5480.0,-152.22223,-2469.0,-68.58334,3.0
1758089402.80861,38205.0,209.86954,37269.0,204.72786,-5733.0,-159.25,-1931.0,-53.63889,3.0
1758089402.80906,38498.0,211.47905,37184.0,204.26093,-5787.0,-160.75,-1478.0,-41.05556,3.0
1758089402.8102,38794.0,213.10507,37124.0,203.93134,-5807.0,-161.30556,-976.0,-27.11111,3.0
1758089402.81183,39091.0,214.73656,37081.0,203.69513,-5924.0,-164.55556,-732.0,-20.33333,3.0
1758089402.82699,39393.0,216.39552,37050.0,203.52484,-5975.0,-165.97223,-555.0,-15.41667,3.0
1758089402.82771,39695.0,218.05447,37027.0,203.3985,-5988.0,-166.33333,-439.0,-12.19444,3.0
1758089402.84297,39998.0,219.71892,37005.0,203.27765,-6022.0,-167.27777,-474.0,-13.16667,3.0
1758089402.85955,40303.0,221.39436,36975.0,203.11282,-5982.0,-166.16667,-686.0,-19.05556,3.0
1758089402.8599,40605.0,223.05334,36930.0,202.86563,-6000.0,-166.66667,-996.0,-27.66667,3.0
1758089402.87495,40908.0,224.71779,36875.0,202.56351,-5982.0,-166.16667,-1134.0,-31.5,3.0
1758089402.87657,41205.0,226.34927,36810.0,202.20645,-5729.0,-159.13889,-1399.0,-38.86111,3.0
1758089402.89197,41485.0,227.88739,36735.0,201.79445,-5388.0,-149.66667,-1548.0,-43.0,3.0
1758089402.90803,41745.0,229.31563,36649.0,201.32204,-4956.0,-137.66667,-1806.0,-50.16667,3.0
1758089402.90916,41967.0,230.53514,36562.0,200.84413,-3966.0,-110.16666,-1666.0,-46.27778,3.0
1758089402.92395,42139.0,231.47998,36478.0,200.38269,-2982.0,-82.83334,-1684.0,-46.77778,3.0
1758089402.92641,42271.0,232.20508,36386.0,199.87732,-2359.0,-65.52778,-1944.0,-54.0,3.0
1758089402.944,42375.0,232.77638,36271.0,199.24561,-1911.0,-53.08333,-2483.0,-68.97222,3.0
1758089402.95996,42461.0,233.24879,36128.0,198.46005,-1597.0,-44.36111,-3107.0,-86.30556,3.0
1758089402.98592,42538.0,233.67177,35949.0,197.47676,-1440.0,-40.0,-3829.0,-106.36111,3.0
1758089402.98923,42604.0,234.03432,35736.0,196.30672,-1265.0,-35.13889,-4508.0,-125.22222,3.0
1758089402.98967,42662.0,234.35295,35490.0,194.95537,-1020.0,-28.33333,-5161.0,-143.36111,3.0
1758089402.99158,42705.0,234.58916,35216.0,193.45023,-680.0,-18.88889,-5577.0,-154.91667,3.0
1758089403.00704,42730.0,234.72649,34929.0,191.87364,-380.0,-10.55556,-5669.0,-157.47223,3.0
1758089403.0091,42736.0,234.75945,34643.0,190.30258,18.0,0.5,-5657.0,-157.13889,3.0
1758089403.02401,42735.0,234.75395,34358.0,188.737,18.0,0.5,-5616.0,-156.0,3.0
1758089403.04111,42734.0,234.74846,34080.0,187.20988,26.0,0.72222,-5362.0,-148.94444,3.0
1758089403.04323,42732.0,234.73747,33818.0,185.77066,55.0,1.52778,-5011.0,-139.19444,3.0
1758089403.05896,42729.0,234.72099,33573.0,184.4248,42.0,1.16667,-4707.0,-130.75,3.0
1758089403.05963,42728.0,234.7155,33345.0,183.17235,15.0,0.41667,-4307.0,-119.63889,3.0
1758089403.07619,42727.0,234.71001,33140.0,182.04622,9.0,0.25,-3800.0,-105.55556,3.0
1758089403.0766,42726.0,234.70451,32961.0,181.06294,19.0,0.52778,-3309.0,-91.91666,3.0
1758089403.0959,42725.0,234.69902,32804.0,180.2005,38.0,1.05556,-2941.0,-81.69444,3.0
1758089403.09665,42722.0,234.68254,32666.0,179.44243,98.0,2.72222,-2559.0,-71.08334,3.0
1758089403.11204,42711.0,234.62212,32548.0,178.79424,342.0,9.5,-2113.0,-58.69444,3.0
1758089403.12811,42685.0,234.47929,32458.0,178.29985,673.0,18.69444,-1479.0,-41.08333,3.0
1758089403.12926,42628.0,234.16618,32415.0,178.06363,1486.0,41.27778,-381.0,-10.58333,3.0
1758089403.14409,42518.0,233.5619,32426.0,178.12405,2731.0,75.86111,530.0,14.72222,3.0
1758089403.16005,42338.0,232.57312,32483.0,178.43718,4167.0,115.75,1559.0,43.30556,3.0
1758089403.16201,42080.0,231.15587,32596.0,179.05791,5727.0,159.08333,2694.0,74.83334,3.0
1758089403.17703,41750.0,229.34309,32760.0,179.9588,7060.0,196.11111,3552.0,98.66666,3.0
1758089403.17866,41366.0,227.2337,32960.0,181.05745,7871.0,218.63889,4142.0,115.05556,3.0
1758089403.19409,40945.0,224.92104,33179.0,182.26048,8545.0,237.36111,4361.0,121.13889,3.0
1758089403.21011,40508.0,222.52048,33399.0,183.46898,8616.0,239.33333,4219.0,117.19444,3.0
1758089403.21151,40072.0,220.12544,33601.0,184.57861,8605.0,239.02777,3748.0,104.11111,3.0
1758089403.2271,39649.0,217.80179,33772.0,185.51797,8143.0,226.19444,3046.0,84.61111,3.0
1758089403.22827,39254.0,215.63194,33908.0,186.26505,7653.0,212.58333,2467.0,68.52778,3.0
1758089403.24393,38876.0,213.55551,34022.0,186.89128,7307.0,202.97223,2083.0,57.86111,3.0
1758089403.2601,38509.0,211.53947,34119.0,187.42412,7284.0,202.33333,1819.0,50.52778,3.0
1758089403.26126,38133.0,209.47403,34215.0,187.95148,7546.0,209.61111,1986.0,55.16667,3.0
1758089403.27768,37741.0,207.32066,34320.0,188.52826,7868.0,218.55556,2096.0,58.22222,3.0
1758089403.27888,37320.0,205.00801,34426.0,189.11053,8685.0,241.25,1954.0,54.27778,3.0
1758089403.29412,36863.0,202.49759,34515.0,189.59946,9196.0,255.44444,1586.0,44.05556,3.0
1758089403.3101,36395.0,199.92676,34582.0,189.9675,9240.0,256.66666,1090.0,30.27778,3.0
1758089403.31151,35945.0,197.45479,34618.0,190.16525,8477.0,235.47223,341.0,9.47222,3.0
1758089403.32712,35542.0,195.24101,34613.0,190.13779,7557.0,209.91667,-322.0,-8.94444,3.0
1758089403.32792,35196.0,193.34035,34587.0,189.99496,6276.0,174.33333,-670.0,-18.61111,3.0
1758089403.34388,34912.0,191.78026,34545.0,189.76425,5081.0,141.13889,-1004.0,-27.88889,3.0
1758089403.36016,34688.0,190.54979,34482.0,189.41818,3995.0,110.97222,-1436.0,-39.88889,3.0
1758089403.36073,34515.0,189.59946,34402.0,188.9787,3008.0,83.55556,-1639.0,-45.52778,3.0
1758089403.37698,34383.0,188.87433,34315.0,188.50079,2293.0,63.69444,-1726.0,-47.94444,3.0
1758089403.37778,34278.0,188.29755,34231.0,188.03937,1912.0,53.11111,-1630.0,-45.27778,3.0
1758089403.39324,34190.0,187.81415,34156.0,187.62737,1660.0,46.11111,-1326.0,-36.83333,3.0
1758089403.39821,34116.0,187.40764,34098.0,187.30876,1291.0,35.86111,-1027.0,-28.52778,3.0
1758089403.41419,34062.0,187.11101,34054.0,187.06706,906.0,25.16667,-772.0,-21.44444,3.0
1758089403.43011,34032.0,186.94621,34020.0,186.88029,332.0,9.22222,-609.0,-16.91667,3.0
1758089403.43151,34031.0,186.94072,33988.0,186.70451,-134.0,-3.72222,-664.0,-18.44444,3.0
1758089403.44818,34040.0,186.99016,33954.0,186.51775,-214.0,-5.94444,-675.0,-18.75,3.0
1758089403.44942,34054.0,187.06706,33922.0,186.34196,-310.0,-8.61111,-625.0,-17.36111,3.0
1758089403.46415,34073.0,187.17143,33892.0,186.17715,-444.0,-12.33333,-510.0,-14.16667,3.0
1758089403.48015,34094.0,187.28679,33867.0,186.03983,-418.0,-11.61111,-467.0,-12.97222,3.0
1758089403.48083,34112.0,187.38567,33843.0,185.90799,-321.0,-8.91667,-441.0,-12.25,3.0
1758089403.49616,34121.0,187.4351,33829.0,185.83109,-20.0,-0.55556,-95.0,-2.63889,3.0
1758089403.49704,34118.0,187.41862,33830.0,185.83658,67.0,1.86111,0.0,0.0,3.0
1758089403.51225,34114.0,187.39665,33830.0,185.83658,96.0,2.66667,13.0,0.36111,3.0
1758089403.5282,34107.0,187.3582,33831.0,185.84207,210.0,5.83333,31.0,0.86111,3.0
1758089403.52935,34085.0,187.23735,33836.0,185.86954,596.0,16.55556,171.0,4.75,3.0
1758089403.54427,34038.0,186.97917,33852.0,185.95743,1189.0,33.02778,468.0,13.0,3.0
1758089403.56018,33964.0,186.57268,33887.0,186.14969,1700.0,47.22222,917.0,25.47222,3.0
1758089403.56107,33864.0,186.02335,33954.0,186.51775,2170.0,60.27778,1603.0,44.52778,3.0
1758089403.57621,33741.0,185.34769,34051.0,187.05058,2570.0,71.38889,2152.0,59.77778,3.0
1758089403.57682,33605.0,184.60059,34174.0,187.72624,2734.0,75.94444,2624.0,72.88889,3.0
1758089403.59228,33466.0,183.83704,34317.0,188.51178,2665.0,74.02778,2960.0,82.22222,3.0
1758089403.60864,33335.0,183.11742,34476.0,189.38522,2486.0,69.05556,3259.0,90.52778,3.0
1758089403.60902,33216.0,182.46373,34645.0,190.31357,2210.0,61.38889,3427.0,95.19444,3.0
1758089403.62425,33112.0,181.89241,34823.0,191.29137,1925.0,53.47222,3511.0,97.52778,3.0
1758089403.63988,33023.0,181.40352,35006.0,192.29665,1663.0,46.19444,3693.0,102.58334,3.0
1758089403.64083,32944.0,180.96956,35201.0,193.36783,1467.0,40.75,3975.0,110.41666,3.0
1758089403.65629,32869.0,180.55756,35415.0,194.54337,1492.0,41.44444,4422.0,122.83334,3.0
1758089403.65698,32793.0,180.14008,35651.0,195.83977,1524.0,42.33333,4904.0,136.22223,3.0
1758089403.67228,32710.0,179.68414,35914.0,197.2845,1684.0,46.77778,5441.0,151.13889,3.0
1758089403.68826,32619.0,179.18425,36209.0,198.905,1873.0,52.02778,6082.0,168.94444,3.0
1758089403.68899,32523.0,178.65691,36531.0,200.67384,1941.0,53.91667,6524.0,181.22223,3.0
1758089403.70424,32426.0,178.12405,36869.0,202.53055,1873.0,52.02778,6797.0,188.80556,3.0
1758089403.7202,32336.0,177.62967,37222.0,204.46967,1632.0,45.33333,7077.0,196.58333,3.0
1758089403.72084,32265.0,177.23964,37576.0,206.41429,1211.0,33.63889,6934.0,192.61111,3.0
1758089403.73625,32216.0,176.97047,37928.0,208.3479,738.0,20.5,6965.0,193.47223,3.0
1758089403.73738,32199.0,176.87709,38274.0,210.24858,57.0,1.58333,6744.0,187.33333,3.0
1758089403.75223,32213.0,176.95399,38601.0,212.04486,-491.0,-13.63889,6215.0,172.63889,3.0
1758089403.76829,32246.0,177.13527,38902.0,213.69833,-760.0,-21.11111,5750.0,159.72223,3.0
1758089403.76908,32286.0,177.355,39181.0,215.23094,-807.0,-22.41667,5284.0,146.77777,3.0
1758089403.78432,32329.0,177.59122,39435.0,216.62624,-823.0,-22.86111,4852.0,134.77777,3.0
1758089403.80002,32372.0,177.82742,39666.0,217.89517,-841.0,-23.36111,4443.0,123.41666,3.0
1758089403.8009,32407.0,178.01968,39877.0,219.05424,-578.0,-16.05556,3960.0,110.0,3.0
1758089403.81658,32428.0,178.13504,40063.0,220.07597,-306.0,-8.5,3457.0,96.02778,3.0
1758089403.81701,32437.0,178.18448,40225.0,220.9659,-90.0,-2.5,2968.0,82.44444,3.0
1758089403.83236,32437.0,178.18448,40360.0,221.70749,31.0,0.86111,2484.0,69.0,3.0
1758089403.84834,32435.0,178.17349,40473.0,222.32822,57.0,1.58333,2045.0,56.80556,3.0
1758089403.84946,32429.0,178.14053,40563.0,222.8226,182.0,5.05556,1655.0,45.97222,3.0
1758089403.86433,32412.0,178.04715,40636.0,223.22363,441.0,12.25,1267.0,35.19444,3.0
1758089403.88,32378.0,177.86038,40693.0,223.53674,845.0,23.47222,1024.0,28.44444,3.0
1758089403.8812,32327.0,177.58023,40740.0,223.79492,1124.0,31.22222,800.0,22.22222,3.0
1758089403.89629,32262.0,177.22316,40767.0,223.94324,1395.0,38.75,366.0,10.16667,3.0
1758089403.89744,32183.0,176.78918,40774.0,223.98169,1630.0,45.27778,15.0,0.41667,3.0
1758089403.91234,32094.0,176.30029,40774.0,223.98169,1832.0,50.88889,-20.0,-0.55556,3.0
1758089403.92833,32000.0,175.78394,40772.0,223.9707,1876.0,52.11111,-54.0,-1.5,3.0
1758089403.92914,31906.0,175.26756,40767.0,223.94324,1796.0,49.88889,-149.0,-4.13889,3.0
1758089403.94432,31821.0,174.80064,40755.0,223.87732,1603.0,44.52778,-322.0,-8.94444,3.0
1758089403.95979,31748.0,174.39963,40729.0,223.7345,1322.0,36.72222,-631.0,-17.52778,3.0
1758089403.96097,31688.0,174.07004,40692.0,223.53125,1037.0,28.80556,-801.0,-22.25,3.0
1758089403.97636,31657.0,173.89975,40635.0,223.21814,294.0,8.16667,-1395.0,-38.75,3.0
1758089403.97712,31662.0,173.92722,40537.0,222.67978,-322.0,-8.94444,-2324.0,-64.55556,3.0
1758089403.99243,31694.0,174.103,40391.0,221.87778,-852.0,-23.66667,-3271.0,-90.86111,3.0
1758089404.00839,31748.0,174.39963,40198.0,220.81758,-1191.0,-33.08333,-4205.0,-116.80556,3.0
1758089404.00917,31818.0,174.78416,39957.0,219.4937,-1505.0,-41.80556,-5106.0,-141.83333,3.0
1758089404.02435,31901.0,175.2401,39678.0,217.96109,-1637.0,-45.47222,-5774.0,-160.38889,3.0
1758089404.04008,31986.0,175.70703,39376.0,216.30214,-1681.0,-46.69444,-6124.0,-170.11111,3.0
1758089404.04097,32067.0,176.15198,39059.0,214.56078,-1533.0,-42.58333,-6377.0,-177.13889,3.0
1758089404.05628,32139.0,176.54749,38728.0,212.74249,-1359.0,-37.75,-6598.0,-183.27777,3.0
1758089404.05696,32208.0,176.92653,38393.0,210.90227,-1378.0,-38.27778,-6655.0,-184.86111,3.0
1758089404.07237,32286.0,177.355,38043.0,208.97964,-1558.0,-43.27778,-7176.0,-199.33333,3.0
1758089404.0884,32367.0,177.79996,37663.0,206.8922,-1660.0,-46.11111,-7744.0,-215.11111,3.0
1758089404.08918,32453.0,178.27238,37248.0,204.6125,-1714.0,-47.61111,-8564.0,-237.88889,3.0
1758089404.10432,32544.0,178.77226,36791.0,202.10208,-1858.0,-51.61111,-9181.0,-255.02777,3.0
1758089404.11984,32642.0,179.31059,36335.0,199.59717,-1933.0,-53.69444,-8726.0,-242.38889,3.0
1758089404.1215,32729.0,179.78851,35916.0,197.29549,-1491.0,-41.41667,-7793.0,-216.47223,3.0
1758089404.13733,32785.0,180.09613,35553.0,195.30144,-728.0,-20.22222,-6739.0,-187.19444,3.0
1758089404.13871,32793.0,180.14008,35242.0,193.59305,195.0,5.41667,-5674.0,-157.61111,3.0
1758089404.15334,32770.0,180.01373,34988.0,192.19777,606.0,16.83333,-4493.0,-124.80556,3.0
1758089404.15777,32732.0,179.80499,34788.0,191.09911,780.0,21.66667,-3568.0,-99.11111,3.0
1758089404.17338,32695.0,179.60173,34625.0,190.2037,728.0,20.22222,-2945.0,-81.80556,3.0
1758089404.17636,32665.0,179.43694,34491.0,189.46762,452.0,12.55556,-2415.0,-67.08334,3.0
1758089404.1921,32653.0,179.37102,34383.0,188.87433,37.0,1.02778,-1927.0,-53.52778,3.0
1758089404.2084,32658.0,179.39848,34298.0,188.40741,-152.0,-4.22222,-1447.0,-40.19444,3.0
1758089404.20925,32675.0,179.49187,34236.0,188.06683,-501.0,-13.91667,-1058.0,-29.38889,3.0
1758089404.22439,32709.0,179.67865,34190.0,187.81415,-827.0,-22.97222,-745.0,-20.69444,3.0
1758089404.24008,32766.0,179.99176,34162.0,187.66032,-1342.0,-37.27778,-409.0,-11.36111,3.0
1758089404.24048,32843.0,180.41473,34147.0,187.57793,-1674.0,-46.5,-283.0,-7.86111,3.0
1758089404.25726,32938.0,180.9366,34134.0,187.50652,-2007.0,-55.75,-214.0,-5.94444,3.0
1758089404.25796,33049.0,181.54634,34124.0,187.45158,-2328.0,-64.66666,-163.0,-4.52778,3.0
1758089404.27339,33176.0,182.244,34118.0,187.41862,-2659.0,-73.86111,-108.0,-3.0,3.0
1758089404.27632,33321.0,183.04051,34107.0,187.3582,-3023.0,-83.97222,-320.0,-8.88889,3.0
1758089404.29341,33484.0,183.93591,34084.0,187.23186,-3385.0,-94.02778,-559.0,-15.52778,3.0
1758089404.29611,33667.0,184.94119,34050.0,187.04509,-3753.0,-104.25,-696.0,-19.33333,3.0
1758089404.31135,33866.0,186.03433,34005.0,186.7979,-4010.0,-111.38889,-1009.0,-28.02778,3.0
1758089404.32739,34076.0,187.18791,33942.0,186.45183,-4289.0,-119.13889,-1463.0,-40.63889,3.0
1758089404.32903,34301.0,188.42389,33857.0,185.98489,-4599.0,-127.75,-1845.0,-51.25,3.0
1758089404.34442,34544.0,189.75876,33751.0,185.40262,-4918.0,-136.61111,-2244.0,-62.33333,3.0
1758089404.34616,34797.0,191.14854,33627.0,184.72144,-5045.0,-140.13889,-2533.0,-70.36111,3.0
1758089404.36145,35054.0,192.56032,33492.0,183.97986,-5036.0,-139.88889,-2702.0,-75.05556,3.0
1758089404.37747,35310.0,193.96658,33354.0,183.22179,-5019.0,-139.41667,-2676.0,-74.33334,3.0
1758089404.37823,35562.0,195.35088,33222.0,182.49669,-4914.0,-136.5,-2483.0,-68.97222,3.0
1758089404.39344,35805.0,196.68575,33105.0,181.85396,-4670.0,-129.72223,-2158.0,-59.94444,3.0
1758089404.39648,36034.0,197.9437,33005.0,181.30464,-4481.0,-124.47222,-1818.0,-50.5,3.0
1758089404.41141,36255.0,199.15771,32923.0,180.8542,-4318.0,-119.94444,-1495.0,-41.52778,3.0
1758089404.4283,36471.0,200.34424,32858.0,180.49713,-4220.0,-117.22222,-1150.0,-31.94444,3.0
1758089404.42901,36682.0,201.50331,32807.0,180.21698,-4108.0,-114.11111,-899.0,-24.97222,3.0
1758089404.44465,36890.0,202.6459,32764.0,179.98077,-4101.0,-113.91666,-753.0,-20.91667,3.0
1758089404.45991,37100.0,203.7995,32731.0,179.7995,-4185.0,-116.25,-569.0,-15.80556,3.0
1758089404.4616,37316.0,204.98604,32703.0,179.64568,-4304.0,-119.55556,-599.0,-16.63889,3.0
1758089404.47826,37538.0,206.20555,32670.0,179.4644,-4389.0,-121.91666,-708.0,-19.66667,3.0
1758089404.47903,37763.0,207.44153,32633.0,179.26115,-4430.0,-123.05556,-751.0,-20.86111,3.0
1758089404.49448,37993.0,208.70496,32596.0,179.05791,-4507.0,-125.19444,-696.0,-19.33333,3.0
1758089404.50994,38213.0,209.91348,32570.0,178.91508,-4152.0,-115.33334,-349.0,-9.69444,3.0
1758089404.5113,38409.0,210.99016,32561.0,178.86565,-3638.0,-101.05556,-31.0,-0.86111,3.0
1758089404.52829,38579.0,211.92401,32561.0,178.86565,-3153.0,-87.58334,0.0,0.0,3.0
1758089404.52909,38727.0,212.737,32561.0,178.86565,-2763.0,-76.75,0.0,0.0,3.0
1758089404.54453,38859.0,213.46213,32560.0,178.86015,-2519.0,-69.97222,-9.0,-0.25,3.0
1758089404.54529,38980.0,214.1268,32559.0,178.85466,-2299.0,-63.86111,-55.0,-1.52778,3.0
1758089404.56052,39089.0,214.72557,32553.0,178.8217,-2038.0,-56.61111,-203.0,-5.63889,3.0
1758089404.57653,39187.0,215.2639,32536.0,178.72832,-1825.0,-50.69444,-325.0,-9.02778,3.0
1758089404.57733,39276.0,215.75279,32519.0,178.63493,-1697.0,-47.13889,-379.0,-10.52778,3.0
1758089404.59247,39350.0,216.15932,32502.0,178.54155,-1338.0,-37.16667,-314.0,-8.72222,3.0
1758089404.60852,39409.0,216.48341,32493.0,178.49211,-979.0,-27.19444,-80.0,-2.22222,3.0
1758089404.60932,39444.0,216.67567,32492.0,178.48662,-420.0,-11.66667,2.0,0.05556,3.0
1758089404.62454,39453.0,216.72511,32492.0,178.48662,-2.0,-0.05556,0.0,0.0,3.0
1758089404.6253,39453.0,216.72511,32492.0,178.48662,0.0,0.0,6.0,0.16667,3.0
1758089404.64052,39452.0,216.71962,32492.0,178.48662,4.0,0.11111,10.0,0.27778,3.0
1758089404.65654,39451.0,216.71413,32494.0,178.4976,37.0,1.02778,45.0,1.25,3.0
1758089404.65731,39447.0,216.69215,32498.0,178.51958,152.0,4.22222,134.0,3.72222,3.0
1758089404.67247,39430.0,216.59877,32506.0,178.56352,524.0,14.55556,189.0,5.25,3.0
1758089404.68856,39391.0,216.38454,32523.0,178.65691,984.0,27.33333,455.0,12.63889,3.0
1758089404.68936,39323.0,216.011,32552.0,178.81621,1619.0,44.97222,632.0,17.55556,3.0
1758089404.70453,39218.0,215.43419,32589.0,179.01945,2403.0,66.75,827.0,22.97222,3.0
1758089404.70538,39074.0,214.64317,32640.0,179.29961,3175.0,88.19444,1161.0,32.25,3.0
1758089404.72133,38883.0,213.59396,32712.0,179.69513,4247.0,117.97222,1617.0,44.91667,3.0
1758089404.73753,38634.0,212.22614,32812.0,180.24445,5383.0,149.52777,2229.0,61.91667,3.0
1758089404.73838,38322.0,210.51225,32938.0,180.9366,6753.0,187.58333,2672.0,74.22222,3.0
1758089404.75354,37952.0,208.47974,33082.0,181.72762,7655.0,212.63889,2980.0,82.77778,3.0
1758089404.75508,37547.0,206.25499,33235.0,182.5681,8194.0,227.61111,2985.0,82.91666,3.0
1758089404.77168,37116.0,203.88739,33382.0,183.3756,8665.0,240.69444,2732.0,75.88889,3.0
1758089404.78762,36679.0,201.48683,33509.0,184.07324,8616.0,239.33333,2311.0,64.19444,3.0
1758089404.78836,36244.0,199.09729,33613.0,184.64453,8534.0,237.05556,1798.0,49.94444,3.0
1758089404.80357,35827.0,196.80659,33688.0,185.05655,8060.0,223.88889,1273.0,35.36111,3.0
1758089404.80488,35425.0,194.5983,33739.0,185.3367,7868.0,218.55556,816.0,22.66667,3.0
1758089404.82061,35028.0,192.4175,33774.0,185.52896,7813.0,217.02777,639.0,17.75,3.0
1758089404.83664,34619.0,190.17075,33807.0,185.71024,8331.0,231.41667,682.0,18.94444,3.0
1758089404.83819,34182.0,187.7702,33847.0,185.92996,8658.0,240.5,931.0,25.86111,3.0
1758089404.85371,33735.0,185.31473,33905.0,186.24857,9071.0,251.97223,1360.0,37.77778,3.0
1758089404.85483,33266.0,182.73839,33995.0,186.74297,9474.0,263.16666,2057.0,57.13889,3.0
1758089404.87139,32771.0,180.01923,34122.0,187.4406,9935.0,275.97223,2882.0,80.05556,3.0
1758089404.88765,32287.0,177.36049,34295.0,188.39093,9148.0,254.11111,3858.0,107.16666,3.0
1758089404.88899,31838.0,174.89403,34512.0,189.58298,8608.0,239.11111,4264.0,118.44444,3.0
1758089404.90359,31438.0,172.69673,34706.0,190.64867,7242.0,201.16667,3306.0,91.83334,3.0
1758089404.90485,31125.0,170.97734,34822.0,191.28587,5312.0,147.55556,1522.0,42.27778,3.0
1758089404.92064,30918.0,169.84024,34857.0,191.47813,3116.0,86.55556,108.0,3.0,3.0
1758089404.95657,30818.0,169.29091,34851.0,191.44518,1189.0,33.02778,-53.0,-1.47222,3.0
1758089404.95895,30795.0,169.16457,34853.0,191.45616,-58.0,-1.61111,17.0,0.47222,3.0
1758089404.96007,30807.0,169.23048,34858.0,191.48363,-257.0,-7.13889,248.0,6.88889,3.0
1758089404.96082,30817.0,169.28542,34890.0,191.65941,-107.0,-2.97222,917.0,25.47222,3.0
1758089404.97746,30816.0,169.27992,34961.0,192.04945,59.0,1.63889,1809.0,50.25,3.0
1758089404.97825,30817.0,169.28542,35072.0,192.65919,-47.0,-1.30556,2383.0,66.19444,3.0
1758089404.9937,30821.0,169.30739,35207.0,193.40079,-74.0,-2.05556,2844.0,79.0,3.0
1758089404.99491,30825.0,169.32936,35365.0,194.26871,-92.0,-2.55556,3321.0,92.25,3.0
1758089405.01335,30835.0,169.38429,35542.0,195.24101,-330.0,-9.16667,3639.0,101.08334,3.0
1758089405.02908,30861.0,169.52711,35729.0,196.26826,-641.0,-17.80556,3689.0,102.47222,3.0
1758089405.02945,30903.0,169.75783,35916.0,197.29549,-964.0,-26.77778,3670.0,101.94444,3.0
1758089405.04711,30963.0,170.08743,36099.0,198.30075,-1312.0,-36.44444,3556.0,98.77778,3.0
1758089405.04901,31037.0,170.49393,36275.0,199.26758,-1572.0,-43.66667,3427.0,95.19444,3.0
1758089405.06547,31122.0,170.96086,36441.0,200.17944,-1729.0,-48.02778,3192.0,88.66666,3.0
1758089405.06625,31212.0,171.45526,36594.0,201.01991,-1755.0,-48.75,2914.0,80.94444,3.0
1758089405.08332,31298.0,171.92767,36737.0,201.80545,-1658.0,-46.05556,2742.0,76.16666,3.0
1758089405.09872,31376.0,172.35614,36871.0,202.54153,-1417.0,-39.36111,2598.0,72.16666,3.0
1758089405.09995,31440.0,172.70772,37003.0,203.26666,-1130.0,-31.38889,2574.0,71.5,3.0
1758089405.11579,31488.0,172.97139,37131.0,203.96979,-771.0,-21.41667,2494.0,69.27778,3.0
1758089405.11621,31517.0,173.13069,37253.0,204.63997,-453.0,-12.58333,2286.0,63.5,3.0
1758089405.13249,31534.0,173.22408,37359.0,205.22224,-282.0,-7.83333,1966.0,54.61111,3.0
1758089405.15303,31542.0,173.26802,37446.0,205.70015,-62.0,-1.72222,1565.0,43.47222,3.0
1758089405.15341,31542.0,173.26802,37512.0,206.06273,4.0,0.11111,1044.0,29.0,3.0
1758089405.16874,31542.0,173.26802,37553.0,206.28795,0.0,0.0,655.0,18.19444,3.0
1758089405.16949,31542.0,173.26802,37573.0,206.39781,9.0,0.25,224.0,6.22222,3.0
1758089405.18551,31542.0,173.26802,37577.0,206.41978,6.0,0.16667,0.0,0.0,3.0
1758089405.18868,31541.0,173.26253,37577.0,206.41978,7.0,0.19444,0.0,0.0,3.0
1758089405.2055,31545.0,173.2845,37574.0,206.40331,-142.0,-3.94444,-68.0,-1.88889,3.0
1758089405.20627,31566.0,173.39987,37564.0,206.34837,-595.0,-16.52778,-313.0,-8.69444,3.0
1758089405.22166,31614.0,173.66354,37537.0,206.20006,-1227.0,-34.08333,-658.0,-18.27778,3.0
1758089405.23849,31696.0,174.11398,37489.0,205.93636,-1974.0,-54.83333,-1197.0,-33.25,3.0
1758089405.23974,31817.0,174.77867,37414.0,205.52437,-2649.0,-73.58334,-1673.0,-46.47222,3.0
1758089405.25582,31969.0,175.61365,37315.0,204.98055,-3270.0,-90.83334,-2158.0,-59.94444,3.0
1758089405.25622,32147.0,176.59143,37197.0,204.33234,-3640.0,-101.11111,-2467.0,-68.52778,3.0
1758089405.27171,32335.0,177.62418,37069.0,203.62921,-3749.0,-104.13889,-2551.0,-70.86111,3.0
1758089405.28769,32530.0,178.69536,36937.0,202.90408,-3935.0,-109.30556,-2710.0,-75.27778,3.0
1758089405.28889,32745.0,179.8764,36789.0,202.09109,-4484.0,-124.55556,-3118.0,-86.61111,3.0
1758089405.30429,32985.0,181.19478,36612.0,201.11879,-4906.0,-136.27777,-3769.0,-104.69444,3.0
1758089405.30808,33241.0,182.60106,36392.0,199.91028,-5137.0,-142.69444,-4731.0,-131.41667,3.0
1758089405.32453,33512.0,184.08972,36122.0,198.42709,-5467.0,-151.86111,-5771.0,-160.30556,3.0
1758089405.32579,33796.0,185.64981,35812.0,196.7242,-5659.0,-157.19444,-6195.0,-172.08333,3.0
1758089405.34312,34072.0,187.16594,35506.0,195.04326,-5286.0,-146.83333,-5865.0,-162.91667,3.0
1758089405.35875,34319.0,188.52277,35230.0,193.52713,-4521.0,-125.58334,-5121.0,-142.25,3.0
1758089405.35955,34521.0,189.63242,34990.0,192.20876,-3579.0,-99.41666,-4454.0,-123.72222,3.0
1758089405.37553,34675.0,190.47836,34778.0,191.04417,-2622.0,-72.83334,-3965.0,-110.13889,3.0
1758089405.37712,34782.0,191.06615,34584.0,189.97849,-1717.0,-47.69444,-3753.0,-104.25,3.0
1758089405.39355,34852.0,191.45067,34396.0,188.94574,-1135.0,-31.52778,-3747.0,-104.08334,3.0
1758089405.39479,34896.0,191.69237,34198.0,187.85809,-656.0,-18.22222,-4067.0,-112.97222,3.0
1758089405.41155,34924.0,191.84618,33983.0,186.67705,-511.0,-14.19444,-4446.0,-123.5,3.0
1758089405.4288,34952.0,192.00002,33744.0,185.36417,-635.0,-17.63889,-4944.0,-137.33333,3.0
1758089405.4293,34984.0,192.1758,33478.0,183.90295,-597.0,-16.58333,-5479.0,-152.19444,3.0
1758089405.44483,35014.0,192.34059,33190.0,182.32091,-575.0,-15.97222,-5791.0,-160.86111,3.0
1758089405.44638,35042.0,192.4944,32891.0,180.67841,-501.0,-13.91667,-5993.0,-166.47223,3.0
1758089405.46281,35064.0,192.61525,32579.0,178.96452,-367.0,-10.19444,-6270.0,-174.16667,3.0
1758089405.47878,35078.0,192.69215,32263.0,177.22865,-231.0,-6.41667,-6166.0,-171.27777,3.0
1758089405.47999,35082.0,192.71413,31959.0,175.55872,4.0,0.11111,-5869.0,-163.02777,3.0
1758089405.49641,35082.0,192.71413,31671.0,173.97665,0.0,0.0,-5571.0,-154.75,3.0
1758089405.49717,35082.0,192.71413,31404.0,172.50995,7.0,0.19444,-5044.0,-140.11111,3.0
1758089405.51287,35082.0,192.71413,31167.0,171.20805,0.0,0.0,-4418.0,-122.72222,3.0
1758089405.52877,35082.0,192.71413,30959.0,170.06546,1.0,0.02778,-3900.0,-108.33334,3.0
1758089405.52955,35082.0,192.71413,30778.0,169.07118,4.0,0.11111,-3336.0,-92.66666,3.0
1758089405.54484,35082.0,192.71413,30628.0,168.24719,0.0,0.0,-2667.0,-74.08334,3.0
1758089405.54562,35077.0,192.68666,30521.0,167.65941,114.0,3.16667,-1599.0,-44.41667,3.0
1758089405.5608,35074.0,192.67018,30469.0,167.37376,22.0,0.61111,-604.0,-16.77778,3.0
1758089405.57913,35074.0,192.67018,30458.0,167.31334,0.0,0.0,53.0,1.47222,3.0
1758089405.57926,35074.0,192.67018,30459.0,167.31883,0.0,0.0,0.0,0.0,3.0
1758089405.59572,35075.0,192.67567,30459.0,167.31883,-25.0,-0.69444,0.0,0.0,3.0
1758089405.59612,35077.0,192.68666,30459.0,167.31883,-53.0,-1.47222,0.0,0.0,3.0
1758089405.61179,35079.0,192.69765,30459.0,167.31883,-25.0,-0.69444,0.0,0.0,3.0
1758089405.62778,35079.0,192.69765,30461.0,167.32982,0.0,0.0,48.0,1.33333,3.0
1758089405.62846,35079.0,192.69765,30464.0,167.3463,0.0,0.0,58.0,1.61111,3.0
1758089405.64385,35079.0,192.69765,30467.0,167.36278,0.0,0.0,89.0,2.47222,3.0
1758089405.64506,35079.0,192.69765,30475.0,167.40672,1.0,0.02778,252.0,7.0,3.0
1758089405.66326,35079.0,192.69765,30498.0,167.53307,4.0,0.11111,570.0,15.83333,3.0
1758089405.67893,35079.0,192.69765,30536.0,167.74182,0.0,0.0,902.0,25.05556,3.0
1758089405.68018,35079.0,192.69765,30592.0,168.04944,0.0,0.0,1221.0,33.91667,3.0
1758089405.6978,35079.0,192.69765,30659.0,168.4175,0.0,0.0,1386.0,38.5,3.0
1758089405.69845,35079.0,192.69765,30732.0,168.8185,0.0,0.0,1488.0,41.33333,3.0
1758089405.71396,35079.0,192.69765,30815.0,169.27443,0.0,0.0,1808.0,50.22222,3.0
1758089405.71582,35076.0,192.68117,30918.0,169.84024,46.0,1.27778,2213.0,61.47222,3.0
1758089405.73189,35071.0,192.6537,31048.0,170.55437,170.0,4.72222,2776.0,77.11111,3.0
1758089405.7478,35052.0,192.54933,31204.0,171.41132,507.0,14.08333,3304.0,91.77778,3.0
1758089405.74865,35017.0,192.35707,31386.0,172.41107,805.0,22.36111,3764.0,104.55556,3.0
1758089405.76483,34967.0,192.08241,31586.0,173.50974,1117.0,31.02778,4033.0,112.02778,3.0
1758089405.76575,34908.0,191.75829,31797.0,174.66879,1187.0,32.97222,4175.0,115.97222,3.0
1758089405.78412,34844.0,191.40672,32010.0,175.83887,1297.0,36.02778,4201.0,116.69444,3.0
1758089405.78882,34776.0,191.03319,32221.0,176.99794,1328.0,36.88889,4154.0,115.38889,3.0
1758089405.80389,34707.0,190.65416,32427.0,178.12955,1384.0,38.44444,3993.0,110.91666,3.0
1758089405.80754,34640.0,190.2861,32625.0,179.21721,1306.0,36.27778,3888.0,108.0,3.0
1758089405.82394,34569.0,189.89609,32825.0,180.31586,1547.0,42.97222,4064.0,112.88889,3.0
1758089405.82498,34477.0,189.39072,33042.0,181.50789,2077.0,57.69444,4517.0,125.47222,3.0
1758089405.84334,34351.0,188.69855,33289.0,182.86473,2766.0,76.83334,5182.0,143.94444,3.0
1758089405.85888,34184.0,187.78119,33567.0,184.39185,3639.0,101.08334,5677.0,157.69444,3.0
1758089405.85955,33980.0,186.66057,33855.0,185.97391,4295.0,119.30556,5584.0,155.11111,3.0
1758089405.87498,33763.0,185.46854,34118.0,187.41862,4195.0,116.52778,4841.0,134.47223,3.0
1758089405.87556,33567.0,184.39185,34334.0,188.60516,3579.0,99.41666,3779.0,104.97222,3.0
1758089405.89254,33410.0,183.52942,34493.0,189.47861,2718.0,75.5,2615.0,72.63889,3.0
1758089405.90871,33293.0,182.8867,34592.0,190.02243,2035.0,56.52778,1510.0,41.94444,3.0
1758089405.90951,33207.0,182.41429,34644.0,190.30807,1484.0,41.22222,651.0,18.08333,3.0
1758089405.92495,33138.0,182.03523,34658.0,190.38498,1303.0,36.19444,71.0,1.97222,3.0
1758089405.92582,33074.0,181.68367,34658.0,190.38498,1313.0,36.47222,0.0,0.0,3.0
1758089405.94093,32997.0,181.2607,34660.0,190.39597,1705.0,47.36111,99.0,2.75,3.0
1758089405.95773,32897.0,180.71138,34674.0,190.47287,2212.0,61.44444,388.0,10.77778,3.0
1758089405.95857,32771.0,180.01923,34703.0,190.63219,2702.0,75.05556,761.0,21.13889,3.0
1758089405.97392,32620.0,179.18974,34753.0,190.90685,3151.0,87.52778,1149.0,31.91667,3.0
1758089405.97596,32454.0,178.27788,34816.0,191.25291,3364.0,93.44444,1311.0,36.41667,3.0
1758089405.99201,32283.0,177.33852,34885.0,191.63194,3342.0,92.83334,1356.0,37.66667,3.0
1758089406.00874,32117.0,176.42664,34949.0,191.98354,3199.0,88.86111,1185.0,32.91667,3.0
1758089406.01136,31963.0,175.58069,35005.0,192.29115,2918.0,81.05556,1027.0,28.52778,3.0
1758089406.02696,31827.0,174.8336,35049.0,192.53285,2539.0,70.52778,799.0,22.19444,3.0
1758089406.02773,31709.0,174.18539,35084.0,192.72511,2213.0,61.47222,675.0,18.75,3.0
1758089406.0438,31606.0,173.6196,35121.0,192.92836,1931.0,53.63889,762.0,21.16667,3.0
1758089406.04616,31518.0,173.13618,35160.0,193.14259,1606.0,44.61111,730.0,20.27778,3.0
1758089406.06283,31444.0,172.72969,35196.0,193.34035,1308.0,36.33333,766.0,21.27778,3.0
1758089406.07897,31390.0,172.43304,35237.0,193.56558,908.0,25.22222,830.0,23.05556,3.0
1758089406.0811,31355.0,172.24078,35282.0,193.81277,501.0,13.91667,874.0,24.27778,3.0
1758089406.09602,31347.0,172.19684,35310.0,193.96658,-78.0,-2.16667,334.0,9.27778,3.0
1758089406.09679,31354.0,172.23529,35317.0,194.00504,-205.0,-5.69444,2.0,0.05556,3.0
1758089406.11231,31368.0,172.31219,35317.0,194.00504,-309.0,-8.58333,0.0,0.0,3.0
1758089406.12804,31386.0,172.41107,35316.0,193.99954,-407.0,-11.30556,0.0,0.0,3.0
1758089406.1288,31405.0,172.51544,35316.0,193.99954,-411.0,-11.41667,0.0,0.0,3.0
1758089406.14409,31426.0,172.63081,35316.0,193.99954,-423.0,-11.75,0.0,0.0,3.0
1758089406.14606,31448.0,172.75166,35316.0,193.99954,-430.0,-11.94444,0.0,0.0,3.0
1758089406.16394,31468.0,172.86153,35317.0,194.00504,-350.0,-9.72222,0.0,0.0,3.0
1758089406.17901,31479.0,172.92195,35317.0,194.00504,-111.0,-3.08333,11.0,0.30556,3.0
1758089406.18027,31481.0,172.93294,35318.0,194.01053,0.0,0.0,30.0,0.83333,3.0
1758089406.19618,31481.0,172.93294,35321.0,194.02701,0.0,0.0,84.0,2.33333,3.0
1758089406.19826,31484.0,172.94942,35322.0,194.0325,-115.0,-3.19444,0.0,0.0,3.0
1758089406.21406,31499.0,173.03181,35322.0,194.0325,-434.0,-12.05556,0.0,0.0,3.0
1758089406.21611,31538.0,173.24605,35321.0,194.02701,-1041.0,-28.91667,0.0,0.0,3.0
1758089406.23204,31610.0,173.64157,35320.0,194.02151,-1677.0,-46.58333,0.0,0.0,3.0
1758089406.24886,31713.0,174.20737,35319.0,194.01602,-2335.0,-64.86111,0.0,0.0,3.0
1758089406.24981,31846.0,174.93797,35318.0,194.01053,-2862.0,-79.5,-8.0,-0.22222,3.0
1758089406.2684,32005.0,175.8114,35318.0,194.01053,-3325.0,-92.36111,0.0,0.0,3.0
1758089406.26908,32182.0,176.78369,35318.0,194.01053,-3609.0,-100.25,0.0,0.0,3.0
1758089406.2884,32372.0,177.82742,35318.0,194.01053,-3861.0,-107.25,15.0,0.41667,3.0
1758089406.28907,32573.0,178.93156,35318.0,194.01053,-4014.0,-111.5,13.0,0.36111,3.0
1758089406.30583,32780.0,180.06866,35318.0,194.01053,-4115.0,-114.30556,9.0,0.25,3.0
1758089406.30708,32989.0,181.21675,35318.0,194.01053,-4066.0,-112.94444,11.0,0.30556,3.0
1758089406.3221,33195.0,182.34837,35318.0,194.01053,-4034.0,-112.05556,0.0,0.0,3.0
1758089406.33814,33398.0,183.46349,35318.0,194.01053,-3983.0,-110.63889,0.0,0.0,3.0
1758089406.33886,33597.0,184.55664,35319.0,194.01602,-3896.0,-108.22222,0.0,0.0,3.0
1758089406.35402,33793.0,185.63333,35318.0,194.01053,-3898.0,-108.27778,-14.0,-0.38889,3.0
1758089406.35763,33990.0,186.7155,35316.0,193.99954,-3906.0,-108.5,-60.0,-1.66667,3.0
1758089406.37309,34193.0,187.83063,35309.0,193.96109,-4124.0,-114.55556,-239.0,-6.63889,3.0
1758089406.38991,34412.0,189.03363,35284.0,193.82376,-4443.0,-123.41666,-669.0,-18.58333,3.0
1758089406.39148,34644.0,190.30807,35236.0,193.56009,-4577.0,-127.13889,-1131.0,-31.41667,3.0
1758089406.408,34874.0,191.57152,35165.0,193.17006,-4459.0,-123.86111,-1646.0,-45.72222,3.0
1758089406.40872,35096.0,192.79103,35061.0,192.59877,-4328.0,-120.22222,-2337.0,-64.91666,3.0
1758089406.4241,35315.0,193.99405,34924.0,191.84618,-4310.0,-119.72222,-2847.0,-79.08334,3.0
1758089406.42692,35532.0,195.18608,34763.0,190.96178,-4189.0,-116.36111,-3209.0,-89.13889,3.0
1758089406.44391,35732.0,196.28474,34607.0,190.10483,-3639.0,-101.08334,-2895.0,-80.41666,3.0
1758089406.44515,35888.0,197.14168,34480.0,189.4072,-2598.0,-72.16666,-2238.0,-62.16667,3.0
1758089406.46111,35980.0,197.64706,34387.0,188.8963,-1218.0,-33.83333,-1507.0,-41.86111,3.0
1758089406.4779,36004.0,197.7789,34330.0,188.58319,54.0,1.5,-809.0,-22.47222,3.0
1758089406.47869,35977.0,197.63058,34307.0,188.45685,830.0,23.05556,-225.0,-6.25,3.0
1758089406.49415,35916.0,197.29549,34301.0,188.42389,1435.0,39.86111,-89.0,-2.47222,3.0
1758089406.4969,35833.0,196.83955,34293.0,188.37994,1737.0,48.25,-262.0,-7.27778,3.0
1758089406.51313,35744.0,196.35066,34269.0,188.24811,1742.0,48.38889,-668.0,-18.55556,3.0
1758089406.52913,35661.0,195.8947,34215.0,187.95148,1541.0,42.80556,-1339.0,-37.19444,3.0
1758089406.52999,35589.0,195.49919,34133.0,187.50102,1286.0,35.72222,-1849.0,-51.36111,3.0
1758089406.5463,35533.0,195.19157,34025.0,186.90776,972.0,27.0,-2246.0,-62.38889,3.0
1758089406.54668,35488.0,194.94438,33904.0,186.24307,845.0,23.47222,-2466.0,-68.5,3.0
1758089406.56419,35452.0,194.74661,33778.0,185.55093,626.0,17.38889,-2460.0,-68.33334,3.0
1758089406.56551,35420.0,194.57083,33660.0,184.90271,636.0,17.66667,-2213.0,-61.47222,3.0
1758089406.58113,35386.0,194.38406,33559.0,184.3479,706.0,19.61111,-1823.0,-50.63889,3.0
1758089406.598,35345.0,194.15884,33483.0,183.93042,857.0,23.80556,-1274.0,-35.38889,3.0
1758089406.59876,35301.0,193.91714,33431.0,183.64478,857.0,23.80556,-813.0,-22.58333,3.0
1758089406.61419,35256.0,193.66995,33404.0,183.49644,916.0,25.44444,-294.0,-8.16667,3.0
1758089406.61625,35208.0,193.40628,33403.0,183.49095,936.0,26.0,52.0,1.44444,3.0
1758089406.63218,35161.0,193.14809,33407.0,183.51292,920.0,25.55556,85.0,2.36111,3.0
1758089406.6492,35114.0,192.88991,33411.0,183.53491,971.0,26.97222,66.0,1.83333,3.0
1758089406.64997,35066.0,192.62624,33413.0,183.5459,888.0,24.66667,32.0,0.88889,3.0
1758089406.66759,35020.0,192.37355,33414.0,183.55139,896.0,24.88889,17.0,0.47222,3.0
1758089406.66876,34973.0,192.11537,33416.0,183.56238,965.0,26.80556,0.0,0.0,3.0
1758089406.68419,34925.0,191.85167,33416.0,183.56238,910.0,25.27778,0.0,0.0,3.0
1758089406.68792,34880.0,191.60448,33416.0,183.56238,917.0,25.47222,0.0,0.0,3.0
1758089406.70319,34833.0,191.3463,33416.0,183.56238,909.0,25.25,0.0,0.0,3.0
1758089406.7197,34791.0,191.11559,33416.0,183.56238,772.0,21.44444,0.0,0.0,3.0
1758089406.7201,34757.0,190.92882,33414.0,183.55139,629.0,17.47222,-4.0,-0.11111,3.0
1758089406.736,34725.0,190.75304,33414.0,183.55139,604.0,16.77778,0.0,0.0,3.0
1758089406.73681,34699.0,190.61021,33414.0,183.55139,398.0,11.05556,-6.0,-0.16667,3.0
1758089406.75225,34684.0,190.5278,33414.0,183.55139,200.0,5.55556,-4.0,-0.11111,3.0
1758089406.7687,34678.0,190.49484,33414.0,183.55139,58.0,1.61111,0.0,0.0,3.0
1758089406.76909,34677.0,190.48935,33414.0,183.55139,0.0,0.0,0.0,0.0,3.0
1758089406.785,34677.0,190.48935,33414.0,183.55139,0.0,0.0,0.0,0.0,3.0
1758089406.78863,34677.0,190.48935,33414.0,183.55139,9.0,0.25,0.0,0.0,3.0
1758089406.805,34675.0,190.47836,33414.0,183.55139,66.0,1.83333,0.0,0.0,3.0
1758089406.80859,34668.0,190.43991,33414.0,183.55139,162.0,4.5,0.0,0.0,3.0
1758089406.82506,34659.0,190.39047,33414.0,183.55139,198.0,5.5,0.0,0.0,3.0
1758089406.82887,34643.0,190.30258,33414.0,183.55139,401.0,11.13889,0.0,0.0,3.0
1758089406.84428,34620.0,190.17624,33414.0,183.55139,534.0,14.83333,0.0,0.0,3.0
1758089406.84545,34586.0,189.98947,33414.0,183.55139,795.0,22.08333,-2.0,-0.05556,3.0
1758089406.86314,34541.0,189.74228,33414.0,183.55139,877.0,24.36111,-14.0,-0.38889,3.0
1758089406.8791,34492.0,189.47311,33414.0,183.55139,1027.0,28.52778,-18.0,-0.5,3.0
1758089406.88023,34437.0,189.17099,33413.0,183.5459,1168.0,32.44444,-30.0,-0.83333,3.0
1758089406.89695,34377.0,188.84137,33409.0,183.52393,1183.0,32.86111,-69.0,-1.91667,3.0
1758089406.89773,34314.0,188.4953,33406.0,183.50743,1286.0,35.72222,-64.0,-1.77778,3.0
1758089406.91327,34248.0,188.13275,33404.0,183.49644,1308.0,36.33333,-52.0,-1.44444,3.0
1758089406.92927,34180.0,187.75922,33401.0,183.47997,1391.0,38.63889,-82.0,-2.27778,3.0
1758089406.93007,34110.0,187.37468,33394.0,183.44151,1382.0,38.38889,-167.0,-4.63889,3.0
1758089406.94878,34038.0,186.97917,33383.0,183.38109,1466.0,40.72222,-252.0,-7.0,3.0
1758089406.94919,33965.0,186.57817,33368.0,183.29869,1475.0,40.97222,-289.0,-8.02778,3.0
1758089406.96618,33888.0,186.15518,33351.0,183.20531,1522.0,42.27778,-419.0,-11.63889,3.0
1758089406.96688,33811.0,185.73221,33325.0,183.06248,1569.0,43.58333,-584.0,-16.22222,3.0
1758089406.98389,33732.0,185.29825,33290.0,182.87022,1555.0,43.19444,-704.0,-19.55556,3.0
1758089406.99933,33654.0,184.86975,33254.0,182.67247,1564.0,43.44444,-731.0,-20.30556,3.0
1758089407.00213,33578.0,184.45227,33215.0,182.45824,1498.0,41.61111,-820.0,-22.77778,3.0
1758089407.01806,33503.0,184.04028,33169.0,182.20555,1475.0,40.97222,-920.0,-25.55556,3.0
1758089407.01934,33431.0,183.64478,33123.0,181.95284,1419.0,39.41667,-910.0,-25.27778,3.0
1758089407.0343,33361.0,183.26024,33075.0,181.68916,1356.0,37.66667,-982.0,-27.27778,3.0
1758089407.03555,33295.0,182.89769,33025.0,181.41451,1316.0,36.55556,-979.0,-27.19444,3.0
1758089407.05231,33230.0,182.54063,32978.0,181.15633,1249.0,34.69444,-883.0,-24.52778,3.0
1758089407.06909,33168.0,182.20006,32933.0,180.90913,1186.0,32.94444,-921.0,-25.58333,3.0
1758089407.07157,33108.0,181.87044,32887.0,180.65643,1135.0,31.52778,-847.0,-23.52778,3.0
1758089407.08968,33052.0,181.56282,32848.0,180.4422,1082.0,30.05556,-753.0,-20.91667,3.0
1758089407.09141,33000.0,181.27718,32812.0,180.24445,1023.0,28.41667,-696.0,-19.33333,3.0
1758089407.10729,32952.0,181.0135,32777.0,180.05219,858.0,23.83333,-673.0,-18.69444,3.0
1758089407.10808,32911.0,180.78828,32749.0,179.89838,790.0,21.94444,-477.0,-13.25,3.0
1758089407.12333,32874.0,180.58502,32728.0,179.78302,672.0,18.66667,-323.0,-8.97222,3.0
1758089407.13932,32843.0,180.41473,32714.0,179.70612,535.0,14.86111,-286.0,-7.94444,3.0
1758089407.1401,32821.0,180.29388,32699.0,179.6237,357.0,9.91667,-303.0,-8.41667,3.0
1758089407.15771,32811.0,180.23895,32686.0,179.55229,99.0,2.75,-211.0,-5.86111,3.0
1758089407.15851,32810.0,180.23346,32677.0,179.50285,0.0,0.0,-177.0,-4.91667,3.0
1758089407.17433,32810.0,180.23346,32667.0,179.44792,0.0,0.0,-150.0,-4.16667,3.0
1758089407.17551,32810.0,180.23346,32663.0,179.42595,0.0,0.0,-37.0,-1.02778,3.0
1758089407.19136,32810.0,180.23346,32663.0,179.42595,0.0,0.0,10.0,0.27778,3.0
1758089407.20899,32810.0,180.23346,32663.0,179.42595,0.0,0.0,0.0,0.0,3.0
1758089407.21253,32810.0,180.23346,32663.0,179.42595,0.0,0.0,0.0,0.0,3.0
1758089407.22733,32810.0,180.23346,32663.0,179.42595,0.0,0.0,0.0,0.0,3.0
1758089407.22817,32810.0,180.23346,32663.0,179.42595,0.0,0.0,0.0,0.0,3.0
1758089407.24336,32810.0,180.23346,32663.0,179.42595,0.0,0.0,0.0,0.0,3.0
1758089407.25939,32810.0,180.23346,32663.0,179.42595,0.0,0.0,4.0,0.11111,3.0
1758089407.26137,32810.0,180.23346,32664.0,179.43144,0.0,0.0,0.0,0.0,3.0
1758089407.27835,32810.0,180.23346,32664.0,179.43144,0.0,0.0,9.0,0.25,3.0
1758089407.27873,32810.0,180.23346,32664.0,179.43144,0.0,0.0,0.0,0.0,3.0
1758089407.2943,32810.0,180.23346,32664.0,179.43144,0.0,0.0,4.0,0.11111,3.0
1758089407.29635,32810.0,180.23346,32664.0,179.43144,-2.0,-0.05556,1.0,0.02778,3.0
1758089407.31238,32810.0,180.23346,32664.0,179.43144,0.0,0.0,0.0,0.0,3.0
1758089407.32917,32811.0,180.23895,32665.0,179.43694,0.0,0.0,0.0,0.0,3.0
1758089407.32997,32811.0,180.23895,32665.0,179.43694,-2.0,-0.05556,0.0,0.0,3.0
1758089407.34538,32811.0,180.23895,32665.0,179.43694,-12.0,-0.33333,0.0,0.0,3.0
1758089407.34619,32812.0,180.24445,32665.0,179.43694,-27.0,-0.75,0.0,0.0,3.0
1758089407.36136,32814.0,180.25543,32665.0,179.43694,-40.0,-1.11111,0.0,0.0,3.0
1758089407.37738,32817.0,180.27191,32665.0,179.43694,-66.0,-1.83333,2.0,0.05556,3.0
1758089407.37819,32821.0,180.29388,32666.0,179.44243,-104.0,-2.88889,4.0,0.11111,3.0
1758089407.39609,32827.0,180.32684,32666.0,179.44243,-101.0,-2.80556,13.0,0.36111,3.0
1758089407.3965,32829.0,180.33783,32667.0,179.44792,0.0,0.0,26.0,0.72222,3.0
1758089407.41238,32828.0,180.33234,32670.0,179.4644,4.0,0.11111,59.0,1.63889,3.0
1758089407.42947,32829.0,180.33783,32673.0,179.48088,-4.0,-0.11111,58.0,1.61111,3.0
1758089407.42982,32828.0,180.33234,32675.0,179.49187,0.0,0.0,10.0,0.27778,3.0
1758089407.44544,32828.0,180.33234,32675.0,179.49187,0.0,0.0,5.0,0.13889,3.0
1758089407.44702,32828.0,180.33234,32676.0,179.49736,0.0,0.0,26.0,0.72222,3.0
1758089407.46405,32828.0,180.33234,32678.0,179.50835,0.0,0.0,56.0,1.55556,3.0
1758089407.47941,32828.0,180.33234,32683.0,179.53581,0.0,0.0,166.0,4.61111,3.0
1758089407.48023,32828.0,180.33234,32697.0,179.61272,3.0,0.08333,330.0,9.16667,3.0
1758089407.49543,32828.0,180.33234,32712.0,179.69513,0.0,0.0,277.0,7.69444,3.0
1758089407.49739,32828.0,180.33234,32725.0,179.76654,0.0,0.0,286.0,7.94444,3.0
1758089407.51239,32828.0,180.33234,32744.0,179.87091,0.0,0.0,416.0,11.55556,3.0
1758089407.52932,32828.0,180.33234,32767.0,179.99725,0.0,0.0,498.0,13.83333,3.0
1758089407.52999,32828.0,180.33234,32794.0,180.14557,0.0,0.0,525.0,14.58333,3.0
1758089407.54855,32828.0,180.33234,32820.0,180.28839,0.0,0.0,507.0,14.08333,3.0
1758089407.5493,32828.0,180.33234,32843.0,180.41473,0.0,0.0,452.0,12.55556,3.0
1758089407.56544,32828.0,180.33234,32863.0,180.5246,0.0,0.0,339.0,9.41667,3.0
1758089407.56707,32828.0,180.33234,32878.0,180.60699,0.0,0.0,256.0,7.11111,3.0
1758089407.58325,32828.0,180.33234,32891.0,180.67841,1.0,0.02778,273.0,7.58333,3.0
1758089407.59947,32828.0,180.33234,32904.0,180.74983,0.0,0.0,221.0,6.13889,3.0
1758089407.60365,32828.0,180.33234,32915.0,180.81026,0.0,0.0,222.0,6.16667,3.0
1758089407.61949,32828.0,180.33234,32926.0,180.87068,0.0,0.0,191.0,5.30556,3.0
1758089407.62026,32828.0,180.33234,32931.0,180.89815,0.0,0.0,24.0,0.66667,3.0
1758089407.63551,32828.0,180.33234,32931.0,180.89815,9.0,0.25,-7.0,-0.19444,3.0
1758089407.63627,32827.0,180.32684,32931.0,180.89815,9.0,0.25,0.0,0.0,3.0
1758089407.65347,32827.0,180.32684,32931.0,180.89815,11.0,0.30556,0.0,0.0,3.0
1758089407.67271,32826.0,180.32135,32931.0,180.89815,10.0,0.27778,5.0,0.13889,3.0
1758089407.67349,32826.0,180.32135,32932.0,180.90364,20.0,0.55556,10.0,0.27778,3.0
1758089407.69194,32824.0,180.31036,32933.0,180.90913,31.0,0.86111,49.0,1.36111,3.0
1758089407.69269,32822.0,180.29938,32938.0,180.9366,54.0,1.5,157.0,4.36111,3.0
1758089407.71196,32818.0,180.2774,32953.0,181.019,113.0,3.13889,406.0,11.27778,3.0
1758089407.71363,32809.0,180.22797,32983.0,181.18379,247.0,6.86111,724.0,20.11111,3.0
1758089407.73118,32790.0,180.1236,33031.0,181.44746,449.0,12.47222,1096.0,30.44444,3.0
1758089407.73164,32761.0,179.96429,33098.0,181.81551,660.0,18.33333,1445.0,40.13889,3.0
1758089407.75145,32726.0,179.77203,33179.0,182.26048,662.0,18.38889,1708.0,47.44444,3.0
1758089407.75232,32693.0,179.59074,33272.0,182.77135,657.0,18.25,1921.0,53.36111,3.0
