0.000000
0.000000
0.000000
0.000000
0.000000
0.000000
0.000000
0.000000
0.000000
0.000000
0.000000
0.000000
11.818387
61.022038
84.469376
74.202034
60.254765
53.297863
63.036892
74.331787
62.434605
56.546780
55.031178
46.091908
24.379581
51.289345
74.055260
61.002010
105.233139
83.105942
22.038818
8.418619
0.000000
0.000000
0.000000
0.000000
0.000000
0.000000
0.000000
0.000000
0.000000
0.000000
0.000000
0.000000
0.000000
0.000000
0.000000
0.000000
0.000000
0.000000
0.000000
0.000000
4.386315
8.191751
12.810597
12.672978
15.743583
26.340548
0.000000
0.000000
11.087955
0.000000
0.000000
0.000000
0.000000
0.000000
0.000000
0.000000
0.000000
0.000000
0.000000
0.000000
17.946877
16.518721
43.941833
70.405396
61.401524
36.240383
41.489094
56.487045
43.954433
46.768345
34.074005
25.312857
1.611817
5.139369
5.931011
0.000000
0.000000
0.000000
0.000000
0.000000
0.000000
0.000000
0.000000
0.000000
0.000000
0.000000
0.000000
0.000000
0.000000
0.000000
0.000000
0.000000
0.000000
0.000000
29.593445
32.474480
19.835848
23.345886
2.664669
0.000000
0.000000
2.627585
14.634100
13.261132
38.852058
44.398148
48.415405
47.170341
48.515556
23.790911
10.902517
21.261778
61.656006
70.049400
31.795444
0.000000
0.000000
0.000000
0.000000
0.000000
0.000000
0.000000
0.000000
0.000000
0.000000
0.000000
0.000000
0.000000
0.000000
0.000000
0.000000
0.000000
0.000000
0.000000
0.000000
0.000000
0.000000
0.000000
0.000000
0.000000
0.000000
0.000000
0.000000
0.000000
0.000000
0.000000
0.000000
0.000000
0.000000
0.000000
0.000000
0.000000
4.367343
29.214935
86.219353
105.610184
89.795570
47.524097
58.196259
60.589897
67.574745
55.481262
52.934570
49.924953
39.248463
57.427483
75.072166
63.653435
117.068756
98.723381
31.938732
7.805896
0.000000
0.000000
0.000000
0.000000
0.000000
0.000000
0.000000
0.000000
0.000000
0.000000
0.000000
0.000000
0.000000
0.000000
0.000000
0.000000
0.000000
1.693709
2.857495
0.000000
13.248215
14.909849
13.019243
13.019243
13.019243
13.019243
13.019243
14.364017
8.374938
0.000000
0.000000
0.000000
1.778031
0.000000
4.196716
11.328135
0.000000
0.000000
0.000000
0.000000
0.000000
0.000000
0.000000
23.087698
31.792088
76.198639
96.794670
84.270897
72.719437
63.931755
36.379066
44.326679
60.087227
54.282761
57.111717
35.374645
19.406780
4.680436
5.663632
0.000000
5.585914
0.000000
0.000000
3.540567
0.000000
0.000000
0.000000
0.000000
0.000000
0.000000
0.000000
0.000000
0.000000
0.000000
0.000000
0.000000
0.000000
0.000000
8.202527
0.688827
32.259949
36.686901
27.578201
20.396839
16.612776
14.247123
14.522307
15.923652
15.179679
21.110546
44.954300
71.987854
86.018547
58.326427
32.057899
18.502253
1.408144
7.305776
16.926163
19.289822
22.329657
28.054153
36.706570
52.187393
26.855175
23.005423
16.098959
15.555793
1.963933
4.292851
0.000000
0.000000
27.708437
29.094156
18.199991
26.382130
17.226576
10.801730
2.675696
1.489110
0.000000
0.000000
0.000000
0.000000
0.000000
0.000000
0.000000
0.000000
11.666615
16.238060
10.794482
2.899278
0.000000
0.000000
1.423007
4.303196
11.809201
0.000000
0.000000
11.007750
2.790564
21.569431
28.258549
31.471554
41.872871
31.376095
25.474457
22.516403
19.664108
15.034241
10.416108
4.671651
0.000000
0.000000
0.000000
0.000000
1.315788
0.000000
3.190044
27.902229
0.000000
18.290297
45.095448
70.712494
35.020744
2.933443
13.729960
0.000000
0.000000
0.000000
0.000000
0.000000
0.000000
0.000000
1.257772
0.000000
0.000000
0.000000
0.000000
0.000000
11.536243
0.000000
14.909374
14.630384
5.391287
1.044454
0.000000
0.000000
3.591958
1.818049
40.723816
40.259048
37.960522
12.371677
30.580553
21.178339
0.826430
44.469746
37.068943
9.801118
0.000000
0.000000
0.000000
0.000000
0.000000
0.000000
0.000000
0.000000
0.000000
0.000000
0.000000
0.000000
0.000000
0.000000
0.000000
0.000000
0.000000
0.000000
18.495281
84.762741
32.479786
2.989108
0.000000
0.000000
0.000000
0.000000
0.000000
2.991076
12.458149
0.000000
9.687279
21.141171
12.204447
33.903389
22.958309
28.019497
19.361168
24.306812
26.062933
23.129889
19.412685
12.924633
33.141243
48.535084
47.069572
30.576191
29.043638
12.287050
13.488174
6.426923
16.302284
18.654688
31.785110
31.708975
43.161762
60.437962
79.504883
83.249527
68.946281
77.340218
29.600473
27.942900
0.000000
0.000000
0.000000
0.000000
27.588543
30.623459
49.984837
54.030071
55.611191
59.240597
58.799942
18.531815
0.000000
0.000000
0.000000
0.000000
0.000000
4.167905
5.621347
17.315624
20.110477
19.923428
8.117777
20.657379
5.717932
17.507538
4.231964
12.533940
8.016491
15.244970
10.233131
23.946957
0.000000
19.545803
0.000000
0.000000
0.000000
0.000000
0.000000
0.000000
0.000000
0.000000
0.000000
0.000000
0.000000
0.000000
0.000000
0.587975
11.332847
36.932190
0.000000
0.000000
0.000000
0.000000
0.000000
0.000000
0.000000
0.000000
0.000000
0.000000
0.000000
0.000000
0.000000
0.000000
0.000000
0.000000
0.000000
0.000000
0.000000
0.000000
0.000000
0.000000
0.000000
0.000000
0.000000
6.555882
5.559024
5.404397
9.355037
22.991325
24.140434
39.350101
25.891523
37.605461
25.194752
28.773190
25.729841
35.365707
33.681583
40.572834
46.399685
54.301250
45.668076
35.905807
14.309790
0.000000
0.000000
0.000000
0.000000
0.000000
0.000000
0.000000
0.000000
0.000000
0.000000
0.000000
0.000000
0.000000
0.000000
0.000000
0.000000
0.000000
0.000000
0.000000
0.000000
0.000000
0.000000
0.000000
0.000000
0.000000
0.000000
0.000000
0.000000
0.000000
0.000000
0.000000
0.000000
7.846848
42.921070
38.781216
46.781929
32.957237
43.558491
47.096634
38.776543
29.566149
27.897507
11.487165
0.453249
18.646544
54.510979
64.678772
87.921829
73.624496
85.921364
28.302685
3.451757
0.000000
0.000000
0.000000
0.000000
0.000000
0.000000
0.000000
0.000000
0.000000
0.000000
0.000000
0.000000
0.000000
0.000000
0.000000
0.000000
0.000000
0.000000
0.000000
0.000000
0.000000
0.208305
0.000000
0.000000
15.969244
26.478851
0.000000
9.116793
2.516508
0.000000
0.000000
0.000000
11.159699
9.037270
0.000000
0.000000
0.000000
0.000000
0.000000
0.000000
8.149714
17.887058
54.339886
43.116508
29.011612
40.352589
32.829170
35.085152
35.684986
20.239983
6.574427
5.240944
19.152422
2.804338
16.815289
5.073724
1.668089
0.394976
0.111620
0.000000
11.906864
12.667215
11.401914
14.268226
7.580473
4.448883
0.000000
0.000000
0.000000
0.000000
0.000000
0.000000
0.000000
14.353548
53.516056
36.955208
42.392700
31.058744
17.493404
9.666468
14.754539
20.119175
9.741314
23.682289
43.824543
54.053658
46.532078
26.879498
45.120926
16.644064
6.771622
50.051517
50.099163
10.147461
0.201721
0.000000
0.000000
0.000000
0.000000
0.000000
0.000000
0.000000
0.000000
0.000000
0.000000
0.000000
0.000000
0.000000
0.000000
0.000000
0.000000
4.975058
13.162607
16.678160
0.000000
0.000000
0.000000
0.000000
0.000000
0.000000
0.000000
0.000000
0.000000
0.000000
0.000000
0.000000
0.000000
0.000000
0.000000
0.000000
0.000000
0.000000
0.000000
13.494158
46.550362
32.152843
55.675644
26.521341
41.679989
43.963078
41.775284
38.742710
31.601603
19.533039
23.741493
41.555859
60.648884
87.805435
90.950928
56.591106
32.994564
0.000000
0.000000
0.000000
0.000000
0.000000
0.000000
0.000000
0.000000
0.000000
0.000000
0.000000
0.000000
0.000000
0.000000
0.000000
0.000000
5.245069
1.459359
8.559114
0.000000
0.000000
0.000000
0.000000
0.000000
0.000000
0.000000
0.000000
0.000000
0.000000
0.000000
0.000000
0.000000
0.000000
0.000000
0.000000
0.000000
1.667837
0.000000
0.000000
0.000000
0.000000
0.000000
0.000000
0.000000
1.748377
16.994360
46.527241
39.029774
39.542206
43.545818
25.549414
29.087721
25.675249
33.100933
33.806541
24.866838
13.362919
15.402714
14.933072
21.915508
17.168947
9.157756
12.495877
15.966497
1.689288
3.606719
12.292996
3.077508
6.719219
9.394562
7.506337
5.675687
2.064920
0.000000
0.000000
0.000000
0.000000
0.000000
0.000000
0.234914
15.856508
58.976875
46.100307
33.982075
23.756502
17.019281
14.258869
17.772137
28.854000
33.641006
39.385170
30.223730
62.603485
27.831919
42.918648
24.034519
0.000000
0.000000
0.000000
0.000000
0.000000
0.000000
0.000000
0.000000
0.000000
0.000000
8.833565
32.417477
28.293402
45.172276
71.404602
87.396774
87.957596
69.714134
38.201103
24.458656
26.498209
24.963173
3.963744
14.446647
15.462840
35.041683
81.141136
70.904106
47.947926
30.865942
18.019407
17.796408
0.000000
0.000000
0.000000
0.000000
0.000000
0.000000
0.000000
0.000000
0.000000
0.000000
0.000000
0.000000
3.907401
0.000000
0.000000
0.000000
0.000000
0.000000
0.000000
0.000000
0.000000
0.000000
0.000000
0.000000
0.000000
0.000000
12.198481
7.415641
21.140814
24.477787
12.926805
6.699500
4.203629
0.000000
0.912911
0.000000
0.000000
0.000000
0.000000
3.808061
1.409594
1.808613
29.098974
22.557880
20.824270
10.722791
30.194347
18.516176
12.224648
23.671303
24.300121
28.429359
25.789618
0.000000
0.000000
0.000000
0.000000
0.000000
0.000000
0.000000
15.871940
11.160982
23.623182
13.304501
0.000000
0.000000
0.000000
0.965518
0.000000
0.000000
0.000000
0.000000
26.902248
13.332640
9.568835
4.061888
3.547364
0.000000
0.000000
12.994714
11.466960
20.853226
24.229109
40.534710
27.200941
22.106068
19.632027
33.123024
26.511520
42.945175
43.898640
19.558950
0.000000
0.000000
0.391772
10.403289
7.967230
0.000000
0.000000
0.000000
0.000000
0.000000
0.000000
0.000000
0.000000
0.000000
0.000000
0.000000
0.000000
3.529259
6.018340
10.804155
12.972653
11.974593
0.000000
0.000000
0.000000
0.000000
0.000000
9.416978
17.802568
17.124937
29.866766
17.287043
10.105317
19.824352
19.441065
11.089987
8.593001
45.333561
28.652874
49.420033
50.626328
30.547565
12.574689
63.929382
88.069229
83.063019
86.172737
54.768143
37.596577
28.975191
16.336958
9.425539
6.242899
14.791310
58.511059
49.997032
34.343529
8.037261
13.264368
6.248146
0.000000
0.000000
0.000000
0.000000
0.000000
0.000000
0.000000
0.000000
0.000000
0.000000
0.000000
0.000000
0.000000
0.000000
4.502645
0.000000
0.000000
13.308433
21.693424
45.154968
26.480610
12.705516
18.032818
18.032818
18.032818
18.032818
18.032818
21.322304
0.000000
21.273710
2.094849
0.000000
0.000000
29.020290
22.788698
2.493227
0.000000
0.000000
0.000000
0.000000
0.000000
0.000000
0.000000
0.000000
0.000000
16.335722
31.670935
25.477812
29.152588
17.680431
24.796083
47.513012
14.543835
13.236112
30.062979
44.383595
38.623489
33.228962
12.118330
4.910210
1.497635
9.457436
0.000000
0.000000
0.000000
0.000000
0.000000
0.000000
0.000000
0.000000
0.000000
0.000000
0.000000
0.000000
0.000000
0.000000
0.000000
1.134859
33.981232
16.834599
7.838402
6.564682
3.278384
1.591477
2.100256
3.705975
8.718003
19.788198
34.212090
29.590755
8.141007
8.295962
0.628186
5.475833
43.102200
35.309814
0.000000
0.000000
0.000000
0.000000
0.000000
0.000000
0.000000
0.000000
0.000000
0.000000
0.000000
0.000000
10.923137
52.047421
90.359970
94.144783
76.748062
81.454453
98.749519
85.368202
98.734741
101.259743
110.953781
124.421730
126.408081
113.464966
97.003792
103.731361
111.680283
54.299572
21.929646
0.000000
0.000000
0.000000
0.000000
0.000000
0.000000
0.000000
0.000000
0.000000
0.000000
0.000000
0.000000
0.000000
0.713556
0.000000
0.000000
6.460235
0.000000
0.000000
0.000000
0.000000
0.000000
0.000000
0.000000
4.042152
0.000000
12.936877
0.000000
0.961469
0.000000
0.000000
0.000000
0.000000
1.868842
0.000000
0.000000
0.000000
0.000000
0.000000
0.000000
0.000000
0.000000
27.043802
46.991486
91.565163
78.552010
68.562431
63.913277
70.710953
39.032825
46.845631
39.835777
20.931366
23.490843
29.668653
0.000000
5.910792
1.502217
1.098945
0.258314
6.515358
0.000000
0.000000
0.000000
0.000000
0.000000
0.000000
0.000000
19.524797
16.946566
0.000000
4.684809
0.000000
0.000000
0.000000
0.000000
3.694216
0.000000
9.457797
0.000000
6.350173
8.642888
1.949327
12.327676
11.263996
37.897114
32.536362
52.334175
49.548748
61.868118
47.753117
73.948959
51.589340
88.828209
81.628975
38.764584
28.489183
0.000000
0.000000
0.000000
0.000000
0.000000
0.000000
0.000000
0.000000
0.000000
0.000000
0.000000
0.000000
0.000000
0.000000
0.000000
0.000000
0.000000
0.000000
0.000000
0.000000
0.000000
0.000000
0.000000
0.000000
0.000000
0.000000
0.000000
0.000000
0.000000
0.000000
0.000000
0.000000
0.000000
0.000000
0.000000
0.000000
0.000000
4.388642
54.492226
96.660233
107.082138
92.609665
76.785103
91.418312
75.414948
82.903595
82.694954
84.923447
87.105164
95.320854
96.523598
104.953796
120.791824
58.562019
20.225857
0.000000
0.000000
0.000000
0.000000
0.000000
0.000000
0.000000
0.000000
0.000000
0.000000
0.000000
0.000000
0.000000
0.000000
0.000000
0.000000
0.000000
0.000000
0.000000
0.000000
0.000000
0.000000
0.000000
0.000000
0.000000
0.000000
0.000000
0.000000
0.000000
0.000000
0.000000
0.000000
0.000000
0.000000
0.000000
0.000000
0.000000
0.000000
0.000000
0.000000
0.000000
0.000000
0.000000
0.000000
3.738359
47.373383
82.634277
116.800987
108.879723
93.503952
87.428757
64.641762
81.870384
77.629654
47.030178
55.502769
45.134609
50.341934
22.150126
25.309162
18.302340
10.568626
8.866517
0.000000
0.000000
0.000000
0.000000
0.000000
0.000000
1.985434
0.000000
0.000000
0.000000
0.000000
0.000000
0.000000
11.667401
19.081942
16.035564
3.061754
5.503293
13.841834
11.595225
10.493384
10.861035
11.346923
12.688277
15.250950
18.907433
21.108538
27.575937
28.293285
43.739773
68.707809
62.482075
66.062737
95.042877
0.000000
0.000000
0.000000
0.000000
0.000000
0.000000
0.000000
0.000000
0.000000
0.000000
0.000000
18.634342
43.894596
49.232674
69.833466
59.842789
49.067963
45.410973
41.268917
32.508888
37.814926
33.553207
46.523540
44.488914
33.210278
22.048048
58.033562
50.763073
69.735634
58.592808
30.547853
0.000000
0.000000
0.000000
0.000000
0.000000
0.000000
0.000000
0.000000
0.000000
0.000000
0.000000
0.575349
16.999443
15.780452
8.585814
0.000000
0.000000
0.000000
0.000000
0.000000
0.000000
0.000000
0.000000
0.000000
4.174190
0.000000
4.952331
0.000000
7.777679
43.598640
27.460060
0.000000
0.000000
0.000000
0.000000
0.000000
0.000000
0.000000
0.000000
0.000000
9.373522
14.216404
26.056866
10.202059
48.498154
33.962208
29.328249
6.746684
18.349276
27.413242
28.953897
38.462097
19.979532
9.289472
0.000000
0.000000
0.000000
0.000000
0.003838
0.000000
5.934057
0.000000
0.000000
0.000000
0.000000
0.000000
0.000000
2.178909
10.547580
0.000000
0.000000
0.000000
0.000000
0.000000
0.000000
0.000000
16.362848
9.954770
8.322645
5.749881
18.488878
11.965390
11.271703
15.211269
15.511544
9.323446
0.000000
0.000000
33.504028
73.139366
58.905777
21.875544
22.999628
22.599573
37.526745
43.664982
40.327377
13.966780
16.221569
0.000000
0.000000
0.000000
0.000000
0.000000
0.000000
0.000000
0.000000
0.000000
0.000000
0.000000
0.000000
0.000000
0.000000
0.000000
0.000000
0.000000
0.000000
0.000000
0.000000
0.000000
0.000000
0.000000
0.000000
0.000000
0.000000
0.000000
0.000000
0.000000
0.000000
0.000000
0.000000
0.000000
0.000000
20.123610
33.729599
39.457413
87.467705
80.011696
48.522373
59.020115
47.135075
25.650131
17.464964
13.236325
11.483059
5.916658
11.994628
24.023247
6.578272
39.485744
66.707077
34.886116
2.611311
0.000000
0.000000
0.000000
0.000000
0.000000
0.000000
0.000000
0.000000
0.000000
0.000000
0.000000
0.000000
0.000000
0.000000
0.000000
0.000000
0.000000
0.000000
6.577922
17.833988
12.189852
0.000000
0.828593
0.828593
0.828593
0.828593
0.828593
0.000000
12.121042
0.000000
0.000000
0.000000
0.000000
0.000000
10.396396
0.000000
12.008423
14.163914
6.881571
0.000000
0.000000
0.000000
23.369738
41.750309
61.886959
53.493866
79.290962
65.775932
57.555984
56.157700
53.310970
38.989273
18.888927
37.524540
40.990608
31.474585
21.753292
10.052376
7.664502
2.266615
6.333039
0.000000
0.000000
0.000000
0.000000
0.000000
0.000000
0.000000
0.000000
0.000000
0.000000
0.000000
0.000000
0.000000
0.000000
0.000000
0.000000
0.000000
18.397469
0.895695
15.784331
32.489002
27.130226
22.364319
18.411297
15.052679
9.071939
0.930608
0.000000
0.000000
9.709305
21.674238
25.044611
58.292141
73.844368
27.945297
0.000000
0.000000
0.000000
0.000000
0.000000
0.000000
0.000000
0.000000
0.000000
0.000000
0.000000
0.000000
14.666253
37.419079
43.281490
38.199757
35.811924
36.120850
31.566910
14.901543
13.859462
27.622625
13.756886
13.577069
14.487457
59.524445
83.557648
76.415466
67.001427
42.897655
3.959730
0.000000
0.000000
0.000000
0.000000
0.000000
0.000000
0.000000
0.000000
0.000000
0.000000
0.000000
18.195953
13.276470
37.359695
46.962555
7.593300
1.659984
0.000000
0.000000
0.000000
0.000000
0.000000
0.000000
0.000000
0.000000
0.000000
0.000000
8.750256
26.390030
41.470062
67.662315
27.206814
9.470461
0.000000
0.000000
0.000000
0.000000
0.000000
0.000000
0.000000
8.853335
33.904209
42.455437
49.908886
34.284451
20.431534
14.196625
15.160085
27.903170
8.716545
16.985239
44.908546
28.564486
0.000000
0.000000
0.000000
0.000000
0.000000
0.000000
0.000000
0.000000
0.302683
0.000000
0.000000
0.000000
0.000000
13.268967
0.000000
0.000000
0.000000
0.000000
0.000000
0.000000
5.998771
10.945862
0.000000
9.942886
0.000000
7.991642
5.667469
19.731976
18.355362
11.642562
19.057970
6.891442
10.280147
0.000000
13.731236
24.408997
26.105083
0.000000
0.000000
0.000000
8.229894
41.899857
62.905697
64.462509
53.704632
12.314297
7.949567
0.000000
0.000000
0.000000
0.000000
0.000000
0.000000
0.000000
0.000000
0.000000
0.000000
0.000000
0.000000
0.000000
0.536088
5.158507
0.000000
0.000000
0.000000
0.000000
0.000000
2.965397
0.000000
4.415003
0.000000
0.000000
0.000000
2.653529
10.920283
11.738827
6.697487
0.000000
4.458944
2.637173
51.936432
66.681862
58.965218
69.509460
82.122025
37.561852
47.600777
21.373453
0.000000
0.000000
0.000000
0.000000
0.000000
0.000000
15.034758
22.026831
28.156734
36.917091
0.000000
0.000000
0.000000
0.000000
0.000000
0.000000
0.000000
0.000000
0.000000
0.000000
0.000000
0.000000
0.000000
0.000000
0.000000
0.000000
0.000000
0.000000
0.000000
0.000000
7.538309
19.035648
32.359394
11.048089
14.651425
14.651425
14.651425
14.651425
14.651425
14.237003
19.535639
12.240573
24.845314
23.990294
28.605207
29.672815
68.665329
62.637062
44.512367
45.959244
30.939384
32.002872
11.983158
4.174113
33.085243
44.640137
50.317650
64.538223
64.362816
60.822952
54.579178
67.670967
63.178177
62.899048
63.866219
42.710087
47.579647
63.843201
62.148441
40.852993
25.725180
0.000000
0.000000
0.000000
0.000000
0.000000
0.000000
0.000000
0.000000
0.000000
0.000000
0.000000
0.000000
0.000000
0.000000
0.000000
0.000000
0.000000
0.000000
0.000000
20.639616
17.558575
0.000000
6.145842
3.281683
1.859373
2.621181
4.418246
4.157185
1.323900
0.000000
2.242569
24.007380
17.529863
8.348119
3.774152
0.000000
11.098079
0.000000
0.000000
0.000000
0.000000
0.000000
0.000000
0.000000
0.000000
0.000000
11.551933
5.934646
25.055822
43.684658
47.037071
38.119442
25.064140
33.628407
35.006756
22.535069
10.473197
22.154613
29.171520
43.152912
52.398396
53.383312
44.679417
41.173264
18.360344
0.000000
0.000000
0.000000
0.000000
0.000000
0.000000
0.000000
0.000000
0.000000
0.000000
0.000000
0.000000
0.000000
0.000000
3.963205
5.400547
0.000000
0.000000
0.000000
0.000000
0.000000
0.000000
0.000000
0.000000
0.000000
3.833723
3.659373
20.880022
9.786209
17.275827
0.000000
0.000000
2.226418
20.220657
34.819389
0.000000
0.000000
0.000000
0.000000
0.000000
0.000000
0.000000
0.000000
34.387672
26.476625
30.221102
0.000000
9.502003
14.175258
0.897308
9.469628
12.778281
22.649855
4.260573
7.466513
24.432425
0.000000
1.827751
0.000000
0.000000
0.000000
0.000000
0.000000
5.947124
0.000000
0.000000
0.000000
0.000000
0.000000
0.000000
12.134706
18.685322
4.567845
0.000000
7.187956
8.168570
16.740587
8.141563
0.000000
0.000000
0.000000
0.000000
0.000000
0.000000
0.000000
0.000000
7.126250
0.000000
3.377241
2.393929
0.000000
25.647049
20.465631
16.318010
0.000000
0.134576
8.391682
14.431076
0.000000
15.441850
3.029112
4.866032
1.939508
2.913934
12.255768
0.000000
0.000000
0.000000
0.000000
0.000000
0.000000
0.000000
0.000000
0.000000
0.000000
0.000000
0.000000
0.000000
0.000000
0.000000
0.000000
28.339243
32.486820
12.518246
0.000000
0.000000
0.000000
0.000000
7.173920
4.486159
0.164621
0.000000
0.000000
0.000000
0.000000
29.137220
42.352688
36.276653
58.851456
44.980507
63.623730
37.150776
46.933559
25.609766
2.899128
0.465730
1.571676
5.968019
10.583064
16.512173
23.610949
9.306783
0.000000
0.000000
0.000000
0.000000
0.000000
0.000000
0.000000
0.000000
0.000000
0.000000
0.000000
0.000000
0.000000
0.000000
0.000000
0.000000
0.000000
0.000000
0.000000
0.000000
0.000000
0.000000
3.737762
1.089731
15.576915
22.633312
18.150318
18.150318
18.150318
18.150318
18.150318
19.134113
7.228179
0.000000
0.000000
12.919970
51.252644
7.989768
14.118911
22.324137
0.071817
7.439290
7.721896
11.343656
32.744183
13.667913
17.648018
23.796543
36.833069
34.596401
37.450127
41.695786
28.804005
32.821503
4.758924
16.550280
27.895584
40.046043
21.104263
11.757324
15.214053
21.658762
25.772337
0.000000
0.000000
0.000000
0.000000
0.000000
0.000000
0.000000
0.000000
0.000000
0.000000
0.000000
0.000000
0.000000
0.000000
0.000000
0.000000
12.077941
20.430674
22.573870
33.523922
20.014755
0.000000
0.000000
0.000000
0.000000
0.000000
0.470602
3.786867
1.443701
0.000000
0.000000
15.252547
21.607531
10.243883
15.595365
7.754093
10.917207
0.000000
6.325392
5.128738
13.681587
10.547766
11.578739
15.494696
6.271395
0.361353
0.000000
6.480181
0.000000
0.000000
0.000000
0.000000
0.000000
0.000000
0.000000
0.000000
0.000000
0.000000
0.000000
0.000000
0.000000
0.000000
0.000000
25.533615
0.000000
0.000000
0.000000
1.601819
3.777730
15.897991
6.229818
7.308538
4.873563
0.000000
0.023991
6.388375
8.055513
9.881345
0.000000
0.000000
0.000000
0.000000
0.000000
0.000000
1.598504
13.348248
4.232447
3.951820
8.179685
13.237864
15.350492
13.062836
0.000000
40.877468
51.304073
0.000000
0.000000
0.000000
0.000000
0.000000
0.000000
1.563959
42.319439
36.162716
0.000000
4.725852
36.256466
22.138964
5.613081
0.000000
0.000000
0.000000
0.000000
0.000000
0.000000
9.204552
0.000000
0.000000
0.000000
0.000000
13.177801
0.000000
0.000000
12.198819
6.852256
8.469104
2.884604
0.666361
0.000000
0.000000
9.716366
5.297883
2.893502
0.000000
2.248637
6.779234
0.000000
0.000000
0.000000
0.000000
27.020386
60.332645
50.177292
34.518089
1.863212
2.193810
6.599517
0.000000
0.000000
0.000000
0.000000
0.000000
0.000000
10.313622
28.724903
0.000000
0.000000
1.517548
30.752810
18.240185
0.000000
0.000000
0.000000
0.000000
0.000000
0.000000
0.000000
0.000000
0.000000
17.338953
42.629868
23.526960
15.377996
0.123468
0.000000
19.544174
20.095835
6.176201
0.000000
0.000000
5.453453
10.866637
17.463179
0.000000
0.000000
0.000000
0.000000
0.000000
0.000000
0.000000
0.000000
0.000000
0.000000
0.000000
0.000000
0.000000
0.000000
0.000000
0.000000
0.000000
0.000000
0.000000
0.000000
0.000000
0.000000
0.000000
0.000000
0.000000
0.000000
0.000000
0.000000
0.000000
0.000000
0.000000
40.580215
57.074005
38.008572
1.679512
0.000000
13.221184
1.016745
23.272306
9.339922
4.452007
16.586443
0.000000
0.000000
12.310030
0.861138
0.000000
8.353759
12.610311
0.000000
16.286909
23.741589
2.926067
12.253806
9.535805
37.364079
13.928235
0.000000
2.017554
15.968058
10.709842
10.709842
10.709842
10.709842
10.709842
12.145244
1.404165
31.621857
15.507165
6.658103
0.000000
0.000000
5.169404
5.563189
0.000000
0.000000
0.000000
0.000000
7.797202
0.000000
0.000000
0.000000
0.000000
0.000000
0.000000
0.000000
0.000000
0.000000
0.000000
0.000000
0.000000
0.000000
0.000000
3.192573
0.000000
0.000000
0.000000
0.000000
3.150300
9.864161
19.148102
34.704910
19.893055
24.588409
21.949869
15.513717
26.885281
30.175797
22.959385
17.950869
13.553658
11.828773
18.384844
0.000000
0.000000
2.909428
42.881939
37.428936
18.737020
0.000000
0.000000
0.000000
0.000000
0.000000
1.022098
5.462929
5.284279
0.000000
0.000000
14.056613
31.399616
4.791993
46.927189
36.671917
0.000000
4.770371
22.837826
28.253973
36.328850
38.290737
42.488052
52.877018
56.355949
81.370087
101.901741
97.567307
61.049667
55.198505
49.812481
49.678303
79.801987
83.822533
46.539036
52.686504
54.496357
34.418301
41.932636
51.093994
51.426395
1.905604
0.000000
0.000000
0.000000
0.000000
0.000000
0.000000
0.000000
10.627845
21.855818
26.631474
23.871851
15.311145
12.591111
13.680812
31.856514
9.319085
0.000000
0.000000
0.000000
0.000000
6.130647
0.931115
11.272660
14.148055
13.909909
11.046771
8.314387
7.016565
3.117756
0.000000
0.000000
0.000000
0.000000
0.000000
0.000000
0.000000
24.553019
19.372423
12.883681
39.387196
97.921211
94.517311
36.431332
0.000000
0.000000
12.352491
0.000000
0.000000
0.000000
0.000000
0.000000
0.000000
0.000000
0.000000
0.000000
0.000000
0.000000
0.000000
0.244136
3.107451
26.795141
22.167013
14.828931
5.043619
0.474216
1.323130
4.098707
24.306913
56.861187
59.138428
33.273743
0.000000
26.726868
44.973591
47.171585
102.504921
124.627106
67.665237
31.624252
0.000000
0.000000
0.000000
0.000000
0.000000
0.000000
0.000000
0.000000
3.351909
7.105599
3.560678
0.000000
0.000000
0.000000
0.000000
0.000000
0.000000
36.539738
97.915894
58.886562
10.026101
0.000000
0.000000
0.000000
0.000000
0.000000
0.000000
6.562253
23.317337
52.609364
55.731728
41.628094
17.368254
10.174077
25.513491
32.047413
32.189209
24.625628
11.646064
0.000000
0.000000
3.890443
14.403049
36.315826
69.813118
118.137451
103.033966
96.896019
88.772400
82.191429
68.103554
73.886322
73.506950
74.938889
85.259605
100.762009
135.145615
151.486053
160.473373
112.077423
24.680140
0.000000
0.000000
0.000000
1.727700
80.556023
77.792686
112.573570
128.274826
120.265923
119.332123
121.872932
71.276878
27.026434
0.000000
0.000000
0.000000
0.000000
0.000000
1.793507
25.970562
29.721159
36.638020
34.755112
36.876770
24.245651
38.181496
29.036810
28.941427
33.291206
25.496567
38.681122
60.314045
60.438644
91.755402
40.361668
12.149060
0.000000
0.000000
0.000000
0.000000
0.000000
0.000000
0.000000
0.000000
0.000000
0.000000
0.000000
0.000000
0.000000
0.000000
0.000000
0.000000
0.000000
0.000000
0.000000
0.000000
0.000000
0.000000
0.000000
0.000000
4.994781
0.000000
0.000000
0.000000
0.000000
0.000000
0.000000
0.000000
0.000000
0.000000
0.000000
0.000000
0.000000
0.000000
0.000000
0.000000
0.000000
11.028050
50.769234
60.935822
55.155380
66.673599
61.409023
77.760269
72.419609
71.757050
63.947891
71.656158
79.417862
88.531097
94.033226
98.624344
112.479530
116.269043
108.610329
47.016327
0.000000
0.000000
0.000000
0.000000
0.000000
0.000000
0.000000
0.000000
0.000000
0.548900
10.354104
0.000000
0.000000
0.000000
0.000000
0.000000
0.000000
0.000000
0.000000
0.000000
0.000000
0.000000
0.000000
0.000000
0.000000
0.000000
0.000000
0.000000
0.000000
32.459991
23.307381
33.767952
27.563124
53.882267
45.958355
31.574438
26.745646
39.951385
57.627243
49.467911
57.782925
33.092800
49.893837
43.609154
32.576836
40.893028
0.000000
0.000000
0.000000
0.000000
0.000000
0.000000
0.000000
0.000000
0.000000
8.206103
14.258512
5.731978
1.697037
0.000000
0.000000
0.000000
8.493629
0.000000
0.000000
0.000000
0.000000
0.000000
0.000000
0.000000
0.000000
0.000000
0.000000
0.000000
0.000000
0.000000
0.000000
47.456795
15.173564
0.000000
0.000000
0.000000
0.000000
0.000000
13.308969
28.715433
0.000000
11.579224
0.000000
0.000000
0.000000
0.000000
0.000000
24.219311
0.000000
0.000000
14.361094
14.926372
12.102464
13.693991
42.338554
0.554616
5.638537
0.000000
2.510211
18.526665
11.954673
5.137412
1.276410
0.000000
0.000000
8.424407
3.834724
0.000000
0.000000
0.000000
27.994678
0.000000
12.942805
48.405643
83.029846
27.772005
0.000000
0.000000
0.000000
0.000000
0.000000
0.000000
0.000000
11.070031
4.808533
38.227818
32.952408
27.879377
25.398041
17.302694
48.152100
54.328442
38.041714
59.404099
34.389576
10.183943
0.000000
10.867394
10.102024
0.000000
0.000000
0.000000
0.000000
0.000000
0.000000
0.000000
0.000000
0.000000
0.000000
0.000000
0.000000
0.000000
0.000000
0.000000
0.000000
0.000000
0.000000
0.000000
0.000000
0.000000
0.000000
20.019316
12.572076
14.942423
34.006855
20.118992
9.477852
3.751058
0.000000
0.000000
0.000000
0.000000
0.000000
0.000000
0.000000
0.000000
0.000000
0.000000
15.138060
0.000000
33.309811
38.697731
26.048681
25.935461
43.457134
66.836090
69.725456
62.074902
52.314320
17.655985
0.000000
0.000000
10.606629
0.000000
0.840164
0.000000
4.950298
0.000000
0.000000
1.773805
0.000000
0.000000
0.000000
0.000000
0.000000
0.000000
0.000000
0.000000
21.211554
3.688697
12.516763
27.644293
38.715034
77.111877
55.396332
32.301262
6.119704
0.000000
3.357781
3.357781
3.357781
3.357781
3.357781
6.237009
0.000000
0.000000
0.000000
0.000000
0.000000
0.000000
0.000000
0.000000
0.000000
0.000000
0.000000
0.000000
0.000000
0.000000
8.579494
11.760041
14.739982
19.034426
27.783297
3.568327
18.723932
9.500542
0.000000
8.120994
0.000000
0.000000
0.000000
7.895535
0.000000
0.000000
0.000000
0.000000
26.385176
20.958549
37.783298
26.919744
2.567247
12.152390
19.159803
21.860785
23.723930
16.654108
24.011173
26.753777
33.148052
37.576168
52.459469
28.111927
42.654285
29.082169
23.806969
15.545182
0.000000
3.143329
8.897174
13.425165
14.796498
14.625628
13.174357
12.570620
13.587890
41.419502
20.006254
38.031769
37.995670
52.777042
48.376152
16.436255
0.000000
0.000000
0.000000
0.000000
0.000000
0.000000
0.000000
0.000000
0.000000
0.000000
0.000000
0.000000
4.755724
0.000000
0.000000
0.000000
0.000000
10.614200
13.942755
0.000000
12.285814
23.238096
32.918098
10.831715
0.000000
15.100253
0.000000
0.000000
1.141414
0.000000
0.000000
0.000000
0.000000
0.000000
0.000000
0.000000
0.000000
0.000000
0.000000
0.000000
0.000000
0.000000
0.000000
0.000000
23.281967
25.840836
0.000000
0.000000
0.000000
0.000000
0.000000
0.000000
0.000000
0.000000
1.988658
0.000000
0.000000
0.000000
0.000000
0.000000
18.030088
3.102971
5.605038
21.130823
1.670695
0.000000
5.043782
0.000000
1.196032
0.000000
0.000000
0.000000
7.810359
25.788563
10.504780
20.650721
10.096420
6.389097
1.201417
0.000000
4.634928
0.000000
17.230886
5.849999
5.641459
12.948898
0.000000
0.000000
0.000000
0.219477
0.000000
0.000000
0.000000
16.022463
21.698292
7.663587
24.883034
3.004242
6.250142
22.309622
0.000000
1.430128
3.682684
11.140882
0.000000
0.000000
0.551652
0.000000
0.000000
0.000000
0.000000
0.000000
0.000000
0.000000
6.676991
0.000000
4.149324
18.601780
15.815196
18.359240
31.019735
31.098537
0.000000
0.000000
0.000000
0.000000
0.000000
0.000000
0.000000
0.000000
0.000000
0.000000
0.000000
0.000000
0.000000
17.386850
4.569500
5.723952
5.619402
9.131784
8.508898
12.442098
15.574036
15.000721
11.142763
5.498755
7.707997
3.765428
0.000000
0.000000
0.000000
0.000000
0.000000
0.000000
0.000000
0.000000
0.000000
0.000000
0.000000
0.249994
6.248470
0.000000
1.918975
16.957823
7.809196
23.481146
0.000000
7.070782
0.000000
15.074343
4.186130
7.264860
0.000000
2.554521
18.490259
30.912212
38.618450
46.201328
7.606366
0.000000
0.000000
0.000000
0.000000
0.000000
0.000000
0.000000
0.000000
0.000000
0.000000
0.000000
0.000000
0.000000
0.000000
0.000000
0.000000
0.000000
0.000000
0.000000
0.000000
0.000000
0.000000
0.000000
14.611651
24.138510
16.371927
17.710161
16.421419
16.421419
16.421419
16.421419
16.421419
15.426298
34.029388
33.004910
7.067559
34.674389
4.291780
6.841932
0.896585
0.000000
9.094896
0.000000
0.000000
0.000000
0.000000
0.000000
0.000000
0.000000
8.579405
0.000000
0.000000
0.000000
0.000000
14.319115
13.722024
0.000000
3.104270
6.463770
0.000000
33.403851
6.841242
5.604876
16.443909
10.064476
0.000000
0.000000
0.000000
9.315417
0.000000
0.277299
0.000000
0.000000
0.000000
0.000000
0.000000
0.000000
0.000000
6.852825
21.773354
9.269999
0.000000
10.040956
0.000000
0.000000
0.000000
0.000000
0.000000
0.000000
0.000000
0.000000
0.000000
0.982010
8.795746
0.381749
12.764440
0.573035
17.143818
27.124056
39.391212
9.404885
11.975849
19.937761
29.917574
45.766445
61.104252
62.229004
65.173660
67.710655
92.020676
109.476395
84.492470
65.733192
57.697315
20.904644
0.000000
0.000000
0.000000
0.000000
0.000000
0.000000
0.000000
0.000000
0.000000
0.000000
0.000000
0.000000
0.000000
0.000000
0.000000
0.000000
0.000000
0.000000
25.482643
58.699238
56.649990
56.704269
54.022560
46.907574
40.434593
34.087643
26.782549
39.162838
10.555207
0.000000
0.000000
0.000000
0.000000
0.000000
0.000000
1.154452
4.153675
5.801982
8.888785
11.360497
14.705745
0.000000
0.000000
8.813643
0.000000
8.482891
19.722486
0.000000
0.000000
0.000000
0.000000
27.952105
65.035065
58.236736
78.051651
47.217136
42.759933
0.000000
0.000000
0.000000
0.000000
0.000000
0.000000
0.000000
0.000000
0.000000
0.000000
0.000000
0.000000
0.000000
0.000000
3.815742
0.000000
20.758915
9.166684
3.285099
0.142766
0.000000
3.131860
11.669415
3.258642
27.746830
35.938828
15.944032
0.000000
0.937527
0.000000
16.475754
34.382492
41.107655
9.042588
16.422668
12.726716
0.000000
0.000000
0.000000
0.000000
0.000000
0.000000
1.462607
19.038914
0.000000
0.000000
0.000000
0.000000
0.000000
0.000000
0.000000
0.000000
0.000000
2.267606
0.000000
0.000000
0.000000
0.000000
0.000000
33.745850
28.454840
30.271229
45.036945
36.310707
60.676540
54.595814
34.232220
48.856709
40.676159
39.618919
40.893620
43.436565
43.189419
42.637524
41.776432
30.092773
43.568981
11.500545
44.247772
46.369305
48.121338
67.933838
89.133369
75.777214
97.423584
98.578773
100.413414
98.722099
97.141655
99.307045
117.518143
141.509460
133.591614
104.345657
0.000000
16.381561
0.000000
0.000000
0.000000
0.000000
0.000000
0.000000
0.000000
0.000000
0.000000
0.000000
0.000000
0.000000
0.000000
0.000000
0.000000
0.000000
0.000000
23.618242
58.084011
49.376335
60.473980
57.332790
26.566412
64.427292
39.234772
43.521358
43.170631
45.083618
41.372646
35.730892
50.993999
56.785728
61.943123
72.486282
56.698418
49.612228
4.063528
6.066730
6.177886
7.706448
7.706448
7.706448
7.706448
7.706448
9.471738
3.388083
2.405851
0.000000
0.196234
46.796764
20.384003
0.000000
0.000000
0.000000
0.000000
0.000000
0.000000
23.558725
8.425408
0.000000
0.000000
0.000000
0.000000
0.000000
0.000000
0.000000
0.000000
0.000000
0.000000
0.000000
0.000000
0.000000
0.000000
0.000000
0.000000
0.000000
0.000000
10.119723
31.403015
19.636467
22.913946
21.716774
27.854675
40.436512
22.190928
35.197147
30.986217
31.432680
33.718983
33.736347
28.427696
27.539392
29.417273
20.174732
31.541548
8.500634
19.798344
11.634092
0.528089
0.244364
0.088647
0.000000
0.000000
0.000000
3.789435
9.348130
0.000000
0.000000
0.000000
0.000000
0.000000
0.000000
0.000000
0.000000
0.000000
0.000000
0.000000
0.000000
0.000000
0.000000
0.000000
0.000000
0.000000
0.000000
0.000000
17.527182
24.061390
54.227264
58.613071
18.528740
5.838379
49.048088
23.814440
35.778160
40.665497
36.712193
41.753220
34.746025
22.527536
27.633209
34.609177
42.074287
39.913406
20.415106
0.000000
0.000000
0.000000
0.000000
0.000000
0.000000
0.000000
0.000000
0.000000
0.000000
0.000000
30.654463
9.000072
15.122076
0.000000
7.839627
0.000000
0.000000
0.000000
0.000000
0.000000
0.000000
0.000000
0.000000
0.000000
7.196499
0.000000
5.315093
14.992378
48.624565
47.978130
0.000000
0.000000
0.000000
0.000000
0.000000
0.000000
0.000000
12.454504
0.734680
0.000000
0.000000
11.720201
26.979521
33.907711
33.975418
32.819210
4.376967
17.847767
25.541668
33.010788
44.543270
8.616586
0.000000
0.000000
0.000000
10.938550
0.000000
0.925631
0.000000
0.000000
0.000000
0.000000
0.000000
0.000000
9.036312
48.415821
0.000000
0.000000
0.000000
0.000000
0.000000
0.000000
0.000000
0.000000
0.000000
5.480235
13.226783
0.000000
0.647548
5.190925
4.864254
0.000000
0.000000
21.017178
7.987258
2.517249
5.402490
24.231918
50.612926
35.809937
0.000000
0.000000
7.391041
52.215546
53.806702
46.472370
3.494699
0.000000
0.000000
0.000000
0.000000
0.000000
0.000000
0.000000
0.000000
7.523006
0.000000
0.000000
0.000000
0.000000
0.000000
0.000000
0.000000
0.000000
0.000000
5.742248
5.574275
0.000000
0.000000
0.000000
0.000000
0.000000
1.145071
0.000000
0.000000
0.000000
0.000000
0.000000
0.000000
0.000000
0.000000
0.000000
30.543106
57.881420
51.729816
50.128239
75.263870
41.753567
3.772523
26.074316
0.000000
0.341997
4.548019
12.240731
19.932566
17.005430
25.551388
31.115486
32.308952
39.420666
11.361464
0.000000
0.000000
0.000000
0.000000
0.000000
0.000000
0.000000
0.000000
0.000000
0.000000
0.000000
0.000000
0.000000
0.000000
0.000000
0.000000
0.000000
0.000000
7.907640
0.000000
46.706345
16.118448
11.003932
14.926329
14.926329
14.926329
14.926329
14.926329
13.506670
30.511322
18.231813
14.631813
22.997705
4.778884
59.805611
29.266108
22.877306
18.424803
16.924726
11.421574
8.247049
0.000000
0.000000
0.000000
14.671957
33.879089
33.264812
49.765610
49.033070
46.010235
34.578545
55.242973
29.868752
37.985764
46.117592
47.463215
52.630215
53.166943
11.451333
0.000000
4.069350
0.000000
0.000000
0.000000
0.000000
0.000000
0.000000
0.000000
0.000000
0.000000
0.000000
0.000000
0.000000
0.000000
0.000000
0.000000
0.000000
0.000000
0.000000
0.000000
0.000000
0.000000
0.000000
0.000000
0.000000
0.000000
0.798169
0.859053
1.771667
1.801939
0.000000
8.895872
20.291277
27.878281
32.557682
15.003594
11.870603
0.658525
0.540501
12.464888
14.979821
21.187195
28.688646
48.280998
35.456455
47.011112
23.109495
21.502054
29.050381
0.000000
0.000000
0.000000
0.000000
4.582922
0.000000
0.000000
0.000000
0.000000
0.000000
0.000000
0.000000
0.000000
0.000000
0.000000
0.000000
0.000000
0.000000
0.000000
16.041084
9.368360
16.739914
23.170069
24.787699
19.000032
9.459620
4.902643
3.574950
5.735189
0.000000
0.000000
0.000000
10.075121
48.925240
76.966026
88.866112
80.368835
73.554787
66.945717
58.644917
47.433823
33.239323
16.021456
19.882666
23.087875
13.437878
0.000000
0.000000
0.000000
0.000000
16.087599
4.369144
14.073482
2.146143
32.491249
19.264769
26.551914
3.625873
12.550889
25.804180
0.000000
0.000000
0.000000
0.000000
0.000000
5.739111
1.230896
0.000000
0.000000
0.000000
0.000000
0.000000
0.000000
18.704699
0.000000
9.004174
7.468716
2.613475
0.000000
13.010756
0.000000
5.238716
0.000000
11.635808
5.251256
0.000000
2.078266
0.000000
1.731210
2.220553
6.657718
17.998550
38.263813
18.496998
12.775661
5.287639
0.000000
0.000000
0.000000
0.000000
0.000000
0.000000
0.000000
0.000000
0.000000
0.000000
0.000000
0.000000
0.000000
0.000000
31.334879
90.446640
75.646141
40.888229
12.006071
1.156859
12.591927
21.223448
0.000000
10.086569
7.569919
29.006395
31.199295
31.060047
14.757492
1.751966
9.615538
7.206016
7.972147
3.297928
0.085141
0.000000
0.000000
0.356527
0.000000
0.000000
0.000000
0.000000
3.076637
8.660739
0.000000
7.269440
9.209774
15.126623
9.063452
1.511677
0.000000
14.245543
38.397297
43.260368
32.939671
0.000000
0.436827
0.000000
0.000000
0.000000
0.000000
0.000000
0.000000
0.000000
1.658416
12.484770
5.824256
0.000000
0.000000
34.857227
36.654911
20.632090
0.000000
0.000000
0.000000
4.308236
16.804193
20.021301
20.644810
5.740740
23.298283
8.880045
15.544863
5.766110
14.450933
16.136185
28.342005
0.000000
33.938400
16.129425
7.453678
10.370558
0.000000
0.000000
0.000000
0.000000
0.000000
0.000000
0.000000
0.000000
0.000000
0.000000
0.000000
0.000000
0.000000
0.000000
9.447517
2.822304
0.000000
0.000000
0.389726
0.000000
8.315766
0.000000
0.000000
0.000000
0.000000
0.000000
0.000000
1.181108
0.000000
0.000000
0.000000
0.000000
0.000000
0.000000
0.000000
0.000000
0.000000
0.000000
0.000000
0.000000
0.000000
0.000000
0.000000
0.000000
20.053837
12.619923
23.849003
22.691429
23.996908
29.895103
32.180092
27.585804
33.149315
28.799803
30.934013
26.010939
19.844633
9.915753
35.911427
23.845333
21.432116
23.423313
26.262384
11.766218
11.644723
0.000000
0.000000
0.000000
0.000000
0.000000
0.000000
0.000000
0.000000
0.000000
0.000000
0.000000
0.000000
0.000000
0.000000
7.883933
0.000000
0.000000
0.000000
0.000000
0.000000
0.000000
0.000000
0.000000
0.000000
0.000000
0.000000
0.000000
13.944121
54.379448
119.469566
137.413956
111.852768
110.883064
112.479515
104.096481
114.813286
120.326591
114.298347
109.736610
118.706772
91.673965
89.314720
91.632179
75.410477
62.418205
15.173373
0.000000
0.000000
0.000000
0.000000
0.000000
0.000000
0.000000
0.000000
0.000000
0.000000
0.000000
0.000000
0.000000
1.037856
16.698627
15.407622
10.961226
22.019552
20.018896
19.108686
17.101133
14.760952
12.563127
11.338817
0.000000
0.000000
0.094898
11.633385
0.000000
0.000000
21.314615
8.886990
15.608378
0.000000
0.000000
0.000000
0.000000
0.000000
0.000000
0.000000
0.000000
0.000000
28.904333
58.586380
95.994591
93.297729
98.444801
77.894493
56.690273
45.606358
40.778702
42.157146
31.824446
30.752731
15.836857
3.101593
0.000000
0.177153
0.000000
0.000000
0.000000
0.000000
12.734927
0.000000
0.000000
13.958786
4.957272
0.000000
3.966753
11.128161
0.000000
0.000000
0.000000
3.681314
0.000000
0.000000
0.000000
0.000000
0.000000
0.000000
0.000000
0.000000
0.000000
3.950889
3.348963
4.857152
31.501890
27.910572
5.599119
37.584862
32.419170
77.720840
69.500610
88.435471
104.980423
57.291199
32.686028
0.000000
0.000000
0.000000
0.000000
0.000000
0.000000
0.000000
0.000000
0.000000
0.000000
0.000000
0.000000
0.000000
0.000000
0.000000
0.000000
0.000000
0.000000
0.000000
0.000000
0.000000
0.000000
0.000000
0.000000
0.000000
0.000000
0.000000
0.000000
0.000000
0.000000
0.000000
0.000000
0.000000
0.000000
0.000000
0.000000
0.000000
36.189396
58.743542
156.759521
122.872627
120.152313
112.277802
108.676064
97.222992
103.974754
107.831764
113.180252
125.843506
120.754875
138.671051
144.735962
106.568764
42.279839
21.258059
0.000000
0.000000
0.000000
0.000000
0.000000
0.000000
0.000000
0.000000
0.000000
0.000000
0.000000
0.000000
0.000000
0.000000
0.000000
0.000000
0.000000
0.000000
0.000000
0.000000
0.000000
0.000000
0.000000
0.000000
0.000000
0.000000
0.000000
0.000000
0.000000
0.000000
10.105799
13.585890
0.000000
8.170000
1.422239
0.000000
0.000000
6.978227
0.000000
0.000000
0.000000
0.000000
0.000000
0.000000
0.000000
26.384562
62.494038
111.116127
102.405739
94.940163
97.828758
95.318039
79.912613
80.879921
60.619556
53.657345
61.597961
61.191902
21.312641
20.645155
17.800852
0.000000
0.000000
0.000000
0.000000
0.000000
2.554615
0.000000
0.000000
0.000000
0.000000
0.000000
0.000000
0.000000
0.000000
0.000000
5.711670
20.761570
0.000000
0.000000
0.000000
0.000000
0.000000
0.000000
0.000000
0.000000
0.000000
4.636749
13.195174
22.006012
13.388069
0.000000
14.103887
25.663862
40.342781
66.598961
69.504097
0.000000
0.000000
0.000000
2.820647
9.544082
13.541472
22.774065
23.342379
22.680845
57.388668
71.137230
79.540222
91.756325
82.734489
90.482628
95.548035
77.084724
61.724724
47.362556
41.082859
19.298679
13.652840
27.437744
29.149893
26.081219
0.000000
10.049270
0.000000
0.000000
0.000000
0.000000
0.000000
0.000000
0.000000
3.215339
5.671480
1.742933
0.000000
0.414299
4.180120
3.774387
9.565215
0.000000
13.316697
0.000000
1.612676
12.553545
12.938849
6.726645
7.013901
6.597954
5.940847
4.867082
3.249656
0.000000
0.000000
3.336575
0.000000
0.000000
3.773096
39.352985
33.583206
0.000000
15.114022
0.823396
0.000000
0.000000
0.000000
0.000000
0.000000
3.679457
0.000000
17.026136
10.750239
0.200629
0.000000
0.000000
0.000000
0.000000
0.000000
1.460816
0.000000
0.000000
0.000000
3.165099
0.000000
0.000000
0.000000
0.000000
0.000000
0.000000
2.562119
0.000000
4.639966
11.127232
13.027719
3.981599
0.000000
1.534642
0.850611
12.663823
20.980358
26.186569
12.936090
10.139832
0.319802
0.000000
0.000000
0.000000
0.000000
0.000000
0.000000
0.000000
0.000000
0.000000
0.000000
0.000000
0.000000
0.000000
0.000000
0.000000
7.404922
17.966755
60.362114
51.647606
17.842915
6.710041
0.000000
0.000000
4.986908
0.406875
0.000000
0.000000
23.682608
22.208757
17.214689
0.000000
8.574868
11.125746
11.059547
14.545800
14.980222
12.521608
8.964263
2.295344
0.000000
0.000000
0.000000
20.581949
43.705963
59.007694
61.874966
61.562218
58.221630
67.622566
75.474121
80.546082
88.529755
96.754272
111.604683
129.507095
145.997009
143.386505
147.202591
129.754410
73.928719
56.026905
87.258392
62.312916
48.603275
80.843552
69.828743
60.943050
32.549263
25.887642
25.774998
27.846066
19.068279
7.404812
0.000000
0.000000
0.000000
0.000000
0.000000
0.000000
1.408017
7.517830
9.060000
3.252549
12.629580
6.899866
3.260639
7.903229
6.336134
9.292539
0.000000
6.304260
3.250971
4.493704
0.000000
5.508027
0.000000
0.000000
0.000000
1.184618
0.000000
0.000000
0.000000
0.000000
0.000000
0.000000
0.000000
0.000000
9.018767
0.000000
18.581949
28.125216
51.855999
26.184334
0.000000
19.057178
0.000000
0.000000
0.000000
12.272972
0.577946
3.523328
7.469994
6.821356
0.000000
0.000000
0.000000
0.000000
0.000000
0.000000
0.000000
0.000000
6.049890
0.000000
0.026005
1.860023
0.000000
0.000000
0.000000
10.131719
0.000000
0.000000
0.000000
5.706445
0.000000
0.000000
0.000000
0.000000
0.000000
0.000000
0.000000
0.085000
5.671744
26.499201
29.433088
28.954266
3.285055
6.892208
0.000000
0.000000
0.000000
0.000000
0.000000
0.000000
0.000000
0.000000
3.404103
5.471210
0.000000
0.000000
0.000000
0.000000
0.000000
0.258446
0.000000
0.000000
0.000000
0.000000
0.000000
0.000000
0.000000
0.000000
0.000000
0.000000
0.000000
0.000000
0.000000
0.000000
0.000000
0.000000
0.000000
0.000000
2.612648
0.000000
0.000000
0.000000
0.000000
0.000000
12.604969
5.429657
0.000000
2.295738
36.943531
58.934952
93.935112
53.916924
59.584637
31.398493
0.000000
0.000000
0.000000
0.000000
0.000000
0.000000
0.000000
0.000000
0.000000
0.000000
2.143887
14.507837
4.912781
1.053712
0.736269
0.000000
0.000000
0.000000
0.000000
0.000000
0.000000
0.000000
4.786200
19.833029
18.828915
18.365519
6.340960
0.000000
6.752515
0.000000
16.020237
17.679760
0.000000
0.000000
0.000000
0.000000
0.000000
0.000000
8.410273
18.727703
0.000000
0.246517
20.165100
31.740597
27.235035
16.412144
19.572512
8.626792
18.420092
19.892809
27.293350
33.068127
7.145407
0.000000
0.000000
0.000000
0.000000
0.000000
5.278778
8.383793
0.000000
0.000000
0.000000
0.000000
0.000000
0.000000
13.237244
6.001034
0.000000
0.000000
0.000000
0.000000
0.507710
24.323162
53.182323
55.448734
35.262154
17.242716
15.459416
13.854662
0.000000
0.000000
9.854853
25.770714
26.210066
34.959789
18.308563
59.029400
6.457520
22.630882
0.000000
0.000000
0.000000
0.000000
21.785295
51.018414
39.335346
6.798202
0.000000
0.000000
0.000000
0.000000
0.000000
0.000000
0.000000
0.000000
0.000000
0.000000
0.000000
0.000000
0.000000
0.000000
1.585890
9.410334
0.000000
0.000000
0.000000
0.000000
0.000000
0.000000
0.000000
0.000000
0.000000
0.000000
0.000000
0.000000
0.000000
0.000000
0.000000
0.000000
0.000000
0.000000
0.000000
0.000000
28.790411
31.199772
21.861267
15.272344
0.000000
0.000000
0.000000
0.000000
0.000000
0.000000
0.000000
0.000000
30.298700
53.940090
70.322868
70.094429
40.674892
27.729839
0.000000
0.000000
0.000000
0.000000
0.000000
0.000000
0.000000
0.000000
0.000000
0.000000
0.000000
0.000000
0.000000
0.000000
0.000000
0.000000
0.000000
0.000000
7.858763
32.223022
18.064079
18.045897
18.045897
18.045897
18.045897
18.045897
17.160822
19.703455
14.239044
27.323240
7.322122
0.000000
0.000000
40.353985
16.860723
47.471817
59.358273
57.930759
52.052334
0.000000
0.496874
0.000000
5.996877
3.043495
20.558977
53.408852
59.996845
52.464497
38.087570
40.996132
41.142250
38.099648
26.933218
38.661720
42.991371
52.023968
39.733192
36.252895
1.243433
0.000000
0.000000
0.000000
0.000000
0.000000
0.000000
0.000000
0.000000
0.000000
0.000000
0.000000
0.000000
0.000000
0.000000
0.000000
0.000000
0.000000
0.000000
0.000000
16.855078
39.973816
52.154022
39.794224
27.271505
16.396730
8.757850
4.685357
4.613261
5.675766
6.491178
12.868472
42.934235
39.311230
43.407452
46.592972
40.157585
3.395849
0.000000
0.000000
0.000000
0.000000
0.000000
0.000000
11.709926
15.148043
11.275756
2.134414
45.802246
68.282036
85.140541
70.153648
66.962830
73.873901
83.330879
57.489876
53.251198
34.698441
30.631227
45.680275
38.934742
41.423229
38.532471
17.285383
21.168133
8.685201
0.000000
0.000000
0.000000
0.000000
0.000000
0.000000
0.000000
0.000000
3.830319
8.048185
4.084988
0.000000
0.000000
0.000000
3.860024
0.000000
36.415764
36.544205
20.747091
25.084084
19.004110
16.288345
13.895135
10.357510
6.223670
2.417072
30.949266
0.000000
0.000000
0.000000
12.807014
16.423826
0.000000
0.000000
45.883900
0.572322
0.000000
0.000000
0.000000
0.000000
0.000000
0.000000
0.000000
0.000000
10.384383
10.769444
11.579864
3.020095
4.340884
4.061115
11.264480
0.000000
0.000000
0.000000
1.816271
24.284328
3.863963
10.180043
0.000000
0.000000
0.000000
0.000000
8.721700
0.000000
0.000000
0.000000
0.000000
0.000000
0.000000
0.000000
15.413283
23.797245
38.332218
28.796850
4.178903
0.000000
0.000000
0.000000
0.000000
0.000000
0.000000
0.000000
0.000000
0.000000
0.000000
0.000000
0.000000
0.000000
0.000000
0.000000
0.000000
0.000000
0.000000
70.932625
107.657829
58.199272
29.001585
34.476120
7.138408
9.942101
6.916416
0.000000
14.608264
16.940704
0.000000
0.000000
0.000000
0.000000
0.000000
0.000000
0.000000
0.000000
0.000000
0.000000
0.000000
0.000000
0.000000
0.000000
13.203418
11.920371
1.483101
32.068977
25.049719
6.949595
16.560787
24.299932
16.615555
30.855608
32.559593
37.541424
43.135410
40.996735
16.585182
11.413998
11.057944
55.490063
47.090630
84.270760
87.753418
34.651253
47.029781
105.753868
85.680771
78.251244
49.951241
41.570213
28.483910
13.592282
1.479903
0.000000
0.000000
20.285025
16.371161
0.000000
0.000000
0.000000
0.000000
0.000000
0.000000
0.000000
0.000000
0.000000
0.000000
0.000000
0.000000
0.000000
0.000000
7.163350
3.049060
0.000000
0.000000
0.000000
0.000000
0.000000
0.000000
0.000000
0.000000
0.000000
0.000000
0.000000
0.000000
0.000000
0.000000
0.000000
0.000000
20.982294
0.000000
0.000000
23.431805
0.000000
0.000000
9.754210
0.000000
0.000000
0.000000
11.417264
6.599269
0.000000
3.519104
21.094273
28.491686
30.362692
36.470840
15.080834
13.747133
27.350962
6.161022
10.729173
0.000000
0.000000
0.000000
4.960985
6.479459
17.638559
15.154400
15.099133
0.000000
2.904976
7.059804
0.898724
0.000000
0.000000
4.167314
0.000000
3.920156
3.196225
3.820048
1.398727
0.000000
3.967773
0.000000
9.349449
21.928631
25.078365
22.514185
20.874012
0.429378
3.402132
5.644740
6.867552
7.161550
3.590099
0.000000
0.000000
0.000000
0.000000
0.000000
0.000000
0.000000
3.806100
34.118729
4.555677
16.316380
16.450390
24.092743
38.169163
38.529713
39.947971
27.121683
21.239307
30.237282
50.711449
42.906845
25.439373
3.800698
0.000000
0.000000
16.138691
0.221414
0.000000
0.000000
20.587494
16.961399
0.000000
12.572321
40.987690
0.000000
0.000000
0.000000
0.000000
0.000000
0.000000
0.000000
0.000000
21.231087
19.154713
19.049995
22.228951
17.504433
10.558648
13.841688
34.667000
6.470767
10.784726
0.000000
0.000000
0.000000
0.000000
0.000000
0.000000
0.000000
0.000000
0.000000
0.000000
0.000000
0.000000
0.000000
0.000000
0.000000
23.197773
0.000000
0.000000
0.000000
7.429497
21.838530
49.480125
49.726646
91.130142
85.399040
16.031099
0.000000
0.755854
26.677341
0.000000
0.000000
0.000000
0.000000
0.000000
0.000000
0.000000
0.000000
0.000000
0.000000
0.000000
0.000000
10.074458
30.424664
12.351268
13.762578
12.413017
5.578082
1.695219
0.000000
25.603796
26.617990
38.050873
60.958515
14.182398
0.000000
0.000000
31.970051
64.206932
57.095432
86.030151
58.242180
3.548578
0.000000
0.000000
0.000000
0.000000
0.000000
0.000000
0.000000
0.000000
7.573490
0.000000
0.000000
2.988774
26.817703
15.054410
1.041638
0.000000
13.324534
41.070129
67.668671
0.000000
0.000000
0.000000
0.000000
0.000000
0.000000
4.456771
3.633975
0.000000
40.965912
68.925720
61.208672
14.364609
0.000000
9.160516
30.483610
25.827684
21.678860
13.592204
1.019573
0.000000
0.000000
0.000000
15.203190
35.097450
46.974159
89.432808
66.941216
58.762882
34.391495
24.750132
14.490771
23.587276
23.738129
29.219494
26.174004
29.520037
32.496124
40.728100
15.846148
0.000000
0.000000
0.000000
0.000000
0.000000
0.000000
0.000000
24.836060
50.022213
88.202118
87.306000
88.752007
96.898201
44.498600
0.000000
0.000000
0.000000
0.000000
0.000000
0.000000
15.490482
37.149151
39.690735
45.145977
30.835459
42.951664
29.925852
38.917393
21.527031
27.288307
19.273228
48.899548
29.250618
33.226017
81.459625
86.665619
52.170578
45.207047
0.000000
0.000000
0.000000
0.000000
0.000000
0.000000
0.000000
0.000000
0.000000
0.000000
0.000000
0.000000
0.000000
0.000000
0.000000
0.000000
0.000000
0.000000
0.000000
0.000000
0.000000
0.000000
0.000000
20.234930
0.000000
0.000000
0.000000
0.000000
0.000000
0.000000
0.000000
0.000000
0.000000
0.000000
0.000000
0.000000
0.000000
0.000000
0.000000
0.000000
0.000000
22.614283
17.744177
71.217125
63.790974
46.971386
73.241211
81.294434
63.099174
63.464336
61.070042
73.430389
76.417221
87.426239
94.182343
94.155952
64.391602
68.202675
73.813858
20.522266
0.000000
0.000000
0.000000
0.000000
0.000000
0.000000
0.000000
0.000000
0.000000
0.000000
4.032422
0.000000
0.000000
0.000000
1.323973
38.782757
18.123631
0.000000
0.000000
0.000000
0.000000
0.000000
0.000000
0.000000
0.000000
0.000000
0.000000
0.000000
0.000000
10.889342
35.890476
60.554218
33.928925
36.722004
37.748005
28.530001
42.442650
20.499147
4.609542
13.488879
0.000000
7.533445
15.804700
45.429890
14.083949
69.715317
55.252300
59.403534
35.374931
4.837413
0.000000
0.000000
0.000000
0.000000
0.000000
0.000000
0.000000
0.000000
0.000000
0.000000
15.562514
2.381476
11.038469
2.116680
0.000000
0.000000
0.000000
0.000000
0.000000
0.000000
0.000000
0.000000
0.000000
18.078987
0.000000
16.676476
6.258914
17.036232
20.530432
11.851864
15.013754
0.000000
0.000000
0.000000
0.000000
0.000000
0.000000
0.000000
0.000000
0.000000
15.796966
23.887436
29.416185
24.069050
21.895494
18.127090
24.031410
22.554106
9.003311
18.095581
33.630795
12.240677
7.295654
11.086608
0.000000
0.000000
0.000000
0.000000
0.000000
0.000000
4.577894
0.000000
0.000000
0.000000
0.000000
14.137100
0.000000
0.000000
0.000000
0.000000
0.000000
0.000000
0.000000
9.949286
0.000000
35.205204
34.841949
41.760498
15.903939
18.430746
20.839689
6.946052
3.068177
0.000000
12.792508
0.000000
21.039967
38.784851
63.194893
37.970932
45.904789
23.464525
15.516840
17.050787
4.906316
4.820301
2.593244
0.000000
3.097100
0.000000
0.000000
0.000000
0.000000
0.000000
0.000000
0.000000
0.000000
0.000000
0.000000
0.000000
0.000000
0.000000
0.000000
7.504504
0.000000
3.567691
0.000000
8.835938
0.000000
0.000000
0.000000
0.000000
0.000000
0.000000
0.000000
2.825360
8.912395
0.000000
0.000000
0.000000
0.000000
18.223366
51.240238
59.913937
83.078278
27.234951
53.720341
69.825607
46.922863
50.875057
21.269381
0.117994
0.000000
0.000000
0.000000
0.000000
12.878389
39.014469
77.280998
46.571857
32.150368
7.365166
0.000000
0.000000
0.000000
0.000000
0.000000
0.000000
0.000000
0.000000
0.000000
0.000000
0.000000
0.000000
0.000000
0.000000
0.000000
0.000000
0.000000
0.000000
0.000000
0.000000
27.327799
10.966419
11.077285
11.077285
11.077285
11.077285
11.077285
10.564008
8.396159
0.000000
17.523037
5.532891
8.018946
22.239491
37.895546
29.741159
0.000000
24.519285
11.653844
47.219131
7.017709
0.000000
14.012047
19.948803
28.073114
39.158195
44.133087
46.190792
39.306881
35.265453
17.796993
29.467501
39.474396
20.413950
34.794025
18.177559
40.340481
40.396496
31.432039
15.496186
0.000000
0.000000
0.000000
0.000000
0.000000
0.000000
0.000000
0.000000
0.000000
0.000000
0.000000
0.000000
0.000000
0.000000
0.000000
0.000000
0.000000
0.000000
0.000000
7.457769
0.459137
23.705078
16.614597
10.546811
6.181069
4.128907
0.000000
0.000000
0.000000
17.239735
17.827063
25.239187
18.899424
25.607439
18.004414
53.456135
0.000000
0.000000
0.000000
0.000000
0.000000
0.000000
0.000000
0.000000
0.000000
0.000000
0.000000
14.297943
62.818172
87.990463
90.600830
106.088585
100.006271
68.942886
56.044373
79.890335
98.917084
93.507324
69.611198
75.855515
80.957626
62.014923
57.573589
63.201813
57.729412
5.010822
0.000000
0.000000
0.000000
0.000000
0.000000
0.000000
0.000000
0.000000
0.000000
0.000000
0.000000
0.000000
5.084254
8.942408
12.893079
0.000000
37.285439
33.036682
54.053333
47.762402
41.158054
34.379417
28.862057
24.170414
24.479429
0.000000
0.000000
0.000000
23.882420
12.692272
21.533787
23.672878
0.000000
0.000000
0.000000
0.000000
0.000000
0.000000
0.000000
0.000000
0.000000
0.000000
6.841411
30.605747
57.852123
43.566631
58.919712
60.625751
15.439078
38.028465
32.658581
35.784004
17.368664
0.000000
0.000000
0.000000
0.000000
10.524152
8.782626
2.856059
0.000000
0.000000
12.751595
0.000000
0.000000
0.000000
0.000000
26.802471
20.419331
0.000000
0.000000
0.000000
26.263477
13.413382
0.000000
0.000000
0.000000
0.000000
0.000000
0.000000
4.687761
0.000000
0.000000
2.202088
0.000000
0.000000
0.000000
0.000000
0.000000
0.000000
15.321436
31.370720
16.572803
42.517082
104.919693
144.750641
93.905464
25.248823
0.000000
0.000000
0.000000
0.000000
0.000000
0.000000
0.000000
0.000000
0.000000
0.000000
0.000000
0.000000
0.000000
0.000000
0.000000
0.000000
0.000000
0.000000
0.000000
0.000000
0.000000
0.000000
0.000000
0.000000
0.000000
0.000000
0.000000
0.000000
0.000000
0.000000
0.000000
0.000000
0.000000
0.000000
0.000000
21.232428
29.767607
15.301967
83.309097
96.481743
109.538681
100.425041
62.382675
42.948257
62.045742
85.658043
86.423378
90.607216
96.563301
68.445190
64.349609
68.120193
69.528198
30.989084
0.000000
0.000000
0.000000
0.000000
0.000000
0.000000
0.000000
0.000000
0.000000
0.000000
0.000000
0.000000
0.000000
0.000000
0.000000
0.000000
0.000000
0.000000
0.000000
0.000000
0.000000
0.000000
0.000000
0.000000
0.000000
0.000000
0.000000
0.000000
0.000000
0.000000
0.000000
0.000000
0.000000
16.891211
24.746582
18.062160
0.000000
0.000000
0.000000
0.000000
0.000000
0.000000
0.000000
0.000000
0.000000
9.399594
41.362038
63.997864
71.328957
57.518417
73.202965
64.547249
70.639633
25.308538
48.347572
49.647427
45.400017
9.224114
15.128858
18.246542
0.000000
0.000000
0.000000
11.284547
2.999362
0.000000
0.000000
0.000000
0.000000
0.000000
0.000000
0.000000
0.000000
0.000000
2.334937
14.528450
8.742658
15.454962
15.710090
0.000000
0.000000
0.000000
0.000000
0.000000
0.000000
0.921441
4.042979
6.896325
5.692382
4.166208
0.437331
0.000000
0.000000
0.000000
0.000000
31.484657
33.429966
34.211670
0.000000
0.000000
0.000000
0.000000
0.000000
0.000000
0.000000
1.863582
0.000000
0.000000
17.824862
38.028484
51.951496
30.878483
24.082165
29.553501
48.937218
31.405069
6.859147
26.965246
41.461590
46.207081
41.569622
53.832809
58.378647
24.314301
29.628414
28.450439
35.869862
0.000000
0.000000
0.000000
0.000000
0.000000
0.000000
0.000000
0.000000
0.000000
0.000000
0.182770
9.113667
2.960559
0.431229
36.971241
0.363815
23.537819
49.279255
24.586920
23.963652
23.928324
17.918156
7.843755
0.000000
0.000000
0.000000
4.713380
0.000000
0.000000
46.417458
47.993999
8.402808
9.457958
30.872429
2.741275
2.410198
0.000000
1.521167
0.000000
0.000000
0.000000
0.000000
39.718182
28.672852
57.775898
45.922577
7.658761
11.208083
2.228622
5.769247
0.000000
0.000000
0.000000
0.000000
2.867383
0.000000
0.000000
3.061204
0.000000
2.398931
0.767767
0.000000
4.230854
0.000000
11.764727
19.444006
14.757052
0.000000
0.000000
1.934929
5.947864
1.373853
8.627083
39.927082
6.502304
0.000000
0.000000
0.000000
0.000000
0.000000
0.000000
24.751686
32.836124
39.752716
1.264279
10.691347
3.181904
0.000000
0.000000
0.000000
0.000000
0.000000
0.000000
22.648376
55.605286
73.799232
95.186371
73.430885
26.290375
0.000000
0.000000
2.691339
0.000000
0.928724
21.117285
14.862018
0.000000
1.904323
0.000000
0.000000
0.000000
0.000000
0.000000
0.000000
0.000000
0.000000
0.000000
0.000000
16.000719
9.726126
0.000000
52.113419
62.674522
27.473824
31.916037
18.998150
0.000000
0.000000
0.000000
3.055870
13.076264
27.805891
46.385563
19.413233
0.131052
17.879858
3.350282
0.403658
11.451079
26.644880
17.438320
29.854965
10.831874
34.639225
53.403214
61.889355
73.431183
82.490013
31.251135
0.000000
0.000000
0.000000
0.000000
0.000000
0.000000
0.000000
0.000000
8.512361
0.000000
26.326832
8.566285
0.000000
12.050346
3.523517
0.000000
0.000000
0.714161
0.000000
0.000000
0.000000
0.000000
0.000000
0.000000
0.000000
0.000000
0.000000
0.000000
0.000000
0.000000
0.000000
0.000000
0.000000
0.000000
0.000000
0.000000
0.000000
0.000000
0.000000
0.000000
0.000000
0.000000
0.000000
0.000000
0.000000
0.000000
0.000000
32.465042
34.644299
41.685772
53.783340
29.631220
8.713241
31.663290
13.323089
21.824259
29.544134
24.218218
0.000000
4.034400
0.000000
0.000000
5.757707
12.294594
0.000000
0.000000
4.396516
12.979523
5.786684
9.753610
35.737885
0.000000
9.594256
12.616489
0.000000
3.421916
8.210290
14.833684
24.873966
38.657398
33.028450
31.449427
15.799668
0.000000
0.000000
0.000000
0.000000
0.000000
0.000000
0.000000
0.000000
0.000000
0.000000
0.000000
0.000000
0.000000
0.000000
0.000000
0.000000
0.000000
0.000000
17.643803
9.098466
9.923957
24.073160
40.476509
55.192852
59.125668
63.410717
74.077271
72.723061
78.251625
47.155743
60.233776
26.674393
0.000000
0.000000
0.000000
0.000000
0.000000
0.000000
0.000000
0.000000
0.000000
0.000000
0.000000
0.000000
0.000000
0.000000
0.000000
0.000000
0.000000
0.000000
0.972477
33.730572
56.141041
53.018333
54.248016
52.438789
50.213741
44.314606
37.317230
33.784863
10.639978
15.546822
12.086864
9.897236
24.093431
12.687518
16.208494
27.162861
20.754423
16.830206
13.318328
11.582788
9.306593
4.423892
25.345678
0.000000
22.774746
11.234352
1.454971
0.000000
0.000000
0.000000
20.566519
5.515079
0.000000
12.064133
34.296879
15.010600
21.442118
31.502579
49.748322
29.191141
7.688418
0.000000
0.000000
0.000000
0.000000
0.000000
0.000000
0.000000
0.000000
0.000000
0.000000
0.000000
2.421392
0.000000
0.000000
0.091328
0.826873
0.000000
8.234955
0.000000
11.103761
0.000000
0.711726
0.000000
0.000000
0.000000
8.433658
12.560781
0.000000
2.966144
0.000000
8.300523
21.580944
0.000000
15.091622
0.000000
10.601229
7.532720
0.000000
0.000000
0.000000
0.000000
0.000000
0.000000
0.000000
0.000000
0.000000
0.000000
0.000000
0.000000
0.000000
0.000000
0.000000
0.000000
0.000000
0.000000
37.744804
61.838379
69.429214
50.671421
38.107624
40.611652
28.706982
49.695137
12.866551
22.332302
28.034559
20.622232
17.213224
14.202147
12.964326
15.818819
18.476902
14.539918
23.011955
0.000000
38.603413
44.942242
43.092815
31.988775
50.961201
36.248356
45.738705
60.189693
59.351780
60.936394
61.777836
61.637360
56.163635
60.794209
45.239620
49.851662
0.000000
0.000000
0.000000
0.000000
0.000000
0.000000
0.000000
0.000000
0.000000
0.000000
0.000000
0.000000
0.000000
0.000000
0.000000
0.000000
0.000000
0.000000
0.000000
38.086884
61.741550
61.903164
41.314209
71.885139
31.132730
50.110569
47.183090
34.119949
39.559742
43.400089
31.654661
52.003723
26.894676
46.018436
29.054195
18.593895
0.000000
1.024224
0.000000
0.000000
0.000000
0.000000
0.000000
0.000000
0.000000
0.000000
0.000000
0.000000
0.000000
17.829573
0.000000
31.937353
0.000000
0.000000
9.495297
31.708826
4.098586
16.509678
21.659985
46.070683
59.477043
24.712566
29.766666
3.988022
0.000000
0.000000
0.000000
0.000000
0.000000
0.000000
0.000000
0.000000
0.000000
0.000000
0.000000
0.000000
0.000000
0.000000
0.000000
0.000000
0.000000
13.316161
0.000000
12.409512
0.000000
13.839671
1.869796
6.466270
13.292122
10.814839
7.266790
1.097454
0.000000
0.000000
0.000000
4.387486
4.977108
27.502661
38.537956
17.295448
15.733009
12.490193
8.691988
5.618432
2.802181
0.000000
0.000000
0.000000
0.000000
0.000000
0.000000
0.000000
0.000000
0.000000
0.000000
0.000000
0.000000
0.000000
0.000000
0.000000
0.000000
0.000000
0.000000
0.000000
0.000000
0.000000
25.822392
62.763947
76.585968
61.944660
49.592503
76.334892
71.427658
57.308258
43.426407
16.461821
12.479827
37.850323
49.008106
22.958111
37.278614
8.828426
29.342564
45.492428
18.712831
2.102356
0.000000
0.000000
0.000000
0.000000
0.000000
0.000000
0.000000
0.000000
0.000000
0.000000
0.000000
0.000000
0.000000
0.000000
0.000000
0.000000
0.000000
0.000000
0.000000
0.000000
0.000000
1.145562
5.797409
13.131701
8.156072
14.653579
0.000000
0.000000
0.000000
6.983847
0.000000
0.816975
0.000000
0.326290
0.000000
0.000000
0.000000
0.000000
0.000000
0.000000
0.000000
12.659451
22.536173
19.558050
27.225878
42.538254
18.670288
35.968632
27.932467
10.363523
17.759550
27.820349
9.433108
11.584736
22.704569
21.301758
0.000000
0.000000
0.000000
0.000000
5.523175
0.000000
0.000000
0.248243
0.000000
6.322315
0.000000
0.000000
5.384100
12.966442
0.000000
0.000000
0.000000
0.000000
0.000000
5.126166
4.999799
17.197697
0.000000
4.990882
0.000000
0.000000
1.066542
0.000000
15.442700
0.000000
4.879289
9.949538
47.303066
27.637316
38.239620
55.086346
47.831387
7.865681
15.354186
0.000000
0.000000
0.000000
0.000000
0.000000
0.000000
0.000000
0.000000
0.000000
0.000000
0.000000
0.000000
0.000000
0.000000
0.000000
0.000000
0.000000
0.000000
0.000000
0.000000
0.000000
0.000000
0.000000
0.000000
0.000000
0.000000
0.000000
0.000000
0.000000
0.000000
0.000000
0.000000
0.000000
0.000000
0.000000
0.000000
0.000000
31.879730
67.438576
66.316612
59.879200
79.663872
57.391014
92.421906
87.092674
76.652916
56.093609
12.545073
1.352900
0.000000
0.000000
44.163364
45.975948
31.430483
55.438652
42.347530
5.623983
0.000000
0.000000
0.000000
0.000000
0.000000
0.000000
0.000000
0.000000
0.000000
0.000000
0.000000
0.000000
0.000000
0.000000
3.798543
0.000000
0.000000
0.000000
0.000000
0.000000
7.822976
18.265516
36.108532
26.733797
26.733797
26.733797
26.733797
26.733797
28.691797
16.673029
1.083485
5.434053
43.659706
2.591629
46.406712
0.100448
12.019245
0.000000
20.878872
0.000000
0.000000
0.000000
0.000000
0.000000
0.000000
25.204542
36.759216
40.143761
30.531834
38.775681
19.133299
28.314064
28.280685
36.782764
17.431414
29.493414
23.955633
8.574682
43.766720
20.658663
21.707262
9.831178
0.000000
0.000000
0.000000
0.000000
0.000000
0.000000
0.000000
0.000000
0.000000
0.000000
0.000000
0.000000
0.000000
0.000000
1.151734
0.000000
17.723829
3.826901
8.437201
8.571249
17.281343
13.059483
9.839219
7.803688
6.787742
6.878637
6.702269
5.188488
27.419191
36.494995
7.363961
0.000000
17.180597
42.519985
57.406105
2.408861
15.788332
32.501583
48.195953
64.849144
71.375153
82.995514
73.336052
75.163002
60.356110
78.858749
11.721607
0.000000
0.000000
0.000000
0.000000
0.000000
0.000000
0.000000
0.000000
0.000000
0.000000
0.000000
0.000000
0.000000
0.000000
0.000000
0.000000
0.000000
0.000000
0.000000
0.000000
24.847017
58.732128
59.290321
59.520504
52.160358
34.101845
25.468786
26.911863
31.165421
0.000000
2.832047
14.052475
43.936996
30.487082
38.658333
41.481537
40.600773
40.919220
35.518845
27.123503
19.374235
13.223499
15.189951
0.000000
0.000000
9.473047
0.000000
0.000000
0.000000
0.000000
34.431911
27.339191
13.410057
22.291924
36.388115
51.988976
32.041279
25.823462
49.104126
24.753929
20.557030
0.000000
0.000000
0.000000
0.000000
0.000000
0.000000
0.000000
0.000000
0.000000
0.000000
0.000000
0.000000
0.000000
0.000000
8.851341
0.520113
0.210557
0.000000
0.000000
8.444587
0.000000
5.603937
31.000847
3.485522
0.000000
28.401600
31.887863
0.574459
0.000000
0.000000
5.674035
3.548651
28.279495
44.750458
0.000000
0.000000
0.000000
0.000000
0.000000
0.000000
2.841272
0.000000
0.000000
0.000000
0.000000
0.000000
0.000000
0.000000
0.000000
0.000000
0.000000
0.000000
0.000000
0.000000
0.000000
11.352459
45.012691
58.924728
36.609348
46.995079
57.389343
46.177586
63.099693
34.969433
41.495720
40.490639
35.766598
33.594963
34.704494
36.530819
37.850342
41.710945
47.009808
49.322449
25.917492
0.000000
0.000000
40.843925
41.300991
63.350098
56.442001
41.250824
41.427406
40.707844
39.993855
36.225925
44.665447
69.040382
65.691895
70.462029
84.363075
48.455555
0.000000
0.000000
0.000000
0.000000
0.000000
0.000000
0.000000
0.000000
0.000000
0.000000
0.000000
0.000000
0.000000
0.000000
0.000000
0.000000
0.000000
0.000000
0.000000
16.258478
53.789276
49.519852
74.598602
49.872559
49.829098
61.087784
50.572834
50.117767
47.624905
53.865280
41.276402
32.893696
51.892265
45.314651
24.621258
0.000000
0.000000
0.775406
0.000000
0.000000
0.000000
0.000000
0.000000
0.000000
0.000000
0.000000
0.000000
0.000000
0.000000
0.000000
2.936847
15.621407
0.000000
4.731287
0.000000
11.504646
43.413727
0.000000
0.000000
45.232113
34.147091
48.252678
24.064125
0.000000
0.000000
0.000000
0.000000
0.000000
0.000000
0.000000
0.000000
0.000000
0.000000
0.000000
0.000000
0.000000
0.000000
0.000000
7.998981
14.041705
10.520178
0.000000
7.917936
18.931377
34.213531
22.836693
13.833488
18.812870
18.867306
21.301573
18.156443
6.870301
0.000000
10.818249
34.943344
22.256100
3.765919
0.000000
17.626669
26.589434
0.000000
0.000000
0.000000
0.000000
0.000000
0.000000
0.000000
0.000000
0.000000
0.000000
0.000000
0.000000
0.000000
0.000000
0.000000
0.000000
0.000000
0.000000
0.000000
0.000000
0.000000
0.000000
0.000000
0.000000
0.000000
0.000000
0.000000
10.690058
78.010216
128.969574
119.546799
84.542801
116.330559
97.667030
87.185028
109.602699
103.431953
99.205620
91.275932
75.961288
81.584518
65.091873
52.940113
74.205063
81.528366
7.080408
12.026228
0.000000
0.000000
0.000000
0.000000
0.000000
0.000000
0.000000
0.000000
0.000000
0.000000
0.000000
0.000000
0.000000
1.262550
30.530560
25.690886
41.992851
37.249756
33.189560
28.364925
23.781803
19.289192
14.022900
0.000000
9.122594
0.000000
0.000000
27.206367
23.862385
0.000000
0.000000
0.000000
0.000000
0.000000
0.000000
0.000000
0.000000
0.000000
0.000000
0.000000
0.000000
0.000000
51.147640
77.351761
73.594994
56.781742
71.739250
36.243492
44.960339
30.524914
24.111761
12.187778
11.790363
0.000000
15.463490
4.722200
8.031296
3.046745
0.000000
0.000000
0.754369
0.000000
5.705262
0.000000
20.225981
7.859076
0.000000
7.938943
0.000000
2.352650
19.065411
0.352685
0.000000
0.000000
0.000000
0.000000
2.086169
0.000000
6.495133
0.000000
0.000000
0.000000
0.000000
0.000000
0.000000
0.000000
0.000000
0.000000
23.805002
19.358082
44.394329
84.466576
122.385948
128.729370
89.988518
44.301189
1.250181
0.000000
0.000000
0.000000
0.000000
0.000000
0.000000
0.000000
0.000000
0.000000
0.000000
0.000000
0.000000
0.000000
0.000000
0.000000
0.000000
0.000000
0.000000
0.000000
0.000000
0.000000
0.000000
0.000000
0.000000
0.000000
0.000000
0.000000
0.000000
0.000000
0.000000
0.000000
0.000000
0.000000
0.000000
0.000000
0.000000
2.505726
35.414318
156.934387
107.031296
75.844788
110.590530
89.045601
85.591087
106.989532
108.526505
110.050934
104.843964
92.016663
71.793854
75.376083
92.910896
80.546814
38.531513
0.000000
0.000000
0.000000
0.000000
0.000000
0.000000
0.000000
0.000000
0.000000
0.000000
0.000000
0.000000
0.000000
0.000000
0.000000
0.000000
0.000000
0.000000
0.000000
0.000000
0.000000
0.000000
0.000000
0.000000
0.000000
0.000000
0.000000
0.000000
0.000000
0.000000
5.351668
0.000000
4.116915
2.531024
0.000000
0.000000
0.000000
0.000000
0.000000
0.000000
0.000000
0.000000
0.000000
0.000000
0.000000
0.000000
61.277954
91.412766
81.227188
78.541306
70.078117
77.636147
65.072189
44.794579
52.356167
31.504866
35.292751
18.858999
0.000000
16.329411
2.010529
0.000000
10.738422
7.116928
17.660748
0.000000
2.135806
1.357283
6.261176
0.000000
5.538138
1.492928
3.948810
10.221184
16.180305
20.680655
14.357539
0.000000
0.000000
0.000000
0.000000
0.000000
7.578742
7.843941
7.864621
7.880718
7.890632
10.928598
13.230292
11.500475
0.000000
0.000000
0.000000
0.000000
2.122815
65.620682
43.664627
5.423484
3.992646
10.208086
10.539104
7.013371
6.224089
0.993662
5.718013
0.000000
11.478674
0.000000
0.000000
0.000000
0.000000
0.000000
0.000000
0.000000
0.000000
0.000000
1.324874
0.000000
0.000000
0.000000
0.000000
0.000000
0.000000
15.746080
0.000000
0.000000
8.938855
9.318841
14.905567
15.337918
4.656292
6.929497
10.930383
18.043259
24.018570
22.186972
15.300580
5.059627
0.380415
0.000000
6.059506
0.000000
0.000000
0.000000
0.000000
0.000000
0.000000
0.000000
0.000000
0.000000
0.000000
3.348680
2.391255
0.000000
3.488179
5.670779
0.000000
8.636098
0.000000
0.000000
8.407901
20.237123
3.509751
0.000000
10.561953
0.000000
0.286204
10.981360
0.000000
0.174443
0.000000
0.000000
0.000000
0.000000
0.000000
0.000000
0.000000
11.693607
8.853157
4.996109
0.000000
8.250726
1.431472
0.000000
0.342989
0.000000
0.000000
0.000000
0.000000
2.933532
3.245838
0.000000
1.828084
0.000000
0.000000
0.000000
0.000000
15.253761
13.848150
12.848846
0.000000
4.854208
0.000000
0.000000
1.109105
0.000000
0.918362
0.000000
0.000000
0.000000
2.144253
10.273108
1.520620
13.138781
6.108749
25.642883
35.551979
24.661772
6.703977
0.000000
0.000000
0.000000
0.000000
0.000000
0.000000
19.979359
22.084848
22.949863
17.973318
5.007776
0.000000
0.000000
0.000000
1.324948
2.977109
10.647300
0.000000
0.000000
0.925007
0.494492
1.924943
2.864113
3.297312
18.570862
0.000000
10.082116
6.151649
0.000000
0.000000
0.000000
3.530030
0.000000
8.944099
0.000000
2.543435
0.982144
0.000000
0.000000
0.000000
0.000000
0.000000
0.000000
0.000000
8.838870
0.000000
6.637247
0.000000
0.000000
0.000000
0.593753
0.000000
0.000000
0.000000
0.000000
0.000000
0.000000
0.000000
0.000000
16.964462
8.071637
24.938784
11.573068
4.452027
1.827249
4.758325
4.989879
0.000000
13.709023
0.000000
8.390426
3.996953
2.830564
12.167423
6.816302
1.808028
22.150450
6.086039
26.572508
12.863859
18.614532
1.241350
26.552132
14.306872
15.808661
15.808661
15.808661
15.808661
15.808661
15.869858
18.609974
12.590420
0.000000
0.000000
10.208684
0.000000
0.000000
0.000000
13.812435
33.253441
25.892246
11.702555
30.877817
0.000000
0.000000
3.438701
0.000000
0.000000
4.719064
0.000000
0.000000
0.000000
0.000000
0.000000
0.000000
13.755138
11.929093
0.000000
4.177824
0.000000
7.076312
1.929944
10.046370
2.822302
0.979228
0.000000
0.000000
0.000000
0.000000
0.000000
0.633693
0.000000
0.000000
0.000000
0.000000
0.000000
0.000000
0.000000
0.000000
0.000000
45.512611
20.570293
23.658075
27.449364
24.315138
20.577879
17.102409
13.165026
7.479467
4.066061
4.790553
20.846539
14.501879
26.982931
32.905891
40.129379
13.874245
0.000000
5.963479
13.701850
10.022444
11.329664
18.693125
16.201124
9.347222
18.639507
19.710554
1.272235
0.000000
0.000000
0.000000
0.000000
0.000000
0.000000
0.000000
0.000000
0.000000
0.000000
0.000000
0.000000
0.000000
0.000000
0.000000
0.000000
0.000000
2.676863
5.478559
49.588837
48.580608
18.728201
18.046154
34.300472
22.328423
8.264647
0.000000
0.400909
10.654071
17.641663
26.154549
2.186195
0.000000
0.000000
17.951790
0.000000
0.000000
0.000000
0.000000
0.000000
0.000000
0.000000
0.000000
0.000000
0.000000
0.000000
14.327688
3.735188
0.000000
0.000000
0.000000
14.263451
0.000000
0.000000
6.680006
22.906755
25.586145
33.470634
13.804254
26.363060
16.791811
0.000000
0.000000
0.000000
14.009345
0.000000
0.000000
0.000000
0.000000
3.462706
0.000000
0.000000
0.000000
2.620851
6.640294
0.000000
0.000000
9.856043
2.364606
1.755474
0.828086
0.000000
0.750024
2.964768
21.657072
32.276489
0.000000
0.291256
23.968197
1.594199
0.000000
0.000000
0.000000
0.000000
0.000000
6.706711
9.818515
33.791565
39.984600
25.795948
23.425018
20.571762
17.874500
15.724906
0.344864
12.354985
10.018736
11.191935
27.403355
18.086330
9.402747
0.000000
0.000000
0.000000
0.000000
0.000000
0.000000
6.362478
0.000000
0.000000
6.028488
22.673431
37.020588
28.311501
0.000000
0.000000
4.440532
28.022915
15.654212
9.420784
8.647083
10.759082
15.784509
23.137321
31.285931
40.682346
28.982628
9.019434
13.543457
0.411039
0.000000
0.000000
0.000000
0.000000
0.000000
0.000000
0.000000
0.000000
0.000000
0.000000
0.000000
0.000000
0.000000
0.000000
0.000000
0.000000
0.000000
0.000000
0.000000
0.000000
0.000000
0.000000
0.000000
0.000000
0.000000
0.000000
0.000000
0.000000
0.000000
0.000000
0.000000
44.647934
48.678085
12.801906
0.878645
28.425785
28.549545
26.673820
14.085400
32.692963
15.794407
19.520115
19.348629
16.290203
11.126697
8.113360
18.845673
21.126831
25.671520
8.502461
7.550043
13.359374
0.797843
8.198183
0.000000
0.000000
0.000000
0.000000
0.000000
0.000000
0.000000
0.000000
0.000000
0.000000
0.000000
0.000000
0.000000
0.000000
0.000000
3.847277
0.000000
0.000000
8.524360
31.003622
9.461493
12.040678
5.282830
0.000000
0.000000
0.000000
0.000000
0.000000
0.000000
0.000000
0.000000
0.000000
0.000000
0.000000
0.000000
0.000000
0.000000
12.093544
16.117006
14.811641
1.841856
5.072857
15.126337
24.704208
31.846994
10.650863
4.822402
16.383152
13.713670
14.769074
16.112978
13.424547
10.464288
10.975095
2.819088
0.000000
0.000000
0.000000
0.000000
0.000000
0.000000
22.738604
15.649994
8.744369
3.364785
0.144478
0.000000
0.000000
0.000000
6.499547
19.691559
35.002476
30.217346
0.000000
0.000000
0.731586
0.000000
0.000000
0.000000
0.000000
0.000000
0.000000
0.000000
0.000000
0.000000
0.000000
0.000000
0.000000
0.000000
0.000000
23.343761
1.471444
20.315155
10.764770
18.818567
19.784452
43.900791
44.609871
24.883358
12.306823
15.310526
34.085735
52.955734
68.004333
101.249313
60.608723
52.663742
21.269089
2.442513
0.000000
0.000000
0.000000
0.000000
0.000000
0.000000
0.000000
0.000000
0.000000
0.000000
0.000000
0.000000
0.000000
0.000000
0.000000
0.000000
0.000000
0.000000
0.000000
0.000000
0.000000
0.000000
0.000000
9.394849
8.530363
27.693668
0.518788
0.000000
0.000000
0.000000
0.000000
7.307520
10.557750
18.404902
0.000000
0.000000
0.000000
0.000000
0.000000
0.000000
1.862344
12.554488
47.917404
45.669205
30.499205
46.866314
40.706997
45.719208
42.011425
28.031754
20.007565
0.000000
19.228430
2.988728
17.407154
11.644420
5.557379
1.757343
0.000000
13.038640
14.141945
3.613514
11.590685
20.583986
22.572027
3.163622
0.000000
0.000000
0.000000
0.000000
0.000000
0.000000
22.796043
35.204296
28.551659
27.441336
33.285580
24.939873
5.793885
3.819365
25.376892
23.520582
20.194286
40.286266
74.401894
79.739693
106.142639
78.148483
47.714111
0.000000
0.000000
8.650658
35.435596
0.000000
0.000000
0.000000
0.000000
0.000000
0.000000
0.000000
0.000000
0.000000
0.000000
0.000000
0.000000
0.000000
0.000000
0.000000
0.000000
0.000000
0.000000
0.000000
7.222900
3.105791
0.000000
0.000000
0.000000
0.000000
0.000000
0.000000
0.000000
0.000000
0.000000
0.000000
0.000000
0.000000
0.000000
0.000000
0.000000
0.000000
0.000000
0.000000
0.000000
0.000000
53.908596
34.291355
30.932753
0.000000
4.395823
10.505724
43.966164
51.249523
54.994659
55.411606
54.542366
68.302002
104.513618
101.829391
85.359421
47.231110
16.465519
0.000000
0.000000
0.000000
0.000000
0.000000
0.000000
0.000000
0.000000
0.000000
0.000000
0.000000
0.000000
0.000000
0.000000
0.000000
7.128197
8.563221
38.173458
22.334393
10.006826
0.000000
10.993608
9.438534
9.438534
9.438534
9.438534
9.438534
12.935708
0.000000
0.000000
0.000000
0.000000
0.000000
0.000000
0.000000
0.000000
0.000000
0.000000
0.000000
0.000000
0.000000
0.000000
0.000000
0.000000
0.000000
1.600430
44.288311
35.949215
44.179565
33.590496
5.727567
18.419924
29.795338
37.222214
35.532406
33.825397
0.000000
22.421679
10.469658
10.436515
0.000000
23.974537
27.480036
17.590677
8.335062
24.675262
17.156801
9.897095
12.199291
19.961803
14.560960
14.541768
15.478425
14.360384
0.000000
0.000000
0.000000
0.000000
0.000000
4.247192
15.500711
25.787945
17.782328
10.936274
6.223039
5.123340
10.092196
20.366177
34.941971
36.244957
65.972046
65.058929
96.264969
68.441032
77.154007
17.165323
8.936511
5.231174
13.932309
11.413995
6.886360
8.211828
0.000000
31.962181
19.588280
8.696284
0.000000
7.881460
0.000000
12.754981
0.000000
1.668222
0.000000
0.000000
0.000000
7.632904
12.845993
15.955166
0.000000
0.000000
0.000000
0.000000
0.000000
11.892215
7.661817
17.197615
8.253653
19.880671
11.528482
0.000000
0.000000
0.000000
0.000000
0.000000
0.845812
0.000000
0.000000
3.227217
20.865580
7.415520
14.456456
19.497967
1.855606
0.000000
0.000000
0.000000
0.000000
0.000000
0.000000
0.000000
4.322717
12.443955
0.000000
0.000000
27.158106
9.866930
38.919605
28.122709
0.000000
0.000000
0.000000
0.000000
0.000000
0.000000
46.268848
65.688148
43.104527
0.000000
0.000000
0.000000
5.655188
0.000000
0.000000
0.000000
6.109298
0.000000
0.000000
7.266437
56.292770
0.000000
0.000000
0.000000
0.000000
9.640317
4.207225
0.884894
0.000000
0.000000
0.000000
0.000000
0.000000
0.000000
3.339376
46.504337
0.000000
0.000000
0.000000
6.987323
7.921263
3.862776
19.265224
0.914013
3.550933
0.000000
0.000000
0.000000
0.000000
0.771725
0.000000
7.555695
11.089008
5.649793
0.000000
0.000000
2.671734
0.000000
16.056698
5.082401
0.000000
0.000000
0.000000
49.010185
66.614655
35.745247
39.551514
15.074809
20.075024
28.437672
50.234070
0.000000
0.000000
0.000000
0.000000
0.000000
0.000000
0.000000
0.000000
0.000000
0.000000
0.000000
0.000000
0.000000
1.587087
0.000000
0.000000
0.000000
11.792558
12.117862
24.718103
29.786610
30.157919
15.702991
16.246935
23.002554
34.201374
36.422668
26.176105
0.503417
0.000000
0.000000
11.068205
5.201850
1.272843
16.197319
20.822077
0.000000
0.000000
0.000000
0.000000
2.990144
11.125734
18.612143
19.201998
0.000000
6.054871
0.000000
28.896439
21.507122
4.296435
31.236040
17.432062
0.352681
0.000000
9.051702
2.761851
4.911848
0.000000
13.433805
6.877594
0.000000
0.000000
6.158222
0.000000
0.000000
0.000000
0.000000
2.466390
45.000050
39.672409
25.518047
4.694923
7.691967
9.388165
9.388165
9.388165
9.388165
9.388165
9.620890
15.661779
10.823771
0.000000
7.637553
0.000000
24.299631
15.747623
0.880203
0.000000
25.229830
0.000000
6.079253
11.660822
29.549458
11.896405
28.484470
8.934588
17.678801
24.648666
5.777675
7.315372
13.760553
23.656305
7.811253
0.000000
0.000000
8.162440
1.130453
0.000000
0.000000
0.000000
0.000000
0.000000
3.975944
0.000000
2.555349
0.000000
0.000000
0.000000
0.000000
0.000000
0.000000
0.000000
0.000000
1.948972
20.769766
3.850816
0.000000
0.000000
0.000000
0.000000
0.000000
0.000000
0.000000
0.000000
0.000000
0.000000
0.000000
0.000000
0.000000
0.000000
0.000000
6.845367
4.372921
4.341981
0.000000
12.236653
0.000000
0.000000
0.000000
0.000000
0.000000
0.000000
0.000000
0.000000
0.000000
0.000000
0.000000
0.000000
0.000000
28.009264
47.494381
63.504971
50.447010
64.125534
44.467804
57.660011
44.994400
61.294754
77.318367
71.654625
64.621872
76.023186
78.164307
67.452400
73.804443
55.300407
19.852665
0.000000
0.000000
0.000000
0.000000
0.000000
0.000000
0.000000
0.000000
0.000000
0.000000
0.000000
0.000000
7.095313
5.931938
25.822218
24.245447
29.259016
24.470846
0.000000
6.632346
3.089216
0.000000
0.000000
0.000000
0.000000
0.000000
0.000000
0.000000
0.000000
56.162724
55.328865
42.554958
26.764242
0.000000
0.000000
0.000000
0.000000
0.000000
0.000000
0.000000
0.000000
0.000000
0.000000
18.457085
42.630165
55.862720
25.311399
22.339796
21.878801
29.383053
9.526869
7.021268
5.502018
18.349501
0.000000
0.000000
0.000000
15.723488
2.371076
1.121776
0.000000
0.000000
0.000000
3.402859
2.631559
2.750057
0.000000
24.937973
16.760958
0.027611
0.000000
4.420761
31.534559
18.197001
0.000000
0.000000
0.000000
0.000000
0.000000
0.000000
1.757527
33.603794
36.513020
17.635397
14.646311
1.941082
0.000000
0.000000
0.000000
0.000000
13.573210
25.535892
37.894707
40.968281
52.915501
86.364868
102.283051
76.367439
27.256704
0.000000
0.000000
0.000000
0.000000
0.000000
0.000000
0.000000
0.000000
0.000000
0.000000
0.000000
0.000000
0.000000
0.000000
0.000000
0.000000
0.000000
0.000000
3.191511
3.674093
25.464687
35.505325
61.429657
38.393986
30.698130
17.170338
6.150733
0.000000
0.000000
9.032856
19.431280
20.312334
14.219545
11.073929
0.000000
23.130230
4.861079
14.165125
16.879190
64.124054
78.760956
46.125908
55.980576
41.264805
63.944550
78.864906
92.399788
103.041527
66.590492
24.014095
17.342518
15.334705
13.318655
0.000000
0.000000
0.000000
0.000000
0.000000
0.000000
0.000000
0.000000
0.000000
0.000000
0.000000
0.000000
0.000000
0.000000
0.000000
0.000000
0.000000
0.000000
0.000000
0.000000
0.000000
0.000000
0.000000
0.000000
0.000000
0.000000
0.000000
0.000000
0.000000
0.000000
0.000000
0.000000
0.000000
0.000000
0.000000
2.800804
4.267401
0.000000
0.000000
0.000000
0.000000
0.000000
1.171189
0.000000
17.919624
21.849691
27.546183
29.077343
45.268513
47.492477
38.763020
41.874878
44.386974
53.070026
38.238541
17.636436
14.722216
3.002872
17.485416
33.139610
10.483822
21.030594
3.448718
6.420041
8.974594
9.010460
5.657588
0.000000
0.000000
0.000000
0.000000
0.000000
0.000000
0.000000
11.517324
31.868597
26.035030
11.517857
4.636916
0.000000
0.000000
0.000000
0.000000
0.000000
0.000000
0.000000
0.000000
0.000000
0.000000
0.000000
0.000000
0.000000
0.000000
0.000000
0.000000
0.000000
0.000000
60.343395
0.000000
0.000000
0.000000
0.000000
0.000000
0.000000
0.000000
0.000000
0.000000
0.000000
14.485640
34.459110
5.908757
5.245135
60.177582
81.507050
83.851349
62.107700
24.715214
44.293850
25.307480
20.566290
33.867474
17.319994
35.175323
0.000000
0.000000
0.000000
0.000000
0.000000
0.000000
38.511913
17.455053
0.000000
0.000000
0.000000
0.000000
0.000000
0.000000
0.000000
0.000000
5.650086
0.000000
0.000000
0.000000
0.000000
0.000000
0.000000
0.000000
0.000000
0.000000
0.000000
4.402706
10.643169
11.257961
0.000000
1.324188
0.000000
0.000000
37.299343
0.000000
0.000000
26.647718
2.731886
15.901384
25.311596
20.416452
0.000000
0.000000
0.000000
0.000000
0.000000
17.271780
0.000000
0.000000
27.882662
5.224731
16.392441
20.856258
33.150288
17.471342
25.479000
0.000000
13.068669
19.240675
11.712834
14.239039
0.000000
0.000000
0.000000
0.000000
0.592570
1.280906
28.072222
12.696392
27.218946
2.597953
0.000000
16.896618
0.000000
31.302824
26.117992
0.000000
0.000000
0.000000
0.000000
0.000000
0.000000
9.858953
0.861019
0.000000
0.000000
0.000000
9.199311
6.201291
23.893423
57.067822
59.000763
28.693663
22.780689
0.000000
0.000000
0.000000
0.000000
0.000000
0.000000
0.000000
0.000000
0.068188
5.016462
0.000000
0.000000
0.000000
0.000000
35.531601
38.476482
10.950955
0.000000
8.033177
2.793749
16.463799
17.648964
12.361053
3.661600
0.000000
0.000000
7.166222
15.593985
13.142396
0.000000
0.000000
0.000000
0.000000
0.000000
0.000000
20.530396
12.690734
11.386236
6.079159
0.000000
0.000000
52.449615
102.526558
62.374710
53.473248
1.101177
26.244263
46.565895
80.613037
54.577629
75.054749
42.390472
58.788269
31.061571
25.420813
18.650143
25.774994
17.176895
0.000000
26.677908
0.000000
0.000000
0.000000
23.249163
31.430935
0.000000
0.000000
0.000000
0.000000
0.000000
0.000000
0.000000
0.000000
0.000000
0.000000
0.000000
10.728260
0.000000
18.268263
28.437115
0.000000
18.431786
11.360229
11.952134
54.582348
42.053768
42.180664
42.180664
42.180664
42.180664
42.180664
46.061077
20.716589
8.377504
25.094093
12.121581
17.108187
2.334168
17.412867
1.306709
26.387299
19.069641
0.000000
0.000000
0.000000
0.000000
0.000000
0.000000
0.000000
0.000000
7.184208
5.212531
17.448793
0.000000
0.000000
14.183540
38.763893
21.199369
29.257399
29.141146
18.518503
21.958576
0.000000
0.000000
16.416630
0.000000
5.590197
0.000000
0.000000
16.963501
0.000000
0.000000
6.373766
0.000000
0.000000
0.000000
0.000000
0.000000
16.436338
12.003379
42.271286
0.000000
0.000000
0.000000
0.000000
0.000000
0.345517
0.945291
0.000000
0.000000
4.611888
26.062584
53.465481
38.022739
17.967491
12.784266
14.678605
15.873669
0.000000
0.000000
5.419617
13.882977
17.768454
16.643063
9.472207
12.884190
12.011951
23.982437
0.000000
0.000000
25.253721
0.000000
0.000000
0.000000
0.000000
0.000000
0.000000
0.000000
4.217145
0.000000
0.000000
0.000000
0.000000
36.432224
51.823433
86.699852
59.175194
61.420963
1.730756
0.000000
0.000000
0.000000
0.000000
0.000000
0.000000
9.700848
12.161661
0.000000
0.000000
0.000000
1.920959
10.488358
18.257397
51.578026
3.955862
0.000000
0.000000
0.000000
19.432474
0.000000
0.000000
0.000000
0.000000
3.540283
0.000000
60.691391
74.354469
103.091736
8.146383
0.000000
0.000000
0.000000
23.594740
13.043435
7.376970
0.000000
2.444750
39.443581
27.868982
2.695322
34.223244
28.945717
0.000000
0.000000
0.000000
0.000000
20.327513
24.693567
2.885482
0.000000
0.000000
21.734699
0.000000
0.000000
23.037437
33.575302
0.000000
0.979135
0.809674
1.121908
0.117538
29.463165
0.000000
0.000000
0.000000
0.000000
42.635612
2.290191
0.000000
16.766106
0.000000
0.000000
0.000000
41.350204
89.619705
86.576691
25.780113
0.000000
27.449596
30.017437
10.739788
0.000000
0.000000
0.000000
0.000000
0.000000
0.000000
14.524766
14.314713
0.000000
25.173187
31.633270
29.512026
28.023485
42.609726
4.099003
0.000000
0.000000
0.000000
6.820817
0.000000
0.000000
0.000000
0.000000
15.565986
0.000000
0.000000
11.800320
24.656137
45.947292
0.042886
0.942596
11.120051
26.112761
44.444595
52.831497
0.000000
0.000000
0.000000
46.372280
106.612961
52.052505
0.000000
0.000000
0.000000
0.000000
21.696848
1.767037
0.000000
0.000000
0.000000
0.000000
0.000000
0.000000
0.000000
0.000000
2.099281
12.488783
0.000000
0.000000
0.000000
2.047850
0.000000
0.000000
0.000000
0.000000
0.000000
67.706894
123.790100
100.731674
59.203964
0.000000
0.000000
22.359947
0.000000
0.000000
32.719318
0.000000
15.375688
6.521583
0.000000
9.324515
0.000000
0.000000
14.711282
1.435586
0.000000
2.824821
5.543886
3.954564
9.814559
0.000000
0.000000
0.000000
0.000000
20.795492
2.563493
2.563493
2.563493
2.563493
2.563493
0.000000
4.144756
0.000000
59.402660
15.951755
20.507710
49.736980
12.423111
62.849289
0.000000
0.000000
10.636745
28.854340
100.890381
36.650612
0.000000
0.000000
0.000000
0.000000
0.000000
24.008739
8.254449
0.000000
0.000000
0.000000
0.000000
0.000000
22.813416
0.000000
32.364971
46.924984
13.644192
19.502609
0.000000
0.000000
0.000000
0.000000
23.491953
10.993972
0.000000
0.000000
0.000000
22.081841
0.000000
0.000000
0.000000
0.000000
0.000000
3.196200
11.870206
67.763306
82.178909
78.794586
44.086266
0.000000
0.000000
0.000000
0.000000
0.000000
0.000000
0.000000
0.000000
0.000000
0.000000
0.000000
21.022223
4.019929
29.859114
48.945972
2.048836
10.643182
3.566252
0.000000
0.000000
0.000000
6.957652
0.000000
0.000000
0.000000
0.000000
0.000000
0.000000
0.000000
17.075903
46.876686
1.891642
0.496837
21.650307
17.521646
30.968605
12.814528
36.975647
26.996012
13.109921
15.751484
19.198051
0.000000
0.000000
6.120228
31.552580
13.191021
0.000000
0.000000
0.000000
0.000000
0.000000
0.000000
0.000000
0.000000
0.000000
0.541067
14.792474
0.000000
17.700661
9.435498
25.810019
31.858593
25.681206
29.921696
26.921698
19.966120
12.722045
6.856413
2.012583
0.000000
0.000000
24.672361
0.000000
0.000000
0.000000
17.864815
26.898746
0.000000
0.000000
0.000000
23.933254
0.000000
7.974489
15.965231
6.570423
0.000000
0.000000
0.000000
0.000000
27.336609
17.407413
24.106430
13.218474
0.000000
5.060907
12.443489
3.356599
0.000000
0.000000
0.000000
0.000000
17.873713
9.393982
4.080698
0.314970
7.182148
0.000000
7.814624
10.020133
0.000000
41.647892
30.315945
4.635291
0.000000
0.000000
0.000000
2.782753
11.349442
24.715883
2.903723
6.214466
0.000000
0.000000
0.000000
0.000000
0.877741
0.000000
3.394130
3.750808
0.000000
5.272943
13.662948
0.000000
0.000000
0.000000
0.000000
0.000000
0.000000
65.239777
66.187416
63.098648
81.872421
29.278067
11.250842
0.000000
0.000000
0.000000
0.000000
35.446602
24.126177
1.736928
0.000000
0.000000
0.697181
13.496497
15.304766
14.082620
13.989036
9.379418
1.531700
3.495447
0.000000
0.000000
0.000000
0.000000
0.000000
6.913254
9.202065
0.000000
0.000000
0.000000
0.000000
0.000000
0.000000
5.467062
6.762513
38.832996
3.159639
0.000000
0.000000
0.717596
0.968329
20.033249
0.000000
0.000000
0.000000
0.000000
14.910788
17.009920
19.744154
24.731476
62.033737
62.816544
36.842319
12.745502
0.000000
20.988855
10.041815
0.000000
0.000000
0.000000
0.000000
0.000000
0.000000
0.716397
0.000000
0.000000
0.000000
4.980091
0.000000
0.000000
0.000000
0.000000
0.000000
0.000000
5.833990
0.000000
0.000000
0.000000
0.000000
0.000000
0.000000
0.000000
0.000000
0.000000
0.000000
0.000000
0.000000
0.000000
0.000000
0.000000
0.000000
14.983296
19.814642
53.524685
0.000000
0.000000
0.000000
0.000000
0.000000
0.000000
0.000000
0.000000
0.000000
0.000000
0.000000
7.943839
22.906874
24.153881
7.716586
7.903131
8.377090
5.342988
15.679238
14.929312
0.000000
0.000000
0.000000
8.273562
0.000000
0.000000
5.356835
0.000000
20.622583
13.073330
0.343552
2.673937
0.000000
0.000000
0.000000
0.000000
0.776096
45.803303
49.308746
35.474884
24.852077
0.000000
0.000000
0.000000
0.000000
0.000000
0.000000
0.000000
0.000000
0.000000
3.501973
18.390076
0.000000
0.000000
0.000000
0.000000
0.000000
0.000000
0.000000
4.702803
12.902081
14.835499
15.886333
24.148561
24.623638
22.457947
41.286427
46.738060
26.239380
37.663216
15.556163
13.720551
13.251610
0.000000
0.000000
0.000000
0.000000
0.000000
0.000000
0.000000
0.000000
0.000000
0.000000
0.000000
0.000000
0.000000
0.000000
0.000000
0.000000
0.000000
4.693786
4.123566
24.063105
20.422697
16.435991
12.792317
16.654978
21.192251
15.757952
9.070802
17.933622
0.000000
0.000000
0.000000
0.207012
0.000000
2.053473
7.130084
5.792953
8.929322
12.359480
15.012524
16.054480
18.292818
12.679523
0.000000
0.000000
4.803657
0.000000
2.064555
8.286096
0.000000
0.000000
9.660417
7.085454
0.000000
0.000000
17.145241
0.000000
2.942475
8.448579
1.986442
0.000000
0.000000
0.000000
0.000000
0.000000
1.004305
0.000000
0.000000
0.000000
0.000000
0.000000
0.000000
18.916632
0.000000
0.000000
0.000000
0.000000
0.000000
0.000000
0.000000
1.808599
6.357335
0.000000
2.712047
0.000000
0.000000
0.000000
3.879169
14.303259
0.000000
0.000000
0.000000
12.885822
0.000000
1.203869
0.000000
0.000000
0.000000
0.000000
0.000000
0.000000
0.000000
0.000000
0.000000
0.000000
0.000000
0.000000
0.000000
7.953907
0.983396
0.000000
0.000000
0.000000
0.000000
0.000000
7.958380
9.607738
25.948231
45.639858
47.658356
13.778850
9.272274
31.611189
26.401560
11.780649
16.756416
16.479147
9.263803
7.167244
4.210296
2.220139
3.011921
4.379338
28.947142
7.425804
0.000000
19.018778
1.175711
0.000000
1.221683
14.570260
16.758785
30.703665
39.605724
40.027328
45.182339
53.195118
49.118839
60.025120
52.045940
37.732170
42.227634
0.000000
7.626192
0.000000
2.302054
0.000000
0.000000
0.000000
0.000000
0.000000
0.000000
0.000000
0.000000
0.000000
0.000000
0.000000
0.000000
0.000000
0.000000
7.160144
8.919159
25.206930
18.497032
20.069540
19.042536
5.459878
17.699732
14.188183
10.984250
16.747910
17.207273
2.284770
23.172962
20.630692
0.000000
14.727274
12.936745
2.577759
3.470072
12.620431
34.411358
36.418758
31.731216
31.731216
31.731216
31.731216
31.731216
33.596390
21.846172
27.137756
37.586075
28.400469
27.318619
28.612392
27.633966
14.885909
14.048341
7.129879
12.453232
33.818672
21.646235
15.862967
0.000000
0.000000
0.000000
0.000000
0.000000
0.000000
0.000000
0.000000
0.000000
0.000000
0.000000
0.000000
0.000000
0.000000
0.000000
0.000000
0.000000
0.000000
0.000000
0.000000
0.000000
7.884600
0.000000
0.000000
0.000000
0.000000
0.000000
0.000000
0.000000
0.000000
0.000000
0.000000
2.950997
0.000000
0.000000
0.000000
4.123151
16.379185
0.000000
0.000000
0.000000
0.000000
0.000000
0.000000
0.000000
0.000000
0.000000
0.000000
2.087603
0.000000
0.000000
0.000000
0.000000
15.560119
0.000000
0.000000
0.000000
0.000000
0.000000
0.000000
0.000000
0.000000
0.000000
0.000000
0.000000
0.000000
9.832126
19.761795
47.639778
37.219517
40.714767
43.393349
60.672382
58.217060
22.990822
24.348515
74.430862
102.203873
75.352997
80.739365
20.417076
9.635370
50.441990
10.360738
17.004927
0.000000
0.000000
0.000000
0.000000
0.000000
0.000000
0.000000
0.000000
0.000000
0.000000
0.000000
0.000000
0.000000
0.000000
0.000000
0.000000
0.000000
0.000000
0.000000
0.000000
0.000000
0.000000
0.000000
0.000000
13.116991
10.681843
5.540672
8.899343
0.000000
25.212074
0.000000
0.000000
3.338467
12.534600
15.921939
0.000000
0.000000
0.000000
0.000000
0.000000
0.000000
7.820673
19.689819
0.000000
37.311172
57.269653
29.577904
47.920494
16.308197
42.165051
26.705671
25.583685
11.165663
14.473567
31.302217
23.979395
0.000000
0.000000
0.000000
0.000000
19.552624
0.000000
0.000000
1.608863
0.000000
19.714449
0.000000
0.000000
22.368040
28.172300
38.945934
0.000000
0.000000
0.000000
0.000000
0.000000
10.999220
12.536857
6.314993
23.092672
0.939546
8.208165
0.000000
2.194304
18.570377
7.620092
32.708775
39.893452
64.678993
52.798260
63.027096
33.757317
27.563650
21.906076
25.655003
0.000000
0.000000
0.000000
6.490677
0.000000
0.000000
0.000000
0.000000
0.000000
0.000000
0.000000
0.000000
0.000000
0.000000
0.000000
0.000000
0.000000
0.000000
0.000000
0.000000
0.000000
4.049752
16.357965
0.000000
0.000000
0.000000
0.000000
0.000000
0.000000
0.000000
0.000000
0.000000
0.000000
0.000000
0.000000
0.000000
0.000000
0.000000
0.000000
8.254699
30.871202
62.126221
55.782093
70.818108
51.314747
69.289429
56.732552
5.145641
0.491210
4.669692
5.628714
49.908176
49.002365
11.636588
71.997841
19.185099
12.069102
0.000000
0.000000
0.000000
0.000000
0.000000
0.000000
0.000000
0.000000
0.000000
0.000000
0.000000
0.000000
0.000000
0.000000
9.987689
0.000000
2.519563
0.000000
0.000000
0.000000
0.000000
2.809528
23.572611
13.357101
13.357101
13.357101
13.357101
13.357101
13.302902
11.799624
0.000000
0.000000
13.695870
0.000000
36.950218
0.000000
0.000000
0.000000
21.442438
38.723969
3.455949
0.000000
0.000000
0.000000
1.345099
24.525007
29.219740
54.661777
63.138214
51.853081
45.360268
46.693169
20.757627
33.352261
52.845318
38.370335
36.629555
36.473312
35.613422
25.982563
46.407211
28.702690
0.000000
0.000000
0.000000
0.000000
0.000000
0.000000
0.000000
0.000000
0.000000
0.000000
0.000000
0.000000
0.000000
0.000000
28.177866
18.778919
37.801636
0.000000
0.000000
8.387128
13.932178
12.688082
11.526357
9.533781
6.957447
6.060795
7.657578
10.892763
22.885788
37.073097
29.796297
49.948521
60.928326
56.522217
52.385536
7.446178
6.743409
7.187172
8.854116
6.267557
2.750798
0.000000
16.704958
0.766373
0.000000
0.000000
0.000000
0.000000
0.000000
0.000000
0.000000
0.000000
0.000000
32.763062
1.351304
0.000000
0.000000
6.671307
7.167259
0.000000
8.685825
9.805989
4.460536
0.000000
0.000000
0.000000
0.000000
0.000000
3.334286
4.715717
2.497963
0.000000
0.512948
7.343303
8.880674
5.476730
17.198456
0.000000
0.000000
6.938102
12.152019
2.718439
2.417481
0.000000
0.000000
0.000000
0.000000
0.000000
0.000000
0.000000
0.000000
0.000000
0.000000
0.000000
2.727596
38.053707
17.864143
0.555293
33.402313
28.305595
6.455408
8.932933
19.440735
13.874283
0.000000
0.000000
0.000000
0.000000
5.534555
2.681990
7.475159
0.000000
0.000000
0.515468
9.982163
0.000000
0.000000
0.000000
0.000000
2.532199
20.530693
0.000000
5.116048
0.000000
0.000000
0.000000
0.000000
2.682717
4.869134
28.706507
30.029650
15.692552
15.743459
0.000000
16.346432
20.609158
8.688848
13.808005
15.648789
0.000000
0.000000
0.000000
0.000000
0.000000
0.000000
0.000000
11.840235
7.970736
23.285086
21.777514
10.389094
15.367327
9.446324
28.062557
25.541162
0.000000
0.000000
0.000000
0.000000
0.000000
0.000000
0.000000
17.430286
23.452812
18.008680
7.411900
0.000000
7.784281
0.000000
0.000000
7.964075
7.909309
28.321747
22.366692
7.481421
19.790812
29.236906
36.780285
39.718361
38.167553
30.385225
22.205675
25.257872
17.438774
26.635647
9.378910
19.661406
27.272974
23.594549
13.513098
12.444935
0.000000
3.979337
2.935355
4.535152
7.047731
34.201836
34.614197
21.364645
4.915564
0.000000
5.972928
0.000000
0.000000
0.000000
0.000000
30.187811
0.000000
0.000000
0.000000
0.446079
0.000000
1.185007
0.000000
0.000000
0.000000
0.000000
0.000000
0.000000
0.000000
0.000000
1.074584
15.695964
4.501286
5.816631
18.885752
0.761313
17.699821
5.936982
4.058998
0.000000
0.000000
19.002277
1.331871
0.000000
8.630812
6.198573
0.000000
6.743975
20.190205
0.000000
3.404629
3.404629
3.404629
3.404629
3.404629
6.294835
0.000000
0.000000
0.000000
18.326834
14.509474
2.042796
3.074283
0.200360
22.677465
38.236286
0.000000
12.423037
27.163153
0.000000
0.000000
0.000000
0.000000
0.000000
0.000000
0.000000
0.000000
0.000000
0.000000
25.425970
14.304298
6.712630
4.434514
3.239365
7.420141
7.221951
24.261110
45.823677
9.923709
0.000000
0.000000
1.597465
0.000000
0.000000
0.000000
0.000000
0.000000
0.000000
0.000000
0.000000
0.000000
0.000000
3.480217
6.261487
0.000000
8.888804
0.328653
0.000000
0.000000
0.000000
0.000000
0.000000
0.000000
0.000000
2.673692
9.763575
20.915518
29.938108
22.299265
15.731956
13.107337
0.000000
0.000000
0.000000
0.000000
0.000000
0.000000
0.000000
0.000000
0.000000
0.000000
0.000000
0.000000
0.000000
0.000000
10.847273
38.708416
78.639503
103.669525
108.596405
72.641815
77.946815
79.608383
83.576958
56.811932
56.593716
77.917763
100.549103
90.026314
107.377579
110.338440
125.439034
129.577591
75.839584
17.489433
0.000000
0.000000
0.000000
0.000000
0.000000
0.000000
0.000000
0.000000
0.000000
0.000000
0.000000
13.177756
25.168612
0.000000
3.038199
7.916407
0.000000
0.000000
0.000000
0.000000
0.000000
0.000000
0.000000
0.000000
0.000000
3.023167
18.031082
24.292503
35.652691
41.919662
0.000000
0.000000
0.000000
0.000000
6.412040
0.000000
0.000000
0.000000
0.000000
0.000000
0.000000
20.092815
29.143522
54.249962
68.124336
60.546814
41.474022
44.865543
27.593029
52.963757
40.102863
22.653040
5.366861
11.992413
1.430363
24.705088
0.000000
0.000000
0.000000
0.000000
10.244808
0.883282
0.000000
6.705893
0.000000
2.218941
3.327647
0.000000
0.000000
0.000000
20.166700
0.000000
0.000000
0.000000
1.446815
16.314363
1.553875
14.969026
14.788867
23.949362
34.020882
34.690479
24.372372
13.457050
18.229340
9.030095
0.000000
2.915969
17.120562
72.341316
63.498829
45.616268
60.653374
94.121361
107.992531
72.813972
18.147734
14.299874
0.000000
0.000000
0.000000
0.000000
0.000000
0.000000
0.000000
0.000000
0.000000
0.000000
0.000000
0.000000
0.000000
0.000000
0.000000
0.000000
0.000000
0.000000
0.000000
0.000000
0.000000
0.000000
15.718941
4.048509
0.000000
0.000000
0.000000
0.000000
0.000000
0.000000
0.000000
0.000000
0.000000
0.000000
0.000000
2.757125
22.837029
41.497311
84.634682
121.578659
95.550995
86.242989
81.138191
83.873474
49.321842
44.407543
45.796219
41.681835
47.238277
72.936241
74.369560
121.443649
38.743706
19.450718
0.000000
0.000000
0.000000
0.000000
0.000000
0.000000
0.000000
0.000000
0.000000
0.000000
0.000000
0.000000
0.000000
0.000000
0.000000
0.000000
0.000000
0.000000
0.000000
0.000000
0.000000
0.000000
0.000000
0.000000
0.000000
0.000000
0.000000
0.000000
0.000000
0.000000
0.000000
0.000000
0.000000
0.000000
8.331029
1.349068
0.000000
0.000000
0.000000
0.000000
0.000000
0.000000
0.000000
11.640940
35.546803
45.414940
73.905716
83.701515
86.645592
85.356476
74.749207
74.545860
50.740551
39.855976
66.617470
50.800297
35.511017
47.580776
26.178350
29.810097
29.265816
42.016640
0.000000
0.000000
0.274877
0.000000
0.000000
0.000000
0.000000
0.000000
0.000000
0.000000
0.000000
0.000000
0.000000
0.000000
0.961738
0.000000
0.000000
0.000000
15.146831
34.745155
9.628890
7.127597
5.359901
4.351557
5.054613
7.795574
11.740149
12.716205
5.869258
0.000000
3.634057
0.000000
35.358437
57.133907
57.443241
0.000000
0.000000
0.000000
0.000000
0.000000
0.000000
0.000000
0.000000
0.000000
0.000000
0.000000
38.900978
62.196629
93.816071
98.962975
123.192307
106.793350
92.861229
74.997902
74.103180
82.166595
77.347656
78.958008
77.452896
72.331993
64.954086
82.806892
65.114906
19.411404
0.000000
0.000000
0.000000
0.000000
0.000000
0.000000
0.000000
0.000000
0.000000
0.000000
0.000000
0.000000
0.000000
0.000000
12.658274
0.000000
0.000000
0.000000
0.000000
0.000000
0.000000
0.000000
0.000000
0.000000
0.000000
0.000000
0.000000
0.000000
0.000000
0.000000
0.473855
47.565544
53.516422
12.209493
0.000000
0.000000
0.000000
0.000000
0.868884
0.000000
0.000000
0.000000
0.000000
0.000000
3.530585
23.753605
43.829514
38.672379
26.568003
9.429749
21.856791
22.096903
34.694508
58.940636
20.442019
5.039478
0.000000
0.000000
12.216708
7.012737
2.849014
0.324401
0.000000
0.000000
0.000000
0.000000
8.608521
0.237317
18.834671
18.134991
0.000000
0.000000
0.000000
49.511875
49.720615
40.482903
2.013867
0.000000
0.000000
0.000000
0.000000
0.000000
0.000000
0.000000
0.000000
25.053812
21.099279
11.821377
5.340218
18.375301
28.425203
61.132626
78.178146
75.856590
29.127718
12.136038
38.247730
41.713276
10.014034
0.000000
0.000000
0.000000
0.000000
0.000000
0.000000
0.000000
0.000000
0.000000
0.000000
0.000000
0.000000
0.000000
0.000000
0.000000
0.000000
0.000000
0.000000
0.000000
0.000000
0.000000
5.126140
32.805187
26.410492
16.296221
26.844942
17.972202
16.918440
18.633596
21.422264
24.787329
28.084124
27.668058
17.826826
4.489621
49.389973
74.963455
69.069649
70.530785
69.586449
105.182877
100.737877
95.060234
73.175995
71.997223
80.914444
80.457878
85.704903
91.829300
90.582809
76.584602
32.556877
25.657335
0.000000
0.000000
0.000000
0.000000
0.000000
0.000000
0.000000
0.000000
0.000000
0.000000
0.000000
0.000000
0.000000
0.000000
0.000000
0.000000
0.000000
0.000000
0.000000
8.983124
29.514954
59.911259
39.409538
19.477985
19.385986
21.494137
21.494137
21.494137
21.494137
21.494137
21.905745
21.534105
12.291178
14.542942
0.000000
5.995590
17.177969
15.865012
0.000000
0.000000
0.000000
0.000000
0.000000
0.000000
0.000000
0.000000
0.000000
7.314763
26.885098
44.197479
38.449173
27.824799
39.664974
32.322124
21.124264
8.949778
15.712224
33.881016
41.982346
49.000938
1.898714
0.000000
0.000000
0.000000
4.154867
0.696910
0.000000
11.012214
0.000000
0.000000
0.000000
0.000000
0.000000
0.000000
0.000000
1.340783
14.950000
32.396896
35.958519
31.421978
21.303738
36.865410
0.000000
0.000000
0.000000
0.000000
0.000000
0.000000
0.000000
1.928358
5.018599
9.224949
31.782549
12.154757
12.045200
0.000000
27.936859
56.582970
64.034233
0.000000
0.000000
0.000000
0.000000
0.000000
0.000000
0.000000
0.000000
0.000000
0.000000
0.000000
0.000000
0.000000
0.000000
43.754112
63.742531
20.688059
34.724731
39.850445
31.452980
40.638641
45.660175
51.905132
43.155197
49.925385
73.372368
68.705605
71.899483
31.775913
36.201424
24.075623
19.424860
0.000000
0.000000
0.000000
0.000000
0.000000
0.000000
0.000000
0.000000
0.000000
0.000000
7.963093
16.307407
8.015585
0.000000
0.000000
13.802458
0.000000
0.000000
0.000000
0.000000
0.000000
0.000000
0.000000
0.000000
6.000399
25.427301
0.000000
35.183823
25.374081
39.597340
27.767992
3.322187
0.000000
0.000000
6.119521
0.000000
0.000000
0.000000
0.000000
2.085306
0.000000
0.000000
9.653622
60.582417
31.464046
31.960205
25.604324
22.542412
24.722082
15.970364
11.261211
11.957659
18.428024
0.000000
0.000000
15.108759
3.097919
1.287106
0.000000
3.342189
0.000000
18.894337
13.955706
6.508465
21.000237
29.926556
16.408585
0.000000
0.000000
0.000000
0.000000
8.990412
2.178824
16.126034
0.000000
0.000000
7.571414
17.000443
1.718260
24.685732
27.810658
16.764210
2.260478
0.000000
23.235502
17.290504
9.560961
0.000000
10.613361
0.000000
0.000000
16.144447
48.698597
48.193336
63.218273
60.580849
41.852551
0.000000
0.000000
0.000000
0.000000
0.000000
0.000000
0.000000
0.000000
0.000000
0.837942
0.000000
1.200868
7.830168
13.223648
18.005848
18.338333
9.703777
0.000000
0.000000
0.000000
16.429037
0.000000
21.028221
5.196404
0.000000
0.000000
0.000000
0.000000
0.000000
0.000000
0.000000
0.000000
4.766007
23.747112
0.000000
0.000000
0.000000
5.834102
16.809996
59.207203
30.176052
30.011299
21.776747
11.278957
25.212164
36.475636
45.075058
53.758656
72.845261
45.793617
64.197052
24.325363
0.000000
26.034384
15.826172
0.000000
0.000000
0.000000
0.000000
0.000000
0.000000
0.000000
0.000000
0.000000
0.000000
0.000000
0.000000
0.000000
0.000000
0.000000
0.000000
0.000000
0.000000
0.000000
0.000000
0.000000
0.000000
0.000000
0.000000
0.000000
0.000000
0.000000
0.000000
0.000000
0.000000
8.330151
1.438559
0.830342
0.000000
28.983519
14.015682
11.698481
0.000000
0.000000
16.719664
0.000000
0.000000
5.669151
0.000000
0.000000
0.000000
29.747164
41.678581
45.846096
40.453175
32.246845
46.501484
39.303078
36.490540
22.344185
40.913723
58.262135
20.470703
25.903778
0.000000
0.000000
0.000000
0.000000
0.000000
0.000000
0.000000
0.000000
0.000000
0.000000
0.000000
0.000000
0.000000
0.000000
0.000000
9.122026
0.000000
0.000000
0.000000
0.000000
0.000000
0.000000
0.000000
0.000000
0.000000
0.000000
0.000000
0.000000
8.611540
20.464678
0.000000
0.000000
7.710021
0.000000
0.000000
0.000000
1.399540
1.224928
13.086797
18.274197
15.432732
15.604815
12.119589
9.478020
0.000000
0.000000
0.000000
0.000000
0.000000
0.000000
0.000000
0.000000
0.000000
0.000000
0.000000
0.000000
0.000000
0.000000
0.000000
0.000000
0.000000
0.000000
0.000000
0.000000
2.625497
32.353588
26.169952
46.975628
54.563835
29.250380
26.430540
21.253633
16.704290
9.648387
2.862691
2.151150
7.964815
22.018026
11.549450
0.000000
0.000000
0.000000
0.000000
0.000000
0.000000
0.000000
0.000000
0.000000
0.000000
0.000000
0.000000
0.000000
0.000000
14.699169
3.648520
8.712061
3.812031
0.000000
0.000000
0.000000
0.000000
31.426830
68.786324
77.973412
36.891346
21.137531
5.135720
3.397915
6.319106
0.000000
0.000000
0.000000
0.000000
0.000000
0.000000
0.000000
0.000000
0.000000
0.000000
0.000000
15.052721
0.000000
5.080085
17.182381
18.285479
9.937572
4.069186
1.574111
5.206666
11.357697
18.615385
33.487762
47.800049
9.387887
0.000000
1.888206
1.630208
0.000000
0.000000
1.497302
3.625782
0.000000
15.908697
24.270947
27.829714
29.271959
15.305694
20.570242
28.264967
26.551613
20.582670
17.455532
34.800179
39.563789
52.035839
43.522945
57.901730
28.699530
18.697886
8.017141
0.000000
0.000000
0.000000
0.000000
0.000000
0.000000
0.000000
0.000000
0.000000
0.000000
41.247490
26.069897
23.551348
12.667898
10.273113
2.855436
8.475655
21.820406
21.777235
22.555304
23.939001
25.089678
27.344093
8.221968
9.994842
0.000000
0.000000
0.000000
9.930469
8.070788
2.081078
2.054165
0.000000
0.000000
0.000000
0.000000
0.000000
0.000000
0.000000
0.000000
0.000000
0.000000
0.000000
0.000000
0.000000
0.000000
0.000000
0.000000
0.000000
0.000000
0.000000
0.000000
0.000000
0.000000
12.413620
12.119525
22.033365
0.000000
16.614349
34.530449
41.629612
34.073681
26.672943
24.082218
17.666998
19.432953
32.012547
13.801702
18.290567
23.871634
15.367772
16.784510
15.798326
14.505894
32.488712
54.279091
48.622089
47.519226
41.281219
24.466225
13.987536
0.000000
0.000000
0.000000
0.000000
0.000000
0.000000
0.000000
0.000000
0.000000
0.000000
0.000000
0.000000
0.000000
0.000000
0.000000
0.000000
0.000000
0.000000
0.000000
0.000000
0.000000
2.391678
9.424220
0.000000
0.000000
0.000000
0.000000
0.000000
0.000000
0.000000
0.000000
0.000000
0.000000
0.000000
0.000000
2.140821
0.000000
0.000000
0.000000
14.905829
44.467316
44.575260
29.813408
33.259907
53.957386
42.586826
37.257626
45.888268
39.623871
37.523537
44.097347
43.982674
37.604496
27.157196
19.629286
12.252967
0.000000
0.000000
0.000000
2.094294
17.644295
17.656878
11.588469
6.137886
1.025886
0.000000
1.458554
12.100914
26.148647
2.476730
24.369370
32.677448
53.065228
44.658901
28.188007
9.920034
5.022551
4.675168
0.000000
0.000000
0.000000
0.000000
8.304699
0.000000
0.000000
0.000000
0.000000
0.000000
0.000000
0.000000
21.365591
31.765062
32.036396
9.833262
2.034508
1.376099
0.000000
0.000000
39.753994
55.243813
26.292974
0.000000
0.000000
0.000000
0.000000
13.616105
17.163113
22.792355
10.833371
0.000000
10.982189
13.771381
0.000000
0.000000
0.000000
0.000000
0.000000
0.000000
11.441865
3.833934
24.298666
28.707899
21.219561
0.000000
7.222746
5.247809
4.970107
2.630855
0.000000
0.000000
0.000000
0.000000
0.000000
2.235993
19.658648
0.000000
3.028744
41.832508
24.684931
0.000000
8.881330
4.258000
0.000000
0.000000
0.000000
0.000000
0.000000
3.033404
0.000000
0.000000
0.000000
13.882060
34.605015
32.267368
8.644999
0.000000
0.000000
12.756468
17.561541
24.273914
0.000000
10.210375
4.107192
0.000000
0.000000
0.000000
0.000000
17.818493
0.000000
0.000000
1.711005
0.000000
6.701721
0.000000
10.893858
16.167625
11.373831
0.000000
0.000000
0.000000
0.000000
0.000000
0.000000
11.584418
0.000000
0.000000
8.653414
0.000000
0.000000
0.000000
0.000000
6.069482
0.000000
7.455429
0.000000
0.000000
0.000000
19.998680
41.242119
0.000000
0.000000
14.595991
12.597052
33.134300
38.902077
38.185020
0.000000
0.000000
0.000000
2.739295
26.644184
22.249983
17.690107
0.000000
0.000000
3.760571
7.098933
6.204923
1.280743
0.000000
0.000000
0.000000
4.317114
0.000000
5.068184
0.000000
0.000000
0.000000
0.000000
0.000000
1.720359
0.000000
1.259126
0.000000
0.000000
0.000000
12.659585
14.568863
31.955591
0.000000
7.352208
10.822624
0.000000
27.363466
54.841839
40.210003
12.152268
0.823828
0.000000
0.000000
0.000000
0.000000
0.000000
19.044014
41.850170
0.000000
0.000000
2.180071
14.329423
16.343908
24.956034
0.000000
0.000000
0.000000
0.000000
0.000000
0.000000
3.299325
0.000000
0.000000
14.570655
0.000000
0.000000
0.000000
0.000000
0.000000
0.000000
0.000000
0.000000
17.003073
4.514104
15.216177
11.811495
11.811495
11.811495
11.811495
11.811495
9.751172
33.194107
21.817934
33.671772
4.680681
12.477574
31.854895
22.551424
8.960736
49.758930
26.776064
43.485039
0.000000
0.000000
12.577926
0.000000
0.000000
0.000000
3.521549
14.151585
21.509501
15.969149
34.148212
50.030640
10.740424
11.093366
0.000000
21.578741
42.644917
38.822239
14.087110
0.000000
0.000000
6.109628
0.000000
0.000000
0.000000
0.000000
0.000000
0.000000
0.000000
0.000000
0.000000
0.000000
0.000000
0.000000
0.000000
19.304064
56.329067
46.400902
0.000000
0.000000
0.000000
0.000000
0.000000
0.000000
0.000000
0.000000
0.000000
0.000000
0.212988
9.979261
0.000000
0.000000
0.000000
0.000000
2.622749
21.567430
57.971611
0.000000
0.000000
1.441422
7.704360
0.000000
0.000000
0.402536
0.000000
1.520290
0.000000
0.000000
2.400578
0.000000
0.000000
31.946981
31.332581
29.749641
26.807188
48.115841
43.939178
25.241066
16.974117
24.223734
28.670227
46.260906
4.701317
0.000000
0.000000
5.720086
0.000000
0.000000
0.000000
13.540832
0.000000
1.076440
2.587073
1.203500
0.000000
0.000000
0.000000
0.000000
16.164021
11.191985
0.000000
0.000000
0.000000
0.000000
0.000000
0.000000
0.000000
0.000000
0.000000
0.000000
0.000000
0.000000
0.000000
0.000000
0.000000
5.743445
36.702335
29.089737
0.000000
0.000000
0.000000
14.561104
28.251909
50.200882
22.955591
29.118029
3.879948
0.000000
0.000000
0.000000
0.000000
0.000000
3.046640
0.000000
4.840224
0.000000
12.488752
8.507074
0.000000
0.000000
0.000000
0.000000
4.094617
10.950629
22.570734
3.206581
0.305728
0.000000
1.747409
9.161364
25.748297
20.835707
42.334003
52.376373
48.292236
22.811811
0.000000
20.524549
27.839823
28.409624
0.000000
0.000000
0.000000
0.000000
0.000000
0.000000
0.557752
5.275710
15.268924
13.584074
24.719704
15.359958
8.343316
17.379412
26.470299
2.428755
17.581486
0.000000
0.000000
0.000000
4.848662
25.296078
21.378658
6.970530
0.000000
0.000000
0.000000
0.000000
0.000000
0.000000
0.000000
0.000000
17.273802
7.290279
29.812214
24.057224
22.104769
35.584866
47.389957
53.618977
53.288540
45.531742
32.217190
50.157932
52.811378
37.674721
16.023811
21.705477
28.897110
37.658848
30.492863
26.480402
24.839010
17.542173
18.084686
13.979737
13.197237
21.064474
54.985981
97.917397
66.803345
53.576057
4.680490
0.000000
0.000000
14.754376
0.763919
18.060375
41.329857
40.946209
31.209328
27.907198
26.778215
32.199932
10.176089
0.000000
7.277716
0.000000
0.000000
0.000000
0.000000
0.000000
0.000000
0.000000
8.701291
0.000000
4.605881
8.129272
0.000000
5.164922
0.000000
2.992126
0.000000
4.281540
0.000000
17.071173
11.954208
16.831562
29.442804
9.881548
0.000000
0.000000
0.000000
0.000000
0.000000
0.000000
0.000000
0.000000
0.000000
0.000000
0.000000
0.000000
10.643620
8.252056
9.781184
0.000000
0.000000
14.959103
4.849958
0.000000
0.000000
0.000000
0.000000
0.000000
0.000000
0.000000
0.000000
0.000000
0.000000
0.000000
0.000000
0.000000
0.000000
10.362007
3.203737
0.000000
20.187967
4.236237
9.356881
7.065221
22.889034
27.818501
7.088006
6.571055
0.000000
6.290151
19.584314
8.699645
5.570015
7.018176
1.928037
6.688042
10.749433
15.992110
18.082617
32.637321
36.881233
49.000854
0.000000
0.000000
0.000000
0.000000
0.000000
0.000000
0.000000
0.000000
0.000000
2.282500
19.044067
41.084332
15.433575
13.511360
0.000000
0.000000
0.000000
0.000000
0.000000
0.000000
0.000000
0.000000
0.000000
0.000000
0.000000
0.000000
0.000000
0.000000
0.000000
54.349052
85.825546
86.731369
101.864326
106.667160
73.115852
97.215500
73.256363
51.025066
24.096560
6.594263
1.203806
0.000000
0.000000
0.000000
5.632379
28.191790
15.856006
66.836815
43.794266
30.847219
16.504539
0.000000
0.000000
0.000000
0.000000
0.000000
0.000000
0.000000
0.000000
2.136700
7.271754
0.000000
0.000000
0.000000
0.000000
0.000000
0.000000
0.000000
0.000000
0.000000
0.000000
0.000000
0.000000
0.000000
0.000000
13.147257
11.836987
41.699055
0.000000
28.237585
0.000000
6.792929
19.302299
1.417233
0.000000
0.000000
0.000000
0.000000
0.000000
0.000000
2.268946
34.374523
28.228851
33.192760
5.631153
11.136584
9.040083
28.965668
8.185804
18.033894
13.416863
13.036933
27.199751
12.386510
22.519327
0.000000
0.000000
0.000000
0.000000
0.000000
0.000000
14.383613
17.923246
0.551840
2.948431
0.000000
0.000000
0.000000
5.254995
1.227635
0.000000
0.000000
0.000000
0.000000
0.000000
21.706594
44.159264
37.849796
37.245686
36.537823
16.515371
15.394891
24.100590
25.845123
18.999199
15.942409
27.655502
0.000000
66.269966
31.833353
79.014427
60.803257
52.501808
0.633436
0.000000
0.000000
0.000000
0.000000
0.000000
0.000000
0.000000
0.000000
0.000000
0.000000
2.161304
0.000000
0.000000
0.000000
2.271980
0.000000
0.000000
0.000000
2.100646
9.059446
19.149443
9.600271
0.000000
0.000000
0.000000
0.000000
0.000000
9.664166
14.894967
15.726202
18.818867
39.566990
45.212612
50.809368
44.810249
34.962425
71.276047
67.540855
97.222954
143.392761
64.222267
105.752769
91.352592
57.139351
102.984642
104.317116
90.502518
57.104862
32.171043
13.714426
0.000000
0.000000
0.000000
34.236107
49.845692
49.657169
52.718815
11.327803
23.230900
0.000000
0.000000
0.000000
0.000000
0.000000
0.000000
0.000000
0.000000
0.000000
0.000000
0.000000
0.000000
0.000000
0.000000
14.196988
34.064732
0.724823
7.297713
20.036951
23.337904
19.543726
31.779526
26.012424
26.012424
26.012424
26.012424
26.012424
29.314278
0.000000
12.782901
0.000000
0.000000
0.000000
50.675541
0.000000
26.725163
0.000000
0.000000
0.000000
0.000000
0.000000
0.000000
1.365139
20.287682
13.243891
19.491734
11.758328
12.427705
15.973557
9.094007
0.000000
3.647958
4.260808
11.393416
14.449600
35.580067
0.000000
34.883762
30.323360
31.231682
0.000000
0.000000
7.572973
0.000000
0.000000
16.146372
5.630424
0.000000
0.000000
7.095267
3.024147
0.587798
0.000000
0.000000
0.000000
0.000000
0.000000
0.000000
0.000000
0.000000
5.245244
33.174099
22.949585
13.707555
7.800778
4.457036
6.794138
13.350509
19.856485
5.495109
23.643965
1.637668
13.798927
22.483629
37.900768
37.425224
0.000000
2.712388
7.956562
14.532788
20.292194
20.730730
23.483829
19.468521
27.103523
9.442525
42.052277
24.383497
11.754224
0.000000
0.000000
0.000000
26.077242
0.000000
0.000000
0.000000
0.000000
0.000000
0.000000
0.000000
2.479191
25.999512
0.000000
0.000000
0.000000
0.000000
0.000000
0.000000
0.000000
10.668519
12.254564
16.120770
19.572435
18.872581
10.981452
4.789593
6.806413
0.860959
4.979511
9.254529
0.000000
5.221644
0.993343
0.000000
13.728841
8.896208
7.577003
6.345118
7.111364
9.306593
9.579501
0.000000
0.000000
0.000000
13.203953
0.000000
0.000000
11.816515
38.406742
10.080029
0.000000
0.000000
0.278858
0.000000
0.000000
0.000000
26.538849
19.015213
17.649734
12.094530
0.000000
0.000000
0.000000
0.000000
0.000000
0.000000
0.000000
0.000000
0.000000
7.047351
0.000000
0.000000
0.000000
0.000000
0.000000
0.000000
0.000000
0.000000
3.777868
20.299673
0.000000
0.000000
0.123551
1.456961
14.187970
0.000000
0.853532
12.651164
0.000000
35.343494
21.083115
4.726449
0.000000
0.000000
0.000000
0.000000
0.000000
0.000000
0.000000
0.000000
4.110651
0.000000
0.000000
12.159899
0.000000
0.000000
0.000000
0.000000
0.000000
0.000000
0.000000
0.000000
0.000000
0.000000
0.000000
9.359999
28.897194
26.879856
0.000000
8.245767
25.331974
45.625771
23.860052
12.335237
4.086237
32.197666
21.012938
20.897020
22.451626
21.133345
17.727421
10.479434
0.000000
0.000000
0.000000
27.875565
45.142052
16.529276
16.031210
21.605555
17.196066
11.619204
38.703598
37.888195
43.545746
42.471600
41.486851
58.048374
71.209114
67.473526
61.017574
7.155475
9.692179
11.279913
0.000000
3.887938
0.000000
0.000000
0.000000
0.000000
0.000000
0.000000
0.000000
6.054892
0.000000
0.000000
0.000000
0.000000
0.000000
0.000000
1.621421
16.799198
15.220612
19.274918
23.072725
9.583243
3.644962
33.432438
1.885584
12.542294
9.478422
16.433346
17.164219
0.000000
5.825949
13.260371
0.000000
2.313970
28.111814
9.546144
0.000000
25.779570
17.894432
17.894432
17.894432
17.894432
17.894432
18.434090
16.286190
28.337328
20.312111
10.713940
25.784605
42.419140
0.000000
44.995724
7.126762
7.435621
13.116461
0.000000
4.900590
25.223108
6.940852
2.683739
0.000000
0.000000
0.000000
0.000000
0.000000
0.000000
0.000000
0.000000
0.000000
0.000000
0.000000
1.364240
0.000000
11.625813
0.000000
0.000000
0.000000
0.000000
1.662133
0.000000
0.000000
0.000000
0.000000
0.000000
0.000000
0.000000
0.000000
0.000000
0.000000
0.000000
0.000000
0.000000
28.384897
52.522324
16.862854
0.387172
0.000000
0.000000
0.000000
0.000000
0.000000
0.000000
0.000000
0.110170
7.132683
1.978755
0.000000
0.000000
0.000000
0.000000
0.000000
0.000000
2.984561
8.505133
14.499120
14.051475
21.569271
23.429697
30.798769
24.769981
37.121902
58.031319
42.012897
13.025583
16.435501
27.071550
25.519907
15.391553
7.571299
5.014527
8.493142
3.482661
0.000000
0.000000
0.000000
0.000000
0.617340
0.000000
0.000000
0.000000
0.000000
0.000000
0.000000
0.000000
1.732799
21.026888
20.216085
19.332323
18.094824
13.158833
7.214165
6.348199
11.858311
0.000000
0.000000
3.352054
0.000000
3.705527
16.451912
13.580688
13.679543
13.635859
13.292714
12.215627
10.401958
8.303354
3.883610
0.000000
6.129313
0.000000
0.000000
0.000000
22.481813
0.000000
25.371132
6.121619
0.000000
2.230059
8.313530
0.000000
0.000000
30.116739
30.093538
0.000000
0.000000
0.000000
0.000000
0.000000
0.000000
0.000000
0.000000
0.000000
0.000000
0.000000
0.000000
9.942139
1.157626
0.000000
0.000000
4.853553
0.000000
0.000000
0.000000
0.000000
8.265656
6.945438
0.000000
0.000000
0.000000
9.521550
25.650740
14.988679
13.313911
11.639575
8.030849
0.000000
0.000000
0.000000
0.000000
0.000000
0.000000
0.000000
0.000000
0.000000
0.000000
0.000000
0.000000
0.000000
0.000000
0.000000
0.000000
0.000000
0.000000
1.113048
0.000000
6.345764
0.000000
0.000000
0.000000
2.268806
15.680401
9.072632
25.431049
11.098929
2.931775
28.930943
22.234859
0.000000
3.792529
29.365961
23.059864
17.952551
14.198689
14.892664
15.401146
15.211946
10.907573
5.186677
22.405905
36.277462
43.891228
27.947723
21.603458
22.166216
26.536938
30.601530
40.212048
43.932522
49.290215
54.285831
57.793640
59.652119
68.615387
81.691452
88.944756
67.169891
60.144943
30.682943
37.995186
0.000000
0.000000
10.933250
19.864414
19.776030
11.308316
0.000000
0.000000
0.000000
0.000000
0.000000
0.000000
0.000000
0.000000
0.000000
3.621910
8.024951
0.000000
18.847481
19.946781
18.559582
15.645973
19.129997
12.569621
15.793060
14.719339
14.212147
12.786038
19.078333
9.094975
7.730318
18.775064
10.771917
0.000000
0.000000
0.000000
0.000000
0.000000
0.000000
0.000000
0.000000
0.000000
0.000000
0.000000
0.000000
0.000000
8.911094
0.000000
0.958010
26.064104
39.878120
0.332313
5.663859
4.996408
0.000000
8.246769
18.398975
5.496328
2.127232
4.255471
0.000000
0.000000
0.000000
0.000000
0.000000
0.000000
0.000000
0.000000
0.000000
0.000000
0.000000
0.000000
0.000000
0.000000
0.000000
0.000000
3.831384
0.000000
2.584346
0.000000
0.000000
0.173563
4.734504
0.000000
1.557395
0.168764
0.988124
1.720574
3.270467
3.175048
3.608517
1.915818
16.035131
27.284952
0.129705
0.000000
0.000000
0.000000
0.000000
0.000000
0.000000
0.000000
0.000000
0.000000
0.000000
0.000000
0.000000
0.000000
0.000000
0.000000
0.000000
0.000000
0.000000
15.000663
28.607929
40.960926
42.939922
56.318256
61.286976
72.450867
64.370621
46.366947
73.515312
0.000000
0.000000
0.000000
0.000000
0.000000
0.000000
0.000000
0.000000
0.000000
0.000000
0.000000
0.000000
0.000000
0.000000
0.000000
0.000000
0.000000
0.000000
0.000000
0.000000
0.000000
10.811042
12.300173
40.525009
43.972473
45.795040
43.677284
36.997444
31.469124
31.346813
22.500454
3.474608
6.404569
3.184961
10.403065
40.087048
8.267463
36.343155
24.122087
24.024000
22.787027
20.271500
16.955681
11.405053
6.045023
0.000000
0.000000
4.510862
0.000000
0.000000
0.000000
41.473804
0.000000
0.000000
10.005395
6.321500
38.375217
29.319904
19.107491
61.910572
44.922539
26.094677
0.000000
0.000000
0.000000
0.000000
0.000000
0.000000
0.000000
0.000000
0.000000
0.000000
0.000000
0.000000
0.000000
0.000000
0.000000
4.754809
6.635236
3.063409
0.234497
0.000000
7.951119
11.385578
0.000000
20.328457
0.000000
7.732175
0.000000
19.777771
13.943291
8.472665
62.613815
41.435539
17.227262
0.000000
0.000000
0.000000
0.000000
0.000000
0.000000
0.000000
0.000000
0.000000
0.000000
0.000000
0.000000
0.000000
0.000000
0.000000
0.000000
0.000000
0.000000
0.000000
0.000000
0.000000
0.000000
17.725800
19.568419
17.849215
54.599483
22.999104
26.071457
59.780174
53.894680
28.575752
63.889103
15.959538
43.328403
26.075500
32.476311
30.797396
26.528728
20.703716
9.470480
0.000000
4.986261
24.755583
28.085268
62.903191
34.798424
32.354820
24.211901
43.197971
25.792955
51.258560
40.696976
44.569214
44.906937
46.297943
64.958992
66.818771
52.604134
0.000000
0.000000
0.000000
0.000000
0.000000
0.000000
0.000000
0.000000
0.000000
0.000000
0.000000
0.000000
0.000000
0.000000
0.000000
0.000000
0.000000
0.000000
0.000000
0.000000
0.077797
28.919184
55.770370
48.208664
42.016640
60.180191
16.537270
62.363483
25.042118
42.001923
36.942558
31.570034
47.173676
11.549465
27.078020
39.960838
0.000000
9.280145
11.322126
28.913704
1.603988
6.806140
0.000000
0.000000
0.000000
0.000000
0.000000
0.000000
0.000000
6.608774
35.288628
21.101789
0.000000
34.159538
0.000000
27.279926
0.000000
0.000000
17.171167
9.957870
9.935223
30.184641
27.292459
0.000000
0.000000
0.000000
0.000000
0.000000
0.000000
0.000000
0.000000
0.000000
0.000000
0.000000
0.000000
0.000000
0.000000
0.000000
0.000000
0.000000
0.000000
0.000000
26.931822
1.266999
0.000000
22.786003
0.000000
17.485897
0.656468
20.375500
8.265397
11.213356
15.342883
20.622227
27.645071
25.729336
55.226971
56.309475
20.346275
18.506676
0.000000
0.000000
0.000000
0.000000
0.000000
0.000000
0.000000
0.000000
0.000000
0.000000
0.000000
0.000000
0.000000
0.000000
0.000000
0.000000
0.000000
7.290497
15.005988
14.357661
11.226844
10.099749
11.640295
18.566212
21.192413
23.809603
24.401945
4.404500
0.000000
0.000000
3.317099
11.238582
33.873676
15.642054
19.635347
21.624212
30.943413
4.931417
7.128747
14.344911
32.696682
41.761002
31.568611
41.422279
11.585618
0.000000
0.000000
0.000000
0.000000
0.000000
0.000000
0.000000
12.357629
17.611080
15.525295
11.217466
7.675622
0.000000
0.209347
0.000000
0.000000
0.000000
55.317192
42.935501
41.305164
33.742023
36.387695
33.847832
27.596466
20.803816
14.427864
11.984049
2.193182
0.000000
6.064570
0.000000
0.000000
0.000000
17.709480
1.756348
33.268742
16.884613
4.698408
0.000000
0.000000
0.000000
0.000000
3.525343
0.000000
0.000000
0.000000
0.000000
0.000000
0.000000
0.282671
0.000000
11.715366
0.000000
0.000000
0.000000
0.000000
6.024488
6.735433
10.498688
0.000000
0.000000
0.000000
0.000000
0.000000
0.000000
1.460237
0.000000
0.000000
0.000000
0.000000
0.000000
1.339447
35.625549
38.701469
32.639732
32.016773
27.969074
1.865629
0.000000
0.000000
0.000000
0.000000
0.000000
0.000000
0.000000
0.000000
4.424401
0.000000
0.000000
0.000000
0.000000
0.000000
0.000000
0.000000
0.000000
9.647483
32.643433
3.830604
25.294895
38.924034
65.533905
51.161980
33.964329
11.050759
1.414217
3.481014
4.201576
5.416662
11.066538
0.000000
1.821780
0.347457
4.176743
4.694131
3.478901
1.562837
0.000000
0.000000
0.000000
0.000000
0.000000
37.707893
47.001938
40.921196
33.879078
42.413609
25.977055
28.446438
26.252834
31.340015
30.315876
26.803944
33.862122
32.045734
50.073669
29.634140
0.000000
0.000000
26.908850
30.044685
16.537477
0.000000
27.449465
29.361151
34.955585
0.069767
0.000000
0.000000
0.000000
0.000000
3.896263
0.000000
0.000000
0.000000
0.000000
0.000000
0.000000
0.000000
0.000000
0.452065
13.757712
0.000000
10.635277
2.264163
6.932565
3.275770
6.855459
7.904157
0.000000
1.590369
12.625835
0.000000
0.000000
0.000000
0.000000
0.000000
0.143727
0.000000
0.000000
0.000000
0.000000
0.000000
0.000000
0.000000
4.151016
0.000000
7.796624
0.775241
39.753857
12.394648
4.536107
1.388081
21.068935
23.174318
0.000000
6.023859
38.425449
16.867304
1.811610
0.000000
0.000000
0.000000
5.946929
0.527577
0.000000
16.372334
12.898187
10.823005
22.831738
9.810239
0.000000
0.000000
12.530476
0.000000
9.448473
11.638643
20.426081
0.000000
0.000000
0.000000
0.000000
0.000000
0.000000
0.000000
0.000000
0.000000
0.000000
0.000000
0.000000
0.000000
0.000000
19.157072
44.393879
49.432720
66.975166
34.562489
0.000000
0.000000
0.000000
0.000000
0.000000
0.737126
0.741781
0.684750
0.000000
0.000000
0.000000
0.000000
0.000000
0.000000
0.000000
0.000000
0.000000
0.000000
0.000000
0.000000
0.000000
0.000000
0.000000
0.000000
0.000000
0.000000
0.000000
0.000000
1.578737
22.525129
11.955647
0.000000
8.252941
39.063309
16.621468
25.886572
16.506016
17.950630
2.981630
3.645403
3.087665
38.065845
21.548695
19.858065
24.661272
16.903788
1.446217
8.804592
0.000000
0.000000
0.000000
0.000000
0.000000
0.000000
0.000000
0.000000
0.000000
12.572838
0.000000
0.000000
0.000000
0.000000
0.000000
0.000000
0.000000
0.000000
0.000000
0.000000
0.000000
0.000000
1.240268
18.003136
11.835223
0.000000
0.000000
0.000000
3.711683
0.000000
0.000000
0.000000
0.000000
2.393145
0.000000
18.325573
39.632069
0.000000
0.000000
0.000000
0.000000
0.000000
10.020285
11.117553
19.174715
5.364175
13.172009
21.757225
21.137947
19.792048
33.340176
0.000000
3.310463
3.788133
29.983561
0.000000
1.277789
0.000000
0.246897
0.000000
2.470463
0.000000
0.000000
5.137156
36.108574
10.032619
0.000000
0.000000
0.000000
6.605828
0.000000
16.043341
16.043770
5.583756
0.000000
9.749180
15.746222
9.922338
4.824285
0.000000
0.000000
0.000000
0.000000
9.831545
16.599543
29.189276
49.545753
86.946968
51.257935
15.823745
9.048323
9.715374
3.858118
0.000000
0.000000
0.000000
0.000000
0.000000
0.000000
0.000000
0.000000
0.000000
0.000000
0.000000
0.000000
0.000000
0.000000
0.000000
0.000000
0.000000
0.000000
0.000000
3.641914
11.121273
0.000000
0.000000
0.000000
0.507255
0.000000
0.000000
0.000000
0.000000
0.000000
0.000000
0.000000
0.000000
0.000000
0.000000
0.000000
0.000000
0.000000
0.000000
9.377531
3.242185
28.946449
18.794889
9.903393
9.642462
31.788635
13.259313
31.283073
26.281767
26.376255
23.796988
19.923378
31.523489
37.377193
22.445551
42.685818
46.239628
19.273584
0.000000
0.000000
0.000000
0.000000
0.000000
0.000000
0.000000
0.000000
0.000000
0.000000
0.000000
0.000000
0.000000
0.000000
0.000000
0.000000
12.283696
32.032177
17.963577
18.606367
6.372586
18.766487
36.063499
28.584833
28.584833
28.584833
28.584833
28.584833
29.839746
18.729055
0.097507
1.510133
21.375139
0.000000
2.647239
0.000000
21.793470
0.000000
0.000000
6.917904
11.046391
0.000000
0.000000
0.000000
0.000000
0.000000
0.442664
16.012335
15.320394
12.712838
1.705261
0.000000
0.000000
13.840791
13.072369
15.908742
11.860470
3.724249
8.986513
22.558304
0.000000
0.000000
8.479030
8.995091
8.478749
1.821895
3.513818
0.000000
2.890513
0.588338
10.365764
2.716952
4.685724
6.722577
7.919580
0.000000
0.000000
0.000000
9.021710
12.519219
2.782588
0.000000
6.605910
4.108932
2.732472
3.086262
3.641671
2.305231
0.000000
0.000000
32.882698
59.049236
50.218395
38.720242
53.459724
21.774515
18.256819
0.000000
0.000000
0.000000
0.000000
0.000000
0.000000
0.000000
0.000000
0.000000
0.000000
0.000000
0.000000
0.505547
0.994459
0.000000
0.000000
0.000000
0.000000
33.595226
41.191891
25.699127
25.714979
30.125881
21.085741
15.230028
14.995554
46.655632
35.001896
29.992167
10.896420
5.824912
0.000000
0.000000
0.000000
0.000000
0.000000
0.000000
0.000000
0.000000
0.000000
1.983236
0.000000
0.000000
0.000000
0.000000
0.000000
4.730133
19.899439
2.474591
4.310255
4.529144
3.147008
1.068998
0.000000
0.000000
16.287523
8.564798
0.000000
0.000000
0.000000
0.000000
0.000000
0.000000
6.920563
28.741041
47.675156
35.703716
34.810741
23.271404
0.000000
0.000000
0.000000
0.000000
18.668337
26.400269
34.588131
21.799829
24.638018
0.000000
2.517782
10.636662
3.265628
0.000000
2.056710
0.000000
27.426973
15.213488
27.227942
5.277473
1.083287
0.445966
2.934640
0.000000
14.735435
13.826590
53.110046
14.904240
8.131363
1.900284
0.000000
16.924688
26.158312
25.264324
24.734404
32.038490
13.105194
0.000000
10.079002
0.000000
7.070079
0.000000
4.092390
7.287198
0.000000
3.582441
0.000000
13.381668
2.112824
10.483055
24.375849
36.138317
32.401119
36.325634
43.504871
50.063824
21.560982
0.000000
0.000000
0.000000
0.000000
0.000000
0.000000
0.000000
6.213706
0.000000
0.000000
0.000000
0.000000
0.402872
0.000000
0.000000
0.000000
0.000000
0.000000
0.000000
0.000000
0.000000
0.000000
0.000000
7.964781
0.000000
0.000000
0.000000
0.000000
0.000000
0.000000
0.000000
0.000000
0.000000
0.000000
0.000000
0.000000
0.000000
0.000000
0.000000
0.000000
10.415516
0.000000
0.000000
0.000000
0.000000
39.771725
63.608189
70.574211
80.748787
87.171852
88.384102
88.737694
79.836182
48.434456
2.543905
17.335812
0.000000
0.000000
0.000000
0.000000
0.000000
0.000000
0.000000
0.000000
0.000000
0.000000
0.000000
0.000000
0.000000
0.000000
1.628593
1.473668
19.390722
21.149178
15.592962
0.000000
0.000000
0.000000
0.000000
0.000000
0.000000
0.000000
0.000000
0.000000
0.000000
0.000000
0.000000
0.000000
0.000000
0.000000
0.000000
0.000000
0.000000
0.000000
0.000000
0.000000
0.000000
0.000000
0.000000
0.000000
0.000000
0.000000
10.300648
3.102991
0.000000
0.000000
0.000000
0.000000
0.000000
0.000000
0.000000
0.000000
0.000000
0.000000
0.000000
0.000000
3.944603
45.112743
57.102234
41.512070
43.527664
45.841545
63.426582
40.250801
49.799236
40.424850
52.668385
44.258904
52.108612
54.609459
54.156956
52.228737
39.957302
11.615395
0.000000
0.000000
2.873796
0.000000
0.000000
0.000000
0.000000
0.000000
0.000000
0.000000
0.000000
0.000000
0.000000
0.000000
11.137915
20.861570
42.401062
41.354671
25.749350
25.078068
2.478950
0.000000
0.000000
0.000000
0.000000
0.000000
0.000000
0.000000
0.000000
0.000000
0.000000
0.000000
0.000000
9.691386
41.648453
25.973354
0.027871
4.359839
12.442297
32.911514
19.030434
30.671568
38.547165
35.585930
52.605808
56.322372
8.597468
0.000000
4.696167
8.003555
0.000000
0.000000
0.000000
0.000000
0.000000
0.000000
0.000000
0.000000
0.000000
0.000000
0.000000
0.000000
0.000000
3.228886
0.000000
5.005959
0.000000
0.000000
0.000000
0.000000
0.000000
0.000000
0.000000
0.000000
0.000000
0.000000
8.422786
0.000000
0.000000
10.636213
6.166449
3.734277
43.824036
1.535382
0.000000
0.000000
0.000000
0.000000
0.000000
7.693575
19.861168
0.000000
0.000000
0.000000
17.690977
24.925982
12.987675
21.689116
33.080307
7.764905
16.092075
16.719915
43.599174
32.434158
7.484607
0.000000
0.000000
0.000000
0.000000
0.000000
0.000000
0.000000
0.000000
0.000000
0.000000
0.000000
0.000000
3.713002
15.003973
0.000000
4.916066
16.245283
0.000000
17.665201
0.000000
0.000000
0.000000
0.000000
0.000000
0.000000
0.000000
0.000000
0.000000
2.215127
10.791021
20.108290
21.659393
16.927670
7.950093
45.817162
29.029266
54.386532
0.000000
0.000000
0.000000
0.000000
28.881943
16.997778
43.497372
14.240413
0.000000
0.000000
0.000000
0.000000
0.000000
0.000000
0.000000
0.000000
0.000000
0.000000
0.000000
0.000000
0.000000
0.000000
0.000000
0.000000
0.000000
0.000000
0.000000
0.000000
0.414402
0.000000
0.000000
0.000000
0.000000
0.000000
0.000000
0.000000
0.000000
0.000000
0.000000
0.000000
0.000000
0.000000
0.000000
16.837107
55.605564
26.026495
62.535370
20.924360
11.580974
4.004551
11.417494
0.000000
0.000000
2.479142
15.835820
36.451424
11.936742
32.434261
5.644592
0.000000
9.206078
9.519015
0.000000
0.000000
0.000000
0.000000
0.000000
0.000000
0.000000
0.000000
0.000000
0.000000
0.000000
0.000000
0.000000
0.000000
0.000000
0.000000
0.000000
0.000000
29.134579
28.130819
46.082943
38.778851
37.766972
37.766972
37.766972
37.766972
37.766972
40.025124
25.914059
39.725708
9.256112
5.608191
7.327617
42.998119
15.025029
23.491823
0.000000
19.873055
26.910797
22.820793
2.690701
0.000000
0.000000
7.528635
11.131806
36.802505
49.754757
39.684345
33.205204
25.133154
27.779156
44.938717
27.942743
30.367901
31.154257
58.479603
29.136000
1.862479
0.000000
0.000000
1.127792
0.000000
0.000000
0.000000
0.000000
0.000000
0.000000
0.000000
0.000000
0.000000
0.000000
0.000000
0.000000
0.000000
0.000000
1.724128
34.616432
45.848213
0.389076
0.000000
0.000000
0.000000
0.000000
0.000000
0.000000
0.000000
0.000000
2.979707
1.333877
0.000000
21.953447
49.442036
52.278324
30.249645
19.152098
15.314017
0.000000
0.000000
0.000000
0.000000
0.000000
0.000000
0.000000
0.000000
0.000000
0.000000
0.000000
0.000000
0.000000
0.000000
25.686838
31.595583
17.349291
7.625416
55.395634
41.473129
14.882430
29.904728
19.232033
0.000000
13.316873
41.758244
67.254578
20.658449
24.054689
40.947357
41.107037
0.000000
0.000000
0.000000
0.000000
0.000000
0.000000
0.000000
0.000000
0.000000
0.000000
0.000000
0.000000
0.000000
21.481142
43.236835
51.038101
60.846970
53.895992
46.377464
38.573277
31.755182
25.591990
18.004618
10.856728
0.000000
12.599884
23.768454
0.000000
0.000000
0.000000
0.000000
0.000000
4.130530
33.112564
25.261234
0.000000
0.000000
0.000000
0.000000
0.000000
0.000000
4.301476
11.039491
32.503422
37.388199
14.356245
27.848339
21.057480
3.082737
7.057437
0.000000
0.000000
0.000000
24.106676
33.641911
1.552046
0.000000
0.000000
0.000000
0.000000
0.000000
10.049731
25.334003
13.037269
3.420328
0.000000
0.000000
0.000000
0.000000
30.701553
17.571819
0.000000
0.000000
0.000000
0.000000
0.555224
3.530133
14.529509
18.429205
3.231145
0.000000
0.000000
0.000000
0.000000
0.000000
0.000000
0.000000
0.000000
0.000000
0.000000
47.682621
31.084528
62.584293
70.233879
41.013103
9.406763
9.184498
12.596160
0.000000
0.000000
0.000000
0.000000
0.000000
0.000000
0.000000
0.000000
0.000000
0.000000
0.000000
0.000000
0.000000
0.000000
0.000000
0.000000
0.000000
0.000000
0.000000
1.789096
0.000000
0.000000
0.000000
0.000000
0.000000
0.000000
0.000000
0.000000
0.000000
0.000000
0.000000
0.000000
0.000000
0.000000
0.000000
0.000000
0.000000
46.437057
0.000000
20.072571
25.610073
19.249804
67.977005
54.905186
36.833080
40.644924
31.565310
20.897865
3.992294
2.042909
0.000000
24.258528
32.785904
27.925333
18.084791
0.000000
0.000000
0.000000
0.000000
0.000000
0.000000
0.000000
0.000000
0.000000
0.000000
0.000000
0.000000
0.000000
0.000000
0.000000
0.000000
0.000000
0.000000
0.000000
0.000000
0.000000
0.000000
0.000000
0.000000
0.000000
0.000000
0.000000
0.000000
0.000000
17.037376
0.000000
0.408172
0.000000
0.000000
2.880951
22.728304
0.000000
0.000000
0.000000
4.781382
14.805710
0.000000
0.000000
0.000000
0.000000
20.181700
38.931129
34.741959
44.805904
36.935608
37.515442
30.973434
6.177759
15.398300
6.343860
2.310020
2.167121
14.422557
20.706556
45.645054
11.833560
0.000000
17.319283
6.596070
0.000000
0.000000
0.000000
0.000000
1.669423
0.868886
1.725283
3.444536
5.886981
3.911252
0.000000
0.000000
0.000000
0.000000
19.369299
0.000000
9.005123
21.168459
17.436504
14.273409
12.553226
10.735186
6.864220
2.061101
0.000000
0.000000
0.000000
0.000000
3.430363
0.000000
12.256451
35.100666
9.778263
8.554549
18.846550
26.177984
40.739628
41.677528
38.307758
56.741367
47.087376
73.653519
52.813469
73.210854
45.689171
32.652649
0.000000
0.000000
3.297000
0.000000
0.000000
0.000000
0.968852
0.000000
0.000000
0.000000
0.000000
0.000000
0.000000
0.000000
0.000000
0.000000
0.000000
12.808507
18.786634
49.051022
47.168129
44.198933
36.598438
30.386267
28.742672
27.818909
32.275597
9.066506
0.000000
0.000000
0.000000
0.000000
0.000000
0.000000
0.000000
0.000000
0.000000
0.558674
2.125203
4.385703
11.772227
0.000000
0.000000
0.000000
0.000000
8.601558
0.000000
0.000000
0.000000
0.000000
0.000000
2.490125
51.394562
60.265472
25.690664
35.042313
37.983475
10.447250
0.000000
0.000000
0.000000
0.000000
0.000000
0.000000
0.000000
0.000000
0.000000
0.000000
0.000000
0.000000
0.000000
0.000000
2.880575
17.784565
16.175762
6.829924
1.263971
0.000000
0.000000
4.800642
9.401321
24.592909
0.000000
0.000000
29.662823
22.003717
0.000000
15.319564
60.486889
25.129898
0.000000
0.000000
0.000000
0.000000
0.000000
0.000000
0.000000
0.000000
0.000000
6.330416
12.406569
6.821869
0.000000
0.000000
0.000000
0.000000
0.000000
0.000000
0.000000
5.488735
0.000000
0.000000
0.000000
0.000000
0.000000
0.000000
10.365565
17.794991
30.966362
43.108875
40.772697
43.849262
39.540615
8.609204
12.813674
14.395825
15.365829
10.534339
3.579576
0.000000
0.000000
0.000000
16.161251
25.214466
18.102396
19.251671
14.906876
17.255938
38.091152
47.767799
50.699432
53.225082
53.603909
48.932793
43.176594
42.266129
44.032150
56.970665
48.600937
51.996895
47.304035
0.000000
0.000000
0.000000
0.000000
0.000000
0.000000
0.000000
2.906365
30.412931
20.925053
15.771077
8.988835
0.000000
0.000000
0.000000
0.000000
0.000000
0.000000
1.284863
29.750135
49.490574
34.208420
45.647678
32.212296
30.805798
33.905750
33.330780
32.990677
32.728809
38.148647
25.433067
38.825882
47.234890
65.311897
54.162109
45.520809
53.364967
53.608814
22.403725
0.000000
0.000000
0.000000
0.000000
0.000000
0.000000
0.000000
0.000000
0.000000
0.000000
0.000000
0.000000
0.000000
0.000000
0.000000
0.000000
0.000000
0.000000
0.000000
0.000000
0.000000
8.584320
0.000000
5.241372
0.000000
0.000000
0.000000
0.000000
0.000000
0.000000
0.000000
0.000000
0.000000
0.000000
0.000000
0.000000
0.000000
0.000000
0.000000
0.000000
16.187477
43.097878
38.002045
37.029976
44.542007
40.844021
45.223297
46.441853
46.873013
47.383984
50.264614
52.064590
50.951141
47.205322
57.619019
51.522671
37.886791
0.000000
0.000000
0.000000
0.000000
6.448265
7.467558
7.050358
5.106407
2.015001
0.522165
0.660958
0.647783
1.182559
0.000000
0.000000
0.000000
0.000000
10.716083
0.000000
1.600879
0.000000
0.000000
0.000000
0.000000
0.000000
0.000000
0.000000
0.000000
0.000000
0.000000
0.000000
0.000000
0.000000
9.503145
16.299212
7.781698
5.437511
33.124153
39.664200
44.178558
36.379417
24.756109
40.826431
57.574272
61.327782
60.714317
42.178860
48.232159
19.827305
22.258831
0.000000
0.000000
0.000000
0.000000
0.000000
0.000000
0.000000
0.000000
0.000000
0.000000
0.000000
0.000000
0.000000
0.000000
30.942280
75.019211
67.219803
61.457794
61.861519
55.514751
45.450306
33.296093
21.297846
12.183246
0.000000
0.000000
0.000000
10.087752
0.000000
0.000000
0.000000
8.627244
0.000000
0.000000
40.408249
49.362816
27.431644
7.864539
0.000000
0.000000
0.000000
0.000000
0.000000
26.466314
17.319683
23.850006
45.324577
30.440634
0.000000
22.686216
0.000000
0.000000
0.000000
11.038469
7.679322
7.043180
27.535576
9.494618
3.077391
0.185720
0.000000
15.009648
6.279217
16.742811
14.207887
25.274786
13.332644
0.000000
3.880205
13.727698
22.152929
24.069628
32.042706
37.130882
11.136433
19.649721
0.000000
0.000000
0.000000
0.000000
0.000000
0.000000
0.000000
0.000000
0.000000
0.000000
0.000000
0.000000
0.000000
0.000000
16.647623
9.632974
70.516159
81.594627
74.386513
68.710754
32.740410
0.000000
0.000000
0.000000
0.000000
0.000000
0.000000
0.000000
0.000000
0.000000
0.000000
0.000000
0.000000
0.000000
0.000000
0.000000
1.510256
1.122832
0.000000
0.000000
0.000000
0.000000
0.000000
0.000000
0.000000
0.000000
0.000000
0.000000
0.000000
0.000000
0.000000
0.000000
0.000000
0.000000
0.000000
0.000000
0.000000
0.000000
0.000000
2.294606
0.000000
0.000000
8.430627
0.000000
22.606211
41.972828
62.050770
57.580540
52.617908
55.119514
62.853153
89.045753
75.572159
57.192455
2.912936
0.000000
0.000000
0.000000
0.000000
0.000000
0.000000
0.000000
0.000000
0.000000
0.000000
0.000000
0.000000
0.000000
0.000000
0.000000
0.000000
0.000000
0.000000
0.000000
0.000000
0.000000
0.000000
0.000000
0.000000
0.000000
0.000000
0.000000
0.000000
0.000000
0.000000
0.000000
0.000000
0.000000
0.000000
0.000000
0.000000
0.000000
0.000000
0.000000
0.000000
0.000000
0.000000
0.000000
0.000000
0.000000
0.000000
0.000000
13.944992
12.966629
3.294591
12.707669
6.495764
32.965664
19.185104
0.000000
13.663525
0.000000
0.000000
0.000000
0.000000
0.000000
24.489845
34.877422
48.458157
30.208490
13.642585
15.957235
41.003159
27.136620
37.400867
28.634220
27.080250
31.312916
33.549076
32.539215
24.296160
11.136373
23.883450
39.178757
40.774921
33.109550
11.453891
18.598417
0.000000
0.000000
0.000000
0.000000
0.000000
0.000000
1.299973
3.860993
0.000000
0.000000
0.000000
0.000000
0.000000
0.000000
9.609672
4.164213
3.754767
3.929963
4.164599
0.000000
0.000000
0.000000
0.000000
1.592070
2.041973
0.000000
0.000000
0.000000
0.000000
0.000000
0.000000
0.000000
0.000000
0.000000
0.000000
11.937249
9.957201
1.952930
18.194317
24.593956
14.712535
23.796410
10.910542
3.272342
7.277210
11.611478
2.333002
4.648681
0.000000
0.000000
3.938414
6.479428
7.195442
6.309269
5.700288
2.021605
16.271505
15.078622
0.000000
0.000000
0.000000
0.000000
0.000000
0.000000
0.000000
0.000000
0.000000
0.000000
0.000000
0.000000
1.385648
0.000000
3.206928
2.619702
0.000000
14.241880
24.413151
0.000000
0.000000
0.000000
0.000000
0.000000
0.000000
20.103966
18.115149
26.833450
5.490893
0.000000
0.000000
0.000000
0.000000
0.000000
0.000000
0.000000
14.178397
22.524866
9.570980
23.519430
0.108014
0.000000
0.893336
0.000000
13.058064
4.339987
2.649696
0.582431
0.338028
2.340415
0.000000
0.000000
0.000000
0.000000
5.316481
0.000000
17.938091
0.000000
0.000000
22.450891
11.561380
10.624536
0.000000
0.000000
0.000000
0.000000
7.364493
0.000000
11.992159
15.168241
19.148970
22.447870
14.464181
33.121250
16.192430
38.963554
51.789001
39.308540
0.000000
0.000000
0.000000
0.000000
0.000000
19.951466
26.345566
6.872986
7.920489
5.664397
0.000000
7.604670
0.000000
0.000000
0.000000
0.000000
0.000000
0.488264
0.000000
0.000000
0.000000
0.000000
0.000000
0.000000
0.000000
0.000000
0.000000
7.632033
27.471539
6.420622
17.944387
13.501207
10.056782
0.000000
9.658438
0.000000
0.000000
0.000000
0.000000
0.000000
0.000000
0.000000
0.000000
0.000000
0.000000
3.197768
0.000000
0.000000
0.000000
0.000000
0.000000
0.000000
0.000000
0.000000
0.000000
0.000000
0.000000
0.810807
0.000000
0.000000
29.266083
11.447131
15.378183
4.561342
0.000000
1.253374
2.195294
4.217280
0.000000
18.624607
0.000000
7.749115
0.000000
0.000000
6.070711
0.000000
2.859363
16.849091
3.640785
34.315731
34.056705
36.033909
27.221579
23.593481
7.533494
13.524469
13.524469
13.524469
13.524469
13.524469
14.887728
4.511297
0.000000
0.000000
0.000000
0.000000
0.000000
11.607886
0.000000
0.000000
8.758473
15.504412
5.861695
37.340591
5.247362
11.237079
12.388219
9.639051
7.035771
17.884863
11.230246
8.558612
6.736615
0.000000
0.000000
7.107515
20.584858
9.010049
6.046787
3.067609
0.000000
0.000000
0.000000
0.000000
11.915536
0.000000
0.000000
2.164468
0.000000
0.000000
0.000000
3.175163
0.000000
0.000000
0.000000
0.000000
0.000000
0.000000
12.850259
17.348227
10.393087
26.721981
8.093415
0.000000
4.791913
5.596727
6.093827
6.220205
5.716691
3.717229
1.587147
1.034630
22.568125
40.770332
45.823624
58.435997
27.400940
0.000000
0.000000
0.000000
0.000000
0.000000
1.761048
2.369977
0.495533
4.333636
0.000000
0.000000
0.000000
40.456669
30.376610
14.712736
0.000000
9.815541
6.736055
18.969158
7.182808
2.421556
2.241960
16.218090
0.000000
0.000000
0.000000
0.000000
0.000000
29.930565
23.422148
32.306435
5.445070
20.314875
20.626379
19.116188
13.332630
10.219998
12.298159
19.789490
26.291277
25.876080
19.255968
18.657429
10.551126
0.000000
0.000000
0.000000
0.000000
0.000000
0.000000
0.000000
0.000000
0.000000
0.000000
0.000000
0.000000
0.000000
0.000000
0.000000
0.000000
36.572865
29.450642
0.000000
0.000000
0.000000
0.000000
47.595478
49.045563
83.246895
49.467030
10.011744
0.000000
0.000000
10.148257
0.000000
0.000000
0.310704
0.000000
0.000000
0.000000
0.000000
9.632722
0.000000
3.430198
0.000000
0.000000
7.611967
16.999548
4.441968
26.770229
13.972697
6.067196
1.679876
0.000000
22.060602
24.266451
54.176510
41.930149
0.000000
0.000000
0.000000
11.624104
14.327719
28.902674
49.175365
6.409770
0.000000
2.642874
14.271232
10.497404
23.938280
3.606384
10.300303
28.671904
23.799015
26.474491
12.128492
32.236176
27.832561
21.692915
14.182238
23.518488
1.645456
18.417717
19.536600
43.582359
17.956711
0.000000
0.000000
0.000000
0.000000
0.000000
0.000000
0.000000
0.000000
0.000000
11.548759
38.492798
0.000000
2.219586
0.000000
0.000000
20.538443
21.429354
17.779991
13.810966
10.167619
5.867008
11.877122
4.219747
5.823329
0.000000
0.000000
18.778309
27.726200
16.821140
28.753958
7.685668
0.000000
0.000000
0.000000
0.000000
0.000000
0.000000
0.000000
0.000000
0.000000
0.000000
0.000000
0.000000
0.000000
0.000000
0.000000
15.897434
34.023182
58.744762
46.399948
30.514042
9.626047
0.000000
0.000000
6.152929
12.858624
10.637883
0.000000
10.147717
23.289125
11.432069
8.205102
11.455624
0.000000
30.196520
3.111547
3.470226
21.464306
7.143401
6.696064
20.798922
15.449185
39.127739
50.632240
66.705780
74.927055
47.129368
0.000000
5.328651
0.000000
0.000000
0.000000
0.000000
0.000000
0.000000
0.000000
0.000000
0.000000
0.000000
0.000000
0.000000
0.000000
0.000000
0.000000
0.000000
0.000000
0.000000
0.000000
0.000000
0.000000
0.000000
2.005155
0.000000
0.000000
0.000000
0.000000
0.000000
0.000000
0.000000
0.000000
0.000000
0.000000
0.000000
0.000000
0.000000
0.000000
0.000000
0.000000
16.408787
48.175068
69.178535
49.431545
49.566540
43.041756
39.212040
40.468639
60.726284
53.997181
45.551109
57.676983
62.099739
59.496563
45.842999
17.454866
6.235013
0.000000
0.000000
15.897345
28.624954
42.033821
42.188038
35.817284
29.485022
22.563377
16.650860
16.045231
24.373915
36.394352
10.388190
0.000000
0.000000
12.433875
34.800137
16.418228
22.535704
0.000000
0.000000
0.000000
0.000000
0.000000
0.000000
0.000000
0.000000
0.000000
0.000000
0.000000
46.931873
42.749538
39.067238
70.679893
86.313530
72.666565
80.987106
51.095818
42.717358
58.944401
64.059586
37.878735
44.864555
40.007000
22.197157
38.242744
12.419683
0.000000
0.000000
0.000000
0.000000
0.000000
0.000000
0.000000
0.000000
0.000000
0.000000
0.000000
0.000000
0.000000
1.398893
0.000000
0.000000
11.569540
0.000000
0.000000
0.000000
0.000000
0.000000
0.000000
0.000000
0.000000
0.000000
0.000000
0.000000
0.000000
0.000000
23.105059
26.873268
38.831539
0.000000
0.000000
7.374721
0.000000
0.000000
5.915085
0.000000
0.000000
0.000000
0.000000
0.000000
4.525000
11.482153
10.180595
16.187151
18.665340
0.000000
6.300944
25.688255
4.479053
8.199226
20.714483
4.407859
18.123558
5.511262
0.000000
0.000000
2.828498
1.528392
0.086487
0.000000
14.008865
12.815144
24.281006
12.645420
0.000000
0.000000
0.000000
21.980055
6.687264
18.881153
49.412411
8.016565
0.000000
0.000000
0.000000
0.000000
0.000000
0.000000
0.000000
0.000000
0.000000
5.564530
11.749921
0.477134
2.120365
3.725262
0.000000
15.753057
7.929606
12.273798
46.727757
44.048885
26.547960
9.671434
12.952163
0.085500
0.000000
0.000000
0.000000
0.000000
0.000000
0.000000
0.000000
0.000000
2.322572
0.000000
0.000000
0.000000
0.000000
0.000000
0.000000
0.000000
0.000000
0.000000
0.000000
0.000000
4.407953
6.515986
23.118790
18.544621
21.123026
22.122908
15.210649
17.543249
19.669607
28.913145
38.233242
40.437962
40.855122
38.553543
42.110146
25.217978
35.401752
11.332327
35.310371
56.356693
71.777931
51.132225
87.093796
59.915955
56.625446
72.029213
73.358131
75.854340
73.587410
6.244699
6.617003
0.000000
2.633373
0.000000
0.000000
0.000000
3.787755
0.000000
0.000000
0.000000
0.000000
0.000000
0.000000
0.000000
0.000000
0.000000
0.000000
0.000000
0.000000
0.000000
0.000000
0.000000
13.773240
7.708864
17.508522
16.046671
6.123656
4.538862
6.059370
6.059370
6.059370
6.059370
6.059370
6.832734
2.063764
11.061135
8.323544
3.749373
0.000000
0.000000
0.000000
0.000000
0.000000
0.000000
0.000000
0.000000
0.000000
0.000000
0.000000
0.000000
0.000000
0.000000
21.609663
18.052931
21.706154
24.118246
12.666265
13.302989
17.533340
0.000000
5.014679
26.804256
23.095234
0.000000
17.170816
0.000000
0.000000
16.695219
4.735713
13.667858
3.566648
0.000000
0.354385
0.000000
0.966041
0.264921
2.341106
9.975783
20.657578
33.049778
12.997623
16.588661
7.971696
0.000000
0.000000
0.000000
0.000000
0.000000
0.000000
0.000000
0.000000
0.905440
4.134792
10.538222
15.044991
7.852598
0.000000
0.000000
0.000000
23.208046
12.250520
34.394279
0.000000
6.906998
11.697163
22.591499
26.387640
27.333260
28.866497
40.521637
51.564537
48.333706
72.450554
52.688541
44.477394
17.930887
16.874437
0.000000
36.964142
5.865891
0.000000
0.000000
0.000000
0.000000
0.000000
0.438599
0.000000
0.000000
0.000000
0.000000
0.000000
0.000000
0.000000
1.417969
21.313068
26.502743
24.748089
23.049723
16.752518
7.885390
5.353821
12.612641
30.291292
9.595207
0.000000
6.834831
0.000000
0.000000
0.000000
0.000000
3.283675
0.083225
0.165915
2.005227
3.137938
3.385658
0.000000
0.697137
23.149836
0.000000
25.297091
0.000000
0.000000
0.000000
0.000000
2.717318
0.000000
33.350258
64.055702
48.230198
24.596292
3.013504
31.080452
20.591696
0.000000
0.000000
0.000000
0.000000
0.000000
0.000000
0.000000
0.000000
0.000000
0.000000
0.000000
0.000000
0.000000
0.000000
8.405509
17.349968
11.277110
3.944186
0.486600
3.600463
11.771657
0.000000
28.061182
44.089634
6.249462
0.000000
23.313675
15.803730
0.000000
10.255399
31.361809
15.323768
9.562998
11.261176
0.000000
0.000000
16.508142
0.000000
6.559084
2.905183
10.168730
0.000000
0.000000
3.699250
0.000000
0.000000
0.000000
0.000000
0.000000
0.000000
32.404606
54.858715
10.497899
0.000000
0.000000
0.000000
0.000000
0.000000
4.102679
0.000000
3.555184
41.293118
29.624502
34.735664
7.456651
23.015764
10.717177
22.264141
21.147469
20.163225
18.094273
15.186646
12.882154
9.179843
7.483616
17.732246
32.024059
27.740694
44.826241
47.023727
39.865208
30.769402
49.122265
41.888760
48.398758
47.340343
45.389183
47.182091
60.721031
95.840958
90.441917
69.295952
52.602531
0.000000
0.000000
14.728241
0.000000
25.066551
4.681968
0.000000
26.346285
35.365055
25.617205
27.340372
29.071987
12.407721
19.262590
2.836665
0.000000
0.000000
0.000000
0.000000
23.924515
30.639372
36.851170
23.612700
21.392187
43.037735
9.782294
26.700136
18.523085
20.634182
20.384539
29.014107
11.325276
38.823154
54.087189
42.383064
24.861853
12.853979
0.000000
0.000000
0.000000
0.000000
0.000000
0.000000
0.000000
0.000000
0.000000
0.000000
0.000000
0.000000
0.000000
0.000000
0.000000
8.204891
0.000000
0.000000
0.000000
0.000000
0.000000
0.000000
0.000000
5.145669
1.719902
0.000000
0.000000
0.000000
0.000000
0.000000
0.000000
0.000000
0.000000
0.000000
0.000000
0.000000
0.000000
0.000000
0.000000
6.602427
0.000000
0.000000
20.710890
45.797787
25.547558
31.585283
56.342472
43.626472
30.802870
46.236485
37.471230
43.713734
44.687412
47.407623
44.500729
41.946621
35.673042
45.080486
22.428991
0.000000
0.000000
0.000000
0.000000
0.000000
0.000000
0.000000
0.000000
0.000000
0.000000
0.859936
3.203228
0.000000
0.000000
0.000000
0.000000
0.000000
0.000000
0.000000
7.784677
16.108849
19.561283
17.619846
14.401360
15.579226
18.811195
31.046656
48.620525
50.842922
37.334740
25.313726
26.062151
35.517284
49.169762
47.707996
62.884155
40.646732
15.906196
6.758954
3.561078
0.699508
4.202721
6.480453
29.326611
55.654560
5.381886
0.000000
0.000000
0.000000
0.000000
15.692536
9.044669
2.111918
7.571534
12.258758
17.764547
17.853981
11.124087
1.565060
3.391577
1.000157
1.335162
0.000000
0.000000
0.000000
7.210529
16.087915
22.110233
18.197363
13.412814
10.353909
9.684296
8.598671
4.747538
0.000000
4.524354
8.732134
0.000000
18.194902
31.878113
0.000000
12.423427
0.000000
0.000000
0.000000
7.425461
9.124045
0.000000
0.000000
5.580507
9.790744
0.000000
0.000000
0.000000
0.000000
0.000000
0.000000
8.770340
0.000000
2.881833
0.000000
0.000000
0.000000
0.000000
12.723876
0.000000
0.000000
0.000000
0.000000
0.000000
0.896648
4.186485
4.954464
0.000000
0.000000
0.000000
0.000000
1.254793
5.266721
17.768213
29.676554
12.946824
24.644409
4.708651
0.000000
0.000000
0.000000
0.000000
0.000000
0.000000
0.000000
1.710437
8.058809
0.000000
0.000000
0.000000
0.000000
0.000000
0.000000
0.000000
0.000000
0.189588
31.776337
36.988522
19.846493
24.299715
43.334240
46.146442
37.514782
22.918167
20.964334
1.033117
0.000000
11.310450
26.790289
5.021631
0.000000
1.608813
8.244075
8.037873
7.652502
6.905244
3.132856
0.000000
0.000000
0.000000
0.000000
30.646605
53.574959
62.600193
56.510380
58.584606
47.935841
44.346493
56.124088
66.803230
70.500549
72.929237
72.165916
68.665466
85.448166
109.070404
90.579262
45.802292
0.000000
4.897439
36.455795
37.025742
57.290131
54.758980
35.886703
23.790539
11.392294
0.339515
0.000000
0.000000
0.000000
0.000000
0.000000
0.000000
0.000000
0.000000
13.952670
20.328184
8.361062
10.623416
18.443680
6.182031
9.105775
16.179619
8.654433
3.583414
6.732135
9.283798
5.764025
16.157408
8.060248
0.000000
27.808491
0.000000
0.000000
0.000000
0.000000
0.000000
0.000000
0.000000
0.000000
0.000000
0.000000
0.000000
0.000000
0.000000
0.000000
0.000000
18.823389
24.978411
35.908390
18.933962
0.058691
0.000000
0.000000
5.084635
18.024487
22.703039
30.212517
0.704723
0.000000
0.000000
0.000000
0.000000
0.000000
3.853343
0.897871
0.000000
0.000000
8.908533
9.215144
0.000000
0.000000
0.000000
19.431976
11.715189
0.000000
0.000000
0.000000
3.402853
0.000000
0.000000
5.543127
0.000000
0.000000
0.000000
0.000000
0.000000
0.000000
0.000000
0.000000
0.000000
5.868445
30.543840
60.509674
20.073767
0.000000
0.000000
0.000000
0.000000
0.000000
0.000000
0.000000
0.000000
0.000000
0.000000
0.000000
0.000000
0.000000
0.000000
0.000000
0.000000
0.000000
0.000000
0.000000
0.000000
0.000000
0.000000
0.000000
0.000000
0.000000
0.000000
0.000000
0.000000
0.000000
0.000000
0.000000
0.000000
0.000000
0.000000
0.000000
0.000000
0.000000
0.000000
0.000000
0.000000
0.000000
0.000000
3.856814
28.682653
52.819469
71.752121
68.111740
42.202000
2.279670
3.354492
7.563333
0.000000
0.000000
0.000000
0.000000
0.000000
0.000000
1.774500
0.000000
4.039419
29.201792
9.375985
0.000000
0.000000
0.000000
0.000000
0.000000
0.000000
0.000000
0.000000
0.000000
0.000000
0.893773
29.393417
47.178413
0.000000
0.000000
0.000000
0.000000
0.000000
1.153292
1.768673
15.329481
0.000000
0.000000
0.000000
0.000000
4.839614
0.000000
24.860392
28.842739
23.164633
12.120255
0.000000
5.361987
14.193773
0.000000
0.000000
7.874290
2.198317
15.084227
14.578065
0.000000
0.000000
0.000000
0.000000
0.000000
0.034676
4.974956
0.000000
6.273774
7.864296
0.000000
0.000000
0.000000
15.081378
0.000000
0.000000
0.000000
0.000000
0.000000
5.437031
28.752308
51.469963
60.082649
62.733280
42.551022
26.013987
14.762838
13.315136
0.992988
0.000000
7.096051
18.371149
32.002594
41.845314
16.104637
31.830420
32.389076
9.406887
0.000000
0.000000
0.000000
0.000000
0.000000
0.000000
0.000000
0.000000
0.000000
0.000000
0.000000
8.470574
0.000000
0.000000
4.836983
4.973524
2.367845
0.000000
0.000000
5.190274
16.700350
31.688511
47.656788
2.570262
0.000000
0.000000
0.000000
0.000000
0.000000
0.000000
0.000000
0.000000
0.000000
0.000000
0.000000
0.000000
0.000000
0.000000
0.000000
0.000000
0.000000
0.000000
35.731026
2.883097
0.000000
0.000000
0.000000
0.000000
0.000000
0.000000
0.000000
0.000000
0.000000
0.000000
0.000000
16.365574
49.575081
85.016388
46.268860
23.222460
0.000000
0.000000
0.000000
0.945666
0.000000
0.000000
3.123807
0.000000
0.000000
0.000000
0.000000
0.000000
0.000000
7.267554
0.000000
0.000000
5.354237
0.000000
0.000000
0.000000
0.000000
5.209337
4.452648
2.194864
2.194864
2.194864
2.194864
2.194864
1.640556
0.000000
2.066017
25.042080
0.000000
0.000000
0.000000
17.139883
34.897942
20.519217
1.908206
9.726438
18.268515
0.000000
0.000000
0.950408
19.100214
31.682259
20.341110
6.512537
16.532516
16.640257
1.482865
5.978112
8.272044
0.000000
0.000000
13.235002
12.595078
20.994373
27.518423
2.616297
0.000000
4.143015
0.000000
2.152968
0.000000
0.000000
0.000000
0.000000
0.000000
0.000000
0.000000
0.000000
0.000000
0.000000
0.000000
0.000000
0.000000
0.000000
0.000000
1.893200
24.124550
49.801373
48.106377
32.274864
18.841864
10.450351
5.997366
4.444943
4.101192
5.109836
4.896950
3.345410
31.857658
56.790031
31.447586
38.161472
31.746071
0.000000
0.000000
0.000000
0.000000
0.000000
0.000000
0.000000
0.000000
0.000000
0.000000
0.000000
0.000000
0.000000
0.000000
0.000000
0.000000
0.000000
11.396974
0.000000
14.112737
35.444347
28.926355
46.262070
40.320671
40.512356
58.639366
25.929750
19.503361
16.723406
0.000000
0.000000
0.000000
0.000000
0.000000
0.000000
0.000000
0.000000
0.000000
0.000000
0.000000
7.351871
6.742596
0.000000
0.000000
0.000000
0.000000
0.000000
0.000000
0.000000
0.000000
0.000000
0.000000
0.000000
0.000000
0.000000
0.000000
0.000000
0.000000
0.000000
15.105891
0.000000
0.000000
8.294506
4.852605
9.718075
38.705956
50.395180
33.469143
2.351394
0.000000
0.000000
9.297470
0.000000
0.000000
6.116158
26.360331
1.904256
0.000000
38.493282
9.964776
3.682265
0.000000
0.000000
17.303295
9.671825
0.000000
12.474103
21.247025
13.246467
5.766820
1.903131
8.679161
0.000000
17.654173
24.296684
17.084681
5.274564
0.000000
22.860188
20.917337
5.329830
45.882690
44.576004
42.586170
15.183296
0.000000
0.000000
0.000000
0.000000
0.000000
0.000000
22.430670
25.263906
18.482933
35.681435
36.396114
41.707203
33.299923
51.417244
59.760590
9.187603
15.861348
41.795532
23.788263
0.000000
0.000000
0.000000
0.000000
0.000000
0.000000
0.000000
0.000000
0.000000
0.000000
12.348262
0.000000
5.639290
0.000000
0.000000
0.000000
0.000000
0.000000
0.000000
0.000000
0.000000
0.000000
0.000000
0.000000
0.000000
0.000000
2.259833
19.297459
2.018560
2.985809
0.000000
0.000000
0.000000
0.000000
0.000000
0.000000
0.000000
0.000000
0.000000
0.000000
0.000000
0.000000
0.000000
0.000000
0.000000
0.000000
0.000000
0.000000
26.650721
56.415295
64.893562
69.057121
71.814903
88.202751
46.796585
27.650501
24.495693
0.000000
0.000000
0.000000
0.621175
0.000000
0.000000
0.000000
5.065817
0.000000
1.993768
0.000000
9.464492
0.000000
1.585665
0.000000
13.684397
26.550121
17.110479
64.289101
25.618834
9.280552
30.505180
5.412957
0.000000
0.000000
0.000000
0.000000
0.000000
0.000000
0.000000
0.000000
0.000000
0.000000
0.000000
0.000000
0.000000
0.000000
0.000000
0.000000
0.000000
0.000000
0.000000
0.000000
0.000000
0.000000
17.454884
0.000000
6.804288
6.573273
0.625494
0.000000
0.000000
0.000000
0.000000
14.600676
0.000000
0.000000
0.000000
0.000000
0.000000
0.000000
9.553483
4.214013
52.571140
43.526196
39.924103
46.982567
29.148525
45.648918
52.266029
43.832596
46.828789
35.809982
46.876831
48.061470
47.369602
45.108929
56.941681
47.351055
40.177891
46.141800
0.000000
0.000000
0.000000
0.000000
0.000000
0.000000
0.000000
0.000000
3.281743
10.043335
16.236053
17.562136
27.674219
43.783752
50.813164
31.499432
16.788408
39.017685
0.000000
0.000000
0.000000
0.000000
0.000000
0.000000
0.000000
0.000000
0.000000
0.000000
0.000000
0.000000
0.000000
0.000000
22.383543
24.193094
14.073828
0.000000
12.056495
20.628345
1.045001
9.901318
11.806791
0.000000
0.000000
20.449358
36.105618
38.835804
33.696766
27.611307
53.148376
24.771292
0.000000
0.000000
0.000000
0.000000
0.000000
0.000000
0.000000
0.000000
0.000000
0.000000
8.478888
16.223785
9.378500
9.509049
14.103037
8.218236
0.000000
0.000000
0.000000
0.000000
0.000000
0.000000
0.000000
0.000000
15.359241
1.346387
0.000000
0.000000
40.798161
52.421970
0.000000
0.000000
0.000000
0.000000
0.000000
0.000000
0.000000
0.000000
7.047739
0.000000
0.187946
0.000000
24.986177
43.504402
29.615454
28.236803
2.473528
16.228029
12.147235
17.432085
31.890179
7.932416
6.302836
0.000000
0.000000
3.674709
0.000000
0.000000
0.000000
0.000000
0.000000
0.000000
1.214139
0.000000
1.709826
23.461775
2.008767
0.000000
0.000000
0.000000
0.000000
0.000000
0.000000
0.000000
0.000000
21.915224
31.709173
11.765258
7.172333
9.189926
5.762567
5.710440
0.000000
3.715888
2.694422
0.000000
5.643261
18.447735
20.200819
36.939232
8.326020
0.000000
1.729018
21.133961
19.120972
17.305658
34.433956
0.306578
0.000000
0.000000
0.000000
0.000000
0.000000
0.000000
0.000000
4.462922
0.000000
0.000000
0.000000
0.000000
0.000000
6.925992
14.365740
18.685896
0.000000
0.000000
0.000000
0.000000
0.000000
0.000000
0.000000
0.000000
0.000000
0.000000
0.000000
0.000000
0.000000
1.959446
8.351456
0.000000
0.000000
5.149015
0.000000
0.000000
39.978424
20.584564
29.529919
51.335865
0.000000
3.732797
0.000000
0.000000
0.000000
0.124726
5.400384
38.149403
23.498972
20.959724
7.829389
34.716385
22.263500
40.702305
0.000000
0.000000
0.000000
0.000000
0.000000
0.000000
0.000000
0.000000
0.000000
0.000000
0.000000
0.000000
0.000000
0.000000
0.000000
0.000000
0.000000
0.000000
0.000000
0.935538
15.545781
8.111992
8.504892
8.504892
8.504892
8.504892
8.504892
7.214860
21.088589
17.533257
24.955027
41.518116
0.000000
36.659904
32.270168
44.638988
5.138979
0.000000
16.585300
21.459721
2.887560
0.000000
9.432819
0.000000
0.000000
12.723247
35.709629
34.703911
42.971668
30.677275
43.500469
31.850632
31.720984
28.746927
31.181683
42.367275
39.165516
31.959023
0.000000
2.319983
0.000000
0.000000
0.000000
0.000000
0.000000
0.000000
0.000000
0.000000
0.000000
0.000000
0.000000
0.000000
0.000000
0.000000
0.000000
0.000000
0.000000
0.000000
0.000000
0.000000
0.000000
9.450308
4.949780
2.388875
1.615605
0.911206
0.000000
0.000000
0.000000
0.000000
0.000000
0.000000
22.959286
23.962833
13.957002
19.588511
0.000000
2.020651
2.957496
0.879667
6.009084
6.061497
1.269977
12.280822
30.615316
29.880793
26.036171
25.320751
27.456543
43.277901
12.552659
7.965126
0.006156
6.118198
0.000000
0.000000
6.262692
4.697908
0.000000
0.000000
0.000000
2.773238
0.000000
2.798242
8.494810
0.000000
0.000000
1.482287
0.000000
0.000000
0.803915
2.286238
9.475880
15.885261
18.971109
14.813799
0.791543
2.664316
15.581378
7.041147
0.000000
0.000000
9.569611
0.000000
0.000000
2.939174
4.934403
4.338921
2.755301
2.412562
8.479372
24.989147
0.000000
0.000000
3.600332
26.703903
21.199560
0.000000
0.000000
0.000000
0.000000
0.000000
0.000000
0.000000
12.103110
27.227058
16.326099
24.383499
1.295795
3.339814
11.552783
0.000000
0.000000
0.000000
0.000000
5.254261
1.354118
10.367839
12.534864
0.000000
0.000000
0.000000
5.081104
0.000000
0.302200
0.000000
0.000000
0.000000
0.000000
0.000000
0.000000
0.000000
0.000000
0.000000
0.000000
0.000000
0.000000
7.922697
20.826317
10.324151
0.000000
0.000000
5.639604
0.000000
0.000000
0.000000
0.000000
0.000000
0.000000
0.000000
5.852363
7.680781
0.000000
0.000000
0.000000
12.321877
11.404547
0.000000
0.000000
0.000000
0.000000
19.489487
22.177469
23.435030
21.458340
11.965816
31.133421
32.726177
47.976738
6.098317
0.000000
0.000000
8.417874
0.000000
0.000000
0.000000
0.000000
0.000000
0.000000
0.000000
0.000000
0.000000
0.000000
0.000000
0.000000
0.000000
15.278552
13.757582
11.833160
21.971264
27.444101
18.379696
22.916103
26.589521
29.243322
24.949575
12.041648
0.000000
0.000000
13.867573
31.027145
0.000000
33.608353
22.203169
13.545105
0.000000
9.237860
0.000000
0.000000
0.000000
0.000000
0.000000
0.000000
0.000000
0.000000
0.000000
12.512134
4.787728
6.217911
0.000000
2.348545
5.392557
1.810315
0.000000
9.089921
5.734246
0.000000
10.451359
5.095231
3.042998
0.000000
8.856598
0.000000
7.411693
0.000000
0.000000
18.705664
14.939137
22.454201
17.135626
3.602151
7.456789
7.796545
7.796545
7.796545
7.796545
7.796545
7.252594
15.023018
0.000000
0.000000
0.000000
8.967320
15.180868
0.000000
8.234918
0.000000
11.970880
9.418340
10.160496
14.087914
31.283710
28.215038
22.796738
26.982170
38.561172
26.375259
18.565239
5.908148
6.742980
11.975027
0.000000
4.692371
7.866157
15.792926
0.000000
0.000000
0.000000
0.000000
0.000000
0.000000
0.000000
0.000000
0.000000
0.000000
0.000000
0.000000
0.000000
0.000000
0.000000
0.000000
0.000000
0.000000
0.000000
0.000000
0.000000
0.000000
12.158188
21.492105
17.364367
23.143173
3.462832
4.442425
5.623973
5.897371
5.387137
0.946787
0.000000
0.000000
0.000000
7.022318
7.162448
0.000000
26.194504
0.000000
0.000000
13.427719
26.342808
36.842258
36.821819
57.631741
68.772240
95.487831
70.667564
84.001129
93.771416
47.458935
19.935385
4.634360
9.267041
0.000000
0.000000
0.000000
8.201597
0.000000
0.000000
0.000000
0.000000
0.000000
0.000000
2.727665
0.000000
0.000000
0.000000
0.000000
0.000000
2.784121
36.747581
22.367458
50.235748
47.813168
44.892670
36.788387
19.163790
5.283753
6.698547
22.702715
0.000000
5.090446
18.717131
22.919682
45.902279
110.095589
98.935188
79.656120
78.644768
66.421173
49.858070
31.683104
14.845870
0.000000
0.000000
0.000000
0.000000
27.329235
14.015141
0.000000
0.000000
9.163285
23.480280
31.382277
66.361710
89.181931
94.744392
38.323074
7.312731
6.933147
2.702265
0.000000
0.000000
0.000000
0.000000
0.000000
6.568003
0.000000
0.000000
0.000000
0.000000
0.000000
0.000000
7.074433
6.260592
24.089258
11.969208
5.945359
1.082467
0.000000
3.050186
14.415114
3.822610
37.424717
54.166656
28.343262
0.000000
7.911441
36.123276
44.247402
54.118855
30.294468
0.000000
0.000000
0.000000
0.000000
0.000000
9.028813
0.569853
12.858666
25.230684
17.625046
2.145989
0.000000
0.000000
0.000000
0.000000
0.000000
0.000000
0.000000
0.000000
28.237665
104.328156
78.649155
27.325909
35.781803
21.967833
26.750370
18.838444
47.529907
22.146265
17.340969
33.263405
74.718460
56.560604
33.164070
22.419504
12.786722
12.402021
30.325115
30.719105
24.934643
17.450319
10.475760
3.266014
35.507645
33.162395
51.745731
45.961025
59.939243
86.153358
86.880623
68.803947
75.391624
58.335922
42.683559
50.001846
56.581390
71.577911
105.876007
91.120819
124.201813
82.168404
0.000000
0.000000
0.000000
0.000000
0.000000
0.000000
8.937240
6.464565
33.542320
34.155075
22.231216
20.442755
26.893286
0.000000
0.000000
0.000000
0.000000
0.000000
0.000000
12.132250
25.901026
55.842789
58.414665
54.926277
42.223366
71.295334
43.630566
41.091972
52.224079
38.544956
38.600529
44.605534
32.430748
41.541580
42.389385
59.537704
0.000000
0.000000
0.000000
0.000000
0.000000
0.000000
0.000000
0.000000
0.000000
0.000000
0.000000
0.000000
0.000000
0.000000
0.000000
0.000000
0.000000
0.000000
0.000000
0.000000
0.000000
0.000000
0.000000
0.000000
0.000000
31.741693
19.435034
0.000000
0.000000
0.000000
0.000000
0.000000
0.000000
0.000000
0.000000
0.000000
0.000000
0.000000
0.000000
0.000000
0.000000
0.000000
10.662488
19.671017
60.253403
59.019371
36.871918
37.990738
51.781609
84.162895
54.561684
59.754017
54.948921
50.800404
64.552795
70.596367
66.499832
56.849415
48.322292
63.187626
59.076725
0.000000
0.000000
0.000000
0.000000
0.000000
0.000000
0.000000
0.000000
0.000000
0.000000
0.000000
0.000000
0.000000
0.000000
0.000000
0.000000
0.000000
0.000000
0.000000
4.947281
1.637355
0.000000
0.000000
0.000000
0.000000
0.000000
0.000000
0.000000
0.000000
0.000000
11.833166
34.030342
46.602962
85.552406
90.499023
85.453903
54.876312
71.065178
77.106850
87.505753
91.355896
67.568741
70.220238
79.989883
37.372936
35.823200
0.037561
0.000000
0.000000
0.000000
0.000000
0.000000
0.000000
0.000000
0.000000
0.000000
0.000000
0.000000
0.000000
0.000000
0.673285
0.028120
0.000000
0.000000
0.000000
0.000000
0.000000
0.000000
0.000000
0.000000
0.000000
0.000000
0.000000
0.000000
0.000000
0.000000
0.000000
0.000000
5.272830
9.696140
24.176943
22.872616
0.000000
0.000000
0.000000
6.966910
0.000000
0.000000
9.224193
0.098587
0.000000
0.000000
0.414374
12.066834
26.464668
17.731459
4.291901
14.492243
18.622032
14.878263
26.203768
41.211803
26.103998
0.000000
9.305074
0.000000
16.218805
7.278100
2.762834
0.468032
0.000000
11.462139
19.557287
0.909109
15.507966
0.000000
33.285275
4.298119
0.000000
18.383308
42.499424
83.064491
44.168831
23.304438
0.000000
0.000000
0.000000
0.000000
0.000000
0.000000
0.000000
0.000000
7.516506
28.361303
13.938867
44.302631
41.626266
27.435480
43.023407
18.315252
27.488695
24.762041
9.163945
0.000000
3.167716
12.539991
0.000000
0.000000
0.000000
0.000000
0.000000
0.000000
0.000000
0.000000
0.000000
0.000000
0.000000
0.000000
0.000000
0.000000
0.000000
0.000000
0.000000
0.000000
0.000000
0.000000
0.000000
0.000000
40.258385
42.418591
32.079403
27.406963
27.167225
8.010866
25.946480
15.373466
23.497250
31.517094
30.639141
24.493347
40.820637
28.093878
1.712726
28.930925
38.585781
63.865494
69.835983
50.469986
46.349270
50.817982
69.427750
81.073891
104.519493
111.845192
120.661415
129.683701
59.004494
38.798862
20.462360
0.000000
0.000000
0.000000
0.000000
0.000000
0.000000
0.000000
0.000000
0.000000
0.000000
0.000000
0.000000
0.000000
0.000000
0.000000
0.000000
0.000000
0.000000
0.000000
0.000000
24.205959
61.240143
58.204994
29.564472
39.061596
26.805950
30.251642
30.251642
30.251642
30.251642
30.251642
33.210354
10.697294
29.634172
0.000000
0.000000
0.000000
0.000000
0.000000
0.000000
0.000000
0.000000
0.000000
0.000000
1.430504
0.000000
0.000000
0.000000
0.000000
0.000000
20.375023
12.505641
10.728695
14.115396
0.000000
12.082849
0.257617
0.000000
16.065634
44.874226
14.115140
0.000000
0.000000
0.000000
0.000000
25.795044
17.498529
10.846843
11.589191
5.586200
14.215465
0.210601
16.226631
4.629667
9.182539
18.954817
36.235886
58.752575
49.722305
54.546368
57.504890
11.134586
1.698514
0.000000
0.000000
0.000000
0.000000
0.000000
0.000000
0.000000
0.379766
12.261323
23.458368
15.607344
24.208801
28.900568
41.819057
23.653696
15.719524
0.000000
0.000000
0.000000
7.154067
7.336511
4.532075
4.274403
12.708872
0.000000
11.145368
0.000000
4.717048
23.691973
0.000000
0.000000
16.391792
4.651310
24.861097
1.554114
9.045571
0.000000
2.615164
7.175312
0.000000
0.000000
0.000000
0.000000
9.704768
0.000000
0.000000
0.000000
0.000000
0.000000
2.411184
0.000000
0.000000
0.000000
0.000000
10.963958
17.343630
13.632972
5.707158
0.000000
3.011020
0.000000
2.625659
0.000000
0.000000
0.000000
3.777475
0.000000
0.000000
5.213052
10.202306
13.349322
15.517329
0.000000
10.753908
0.000000
0.000000
0.000000
0.000000
0.000000
25.547285
1.420793
0.000000
3.674323
17.007452
0.000000
0.000000
0.000000
0.000000
6.273720
5.054126
0.000000
0.000000
0.000000
0.000000
0.000000
0.000000
11.431806
0.000000
0.000000
2.997013
32.346210
0.289669
13.654549
0.000000
0.000000
0.670935
0.790451
0.203989
0.000000
15.514011
16.091948
25.109840
2.112157
0.000000
0.000000
0.000000
1.305052
0.000000
1.088581
14.763275
17.246336
18.097191
12.978592
27.368059
0.000000
0.000000
0.000000
0.000000
0.000000
0.000000
0.000000
0.000000
0.000000
3.565992
27.517668
0.000000
0.000000
0.000000
14.912801
39.832863
12.577146
0.000000
0.000000
0.000000
0.000000
0.000000
0.000000
1.239918
1.527696
7.071050
9.932930
0.000000
13.601199
7.107492
11.077980
11.550845
23.040535
9.808247
7.966508
8.482119
9.188063
7.583427
6.785766
0.000000
0.000000
0.000000
0.000000
0.000000
0.000000
0.000000
0.000000
0.000000
0.000000
13.456925
14.037979
21.576117
24.591698
22.465834
0.000000
12.280288
0.000000
7.297969
7.702811
9.397810
8.930108
0.000000
37.470535
6.303475
16.401115
4.599871
16.020857
14.974945
11.186193
0.535369
0.000000
0.000000
0.000000
0.000000
0.000000
0.000000
7.526101
9.080658
0.000000
0.000000
0.000000
0.000000
0.000000
0.000000
2.583781
0.000000
0.000000
0.000000
14.310335
0.000000
14.090493
0.000000
5.408905
0.000000
14.591036
8.250409
26.861311
22.322268
40.247051
33.173016
33.173016
33.173016
33.173016
33.173016
32.435707
43.844997
51.497036
26.732832
34.279236
0.000000
0.000000
1.000672
46.559376
0.000000
0.000000
0.000000
0.000000
12.824302
0.000000
0.000000
0.000000
0.000000
0.000000
0.000000
0.000000
0.000000
0.000000
0.000000
0.000000
2.940780
0.000000
0.000000
22.189869
0.000000
9.720177
0.000000
0.000000
0.000000
7.410122
6.979626
19.678530
0.000000
0.000000
0.000000
3.374261
1.888066
12.555434
5.602074
6.473194
7.518772
9.803633
0.000000
0.000000
0.000000
11.207471
32.654816
24.680456
30.907261
0.000000
0.000000
0.000000
1.633742
3.032898
4.998797
9.234155
12.749267
0.000000
8.008095
7.942475
17.915478
25.958035
0.000000
18.179806
0.000000
0.612387
0.000000
0.000000
0.000000
0.000000
0.000000
0.000000
0.000000
0.000000
0.000000
8.879914
29.506723
48.827099
94.155586
86.851143
67.255013
95.154968
89.225227
85.483604
94.838127
56.658638
77.391655
97.474976
73.920929
3.047750
0.000000
0.000000
0.000000
0.000000
0.000000
0.000000
0.000000
0.000000
0.000000
0.000000
0.000000
0.000000
0.000000
0.000000
0.000000
0.000000
0.000000
0.000000
0.000000
0.000000
0.000000
0.000000
0.000000
0.000000
0.000000
0.000000
0.000000
0.000000
0.000000
0.000000
14.133163
0.217852
0.000000
0.000000
0.000000
0.000000
0.000000
0.000000
10.625422
7.628047
73.483910
48.807426
30.542160
19.921824
0.000000
0.000000
0.000000
0.000000
0.000000
17.275955
33.163677
13.521388
7.760474
15.821971
7.442660
3.726129
0.000000
5.246471
4.948049
3.821761
26.698614
34.589687
21.774569
8.537032
1.534982
15.893540
0.000000
0.000000
20.607752
42.884983
33.628181
2.282118
17.733540
37.999912
23.525085
47.669662
103.069649
41.455021
3.576808
1.912131
0.000000
0.000000
0.000000
0.000000
0.000000
0.000000
0.000000
0.000000
0.000000
10.333033
29.654249
38.396309
0.000000
0.000000
0.000000
0.000000
72.012299
123.494644
82.212074
40.732918
0.000000
0.000000
0.000000
0.000000
0.000000
0.000000
0.000000
3.495119
0.000000
0.000000
0.000000
0.000000
0.000000
0.000000
0.000000
0.000000
0.000000
0.000000
0.000000
0.000000
0.000000
16.372925
5.824605
13.281616
12.056093
0.930639
0.000000
0.000000
0.000000
0.000000
0.000000
0.000000
0.000000
0.000000
0.000000
0.000000
0.000000
0.000000
0.000000
52.521770
37.769196
38.417984
9.321299
0.000000
81.004608
95.526375
118.194412
142.660431
126.981239
120.601784
113.531517
92.734222
67.329575
47.201523
0.000000
0.000000
24.163397
0.000000
0.000000
0.000000
0.000000
0.000000
0.000000
0.000000
0.000000
0.000000
0.000000
0.000000
5.932935
0.000000
0.000000
34.511189
43.253475
36.103081
56.671700
31.059652
5.324466
0.000000
0.000000
0.000000
0.000000
0.000000
0.000000
0.000000
0.000000
0.000000
0.000000
0.000000
0.000000
0.000000
0.000000
0.000000
0.000000
0.000000
0.000000
0.000000
0.000000
0.000000
0.000000
0.000000
0.000000
0.000000
0.000000
0.000000
0.000000
0.000000
0.000000
0.000000
0.000000
0.000000
0.000000
0.000000
0.000000
0.000000
0.000000
0.000000
0.000000
0.613069
47.739944
65.079590
41.449928
56.870724
75.884872
55.646347
59.128036
64.049088
66.025726
67.935936
71.521416
75.166794
73.095238
66.071388
99.305298
111.540260
84.061981
15.017262
0.000000
5.424185
0.000000
0.000000
0.000000
0.000000
0.000000
0.059659
6.434838
16.187130
24.171772
0.181758
7.321273
26.410282
3.680867
0.000000
0.000000
20.327250
17.186176
35.467442
47.468204
62.266243
75.452477
74.521957
80.768883
44.321262
81.911346
84.545456
55.167576
0.000000
0.000000
0.000000
0.000000
0.000000
0.000000
0.000000
0.000000
0.000000
0.000000
0.000000
0.000000
0.000000
0.000000
0.000000
0.000000
0.000000
0.000000
25.707909
55.810303
61.706139
74.515770
86.622772
69.267715
57.381004
55.122669
57.491032
52.390957
41.435097
44.968830
14.427243
26.766235
0.000000
0.000000
0.000000
0.000000
0.000000
0.000000
0.000000
0.000000
0.000000
1.293816
3.274915
0.000000
0.000000
15.282207
30.182941
0.000000
0.000000
0.000000
0.000000
0.000000
0.000000
14.026959
75.804359
101.948250
64.999680
48.980972
86.794563
73.676186
0.000000
0.000000
0.000000
0.000000
0.000000
0.000000
0.000000
0.000000
0.000000
0.000000
0.000000
0.000000
0.000000
0.000000
0.000000
18.309715
28.400232
14.484162
5.237780
1.375322
0.000000
4.009788
52.220573
26.520416
19.829796
3.842276
10.446587
14.979032
0.000000
0.000000
9.557031
0.000000
6.000545
14.464710
30.782808
41.783802
55.015102
25.212194
27.069235
16.583584
9.052364
5.282529
0.000000
15.840741
0.000000
5.677706
19.755106
0.000000
0.000000
0.000000
0.000000
0.000000
0.000000
0.000000
0.000000
0.000000
0.000000
0.000000
0.000000
37.163483
56.853519
42.445728
74.391525
78.652374
47.991058
50.672203
37.622658
47.023857
47.644199
44.733177
40.396336
40.858791
46.429802
53.005531
62.011906
37.225288
34.218407
0.000000
0.000000
0.000000
14.468302
22.694054
47.093300
36.245968
37.130344
31.903778
28.435423
31.442736
31.847481
23.307175
20.942877
51.230736
0.000000
0.000000
0.000000
0.000000
0.000000
0.000000
0.000000
0.000000
0.000000
0.000000
0.000000
0.000000
0.000000
0.000000
0.000000
0.000000
0.000000
0.000000
6.053065
47.458904
53.343025
66.726723
85.608261
76.760262
64.485275
82.837723
49.791767
66.765732
59.951317
56.238365
54.358955
48.091335
51.151894
71.064690
52.558521
65.972115
107.005630
65.741577
58.136673
43.919979
0.000000
0.000000
0.000000
0.000000
0.000000
0.000000
0.000000
0.000000
0.000000
0.000000
0.000000
0.000000
0.000000
0.000000
0.000000
0.000000
0.000000
0.000000
0.000000
0.000000
0.863054
7.927376
26.268381
0.000000
0.000000
0.000000
0.000000
0.000000
0.000000
0.000000
0.000000
0.000000
0.000000
0.000000
0.000000
0.000000
0.000000
0.000000
0.000000
0.000000
0.000000
32.454731
51.068230
67.040436
53.508282
39.781162
49.934704
66.865303
53.582378
57.537685
58.781475
60.421906
60.648861
57.380791
46.168816
12.233810
0.000000
0.000000
0.000000
0.000000
20.677164
35.962334
40.485054
28.556311
16.846319
6.968232
0.000000
0.000000
3.508310
10.102859
0.000000
0.000000
7.145061
7.393040
0.000000
0.000000
0.000000
7.626374
1.961565
9.768136
20.392992
12.719259
11.461298
14.236296
7.268198
6.840002
0.000000
0.000000
1.424281
0.000000
0.000000
0.000000
0.000000
0.000000
0.000000
0.000000
0.000000
2.332963
0.000000
0.000000
0.000000
0.000000
0.000000
17.551207
18.994049
0.834536
0.000000
0.000000
18.647604
34.264210
3.635670
0.000000
0.000000
0.000000
7.681736
10.672977
10.785291
2.669448
17.137882
9.773844
0.000000
0.000000
0.000000
0.000000
21.499313
17.764532
16.354944
17.841721
21.027725
22.340744
20.639540
14.781411
0.000000
20.799547
1.599403
29.295065
0.000000
0.000000
16.355244
0.000000
0.000000
0.000000
1.727417
44.220394
17.984686
36.516590
35.865593
19.552616
0.000000
0.000000
0.000000
0.000000
0.000000
0.000000
0.000000
0.000000
1.295863
0.000000
8.593239
0.000000
0.000000
0.000000
0.000000
0.000000
20.695271
14.322924
5.771842
0.844332
0.000000
22.821499
12.787304
12.343742
30.210426
22.854465
52.064522
0.000000
0.000000
0.000000
0.000000
5.536831
9.398030
45.176514
60.921684
35.284878
1.206714
18.074362
3.712102
0.000000
0.000000
0.000000
0.000000
0.000000
0.000000
20.786079
25.209303
7.478791
0.000000
0.000000
0.000000
0.000000
0.000000
30.726940
30.276123
22.630541
0.000000
0.000000
0.000000
1.847762
0.000000
0.000000
17.690254
9.620135
43.092278
14.190203
17.595158
26.357716
20.310495
26.658445
28.790865
30.489826
35.267090
41.095501
44.567200
27.718185
0.000000
0.000000
0.000000
0.000000
0.000000
0.000000
0.000000
1.896301
16.733833
8.508180
11.911585
20.148151
20.596870
23.837969
45.911198
36.818821
0.000000
0.000000
0.000000
0.000000
0.000000
0.000000
0.000000
0.000000
0.000000
0.000000
14.492009
14.088738
9.757797
5.333404
0.000000
23.807245
58.080750
0.000000
18.409975
0.000000
0.458897
31.726706
9.489800
7.972971
21.298851
0.000000
16.703037
11.349861
0.000000
8.229050
6.307577
0.000000
21.106409
0.000000
0.000000
10.755106
0.000000
34.258026
63.376831
8.913095
6.166329
0.000000
0.000000
0.658680
0.658680
0.658680
0.658680
0.658680
2.581223
0.000000
29.916365
11.686649
29.044731
0.000000
0.000000
27.079418
56.673759
3.945746
0.000000
0.000000
0.000000
0.000000
0.000000
0.000000
0.000000
0.000000
0.000000
0.000000
0.000000
0.000000
0.000000
0.000000
0.000000
0.000000
0.000000
0.000000
0.000000
0.000000
0.000000
0.000000
0.000000
0.000000
35.151627
28.449993
8.833131
17.479530
12.746536
1.217341
14.061293
21.113697
11.425688
9.445274
13.467777
23.151550
32.133987
0.000000
0.000000
0.000000
0.000000
21.244001
43.567284
18.859446
0.899497
0.000000
0.000000
0.000000
0.000000
1.546638
9.517097
21.324429
4.864015
2.318699
0.000000
0.000000
0.000000
0.000000
0.000000
0.000000
0.000000
0.000000
0.000000
0.000000
0.000000
0.000000
0.000000
0.000000
0.000000
0.000000
0.000000
40.490364
84.102592
131.851669
115.310364
95.720543
79.972511
102.025352
77.380264
48.313580
57.661850
50.414379
68.661964
67.127617
49.628395
89.456345
88.461876
111.755363
84.208412
48.129921
0.000000
0.000000
0.000000
0.000000
0.000000
0.000000
0.000000
0.000000
0.000000
0.000000
0.000000
0.000000
0.000000
0.000000
23.024063
8.785539
0.000000
0.000000
0.000000
0.000000
0.000000
0.000000
0.000000
1.321454
0.000000
0.000000
0.000000
4.531328
11.360744
29.437059
78.618546
11.577249
0.000000
0.000000
0.000000
0.000000
0.000000
0.000000
0.000000
0.000000
0.000000
0.000000
38.783688
64.814293
67.356140
63.395443
55.602947
49.115593
50.484283
44.480392
46.379063
65.870804
37.330753
0.000000
15.933535
0.000000
0.000000
0.000000
0.000000
0.000000
0.000000
7.237243
0.000000
0.000000
0.000000
0.000000
17.134909
0.000000
0.000000
17.418737
0.000000
0.000000
0.000000
0.000000
0.000000
9.360295
6.049818
0.000000
0.000000
0.000000
5.083776
0.000000
13.757378
31.372143
40.250763
33.985409
9.426836
4.715455
44.844940
37.966110
64.044838
23.362339
0.000000
10.062300
46.243622
53.464642
57.780766
45.143345
2.922602
0.000000
0.000000
0.000000
0.000000
0.000000
0.000000
0.000000
0.000000
0.000000
0.000000
0.000000
0.000000
0.000000
0.000000
0.000000
0.000000
0.000000
0.000000
0.000000
0.000000
0.000000
0.000000
0.000000
0.000000
0.000000
0.000000
0.000000
0.000000
0.000000
0.000000
0.000000
0.000000
0.000000
4.330198
66.876755
88.716827
84.175575
124.358788
143.149673
131.059036
98.586838
102.573296
61.354256
15.085353
2.541402
1.027284
7.301421
19.711416
68.365814
86.062897
54.484673
85.721016
35.626637
0.000000
0.000000
0.000000
0.000000
0.000000
0.000000
0.000000
0.000000
0.000000
0.000000
0.000000
0.000000
0.000000
0.000000
0.000000
0.000000
0.000000
0.000000
0.000000
0.000000
33.504150
59.037174
32.111126
36.454929
36.454929
36.454929
36.454929
36.454929
39.842609
21.640036
45.650082
0.000000
13.721613
37.062351
57.571579
72.504730
32.078995
13.281696
27.680107
37.173218
0.000000
0.000000
0.000000
0.000000
10.705657
57.334534
86.620995
111.409637
86.062325
78.787910
79.501862
84.080399
110.735519
80.495140
79.770554
77.346588
94.164009
62.001984
33.266960
7.399375
26.359032
3.946343
0.000000
0.000000
0.000000
0.000000
0.000000
0.000000
0.000000
0.000000
0.000000
0.000000
0.000000
0.000000
0.000000
0.000000
0.000000
0.000000
0.000000
22.797825
21.293661
12.686829
15.744513
11.788051
9.163261
8.312726
9.529355
14.187490
20.728729
27.981438
24.196064
48.745892
33.858452
25.301859
0.000000
39.371956
43.235718
0.000000
0.000000
0.000000
0.000000
0.000000
0.000000
0.000000
0.000000
0.000000
0.000000
13.443521
21.904585
28.764029
56.754822
82.962448
83.779831
63.858566
43.155731
73.245399
82.194801
76.420372
86.467392
77.915169
70.430672
59.512920
58.171833
59.834763
17.891047
0.000000
0.000000
0.000000
0.000000
0.000000
0.000000
0.000000
0.000000
0.000000
0.000000
0.000000
2.564100
5.870745
21.213886
0.000000
0.000000
0.000000
0.000000
0.000000
0.000000
0.000000
0.000000
0.000000
0.000000
0.000000
0.000000
0.000000
0.000000
0.000000
0.000000
9.955239
9.849547
34.045784
0.000000
0.000000
5.943387
6.981180
26.441990
28.476011
0.000000
0.000000
0.000000
0.000000
0.000000
0.000000
9.571822
51.979477
23.206299
19.119808
0.000000
13.155080
47.184231
20.402742
21.905081
22.575300
31.787924
9.058313
4.925322
16.084408
13.312129
4.147351
1.174949
0.753150
0.000000
6.191088
35.131271
52.149494
11.807477
0.000000
11.811981
0.000000
0.000000
16.077463
64.539146
91.189056
44.973755
0.000000
0.000000
0.000000
0.000000
0.000000
0.000000
0.000000
0.000000
5.692194
5.715599
36.007469
48.022247
41.377377
84.761757
59.354687
91.681664
60.980202
40.526657
59.447468
22.205103
0.000000
0.000000
0.000000
0.000000
0.000000
0.000000
0.000000
0.000000
0.000000
0.000000
0.000000
0.000000
0.000000
0.000000
0.000000
9.048477
0.000000
0.000000
0.000000
0.000000
0.000000
0.000000
0.000000
18.040741
6.336147
9.089833
56.506390
26.208429
3.727775
7.526328
0.000000
0.000000
0.000000
0.000000
0.000000
0.000000
0.000000
0.000000
0.000000
0.000000
0.000000
11.493507
56.528549
78.173500
32.134003
50.696442
43.383904
81.229164
97.563408
107.845940
122.695015
132.754730
129.243347
63.073875
3.154263
0.000000
0.000000
0.000000
0.000000
0.000000
0.000000
0.000000
0.000000
0.000000
0.000000
0.000000
0.000000
0.000000
0.000000
0.000000
0.000000
0.000000
0.000000
10.563087
8.603064
27.657835
74.651299
56.611111
51.835571
35.471710
16.499165
37.464069
31.140312
31.140312
31.140312
31.140312
31.140312
35.306572
0.000000
1.563388
11.209523
0.000000
0.000000
0.000000
0.000000
0.000000
0.000000
0.000000
0.000000
0.000000
2.276610
0.000000
0.000000
0.000000
0.000000
15.068266
12.684496
25.490536
7.922548
0.000000
0.000000
0.000000
14.186548
0.000000
5.275548
46.629150
23.730749
0.000000
0.000000
36.191563
12.134441
20.571663
26.122559
43.295326
30.884169
0.000000
18.272570
25.428314
9.916987
25.757240
24.027624
35.042927
50.867096
69.513908
52.367615
30.315838
8.803090
1.179595
0.000000
0.000000
0.000000
0.000000
0.000000
0.000000
0.000000
0.000000
14.209848
33.097912
49.235039
23.156677
29.773623
61.362312
95.755013
67.157127
30.369259
28.708408
0.000000
0.000000
0.000000
0.000000
0.000000
0.000000
0.000000
0.000000
0.000000
0.000000
4.178764
27.443666
78.478241
120.979279
121.497887
117.164886
106.006897
121.505104
128.211044
87.294777
91.762558
100.345116
90.348564
77.030327
88.349937
71.940865
28.363789
21.994917
0.000000
0.000000
0.000000
0.000000
0.000000
0.000000
0.000000
0.000000
0.000000
0.000000
0.000000
0.000000
0.000000
0.000000
0.000000
0.000000
0.000000
0.000000
0.000000
0.000000
0.000000
0.000000
0.000000
0.000000
0.000000
0.000000
1.537711
9.062871
0.000000
0.000000
0.000000
17.979511
31.932402
22.709532
33.158054
33.219009
0.000000
0.000000
0.000000
0.000000
0.000000
0.000000
0.000000
0.000000
0.000000
16.420378
47.650776
40.448292
19.732843
13.051449
25.214680
31.222120
32.797977
19.660023
29.772440
9.781388
22.577265
7.571563
0.000000
1.842080
0.000000
0.000000
0.000000
0.000000
0.000000
0.000000
0.000000
0.000000
0.000000
0.000000
0.000000
33.560246
38.685509
34.088940
53.053841
28.024981
0.000000
0.000000
0.000000
0.000000
0.000000
0.000000
0.000000
0.000000
0.000000
0.803283
16.118536
25.772682
13.393221
0.000000
0.261056
22.407738
18.435280
23.499310
25.856232
62.581543
30.540730
16.451023
13.494671
29.715462
0.000000
0.000000
0.000000
0.000000
0.000000
0.000000
0.000000
0.000000
0.000000
0.000000
0.000000
0.000000
0.000000
0.000000
0.000000
0.000000
0.000000
0.000000
0.000000
6.557458
6.722754
21.027046
29.686441
19.814173
12.972755
16.710991
21.638544
18.998579
23.676050
34.008015
44.230652
44.253197
29.254276
30.917934
36.032070
76.741768
100.278610
121.272247
142.608429
92.190613
86.527954
74.793266
140.963150
144.239624
101.190651
104.300766
105.428276
101.995056
102.087982
57.943249
11.205578
6.754810
5.967417
0.000000
0.000000
0.000000
0.000000
0.000000
0.000000
0.000000
0.000000
0.000000
0.000000
0.000000
0.000000
0.000000
0.000000
0.000000
0.000000
0.000000
0.000000
0.000000
1.526740
0.000000
2.545225
40.839005
26.442179
21.515364
22.956423
22.956423
22.956423
22.956423
22.956423
24.741709
12.131302
0.000000
0.000000
0.000000
0.000000
35.970680
5.601315
0.000000
0.000000
0.000000
0.000000
0.000000
0.000000
0.000000
0.000000
0.000000
23.822729
46.416145
49.106495
39.258793
27.668255
19.922430
18.931454
27.255220
36.088699
38.596527
27.682774
23.130270
18.296577
4.475449
18.127550
28.871916
0.000000
0.000000
4.528419
0.000000
0.000000
0.000000
0.000000
0.000000
0.000000
0.000000
0.000000
0.000000
8.748961
22.386496
22.876669
19.978958
40.754005
32.660969
0.595897
0.000000
0.000000
0.000000
0.000000
0.000000
0.000000
0.000000
3.034428
3.940741
1.442938
18.802341
27.999590
30.673010
13.002222
0.000000
0.000000
0.000000
0.000000
0.000000
0.000000
0.000000
0.000000
0.000000
0.000000
0.000000
0.000000
0.000000
0.000000
0.000000
12.326694
36.666939
17.849718
15.296925
1.920230
8.918896
44.373505
32.565212
11.526821
21.912838
29.808905
12.117906
14.240929
44.412415
38.379166
45.766941
34.169903
21.859137
8.151844
0.000000
0.000000
0.000000
0.000000
0.000000
0.000000
0.000000
0.000000
0.000000
0.000000
0.000000
14.860416
0.000000
8.439015
22.839521
22.791491
20.229591
15.342835
17.071018
14.347095
9.505207
5.413632
2.638921
7.284715
13.977792
0.000000
0.000000
0.000000
7.381855
41.931152
25.385260
0.000000
0.000000
0.000000
0.000000
0.000000
0.000000
13.300673
17.433964
0.000000
0.000000
0.000000
17.744917
25.783747
33.844009
15.137867
17.179014
3.123076
18.021427
8.579584
20.361467
18.054686
0.000000
0.000000
2.209832
4.000053
0.778613
0.000000
0.000000
0.000000
0.000000
0.000000
0.000000
0.000000
0.000000
10.126396
26.727280
0.000000
0.000000
0.000000
0.356479
0.000000
7.201346
7.125209
0.000000
0.000000
0.000000
0.000000
0.000000
0.159102
4.380220
2.736386
6.099672
8.026115
0.000000
0.000000
0.000000
0.000000
8.183253
38.455387
3.485702
0.000000
0.000000
40.894501
53.183262
34.672478
32.270382
29.768234
4.155580
0.000000
10.413703
14.128778
0.000000
0.000000
0.000000
0.000000
0.000000
0.000000
0.000000
0.000000
0.000000
0.000000
0.000000
0.000000
0.000000
0.000000
0.000000
0.000000
4.785432
0.000000
2.240782
2.579042
2.702971
0.000000
0.000000
0.000000
0.000000
0.000000
6.053967
0.927043
0.000000
0.000000
22.671093
40.172234
20.298008
46.794567
23.492498
35.978718
7.416134
12.919436
37.881176
21.174616
2.185225
10.964734
15.207255
16.714172
34.955887
17.005177
4.084897
25.833385
14.284955
6.784938
0.000000
0.000000
0.000000
0.000000
0.000000
0.000000
0.000000
0.000000
0.000000
0.000000
0.000000
0.000000
0.000000
0.000000
0.000000
0.000000
0.000000
0.000000
0.000000
0.000000
0.000000
0.000000
0.000000
0.000000
0.000000
0.000000
0.000000
0.000000
0.000000
5.550963
0.000000
0.000000
0.000000
36.669247
28.517872
14.549489
6.806827
0.000000
12.294959
8.071828
14.911692
13.969679
0.000000
16.204803
15.966466
23.925398
30.211018
32.369457
23.047762
22.309015
32.711349
31.661665
20.878654
33.605881
26.428507
35.423870
0.000000
9.675233
0.000000
14.006059
29.937153
6.242495
0.000000
0.000000
0.000000
0.000000
0.000000
0.000000
0.000000
0.000000
0.000000
0.000000
0.000000
0.000000
0.000000
0.000000
0.000000
0.000000
3.829939
6.969431
0.000000
0.000000
0.000000
0.000000
0.000000
0.000000
0.000000
0.000000
0.000000
0.000000
1.854351
7.523468
9.128850
0.000000
0.000000
0.000000
0.162079
8.258088
15.500481
28.151814
39.436203
46.401134
46.934910
42.230026
49.989193
64.164261
48.362640
39.913734
37.515366
0.000000
0.000000
0.000000
0.000000
0.000000
0.000000
0.000000
0.000000
0.000000
0.000000
0.000000
0.000000
0.000000
0.000000
0.000000
0.000000
0.000000
13.028587
33.947468
53.594044
59.890251
57.645714
46.639496
40.466743
35.875084
32.954048
28.334129
23.536173
21.753874
17.161074
21.316418
0.000000
9.020732
0.000000
0.000000
0.000000
0.000000
0.000000
0.000000
0.000000
0.000000
0.000000
0.000000
0.000000
0.000000
0.000000
25.806787
13.965257
0.000000
0.000000
0.000000
0.000000
0.104639
16.214046
28.589941
55.000523
51.916706
27.234652
30.870617
19.559486
8.351928
0.000000
0.000000
0.000000
0.000000
0.000000
0.000000
0.000000
0.000000
0.000000
0.000000
0.000000
0.000000
6.318608
0.000000
11.940656
5.944657
2.427128
0.419323
0.000000
11.067319
0.000000
6.509524
10.116460
0.000000
0.000000
0.000000
0.000000
0.000000
0.000000
0.000000
0.000000
0.000000
11.464173
13.017685
19.430038
31.029385
14.649250
13.359234
21.697924
10.788968
27.238855
2.941014
13.612474
0.000000
0.000000
0.000000
0.000000
9.556163
0.000000
0.000000
0.000000
0.000000
0.000000
0.000000
0.000000
0.000000
19.946177
44.906261
42.946274
51.360046
25.758640
28.073666
54.528763
13.666612
16.344261
7.000783
0.225073
7.569327
4.432696
1.365698
0.031015
6.646718
18.386719
29.951326
8.801457
6.567185
7.718256
0.000000
19.808193
47.250881
37.724693
51.750488
44.486130
30.527395
36.549469
38.015610
33.434540
25.755363
8.961895
25.343363
32.952251
0.000000
0.000000
0.000000
0.000000
0.000000
0.000000
0.000000
0.000000
0.000000
0.000000
0.000000
0.000000
0.000000
0.000000
0.000000
0.000000
0.000000
18.660238
9.198268
45.846184
63.106243
56.271961
44.350933
58.866634
24.589739
58.127884
39.050388
34.121071
46.209023
33.925041
28.641729
38.858929
25.223274
37.386917
37.918644
54.826195
42.076851
50.311497
11.347896
18.699158
0.000000
0.000000
0.000000
0.000000
0.000000
0.000000
0.000000
0.000000
0.000000
0.000000
0.000000
0.078954
0.000000
0.000000
0.000000
0.000000
0.000000
9.334732
0.000000
15.111892
5.079205
30.714128
32.381096
21.701097
0.000000
0.000000
0.000000
0.000000
0.000000
0.000000
0.000000
0.000000
0.000000
0.000000
0.000000
0.000000
0.000000
0.000000
0.000000
0.000000
20.162956
35.035004
21.162403
24.999914
16.751795
37.519871
21.614388
32.117313
28.990894
21.903578
29.142830
31.179922
28.965412
21.867220
0.000000
0.000000
0.000000
0.000000
0.000000
5.239311
3.290581
29.481014
22.311575
14.606399
7.261477
1.061304
0.000000
0.000000
0.000000
3.530502
0.947475
0.000000
0.000000
0.000000
0.000000
0.000000
9.450027
14.898479
13.454447
19.797367
30.892014
32.162846
33.629723
43.765739
40.541355
47.160385
0.000000
0.000000
2.687417
0.000000
0.000000
0.000000
0.000000
0.000000
0.000000
0.000000
0.000000
0.000000
0.000000
0.000000
0.000000
0.000000
0.000000
0.000000
0.000000
6.228237
0.000000
0.000000
4.591400
32.981098
30.771053
29.600048
25.707750
15.854276
4.458765
2.769752
4.116150
12.141071
0.000000
0.000000
10.194816
26.983685
15.807216
26.965712
19.442486
23.723772
23.946486
21.447752
17.877916
13.807479
15.570914
0.000000
0.000000
2.880819
0.000000
0.000000
0.000000
24.604729
36.485497
9.400749
0.000000
0.000000
0.000000
3.743208
27.477354
43.224495
36.298813
0.000000
0.000000
6.146382
0.000000
0.000000
0.000000
0.000000
0.000000
0.000000
0.000000
0.000000
0.000000
0.000000
0.000000
0.000000
0.000000
3.266000
0.000000
0.000000
0.000000
0.000000
1.897395
1.945047
0.000000
0.000000
20.731844
19.717333
12.303907
0.355722
0.000000
0.000000
0.000000
11.428210
7.895351
0.000000
7.347683
0.497277
0.000000
0.000000
0.000000
0.000000
0.000000
0.000000
3.803047
0.000000
0.000000
0.000000
0.000000
0.000000
0.000000
0.000000
0.000000
0.000000
0.000000
0.000000
23.040743
27.266066
7.794082
15.995519
41.833199
26.821989
5.056882
28.451033
27.083666
16.084187
33.928539
28.270494
31.012751
13.402487
15.537735
17.493601
22.099375
26.420841
28.288437
31.621418
19.661219
13.071502
7.685436
7.792257
0.000000
0.000000
14.812873
26.946318
23.968454
37.568340
31.772526
35.965958
37.128727
35.294334
43.881435
69.409370
68.696495
50.475018
28.494854
50.699718
24.113403
0.000000
0.000000
0.000000
0.000000
0.000000
0.000000
0.000000
0.000000
0.000000
0.000000
0.000000
0.000000
0.000000
0.000000
0.000000
6.517679
0.000000
0.000000
31.203835
21.879557
33.668056
24.887600
13.158641
34.639664
16.173031
27.474054
21.898676
18.706875
21.212404
13.048193
0.000000
18.481033
0.000000
0.000000
0.000000
28.405132
14.041896
19.019018
9.154142
11.581029
11.581029
11.581029
11.581029
11.581029
12.685992
10.862530
25.071510
7.906502
14.843419
50.099277
14.497460
37.654613
51.524353
17.165075
16.979254
35.012810
10.811759
0.000000
5.983460
1.471031
0.000000
7.871990
0.000000
0.000000
0.000000
0.000000
0.000000
0.000000
1.363287
0.000000
0.000000
0.000000
0.000000
0.000000
0.000000
0.000000
0.000000
0.000000
0.000000
0.000000
0.000000
0.000000
4.681910
0.000000
0.000000
0.000000
0.000000
0.000000
0.000000
0.000000
0.000000
0.000000
1.075662
22.908747
15.535433
0.000000
0.000000
0.000000
0.000000
0.000000
0.000000
0.000000
0.000000
0.000000
0.000000
0.000000
0.000000
0.000000
1.621522
0.000000
0.000000
0.000000
0.000000
0.000000
1.078868
0.000000
0.000000
0.000000
0.000000
9.145846
18.343204
0.000000
0.000000
0.000000
0.000000
0.000000
16.744551
12.447062
25.405796
0.000000
6.218509
6.389432
21.306541
23.591658
11.468618
33.721386
26.007229
36.882446
7.829716
0.000000
0.000000
8.317298
44.416939
36.751884
26.572683
4.845302
2.739330
1.927705
0.685114
0.000000
0.000000
0.000000
0.000000
0.000000
0.000000
0.000000
22.465731
37.081467
53.561199
69.390648
78.371765
61.275360
57.421402
48.721684
36.749866
23.580229
10.462170
0.000000
14.826077
0.000000
8.267131
0.000000
54.540760
16.931543
0.000000
0.000000
0.000000
0.000000
0.000000
0.000000
0.000000
18.973309
25.780760
3.682887
3.087384
0.000000
0.000000
0.000000
22.696396
5.565859
28.033045
21.241661
0.000000
0.000000
0.000000
0.000000
0.000000
0.000000
0.000000
7.012616
8.913630
4.918023
0.928450
0.000000
12.878732
0.000000
0.000000
0.000000
0.000000
15.621257
13.143828
8.364828
0.000000
0.000000
12.380714
11.645358
0.000000
0.000000
0.000000
0.000000
23.063808
12.174790
23.829651
16.735905
24.803234
17.393015
0.000000
0.000000
0.000000
0.000000
0.000000
0.000000
0.000000
0.000000
0.000000
34.969200
41.010551
108.435677
100.349152
92.777473
74.502159
37.676598
13.538268
0.000000
0.000000
0.000000
0.000000
0.907722
0.000000
0.000000
0.000000
0.000000
0.000000
0.000000
0.000000
0.000000
0.000000
0.000000
0.000000
0.000000
37.605911
16.164921
6.842518
0.000000
0.000000
0.000000
2.312083
0.000000
0.000000
0.000000
0.000000
0.000000
0.000000
0.000000
0.000000
0.000000
0.000000
0.000000
0.000000
29.172365
0.000000
30.377163
0.000000
0.000000
0.000000
7.811543
12.052374
12.506272
9.292215
9.731128
11.318305
0.000000
0.000000
19.744831
17.568275
40.164585
10.859713
2.721460
0.000000
0.000000
0.000000
5.515393
0.000000
3.090863
0.000000
0.000000
0.000000
0.000000
0.000000
2.526640
0.000000
0.000000
0.000000
0.000000
0.000000
0.000000
0.000000
0.000000
0.000000
0.000000
0.000000
0.000000
0.000000
0.000000
0.000000
0.000000
0.000000
20.968828
0.000000
11.398641
0.000000
0.000000
0.000000
2.671643
16.522356
4.814944
0.000000
0.000000
0.000000
17.409338
1.388291
17.673649
28.727894
24.121202
28.495790
14.442163
31.026739
38.944862
40.011681
4.933027
0.000000
0.000000
0.000000
10.045994
0.000000
0.000000
0.000000
20.547760
0.000000
3.831203
0.000000
0.000000
0.489113
9.341925
0.000000
4.516311
0.000000
0.000000
0.154842
4.563179
5.235241
31.735735
23.382195
28.727739
0.000000
0.000000
0.000000
0.000000
19.602591
17.751213
14.741927
9.249086
3.443502
0.000000
0.000000
0.000000
0.000000
0.000000
0.000000
0.000000
0.000000
0.000000
45.773804
0.000000
0.000000
0.000000
0.000000
0.000000
0.000000
0.000000
0.000000
0.000000
0.000000
0.000000
0.000000
0.000000
29.078131
35.033550
30.181484
16.068275
0.000000
21.054699
26.151291
15.374532
26.107523
5.058434
0.000000
0.000000
4.498419
24.457787
59.621361
95.534599
89.628494
78.362648
11.234850
0.000000
0.000000
0.000000
0.000000
0.000000
0.000000
0.000000
0.000000
0.000000
0.000000
0.000000
2.360653
0.000000
2.128249
0.000000
0.000000
0.000000
0.000000
0.000000
0.000000
0.000000
0.000000
5.729896
20.568890
0.000000
0.000000
4.377952
15.048952
15.071570
15.753553
21.691578
0.000000
0.000000
0.000000
0.000000
0.000000
0.000000
1.048992
0.677249
0.000000
0.000000
19.593126
53.906605
53.888359
20.475613
28.382921
49.212635
18.148830
22.178816
37.693661
67.645889
29.938459
0.000000
0.000000
0.000000
0.545916
0.000000
0.000000
0.000000
0.000000
0.000000
0.000000
0.000000
0.000000
0.000000
32.103188
0.000000
0.000000
0.000000
0.000000
0.000000
0.000000
0.000000
16.643330
38.571327
47.828140
24.868330
6.211345
0.000000
0.036219
0.000000
0.000000
11.949255
25.831781
29.553410
17.186514
46.891319
51.902252
19.354822
62.355217
3.287336
0.000000
0.000000
19.803679
44.499962
37.319843
10.291681
0.000000
0.000000
0.000000
0.000000
0.000000
0.000000
0.000000
0.000000
0.000000
0.000000
0.000000
0.000000
0.000000
0.000000
0.000000
0.000000
1.859733
5.944802
0.000000
0.000000
0.000000
0.000000
0.000000
0.000000
0.000000
0.000000
0.000000
0.000000
0.000000
0.000000
0.000000
0.000000
0.000000
0.000000
0.000000
0.000000
61.743355
89.084068
22.985384
73.834152
45.443565
0.000000
3.449432
0.000000
0.000000
0.000000
0.000000
0.000000
0.000000
13.619621
60.793198
111.050621
94.513412
62.465191
20.905884
0.000000
0.000000
0.000000
0.000000
0.000000
0.000000
0.000000
0.000000
0.000000
0.000000
0.000000
0.000000
0.000000
0.000000
0.000000
0.000000
0.000000
0.376369
30.529232
40.464493
53.562866
40.802464
42.221928
42.221928
42.221928
42.221928
42.221928
44.013485
32.252075
49.163681
42.552193
5.090213
0.000000
33.515308
53.299423
69.507538
19.187677
13.215777
40.190907
9.990895
0.000000
0.000000
0.000000
0.000000
41.794209
66.847275
80.052963
66.414497
47.710461
45.191349
50.024666
69.273262
41.057842
43.027771
58.211006
58.549892
49.578602
12.403836
0.000000
0.000000
0.000000
0.000000
0.000000
0.000000
0.000000
0.000000
0.000000
0.000000
0.000000
0.000000
0.000000
0.000000
0.000000
0.000000
0.000000
0.000000
0.000000
0.000000
0.000000
10.787361
26.345577
30.581650
20.911554
12.293067
6.734318
5.277126
4.034321
0.000000
0.000000
21.014452
49.959415
62.715385
80.410904
27.337231
23.946518
35.624340
11.000896
4.970271
0.000000
4.506319
7.917722
11.072877
24.779800
0.000000
0.000000
0.000000
0.000000
0.000000
0.000000
0.000000
0.000000
0.000000
0.000000
0.000000
0.000000
0.000000
0.000000
0.000000
0.000000
0.000000
0.000000
27.339903
39.015263
25.757153
56.447441
110.614014
65.454300
32.292828
29.450048
28.422298
21.805126
15.110826
8.701939
5.942759
4.302487
3.663467
16.098358
0.000000
0.000000
43.612396
35.052204
29.302814
21.604748
42.442947
6.717836
8.324748
0.274368
0.000000
0.000000
0.000000
0.000000
0.000000
31.721231
56.314556
0.000000
26.708130
0.000000
0.000000
0.000000
0.577831
18.995146
63.984257
65.239761
20.909515
0.000000
14.421345
23.926069
0.000000
0.000000
9.904030
0.000000
12.044676
0.000000
1.200300
7.598750
0.000000
0.000000
0.000000
0.000000
15.022660
5.613669
0.000000
3.538898
24.672325
10.274595
3.987009
1.011854
14.972857
2.694706
28.039108
13.550788
22.752220
0.000000
0.000000
29.974388
0.000000
0.000000
0.000000
0.000000
0.120546
0.000000
2.595855
15.006941
47.121788
51.852131
61.449539
38.005440
60.135609
52.688129
22.156391
0.000000
0.000000
4.899995
0.000000
0.000000
0.000000
0.000000
13.588249
30.412094
35.120571
28.732462
15.365449
77.052002
18.890652
0.000000
0.000000
0.000000
0.000000
0.000000
23.155346
32.855564
0.000000
0.000000
0.000000
8.653960
0.000000
9.392374
8.630540
10.549233
15.315249
19.233377
24.436216
0.000000
0.000000
8.484147
6.642106
0.000000
28.734116
15.890641
0.772324
0.000000
0.000000
0.000000
0.000000
0.000000
0.000000
0.000000
0.000000
0.000000
0.000000
0.000000
0.000000
0.000000
0.000000
0.000000
0.000000
0.000000
0.000000
0.000000
0.000000
0.000000
0.000000
0.000000
20.056242
2.564593
20.021931
16.319002
63.054974
49.649239
10.431095
22.048965
23.020536
29.416290
13.911295
23.983768
21.674109
41.235619
0.000000
29.148058
11.090899
15.485250
0.000000
29.608994
21.133057
15.728459
33.836918
0.363486
0.000000
0.000000
0.000000
0.000000
0.000000
0.000000
0.000000
0.000000
0.000000
0.000000
0.000000
0.000000
0.000000
0.000000
0.000000
0.000000
0.000000
0.000000
0.000000
0.000000
0.000000
0.000000
10.302320
0.000000
3.483595
7.039624
10.149826
18.711781
0.000000
0.000000
0.000000
0.000000
0.000000
0.000000
6.930645
0.000000
0.000000
0.000000
0.000000
0.000000
1.160994
25.575720
2.502065
55.996429
37.291191
37.511700
35.360916
37.154671
42.458759
38.933922
29.853556
47.287792
27.997023
39.351627
34.776890
25.057356
10.743330
10.173489
0.000000
0.000000
0.000000
0.000000
0.000000
23.389668
42.763889
30.888165
19.806538
11.148057
4.252197
2.628779
2.464208
0.000000
0.000000
0.000000
0.000000
0.000000
8.461414
15.579619
51.783932
0.000000
1.837205
5.991817
0.515034
0.000000
0.000000
6.465556
0.000000
0.000000
0.000000
5.443098
2.068177
0.000000
11.519690
54.583820
35.360855
21.015163
48.108551
34.869637
30.460344
19.599232
8.630166
20.655399
8.063081
11.216602
47.762074
63.519585
49.130985
45.178329
28.146273
13.930479
17.878178
3.026505
0.000000
0.000000
0.000000
0.000000
1.151027
5.356377
2.421448
0.000000
0.000000
0.000000
20.142139
0.830437
0.000000
3.141538
0.000000
0.000000
0.000000
0.000000
0.000000
0.000000
0.000000
0.000000
0.000000
5.756302
0.000000
0.000000
32.869072
17.725929
0.000000
0.000000
6.390547
2.969617
23.145727
40.377773
17.509317
23.834169
7.091531
0.000000
0.000000
0.000000
0.000000
0.000000
18.951674
0.000000
0.664828
2.604709
0.000000
0.000000
8.860095
0.000000
9.828983
2.888530
0.000000
20.128328
19.338039
6.197749
1.716556
0.077438
9.366298
0.000000
23.228729
26.121712
13.711275
14.951266
0.000000
6.195275
0.000000
0.000000
21.380796
20.938770
22.499483
11.253351
19.042171
4.080843
2.813249
0.000000
0.000000
5.610901
20.198635
21.205381
1.509856
10.559518
14.011005
0.000000
0.000000
0.000000
0.000000
26.714746
26.490795
56.845535
44.039162
31.570189
21.462530
24.737108
3.214967
5.556401
0.000000
0.000000
0.000000
0.000000
0.000000
0.000000
0.000000
1.847565
7.132552
0.000000
0.000000
6.656525
10.426945
14.962337
18.643253
18.738865
15.471836
0.000000
12.135849
0.000000
0.000000
27.186073
50.086754
35.356262
41.588661
37.924076
19.773695
7.845974
9.716974
10.809404
18.587587
19.285366
3.421507
4.833807
0.000000
19.572515
0.000000
0.000000
12.659806
8.257678
6.578804
46.134796
40.149532
47.186771
42.557743
37.071476
26.600691
13.739675
31.750750
7.605738
27.333033
14.191290
6.653448
14.004169
11.294510
0.317212
0.000000
0.000000
0.000000
8.045083
3.243401
0.000000
0.000000
6.100801
0.000000
0.000000
0.000000
12.774397
7.639518
0.000000
17.718958
35.070789
0.000000
3.892180
0.000000
0.000000
0.000000
0.000000
0.000000
0.000000
0.000000
0.000000
0.000000
0.000000
0.000000
0.000000
0.000000
0.000000
0.000000
0.000000
0.000000
0.000000
0.000000
0.000000
0.000000
0.000000
0.000000
2.784456
0.000000
0.000000
0.000000
0.000000
2.907002
0.000000
0.000000
11.612081
0.000000
0.000000
0.000000
0.000000
8.676000
0.000000
0.000000
15.394559
23.897482
45.033176
19.917927
26.536619
28.472569
19.585850
6.951537
21.844715
27.202116
19.853380
15.860286
22.294323
22.051640
20.375654
14.983667
18.746971
0.000000
0.000000
21.696527
23.170012
32.275249
24.607882
5.349392
4.030664
3.604123
3.272025
2.779050
5.011118
8.038692
9.772057
0.000000
0.000000
0.000000
0.000000
0.000000
11.267016
43.954060
