0.000000
0.000000
0.000000
0.000000
0.000000
0.000000
0.000000
0.000000
0.000000
0.000000
0.955737
2.368994
0.000000
0.000000
0.000000
6.307387
0.000000
0.000000
8.485142
10.563824
7.689180
6.104336
9.871500
13.621255
10.952073
11.123419
15.086514
16.400198
12.808611
3.645882
2.672734
9.974538
5.712450
0.000000
0.000000
0.475047
0.000000
8.205324
7.597601
9.220015
3.486475
0.000000
0.000000
1.126663
0.000000
3.948076
2.049596
1.284942
3.344885
0.000000
2.002344
1.955805
0.000000
0.000000
0.000000
0.000000
0.340541
0.000000
0.811484
0.000000
0.777162
0.000000
0.000000
0.000000
0.000000
0.131125
2.283969
0.796053
0.000000
0.000000
0.000000
1.055786
1.201556
2.896901
6.012213
4.563643
3.435964
0.000000
0.000000
4.152153
1.074046
4.242492
0.000000
3.334023
8.448284
5.052279
3.345622
3.351939
0.000000
0.479230
0.000000
3.047600
5.549595
7.425449
5.371137
4.679967
0.000000
0.836488
1.945868
2.102895
6.774147
5.889713
5.593172
4.943023
4.209923
3.659766
4.980971
0.701207
3.069995
5.480952
0.000000
3.045449
11.819583
7.289854
5.676470
0.000000
4.633353
5.145869
0.000000
11.026648
6.757978
3.568640
5.965196
0.000000
9.398217
7.374063
0.000000
0.000000
0.000000
0.000000
1.085823
0.000000
0.000000
0.000000
0.000000
0.000000
0.000000
0.000000
4.256804
0.000000
0.000000
0.000000
0.000000
0.291273
2.013579
2.009099
0.000000
0.000000
0.664795
0.000000
0.000000
0.000000
0.795138
1.270131
0.000000
0.201956
0.000000
0.000000
0.000000
0.000000
0.000000
0.000000
0.000000
0.440965
1.966855
0.000000
0.000000
0.000000
0.000000
0.000000
0.000000
0.000000
0.000000
0.493479
0.000000
0.000000
0.655674
0.000000
0.000000
0.000000
1.567381
0.000000
0.000000
0.000000
0.000000
0.000000
0.000000
0.000000
0.000000
0.282284
0.000000
0.000000
0.000000
0.000000
0.000000
0.000000
0.000000
1.745178
0.000000
0.000000
3.730777
0.000000
0.000000
0.000000
6.180870
2.632726
0.000000
0.000000
2.581759
0.000000
0.000000
3.528461
0.000000
0.000000
0.000000
0.000000
0.000000
0.000000
0.000000
4.597373
3.168855
0.000000
0.000000
0.000000
0.000000
0.000000
6.304264
6.392242
8.844730
0.000000
7.338091
0.242854
0.000000
0.000000
5.840538
6.404296
6.788877
0.000000
11.485223
3.573690
2.824717
0.000000
3.721240
3.865816
6.762110
1.954798
7.335057
1.998854
0.482543
0.000000
8.610756
4.097454
5.511377
3.956954
6.554675
0.390009
2.210246
0.000000
7.904176
7.000134
8.118731
7.438720
8.242602
3.446799
7.520759
0.000000
9.230101
8.680248
9.081675
9.533036
7.018845
6.287184
11.054338
3.056150
8.922807
8.573029
7.719544
9.757587
4.279652
7.626154
0.000000
0.000000
0.000000
0.000000
0.000000
0.000000
0.000000
0.000000
0.000000
0.000000
2.742412
2.459705
2.862198
3.346735
4.589152
0.000000
0.087523
0.000000
7.781265
7.364247
7.717410
8.727001
8.861924
1.157753
2.735620
1.242664
15.934362
14.488974
16.507963
19.799986
20.346458
4.723328
4.301525
6.455897
24.692308
20.859993
23.642021
24.020605
24.866047
7.875299
6.066795
8.474607
28.163891
24.725164
27.695332
22.490753
20.859043
16.572592
12.991433
16.035473
25.406462
19.289949
21.445541
18.537069
16.176111
11.580446
12.900675
19.374741
25.072708
17.029160
18.073860
18.667940
14.030870
9.453007
11.007298
15.550763
18.722643
12.218229
17.785601
16.537128
10.455336
5.187335
6.075907
7.494041
7.998216
4.598734
15.227607
14.545641
9.761394
4.090007
5.910269
4.158053
6.509495
3.105098
12.784398
14.736076
7.960916
6.428212
10.721978
9.534110
9.225231
2.187100
13.222793
14.359118
8.901930
9.297400
14.396059
12.618618
13.689936
4.982077
12.930128
10.296636
8.996983
4.734977
18.117693
14.778249
15.645824
5.584187
6.112899
8.611234
5.840182
0.000000
16.397476
13.182573
8.774288
0.223719
0.086781
0.395131
0.000000
0.000000
15.176413
10.136602
2.493936
2.317910
0.067418
0.000000
0.000000
0.980675
12.701181
12.351882
1.293473
2.326504
7.840237
5.580988
1.448329
5.580813
9.132606
9.913247
3.726857
1.964745
8.618584
9.232548
1.696603
8.422742
10.024630
11.952741
5.596170
0.000000
3.383843
4.289580
1.362039
4.837885
8.468096
11.982601
7.430617
2.819221
0.000000
0.000000
0.000000
2.728487
9.245375
9.213934
5.245875
5.465277
0.000000
0.000000
0.000000
3.816296
7.415586
1.784280
5.001639
5.771852
0.000000
0.000000
0.000000
7.180451
7.231776
0.879206
1.974752
5.682604
0.881379
0.000000
3.968669
12.653955
15.992224
4.752259
4.627810
13.989594
10.962002
6.540684
15.232637
16.670626
20.241436
7.373323
9.846246
17.976236
21.575150
9.867997
18.228975
15.871638
21.199869
9.867001
13.827531
12.132108
17.098783
4.595233
9.967053
6.814944
15.913665
4.744612
6.696160
3.928755
10.306988
2.440247
5.279531
5.641676
12.805822
6.333859
0.904551
1.193952
9.124405
3.625342
5.658252
4.203306
10.735522
6.721946
2.259945
0.000000
7.143244
2.345195
7.147989
1.793408
11.631733
4.687882
10.369923
7.334808
16.869595
14.399804
10.758962
8.513045
12.066601
5.931213
15.041616
16.029503
19.331444
18.300009
10.978592
11.179907
11.971418
7.811778
16.109154
18.793224
14.364347
13.488609
7.442603
8.076654
7.857172
1.511928
4.820229
8.499540
9.675144
2.684626
5.431887
3.826769
4.059389
0.099201
0.000000
1.487938
2.094075
0.000000
1.983817
2.198418
1.446976
0.000000
0.000000
0.000000
0.000000
3.984787
6.527780
4.574307
0.528734
0.508267
0.349277
0.074276
0.253180
0.139498
0.290681
0.000000
0.000000
0.000000
0.000000
0.000000
0.138074
0.655045
3.595200
0.000000
0.848000
0.000000
0.000000
0.000000
0.000000
0.019879
0.000000
0.000000
0.000000
0.000000
0.000000
0.000000
0.000000
4.703216
1.373947
0.000000
0.000000
0.000000
0.000000
0.000000
0.000000
3.031872
2.441856
0.000000
0.000000
0.000000
0.000000
0.000000
0.000000
0.000000
0.000000
0.000000
0.000000
0.000000
0.000000
0.000000
0.000000
0.000000
0.000000
0.000000
0.000000
0.000000
0.000000
0.000000
0.000000
0.000000
0.000000
0.000000
0.000000
0.000000
0.000000
0.000000
0.000000
0.000000
0.000000
0.000000
0.000000
0.000000
0.000000
0.000000
0.000000
0.000000
0.000000
0.000000
0.000000
0.000000
0.000000
0.000000
0.000000
0.000000
0.000000
0.000000
0.000000
0.000000
0.000000
0.000000
0.000000
0.000000
0.000000
0.000000
0.000000
0.000000
0.000000
0.000000
0.000000
0.000000
0.000000
0.000000
0.000000
0.000000
0.000000
0.000000
0.000000
0.000000
0.000000
0.000000
0.000000
0.000000
0.000000
0.000000
0.000000
0.000000
0.000000
0.000000
0.000000
0.000000
0.000000
0.000000
0.000000
0.000000
4.771912
0.000000
0.000000
0.000000
0.000000
0.000000
0.000000
0.000000
2.742359
2.993662
0.000000
0.000000
0.000000
0.000000
0.000000
0.000000
0.000000
0.000000
0.000000
0.000000
0.000000
0.000000
0.000000
0.000000
0.000000
0.000000
0.000000
0.000000
0.000000
0.000000
0.000000
0.000000
0.000000
0.000000
0.000000
0.000000
0.000000
0.000000
0.000000
0.000000
0.000000
0.000000
0.000000
0.000000
0.000000
0.000000
0.000000
0.000000
0.000000
0.000000
0.000000
0.000000
0.000000
0.000000
0.000000
0.000000
0.000000
0.000000
0.000000
0.000000
0.000000
0.000000
0.000000
0.000000
0.000000
0.000000
0.000000
0.000000
0.000000
0.000000
0.000000
0.000000
0.000000
0.000000
0.000000
0.000000
0.000000
0.000000
0.000000
0.000000
0.000000
0.000000
0.000000
0.000000
0.000000
0.000000
0.000000
0.000000
0.000000
0.000000
0.000000
0.000000
0.000000
0.000000
0.000000
0.000000
0.000000
0.000000
0.000000
0.000000
0.000000
0.000000
0.000000
0.000000
0.000000
0.000000
0.000000
2.621892
0.000000
0.000000
0.000000
0.000000
0.000000
0.000000
0.000000
0.000000
0.000000
0.000000
0.000000
0.000000
0.000000
0.000000
0.000000
0.000000
0.000000
0.000000
0.000000
0.000000
0.000000
0.000000
0.000000
0.000000
0.000000
0.000000
0.000000
0.000000
0.000000
0.000000
0.000000
0.000000
0.000000
0.000000
0.000000
0.000000
0.000000
0.000000
0.000000
0.000000
0.000000
0.000000
0.000000
0.000000
0.000000
0.000000
0.000000
0.000000
0.000000
0.000000
0.000000
0.000000
0.000000
0.000000
0.000000
0.000000
0.000000
0.000000
0.000000
0.000000
0.000000
0.000000
0.000000
0.000000
0.000000
0.000000
0.000000
0.000000
0.000000
0.000000
0.000000
0.000000
0.000000
0.000000
0.000000
0.000000
0.000000
0.000000
0.000000
0.000000
0.000000
0.000000
0.000000
0.000000
0.000000
0.000000
0.000000
0.000000
0.000000
0.000000
0.000000
0.000000
0.000000
0.000000
0.000000
0.000000
0.000000
0.000000
0.000000
0.000000
0.000000
0.000000
0.000000
0.000000
0.000000
0.000000
0.000000
0.000000
0.000000
0.000000
0.000000
0.000000
0.000000
0.000000
0.000000
0.000000
0.000000
0.000000
0.000000
0.000000
0.000000
0.000000
0.000000
0.000000
0.000000
0.000000
0.000000
0.000000
0.000000
0.000000
0.000000
0.000000
0.000000
0.000000
0.000000
0.000000
0.000000
0.000000
0.000000
0.000000
0.000000
0.000000
0.000000
0.000000
0.000000
0.000000
0.000000
0.000000
0.000000
0.000000
0.000000
0.000000
0.000000
0.000000
0.000000
0.000000
0.000000
0.000000
0.000000
0.000000
0.000000
0.000000
0.000000
0.000000
0.000000
0.000000
0.000000
0.000000
0.000000
0.000000
0.000000
0.000000
0.000000
0.000000
0.000000
0.000000
0.000000
0.000000
0.000000
0.000000
0.000000
0.000000
0.000000
0.000000
0.000000
0.000000
0.000000
0.000000
0.000000
0.000000
0.000000
0.000000
0.000000
0.000000
0.000000
0.000000
0.000000
0.000000
0.000000
0.000000
0.000000
0.000000
0.000000
0.000000
0.000000
0.000000
0.000000
0.000000
0.000000
0.000000
0.000000
0.000000
0.000000
0.000000
0.000000
0.000000
0.000000
0.000000
0.000000
0.000000
0.000000
0.000000
0.000000
0.000000
0.000000
0.000000
0.000000
0.000000
0.000000
0.000000
0.000000
0.000000
0.000000
0.000000
0.000000
0.000000
0.000000
0.000000
0.000000
0.000000
0.000000
0.000000
0.000000
0.000000
0.000000
0.000000
0.000000
0.000000
0.000000
0.000000
0.000000
0.000000
0.000000
0.000000
0.000000
0.000000
0.000000
0.000000
0.000000
0.000000
0.000000
0.000000
0.000000
0.000000
0.000000
0.000000
0.000000
0.000000
0.000000
0.000000
0.000000
0.000000
0.000000
0.000000
0.000000
0.000000
0.000000
0.000000
0.000000
0.000000
0.000000
0.000000
0.000000
0.000000
0.000000
0.000000
0.000000
0.000000
0.000000
0.000000
0.000000
0.000000
0.000000
0.000000
0.000000
0.000000
0.000000
0.000000
0.000000
0.000000
0.000000
0.000000
0.000000
0.000000
0.000000
0.000000
0.000000
0.000000
0.000000
0.000000
0.000000
0.000000
0.000000
0.000000
0.000000
0.000000
0.000000
0.000000
0.000000
0.000000
0.000000
0.000000
0.000000
0.000000
0.000000
0.000000
0.319203
0.249576
0.046022
0.000000
0.000000
0.000000
0.000000
0.000000
0.000000
0.000000
0.000000
0.000000
0.000000
0.000000
0.000000
0.000000
0.000000
0.000000
0.000000
0.000000
0.000000
0.000000
0.000000
0.000000
0.000000
0.000000
0.000000
0.000000
0.000000
0.000000
0.000000
0.000000
0.000000
0.000000
0.000000
0.000000
0.000000
0.000000
0.000000
0.000000
0.000000
0.000000
0.000000
0.000000
0.000000
0.000000
0.000000
0.000000
0.000000
0.000000
0.000000
0.000000
0.000000
0.000000
0.000000
0.000000
0.000000
0.000000
0.000000
0.000000
0.000000
0.000000
0.000000
0.000000
0.000000
0.000000
0.000000
0.000000
0.000000
0.000000
0.000000
0.000000
0.000000
0.000000
0.000000
0.000000
0.000000
0.000000
0.000000
0.000000
0.000000
0.000000
0.000000
0.000000
0.000000
0.000000
0.000000
0.000000
0.000000
0.000000
0.000000
0.000000
0.000000
0.000000
0.000000
0.000000
0.000000
0.000000
0.000000
0.000000
0.000000
0.000000
0.000000
0.000000
0.000000
0.000000
0.000000
0.000000
0.000000
0.000000
0.000000
0.000000
0.000000
0.000000
0.000000
0.000000
0.000000
0.000000
0.000000
0.000000
0.000000
0.000000
0.000000
0.000000
0.000000
0.000000
0.000000
0.000000
0.000000
0.000000
0.000000
0.000000
0.000000
0.000000
0.000000
0.000000
0.000000
0.000000
0.000000
0.000000
0.000000
0.000000
0.000000
0.000000
0.000000
0.000000
0.000000
0.000000
0.000000
0.000000
0.000000
0.000000
0.000000
0.000000
0.000000
0.000000
0.000000
0.000000
0.000000
0.000000
0.000000
0.000000
0.000000
0.000000
0.000000
0.000000
0.000000
0.000000
0.000000
0.000000
0.000000
0.000000
0.000000
0.000000
0.000000
0.000000
0.000000
0.000000
0.000000
0.000000
0.000000
0.000000
0.000000
0.000000
0.000000
0.000000
0.000000
0.000000
0.000000
0.000000
0.000000
0.000000
0.000000
0.000000
0.000000
0.000000
0.000000
0.000000
0.000000
0.000000
0.000000
0.000000
0.000000
0.000000
0.000000
0.000000
0.000000
0.000000
0.000000
0.000000
0.000000
0.000000
0.000000
0.000000
0.000000
0.000000
0.000000
0.000000
4.441685
0.000000
0.000000
0.000000
0.465872
0.000000
0.000000
0.000000
0.000000
0.000000
0.000000
0.000000
0.000000
0.000000
0.000000
0.000000
0.000000
0.000000
0.000000
0.000000
0.000000
0.000000
0.000000
0.000000
0.000000
0.000000
0.000000
0.000000
0.000000
0.000000
0.000000
0.000000
0.000000
0.000000
0.000000
0.000000
0.000000
0.000000
0.000000
0.000000
0.000000
0.000000
0.000000
0.000000
0.000000
0.000000
0.000000
0.000000
0.000000
0.000000
0.000000
0.000000
0.000000
0.000000
0.000000
0.000000
0.000000
0.000000
0.000000
0.000000
0.000000
0.000000
0.000000
0.000000
0.000000
0.000000
0.000000
0.000000
0.000000
0.000000
0.000000
0.000000
0.000000
0.000000
0.000000
0.000000
0.000000
0.000000
0.000000
0.000000
0.000000
0.000000
0.000000
0.000000
0.000000
0.000000
0.000000
0.000000
0.000000
0.000000
0.000000
0.000000
0.000000
0.000000
0.000000
0.000000
0.000000
0.000000
0.000000
0.000000
0.000000
0.000000
0.000000
0.000000
0.000000
0.000000
0.000000
0.000000
0.000000
0.000000
0.000000
0.000000
0.000000
0.000000
0.000000
0.000000
0.000000
0.000000
0.000000
0.000000
0.000000
0.000000
0.000000
0.000000
0.000000
0.704942
0.000000
0.000000
0.000000
0.000000
0.000000
0.000000
0.000000
0.000000
0.000000
0.000000
0.000000
0.000000
0.000000
0.000000
0.000000
0.000000
0.000000
0.000000
0.000000
0.000000
0.000000
0.000000
0.000000
0.000000
0.000000
0.000000
0.000000
0.000000
0.000000
0.000000
0.000000
0.000000
0.000000
0.000000
0.000000
0.000000
0.000000
0.000000
0.000000
0.000000
0.000000
0.000000
0.000000
0.000000
0.000000
0.000000
0.000000
0.000000
0.000000
0.000000
0.000000
0.000000
0.000000
0.000000
0.000000
0.000000
0.000000
0.000000
0.000000
0.000000
0.000000
0.000000
0.000000
0.000000
0.000000
0.000000
0.000000
0.000000
0.000000
0.000000
0.000000
0.000000
0.000000
0.000000
0.000000
0.000000
0.000000
0.000000
0.000000
0.000000
0.000000
0.000000
0.000000
0.000000
0.000000
0.000000
0.000000
0.000000
0.000000
0.000000
0.000000
0.000000
0.000000
0.000000
0.000000
0.000000
0.000000
0.000000
0.000000
0.000000
0.000000
0.000000
0.000000
0.000000
0.000000
0.000000
0.000000
0.000000
0.000000
0.000000
0.000000
0.000000
0.000000
0.000000
0.000000
0.000000
0.000000
0.000000
0.000000
0.000000
0.000000
0.000000
0.000000
0.000000
0.000000
0.000000
0.000000
0.000000
0.000000
0.000000
0.000000
0.000000
0.000000
0.000000
0.000000
0.000000
0.000000
0.000000
0.000000
0.000000
0.000000
0.000000
0.000000
0.000000
0.000000
0.000000
0.000000
0.000000
0.000000
0.000000
0.000000
0.000000
0.000000
0.000000
0.000000
0.000000
0.000000
0.000000
0.000000
0.000000
0.000000
0.000000
0.000000
0.000000
0.000000
0.000000
0.000000
0.000000
0.000000
0.000000
0.000000
0.000000
0.000000
0.000000
0.000000
0.000000
0.000000
0.000000
0.000000
0.000000
0.000000
0.000000
0.000000
0.000000
0.000000
0.000000
0.000000
0.000000
0.000000
0.000000
0.000000
0.000000
0.000000
0.000000
0.000000
0.000000
0.000000
0.000000
0.000000
0.000000
0.000000
0.000000
0.000000
0.000000
0.000000
0.000000
0.000000
0.000000
0.000000
0.000000
0.000000
0.000000
0.000000
0.000000
0.000000
0.000000
0.000000
0.000000
0.000000
0.000000
0.000000
0.000000
0.000000
0.000000
0.000000
0.000000
0.000000
0.000000
0.000000
0.000000
0.000000
0.000000
0.000000
0.000000
0.000000
0.000000
0.000000
0.000000
0.000000
0.000000
0.000000
0.000000
0.000000
0.000000
0.000000
0.000000
0.000000
0.000000
0.000000
0.000000
0.000000
0.000000
0.000000
0.000000
0.000000
0.000000
0.000000
0.000000
0.000000
0.000000
0.000000
0.000000
0.000000
0.000000
0.000000
0.000000
0.000000
0.000000
0.000000
0.000000
0.000000
0.000000
0.000000
0.000000
0.000000
0.000000
0.000000
0.000000
0.000000
0.000000
0.000000
3.794532
0.000000
0.000000
0.000000
0.000000
0.000000
0.000000
0.000000
4.654277
0.000000
0.000000
0.000000
0.000000
0.000000
0.000000
0.000000
0.000000
0.000000
0.796576
2.907644
0.154092
1.137675
0.000000
0.000000
0.000000
0.000000
0.000000
0.000000
2.422339
0.181473
0.000000
0.000000
0.000000
0.000000
0.000000
0.000000
3.742936
0.000000
0.000000
0.000000
0.000000
0.000000
0.000000
1.215934
3.797630
0.208530
3.939459
0.701547
0.359739
8.694911
7.680345
2.080629
0.000000
6.127688
1.331957
0.270136
0.806947
5.347641
5.169369
0.864316
0.000000
0.000000
0.000000
0.000000
0.000000
0.000000
0.000000
0.000000
0.000000
0.000000
0.000000
0.000000
0.000000
0.000000
0.000000
0.000000
0.000000
0.000000
3.412942
3.129910
0.000000
0.000000
0.000000
0.000000
0.000000
0.000000
0.628444
2.420594
0.738445
0.000000
0.000000
0.000000
0.000000
0.000000
0.000000
0.000000
0.000000
0.000000
1.744059
0.000000
0.000000
0.493663
0.000000
0.000000
0.000000
0.000000
0.000000
0.000000
0.000000
0.000000
0.000000
0.000000
0.000000
0.000000
0.000000
0.000000
0.000000
0.000000
0.000000
0.000000
0.000000
0.000000
0.000000
0.000000
0.000000
0.000000
0.000000
0.000000
0.000000
0.000000
0.000000
0.000000
1.312347
0.000000
0.000000
0.000000
0.000000
0.000000
0.000000
0.000000
2.419272
0.000000
0.000000
0.000000
1.093665
1.540022
3.215853
0.000000
0.000000
0.000000
0.000000
0.000000
6.393089
4.245045
2.778728
0.000000
0.000000
0.000000
0.000000
0.000000
3.520322
6.526370
0.000000
0.000000
0.000000
0.000000
0.000000
2.038847
8.814189
0.000000
0.000000
0.000000
0.000000
0.000000
0.951193
7.395265
9.875352
0.000000
0.000000
0.000000
0.000000
0.000000
0.000000
0.000000
4.784498
0.000000
0.000000
1.140929
0.493853
0.000000
0.000000
0.000000
0.000000
0.000000
2.558549
4.471725
3.954870
0.000000
4.442711
2.811632
2.625795
0.000000
4.441394
5.925817
3.984323
0.689810
8.885036
4.601401
0.250495
0.000000
2.806880
4.657034
0.000000
0.000000
0.000000
0.000000
0.000000
0.000000
0.000000
0.000000
0.000000
0.000000
0.000000
0.000000
0.000000
0.466148
0.096774
0.000000
0.000000
0.000000
0.000000
0.000000
0.000000
0.000000
0.000000
0.000000
0.000000
0.078243
0.000000
0.000000
0.000000
0.000000
0.000000
0.000000
0.000000
0.000000
0.000000
0.000000
0.000000
0.000000
0.000000
0.000000
0.000000
0.000000
0.000000
0.000000
0.000000
0.000000
0.000000
0.000000
0.000000
0.000000
0.000000
0.000000
0.000000
0.000000
0.000000
0.000000
0.431561
0.765787
1.345761
0.513783
0.000000
0.000000
0.000000
0.000000
0.000000
0.937849
0.168110
1.345092
0.000000
0.000000
0.000000
0.000000
0.000000
0.000000
1.246113
2.035901
0.204653
0.000000
0.000000
0.000000
0.000000
0.000000
0.000000
0.000000
0.000000
0.000000
0.000000
0.000000
0.000000
0.000000
0.000000
0.000000
0.000000
0.000000
0.000000
0.000000
0.000000
0.000000
0.000000
0.000000
0.000000
0.000000
0.000000
0.000000
0.000000
0.000000
1.784748
0.000000
0.000000
0.000000
4.287169
0.000000
0.000000
3.525367
5.666651
0.000000
0.000000
2.186274
8.069791
2.227268
2.208335
7.705801
4.841572
0.000000
0.573417
2.102207
4.042988
0.975793
2.466677
0.000000
0.000000
0.000000
0.000000
0.000000
0.000000
0.000000
0.000000
0.000000
0.000000
0.000000
0.000000
0.000000
0.000000
0.000000
0.000000
0.000000
0.000000
0.000000
0.000000
0.000000
0.000000
0.000000
0.000000
0.000000
0.000000
0.000000
0.000000
0.000000
0.000000
0.000000
0.000000
0.000000
0.000000
0.000000
0.000000
0.000000
0.000000
0.000000
0.000000
0.077127
0.000000
0.000000
0.000000
0.000000
0.000000
0.000000
0.000000
0.291637
0.831248
0.000000
3.188275
1.491993
3.597685
2.879414
0.000000
0.000000
0.000000
0.000000
0.000000
0.000000
0.000000
0.000000
0.000000
0.000000
0.000000
0.000000
0.499894
0.000000
0.000000
0.000000
0.000000
0.000000
0.000000
0.000000
0.000000
1.432423
0.000000
0.000000
0.000000
0.000000
0.000000
0.000000
0.000000
0.000000
0.000000
0.000000
0.000000
0.000000
0.000000
0.000000
0.807123
0.000000
0.000000
0.000000
0.000000
0.000000
0.000000
0.000000
0.000000
1.890911
0.000000
0.000000
1.574276
0.000000
2.737289
3.460177
2.482195
0.000000
1.335721
0.000000
1.416728
2.590550
3.807307
3.977252
2.893065
0.000000
0.000000
0.000000
0.000000
0.000000
0.000000
0.000000
1.878713
0.000000
0.000000
0.000000
0.000000
0.000000
0.000000
0.000000
0.000000
0.000000
0.000000
0.000000
0.000000
0.000000
0.000000
0.000000
0.000000
0.000000
0.000000
0.000000
0.000000
0.000000
0.000000
0.000000
2.799586
0.000000
1.398962
1.810489
1.297273
2.643168
1.201293
0.826762
0.947175
0.993966
1.032730
0.814970
1.393799
2.629699
0.556413
0.151537
0.000000
0.000000
0.000000
0.000000
0.000000
0.000000
0.000000
0.000000
0.000000
0.000000
0.000000
0.000000
0.000000
0.000000
0.000000
0.000000
0.000000
0.000000
0.000000
0.000000
0.000000
0.000000
0.000000
0.000000
0.000000
0.000000
0.000000
0.000000
0.000000
0.000000
0.000000
0.000000
0.000000
0.000000
0.000000
0.000000
0.206495
1.431609
3.891275
0.000000
1.904327
0.000000
0.387557
1.614836
0.208845
2.641455
4.870102
0.000000
6.760212
6.313890
5.809577
1.205196
0.298841
0.629817
2.086395
0.000000
0.000000
2.619286
2.314384
0.000000
0.000000
0.000000
1.184309
2.297457
3.196223
3.918581
4.348371
3.569966
0.826802
0.000000
2.081270
2.527189
5.755823
2.532989
2.266309
2.563783
0.000000
0.000000
0.000000
0.000000
0.732530
0.000000
1.004621
1.716169
0.000000
0.000000
0.451550
0.000000
0.421486
0.000000
3.040488
0.570751
0.000000
1.714344
0.485113
0.000000
2.139329
0.854797
0.000000
0.157804
0.000000
1.947638
0.000000
0.000000
0.000000
0.000000
0.000000
0.000000
0.000000
0.000000
0.000000
0.000000
0.000000
0.000000
0.000000
0.000000
0.000000
0.000000
0.000000
1.077399
1.306427
0.000000
0.000000
0.000000
0.000000
0.000000
5.865801
0.000000
0.000000
0.000000
0.000000
0.000000
0.000000
1.598278
2.285419
0.000000
0.000000
0.387200
0.303122
0.000000
0.000000
5.224613
0.853735
0.000000
0.000000
0.000000
0.000000
0.000000
0.000000
0.551211
4.787344
6.494612
0.000000
0.000000
0.000000
0.000000
0.000000
1.751109
4.479312
4.720964
0.000000
0.000000
4.330658
0.256997
5.316354
6.085294
4.242217
0.188739
0.000000
0.000000
1.769855
1.699492
0.000000
0.407116
0.000000
0.000000
0.307861
0.000000
0.000000
0.000000
0.000000
0.000000
0.000000
0.000000
0.000000
0.000000
0.000000
0.000000
0.000000
0.000000
0.000000
0.000000
0.000000
0.000000
0.000000
0.000000
0.000000
0.000000
0.000000
0.000000
0.000000
0.000000
0.000000
0.000000
0.771868
0.000000
0.000000
0.000000
0.000000
0.000000
0.000000
0.458793
5.010399
0.000000
0.397887
0.000000
0.000000
0.000000
5.712431
4.766079
5.414245
1.744262
2.651253
3.574863
0.425664
3.950994
7.193527
4.111573
1.660003
2.473740
0.747052
1.148835
1.473462
0.538051
0.000000
0.000000
0.000000
0.000000
0.000000
0.000000
0.000000
0.000000
0.000000
0.000000
0.000000
0.000000
0.000000
0.000000
0.000000
0.000000
0.000000
0.000000
0.000000
0.000000
0.000000
0.000000
6.516011
0.000000
0.000000
0.000000
0.000000
0.000000
0.000000
0.000000
0.087139
0.000000
0.000000
0.000000
0.000000
4.322234
4.499095
0.000000
0.000000
0.000000
0.000000
0.000000
0.000000
0.000000
0.000000
0.000000
0.000000
0.000000
0.000000
0.000000
0.000000
0.000000
0.000000
0.000000
0.000000
0.000000
0.000000
0.000000
0.000000
0.000000
0.000000
0.000000
0.000000
0.000000
0.000000
0.000000
0.000000
0.000000
0.000000
0.000000
0.000000
0.000000
0.000000
0.000000
0.000000
0.000000
0.000000
0.000000
0.000000
0.000000
0.000000
0.000000
0.000000
0.000000
0.000000
0.000000
0.000000
0.000000
0.000000
0.000000
0.000000
0.000000
0.000000
0.000000
0.000000
0.000000
0.000000
0.000000
0.000000
0.000000
0.000000
0.000000
0.000000
0.000000
0.000000
0.000000
0.000000
0.000000
0.000000
0.000000
0.000000
0.000000
0.000000
0.000000
0.000000
0.000000
0.000000
0.000000
0.000000
0.000000
0.000000
0.000000
0.000000
0.000000
0.000000
0.000000
0.000000
0.000000
0.000000
0.000000
0.000000
0.000000
0.000000
0.000000
0.000000
0.000000
0.000000
0.000000
0.000000
0.000000
0.000000
0.000000
0.000000
0.000000
1.834517
0.000000
0.000000
0.000000
0.000000
0.000000
0.000000
0.000000
1.689319
0.000000
0.000000
0.000000
0.000000
0.000000
0.000000
0.000000
0.000000
0.000000
0.000000
0.000000
0.000000
0.000000
0.000000
0.000000
0.000000
0.000000
0.000000
0.000000
0.000000
0.000000
0.000000
0.000000
0.000000
0.000000
0.000000
0.000000
0.000000
0.000000
0.000000
0.000000
0.000000
0.000000
0.000000
0.000000
0.000000
0.000000
0.000000
0.000000
0.000000
0.000000
0.000000
0.528418
0.000000
0.000000
0.000000
0.000000
0.000000
0.000000
0.000000
0.000000
0.000000
0.000000
0.000000
0.000000
0.000000
0.000000
0.000000
0.000000
0.000000
0.000000
0.000000
0.000000
0.000000
0.000000
0.000000
0.000000
0.000000
0.000000
0.000000
0.000000
0.000000
0.000000
0.000000
0.000000
0.000000
0.000000
0.000000
0.000000
0.000000
0.000000
0.000000
0.000000
0.000000
0.000000
0.000000
0.000000
0.000000
0.000000
0.000000
0.000000
0.000000
0.000000
0.000000
0.000000
0.000000
0.000000
0.000000
0.000000
0.000000
0.000000
0.000000
0.000000
0.000000
0.000000
0.000000
0.000000
0.000000
0.000000
0.000000
0.000000
0.000000
0.000000
0.000000
0.000000
0.000000
0.000000
0.000000
0.000000
0.000000
0.000000
0.000000
0.000000
0.000000
0.000000
0.000000
0.000000
0.000000
0.000000
0.000000
0.000000
0.000000
0.000000
0.000000
0.000000
0.000000
0.000000
0.000000
0.000000
0.000000
0.000000
0.000000
0.000000
0.000000
0.000000
0.000000
0.000000
0.000000
0.000000
0.000000
0.000000
0.000000
0.000000
0.000000
0.000000
0.000000
0.000000
0.000000
0.000000
0.000000
0.000000
0.000000
0.000000
0.000000
0.000000
0.000000
0.000000
0.000000
0.000000
0.000000
0.000000
0.000000
0.000000
0.000000
5.605424
5.608026
4.565418
3.808569
4.836144
2.722898
0.000000
0.000000
7.544458
8.668730
8.001693
8.113050
12.032681
10.330791
9.422421
12.243825
13.547203
15.725842
13.572498
0.000000
0.000000
5.087190
4.006300
0.267897
0.000000
0.000000
0.198214
7.447559
6.939993
7.020619
6.056962
5.372934
4.940874
4.644443
3.399634
2.390262
2.412590
1.671168
0.000000
0.000000
7.066135
9.146872
9.611462
6.114099
7.811036
6.857778
7.102181
3.763789
4.746613
7.612398
7.573452
0.000000
0.000000
0.000000
0.000000
0.000000
0.000000
0.000000
0.000000
0.000000
0.000000
8.421903
3.938278
3.514000
5.371177
6.939923
7.504477
0.000000
5.497614
7.266957
6.077212
4.442621
0.000000
1.216110
0.000000
0.000000
0.000000
0.000000
0.000000
0.000000
0.000000
0.000000
0.000000
0.000000
0.000000
0.000000
0.000000
0.000000
0.000000
0.000000
0.000000
0.000000
0.000000
2.649659
0.000000
0.000000
0.526968
0.000000
3.947901
0.000000
0.456179
2.541971
0.000000
0.000000
0.000000
0.930522
4.425424
0.000000
0.858468
2.117718
0.856325
0.000000
0.876423
0.555506
6.357457
4.772132
0.000000
0.000000
0.000000
0.000000
0.000000
0.000000
0.000000
0.000000
0.000000
1.910802
8.898777
2.961898
4.176268
0.771746
3.108347
2.009704
0.000000
0.000000
1.577046
0.000000
0.000000
0.000000
0.000000
0.000000
0.000000
0.000000
0.000000
0.000000
0.715865
2.082703
0.000000
0.000000
0.000000
0.000000
0.000000
0.000000
0.000000
3.715295
1.279890
1.929836
4.426672
0.000000
4.052465
3.186194
2.751529
4.451229
4.143472
7.934344
1.360900
7.030013
8.354147
12.771404
7.413458
7.446810
12.633927
0.476671
0.000000
0.000000
0.000000
0.000000
0.000000
0.000000
0.000000
5.004201
0.000000
0.000000
0.000000
0.000000
0.000000
0.000000
0.000000
1.785034
0.000000
0.000000
1.725495
0.000000
0.000000
0.000000
7.981228
4.718368
2.161472
3.211750
7.317199
0.000000
0.000000
3.810177
5.060857
0.000000
0.000000
0.000000
0.000000
0.000000
0.000000
0.000000
0.688740
0.000000
0.000000
0.000000
0.000000
0.000000
0.000000
6.347178
1.865609
0.000000
3.711018
0.000000
0.000000
0.000000
0.000000
0.000000
0.000000
0.000000
2.262482
0.000000
0.000000
0.000000
0.000000
0.000000
0.000000
0.000000
0.000000
0.000000
0.000000
0.000000
0.494968
0.000000
0.792996
0.000000
5.021487
3.775543
0.000000
0.000000
7.015603
9.616128
7.319879
10.854663
11.089455
9.673026
6.087961
0.000000
6.862020
6.957477
6.005326
5.683792
6.498227
4.842227
6.526259
2.057237
2.051224
1.665395
1.755929
4.268924
2.759029
1.848481
0.000000
0.000000
0.000000
0.000000
0.000000
0.000000
0.000000
0.000000
0.000000
0.000000
0.000000
0.000000
0.000000
0.000000
0.000000
0.000000
0.000000
0.000000
0.000000
0.000000
0.000000
0.000000
0.000000
0.000000
0.000000
0.000000
0.000000
0.000000
0.000000
0.000000
0.000000
0.000000
0.000000
0.000000
3.546594
0.049162
0.000000
0.000000
0.000000
0.000000
0.000000
0.000000
0.000000
0.000000
0.000000
0.000000
0.000000
0.000000
0.000000
0.000000
0.000000
0.000000
0.000000
0.000000
0.000000
0.000000
0.000000
0.000000
0.000000
0.000000
0.000000
1.378260
0.000000
0.000000
2.539349
0.705109
0.000000
0.000000
0.000000
5.112337
2.877332
0.000000
0.000000
0.000000
0.000000
0.000000
0.000000
0.435454
0.000000
0.000000
1.663571
0.000000
4.249477
0.000000
0.000000
0.838685
1.419389
1.342590
2.984556
0.000000
1.515990
0.000000
0.000000
0.000000
0.000000
0.000000
3.615253
3.077843
0.971707
0.848818
0.000000
0.000000
0.000000
0.000000
0.000000
0.000000
0.000000
0.000000
0.000000
0.000000
0.000000
0.000000
0.000000
0.000000
0.000000
0.000000
0.000000
0.000000
0.000000
0.000000
0.000000
0.000000
0.000000
0.000000
0.000000
0.000000
12.874781
0.000000
0.000000
0.000000
0.000000
0.294133
4.052312
0.272386
0.000000
0.000000
0.000000
0.000000
0.000000
0.000000
0.000000
0.000000
0.000000
0.000000
0.000000
0.000000
0.000000
0.000000
0.000000
0.000000
0.000000
0.000000
0.000000
0.000000
0.000000
0.000000
0.000000
0.000000
0.000000
0.000000
0.000000
0.000000
0.000000
0.000000
0.000000
0.000000
0.000000
0.000000
0.000000
0.000000
0.000000
0.000000
0.000000
0.000000
0.000000
0.000000
0.000000
0.000000
0.000000
0.000000
0.000000
0.000000
3.236150
4.762688
5.992964
0.000000
1.886160
3.997799
3.851095
0.000000
1.692518
2.198972
1.761599
0.000000
0.702228
0.000000
0.000000
0.000000
0.000000
0.000000
0.000000
1.008724
1.453081
0.000000
0.000000
0.000000
0.000000
0.000000
0.000000
0.000000
0.000000
0.000000
0.000000
0.000000
0.000000
0.000000
0.000000
0.000000
0.484462
0.000000
0.000000
0.000000
3.013003
0.000000
0.000000
0.000000
0.000000
0.000000
0.000000
0.000000
0.000000
0.000000
0.000000
0.000000
0.000000
0.000000
0.000000
3.588798
2.300496
0.348195
0.000000
0.000000
0.000000
0.000000
0.000000
0.359185
1.495044
0.000000
0.000000
0.000000
0.000000
0.000000
0.000000
0.000000
0.000000
0.000000
0.000000
0.000000
0.000000
0.000000
0.000000
0.000000
0.000000
0.000000
0.000000
0.000000
0.000000
0.000000
0.000000
0.000000
0.000000
0.000000
0.000000
0.000000
0.000000
0.000000
0.000000
0.000000
0.000000
0.000000
0.000000
0.000000
0.000000
0.000000
0.000000
0.000000
0.000000
0.000000
0.000000
0.000000
0.000000
0.000000
0.000000
0.000000
0.000000
0.000000
0.000000
0.000000
0.000000
0.000000
0.000000
0.000000
0.000000
0.000000
0.000000
0.000000
0.000000
0.000000
0.000000
0.000000
0.000000
0.000000
0.000000
0.000000
0.000000
0.000000
0.000000
0.000000
0.000000
0.000000
0.000000
0.000000
0.485713
0.000000
0.000000
0.000000
0.000000
0.000000
1.119369
0.000000
0.000000
0.006889
0.244853
0.000000
0.000000
0.000000
0.000000
0.000000
0.000000
1.073563
0.000000
0.000000
0.000000
0.000000
0.000000
0.000000
0.000000
0.820987
0.000000
7.472479
2.895124
0.000000
0.000000
0.000000
0.000000
0.000000
0.000000
0.119184
0.000000
0.000000
0.000000
0.612619
5.855904
0.000000
0.000000
0.000000
0.000000
0.000000
4.651658
0.252995
1.137164
0.000000
0.000000
0.000000
0.000000
0.000000
6.735079
5.296925
0.000000
1.672588
0.000000
0.000000
0.000000
0.000000
0.000000
0.000000
0.000000
0.000000
0.282589
0.000000
0.000000
0.000000
0.000000
0.000000
0.000000
0.000000
0.000000
0.000000
0.000000
0.000000
0.000000
0.000000
0.000000
0.000000
0.000000
0.000000
2.591617
0.000000
0.000000
0.000000
0.000000
0.000000
10.610745
3.523438
0.000000
0.000000
3.062108
1.960178
0.000000
0.000000
0.000000
0.000000
0.000000
0.000000
0.000000
0.000000
0.000000
0.000000
0.000000
0.000000
0.000000
0.000000
0.000000
0.000000
0.000000
0.000000
0.000000
0.000000
0.000000
0.000000
0.000000
0.000000
0.000000
0.000000
0.000000
0.000000
0.000000
0.000000
0.000000
0.000000
0.000000
0.000000
0.000000
0.051364
0.000000
0.000000
0.000000
0.000000
0.000000
0.000000
0.000000
14.111585
7.868066
8.897976
0.409700
0.885885
5.134631
9.096250
10.974198
8.206878
0.000000
1.727234
0.000000
0.000000
3.891272
0.000000
0.000000
0.000000
0.000000
0.000000
0.000000
0.000000
0.673580
0.000000
5.905697
0.000000
0.000000
0.000000
1.300140
0.000000
0.000000
0.000000
5.826549
0.000000
0.000000
0.000000
0.000000
0.000000
0.000000
0.977154
0.960839
3.441088
14.731445
5.204806
0.890415
0.000000
0.000000
2.468877
0.000000
0.000000
4.665501
0.000000
2.005836
0.000000
0.000000
4.198479
0.000000
0.000000
0.000000
0.000000
0.000000
0.000000
3.514740
8.814392
2.684432
0.000000
0.000000
0.000000
0.000000
0.000000
0.000000
4.586597
10.659895
3.629761
0.000000
3.561153
2.656802
0.000000
0.000000
10.184996
9.412533
1.267549
0.000000
3.723686
3.384571
0.000000
0.000000
3.516343
2.159717
0.000000
0.000000
0.000000
0.000000
0.000000
0.000000
0.000000
0.000000
0.000000
0.000000
0.000000
0.000000
0.000000
0.000000
0.000000
0.000000
0.000000
0.000000
0.000000
0.256591
0.000000
1.083928
0.931610
1.864144
1.378442
1.814504
1.268299
1.312239
0.758892
0.000000
0.000000
0.506867
0.000000
0.000000
0.000000
0.000000
0.000000
0.000000
0.000000
0.000000
0.000000
0.000000
0.000000
0.000000
0.000000
0.000000
0.000000
0.000000
0.000000
0.000000
0.000000
0.000000
0.000000
1.668176
0.000000
0.000000
1.315553
3.863802
0.000000
7.471185
11.635815
14.640080
9.167933
8.507009
12.036174
11.925697
3.028028
15.913358
19.259680
18.933641
14.814831
10.524478
4.455227
5.501767
1.999593
7.039228
14.262119
13.174714
12.186560
6.896383
0.000000
0.000000
0.000000
0.894739
5.989377
3.312500
2.938315
6.796742
4.315787
4.506784
0.000000
4.724151
3.134305
0.000000
0.785619
6.145886
10.713506
7.414237
1.046710
4.388311
0.000000
0.155228
0.000000
4.856866
9.717529
5.884446
1.622891
5.885280
1.769443
7.371453
0.000000
6.932925
2.012709
3.481921
6.284744
11.670525
5.032158
11.676357
0.613195
0.000000
0.000000
0.000000
2.148381
6.911596
5.487306
6.936935
0.000000
0.000000
0.000000
0.000000
0.000000
5.477625
0.891479
0.000000
0.000000
0.000000
0.000000
0.000000
0.802562
6.232147
0.000000
0.000000
10.418302
0.000000
0.000000
13.224576
7.453322
4.376888
0.000000
6.743702
16.585527
11.797786
7.165251
28.773750
11.222225
0.000000
0.000000
10.419852
18.140587
20.025539
14.935269
39.744484
14.613569
0.000000
0.000000
10.832228
14.054729
15.104498
5.412426
26.432671
12.974548
0.000000
0.000000
0.000000
3.006545
12.939817
1.063114
0.183343
4.061723
0.000000
0.000000
0.000000
0.000000
0.000000
0.000000
0.000000
2.611884
0.000000
0.000000
0.000000
0.000000
0.000000
0.000000
0.000000
0.000000
0.000000
0.000000
0.000000
0.000000
0.000000
0.000000
4.277038
0.152119
2.582705
0.000000
3.109705
2.260809
8.907109
8.479319
8.061244
4.767963
6.754541
1.001320
11.683611
8.274179
19.082968
7.217560
12.235493
9.349254
9.873438
7.095185
14.519517
10.928812
24.674200
0.182443
6.773334
5.765655
4.072426
4.394516
4.898922
3.347524
20.836536
0.000000
0.957698
2.690274
0.000000
1.040909
0.000000
0.000000
5.089678
3.871226
6.072569
4.110621
0.000000
1.799386
2.942932
0.000000
2.307058
9.349999
10.488463
4.743129
3.738973
0.350744
10.376113
0.000000
0.218499
7.700711
11.385441
5.515595
0.000000
3.764355
13.326379
0.744010
1.962082
4.380119
11.837835
6.122061
0.993787
2.363369
1.725103
0.067462
9.436429
2.163733
0.000000
6.353202
1.295603
0.000000
0.950803
0.000000
6.727074
0.000000
0.000000
0.000000
0.000000
0.000000
0.000000
0.000000
0.000000
0.000000
0.000000
0.000000
0.000000
0.000000
0.000000
0.000000
0.000000
0.000000
0.000000
0.000000
0.000000
0.000000
0.000000
0.000000
0.000000
0.000000
0.000000
0.000000
0.000000
0.000000
0.000000
0.000000
0.000000
0.000000
0.000000
0.000000
0.000000
0.000000
0.000000
0.000000
0.000000
0.000000
0.000000
0.000000
0.000000
0.000000
0.000000
0.000000
0.000000
0.000000
0.000000
0.000000
0.000000
0.000000
0.000000
0.000000
0.000000
0.000000
0.000000
0.000000
0.000000
0.000000
0.000000
0.000000
0.000000
0.000000
0.000000
0.000000
0.038069
0.667591
0.000000
0.000000
0.000000
0.000000
0.000000
0.000000
0.416072
1.391686
0.000000
0.000000
1.412419
3.202893
2.010773
0.000000
0.000000
0.000000
0.000000
0.000000
0.000000
0.000000
0.000000
0.000000
0.136062
0.000000
3.396127
0.000000
0.000000
0.000000
2.699160
5.368999
3.874415
0.880132
2.403279
0.092546
0.656825
0.000000
0.000000
0.000000
0.870819
0.045097
0.000000
0.000000
0.000000
0.000000
0.000000
0.000000
0.000000
0.000000
0.000000
0.000000
0.000000
0.000000
0.000000
0.000000
0.000000
0.000000
0.000000
0.000000
0.000000
0.000000
0.000000
0.000000
0.000000
0.000000
0.000000
0.000000
0.000000
0.000000
1.088453
0.000000
0.000000
0.000000
0.000000
0.000000
0.697162
0.000000
0.000000
0.000000
0.000000
0.000000
0.000000
0.000000
0.000000
0.000000
0.000000
0.000000
0.000000
0.000000
0.000000
0.000000
0.000000
0.000000
0.000000
0.000000
0.000000
0.000000
0.000000
0.000000
0.000000
0.000000
0.000000
0.000000
0.000000
0.000000
0.000000
0.000000
0.000000
0.000000
0.000000
0.000000
0.000000
0.000000
0.000000
0.000000
0.000000
0.000000
0.000000
0.000000
0.000000
0.000000
0.000000
0.000000
0.000000
0.000000
4.066956
6.856260
6.400706
6.447076
7.655941
10.222384
2.451341
0.000000
0.000000
0.293445
0.897962
0.000000
1.628838
0.000000
0.000000
0.000000
0.000000
0.019729
0.000000
0.000000
1.331217
0.000000
0.000000
0.000000
0.000000
0.000000
0.000000
0.000000
0.000000
0.000000
0.000000
0.000000
0.000000
0.000000
0.000000
0.000000
0.000000
0.000000
0.000000
0.000000
0.951037
0.000000
0.000000
0.000000
0.000000
0.000000
0.000000
0.000000
0.000000
0.000000
0.000000
0.000000
0.000000
0.000000
0.000000
3.168185
2.056195
2.614733
0.694882
0.000000
0.000000
0.000000
0.000000
1.768948
1.183468
0.000000
0.922926
0.607228
0.000000
0.000000
0.000000
0.339150
0.000000
0.000000
0.000000
0.000000
0.000000
0.000000
0.000000
0.000000
0.000000
0.000000
0.000000
0.000000
0.000000
0.000000
0.000000
0.000000
0.000000
0.000000
0.000000
0.000000
0.000000
0.000000
0.000000
0.000000
0.000000
0.000000
0.000000
0.000000
0.000000
0.000000
0.000000
0.000000
0.000000
0.000000
0.000000
0.000000
0.000000
0.012893
0.000000
0.000000
0.000000
2.137663
0.000000
0.000000
1.661702
1.889779
1.110438
0.000000
4.655378
1.087958
0.000000
1.005323
2.706296
2.199504
1.702371
0.000000
0.000000
0.181698
0.000000
0.000000
0.000000
0.000000
0.000000
0.000000
0.000000
7.606613
0.391183
0.000000
0.000000
3.451441
0.000000
0.000000
0.000000
5.694020
1.641509
0.000000
0.000000
1.025868
0.000000
0.000000
0.000000
0.000000
0.000000
0.000000
0.000000
0.000000
0.000000
0.000000
0.000000
0.000000
0.000000
0.000000
0.000000
0.000000
0.000000
0.000000
0.000000
2.006720
0.000000
0.000000
2.436074
4.920960
3.242084
3.743112
1.916563
2.115271
0.000000
0.680787
0.000000
0.039222
5.920506
1.514249
0.000000
0.000000
0.000000
0.000000
0.715186
0.831949
2.491116
0.000000
0.000000
0.077097
0.000000
0.000000
0.655940
0.000000
0.000000
0.419954
0.523199
0.000000
0.000000
0.714182
0.000000
0.000000
1.196828
4.386850
0.000000
0.000000
2.088486
0.483501
0.000000
0.000000
0.000000
2.717067
0.000000
0.000000
0.000000
0.000000
0.422702
0.000000
3.806447
1.973588
0.000000
0.000000
0.000000
0.000000
0.000000
0.000000
0.000000
0.000000
6.208027
0.000000
1.434971
1.956023
0.051596
0.000000
0.901516
0.000000
0.000000
2.316965
6.919148
5.264023
0.568554
0.000000
0.000000
0.000000
0.000000
0.000000
0.669884
1.578479
0.000000
0.000000
0.000000
0.000000
0.000000
0.000000
0.000000
0.038002
0.000000
0.000000
0.000000
0.000000
0.000000
0.000000
0.000000
0.300663
2.513163
0.000000
0.000000
0.000000
0.000000
0.000000
0.000000
0.000000
0.000000
0.000000
0.000000
2.559070
0.000000
0.000000
0.000000
0.000000
0.000000
0.000000
0.000000
2.241514
0.000000
0.000000
0.000000
0.000000
0.000000
0.000000
0.000000
0.000000
0.000000
0.000000
0.000000
0.000000
0.000000
0.000000
0.000000
0.000000
0.000000
0.000000
0.000000
0.000000
0.000000
0.000000
0.000000
0.000000
0.000000
0.000000
0.000000
0.000000
0.000000
0.000000
0.000000
0.000000
0.000000
0.000000
0.000000
0.000000
3.800017
3.780905
9.043496
3.190302
3.790974
0.000000
0.380217
0.000000
4.533411
6.379372
7.516358
3.408214
0.000000
1.959778
2.522183
1.360403
0.000000
4.293939
2.927363
0.000000
0.000000
0.000000
0.000000
0.000000
0.000000
0.194403
0.000000
0.000000
0.000000
0.000000
0.000000
0.000000
0.000000
0.000000
0.000000
0.000000
0.000000
0.000000
0.000000
0.000000
0.000000
3.389009
3.378262
0.000000
0.000000
4.173903
4.504942
0.473303
6.273827
8.845175
6.826247
3.396574
1.254007
4.625405
0.000000
0.000000
0.000000
0.000000
0.000000
0.000000
0.000000
1.411483
0.000000
0.000000
0.000000
0.000000
0.000000
0.000000
0.000000
1.348941
0.538849
0.081421
0.391532
0.000000
0.000000
0.000000
0.000000
0.000000
0.273186
3.337504
2.529689
2.293677
3.382602
9.321074
9.922371
5.056537
6.685256
10.776951
9.674500
9.069914
8.240076
4.115393
5.393738
0.234681
2.919063
3.464431
2.425265
0.652140
0.313767
0.000000
0.055903
0.000000
0.000000
0.000000
0.000000
0.000000
0.000000
1.871295
0.989620
0.488594
0.201569
1.430923
5.428681
3.143481
3.006438
7.051611
4.539581
5.271235
4.717543
3.383335
8.194855
6.792218
8.023556
1.979764
2.771446
0.000000
0.000000
0.000000
0.000000
0.000000
0.000000
0.000000
0.000000
0.000000
0.178700
0.000000
0.350421
0.000000
0.000000
2.275437
1.499489
1.131779
2.243089
0.000000
0.000000
0.000000
2.428046
5.676660
0.596891
0.000000
1.846955
1.616604
0.753346
0.000000
3.083654
1.747475
0.773838
0.000000
0.000000
0.000000
0.073595
0.000000
0.000000
0.000000
0.000000
3.494684
2.474184
3.269619
3.367516
1.001857
0.000000
0.000000
0.000000
5.644105
5.630084
1.997253
0.000000
1.686754
0.000000
0.000000
7.421551
2.252795
3.914803
3.996086
2.140199
3.257370
0.461573
3.643178
0.000000
0.000000
0.133886
0.000000
0.000000
0.000000
0.000000
0.000000
0.000000
0.000000
5.306997
0.000000
0.000000
0.000000
0.000000
2.976578
7.012274
3.810632
6.235768
0.391845
1.392452
1.973281
8.892139
11.335404
9.120273
6.078577
3.811209
4.266907
2.599969
0.770830
9.774590
8.522259
0.000000
0.000000
0.000000
0.000000
0.000000
0.000000
0.000000
0.022057
0.000000
0.000000
0.000000
0.000000
0.000000
0.000000
0.000000
3.481245
1.491274
1.510807
6.155983
4.796719
4.234173
0.000000
7.728998
0.560340
0.000000
0.000000
1.699308
0.722744
1.403975
0.000000
2.473032
1.441648
0.720368
0.000000
2.667316
0.000000
0.000000
0.000000
0.720906
4.521024
5.745643
1.351801
1.436875
0.218329
1.721151
5.838732
4.837467
2.164284
4.473884
1.833991
0.000000
4.364369
10.845116
7.508584
5.520122
0.000000
0.000000
0.000000
0.000000
0.000000
0.000000
0.000000
0.000000
0.000000
0.000000
0.000000
0.000000
0.000000
0.000000
0.000000
0.000000
0.000000
0.000000
0.000000
0.000000
0.000000
5.195180
1.295446
5.052766
4.334571
2.717332
3.407324
2.707205
1.860765
9.724160
0.660409
0.801402
0.000000
2.189661
1.738397
2.960943
1.078116
1.889083
0.000000
0.000000
0.000000
0.476514
2.286062
0.072178
0.000000
0.000000
0.000000
0.000000
0.000000
0.762593
1.277057
2.249637
0.000000
0.000000
0.000000
0.000000
0.000000
0.000000
0.000000
0.000000
0.000000
0.000000
0.000000
0.000000
0.000000
0.000000
0.000000
0.000000
0.000000
0.000000
0.000000
0.000000
0.000000
0.000000
0.000000
0.000000
0.000000
0.000000
0.000000
0.000000
0.000000
0.000000
0.000000
0.000000
0.000000
0.000000
0.000000
0.000000
0.000000
0.000000
0.000000
0.000000
0.000000
0.000000
0.000000
0.000000
0.000000
0.000000
0.000000
0.000000
0.000000
0.000000
0.000000
0.000000
0.000000
0.000000
0.000000
0.000000
0.000000
0.000000
0.000000
0.000000
0.000000
0.000000
0.000000
0.000000
0.000000
0.000000
0.000000
0.000000
0.000000
0.000000
0.000000
0.000000
0.000000
0.000000
0.000000
0.000000
0.000000
0.000000
0.000000
0.000000
0.000000
0.000000
0.000000
0.000000
0.000000
0.000000
0.000000
0.000000
0.000000
0.000000
0.000000
0.000000
0.000000
0.000000
0.000000
0.000000
0.000000
0.000000
0.000000
0.000000
0.000000
0.000000
0.000000
0.000000
0.000000
0.000000
0.000000
0.000000
0.000000
0.000000
0.000000
0.000000
0.000000
0.000000
1.010652
0.000000
0.000000
0.000000
0.000000
0.000000
0.000000
0.000000
3.924932
0.000000
0.000000
1.299441
0.000000
0.000000
0.000000
0.000000
0.000000
0.000000
0.000000
0.000000
0.000000
0.000000
0.000000
0.000000
0.000000
0.000000
0.000000
0.000000
0.000000
0.000000
0.000000
0.000000
0.000000
0.000000
0.000000
0.000000
0.000000
0.000000
0.000000
0.000000
0.000000
0.000000
0.000000
0.000000
0.000000
0.000000
0.000000
0.000000
0.000000
0.000000
0.000000
0.000000
0.000000
0.000000
0.000000
0.000000
0.000000
0.000000
0.000000
0.000000
0.000000
0.000000
0.000000
0.000000
0.000000
0.000000
0.000000
0.000000
0.000000
0.000000
0.000000
0.000000
0.000000
0.000000
0.000000
0.000000
0.000000
0.000000
0.000000
0.000000
0.000000
0.000000
0.000000
0.000000
0.000000
0.000000
0.000000
0.000000
0.000000
0.000000
0.000000
0.000000
0.000000
0.000000
0.000000
0.000000
0.000000
0.000000
0.000000
0.000000
0.000000
0.000000
0.000000
0.000000
0.000000
0.000000
0.000000
0.000000
0.000000
0.000000
0.000000
0.000000
0.000000
0.000000
0.000000
0.000000
0.000000
0.000000
0.000000
0.000000
0.000000
0.000000
0.000000
0.000000
0.000000
0.000000
0.000000
0.000000
0.000000
0.000000
0.000000
0.000000
0.000000
0.000000
0.000000
0.000000
0.000000
0.000000
0.000000
0.000000
0.000000
0.000000
0.000000
0.000000
0.000000
0.000000
0.000000
0.000000
0.000000
0.000000
0.000000
0.000000
0.000000
0.000000
0.000000
0.000000
0.000000
0.000000
0.000000
0.000000
0.000000
0.000000
0.000000
0.000000
0.000000
0.000000
0.000000
0.000000
0.000000
0.000000
0.000000
0.000000
0.000000
0.000000
0.000000
0.000000
0.000000
0.000000
0.000000
0.000000
0.000000
0.000000
0.000000
0.000000
0.000000
0.000000
0.000000
0.000000
0.000000
0.000000
0.000000
0.000000
0.000000
0.000000
0.000000
0.000000
0.000000
0.000000
0.000000
0.000000
0.000000
0.000000
0.000000
0.000000
0.000000
0.000000
0.000000
0.000000
0.000000
0.000000
0.000000
0.000000
0.000000
0.000000
0.000000
0.000000
0.000000
0.000000
0.000000
0.000000
0.000000
0.000000
0.000000
0.000000
0.000000
0.000000
0.000000
0.000000
0.000000
0.000000
0.000000
0.000000
0.000000
0.000000
0.000000
0.000000
0.000000
0.000000
0.000000
0.000000
0.000000
0.000000
0.000000
1.583767
0.000000
0.000000
0.000000
0.000000
0.000000
0.000000
0.000000
0.000000
0.000000
0.000000
0.000000
0.000000
0.000000
0.000000
0.000000
0.000000
0.000000
0.000000
0.000000
0.000000
0.000000
0.000000
0.000000
0.000000
0.000000
0.000000
0.000000
0.000000
0.000000
0.000000
0.000000
0.000000
0.000000
0.000000
0.000000
0.000000
0.000000
0.000000
0.000000
0.000000
0.000000
0.000000
0.000000
0.000000
0.000000
0.000000
0.000000
0.000000
0.000000
0.000000
0.000000
0.000000
0.000000
0.000000
0.000000
0.000000
0.000000
0.000000
0.000000
0.000000
0.000000
0.000000
0.000000
0.000000
0.000000
0.000000
0.000000
0.000000
0.000000
0.000000
0.000000
0.000000
0.000000
0.000000
0.000000
0.000000
0.000000
0.000000
0.000000
0.000000
0.000000
0.000000
0.000000
0.000000
0.000000
0.000000
0.000000
0.000000
0.000000
0.000000
0.000000
0.000000
0.000000
0.000000
0.000000
0.024136
0.000000
0.000000
0.000000
0.000000
0.000000
0.000000
0.000000
0.000000
0.000000
0.000000
0.000000
0.000000
0.000000
0.000000
0.000000
0.000000
0.000000
0.000000
0.000000
0.000000
0.000000
0.000000
0.000000
0.612715
0.000000
0.000000
0.689136
4.952766
0.000000
0.000000
0.000000
0.000000
0.000000
0.000000
0.000000
1.390658
0.000000
0.000000
0.000000
0.000000
0.000000
0.000000
0.000000
0.000000
0.000000
0.000000
0.000000
0.000000
0.000000
0.000000
0.000000
0.000000
0.000000
0.000000
0.000000
0.000000
0.000000
0.000000
0.000000
0.000000
0.000000
0.000000
0.000000
0.000000
0.000000
0.000000
0.000000
0.000000
0.000000
0.000000
0.000000
0.000000
0.000000
0.000000
0.000000
0.000000
0.000000
0.000000
0.000000
0.000000
0.000000
0.000000
0.000000
0.000000
0.000000
0.000000
0.000000
0.000000
0.000000
0.000000
0.000000
0.000000
0.000000
0.000000
0.000000
0.000000
0.000000
0.000000
0.000000
0.000000
0.000000
0.000000
0.000000
0.000000
0.000000
0.000000
0.000000
0.000000
0.000000
0.000000
0.000000
0.000000
0.000000
0.000000
0.000000
0.000000
0.000000
0.000000
0.000000
0.000000
0.000000
0.000000
0.000000
0.000000
0.000000
0.000000
0.000000
0.000000
0.000000
0.000000
0.000000
0.000000
0.000000
0.000000
0.000000
0.000000
0.000000
0.000000
0.000000
0.000000
0.000000
0.000000
0.000000
0.000000
0.000000
0.000000
0.000000
0.000000
0.000000
0.000000
0.000000
0.000000
0.000000
0.000000
0.000000
0.000000
0.000000
0.000000
0.000000
0.000000
0.000000
0.000000
0.000000
0.000000
0.000000
0.000000
0.788214
0.551183
0.000000
0.000000
0.000000
0.000000
0.000000
0.000000
0.367471
2.590362
0.000000
0.000000
0.000000
0.000000
0.000000
0.000000
0.000000
0.000000
0.000000
0.203275
0.000000
0.459555
0.000000
0.000000
0.000000
0.000000
0.000000
0.000000
0.000000
0.000000
0.000000
0.000000
0.000000
0.000000
0.000000
0.000000
0.000000
0.000000
0.000000
0.000000
0.000000
0.000000
0.000000
0.000000
0.000000
0.000000
0.000000
0.000000
0.000000
0.000000
0.000000
0.000000
0.000000
0.000000
0.041045
0.000000
0.000000
0.326307
0.215118
0.000000
0.000000
0.755667
5.252295
0.000000
0.000000
1.545943
0.000000
0.000000
0.000000
0.000000
3.148539
0.000000
0.000000
0.000000
0.000000
0.000000
0.000000
0.000000
0.000000
0.000000
0.000000
0.000000
0.000000
0.000000
0.000000
0.000000
0.000000
0.000000
0.000000
0.000000
0.000000
0.000000
0.000000
0.000000
0.000000
0.000000
0.000000
0.700799
0.000000
0.000000
0.000000
0.000000
0.000000
0.000000
0.000000
4.540465
0.000000
0.000000
0.000000
0.000000
1.109252
0.295051
0.458656
1.090562
0.000000
0.000000
0.000000
0.000000
0.000000
0.000000
1.852690
0.000000
0.000000
0.000000
3.847952
3.516574
0.525905
2.916775
0.000000
0.000000
0.000000
0.000000
0.000000
0.000000
0.000000
0.000000
0.000000
0.000000
0.000000
0.000000
0.000000
0.000000
0.000000
0.000000
0.000000
0.000000
0.000000
0.000000
0.000000
0.000000
0.000000
0.000000
0.080781
0.000000
0.000000
0.000000
0.000000
0.000000
0.000000
0.000000
0.000000
0.000000
0.000000
0.000000
0.000000
0.000000
0.000000
0.000000
0.000000
0.000000
0.000000
0.000000
0.000000
0.000000
0.000000
0.000000
0.000000
0.000000
0.000000
0.000000
0.000000
0.000000
0.000000
0.000000
0.000000
0.000000
0.000000
0.000000
0.000000
0.000000
0.000000
0.000000
0.000000
0.000000
0.000000
0.000000
0.000000
0.000000
0.000000
0.000000
0.000000
0.000000
0.000000
0.000000
0.000000
0.000000
0.000000
0.000000
0.000000
0.000000
0.000000
0.000000
0.000000
0.000000
0.000000
0.000000
0.000000
0.000000
0.000000
0.000000
0.562864
0.000000
0.000000
0.000000
0.000000
0.000000
0.000000
1.634221
1.709156
1.643928
1.413746
1.610645
1.733418
2.073012
0.000000
0.000000
0.000000
1.359417
0.713688
1.110055
0.837206
0.000000
0.000000
0.000000
0.000000
0.337150
0.000000
0.000000
0.000000
0.000000
0.000000
0.000000
0.000000
2.706532
0.763429
2.442809
0.000000
1.777917
0.000000
0.000000
0.000000
1.272299
0.000000
1.497827
0.000000
3.519412
0.000000
0.000000
0.248551
4.132984
1.015114
1.948233
0.000000
0.000000
0.000000
0.000000
1.977859
0.793647
0.000000
0.140378
0.000000
0.000000
0.000000
0.000000
0.143713
0.082353
0.000000
0.000000
0.000000
0.000000
0.000000
0.000000
0.000000
0.000000
0.000000
0.000000
0.000000
0.000000
0.000000
0.000000
0.000000
0.000000
0.000000
3.117830
0.000000
0.000000
0.000000
3.052533
1.322660
2.911418
0.702650
4.889101
0.000000
0.000000
0.035710
7.397655
6.289930
8.157936
3.789877
4.103820
0.000000
0.258991
0.000000
2.742343
3.185542
3.265373
0.000000
0.000000
0.000000
0.000000
0.000000
2.161343
3.416668
3.697302
0.000000
2.126478
1.383324
1.643798
0.000000
0.000000
0.000000
0.897285
0.000000
0.000000
0.000000
0.000000
0.000000
0.000000
0.000000
0.000000
0.000000
0.000000
0.000000
0.000000
0.000000
0.000000
0.029384
0.675138
0.000000
1.261701
0.000000
6.121222
0.000000
0.000000
6.364350
6.448102
4.391763
1.425610
0.000000
0.000000
0.000000
0.000000
3.940327
1.717129
1.214506
0.000000
0.000000
0.000000
0.000000
0.000000
3.552544
0.000000
0.734660
0.000000
0.000000
0.000000
0.000000
4.821603
2.739579
0.000000
4.465530
0.000000
0.000000
7.383046
1.330638
6.498540
3.936097
4.229452
13.986709
3.314339
6.316557
10.878572
3.844140
5.893104
4.267142
6.200573
14.974288
5.932727
6.947605
10.482127
4.842719
5.161480
6.260061
7.984615
7.586277
0.000000
3.354521
2.988646
2.899310
3.556493
4.037607
5.564977
7.400313
0.000000
2.246071
0.000000
0.000000
0.000000
3.855230
0.000000
0.000000
0.000000
0.000000
0.000000
0.000000
0.000000
0.000000
0.000000
0.000000
0.000000
0.000000
0.000000
0.000000
0.000000
0.000000
0.000000
0.000000
0.000000
6.143320
0.000000
0.000000
0.000000
0.000000
0.000000
0.797782
0.000000
7.971992
0.000000
0.506179
0.000000
0.357116
3.488355
6.523996
3.836800
7.031949
1.119549
4.148519
0.000000
2.695795
7.417253
5.208034
3.668110
3.687341
0.000000
0.000000
0.000000
0.000000
0.000000
0.000000
2.438449
3.622149
0.000000
0.000000
0.000000
0.000000
1.449397
7.418407
4.408613
5.283030
0.000000
0.000000
0.000000
4.869992
4.458062
8.097930
3.518150
5.903739
0.000000
0.000000
0.000000
3.175454
3.201586
2.944117
0.000000
3.968053
0.000000
3.733052
0.000000
0.000000
0.000000
0.000000
0.000000
0.000000
0.000000
0.000000
0.000000
0.000000
0.000000
0.000000
0.000000
0.000000
0.000000
0.000000
0.000000
0.000000
0.000000
0.000000
0.000000
0.000000
0.000000
0.000000
0.000000
0.000000
0.000000
0.000000
0.000000
0.000000
0.000000
0.000000
0.000000
0.000000
0.000000
0.000000
0.000000
0.000000
0.000000
0.000000
0.000000
0.000000
0.000000
0.000000
0.000000
0.000000
0.000000
0.000000
0.000000
0.000000
0.000000
0.000000
0.000000
0.000000
0.000000
0.000000
0.000000
0.000000
0.000000
0.000000
0.000000
0.000000
0.000000
0.000000
0.000000
0.000000
0.000000
0.000000
0.000000
1.727632
0.174278
0.000000
0.000000
0.000000
0.000000
0.000000
0.000000
0.000000
0.000000
0.000000
0.000000
0.000000
0.000000
0.000000
0.000000
0.000000
0.000000
0.000000
0.000000
0.000000
0.000000
0.000000
0.000000
0.000000
0.000000
0.000000
0.000000
0.000000
0.000000
0.000000
0.000000
0.000000
0.000000
0.000000
0.000000
0.000000
0.000000
0.000000
0.000000
0.000000
0.000000
0.000000
0.000000
0.000000
0.000000
0.000000
0.000000
0.000000
0.000000
0.000000
0.000000
0.000000
0.000000
0.000000
0.000000
0.000000
0.000000
0.000000
0.000000
0.000000
0.000000
0.000000
0.000000
0.000000
0.000000
0.000000
0.000000
0.000000
0.000000
0.000000
0.000000
0.000000
0.000000
0.000000
0.000000
0.000000
0.000000
0.000000
0.000000
0.000000
0.000000
0.000000
0.000000
0.000000
0.000000
0.000000
0.000000
0.000000
0.000000
0.000000
0.000000
0.000000
0.000000
0.000000
0.000000
0.000000
0.000000
0.000000
0.000000
0.000000
0.000000
0.000000
0.000000
0.000000
0.000000
0.000000
0.000000
0.000000
0.000000
0.000000
0.000000
0.000000
0.000000
0.000000
0.000000
0.000000
0.000000
0.000000
0.000000
0.000000
0.000000
0.000000
0.000000
0.000000
0.000000
0.000000
0.000000
0.000000
0.000000
0.000000
0.000000
0.000000
0.000000
0.000000
0.000000
0.000000
0.000000
0.000000
0.000000
0.000000
0.000000
0.000000
0.000000
0.000000
0.000000
0.000000
0.000000
0.000000
0.000000
0.000000
0.000000
4.507405
0.391283
3.939740
0.000000
4.204209
0.000000
0.000000
0.000000
3.646759
0.000000
0.000000
0.000000
0.000000
0.000000
0.000000
0.000000
2.005084
0.000000
0.000000
0.000000
0.000000
0.000000
0.000000
0.000000
0.000000
0.000000
0.000000
0.000000
0.000000
0.000000
0.000000
0.000000
0.000000
0.000000
0.000000
0.000000
0.000000
0.000000
0.000000
0.685600
0.000000
0.000000
0.000000
0.000000
0.000000
0.000000
0.000000
0.000000
0.000000
0.000000
0.000000
0.000000
0.000000
0.000000
0.000000
0.000000
0.000000
0.000000
0.000000
0.000000
0.000000
0.000000
0.000000
0.000000
0.000000
0.000000
0.000000
0.000000
0.000000
0.000000
0.000000
0.000000
0.000000
0.000000
0.000000
0.000000
0.000000
0.000000
0.000000
0.000000
0.000000
0.000000
0.000000
0.000000
0.000000
0.000000
0.000000
0.000000
0.000000
0.000000
0.000000
0.000000
0.000000
0.000000
0.000000
0.000000
0.000000
0.000000
0.000000
0.000000
0.000000
0.000000
0.000000
0.000000
0.000000
0.000000
0.000000
0.000000
0.000000
0.000000
0.000000
0.000000
0.000000
0.000000
0.000000
0.000000
0.000000
0.000000
0.000000
0.000000
0.000000
0.000000
0.000000
0.000000
0.000000
0.000000
0.000000
0.000000
0.000000
0.000000
0.000000
0.000000
0.000000
0.000000
0.000000
0.000000
0.000000
0.000000
0.000000
0.000000
0.000000
0.000000
0.000000
0.000000
0.000000
0.000000
0.000000
0.000000
0.000000
0.000000
0.000000
0.000000
0.000000
0.000000
0.000000
0.000000
0.000000
0.000000
0.000000
0.000000
0.000000
0.000000
0.000000
0.000000
0.000000
0.000000
0.000000
0.000000
0.000000
0.000000
0.000000
0.000000
0.000000
0.000000
0.000000
0.000000
0.000000
0.000000
0.000000
0.000000
0.000000
0.000000
0.000000
0.000000
0.000000
0.000000
0.000000
0.000000
0.000000
0.000000
0.000000
0.000000
0.000000
0.000000
0.000000
0.000000
0.000000
0.000000
0.000000
0.000000
0.000000
0.000000
0.000000
0.000000
0.000000
0.000000
0.000000
0.000000
0.000000
0.000000
0.000000
0.000000
0.000000
0.000000
0.000000
0.000000
0.000000
0.000000
0.000000
0.000000
0.000000
0.000000
0.000000
0.000000
0.000000
0.000000
0.000000
0.000000
0.000000
0.000000
0.000000
0.000000
0.000000
0.000000
0.000000
0.000000
0.000000
0.000000
0.000000
0.000000
0.000000
0.000000
0.000000
0.000000
0.000000
0.000000
0.000000
0.000000
0.000000
0.000000
0.000000
0.000000
0.000000
0.000000
0.000000
0.000000
0.000000
0.000000
0.000000
0.000000
0.000000
0.000000
0.000000
0.000000
0.000000
0.000000
0.000000
0.000000
0.000000
0.000000
0.000000
0.000000
0.000000
0.000000
0.000000
0.000000
0.000000
0.000000
0.000000
0.000000
0.000000
0.000000
0.000000
0.000000
0.000000
0.000000
0.000000
0.000000
0.000000
0.000000
0.000000
0.000000
0.000000
0.000000
0.000000
0.000000
0.000000
0.000000
0.000000
0.000000
0.000000
0.000000
0.000000
0.000000
0.000000
0.000000
0.000000
0.000000
0.000000
0.000000
0.000000
0.000000
0.000000
0.000000
0.000000
0.000000
0.000000
0.000000
0.000000
0.000000
0.000000
0.000000
0.000000
0.000000
0.000000
0.000000
0.000000
0.000000
0.000000
0.000000
0.000000
0.000000
0.000000
0.000000
0.000000
0.000000
0.000000
0.000000
0.000000
3.141772
3.387593
3.576947
3.557352
4.741023
4.996938
5.772111
5.082398
1.190891
1.469926
1.483876
1.060906
0.491459
0.514496
0.000000
2.719233
0.000000
0.000000
5.692881
6.321547
5.749000
6.441160
6.267786
10.588217
4.166704
5.567668
10.537628
10.894547
13.173429
18.827406
16.967287
18.437853
15.839849
19.038193
21.846020
20.334930
23.764664
16.124029
15.748156
13.482676
12.704775
14.174013
12.960216
8.809423
16.572235
14.061364
10.047027
9.013158
7.634222
12.830282
10.827095
9.364120
13.612643
16.512753
7.978838
12.110664
6.903413
7.552543
10.426517
8.524390
13.774530
19.799213
11.639302
10.059856
7.520664
8.005577
11.018337
10.248750
22.262142
12.855113
9.129179
6.315982
6.421157
6.408304
6.219429
4.525321
12.913929
9.989920
5.487330
12.157136
14.160539
11.654643
11.330100
4.768321
10.720101
10.626136
6.642796
11.880234
11.654222
9.420447
8.879080
4.296688
8.170134
9.359320
5.548295
5.765346
13.536236
13.080016
7.350973
1.574974
5.740204
5.415775
3.623692
3.256157
9.534122
8.085306
6.749462
0.000000
0.000000
1.527178
0.000000
4.087801
7.427807
5.936548
7.298199
0.000000
0.000000
0.000000
3.031367
8.349610
5.840658
4.224237
3.561270
2.586968
6.637774
6.251588
15.717031
19.843689
10.104497
12.317209
10.251430
7.962100
10.693850
10.991673
2.521117
7.564838
5.818944
2.567646
3.357150
1.415164
2.113297
2.442625
1.897814
0.987408
0.000000
0.000000
0.000000
0.000000
3.581908
6.092382
8.420502
1.678762
0.445790
0.000000
0.000000
1.885390
9.948349
12.600945
11.457379
9.736912
5.545617
0.684947
1.219006
4.687049
11.531786
11.935919
2.034452
8.202803
2.206644
1.628728
0.000000
6.839174
12.000656
14.823520
8.465155
7.629821
10.390763
5.540319
1.205241
3.368388
11.209933
15.198112
13.334871
10.435881
16.276192
14.007617
13.630354
14.043009
15.929270
5.980715
6.311421
6.117183
10.728481
2.145275
6.009612
6.816595
6.699678
6.398740
6.084053
6.096262
7.632060
2.645769
1.585787
4.928420
4.300940
8.595445
7.684425
6.188790
6.094664
9.847916
7.744550
8.645430
9.672813
11.740294
7.668518
9.448790
6.537264
13.098965
14.292544
16.502886
13.623240
9.808740
6.953136
6.105750
6.775510
10.949273
8.255812
7.750552
9.845926
7.192194
0.698690
0.431405
3.369695
6.151063
15.098581
13.207680
16.229002
9.941349
5.839370
2.558805
2.953590
8.564401
16.710686
12.757886
13.908280
8.987501
11.369147
4.080414
4.762289
4.707304
13.236975
9.701342
1.034691
4.482750
11.221926
3.181058
2.928944
8.060637
10.692655
3.450190
0.000000
0.000000
3.293413
0.000000
0.000000
7.786784
8.052401
1.282414
0.000000
0.000000
2.584011
0.251953
0.610857
4.637647
2.386358
3.552572
1.967136
4.468517
5.818115
3.473602
0.000000
0.000000
0.000000
0.000000
0.000000
0.000000
0.000000
0.000000
0.000000
0.000000
0.000000
0.000000
0.000000
0.000000
0.000000
0.000000
0.000000
0.000000
0.000000
0.000000
0.000000
0.000000
0.000000
0.000000
0.000000
0.000000
0.000000
0.000000
0.000000
0.000000
0.000000
0.000000
0.000000
0.000000
0.000000
0.000000
0.000000
0.000000
0.000000
0.000000
0.000000
0.000000
0.000000
0.000000
0.000000
0.000000
0.000000
0.000000
0.000000
0.000000
0.000000
0.000000
0.000000
0.000000
0.000000
0.000000
0.000000
0.000000
0.000000
0.000000
0.000000
0.000000
0.000000
0.000000
0.000000
0.000000
0.000000
0.000000
0.000000
0.000000
0.000000
0.000000
0.000000
0.000000
0.000000
0.000000
0.000000
0.000000
0.000000
0.000000
0.000000
0.000000
0.000000
0.000000
0.000000
0.000000
0.000000
0.000000
0.000000
0.000000
0.000000
0.000000
0.000000
0.000000
0.000000
0.000000
0.000000
0.000000
0.000000
0.000000
0.000000
0.000000
0.000000
0.000000
0.000000
0.000000
0.000000
0.000000
0.000000
0.000000
0.000000
0.000000
0.000000
0.000000
0.000000
0.000000
0.000000
0.000000
0.000000
0.000000
0.000000
0.000000
0.000000
0.000000
0.000000
0.000000
0.000000
0.000000
0.000000
0.000000
0.000000
0.000000
0.000000
0.000000
0.000000
0.000000
0.000000
0.000000
0.000000
0.000000
0.000000
0.000000
0.000000
0.000000
0.000000
0.000000
0.000000
0.000000
0.000000
0.000000
0.000000
0.000000
0.000000
0.000000
0.000000
0.000000
0.000000
0.000000
0.000000
0.000000
0.000000
0.000000
0.000000
0.000000
0.000000
0.000000
0.000000
0.000000
0.000000
0.000000
0.000000
0.000000
0.000000
0.000000
0.000000
0.000000
0.000000
0.000000
0.000000
0.000000
0.000000
0.000000
0.000000
0.000000
0.000000
0.000000
0.000000
0.000000
0.000000
0.000000
0.000000
0.000000
0.000000
0.000000
0.000000
0.000000
0.000000
0.000000
0.000000
0.000000
0.000000
0.000000
0.000000
0.000000
0.000000
0.000000
0.000000
0.000000
0.000000
0.000000
0.000000
0.000000
0.000000
0.000000
0.000000
0.000000
0.000000
0.000000
0.000000
0.000000
0.000000
0.000000
0.000000
0.000000
0.000000
0.000000
0.000000
0.000000
0.000000
0.000000
0.000000
0.000000
0.000000
0.000000
0.000000
0.000000
0.000000
0.000000
0.000000
0.000000
0.000000
0.000000
0.000000
0.000000
0.000000
0.000000
0.000000
0.000000
0.000000
0.000000
0.000000
0.000000
0.000000
0.000000
0.000000
0.000000
0.000000
0.000000
0.000000
0.000000
0.000000
0.000000
0.000000
0.000000
0.000000
0.000000
0.000000
0.000000
0.000000
0.000000
0.000000
0.000000
0.000000
0.000000
0.000000
0.000000
0.000000
0.000000
0.000000
0.000000
0.000000
0.000000
0.000000
0.000000
0.000000
0.000000
0.000000
0.000000
0.000000
0.000000
0.000000
0.000000
0.000000
0.000000
0.000000
0.000000
0.000000
0.000000
0.000000
0.000000
0.000000
0.000000
0.000000
0.000000
0.000000
0.000000
0.000000
0.000000
0.000000
0.000000
0.000000
0.000000
0.000000
0.000000
0.000000
0.000000
0.000000
0.000000
0.000000
0.000000
0.000000
0.000000
0.000000
0.000000
0.000000
0.000000
0.000000
0.000000
0.000000
0.000000
0.000000
0.000000
0.000000
0.000000
0.000000
0.000000
0.000000
0.000000
0.000000
0.000000
0.000000
0.000000
0.000000
0.000000
0.000000
0.000000
0.000000
0.000000
0.000000
0.000000
0.000000
0.000000
0.000000
0.000000
0.000000
0.000000
0.000000
0.000000
0.000000
0.000000
0.000000
0.000000
0.000000
0.000000
0.000000
0.000000
0.000000
0.000000
0.000000
0.000000
0.000000
0.000000
0.000000
0.000000
0.000000
0.000000
0.000000
0.000000
0.000000
0.000000
0.000000
0.000000
0.000000
0.000000
0.000000
0.000000
0.000000
0.000000
0.000000
0.000000
0.000000
0.000000
0.000000
0.000000
0.000000
0.000000
0.000000
0.000000
0.000000
0.000000
0.000000
0.000000
0.000000
0.000000
0.000000
0.000000
0.000000
0.000000
0.000000
0.000000
0.000000
0.000000
0.000000
0.000000
0.000000
0.000000
0.000000
0.000000
0.000000
0.000000
0.000000
0.000000
0.000000
0.000000
0.000000
0.000000
0.000000
0.000000
0.000000
0.000000
0.000000
0.000000
0.000000
0.000000
0.000000
0.000000
0.000000
0.000000
0.000000
0.000000
0.000000
0.000000
0.000000
0.000000
0.000000
0.000000
0.000000
0.000000
0.000000
0.000000
0.000000
0.000000
0.000000
0.000000
0.000000
0.000000
0.000000
0.000000
0.000000
0.000000
0.000000
0.000000
0.000000
0.000000
0.000000
0.000000
0.000000
0.000000
0.000000
0.000000
0.000000
0.000000
0.000000
0.000000
0.000000
0.000000
0.000000
0.000000
0.000000
0.000000
0.000000
0.000000
0.000000
0.000000
0.000000
0.000000
0.000000
0.000000
0.000000
0.000000
0.000000
0.000000
0.000000
0.000000
0.000000
0.000000
0.000000
0.000000
0.000000
0.000000
0.000000
0.000000
0.000000
0.000000
0.000000
0.000000
0.000000
0.000000
0.000000
0.000000
0.000000
0.000000
0.000000
0.000000
0.000000
0.000000
0.000000
0.000000
0.000000
0.000000
0.000000
0.000000
0.000000
0.000000
0.000000
0.000000
0.000000
0.000000
0.000000
0.000000
0.000000
0.000000
0.000000
0.000000
0.000000
0.000000
0.000000
0.000000
0.000000
0.000000
0.000000
0.000000
0.000000
0.000000
0.000000
0.000000
0.000000
0.000000
0.000000
0.000000
0.000000
0.000000
0.000000
0.000000
0.000000
0.000000
0.000000
0.000000
0.000000
0.000000
0.000000
0.000000
0.000000
0.000000
0.000000
0.000000
0.000000
0.000000
0.000000
0.000000
0.000000
0.000000
0.000000
0.000000
0.000000
0.000000
0.000000
0.000000
0.000000
0.000000
0.000000
0.000000
0.000000
0.000000
0.000000
0.000000
0.000000
0.000000
0.000000
1.014529
0.000000
0.696728
0.000000
0.000000
7.049441
4.074989
1.852080
0.000000
0.000000
0.000000
0.437773
0.000000
0.853931
0.000000
2.627844
0.000000
0.000000
0.000000
3.619187
2.378745
0.748381
0.000000
4.662606
4.154100
0.600280
4.039159
3.456282
0.326681
2.050227
2.448278
5.946907
6.674416
1.540239
7.437673
2.676484
0.000000
0.000000
0.000000
7.807718
5.218974
3.393858
0.000000
0.000000
0.000000
0.000000
0.000000
3.742953
3.814149
0.000000
0.091319
4.797411
1.021119
3.879404
0.000000
3.472498
4.505923
0.000000
6.004068
6.812232
1.756971
2.979745
1.728116
0.000000
1.878817
0.000000
1.927059
4.615411
5.683666
1.858856
2.189845
0.000000
0.000000
0.000000
0.000000
0.000000
0.000000
0.000000
0.414014
0.000000
1.080422
0.000000
0.000000
0.000000
0.000000
0.000000
0.000000
0.000000
0.000000
0.000000
0.000000
0.000000
0.000000
0.000000
0.000000
0.000000
0.000000
0.396166
7.958670
0.000000
0.379236
3.403863
6.675133
3.693417
3.853616
0.000000
8.227726
0.000000
0.000000
5.929382
8.985851
2.837484
7.071375
2.769325
3.148712
0.000000
0.000000
4.428144
5.190682
3.859982
6.357122
1.659202
0.000000
0.000000
0.000000
0.983821
0.243721
0.000000
0.000000
0.000000
1.851406
0.000000
0.000000
0.874616
0.000000
0.000000
0.998489
0.000000
5.505878
0.000000
0.000000
0.000000
0.000000
0.000000
1.166766
0.000000
3.145012
0.000000
0.000000
0.000000
0.000000
0.000000
0.000000
0.000000
0.581135
1.335471
0.000000
3.770660
0.191436
0.000000
0.000000
0.000000
0.000000
0.000000
0.000000
0.000000
0.000000
0.000000
0.000000
0.000000
0.000000
0.000000
0.919540
0.000000
0.000000
0.000000
0.000000
0.000000
0.000000
0.000000
1.653550
3.465492
3.931850
4.851746
0.000000
0.000000
0.000000
0.352047
1.456798
0.119316
0.000000
0.000000
0.000000
0.021778
0.000000
0.000000
1.126415
0.000000
0.000000
0.000000
0.000000
0.000000
0.000000
0.000000
0.000000
0.000000
0.000000
0.405531
0.136839
0.000000
0.000000
0.000000
0.000000
1.074816
0.000000
0.000000
0.000000
1.585220
0.000000
0.779030
0.000000
0.489051
0.000000
0.000000
0.000000
0.000000
0.000000
1.161625
1.459918
1.358684
0.000000
0.000000
0.000000
0.000000
0.000000
0.000000
6.320098
4.837902
0.000000
0.000000
0.000000
0.000000
0.000000
0.000000
0.000000
0.000000
0.000000
0.000000
0.000000
0.000000
0.000000
0.000000
0.000000
0.000000
0.000000
0.000000
0.000000
0.000000
0.000000
0.000000
0.000000
1.663168
3.387450
0.648023
0.613859
1.104867
4.046137
0.000000
0.000000
8.585963
10.012767
7.123415
5.190854
10.033813
9.335068
5.000665
8.259286
16.091516
16.352634
12.922647
0.000000
0.000000
0.000000
0.000000
0.000000
0.000000
1.135367
0.000000
1.593611
0.371858
4.467969
0.000000
0.000000
0.000000
0.000000
0.000000
2.986992
0.628262
3.207798
0.000000
0.000000
1.590410
0.000000
0.000000
0.000000
3.538201
0.000000
0.000000
0.000000
0.000000
0.000000
0.000000
0.000000
0.000000
0.000000
0.000000
0.000000
0.000000
0.000000
0.000000
0.000000
0.000000
0.000000
0.000000
0.000000
1.778548
0.000000
0.000000
0.000000
0.000000
0.000000
0.000000
1.997898
0.000000
0.000000
0.000000
0.000000
0.000000
0.000000
0.000000
0.000000
0.000000
0.000000
0.000000
0.000000
0.000000
0.000000
0.000000
0.000000
0.000000
0.000000
0.000000
0.000000
0.000000
0.000000
0.000000
1.136274
0.000000
1.975474
0.007618
0.000000
4.035151
7.879937
1.870607
1.539746
1.412334
6.703289
7.270016
8.825417
11.688790
12.278682
0.000000
0.555831
2.857949
0.000000
8.932035
9.885544
0.000000
0.000000
0.000000
0.000000
0.000000
0.000000
0.000000
0.000000
0.000000
0.000000
7.413099
1.582200
1.956522
0.000000
0.000000
0.000000
0.000000
0.000000
5.330640
0.000000
0.090131
0.000000
0.000000
0.000000
0.000000
0.000000
0.479662
0.000000
0.000000
0.000000
0.000000
3.820800
0.000000
0.000000
0.000000
0.000000
0.000000
0.000000
1.416562
9.305772
0.000000
0.000000
0.000000
0.000000
0.000000
0.000000
0.989384
8.481174
0.000000
3.431051
0.672732
6.915691
0.000000
0.000000
9.791067
3.136964
0.000000
0.000000
0.000000
0.000000
0.000000
0.000000
0.000000
2.193147
0.000000
0.000000
0.000000
0.000000
0.000000
0.000000
0.000000
0.000000
0.000000
0.000000
0.068065
0.000000
0.000000
0.000000
0.000000
0.826259
0.000000
0.000000
0.000000
0.000000
0.000000
0.000000
0.000000
0.000000
0.000000
0.000000
0.000000
0.000000
0.000000
0.000000
0.000000
0.000000
0.000000
0.000000
0.000000
0.000000
0.000000
1.287823
1.832554
0.000000
0.000000
0.000000
0.000000
0.000000
0.000000
6.288480
0.978029
0.000000
3.848728
0.000000
0.000000
0.000000
0.000000
0.000000
0.000000
0.000000
0.000000
0.000000
0.000000
0.000000
0.000000
0.000000
0.000000
0.000000
0.000000
0.000000
0.000000
0.000000
0.000000
0.000000
0.000000
0.000000
0.000000
0.000000
0.000000
0.000000
0.000000
0.000000
0.000000
2.120579
4.196961
1.670947
5.804812
5.972649
8.662632
14.052421
14.176957
3.415257
1.495151
4.349655
0.000000
0.000000
0.000000
0.000000
0.000000
0.000000
0.000000
0.000000
0.000000
0.000000
0.000000
0.000000
0.000000
0.000000
0.000000
0.000000
0.000000
0.000000
0.000000
0.000000
0.000000
0.000000
0.000000
0.000000
0.000000
0.000000
0.000000
0.000000
0.000000
0.000000
0.000000
0.000000
0.000000
0.000000
0.000000
0.000000
0.000000
0.000000
0.000000
0.000000
0.000000
0.000000
0.000000
0.000000
0.000000
0.000000
0.000000
0.000000
0.000000
0.000000
0.000000
0.000000
0.000000
0.000000
0.000000
0.000000
0.000000
0.000000
0.000000
0.000000
0.000000
0.000000
0.000000
0.000000
0.000000
0.000000
0.000000
0.000000
0.000000
0.000000
0.000000
0.000000
0.000000
0.000000
0.000000
0.000000
0.000000
0.000000
0.000000
0.000000
0.000000
0.000000
0.000000
0.000000
0.000000
0.000000
0.000000
0.000000
0.000000
0.000000
0.000000
0.000000
0.000000
0.000000
0.000000
0.000000
0.000000
0.000000
0.000000
0.000000
0.000000
0.000000
0.000000
0.000000
0.000000
0.000000
0.000000
0.000000
0.000000
0.000000
0.000000
0.000000
0.000000
0.000000
0.000000
0.000000
0.000000
0.000000
0.000000
0.000000
0.000000
0.000000
0.000000
0.000000
0.000000
0.000000
0.000000
0.000000
0.000000
0.000000
0.000000
0.000000
0.000000
0.000000
0.000000
0.000000
0.000000
0.000000
0.000000
0.000000
0.000000
0.000000
0.000000
0.000000
0.000000
0.000000
0.000000
0.000000
0.000000
0.000000
0.000000
0.000000
0.000000
0.000000
0.000000
0.000000
0.000000
0.000000
0.000000
0.000000
0.000000
0.000000
0.000000
0.000000
0.000000
0.000000
0.000000
0.000000
0.000000
0.000000
0.000000
0.000000
0.000000
0.000000
0.000000
0.000000
0.000000
0.000000
0.000000
0.000000
0.000000
0.000000
0.000000
0.000000
0.000000
0.000000
0.000000
0.000000
0.000000
0.000000
0.000000
0.000000
0.000000
0.000000
0.000000
0.000000
0.000000
0.000000
0.000000
0.000000
0.000000
0.000000
0.000000
0.000000
0.000000
0.000000
0.000000
0.000000
0.000000
0.000000
0.000000
0.000000
0.000000
0.000000
0.000000
0.000000
0.000000
0.000000
0.000000
0.000000
0.000000
0.000000
0.000000
0.000000
0.000000
0.000000
0.000000
0.000000
0.000000
0.000000
0.000000
0.000000
0.000000
0.000000
0.000000
0.000000
0.000000
0.000000
0.000000
0.000000
0.000000
0.000000
0.000000
0.000000
0.000000
0.000000
0.000000
0.000000
0.000000
0.000000
0.000000
0.000000
0.000000
0.000000
0.000000
0.000000
0.000000
0.000000
0.000000
0.000000
0.000000
0.000000
0.000000
0.000000
0.000000
0.000000
0.000000
0.000000
0.000000
0.000000
0.000000
0.000000
0.000000
0.000000
0.000000
0.000000
0.000000
0.000000
0.000000
0.000000
1.238850
1.412374
1.597911
1.949099
3.418524
3.602845
3.154928
3.460012
2.292067
2.847610
0.000000
0.000000
0.000000
0.000000
0.000000
0.000000
0.000000
0.000000
0.000000
0.000000
0.000000
0.000000
0.000000
0.000000
0.000000
0.000000
0.000000
0.000000
0.000000
0.000000
0.000000
0.000000
0.000000
0.000000
0.000000
0.000000
0.000000
0.000000
0.000000
3.351943
0.083788
0.000000
0.000000
0.000000
1.426419
0.000000
2.698941
5.760079
4.278808
1.569497
1.944511
0.599364
4.156298
2.386315
4.534855
2.463964
6.174404
2.649096
3.932919
1.262040
3.505425
2.047916
0.000000
1.242525
1.551203
0.000000
0.050772
0.000000
4.294877
2.598026
0.000000
0.000000
0.000000
0.000000
0.000000
0.000000
2.309171
0.859019
0.000000
0.000000
1.101462
0.000000
2.152017
0.651282
5.687410
0.941363
0.000000
1.602927
3.666183
2.478317
1.580603
2.601520
1.462626
0.000000
0.000000
4.094872
5.052506
2.593161
1.622338
5.594690
0.000000
0.434573
4.604837
3.968900
2.919999
2.032487
2.014816
3.932957
0.000000
1.741695
4.040541
0.000000
0.000000
0.000000
0.000000
0.000000
0.000000
0.000000
0.000000
0.000000
0.000000
0.000000
0.000000
0.000000
0.000000
0.000000
0.000000
0.678953
0.000000
0.000000
3.538762
5.823971
11.323561
9.511203
0.000000
2.671249
0.000000
0.000000
2.006980
5.725239
7.518280
7.454955
0.000000
5.113690
0.000000
0.000000
5.142930
6.714667
9.375027
9.953732
0.041015
3.829253
0.000000
0.000000
3.866480
5.561291
3.541206
5.727859
1.546149
1.188108
0.000000
0.000000
1.064903
1.148471
0.000000
0.635939
0.328455
0.000000
0.000000
0.000000
0.000000
3.843161
0.000000
2.282887
0.335178
0.000000
0.000000
0.000000
0.000000
2.813799
0.000000
3.948832
0.901022
0.000000
0.000000
1.213672
0.000000
0.000000
0.000000
0.000000
0.000000
0.000000
0.000000
0.000000
0.000000
0.000000
0.000000
0.000000
0.000000
0.000000
0.000000
0.000000
0.000000
0.000000
0.000000
0.000000
0.000000
0.000000
0.000000
0.000000
0.000000
0.000000
0.561997
4.329289
0.624248
0.463096
0.000000
0.000000
0.000000
0.000000
3.677418
4.783078
5.128155
3.033026
1.004797
0.939343
0.000000
0.000000
1.114232
0.642315
0.000000
0.000000
0.077196
0.000000
0.000000
0.698443
0.000000
0.000000
0.000000
0.000000
0.000000
0.000000
0.000000
0.000000
0.000000
0.000000
0.000000
0.000000
0.000000
0.000000
0.000000
0.000000
0.000000
0.000000
0.000000
0.000000
0.000000
0.000000
0.000000
0.000000
2.623684
0.000000
0.000000
0.000000
0.000000
0.000000
4.484694
3.283848
0.442764
0.000000
0.000000
0.000000
0.000000
0.000000
0.000000
0.000000
0.000000
0.000000
0.000000
0.000000
0.000000
0.000000
0.000000
0.000000
0.000000
0.000000
0.000000
0.000000
0.000000
0.000000
0.000000
0.000000
0.000000
0.000000
0.000000
0.000000
0.000000
0.000000
0.000000
0.000000
0.000000
0.000000
0.000000
0.000000
0.000000
0.000000
0.000000
0.000000
0.000000
0.000000
0.000000
0.000000
0.000000
0.000000
0.000000
0.000000
0.000000
0.000000
0.000000
0.000000
0.000000
0.000000
0.000000
0.000000
0.000000
1.513611
2.262867
2.623976
4.884033
0.911658
2.955287
1.422108
0.990155
3.013998
3.904671
1.172485
1.750591
0.000000
0.000000
0.000000
0.000000
0.137522
3.361763
0.000000
1.269274
0.000000
1.397937
0.000000
0.000000
0.000000
0.000000
2.628409
1.400730
0.000000
1.724056
0.269269
0.000000
0.839965
0.000000
0.000000
0.000000
0.000000
0.000000
0.916594
5.479697
1.730875
0.659633
0.995089
0.000000
0.278087
1.171442
2.089608
6.417116
0.000000
1.509670
0.000000
0.000000
0.000000
1.321449
0.000000
3.934297
0.000000
3.265723
0.000000
0.111631
1.670837
1.421479
0.000000
2.381967
1.862890
3.259226
2.508765
4.430472
3.448937
2.131369
1.158362
1.385598
3.096034
2.511875
6.701891
0.000000
1.311462
3.969943
2.340201
2.711364
3.170084
0.000000
0.000000
0.000000
0.000000
0.000000
0.000000
0.000000
0.000000
0.000000
0.000000
0.000000
0.000000
0.000000
0.000000
0.000000
0.000000
0.000000
0.000000
0.000000
0.000000
0.000000
0.000000
0.000000
0.000000
0.000000
0.000000
0.000000
0.000000
0.000000
0.000000
0.000000
0.000000
0.000000
0.000000
0.000000
0.000000
0.000000
0.000000
0.000000
0.000000
0.000000
0.000000
0.000000
0.000000
0.000000
0.453259
0.000000
0.000000
1.968287
0.000000
0.000000
0.000000
0.000000
4.808506
3.120767
2.858612
3.814429
0.000000
0.000000
0.000000
0.000000
1.279271
0.000000
1.637804
4.729525
4.730660
0.000000
2.902709
0.000000
3.215650
2.320148
1.251665
5.044626
6.247773
3.364278
0.577176
1.175372
0.689244
0.000000
0.000000
0.000000
1.432803
1.357050
0.000000
0.000000
0.000000
0.000000
1.057142
0.000000
0.000000
0.000000
2.480997
0.000000
0.000000
0.000000
2.403248
0.000000
0.000000
0.000000
0.000000
3.273533
4.350876
2.504016
4.840988
0.000000
0.691947
1.596022
2.377345
4.039840
9.677188
7.561632
6.263988
0.000000
4.916865
6.366599
5.139867
1.375054
7.538623
3.139921
1.276486
0.000000
0.842042
2.692614
3.866712
0.000000
0.000000
0.000000
0.000000
0.000000
0.000000
0.000000
0.000000
0.000000
0.000000
0.000000
0.000000
0.000000
0.000000
0.000000
0.000000
0.000000
0.000000
0.531613
1.912646
1.255871
3.274940
2.338351
3.360884
5.247436
7.139902
5.364799
6.172350
4.282563
4.378120
0.000000
0.000000
0.000000
0.000000
0.000000
0.000000
0.000000
0.000000
0.000000
0.000000
0.000000
0.000000
0.000000
0.000000
0.000000
0.000000
0.000000
0.000000
0.000000
0.000000
0.000000
0.000000
0.000000
0.000000
0.000000
0.000000
0.000000
0.000000
0.000000
0.000000
0.000000
0.000000
0.000000
0.000000
0.000000
0.000000
0.000000
0.000000
0.000000
0.000000
0.000000
0.000000
0.000000
0.000000
0.000000
0.000000
0.000000
6.554886
0.000000
0.000000
0.000000
0.000000
0.000000
0.000000
0.000000
0.000000
0.000000
0.000000
0.000000
0.000000
0.000000
0.000000
0.000000
0.000000
0.229408
1.515944
0.000000
0.000000
0.000000
0.000000
0.000000
0.000000
0.000000
0.000000
0.000000
0.000000
0.000000
0.000000
0.000000
0.000000
0.000000
0.000000
0.000000
0.000000
0.000000
0.000000
0.000000
0.000000
0.000000
0.000000
1.841030
0.000000
4.705391
0.000000
2.328799
2.930325
2.665382
0.000000
0.877592
3.866752
4.262742
0.093394
2.144280
1.045981
0.000000
0.000000
0.000000
6.958250
0.000000
0.000000
6.397323
1.365484
2.869300
0.527290
1.747940
3.849077
1.780262
3.232708
7.500711
0.000000
2.581434
2.470532
0.000000
0.000000
0.000000
0.000000
0.000000
0.000000
0.000000
0.000000
0.000000
0.000000
0.000000
0.000000
0.000000
0.000000
0.000000
0.000000
0.000000
0.000000
2.999737
0.439138
1.625008
3.058659
1.285826
0.000000
0.000000
1.805244
0.250182
1.240230
1.830402
0.000000
0.197070
0.000000
0.000000
0.000000
0.000000
0.000000
0.825416
0.000000
0.000000
0.000000
0.000000
0.000000
0.000000
0.575119
0.000000
0.000000
0.000000
0.000000
0.000000
0.000000
0.000000
0.000000
0.000000
0.000000
0.000000
0.000000
0.000000
4.008949
0.000000
0.000000
0.000000
0.000000
0.000000
0.000000
0.000000
0.000000
0.000000
2.786145
3.101239
1.622779
1.716812
0.000000
0.328472
0.000000
0.000000
0.181558
2.389549
0.000000
3.821347
0.000000
0.000000
0.000000
0.000000
0.000000
0.000000
0.000000
0.000000
0.008465
0.000000
0.000000
0.000000
1.497400
0.000000
0.000000
0.244279
1.611336
6.747224
2.199213
1.919024
2.451699
0.000000
0.000000
0.716971
0.000000
1.902587
6.254599
0.000000
3.411510
0.000000
4.160138
8.246291
0.832750
0.000000
7.512988
0.000000
1.827013
0.000000
4.767579
3.100760
1.514007
4.597198
13.548452
4.853779
5.055180
2.228819
5.476510
1.572560
1.967165
0.000000
10.721716
7.496476
2.561913
0.000000
2.899769
4.296118
2.073802
0.000000
4.735084
0.000000
0.000000
0.000000
0.000000
0.627994
0.000000
0.000000
11.802732
2.963570
2.868718
2.738931
0.007146
1.968442
1.980549
1.846832
8.112313
2.888967
0.000000
0.000000
0.000000
0.475661
0.421426
0.239595
0.000000
0.248997
0.000000
0.385161
0.000000
0.000000
0.000000
0.000000
0.000000
0.000000
0.000000
0.000000
0.000000
0.000000
0.000000
0.000000
0.000000
0.000000
0.000000
0.000000
0.000000
0.000000
0.000000
0.000000
0.000000
0.000000
0.000000
0.000000
0.000000
0.000000
0.000000
0.000000
0.000000
0.000000
0.000000
0.000000
0.000000
0.000000
0.000000
0.000000
0.000000
0.000000
0.000000
0.000000
0.000000
0.000000
0.000000
0.000000
0.000000
0.000000
0.000000
0.000000
0.000000
0.000000
0.000000
0.000000
0.000000
0.000000
0.000000
0.000000
0.000000
0.000000
0.000000
0.000000
0.000000
0.000000
0.000000
0.000000
0.000000
0.000000
0.000000
0.000000
0.000000
0.000000
0.000000
0.000000
0.000000
0.000000
0.000000
0.000000
0.000000
0.000000
0.000000
0.000000
0.000000
0.000000
0.000000
0.000000
0.000000
0.000000
0.000000
0.000000
0.000000
0.000000
0.000000
0.000000
0.000000
0.000000
0.000000
0.000000
0.000000
0.000000
0.000000
0.000000
0.000000
0.000000
0.000000
0.000000
0.000000
0.000000
0.000000
0.000000
0.000000
0.000000
0.000000
0.000000
0.000000
0.000000
0.000000
0.000000
0.000000
0.000000
0.000000
0.000000
0.000000
0.000000
0.000000
0.000000
0.000000
0.000000
0.000000
0.000000
0.000000
0.000000
0.000000
0.000000
0.000000
0.000000
0.000000
0.000000
0.000000
0.000000
0.000000
0.000000
0.000000
0.000000
0.000000
0.000000
0.000000
0.000000
0.000000
0.000000
0.000000
0.000000
0.000000
0.000000
0.000000
0.000000
0.000000
0.000000
0.000000
0.000000
0.000000
0.000000
0.000000
0.000000
0.000000
0.000000
0.000000
0.000000
0.000000
0.000000
0.000000
0.000000
0.000000
0.000000
0.000000
0.000000
0.000000
0.000000
0.000000
0.000000
0.000000
0.000000
0.000000
0.000000
0.000000
0.000000
0.000000
0.000000
0.000000
0.000000
0.000000
0.000000
0.000000
0.000000
0.000000
0.000000
0.000000
0.000000
0.000000
0.000000
0.000000
0.000000
0.000000
0.000000
0.000000
0.000000
0.000000
0.000000
0.000000
0.000000
0.000000
0.000000
0.000000
0.000000
0.000000
0.000000
0.000000
0.000000
0.000000
0.000000
0.000000
0.000000
0.000000
0.000000
0.000000
0.000000
0.000000
0.000000
0.000000
0.000000
0.000000
0.506215
0.000000
0.000000
0.000000
0.000000
0.000000
0.000000
0.000000
0.000000
0.000000
0.000000
0.000000
0.000000
0.000000
0.000000
0.000000
0.000000
0.000000
0.000000
0.000000
0.000000
0.000000
0.000000
0.000000
0.000000
0.000000
0.000000
0.000000
0.000000
0.000000
0.000000
0.000000
0.000000
0.000000
0.000000
0.000000
0.000000
0.000000
0.000000
0.000000
0.000000
0.000000
0.000000
0.000000
0.000000
0.000000
0.000000
0.000000
0.000000
0.000000
0.000000
0.000000
0.000000
0.000000
4.385361
6.626726
2.927576
0.795635
0.000000
11.317430
4.452794
5.663644
7.212269
9.971290
6.970670
5.774561
5.881065
12.550882
11.133028
15.216006
16.273264
17.650980
13.602984
0.000000
1.278926
5.352459
0.000000
1.191270
0.283387
3.094456
0.440807
4.292512
3.633453
9.618855
0.000000
1.776210
2.115267
5.649075
1.019786
1.690242
1.555436
4.147033
0.000000
0.000000
1.575702
5.095723
1.323154
0.000000
0.000000
1.629231
1.630494
0.000000
0.000000
0.000000
0.000000
0.000000
0.000000
0.213073
0.717306
0.000000
0.164419
0.572982
0.000000
0.000000
0.000000
6.682239
4.775844
4.519922
4.460326
4.633896
3.407525
0.000000
3.730541
5.660040
0.000000
1.792380
0.000000
0.000000
1.963665
0.422721
0.000000
1.302596
0.000000
1.153143
0.000000
0.137699
3.316683
7.673345
2.194479
3.161226
0.000000
0.175154
0.574058
2.251096
4.139522
8.330452
2.416227
9.656670
3.100738
2.649927
4.512549
7.319724
4.578444
6.754763
7.908696
15.034430
8.833922
3.423808
12.542645
15.211817
12.907139
14.833941
18.947025
15.928669
6.734837
2.973628
9.852319
8.660679
9.495119
6.801510
0.000000
0.000000
0.000000
0.000000
0.000000
0.000000
0.000000
0.000000
7.394789
2.971942
0.876778
0.000000
2.176512
0.085125
6.194497
5.237032
5.997684
1.332892
1.015014
2.228776
0.132150
5.139060
4.986407
1.702053
5.175098
0.882771
1.061878
2.618166
4.608809
8.005776
6.313590
4.551807
7.349454
0.323767
0.000000
5.151132
2.893077
6.905144
11.848889
9.269526
5.625040
1.941680
1.159004
4.319579
0.694802
0.000000
0.599157
0.000000
0.000000
2.118423
3.055604
11.085904
3.519068
0.532518
2.993618
0.000000
0.000000
0.000000
0.000000
0.000000
0.000000
0.000000
0.000000
0.314262
0.000000
0.000000
1.884637
0.000000
0.000000
0.000000
0.000000
1.501286
0.122841
0.000000
2.844532
0.000000
0.000000
0.253036
6.772165
4.474813
1.743839
1.952070
0.000000
0.000000
0.000000
2.483395
0.000000
0.824098
0.000000
0.000000
0.000000
1.945295
0.000000
3.163230
6.307862
0.000000
0.000000
0.000000
0.000000
0.000000
4.999840
2.596175
4.674220
0.000000
4.274335
1.837823
1.987461
2.641579
0.000000
0.462323
2.628138
0.000000
4.877585
2.139561
2.307250
0.000000
0.375898
0.000000
6.190900
3.118557
3.499759
2.801369
2.678459
1.400182
14.005919
11.520166
12.340213
11.812027
11.234605
6.252455
6.826124
2.277736
15.694324
18.650679
13.098936
17.172421
13.993713
11.742954
10.551190
3.431939
12.853086
20.956434
17.577971
12.605089
10.613777
8.369147
13.507343
11.922197
14.210070
23.791824
25.667763
5.175592
5.565061
9.024717
0.000000
0.000000
0.000000
0.000000
0.000000
0.000000
0.000000
0.000000
0.000000
0.000000
0.000000
0.000000
0.000000
0.000000
0.000000
0.000000
0.000000
0.000000
0.000000
0.000000
0.000000
0.000000
0.000000
0.000000
0.000000
0.000000
0.000000
0.000000
0.000000
0.000000
0.000000
0.000000
0.000000
0.000000
0.000000
0.000000
0.000000
0.000000
0.000000
0.000000
0.000000
0.000000
0.000000
0.000000
0.000000
0.000000
0.000000
0.000000
0.000000
0.000000
0.000000
0.000000
0.000000
0.000000
0.000000
0.000000
0.000000
0.000000
0.000000
0.000000
0.000000
0.000000
0.000000
0.000000
0.000000
0.000000
0.000000
0.000000
0.000000
0.000000
0.000000
0.000000
0.000000
0.000000
0.000000
0.000000
0.000000
0.000000
0.000000
0.000000
0.000000
0.000000
0.000000
0.000000
0.000000
0.000000
0.000000
0.000000
0.000000
0.000000
0.000000
0.000000
0.000000
0.000000
0.000000
0.000000
0.000000
0.000000
0.000000
0.000000
0.000000
0.000000
0.000000
0.000000
0.000000
0.000000
0.000000
0.000000
0.000000
0.000000
0.000000
0.000000
0.000000
0.000000
0.000000
2.234840
0.000000
0.000000
0.267029
0.000000
0.000000
0.000000
0.000000
0.000000
0.000000
0.000000
0.000000
0.000000
0.000000
0.000000
0.000000
0.000000
0.000000
0.000000
0.000000
0.000000
0.000000
0.000000
0.000000
0.000000
0.000000
0.000000
0.000000
0.000000
0.000000
0.000000
0.000000
0.000000
0.000000
0.000000
0.000000
0.000000
0.000000
0.000000
0.000000
0.000000
0.000000
0.000000
0.000000
0.000000
0.000000
0.000000
0.000000
0.000000
0.000000
0.000000
0.000000
0.000000
0.000000
0.000000
0.000000
0.000000
0.000000
0.000000
0.000000
0.000000
0.000000
0.000000
0.000000
0.000000
0.000000
0.000000
0.000000
0.000000
0.000000
0.000000
0.000000
0.000000
0.000000
0.000000
0.000000
0.000000
0.000000
0.000000
0.000000
0.000000
0.000000
0.000000
0.000000
0.000000
0.000000
0.000000
0.000000
0.000000
0.000000
0.000000
0.000000
0.000000
0.000000
0.000000
0.000000
0.000000
0.000000
0.000000
0.000000
0.000000
0.000000
0.000000
0.000000
0.000000
0.000000
0.000000
0.000000
0.000000
0.000000
0.000000
0.000000
0.000000
0.000000
0.000000
0.000000
0.000000
0.000000
0.000000
0.000000
0.000000
0.000000
0.000000
0.000000
0.000000
0.000000
0.000000
0.000000
0.000000
0.000000
0.000000
0.000000
0.000000
0.000000
0.000000
0.000000
0.000000
0.000000
0.000000
0.000000
0.000000
0.000000
0.000000
0.000000
0.000000
0.000000
0.000000
0.000000
0.000000
0.000000
0.000000
0.000000
0.000000
0.000000
0.000000
0.000000
0.000000
0.000000
0.000000
0.000000
0.000000
0.000000
0.000000
0.000000
0.000000
0.000000
0.000000
0.000000
0.000000
0.000000
0.000000
0.000000
3.448371
0.000000
0.000000
0.000000
0.000000
0.000000
0.000000
0.000000
0.000000
0.000000
0.000000
0.000000
0.000000
0.000000
0.000000
0.000000
0.000000
0.000000
0.000000
0.000000
0.000000
0.000000
0.000000
0.000000
0.000000
0.000000
0.000000
0.000000
0.000000
0.000000
0.000000
0.000000
0.000000
0.000000
0.000000
0.000000
0.000000
0.000000
0.000000
0.000000
0.000000
0.000000
0.000000
0.000000
0.000000
0.000000
0.000000
0.000000
0.000000
0.000000
0.000000
0.000000
0.000000
0.000000
0.000000
0.000000
0.000000
0.000000
0.000000
0.000000
0.000000
0.000000
0.000000
0.000000
0.000000
0.000000
0.000000
0.000000
0.000000
0.000000
0.000000
0.000000
0.000000
0.000000
0.000000
0.000000
0.000000
0.000000
0.000000
0.000000
0.000000
0.000000
0.000000
0.000000
0.000000
0.000000
0.000000
0.000000
0.000000
0.000000
0.000000
0.000000
0.000000
0.000000
0.000000
0.000000
0.000000
0.000000
0.000000
0.000000
0.000000
0.000000
0.000000
0.000000
0.000000
0.000000
0.000000
0.000000
0.000000
0.000000
0.000000
0.000000
0.000000
0.000000
0.000000
0.000000
0.000000
0.000000
0.000000
0.000000
0.460431
0.000000
0.000000
0.000000
0.000000
0.000000
0.000000
0.000000
0.000000
0.000000
0.000000
0.000000
0.000000
0.000000
0.000000
0.000000
0.000000
0.000000
0.000000
0.000000
0.000000
0.000000
0.000000
1.068077
0.000000
0.000000
0.000000
0.000000
0.000000
0.000000
3.124316
0.000000
0.000000
0.000000
0.000000
0.000000
0.000000
0.000000
0.000000
0.000000
0.000000
0.000000
0.000000
0.000000
0.000000
0.000000
0.000000
0.000000
0.000000
0.000000
0.000000
0.000000
0.000000
0.000000
0.000000
0.000000
0.000000
0.000000
0.000000
0.000000
0.000000
0.000000
0.000000
0.000000
0.000000
0.000000
0.000000
0.000000
0.000000
0.000000
0.000000
0.000000
0.000000
0.000000
0.000000
0.000000
0.000000
0.000000
0.000000
0.000000
0.000000
0.000000
0.000000
0.000000
0.000000
0.000000
0.000000
0.891400
0.000000
2.024476
0.000000
6.081195
0.664035
0.000000
0.000000
8.222692
0.000000
2.211891
0.000000
0.000000
0.000000
0.000000
0.000000
0.000000
0.000000
0.000000
0.000000
0.000000
0.000000
0.000000
0.000000
0.000000
0.000000
0.000000
0.000000
1.749293
5.346838
0.000000
0.000000
4.853271
3.493322
7.001100
0.000000
3.330400
1.706665
0.000000
0.000000
1.089805
0.000000
3.046622
0.000000
0.000000
0.000000
0.000000
0.000000
0.000000
0.000000
0.000000
0.000000
0.000000
0.000000
0.000000
0.000000
0.000000
0.000000
0.000000
0.000000
0.000000
0.000000
0.000000
0.000000
0.000000
0.000000
0.000000
0.000000
0.000000
0.000000
0.000000
0.000000
0.000000
0.000000
0.000000
0.000000
0.000000
0.000000
0.000000
0.000000
0.000000
0.000000
0.000000
0.000000
0.000000
0.000000
0.000000
0.000000
0.000000
0.000000
0.000000
0.000000
0.000000
0.000000
0.000000
0.000000
0.000000
0.000000
0.000000
0.000000
0.000000
0.000000
0.000000
0.000000
0.000000
0.000000
0.000000
0.000000
0.000000
0.000000
0.000000
0.000000
0.000000
0.000000
0.000000
0.000000
0.000000
0.000000
0.000000
0.000000
0.000000
0.000000
0.000000
0.000000
0.000000
0.000000
0.000000
0.000000
0.000000
0.000000
0.000000
0.000000
0.000000
0.000000
0.000000
0.000000
0.000000
0.000000
0.000000
0.000000
0.000000
0.000000
0.000000
0.000000
0.000000
0.000000
0.000000
0.000000
0.000000
0.000000
0.000000
0.000000
0.000000
0.000000
0.000000
0.000000
0.000000
0.000000
0.000000
0.000000
0.000000
0.000000
0.000000
0.000000
0.000000
0.000000
0.000000
0.000000
0.000000
0.000000
0.000000
0.000000
0.000000
2.983012
0.000000
0.000000
2.167038
0.000000
0.000000
0.000000
0.000000
7.827351
0.246152
0.000000
9.478304
0.000000
0.000000
0.000000
1.822325
6.388994
0.000000
0.000000
0.145887
0.000000
0.000000
0.000000
0.000000
0.000000
0.000000
0.000000
0.000000
0.000000
0.000000
0.000000
0.000000
0.000000
0.000000
0.000000
0.000000
0.000000
0.000000
0.000000
0.000000
0.000000
0.000000
0.000000
0.000000
0.000000
0.000000
0.000000
0.000000
0.000000
0.000000
0.000000
0.000000
0.000000
0.000000
0.000000
0.000000
0.000000
0.000000
0.000000
0.000000
0.000000
0.000000
0.000000
0.000000
0.000000
0.000000
0.000000
0.000000
0.000000
0.000000
0.000000
0.000000
0.000000
0.000000
0.000000
0.000000
0.000000
0.000000
0.000000
0.000000
0.000000
0.000000
0.000000
0.000000
0.000000
0.000000
0.000000
0.000000
0.000000
0.000000
0.000000
0.000000
0.000000
0.000000
0.000000
0.000000
0.000000
0.000000
0.000000
0.000000
0.000000
0.000000
0.000000
0.000000
0.000000
0.000000
0.000000
0.000000
0.000000
0.000000
0.000000
0.000000
0.000000
0.000000
0.000000
0.000000
0.000000
0.000000
0.000000
0.114642
0.000000
0.000000
0.000000
0.000000
0.000000
1.231424
0.000000
0.000000
0.000000
0.000000
0.000000
0.000000
0.000000
1.310038
0.215657
0.000000
0.000000
0.000000
0.000000
0.000000
0.000000
0.000000
4.789240
0.000000
0.000000
0.000000
0.000000
0.000000
0.000000
0.000000
0.000000
0.000000
0.000000
0.000000
0.000000
0.000000
0.000000
0.000000
0.000000
0.000000
0.297828
1.311400
0.000000
0.000000
0.347833
0.640419
5.035317
0.000000
4.528138
5.126404
0.000000
0.000000
0.000000
0.097334
0.110629
0.106334
0.391752
0.447862
0.837802
0.848460
0.000000
0.384741
0.031843
1.118994
1.243475
0.687817
1.279312
1.377895
0.829134
4.264795
4.137912
5.190997
6.128517
6.080084
7.883260
5.342644
4.487131
9.997258
10.183125
9.877919
11.224478
11.698410
8.361198
1.229905
0.000000
5.382754
0.927816
3.416707
2.644351
2.695231
3.203583
0.000000
0.000000
0.639099
1.517298
3.316010
5.793382
8.497156
4.833292
0.669623
0.000000
4.790751
6.419666
3.171982
8.027021
9.714310
5.703110
0.000000
3.295103
1.429009
5.777459
0.000000
4.769491
4.658837
3.255796
0.997789
5.916613
1.631464
3.723908
0.000000
0.191010
0.000000
0.927080
1.891985
10.705359
8.388274
3.412205
0.000000
0.970913
0.000000
3.866902
3.051505
10.344681
8.769208
3.666194
0.127908
0.665721
0.000000
2.772808
1.945210
2.187404
5.432383
0.787689
0.000000
0.000000
0.000000
3.129358
0.710979
2.282924
3.676006
0.068412
0.381379
0.915821
1.254320
1.887723
0.000000
1.802905
0.000000
0.000000
0.000000
0.236736
0.449586
0.000000
0.000000
0.000000
0.000000
0.000000
0.000000
3.994245
6.134082
2.743406
3.754229
0.000000
0.000000
0.000000
0.000000
5.222210
4.884361
1.769561
3.836828
2.292834
0.000000
0.000000
0.000000
8.038954
0.000000
0.000000
0.844953
3.387598
0.000000
0.000000
0.000000
3.713564
0.000000
0.202582
1.400573
1.574935
0.000000
0.000000
0.000000
3.445652
0.000000
0.889101
0.000000
0.000000
0.000000
0.563650
2.496033
3.820659
0.000000
0.000000
0.000000
0.000000
0.000000
0.000000
1.510042
7.161466
0.000000
0.000000
2.992619
8.076427
1.949221
2.604091
2.958252
9.600078
5.149970
0.000000
4.895047
13.665701
7.705401
12.993584
14.989643
17.651142
11.147635
0.000000
1.299869
11.103697
6.274822
6.095076
7.614065
12.374351
5.377151
0.000000
2.623421
6.028336
1.770775
6.660286
3.960627
13.803084
12.430253
2.007413
3.149344
3.612626
2.446574
12.441380
12.354041
15.125111
16.183416
0.895594
4.994764
5.014961
5.708341
12.282239
12.744444
7.344126
9.239035
0.000000
5.383637
4.900964
7.496076
0.000000
2.357802
0.000000
0.000000
0.000000
5.584306
2.970262
0.935621
0.000000
0.000000
0.000000
0.000000
0.000000
5.476906
3.309734
2.242587
0.000000
0.000000
0.000000
0.000000
3.656432
3.627788
2.525907
1.057762
0.000000
0.000000
0.000000
2.479816
8.406377
3.998085
6.398461
5.821576
8.161915
4.770206
8.451756
8.810760
9.296777
4.400933
5.151298
6.029576
8.181398
6.251032
11.244127
4.476710
8.013258
6.041249
5.974398
7.396857
9.879298
0.893687
3.222696
1.478094
5.083697
3.666548
2.011240
4.859523
10.570414
0.000000
2.414877
0.706112
6.147261
7.203035
4.286562
0.000000
0.000000
0.000000
0.000000
0.000000
0.000000
0.000000
0.000000
0.000000
0.000000
0.000000
0.000000
0.000000
0.000000
0.000000
0.000000
0.000000
0.000000
0.000000
0.000000
0.000000
0.000000
0.000000
0.000000
0.000000
0.000000
0.000000
0.000000
0.000000
0.000000
0.670427
0.000000
2.997234
0.000000
0.000000
0.000000
0.000000
0.000000
0.000000
0.000000
1.097769
0.202316
0.000000
0.000000
0.000000
0.000000
0.000000
0.000000
0.000000
0.000000
0.000000
0.000000
0.000000
0.000000
0.000000
0.000000
0.000000
0.000000
0.000000
0.000000
0.000000
0.000000
0.000000
0.000000
0.000000
0.000000
0.000000
0.000000
0.000000
0.000000
0.000000
0.000000
0.000000
0.000000
0.000000
0.000000
0.000000
0.000000
0.000000
0.000000
0.000000
0.000000
0.000000
0.000000
0.000000
0.000000
0.000000
0.000000
0.000000
0.000000
0.000000
0.000000
1.772329
0.000000
0.000000
0.000000
0.000000
0.000000
0.000000
2.930632
0.000000
0.000000
0.000000
0.000000
0.000000
0.000000
0.000000
3.868360
0.000000
0.000000
0.000000
0.000000
0.000000
0.000000
0.000000
11.907322
3.284503
3.676045
11.773464
8.389853
0.000000
0.000000
4.081351
12.346686
2.813878
0.189932
0.835030
0.000000
0.000000
0.000000
2.494036
2.700765
0.000000
0.000000
5.006371
0.000000
0.000000
0.000000
0.000000
0.000000
0.000000
0.000000
0.000000
0.000000
0.000000
0.000000
0.000000
0.000000
0.000000
0.000000
0.000000
0.000000
0.000000
0.000000
0.000000
0.000000
0.000000
0.000000
0.000000
0.000000
0.000000
0.000000
0.000000
0.000000
0.000000
0.000000
0.000000
0.000000
0.000000
0.000000
0.000000
0.000000
0.000000
0.000000
0.000000
0.000000
0.000000
0.000000
0.000000
0.000000
0.000000
4.899621
0.000000
0.000000
0.000000
0.000000
0.000000
0.000000
0.000000
0.136682
0.000000
0.000000
0.000000
0.000000
0.000000
0.000000
0.000000
0.000000
0.000000
0.000000
0.000000
0.000000
0.000000
0.000000
0.000000
0.000000
0.000000
0.000000
0.000000
0.000000
0.000000
0.000000
0.000000
0.000000
0.000000
0.000000
0.000000
0.000000
0.000000
0.000000
0.000000
0.000000
0.000000
0.000000
0.000000
0.000000
4.266940
0.264206
2.119166
0.000000
0.000000
0.943913
0.000000
3.933767
1.374680
0.000000
0.658339
0.000000
0.000000
0.000000
0.000000
0.024668
0.000000
0.000000
0.000000
0.000000
0.000000
0.000000
0.000000
2.049526
0.000000
0.000000
0.000000
0.000000
0.000000
0.000000
0.000000
0.000000
0.000000
0.000000
0.000000
0.000000
0.000000
0.000000
0.000000
0.000000
0.000000
0.000000
0.000000
0.000000
0.000000
0.000000
0.000000
6.598656
0.000000
6.076993
7.166745
0.000000
0.000000
2.034549
1.118311
1.132611
1.182229
0.732785
0.959202
0.358754
0.000000
1.267139
0.000000
0.000000
0.000000
0.000000
0.000000
0.000000
0.000000
0.000000
0.000000
0.000000
0.000000
0.000000
0.000000
0.000000
0.000000
0.000000
0.000000
0.000000
0.000000
0.000000
0.000000
0.000000
0.000000
0.000000
0.000000
0.000000
0.000000
0.000000
0.000000
0.000000
0.000000
0.000000
0.000000
0.000000
0.000000
0.000000
0.000000
0.000000
0.000000
0.000000
0.000000
1.104312
0.000000
0.000000
0.000000
0.000000
0.000000
0.000000
0.000000
1.874782
0.000000
0.000000
0.000000
0.000000
0.000000
0.000000
0.000000
0.000000
0.000000
0.000000
0.000000
1.226634
4.258995
0.000000
0.000000
0.000000
0.000000
0.000000
0.000000
0.000000
0.000000
0.000000
0.763945
0.000000
1.232962
0.000000
0.000000
0.318338
1.354208
0.000000
0.000000
0.000000
0.000000
0.000000
0.000000
0.000000
0.000000
0.000000
0.000000
0.000000
0.000000
2.536648
0.000000
0.000000
0.000000
0.000000
0.000000
0.000000
0.000000
0.000000
0.000000
0.000000
0.000000
0.000000
0.000000
0.000000
0.000000
0.000000
0.000000
0.000000
0.000000
0.000000
0.000000
0.000000
0.000000
0.000000
0.000000
0.000000
17.270796
7.870614
0.000000
0.000000
0.000000
4.184755
5.132521
4.304617
0.000000
0.000000
0.000000
0.000000
0.000000
0.000000
0.000000
0.000000
2.316931
0.000000
0.000000
0.000000
0.000000
0.000000
0.000000
0.000000
0.000000
0.000000
0.000000
0.000000
0.000000
0.000000
0.000000
0.000000
0.000000
0.000000
0.000000
0.000000
0.000000
0.000000
0.000000
0.000000
0.000000
0.000000
0.000000
0.000000
0.000000
0.000000
0.000000
0.000000
0.000000
0.000000
0.000000
0.000000
0.000000
0.000000
0.000000
4.857709
5.929897
1.509472
1.371561
0.000000
2.453184
2.048641
1.964847
0.000000
0.078784
0.000000
0.000000
0.000000
0.000000
0.000000
0.000000
0.451531
0.000000
0.000000
0.000000
1.521474
0.000000
0.000000
0.000000
0.000000
0.000000
1.851796
0.000000
7.412828
8.595713
0.000000
0.000000
0.000000
0.000000
0.776138
0.000000
0.000000
7.159962
0.000000
0.000000
0.000000
7.703241
1.886353
0.000000
0.000000
0.000000
0.000000
0.000000
0.000000
0.000000
0.000000
0.000000
0.000000
0.000000
0.000000
0.000000
0.580964
0.000000
0.019426
0.000000
0.000000
0.000000
0.000000
0.000000
0.772586
0.000000
0.000000
0.000000
0.000000
0.000000
0.000000
0.000000
0.000000
0.000000
0.000000
0.000000
0.000000
0.000000
0.000000
0.000000
0.000000
0.000000
0.000000
0.000000
0.000000
0.000000
0.000000
0.000000
0.000000
0.000000
0.000000
0.000000
0.000000
0.000000
0.000000
0.000000
0.000000
0.000000
0.000000
0.000000
0.000000
0.000000
0.000000
0.000000
0.000000
0.000000
0.000000
0.000000
0.000000
0.000000
0.000000
0.000000
0.000000
0.000000
0.000000
0.000000
0.000000
0.000000
0.000000
0.000000
0.000000
0.000000
0.000000
0.000000
0.000000
0.000000
0.000000
0.000000
0.000000
0.000000
0.000000
0.000000
0.000000
0.000000
0.000000
0.000000
0.000000
0.000000
0.000000
0.000000
0.000000
0.000000
0.000000
0.000000
0.000000
0.000000
0.000000
0.396579
0.000000
0.000000
0.000000
0.000000
0.000000
0.000000
0.000000
0.000000
0.000000
0.000000
0.000000
0.000000
0.000000
0.000000
0.000000
1.046193
0.098725
0.000000
0.000000
0.000000
3.978805
2.162455
0.000000
0.000000
0.000000
0.000000
0.000000
0.000000
0.000000
0.000000
0.000000
0.000000
0.000000
0.478886
0.000000
0.000000
1.697938
1.198402
3.113849
2.818958
0.000000
0.733409
0.000000
0.000000
0.000000
0.000000
0.000000
4.192835
0.862472
1.001340
0.000000
1.348199
0.000000
0.000000
0.000000
0.000000
0.000000
0.000000
0.000000
0.000000
0.000000
0.000000
0.000000
0.000000
0.000000
0.000000
0.000000
0.000000
0.000000
0.000000
0.000000
0.000000
0.000000
0.000000
0.000000
0.000000
0.000000
3.915606
0.000000
0.000000
0.000000
0.000000
0.000000
0.000000
0.000000
0.000000
0.000000
0.000000
0.000000
0.000000
0.000000
0.000000
0.000000
0.000000
0.000000
0.000000
0.000000
0.000000
0.000000
0.000000
0.000000
0.000000
0.000000
0.000000
0.000000
0.000000
0.000000
0.000000
0.000000
0.000000
0.000000
0.000000
0.000000
0.000000
0.000000
0.000000
0.000000
0.000000
0.000000
0.000000
0.000000
0.000000
0.000000
0.000000
0.000000
0.000000
0.000000
0.000000
0.000000
0.000000
0.000000
0.000000
0.000000
0.683340
4.149447
1.846630
0.000000
4.646083
8.759119
1.895261
0.000000
3.410944
3.945413
2.953731
0.000000
4.534031
3.554228
2.286135
0.000000
0.545120
1.739752
0.000000
0.000000
3.532889
0.000000
0.000000
0.000000
0.000000
0.000000
0.000000
0.000000
0.000000
0.000000
0.000000
0.000000
0.000000
0.000000
0.000000
0.000000
2.749623
0.000000
0.000000
0.000000
3.533914
0.000000
0.000000
0.000000
0.000000
0.000000
0.000000
0.000000
0.000000
0.000000
0.000000
0.000000
0.000000
0.000000
0.000000
1.155645
0.000000
0.000000
0.000000
0.000000
0.000000
0.000000
0.000000
3.054282
0.730117
1.426646
2.021155
0.000000
0.000000
0.000000
0.154798
1.059320
0.868588
0.902976
0.000000
0.000000
0.000000
0.000000
0.000000
0.000000
0.000000
0.000000
0.000000
0.073391
0.000000
0.000000
0.000000
0.000000
0.000000
0.000000
0.000000
0.000000
0.000000
0.000000
0.000000
0.000000
0.000000
0.000000
3.189702
3.321176
3.230882
2.755124
4.553408
4.770724
7.242457
2.292766
0.029554
1.121763
0.000000
0.000000
0.000000
0.000000
0.000000
0.000000
0.000000
0.000000
0.000000
0.000000
0.000000
0.000000
0.000000
0.000000
0.000000
0.000000
0.000000
0.000000
0.000000
0.000000
0.000000
0.000000
0.000000
0.000000
0.000000
0.000000
0.000000
0.000000
0.000000
0.000000
0.000000
0.000000
0.000000
0.000000
0.000000
1.604478
2.182191
3.803819
0.350004
0.000000
0.000000
0.000000
0.000000
0.000000
0.188220
0.000000
0.000000
0.000000
0.000000
0.000000
0.000000
0.569451
0.000000
0.000000
0.505467
0.000000
0.000000
0.000000
0.635357
0.587571
2.318111
0.000000
0.000000
0.000000
0.000000
0.000000
0.000000
0.000000
0.000000
0.000000
0.000000
0.000000
1.059902
0.000000
0.000000
0.000000
0.000000
0.000000
0.000000
0.000000
0.077728
0.000000
0.000000
0.000000
0.000000
0.000000
0.000000
0.000000
0.000000
0.000000
0.000000
0.000000
0.591202
0.000000
0.000000
0.000000
0.000000
0.000000
0.000000
0.000000
0.000000
0.000000
0.000000
0.000000
0.000000
0.000000
0.000000
0.000000
0.000000
0.000000
0.000000
0.000000
0.000000
0.000000
0.000000
0.000000
0.000000
0.000000
0.000000
0.000000
0.000000
0.000000
0.000000
0.000000
0.000000
0.000000
0.000000
0.000000
0.000000
0.000000
0.000000
0.000000
0.000000
0.000000
0.000000
0.000000
0.000000
0.000000
0.000000
0.000000
0.000000
0.000000
0.000000
0.000000
0.000000
0.000000
0.000000
0.000000
0.000000
0.000000
0.000000
0.000000
0.000000
0.000000
0.000000
0.000000
0.000000
0.000000
0.000000
0.000000
0.000000
0.000000
0.000000
0.000000
0.000000
0.000000
0.000000
0.000000
0.000000
0.000000
0.000000
0.000000
0.000000
0.000000
0.000000
0.000000
0.000000
0.000000
0.000000
0.000000
0.000000
0.000000
0.000000
0.000000
0.000000
0.000000
0.000000
0.000000
0.000000
0.000000
0.000000
0.000000
0.000000
0.000000
0.000000
0.000000
0.000000
0.000000
0.000000
0.000000
0.000000
0.000000
0.000000
0.000000
0.000000
0.000000
0.000000
0.000000
1.210403
0.000000
0.000000
0.000000
4.850520
0.000000
0.000000
0.000000
0.000000
0.000000
0.000000
0.000000
0.000000
0.000000
0.000000
0.000000
1.443169
0.000000
2.359387
0.000000
0.186720
0.000000
0.000000
0.000000
0.000000
0.000000
0.000000
0.000000
0.000000
0.000000
0.000000
0.000000
0.000000
0.000000
0.000000
0.000000
0.000000
0.000000
0.000000
0.000000
0.000000
0.000000
0.000000
0.000000
0.000000
0.000000
0.000000
0.000000
0.000000
0.000000
0.000000
0.000000
0.000000
0.000000
0.000000
0.000000
0.000000
0.000000
0.000000
0.000000
0.000000
0.000000
0.000000
0.000000
0.000000
0.000000
0.000000
0.000000
0.470242
0.000000
0.000000
0.000000
0.000000
0.000000
0.000000
0.000000
0.000000
0.000000
0.000000
0.000000
0.000000
0.000000
0.000000
0.000000
0.000000
0.000000
0.000000
0.000000
0.000000
0.000000
0.000000
0.000000
0.000000
0.000000
0.000000
0.000000
0.000000
0.000000
0.000000
0.000000
0.000000
0.000000
0.000000
0.000000
0.000000
0.000000
0.000000
0.000000
0.000000
0.000000
0.000000
0.000000
0.000000
0.000000
0.000000
0.000000
0.000000
0.000000
0.000000
0.000000
0.000000
0.000000
0.000000
0.000000
0.000000
0.000000
0.000000
0.000000
0.000000
0.000000
0.000000
0.000000
0.000000
0.000000
0.000000
0.000000
0.000000
0.000000
0.000000
0.000000
0.000000
0.000000
0.000000
0.000000
0.000000
0.000000
0.000000
0.000000
0.000000
0.000000
0.000000
0.000000
0.000000
0.000000
0.000000
0.000000
0.000000
0.000000
0.000000
0.000000
0.000000
0.000000
0.000000
0.000000
0.000000
0.000000
0.000000
0.000000
0.000000
0.000000
0.000000
0.000000
0.000000
0.000000
0.000000
0.000000
0.000000
0.000000
0.000000
0.000000
0.000000
0.000000
0.000000
0.000000
0.000000
0.000000
0.000000
0.000000
0.000000
0.000000
0.000000
0.000000
0.000000
0.000000
0.000000
0.000000
0.000000
0.000000
0.000000
0.000000
0.000000
0.000000
0.000000
0.000000
0.000000
0.000000
0.000000
0.000000
0.000000
0.000000
0.000000
0.000000
0.000000
0.000000
0.000000
0.000000
0.000000
0.000000
0.000000
0.000000
0.000000
0.000000
0.000000
0.000000
0.000000
0.000000
0.000000
0.000000
0.000000
0.000000
0.000000
0.000000
0.000000
0.000000
0.000000
0.000000
0.000000
0.000000
0.000000
0.000000
0.000000
0.000000
0.000000
0.000000
0.000000
0.000000
0.000000
0.000000
0.000000
0.000000
0.000000
0.000000
0.000000
0.000000
0.000000
0.000000
0.000000
0.000000
0.000000
0.000000
0.000000
0.000000
0.000000
0.000000
0.000000
0.000000
0.000000
0.000000
0.000000
0.000000
0.000000
0.000000
0.000000
0.000000
0.000000
0.000000
0.000000
0.000000
0.000000
0.000000
0.000000
0.000000
0.000000
0.000000
0.000000
0.000000
0.000000
0.000000
0.000000
0.000000
0.000000
0.000000
0.000000
0.000000
0.000000
0.000000
0.000000
0.000000
0.000000
0.000000
0.000000
0.000000
0.000000
0.000000
0.000000
0.000000
0.000000
0.000000
0.000000
0.000000
0.000000
0.000000
0.000000
0.000000
0.000000
0.000000
0.000000
0.000000
0.000000
0.000000
0.000000
0.000000
0.000000
0.000000
0.000000
0.000000
0.000000
0.000000
0.000000
0.000000
0.000000
0.000000
0.000000
0.000000
0.000000
0.000000
0.000000
0.000000
0.000000
0.000000
0.000000
0.000000
0.000000
0.000000
0.000000
0.000000
0.000000
0.000000
0.000000
0.000000
0.000000
0.000000
0.000000
0.000000
0.000000
0.000000
0.000000
0.000000
0.000000
0.000000
0.000000
0.000000
0.000000
0.000000
0.000000
0.000000
0.000000
0.000000
0.000000
0.000000
0.000000
0.000000
0.000000
0.000000
0.000000
0.000000
0.000000
0.000000
0.000000
0.000000
0.000000
0.000000
0.000000
0.000000
0.000000
0.000000
0.000000
0.000000
0.000000
0.000000
0.000000
0.000000
0.000000
0.000000
0.000000
0.000000
0.000000
0.000000
0.000000
0.000000
0.000000
0.000000
0.000000
0.000000
0.000000
0.000000
0.000000
0.000000
0.000000
0.000000
0.000000
0.000000
0.000000
0.000000
0.000000
0.000000
0.000000
0.000000
0.000000
0.000000
0.000000
0.000000
0.000000
0.000000
0.000000
0.000000
0.000000
0.000000
0.000000
0.000000
0.000000
0.000000
0.000000
0.000000
0.000000
0.000000
0.000000
0.000000
0.000000
0.000000
0.000000
0.000000
0.000000
0.000000
0.000000
0.000000
0.000000
0.000000
0.000000
0.000000
0.000000
0.000000
0.000000
0.000000
0.000000
0.000000
0.000000
0.000000
0.000000
0.000000
0.000000
0.000000
0.000000
0.000000
0.000000
0.000000
0.000000
0.000000
0.000000
0.000000
0.000000
0.000000
0.000000
0.000000
0.000000
0.000000
0.000000
0.000000
0.038989
0.000000
0.000000
0.000000
0.000000
0.000000
0.000000
0.000000
0.000000
0.000000
0.000000
0.000000
0.000000
0.000000
0.000000
0.000000
0.000000
0.000000
0.000000
0.000000
0.000000
0.000000
0.000000
0.000000
0.000000
0.000000
0.000000
0.000000
0.000000
0.000000
0.000000
0.000000
0.000000
0.000000
0.000000
0.000000
0.000000
0.000000
0.000000
0.000000
0.000000
0.000000
0.000000
0.000000
0.000000
0.000000
0.000000
0.000000
0.000000
0.000000
0.000000
0.000000
0.000000
0.000000
0.000000
0.000000
0.000000
0.000000
0.000000
0.000000
0.000000
0.000000
0.000000
0.000000
0.000000
0.000000
0.000000
0.000000
0.000000
0.000000
0.000000
0.000000
0.000000
0.000000
0.000000
0.000000
0.000000
0.000000
0.000000
0.000000
0.000000
0.000000
0.000000
0.000000
0.000000
0.000000
0.000000
0.000000
0.000000
0.000000
0.000000
0.000000
0.000000
0.000000
0.000000
0.000000
0.416347
0.000000
0.000000
0.000000
0.000000
0.000000
0.000000
0.000000
0.000000
0.000000
0.000000
0.000000
0.000000
0.000000
0.000000
0.000000
0.000000
0.000000
0.000000
0.000000
0.000000
0.000000
0.000000
0.000000
0.000000
0.000000
0.000000
0.000000
0.000000
0.114304
0.000000
1.520501
0.000000
0.000000
0.000000
0.000000
0.000000
0.000000
0.000000
0.000000
0.000000
0.000000
0.000000
0.000000
0.000000
0.000000
0.000000
0.000000
0.000000
0.000000
0.000000
0.000000
0.000000
0.000000
0.000000
0.000000
0.000000
0.000000
0.000000
0.000000
0.000000
0.000000
0.000000
0.000000
0.000000
0.000000
1.463886
2.048642
1.544354
0.366279
1.698038
2.457517
0.000000
2.835400
3.691113
6.340086
4.882116
0.000000
0.000000
2.698222
1.494825
1.502554
0.000000
0.000000
0.000000
3.057259
4.509809
0.000000
0.020182
0.000000
0.000000
0.000000
0.000000
0.000000
1.848510
0.000000
0.000000
0.000000
0.000000
0.000000
0.000000
0.000000
0.000000
0.000000
0.000000
1.366392
1.602349
1.042665
0.295529
0.000000
0.000000
0.000000
0.000000
0.000000
0.000000
0.000000
0.000000
0.000000
0.000000
0.000000
0.000000
0.000000
0.494939
0.000000
3.322445
0.000000
0.402140
0.000000
2.115101
0.000000
0.000000
0.933058
3.725134
0.000000
0.805959
1.032665
3.949819
3.578857
0.941274
0.884409
0.000000
1.125926
1.004864
0.000000
0.000000
0.691718
1.289920
0.000000
0.000000
1.434137
1.452613
5.115814
0.000000
0.891407
1.887377
4.744575
0.348444
0.545746
3.586100
1.834857
0.000000
0.634664
4.325355
7.148114
2.927409
0.000000
5.784749
0.000000
0.000000
4.251280
0.257604
4.604158
5.297558
3.057721
0.000000
0.000000
0.000000
0.408361
0.000000
0.000000
0.000000
0.000000
5.074171
4.916175
5.449272
2.142168
3.879464
4.872212
0.652920
0.000000
11.032012
9.813794
6.531236
2.740579
6.035472
5.151413
4.959293
2.227779
6.494512
0.000000
0.000000
0.000000
0.665540
3.113344
2.072940
0.016958
6.030242
0.000000
0.000000
0.000000
0.000000
7.650984
2.114007
1.198271
7.434993
3.039821
0.124819
3.146327
1.433135
9.923560
2.657285
3.105986
5.860614
8.291304
1.124451
14.582136
9.700130
14.935155
10.286030
0.000000
2.733791
4.426538
1.392874
9.208104
3.824208
0.236130
0.000000
0.000000
1.961564
2.241801
3.988491
3.119927
3.960584
0.000000
0.000000
2.018943
0.000000
0.000000
0.000000
1.400513
1.772395
0.000000
0.000000
2.650753
0.000000
0.000000
0.000000
3.523426
0.000000
2.367516
2.398919
3.866509
0.000000
0.364711
0.000000
3.935605
1.521337
3.557492
5.262254
3.579244
0.000000
2.212996
0.000000
1.717246
3.159136
4.913940
3.257468
3.285828
0.000000
2.696477
2.842576
8.276200
0.561341
1.647003
0.000000
0.188773
0.000000
0.000000
0.000000
1.991961
0.000000
0.000000
0.000000
0.000000
0.000000
0.000000
0.000000
0.000000
0.746202
1.326269
0.000000
0.253523
0.000000
0.000000
0.000000
0.215711
0.104337
8.655519
1.001966
5.189707
5.851407
5.313299
7.636394
6.992433
6.549056
10.392894
3.622840
2.611504
5.989124
5.267200
5.353810
4.203062
3.587997
4.132562
1.387139
0.000000
1.302762
0.000000
0.000000
0.000000
0.000000
0.000000
0.000000
0.000000
0.000000
0.000000
0.000000
0.000000
0.000000
0.000000
0.000000
0.000000
0.000000
0.000000
0.000000
0.000000
0.000000
0.000000
0.000000
0.000000
0.000000
0.000000
0.000000
0.000000
0.000000
0.000000
0.000000
0.000000
0.000000
0.000000
0.000000
0.000000
0.000000
0.000000
0.000000
0.000000
0.000000
0.000000
0.000000
0.000000
0.000000
0.000000
0.000000
0.000000
0.000000
0.000000
0.000000
0.000000
0.000000
0.000000
0.000000
0.000000
0.000000
0.000000
0.736861
1.796181
0.000000
1.700912
0.000000
0.000000
0.000000
0.000000
0.000000
0.000000
0.000000
0.000000
0.000000
0.000000
0.000000
0.000000
0.000000
2.647653
0.000000
1.063336
0.000000
0.000000
0.000000
0.000000
0.000000
0.000000
0.000000
0.000000
0.000000
0.000000
0.000000
0.000000
0.000000
0.000000
0.000000
0.000000
0.000000
0.000000
0.000000
0.000000
0.000000
0.000000
0.000000
0.000000
0.000000
0.000000
0.000000
0.000000
0.000000
0.000000
0.000000
0.000000
3.327523
0.679709
0.000000
1.798612
0.000000
0.000000
0.919763
0.000000
0.000000
0.000000
0.000000
0.000000
0.000000
0.000000
0.000000
0.000000
0.000000
0.000000
0.000000
0.000000
0.000000
0.000000
0.000000
0.000000
0.000000
0.000000
0.000000
0.000000
0.000000
0.000000
0.000000
0.000000
0.000000
0.000000
2.099840
0.000000
0.000000
0.000000
0.000000
3.888191
0.000000
4.000191
6.883405
0.000000
0.000000
0.000000
2.013863
1.313352
0.000000
5.094468
0.000000
0.000000
0.000000
0.000000
0.000000
0.000000
0.000000
0.000000
0.000000
0.000000
0.000000
0.000000
0.000000
0.000000
0.000000
0.000000
0.000000
0.000000
0.000000
0.000000
0.000000
2.635393
0.000000
0.000000
0.000000
0.000000
0.000000
0.000000
0.000000
0.000000
0.000000
0.000000
0.000000
0.000000
0.000000
0.000000
0.000000
0.993008
0.000000
4.304807
0.000000
0.000000
0.000000
0.489647
5.016758
4.291302
13.957422
2.454498
0.000000
0.373421
0.000000
9.779652
7.985989
3.598072
6.833677
0.000000
0.000000
0.000000
0.000000
0.000000
0.000000
0.000000
0.000000
0.000000
0.000000
0.000000
0.000000
0.000000
0.000000
0.000000
0.000000
0.000000
0.000000
0.000000
0.000000
0.000000
0.000000
0.000000
0.000000
0.000000
0.000000
0.000000
0.000000
0.000000
0.000000
0.000000
0.000000
0.000000
0.000000
0.000000
0.000000
0.000000
0.000000
0.000000
0.000000
0.000000
0.000000
0.366001
0.000000
0.000000
0.000000
0.405251
0.000000
6.069370
0.000000
2.610091
1.455098
1.029033
0.000000
0.000000
0.000000
0.000000
0.000000
0.000000
0.000000
0.000000
0.000000
0.000000
0.000000
0.000000
0.000000
0.000000
0.000000
0.000000
0.000000
0.000000
0.000000
0.000000
0.000000
0.000000
0.000000
0.000000
0.000000
0.000000
0.000000
0.000000
0.000000
0.000000
0.000000
0.000000
0.000000
0.000000
0.000000
0.000000
0.000000
0.000000
0.000000
0.000000
0.000000
0.000000
0.000000
0.000000
0.000000
0.000000
0.000000
0.000000
0.000000
0.000000
0.000000
0.000000
0.000000
0.000000
0.000000
0.000000
0.000000
0.000000
0.000000
0.000000
0.000000
0.000000
0.000000
0.000000
0.000000
0.000000
0.000000
0.000000
0.000000
0.000000
0.000000
0.000000
0.000000
0.000000
0.000000
0.000000
0.000000
0.000000
0.000000
0.000000
0.000000
0.000000
0.000000
0.000000
0.000000
0.000000
0.000000
0.000000
1.341401
3.417738
1.453481
0.000000
0.000000
0.000000
0.000000
0.311534
1.963279
1.768860
0.000000
0.000000
0.000000
0.000000
0.000000
0.673987
0.000000
0.000000
0.000000
0.960404
0.000000
0.000000
0.000000
2.263294
0.000000
0.000000
0.000000
0.223901
0.557342
0.000000
0.000000
0.000000
0.714419
0.000000
0.000000
0.000000
0.000000
0.000000
0.000000
0.000000
0.000000
0.000000
0.000000
0.000000
0.000000
0.000000
0.000000
0.000000
0.000000
0.000000
0.000000
0.000000
0.000000
0.000000
0.000000
0.000000
0.000000
0.000000
0.000000
0.000000
0.000000
0.000000
0.000000
0.000000
0.000000
0.000000
0.000000
0.000000
0.000000
0.000000
0.000000
0.000000
0.000000
0.000000
0.000000
0.206416
0.000000
0.000000
1.123164
0.000000
0.000000
0.000000
0.000000
0.000000
0.000000
0.000000
0.566625
0.000000
0.000000
0.000000
0.000000
0.000000
0.000000
0.239163
0.000000
0.000000
0.000000
0.000000
0.000000
0.204368
0.000000
0.000000
0.000000
0.000000
0.000000
0.000000
0.000000
2.678196
0.000000
0.000000
0.000000
0.000000
0.000000
0.000000
0.000000
0.000000
0.000000
0.000000
0.000000
0.000000
0.000000
0.000000
0.000000
0.000000
0.000000
0.000000
0.000000
0.000000
0.000000
0.000000
0.000000
0.000000
0.000000
0.000000
0.000000
0.000000
0.000000
0.748327
0.000000
1.640126
0.000000
0.760879
0.000000
1.129614
0.456469
6.913977
0.000000
2.636761
0.462682
1.450136
0.000000
5.292377
0.000000
3.147346
4.020614
0.000000
0.000000
0.000000
0.000000
0.000000
0.000000
0.000000
0.000000
0.000000
0.000000
0.000000
0.000000
0.000000
1.530726
2.122397
1.959786
0.000000
0.000000
0.000000
0.000000
0.000000
1.015531
4.102777
4.546800
5.075925
0.000000
1.985915
2.014332
2.240788
5.249463
8.431911
5.748376
2.633700
0.000000
0.475660
0.696081
6.562680
6.278825
7.251387
6.631040
0.140708
0.000000
1.615934
0.000000
0.000000
6.489583
5.928016
5.073678
0.000000
0.000000
0.003858
0.000000
0.000000
0.000000
0.000000
0.000000
0.000000
0.000000
0.000000
0.000000
0.000000
0.000000
0.000000
0.000000
0.000000
0.943567
0.000000
0.000000
0.000000
0.000000
0.000000
0.000000
0.000000
0.000000
0.000000
0.000000
0.000000
0.000000
0.000000
0.000000
0.000000
0.000000
0.000000
0.000000
0.000000
0.000000
0.000000
0.000000
0.000000
0.000000
0.000000
0.000000
0.000000
0.123578
1.019642
0.973667
0.000000
3.199706
6.152321
0.000000
0.000000
5.395380
7.358850
5.762562
2.792813
5.828551
10.560325
2.610457
0.000000
13.509354
12.770239
13.332192
4.995666
3.309100
7.347708
0.834052
3.267866
14.034649
13.697495
15.261269
8.867894
4.146942
8.838063
1.054153
8.854447
8.751618
9.133974
8.371813
4.551172
3.982181
5.882379
0.000000
7.096728
2.960417
5.506174
1.570549
3.937159
0.292583
3.434474
0.000000
5.735658
4.824273
5.391657
3.011226
8.838255
1.093190
3.870635
2.751619
4.168906
3.168073
0.401994
7.698529
11.522424
5.457965
0.655212
6.199226
8.041368
5.525393
1.183205
12.275778
13.596469
16.664478
7.038955
7.580647
9.162534
11.014525
1.559043
7.357094
8.111813
11.150087
10.275044
6.422916
3.740880
10.791316
0.778450
2.877978
0.878677
0.000000
0.000000
3.373027
2.550833
3.509991
0.000000
0.000000
0.000000
0.000000
0.000000
0.186985
0.000000
0.000000
0.000000
0.000000
0.000000
0.000000
0.000000
0.000000
0.000000
0.000000
0.000000
0.000000
0.000000
0.000000
0.000000
0.000000
0.000000
0.000000
0.000000
1.615407
0.000000
0.000000
0.000000
0.000000
0.000000
0.000000
0.000000
0.000000
0.000000
0.000000
0.000000
0.000000
0.548583
0.000000
0.118532
0.000000
0.000000
0.000000
0.000000
0.000000
0.000000
0.000000
0.000000
0.000000
0.000000
0.000000
0.000000
0.000000
0.000000
0.000000
0.000000
0.000000
0.000000
0.000000
0.000000
0.000000
0.000000
0.000000
4.339186
0.000000
1.736169
1.907079
7.888690
5.774119
0.000000
0.000000
0.000000
0.000000
0.000000
1.367516
5.479400
6.039669
2.775281
0.000000
3.783372
6.413520
1.060243
0.977397
2.675528
7.829771
5.507348
0.000000
2.157294
15.945871
5.886383
0.751586
5.389462
11.371187
5.409519
0.000000
0.000000
5.424778
0.000000
0.000000
0.000000
8.117197
0.000000
0.000000
0.000000
0.896424
2.631655
0.000000
0.000000
9.373775
0.237097
0.000000
1.363048
0.448029
6.693041
2.066562
3.514025
11.699410
8.079165
8.138292
19.556311
11.066771
11.300824
9.089074
4.610651
5.771297
1.238897
22.316952
29.392252
25.265436
13.441565
14.807511
11.966304
10.947898
6.787807
26.279106
37.994167
32.922321
19.998146
20.061289
18.397739
22.318031
6.759776
19.794437
36.510185
23.929478
20.513920
19.876595
15.571333
0.000000
0.000000
0.000000
0.000000
0.000000
0.000000
0.000000
0.000000
0.000000
0.000000
0.000000
0.000000
0.000000
0.000000
0.000000
0.000000
0.000000
0.000000
0.000000
0.000000
0.000000
0.000000
0.000000
0.000000
0.000000
0.000000
0.000000
0.000000
0.000000
0.000000
0.000000
0.000000
0.000000
0.000000
0.000000
0.000000
0.000000
0.000000
0.000000
0.000000
0.000000
0.000000
0.000000
0.000000
0.000000
0.000000
0.000000
0.000000
0.000000
0.000000
0.000000
0.000000
0.000000
0.000000
0.000000
0.000000
0.000000
0.000000
0.000000
0.000000
0.000000
0.000000
0.824641
0.000000
0.000000
0.000000
0.000000
0.000000
0.000000
0.000000
0.000000
2.084237
0.129103
0.000000
0.000000
0.000000
0.000000
0.000000
1.412691
0.000000
0.000000
0.000000
0.000000
0.000000
0.000000
0.000000
0.000000
0.000000
0.000000
0.000000
0.000000
0.000000
0.000000
0.000000
0.000000
0.000000
0.000000
0.000000
0.000000
0.000000
0.000000
0.000000
0.000000
0.000000
0.000000
0.000000
0.000000
0.000000
0.000000
0.000000
2.173116
0.000000
0.000000
0.000000
0.000000
0.000000
0.000000
0.000000
0.000000
0.000000
0.000000
0.000000
0.941677
0.000000
0.000000
0.000000
0.000000
0.000000
0.000000
0.000000
0.000000
0.000000
0.000000
0.000000
0.000000
0.000000
0.000000
0.000000
0.000000
0.000000
0.000000
0.000000
0.000000
0.000000
0.000000
0.000000
0.000000
0.000000
0.000000
0.000000
0.000000
0.000000
0.000000
0.000000
0.000000
0.000000
0.000000
0.000000
0.000000
0.000000
0.000000
0.000000
0.000000
0.000000
0.000000
0.000000
0.000000
0.000000
0.000000
0.000000
0.000000
0.000000
0.000000
0.000000
0.000000
0.000000
0.000000
4.477377
2.715141
0.771649
1.475817
0.000000
0.000000
0.000000
0.000000
0.000000
0.000000
0.000000
0.000000
0.000000
2.266742
2.344459
0.000000
0.763674
0.000000
0.000000
0.000000
0.000000
0.280878
0.099878
0.000000
0.000000
0.183295
0.000000
0.000000
0.000000
0.000000
0.000000
0.000000
0.000000
0.000000
0.000000
0.000000
0.000000
0.000000
0.000000
0.000000
0.000000
0.000000
0.000000
0.000000
0.000000
0.000000
0.000000
0.000000
0.000000
0.000000
0.000000
0.000000
0.000000
0.000000
0.000000
0.000000
0.000000
0.000000
0.000000
0.000000
0.000000
0.000000
0.000000
0.275550
1.467056
0.000000
0.000000
0.000000
0.000000
0.000000
0.000000
0.000000
3.339406
0.000000
0.000000
0.000000
0.000000
0.000000
0.000000
0.000000
0.000000
0.000000
0.000000
0.000000
0.000000
0.000000
0.000000
0.000000
2.680701
0.000000
0.000000
0.000000
1.934705
1.598590
1.410249
0.801836
2.811620
1.662317
1.967568
0.835707
2.917345
4.891794
1.625610
0.000000
0.000000
0.000000
0.000000
0.000000
0.000000
0.000000
0.000000
0.000000
0.000000
0.000000
0.000000
0.000000
0.000000
0.000000
0.000000
0.000000
0.000000
0.000000
0.000000
0.000000
0.000000
0.000000
0.000000
0.000000
0.000000
0.000000
0.000000
0.000000
0.000000
0.000000
0.000000
0.000000
0.000000
0.000000
0.000000
0.000000
0.000000
0.000000
0.000000
0.000000
0.000000
0.000000
0.000000
0.000000
0.000000
0.000000
0.000000
0.000000
0.000000
0.000000
0.000000
0.000000
0.000000
0.000000
0.000000
0.000000
0.000000
0.000000
0.000000
0.000000
0.000000
0.000000
0.000000
0.000000
0.000000
0.000000
0.000000
0.000000
0.000000
0.000000
0.000000
0.000000
0.000000
0.000000
0.000000
0.000000
0.000000
0.000000
0.000000
0.000000
0.000000
0.000000
0.000000
0.000000
0.000000
0.000000
0.000000
0.000000
0.000000
0.000000
0.000000
0.000000
0.000000
0.000000
0.000000
0.000000
0.000000
0.000000
0.000000
0.000000
0.000000
0.000000
0.000000
0.000000
0.000000
0.000000
0.000000
0.000000
0.000000
0.000000
0.000000
0.000000
0.000000
0.000000
0.000000
0.000000
0.000000
0.000000
0.000000
0.000000
0.000000
0.000000
0.000000
0.000000
0.000000
0.000000
0.000000
0.000000
0.000000
0.000000
0.000000
0.000000
0.000000
0.000000
0.000000
0.000000
0.000000
0.000000
0.000000
0.000000
0.000000
0.000000
0.000000
0.000000
0.000000
0.000000
0.000000
0.000000
0.000000
3.164316
0.000000
0.000000
0.000000
0.000000
0.000000
0.000000
0.000000
3.109144
0.000000
0.000000
0.000000
0.000000
0.000000
0.000000
0.000000
0.111154
0.000000
0.000000
0.000000
0.000000
0.000000
0.000000
0.000000
0.000000
0.000000
0.000000
4.667621
1.085726
3.592305
0.000000
0.000000
0.000000
0.000000
0.000000
3.773489
5.600609
0.977033
0.000000
0.000000
0.000000
0.000000
0.000000
0.054305
1.042846
0.000000
0.000000
0.000000
0.000000
0.000000
0.000000
0.000000
0.000000
0.000000
0.000000
0.000000
0.000000
0.000000
0.000000
0.000000
0.000000
0.000000
0.000000
0.000000
0.000000
0.000000
0.000000
0.000000
0.000000
0.000000
0.000000
0.410872
0.000000
0.000000
0.000000
0.000000
0.000000
0.000000
0.000000
0.000000
0.000000
0.000000
0.000000
0.976540
0.000000
0.000000
0.000000
0.000000
0.000000
0.000000
0.000000
1.380369
0.000000
0.000000
0.000000
0.000000
0.000000
0.000000
0.000000
0.000000
0.000000
0.000000
0.000000
0.000000
0.000000
0.000000
0.000000
0.000000
0.000000
0.000000
0.000000
0.000000
0.000000
0.000000
0.000000
0.000000
0.000000
0.000000
0.000000
0.000000
0.000000
0.000000
0.000000
0.000000
0.000000
0.000000
0.000000
0.000000
0.000000
0.000000
0.000000
0.000000
0.000000
0.000000
0.000000
0.000000
0.000000
0.000000
0.000000
0.000000
0.000000
0.000000
0.000000
0.000000
0.000000
0.000000
0.000000
0.000000
0.000000
0.000000
0.000000
0.000000
0.000000
0.000000
0.000000
0.000000
0.000000
0.000000
0.000000
0.000000
0.000000
0.000000
0.000000
0.000000
0.000000
0.000000
0.000000
0.000000
0.000000
0.000000
0.000000
0.000000
0.000000
0.000000
0.000000
0.000000
0.000000
0.000000
0.000000
0.000000
0.000000
0.000000
0.000000
0.000000
0.000000
0.000000
0.000000
0.000000
0.000000
0.000000
0.000000
0.000000
0.000000
0.000000
0.000000
0.000000
0.000000
0.000000
0.000000
0.000000
0.000000
0.000000
0.000000
0.000000
0.000000
0.000000
0.000000
0.000000
0.000000
0.000000
0.000000
0.000000
0.000000
0.000000
0.000000
0.000000
0.000000
0.000000
0.000000
0.000000
0.000000
0.000000
0.970033
0.000000
0.000000
0.000000
0.000000
0.000000
0.000000
0.000000
0.000000
0.000000
0.000000
0.000000
0.000000
0.000000
0.000000
0.000000
0.000000
0.000000
0.000000
0.000000
0.000000
0.000000
0.000000
0.000000
0.000000
0.000000
0.000000
0.000000
0.000000
0.000000
0.000000
0.000000
0.000000
0.000000
0.000000
0.000000
0.000000
0.000000
0.000000
0.000000
0.000000
0.000000
0.000000
0.000000
0.000000
0.000000
0.000000
0.000000
0.000000
0.000000
0.000000
0.000000
0.000000
0.000000
0.000000
0.000000
0.000000
0.000000
0.000000
0.000000
0.000000
0.000000
0.000000
0.000000
0.000000
0.000000
0.000000
0.000000
0.000000
0.000000
0.000000
0.000000
0.000000
0.000000
0.000000
0.000000
0.000000
0.000000
0.000000
0.000000
0.000000
0.000000
0.000000
0.000000
0.000000
0.000000
0.000000
0.000000
0.000000
0.000000
0.000000
0.000000
0.000000
0.000000
0.000000
0.000000
0.000000
0.000000
0.000000
0.000000
0.000000
0.000000
0.000000
0.000000
0.000000
0.000000
0.000000
0.000000
0.000000
0.000000
0.000000
0.000000
0.000000
0.000000
0.000000
0.000000
0.000000
0.000000
0.000000
0.000000
0.000000
0.000000
0.000000
0.000000
0.000000
0.000000
0.000000
0.000000
0.000000
0.000000
0.000000
0.000000
0.000000
0.000000
0.000000
0.000000
3.283882
0.000000
0.000000
0.000000
0.000000
0.000000
0.000000
0.000000
0.080838
0.000000
0.000000
0.000000
0.000000
0.000000
0.000000
0.000000
0.000000
0.000000
0.000000
0.000000
0.000000
1.307285
0.000000
0.000000
0.000000
0.000000
0.000000
0.000000
0.000000
0.000000
0.000000
0.000000
0.000000
0.000000
0.000000
0.000000
0.000000
0.000000
0.000000
0.000000
0.000000
0.000000
0.000000
0.000000
0.000000
0.000000
0.000000
0.000000
0.000000
0.000000
0.000000
0.000000
0.000000
0.000000
0.000000
0.000000
0.000000
0.000000
0.000000
0.000000
0.000000
0.000000
0.000000
0.000000
0.000000
0.000000
0.000000
0.000000
0.000000
0.000000
0.000000
0.000000
0.000000
0.000000
0.000000
0.000000
0.000000
0.000000
0.000000
0.000000
0.000000
0.000000
0.000000
0.000000
0.000000
0.000000
0.000000
0.000000
0.000000
0.000000
0.000000
0.000000
0.000000
0.000000
0.000000
0.000000
0.000000
0.000000
0.000000
0.000000
1.795480
0.000000
0.000000
0.000000
0.000000
0.000000
0.000000
0.000000
7.030029
0.000000
0.000000
0.000000
0.000000
0.000000
0.000000
0.000000
0.000000
0.000000
0.000000
0.000000
0.000000
0.000000
0.000000
0.000000
0.000000
0.000000
0.000000
0.000000
0.000000
0.000000
0.000000
0.000000
0.000000
0.000000
0.000000
0.000000
0.000000
0.000000
0.000000
0.000000
0.000000
0.000000
0.000000
0.000000
0.000000
0.000000
0.000000
0.000000
2.065042
0.000000
0.000000
0.567746
0.000000
2.682697
0.000000
0.000000
0.000000
0.000000
0.000000
4.692576
0.000000
0.000000
1.955925
0.000000
0.000000
0.000000
0.000000
3.659643
0.000000
0.000000
0.000000
0.000000
0.000000
0.000000
0.000000
4.793199
0.000000
0.000000
5.016010
0.000000
0.000000
0.000000
0.000000
4.011302
0.000000
0.000000
12.749749
0.000000
0.000000
0.000000
0.000000
4.764920
2.652651
0.236139
6.264287
0.000000
0.000000
0.000000
0.000000
5.730073
0.000000
0.000000
0.000000
0.000000
0.000000
0.000000
2.143201
3.237150
0.000000
0.000000
0.000000
0.000000
0.000000
0.000000
0.000000
0.000000
0.000000
0.000000
0.000000
0.000000
0.000000
0.000000
0.000000
0.000000
0.000000
0.000000
0.000000
0.000000
0.000000
0.000000
0.000000
0.000000
0.000000
0.000000
0.000000
0.000000
0.000000
0.000000
0.000000
0.000000
0.000000
0.546466
0.000000
0.000000
0.000000
0.000000
0.000000
0.000000
0.000000
0.000000
0.000000
0.000000
0.000000
0.000000
0.000000
0.000000
0.000000
0.000000
0.000000
0.000000
0.000000
0.000000
0.000000
0.000000
0.000000
0.000000
0.000000
0.000000
0.000000
0.000000
0.000000
0.000000
0.000000
0.000000
0.000000
0.000000
0.000000
0.000000
0.000000
0.000000
0.000000
0.000000
0.000000
0.000000
0.000000
0.000000
0.000000
0.000000
0.000000
0.000000
0.000000
0.000000
0.000000
0.000000
0.000000
0.000000
0.000000
0.000000
0.000000
0.000000
0.000000
0.000000
0.000000
0.000000
0.000000
0.000000
0.000000
0.000000
0.000000
0.000000
0.000000
0.000000
0.000000
0.000000
0.000000
0.000000
0.000000
0.000000
0.000000
0.000000
0.000000
0.000000
0.000000
0.000000
0.000000
0.000000
0.000000
0.000000
0.000000
0.000000
0.000000
0.000000
0.000000
0.000000
0.000000
0.000000
0.000000
0.000000
0.000000
0.000000
0.000000
0.000000
0.000000
0.000000
0.000000
0.000000
0.000000
0.000000
0.000000
0.000000
0.000000
0.000000
0.000000
0.000000
0.000000
0.000000
0.000000
0.000000
0.000000
0.000000
0.000000
0.000000
0.000000
0.000000
0.000000
0.000000
0.000000
0.000000
0.000000
0.000000
0.000000
0.000000
0.000000
0.000000
0.902766
3.542835
10.089666
11.085629
6.859665
4.144365
12.582978
8.618813
8.255696
10.511702
17.556154
19.259695
18.190990
11.451235
14.046464
1.669039
3.234242
3.864342
5.896888
9.977729
9.628374
1.357738
4.926232
0.000000
0.000000
0.000000
0.000000
4.153567
3.955949
0.000000
4.852180
0.000000
0.000000
0.000000
0.000000
0.834531
0.000000
0.000000
0.000000
0.000000
0.000000
0.000000
0.000000
0.000000
0.000000
0.000000
0.000000
0.000000
0.000000
0.000000
0.000000
0.000000
0.000000
0.000000
0.000000
0.000000
0.000000
0.000000
0.000000
0.000000
0.000000
0.000000
0.000000
0.000000
0.000000
0.000000
0.000000
0.000000
0.000000
0.000000
0.000000
0.000000
0.000000
0.000000
0.000000
0.000000
0.000000
0.000000
0.000000
0.000000
0.000000
0.000000
0.000000
0.000000
0.000000
0.000000
0.000000
0.000000
0.000000
0.000000
0.000000
0.000000
0.000000
0.000000
0.000000
0.000000
0.000000
0.000000
0.000000
0.000000
0.000000
0.000000
0.000000
0.000000
0.000000
0.000000
0.000000
0.000000
0.000000
0.000000
0.000000
0.000000
0.000000
0.000000
0.000000
0.000000
0.000000
0.000000
0.000000
0.000000
0.000000
0.000000
0.000000
0.000000
0.000000
0.000000
0.000000
0.000000
0.000000
0.000000
0.000000
11.126145
2.691412
0.000000
3.455745
0.000000
8.013062
9.877904
6.579841
17.222183
5.061818
1.259363
0.000000
0.000000
3.820818
9.897545
7.542520
5.739902
2.747864
5.852455
0.671236
0.334095
0.000000
6.879181
6.136616
0.000000
6.461845
10.293941
9.935635
6.296596
1.608267
1.434758
0.906339
0.000000
2.594549
6.807252
8.435651
0.000000
0.000000
0.000000
0.000000
0.000000
0.000000
0.000000
0.000000
0.000000
0.000000
0.000000
0.000000
3.414166
0.000000
0.000000
0.000000
0.000000
0.000000
2.191655
0.000000
13.381428
0.000000
1.136313
0.000000
0.000000
14.706491
16.878550
3.139220
10.880034
5.459560
5.442266
0.000000
5.121162
17.174599
16.819851
1.778580
0.000000
0.685544
0.974950
0.000000
0.000000
1.615446
0.000000
0.000000
0.000000
0.000000
0.132349
0.000000
0.000000
0.000000
0.000000
0.000000
0.000000
0.000000
0.000000
0.000000
0.000000
0.000000
0.000000
0.000000
0.000000
0.000000
0.000000
0.000000
0.000000
0.000000
0.000000
0.000000
0.000000
0.000000
0.000000
0.000000
0.000000
0.000000
0.000000
0.000000
0.000000
0.000000
0.000000
0.000000
0.000000
0.000000
0.000000
0.000000
0.000000
0.000000
0.000000
0.000000
0.000000
0.000000
0.000000
0.000000
0.000000
0.000000
0.000000
0.000000
0.000000
0.000000
0.000000
0.000000
0.000000
0.000000
0.000000
0.000000
0.000000
0.000000
0.000000
0.000000
0.000000
0.000000
0.000000
0.000000
0.000000
0.000000
0.000000
0.000000
0.000000
0.000000
0.000000
0.000000
0.000000
0.000000
0.000000
0.000000
0.000000
0.000000
0.000000
0.000000
0.000000
0.000000
0.000000
0.000000
0.000000
0.000000
0.000000
0.000000
0.000000
0.000000
0.000000
0.000000
0.000000
0.000000
0.000000
0.000000
0.000000
0.000000
0.000000
0.000000
0.000000
0.000000
0.000000
0.000000
0.000000
0.000000
0.000000
0.000000
0.000000
0.000000
0.000000
0.000000
0.000000
0.000000
0.000000
0.000000
0.000000
0.000000
0.000000
0.000000
0.000000
0.000000
0.000000
0.000000
0.000000
0.000000
0.000000
0.000000
0.000000
0.000000
0.000000
0.000000
0.000000
0.000000
0.000000
0.000000
0.000000
0.000000
0.000000
0.000000
0.000000
0.000000
0.000000
0.000000
0.000000
0.000000
0.000000
0.000000
0.000000
4.017089
0.000000
0.000000
0.000000
0.000000
0.000000
0.000000
0.000000
0.000000
0.000000
0.000000
0.000000
0.000000
0.000000
0.000000
0.000000
0.000000
0.000000
0.000000
0.000000
0.000000
0.000000
0.000000
0.000000
0.000000
0.000000
0.000000
0.000000
0.000000
0.000000
0.000000
0.000000
0.000000
0.000000
0.000000
0.000000
0.000000
0.000000
0.000000
0.000000
0.000000
0.000000
0.000000
0.000000
0.000000
0.000000
0.000000
0.000000
0.000000
0.000000
0.000000
0.000000
0.000000
0.000000
0.000000
0.000000
0.000000
0.000000
0.000000
0.000000
0.000000
0.000000
0.000000
0.000000
0.000000
0.000000
0.000000
0.000000
1.255633
0.000000
0.000000
0.000000
0.000000
0.000000
0.000000
0.000000
0.000000
0.000000
0.000000
0.000000
0.000000
0.000000
0.000000
0.000000
0.000000
0.000000
0.000000
0.000000
0.000000
0.000000
0.000000
0.000000
0.000000
0.000000
0.000000
0.000000
2.096818
0.000000
0.000000
0.000000
0.000000
0.000000
0.000000
0.000000
0.000000
0.000000
0.000000
0.000000
0.000000
0.000000
0.000000
0.000000
0.000000
0.000000
0.000000
0.000000
0.000000
0.000000
0.000000
0.000000
0.000000
0.000000
0.000000
0.000000
0.000000
0.000000
0.000000
0.000000
0.000000
0.000000
0.000000
0.000000
0.000000
0.000000
0.000000
0.000000
0.000000
0.000000
0.000000
0.000000
0.000000
0.000000
0.000000
0.000000
0.000000
0.000000
0.000000
0.000000
0.000000
0.000000
0.000000
0.000000
0.000000
0.000000
0.000000
0.000000
0.000000
0.000000
0.000000
0.000000
0.000000
0.000000
0.000000
0.000000
0.000000
0.000000
0.000000
0.000000
0.000000
0.000000
0.000000
0.000000
0.000000
0.000000
0.000000
0.000000
0.000000
0.000000
0.000000
0.000000
0.000000
0.000000
0.000000
0.000000
0.000000
0.000000
0.000000
0.000000
0.000000
0.000000
0.000000
0.000000
0.000000
0.000000
0.000000
0.000000
0.000000
0.000000
0.000000
0.000000
0.000000
0.000000
0.000000
0.000000
0.000000
0.000000
0.000000
0.000000
0.000000
0.000000
0.000000
0.000000
0.000000
0.000000
0.000000
0.000000
0.000000
0.000000
0.000000
0.000000
0.000000
0.000000
0.000000
0.000000
0.000000
0.000000
0.000000
0.000000
0.000000
0.000000
0.000000
0.000000
0.000000
0.000000
0.000000
0.000000
0.000000
0.000000
0.000000
0.000000
0.000000
0.000000
0.000000
0.000000
0.000000
0.000000
0.000000
0.000000
0.000000
0.000000
0.000000
0.000000
0.000000
0.000000
0.000000
0.000000
0.000000
0.000000
0.000000
0.000000
0.000000
0.000000
0.000000
0.000000
0.000000
0.000000
0.000000
0.000000
0.000000
0.000000
0.000000
0.000000
0.000000
0.000000
0.000000
0.000000
0.000000
0.000000
0.000000
0.000000
0.000000
0.000000
0.000000
0.000000
0.000000
0.000000
0.000000
0.000000
0.000000
0.000000
0.000000
0.000000
0.000000
0.000000
0.000000
0.000000
0.000000
0.000000
0.000000
0.000000
0.000000
0.000000
0.000000
0.000000
0.000000
0.000000
0.000000
0.000000
0.000000
0.000000
0.000000
0.000000
0.000000
0.000000
0.000000
0.000000
0.000000
0.000000
0.000000
0.000000
0.000000
0.000000
0.000000
0.000000
0.000000
0.000000
0.000000
0.000000
0.000000
0.000000
0.000000
0.000000
0.000000
0.000000
0.000000
0.000000
0.000000
0.000000
0.000000
0.000000
0.000000
0.000000
0.000000
0.000000
0.000000
0.000000
0.000000
0.000000
0.000000
0.000000
0.000000
0.000000
0.000000
0.000000
0.000000
0.000000
0.000000
0.000000
0.000000
0.000000
0.000000
0.000000
0.000000
0.000000
0.000000
0.000000
0.000000
0.000000
0.000000
0.000000
0.000000
0.000000
0.000000
0.000000
0.000000
0.000000
0.000000
0.000000
0.000000
0.000000
0.000000
0.000000
0.000000
0.000000
0.000000
0.000000
0.000000
0.000000
0.000000
0.000000
0.000000
0.000000
0.000000
0.000000
0.000000
0.000000
0.000000
0.000000
0.000000
0.000000
0.000000
0.000000
0.000000
0.000000
0.000000
0.000000
0.000000
0.000000
0.000000
0.000000
0.000000
0.000000
0.000000
0.000000
0.000000
0.000000
0.000000
0.000000
0.000000
0.000000
0.000000
0.000000
0.000000
0.000000
0.000000
0.000000
0.000000
0.000000
0.000000
0.000000
0.000000
0.000000
0.000000
0.000000
0.000000
0.000000
0.000000
0.000000
0.405632
0.264203
0.000000
1.713800
0.267515
0.830913
0.000000
0.000000
0.000000
0.000000
0.000000
0.000000
0.000000
0.000000
0.000000
0.000000
0.000000
0.000000
0.000000
0.000000
0.000000
0.000000
0.000000
0.000000
0.000000
0.000000
0.000000
0.000000
0.000000
0.000000
0.000000
0.000000
0.000000
0.000000
0.000000
0.000000
0.000000
0.000000
0.000000
0.000000
0.000000
0.000000
1.364468
6.274921
0.000000
0.000000
0.000000
2.291075
0.000000
0.000000
0.615745
0.000000
0.000000
0.000000
3.300873
2.657517
0.000000
0.059936
2.089088
0.000000
0.000000
0.000000
0.000000
0.000000
0.000000
3.692297
5.081859
0.000000
0.000000
0.000000
0.000000
0.000000
0.000000
0.000000
0.000000
0.000000
0.000000
0.000000
2.146046
0.000000
0.000000
0.000000
0.000000
0.000000
0.000000
0.000000
0.000000
0.000000
0.371960
0.000000
0.000000
0.000000
0.000000
0.000000
0.000000
0.000000
0.000000
0.000000
1.793411
0.000000
0.000000
0.000000
0.000000
0.000000
0.000000
0.000000
2.090312
0.000000
0.000000
0.000000
0.000000
0.000000
0.000000
0.000000
0.000000
0.000000
0.000000
0.000000
0.000000
0.000000
0.000000
1.356027
0.000000
0.000000
0.000000
0.000000
3.978648
0.000000
4.620003
2.395828
0.000000
0.000000
0.000000
0.000000
1.889121
0.000000
0.000000
0.000000
0.000000
0.152884
0.000000
0.000000
0.275371
0.000000
0.000000
0.000000
0.000000
0.000000
0.957219
0.000000
0.000000
0.000000
0.000000
0.000000
0.000000
0.000000
7.616177
0.000000
0.000000
0.000000
0.000000
0.000000
0.000000
1.164643
1.047393
0.000000
0.000000
3.419670
0.000000
0.000000
0.000000
0.000000
0.000000
0.000000
0.000000
1.030568
0.000000
0.000000
3.797321
6.340230
1.737044
7.500164
3.894042
8.869884
0.000000
0.000000
0.000000
4.586051
0.000000
1.079065
0.000000
3.498695
0.000000
0.000000
0.894790
5.859119
0.000000
1.120979
0.000000
0.000000
0.000000
0.000000
0.000000
0.000000
0.000000
0.000000
0.000000
0.000000
0.330723
1.113013
0.000000
3.455754
1.639023
0.000000
0.000000
0.000000
0.761126
8.555997
2.913893
5.959766
5.833708
2.857707
0.000000
0.000000
6.191092
4.529556
0.000000
1.586292
3.269013
4.473987
0.000000
0.068757
6.135871
7.056975
1.268577
6.232439
5.096920
6.442448
0.000000
0.000000
0.000000
0.722655
0.000000
0.000000
3.546904
0.000000
0.000000
0.000000
0.000000
0.000000
0.000000
0.000000
0.000000
0.000000
0.000000
0.000000
0.388545
0.000000
0.000000
0.000000
0.000000
0.439752
0.000000
4.241572
5.473451
0.227175
0.000000
0.000000
0.000000
0.000000
0.000000
1.626897
0.000000
2.749362
0.000000
0.000000
0.000000
0.000000
0.000000
0.000000
0.000000
0.000000
0.000000
0.000000
0.000000
0.000000
0.000000
0.000000
0.000000
0.000000
0.000000
0.000000
0.000000
0.000000
0.276117
0.578966
0.000000
0.000000
0.000000
0.000000
0.000000
0.000000
2.234627
4.028725
2.940321
0.000000
0.000000
0.000000
0.000000
0.000000
0.000000
0.000000
1.030786
0.000000
0.000000
0.000000
0.000000
2.200198
0.000000
0.531863
3.093348
0.000000
1.596306
0.000000
4.298040
3.968616
0.000000
0.000000
0.000000
0.000000
0.000000
0.000000
0.000000
2.327108
0.000000
0.000000
0.000000
0.000000
0.000000
0.000000
1.807623
0.368774
0.000000
0.000000
0.000000
0.000000
0.000000
0.000000
0.154180
0.000000
0.000000
0.000000
0.000000
0.000000
0.000000
0.000000
0.000000
0.000000
0.000000
0.000000
0.000000
0.000000
0.000000
0.000000
1.891660
0.000000
0.000000
0.000000
0.275330
0.000000
0.000000
0.000000
0.000000
0.000000
0.000000
0.000000
0.000000
0.000000
0.000000
0.000000
0.000000
0.000000
0.000000
0.000000
0.000000
0.000000
0.000000
0.000000
0.000000
0.000000
0.000000
0.000000
0.000000
0.000000
0.000000
0.000000
0.000000
0.000000
0.000000
0.000000
0.000000
0.000000
0.000000
0.000000
0.000000
0.000000
0.000000
5.520153
0.000000
0.000000
0.000000
0.000000
0.000000
0.000000
0.980364
6.482636
1.872241
0.271806
3.074661
0.000000
0.000000
0.000000
0.000000
1.489635
0.000000
0.000000
0.000000
0.000000
0.000000
0.000000
0.000000
0.000000
0.000000
0.000000
0.000000
0.000000
0.000000
0.000000
0.000000
0.550369
0.000000
0.000000
2.552347
0.000000
0.000000
0.000000
0.000000
6.149726
0.000000
0.000000
4.457564
5.191842
0.000000
4.861489
1.338813
16.008213
6.560210
0.000000
5.729059
5.954880
3.151711
5.945086
5.921276
11.913256
4.410322
0.000000
8.823646
9.160995
8.328886
10.874638
8.137827
10.614019
5.187212
0.000000
3.326972
3.819405
5.124138
8.428774
6.061252
3.216939
0.740443
0.000000
0.000000
0.000000
0.000000
2.563078
0.000000
0.000000
0.000000
0.000000
0.000000
0.000000
0.000000
0.000000
0.000000
0.000000
0.000000
0.662530
0.000000
0.000000
0.000000
0.000000
0.000000
0.000000
0.000000
1.125201
0.000000
0.000000
0.000000
1.564534
0.000000
0.000000
0.125184
1.026462
0.000000
0.000000
0.000000
1.841406
0.000000
0.000000
0.000000
0.676408
0.578859
0.000000
0.000000
3.747515
0.000000
0.000000
0.000000
0.000000
0.000000
0.000000
0.000000
1.829140
0.000000
0.000000
0.000000
0.000000
0.000000
0.000000
0.000000
0.917877
0.000000
0.000000
0.000000
0.000000
0.000000
0.000000
0.000000
0.000000
0.000000
0.000000
0.000000
0.000000
0.000000
0.000000
0.000000
0.000000
0.000000
0.000000
0.000000
0.000000
0.000000
0.000000
0.000000
0.000000
0.136914
0.000000
0.646344
0.000000
0.136281
0.000000
0.000000
0.000000
0.000000
0.000000
0.000000
0.000000
0.000000
0.000000
0.000000
0.000000
0.000000
0.000000
0.000000
0.000000
0.000000
0.000000
0.000000
0.000000
0.000000
0.000000
0.000000
0.000000
0.000000
0.000000
0.000000
0.000000
0.000000
0.000000
0.000000
0.000000
0.000000
0.000000
0.000000
0.000000
0.000000
0.000000
0.000000
0.000000
0.000000
0.000000
0.000000
3.016710
0.000000
0.000000
0.000000
0.000000
0.000000
0.000000
0.000000
1.526047
0.000000
0.000000
0.000000
0.000000
0.000000
0.216964
0.905292
0.000000
0.000000
0.000000
0.000000
0.000000
1.591649
0.000000
0.130793
0.000000
0.000000
0.000000
0.000000
0.000000
0.000000
0.000000
0.250570
0.000000
0.000000
0.000000
0.000000
0.000000
0.245769
0.000000
0.000000
0.000000
0.000000
0.000000
0.000000
0.000000
0.000000
1.236843
0.000000
0.000000
0.000000
4.862735
0.000000
0.000000
3.376296
1.827294
0.000000
0.000000
0.000000
5.857535
0.000000
0.000000
3.358986
0.000000
0.000000
0.000000
0.000000
0.000000
0.000000
0.000000
0.000000
0.000000
0.000000
0.000000
0.000000
0.000000
0.000000
0.000000
0.000000
0.000000
0.000000
0.000000
0.000000
0.000000
0.000000
0.000000
0.000000
0.000000
0.000000
0.000000
0.000000
0.000000
0.000000
0.000000
0.000000
0.000000
0.000000
0.000000
0.000000
0.000000
0.000000
0.000000
0.000000
0.000000
0.000000
0.000000
0.000000
0.000000
0.000000
0.000000
1.695489
0.000000
0.000000
0.000000
0.000000
0.000000
0.000000
0.000000
0.000000
0.000000
0.000000
2.146525
0.000000
0.538551
0.000000
0.000000
0.873133
0.000000
0.000000
0.751927
0.000000
0.000000
0.000000
0.000000
5.474644
4.071093
1.306791
2.697066
2.997027
2.671259
0.000000
0.000000
0.000000
0.000000
0.000000
0.000000
5.093409
0.316314
0.000000
0.000000
0.000000
0.000000
0.000000
3.264319
5.112737
0.000000
0.000000
0.000000
0.000000
0.000000
0.000000
1.723456
0.000000
0.000000
0.000000
0.000000
0.000000
0.000000
0.000000
0.000000
0.000000
0.000000
0.000000
0.000000
0.000000
0.000000
0.000000
1.158197
0.000000
0.000000
0.000000
0.000000
0.000000
0.000000
1.759667
4.010634
0.000000
0.000000
0.000000
0.000000
0.000000
0.000000
0.000000
2.500451
0.000000
0.000000
0.000000
0.000000
0.000000
0.000000
0.000000
0.103138
0.000000
0.000000
0.000000
3.393459
2.075338
2.924763
0.000000
1.950224
0.000000
0.000000
0.000000
0.000000
0.000000
0.000000
0.000000
0.000000
0.000000
0.000000
0.000000
0.000000
0.000000
0.000000
0.000000
0.000000
0.000000
0.000000
0.000000
0.000000
0.000000
0.000000
0.000000
0.000000
0.000000
0.000000
0.000000
0.000000
0.000000
0.000000
0.000000
0.000000
0.000000
0.000000
0.000000
0.000000
0.000000
0.000000
0.000000
0.000000
0.000000
0.000000
0.000000
0.000000
0.000000
0.000000
0.000000
0.000000
0.000000
0.000000
0.000000
0.000000
0.000000
0.000000
0.000000
0.000000
0.000000
0.000000
0.000000
1.827596
0.869760
0.000000
0.000000
0.000000
0.000000
0.000000
0.000000
5.176924
7.611432
0.182034
0.000000
0.000000
0.000000
0.000000
0.000000
0.000000
4.997552
0.000000
0.000000
0.000000
0.000000
0.000000
0.000000
0.000000
0.000000
0.000000
0.000000
0.000000
0.000000
0.000000
0.452005
0.000000
0.000000
0.000000
0.000000
0.000000
0.000000
0.000000
0.000000
0.000000
0.000000
0.000000
0.000000
0.000000
0.000000
0.000000
0.000000
0.000000
0.000000
0.000000
0.000000
0.000000
0.000000
0.000000
0.000000
0.000000
0.000000
0.000000
0.000000
0.000000
0.000000
0.000000
0.000000
0.000000
0.000000
0.000000
0.000000
0.000000
0.000000
0.868645
0.000000
0.000000
0.000000
0.000000
0.000000
0.000000
0.000000
0.000000
0.000000
0.000000
0.000000
0.000000
0.000000
0.000000
0.000000
0.000000
0.000000
0.000000
0.000000
0.000000
0.000000
0.000000
0.000000
0.000000
0.000000
0.000000
0.000000
0.000000
0.000000
0.000000
0.000000
0.000000
0.000000
0.000000
0.000000
0.000000
0.000000
0.000000
0.000000
0.000000
0.000000
0.000000
0.604086
0.000000
0.000000
0.000000
0.000000
0.000000
0.000000
0.000000
8.694414
0.000000
1.477600
0.000000
0.000000
0.000000
0.000000
0.000000
0.000000
0.000000
0.000000
0.000000
0.000000
0.000000
0.000000
0.000000
0.000000
0.000000
0.000000
0.000000
0.000000
0.000000
0.000000
0.000000
0.000000
0.000000
0.000000
0.000000
0.000000
0.000000
0.000000
0.000000
0.000000
0.000000
0.000000
0.000000
0.000000
0.000000
0.000000
0.000000
0.000000
0.000000
0.000000
0.000000
0.000000
0.000000
0.000000
0.000000
0.000000
0.000000
0.000000
0.000000
0.000000
0.000000
0.000000
0.000000
0.000000
0.000000
0.000000
0.000000
0.000000
3.234905
2.448362
0.000000
0.555398
3.506850
0.000000
0.000000
0.000000
0.000000
0.000000
0.000000
0.000000
0.000000
0.000000
0.000000
0.000000
0.000000
0.000000
0.000000
0.000000
0.000000
0.000000
0.000000
0.000000
0.000000
0.000000
0.000000
0.000000
0.000000
0.000000
0.000000
0.000000
0.000000
0.000000
0.000000
0.000000
0.000000
0.000000
0.000000
0.000000
0.000000
0.000000
0.000000
0.000000
0.000000
0.000000
0.000000
0.000000
0.000000
0.000000
0.000000
0.000000
0.000000
1.012547
1.062090
1.194613
1.039520
2.336019
2.374012
2.480051
1.436458
0.000000
0.000000
0.000000
0.000000
0.000000
0.000000
0.000000
0.000000
0.000000
0.000000
0.000000
0.000000
0.000000
0.000000
0.000000
0.000000
0.000000
0.000000
0.000000
0.000000
0.000000
0.000000
0.000000
0.000000
0.000000
0.000000
4.293370
1.628691
0.000000
0.000000
0.000000
0.000000
0.000000
0.000000
0.000000
0.000000
0.000000
0.000000
0.000000
0.000000
0.000000
0.417179
0.000000
0.000000
0.000000
0.000000
0.000000
0.000000
0.000000
0.000000
0.000000
0.000000
0.000000
3.806891
1.698449
0.000000
0.000000
0.000000
0.000000
0.000000
0.000000
4.576873
5.410840
0.000000
0.000000
0.000000
0.000000
0.000000
0.000000
0.000000
0.000000
0.000000
0.000000
0.000000
2.920857
0.000000
0.000000
1.394951
0.557045
2.556958
2.267750
0.000000
2.171657
0.000000
0.000000
0.000000
0.000000
0.000000
1.804007
4.204991
1.142455
0.000000
0.000000
0.000000
0.000000
0.000000
0.000000
0.000000
0.000000
0.000000
0.000000
0.000000
0.000000
0.000000
0.000000
0.000000
0.000000
0.000000
0.000000
0.000000
0.000000
0.000000
0.000000
0.000000
0.000000
0.000000
0.000000
0.000000
12.632220
1.687681
0.000000
0.000000
0.000000
2.633121
8.153686
4.746300
0.000000
0.000000
0.000000
0.000000
0.000000
0.847838
0.000000
0.000000
0.000000
0.000000
0.000000
0.000000
0.000000
0.000000
0.000000
0.000000
0.000000
0.000000
0.000000
0.000000
0.000000
0.000000
0.000000
0.000000
0.000000
0.000000
0.000000
0.000000
0.000000
0.000000
0.000000
0.000000
0.000000
0.000000
0.000000
0.000000
0.000000
0.000000
0.000000
0.000000
0.000000
0.000000
0.000000
0.000000
0.000000
0.000000
0.000000
0.000000
4.142301
6.227296
8.091992
0.000000
2.558424
5.320349
2.447632
0.000000
0.580525
2.144328
2.537647
0.000000
0.000000
0.000000
0.000000
0.000000
0.000000
0.000000
0.000000
0.000000
0.000000
0.000000
0.000000
0.000000
0.000000
0.000000
0.000000
0.000000
0.000000
0.000000
0.000000
1.429320
0.000000
1.777604
2.026399
0.000000
4.113409
3.184676
0.000000
3.914135
10.212527
5.391731
4.336532
0.000000
0.000000
0.000000
0.000000
0.000000
0.000000
0.000000
0.000000
0.000000
2.413687
0.000000
1.345387
5.928473
1.912492
2.014344
1.234198
0.000000
0.000000
0.000000
0.000000
3.813608
2.398030
2.441862
3.293593
0.000000
0.000000
0.000000
0.000000
0.000000
0.000000
0.000000
0.000000
0.000000
0.000000
0.000000
0.000000
0.000000
0.000000
0.000000
0.000000
0.000000
0.000000
0.000000
0.000000
0.000000
0.000000
0.000000
0.000000
0.000000
0.000000
0.000000
0.000000
0.000000
0.000000
0.000000
0.000000
0.000000
0.000000
0.000000
0.000000
0.000000
0.000000
0.000000
0.000000
0.000000
0.000000
0.000000
0.000000
0.000000
0.000000
0.000000
0.000000
0.000000
4.609630
1.425721
3.352075
4.822693
3.344120
0.000000
0.000000
0.000000
12.183655
11.441799
12.533143
15.164583
16.140217
0.000000
8.250278
15.191182
33.397541
29.277678
31.535261
20.002651
20.618906
0.000000
11.401400
15.941064
34.904591
25.582003
36.611874
32.709118
28.604956
13.586848
23.721941
28.103960
36.422935
28.735334
38.435314
34.991219
31.794962
15.654463
24.405390
21.283335
28.003714
22.411518
29.556995
34.330215
24.514484
9.904449
12.650867
4.490155
10.378380
4.778687
22.446672
27.409206
21.846294
0.139130
13.626014
5.229036
6.891397
0.000000
12.623624
17.726503
9.182724
3.686155
22.090382
10.620963
20.138897
4.409329
10.160486
10.826770
10.050268
12.031396
22.646852
14.313852
14.596270
3.865399
3.915899
2.538464
3.639971
8.719150
22.990604
17.980623
11.188050
6.607666
0.638000
4.668746
3.468574
7.424563
15.796628
12.181212
11.396218
7.452831
6.868694
7.871192
5.688472
5.449606
7.512682
8.653099
1.051069
2.762370
2.873291
3.015130
1.024010
0.000000
0.000000
5.296922
0.000000
0.211493
2.907523
7.106781
17.480955
3.472053
6.549431
17.032789
9.903993
8.593183
16.664902
15.639133
0.000000
0.000000
0.417793
8.373481
2.970716
0.769537
2.310580
3.653450
0.000000
0.000000
3.319530
9.825741
2.488288
0.000000
0.000000
0.000000
0.000000
2.928567
6.602544
9.962000
5.228454
0.474760
0.000000
0.000000
0.000000
6.383683
6.979068
4.057376
2.415609
8.476149
0.000000
0.000000
3.404925
13.788461
10.402600
4.065533
10.456311
20.376635
2.372302
0.000000
15.650354
19.955080
23.996748
19.739014
26.383064
29.375793
13.848224
0.000000
27.475222
35.931976
36.921543
35.808441
45.217960
47.659054
30.307125
2.236764
22.445765
27.522243
27.386345
21.873762
32.000740
24.496883
19.693750
6.775485
18.198967
22.629732
26.207275
25.627905
24.242907
12.600087
16.715761
2.971031
11.788282
12.544501
24.164009
11.601439
7.985525
0.000000
19.236990
6.081278
2.947797
9.104460
14.432922
1.654255
0.705200
0.000000
6.602785
11.460215
4.466643
5.338759
9.997528
5.578356
2.021713
0.000000
7.078638
11.761050
1.824688
3.503195
6.128039
1.663047
9.032546
2.467215
11.571182
13.350069
7.023004
4.475039
4.992108
0.251008
2.378068
0.000000
5.533629
5.268268
1.908196
0.000000
0.000000
0.000000
0.000000
0.000000
5.616245
1.731847
0.000000
1.401737
0.000000
0.646980
0.141329
0.000000
8.530918
6.764275
3.339948
5.874393
0.000000
0.744966
0.993888
0.000000
1.158258
1.070913
0.000000
0.000000
0.000000
0.000000
0.000000
0.000000
0.000000
2.146957
7.601647
1.883290
0.000000
0.000000
0.000000
0.000000
0.000000
0.000000
0.000000
0.000000
0.000000
0.000000
0.000000
0.000000
0.000000
0.000000
0.000000
0.000000
0.000000
0.000000
0.000000
0.000000
0.000000
0.000000
0.000000
0.000000
0.000000
0.000000
0.000000
0.000000
0.000000
0.000000
0.000000
0.000000
0.000000
0.000000
0.000000
0.000000
0.000000
0.000000
0.000000
0.000000
0.000000
0.000000
0.000000
0.000000
0.000000
0.000000
0.000000
0.000000
0.000000
0.000000
0.000000
0.000000
0.000000
0.000000
0.000000
0.000000
0.000000
0.000000
0.000000
0.000000
0.000000
0.000000
0.000000
0.000000
0.000000
0.000000
0.000000
0.000000
0.000000
0.000000
0.000000
0.000000
0.000000
0.000000
0.000000
0.000000
0.000000
0.000000
0.000000
0.000000
0.000000
0.000000
0.000000
0.000000
0.000000
0.000000
0.000000
0.000000
0.000000
0.000000
0.000000
0.000000
0.000000
0.000000
0.000000
0.000000
0.000000
0.000000
0.000000
0.000000
0.000000
0.000000
0.000000
0.000000
0.000000
0.000000
0.000000
0.000000
0.000000
0.000000
0.000000
0.000000
0.000000
0.000000
0.000000
0.000000
0.000000
0.000000
0.000000
0.000000
0.000000
0.000000
0.000000
0.000000
0.000000
0.000000
0.000000
0.000000
0.000000
0.000000
0.000000
0.000000
0.000000
0.000000
0.000000
0.000000
0.000000
0.000000
0.000000
0.000000
0.000000
0.000000
0.000000
0.000000
0.000000
0.000000
0.000000
0.000000
0.000000
0.000000
0.000000
0.000000
0.000000
0.000000
0.000000
0.000000
0.000000
0.000000
4.579623
0.000000
0.000000
0.000000
0.000000
0.000000
0.000000
0.000000
0.000000
0.000000
0.000000
0.000000
0.000000
0.000000
0.000000
0.000000
0.000000
0.000000
0.000000
0.000000
0.000000
0.000000
0.000000
0.000000
0.000000
0.000000
0.000000
0.000000
0.000000
0.000000
0.000000
0.000000
0.000000
0.000000
0.000000
0.000000
0.000000
0.000000
0.000000
0.000000
0.000000
0.000000
0.000000
0.000000
0.000000
0.000000
0.000000
0.000000
0.000000
0.000000
0.000000
0.000000
0.000000
0.000000
0.000000
0.000000
0.000000
0.000000
0.000000
0.000000
0.000000
0.000000
0.000000
0.000000
0.000000
0.000000
0.000000
0.000000
0.000000
0.000000
0.000000
0.000000
0.000000
0.000000
0.000000
0.000000
0.000000
0.000000
0.000000
0.000000
0.000000
0.000000
0.000000
0.000000
0.000000
0.000000
0.000000
0.000000
0.000000
0.000000
0.000000
0.000000
0.000000
0.000000
0.000000
0.000000
0.000000
0.000000
0.000000
0.000000
0.000000
0.000000
0.000000
0.000000
0.000000
0.000000
0.000000
0.000000
0.000000
0.000000
0.000000
0.000000
0.000000
0.000000
0.000000
0.000000
0.000000
0.000000
0.000000
0.000000
0.000000
0.000000
0.000000
0.000000
0.000000
0.000000
0.000000
0.000000
0.000000
0.000000
0.000000
0.000000
0.000000
0.000000
0.000000
0.000000
0.000000
0.000000
0.000000
0.000000
0.000000
0.000000
0.000000
0.000000
0.000000
0.000000
0.000000
0.000000
0.000000
0.000000
0.000000
0.000000
0.000000
0.000000
0.000000
0.000000
0.000000
0.000000
0.000000
0.000000
0.000000
0.000000
0.000000
0.000000
0.000000
0.000000
0.000000
0.000000
0.000000
0.000000
0.000000
0.000000
0.000000
0.000000
0.000000
0.000000
0.000000
0.000000
0.000000
0.000000
0.000000
0.000000
0.000000
0.000000
0.000000
0.000000
0.000000
0.000000
0.000000
0.000000
0.000000
0.000000
0.000000
0.000000
0.000000
0.000000
0.000000
0.000000
0.000000
0.000000
0.000000
0.000000
0.000000
0.000000
0.000000
0.000000
0.000000
0.000000
0.000000
0.000000
0.000000
0.000000
0.000000
0.000000
0.000000
0.000000
0.000000
0.000000
0.000000
0.000000
0.000000
0.000000
0.000000
0.000000
0.000000
0.000000
0.000000
0.000000
0.000000
0.000000
0.000000
0.000000
0.000000
0.000000
0.000000
0.000000
0.000000
0.835129
0.000000
0.000000
0.000000
0.000000
0.000000
0.000000
0.000000
0.000000
0.000000
0.000000
0.000000
0.000000
0.000000
0.000000
0.000000
0.000000
0.000000
0.000000
0.000000
0.000000
0.000000
0.000000
0.000000
0.000000
0.000000
0.000000
0.000000
0.000000
0.000000
0.000000
0.000000
0.000000
0.000000
0.000000
0.921399
0.000000
0.000000
0.000000
0.000000
0.000000
0.000000
0.000000
7.156336
0.000000
0.000000
0.000000
0.000000
0.000000
0.000000
0.000000
0.429020
0.000000
0.000000
0.000000
0.000000
0.000000
0.000000
0.000000
0.000000
0.000000
0.000000
0.000000
0.000000
0.000000
0.000000
0.000000
0.000000
0.000000
0.000000
0.000000
0.000000
0.000000
0.000000
0.000000
0.000000
0.000000
0.000000
0.000000
0.000000
0.000000
0.000000
0.000000
0.000000
0.000000
0.000000
0.000000
2.333503
0.000000
0.000000
0.000000
0.000000
0.000000
0.000000
0.331542
3.785368
0.000000
0.000000
0.000000
0.000000
0.000000
0.000000
3.369977
0.000000
0.000000
0.000000
0.000000
0.000000
0.000000
0.000000
0.000000
0.000000
0.000000
0.000000
0.000000
0.000000
0.000000
0.000000
0.658807
0.000000
0.000000
0.000000
0.000000
0.000000
0.000000
0.000000
0.000000
0.000000
0.000000
0.000000
0.000000
0.000000
0.000000
0.000000
0.000000
0.000000
0.000000
0.000000
0.000000
0.000000
0.000000
0.000000
0.000000
0.000000
0.000000
0.000000
0.000000
0.000000
0.000000
0.000000
0.000000
0.000000
0.000000
0.000000
0.000000
0.000000
0.000000
0.000000
0.000000
0.000000
0.000000
0.000000
0.000000
0.000000
0.000000
4.524864
4.741582
4.843148
4.757925
7.235323
7.960128
9.533166
6.695773
2.531624
2.330427
0.000000
0.000000
0.000000
0.000000
0.000000
0.000000
0.000000
0.000000
0.000000
0.000000
0.000000
0.000000
0.000000
0.000000
0.000000
0.000000
0.000000
0.000000
0.000000
0.000000
0.000000
0.000000
0.000000
0.000000
0.000000
0.000000
0.000000
0.000000
0.000000
0.000000
0.000000
0.000000
0.000000
0.000000
0.000000
0.000000
0.000000
0.000000
0.000000
0.000000
0.000000
0.000000
0.000000
0.000000
0.000000
0.000000
0.000000
0.000000
0.000000
0.000000
0.000000
0.565142
0.000000
0.000000
0.000000
0.000000
0.000000
0.000000
0.127210
0.000000
2.185948
0.000000
0.000000
0.000000
0.000000
0.000000
0.000000
0.000000
0.000000
0.000000
0.000000
0.000000
0.000000
0.000000
0.000000
0.000000
0.000000
0.000000
0.000000
0.000000
0.000000
0.000000
0.000000
0.000000
0.000000
0.000000
0.000000
0.000000
0.000000
0.000000
0.000000
0.000000
0.000000
0.000000
0.000000
0.000000
0.000000
0.000000
0.000000
0.000000
0.000000
0.000000
0.000000
0.000000
0.000000
0.000000
0.000000
0.000000
0.000000
0.000000
0.000000
0.000000
0.000000
0.000000
0.000000
0.000000
16.622828
10.358605
0.000000
0.000000
0.000000
0.750934
7.528066
1.488761
0.000000
0.000000
0.000000
0.000000
0.000000
0.000000
0.000000
0.000000
0.000000
0.000000
0.000000
0.000000
0.000000
0.000000
0.000000
0.000000
0.000000
0.000000
0.000000
0.000000
0.000000
0.000000
0.000000
0.000000
0.000000
0.000000
0.000000
0.000000
0.000000
0.000000
0.000000
0.000000
0.000000
0.000000
0.000000
0.000000
0.000000
0.000000
0.000000
0.000000
0.000000
0.000000
0.000000
0.000000
0.000000
0.000000
0.000000
0.000000
1.729958
0.350246
4.085895
0.000000
0.399106
0.000000
0.000000
0.000000
0.000000
0.000000
0.000000
0.000000
0.000000
0.000000
0.000000
0.000000
0.000000
0.000000
0.000000
0.000000
0.000000
0.000000
0.000000
0.000000
0.000000
0.000000
0.000000
0.000000
0.000000
0.000000
0.000000
0.000000
0.000000
0.000000
0.000000
0.000000
6.114407
0.000000
0.000000
1.251461
6.682586
0.000000
0.000000
0.000000
0.000000
0.000000
0.000000
1.578477
0.000000
0.000000
0.000000
0.000000
3.344296
0.000000
0.000000
3.183942
0.000000
0.408859
0.000000
0.000000
1.899701
2.753036
0.000000
0.202596
1.929673
0.000000
0.000000
0.000000
0.000000
0.000000
0.000000
0.000000
0.000000
0.000000
0.000000
0.000000
0.000000
0.000000
0.000000
0.000000
0.000000
0.000000
0.000000
0.000000
0.000000
0.000000
0.000000
0.000000
0.000000
0.000000
0.000000
0.000000
0.000000
0.000000
0.000000
0.000000
0.000000
0.000000
0.000000
0.000000
0.000000
0.000000
0.000000
0.000000
0.000000
0.000000
0.000000
0.000000
0.000000
0.000000
0.000000
0.000000
0.000000
0.000000
0.000000
0.000000
0.000000
0.000000
0.000000
0.000000
0.000000
0.000000
0.000000
0.000000
0.000000
0.000000
0.000000
0.000000
0.000000
0.000000
0.000000
0.000000
0.000000
0.000000
0.000000
0.000000
0.000000
0.000000
0.000000
0.000000
0.000000
0.000000
0.000000
0.000000
0.000000
0.000000
0.000000
0.000000
0.000000
0.000000
0.000000
0.000000
0.000000
0.000000
0.000000
0.000000
0.000000
0.000000
0.000000
0.000000
0.000000
0.000000
0.000000
0.000000
0.000000
0.000000
0.000000
0.000000
0.000000
0.000000
0.000000
0.000000
0.000000
0.000000
0.000000
0.000000
0.000000
0.000000
0.000000
0.000000
0.000000
0.000000
0.000000
0.000000
0.000000
0.000000
0.000000
0.000000
0.000000
0.000000
0.000000
0.000000
0.000000
0.000000
0.000000
0.000000
0.000000
0.000000
0.000000
0.000000
0.000000
0.000000
0.000000
0.000000
0.000000
0.000000
0.000000
0.000000
0.000000
0.000000
0.000000
0.000000
0.000000
0.000000
0.000000
0.000000
0.000000
0.000000
0.000000
0.000000
0.000000
0.000000
0.000000
0.000000
0.000000
0.000000
0.000000
0.000000
0.000000
0.000000
0.000000
0.000000
0.000000
0.000000
0.000000
0.000000
0.000000
0.000000
0.000000
0.000000
0.000000
0.000000
0.000000
0.000000
0.000000
0.000000
0.000000
0.000000
0.000000
0.000000
0.000000
0.000000
0.000000
0.000000
0.000000
0.000000
0.000000
0.000000
0.000000
0.000000
0.000000
0.000000
0.000000
0.000000
0.000000
0.000000
0.000000
0.000000
0.000000
0.000000
0.000000
0.000000
0.000000
0.000000
0.000000
0.000000
0.000000
0.000000
0.000000
0.000000
0.000000
0.000000
0.000000
0.000000
0.000000
0.000000
0.000000
0.000000
0.000000
0.000000
0.000000
0.000000
0.000000
0.000000
0.000000
0.000000
0.000000
0.000000
0.000000
0.000000
0.000000
0.000000
0.000000
0.000000
0.000000
0.000000
0.000000
0.000000
0.000000
0.000000
0.000000
0.000000
0.000000
0.000000
0.000000
0.000000
0.000000
0.000000
0.000000
0.000000
0.000000
0.000000
0.000000
0.000000
0.000000
0.000000
0.000000
0.000000
0.000000
0.000000
0.000000
0.000000
0.000000
0.000000
0.000000
0.000000
0.000000
0.000000
0.000000
0.000000
0.000000
0.000000
0.000000
0.000000
0.000000
0.000000
0.000000
0.000000
0.000000
0.000000
0.000000
0.000000
0.000000
0.000000
0.000000
0.000000
0.000000
0.000000
0.000000
0.000000
0.000000
0.000000
0.000000
0.000000
0.000000
0.000000
0.000000
0.000000
0.000000
0.000000
0.000000
0.000000
0.000000
0.000000
0.000000
0.000000
0.000000
0.000000
0.000000
0.000000
0.000000
0.000000
0.000000
0.000000
0.000000
0.000000
0.000000
0.000000
0.000000
0.000000
0.000000
0.000000
0.000000
0.000000
0.000000
0.000000
0.000000
0.000000
0.000000
0.000000
0.000000
0.000000
0.000000
0.000000
0.000000
0.000000
0.000000
0.000000
0.000000
0.000000
0.000000
0.000000
0.000000
0.000000
0.000000
0.000000
0.000000
0.000000
0.000000
0.000000
0.000000
0.000000
0.000000
0.000000
0.000000
0.000000
0.000000
0.000000
0.000000
0.000000
0.000000
0.000000
0.000000
0.000000
0.000000
0.000000
0.000000
0.000000
0.000000
0.000000
0.000000
0.000000
0.000000
0.000000
0.000000
0.000000
0.000000
0.000000
0.000000
0.000000
1.067845
0.000000
0.000000
0.000000
0.000000
0.818398
0.000000
0.000000
0.000000
0.000000
0.000000
0.000000
0.000000
0.000000
0.000000
0.000000
0.000000
0.000000
0.000000
0.000000
0.000000
0.000000
0.000000
0.000000
0.000000
0.000000
0.000000
0.000000
0.000000
0.000000
0.000000
0.000000
0.000000
0.000000
0.000000
2.212583
0.000000
0.000000
0.000000
0.000000
0.000000
0.000000
0.000000
5.049003
0.000000
0.000000
3.455545
0.000000
0.000000
0.000000
0.000000
0.000000
0.000000
0.000000
0.000000
0.000000
0.000000
0.000000
0.000000
0.000000
0.000000
0.000000
0.000000
0.000000
0.000000
0.000000
0.000000
0.000000
0.000000
0.000000
0.000000
0.000000
0.000000
0.000000
0.000000
0.000000
0.000000
0.000000
0.000000
0.000000
0.000000
0.000000
0.000000
0.000000
0.000000
0.000000
2.559788
0.000000
0.000000
0.000000
0.000000
0.000000
0.000000
0.000000
0.000000
0.000000
0.000000
0.000000
0.000000
0.000000
0.000000
0.000000
0.000000
0.000000
0.000000
0.000000
0.000000
0.000000
0.000000
0.000000
0.000000
0.000000
0.000000
0.000000
0.000000
0.000000
0.000000
0.000000
0.000000
0.000000
0.000000
0.000000
0.000000
0.000000
0.000000
0.000000
0.000000
0.000000
0.000000
0.000000
3.582623
0.000000
0.000000
0.000000
0.000000
0.000000
0.000000
0.000000
0.000000
0.000000
0.000000
0.000000
0.000000
0.000000
0.000000
0.000000
0.000000
0.000000
0.000000
0.000000
0.000000
0.000000
0.000000
0.000000
0.000000
0.000000
0.000000
0.000000
0.000000
0.000000
0.000000
0.432146
0.000000
0.000000
0.000000
0.000000
0.000000
0.000000
0.000000
0.000000
0.000000
0.000000
0.000000
0.000000
0.000000
0.000000
0.000000
0.000000
0.000000
0.000000
0.000000
0.000000
0.000000
0.000000
0.000000
0.000000
0.000000
0.000000
0.000000
0.000000
0.000000
0.000000
0.000000
0.000000
0.000000
0.000000
0.000000
0.000000
0.000000
0.000000
0.000000
0.000000
0.000000
0.000000
0.000000
0.000000
0.000000
0.000000
0.000000
0.000000
0.000000
0.000000
0.000000
0.000000
0.000000
0.000000
0.000000
0.000000
0.000000
0.000000
0.000000
0.000000
0.000000
0.000000
0.000000
0.000000
0.000000
0.000000
0.000000
0.000000
0.000000
0.000000
0.000000
0.000000
0.000000
0.000000
0.000000
0.000000
0.000000
0.000000
0.000000
0.000000
0.000000
0.000000
0.000000
0.000000
0.000000
0.000000
0.000000
0.000000
0.000000
0.000000
0.000000
0.000000
0.000000
0.000000
0.000000
0.000000
0.000000
0.000000
0.000000
0.000000
0.000000
0.000000
0.000000
0.000000
0.000000
0.000000
0.000000
0.000000
0.000000
0.000000
0.000000
0.000000
0.000000
0.000000
0.000000
0.000000
0.000000
0.000000
0.000000
0.000000
0.000000
0.000000
0.000000
0.000000
0.000000
0.000000
0.000000
0.000000
0.000000
0.000000
0.000000
0.000000
0.000000
0.000000
0.000000
0.000000
0.000000
0.000000
0.000000
0.000000
0.000000
0.000000
0.000000
0.000000
0.000000
0.000000
0.000000
0.000000
0.000000
0.000000
0.000000
0.000000
0.000000
0.000000
0.000000
0.000000
0.000000
0.000000
0.000000
0.000000
0.000000
0.000000
0.000000
0.000000
0.000000
0.000000
0.000000
0.000000
0.000000
0.000000
0.000000
0.000000
0.000000
0.000000
0.000000
0.000000
0.000000
0.000000
0.000000
0.000000
0.000000
0.000000
0.000000
0.000000
0.000000
0.000000
0.000000
0.000000
0.000000
0.000000
0.000000
0.000000
0.000000
0.000000
0.000000
0.000000
0.000000
0.000000
0.000000
0.000000
0.000000
0.000000
0.000000
0.000000
0.000000
0.000000
0.000000
0.000000
0.000000
0.000000
0.000000
0.000000
0.000000
0.000000
0.000000
0.000000
0.000000
0.000000
0.000000
0.000000
0.000000
0.000000
0.000000
0.000000
0.000000
0.000000
0.000000
0.000000
0.000000
0.000000
0.000000
0.000000
0.000000
0.000000
0.000000
0.000000
0.000000
0.000000
0.000000
0.000000
0.000000
0.000000
0.000000
0.000000
0.000000
0.000000
0.000000
0.000000
0.000000
0.000000
0.000000
0.000000
0.000000
0.000000
0.000000
0.000000
0.000000
0.000000
0.000000
0.000000
0.000000
0.000000
0.000000
0.000000
0.000000
0.000000
0.000000
0.000000
0.000000
0.000000
0.000000
0.000000
0.000000
0.000000
0.000000
0.000000
0.000000
0.000000
0.000000
0.000000
0.000000
0.000000
0.000000
0.000000
0.000000
0.000000
0.000000
0.000000
0.000000
0.000000
0.000000
0.000000
0.000000
0.000000
0.000000
0.000000
0.000000
0.000000
0.000000
0.000000
0.000000
0.000000
0.000000
0.000000
0.000000
0.000000
0.000000
0.000000
0.000000
0.000000
0.000000
0.000000
0.000000
0.000000
0.000000
0.000000
0.000000
0.000000
0.000000
0.000000
0.000000
0.000000
0.000000
0.000000
0.000000
0.000000
0.000000
0.000000
0.000000
0.000000
0.000000
0.000000
0.000000
0.000000
0.000000
0.000000
0.000000
0.000000
0.000000
0.000000
0.000000
0.000000
0.000000
0.000000
0.000000
0.000000
0.000000
0.000000
0.000000
0.000000
0.000000
0.000000
0.000000
0.000000
0.000000
0.000000
0.000000
0.000000
0.000000
0.000000
0.000000
0.000000
0.000000
0.000000
0.000000
0.000000
0.000000
0.000000
0.000000
0.000000
0.000000
0.000000
0.000000
0.000000
0.000000
0.000000
0.000000
0.000000
0.000000
0.000000
0.000000
0.000000
0.000000
0.000000
0.000000
0.000000
0.000000
0.000000
0.000000
0.000000
0.000000
0.000000
0.000000
0.000000
0.000000
0.000000
0.000000
0.000000
0.000000
0.000000
0.000000
0.000000
0.000000
0.000000
0.000000
0.000000
0.000000
0.000000
0.000000
0.000000
0.000000
0.000000
0.000000
0.000000
0.000000
0.000000
0.000000
0.000000
0.000000
0.000000
0.000000
0.000000
0.000000
0.000000
0.000000
0.000000
0.000000
0.000000
0.000000
0.000000
0.000000
0.000000
0.000000
0.000000
0.000000
0.000000
0.000000
0.000000
0.000000
0.000000
0.000000
1.254717
0.000000
0.000000
0.000000
0.000000
0.000000
0.000000
0.000000
0.000000
0.000000
0.000000
0.000000
0.000000
0.000000
0.000000
0.000000
0.000000
0.000000
0.000000
0.000000
0.000000
0.000000
0.000000
0.000000
0.000000
0.000000
0.000000
0.000000
0.000000
0.000000
0.000000
0.000000
0.000000
0.000000
0.000000
0.000000
0.000000
0.000000
0.000000
0.000000
0.000000
0.000000
0.000000
0.000000
0.000000
0.000000
0.000000
0.000000
0.000000
0.000000
0.000000
0.000000
0.000000
0.000000
0.000000
0.000000
0.000000
0.000000
0.000000
0.000000
0.000000
0.000000
0.000000
0.000000
0.000000
0.000000
0.000000
0.000000
0.000000
0.000000
0.000000
0.000000
0.000000
0.000000
0.000000
0.000000
0.000000
0.000000
0.000000
0.000000
0.000000
0.000000
0.000000
0.000000
0.000000
0.000000
0.000000
0.000000
0.000000
0.000000
0.000000
0.000000
0.000000
0.000000
0.000000
0.000000
0.000000
0.000000
0.000000
0.000000
0.000000
0.000000
0.000000
0.000000
0.000000
0.000000
0.000000
0.000000
0.000000
0.000000
0.000000
0.000000
0.000000
0.000000
0.000000
0.000000
0.000000
0.000000
0.000000
0.000000
0.000000
0.000000
0.000000
0.000000
0.000000
0.000000
0.000000
0.000000
0.000000
0.000000
0.000000
0.000000
0.000000
0.000000
0.000000
0.000000
0.000000
0.000000
0.000000
0.000000
0.000000
0.000000
0.000000
0.000000
0.000000
0.000000
0.000000
0.000000
0.000000
0.000000
0.000000
0.000000
0.000000
0.000000
0.000000
0.000000
0.000000
0.000000
0.000000
0.000000
0.000000
0.000000
0.000000
0.000000
0.000000
0.000000
0.000000
0.000000
0.000000
0.000000
0.000000
0.000000
0.000000
0.000000
0.000000
0.000000
0.000000
0.000000
0.000000
0.000000
0.000000
0.000000
0.000000
0.000000
0.000000
0.000000
0.000000
0.000000
0.000000
0.000000
0.000000
0.000000
0.000000
0.000000
0.000000
0.000000
0.000000
0.000000
0.000000
0.000000
0.000000
0.000000
0.000000
0.000000
0.000000
0.000000
0.000000
0.000000
0.000000
0.000000
0.000000
0.000000
0.000000
0.000000
0.000000
0.000000
0.000000
0.000000
0.000000
0.000000
0.000000
0.000000
0.000000
0.000000
0.000000
0.000000
0.000000
0.000000
0.000000
0.000000
0.000000
0.000000
0.000000
0.000000
0.000000
0.000000
1.269883
1.431959
0.000000
0.000000
0.000000
0.000000
1.963971
0.891455
0.000000
0.000000
0.000000
0.000000
0.000000
0.000000
0.000000
0.000000
0.000000
0.000000
0.000000
0.000000
0.000000
0.000000
0.000000
0.000000
0.000000
0.000000
0.000000
0.000000
0.000000
0.000000
0.000000
0.000000
0.000000
0.000000
0.000000
0.000000
1.041897
0.000000
0.000000
0.000000
0.000000
0.000000
0.000000
0.000000
6.547316
0.000000
0.000000
3.809379
0.000000
0.000000
0.000000
0.000000
1.884080
0.000000
0.000000
0.000000
0.000000
0.000000
0.000000
0.000000
0.000000
0.000000
0.000000
0.000000
0.000000
0.000000
0.000000
0.000000
0.000000
0.000000
0.000000
0.000000
0.000000
0.000000
0.000000
0.000000
0.000000
0.000000
0.000000
0.000000
0.000000
0.000000
0.000000
0.000000
0.000000
0.000000
0.000000
0.000000
0.000000
0.000000
0.000000
0.000000
0.000000
0.000000
0.000000
0.000000
0.000000
0.000000
0.000000
0.000000
0.000000
0.000000
0.000000
0.000000
0.000000
0.000000
0.000000
0.000000
0.000000
0.000000
0.000000
0.000000
0.000000
0.000000
0.000000
0.000000
0.000000
0.000000
0.000000
0.000000
0.000000
0.000000
0.000000
0.000000
0.000000
0.000000
0.000000
0.000000
0.000000
0.000000
0.000000
1.989623
0.000000
0.000000
0.000000
0.000000
0.000000
0.000000
0.000000
0.000000
0.000000
0.000000
0.000000
0.000000
0.000000
0.000000
0.000000
0.000000
0.000000
0.000000
0.000000
0.000000
0.000000
0.000000
0.000000
0.000000
0.000000
0.000000
0.000000
0.000000
0.000000
0.000000
0.000000
0.000000
0.000000
0.000000
0.000000
0.000000
0.000000
0.000000
0.387366
0.000000
0.000000
0.000000
0.000000
0.000000
0.000000
0.000000
1.936050
0.000000
0.000000
0.000000
0.000000
0.000000
0.000000
0.000000
0.000000
0.000000
0.000000
0.000000
0.000000
0.000000
0.000000
0.000000
0.000000
0.000000
0.000000
0.000000
0.000000
0.000000
0.000000
0.000000
0.000000
0.000000
0.000000
0.000000
0.000000
0.000000
0.000000
0.000000
0.000000
0.000000
0.000000
0.000000
0.000000
0.000000
0.000000
0.000000
0.000000
0.000000
0.000000
0.000000
0.000000
0.000000
0.000000
0.000000
0.000000
0.000000
0.000000
0.000000
0.000000
0.000000
0.000000
0.000000
0.000000
0.000000
0.000000
0.000000
0.000000
0.000000
0.000000
0.000000
0.000000
0.000000
0.000000
0.000000
0.000000
0.000000
0.000000
0.000000
0.000000
0.000000
0.000000
0.000000
0.000000
0.000000
0.000000
0.000000
0.000000
0.000000
0.000000
0.000000
0.000000
0.000000
0.000000
0.000000
0.000000
0.000000
0.000000
0.000000
0.000000
0.000000
0.000000
0.000000
0.000000
0.000000
0.000000
0.000000
0.000000
0.000000
0.000000
0.000000
0.000000
0.000000
0.000000
0.000000
0.000000
0.000000
0.000000
0.000000
0.000000
0.000000
0.000000
0.000000
0.000000
0.000000
0.000000
0.000000
0.000000
0.000000
0.000000
0.000000
0.000000
0.000000
0.000000
0.000000
0.000000
0.000000
0.000000
0.000000
0.000000
0.000000
0.000000
0.000000
0.000000
0.000000
0.000000
0.000000
0.000000
0.000000
0.000000
0.000000
0.000000
0.000000
0.000000
0.000000
0.000000
0.000000
0.000000
0.000000
0.000000
0.000000
0.000000
0.000000
0.000000
0.000000
0.000000
0.000000
0.000000
0.000000
0.000000
0.000000
0.000000
0.000000
0.000000
0.000000
0.000000
0.000000
0.000000
0.000000
0.000000
0.000000
0.000000
0.000000
0.000000
0.000000
0.000000
0.000000
0.000000
0.000000
0.000000
0.000000
0.000000
0.000000
0.000000
0.000000
0.000000
0.000000
0.000000
0.000000
0.000000
0.000000
0.000000
0.000000
0.000000
0.000000
0.000000
0.000000
0.000000
0.000000
0.000000
0.000000
0.000000
0.000000
0.000000
0.000000
0.000000
0.000000
0.000000
0.000000
0.000000
0.000000
0.000000
0.000000
0.000000
0.000000
0.000000
0.000000
0.000000
0.000000
0.000000
0.000000
0.000000
0.000000
0.000000
0.000000
0.000000
0.000000
0.000000
0.000000
0.000000
0.000000
0.000000
0.000000
0.000000
0.000000
0.000000
0.000000
0.000000
0.000000
0.000000
0.000000
0.000000
0.000000
0.000000
0.000000
0.000000
0.000000
0.000000
0.000000
0.000000
0.000000
0.000000
0.000000
0.000000
0.000000
0.000000
0.000000
0.000000
0.000000
0.000000
0.000000
0.000000
0.000000
0.000000
0.000000
0.000000
0.000000
0.000000
0.000000
0.000000
0.000000
0.000000
0.000000
0.000000
0.000000
0.000000
0.000000
0.334243
0.000000
0.000000
0.000000
0.000000
0.000000
0.000000
0.000000
0.000000
0.000000
0.000000
0.000000
0.000000
0.000000
0.000000
0.000000
0.000000
0.000000
0.000000
0.000000
0.000000
0.000000
0.000000
0.000000
0.000000
0.000000
0.000000
0.000000
0.000000
0.000000
0.000000
0.000000
0.000000
0.000000
0.000000
0.000000
0.000000
0.000000
0.000000
0.000000
0.000000
0.000000
0.000000
0.000000
0.000000
0.000000
0.000000
0.000000
0.000000
0.000000
0.000000
0.000000
0.000000
0.000000
0.000000
0.000000
0.000000
0.000000
0.000000
0.000000
0.000000
0.000000
0.000000
0.000000
0.000000
0.000000
0.000000
0.000000
0.000000
0.000000
0.000000
0.000000
0.000000
0.000000
0.000000
0.000000
0.000000
0.000000
0.000000
0.000000
0.000000
0.000000
0.000000
0.000000
0.000000
0.000000
0.000000
0.000000
0.000000
0.000000
0.000000
0.000000
0.000000
0.000000
0.000000
0.000000
0.000000
0.000000
0.000000
0.000000
0.000000
0.000000
0.000000
0.000000
0.000000
0.000000
0.000000
0.000000
0.000000
0.000000
0.000000
0.000000
0.000000
0.000000
0.000000
0.000000
0.000000
0.000000
0.000000
0.000000
0.000000
0.000000
0.000000
0.000000
0.000000
0.000000
0.000000
0.000000
0.000000
0.000000
0.000000
0.000000
0.000000
0.000000
0.000000
0.000000
0.000000
0.000000
0.000000
0.000000
0.000000
0.000000
0.000000
0.000000
0.000000
0.000000
0.000000
0.000000
0.000000
0.000000
0.000000
0.000000
0.000000
0.000000
0.000000
0.000000
0.000000
0.000000
0.000000
0.000000
0.000000
0.000000
0.000000
0.000000
0.000000
0.000000
0.000000
0.000000
0.000000
0.000000
0.000000
0.000000
0.000000
0.000000
0.000000
0.000000
0.000000
0.000000
0.000000
0.000000
0.000000
0.000000
0.000000
0.000000
0.000000
0.000000
0.000000
0.000000
0.000000
0.000000
0.000000
0.000000
0.000000
0.000000
0.000000
0.000000
0.000000
0.000000
0.000000
0.000000
0.000000
0.000000
0.000000
0.000000
0.000000
0.000000
0.000000
0.000000
0.000000
0.000000
0.000000
0.000000
0.000000
0.000000
0.000000
0.000000
0.000000
0.000000
0.000000
0.000000
0.000000
0.000000
0.000000
0.000000
0.000000
0.000000
0.000000
0.000000
0.000000
0.000000
0.000000
0.000000
0.000000
0.000000
0.000000
0.000000
0.000000
0.000000
0.000000
0.000000
0.000000
0.000000
0.000000
0.000000
0.000000
0.000000
0.000000
0.000000
0.000000
0.000000
0.000000
0.000000
0.000000
0.000000
0.000000
0.000000
0.000000
0.000000
0.000000
0.000000
0.000000
0.000000
0.000000
0.000000
0.000000
0.000000
0.000000
0.000000
0.000000
0.000000
0.000000
0.000000
0.000000
0.000000
0.000000
0.000000
0.000000
0.000000
0.000000
0.000000
0.000000
0.000000
0.000000
0.000000
0.000000
0.000000
0.000000
0.000000
0.000000
0.000000
0.000000
0.000000
0.000000
0.000000
0.000000
0.000000
0.000000
0.000000
0.000000
0.000000
0.000000
0.000000
0.000000
0.000000
0.000000
0.000000
0.000000
0.000000
0.000000
0.000000
0.000000
0.000000
0.000000
0.000000
0.000000
0.000000
0.000000
0.000000
0.000000
0.000000
0.000000
0.000000
0.000000
0.000000
0.000000
0.000000
0.000000
0.000000
0.000000
0.000000
0.000000
0.000000
0.000000
0.000000
0.000000
0.000000
0.000000
0.000000
0.000000
0.000000
0.000000
0.000000
0.000000
0.000000
0.000000
0.000000
0.000000
0.000000
0.000000
0.000000
0.000000
0.000000
0.000000
3.171241
1.821176
1.554166
0.000000
0.000000
0.000000
3.456477
5.816251
1.982034
0.000000
2.348402
0.000000
0.538370
0.000000
3.149422
4.693819
4.142992
2.761840
3.175236
5.128432
2.369950
2.809720
5.688676
8.289449
6.273422
4.977926
3.544916
8.949484
5.164918
0.000000
0.000000
0.312442
0.000000
0.000000
0.000000
3.804802
0.000000
0.000000
0.000000
0.000000
0.157054
0.000000
0.000000
4.183974
1.053213
2.892625
2.808720
1.348457
3.444361
0.841414
3.598521
0.000000
1.425146
4.632132
6.173431
3.269894
4.119466
3.266903
4.246199
0.000000
3.741441
0.000000
4.757961
2.068827
2.497497
0.000000
0.301377
0.000000
0.000000
0.000000
0.314700
0.597337
0.000000
0.000000
0.000000
0.000000
0.000000
0.000000
0.000000
0.000000
0.000000
0.000000
0.000000
0.000000
7.518806
0.000000
0.000000
0.000000
0.000000
0.000000
6.557188
3.519619
0.756289
0.000000
0.000000
0.000000
0.000000
0.000000
1.890234
0.269783
0.000000
0.000000
0.000000
0.000000
0.000000
0.000000
0.000000
0.000000
0.000000
0.000000
0.000000
0.000000
0.000000
0.000000
0.000000
0.000000
0.000000
0.000000
0.000000
0.000000
0.000000
0.000000
0.000000
0.000000
0.000000
0.000000
0.000000
0.000000
0.000000
0.000000
0.000000
0.000000
0.000000
0.000000
0.000000
0.000000
0.000000
0.000000
0.000000
2.006109
6.255225
6.469326
2.974492
5.450741
9.909950
14.552266
12.032347
1.858104
7.797692
8.549979
6.685877
10.811769
14.564961
13.150838
11.746076
0.000000
5.536730
7.181258
1.671308
9.605272
11.336841
5.543046
4.322665
0.000000
0.659548
0.000000
2.689305
0.000000
2.818331
0.000000
3.689332
0.000000
1.989980
1.349725
7.501033
0.000000
6.698395
0.000000
0.227560
0.110886
9.063121
3.041535
4.578966
0.000000
0.000000
0.000000
0.000000
0.000000
0.000000
0.000000
0.237257
0.000000
2.540084
2.336376
0.475889
3.744116
1.578411
2.156178
2.925014
0.000000
7.960231
11.509757
3.524224
5.251562
6.351209
4.848982
6.201438
3.960991
1.968851
5.503551
4.364699
3.523605
3.702082
2.975024
1.894372
2.650058
0.000000
0.000000
0.738855
0.000000
0.000000
0.000000
0.000000
0.000000
0.000000
0.000000
0.000000
0.000000
0.000000
0.000000
0.000000
0.000000
0.000000
0.000000
0.000000
0.000000
0.000000
0.000000
0.000000
0.000000
0.000000
0.000000
0.000000
0.000000
0.000000
0.000000
0.000000
0.000000
2.302709
2.438526
2.612143
1.977709
3.573961
0.000000
0.000000
0.000000
0.000000
0.000000
0.000000
0.000000
1.504113
0.000000
0.000000
5.920063
8.050316
9.330128
10.068851
0.000000
0.661888
0.000000
1.909685
5.916049
1.459866
0.971727
3.029015
3.199276
8.727706
3.613235
0.555507
0.969771
2.734512
0.000000
0.000000
0.434924
3.675335
0.000000
0.000000
0.000000
3.195230
0.749218
2.706695
3.753511
6.169652
0.760812
1.692061
4.043861
5.268730
5.501583
6.817943
0.393107
2.296327
0.000000
0.000000
0.000000
0.062514
0.000000
0.656107
0.000000
0.000000
2.112102
2.703503
7.521851
6.944680
4.746225
8.203917
0.000000
2.063421
0.429057
1.022189
5.617217
1.919107
1.893644
3.406276
0.000000
0.000000
0.000000
1.552591
5.693869
0.612990
1.007985
1.909247
2.432523
0.000000
0.000000
0.000000
1.999730
0.000000
0.000000
0.000000
7.058785
0.000000
2.451569
1.753519
5.398940
0.000000
3.491843
6.030331
9.758279
10.496380
11.960041
2.340977
3.339421
7.823797
10.863807
7.911985
8.419726
13.882241
6.134366
0.172520
6.145969
11.836162
10.969150
7.095823
6.969583
0.000000
0.000000
2.229153
2.541693
5.022167
4.936193
0.000000
0.000000
3.358824
5.489295
11.133411
6.178365
6.032786
5.121851
0.000000
0.000000
2.481532
2.587818
8.676423
6.657689
4.794549
3.341289
0.000000
0.663503
4.327759
3.630645
4.279304
4.741915
4.562312
5.784710
1.560401
0.837693
5.552432
3.133844
4.560375
1.342515
0.000000
14.213959
6.546084
4.919563
11.558714
7.625324
6.625248
7.042303
6.447059
14.001388
5.096868
7.225992
6.224624
6.015720
0.000000
22.036957
10.337953
19.041281
13.266961
2.351596
0.000000
0.000000
0.000000
4.836454
0.000000
0.000000
0.000000
1.314327
0.000000
0.332260
0.000000
0.000000
0.000000
0.000000
0.000000
2.036123
0.000000
0.000000
0.000000
4.732345
0.461664
0.000000
0.000000
6.503796
0.000000
1.105711
0.000000
8.288569
0.028850
0.000000
1.963715
4.360219
0.000000
0.000000
0.626139
4.187252
0.000000
1.493513
7.972438
12.599989
0.000000
2.303973
5.903052
7.542928
5.646806
10.183192
6.573316
7.060694
0.000000
0.000000
10.529641
19.585600
0.582728
2.545172
0.000000
0.000000
0.000000
0.000000
0.265750
8.669509
0.000000
0.000000
0.000000
0.000000
0.000000
0.000000
0.000000
0.000000
0.000000
0.065195
0.000000
0.000000
0.000000
0.000000
0.000000
0.000000
6.452181
13.980218
6.927735
13.341481
13.743484
15.414219
9.351951
8.581695
14.700675
21.520777
16.797281
15.739765
16.001173
11.737983
14.497193
8.719041
14.188745
17.646196
11.972832
11.536238
13.684192
7.367178
0.000000
0.000000
0.000000
0.000000
0.000000
0.000000
0.000000
0.000000
0.000000
0.000000
0.448178
0.016262
0.000000
0.023386
2.243155
0.000000
0.000000
0.000000
2.085254
3.282696
1.573146
1.053524
0.000000
0.000000
0.000000
0.000000
3.311463
4.003043
2.026367
0.000000
0.000000
0.000000
0.000000
0.000000
0.936043
1.703253
2.672395
3.965558
0.903108
0.000310
0.645838
0.000000
1.176582
0.488416
5.691638
11.182317
7.823721
4.250199
2.828347
0.612302
2.195671
0.000000
3.477182
6.075440
2.634644
0.000000
0.000000
0.000000
0.000000
0.000000
0.000000
0.512907
0.000000
0.000000
0.000000
0.000000
0.000000
0.000000
0.000000
1.331239
0.000000
1.585976
0.000000
0.000000
0.000000
0.000000
0.000000
1.679596
0.000000
0.000000
0.000000
0.000000
0.000000
0.000000
0.000000
1.136235
0.000000
0.000000
0.000000
0.000000
0.000000
0.000000
0.000000
0.055162
0.000000
0.000000
0.000000
0.000000
0.000000
0.000000
0.000000
0.000000
0.000000
0.000000
0.000000
0.000000
0.000000
0.000000
0.000000
0.000000
0.000000
0.000000
0.000000
0.000000
0.000000
0.000000
0.000000
0.000000
0.000000
0.000000
0.000000
0.000000
0.000000
0.000000
0.000000
0.000000
0.000000
0.000000
0.000000
0.000000
0.000000
0.000000
0.000000
0.000000
0.000000
0.000000
0.000000
0.000000
0.000000
0.000000
0.000000
0.433649
0.000000
0.000000
0.000000
0.000000
0.000000
0.000000
0.000000
0.000000
0.000000
0.000000
0.000000
0.000000
0.000000
0.000000
0.000000
0.000000
0.000000
0.000000
0.000000
0.000000
0.000000
0.000000
0.000000
0.000000
0.000000
0.000000
0.000000
0.000000
0.000000
1.588040
0.838660
0.000000
0.000000
4.610921
0.816420
0.000000
0.000000
0.529838
5.224784
0.000000
0.000000
0.000000
0.000000
0.000000
0.000000
0.000000
0.000000
9.188192
0.000000
1.678048
1.539236
0.000000
0.000000
0.000000
0.000000
0.000000
0.000000
0.000000
6.432034
0.000000
0.000000
0.000000
0.000000
0.000000
0.000000
0.000000
1.550171
0.000000
0.000000
0.000000
0.000000
0.000000
0.000000
0.000000
0.000000
0.000000
0.000000
0.000000
0.000000
0.000000
0.000000
0.000000
0.000000
0.000000
2.199059
2.346649
0.000000
0.961185
0.000000
0.000000
0.000000
0.000000
4.175345
0.000000
0.000000
0.000000
0.000000
0.000000
0.000000
0.000000
8.188733
0.069546
0.000000
0.000000
0.000000
0.000000
0.000000
0.000000
7.414454
0.000000
4.295458
2.725492
0.000000
2.778969
0.000000
0.000000
2.380237
0.000000
1.563126
1.027687
0.000000
0.000000
0.000000
0.000000
0.409683
0.000000
0.000000
0.000000
0.000000
0.000000
0.000000
0.000000
0.000000
0.000000
0.000000
0.000000
0.000000
0.000000
0.000000
0.000000
0.000000
0.000000
0.000000
0.000000
0.000000
0.000000
0.000000
0.000000
0.000000
0.000000
0.000000
0.000000
0.000000
0.000000
0.000000
0.000000
0.000000
0.000000
0.000000
0.000000
0.000000
0.000000
0.000000
0.000000
0.000000
0.000000
0.000000
0.000000
0.000000
0.000000
0.000000
0.000000
0.000000
0.000000
0.000000
0.000000
0.000000
0.000000
0.000000
0.000000
0.000000
0.000000
0.000000
0.000000
0.000000
1.336339
0.000000
0.000000
0.000000
0.000000
0.000000
0.000000
0.000000
0.000000
0.000000
0.000000
0.000000
0.000000
0.000000
0.000000
0.000000
0.000000
0.000000
0.000000
0.000000
0.000000
0.000000
0.104416
0.547112
0.000000
0.000000
0.000000
0.000000
0.000000
0.000000
0.000000
0.000000
0.000000
0.000000
0.000000
0.000000
0.000000
0.000000
0.000000
0.000000
0.000000
0.000000
0.000000
0.000000
0.000000
0.000000
0.000000
0.000000
0.000000
0.000000
0.000000
0.000000
0.655491
0.000000
0.000000
0.000000
0.000000
0.000000
0.000000
0.000000
0.000000
0.000000
0.000000
0.000000
0.000000
0.000000
0.000000
0.000000
0.000000
0.000000
0.000000
0.000000
0.000000
0.000000
0.000000
0.000000
0.000000
0.000000
0.000000
6.013779
0.000000
0.000000
0.000000
0.000000
0.000000
4.964107
1.938921
0.000000
0.000000
0.000000
0.000000
0.000000
0.000000
0.000000
0.000000
0.000000
0.000000
0.000000
0.000000
0.000000
0.000000
1.408513
0.074873
0.000000
0.000000
0.000000
0.000000
0.000000
0.000000
0.000000
0.000000
0.000000
0.000000
0.000000
0.000000
0.000000
0.000000
0.000000
0.000000
0.000000
0.000000
0.000000
0.000000
0.000000
0.000000
0.000000
0.000000
0.000000
0.000000
0.000000
0.000000
0.000000
0.000000
0.000000
0.000000
0.000000
0.000000
0.000000
0.000000
0.000000
0.000000
0.000000
0.000000
0.000000
0.000000
0.000000
0.000000
0.000000
0.000000
0.000000
0.000000
0.000000
0.000000
0.000000
0.000000
0.000000
0.000000
0.000000
0.000000
0.000000
0.000000
0.000000
0.000000
0.000000
0.000000
0.000000
0.000000
0.000000
0.000000
0.000000
0.000000
0.000000
0.000000
0.000000
0.000000
7.099355
0.000000
0.000000
0.000000
0.000000
0.000000
0.000000
0.000000
0.000000
0.000000
0.000000
0.000000
0.000000
0.000000
0.000000
0.000000
0.000000
0.000000
0.000000
0.000000
0.000000
0.000000
0.000000
0.000000
0.000000
0.000000
0.000000
0.000000
0.000000
0.000000
0.000000
0.000000
0.000000
0.000000
0.000000
0.000000
0.000000
0.000000
0.000000
0.000000
0.000000
0.000000
0.000000
0.000000
0.000000
0.000000
0.000000
0.000000
0.000000
0.000000
0.000000
0.000000
0.000000
0.000000
0.000000
0.000000
0.000000
0.000000
0.000000
0.000000
0.000000
0.000000
0.000000
0.000000
0.000000
0.000000
0.000000
0.000000
0.000000
0.000000
0.000000
0.000000
0.000000
0.000000
0.000000
0.000000
0.000000
0.000000
0.000000
0.000000
0.000000
0.000000
0.000000
0.000000
0.000000
0.000000
0.000000
0.000000
0.000000
0.000000
0.000000
0.000000
2.263710
0.000000
0.340397
0.000000
0.183153
0.000000
0.141447
1.828936
3.327948
0.000000
1.396198
3.071849
2.029511
0.000000
1.498634
7.657897
8.433220
3.296516
4.747613
7.777405
4.657237
1.303481
3.947629
6.559916
11.044606
6.919436
6.413664
9.934411
7.010931
3.800195
5.897418
5.469026
8.534136
7.368691
11.195349
7.613727
4.672102
0.000000
1.801547
5.949828
3.913374
4.004727
7.292320
8.142119
1.699241
0.605205
3.573246
7.062512
6.438949
2.794264
5.646626
7.211220
2.715509
2.251215
3.382332
3.165682
3.604949
1.459382
4.044814
1.120993
1.081720
1.330937
8.128843
8.682396
4.193111
1.341635
3.495369
0.079032
1.782205
0.000000
8.170460
5.324846
3.737007
0.000000
0.030938
1.147801
1.055870
1.068340
7.206636
5.863595
3.566859
0.000000
0.000000
0.000000
0.000000
0.000000
0.000000
0.000000
0.000000
0.000000
0.000000
0.000000
14.255533
9.736293
0.000000
2.620672
0.289781
3.486427
3.718066
0.039220
5.296020
2.668015
0.000000
0.802454
0.000000
0.000000
0.000000
0.000000
8.209105
4.325550
0.000000
0.000000
0.000000
0.000000
1.687893
0.939823
6.917552
6.495846
0.000000
0.000000
0.000000
0.000000
0.431762
0.000000
3.973172
7.682489
1.403553
0.000000
0.000000
0.000000
0.000000
1.437948
0.000000
4.918812
0.000000
0.000000
0.000000
0.000000
0.000000
2.700652
0.000000
0.000000
0.000000
0.000000
0.000000
0.000000
0.000000
6.044683
4.625049
5.306616
1.670713
0.558282
4.070820
5.444690
3.879763
4.778503
0.737908
3.292600
1.351745
0.000000
8.022979
0.076680
0.000000
2.708477
0.182287
3.408184
0.129798
1.894662
6.097940
0.000000
1.008671
3.586944
5.279881
4.291739
4.480401
3.457239
4.957471
0.000000
5.351614
7.066840
3.881969
6.199714
3.341321
2.714965
10.608865
8.839312
10.313959
8.347314
11.470251
7.174304
5.324370
4.595392
4.926101
5.500789
8.012713
6.197072
7.856338
5.112956
5.337716
0.000000
9.235296
4.663107
5.572454
5.258320
6.256135
0.000000
5.077575
1.150933
5.056604
0.000000
0.000000
0.000000
4.872508
0.000000
0.000000
1.299523
0.000000
0.000000
0.000000
0.000000
3.075957
0.000000
0.000000
2.167281
0.000000
0.000000
0.000000
0.000000
0.000000
0.000000
0.000000
1.400348
0.000000
0.736812
0.782624
0.000000
0.000000
0.708966
0.000000
0.000000
0.000000
2.892279
0.000000
0.000000
0.000000
0.232851
0.000000
0.000000
0.000000
0.000000
0.000000
0.000000
0.000000
0.000000
0.000000
0.000000
0.000000
0.224741
0.000000
0.000000
0.000000
1.484961
0.000000
0.000000
0.882869
1.677627
0.000000
0.000000
1.408327
3.132874
0.000000
0.000000
2.755698
3.226133
0.000000
0.000000
0.000000
0.000000
0.000000
0.000000
0.000000
0.000000
0.000000
0.000000
0.138073
3.546225
0.000000
0.000000
1.880187
7.731200
5.939305
7.882497
7.920116
12.294912
3.907365
2.303736
8.406339
11.038986
10.356457
8.042789
8.429318
7.882002
6.415337
7.702653
11.910162
11.545927
12.455485
1.591496
3.321698
0.000000
1.021355
4.207283
6.878674
2.827849
0.000000
0.000000
0.000000
2.747648
0.591694
5.170161
7.415688
5.151578
1.941884
3.080824
1.757365
2.891646
0.000000
3.440941
0.000000
3.081950
3.487502
2.867759
0.000000
0.000000
0.000000
0.000000
0.000000
1.888456
3.712296
4.547996
0.153696
0.000000
0.000000
0.000000
0.000000
0.000000
4.292836
4.795121
3.273005
4.500370
3.632192
3.693440
3.305113
0.622954
7.285081
7.138967
10.096745
5.960060
11.360097
8.104881
7.208190
0.591332
5.628937
6.372864
8.331298
5.712310
10.560764
5.019478
4.885700
0.000000
4.947345
4.426414
0.000000
0.000000
0.000000
0.000000
0.000000
0.000000
0.000000
0.000000
0.000000
0.000000
2.096676
2.205318
0.000000
0.000000
0.000000
0.000000
0.000000
3.456238
4.237705
4.952167
0.792004
0.000000
1.488832
0.830952
0.000000
4.163241
5.229470
6.314313
0.000000
0.000000
0.000000
0.421150
0.000000
0.000000
0.000000
4.285608
0.000000
0.000000
0.000000
0.000000
0.000000
0.000000
0.000000
2.286124
2.465927
0.000000
0.000000
1.096583
0.000000
0.000000
0.000000
0.000000
0.000000
0.000000
0.000000
0.000000
0.000000
0.000000
0.000000
0.000000
0.000000
0.000000
0.000000
3.739748
0.000000
1.399899
1.086570
0.000000
0.000000
4.345251
6.167386
6.147964
8.971897
9.610397
12.718538
3.400586
2.594457
8.040747
8.526217
3.984185
5.079193
6.464268
8.937067
6.367460
1.847404
9.172866
0.388841
0.000000
0.000000
0.000000
0.000000
0.000000
0.000000
0.000000
0.000000
0.000000
0.000000
0.000000
0.000000
0.000000
0.000000
0.000000
3.978878
0.116783
4.180288
1.940765
4.028734
0.000000
1.680526
7.136083
5.427917
3.244790
6.236267
4.394856
5.248852
0.114085
1.882977
9.460254
2.985414
2.866842
1.794795
3.131417
0.236905
0.450460
7.431451
14.583868
7.032373
5.827291
4.078696
3.387512
1.154678
0.000000
9.387922
16.575909
10.701485
5.656399
9.327630
6.436076
5.990712
3.232101
8.543627
14.998735
13.074989
4.334598
7.746173
5.571253
8.529821
3.715861
9.270662
14.682475
10.834229
3.936541
5.305912
4.227087
0.000000
0.000000
0.000000
0.000000
0.000000
0.000000
0.000000
0.000000
0.000000
0.000000
0.000000
0.000000
0.000000
0.000000
0.099295
0.000000
0.000000
0.000000
0.000000
0.000000
0.000000
0.000000
0.000000
0.000000
0.000000
2.319321
0.000000
0.000000
0.000000
0.000000
0.000000
0.000000
0.000000
0.000000
0.000000
0.000000
0.000000
0.000000
0.000000
0.000000
0.000000
0.000000
0.000000
0.000000
0.000000
0.000000
0.000000
0.000000
0.000000
0.000000
0.000000
0.000000
0.000000
0.000000
0.000000
0.000000
0.000000
0.000000
0.000000
0.000000
0.000000
0.000000
0.000000
0.000000
0.000000
0.000000
0.000000
0.000000
0.000000
0.000000
0.000000
0.000000
0.000000
0.000000
0.000000
0.000000
0.000000
0.000000
0.000000
0.000000
0.000000
0.000000
0.000000
0.000000
0.000000
0.000000
0.000000
0.000000
0.000000
0.000000
0.000000
0.000000
0.000000
0.000000
0.000000
0.000000
0.000000
0.000000
0.000000
0.000000
0.000000
0.000000
0.000000
0.000000
0.000000
0.000000
0.000000
0.000000
0.000000
0.000000
0.000000
0.000000
0.000000
0.000000
0.000000
4.873933
0.000000
0.000000
6.289512
0.000000
0.000000
0.000000
0.000000
0.420446
0.000000
0.000000
0.000000
0.000000
0.000000
0.000000
0.000000
0.000000
0.000000
0.000000
0.000000
0.000000
0.000000
0.000000
0.000000
0.000000
0.000000
0.000000
0.000000
0.000000
0.000000
0.000000
0.000000
0.000000
0.000000
0.000000
0.000000
0.000000
0.000000
0.000000
0.000000
0.000000
0.000000
0.000000
0.000000
0.000000
0.000000
0.000000
0.000000
0.000000
0.000000
0.000000
2.651626
0.000000
0.000000
0.000000
1.680858
0.000000
0.000000
0.000000
0.000000
0.000000
0.000000
0.000000
0.075057
0.000000
0.000000
0.000000
0.000000
0.000000
0.000000
0.000000
0.000000
0.000000
0.000000
0.000000
0.000000
0.000000
0.000000
0.000000
0.000000
0.000000
0.000000
0.000000
0.000000
0.000000
0.000000
0.000000
0.000000
0.000000
0.000000
0.000000
0.000000
0.000000
0.000000
0.000000
0.000000
0.000000
0.000000
0.000000
0.000000
0.000000
0.000000
0.000000
0.000000
0.000000
0.000000
0.000000
0.000000
0.000000
0.000000
0.000000
0.000000
0.000000
0.000000
0.000000
0.000000
0.000000
0.000000
0.000000
0.000000
0.000000
0.000000
0.000000
0.000000
0.000000
0.000000
0.000000
0.000000
0.000000
0.000000
0.000000
0.000000
0.000000
0.000000
0.000000
0.000000
0.000000
0.000000
0.000000
0.000000
0.000000
0.000000
0.000000
0.000000
0.000000
0.000000
0.000000
0.000000
0.000000
0.000000
0.000000
0.000000
0.000000
0.000000
2.218205
3.700227
0.000000
0.000000
1.085697
0.000000
1.723415
1.828497
0.000000
0.000000
0.000000
0.000000
0.000000
0.000000
0.000000
0.000000
0.000000
0.000000
0.000000
0.000000
0.000000
0.000000
0.000000
0.000000
0.000000
0.000000
0.000000
0.000000
0.000000
0.000000
0.000000
0.000000
0.000000
0.000000
0.000000
0.000000
0.000000
0.000000
0.000000
0.000000
0.000000
0.000000
0.000000
0.000000
0.000000
0.000000
0.000000
0.000000
0.000000
0.000000
0.000000
0.000000
0.000000
0.000000
0.000000
0.000000
0.000000
0.000000
0.000000
0.000000
0.000000
0.000000
0.000000
0.000000
0.000000
0.000000
0.000000
0.000000
0.000000
0.000000
0.000000
0.000000
0.000000
0.000000
0.000000
0.000000
0.000000
0.000000
0.000000
0.000000
0.000000
0.000000
0.000000
0.000000
0.000000
0.000000
0.000000
0.000000
0.000000
0.000000
0.000000
0.000000
0.000000
0.000000
0.000000
0.000000
0.000000
0.000000
0.000000
0.000000
0.000000
0.000000
0.000000
0.000000
0.000000
0.000000
0.000000
0.000000
0.000000
0.000000
0.000000
0.000000
0.000000
0.000000
0.000000
0.000000
0.000000
0.000000
0.000000
0.000000
0.000000
0.000000
0.000000
0.000000
0.000000
0.000000
0.000000
0.000000
0.000000
0.000000
0.000000
0.000000
0.000000
0.000000
0.000000
0.000000
0.000000
0.000000
0.000000
0.000000
0.000000
0.000000
0.000000
0.000000
0.000000
0.000000
0.000000
0.000000
0.000000
0.000000
0.000000
0.000000
0.000000
0.000000
0.000000
0.000000
0.000000
0.000000
0.000000
0.000000
0.000000
0.000000
0.000000
0.000000
0.000000
0.000000
0.000000
0.000000
0.000000
0.000000
0.000000
0.000000
0.000000
0.000000
0.000000
0.000000
0.000000
0.000000
0.000000
0.000000
0.000000
0.000000
0.000000
0.000000
0.000000
0.000000
0.000000
0.000000
0.000000
0.000000
0.000000
0.000000
0.000000
0.000000
0.000000
0.000000
0.000000
0.000000
0.000000
0.000000
0.000000
0.000000
0.000000
0.000000
0.000000
0.000000
0.000000
0.000000
0.000000
0.000000
0.000000
0.000000
0.000000
0.000000
0.000000
0.000000
0.000000
0.000000
0.000000
0.000000
0.000000
0.000000
0.000000
0.000000
0.000000
0.000000
0.000000
0.000000
0.000000
0.000000
0.000000
0.000000
0.000000
0.000000
0.000000
0.000000
0.000000
0.000000
0.000000
0.000000
0.000000
0.000000
0.000000
0.000000
0.000000
0.000000
0.000000
0.000000
0.000000
0.000000
0.000000
0.000000
0.000000
0.000000
0.000000
0.000000
0.000000
0.000000
0.000000
0.000000
0.000000
0.000000
0.000000
0.000000
0.000000
0.000000
0.000000
0.000000
0.000000
0.000000
0.000000
0.000000
0.000000
0.000000
0.000000
0.000000
0.000000
0.000000
0.000000
0.000000
0.000000
0.000000
0.000000
0.000000
0.000000
0.000000
0.000000
0.000000
0.000000
0.000000
0.000000
0.000000
0.000000
0.000000
0.000000
0.000000
0.000000
0.000000
0.000000
0.000000
0.000000
0.000000
0.000000
0.000000
0.000000
0.000000
0.000000
0.000000
0.000000
0.000000
0.000000
0.000000
0.000000
0.000000
0.000000
0.000000
0.000000
0.000000
0.000000
0.000000
0.000000
0.000000
0.000000
0.000000
0.000000
0.000000
0.000000
0.000000
0.000000
0.000000
0.000000
0.000000
0.000000
0.000000
0.000000
0.000000
0.000000
0.000000
0.000000
0.000000
0.000000
0.000000
0.000000
0.000000
0.000000
0.000000
0.000000
0.000000
0.000000
0.000000
0.000000
0.000000
0.000000
0.265677
0.000000
0.000000
0.000000
0.000000
0.000000
0.000000
0.000000
0.000000
0.000000
0.000000
0.000000
0.000000
0.000000
0.000000
0.000000
0.000000
0.000000
0.000000
0.000000
0.000000
0.000000
0.000000
0.000000
0.000000
0.000000
0.000000
0.000000
0.000000
0.000000
0.000000
0.000000
0.000000
0.000000
0.000000
0.000000
0.000000
0.000000
0.000000
0.000000
0.000000
0.000000
0.000000
0.000000
0.000000
0.000000
0.000000
0.000000
0.000000
0.000000
0.000000
0.000000
0.000000
0.179858
0.000000
0.000000
0.000000
0.000000
0.000000
0.000000
0.000000
0.000000
0.000000
0.000000
0.000000
0.000000
0.000000
0.000000
0.000000
0.000000
0.000000
0.000000
0.000000
0.000000
0.000000
0.000000
0.000000
0.000000
0.000000
0.000000
0.000000
0.000000
0.000000
0.000000
0.000000
0.000000
0.000000
0.000000
2.203247
0.000000
0.000000
0.000000
0.000000
0.000000
0.000000
0.000000
8.107321
0.000000
0.000000
0.000000
0.000000
0.000000
0.000000
0.000000
0.000000
0.000000
0.000000
0.000000
0.000000
0.000000
0.000000
0.000000
0.000000
0.000000
0.000000
0.000000
0.000000
0.000000
0.000000
0.000000
0.000000
0.000000
0.000000
0.000000
0.000000
0.000000
0.000000
0.000000
0.000000
0.000000
0.000000
0.000000
1.032709
0.000000
0.000000
0.000000
0.000000
0.000000
0.000000
0.000000
0.000000
0.000000
0.000000
0.000000
0.000000
0.000000
0.000000
0.000000
0.000000
0.000000
0.000000
0.000000
0.000000
0.000000
0.000000
0.000000
0.000000
0.000000
2.162616
0.000000
0.000000
0.000000
0.000000
0.000000
0.000000
0.000000
0.000000
0.000000
0.000000
0.000000
0.000000
0.000000
0.000000
0.000000
0.000000
0.000000
0.000000
0.000000
0.000000
0.000000
0.000000
0.000000
0.000000
0.000000
0.000000
0.000000
0.000000
0.000000
0.000000
0.000000
0.000000
0.000000
0.000000
0.000000
0.000000
0.000000
0.000000
0.000000
0.000000
0.000000
0.000000
0.000000
0.000000
0.000000
0.000000
0.000000
0.000000
0.000000
0.000000
0.000000
0.000000
0.000000
0.000000
0.000000
0.000000
0.000000
0.000000
0.000000
