0.451015
0.408206
0.231627
0.211452
0.669279
0.831896
0.359666
-1.186937
0.639043
1.030871
-6.063763
-6.185420
-6.331571
-6.022719
-6.644499
-8.797736
-10.991745
-9.158607
-9.217006
-9.222790
-8.402335
-10.093781
-14.844181
-11.265320
-13.898173
-18.827805
-29.019535
-31.462299
-27.717588
-22.086929
-22.604836
-29.354908
-23.440720
-21.111582
-17.656605
-20.265358
-16.023104
-17.540035
-25.581812
-24.359035
-31.030365
-35.088505
-57.527569
-58.592579
-56.994556
-53.968525
-49.513790
-61.322002
-42.288170
-40.637753
-38.449245
-40.104572
-35.329987
-37.848984
-53.527683
-47.698132
-51.334370
-58.501194
-88.858780
-85.585709
-85.685730
-64.005287
-57.525314
-62.414623
-48.820572
-49.782108
-48.964966
-48.475498
-49.019608
-50.637180
-72.408447
-58.864319
-67.007439
-78.522995
-86.093567
-84.887474
-90.850853
-66.295784
-58.410130
-55.532757
-36.574699
-35.687145
-31.265743
-28.924263
-26.657745
-28.798086
-36.889698
-43.950016
-47.583141
-53.351944
-70.789078
-71.504524
-80.602768
-57.010906
-46.118767
-40.588776
-21.526413
-19.112036
-13.572783
-13.994490
-7.860826
-5.739937
-2.637318
-34.480980
-27.398930
-25.204271
-29.144821
-34.471001
-36.964176
-34.395542
-30.520531
-30.154808
-22.257607
-13.956773
-12.417048
-11.652949
-6.646419
-1.682921
-0.070217
-28.783966
-24.669964
-20.861019
-7.796793
-18.871071
-10.747512
-21.961458
-11.364337
-13.826869
-21.049963
-9.788367
-7.145998
-8.468785
-5.796309
-1.135364
3.325987
-20.552792
-10.227035
-7.189714
-7.579704
-20.828526
-16.889071
-11.376378
-8.354689
-8.095670
-16.113628
-7.308803
-4.708232
-12.159446
-10.043254
-3.488272
0.271277
-29.335220
-20.222759
-21.062347
-14.510316
-27.883492
-26.918964
-20.455395
-5.369109
-3.336605
-5.201746
-4.477356
-2.344322
-15.058176
-17.819298
-13.985887
-14.146182
-32.167515
-39.029587
-36.384594
-24.372858
-20.974859
-30.487385
-39.736622
-7.518195
-9.181960
-11.224874
-8.663027
-10.831431
-31.706575
-42.267338
-15.854232
-31.456524
-40.255028
-35.434650
-29.662756
-26.078949
-10.580078
-21.024900
-29.092274
-10.417594
-8.034645
-12.083412
-11.599958
-9.244992
-41.321243
-49.399605
-16.569088
-44.037159
-43.155151
-46.405785
-27.971056
-23.917889
-19.902424
-18.015102
-13.338079
-11.950455
-8.820148
-13.434250
-16.346241
-16.850954
-38.068348
-47.304150
-17.590782
-31.221382
-16.759968
-35.135548
-26.380930
-23.368359
-20.178793
-20.999645
-17.508440
-13.496154
-13.697199
-15.633190
-15.830205
-29.697800
-26.108765
-36.809612
-18.109873
-20.785585
-11.038022
-18.353233
-22.347370
-20.706116
-23.938112
-19.629515
-12.615274
-13.197242
-6.150737
-10.359046
-11.945604
-27.005629
-31.091583
-43.978939
-14.875058
-33.794861
-25.734257
-15.085612
-20.470287
-21.731665
-30.027617
-24.804815
-12.617250
-18.025339
-7.256704
-14.588372
-12.266013
-35.450138
-35.895737
-37.168243
-18.808144
-25.988647
-28.134460
-13.588490
-13.687439
-20.995054
-27.642801
-34.567631
-11.619984
-17.042265
-3.140801
-13.562370
-12.103693
-18.368340
-19.937052
-24.457264
-19.005667
-15.527999
-15.577735
0.157285
0.204751
0.438173
0.493614
0.598141
0.134179
-0.991323
0.550753
-0.753753
-1.415871
-6.031918
-6.970629
-4.521587
-4.663507
-1.474731
-3.101142
-4.588566
-6.727293
-8.657265
-9.371906
-10.342554
-11.350820
-15.535328
-10.536963
-11.401846
-11.768416
-12.063623
-13.737177
-15.110973
-1.649393
0.025823
-1.292790
-2.751585
-3.407546
-4.532701
-4.550864
-4.353458
-5.451285
-9.151993
-10.507145
-6.002102
-1.985690
-16.460581
-19.766809
-19.147139
-14.626352
-11.557707
-17.027084
-9.826906
-10.401093
-9.948393
-9.244686
-7.400448
-8.216297
-8.695098
-14.344276
-12.218251
-11.435886
-12.884680
-15.869391
-16.964355
-9.522724
-3.745764
-7.499457
-10.176208
-8.395039
-6.128127
-5.459056
-6.154170
-8.079109
-1.722968
-11.939228
-6.513040
-3.727089
-13.552186
-21.371298
-18.316929
-18.884109
-14.325945
-19.015459
-9.780453
-11.859300
-14.117811
-14.599393
-14.818787
-13.861528
-12.739741
-14.189648
-16.801884
-13.123960
-22.236732
-29.602016
-25.862143
-16.904625
-16.092199
-16.165607
-5.160998
-6.706101
-9.723786
-8.187258
-10.887579
-8.165864
-6.687006
-12.668715
-9.872267
-17.343109
-24.516720
-24.603521
-29.076488
-17.289068
-8.837658
-8.654499
-1.841725
-4.490612
-6.217739
-2.348859
-7.134096
-3.012867
-7.113839
-8.047499
-3.098667
-6.947090
-13.466929
-10.188935
-15.128986
-16.261772
0.293885
-0.150427
-0.604245
-3.195821
-4.501393
-2.257284
-7.662843
-3.122421
-6.876515
-18.111044
-6.473541
-2.782400
-8.535028
-6.965383
-9.740187
-8.655684
-2.336494
-0.667804
-0.407892
-2.586967
-4.604542
-2.223249
-8.270609
-2.831642
-6.135603
-11.389279
-4.740961
2.165507
-5.273844
-8.749227
-11.229836
-7.999242
-2.864957
-2.234998
-4.948818
-3.213628
-6.837263
-2.416970
-6.612638
2.319525
-4.262596
0.319617
-1.172124
3.649638
-0.269565
-1.677199
-4.807018
-3.868512
-3.189717
-2.889553
-7.302800
-2.701139
-4.793352
-4.036433
-5.658489
4.379551
-1.065214
-13.000123
-5.006566
-0.771310
-3.997969
-0.739937
-4.397262
-7.352830
-0.844346
0.954114
-0.842800
-2.126530
0.699936
-2.393056
-7.569931
-1.208842
-0.718896
0.567789
-1.129913
0.268595
0.596750
1.995682
-1.678794
-2.344819
0.924863
1.933977
1.871241
1.757041
2.500026
-1.032338
-8.204520
0.670090
-1.584728
-1.362735
5.598181
2.071314
1.032939
2.421150
-2.021025
-1.551841
-1.498195
1.156277
2.475216
4.623829
5.046355
-1.575411
-5.858095
-0.305072
-7.945818
-7.061320
-6.477539
-5.426600
-7.083606
-1.018580
-7.280332
-7.128865
-4.755074
-3.735651
-5.147134
-0.302715
1.999169
-5.342302
-5.558133
-5.477638
-5.884534
-4.375601
-6.355893
-2.497655
-5.137733
-6.379327
-5.086119
-4.080903
-4.068308
-2.898941
-3.457758
-3.114704
-3.457581
-5.225334
-6.431764
-2.472252
-6.990283
-6.720064
-5.395888
-3.553866
-5.853016
-4.149583
-5.147814
-4.062257
-5.653890
-1.814689
-4.871477
0.049583
-0.504857
-0.141313
-2.529249
1.000333
-6.535570
-6.545880
4.128337
4.573122
5.079518
5.465794
6.181470
6.728839
8.501527
2.711160
5.470994
5.518118
-17.688763
-19.374973
-15.165996
-13.960181
-9.512320
-13.256389
-8.341468
-11.973764
-14.937860
-15.539564
-15.172803
-14.483064
-21.611012
-17.582621
-18.353954
-19.000784
-18.129837
-22.214218
-23.242943
-0.177864
-2.846545
-3.228545
-1.690296
-4.572938
-7.335281
-8.616431
-9.144494
-7.494603
-13.032039
-10.078938
-13.197172
-9.194160
-10.162538
-10.977090
-11.949316
-11.675004
-12.033338
-14.648764
-4.965427
-7.100681
-7.938127
-9.025286
-7.169283
-5.961562
-10.522777
-11.298045
-11.779105
-12.166396
-6.305542
-5.499251
-5.554840
-10.791955
-6.229621
-4.581349
-4.509314
-3.611981
-2.389439
-4.421136
-3.865095
-2.734429
-6.978824
-18.488552
-16.755127
-9.861298
-0.841602
-1.940533
-2.579724
-2.798113
-3.753154
-3.118752
-5.520240
-2.930910
-0.215639
-2.212967
-2.938936
-1.866915
-4.084424
-2.625260
-1.371621
-0.726571
2.059582
1.399248
2.054115
0.226061
-1.651578
-2.045006
-0.671162
-1.183762
0.859695
0.240064
2.217877
1.680249
3.341647
2.042634
-0.262276
0.350482
3.848913
3.397569
3.384362
1.867383
-1.728764
-1.529601
1.025175
0.152379
2.299613
0.842067
1.339350
-0.093095
0.201378
3.765063
-1.386396
-4.236441
-1.533256
-2.961815
-0.076644
-6.996576
2.062400
1.919592
0.161431
0.703972
3.561999
1.910262
2.375624
0.812510
3.751268
7.473923
7.548725
3.407850
3.542847
3.562950
3.399454
-1.311378
2.769031
0.735390
1.759760
1.141607
2.519709
1.854796
1.907981
0.913327
2.812756
0.329909
4.198229
3.339903
5.872611
4.090411
5.215890
1.881415
3.666229
3.381682
6.492358
1.283640
3.532350
-10.164322
-9.631892
-6.328897
-7.191527
-7.260044
-9.815890
-5.315158
-5.125029
-6.061220
-4.342063
-5.590049
-2.761101
-5.642301
-6.570413
-9.503234
-7.903426
-8.276585
-10.015385
1.224462
0.878853
-2.946012
1.353095
-1.002560
-1.844469
1.931788
0.863527
0.359039
-2.453208
-1.869319
-3.777583
-1.365864
0.840112
-1.265078
1.776881
-1.225475
-4.733536
-7.741734
-3.601660
-0.308594
-0.511820
0.069961
1.477295
0.008265
1.534501
0.577788
1.197387
-2.886431
-0.806309
1.933617
3.337029
-0.072841
1.599631
1.956222
0.461284
1.941616
3.336631
1.803693
4.725852
1.573419
5.544096
3.109886
3.840343
0.760287
-6.800249
5.541334
5.301492
-2.369786
2.443948
3.257877
2.714617
1.761667
0.677041
-0.653003
2.100704
2.888530
3.986247
3.671191
2.884808
-0.568465
4.604539
7.817667
7.669022
2.112271
1.138937
4.911662
0.829456
-1.462504
-0.100907
-1.702485
1.334179
0.158963
1.779778
0.577607
0.633289
-0.538937
1.832914
0.908865
2.726159
0.233359
0.808654
1.777289
2.423064
3.032785
1.295043
-0.757717
1.353520
1.489431
0.317177
-0.012148
-0.325574
-0.882990
-0.001315
-2.669580
-3.719081
-2.194319
-4.219011
-1.380266
-3.109833
-3.305202
-3.395313
-3.247408
-3.890107
-4.255923
-5.385758
-1.768226
-2.695686
-2.616404
-1.759589
-3.834844
-5.331135
-4.788177
-6.971576
-7.807110
-6.516152
-4.414409
-2.445477
-2.338934
-0.626976
-0.728581
-0.265218
-5.779124
-2.772892
0.751606
-26.812014
-29.934189
-23.605846
-29.100704
-26.307259
-33.434292
-20.105534
-20.075947
-19.645992
-20.805733
-17.221128
-16.052660
-21.391985
-28.614407
-24.991478
-23.014210
-42.100780
-43.507381
-40.772480
-22.217426
-17.569429
-23.592621
-16.850294
-18.868387
-18.149643
-19.445999
-17.967777
-15.994941
-24.828566
-29.832113
-25.444649
-27.663404
-39.752827
-41.621174
-43.466194
-22.193048
-17.348671
-17.724657
-13.003060
-16.956196
-16.066175
-18.501883
-17.813459
-16.500574
-26.329691
-27.227036
-22.535234
-21.391335
-29.965349
-32.358887
-34.519386
-26.983282
-19.792236
-18.419817
-9.592740
-10.948546
-10.947275
-13.305289
-12.799074
-9.441010
-15.575190
-35.223267
-29.010086
-20.955664
-24.309523
-29.027206
-26.219151
-25.243912
-18.436253
-15.532505
-12.368949
-8.173508
-5.195215
-6.110134
-7.331782
-3.810801
-4.662673
-21.961575
-14.779479
-6.079219
-12.622699
-20.910858
-14.325025
-14.798951
-16.183706
-17.515324
-16.747875
-9.038177
-9.060363
-7.966722
-9.696776
-4.154185
-6.628734
-17.762274
-6.385954
-4.516865
-9.295585
-14.572844
-9.575385
-6.794827
-6.954192
-8.238326
-9.948951
-4.722471
-4.696274
-6.090935
-9.014395
-4.189147
-6.383776
-19.939713
-13.545304
-12.893386
-17.856838
-20.602631
-26.015467
-22.466688
-6.265372
-4.159088
-2.067040
-2.787784
-1.642779
-4.841116
-10.462773
-5.752002
-5.500791
-12.891436
-15.652306
-18.979830
-18.459484
-16.053259
-21.511684
-24.848164
-3.091713
-1.606942
-0.813689
-2.304548
-1.544997
-9.829049
-14.839744
-2.051433
-9.192019
-20.817923
-15.524588
-14.628338
-13.302427
-6.220967
-14.291177
-18.557787
-3.511265
-2.088160
-0.906141
0.810349
-0.900208
-24.741039
-34.831009
-11.106795
-26.586382
-25.776379
-30.335783
-24.489798
-20.953503
-13.279686
-21.152775
-20.901302
-7.212946
-7.009173
-7.070869
-10.162669
-10.440661
-20.032087
-28.031513
-9.521598
-15.817053
-13.115471
-23.855213
-19.569586
-17.157919
-14.094677
-15.419628
-13.300172
-8.212076
-7.317111
-8.325470
-12.509915
-13.040966
-14.856304
-18.280668
-5.457027
-14.610999
-5.411262
-11.178486
-13.747590
-12.643153
-10.892734
-11.335730
-10.335363
-8.511850
-7.442620
-7.263741
-6.767271
-11.493814
-9.232453
-10.448050
-3.663155
-13.382930
-11.685948
-8.469363
-7.566672
-11.781028
-13.331531
-10.073803
-6.733999
-8.957779
-5.977664
-7.189319
-4.903038
-26.050831
-25.305042
-24.723921
-12.118385
-17.155411
-15.172196
-9.299862
-7.242998
-12.693297
-17.042500
-13.016062
-7.159089
-7.965070
-4.819148
-8.137819
-7.238915
-21.288555
-22.021795
-17.886248
-12.425845
-8.168076
-7.155893
-4.625391
-4.940228
-6.316273
-8.057731
-8.700068
-1.412666
-2.758128
-0.316635
-1.139465
-5.721784
-7.451272
-6.252676
-6.524749
-7.735302
-4.152353
-5.582235
3.147301
3.463682
3.817647
4.191243
5.155545
5.682542
7.390869
2.763480
5.765119
6.192116
-79.910400
-85.236916
-64.755966
-57.110638
-45.289486
-62.275284
-29.642935
-41.982956
-50.087166
-52.983772
-47.348442
-41.676983
-64.618378
-57.959763
-57.978790
-53.550526
-56.276936
-63.454296
-67.170013
-9.833889
-11.356314
-17.106562
-4.232677
-7.761938
-11.048509
-12.686114
-9.527649
-4.323564
-13.101187
-14.079479
-14.681123
-6.984151
-20.835142
-24.258440
-25.142326
-16.937080
-13.683608
-22.644171
-3.947330
-8.905164
-13.136106
-15.651289
-11.948689
-10.026405
-17.981823
-14.101898
-17.853148
-17.723257
-14.730243
-15.207456
-25.975840
-9.298388
-6.968412
-11.120587
-5.059749
-7.709582
-6.621615
-7.101466
-7.270159
-5.531316
-8.966828
-56.610455
-51.146362
-40.030815
-23.296368
-37.770988
-32.795639
-28.470043
-26.844349
-35.523750
-19.482792
-12.919526
-5.074425
-6.516675
-2.968632
-4.262097
3.042971
-32.424812
-18.481802
-16.355637
-16.334421
-30.548981
-11.277440
-12.956366
-9.832169
-15.073050
-7.213793
-4.527473
-5.497447
-6.907116
-6.527746
-2.643486
-1.934919
-27.617359
-15.616379
-11.822980
-11.212729
-22.981440
-10.004962
-4.123190
-7.279697
-5.223551
-4.439309
-3.092663
-2.879690
-2.667266
-12.127151
-9.571939
-10.903798
-46.602188
-44.083916
-34.904507
-33.690296
-49.099247
-49.687103
-44.953716
-1.415333
2.349662
-4.442920
-3.599875
-0.889015
-0.508206
-11.425900
-7.207391
-8.179749
-23.639450
-19.366472
-10.379645
-15.092899
-18.856907
-22.661005
-16.322475
-2.641016
0.095232
-7.585517
-5.201207
-2.816341
0.931537
-10.182834
-5.592121
-9.629006
-37.645725
-21.681835
-6.641201
-12.239795
-15.562930
-22.387779
-15.203746
0.176137
1.262580
-1.580019
-9.594130
1.013350
-59.093731
-69.673134
-21.840120
-52.859383
-45.193890
-53.929459
-32.394131
-31.140480
-32.687885
-33.489063
-32.356979
-13.228562
-26.301855
-30.488056
-46.505676
-42.347080
-47.864056
-55.912067
-2.582907
-18.715954
-23.712963
-8.682282
-4.993745
-5.655773
-4.732788
-11.626754
-11.762086
-7.287876
-8.608372
-8.272418
-10.199087
-8.586273
-22.522263
-27.318521
-4.745159
-34.856514
-20.977049
-13.136857
-3.398038
-4.062511
-4.146344
-8.300078
-9.759245
-5.016787
-6.417059
-12.102158
-3.885430
-5.193304
-17.606907
-13.028402
-1.067217
-11.842090
-11.292975
-1.219416
1.632278
1.883905
0.938451
3.930395
1.055413
0.662509
0.783850
-2.090281
-0.212562
-48.649979
-49.670815
-51.372181
-17.457994
-23.862083
-27.740559
-8.695323
2.142878
-2.362416
-14.727750
-10.529160
-2.230355
-2.882187
1.814332
-7.734869
-5.915219
-17.616995
-24.522812
-26.730703
-8.223742
-11.874393
-10.973311
-9.027296
-3.032424
-5.912601
-8.058666
-13.367437
-2.683719
-5.863012
-2.205949
-5.142407
-3.526855
-20.482292
-22.952988
-17.801445
-2.780840
-9.201510
-8.189687
-5.798982
-4.014957
-9.660886
-12.316446
-16.183826
-7.926959
-16.500914
-11.160405
-13.410099
-10.492198
-30.905476
-30.976725
-38.220848
-22.293066
-46.243568
-45.262051
-2.854550
-3.132626
-3.590515
-3.619177
-3.933376
-3.505254
-2.437142
-0.336016
-0.550836
-0.018863
-15.735760
-18.733120
-18.190113
-16.708166
-19.039774
-24.079336
-3.014358
-2.080439
-2.618538
-2.756040
1.591451
2.996765
9.837671
-5.787465
0.897886
2.845758
-18.284185
-17.260378
-12.559813
-9.389746
-9.595341
-15.169249
-3.616936
-4.072358
-4.974957
-5.257685
-5.139896
-4.467218
-5.982928
-9.152719
-9.403593
-19.064459
-4.314477
-2.223562
-0.557528
17.121845
16.496441
21.412443
10.203118
9.609428
11.103800
10.190681
7.610723
5.303839
9.128655
6.474830
9.712400
4.063812
9.731687
8.254456
4.879617
9.404936
5.610342
8.051882
9.050617
4.191161
2.499813
0.170292
-1.603504
-2.245274
-1.896016
0.179906
-6.179051
-3.488862
10.558830
7.009023
8.843610
6.485125
1.165035
5.999183
5.650476
7.641315
6.819355
7.672079
4.587055
5.672759
7.005755
-2.219689
-0.023767
8.365327
6.240681
9.473382
14.768313
5.641668
-0.647297
0.515784
-6.561711
-2.022957
-0.154013
-0.869153
-1.881882
0.384721
-4.102881
5.526346
8.686359
13.507074
3.664458
8.323951
7.486679
2.137239
0.438785
-0.989509
-4.400968
-1.684336
-2.350796
-2.456189
-4.392283
-2.725114
-6.182662
-2.578866
7.889033
4.603239
-1.857543
0.988877
-11.316596
-14.408021
2.505133
3.864118
5.094542
3.498557
-1.120257
0.684791
-6.714861
-4.574809
-6.411880
8.097881
14.500924
7.364643
-2.730648
4.749883
-4.836006
-12.484954
4.586293
6.712059
8.537943
4.178128
1.620477
3.578999
-1.681621
-1.740332
-2.176231
16.594694
10.030203
4.858433
4.350910
9.152626
5.386354
4.172769
5.185924
3.707098
6.235614
4.163121
4.705978
-16.417347
-18.895603
-3.014613
-14.553093
-11.463544
-10.590905
0.435404
0.880966
6.848198
3.903177
3.018951
6.160601
4.735136
6.899636
-0.507820
-5.081946
-3.310193
-12.145981
-6.324549
-5.529484
10.017185
-5.196284
0.005498
0.229922
4.018664
-0.063968
-0.732571
-1.769494
-2.408926
-5.841539
-5.586537
-8.422484
5.152349
5.009922
6.060787
13.295493
12.799623
6.741956
3.456363
1.990447
1.931869
1.308160
1.843073
-2.481302
-0.313763
1.411370
1.627664
2.081277
-0.375239
8.288292
3.643600
1.075424
3.223156
-5.916823
-5.861619
-6.227130
-6.041047
-3.092697
-4.167150
-7.654266
-6.450583
-7.213381
-3.168759
-13.835649
-8.856192
-2.900181
3.107259
3.858630
-2.958886
0.105218
6.826901
-2.106429
-7.766567
-8.127790
-1.809127
-6.288418
-0.541691
-5.756545
7.944393
-1.551041
-1.306544
-0.574511
-2.805385
0.769374
2.678729
3.205894
7.006736
-0.170537
1.616723
-1.546435
1.614802
2.778907
1.649391
2.135290
-0.770487
7.944869
13.003342
19.370756
8.800447
8.393895
10.103317
3.731348
5.710843
6.032266
10.594480
11.512791
4.780220
7.434685
1.973586
6.118868
-1.132447
1.222906
7.083889
7.075416
5.705070
4.010788
-1.699392
-3.616385
-3.864240
-4.040930
-4.124790
-4.879071
-5.495410
-7.019488
-3.727230
-4.112014
-4.055391
-6.535284
-6.502943
-6.093357
-5.325415
-7.594638
-8.618390
-5.708956
-5.834400
-6.247150
-6.464059
-5.497104
-5.927047
-9.232194
-7.355007
-7.532841
-6.146566
-23.715059
-21.597477
-18.344975
-17.392342
-16.205040
-17.994862
-13.376624
-14.619273
-14.660058
-15.056470
-14.631894
-15.376799
-20.584270
-14.129546
-15.480197
-19.063963
-24.719378
-21.252771
-23.508228
-8.326558
-7.899745
-6.766295
-8.366286
-10.417470
-10.980549
-10.321259
-12.240656
-13.641642
-19.222883
-8.251190
-10.485118
-15.198693
-14.175309
-11.878564
-15.209685
-8.627433
-7.356517
-4.268893
-6.167021
-7.940042
-7.975433
-7.245811
-9.446715
-11.484994
-15.314431
-4.967003
-6.862629
-10.464303
-14.458361
-11.451784
-16.532585
-12.165870
-12.416915
-9.019706
-7.128721
-7.482718
-7.799203
-6.198833
-6.271744
-6.646202
-10.174305
-10.927077
-10.910448
-11.519736
-13.776988
-13.947813
-14.535975
-13.124788
-12.322671
-10.617809
-7.753016
-5.569589
-4.593942
-2.800548
-1.653452
-0.874489
-2.034391
-6.415241
-3.282225
-2.195217
-6.345152
-7.597017
-6.682789
-8.728279
-7.145788
-7.836314
-7.158380
-3.977737
-4.391746
-4.120069
-3.398297
-1.811532
-2.609153
-6.302267
-1.298798
-2.535877
-3.691248
-5.072352
-6.617167
-7.783700
-1.790151
-1.178644
-2.215140
-0.671229
-1.379543
-1.463875
-2.180285
-0.913455
-0.109666
-6.466345
-6.733574
-9.268891
-8.197773
-8.170780
-10.756845
-12.419890
-1.971074
-0.102853
0.324755
-0.851051
-0.815106
-0.084173
-2.336223
-0.937401
-0.821484
-1.507871
-7.620566
-10.923191
-8.279585
-5.482967
-7.851791
-11.283679
-2.179360
-1.061383
-0.745691
-1.608662
-1.486474
-3.833095
-7.172747
-1.965367
-4.957358
-8.058184
-11.685088
-10.601151
-7.237670
-3.822561
-6.386223
-6.906093
-2.150270
-1.253808
-1.363763
-1.868829
-3.501927
-10.610980
-16.581985
-7.202451
-12.725863
-8.589701
-16.749838
-15.682063
-10.402448
-9.562063
-10.118554
-9.985881
-4.345680
-4.608727
-4.371939
-7.442034
-10.522033
-8.166322
-12.451001
-3.844065
-6.927636
-2.956604
-9.808249
-11.269698
-9.376999
-8.801664
-9.955767
-7.997499
-6.919087
-5.876200
-5.290404
-6.847129
-6.860240
-5.118263
-2.863460
-1.644992
-4.391129
0.680402
-3.028820
-6.556025
-6.460165
-5.989844
-4.741949
-4.209828
-5.405008
-4.600217
-3.761925
-3.396570
-4.309917
-4.773232
-1.758345
-2.861955
-4.611625
-1.551102
-2.761632
-3.764455
-3.778147
-8.526748
-4.310330
-1.919512
-2.485962
-2.344272
-3.163230
-3.194391
-11.334550
-9.606485
-9.156320
-5.160981
-5.041511
-4.473433
-2.140997
-2.436889
-2.690385
-8.799793
-4.980262
-2.032047
-1.690391
-1.065257
-2.342343
-2.529930
-6.164505
-4.897497
-4.596484
-3.655542
-2.390937
-1.853300
-0.459192
-0.632229
-1.887669
-2.189077
-2.894537
-0.752162
-1.130954
-0.340422
-1.564253
-2.004038
-1.883357
-2.044014
-1.878060
-2.500514
-0.780499
-2.744629
-9.067355
-9.650875
-10.061741
-10.305619
-12.027021
-13.405231
-16.931313
-9.717602
-12.775071
-13.651614
-17.772877
-19.183012
-20.364517
-18.549858
-20.995386
-23.753378
-10.919772
-9.702634
-8.228659
-8.751957
-5.594957
-6.658179
-7.523941
-17.472580
-14.197116
-9.427911
-61.543842
-64.210632
-50.965984
-55.394955
-45.126663
-58.238201
-30.630499
-33.744938
-34.762592
-36.891788
-33.562756
-33.009933
-45.730347
-48.877605
-47.956150
-51.366676
-68.720215
-70.922699
-69.187637
-23.273975
-19.409664
-23.308310
-14.740565
-18.831871
-20.774158
-21.048395
-21.620859
-19.944294
-32.059635
-27.854671
-30.734188
-33.199154
-28.190376
-32.080681
-31.361931
-17.178299
-13.960086
-13.041338
-7.199523
-9.406943
-8.480548
-10.483161
-10.119622
-9.713746
-16.346798
-19.141956
-16.636091
-12.521592
-22.501659
-23.780025
-26.586781
-20.604088
-19.462751
-18.330927
-10.722680
-10.400815
-12.078455
-10.945479
-11.764717
-10.278794
-12.642176
-42.351109
-33.039505
-16.311651
-22.306004
-31.121628
-23.287682
-11.417044
-12.681302
-14.327579
-15.022519
-6.240238
-3.009966
-3.019655
-4.290942
-2.022578
-3.241045
-17.826117
-10.936652
-2.456131
-13.996035
-21.153263
-16.698067
-6.558527
-9.506978
-13.047093
-12.909495
-6.689593
-4.735639
-6.686297
-4.667906
-1.552883
-7.316236
-15.031598
-2.404246
-3.449351
-11.066728
-16.309679
-16.931276
-15.667239
-3.025793
-2.731297
-4.597231
-1.310425
-4.290195
-2.840595
-9.517579
-5.325672
-6.950276
-20.387554
-15.390838
-18.576590
-24.501848
-25.924660
-30.769917
-30.825764
-5.941097
-1.715273
-0.016874
-0.904640
-1.845695
-1.638650
-7.284742
-4.791621
-4.818167
-10.276115
-17.233730
-22.766697
-24.444952
-15.896272
-18.944616
-23.668854
-3.750005
-2.920295
-5.288099
-2.554200
-2.126270
-18.336376
-26.557495
-4.223944
-14.573478
-24.660322
-19.037006
-13.759703
-12.349523
-6.295595
-10.960461
-16.496960
0.722533
-1.091254
-0.901356
-2.050212
-5.295233
-36.102074
-53.064468
-20.489601
-39.198727
-26.482975
-36.275520
-26.246082
-16.786816
-19.685558
-20.471767
-23.143229
-7.747406
-11.508535
-11.656077
-24.215738
-24.994503
-26.689438
-37.231121
-5.511621
-13.341493
-3.946883
-10.266814
-8.572784
-8.129217
-6.315066
-11.887378
-13.326633
-8.673460
-8.531546
-10.961596
-15.008358
-13.414222
-10.716470
-9.595282
-3.555362
-12.810027
-5.558418
2.573012
-0.492886
-3.750709
-1.369427
-4.326154
-4.931602
-5.386698
-0.860371
-0.258461
-5.879810
-10.346468
-10.617433
-7.952658
-3.315063
-13.701221
-13.031434
-0.922548
-0.838263
-6.282225
-8.347372
-6.550882
-1.716065
-6.117596
-2.282994
-4.630818
-4.427741
-29.260174
-20.550068
-22.369078
-7.936513
-9.721094
-9.688144
-0.588509
-0.332557
-2.885910
-4.700774
-9.880601
-1.783936
-2.490577
0.239452
-3.732020
-3.128364
-6.620128
-5.757385
-2.989295
-3.272092
1.228654
1.726879
-1.262299
-2.688459
2.932256
0.055340
-1.205030
2.049810
4.670852
1.670947
3.183409
-4.012320
2.125230
4.307816
2.610577
-2.751713
-1.410518
-3.341300
-4.166326
-4.693548
-5.282939
-6.954796
-9.454299
-12.463406
-19.263672
-14.006391
-24.548149
-30.248190
-38.489265
-41.254715
-37.175598
-34.279812
-26.084208
-29.989079
-26.414015
-31.516373
-33.131104
-34.473698
-33.290184
-34.457561
-52.306393
-46.009624
-50.268986
-50.973759
-40.372639
-45.354233
-49.193123
-29.472702
-19.294121
-20.027506
-22.364990
-20.059364
-20.319315
-21.490755
-23.211132
-23.333696
-33.365463
-38.899677
-40.633186
-25.626194
-19.354910
-35.141258
-26.651432
-32.003349
-20.996471
-17.312241
-14.428608
-11.053410
-9.056038
-9.419785
-10.103499
-6.781004
-9.927479
-27.246908
-22.755047
-17.942318
-13.738960
-32.145409
-25.937401
-10.055974
-5.771880
-10.403005
-0.695819
-1.012664
-4.500540
-3.986930
-3.011656
-0.909499
-2.532463
-40.628540
-19.578350
-4.106790
-13.167177
-35.441128
-28.394245
-14.912695
-15.602545
-21.815157
-4.178736
-2.974122
-8.638748
-14.848242
-5.886509
3.106972
3.532715
-29.101442
-8.603889
13.198770
-5.631090
-17.694790
-4.954221
-1.956631
-0.728133
-5.432945
0.204929
1.134688
-3.909468
-1.357978
-7.080951
0.010418
-0.968883
-11.802826
-0.567585
1.744900
1.933367
-4.491979
-1.474198
-13.806773
1.119203
-3.324198
1.809551
-2.265712
-5.746646
0.246384
-13.677458
-4.924852
-5.646959
-14.852608
1.123594
-5.110898
-6.201743
-4.024519
-7.708458
-18.008602
5.154346
1.592813
4.185360
0.316207
-4.268064
-1.508400
-10.009571
-5.843406
-11.216669
-19.772806
-0.286468
-7.986311
-11.457708
-3.968755
-10.453535
-8.927515
-3.066920
6.518374
7.491883
3.503550
-1.169041
1.070678
-16.508671
-8.555647
-16.150064
0.759103
-14.020106
-19.973671
-19.247875
-12.691301
-17.272741
-23.957642
-14.913809
-8.117598
-20.187996
-10.535902
-12.863886
-11.587748
-27.554031
-6.085202
-14.954917
1.838774
-19.438595
-19.679523
-17.892540
-12.251837
-17.145378
-21.265043
-16.491207
-14.010468
-22.287350
-17.623781
-14.197697
-22.363430
-32.804848
3.528861
-9.840531
-7.784615
-19.049673
-14.326828
-10.050108
-14.203647
-9.822704
-6.271941
-10.538487
-12.185711
-17.022570
-7.783812
-10.729117
-7.730746
-16.626444
-6.229665
-9.955951
3.156115
-4.660501
-5.456475
-0.563822
-4.536990
-5.851463
-2.438143
-7.031915
-4.273282
-6.394409
-6.750805
-7.867598
-3.665714
-14.418711
4.421912
1.998118
1.079156
-0.123929
-4.836505
-1.330619
-6.822478
-8.212511
-2.142594
-9.591666
-5.192176
-7.990904
-9.709639
-13.246774
-14.142752
-16.200632
9.558518
-3.798160
-19.385147
-6.220778
-0.783296
-5.535764
-0.636549
-6.575764
-1.772088
-5.819083
-4.862306
1.251141
-10.018018
-0.467406
-7.582023
-7.613910
0.159208
-3.873816
-9.312459
-3.740117
3.505252
-5.123521
-7.135807
-5.805085
-2.529312
-1.379320
-0.448310
-0.287679
-7.799220
-1.222716
8.237084
0.365676
0.858775
-6.409784
-8.174337
-2.487092
-2.499272
-16.000235
0.471028
-8.962917
-3.828662
-6.382342
-0.564007
-4.959115
-3.421634
9.726851
17.978447
16.404919
8.463841
-5.496314
-6.583620
-3.372963
-3.593093
-3.856393
-4.094788
-5.134739
-5.924705
-8.477734
-4.938701
-7.774026
-8.756981
21.644579
23.038361
16.175411
14.880983
8.461098
13.079877
6.068073
9.651349
12.589510
12.965344
12.349448
10.205181
16.325197
11.634076
12.244493
14.162692
10.601731
14.467193
17.932623
-8.807733
-6.691232
-4.184340
-6.448532
-4.486127
-2.176607
-1.670679
-2.220048
-5.062305
-3.573755
-4.050196
-3.143220
-6.369184
-8.462429
-4.149694
-7.177838
-7.779956
-6.735837
-5.464400
-7.044647
-7.707359
-7.871857
-5.939086
-7.810600
-9.582703
-11.276469
-2.910887
-5.797466
-12.065706
-15.095428
-15.924909
-13.384188
-14.943752
-10.481895
-10.658381
-12.385235
-13.688082
-16.116011
-14.040910
-15.509353
-17.463373
-21.604065
1.801048
-0.319180
-8.274913
-18.453371
-16.460966
-21.335966
-8.486488
-9.619998
-11.195297
-5.877110
-10.751996
-15.511590
-11.940756
-16.387148
-14.410399
-22.601910
-9.099455
-11.926884
-13.482558
-15.004854
-15.411980
-19.800455
-8.133287
-7.722090
-7.614079
-0.892996
-3.064556
-3.479856
-1.068463
-1.461997
-1.824957
-2.619185
-5.072109
-5.748009
-5.592201
-9.014537
-3.780885
-12.176629
-4.781422
-4.015834
-5.896004
2.099161
-0.169823
-0.055329
-0.162729
7.336389
4.249389
2.768243
2.292923
4.843658
7.267110
7.808031
12.367460
12.321402
12.132518
1.821094
-0.005789
1.111821
1.555389
2.524745
0.818549
6.272887
2.417299
5.249302
-9.318405
-10.270623
-6.520384
1.826353
-0.659720
2.725289
3.462148
-0.437371
-1.481580
-0.958957
0.234712
1.277845
2.564229
4.548838
1.530147
3.741549
0.608710
-6.247235
-6.275468
-0.270965
-2.793847
0.998549
-0.150850
-1.701120
-1.400684
-8.865893
1.182955
-1.978181
17.838758
20.934853
8.094329
15.131326
1.437653
6.822142
1.631362
6.448864
3.141481
6.341079
7.130714
1.482126
6.195068
3.635723
17.350657
13.539103
14.221912
12.127811
-3.076810
-1.811772
1.038010
-7.752310
-9.207093
-2.791110
-9.403467
-4.041564
-5.601187
0.375319
-1.285721
-2.333714
1.690312
1.610717
1.614860
-0.743296
-2.586524
0.786257
4.088804
-4.846431
-3.603406
-2.297390
-5.548325
-1.098666
-3.303248
-1.465589
-2.943939
-4.988811
-7.009579
-4.128728
-8.993670
-9.228783
-5.393923
-4.030179
-5.841568
-8.413640
-3.894140
-2.900496
-2.821985
-0.706443
-3.890672
-0.177016
-3.091055
-5.666744
-4.185988
12.580201
2.575456
1.879688
-1.048540
-3.187370
-3.516277
-5.078703
-2.370568
2.803191
5.436436
4.243221
1.794257
3.121240
-0.714220
1.124594
-2.588437
-0.966040
0.403145
-0.537236
2.073732
0.886308
3.159453
2.373012
1.879558
6.375533
3.895648
4.362048
1.763173
2.368724
1.534734
1.159756
1.475600
1.041483
-2.122002
-0.658097
2.551282
-2.513374
-0.551739
-0.231032
0.212931
2.672503
2.452397
1.887148
1.468032
2.538536
3.315905
2.752386
0.720499
5.977143
3.548627
7.152881
7.696533
11.559660
11.548072
-2.320635
-2.414125
-2.382369
-2.111002
-2.190722
-2.158475
-2.850493
-2.126574
-1.108997
-0.696571
31.584171
33.293598
25.772158
23.713631
16.633577
21.749296
13.651566
19.279541
22.491589
23.212826
22.716169
20.775087
26.968746
23.787367
23.109781
22.539097
11.780992
16.262455
21.235472
-6.782351
-5.468427
-4.116817
-10.299183
-9.015088
-6.746101
-6.982038
-7.661760
-11.067575
-12.821201
-4.148941
-10.277958
-16.624186
-24.960186
-21.075508
-24.189775
-11.035131
-12.709685
-14.340041
-14.692556
-15.839293
-15.827215
-15.576780
-16.281769
-18.972284
-26.382139
-13.395516
-22.116125
-24.532732
-42.869404
-42.402618
-40.604630
-36.723724
-34.116791
-34.463261
-28.565872
-29.648363
-30.342855
-27.408220
-26.592918
-27.325268
-36.825535
-7.075874
-10.352509
-17.801172
-48.024242
-43.181637
-49.364548
-38.292698
-34.565659
-32.777618
-19.078701
-23.031425
-26.958202
-21.211611
-22.914381
-22.265095
-31.257805
-17.467833
-19.697392
-25.688450
-32.117599
-29.354845
-39.133820
-17.687014
-13.924929
-14.017616
-4.477056
-4.366927
-3.712217
-2.856422
-0.376527
-0.479412
0.326048
-8.664047
-3.718044
-6.369503
-11.710390
-9.243090
-17.402494
-6.806612
-7.909712
-8.772943
-1.780169
-2.339211
-2.809139
-3.700141
3.176143
1.796511
1.473011
-3.638833
4.985260
5.251873
6.787879
4.723820
9.002448
3.961847
-5.396155
-3.469127
-5.215466
-2.136066
-2.348358
-2.250114
-0.907842
0.125031
3.757386
-12.326086
-6.255515
-4.830598
-0.328868
-6.408434
2.311440
-0.805031
-4.711793
-3.826976
-8.318269
-5.106750
-3.627499
-2.977577
-2.262853
-1.258168
1.749957
-5.950246
-4.473125
-8.400726
-6.661433
-10.741141
-5.997548
-8.085354
-1.522622
-0.810970
-6.924562
-4.139339
-3.243321
22.084162
24.382792
7.943852
19.013456
-2.456886
5.011077
-2.370074
-0.994890
-0.840914
0.838158
-4.912765
2.526879
7.743279
6.794169
15.901974
13.120770
9.886821
10.621706
-5.837635
-3.156177
-7.294613
-13.413143
-15.578648
-8.813893
-6.680077
-8.424329
-17.488918
-4.555856
-3.685823
-3.957579
-1.612312
-2.110315
-7.934754
-13.604033
-1.838413
-6.902072
-7.700106
-12.121626
-8.391446
-6.749527
-7.527150
-7.230013
-6.884211
-8.261525
-7.371326
-11.506420
-7.190105
-9.327711
-18.848478
-25.796078
-6.263128
-16.818619
-13.761355
-13.569192
-9.315113
-7.484840
-7.723098
-9.939075
-9.527564
-5.149275
-6.566922
-7.866725
-8.981313
11.721465
-5.708397
-10.119589
-1.866786
-8.900748
-2.593566
-11.795352
-10.662303
-5.949818
-2.138799
-1.828335
-4.469666
-0.709579
-6.289827
-2.720077
-8.053474
-6.325578
-5.320541
-13.087790
-1.629766
-5.926081
-1.894007
1.445616
-2.654309
0.640798
1.785179
3.438774
1.734950
2.054992
0.489154
0.864509
1.121169
-1.362032
-0.694856
-1.924595
-2.090751
-7.118756
-4.197100
-1.028058
-5.182721
0.192487
-3.630451
-3.744821
-0.236698
0.930364
0.914266
-0.562314
-2.660362
2.424291
-1.340237
1.532314
3.284044
8.150462
5.292335
0.229253
0.394747
0.806447
1.144243
1.473240
1.547132
2.182220
-0.097355
1.575426
1.338458
-29.973429
-30.684244
-22.642151
-19.917093
-15.204302
-20.682198
-10.226377
-16.902689
-20.635088
-21.435925
-20.009708
-17.793217
-27.816977
-23.811680
-22.231169
-26.712772
-35.538368
-39.537640
-40.389465
-17.519289
-16.310209
-21.626339
-6.019858
-9.053891
-12.405796
-11.992359
-9.085213
-7.370274
-11.896551
-13.937538
-11.963076
-13.900967
-40.901649
-43.476040
-41.094231
-22.219276
-19.831665
-27.760265
-6.712990
-9.246929
-11.292891
-10.236496
-7.304668
-4.565806
-6.916979
-16.514481
-12.916634
-20.063351
-26.061857
-29.850479
-30.276760
-10.210048
-8.681930
-14.170238
-0.482888
-1.920529
-2.845616
-2.349613
-0.970061
1.328735
3.205342
-27.266043
-18.724627
-17.104340
-25.629778
-38.019310
-29.391857
-17.130711
-14.650218
-22.384857
-8.719996
-7.527127
-7.572301
-10.585464
-7.462813
-6.761441
-5.656205
-23.703823
-12.244584
-14.718576
-11.086740
-18.681210
-9.812609
-2.170803
-1.171687
-4.746679
-2.166157
1.424561
0.565862
1.060245
0.748407
0.798711
3.533386
-16.182434
-5.823639
-6.961648
0.748646
-9.423000
5.907900
-1.225543
-1.202448
-1.201908
-2.509974
0.401366
2.073056
2.816666
-4.182957
-4.970391
-2.603862
-11.314282
-8.281796
-9.134237
-8.196332
-17.300537
-7.027950
-9.191902
-0.079833
0.114172
-5.543842
0.041269
1.871141
2.361948
-4.209726
-4.943672
-3.761685
-19.096901
-5.112706
-5.643105
-4.967280
-9.500649
-6.403339
-4.640013
0.351145
1.432262
-1.734620
0.318907
2.927192
3.301753
-5.161850
-4.702072
-4.590418
-13.266191
-5.481226
-8.113617
-4.975160
-4.990235
-7.196561
-7.727925
0.697485
2.002913
3.388310
0.796114
2.297846
-14.016414
-21.503391
-10.828007
-15.000820
0.458187
-5.249976
-6.395602
-6.122802
-10.105933
-10.124278
-12.443754
-4.462945
-8.664776
-10.370266
-20.653330
-13.035097
-20.375940
-26.360508
-2.819903
-7.541071
-5.619492
-6.282789
-0.957021
0.920388
-3.483046
-5.140693
-2.297597
-1.064670
-3.213291
-3.709826
-5.258293
-3.436270
-17.380764
-24.202330
-6.066439
-12.214108
-5.117063
-4.417592
0.658270
1.546455
0.633067
0.428426
-0.306521
0.831793
-1.017566
0.405957
-3.373331
-5.239290
-14.282227
-17.961182
1.187078
1.182892
-2.123164
0.009377
3.555368
7.594675
3.680334
3.051822
3.299664
3.317481
2.456916
3.584591
0.720426
-16.982624
-29.717072
-31.644928
-3.497360
-11.704887
-13.867456
-7.125944
-0.961872
-3.873451
-6.906827
-5.225103
-2.929691
-4.504040
-1.571036
-1.857571
-7.433508
-6.925361
-7.828642
-9.481315
2.627217
-2.696570
-4.921391
-3.807400
-1.273254
-6.922621
-8.256989
-9.222479
-1.297743
-5.420279
-1.017768
-2.155113
-2.421267
-5.750807
-6.802744
-4.889705
-1.084680
-6.487322
-7.319372
-0.801482
-0.680437
-8.933113
-4.042612
-7.992193
-3.284162
-7.608021
-4.791124
-6.703178
-4.818358
-8.666537
-11.382668
-9.176655
-2.600775
-16.671854
-15.466003
1.837537
1.871946
1.747987
1.716199
1.351726
1.486373
1.693661
2.709868
0.660695
0.122333
-33.212654
-34.407661
-26.431747
-24.384417
-18.542307
-22.851160
-15.484757
-21.294197
-24.988918
-25.926460
-24.580477
-22.155991
-33.198994
-28.628376
-28.576418
-30.074919
-30.198706
-32.691170
-36.027237
-5.736851
-6.546489
-6.021522
-6.938767
-9.157099
-10.011583
-11.199198
-10.680312
-7.929989
-14.692654
-12.287110
-12.080587
-7.207188
-9.917475
-14.218158
-14.789810
-13.351200
-12.975044
-12.532131
-9.731404
-9.233128
-9.813321
-11.374630
-8.282315
-6.662297
-12.604572
-12.259524
-13.623134
-8.382235
-18.396587
-21.300667
-22.041967
-15.846375
-15.586215
-16.703493
-14.139410
-11.335973
-10.567933
-11.336755
-6.836253
-3.761779
-8.282606
-37.515354
-33.495354
-21.237780
-17.212151
-25.809498
-22.069447
-14.848659
-13.161994
-18.842787
-17.316450
-11.588289
-7.785168
-10.732365
-7.584001
-5.079814
-6.549322
-24.571882
-17.657171
-13.649805
-10.136384
-15.981741
-11.445956
-8.815684
-8.598804
-10.860134
-7.269555
-6.909052
-6.496819
-10.289451
-10.826387
-6.027490
-5.456305
-14.758762
-11.581841
-10.743764
-4.976361
-8.381957
-10.599531
-8.138481
-4.939643
-5.260177
-1.002539
-2.457364
-2.026379
-5.200047
-11.509481
-8.170015
-4.355089
-15.065446
-25.441723
-29.165581
-13.092632
-20.015419
-19.460665
-24.195854
-4.302841
-2.641557
-1.906014
-4.420059
-1.386230
-2.731232
-6.507256
-4.828816
-1.200252
-7.649413
-17.368740
-16.084946
-5.337890
-8.164784
-5.927103
-8.664684
-2.324642
-2.938443
-4.254164
-5.241488
-2.503563
-3.730522
-9.365584
-5.265507
-5.452067
-8.009388
-10.218465
-5.933358
-1.401577
-4.066086
-5.639665
-2.433589
-2.805660
-2.339962
-4.665938
-5.196302
-3.992536
-27.530439
-29.434391
-14.125431
-22.301830
-21.738991
-29.289156
-20.901255
-17.643883
-18.842060
-21.199297
-19.848169
-11.672535
-15.521811
-14.274310
-27.382500
-24.837036
-26.178858
-28.069855
-1.557374
-6.732965
-8.631123
-9.231135
-9.144957
-9.468587
-8.704143
-10.150454
-12.376493
-7.682119
-6.913997
-6.808591
-13.086939
-9.456413
-16.236435
-12.486775
-4.268047
-13.649184
-16.465778
-7.094841
-3.913844
-3.749872
-3.041134
-2.904351
-2.960905
-2.570128
-2.526174
-5.079990
-7.976637
-4.661564
-13.449331
-12.770268
-6.531468
-13.172478
-13.681764
-6.435090
-2.346056
-1.578619
-0.702276
-0.185899
-1.888313
0.762698
0.379369
-0.960834
-6.062648
-24.331892
-24.004881
-25.227945
-14.289062
-13.408957
-10.097760
-5.516002
-8.032372
-6.112697
-9.667287
-6.933904
-5.141662
0.078363
-0.037008
-2.630849
-8.572955
-10.302730
-7.941348
-8.048956
-5.215217
-5.802222
-1.310958
-2.170936
-3.670754
-3.454787
-6.677247
-3.022296
-2.496954
0.773289
-0.099454
-0.317962
-3.187050
-7.661566
-8.912144
-8.526910
-5.506200
-10.343673
-6.879810
-1.947955
-4.372976
-9.116077
-11.515594
-9.384484
-5.159665
-7.112378
-5.642548
-7.281113
-5.368369
-22.378002
-22.940302
-30.385756
-21.965664
-25.786354
-21.209692
-0.848252
-0.920966
-1.001353
-0.890762
-0.869461
-0.689519
-0.668718
-0.412866
0.281682
0.877581
-4.747838
-5.724137
-3.540934
-2.729231
-3.651491
-6.089295
-4.404317
-4.149933
-4.777261
-5.709344
-5.045713
-4.679845
-10.103354
-8.566282
-9.781336
-10.132001
-21.120878
-20.893854
-17.693123
-15.630206
-15.263991
-18.351656
-14.808322
-14.406883
-12.275469
-14.250638
-11.856811
-12.315465
-19.210213
-18.740400
-19.829090
-20.069515
-32.108063
-30.503458
-28.503624
-23.195414
-16.573195
-20.235416
-18.349834
-19.380360
-17.452454
-20.138824
-19.694588
-20.327435
-28.282675
-27.326393
-28.880356
-27.363615
-34.966045
-34.216293
-35.207382
-22.653946
-17.331656
-17.544508
-15.976686
-19.839493
-19.152987
-21.254509
-22.564394
-22.579006
-33.385738
-31.043110
-35.684357
-31.226070
-37.547565
-39.757580
-39.211315
-27.675068
-21.517700
-21.795679
-15.391374
-16.970274
-16.268551
-19.284840
-17.246553
-15.188175
-23.950525
-30.611851
-33.085949
-24.470320
-24.700031
-28.794233
-30.713633
-20.614733
-16.389952
-14.012540
-9.039783
-7.010433
-4.997222
-7.095949
-5.483094
-2.469054
-2.435237
-15.889297
-12.342854
-4.048978
-6.058296
-12.295492
-11.326055
-13.983021
-11.717369
-13.339729
-8.847141
-6.286187
-5.547737
-6.041945
-5.000635
-1.962785
0.273552
-9.571320
-6.767787
-4.720427
-1.454581
-10.230405
-10.021145
-9.160872
-2.678960
-5.424137
-5.483615
-3.257270
-1.415834
-3.257414
0.205455
1.561770
3.902573
-10.823646
-8.730889
-7.611383
-6.287801
-14.273732
-12.299179
-9.171877
-4.311328
-4.737802
-2.827856
-1.466172
0.241220
-2.251871
0.742697
2.109706
2.658588
-12.008405
-17.130308
-14.864287
-10.561935
-12.581956
-10.657272
-9.838812
-3.561013
-1.460203
1.420003
-0.229804
-1.040142
-9.343559
-9.896862
-3.596909
-8.843217
-15.814725
-22.038492
-16.454597
-15.277452
-11.365595
-17.428907
-18.993896
-7.926556
-6.707902
-5.761256
-7.097438
-8.932312
-19.900894
-24.915234
-9.534965
-19.309980
-25.201414
-25.594227
-21.806625
-21.463814
-15.276641
-22.018581
-21.957085
-8.100699
-5.621048
-4.285686
-9.194207
-8.706069
-18.009256
-23.207386
-8.518921
-20.251575
-18.140018
-26.301741
-22.037813
-16.808287
-15.807156
-14.273234
-14.361128
-7.828836
-8.166040
-7.490665
-10.746615
-10.214575
-15.275210
-14.469518
-7.037489
-14.874675
-5.459955
-13.465501
-14.038391
-12.008391
-10.404677
-9.666611
-11.375450
-5.198072
-7.447513
-6.396353
-6.307373
-16.352016
-14.094172
-14.533348
-6.682940
-14.650396
-6.800899
-8.916448
-6.509571
-8.844628
-12.742031
-10.463833
-7.537939
-4.935751
-3.859964
-8.415338
-7.151486
-19.654474
-16.130810
-16.107147
-5.981552
-12.316039
-9.347796
-5.997058
-3.174782
-6.371860
-14.664529
-10.943657
-3.783350
-5.252032
-2.294357
-6.088438
-5.760093
-18.374449
-16.506470
-15.042353
-10.526093
-9.040795
-8.718220
-2.966462
-1.700006
-5.048612
-8.952119
-10.683009
-2.915489
-5.056397
-1.618699
-5.105327
-4.645302
-11.938757
-12.428312
-11.921081
-6.439542
-5.141340
-8.287784
2.155686
2.247194
2.253701
1.884540
1.648460
1.479445
1.351298
-2.743034
-3.667466
-5.577793
-33.120968
-39.078697
-33.888756
-30.031450
-23.387814
-30.247063
-18.820585
-19.999781
-19.322937
-20.434416
-16.635561
-14.334199
-21.500132
-29.373558
-26.077305
-23.679560
-30.451246
-38.526257
-36.693165
-14.829766
-12.901590
-18.395027
-12.317090
-11.329737
-12.164915
-12.708435
-10.187139
-5.033316
-9.258435
-23.656282
-20.226521
-11.686199
-11.440468
-22.649042
-13.860942
-14.715323
-11.148840
-14.637790
-9.788891
-8.112829
-6.757632
-8.805582
-6.195528
-4.240401
-5.772598
-23.438057
-14.549352
-12.091665
-14.401541
-25.333933
-17.909702
-5.342375
-5.881299
-12.270855
-7.553676
-8.560053
-10.337626
-12.105234
-9.729157
-8.446629
-12.680096
-42.896366
-32.127598
-25.340315
-18.058239
-33.133896
-18.916328
-11.266466
-13.368020
-18.828714
-9.523355
-7.168411
-7.933933
-13.908525
-11.791000
-8.943272
-7.174245
-38.019695
-23.457329
-13.957535
-16.030262
-27.889194
-7.625260
-7.394162
-10.237045
-13.812495
-8.675809
-6.027190
-8.416785
-10.366788
-10.780811
-6.870764
-2.753691
-26.069954
-15.192677
-13.354671
-9.536364
-19.377012
-5.243822
-3.248299
-5.880459
-5.833345
-10.201826
-5.212457
-7.124503
-8.611551
-13.983625
-7.604810
-4.516405
-38.571045
-22.514677
-18.976805
-17.729069
-27.970018
-23.183716
-18.690489
-5.728877
-4.991806
-9.442797
-7.782686
-7.440489
-8.240347
-12.975146
-6.180371
-5.422388
-24.427177
-13.723391
-11.875565
-15.151534
-20.069324
-17.091793
-16.835804
-5.111433
-3.074846
-7.660188
-7.150141
-5.948212
-8.064289
-19.849054
-9.141491
-13.395595
-22.081509
-15.916416
-11.526759
-16.077740
-17.097374
-16.202087
-19.497379
-5.985085
-4.009511
-10.620611
-10.568823
-7.794508
-31.023823
-44.866230
-8.803549
-31.162638
-31.425371
-23.942310
-13.846550
-18.311766
-14.248894
-17.415874
-24.037064
-9.784595
-10.767762
-15.286390
-18.367243
-18.071377
-32.968781
-46.460163
-5.033474
-24.913239
-25.183968
-12.229666
-6.621936
-8.207171
-3.892266
-8.477386
-10.585427
-9.991776
-8.163521
-8.973145
-8.474463
-10.614406
-19.724861
-28.389351
-9.760231
-24.313530
-13.125813
-6.140464
-3.010896
-4.186791
-4.168456
-9.170616
-7.164257
-8.060792
-5.457771
-8.525517
-3.963293
-5.725005
-16.950642
-22.862312
-7.318898
-16.382675
-10.382882
-6.484483
-9.043434
-4.132628
-3.779543
-10.392122
-6.648605
-8.734284
-5.214799
-11.154863
-4.374218
-24.716146
-27.969629
-36.812737
-14.658930
-22.540771
-24.291697
-7.010329
-9.134587
-14.585427
-13.910700
-21.191063
-11.968878
-13.594581
-7.586109
-9.996849
-10.830007
-21.394014
-26.323309
-34.958469
-17.943281
-22.013996
-20.580891
-11.514310
-7.813745
-16.896564
-15.893869
-21.569824
-9.187857
-10.430722
-4.702576
-7.998717
-11.000725
-18.380190
-14.770421
-24.925444
-9.797215
-16.074905
-15.358659
-5.665757
-7.571397
-18.113321
-16.479921
-19.701197
-9.739554
-12.607372
-7.153562
-9.600858
-11.400961
-18.151852
-10.344913
-18.714968
-17.801636
-25.138119
-27.591839
-4.104592
-4.399644
-4.692726
-5.009534
-6.033632
-6.934198
-8.740918
-5.296894
-6.230369
-6.658073
-15.866966
-17.650433
-13.439670
-11.219176
-11.365591
-15.635879
-6.078015
-7.021260
-7.138767
-8.855387
-6.750130
-5.970082
-10.406949
-15.562360
-13.192516
-6.584076
-20.561682
-20.103779
-15.745790
-15.262877
-13.143853
-15.690267
-10.921398
-11.122499
-10.456088
-11.623351
-11.021919
-10.751103
-16.885986
-14.775980
-15.199032
-15.625924
-18.340342
-15.966487
-16.546322
-3.671516
-4.050618
-1.520899
-3.237968
-4.247662
-3.809460
-3.842789
-4.771825
-4.956101
-8.322278
-4.945429
-4.499762
-5.684584
-5.794265
-4.681864
-8.039635
-5.564882
-4.571667
-3.134036
-0.838467
-1.799192
-1.787449
-2.010114
-2.568424
-3.131877
-4.774467
-8.727179
-2.865372
-3.143548
-8.488854
-9.687928
-9.859702
-7.620280
-7.349591
-4.803182
-3.968086
-2.959731
-3.369938
-3.843606
-3.303665
-1.835708
-3.699251
-6.594098
-3.951062
-2.464318
-7.576961
-11.253886
-6.836842
-8.237053
-9.502725
-7.744979
-6.954132
-4.288221
-4.776047
-3.758174
-5.307480
-1.752989
-3.883962
0.567277
1.975021
1.734441
-4.671049
-6.545650
-5.062216
-8.796885
-5.755063
-6.661700
-6.398927
-3.438959
-4.386721
-4.302080
-6.950284
-3.508795
-4.579658
-11.160906
-5.708395
-6.175407
-11.290320
-10.243566
-15.391381
-16.548262
-2.246525
-1.258649
-0.493493
-1.373254
-1.497702
-1.301034
-5.461254
-2.826216
-2.377737
-3.548978
-4.059769
-7.788387
-9.636376
-5.396761
-10.134585
-13.711020
-1.746480
0.371924
1.775612
-0.757812
-1.116529
-0.921318
-5.011433
-2.285514
-3.190629
0.191453
-5.604966
-8.625471
-6.751222
-2.358147
-6.760457
-8.291090
-3.232565
-2.470206
-1.252246
-1.751968
-2.679406
-11.003315
-20.310425
-2.137917
-15.550645
-11.969688
-12.154112
-11.365879
-7.661787
-3.347853
-10.495501
-8.863941
-5.683460
-3.414504
-2.418000
-3.124684
-4.658381
-6.953509
-12.074795
-3.969490
-9.528498
-1.558987
-9.362195
-10.327085
-7.744726
-6.460497
-8.293718
-6.846660
-5.935843
-4.068126
-3.169464
-5.047969
-7.241756
-2.632401
-3.483709
-0.805893
-0.979117
3.130486
0.178331
-2.444520
-2.547258
-2.036299
-3.538466
-2.734107
-3.521647
-1.948234
-1.303486
-1.597517
-0.865818
-0.051015
4.197319
-1.170896
-2.861796
0.705310
1.016389
-2.213073
-2.129371
-2.932829
-0.664229
-0.136850
-2.191890
-0.615415
1.380340
-1.617454
-7.316394
-3.874383
-0.655752
-2.239524
-2.058425
-4.118115
-1.143932
-0.544438
-3.421260
-6.940019
-5.158294
-1.520415
-3.672162
-1.269355
-3.580040
-1.324835
-5.594914
-4.177589
-2.370951
-3.623313
-1.311221
-3.174025
-1.715212
-0.302281
-2.708266
-4.442116
-4.890044
-0.156094
-0.782950
-0.047009
-0.210930
-1.607274
-1.001617
-0.639802
-0.065460
-0.096545
0.343157
0.545939
-0.248677
-0.345682
-2.440020
-2.800205
-1.856331
-0.028419
-2.091089
-1.267698
-1.508231
-1.739583
-3.564198
-1.391952
-2.858363
-6.028550
-7.392631
-10.123756
3.849676
4.132017
4.319567
4.132013
4.697705
4.965001
6.299752
-1.302217
0.741082
-0.956040
-47.436398
-53.082901
-41.536972
-36.459919
-27.376217
-37.444111
-18.867720
-24.802406
-27.012354
-28.931816
-23.193623
-18.353041
-30.771088
-40.147030
-33.557770
-30.789831
-35.866085
-44.621490
-46.567894
-16.509628
-12.531605
-17.846384
-11.470194
-11.184793
-12.917391
-13.799940
-10.747125
-5.723147
-10.197590
-23.876724
-21.464304
-11.397790
-13.773228
-27.964390
-24.202324
-18.118570
-13.647689
-19.306694
-12.735643
-11.224672
-11.380032
-12.631742
-9.913326
-7.101742
-8.392090
-22.516598
-17.657743
-12.485057
-14.169418
-30.316154
-23.721819
-4.862685
-3.753997
-10.582509
-10.745643
-10.700276
-11.947884
-13.523815
-11.780117
-10.286446
-9.726360
-50.694801
-43.163170
-33.096794
-25.368542
-50.231354
-34.695698
-15.431446
-16.800734
-24.588285
-13.922036
-11.105932
-9.649551
-20.688513
-12.226171
-8.801283
-3.323597
-47.134480
-29.542824
-15.812611
-13.453218
-29.634899
-13.949851
-9.486557
-10.507890
-15.541366
-7.315081
-4.963695
-7.388623
-9.548612
-10.246794
-6.582106
-1.200909
-25.619373
-13.897783
-10.055384
1.744741
-12.055675
4.913902
-5.984025
-2.621635
-2.148600
-4.893866
-2.593798
-3.719309
-2.759364
-14.032880
-9.276653
-2.966948
-35.604393
-26.438444
-21.386913
-14.675803
-25.472601
-18.738522
-10.880912
-0.389009
-3.123950
-6.570258
-5.936871
-3.954709
-6.451985
-10.942607
-5.928249
-6.946927
-23.263464
-9.644590
-4.852503
-4.583557
-11.716460
-5.548996
-0.206648
-4.005320
-2.844590
-5.051962
-3.113312
-2.495362
-5.507450
-11.713799
-5.700010
-9.990576
-17.348093
-3.332457
-3.308432
-3.300236
-5.514107
-6.048668
-9.876322
-3.813543
0.937686
1.809159
-6.496241
-3.919971
-31.555170
-43.955002
-13.110925
-30.857332
-15.097599
-16.883291
-12.431930
-8.518829
-10.318030
-9.732072
-20.661575
-9.447509
-11.566446
-15.307334
-32.158974
-19.491343
-34.731655
-44.048389
-4.300890
-13.008499
-23.383547
-12.582800
-6.440930
-5.442906
-3.213624
-4.649562
-5.573971
-3.377215
-4.073264
-6.530095
-9.817071
-5.915296
-21.488441
-27.488956
-9.276831
-23.586168
-19.610849
-7.570069
-0.548820
-2.398704
1.707345
-4.289519
-2.873493
-3.253933
-0.802246
-5.140659
-0.966335
-3.452362
-15.862993
-22.063881
-4.395580
-9.062054
-8.251452
-6.596107
-6.830346
-1.182097
0.184228
-7.505364
-3.724159
-6.168290
-3.505023
-8.978621
-4.302928
-30.460033
-36.666168
-46.151302
-9.838384
-20.928982
-26.141569
-8.420346
-10.218163
-11.096576
-13.441672
-18.764858
-11.230606
-11.224438
-7.115809
-7.942831
-18.806988
-19.179104
-22.315628
-28.822498
-10.700503
-18.120401
-19.134018
-11.146146
-7.319322
-15.141651
-17.178860
-19.276569
-8.728267
-8.033751
-4.837664
-5.309988
-11.670137
-17.829420
-15.349888
-24.125973
-10.395646
-18.223742
-19.254324
-5.719987
-5.284097
-23.569130
-13.248992
-17.583475
-11.694438
-14.162723
-10.325974
-11.754091
-10.324780
-23.833637
-14.679697
-25.312994
-19.104481
-31.062378
-30.598648
-4.157538
-4.406197
-4.520500
-4.513224
-4.751558
-5.037601
-5.960896
-5.309343
-4.488992
-4.591940
-22.617342
-27.114496
-23.438787
-20.616682
-20.219656
-26.295141
-10.628770
-12.954391
-14.842006
-15.696828
-12.842334
-10.532241
-18.799044
-21.503031
-18.373213
-9.921191
-21.186077
-23.851477
-25.636969
-12.572232
-15.825919
-17.680481
-11.551657
-10.422297
-10.098142
-8.290765
-7.498495
-7.177666
-9.024940
-3.408713
-8.202002
-18.287380
-20.152428
-20.225950
-19.150036
-3.099007
-7.904922
-7.085915
-3.892235
-5.344959
-6.756603
-6.540369
-7.489522
-8.470953
-10.019103
-10.366019
-9.476055
-15.518558
-16.366449
-16.803741
-19.836012
-13.119433
-11.126481
-14.020615
-5.588946
-7.404138
-8.289839
-9.472721
-8.495185
-10.732918
-12.231208
-26.939161
-13.296324
-16.375153
-34.642567
-40.650745
-33.821346
-27.018080
-23.787182
-24.220589
-17.434168
-14.798265
-16.101961
-15.930421
-17.054422
-15.109999
-13.638884
-18.752684
-14.524197
-16.446590
-31.219780
-40.094341
-31.397116
-21.893393
-20.216373
-20.295767
-15.733212
-13.567988
-12.957516
-11.460759
-11.514932
-5.125617
-4.218931
-10.534233
-10.161791
-14.947819
-15.919829
-21.972038
-18.632244
-13.052397
-8.742976
-11.376466
-12.516536
-6.958246
-6.152165
-5.942910
-8.996552
-6.529455
-5.264141
-34.476448
-11.770821
-14.033537
-13.653237
-16.059116
-21.912012
-25.602819
-5.914897
-5.069397
-3.968575
-2.418440
-3.035417
-3.296033
-7.943429
-5.470619
-3.897083
-9.258367
-2.965178
-8.884672
-7.205317
-3.401792
-4.978537
-8.635458
-5.363470
-2.280543
-2.351197
-2.718874
-1.148773
-3.118791
-9.253447
-5.203398
-3.987360
-9.146397
-7.237093
-8.502370
-9.936479
-7.395271
-10.520904
-11.094012
-3.107671
-2.659408
-6.181348
-5.117600
-2.099634
-18.789452
-33.273689
-6.754466
-23.755077
-24.696249
-20.982145
-16.767742
-12.903689
-10.418636
-21.743073
-22.424850
-5.068318
-3.775726
-7.403783
-10.164555
-9.058033
-11.491699
-15.484751
-6.034885
-5.732918
-12.185127
-14.005210
-10.587271
-11.751592
-7.387080
-12.891364
-9.235565
-4.426896
-0.711254
-1.924038
1.356950
-2.843269
-10.345380
-15.285627
-2.186940
-3.644160
-2.999364
-3.628184
-4.142486
-5.242894
-2.165792
-4.686045
-3.544924
-5.718608
-2.805316
-6.167424
-1.387791
-3.317661
-14.002482
-8.665107
-2.996573
-7.731111
-5.164661
-6.119267
-8.880502
-10.472980
-9.823052
-5.172976
-1.883427
-8.548491
-3.026305
-2.887921
-6.298705
-9.048448
-17.604982
-19.795122
-9.394002
-9.805070
-9.232526
-9.027886
-7.241589
-15.722252
-19.473553
-14.101002
-6.751079
-6.983487
-4.217024
-6.574896
-8.532260
-5.119823
-7.348805
-9.889981
-9.491871
-9.646493
-6.868193
-8.239076
-5.249073
-11.510868
-4.770607
-6.491959
-1.765346
-2.302669
-0.527899
0.956977
-2.220832
-4.738876
-4.470716
-7.478755
-1.688631
-6.478415
-3.667413
-1.075640
-0.642800
-7.216319
-5.252688
-3.444064
-5.504936
-5.854051
-3.841444
-4.783939
-3.770870
-15.948340
-13.282961
-13.833054
-10.837504
-22.072350
-22.259398
-5.165089
-5.490648
-5.633588
-5.561941
-6.650705
-7.303444
-8.922845
-3.907396
-5.301214
-5.275324
-12.640736
-14.563116
-12.411125
-11.030604
-12.228266
-15.452759
-5.575591
-5.965292
-6.139173
-6.990569
-4.949936
-4.087111
-7.237495
-13.012967
-9.475020
-4.654797
-29.065681
-28.493252
-21.477287
-21.933842
-18.592003
-23.765083
-16.115513
-18.372807
-18.889435
-20.428490
-20.084867
-19.904848
-29.811779
-23.674057
-25.537001
-28.588097
-31.824089
-29.282742
-30.497454
-8.439901
-7.361409
-6.365421
-5.971231
-8.678363
-8.524171
-8.673385
-9.816808
-9.869167
-15.302985
-12.080809
-11.032448
-13.158264
-18.178169
-17.587912
-20.922873
-14.451448
-10.414411
-9.118876
-3.915641
-6.155484
-6.313726
-6.711483
-7.237459
-7.024394
-9.611925
-12.836757
-7.224325
-7.468109
-14.829906
-16.173603
-16.652811
-12.507270
-9.796195
-7.143196
-5.205786
-4.753132
-5.414234
-6.268360
-5.953000
-3.932256
-5.876001
-13.864645
-10.824886
-8.447421
-7.960315
-13.318738
-9.473700
-9.031746
-9.350909
-8.580647
-7.892284
-4.828875
-4.173372
-3.321266
-4.613053
-1.750773
-2.777900
-3.825593
0.053374
0.258999
-4.911564
-9.316542
-6.341383
-7.820704
-7.155287
-9.114347
-7.901521
-4.188887
-5.034295
-5.425948
-7.192035
-3.735439
-5.455527
-15.077993
-7.861515
-8.034968
-11.330341
-11.338559
-15.242644
-13.095808
-3.980863
-2.757641
-1.078181
-1.528505
-1.665877
-2.213946
-7.865518
-4.049513
-3.942333
-9.954353
-8.161203
-11.687419
-14.723117
-10.690963
-17.249352
-20.870762
-1.788641
0.434122
1.408863
-1.099915
-1.498342
-1.074043
-7.516958
-4.195920
-4.963837
-3.506620
-8.278458
-11.311969
-11.619791
-6.751797
-12.902372
-13.645168
-3.137506
-2.137474
-1.390085
-2.117138
-3.055948
-11.400134
-19.722164
-1.699144
-14.215367
-15.373179
-15.109606
-13.229064
-11.474902
-6.141662
-12.660910
-10.593266
-4.613687
-2.772316
-1.516657
-2.877033
-4.123579
-13.386394
-19.974827
-7.834469
-15.319039
-4.722774
-16.467346
-16.032639
-13.687307
-10.982247
-13.708446
-13.007421
-7.014164
-6.749084
-8.015721
-9.384541
-12.188090
-7.102701
-11.454094
-2.441419
-3.741835
1.809429
-2.934111
-5.374200
-4.951136
-4.742414
-5.757375
-4.888892
-4.654709
-3.340611
-2.668612
-4.056411
-3.426777
-3.863738
-1.462844
-2.021210
-6.807812
-0.741035
-2.794744
-6.157372
-5.426637
-6.575858
-3.548693
-2.410605
-4.272919
-2.926304
-0.871089
-3.917690
-9.522569
-7.585455
-4.946033
-3.275217
-4.025467
-3.510713
-2.578616
-1.817678
-5.757897
-9.956013
-7.232831
-4.353673
-4.935800
-3.610170
-5.561678
-3.501330
-13.761779
-10.849526
-8.969715
-8.040062
-5.545859
-6.375191
-3.854628
-1.989489
-5.790472
-7.766735
-6.899833
-1.812743
-2.330981
-0.896244
-1.720504
-2.714228
-4.982236
-4.213539
-2.501785
-1.085997
-1.191332
-1.132920
-1.224865
0.232500
-2.280829
-3.070158
-2.486355
-0.168124
-1.990697
-1.495001
-1.851682
-1.704610
-5.023005
-4.270781
-2.923540
-6.475254
-7.168977
-8.922380
-8.728075
-9.341292
-10.095963
-10.891063
-12.820532
-14.407666
-17.644501
-13.167184
-14.554456
-15.884424
-43.256268
-48.456680
-42.363644
-37.295338
-36.894573
-47.452381
-26.921478
-29.096930
-30.633215
-33.315369
-29.728605
-28.953037
-43.158615
-45.693336
-44.495262
-36.450825
-70.747536
-72.672905
-66.140419
-54.953571
-49.863926
-57.241375
-35.949295
-38.373184
-38.736595
-38.895790
-36.518986
-35.520466
-50.761967
-47.906628
-51.392361
-59.475178
-62.922211
-63.665089
-63.226963
-32.257645
-27.689537
-24.808113
-17.085020
-19.087986
-18.616688
-18.499548
-19.026554
-18.777699
-26.416088
-28.857492
-23.995440
-32.072731
-29.126942
-29.974876
-39.643631
-20.607107
-14.902093
-14.610456
-9.877458
-12.202697
-12.186202
-13.420600
-15.399243
-16.043701
-23.077118
-35.824581
-35.187046
-31.973984
-23.196472
-31.126970
-27.704012
-22.872864
-21.717028
-18.386856
-14.500657
-10.479096
-9.152904
-13.546229
-17.360241
-13.420989
-13.048679
-41.271973
-36.330280
-23.729971
-22.414471
-33.800068
-23.037226
-20.355839
-22.395924
-23.565186
-20.155333
-13.514474
-11.670809
-11.814529
-14.760400
-8.417384
-7.444072
-19.897881
-14.631605
-10.230631
-9.260950
-15.755846
-15.352463
-13.972137
-10.585635
-14.512301
-18.188807
-10.027452
-8.104650
-10.845825
-11.525534
-5.253218
-4.843028
-32.410686
-15.151212
-13.973168
-16.575344
-21.393826
-30.308254
-25.915989
-2.421633
-3.532315
-2.972471
-3.741793
-3.097418
-4.969338
-9.840871
-6.358558
-4.982996
-15.844086
-13.178750
-19.202091
-12.432897
-9.778451
-18.636749
-26.184118
-0.253305
-0.070703
1.906811
-1.290966
1.136608
-2.600247
-8.762081
-4.318527
-6.185705
-9.155019
-19.715147
-23.279173
-17.216892
-7.269375
-15.447494
-15.811360
-6.402155
-4.505923
-3.293313
-2.500254
-2.920727
-36.534119
-47.421181
-8.791327
-37.951443
-39.445049
-32.933605
-25.005072
-24.464962
-11.695883
-21.259964
-17.955315
-13.049376
-9.437719
-10.866549
-15.810767
-17.039234
-36.851948
-48.927078
-19.238029
-34.884766
-19.832920
-34.179440
-27.718990
-23.348274
-21.049118
-19.537476
-17.643375
-12.418376
-12.619502
-13.943366
-19.902405
-23.116211
-20.848988
-30.639462
-11.189326
-18.519924
-7.752938
-15.525681
-16.064434
-14.497475
-17.300613
-13.725372
-12.913054
-12.471427
-9.355789
-10.249383
-13.510913
-12.245203
-19.004471
-7.414638
-6.136030
-17.662447
-5.731231
-9.764418
-13.429572
-15.923873
-14.178112
-8.068105
-6.911932
-14.516776
-7.422648
-10.293107
-6.298773
-28.975662
-27.190327
-22.240503
-15.142476
-17.134251
-20.358223
-9.113977
-3.248548
-15.207030
-25.146866
-21.685982
-10.656149
-15.730448
-5.840974
-13.033227
-10.452635
-27.146334
-20.361059
-23.714355
-18.072168
-17.445789
-11.994305
-9.110805
-3.295813
-10.351493
-18.961033
-19.750452
-4.520854
-6.406534
-0.444695
-3.219459
-8.259612
-13.160676
-6.107466
-8.993634
-3.487949
-3.755102
-4.258883
-0.509003
-2.955455
-8.759001
-9.487379
-7.863561
-5.577428
-7.362793
-4.482244
-4.439816
-10.567658
-19.609268
-8.105629
-15.160048
-16.963310
-19.757437
-29.694557
-1.369467
-1.315804
-0.920152
-0.419478
-0.652911
-0.640489
-0.775725
-0.623348
-1.447783
-2.022829
2.455523
-1.139174
-2.712878
-2.234293
-3.970908
-6.245639
1.424080
2.850490
3.696489
3.903368
6.335610
7.816091
8.535807
-1.348162
3.717513
6.894816
7.682481
7.582734
8.343679
3.649697
1.562844
0.288241
-0.730274
2.524963
4.857669
5.003307
5.893351
7.418274
7.068042
0.460460
3.853960
1.878627
11.673659
13.548656
10.789549
7.761813
3.284108
4.159100
2.857827
6.273143
10.570129
11.115571
12.689582
13.528423
14.971506
1.497658
10.163177
7.876500
10.845994
10.950363
13.416654
-6.270781
-5.679746
-7.483253
-2.574476
0.846985
3.821886
4.139156
6.043935
8.051992
8.237498
-1.395881
8.488875
6.382548
9.411187
11.852648
17.276554
0.513457
0.212377
1.631742
1.518258
5.150158
7.364780
5.904177
5.957915
9.070554
9.810539
8.887651
11.902943
8.497296
6.090617
5.874849
15.739847
-4.727644
-5.660049
-6.046885
-6.570414
-4.209866
-2.037685
-2.584142
-2.217086
-0.851038
-1.058477
7.742201
11.855438
5.717727
2.006271
2.668288
5.153581
-0.868164
1.685716
1.702000
-4.290503
-0.991305
-0.817853
-1.021015
-0.556923
-0.120246
1.198396
1.288303
11.965558
8.834602
4.497848
5.574028
4.830184
-3.315814
-0.717842
1.076358
-1.815953
-0.264873
0.501295
0.827093
-2.248228
-2.179024
-1.482347
7.972339
16.193777
10.568290
5.300602
6.679452
9.029303
5.366631
3.084772
2.364383
-2.515672
-0.364531
0.338460
-0.378429
-5.503344
-2.679282
-5.413853
4.222952
9.369305
9.054706
5.354706
4.477550
6.156969
10.198217
-0.685451
-1.509847
-6.915743
0.015639
-1.136529
-2.380459
-5.034508
2.200655
-4.700334
-9.504863
7.812597
9.252649
2.375629
4.795176
3.531787
7.886394
-2.532746
0.720925
1.081660
4.438602
3.984005
6.674344
7.487710
1.352312
5.586141
6.592123
14.248844
12.922075
8.727894
11.290105
15.676344
12.650623
0.739591
3.300580
4.433486
4.119608
5.995032
14.786441
15.705056
3.750995
12.665338
6.525598
11.102891
9.375888
9.049960
6.374102
9.415614
10.189604
3.729339
7.351139
7.845463
7.980474
10.698989
13.338221
15.813328
3.662325
5.460208
2.445520
5.129349
3.931523
3.380708
3.855290
5.178982
7.603847
0.217891
5.035244
4.577608
7.820140
12.942142
14.190496
15.617042
0.400095
7.646090
5.219851
7.930088
2.470626
-3.134305
-1.829606
-3.478212
0.975822
-2.364658
1.999482
1.658550
5.922808
15.340800
13.170276
10.921583
-1.547354
-0.143138
3.043639
-0.534667
-4.231949
-5.969517
-3.669213
-3.504755
-0.402186
-1.520494
-0.413357
0.834443
-0.488401
13.189414
10.455307
8.093127
5.548216
-0.029406
0.176846
2.516021
-3.244104
-5.137830
-0.190080
-0.312702
-0.530206
-2.054292
-1.590957
-0.134245
0.109986
11.676833
9.072994
12.019082
1.905423
-0.995081
-4.113370
0.311209
0.462064
0.685896
0.883142
0.892811
0.622094
-0.023409
-2.202258
-0.133091
-0.492586
-41.000866
-42.945900
-33.067257
-29.585207
-23.713980
-30.647577
-20.959589
-27.911285
-32.731937
-34.359379
-31.860188
-29.929453
-47.435585
-41.454628
-40.079285
-38.967640
-37.576572
-42.077015
-45.547211
-13.945187
-14.540938
-15.328486
-13.321089
-13.733698
-14.081217
-16.080654
-13.907888
-12.918089
-18.825991
-20.902077
-21.410114
-12.534878
-28.402458
-29.889423
-33.844852
-32.116478
-27.466198
-30.630619
-18.456020
-19.131077
-18.255285
-18.174238
-14.790733
-14.172255
-15.183573
-22.660633
-21.128183
-22.767994
-30.739096
-32.101269
-38.016129
-26.745758
-20.614491
-23.631586
-16.819420
-16.178076
-13.484207
-13.011676
-10.786796
-8.977889
-9.669233
-41.835228
-35.527256
-28.628988
-30.087761
-42.535980
-37.637428
-30.102659
-26.572573
-31.059959
-22.847763
-17.869923
-14.410033
-16.095209
-12.236725
-12.401453
-10.863104
-29.206980
-19.965845
-15.229129
-21.095711
-29.555382
-21.303114
-12.215688
-13.303535
-14.193700
-7.728306
-7.751041
-8.578050
-11.235889
-8.625102
-5.078102
-4.037533
-22.371695
-15.699625
-12.680963
-14.574020
-15.825220
-16.289639
-5.865466
-6.145474
-5.016513
2.073919
-0.562545
-2.076857
-3.545403
-9.522071
-5.563091
-6.327049
-14.934104
-13.659596
-15.443542
-15.453382
-17.118973
-22.573919
-30.586184
0.260337
1.931862
-1.290275
-1.710248
-2.683486
-0.606578
-8.549383
-3.800903
-5.034901
-11.900121
-6.840079
-3.835172
-6.673329
-4.290978
-12.650772
-11.966010
1.127161
1.920811
0.002635
-2.958983
-2.048429
0.142710
-7.222833
-2.578230
-3.201495
-11.551020
-9.654646
-4.139241
-3.898686
-2.879283
-6.150667
-4.131970
0.266695
0.916312
0.997021
-4.493314
-0.671088
-23.691059
-27.806200
-12.110403
-20.679115
-11.495380
-22.588345
-12.977783
-14.087577
-13.102820
-14.603527
-18.037212
-6.483986
-13.364572
-16.340969
-24.355146
-23.830700
-21.552662
-25.182032
3.796926
-6.790514
-3.674334
-4.428092
-3.521672
-2.442304
-2.470933
-5.000841
-4.879041
-5.343081
-4.149503
-3.178645
-1.753844
-0.989988
-9.160240
-7.697425
-1.378179
-12.944429
-8.130285
-4.861067
-1.144852
-0.637558
-1.434421
-0.421459
-3.946194
-1.600598
-1.904638
1.758009
-4.619092
-0.441432
-11.164679
-5.589243
-2.769986
1.452287
-0.714755
-1.422690
3.809863
4.380507
3.507121
4.863974
-0.019506
4.788914
1.868303
4.462881
-0.835721
-18.666588
-27.856073
-25.536646
-8.864036
-6.722566
-9.096691
-8.912340
-2.742205
-1.863324
-5.593278
-1.339131
-2.035224
1.900164
-0.987247
-1.616770
-3.202300
-2.802577
-4.207937
-6.192890
-1.220603
-3.378941
-1.634164
-5.574045
-2.532784
-2.469870
-0.136505
0.059764
-1.677657
0.230085
-1.278629
-1.593175
-2.865521
-5.745126
-4.870624
-1.933337
-1.194492
-3.928176
-4.128333
-1.566179
-1.117554
-4.555390
-2.099971
-3.479539
-4.421383
-4.260055
-3.968216
-4.222867
-6.025634
-12.107950
-7.120934
-13.949212
-8.112742
-18.378067
-17.794605
-5.073391
-5.367530
-5.677839
-6.206600
-7.329693
-8.774554
-11.516184
-8.869666
-8.281653
-8.959420
-32.604534
-34.769413
-24.349390
-20.117432
-19.208567
-27.715605
-12.239738
-16.060423
-18.475878
-21.583384
-18.967169
-17.084703
-29.421162
-29.756178
-29.227051
-21.336163
-33.504616
-31.734274
-29.592560
-17.333708
-15.944623
-16.610292
-11.080308
-12.859669
-12.956428
-13.276769
-13.443147
-13.731122
-20.801702
-12.028850
-15.839997
-19.992334
-27.639982
-23.503328
-26.465364
-11.286100
-10.101252
-8.271064
-3.029377
-6.107941
-6.568385
-5.294569
-6.236242
-6.839170
-9.870603
-5.164250
-3.977051
-8.051900
-15.828466
-14.511004
-21.085865
-13.163861
-8.373687
-10.630060
-4.872926
-7.427982
-8.931625
-8.187292
-9.801661
-9.640579
-12.650651
-17.713079
-13.975446
-13.201720
-15.122392
-21.221052
-18.982525
-13.561551
-14.488765
-13.437945
-9.017917
-6.681379
-7.101697
-8.336923
-8.431777
-6.056747
-7.375843
-9.607347
-7.872241
-7.362519
-12.245444
-16.900370
-9.395524
-13.508945
-12.633237
-11.988321
-9.453948
-6.512077
-7.418717
-5.562216
-9.848028
-4.626310
-7.478512
-3.473392
0.312165
-1.895143
-10.532275
-11.909282
-12.555128
-15.402883
-8.660045
-9.338728
-7.917919
-4.945040
-6.095581
-5.875968
-13.760573
-7.984764
-10.002364
-23.376074
-15.364770
-15.066681
-22.317160
-21.955730
-29.114473
-28.121937
-2.595370
-0.906001
0.188451
-1.877094
-1.656386
-0.936125
-6.676712
-3.803429
-4.136863
-0.912388
-4.024401
-8.112907
-8.856086
-4.409142
-9.896813
-14.923841
-0.171129
1.440953
2.299009
-1.056258
-0.986800
-0.642298
-7.077754
-3.214649
-6.845591
-3.334469
-10.277851
-10.681588
-8.287612
-3.741123
-11.108621
-10.432894
-3.694275
-2.347430
-0.509040
-1.674975
-3.622250
-16.736324
-28.921387
-4.092223
-24.684513
-15.678554
-20.947292
-16.405384
-14.934619
-9.162237
-18.057806
-15.853495
-9.695855
-7.591081
-7.584985
-10.490118
-12.439399
-9.707822
-13.091728
-3.487801
-7.325943
3.713155
-10.081067
-9.014439
-6.685161
-5.874536
-8.874948
-6.832874
-5.424497
-4.002004
-3.525944
-3.825923
-7.340321
-3.104284
-5.746789
-2.356833
-3.704385
1.892130
-3.280833
-4.399067
-3.777622
-4.878746
-5.183180
-4.639906
-4.593260
-2.844540
-1.978913
-2.969433
-1.810760
-7.425492
-1.848660
-2.830307
-5.013203
-0.847568
-4.581020
-6.593292
-6.498745
-6.164210
-3.785192
-3.618423
-3.835990
-3.447295
-2.557254
-3.243980
-18.283531
-14.879622
-12.361342
-5.988418
-4.915073
-8.599514
-4.087080
-0.409139
-4.972425
-10.602539
-9.872097
-4.486869
-5.622776
-2.009146
-6.911965
-2.242294
-5.945558
-4.434606
-2.784317
-4.047969
-3.024365
-2.738736
-3.733103
-2.348685
-3.282151
-7.517896
-6.812154
0.010464
-0.808513
-0.213956
0.347822
-1.932925
-2.629572
-2.653744
-1.487760
1.089522
-0.362324
-0.479923
0.338430
-2.014801
-6.396917
-4.194966
-3.748141
-2.978768
-5.998907
-5.061552
-5.881400
-5.346818
-14.627857
-10.969203
-13.390172
-12.758989
-16.737694
-23.006170
-1.906670
-1.855768
-1.461576
-1.274997
-0.969400
-1.601325
-2.693734
-1.545433
0.098058
0.211458
-28.594694
-29.375902
-23.231211
-20.409081
-17.875671
-24.788433
-11.794385
-15.626422
-18.214989
-18.564806
-17.301752
-17.028608
-24.052053
-16.202318
-17.665619
-19.741446
-26.126432
-26.305346
-29.203680
-12.462091
-12.950938
-16.387268
-5.543551
-5.884972
-6.901417
-4.998760
-3.904215
-5.245933
-3.314223
-1.766703
-3.572234
-13.091247
-27.950365
-28.056915
-30.690485
-16.164724
-13.174462
-18.257875
-6.273557
-6.967000
-5.720768
-3.424755
-2.976990
-3.560731
0.527866
-8.172797
-6.937046
-15.710873
-18.171383
-24.432890
-26.643721
-15.564469
-10.139600
-15.278714
-4.574109
-5.392158
-4.924394
-4.221664
-4.758185
-2.669027
0.957352
-26.535669
-18.773022
-19.835392
-17.224642
-27.383364
-20.419653
-14.207477
-10.059075
-12.819966
-4.989966
-4.626101
-3.959443
-5.749089
-4.435668
-2.819230
0.794974
-16.978071
-8.097847
-7.348128
-5.905160
-13.068877
-4.790306
-5.460181
-3.764605
-3.178580
-2.761137
-1.023525
-2.063560
-1.601951
-4.934418
-1.173630
-1.305041
-11.666027
-1.818008
-0.154133
-4.415584
-9.569415
0.894464
-6.031575
-2.149377
1.458522
-6.049961
-2.302370
-2.065726
1.012557
-7.659834
-4.063247
-6.291396
-21.151596
-13.003782
-6.775146
-15.657410
-17.964279
-20.181349
-17.489077
-1.226958
1.450455
-5.990598
-3.516221
-1.666132
2.480499
-5.347056
-1.053648
-4.774555
-8.425661
1.698161
2.435445
-5.597942
-2.638055
-6.733328
-3.638901
1.670260
2.673722
-3.138058
-2.135104
-1.787251
0.211118
-4.309663
-0.395884
-5.662730
-8.975579
4.288747
3.342911
-7.415874
-5.190264
-8.273281
-4.045464
0.159400
0.406430
1.535861
1.392603
-0.879979
-16.441492
-23.642868
-4.543213
-20.666836
-3.764055
-6.791011
-5.129040
-10.171405
-10.154726
-13.113357
-14.653779
-5.355734
-8.466816
-8.312317
-8.216247
-8.735791
-13.685174
-15.449659
-0.051197
-2.672235
0.614766
0.269393
4.028726
4.031211
4.701701
3.718642
1.084552
-0.377715
-0.578918
2.255600
2.418930
0.728733
-10.674820
-13.912793
-1.996513
-2.891582
-2.428764
-1.893012
2.277092
2.787570
0.860828
3.261595
2.683683
1.667974
1.068483
1.545600
4.738170
1.915225
-8.082628
-10.862460
-0.318953
0.162930
-3.885895
-4.327263
-0.348354
1.989621
0.628020
1.328101
2.273766
0.390097
0.006828
1.265996
2.755508
-16.322241
-18.768080
-20.541117
-3.000701
-4.632052
-8.062220
-6.623023
-2.389441
-6.848557
-10.112830
-8.826497
-5.887862
-7.515049
-4.287282
-6.908168
-4.291065
-4.958715
-3.293309
-6.246900
1.187513
-4.835637
-5.240480
-3.741162
-3.686109
-8.165583
-6.628562
-8.361726
-1.446801
-5.739971
-2.623757
-2.833826
-3.304667
-3.651316
-0.172706
-3.047714
0.690224
-4.896343
-6.456621
-2.140385
-1.463234
-8.799367
-4.904368
-6.749551
-3.284327
-6.939622
-3.370348
-5.221907
-2.593515
-5.209794
-0.024905
-3.504467
-5.149872
-14.044003
-15.671055
-6.020385
-6.681818
-7.598630
-8.605459
-10.052409
-11.635571
-15.818812
-8.544111
-13.040731
-14.896791
-27.577450
-29.568048
-26.244526
-24.267239
-20.085766
-23.503410
-22.605959
-22.657988
-19.609076
-21.606585
-21.056427
-23.139299
-29.459808
-25.508490
-30.995760
-23.192396
-41.102066
-45.886803
-44.060364
-32.384468
-34.212032
-40.274406
-29.217663
-28.595991
-27.714197
-28.894064
-29.133545
-31.230051
-32.936619
-26.938824
-34.548962
-38.052589
-25.411484
-28.188425
-27.063841
-8.186810
-10.864941
-8.536200
-10.090118
-10.489721
-11.507231
-12.579069
-15.879754
-19.074532
-21.243708
-13.179428
-16.584641
-26.509706
-22.451483
-25.778868
-24.172800
-17.239515
-18.645206
-18.518515
-13.016321
-17.296328
-18.440310
-17.586327
-19.663946
-23.329550
-32.304089
-32.779243
-33.112698
-39.451790
-37.478058
-39.803665
-45.120003
-19.093102
-18.804735
-18.575621
-13.260014
-15.729079
-17.459400
-18.613466
-16.030228
-14.776428
-22.140278
-22.726816
-23.483168
-20.128119
-19.670237
-25.982550
-28.397234
-21.645859
-18.679876
-14.895392
-10.366001
-9.521468
-8.784753
-9.241277
-7.448394
-4.007580
-4.805204
-4.651345
-5.136646
-3.268426
-6.218369
-8.677765
-12.157668
-21.992132
-9.714370
-10.809454
-9.921587
-7.894647
-6.432999
-2.361249
-3.366931
0.023552
3.297623
-15.192537
-6.256842
-7.762775
-5.316414
-5.810543
-2.336076
-13.269144
-2.554020
-3.745711
-7.263513
-2.747843
-3.339999
-0.368791
1.382056
1.038734
1.759605
-18.402252
-17.131861
-12.978952
-11.128757
-10.806826
-10.033742
-3.690886
-4.499814
-3.632022
-4.431863
-0.957828
0.582555
0.375929
5.511624
4.906044
3.183707
0.242034
-8.558925
-7.109914
-2.938602
-1.143962
0.148148
-3.013810
-6.251647
-5.734499
-9.491803
-2.144423
-3.611046
-24.575245
-30.687777
-7.108497
-22.544966
-26.059542
-23.429031
-20.843313
-9.001270
-10.616971
-13.232121
-13.389836
-8.590636
-7.974236
-12.479377
-9.221416
-14.711247
-27.924099
-35.261639
-7.906382
-18.319981
-27.986561
-29.280464
-22.853537
-19.569323
-17.357731
-15.872118
-11.814819
-6.108654
-6.042048
-10.711355
-8.391896
-12.832975
-10.948616
-12.618980
-6.892222
-9.035638
-10.176131
-13.532954
-13.270894
-13.524447
-7.494196
-8.305907
-5.041305
-3.822108
-2.045433
-6.297921
-3.593834
-2.463703
-11.642910
0.965519
-9.559573
-8.569506
-1.597685
-14.647622
-11.489536
-14.031843
-11.811755
-5.116068
-6.409604
-6.359987
-5.163234
-9.865472
-11.529647
-13.994314
-19.622717
-19.553476
-10.328946
-15.173120
-13.279859
-10.687035
-12.114886
-13.239601
-18.042366
-11.166115
-4.993724
-3.461332
-2.002964
-5.621961
-11.903362
-21.313663
-9.334059
-14.421470
-5.708110
-11.903502
-13.775349
-6.753165
-0.138112
-8.227325
-17.769840
-15.474315
-6.809062
-7.198419
-2.667694
-6.805397
-6.240184
-9.097481
-4.946083
-7.505301
-7.161163
-9.635418
-5.581975
-4.198679
-0.520861
-10.621670
-7.127779
-7.214769
-4.366706
-7.313314
-3.936140
-4.894852
0.359335
-18.971117
-12.418262
-17.848139
-8.164702
-10.553479
-10.342272
-1.205277
-1.217554
-1.021506
-0.410792
-0.788640
-0.476806
-0.030975
2.133990
2.410648
3.439740
38.526020
38.740360
30.109264
26.581333
20.386961
27.381578
17.770679
24.641560
29.300980
29.908377
29.871931
28.675291
41.263226
27.579359
32.691616
34.755856
24.129698
25.666595
31.649744
4.044391
6.691214
8.589971
4.875803
5.883723
8.042969
6.384951
6.705106
7.181836
8.540420
0.275146
5.664656
10.329508
-2.953487
-0.693408
-5.435646
3.901754
6.677038
5.639745
4.086186
2.006733
2.264126
2.613215
3.082407
4.781577
3.043544
0.081166
3.559966
6.435392
-13.606151
-16.674456
-13.313367
-10.505224
-5.269647
-7.385253
-2.388547
-6.349407
-8.707628
-8.939385
-6.655429
-2.704103
-4.744377
11.530727
12.161542
12.084340
-4.073278
-4.336660
-5.183069
-0.312641
3.312149
0.958914
4.964411
0.463597
-3.842830
-2.932227
-2.980385
-0.521606
-0.610993
0.248380
-2.417743
2.043041
4.738166
4.831992
2.052900
2.945882
3.750802
3.165674
3.203063
1.394662
0.681033
-0.484661
-1.178389
-1.430817
-1.779813
-3.037053
-4.136653
-6.740383
-3.838284
-4.530842
-4.930886
3.572552
-0.460087
0.140361
4.230055
1.921284
-0.331299
-2.769908
0.497744
1.214301
-0.958275
5.259149
2.929361
4.715140
2.429398
2.163021
6.109257
15.143953
-5.903291
-5.283495
0.390431
-1.533462
-3.989474
-3.993522
-5.424754
-3.106438
-4.774676
-9.106733
-7.537849
-7.386755
-7.805740
-8.162893
-6.583883
-6.384035
-3.179098
-2.421206
-0.874683
-2.132987
-4.531190
-2.396196
-5.820851
-3.785293
-3.127982
-0.414525
-5.016461
-6.200746
-6.979179
-7.026866
-6.380619
-7.260412
-0.378912
-0.247558
0.466544
-2.719950
-2.655824
17.655146
21.791805
11.453905
19.563519
2.249106
13.043140
7.344110
3.714121
6.213789
5.571745
6.660105
7.337692
11.172652
16.962482
21.361700
17.162827
13.682425
18.944296
3.758590
4.626902
4.173974
3.493235
0.796984
-1.444971
-0.124648
-3.818187
-9.110662
0.735946
0.824901
3.297115
0.970033
1.888308
0.352856
1.382237
3.233021
6.953207
5.672338
2.165044
0.265517
-0.838919
-1.383845
-1.092260
-1.682041
-1.341554
-2.252603
-0.794933
-6.161653
-4.430007
-8.377708
-16.340574
-4.192961
-9.033143
-9.546557
-7.173317
-5.932374
-4.302116
-1.137792
-6.200117
-5.052987
-0.759287
-4.201256
-3.350465
-5.821398
7.180240
7.630695
0.049104
5.482998
-1.732998
-0.392747
-4.559890
-1.292448
-0.141237
7.223319
0.844786
-1.804447
0.515992
-3.526352
-3.560952
5.305666
-2.055055
-1.326738
-0.975506
-0.979334
-1.310015
-0.414584
1.316342
-0.917990
2.707793
7.184378
5.814963
1.899005
3.033524
-0.172219
0.838892
2.007475
-4.423431
-8.546976
-2.241414
-2.898907
-2.054289
-0.190558
-1.968813
-1.613858
1.509979
0.342914
2.408138
0.195136
3.957821
1.442331
3.450472
-0.963267
-0.188041
-4.093338
3.788805
4.028657
11.293174
11.932895
-2.934264
-3.016693
-2.986557
-3.266984
-4.300349
-6.041299
-10.316681
-5.549572
-7.298782
-8.604725
-27.529600
-27.556332
-21.991234
-18.624527
-18.238003
-23.268425
-14.542816
-17.039370
-18.194630
-19.651369
-18.313616
-19.315504
-28.519527
-24.681580
-26.175121
-26.568439
-37.984295
-38.735252
-38.770599
-23.330124
-21.135139
-22.359478
-13.798451
-12.683052
-10.953419
-11.252328
-8.970359
-11.001561
-10.932134
-13.113884
-18.521967
-18.963949
-36.314499
-37.376106
-41.513279
-28.856602
-24.259514
-30.134220
-8.463640
-11.339746
-11.852073
-10.442339
-9.500074
-8.194094
-6.883555
-11.254055
-16.465466
-23.084124
-30.971802
-37.490154
-36.557129
-19.432076
-9.258636
-18.489447
-4.556733
-10.636128
-16.144670
-15.857781
-17.490467
-15.806196
-22.798229
-28.482962
-29.064238
-26.230930
-19.528364
-29.738348
-24.729364
-6.347997
-2.444602
-6.198306
-1.286439
-4.279312
-8.541882
-12.059969
-9.734122
-6.820334
-9.896789
-20.752205
-16.990335
-9.099742
3.525554
-0.607478
-0.753523
-4.585484
-4.000422
-0.617548
1.319366
0.329800
-1.598692
-3.400530
-6.074570
-3.403100
-5.039284
-11.596401
-5.310252
3.365910
-2.243639
-2.673908
-1.861118
-9.423838
-4.312506
0.168731
-4.164466
-3.007316
-4.559947
0.547725
-11.499588
-4.350302
-7.094554
-13.845494
-10.321454
-4.851405
-16.179125
-12.766542
-23.050154
-16.934429
0.026455
2.188240
-3.222384
-4.949222
-3.506488
0.753610
-5.693092
0.738118
-5.121229
-12.969531
-6.498789
-6.329912
-17.406288
-11.583982
-19.506338
-9.073681
2.294375
3.668692
2.688668
-2.811176
-2.910128
0.255681
-7.859945
-0.739424
-7.940975
3.697678
1.510496
-1.784796
-11.037803
-5.405799
-15.729362
-15.686658
-1.543137
1.020051
1.641293
2.209626
-7.030579
-9.796001
-19.194708
-2.370996
-16.446760
1.435614
-12.005856
-8.966185
-9.690563
-7.249218
-18.525318
-28.540260
-6.881271
-5.095017
-4.709918
-8.710292
-10.777779
-12.624301
-17.368843
2.187006
-6.195666
4.911381
-10.916151
-8.255557
-3.478272
-3.072540
-5.602529
-10.455199
-3.244812
-3.013524
-4.473176
-0.010090
-0.154560
-10.625348
-10.619104
-5.783272
-8.538846
-13.086081
-11.700624
-2.448359
-2.180319
-2.724206
-2.397161
-2.740033
-0.954218
-1.112459
-2.664272
-0.879884
-1.709879
-7.765326
-13.742724
-5.407434
-10.322403
-2.262776
-11.590039
-5.110404
-3.563483
-4.463405
-7.774405
-9.011831
-5.754245
-7.921941
-11.325428
-2.095521
-20.330473
-15.511402
-15.549750
-0.385140
-6.262282
-4.508343
-6.010041
-3.397097
-4.660522
-4.235674
-8.589546
-7.633407
-7.585916
-7.865407
-8.854989
-10.449588
-9.290905
2.252047
3.849231
5.146201
-4.163820
-3.371193
-1.172148
-0.094110
-1.490280
-8.305037
-2.341734
-1.085622
-1.377289
-2.458643
-3.881963
-5.471412
-9.769682
-0.604244
0.498419
-2.325066
-5.753524
-4.714529
-0.746407
3.332028
-3.547083
-4.407655
-4.511662
-1.647231
-3.512822
-2.074968
-5.509589
-0.393404
-11.105638
0.600857
-4.045022
-1.625087
-4.054757
-6.711357
-2.681923
-2.843340
-2.879385
-2.731223
-3.080234
-3.220443
-3.758131
-1.902660
-1.625462
-1.400601
-2.428373
-3.580322
-3.570937
-2.963941
-5.448613
-6.795848
-1.221882
-0.174079
0.192054
0.164724
2.079398
2.316553
2.907497
-1.432316
0.533028
2.834675
-12.545574
-11.604811
-8.097044
-10.638762
-9.849213
-12.728275
-9.560801
-8.633505
-7.627104
-7.945258
-6.792834
-7.166203
-9.169278
-7.602166
-8.431774
-12.203165
-15.888338
-12.632435
-12.959565
-0.414209
-1.712582
-1.275466
-5.290089
-6.262172
-6.156703
-6.519258
-7.654755
-9.106915
-13.249830
-6.609463
-8.072377
-10.451337
-10.802429
-8.664872
-10.198238
-7.622293
-6.599035
-4.068958
-6.123068
-7.475357
-7.199360
-7.471496
-8.655387
-10.715215
-14.282320
-5.512474
-4.788713
-7.452105
-17.602367
-15.707779
-19.548592
-15.156810
-15.042150
-11.523851
-8.702852
-8.967011
-9.979490
-8.756025
-8.925863
-8.584318
-12.747725
-11.650277
-11.295465
-10.641584
-17.752140
-18.768892
-19.310684
-15.030413
-14.287303
-12.437721
-9.277231
-6.715061
-5.920383
-4.517261
-3.786919
-1.319900
-2.457673
-4.102674
-2.239460
-2.045746
-6.999002
-8.898212
-8.255114
-9.205338
-7.665983
-8.836891
-7.754538
-4.229638
-4.933349
-4.569776
-2.716646
-0.871295
-1.101769
-6.840018
-0.959998
-2.644711
-3.305812
-4.847044
-7.130136
-7.761622
-2.863155
-1.998426
-2.051362
-1.030146
-1.407582
-2.188914
-2.306236
-1.048594
0.677503
-4.175486
-4.119112
-7.299898
-5.860922
-6.534669
-9.107458
-11.549280
-2.957531
-0.905360
0.155506
-1.156538
-0.898677
-0.983903
-4.156846
-2.243268
-0.776358
-0.314499
-5.868916
-9.133859
-6.001138
-4.593160
-6.796805
-10.282674
-1.643592
-0.721015
-0.402578
-2.076840
-1.719434
-3.749428
-9.004563
-0.895870
-5.825710
-8.877336
-11.676031
-9.968176
-5.847248
-3.100954
-7.184631
-6.148548
-2.243943
0.117960
0.505785
-0.704984
-1.669542
-8.028274
-12.928053
-6.275285
-10.573202
-9.300089
-14.649266
-13.858981
-10.629035
-7.663647
-11.746844
-10.067171
-5.180945
-3.239070
-2.482549
-4.712409
-7.216867
-5.675686
-8.631756
-2.380783
-3.437834
-0.670648
-5.483290
-8.140384
-7.659279
-5.774539
-8.225866
-6.510782
-6.639500
-4.842634
-4.543816
-4.749677
-5.509160
-4.767794
-2.535848
-1.536006
-6.092388
-0.996278
-2.264362
-5.675026
-5.835093
-5.887672
-4.236388
-3.287975
-5.152114
-3.695523
-1.848340
-3.684925
-3.170395
-5.674598
-3.450561
-1.679827
-6.455697
-4.900268
-4.900691
-4.193246
-4.861271
-8.830173
-5.109237
-2.092691
-3.249822
-2.422343
-3.780941
-3.326903
-9.297571
-9.078974
-9.368961
-5.083941
-4.978214
-5.436956
-2.677116
-2.133813
-3.391369
-6.648405
-5.019135
-0.932550
-1.428318
-0.328614
-1.743086
-1.425557
-3.858826
-2.967367
-4.083773
-2.698638
-2.069165
-1.323325
-0.552723
-0.925016
-1.452895
-2.682906
-2.569844
-0.283713
-1.392009
-0.286752
-1.427731
-1.517171
-2.440617
-2.570833
-2.262281
-2.136245
-2.008433
-3.949990
7.047783
7.614093
8.064948
8.542888
9.608860
11.066726
15.704494
5.000093
9.816097
9.874187
-48.147278
-55.946426
-44.153526
-39.469543
-29.853725
-42.508858
-16.984179
-23.710196
-28.433952
-30.628635
-24.305681
-19.123484
-29.183867
-41.680706
-33.479324
-28.342575
-40.209103
-51.113716
-50.652782
-12.371356
-12.598808
-19.059969
-6.770487
-6.941483
-9.630487
-11.680771
-7.393887
-0.404989
-7.421797
-22.839693
-15.126550
-0.551194
-32.645294
-41.857845
-35.951180
-31.413849
-29.405920
-39.158371
-17.537956
-18.915123
-20.587141
-22.377392
-15.441293
-11.301462
-19.929110
-32.021599
-26.461170
-29.978575
-43.544468
-55.220188
-49.496979
-27.976877
-27.006683
-35.235775
-22.265923
-21.647717
-21.740067
-24.805792
-18.837107
-16.567118
-25.336493
-69.063133
-57.795067
-48.623024
-39.666832
-58.323231
-48.677006
-30.953773
-27.106556
-35.367294
-27.220871
-21.308985
-15.472135
-20.603691
-14.802829
-11.469450
-8.029965
-46.819195
-28.313133
-22.032190
-17.047348
-35.679173
-17.722742
-15.692939
-14.106973
-19.554010
-8.151732
-6.769193
-6.851321
-10.977459
-7.861124
-3.547686
1.250343
-43.543507
-26.485594
-18.570559
-6.512566
-24.237230
-8.808700
-7.238199
-12.151008
-13.460384
-4.889817
-3.757779
-1.290740
-7.069868
-9.004252
-6.852852
-1.610542
-38.171600
-33.009411
-27.256203
-12.711088
-34.418999
-25.031355
-24.150230
-5.000835
-3.564197
-9.601563
-4.640898
-0.551817
-2.128068
-7.753832
-7.911281
-1.579869
-29.962051
-19.121582
-11.832903
-4.945982
-14.260562
-10.756643
-6.633664
0.712473
-0.399409
-6.595812
-5.421043
0.353138
-1.661590
-13.504607
-7.238414
-7.890409
-28.355381
-16.498442
-5.710474
-2.535405
-9.803779
-10.103851
-1.655970
1.931324
1.594984
3.719971
-6.695173
2.905130
-46.654404
-51.014473
-12.185833
-35.097443
-44.790298
-32.825882
-16.316235
-18.492050
-23.561584
-26.807295
-21.828230
-7.936848
-14.180664
-12.950260
-26.002090
-22.604622
-38.294949
-46.503677
5.664506
-13.665642
-17.563084
-3.698806
3.192614
1.172006
-1.329307
-2.659742
-1.683403
-5.646095
-5.354138
-3.323692
-7.937036
-2.280344
-31.714279
-32.970070
-9.041872
-26.224056
-21.979641
-13.198791
-1.863020
-2.970840
-1.573287
-1.896398
-3.685226
-1.657019
-2.361502
-5.874167
-16.320393
-3.846691
-35.280960
-37.898888
-5.205196
-18.000311
-18.080393
-14.100075
-0.053622
0.487301
1.382658
2.621511
-0.572837
4.779975
2.926261
-10.547523
-3.345309
-34.753090
-47.084206
-52.498276
-11.667351
-25.308022
-28.875641
-10.011510
-6.043665
-7.517292
-11.274009
-12.097729
-2.743157
-6.715462
0.669657
-3.952167
-2.736192
-11.418575
-11.699560
-20.556454
-2.289365
-13.189838
-10.736685
-8.378773
-5.915868
-11.255351
-14.208189
-17.292103
-4.490739
-7.633634
-3.422027
-5.937133
-5.423169
-23.642517
-26.533184
-23.561943
-7.122876
-20.975283
-16.041462
-6.522457
-5.297768
-15.478775
-15.180878
-19.312109
-7.268260
-14.340758
-8.541649
-10.477614
-12.096292
-27.936892
-30.488806
-31.650381
-16.548510
-37.197567
-36.139446
-2.095139
-2.153350
-1.904062
-1.784468
-2.235355
-2.949709
-4.784029
-3.598257
-4.576095
-5.723432
-13.688659
-14.646179
-11.117213
-9.817229
-6.701707
-8.686992
-7.157547
-9.916207
-11.454796
-11.779173
-11.189016
-11.033281
-18.804489
-15.858125
-15.978834
-15.310800
-19.316294
-22.428019
-23.021248
-11.716353
-8.652621
-11.405594
-4.226952
-4.337890
-5.005639
-5.105551
-4.362420
-4.168563
-4.486316
-8.108699
-8.614007
-3.093599
-10.694954
-13.840569
-15.649315
-9.924400
-6.964660
-10.221710
2.183592
1.068269
0.886778
2.896431
2.984221
4.239608
8.664878
1.287784
4.572278
2.158996
-3.036496
-8.569257
-5.518888
-1.329559
4.538175
0.134732
7.115206
4.679316
1.541971
2.991895
1.008941
1.221206
2.494212
-6.103527
0.445060
2.480758
-2.932404
-12.261898
-2.178018
7.967044
9.754940
7.000164
4.882703
2.083294
-2.251628
-4.766755
-4.222562
-4.220456
-6.776145
-11.394629
-9.376833
-3.271099
5.976908
1.498588
2.531734
4.078869
2.343988
3.760379
3.834648
3.112732
0.088899
-1.004120
-0.409174
0.227044
0.160168
-4.745816
-1.894534
2.753026
-1.741751
-0.567035
1.508911
-5.881862
-2.208649
-1.022366
-1.340267
-1.286257
-3.819168
-0.617165
-7.559888
-3.332977
-5.193152
-8.493835
-3.554760
-2.479389
-8.562283
-5.178322
-9.943188
-11.139156
-0.655196
-0.331322
-2.705882
-2.942257
-3.952616
-0.608463
-8.641556
-2.253813
-8.021261
-11.548582
-5.511881
-5.904735
-15.568343
-10.208160
-16.539673
-9.458385
0.732960
2.650057
1.722043
-3.407304
-3.132002
-0.428240
-6.338568
-0.199573
-5.743934
3.510326
0.241398
-2.111948
-10.736547
-4.465020
-11.831787
-12.979213
-1.272460
2.032675
0.649948
-2.120618
-5.695886
-3.085651
-13.484141
-1.151434
-10.770966
5.997465
-5.309235
-6.267385
-7.427337
-2.129587
-12.350224
-21.397724
-3.844468
-2.232530
-5.084505
-7.057056
-9.834007
-9.501980
-16.944517
4.067166
-5.939003
1.676756
-8.368943
-4.087694
-4.531349
-2.358050
-4.040694
-7.848629
-3.629844
-3.283862
-4.136757
-0.802462
-4.484559
-7.583909
-12.422215
-0.206498
-5.450482
-4.042054
-0.961882
0.084414
2.888326
1.818604
-1.390755
1.370182
-0.517312
1.062858
6.059763
3.678650
1.838076
-4.284999
-8.747430
-2.264804
-5.279439
-3.145331
-3.268715
-2.368848
-0.775066
-3.246805
-8.222445
-6.550645
-5.720034
-3.572648
-0.448104
-2.541481
-5.930762
-6.909472
-7.712572
-0.209038
-2.758376
-0.328781
-0.261028
-2.674932
-4.123054
-1.475432
-7.799551
-8.012780
-7.597416
-6.579904
-6.719677
-5.762180
-5.285231
2.039918
6.969849
3.659708
-1.798193
-4.212288
0.278203
1.251027
-1.604695
-2.940389
-0.570861
-1.281931
-2.839666
-1.908424
-3.113898
-3.150035
-3.437771
0.977890
4.738554
-0.192417
-4.472543
-3.460936
0.291739
4.025703
-1.559703
-0.859346
-0.431888
-0.485215
-2.053519
-1.062517
-3.945338
0.311451
-4.887693
1.549179
0.811476
-0.172033
-2.401879
0.114018
-2.848851
-3.012552
-3.072320
-2.950774
-3.384137
-3.511579
-3.886649
-2.243620
-2.003630
-1.846957
2.021356
0.076327
-1.138239
-0.591562
-4.222000
-4.986541
-0.586268
0.924432
1.628146
1.594446
3.204079
3.430297
3.915475
-0.039708
2.644423
6.782656
-7.070372
-6.632593
-2.498112
-10.291352
-10.506186
-13.258604
-9.879882
-9.712513
-8.982506
-9.487094
-8.984157
-9.144355
-12.885469
-9.752121
-10.955033
-12.794651
-15.543392
-12.759602
-11.842510
-2.035805
-4.043224
-3.297064
-5.767875
-6.942721
-6.578771
-6.908483
-7.661059
-9.108480
-12.581600
-8.020841
-8.172995
-10.377729
-16.028841
-13.339413
-15.045677
-10.806899
-9.899770
-9.332858
-6.309723
-8.585840
-9.180540
-9.923461
-10.257318
-11.556011
-16.305088
-8.046570
-5.171734
-8.008101
-25.237049
-23.071608
-25.507719
-18.858667
-17.098948
-15.181049
-9.252415
-10.861409
-13.094050
-13.267785
-12.984504
-10.762976
-15.848406
-15.247871
-13.511787
-12.905192
-18.685816
-21.219339
-20.524469
-12.268612
-10.823965
-9.597328
-7.679335
-5.183580
-5.071054
-2.984550
-5.469920
-2.196254
-3.407551
-3.541183
-0.126511
1.336740
-3.978111
-8.024938
-6.784519
-8.424722
-6.793510
-8.359686
-7.784080
-4.089545
-4.730473
-4.653193
-4.427037
-1.217808
-3.067365
-8.228000
-0.280227
0.334816
-3.729471
-4.487041
-6.103579
-4.247283
-3.440355
-2.624840
-2.445302
-1.789786
-0.896271
-1.701999
-3.678863
-1.725399
-1.718192
-6.136598
-3.910062
-6.313620
-8.041058
-6.704951
-8.938921
-11.615244
-2.791271
-1.227194
-0.521349
-1.452387
-0.409052
-0.978186
-5.104556
-2.775972
-3.144769
-2.477710
-6.447873
-9.199291
-6.920236
-3.674869
-7.152207
-10.578299
-1.514598
-0.821460
0.514059
-2.081546
-1.843742
-0.986848
-7.303836
0.771879
-5.654526
-11.137717
-8.781017
-8.231563
-5.147964
-1.611486
-7.933697
-7.237291
-2.042402
2.018756
3.610747
4.518381
2.854716
-3.757167
-9.441296
-6.179991
-10.710908
-8.148912
-13.110722
-13.768760
-10.573898
-8.109921
-14.222912
-13.221495
-5.135880
-3.066872
-2.817470
-1.803834
-4.864320
-2.558104
-6.216012
-2.276430
-2.780338
0.957660
-3.498392
-5.492724
-5.039650
-3.608844
-6.567357
-5.372948
-5.299958
-3.534628
-3.200265
-2.575626
-2.525648
-4.146311
-2.527672
-2.127800
-5.799664
-2.385618
-3.093374
-5.663241
-5.991145
-5.792702
-3.921885
-3.401826
-4.174014
-2.976128
-1.247029
-4.424873
-1.828965
-5.304265
-3.630221
-1.822366
-5.369881
-6.409385
-5.429863
-3.168725
-5.879797
-7.121224
-4.641068
-2.914192
-3.265820
-3.274380
-4.128722
-4.833962
-8.843789
-7.395693
-8.481768
-4.202609
-3.475014
-3.898557
-1.237208
-0.965030
-2.870239
-5.247235
-3.764939
-0.507908
-1.157961
-0.449510
-0.744931
-1.949163
-2.138621
-1.544574
-1.978421
-0.954770
-1.040347
-0.321832
0.191322
-1.318516
-1.404141
-2.465716
-1.230561
1.055835
-0.650221
-0.047472
-0.417137
-2.153390
0.133107
0.565554
1.712234
-1.028643
-0.305982
-1.908757
-3.427745
-3.594172
-3.648778
-3.657425
-4.034292
-4.434395
-5.423182
-4.406327
-3.809878
-3.843280
-20.751183
-22.864466
-16.768377
-14.140197
-13.826342
-19.737835
-6.575505
-8.065034
-9.186537
-11.377525
-8.430471
-7.371492
-13.303584
-20.728853
-18.145811
-13.150849
-42.334454
-42.510757
-33.871639
-25.402603
-19.585615
-27.132053
-18.278002
-20.717665
-21.387758
-24.035608
-22.983871
-22.533699
-33.216824
-29.473955
-32.399433
-33.003387
-36.389297
-35.153675
-35.356110
-10.055437
-7.891950
-7.722278
-9.317531
-11.377013
-11.433788
-12.379948
-14.063282
-15.144026
-21.558992
-13.873032
-18.338959
-17.884134
-17.431417
-18.146240
-19.234529
-14.668900
-11.299938
-9.474811
-7.032268
-8.786345
-8.613576
-10.019868
-11.696141
-12.918118
-17.495066
-18.073206
-18.535028
-15.165030
-20.401506
-23.521006
-23.463806
-16.231983
-16.361305
-14.379399
-7.943809
-6.911961
-7.317915
-8.060521
-7.087430
-6.327455
-9.182228
-21.337336
-19.203560
-15.690329
-18.429846
-22.938358
-18.779228
-13.632513
-14.369180
-13.632119
-9.282928
-5.671700
-4.179452
-4.909587
-2.652966
-0.565304
-1.597102
-4.406177
-1.961049
-1.143733
-6.077525
-9.062982
-8.292855
-8.347536
-6.809627
-8.745577
-6.326791
-3.447510
-4.625549
-4.419031
-5.485669
-3.622988
-2.512347
-10.055656
-5.754956
-7.644504
-9.642918
-13.429043
-19.803423
-18.937786
-2.520753
-2.021213
-0.839081
-0.622543
-0.705193
-1.654344
-3.991122
-2.149061
0.442843
-7.336708
-8.447072
-11.891357
-14.844660
-15.368501
-19.229671
-20.915396
-3.183587
-0.435193
1.269939
-0.221509
-0.331624
-0.789560
-2.511999
-0.428872
0.282448
-2.501086
-7.181097
-10.831403
-10.701035
-6.704898
-10.020184
-14.081892
-2.195490
-0.667277
0.704126
-1.378307
-1.715815
-15.079699
-24.828125
-5.120937
-17.873657
-16.638695
-17.260885
-14.517461
-12.576868
-8.167236
-15.628218
-16.047909
-6.091348
-4.850170
-4.072351
-10.106477
-10.558517
-21.645586
-31.356308
-10.908124
-20.229639
-11.257566
-21.695913
-20.041910
-16.420904
-13.655481
-18.869555
-17.949697
-8.417807
-7.724665
-8.922849
-14.682079
-15.532122
-9.996404
-13.944703
-2.959405
-6.531568
-1.751795
-8.772410
-9.865587
-9.401178
-7.657399
-10.098272
-9.540869
-6.583418
-5.679080
-6.509150
-5.460814
-6.728752
-4.259889
-0.663796
-2.499714
-9.152420
-0.891867
-2.152320
-5.455746
-6.521129
-5.751055
-4.388914
-3.854045
-4.851003
-3.219102
-1.137449
-3.052436
-13.902619
-10.397101
-6.715230
-3.289088
-8.673522
-5.321641
-4.576868
-1.919015
-4.633524
-11.088657
-7.797363
-2.210612
-5.242706
-1.523523
-4.944975
-3.135750
-18.867386
-15.917206
-14.375495
-8.055487
-6.620992
-7.581868
-5.310238
-2.194343
-3.481798
-9.683262
-10.036833
-1.660181
-2.701186
-0.146228
-3.207307
-3.474814
-5.291515
-3.743663
-2.866712
-2.675995
0.426167
-0.021421
-0.683107
1.270935
-1.341767
-3.314873
-4.427112
-0.620327
-2.363775
-2.509926
-3.139919
-1.902539
-7.482936
-6.577129
-7.579386
-6.622780
-9.845753
-14.431767
-3.857157
-3.862963
-3.559053
-3.386830
-3.137915
-3.602027
-4.737813
-8.410627
-4.755957
-5.982152
-33.060162
-37.412464
-32.030476
-28.251722
-25.260176
-32.826439
-22.238157
-24.239307
-24.979340
-26.269133
-23.804893
-23.341209
-31.236362
-29.386705
-30.275156
-26.288523
-35.657501
-43.014709
-43.672169
-27.853165
-27.199705
-32.079750
-22.421991
-22.152847
-21.669666
-21.490541
-19.578156
-18.670464
-20.636616
-24.175764
-29.254879
-31.174850
-32.456070
-37.156452
-38.214554
-22.001669
-21.222464
-24.545584
-14.845880
-15.467587
-14.644290
-14.520818
-13.163104
-12.560670
-11.528858
-24.339314
-20.663033
-22.835659
-16.991367
-24.694027
-27.831289
-22.498154
-16.429356
-22.569153
-14.729826
-14.352991
-14.656833
-14.265013
-14.137696
-12.810498
-13.552090
-37.262276
-30.416712
-26.083412
-14.450152
-26.005466
-15.137982
-15.600606
-14.857341
-16.458017
-11.787893
-8.596511
-8.807416
-12.052813
-14.421331
-9.959666
-10.082555
-28.179195
-19.944054
-10.158762
-8.585662
-17.953671
-4.808327
-7.077688
-7.775392
-5.343728
-9.107417
-4.838443
-5.004455
-4.315820
-8.550789
-5.468822
-4.026409
-12.208570
-3.454223
-0.917885
-4.297759
-8.974644
-6.986878
-6.582024
-0.748211
-0.341445
-6.149095
-3.777320
-2.922024
-3.615382
-4.409412
-1.895823
-4.153212
-23.423281
-15.979846
-10.111211
-13.437942
-13.781561
-19.710720
-16.555462
-2.034997
-2.097357
-1.237504
-3.048162
-2.987175
-3.168861
-5.657821
-3.396522
-5.287488
-5.437700
-1.949922
-0.685936
-4.813346
-4.078973
-6.938985
-9.416184
-0.815614
-1.702578
-2.532863
-1.355096
-2.613293
-2.590605
-10.299938
-5.425577
-10.073892
-6.410251
-0.452461
-0.404860
-5.593289
-3.207223
-9.454460
-4.207025
-2.165033
-1.548993
0.122737
-3.621392
-4.167225
-26.056767
-35.255135
-7.017855
-26.568415
-20.982477
-19.599394
-12.171707
-15.478754
-10.369816
-17.502960
-14.515987
-8.222785
-9.440313
-10.516689
-12.807590
-11.319345
-22.001699
-27.816130
-8.495572
-12.624101
-9.986732
-11.239200
-4.492689
-6.548558
-2.855318
-6.644405
-6.141072
-2.808869
-2.903072
-6.509601
-3.131705
-6.795376
-13.454600
-17.852600
-4.530423
-8.930946
-9.233304
-5.625110
-3.130608
-2.929407
-2.221906
-1.493974
-0.384201
-2.901932
-0.944078
-5.240770
-2.351574
-2.733530
-10.696673
-10.926864
-5.322163
-9.643531
-10.777297
-10.124233
-9.755963
-9.234319
-5.282597
-5.544334
-2.133111
-5.170669
-3.914201
-7.612765
-5.797475
-21.121204
-13.951538
-23.019772
-11.635393
-10.839470
-11.430960
-7.238434
-6.209325
-12.107303
-12.847138
-16.721067
-7.521207
-6.821702
-2.860469
-8.540514
-10.758463
-9.179217
-3.573723
-12.944317
-5.667511
-13.005933
-10.702877
-6.585017
-9.409717
-10.709721
-11.911775
-14.780341
-4.836987
-5.278118
-2.191014
-3.194635
-7.731366
-4.674105
0.116286
-6.872460
-0.786782
-8.401429
-10.423491
-4.363154
-7.877079
-12.531730
-6.680894
-9.421265
-6.872639
-7.117017
-3.943305
-5.866221
-5.520371
-9.961957
-3.977750
-8.708090
-11.166545
-15.290791
-19.010380
-4.359310
-4.680049
-5.063028
-5.620330
-6.619022
-7.831741
-10.273519
-7.253088
-7.576245
-8.262945
-29.352617
-31.701540
-23.179928
-19.369505
-18.902752
-26.899090
-10.276124
-13.156246
-15.189851
-17.980114
-14.743479
-13.134628
-22.327225
-26.500252
-24.385090
-17.300571
-35.548588
-33.564583
-28.869947
-17.986736
-16.084398
-19.036781
-12.789308
-14.755543
-15.321849
-16.684521
-16.740908
-16.806091
-24.698256
-17.671827
-21.346853
-24.106361
-23.448376
-20.380550
-21.565880
-5.064988
-5.293679
-1.652562
-2.854637
-4.597858
-4.560810
-4.511552
-6.226529
-7.499471
-10.888074
-4.444400
-5.231391
-7.326645
-7.776694
-5.590469
-10.910737
-7.148150
-6.365427
-4.466149
-2.458629
-3.690276
-3.835982
-3.406703
-4.551805
-5.456301
-7.211408
-12.141321
-7.208210
-6.702612
-11.605546
-15.405791
-13.937359
-11.890321
-13.540805
-10.986108
-7.547028
-4.722606
-4.790431
-5.540093
-4.244202
-3.052722
-4.900123
-9.350760
-6.211216
-5.637503
-12.579751
-16.236525
-10.018401
-11.346779
-12.648812
-12.141940
-9.600919
-6.514508
-6.757725
-5.561905
-6.354213
-2.408104
-5.001229
0.167773
1.603821
-1.104607
-5.882894
-7.495232
-6.113517
-10.419991
-5.148548
-5.954278
-5.896306
-2.935918
-4.003781
-3.828406
-7.542994
-4.448123
-3.349588
-15.564538
-8.831379
-10.758240
-14.689638
-14.812713
-23.527979
-24.381155
-1.626565
0.218299
1.717766
-0.874359
-0.940860
0.180305
-4.077425
-2.795585
-1.145995
-0.983779
-3.047461
-7.952610
-9.094887
-5.803552
-10.677815
-15.337449
-0.708640
1.089796
1.818259
-0.567481
0.074679
-0.582632
-4.816228
-1.950433
-3.188113
-1.404346
-7.170063
-9.498715
-7.748292
-3.144910
-8.491766
-9.014583
-3.347930
-2.128017
-0.515014
-1.356965
-2.993995
-16.541664
-27.735968
-4.306328
-22.403431
-14.927414
-18.191608
-14.493579
-11.315125
-6.088113
-13.765929
-12.682981
-7.823324
-5.636444
-5.469252
-8.532236
-10.986285
-11.846695
-18.493599
-5.487746
-10.455510
-0.505215
-10.932666
-11.134703
-8.752821
-7.868480
-10.641060
-8.161679
-7.173414
-5.518775
-5.103087
-7.035914
-9.537086
-2.318746
-4.487377
-0.842383
-1.934255
2.330833
-0.193186
-3.656676
-3.692408
-3.587286
-3.986933
-3.265633
-4.286069
-2.355176
-1.563890
-1.813087
-0.466032
-0.383540
5.869537
-1.194263
-3.263377
1.631726
-0.694954
-3.512208
-3.707556
-4.365007
-1.178642
-0.951345
-2.287729
-1.218471
0.845446
-1.575548
-13.900343
-11.280701
-7.303376
-4.373193
-5.082371
-6.737182
-3.217301
0.006459
-4.157246
-11.777504
-8.698915
-2.675479
-5.312526
-1.405367
-5.572826
-3.018070
-7.956059
-6.437655
-4.961923
-4.051198
-2.982289
-3.495856
-3.164182
-0.161659
-2.400015
-6.020613
-7.166285
0.777066
-0.861019
0.643283
0.085604
-1.253620
0.298487
0.865851
0.302109
0.632642
0.987701
0.525372
0.609763
0.650774
-4.188573
-3.816256
-3.923981
-1.873316
-4.565311
-3.846035
-5.194945
-2.896967
-8.672880
-6.406771
-8.276224
-9.628801
-13.324691
-18.608397
-2.533036
-2.632806
-2.645284
-2.597739
-2.810842
-3.025711
-3.592906
-3.607656
-2.406955
-2.364540
-5.022999
-6.587892
-6.978030
-6.367311
-7.248431
-9.088577
-3.948986
-1.789861
-0.268202
-0.873613
1.244960
0.696544
1.576035
-5.926674
-3.530180
-0.270534
-26.768665
-29.617310
-22.656862
-26.112505
-21.297556
-28.454798
-18.213888
-17.730742
-16.616661
-18.881626
-16.726179
-16.780634
-22.194391
-25.621363
-26.375095
-26.006187
-37.537556
-37.245682
-34.798710
-14.976316
-11.467337
-15.148668
-14.440616
-15.645554
-14.976227
-16.834063
-16.867872
-17.448393
-25.059357
-23.113504
-25.580233
-26.939173
-26.093561
-26.493944
-27.409273
-15.204660
-12.449598
-10.875941
-10.471228
-11.628803
-10.274929
-12.696971
-13.196772
-15.027783
-21.873285
-19.002901
-18.856646
-19.031908
-29.211226
-27.200811
-31.130627
-20.799025
-17.550749
-15.986872
-9.289114
-10.726933
-10.911091
-11.876451
-11.117268
-9.727207
-16.219995
-27.313721
-25.440977
-19.016054
-22.426662
-25.838314
-26.599352
-18.349524
-15.487745
-12.769377
-9.515540
-6.367188
-3.836631
-4.599005
-2.444384
-0.697747
-0.349081
-13.017786
-10.802717
-3.857722
-6.892383
-12.213947
-11.038259
-9.138510
-10.798726
-12.862673
-10.070403
-5.766864
-5.373361
-5.764975
-0.587376
1.203197
0.424224
-5.918252
-0.807789
-0.318635
-2.330014
-6.318310
-5.531347
-4.753522
-4.276734
-5.208366
-6.041971
-2.384129
-1.936232
-3.130354
-1.334694
0.480405
1.792941
-11.774114
-9.421575
-9.894807
-11.575137
-14.273359
-15.536757
-15.647570
-4.638574
-2.897656
-1.435174
-1.522859
-0.416359
-1.033786
-3.155812
-1.954885
-0.024368
-6.159245
-9.614438
-13.525942
-11.098408
-10.101658
-11.485855
-15.357073
-1.077948
-0.100012
1.238853
-1.157951
-0.421850
-9.595343
-14.159374
-3.301385
-8.357700
-17.314701
-12.476303
-10.311063
-8.750137
-5.633610
-10.890848
-11.280942
-1.993442
-0.646668
0.775346
1.318136
-1.376099
-19.902016
-29.487127
-11.336590
-23.218645
-21.114723
-24.365810
-20.813135
-17.585592
-14.075184
-20.547379
-20.098448
-7.145372
-6.370373
-6.533429
-9.033742
-10.581640
-16.906090
-22.390051
-7.068524
-12.075618
-8.927998
-16.857056
-15.294677
-13.746014
-9.575454
-12.663715
-12.137293
-7.809644
-7.279410
-8.284244
-11.237959
-10.672320
-8.034546
-6.048442
-3.596220
-7.713179
-3.115120
-3.800506
-5.711987
-7.374368
-5.602744
-3.267931
-3.679795
-4.353971
-2.913324
-1.856724
-4.744028
-7.173160
-5.666903
-4.839594
-2.636167
-10.169497
-7.155820
-5.176280
-3.765911
-4.680564
-8.400224
-4.878458
-1.634168
-3.789046
-1.672784
-4.007485
-3.808622
-19.588133
-16.859325
-16.792070
-7.016325
-9.404348
-9.288276
-4.855810
-3.340017
-5.580571
-11.013815
-9.363005
-3.766052
-4.540249
-2.083853
-5.496527
-4.451293
-13.762992
-12.723836
-11.967318
-7.237978
-4.339061
-3.328236
-2.843878
-1.307552
-1.858957
-5.994961
-6.149173
0.428468
-0.720372
1.635685
0.069792
-1.954723
-1.687734
-0.211299
-1.774216
-2.119675
-1.497862
-3.459342
-2.647464
-2.741151
-2.395856
-2.224434
-3.105000
-4.033641
-6.570919
-2.349147
-5.907421
-7.350794
-13.788258
-14.981862
-12.526816
-11.034137
-9.121201
-12.168344
-7.950455
-9.921902
-10.859787
-10.615103
-9.807538
-10.030566
-12.915814
-11.435020
-11.558776
-12.039856
-15.586811
-15.901593
-16.110355
-7.982705
-5.866366
-9.586092
-3.815608
-3.442308
-3.785138
-2.633446
-2.370222
-2.979265
-1.417936
-3.046390
-3.404351
-5.134387
-12.587724
-14.795121
-14.062853
-10.690726
-9.329921
-13.572410
-0.341537
-1.752332
-1.874615
0.455815
0.541498
1.255256
4.134033
-1.802100
-0.171021
-7.430626
-6.168536
-11.020767
-7.791324
-3.184258
0.382603
-4.991179
3.916820
0.942477
-3.036663
-1.072052
-2.753866
-1.871237
-3.732414
-11.154752
-6.967832
-8.140592
-0.597582
-5.289972
2.231595
5.247271
7.647913
6.553361
5.759322
4.600419
2.176246
1.561561
1.142892
1.870247
3.060436
-9.352614
-2.829019
1.955332
6.110106
2.816177
8.473525
0.523551
1.541991
2.171961
0.393771
2.323425
0.739737
0.718796
-1.860074
-0.052979
-1.277941
-4.729775
3.532764
6.079100
-0.315800
-1.832911
5.096783
-4.358286
1.610544
4.919249
-4.070192
-0.756162
-2.509614
1.181796
-4.810059
-0.535579
-1.605438
-6.310822
0.870481
1.590190
-7.432661
-6.306016
-9.577549
-13.365948
-0.969880
1.548747
-2.357266
-3.276647
-3.804585
1.862367
-5.107736
-1.864985
-6.527570
-4.760151
2.283275
-2.008221
-11.762349
-6.658878
-11.091676
-9.447609
1.762015
3.286065
1.017302
-2.126521
-3.216944
0.502293
-8.351879
-2.279556
-9.362861
1.685240
1.693634
-2.099287
-14.848437
-6.701907
-15.050632
-13.228859
-3.378037
-0.921812
-3.924039
0.384144
-6.933037
-6.184684
-17.664446
-2.336777
-14.878835
3.151503
-1.731612
-4.331135
-8.944222
-4.521200
-14.287341
-20.924643
-4.627476
-2.915454
-4.507530
-4.572731
-7.979570
-5.800192
-14.482646
-0.456811
-5.734028
7.235452
0.254084
0.709562
0.631967
0.610798
-0.169496
-4.970789
-3.338096
-3.308429
-3.682106
-2.174522
-4.182493
-1.865604
-7.584154
-4.032876
-3.278022
-1.508571
-1.746698
-0.626864
0.550778
-0.628325
-1.529589
1.968318
-1.362518
0.342593
-1.144344
3.038609
1.331529
0.743626
-4.436669
-1.640785
-3.285925
-0.864790
-2.718896
-2.574234
-1.734172
-2.836522
-5.940664
-2.616099
-6.358327
-3.523037
-7.417785
2.267601
-8.062619
-3.943849
-4.858781
0.129233
-0.168174
0.583217
1.943415
-0.974579
-3.633379
-5.054131
-8.244271
-6.281227
-8.136609
-5.014718
-5.519904
-4.907105
-1.592092
5.678190
3.645654
3.057202
-0.409351
-1.592600
-0.071291
-0.762508
-1.887316
-6.490688
-4.284163
-0.689765
-2.292971
-1.532389
-2.906112
-5.297693
1.328039
7.013308
2.979907
0.584046
-2.362972
-3.261549
0.153491
-0.914367
-5.014140
-3.822427
-5.300009
-2.256789
-2.653928
-1.606708
-4.337731
-0.891329
0.198464
7.311277
3.404481
-0.819622
-4.059274
-5.582479
-1.933989
-2.070700
-2.195725
-2.149425
-2.430211
-2.467950
-2.598416
-2.086919
-1.081185
-0.532982
-9.528292
-10.639033
-8.347874
-7.387956
-7.641204
-9.889357
-8.908466
-8.916880
-9.161589
-10.005933
-9.048497
-8.319849
-14.154030
-12.112690
-13.197931
-12.954384
-26.401686
-27.089832
-25.326780
-21.705629
-21.043768
-24.215885
-19.397568
-19.145876
-17.992714
-19.529354
-17.948147
-18.192970
-25.016829
-22.414795
-24.103790
-25.010998
-36.739735
-35.861591
-35.055531
-24.761765
-18.013479
-21.540413
-19.715876
-21.284960
-19.809858
-21.822615
-22.095512
-22.924656
-30.711357
-29.852819
-29.485258
-30.571321
-34.978504
-35.779510
-37.637089
-22.846903
-16.376511
-15.817702
-15.867543
-18.689178
-17.642212
-19.804285
-21.225187
-21.431126
-32.394371
-31.126606
-35.056763
-28.309248
-29.763132
-31.789560
-31.827784
-26.463369
-20.523144
-18.905575
-12.940853
-13.190845
-11.405479
-15.178115
-14.096745
-11.950132
-19.230232
-28.327818
-31.941132
-22.932875
-22.608953
-24.022606
-25.659201
-24.452559
-19.565622
-16.139277
-10.387834
-7.810778
-5.010569
-6.982708
-4.807179
-2.879201
-1.807064
-18.563820
-15.484690
-7.595204
-9.867064
-13.145954
-14.158106
-11.068422
-11.272649
-14.088158
-10.405064
-6.835641
-6.518157
-6.340899
-5.992673
-2.807120
-1.296124
-10.239970
-6.841095
-6.864362
-4.388886
-10.973069
-11.192169
-7.963140
-4.049624
-6.074434
-5.405024
-2.762961
-3.516481
-4.803893
-2.541122
0.052187
0.038950
-7.794089
-6.245871
-8.560802
-11.219224
-16.653151
-19.830088
-12.804146
-4.523722
-2.392295
-0.498681
-0.688450
-1.076214
-3.784316
-2.518871
1.218766
0.615388
-8.210766
-12.303256
-15.901791
-17.269762
-16.872293
-18.461475
-17.944370
-3.821517
-0.575939
2.647741
-1.304555
-1.632580
-11.382103
-12.765400
-4.932127
-8.345075
-18.017899
-21.088547
-18.989843
-20.245378
-13.063429
-18.324587
-23.202034
-6.662615
-6.114261
-4.555073
-10.178905
-11.579906
-23.220869
-29.601286
-11.550543
-19.911198
-24.376438
-28.195938
-22.872158
-22.556755
-14.184211
-17.812576
-18.388391
-6.107776
-5.352412
-4.788395
-11.856972
-13.151649
-18.864288
-25.642023
-10.209002
-21.187906
-19.079514
-26.036465
-23.409931
-18.655499
-17.137415
-15.618769
-14.195918
-8.528468
-8.060197
-8.513991
-12.861877
-13.543417
-10.722908
-12.754574
-4.831307
-14.886610
-3.782570
-9.841110
-14.155893
-12.767543
-11.543393
-11.967239
-11.722311
-9.073550
-8.626662
-8.443334
-6.361218
-17.410969
-7.956448
-9.024807
-5.608115
-12.295382
-3.146832
-5.242127
-7.178630
-9.652401
-14.380109
-11.596235
-8.458728
-8.068016
-5.260707
-7.796536
-6.839867
-22.492809
-20.521870
-19.260719
-10.699044
-16.532225
-12.784783
-8.289819
-5.309200
-9.257237
-16.739038
-12.628497
-6.228703
-6.331428
-3.332736
-7.498299
-7.190470
-21.954067
-19.476070
-18.309340
-12.803933
-9.776075
-9.901513
-3.878324
-1.801216
-5.757562
-7.202497
-10.773483
-3.740168
-5.424105
-2.655692
-5.925391
-5.697612
-10.493951
-9.425928
-10.261229
-8.039022
-4.503367
-9.278266
1.303068
1.367245
1.346140
1.363393
1.622011
2.427051
4.243285
0.163341
0.345703
-0.594388
-22.594030
-27.384380
-21.274469
-18.815115
-15.242541
-21.069876
-7.053597
-10.196738
-11.146404
-11.910815
-6.985857
-1.597220
-5.463208
-25.495714
-11.841805
-6.333196
-21.246777
-25.146351
-21.347023
-10.241987
-7.808562
-14.953306
-7.396410
-7.928629
-8.664353
-7.592728
-4.510432
1.221815
-1.436129
-21.429535
-8.779172
-5.474642
-13.963616
-24.323978
-12.392180
-6.470092
-6.101808
-10.705144
-2.863973
-0.763952
0.734023
0.421822
4.195941
7.265672
9.591051
-20.281761
-3.322404
-0.830384
-20.454681
-33.387077
-21.785385
-8.166844
-10.908773
-20.074383
-1.883388
0.503479
0.141438
1.760623
8.088148
11.074311
15.830075
-29.646143
-7.611713
-7.591383
-28.969173
-47.331104
-32.299797
-17.976231
-18.168932
-31.465845
-8.005594
-3.027081
-1.493562
-5.585277
-2.491655
2.556376
4.807676
-28.386520
-10.248807
-18.078426
-34.809322
-49.092346
-22.064564
-16.855331
-13.054195
-23.397621
-15.803441
-10.231622
-12.808060
-10.975057
-13.202403
-9.753888
-6.478316
-29.551926
-15.777671
-26.507030
-18.393995
-30.981344
-14.190043
-10.652866
-7.525133
-13.700868
-15.167207
-7.063303
-4.539369
-9.168569
-13.956038
-12.860934
-5.913598
-43.601780
-21.724766
-23.662504
-14.959125
-28.869370
-13.954244
-21.000652
-8.517801
-9.563512
-12.792145
-6.239367
-2.168747
-9.299767
-14.657733
-12.710389
-6.829369
-28.734438
-11.239383
-9.503304
-4.349488
-16.991213
-2.677603
-9.089686
-7.862215
-8.683106
-14.054832
-5.024574
-1.862126
-11.023268
-22.367680
-14.672350
-14.740750
-34.105755
-21.411304
-13.674347
-3.015622
-11.843336
-0.354298
-2.591286
-4.433566
-5.596340
-12.781775
-7.600784
-3.533313
-20.911327
-33.783623
-12.169415
-20.114073
-32.993492
-15.784938
-11.410593
-5.655999
-6.723554
-5.762354
-4.998710
-7.278660
-6.701681
-7.225016
-16.402880
-7.633589
-23.379087
-34.432468
-12.774892
-15.396816
-25.530766
-5.509881
-3.393843
-2.069229
0.419394
-1.901001
-0.825004
-3.024993
-2.682618
-0.411643
-7.973860
-6.701519
-19.827597
-29.838699
-9.433227
-15.837934
-13.198787
3.219983
3.585577
3.255296
3.917876
-0.125585
-1.298349
-1.999506
-0.375277
1.579840
-1.797848
-3.980769
-22.625952
-28.599247
-6.384894
-14.914934
-15.974767
1.184558
-2.502458
2.777814
3.330002
-2.217882
0.223834
-3.720498
2.130401
4.302065
-1.959949
-9.196162
-34.693817
-37.283966
-14.466371
-17.230766
-24.348124
-3.343576
-4.705515
-10.893480
-8.960171
-10.880747
-6.104917
-9.897582
-2.651405
-0.291717
-9.379036
-10.540410
-38.306538
-40.532471
-21.740499
-18.673830
-18.247610
-10.379959
-8.692012
-17.950617
-14.135135
-17.397955
-7.457021
-9.023211
-1.808961
-2.449834
-5.370036
-10.500400
-20.134850
-24.700924
-10.231538
-16.311972
-16.340296
-3.861835
-11.981965
-23.520859
-17.203550
-18.422569
-9.890690
-15.792542
-10.297494
-11.430045
-11.005177
-20.614187
-25.874920
-23.615574
-20.691124
-32.096928
-32.113113
-4.179265
-4.390344
-4.537982
-4.594656
-5.506874
-6.017612
-7.423444
-5.638116
-5.775447
-5.934929
21.424166
21.585794
15.005783
13.850616
6.739059
10.017859
8.745387
12.325703
14.435880
15.470275
15.538079
14.564933
19.076723
16.878033
18.931112
21.733795
9.014832
11.653867
15.872800
-8.382105
-10.150754
-9.276518
-5.617831
-4.407766
-2.834002
-1.749350
-0.880036
-1.941537
-2.161589
2.747730
1.179713
-4.474946
-13.260447
-7.748085
-10.739854
-3.558677
-9.120823
-7.996625
-4.754501
-4.089939
-4.354048
-1.882787
-2.160939
-3.416705
-2.108642
3.538336
1.402512
-4.551378
-16.057772
-12.219146
-11.183323
-15.682962
-13.420419
-17.140453
-11.640522
-9.205027
-9.599367
-7.230956
-6.377793
-10.328855
-9.654408
7.417274
9.563749
-5.504456
-41.576679
-36.334480
-39.412067
-34.504391
-30.316233
-34.292057
-18.087034
-18.271284
-19.782721
-15.876225
-15.720611
-15.162489
-17.495310
-12.347099
-10.055732
-22.173956
-33.675426
-35.297733
-38.423237
-21.586775
-14.984613
-17.569946
-10.684048
-8.805562
-8.361159
-3.895369
-8.531364
-6.338700
-7.174714
-11.553823
-9.585933
-19.323139
-16.707205
-21.226933
-18.144123
-7.899476
-3.705604
-2.616371
-6.418157
-3.946249
-1.728657
-4.814693
-4.053222
-2.041955
-2.818245
-17.017714
-3.420292
-0.444995
-0.932212
-2.045105
-3.101337
6.055318
-4.578812
-4.400586
-5.748735
-4.000196
-1.948444
-5.496104
-6.431063
-4.661064
-1.708996
-26.491631
-18.161072
-14.007795
-6.066343
-10.957734
-8.617390
-10.668777
-8.073652
-6.943845
-10.058053
-6.457876
-3.509878
-6.195461
-4.499306
-2.294202
0.840535
-13.058156
-13.843767
-11.028811
-2.968803
-7.069906
-5.777759
-9.559671
-6.438621
-7.775741
-14.033144
-7.883269
-6.441881
12.438474
15.046753
8.212292
12.191298
-7.702184
3.316014
2.362401
7.870553
3.073778
1.678613
4.394411
0.840149
5.366557
5.278078
13.505674
15.103861
3.011790
6.506684
-3.345463
-4.049758
-22.467878
-16.569036
-13.303156
-9.495003
-12.914930
-16.203716
-10.649738
-1.272079
-0.282581
2.500060
5.893734
2.709710
-8.643605
-12.608756
-3.281986
-4.442137
-4.422334
-6.695196
-5.642628
-5.714081
-2.776937
-6.278148
-5.687055
-5.984349
-2.965575
-4.250937
-0.981212
-3.827665
-15.498100
-20.077574
-5.900343
-11.530710
-9.446014
-11.674342
-6.905102
-9.897485
-6.735070
-5.990618
-3.732785
-6.564184
-4.074343
-5.527734
-3.126474
12.268805
-15.400052
-19.860970
-5.455872
-18.395460
-13.318925
-16.396034
-11.101954
-9.540417
-4.823971
-2.862507
-2.872838
-2.850451
-5.377767
-2.386303
-7.395013
-2.011261
-12.975836
-18.407635
-7.973619
-7.663456
-4.672518
-6.321193
-8.274151
-5.901002
-5.962852
-2.872867
-1.722574
-2.180807
-1.439062
-0.353209
-0.158435
-4.971915
-8.099816
-14.565872
-4.534733
-8.270974
-6.171117
-3.006589
-7.671313
-6.178931
-7.209066
-5.603035
-3.472194
-5.199287
-1.263614
-1.914776
-0.861257
-2.872017
-5.483990
-2.526143
-0.235065
-3.263838
-2.086968
3.242714
3.545725
3.788447
3.922586
4.184594
4.439313
5.822315
2.275013
3.514727
3.244174
-36.139637
-36.331322
-26.272293
-24.029577
-15.803351
-21.822744
-11.980980
-18.845512
-23.059208
-23.784588
-22.303970
-19.362806
-30.981203
-27.353010
-26.287506
-29.055599
-29.528448
-33.183968
-38.087627
-5.771098
-5.940447
-6.049898
-2.077055
-3.780787
-6.002392
-6.798515
-4.948186
-2.114357
-6.683489
-10.593546
-6.694982
-1.595814
-12.778074
-15.279633
-17.285524
-18.122967
-14.500828
-17.322189
-11.218206
-10.799906
-9.939816
-10.907509
-7.046461
-4.748146
-7.139245
-11.381846
-10.321449
-8.831957
-13.640880
-14.812426
-19.656950
-13.478558
-12.316162
-13.411113
-10.493534
-8.624439
-5.273386
-6.805807
-4.656610
-2.603151
-1.412241
-33.347961
-28.783661
-20.645332
-12.351349
-19.787781
-17.134438
-11.220561
-9.112852
-13.358492
-12.164968
-7.149863
-1.159394
-4.291644
-0.289494
-0.045016
2.853219
-15.730562
-8.152022
-11.379580
-9.169073
-13.454273
-9.872448
-0.317273
-2.860076
-4.038836
-2.683373
-2.639866
-0.401490
-4.018240
-2.336719
-1.179745
0.973317
-10.518797
-8.115482
-7.970429
-1.664175
-5.556972
-2.615113
-3.120601
-2.432205
-1.318923
2.090216
-0.232165
1.322504
0.146292
-6.197587
-7.144867
-3.096519
-8.688377
-16.240063
-19.324654
-8.660666
-16.137224
-13.112166
-20.489876
-0.986676
-1.211293
-2.413489
-1.735055
0.967085
0.167273
-1.436914
-2.326121
0.896224
-5.081933
-7.828070
-6.177895
1.590556
-3.617846
0.575832
0.055732
-1.336688
-2.802892
-2.848359
-1.412710
0.621208
-0.506157
1.937833
0.894661
2.843421
-8.452197
-1.690398
2.108684
6.634998
0.169734
6.634074
6.681175
0.263999
-0.757699
0.805512
-1.003853
1.830237
-23.517015
-20.706541
-12.636318
-15.697496
-11.623865
-20.080687
-12.391472
-8.582867
-14.320525
-9.620014
-11.787937
-7.694319
-14.376225
-14.767512
-25.178143
-19.940857
-24.339281
-24.227692
-0.646122
-0.468061
-8.886051
-5.234265
-4.418738
-3.115591
-3.914971
-2.607869
-2.857638
-2.173445
-2.951811
-3.122751
-8.476687
-2.542390
-12.574875
-10.022287
-3.289098
-10.692097
-13.361901
-6.309223
-2.228261
-1.412207
-0.087758
1.137636
-1.386117
3.092974
0.182113
1.603067
-1.484132
-1.610305
-8.798500
-7.984474
-2.595372
-3.050173
-5.842793
-3.189521
2.376098
2.768914
2.644235
5.228888
1.367866
6.345690
3.374720
3.831344
-0.828992
-18.101786
-21.676310
-19.293852
-6.209085
-6.042847
-4.332904
-4.531472
-2.574525
-0.454343
-4.505323
0.353353
0.925872
4.057130
3.150681
2.490156
-2.452257
-4.476720
-6.875512
-6.533653
-0.806416
1.204414
2.411223
-1.577457
-2.406231
-2.395144
-5.588824
-2.059020
-2.290830
0.170184
-0.795897
-0.639998
-2.317744
-7.152461
-9.806326
-7.103250
-4.829002
-6.156864
-4.113739
-1.265778
-1.758331
-7.155533
-7.062419
-6.106961
-3.886933
-6.035428
-4.769723
-5.351831
-3.324462
-15.929799
-19.737125
-23.856876
-12.350631
-21.416952
-17.555046
2.402808
2.713112
3.084270
3.237320
3.861398
4.070069
5.174980
-1.770344
1.939597
1.359323
-41.992928
-45.890339
-36.019020
-32.557728
-23.446497
-31.883345
-17.057533
-22.322468
-24.599178
-26.016649
-21.849321
-17.717047
-29.183477
-35.150440
-29.049923
-28.377907
-32.833580
-40.941692
-45.819572
-14.781736
-13.133269
-15.686687
-12.121997
-10.337102
-10.023106
-10.047253
-5.985543
-2.596828
-4.239926
-18.189468
-11.356732
-6.125469
-16.762856
-20.572437
-19.901356
-16.433348
-12.106425
-17.159245
-13.154874
-12.058182
-9.599699
-10.156648
-6.218160
-3.504925
-2.367768
-21.356405
-12.647462
-17.240604
-15.979646
-20.417974
-24.869247
-16.397779
-12.772319
-17.370926
-9.470693
-7.922673
-3.148797
-4.975185
-1.216609
0.814926
5.656212
-40.317780
-27.478895
-24.832607
-16.186275
-26.738672
-21.666372
-21.504219
-18.890202
-25.019337
-13.547771
-8.265250
-2.040046
-6.157875
-3.015922
-1.495705
5.878066
-17.789234
-9.323545
-18.054224
-15.169623
-20.154640
-6.875010
-8.854120
-5.250725
-7.671969
-4.459353
-2.802218
-1.401024
-2.030279
-5.164063
-3.455879
-0.017605
-14.784154
-7.779178
-7.820898
-3.048728
-9.608537
-0.191555
-1.024109
-1.871626
-3.362020
-3.566444
-1.529763
-0.346019
-0.727897
-8.277761
-7.640384
-5.215647
-17.549891
-13.497266
-13.650861
-12.310598
-18.881651
-13.118629
-15.362161
-1.719390
-2.378089
-4.507220
0.039769
-0.025227
-0.350912
-1.508825
-2.887455
-1.666357
-6.413593
1.459248
2.158935
1.319836
-2.771346
1.061228
1.868627
-0.586305
-0.789731
-2.545752
1.272309
1.447364
0.627329
-1.590491
-2.023844
-1.473331
-10.238584
2.096472
1.875991
3.142995
-0.650451
4.657471
2.388781
1.026653
-0.191520
2.170208
-1.117182
3.711622
-28.799353
-31.579836
-12.808784
-21.146397
-19.902208
-16.345263
-11.620461
-9.829382
-13.773000
-7.838701
-9.851260
-5.689513
-13.005949
-10.988204
-24.046928
-17.023190
-26.524033
-32.471100
-3.439867
-3.791962
-7.400780
3.735950
5.425221
4.511881
4.245136
5.672866
6.088832
2.431530
0.503051
1.459888
-1.695791
1.715928
-3.670423
-8.090528
-7.495474
-9.134925
-1.389064
0.568803
2.887352
3.077047
2.594973
3.608980
1.768583
3.510078
2.346770
2.287659
-2.692922
-0.602098
-1.615339
-0.072551
-1.529561
2.889976
4.237113
2.195128
3.445918
6.394518
5.136039
5.981307
4.359523
4.963365
4.514796
3.471745
1.193045
-19.840305
-20.009190
-20.819927
-10.951053
-7.972999
-8.998671
-2.174516
-1.904189
-6.073824
-8.580160
-6.969358
-1.654055
-3.359189
2.062845
0.449108
-2.704514
-4.741858
-9.890672
-16.480263
-6.113421
-6.925819
-9.262569
-7.304829
-7.022233
-14.107121
-12.023584
-13.148702
-8.062951
-8.297982
-3.344292
-3.708501
-4.952516
-7.612400
-10.565843
-13.739813
-4.886087
-7.442064
-7.868917
-2.691957
-6.445231
-14.106380
-4.925926
-8.646122
-6.864503
-10.381479
-6.263677
-5.411527
-7.176311
-10.485990
-16.705929
-15.919034
-10.104524
-22.135216
-25.203100
-3.727741
-3.771609
-3.396431
-2.965360
-2.889785
-3.225283
-4.432375
-5.225251
-3.249456
-4.148737
-14.688594
-17.051453
-15.674986
-14.283727
-13.529694
-16.080893
-13.371637
-14.387134
-14.536934
-14.516584
-12.806002
-12.946567
-15.868095
-16.391399
-14.704335
-13.147240
-22.823139
-27.866600
-27.239878
-20.441563
-19.707958
-24.671272
-15.526113
-14.645117
-14.203337
-14.058807
-11.506794
-11.048517
-12.608683
-17.521772
-18.533598
-18.307762
-34.140984
-38.556652
-38.522697
-25.661737
-24.520741
-30.607594
-14.781355
-15.607878
-15.359840
-14.333209
-12.534585
-11.436806
-11.020688
-20.883350
-18.464922
-20.492447
-22.074905
-29.478666
-27.304512
-19.898968
-13.830632
-20.270304
-8.855801
-9.318535
-11.381253
-10.358406
-10.092050
-8.361201
-8.244884
-22.226122
-16.819002
-16.670572
-11.110634
-19.677271
-11.624393
-10.846812
-8.308687
-9.593025
-4.195020
-3.344661
-4.799312
-7.215708
-5.494710
-2.423082
-1.905627
-18.836914
-8.757693
-2.333045
-4.977275
-12.486599
-3.759902
-6.629436
-7.595447
-5.732796
-7.051657
-3.527476
-4.572271
-4.592230
-6.217031
-3.755976
-4.107266
-13.304028
-3.312485
-4.281402
-5.751606
-10.460613
-3.215035
-6.694040
-0.935192
1.464889
-5.089963
-2.435341
-2.135988
-0.520619
-3.444108
-0.986652
-2.297760
-12.308014
-4.262747
-2.355675
-6.922361
-5.632048
-6.628591
-11.120893
-1.038876
-0.097959
-2.786959
-3.315159
-2.758280
-0.264571
-5.309891
-3.208355
-5.961846
-4.376652
4.121499
2.501478
-7.238168
-2.676890
-7.374958
-7.290520
-0.401480
0.903751
-2.106329
-1.762735
-2.287777
-0.453752
-6.469874
-2.789360
-8.214165
-4.258480
2.973866
-0.470137
-10.611925
-5.315504
-14.705637
-12.107732
-2.430719
0.512549
-0.016837
-2.911276
-4.568661
-7.472425
-15.068235
-2.088376
-11.305572
-1.370324
-4.807431
-5.800487
-8.107038
-4.931248
-13.388585
-15.759342
-4.797377
-2.600807
-3.361773
-7.199243
-6.481020
-9.287474
-15.238083
-2.398266
-3.476405
-5.454659
-7.549633
-3.060739
-2.152840
-0.139645
-1.777958
-4.247181
-2.055213
-0.757083
-3.139678
-1.381652
-3.386486
-13.092733
-18.962500
-3.879916
-7.449069
-8.185195
-8.252639
-3.959693
-3.374364
-2.758835
-2.283658
-0.677829
-2.044118
-0.935297
-4.255293
-1.361939
-0.814298
-11.678411
-15.930061
-3.811170
-6.405641
-8.109109
-7.919998
-6.187779
-5.523680
-3.670111
-4.663107
-1.686634
-3.959690
-3.508189
-6.606160
-4.288043
-6.652584
-5.481705
-11.221567
-2.765420
-4.153740
-5.635106
-3.950760
-3.773682
-6.336987
-5.549846
-5.998170
-4.231845
-2.728909
-3.136710
-3.317508
-6.826939
-0.797383
2.408974
-0.167502
0.491485
-7.122229
-4.425055
-3.425548
-4.042883
-5.028741
-7.707949
-5.110110
-1.428885
-2.295475
-1.428055
-1.411722
-5.185145
-1.317519
2.901135
-1.398316
0.592885
-6.617251
-6.995604
-1.826227
-2.652296
-8.921471
-5.164577
-6.446666
-4.566714
-4.012609
-2.233460
-5.521921
-1.795931
-3.844689
2.750980
-0.849286
-1.926919
-6.514245
-5.916877
-5.889653
-6.455564
-7.138233
-7.408959
-8.527394
-9.077665
-10.842650
-4.568656
-7.789696
-8.639396
12.309692
7.793176
-0.560554
-1.356306
-3.802104
-2.993502
-6.046959
0.864476
7.019540
7.732512
8.082584
6.129326
13.256196
6.627180
8.142737
13.802028
-23.766928
-28.496407
-19.557638
-43.955563
-40.412388
-49.348648
-25.283804
-23.793003
-21.747107
-21.311087
-17.196255
-16.104795
-17.298731
-30.270063
-26.564779
-31.835323
-54.151581
-57.614079
-49.153671
-26.506447
-19.005033
-24.066860
-17.400026
-20.544947
-20.727045
-22.277632
-21.602654
-20.829128
-28.521696
-35.078110
-28.989037
-43.184875
-46.440510
-49.273067
-51.806747
-9.103969
-5.865233
-7.771858
-8.117709
-15.525195
-17.164160
-20.140835
-21.627785
-22.060596
-35.639046
-25.772970
-23.225317
-28.632015
-24.863747
-25.308699
-30.122913
-20.301134
-12.402976
-9.386678
-5.101628
-7.827623
-8.224545
-14.645936
-12.192399
-7.596820
-12.595448
-37.004486
-36.297100
-19.330942
-19.418741
-28.683561
-19.780386
-27.272564
-23.883560
-21.448212
-16.516014
-12.147303
-9.699640
-9.472692
-9.014687
-5.834664
-1.758030
-28.838255
-29.651119
-16.505045
-5.369477
-17.479937
-11.585542
-8.686653
-13.469927
-18.131035
-21.096054
-11.492362
-7.780389
-6.426124
-4.779215
0.250991
0.296663
-22.811821
-1.443248
4.356607
1.090656
-3.089119
2.157997
13.019866
-6.343597
-10.945603
-10.434469
-6.522431
-3.533311
-5.661762
-5.026267
-0.903749
-4.457441
-20.989670
-8.024589
-8.180783
-11.743083
-13.566227
-16.609348
-17.297153
-3.737896
-1.785089
-0.289753
-0.353235
-0.010568
-2.782724
-9.758959
-6.375922
-9.354751
-9.275619
-18.161068
-20.609114
-16.298761
-17.713146
-19.364704
-23.704468
-3.746363
-2.240225
-4.650566
-1.142397
-1.746534
-6.844522
-11.655418
5.829116
-6.965904
-21.054459
-3.333315
-4.196402
-7.519069
-0.152739
-7.423544
-7.942471
-2.804195
2.340851
3.452142
16.173548
12.544090
-30.838100
-38.653599
-17.610859
-36.852253
-36.675938
-25.870424
-15.735274
-18.147381
-10.649250
-15.098687
-17.964455
-3.944722
-5.398702
-2.229316
-8.675741
-8.626891
-28.445335
-39.463169
-21.610508
-21.095085
-11.914003
-29.204172
-24.182455
-18.359241
-18.182316
-16.049646
-15.216162
-7.742806
-9.111465
-9.081774
-20.066044
-15.864762
-13.464911
-17.235786
-5.451357
-14.004125
-3.424359
-13.104639
-15.103211
-17.505148
-14.259477
-12.303725
-11.895652
-14.794229
-9.799520
-17.367357
-13.266218
-4.586770
2.001271
2.405845
2.781683
-12.613695
-14.003579
-4.739040
-2.085297
-14.052560
-11.587969
-12.071221
-7.031385
-13.511259
-5.790508
-10.516562
-0.700473
-29.142960
-28.206936
-28.975185
-17.350882
-24.404696
-19.476669
-11.085254
-2.069577
-15.686510
-22.338358
-19.088318
-9.256954
-12.344319
-4.361527
-9.719652
-5.278385
-31.528406
-24.784475
-26.267572
-13.919409
-11.223581
-6.507602
-4.321471
-3.632388
-7.250022
-11.190909
-11.601254
-1.750450
-4.304765
2.104669
-1.097030
-4.786305
-5.379710
2.646976
5.880458
-0.473576
5.086421
4.837270
-2.681239
-2.818187
-2.858860
-2.784202
-3.150784
-3.351120
-3.912882
-2.871651
-2.542539
-2.479594
-10.121943
-11.265796
-10.590895
-9.818382
-10.237794
-12.294591
-5.656938
-5.119723
-4.749981
-5.076852
-3.125858
-3.191525
-3.711239
-9.749554
-7.019275
-5.081743
-29.034126
-30.572124
-24.234486
-21.765881
-17.542124
-23.593067
-15.661256
-16.208639
-16.024576
-17.507627
-16.075684
-15.653162
-22.028053
-22.720961
-23.583441
-25.077007
-31.425886
-30.588589
-29.603415
-9.532285
-8.190989
-9.296619
-9.583494
-11.327415
-11.396545
-12.460253
-13.237215
-13.555708
-20.144064
-16.434874
-17.680092
-18.900494
-20.320108
-20.184225
-22.517366
-13.085505
-10.923315
-8.841442
-6.796345
-8.716177
-8.131907
-9.238268
-10.095997
-11.247399
-15.735954
-13.235801
-12.777891
-13.166905
-19.467964
-18.380836
-21.951769
-16.061499
-14.596890
-11.626118
-6.475204
-7.302297
-7.403046
-6.963666
-6.982457
-6.527937
-8.973145
-17.984489
-16.186604
-14.182983
-16.291197
-18.748878
-18.335215
-14.260845
-13.468101
-11.726168
-8.095043
-5.458651
-3.879407
-3.521620
-1.286338
-0.291092
0.040613
-6.535933
-3.038227
-2.505009
-6.972106
-9.637188
-9.363775
-7.818925
-8.648636
-10.408390
-8.333279
-4.769902
-5.119902
-5.292103
-2.142692
-0.273627
-1.350494
-7.198312
-1.539490
-3.697099
-5.107088
-7.522021
-7.804010
-9.288937
-3.610801
-2.998825
-2.960280
-1.163694
-2.019001
-2.705458
-3.897079
-1.534618
0.038068
-9.315077
-6.494859
-9.323710
-11.928132
-12.206008
-16.258486
-17.080643
-2.912883
-0.925118
0.007486
-0.663041
-1.093683
-1.203455
-4.617590
-2.831368
-1.419057
-3.723921
-5.949364
-9.827794
-9.390982
-7.096942
-10.909459
-14.083723
-1.303634
-0.583618
0.343826
-1.525230
-0.864261
-10.613003
-15.566427
-3.690818
-9.429984
-13.849952
-13.987494
-11.362392
-9.131152
-5.582103
-9.866612
-10.294734
-2.008138
-1.521057
-0.884748
-3.452578
-4.046018
-16.886652
-24.994036
-8.498264
-17.372107
-11.369668
-19.099394
-16.754898
-13.984669
-10.253955
-13.466115
-13.120798
-6.309284
-6.085272
-6.846399
-10.266383
-11.941459
-11.550388
-15.696088
-3.213809
-6.303227
-2.430076
-9.142384
-9.438696
-9.251086
-7.044249
-8.970524
-7.636901
-6.362920
-5.162652
-5.325583
-6.238557
-6.711805
-5.748046
-4.021024
-1.553224
-6.308676
0.479043
-3.064178
-5.955721
-6.190615
-6.586805
-3.905507
-2.851131
-4.772484
-3.507822
-2.238161
-1.997820
-7.937336
-7.102405
-5.896314
-2.885457
-6.439230
-3.908807
-4.426458
-3.406902
-4.737944
-9.879283
-5.598469
-2.632307
-4.026232
-2.467573
-4.093146
-2.436590
-16.262497
-14.891315
-14.308311
-8.230463
-7.684472
-8.241471
-4.759781
-2.746605
-5.348017
-9.285338
-7.828687
-2.758871
-3.489964
-1.430145
-3.812798
-2.943223
-7.962519
-6.705045
-5.310454
-3.854793
-1.515386
-1.833201
-2.177146
0.068877
-1.799058
-3.154857
-3.922880
0.193651
-0.676095
0.094299
-0.666505
-1.280311
-2.679178
-2.134028
-1.536002
-2.838710
-3.517034
-5.150026
-4.750155
-5.127039
-5.406330
-5.695957
-7.248815
-8.583488
-11.373365
-3.335683
-7.539189
-8.677889
-22.213791
-25.016464
-23.627604
-21.071434
-24.417618
-29.637024
-7.393472
-9.987275
-12.667254
-13.593097
-10.948528
-11.320123
-14.882836
-21.141462
-18.381784
-13.883069
-61.104366
-64.575157
-54.956123
-36.433239
-31.035797
-42.739834
-19.267509
-22.901821
-25.535004
-27.215464
-25.231026
-24.289204
-33.780762
-33.932545
-35.737873
-38.436790
-40.063335
-43.926441
-47.919426
-6.542344
-11.222881
-13.572631
-2.511063
-3.547371
-5.970471
-4.706717
-5.964813
-3.765158
-6.749528
-6.611795
-8.193062
-5.788466
-4.347675
-9.069551
-9.129169
-14.918216
-8.620729
-11.825377
-3.250192
-1.434569
-1.376889
0.343265
-0.155752
-0.871703
1.145609
-3.534742
4.422961
-1.668229
-11.452872
-18.850521
-15.661932
-17.930479
-17.793413
-17.678579
-6.374528
-2.303149
-5.952321
-4.374188
-2.184825
-0.529251
0.754177
-29.616575
-12.743049
-13.839269
-32.208897
-41.431717
-29.031670
-16.809315
-17.637012
-19.461761
-15.678475
-11.185254
-9.163482
-7.175492
-3.974749
-2.742376
-1.526924
-9.098592
-3.688275
-16.040590
-16.369022
-22.626204
-12.921983
-13.025170
-6.517214
-5.371395
-9.065537
-5.855464
-4.248751
-5.069091
-5.561489
-4.034043
-2.898316
-22.313986
-7.049438
-11.362580
-6.165614
-7.006990
-10.630060
-22.110229
-2.159768
-0.346244
-3.748260
-3.085129
-4.178063
-1.784841
-8.531655
-5.970758
-3.065432
-21.850731
-15.657882
-11.735621
-10.950721
-12.936223
-19.168953
-24.502157
-4.559121
-2.832039
-7.459613
-3.135231
-1.334795
-4.108998
-3.636937
-1.985355
-1.860357
-13.781744
-11.545848
-10.226955
-8.488872
-7.227100
-6.996733
-1.931669
-4.441237
-4.093195
-7.658537
-1.143895
-3.117678
-16.572721
-21.874706
-0.439112
-12.462279
-20.492287
-13.673190
-4.452636
0.739109
2.176087
-3.951489
-2.332555
-4.250241
-1.883341
-2.757301
-3.341556
-3.890394
-35.829082
-51.501598
-13.193976
-28.501797
-28.205349
-26.392784
-21.042871
-14.204933
-12.415798
-18.307217
-14.085285
-8.272002
-9.117558
-12.680804
-11.470627
-15.527231
-20.096321
-26.607475
1.673561
-0.783432
-8.836695
-2.390813
-2.818599
-5.590649
-0.939495
-3.145136
-1.094272
-3.391536
0.117564
-2.960333
-2.527212
0.378444
-10.000363
-6.033621
-1.747176
-9.801480
-6.330023
-5.000628
-1.195685
-5.901414
-3.384793
-0.257151
3.759774
-2.073246
0.273979
-0.637906
0.548707
1.507290
-14.219353
-11.341308
-2.154290
-9.254511
-13.339715
-8.729836
-6.012479
-7.200185
-10.166515
-4.915265
3.178363
-4.112827
-1.815339
-2.288308
-7.047589
-19.386780
-28.121582
-30.908173
-11.080566
-16.159393
-14.071837
-9.383355
-10.903220
-12.704833
-14.408937
-16.013903
-3.973422
-8.706455
-1.876056
-4.542672
-6.509671
-6.855151
-5.956841
-11.231948
-3.458042
-6.249082
-8.610555
-5.893257
-5.164880
-12.732046
-10.830158
-13.633189
-7.042505
-8.906227
-4.776738
-7.654953
-6.141628
-11.222727
-5.741258
-7.150203
-6.189079
-15.086507
-15.213946
-4.955732
-5.353024
-5.957534
-6.615060
-7.739630
-8.602681
-10.033622
-8.276752
-8.059189
-8.586432
-32.389187
-36.461754
-30.560658
-26.399830
-24.943485
-33.250053
-19.923779
-21.795223
-22.589861
-25.085012
-23.128357
-22.016668
-32.147995
-30.409147
-31.233461
-23.589949
-30.519028
-30.489952
-28.757900
-21.953243
-22.050165
-23.747650
-16.017925
-16.992985
-17.057333
-17.330938
-17.145683
-16.476086
-24.394537
-20.865555
-23.905607
-29.520212
-26.612934
-24.619904
-21.659027
-11.515502
-7.911516
-3.274823
-3.605745
-5.112850
-4.204424
-5.336603
-5.695417
-6.531518
-10.543580
-14.306012
-8.240092
-13.238349
-13.944833
-11.662000
-21.078976
-5.292342
-2.569648
-3.150894
-0.374140
-4.296123
-5.895122
-8.076349
-9.676183
-9.897877
-17.377190
-29.073111
-28.655214
-19.452339
-13.077073
-18.260885
-12.221363
-11.365331
-7.798402
-6.943441
-9.278717
-7.539108
-7.913707
-12.080057
-15.268886
-11.229225
-14.703444
-22.994865
-23.883677
-5.688606
-5.518840
-14.278662
-3.945585
-8.668868
-11.696377
-10.667125
-11.496970
-7.411984
-8.029132
-8.412407
-12.973354
-5.856851
-8.575013
-8.849895
-5.478458
2.414576
-1.858594
-5.922734
-6.295989
-11.042882
-6.852562
-9.494580
-10.276906
-4.852443
-6.090556
-6.293248
-11.793858
-5.412719
-7.044303
-21.607000
-7.614460
-6.894226
-16.543564
-17.992001
-26.990553
-22.431377
-0.285517
-0.293511
2.041827
-0.699635
-1.382520
-1.153763
-9.063418
-5.654153
-7.438177
-1.919333
-2.145129
-9.159503
-9.982629
-3.782061
-10.644454
-14.983735
2.220347
4.017264
6.826501
1.035777
1.645411
1.724922
-10.141964
-5.935777
-9.700966
-1.167458
-11.795304
-14.191343
-14.143771
-4.487682
-14.444484
-13.975839
-3.266915
-1.568995
2.591043
-0.691203
-1.410917
-25.742456
-36.991737
-8.489007
-32.074940
-26.493473
-25.873707
-21.321539
-22.712711
-10.558530
-24.078865
-19.330563
-10.677234
-8.057792
-6.495603
-12.445715
-15.975751
-10.658988
-15.519457
-8.845857
-13.821944
-5.276735
-16.436556
-14.004539
-14.015301
-11.619122
-12.826825
-13.328954
-8.483507
-6.758021
-5.614818
-9.947512
-13.551953
-1.432032
-3.962754
-4.605280
-6.542140
2.019763
-6.687004
-8.745983
-6.849614
-10.315196
-8.350752
-8.367864
-8.423211
-6.645155
-4.390414
-8.848538
-6.810592
-10.811701
0.476402
-0.456653
-7.962548
-1.496963
-2.822813
-9.568767
-9.116396
-9.165752
-4.598945
-5.881900
-10.582679
-6.630628
-5.526175
-6.628446
-22.293560
-19.497215
-18.221386
-8.600718
-10.798844
-13.855304
-3.958386
0.324025
-9.163214
-15.670069
-15.777934
-10.261415
-9.473941
-3.831663
-11.290604
-3.716514
-10.133961
-2.464144
-1.932909
-7.516722
-4.387051
-0.820843
-1.852761
3.522733
-1.441605
-6.471608
-6.287296
0.479623
0.185345
1.415371
1.508926
-3.013791
-2.962408
4.361007
5.376343
2.756949
0.832066
2.702205
2.475088
0.436169
-1.451500
-1.082547
0.979253
-1.145468
-1.756954
-1.958645
-0.761455
-5.744610
-12.461564
-4.014891
-7.266624
-9.153679
-12.271812
-21.574318
5.192780
5.356447
5.121778
4.164040
3.541343
3.000909
1.850503
-3.997872
-7.564923
-11.165050
-71.394516
-78.469185
-62.126396
-54.856220
-41.042896
-54.024582
-27.818945
-38.146709
-44.462570
-47.968349
-40.865215
-33.389416
-62.781456
-69.810471
-61.139427
-59.140518
-40.705296
-46.126854
-50.540375
2.923114
3.856793
5.503549
-0.771577
0.046134
-0.641779
-3.964694
-0.056754
8.592001
-4.890223
-24.513306
-13.205172
4.188748
7.666433
0.133976
8.946314
-9.088894
-0.761124
3.050342
-11.632256
-7.401164
-5.324357
-10.344024
-6.202781
-3.607895
-14.308022
-26.827976
-17.559040
-1.810084
-0.013332
-9.215653
-9.990602
-2.537891
-5.035200
-9.378810
-16.213446
-12.898670
-11.914937
-12.542468
-7.474146
-4.212799
-12.416114
-60.075298
-47.202209
-23.342678
-2.178966
-20.935612
-7.635480
2.474327
-5.197061
-13.455910
-13.478916
-5.934381
-0.200979
-10.886266
-7.558667
-5.116971
0.437685
-14.519026
-5.943345
-6.162228
-7.583305
-20.192032
-5.929917
-1.074121
-6.042681
-13.876710
1.699715
-2.691132
-6.364792
-10.742934
-9.252201
-4.131804
3.396764
-22.677782
-11.754067
-12.100700
-3.630632
-12.912947
-12.989347
-12.703621
-10.634033
-14.523726
2.106874
-3.280925
-7.243611
-12.127103
-24.463585
-17.725998
-8.630340
-44.172607
-40.953926
-43.422443
-25.333803
-35.152081
-29.308332
-43.277531
-9.132523
-6.361800
-1.243293
-5.254615
-7.333239
-7.767567
-20.427557
-14.531069
-9.492197
-9.457133
-9.299189
-8.908132
-9.643952
-10.637623
-6.463076
-6.448472
-4.447721
-4.422587
-9.710803
-9.554378
-7.503446
-8.718763
-24.064795
-10.889353
-20.363831
-27.162102
-23.305931
-12.849294
-22.033222
-20.136307
-22.335981
-8.691655
-9.814910
-7.841390
-18.354851
-14.006692
-10.440991
-51.538921
-59.753170
-21.046162
-44.495609
-46.569031
-42.058994
-31.436308
-35.723492
-31.150768
-35.029465
-36.897690
-18.364342
-23.065767
-22.314201
-48.934841
-41.092770
-28.601154
-37.688427
1.668413
-4.649194
6.154679
18.919863
11.784391
7.782805
8.231319
4.759673
-4.145875
-5.018362
-1.928685
3.144243
-11.389563
-3.737258
-8.961228
-10.503521
-7.416641
-26.569294
-10.692101
4.357574
1.724376
-1.930543
-1.711624
-2.820462
-1.977064
-3.825267
-0.739528
-3.522418
-10.066824
-1.637364
-5.748784
-1.880008
-1.282332
-6.660332
-3.128233
1.103951
1.036360
1.607048
4.708684
-1.209714
-0.271869
1.158485
4.729597
-2.026239
0.879104
-30.151905
-23.680302
-24.963062
-21.058186
-5.102936
-3.630709
7.685017
-1.339864
-4.761843
-10.033794
-13.191639
-2.929797
-1.971688
0.880120
0.090290
-5.711349
-0.594980
-4.989275
-8.412511
-7.964387
-4.563247
-6.248255
-4.055679
-2.623763
-4.355685
-9.306727
-8.626976
-4.816740
-3.241333
-3.972764
-0.951629
-4.373943
-18.932959
-23.735786
-28.114574
-12.835678
-20.312195
-22.219070
-7.177857
-9.654224
-24.851292
-22.528717
-24.078381
-17.463478
-22.300785
-18.557384
-20.201757
-17.917967
-39.730080
-43.636940
-50.221222
-35.248436
-49.924210
-56.137295
-4.007553
-4.301499
-4.605355
-5.027924
-6.108697
-7.250106
-10.433943
-6.815969
-9.721509
-11.187949
-5.592790
-7.080305
-8.366645
-7.532277
-8.773016
-10.070694
-6.422437
-4.654612
-2.965311
-2.878450
-1.516764
-2.527872
-3.662156
-6.804933
-6.880238
-3.354291
-19.656971
-22.060051
-19.314003
-24.585052
-22.684048
-26.074608
-15.814152
-14.193567
-12.880552
-12.267197
-9.630401
-9.895132
-11.761257
-16.453568
-15.657678
-19.034637
-33.076527
-35.866310
-34.689758
-24.115685
-22.652018
-26.975069
-15.862644
-15.050964
-14.580610
-13.326785
-11.184583
-10.380871
-14.119289
-17.064220
-15.059034
-21.868443
-31.398523
-33.024754
-32.072956
-21.678053
-18.076740
-23.582010
-18.296347
-18.522556
-18.822498
-17.327835
-17.410358
-18.461180
-23.030848
-18.475256
-15.466396
-25.496622
-31.332767
-32.570972
-32.352829
-23.340164
-20.195898
-21.497742
-11.777189
-12.649649
-13.049397
-14.439815
-14.786793
-13.968977
-13.984496
-26.446163
-19.623907
-23.568037
-28.872700
-36.909729
-29.562202
-22.109779
-17.678238
-17.770142
-12.270542
-10.706431
-8.810200
-8.165697
-9.047058
-6.920433
-2.403782
-22.792946
-14.261549
-19.915516
-19.460600
-27.952847
-23.630150
-11.493713
-10.686529
-10.522358
-11.561708
-8.007365
-5.048344
-6.188659
-4.238288
-0.501849
2.300665
-25.875801
-15.206774
-10.980977
-4.790352
-11.911716
-6.054318
-5.568729
-5.582984
-6.398790
-9.601128
-6.451882
-1.748313
-4.739612
-3.365317
-1.763605
2.519914
-28.307552
-19.111826
-13.966422
-5.173780
-12.929614
-8.484629
-10.097665
-5.206956
-5.654483
-8.856057
-4.043571
-1.713685
-4.495931
-3.876381
-0.584983
0.345257
-21.688324
-22.959753
-16.537054
-6.557383
-11.950754
-10.990534
-9.835602
-7.701088
-8.094614
-14.110367
-2.335644
-5.235063
-8.454915
-10.786211
1.340486
-7.693313
-20.006493
-15.049098
-8.495494
-5.741908
-8.073394
-12.040070
-6.092719
-8.580846
-5.284672
-6.684823
3.123444
2.561341
-19.953991
-25.782673
-8.657922
-20.243740
-25.425932
-22.356253
-16.442251
-13.909114
-14.156321
-16.243530
-12.354346
-6.325911
-5.380826
-4.274606
-4.133050
-2.520115
-21.745831
-30.837891
-9.957700
-18.573570
-16.212809
-21.165100
-14.051239
-11.894855
-10.782227
-8.867605
-7.662209
-5.710443
-4.772470
-7.524995
-5.346211
-5.521705
-24.744648
-24.501318
-9.572628
-15.249019
-8.676105
-18.098045
-12.373311
-12.636552
-10.130378
-6.354902
-3.665215
-5.920889
-5.626392
-9.153732
-2.882400
-5.263547
-18.573963
-20.921583
-6.462609
-17.534452
-9.754548
-11.289459
-8.817691
-10.591876
-11.051178
-9.615508
-4.669979
-6.725344
-3.812547
-6.090844
-5.194181
-12.344276
-20.419636
-23.990803
-10.832964
-16.353647
-11.233869
-11.858152
-10.932976
-14.029312
-19.358740
-15.952024
-6.960004
-10.436559
-3.801052
-6.701974
-5.014705
-20.033129
-21.698713
-25.272690
-8.062641
-13.170768
-13.556059
-7.275509
-8.656092
-15.677375
-16.768654
-17.588411
-7.950123
-14.036035
-3.992143
-8.378623
-3.661911
-15.904623
-13.044694
-13.590048
-9.428409
-13.424889
-14.793459
-1.939080
-1.988980
-1.937920
-1.710278
-1.577302
-1.276640
-0.963693
-1.940840
-0.999217
-0.777819
22.192669
23.424116
17.443111
14.775438
12.147638
16.906681
9.549107
13.192962
15.937044
16.278223
15.193970
13.730518
21.965040
14.665493
16.192688
15.360096
14.624631
13.813029
17.158024
-2.911848
0.652420
1.547613
-2.242651
-2.020126
-0.958024
-1.861683
-2.899900
-4.233306
-3.854676
-5.167253
-7.048342
-7.709939
-0.654278
-2.258542
-3.778204
3.810423
6.539344
6.137273
0.236687
-0.975464
-1.659119
-1.834461
-3.474652
-3.222692
-4.370453
-2.567974
-6.464704
-1.977327
1.118777
-2.868315
-0.195033
-4.201283
-1.938273
-2.703132
-1.664548
-4.722288
-8.245166
-7.640372
-8.789883
-7.727094
-9.145322
3.748580
1.793271
6.529399
9.504442
8.482882
6.814788
4.495098
8.547909
6.869824
6.188019
3.825521
1.154963
3.304636
0.906502
1.636422
2.890944
5.110216
3.062370
11.522034
12.245956
10.961360
9.297455
6.036542
5.458887
2.674295
3.059595
2.786043
1.654004
1.621192
3.878153
2.308206
3.756028
-0.101748
-0.554131
1.546466
5.430939
4.015826
4.925520
8.983894
5.700265
4.292029
6.822473
3.710257
2.420774
1.817822
9.869720
6.502532
6.420889
9.639514
7.927312
11.121208
15.581862
12.348026
18.816671
17.773520
2.194429
0.142867
4.198267
1.901950
-0.064422
-0.291714
2.289279
2.022276
2.020922
-0.299288
1.098697
3.037333
6.839223
3.975500
10.726428
6.766788
1.921043
1.598777
3.203303
2.077736
-0.478044
0.371240
1.589336
1.600385
1.924507
4.903653
-0.136014
2.729305
4.710572
-0.013551
6.113275
3.271778
0.541762
0.381646
-0.702804
0.362834
-1.352081
10.643693
15.975142
7.254782
13.984366
4.674379
6.088379
5.944943
6.597396
4.542515
7.095557
3.585056
3.978555
4.812119
8.047966
11.843653
8.980856
10.629801
14.610868
-0.412290
3.535426
5.174633
-1.881199
1.018349
-0.401148
0.357063
0.617507
-1.422870
-1.150962
-2.331140
-2.767094
-2.773503
-1.784917
1.340228
-2.250867
0.748800
2.896871
3.092088
1.038072
-0.947536
-0.631386
-0.299096
-1.920911
-2.365080
-1.983133
-2.513787
-4.757236
-2.094549
-4.311125
-2.749942
-8.041757
-1.071397
-7.035868
-6.954649
-2.739566
-3.583607
-4.556935
-3.020338
-6.912672
-6.151862
-4.436465
-3.699159
-4.648791
-4.099762
5.439973
9.833805
5.309421
8.550524
3.112435
3.675050
2.445677
0.988093
2.615022
7.715923
2.411166
1.479514
-1.249247
-0.284780
1.646096
5.217121
7.633747
7.825447
5.289267
1.284274
3.959369
3.988047
3.750204
0.694413
4.001266
6.957504
5.753598
2.083291
2.345168
1.492104
2.032132
-0.705055
3.112166
2.189083
1.960112
-0.708337
1.308355
1.593856
-0.126351
-1.418039
3.998268
1.939493
3.730501
1.473518
3.368672
3.478720
3.836697
-0.063355
6.615515
9.565653
9.145466
9.164627
11.555167
12.671496
0.159686
0.115337
-0.175141
-0.833197
-0.744834
-1.551078
-3.712320
-6.824552
-5.098804
-6.108973
-23.817404
-24.068037
-15.755036
-12.879786
-10.458353
-16.968754
-12.952196
-14.496716
-15.606420
-17.585283
-15.980769
-15.816738
-30.962742
-25.643253
-28.472181
-31.067556
-36.188854
-37.785809
-34.485481
-18.608095
-19.159315
-23.690563
-15.743329
-13.995063
-11.364094
-14.054021
-10.481714
-11.408969
-22.324495
-19.943829
-26.816797
-28.499525
-40.588375
-39.116352
-39.687016
-40.445255
-36.065544
-43.042297
-28.886171
-27.038322
-24.461525
-26.544615
-24.014816
-25.958733
-39.495125
-31.525297
-38.357464
-42.294910
-64.996811
-62.977104
-63.042126
-55.307636
-45.526798
-52.976772
-37.867626
-37.949154
-37.284290
-36.816044
-36.852837
-37.755219
-53.264408
-56.329117
-61.030155
-62.584606
-78.080650
-83.061661
-81.050949
-59.467754
-52.189854
-56.225918
-35.592236
-32.926926
-29.165701
-31.202028
-27.339220
-25.927084
-33.676331
-41.859180
-40.412960
-44.845276
-62.952099
-69.775505
-69.851814
-43.981014
-36.142735
-33.486458
-18.906862
-15.718837
-11.912115
-13.702538
-7.658432
-3.716710
-0.507676
-22.172367
-16.258474
-20.160839
-25.085754
-32.048321
-32.738647
-28.063616
-18.795485
-17.753977
-12.349362
-9.644288
-6.295527
-6.825106
-8.065927
-3.885630
2.095952
-27.227228
-19.894459
-23.825342
-15.605603
-29.465757
-22.253429
-27.816355
-6.822268
-8.929361
-12.306319
-6.901969
-2.926327
-6.531252
-5.465967
-2.038365
4.648697
-25.863871
-14.602343
-13.366875
-9.155779
-21.399567
-14.674753
-14.482736
-8.521305
-8.726285
-13.793399
-5.886449
-3.973198
-7.998831
-5.428318
-0.348273
1.170577
-25.451784
-17.772951
-17.044827
-9.767059
-20.490177
-16.919977
-14.798827
-8.018736
-5.632854
-9.897244
-5.161289
-6.750191
-15.941546
-21.667074
-14.588142
-20.625679
-29.958395
-35.172382
-30.357450
-20.922445
-25.249655
-35.710472
-35.536591
-15.041044
-14.194218
-16.238983
-22.572762
-18.822620
-25.466223
-34.967335
-12.903060
-23.502516
-35.070103
-30.391216
-25.901947
-22.609665
-15.794381
-23.487438
-24.964136
-10.945176
-6.831439
-8.369060
-11.865078
-8.068440
-24.384991
-31.589811
-10.966775
-33.777554
-31.801702
-32.422215
-21.598116
-17.407990
-15.157766
-12.586936
-10.543162
-10.314069
-5.709758
-8.837978
-8.061350
-10.619913
-33.940613
-38.262196
-11.273535
-31.559519
-16.435926
-26.453850
-18.030905
-18.753654
-14.978458
-12.366578
-11.095406
-12.208954
-9.363298
-8.502311
-10.269399
-26.291536
-32.669140
-38.844219
-15.651284
-22.177711
-9.850933
-15.935262
-14.988383
-14.974158
-20.388567
-15.713255
-6.524407
-9.932590
-3.098342
-7.569621
-14.020935
-16.797878
-25.410704
-30.741880
-8.779532
-19.780006
-11.305507
-9.822000
-11.838920
-10.563400
-25.643274
-20.064751
-5.491040
-10.875939
-3.248970
-9.936347
-7.150192
-19.872671
-22.293871
-22.512581
-10.947702
-21.028673
-20.336554
-8.963325
-9.404288
-19.348850
-23.047039
-28.091730
-10.545177
-20.162411
-7.999502
-16.503345
-7.060037
-30.479509
-29.183348
-32.190510
-14.742657
-22.680458
-27.603468
-3.217526
-3.542283
-4.162636
-4.714778
-5.149748
-5.415843
-5.648519
-4.001966
-3.436099
-3.648329
-17.826765
-19.150282
-17.755949
-16.740627
-15.821010
-20.711826
-8.967701
-8.257945
-8.137990
-9.084674
-8.378719
-9.272756
-4.875537
-8.891520
-8.296164
-8.871144
-10.211141
-10.002250
-10.131410
-6.093646
-5.578558
-6.691688
-0.656692
0.301451
1.081218
1.908287
0.889519
-0.969841
0.758163
-0.177249
-2.241636
-13.603295
-10.016389
-10.104503
-4.587611
7.258140
8.821238
12.561548
5.933015
4.890749
5.659186
4.617226
2.230627
0.164093
1.232338
0.551090
0.396839
-3.585272
-4.634495
-5.442013
-11.073931
3.971544
0.004936
-2.406551
6.346385
0.902441
-3.211120
-3.661495
-4.773135
-4.238007
-6.078680
-7.434667
-16.287333
-13.033303
2.208680
-0.831242
3.379769
9.250625
7.246756
6.675530
6.685713
5.112605
2.883948
1.095242
-3.317828
-0.243537
-1.224546
2.252550
-0.672388
12.021399
11.843070
11.972274
17.483171
7.697104
0.493158
1.403948
-2.496679
-0.768645
-3.096373
-2.649577
-3.231131
0.302138
-0.652699
1.938907
3.776547
7.719317
6.478791
7.586268
6.271243
-0.134775
1.013577
0.114570
-0.296620
-0.237112
-0.634072
-1.247952
2.722319
2.815717
1.308865
-0.970090
5.052004
2.360468
-1.656880
-1.356916
-6.556281
-10.251736
1.471576
2.232965
5.319454
1.767056
-0.759317
1.498416
-1.545357
-0.874842
-2.432855
11.700797
14.478160
6.975857
3.819574
9.073348
7.332152
-0.443352
5.452987
6.479932
5.903926
2.895072
1.007514
4.043132
-3.937116
-2.276013
-4.839632
11.107710
6.937632
4.069038
0.208659
1.763795
-0.957345
-0.314098
3.427007
3.536044
3.488263
4.840995
-0.088830
-17.429340
-21.688309
-6.741636
-18.212563
-11.926031
-9.704830
-3.309091
-4.965336
-1.077406
-6.337996
-8.755716
1.204250
1.098008
2.837998
-3.219232
-8.202966
7.530114
1.110309
-3.525261
1.676966
9.980876
2.529732
7.162657
4.624838
6.727686
3.908203
-1.865355
-0.160061
0.665409
0.544429
-1.524769
-3.678796
6.472178
2.763917
1.384370
7.026874
11.674353
6.105487
2.650151
1.089739
0.219015
-0.492063
-1.087487
-4.163683
-2.639928
-2.129501
-2.890547
-0.700808
-6.999872
1.492159
1.735322
-1.669585
-2.286071
-6.025240
-3.720725
-4.445530
-2.598996
-3.754597
-5.033460
-6.985625
-5.170118
-5.958347
-6.032458
-16.188877
-8.912045
-12.335706
-0.237131
1.250971
-2.453563
3.366256
6.850591
-0.268849
-6.086950
-11.144894
-4.759552
-5.783515
0.283049
-7.451770
5.649001
7.307264
9.892367
7.728838
1.372068
2.817237
6.145987
6.212104
7.613192
4.985271
3.222575
0.037691
4.093720
3.431096
2.830896
3.581006
1.325978
6.772725
10.716663
12.856997
6.658107
1.370661
4.074410
2.998816
1.705788
0.284769
3.427668
5.037881
1.395850
3.349189
2.035830
2.322419
-0.685538
-2.162853
5.541760
2.946655
2.632416
1.873936
-3.657216
-7.132738
-7.625665
-7.973259
-7.938928
-9.048412
-9.525790
-11.073164
-6.183164
-7.259877
-7.451741
13.847528
11.986757
3.262060
1.567173
-3.831893
-1.278396
0.486495
6.583530
9.761225
11.536289
12.592678
11.699357
19.253742
8.647806
14.309845
18.478340
0.270355
2.710595
6.639678
-13.796962
-14.991387
-14.964251
-11.886095
-9.532732
-6.885410
-5.140399
-4.538171
-5.284759
-9.534890
-3.550782
-4.721222
-18.103445
-15.072659
-9.831947
-14.151848
-2.007994
-7.645811
-2.362428
-6.749582
-6.664196
-5.647479
-3.899754
-5.280234
-8.305762
-11.660931
-3.711849
-2.923152
-12.654785
-18.891315
-15.997530
-22.427607
-20.459139
-17.097193
-18.947140
-13.819193
-13.533486
-16.670263
-15.080614
-14.727564
-19.127153
-19.446157
-5.859867
-3.678592
-15.147751
-46.349537
-42.785671
-44.865788
-39.302349
-36.226032
-37.884903
-23.058290
-21.383532
-25.229229
-25.197994
-23.721724
-20.802288
-19.135187
-17.505934
-19.762911
-23.318546
-31.167854
-34.392490
-29.202147
-21.121540
-21.978312
-24.324318
-15.488834
-11.095116
-14.811134
-6.667098
-13.648030
-8.232256
-7.656571
-7.104212
-3.476022
-12.093961
-8.736810
-12.141123
-5.861456
-7.135221
-2.377965
-3.279221
-8.977201
-3.872701
-3.424372
-5.696491
-5.356843
-1.411889
-4.227935
-19.009771
-2.436734
-2.642146
-4.055368
-0.528667
-6.477792
6.779085
-2.892517
-2.671875
0.907586
-3.807148
-1.954828
-3.173496
-10.665995
-8.031841
-6.438746
-16.198420
-11.195181
-15.357347
-5.167460
-4.398108
-7.612859
-14.427249
-3.096625
0.522939
-1.758180
-3.052047
-3.569410
-3.174089
-11.559535
-6.202193
-8.074739
-3.535701
-7.764553
-9.434610
-6.171196
-4.294569
-9.397913
-11.651362
-6.654588
-3.969388
-8.085035
-4.818691
-8.701505
3.360852
1.219113
7.960424
-0.001512
-12.368331
-1.924100
-3.470053
0.489477
0.520868
-2.119673
0.508356
-5.087457
2.615900
7.312493
9.686757
7.727601
-0.126669
0.492635
-8.979733
-6.337538
-11.143414
-14.537100
-10.150578
-9.812804
-12.209394
-17.196238
-13.714941
-3.889843
-3.754494
-2.815729
0.401343
-6.460303
-3.011253
-8.388944
-6.446875
2.722399
5.388076
-0.856271
-0.827406
0.129750
-3.390568
-1.055088
0.144068
-4.802848
-1.996769
-7.389996
-0.625417
-0.605990
-9.751923
-10.530365
-3.210204
-6.623789
-14.034074
-10.628709
-7.468977
-7.744380
-7.531433
-3.666112
-0.743638
-7.034920
-3.194331
-11.111030
-4.119900
7.844442
-15.947161
-18.472883
-7.962020
-13.607545
-17.287470
-12.181400
-5.789886
-12.750028
-7.855522
-8.787273
-8.014477
-4.844575
-6.879467
-7.863578
-10.877564
-6.601360
-11.281082
-18.517519
-10.700821
-7.158648
-5.180617
-5.346737
-5.923959
-10.697274
-8.557491
-7.758843
-1.054083
-2.797484
1.015063
1.409922
-3.052285
-0.002165
1.435052
-9.157438
4.120622
-7.037617
-3.759816
-0.964792
-7.264784
-12.600487
-5.887764
-7.433974
-4.250266
-6.026073
-1.272399
-3.933856
-2.322404
6.450829
3.282146
10.037436
0.480642
-4.554638
-3.739286
1.410399
1.450988
1.429186
1.195572
1.255825
1.569228
1.759949
-2.439721
-5.035950
-7.383754
-11.324985
-17.699892
-14.639205
-11.338889
-11.368554
-16.466093
-5.075564
-5.163540
-4.567150
-5.648518
0.333047
4.483954
1.806518
-19.508875
-9.186777
-2.561640
-6.321320
-9.411208
-6.162954
-1.767607
-1.801042
-8.933085
-1.840070
0.999001
1.721949
2.316592
6.392722
12.657976
13.528986
-15.669821
-2.626491
7.502533
9.179109
-2.684346
11.168102
6.044306
4.539980
-2.436654
4.938557
9.758231
11.798994
10.295382
14.504312
17.717531
21.832384
-14.225333
4.087962
11.855220
2.844173
-12.504051
2.948775
11.211041
2.575530
-8.922064
10.577643
13.416240
11.702868
12.438698
17.900528
21.078655
25.940584
-11.982507
5.845193
10.472429
-10.449937
-27.623461
-8.712312
2.598883
-5.999420
-19.507044
5.813491
9.360604
7.226714
4.120639
5.692664
8.791412
12.514259
-21.611567
-0.907703
-3.062689
-23.800951
-31.757549
-6.880044
1.730820
0.579038
-9.159719
-5.780055
-0.590156
-2.512101
1.024928
-4.939186
-3.725519
-2.480493
-21.428133
-6.297822
-16.667662
-13.702055
-26.673029
-7.366256
-8.257969
-2.833525
-7.986256
-12.572958
-4.906330
-3.361195
-5.083396
-13.622355
-12.802090
-8.533191
-42.601601
-10.895183
-10.146661
-16.861589
-31.063126
-19.224592
-14.185740
-8.271272
-9.934278
-12.158396
-4.525448
-4.949306
-8.681343
-12.732308
-11.615644
-9.148353
-30.833509
-5.135651
-2.185810
-8.159545
-24.014894
-8.412544
-7.264412
-8.975873
-10.636125
-16.109240
-3.927670
-3.233097
-9.739636
-22.954405
-17.144165
-18.722137
-36.996220
-22.007372
-9.335051
-4.585360
-19.247759
-4.563433
-5.581081
-4.212486
-6.944037
-22.568897
-7.086751
-4.578664
-13.899967
-27.136202
-9.538821
-13.651952
-34.582737
-4.953913
2.957141
2.347436
-0.787490
1.880674
1.489595
-0.797699
-0.226187
-11.133822
-7.026784
0.818744
-11.725461
-23.531975
-10.336596
-8.414426
-29.803383
3.256440
9.167912
5.441995
5.818756
4.403391
5.092533
5.113989
4.056609
-2.986299
-2.252806
0.375645
-10.550942
-20.040421
-5.690852
-9.789676
-11.378678
7.476511
11.185822
8.405715
8.442675
4.128092
5.450486
3.047886
3.833636
-4.011416
2.473388
-1.681595
-18.664150
-24.184168
-1.896491
-11.091472
-19.700764
1.716010
0.014360
3.220548
5.604250
-3.494349
3.453486
-4.201971
2.580938
-5.976564
1.145623
-1.611647
-31.844168
-37.370956
-8.474696
-20.378727
-31.646322
1.203983
-1.628734
-11.270862
-5.577157
-15.142358
-4.739669
-13.905072
-3.155528
-4.302203
-10.239120
-6.852760
-35.390060
-37.529873
-14.373562
-15.077729
-19.627251
-7.443670
-6.343256
-17.115585
-8.970464
-17.751511
-5.596921
-10.798763
-2.505130
-4.648233
-4.304410
-6.216311
-18.877893
-19.557365
-8.002076
-15.399063
-15.960019
-6.346689
-11.403258
-24.331142
-10.810049
-17.455046
-9.689862
-16.715691
-9.447104
-11.708806
-9.432437
-13.486304
-24.612810
-11.562534
-10.639502
-21.531706
-26.046412
0.681817
0.836664
1.281486
1.543066
1.326467
1.081530
0.525153
-0.404182
-1.265471
-2.449680
-16.715019
-20.644508
-17.973509
-15.891707
-13.052573
-18.111530
-11.350996
-12.348492
-12.769910
-12.763160
-11.205722
-10.444482
-14.281761
-12.995819
-13.836741
-12.645455
-11.284944
-14.333512
-14.886493
-2.555883
-4.394699
-6.739827
-3.603397
-2.935921
-3.622168
-2.714353
-2.221484
-0.154555
0.103854
-1.124158
-3.068194
-3.647638
-3.000993
-6.046731
-3.427612
-7.098588
-8.025091
-11.150611
-1.503247
-1.737565
-0.930076
-0.587287
0.737907
1.797173
4.454005
-5.637554
-1.341664
-8.024942
-2.781992
-6.495814
-3.111213
-5.571451
-3.421936
-7.965576
-2.176616
-2.885656
-4.245853
-4.258342
-3.757845
-2.841337
-5.179921
-18.344398
-11.694075
-11.239213
5.746321
2.408945
12.944448
6.223377
4.555571
4.858265
3.364118
6.228306
5.176296
1.471085
0.160287
3.074484
4.915823
-6.341911
-0.917665
5.664923
4.268986
1.737303
12.683286
0.057904
-3.235730
-0.160880
-3.837281
-1.650872
-2.194430
-2.777970
-4.911847
-2.093889
-2.312067
-3.710648
1.501497
2.010638
-3.513464
-3.649055
-2.430478
-5.890835
-1.432048
0.961538
-7.951121
-4.373020
-4.234888
-2.242457
-6.563732
-1.798238
-2.968875
-12.063082
-5.763345
-5.341003
-9.908164
-8.526423
-12.426473
-15.302379
-0.982333
2.147574
-2.663045
-4.313026
-2.840624
0.282450
-4.498509
-0.788830
-1.841197
2.313423
3.956992
0.089476
-5.375253
-1.977074
-5.686306
-7.127934
1.263021
2.074259
-0.704436
-2.583819
-2.788912
-0.623523
-11.107312
-3.663999
-9.508903
1.308367
1.302224
-0.152554
-8.201370
-5.035698
-10.538996
-6.947721
-3.349970
-1.268380
-3.139742
-2.636968
-5.923566
-13.837382
-24.975258
-3.296254
-21.458927
-9.336340
-7.152422
-4.635159
-9.568388
-6.535218
-13.660819
-14.630230
-9.005705
-6.739705
-7.613636
-6.793024
-8.838526
-7.671563
-15.037923
-0.096034
-6.862292
4.486331
5.297413
4.636605
3.136292
4.480615
1.051350
-0.343126
-4.492107
-2.075408
-0.518850
0.712626
-1.492096
-1.154916
-1.662187
-5.873330
-5.916027
-3.848922
0.397170
2.260878
2.439586
0.094029
0.538662
2.660917
-2.403148
0.341941
0.330444
0.648822
1.220731
-2.769253
-1.389459
-2.287586
-4.743035
-0.312191
-1.121147
-3.161297
-1.233555
-0.778418
-2.801267
-1.071442
-4.654502
-2.653307
-4.825357
3.273880
-9.452374
-1.168064
-5.069009
-4.802153
-2.152571
-4.908249
0.580286
-1.265599
-6.628143
-7.626453
-11.078731
-5.189373
-6.987919
-2.848144
-5.631464
-5.479062
-1.753739
4.348228
-0.358383
-1.954149
-6.854008
-3.951404
-3.823598
-4.191471
-6.540320
-10.313561
-9.573821
-2.734993
-4.339594
-1.774680
-2.991165
-6.160367
-2.415332
3.540166
-3.754381
0.589585
-4.457047
-5.777902
-1.913201
-4.086113
-9.979422
-9.018354
-10.549770
-5.375937
-7.632409
-2.396665
-6.357149
-4.466854
-2.116182
4.642229
-0.787001
-5.409977
-8.870013
-11.020331
-6.506868
-6.856436
-6.905521
-6.807221
-8.170439
-9.333895
-12.341282
-7.313418
-8.932323
-9.925318
-20.160042
-22.686165
-20.829531
-18.513021
-19.986101
-24.802509
-14.754171
-16.362919
-18.270550
-17.255501
-14.939111
-14.236921
-23.767277
-16.277660
-15.610050
-17.283138
-35.555294
-37.606739
-37.567570
-22.600130
-25.017761
-28.245092
-12.924690
-10.284484
-8.363389
-6.494242
-3.283409
-2.440559
-4.162971
-2.888013
-3.031237
-8.720313
-24.879017
-21.483126
-29.100359
-21.359081
-23.877811
-27.508579
-10.002549
-8.203983
-7.312137
-2.725813
-1.083370
-0.602527
-3.328917
7.058129
5.831887
-5.030896
-23.860264
-18.264063
-24.115601
-27.742075
-21.896969
-25.589600
-15.951977
-15.011126
-14.235868
-9.111501
-10.425600
-12.565447
-14.357052
-9.220062
-9.242413
-17.499672
-33.579792
-34.770645
-38.735073
-32.918571
-31.304546
-34.507378
-17.096750
-10.712687
-9.819696
-8.049942
-7.362388
-7.567641
0.201871
-12.485333
-4.895560
-16.440826
-34.913620
-39.184456
-32.134064
-24.561176
-20.547302
-21.304884
-16.506441
-12.118403
-10.287191
-9.314470
-7.369216
-5.895119
-0.707717
-12.419482
-7.666863
-23.680925
-18.966022
-32.013493
-26.707617
-18.976353
-13.999338
-11.261887
-17.370972
-12.298228
-8.639190
-8.395952
-10.291553
-8.175385
-3.342107
-27.944454
-16.449207
-22.675882
-8.992074
-26.068336
-17.772224
-23.140041
-6.659167
-6.662761
-14.795237
-9.641731
-3.196739
-7.017076
-6.912916
-5.917694
1.305375
-34.676838
-20.419729
-19.172007
-7.676151
-20.126122
-11.931220
-15.692793
-10.958500
-6.936772
-8.866880
-8.141739
-3.083266
-7.617684
-3.877399
0.115064
4.804596
-20.656048
-22.529697
-16.859259
-3.062757
-10.129707
-6.073634
-15.090087
-12.008811
-9.438730
-14.794302
-9.809980
-9.959762
-19.937267
-21.677862
-8.623446
-15.980732
-33.292942
-26.641788
-17.479080
-6.831540
-7.902993
-10.143035
-14.729502
-12.710187
-9.504007
-10.017882
-17.662649
-15.392174
-30.049551
-37.968384
-10.106405
-23.606796
-44.243240
-27.825829
-20.163326
-14.162169
-12.100435
-17.151686
-10.623978
-8.211938
-2.475013
1.570755
-8.431000
-3.369207
-18.522961
-27.634521
-11.387105
-25.930401
-23.472431
-13.734528
-11.159641
-8.410684
-6.237630
-11.311468
-7.092023
-7.468908
-2.383124
-3.062213
-0.438059
-1.000382
-26.044319
-31.323357
-11.559622
-28.974327
-20.809256
-12.084726
-12.926511
-14.872480
-11.195518
-13.867031
-7.757781
-12.036252
-6.791182
-10.086426
-0.794683
-9.515862
-29.243902
-40.153267
-7.980738
-35.416973
-21.661377
-10.915283
-14.023082
-17.159573
-19.164608
-21.654793
-6.106632
-12.122272
-2.188417
-7.270997
-4.814301
-0.700670
-18.866634
-28.489521
-12.078306
-21.105955
-16.066530
-11.473591
-15.984602
-14.819347
-21.953667
-20.953613
-7.532254
-9.993484
-2.880754
-8.099946
-5.669913
-11.956610
-16.031181
-21.252964
-11.025395
-14.727134
-12.990535
-6.275166
-13.064163
-19.120913
-20.534882
-22.883427
-8.543936
-16.455421
-6.543460
-14.164023
-1.909584
-19.276421
-20.545950
-31.584492
-14.560988
-23.870935
-21.351725
0.843818
0.945399
0.977658
0.902127
0.898385
0.600663
0.150114
-2.089802
-0.320600
-0.927013
-40.489883
-44.126694
-35.136879
-31.340925
-25.198036
-33.531734
-20.745247
-25.016790
-27.385859
-28.766529
-25.130781
-23.123035
-35.494511
-34.862358
-32.875919
-28.525551
-30.722284
-35.906445
-39.337231
-12.952188
-13.723000
-14.146366
-15.002249
-13.406416
-12.479291
-13.898046
-11.624633
-10.224089
-13.633331
-16.900890
-17.046484
-6.418082
-17.763508
-21.363016
-23.746668
-24.704618
-21.520117
-24.207331
-17.467014
-17.159842
-16.113489
-16.742191
-13.797976
-12.617663
-12.641246
-18.763971
-19.006088
-17.285215
-25.524633
-30.484442
-35.601799
-25.405787
-21.642866
-26.383984
-17.746695
-16.725410
-15.225696
-14.198973
-10.859687
-9.310078
-9.500706
-42.143505
-33.376797
-27.179007
-25.265965
-36.867100
-31.438337
-27.711977
-23.453890
-28.757450
-20.725180
-16.751923
-13.374028
-16.833447
-12.570642
-9.773398
-6.549890
-28.813461
-18.930965
-13.863236
-13.913392
-24.349272
-13.763639
-10.888039
-9.054472
-9.482484
-5.166736
-6.209339
-6.180871
-8.914080
-8.705069
-4.794115
-1.731074
-19.885944
-12.453543
-9.635986
-1.258575
-7.860846
-4.529157
-4.987478
-1.380892
0.277901
1.484938
-0.508763
-0.916464
-1.203181
-5.521553
-3.623898
-2.040866
-18.678148
-19.330362
-13.700269
-8.145652
-14.322585
-16.571508
-19.683718
0.855455
0.975723
-1.317640
-3.408557
-1.055728
-0.367062
-2.303392
-1.556409
-2.571693
-10.001314
-7.481748
-0.539232
0.958672
-1.034799
-1.668315
0.753949
1.531606
0.644385
-2.454670
-2.307687
-0.475114
-0.790985
-5.868386
-3.017071
-7.517461
-13.017493
-4.994885
0.947888
-0.036708
-1.783984
-4.543851
-2.358366
-1.247944
-0.835078
0.395122
-4.073343
-1.299140
-30.789099
-34.251553
-8.936207
-26.466560
-21.134398
-23.327404
-12.175197
-12.786534
-12.236942
-16.574305
-17.575121
-9.784397
-13.469419
-12.153278
-19.301706
-17.498169
-24.294903
-26.297691
2.448036
-6.154941
-7.915015
-0.365582
-0.479598
-0.564728
-0.786801
-1.854248
-3.880839
-3.747167
-3.084390
-2.305866
-1.259395
1.936427
-8.199656
-7.283196
-3.857686
-14.184505
-11.032291
-5.541198
-0.710396
-1.809288
-1.451619
-0.075415
-1.985555
-0.241109
-1.526668
-1.939768
-6.103145
-0.672261
-9.611699
-9.633208
-3.096979
-6.484905
-5.724343
-4.450336
1.540499
1.650758
2.791202
3.832010
1.982940
4.249908
1.932655
-0.638157
0.410179
-20.196730
-23.291769
-26.339848
-7.629631
-9.762116
-9.006973
-6.507057
-2.750276
-2.136581
-6.027730
-5.330925
-1.451157
-0.420747
0.171717
-2.759754
-3.297857
-4.521361
-4.558960
-10.702992
-1.234329
-6.148473
-2.824207
-3.854043
-3.173599
-3.555658
-7.146506
-6.680539
-3.277906
-2.768526
-1.406950
-1.909175
-3.796126
-8.561789
-4.878716
-8.557571
-3.521904
-7.469039
-6.606565
-2.917574
-5.292070
-9.743040
-9.437441
-9.523915
-5.845049
-7.636577
-3.944292
-5.793641
-3.298887
-12.226189
-7.070315
-13.788087
-11.169214
-20.268009
-19.409315
-6.374605
-6.742038
-6.997488
-6.917128
-8.037433
-8.758390
-11.130172
-6.805697
-6.872049
-6.788857
23.262964
24.942720
16.103380
14.700601
4.705818
9.818260
0.499238
4.458260
6.661211
9.051832
8.218714
6.242940
6.669009
11.549929
11.569013
8.710935
-13.026796
-9.685542
-6.552463
-33.134323
-34.626308
-33.808838
-25.783484
-24.386938
-21.506208
-19.243761
-16.028305
-18.908052
-20.838741
-20.741909
-19.939173
-30.474901
-57.437363
-54.688927
-59.505589
-47.854858
-45.309185
-49.769257
-36.548462
-35.588825
-33.541481
-29.598642
-26.993830
-27.279488
-33.697647
-32.711655
-31.297010
-45.105881
-69.241158
-67.342918
-68.478668
-50.798309
-42.780720
-47.740433
-40.390099
-40.137398
-39.385040
-35.117138
-35.259827
-36.426777
-46.862144
-22.658054
-22.515755
-42.210659
-56.366241
-51.675175
-59.739700
-48.172253
-38.483574
-35.724373
-26.138258
-25.231297
-23.781637
-21.168209
-24.106386
-23.731001
-26.830189
-28.020254
-22.122486
-38.143017
-47.477112
-50.827606
-53.709229
-43.663971
-32.492691
-29.489180
-18.583809
-16.245974
-13.587247
-11.652749
-13.052832
-10.771992
-7.921026
-30.915627
-19.925489
-25.792051
-30.025785
-33.264801
-36.186443
-25.123999
-20.796906
-18.196745
-18.169504
-12.558075
-10.470845
-10.576082
-11.447694
-6.394877
-4.627648
-23.431126
-12.780086
-12.985865
-6.989758
-9.978010
-4.117211
-4.471801
-11.506115
-11.888296
-17.405203
-11.012166
-6.353423
-9.090034
-11.040655
-7.049242
-3.161091
-37.124229
-27.651443
-25.030287
-15.282814
-19.857798
-15.988932
-15.367969
-8.498082
-10.005464
-14.516350
-10.820132
-6.145838
-10.049623
-10.945477
-5.689178
-4.900718
-24.198416
-23.843946
-25.337790
-15.559674
-17.411541
-19.720404
-24.646477
-10.006719
-9.904550
-13.373134
-6.632400
-8.793432
12.027231
13.841376
2.990136
7.623208
-14.827463
-9.731175
-14.369425
-7.475952
-8.146502
-11.798997
-9.941822
-6.899318
-0.284823
1.747799
10.723316
8.453095
-13.615137
-15.543367
-12.612062
-23.249926
-28.651106
-31.519449
-27.860273
-19.349909
-18.432201
-16.580685
-16.060732
-9.089211
-6.703946
-5.362094
-4.657112
-5.016814
-28.760984
-40.090652
-17.736441
-25.099527
-24.500402
-33.521332
-25.555002
-21.868294
-19.790668
-16.811518
-13.877448
-11.495300
-9.554790
-12.444984
-10.609243
-14.258249
-34.675922
-47.604988
-20.049082
-26.368559
-18.155014
-29.073023
-24.014565
-21.603800
-18.475538
-16.262709
-12.724392
-10.793135
-11.448512
-15.649763
-11.084137
3.884062
-11.220801
-20.400900
-15.476177
-21.921534
-9.662422
-16.340919
-21.198380
-18.362097
-16.175943
-10.506078
-8.765804
-6.259399
-8.375358
-4.276441
-12.924155
-13.072423
-17.710958
-26.984146
-15.720514
-22.838530
-14.889957
-12.424717
-19.251970
-19.033504
-25.788839
-14.711962
-10.911566
-11.076983
-6.876364
-8.194565
-9.740824
-23.395645
-25.965401
-32.617943
-16.200109
-22.799595
-21.591618
-8.228333
-17.712801
-22.670591
-24.781357
-22.319164
-12.207355
-14.961196
-5.222084
-10.263491
-8.770148
-18.993093
-21.074934
-21.632645
-13.309834
-8.016319
-8.774646
-5.297248
-5.607801
-5.849936
-6.037682
-7.205257
-8.113014
-9.893876
-6.155600
-6.952138
-7.456965
-19.882801
-22.584743
-18.338564
-15.593784
-16.459984
-21.669643
-10.016412
-11.215583
-11.328074
-13.185068
-10.576817
-10.203135
-14.292510
-21.332365
-18.046366
-9.584035
-38.451527
-39.637806
-31.118366
-31.648907
-26.409533
-32.974522
-19.203716
-21.025742
-21.134146
-22.977243
-21.344479
-20.406782
-28.168474
-30.227425
-30.355980
-31.698372
-36.404972
-35.685696
-36.643078
-12.071803
-9.851856
-9.030648
-6.450306
-7.536541
-6.620275
-6.717286
-6.880737
-6.463122
-10.669019
-11.716703
-9.434991
-11.519579
-16.445984
-16.724102
-20.358282
-11.499787
-7.362811
-6.972212
-2.890502
-4.359621
-4.259589
-4.756000
-5.202929
-4.826928
-8.132545
-16.106575
-8.232826
-9.175996
-16.152962
-19.801973
-18.669785
-13.271753
-10.203046
-7.771729
-5.192542
-4.517379
-5.329693
-6.288510
-6.223744
-3.787288
-6.182889
-22.045742
-16.735985
-8.685688
-15.686574
-22.980518
-15.687832
-12.998961
-12.929428
-11.407406
-10.685136
-6.438719
-6.110423
-5.785007
-9.217416
-4.625545
-7.017794
-5.954519
-3.748274
-0.751533
-7.171365
-10.389553
-8.997506
-12.128718
-8.121238
-9.388907
-9.131569
-4.438893
-5.511638
-6.073801
-7.783928
-2.981366
-5.142011
-15.368431
-8.633683
-6.288874
-13.301201
-12.516355
-18.228008
-18.295099
-2.963613
-3.317972
-2.173166
-2.803113
-3.085139
-2.490479
-7.606345
-4.153957
-5.210025
-8.752799
-9.476096
-11.883389
-13.356131
-10.797936
-17.730968
-19.795044
-2.633382
-0.601643
1.533917
-0.470909
-0.874691
-2.067280
-7.699037
-4.064960
-5.825785
-5.906159
-11.112863
-14.603880
-11.720592
-5.217180
-10.858094
-10.779464
-4.234799
-2.657753
0.388977
-1.409179
-2.466524
-15.000585
-27.626764
-3.781592
-20.246517
-15.857956
-17.488476
-15.903864
-12.200096
-5.679662
-16.236202
-14.060981
-6.746178
-4.195529
-3.856924
-2.374349
-4.437410
-18.816729
-27.507832
-9.450758
-20.654312
-6.880877
-21.549477
-18.244246
-14.584005
-13.262460
-16.204878
-14.641643
-8.555307
-8.839135
-8.206425
-12.456377
-14.157910
-10.857004
-13.857770
-2.334647
-4.524915
1.582187
-3.489299
-4.456391
-4.355064
-4.119537
-5.278841
-5.013135
-4.435335
-2.926608
-0.949823
-4.583162
-3.710246
-4.058983
0.020829
-4.001546
-6.026940
0.316616
-0.791613
-4.003946
-4.321517
-4.889425
-2.240230
-2.173273
-3.382191
-1.751550
1.026289
-3.689538
-11.966442
-8.647741
-5.350164
-3.024406
-5.038193
-7.784372
-2.540326
-0.059123
-3.877461
-8.160188
-6.613892
-3.201786
-5.825872
-2.419933
-4.762846
-2.254816
-16.879400
-13.382987
-12.328814
-6.654236
-5.487018
-7.495740
-3.912048
-2.028970
-4.213067
-7.676669
-8.282454
-1.656550
-2.917828
-0.539271
-1.977830
-3.066617
-4.656036
-4.368139
-3.157141
-1.669645
0.656781
-0.650531
-1.416930
-2.384057
-3.240194
-4.269478
-3.878574
-0.164115
-0.997157
-0.600718
-1.022868
-3.060006
-6.894100
-2.934906
-4.541585
-8.710006
-9.449233
-11.699209
-4.907300
-5.216333
-5.507243
-5.850519
-6.976659
-8.045885
-10.269976
-7.453518
-7.615408
-8.148759
-28.905840
-30.791250
-23.666071
-20.645226
-18.147646
-23.969627
-16.478767
-18.679953
-18.936136
-21.197588
-19.358349
-18.680372
-28.029392
-30.885897
-29.612486
-22.011251
-36.738018
-37.952618
-34.218037
-25.117310
-21.876307
-24.861902
-19.920284
-20.724203
-19.666805
-20.891798
-20.493324
-20.045216
-28.874451
-24.742622
-27.642689
-27.811964
-34.599663
-33.790459
-35.142742
-19.214874
-16.072397
-13.876464
-11.897225
-13.854230
-12.969496
-12.833808
-13.645014
-13.644222
-18.470119
-15.547335
-14.092528
-16.875458
-22.204098
-22.388567
-29.252705
-15.183210
-11.902693
-10.771833
-5.076924
-7.941125
-8.159149
-8.820066
-10.544762
-10.407853
-14.218623
-21.675053
-19.363668
-18.823145
-16.888468
-20.592901
-20.402098
-14.869946
-13.218346
-10.982134
-7.015022
-5.973605
-4.465573
-6.430311
-4.877744
-4.348226
-4.336283
-13.971104
-11.495046
-11.310834
-10.312044
-15.258735
-11.267973
-14.383887
-13.240288
-11.096844
-8.684248
-6.400663
-5.805729
-5.250237
-3.519788
-1.244026
-1.945387
-4.533319
-0.316117
-0.136206
-4.603755
-7.961874
-5.759970
-10.955994
-9.841234
-10.152046
-10.001154
-5.553989
-6.297984
-6.134026
-7.767277
-3.856418
-3.998550
-20.260920
-10.930369
-10.851998
-16.363716
-17.870596
-19.148764
-18.890585
-4.137528
-3.865041
-2.620537
-1.863923
-2.268797
-3.009732
-5.120004
-2.052370
-1.853652
-7.872457
-6.451134
-10.030558
-12.805468
-9.284107
-14.619316
-18.289680
-1.315052
0.547802
1.447164
-0.403867
-1.044748
-1.782510
-5.477418
-2.473444
-3.439487
-6.702132
-9.245972
-12.132053
-10.568039
-5.343493
-11.671777
-15.210918
-3.573359
-1.714107
0.278354
-1.755342
-2.581790
-19.347889
-30.371355
-7.080752
-23.170883
-17.909769
-19.554615
-18.242603
-15.739899
-9.143166
-17.379040
-17.947926
-8.211386
-7.847114
-9.725995
-12.579444
-12.252269
-15.508710
-22.239100
-6.560547
-13.797928
-5.202050
-17.677271
-16.729050
-13.935473
-10.088898
-11.287682
-9.259627
-6.248016
-5.437342
-7.066442
-8.481165
-10.948545
-7.721467
-10.626840
-4.277526
-8.503263
-3.027319
-11.764318
-12.074407
-10.808511
-10.870968
-9.359210
-7.346132
-5.887511
-4.623453
-3.951978
-4.844416
-4.572463
-6.857181
-3.355768
-2.621179
-6.672440
2.206571
-4.906334
-9.842321
-8.917899
-8.727821
-5.861002
-4.263916
-6.678785
-5.370268
-3.853131
-3.023250
-17.576307
-13.722445
-12.480980
-8.469446
-6.233458
-6.894802
-5.327621
-4.344493
-7.517169
-15.096502
-10.222958
-5.569224
-6.439891
-3.361671
-6.885912
-3.758413
-13.820444
-12.495896
-10.467813
-9.381970
-8.057728
-7.909106
-7.167929
-4.893834
-7.930209
-12.861111
-9.514458
-3.258714
-3.254155
-1.983372
-2.895794
-3.529866
-8.952139
-6.881303
-3.782121
-3.253831
-0.797098
-1.401459
-1.509763
0.548176
-4.777373
-3.540173
-2.566364
-1.786319
-3.149087
-3.102941
-2.722917
-2.954546
-13.198426
-9.499690
-9.971437
-12.588392
-14.697640
-17.945612
-1.309795
-1.308395
-1.263974
-1.278978
-1.538296
-2.102464
-3.353911
-4.301257
-2.681126
-3.674993
-39.805988
-43.347370
-36.231194
-32.532669
-26.953825
-34.488510
-22.072515
-25.080402
-26.202145
-27.329359
-23.410891
-22.295265
-32.183075
-34.981613
-32.496407
-27.639069
-34.780655
-41.051392
-42.160027
-19.666998
-18.950159
-21.742241
-17.677074
-15.439105
-14.335355
-15.238920
-12.169378
-10.579693
-12.416578
-19.775465
-19.263512
-11.822620
-23.872484
-27.123304
-29.793053
-23.327240
-20.894878
-24.268101
-16.330759
-16.708729
-16.060699
-16.003613
-13.642046
-12.723372
-13.985806
-18.955328
-18.145357
-19.685982
-22.127090
-28.016621
-31.766392
-21.864155
-18.357437
-23.238546
-14.814655
-14.413374
-13.787886
-13.261374
-10.739383
-9.841708
-9.936192
-40.949173
-31.626347
-28.293261
-26.021164
-38.604980
-31.077005
-27.360964
-23.047468
-28.582726
-19.861795
-16.548712
-14.514612
-18.318480
-14.146976
-11.673478
-8.631960
-35.424122
-23.394621
-14.024519
-14.773687
-25.451511
-14.913263
-12.212959
-11.562154
-13.060827
-7.666389
-7.426685
-8.200553
-10.246696
-10.410603
-5.547608
-3.141307
-22.115749
-14.106922
-9.986090
-1.271358
-9.667007
-2.609531
-4.208004
-1.205120
0.013305
-1.208536
-1.340698
-2.023628
-1.371269
-5.967741
-3.461451
-2.054835
-21.287773
-17.484562
-11.351276
-8.443718
-14.759310
-16.018866
-16.452971
1.248004
1.205360
-2.212337
-3.466868
-1.016022
-1.099888
-3.195125
-1.301961
-2.420851
-14.228329
-8.624157
-2.339442
-1.369946
-2.685581
-3.860416
-2.853309
1.318882
2.095665
-0.713178
-1.743585
-0.236018
-0.341231
-5.872515
-2.585667
-6.085515
-12.603720
-5.564385
-1.358358
-1.236475
-2.265993
-4.418815
-4.648841
-1.715551
-0.584324
0.116964
-3.492695
-1.953094
-29.912121
-36.190125
-8.007356
-26.722328
-18.232340
-20.606997
-11.690975
-11.516087
-11.186818
-16.073864
-16.279593
-10.131218
-12.784967
-12.929108
-18.467634
-17.040852
-23.981419
-29.922995
0.342436
-10.364759
-10.345745
-4.939245
-2.345657
-3.517800
-2.963493
-6.704640
-7.490637
-5.612798
-4.481482
-3.436013
-2.584293
-0.265518
-10.378759
-12.296799
-6.126713
-14.627684
-10.092010
-6.897146
-2.321638
-2.701679
-2.467366
-2.565882
-4.305564
-1.905303
-2.446883
-4.107175
-5.923647
-2.606861
-10.339676
-9.326632
-4.024319
-6.922775
-6.526876
-3.676263
0.459484
1.299698
1.547675
2.468083
1.658499
1.253893
0.633381
-0.471054
-0.729789
-20.097420
-23.833445
-28.821430
-6.927553
-13.531055
-13.702725
-7.693625
-3.778207
-4.096749
-7.334399
-8.035479
-3.986636
-2.756585
-1.445986
-4.818714
-4.037539
-7.033798
-7.126368
-12.528263
-3.238055
-7.868419
-6.053093
-5.341729
-3.802662
-6.299871
-8.433346
-9.232594
-4.113537
-4.074161
-1.757365
-2.781952
-5.519855
-9.056631
-5.556557
-9.985208
-3.927711
-8.540459
-6.651854
-2.428504
-4.293641
-9.083161
-9.235043
-9.708711
-5.634048
-7.120911
-3.348993
-5.011460
-4.548645
-11.106355
-3.470805
-11.726206
-9.701344
-20.071011
-20.417149
2.662374
2.829074
3.035737
2.795724
2.950051
2.951754
3.337092
-0.153369
-1.121000
-2.504714
-20.206947
-23.771938
-20.513762
-18.710152
-14.426393
-18.959669
-10.378971
-13.317274
-15.040775
-15.220353
-14.654873
-14.093947
-18.506399
-16.172932
-18.872988
-17.569475
-15.629704
-20.329660
-21.993549
-3.338322
-3.155128
-5.674446
-1.419496
-2.737603
-5.373473
-4.657125
-5.834731
-3.822761
-4.090221
-7.665781
-9.474221
-6.089902
-8.919726
-19.272598
-9.742002
-11.631889
-9.777531
-11.776503
-5.572970
-5.353342
-6.225808
-6.701924
-6.081420
-4.768472
-3.619724
-14.240380
-9.667328
-6.331766
-11.461509
-20.359993
-13.030522
-7.569934
-7.756196
-12.525743
-5.291079
-6.014174
-9.396173
-8.650971
-7.305401
-5.006041
-7.481771
-24.177238
-14.244399
-8.884772
-0.411878
-8.717453
2.051877
-2.412333
-5.813604
-5.022264
-2.062668
1.508145
-0.784236
-3.566594
-0.017988
2.358215
2.106810
-13.844415
0.563909
8.169963
-3.718781
-7.868060
2.393970
-3.394352
-6.510302
-3.613981
-7.615894
-4.608525
-5.773093
-5.947724
-5.242043
-2.643456
-3.716026
-10.637259
-1.283721
-3.994415
-9.624608
-9.150816
-9.242830
-7.504175
-1.059718
1.918789
-5.988691
-3.572538
-3.781028
-2.842405
-5.668252
-1.774324
-2.158861
-19.382469
-9.356975
-9.460237
-14.461410
-12.839845
-14.544124
-19.133347
-1.094972
0.932209
-2.386578
-4.777793
-3.773422
-1.388559
-5.142153
-1.528205
-1.491263
-0.208788
2.308712
-2.463044
-3.747445
-1.477763
-5.276880
-9.141212
0.216050
0.366158
-1.583752
-2.853517
-3.420170
-1.582235
-9.979424
-3.608799
-6.923563
-5.122921
-5.739988
-7.121197
-3.442747
-2.704602
-6.897725
-8.620488
-3.360614
-1.034441
-0.705243
-3.468740
-6.733066
-11.161876
-22.205309
-3.715131
-15.832917
-9.203110
-17.832985
-11.911119
-7.312461
-5.574889
-11.326649
-13.625694
-9.442654
-7.377842
-6.565579
-8.195437
-8.679413
-13.821035
-21.467783
0.931748
-5.403330
-3.835122
-5.341055
-3.802951
-0.330886
-0.068181
-1.446279
-0.579855
-5.836715
-3.292612
-1.241470
-0.980515
-1.321062
-13.794065
-18.819510
-2.258426
-12.062921
-8.346245
-4.068981
-1.407035
-0.278285
-2.997808
-3.294737
-1.411382
-5.546585
-3.475948
-3.366854
-2.389233
-1.566305
-14.627345
-18.344341
-2.966453
-9.417588
-6.336346
-4.666649
-6.552226
-4.492024
-4.195198
-7.030682
-4.354913
-5.831719
-5.590750
-6.369895
-5.564141
-10.581077
-5.609263
-12.354269
-6.032732
-6.794127
-8.201770
-0.642239
-0.992109
-4.723912
-5.106874
-8.111521
-3.899345
-3.379454
-3.123145
-4.178825
-7.973413
-1.102367
2.362536
-0.947320
-1.669956
-8.635451
-4.591195
-3.019338
-0.325354
-2.824948
-3.710893
-4.069997
0.646728
-0.650800
-0.181726
-0.123293
-3.187303
-2.715213
3.008664
-3.416317
1.765225
-5.983973
-7.315508
-2.751418
-4.592753
-10.407267
-8.757837
-10.915677
-5.624831
-6.961472
-2.538080
-6.244271
-5.736839
-7.537242
-0.276231
-5.715534
-5.501956
-9.323756
-8.684154
-1.143809
-1.222393
-1.246554
-1.189911
-1.096809
-1.011315
-1.139365
-0.594466
-0.478429
-0.462626
24.972225
26.984615
21.735754
18.451021
18.697332
24.576448
11.829919
17.226240
22.712820
23.093645
20.206633
17.838423
28.710318
21.356901
19.951622
20.937721
17.987129
16.251495
18.270094
-4.630624
-0.309213
1.076763
-2.097847
-0.047261
2.611624
3.633226
2.988880
1.568376
3.627400
3.680962
3.177083
1.594895
-5.275804
-8.151695
-9.884394
-4.861660
-2.561852
-3.079745
-4.814959
-6.117989
-6.907773
-5.775161
-7.419522
-7.294602
-7.383603
-2.384941
-7.634546
-7.533998
-13.098670
-19.165474
-17.637009
-12.477807
-9.453252
-9.858258
-5.430015
-9.120774
-13.278936
-11.226500
-13.132201
-12.126204
-11.809441
0.177317
2.146078
-1.033121
-3.792168
-5.229037
-12.452264
-4.332188
0.888219
-0.335780
0.193853
-5.961526
-10.741033
-10.540116
-9.466470
-7.074913
-8.999136
-2.592155
-4.561994
-0.912503
10.267830
5.062727
0.565913
1.055809
3.240966
4.559840
2.785040
1.905657
-1.150133
-0.370671
0.900893
1.859084
3.969180
-2.281407
-0.383275
4.668945
10.389226
7.657739
6.145135
2.332162
1.124229
1.337775
1.693840
-0.403511
-1.237157
-0.078866
8.462173
7.387382
7.470613
2.216285
0.160853
7.327165
9.497139
11.311989
16.950941
19.442965
-1.306506
-1.683362
-1.065955
-3.438795
-2.123938
-2.183131
2.454620
2.694973
2.857619
-8.947527
-9.364683
-6.361991
-1.368821
0.197379
4.701683
0.386197
-2.148363
-0.683776
-0.249294
-2.265055
-2.951053
-1.683702
-0.926229
1.431901
0.355347
0.782142
-2.827101
-3.459762
0.261764
2.132212
3.002657
-6.328301
-3.160640
-1.044585
-0.044448
-1.149844
-7.278110
12.220503
14.649994
11.917298
11.747795
12.184586
8.929135
0.962251
4.939732
4.900917
2.839475
-2.492224
-3.807035
-0.023672
3.667180
10.908267
9.275332
5.743231
13.068383
1.668167
1.845678
1.481776
-5.647876
-4.250582
-3.230718
-2.583062
-3.597838
-3.926691
-2.109250
-1.241936
0.101718
-1.186055
-0.841174
-5.427737
-7.408432
-4.248874
-0.307946
0.449260
-4.340691
-4.959210
-3.259144
-4.158835
-4.939654
-4.884521
-3.167189
-3.986601
-4.058409
-2.086797
-5.250619
-10.173168
-17.380039
-5.068613
-9.055993
-11.133532
-9.025905
-8.174465
-6.276026
-5.445658
-7.935312
-6.585618
-5.355614
-5.422856
-6.152369
-5.709134
5.466784
3.802043
1.043031
2.953660
-1.181237
-4.759958
-5.000928
-6.285194
-2.685943
4.585649
3.335557
0.199811
-0.438121
-2.247244
0.192868
-1.056653
-0.098670
4.026681
2.977975
0.388843
2.334319
1.411301
2.619155
0.424848
-0.301732
-1.232454
2.919440
1.410656
2.114557
0.682091
0.130439
-0.169798
-0.327813
1.356386
0.142847
-3.525980
-2.491481
0.494350
0.346458
-1.488107
0.465989
-1.913510
3.511961
2.199780
3.498007
3.201361
2.929257
1.889651
5.682415
8.382606
10.132938
3.800981
7.960580
14.802704
-3.204181
-3.375776
-3.505941
-3.537496
-3.968916
-4.314384
-5.097309
-4.163329
-2.958623
-2.871277
-1.504646
-2.752075
-2.177784
-0.986033
-5.129745
-6.586068
-1.304809
-0.093539
-0.044534
-0.764060
1.615728
2.185322
-0.131838
-4.688517
-1.272283
1.588119
-13.607298
-11.455555
-6.414281
-12.286299
-12.217912
-14.676442
-10.865097
-10.823467
-10.192160
-11.511246
-10.491030
-10.947210
-17.022480
-13.606222
-15.054737
-18.054762
-24.226437
-19.643753
-19.666658
-5.722099
-6.611104
-5.900456
-6.091308
-7.689752
-7.206142
-8.067198
-8.483027
-9.741201
-14.856033
-11.061682
-10.822950
-12.429747
-17.695868
-14.640450
-17.083433
-12.362243
-9.598785
-8.855663
-6.384057
-7.755806
-7.549700
-8.120194
-8.794971
-9.878090
-14.430004
-6.323654
-5.119761
-7.052543
-20.440926
-18.765734
-21.818853
-17.888811
-15.910257
-13.079609
-8.060875
-7.642566
-8.351319
-8.321630
-8.872352
-6.716321
-10.741468
-9.873635
-8.411427
-8.015347
-16.972704
-18.255941
-18.140465
-15.999014
-14.894414
-13.887430
-9.638687
-6.213010
-6.193956
-5.055207
-7.714932
-3.696355
-5.966766
-4.834634
-1.796318
-2.696841
-9.651142
-10.707252
-11.956950
-12.109990
-8.261127
-9.813086
-7.506117
-4.378330
-5.303638
-5.024984
-7.561804
-3.393196
-4.424439
-6.634457
-0.800122
-3.449483
-7.647318
-7.815826
-11.200787
-10.675427
-2.979538
-2.127572
-1.572357
-1.751064
-1.192536
-1.627672
-5.766860
-3.211571
-2.091421
-2.949747
-1.755280
-6.454773
-7.342173
-6.535365
-9.717336
-11.905262
-1.563762
-0.394580
0.366338
-1.681573
-0.757502
-0.687137
-4.814208
-2.464571
-2.807470
-2.181267
-6.562644
-9.258837
-7.064509
-4.460688
-8.004910
-10.492485
-2.039750
-1.132420
1.076999
-1.986632
-1.914541
0.304483
-4.896911
0.275594
-4.643412
-8.375808
-9.369816
-8.411695
-5.949953
-2.843897
-6.790231
-4.837984
-3.597098
1.002904
3.250008
1.856984
-0.208081
-2.404186
-6.337618
-4.684237
-8.039423
-4.812000
-11.656231
-11.234324
-8.884274
-6.096540
-8.655013
-7.674321
-6.152081
-3.527475
-2.560804
-3.131092
-6.511950
-3.963342
-7.390490
-2.009012
-2.866827
0.415582
-3.344404
-5.116869
-4.541630
-3.904246
-6.373281
-5.467602
-5.343881
-3.260231
-2.523336
-2.955915
-3.023075
-4.441552
-2.661007
-2.545999
-4.874979
-1.348959
-1.980394
-5.810226
-4.854137
-5.613927
-3.428130
-3.723728
-3.848937
-3.004065
-1.269827
-4.080190
-2.202348
-4.490336
-1.941611
-0.751917
-3.440251
-4.290627
-2.875562
-1.103767
-3.846041
-5.898475
-3.791817
-2.805111
-2.740267
-2.528860
-3.203798
-2.893661
-6.271744
-6.572393
-5.261692
-3.811985
-3.717258
-3.425435
-2.167202
-1.410091
-2.727870
-6.310669
-4.565224
0.044139
-1.509309
-0.328618
-0.776701
-1.913728
-2.147627
-2.047430
-2.768830
-0.417951
-1.504762
-1.370797
-0.543903
-1.773631
-3.820559
-4.931357
-4.763811
-1.042355
-2.988042
-1.577911
-2.982141
-3.611894
-2.097944
-3.491089
-2.333728
-2.557632
-2.144906
-6.426857
0.446734
0.618512
0.939490
1.115714
1.514153
1.352414
1.604176
-0.468398
1.746072
1.375068
-40.331505
-42.682690
-35.026188
-31.775564
-24.592739
-33.257282
-17.326456
-21.043026
-22.930248
-23.178249
-20.053778
-18.859482
-23.844501
-24.880629
-23.375961
-24.538864
-33.677719
-39.952576
-43.631504
-18.307047
-17.485876
-23.645363
-10.327244
-9.623587
-11.117127
-9.534211
-6.561100
-5.632245
-4.475832
-9.327495
-8.058291
-11.129349
-31.269493
-35.183323
-33.680767
-19.423670
-17.111996
-25.129711
-11.177152
-11.571461
-10.912895
-10.244718
-7.423247
-6.341690
-4.563931
-16.912468
-13.809977
-21.520184
-19.877407
-25.040890
-27.224464
-10.681442
-8.626379
-13.669257
-3.408907
-1.650312
1.914569
0.823272
2.479346
3.830317
10.023285
-31.420612
-22.294176
-22.874516
-12.261479
-20.953419
-14.671650
-13.361083
-8.592680
-13.110395
-5.799771
-3.112478
1.540750
-1.399479
0.289934
1.115365
6.874103
-15.976254
-7.141784
-10.120564
-4.825343
-9.534486
-0.884763
-4.601326
-2.080309
-3.274765
-2.563074
-1.305774
-0.837150
0.608381
-3.178580
-0.903096
0.496075
-16.445501
-7.365891
-3.357104
2.197964
-6.918557
5.162817
-2.552809
-2.369653
-3.045324
-7.684001
-3.398973
-0.298727
1.183712
-3.345721
-3.174226
-3.929748
-20.901049
-18.809887
-11.362384
-11.032011
-19.962818
-14.258791
-9.462898
-0.445331
0.186379
-6.777403
-1.510706
1.329236
1.921123
1.163696
-0.456757
-1.038596
-10.620728
-1.671291
2.997638
2.428764
-2.165858
-1.403868
0.784075
1.301648
0.609204
-3.328576
0.661025
2.461664
0.334261
-0.707542
-0.608185
-1.566389
-13.034890
0.876854
3.742344
3.967010
-0.761271
0.885716
-0.592562
1.425059
0.113146
2.589799
1.852960
3.231226
-30.053543
-31.487211
-8.515671
-23.176722
-15.046715
-14.248372
-6.615415
-6.486380
-11.596079
-8.488619
-8.383142
-5.257440
-11.502293
-12.629256
-16.789812
-11.112267
-25.361151
-29.592010
-2.087708
-5.595997
-9.623779
-2.747645
5.549004
3.288277
2.960087
1.191752
2.849879
2.381200
0.051380
-0.505954
0.262948
1.708515
-13.702551
-19.400702
-7.515721
-10.959659
-5.530693
-4.112984
2.950565
2.451973
1.803581
2.439916
0.846774
3.208228
0.829822
-1.140896
0.316357
-1.591633
-7.906151
-9.427297
0.803936
0.424465
-0.948494
-1.617251
3.169747
5.240989
3.410796
5.156010
4.567711
3.532308
3.660870
1.940975
4.200954
-22.801088
-20.866755
-22.576281
-6.935325
-12.131934
-12.206417
-4.740687
-1.324882
-6.730508
-11.165759
-10.016588
-4.198505
-7.972186
-0.281490
-5.238068
-2.676556
-7.342064
-8.600430
-11.321140
-2.855393
-6.691328
-8.132192
-5.482698
-4.386932
-11.489874
-11.449900
-15.027391
-4.710517
-9.196159
-2.311981
-4.550202
-1.736348
-8.605444
-8.685404
-10.977929
-2.191811
-8.591082
-7.676044
-2.165278
-3.147002
-8.835276
-4.985976
-8.045743
-3.467065
-7.941688
-3.030735
-4.169414
-1.498779
-5.054872
-9.294384
-8.785192
-8.162138
-18.530809
-19.329527
-4.501220
-4.832479
-5.320460
-6.124420
-7.177600
-8.628660
-11.382506
-9.028473
-9.155240
-10.299849
-39.563175
-42.435528
-32.111008
-27.444613
-25.320297
-35.164871
-15.495312
-19.220564
-20.713869
-23.787743
-20.652624
-19.035990
-28.403080
-32.229759
-30.921930
-22.072342
-35.781868
-36.113628
-33.617405
-18.514469
-17.055876
-19.532183
-11.650639
-12.705132
-12.662542
-12.996969
-12.869711
-12.527504
-17.613605
-13.744457
-17.276819
-21.165071
-18.728544
-16.998510
-17.540358
-2.686779
-3.438381
1.157727
1.154213
0.068473
0.065362
0.618985
-0.581574
-1.304952
-1.639772
-0.573276
1.782458
-1.473545
-5.123857
-3.900030
-10.745255
-4.231535
-2.654330
-3.147522
0.584596
-1.321160
-2.607197
-2.186158
-3.230692
-3.989231
-5.872483
-17.959291
-10.820522
-9.501167
-13.267611
-18.512138
-14.926812
-10.764906
-12.518344
-10.576205
-8.714125
-6.099145
-6.341759
-7.380487
-5.773285
-3.766600
-5.626282
-9.603556
-7.003405
-4.998587
-12.589246
-17.238609
-7.880929
-11.040921
-12.360557
-10.058262
-10.632828
-7.043823
-7.511230
-6.490140
-8.146146
-3.352585
-5.787512
2.922586
2.766599
-0.349874
-6.429909
-6.351535
-6.837386
-11.765610
-4.273794
-4.873257
-6.757143
-3.561158
-4.511599
-4.333394
-8.054983
-3.885267
-3.458843
-20.624834
-12.115171
-13.410053
-19.951548
-17.996994
-28.228121
-27.824261
-1.637062
-0.080214
1.790592
-1.219689
-2.272484
-0.555656
-4.074374
-2.447243
-1.674811
0.426335
-3.557425
-8.898202
-8.100523
-3.682648
-8.810139
-14.214223
-0.973731
0.958169
2.191684
-0.278318
-0.670317
-0.528683
-4.922641
-1.912909
-3.253978
1.125749
-5.988964
-8.957127
-5.041129
0.514199
-4.818890
-5.274058
-3.489989
-2.558376
-0.512861
-0.699975
-3.045499
-24.167551
-36.759129
-6.327004
-29.094736
-19.809965
-23.035280
-17.559355
-12.668594
-6.904018
-15.337037
-13.460526
-9.216931
-7.211344
-6.718622
-12.310174
-13.337283
-12.484604
-18.543634
-5.328116
-8.738781
0.657139
-9.213987
-9.279955
-7.674515
-7.084335
-9.083202
-6.460011
-5.789896
-4.038895
-3.500653
-4.790977
-8.063924
-0.779258
-1.296409
-0.118787
0.267039
4.765270
4.967452
0.959829
0.202303
-0.267000
-0.748314
-0.577321
-2.579654
-0.335334
1.436313
0.252079
1.733180
-0.868995
6.460505
-0.865508
-3.173186
1.964498
0.142578
-2.632665
-2.520305
-3.798110
-0.454221
-0.284772
-2.381182
-1.462270
0.989566
-1.882544
-18.588659
-14.807234
-11.977922
-7.451126
-5.347123
-9.792336
-3.776505
-0.510957
-5.029220
-12.394116
-11.060583
-4.192706
-6.115027
-1.777172
-7.532421
-4.604548
-7.200946
-4.708616
-3.738595
-4.015700
-2.050168
-3.366034
-2.554927
0.319497
-2.473015
-4.756024
-7.454824
1.059924
-0.380626
0.920361
0.713721
-0.800618
1.842166
3.358976
2.087049
2.109512
0.830001
0.714883
0.154954
-1.808444
-5.452911
-2.392906
-2.169134
-2.282373
-4.926127
-4.171527
-4.154403
-3.200747
-12.100774
-7.812487
-10.242228
-12.192984
-16.147158
-22.166042
-2.969173
-3.145724
-3.300694
-3.508389
-3.956555
-4.511983
-5.607955
-4.635642
-4.286576
-4.621332
-22.689573
-24.835243
-19.271797
-16.615381
-15.634260
-21.668764
-7.965870
-9.342441
-10.399139
-12.407531
-9.645786
-8.821692
-14.349884
-21.109837
-18.930143
-14.778722
-37.051617
-36.981461
-31.163527
-20.919840
-17.393496
-22.702982
-16.088476
-17.672718
-18.398342
-19.979099
-19.459223
-19.363197
-28.254185
-23.634470
-26.825460
-29.721453
-30.735632
-29.576483
-29.292645
-6.819213
-6.835084
-5.512663
-6.692698
-8.272457
-8.418262
-9.204999
-10.646923
-11.970634
-17.149286
-11.251059
-14.032320
-14.535444
-17.361738
-16.833593
-18.327446
-13.849876
-11.463766
-10.140912
-5.622106
-7.243682
-7.295863
-8.170585
-8.924013
-9.755608
-13.434937
-16.878296
-14.937087
-12.713509
-20.916817
-22.867521
-23.048527
-16.769505
-16.789373
-15.354683
-8.721050
-7.372099
-7.820968
-8.780516
-6.985966
-6.450375
-8.545475
-15.925623
-14.976992
-13.504083
-14.969126
-18.143661
-16.249187
-11.527765
-12.515435
-12.262688
-8.668809
-5.652739
-4.496989
-4.289392
-3.206289
-1.200433
-1.724841
-1.321541
0.869844
-1.393100
-5.521596
-7.119267
-7.680137
-6.389513
-5.053996
-7.006539
-5.479976
-2.801302
-3.504443
-3.735313
-5.096425
-2.785445
-1.385066
-12.761200
-6.784503
-9.050438
-10.516719
-12.887326
-19.804029
-17.014380
-2.701162
-1.656719
0.233078
-0.476918
-0.705828
-1.605248
-4.763244
-3.123878
-0.936218
-5.815966
-5.948582
-10.493613
-11.970568
-11.452896
-15.126064
-18.245392
-2.357236
-0.119913
1.091516
-0.323943
-0.607509
-0.565835
-4.018833
-2.127055
-0.926323
-1.547349
-4.690083
-8.019597
-8.322193
-4.872136
-9.746618
-12.204381
-1.870738
-0.921577
-0.415684
-1.610912
-1.681139
-15.915403
-24.332207
-3.882304
-17.107580
-17.184769
-18.067900
-14.305793
-12.740891
-8.602677
-14.461878
-14.100286
-5.519431
-4.399988
-3.888117
-9.584920
-9.689811
-17.082664
-23.800518
-8.398230
-13.320999
-7.103224
-16.279097
-14.617359
-12.888596
-10.390499
-14.644121
-13.281580
-6.306632
-5.426066
-5.637952
-10.731046
-12.278255
-5.901634
-10.034267
-1.876295
-3.508333
1.505924
-2.792027
-4.798395
-5.464514
-4.584085
-6.172049
-5.585357
-5.297001
-3.539069
-4.037879
-3.470848
-3.341229
-3.076436
-0.568048
-1.794533
-8.220550
-0.683689
-2.722706
-5.188065
-5.672487
-5.949377
-3.988754
-3.107527
-4.717431
-2.953912
-0.863071
-3.736479
-14.596502
-13.091993
-10.046634
-4.844348
-8.668625
-7.329189
-6.767254
-2.551619
-6.214916
-11.703144
-9.016393
-3.723427
-5.290042
-2.541237
-6.080925
-4.590329
-14.279123
-11.557792
-10.883878
-7.172787
-5.244868
-5.831197
-4.065058
-0.799053
-3.284301
-6.555617
-8.357553
-0.679678
-1.384771
0.358514
-1.468357
-1.680107
-2.154873
-1.801196
-0.835441
-0.163795
-0.266013
-0.364432
-0.426001
1.283933
-2.315480
-2.793506
-3.215442
-0.992779
-3.618509
-3.102498
-3.380037
-1.815974
-7.614562
-7.107141
-6.444346
-5.778318
-9.785428
-14.422764
-5.344998
-5.712957
-5.881123
-5.633701
-6.353577
-6.424887
-7.028878
-2.207191
-3.831178
-3.566915
0.419434
-2.151085
-3.989228
-3.795369
-6.321954
-7.517923
1.465032
2.715443
3.709928
4.021932
5.609753
6.413768
9.460245
1.134124
4.664481
10.818044
-4.009349
-4.082249
-0.040504
-11.919868
-11.528075
-15.951913
-8.660329
-7.743134
-6.966072
-6.838761
-6.291746
-7.313524
-9.899909
-7.872024
-8.113627
-17.091013
-12.230561
-9.659044
-9.155388
7.305094
4.547895
5.710783
0.007776
-0.599201
-0.109678
-0.361629
-2.150224
-3.362551
-6.081172
-2.822065
-2.036659
-5.689716
-8.500368
-8.018504
-8.080228
-6.543466
-6.806320
-6.570705
-3.073101
-6.865131
-9.037621
-9.958086
-10.603319
-12.209748
-15.986356
-11.573530
-5.969776
-8.279350
-21.478273
-21.769875
-21.104811
-11.964417
-11.257586
-9.611965
-6.788526
-8.861457
-12.970803
-12.179673
-14.998805
-12.915082
-17.025869
-14.864890
-13.345132
-9.631539
-12.677633
-19.334423
-16.578165
-6.954378
-7.997774
-8.534307
-7.808065
-4.572201
-4.209452
-3.507926
-6.089070
-1.757387
-3.486723
-0.532052
-0.236523
1.933522
-2.440995
-6.772071
-4.326058
-6.298316
-4.567109
-6.557602
-6.441344
-3.020439
-3.303421
-3.412866
-2.885114
-0.619167
-1.876939
-14.167134
-0.127517
0.469148
-1.736402
-0.177379
-3.764396
-7.544481
-3.008020
-3.171066
-0.834815
-0.870570
-1.031158
-0.677788
-5.747696
-4.031287
-3.658133
-4.303162
-0.739459
-5.204398
-5.042611
-0.778184
-4.583536
-9.341863
-0.778523
-0.182605
1.069271
-1.322784
0.330607
1.063573
-6.578507
-4.776260
-5.246095
-0.105808
-3.828022
-6.248376
-5.820716
-1.245031
-6.054392
-5.150341
-0.471027
-0.806526
-2.315555
-0.167636
-1.201064
-4.140286
-14.228480
0.555586
-10.649158
-11.763392
-8.329055
-6.767249
-4.296910
-0.978938
-9.078685
-8.564372
-1.260217
1.898013
0.958719
4.581365
1.229429
-3.812422
-8.074976
-6.682733
-10.004370
-3.212511
-9.206049
-8.009108
-7.613448
-6.021159
-10.085184
-9.141707
-5.317712
-3.419662
-4.219280
-3.100632
-5.234750
-1.493604
-6.307051
0.287757
3.366745
5.802167
2.990325
-1.378390
-1.838391
0.028353
-2.298912
-0.120053
-4.009554
-1.542931
-2.182815
-1.394508
-0.743751
-4.261959
0.571913
-2.979764
-4.431557
-3.546010
-3.584014
-5.361561
-7.943998
-7.027223
-4.460233
-3.572431
-5.555557
-2.384627
-3.280761
-7.576272
-0.396771
-3.636724
-1.986463
-2.325147
-1.621056
-3.735101
-2.754007
-0.938419
-6.397322
-7.071915
-5.322477
-3.552096
-2.865936
-2.818536
-3.807583
-3.727392
-5.558451
-0.667568
-1.992683
-1.345551
-1.698196
-2.080659
-0.252691
2.417847
-2.573993
-1.221342
-1.632123
1.009092
-0.523397
0.367385
0.724448
-1.242038
2.331306
3.244217
2.945976
2.879221
0.351678
2.325885
0.828863
1.588425
0.564998
-1.097511
1.856313
1.175382
0.384073
0.709794
1.179577
-1.619535
-2.760081
0.197691
0.992815
-1.287773
-3.454284
-2.197793
-3.470416
-3.735733
-4.044972
-4.473775
-5.348700
-6.313520
-8.120792
-5.292929
-5.783370
-6.296551
-24.684546
-27.250721
-19.535360
-16.078205
-15.794643
-22.856161
-8.079601
-10.839571
-12.475532
-14.959563
-12.469206
-10.830473
-18.056829
-20.881231
-20.131187
-12.595050
-23.858715
-22.526150
-19.922359
-10.875892
-10.777392
-12.342467
-8.008555
-8.922088
-8.992495
-9.683111
-9.652581
-9.402307
-13.266045
-9.064069
-11.046903
-12.826649
-11.765244
-9.114562
-9.942550
-0.342013
-1.891780
1.280657
0.419308
-0.722970
-1.103722
-0.778667
-1.944338
-2.720365
-4.352876
-0.538671
0.110769
-1.729575
-5.053326
-3.567770
-6.088314
-4.267535
-3.296458
-2.759238
-0.808894
-2.328850
-3.211785
-3.217561
-3.969073
-4.594344
-6.333334
-12.284312
-5.476118
-5.256711
-9.442312
-12.295652
-11.079075
-5.980699
-8.806027
-6.381452
-5.050373
-3.107144
-4.026914
-4.802423
-3.273969
-1.978136
-3.412390
-4.644105
-2.768910
-2.441453
-10.089322
-13.567372
-6.553292
-9.682300
-10.746215
-8.767293
-7.900110
-5.577883
-6.096418
-4.688186
-6.178766
-2.328251
-4.799563
2.910626
3.332952
0.860863
-4.693484
-5.238297
-5.408109
-9.958533
-4.216359
-4.348777
-4.921260
-2.342711
-3.924369
-3.202646
-7.727606
-4.279788
-4.158755
-15.282608
-8.764219
-9.968394
-15.464799
-13.734450
-22.937836
-22.796085
-2.016916
-0.649716
1.127328
-1.118632
-1.396983
-0.345242
-4.124919
-2.507514
-1.873666
1.670985
-1.453706
-6.554052
-8.557894
-3.620423
-9.529589
-13.887992
-1.480672
0.703977
2.205615
-0.510265
-0.864137
-0.560711
-5.147948
-1.995363
-3.260746
1.280730
-4.651465
-7.441226
-6.311494
-0.851869
-7.089328
-7.842875
-3.148862
-2.050904
-0.420305
-1.459671
-3.019269
-14.260659
-25.900404
-3.361031
-20.396931
-12.731800
-16.135590
-13.593700
-9.864233
-5.572001
-14.647208
-12.591592
-7.167546
-5.116447
-4.801866
-6.902088
-8.723995
-7.726513
-12.318095
-3.435093
-6.182617
2.114518
-5.631523
-7.073347
-5.894162
-5.256162
-8.980951
-6.248384
-4.685059
-2.723873
-2.381746
-3.413738
-5.847310
1.781613
1.393583
0.143023
1.353470
5.279702
2.312176
-0.886881
-1.605108
-1.527356
-2.287593
-1.202045
-3.091070
-1.325092
-0.677310
-0.437162
0.500566
-0.963336
4.070107
-1.178768
-3.103876
1.617646
0.069577
-2.527125
-2.680147
-3.198065
-1.103800
-0.743279
-2.101820
-1.111847
1.135175
-2.614605
-11.588818
-7.808552
-4.207870
-3.061422
-2.091038
-5.503067
-2.323021
0.016936
-3.535994
-8.692046
-6.742371
-1.413549
-3.966935
-0.903492
-4.496875
-2.061519
-4.002484
-2.292873
-1.295015
-3.047255
-1.086381
-2.621521
-2.479653
0.383297
-1.768038
-3.860032
-4.867958
0.779056
0.012187
0.560303
0.440557
-0.590187
1.946168
2.660089
2.241813
1.451471
1.370580
1.283266
0.277670
0.281210
-3.759239
-2.092245
-1.723512
-1.291817
-3.822983
-3.243240
-3.547644
-2.076473
-8.367046
-5.870435
-7.131972
-8.331973
-11.825928
-16.126236
-3.059596
-3.200193
-3.164921
-2.884291
-3.185451
-3.162688
-3.445786
-2.293371
-1.683921
-1.231055
-3.456013
-4.767196
-3.995982
-3.401048
-5.722783
-7.174624
-1.062054
-0.466963
-0.536985
-0.934449
1.248492
2.299468
1.337513
-4.758618
-1.533901
0.534832
-15.013179
-14.768751
-9.981366
-12.440102
-10.981113
-15.197260
-9.999678
-9.691566
-8.988771
-10.570671
-9.506981
-9.515898
-14.390322
-13.618698
-14.969847
-17.770077
-23.991833
-20.605423
-19.704998
-6.091790
-4.228178
-5.451825
-7.562929
-9.433528
-8.964720
-10.113438
-11.372915
-12.565414
-17.769175
-13.494718
-15.055714
-16.721354
-15.828119
-15.743789
-16.161383
-11.324306
-7.586409
-5.763167
-6.616765
-8.239856
-7.581607
-8.936549
-10.225634
-11.210901
-16.484533
-11.373925
-11.065453
-9.152586
-18.354143
-18.843325
-20.223680
-17.694679
-15.664641
-13.278469
-7.953178
-8.097099
-8.917469
-9.261116
-9.025823
-6.844979
-11.760170
-14.178370
-14.044276
-10.161189
-16.528109
-18.389084
-17.771547
-16.739260
-15.266590
-13.681931
-9.287315
-5.754881
-4.819522
-5.150708
-3.706379
-1.075296
-2.254133
-6.947254
-3.815898
-1.667125
-7.943624
-9.873532
-9.714252
-10.482246
-8.412142
-10.323877
-7.915558
-4.528104
-5.548555
-5.086643
-3.682440
-1.768030
-2.113320
-3.649803
0.325924
-1.820724
-2.841910
-5.815810
-7.807451
-9.973735
-2.822878
-2.202549
-2.174230
-0.925926
-1.072560
-2.055622
-2.899766
-1.087968
0.806119
-2.401402
-1.951957
-6.676448
-8.388832
-9.493450
-13.349258
-12.716364
-3.219673
-0.764288
0.804402
-0.682075
-0.704298
-0.386143
-3.788415
-1.520642
-1.354631
-1.837378
-7.714542
-10.717338
-10.194258
-8.112576
-10.674633
-13.062529
-2.469650
-1.052130
-0.140523
-2.002203
-1.904845
-5.030723
-10.312150
-1.406976
-6.509747
-10.422740
-13.718126
-11.428339
-9.762140
-5.652398
-9.519615
-9.604687
-4.036729
-1.754927
0.400451
-2.373526
-4.415665
-10.217682
-15.422023
-6.817804
-12.246620
-9.214005
-17.074514
-14.941244
-11.880685
-8.410363
-11.389311
-10.981925
-6.181717
-3.973034
-3.247766
-6.144709
-9.069915
-8.550275
-11.519516
-3.765706
-6.312715
-2.746734
-9.649711
-9.817004
-8.453407
-7.101002
-9.342089
-8.825346
-6.242285
-4.886051
-4.735710
-5.596369
-5.841647
-3.883929
-1.833477
-1.581132
-4.965734
-1.086122
-2.030193
-6.358223
-6.676468
-6.405198
-4.490071
-4.441967
-5.007555
-3.573777
-2.672676
-3.051011
-5.108575
-3.932024
-1.446598
-0.047928
-4.600171
-4.333020
-3.531836
-2.182490
-4.549544
-6.648602
-4.471880
-1.817774
-2.743007
-1.497071
-3.016203
-1.376769
-9.866154
-9.712917
-8.813189
-5.300377
-6.115268
-6.097197
-3.989703
-1.963909
-3.701698
-7.954741
-6.118977
-0.994314
-2.242360
-0.619085
-2.710391
-3.010639
-6.778953
-5.586913
-5.783472
-2.715754
-2.127825
-1.812011
-1.094156
-0.620710
-1.823567
-3.672203
-5.052962
-0.150542
-2.136010
-0.560980
-2.705718
-2.676106
-0.801545
-1.476873
-1.643919
-1.084765
-2.197397
-4.120741
-0.166616
-0.025808
0.298934
0.922148
1.495710
2.217654
3.424428
0.990872
4.343370
5.476604
40.486702
41.351765
32.647865
30.314890
21.927746
27.170313
19.584314
26.091455
29.215538
30.134590
29.596628
27.814278
37.890347
34.191231
32.770454
32.645622
21.839344
26.157450
33.966206
4.070091
2.845666
2.981090
1.675566
1.810525
1.875789
0.989188
1.468090
0.234871
0.336602
2.742169
-0.963969
-4.637691
-9.653398
-3.177705
-5.355933
3.528959
1.694813
-1.236493
0.126332
-0.751290
-1.665171
-2.012621
-1.114565
-2.097636
-4.732532
-1.295053
-3.495975
-2.509097
-13.465090
-11.228471
-5.750771
-14.240205
-10.635933
-14.271619
-10.623694
-9.682038
-10.236177
-9.123024
-7.495573
-7.970469
-12.050120
13.951620
10.663620
5.716714
-24.595150
-19.504782
-21.974201
-21.400307
-18.683601
-22.027355
-8.837607
-9.978473
-13.226838
-8.655287
-10.050360
-9.068251
-14.929044
-7.244904
-8.511849
-10.106106
-20.738138
-17.587412
-26.282700
-7.122726
-4.661885
-7.137397
-2.568341
-1.372349
-0.376291
-0.096148
0.206898
0.004557
-2.081873
-6.989847
-6.862983
-11.060925
-14.298954
-13.207117
-16.305773
-3.295875
-2.133263
-1.591768
2.931368
0.587241
0.159919
-1.050190
3.089888
0.917719
0.038864
-0.580810
5.495275
5.171089
6.133043
2.593884
2.823374
7.995828
-2.669554
-0.758765
-0.454362
0.034604
-1.019895
-1.793159
-0.112981
-0.369591
4.105766
-11.127254
-10.327407
-7.474117
-1.278219
-10.831240
-4.390865
-5.190961
-5.302921
-4.369182
-6.850530
-4.161190
-2.959635
-1.004692
0.784255
-0.639238
4.226091
-7.870271
-10.198447
-7.500372
-1.180541
-9.260673
-5.191487
-6.206887
-0.794572
-1.167563
-4.745479
-4.945073
-1.352808
25.608925
31.043661
11.153710
25.409979
-0.031180
7.476082
7.729288
7.004990
0.983080
3.170933
9.417010
4.856717
9.394726
6.819169
19.929571
16.768356
13.968698
19.253632
-2.472009
0.531974
-10.178890
-10.133409
-7.296725
-5.189521
-8.646447
-15.704991
-12.547265
-2.601861
-1.966640
-2.368093
0.291498
-0.803807
-6.563763
-8.338537
0.175275
-2.995944
-3.162478
-6.530279
-3.962209
-3.904465
-3.351407
-5.688249
-7.530567
-4.176980
-4.689478
-7.345776
-6.559261
-7.653875
-16.137474
-21.580200
-3.981368
-14.774013
-12.622422
-9.170806
-4.347982
-4.057370
-2.734329
-5.031613
-6.109411
-0.603268
-3.872139
-5.666630
-5.833693
18.313208
-8.428834
-11.426639
2.095685
-14.353311
-11.123490
-12.446139
-4.105397
-0.305865
6.786991
4.183275
2.196739
4.354267
-1.520635
0.677713
-0.929592
-2.394667
-6.799395
-10.847308
0.268752
-2.649506
-0.706476
-0.346228
-2.315825
4.138738
6.040732
4.457259
2.899468
3.203810
1.037609
1.574041
2.084552
-2.504098
-4.920023
-8.046669
-1.267902
-5.097515
-3.297137
-3.337804
-4.438004
2.534362
-2.736037
-4.066522
-1.245346
0.084286
0.788228
-1.065011
-1.731476
-1.405665
-6.298641
-2.251914
7.077864
6.399105
3.646293
-3.197559
-3.492108
-3.769616
-3.424376
-3.543604
-2.852007
-2.176273
-1.223071
-0.514369
0.308756
-12.219711
-13.670788
-14.049442
-13.170480
-14.513906
-16.669481
-11.961944
-11.618233
-13.155231
-12.514186
-10.001170
-9.540563
-13.057859
-14.127948
-12.706417
-14.694475
-32.600254
-31.469179
-26.374601
-17.249945
-18.208195
-22.582529
-18.791452
-20.571733
-22.587843
-23.546947
-22.299189
-22.511591
-34.374763
-24.593464
-30.310160
-39.433041
-29.738962
-25.000643
-27.574408
-8.299724
-6.439663
-3.988901
-14.892283
-16.444893
-16.192541
-17.063276
-20.034945
-24.325518
-33.133816
-15.530828
-21.902067
-29.026320
-29.667803
-27.275951
-33.183277
-20.371292
-19.306042
-14.625173
-16.275682
-19.967165
-21.147852
-20.630436
-23.213581
-26.326578
-33.585957
-20.974472
-31.968668
-30.069700
-33.719654
-36.580666
-39.108547
-32.228107
-32.711365
-30.473112
-17.507719
-14.681675
-14.291171
-12.065289
-15.477943
-15.515991
-17.671480
-21.257399
-24.569818
-17.714781
-31.755617
-30.924788
-33.248177
-28.363634
-27.562731
-27.954031
-16.517653
-11.333790
-8.652641
-7.138376
-3.789804
-0.804778
-2.328856
-6.593402
-1.822064
-1.786397
-12.176682
-7.777842
-11.768616
-15.880035
-11.837667
-15.165448
-7.642513
-4.515547
-6.075844
-5.437335
-4.064216
-3.732021
-4.479620
-2.920594
1.776955
-4.466637
4.251249
0.163874
-5.281557
-20.598993
1.865206
0.856196
1.395637
2.309243
0.008809
0.591232
-5.829350
-6.496666
-2.169217
0.752033
3.344604
-3.145995
-0.564666
-1.824479
-14.095675
-19.350657
0.281568
3.120461
5.631646
3.064839
1.990525
3.071588
-2.325910
-2.241847
-1.823722
4.794984
-2.727475
-6.298059
-5.235757
-3.730065
-5.820807
-7.421425
-1.477996
1.124487
1.505286
-0.903831
2.206025
-12.891008
-13.917373
-7.820056
-12.901207
-12.888823
-26.631121
-18.892094
-14.343896
-9.365021
-11.355894
-14.438529
-2.820578
-4.439260
-7.869004
-11.659907
-14.917291
-12.040324
-21.022552
-11.612837
-13.074069
-3.711200
-28.316408
-19.896534
-17.893118
-10.302625
-17.499474
-18.576803
-8.338790
-8.405439
-14.489575
-15.464551
-17.534864
-4.596793
-6.568084
-2.512990
-1.528655
3.388227
-16.094652
-13.247272
-13.237361
-12.583435
-10.208035
-8.005769
-8.847222
-7.434296
-12.439646
-7.673523
-7.207620
-13.378648
-5.506814
-1.794269
-2.730366
0.324003
-14.040668
-13.207211
-11.614017
-12.789932
-8.632521
-9.946784
-7.280445
-7.889621
-13.036087
-5.874782
-15.115067
-18.363232
-17.567377
-4.403903
-5.038524
-2.531945
-9.573233
-4.400082
-9.766422
-18.824533
-13.349309
-6.875320
-5.980786
-2.927570
-7.749090
-1.658036
-13.446859
-13.233394
-16.679132
-5.461899
-4.754768
-2.094737
-3.231971
-1.958071
-5.164079
-9.657343
-6.161945
-2.985881
-1.937141
0.074955
-1.766461
-5.870105
-1.915609
-1.072119
1.125157
1.915034
1.828082
1.993078
1.162966
-0.283167
-1.797568
1.806257
-0.263982
-0.112489
1.641235
0.727753
-0.381334
-5.012057
-4.051047
-2.980884
-5.178885
-0.600771
-2.034696
-4.761873
2.134390
2.276005
2.445516
1.967287
1.830620
1.365345
0.925155
-2.269504
-3.151660
-4.731604
-28.180332
-32.217052
-25.302740
-21.752411
-15.832302
-24.110121
-12.012483
-14.220833
-15.694882
-16.769737
-15.879128
-15.477017
-21.475313
-17.470173
-22.462519
-20.844204
-16.501490
-18.921083
-21.519089
-2.625993
-0.964115
-2.899562
0.825325
0.402167
-0.933520
0.900630
-0.919725
-0.014879
3.485105
1.961981
-1.970133
-1.739023
-1.257827
-8.395874
0.330292
-4.202067
-1.790538
-2.842931
3.922251
4.061329
2.996963
3.470003
2.009304
1.238415
6.239028
-3.418601
-0.626580
-2.938276
-8.780791
-17.399479
-12.746534
-1.442738
-0.507761
-5.157008
0.721833
-0.797779
-4.253153
-3.249492
-4.783513
-4.913791
-4.690528
-20.755928
-15.252981
-11.635169
0.445856
-12.097790
-1.145454
4.841972
-0.287218
0.167290
1.772582
3.643841
0.693958
-0.943775
-2.920177
-1.355388
1.688971
-12.444246
-4.431472
2.374802
0.810218
-5.278585
6.531558
-0.311881
-3.395409
-1.752750
-3.912148
-1.890377
-4.040705
-3.096611
-5.045274
-1.878558
-3.113267
-9.902654
1.405803
4.101564
-4.345997
-6.216132
-2.978952
-6.664257
-2.364179
0.103257
-9.384035
-4.310986
-5.853207
-4.199348
-7.475784
-2.074029
-3.887925
-26.606155
-13.702053
-9.934895
-19.134476
-19.280289
-25.178019
-25.037683
-2.491762
1.007647
-3.404522
-5.408964
-4.324658
-2.061775
-4.239691
-0.261937
-1.077352
-3.783107
-0.750519
-2.961229
-6.600337
-2.900985
-7.304093
-11.519175
1.097319
1.744700
-1.324964
-4.193814
-3.953858
-2.857376
-11.403077
-4.005610
-7.799868
-5.537309
-3.312814
-2.839329
-6.605322
-2.872163
-8.487930
-9.678100
-2.847603
-1.273885
-3.074116
-3.293950
-7.144242
-18.965239
-31.270578
-3.149832
-25.937193
-14.985456
-20.268688
-12.480316
-12.023906
-7.075341
-15.513338
-15.732252
-9.755781
-8.492696
-9.964340
-7.660915
-11.489742
-14.181913
-21.492027
0.599105
-8.874243
1.659500
-3.304711
-1.298649
1.076906
2.857272
-0.935777
-0.276082
-5.043882
-3.786754
-2.012362
2.229275
-2.232208
-9.052019
-12.977113
-2.599866
-8.382924
-4.180022
-1.446542
0.942551
1.438797
-1.759367
-2.352565
0.719264
-4.694548
-2.668428
-2.596869
2.435310
-0.596014
-17.252115
-19.226042
-1.016427
-11.172376
-9.538553
-7.900890
-7.605050
-4.037152
-4.657303
-7.561903
-4.450338
-7.439247
-6.727767
-7.892911
0.086350
-20.470001
-17.649534
-23.186058
-7.077758
-7.914451
-14.597448
-3.896237
-2.260529
-7.668398
-9.507563
-14.900142
-6.864193
-10.556289
-4.846718
-9.736554
-5.508293
-5.608577
-3.970631
-7.945172
-4.331645
-7.938177
-7.539212
-3.821717
-1.469882
-5.012586
-6.253375
-9.183444
-0.368631
-2.176935
-0.589704
-1.973282
-4.477417
-1.635258
4.732535
-1.208709
1.603323
-3.779354
-4.602650
-1.525988
-2.625595
-8.682117
-7.094018
-8.305260
-3.067378
-5.962868
-2.769886
-4.523662
-5.471767
-11.589522
-1.794294
-7.199915
-9.912921
-15.375713
-20.361019
-2.330609
-2.425748
-2.374434
-1.908065
-2.051493
-1.803223
-1.452950
-0.214019
1.438509
2.172267
-3.637332
-5.793047
-6.578844
-5.594795
-9.849325
-11.382054
-4.811932
-3.100731
-3.050040
-2.182978
1.409192
2.445634
2.322496
-4.616458
1.255197
2.352985
-24.756800
-25.787504
-21.235207
-22.054033
-22.787638
-28.342075
-17.205404
-16.004797
-15.094714
-15.900765
-11.444596
-10.420094
-14.946867
-21.284931
-17.285641
-19.201361
-34.713745
-32.536961
-32.757069
-13.665467
-13.334785
-18.200678
-14.542180
-15.080358
-13.487420
-14.770434
-12.596856
-12.130916
-18.724421
-22.571026
-19.122879
-23.215696
-29.256731
-27.137548
-28.766802
-15.202323
-11.603473
-10.732810
-11.563848
-12.244077
-9.781543
-12.240514
-11.237519
-12.005799
-18.954168
-19.852356
-15.721023
-15.571945
-21.046938
-19.871235
-23.811066
-22.904520
-18.851027
-15.076228
-9.536334
-7.528760
-5.325010
-7.536379
-6.679978
-4.295234
-8.327410
-23.866655
-16.995001
-12.414134
-21.434887
-21.741875
-20.350443
-24.337019
-19.021431
-15.276168
-13.288847
-8.132620
-4.836525
-5.395852
-7.804228
-4.832654
-6.040093
-16.429844
-10.004045
-5.021825
-11.016063
-15.498239
-12.078353
-11.829350
-12.610411
-12.901694
-14.775433
-7.843910
-6.768535
-7.231435
-10.417215
-5.271696
-7.142533
-12.368339
-4.197680
-5.033115
-6.862539
-10.921491
-10.728961
-9.445865
-5.195115
-6.456479
-7.654620
-3.709599
-3.331137
-4.876638
-7.700074
-4.108895
-4.649751
-10.506877
-4.065257
-7.104886
-9.439507
-12.167747
-17.489344
-16.646532
-4.405186
-3.437313
-1.367217
-1.955494
-0.914883
-4.301145
-7.521068
-4.219330
-3.705530
-6.689274
-6.805467
-11.001503
-8.817685
-8.350179
-12.766970
-15.553882
-0.768981
-0.294816
3.525210
-1.753428
0.122236
-8.712945
-11.473787
-3.626696
-6.883096
-15.378760
-14.421556
-10.521784
-8.683523
-4.434034
-11.283414
-12.433193
-1.914993
-0.477792
2.201696
-1.923761
-1.868872
-19.968515
-28.629215
-10.426922
-18.666700
-19.523251
-23.080585
-18.962143
-15.872396
-8.322958
-16.841410
-15.328458
-6.329118
-4.541623
-3.113764
-8.291112
-8.593043
-16.360014
-22.561197
-7.254025
-10.382387
-11.396917
-18.865294
-16.575064
-15.351152
-10.341874
-12.717670
-10.231707
-8.057179
-5.531234
-5.714607
-9.316787
-9.711989
-10.280145
-12.927781
-3.343213
-9.873974
-2.602425
-8.147299
-11.491999
-11.280665
-9.828364
-8.511795
-7.426389
-7.530519
-6.159637
-5.419902
-4.729207
-10.796043
-6.633558
-5.066190
-1.799593
-8.569318
-7.334502
-5.231004
-5.982915
-9.647646
-13.255844
-8.137552
-3.567643
-7.141106
-4.484736
-4.792789
-4.497124
-17.868687
-20.108212
-18.697582
-9.073913
-14.499597
-12.251243
-6.978467
-7.400839
-11.695169
-17.535084
-11.242824
-5.521417
-6.539997
-3.929539
-5.908689
-6.850938
-15.838850
-16.656668
-13.188213
-9.645685
-6.873942
-6.486873
-3.129308
-3.480827
-6.690847
-7.424079
-8.432242
-1.119602
-3.269022
-0.772024
-2.540607
-5.272528
-5.573284
-6.703276
-5.865379
-5.102744
-3.856193
-5.853667
-0.407341
-0.450914
-0.588983
-1.153160
-1.151948
-1.915811
-3.794020
-4.675694
-5.159212
-6.115733
-19.800476
-20.190439
-15.207614
-13.302098
-10.089339
-14.277040
-9.009062
-10.280326
-10.163615
-12.263453
-12.182133
-12.475148
-17.482641
-15.517951
-18.147591
-16.606195
-21.418255
-24.839888
-22.354937
-7.135073
-6.356557
-9.955969
-6.045472
-8.112553
-9.175091
-10.466838
-11.233188
-11.095761
-16.390009
-5.793691
-17.111801
-18.745893
-12.202960
-13.089181
-13.727533
-2.716605
-4.702457
-4.130461
-0.290920
-2.414511
-4.248371
-5.455005
-7.875982
-9.969995
-12.611947
1.186066
-9.737266
-7.999016
-4.425902
-2.697767
-7.586978
-10.526559
-10.113208
-13.820834
-1.969141
-3.334972
-6.415329
-5.097028
-7.205756
-8.638074
-11.721570
-8.142997
-14.772254
-15.223116
-32.258884
-33.282928
-30.190254
-26.952883
-25.631941
-30.166162
-12.022650
-12.880366
-15.015487
-12.898023
-10.243628
-11.149877
-11.679471
-9.978374
-13.016775
-14.642604
-24.573971
-27.922873
-24.835367
-14.418164
-14.311082
-18.021269
-9.187367
-7.016740
-7.462716
-4.392147
2.763518
2.761979
4.968343
6.422286
4.371812
-5.112957
-1.067600
-4.401096
-0.213921
-1.202217
0.548104
-2.564319
-0.754433
-0.580299
-0.932168
-0.224768
8.186007
5.552287
9.212918
0.207536
2.209651
-2.097846
2.656487
-4.057289
0.896306
-4.149381
1.975525
4.042747
4.002055
3.199652
2.763600
0.610343
4.374578
2.668721
8.429852
-0.720184
-1.860715
-2.725439
2.125452
-6.765910
0.590635
-3.506637
-1.974258
1.842824
-1.762233
1.019170
1.982982
-1.007189
3.072280
4.473257
7.549169
-2.942376
-8.458913
-4.712137
1.635854
-5.496319
1.446865
-1.780918
-4.030307
-1.632039
-6.454275
-2.324475
-3.455520
-11.726693
-17.906954
-6.991092
-14.916254
-10.987334
-15.584874
-10.770725
-2.229978
-5.536967
-8.851651
-10.776127
-6.550299
-6.886849
-7.723544
-12.441474
-12.311890
-11.626518
-14.793854
-6.704585
-9.763194
-16.291372
-18.626722
-12.055471
-9.146702
-7.513145
-11.034156
-7.452252
-5.735571
-5.188906
-6.408867
-6.786588
-10.261419
-8.995805
-10.168109
-0.011624
-9.635602
-6.758376
-1.766559
-0.596960
-0.236366
-1.684216
-2.786088
-3.818259
-3.637375
-2.552346
-5.398152
1.867521
-1.093821
-2.949028
1.765624
3.703726
-5.673502
-2.616852
-1.247885
2.729238
2.428863
0.607570
1.303245
3.201529
-0.986940
0.405909
1.354955
3.774564
-6.964934
-23.487684
-26.041586
-5.085544
-11.811519
-11.646144
-7.935501
-3.367990
-2.158123
-4.821040
-5.661158
-1.571579
-1.364211
0.947123
-1.025433
-5.273570
-6.437624
-12.247137
-18.299303
-5.816957
-3.675620
-2.440683
-5.295589
-3.836437
-2.118881
-2.597729
-8.757388
1.860969
-0.892690
3.168828
-0.645025
-1.077289
1.949764
7.453325
-1.964667
3.538251
2.476042
1.578373
0.341114
-1.826746
0.396170
-2.832114
-6.024341
-0.280498
-4.345890
-1.347111
-4.348495
-1.244617
0.935080
2.639094
0.165210
-0.979157
-12.148999
-14.685401
-1.403454
-1.380463
-0.969298
-0.777835
-1.252916
-1.652872
-2.648933
-3.249088
-5.353021
-7.266705
-18.759615
-22.153942
-20.442421
-18.955572
-15.880813
-19.584595
-12.835622
-15.015133
-16.350714
-15.878700
-15.069077
-14.885809
-19.431154
-16.492947
-19.286243
-20.400080
-23.000542
-27.860487
-29.357361
-15.567913
-13.574557
-17.571108
-10.764747
-11.142702
-12.567850
-11.591744
-12.128032
-11.406446
-13.080044
-13.703251
-18.151590
-18.490721
-21.426947
-29.235529
-24.410078
-18.915754
-17.577280
-20.497152
-10.175598
-11.231637
-11.863328
-10.885829
-11.715524
-10.974948
-9.423105
-17.987642
-16.288109
-19.894567
-10.762483
-18.643072
-13.578843
-8.370953
-4.511431
-8.697206
-1.714200
-2.876428
-6.731935
-5.663166
-6.412479
-5.008803
-6.356389
-21.640036
-12.389968
-9.244662
4.461336
-3.637010
6.764740
0.579420
-1.716782
0.932090
0.587949
3.275222
-0.470046
-2.952927
-1.620004
1.916748
0.951966
-15.922536
-1.768855
9.006516
1.155018
-2.082274
6.634725
-1.929481
-4.859571
-0.527613
-6.541039
-2.988450
-4.244166
-4.177011
-5.362439
-1.897595
-3.339776
-7.717651
1.501936
-0.142831
-8.515693
-6.536600
-7.748872
-7.562965
0.096502
3.148150
-6.146025
-3.782479
-4.338477
-1.714980
-5.330988
-1.237399
-2.487673
-12.034851
-3.386376
-6.770921
-13.941819
-7.572975
-16.275566
-19.905249
-0.726570
1.718003
-0.446280
-4.161257
-4.541897
-0.110161
-5.871749
-2.352487
-4.625609
1.453702
3.453836
-3.908375
-12.360078
-4.302604
-13.209321
-14.091839
-0.201608
2.588279
1.576166
-1.676077
-4.000409
-0.328653
-12.210409
-4.059529
-9.623075
1.544499
-2.167042
-7.279187
-13.097726
-6.565333
-16.744699
-15.321875
-5.197635
-1.278834
-4.413838
-3.144905
-9.809114
-9.712738
-23.367020
-3.873692
-17.410049
-3.934361
-15.685721
-13.360213
-12.969315
-8.030495
-17.393623
-18.967760
-10.749145
-6.887407
-9.301491
-9.982224
-12.738798
-14.896529
-24.593178
-2.629640
-7.515926
-2.869513
-11.484286
-9.674191
-6.809019
-4.621278
-6.571957
-4.952657
-8.033922
-5.635292
-8.047905
-3.228137
-6.947891
-11.918990
-18.369703
-5.507328
-8.391562
-5.473527
-6.567323
-5.688233
-3.446660
-5.033419
-4.150018
-1.757175
-6.095111
-4.393652
-6.617117
-3.048436
-3.679419
-8.798899
-11.975573
-2.987128
-6.738149
-3.830992
-3.654414
-7.440887
-4.722067
-5.870077
-7.032401
-3.521166
-6.351026
-5.524273
-6.511042
-4.245024
-9.737752
0.346852
-3.781379
-2.605482
-2.031805
-4.587710
-0.562442
-3.231459
-7.345321
-8.631814
-9.176689
-4.428781
-4.469069
-3.996238
-4.704763
-9.495946
-2.380204
5.177141
3.599922
-0.299438
-6.860735
-4.952484
-2.861234
-1.357402
-4.274591
-7.554675
-5.554939
-0.403073
-1.558546
-0.582974
-1.837618
-6.152604
-1.276167
5.661216
0.576556
1.714254
-4.614690
-6.454240
-1.917299
-1.930973
-9.545125
-6.421273
-8.700006
-4.965164
-5.899484
-1.997198
-7.052310
-3.450313
-1.363424
5.514214
1.502254
-2.011591
-5.239556
-6.025240
2.401865
2.667375
2.955736
2.903403
3.953275
4.381154
5.820450
-0.462786
2.514932
2.183224
-34.073608
-39.670692
-32.006145
-27.340990
-24.087427
-34.253475
-13.312670
-16.851206
-19.635115
-21.438503
-17.621555
-15.026184
-22.132092
-27.176884
-25.027409
-21.186165
-26.167292
-31.502930
-32.994820
-12.751391
-12.149020
-18.614862
-10.611598
-11.227724
-13.441665
-13.256286
-11.968171
-9.845940
-11.787044
-15.384614
-17.438046
-17.110146
-11.279855
-18.011810
-14.691093
-7.159456
-6.433771
-7.873617
-8.932572
-7.908693
-6.875321
-7.081237
-6.631937
-6.464500
-4.803276
-17.583746
-12.825421
-11.954475
-7.122663
-16.927517
-15.595237
-10.263167
-9.465435
-13.337119
-11.311075
-9.974793
-9.284891
-10.355882
-9.237235
-9.256595
-9.178891
-37.510807
-28.981796
-23.241304
-12.703587
-26.726362
-15.313237
-13.581304
-12.793391
-14.678535
-12.715487
-9.208321
-6.525429
-11.790839
-11.559747
-9.740387
-3.344945
-28.603182
-21.190701
-17.343660
-10.853757
-22.220203
-8.025886
-5.461071
-6.846177
-7.955596
-5.557679
-3.673047
-4.118678
-3.994623
-6.621900
-4.824042
-2.074585
-16.390648
-6.127793
-0.599021
0.843328
-8.121829
2.765172
-2.829965
-1.515284
-1.386063
-7.892579
-3.357317
-3.139292
-3.178999
-7.652608
-4.349608
-3.445260
-28.580126
-17.691145
-8.760322
-13.209292
-18.559998
-20.873068
-12.564069
-3.066015
-2.388778
-4.549122
-2.908895
-1.829427
-2.907179
-3.564909
-1.641793
-3.144595
-9.671491
-2.464689
1.435452
-2.995310
-4.528065
-5.957014
-2.818472
0.264171
-1.854225
-4.899743
-2.212539
-1.565651
-2.887764
-6.992582
-3.762008
-7.826989
-11.401656
1.902757
4.141891
-2.620899
-0.373087
-4.429142
-1.491457
0.742874
0.054935
2.097170
-0.556017
0.218792
-29.050142
-34.839458
-5.629295
-26.878532
-24.821426
-17.954124
-11.365007
-14.789502
-9.728081
-13.834591
-11.193017
-6.281565
-7.940881
-7.732610
-12.380811
-10.073675
-24.264645
-29.018927
-4.399374
-10.536522
-9.880963
-5.867306
0.228538
-0.717913
2.681539
1.024784
-0.884234
-0.014077
-1.133702
-2.998091
-0.866657
-3.635653
-13.121135
-16.623280
-5.294784
-7.628510
-8.880532
-5.871381
-0.963421
-1.711936
-1.797438
-0.251625
1.040501
-0.314138
0.427044
-4.529949
-0.680179
-0.608438
-8.737062
-9.521614
-0.962673
-5.190738
-8.468115
-9.948648
-8.259747
-5.882848
-3.522783
-1.900727
2.172603
-2.458392
-1.943381
-7.632061
-1.408549
-23.777357
-22.605934
-27.564428
-13.083495
-12.552700
-17.038597
-9.078918
-6.384161
-12.080117
-13.243620
-15.740995
-7.133827
-8.523576
-4.185393
-8.695594
-10.856398
-15.981452
-13.223178
-21.114355
-8.332914
-13.423705
-12.960745
-7.118378
-6.229071
-12.379909
-12.660631
-17.095352
-5.548423
-7.501791
-3.700649
-4.990480
-7.968470
-7.631559
-4.761254
-11.890115
-2.707243
-8.096272
-8.995645
-2.792561
-3.886663
-12.460683
-5.758533
-8.822384
-5.437988
-7.209158
-6.161010
-4.663126
-7.202023
-12.168722
-8.743038
-11.590094
-12.935191
-20.106623
-26.937225
-2.234900
-2.282230
-2.082245
-1.718431
-1.982395
-2.015340
-2.799316
-1.858370
-2.238805
-2.416813
24.043470
25.096512
18.085215
16.040314
11.628397
16.847782
10.482351
15.299659
18.379896
19.633629
19.074146
17.239491
24.117182
19.882601
18.436264
16.298193
3.283562
4.020859
8.683856
-11.171620
-7.743701
-8.371321
-11.428577
-10.610168
-9.360929
-9.152815
-9.315910
-11.382204
-13.414294
-7.696616
-13.375577
-18.125366
-20.681458
-20.746357
-24.295940
-8.042768
-8.104438
-9.866896
-9.646941
-10.420729
-11.467463
-10.483065
-11.157835
-11.250284
-14.305563
-11.943258
-13.290771
-9.571827
-11.330315
-15.456994
-10.743268
-13.833959
-9.066353
-9.558284
-8.906588
-7.854540
-8.267406
-6.232381
-6.321295
-5.763699
-8.134244
4.638072
8.366547
7.285921
-8.446918
-7.532878
-11.551312
-12.197277
-9.283534
-7.835646
-3.596839
-4.768245
-7.361551
-4.155748
-5.120666
-3.548114
-6.612700
-7.831548
-4.880590
-3.820064
-8.047046
-7.657164
-14.483331
-6.936212
-3.788876
-5.267152
-1.915774
-0.817261
-0.237725
-0.476484
0.822716
1.614733
1.810100
-6.666492
-4.895301
-2.038177
-4.567672
-4.399941
-5.814997
-5.396092
-2.658192
-3.813957
-1.400103
-1.578732
-0.798990
-0.262870
3.397574
1.605919
2.429894
0.157674
2.828250
4.012454
10.363744
9.495142
14.365534
11.992736
-0.418195
-0.679486
-2.479048
-1.072432
-0.864864
-0.008286
3.706343
2.659341
5.094358
-6.793378
-7.984165
-4.128950
2.536529
-1.730496
4.158651
5.300531
-1.567052
-2.455298
-3.774734
-1.349820
-0.270837
-1.985764
3.667607
1.976776
1.594450
-4.400094
-10.446333
-8.401364
-2.249853
-5.213031
-3.071228
-1.990554
-2.638254
-2.241478
-4.400665
-0.151324
-1.280371
15.271260
20.716461
7.815114
16.420534
5.477905
4.792251
2.548671
4.589916
1.248626
4.857952
6.113217
-0.654367
3.392899
4.542529
9.920979
8.824366
-1.319603
0.396590
-5.784277
-5.282104
-3.361922
-9.848594
-7.971243
-4.266830
-6.237499
-5.151648
-4.206539
-3.161063
-4.664653
-6.090003
-4.695444
-4.357339
-14.076054
-18.136368
-2.037536
-5.409454
-6.166426
-6.409201
-3.508252
-2.082395
-3.615469
-1.626403
-2.059810
-0.845615
-3.046999
-5.651270
-5.148161
-6.307711
-9.595222
-12.920143
-1.918290
-8.035853
-3.939456
-0.328169
0.103241
0.353247
-2.457555
-1.116076
-1.099879
0.447760
-0.543337
-1.821152
-3.112560
16.008152
3.058762
5.227540
4.752512
-1.391722
0.328611
0.107787
-3.342802
0.510252
4.517168
5.606057
3.479792
1.655619
-0.979104
3.002612
-2.364157
-3.810342
-3.197566
-5.196776
-0.051533
-1.900864
-2.930884
1.543983
-3.342907
-0.781441
-0.176431
0.066511
0.018856
-1.054029
0.491439
0.106548
0.070149
-5.817459
-3.350884
-8.823933
-4.369781
-6.284964
-6.859964
-3.192765
-4.764766
-2.524672
-5.417222
-6.131132
-3.355447
-2.851713
-0.157616
-3.035269
-2.603691
0.284463
0.011244
1.927745
4.051386
5.669953
5.240032
-3.233488
-3.412982
-3.473998
-3.337980
-3.807205
-4.155249
-5.111269
-2.024512
-1.662988
-1.011210
-3.215658
-3.158003
-3.424724
-3.324988
-6.046417
-6.586515
-4.733568
-4.203485
-4.279096
-4.151955
-3.520726
-3.920593
-5.427633
-4.728859
-4.734773
-4.567319
-26.154552
-25.536236
-21.746281
-21.240490
-20.266050
-23.353746
-16.145409
-16.953878
-16.455328
-17.070286
-15.503596
-15.987477
-21.674778
-17.776585
-18.523893
-21.956944
-34.992634
-32.318443
-35.671749
-17.294451
-15.891761
-17.295782
-14.944484
-17.310616
-17.035328
-16.446920
-16.919756
-16.698328
-23.250505
-17.654072
-17.955456
-22.511179
-25.187546
-24.661936
-29.098780
-17.863197
-14.836783
-12.068268
-12.086124
-14.338548
-13.654577
-13.657036
-15.054204
-15.244105
-21.291634
-12.864021
-11.729569
-13.778639
-17.648031
-16.589567
-23.244648
-19.455820
-16.805101
-12.974550
-10.209527
-10.098709
-10.192967
-9.360341
-9.183182
-8.511404
-11.881286
-17.977867
-16.124474
-14.970105
-17.685738
-19.881800
-19.037756
-19.338890
-16.867146
-14.423918
-11.032578
-7.349182
-5.312572
-5.372099
-3.787734
-2.219411
-2.222797
-13.509409
-8.996535
-6.574823
-11.146993
-14.564794
-10.274316
-11.766915
-11.671117
-11.796368
-11.866634
-6.549326
-6.865975
-5.998092
-4.150675
-1.875514
-2.195380
-7.513458
-1.884585
-2.914214
-4.121917
-6.800745
-5.156873
-8.646939
-4.237619
-4.164265
-6.765457
-3.246096
-3.300316
-4.202947
-4.018125
-2.064636
-1.413078
-11.640014
-9.570551
-12.320561
-10.533469
-12.222512
-15.966315
-15.618574
-3.358361
-2.185078
-1.324188
-2.124585
-1.577916
-2.808909
-4.457747
-1.827344
-0.853060
-5.348194
-10.682981
-14.588440
-9.883555
-8.424811
-10.387270
-14.598561
-2.374850
-1.148191
0.474303
-0.969941
-1.794153
-5.344988
-7.098968
-1.482489
-4.014272
-10.388638
-15.538791
-13.701043
-9.409017
-5.143964
-7.564926
-8.973372
-4.134435
-2.795756
-1.929389
-1.608993
-4.256080
-17.976912
-23.536173
-8.614030
-17.330858
-15.226668
-22.185032
-19.798708
-14.129392
-9.695006
-12.265899
-11.728838
-6.657225
-5.856846
-5.179340
-10.255932
-11.399005
-17.340370
-21.854267
-7.774613
-10.720778
-10.894282
-18.721760
-16.587948
-14.144185
-12.511221
-11.761937
-9.506706
-6.879350
-6.352619
-6.133155
-10.828046
-11.680111
-11.518486
-11.540706
-3.540213
-8.145706
-4.027476
-7.441988
-10.383151
-9.309459
-8.756023
-6.331360
-5.296696
-6.229970
-5.865591
-4.651026
-4.419925
-7.331797
-7.626983
-5.210763
-2.782766
-7.432185
-6.349200
-5.409348
-7.094282
-7.388068
-9.959068
-5.521470
-2.212651
-4.366798
-3.396636
-3.644258
-4.209651
-15.475091
-15.540157
-16.061222
-8.720044
-10.533998
-9.479716
-4.878283
-6.111858
-8.782108
-14.284380
-9.311255
-4.402810
-4.950082
-3.025411
-5.647562
-6.778279
-14.018950
-13.850290
-13.702640
-9.226155
-6.607450
-5.785952
-2.570113
-3.749781
-6.278529
-7.669388
-7.849723
-1.944993
-2.716639
-0.379020
-2.529799
-4.844767
-4.334343
-4.038551
-4.443661
-3.135317
-2.441341
-3.411497
-7.149573
-7.670101
-8.242819
-8.915960
-10.163532
-11.543627
-14.632082
-10.028558
-11.709739
-13.082601
-40.432716
-43.529846
-36.900658
-32.644855
-31.767601
-40.557220
-16.377497
-19.173923
-20.404457
-22.387672
-18.411465
-16.907846
-22.255373
-30.657709
-27.150042
-20.181156
-42.858250
-44.762466
-41.039829
-26.475060
-24.825924
-31.041807
-15.109161
-15.940540
-16.291000
-16.288586
-15.272066
-14.774137
-19.065441
-19.580206
-21.761381
-30.044342
-22.318701
-22.366594
-21.394524
1.458388
-2.011186
2.167763
1.390319
1.142909
1.552680
2.074102
0.557411
0.050745
-0.827149
-0.407817
-0.227073
-4.060245
5.535347
4.872640
1.600195
0.960411
-0.237834
0.352756
4.011296
2.514701
1.323304
0.499730
-0.779329
-2.155596
-1.786795
-17.955553
-12.265245
-9.231526
-4.989192
-9.394080
-3.712546
-2.926091
-7.194562
-4.474435
-4.422408
-2.144601
-4.276400
-5.830692
-7.430712
-6.160382
-7.106851
-14.564697
-9.857761
-3.752261
-7.115732
-13.860437
-2.993996
-5.014617
-10.614755
-9.227449
-11.807401
-6.754377
-6.640040
-5.789425
-6.213630
-2.001801
-3.877269
2.164355
2.460306
0.170491
-4.114206
-5.070014
-2.347313
-6.560806
-1.412205
-2.634636
-7.155448
-3.064698
-2.895617
-3.560484
-4.770116
-1.905275
-2.554419
-16.664787
-4.443604
-7.274039
-12.411270
-11.493908
-21.645782
-23.131550
-0.003445
1.157120
2.081440
-0.009389
-1.779620
0.138496
-5.174014
-3.432460
-2.305354
-0.613305
1.330550
-5.660456
-7.505216
-0.234245
-7.534232
-13.835599
1.227714
2.989379
3.748788
0.825185
0.354544
0.994818
-4.294056
-2.021277
-3.116923
6.240322
1.056554
-3.101811
-4.508478
3.344043
-3.265904
-3.105362
-1.165658
-0.969255
-2.034832
0.336585
-1.895596
-28.370872
-39.355083
-5.987627
-28.344551
-20.266720
-18.449778
-11.118340
-8.200109
-3.134154
-9.418386
-9.636116
-4.363904
-3.467427
-2.407973
-12.156292
-13.214970
-16.536079
-26.130409
-8.503034
-12.888577
-1.669872
-8.643944
-6.302307
-5.506218
-5.480272
-6.033332
-5.949924
-5.259726
-3.886666
-5.386880
-8.106211
-10.902508
-1.505751
-6.036521
0.777122
2.759473
5.565428
7.763675
2.135403
0.547573
1.787009
-0.675708
1.230182
-4.774940
-1.198450
-2.321698
1.516183
1.332155
0.514634
9.630751
0.815329
-3.255250
0.543609
2.351148
-0.401798
-3.492868
-3.686216
-0.157449
0.371718
-5.888443
-0.928009
-0.966492
-1.918217
-15.571012
-12.191686
-7.832676
-5.983988
-6.028205
-9.833185
-2.543947
1.219580
-5.957316
-13.506229
-11.734227
-3.513129
-6.939759
-1.540303
-7.587500
-4.951781
-5.986428
0.745917
-0.405068
-4.468172
-2.111256
-2.162896
-0.425460
3.085771
-1.303045
-2.925623
-6.894221
1.892979
0.376255
1.837080
1.387334
-0.436880
7.516088
11.534954
8.861961
5.197306
2.289359
2.784537
1.214527
1.700213
-3.180476
0.952475
0.634389
-0.938529
-1.922955
-2.632249
-1.705609
-2.522683
-5.563975
0.387371
-1.652973
-5.790170
-11.720607
-16.755405
-4.038000
-4.278304
-4.416417
-4.466025
-5.385285
-5.833769
-6.855090
-4.448989
-5.293816
-5.496440
8.753719
6.680060
2.674692
2.259265
-0.941262
-0.745628
3.662259
5.668911
7.286386
7.017745
7.300053
7.095888
10.535554
5.218552
7.634171
13.588853
7.337236
7.360643
10.407668
-6.226200
-5.595799
-6.058923
-3.519037
-3.003845
-2.140023
-2.483936
-3.730505
-4.209826
-5.262492
-2.526705
-5.341206
-7.729619
-4.095152
-2.871590
-2.983836
7.031669
4.449069
6.746620
4.237008
2.071732
0.336353
0.380538
-2.187690
-2.324898
-4.789817
0.659575
-0.899122
-0.442750
1.430521
1.188371
-0.463402
-1.826044
-1.656715
-4.100955
0.998314
-1.172790
-4.622808
-4.803943
-5.337399
-5.543780
-7.613799
-0.234690
4.199163
1.824728
-19.514702
-20.306492
-15.921830
-17.958149
-14.449244
-18.313677
-8.669389
-9.672233
-13.460467
-12.246038
-13.471453
-10.707734
-13.307566
-8.510154
-8.672973
-6.867977
-14.827402
-17.840551
-16.690876
-5.823371
-6.409585
-9.253444
-5.449677
-5.044713
-6.597343
-3.345559
-6.364637
-3.196295
-3.621930
-2.190691
-4.441953
-9.505428
-5.616820
-8.160326
-5.433559
0.346979
1.721020
0.727702
-1.044228
-0.152784
-0.111811
-2.057041
1.948945
1.570871
-0.006928
-12.713337
-1.510012
0.535276
-0.681099
-0.789365
-4.193894
3.617863
-1.040619
-0.913366
1.953004
-0.581964
-0.473163
-1.875605
-3.093925
-2.692365
-2.246284
-14.150261
-12.201687
-10.415859
-4.417686
-4.308900
-4.530300
-9.515897
-4.267211
-1.955739
-1.989250
-1.853361
-0.843917
-2.134276
-5.849043
-3.822309
-2.494615
-6.882499
-10.847494
-7.340106
-4.839920
-4.891649
-5.271419
-6.095685
-3.942477
-4.425000
-8.965084
-4.729049
-4.452327
0.279180
-3.200854
4.984560
-0.784243
-12.446950
-3.898041
-0.954554
0.677949
0.656548
-5.540335
-0.233246
-1.101486
1.936513
0.249064
9.308993
7.226021
3.053364
4.429699
-1.870976
-3.484568
-14.363331
-13.249802
-10.788457
-9.743714
-11.443688
-17.131891
-12.266735
-3.636291
-2.886058
-2.064898
2.448064
-1.037508
-0.932239
-3.578178
1.595595
3.310989
2.764357
0.927006
-0.189406
-0.312718
0.284061
-1.763560
-3.007050
-3.441255
-2.628177
-5.605608
-0.402926
-2.508780
-8.463929
-4.430732
-0.985651
-6.825238
-9.384677
-7.368021
-3.914440
-6.272682
-4.100360
-2.528552
-1.189935
-4.088247
-1.750456
-3.046013
-4.201726
3.660156
-13.428334
-13.956161
-2.690567
-13.356529
-14.068865
-13.300219
-4.827119
-8.438361
-3.941037
-5.652894
-3.737536
-2.861239
-4.176564
-5.164336
-6.311292
-2.453171
-6.583017
-9.852465
-5.313455
-2.908885
-2.278213
-2.363154
-1.453326
-2.602808
4.071096
0.245688
1.964006
1.478529
1.554781
2.889018
0.216511
1.520267
0.695523
-2.568659
1.554846
-2.252835
0.935635
0.270728
-0.842018
1.222709
0.356363
2.278841
0.162856
0.367586
1.291879
1.533960
0.890145
-1.260625
-0.473857
3.088789
0.736556
-3.881136
-1.440053
