3.869201
4.062471
4.217088
4.007998
0.000000
0.000000
0.000000
9.737159
0.000000
2.170721
5.973742
13.185350
9.103924
14.606933
8.227894
15.424235
0.000000
0.000000
8.485142
10.563824
7.689180
6.104336
9.871500
13.621255
10.952073
11.123419
15.086514
16.400198
12.808611
10.296181
8.431570
14.828504
9.588946
2.742981
1.383171
1.107405
1.568764
10.612964
9.696008
12.127999
15.465523
26.371235
2.812336
4.467157
0.000000
3.948076
2.049596
1.284942
3.344885
0.000000
2.002344
1.955805
1.116315
5.472457
11.896189
0.000000
0.340541
0.000000
0.811484
0.000000
0.777162
11.551955
10.626408
4.714926
6.556005
8.731349
12.878485
0.796053
0.000000
0.090257
0.000000
1.055786
1.216040
2.896901
6.039013
4.563643
3.435964
0.000000
26.615429
18.685917
5.014419
4.242492
2.670801
3.923152
10.399639
6.328077
3.926408
3.743499
0.391559
0.870790
0.391559
3.047600
20.163992
16.149788
12.411184
9.985798
0.000000
0.836488
1.945868
2.861399
7.059613
5.889713
5.593172
8.439494
7.251966
7.078733
19.632477
0.701207
3.069995
5.480952
0.000000
3.045449
11.819583
33.989243
27.076111
25.922390
39.141582
50.333847
42.880966
22.304440
6.757978
3.568640
5.965196
0.000000
9.398217
7.374063
1.083683
0.000000
0.000000
0.000000
8.573751
0.342875
0.000000
8.268816
1.945572
22.269911
3.868093
3.341960
8.619824
5.395354
6.166786
6.178057
6.783396
7.780993
9.175154
10.651615
12.363029
2.658284
0.978800
4.558197
1.573177
4.394396
1.787740
1.615339
0.000000
0.201956
0.000000
0.000000
0.000000
0.000000
0.000000
18.955511
0.000000
2.240900
2.783645
21.520645
6.811054
4.508854
6.464297
0.000000
0.000000
0.000000
0.000000
0.493479
0.000000
0.000000
0.655674
0.000000
0.000000
2.081920
1.567381
7.076035
5.358040
4.595947
4.263038
0.593937
0.000000
18.191040
0.000000
2.132296
3.219377
3.064760
2.964208
5.345784
0.000000
7.387595
2.266486
15.389408
22.143923
25.957932
9.162159
33.078232
23.164688
23.164688
29.345558
25.797413
23.164688
23.164688
25.746447
23.164688
23.164688
32.802097
0.000000
13.149815
0.000000
11.338898
0.000000
0.000000
14.935225
17.538845
10.353567
7.563440
5.704385
0.000000
3.477420
0.000000
8.039338
6.392242
10.275198
0.000000
7.338091
0.242854
0.000000
0.000000
5.840538
30.775389
19.368149
2.043736
11.485223
11.310722
2.824717
0.000000
6.251644
6.033430
6.762110
7.238967
11.012695
4.690578
0.482543
11.553920
11.318441
6.751074
8.462355
7.178256
9.795628
3.929343
5.494097
3.055400
7.904176
7.000134
8.118731
8.592675
9.358200
4.116615
7.895917
0.080501
9.230101
8.680248
9.081675
9.577554
13.340696
23.005325
40.484039
34.582512
50.475407
54.205482
57.134983
9.757587
4.279652
7.626154
8.201421
8.650552
9.009856
9.260191
7.097764
4.746717
1.035393
37.234047
17.598736
13.599626
2.742412
2.942172
8.832607
13.796482
4.589152
0.000000
3.126324
3.735944
7.781265
7.364247
7.717410
8.727001
17.455460
8.560034
8.272109
1.630296
15.934362
16.712299
16.507963
31.759441
32.132721
20.888805
23.725426
27.003496
50.519855
42.559277
43.170113
28.847502
29.318222
11.252486
8.017419
33.076557
28.163891
24.725164
27.695332
22.490753
20.859043
16.572592
12.991433
16.035473
25.406462
20.045279
21.521242
24.103821
24.849705
36.346161
23.402748
36.623547
39.312302
30.216362
36.252449
44.815315
22.837938
18.483944
20.869658
27.054806
24.969387
37.971775
53.434273
41.266876
31.735655
13.881074
12.255075
12.726830
9.019695
4.598734
15.227607
16.103428
16.598333
6.462543
6.241011
9.827845
18.739674
4.628888
16.615057
21.363358
8.639913
14.186553
15.266755
17.229733
13.209129
16.654263
16.324022
17.776979
13.564082
9.978041
23.781338
19.077059
20.749319
4.982077
12.930128
13.569698
21.373253
5.937379
18.378336
14.778249
21.447277
6.325015
8.739262
9.963839
16.231895
5.309723
24.860615
13.598948
18.036469
7.816333
1.368485
0.395131
17.909397
13.278887
15.176413
10.761187
2.493936
2.317910
0.067418
1.119700
21.552227
19.032118
31.224123
36.990028
18.894360
31.201939
50.196613
30.965166
14.063073
33.597912
12.232138
13.405796
3.726857
22.049244
8.618584
9.232548
1.696603
25.634533
10.024630
11.952741
13.514233
24.415447
17.723801
17.173246
12.729616
17.753891
12.610741
20.462618
18.077606
14.343850
13.633777
8.013861
1.579411
2.728487
14.037688
25.005367
12.850853
15.794981
11.360481
6.040370
19.022427
18.868401
12.425664
3.308610
15.952160
23.384031
4.164071
0.556494
9.394368
24.830797
13.509142
10.581567
18.001390
26.249287
16.644428
24.939625
34.861828
46.796806
46.659847
30.558727
45.158375
47.366539
51.528908
19.456785
37.213142
37.026634
36.345264
13.300678
26.469307
18.195232
29.929699
15.849507
21.729082
16.140995
43.266808
18.783104
22.602779
20.907356
25.874031
13.370481
18.742302
15.590191
24.688911
13.519859
15.471408
14.739926
11.722958
4.071657
26.286732
16.217392
29.418598
26.844887
11.937757
8.314799
34.951637
50.490078
27.466034
40.680969
44.665707
56.502869
9.668291
19.711136
22.288069
26.965981
10.349787
11.331680
18.836262
16.485670
16.636711
18.090374
23.184137
17.928087
16.903244
8.513045
27.978554
8.979766
25.578373
21.351933
30.432827
24.435078
20.421780
16.238358
20.604183
7.811778
20.264496
18.793224
14.364347
13.488609
7.442603
8.076654
7.857172
1.511928
19.151258
28.051786
25.134562
2.698770
6.935820
12.101393
8.079077
0.925984
4.296213
10.765601
9.830486
1.477341
8.248000
9.208828
9.284707
21.757282
22.657104
17.180695
12.769820
7.675901
14.134092
6.146589
3.361382
3.439408
3.295022
2.770203
6.785988
7.247923
8.808418
0.523748
6.252367
5.705095
25.805235
15.832687
18.446299
22.077349
14.947612
2.753712
38.209396
38.448105
41.072365
42.752361
44.971737
56.924156
59.205059
55.261955
51.829105
27.950260
20.599791
34.855885
38.676067
4.703216
1.373947
0.000000
0.000000
0.000000
0.000000
3.351538
1.723601
6.802220
2.441856
0.000000
0.000000
8.522131
4.216979
0.359316
22.620142
14.990877
15.183645
11.075911
16.930763
18.843098
21.346586
15.297381
11.697952
8.537791
20.323639
3.588143
7.958673
6.306175
6.549894
4.386332
8.414022
17.907003
33.704903
8.637931
5.211491
4.265937
2.336548
2.819057
9.042253
8.432315
4.255317
27.856874
51.619808
49.069012
35.888424
23.617617
30.771013
43.989555
21.939600
16.341845
18.494347
15.507441
11.495583
8.209899
12.986101
8.726453
3.945516
0.129025
0.129025
1.049688
4.145180
0.000000
10.881481
1.631707
12.202209
14.092506
0.455896
2.292504
23.199005
16.612932
16.496952
15.876585
18.491772
0.000000
0.000000
0.000000
8.380880
0.860059
0.000000
0.864376
0.817130
3.601424
0.000000
9.720132
4.125499
13.829950
17.331463
23.749332
49.666481
9.215944
13.854571
37.549358
30.311468
45.470997
15.706676
32.219711
12.628100
10.374985
2.398988
6.251439
17.715042
24.406569
9.616004
11.022468
16.651524
24.710806
2.502294
0.000000
11.874934
17.431820
8.185369
1.428997
5.830334
11.310930
2.266029
0.000000
3.899131
1.437034
0.000000
0.000000
0.000000
0.000000
0.000000
0.000000
0.000000
0.000000
0.000000
0.000000
0.000000
0.000000
0.000000
0.000000
0.000000
18.583906
0.000000
77.860680
0.378927
0.000000
0.000000
30.451242
36.814896
43.758034
51.830578
59.007679
59.577290
67.320023
73.416245
48.043011
53.293488
44.950508
51.585308
0.000000
0.000000
0.000000
0.000000
4.331804
0.000000
4.519681
0.000000
6.274703
2.645803
0.000000
0.000000
10.703036
11.179593
1.805719
1.015126
5.818571
1.257842
0.000000
0.000000
3.567681
0.000000
0.000000
0.000000
0.000000
0.000000
0.000000
0.000000
0.000000
0.000000
0.000000
7.851750
2.399709
0.000000
0.000000
5.152873
3.228153
4.663384
2.286565
10.213328
5.566422
9.660833
5.909063
9.249509
3.186454
48.220997
47.426849
40.165241
35.431061
37.549683
14.232004
23.141489
29.764519
33.592316
11.328012
6.558825
7.296826
6.337913
0.000000
0.000000
17.928156
18.977106
14.030489
7.691770
12.933694
12.795587
13.180563
5.931407
20.930899
12.873482
15.690227
16.682096
13.965081
18.178812
20.223351
19.355656
15.037963
4.878722
7.609111
9.079681
0.000000
1.104229
2.789734
1.868878
1.882679
4.607117
7.505443
5.966991
12.801327
9.414296
8.108656
2.463971
32.019756
35.714497
45.750374
49.928822
20.371040
37.750561
26.645975
3.240408
3.420404
3.564401
3.453964
4.270152
5.216570
5.267293
2.776106
0.505033
0.000000
0.000000
0.000000
0.000000
0.000000
3.257991
7.620991
12.546111
16.982809
22.818310
26.135712
29.358515
29.727238
32.946678
29.940794
31.523268
30.909288
29.960278
32.680740
23.975595
27.323294
20.980951
21.315845
14.635952
16.875309
12.113582
10.163468
7.151074
1.710751
1.422757
0.892884
0.000000
1.789744
9.404243
7.785833
5.347292
5.907039
8.571754
7.906521
15.036023
13.399917
17.904469
15.666868
14.434471
11.409775
11.862562
15.781242
4.684747
4.076381
6.485895
1.810491
0.000000
17.144880
0.000000
0.000000
0.000000
0.000000
0.000000
2.828764
17.118109
10.006768
11.200399
1.730239
8.834318
7.030775
12.464619
8.399670
6.939149
11.431253
6.246307
9.684107
5.819023
8.421331
8.145226
0.000000
0.000000
0.000000
0.000000
0.000000
0.000000
0.000000
0.000000
0.000000
2.088721
0.000000
0.000000
0.000000
6.343518
10.008644
0.000000
1.828547
0.000000
1.006355
0.000000
4.205767
2.393723
3.876526
2.791651
5.756806
3.336363
4.596393
1.553490
2.997018
1.361267
2.150941
0.019463
0.452187
0.000000
0.000000
8.700214
0.000000
0.000000
0.000000
0.000000
0.000000
5.569589
13.076563
13.649669
26.269703
10.487387
22.462013
20.953108
32.769196
20.872929
22.795773
6.732012
7.115345
1.511381
0.454309
0.000000
0.000000
0.000000
0.000000
0.000000
0.000000
0.000000
2.231752
0.000000
0.000000
0.000000
0.000000
0.000000
0.000000
0.000000
0.000000
0.000000
0.000000
0.000000
0.000000
4.564064
4.431311
3.255217
0.000000
0.000000
0.000000
0.000000
12.368092
0.000000
8.961699
5.637235
16.419817
15.694591
18.572811
25.831987
13.807735
28.050705
15.453835
29.296848
21.419456
34.521080
30.567619
38.852665
41.640305
34.099518
35.364285
26.353191
27.713650
21.087845
13.042733
10.107328
2.698505
2.466735
2.322738
2.071311
0.729987
0.000000
8.076737
0.000000
0.000000
0.000000
0.000000
2.950436
0.533190
0.000000
0.000000
0.000000
0.000000
0.000000
0.000000
0.000000
0.000000
0.000000
0.000000
8.469134
5.734180
5.157007
1.576718
0.000000
0.000000
23.416134
42.907364
18.572866
34.845657
25.513824
12.552837
8.175741
8.135451
1.259375
0.000000
5.267262
3.277239
8.574574
4.981011
7.030683
7.025151
14.748130
1.171487
7.077232
0.416672
9.693433
0.000000
7.742723
0.000000
0.000000
0.000000
0.000000
2.393602
0.000000
0.000000
0.000000
0.000000
0.000000
0.000000
0.000000
2.041170
1.724681
3.765744
2.907425
5.517035
2.763560
0.975161
1.602548
0.853500
1.519684
1.947462
3.733687
5.426911
7.303580
7.343088
10.237823
7.276476
8.300191
5.171563
5.812380
2.441771
2.888686
1.962929
3.278164
0.000000
0.000000
0.000000
2.510324
2.479222
2.816155
2.673164
1.950565
2.258458
3.514893
0.980294
3.577382
1.527303
22.197464
20.168064
18.265623
17.044781
22.267736
27.360106
3.079699
8.745909
14.356463
14.130079
11.554770
8.707067
16.878311
16.714539
15.730782
44.552467
41.999798
36.073917
33.008038
0.000000
0.000000
0.000000
0.000000
0.000000
0.000000
0.000000
0.000000
0.000000
0.000000
0.000000
0.000000
18.102856
3.985524
7.132588
0.000000
0.000000
0.000000
0.000000
0.000000
0.000000
0.000000
0.000000
0.000000
0.000000
0.000000
9.205054
12.719196
19.322876
0.000000
0.292371
8.603438
18.052643
0.000000
0.000000
0.000000
0.000000
0.000000
0.000000
0.000000
0.000000
0.000000
31.863895
19.130276
16.858675
12.703474
15.792526
11.874618
7.189580
15.026347
11.404387
9.620848
13.002232
12.221090
0.000000
0.000000
0.000000
0.000000
0.000000
0.000000
0.000000
0.000000
7.109035
0.000000
0.000000
0.000000
0.000000
13.368684
10.067034
0.000000
0.000000
0.000000
0.000000
0.000000
14.804973
12.513787
10.209771
2.094850
14.188341
10.178254
7.224966
4.398966
5.124202
11.054636
0.000000
4.393048
10.028863
13.316398
16.517773
18.071989
13.244229
2.112857
0.000000
8.994710
9.189438
39.023529
39.090363
3.548855
0.000000
2.756880
4.410220
0.000000
0.000000
0.000000
0.000000
0.000000
0.000000
0.000000
0.000000
0.000000
0.000000
0.000000
0.000000
0.000000
0.000000
1.194329
2.798599
0.000000
0.000000
0.000000
0.000000
0.000000
0.000000
0.000000
0.026579
2.809463
3.987381
5.780074
7.222283
9.554675
11.436924
14.982943
13.763638
18.295483
20.380276
25.744980
30.938126
24.833424
29.652208
31.846045
3.974301
3.408016
3.197630
1.918993
2.530546
0.000000
0.000000
0.000000
41.006611
35.237125
35.904850
33.478867
7.944430
2.451618
7.750638
6.071825
0.000000
0.000000
5.003763
0.000000
0.000000
0.000000
0.000000
0.000000
0.000000
0.000000
0.000000
0.000000
0.000000
0.000000
0.000000
15.135633
0.000000
0.396224
0.396224
0.396224
0.396224
0.396224
0.396224
0.396224
0.396224
0.396224
1.120335
2.515109
0.000000
14.587343
0.462729
0.949916
6.180893
26.484295
20.824072
0.000000
0.000000
1.346229
0.000000
1.165291
0.000000
31.805893
27.443216
25.996595
24.633604
23.108065
31.396790
19.764896
16.768396
13.387578
22.432470
18.743475
16.768608
16.382647
15.792879
26.885929
0.000000
0.000000
0.000000
0.000000
0.000000
0.000000
0.000000
0.000000
0.000000
0.000000
0.000000
0.000000
0.000000
0.000000
0.000000
0.000000
0.000000
0.000000
0.000000
0.000000
16.868097
14.212193
11.364058
8.436984
5.509910
2.582836
2.085404
2.988140
3.987575
5.496837
6.290716
7.420855
7.045750
10.593264
16.958546
23.080479
5.022090
0.783959
13.896181
15.547726
16.387789
18.233257
18.999161
24.025114
27.871433
31.506563
38.018505
34.859177
28.196123
3.410114
0.000000
4.514959
8.792122
4.194315
2.259491
6.961560
6.011480
12.755193
9.704939
15.374151
10.808089
14.404912
7.174891
7.804907
0.000000
0.000000
0.000000
0.000000
19.935461
18.130402
16.182961
14.741492
16.013042
18.247192
18.352339
13.588062
8.848144
8.007949
5.593707
0.000000
0.000000
14.056725
9.343170
19.440451
18.143911
20.633980
21.443123
26.817976
28.209217
31.266352
29.018822
28.359264
24.671484
37.561722
37.497368
20.295485
23.312899
19.123913
20.052650
25.519976
4.006898
8.055426
9.315430
5.731686
3.682512
9.196396
34.856152
41.926186
29.344116
30.234045
6.130029
12.244941
4.341342
12.323469
7.439350
8.935576
4.387461
1.572987
0.000000
0.000000
0.000000
12.686644
0.000000
0.000000
0.000000
0.000000
0.000000
0.000000
0.000000
0.000000
3.895648
0.000000
0.000000
0.000000
0.000000
4.030788
0.000000
5.130786
0.000000
0.945969
0.111370
0.473926
3.082972
1.541876
3.614190
7.100328
4.392041
5.819905
3.993640
7.779684
1.318165
4.286740
0.000000
1.049088
0.000000
0.000000
0.000000
0.000000
0.000000
15.556014
5.260829
0.000000
0.000000
0.000000
0.000000
31.579302
33.511024
37.823212
47.855408
30.474514
51.053360
52.664219
30.008413
25.022591
40.402565
27.193604
19.726021
11.321982
9.438619
5.405886
0.000000
1.675961
0.000000
0.000000
3.821676
10.018721
5.468930
7.407955
9.317283
11.394096
11.874453
21.258200
22.017824
24.840811
26.733229
28.664406
27.410000
28.738638
35.439751
37.444096
6.733513
17.280312
22.884167
13.845450
5.996168
20.535883
12.041366
11.059551
13.155195
12.848566
14.468315
15.757304
14.070536
19.753298
13.034252
20.298409
12.993183
18.333900
12.984680
17.227854
46.047356
41.517532
44.486259
42.101402
31.911922
28.492846
27.889111
18.712433
16.045456
17.210403
11.484641
12.593518
10.945049
19.136900
0.000000
14.894753
4.508971
0.000000
0.000000
0.000000
4.692672
1.285159
1.285159
1.285159
1.285159
1.285159
1.285159
1.285159
1.285159
1.285159
0.000000
23.828684
0.000000
0.478818
13.981729
17.334036
22.864483
0.000000
0.000000
6.683383
33.521194
18.657648
16.199795
25.431095
24.436399
2.912009
0.000000
1.383794
0.000000
0.981236
0.000000
0.000000
0.000000
5.021588
0.000000
0.000000
0.000000
0.438219
0.000000
0.000000
0.000000
0.000000
0.000000
5.004000
0.000000
0.000000
0.000000
0.000000
0.000000
0.000000
2.289955
0.000000
3.585599
0.000000
2.562971
0.000000
3.258267
8.437784
9.601879
5.906170
12.166418
9.524620
12.602278
13.183022
14.120060
11.445245
11.750919
8.988250
6.733181
5.926929
1.364944
0.382210
0.000000
0.000000
0.000000
0.000000
15.420641
9.025533
0.000000
9.531629
10.025967
10.421438
10.695116
14.530351
18.441633
30.211361
0.000000
10.776284
11.560185
0.000000
0.000000
0.000000
0.000000
0.000000
0.000000
28.323030
11.404245
0.000000
0.000000
0.000000
0.000000
0.000000
0.000000
0.000000
0.000000
0.000000
0.000000
0.000000
7.879182
8.152883
8.264597
9.339853
7.623130
5.707701
4.420805
5.084340
5.582880
4.791938
5.052623
18.720367
0.000000
0.000000
1.428478
21.439823
18.643963
17.415998
15.666587
14.654785
13.859438
11.350214
8.090057
9.406269
2.320677
13.402323
6.314872
12.912482
11.088174
8.464134
5.652740
1.880406
0.000000
42.450092
34.213818
33.944603
43.147408
43.048531
42.027534
0.000000
0.000000
0.000000
6.723715
0.043231
13.234200
3.234391
6.321036
3.602413
7.571083
0.000000
0.000000
0.000000
0.000000
0.000000
34.815609
26.158096
12.332912
3.529924
0.039508
0.039508
0.039508
0.039508
1.339355
15.117866
24.668743
30.362896
38.032810
0.774604
0.000000
39.447823
33.431831
34.101501
28.342379
20.318466
6.953627
6.506848
8.342211
5.489343
8.208310
6.873593
11.486391
7.797956
11.855865
9.043029
2.882442
14.384269
7.680345
2.080629
0.000000
6.127688
1.331957
18.741552
36.592857
41.078911
42.484753
0.864316
0.000000
0.000000
0.000000
0.000000
0.000000
9.780268
8.148780
5.640053
8.869617
6.225421
12.927347
5.961512
5.520998
5.708423
5.814488
5.914377
5.833016
4.461907
6.251265
3.995236
0.000000
17.837200
6.436330
5.156337
3.760221
2.405647
0.628444
11.017881
1.066071
0.000000
0.000000
0.000000
0.000000
0.000000
4.641719
10.652826
0.000000
0.000000
1.744059
0.000000
0.000000
0.493663
0.000000
0.000000
25.365414
25.368057
25.220175
26.331175
27.828011
24.439131
21.515278
18.561369
0.000000
0.000000
0.000000
0.000000
6.911792
9.936970
10.669261
10.328530
8.615111
4.463532
13.933850
2.354642
7.312524
7.659102
7.263631
7.540372
8.632841
7.008623
17.912584
17.877384
23.190123
26.041618
33.843220
0.000000
0.000000
0.000000
0.000000
0.000000
2.419272
0.000000
0.000000
0.000000
1.093665
1.540022
5.169574
5.498720
0.868938
0.000000
0.000000
0.000000
6.393089
4.245045
2.778728
14.882797
28.066153
24.107586
32.616051
18.440109
13.874804
8.509398
11.725477
0.000000
11.813361
0.000000
7.478411
2.038847
8.814189
0.000000
0.000000
0.000000
0.000000
0.000000
0.951193
7.395265
46.978733
32.740421
25.939299
18.382936
27.242451
27.578310
28.305464
25.249346
36.398743
26.677938
38.959904
38.407631
52.240791
52.325031
56.867455
44.592484
39.124268
16.665815
22.876595
18.284283
18.530939
3.182833
16.635120
2.811632
10.326681
0.000000
4.815095
5.925817
3.984323
0.689810
9.605185
4.601401
0.250495
0.000000
2.806880
4.657034
14.966284
25.473471
24.043179
0.000000
0.000000
0.000000
0.000000
0.000000
0.000000
0.517115
0.000000
0.000000
0.000000
0.466148
0.096774
0.000000
0.000000
0.000000
0.000000
12.453721
9.116935
6.181969
7.120610
6.134106
4.176053
18.890636
17.048382
15.120959
0.000000
0.000000
0.000000
0.000000
0.000000
0.000000
0.000000
0.000000
0.072175
2.581979
3.692787
1.178424
0.000000
0.000000
0.000000
8.045689
0.000000
0.000000
0.538155
3.575213
4.051183
4.066785
3.555442
2.906369
2.292298
1.629532
0.931003
0.226767
0.431561
0.765787
1.345761
0.513783
0.000000
0.000000
0.000000
0.000000
0.000000
25.218061
15.389646
16.169876
19.656054
20.035667
10.352103
0.000000
0.000000
0.000000
1.246113
2.844288
0.488592
0.000000
4.839681
1.862517
4.364013
0.000000
0.000000
0.000000
0.000000
0.000000
19.918587
10.926858
5.639238
1.161225
0.129010
0.129010
0.129010
0.129010
5.302366
0.000000
10.304536
13.390388
16.437002
0.000000
0.000000
27.426197
20.666574
18.029343
16.146442
14.116084
1.784748
0.000000
0.000000
0.000000
4.287169
0.000000
0.000000
3.660664
5.666651
0.000000
0.000000
2.186274
10.707537
10.856263
17.441769
19.622545
4.841572
0.000000
7.976532
19.051495
23.411840
0.975793
2.466677
0.000000
0.000000
0.000000
0.000000
0.000000
0.000000
0.000000
2.723791
1.606439
0.000000
0.000000
0.000000
0.547402
1.504055
2.998702
6.106294
4.062662
1.406661
0.000000
0.000000
20.535839
11.470287
2.255586
0.000000
0.000000
0.000000
0.000000
0.000000
0.000000
0.000000
0.000000
0.000000
0.000000
0.000000
0.000000
0.000000
0.000000
0.000000
0.000000
15.466231
0.077127
0.000000
0.000000
8.257377
11.756610
15.332444
17.475941
15.974586
15.358402
15.278912
13.669224
5.319567
1.491993
3.597685
2.879414
0.000000
0.000000
0.000000
0.000000
0.000000
0.000000
0.000000
0.000000
0.000000
0.000000
0.000000
0.000000
1.183271
6.986115
0.000000
12.397264
12.294936
12.233318
14.998455
0.000000
0.000000
1.432423
0.000000
0.000000
0.000000
0.000000
0.000000
0.000000
0.000000
0.000000
0.000000
0.000000
0.000000
0.000000
0.000000
0.000000
0.807123
0.000000
0.000000
7.661223
0.000000
0.000000
0.000000
0.000000
1.287039
1.890911
6.176711
2.926768
5.781649
0.000000
2.737289
8.530516
9.801188
0.000000
1.335721
0.000000
1.416728
2.590550
3.807307
3.977252
21.967266
15.459105
12.106533
15.840940
4.092971
9.054340
12.451179
12.963894
13.698254
11.708176
11.413257
13.035310
14.509902
17.176134
15.791380
10.493007
5.342093
16.533289
16.114721
17.338593
0.000000
0.000000
0.000000
0.000000
0.000000
1.303044
1.940392
1.533559
1.045308
1.130458
2.094435
5.496458
3.286161
5.415799
11.791542
16.697607
1.297273
2.643168
10.441706
0.826762
0.947175
0.993966
1.032730
0.814970
1.393799
2.629699
0.556413
0.151537
0.000000
7.509048
1.978512
0.000000
0.000000
12.591746
3.864269
13.326884
13.156488
12.676897
2.505138
14.039230
24.745781
0.000000
0.000000
0.000000
7.159500
18.098572
2.825426
13.084427
0.000000
0.000000
4.524303
0.517428
20.369183
16.435575
28.724562
25.066132
18.884350
16.418985
9.470217
6.713181
3.278852
1.874661
0.000000
1.898080
0.792758
1.431609
3.891275
3.578245
3.185690
4.090773
3.305924
9.487746
5.560908
14.291526
7.744002
12.207424
9.084611
17.168612
8.882251
2.140888
2.877873
7.814178
9.484712
9.444430
12.615028
16.024088
2.314384
0.000000
0.000000
0.000000
1.184309
13.078366
19.457275
34.988453
4.348371
6.342903
0.826802
19.150877
11.135989
12.994892
7.329945
10.882577
11.560997
6.803895
4.653607
4.687126
9.976356
0.038313
9.938225
2.853091
4.005875
38.769180
22.936108
19.099714
12.242820
3.196760
6.232142
1.696776
3.040488
0.686802
0.000000
1.714344
11.191753
9.087470
10.596075
19.018827
6.100344
0.157804
0.000000
4.560054
9.731243
0.590839
20.629595
20.353333
15.099016
15.156189
28.732330
19.416193
11.192135
0.000000
7.326511
0.000000
0.000000
0.000000
0.000000
0.000000
0.000000
1.077399
1.306427
12.533674
9.842130
16.909962
30.915838
13.373053
46.191105
11.948580
10.652986
2.058995
12.094007
21.408464
10.082102
10.072392
13.651943
16.582756
20.181576
6.122611
0.303122
0.856624
0.000000
5.224613
0.853735
0.000000
0.000000
0.000000
0.000000
0.000000
0.000000
7.555840
5.904081
6.494612
15.331878
6.121325
8.558995
0.000000
9.245406
1.751109
12.784510
4.720964
8.130685
7.677988
17.382891
13.201918
32.019028
32.497784
30.034113
25.673952
0.000000
16.739681
23.461964
10.123738
0.718854
6.876070
15.900487
10.883541
24.832256
21.247650
32.522598
24.118616
13.427377
15.122637
4.218197
5.090231
0.131472
0.000000
24.172037
0.000000
0.000000
4.849375
9.532837
0.000000
17.265469
9.859863
10.157524
11.004898
14.253341
11.526576
16.753832
13.069754
17.482964
13.276862
16.674328
0.000000
38.419540
0.000000
9.668424
0.000000
0.536698
1.269882
15.976819
0.458793
5.010399
0.000000
1.830053
7.368645
6.062562
0.000000
12.314325
6.862178
10.721231
1.744262
3.903795
5.955076
1.065267
3.950994
17.551226
9.988009
3.274484
2.473740
16.209517
2.692473
2.451238
17.729008
5.529550
10.414178
31.733170
25.336678
12.845854
11.770465
15.189201
9.835548
6.382576
7.319848
6.093310
4.782530
13.406701
21.558937
24.224564
0.000000
0.000000
0.548702
7.947444
0.000000
0.000000
2.589552
15.695618
5.648927
3.542369
6.902873
8.131427
14.053102
20.357742
30.171225
11.260834
21.249792
25.246847
28.206158
0.000000
8.025200
4.499095
15.442478
16.252237
16.900045
17.231773
19.221373
21.211950
35.033676
0.000000
8.774117
14.946138
0.000000
0.000000
0.000000
0.000000
0.000000
0.000000
0.000000
0.000000
0.000000
0.000000
0.000000
0.000000
0.000000
0.000000
0.000000
0.000000
3.563285
0.000000
0.000000
23.327183
20.575903
17.719259
15.001127
17.820417
22.124310
23.033110
15.874048
8.846956
7.551341
5.836588
0.000000
1.310646
13.465421
10.207134
8.950268
9.260750
13.771122
8.069708
6.935533
5.886370
4.686818
2.970323
1.428992
0.054276
0.069847
0.000000
20.481085
23.497673
0.000000
0.000000
0.000000
13.990738
0.000000
2.084790
10.593341
17.168459
23.560736
0.000000
5.488941
14.845870
21.858297
0.000000
0.000000
0.000000
0.000000
0.000000
0.000000
0.000000
0.000000
0.000000
0.000000
0.000000
0.000000
7.065504
0.000000
0.000000
0.000000
0.000000
0.000000
0.000000
0.000000
10.892262
0.000000
12.648490
4.768001
0.000000
5.354235
0.000000
7.824909
0.000000
0.000000
0.000000
0.000000
6.438972
5.420386
4.567299
3.596213
4.677996
1.916745
0.946218
0.032278
0.000000
0.000000
0.000000
0.000000
1.689319
1.989780
13.860668
0.000000
0.000000
0.000000
0.000000
0.000000
0.000000
0.000000
0.000000
22.873119
22.479471
24.358774
26.390192
0.000000
0.000000
0.000000
31.563448
24.379047
17.227367
10.132092
12.578488
16.277050
19.996498
22.780863
22.801750
24.229530
25.883659
23.733866
19.885654
1.207221
1.623385
3.365845
5.165744
6.887728
8.204777
8.571852
9.975155
11.502028
11.905329
12.311152
6.134686
0.654680
9.600551
22.621716
13.360621
30.699026
0.000000
0.000000
0.000000
0.000000
0.000000
0.000000
0.000000
0.000000
0.000000
0.000000
0.000000
0.000000
0.000000
0.000000
0.337687
0.000000
0.000000
0.000000
15.120220
19.978771
17.818708
16.620646
15.830504
15.079597
14.109486
13.641648
12.907694
12.247946
11.600139
10.846045
11.627919
23.044125
0.000000
18.596050
7.831551
0.000000
0.000000
4.308639
2.392510
0.925130
0.925130
0.925130
0.925130
0.925130
0.925130
0.925130
0.925130
0.925130
0.000000
17.646477
15.205919
6.852026
5.552816
2.979491
2.059286
20.917992
19.660677
43.674755
0.000000
11.104001
12.874311
13.059034
14.380439
0.000000
0.000000
0.000000
0.000000
0.000000
0.000000
0.000000
0.000000
1.510207
0.000000
0.000000
0.000000
0.000000
22.188009
4.332189
0.000000
0.000000
0.000000
9.531240
0.000000
0.000000
0.000000
0.000000
0.000000
0.000000
0.000000
0.000000
0.000000
0.000000
0.000000
0.000000
0.000000
12.746777
9.769283
7.846748
17.585201
15.243113
15.665688
16.655775
8.151851
5.787813
3.017945
1.398707
0.000000
0.532647
7.314815
15.327442
0.000000
0.000000
0.000000
0.000000
0.000000
0.000000
0.000000
7.672580
8.081698
8.408993
8.298461
10.203972
12.321571
15.944290
3.221798
2.237533
0.000000
5.605424
5.608026
4.565418
3.808569
4.836144
2.722898
0.000000
0.000000
7.544458
8.668730
8.001693
8.113050
13.545517
10.330791
9.422421
12.243825
13.547203
15.725842
13.572498
2.591766
3.815476
9.942455
11.147524
7.595822
7.866866
7.662969
6.056528
11.479486
10.317331
8.316620
6.056962
16.007298
25.564249
16.123377
18.935167
15.559642
14.606017
12.648749
10.389956
9.962014
15.261115
14.992816
13.152143
7.843974
13.246989
6.857778
7.102181
3.763789
16.300301
12.357892
7.573452
39.228607
0.000000
0.000000
0.000000
0.000000
0.000000
0.000000
32.316818
25.447441
17.505760
8.421903
3.938278
3.514000
5.371177
6.939923
7.504477
4.748154
5.497614
7.266957
6.077212
13.746599
23.621466
1.216110
0.000000
0.000000
0.000000
0.000000
0.000000
0.000000
0.000000
0.000000
0.000000
0.000000
0.000000
0.000000
20.906109
21.926474
0.000000
0.000000
0.000000
2.258378
8.915673
2.649659
0.000000
0.000000
0.526968
0.648071
3.947901
1.088007
0.456179
3.096520
0.000000
0.162725
0.000000
0.930522
4.425424
0.000000
8.494294
2.117718
0.856325
0.000000
0.876423
0.555506
20.539413
19.469744
32.084694
27.980665
22.886497
18.066921
7.443641
9.213067
11.236948
0.479920
0.392695
9.874743
13.146414
5.886438
5.936920
1.241222
3.108347
2.009704
0.000000
0.000000
1.577046
0.000000
19.906143
6.972391
3.437200
0.000000
0.000000
0.000000
0.000000
0.000000
2.862119
4.402324
2.030491
0.963174
1.911574
5.990215
9.180905
0.000000
0.000000
3.715295
1.279890
20.952179
4.426672
0.000000
4.052465
3.186194
2.751529
4.451229
4.143472
7.934344
1.360900
7.030013
8.354147
12.771404
7.413458
7.446810
12.633927
5.497097
6.388911
8.042011
7.959459
6.543576
3.114164
10.934254
1.370987
10.468904
5.750222
5.422928
4.732753
3.625593
4.863192
0.000000
0.000000
1.785034
0.000000
0.000000
11.544085
13.825877
7.400302
7.400302
15.381530
12.118670
9.561774
10.612051
14.717501
7.400302
7.400302
9.517770
34.489132
15.509330
9.005609
16.547714
7.279995
0.000000
34.371067
18.077789
31.625563
28.111351
12.612474
13.419215
14.466405
15.668075
0.000000
6.775174
3.696479
3.385138
6.919274
0.000000
4.996743
11.161351
16.984207
0.000000
0.000000
5.238217
14.097237
9.818747
11.682112
0.000000
0.000000
0.000000
0.000000
0.000000
0.000000
0.000000
0.000000
0.000000
0.494968
0.000000
0.792996
0.000000
5.021487
3.775543
0.000000
0.000000
17.537437
22.735012
22.108196
10.854663
11.089455
9.673026
6.087961
0.000000
6.862020
7.556734
6.577646
7.086556
7.755459
4.842227
6.526259
3.145265
3.335630
2.755313
3.284487
4.268924
2.759029
1.848481
5.130952
5.594455
7.253967
7.522699
5.482473
6.073518
7.659675
6.812670
7.930140
8.094950
29.328716
27.008055
24.291618
21.643711
35.276958
38.825184
10.251793
17.128090
24.010178
24.721909
25.023363
25.769474
20.613440
21.792969
22.863068
34.536583
37.884968
27.668985
30.872885
0.000000
2.711550
1.889871
3.978112
2.627451
13.794363
8.420666
13.046864
8.317902
8.740189
10.777736
13.304752
27.593277
0.000000
0.000000
3.348662
0.000000
0.000000
0.000000
0.000000
0.000000
0.000000
0.000000
0.000000
0.000000
0.000000
0.000000
5.769774
4.659541
3.444556
7.091034
10.392907
28.894083
0.000000
0.000000
2.539349
2.056732
0.000000
0.000000
0.000000
6.989889
2.877332
32.768917
26.727428
24.459974
22.961403
16.560827
13.422852
1.217371
30.271078
20.832260
15.861065
15.087965
20.795048
0.000000
0.000000
1.616765
1.419389
3.953434
7.057117
3.959355
1.620717
1.480176
4.650504
3.991705
0.000000
0.000000
18.847843
19.554773
0.971707
0.848818
0.317827
0.000000
0.000000
5.186307
4.402565
3.685708
2.007481
3.592643
2.577293
1.709615
0.885479
3.616193
7.720286
9.707484
14.718914
19.271175
26.039833
33.474583
28.980810
30.545361
0.000000
0.000000
0.000000
0.000000
33.652500
35.452232
21.916113
0.000000
10.877948
8.400488
5.665105
0.294133
4.052312
6.458192
0.599996
7.622736
0.527522
10.119608
0.000000
0.000000
0.000000
1.669112
0.000000
0.000000
0.000000
0.000000
0.000000
0.000000
0.000000
0.000000
0.000000
0.000000
0.000000
0.000000
0.000000
0.000000
0.000000
0.000000
0.575284
2.573414
5.435245
3.476683
3.730250
28.589432
29.662567
35.601597
29.587923
41.792419
42.017666
11.295633
11.421547
11.861227
12.779288
14.640429
16.307486
17.533222
18.827469
26.766577
31.584709
37.872284
32.267052
3.010559
3.236150
6.275908
6.089458
7.931755
1.886160
14.882075
11.446176
19.753368
10.613008
22.339766
18.456984
9.487331
1.108034
0.276037
3.852253
0.000000
0.000000
0.000000
17.854244
13.430459
11.929660
10.476579
12.458858
21.816271
20.599100
17.870979
14.457099
14.264554
14.916214
18.525333
0.000000
10.221204
10.285655
7.752536
7.172903
9.002729
15.466158
11.507734
0.000000
0.000000
3.013003
0.000000
0.000000
0.000000
32.779434
30.777416
29.107590
27.589985
27.044155
28.208801
23.380354
14.259780
5.230774
38.414814
30.395878
28.659691
24.263596
29.483889
28.643410
0.000000
12.563263
5.216067
5.487264
8.344828
12.362271
7.196727
7.519734
6.139317
6.571007
2.962926
4.567513
2.244383
0.000000
0.000000
0.000000
0.000000
0.000000
0.000000
0.000000
3.133135
2.561358
1.859484
1.144863
0.430242
0.000000
0.909774
2.582882
4.584497
9.390628
15.283849
21.533497
16.054060
23.223246
31.502625
39.194721
0.000000
0.000000
1.084685
1.738438
1.585842
1.444778
1.436760
0.000000
0.000000
2.569546
1.170432
0.000000
2.352815
34.072540
32.912746
30.847921
28.461430
32.880535
25.476482
39.959106
35.267269
30.558565
29.879263
29.118631
27.593704
30.336615
26.546453
23.548197
23.635679
29.326078
27.702185
34.282177
6.798781
0.000000
1.502327
13.844908
10.386573
0.000000
0.000000
7.432819
2.006288
0.798569
1.399561
0.000000
0.000000
5.220083
9.530547
25.971901
14.413487
13.028140
11.778249
12.653978
11.483958
9.595356
6.927913
4.558172
2.358092
4.236150
0.000000
0.000000
0.000000
0.000000
1.073563
0.000000
0.000000
8.400995
5.975557
3.298758
0.990293
0.000000
0.820987
0.000000
7.472479
2.895124
24.612406
33.897995
33.171406
19.575716
20.947491
19.781860
25.949890
0.000000
3.971782
6.031632
2.615262
5.855904
14.031681
8.508644
3.651536
0.300149
3.602764
4.651658
0.252995
1.137164
0.000000
4.804505
8.337503
9.119305
9.858163
6.735079
5.296925
12.390268
10.122080
6.160536
4.188478
2.131768
0.000000
0.000000
0.000000
4.721249
0.000000
0.282589
0.000000
0.000000
0.000000
0.000000
1.884202
0.000000
0.000000
0.000000
1.832604
0.000000
0.000000
34.962624
44.810310
37.037830
40.410351
21.714661
24.437113
2.591617
0.000000
0.000000
0.000000
0.000000
0.000000
19.097210
21.089155
6.887291
0.000000
3.062108
1.960178
0.000000
0.000000
0.000000
0.000000
0.000000
0.000000
0.000000
0.000000
0.000000
0.000000
0.000000
0.000000
0.000000
0.000000
0.000000
0.000000
0.000000
0.000000
0.000000
0.000000
0.000000
0.000000
0.000000
0.000000
0.000000
34.618576
27.861971
26.404230
23.190601
27.646427
21.350998
40.117325
39.443939
39.021347
38.019939
35.607483
34.930077
34.151470
33.339462
35.296383
33.284809
33.565060
25.077801
20.167263
7.868066
9.195065
0.409700
9.079642
9.029570
15.898318
10.974198
11.803218
4.786712
8.699718
0.000000
0.000000
3.891272
0.000000
0.000000
0.000000
0.000000
0.000000
0.000000
2.667604
0.673580
0.000000
11.997839
1.358449
0.000000
0.000000
6.581425
0.000000
0.000000
0.000000
19.591925
3.169496
0.000000
0.000000
0.676631
1.594185
2.853686
5.094548
20.222179
16.894958
25.637140
17.309223
10.851883
9.083389
69.029259
69.666916
52.435593
29.695091
23.219421
9.536716
19.708633
21.245249
25.434376
4.198479
1.150674
4.175013
2.653107
8.433096
0.000000
13.093179
16.186619
18.000246
11.402934
3.111051
5.278003
6.792490
2.613175
10.554030
6.435858
10.853153
17.857615
11.673993
9.058895
11.338212
6.914284
0.822557
3.910267
13.200572
12.340046
2.163764
0.867186
4.477176
4.090990
0.659347
0.612275
5.629334
5.689927
4.694697
3.653352
3.339609
3.030102
0.000000
0.000000
0.000000
0.803682
41.177021
47.398602
37.956734
0.559266
0.577100
0.746928
0.753487
0.000000
1.519522
10.991435
0.000000
0.256591
0.000000
10.454982
8.587581
9.632651
8.554864
10.807342
9.740932
6.460243
5.240686
12.647323
13.295961
17.785284
10.326891
32.075573
31.384459
32.181530
22.784632
17.986294
10.504425
3.154552
0.000000
0.000000
0.000000
0.000000
0.000000
2.612373
4.295009
0.782365
0.000000
0.000000
0.364251
0.000000
0.000000
27.005796
39.613117
0.000000
11.149597
17.344030
11.603311
11.942148
12.084615
14.640080
12.296627
8.507009
14.029472
12.181048
32.784943
36.729744
43.262959
22.110214
27.578413
21.271568
10.537547
9.065750
6.911960
10.186625
17.331461
15.126947
12.740627
6.896383
4.596367
5.403176
29.250677
0.894739
17.470863
5.233555
20.397228
13.953439
22.713705
4.506784
0.000000
4.724151
4.376232
0.000000
10.081776
6.639807
10.713506
7.414237
1.046710
4.388311
0.000000
0.155228
20.310242
4.856866
9.717529
5.884446
1.755517
6.355152
2.867417
15.698824
2.587387
6.932925
2.012709
3.925452
9.059953
13.970845
9.692075
13.735571
29.385826
19.111631
22.216022
18.796112
17.892036
33.572598
8.475090
9.820609
0.000000
0.000000
0.000000
0.000000
0.000000
24.700117
2.949918
39.957127
34.427689
32.157879
26.709181
9.243815
2.291162
8.533072
4.085767
0.000000
10.418302
0.000000
0.000000
17.812071
7.453322
4.376888
0.000000
9.235244
16.585527
16.539524
7.165251
35.273849
20.794289
6.626110
0.000000
10.419852
42.528179
39.994854
35.273357
60.263382
42.691494
0.000000
0.000000
10.832228
14.054729
15.104498
5.412426
26.432671
14.690693
8.739451
0.000000
0.000000
3.006545
22.394951
1.063114
8.945959
14.417822
9.478954
5.618105
12.846407
7.048209
17.699699
0.000000
14.604801
2.611884
2.536624
14.029580
4.533293
3.089254
0.000000
0.000000
0.000000
0.000000
0.000000
1.159292
17.206329
0.000000
22.831373
0.000000
4.277038
0.152119
2.582705
0.000000
9.343693
2.260809
14.051660
8.479319
8.061244
4.767963
14.199409
1.001320
11.683611
8.274179
19.082968
7.217560
12.235493
9.349254
9.873438
7.095185
14.519517
10.928812
24.674200
0.182443
34.984371
5.765655
4.072426
8.917553
4.898922
3.347524
28.891773
0.000000
21.218222
18.015841
12.815098
10.385389
19.015038
8.481422
21.305233
19.778908
17.255737
48.556278
15.097029
30.141798
24.303715
8.382425
9.272222
19.502087
13.531693
8.561975
31.299374
9.913161
10.742614
1.685629
7.786318
7.700711
11.385441
5.515595
13.114990
3.764355
13.326379
0.744010
1.962082
4.380119
11.837835
6.122061
0.993787
2.363369
11.954832
8.953842
17.631699
8.359038
8.827209
16.983696
15.578179
14.640332
18.605946
16.538267
23.870569
10.959023
10.123887
3.572309
3.932264
0.000000
0.000000
0.000000
0.000000
23.734806
8.231003
43.602886
1.378242
1.286995
0.949738
0.684714
0.000000
5.841004
24.334063
0.000000
5.575896
9.376298
28.885305
31.663120
34.701492
33.748470
30.116060
25.001070
25.222620
18.276678
10.828012
9.215760
7.528560
4.746128
18.837219
15.990907
13.125327
1.675977
2.749666
2.943941
4.299500
0.000000
5.503278
3.198778
0.000000
0.000000
7.998722
2.890647
0.000000
0.000000
4.931313
0.000000
0.000000
0.000000
20.858204
22.587852
24.434130
25.007975
24.515814
21.762003
18.810024
16.090033
12.412024
8.258764
4.107383
0.427495
0.125397
0.000000
0.038069
1.963924
0.000000
12.722968
27.117395
0.000000
0.000000
1.047999
0.636783
1.391686
0.000000
0.000000
1.412419
3.202893
2.010773
6.881387
6.579893
2.951206
0.000000
8.146971
7.953187
22.387646
0.000000
0.000000
0.136062
0.099254
3.396127
3.158803
1.672998
1.783326
2.699160
5.368999
3.874415
0.880132
2.403279
4.477426
0.656825
0.000000
0.000000
0.951287
0.870819
0.045097
10.780415
5.472011
4.408881
4.683583
4.937494
0.000000
0.000000
0.000000
0.000000
0.000000
0.000000
0.000000
0.000000
0.000000
0.000000
0.000000
0.000000
0.000000
0.000000
0.000000
0.000000
4.101028
52.778328
43.428879
35.223782
31.443529
22.012890
17.858213
1.088453
0.000000
0.000000
0.000000
0.000000
0.000000
0.697162
0.000000
0.000000
0.000000
0.000000
0.000000
0.000000
0.000000
0.000000
0.000000
0.000000
0.000000
0.000000
0.000000
3.157940
5.239106
5.729244
6.175690
6.896284
7.660813
9.709585
11.016129
12.341878
14.113136
15.881425
16.392771
19.978840
30.978136
42.089043
0.000000
15.216668
40.318695
41.018581
0.000000
37.378708
34.009167
29.510605
30.255428
25.414564
20.324959
13.573316
5.510154
5.533440
5.620322
5.599059
9.267363
4.489020
2.564322
0.000000
0.000000
4.066956
14.657335
16.012432
6.447076
7.655941
16.753687
3.531796
0.000000
0.000000
6.495473
0.897962
0.000000
4.227447
0.000000
2.528722
0.000000
0.000000
0.019729
0.000000
0.000000
1.331217
0.000000
0.000000
0.000000
0.000000
0.000000
0.000000
0.000000
0.000000
0.000000
23.924004
1.070270
0.000000
3.581064
15.607018
26.532949
0.000000
0.000000
1.265397
0.000000
0.951037
0.000000
0.000000
0.000000
8.794303
7.765711
6.752847
5.652860
4.453729
3.810584
6.363526
16.670362
26.863401
0.000000
0.000000
3.168185
2.371759
3.069704
3.790823
3.451761
2.688755
1.839323
10.404928
1.768948
1.183468
1.202755
2.026229
1.879251
1.100681
1.059100
1.287797
1.834853
2.184354
0.668835
0.000000
0.000000
10.695326
10.174793
10.372269
0.000000
0.022892
0.368449
0.715884
1.063320
1.410755
1.732089
1.593468
0.994627
0.000000
0.000000
0.000000
0.000000
0.000000
0.000000
0.000000
64.664017
54.459713
42.973263
0.969139
1.030912
1.080330
1.057912
0.765911
0.483097
0.000000
7.776364
1.943911
0.000000
0.000000
0.012893
0.000000
0.577708
0.000000
3.729312
0.000000
0.000000
1.661702
1.889779
1.110438
0.000000
4.655378
1.087958
0.000000
1.005323
2.706296
6.152455
2.813015
3.059063
2.397954
1.933065
0.912297
0.702109
0.468485
0.309996
0.386563
0.442821
0.343985
7.606613
0.391183
11.829370
3.578762
3.451441
0.892711
0.000000
0.000000
5.694020
1.641509
0.418887
0.598119
1.627375
0.628925
0.784127
3.991989
3.494726
0.000000
0.804523
0.581026
3.565990
6.252274
14.382162
0.000000
0.000000
0.000000
0.000000
0.000000
0.000000
17.014446
11.303112
5.424263
2.006720
0.000000
0.000000
2.436074
4.920960
3.242084
3.743112
2.025749
2.115271
0.824164
6.828954
15.218259
0.039222
5.920506
1.514249
0.000000
0.000000
0.000000
0.000000
0.715186
0.831949
2.491116
0.000000
0.000000
0.077097
11.121932
11.362543
0.655940
0.000000
0.000000
0.419954
0.523199
2.852890
2.369083
2.800243
3.506321
0.000000
1.196828
4.386850
0.000000
0.000000
2.088486
2.571471
0.726988
0.851313
0.000000
2.717067
7.708564
0.000000
0.000000
0.000000
0.422702
0.000000
12.272422
11.148350
11.350003
9.807832
7.421621
5.192914
4.868923
5.690394
7.288184
0.000000
6.208027
1.023521
1.715197
1.956023
0.051596
0.000000
0.901516
0.000000
0.000000
2.316965
6.919148
6.713523
0.568554
0.000000
0.000000
0.000000
0.000000
0.000000
1.164270
2.662327
2.767015
3.254415
3.464495
3.690962
3.855702
2.634545
0.292800
0.267305
0.000000
7.785488
1.846856
6.290873
6.144666
0.000000
6.692527
0.300663
2.513163
0.000000
0.000000
0.000000
0.000000
0.000000
0.000000
0.000000
0.000000
0.000000
7.420897
7.112655
1.856052
1.217483
1.035843
0.421380
0.000000
3.157404
0.000000
2.656781
0.702268
0.652850
0.410314
0.000000
0.000000
0.000000
0.000000
0.000000
0.000000
0.000000
8.994484
10.966208
7.240659
7.240659
7.240659
7.240659
7.240659
7.240659
7.240659
7.240659
7.240659
7.741921
7.153018
3.493332
4.101408
9.783794
9.290171
14.621275
32.769531
45.801910
22.194981
22.585602
11.137867
7.262714
6.647828
5.693799
7.142108
8.768692
14.663305
10.025071
9.389276
1.367362
4.434500
3.828415
8.058835
11.708752
12.458543
8.856709
8.173624
4.020389
8.863451
1.360403
0.000000
4.293939
2.927363
0.000000
0.000000
0.000000
0.000000
0.000000
0.000000
0.194403
0.000000
0.000000
0.000000
0.000000
0.000000
0.000000
0.000000
0.000000
0.000000
2.466042
2.042056
1.485399
0.952772
0.420145
0.000000
3.389009
3.378262
0.000000
0.000000
4.173903
4.504942
8.231424
12.527231
13.368792
10.356409
3.396574
1.254007
4.625405
2.862195
2.975421
3.003831
2.851461
4.437488
4.530271
4.479562
37.082359
0.000000
0.000000
0.000000
0.000000
0.000000
1.634849
0.000000
1.348941
0.538849
2.163566
6.509241
8.113944
11.187713
15.184787
0.000000
0.886801
3.673249
3.337504
2.529689
17.517277
10.135739
9.321074
9.922371
5.056537
6.685256
10.776951
9.674500
9.069914
8.240076
4.115393
5.393738
0.234681
17.874910
29.374928
2.425265
0.652140
0.313767
0.000000
0.055903
0.000000
0.000000
0.000000
0.000000
0.000000
0.000000
3.643185
13.482227
14.214820
0.201569
1.430923
13.880205
3.143481
3.006438
23.794353
21.900091
5.271235
4.717543
3.383335
8.194855
34.630695
15.183430
1.979764
2.771446
0.000000
5.945419
7.105575
10.671911
0.000000
0.000000
0.000000
41.489555
24.160816
8.886225
0.680135
12.217446
0.000000
4.540994
4.755965
2.329253
1.603280
2.714590
0.471501
0.471501
0.000000
5.549088
5.676660
0.596891
1.645005
1.846955
1.616604
1.924636
7.520823
12.509610
11.132286
10.066321
0.000000
0.000000
0.000000
1.465173
0.000000
0.000000
0.000000
0.000000
6.653876
7.816209
27.818993
30.045189
36.644466
37.586372
35.130077
85.020416
37.385048
5.630084
1.997253
0.000000
1.686754
0.000000
0.000000
7.421551
2.252795
3.914803
3.996086
16.046022
19.303370
20.730434
3.643178
0.000000
0.000000
0.133886
0.000000
0.000000
0.000000
0.000000
0.000000
0.000000
0.000000
5.306997
0.000000
10.344808
0.000000
0.000000
2.976578
7.012274
3.810632
6.235768
0.391845
1.392452
1.973281
8.892139
11.335404
9.120273
6.078577
3.811209
4.266907
2.599969
0.770830
9.774590
45.689167
0.000000
0.000000
0.000000
0.000000
0.000000
3.965487
11.210556
19.852938
20.706200
21.589981
22.478027
0.000000
0.000000
0.000000
35.491745
6.693969
1.491274
1.510807
6.155983
4.796719
4.234173
3.100997
7.728998
0.560340
0.000000
0.000000
1.699308
0.722744
1.403975
7.731794
2.473032
13.876210
28.656507
31.635159
16.302805
25.036901
23.799829
32.633400
36.006824
31.121576
27.114132
21.840248
21.925322
21.824381
23.276171
34.815102
4.837467
2.164284
4.473884
1.833991
0.000000
4.364369
23.193260
7.508584
5.520122
18.415627
0.000000
0.000000
0.000000
0.000000
9.068025
11.745139
11.953622
12.180368
8.619946
0.000000
0.000000
0.000000
0.000000
38.179394
21.264805
6.144314
2.730694
0.000000
0.000000
4.697541
11.502287
6.245883
5.052766
15.453703
9.958658
8.247426
3.471550
10.403027
14.372843
5.206732
5.910709
5.621111
9.090706
11.676568
15.069122
15.407487
1.889083
0.717249
2.580609
0.000000
0.476514
2.286062
0.072178
0.000000
0.000000
0.000000
0.000000
1.854910
5.471218
4.807437
9.504376
65.921181
70.142418
71.854988
76.168747
0.000000
0.000000
0.000000
12.279774
12.930948
13.451889
13.582977
14.543664
15.559335
16.510525
10.745435
10.234882
7.596805
0.000000
0.000000
0.000000
0.000000
0.000000
0.000000
0.000000
0.000000
0.000000
0.000000
0.000000
0.000000
0.000000
0.000000
0.000000
0.000000
0.000000
0.000000
0.000000
14.403290
13.428290
12.306689
11.853334
10.722178
9.692559
8.602853
7.821935
6.904405
5.862525
4.067797
0.000000
12.058925
13.977172
8.673018
5.725268
5.843320
8.359365
12.917334
13.786469
13.746330
7.785966
2.937254
0.817312
0.000000
1.029762
3.113340
0.000000
0.000000
5.731823
1.963691
0.000000
27.617319
0.000000
0.000000
0.000000
0.000000
0.000000
0.000000
28.351805
24.878731
21.801777
0.205880
0.000000
0.000000
0.000000
0.000000
0.000000
0.000000
0.000000
0.000000
0.000000
3.918308
12.506398
0.000000
0.000000
0.000000
0.000000
0.000000
0.000000
0.000000
0.000000
0.000000
0.000000
0.000000
0.000000
0.000000
14.121426
15.186692
0.000000
0.000000
0.000000
0.000000
0.000000
0.000000
0.000000
0.000000
0.000000
1.010652
0.000000
0.000000
0.000000
0.000000
0.000000
0.000000
0.000000
3.924932
0.000000
0.000000
6.577586
0.000000
0.000000
0.000000
0.000000
0.000000
1.826557
1.280159
30.996864
26.751081
22.204134
17.767469
14.623943
13.636073
13.651020
5.405102
5.877372
6.453665
6.700792
5.779994
4.799193
3.655415
2.838326
2.675349
3.137022
1.824223
2.200123
3.206760
7.772561
5.876422
5.192606
4.491645
3.661653
3.083910
3.330194
5.374567
7.584144
7.927396
8.031977
8.479682
10.219888
11.922713
13.040255
0.072665
2.812289
0.000000
0.000000
5.129161
0.000000
0.000000
0.000000
0.000000
0.000000
0.000000
0.000000
0.000000
0.000000
0.000000
0.000000
0.000000
0.000000
0.000000
0.000000
15.289777
14.309317
13.871624
13.155684
12.486636
11.781842
11.276758
10.591855
10.149400
9.639338
9.118399
8.351522
6.921088
5.384053
3.829452
0.000000
0.000000
0.000000
0.000000
12.409112
8.967596
5.775539
5.775539
5.775539
5.775539
5.775539
5.775539
5.775539
5.775539
5.775539
4.917935
15.752151
9.564551
10.985407
9.295282
4.879718
0.322105
29.013098
22.483217
17.448593
20.207037
17.156580
18.126591
19.508032
20.875198
0.000000
0.000000
0.000000
0.000000
0.000000
0.000000
2.016156
2.608561
4.182864
0.000000
0.000000
0.461600
4.983626
2.781302
8.832282
0.000000
0.000000
0.000000
0.000000
0.000000
0.000000
0.000000
0.000000
0.000000
0.000000
0.000000
0.000000
0.000000
0.000000
0.000000
0.000000
0.000000
0.000000
0.994540
1.334219
0.000000
0.000000
0.000000
0.000000
0.000000
0.000000
0.000000
0.048521
0.000000
0.000000
0.000000
0.000000
0.286670
0.429152
0.000000
0.000000
0.000000
0.000000
0.000000
12.486452
13.123508
14.199642
14.114537
15.334336
16.558743
19.604103
2.648807
5.821735
3.392330
10.374761
10.552238
24.728931
25.226122
38.294399
36.099808
37.071880
38.007896
31.457228
31.174192
23.638857
20.434601
16.033548
10.628544
8.857818
5.948603
6.540809
2.710391
6.031276
8.986588
9.393577
9.594911
11.029452
9.995593
9.070624
8.057920
7.259883
6.335054
5.346760
3.241765
0.000000
14.077201
19.559948
13.012877
10.260773
12.764913
15.809685
15.354223
20.249830
19.956703
17.687408
12.652644
7.821617
5.960642
2.276390
2.968349
5.368314
5.615098
14.426520
6.129529
0.000000
40.648163
0.000000
1.900597
0.194573
0.508291
4.145110
2.489705
36.467079
28.867256
25.653961
7.420710
5.267548
12.776146
9.861147
18.073570
16.605711
17.384617
19.503735
12.423004
12.615719
11.905656
19.315706
0.000000
0.000000
0.000000
0.000000
0.000000
0.000000
0.000000
0.000000
0.000000
0.000000
0.000000
0.000000
0.000000
19.962255
22.310272
0.000000
1.613148
3.721601
6.185610
11.272497
6.943657
4.201783
5.648822
1.097056
4.470744
0.245995
2.798204
1.020631
3.364160
2.670154
1.810894
3.171633
5.049287
7.323446
9.467199
16.086620
7.729023
2.859659
2.891899
0.000000
1.405821
8.470998
15.559692
35.132042
30.077017
24.316933
18.552015
19.064867
13.275682
10.185683
7.599727
6.876803
8.417067
9.098750
5.988706
10.630624
9.255295
11.768375
9.676523
8.310909
3.415060
4.542555
0.074873
16.730089
9.955235
7.167098
4.283940
1.233992
0.000000
0.744230
2.751002
5.461932
5.728322
5.599767
5.973611
8.290058
11.661346
14.843408
0.000000
1.174526
0.000000
0.000000
26.130772
18.143412
26.571625
34.564140
25.673502
39.022736
18.047960
33.629181
4.642082
21.407804
2.051858
8.817716
2.397294
1.032427
1.494917
0.000000
9.989383
11.694317
12.677570
12.264820
11.350374
9.842405
11.650426
8.433812
9.242836
9.542042
8.435180
7.595378
6.608711
9.252197
3.820509
6.258110
8.026353
10.185604
12.174689
18.097599
16.609547
8.485280
7.094623
7.094623
7.094623
7.094623
7.094623
7.094623
7.094623
7.094623
5.716060
23.491850
17.709860
12.926877
13.250250
6.177722
0.000000
35.739571
23.099960
30.001648
22.870378
31.976898
28.039574
25.118958
21.919395
7.076004
4.181365
15.296971
12.720372
20.716478
16.613417
19.733545
21.148766
23.137405
10.556234
4.113391
6.332950
8.572646
11.231234
13.549645
0.000000
0.000000
0.000000
0.000000
0.000000
0.000000
0.000000
0.000000
0.000000
0.000000
0.910271
0.000000
6.952961
3.622714
5.192033
2.523412
0.000000
5.230569
7.946146
15.290047
0.406729
0.000000
0.000000
0.000000
0.000000
0.000000
0.000000
0.000000
1.718375
2.919402
5.408435
6.361898
7.941755
8.626030
10.448218
13.552365
2.395298
2.775976
2.807636
0.932623
0.940609
0.983890
1.016822
0.895641
0.756368
0.059623
2.314699
1.414252
1.239359
1.686842
0.000000
3.465165
2.553259
4.886168
0.000000
2.192492
1.461036
0.000000
0.000000
0.000000
0.000000
0.000000
0.000000
0.000000
2.517477
1.656784
2.255788
1.366123
3.229212
2.514451
1.819197
0.894274
0.310270
0.000000
0.000000
0.000000
0.483100
0.396537
0.324805
0.707513
0.431190
0.000000
0.000000
0.000000
0.000000
0.000000
0.000000
0.000000
0.000000
0.000000
0.000000
0.000000
0.788214
0.551183
0.856743
2.317828
1.298494
0.000000
0.000000
0.000000
0.367471
2.787292
0.097577
0.008538
0.053326
0.103807
1.622539
0.851567
0.879072
1.019141
0.000000
0.203275
0.684018
1.557883
0.000000
0.000000
0.000000
3.993060
0.000000
0.000000
0.000000
0.000000
0.000000
0.000000
0.000000
0.000000
0.000000
0.000000
0.000000
0.000000
0.000000
1.356010
0.000000
0.123301
0.282972
0.000000
0.000000
0.000000
0.000000
0.000000
0.000000
0.000000
3.377428
2.831527
2.371536
1.808167
1.545577
0.993921
0.468202
0.326307
2.230352
0.172794
0.015794
0.813861
7.429078
0.000000
0.000000
2.038728
0.408369
0.000000
0.000000
0.000000
3.148539
0.000000
0.000000
0.819571
7.185121
0.641622
20.292179
7.553122
17.640913
6.197719
11.647203
0.764282
1.555381
0.425231
0.309797
8.491591
12.314790
0.000000
0.000000
11.231986
12.079776
2.258149
3.278451
0.000000
0.092155
0.000000
0.000000
0.844219
0.778551
0.660526
0.714062
0.732762
0.756215
0.799792
1.632110
7.084233
1.907017
1.163946
2.220953
1.058476
1.109252
0.295051
0.458656
1.090562
0.000000
0.000000
0.000000
0.000000
0.000000
0.000000
1.852690
0.000000
0.000000
0.000000
10.468713
6.860306
12.877229
12.262244
17.742109
11.099224
13.004272
7.371664
0.971712
0.987616
0.742772
0.913568
0.767814
0.710328
0.667046
0.629967
0.363517
0.000000
2.695807
0.000000
0.000000
0.813683
1.158701
0.411950
0.183598
0.217446
0.217446
0.217446
0.298228
0.217446
0.217446
0.217446
0.217446
0.217446
0.345899
0.000000
0.432525
0.000000
0.000000
0.000000
0.641849
3.632838
3.990133
3.173590
1.549692
0.737664
0.877658
1.073907
1.158701
0.000000
0.000000
2.772669
1.418111
0.000000
0.000000
0.000000
0.000000
0.000000
0.000000
0.000000
0.000000
0.000000
0.000000
0.000000
0.023253
0.000000
0.000000
0.000000
1.844610
0.782606
0.108348
0.176383
0.042285
0.091828
0.085625
0.119738
0.150750
0.000000
0.000000
0.000000
0.000000
0.000000
0.000000
0.000000
1.918480
1.531456
1.037712
0.542952
0.048194
0.000000
0.691456
0.000000
0.068393
0.000000
0.000000
0.000000
1.816541
0.235808
0.039866
0.000000
0.000000
0.000000
0.000000
21.280039
22.878056
24.092136
25.382229
27.890875
30.128300
37.930653
15.795808
31.232222
38.223106
1.359417
0.713688
1.110055
0.837206
0.000000
0.000000
0.000000
0.000000
0.337150
0.000000
0.000000
0.000000
0.000000
0.000000
0.000000
0.000000
2.706532
0.763429
2.442809
34.203522
31.111538
24.406641
18.991426
12.465597
5.830116
0.317575
14.509005
23.386923
28.494041
21.570095
18.101622
4.445666
5.461310
1.258786
12.441389
1.454704
0.000000
0.000000
2.926872
8.237627
7.527785
6.069698
5.690860
5.879628
8.746466
0.000000
4.789190
0.143713
0.082353
1.334510
4.405935
3.557502
7.242234
16.670874
23.423088
29.570484
31.500999
3.743461
0.079375
11.564588
15.785097
0.000000
0.000000
0.000000
1.293565
0.000000
3.117830
0.000000
0.000000
0.000000
3.052533
1.322660
2.911418
8.488280
6.409212
1.147170
0.226371
0.035710
7.397655
7.642286
8.157936
4.664626
36.808506
24.656120
18.637911
11.963593
2.742343
4.898926
3.265373
0.000000
0.000000
0.000000
0.000000
16.783272
16.365108
16.196972
25.367056
0.000000
2.126478
1.383324
1.643798
0.000000
0.000000
11.220123
1.948170
0.000000
0.000000
1.593648
0.000000
0.000000
0.000000
0.000000
0.000000
0.000000
0.000000
0.000000
10.128313
13.244437
8.551368
1.989832
31.356897
12.794132
1.552127
33.791718
33.952911
45.583637
23.677383
33.347820
29.231174
36.003933
29.487837
26.201609
28.425903
33.761200
36.053242
42.144581
14.944468
1.214506
0.000000
1.475891
0.820307
4.561580
28.143669
28.852983
22.375097
24.188354
24.884861
34.513504
45.990551
46.095654
53.583973
56.654629
54.881763
4.465530
0.000000
0.000000
7.383046
1.330638
6.498540
3.936097
4.229452
13.986709
3.314339
6.316557
10.878572
3.844140
5.893104
4.267142
6.200573
14.974288
5.932727
33.703590
37.464531
27.613426
26.156693
22.913198
13.615314
40.931747
6.138970
26.214079
27.004002
25.612293
23.693171
20.546724
6.495310
45.395935
0.000000
8.158065
12.313032
13.379352
0.000000
22.924702
10.742358
10.742358
10.742358
10.742358
10.742358
10.742358
10.742358
10.742358
10.742358
11.742148
9.774428
44.917511
0.000000
19.229219
12.666881
15.027884
4.641467
30.538263
7.797637
17.059284
7.781904
11.628203
10.608181
17.719875
1.990414
8.058125
0.000000
7.971992
0.000000
0.506179
0.000000
0.357116
3.488355
6.523996
3.836800
7.031949
1.119549
14.445944
0.000000
2.695795
12.338142
7.133995
6.811263
24.917749
13.839365
4.308486
0.711937
12.775315
4.200055
4.098593
7.095085
8.786097
4.145625
6.837056
8.995974
11.205625
1.449397
7.418407
4.408613
8.098685
1.963702
0.215566
0.000000
4.869992
4.458062
8.097930
3.518150
5.903739
0.000000
4.888765
11.614648
3.175454
3.201586
2.944117
0.000000
3.968053
0.000000
3.733052
7.735790
8.225258
9.744779
10.313513
11.960049
13.681435
20.213865
6.272974
8.516887
5.700708
0.616112
0.774867
0.960817
1.139669
0.000000
0.000000
0.504789
0.135825
0.000000
0.000000
0.000000
0.000000
0.000000
0.000000
0.000000
1.408565
0.781294
1.649730
1.090413
0.148491
0.000000
0.000000
0.000000
0.000000
0.655709
3.429047
3.594065
0.000000
0.104302
0.000000
0.102497
0.000000
0.000000
0.000000
0.000000
0.000000
0.000000
0.000000
0.000000
0.000000
0.000000
0.000000
0.000000
0.000000
0.000000
0.853603
0.150678
1.068953
0.000000
0.000000
0.256682
2.599891
1.752527
0.000000
0.000000
2.538450
0.156725
0.620959
7.113360
9.015698
3.407300
0.284883
0.000000
3.487700
0.000000
0.239642
0.000000
2.380310
0.178094
0.054506
0.000000
2.948635
0.000000
0.000000
0.024539
6.680802
0.000000
1.590595
0.965067
2.011801
0.000000
0.347248
2.617264
1.996259
3.927588
0.000000
4.058819
0.000000
0.276649
0.000000
0.000000
0.000000
0.000000
0.843801
0.685375
0.538613
0.170788
0.557673
0.343148
0.164043
0.000000
0.020992
0.235453
0.000000
0.000000
0.000000
0.000000
0.000000
0.000000
1.216043
0.487713
0.236584
0.765358
0.733695
0.075937
0.078749
0.000000
0.000000
0.000000
0.000000
0.996360
0.000000
10.244926
5.279938
8.075311
10.522473
0.000000
0.000000
0.000000
0.000000
0.000000
0.000000
0.000000
0.000000
0.000000
0.367361
0.000000
0.000000
0.000000
0.000000
0.027822
0.316281
0.000000
0.000000
0.000000
0.000000
0.000000
7.926606
6.161729
16.496937
13.065070
18.416740
14.134552
6.948400
1.100721
0.000000
1.175511
0.000000
0.132933
0.637427
0.410970
0.189284
0.000000
0.000000
0.000000
0.000000
0.000000
1.805172
1.162938
0.642749
1.501086
0.190122
0.000000
0.000000
0.000000
0.000000
0.000000
4.119517
6.751723
3.696337
4.633521
0.000000
0.000000
0.000000
0.196835
0.000000
0.321418
0.281816
0.239923
0.269492
0.000000
0.000000
0.000000
0.000000
0.000000
0.000000
0.000000
0.000000
0.000000
0.000000
0.000000
0.000000
0.000000
1.749195
0.826725
3.361761
1.721954
3.180205
4.428147
1.049225
2.993226
4.507405
2.591024
3.939740
0.000000
4.204209
0.540984
0.378887
0.336098
3.932788
0.102091
0.263527
0.994729
0.000000
7.119192
0.045899
3.039631
2.005084
6.961255
0.000000
0.000000
0.320891
10.900810
0.045081
5.942572
0.000000
14.344601
0.027955
6.210467
0.000000
5.164135
0.007034
4.287855
0.060955
0.000000
0.000000
0.000000
0.000000
0.000000
0.000000
0.685600
1.180200
0.976421
0.756845
0.534321
0.311798
0.089274
0.000000
0.000000
0.000000
0.000000
0.000000
0.000000
0.357800
0.013272
0.000000
0.000000
0.449114
0.293388
0.788836
3.977074
4.337243
6.711072
7.265620
7.821821
7.336289
8.174824
11.985590
6.834804
6.582960
7.088252
5.835634
1.037274
0.000000
0.000000
0.000000
6.068441
7.366143
10.982583
0.000000
9.847109
12.584320
9.659384
0.000000
0.000000
2.274989
1.001176
0.000000
0.000000
4.495134
3.898960
3.291858
2.647312
1.260817
0.000000
0.000000
0.204021
1.615349
1.398094
1.973250
7.273867
5.696143
2.505714
0.000000
0.000000
0.000000
0.000000
0.000000
0.000000
0.000000
0.000000
0.000000
0.000000
0.000000
0.000000
3.446989
1.977115
5.454632
5.825603
0.151959
5.206687
6.768776
5.969709
3.779586
5.236138
6.073454
6.313343
3.063398
2.244428
3.832606
6.184299
3.991131
0.000000
4.196930
2.059707
0.000000
0.000000
0.000000
4.600821
2.191461
1.492381
0.000000
0.000000
2.599938
3.812431
0.496953
3.540347
0.115033
0.115033
0.115033
0.115033
0.000000
2.875870
2.521800
2.341397
2.158356
0.503678
0.730451
0.380502
0.000000
1.593126
1.373599
0.000000
1.982013
1.689868
1.286595
0.000000
4.027524
2.968747
2.373195
1.793874
2.765570
5.422916
2.644110
2.846538
5.487275
7.715977
10.061510
16.295982
3.144392
0.000000
0.000000
2.200108
0.051317
0.000000
0.000000
0.889531
0.105500
0.000000
0.000000
6.896896
3.749868
1.888486
2.289593
4.812693
0.000000
3.157960
3.097204
7.104112
10.385515
1.485567
2.543660
12.041053
23.329247
2.655331
2.675033
0.000000
10.509224
1.839637
2.049033
2.165246
3.219444
0.000000
0.000000
0.000000
0.000000
0.000000
1.525192
0.722695
2.935745
0.000000
4.054701
0.000000
0.000000
0.959702
4.067486
0.000000
0.000000
0.000000
0.000000
0.000000
0.000000
0.000000
1.046865
0.878594
3.706764
0.563426
0.000000
0.000000
0.000000
0.000000
4.633869
3.650521
3.146744
2.918881
3.518262
5.587973
0.000000
6.078726
2.741764
2.185645
6.463212
3.599379
10.746494
7.175787
7.961859
0.303245
2.004506
5.566701
6.837693
5.554646
0.000000
0.867462
0.867462
0.867462
0.867462
0.867462
0.867462
0.867462
0.867462
0.867462
1.756785
0.000000
0.000000
3.577233
0.000000
0.647740
0.000000
11.323805
9.372355
4.916341
1.045792
11.681209
4.455567
10.205904
4.251585
3.771477
0.000000
10.958141
5.657135
2.038304
6.309285
7.830063
4.578537
8.236205
12.870632
8.776396
2.642855
0.000000
0.000000
1.537870
2.540895
0.957977
0.845389
0.000000
5.221856
2.762252
1.208813
3.267014
0.000000
1.114229
3.412495
2.371359
4.278251
3.929420
2.267878
3.103799
3.952245
0.000000
0.000000
0.000000
0.000000
0.000000
2.858764
0.000000
2.291039
0.000000
5.168662
1.887472
2.520363
0.329892
3.672487
3.446235
4.974204
7.454622
10.626373
12.231101
0.000000
0.000000
0.000000
9.149353
9.700397
10.034935
9.777940
4.741023
4.996938
10.042168
5.082398
1.190891
1.469926
1.483876
1.060906
0.491459
0.514496
0.000000
2.719233
0.000000
0.000000
5.692881
6.321547
5.749000
6.441160
6.267786
10.588217
4.166704
50.566814
52.599117
42.281609
39.288837
35.869068
43.509399
51.020714
43.881866
34.183865
24.158072
23.588665
24.950874
16.124029
15.748156
13.966474
22.128723
28.646418
12.960216
8.809423
16.572235
14.061364
10.047027
9.013158
7.634222
12.830282
10.827095
9.364120
13.612643
16.512753
7.978838
20.319818
30.220972
44.211586
14.525956
8.524390
13.774530
42.942711
28.003494
13.522474
11.505394
15.541834
16.432182
10.248750
22.262142
13.272985
9.129179
14.677943
6.421157
6.408304
6.219429
8.710187
12.913929
9.989920
26.857821
22.301447
17.648293
11.654643
11.330100
14.324893
13.179639
11.978555
7.098884
12.139459
11.913446
10.942465
13.680725
18.515968
8.170134
12.689661
10.435844
10.304968
15.906933
13.080016
9.121894
1.574974
5.740204
5.415775
5.278597
36.538204
37.723400
31.629669
19.592484
22.669670
18.683147
21.018053
19.185226
28.856861
37.883614
22.625248
28.531540
35.016987
45.614506
58.172668
65.682594
11.251161
5.840658
4.224237
3.561270
2.586968
6.637774
6.251588
19.097441
19.843689
10.104497
13.280898
10.251430
7.962100
10.693850
13.146114
6.013403
7.564838
5.818944
2.567646
3.802808
2.620081
3.875592
4.253187
9.963596
16.440138
22.429159
27.990110
0.000000
0.000000
3.581908
6.092382
8.420502
1.678762
0.445790
0.000000
0.000000
1.885390
9.948349
12.600945
11.457379
9.736912
5.545617
0.684947
1.219006
4.687049
11.531786
45.954269
2.034452
8.202803
2.206644
1.628728
0.000000
6.839174
12.000656
14.823520
8.465155
7.629821
10.390763
67.805893
56.854748
52.707279
41.062927
27.878765
24.240946
26.004932
31.428154
21.598707
19.584042
14.043009
23.885157
5.980715
6.311421
6.117183
10.728481
2.167487
10.801072
6.816595
13.553633
16.841114
19.960642
21.034952
20.448931
2.645769
3.223906
6.566539
5.939059
10.233563
9.322544
7.826909
7.732783
11.486034
9.382669
12.830253
9.672813
11.740294
15.183253
9.448790
6.537264
13.098965
51.001423
57.944077
13.623240
9.808740
16.620432
10.433264
8.446015
11.678116
12.593736
8.360867
9.857302
7.192194
0.698690
9.798482
3.369695
6.151063
15.098581
28.972435
24.805706
12.037199
5.839370
2.558805
9.953362
16.385494
20.119183
15.442410
21.087414
8.987501
13.779202
14.738315
25.230589
15.190943
26.764387
22.722818
9.980810
12.889389
17.886696
5.746839
2.928944
15.431982
12.052574
10.650958
0.000000
36.546787
34.186440
24.604267
18.235321
19.653160
13.549830
3.345473
4.207925
5.628359
9.439057
11.486498
24.013483
32.180149
39.049763
50.116520
59.784786
4.468517
5.818115
3.473602
10.664297
11.206555
11.640363
12.212033
13.316128
14.196020
16.349148
17.716486
20.101658
22.041819
0.000000
0.000000
0.000000
0.000000
0.000000
0.000000
0.000000
0.000000
0.000000
0.000000
0.000000
0.000000
0.000000
0.000000
0.000000
0.000000
0.000000
0.000000
0.000000
12.536929
11.719749
10.780752
10.395863
11.121828
12.468466
12.454556
9.361939
6.274700
5.407086
3.698373
0.278629
4.888853
1.263259
0.000000
5.500801
2.057117
1.091974
1.226699
2.304345
3.445300
3.438594
2.969861
2.557029
2.494422
5.494437
0.000000
0.000000
2.246629
0.000000
6.633646
16.515892
0.000000
0.000000
0.000000
0.000000
0.635831
1.913830
4.057239
13.695985
14.222950
12.664090
0.000000
0.000000
0.000000
0.000000
0.000000
0.000000
0.000000
0.000000
0.000000
0.000000
0.000000
4.997315
0.000000
0.000000
0.000000
0.000000
0.000000
0.000000
0.000000
0.000000
0.894619
0.000000
0.000000
0.000000
0.000000
3.849254
1.176794
2.928548
0.000000
0.000000
0.000000
1.063153
0.000000
0.000000
0.000000
3.711101
0.000000
0.000000
0.000000
0.000000
0.000000
0.000000
3.375429
0.000000
0.000000
0.000000
0.000000
0.000000
6.492930
2.737711
0.000000
0.000000
0.000000
0.000000
0.000000
15.446239
16.357740
16.476416
16.836596
4.482174
7.481811
8.979982
7.558482
5.498565
13.274389
6.630928
5.811049
5.529095
5.135732
4.868562
4.757154
4.460125
4.109630
3.919270
4.705061
12.983507
4.440619
5.441542
6.373196
7.483911
6.802915
18.214060
17.994257
20.398483
22.060638
23.727066
22.577723
20.920946
23.270487
25.697443
26.026915
28.730791
10.641171
4.258405
0.000000
4.367102
3.537642
3.388561
0.000000
0.000000
0.000000
0.000000
0.000000
0.000000
0.000000
0.000000
0.000000
0.000000
0.000000
0.000000
12.830730
12.447627
12.077621
11.480379
9.652382
5.252907
15.220167
2.991103
8.203368
8.552185
8.118378
7.615119
7.604377
11.726135
0.000000
9.163749
5.239771
1.323201
2.090286
4.714946
11.724148
7.185325
7.185325
7.185325
7.185325
7.185325
7.185325
7.185325
7.185325
7.185325
7.442051
11.013587
5.818637
0.000000
14.270516
16.397949
20.501188
0.000000
0.000000
14.598533
16.035206
4.802863
7.066509
8.944279
11.350070
0.000000
0.000000
0.000000
0.000000
0.000000
0.000000
0.000000
0.000000
0.000000
0.000000
0.000000
0.000000
0.000000
1.067005
0.000000
0.000000
0.000000
0.000000
2.639055
0.000000
0.000000
0.000000
0.000000
0.373931
0.000000
0.000000
0.000000
0.000000
0.000000
0.000000
0.000000
0.000000
7.316887
6.833046
6.574796
2.894625
2.678909
2.448404
2.273800
2.099196
1.924593
0.965611
0.000000
0.000000
0.000000
0.000000
0.000000
0.000000
0.000000
0.000000
0.000000
4.920767
2.121569
0.000000
12.438509
13.067017
13.569823
13.958920
18.094936
22.268753
29.732445
15.378094
19.347971
16.524546
12.760509
0.000000
0.000000
0.000000
18.320736
4.732244
14.686517
6.115445
4.326114
0.000000
1.823417
13.221486
0.000000
0.000000
0.000000
0.000000
0.000000
2.752725
0.000000
5.929454
7.452975
8.711768
11.724607
5.363924
1.537551
2.115882
1.370272
11.953544
12.861490
10.534264
6.489519
5.129613
25.963104
24.353596
19.452175
18.509300
18.265825
16.209387
13.887931
11.730353
9.007164
5.989929
2.967077
0.249506
3.332017
10.959211
3.003695
6.584684
42.111080
27.069597
6.962846
8.834305
2.535683
3.528247
0.000000
0.000000
0.000000
13.357294
25.010191
21.121977
18.601280
0.353941
1.515356
7.895672
9.402751
14.138386
10.385976
19.074814
10.943758
0.000000
3.502471
1.450579
8.372951
0.000000
0.000000
0.000000
0.000000
0.000000
0.000000
0.000000
0.000000
0.000000
13.170062
0.000000
0.000000
0.000000
10.978809
21.969103
3.967546
0.000000
11.244875
16.667305
15.966223
1.092006
4.747526
6.472338
0.874056
6.686858
1.079554
5.785219
0.000000
0.401634
0.000000
1.859833
0.000000
0.000000
0.000000
4.001071
0.000000
0.000000
10.508597
0.401341
0.000000
0.000000
7.116053
9.170975
31.028517
23.964989
13.533440
2.320689
37.453171
25.469074
31.299438
6.629544
11.268475
14.325896
11.434217
7.701643
2.522582
2.954764
0.000000
0.140957
0.000000
0.000000
0.000000
0.000000
23.325590
21.277199
18.338598
15.266591
12.194960
10.548375
10.549831
12.689945
14.702915
15.653459
16.558372
27.816572
44.349197
46.645061
47.220409
4.249206
10.299800
0.000000
0.000000
0.000000
0.000000
12.723784
0.000000
0.000000
0.000000
13.851214
4.478223
7.130628
11.045825
23.011356
22.265892
0.000000
0.135927
0.049715
5.804072
10.033184
11.014372
13.179726
13.379253
12.482347
16.000801
15.536762
14.756966
10.169149
14.160180
19.394911
11.041420
5.010395
0.140414
32.796326
0.990675
0.000000
0.000000
0.000000
0.000000
0.000000
0.000000
0.000000
0.000000
0.000000
0.000000
0.000000
0.000000
0.000000
0.000000
0.000000
21.151806
19.612244
7.360528
11.045544
13.029568
9.826950
2.381428
11.706546
5.827508
24.982262
17.675692
28.906492
29.071510
31.716175
13.306361
18.984108
20.234674
14.600006
21.775833
15.086816
10.621267
7.297589
19.647478
7.487702
9.515619
0.372966
8.296267
1.850598
7.850082
1.367978
2.904411
0.000000
0.000000
17.844976
9.743646
1.888258
0.000000
3.268315
2.901993
7.551371
3.512924
4.445137
2.291891
7.656876
17.707924
27.373117
0.000000
0.000000
0.474182
0.000000
0.018011
0.000000
1.579074
0.793650
0.919365
0.000000
0.000000
0.000000
0.000000
0.000000
0.000000
0.956652
1.788691
2.175286
3.285905
10.813639
3.725378
0.000000
7.133161
7.514369
7.669032
7.798507
1.266794
2.879012
8.288841
0.000000
0.000000
0.000000
18.947340
18.443798
19.001801
21.452152
9.702897
14.524155
13.284246
15.231150
17.244516
17.581228
25.266916
37.644138
0.000000
11.305721
26.694880
30.716619
22.537807
30.324785
29.900591
4.064869
1.853949
0.696728
2.442377
0.000000
7.049441
4.074989
2.015676
0.000000
0.000000
0.000000
3.472396
20.503462
0.853931
0.000000
2.627844
0.000000
0.000000
0.000000
3.619187
2.378745
0.748381
0.000000
4.662606
4.154100
0.600280
25.967930
3.456282
0.326681
30.663486
15.453181
5.946907
14.077478
1.540239
7.437673
2.676484
0.000000
0.000000
0.000000
7.807718
7.269989
8.140716
31.547104
13.897752
25.909897
37.679260
0.000000
11.570180
3.814149
25.632307
16.983423
14.368860
7.954378
5.657651
0.699039
3.615430
4.505923
0.000000
6.115647
7.183574
1.868550
3.091324
1.728116
18.488447
2.991479
0.000000
1.927059
8.373308
22.153734
1.858856
2.189845
0.000000
0.000000
0.000000
1.101857
0.928512
0.101716
0.000000
14.127314
10.147511
9.699535
7.100347
10.105640
21.096033
0.000000
8.888237
13.701981
16.190128
17.218859
34.133312
28.825542
0.438165
0.000000
15.475000
16.253439
23.175173
24.407139
15.732347
9.757837
7.082700
7.971957
19.716526
7.085154
3.693417
3.853616
0.000000
8.227726
0.000000
0.332459
5.929382
8.985851
2.837484
7.071375
2.769325
3.148712
0.000000
0.000000
4.428144
7.275681
5.256378
7.211016
1.796080
3.738216
0.000000
0.000000
0.983821
0.243721
0.000000
0.000000
0.000000
1.851406
0.000000
1.811877
0.874616
6.332958
19.555641
27.105703
21.771980
16.723558
16.920778
13.068199
13.589436
14.320176
21.165686
38.102055
39.055824
43.891476
42.683132
0.000000
16.590084
19.395096
33.172779
0.000000
0.000000
8.278813
6.676218
3.776258
3.770660
10.814532
6.579509
2.598494
2.280396
2.901688
12.211408
0.000000
0.000000
19.823069
1.757443
0.000000
0.000000
4.317635
18.117395
0.919540
0.000000
0.000000
0.000000
0.000000
0.000000
0.000000
0.000000
1.653550
3.465492
4.820914
4.851746
0.000000
15.499577
0.000000
0.352047
1.456798
2.129055
7.608423
0.000000
0.000000
3.697454
0.000000
0.000000
1.126415
22.826733
17.839067
17.778748
17.976873
18.130190
31.293028
10.740601
2.726821
0.000000
27.491776
19.296925
11.921027
9.476035
4.275843
26.061115
8.024853
12.612467
23.015068
17.308683
28.209288
10.873360
11.304706
20.593321
9.286479
0.489051
0.000000
1.179543
0.000000
0.000000
5.248953
15.679758
25.225185
1.358684
0.000000
0.000000
0.000000
0.000000
0.000000
0.000000
6.320098
4.837902
0.000000
0.000000
0.384526
2.559879
1.473680
0.586813
15.766718
18.730474
26.171404
34.095123
0.000000
0.000000
15.354684
0.159866
0.172749
0.183055
0.279116
2.440670
4.643347
10.304086
0.000000
2.984711
3.078612
4.739710
7.471349
6.289308
7.532204
4.976654
8.486269
6.171155
6.464689
18.199612
21.202763
16.117640
14.653784
28.975292
29.364714
25.742655
8.259286
16.091516
16.352634
12.922647
0.000000
0.000000
0.000000
0.000000
0.892817
2.107539
3.722061
1.202628
1.593611
0.371858
4.513756
0.000000
0.000000
9.309262
10.726571
7.677222
12.057411
9.832684
11.284980
6.552348
5.097158
5.245314
2.182676
0.692230
0.000000
3.538201
2.092086
0.000000
0.000000
12.460919
7.747468
4.372521
0.000000
0.000000
0.000000
0.000000
0.000000
0.000000
2.340167
0.661647
0.212307
0.642276
1.046287
0.000000
0.000000
1.778548
1.557866
1.237103
6.968844
0.000000
0.000000
0.000000
1.997898
1.074408
0.000000
0.165349
0.009984
0.194956
0.000000
0.000000
0.000000
0.000000
3.426403
0.000000
0.000000
0.000000
0.000000
0.000000
0.000000
10.166524
10.617109
13.200035
16.062828
18.920668
0.000000
0.000000
1.136274
0.000000
1.975474
0.007618
0.000000
4.327168
7.879937
1.870607
1.539746
1.412334
6.703289
7.270016
8.979223
11.688790
12.278682
13.314966
9.907768
13.222045
9.017223
15.385634
15.069577
4.325308
3.082494
3.002744
3.216868
0.000000
0.000000
1.614105
0.000000
0.000000
0.000000
7.413099
1.582200
1.956522
0.000000
0.000000
0.000000
0.000000
0.000000
5.330640
0.000000
18.380642
17.906862
14.160127
10.274417
6.414654
4.508476
2.190099
2.804962
3.082191
3.411142
3.757532
7.030754
3.835835
7.698440
11.343011
0.000000
0.008254
3.870149
7.146506
9.305772
5.705467
2.536867
4.413186
6.498892
7.376573
8.050321
9.009336
15.537097
9.111022
14.795213
14.099524
6.915691
0.000000
0.000000
9.791067
3.136964
0.000000
0.000000
0.006296
0.412461
1.656718
0.000000
2.052576
2.395255
0.000000
0.000000
0.000000
0.376001
3.219902
0.000000
2.788584
0.000000
0.000000
0.000000
0.068065
0.000000
0.000000
0.000000
0.000000
0.826259
0.000000
0.000000
0.000000
0.000000
0.103138
0.000000
8.090413
0.000000
1.699246
0.000000
1.810124
5.615434
0.000000
0.000000
13.575608
3.881540
2.022823
1.739875
1.727169
1.937000
4.801312
6.040707
8.124414
2.951044
4.342656
4.089096
1.343943
4.647153
8.704334
6.288480
0.978029
0.000000
3.848728
0.000000
0.976921
1.230150
0.298520
0.204984
3.278001
0.000000
0.000000
0.217249
1.388247
0.000000
0.174258
0.164349
0.218847
0.268390
2.052002
3.780613
5.375969
6.976279
17.100990
19.329367
22.016159
0.000000
0.000000
0.000000
0.000000
0.000000
0.000000
0.576431
0.294429
2.120579
4.196961
1.670947
5.804812
5.972649
8.662632
14.052421
14.176957
19.028870
13.421633
16.437199
0.000000
1.523376
8.263596
16.129398
24.024170
30.801723
32.336472
50.352707
49.334736
49.773365
53.482651
32.523434
0.000000
0.000000
5.704920
0.000000
17.595121
13.935656
10.496273
11.109187
13.497177
17.341463
17.152861
26.078419
33.110020
6.239665
9.698335
0.000000
0.000000
0.000000
0.000000
0.000000
0.000000
4.220578
13.509024
39.319382
46.182426
51.921040
40.331219
38.322598
49.246555
31.198427
1.748195
5.176029
0.000000
0.000000
0.000000
0.000000
0.000000
0.000000
0.000000
0.000000
0.000000
0.000000
0.000000
7.692648
8.502432
0.000000
12.633570
0.000000
0.000000
0.000000
16.533016
12.881545
13.634755
15.700102
17.690849
0.537066
0.000000
0.000000
24.194281
48.392624
20.996458
6.014425
7.521437
1.391964
0.496709
0.000000
18.402872
11.070819
3.299941
0.000000
0.000000
26.069542
9.065004
4.744710
1.183849
0.386172
0.386172
0.386172
1.457925
6.668638
1.577747
16.147175
17.447712
15.322687
0.000000
0.000000
12.984457
15.803971
16.332726
15.394672
14.342666
0.000000
0.000000
0.000000
0.000000
9.503757
7.376616
7.591780
7.706377
10.738377
21.931704
0.000000
6.480257
14.105039
21.621685
30.523123
20.190126
11.709852
0.000000
0.000000
22.457384
22.255947
0.000000
0.000000
0.000000
0.000000
0.000000
0.000000
0.000000
0.000000
0.000000
36.682770
48.782528
23.963749
37.636253
33.423038
32.166470
30.241835
28.891968
28.425205
26.422565
21.746450
14.436464
5.144263
15.705405
40.169380
33.677658
26.678097
16.572754
13.134295
0.000000
8.482609
11.384559
12.560203
15.223680
16.035034
14.948889
9.799484
4.117119
35.175728
20.781090
0.000000
0.000000
8.135079
0.000000
0.000000
0.000000
15.455194
17.307545
19.166498
22.170595
25.983131
26.355637
26.859453
27.298496
0.000000
0.000000
1.878450
0.000000
0.000000
0.000000
0.000000
0.000000
8.164866
32.605968
25.667397
68.567856
59.740509
57.368240
47.371506
45.046917
43.565498
38.569046
46.676369
38.942326
40.888580
45.587181
45.173473
20.806755
0.000000
12.750580
3.426872
0.000000
0.000000
0.000000
0.000000
0.000000
0.000000
0.000000
0.000000
0.000000
0.888898
9.161468
0.906746
0.000000
3.634361
9.525693
10.468146
0.000000
8.120090
12.286272
12.308896
0.000000
1.257528
3.170197
0.000000
0.000000
0.000000
0.000000
15.320859
0.000000
0.000000
0.000000
12.122029
5.052870
0.000000
0.000000
0.000000
6.886473
22.434254
12.768113
9.976635
4.618279
12.091999
10.706294
9.994085
19.672787
0.948676
9.274866
9.046959
10.300451
11.439989
13.799728
15.957657
15.546272
15.248842
5.674417
7.295448
9.528378
0.000000
0.000000
0.000000
0.000000
0.000000
0.000000
0.000000
0.000000
2.273293
5.572775
10.976958
16.888901
9.084255
11.711643
20.647472
28.389227
5.332271
0.000000
16.044086
7.959492
8.588934
8.969910
9.256207
6.648761
8.093654
11.265818
3.460012
2.292067
2.847610
27.537584
27.405993
28.432995
31.336765
16.511995
21.602789
20.948217
22.431181
23.949621
24.280884
24.383015
25.227085
30.848982
36.584930
40.588528
35.499886
26.409561
36.688538
28.515223
4.023806
0.000000
1.235162
6.944658
12.274587
4.606553
8.653894
13.718256
13.722014
1.776655
7.924862
7.464716
19.092905
0.000000
1.845120
4.834363
0.000000
2.698941
5.760079
4.278808
1.569497
1.944511
0.599364
4.156298
2.386315
4.534855
26.471539
8.681139
4.667118
8.681227
4.523580
5.204385
6.780546
0.000000
1.242525
1.551203
0.000000
0.050772
0.000000
4.294877
6.775447
5.360972
38.497070
19.369802
20.572014
18.025970
15.701057
14.056761
1.353934
26.841251
18.395798
12.387801
8.620895
5.343149
1.617731
6.497772
0.948859
0.000000
4.463844
3.786541
2.591563
3.727425
11.735751
6.257319
0.000000
3.074930
4.094872
8.786491
5.234268
5.103230
5.594690
0.233314
0.434573
7.534457
3.968900
2.919999
2.032487
2.014816
17.556820
10.119738
10.521290
11.474192
10.222135
21.560593
0.000000
9.283475
17.135675
17.157503
15.429373
33.203590
33.278534
0.000000
0.413282
23.740944
24.656570
31.373295
32.762074
14.824578
0.678953
5.373426
7.682891
9.783481
5.823971
11.323561
10.870195
0.000000
2.671249
0.000000
0.000000
2.006980
5.725239
7.518280
7.454955
0.000000
5.113690
0.000000
0.000000
5.142930
8.224522
9.689383
9.953732
0.041015
5.325089
0.000000
0.000000
3.866480
5.561291
3.541206
5.727859
1.546149
1.188108
0.000000
0.000000
1.064903
17.258369
29.614311
30.325191
32.072254
18.402864
24.799191
21.225901
21.416037
25.675301
22.259205
24.783592
23.629490
23.855358
24.411585
25.188854
25.120556
26.974665
40.402752
18.893892
6.349809
13.986807
5.305477
18.961260
13.089827
22.223316
14.592162
14.148060
19.080351
18.867050
20.697374
4.054721
8.301504
7.752898
10.456893
0.000000
0.000000
1.531029
15.812552
0.000000
0.000000
0.000000
0.000000
0.000000
0.000000
0.000000
0.000000
0.000000
0.000000
0.000000
1.151682
6.749714
15.659902
2.824025
0.000000
2.726970
10.283690
12.430757
3.677418
15.715914
16.070305
16.132545
1.004797
0.981629
37.250996
30.091192
29.491583
27.327255
23.558945
36.784584
15.090486
7.373374
0.000000
29.627777
20.655104
13.877270
11.790889
0.000000
22.972666
8.968699
1.498533
0.646785
0.000000
2.119406
0.000000
0.000000
7.584466
5.243920
0.000000
0.000000
0.000000
1.196751
0.000000
0.000000
0.000000
0.000000
0.214958
0.479277
3.222074
0.000000
0.000000
0.000000
0.000000
0.000000
4.484694
5.190368
2.989796
5.833704
5.841563
6.383245
2.808271
20.554916
22.128286
27.750797
33.996464
0.000000
0.000000
24.698692
3.139248
3.326876
3.476979
3.629587
3.192256
2.667840
3.306924
0.812923
3.414741
5.568008
0.000000
0.000000
0.000000
0.000000
9.823525
17.333439
0.000000
0.000000
0.000000
0.000000
0.000000
1.078097
0.000000
9.217854
17.983315
14.803684
12.986230
0.000000
0.000000
4.262780
3.826022
3.354813
3.006031
1.081340
0.000000
0.000000
0.000000
1.580056
1.279851
2.109048
0.000000
36.885887
20.717539
27.058279
0.000000
1.513611
2.262867
2.623976
4.884033
0.911658
2.955287
1.422108
0.990155
3.013998
3.904671
20.431210
18.132336
4.732962
21.896692
22.686939
25.669113
24.524143
4.073547
0.000000
1.269274
0.000000
1.397937
0.000000
23.570080
19.468790
23.054768
20.263363
1.400730
0.780244
3.958860
0.269269
0.000000
0.839965
0.650676
0.000000
1.254550
10.638647
5.439812
0.916594
5.479697
1.730875
0.659633
0.995089
0.000000
0.278087
1.171442
10.318327
6.417116
0.000000
1.509670
0.000000
23.581053
27.680525
1.321449
0.000000
3.934297
0.000000
3.265723
0.000000
0.111631
1.670837
1.421479
20.608583
17.477001
14.719910
13.881304
14.064102
29.023233
3.448937
2.131369
1.158362
2.529096
7.255399
2.511875
7.475602
0.000000
1.311462
3.969943
2.340201
38.026718
31.931362
28.778625
17.390146
11.225702
4.959982
8.310168
1.251186
0.000000
7.656593
12.142295
0.000000
0.188243
2.585543
3.557259
4.539030
5.272844
5.282898
5.398131
5.525664
4.647031
0.478604
0.000000
21.474792
22.101055
22.948967
23.598324
31.194349
0.000000
8.470218
12.764506
14.501069
15.663871
19.133860
22.727741
22.336658
22.577766
30.510525
27.794971
0.000000
3.846035
0.000000
6.243443
20.983891
23.662317
0.000000
0.000000
0.453259
0.000000
0.000000
1.968287
0.000000
0.000000
0.000000
0.000000
4.808506
3.120767
5.737607
7.722900
3.618741
3.381287
8.220858
23.114830
1.279271
27.804298
7.216036
7.097619
6.948653
1.660365
2.902709
0.000000
7.317227
2.320148
1.251665
5.044626
6.247773
42.620670
0.577176
1.175372
0.689244
0.000000
0.000000
0.000000
1.432803
1.357050
0.000000
0.000000
0.000000
0.000000
1.057142
42.193134
0.000000
12.862562
26.552038
22.284752
24.449581
13.440833
2.789430
34.081665
29.194023
25.830509
21.676064
9.415330
4.350876
3.297197
7.243655
4.652614
33.442413
7.469718
8.625511
9.154100
21.250549
17.834850
17.173143
12.786388
21.198605
52.047318
5.139867
1.375054
7.538623
3.139921
1.276486
0.000000
0.842042
2.692614
3.866712
0.000000
0.000000
0.000000
0.331907
0.000000
0.955354
0.000000
0.348071
0.000000
0.000000
0.000000
0.000000
0.000000
0.000000
0.000000
0.000000
0.000000
0.000000
0.531613
1.912646
1.255871
3.313036
2.338351
3.360884
5.247436
7.139902
5.364799
6.172350
4.282563
8.258213
12.185128
12.818930
13.325970
13.772693
15.940162
18.021336
16.014294
31.680702
23.445953
18.269604
0.000000
0.000000
0.000000
4.758667
0.559457
0.000000
0.000000
0.000000
0.000000
0.000000
0.000000
0.000000
13.498774
10.199862
6.147646
0.000000
0.000000
0.000000
0.000000
9.403645
10.018413
10.412301
12.160297
14.878503
18.923132
19.908489
13.556034
7.343411
6.329329
5.965384
5.706516
0.000000
9.261918
12.822263
6.975458
7.315961
8.102433
13.553364
4.886996
2.794268
1.505436
0.508688
0.791790
5.345206
1.527194
24.299931
7.392379
13.022451
2.098620
2.919105
2.224257
7.074479
5.166277
6.888823
2.100385
6.012080
0.000000
33.366440
18.370598
14.586567
15.005691
0.000000
0.000000
0.000000
0.000000
0.000000
0.000000
0.000000
0.000000
0.000000
0.000000
0.000000
0.000000
0.000000
2.025728
1.320014
1.820745
0.016230
0.016230
0.016230
1.857259
13.309340
4.705391
0.000000
2.328799
2.930325
2.665382
0.000000
24.269777
16.731457
15.130909
11.611932
14.267671
1.045981
0.000000
0.000000
0.000000
7.353784
2.925381
1.578826
8.932724
3.071959
6.076951
3.483127
1.747940
7.988183
1.780262
3.232708
7.500711
0.000000
9.764574
2.470532
6.737314
4.885391
0.000000
0.000000
21.383554
19.387545
21.520327
25.213745
5.396827
19.031786
28.417692
0.000000
3.279191
4.451370
5.315143
2.770327
3.282403
16.122164
2.999737
0.439138
6.292770
17.074997
1.285826
0.000000
15.723847
23.723940
22.435566
19.704287
18.707764
17.862331
9.445967
11.882374
12.170675
12.624880
13.342389
8.169933
3.776517
5.624295
5.673571
0.000000
0.000000
0.000000
0.000000
0.575119
0.996089
0.000000
0.000000
0.000000
0.000000
0.000000
0.000000
0.000000
0.000000
0.000000
0.000000
0.000000
0.000000
4.008949
0.000000
16.082640
12.596059
13.811985
13.427898
14.057532
17.214033
6.253033
17.336626
14.067607
13.106614
11.121113
10.799136
10.454462
21.706865
0.000000
21.131668
14.127532
9.223514
5.285675
3.821347
0.000000
0.000000
0.000000
0.000000
0.000000
0.000000
0.000000
0.000000
0.008465
0.000000
0.000000
4.939240
1.497400
5.692659
0.000000
2.882235
1.611336
6.747224
2.199213
31.782629
23.445135
25.400921
23.348537
27.073780
28.735031
18.594261
24.505363
7.081100
7.255249
4.321014
10.058307
8.246291
0.832750
0.000000
7.512988
0.000000
1.827013
0.000000
4.767579
3.100760
6.912275
7.227823
15.938303
19.851280
5.055180
2.228819
9.182726
8.839934
2.341369
3.423708
14.054394
11.329823
6.850412
5.824470
5.834294
4.296118
2.073802
23.303240
27.147816
23.001320
0.000000
0.000000
0.900170
2.438285
2.720410
3.630530
14.641637
3.975546
2.868718
2.738931
0.007146
1.968442
7.352015
1.846832
8.112313
2.888967
2.842077
0.000000
5.537702
0.475661
0.421426
0.239595
0.000000
0.389585
0.417039
0.385161
0.600300
0.000000
0.000000
42.334888
42.462139
41.813606
41.965748
35.833275
35.902992
37.097431
36.236198
35.319782
34.881893
36.456512
38.688782
24.133478
24.361721
25.324518
35.218838
35.200569
41.493507
43.856674
0.000000
0.000000
0.000000
0.000000
0.000000
0.000000
0.000000
0.000000
0.000000
0.000000
0.000000
0.000000
0.000000
7.771757
8.310294
20.494520
17.300011
15.991399
14.387573
14.719940
13.089595
10.754687
7.641643
4.587542
2.193692
5.893560
0.000000
0.000000
0.000000
1.484721
0.547000
0.000000
0.000000
0.000000
0.000000
0.000000
0.000000
0.000000
0.000000
0.000000
0.000000
0.000000
34.431461
37.158367
34.133526
33.476582
21.039286
24.481876
31.780235
0.320490
5.192721
8.926246
9.638857
11.731138
1.081302
3.346046
0.836555
0.000000
0.000000
0.000000
0.000000
4.045340
0.000000
7.756728
0.000000
3.254418
0.502600
0.000000
2.024785
0.000000
0.000000
0.000000
0.000000
0.000000
2.897109
2.406625
2.292599
6.395152
0.000000
0.000000
0.000000
0.000000
0.000000
0.000000
0.472891
0.000000
0.000000
0.000000
0.000000
0.000000
2.569637
42.033783
46.015358
36.542526
39.947788
42.204266
45.365631
0.000000
0.000000
0.710641
0.404847
0.000000
0.000000
0.000000
2.003570
0.000000
0.000000
0.000000
2.591417
0.000000
0.000000
0.000000
1.254996
0.000000
0.000000
0.000000
0.000000
0.000000
0.000000
0.000000
0.000000
0.000000
0.000000
0.000000
0.000000
0.000000
0.000000
0.000000
0.000000
0.000000
0.000000
0.000000
0.000000
0.000000
52.131889
42.896446
37.569641
41.800880
36.573166
37.348999
38.075752
37.162228
36.595249
37.504307
40.354897
40.950447
41.132912
41.400242
35.774384
41.824986
41.121067
43.133533
0.000000
0.000000
0.000000
0.000000
0.010633
0.000000
0.000000
0.000000
0.000000
0.000000
0.000000
0.000000
0.000000
0.000000
0.000000
0.000000
0.000000
0.000000
0.000000
0.000000
0.000000
0.000000
0.000000
0.000000
0.000000
0.000000
0.000000
0.000000
0.000000
0.000000
0.000000
14.526162
13.180266
2.389770
9.268039
0.000000
5.324467
0.000000
4.718019
0.000000
7.363239
0.207319
2.800312
0.000000
0.000000
38.923676
38.530979
35.845905
33.213409
30.730619
20.368042
27.075230
31.642658
36.694855
2.349082
7.579276
11.498347
12.840703
9.548875
1.548506
4.896318
5.497037
3.386422
0.000000
5.828432
2.348671
0.131600
0.000000
3.599088
0.165307
0.155213
0.210731
2.475607
0.672046
4.558878
4.474313
6.240749
1.714111
1.445354
0.000000
0.460923
0.000000
0.077669
0.000000
0.000000
0.000000
0.122311
2.582887
4.736864
1.827402
0.000000
0.000000
0.000000
0.000000
0.000000
1.145671
49.301044
52.387230
41.342243
2.860277
3.013613
3.136282
3.200172
4.546695
5.936826
10.245015
0.000000
2.565296
2.783636
4.385361
6.626726
2.927576
0.795635
0.000000
11.317430
8.786144
6.635857
7.212269
9.971290
6.970670
5.774561
8.794931
12.917048
11.133028
15.216006
16.273264
17.650980
13.602984
2.671324
3.944378
7.966331
2.820320
5.034351
5.587501
8.832570
4.107391
5.947477
5.043080
10.991495
3.267216
1.776210
3.480319
8.363770
8.310452
8.400463
7.936532
9.854612
5.182534
4.729982
5.366743
7.729179
2.811302
0.536931
0.818130
1.629231
1.820999
1.578208
0.000000
0.000000
0.000000
0.000000
8.876728
7.748869
8.185748
8.725619
10.138484
9.590489
0.000000
0.000000
0.000000
6.682239
4.775844
4.519922
4.460326
4.822263
3.407525
3.095367
3.730541
5.660040
0.000000
1.792380
0.000000
7.495183
6.811334
2.952626
0.451248
1.302596
0.000000
1.153143
0.000000
2.742607
3.316683
10.948014
7.572466
10.633798
0.000000
0.175154
14.203264
10.679199
10.265037
12.932844
5.423142
9.656670
3.100738
2.649927
4.512549
7.319724
4.578444
6.754763
7.908696
15.034430
8.833922
3.423808
12.542645
15.211817
12.907139
14.833941
18.947025
15.928669
11.595011
11.429605
17.901983
16.896444
9.495119
6.801510
0.000000
0.000000
1.936827
4.127477
0.000000
0.058517
1.285380
3.026919
9.606716
6.538151
2.623996
1.696739
4.004045
2.021517
8.218017
7.238618
7.677123
2.630024
1.753340
2.533150
4.584854
6.784456
6.283430
2.623388
5.718964
0.882771
2.963068
2.663749
4.608809
8.005776
6.313590
4.551807
7.349454
0.323767
1.267723
5.151132
2.893077
6.905144
11.848889
9.269526
5.625040
1.941680
1.159004
7.772921
4.394253
3.913908
3.637398
0.154652
0.000000
2.118423
3.055604
12.686327
3.519068
0.532518
2.993618
2.073016
3.119000
3.250836
3.126993
2.691313
1.690946
3.845461
1.132598
2.564047
2.298977
2.176308
4.082987
3.067905
7.125932
0.000000
9.116872
8.535148
5.133911
5.699816
2.844532
0.000000
0.000000
0.253036
6.772165
4.474813
1.743839
1.952070
0.000000
0.000000
0.000000
2.483395
4.471975
0.824098
0.000000
0.000000
0.000000
1.945295
0.000000
3.163230
9.340460
0.000000
0.000000
0.000000
0.000000
0.184808
4.999840
2.596175
4.674220
0.000000
4.274335
1.837823
1.987461
2.641579
0.347512
0.462323
2.628138
0.000000
4.877585
2.139561
2.307250
7.677450
7.210222
5.426511
14.973276
3.626328
7.276661
8.778685
7.942478
7.957059
19.633734
17.003271
18.619225
18.814592
19.198517
12.531344
9.399701
2.277736
22.523685
24.474354
18.800768
18.902172
15.598858
13.289348
12.051109
4.885384
14.260057
21.982527
18.057745
12.605089
10.613777
8.369147
13.507343
11.922197
14.210070
23.791824
25.667763
9.459811
11.862204
14.552233
5.532501
5.824122
6.057419
6.168788
6.510731
6.840968
8.170799
3.213938
4.987144
5.156592
0.000000
0.000000
0.000000
0.000000
0.000000
0.000000
0.733559
0.000000
0.000000
0.000000
0.000000
3.158820
0.000000
0.000000
0.000000
11.602323
8.364248
3.196074
0.000000
10.388239
8.836652
7.275158
5.511206
0.771893
0.000000
0.000000
0.000000
3.294883
2.828288
4.130396
10.563001
0.000000
4.318899
14.982430
0.000000
0.000000
11.844374
18.821110
12.518574
0.405450
0.000000
0.000000
0.000000
0.000000
0.052088
14.861666
8.051780
0.000000
11.533730
0.000000
0.000000
0.000000
13.751115
10.028908
9.769193
12.292137
13.815865
12.366933
0.000000
0.000000
7.794091
3.445518
0.000000
1.068424
11.732049
0.000000
0.000000
0.000000
0.009405
0.000000
0.000000
0.192756
0.000000
15.290832
5.651148
3.012121
0.575125
0.000000
0.000000
0.000000
0.000000
0.000000
9.891730
11.223703
11.624562
12.013536
0.000000
0.000000
0.000000
1.199221
1.728332
0.000000
0.000000
5.491307
5.864555
3.197690
0.000000
15.843670
11.589747
9.374956
7.208582
7.138194
14.797999
0.000000
0.000000
2.234840
0.000000
0.000000
0.267029
0.000000
0.000000
0.000000
21.103508
18.747358
0.000000
0.000000
3.655880
0.000000
0.000000
0.000000
20.897129
9.902730
3.315485
5.569209
8.897578
0.000000
2.159449
3.287978
3.432775
3.531132
3.616509
3.570069
4.647131
5.917862
7.033888
6.326632
0.000000
10.371695
11.838717
13.493329
14.976969
20.510092
0.000000
0.971959
0.000000
0.000000
0.000000
5.690812
14.887099
12.883007
11.085615
5.354713
3.622157
0.000000
0.000000
0.000000
0.000000
0.000000
0.000000
0.000000
0.000000
0.000000
3.204759
12.642590
11.736011
10.773808
10.012616
0.000000
0.000000
0.000000
0.000000
8.867670
8.004771
6.638064
6.094450
9.003736
18.314838
0.000000
20.990828
6.701369
4.519693
4.286396
4.227230
2.474240
0.000000
24.462868
0.000000
0.103485
7.633053
12.822442
1.553607
0.000000
0.000000
0.000000
0.000000
0.000000
0.000000
0.000000
0.000000
0.000000
0.000000
0.000000
0.000000
0.000000
11.932899
0.000000
0.000000
0.000000
0.000000
6.962705
0.000000
0.000000
13.460011
12.096394
11.652114
11.420939
0.000000
2.982784
0.241826
0.491793
0.000000
6.991234
3.235127
4.944958
0.000000
0.000000
0.000000
1.598981
0.095373
0.000000
4.266081
15.880485
7.913171
6.347673
0.000000
21.559631
12.860668
7.431776
16.425716
0.000000
6.857278
6.683146
7.640869
8.726612
8.936658
12.969204
14.278862
16.305994
0.000000
0.000000
0.000000
0.000000
0.000000
0.000000
0.000000
0.000000
0.000000
0.000000
0.000000
0.000000
0.000000
0.000000
0.000000
0.000000
0.000000
0.000000
0.000000
0.000000
0.000000
17.209068
29.019176
32.932350
35.418934
35.496578
39.448013
45.967827
61.130646
14.442557
19.684647
16.622856
0.000000
0.000000
0.000000
0.000000
0.000000
0.000000
0.000000
0.000000
0.000000
0.000000
0.876695
0.000000
0.000000
0.000000
0.000000
17.758255
6.194671
9.838907
0.000000
36.514076
30.528826
24.563028
17.489481
29.959572
32.850853
30.249018
22.137926
12.878161
8.908497
8.784618
0.655514
0.000000
33.112869
40.995995
11.606222
21.955023
24.156038
20.825735
14.617842
8.479470
4.559076
1.435662
0.000000
0.000000
0.000000
26.415159
16.815142
28.293400
0.000000
0.000000
0.000000
10.640520
5.000944
0.174507
0.330172
1.595429
2.921681
20.048906
23.502186
21.157427
28.209820
0.000000
0.000000
0.000000
0.000000
0.000000
0.000000
7.403372
0.000000
0.000000
0.000000
0.000000
0.000000
0.000000
0.000000
0.000000
0.000000
0.000000
0.000000
0.000000
0.000000
12.084517
0.000000
0.000000
0.000000
0.000000
0.000000
0.000000
0.000000
0.000000
0.000000
0.000000
0.000000
23.543291
19.835457
15.965576
0.657438
25.286249
18.090303
13.028423
13.086731
9.977324
9.913305
0.000000
0.238790
1.016994
1.130991
2.660727
3.355029
4.536829
8.694871
3.356878
13.604841
8.626813
4.431615
0.320565
39.664719
31.235014
27.188227
24.407923
16.042189
19.352148
21.581949
11.430017
21.107380
0.000000
8.507165
8.219664
6.504713
4.542224
3.132242
2.884705
7.355508
12.650274
19.679440
25.724577
0.000000
1.857769
7.619925
13.744075
20.682825
28.721096
2.074930
9.453660
9.998768
9.972179
10.129117
13.026427
13.560090
22.002478
29.574192
0.000000
0.000000
0.000000
0.000000
0.000000
0.000000
0.000000
0.000000
7.816338
0.000000
10.209941
0.000000
8.365400
0.569071
8.506315
4.927449
12.560411
3.492749
0.000000
0.000000
32.212811
26.743202
21.298136
19.354914
28.366722
45.743584
12.524879
42.200996
21.185301
17.011507
13.934477
16.611250
14.972506
18.513319
8.790873
13.570385
2.292323
0.000000
0.000000
1.434884
0.000000
0.000000
0.000000
0.000000
0.000000
0.000000
0.000000
0.000000
0.000000
0.000000
0.000000
14.992575
0.000000
23.589312
0.000000
2.104460
0.000000
34.054752
33.687893
1.998503
2.888111
43.362667
30.947739
36.580368
33.774902
0.000000
0.000000
0.000000
0.000000
0.000000
3.446494
0.000000
0.219640
11.713012
0.000000
0.000000
0.000000
0.000000
0.000000
10.609275
2.545919
1.749293
5.346838
2.704669
0.000000
4.853271
3.493322
16.456568
0.000000
3.330400
1.706665
0.000000
0.000000
1.089805
0.000000
3.046622
0.000000
0.000000
0.000000
0.000000
26.134598
21.895649
17.392416
12.842412
8.073938
4.199398
0.000000
0.151246
0.000000
0.000000
0.000000
0.000000
0.160225
0.401682
1.286897
1.229478
2.740320
1.871271
13.129429
1.740963
1.833504
1.907538
1.864762
2.373305
2.944252
4.224658
0.000000
0.000000
0.000000
0.000000
0.000000
0.000000
0.000000
0.000000
0.000000
0.000000
0.000000
0.000000
0.000000
0.000000
0.000000
0.000000
0.000000
0.000000
0.000000
0.000000
0.148795
0.988628
4.435969
3.586557
2.751853
1.692235
1.812843
2.038320
2.034186
1.511210
0.988916
0.840849
0.277950
0.000000
0.000000
0.000000
0.000000
7.370187
4.333746
3.411522
3.232422
3.880260
4.610371
4.203199
3.328408
2.504129
2.046445
4.845021
0.000000
0.000000
2.245096
0.000000
0.000000
0.000000
1.700484
4.672715
2.097215
1.903994
2.205889
2.513775
4.374117
0.000000
0.183139
0.000000
0.000000
0.000000
0.000000
0.000000
0.000000
0.000000
1.541406
0.000000
0.000000
0.000000
0.000000
0.500202
0.000000
1.325417
0.693424
0.096191
0.000000
0.000000
0.000000
0.000000
0.000000
2.081138
0.150427
1.113279
2.082123
0.000000
0.000000
2.191427
0.147163
0.000000
0.000000
0.000000
3.880715
3.282819
3.037131
6.395072
3.840412
15.438719
13.384747
9.266567
2.751552
0.000000
2.598424
0.000000
7.827351
0.246152
0.000000
11.486004
0.000000
0.000000
3.200990
1.822325
6.388994
0.000000
0.000000
0.145887
1.519037
1.805684
2.072849
0.806862
1.646787
2.073602
0.601840
0.000000
6.790588
1.377486
0.821995
0.653155
0.459814
0.320934
0.296433
1.021203
1.878838
2.920021
4.720786
1.130819
0.000000
0.000000
0.000000
0.000000
0.000000
0.930808
0.000000
0.000000
0.000000
0.000000
0.000000
0.000000
0.000000
0.000000
0.000000
0.000000
0.000000
0.000000
3.218987
0.000000
0.000000
0.000000
0.000000
0.000000
0.000000
0.000000
0.000000
0.000000
0.000000
0.000000
3.244946
1.796689
0.026226
0.000000
3.657746
2.929829
2.121234
1.877318
0.623006
0.000000
6.448820
0.000000
0.744461
1.377592
1.303559
1.273042
1.435794
2.267668
0.154514
2.699646
1.750856
0.833828
0.723361
0.000000
2.887156
0.555954
0.555954
0.555954
0.555954
0.555954
0.555954
0.555954
0.555954
0.555954
0.180263
7.152162
4.227128
0.000000
2.931269
0.000000
0.000000
4.443117
4.449448
0.000000
4.217307
0.000000
0.000000
0.000000
0.000000
0.114642
0.000000
0.000000
0.000000
0.000000
0.000000
1.231424
0.000000
0.982673
0.000000
0.000000
0.000000
0.000000
0.000000
1.310038
0.215657
1.867125
1.499486
2.186139
0.519591
1.257230
1.762008
0.000000
9.487923
1.703727
1.660210
1.899554
2.117141
1.991104
0.933841
0.000000
0.000000
0.000000
0.000000
0.000000
4.519923
3.886179
3.061358
2.287049
1.512739
0.738430
0.483063
1.311400
0.000000
0.000000
0.347833
0.640419
6.420695
1.697641
5.727230
5.999876
0.000000
1.153999
0.000000
34.529587
39.894951
47.626427
56.066940
65.131889
72.830765
80.433426
86.155975
89.357346
90.607162
7.326768
1.243475
0.687817
1.279312
1.377895
0.829134
4.264795
4.137912
5.190997
6.128517
6.080084
7.883260
5.342644
4.487131
9.997258
10.183125
9.877919
11.224478
11.698410
35.844681
27.960629
25.596205
31.882303
24.838051
24.903917
49.343174
55.071491
54.216206
46.385578
43.028488
56.843719
11.886694
3.316010
5.793382
8.497156
4.833292
0.669623
0.000000
4.790751
7.315673
7.946033
14.269335
14.902234
14.286440
7.952931
9.390824
3.704872
7.967640
1.797039
4.769491
4.658837
3.255796
23.746883
31.097189
28.587616
37.134804
41.649124
50.762512
12.215254
28.039270
59.445107
10.705359
14.396138
3.412205
2.855487
0.970913
0.000000
3.866902
3.051505
10.344681
8.769208
3.666194
0.127908
19.758535
13.190635
10.151522
3.503475
2.191845
5.436823
0.792130
0.004441
0.000000
10.178534
17.821465
20.658390
27.466240
3.676006
2.321971
31.951946
29.160912
24.894302
22.920010
17.052050
3.529705
0.000000
2.009232
6.793678
3.967044
1.506201
3.908014
2.077419
0.625393
0.000000
5.532893
2.023961
3.994245
6.134082
2.743406
3.754229
0.000000
0.000000
0.000000
0.000000
5.222210
4.884361
1.769561
10.928444
24.643877
19.297865
32.153385
35.105621
64.543587
38.069874
63.622993
67.186798
102.788719
59.950386
55.099205
44.884743
60.914333
40.320309
39.810757
40.538147
38.083435
30.385603
27.576576
53.705696
43.114788
33.816708
27.884199
20.388315
16.795258
29.557987
33.509377
34.888176
37.781052
39.635986
43.044739
42.752304
42.187801
42.157135
63.620590
63.576408
7.161466
0.000000
0.000000
2.992619
8.076427
1.949221
2.604091
2.958252
9.600078
5.149970
0.000000
4.895047
13.665701
7.705401
12.993584
14.989643
17.651142
11.147635
29.699057
31.396570
41.668205
35.570374
36.039825
32.840324
73.237274
61.002708
60.308018
62.497974
61.320160
55.380180
58.309578
54.811882
67.365074
68.873108
65.441811
76.604668
83.698074
26.423138
49.979992
46.863892
39.521442
29.243008
1.519043
5.618213
5.638410
6.331790
12.905687
13.367892
9.481624
9.239035
0.000000
5.383637
4.900964
7.496076
0.000000
2.357802
0.000000
2.901705
5.721233
9.957170
13.241736
19.345196
24.447790
0.000000
0.000000
2.332389
6.990077
5.476906
3.309734
2.242587
0.000000
0.000000
0.000000
0.000000
3.656432
3.627788
2.525907
1.057762
19.121815
18.172281
14.966434
14.610794
25.442600
21.820162
25.061390
21.567259
33.469810
27.913054
34.402248
38.286896
40.214611
44.768360
43.040600
40.556126
28.522871
16.095745
20.726482
16.013458
8.013258
6.041249
8.335418
7.396857
14.360374
3.670948
7.369490
5.699490
9.349524
8.314616
2.011240
8.363308
10.570414
0.000000
2.414877
0.706112
6.147261
7.203035
4.286562
0.000000
0.000000
0.000000
0.000000
0.000000
0.000000
0.000000
16.389704
0.000000
0.000000
0.262707
3.196249
5.455461
11.105774
0.000000
2.694886
0.000000
0.000000
0.000000
0.000000
0.000000
0.000000
0.000000
0.000000
0.000000
22.190729
9.948213
34.223923
25.778572
6.855729
4.151778
0.350855
2.997234
0.000000
0.000000
0.000000
0.000000
0.000000
0.000000
0.000000
1.097769
24.066963
0.000000
0.000000
0.000000
0.000000
0.000000
0.000000
0.000000
0.000000
0.000000
0.000000
1.290912
2.938509
12.209695
9.119287
0.000000
13.557173
3.217454
0.000000
6.566499
24.370295
8.018597
7.876414
0.281306
0.140887
2.049662
3.620054
25.436405
12.583457
0.000000
2.196260
8.421406
6.513905
8.120405
1.605039
1.679613
0.000000
13.194660
8.231654
5.882833
12.495115
31.471180
0.000000
0.000000
0.000000
0.000000
0.000000
0.000000
0.000000
0.000000
0.000000
1.772329
0.000000
0.000000
0.000000
17.523256
17.025900
0.000000
2.930632
0.000000
0.000000
0.000000
22.510744
19.022844
16.503592
19.368134
6.269691
1.237632
3.399146
0.000000
1.322219
0.000000
12.102990
9.416634
22.233803
10.156348
3.945884
46.025349
23.083744
0.000000
0.000000
4.081351
12.346686
16.594032
18.134357
7.121856
5.964393
2.685976
0.000000
10.474745
12.219119
13.264798
0.000000
5.006371
0.000000
0.000000
0.000000
0.000000
0.000000
0.000000
0.000000
0.000000
0.000000
2.140150
13.070914
0.000000
0.000000
0.000000
0.000000
0.000000
0.000000
0.000000
0.000000
0.000000
0.000000
0.000000
0.000000
0.000000
1.156604
2.206701
1.896278
4.065685
28.503475
14.217771
22.420336
20.503557
0.000000
13.436240
0.000000
0.000000
0.000000
0.000000
0.000000
0.000000
0.000000
0.000000
19.831783
23.391747
16.974424
40.997437
14.006048
0.000000
0.000000
0.000000
0.000000
0.000000
2.963268
0.000000
0.136682
0.000000
0.000000
0.000000
0.000000
0.000000
0.000000
0.000000
0.000000
0.000000
0.000000
15.025769
25.658478
17.417416
17.417416
17.417416
17.417416
17.417416
17.417416
19.072445
17.757895
17.417416
20.141376
6.255514
4.263323
8.025718
31.361750
19.066154
15.062637
42.961491
53.615486
0.000000
46.700157
22.404083
25.409784
18.550396
13.663546
29.172180
19.092178
21.241562
19.943714
17.383038
4.615901
10.915940
9.795870
2.422016
21.452799
17.098013
13.449816
16.985643
2.567680
8.063729
0.024668
3.320119
0.000000
1.514748
0.000000
0.000000
0.000000
0.000000
2.049526
0.000000
0.000000
0.000000
0.000000
0.000000
0.000000
0.000000
0.000000
0.000000
0.000000
0.000000
18.998407
15.930562
12.088402
8.323708
4.559013
0.794318
0.000000
0.000000
0.674576
0.000000
0.000000
0.000000
39.621677
30.141451
36.252964
37.403812
1.276778
1.328947
2.055300
6.458470
6.858717
7.274528
7.105333
10.170092
11.287662
15.166349
5.742667
6.288748
6.741538
18.286282
17.221817
16.152115
19.114355
0.000000
0.000000
27.050030
21.916645
16.887274
14.749371
8.533336
11.969000
38.638054
31.278397
21.450668
65.944809
54.406033
70.582779
66.787323
4.813316
2.733081
9.337452
9.168476
10.561735
11.574322
8.741160
9.993147
0.109130
2.246838
0.000000
0.000000
0.000000
0.000000
0.000000
9.706345
0.000000
0.729711
0.000000
6.565269
10.525611
13.263409
9.608675
16.660551
14.369171
36.110966
7.689892
10.034240
31.219809
12.691993
7.707615
6.808157
0.000000
27.534420
8.648239
1.029383
0.000000
5.315454
13.982116
13.962919
11.330781
16.785772
8.527414
33.639713
21.667267
7.877710
25.704575
26.770790
33.253963
45.655792
40.766628
29.882170
17.371309
21.859102
11.600004
23.381071
14.164504
12.167356
7.976429
10.490643
5.568879
9.325695
2.546120
9.613836
0.000000
8.273298
9.871137
6.338167
0.000000
24.412083
4.585535
3.479277
0.000000
3.605907
23.761585
22.211214
18.388054
40.711571
3.286603
7.891761
2.806527
9.258758
2.753188
4.667914
24.921165
21.799038
19.772457
19.637911
19.511677
43.352112
12.196304
3.228233
32.375336
10.435061
13.254268
0.000000
21.200527
32.644012
28.426353
16.364979
17.806595
17.002117
29.424673
11.832300
18.541342
0.000000
11.105749
0.000000
0.000000
0.000000
0.000000
0.000000
0.000000
2.316931
0.000000
0.000000
8.446681
0.000000
0.000000
0.000000
0.000000
0.000000
0.498477
0.000000
0.000000
0.000000
0.000000
0.000000
0.000000
0.000000
0.000000
2.547115
0.000000
0.000000
37.685905
8.708655
44.156830
9.788358
0.000000
0.000000
24.356005
24.433212
28.620504
22.682796
30.270973
9.221845
36.626831
30.094730
128.793045
121.464569
111.275391
126.997383
59.856564
52.850922
36.216106
36.789268
26.383562
32.877029
20.461052
23.169577
6.776039
9.215167
0.000000
0.000000
2.130803
0.000000
0.000000
6.368073
8.571121
9.806408
11.391544
0.000000
15.554118
5.579453
5.579453
5.579453
5.579453
5.579453
7.431249
5.579453
12.992281
14.175165
7.877001
1.493050
2.726008
3.128119
11.323513
7.794897
10.313316
23.620886
13.427662
12.089517
11.831751
20.206638
11.570944
10.110028
9.907974
29.140770
35.498566
26.946507
23.883324
18.531958
0.000000
25.672153
23.356865
25.981798
35.930794
24.099020
11.546679
4.934134
0.019426
0.000000
13.781496
16.658865
12.496689
20.070244
5.682329
5.267408
19.401892
0.000000
35.488422
12.963688
22.108925
13.205844
24.508766
13.003209
17.898682
2.840532
19.115704
6.466953
20.084299
5.273388
49.724899
30.120737
36.079342
17.161354
20.928448
10.076180
13.834564
7.426202
12.314632
13.078224
14.084629
13.923660
44.612629
45.555237
45.938194
44.627037
11.563246
38.057671
21.570747
9.442303
9.908623
10.115283
9.870133
11.769429
13.664371
18.964096
0.401996
0.178096
0.000000
32.398838
32.997036
33.720051
34.450302
24.002626
21.953749
32.421532
28.052967
23.531836
22.409317
20.370962
17.553873
29.226377
31.475948
30.830498
41.198593
37.903568
50.147144
42.143944
26.027197
22.124258
32.466175
32.995007
44.844166
35.697880
31.406126
32.526096
20.097235
14.858129
5.223243
0.479285
0.000000
0.000000
0.000000
0.000000
0.000000
0.000000
0.000000
0.396579
0.000000
0.000000
0.362698
0.884751
4.618258
2.647612
17.520926
14.576599
25.468100
0.000000
0.000000
1.482915
0.582395
2.186194
0.825063
1.046193
3.276609
4.109154
6.830442
2.425509
6.366534
2.162455
27.074459
21.914492
18.043007
12.371652
18.506859
13.225304
8.195175
16.269089
12.366735
8.167699
3.473100
0.478886
14.334308
11.863366
17.873341
15.345443
28.297409
21.075977
12.514572
18.122650
15.353683
8.972791
2.189162
11.825319
3.746000
7.531014
0.862472
11.830172
3.932325
2.416828
0.000000
0.000000
2.687183
2.235318
1.717519
0.000000
3.795598
2.687716
1.978465
1.294318
2.159666
5.261191
2.054265
6.186460
8.114128
6.417606
3.876705
10.387123
27.761457
17.423386
19.605305
28.267059
30.172112
19.396713
21.289568
18.324596
20.047638
17.640362
19.195967
26.556219
27.767717
22.474001
32.879471
13.533462
16.458832
3.521723
3.979209
0.000000
0.000000
0.000000
0.000000
0.000000
0.000000
0.000000
0.000000
0.000000
0.000000
0.000000
0.000000
0.000000
0.000000
0.000000
0.000000
0.191749
2.414797
1.487619
5.046492
3.393204
6.691332
4.976638
4.910311
4.618039
32.103928
34.014431
16.523355
32.492901
23.408106
23.032829
33.793900
31.938564
30.262796
27.243319
22.096165
21.137093
27.991779
24.968693
44.872360
42.059101
35.507568
47.010452
24.801697
15.451828
24.747921
24.144564
44.356934
34.409100
35.821609
30.645590
25.083370
23.048933
7.981345
11.576332
0.000000
4.534031
3.554228
2.286135
0.000000
1.101482
4.217269
0.000000
0.000000
3.532889
0.000000
0.000000
0.000000
0.000000
0.000000
0.000000
0.000000
0.000000
0.000000
5.809946
7.530757
6.717013
11.502419
9.156364
13.818534
30.445705
26.940765
15.562886
9.875695
23.572714
18.574123
0.000000
0.000000
29.740458
26.206305
23.848284
21.387592
18.307564
18.823238
12.866906
9.005736
5.372106
14.725392
10.923605
8.566748
16.254280
9.866700
23.857573
34.445095
31.434578
31.433249
30.829842
27.790062
24.602762
24.402866
25.499258
10.928969
12.265594
3.668614
5.271175
5.659865
5.743344
3.291173
0.000000
0.000000
3.837027
2.140062
1.189336
6.665132
5.711261
4.791216
3.842922
2.968020
1.946335
2.558202
3.446208
4.435280
5.123394
4.624784
3.021716
9.602247
9.042359
10.811321
12.937739
19.448273
21.294188
29.116577
3.189702
3.321176
3.230882
2.755124
4.553408
4.770724
7.242457
2.292766
0.029554
1.121763
21.191671
17.419907
13.878098
10.327194
32.283073
35.720478
2.544730
11.856719
21.310108
23.176804
26.488541
31.784418
16.852236
25.004393
32.121056
26.285784
31.271767
13.830298
17.222715
0.000000
0.000000
0.000000
0.000000
0.000000
0.000000
0.000000
0.000000
0.000000
0.000000
0.000000
0.000000
12.794323
14.688684
17.413168
0.000000
4.284344
10.608830
12.520531
3.555171
0.570925
0.000000
0.000000
0.000000
0.000000
0.188220
0.315684
7.202174
0.000000
19.848463
14.178549
9.541116
24.517403
0.000000
0.000000
0.505467
0.000000
0.000000
0.000000
0.635357
0.587571
2.318111
33.530033
19.761642
22.752296
25.614996
9.349211
13.641980
19.144264
5.449748
6.022912
8.199208
14.999164
11.959350
0.000000
0.000000
6.929899
0.000000
0.000000
0.000000
7.319531
0.077728
0.000000
4.106809
9.338511
0.000000
0.000000
17.389837
23.465780
0.000000
0.000000
0.000000
0.000000
1.161886
0.000000
0.000000
0.000000
0.000000
6.458835
4.796927
4.422537
4.020752
3.534042
8.333787
0.000000
0.000000
1.229738
8.573454
17.272137
5.508393
0.000000
7.463829
0.000000
11.987185
11.059980
47.094513
45.546360
0.000000
0.000000
0.000000
0.000000
0.000000
0.000000
0.000000
0.000000
0.000000
0.000000
0.000000
0.000000
0.000000
0.000000
0.000000
0.000000
0.000000
0.000000
0.000000
0.000000
0.000000
0.000000
0.000000
0.000000
0.000000
0.000000
0.000000
0.000000
0.000000
0.000000
0.000000
0.000000
0.000000
0.000000
0.000000
0.000000
0.000000
7.650684
18.518253
33.809658
18.194326
37.659027
37.159298
2.796687
4.420140
6.271551
10.354817
17.944857
21.280506
24.209011
27.200520
5.587648
16.624563
25.288441
11.834299
0.000000
0.000000
0.000000
0.000000
0.000000
0.000000
0.000000
0.000000
0.000000
0.000000
0.000000
0.000000
0.000000
0.000000
0.000000
0.000000
0.000000
0.000000
0.000000
12.033717
0.000000
0.000000
0.000000
0.000000
0.000000
0.000000
0.000000
0.000000
0.000000
0.000000
0.000000
0.640095
13.927106
17.219202
0.000000
1.848179
2.608453
16.115948
12.290261
0.877707
0.000000
4.850520
0.000000
0.000000
0.000000
28.804857
22.723070
21.812046
21.137205
23.587166
33.402897
22.723669
24.008457
40.755665
24.281929
25.980167
28.483232
36.791641
32.833199
37.795330
0.000000
18.007372
0.000000
9.483418
0.000000
16.739389
0.000000
6.641368
0.000000
5.926410
0.000000
0.000000
0.000000
0.000000
0.000000
0.000000
5.556217
0.000000
0.000000
0.000000
0.000000
0.000000
0.000000
0.000000
0.000000
0.000000
0.000000
0.279395
2.109164
3.442491
5.033298
7.284160
0.000000
0.000000
5.262309
14.104764
13.954120
7.197891
18.752344
21.129103
22.207430
23.070089
23.907221
29.884979
35.772705
54.958706
8.904881
29.765425
33.701893
0.000000
0.000000
1.055700
1.451933
3.593699
0.000000
0.000000
0.000000
0.000000
0.000000
0.000000
0.000000
0.000000
0.000000
0.000000
0.000000
0.000000
0.000000
0.000000
25.185165
23.366423
21.315123
20.278540
18.683037
17.344927
15.689150
13.989401
13.667996
14.552893
12.044619
0.000000
0.000000
20.162664
10.627890
32.613415
26.324959
23.977758
21.777767
21.262873
21.080788
17.773781
13.751339
9.653125
11.105875
16.125477
6.619286
4.033237
4.883993
11.125834
16.981258
11.922991
0.000000
9.517986
14.871754
6.263076
10.562914
18.288071
12.082766
17.400002
22.564497
22.815741
0.904351
0.000000
0.156623
0.000000
0.000000
0.000000
5.657807
0.000000
0.000000
0.000000
4.497354
1.328498
0.000000
0.000000
0.215922
0.000000
0.000000
0.000000
0.000000
0.000000
0.000000
7.218218
4.148950
1.364904
0.000000
2.673767
2.830219
0.000000
0.000000
0.000000
0.569355
1.512260
0.000000
0.000000
0.000000
7.918305
0.000000
0.000000
0.000000
0.000000
0.000000
0.000000
0.000000
0.000000
0.000000
0.000000
0.000000
0.000000
0.000000
14.730278
11.878983
0.000000
0.000000
3.703972
0.000000
32.777031
32.085098
27.823608
23.164736
17.433220
14.331231
22.122505
30.800945
17.192333
28.740492
13.518518
12.778650
13.452785
13.961503
14.384396
14.218979
13.897526
13.508490
12.212760
12.253002
24.232336
5.020840
6.213248
7.276655
8.547235
6.287420
27.808016
25.272243
27.996897
29.787529
31.722069
34.960087
42.240326
53.020012
64.900558
19.723837
40.672737
0.000000
0.000000
0.000000
0.000000
11.128991
2.840564
0.000000
0.000000
2.561739
0.000000
0.000000
0.000000
0.000000
0.000000
0.000000
0.000000
0.000000
0.000000
21.607618
24.600786
23.661600
22.435192
18.778431
9.964803
29.962372
5.445381
15.905410
16.612230
15.749569
14.839070
13.677504
12.873677
10.020612
8.474627
0.000000
0.000000
0.000000
0.000000
7.154713
0.348321
0.348321
0.348321
0.348321
0.348321
0.348321
0.348321
0.348321
0.348321
0.000000
40.027851
31.191668
0.000000
21.160229
17.931932
18.876064
0.000000
4.781240
19.142294
20.640451
5.680081
10.470226
13.935209
19.763866
0.000000
0.000000
0.000000
0.000000
0.000000
0.000000
0.000000
0.000000
10.971145
0.000000
0.000000
0.000000
0.000000
4.682634
0.000000
0.000000
0.000000
0.000000
0.000000
0.000000
0.000000
0.000000
0.000000
4.410678
0.000000
0.000000
0.000000
0.000000
0.000000
0.000000
0.000000
0.000000
1.679382
2.072114
2.351402
0.000000
0.000000
0.000000
0.000000
0.000000
0.000000
0.000000
0.158070
0.000000
0.000000
0.000000
0.000000
0.000000
0.000000
0.000000
0.000000
19.919884
15.757692
0.000000
0.567168
0.599958
0.626190
0.617876
0.306599
0.000000
0.000000
3.884678
0.921879
0.000000
0.000000
0.000000
0.000000
0.093032
0.000000
0.000000
0.000000
0.000000
0.000000
0.000000
0.292123
1.440249
0.000000
0.000000
0.000000
0.000000
0.000000
0.000000
0.000000
0.358844
0.396465
0.422368
0.520944
0.000000
0.000000
0.000000
0.000000
0.271742
0.219278
0.000000
0.000000
3.619287
0.000000
0.000000
0.000000
0.000000
0.000000
0.000000
0.000000
0.000000
0.057122
0.176987
0.312463
0.517879
2.925095
0.610601
0.000000
0.000000
3.429479
1.958508
0.781192
4.201337
0.000000
0.000000
0.000000
1.122660
0.744642
0.547921
5.318021
5.949415
1.422256
0.000000
0.000000
2.702247
1.788809
0.000000
0.000000
0.000000
0.892101
0.380454
0.270741
1.541030
4.877675
0.000000
0.000000
0.000000
0.000000
0.000000
0.000000
0.000000
0.000000
0.000000
1.439560
0.000000
0.000000
0.000000
2.919686
4.381887
0.000000
0.000000
0.000000
0.000000
0.116539
0.000000
0.000000
0.000000
0.838413
0.000000
0.000000
0.000000
0.000000
0.000000
0.000000
1.774142
0.943056
0.681534
0.192019
0.000000
4.235111
0.575455
0.000000
0.000000
0.000000
0.000000
0.457734
1.040088
2.814960
2.501097
1.294051
0.010739
4.376677
3.283162
3.108725
0.000000
1.464611
1.194977
0.292425
0.000000
0.615384
0.699491
0.000000
0.000000
1.914592
3.837831
2.028777
0.000000
3.809683
0.000000
0.000000
0.000000
0.000000
0.000000
0.462116
0.153095
0.553128
0.639123
0.658085
1.663792
2.731522
1.493279
0.000000
1.192275
0.000000
2.723468
0.000000
2.158906
1.214321
0.000000
0.721725
0.000000
0.000000
0.000000
0.000000
0.000000
0.000000
0.370257
0.897738
0.000000
0.000000
0.000000
1.961420
1.380082
0.536218
0.605231
0.586523
0.194680
0.000000
1.986813
0.000000
0.217136
0.409458
0.383227
0.307934
0.000000
0.000000
2.363416
0.000000
0.000000
0.000000
0.000000
2.332263
4.569403
2.995798
2.995798
2.995798
2.995798
2.995798
2.995798
2.995798
2.995798
2.995798
3.375782
1.283911
2.603230
0.000000
3.416318
1.900341
0.890122
3.992982
3.447804
0.000000
5.133994
3.942334
0.955744
4.436545
1.482971
2.584819
0.808273
1.736857
2.539310
1.405939
0.000000
1.422388
2.646533
0.000000
2.178199
1.653884
1.408403
2.132108
0.000000
0.291382
0.000000
0.000000
0.000000
0.000000
0.493307
0.000000
0.000000
0.000000
0.000000
0.000000
0.000000
0.000000
0.000000
0.000000
0.000000
0.062487
1.778705
0.000000
0.000000
0.000000
0.114304
0.000000
1.520501
0.000000
0.000000
0.000000
0.000000
0.000000
0.000000
0.000000
0.000000
0.000000
3.776960
3.368411
2.791773
2.528501
0.000000
0.000000
0.000000
0.000000
0.000000
0.000000
0.000000
0.000000
0.000000
0.000000
0.000000
0.000000
0.000000
0.000000
0.000000
0.000000
0.000000
0.000000
3.224310
0.000000
0.000000
1.892492
5.039055
3.480202
1.041223
5.601640
5.730601
2.467207
16.106010
15.880898
15.575748
13.119677
0.000000
0.000000
2.698222
1.494825
1.502554
0.000000
0.000000
0.000000
3.057259
4.509809
0.000000
0.020182
13.256207
27.049068
22.907921
9.705683
15.608154
23.214754
17.864759
11.851107
6.487515
8.222968
3.131848
1.148921
0.000000
0.000000
2.806890
3.765429
9.340844
1.602349
1.042665
0.295529
45.037441
0.000000
0.000000
0.000000
0.000000
0.000000
0.000000
16.277657
9.455379
3.363827
11.415849
6.452466
4.630455
3.621906
4.931584
10.228188
12.390085
0.402140
0.000000
5.706381
12.502169
19.496443
0.933058
3.725134
0.000000
0.805959
1.032665
3.949819
3.578857
0.941274
3.046555
0.000000
1.125926
1.004864
0.000000
20.035078
19.980881
1.289920
0.000000
0.000000
1.604793
1.452613
10.549789
4.585638
4.677393
3.491649
8.913563
3.299836
2.510522
4.611391
1.834857
0.000000
0.634664
4.325355
7.148114
9.680435
13.178959
26.079514
0.000000
0.000000
4.251280
0.257604
4.604158
36.654671
35.414337
14.995055
10.250748
6.213980
2.719620
0.000000
0.000000
0.000000
0.000000
5.074171
4.916175
5.449272
2.142168
3.879464
4.872212
0.652920
0.000000
12.814518
10.671495
8.758872
5.116741
6.035472
5.151413
4.959293
2.227779
6.494512
0.000000
0.000000
0.000000
0.665540
3.113344
2.072940
0.016958
6.030242
0.000000
0.000000
0.000000
0.000000
7.650984
2.114007
43.627548
7.434993
3.039821
5.044486
3.146327
1.433135
9.923560
2.657285
3.105986
5.860614
8.291304
1.124451
21.331612
18.066750
24.538820
17.762489
0.000000
2.733791
4.426538
1.392874
9.208104
3.824208
0.236130
0.000000
0.000000
1.961564
2.241801
5.220800
3.119927
3.960584
0.000000
1.192450
2.018943
0.000000
0.000000
10.612270
4.605082
3.020697
1.248302
1.248302
3.899055
1.248302
1.248302
1.248302
4.771728
1.248302
2.367516
22.035822
14.819661
13.753966
5.192245
0.000000
3.935605
45.350491
37.344700
19.506075
10.614553
6.999664
7.136115
3.184121
3.022790
17.174103
19.711254
17.274023
20.072340
13.728469
18.485743
19.715752
35.561436
24.668329
5.365085
5.768954
13.574599
15.575798
17.153664
22.266907
1.991961
0.000000
0.000000
0.000000
0.000000
0.000000
0.000000
0.000000
0.000000
0.746202
1.326269
0.000000
0.253523
0.000000
0.000000
0.000000
0.215711
1.122370
9.096605
3.878431
11.623308
11.284763
9.656923
11.081161
9.119509
7.567859
11.096732
4.530143
3.510523
5.989124
5.267200
5.353810
5.391242
9.776752
17.229910
21.380161
0.000000
1.302762
0.000000
13.130801
13.803641
14.341914
14.741904
19.601185
24.530701
40.294281
0.000000
14.857659
16.800058
0.000000
0.000000
0.000000
0.000000
0.000000
0.000000
0.000000
0.000000
0.000000
0.000000
0.000000
0.000000
0.000000
0.000000
0.000000
0.000000
0.000000
6.728757
0.213118
9.216647
9.929319
16.725428
12.344222
13.042856
14.446651
25.281935
14.094862
7.230635
7.049808
12.714869
5.164045
5.572237
24.101490
14.915010
33.211987
24.741343
22.259783
23.141521
20.433289
21.818697
18.846642
16.537020
9.348372
10.947395
13.569403
2.705747
4.480818
20.502785
5.276792
10.596614
7.531462
15.606092
0.749855
5.963713
2.290029
4.844030
3.053017
2.997704
18.472128
19.772781
14.958830
3.414722
0.000000
2.647653
0.000000
1.063336
0.000000
8.937463
0.000000
0.000000
0.000000
1.729705
12.753530
0.000000
0.000000
0.000000
2.616909
3.262872
1.769467
0.000000
5.256180
1.229214
1.422479
0.000000
5.421236
1.365496
9.713552
8.470814
6.448693
0.000000
2.531333
6.642868
13.100460
0.000000
3.904998
0.214592
6.206770
0.000000
5.769642
1.714243
0.000000
1.798612
1.213559
2.614408
0.919763
0.000000
0.000000
0.000000
0.000000
0.000000
8.731931
8.266668
0.000000
0.490849
4.361937
7.823920
26.932398
27.530876
24.614140
21.615755
3.991348
5.524330
5.638278
14.169019
7.769209
27.185720
8.978161
8.079533
8.740752
9.309693
11.310055
9.667190
9.545131
4.811722
1.279446
0.000000
33.542809
7.958723
1.908073
4.000191
6.883405
0.000000
17.589703
13.430941
18.010561
18.437178
18.126787
22.583828
19.944031
30.282768
41.494431
0.459660
20.191711
0.948514
0.000000
0.000000
0.000000
0.000000
0.000000
0.000000
0.000000
0.000000
0.000000
0.000000
0.000000
7.123384
0.000000
0.000000
0.974672
20.140202
12.540249
7.807696
17.285637
25.013443
23.837984
9.648866
6.349896
28.559181
9.881511
8.544630
10.782140
9.907141
10.976836
8.441418
13.520307
0.993008
7.137314
4.304807
0.000000
0.000000
0.000000
15.549322
10.143955
9.418500
19.084620
7.581696
5.127198
5.500619
5.127198
14.906849
13.113187
5.717454
50.955986
30.928387
0.000000
25.704235
21.440168
14.697562
13.489930
7.094893
37.551723
28.317604
0.000000
3.418825
12.850023
21.549683
5.675481
12.074234
5.505528
9.039789
10.382206
10.688279
7.905459
15.838990
28.028578
8.097756
2.978020
4.757570
8.787388
20.107235
2.563038
0.000000
0.000000
0.000000
0.000000
0.000000
0.000000
0.000000
0.000000
1.212071
0.000000
0.000000
0.000000
0.000000
0.000000
7.257763
4.881104
0.000000
15.201682
21.585831
23.070671
6.069370
0.000000
2.610091
1.455098
1.029033
0.901121
0.718613
0.000000
0.000000
0.000000
0.000000
0.000000
0.000000
0.000000
0.000000
0.000000
14.795881
12.520525
2.025718
20.642004
23.741718
27.347584
31.925583
40.966919
51.329773
78.844612
30.462620
60.298424
71.923851
26.993099
20.761589
17.767584
0.000000
6.936553
0.000000
28.775301
10.694793
0.000000
0.000000
0.000000
0.000000
9.284939
18.774424
25.614098
0.000000
0.000000
0.000000
0.000000
9.149055
11.202150
12.877160
17.036840
16.138195
15.650706
28.569542
33.550842
34.647480
31.532248
30.864983
37.039680
0.000000
26.261486
44.318432
10.492049
23.417246
26.620655
22.819393
12.729893
6.624234
5.754282
5.734823
0.000000
0.130605
1.759899
9.250175
11.158227
0.000000
17.933392
11.796548
12.522202
0.000000
24.422522
41.687065
45.494629
42.226425
52.608124
35.233967
12.578027
8.995219
42.438641
10.568398
1.051862
0.634624
1.341401
12.043428
4.946831
13.501165
0.000000
0.057462
0.000000
4.567005
1.963279
44.293842
16.236555
15.107109
1.413878
0.000000
0.000000
8.018691
0.615210
18.561214
0.000000
32.052628
27.915600
30.341541
0.000000
4.895286
37.944458
36.546803
32.983593
30.495075
27.859800
0.000000
0.000000
0.000000
0.714419
9.150400
7.146546
8.406334
9.471657
6.819247
14.888286
0.000000
0.000000
0.000000
0.000000
0.000000
0.000000
0.000000
39.097118
26.640657
62.101944
57.175751
9.164026
4.871177
13.707146
17.474121
24.124826
32.773125
32.941448
24.780870
12.028328
38.340294
43.403923
9.829349
33.863579
36.719341
34.647923
30.931293
30.964624
29.541826
26.133549
28.405460
20.840130
2.757418
23.706381
64.157753
61.398727
58.022163
55.840927
64.392723
40.323971
49.749001
53.761559
59.796448
61.350391
62.234825
64.425797
73.383591
91.115585
56.108723
84.150467
0.000000
21.543983
0.000000
0.000000
0.239163
0.000000
31.352089
27.584497
23.158743
18.654165
14.569173
13.440186
13.170309
12.685600
0.000000
0.000000
0.000000
0.000000
9.858813
16.214869
19.196913
20.087479
22.661018
35.861137
7.846801
59.458961
39.488640
36.094265
35.361980
34.412022
34.056488
35.558968
34.797073
40.865135
40.619095
39.197678
38.985126
2.666828
7.911864
5.527046
0.412506
4.334983
1.879200
3.442996
0.000000
0.000000
0.000000
0.000000
0.748327
0.000000
1.640126
9.578626
0.760879
0.000000
6.109498
0.456469
6.913977
7.394206
2.636761
18.527311
19.551950
18.506313
24.581068
0.000000
3.147346
4.020614
0.000000
0.000000
0.000000
5.232379
6.004630
9.174059
19.073082
12.012679
16.883402
16.229965
39.387245
26.614178
50.705658
40.841881
63.655731
49.975967
26.457169
29.832340
54.472889
56.143532
17.338169
29.702185
47.168556
48.169670
40.716297
39.998360
41.435211
34.921589
26.849968
32.603626
43.484322
50.193222
3.340718
1.503836
0.475660
0.696081
6.562680
6.278825
7.251387
6.631040
0.140708
0.000000
1.615934
0.000000
0.000000
6.489583
5.928016
5.073678
43.144791
28.466036
59.136848
1.658509
1.751986
1.826769
1.914109
11.992953
22.489502
55.238110
0.000000
3.325269
7.428501
19.809231
5.088437
14.565310
16.689482
19.795742
0.000000
22.698700
11.550248
2.143878
0.000000
0.000000
0.000000
0.000000
0.000000
0.000000
10.906528
15.131899
7.291977
10.289929
11.501089
8.421000
5.466870
1.285612
0.000000
0.000000
0.000000
0.000000
0.575182
0.425617
0.599235
0.000000
0.000000
34.936657
35.637100
53.508228
55.743698
62.615494
55.439842
47.855400
49.560127
60.712048
49.588898
52.825790
29.312923
45.964813
27.710602
47.088375
37.270313
27.970049
22.462135
20.710785
13.214126
24.807411
28.646452
21.082664
31.388388
54.821285
45.021351
15.261269
8.867894
4.146942
15.419981
7.444096
16.023712
24.128555
15.054210
26.611158
45.706158
12.860478
6.201573
5.424469
14.857344
4.139145
27.330193
14.403811
11.788675
1.022264
3.434474
0.000000
5.735658
4.824273
5.391657
23.728682
28.495300
25.965126
35.650593
2.751619
4.168906
7.995469
5.761319
9.996243
13.832776
9.168705
20.858698
23.567589
32.381760
30.662481
12.482860
12.928941
19.740358
25.144800
16.063673
13.768974
10.530339
15.592148
3.413806
8.005983
9.722494
11.150087
10.496581
58.933666
61.808376
57.761944
46.544460
2.877978
0.878677
1.791367
0.000000
3.373027
2.550833
11.967125
5.217702
0.000000
7.527003
20.555017
37.553169
2.104299
2.911599
20.085871
25.685135
6.465866
7.100882
20.059288
30.262991
32.789711
23.771042
0.000000
0.000000
2.931844
0.000000
0.000000
0.000000
4.348886
0.000000
0.000000
0.000000
1.615407
1.329383
18.619576
34.704769
51.920696
0.000000
0.000000
0.000000
0.000000
0.000000
0.000000
0.000000
0.000000
16.471807
13.486527
11.278695
11.479039
15.084059
11.118927
7.116889
3.359538
12.965559
14.704238
8.975986
0.000000
2.155365
5.313333
2.163368
1.472568
0.000000
0.000000
6.986199
0.000000
0.197603
0.967788
0.893006
1.196394
0.937021
0.000000
21.655561
0.000000
7.536349
5.207940
9.614608
5.774119
0.000000
0.261707
0.000000
0.000000
0.000000
1.367516
5.479400
6.039669
2.775281
0.000000
3.783372
48.661594
26.681639
0.977397
2.675528
7.829771
5.507348
0.000000
3.869749
15.945871
5.886383
0.751586
5.389462
12.514355
5.409519
5.216544
1.822002
9.179346
3.398575
8.933985
3.181305
13.063695
18.634827
41.711590
3.722274
4.368556
2.631655
0.000000
0.000000
12.215604
19.902119
18.393644
15.708992
2.666926
29.627335
21.885788
20.895683
29.524876
36.575546
33.618069
59.149513
49.485504
51.440910
46.426071
50.438450
42.420490
26.073053
27.812515
40.029697
37.066502
34.665573
33.077026
33.717495
29.473927
13.503008
27.610069
45.772324
36.740211
21.961922
22.502293
20.001133
22.318031
6.759776
21.267698
37.833363
23.929478
80.137596
79.562523
60.978096
10.159379
10.699126
11.130924
11.163544
12.200493
13.340615
16.127071
3.084888
5.528341
3.724200
5.234960
0.000000
5.218885
3.460570
9.809362
0.000000
4.666370
5.826420
0.832277
0.000000
0.586358
2.417044
0.000000
0.000000
0.000000
0.000000
0.000000
0.000000
0.000000
20.187918
16.907936
13.630031
9.793705
9.741889
10.058952
9.630239
7.685913
5.691622
4.828026
2.291506
0.000000
9.208714
11.127761
0.317386
13.777840
8.562043
6.947005
6.510092
14.155470
25.169716
28.024031
23.721409
21.687376
18.832809
18.836727
0.000000
0.787804
16.433197
0.000000
0.000000
0.000000
30.391769
0.824641
0.000000
0.000000
0.000000
0.000000
0.000000
25.831966
22.850256
16.582722
3.491323
0.358679
0.000000
0.000000
0.000000
0.000000
0.000000
14.763700
0.000000
0.000000
5.304899
26.476017
0.000000
0.000000
0.000000
0.000000
0.000000
0.000000
0.000000
0.000000
0.000000
0.000000
0.000000
0.000000
0.000000
15.845655
13.101685
0.000000
0.000000
0.000000
0.000000
0.000000
12.531808
10.551372
9.337484
14.298849
0.000000
0.000000
0.000000
6.778085
3.532785
0.000000
2.921513
3.489784
0.170915
0.000000
1.898121
5.400179
0.000000
0.000000
0.000000
0.941677
0.000000
0.000000
0.022817
26.345987
25.163034
21.639143
18.124273
7.680731
8.091052
8.514412
7.217637
4.230871
16.605694
6.524926
5.464061
5.195015
7.337700
4.558638
4.448273
12.583590
15.715238
12.853941
17.360590
0.000000
7.804807
0.000000
0.000000
0.000000
0.000000
4.658934
2.843089
5.063490
5.299197
5.227642
4.042173
3.970498
7.028118
10.040792
0.000000
1.636117
0.000000
0.000000
9.612492
0.000000
0.000000
0.000000
0.000000
0.000000
0.000000
0.000000
0.000000
0.000000
0.000000
0.000000
4.477377
2.715141
0.771649
1.475817
17.414488
14.919201
11.960994
10.873200
8.325656
1.762519
17.634323
0.000000
7.168224
10.225306
9.871223
6.818159
6.588560
7.057454
0.000000
0.267582
0.000000
0.280878
0.099878
6.583968
19.557060
11.347231
11.163936
11.163936
11.163936
11.163936
11.163936
11.163936
11.163936
11.163936
10.654357
25.733431
20.510702
1.128176
19.296400
7.876597
2.968302
38.509956
37.616852
15.526175
23.200775
6.859479
9.091015
10.784331
12.737435
0.000000
7.509153
4.319386
4.336649
0.000000
0.000000
4.750450
8.053585
7.555017
0.000000
0.000000
2.278443
6.438399
11.628531
2.405482
1.467056
0.000000
0.000000
0.000000
0.000000
0.000000
0.000000
0.000000
3.339406
0.000000
0.000000
0.000000
0.000000
0.000000
0.000000
0.000000
0.000000
0.000000
0.000000
0.000000
14.434132
12.280062
9.650319
7.107872
7.246127
2.022978
0.000000
0.000000
1.934705
1.598590
1.410249
0.801836
4.476954
4.960000
4.636873
3.080216
2.917345
4.891794
1.625610
0.000000
0.000000
0.000000
0.000000
0.000000
2.560653
13.653153
1.357656
0.000000
0.000000
10.743361
0.000000
0.000000
0.000000
4.182342
5.539264
2.688002
7.290661
12.223393
14.041053
19.251778
26.420994
0.000000
1.767633
7.268592
0.000000
0.160797
4.668974
4.156828
0.000000
0.000000
0.000000
0.000000
0.000000
0.000000
0.000000
0.000000
2.037425
9.517717
11.962954
0.000000
0.000000
19.751884
16.308937
30.902096
27.120567
25.403702
22.803345
21.197117
19.904449
16.195141
11.422811
6.723131
2.941174
5.610546
0.000000
0.000000
0.000000
18.975231
1.738304
0.000000
14.133842
3.957559
0.000000
0.000000
0.000000
0.000000
0.000000
0.000000
0.000000
0.000000
5.572109
12.404394
15.014294
21.543343
0.000000
12.669868
25.252079
0.000000
0.000000
0.000000
3.393553
6.672418
0.000000
0.000000
0.000000
0.000000
0.000000
0.000000
0.000000
0.000000
0.000000
17.508286
6.305223
3.401851
0.472966
2.381811
10.809999
0.575230
0.000000
4.327262
6.086769
7.863479
0.000000
0.000000
0.000000
0.888856
0.000000
0.000000
0.000000
0.000000
0.000000
0.000000
0.000000
0.000000
0.000000
0.000000
0.000000
0.000000
0.000000
20.521461
24.389282
10.839849
12.634877
18.802547
20.380257
0.000000
0.000000
0.000000
0.000000
3.879382
0.123708
0.000000
1.067925
0.000000
8.294092
0.000000
0.000000
0.000000
0.000000
1.508668
0.000000
0.000000
0.000000
0.000000
0.000000
10.129692
0.000000
0.000000
0.000000
3.164316
0.000000
0.000000
0.000000
0.000000
0.000000
0.000000
0.000000
3.109144
5.756035
12.348551
0.000000
0.000000
2.837593
0.000000
27.318314
0.111154
1.052328
2.113562
0.319769
3.515914
6.868264
13.717264
25.107288
27.499924
29.716743
32.043987
4.667621
2.253918
8.017279
1.442349
0.000000
0.000000
0.000000
0.000000
3.773489
5.600609
0.977033
0.000000
0.000000
0.000000
0.000000
0.000000
0.054305
1.042846
9.394114
0.000000
0.000000
0.000000
0.000000
0.000000
0.000000
0.000000
0.000000
0.000000
0.000000
0.000000
0.000000
0.000000
0.000000
0.000000
0.000000
29.924583
30.137302
0.000000
4.052547
0.000000
2.617110
7.717469
3.143434
1.107943
8.973948
0.000000
0.000000
0.314535
4.947771
4.826075
7.551387
12.470712
11.799154
8.538228
0.000000
19.429691
24.935087
32.219852
0.354447
11.491514
5.069109
4.210523
18.961472
14.385443
7.322750
0.000000
14.455329
16.650757
17.777857
4.044177
19.681969
13.318398
2.625034
0.000000
13.735216
8.087933
0.000000
0.000000
4.335063
11.115903
17.879539
0.000000
0.000000
0.000000
0.000000
0.000000
0.000000
0.000000
0.000000
0.000000
0.000000
0.000000
0.000000
0.000000
0.000000
0.000000
0.000000
0.000000
0.000000
0.000000
24.106316
26.733643
12.616126
3.318393
3.486155
3.620365
3.928565
4.122664
4.160102
7.792049
0.000000
6.759605
11.117404
3.894343
3.283532
2.769623
0.000000
18.870348
20.712048
0.000000
0.000000
0.000000
0.000000
0.000000
0.061278
0.000000
0.851428
2.086136
0.000000
0.000000
0.000000
0.000000
1.394822
1.824509
2.182384
3.018813
2.524792
1.991809
1.602531
1.698008
1.743818
1.475398
0.593944
0.000000
20.744642
7.622869
3.465025
0.000000
0.000000
0.000000
0.000000
0.000000
0.000000
0.000000
0.000000
0.000000
0.000000
0.000000
0.000000
4.400418
0.000000
11.580852
18.789009
26.237518
7.689364
0.000000
0.000000
0.000000
0.000000
0.000000
0.000000
14.016523
13.194223
11.911182
0.000000
0.000000
0.000000
0.000000
0.000000
0.000000
0.000000
0.253397
0.000000
0.906381
7.171838
9.896327
0.000000
0.000000
0.000000
0.000000
0.000000
0.000000
0.000000
0.000000
0.065589
0.970033
1.000941
0.000000
0.000000
16.801706
18.604750
0.000000
0.000000
0.000000
0.000000
2.017748
0.000000
0.000000
0.000000
0.000000
0.000000
0.000000
0.000000
0.430855
0.863714
1.873109
0.000000
0.084695
0.000000
0.000000
0.000000
0.000000
8.222057
0.000000
0.000000
0.000000
0.000000
13.614347
9.820648
15.362959
12.406360
9.466015
6.201765
1.059035
0.000000
0.000000
10.792371
8.372178
3.598188
2.324596
3.547065
5.147409
6.789994
8.011373
8.053613
7.287673
6.368690
3.777550
0.240332
6.044059
8.749263
8.662452
8.551185
8.529884
9.190902
8.264724
12.644009
16.435646
18.404562
19.976513
21.603456
22.900745
24.476824
27.299170
35.021511
35.957611
7.513659
11.142324
0.000000
10.489720
27.413288
25.284328
0.000000
0.000000
0.000000
0.000000
0.000000
0.000000
0.000000
0.000000
0.000000
0.000000
0.000000
0.000000
0.000000
2.800453
3.402611
3.354338
3.504079
4.288826
1.525820
4.304357
2.775893
2.448421
2.314210
1.892990
0.759453
0.000000
0.000000
0.000000
0.000000
0.000000
0.000000
18.038143
11.319869
8.536125
8.536125
8.536125
8.536125
8.536125
8.536125
8.536125
8.536125
8.536125
9.127049
5.856478
16.212971
12.850676
13.339882
20.780548
26.865120
5.615597
7.746929
20.803341
4.098611
11.490045
9.062927
9.097287
6.652107
1.184442
0.000000
3.283882
0.000000
1.283413
5.679579
4.630898
4.312960
3.624773
7.906196
7.188894
7.650380
8.112926
21.352417
17.494690
0.000000
0.000000
0.000000
0.000000
0.000000
0.000000
0.000000
0.000000
1.307285
0.000000
0.000000
0.000000
0.000000
0.000000
0.000000
0.000000
0.000000
1.211275
3.041475
3.840941
0.000000
0.000000
0.000000
0.000000
0.000000
0.000000
0.000000
0.000000
0.000000
1.114670
4.903027
6.989632
0.000000
0.000000
0.000000
0.000000
4.222913
0.000000
0.000000
0.165357
0.178955
0.189833
0.247036
0.825717
1.397516
4.440279
0.000000
0.364429
1.815360
1.651966
1.017780
0.575890
0.000000
4.275424
1.407033
3.355340
1.971600
0.552631
0.388368
0.960421
1.897177
0.659787
2.559445
4.105439
0.499592
2.299422
0.000000
0.000000
0.000000
0.000000
0.000000
0.130111
0.000000
0.000000
0.000000
0.000000
0.026770
0.005014
0.354112
1.109156
0.000000
2.377301
4.694012
0.000000
1.586181
2.026913
1.669316
2.605388
0.000000
0.000000
0.000000
0.000000
0.000000
0.000000
0.000000
9.866468
0.000000
2.786748
1.774568
1.002707
0.000000
0.894392
2.582561
3.415057
4.343312
5.241851
0.000000
0.000000
0.000000
0.338362
1.615895
0.000000
0.130652
0.877309
0.000000
0.001645
1.346770
0.000000
0.000000
0.000000
0.000000
0.000000
5.514419
1.164852
0.551323
0.017282
0.000000
0.000000
0.000000
0.000000
0.666702
1.264797
4.656796
3.761995
2.837479
2.065042
0.000000
1.071320
2.616453
2.238205
4.731583
1.841494
0.000000
0.000000
0.000000
0.000000
6.583669
1.404141
1.355815
3.249598
1.031835
2.340523
0.000000
0.000000
3.659643
0.000000
0.000000
0.000000
0.000000
3.674547
2.528476
7.504558
11.286499
0.604677
0.000000
5.016010
0.000000
0.000000
0.000000
0.000000
4.011302
0.000000
3.380527
15.897952
0.000000
0.021482
0.715329
1.363621
6.803828
5.191276
2.801759
8.555658
1.961857
0.967514
0.000000
0.000000
10.151100
4.275373
4.144224
4.009277
4.880417
0.139221
1.282755
3.297781
4.472276
1.372611
2.279242
3.665960
4.844480
6.566352
2.980800
5.573154
0.000000
0.253650
0.000000
0.000000
3.139138
0.129733
3.647868
3.282420
2.875913
2.821375
3.331886
3.384917
3.460247
3.534071
0.000000
0.000000
0.000000
0.000000
0.000000
0.000000
0.118356
0.157305
0.795083
2.735611
0.000000
3.362511
1.037713
0.083879
0.073001
0.098270
0.033073
0.000000
2.094121
0.000000
0.000000
0.204164
0.945931
0.000000
0.000000
0.000000
0.000000
0.000000
0.000000
0.000000
0.000000
0.000000
0.000000
0.000000
0.000000
0.000000
0.375100
2.131832
0.000000
0.000000
0.564228
0.000000
0.000000
0.000000
0.000000
1.266195
0.871895
0.418653
0.000000
0.605525
0.000000
0.000000
0.000000
0.000000
1.859964
0.000000
0.000000
0.807409
0.000000
0.000000
0.000000
0.000000
0.861138
1.446987
3.374781
1.690734
1.309438
0.000000
2.417360
1.792917
1.421237
3.251833
0.000000
1.302550
1.266403
1.465210
1.645943
1.996731
2.512860
2.652526
2.810265
0.000000
0.129846
0.503156
0.000000
0.000000
0.000000
0.000000
0.000000
0.000000
0.000000
0.000000
0.000000
0.000000
0.410458
0.491258
0.000000
0.000000
0.000000
0.000000
5.090073
3.206312
7.578255
13.028547
13.891102
14.625967
15.686062
3.910091
2.373704
8.051388
51.550320
26.355972
28.142570
9.482631
12.775816
16.883579
17.666311
0.000000
0.000000
41.217907
14.226119
0.000000
0.000000
0.000000
0.000000
0.000000
0.000000
0.000000
23.786900
14.557508
24.307747
13.946280
25.279890
20.332457
15.500349
9.190165
10.916880
13.513008
14.111060
9.935207
5.844964
5.140711
7.036725
44.758091
0.000000
0.902766
3.542835
10.089666
11.085629
6.859665
4.144365
12.582978
8.618813
8.255696
10.511702
17.556154
19.259695
18.190990
29.076122
28.167070
28.719158
3.234242
3.864342
5.896888
9.977729
38.597054
35.153484
34.344234
32.228333
35.094257
53.762135
0.000000
4.153567
9.409478
4.252645
4.852180
0.000000
0.000000
1.755392
0.000000
0.834531
35.505253
18.518200
0.000000
0.000000
0.000000
36.785881
25.349188
13.366886
2.832247
0.312542
0.312542
0.312542
0.312542
12.155119
0.000000
10.285188
24.816463
38.333359
0.000000
0.000000
42.158318
22.212053
7.822290
0.000000
0.000000
24.016323
20.355917
16.861326
6.766110
19.416735
13.941769
9.596210
5.454008
11.592139
22.474003
10.632437
21.422636
22.219889
14.145823
7.942166
10.317264
73.791939
0.226909
3.314089
27.255707
27.709806
0.000000
0.000000
0.000000
3.038087
0.000000
2.340881
0.000000
8.780364
13.242265
0.173385
4.255632
0.000000
3.691220
3.248457
1.849365
0.306649
0.000000
0.000000
3.460130
8.691789
15.437864
21.816456
0.000000
0.000000
4.776390
12.674563
20.739559
29.561909
15.684393
15.417055
11.239458
11.117259
12.162964
6.316923
0.000000
0.000000
0.000000
47.663361
20.309637
0.000000
9.574987
0.000000
2.204993
0.000000
0.000000
43.989983
35.903450
27.676569
17.348965
14.844680
2.691412
0.000000
3.455745
40.183334
27.761457
18.067928
26.048716
44.070469
21.272572
12.671455
10.070480
11.673894
21.185268
10.117862
26.158258
15.029570
10.441492
13.193956
8.380526
10.891638
19.296896
11.757135
40.305180
51.239750
74.398232
87.791199
11.435960
6.296596
3.619907
1.434758
1.555662
0.906444
2.594549
6.807252
8.435651
0.000000
0.000000
3.567248
0.000000
0.000000
0.000000
0.000000
0.000000
0.000000
0.000000
0.000000
0.000000
3.414166
0.000000
0.000000
1.669215
5.103265
0.000000
2.191655
0.000000
13.381428
0.000000
1.136313
0.000000
0.000000
14.706491
31.308859
3.139220
10.880034
5.459560
12.367840
6.931857
52.218922
52.794334
45.927567
33.297359
17.100698
25.601984
31.876062
38.271255
25.024950
30.950008
28.168310
31.813156
35.412735
37.636948
28.876434
10.173709
0.000000
0.000000
0.000000
0.000000
30.091415
25.560778
20.684595
15.719560
10.754526
5.789491
2.329825
1.107074
0.633397
6.725060
12.528674
13.974978
27.038544
23.370935
16.457140
10.032752
0.000000
0.000000
13.686011
0.000000
0.000000
0.000000
0.000000
0.000000
0.000000
0.000000
0.000000
0.000000
0.000000
20.687111
20.952354
19.687944
17.175848
27.162849
29.473341
2.968415
6.709845
10.238128
9.650466
4.988329
0.000000
12.421896
0.337810
0.000000
16.357899
21.852179
16.491501
23.156263
0.000000
0.000000
0.000000
0.000000
0.000000
0.000000
0.000000
0.000000
0.000000
0.000000
0.000000
0.000000
20.394560
0.000000
0.000000
0.000000
0.000000
0.000000
0.000000
0.000000
0.000000
0.000000
0.615614
2.637275
5.207828
11.512630
0.000000
1.765709
21.604109
0.000000
0.000000
16.064575
7.166142
0.000000
0.000000
7.512206
0.000000
0.000000
0.000000
0.000000
0.000000
0.000000
6.391333
19.290346
8.488390
0.740130
15.894062
6.577044
0.000000
23.457661
15.347806
9.782392
11.107323
22.461874
0.000000
0.000000
0.000000
1.200237
0.000000
0.000000
0.000000
0.000000
0.000000
0.000000
0.000000
0.000000
0.000000
12.955358
6.161311
0.000000
0.000000
0.000000
0.000000
0.000000
11.783772
9.975069
9.178192
18.510237
0.000000
0.000000
0.000000
0.000000
0.000000
0.000000
21.329712
16.808249
19.206715
17.670553
20.315903
13.755720
32.177662
0.000000
0.447075
0.000000
0.000000
9.551410
12.366190
4.017089
0.000000
0.000000
1.868689
0.000000
0.000000
0.000000
0.000000
0.000000
9.507040
0.000000
0.000000
0.000000
0.000000
0.000000
0.000000
0.000000
1.785286
3.596160
6.575574
0.000000
0.000000
0.000000
0.000000
0.000000
0.000000
0.000000
0.000000
0.000000
0.000000
0.000000
0.000000
0.000000
0.000000
0.000000
10.827506
1.670804
44.109486
26.847420
12.436946
26.595570
35.591740
34.582729
5.417102
3.443991
1.654488
0.000000
5.628129
0.000000
0.000000
0.000000
39.647057
27.699505
29.062201
23.615999
5.335120
8.458918
0.000000
0.000000
0.000000
0.000000
1.093648
0.000000
0.000000
0.000000
0.000000
0.000000
0.000000
1.676080
0.000000
0.000000
0.000000
0.000000
0.000000
7.759671
31.848412
20.772697
20.772697
20.772697
20.772697
24.464073
33.167397
34.441540
31.463608
31.237530
34.923996
13.651831
21.488304
3.686818
36.318111
25.391647
28.297884
32.743061
34.591606
39.752224
41.377670
8.329579
0.511852
1.928371
0.000000
21.049812
24.089264
24.690742
18.243769
16.894075
0.152758
15.482825
6.890590
0.000000
30.260773
22.188700
16.332207
13.752029
28.528666
7.078617
0.000000
10.723779
15.606142
16.201138
0.000000
0.000000
0.000000
0.000000
0.000000
0.000000
0.000000
0.000000
0.000000
0.000000
0.000000
0.000000
0.000000
2.318216
0.000000
0.000000
19.547100
18.422552
28.792892
31.755068
23.984884
9.670759
3.897077
3.895923
4.198329
8.311885
15.360291
21.933588
18.928738
22.109468
21.866417
22.152872
0.000000
3.681492
0.000000
0.000000
0.000000
0.000000
0.000000
0.000000
0.000000
0.000000
34.593578
17.497393
24.928108
40.915112
45.618931
53.663155
55.049538
53.441368
49.606483
61.952950
56.662708
32.276333
39.402817
32.940701
44.011524
27.028662
41.783638
44.512886
7.292361
11.888478
19.252892
18.784409
15.795573
12.655577
18.822489
24.886799
18.338654
10.757360
14.452583
20.450684
12.942380
3.912899
7.552191
33.607452
29.046463
0.000000
3.113944
1.678870
3.099577
0.000000
5.488943
0.000000
7.296718
0.067754
4.781377
0.317016
7.131717
0.000000
2.546326
0.498587
1.665678
34.321377
34.878426
36.306576
0.000000
0.000000
12.007284
11.260636
12.397909
13.721409
6.580182
0.000000
0.667592
0.335324
2.259215
3.188472
11.175226
13.281493
5.951505
0.023687
1.839259
47.599819
28.338997
7.651876
0.000000
3.945194
25.188534
9.326665
4.623320
6.466572
10.741218
6.172816
1.272948
7.007626
8.017244
17.368393
17.937241
17.778849
17.985207
3.400017
0.000000
17.250729
27.169790
35.336704
33.914032
35.985004
0.000000
2.840996
0.827682
0.000000
0.000000
0.000000
0.000000
0.000000
6.451079
13.079531
19.858721
27.566055
20.347296
12.279125
4.887607
5.706460
105.228386
2.065148
5.145452
13.275980
8.503697
0.000000
1.434083
1.421478
5.023584
2.632843
7.388390
6.863891
5.136935
6.634725
7.383444
5.290732
3.340366
4.080750
5.348701
1.466692
0.455745
0.590650
0.306239
1.191908
0.000000
2.375737
0.000000
36.755836
33.445168
30.368336
24.570148
20.888453
18.367840
23.600658
25.411594
28.511562
36.147343
36.248611
43.390675
34.705559
24.207676
7.740616
97.960480
63.781605
62.386803
62.328571
6.059022
55.447021
50.446297
43.222271
65.343529
62.296482
48.067677
48.265347
49.525410
45.296814
51.977486
55.729488
11.924958
5.204697
10.400644
9.466346
16.768005
8.884253
10.070774
7.064210
14.420450
8.318682
10.120374
11.874288
12.700503
11.720477
9.232746
13.118088
10.295275
8.734429
18.161652
9.599626
30.008133
44.199287
53.833473
27.512608
31.344206
40.379326
47.290516
42.801991
43.312794
40.164967
46.585793
37.058170
40.241043
40.799286
51.894749
15.051334
14.271040
18.026724
17.386086
29.016603
39.566681
13.122135
10.828308
4.991460
4.737862
6.867377
4.980327
0.000000
0.000000
2.664192
0.000000
0.000000
3.489538
0.669415
2.775140
0.000000
0.550828
0.000000
37.251934
18.666271
1.436611
0.000000
0.000000
0.000000
16.459568
13.358102
10.332537
0.811932
21.492237
13.118684
10.481568
10.712902
12.622643
12.382072
9.599780
10.982855
12.240194
16.714880
23.404440
27.624002
33.416351
16.103277
21.615948
27.662136
2.532853
0.000000
1.175714
0.000000
5.935988
0.000000
0.000000
0.000000
5.378712
8.972498
20.363680
23.221855
19.907612
10.823526
7.245729
2.926404
8.324121
4.999078
10.484926
2.999380
3.199610
3.518744
3.828132
2.447529
2.719250
4.320237
1.713800
0.267515
0.830913
18.944071
13.772110
8.051097
4.537573
20.378220
23.017097
2.989085
9.916888
17.001740
16.638161
15.945287
16.344992
4.250179
6.816058
8.835664
62.707958
63.540161
48.509926
54.420296
2.263885
9.455454
5.669138
0.000000
0.000000
0.000000
0.000000
0.000000
0.000000
0.000000
0.000000
0.000000
0.000000
19.397789
23.558437
9.307999
13.671989
15.843599
18.843550
9.437069
6.379769
4.297708
4.234653
0.000000
0.000000
0.615745
2.962117
17.902811
21.156063
3.300873
2.657517
0.000000
33.086182
2.089088
0.000000
0.000000
0.000000
0.000000
0.000000
0.000000
3.692297
5.081859
38.502369
26.971003
27.560652
27.790043
15.937573
30.520988
45.347458
22.483099
23.426649
26.259359
27.751953
16.877430
1.816512
0.000000
0.000000
0.000000
0.000000
0.000000
0.000000
0.000000
0.000000
2.769144
3.455157
0.000000
0.000000
10.743423
10.637328
0.000000
0.000000
0.000000
0.000000
1.793411
25.313341
21.384724
17.792322
9.394480
17.306625
12.221749
9.798394
10.725733
7.320283
11.737669
0.000000
0.000000
0.000000
9.306826
19.636877
15.668793
0.000000
13.828010
11.889256
24.647293
26.098389
50.584949
52.980095
0.000000
0.000000
11.330923
1.188913
3.978648
0.000000
4.620003
2.395828
0.000000
0.000000
0.000000
0.000000
1.889121
0.000000
0.000000
0.000000
0.000000
3.921480
8.197518
10.643095
0.275371
0.000000
0.000000
0.000000
0.000000
0.000000
0.957219
0.000000
0.000000
0.000000
0.000000
0.000000
0.000000
0.000000
7.616177
0.000000
0.000000
1.085085
8.481035
56.191864
8.850066
24.865641
23.535383
1.237688
2.410635
7.672167
7.303255
11.482290
10.319017
8.525653
7.008914
49.519329
52.281830
54.248352
37.540176
0.000000
3.797321
6.340230
1.737044
7.500164
3.894042
8.869884
0.000000
0.000000
0.000000
4.586051
0.000000
1.079065
0.000000
3.498695
0.000000
0.000000
0.894790
5.859119
0.000000
1.120979
0.000000
0.000000
0.000000
0.000000
0.000000
0.000000
0.000000
0.000000
0.000000
0.000000
9.461910
11.129463
9.601357
3.455754
1.639023
0.000000
32.265034
37.267750
0.761126
8.555997
2.913893
5.959766
5.833708
2.857707
34.210831
30.110907
34.474266
31.133823
31.931852
46.005360
45.510323
57.933163
63.276299
36.179363
48.560158
54.089909
45.572147
50.112701
49.716450
16.575405
0.000000
0.000000
0.000000
0.722655
0.000000
0.000000
3.546904
0.000000
0.000000
0.000000
0.000000
0.000000
0.000000
0.000000
0.000000
0.000000
0.000000
0.000000
0.388545
20.164101
16.697100
12.644382
8.527954
4.851276
0.295096
4.241572
8.721616
6.742066
2.778056
1.285280
2.603807
0.000000
0.000000
12.576607
22.748970
21.066700
16.651569
28.579031
31.111723
34.840168
40.403896
45.961266
64.636879
76.373024
98.879517
68.110176
95.488441
111.318085
28.077087
21.187069
13.367743
20.183592
2.711843
7.894597
1.083995
6.662889
0.276117
4.889151
0.000000
4.283296
1.347422
6.138285
3.639813
3.679461
6.580338
7.007370
3.413599
40.502048
50.081596
35.781483
28.180880
24.880693
34.005409
26.279541
26.995644
29.016407
36.844040
36.545879
15.486487
6.927303
28.891121
19.490728
41.612827
25.490990
24.201654
20.691502
28.114775
23.146549
16.259071
12.058989
11.305681
4.940049
8.853772
0.000000
0.000000
2.327108
0.000000
8.900226
18.609995
0.000000
0.000000
4.576861
11.277169
15.528708
20.801331
19.097923
22.331345
31.586855
37.123688
10.921048
8.484249
3.119437
10.984618
10.982523
5.248968
6.765253
9.579679
4.695769
1.219226
0.000000
0.000000
0.000000
0.000000
0.000000
0.000000
0.000000
1.891660
0.000000
0.000000
0.000000
13.383684
6.965601
4.498698
1.031141
4.511773
7.006013
0.749737
2.990623
3.085913
8.994642
6.423741
9.466217
8.152605
10.280890
19.276680
0.795462
0.000000
0.422641
0.000000
0.000000
0.000000
0.000000
0.000000
1.612989
2.616518
2.764737
2.146355
2.790868
13.118553
10.332941
0.000000
2.233810
0.000000
2.349805
40.430691
39.038471
32.966187
26.145065
34.524448
49.830822
37.725933
49.229153
46.543884
75.578125
35.127880
32.235352
38.230999
54.073929
51.911118
45.454121
49.565308
44.058353
52.596012
46.929150
40.562851
18.210522
22.733398
12.912856
18.570774
16.925156
40.120987
37.551777
41.730747
43.604408
48.032364
58.605221
77.869110
89.580780
105.075020
64.231277
86.654083
16.379974
3.894291
1.126784
2.552347
0.357203
0.000000
0.000000
0.000000
6.149726
0.000000
4.924999
4.457564
11.967623
0.000000
12.467691
1.338813
31.682259
13.066776
35.709618
41.982719
50.516083
45.581337
33.075455
23.883383
62.949409
38.584824
30.292347
39.422680
50.562645
48.927788
46.022045
40.150642
58.062927
40.418835
20.871716
24.541359
25.558432
25.389267
29.701071
21.897377
12.508560
12.914405
7.265059
9.155296
4.065996
6.974423
4.600259
4.125871
0.000000
36.642166
35.341866
0.000000
23.133760
23.658384
30.334152
0.000000
12.481008
7.092043
22.736416
11.112217
17.098236
21.760597
26.443155
0.000000
0.000000
2.491908
1.211262
5.006129
4.015615
3.605826
6.754576
1.664258
0.000000
0.125184
1.026462
0.000000
11.089657
8.984821
2.775032
6.454179
18.263594
13.800218
9.103065
11.628767
21.030136
12.813463
13.440537
6.899873
19.040047
15.037919
6.164986
5.125220
7.276679
10.504898
8.012276
4.859898
4.875323
9.519131
2.003311
4.045722
2.468425
4.431691
0.917877
0.000000
0.000000
0.000000
0.000000
0.000000
0.000000
0.000000
0.000000
0.000000
0.000000
0.689632
18.345739
12.304554
0.000000
20.996235
22.673836
24.544781
27.343121
30.144360
33.454769
39.754051
8.425286
12.292044
8.913486
3.210921
0.000000
3.628914
4.194903
2.614221
0.000000
0.891169
0.300216
0.000000
0.000000
0.000000
0.000000
0.000000
0.000000
0.000000
0.000000
0.000000
0.000000
0.000000
33.514332
29.227026
24.823870
20.362640
17.659960
14.874786
12.609249
12.446931
11.997218
10.236077
7.588076
0.000000
7.217004
20.219198
10.328547
12.721980
11.640959
11.050011
9.887738
9.003359
10.832417
8.588158
7.323587
9.258631
9.026931
10.106047
6.306143
30.384975
39.644211
4.629743
0.543996
4.444888
45.521317
4.424636
0.222699
0.568093
14.184080
8.148052
10.336349
41.357620
38.578747
34.655621
0.216964
0.905292
3.066933
0.000000
0.000000
0.000000
0.000000
1.591649
0.000000
4.006927
0.000000
3.042750
0.000000
0.000000
0.000000
0.000000
0.000000
0.250570
0.000000
0.000000
0.000000
4.287403
1.661227
0.245769
0.000000
11.687129
10.846155
2.693787
0.000000
0.000000
0.000000
0.000000
13.136101
11.465925
14.498857
20.126240
19.230959
10.611612
4.581855
3.376296
2.267550
1.494988
5.989503
0.691117
7.767041
2.008520
12.397950
11.449396
0.000000
0.000000
0.000000
0.000000
0.000000
0.000000
0.000000
37.513786
33.561726
27.972553
21.941582
25.615452
15.935272
11.555884
20.938995
27.021343
31.104023
14.744522
15.663562
28.226280
43.156265
30.344870
22.593916
38.036545
54.061474
34.999496
34.675331
5.053610
0.211856
0.000000
0.000000
0.000000
0.000000
3.085833
2.827415
3.800970
3.053619
2.261289
3.609320
7.706522
11.719653
16.708759
0.000000
3.751152
0.000000
0.000000
10.630540
1.695489
0.000000
0.000000
0.000000
0.000000
0.000000
0.000000
0.000000
0.000000
0.000000
0.000000
2.146525
0.000000
0.538551
0.000000
28.726816
28.686260
24.302099
22.564068
21.698126
18.294014
21.420494
20.450842
22.113440
27.448296
23.063972
18.585575
15.311298
13.543424
17.036257
2.664109
1.228833
0.000000
0.000000
6.656206
8.085240
9.367325
4.590231
4.273917
4.273917
4.273917
4.273917
4.273917
7.538236
9.386654
2.498551
22.213171
23.975410
7.592493
7.239180
6.479329
5.514877
48.498917
47.318012
23.550205
21.343529
26.992657
30.547295
35.556473
33.625484
15.953876
22.217722
8.201605
3.104294
12.115523
9.825784
5.164258
3.806460
1.859031
0.000000
0.000000
0.000000
0.000000
7.423027
3.346801
4.010634
0.000000
0.000000
0.000000
0.000000
0.000000
0.000000
0.000000
2.500451
1.733582
0.000000
0.000000
0.000000
0.000000
0.000000
0.000000
0.103138
0.000000
0.000000
0.000000
12.390605
9.520315
8.426091
3.580166
3.665031
0.000000
0.000000
0.000000
0.000000
0.000000
0.000000
0.000000
0.000000
0.000000
2.652322
6.055647
0.000000
0.000000
0.000000
9.785449
10.305886
10.722236
10.703310
11.553735
12.527762
17.650654
0.000000
1.740367
1.859343
0.000000
0.000000
0.000000
0.000000
0.000000
0.000000
0.000000
0.000000
0.000000
3.261527
2.894109
9.629602
13.043264
21.366121
24.906179
23.830782
28.315514
23.227861
24.472919
28.615623
24.968975
19.929613
17.863144
18.782896
20.938107
16.585608
15.063450
5.347895
4.515195
2.181482
0.000000
9.895903
11.447077
1.698435
11.966686
9.589757
7.303792
5.972147
6.652100
7.464969
6.613058
5.070395
3.598553
7.852746
11.955050
0.182034
1.065511
5.585483
0.000000
0.000000
0.000000
32.397476
4.997552
0.000000
0.000000
0.000000
0.000000
0.000000
20.670141
20.398186
16.688454
0.000000
0.000000
0.000000
0.824200
1.601879
5.203692
3.767577
0.000000
0.979863
2.794858
5.141842
13.685068
2.154140
0.253428
5.412155
1.667439
6.110782
3.200420
4.328430
2.842411
3.443351
3.236102
1.688052
1.481165
0.147467
16.334801
13.388628
0.000000
0.000000
2.858368
0.621490
0.000000
0.000000
2.852403
0.345280
5.393899
0.000000
1.604370
0.000000
0.000000
0.000000
0.000000
1.653529
0.000000
0.868645
4.106645
12.885615
5.201220
3.791919
2.960541
6.279783
4.449253
7.291566
7.014860
6.178408
28.550743
23.293085
20.927141
18.524981
4.684258
9.155611
6.389041
22.957458
10.321364
20.944317
6.484633
6.524745
7.580101
8.588803
9.356993
9.310339
9.327688
9.337751
8.186548
7.532411
11.309758
0.000000
0.000000
0.000000
0.000000
0.000000
2.508420
1.238485
3.259523
3.315343
3.062014
0.382377
0.604086
2.820420
8.221126
0.000000
5.501665
0.000000
0.000000
11.427373
8.694414
0.000000
1.477600
0.000000
0.000000
5.955310
0.000000
14.701063
2.254257
9.944707
15.806244
10.211945
19.764732
10.388511
20.781187
19.989000
27.176071
24.032108
19.466854
15.648943
7.071653
17.425713
0.537834
6.958605
7.533730
7.117381
6.425539
5.804796
9.343673
0.000000
2.584146
0.000000
0.000000
0.000000
7.674446
17.500570
10.077015
10.077015
10.077015
10.077015
10.077015
10.077015
10.077015
10.077015
10.077015
9.535487
24.037247
21.981485
2.938643
16.775507
9.555797
0.000000
34.181347
25.851261
34.495049
18.048906
6.798606
8.670839
21.101818
12.553599
1.789155
4.449322
11.736609
5.887863
3.294666
12.510499
5.930640
8.903465
7.391697
10.098328
5.229245
7.839404
5.212154
28.185570
7.132513
3.448520
5.293232
14.026403
3.915987
8.095551
4.907002
12.057773
4.207548
8.743473
2.655326
4.199170
0.201401
0.000000
0.000000
0.000000
0.000000
0.000000
5.159293
5.206702
4.738585
3.804048
3.404929
2.925496
2.516882
2.108268
1.699655
0.648297
0.000000
0.000000
0.000000
0.222099
5.170406
0.290670
2.418566
5.337850
8.080231
2.506924
4.556713
3.646923
1.112884
1.073963
1.194613
1.039520
2.336019
2.374012
2.480051
1.436458
0.000000
0.000000
35.947842
36.767757
37.334400
38.095936
35.232174
46.648022
4.447984
13.204139
21.746326
21.982904
19.405962
15.966558
24.016981
20.512777
17.123030
38.720432
34.675053
39.173473
37.005909
8.863443
0.000000
0.538606
12.476136
6.544689
4.293370
1.628691
10.284676
0.404334
0.000000
0.000000
0.000000
23.932785
5.712501
1.570452
0.000000
0.000000
0.000000
0.000000
5.887786
9.463848
12.629313
12.455907
11.820167
9.010712
8.011033
12.836306
2.183737
13.521206
0.000000
11.937691
27.717131
23.105434
1.698449
0.000000
0.000000
0.000000
0.000000
0.000000
7.022337
4.576873
5.410840
33.224091
27.738350
21.478554
15.897500
20.487251
15.678184
11.374001
16.401018
12.986584
12.539064
20.980509
34.684002
9.683248
0.000000
1.394951
3.782136
12.511992
6.799023
0.000000
3.787492
6.446601
2.664018
0.000000
0.000000
0.000000
25.904095
25.374947
1.142455
0.000000
0.000000
0.000000
0.000000
10.372302
8.873044
7.359476
6.040849
4.234299
4.272796
1.278651
0.000000
0.250845
2.801315
4.179342
6.513428
7.577145
5.635470
2.622501
11.180717
27.809938
14.224408
4.398730
2.836974
0.000000
53.314579
54.399635
19.243259
1.687681
4.376995
7.569595
0.000000
2.633121
8.153686
5.885795
0.000000
0.000000
0.000000
0.000000
0.000000
0.847838
0.000000
0.000000
0.000000
0.000000
0.000000
0.000000
0.000000
0.000000
0.000000
0.000000
0.000000
0.000000
0.000000
0.000000
0.000000
0.000000
0.000000
2.341123
2.154240
4.740099
2.950165
6.269213
2.818784
53.757130
49.199028
29.307594
53.071648
50.168808
58.151569
7.845930
6.054371
4.541835
1.564258
0.000000
0.000000
0.000000
1.053443
40.341232
36.351528
36.949001
44.078415
26.239122
4.142301
6.330394
8.091992
17.713587
3.043613
9.533422
2.447632
10.235409
4.411397
7.820523
5.134704
0.000000
0.000000
0.000000
0.000000
0.000000
0.000000
0.000000
16.384708
12.557909
8.668754
8.668754
8.668754
8.668754
8.668754
8.668754
8.668754
8.668754
8.668754
9.810637
9.756104
2.138398
13.969425
21.589485
19.875521
24.693821
29.313208
26.681808
0.000000
6.661013
12.329991
6.728990
4.336532
0.000000
41.653957
40.353638
38.816639
37.443893
34.540668
31.461340
29.431473
26.425602
28.485743
29.443472
27.076561
30.664154
28.796637
24.520515
29.884569
0.000000
0.000000
0.000000
0.000000
6.634455
2.398030
2.441862
3.293593
0.000000
0.000000
0.000000
0.000000
0.000000
0.000000
0.000000
0.000000
0.000000
0.000000
0.000000
0.000000
13.545983
11.496266
9.212763
6.931167
4.649569
2.367972
2.494003
3.627487
4.832206
5.069574
4.044944
2.046986
10.753015
9.861776
11.355592
13.383534
20.798107
15.186409
8.662476
4.616792
4.915932
5.080545
5.113031
1.278208
1.800462
6.183429
0.000000
0.000000
0.000000
42.432571
46.863506
52.639984
56.342476
39.245094
58.476418
35.578381
53.184616
62.366947
60.194511
64.235664
76.814949
72.631981
67.739670
73.567596
49.205414
63.933975
87.483597
84.974251
52.665764
52.449562
24.185749
18.857937
21.597420
47.468662
41.513817
45.043976
26.405779
34.690689
12.807107
25.821781
23.265352
74.706177
64.936630
60.940849
58.951767
53.529274
37.071075
46.629707
49.763634
56.242157
43.869057
47.524315
37.227440
31.794962
39.947571
24.405390
21.283335
64.829269
83.438126
108.382217
59.634487
25.304010
9.904449
12.650867
8.123679
14.200447
4.778687
41.928661
32.925617
27.876007
30.893764
29.429855
24.369829
23.950447
21.766680
45.828381
70.887306
30.040447
38.661018
62.200279
65.871834
80.270065
7.154256
16.781590
17.366100
14.508553
12.031396
30.646383
19.432655
14.596270
5.574002
12.662058
11.012293
3.639971
8.719150
51.366695
48.675781
11.375247
6.607666
8.041297
10.472305
12.912595
7.424563
16.455612
13.387415
11.396218
10.453155
14.007463
11.853823
9.134195
8.447863
18.294521
8.653099
1.051069
2.762370
2.873291
5.395373
1.024010
27.773394
72.241043
62.460384
62.445778
54.443447
110.099846
118.059982
93.443130
71.659546
71.107353
58.289024
15.661288
8.593183
16.664902
16.665621
0.000000
0.000000
0.417793
8.373481
2.970716
0.769537
2.310580
3.653450
0.000000
0.000000
3.319530
9.825741
2.488288
13.281176
12.026145
10.769588
9.695902
15.087025
6.602544
16.908054
17.726658
15.012612
16.668417
22.133804
31.000233
43.418583
47.815575
4.057376
8.807728
71.117157
68.508972
0.000000
75.743454
69.783783
79.360474
52.848087
68.450333
73.460945
52.245079
44.367287
61.007652
71.375557
73.655869
44.060104
61.273369
74.469666
88.162033
50.235863
66.178665
68.247604
50.510078
48.135303
48.228775
52.654182
32.181828
12.420047
28.730761
35.828846
38.146023
24.123957
33.279026
29.797935
22.877338
9.877187
21.113111
28.062790
35.851162
26.553888
26.615793
19.920973
16.715761
3.455726
14.100739
19.359310
24.766991
15.507359
16.346664
10.970970
46.792305
15.790135
32.054371
31.894045
44.896210
47.570927
8.478938
11.069667
8.525739
19.698278
15.647719
10.906956
15.074175
7.196048
37.944786
37.330505
43.693134
46.014736
49.088444
65.192902
65.815872
77.221199
101.172707
46.189484
61.375389
65.638870
77.655411
54.856098
73.044579
15.938245
20.687113
13.201568
20.400692
15.142474
16.062254
14.042757
13.942695
9.886630
10.661457
8.174923
15.523364
7.922032
5.315310
3.730103
0.000000
4.277808
2.091857
5.089878
15.752270
6.764275
3.339948
10.031221
2.649062
12.232370
16.475771
9.811772
11.475257
11.399941
5.495610
0.000000
0.000000
0.000000
0.000000
0.000000
0.000000
89.119629
77.563210
78.101601
6.634781
6.923028
7.195921
7.737992
11.422963
12.286860
13.357848
18.741581
18.746935
20.989416
11.531370
12.277040
15.738049
16.432323
5.212846
0.000000
14.895734
5.933771
0.000000
0.000000
0.000000
7.897444
0.000000
0.000000
0.000000
0.000000
0.000000
0.000000
0.000000
6.480842
6.055103
5.568005
5.357648
0.537230
0.000000
0.000000
0.000000
3.263962
2.823186
3.162070
8.875599
0.000000
0.000000
1.634437
0.000000
0.000000
0.000000
0.000000
0.000000
0.000000
0.000000
0.000000
0.000000
0.000000
0.000000
7.813954
0.000000
0.000000
17.035244
15.117463
14.663556
0.000000
0.000000
7.622629
6.577744
7.367377
8.184281
16.037315
0.000000
0.000000
4.047202
0.000000
0.367636
1.592072
11.325351
0.000000
0.000000
0.000000
0.000000
0.000000
0.000000
0.000000
0.000000
7.215837
5.149135
2.713285
0.460123
0.000000
0.000000
0.000000
0.000000
0.000000
13.698464
6.571677
8.437337
10.330267
0.000000
0.000000
0.000000
3.892398
5.854183
3.957774
1.980750
0.000000
0.000000
0.000000
0.000000
3.714357
2.735338
2.410103
2.078606
2.376850
4.902966
0.000000
0.000000
0.000000
0.000000
0.000000
0.000000
22.300318
15.103372
10.446267
16.327314
13.574101
0.000000
0.000000
0.875659
0.000000
0.000000
0.000000
23.139320
19.807613
7.621640
1.127557
3.058385
0.000000
2.666267
2.410006
1.699880
0.907387
0.333609
0.251242
0.086219
0.000000
0.354849
0.662522
0.468114
11.359433
12.961541
14.600555
16.403009
19.436588
13.710105
16.104427
16.611280
17.920225
19.526114
28.571646
43.554756
36.391106
33.295525
32.899117
28.426287
12.031212
17.811325
0.000000
15.362867
5.358546
2.049291
18.127996
14.084579
9.773192
9.615495
16.410564
16.441210
16.457409
16.623764
0.000000
0.000000
0.000000
0.000000
7.650526
6.413244
6.214154
5.908618
6.626000
9.329113
0.938025
9.826107
5.245741
4.421000
4.200611
4.141454
2.316253
0.000000
24.348743
0.000000
0.415944
8.776051
13.405134
0.000000
0.000000
0.000000
0.000000
0.000000
0.000000
0.000000
0.000000
0.000000
0.000000
0.000000
0.000000
0.000000
1.164172
0.631854
0.000000
6.919367
16.969318
0.000000
0.000000
0.000000
0.000000
4.799722
5.494884
6.069393
7.252582
0.000000
0.000000
0.000000
0.000000
0.000000
0.000000
0.000000
0.000000
0.000000
0.000000
0.000000
0.000000
0.000000
0.000000
0.000000
10.665689
7.237007
5.794055
0.000000
21.417484
12.440427
6.823902
9.667275
4.115753
6.377658
6.216428
7.103194
7.909345
8.864987
13.418694
16.745363
20.152649
0.000000
0.000000
0.000000
0.000000
0.000000
0.000000
0.000000
0.000000
0.000000
0.000000
0.000000
0.000000
0.000000
0.000000
0.000000
0.000000
0.000000
0.000000
0.000000
17.302782
12.234536
16.719826
1.520664
1.615398
1.691185
1.711869
1.882146
2.060821
1.833002
2.449920
1.632028
0.901074
0.000000
0.000000
0.000000
0.000000
1.630849
0.000000
9.652034
2.795524
8.543462
0.496426
0.000000
0.000000
0.000000
0.000000
0.000000
0.000000
0.000000
0.000000
0.000000
2.556614
2.217261
1.866456
1.523990
1.759970
2.139468
2.195513
1.495395
0.804012
0.652438
0.580048
0.751618
0.000000
0.562333
0.985700
0.330253
0.663652
0.728916
0.598020
0.374064
0.154444
0.000000
0.000000
0.000000
0.000000
0.000000
1.922472
0.000000
1.429398
1.462432
0.000000
0.000000
0.311433
5.996011
3.240965
0.322100
4.429574
1.949906
3.850506
1.319194
1.308645
1.673267
0.000000
1.650776
5.577561
0.000000
5.316327
0.079232
1.963024
0.000000
0.000000
0.000000
0.000000
0.000000
0.000000
0.234009
0.024756
0.000000
0.000000
0.000000
0.000000
0.000000
1.054018
0.000000
0.000000
0.000000
0.191931
0.000000
0.000000
2.039528
0.455571
0.000000
0.000000
0.000000
0.592078
0.457181
0.320122
0.000000
0.583073
0.339938
0.163245
0.000000
0.000000
0.000000
0.000000
0.000000
0.835129
0.000000
0.000000
1.023455
0.000000
0.000000
0.000000
0.000000
0.000000
0.000000
0.000000
2.120887
1.994097
2.269594
2.695801
0.659798
1.983707
2.839486
0.000000
0.023786
0.000000
0.610750
0.362123
0.006302
0.000000
0.000000
0.000000
0.000000
0.643501
0.155710
0.813256
0.000000
0.094651
0.262615
0.443002
1.521781
0.866123
0.000000
0.000000
0.000000
0.000000
0.000000
0.000000
7.156336
0.000000
0.000000
0.000000
0.000000
0.000000
0.000000
0.000000
0.429020
0.000000
0.000000
0.000000
0.000000
0.000000
0.000000
0.000000
0.000000
0.000000
0.000000
0.251081
0.000000
0.000000
0.000000
2.805420
2.128175
1.857115
1.713457
1.732092
1.977466
0.956063
1.920314
1.346689
1.201895
1.126107
1.069856
1.213667
2.344278
0.000000
2.442722
1.742060
1.050662
0.980951
0.000000
0.000000
2.333503
0.000000
0.000000
0.000000
0.000000
0.000000
0.000000
0.331542
3.785368
0.000000
0.270834
0.000000
0.000000
0.000000
0.000000
3.369977
1.231108
0.466225
0.000000
1.468000
1.519558
1.730821
2.101810
2.593474
0.000000
0.000000
3.599079
2.676980
0.000000
0.000000
4.693358
6.648408
0.540495
0.000000
0.908931
4.173020
0.000000
0.000000
0.000000
0.741323
0.413369
0.312153
1.580390
0.000000
0.000000
0.526852
0.852081
0.216499
0.473083
0.453546
0.560995
0.658675
0.683686
0.037494
0.000000
0.000000
0.689340
0.250766
0.000000
1.635370
1.370974
1.107794
0.839684
0.571575
0.303466
0.419552
0.000000
0.000000
0.000000
0.000000
0.000000
0.727193
0.296617
0.000000
0.000000
0.000000
0.000000
0.000000
6.909265
7.274109
7.390482
7.304798
7.235323
7.960128
9.533166
6.695773
2.531624
2.330427
29.153374
25.465326
21.315157
13.603129
43.889668
32.375824
41.972282
55.741676
74.954819
73.975258
61.113449
51.727371
112.540184
97.762177
68.334076
62.352329
75.514595
45.480774
46.980965
35.513515
32.677582
44.687439
35.309460
26.137522
22.276844
31.714745
31.622276
22.117010
16.227541
19.675707
25.838116
29.216228
11.137970
12.942680
15.271863
12.325050
9.668779
12.671457
6.098459
10.314889
8.785378
13.564157
5.991852
6.066768
6.051790
9.218151
20.402378
21.597168
1.708991
4.929903
13.814507
0.565142
0.000000
4.139096
14.195213
8.163611
9.489793
0.000000
4.186625
3.455268
2.185948
22.100451
17.997253
8.250505
0.000000
22.858894
12.007616
3.016554
45.890537
40.746681
26.398487
17.175676
12.402779
46.752121
23.243057
11.892383
18.729485
20.537779
12.360794
7.215440
9.367763
32.542583
9.642687
18.590942
10.089612
13.900921
3.422771
3.848782
21.364809
7.379371
4.836630
0.000000
0.000000
1.538292
7.384627
3.763103
0.000000
2.428177
7.124911
5.622266
0.876681
5.776112
14.655099
14.946187
18.354132
30.410397
33.892082
40.707733
15.022114
52.774216
10.754996
9.081851
25.871199
27.553457
8.341545
4.883285
33.471107
20.404133
14.957030
13.586865
0.348393
0.750934
9.106114
14.865706
0.248007
0.000000
0.000000
7.895535
0.000000
1.971422
5.107750
13.228940
12.064903
6.468545
3.248183
1.829728
6.220957
0.000000
0.955001
4.300892
3.424420
3.033731
7.018591
8.542593
2.173541
4.501143
5.586723
7.645861
1.081529
5.871242
2.617277
17.574287
7.014727
14.832079
22.816952
6.677984
15.044662
42.641632
28.397169
33.401249
45.986412
69.281929
60.855633
40.056683
37.354141
39.117638
34.769669
51.870445
36.185257
56.798031
33.242878
21.572939
22.787268
29.778154
28.140568
21.296824
15.501177
22.111988
17.587360
13.540094
16.324015
15.951976
20.786291
5.335840
18.106258
8.397916
24.356256
12.834574
15.504262
12.865583
17.816250
10.378603
8.549730
12.020055
16.688702
13.677054
9.769451
16.259924
18.434708
14.959177
11.901263
23.831802
11.776338
7.792674
7.241738
13.027089
0.576750
8.286838
17.025820
11.937756
22.754093
5.849713
16.460247
11.557968
0.000000
0.000000
25.134970
18.772291
12.857834
11.297119
16.487984
21.740772
19.375248
15.302064
20.474464
63.231083
44.009205
31.291260
25.388601
55.877617
20.335413
24.778267
13.532767
23.146011
30.241625
13.133275
10.351434
1.162859
6.625374
8.264750
5.633031
0.791366
0.951646
1.658298
5.267747
0.000000
0.000000
0.000000
22.962063
17.399748
14.065154
17.708696
13.852210
12.298381
10.293941
13.921786
9.999847
11.129569
10.186115
16.951965
20.984335
38.432594
50.335854
28.814976
29.229204
31.693802
33.195641
13.207254
13.470097
20.222595
4.205481
4.412731
4.578530
4.692625
8.532072
9.636586
11.486649
6.639832
6.680092
5.097108
0.000000
0.000000
0.000000
0.000000
0.000000
8.740267
0.000000
0.000000
0.000000
0.000000
2.790993
6.540658
0.000000
0.000000
0.000000
0.000000
0.000000
0.000000
0.000000
0.000000
0.739706
1.750938
3.622949
1.266695
0.000000
0.000000
0.000000
5.925539
10.368563
12.024103
0.000000
8.855332
17.636234
7.440581
19.973209
9.362532
13.626551
7.240593
9.197196
12.331754
11.757081
9.675653
7.768155
7.019552
17.509184
0.000000
0.000000
0.000000
17.631155
15.280839
14.519372
19.351812
0.000000
0.000000
0.000000
0.000000
0.000000
0.000000
26.643354
22.437174
6.886292
0.000000
4.303864
5.995982
4.169365
0.000000
0.000000
2.485755
0.000000
0.000000
0.000000
9.554062
30.419239
0.000000
0.000000
0.000000
0.000000
0.000000
0.000000
0.000000
0.000000
0.000000
10.771791
0.000000
0.000000
0.000000
19.459694
25.490721
0.000000
0.000000
0.000000
0.776800
7.489088
0.000000
0.000000
0.000000
9.234299
0.000000
0.000000
0.000000
0.000000
0.000000
0.000000
11.480622
0.000000
0.000000
0.000000
0.000000
0.000000
0.000000
0.000000
0.000000
0.000000
0.000000
5.287587
6.976096
18.649832
18.846222
12.363189
5.275256
14.870083
9.870856
8.247490
0.000000
0.000000
21.214947
3.510828
1.287775
0.232387
0.000000
0.000000
0.000000
0.000000
0.000000
0.000000
0.000000
27.832731
0.000000
0.000000
0.000000
0.000000
0.000000
11.533823
7.006323
10.347116
11.610929
12.428036
16.973078
23.397943
24.192350
23.997509
9.155085
9.920748
27.754105
3.758981
1.912719
8.819030
6.089177
15.496925
0.000000
0.000000
0.000000
0.000000
0.000000
0.000000
0.000000
2.310769
0.000000
0.000000
0.000000
0.000000
2.080558
2.604346
3.977267
4.037447
0.000000
7.627370
30.243679
12.369631
0.649082
15.453253
16.985935
20.202843
0.137681
4.770097
5.787936
4.642331
0.000000
0.000000
0.000000
1.639377
30.958124
17.266350
17.266350
17.266350
17.266350
17.266350
17.266350
17.266350
17.266350
17.266350
17.482203
31.530474
34.890736
0.000000
32.993622
21.759758
15.505607
16.416828
12.333197
11.582722
32.227676
0.000000
0.000000
1.543669
1.955179
0.000000
2.147956
3.621835
11.518031
5.943304
0.000000
7.197343
17.914394
12.554202
0.637001
3.416712
7.232048
12.152249
13.986569
0.000000
0.000000
0.000000
0.000000
0.000000
0.000000
0.000000
0.000000
0.000000
0.000000
0.000000
0.000000
0.000000
0.000000
0.000000
0.000000
0.000000
6.462050
1.842930
2.267911
4.623809
0.000000
0.000000
0.000000
0.000000
0.000000
0.000000
0.000000
0.000000
0.000000
0.000000
0.000000
0.000000
2.830529
0.000000
0.000000
0.000000
1.367358
3.108261
0.000000
5.519746
5.827627
6.073932
6.601658
6.037279
5.166797
6.239158
8.644403
13.222633
18.681314
8.553046
5.160060
5.441058
1.544892
18.738646
17.334570
1.272387
0.725727
0.000000
0.000000
0.000000
0.000000
0.000000
0.000000
0.000000
0.000000
0.000000
0.000000
0.000000
7.710670
6.888779
6.015617
5.296003
5.165032
5.211879
4.913004
3.952427
2.956105
2.463494
1.233398
0.000000
19.996332
0.000000
0.000000
0.000000
0.000000
0.000000
0.000000
0.000000
0.000000
0.000000
0.000000
0.000000
0.031568
0.000000
0.000000
5.322663
10.151873
2.105978
15.595654
28.584091
6.097334
0.726114
0.000000
0.000000
9.046097
1.798048
0.000000
10.827229
12.115662
11.429691
0.000000
1.067845
0.000000
0.000000
0.000000
0.000000
0.818398
4.057175
1.055925
0.000000
5.621936
5.904119
0.000000
0.000000
0.000000
0.000000
0.000000
0.000000
0.000000
0.000000
0.000000
0.000000
2.185039
0.000000
0.000000
11.471253
11.114603
0.000000
0.000000
0.000000
0.000000
0.000000
0.563944
0.378428
0.303783
2.833818
2.212583
0.000000
0.000000
4.119868
1.134613
0.000000
5.417614
3.627880
5.049003
0.000000
0.989234
4.420095
20.396749
0.000000
0.000000
0.000000
0.000000
0.385109
0.000000
11.177527
10.691365
9.715549
8.474653
0.593602
0.000000
0.000000
12.515925
9.962930
16.011349
3.676883
4.606598
12.383741
26.097210
8.989735
9.005806
17.611441
29.760750
9.435623
6.551200
3.856326
4.196045
5.254131
7.008795
8.950948
10.117152
14.934538
17.917238
21.681084
24.021786
26.114460
26.838186
28.555212
26.251019
27.875565
48.060608
45.783108
13.252705
14.022833
0.000000
11.962075
42.818916
40.215881
4.176435
0.000000
0.000000
0.000000
0.000000
0.000000
0.000000
0.000000
0.000000
0.000000
0.000000
0.000000
5.594785
6.908342
6.322449
5.911766
5.236106
3.824888
6.523198
2.902923
4.271646
4.249207
4.002901
3.550194
2.791009
3.064955
0.000000
0.000000
0.000000
0.000000
0.000000
15.783983
15.290256
14.825764
11.243140
11.243140
11.243140
11.243140
11.243140
11.243140
11.243140
11.243140
13.006031
0.541519
13.214796
6.277983
15.068468
23.032476
32.052860
0.000000
5.068453
16.182194
4.653495
6.182299
6.667400
11.520533
6.255273
6.480141
9.081809
10.606708
0.963179
3.269903
0.000000
1.406288
0.432146
2.484396
9.217729
6.186305
4.398704
3.323608
17.286293
8.531170
0.000000
0.000000
0.000000
0.000000
0.000000
0.000000
0.000000
0.000000
0.000000
0.000000
0.000000
0.000000
0.000000
0.000000
0.000000
0.000000
0.000000
0.000000
4.866793
0.640439
1.527533
1.241766
8.130848
2.759585
0.266493
0.000000
4.730682
0.000000
0.000000
1.606714
7.129824
9.956929
0.000000
0.000000
0.065260
0.000000
2.438893
0.000000
0.000000
0.000000
0.000000
0.000000
0.000000
0.000000
0.000000
0.000000
8.788108
0.000000
0.000000
16.934315
18.188494
20.788998
22.898254
13.240316
15.608412
13.378449
13.141260
12.820902
13.512483
13.455157
13.376670
28.323490
32.288261
34.712868
3.005431
0.000000
4.482695
0.000000
0.000000
0.000000
0.000000
0.000000
0.000000
0.000000
0.000000
0.000000
0.000000
0.000000
0.000000
3.954527
16.545019
0.000000
1.807149
0.000000
0.000000
1.188244
0.511268
0.000000
0.000000
0.243259
0.000000
0.000000
0.000000
0.000000
16.935127
0.000000
0.000000
10.649797
11.667177
13.266407
0.031917
0.000000
2.626772
0.000000
0.434673
0.000000
0.000000
0.000000
0.000000
0.000000
21.068169
3.707566
4.126813
0.835608
9.124164
3.776977
0.291758
15.735932
9.770684
7.885306
7.639817
0.000000
0.218659
1.317831
4.214526
0.000000
0.000000
0.000000
0.375150
0.000000
10.212189
0.000000
0.000000
0.940135
0.000000
1.507191
1.198992
6.992380
6.120067
7.991820
10.560643
13.146238
0.000000
0.000000
0.000000
0.000000
5.394722
4.231849
4.965899
6.891169
8.038841
17.008249
0.000000
5.285530
8.456736
4.661018
0.384612
7.031227
31.485411
0.724883
0.000000
13.224881
11.515642
14.339856
12.905396
0.000000
0.000000
0.000000
0.000000
0.000000
0.000000
0.000000
0.000000
0.000000
0.000000
0.000000
0.000000
0.000000
0.536170
0.000000
0.000000
0.000000
0.833334
0.000000
0.000000
10.828183
25.730000
17.282413
14.817576
12.331971
14.571822
0.000000
0.485145
1.119796
1.754275
2.271404
0.000000
0.000000
0.000000
0.000000
10.226817
3.412783
11.231326
23.799004
3.397837
29.646704
19.067482
19.011477
18.993296
19.660561
17.171305
11.937109
9.052327
16.797810
14.355457
14.287597
0.000000
0.000000
0.000000
9.297647
0.000000
0.000000
0.000000
0.000000
0.000000
4.464656
0.000000
7.803100
0.000000
0.000000
0.000000
0.000000
0.000000
0.000000
0.000000
0.502870
2.445648
4.271491
4.665814
15.903594
0.000000
0.000000
0.000000
0.000000
0.000000
0.000000
0.000000
0.000000
0.000000
0.000000
0.022484
0.000000
0.000000
14.281162
0.000000
2.294046
8.029881
0.000000
0.000000
4.487793
0.000000
8.414190
5.182657
7.453442
2.283857
19.160728
13.042285
20.204491
11.202682
15.322504
22.172106
12.714524
2.603408
7.737521
16.826750
18.731903
9.496525
10.277118
0.000000
17.530485
5.754999
0.000000
0.000000
3.069582
0.000000
0.000000
0.000000
6.003616
0.000000
0.000000
0.000000
0.000000
0.000000
0.000000
0.000000
0.997334
2.080379
14.156460
15.581351
17.344975
0.000000
0.000000
0.318211
1.646548
0.000000
2.431472
1.692764
7.612883
1.584250
3.908818
2.684267
3.556511
8.739905
6.793889
6.620203
6.759037
1.017093
0.000000
15.148220
6.706440
7.049269
7.323533
7.579458
7.758664
7.837277
7.435300
10.888744
10.236700
10.437490
0.000000
0.000000
0.000000
0.000000
0.000000
0.000000
2.016363
0.000000
0.000000
0.000000
0.000000
0.000000
0.000000
0.000000
0.000000
0.000000
0.000000
0.000000
0.000000
5.003201
5.345403
5.567646
6.526690
5.572745
4.557054
3.791339
3.905025
3.921187
3.372660
2.518856
5.296082
0.000000
0.000000
0.000000
3.605077
0.233311
0.000000
0.000000
0.852324
2.124342
2.343031
2.143153
1.997323
2.161963
5.307014
0.000000
0.000000
0.000000
3.116089
0.000000
0.000000
0.000000
5.664212
6.403403
6.300676
7.574327
8.857613
12.676084
0.000000
2.141299
3.000785
0.000000
0.000000
0.000000
0.000000
0.000000
0.000000
0.000000
0.000000
0.000000
0.000000
0.000000
0.000000
2.405066
3.718312
2.071832
0.454865
0.029577
0.029577
0.029577
0.029577
0.000000
5.523936
2.772777
4.743453
6.723764
0.000000
0.000000
7.299855
8.353571
8.480619
7.938200
7.335025
0.000000
0.000000
0.000000
1.020908
0.000000
0.000000
0.000000
0.000000
0.000000
0.000000
4.340374
0.792732
1.254717
0.000000
0.000000
0.000000
0.105179
0.000000
3.298420
0.000000
0.000000
0.000000
0.000000
0.731793
3.047887
3.483713
3.763108
8.085918
7.187072
6.465229
3.826977
2.253963
10.183916
4.208791
3.416539
3.067432
2.640124
2.339194
2.260993
1.120711
0.000000
0.000000
0.000000
15.062345
4.328230
3.456590
2.479508
1.581589
0.000000
9.172027
6.197781
5.724300
5.774188
6.074908
7.007524
8.018447
7.553781
7.030522
8.138830
7.487857
0.000000
0.000000
0.000000
0.000000
0.000000
0.000000
1.776931
1.751386
1.580768
1.898759
2.844701
2.789998
2.901530
2.976148
0.000000
0.000000
0.000000
0.000000
6.427778
6.750313
7.418171
7.212348
5.626395
1.554193
11.372553
0.000000
4.878649
5.361070
5.086807
4.934054
4.767528
3.497745
6.899485
5.191224
7.167631
9.137127
10.308962
0.000000
3.874217
1.752457
1.752457
1.752457
1.752457
1.752457
1.752457
1.752457
1.752457
1.752457
2.093478
1.428832
3.195860
0.000000
3.016914
0.000000
0.000000
0.000000
0.000000
0.000000
6.002896
0.000000
0.000000
1.075570
3.033974
0.000000
0.000000
0.000000
0.000000
0.000000
0.000000
0.000000
0.000000
0.000000
0.000000
0.000000
0.000000
0.000000
0.000000
0.000000
3.568558
5.129580
4.204356
2.343375
5.805614
5.347672
5.147515
1.749143
8.214888
4.897787
4.776276
5.444586
6.052141
7.285775
8.248895
7.816918
7.445696
3.307044
4.052977
5.159757
0.000000
0.000000
0.000000
0.000000
0.000000
0.000000
0.000000
0.000000
0.000000
0.000000
0.000000
0.000000
0.852459
0.000000
0.000000
0.000000
0.000000
0.442448
0.000000
0.000000
0.000000
0.000000
0.000000
0.000000
0.109489
0.308957
2.747273
1.952403
1.482404
3.474120
4.939260
6.057027
7.020453
0.000000
0.000000
11.900816
6.598824
1.206370
0.154457
0.000000
0.000000
0.000000
0.000000
0.000000
0.000000
0.000000
3.705374
3.893495
0.000000
0.000000
0.000000
0.000000
0.000000
0.000000
0.000000
0.000000
0.000000
0.000000
0.000000
3.390466
0.000000
0.000000
0.000000
5.876657
2.548146
1.591993
1.624793
2.567514
3.580077
3.442373
2.838397
2.288851
2.096715
5.826577
0.000000
0.000000
2.047163
0.000000
0.000000
0.000000
0.000000
7.042904
6.741713
4.949105
4.800878
4.679558
11.438373
0.000000
0.000000
0.000000
1.269883
3.179062
0.450736
0.071453
0.758843
0.696633
3.597476
0.891455
0.000000
0.000000
0.000000
0.000000
4.160936
5.778702
2.895887
0.449206
0.000000
0.000000
0.000000
0.000000
0.000000
3.204659
1.061063
4.527591
8.021024
0.000000
0.000000
9.052428
6.590891
4.440604
2.195664
0.000000
1.331893
1.117512
1.211018
5.562985
1.041897
0.000000
0.000000
0.000000
0.000000
0.000000
3.941906
0.609619
6.547316
0.000000
0.000000
3.809379
4.095475
8.423460
14.132617
6.422298
9.689081
0.000000
0.000000
0.000000
0.000000
0.000000
0.000000
0.000000
3.470137
28.867847
13.872972
0.000000
4.682411
0.000000
0.000000
0.801991
0.000000
0.000000
0.000000
0.000000
0.000000
0.000000
0.503136
3.050833
0.000000
0.000000
0.000000
0.000000
0.000000
3.626786
0.000000
0.000000
0.000000
0.000000
0.000000
0.000000
0.000000
0.000000
0.000000
0.000000
10.610322
3.840706
0.000000
2.734269
0.000000
0.000000
12.133779
11.006177
9.859310
8.654834
7.194823
5.948634
4.768043
3.594499
5.490300
3.708046
0.626769
4.821244
0.286165
0.000000
0.000000
0.000000
0.000000
0.000000
4.458393
0.000000
0.000000
0.000000
0.000000
0.000000
0.144702
1.002317
0.809732
4.049483
5.420969
6.807867
8.481723
0.000000
0.000000
1.989623
0.000000
0.000000
0.000000
0.000000
0.000000
0.000000
0.000000
0.000000
0.000000
1.484241
0.000000
0.000000
0.084510
0.000000
0.000000
0.000000
0.000000
0.000000
0.745165
0.000000
0.000000
0.000000
0.000000
0.000000
0.515265
2.475808
0.678223
0.259565
0.000000
1.860253
0.000000
0.000000
0.000000
0.000000
0.000000
0.000000
0.000000
0.000000
7.958227
8.249685
6.424669
5.622024
5.125752
5.987635
6.661779
3.258921
11.647783
6.312481
6.150989
7.039194
8.012040
8.603847
9.064534
4.678517
1.804230
0.024061
1.038320
0.000000
1.670637
1.466917
1.123468
0.834451
0.545433
0.256415
0.135105
0.144804
0.123683
0.000000
0.000000
0.000000
1.691286
0.000000
0.000000
0.000000
7.846970
12.200688
4.329924
9.489157
9.979994
10.372663
10.837659
12.650288
14.329133
19.373491
10.520271
16.158070
18.001240
0.000000
0.000000
0.000000
0.000000
0.000000
0.000000
7.687819
1.330006
0.000000
0.000000
0.000000
0.000000
0.000000
0.000000
0.012244
0.000000
0.000000
0.000000
0.000000
5.471654
6.434487
7.201927
9.237064
8.613731
8.140639
7.442089
6.517696
5.506707
4.721369
4.280445
7.905182
0.000000
0.000000
1.555536
5.730309
5.482627
5.274626
4.704634
4.193748
3.738891
2.957580
2.025835
1.100487
0.312780
0.269349
0.000000
0.000000
0.000000
5.443576
1.588029
0.000000
0.000000
7.512968
11.168294
11.650022
14.173012
16.686401
16.840279
0.000000
0.947517
6.134621
0.000000
0.000000
0.000000
0.000000
0.000000
0.000000
0.000000
0.506541
0.000000
0.000000
0.000000
0.000000
9.850844
6.245338
3.386688
0.641915
0.000000
0.000000
0.000000
0.000000
0.000000
2.571977
6.301772
8.783475
11.255577
0.000000
0.000000
15.714011
15.120790
14.897869
14.212420
13.425661
0.000000
0.000000
0.000000
0.000000
6.016485
0.382402
0.000000
0.000000
0.000000
0.000000
0.000000
0.000000
0.000000
0.216538
0.000000
0.000000
0.000000
8.013602
9.624559
8.710021
7.317616
0.000000
0.000000
3.725050
4.800203
5.781151
6.745621
7.368684
7.298604
6.524088
7.987388
6.975045
7.098066
5.485446
5.293378
5.308251
6.120885
5.201427
5.112860
2.983504
0.465248
0.000000
0.000000
18.191702
15.748414
14.301725
12.751415
11.292749
10.419178
12.492804
11.551071
10.995343
11.360823
12.128398
13.018444
14.751130
17.423269
20.473476
10.474070
16.123371
0.000000
0.000000
0.000000
0.000000
0.000000
0.000000
8.110336
7.354361
6.317749
5.329237
4.432773
4.337296
4.544308
4.648308
0.000000
0.000000
0.000000
0.000000
6.593435
8.966113
10.418840
10.218738
9.580784
8.648597
9.360281
7.617974
7.871339
7.568220
7.175551
6.985500
7.177735
7.685247
7.218730
10.243963
10.466212
10.738093
12.551816
0.000000
0.000000
0.000000
0.000000
0.000000
0.000000
0.000000
0.000000
0.000000
0.000000
0.000000
0.000000
1.666738
0.000000
0.000000
0.000000
0.000000
0.000000
0.000000
0.000000
3.935620
0.285985
1.298688
3.304250
5.070928
7.083980
0.000000
0.000000
4.572163
0.000000
0.000000
0.000000
0.000000
0.000000
0.000000
0.000000
0.000000
0.000000
0.000000
0.000000
0.000000
10.041176
8.695611
7.055812
6.669053
6.541325
7.603430
8.436936
8.128877
8.945948
7.936786
7.734168
8.848570
9.861661
12.045540
12.901281
11.292589
9.785206
9.657706
10.600237
12.395444
0.000000
0.000000
0.000000
0.000000
0.536737
0.000000
0.000000
0.000000
0.000000
0.000000
0.000000
0.000000
0.000000
0.000000
0.000000
0.000000
8.332495
8.013808
6.280552
1.144200
1.201565
1.247457
1.008706
0.996525
1.138380
6.715806
0.000000
0.000000
0.000000
0.000000
0.000000
0.000000
0.000000
0.000000
0.000000
0.000000
0.179188
1.945710
3.429375
8.907720
17.122021
0.000000
3.461034
13.108042
0.000000
2.968313
0.000000
0.000000
0.000000
0.000000
0.000000
0.878480
0.000000
0.000000
0.000000
0.000000
0.442504
0.350720
1.178219
4.034773
0.000000
3.598404
9.280188
0.000000
1.693074
2.806550
2.183857
0.360915
0.000000
0.000000
1.410120
0.000000
0.000000
0.000000
0.000000
4.793211
0.000000
21.838032
0.259693
0.000000
8.032512
12.571154
8.430055
11.786602
15.150299
18.401806
0.000000
0.000000
0.000000
1.605509
3.697315
0.000000
4.940254
12.953394
0.000000
1.897554
1.626249
0.000000
0.000000
2.653415
0.000000
0.000000
17.588736
3.486800
1.874915
0.458880
0.120441
0.120441
0.120441
0.120441
0.000000
15.801396
20.204746
15.376382
10.435828
0.000000
3.529017
0.000000
6.350385
10.238456
10.609084
10.931363
0.000000
0.000000
0.000000
0.000000
2.412576
2.020010
3.216276
3.385045
3.197387
6.696468
0.000000
0.000000
0.000000
8.977210
21.149025
4.481202
0.000000
0.000000
0.000000
9.632272
9.222018
0.000000
0.000000
0.000000
0.000000
0.000000
0.000000
9.748302
0.000000
0.000000
13.184334
12.319723
0.000000
0.824818
3.136691
5.581981
8.127991
10.012319
10.113039
8.396523
6.347513
1.758617
0.000000
4.653450
12.608418
9.617386
6.612131
3.401389
3.280187
0.000000
0.000000
0.000000
0.000000
0.000000
0.000000
0.081179
0.109349
2.081023
0.000000
0.000000
0.000000
0.000000
12.063497
0.000000
0.000000
0.000000
0.000000
0.000000
2.356882
9.436629
21.078571
22.624430
24.177448
25.783127
0.000000
0.000000
0.000000
0.000000
0.000000
0.000000
0.729557
0.993211
2.520579
7.217413
0.000000
8.698889
1.693951
0.683438
0.637546
0.688351
0.000000
0.000000
18.382071
0.000000
0.000000
0.962363
4.632311
0.000000
0.000000
0.000000
0.000000
0.000000
0.000000
0.000000
0.000000
0.000000
0.000000
0.000000
0.000000
0.000000
13.095471
5.180519
0.000000
0.000000
0.000000
3.290928
1.352819
0.000000
0.000000
2.630969
1.761082
0.384325
0.000000
0.000000
0.000000
0.000000
0.000000
0.000000
3.936363
0.000000
0.000000
0.000000
0.000000
0.000000
3.350343
0.000000
6.887576
3.967296
9.032710
4.868415
3.873587
0.000000
17.267351
9.322974
4.317496
8.775537
0.155614
4.006852
3.910155
4.441988
4.925473
6.371660
11.874520
16.930712
22.035252
0.000000
0.000000
0.000000
0.000000
0.000000
0.000000
0.000000
0.000000
0.000000
0.000000
0.000000
0.000000
0.000000
3.311775
8.660755
0.000000
0.000000
3.644071
11.417400
0.000000
0.000000
5.629887
2.374482
2.464159
2.463272
2.518297
0.000000
0.000000
0.000000
0.000000
0.000000
0.000000
32.084347
35.158741
37.787651
38.754032
32.962597
34.830814
23.794106
23.829639
23.655159
24.282055
23.768557
21.830008
32.232445
26.926493
22.680639
0.000000
0.000000
3.474431
8.419963
0.000000
0.000000
0.000000
0.000000
0.000000
0.000000
0.000000
0.000000
0.000000
0.000000
0.000000
0.000000
0.000000
4.695364
1.821176
15.421621
9.497454
6.103111
5.780275
10.537703
14.357384
9.762583
6.107801
6.882496
3.674468
10.213081
0.000000
3.149422
4.693819
10.466742
16.615194
25.228003
5.128432
2.369950
2.809720
5.688676
8.289449
6.273422
4.977926
7.016240
14.629824
5.164918
11.151764
19.781807
12.468650
6.632470
14.873467
11.352260
17.776131
1.471078
3.171084
5.100020
7.943568
16.682281
0.000000
0.000000
4.183974
1.053213
2.892625
2.808720
1.348457
3.444361
0.841414
3.598521
0.000000
1.425146
4.632132
11.421277
7.588339
10.062608
7.716224
11.185657
10.625766
18.103388
0.000000
4.757961
2.068827
2.497497
0.000000
0.301377
0.000000
0.000000
0.000000
0.314700
7.259158
1.261584
0.000000
0.000000
0.000000
0.000000
21.382715
31.128422
30.142115
7.752445
9.352512
22.502193
23.219006
15.454681
6.457112
6.929338
4.684095
0.273142
0.000000
6.557188
7.264318
0.756289
0.367650
0.000000
0.955948
0.000000
0.000000
1.890234
0.269783
0.000000
0.000000
0.000000
0.000000
19.200274
0.000000
0.000000
0.000000
0.000000
0.000000
1.048305
0.000000
0.000000
0.186118
0.942035
0.000000
0.000000
0.932022
3.514362
0.000000
0.000000
57.709549
44.156239
0.000000
43.601246
37.912697
40.271667
27.291769
25.479427
23.528929
20.038465
15.084868
17.542259
19.980982
22.229063
4.758644
5.046496
6.377185
13.095081
2.006109
6.255225
6.469326
2.974492
5.450741
9.909950
14.552266
12.032347
1.858104
7.797692
8.549979
6.685877
10.811769
14.564961
13.150838
11.746076
0.000000
5.536730
7.181258
1.671308
17.700428
13.697224
9.247889
24.426674
18.238951
18.264332
15.071356
16.772417
10.379707
13.985956
10.386226
29.211475
18.575586
7.724770
28.784664
30.995831
24.270580
6.698395
0.000000
23.296507
25.886559
10.620704
3.041535
4.578966
0.000000
20.787596
23.045605
21.552423
20.046864
17.677813
3.939937
16.022797
17.090086
21.429697
7.626930
7.356660
12.623339
12.026211
11.812830
2.925014
0.000000
8.204567
13.453857
6.346747
5.251562
6.351209
4.848982
6.201438
5.227666
1.968851
5.503551
4.364699
3.523605
3.702082
2.975024
1.894372
2.650058
17.338808
18.940773
21.558872
0.000000
0.000000
0.000000
0.000000
0.000000
0.374347
2.245326
2.703970
3.042780
1.574493
0.082459
0.000000
0.000000
0.000000
0.000000
0.000000
38.857903
38.160248
14.768470
26.852543
31.039219
34.475243
38.429596
47.212151
55.604877
72.208290
46.254780
58.881714
60.665932
26.034481
11.887592
26.261942
28.406113
22.227980
0.000000
13.486001
16.003307
8.979573
0.000000
3.742290
0.595692
1.504113
0.000000
0.000000
5.920063
8.050316
9.330128
10.068851
36.480530
33.203701
28.401957
26.655153
28.837751
22.919405
30.709856
32.496075
29.311813
32.354130
23.887917
7.790437
7.506666
30.882887
28.171934
32.734360
33.915161
42.479897
39.332787
38.186508
27.652859
34.430107
21.505192
43.661186
22.589155
40.332539
24.862564
53.344322
62.509071
28.494209
28.391300
22.565395
26.615063
5.741040
6.953167
19.276205
29.531883
29.868391
19.065372
29.520144
31.724718
34.386162
7.959593
3.608425
7.521851
11.586308
8.515721
14.810500
0.000000
5.356286
2.435557
8.515469
5.617217
2.702596
1.893644
3.504598
0.000000
0.000000
0.000000
1.552591
5.693869
0.612990
1.738447
3.467741
2.432523
0.000000
0.399543
8.172927
6.753365
3.328937
2.024779
2.920228
10.169522
1.561477
13.649532
14.613346
33.447720
35.595177
27.187857
25.692173
16.207256
10.790483
11.960041
4.312720
7.766184
9.027678
10.863807
7.911985
10.889637
13.882241
6.134366
0.172520
6.145969
11.836162
10.969150
7.095823
12.789159
51.725071
51.597176
45.750107
45.435760
41.461990
56.886803
47.302719
67.386940
62.982555
90.247612
57.033638
47.225933
55.258625
50.389946
39.256878
39.102707
35.030304
37.422276
43.567860
47.141872
16.345078
8.207178
7.498657
10.837173
17.149517
19.138790
28.481325
39.528992
49.467777
44.574692
40.147476
42.588943
51.050663
58.730686
74.839722
44.016808
71.725327
24.011574
18.718468
17.630077
11.558714
16.343075
11.799564
7.042303
6.447059
19.758030
6.630429
7.225992
6.224624
6.015720
0.000000
22.036957
10.337953
23.312010
13.266961
37.347546
32.190044
44.154911
32.545055
39.992901
32.152836
46.449291
42.893108
37.923386
36.141319
37.376339
29.866903
28.666187
31.145710
35.556290
26.250368
15.897625
8.138298
6.433792
5.066366
7.483541
0.461664
0.000000
2.858015
6.503796
0.000000
1.105711
1.629691
8.288569
0.028850
0.000000
31.058266
21.500874
14.009587
19.947977
25.664669
29.775080
36.308708
38.300552
42.910648
59.661072
27.138977
31.762642
47.468742
58.352428
5.646806
22.618217
11.552286
17.634953
0.000000
0.000000
13.974438
28.072626
4.593404
2.545172
0.000000
0.000000
0.000000
0.000000
0.265750
8.669509
0.000000
0.000000
0.000000
0.000000
0.000000
3.885507
0.000000
0.000000
0.000000
17.912333
1.549519
2.845257
0.000000
14.019432
5.251647
11.660007
6.452181
22.765110
7.432608
46.277256
48.457497
55.955482
44.310341
39.098480
34.431103
27.989281
21.676598
19.211420
18.242479
11.737983
14.497193
8.719041
14.188745
17.646196
11.972832
11.536238
13.684192
7.367178
0.495834
0.565593
2.139532
2.337098
4.461664
4.643940
7.579230
9.652235
12.407287
19.265360
66.405090
78.471077
95.429863
94.647217
101.619888
90.231934
96.913239
95.555931
91.450226
99.473770
91.836288
109.220192
100.994736
109.755814
91.263573
71.181961
66.022240
65.606232
58.840530
33.713837
33.257278
30.672544
24.492001
7.020692
12.681484
17.568985
13.265415
13.352715
12.412342
8.892673
12.201977
12.181720
11.582000
15.615746
21.998585
22.691742
18.617073
13.170821
15.461201
12.940690
19.445114
16.011021
24.233503
30.323730
32.998909
14.666446
16.309919
19.079268
24.957825
31.952801
46.352493
12.286543
13.369904
11.615411
15.579561
10.395171
5.366269
6.866507
10.976196
13.702022
8.969307
27.119949
40.649986
26.575962
28.675756
40.711281
45.775520
35.514408
40.158131
42.970524
34.888317
32.846821
21.402042
16.970734
13.883039
16.418663
12.103281
7.609879
7.204378
10.961290
13.879692
6.266958
6.931990
6.989350
4.062301
10.913996
0.474485
9.132778
18.874182
26.419125
24.976282
30.989563
30.698956
9.573958
6.047499
12.428083
7.783819
11.007779
6.257244
16.154722
11.912838
12.280211
11.975596
23.086060
20.815502
4.597613
6.269799
7.192312
5.653663
54.698639
37.812664
42.175903
20.095980
20.462879
20.355673
24.514139
0.000000
0.000000
2.537940
11.913149
10.935961
17.285517
18.936213
24.164032
21.974386
33.068985
22.692726
18.923491
24.297806
29.850010
29.426022
18.079676
39.593224
31.456936
45.918331
27.550148
69.632141
36.818153
39.163376
18.112741
21.830013
17.762596
28.314093
19.195427
12.640759
15.533009
14.643550
14.299673
12.362256
14.309738
14.791269
28.934423
26.706404
91.376389
75.246536
20.388308
81.548325
93.569107
98.009155
76.865158
91.867279
94.726013
101.131035
59.142353
88.867500
85.063148
101.360962
13.766701
48.280792
38.581921
65.132431
1.436250
21.782225
31.786129
31.012299
15.294333
12.404555
13.430571
19.455420
20.923569
11.894626
14.101506
13.304404
13.900884
15.243201
17.729345
22.905706
22.036919
32.937202
28.313881
48.098026
43.171848
41.133080
33.258480
35.329704
42.159351
31.084721
32.593666
28.221714
31.914053
29.013554
32.925953
17.037792
16.985741
13.806541
20.416027
24.845367
29.765932
2.623207
0.000000
9.511395
4.503116
5.241133
0.000000
13.493393
11.412342
33.420181
37.757431
33.597694
34.296490
33.025063
28.448072
39.002922
37.961639
35.300602
45.861675
50.970245
50.822800
45.340599
36.562664
37.203003
22.783211
54.202885
28.064445
30.949835
11.486815
17.760475
8.091032
3.232963
9.005736
9.361752
1.886905
6.514518
5.246511
5.084622
10.194373
12.998535
12.295942
29.286163
30.827774
44.565025
5.709910
10.474737
14.326031
22.661417
15.009244
18.505598
23.721893
25.861197
23.808367
19.192846
19.407610
10.728840
4.350953
1.822958
8.105602
6.626174
51.611115
51.822456
30.264431
4.343486
4.458704
4.498930
7.110559
13.678255
21.120575
27.704758
33.395054
34.297779
30.509720
38.271606
26.100245
30.653879
35.022640
9.326866
15.160152
12.716965
10.347359
7.631313
6.297677
8.192582
10.391305
0.000000
0.000000
0.000000
0.000000
0.000000
18.245884
17.624702
0.000000
0.000000
0.000000
0.000000
0.000000
0.000000
0.000000
6.249065
14.440341
16.199379
13.625182
0.000000
0.000000
6.410196
0.000000
28.626272
19.059425
8.642632
9.226735
10.780056
13.927094
13.110244
10.678246
8.429646
7.429397
21.018383
0.000000
0.000000
0.000000
0.860453
8.902478
17.175720
0.000000
0.000000
0.000000
0.000000
0.000000
0.000000
5.346779
5.902005
0.104416
9.854116
23.791794
40.356232
17.180811
14.536082
1.926948
6.710235
10.859638
0.000000
0.000000
1.888206
5.460855
23.261770
0.000000
0.000000
0.000000
0.000000
0.000000
0.000000
0.000000
0.000000
0.000000
11.222483
0.000000
0.000000
0.000000
3.599728
6.970579
0.000000
0.655491
0.000000
0.000000
0.000000
5.313900
4.464067
4.672869
18.039175
0.000000
0.000000
0.000000
0.000000
0.000000
0.000000
12.734566
1.266788
0.000000
0.000000
0.000000
0.000000
17.614407
28.837088
31.258640
0.000000
0.000000
7.067566
10.141770
6.013779
0.000000
0.000000
0.000000
12.068072
32.045055
48.515118
13.843382
4.724836
27.832233
11.415100
11.793791
16.291061
10.889933
4.139958
1.746362
3.505929
6.257344
11.054314
16.577576
27.377329
0.000000
1.408513
0.074873
0.000000
0.000000
10.094684
3.097650
4.271168
5.342371
8.770984
15.723778
22.072552
23.648605
22.332851
2.576979
9.434661
68.537781
36.879349
0.000000
39.801319
16.581148
23.966002
16.069937
12.712911
9.335881
7.821845
9.922643
10.279999
10.404031
10.649866
4.939823
13.099648
8.000929
27.115404
0.000000
0.000000
0.000000
0.000000
0.000000
0.000000
20.067173
0.000000
1.303197
8.783092
9.060781
7.142628
6.635271
1.650706
14.761735
0.000000
0.000000
0.000000
0.000000
0.000000
17.971622
7.520456
7.520456
7.520456
7.520456
7.520456
7.520456
7.520456
7.520456
7.520456
7.199539
23.763636
17.860952
0.000000
26.461548
28.928282
27.947231
1.560567
9.042931
0.000000
46.853935
7.596458
0.000000
5.007492
8.079513
28.710064
32.052975
15.146270
15.240586
13.154324
0.000000
9.624943
11.666394
14.575007
0.000000
1.268352
4.048495
8.095614
0.000000
0.000000
0.000000
0.000000
0.000000
0.000000
5.072254
0.318406
0.000000
0.000000
8.113440
0.000000
0.000000
0.000000
0.000000
0.000000
0.000000
0.706280
3.471938
0.000000
0.000000
0.000000
0.000000
0.000000
0.000000
0.000000
0.000000
0.000000
0.000000
0.000000
0.277305
0.000000
0.000000
0.000000
4.921349
0.000000
0.000000
0.000000
32.568584
36.356983
0.000000
4.404668
4.464639
3.818721
3.643698
0.000000
0.000000
0.000000
0.000000
0.000000
0.000000
17.921211
19.016914
21.080828
25.877483
17.871876
36.912395
0.000000
8.038289
24.703100
29.284473
27.895802
25.042156
54.004326
56.386162
51.583214
0.000000
8.480000
12.681068
9.235386
16.721792
19.501764
25.673975
36.602859
26.881763
31.508442
32.519386
39.393635
12.519834
12.234859
24.157860
18.162973
38.317787
15.418064
17.249165
12.869299
4.455978
2.029511
0.000000
1.498634
8.791962
8.433220
3.296516
4.747613
7.777405
4.657237
15.676877
3.947629
6.559916
34.952408
42.409302
45.056870
60.537476
7.010931
3.800195
5.897418
5.469026
8.534136
7.368691
33.521355
14.552601
4.672102
29.900549
19.378254
16.548437
5.716182
22.527428
16.935734
11.529609
18.219395
12.395687
14.405701
28.600552
39.800308
11.211233
12.456892
14.502071
24.118109
28.962553
22.350739
13.505831
17.145884
19.918938
18.404335
8.139914
3.071676
1.330937
39.045906
38.540375
4.193111
1.341635
5.576250
9.702549
21.785254
0.000000
9.627394
5.324846
3.737007
0.000000
2.115647
6.799868
8.782474
15.397735
31.046091
13.116182
10.385195
12.593294
11.044283
7.964377
33.961018
26.341530
12.527337
6.047935
9.979934
2.078777
59.378525
51.656155
30.932306
10.290689
11.307755
18.086710
2.857740
3.486427
3.718066
7.063224
5.296020
2.668015
0.000000
5.275628
0.000000
0.000000
0.000000
2.500309
8.209105
4.325550
0.000000
0.000000
10.334581
15.204116
10.449051
3.115550
6.917552
6.495846
0.000000
0.000000
0.000000
0.000000
0.431762
0.000000
3.973172
7.682489
1.403553
0.000000
0.000000
28.949139
30.009840
36.983719
37.858032
34.286156
46.818993
0.000000
0.000000
0.000000
0.392721
2.700652
2.903523
8.645292
14.065692
5.778107
0.000000
0.000000
20.420797
30.284302
18.041250
27.165627
19.476242
21.749762
23.540442
39.666538
33.877277
18.211309
20.918493
25.668724
29.366016
0.000000
9.668577
7.341759
12.364455
2.708477
0.182287
3.408184
29.834988
13.632764
16.108112
10.010173
11.018844
18.003206
23.616028
29.843981
32.989220
33.302025
33.207092
32.809132
34.113396
17.720375
57.386688
44.192440
37.853394
30.093008
54.482101
33.136894
58.736595
52.039635
44.459221
33.231190
18.617561
9.615905
48.046288
42.142986
43.728329
41.119091
38.884369
40.024345
29.968285
20.711683
25.462297
35.946655
31.780636
29.599998
37.471752
21.123310
47.859890
19.571247
27.691301
34.257790
39.704826
26.478928
24.571259
22.389423
25.970432
10.828824
3.384871
1.100559
6.883545
0.000000
3.075957
0.000000
0.000000
2.167281
28.384558
31.836477
34.678864
0.000000
0.000000
0.000000
0.000000
6.551173
5.490630
6.940387
5.828223
5.428144
4.153239
1.674312
0.000000
20.755642
20.688705
28.418924
33.699013
10.635326
9.305108
26.392998
4.784727
5.047039
5.256888
5.372317
5.272198
5.133658
3.903915
7.439572
5.665051
4.995346
0.000000
0.224741
0.000000
0.000000
7.435489
1.484961
13.354563
4.470050
12.944906
1.677627
0.000000
0.000000
1.408327
3.132874
0.000000
0.000000
2.755698
3.226133
0.000000
7.980180
6.934810
5.863015
4.766733
5.782220
7.311479
7.660629
5.191871
2.773163
2.491537
5.435743
0.263200
5.187663
3.804419
9.076971
5.939305
7.882497
7.920116
12.294912
3.907365
2.303736
8.406339
11.038986
10.356457
8.042789
10.107733
11.014862
14.753654
17.920832
16.742054
14.748949
14.611253
6.586829
3.321698
0.000000
1.021355
4.207283
6.878674
5.177041
8.404220
7.780407
7.851638
2.747648
0.591694
8.061797
7.415688
9.897458
4.096407
3.749177
3.354607
2.891646
0.000000
3.440941
1.440209
3.081950
3.487502
2.867759
0.000000
0.000000
0.000000
0.000000
0.000000
6.297569
3.712296
4.547996
0.153696
0.000000
2.452512
0.000000
1.564379
0.000000
4.292836
4.795121
3.273005
7.296712
6.935635
7.730072
6.494874
8.607028
11.871529
13.399551
12.850401
11.307873
15.333914
12.915836
11.597734
5.384167
9.736985
6.372864
9.925196
5.712310
10.560764
5.019478
4.885700
0.000000
4.947345
4.426414
9.355209
8.670822
9.246698
10.214496
0.016678
3.481388
5.523212
1.926816
2.556467
0.820543
4.548701
4.376173
1.748780
1.259828
0.909833
0.842955
1.401360
5.520153
7.359823
9.222324
0.792004
0.815224
3.109845
3.297151
3.277046
8.465261
8.497128
9.751930
4.113443
4.330985
4.525764
2.548344
0.000000
0.000000
0.000000
6.413455
2.354035
0.000000
0.000000
0.000000
0.000000
0.289745
7.208005
2.286124
14.756394
0.000000
6.557838
1.096583
0.000000
0.000000
0.000000
1.105351
0.000000
0.000000
0.000000
8.018943
6.571838
5.710280
5.291357
5.336298
5.995748
3.221971
5.830841
8.011494
3.874873
5.064922
4.491594
3.658600
7.627729
4.345251
12.256760
9.519874
9.619405
9.610397
18.096245
5.198115
4.286147
9.732437
10.217908
5.675876
6.770883
8.155958
10.628757
8.059150
3.539094
10.973290
1.519623
0.000000
4.205655
0.895071
1.299346
1.937133
7.499889
6.133097
7.682229
6.074176
6.884365
7.162109
7.701541
8.613799
0.000000
3.167550
4.806549
5.226299
4.369373
4.761666
4.028734
0.000000
1.680526
7.136083
5.427917
3.244790
6.252680
4.394856
7.525867
0.114085
1.882977
9.460254
5.727164
2.866842
1.794795
3.131417
0.236905
0.450460
7.431451
14.583868
7.032373
5.827291
4.078696
5.402059
1.154678
2.585021
12.463908
21.427940
12.012136
17.646723
17.785828
17.486446
14.319169
12.288893
14.918036
20.072744
16.423651
7.570592
10.056802
7.535861
8.799508
5.978687
11.104441
15.474582
10.834229
3.936541
5.305912
4.227087
3.206612
3.351491
4.955841
4.686172
6.291761
6.977628
12.636195
0.000000
0.000000
0.000000
9.187929
0.000000
0.000000
0.000000
6.649738
0.000000
0.000000
0.000000
0.000000
0.000000
0.000000
0.000000
0.000000
0.000000
0.000000
2.319321
6.552897
0.000000
0.000000
4.402588
3.581318
2.769637
1.766737
0.296942
0.000000
0.000000
0.000000
0.969397
0.801535
0.574498
0.469040
0.000000
2.547988
2.290844
9.195394
7.688426
7.084184
6.382313
9.559106
8.373255
13.879095
10.948609
10.190273
7.216782
7.151257
4.112585
11.847422
5.973965
4.564748
1.128319
1.420265
3.491424
10.104884
7.394742
9.966342
12.778719
15.506397
0.000000
6.887162
0.000000
9.523607
4.291101
7.523650
3.932648
5.954457
0.549638
3.120429
6.634093
3.817793
0.000000
2.470501
5.783146
1.574087
10.763321
3.137449
1.621023
0.258282
0.000000
0.000000
0.000000
0.000000
0.000000
10.940685
13.802445
11.026093
8.165043
0.000000
4.032172
0.000000
6.448207
0.647271
1.131093
0.000000
4.240786
3.389578
4.280818
6.188592
5.865562
3.918283
5.929935
6.445074
1.900363
1.711969
0.000000
0.000000
4.873933
2.631004
10.789020
6.289512
0.000000
0.000000
3.550881
1.532693
2.744761
5.813801
13.846562
0.000000
0.000000
0.000000
0.000000
2.314111
0.000000
0.000000
10.752285
9.140560
14.050946
1.940885
3.012459
7.838297
16.162146
8.116864
8.180579
8.937866
9.817442
8.885214
7.421823
0.000000
0.000000
0.000000
0.000000
0.000000
0.000000
0.000000
0.000000
0.000000
0.000000
0.000000
0.000000
0.000000
0.000000
3.824183
0.000000
0.000000
0.000000
0.000000
6.436615
2.651626
0.000000
0.000000
0.000000
1.680858
0.000000
0.397263
4.307741
3.514878
2.713450
1.989093
0.000000
0.844400
3.301241
0.000000
0.234579
2.992660
2.224748
1.976563
1.237289
0.000000
4.309591
0.000000
1.107830
1.410032
1.326101
1.337217
0.912972
0.000000
7.678917
0.000000
0.000000
0.000000
1.436856
0.000000
0.000000
0.000000
0.000000
0.000000
0.000000
0.000000
0.000000
0.000000
0.000000
0.000000
0.000000
6.523256
15.110218
0.000000
0.000000
0.000000
0.000000
6.036341
8.245911
0.000000
0.000000
3.497200
6.968707
10.029387
11.323785
3.876444
3.823097
0.828910
0.000000
4.216769
0.903917
0.000000
0.000000
3.059703
0.000000
0.000000
0.000000
0.000000
6.194965
0.000000
4.088130
4.437243
3.517632
0.000000
7.996011
5.492318
3.964049
2.246393
5.496276
3.754014
3.658969
4.181721
4.656951
4.843410
7.210899
7.499452
9.032478
5.255947
4.138646
7.438730
6.063869
10.973939
12.842051
13.919685
12.251532
16.803616
17.827271
14.597098
10.144760
12.024260
1.807349
6.376685
1.085697
0.000000
1.723415
8.391368
5.835588
0.567025
0.000000
6.110067
6.446431
6.715521
7.028620
6.850446
6.519441
0.000000
29.706779
16.353668
11.975255
0.000000
0.000000
4.273587
10.075276
0.000000
0.000000
0.000000
0.000000
0.000000
0.000000
0.000000
0.000000
1.723446
12.964043
10.893081
14.875758
11.104733
35.410263
25.492142
29.317850
19.004364
28.687477
34.237259
30.210634
20.535391
31.609684
39.375839
27.649521
14.088340
23.055717
26.076771
26.943779
11.324298
19.673412
13.408664
4.057944
1.287713
10.086756
6.664752
3.345712
0.017564
7.638973
3.989868
2.074436
1.039665
27.117556
2.873060
11.507945
1.725439
6.484369
10.909653
0.000000
1.127739
4.733657
0.000000
0.546026
0.000000
17.474028
21.469925
14.668311
11.607802
1.289120
3.936512
0.000000
2.324833
6.857608
0.000000
0.000000
1.248570
15.866641
0.000000
1.573219
15.245479
21.895943
0.000000
0.000000
8.056391
27.153080
7.200417
0.299211
8.099606
25.293865
2.796826
0.000000
0.628954
8.429006
4.386505
1.316857
0.000000
2.091684
1.105282
0.603230
0.000000
10.090484
9.772245
6.807900
1.526670
9.391786
7.330010
7.289553
1.988315
8.169712
7.933534
3.380717
0.194216
10.976393
5.145780
4.732733
12.087629
21.814468
4.891523
3.573575
9.749158
5.735692
8.632299
8.017766
18.311771
14.279749
15.651461
16.550566
6.849656
14.977793
21.531792
0.000000
0.163014
0.000000
2.083324
0.000000
0.000000
0.000000
0.000000
0.000000
0.000000
0.000000
0.000000
5.389815
0.000000
0.286311
3.103623
6.041458
8.993247
12.513848
6.263867
9.705226
11.337931
12.316180
13.248543
10.817713
7.168171
5.153747
0.624594
3.843979
0.000000
8.534171
8.315671
0.000000
13.919535
0.000000
0.000000
0.000000
0.000000
0.000000
0.000000
9.585608
0.000000
0.000000
0.000000
29.304491
0.387573
0.696732
19.176968
45.656799
18.067398
7.687695
9.868245
27.718452
24.016201
7.484722
24.336445
19.579559
23.757095
15.687069
24.093622
12.020817
25.512123
9.125017
26.951273
4.724526
1.856907
0.000000
19.294458
2.086375
2.247105
2.247105
7.328509
7.172266
3.944976
10.539009
10.423641
12.163490
13.153721
19.967443
7.826141
10.367389
27.372303
20.871523
13.615805
20.654385
22.934427
25.646624
0.000000
17.455566
27.513241
25.436165
19.892521
18.921486
13.211882
5.080520
8.393099
5.632310
0.756916
2.130874
0.000000
0.000000
0.000000
1.148042
0.205010
0.000000
3.271677
0.000000
4.014554
0.000000
0.000000
0.000000
2.816811
0.000000
0.000000
0.000000
0.000000
0.000000
0.000000
0.000000
0.000000
0.000000
0.895676
0.000000
0.000000
0.000000
0.000000
0.000000
0.000000
15.745829
11.387510
9.270463
7.111729
11.571301
3.521994
1.815138
0.113487
8.697973
2.812433
3.674682
3.048914
21.646603
10.247989
6.171620
7.722650
4.244524
2.061922
4.934845
11.675837
13.835636
15.084375
14.190431
13.396322
13.836366
14.352079
10.040464
10.163260
8.879075
0.000000
0.000000
0.000000
0.000000
0.000000
0.000000
0.000000
0.000000
0.000000
0.000000
0.000000
0.000000
0.000000
0.000000
0.000000
0.000000
0.000000
0.000000
0.000000
14.722256
13.484977
12.123253
11.260505
10.736651
10.488011
9.746039
8.188680
6.540672
5.547023
3.513306
0.000000
13.324408
9.091281
2.008352
4.933542
3.067578
2.484145
2.304212
2.631401
3.805593
5.975414
8.696519
10.913124
9.522419
10.345059
0.000000
0.000000
0.939012
1.267667
1.304291
1.184924
23.950092
0.373679
0.000000
0.000000
0.000000
0.000000
0.000000
25.430145
23.096100
19.669956
0.000000
0.595409
0.280192
0.000000
0.000000
0.000000
0.000000
0.000000
0.000000
0.000000
3.653469
12.678549
0.000000
0.000000
0.000000
0.000000
0.000000
0.000000
0.000000
0.000000
0.000000
0.000000
0.000000
0.000000
0.000000
13.720553
13.421173
0.000000
0.000000
0.000000
0.000000
1.135962
0.398091
0.510831
0.000000
2.921103
0.000000
0.000000
0.000000
0.000000
0.000000
0.000000
0.000000
0.000000
0.179858
0.000000
0.180737
3.246827
0.000000
0.000000
0.000000
0.000000
0.000000
0.000000
0.000000
26.910978
24.484352
21.182766
17.949450
10.554694
12.669472
13.445895
7.693380
6.428593
10.669794
6.767077
6.022825
5.608014
5.061432
4.684439
4.552669
4.539845
4.526064
4.802650
5.818099
8.437159
1.723546
1.618558
1.482004
3.481670
0.172885
5.912420
6.750962
9.123425
9.677051
9.993326
9.463007
17.535866
10.910844
12.277463
7.209063
9.037949
0.000000
0.000000
1.316018
0.000000
0.000000
0.000000
0.000000
0.000000
0.000000
0.000000
0.000000
0.000000
0.000000
0.000000
0.000000
0.000000
0.000000
0.000000
14.729833
13.987062
13.246846
12.502565
11.161014
8.378420
13.646866
6.540045
9.207247
9.149000
8.652176
7.914315
6.788294
8.023548
1.003283
0.982903
0.000000
0.000000
0.000000
11.792535
14.106662
9.049365
9.049365
9.049365
9.049365
9.049365
9.049365
9.049365
9.049365
9.049365
8.969628
15.187566
12.286112
6.887071
13.038338
7.769992
3.961908
26.406361
21.652452
22.140903
19.971193
12.822284
15.121324
24.408348
23.435776
0.000000
0.000000
5.293708
2.108944
0.000000
0.000000
6.267074
6.300452
2.611601
0.000000
0.279749
4.698340
4.434154
6.866528
5.756649
0.000000
0.000000
0.000000
0.000000
0.000000
0.000000
0.000000
0.000000
0.000000
0.000000
0.000000
0.000000
0.000000
0.000000
0.000000
0.000000
0.000000
0.639400
1.202099
1.055636
0.847961
0.732586
0.572052
0.442846
0.313640
0.184434
0.000000
0.000000
0.000000
0.000000
0.000000
0.000000
1.085476
1.874602
0.940216
0.159248
0.000000
0.000000
0.000000
