-0.259347
-0.435872
-0.747933
-1.251765
-4.126872
-4.350474
-4.063757
-11.576107
-14.368428
-16.786140
-15.859716
-24.310057
-30.706562
-34.622860
-29.183846
-41.125515
-36.949810
-42.907841
-42.614342
-50.075729
-46.062092
-48.955708
-42.442257
-56.371891
-47.161488
-48.382114
-43.846153
-51.258926
-42.424454
-28.123432
-30.682207
-32.669731
-24.831703
-12.279743
-20.760555
-23.248566
-16.028004
-7.911329
-20.528059
-23.396553
-15.936472
-15.340410
-21.293131
-23.800598
-16.577618
-12.277212
-14.002038
-16.297529
-14.943431
-4.949805
-8.873324
-10.851913
-13.108476
-3.995286
-10.891678
-12.426321
-14.233491
-8.146109
-10.800933
-16.502443
-11.970499
-7.112453
-8.280531
-14.328314
-11.300566
-4.607759
-3.239702
-11.557291
-8.226802
-2.962005
-1.387171
-16.156033
-10.920339
-3.328314
-8.465831
-17.468515
-13.921685
-5.341610
-18.833689
-23.728506
-16.607073
-13.587168
-20.713673
-16.415878
-7.798492
-6.850008
-10.085946
-11.359980
-7.426913
-10.459704
-5.518052
-10.103345
-6.476374
-6.838601
-4.675012
-8.760624
-11.758759
-6.281363
-4.226528
-13.660796
-9.751790
-7.301716
-10.504119
-15.018907
-6.188207
-5.710420
-18.407190
-15.327837
-2.172109
-3.353606
-17.240908
-16.446011
-1.088246
-1.870883
-13.798219
-14.883249
-5.310445
-7.772171
-14.629701
-13.188582
-7.297967
-5.922129
-8.934050
-16.904814
-23.513708
-21.292381
1.083683
-16.712156
-16.471453
-11.782937
3.389605
-23.630138
-16.850496
-6.852769
-1.711391
-32.137440
-14.334639
-4.973080
-13.430629
-36.139248
-14.325742
-6.547373
-13.574422
-30.913315
-12.303201
-14.900403
-18.980911
-31.831743
-19.828312
-21.388367
-28.663969
-28.625732
-25.327028
-26.497120
-34.206547
-33.121235
-33.051537
-34.021011
-41.486130
-42.355488
-40.017628
-47.597649
-50.570194
-62.418747
-57.232643
-57.188583
-63.715256
-70.594215
-63.289970
-51.533733
-66.596169
-67.166740
-63.351974
-46.158566
-65.023132
-58.144646
-54.408989
-34.827579
-59.293972
-47.997066
-50.126617
-5.551764
-34.352074
-26.470407
-29.318478
-0.817554
-19.005619
-18.865788
-20.583721
0.591741
-9.670506
-13.555228
-16.036240
-4.688532
-12.114677
-14.395516
-15.956051
-13.194999
-18.055660
-18.238485
-19.205414
-18.278038
-24.284174
-21.632425
-20.616899
-24.304398
-30.143513
-27.222118
-21.229132
-26.874886
-32.839386
-28.816854
-16.581429
-23.562895
-30.039980
-29.414795
-17.593981
-15.762444
-11.002934
-16.127333
-14.404761
-11.506680
1.329374
-4.819418
-12.250667
-10.516279
-1.132739
-9.651327
-11.270000
-10.076131
-10.281038
-10.871099
-13.203327
-13.318583
-12.331688
-7.304418
-12.178806
-14.060577
-14.392814
-7.260069
-13.672678
-6.743826
-16.087740
-10.634192
-17.525450
-6.638694
-18.711176
-15.297637
-19.001062
-6.155488
-19.872169
-15.192259
-23.257656
-11.990108
-20.242220
-15.673653
-23.382309
-17.730003
-20.963800
-16.920183
-22.529167
-18.626501
-20.577204
-19.159418
-23.327469
-16.017288
-18.901503
-18.090408
-21.763746
-14.935623
-17.529667
-16.591612
-20.067030
-12.185720
-15.704966
-16.249002
-21.049374
-11.714333
-12.086153
-10.597392
-1.513909
-1.578964
-1.650738
-1.496201
-0.676665
-0.044354
1.035393
3.431371
2.229289
3.091757
-0.014206
0.482467
5.970409
8.620869
-6.196573
-11.355183
3.038801
3.735944
-10.025300
-15.040456
-1.543021
-4.191987
-13.275783
-13.545291
-9.602416
-5.058614
-9.772132
-8.980966
-10.561959
-5.306848
-8.197611
-3.094252
-4.657810
-0.332727
-4.685605
0.644836
-2.014994
-2.495559
-10.017348
-6.037377
-7.686499
-8.808647
-13.898499
-13.134210
-11.506444
-10.015379
-11.320160
-12.406215
-9.505803
-5.628754
-3.775614
-5.329043
0.075701
5.566752
8.673594
5.620511
10.502073
17.248806
11.734567
7.933188
10.328047
14.775912
8.807068
9.030938
9.862360
11.504042
6.246743
13.144615
7.372602
4.028757
4.490049
8.693739
6.179169
5.232789
1.021480
-1.337532
-0.674135
1.557787
-6.219077
-5.623603
0.330742
1.836860
-7.114270
-2.157063
3.830659
2.184797
-2.427789
-6.006608
-3.155285
-0.203388
-0.994472
-7.499814
-6.209157
-1.982772
2.970646
-2.973684
-6.365836
-8.184979
5.190468
-1.292588
-4.325118
-7.762002
5.529140
1.202402
0.260643
-4.350113
5.801454
-0.150819
1.992256
-2.578510
8.392421
1.224140
-1.207316
0.416375
5.267342
-1.024017
-6.757516
-0.819928
0.033578
-4.889867
-6.610261
0.624584
-3.181419
-3.788474
-10.000176
1.014610
1.035107
-1.209264
-5.810305
4.512992
3.540623
5.115287
4.880102
9.682589
0.944839
17.926910
-1.083252
2.421563
-2.671363
20.084499
-2.805992
-4.118285
-3.961543
17.211792
-4.560472
-10.681928
-5.950152
8.640780
-6.476538
-10.796403
-2.430743
0.801384
-3.437922
-6.095273
-2.317796
-7.134883
1.396644
0.026266
0.590942
-3.248156
4.792314
5.284293
7.604979
10.329704
11.360481
6.040370
13.271077
15.052105
5.010078
1.524330
10.950521
17.612179
4.164071
0.556494
9.394368
17.650347
6.277366
9.702361
16.026638
20.566683
12.729507
11.331774
20.497221
22.035851
18.195862
11.279033
22.559380
23.817432
20.334970
5.140368
15.267260
14.002064
10.279166
-4.286222
4.627571
0.218996
-1.259498
-12.558748
-8.370708
-13.125702
-14.008047
-13.703135
-13.183671
-19.061893
-12.857345
-12.704682
-13.953797
-21.390924
-5.154033
-5.200711
-8.116422
-14.976182
1.415970
1.631410
2.066764
-1.978126
8.645176
12.897794
2.134786
7.120847
11.297441
23.735437
2.108430
11.858306
11.891332
27.334906
5.258869
18.456850
12.880407
21.342920
2.499802
5.887250
7.204528
11.797788
6.266789
-10.644471
-2.742068
0.419337
0.224308
-16.174988
-12.455947
-2.152649
-7.334381
-17.945290
-14.886332
-6.515566
-5.581497
-13.442465
-14.187088
-9.048367
-7.206380
-3.293897
-10.534145
-7.614326
-7.373908
-0.288364
-9.134196
-5.093973
-1.034023
4.722162
-1.811325
0.014144
1.503934
8.274623
4.019689
-0.288190
2.614802
7.998683
7.649772
1.477341
6.264183
7.010410
7.837731
0.665659
5.816694
5.303806
4.336241
3.691114
7.606313
1.572282
2.832649
2.931141
2.945745
2.695927
6.532808
7.108425
8.517737
0.523748
6.252367
5.705095
8.324596
-2.532770
5.442542
4.763665
10.120716
-4.966146
0.296201
-0.337610
0.507872
-17.503996
-13.178144
-15.866159
-16.719307
-27.032375
-23.027164
-25.774515
-24.163986
-31.084074
-24.728559
-20.000385
-18.858541
-24.691956
-19.427742
-6.236415
-3.900925
-13.145838
-9.252094
3.438423
-0.050439
-7.132408
-4.157649
8.522131
4.216979
0.359316
1.929047
2.073729
4.686940
0.781241
1.916997
1.597749
4.720728
2.338481
3.827242
3.704095
6.384175
3.588143
7.958673
4.354591
5.259506
3.006774
8.414022
3.813985
3.817579
2.132571
5.211491
4.265937
2.336548
2.819057
9.042253
8.432315
4.255317
0.063492
11.550156
14.343991
3.282087
-1.022310
5.908449
7.927262
4.484680
-2.735331
1.786774
6.233508
4.650907
-3.696577
-2.533797
2.729858
2.902652
-1.358902
-3.528255
0.920663
4.016155
-1.998315
-2.465277
1.246843
5.438175
0.877815
0.455896
2.292504
8.710550
-1.730719
-0.494594
0.958462
5.283023
-2.302567
-0.835752
-0.397712
3.463885
0.860059
-0.377605
0.864376
0.817130
3.601424
-0.583222
-1.070241
1.287224
5.014231
-2.619607
-3.242107
0.785839
9.215944
-2.635069
-2.444312
2.351229
7.273452
-5.403194
-4.486317
7.856189
10.374985
-1.746529
-1.492442
11.989839
13.835292
2.368060
-0.760652
12.821477
16.534676
2.502294
-1.156373
11.874934
17.431820
8.185369
1.428997
5.830334
11.310930
2.266029
-5.001964
-2.811324
1.437034
-2.801574
-9.269605
-9.601617
-5.665552
-6.917499
-11.316636
-14.857241
-12.644821
-12.445948
-14.946013
-18.179825
-15.599408
-12.118820
-18.147491
-22.680956
-16.233168
-14.994772
-21.082577
-23.140680
-16.261032
-16.311121
-18.879053
-27.664648
-19.563723
-19.197060
-20.986477
-34.256756
-28.399132
-28.113256
-14.069582
-32.901894
-27.161608
-27.348639
-3.581223
-19.887041
-15.451127
-16.080843
1.499105
-7.581815
-6.531061
-9.975870
6.274703
2.645803
-2.627110
-3.702571
10.703036
11.179593
1.805719
1.015126
5.818571
1.257842
-4.675778
-2.933258
3.567681
-3.070123
-7.600023
-5.216204
-0.141926
-7.116050
-11.569994
-6.841191
-1.069459
-5.971366
-10.936399
0.160109
2.399709
-2.800407
-2.438574
5.023504
3.228153
1.636004
0.971547
7.301753
2.653313
9.660833
5.909063
9.249509
3.186454
11.352035
9.016582
5.070986
3.748362
9.867298
7.160139
1.600443
1.941402
3.291819
4.308388
0.671205
-3.577694
-5.998436
-3.501937
-2.765431
-4.224938
-4.922612
-0.619119
0.984735
-0.200309
1.083491
2.050457
3.012411
1.500519
2.265780
2.939042
4.899458
0.876958
2.679196
2.921137
3.250840
-4.036669
-0.706076
1.452898
0.923519
-3.367505
1.104229
2.789734
1.868878
1.882679
4.607117
6.240408
2.347349
7.031766
6.572800
8.108656
2.463971
10.170017
7.273567
7.527103
0.804703
11.667211
8.037194
5.562342
-4.440058
-4.796799
-5.157790
-5.411271
-4.535406
-5.244296
-6.916756
-10.909169
-8.322334
-9.289101
-3.678594
-11.520268
-10.421165
-13.033762
-8.340560
-15.005046
-12.703069
-14.675176
-15.186519
-23.714703
-20.873550
-23.562443
-28.915874
-38.788086
-29.120415
-28.839573
-38.139500
-46.660301
-29.094181
-26.295912
-41.989162
-48.668335
-27.506870
-18.467644
-40.338413
-40.656075
-30.441334
-21.033430
-35.499805
-33.630466
-31.614595
-19.221483
-26.075287
-23.423122
-26.498438
-11.321452
-10.296340
-10.426176
-10.463283
-6.068899
-7.339165
-7.921459
-12.813762
-10.138032
-6.708990
-7.176498
-12.419621
-16.941010
-6.454639
-9.839413
-15.583018
-13.720701
-5.506433
-7.096159
-11.400670
-5.974686
-5.530752
-7.352057
-12.417071
-4.392463
-4.723468
-3.483278
-3.636482
1.127857
-0.012980
-1.409650
-3.223297
-1.466448
-5.413490
-0.132184
-1.499041
-3.180842
-5.450955
-3.141410
-8.029329
-6.460412
-6.590191
-10.216444
-12.798619
-8.754912
-8.372342
-11.136812
-15.532563
-11.818100
-16.096289
-15.246135
-15.632406
-13.851509
-15.763616
-13.367901
-12.750407
-10.730578
-9.968529
-10.787297
-11.672937
-8.667882
-3.982405
-8.252449
-5.432478
-1.720970
-0.322172
-5.294991
-8.531555
-4.333865
-4.647712
-3.308075
-6.007291
-2.964795
-8.725125
-13.057516
-7.407396
-4.180194
-11.053576
-15.372646
-9.232831
-8.946454
-12.057689
-21.787354
-18.459120
-18.172970
-10.932028
-22.922573
-15.893858
-15.893200
-12.507604
-25.297525
-16.382917
-16.757322
-5.421484
-8.798436
-10.140341
-13.890150
-3.543686
-3.088854
-5.670996
-10.988945
-6.941606
-8.247780
-5.637322
-9.524351
-10.683928
-13.636950
-7.166807
-11.048923
-15.022151
-15.640904
-10.598128
-14.474500
-18.617489
-24.172989
-21.192108
-27.222837
-25.665752
-30.540655
-27.311840
-23.521986
-29.654715
-34.803589
-33.688839
-17.837837
-32.271156
-38.282574
-34.769230
-14.680251
-32.838406
-40.011314
-38.985027
-15.091303
-32.619076
-39.114799
-46.665489
-15.720514
-26.099144
-33.949368
-38.650890
-12.686336
-11.126248
-23.901951
-22.671452
-16.271822
-10.347659
-20.790083
-19.250668
-19.811445
-11.953753
-22.379299
-18.488104
-18.302624
-15.311820
-20.107506
-15.613194
-14.599403
-15.543157
-19.922974
-15.381907
-10.234547
-11.176822
-15.497967
-9.462989
-11.593884
-10.612561
-17.351162
-13.529476
-19.056520
-16.582825
-26.929071
-13.083219
-20.494566
-22.805199
-28.880453
-18.381292
-27.608074
-14.360725
-21.201555
-10.139678
-18.315281
-11.352376
-15.966025
-6.795880
-9.145835
-11.959931
-15.074012
-8.121799
-3.451539
-15.942492
-27.385481
-17.932928
-7.085268
-19.893423
-29.424370
-24.487476
-9.418745
-27.653360
-33.373306
-30.277590
-15.859246
-28.628366
-36.671940
-36.827618
-18.914545
-29.399494
-35.799900
-40.554356
-19.024504
-26.767660
-24.570787
-34.412945
-17.933046
-17.408802
-12.294546
-19.689714
-13.267308
-7.898880
-1.902649
-3.856751
-9.968843
-4.527892
-1.651291
1.723844
-9.902859
-5.510514
-4.142105
-1.932855
-11.326364
-7.197366
-6.949737
-6.734365
-12.309627
-7.431913
-8.623003
0.972897
0.936826
0.870562
0.774695
-8.310000
-8.787354
-8.929952
-16.060261
-23.003450
-27.275135
-33.900692
-22.447088
-31.076843
-35.627819
-27.953775
-17.215118
-20.075241
-23.048876
-25.204027
-13.741048
-19.810343
-17.967865
-18.754276
-11.446528
-12.093812
-11.971373
-15.892741
-14.150305
-11.600230
-0.453978
-4.203361
-4.170992
-3.086709
-6.448383
-8.335487
-10.674912
-7.620057
-15.430689
-20.615911
-20.674728
-18.401104
-22.432199
-25.924799
-24.785263
-18.227690
-15.981578
-21.601677
-21.121763
-21.238682
-11.278415
-18.262022
-15.881778
-19.806068
-12.319737
-16.651907
-15.464300
-15.161816
-11.542126
-10.022275
-8.773453
-15.621341
-7.410405
-6.367125
-6.615139
-16.613771
-9.029014
-5.448397
-9.337001
-12.192169
-9.392646
-2.841460
-15.079267
-14.079228
-13.801535
-9.530849
-4.779304
-3.220089
-11.965913
-11.684040
-4.916047
-5.139369
-15.163432
-6.465399
-3.648926
-5.794663
-14.244596
-3.476904
-7.339301
-5.699367
-11.331962
-5.317121
-8.806273
-5.760070
-6.922290
-12.381104
-13.058099
-4.954129
-8.786442
-10.214102
-13.947279
-4.304335
-8.050148
-12.721401
-18.737099
-4.438162
-8.699244
-15.722822
-17.704145
-2.075518
-5.357003
-12.936431
-15.794153
-4.897838
-3.466358
-6.457561
-14.613832
-8.825929
-6.125213
-12.353902
-21.646364
-8.899240
-4.770674
-10.677912
-16.845875
-16.084347
-11.215157
3.548855
-10.522676
2.756880
4.410220
-9.267677
-29.353699
-12.301482
-4.513683
-17.607170
-40.087448
-9.996296
-7.072914
-14.525931
-30.273035
-10.792863
-9.281447
-16.770649
-28.165415
-13.705862
-11.929186
-18.283867
-27.277433
-12.753133
-10.485071
-14.866600
-20.130730
-13.536416
-11.308359
-9.687179
-15.896792
-15.661501
-13.713865
-12.705659
-18.253536
-15.354057
-18.190962
-16.913996
-24.938425
-27.720057
-16.088444
-21.100998
-14.152678
-21.096661
-4.468225
-12.141903
-9.536186
-11.134968
2.530546
-8.391581
-8.865803
-7.421638
3.061236
-6.996704
-8.902297
-12.162625
7.944430
2.451618
7.750638
6.071825
-4.745720
-5.517524
5.003763
-0.778528
-14.846198
-10.096440
-8.005837
-7.870463
-21.891298
-17.332867
-18.920649
-19.128445
-22.469364
-24.703838
-21.283323
-22.620525
-22.245672
-22.999651
-17.112120
-16.518190
-18.010305
-15.559584
-14.653614
-7.044884
-9.421537
-5.410815
-10.373724
2.515109
-1.522231
-1.181811
-2.694567
-6.200859
-4.736648
4.176661
1.523995
-7.215222
-2.458747
-6.087964
-8.781507
-13.199991
-13.659230
-15.544456
-21.621593
-17.408409
-16.226435
-18.953753
-25.315304
-16.439741
-13.275678
-21.334171
-36.230141
-21.706480
-15.838650
-24.592936
-27.803883
-19.457058
-6.543996
-16.484184
-7.643444
-4.589295
-2.958689
-13.543075
-1.718930
-3.820008
-7.783751
-12.487772
-5.470206
-5.236221
-11.556658
-18.391645
-9.824540
-12.672969
-17.179157
-20.557270
-14.366887
-15.489135
-19.882122
-19.685656
-18.267681
-16.083807
-18.397205
-18.169189
-18.046242
-14.473157
-20.685356
-17.184479
-16.070719
-12.459799
-21.792490
-17.821297
-17.872477
-15.033034
-19.848654
-13.957128
-12.637734
-4.419294
-4.794451
-5.133226
-5.272918
-7.470763
-8.618994
-10.935302
-7.619011
-6.737634
-6.947340
-4.721947
-6.275876
-3.965065
-3.692612
-5.743413
-10.350657
-6.640416
-7.917482
-13.336007
-18.438889
-12.889828
-16.795895
-19.292358
-25.576336
-20.350224
-25.155500
-28.124588
-35.521698
-33.352081
-39.754299
-43.781620
-48.526928
-45.622181
-48.165142
-53.112389
-53.702045
-56.910027
-50.523033
-48.108891
-49.940449
-50.995102
-41.444153
-35.435593
-36.865025
-40.692524
-22.626148
-14.877144
-16.495762
-19.725864
-10.351339
-2.746454
-5.091740
-5.897850
-2.101176
4.754338
3.093995
1.900533
2.965142
7.469104
6.589664
0.937857
1.441075
4.134612
8.286892
2.315214
3.682512
1.981290
7.034311
-1.842973
0.509491
-2.995929
1.373187
-5.472457
-2.973642
-4.783042
-6.771917
-7.129728
-1.247914
-5.505861
-10.069213
-6.432388
-0.743476
-9.388324
-14.502633
-9.810007
-1.567959
-10.701088
-19.838926
-15.880339
-7.512124
-12.140401
-18.765900
-20.957220
-15.134562
-12.109561
-16.147152
-19.796452
-19.911539
-9.393669
-11.257923
-13.935140
-12.348701
-3.593932
-10.647087
-11.766928
-9.306627
-2.807625
-10.560808
-9.257061
-6.901745
-4.495115
-8.894695
-6.623295
-4.267412
-8.211699
-8.107563
-3.087624
-3.802027
-13.865419
-5.107047
-4.638140
-7.469994
-16.033979
-2.835393
-3.128752
-10.934468
-21.187359
-7.691226
-9.780248
-21.757622
-22.957909
-4.762365
-11.824895
-25.984903
-16.150835
4.631934
-13.312301
-24.782366
-12.161446
3.924734
-13.379558
-24.846996
-9.950854
-0.881382
-3.852852
-14.838919
-9.471595
-8.462358
-5.526785
-17.072790
-13.893432
-16.345150
-9.684572
-18.958944
-19.019222
-21.243773
-13.852349
-20.195761
-22.828825
-26.292694
-21.150351
-24.598534
-26.220591
-21.619127
-17.498402
-20.804213
-22.197289
-12.192597
-13.739448
-20.696030
-19.103111
-13.134353
-15.823227
-26.393002
-24.344694
-21.130760
-21.996662
-30.528067
-31.649134
-34.415421
-32.932896
-34.501381
-41.932331
-47.452042
-45.054398
-35.387566
-44.105061
-51.845978
-49.223953
-35.309597
-46.892368
-49.538071
-50.136559
-29.333134
-39.025040
-41.883999
-40.802547
-20.898672
-22.681463
-28.958267
-22.351328
-19.481197
-18.746588
-31.360931
-19.114319
-16.604368
-18.958397
-31.643608
-14.864416
-16.172548
-19.923616
-35.492805
-13.164567
-21.614990
-25.937468
-37.368694
-13.639361
-20.690477
-31.802002
-38.072212
-10.738005
-17.376905
-27.983459
-32.339283
-9.886821
-12.533001
-14.700978
-18.575106
-3.463755
-9.484797
-5.099176
-11.690323
-4.016738
-12.123006
-0.858382
-13.403462
-8.962178
-15.391969
-4.839809
-13.580625
-17.235407
-16.989822
-15.472048
-22.324314
-26.510847
-25.828217
-20.938883
-21.821247
-28.746744
-26.852169
-23.935190
-17.982210
-22.310198
-20.976873
-20.037733
-15.896445
-13.026513
-15.228083
-12.607517
-6.213186
-1.280378
-14.775266
-10.294262
-1.441620
2.007312
-13.265908
-7.663978
-2.816887
-0.057931
-10.760880
-6.652198
-6.013704
-5.827079
-13.600624
-10.245311
-10.858438
-13.798015
-11.419480
-9.266032
-13.241055
-8.815372
-9.433484
-9.977896
-10.303643
-16.523842
-18.821476
-24.164671
-13.667301
-19.376936
-21.464298
-20.381824
-17.670734
-17.633539
-20.026583
-17.581541
-19.753540
-16.866978
-19.101349
-19.434322
-27.915487
-21.791771
-23.266447
-26.096750
-42.652775
-34.201984
-32.563728
-42.117817
-52.899391
-41.789532
-40.987980
-54.050228
-61.225201
-48.237152
-41.044277
-57.123150
-62.169884
-52.311745
-40.244114
-54.241215
-58.313824
-48.340343
-31.932528
-44.604977
-47.231373
-45.556252
-24.446209
-28.529980
-32.409580
-31.956377
-12.932666
-17.218439
-19.534077
-21.115826
-5.601467
-8.099524
-9.803227
-10.786034
-4.374500
-1.478983
-6.021648
-5.082121
-3.397426
3.407952
-0.608846
1.327690
2.126415
1.230036
-3.480847
-6.559402
-1.288544
-4.592969
-7.989214
-6.217393
1.108302
-6.315695
-9.408703
-9.359216
-1.307310
-6.088984
-10.252180
-7.298119
-1.550546
-6.200853
-12.125434
-9.227934
-4.286005
-1.658306
-15.328514
-12.467927
-7.699558
-2.696818
-17.144953
-17.074554
-13.475111
-12.204411
-18.232643
-19.516354
-17.073807
-16.620676
-18.533865
-18.186623
-17.237431
-17.964306
-18.491999
-14.186617
-13.956463
-16.613571
-10.886159
-7.374037
-7.243671
-11.385315
-3.840719
-3.701212
-2.088875
-6.018391
-3.961380
-3.217887
-2.818290
-5.865767
-8.403755
-7.859515
-6.281223
-4.983190
-11.544524
-11.309566
-8.941023
-15.467727
-24.443127
-24.098324
-17.100060
-18.099133
-32.417896
-19.846916
-14.564335
-20.508600
-38.025215
-22.886915
-16.517727
-14.625562
-28.869780
-17.336672
-14.224698
-7.623426
-16.581022
-18.666672
-18.558298
-6.995890
-9.562211
-17.030798
-17.828033
-12.340175
-8.457247
-17.748720
-19.057510
-15.877284
-12.117970
-16.814468
-19.079037
-20.371775
-23.506617
-26.273891
-25.078192
-29.448589
-32.213451
-31.452736
-32.512676
-36.474274
-40.069592
-34.916187
-29.121529
-44.149124
-42.548580
-38.896790
-30.590096
-53.494976
-48.971653
-48.081512
-28.246731
-57.999226
-51.364376
-57.638824
-20.096617
-53.635242
-53.694370
-58.108463
-16.820211
-44.570450
-52.669857
-52.349236
-15.886468
-35.972790
-43.880451
-45.459427
-12.439511
-22.784382
-33.953190
-34.739750
-10.519787
-15.901736
-22.907089
-23.812378
-8.294976
-12.826351
-18.756077
-19.656910
-9.118176
-14.732377
-16.305410
-18.087753
-9.129298
-13.599371
-13.260542
-19.531704
-12.662692
-14.163613
-16.378065
-14.569053
-9.649280
-19.344080
-20.445213
-15.518787
-14.777273
-10.738225
-12.742557
-10.107194
-13.994353
-3.036561
-2.130112
-4.034303
-8.687736
-3.264959
-4.209695
-2.654948
-5.819690
-7.962763
-16.830791
-13.596476
-11.018401
-11.687626
-24.391409
-23.392988
-14.103944
-22.580923
-31.730234
-31.898668
-20.193697
-28.587961
-38.334507
-37.000927
-23.542662
-34.911133
-39.408669
-42.005280
-24.807079
-34.976231
-32.769123
-39.180355
-22.659037
-29.804735
-22.659967
-31.216270
-19.686029
-19.045410
-10.536388
-17.753239
-9.123106
-10.995716
-2.983448
-9.219759
-1.527919
-4.799491
0.720149
-3.430080
-1.564157
-4.685501
-1.449163
-5.214121
-6.652945
-7.290463
-4.014071
-11.026390
-11.901304
-12.885530
-13.609074
-18.778173
-21.323822
-26.869905
-22.549772
-27.254709
-29.284752
-16.790344
-22.292076
-19.922106
-22.727818
-18.941784
-33.144344
-17.326424
-21.293350
-26.595009
-42.345375
-29.069477
-33.678944
-41.728157
-61.943214
-48.440670
-46.080753
-65.068604
-79.905479
-63.909904
-62.002533
-89.021591
-99.613976
-82.414474
-69.595779
-100.035767
-103.916115
-94.506599
-72.673065
-95.427437
-94.219048
-91.551300
-58.863430
-67.580444
-70.826973
-74.677391
-37.064945
-34.947556
-44.371666
-44.062210
-17.892805
-17.010967
-23.849892
-25.061586
-8.488819
-4.312433
-11.027940
-8.984547
-0.612294
-2.216947
-8.083351
-6.652528
-0.592842
-0.033843
-2.786022
-0.570386
2.941872
1.471323
-6.792990
-7.364502
-0.476468
-5.244809
-10.915490
-6.984779
0.283939
-6.650057
-17.113514
-12.163274
-4.545938
-12.273706
-22.107763
-10.944739
-5.865119
-13.347652
-22.294453
-14.203403
-10.535171
-8.289809
-29.409832
-25.477909
-20.039633
-9.684326
-33.136063
-31.953663
-29.685040
-15.237151
-33.930401
-38.303429
-36.092506
-17.583134
-30.618227
-34.162998
-33.717335
-20.901430
-27.370235
-23.389887
-23.728254
-15.196930
-19.997171
-10.626715
-10.829428
-8.234338
-11.056020
-7.089604
-3.767551
-12.256954
-9.821433
-7.033221
-7.784234
-16.006123
-17.108116
-11.279493
-8.582297
-14.101541
-16.133505
-25.374910
-19.901041
-21.824909
-30.884142
-36.879059
-27.298939
-19.500172
-34.885715
-28.923265
-20.329725
-14.673210
-32.847042
-30.896463
-24.668274
-11.284742
-18.570749
-23.395451
-22.862600
-6.816501
-9.008623
-17.943609
-24.633371
-13.745384
-9.269432
-18.947462
-26.797264
-22.906784
-14.101288
-24.975452
-29.562960
-32.567898
-29.836376
-29.754265
-34.045151
-39.723156
-45.065140
-44.880020
-44.673641
-50.143551
-40.630787
-39.999565
-46.685837
-50.198280
-44.037148
-45.533966
-44.780415
-53.440502
-45.944843
-44.954292
-43.405476
-57.108486
-50.623672
-48.619545
-33.148899
-55.010536
-53.223450
-56.255291
-32.010910
-56.684921
-68.679153
-69.647392
-33.058640
-53.494419
-76.061203
-73.783791
-36.910061
-53.375244
-72.683136
-73.698616
-37.184448
-43.542042
-57.629322
-57.506840
-34.616341
-36.646786
-43.370167
-45.543674
-26.208395
-31.907059
-37.131168
-37.099045
-24.559925
-32.280338
-34.870438
-28.513933
-22.517118
-31.608589
-31.583612
-28.795115
-22.423895
-25.372414
-28.367546
-16.987024
-10.035321
-25.793276
-23.099808
-16.242605
-7.795476
-14.662382
-9.327189
-4.327476
1.287039
-6.576434
6.176711
2.926768
4.207373
-3.924847
-0.318122
5.070338
7.318993
-7.695370
-19.918877
-9.782351
-1.876993
-24.840899
-30.658831
-33.739365
-13.348184
-41.918842
-43.282772
-46.143177
-29.052874
-54.763592
-57.415207
-53.699547
-36.052643
-62.488117
-54.570610
-59.461079
-39.701607
-57.638309
-41.267757
-51.261322
-39.399265
-45.303898
-25.120012
-37.163845
-30.284906
-30.056768
-11.194598
-20.715591
-22.849072
-20.861031
-7.551994
-13.527836
-14.075831
-15.486597
-11.170954
-14.926640
-11.725990
-17.143877
-15.864247
-21.060387
-12.700736
-12.278844
-14.894666
-6.491952
-6.909841
-7.431752
-8.040073
-5.983477
-8.077766
-13.600693
-7.278472
-10.038011
-10.103354
3.349118
-4.146535
-0.764610
-2.698185
0.398893
-1.586107
4.502693
6.932863
9.064821
-2.736016
5.223162
6.620155
-5.717249
-14.848698
-11.089869
-10.048206
-24.692093
-19.818764
-27.336891
-22.371223
-23.740450
-14.190092
-29.057123
-15.504558
-12.536297
-8.908255
-22.171646
-14.547588
-10.919621
-8.052304
-12.498290
-0.833846
-3.532590
-2.384087
-5.972585
0.586263
-1.951864
-1.784369
3.578245
0.796693
-4.555239
-0.447827
1.827493
-1.862681
-1.786996
2.209826
9.859285
0.990328
0.342938
2.311001
0.935692
2.579033
-2.120525
0.137521
-6.859406
1.137918
-4.577042
-9.467454
-14.515071
-5.196192
-8.982934
-6.177801
-3.642311
-3.262515
2.608382
-6.374078
-2.909687
-9.353170
6.302924
0.622944
3.556626
-8.111574
8.349588
-1.195027
-1.231444
-10.996177
4.304205
-0.808680
-8.617663
-12.245275
-2.849238
-5.608147
-13.386218
-18.784885
-7.292880
-6.303224
-5.766002
-10.460358
-2.065111
-1.671174
-2.124956
-2.289219
-1.371503
-0.100344
-1.169960
-2.157799
0.080324
6.100344
-1.265466
-0.415455
2.612416
9.731243
0.590839
2.916315
9.771627
8.960714
-1.142787
2.563684
9.359004
5.121757
-9.352126
-9.355695
-2.833919
-0.081980
-9.417155
-12.427003
-16.912607
-11.953387
-11.601270
-23.021463
-13.897434
-6.391753
4.790903
-7.781527
-9.243217
-3.583837
2.019841
-9.590237
-2.204423
6.729602
15.189041
3.691963
-4.931997
0.448619
5.506592
2.127122
-7.506015
-3.937951
0.856624
-1.781460
-8.425146
-13.033357
-4.251131
-3.768107
-9.404578
-16.503437
-7.138150
-8.797748
-11.751087
-22.904177
-18.060398
-19.289000
-19.606880
-14.604280
-6.917479
-7.604475
-14.422973
0.013871
-8.307774
-8.741156
-8.059809
5.631777
-0.240479
-12.842825
-1.295479
-1.697613
-1.226357
-15.360887
-9.039639
-21.905098
-15.444222
-15.045371
-20.380209
-24.054785
-10.220707
-20.178217
-13.949428
-16.932510
-9.189460
-19.647692
-16.109570
-16.157131
-19.691614
-11.691629
-9.190516
-8.682371
-11.861907
-11.275413
-11.956883
-3.200544
-9.825512
-11.503967
-11.560168
-4.754257
-6.925155
-8.839285
-10.528901
-9.254584
-2.975911
-8.239400
-12.107876
-15.731669
-5.104859
-6.709032
-14.883303
-15.227768
-4.345428
0.536698
-8.438716
-3.747627
-2.176354
-4.142334
-1.464378
1.432166
7.368645
6.062562
-2.597949
6.601893
2.096099
5.306986
-3.382287
1.252541
0.398174
0.639603
-16.068645
-13.116998
-4.927808
-6.127280
-27.571739
-27.223690
-17.599018
-12.691457
-26.934059
-23.258595
-20.871075
-11.521171
-17.641077
-8.066377
-10.208150
-5.722340
-12.398211
1.689176
-1.119934
0.862814
-3.380286
3.421522
6.572055
3.405290
-6.142212
-3.100661
0.548702
7.947444
-1.562092
-2.051644
2.589552
9.179607
5.648927
3.542369
6.902873
8.131427
10.897536
9.483664
10.515728
9.194382
11.798525
10.463644
9.063456
-1.449307
0.571229
-1.460207
-6.967225
-7.385542
-7.630873
-7.798163
-10.604260
-11.847335
-14.426396
-17.866426
-24.501751
-27.664349
-20.476349
-21.740541
-28.954752
-33.767841
-32.191067
-26.203796
-33.457085
-36.157066
-36.765369
-35.822899
-34.159592
-38.788406
-39.019630
-45.505054
-32.804119
-33.212822
-33.953487
-46.238518
-27.414661
-34.655029
-38.290287
-46.888622
-31.987041
-26.890362
-25.377975
-26.132475
-29.694519
-20.959267
-13.149779
-13.393474
-23.513006
-9.977979
-1.242735
-4.610427
-16.584396
-4.600089
4.667605
-0.717780
-6.920616
-7.592563
0.176017
-4.032852
-11.151308
-14.550629
0.069847
-5.273996
-8.933534
-11.997028
-1.282395
-7.016047
-10.675869
-9.484661
-3.597005
-7.005050
-12.677326
-4.780694
-5.126871
-8.927653
-18.066164
-6.366111
-6.173974
-2.633560
-8.032352
-1.553976
-3.899995
-7.984188
-8.496257
-0.041453
-9.527953
-13.475155
-4.663577
-1.153249
-16.452074
-22.532719
-9.782727
-6.649610
-19.456978
-23.590939
-8.126258
-6.358097
-19.029289
-16.482004
-10.888858
-9.483413
-23.150309
-14.379192
-7.428172
-8.242202
-10.095697
-5.310987
-6.555596
-3.986455
-3.067516
-4.569957
-8.720029
-6.586503
-1.397004
-12.810809
-8.659364
-7.516284
-4.476197
-16.294151
-9.326003
-6.580853
-12.752320
-15.787210
-5.309355
-1.260612
-13.697605
-15.654802
-8.138203
-3.564904
-19.406368
-20.078979
-10.055471
-5.636324
-26.075247
-25.349422
-28.949036
-28.600315
-30.847063
-27.513723
-28.393560
-32.855118
-28.172903
-26.405537
-31.537529
-32.472225
-20.014389
-3.432338
-22.496258
-31.849171
-20.316523
-7.276547
-9.222146
-22.351130
-23.327930
-14.519130
-12.585428
-26.813087
-25.413485
-28.542122
-18.414383
-31.752155
-33.317013
-38.409554
-27.036970
-35.347065
-40.356022
-51.590546
-42.908688
-49.283695
-50.320251
-52.538986
-44.851292
-29.166878
-47.501152
-50.058327
-48.246517
-21.777056
-48.045616
-49.277576
-52.820011
-24.763336
-45.902420
-46.035980
-55.714115
-21.827738
-32.759029
-32.064873
-42.727077
-19.045704
-25.729891
-27.136110
-33.507534
-15.248628
-11.109612
-10.145505
-7.606353
-13.869647
-6.372062
-7.906535
-2.305081
-15.608267
-6.605271
-16.395416
-6.766543
-18.415987
-16.409746
-20.468517
-17.177145
-23.052208
-22.704815
-26.015755
-26.124853
-21.839407
-22.647541
-28.120502
-21.784176
-22.993769
-24.896833
-38.383118
-25.312757
-28.896099
-33.416630
-52.054867
-21.530325
-23.601221
-32.480640
-46.011971
-23.870853
-35.540653
-22.253492
-37.730545
-13.503852
-27.072241
-17.247276
-24.941826
-6.710484
-11.538729
-9.971128
-17.884861
-6.895138
-3.935092
-4.714101
-14.758199
-15.555922
-6.316151
-11.463443
-22.216551
-23.446110
-15.336226
-23.775234
-38.756691
-35.179337
-25.973755
-22.449577
-44.846920
-37.144382
-24.424768
-19.930620
-35.795818
-32.965397
-17.764420
-9.408141
-13.624071
-17.532612
-7.083197
1.707571
1.874997
2.350285
-1.438758
-3.403459
2.785760
6.139885
-8.567357
-10.983362
-6.726868
0.528161
-14.825196
-15.805653
-14.595053
-10.780665
-20.373140
-16.987253
-15.379416
-15.875308
-21.567631
-17.909407
-18.620176
-7.325712
-7.681610
-7.499503
-7.144206
-12.408864
-14.319659
-19.779062
2.443741
-6.878824
-7.897169
-23.310335
-7.341229
-14.474778
-16.425648
-38.295296
-31.168530
-29.964737
-35.418938
-48.807102
-48.746365
-39.073181
-44.474960
-49.325203
-57.872925
-49.992260
-58.427582
-49.520397
-63.023708
-56.923935
-55.930729
-47.771755
-60.091137
-53.367157
-47.834064
-41.842228
-49.361992
-45.302795
-39.220345
-34.173420
-41.682091
-32.931465
-30.942087
-33.685051
-38.384037
-33.955353
-22.437378
-27.027506
-29.959196
-28.334690
-11.439565
-20.495586
-22.938761
-21.623238
-4.697556
-18.372812
-22.496445
-18.848354
-3.807589
-16.691557
-22.416380
-22.545944
-9.407903
-10.030897
-13.288534
-12.927905
-5.537120
-4.021773
-6.028481
-15.107813
-8.475328
-6.856435
-14.933108
-16.400635
-8.820255
-9.657590
-25.279448
-20.640066
-9.726656
-18.699316
-34.760525
-24.113117
-17.201336
-24.823748
-32.882313
-21.845549
-15.618605
-21.960869
-26.070997
-16.012621
-13.434853
-14.697680
-22.708916
-13.152718
-10.958197
-11.238783
-15.668508
-15.748235
-10.714092
-10.171278
-8.758070
-11.231444
-7.896585
-6.888247
-13.441997
-7.255226
-8.328071
-9.424992
-16.358988
-6.784483
-8.500295
-13.312140
-17.995136
-5.296298
-6.160561
-10.282883
-21.390123
-7.687417
-7.646483
-14.731298
-23.728802
-12.928791
-9.920345
-14.319256
-16.649086
-31.060829
-25.128761
-22.850704
-26.064671
-37.040398
-28.944384
-19.791313
-32.083969
-24.779110
-17.238108
-15.877587
-36.104969
-23.348581
-16.867632
-18.919210
-42.377144
-22.686708
-18.087717
-20.468180
-42.895859
-19.663635
-15.780482
-12.437132
-31.377682
-14.474230
-12.875339
-8.430383
-18.395325
-8.068808
-8.810030
-4.603968
-5.002281
-4.018872
-4.264001
-1.820311
-8.209105
-10.933658
-1.614774
-2.181306
-27.920998
-24.898596
-21.776394
-22.876553
-53.887333
-49.338005
-37.947636
-42.178341
-63.927811
-60.024452
-46.941505
-59.251282
-69.657326
-66.248665
-56.681702
-83.730492
-80.260300
-80.929039
-43.541000
-82.176689
-71.948212
-68.999245
-30.691896
-60.802540
-57.851261
-53.582634
-21.785826
-46.652420
-41.320618
-45.133392
-13.845181
-33.604439
-25.270054
-34.165890
-5.335536
-10.850809
-8.691060
-21.505959
-8.959912
-5.872456
-10.390257
-16.169680
-15.966863
-14.643004
-19.976542
-20.582790
-19.699560
-21.814489
-24.932644
-21.521082
-18.564030
-23.683460
-23.966139
-18.134863
-17.857147
-26.063652
-24.820808
-18.661905
-23.460798
-19.048927
-23.719065
-16.669439
-22.882898
-17.571404
-21.735168
-17.776049
-22.301250
-20.039112
-24.365999
-14.248685
-21.813967
-23.276403
-24.163301
-19.737267
-27.265989
-18.364380
-17.716352
-22.864182
-19.524435
-16.223640
-15.034064
-20.483494
-13.264957
-16.258556
-15.493969
-18.831108
-13.431782
-15.139421
-17.126827
-22.419111
-15.050659
-15.199787
-16.220335
-21.589567
-11.537151
-15.830201
-15.386717
-20.087339
-17.319527
-18.793509
-17.685314
-21.184849
-18.389896
-17.468086
-16.112997
-19.359303
-16.879951
-13.114604
-9.659449
-12.427670
-12.798814
-9.577702
-7.342399
-10.679927
-11.872874
-13.001115
-10.558839
3.403062
3.688629
3.673023
3.577996
-2.191791
-1.866076
-0.900540
-14.161613
-20.641663
-25.019272
-29.926777
-31.799055
-42.228722
-47.700542
-36.215191
-41.923744
-45.462334
-52.802704
-39.681328
-44.866501
-48.874233
-51.951012
-31.578974
-38.286297
-37.201904
-41.519005
-19.881319
-25.723864
-20.129593
-6.003825
2.711550
1.889871
3.978112
2.627451
10.247769
8.371504
13.046864
5.506793
6.114136
5.001066
8.711206
-4.801636
-3.545305
-0.998435
3.348662
-3.981241
-6.909865
-4.093720
-6.689440
-3.218138
-7.265102
-4.914185
-9.243848
-6.586215
-9.650644
-8.359435
-6.249859
-4.574460
-4.206582
-4.779381
-4.464414
1.595322
-3.202282
-6.791592
-6.201504
1.351623
-3.675812
-10.776964
-5.007615
1.877553
-0.158735
-18.942591
-14.850842
-1.320325
-8.183389
-13.963564
-13.604500
-2.218245
-15.974842
-13.249284
-12.298873
-6.014242
-13.502959
-4.276910
-3.534573
0.778080
-7.333117
2.506116
3.967834
3.854628
-2.158129
1.480176
3.781953
3.991705
-4.410578
-0.820191
-1.874757
-1.976899
-4.482013
-5.935607
0.317827
-2.553467
-5.837669
-12.100813
-2.411689
-6.204339
-13.285410
-15.356802
-1.141416
-5.606763
-14.294743
-14.180066
-0.415351
-4.543896
-9.286267
-9.648735
-4.188684
-8.236029
-14.362477
-11.619361
-4.468924
-5.145453
-9.529687
-11.940061
-14.895403
-17.057905
9.041332
-4.835754
10.877948
8.400488
5.665105
-18.093376
-1.650407
6.185806
0.352534
-30.365891
-2.974544
6.200508
-7.076033
-30.726250
-6.984509
1.669112
-15.060346
-33.217033
-18.557337
-14.258501
-25.556759
-40.123264
-17.799772
-21.348713
-30.206573
-34.058289
-22.091225
-25.542973
-31.348005
-33.120483
-30.160797
-31.653292
-39.959442
-40.342258
-36.761936
-49.525768
-54.153545
-67.033638
-67.408722
-58.528362
-72.771019
-69.964188
-71.496674
-51.222477
-68.485176
-56.022362
-55.342251
-45.224640
-60.677650
-44.987072
-42.740826
-32.492348
-52.652390
-31.630753
-31.631502
3.010559
-19.970535
1.513221
0.096494
7.931755
-8.410994
10.884276
7.595081
10.135159
3.286425
10.955759
12.601877
6.159315
0.405806
0.276037
3.852253
-5.476405
-12.937199
-14.526877
-12.409110
-17.156118
-23.120569
-22.821409
-17.794048
-24.305056
-29.484261
-31.220755
-19.038746
-26.251682
-29.701881
-35.410831
-9.544068
-22.022758
-28.265554
-30.769686
-16.977257
-19.177355
-11.640503
-15.459898
-13.705254
-8.671137
-7.460294
-8.779845
-15.357774
-17.006300
-9.016026
-20.191660
-16.365528
-21.988638
-6.296318
-15.413349
-12.492696
-19.616140
-0.975251
-16.643110
-12.213653
-18.270056
2.024286
-11.810249
-6.715356
-1.104949
12.563263
5.216067
5.487264
7.985643
10.867228
7.196727
7.519734
6.139317
6.571007
2.962926
4.567513
2.244383
-0.229253
-3.498301
-3.842838
-4.618763
-7.406183
-8.080827
-9.178566
-7.383304
-11.340188
-13.577704
-15.596753
-6.467884
-14.335563
-11.440401
-14.387432
-7.424169
-15.003152
-10.463530
-14.821608
-9.567468
-17.228489
-15.265031
-20.376442
-9.410283
-13.587966
-10.428955
1.738438
1.585842
1.444778
1.436760
-1.871942
-1.213754
2.569546
-7.811412
-10.914714
-12.031378
-11.845867
-14.445998
-23.909637
-28.302557
-17.180111
-15.890459
-29.316574
-34.476578
-24.209496
-21.982704
-31.989521
-36.948997
-19.686333
-11.334689
-18.389717
-20.110422
-1.957534
2.215691
2.253624
6.798781
-1.287511
1.502327
13.844908
10.386573
-10.373332
-8.804782
7.432819
2.006288
-18.180590
-13.680180
-3.457083
-10.255177
-18.952145
-13.610157
-7.161449
-14.704163
-22.253563
-11.899763
-8.597560
-5.748066
-12.928981
-5.782809
-7.125400
-2.313399
-9.377916
-3.576679
-3.655976
-11.803164
-11.020368
-9.557086
-12.775466
-18.796293
-14.884278
-15.570982
-17.378414
-20.378271
-16.315514
-19.233500
-19.490202
-18.208061
-11.166997
-18.395943
-16.638157
-12.123533
-9.900308
-14.690896
-19.088499
-11.849408
-11.659713
-8.002831
-10.350948
-7.005935
-6.456396
-0.938048
-11.862506
-8.953898
-3.850003
3.602764
-7.825037
-11.719727
-2.118729
-1.250045
-9.963013
-13.780636
-11.616817
-4.796808
-8.703714
-11.650989
-16.620375
-8.108758
-2.666011
-7.185956
-14.612525
-14.524131
-2.458165
-6.329612
-13.187304
-15.458072
-2.102752
-6.592071
-11.185185
-13.745034
-2.802289
-7.639451
-11.969022
-15.546121
-6.272011
-9.076130
-15.823298
-15.700673
-6.515071
-7.261136
-12.155845
-11.759432
-10.212164
-13.636668
-4.215732
-12.898980
-8.074361
-7.612478
-3.866041
-21.734510
-16.014957
-8.444890
-11.544384
-35.956261
-17.143225
-9.525229
-5.223477
-30.508934
-19.607325
-6.869306
-2.986409
-36.673882
-19.274235
-5.597761
-1.204481
-25.233143
-8.511073
-1.174923
-0.497855
-5.521262
-6.900686
-2.823393
-9.813036
-3.743016
-11.414808
-10.969336
-19.578104
-12.684253
-15.350228
-22.825617
-32.122169
-30.969166
-30.440378
-34.074413
-40.809505
-41.220032
-37.952946
-35.352737
-45.165367
-48.063683
-42.537834
-30.282913
-48.127590
-44.467045
-39.202118
-17.315275
-34.767387
-21.936075
-25.805212
6.055677
-4.242152
0.297088
-12.994191
8.193758
3.894939
6.802069
-9.392184
3.596340
4.636742
6.972483
-5.528919
-3.615133
-1.601896
-1.047947
-4.627733
-5.639890
-10.805091
-11.636700
-2.565512
2.667604
-3.615507
-6.194128
6.092142
1.358449
-5.473391
-5.505292
5.281285
-3.839589
-10.454381
-7.243274
4.076234
-4.279270
-14.182564
-12.344231
-6.895650
-8.706586
-13.194989
-19.041925
-12.045204
-11.276303
-14.256922
-25.412342
-20.242004
-21.452478
-24.508419
-42.388878
-37.631855
-37.119209
-34.241608
-50.243855
-37.194992
-39.950218
-48.534019
-61.900433
-44.131241
-45.460468
-44.790733
-52.128880
-39.738976
-30.650402
-44.749954
-46.355232
-42.802906
-26.212074
-44.022781
-47.777531
-43.569962
-22.186104
-31.376282
-39.325188
-38.738060
-17.612759
-18.456211
-24.127081
-27.816654
-13.448993
-6.956366
-16.909063
-16.789427
-14.370587
-4.201895
-13.192428
-15.089133
-11.881218
-5.866142
-5.435698
-12.508868
-5.403821
-5.497082
-3.802043
-11.357435
-3.972800
-10.306127
-6.916790
-13.598551
-3.115915
-10.054787
-6.098301
0.559266
0.577100
0.746928
0.753487
-1.317821
-2.209398
-3.742677
-2.817564
-5.146756
-7.308408
-9.229280
-7.753799
-6.195413
-8.747867
-6.418227
-8.029058
0.470842
-2.423990
-0.100899
-9.624300
4.336646
-0.014145
-0.688053
-19.907181
-5.649499
-13.901626
-13.525611
-26.885736
-18.884262
-21.342731
-16.763327
-22.385668
-26.608469
-27.714653
-18.006958
-16.867622
-27.877588
-25.092785
-13.404839
-11.712258
-26.045767
-20.991104
-10.174814
-15.592292
-21.204128
-9.638346
-6.975902
-15.598552
-15.492709
-8.144685
-8.682715
-14.202548
-13.570838
-4.885625
-7.561450
-13.373902
-12.607295
-6.719301
-6.803495
-10.470958
-10.941765
-4.457755
-2.547318
-4.134232
-7.867692
-2.686073
1.952233
-6.024006
-1.619480
3.288867
0.850109
-8.704824
-0.598981
2.958354
-3.834957
-11.978269
-0.390724
-0.089772
-8.342396
-19.451071
-1.132836
-1.601818
-12.099881
-21.530479
0.493921
-1.452394
-11.184886
-24.230938
-6.612999
-6.312345
-11.577814
-20.693548
-3.336093
-4.598139
-5.610938
-20.467691
-7.611411
-6.672529
-4.262238
-17.675167
-10.973814
-9.509953
-1.581051
-17.447565
-11.805503
-8.941646
-3.126761
-16.859602
-5.459857
-4.620897
-5.592683
-17.258669
-3.760128
-1.288401
-13.414735
-17.746355
-3.470958
-1.733199
-15.122964
-16.430212
-5.369187
-5.073992
-16.225475
-11.131903
-12.182559
-12.946341
-10.060122
-3.061045
-11.688140
-12.958927
-3.184020
-4.789352
-13.122058
-13.725836
-3.624563
-11.286766
-4.124628
-7.915360
2.491541
-1.073802
4.741739
-1.143245
6.500097
9.572064
6.626110
-0.767128
-0.246518
4.564464
-4.886713
-10.761884
-12.317482
-6.303780
-16.024986
-20.090807
-23.081528
-21.332785
-22.662394
-26.351562
-29.707201
-26.129580
-28.230333
-31.621542
-36.175072
-32.228626
-32.378899
-35.340893
-38.880356
-29.044849
-27.618589
-32.116692
-32.461510
-17.746979
-16.843834
-27.458662
-16.676498
-5.256670
-2.103234
-29.661297
-14.875943
-5.478748
-5.421620
-26.712234
-16.038467
-7.505005
-2.612692
-24.342976
-20.361765
-13.075644
-7.456927
-16.926912
-20.623798
-14.248881
-12.632299
-9.312698
-19.121054
-14.690786
-18.601791
-3.755107
-10.425620
-8.570789
-18.177290
-5.111508
-10.545968
-8.665320
-18.351055
-10.804318
-14.699959
-14.489599
-17.948130
-17.924629
-23.574432
-21.075348
-21.324932
-23.519083
-29.130465
-30.090805
-18.845718
-20.397387
-24.622074
-28.100693
-10.807118
-14.947673
-16.791903
-22.416611
-2.623383
-6.260586
-7.533971
-6.758035
6.241959
6.233619
2.158139
6.051168
10.579980
14.271977
5.045800
8.382425
6.965164
10.152087
1.385067
3.818845
-2.235289
0.175883
0.366501
1.685629
-1.999902
-0.965289
-6.380565
-13.218786
-3.703205
-2.421225
-8.934533
-19.350042
-7.286714
-9.166611
-15.125494
-13.871312
-10.097642
-12.937445
-21.132347
-12.011199
-13.412590
-18.332275
-19.919016
-10.231643
-13.161973
-17.425739
-20.007399
-11.966305
-12.659067
-17.733440
-19.917999
-16.362322
-16.239216
-15.515554
-18.155109
-14.517705
-16.054852
-12.692342
-15.135395
-15.494866
0.925357
0.844375
0.670689
0.571516
-4.256158
-4.417565
-3.726691
-5.215594
-6.474927
-7.131737
-12.764091
-9.181112
-9.288422
-8.423468
-3.326816
-5.655404
-10.290044
-9.381823
-3.563422
-10.291188
-15.375782
-13.537203
-3.810464
-15.232284
-17.227203
-15.119307
-3.247585
-9.477413
-15.415308
-8.310525
5.503278
3.198778
-5.320755
-5.533499
7.998722
2.540376
-4.104942
-3.142937
4.931313
-2.445606
-4.245221
-8.347559
-6.192072
-14.939773
-5.934412
-8.912769
-15.501420
-18.607206
-11.264398
-7.918576
-16.908232
-17.514717
-12.671904
-4.739865
-12.655525
-14.272505
-13.930815
-4.514181
-7.077145
-10.872785
-6.955018
-7.513900
-5.742763
-9.113474
-3.816870
-7.805957
-9.103852
-11.758743
-5.560665
-6.639305
-10.688480
-18.510174
-8.677525
-10.919812
-12.506041
-15.357228
-2.757047
-7.439330
-9.588164
-16.341442
-1.438370
-1.794269
-3.659248
-18.332287
-3.012103
1.295377
-5.865236
-18.631111
-2.859777
-0.924009
-11.187561
-17.714506
-4.386607
-0.770573
-9.885385
-14.789021
-7.808208
-3.436868
-4.754950
-12.833630
-6.768588
-3.668127
-4.454946
-16.353168
-7.783103
-4.251039
-6.911562
-15.170307
-3.501595
-2.002145
-9.217485
-17.272482
-3.491673
-1.295918
-12.321846
-19.479961
-7.091571
-5.919256
-15.497784
-11.187480
-12.103230
-9.010394
-13.272041
-13.952053
-15.204894
-11.835407
-10.200819
-12.374426
-11.112288
-4.867757
-10.190530
-18.306978
-20.603380
-9.966586
-9.161963
-15.682581
-15.390340
-7.726778
-8.927495
-7.628942
-17.290157
-7.110841
-6.051564
-7.971806
-16.528854
-11.447489
-6.451321
-12.300228
-17.134314
-11.952193
-9.328202
-12.612506
-16.478380
-15.116580
-14.131453
-12.711054
-14.884284
-15.330986
-17.465536
-14.115701
-12.794367
-16.132948
-23.484167
-19.835560
-19.717291
-25.796957
-23.747471
-11.366908
-7.950372
-21.468216
-18.434603
-8.865911
-7.035185
-18.632769
-23.358400
-12.990280
-11.634577
-18.334484
-21.806036
-10.744721
-6.540983
-9.837234
-9.235250
7.801075
9.611725
-7.985748
-6.967422
6.531303
1.080454
-5.423721
-2.790867
6.202028
-1.543309
-10.757160
-6.186437
-2.994254
-13.344227
-17.139158
-15.638886
-18.503462
-15.688483
-15.505098
-18.553783
-20.527353
-12.095944
-14.256912
-20.043348
-21.135105
-9.375735
-13.005654
-18.720446
-21.059235
-8.902005
-12.698823
-18.490404
-23.210934
-10.293807
-12.454877
-18.102108
-23.502283
-5.383845
-7.010404
-19.443996
-25.231119
-6.854523
-9.349050
-14.328299
-25.973003
-9.585836
-9.056241
-8.226668
-15.361189
-3.875078
-5.310617
-13.086299
-10.557001
-3.041630
-12.597074
-10.420830
-9.400353
3.095940
-6.177710
-6.721612
-6.417917
3.034257
-1.301952
-9.895492
-7.670134
-1.676923
-3.548713
-7.385817
-6.926676
-7.169162
-6.503211
-14.821435
-6.561394
-14.450015
-14.205621
-20.913242
-11.961151
-22.123598
-19.257418
-16.639900
-12.127200
-20.760818
-15.527578
-15.331343
-10.595417
-18.933691
-13.597813
-13.911893
-10.798659
-17.458002
-13.027520
-14.796338
-14.184390
-20.496536
-14.351684
-15.709799
-11.770034
-4.314228
-4.817703
-5.488183
-6.181711
-6.981859
-8.181415
-10.738535
-14.378453
-15.032125
-16.672077
-9.807806
-16.469347
-18.112064
-21.129465
-14.190897
-22.180859
-17.796135
-21.277063
-18.675877
-26.279221
-24.270399
-27.835604
-23.016603
-32.123207
-26.962173
-27.198050
-26.220215
-34.015770
-25.777081
-25.137058
-26.215546
-32.979027
-22.835400
-18.501179
-23.632990
-29.208467
-26.102327
-20.219654
-26.402889
-30.160149
-31.435110
-24.365555
-25.107929
-26.889599
-31.920498
-18.747795
-15.846120
-18.927570
-20.130526
-13.692682
-13.417541
-16.203899
-19.924532
-11.572300
-9.960262
-11.932987
-15.493756
-11.230847
-5.000848
-8.827097
-12.802674
-6.656737
-2.964574
-4.426922
-7.998258
-3.901068
-4.748769
-7.021519
-11.223520
-6.391779
-7.710503
-7.024640
-4.140398
-2.295314
-3.470801
-7.331656
-4.080503
-3.621551
-10.289838
-11.332565
-5.705777
-6.526144
-11.522972
-12.829468
-4.257279
-4.905817
-8.187512
-18.014509
-7.164374
-6.851606
-7.914952
-18.276308
-11.452209
-9.613628
-13.102373
-20.233643
-14.071959
-13.080517
-8.329869
-17.340712
-12.102916
-9.773105
-9.178117
-17.325361
-14.674681
-11.740551
-9.754648
-14.905212
-8.838759
-6.214909
-8.929614
-11.402695
-8.082253
-5.718705
-11.630596
-9.152925
-4.475598
-5.925818
-14.496630
-14.137166
-7.582667
-7.716399
-14.838804
-12.184053
-16.129698
-18.851818
-16.937441
-18.669529
-21.154446
-22.109585
-15.658300
-18.130726
-19.040148
-20.526482
-14.013561
-20.740499
-21.352314
-21.583389
-11.708240
-10.819896
-20.085789
-23.550047
-9.148905
-9.936636
-9.459530
-17.528124
-13.739636
-16.262358
-14.662117
-20.456326
-20.178812
-21.758570
-19.301147
-23.760923
-23.268364
-24.530815
-22.778507
-25.482100
-27.326504
-31.580383
-30.129091
-34.183388
-34.307808
-33.574528
-30.417593
-29.307692
-35.142296
-31.820677
-31.493443
-22.701744
-32.572075
-26.787107
-26.622583
-21.319614
-31.184908
-23.365482
-23.878361
-20.986038
-26.628950
-22.734510
-25.099133
-17.887190
-20.389256
-15.926133
-15.055979
-16.678320
-11.480734
-11.394799
-8.853470
-18.140631
-12.415228
-16.174847
-14.010583
-24.723286
-18.257715
-28.080215
-23.102427
-23.295105
-24.950125
-31.257057
-23.654051
-23.556704
-27.679623
-33.694660
-26.852957
-20.290421
-25.268955
-30.328695
-19.691565
-19.253704
-24.465656
-31.188776
-17.821156
-18.777700
-24.011322
-32.754276
-11.829505
-14.467529
-21.117470
-27.044119
-12.124851
-15.163342
-13.625122
-18.278538
-5.762140
-6.782569
-11.167556
-13.019985
-3.599862
-3.047219
-10.859261
-12.841508
-6.365854
-3.897687
-7.383194
-19.353464
-11.236393
-7.176785
-10.711482
-21.118740
-14.594428
-5.607674
-18.322035
-24.221191
-15.941274
-10.143495
-19.382721
-25.079998
-20.792280
-14.826933
-20.643787
-23.369272
-21.718224
-14.623966
-20.654421
-18.120901
-20.797422
-17.600327
-17.609308
-13.881739
-15.175014
-17.059038
-14.532866
-9.886036
-11.172822
-15.780396
-13.071527
-9.407681
-9.113388
-14.322310
-12.165023
-10.395960
-10.808525
-13.898442
-13.559043
-14.255805
-16.149416
-14.887914
-12.858180
-13.738138
2.862195
2.975421
3.003831
2.851461
4.437488
4.530271
4.479562
-2.323890
-0.116212
-1.630631
-2.911319
-8.674006
-11.655369
-15.466546
-14.611601
-15.221765
-20.161116
-24.782852
-27.061264
-27.139448
-29.441523
-33.433666
-39.421658
-37.156895
-37.663227
-40.726780
-41.613697
-43.750023
-40.362617
-40.715282
-41.883808
-42.723152
-33.778263
-28.572298
-28.922649
-32.019508
-24.857782
-18.445810
-18.729406
-23.537485
-18.064943
-10.956581
-10.993494
-15.587815
-10.633568
-8.137152
-9.806481
-12.301643
-8.764519
-5.349067
-9.405276
-11.972865
-11.807129
-6.762677
-13.176131
-15.186807
-14.479624
-14.821784
-11.871540
-14.580640
-16.424723
-15.631597
-11.883483
-14.196077
-17.052895
-15.720338
-11.351891
-13.629683
-10.461676
-12.081587
-8.694928
-15.885926
-7.817471
-9.022181
-7.637378
-15.320294
-9.637409
-6.048584
-10.911446
-14.257411
-10.073256
-7.002205
-10.751647
-12.634150
-14.826714
-11.349746
-13.435867
-10.052016
-11.993235
-11.431473
-14.605307
-6.256553
-8.757133
-9.240497
-16.520237
-7.952073
-4.285648
-5.515215
-11.272208
-9.747211
-1.707651
-1.650783
-6.622530
-12.331257
-2.450972
-2.997144
-7.381761
-13.932468
-3.373526
-5.763014
-8.297833
-13.205775
-3.361159
-7.515974
-8.654184
-12.999688
-6.092912
-9.374284
-10.901583
-13.279209
-7.666072
-11.398274
-12.433136
-14.228271
-10.746598
-14.870601
-5.819743
-9.955396
-8.837164
-14.866849
-3.380731
-10.545063
-13.455824
-14.263741
-5.882324
-20.097803
-15.207249
-12.935193
-5.757394
-15.337605
-16.097628
-10.525947
-10.867968
-17.257736
-14.071322
-9.543784
-15.872189
-21.324522
-14.560876
-14.335161
-18.504601
-24.740824
-18.408855
-18.983105
-19.326881
-23.386259
-19.832674
-20.474953
-18.467575
-21.093765
-16.349779
-23.685062
-18.348106
-27.912746
-22.525881
-21.258924
-22.860353
-36.465179
-31.562946
-19.919304
-26.749781
-43.593739
-39.761272
-22.463837
-30.095196
-52.085522
-50.514057
-26.398380
-39.644066
-56.278423
-60.376080
-16.881617
-42.053093
-46.549675
-55.663441
-12.237955
-34.048557
-28.613590
-39.674099
-5.283892
-20.398642
-14.890466
-25.127581
-0.073395
-10.645018
-6.831778
-14.016250
-4.847733
-11.308955
-10.441774
-10.683144
-12.413140
-14.799097
-17.640232
-11.994719
-16.538031
-19.376976
-24.222157
-14.414036
-19.563713
-23.362778
-28.009104
-12.588823
-17.194330
-23.535418
-26.080641
-13.790787
-13.275830
-13.225355
-14.150957
-9.897972
-8.636019
-7.233857
-7.413102
-9.992273
-12.987915
-10.789203
-14.940128
-15.364820
-16.744387
-17.485483
-22.756433
-22.282852
-22.908794
-23.324648
-30.428303
-29.573620
-28.577888
-24.976665
-32.423489
-30.402639
-24.663084
-27.399124
-33.243420
-32.821247
-21.291243
-23.240946
-31.687500
-28.058937
-17.150154
-15.544559
-28.936317
-24.488811
-14.929869
-10.722502
-19.578428
-17.023920
-14.896578
-9.402190
-16.606911
-12.176306
-17.062679
-12.330549
-17.633499
-15.813726
-16.992645
-13.215441
-15.045460
-15.734905
-14.921975
-11.514704
-10.530682
-10.979080
-12.044105
-10.259779
-9.292835
-10.476964
-9.048978
-11.445454
-10.394364
-5.742417
-6.211316
-6.665730
-7.053135
-7.813811
-9.240994
-12.384515
-9.765512
-11.304624
-12.317867
-4.487863
-8.028765
-8.532748
-11.146852
-4.518777
-7.738729
-6.460183
-8.158290
-3.615146
-10.559505
-8.423343
-10.956074
-9.890218
-20.162378
-12.429321
-12.558768
-15.884444
-25.729759
-14.840896
-17.336193
-22.063181
-29.769779
-19.404354
-15.391416
-23.893597
-26.432041
-22.017839
-16.018234
-22.966181
-23.299574
-24.275885
-15.415295
-16.998280
-16.616753
-23.917103
-13.364996
-7.431584
-9.916188
-13.123440
-9.192926
-4.863584
-6.871010
-11.037457
-8.205786
-3.076196
-4.907872
-7.948059
-9.453463
-2.116088
-4.554307
-7.313828
-7.582574
-1.694350
-2.410311
-4.256365
-2.418173
-0.870651
-4.106376
-7.653879
-3.163682
-3.778397
0.205880
-1.837580
-0.422736
-1.247016
-0.573036
-1.967240
-1.659999
-4.924797
-2.438541
-1.663001
-1.948809
-7.164258
-5.413245
-2.931674
-2.959393
-6.716898
-9.103835
-5.078813
-5.008420
-7.078743
-10.076119
-8.876706
-9.105152
-12.302136
-12.295043
-10.873599
-10.594378
-11.421333
-11.205163
-10.826413
-9.397029
-9.588387
-10.431876
-10.176205
-9.165470
-6.430706
-8.565185
-5.819240
-3.894442
-3.547016
-5.851904
-4.100377
-2.809613
-6.203023
-4.945930
-1.092864
-2.183525
-9.940523
-8.829625
-3.611762
-4.271491
-11.061069
-8.097842
-5.951763
-8.060709
-14.676108
-17.015764
-18.499880
-18.043097
-12.835931
-15.392154
-17.065798
-17.321802
-11.473657
-19.026880
-17.213530
-15.025446
-4.248429
-8.442019
-8.357335
-8.644073
0.854501
-3.708113
-0.832348
-5.026503
-3.487751
-4.837113
-1.163637
-6.046895
-7.959833
-7.761956
-4.306802
-7.391061
-10.043963
-10.430634
-8.081611
-9.644282
-13.577020
-17.193115
-18.042259
-15.364372
-17.485163
-14.234607
-12.721469
-13.118521
-15.795007
-15.411117
-14.989237
-9.916095
-18.396008
-16.688734
-14.140895
-10.353609
-19.491037
-16.709450
-15.302633
-10.429417
-17.515781
-14.667665
-15.208446
-13.214014
-16.282223
-16.918650
-16.019266
-14.033270
-11.942387
-17.414202
-12.550140
-16.204590
-13.134915
-18.236771
-13.808957
-20.243647
-14.315505
-22.727285
-15.578504
-17.917753
-16.331758
-22.173159
-15.426788
-13.663015
-15.256391
-21.632778
-14.135817
-9.720949
-12.615092
-17.149796
-8.858122
-9.495276
-11.753695
-16.975214
-10.281669
-12.276654
-12.832985
-20.722141
-6.289131
-10.331666
-16.769453
-21.239021
-11.544353
-16.056877
-9.948541
-14.527974
-5.636681
-9.824888
-5.509210
-7.889308
-0.419153
-3.480233
-3.415798
-4.980012
2.016156
1.755975
-4.094118
-11.452915
-3.813685
-1.601243
-7.180545
-13.745260
-9.671709
-4.991501
-12.934267
-15.741647
-13.622287
-8.554435
-15.909526
-21.512592
-18.081242
-9.706355
-17.269505
-22.293627
-21.216812
-9.975612
-13.788715
-16.444817
-17.042847
-11.069619
-9.671274
-8.422086
-7.693796
-8.420765
-7.266726
-2.490614
-0.622461
-8.367324
-6.464928
-3.039743
0.048521
-8.852105
-7.853872
-6.859293
-4.647878
-10.670562
-11.303932
-12.149163
-11.626409
-12.114721
-10.681933
-10.828587
-18.697256
-19.961103
-21.121931
-22.279808
-35.552685
-41.017899
-53.343086
-40.274685
-52.656654
-59.024036
-47.556637
-46.101665
-59.418877
-67.604668
-54.520512
-52.587032
-57.981594
-66.241974
-59.944134
-57.164761
-57.175774
-62.294968
-58.828423
-64.240776
-57.700752
-60.709457
-56.527489
-62.883163
-54.714134
-52.760567
-54.575737
-58.418179
-42.697086
-35.034019
-45.091652
-48.302948
-38.895119
-29.195070
-40.748486
-42.264423
-33.907593
-22.382212
-35.931252
-37.164749
-36.374599
-19.588070
-29.560814
-30.097099
-25.838940
-12.694561
-25.307280
-25.447592
-24.980272
-12.406877
-22.721468
-23.358271
-19.538803
-14.140404
-18.238667
-25.885630
-27.362753
-17.805817
-15.142984
-19.950108
-21.960863
-11.822948
-12.987959
-21.247524
-34.949059
-16.472569
-19.415958
-20.786869
-24.390724
-9.994893
-12.050214
-15.471774
-24.123156
-13.839389
-12.383866
-13.075712
-21.388187
-18.662811
-13.886418
-11.153407
-18.402679
-18.159227
-12.089897
-14.241228
-15.249693
-15.911373
-9.674133
-15.252107
-18.981899
-19.558685
-16.895695
-15.367624
-17.998537
-23.342400
-15.062541
-17.983744
-12.849953
-18.084122
-18.934250
-19.347746
-10.391806
-15.610770
-15.977379
-13.389342
-5.092952
-10.303900
-10.068269
-6.605829
-4.338446
-7.535468
-4.998213
-5.090016
-5.207595
-5.507587
-6.107717
-9.811960
-11.563649
-10.605924
-7.138712
-12.852612
-23.334467
-23.506367
-29.082481
-36.098911
-44.357773
-36.051773
-32.771599
-45.696648
-36.101368
-27.683666
-32.574211
-47.503609
-37.217373
-29.065374
-32.296177
-37.266392
-39.277874
-32.737530
-32.625515
-32.757748
-34.876652
-35.782234
-33.769238
-36.341022
-34.415688
-36.863094
-38.929905
-42.726204
-41.754955
-42.535671
-39.671795
-44.958889
-40.924019
-43.688896
-42.816971
-62.262814
-60.295563
-62.358334
-61.420956
-74.832382
-72.928345
-55.566452
-73.978523
-76.969444
-79.137703
-42.289185
-72.699112
-73.174385
-74.159561
-35.950321
-66.116844
-70.728500
-72.172699
-36.271667
-68.467857
-68.535332
-79.968552
-24.178284
-57.761101
-56.885792
-62.423756
-21.152216
-33.590366
-42.448677
-37.866791
-18.944475
-22.593708
-32.999771
-34.234924
-19.259956
-17.688568
-29.342394
-29.577021
-27.055952
-24.579617
-31.993887
-30.571924
-32.047047
-32.550217
-37.495930
-32.338390
-32.915047
-36.002140
-36.716064
-26.182579
-28.553782
-30.925581
-32.476799
-25.334391
-23.182180
-27.070042
-30.475834
-21.251928
-17.451090
-28.509996
-26.531322
-24.903452
-30.143400
-15.536665
-18.721792
-17.963606
-26.362772
-10.947524
-15.351683
-19.107899
-21.685122
-20.564608
-20.297575
-22.705248
-23.828882
-33.757294
-32.338310
-27.958700
-27.208221
-35.047470
-33.021812
-30.444954
-21.987518
-41.253181
-33.436096
-33.036106
-23.776463
-36.471790
-31.145210
-33.284073
-24.884018
-34.194244
-29.823902
-38.675816
-21.006413
-30.828400
-24.062366
-37.665035
-21.799561
-29.656122
-25.462519
-37.533237
-20.056067
-19.419935
-17.458330
-29.540157
-12.587509
-12.035856
-10.797972
-20.284657
-6.404140
-6.597854
-3.957050
-8.833099
-3.192561
-4.776811
-2.422300
-6.437612
-10.341732
-10.398782
-6.635253
-10.072421
-10.717711
-11.344816
-11.738116
-12.430135
-14.579022
-20.054569
-12.501943
-11.048185
-12.273193
1.686842
-5.754973
3.465165
2.553259
4.886168
-9.962272
2.192492
1.461036
-7.525129
-26.070467
-11.585878
-14.377133
-36.513756
-51.555927
-35.504677
-33.913769
-60.282940
-66.966408
-52.105053
-53.033764
-70.449501
-76.145569
-68.061455
-54.639256
-66.636017
-67.951027
-72.317116
-48.326336
-52.042427
-53.176414
-57.951542
-28.881611
-31.438238
-35.782063
-42.461891
-17.798588
-15.942507
-21.777864
-21.068640
-10.479959
-8.633793
-11.836242
-8.293598
-4.672961
-1.361472
-4.298126
1.688687
0.018323
-1.968607
-6.725879
-5.460595
-1.822840
-3.802294
-4.379367
-9.719899
-0.756826
-5.099833
-8.263518
-12.486515
-4.535831
-7.261805
-2.935853
-0.399715
0.684018
0.341922
-3.880890
-0.764294
-0.550031
3.960267
-11.441652
-1.208724
-0.080842
-1.136367
-21.351465
-15.249331
-13.831621
-12.424960
-30.976906
-30.452946
-32.169949
-26.705084
-31.349218
-31.253136
-36.440651
-29.036980
-22.911507
-28.354488
-29.236519
-16.242575
-14.971282
-21.900076
-18.835165
-8.668454
-13.406503
-14.790604
-9.920309
-5.116752
-6.516525
-6.660139
-2.230740
-2.179225
1.981419
-2.823843
-1.243312
-2.453933
2.176783
-0.875024
-0.230995
-3.257880
-6.897332
-5.776036
-6.112603
-9.255651
-12.400836
-19.600403
-19.644781
-17.832468
-22.840611
-35.646767
-32.797268
-11.138705
-17.659132
-27.934622
-29.639030
0.568603
-0.506231
-27.073288
-26.317814
8.328683
12.314790
-11.508409
-12.524787
10.705896
10.770855
-0.183520
-5.099356
-3.883264
0.092155
-5.011558
-12.125122
-15.211473
-8.611746
-12.493876
-18.808403
-25.733606
-21.952082
-22.691816
-27.823793
-32.999096
-36.642105
-38.744232
-41.603737
-47.429195
-33.750660
-33.646751
-33.816429
-44.954445
-36.732803
-33.994816
-26.052584
-43.958637
-45.506226
-41.433590
-25.076183
-46.951736
-60.601685
-54.792583
-28.232405
-47.298260
-59.046028
-56.491249
-33.560783
-49.324738
-54.236572
-53.892818
-33.463646
-45.508381
-51.601513
-48.206284
-30.294645
-43.054737
-45.688541
-46.336945
-20.954702
-30.676908
-32.154602
-35.694199
-9.375610
-21.072540
-14.393547
-24.017199
-5.482018
-14.448190
-9.003274
-21.336472
-7.327995
-13.133702
-12.242386
-16.581091
-12.041589
-19.545792
-18.905275
-23.703167
-18.397211
-21.838194
-25.512932
-14.683330
-14.053882
-26.253704
-26.548037
-10.672186
-14.403582
-14.666570
-17.535408
-0.150171
-2.864621
-2.604428
-0.015822
2.772669
1.418111
-2.675334
-0.149862
-2.497077
-0.054060
-20.584761
-20.217728
-19.244236
-15.584735
-39.993496
-39.482990
-42.425282
-32.943653
-59.767750
-48.530922
-58.037849
-42.745232
-59.822521
-44.003666
-53.080399
-35.369297
-52.400738
-28.695700
-38.502731
-22.238098
-31.809681
-16.116230
-22.397186
-9.810516
-20.266569
-5.869789
-9.698450
-5.526616
-12.846010
-1.248869
-3.942436
-3.095179
-8.174294
0.691456
-3.292532
0.068393
-4.985957
-0.621242
-6.467188
0.846612
-3.825333
-2.163330
-8.061473
-8.557334
-9.228662
-8.302216
-1.919390
-2.067803
-2.207867
-2.262567
-6.127348
-6.862929
-8.178986
-6.387296
-9.654728
-10.604680
-11.060615
-9.392682
-15.191634
-16.773594
-15.614088
-14.431491
-19.799858
-22.418627
-25.897022
-24.058586
-23.406824
-26.339514
-28.772100
-23.825869
-24.182554
-26.177013
-30.293507
-30.955992
-27.327263
-26.251856
-31.463470
-36.205791
-28.928537
-24.807825
-31.430754
-34.044182
-30.484503
-25.221745
-27.279015
-28.749708
-25.223007
-24.840185
-24.953079
-26.730604
-21.754517
-15.497160
-18.036760
-18.096207
-14.933505
-9.664855
-13.198413
-13.589918
-12.527004
-6.541686
-11.205744
-10.573232
-12.041215
-7.090320
-7.530281
-8.507709
-9.280876
-5.508721
-7.632459
-9.213929
-11.292563
-7.130149
-7.247680
-8.600462
-10.776080
-6.431393
-3.888335
-7.964357
-8.193045
-7.585186
-5.901388
-9.836676
-9.258910
-7.082924
-8.926613
-10.389860
-9.588261
-8.655968
-10.554024
-11.670980
-12.791252
-11.700353
-8.906359
-14.414526
-12.617543
-11.039115
-7.526392
-13.146090
-12.498226
-10.954610
-10.280985
-12.774734
-12.710436
-13.045237
-10.292174
-9.583257
-8.024834
-6.953037
-7.958538
-11.682424
-6.839603
-7.165570
-10.140708
-8.924563
-5.368082
-6.774571
-8.255288
-8.709720
-4.432704
-5.223513
-7.128307
-9.773038
-3.953860
-4.408679
-9.124226
-10.402850
-6.292161
-6.255605
-9.009798
-9.779331
-9.288214
-9.071596
-9.604156
-13.975821
-18.002354
-16.208887
-12.790593
-16.047579
-15.728011
-15.708941
-15.958767
-19.234646
-16.127905
-15.220295
-14.063685
-19.340752
-17.534033
-16.460201
-15.838166
-21.255760
-13.250712
-11.569049
-11.289974
-18.900736
-10.775956
-9.769640
-10.735179
-13.197717
-12.617238
-13.024869
-11.771359
-11.978537
-13.004702
-12.760587
-12.612514
-13.285222
-13.467168
-14.197190
-14.937899
-17.524412
-16.640162
-15.787006
-16.417700
-17.306412
-16.469273
-15.096314
-17.728289
-20.905027
-21.282001
-13.971346
-21.868408
-24.715115
-23.492035
-17.299770
-26.632242
-33.050953
-33.622482
-15.594014
-26.834072
-32.282589
-32.978916
-13.715962
-20.249321
-25.917139
-27.793468
-15.818336
-19.264954
-21.466888
-23.322029
-16.467249
-20.770828
-20.004389
-22.980537
-12.578105
-14.498104
-15.742384
-15.013533
-11.978142
-12.628017
-15.794890
-13.579691
-11.476967
-12.872453
-15.900595
-10.682481
-9.830538
-11.205642
-15.305402
-7.139761
-9.926261
-10.708934
-12.778151
-7.537946
-7.387930
-10.644925
-12.674281
-8.744519
-8.764272
-11.598354
-13.548788
-10.783908
-13.864814
-11.176307
-10.733442
-8.803226
-8.895431
-15.817403
-15.291179
-10.958842
-11.176612
-20.975636
-22.255093
-17.213396
-17.810308
-22.365210
-24.852222
-21.391077
-16.352291
-26.223372
-28.101904
-24.316151
-18.605158
-24.751146
-24.641966
-24.388603
-17.183313
-20.893528
-20.551073
-22.858229
-13.917654
-17.705784
-15.234808
-19.130442
-11.237940
-12.314308
-11.576777
-13.878270
-12.866769
-10.014647
-9.742512
-12.451298
-10.466829
-9.425964
-8.863300
-11.281657
-10.183424
-9.684813
-9.026750
-11.198400
-9.776481
-9.773244
-9.481899
-11.436351
-9.036590
-9.940604
-9.437180
6.097866
6.547546
7.271207
8.054219
9.288402
10.896018
15.604077
5.633595
6.604079
5.700708
-8.923182
-10.541436
-9.849344
-11.162222
-22.020844
-24.130751
-19.922766
-22.867001
-30.857216
-33.566772
-31.496008
-32.322670
-33.950623
-45.812508
-40.245998
-45.437187
-42.719303
-62.002552
-55.247032
-45.393169
-33.590454
-57.520138
-51.372234
-43.600471
-27.742865
-54.719238
-52.097141
-38.042358
-23.631790
-48.194530
-47.281834
-32.503841
-21.065437
-40.592648
-35.616852
-13.530149
-9.543943
-28.551107
-28.015144
-10.634267
-9.369876
-28.473839
-25.800457
-6.880924
-8.067689
-24.193899
-20.420111
-5.383125
-2.699260
-11.619879
-10.668195
2.599891
1.752527
-0.458514
-3.550546
2.538450
0.156725
-0.077242
4.725420
7.288066
3.233022
-17.619802
-2.238147
3.487700
-6.589038
-25.896255
-4.649711
2.380310
-12.349219
-35.129925
-9.312409
2.948635
-15.392678
-40.217316
-8.673755
6.680802
-17.007887
-46.450706
-13.163335
-0.332847
-18.540482
-37.841568
-10.238526
1.996259
-13.349138
-30.418278
-11.259652
-4.019809
-9.060102
-23.535723
-9.671707
-2.256212
-2.406558
-26.311794
-17.469864
-10.371717
-6.321129
-23.044199
-12.186554
-9.201606
-11.157162
-19.664099
-10.129962
-8.293533
-14.923559
-19.303783
-6.693169
-6.993745
-21.419779
-17.155535
-10.196372
-7.422974
-21.655182
-15.621768
-23.973362
-16.981516
-3.425946
-0.594776
-5.961378
-0.018213
0.481623
-3.657658
-18.135641
-14.817224
-6.236147
-9.524158
-18.630474
-19.948349
-13.817706
-20.330767
-20.457392
-25.784037
-13.328964
-18.669329
-15.633802
-20.387480
-16.337156
-22.897051
-24.155304
-27.601620
-24.474298
-26.881533
-32.331909
-35.750805
-30.787069
-31.323015
-34.003349
-36.438683
-31.813265
-30.097584
-29.087278
-34.997791
-35.089329
-43.878979
-44.883816
-41.229965
-46.805698
-44.166344
-43.959389
-38.262363
-46.172161
-44.783535
-42.863132
-39.220814
-53.202503
-53.953915
-48.709324
-45.862720
-64.131012
-65.540680
-58.641956
-40.707382
-59.428833
-45.564350
-39.814400
-33.407188
-48.570652
-36.328564
-38.679920
-25.835636
-35.712460
-32.268612
-34.221855
-21.688253
-27.776382
-30.435820
-39.558838
-13.649847
-19.619207
-24.946644
-33.028233
-19.757805
-24.608118
-32.777660
-39.689869
-26.069408
-32.500626
-41.242439
-38.879261
-30.215725
-36.336575
-47.680122
-30.862875
-26.781315
-33.712254
-44.020008
-24.144552
-22.645685
-28.754442
-38.651188
-13.094716
-11.216960
-22.899546
-34.537704
-11.961713
-10.207643
-11.723521
-23.918564
-5.199021
-8.966670
-1.757763
-12.977322
0.994729
-10.255080
7.119192
-9.783854
3.039631
-11.213958
6.961255
-15.269069
-2.884834
-7.609773
10.136191
-10.686582
2.340304
-8.034717
8.550983
-7.489395
2.279452
-8.483508
5.151967
-6.510573
4.252577
-6.744580
-7.827327
-13.074959
-6.692767
-11.186902
-13.024709
-12.738715
-11.950823
-20.896233
-17.764967
-13.205518
-18.645821
-22.254311
-21.390184
-14.050847
-22.887747
-23.330753
-22.448313
-16.778173
-25.416233
-22.472773
-21.244699
-20.598686
-28.912811
-21.223579
-19.555973
-19.907152
-6.852400
-7.249696
-7.644142
-7.815457
-14.724759
-16.093752
-19.007408
-15.491557
-21.137007
-23.810009
-21.147255
-15.535751
-9.980903
-10.826352
-10.727061
-7.368666
6.068441
7.366143
10.982583
-1.289733
9.847109
12.584320
9.659384
-16.729713
-3.842628
0.434148
-18.593285
-30.051741
-24.747747
-26.700527
-39.095280
-42.754375
-42.934841
-42.143894
-52.231342
-51.778145
-56.200329
-46.417290
-55.403702
-57.603806
-58.664555
-37.409195
-44.366837
-47.124664
-49.749878
-20.461489
-23.392096
-28.562517
-29.259254
-10.910089
-12.264821
-17.199034
-15.688748
-0.440000
-1.278580
-3.965505
-3.533765
5.454632
2.997981
0.151959
5.206687
2.031115
1.378915
2.070730
3.239542
3.503329
-0.699196
-0.302189
-4.431674
2.113289
-1.733852
-3.971991
-6.471194
-1.213856
-1.788226
-11.054722
-6.449193
-3.651565
-2.700398
-12.078003
1.485941
-2.685773
-1.225696
-13.648578
3.067235
-3.093507
3.337645
-20.118982
-10.455490
-14.162069
-4.933104
-21.268234
-16.240671
-20.847382
-9.807232
-20.733017
-20.059275
-21.780766
-6.869362
-16.581068
-16.930126
-19.385729
-3.013705
-7.968239
-10.158735
-13.860204
-2.867613
-3.391725
-3.431589
-4.520699
-0.766915
-0.226920
-0.415390
2.644110
0.578861
0.666197
0.284045
-1.009952
4.404783
3.144392
-2.164419
-1.914242
2.200108
0.051317
-9.045713
-6.443336
-5.414206
-7.691707
-26.879833
-20.121639
-11.238348
-15.467388
-22.300526
-24.209660
-10.406639
-11.896847
-18.454062
-22.928858
-2.522048
2.197049
-13.293984
-18.197109
10.220298
21.083864
-3.386861
-10.209129
-1.880492
8.830788
-13.548383
-21.796972
-14.670423
-8.084451
-18.723875
-23.172089
-21.164570
-20.754894
-21.002918
-24.815746
-24.282854
-27.935549
-27.035791
-31.177118
-33.250099
-29.958727
-28.022158
-20.809586
-31.763771
-21.985193
-18.429050
-15.059020
-24.941343
-4.353237
-8.495670
-13.055683
-16.900099
3.014748
-5.394325
-14.128036
-12.458656
-8.576040
-16.580082
-19.416611
-25.487814
-26.328461
-29.178791
-22.658134
-31.431820
-35.399334
-36.222881
-26.802799
-36.243576
-36.460239
-42.107059
-25.159260
-33.203762
-31.118002
-40.524014
-15.635412
-24.218760
-17.496075
-28.594336
-9.717797
-19.097870
-11.950199
-23.089582
-6.010911
-14.435668
-9.119251
-14.500880
-8.239960
-15.294965
-12.522945
-18.984106
-15.197408
-15.952124
-22.605835
-16.486805
-8.888544
-16.397339
-24.544750
-12.767851
-10.749101
-12.523055
-18.775085
-4.510225
-5.143958
-5.290630
-2.754321
9.623193
5.657135
2.038304
5.384790
7.830063
4.578537
8.236205
9.232191
7.479484
2.642855
-1.464883
-1.389417
-5.895870
-6.642702
-20.209913
-18.243439
-20.772699
-16.965303
-30.281719
-24.476635
-26.259129
-21.000566
-32.630268
-19.747669
-22.751331
-20.233002
-22.834951
-15.030441
-16.542761
-15.812049
-17.671955
-3.904337
-7.709296
-3.745614
-12.604679
2.858764
-1.985050
2.291039
-6.271260
5.168662
1.887472
2.520363
-1.498550
2.338716
0.224970
-0.050930
-0.299985
0.735711
-1.878613
-5.492292
-3.388297
-2.004237
6.007581
6.312805
6.457988
6.220588
-1.595593
-0.250991
4.270056
-11.211620
-23.874405
-27.591061
-32.570534
-29.594379
-47.073978
-51.721531
-48.255234
-45.143448
-61.869072
-69.893112
-70.589821
-70.526970
-69.248756
-77.164909
-71.115784
-79.118752
-65.751457
-71.636673
-53.240044
-75.543114
-54.915310
-43.863163
-38.661480
-58.016647
-45.917793
-46.219246
-42.800560
-55.107857
-47.815437
-45.572327
-52.864586
-62.603382
-55.699722
-53.374035
-65.071503
-67.133392
-56.952507
-55.345840
-64.297897
-62.393185
-57.769981
-39.913803
-49.123405
-46.785809
-46.277596
-28.466974
-28.187077
-24.949707
-24.794537
-8.423208
-12.022973
-7.164117
-14.322457
-1.205557
-7.541188
-2.675943
-10.477880
2.821608
-8.963496
-8.031358
-18.237022
0.417873
-4.180246
-22.009710
-35.276447
-15.372581
-17.401917
-26.982479
-29.570255
-10.763325
-22.139790
-36.131077
-27.008614
-18.568764
-26.939026
-41.149906
-24.300484
-21.306574
-28.331888
-35.585556
-11.058938
-18.542757
-19.565273
-33.279453
-13.802265
-16.471315
-16.092680
-33.471786
-24.491203
-21.846529
-8.051389
-36.792099
-25.113348
-21.972372
-8.509037
-36.563263
-26.445557
-26.564379
-29.285202
-34.002037
-17.300941
-20.544367
-38.022053
-32.953362
-11.155621
-10.761127
-23.928968
-22.166584
-4.821214
-4.033629
-21.852524
-21.213297
-7.016538
-4.050477
-15.692391
-18.164541
-23.202812
-21.913458
3.380411
-12.406703
-19.492891
-18.916615
-13.356452
-37.059837
-44.544834
-43.324570
-22.210091
-49.891087
-49.860050
-44.722404
-33.436504
-52.813129
-52.809597
-45.143246
-47.330379
-68.032219
-48.118015
-45.155411
-54.984222
-75.930290
-35.314430
-43.102612
-47.795540
-60.649258
-36.182983
-41.628365
-41.717136
-48.327152
-45.881802
-46.740986
-51.974651
-61.907452
-55.901257
-57.201916
-63.030560
-70.655838
-75.224121
-61.121418
-69.968933
-69.549835
-71.283707
-51.581932
-72.141258
-66.046387
-69.068443
-50.672447
-76.882782
-67.864182
-70.800003
-49.402843
-76.389656
-61.762840
-54.135246
-19.704288
-55.000576
-43.717342
-36.180801
-22.855850
-53.331421
-43.180294
-41.700809
-25.654066
-42.013947
-39.076569
-35.622162
-33.922455
-41.495701
-44.552750
-46.016701
-38.068581
-49.757984
-47.861000
-53.105343
-42.372967
-42.897465
-46.821301
-48.425957
-45.195957
-42.698299
-51.010841
-43.093517
-42.334949
-40.864674
-59.650921
-26.219479
-34.180656
-49.756603
-60.012604
-27.252556
-30.973181
-30.716951
-43.413574
-25.473501
-26.802010
-25.493650
-36.159027
-29.058033
-39.604015
-26.140196
-39.940342
-25.473413
-37.809010
-22.450878
-43.397007
-14.268213
-32.611889
-19.549847
-40.358421
-18.318933
-39.118839
-11.107959
-22.146729
-15.192604
-28.919884
-10.737561
-14.402818
-9.619608
-20.743876
-30.125406
-26.905037
-23.191772
-20.801476
-40.237888
-25.571859
-27.952436
-26.309839
-41.225353
-23.329674
-33.529671
-30.285191
-47.312538
-30.807808
-40.055641
-30.891298
-44.740768
-38.885170
-45.146053
-29.652685
-46.426006
-41.549492
-46.219807
-36.778450
-44.409252
-37.001728
-40.603176
-36.256409
-33.536015
-31.658285
-30.170015
-34.896595
-25.128948
-23.146612
-10.513648
-11.271776
-11.907503
-12.488688
-20.337776
-23.236847
-29.598288
-25.382250
-36.177994
-41.006348
-36.208424
-38.110741
-57.505859
-66.885254
-66.489571
-57.915363
-72.054466
-82.091316
-93.577057
-76.221214
-72.698532
-79.202545
-104.047890
-93.227982
-74.321213
-77.986305
-110.119469
-123.571762
-95.024414
-92.544296
-125.075279
-138.588791
-104.086815
-95.451279
-130.454254
-138.394577
-118.989929
-100.017960
-125.921188
-128.625961
-115.991020
-90.205940
-105.720665
-105.606056
-103.125214
-63.843151
-66.607605
-67.280579
-63.165001
-37.250549
-44.723701
-48.765434
-47.024696
-27.042141
-31.552588
-35.231457
-34.531120
-27.444080
-21.065416
-29.657934
-40.216671
-23.983311
-14.227588
-18.874319
-29.331312
-17.779772
-9.930202
-17.312059
-36.398087
-21.734406
-11.729589
-15.147750
-27.726063
-18.699560
-3.888590
-17.876854
-32.461273
-22.110971
-12.241933
-24.837894
-40.143211
-30.832336
-24.590813
-33.291508
-48.362976
-40.109818
-33.953110
-50.166172
-50.522518
-45.466393
-38.870567
-51.615311
-54.987278
-49.492435
-48.690742
-50.155739
-54.856369
-55.464989
-42.392864
-40.104366
-42.012291
-42.998127
-37.425449
-37.206226
-37.868179
-37.426098
-30.518732
-22.825567
-21.992857
-22.720736
-17.715229
-10.756371
-16.662943
-17.546700
-12.177652
-7.426908
-8.334208
-8.660709
-17.636110
-22.376312
-16.365681
-13.678972
-20.581503
-26.654718
-31.744019
-29.750195
-29.922953
-40.733093
-51.640518
-47.862549
-34.204155
-51.617867
-57.245605
-55.121544
-48.329056
-68.261169
-59.159328
-59.814392
-53.349792
-62.314285
-60.077171
-66.122192
-58.194576
-62.163002
-40.742977
-51.981785
-47.074181
-54.068264
-29.847708
-41.367405
-43.900871
-49.823421
-37.565681
-45.592476
-41.390377
-47.327023
-44.072826
-46.891621
-45.254456
-57.881199
-57.643658
-62.440102
-56.668049
-75.990761
-70.017670
-49.933495
-71.975662
-88.887482
-83.472549
-38.033421
-76.923599
-97.799599
-88.789886
-37.590336
-73.662811
-102.923210
-93.178810
-56.044548
-83.358788
-116.732521
-113.920982
-64.511307
-91.170006
-114.991425
-108.099380
-68.945786
-81.071449
-105.616760
-92.816605
-69.139671
-77.717499
-97.768364
-89.719887
-66.236359
-72.310455
-88.970276
-83.150589
-54.321247
-59.023384
-64.968384
-64.292984
-49.319859
-50.612854
-59.310169
-61.566246
-42.375050
-44.614967
-48.832867
-48.540470
-37.927952
-37.949928
-45.815998
-40.002872
-34.436279
-36.487469
-47.233902
-35.708084
-32.032990
-42.809853
-44.320801
-38.981045
-40.508411
-37.975288
-41.889023
-33.513824
-34.638680
-42.006626
-38.513699
-27.093807
-24.062073
-58.951702
-50.131321
-31.113932
-27.918987
-71.752914
-68.319244
-46.472794
-39.348389
-75.971977
-73.217598
-58.787876
-39.574726
-93.372894
-84.390747
-78.234634
-51.552517
-97.508888
-91.993340
-93.276932
-61.197281
-90.748772
-90.415306
-97.360397
-56.706787
-80.319115
-68.101921
-81.181763
-44.085838
-58.878483
-48.174980
-56.541092
-37.560585
-36.294125
-28.596992
-33.757427
-29.154646
-24.233166
-22.686882
-22.147942
-26.319000
-20.317511
-18.840994
-16.624548
-22.712053
-18.651028
-19.990776
-17.350559
-25.818382
-21.615463
-23.814116
-4.754007
-5.086865
-5.466290
-5.734850
-1.742687
-2.148717
-3.718651
-6.032973
-4.151248
-3.433232
12.760509
-4.961420
-0.291497
-0.274745
6.727857
-10.388347
-10.210149
-10.547771
-2.156154
-12.854596
-13.343576
-15.907153
-10.730757
-3.484181
-12.157664
-12.532785
-8.671868
2.752725
-7.080387
-13.987430
-9.067698
-1.724593
-6.853832
-2.351609
1.537551
2.115882
0.875562
5.005598
6.919158
5.952608
6.489519
5.129613
3.828126
4.747122
1.799733
-6.356206
-4.494259
-4.100910
-0.275761
-6.885009
-6.683214
-4.038698
-0.234757
-1.803154
0.526023
1.772436
3.003695
6.584684
4.848534
6.643447
-2.672204
1.981230
2.535683
3.528247
-10.200548
-8.709074
-2.690997
-5.431673
-14.889228
-14.083805
-5.476311
-0.605235
1.515356
-1.734337
-0.947791
-3.277402
6.574166
-1.916188
1.097055
-3.391440
3.501169
0.768514
-4.236316
-5.447259
-2.426903
-2.081677
-9.383923
-6.040166
-3.389275
-1.977591
-7.682878
-5.650365
-3.426389
-2.710745
-0.913802
-1.655138
3.461948
1.475599
3.967546
-3.652293
3.767543
5.120710
-1.730231
-5.856065
3.111044
3.512609
-3.984647
-10.448160
1.079554
2.326150
-5.619824
-13.563217
-1.279359
1.859833
-7.057120
-9.723035
-1.387745
4.001071
-2.946258
-2.795405
-4.513498
-2.593435
-8.222916
-5.436384
2.248646
6.097328
-14.620019
-12.445992
-4.248313
-0.174794
-1.554101
-0.246309
11.137248
6.629544
9.229187
10.722917
4.954839
2.974729
-2.822233
2.850984
-0.638481
0.140957
-18.442024
-18.207798
-4.690790
-7.695303
-20.769203
-26.640411
-11.163133
-17.266275
-16.973989
-27.468718
-19.716040
-22.120317
-16.616606
-23.944149
-21.530182
-21.649105
-19.784348
-25.602743
-25.776646
-24.248911
-26.720537
-5.286963
-10.076455
-15.339462
-19.814150
9.440069
-0.204468
-10.752345
-14.257240
13.851214
4.478223
-4.462675
-3.852738
8.033966
3.304711
-2.640271
0.135927
0.049715
5.804072
-10.113398
-4.483253
-4.869162
0.397629
-5.425475
3.759266
4.980067
3.517512
-2.590141
4.572500
10.310037
2.573573
-4.493634
0.140414
4.420619
0.990675
-13.080156
-14.005322
-9.295187
-9.051596
-20.568073
-17.378935
-20.166157
-12.966178
-17.519629
-14.987948
-20.663618
-7.569106
-9.892432
-10.102673
-11.142606
-6.629978
-3.842754
-2.989877
4.142010
4.554826
3.432019
-3.684438
10.352970
5.827508
7.353916
2.097959
12.144056
10.223388
12.058158
11.320683
18.984108
11.630958
11.693168
13.804851
13.003818
10.621267
2.692643
6.491460
7.487702
9.515619
0.372966
6.823631
1.850598
6.151406
1.367978
2.904411
-2.105292
-1.437475
2.756077
6.720923
1.888258
-0.921579
3.268315
2.901993
7.551371
3.512924
4.445137
-0.758823
3.317406
1.823076
-3.234564
-8.292522
-7.455111
-4.243162
-6.992192
-8.263925
-10.058174
-7.727144
-14.206748
-7.933484
-10.252894
-8.802840
-18.053841
-7.019173
-8.520213
-7.138486
-10.770048
-1.619957
-3.343953
-0.606694
-9.132760
-5.856419
-4.335072
7.133161
7.514369
7.669032
7.798507
1.266794
2.879012
8.288841
-10.955753
-18.777395
-22.664120
-34.318729
-30.736856
-46.242764
-50.002872
-44.282215
-39.884705
-52.467468
-58.231327
-49.686649
-44.421383
-53.486778
-53.772770
-33.676483
-35.066586
-31.916866
-30.773905
-12.300380
-27.179163
-11.765188
3.050341
1.853949
-11.549009
2.442377
-1.521305
-7.637644
-10.603140
0.163597
-8.634529
-19.959812
-12.626127
-11.066658
-26.397156
-29.125460
-19.485271
-12.100446
-27.772913
-36.217651
-28.128658
-26.317221
-19.023613
-27.230387
-18.167343
-22.347631
-12.232284
-17.805164
-9.669715
-18.314829
-13.712193
-10.509739
-5.205237
-13.450027
-7.267963
-5.216093
-6.920309
-5.954403
-2.141539
-2.751448
-7.146201
-0.135205
2.051015
4.746858
-16.608728
-17.558325
-11.841709
-11.466374
-14.943268
-20.183348
-14.606023
-17.440948
-15.276991
-21.980457
-14.220461
-15.280009
-9.909107
-15.341979
-10.902615
-13.006534
-7.976137
0.259763
-3.008056
-10.225054
-7.944988
5.915298
1.112662
-17.789320
-10.088287
-2.986427
-3.547011
-13.769425
-13.065277
-6.231884
-8.561556
-11.416312
-21.509336
-8.663817
-10.315169
-18.183161
-22.961164
-6.175865
-9.341417
-22.361700
-18.903084
-2.875839
-5.455049
-13.281978
-12.268533
-1.673647
-6.309335
-17.557056
-11.171214
0.438165
-1.670005
-8.778174
-7.275267
-10.357853
-15.086129
15.336181
1.799168
7.082700
7.592721
2.469201
-19.718887
-13.807577
-1.811525
-14.919214
-43.885090
-19.928885
0.332459
-23.584150
-57.123569
-27.025227
-4.214034
-29.735180
-66.227928
-36.621227
-22.491560
-26.165291
-55.008667
-21.982397
-20.043690
-17.383995
-26.559801
-16.909733
-13.382401
-12.345962
-14.078536
-18.395840
-13.530480
-17.400457
-14.080736
-11.876038
-21.771620
-25.016403
-31.536860
-38.773804
-34.817207
-42.059631
-42.736168
-45.803123
-34.347725
-49.252029
-43.586098
-39.945591
-33.434620
-52.206612
-35.201252
-31.906704
-29.766981
-42.586113
-16.749308
-14.424372
-4.471305
-8.332662
7.697679
5.340747
3.776258
-4.246490
10.623096
4.656643
2.598494
2.280396
2.901688
12.211408
-10.896578
-8.909907
-10.921723
1.757443
-22.826664
-26.717485
-32.862114
-23.501196
-24.773329
-26.822887
-29.329725
-21.263121
-25.318899
-25.029346
-27.636496
-17.086977
-23.334881
-20.333849
-25.161034
-4.815970
-18.796860
-19.812799
-20.067713
-11.409266
-21.169992
-14.153032
-18.598454
-14.295879
-14.011257
-17.358387
-22.725725
-23.890581
-27.330200
-22.959198
-39.201981
-26.690062
-31.184254
-19.110779
-34.832611
-12.206920
-20.252722
-16.914301
-20.509844
-10.844970
-21.988916
-1.435683
4.275843
5.049808
-4.893356
11.084970
23.015068
17.308683
5.786026
1.439656
11.304706
12.605789
9.286479
-6.700247
-0.486148
1.179543
-0.330070
-13.066018
-10.774692
-12.317721
-12.783112
-18.372469
-18.104248
-19.522755
-19.762964
-17.597824
-23.620480
-24.940697
-19.117693
-19.140457
-20.290007
-23.393568
-15.782329
-17.187050
-15.456116
-19.867224
-15.199530
-17.698025
-19.061968
-20.880539
-14.571774
-13.857668
-10.084460
-9.072546
-9.670621
-10.084926
-10.372560
-18.384687
-20.930775
-26.879852
-18.226753
-24.493401
-27.124802
-19.222460
-14.906372
-16.376009
-20.236702
-9.775380
-2.371969
-9.872840
-11.638893
2.786566
2.982592
-2.792428
-3.816481
-0.657301
-2.504414
-8.628122
-6.794848
-6.479430
-8.550503
-12.501244
-21.310516
-22.789173
-28.822163
-27.962498
-28.482567
-36.515171
-44.661224
-41.270206
-33.240986
-44.457489
-52.292355
-49.986500
-30.875105
-40.716473
-44.603168
-47.975574
-22.872278
-26.006338
-32.366352
-30.597532
-13.052085
-17.734121
-26.490114
-19.927513
-5.259988
-13.863636
-21.763865
-13.113528
-7.826172
-15.797557
-24.406487
-15.787317
-12.365284
-16.380362
-20.010756
-15.839771
-10.961828
-13.581244
-19.804750
-20.038849
-9.314097
-11.632483
-12.585124
-12.133110
-7.111415
-4.719448
-14.489695
-6.131492
-11.400535
-2.571053
-14.001300
-0.229193
-5.527868
1.074408
-18.634224
-4.158169
-9.602757
0.194956
-24.190401
-10.620460
-16.693443
-3.940039
-25.849731
-16.743902
-21.895823
-8.831286
-25.593014
-16.693138
-21.799290
-12.787234
-21.984900
-13.755943
-17.355894
-14.542774
-19.427624
-8.501789
-10.866541
-11.528337
-18.102936
-2.661630
-3.207964
-7.785737
-16.636396
-2.415885
-4.245959
-7.451960
-13.813334
-0.619162
0.153806
-1.567748
-8.648446
-6.267112
-4.719304
-7.180047
-11.386709
-10.846124
-6.967488
-16.384840
-22.680923
-31.302334
-20.895363
-15.915734
-25.104057
-30.136749
-23.551271
-13.120648
-24.933975
-30.307659
-23.868549
-7.291612
-18.249460
-28.197910
-21.331474
-1.935730
-11.914481
-18.531258
-17.964235
-9.228500
-15.064373
-19.447531
-24.013702
-19.308935
-19.584480
-22.444353
-26.828487
-28.200171
-24.139292
-27.094273
-31.427195
-32.904701
-36.532543
-39.898224
-43.303852
-44.289192
-46.769421
-43.780243
-33.520245
-45.557796
-41.516365
-35.376865
-22.460676
-40.068333
-25.961664
-23.831039
-12.451696
-26.206047
-13.012331
-15.228005
-14.380639
-21.516544
-7.148001
-14.696956
-20.949888
-32.495422
-16.127150
-24.869543
-19.636936
-28.582090
-20.069763
-25.652002
-22.981524
-27.583160
-24.284267
-30.403030
-27.781179
-30.471241
-23.993135
-30.962259
-22.221584
-28.026653
-15.266042
-25.612068
-15.612795
-19.833403
-8.131534
-24.628458
-5.787715
-11.276576
-2.102645
-14.431395
-2.358180
-9.168691
-7.295739
-17.444122
-4.452677
-10.454259
-17.077301
-11.120359
5.274732
-11.750901
-15.224618
-9.036473
1.292962
-7.944726
-14.867673
-7.317217
-3.782675
-3.491604
-5.638002
-7.300840
-6.393285
-1.300628
-2.345164
-3.511564
-6.191736
-10.945273
-5.750495
-1.268427
-8.247109
-19.904320
-14.110923
-7.976856
-13.144181
-29.638510
-18.948778
-15.526097
-16.501451
-34.343143
-23.971596
-18.109737
-22.532600
-33.013622
-21.799284
-21.672935
-19.881989
-25.010855
-18.751802
-23.426395
-17.307941
-21.168911
-12.764960
-19.573507
-14.016262
-17.782057
-8.581893
-15.189989
-14.564201
-16.722143
-8.669850
-14.333502
-17.166437
-19.312250
-14.669538
-18.294519
-17.115759
-16.593525
-10.863417
-13.529201
-19.937435
-21.450363
-12.836596
-1.261281
-1.198943
-1.115337
-1.070360
-7.515476
-7.877085
-8.737038
-8.303496
-16.146481
-17.689270
-27.409239
-14.729412
-27.779846
-28.839937
-31.822269
-22.050062
-25.926847
-30.574249
-34.743294
-25.615612
-26.844427
-29.989895
-30.312290
-23.554613
-26.730297
-25.666378
-23.616959
-21.403164
-22.234283
-4.228872
-10.278136
-7.557038
-6.501152
4.220578
-1.432821
-4.645815
0.108845
5.200037
-1.470551
-8.900296
-6.209034
-3.623955
-6.312922
-12.685633
-6.320105
-4.100476
-10.377789
-14.546952
-10.249611
-1.040079
-10.044311
-13.271434
-13.128760
-3.505032
-11.589525
-14.734517
-14.592957
-5.723444
-11.777313
-15.119779
-10.554049
-7.356898
-11.037734
-13.979569
-5.951765
-7.203085
-9.679399
-10.520782
-0.979353
-2.178208
-5.428523
-20.756935
-9.607108
-5.274863
-13.345667
-20.589361
-12.983927
-4.093805
-17.423706
-19.584135
-13.905505
-6.913041
-15.082218
-12.176040
-8.703148
-4.404289
-5.941149
-5.992175
-4.333222
-4.074041
1.071753
-3.466457
-2.546357
-4.351588
1.675482
-2.831474
-4.075022
-4.123564
-0.334478
-5.995102
-2.897084
-6.641817
-4.996300
-9.408077
-2.365362
-5.442238
-6.979083
-11.221871
-1.119856
-5.251171
-9.373553
-9.760255
-2.604963
-2.005962
-6.131222
-7.879629
-6.695192
-5.607870
-6.184839
-5.565664
-5.689915
-2.227187
-2.797036
-7.513932
-16.939896
-11.232024
-1.003850
-7.506955
-10.079427
-4.653039
-6.740230
-17.127180
-7.979019
-0.037616
-9.749423
-20.136244
-10.136642
-3.270949
-14.629966
-21.389019
-13.779485
-5.797483
-15.284589
-20.322428
-20.445972
-16.522974
-11.793258
-18.269350
-18.369110
-18.308186
-12.850659
-13.709668
-14.836598
-13.594068
-8.934657
-7.905738
-7.444455
-6.104413
-3.497949
-3.260245
-1.835184
0.802360
0.056122
-11.569334
-13.894837
-11.901184
-8.474957
-22.596975
-22.644945
-19.580990
-12.447179
-26.950256
-27.011932
-20.684278
-17.401146
-32.064651
-31.634434
-18.407566
-18.077589
-24.951345
-24.856466
-0.829021
-0.496625
-7.566694
-9.164285
8.164866
5.203589
-2.313290
-7.704469
7.399995
8.388193
1.232557
-5.119264
-0.805331
1.503363
-2.140446
-7.857162
-13.196586
-8.151874
-9.232750
-11.694042
-13.861991
-12.712625
-11.935519
-11.454711
-14.501341
-18.281456
-15.036078
-10.977602
-9.577329
-13.694116
-10.078780
-4.379715
0.888898
-3.127268
0.906746
-3.980849
3.634361
9.525693
10.468146
-1.106582
8.120090
8.746415
11.541256
-3.936365
1.257528
-0.689553
-1.847250
-8.430012
-9.099449
-8.650418
-15.151763
-9.975500
-12.419702
-12.299696
-25.885952
-17.757385
-14.848433
-13.405144
-27.163412
-22.020697
-9.642697
-11.223307
-19.136209
-16.118834
-5.373517
-10.652085
-15.226755
-10.639460
-2.507708
-8.347809
-10.058503
-11.921344
-7.722925
-10.449318
-7.838622
-13.911053
-14.066778
-14.027377
-10.677342
-19.102350
-12.078691
-12.911613
-8.960848
-17.846216
-5.467667
-9.944836
-4.964264
-13.623434
1.415293
-4.507708
-0.554964
-7.641798
4.893602
-3.858333
-2.539348
-9.222705
5.332271
-1.176150
-1.335017
6.720642
7.176560
7.371999
7.307109
3.230237
4.490809
8.110889
-8.354721
-14.051071
-17.106836
-20.259281
-21.604937
-34.091518
-38.859673
-31.573469
-29.406939
-37.240028
-43.932903
-42.488541
-34.502396
-36.773319
-41.082142
-40.968487
-31.562733
-30.099295
-29.912601
-23.418303
-20.510027
-11.729258
4.023806
-4.923885
1.235162
6.944658
12.274587
4.606553
8.653894
13.718256
13.722014
1.776655
4.572919
6.331094
1.130585
-5.754702
-1.256919
3.407944
-6.768084
-11.655631
-6.920947
-9.398163
-5.384837
-7.960992
-4.498255
-8.179318
-5.476775
-7.537566
-5.824637
-5.175179
-5.125800
-6.341146
-8.578648
-10.491118
-3.889926
-4.069009
-11.076907
-9.020464
-1.847332
-2.470634
-13.043986
-4.903077
4.177421
5.360972
-15.725228
-13.772328
-0.825895
-0.991512
-6.871537
-12.620481
-2.857652
-4.836194
-4.932779
-13.314244
-5.876713
-4.959193
-1.467770
-10.380363
-7.933333
-4.125794
2.747671
0.007112
-6.160789
2.033576
0.462129
4.794693
-1.595295
3.074930
-0.180094
1.346941
-0.811773
3.480892
-4.011724
0.233314
-4.377409
2.605736
-7.605895
-1.297373
-6.250749
-4.715005
-6.861033
-0.454117
-3.598896
-5.008230
-3.486424
-0.457323
-2.703642
-1.446801
-0.728227
-2.883483
-3.105079
-3.653247
-7.974006
-0.548349
0.413282
-1.997908
-10.152012
-10.795304
-9.624475
14.824578
-1.736295
5.373426
7.682891
6.244719
-14.122142
-8.069401
1.358993
-2.591245
-28.861351
-12.450373
-1.267867
-9.063115
-31.598070
-14.397011
-0.817096
-14.326362
-33.587681
-22.987579
-15.080370
-13.941072
-28.396828
-14.092896
-14.258585
-12.790123
-16.489971
-12.973565
-13.349492
-12.611461
-11.268486
-16.099148
-15.576461
-16.707811
-13.958660
-15.384889
-24.477198
-24.559114
-33.165672
-37.837570
-30.425339
-37.655190
-43.886772
-48.953655
-25.071287
-38.123051
-44.857185
-46.785641
-19.938286
-32.507217
-41.168476
-43.656425
-13.756196
-25.382557
-18.824875
-24.240116
14.945061
5.448787
13.986807
5.305477
17.747587
13.089827
22.223316
14.592162
14.148060
19.080351
18.867050
20.697374
4.054721
8.301504
7.752898
10.456893
-5.664909
-7.633835
-5.180559
-7.579582
-8.040011
-10.869930
-4.639612
-10.090746
-7.617717
-11.139897
-3.666686
-10.455298
-4.324652
-6.262587
-1.798756
0.589686
2.420425
-2.953299
2.360930
-4.480739
2.726970
10.283690
12.430757
-2.368345
10.932837
10.582062
13.099519
-6.441261
0.042285
-1.539332
-1.790504
-15.046860
-9.252355
-11.717860
-14.654493
-13.908955
-8.631626
-14.851733
-29.109764
-24.196661
-17.573187
-14.211460
-26.013454
-24.720331
-7.565910
-5.632527
-9.116700
-11.163501
2.119406
-5.976745
-9.664040
-6.632923
5.243920
-2.973755
-7.530637
-5.523116
1.196751
-2.340748
-4.758626
-8.813478
-4.326525
-2.880054
-4.640643
-8.550792
-4.388638
-2.787511
-5.983928
-9.957220
-0.789294
-0.984244
0.668949
-5.272901
1.684373
-1.270835
1.961203
-2.736636
-0.482230
-4.506323
-2.808514
-5.578076
-0.907943
-4.446637
-4.860728
-5.269103
-5.764225
-6.260773
-6.647500
-7.486556
-8.748864
-11.459183
-10.691919
-10.765209
-12.144871
-6.844306
-10.005948
-8.158195
-10.353991
-7.162499
-11.206909
-5.805038
-6.653727
-5.473477
-14.952062
-9.763992
-11.507063
-13.487222
-28.613380
-18.805420
-17.888172
-24.464937
-37.323853
-23.778688
-25.900257
-32.523136
-43.298153
-28.360367
-26.385511
-34.385902
-39.029678
-31.199852
-25.683502
-33.183773
-33.694954
-31.117174
-20.724405
-25.309914
-24.809118
-26.647554
-13.792019
-14.580674
-17.313366
-16.232649
-9.050097
-10.867541
-12.769647
-14.112347
-7.537480
-5.730984
-7.447191
-9.254827
-7.556213
-0.923170
-5.397789
-6.977895
-4.637045
0.711784
-2.046394
-2.870450
-0.592870
-0.313694
-4.613381
-5.500768
-1.616870
-2.926578
-2.490895
-0.977774
0.780244
-1.295012
-4.597246
-2.644373
-1.442248
-4.521528
-6.136664
-2.838428
-1.863593
-5.223570
-9.366991
-4.297884
-2.725981
-5.624881
-15.299376
-7.941656
-4.599246
-9.118749
-15.926054
-9.865544
-7.824871
-16.889709
-18.179934
-10.269599
-9.148673
-13.349017
-15.510533
-9.234015
-7.245134
-10.401364
-12.846045
-9.307745
-8.047188
-8.820991
-10.503065
-4.815392
-3.764321
-6.022174
-8.358403
-5.273038
-2.870865
-7.009106
-6.946252
-2.920374
-1.697510
-8.238004
-10.074804
-5.617272
-3.988087
-9.815206
-10.530313
-8.848730
-8.137950
-13.508814
-19.516087
-15.684861
-14.061955
-13.639695
-22.149067
-12.883292
-12.607201
-12.359388
-24.847931
-15.095791
-12.879073
-5.395730
-12.165717
-12.817026
-11.643120
-1.968074
-5.887251
-6.324844
-8.713001
-6.841963
-8.471067
-9.745870
-12.544991
-12.093446
-11.762143
-12.334949
-14.476839
-15.711761
-16.011915
-15.012171
-17.250721
-21.045486
-24.350225
-23.724970
-25.538794
-28.676302
-25.252123
-23.040642
-22.131762
-28.730709
-23.277941
-23.264263
-19.302740
-29.351715
-22.839760
-22.424515
-17.920006
-29.291231
-23.222578
-24.540710
-18.651146
-27.859316
-23.928734
-29.192934
-19.420343
-27.327581
-25.671589
-26.719332
-16.957575
-20.621040
-20.679520
-18.892176
-14.858058
-17.078642
-18.059248
-17.610117
-15.111096
-13.629721
-18.876114
-15.967575
-12.421225
-14.403708
-17.931973
-14.752235
-11.075426
-13.861698
-16.871193
-15.307517
-9.105529
-11.172217
-14.516373
-10.570099
-10.296089
-12.461302
-17.250887
-14.104506
-15.014247
-16.403929
-22.777576
-12.186096
-15.130460
-21.558605
-23.062313
-14.176460
-18.564796
-17.086302
-18.917711
-7.751464
-11.269015
-11.331694
-10.902296
-2.567539
-4.707325
-7.504370
-7.407663
-0.793819
-0.400943
-2.515254
-10.467787
-4.922476
-2.500568
-4.810358
-13.749779
-10.899463
-6.835808
-11.300747
-17.789581
-16.142666
-11.654375
-16.435593
-24.668928
-23.008430
-13.802421
-20.051395
-25.982592
-27.721916
-13.180080
-19.650448
-20.765419
-25.995390
-15.606029
-16.128187
-14.586897
-18.577682
-12.141840
-10.603892
-8.261238
-10.481821
-9.045424
-8.036946
-5.622528
-5.772474
-8.812776
-7.262712
-4.969430
-5.609586
-9.416332
-8.596848
-7.598305
-8.858577
-11.492426
-10.164945
-9.176630
-16.088678
-17.047224
-18.153997
-19.041460
-24.142546
-27.533169
-35.507832
-23.867262
-22.851835
-24.922056
-8.590005
-16.630671
-3.908533
-3.700107
0.559457
-26.953606
-0.543757
-3.356254
-9.274817
-29.386887
-14.881533
-16.082525
-21.443800
-34.886097
-30.605389
-28.035793
-41.140503
-38.373886
-41.363628
-30.702204
-44.542461
-37.725033
-38.742836
-18.112812
-36.279278
-31.055489
-35.628811
-14.826154
-27.901363
-27.905819
-29.627039
-7.417023
-14.572990
-16.236362
-26.927631
-5.366693
-4.639542
-7.074708
-10.094679
-2.653769
-3.263771
-4.986211
0.791790
5.345206
0.700751
1.178806
7.392379
13.022451
2.098620
2.919105
2.224257
7.074479
1.323984
5.924097
1.870977
4.496135
-3.049481
-1.620210
-14.974848
-6.094174
-15.610897
-10.922576
-10.471610
-3.125828
-11.949256
-19.135202
-7.126710
-3.875619
-10.041519
-16.233452
-3.972505
-6.311737
-8.063751
-8.999876
-2.607965
-10.513306
1.485908
-11.048131
-14.191143
-20.058128
-1.292505
-13.696609
-23.507423
-29.168510
-6.729847
-10.495840
-26.212606
-29.473009
-5.267848
-11.145529
-14.828991
-15.707215
-9.206180
-12.274976
-7.609255
-6.249546
-11.479364
-7.837698
-3.868156
-1.389277
-11.369616
0.125626
-2.914634
2.955837
-7.374310
4.139107
-3.370157
-2.739745
-7.091847
-2.820531
-8.725128
-6.338459
-4.917340
-9.255913
-20.466394
-19.574608
-15.210513
-26.983545
-33.208893
-28.237520
-10.916780
-20.616367
-13.876329
-19.907457
3.279191
4.451370
-15.504060
-25.605232
3.282403
16.122164
-13.141533
-26.175673
4.667762
14.016338
-3.849796
-15.092774
-10.868278
-3.699006
-9.938147
-18.077957
-20.975506
-18.270531
-16.077431
-18.402693
-21.955244
-21.689814
-18.884727
-19.545164
-25.151403
-34.168198
-35.433895
-30.889355
-36.648132
-27.311523
-28.331909
-33.260094
-36.729050
-27.522690
-26.631426
-28.671612
-35.201977
-22.977108
-20.988680
-21.339249
-30.942644
-21.648241
-18.487125
-19.915758
-29.871572
-33.241737
-28.863543
-16.944836
-23.003445
-30.355516
-25.524048
-15.082884
-10.812189
-25.284832
-16.802534
-16.765141
-11.397046
-24.453157
-23.170588
-18.915588
-11.883121
-22.748037
-24.413143
-19.700228
-21.625799
-25.526773
-20.687742
-20.867090
-28.817003
-35.399586
-19.858259
-22.783005
-32.326225
-37.144421
-14.656615
-22.204870
-31.627211
-31.798483
-17.144136
-21.343828
-20.210260
-26.808628
2.637956
-6.809497
-15.886409
-18.806271
2.281371
-2.393496
1.246757
-1.617667
5.825029
4.416886
16.691673
18.250765
7.081100
3.843739
4.321014
5.898169
-1.886615
-5.271124
-9.603894
-16.351408
-15.373821
-14.927822
-25.117418
-37.556992
-27.344921
-15.907969
-45.897778
-54.840775
-44.162785
-28.411501
-44.161880
-46.309444
-44.032578
-31.615086
-42.572525
-25.340555
-34.298737
-17.821062
-26.919832
-9.985789
-21.964987
-8.350912
-24.090107
-9.360362
-16.269255
-6.948076
-17.424332
-8.855906
-11.715706
-5.089766
-13.905369
-10.224547
-10.760771
-4.534795
-7.725434
-7.706004
-9.315129
-2.030447
-5.772626
-9.771104
-14.598410
-10.469956
-7.957088
-11.260994
-0.045129
-0.170229
-0.300819
-0.144733
-5.855072
-5.565426
-4.093957
-7.081368
-10.977717
-11.583055
-20.162165
-15.835963
-21.547157
-22.786371
-20.788803
-21.946672
-24.858545
-28.743574
-25.382133
-26.818310
-31.621632
-35.583466
-26.672329
-23.850359
-31.735126
-36.051483
-23.624378
-25.393370
-34.415592
-19.444765
-13.787131
-13.663803
-19.838627
-10.723454
-16.023371
-19.642412
-13.705423
-8.251678
-16.579466
-22.584003
-12.818089
-22.270945
-24.946402
-28.543798
-21.245037
-22.978107
-22.648737
-21.719597
-21.638809
-12.126151
-16.457129
-13.854027
-16.508816
-7.420172
-13.844419
-9.121115
-12.893058
-5.331937
-8.719528
-5.406887
-11.739943
-9.208326
-2.718888
-2.534900
-1.734804
-9.133866
-3.172422
-5.066664
-5.124290
-10.159926
-4.561391
-17.936720
-16.891644
-17.015532
-9.608554
-15.904180
-17.127445
-10.164063
-10.326471
-17.151716
-15.055930
-12.191040
-6.546639
-9.477159
-10.264610
-11.250106
-1.999617
-2.107015
-5.258016
-9.007240
4.045340
-2.880168
-3.839458
-4.855678
3.254418
-2.760585
-11.905444
-6.005405
-4.086314
-9.070148
-7.951338
-7.749183
-13.327547
-15.498953
-5.019768
-7.445084
-19.640049
-18.478619
-3.138230
-5.515364
-20.169071
-15.637666
-2.160250
-4.034422
-8.555901
-10.729065
-5.289070
-5.395130
-8.623240
-8.277472
-7.280762
-4.686862
-3.540838
-0.293015
-21.408255
-19.558880
-1.062532
-3.874880
-4.426425
-5.212869
-7.874579
-18.201334
-3.231404
2.003570
-8.513261
-28.025362
-0.392894
2.591417
-12.130165
-35.505848
-2.496967
1.254996
-13.913883
-43.037964
-17.428577
-15.199258
-13.907995
-37.030617
-16.072771
-14.265300
-12.178479
-22.284321
-6.633934
-5.043988
-2.841040
-4.333243
-5.128687
-1.342479
-2.856619
-3.071496
-3.338649
-2.846739
-7.118290
-12.135434
-16.996828
-18.747566
-18.725204
-17.206612
-22.838448
-20.799164
-23.764179
-14.720529
-18.255354
-17.736982
-31.913294
-19.336214
-22.056286
-17.006239
-37.449776
-31.605606
-30.571615
-3.548458
-24.914358
-19.293179
-17.655083
0.010633
-17.333578
-19.757179
-22.498354
-3.435100
-11.038094
-15.846921
-17.636946
-15.973326
-21.306858
-20.892208
-26.342960
-21.023251
-24.385759
-21.555033
-21.299229
-17.965105
-17.910818
-17.853487
-15.011694
-11.832786
-12.821596
-11.761168
-8.873815
-4.088143
-5.598306
-2.947051
-2.314840
4.982277
2.389770
9.268039
-0.719401
5.324467
-0.325433
4.718019
-4.696945
7.363239
0.207319
2.800312
-9.032537
-3.740047
-6.986044
-8.080559
-16.181097
-18.129486
-13.896176
-17.363352
-15.763530
-25.021168
-22.243504
-25.308718
-19.314211
-32.685375
-22.250624
-26.167492
-19.061815
-18.015764
-13.048091
-20.558216
-8.121358
-5.720788
-12.990788
-13.909851
-4.760784
-6.841913
-14.227845
-13.801410
-8.659067
-10.819065
-12.524571
-13.614505
-13.379911
-15.927670
-17.037542
-16.943590
-19.393631
-20.109331
-17.814381
-20.163155
-21.110413
-16.922382
-14.916094
-17.053225
-18.597536
-10.755550
-11.207726
-7.315757
-10.426717
-6.187003
-9.416378
-7.431741
-9.279951
-5.176347
-6.037882
-5.013947
-18.616869
-19.862913
-20.870312
-21.648764
-32.361301
-37.020603
-48.632278
-24.995525
-37.429707
-40.831928
-30.905531
-21.072948
-36.167065
-43.454037
-37.881290
-27.386137
-41.141354
-46.785786
-51.495594
-40.561245
-42.831757
-46.366844
-60.506332
-59.667496
-52.664719
-51.646633
-68.907471
-72.727295
-57.189407
-62.094646
-86.596252
-97.556343
-66.518959
-58.662323
-93.326302
-108.598984
-79.809624
-67.314407
-95.118996
-106.290382
-76.314110
-55.346638
-83.364021
-84.378319
-74.150185
-48.927273
-60.662968
-60.166286
-48.459785
-28.874855
-42.322613
-43.986362
-38.803551
-24.638857
-33.442532
-34.400417
-27.314608
-17.335569
-17.484993
-25.913141
-24.085409
-15.185909
-14.767751
-20.407219
-21.632359
-14.228167
-17.733568
-22.169344
-41.197094
-25.541908
-25.133904
-16.958315
-25.841860
-19.743471
-12.119863
-11.676100
-20.871922
-14.323349
-6.896811
-7.169121
-23.508066
-18.071119
-7.303946
-11.466479
-27.136183
-22.440676
-13.882158
-18.289803
-26.238619
-24.528502
-22.592171
-25.432774
-33.429245
-29.350277
-32.560329
-30.029861
-32.368351
-34.683250
-29.320353
-29.366980
-27.666447
-31.892412
-31.310448
-27.904362
-22.040464
-28.228487
-27.539013
-18.700146
-12.495370
-18.922935
-17.232719
-12.437408
-8.526720
-12.920928
-1.369216
-10.475512
-9.345229
-6.856819
-6.533639
-20.425049
-19.622467
-11.271527
-11.245928
-28.765963
-25.900715
-13.806312
-37.572777
-61.561321
-54.139740
-37.494667
-40.333282
-69.726357
-52.195702
-35.507328
-36.421741
-70.065414
-53.561226
-38.341927
-35.423882
-55.915527
-56.939323
-43.841389
-35.298416
-51.529011
-44.165936
-33.482895
-35.160984
-46.716038
-28.701590
-23.275124
-26.493151
-36.848370
-24.856438
-20.628878
-15.182016
-17.801003
-19.997620
-19.741526
-18.997393
-38.995815
-41.549824
-30.210489
-31.375900
-44.053085
-43.667614
-26.430676
-34.844940
-48.239445
-50.475307
-21.785257
-43.500343
-58.442722
-60.840195
-18.218342
-52.403355
-71.295990
-72.707458
-21.173687
-65.165863
-79.296249
-85.193748
-20.671785
-73.797272
-92.316399
-93.477684
-30.971968
-64.781067
-93.993576
-88.298401
-37.219303
-59.901764
-81.035492
-84.911461
-34.876072
-44.256100
-59.297550
-63.430683
-30.901314
-35.341038
-37.824257
-37.610146
-27.619801
-27.255327
-30.370413
-31.096254
-19.911922
-21.192381
-21.917349
-22.108818
-9.024788
-7.456489
-12.939846
-21.271976
-4.094423
-4.506570
-6.691707
-17.711756
-6.202700
-16.287109
-9.170537
-27.519981
-25.687851
-19.818409
-16.954576
-25.509115
-29.781155
-29.344742
-26.097778
-26.600889
-28.605761
-42.633499
-37.927319
-31.249722
-34.191624
-50.442959
-53.785088
-37.194523
-40.968937
-55.877888
-65.054924
-45.676678
-34.237896
-66.118103
-72.857246
-59.115334
-33.471088
-60.388325
-70.648247
-67.649117
-40.387115
-58.621372
-64.905724
-76.486649
-41.365002
-58.306877
-52.466331
-70.003685
-36.064911
-51.288559
-46.610016
-61.204128
-28.966000
-30.554380
-30.306345
-40.731560
-18.595505
-19.835161
-20.450214
-26.948872
-16.533695
-15.557670
-10.883852
-13.024899
-16.525255
-16.147387
-11.977682
-10.848289
-20.292961
-20.392279
-14.463576
-4.558547
-4.957755
-5.332804
-5.551724
-6.401402
-7.426330
-9.807332
-10.609370
-11.862909
-12.612112
-3.032270
-8.755790
-10.123325
-12.541898
-5.958214
-8.888309
-10.828891
-12.388101
-8.880870
-14.929434
-9.210480
-11.676341
-15.549438
-25.417202
-15.360928
-17.033621
-24.002293
-35.843849
-22.557655
-29.943150
-36.222797
-48.776226
-37.598431
-32.987705
-39.491779
-43.283699
-41.481102
-33.753429
-35.920174
-36.563999
-39.942078
-28.505743
-27.118851
-26.143187
-33.091068
-21.753519
-17.023170
-18.601671
-19.679508
-15.595104
-11.504949
-12.108037
-16.191061
-12.480460
-5.149165
-6.223538
-10.380390
-7.251163
-1.156865
-2.051563
-7.537194
-3.598787
1.690220
0.481118
-4.044953
0.654457
0.321581
-3.097552
-5.038747
-0.382402
-1.563991
0.176786
-1.331626
-0.909396
1.113101
-0.463297
-2.402883
-2.409505
0.009405
-2.361046
-2.677219
0.192756
-3.447625
-10.985707
-6.255373
-3.465210
-5.767866
-16.624834
-7.408670
-5.013919
-8.989731
-17.387802
-10.387705
-9.858634
-9.241396
-16.993952
-11.351007
-10.643867
-5.015844
-14.082632
-13.909578
-10.317676
-2.660346
-13.716895
-15.944955
-12.458882
-2.159829
-10.046804
-10.591641
-6.559394
-3.739114
-5.577862
-6.427111
-4.580556
-6.789423
-4.418152
-1.612287
-1.404507
-7.651187
-5.730316
-2.841113
-4.181406
-10.855788
-6.220881
-3.326609
-8.539001
-19.257748
-12.641902
-20.755857
-25.398127
-18.194767
-9.776760
-17.439421
-23.712576
-13.832948
-9.085855
-20.513399
-22.221333
-10.210349
-6.858061
-13.210998
-15.464746
-6.041655
-7.465581
-5.832122
-10.246332
-7.630039
-12.021756
-6.215205
-13.307726
-10.662580
-13.075728
-10.749695
-15.235093
-13.199528
-15.304585
-15.166287
-16.959742
-16.426252
-20.614758
-20.870901
-21.277252
-22.228167
-13.329535
-14.688327
-14.001282
-17.224848
-10.867232
-14.533777
-11.478477
-16.303591
-10.798354
-13.664241
-12.379135
-14.937209
-17.172115
-18.989862
-15.643554
-18.271185
-23.407726
-23.400835
-25.419035
-26.373295
-34.437954
-31.389565
-23.057156
-23.763010
-33.546200
-26.897766
-25.427769
-27.658676
-33.406590
-28.582193
-26.320635
-26.096769
-31.064054
-26.187050
-22.215538
-24.074553
-26.230093
-23.224125
-18.012281
-20.539728
-24.143890
-22.237740
-12.323874
-14.948698
-18.654202
-14.571484
-9.243003
-11.421456
-17.199270
-14.228352
-12.304307
-13.545694
-19.031641
-10.070913
-15.699673
-24.032948
-26.366379
-15.056069
-22.604101
-19.991314
-22.061321
-7.633949
-12.733706
-14.039476
-13.244087
0.241826
-2.009037
-6.995149
-8.485471
3.235127
4.944958
-0.848376
-6.340373
-0.684339
1.598981
0.095373
-9.027569
-6.482396
-5.988000
-8.014449
-11.877348
-11.432872
-9.472584
-16.868753
-20.476500
-18.164358
-11.477939
-21.090187
-21.346359
-19.494339
-11.272746
-16.769480
-16.103924
-16.436218
-13.845469
-14.680993
-9.555077
-8.396232
-11.656557
-10.218125
-5.591098
-4.094755
-9.874247
-7.486025
-3.796473
-3.412652
-8.324824
-6.990036
-4.782308
-5.128022
-8.328158
-7.431467
-7.486150
-7.387610
-8.502845
-6.786007
-7.880578
9.966218
10.465387
10.453851
9.959671
9.171139
10.679463
15.242442
-1.165671
-2.439600
-4.159546
-15.280357
-10.258216
-21.628208
-24.815533
-27.544693
-18.004940
-28.563850
-32.965393
-39.770729
-24.509418
-34.764378
-38.060699
-41.691891
-31.492100
-37.467560
-38.996902
-37.822945
-41.513805
-43.283260
-28.269514
-26.036579
-33.996101
-34.177071
-28.424406
-24.739216
-34.800350
-34.908768
-32.048595
-28.189693
-37.352940
-36.798428
-32.283920
-30.350594
-35.842693
-26.306242
-18.263865
-25.523216
-29.521307
-21.387199
-12.444057
-22.064354
-27.095989
-24.086720
-13.077454
-22.939529
-26.773977
-28.968477
-21.212151
-23.975452
-29.075073
-34.438210
-19.295631
-20.376173
-23.400263
-29.862272
-19.495798
-16.946043
-19.266544
-16.123960
-12.375458
-5.265734
-21.430042
-16.620838
-20.051586
-8.657397
-15.879443
-12.367494
-16.406305
-13.502174
-19.603863
-15.660745
-16.490387
-14.069871
-23.578867
-19.093414
-18.861187
-15.678786
-24.383673
-14.882470
-17.393543
-16.192642
-20.880501
-9.975437
-13.523468
-16.696245
-21.716976
-8.363342
-8.441533
-13.279901
-17.875019
-7.224942
-7.883327
-6.249148
-18.651516
-9.351703
-9.504107
-8.833557
-19.427887
-6.502183
-9.262757
-15.435960
-21.521524
-8.881096
-10.268168
-13.322073
-23.876369
-8.818871
-6.384214
-16.803064
-28.107107
-9.413664
-6.849372
-18.110254
-23.396566
-21.980675
-22.506952
-2.798903
-4.367606
-12.076207
-17.880358
-8.439903
-13.364732
-26.341070
-25.321913
-20.337866
-26.421555
-27.840538
-22.200586
-20.680387
-30.839699
-29.664930
-19.876648
-18.148129
-34.307018
-23.477385
-13.203559
-13.409548
-30.775961
-19.263115
-13.284678
-11.527997
-23.364878
-15.809137
-12.391626
-7.427011
-11.698605
-13.342943
-11.621213
-5.232086
-6.132184
-3.774254
-9.995354
-5.796881
-17.821066
-18.019964
-12.796644
-12.681238
-24.418705
-26.644833
-11.234386
-15.743290
-35.116257
-38.204166
-11.712600
-25.344513
-42.297310
-46.513741
-22.057451
-33.383778
-46.328922
-53.696541
-20.186769
-28.699577
-28.737003
-38.074833
-18.669483
-32.157642
-25.582848
-37.162548
-20.275682
-31.161560
-26.417990
-32.014194
-26.076809
-33.887981
-28.209181
-33.978935
-25.400021
-27.567371
-21.562122
-24.058147
-22.178135
-19.625872
-14.387022
-20.247019
-16.155180
-13.548682
-10.081784
-15.857904
-11.687824
-9.769421
-10.095573
-6.517647
-4.229783
-11.299413
-10.878817
-13.754179
-12.263152
0.100400
-4.515128
-9.773394
-11.320906
-4.863429
-9.017455
-14.977453
-17.486902
-21.450264
-29.755976
-27.196383
-25.064690
-32.031620
-40.620178
-27.297356
-23.723961
-39.451649
-47.668587
-34.439426
-28.894394
-34.373104
-37.735283
-34.019581
-25.455345
-27.687002
-24.779421
-24.889914
-18.376011
-27.072681
-21.634319
-20.014975
-14.803453
-24.486921
-21.561914
-19.965984
-15.533889
-21.668034
-17.719681
-20.782494
-15.722826
-20.360338
-17.107113
-21.267212
-21.026476
-19.457779
-21.258503
-22.957708
-22.628267
-20.157726
-22.948053
-23.831575
-24.468409
-21.835629
-19.120966
-19.034821
-22.784027
-21.708258
-18.550438
-17.012726
-21.186068
-20.547979
-16.819780
-16.265173
-17.330252
-18.087109
-18.320738
-30.263388
-34.500156
-44.363750
-22.405611
-35.182713
-37.457584
-31.779095
-22.543932
-32.370358
-35.866215
-26.816261
-23.926365
-33.230587
-35.872246
-22.852289
-26.874968
-28.421469
-33.072399
-27.081284
-33.894821
-34.191074
-40.952324
-33.507679
-46.179642
-41.150002
-64.911720
-59.352013
-72.138779
-61.475475
-72.324890
-75.307358
-82.732971
-74.236794
-70.717667
-74.896263
-80.111000
-68.586090
-54.080421
-60.767891
-61.588295
-62.697319
-39.320385
-37.806957
-41.328648
-40.685703
-22.766682
-23.003464
-25.575310
-26.473856
-11.895380
-10.205886
-13.817486
-14.100797
-10.717862
-4.845450
-7.778353
-12.764550
-8.946246
-6.770318
-7.842587
-12.722979
-8.291341
-11.148804
-13.489594
-27.402657
-18.399996
-18.429739
-9.403599
-18.217592
-11.073554
-11.484984
-13.594253
-14.226604
-6.372268
-12.182148
-15.639251
-10.983331
-5.443594
-14.491109
-20.697138
-13.391886
-6.824240
-16.482668
-26.403925
-14.871728
-8.064947
-15.567036
-26.258717
-21.598186
-17.865330
-19.973112
-26.215126
-22.439512
-24.408834
-15.321992
-20.756001
-19.994501
-22.115101
-12.884181
-19.816759
-18.355247
-20.552076
-14.815306
-14.868988
-13.583480
-13.400275
-11.980606
-11.081003
-7.920390
-8.581551
-10.336871
-9.342045
-1.386933
-3.885532
-10.267941
-8.773842
-7.370004
-11.446767
-16.398291
-9.274185
-8.580472
-9.443850
-36.836296
-33.154716
-31.172899
-27.666845
-40.061241
-40.036045
-30.897259
-27.658279
-32.393528
-42.824940
-35.975670
-30.446323
-23.949690
-33.366276
-30.435854
-28.133902
-22.393766
-32.479549
-22.774534
-21.481176
-21.705851
-29.958750
-20.994425
-25.461012
-22.883837
-29.216686
-24.133184
-28.206018
-27.987482
-27.823404
-27.963713
-31.864319
-34.303467
-42.493153
-45.259094
-39.802761
-40.860703
-45.950836
-44.503986
-33.237801
-42.262791
-43.231037
-44.244339
-29.962368
-43.924911
-39.188725
-39.990112
-31.615152
-44.076122
-44.561348
-44.195999
-36.524929
-53.239628
-53.367329
-50.699493
-41.345615
-75.469803
-75.349739
-71.165245
-41.897469
-73.370308
-79.031967
-72.673225
-41.663647
-67.602669
-71.394409
-73.156609
-35.046494
-49.282509
-53.244198
-54.576607
-23.990055
-29.450804
-30.214663
-31.933451
-22.251768
-19.887257
-24.345049
-28.318645
-18.250711
-17.781527
-20.720343
-24.412359
-17.068380
-18.861090
-24.899389
-29.804316
-22.160192
-22.945360
-31.377140
-22.082251
-15.158429
-38.808140
-37.920689
-22.838549
-24.398809
-37.509144
-39.233479
-17.757841
-25.166256
-22.429787
-22.717623
-5.835691
-17.849012
-10.568563
-16.358641
-2.566855
-16.318504
-5.861640
-19.086668
-7.328696
-16.362940
-4.753255
-21.738678
-19.292397
-18.233835
-17.710928
-28.851404
-30.121149
-22.746033
-26.288668
-33.795483
-34.535358
-25.287189
-32.544209
-38.279663
-38.741882
-25.982630
-34.166813
-33.529118
-32.888748
-24.209373
-29.592974
-23.081717
-24.507269
-22.960749
-22.387239
-15.048705
-17.875761
-15.763715
-14.557151
-8.315778
-12.016009
-11.526759
-12.263838
-8.046351
-11.102812
-11.749166
-12.509826
-8.654511
-10.409544
-16.405775
-16.587996
-13.435681
5.232982
5.615356
5.806812
6.045781
7.224339
9.015965
12.895247
5.166913
8.881460
9.764864
-2.420048
-3.135809
-3.169129
-3.333967
-13.855203
-22.125053
-14.014138
-18.940992
-34.632526
-45.738983
-32.751450
-39.813789
-50.885098
-56.101555
-47.803684
-56.533485
-52.328110
-54.095394
-54.293182
-48.742142
-40.224125
-39.527290
-43.996090
-31.653486
-24.272907
-28.993534
-34.633804
-19.227158
-18.546124
-26.333132
-28.433720
-16.673931
-16.329958
-21.611864
-19.212460
-14.371801
-11.726430
-15.776515
-15.929243
-10.141133
-7.858483
-10.965358
-13.357694
-8.834326
-6.556322
-7.257447
-9.159815
-3.537925
-6.233845
-6.433708
-6.346751
-0.945244
-6.302767
-7.506220
-5.973192
-3.882740
-6.301434
-4.256879
-4.318605
-8.766195
-2.363333
-11.466266
-10.188660
-12.288966
-3.781857
-10.091940
-10.936007
-5.655758
-14.700190
-18.646223
-19.560654
-17.384617
-23.649557
-22.546926
-22.098692
-22.390118
-22.374323
-20.172474
-16.634476
-20.497236
-12.859907
-14.693933
-14.180419
-17.132656
-4.594211
-9.289971
-14.156199
-11.493893
4.056417
-6.269828
-12.452033
-10.135825
0.863335
-8.037047
-13.483035
-13.013115
-4.641825
-6.004190
-8.252983
-9.315921
-9.488671
-5.445634
-5.727176
-5.832378
-8.547940
-10.093459
-6.621232
-8.804706
-15.348310
-12.117082
-5.668359
-7.139267
-12.383661
-6.486486
-17.454809
-22.494608
-6.978951
8.575303
-16.717880
-23.849585
-5.425749
16.431616
-13.419938
-19.519659
-2.178272
21.853626
-9.990593
-16.841665
-5.204865
14.389563
-6.938148
-16.375738
-13.413096
1.025427
-6.531022
-16.273705
-10.677097
-8.858371
-5.948289
-13.199269
-16.725203
-15.789745
-8.386608
-14.144199
-17.601395
-14.111451
-12.301989
-15.284875
-17.002056
-12.588367
-5.219184
-14.351354
-15.059016
-29.189745
-20.845533
-29.229866
-25.081482
-45.574627
-35.581661
-42.112221
-30.021059
-51.011189
-43.905510
-49.503643
-40.138023
-52.629780
-48.146126
-56.266602
-51.469757
-49.928879
-50.402901
-35.031540
-37.736214
-30.529737
-28.131222
-23.280966
-22.879831
-17.776888
-18.742615
-17.150196
-12.758317
-17.713329
-17.265381
-17.338427
-12.373897
-20.967705
-20.839705
-15.819678
-14.395118
-22.402693
-17.127302
-15.975483
-17.483831
-25.455439
-19.421659
-23.562376
-26.452406
-31.102404
-24.461535
-31.007801
-33.286274
-35.894169
-17.610723
-26.162203
-30.993170
-32.444351
-14.785106
-19.425987
-17.760799
-20.939196
-5.487160
-6.882276
-6.800932
-10.496783
3.028444
3.494509
-7.841495
-7.318820
2.332389
6.990077
-17.015272
-12.965463
-10.744113
-3.058307
-21.778067
-19.279613
-19.239870
-12.241774
-31.206129
-21.451027
-22.605797
-16.495363
-33.802971
-15.486432
-13.350560
-15.934808
-28.427679
-2.452270
-7.401206
-16.532816
-23.059183
1.508593
-0.903604
-13.901319
-20.603815
-2.203507
-3.094269
-13.983063
-16.479465
-4.082531
-5.545453
-13.535523
-8.536869
-3.698188
-4.535240
-9.786342
-3.088934
-4.018725
-5.095723
-8.975189
-1.727002
-2.514030
-6.485017
-9.022015
-7.592406
-10.690865
-17.669647
-1.562841
-4.351682
-10.919391
-6.120596
-6.411391
-6.622993
-6.477784
-10.833670
-12.170115
-15.321306
-11.415854
-17.091206
-18.375551
-17.523621
-16.802633
-24.298162
-27.042419
-24.932598
-20.198557
-27.899450
-30.832790
-27.743416
-30.327404
-25.668261
-32.017536
-29.256887
-38.715054
-32.802818
-38.875256
-28.114134
-43.508144
-40.081852
-43.422241
-31.463490
-45.659779
-41.533634
-32.931358
-30.097378
-46.766212
-44.902184
-33.434704
-34.198746
-49.065559
-44.246265
-37.246506
-34.871700
-43.978176
-42.854759
-32.111801
-22.155708
-27.679945
-27.562565
-21.088070
-13.182106
-16.290253
-21.267860
-16.084564
-4.167706
-6.412311
-10.428043
-11.929793
3.217454
-0.016515
-6.366528
-5.878620
8.018597
7.876414
0.281306
-1.210488
2.049662
3.620054
-3.291679
-9.719373
-3.370353
-1.867660
-0.166594
-6.275675
-0.826771
-8.771439
-6.849036
-4.196239
-4.938345
-16.027689
-10.424127
-3.482588
-9.205870
-21.411905
-11.068252
-4.378370
-12.551080
-20.557358
-9.585999
-2.283505
-13.096448
-18.852179
-16.568590
-9.105208
-15.907609
-17.070333
-18.799849
-15.139400
-13.210003
-14.725951
-17.515741
-12.401225
-11.478049
-11.196881
-20.508936
-18.500385
-14.255832
-9.189926
-13.559379
-13.391987
-12.627668
-7.585869
-8.433547
-7.271578
-10.102730
-9.171517
-3.368740
-3.349507
-13.369854
-6.836427
-13.373815
-13.186833
-16.987158
-4.462638
-15.030463
-18.381075
-24.582253
-6.956307
-27.648079
-29.958200
-29.368778
-7.621681
-24.777241
-31.003115
-28.062508
-9.530454
-21.917452
-29.500614
-21.757099
-7.212813
-17.896225
-28.838114
-17.171289
-9.187438
-12.346013
-19.646252
-13.737534
-13.401985
-9.693920
-15.349022
-14.574422
-19.934902
-14.048204
-19.612307
-21.017256
-22.058033
-20.392361
-24.461573
-24.998133
-28.355965
-25.926659
-29.263042
-31.686417
-30.599867
-29.520065
-23.783232
-33.765869
-28.089437
-30.081793
-26.428143
-34.171425
-20.150940
-24.220385
-32.377304
-32.287773
-19.363625
-22.440145
-38.843941
-35.051731
-25.523823
-23.578276
-36.604927
-35.215584
-25.399363
-18.396286
-27.674667
-21.199776
-25.071280
-16.704994
-27.839609
-20.639921
-31.455313
-29.357262
-30.190235
-26.066845
-39.103867
-43.596867
-21.306532
-26.876125
-28.278702
-34.637177
-19.084204
-21.463232
-25.785389
-32.899822
-16.946764
-19.855097
-24.931135
-23.971359
-17.064684
-21.877789
-31.897011
-19.154833
-19.280312
-27.141821
-38.154388
-16.267365
-21.499687
-33.089687
-39.554661
-20.462986
-26.940897
-29.127230
-36.199711
-16.243355
-18.958384
-28.925528
-33.866848
-14.443133
-15.736795
-27.272840
-32.274200
-15.909250
-20.988230
-24.910452
-29.719170
-13.656939
-30.342186
-18.228354
-29.713905
-8.316113
-22.299929
-24.732204
-32.704830
-9.616632
-18.726469
-21.881706
-24.689075
-14.115490
-19.813528
-22.873329
-20.503620
-11.709061
-14.714570
-18.390919
-15.849624
-14.076637
-12.982164
-10.750641
-9.433577
-6.533369
-13.148853
-4.992458
-7.171166
-4.568130
-11.634218
-5.119277
-5.785379
-5.566174
-7.174890
-3.215233
-1.351840
-3.867060
-7.415265
-3.637166
-1.640408
-4.747651
-11.785699
-9.145389
-7.835082
5.330342
5.726107
6.092299
6.372548
9.210890
10.928907
15.166349
4.475528
6.288748
6.741538
2.176639
-3.196952
-4.144873
-3.656716
-5.429196
-12.252564
-6.764452
-9.369206
-10.067086
-16.082548
-12.266378
-15.495715
-11.444889
-16.071665
-12.343618
-14.803832
-14.849174
-19.057074
-11.428645
-4.146526
-14.494430
-18.247316
-10.858425
-7.931610
-16.005272
-17.759207
-13.487236
-10.729450
-15.872510
-16.782406
-13.949428
-10.025679
-10.157696
-12.958149
-8.597712
-5.924167
-7.975535
-9.495506
-9.634448
-2.809989
-2.837398
-3.327783
-6.071014
-1.484049
3.101480
1.702445
0.399640
0.798781
4.346663
5.015005
2.427472
-0.601609
3.724394
2.286056
0.306468
-1.207094
3.445842
3.230821
7.381601
4.471259
5.490213
-5.322139
-1.411959
4.261397
-2.480999
-9.137573
-9.991700
2.242544
-4.765288
-8.404942
-7.306015
0.372036
-4.734607
-5.009539
-6.368706
0.834041
-4.134583
-6.618099
-7.121909
-0.384961
-3.408911
-6.685181
-6.005483
-3.460265
-2.684755
-4.583942
-6.358882
-3.375214
-3.199949
-3.522959
-3.730023
-2.868263
0.637581
-2.649338
-4.284275
-3.620786
3.264893
0.258974
-3.176729
-3.488729
2.833201
2.423921
-1.007030
0.509940
1.682042
2.245818
-2.245663
-2.893267
-1.805429
2.082836
0.170639
0.448474
-0.474996
1.158812
-4.875737
-5.957391
6.246747
7.650071
1.805528
-1.723617
4.018047
5.574782
-1.359475
-3.531464
-1.258886
0.619042
-7.901964
-7.761972
-3.750072
-3.364930
-10.417667
-9.626720
-5.027523
-5.512274
-10.779171
-9.393274
-1.903118
-2.926343
-8.592772
-9.302861
-1.770206
0.498477
-7.067417
-7.850136
-3.550975
-3.403359
-5.028823
-5.776443
-2.823730
-0.043798
2.547115
-2.015928
-1.194735
-1.477263
-5.557784
-9.952532
-6.374169
-7.851814
-12.911481
-13.431222
-9.107321
-9.827844
-14.139824
-17.305750
-14.152095
-14.471996
-15.742523
-13.031706
-12.131960
-13.732273
-13.237366
-2.909564
0.706363
-8.214739
-11.206190
-2.086265
-0.225751
-8.350107
-12.611774
-0.426381
-1.367330
-8.130562
-9.312945
2.130803
-1.000019
-5.361107
-6.248921
-0.064686
-1.457634
-8.198524
-8.763197
-2.295752
-2.977699
-9.989541
-6.911249
-6.038899
-8.001393
-12.621641
-7.776962
-7.136546
-9.772425
-11.593545
-1.249003
-3.863882
-8.467332
-6.639893
-4.957172
-4.664139
-2.938539
-5.396564
-4.055022
-2.089067
-1.252373
-3.671730
-2.799346
-2.456336
-2.773259
-4.647191
-2.037716
-5.848691
-2.514926
-8.480639
-5.007596
-9.130120
-2.232795
-16.099638
-8.012807
-8.819265
-6.075612
-17.535425
-15.673816
-7.918449
-7.320854
-17.248779
-18.747269
-9.006599
-9.422238
-23.378378
-22.083767
-7.812901
-10.948581
-22.716118
-23.277754
-7.282070
-9.594375
-14.389289
-19.067114
-4.084443
-4.004809
-6.190088
-9.319229
-2.478173
-0.652953
0.306653
-4.247558
1.949489
3.170934
6.817090
1.747366
6.018699
7.052513
8.080628
4.303829
7.831169
6.041356
5.556678
1.849971
8.835546
7.281094
4.406682
8.886967
9.313894
9.417963
9.074747
10.634768
12.357862
17.214039
-1.076372
-0.983808
-1.446514
-2.775710
-8.158522
-13.838329
-16.257952
-14.678970
-17.126976
-19.185286
-24.270094
-25.472168
-20.891064
-19.214891
-25.365749
-26.836676
-10.625908
-13.236032
-20.353849
-15.523062
-4.988873
-7.422997
2.411387
-5.266589
0.448789
1.806124
8.082990
-4.052953
-6.923345
2.793490
2.264261
-11.817289
-19.166119
-6.291669
-6.732955
-15.796063
-16.456417
-7.490219
-11.643054
-13.914236
-10.164703
-8.423944
-6.473221
-7.906690
-6.723333
-10.790273
-7.064220
-8.431521
-6.540572
-8.414731
-1.865786
-6.549221
-6.287146
-11.536833
0.582395
-5.077496
-5.924905
-6.809012
-3.225486
-7.778719
-10.098699
-7.175928
-3.350740
-3.192694
-12.788766
-16.063499
-10.304593
-3.478140
-9.171418
-15.752338
-5.960069
-7.617026
-5.506832
-12.658513
-6.258163
-6.599693
0.086234
-10.008710
-7.799232
-3.256402
9.428959
1.683341
-2.970845
5.239257
4.785739
-1.561944
-3.144686
5.962328
-1.601710
-5.513814
-3.914625
0.306767
-4.611917
-4.797472
-7.303755
-6.116196
-7.195240
-3.825475
-6.046208
-15.089794
-8.705932
-2.754258
-3.935503
-15.343013
-9.455902
-0.621598
-3.861437
-4.470034
-5.403016
-0.352361
-3.039976
-5.262325
-8.617390
-0.175299
-0.662247
-3.587942
-1.350986
-12.707171
-13.448760
8.088402
10.214447
4.079123
0.943242
5.082036
0.755095
-0.628853
5.013301
1.355216
-15.467503
-8.185388
-1.910550
-2.197021
-21.605225
-13.532252
-8.255872
-10.692501
-35.489658
-20.227484
-15.733226
-12.253592
-36.390377
-13.053661
-9.851759
-8.757975
-19.847612
-8.200245
-5.551777
0.191749
0.059837
-5.615617
-2.500660
-1.727801
-0.348719
-0.454074
-4.377670
-8.600011
-11.525008
-13.802029
-9.759243
-17.619905
-21.626801
-28.004839
-13.185402
-21.877687
-21.707310
-27.907114
-13.253321
-24.138947
-27.338408
-32.181515
-9.763865
-28.333992
-32.610111
-33.419968
10.827209
-13.249173
-23.046560
-24.968838
14.837457
-10.044872
-17.265739
-20.882723
8.642674
-6.058985
-14.350144
-15.519495
-0.718473
-6.820633
-13.039665
-11.962670
-8.923419
-12.985397
-13.165061
-5.376956
-8.282895
-9.731251
-11.342199
-6.976544
-5.217655
-7.702718
-6.812131
-9.126945
-1.112920
-2.578258
-2.279365
5.809946
7.530757
4.369215
10.219063
5.673542
3.455878
21.666788
21.914574
5.418316
5.648737
17.793648
16.629417
-0.496250
-1.317429
-4.127825
-10.899784
-23.345488
-21.841848
-16.455332
-26.795897
-26.548681
-30.009819
-15.276009
-30.372921
-30.062286
-32.789562
-12.726474
-28.827662
-23.568148
-14.724667
-12.645452
-25.530998
-17.571516
-5.994867
-14.605160
-24.047527
-17.644676
-8.431184
-13.415902
-20.923124
-15.832172
-9.504309
-11.485005
-12.991314
-14.689353
-7.297266
-8.681969
-11.306356
-12.492891
-5.446285
-6.055984
-13.711256
-13.777347
-4.082487
-4.531222
-7.574311
-10.766045
-3.171446
-5.065940
-0.981845
-4.007075
-4.959171
-8.034384
-5.986686
-6.999943
-2.833691
-7.273821
-7.614383
-0.900942
-0.965085
-0.991241
-1.065539
-5.851511
-6.527207
-7.761011
-10.195786
-18.475929
-20.995968
-22.222116
-22.711073
-30.504248
-34.850010
-27.382465
-30.967144
-41.036381
-48.344891
-40.902607
-42.682049
-53.886772
-59.990845
-45.199078
-49.376465
-56.898762
-62.596039
-39.009281
-54.559231
-58.573277
-50.565601
-29.132574
-44.920147
-43.172314
-40.570236
-24.664761
-48.505680
-42.575176
-37.721115
-26.787811
-51.126919
-37.832630
-33.906876
-29.374197
-46.394039
-35.634407
-16.443642
-15.159044
-27.332071
-26.654778
-11.056055
-12.699811
-22.852968
-25.157537
-12.630877
-9.864328
-22.340679
-17.214102
-5.080694
-5.401877
-14.572465
-9.666277
-0.502425
-2.635847
-9.498518
-4.745683
-0.666254
-4.498554
-16.856081
-6.365719
-1.236004
-7.542662
-29.054739
-10.808987
-3.128810
-8.714242
-25.491970
-8.319534
4.376218
-12.176431
-31.982809
-10.709710
0.869267
-17.295156
-34.967258
-7.535639
6.929899
-16.221510
-29.758766
-7.774061
7.319531
-10.790015
-25.303278
-10.505524
5.134098
-9.995157
-23.362162
-15.132672
-6.162525
-7.396576
-23.541285
-11.192255
-5.015746
-13.569604
-28.142281
-14.953936
-11.777818
-20.968542
-27.544287
-11.311703
-11.121046
-25.382557
-28.660288
-8.419415
-9.088178
-20.189528
-24.422537
-7.617001
-11.032142
-28.997614
-20.788115
-15.765087
-13.492652
-24.270145
-20.523659
-21.205223
-15.364878
-15.712393
-18.349735
-7.771699
-2.340671
-13.868645
-27.408577
-16.921484
-9.598380
-15.731340
-36.749371
-23.028141
-19.336824
-21.700520
-39.263069
-24.036779
-26.968008
-24.989311
-39.897007
-22.877684
-24.137762
-26.316727
-39.772766
-25.923939
-24.266623
-32.019405
-35.464867
-26.693901
-29.391424
-32.328491
-26.713495
-31.494659
-32.755219
-41.787533
-39.323792
-42.740734
-41.481888
-57.873344
-55.741745
-56.260143
-59.930496
-66.231766
-51.554333
-49.923653
-59.818432
-66.142807
-52.472946
-47.423138
-57.485912
-74.779991
-62.071083
-53.308193
-54.961189
-81.939262
-69.679802
-57.410168
-37.890102
-68.265404
-52.014515
-38.151989
-28.102839
-52.584068
-48.554806
-42.806091
-23.568214
-41.844109
-41.539814
-43.043846
-18.174284
-32.626091
-35.369778
-44.810413
-7.167115
-18.511196
-22.470400
-27.830236
-14.077817
-24.158634
-27.463335
-29.860966
-20.572729
-32.505917
-36.565269
-29.630226
-24.174141
-33.359570
-43.384594
-23.775120
-22.561943
-33.212990
-38.699039
-18.950533
-19.830559
-28.929798
-28.570969
-15.400159
-16.406857
-21.369833
-22.374243
-12.065214
-20.292011
-11.052301
-15.144073
-7.221228
-23.565559
1.221015
-11.635351
-2.287380
-25.322269
7.069310
-16.361183
-0.822347
-22.565680
6.982600
-20.165178
-0.265388
-8.419590
18.007372
-11.175354
9.483418
-0.275729
16.739389
-4.317092
6.641368
-2.563998
5.926410
-9.603300
-5.283965
-8.049029
-11.754929
-16.818001
-17.044556
-19.648848
-22.543791
-25.013281
-31.383579
-22.111263
-22.624214
-27.200369
-35.509762
-19.314333
-22.766212
-25.825891
-36.652676
-19.883503
-27.331730
-22.074879
-33.412373
-18.667423
-31.545973
-31.392221
-42.671665
-22.507177
-30.424484
-26.963709
-9.376127
-10.206223
-11.210918
-12.024900
-15.238668
-17.713308
-23.014772
-14.334616
-13.747934
-14.177330
-3.589733
-7.042182
1.055700
1.451933
3.593699
-6.515076
-1.385108
-1.744940
-4.440711
-14.262360
-12.067682
-14.604559
-19.057831
-18.825655
-24.541128
-30.178810
-31.872503
-30.729107
-37.328510
-48.760422
-45.829773
-45.360260
-45.208298
-50.015427
-45.907551
-44.658772
-43.292763
-44.350010
-36.267921
-33.118580
-32.005905
-29.815657
-20.688383
-17.313038
-22.406235
-12.678817
-5.565651
-4.617244
-6.966108
-3.352618
-0.416803
0.622815
1.057751
5.929614
7.048860
6.619286
4.033237
4.883993
10.821195
10.933745
-0.179391
-1.070936
9.517986
13.094048
-0.038474
-3.895755
3.475567
5.668602
-6.827440
-9.800645
-6.613686
0.904351
-2.471673
-5.312778
-5.820217
-5.102047
-4.227711
-3.383105
-2.203904
-5.941587
-5.558693
4.497354
-2.251327
-6.323806
-12.630663
0.215922
-5.940927
-10.562149
-17.342018
-5.051114
-9.253290
-12.559161
-18.587946
-10.493589
-10.938973
-10.980813
-12.379498
-14.273290
-11.969279
-8.593740
-6.010303
-5.288754
-6.763795
-10.708497
-5.293797
-3.233133
-5.900526
-13.118059
-5.834094
-3.665754
-4.132258
-8.778434
-5.675129
-3.578083
-6.618467
-6.070330
-4.343946
-5.169977
-10.166058
-4.218658
-6.530482
-10.175585
-13.835314
-1.674981
3.703972
-2.282004
-23.935095
-12.970713
-3.910484
-11.472089
-18.753252
-9.431660
3.355087
-9.962948
-13.880011
-1.816177
-1.874807
-13.534863
-10.604956
-0.882864
-2.886787
-10.559731
-10.789515
-7.701402
-3.520584
-8.995429
-11.663340
-13.565102
-5.996666
-12.472569
-9.288407
-14.006441
-9.351671
-14.479782
-12.691049
-18.724129
-12.217602
-15.428971
-16.504845
-23.451874
-22.497837
-19.488087
-21.799870
-3.025465
-5.429444
-17.815203
-12.457748
11.128991
2.840564
-16.705788
-8.983495
2.561739
-4.169235
-21.773457
-14.942755
-15.879885
-19.089970
-25.706902
-28.805439
-35.101158
-33.362896
-33.624485
-42.002430
-49.404930
-47.662411
-29.140184
-39.831562
-43.087666
-43.815834
-24.645277
-37.294273
-33.557674
-37.915798
-18.550711
-26.243567
-25.124447
-20.829943
-15.701376
-16.226524
-23.819090
-11.456832
-20.244673
-16.793552
-32.849396
-10.424973
-18.562849
-18.814962
-31.251030
-9.680401
-13.335113
-16.988920
-24.432785
-12.695839
-14.302248
-12.601897
-14.242146
-3.208400
-12.939323
-22.549419
-16.486843
-5.768630
-13.550805
-21.391829
-15.728271
-7.989185
-10.006940
-7.653345
-4.301436
-5.537232
-8.610868
-0.608762
-5.572351
-4.467274
-10.459451
-0.489625
-10.300069
-13.107837
-15.912472
-0.622506
-11.490736
-19.170675
-19.252934
-8.085398
-16.422054
-25.675924
-24.792648
-10.660051
-13.627470
-21.183344
-24.260464
-18.166222
-10.231894
-14.464417
-18.825485
-19.566797
-14.177783
-11.053260
-16.126205
-15.866743
-11.848107
-6.147681
-17.457584
-10.588442
-7.025214
-2.558744
-14.980445
-6.638304
-2.647532
0.158070
-8.423164
-1.838532
-0.407812
-0.835929
-4.147017
-2.450969
-2.913816
-6.217860
-5.109539
-6.924795
-7.732426
-3.459240
-3.794099
-4.117509
-4.381196
-4.186094
-4.964288
-6.530383
-8.707911
-6.418492
-7.093511
-1.433772
-9.253607
-4.042756
-5.226478
-4.765420
-17.424669
-2.429840
-4.921971
-8.415154
-20.437254
-10.006474
-12.052032
-12.428868
-28.392632
-18.695179
-17.575111
-20.232063
-31.639271
-23.056021
-19.214193
-22.386316
-30.235233
-24.378973
-18.037815
-24.180431
-24.850965
-24.134111
-14.247793
-20.632114
-19.115572
-23.843658
-13.850930
-13.146922
-14.533744
-21.735567
-10.252079
-5.718616
-9.431839
-12.553707
-6.864623
-2.883288
-6.343289
-7.262489
-2.892014
0.784170
-1.887773
-1.861097
-0.827898
-1.011703
-4.354936
-4.181450
-1.467672
-1.268658
-0.950235
-1.871619
1.122660
0.744642
0.060864
-0.943463
2.435495
-2.115855
-2.592460
-1.460128
2.336690
-3.067602
-8.675551
-4.275199
-2.493318
-8.865520
-13.476940
-2.815566
-5.587408
-11.020593
-12.327145
-0.842554
-2.798681
-5.314042
-13.257280
-4.907455
-6.612047
-3.372771
-12.455022
-8.098432
-9.320197
-4.737602
-11.852074
-13.450972
-11.751299
-5.461083
-11.466180
-11.440635
-9.069981
-6.733311
-11.860457
-8.427711
-6.129815
-6.244734
-11.626639
-3.735302
-1.382853
-3.469299
-8.975881
-2.862972
-0.183057
-8.812277
-6.377256
-1.751046
-3.727470
-11.410388
-7.906276
-3.464651
-3.206705
-10.743957
-7.082302
-15.974887
-18.502932
-7.608466
-8.326348
-15.863479
-18.635109
-2.900461
-6.520965
-8.964254
-11.763063
1.464611
-1.750477
-8.443397
-11.242032
0.615384
0.699491
-3.789294
-8.455220
1.914592
3.837831
2.028777
-7.997463
-5.811677
-2.542363
-5.162939
-12.682062
-13.655825
-10.225276
-11.265558
-15.397720
-20.684422
-21.342762
-17.074520
-19.200800
-24.185539
-26.345514
-23.922785
-26.533430
-29.277134
-25.508785
-24.288122
-25.296707
-30.773386
-28.773249
-28.627031
-24.137394
-29.839363
-22.746346
-23.095322
-23.447865
-27.939440
-16.848951
-16.836470
-17.945955
-22.100355
-16.195652
-17.640959
-13.762755
-17.699921
-15.333597
-15.073446
-11.301931
-11.227415
-13.174253
-10.355371
-9.196250
-7.631014
-10.902081
-9.170534
-12.812890
-9.799854
-14.545965
-13.026382
-16.776258
-17.395365
-18.446981
-19.422863
-16.613958
-20.738804
-22.137117
-20.905100
-16.519323
-21.085888
-23.098793
-14.660376
-17.539717
-23.430727
-25.478895
-15.065091
-18.922689
-23.696426
-28.619450
-10.813424
-14.790091
-20.077394
-25.601711
-9.033518
-11.752292
-11.813706
-15.532982
-1.989606
-3.258337
-5.327367
-5.964771
0.608506
1.043169
-3.180852
-3.868039
0.323264
2.504397
-1.394974
-6.277834
-2.819304
-1.099253
-4.795435
-6.282864
-9.967923
-4.245654
-11.451786
-9.205501
-11.713811
-8.409162
-17.353201
-14.812266
-13.631569
-10.655679
-19.482441
-12.936318
-12.886953
-9.536959
-13.574165
-8.842469
-9.996924
-9.711820
-10.459241
-4.151170
-5.266041
-7.443797
-10.733118
-4.026455
-4.478124
-10.570128
-11.428323
-7.038186
-6.443721
-11.757050
-12.293383
-12.498804
-11.905841
-10.141859
-13.222091
-15.190265
-17.477337
-11.321024
-9.357021
-12.072917
-5.965006
-6.379802
-6.681405
-6.963489
-9.623764
-11.277574
-14.518995
-13.076622
-14.300451
-16.325226
-8.369224
-11.221048
-13.325132
-16.242504
-8.803959
-8.540025
-10.090319
-10.279753
-8.307281
-13.959330
-10.347255
-10.359797
-14.047763
-28.450827
-18.659735
-17.261431
-25.918098
-34.403179
-19.442045
-20.675064
-27.123316
-30.741177
-20.057005
-13.569604
-13.355012
-13.941077
-15.631354
-5.459497
-0.981188
-1.916473
-9.426435
2.971018
6.008371
5.409222
-2.145016
4.435321
10.089969
7.933137
3.685205
-2.723686
3.466523
0.169894
-2.864155
-9.572023
-4.336715
-7.929370
-9.234902
-12.218059
-7.086222
-11.924046
-7.984832
-5.797760
-6.970648
-9.844137
-11.896957
-3.328739
-8.499350
-15.374807
-18.119776
-7.209379
-9.359667
-8.320402
-6.996524
-5.708405
-2.443723
-1.389659
1.364986
-2.282429
-3.956755
-3.777236
1.405879
-0.110178
-8.042733
-11.410409
-3.453076
-2.941601
-13.724990
-16.374598
-5.755170
-8.408460
-17.148317
-13.314164
-6.331227
-10.597241
-18.480902
-9.735785
-3.157639
-5.422179
-7.664515
-7.045548
-3.312783
0.170655
-3.152305
-5.287281
-6.487057
-2.330402
-4.492568
-5.934422
-5.000762
-2.688354
-6.758415
-6.817354
-4.829381
-2.119291
-10.543705
-7.556662
-2.148165
-0.338555
-9.775436
-9.961734
-5.466152
-5.652320
-13.628742
-16.038364
-9.439900
-10.253503
-20.607048
-21.934788
-25.181292
-22.278786
-19.323915
-22.020649
-27.124405
-22.729267
-12.396839
-18.405373
-24.373327
-15.630170
-3.082480
-4.037495
-13.071813
-7.384230
1.782506
0.857702
1.312001
0.525617
-4.914270
-9.633186
-1.786100
-5.302540
-14.075704
-16.888819
-9.129965
-14.567204
-19.441456
-19.251144
-15.855165
-21.211229
-25.493900
-31.062685
-29.347548
-33.546185
-34.947071
-36.366653
-29.585413
-25.012371
-33.285629
-35.648575
-23.894243
-13.494074
-28.323351
-36.840652
-25.973412
-13.886347
-27.208803
-41.352642
-33.669209
-19.152361
-27.086735
-37.598877
-36.875969
-17.869808
-25.283461
-24.446651
-25.740746
-12.855474
-12.271324
-6.948241
-5.712789
-12.326982
-4.825410
-1.215841
1.232310
-13.834404
-2.433014
-4.109937
1.192450
-12.290547
-5.959136
-9.995197
0.462501
-12.052225
-10.854051
-15.061007
-4.960521
-13.595795
-12.470375
-20.454786
-6.596863
-18.791952
-20.169434
-31.181755
-17.021906
-27.439682
-28.574795
-43.437637
-17.926483
-25.472464
-30.339106
-42.967102
-19.400667
-30.356710
-16.001625
-31.936077
-8.238984
-18.256378
-6.390012
-18.027372
0.287249
-0.425438
-1.937704
-4.816940
2.349693
7.726449
-2.555626
2.272567
-1.418950
2.281473
-7.266149
-2.198723
-3.532421
-4.094238
-18.608149
-14.970836
-13.562555
-11.381203
-15.988252
-18.981014
-16.649656
-8.954690
-10.732864
-13.909447
-12.942054
-2.016661
-3.885301
-3.523371
-4.810230
-1.944729
1.018033
0.441086
2.876465
-2.123971
-0.301372
-3.213457
0.209417
-7.292840
-6.110302
-7.867366
-5.626543
-11.831100
-10.547259
-10.920150
-10.108531
-11.511155
-9.036068
-8.834861
-9.652183
-13.977199
-11.094559
-10.999025
-17.286842
-18.330448
-19.218687
-19.705217
-31.309584
-35.528954
-45.014431
-29.117275
-43.972382
-47.150753
-34.203960
-25.532202
-29.005404
-31.043121
-26.013470
-21.096960
-19.347847
-19.220636
-12.763932
-15.077635
-9.745959
-9.701649
-5.880538
-5.395403
-5.509438
-4.643368
-1.886952
6.728757
0.213118
-9.663267
-5.967043
6.320923
-0.759680
-2.498417
-2.507385
10.960840
3.315112
-0.268573
0.895718
9.667545
5.164045
5.572237
5.015517
8.596243
-3.225348
-1.778095
0.413873
3.145217
-0.785710
0.599032
0.581261
2.803365
-0.017088
4.699751
1.347475
2.705747
3.743957
14.084817
2.093566
3.942177
0.247479
5.775400
0.749855
5.963713
2.290029
4.134517
-0.581586
2.997704
-9.476027
-8.279440
-11.576731
3.414722
-5.195576
-7.151622
-13.119284
-5.415167
-9.380531
-8.762669
-10.925756
-3.541753
-0.543795
0.858551
-4.069160
-2.909300
-1.196187
-1.074772
2.616909
3.262872
1.769467
-3.353430
5.256180
1.229214
-4.118612
-10.517975
5.421236
1.365496
-1.634260
-9.317158
5.266554
-1.270052
-1.182616
-5.454947
2.259815
-0.212828
3.904998
0.214592
1.343053
-5.277143
2.442118
1.034534
-4.995046
-8.402897
1.213559
1.762525
-7.032742
-6.678116
-2.175505
-0.153874
-3.763232
-3.179831
-4.187998
-2.500603
-1.595548
0.490849
4.361937
7.823920
-18.371231
-17.938787
-15.297911
-7.428170
-24.804718
-24.042847
-2.094642
-2.812611
-19.195656
-18.209690
-5.489097
-8.421181
-12.105639
-3.362163
1.550586
-1.676177
-6.483730
-3.479484
-1.458900
-7.002934
-10.773769
-11.259661
-7.318439
-15.137636
-14.756450
-20.931704
-14.500205
-19.166246
-19.431496
-25.434912
-18.388062
-22.131620
-22.353781
-37.537464
-36.382252
-28.264839
-27.992432
-21.296362
-22.094297
-19.223492
-18.964518
-9.912521
-15.726054
-19.297192
-15.556612
-0.855330
-7.422528
-16.233496
-7.568612
7.123384
-1.376152
-6.651568
0.974672
17.504808
12.540249
-5.474720
4.553859
10.927803
10.148081
-8.052553
6.349896
2.829236
9.881511
-9.617140
0.725576
0.388848
2.169304
-8.872993
0.794014
-3.038908
0.378461
-18.529982
-12.920588
-12.278637
-7.969643
-19.398634
-17.670031
-20.557957
-7.006945
-17.129578
-20.485317
-22.345856
-4.125830
-14.665553
-20.463852
-19.619314
-14.363056
-14.505205
-12.618021
-11.305840
-2.551155
-0.797944
-11.114609
-7.364387
-1.792727
2.333157
-4.208557
-0.450500
6.882756
12.395411
5.675481
12.074234
5.505528
9.039789
10.382206
10.688279
7.905459
8.306165
10.352732
8.097756
2.978020
4.757570
8.341155
6.663311
2.563038
-0.421232
-3.664820
-3.867100
-5.361380
-6.951347
-5.696893
-9.001902
-6.827584
-9.508673
-8.553638
-2.506103
-4.630320
-8.650518
-0.231246
6.891762
4.881104
-7.564342
-1.759441
4.600461
5.105708
-4.778009
-5.657373
-1.834533
-0.198036
-9.349929
-9.289246
-7.317361
-5.662807
-7.038534
-5.702584
-4.280984
-4.785319
-1.076515
-2.409195
-1.369520
-5.062566
1.701184
0.332122
2.025718
2.183611
2.353875
2.410675
2.514858
-3.406709
-2.644481
0.405250
-9.255547
-14.087113
-15.565145
-19.958336
-13.931125
-17.423374
-18.715260
-13.749851
-7.377563
-7.019718
-9.189287
-5.368204
-6.525982
-4.516987
-5.956648
-0.405087
-9.672202
-6.110365
-12.826037
-5.816187
-14.799735
-8.144422
-15.164957
-6.322331
-13.299560
-6.701950
-20.005621
-7.241910
-10.637369
-7.988738
-20.871916
-8.981708
-8.130846
-7.566480
-15.012162
-6.353172
-2.545970
0.887097
-2.334254
-1.002879
1.163292
-1.794842
0.123619
0.942130
3.188303
-1.151967
0.130605
1.759899
-0.336441
-3.197552
-6.027284
4.047077
2.753742
6.615872
-1.215829
4.622994
4.054352
10.421429
1.263700
4.138649
7.896688
12.578027
4.221063
4.936325
5.130799
1.051862
0.634624
-2.948586
8.625690
3.493349
8.257939
-10.240639
0.057462
-2.374452
4.255470
-8.702252
-3.824237
-3.039859
6.555377
-5.716178
-5.753077
-5.030000
7.344704
-6.901369
-3.695539
-2.917316
5.715150
-11.036741
-5.110646
-4.822207
2.631991
-4.914662
-5.303256
-8.600044
-3.390810
-3.740238
-6.835233
-8.932519
-6.296043
-6.106730
-6.835769
-4.971429
-4.362210
-11.301498
-8.224553
-3.699043
-4.055193
-12.997751
-7.782779
-1.603492
-6.724978
-13.988461
-3.774199
2.990150
-0.433044
-4.345153
3.924504
9.164026
4.871177
4.470277
12.460110
6.413793
5.931747
-6.805252
1.735355
-5.756034
-5.450678
-15.523570
-10.730581
-6.555775
-6.901953
-8.725224
-4.014266
0.823439
-2.516737
-0.822235
7.207707
6.766837
2.757418
-0.494847
5.210800
4.912385
2.286083
-7.272164
-0.705747
5.040618
1.074819
-10.765684
-3.866469
-2.429393
-5.865234
-14.980103
-10.159580
-7.160691
-12.921520
-18.330761
-22.507210
-18.874851
-20.805866
-21.145657
-26.357384
-15.132628
-20.386461
-17.694244
-22.849636
-7.868902
-20.451822
-16.481966
-17.125479
-3.904218
-25.406313
-20.691738
-14.825309
-6.953102
-20.066782
-11.809307
-5.232226
1.214429
-18.297440
-12.849427
-7.621974
-0.737716
-17.725960
-13.978259
-14.993010
-1.517920
-8.587775
-9.065913
-12.756956
-1.917582
4.657639
2.100335
-6.034851
2.666828
7.911864
5.527046
0.412506
4.334983
1.879200
3.442996
-2.589496
-0.342384
-12.911812
-9.191288
-13.889435
-8.792240
-26.827272
-23.195072
-29.411057
-16.064524
-30.525673
-25.336052
-34.806301
-15.712213
-26.983215
-26.465151
-34.271770
-12.047586
-22.626844
-20.243059
-24.277517
-0.945439
-10.756025
-5.890897
-4.549182
5.232379
6.004630
9.174059
19.073082
12.012679
16.883402
16.229965
39.387245
26.614178
13.933299
16.487608
43.246452
30.557289
10.697926
11.036579
33.345009
19.478460
4.377735
3.241975
13.400610
8.838566
-2.294372
-7.881629
-1.629308
-0.152296
-12.112267
-12.484992
-7.812176
-9.520837
-12.929773
-8.903110
-8.508258
-9.040920
-8.698266
-7.062812
-10.835318
-9.316235
-7.691641
-8.634195
-10.066065
-11.633586
-6.566584
-11.398401
-12.338317
-16.838274
0.036025
-2.819992
-4.341987
-5.157352
-5.399577
-5.603511
-5.785868
-1.867746
-2.587566
-5.016860
-0.280719
2.961039
4.686601
19.809231
5.088437
14.565310
16.689482
18.852175
-5.170009
6.145371
6.824425
2.143878
-17.346436
-4.560931
-7.063791
-14.714161
-27.900400
-18.520397
-17.940945
-25.530613
-31.939079
-26.645601
-30.965483
-28.273640
-34.473316
-29.688787
-23.452684
-14.061073
-21.823111
-26.177696
-14.908566
-4.296267
-10.209269
-14.411757
-1.164648
3.968261
0.705150
-5.519516
5.595056
11.197233
6.251888
4.535490
2.110590
9.044911
4.231071
8.229813
-0.186685
8.699052
3.668376
10.576924
9.000573
1.961782
-1.177063
1.160622
7.326835
0.418153
1.259099
-3.158957
4.657979
0.116271
2.408246
-7.450806
-3.927250
-1.535174
6.581918
6.389943
4.771383
5.091076
5.920236
12.116221
5.500463
8.878298
0.319194
5.424469
7.760615
1.178729
-11.152967
-3.087556
1.505367
-7.727333
-18.522406
-9.652718
-3.245421
-14.005347
-16.830458
-12.630759
-7.351641
-10.323582
-8.349680
-5.120739
-6.993514
-1.401138
-1.171176
-3.655348
2.263683
2.553697
2.093822
-5.511429
-1.083573
3.898583
2.747367
-4.701735
-1.858100
4.265153
3.576952
-2.391671
-0.079523
2.178783
1.854763
0.648890
1.610682
-1.338916
0.221537
-3.009054
-2.139978
-4.812539
-3.510922
-4.393666
-0.913105
-10.657197
-10.359979
-17.827381
-9.289449
-0.815806
4.539622
-7.001853
-3.958671
16.860922
27.012695
-4.713385
-2.901269
13.398765
18.904800
0.785407
-3.643304
5.614573
8.863459
8.599365
1.819510
-4.794607
-1.114408
2.931844
-1.553631
-10.033972
-11.418687
-6.218854
-12.278962
-18.928471
-20.775261
-15.769011
-21.622894
-21.978573
-31.181776
-29.270420
-24.518139
-25.485760
-15.488490
-13.965544
-18.051441
-16.912128
-8.557046
-10.200568
-13.250586
-17.480913
-14.033787
-14.816424
-14.299864
-22.723843
-23.449652
-22.085302
-11.751215
-20.998089
-23.750689
-19.290823
-20.946741
-24.205648
-17.653563
-13.346465
-17.462168
-11.876279
-7.229528
-2.407125
-15.253223
-9.406375
-8.969513
-4.368391
-7.177024
-3.815420
-5.877774
-4.667405
5.800179
3.300861
1.725917
-0.074500
-1.266795
0.261707
-5.806438
-5.057836
-8.924894
-7.525635
-16.050713
-9.032767
-15.860377
-17.146729
-25.430494
-16.129295
-20.029608
-21.899691
-24.383831
-11.527121
-15.563545
-24.112143
-23.991156
-6.528553
-11.536391
-11.658517
-16.015228
1.143167
-2.725359
5.216544
1.822002
3.754568
3.398575
8.933985
3.181305
4.946498
3.982288
6.153575
3.722274
3.472132
-1.719106
-0.756528
-1.408802
2.841829
-0.934032
-8.478785
-10.776163
-3.396938
-7.802274
1.663245
1.992388
-3.418927
-7.000962
1.910043
14.132582
8.759684
4.321980
3.477243
10.147862
9.986340
7.546688
5.495563
10.603040
11.801064
8.028058
4.053093
9.341359
9.560059
1.767462
1.273580
4.596851
2.087337
-3.049989
0.148613
1.603393
-3.040847
-3.229472
1.473261
1.323177
-2.964372
-4.220569
-0.132450
-1.606173
-12.830389
-13.675730
-14.515373
-14.941328
-15.571676
-17.723066
-23.422628
-13.039010
-10.938661
-12.664823
5.234960
-2.804420
5.218885
3.460570
9.809362
-1.318032
4.666370
5.826420
0.832277
-1.212383
0.586358
2.417044
-16.331579
-18.484758
-13.508257
-4.728829
-40.360405
-52.699463
-43.485672
-51.252476
-81.408470
-88.781242
-79.782837
-76.251381
-99.162865
-96.099312
-100.590691
-78.920784
-86.162674
-80.896835
-86.011490
-54.223465
-58.714123
-60.497528
-69.948433
-32.842281
-34.320084
-41.497540
-37.876900
-17.220867
-22.107742
-28.274088
-14.996273
-1.617008
-9.239466
-15.478710
-2.155539
4.584663
-9.870328
-13.963266
-16.117502
-6.542697
-7.937142
-7.890676
-14.352758
-1.839332
-4.090445
-7.314797
-16.955917
-6.053030
-11.015828
1.407086
0.229576
-3.643568
-0.876711
-2.194334
-0.526165
-7.201495
13.351010
-4.884885
-0.830557
-4.800437
8.277585
-19.302206
-19.373600
-19.856392
-3.500643
-39.367344
-34.743366
-35.014103
-23.459990
-42.978958
-37.826660
-45.820980
-38.998695
-36.561275
-31.500425
-42.301754
-27.701941
-26.858204
-19.887211
-22.591915
-12.245033
-21.195957
-13.245076
-13.480621
-0.959888
-7.254488
-9.860134
-9.223219
4.604969
3.532785
-7.003155
-3.710716
3.489784
0.170915
-3.051049
-0.098072
0.277583
-5.537703
-7.649671
-5.275952
-7.838039
-6.482199
-14.059752
-7.265095
-20.061247
-21.791601
-30.934343
-26.011681
-14.761066
-17.334669
-28.285614
-34.701504
-9.302780
-3.355003
-32.115604
-32.926407
-1.674319
2.522096
-23.359221
-21.993359
5.717199
5.990632
-0.461917
-2.448480
-2.949948
7.804807
-3.285524
-14.890114
-12.558239
-7.259980
-16.082567
-24.969685
-25.626757
-27.103518
-27.983572
-33.868694
-32.513130
-42.299911
-43.048512
-43.911186
-46.914509
-24.453995
-23.302662
-24.890070
-33.507378
-12.199364
-15.570996
-6.260421
-29.829473
-17.816626
-21.819145
-3.231676
-31.219133
-29.567081
-31.814066
-11.603926
-25.431150
-39.650383
-40.973141
-50.363319
-54.736137
-65.358315
-67.804443
-58.431332
-65.557312
-74.477196
-75.181618
-55.657707
-72.082947
-68.360283
-71.018440
-41.763302
-59.885712
-48.150734
-57.410030
-18.779118
-34.167458
-21.959253
-34.085747
-9.395634
-17.417414
-11.789689
-23.658403
-3.315445
-10.115342
-7.135386
-14.038190
-0.708873
-8.134872
-5.231712
-24.858082
-8.063448
-7.988932
-9.769445
-14.044279
-8.591873
-29.171562
-19.509256
-16.471504
-16.113766
-19.923277
-14.819121
-9.346523
-11.078529
-3.861300
7.509153
4.319386
4.336649
-9.011657
-2.616305
4.531344
4.159630
-27.660299
-24.034874
-14.156125
-12.235949
-37.778938
-24.166189
-39.946735
-35.747284
-52.113380
-31.417612
-53.301857
-49.183865
-61.114265
-40.764362
-54.944492
-49.446766
-67.272728
-39.329365
-53.245945
-38.650627
-48.813374
-27.619511
-32.379330
-24.126970
-31.974962
-16.197332
-16.333799
-19.056704
-23.181202
-5.410318
-6.944554
-12.594071
-15.176977
-0.944242
-5.492212
-5.894983
-10.577696
-4.253056
-7.404020
-3.170592
-9.004323
-4.817106
-6.823337
-11.170598
-13.295138
-10.348643
-3.532602
-3.606597
-3.576660
-3.356727
-5.269833
-6.098659
-8.912675
1.357656
-0.957415
-0.818486
-6.382570
-0.884859
-5.198732
-5.123014
-10.201489
-7.076915
-15.407586
-17.456303
-13.241241
-9.669066
-17.003546
-18.580515
-9.825227
-1.600026
-13.112940
-14.810466
-3.721534
4.668974
-7.106953
-10.414939
-1.133799
-1.784302
-9.208926
-12.939861
-11.099560
-17.553560
-21.526899
-21.373468
-20.464439
-26.801310
-23.750423
-23.110786
-24.902750
-25.118519
-20.969734
-15.407706
-16.473452
-18.161499
-13.172012
-8.099958
-11.180184
-15.316058
-9.596972
-4.908175
-11.244908
-15.433645
-13.744943
-5.483341
-11.598886
-13.903314
-12.948083
-7.294967
-11.395242
-9.376543
-14.068023
-11.512132
-9.760636
-5.121887
-15.482146
-15.518957
-5.269596
-5.117736
-8.895503
-16.013783
-2.711866
-4.196457
2.308154
-8.588708
-7.679229
-11.480583
-1.767390
-11.487935
-11.942532
-15.407911
-2.123194
-10.076224
-10.726235
-18.969154
-4.840347
-8.322913
-6.471773
-15.382284
-4.879511
-7.522982
-0.889067
-12.083817
-4.324324
-8.842415
0.575230
-8.529692
-3.517655
-4.418478
-2.541235
-8.394426
-3.251376
-3.704779
-6.137489
-9.978745
-3.298566
-2.571797
-11.659692
-15.971233
-4.796371
-1.474831
-8.849507
-18.199251
-4.732049
-1.383976
-11.778821
-17.494890
-6.088902
-3.183267
-11.622787
-11.465426
-7.198427
-2.447839
-16.914560
-9.742114
-14.799124
-7.157072
-13.902984
0.123708
-11.354016
-8.966931
-8.003938
4.827454
-11.108325
-10.943193
-15.080552
-11.640380
-13.508279
-13.764508
-21.095957
-23.874683
-5.737767
-6.373404
-18.455166
-31.730209
-4.574445
-6.163888
-13.574915
-28.146317
-4.594646
-6.566045
-5.509659
-10.644574
-5.710386
-7.951536
-3.303749
-10.189169
-8.383990
-8.356033
-2.899341
-13.593602
-10.462134
-11.655689
-8.045856
-14.248259
-10.015450
-13.423467
-9.895887
-9.526800
-6.786577
-11.878040
-10.123154
-1.874969
0.047935
-16.784052
-13.737427
-1.512641
1.442349
-18.222158
-20.113846
-6.402992
-0.986626
-19.606720
-22.032717
-14.585591
-14.138694
-23.670149
-27.104860
-21.605885
-24.076138
-25.096758
-27.025524
-19.923948
-22.618765
-19.606163
-17.669355
-12.279195
-14.607088
-21.170706
-14.112010
-12.651452
-13.695587
-18.684034
-13.007862
-14.980842
-10.335756
-15.715446
-14.038186
-18.794964
-9.004659
-9.495142
-12.854904
-14.030310
-2.514419
2.617110
-10.558639
-6.415514
1.107943
8.563076
-8.982162
-5.776479
0.314535
4.947771
-6.496669
-1.099007
5.104350
4.468158
-6.185028
-1.579003
8.036313
2.243956
-4.482524
0.354447
11.491514
4.573137
-2.132904
8.855413
14.385443
5.942380
-1.372425
14.455329
16.650757
6.004197
0.470819
19.681969
13.318398
-0.035660
-5.152303
13.735216
8.087933
-3.613219
-10.209167
-2.372218
-2.305183
-9.450082
-12.883756
-9.821743
-8.368890
-12.323826
-12.127633
-14.093018
-10.568591
-14.534351
-12.038466
-18.653078
-12.866000
-22.380619
-16.837210
-17.423155
-13.228011
-24.079828
-17.541935
-17.610786
-13.305061
-16.212238
-14.094267
-13.780241
-8.902738
-9.470618
-9.669337
-9.634072
-17.622231
-20.144302
-25.577526
-8.621824
-18.365906
-20.963409
-28.851791
-16.391329
-30.000788
-33.284927
-42.613918
-33.804020
-47.854214
-56.394794
-61.312572
-53.201347
-58.418976
-67.302795
-60.963123
-57.869595
-61.134407
-77.060295
-51.994476
-59.609367
-62.804245
-71.985596
-51.368618
-55.842430
-57.873188
-63.575939
-50.702057
-51.984894
-58.823742
-63.258415
-48.288139
-52.394661
-52.490738
-57.727833
-48.082779
-54.162285
-51.942097
-43.136078
-42.097183
-46.629795
-38.353935
-27.658476
-35.861282
-42.524544
-35.749924
-18.757509
-33.529789
-38.981293
-38.697411
-17.962343
-30.914965
-35.125084
-42.038189
-17.592785
-26.449045
-25.173822
-35.642845
-19.849720
-24.449453
-18.888651
-40.170582
-26.875608
-23.300650
-23.373472
-34.386929
-25.080378
-21.217480
-26.977766
-31.675039
-19.212105
-24.713203
-33.583355
-28.622499
-22.443806
-31.537298
-39.253731
-28.851662
-25.743858
-34.073719
-35.653854
-23.126333
-22.651913
-26.050898
-28.188833
-22.853128
-21.455080
-18.862043
-24.913403
-20.343817
-21.956421
-14.983007
-20.918959
-15.834638
-15.946751
-13.075494
-22.373718
-11.004804
-11.511075
-11.743005
-23.932434
-8.838361
-11.086054
-15.070185
-28.799871
-7.458048
-7.995732
-17.769409
-29.056414
-6.817037
-6.435344
-26.461205
-25.160254
-13.888727
-16.522423
-28.288851
-19.128014
-22.351271
-27.357058
-39.248276
-22.980013
-37.257805
-40.474155
-37.009232
-25.588545
-38.990799
-40.659798
-36.411900
-30.487320
-40.274353
-44.937519
-40.576450
-34.875492
-39.781067
-45.139030
-44.458828
-43.946247
-27.172426
-34.907627
-36.001381
-47.995777
-28.072233
-30.787189
-35.502888
-48.547283
-31.317364
-33.742340
-33.712921
-41.209866
-33.945324
-36.148945
-33.867691
-45.138969
-41.562523
-42.587605
-41.155521
-52.310658
-55.681179
-55.370399
-54.248642
-59.008801
-66.659294
-61.900295
-61.180466
-65.990898
-68.282326
-65.843597
-64.836014
-64.178223
-61.771908
-76.837097
-81.782204
-72.855408
-69.983688
-62.825142
-79.571732
-68.425392
-63.257572
-52.398151
-68.523483
-64.502586
-57.332142
-47.133400
-67.137108
-60.545406
-63.522049
-43.821861
-61.443890
-54.433418
-60.908150
-42.363327
-45.856262
-44.723335
-46.829494
-44.877720
-40.084339
-46.179554
-42.939571
-46.078484
-45.926712
-49.750450
-40.085068
-46.415386
-47.618015
-51.867661
-35.212139
-41.011425
-48.461067
-48.642303
-28.559492
-32.996464
-48.628914
-45.002018
-24.204723
-33.633007
-37.845894
-40.927830
-21.416889
-34.227463
-27.204916
-37.887981
-23.032318
-35.613407
-21.827499
-34.173264
-26.663778
-41.790794
-28.729034
-27.232786
-27.712269
-38.990021
-29.421253
-20.005501
-28.913033
-31.083908
-32.646553
-20.106260
-28.614614
-27.492098
-30.448574
-16.759838
-23.337669
-26.129450
-26.518019
-21.800392
-23.991957
-25.857737
-25.901428
-20.539616
-21.669746
-23.258331
-26.178774
-19.383373
-21.317129
-30.752934
-27.995558
-21.352987
-23.903074
-32.109322
-29.421778
-27.115360
-28.249294
-33.776585
-31.081842
-26.903238
-27.178968
-34.649715
-31.020836
-30.060440
-29.233191
-30.300455
-30.354029
-27.672922
-12.369709
-13.115607
-13.674958
-14.115588
-28.451702
-32.244667
-40.878258
-30.839447
-45.910870
-51.675541
-42.529064
-34.414055
-52.700008
-62.562683
-51.651123
-42.638393
-58.607582
-68.281105
-65.564117
-51.436535
-56.261086
-67.255287
-66.767899
-52.242672
-51.236485
-61.976154
-53.790726
-63.333809
-56.377834
-68.027710
-60.999062
-74.287079
-56.603725
-62.981480
-63.209831
-78.623192
-60.531361
-59.995365
-61.856079
-72.563721
-54.046608
-48.925327
-57.259079
-55.998131
-49.249027
-31.690268
-37.128677
-33.834629
-32.683113
-20.430281
-26.230383
-24.068535
-29.849878
-23.765215
-20.485373
-21.041904
-20.676765
-21.219257
-13.610700
-18.875801
-23.668036
-17.654512
-10.303772
-13.006912
-20.979130
-13.814505
-7.737632
-16.382530
-29.204336
-18.867121
-13.195518
-13.406696
-22.018724
-15.415673
-7.553269
-11.701223
-18.705431
-6.169291
-6.141288
-14.235025
-24.555498
-11.559686
-11.381704
-21.962635
-29.529306
-16.873329
-21.180717
-27.682554
-28.988470
-18.497673
-21.790030
-26.607098
-31.945045
-22.009304
-19.879045
-24.206545
-28.569563
-26.882694
-17.307775
-22.790955
-21.305843
-18.922293
-16.254421
-23.929188
-23.177565
-24.888943
-17.305641
-21.055391
-15.129735
-20.417500
-16.195213
-16.682304
-10.699488
-18.033077
-10.580840
-14.929984
-7.020672
-7.532494
-13.490084
-23.849495
-13.539908
-12.351664
-15.501341
-17.727720
-24.482954
-24.489683
-29.398468
-23.516218
-39.633545
-40.449623
-36.773968
-28.455793
-45.367416
-46.796089
-34.305649
-31.441195
-45.165585
-49.381241
-35.951836
-31.872267
-41.232277
-47.087349
-36.973400
-33.961853
-30.011271
-34.359585
-33.144337
-33.712605
-21.039829
-29.427464
-34.681061
-38.353298
-29.591810
-38.339973
-37.355190
-36.755424
-40.111343
-44.934677
-46.757370
-54.046886
-57.873634
-58.777691
-61.797989
-66.003426
-65.656570
-49.384407
-66.311241
-64.651306
-65.281166
-38.324924
-64.627808
-65.111008
-64.129852
-36.652863
-66.391098
-69.977959
-68.513588
-40.309883
-67.911507
-74.846115
-72.251190
-40.419319
-67.300140
-68.205605
-62.615120
-35.236675
-53.236652
-61.781681
-53.595016
-30.886808
-45.516567
-56.108219
-52.040340
-21.994154
-39.622166
-48.693539
-48.215076
-8.909335
-25.942211
-28.788536
-29.662304
-12.691099
-20.308586
-27.378477
-29.125387
-16.303587
-20.751884
-27.202681
-26.454592
-18.870098
-21.042370
-31.850008
-25.049692
-20.294950
-21.863516
-33.576309
-26.812330
-26.499142
-34.736961
-41.654163
-35.151527
-40.308563
-36.738770
-45.592754
-33.610699
-41.049362
-38.927925
-43.526726
-33.038006
-37.379353
-46.085060
-48.020317
-33.601303
-37.809185
-51.390347
-61.299908
-40.480141
-45.185760
-49.511028
-58.460197
-40.438042
-32.458473
-56.347263
-53.605556
-46.535858
-35.861217
-52.683544
-45.401859
-53.231052
-40.528709
-48.634575
-40.380333
-50.463718
-30.437700
-40.400330
-33.751884
-46.056667
-22.354511
-31.715691
-23.515854
-33.567612
-19.363565
-17.525719
-13.885375
-21.244038
-13.268668
-11.275861
-11.908150
-16.918200
-12.429896
-9.484489
-5.421995
-12.683650
-10.208166
-10.103349
-5.374991
-10.279160
-8.966133
-13.745897
-10.217235
4.831434
5.253831
5.636569
5.921225
0.842628
2.373704
8.051388
-5.531846
-11.118371
-13.244246
-24.567665
-12.216265
-28.397871
-31.589592
-33.464447
-12.848148
-16.837210
-16.001211
-19.025713
-14.902205
-5.884781
-6.242020
-8.048374
-32.041580
-7.689944
-12.792380
-26.093157
-46.439152
-23.464685
-24.233143
-34.758854
-48.923347
-31.938196
-34.805759
-41.043312
-50.262405
-46.919956
-43.073242
-46.172123
-51.913342
-51.515518
-38.918457
-39.636482
-41.659145
-37.817024
-21.985729
-22.554823
-25.026730
-27.424154
-18.548191
-18.010674
-20.633381
-29.258602
-18.542349
-16.814272
-17.444847
-28.561810
-21.677574
-8.682126
-11.409769
-13.645539
-3.874223
-4.532285
-4.363192
-8.312195
-4.230444
-1.994488
1.482311
-7.049245
-2.775402
5.453529
4.252645
-13.785149
-13.519366
-6.182572
1.755392
-14.847262
-10.259494
-15.178869
-9.755803
-14.181464
-14.843275
-17.220621
-20.791870
-7.399819
-9.922411
-17.360466
-28.587214
-11.738624
-12.688153
-22.179949
-24.412523
-14.407836
-13.610385
-28.850227
-26.862888
-15.971033
-14.581569
-17.151237
-16.264231
-20.091263
-17.885588
-13.056936
-11.107929
-19.298607
-15.886671
-13.179318
-11.077436
-9.454296
-6.439236
-12.546638
-16.450521
-7.750553
-1.947542
-14.147566
-18.913263
-1.388530
2.638554
-11.946413
-16.748812
0.226909
3.314089
-10.975586
-7.731300
-7.366387
-7.476646
-1.579593
3.038087
-18.919096
-15.198468
-21.255417
-15.462872
-38.559219
-36.771725
-35.235996
-35.929928
-36.771774
-36.781452
-22.161106
-22.373663
-33.283306
-39.342014
-13.874535
-16.673004
-9.808532
-20.417831
-13.376187
-18.599148
-11.544593
-14.261979
-11.624435
-16.228079
-7.550788
-11.425711
-9.723082
-14.969401
-8.382772
-11.532879
-11.973794
-16.411900
-10.360045
-16.889128
-16.902525
-37.300137
-30.860811
-10.868256
-22.199465
-38.841373
-35.725998
-13.425560
-26.032743
-34.471127
-34.032734
-22.016680
-27.797493
-24.197479
-26.627893
-36.517548
-29.734041
-28.979259
-37.461548
-29.664686
-29.968029
-28.286747
-30.977600
-35.661091
-32.812012
-33.865421
-29.620295
-39.032490
-30.960190
-43.404705
-31.018097
-41.082367
-32.063656
-46.540985
-38.565098
-31.266197
-24.784136
-29.919991
-25.822803
-22.173267
-15.207518
-16.948900
-25.589216
-16.559864
-6.446541
-10.422420
-17.321022
-21.479208
-12.036194
-18.397587
-18.871174
-32.167042
-34.435024
-42.487103
-31.034138
-39.000198
-36.647793
-50.071541
-30.952812
-47.176273
-37.134876
-58.332405
-25.112722
-45.042934
-42.665215
-65.002319
-18.338745
-31.241175
-31.990028
-45.038120
-16.869585
-19.452351
-13.655892
-15.561819
-2.804336
-4.194830
-11.979958
6.925574
6.931857
-3.709926
-26.197290
0.878865
-1.236234
-13.957237
-31.158590
-11.718803
-16.620481
-17.530418
-27.945179
-26.036722
-27.490641
-23.787350
-28.917332
-20.605366
-27.207806
-19.055927
-18.935980
-13.337976
-18.306772
-13.032752
-17.423136
-11.753599
-11.392452
-13.885881
-18.840828
-16.347956
-10.593950
-20.424932
-22.453781
-19.060123
-12.565576
-24.758720
-21.195396
-16.926933
-10.829145
-18.355436
-12.498925
-11.740238
-1.579534
-1.922190
-2.384749
-3.171393
-16.395004
-17.827801
-20.577271
-29.093121
-42.788265
-48.483562
-48.763138
-42.395622
-62.933033
-69.366547
-57.136948
-48.338017
-60.895176
-70.342201
-64.757607
-38.405075
-45.754341
-48.348068
-46.853184
-21.867201
-21.960524
-20.164013
-22.976391
-20.823130
-18.747967
-4.721624
-14.342707
-13.796535
-7.896378
-14.879698
-28.276245
-27.002422
-20.050991
-28.403389
-45.139648
-39.461483
-34.923813
-39.992393
-50.310646
-47.081219
-40.647331
-33.172386
-46.638977
-41.825684
-41.685947
-20.891624
-32.149059
-27.204277
-30.523146
-15.910297
-18.356911
-12.532302
-15.408332
-9.086290
-6.954285
-4.359637
-12.991927
-2.266954
-3.161979
-4.586617
-10.695898
-1.013801
-1.863564
-8.428945
-16.106268
-8.228675
-4.765553
-16.442226
-26.219599
-18.490473
-11.680223
-15.672041
-19.906919
-15.670228
-15.328926
-11.525515
-19.574001
-24.285685
-17.143017
-3.519853
-9.006739
-18.223637
-10.787350
-8.860626
-4.544715
-11.595083
-6.908427
-14.019446
-7.324370
-9.092245
-3.625188
-14.843184
-14.511210
-14.181074
-4.396950
-17.186691
-12.070255
-15.830491
-14.129956
-19.467150
-13.842630
-17.188755
-19.607710
-11.125897
-8.156401
-13.730230
-13.563738
-2.667196
-3.324226
-7.311644
-3.540409
3.538232
-0.757158
-4.348413
-2.177649
-1.898752
-5.850334
-7.447124
-1.193274
-8.187489
-17.288364
-22.049433
-6.481931
-16.478323
-10.816223
-15.283760
-22.141310
-40.307507
-26.136002
-22.364014
-28.206093
-51.343185
-31.912224
-29.664665
-40.261002
-55.719337
-42.637016
-38.870457
-46.532104
-51.731667
-41.664280
-39.174057
-34.332432
-32.709251
-28.569433
-28.508785
-29.522741
-26.814260
-34.278866
-31.933989
-28.013721
-32.335278
-36.523983
-33.736954
-29.991810
-39.645164
-33.985126
-40.617199
-34.433102
-44.735485
-47.356758
-27.915352
-45.619511
-37.171459
-41.577698
-10.095856
-33.718472
-26.065750
-26.714663
5.628129
-11.780605
-13.875066
-9.569793
6.629870
0.651829
-15.934932
-11.191640
5.335120
8.458918
-5.409132
-4.885556
-5.161340
-1.526243
-10.833767
-10.033916
-13.855422
-9.646616
-16.707329
-14.058635
-24.056978
-21.319983
-23.902424
-23.696539
-23.513180
-28.535038
-29.024256
-34.431400
-22.926725
-29.582535
-24.877678
-32.341824
-25.823822
-28.020256
-23.921722
-21.679029
-19.303076
-16.158484
-19.574018
-0.067324
-3.839575
-6.143542
-12.649645
-6.614506
-2.360794
9.389598
-1.699640
-6.988248
-2.320014
-0.271559
-5.087769
-16.467506
-12.427229
-13.238619
-20.953924
-19.047173
-18.578468
-22.416000
-25.266447
-19.832062
-23.539745
-28.362461
-34.936687
-18.038446
-21.227264
-19.026525
-31.313456
-15.123690
-4.961985
-9.615488
-23.865137
-12.055099
-3.344520
-13.943216
-22.761200
-16.769281
-10.645104
-19.804052
-24.181421
-21.363884
-15.903902
-26.376539
-23.638229
-28.818565
-18.814932
-28.793854
-21.910028
-30.499193
-17.634851
-19.209869
-16.303616
-27.313173
-10.091424
-11.848193
-11.925536
-19.858334
-7.635905
-5.111169
-7.590922
-10.831687
-8.936687
-2.237102
-7.600364
-4.592577
-18.709904
-9.072892
-6.356256
-4.074641
-4.285777
-4.381716
-4.443853
-9.281503
-10.477913
-13.344239
-6.458689
-9.260088
-10.493209
-9.854380
-3.470219
-9.781121
-11.329579
-4.876044
-4.576977
-9.966667
-12.332550
-4.898379
1.174746
-3.163679
-3.848226
4.575237
12.106930
8.117315
7.292361
11.888478
19.252892
18.784409
15.795573
12.655577
18.822489
24.886799
18.338654
10.757360
14.452583
20.450684
12.942380
3.912899
7.552191
11.038526
4.475480
-3.799128
1.258596
1.678870
-0.162169
-7.769893
-1.011179
-1.814074
1.430855
-5.760218
-0.042140
0.317016
3.119165
-5.222345
-1.866166
0.498587
-2.421353
-3.365602
-3.047029
0.013826
-2.465685
-2.744972
-3.700389
-0.728443
-0.294534
0.217426
-3.118672
-6.864611
0.667592
0.335324
-1.824503
-7.112414
-0.618920
0.234104
-0.037416
-6.105307
-0.382692
2.891551
2.742320
-5.539787
-2.301428
3.945194
8.354915
-0.543751
-1.115635
5.744982
10.741218
6.172816
1.272948
7.007626
6.161300
4.913949
3.073020
2.918909
2.295432
2.933380
-1.859954
0.757125
0.674101
3.619377
-0.991168
-1.581380
-3.407198
2.840996
0.827682
-3.868595
-4.731795
-0.135160
-1.720709
-6.006020
-2.784978
-0.500025
-2.429122
1.141315
2.281872
2.082607
1.521695
5.706460
2.969574
1.579465
1.212663
6.877328
3.117384
-1.750079
-0.709418
1.421478
-5.769035
-2.192713
2.484157
-2.825135
-13.278387
-4.109516
3.947423
-0.712852
-14.857534
-6.577141
3.222856
-1.737342
-12.279116
-14.540486
-7.475118
-1.712441
-14.563581
-8.450560
-4.710672
-2.319369
-9.145387
-1.108523
0.042228
-0.421674
-1.526957
2.494254
3.205080
2.720070
6.738794
3.582349
4.764256
0.174331
0.472730
-4.432691
-0.656292
-3.161311
-6.502171
-8.767273
-3.256252
-6.758666
-9.241355
-8.655999
0.103254
-8.604158
-5.687849
-5.170403
7.445576
-2.006373
3.178600
3.631126
11.924958
5.204697
10.400644
9.466346
16.768005
8.884253
10.070774
7.064210
14.420450
8.318682
10.120374
11.874288
12.700503
11.720477
9.232746
13.118088
10.295275
8.734429
7.783608
9.356521
11.597701
6.822532
10.167969
8.456109
11.497086
8.019843
13.640240
5.345429
9.457390
8.608361
15.141721
6.096051
8.908270
11.366974
15.358295
4.584227
5.511264
11.804546
12.173481
5.845472
5.251410
9.872409
8.672235
3.066866
2.362028
6.678485
4.566613
-2.645650
-3.674675
2.664192
-2.771451
-6.112993
-7.960598
-2.613581
-5.546456
-6.872006
-9.535917
-4.396646
-5.019137
-7.194336
-8.953735
-1.514681
-4.143676
-1.401553
-0.032940
-2.732774
-6.711485
-0.568923
4.799281
0.331606
-11.581680
-1.702829
2.489892
2.530823
-12.304893
-8.322086
-1.057371
-0.240642
-5.859821
-10.170547
1.447055
-1.586034
-5.265630
-7.634039
2.532853
-3.279533
-7.219128
-9.999093
4.015958
-3.905960
-6.013671
-8.668595
5.182843
-2.768761
0.603396
-1.669881
5.835526
0.493078
3.901154
2.926404
4.629067
0.448370
4.454288
2.999380
3.199610
3.518744
3.828132
2.041897
2.455047
4.320237
-6.313153
-9.022038
-10.695170
-20.433416
-25.910736
-31.357664
-34.176849
-41.433758
-46.034531
-46.286339
-54.020924
-65.202469
-64.168526
-59.226597
-66.943771
-76.760422
-74.219162
-64.009338
-71.376305
-78.253609
-85.902313
-74.085701
-56.999111
-63.321617
-71.057037
-63.198868
-45.031631
-48.109467
-54.284065
-54.148731
-33.319847
-31.919416
-38.389130
-42.633999
-23.850943
-14.667495
-26.470135
-28.180544
-14.417891
-8.272113
-16.987379
-21.462412
-9.664627
-9.344797
-15.919986
-24.978086
-12.007309
-14.607993
-15.805429
-22.854940
-10.129629
-15.121240
-17.995256
-23.220726
-9.783625
-11.497388
-15.074634
-17.333559
-7.315831
-7.545253
-14.048583
-12.239851
-3.752324
-6.436675
-28.657812
-23.482203
-11.149087
-18.694109
-36.972591
-33.503502
-17.165293
-30.526564
-40.445145
-32.925877
-21.989319
-35.324013
-37.172234
-28.002037
-18.822340
-25.735580
-31.919062
-18.522861
-17.184280
-16.436810
-22.788071
-16.037319
-15.628408
-8.164295
-18.260298
-19.620106
-12.706354
-2.181240
-15.413711
-14.320260
-9.473957
-4.763671
-20.946188
-16.133602
-10.727782
-15.006116
-20.755163
-11.212353
-8.876510
-23.106155
-19.674740
-7.219110
-7.521053
-23.558674
-18.691761
-6.826952
-12.687616
-25.584789
-23.139654
-10.934584
-13.594790
-23.192698
-27.213619
-32.922871
-38.706001
-14.370370
-21.551092
-27.291893
-32.880466
-20.358635
-31.938395
-32.427696
-36.843147
-29.291990
-41.952564
-33.172970
-39.350140
-33.249325
-46.545177
-28.071936
-36.318504
-36.370026
-51.957603
-29.585852
-33.681641
-26.621340
-38.153286
-24.254248
-27.661440
-24.458130
-30.077459
-31.017555
-30.188370
-24.189978
-28.950853
-29.457663
-26.499458
-20.738424
-27.089746
-20.367779
-21.587152
-15.060019
-39.661865
-30.080753
-26.880119
-27.011143
-50.364124
-40.814949
-30.618361
-33.750633
-55.969452
-51.525253
-41.825134
-45.633774
-68.506950
-66.340073
-51.640907
-59.762833
-76.518410
-82.322472
-39.922005
-48.912270
-64.359009
-72.110298
-28.171694
-40.364975
-54.783676
-61.061543
-20.399998
-29.329556
-40.138733
-42.860695
-18.189810
-18.822187
-32.242470
-33.656712
-25.296936
-18.648270
-30.855459
-28.720757
-31.812695
-25.730955
-38.424229
-31.489706
-40.487175
-38.527294
-46.508411
-35.259346
-41.954754
-42.415165
-48.616474
-27.960909
-34.911831
-38.914337
-46.179676
-23.136543
-28.138672
-22.568552
-37.401325
-22.145451
-29.301903
-11.190004
-25.675270
-20.016165
-27.463993
-12.644009
-24.838697
-21.901983
-27.975714
-20.910730
-28.728336
-23.639029
-31.181545
-26.270704
-32.856186
-34.923431
-37.142757
-29.235020
-39.738319
-42.923748
-32.669487
-29.178682
-45.636189
-43.053799
-32.532482
-31.759275
-47.151161
-37.295479
-26.848701
-30.288517
-35.044052
-29.050713
-25.996401
-23.820017
-18.312166
-19.489817
-25.432251
-23.666389
-16.104782
-18.631084
-30.484365
-23.877367
-19.571764
-22.671230
-27.662714
-26.289253
-23.465088
-27.985006
-22.166750
-25.378159
-24.237064
-26.484137
-17.560688
-24.698399
-27.485264
-30.896473
-21.489126
-24.307875
-25.290956
1.860229
2.131275
2.291069
2.642905
10.487541
11.699362
13.331376
14.356410
17.050392
20.239645
20.353758
8.735753
8.678312
9.766818
0.598514
-5.827539
-11.199631
-13.284464
-13.124114
-12.094266
-11.942289
-15.051229
-10.372342
-4.293856
-4.958344
-10.659046
3.851456
2.562354
0.473278
-3.000010
13.751413
3.865838
-2.520588
0.649847
13.919836
9.427447
-1.858330
-3.342637
10.807590
11.867878
5.056613
-3.084397
4.016720
7.142577
4.770167
-2.295342
1.384289
1.381906
4.726665
-1.731319
-0.051370
-1.052978
3.335697
-2.160295
-3.342956
-3.120389
-1.969331
-4.621073
-6.057099
-3.063804
-9.824559
-5.583928
-4.370313
0.392892
-6.399716
-1.291555
-1.421754
4.896787
-0.168553
2.087323
5.313685
10.921048
8.330069
1.820069
10.984618
6.085797
3.927530
-3.089160
3.153643
-2.724601
-5.148824
-5.353306
-4.372504
-10.055191
-7.949541
-6.863295
-8.223871
-11.584694
-5.095751
-2.798671
-6.643977
-5.645869
-0.286325
0.240618
0.596139
-1.370498
4.015209
4.492608
0.749737
2.990623
3.085913
8.257035
5.832913
2.121760
1.693347
5.198879
5.943260
0.795462
-1.552207
0.422641
-0.099059
-2.871501
-1.694269
-1.876937
-1.688076
-7.757001
1.245980
0.407941
-5.831331
-10.621685
-2.157060
-4.815477
-9.329092
-5.915063
-3.513670
-5.826764
-9.930745
-0.921363
-5.849941
-11.350710
2.848638
20.453966
4.674415
-2.610428
6.734231
27.595795
4.208380
1.088384
-0.405281
5.578570
5.548969
2.445182
-7.887972
-9.942108
4.869470
4.503353
-7.411361
-12.267631
2.701306
-0.742038
-5.514258
-12.513988
-0.759293
-3.946828
-5.113762
-8.264090
-4.058307
-6.861888
-4.099097
-8.257904
-4.810408
-8.874093
-5.319995
-7.928689
-2.875031
-9.416071
-9.119208
-14.586726
-14.350162
-14.176794
-13.391471
-11.595920
-13.778522
-17.517721
-12.200151
2.782134
-2.775596
-26.793987
-14.764435
11.579700
6.506567
-29.245104
-12.177711
11.334242
11.240383
-17.536751
-3.795784
13.696390
14.547978
-12.076429
-7.805600
5.150450
6.937059
-2.587417
-5.426542
3.785177
7.038579
2.155801
0.986595
5.400688
2.310370
-7.848414
-3.167271
-3.510448
-3.842907
-12.778827
-8.455628
-9.972860
-6.754345
-14.798147
-13.899468
-17.145864
-9.722350
-14.171795
-16.799419
-18.982752
-5.134115
-9.818737
-16.546087
-15.991636
-4.936287
-6.422761
-11.593279
-11.673265
-4.687590
-1.199815
-9.696702
-8.444175
-4.594827
0.086060
-13.102255
-11.832122
-1.347275
3.675312
-10.966358
-4.116072
-1.208023
-2.280988
-0.433942
11.089657
8.984821
0.933626
6.454179
18.263594
13.800218
3.860032
9.886694
21.030136
12.813463
4.149623
6.899873
19.040047
15.037919
6.164986
5.125220
7.276679
10.322454
4.884489
4.859898
4.875323
9.519131
0.087758
2.570180
1.884686
4.431691
-2.850271
-0.981511
-3.090459
-1.601891
-7.137483
-6.346539
-6.064295
-6.330935
-11.280240
-9.186960
-8.401679
-8.439756
-9.765108
-10.930723
-10.074639
-6.755275
-7.095860
-7.229228
-7.365340
-6.114880
-7.054786
-10.555407
-3.819152
-4.548954
-5.090170
3.074007
-10.225168
2.982570
4.194903
2.477940
-16.113142
0.891169
0.300216
-1.057532
-25.105526
-13.010945
-15.850008
-29.688803
-38.609615
-35.574745
-35.454231
-44.836212
-37.338665
-37.245552
-25.860672
-35.034103
-24.098618
-25.554956
-9.229359
-22.101383
-16.626560
-17.544069
-9.270124
-22.507021
-20.283072
-19.051208
-4.057481
-13.839778
-13.863852
-17.601685
-1.451760
-2.208016
-2.632217
-4.097191
2.586600
1.966990
2.715650
6.641440
8.056873
9.729240
6.306143
15.842973
13.325315
4.629743
0.543996
4.444888
7.448711
1.054926
0.222699
-1.793359
8.275576
-2.438092
-1.878102
-11.895286
-1.058154
-6.860134
-6.601783
-5.856629
3.066933
-3.320687
-7.464152
-1.388730
-0.387450
-3.962802
-7.148056
3.876134
-1.240539
-2.165906
-7.437977
-1.386606
-7.978368
-2.151310
-9.398121
-13.518705
-17.692396
-4.067585
-11.630664
-15.891729
-20.859358
-1.428318
-5.315759
-12.518574
-17.729864
2.693787
-5.217337
-6.339946
-10.015615
-0.414975
-3.881426
1.443958
-1.457003
-2.300126
-0.278814
2.302606
4.297482
-3.982250
0.440255
1.494988
5.989503
0.691117
1.909506
-1.477428
1.031429
-1.383297
-1.376036
-1.979505
-1.322999
-4.604227
-6.054068
-12.285120
-9.247281
-5.254167
-11.633802
-19.378159
-12.178768
3.523134
-0.686043
-2.334212
-2.861101
9.542021
12.008053
-8.606560
-14.196123
11.520298
22.296471
6.091679
-2.957950
10.578627
22.767662
4.626056
-4.530396
-7.535976
0.211856
-2.032802
-11.110228
-21.332840
-18.255714
-7.842843
-13.608768
-23.116339
-21.057333
-15.010886
-19.087126
-23.852047
-31.067690
-29.898836
-31.653418
-33.502922
-27.893620
-30.359430
-34.758846
-40.789215
-32.643883
-37.860397
-29.538723
-42.727158
-31.659349
-29.476032
-23.244284
-38.264229
-39.085449
-33.955444
-21.313484
-37.620926
-42.155758
-33.355167
-10.485259
-18.631245
-21.068626
-14.886116
-3.972358
-1.289760
-10.243542
-8.314631
-5.660830
-6.137653
-11.431241
-15.599242
-3.202160
-3.429916
-5.761029
-7.809713
-2.769755
-8.221447
-5.097131
-10.561320
-6.175860
-13.958358
-11.958836
-11.230489
-10.998072
-18.652950
-20.286201
-8.998724
-12.980702
-21.595758
-23.343880
-7.834941
-8.928368
-16.114603
-13.574515
6.479329
3.791421
-6.694280
-1.386894
7.129642
6.041198
8.689595
9.485402
12.266170
8.187902
15.953876
22.217722
8.201605
3.104294
12.115523
9.825784
5.164258
2.648263
0.069805
-3.950569
-10.351923
-5.226832
-17.268406
-24.045815
-25.779160
-10.789399
-28.531349
-25.519123
-29.902630
-14.697063
-25.717583
-15.689320
-25.046539
-12.157413
-22.832458
-7.420551
-15.242886
-5.415766
-11.832850
-1.126686
-4.310724
-3.678793
-15.591048
-1.639468
-4.055529
-0.498341
-14.364105
-3.870891
-4.136242
0.055804
-8.987084
-5.675265
-5.116601
-4.346829
-5.923748
-5.063484
-5.267593
-6.867942
-6.575547
-10.647090
-12.084566
-9.142927
-8.903431
-15.216294
-5.432379
-6.127434
-6.869534
-7.728703
-11.224941
-13.406619
-17.117424
-13.357974
-14.967829
-16.750378
-8.538596
-9.170524
-8.164767
-11.134223
-3.157781
-3.468898
-4.021903
-5.256341
-0.441696
1.752150
-2.602547
-2.134061
-1.900546
3.702656
-2.500266
-1.446134
-5.923683
-0.115993
-5.705857
-9.905607
-12.917808
-8.652226
-8.559085
-10.542711
-15.171724
-11.581017
-9.571869
-13.533787
-14.355343
-9.806372
-8.930822
-12.372382
-12.650684
-10.191214
-9.970715
-8.806363
-11.666199
-10.614423
-5.808409
-6.386481
-12.194036
-10.652073
-5.346006
-2.093859
-12.257124
-11.508951
-10.481658
-5.439942
-10.023324
-12.744672
-12.419924
-12.467160
-11.183288
-13.031442
-14.880601
-12.795224
-9.184077
-12.016361
-17.634773
-11.830581
-13.644769
-9.966002
-6.267024
-8.264180
-9.138382
-8.611630
2.193661
-5.160546
-9.414541
-4.338604
1.742073
-8.512612
-8.982340
-0.660498
0.253428
-10.978403
-5.579449
-3.785073
-4.777045
-9.621686
-5.032402
-6.269632
-2.284413
-5.527298
-4.473092
-11.191827
0.182932
-2.938937
-1.007170
-14.903232
2.858368
0.621490
-1.003564
-18.832352
2.852403
0.345280
-2.934363
-17.599463
1.604370
-0.542278
-6.863440
-16.895895
-1.358002
-2.954547
-12.487285
-16.162868
-5.350811
-5.701490
-13.996432
-13.512163
-5.871714
-5.474928
-12.919323
-10.345463
-5.173909
-4.901888
-16.330059
-15.539242
-13.209991
-11.129271
-10.670776
-18.314781
-6.954360
-5.494125
-8.658782
-24.266945
-5.389912
-3.058577
-9.656254
-17.965870
-6.523442
-3.587114
-9.967601
-11.764256
-3.451236
-3.663215
-12.072847
-12.523167
-5.724985
-5.730977
-13.573487
-15.876107
-11.189265
-9.641726
-14.644844
-17.187103
-15.241055
-14.853951
-19.998938
-24.117748
-24.364601
-21.328789
-26.236002
-21.353329
-18.727869
-18.013784
-22.490276
-15.694202
-10.870560
-12.417850
-14.432320
-10.121645
-2.813354
-2.281950
-1.726264
-2.547269
6.686586
-0.684509
2.716852
-5.979434
0.556274
-11.975828
-7.944449
-9.656301
-7.662555
-19.068983
-11.366078
-10.150544
-10.070942
-20.906759
-16.514269
-9.009908
-10.338834
-22.214352
-18.695517
-11.541012
-9.694630
-21.025255
-17.723221
-21.767973
-4.902800
-18.445190
-18.753057
-25.138586
-2.149212
-13.736158
-16.933300
-23.737129
-0.335085
-8.259850
-14.779141
-20.069260
-1.334895
-3.611407
-9.581283
-14.261470
3.914881
-0.380664
-9.683611
-13.116333
1.736094
-5.916416
-3.075879
-9.719394
4.183423
-2.373295
1.789155
1.214418
9.288247
5.887863
2.739268
9.003649
5.588485
4.992750
-0.913556
10.098328
5.229245
5.372024
-7.479701
8.429907
-0.489437
0.973414
-6.848496
8.892953
-0.800700
0.554057
-4.601223
2.579954
-0.315599
-2.960199
-4.225176
-6.699143
-5.925633
-6.858400
-9.168139
-12.773489
-10.283758
-16.286940
-19.674246
-21.074980
-18.678637
-23.346239
-21.206968
-23.033449
-19.735865
-23.474592
-18.730215
-22.166920
-16.970890
-25.444185
-17.957115
-21.635227
-15.860026
-22.690216
-15.926115
-18.318895
-14.941009
-15.917964
-13.151279
-14.412975
0.100337
0.011873
-0.343284
-0.697565
-11.862051
-12.694168
-14.107799
-23.130840
-33.444168
-39.372738
-41.861721
-37.876812
-52.143902
-60.039093
-42.107052
-37.845909
-48.154648
-55.719986
-38.573608
-28.897741
-40.298096
-41.071957
-25.147797
-16.446587
-19.830122
-18.933184
-13.243760
-10.456131
-3.516815
8.863443
-2.824639
0.538606
12.476136
6.544689
-7.614704
-4.911920
10.284676
0.404334
-14.320775
-10.731761
-0.179786
-12.353219
-20.342224
-15.924523
-7.274811
-11.711727
-21.038200
-14.286827
-14.821987
-6.772027
-14.695722
-9.099257
-12.420047
-7.021775
-13.671576
-10.037990
-7.423246
-7.000419
-6.345612
-5.660864
-5.018290
-2.317334
-4.290391
-8.868714
-8.102962
-4.140450
-4.545839
-17.070105
-12.781036
-5.784066
-3.247941
-21.654116
-22.405746
-11.031661
-9.957109
-10.154032
-16.792929
-9.368256
-9.376954
-2.204617
-8.338611
-8.116943
-1.547773
9.683248
-0.720506
-3.414468
3.225091
9.955034
4.531272
-1.532093
1.615835
3.547318
2.664018
-1.618649
-6.901778
-1.748548
-4.031466
-6.658056
-9.803640
-8.208191
-0.627321
-7.034153
-14.615771
-13.618111
0.149300
-6.509784
-19.710835
-13.066608
1.456233
-5.388639
-13.392037
-8.458131
1.345247
-4.506824
-2.114525
-3.407508
-2.501158
-5.340063
-0.944656
-6.036629
-3.535942
-3.179815
2.836974
-8.606668
-12.775859
-11.555671
6.611039
-15.886368
4.376995
7.569595
-5.125539
-41.206005
-13.952640
1.139495
-13.367321
-57.750465
-18.069866
-1.580893
-15.986691
-51.829338
-22.681902
-4.352610
-20.355804
-48.221489
-28.911009
-16.439817
-24.014288
-41.622929
-19.942171
-16.550169
-24.062166
-27.084135
-22.231382
-19.671034
-22.327877
-25.892456
-29.604004
-26.674524
-30.243370
-34.578419
-33.406178
-43.676693
-44.681309
-53.261009
-58.514751
-45.972317
-61.688660
-50.406723
-55.224865
-27.781490
-53.821915
-38.353878
-38.771183
-9.823492
-39.325726
-30.519630
-29.394169
4.100080
-27.909138
-23.278942
-26.846363
26.239122
-1.220186
0.103098
-7.905388
17.713587
0.485189
4.213073
-4.177183
10.235409
3.830872
5.676195
2.597058
-0.321675
-4.896305
-0.713105
-2.675066
-10.498362
-17.314091
-11.771517
-13.217343
-13.508819
-20.322756
-10.610794
-12.659885
-14.282428
-16.680305
-9.987737
-7.886174
-8.321778
-7.952721
-4.273625
3.176433
0.231724
0.889798
3.618218
-6.239463
-0.883855
9.390687
7.773087
-9.928169
0.251033
2.117464
1.337259
-18.147120
-16.157104
-9.475917
-17.543640
-23.544296
-25.266384
-11.042019
-15.848337
-16.307262
-19.903997
-10.542988
-14.178594
-13.337073
-15.709802
-7.260407
-10.970481
-6.581029
-0.079631
-3.237190
-4.558864
-2.290409
2.820847
-8.905038
-13.734797
-8.951903
-2.806369
-10.793237
-20.275091
-17.841766
-8.669005
-11.235293
-15.157470
-19.784054
-9.478842
-12.355165
-14.672883
-19.153402
-7.562772
-10.240316
-15.369601
-19.861429
-3.433417
-8.945991
-8.379072
-14.238573
-2.163228
-7.067416
-4.222473
-7.743855
-3.465209
-7.187263
-5.426063
-5.935850
-8.377908
-9.004080
-1.364166
4.616792
4.915932
5.080545
5.113031
1.278208
1.800462
3.300345
-3.443037
-9.323771
-11.269155
-18.279182
-12.076862
-20.497166
-21.902399
-23.546946
-14.110166
-21.037397
-23.018574
-25.694950
-12.483883
-15.053903
-16.130396
-14.624052
-3.088450
-1.720700
-4.323153
1.640548
-2.112884
-0.173491
6.939782
12.008195
6.583562
10.318983
6.406238
14.071122
12.236139
13.508715
6.403128
14.071782
12.807107
14.420381
2.544468
6.861725
4.705849
12.074220
7.673971
1.702517
1.474084
1.404235
1.631509
-3.231675
-3.244183
-7.213061
-4.620873
-5.454959
-7.202046
-9.937792
-1.693346
-5.137250
-6.861073
-9.601221
0.885887
0.789525
-2.471487
-0.589989
3.633524
3.822067
-1.553598
3.094099
3.167189
6.029713
-7.846543
-8.408029
-9.115036
-3.179868
-4.232759
-6.743177
-2.596742
-0.773245
-3.433537
-3.699250
1.137854
-0.996229
-4.231095
0.292885
1.875522
-2.151022
-5.286255
6.297698
5.118804
-1.723527
-3.434238
8.746160
8.473829
-2.906066
-2.459666
6.619397
4.323358
-0.448784
-0.283199
5.890330
5.543532
2.403084
-4.211644
0.658985
1.206203
-2.435423
-8.211932
-1.270892
-2.252867
-9.107353
-12.038021
-2.449780
-1.273916
-5.385466
-10.755715
-0.328498
2.380243
-7.033290
-12.270606
1.610759
4.825429
-4.239878
-3.996006
-3.628570
0.751845
6.592581
5.248339
10.447600
13.506701
-2.684157
-7.807703
-2.685475
1.026488
-11.012927
-18.491026
-7.965095
-3.673268
-14.872033
-23.626116
-17.685263
-11.084122
-14.543691
-25.032806
-13.279967
-7.053480
-8.080276
-16.149075
-9.409516
-3.252367
-3.015249
-7.864794
-8.001637
-5.614116
0.859424
0.013463
-5.983876
-5.540314
-0.908301
-1.292149
-4.008564
-5.675889
-5.322131
-6.737879
-13.613274
-8.220271
-11.201227
-6.509397
-14.249277
-5.136492
-9.637525
-8.739717
-11.578492
-1.801033
-8.283399
-11.347318
-10.848663
4.548395
-5.148578
-14.003961
-8.964801
9.887590
1.460709
-1.781695
-1.017832
12.326863
3.010813
4.995131
1.874701
10.183283
6.284996
8.306603
10.759679
2.250194
1.278288
5.301053
3.183587
3.101702
2.914144
5.433057
1.523957
0.925983
2.372887
7.320886
-0.904025
0.484695
2.312456
6.814808
-2.852450
1.997652
5.003303
7.620127
4.417876
6.675524
6.376700
13.525352
1.052543
1.231451
7.773737
11.069667
1.922953
3.753035
2.036077
2.274973
-2.485628
-3.255236
-3.911370
-6.562485
-4.691453
-5.228424
-1.092891
-6.806841
0.646234
-1.284159
4.203805
-2.280673
0.356719
-0.018295
9.176414
7.253921
3.009341
6.311823
17.418404
13.201568
14.867062
9.874207
14.154058
14.042757
13.942695
9.886630
10.661457
8.174923
9.907119
6.190186
5.315310
2.328366
-0.340858
1.827767
0.546270
-1.948808
-5.482608
-3.227404
-3.267036
-7.812129
-11.555123
-3.889358
-6.759040
-10.201173
-14.621625
-6.879270
-9.663476
-7.646254
-11.488976
-8.026876
-9.781205
-10.045882
-9.875536
-6.676533
-7.692171
-7.964528
1.167042
1.179806
1.232310
1.195875
3.940543
4.137570
4.619729
-0.344972
-0.199605
0.193659
2.013957
-5.607139
-8.333104
-9.333121
-11.519754
-14.874322
-17.934723
-21.014046
-26.357260
-26.429220
-23.993053
-29.666044
-35.066303
-31.751841
-28.907654
-31.229889
-30.759602
-33.792912
-29.071465
-26.371187
-24.766693
-34.848160
-28.099581
-17.958569
-18.632347
-29.693005
-26.284380
-17.213943
-17.811214
-26.279232
-24.287310
-17.180689
-16.250336
-20.647991
-20.361444
-17.079916
-15.679325
-20.714472
-17.137028
-13.682699
-16.110933
-20.841511
-19.192900
-9.065355
-11.277788
-15.573236
-17.501833
-6.515571
-5.716472
-10.125801
-16.198229
-7.911630
-4.624114
-6.009843
-9.180387
-7.783222
-5.398444
-1.331288
-2.382794
-4.978874
-2.147683
-2.914089
0.367636
-2.809149
-1.000185
-9.377989
-2.724015
-3.095094
-5.370018
-15.206697
-7.614864
-3.798471
-10.511709
-20.395727
-13.183004
-8.723552
-14.699962
-21.718323
-12.209545
-10.200762
-11.664267
-18.186932
-10.688262
-8.715075
-9.027884
-16.060083
-8.306421
-8.024175
-6.654839
-15.620525
-10.340429
-7.458225
-7.246956
-17.818920
-13.942544
-10.001689
-10.821815
-17.599852
-9.438643
-7.452434
-14.878910
-17.687689
-8.548351
-6.281285
-11.972754
-14.192755
-6.229801
-3.770455
-15.720774
-13.642353
-7.443348
-4.981575
-16.464043
-11.601936
-10.225116
-7.492728
-13.118530
-3.169190
-15.443845
-14.603913
-5.554704
6.729124
-11.814111
-15.200692
-6.394101
-0.841785
-14.065169
-16.193247
-9.453099
-10.612185
-12.919214
-16.166143
-14.801026
-21.571840
-13.590702
-16.352858
-17.077917
-27.581329
-14.188643
-17.996653
-15.559369
-22.836531
-14.255346
-17.387133
-11.966790
-14.169578
-13.253670
-14.590625
-11.330924
-14.786386
-12.364446
-13.633131
-10.437560
-10.513058
-10.146466
-11.188212
-9.092450
-12.640576
-15.354960
-13.652111
-13.661831
-19.477280
-22.524809
-14.681632
-17.289227
-24.973408
-26.951025
-16.910608
-21.261477
-24.527159
-23.870770
-19.363297
-23.313557
-25.973129
-23.623764
-16.725777
-18.278669
-19.388821
-18.760685
-15.846059
-15.232738
-16.966137
-16.230095
-16.557302
-13.246222
-16.896927
-15.834451
-17.779875
-18.176611
-22.370062
-21.379860
-17.930674
-19.087980
-24.056877
-25.720575
-14.863256
-16.988111
-20.813812
-20.652630
-11.139457
-12.211763
-18.684965
-11.952441
-8.594579
-11.781603
-13.625493
-2.850211
-6.193741
-12.113919
-12.718616
-1.262318
-5.063885
-11.790818
-15.174487
-2.912260
-4.470148
-11.866788
-14.073520
-8.291578
-7.191663
-14.416492
-20.145620
-7.126904
-7.113717
-16.564152
-25.848228
-14.506469
-15.172415
-19.233212
-28.449341
-17.968966
-15.786592
-20.082954
-25.365829
-19.223820
-15.342388
-19.608406
-21.658501
-18.159002
-11.699528
-17.239761
-16.725645
-14.917905
-9.543372
-12.409552
-13.601025
-12.960637
-14.572688
-14.134705
-16.788937
-17.359339
-18.201214
-13.973548
-18.582182
-19.957661
-18.576189
-15.801271
-18.615326
-19.258028
-19.113625
-16.446550
-14.607892
-15.195997
-17.867464
-15.724599
-15.226699
-15.433304
-12.636898
-10.647434
-13.967299
-8.012008
-8.750003
-9.638191
-10.458507
-12.674112
-14.731039
-18.991142
-21.010414
-22.943790
-25.389231
-13.319419
-19.762371
-19.102039
-22.202909
-12.416189
-16.477245
-11.129148
-11.523968
-4.198583
-13.251196
-6.762763
-6.413992
-5.847282
-24.564478
-11.179094
-7.278262
-18.249636
-30.743910
-15.968648
-18.281610
-30.936436
-39.193382
-26.589727
-21.633190
-34.637150
-35.778671
-33.310760
-25.795828
-35.340611
-32.368862
-35.287186
-23.302017
-24.829880
-23.691063
-31.896469
-15.976344
-10.666214
-13.963330
-16.195810
-11.119756
-7.431844
-8.957282
-13.415367
-9.660695
-2.770193
-3.432237
-7.149688
-6.042827
1.462432
-0.152214
-4.059755
-1.203406
4.265353
2.793808
0.222152
4.328562
1.833377
-2.195943
-4.325125
-0.393879
-4.063703
-0.488960
1.650776
2.558296
-1.090021
-0.923001
-2.915493
-2.690392
-3.079698
-2.226907
-0.813196
-0.465437
-1.644902
-4.571644
-1.283990
-0.671866
-0.819995
-12.371945
-6.676770
-5.273242
-4.999704
-13.435328
-11.700938
-11.186841
-13.120744
-16.007563
-13.763860
-13.229535
-9.466680
-13.869019
-12.870567
-11.686625
-9.100931
-10.815810
-12.306296
-11.217978
-6.571033
-7.172268
-6.278434
-4.035761
-2.364030
-2.260114
-4.821500
-0.702456
-5.764232
-1.205371
-1.090685
-0.882911
-5.917830
-4.121797
-4.999087
-3.654707
-6.657781
-6.678367
-7.979054
-9.861176
-17.097992
-19.200462
-18.865099
-18.956814
-18.195484
-21.188850
-13.128423
-14.920557
-14.848101
-22.568022
-13.052694
-12.530696
-6.667797
-6.190546
-8.375039
-10.067647
-1.290917
0.643501
-4.163427
-11.587888
-8.191611
-6.318160
-10.609565
-17.958525
-16.108055
-14.505210
-17.860456
-21.460314
-22.052616
-24.662910
-22.297558
-24.431616
-27.257910
-33.654129
-31.917406
-35.984585
-39.313572
-30.558270
-29.884178
-23.156849
-38.254803
-24.191540
-26.155922
-13.725924
-33.082775
-15.189874
-16.247341
-13.682634
-24.383554
-12.623072
-13.625694
-11.825894
-15.213232
-9.799128
-13.889601
-14.891560
-14.603694
-17.959852
-16.774368
-16.241993
-11.486444
-19.994701
-13.791329
-19.476540
-16.810812
-24.597826
-20.573360
-23.470928
-18.727985
-28.752048
-22.197441
-23.162653
-22.680882
-27.736507
-22.610722
-20.764969
-23.915377
-26.994137
-22.868551
-14.636075
-18.291071
-19.786583
-13.083732
-10.595294
-15.144424
-17.881344
-13.758961
-11.711445
-15.664029
-21.722612
-11.128129
-10.855190
-20.193529
-20.861696
-14.118806
-16.890049
-14.117858
-13.648784
-4.210605
-6.908173
-9.892018
-7.213132
3.599079
2.676980
-4.616825
-4.533915
4.693358
5.989601
0.540495
-7.201202
0.908931
4.173020
-3.340067
-10.066762
-6.217511
-1.273552
-13.875113
-19.164558
-16.957016
-10.899427
-19.099289
-27.509623
-23.851387
-13.101072
-22.729164
-26.670074
-26.074713
-13.436671
-19.430584
-17.377483
-19.578796
-17.014940
-15.708674
-8.168672
-9.291329
-12.068639
-10.574412
-1.602686
-2.595368
-9.153806
-6.639906
0.419552
-0.311508
-4.781439
-4.185305
-2.309340
-2.977641
-4.720160
-5.206690
-5.017483
-6.007361
-8.747273
-6.167215
-6.057925
2.384400
2.532526
2.547334
2.546874
-5.713849
-5.606683
-3.702960
-13.786931
-20.461155
-23.362808
-27.632912
-17.538403
-27.010065
-30.015751
-14.693894
-8.151984
-12.158226
-15.402644
6.496128
11.785684
-0.264957
1.311039
25.331728
25.035751
12.490025
16.148464
30.545027
33.135788
25.340433
30.001982
31.094868
38.964073
32.424347
26.137522
22.276844
30.038671
31.622276
22.117010
16.227541
19.675707
21.866737
13.082294
11.137970
12.942680
15.271863
12.325050
9.668779
12.671457
6.098459
10.314889
8.785378
13.564157
5.991852
6.066768
6.051790
9.218151
2.056642
-6.656346
1.708991
4.929903
6.430410
-4.220955
-0.523912
0.539721
7.521032
-0.581249
-2.360426
-3.484356
4.059415
3.455268
-1.619217
-8.906374
-9.181003
-2.660855
-9.241297
-2.874273
-6.897184
-0.428200
-5.090534
6.078496
1.572842
2.900614
4.369309
16.140985
9.286577
7.870079
10.406600
20.537779
10.640238
7.215440
9.367763
17.604269
9.642687
5.841837
2.094127
10.822303
3.422771
3.848782
-1.677574
2.816737
4.836630
-0.275069
-1.751018
-1.146366
6.105271
2.793595
-2.737121
-1.662260
5.397242
4.327283
-1.167919
1.177378
4.928728
3.967841
0.929836
5.740447
3.059756
-0.339466
5.117033
12.249518
5.471623
2.679332
11.237179
13.061443
3.230628
-0.833549
16.848280
10.045528
14.957030
13.586865
0.348393
-9.594666
1.578049
8.863633
-9.879391
-24.113613
-2.483207
7.895535
-4.435330
-16.629255
-0.932971
7.777385
6.133624
-5.175394
-2.019983
1.829728
6.220957
-0.338426
0.955001
4.300892
3.424420
3.033731
7.018591
8.542593
2.173541
4.501143
5.586723
7.645861
1.081529
5.871242
2.617277
3.071181
-3.162963
-0.936465
-10.627519
-6.393294
-7.887979
-3.517597
-7.236688
-4.898318
-4.528384
6.613592
7.619379
1.399469
-0.027627
16.406595
17.983210
8.742718
9.034307
23.911537
24.849567
21.572939
21.057310
29.427908
24.054674
21.296824
15.102071
22.111988
17.587360
13.540094
16.324015
15.951976
20.786291
5.335840
10.729582
8.397916
13.681398
1.335362
3.399123
1.465144
8.966560
5.207929
2.360492
5.830817
10.499463
7.487816
3.580213
10.070685
12.245469
8.769938
5.712025
13.416120
11.776338
7.792674
7.241738
13.027089
0.576750
4.558229
10.911413
11.937756
-5.903490
4.598253
9.777661
11.557968
-9.888370
-5.208057
5.484210
2.975641
-5.228822
-5.700055
7.185084
5.977096
1.005645
-2.257048
8.279661
11.808299
4.250124
-0.670091
10.903862
15.228139
10.270276
5.893474
7.383913
9.314598
8.624727
8.530962
4.428434
0.250682
2.996173
8.264750
4.812523
-7.961414
-5.538059
0.560942
4.168350
-3.217418
-5.911866
-1.631735
3.431694
1.389019
-2.114149
1.906483
-1.014902
0.215899
-0.818469
5.416386
3.282989
4.974062
4.433722
11.165840
6.877173
8.533998
6.708618
12.506661
5.846224
7.095995
4.554672
10.533696
7.204745
11.222854
-0.973476
-1.244988
-1.531618
-2.064968
2.472253
2.188236
2.247620
-15.332447
-12.031907
-14.071391
-4.774394
-24.357859
-26.594189
-32.147408
-28.601131
-35.556660
-35.248936
-40.251030
-42.181763
-38.606182
-37.796528
-40.552933
-35.831303
-36.988712
-28.745829
-30.859236
-23.183811
-35.973133
-23.385103
-17.677330
-16.826223
-25.683510
-16.728512
-3.305153
-2.362752
-0.331105
-6.254899
3.877685
8.652308
12.024103
-3.387117
0.498614
11.085269
7.440581
-5.137540
-1.016784
7.336144
0.946365
-0.668926
-5.469082
-0.130225
-8.087490
-8.948385
-10.225130
-7.053044
-15.548462
-16.627190
-15.141410
-10.383179
-19.675030
-23.479065
-14.482885
-8.844149
-9.378405
-13.999722
-2.896245
-5.118752
-7.220573
-7.670858
2.655008
-3.452282
-6.303890
2.832401
5.995982
-2.614521
-12.078962
-2.891078
-2.479791
-12.848417
-17.144630
-5.926041
-7.149928
-20.048975
-14.972494
-5.062571
-6.095862
-13.241423
-13.771385
-0.005399
-2.250276
-3.408584
-7.728899
-1.868418
-1.990912
-2.597879
-11.477147
-3.959974
-2.587843
-0.626554
-11.941821
-3.134955
-0.561655
1.014408
-13.972200
-7.773272
-6.125735
0.325724
-18.617100
-5.476557
-7.239871
-2.861019
-17.298998
-7.596537
-8.737184
-17.041859
-16.213924
-10.564935
-6.240838
-19.333700
-23.735647
-12.358171
-4.613258
-19.150846
-16.603598
-21.259670
-15.385921
-14.030034
-9.584993
-20.360132
-17.873703
-8.992402
-3.157680
-12.445662
-15.460184
-11.955919
-10.506398
-8.731633
-10.663275
-19.534046
-0.824483
-5.393756
-14.672229
-24.573544
-2.908754
-7.662094
-22.456116
-25.403028
-11.185032
-15.006448
-29.736628
-31.947823
-29.419613
-28.197224
-38.635956
-41.568974
-49.394417
-36.936604
-42.308601
-44.850136
-56.946659
-44.307507
-55.636444
-51.793816
-59.487774
-44.077492
-34.664017
-52.109539
-53.056786
-49.031525
-22.866457
-46.676254
-43.031467
-46.084145
-18.503935
-36.281105
-28.861029
-38.746449
-10.988813
-26.457026
-13.802065
-30.218016
-7.917549
-10.212038
-5.684457
-13.001734
-7.950674
7.627370
10.130712
12.369631
-4.547919
12.534952
14.233433
17.941580
-13.273596
4.770097
-4.931270
4.642331
-27.931858
-20.304455
-28.670998
-19.784521
-32.764820
-35.724018
-38.403381
-31.122316
-28.702097
-33.811035
-37.757885
-24.715921
-23.861298
-29.704643
-41.533466
-16.868326
-20.560905
-26.799351
-41.999962
-10.312179
-14.031056
-17.280170
-29.368488
-5.724208
-20.254673
-3.662648
-15.623976
1.171305
-5.659442
-1.781315
-6.385754
-1.355569
6.187288
-8.709975
-8.482049
-1.798657
8.261174
-10.133972
-18.719849
-14.374693
-2.071890
-10.787321
-19.343542
-18.263933
-3.631413
-14.126938
-23.326277
-18.369484
-12.787673
-17.627268
-32.414673
-21.752565
-14.462203
-14.090185
-25.476021
-18.593418
-14.374175
-3.436948
-7.688968
-8.626664
-13.746534
1.842930
1.209109
1.447045
-12.145673
-5.751284
-2.276647
-1.635555
-17.810268
-13.709915
-10.668102
-5.089726
-18.638378
-15.142253
-16.580215
-13.478467
-18.838987
-14.454063
-13.682240
-16.505468
-17.586765
-12.043772
-15.315886
-6.786185
-7.366509
-8.009794
-8.771278
-6.815039
-8.310146
-11.793332
-12.494093
-10.396009
-11.885975
3.707959
-11.436984
0.114431
-0.236795
-0.539716
-17.887783
1.272387
0.725727
-9.609575
-28.209021
-9.634826
-11.100626
-27.759520
-47.693470
-30.997078
-28.835464
-51.267323
-62.702858
-49.284409
-48.071136
-62.582050
-66.513527
-58.028828
-47.881348
-58.280689
-55.530121
-62.813435
-50.040714
-48.938335
-48.142803
-55.584473
-35.469513
-28.047089
-33.446404
-40.160397
-15.272809
-7.287030
-15.633624
-16.195868
-9.552567
-4.863535
-13.301243
-7.959385
-3.238260
-2.213281
-12.243069
-2.543552
6.183828
-3.151524
-11.673926
-9.510359
6.097334
0.726114
-0.613968
-8.013050
9.046097
1.046728
-0.410758
-8.766483
0.178673
-6.687846
-0.755619
-1.618450
-1.709210
-5.629142
-7.108994
-5.535106
-2.502182
-6.359767
-13.181029
-3.941941
2.360384
-8.871481
-20.609619
-7.567964
-4.044500
-8.126138
-29.666622
-21.368364
-14.918721
-16.216082
-26.926872
-26.329145
-21.307066
-16.806427
-20.086124
-22.368021
-23.424957
-6.192941
-13.380464
-16.541859
-15.468142
-0.204094
-10.075044
-9.375650
-8.399057
1.463678
-3.996585
-5.507664
-3.373730
4.119868
1.134613
-3.736135
1.638442
-0.789506
-1.393420
-3.989591
-1.225661
-6.850310
-13.441221
-7.277120
-4.123976
-10.349269
-13.084229
-8.070366
-3.651995
-9.255775
-14.721622
-21.595095
-14.139774
-3.472552
-5.595418
-9.089722
-11.825978
0.936284
7.582026
-13.335404
-18.373968
6.192042
18.304337
-5.259781
-16.033058
8.301245
20.104939
1.070568
-11.256369
-10.578273
0.702262
-14.158024
-24.216185
-26.596470
-20.880095
-27.360426
-35.228050
-36.207767
-40.500988
-34.812599
-40.517433
-38.596870
-51.904888
-47.102100
-49.064255
-48.098808
-36.226505
-32.499447
-38.367638
-42.003120
-26.807344
-32.682903
-29.505720
-37.471912
-28.340029
-35.869869
-28.835190
-32.168316
-31.790697
-38.296303
-28.071644
-28.113447
-36.735546
-45.800243
-32.821129
-30.769510
-44.489346
-46.437103
-25.939255
-26.248972
-43.768494
-38.591576
-28.022745
-38.259506
-45.343567
-46.835342
-25.195963
-34.525166
-36.258507
-38.736748
-16.302195
-22.366306
-20.961279
-27.931412
-23.974304
-28.845354
-28.804230
-31.425177
-27.957891
-32.867428
-33.529652
-28.965855
-25.996452
-32.166134
-32.791309
-26.915432
-22.151739
-24.769573
-25.490984
-10.848160
-10.345904
-19.496696
-18.325346
-4.748652
-9.004503
-6.524837
-8.280280
5.091584
-0.116830
6.480141
9.078349
10.606708
0.963179
3.269903
-0.247107
1.406288
-5.039703
2.484396
-15.910708
-12.477769
-10.660043
-10.060111
-21.614491
-29.741257
-20.876165
-29.596525
-38.144428
-44.683277
-35.208500
-31.882589
-37.616940
-48.022346
-32.568130
-32.442112
-22.541073
-35.889534
-21.619608
-22.339428
-7.144667
-13.822796
-13.589702
-13.488703
4.866793
0.640439
-8.833875
-10.325864
7.224833
2.173331
-5.964695
-7.633281
4.730682
-1.069345
-2.080714
-5.341659
-0.832187
-6.933774
-2.096554
-7.414543
-6.271225
-12.526117
-8.411996
-8.268260
-10.540587
-13.758244
-14.616590
-15.442346
-16.239965
-23.236277
-27.313429
-37.498825
-21.477667
-23.017105
-25.195019
-20.139004
-13.034434
-13.879966
-15.021861
-11.397405
-11.629189
-10.508561
-12.250577
-14.116921
-13.099341
-10.793457
-13.118590
-15.728334
-15.834451
-16.942902
-18.233147
-12.609224
-15.487336
-18.311146
-26.196331
-15.466907
-19.345118
-17.331867
-17.933657
-13.255846
-14.941222
-17.166058
-14.005845
-12.387552
-11.201770
-14.693954
-6.433681
-6.297123
-2.709760
-13.799881
-3.095179
1.188244
0.511268
-6.842210
-4.254105
0.243259
-0.954077
-6.701215
-3.875187
-0.757165
-4.416260
-9.147281
-8.583148
-2.150595
-5.948434
-13.362456
-7.973757
-1.306663
-1.939658
-12.807138
-5.707705
-0.338643
-1.435339
-19.021599
-12.382217
-6.717198
2.900271
-6.534218
-6.077918
-2.611889
2.184474
1.652621
0.291758
-1.338101
-0.749036
3.043273
4.308484
-2.543905
-7.008841
1.317831
4.214526
-4.371987
-15.012698
-5.194250
0.375150
-3.082796
-12.698612
-9.511216
-6.628624
0.940135
-10.576839
-7.886574
-11.179611
-2.029787
-6.525115
-8.132547
-8.706620
-5.492361
-4.983766
-7.296332
-6.719369
-1.610731
-4.245503
-2.499042
-1.557738
1.304353
-4.754725
-4.634287
-1.057317
-4.802266
-6.993799
-5.126581
0.384612
-7.584721
-11.200403
-8.921395
-7.285206
-12.272407
-10.640081
-6.916873
-9.196597
-37.271088
-25.872677
-31.302576
-28.214993
-38.433826
-19.018599
-20.719336
-23.686502
-24.549107
-7.409153
-17.600399
-22.176090
-14.360236
0.536170
-12.325904
-17.919121
-10.593611
0.833334
-5.617008
-12.721456
-6.544191
-1.876932
-5.480597
-9.359118
-2.855628
-4.874057
-8.560872
-11.205155
-3.435807
-7.792660
-5.824990
-8.681173
-0.119356
-13.288657
-13.842607
-8.577781
3.179620
-4.918172
-6.378199
3.397837
5.223706
3.722645
-1.576039
3.837912
5.142297
3.434410
-2.754736
-1.483660
5.996526
1.733013
-3.717395
-13.885416
-2.723527
-2.162928
-10.342572
-25.929943
-15.142911
-11.235920
-13.696419
-24.073469
-10.518221
-12.271338
-6.511906
-19.114017
-10.651410
-14.735847
-12.197006
-16.546881
-6.210925
-16.487347
-8.545134
-13.393308
-6.439788
-13.647527
-12.186375
-13.206490
-6.122177
-13.366632
-13.785720
-13.374676
-7.689170
-11.888335
-12.629348
-11.332563
-8.824651
-11.796782
-15.655518
-11.747489
-11.375945
-13.676127
-6.467884
-5.246647
-17.017406
-13.552656
-1.284586
-9.038172
-10.503095
-8.505985
4.121421
-3.822942
2.370525
0.787155
9.277049
0.960203
6.925780
1.456722
9.040804
2.603408
7.737521
-4.446342
7.770237
3.413306
5.540541
-4.841928
1.645791
1.028462
-4.845280
-13.366124
-8.360707
-5.485867
-6.151828
-17.156809
-16.480539
-9.409642
-11.717428
-14.812589
-17.781340
-7.970619
-12.873910
-12.062146
-18.189878
-10.374125
-8.086847
-5.150952
-7.899204
-12.526587
-0.684839
0.318211
1.646548
-13.689979
2.431472
0.460767
6.321695
-13.926953
0.860760
-1.252198
3.163198
-14.886735
-4.038582
-4.431910
-1.016543
-14.333040
-10.252642
-10.810513
-5.108502
-5.531261
-6.026131
-6.546305
-11.192533
-12.941381
-16.267525
-10.730074
-16.577023
-18.492386
-17.621212
-13.189255
-20.094749
-22.801483
-24.921009
-20.160269
-23.635098
-27.462690
-34.534916
-27.809593
-26.967266
-28.466583
-38.697334
-37.294922
-30.266748
-28.115047
-40.343754
-49.135109
-37.618065
-35.559864
-50.354595
-57.507679
-44.122948
-39.658417
-55.090084
-59.735420
-48.749489
-41.290970
-51.354618
-55.790169
-44.998943
-34.357201
-40.441574
-42.060593
-38.053619
-22.416391
-24.894707
-27.313988
-22.582033
-10.554209
-17.052155
-19.794746
-20.476589
-9.171772
-14.611610
-14.388311
-19.026476
-11.843484
-11.174435
-14.767852
-19.832169
-9.565995
-7.954559
-9.282951
-12.292724
-8.812672
-8.523028
-11.371848
-17.443130
-8.735265
-12.092923
-14.001445
-16.064222
-7.791564
-8.906855
-14.141658
-18.085135
-11.298717
-10.783730
-13.464904
-17.771698
-9.418005
-10.241028
-12.046409
-19.467010
-11.560985
-8.145266
-12.426390
-14.672165
-10.870507
-7.525367
-13.031530
-16.641195
-14.050663
-15.368784
-16.220703
-19.594515
-18.494413
-17.115788
-13.516516
-15.789637
-16.262760
-15.521111
-13.436918
-13.551389
-13.034284
-11.935789
-8.643801
-9.036396
-8.833649
-7.373304
-2.780061
-6.123859
-6.122470
-4.835674
-1.354578
-2.697719
-3.539202
-5.336493
-8.599193
-5.635220
-6.071771
-4.516801
-10.229351
-14.118994
-17.153713
-9.788082
-20.313921
-22.044926
-22.402828
-14.314361
-30.431988
-25.831217
-23.264019
-20.285263
-39.214073
-29.354000
-25.414892
-19.002954
-32.885815
-27.609921
-23.803921
-19.851660
-30.715998
-23.913570
-18.032953
-8.237984
-17.934570
-11.341128
-5.789039
-4.467108
-8.630277
-8.545915
-3.910358
-3.492574
-2.734010
-5.951648
-2.112055
-3.298214
-4.197557
-9.080498
-4.865149
-7.641956
-12.714373
-15.962337
-10.454463
-15.643669
-24.597895
-26.110344
-13.796706
-22.392994
-35.387402
-34.339966
-16.836655
-28.909508
-44.654846
-42.171490
-26.952896
-38.058540
-52.874840
-53.918388
-28.351521
-45.533562
-57.685444
-56.175713
-26.846348
-43.644238
-55.209675
-50.972599
-24.651743
-39.216385
-47.534077
-47.079739
-23.185825
-31.284519
-36.908096
-37.395489
-17.962093
-19.805365
-22.074516
-20.967529
-12.469966
-12.030947
-14.056948
-15.827971
-9.274919
-10.325190
-7.204229
-14.092023
-10.648155
-9.561103
-6.952872
-13.638608
-13.143447
-12.703925
-15.046661
-14.043406
-19.539946
-19.199661
-20.903551
-19.870073
-27.550121
-17.361343
-21.986174
-21.517595
-28.445688
-16.828146
-23.148695
-21.759470
-26.117228
-21.387020
-26.403896
-19.088358
-25.587904
-25.495523
-30.743996
-20.273640
-23.201975
-20.618778
-29.927692
-22.829355
-17.406157
-24.482672
-34.286007
-31.267996
-21.117407
-27.203060
-37.160892
-35.236412
-21.179663
-27.734453
-35.072502
-37.282127
-19.007772
-24.076118
-23.668314
-30.304295
-13.168142
-18.458265
-16.012207
-22.850435
-13.113503
-11.903022
-9.852534
-14.393656
-9.373920
-8.892929
-6.615782
-10.008803
-4.359295
-4.560601
-3.125657
-4.926623
-3.054471
-2.709036
-3.335280
-4.327229
-6.711976
-6.224885
-5.376547
-6.948550
-7.356452
-7.758070
-7.866964
-9.779318
-10.942336
-13.965766
-7.066610
-7.239529
-7.771767
-5.295327
-6.743444
-2.067305
-2.341955
-0.970991
-15.665329
-5.291135
-8.330755
-7.580422
-22.996624
-18.193787
-22.659140
-16.667551
-34.194336
-33.577717
-33.236469
-30.847178
-41.508560
-38.372715
-38.163891
-41.838814
-53.770229
-44.450317
-36.850342
-49.311344
-55.897690
-50.998791
-35.857582
-48.457691
-52.414940
-52.751743
-35.010880
-40.608910
-45.320255
-51.279350
-25.256002
-23.952446
-32.238354
-35.371338
-18.119505
-16.739157
-23.084843
-21.413206
-5.793600
-4.370981
-10.038367
-7.728335
2.047163
-2.533316
-7.410948
-5.923616
-1.004832
-3.532787
-6.041378
-5.283532
-2.316206
-2.358710
-5.675054
-9.404743
-5.819036
-5.198315
-9.121130
-7.099639
-2.479695
-6.718356
-13.587504
-8.990315
-2.133450
-7.696403
-18.265059
-5.385090
-5.006143
-11.092190
-20.461784
-4.415715
-7.037829
-8.825974
-26.249247
-15.018326
-13.198021
-9.620831
-25.739679
-19.982792
-20.583622
-16.534706
-23.931437
-22.168549
-25.749783
-17.434017
-18.747339
-18.358011
-20.811764
-18.058969
-19.815416
-13.851757
-14.841644
-16.810392
-21.222416
-7.336250
-7.820577
-12.107755
-15.989640
-6.404706
-1.378505
-11.940827
-12.658447
-3.857552
-3.021571
-14.523311
-9.991792
-4.979145
-3.265978
-14.923989
-7.981476
-13.846757
-9.240049
-17.095907
-15.182130
-23.035685
-17.571585
-9.693866
-12.512083
-16.735785
-14.924568
-0.073419
-3.069090
-20.802395
-17.251484
0.801991
-3.896405
-24.300728
-24.363897
-1.617090
-5.765101
-12.675189
-19.239897
-9.269899
-12.441631
-15.217773
-21.005444
-14.998416
-11.859570
-12.061154
-17.694628
-18.398737
-17.310612
-13.518193
-17.138611
-21.950916
-25.511610
-24.005980
-23.980446
-28.716276
-24.750153
-26.197086
-36.860252
-34.086323
-26.800362
-31.869978
-40.272766
-41.420456
-30.384298
-35.343365
-39.347588
-50.349728
-30.317049
-33.589291
-35.069321
-49.880795
-31.938948
-36.744961
-28.342716
-46.724815
-36.458794
-36.507381
-24.495266
-34.447792
-33.313046
-31.740086
-25.942688
-29.405615
-33.570755
-33.008419
-29.830578
-31.845579
-36.453941
-37.170753
-24.612823
-26.819429
-29.701839
-32.109623
-21.584213
-27.454132
-31.970179
-31.605257
-19.693937
-27.433567
-31.575619
-23.029919
-17.696287
-26.411385
-28.770802
-21.676304
-17.770351
-24.555077
-24.714474
-13.985484
-8.547393
-26.893442
-21.018330
-11.908468
-6.695283
-20.316303
-16.208992
-5.727295
-4.306112
-5.874013
0.515265
2.475808
0.678223
0.259565
-0.382316
1.860253
-1.011837
-0.245570
-12.701315
-5.407476
-4.385933
-11.419372
-17.788473
-18.482349
-11.338414
-25.795815
-23.964056
-25.404951
-20.076096
-30.949808
-24.860346
-28.806631
-23.874655
-36.284256
-21.537243
-28.533060
-21.977863
-31.812517
-20.584183
-26.539192
-19.083826
-24.606476
-17.531631
-21.079496
-17.660202
-22.471579
-13.954166
-16.588812
-19.805803
-21.991385
-13.824393
-15.424448
-19.339159
-20.948723
-16.798777
-17.102980
-16.600056
-22.059958
-20.520355
-22.138094
-14.803930
-15.241176
-16.533794
-12.226295
-12.862409
-13.380126
-13.700400
-17.013908
-19.772728
-26.974766
-8.225554
-12.397582
-12.894464
-3.043331
-1.152442
-1.170183
-1.174140
-4.672836
-6.758832
-6.896308
-6.437019
-12.573688
-20.070356
-14.465291
-15.434882
-24.724682
-44.335308
-34.439365
-39.757793
-48.847782
-56.801556
-55.426678
-65.932343
-62.631008
-68.634590
-72.359718
-67.011810
-62.787045
-67.058502
-79.259308
-62.764057
-54.624016
-58.797226
-61.650082
-42.293201
-41.857014
-45.657410
-51.363934
-28.707256
-30.642612
-35.215313
-30.687645
-21.352842
-26.390432
-28.149981
-21.464682
-13.471297
-22.147560
-18.131063
-14.652926
-2.413839
-11.800025
-10.250013
-11.317906
-0.993799
-7.511950
-4.306542
-12.300687
-2.096579
-8.018317
-3.747268
-22.912731
-12.247195
-13.778255
-4.828340
-11.621328
-10.400058
-3.103260
-10.233294
-6.882524
-9.807580
0.506541
-18.691362
-13.909306
-14.120189
-9.842382
-30.338247
-16.799391
-19.055040
-18.329685
-37.503025
-23.810616
-26.292473
-27.466307
-33.456661
-26.447048
-28.104961
-20.719856
-25.009743
-24.041821
-26.923874
-5.707118
-17.355064
-19.654480
-18.328316
-0.274511
-12.232204
-17.135273
-15.313919
-1.309255
-6.614625
-11.974274
-10.518995
-6.532053
-5.029385
-4.108030
-4.432562
-5.175688
-4.369209
0.216538
-2.501869
-7.784459
-6.231476
-9.560353
-12.699794
-15.046523
-6.138730
-19.207638
-22.098288
-33.527557
-21.947006
-46.938717
-47.541058
-28.268560
-16.265049
-36.653751
-44.110268
-13.842776
-2.980296
-28.210251
-34.256184
-6.198034
0.886329
-22.822023
-27.235159
-6.283146
-1.876254
-11.089997
-13.723306
-20.759123
-17.642368
-15.042382
-22.470821
-23.236879
-29.026783
-20.148348
-22.728561
-15.853629
-20.569096
-17.540815
-20.649733
-14.385314
-27.210110
-24.710724
-20.730858
-16.941736
-20.062815
-14.430891
-8.746479
-13.651193
-18.653479
-15.223490
-10.516701
-17.301992
-24.512411
-21.548624
-20.343369
-23.054356
-31.002863
-25.793434
-40.264843
-37.980576
-47.679195
-39.040318
-57.894310
-61.358742
-64.988556
-52.864967
-59.925533
-62.193722
-71.506912
-55.935825
-51.691547
-63.245491
-65.493546
-62.675167
-33.487747
-47.131916
-45.109287
-49.103756
-16.532927
-24.145966
-25.562548
-28.028616
-23.611134
-23.255239
-29.800459
-25.454187
-26.089563
-23.914978
-35.041851
-21.212914
-24.978849
-24.885799
-39.688393
-25.984858
-24.171041
-27.726864
-40.796680
-13.259423
-13.346964
-36.966934
-39.538837
-13.672609
-19.694597
-25.788696
-31.804274
-5.841865
-12.847914
-10.386992
-12.451942
4.572163
-3.338394
-9.836719
-10.146429
-1.394346
-9.118254
-17.676003
-12.987693
-8.047898
-20.814926
-25.757925
-19.777815
-18.426903
-23.437654
-32.919472
-23.704086
-25.671366
-23.174603
-25.419128
-16.350307
-21.439684
-19.598297
-24.598967
-11.145797
-15.136832
-14.393291
-23.277481
-11.047037
-10.178770
-16.343184
-30.265453
-14.602701
-12.963435
-20.953430
-25.373098
-15.501775
-15.303584
-18.034115
-20.413380
-17.591007
-17.295053
-20.099436
-17.047205
-16.793650
-15.309167
-18.378614
-10.296401
-12.941543
-9.821617
-19.878088
-13.612879
-14.944369
-5.096656
-5.455198
-5.768784
-5.940189
-7.064763
-8.180249
-10.701521
-8.625915
-10.590075
-11.084956
-2.922577
-8.209671
-7.685041
-9.012000
-6.008340
-10.931532
-6.972728
-7.393361
-6.809498
-11.893385
-12.495614
-12.585420
-9.357301
-13.410347
-13.277921
-8.940203
-10.548647
-12.552109
-11.694591
-11.322437
-16.369574
-21.642439
-18.572716
-16.086817
-23.775852
-25.809111
-24.883606
-22.281218
-26.680595
-26.957611
-25.071321
-18.053738
-22.099319
-21.992533
-22.122314
-10.800474
-12.582633
-14.691012
-10.943069
-7.467060
-10.451859
-10.599895
-9.638054
-5.396843
-6.398963
-7.150056
-7.085338
-3.527603
-6.899810
-9.976030
-9.478479
-3.860531
-6.796346
-10.811696
-10.537283
-7.040020
-5.728696
-11.521115
-9.339486
-6.189207
-6.259542
-6.305974
-2.362807
-2.987306
-2.012324
-4.878492
1.897554
-4.365117
-5.672489
-6.480429
2.653415
-4.555631
-8.270445
-7.607744
-0.199842
-4.176527
-6.467425
-11.748302
-4.033556
-4.674490
-6.906547
-10.414535
-5.831021
-6.730044
-8.914531
-11.743995
-7.795859
-7.278094
-9.191483
-9.747477
-7.277380
-5.177853
-11.505064
-9.888984
-7.170757
-4.768584
-9.735628
-9.087185
-2.882171
0.472187
-7.806370
-11.616767
-3.719034
-0.510849
-9.348365
-14.044795
-2.101004
-3.445364
-13.037420
-15.901894
-4.697215
-4.671010
-13.715294
-18.064356
-9.474421
-8.098681
-17.205006
-19.968311
-15.847960
-10.860982
-10.195487
-16.074249
-13.524517
-9.592475
-5.791382
-17.059364
-16.021183
-9.628413
-4.682266
-14.183646
-16.176434
-9.825476
-3.010263
-10.755004
-6.099393
-1.739302
-3.596169
-9.448946
-6.474984
-4.116155
-6.632377
-7.647013
-8.254427
-8.355479
-11.210794
-10.521267
-11.039918
-13.264473
-17.720863
-19.782799
-20.072725
-22.125238
-27.031601
-22.597031
-18.556976
-23.200779
-26.339403
-23.244772
-17.499184
-21.269276
-24.315693
-24.561563
-18.470085
-22.217936
-30.172680
-24.978338
-19.602167
-13.066348
-23.196379
-18.983633
-17.260540
-12.171625
-23.654810
-22.193069
-22.702820
-10.708170
-22.882565
-23.866264
-25.527681
-12.014629
-25.273630
-24.692528
-28.692217
-12.289606
-19.091021
-16.832359
-18.520010
-10.994742
-13.207064
-10.990617
-9.684693
-10.165627
-12.699346
-11.927620
-8.132523
-9.883861
-12.390026
-14.122857
-5.886392
-11.876202
-15.777281
-19.289545
-11.315805
-18.095341
-20.007353
-29.377131
-10.822544
-15.979874
-22.074768
-29.574682
-12.603650
-19.868858
-17.343231
-25.359037
-8.012696
-13.391685
-13.421834
-17.396820
-6.171820
-7.782839
-7.744334
-11.532424
-2.630543
-1.124316
-8.444387
-11.623133
-2.502360
3.350343
-8.534365
-10.314095
-7.947990
-0.681240
-7.978509
-6.148958
-9.770329
-4.393558
-9.806911
-8.159397
-10.673690
-5.858958
-15.038686
-12.149241
-14.998123
-8.631536
-17.718792
-13.234827
-17.171898
-11.205727
-15.550697
-10.258995
-15.779495
-11.698292
-11.216001
-7.142094
-12.404569
-11.184711
-8.450066
-7.573712
-10.336579
-13.742195
-11.617542
-12.273267
-13.854534
-16.754255
-15.953367
-17.230295
-18.484919
-14.798884
-13.857653
-14.151124
2.374482
2.464159
2.463272
2.518297
-3.360247
-2.912154
-1.138574
-9.917895
-17.064180
-19.424875
-24.892467
-20.920996
-33.361588
-37.225613
-30.022533
-26.115374
-32.845509
-38.524155
-31.766582
-24.488924
-32.862785
-35.902660
-22.076902
-18.744677
-25.410946
-31.518801
-19.530849
-23.743938
-27.068232
-16.966967
-11.037344
-14.806909
-19.395943
-17.422930
-13.701612
-20.102613
-14.537073
-16.618649
-17.727699
-21.656536
-14.577909
-20.911320
-21.412748
-21.665056
-14.739957
-21.047216
-23.975513
-24.249027
-20.352551
-10.594326
-19.151499
-19.729404
-20.664165
-7.332616
-17.543694
-15.644961
-17.292545
-8.897997
-9.853439
-8.718396
-10.814778
-1.875237
-6.564136
-4.965430
-2.172862
-2.021851
-6.675661
-6.879412
3.471324
5.680340
-2.158188
-16.996046
-9.892948
-1.962935
-11.696788
-18.553356
-16.829674
-7.068112
-17.337946
-18.476583
-20.665272
-9.649667
-11.746716
-9.824737
-15.254304
-5.289598
-6.126469
-3.874021
-6.720639
-3.206578
-1.813358
-5.158955
-2.716673
-1.890975
-4.207870
-8.654091
-6.646285
-4.414089
-5.173547
-13.956841
-4.367389
-6.618131
-8.583123
-19.424786
-4.762157
-7.257896
-15.735055
-18.842960
-2.561821
-6.308646
-21.461943
-17.021048
-1.231057
-5.174975
-12.629022
-8.642843
-3.673976
-7.867347
-13.046928
-4.654174
-4.548147
-5.707070
-6.422470
0.642927
-14.862254
-18.320860
7.935876
6.457112
6.929338
4.684095
0.273142
-6.693807
-4.085776
3.744699
-7.220414
-26.548174
-6.435100
0.955948
-13.349137
-34.024433
-8.981430
-0.377523
-19.398764
-41.478741
-23.621059
-19.530531
-21.050718
-37.581642
-19.477179
-20.775713
-22.809513
-27.320299
-16.869223
-15.698512
-16.929466
-15.053991
-17.909319
-13.844894
-20.050411
-16.788792
-15.978560
-18.031948
-25.175341
-31.592093
-34.559731
-31.935694
-34.742500
-31.015942
-35.989536
-36.673153
-34.862530
-20.960590
-23.930111
-36.387295
-37.366680
-19.031181
-21.202248
-36.105007
-45.091801
-27.408998
-27.514261
-13.641376
-31.779573
-17.390324
-16.225657
-6.753448
-30.910162
-18.696295
-20.737705
-0.354334
-18.778175
-14.847364
-11.460755
-1.603147
-10.984222
-14.150999
-9.668073
-14.128898
-21.027468
-25.675850
-17.246962
-18.091753
-21.471590
-26.104950
-18.482771
-17.839333
-23.367332
-27.540846
-16.176422
-15.598234
-19.818624
-24.773325
-7.035216
-8.167970
-12.649243
-10.822076
-5.547460
-8.213248
-2.310809
-1.649275
-8.522960
-3.768392
-3.305801
-4.946109
-13.983810
-13.878323
-13.632607
-22.770330
-22.369425
-25.945314
-17.021423
-24.306465
-16.559546
-23.639282
-14.939568
-20.494598
-17.180882
-26.115908
-6.677965
-10.751438
-11.582840
-10.186700
0.244336
1.944100
-3.619195
-1.041224
-4.255990
-3.644309
-3.191504
-0.389241
-5.344868
-8.177615
-4.252775
-5.773521
-8.711579
-8.662467
-8.586660
-17.337307
-15.953460
-14.227218
-17.705278
-19.669737
-18.433790
-19.320488
-23.536816
-13.498251
-17.187223
-16.501190
-22.799700
-8.749838
-15.817484
-8.427531
-16.206024
-5.824633
-15.814606
-12.306991
-19.771896
-3.881740
-12.195178
-9.364362
-3.773236
-4.033978
-4.303947
-4.355886
1.913516
2.076826
1.359106
5.572470
8.651421
11.327681
23.731771
9.449066
23.649799
26.428404
18.654018
-0.996618
13.486001
16.003307
8.979573
-12.207420
3.742290
0.595692
-11.994756
-16.895653
-10.512902
-8.033922
-14.042766
-4.372872
-7.262621
-11.415870
-7.935248
-2.974968
-8.383074
-4.901322
-3.477115
0.298577
-7.131422
-4.300029
-3.376186
-0.087548
1.426419
6.536894
0.103017
3.707747
3.818429
0.086507
-1.918680
0.291168
7.046268
-2.047422
-1.435828
1.169192
9.478313
0.396322
3.864744
5.239939
15.931932
16.607756
3.292994
3.472487
1.970285
9.321934
0.371067
1.204709
-6.810871
0.421256
-2.581089
-0.893975
-12.157852
-10.349296
-3.654590
5.847491
0.904922
-6.588380
4.641627
3.769496
6.606584
-4.792733
3.292865
2.006500
7.493280
-1.422678
-2.279272
-4.478167
0.098322
-5.867278
-7.932436
-6.338944
-5.128014
-6.842746
-10.263576
-6.170323
-6.418395
-8.383780
-2.039248
0.399543
0.676156
-3.146503
3.328937
2.024779
2.920228
3.110738
1.561477
4.135574
6.126361
4.479774
0.330247
-0.349463
2.893627
3.424412
-1.376527
-7.416943
1.695791
4.426763
1.203880
-12.591001
-1.542199
2.469910
-6.056558
-18.820629
-4.500973
-0.246254
-11.032558
-16.745144
-1.240783
5.819576
-15.092713
-17.991236
-7.828674
-0.097242
-1.133189
3.547833
11.050475
11.730977
14.858140
24.638535
5.364883
5.699805
13.373284
16.472141
11.672527
11.768955
0.096417
-4.673974
3.118992
7.688954
-12.067872
-18.395401
-2.630055
-0.622517
-8.726792
-21.038889
-5.953488
-3.663466
-4.706781
-13.721783
-7.074511
-7.808482
-5.775506
-19.060541
-11.830962
-9.305384
-10.162623
1.981766
8.655092
-3.537335
-1.072871
8.717752
5.174317
-8.259446
-2.947555
5.756641
1.533561
-8.901155
-4.975955
-1.681700
-7.054817
-4.142054
-3.378681
4.270729
-0.708418
-1.815658
-1.049009
4.548116
5.145712
2.100477
3.900110
7.629302
7.045748
1.102379
-1.588019
7.209386
0.017497
4.424903
4.686726
12.077041
7.612837
0.496645
1.176234
6.433792
4.672109
-13.999411
-5.902384
-10.611544
2.858015
-19.319551
-12.132283
-21.538975
1.629691
-16.151335
-15.489559
-23.767021
-4.591563
-8.189591
-11.624447
-12.304090
4.659892
6.473955
-10.522863
-0.803434
5.363826
10.913150
-7.201808
1.541108
9.518009
16.247036
-0.227708
12.435024
4.978971
10.574260
-3.110672
-2.079819
3.444797
8.487026
-6.743636
-19.648842
-5.666575
-0.698197
-10.052872
-22.659563
-14.531569
-6.541752
-10.265283
-14.830374
-14.523787
-9.278597
-3.177492
3.885507
-9.174152
-5.680294
-7.159016
17.847137
1.549519
2.845257
-3.453339
10.855772
5.251647
3.267671
-3.633327
2.853245
0.504873
3.457066
0.799150
-0.130007
0.592992
-4.363885
-0.884073
-5.269055
-4.673443
-13.633218
-4.339031
-5.801864
-5.884126
-15.208651
-6.632954
-7.880039
-6.633645
-10.704967
-5.846399
-8.274697
-5.410697
-5.862590
-6.165196
-6.431053
-10.063004
-11.892795
-15.611790
-9.427035
-8.500015
-9.584662
0.014859
6.181892
12.314161
12.880563
17.319784
19.642015
20.950560
25.559778
28.111208
27.689760
30.787706
34.006737
33.625957
31.148561
31.393980
35.702343
31.706388
34.006496
28.059801
14.695077
13.046488
20.793455
9.356396
-0.497610
-0.324245
10.013154
-2.712167
-13.419617
-5.916869
-0.759797
-11.919488
-10.820666
-5.185424
-1.449087
-12.582639
-5.411088
-1.395241
-0.345732
-3.584718
-1.768502
-2.082458
-2.962332
1.445945
6.315422
2.128662
-0.474106
2.053226
6.715456
5.054379
3.746899
5.949279
9.708020
5.159149
7.821407
7.022072
6.788057
0.363312
4.382660
4.295322
6.544453
-5.449444
10.950055
7.107756
3.639409
0.372288
10.731897
13.017401
3.986279
9.211272
13.139709
18.795506
13.437634
11.574997
6.614795
10.735087
9.505630
12.103281
3.469913
4.140271
5.754965
7.261198
0.030849
-3.678728
-2.754695
0.690349
-6.343135
-1.132206
-3.665775
-3.819422
-6.476044
-0.465313
-2.045403
-0.748761
-5.765162
-1.166233
1.821701
3.283779
-2.498372
-0.068863
4.034342
2.710260
-0.955845
-0.992413
0.982219
-2.345727
-0.836657
2.045696
7.192312
5.653663
2.875621
-0.027033
2.626927
6.153057
6.200603
13.874526
18.322853
-2.468001
-0.975270
1.598188
6.061109
-6.593903
-5.008609
2.734115
-0.774345
-2.807980
1.564398
2.513994
-2.867469
7.151272
14.891231
9.843206
3.211694
13.242853
15.349257
14.532813
8.478803
10.662723
13.026352
11.016883
4.287267
3.321356
2.869287
5.436920
-0.934441
-5.863489
-3.313303
-0.737957
-6.230423
-10.206713
-10.091640
-13.717209
-15.791414
-19.976961
0.896169
-1.195929
-6.698481
-5.516289
17.015345
15.839022
-0.218418
5.709530
24.452019
20.764538
6.714040
13.752601
31.034248
25.572922
8.784429
21.474266
37.660175
34.309605
-5.552250
8.008816
18.668306
20.415667
-11.748946
-4.351064
1.123078
8.713176
-15.637555
-16.655046
-9.120710
-4.515896
-13.300079
-16.609812
-9.921426
-7.170329
-3.781389
-8.280866
-3.724289
3.559717
4.519076
0.487240
1.905749
4.174150
13.331719
9.718189
10.190728
8.921288
12.352507
8.708978
9.288673
-5.418156
-0.911478
4.565454
-0.271621
-2.428397
1.012892
-2.332383
-5.642350
0.186577
2.685608
-0.520039
-3.458392
7.048008
11.412342
13.587250
18.673658
17.620056
20.012714
18.980423
28.448072
25.906090
26.989027
15.445533
22.901672
22.354046
24.367720
19.353443
18.006355
14.611601
8.249007
14.000475
13.684252
6.322957
1.451301
5.561450
0.585437
-1.363876
-4.350071
-0.763160
-3.616269
-4.787816
-6.834621
-4.586186
0.021366
1.306306
-6.756854
-3.722085
4.250908
7.920626
-4.614978
-4.131677
5.499130
7.964493
-0.681501
-3.736216
3.438308
4.331702
2.650277
-3.525138
2.235898
0.927818
3.907999
1.822958
8.105602
6.626174
3.923360
4.120119
9.930568
4.343486
4.458704
4.498930
4.357346
4.601117
5.726394
9.833554
-5.126873
-5.164818
-6.666262
-13.738301
-17.240015
-16.277731
-18.167311
-26.087051
-33.274448
-22.537378
-27.239086
-36.694031
-53.128452
-48.420216
-55.382416
-53.497066
-73.884460
-70.235222
-80.033516
-74.170769
-85.214546
-78.989502
-59.702030
-62.844017
-72.559952
-62.834366
-46.371681
-53.077465
-62.266693
-50.020939
-36.301651
-50.381641
-55.887669
-40.795811
-29.955214
-42.068871
-45.357552
-29.371141
-22.805473
-35.247101
-33.741135
-26.126740
-12.670344
-22.680332
-21.102579
-23.776211
-7.570411
-15.112370
-12.019077
-12.915823
-3.019012
-3.299729
-3.439286
-9.539394
-8.320624
-2.001054
-4.474125
-10.389462
-13.662589
-3.489373
-9.502666
-6.180171
-11.842137
-0.796446
-26.603859
-12.448352
-3.395513
-9.452498
-37.759029
-28.971941
-8.919969
-21.594797
-39.320362
-29.981142
-14.326900
-20.958389
-29.580244
-24.288342
-14.112175
-16.354225
-22.813822
-23.694420
-14.817405
-14.179400
-25.198669
-23.954865
-15.333481
-15.914022
-21.555674
-23.806618
-17.471756
-18.473883
-19.684341
-14.143947
-15.155731
-17.345613
-21.296425
-10.749743
-13.498115
-17.589493
-19.744284
-5.769646
-9.416627
-11.577280
-13.080488
-3.202075
-6.706534
-12.773831
-11.095730
-10.874273
-15.436334
-17.451271
-11.182730
-12.829274
-11.572388
-16.212225
-6.702357
-29.163513
-28.923147
-0.361868
-1.628131
-16.061201
-16.686829
1.312139
-18.945257
-15.178748
-11.987661
-10.749880
-39.765453
-19.523945
-17.820074
-12.390796
-29.739941
-28.535517
-21.927979
-16.026726
-29.628635
-43.625999
-34.864262
-18.547991
-31.780670
-42.211685
-36.193401
-13.502532
-16.427540
-32.246380
-25.105230
-6.041838
-8.483526
-13.136591
-7.409237
0.336719
2.836851
4.651755
2.576979
1.216763
-10.122480
-9.004994
-8.906477
-14.436235
-29.030445
-29.994276
-25.139425
-31.876696
-48.484570
-46.866005
-41.755478
-59.720249
-75.912979
-71.589058
-54.118301
-86.366249
-94.408966
-93.584984
-33.100410
-64.492790
-67.118225
-67.331772
-24.298536
-43.050980
-43.023235
-51.645222
-15.048178
-26.622866
-22.457525
-37.652542
-6.271225
-12.676247
-18.336603
-25.806482
-15.833987
-18.775251
-33.357113
-28.135448
-21.830667
-24.158363
-40.831749
-24.100412
-24.928780
-27.249020
-43.896912
-22.746880
-20.617735
-25.617268
-35.209526
-7.237097
-9.824490
-21.307005
-17.573725
-8.766357
-16.109299
-17.313643
-12.641122
-7.728413
-14.872026
-21.021786
-17.967735
-12.767133
-18.738434
-23.603819
-32.667290
-28.148327
-35.650326
-19.000395
-34.868732
-34.743176
-45.806244
-23.616150
-45.246124
-40.655060
-51.794029
-36.850151
-49.536240
-40.429688
-33.265442
-38.373287
-36.019196
-37.439064
-28.120323
-37.486851
-37.952133
-36.103645
-27.754690
-30.547079
-41.531239
-41.610451
-25.431551
-28.799601
-33.946033
-44.060703
-26.400122
-26.986538
-32.382786
-41.712570
-26.310963
-21.690784
-27.113333
-35.998978
-22.307516
-19.209747
-14.721357
-23.315836
-14.017477
-9.150733
-10.097225
-12.120776
-6.944709
-4.895677
-8.572356
-12.669997
-6.488895
-6.271697
-12.343263
3.757946
3.821568
3.818721
3.643698
-5.788497
-6.019674
-5.238364
-17.133125
-25.034277
-30.213787
-37.700661
-28.706366
-42.552368
-49.053623
-35.961815
-25.568291
-37.661678
-44.019466
-28.054592
-12.184422
-30.827623
-29.419634
-7.364237
3.115952
-7.469359
-9.589847
8.480000
5.066936
6.910114
16.721792
19.218681
19.299194
26.337494
16.417850
16.931925
24.347273
30.431572
12.505894
12.051705
24.157860
18.021526
-1.851693
4.095656
11.722302
11.473101
1.384129
-4.867575
-0.088917
-3.091691
1.134065
-8.854996
-5.466419
-7.561716
-3.038412
-15.199719
-13.146507
-14.026691
-16.176517
-13.936751
-11.682562
-14.334311
-12.955562
-9.733033
-8.918396
-9.634255
-8.829872
-6.797571
-11.000186
-3.239316
-1.479392
-2.736186
-18.268991
-16.247837
-11.887713
-13.576613
-8.949104
-10.616121
-7.547043
-14.400529
-4.227890
-4.589034
-5.422596
-2.243158
8.097023
1.888135
-0.611484
6.148636
11.321681
8.333137
3.454191
7.009103
6.451875
10.263016
7.018920
-3.219177
-2.079898
2.590576
3.096102
-9.549219
-10.000680
2.080881
-1.121436
-10.300019
-18.466267
1.456934
-2.183946
-12.804425
-20.993982
1.526340
-2.934232
-12.637203
-16.963400
-1.580563
-5.034239
-10.728835
-11.702405
-4.088515
-5.895898
-9.375632
-11.789104
-3.234176
-1.846131
-3.309650
-7.175057
-13.659369
-10.994564
12.073240
-1.538927
10.821896
13.855430
2.567959
-25.194000
-4.881104
7.024004
-10.378591
-49.700096
-6.659404
4.473174
-13.786448
-47.437370
-9.219626
2.500309
-12.437145
-35.489891
-10.231034
-3.956379
-13.040172
-22.103445
-4.774519
-4.228730
-14.736887
-11.915336
-6.470411
-5.354653
-13.669993
-13.717062
-13.133491
-10.667880
-17.525778
-16.854599
-17.343821
-24.943184
-25.767519
-36.879894
-41.246361
-30.955505
-40.918221
-38.444195
-41.445328
-18.627768
-34.280937
-26.870245
-23.650482
-4.471629
-22.521074
-11.338023
-7.726457
5.778107
-13.614231
-2.479478
-3.096112
24.239618
13.416202
21.859011
17.805529
20.300642
17.292530
27.988684
24.304630
10.818480
17.788851
22.376125
28.014273
-3.134637
1.645598
7.265079
12.364455
-11.129757
-10.520072
-9.215202
-6.714386
-9.550979
-12.976176
-6.014721
-4.853360
-7.509975
-7.954968
-1.982831
-0.687488
-2.698069
-1.315116
3.251633
8.434935
3.632164
5.590358
7.010354
-0.135958
0.601773
13.996346
11.567016
-2.578980
4.137604
5.379687
4.375678
-11.831436
-12.560129
-5.717328
-14.381463
-14.662618
-17.925566
-5.722925
-10.163498
-4.847222
-6.305096
-2.960899
-5.117664
-5.619361
-3.956243
3.300061
5.720528
1.846998
6.070626
12.810792
18.258200
15.807962
11.552928
5.755702
12.398857
16.305086
9.529302
3.244729
1.100559
6.883545
-0.705330
-0.446684
-5.864806
-3.730770
-12.161910
-8.673142
-10.899767
-10.301250
-16.268795
-15.662789
-17.810095
-18.193628
-15.470942
-18.274885
-17.646400
-17.416983
-13.016754
-17.906666
-15.087992
-15.218548
-11.832993
-17.103384
-15.334313
-15.639222
-13.722761
-14.041272
-8.397902
-8.170588
-8.729125
-9.213247
-9.529061
-12.877237
-14.788977
-19.734404
-4.221110
-8.827985
-8.526061
-8.968122
-2.508808
-5.570957
-6.751226
-14.718966
-8.407792
-12.779921
-13.412006
-23.715054
-21.140589
-20.168034
-22.804714
-34.488258
-35.477386
-31.301947
-33.266705
-42.810287
-47.178967
-38.959980
-47.166004
-53.622536
-63.008286
-49.124321
-49.088455
-57.268181
-64.519379
-55.344921
-52.763947
-51.828835
-58.316353
-47.070858
-41.028904
-42.494530
-43.077450
-42.094524
-25.627138
-23.429348
-24.154552
-22.881847
-15.000968
-14.480466
-16.991331
-18.454313
-9.096715
-9.862353
-13.408551
-18.718920
-9.646729
-6.752524
-13.760332
-17.001917
-9.347170
-7.733988
-12.581624
-14.753730
-11.909684
-9.819831
-10.222220
-20.801188
-16.241812
-11.320335
-3.418126
-10.107151
-8.727756
-4.463533
-5.859554
-8.573231
-5.392561
-8.998591
-9.819001
-8.408569
-4.708747
-12.830930
-15.730538
-13.712391
-6.470730
-16.293985
-19.626652
-17.412922
-8.469837
-17.260679
-16.711370
-18.680883
-12.953356
-18.493801
-17.227184
-16.022791
-15.241404
-14.882300
-14.860126
-13.899112
-12.340156
-13.352867
-14.431133
-12.342852
-10.802998
-13.024570
-15.378512
-7.220069
-5.103166
-13.024006
-19.096098
-7.702560
-6.238645
-14.115394
-20.593647
-6.056867
-4.386312
-18.063162
-20.163271
-8.325172
-6.062560
-18.918518
-20.723036
-7.851846
-5.553333
-32.744110
-33.160721
-27.144102
-22.908157
-27.912794
-28.673351
-22.225601
-20.440760
-22.319647
-30.811752
-24.184639
-20.228813
-16.316956
-27.485020
-21.105915
-20.690147
-13.669704
-27.400713
-9.584414
-8.208570
-8.673145
-22.201559
-2.856521
-1.922676
-2.995764
-10.634555
1.054552
-0.751959
-1.571903
-1.196343
-0.151754
-2.677374
-5.881752
-10.338675
-12.777271
-7.241582
-9.899240
-15.103171
-11.504312
-13.714597
-10.869583
-25.354839
-20.061123
-19.819546
-18.486797
-39.643936
-32.184841
-25.512541
-30.635586
-51.665024
-46.501804
-31.274477
-44.231499
-57.626656
-57.961052
-39.395466
-55.794281
-66.440681
-65.107567
-39.388660
-54.769398
-65.358025
-59.923935
-39.400993
-55.619625
-57.028313
-56.764767
-29.837368
-39.622795
-40.959435
-40.642639
-15.363070
-16.953020
-18.007431
-15.109347
-11.604013
-8.915230
-13.759187
-12.037107
-7.844466
-6.483576
-12.005679
-11.223013
-10.598923
-9.688672
-17.460701
-17.417566
-19.708630
-19.144997
-28.045736
-15.935121
-23.245243
-30.821230
-35.768818
-17.454172
-28.891483
-29.184452
-34.519543
-11.262609
-20.002151
-24.703556
-27.811842
-8.251975
-15.917043
-19.197689
-21.374893
-7.842021
-12.142518
-12.845428
-18.082344
-10.138746
-10.093767
-12.448509
-23.984493
-16.345472
-11.975840
-20.059702
-33.627731
-30.389395
-19.180162
-22.531044
-34.212311
-35.714291
-19.982738
-23.905483
-32.180378
-36.328857
-19.143833
-22.991037
-24.655567
-28.214214
-18.654060
-16.445999
-18.444538
-20.400848
-19.552492
-13.164677
-16.072149
-15.572181
-20.180468
-12.685343
-16.286169
-12.889547
-22.777006
-16.894253
-16.961863
-14.161765
-24.985218
-18.575378
-16.992945
-16.168507
-16.540646
-14.313039
-14.312528
-6.017127
-6.225496
-6.453534
-6.369921
-3.659580
-3.871798
-4.813741
-7.611669
-4.608659
-4.609478
9.187929
-7.305668
-2.079336
-4.099243
6.550443
-6.855321
-12.957888
-13.134610
-5.349676
-16.992088
-21.863659
-26.039549
-29.067177
-28.161814
-34.900719
-37.906525
-38.754669
-43.969090
-44.838131
-57.401230
-54.350609
-63.280895
-59.497047
-53.360279
-48.067631
-59.479744
-59.611408
-46.909225
-35.170307
-46.567604
-47.989449
-28.194334
-20.710360
-31.312263
-36.949810
-13.866936
-4.594032
-18.482962
-19.620594
-9.962261
-6.145637
-20.082687
-14.777418
-8.743861
-6.656107
-23.183041
-9.791892
-3.107842
-7.985575
-21.545235
-14.767247
-3.591943
-11.470348
-18.850407
-17.445187
-6.771903
-8.569151
-16.514065
-22.209715
-13.331475
-7.478435
-3.863740
-4.152391
-0.929009
1.034386
-2.648259
3.120429
2.412422
3.817793
-4.294676
2.470501
5.783146
1.574087
-16.682377
-10.615580
-2.399663
-11.574687
-25.320293
-19.726429
-9.596663
-17.456331
-23.782740
-22.929657
-15.978460
-17.206827
-17.694784
-12.651295
-13.694583
-8.993944
-13.560435
-11.400000
-8.158948
-10.083995
-14.072570
-10.805974
-7.988613
-5.116833
-14.737471
-8.325914
-6.214640
2.632789
-12.476830
-7.049322
-7.284472
-2.288053
-12.248185
-4.734351
-1.225771
-5.953411
-9.335024
-6.040311
-3.454062
-13.870581
-12.998249
5.813801
13.846562
-20.486181
-19.235157
-12.563017
-0.991646
-8.531819
-5.873707
-9.740683
-4.747678
2.257469
6.098111
-15.382592
-11.508949
3.004444
9.443185
-10.332039
-12.725035
-8.761780
-3.668767
-7.180641
-16.548784
-18.209423
-11.477036
-15.439348
-22.888361
-25.961073
-23.375801
-27.920601
-38.302063
-38.635342
-39.786983
-38.055428
-46.111454
-47.290966
-55.811684
-52.895542
-57.269215
-57.321339
-48.380283
-43.526249
-43.781429
-46.851681
-31.800013
-33.253510
-31.413706
-43.929996
-30.203093
-35.291710
-23.463125
-41.395069
-40.951057
-47.432926
-19.915836
-40.860714
-44.720169
-51.145126
-28.471674
-54.111389
-53.659214
-59.371536
-28.974573
-48.845043
-47.543427
-51.613995
-28.464886
-44.457451
-42.275436
-45.649723
-21.116497
-32.281387
-30.984180
-34.212254
-13.988075
-22.340302
-15.635218
-24.449547
-16.561939
-19.905893
-18.117983
-31.687555
-17.341208
-21.891619
-19.242025
-31.543072
-14.631762
-18.499275
-17.048758
-34.920082
-19.571138
-10.312998
-12.417498
-18.908854
-11.319794
-17.860195
-13.895105
-15.809309
-15.576483
-11.103468
-11.356261
-4.263725
-9.808392
1.234499
3.823097
0.828910
-2.150953
4.216769
0.903917
-3.064195
-3.684461
-0.514343
-9.451237
-9.871983
-7.977070
-13.336779
-22.811291
-19.677931
-14.940956
-29.200159
-39.747154
-34.722145
-25.442307
-23.681623
-35.196583
-34.715553
-27.216967
-25.204102
-22.871462
-26.789459
-19.114008
-23.009363
-14.922395
-16.901289
-10.666527
-11.728170
-5.983968
-8.040972
-8.492307
-5.871811
4.053681
-0.336609
-11.505949
-6.183888
4.651199
-1.419301
-11.659991
-10.345864
-3.756828
-8.972230
-12.215660
-14.040655
-6.457606
-11.522011
-8.415228
-12.574610
-8.641773
-7.351884
-7.921262
-8.485617
-9.192127
-17.532663
-20.202894
-25.658911
-22.661831
-29.675793
-33.561760
-22.681618
-22.025129
-27.665813
-32.043774
-16.097618
-15.797832
-20.785799
-22.675198
-9.756062
-2.264002
-6.428463
-5.145372
1.723446
12.964043
10.893081
10.145323
11.104733
21.404951
22.936953
15.856110
7.792104
19.713133
27.941277
22.691833
11.160463
21.829544
31.594166
22.017574
10.586735
20.231462
24.551533
16.420898
9.161047
16.974106
13.408664
4.057944
1.287713
10.086756
6.664752
3.345712
0.017564
7.638973
3.989868
2.074436
-0.458049
6.248921
2.873060
-0.024773
1.725439
6.484369
0.904945
-0.126417
1.127739
3.930870
-1.262712
-1.627126
-0.362721
-2.943142
-11.812613
-6.155480
-8.627914
1.289120
-10.973185
-6.180851
-5.610860
6.857608
-8.912486
-1.456269
1.248570
15.866641
-4.071258
-0.431454
6.757010
21.895943
-1.606701
-2.774451
8.056391
27.153080
7.200417
0.299211
8.099606
18.449911
2.796826
-0.573634
0.628954
8.429006
0.665977
-3.894895
-0.895029
1.678820
1.105282
-3.426268
-6.505438
-0.711851
2.383252
0.520530
-8.530499
0.624426
1.906306
2.609981
-4.903637
3.596080
2.816186
2.360502
0.194216
10.976393
5.145780
4.732733
8.547886
9.337417
4.891523
3.573575
9.749158
5.735692
6.685901
6.304247
1.717397
-7.869370
1.263797
1.014883
-5.002191
-21.336351
-3.412602
-1.268021
-5.738390
-30.449356
-4.806544
-5.086600
-8.106414
-18.741096
-3.537739
-6.002109
-8.570888
-16.064276
-1.155775
-5.988528
-10.019481
-11.937425
-0.335148
-3.930789
-13.963768
-15.279138
-7.065576
-8.416187
-14.635597
-14.948195
-14.803130
-13.854163
-21.103914
-25.097416
-28.610712
-29.037086
-34.447510
-28.003681
-32.719193
-20.559074
-38.332157
-25.401011
-31.234581
-7.991954
-35.158249
-18.595995
-21.521149
9.585608
-17.802176
-7.031023
-8.337462
22.285131
-1.907988
0.696732
3.486314
28.547970
8.320476
-1.455994
2.899537
20.127300
13.884991
5.527082
13.851884
13.574502
18.604750
10.803815
19.554899
7.227168
15.897542
9.125017
19.389046
-0.511470
-0.776203
-2.718527
8.484060
0.873708
-4.411139
-0.878796
5.081404
4.925161
1.697871
8.291903
8.176536
9.916385
10.906616
17.296665
7.826141
10.367389
18.507910
19.948597
6.499114
6.814963
18.089710
18.878941
-1.611003
-3.270797
11.665804
10.330536
-5.814691
-9.160940
2.346348
-3.459130
-11.468757
-11.940001
-4.573435
-7.592246
-12.316911
-12.423045
-8.148426
-9.088178
-14.303873
-10.759973
-7.144689
-14.631846
-12.501040
-5.778891
-8.779552
-17.737764
-14.522607
-1.553006
-5.536587
-17.274963
-14.021477
-0.790796
-1.668887
-11.893623
-10.883804
-1.634371
-2.119400
-1.445080
-4.572721
-0.347538
-6.117209
-4.091902
-5.461180
2.331518
-3.203037
-5.655100
-5.698477
6.618306
0.727733
-2.080913
-2.367480
8.279990
2.812433
3.674682
3.048914
9.252455
5.237800
6.171620
7.722650
4.244524
2.061922
4.934845
-5.825728
-6.400941
-6.983515
-7.494388
-9.383214
-11.011134
-14.257964
-13.120026
-13.917286
-15.511763
-9.593509
-13.441335
-13.405694
-16.314028
-9.970503
-15.398076
-12.481206
-14.322510
-9.244178
-17.354305
-15.172172
-17.069864
-12.649291
-29.146795
-21.012640
-21.797447
-23.772913
-39.253922
-26.060827
-30.475109
-31.542007
-45.494053
-31.535669
-27.485270
-32.869419
-40.045086
-33.978218
-27.292479
-31.095284
-34.044476
-34.822094
-24.909159
-23.513937
-25.165144
-31.606829
-16.792381
-11.034993
-16.622074
-18.494974
-11.552664
-8.263369
-12.907294
-16.120811
-9.433569
-5.551286
-8.942307
-13.227707
-11.584522
-2.274299
-6.467252
-9.022056
-6.697795
0.108001
-1.300942
-2.610355
-1.294239
-0.669687
-3.184773
-4.917109
-0.840182
-4.435734
-1.903455
0.595409
0.280192
-2.894231
-4.415090
-0.047322
-0.379074
-8.219728
-6.708649
-3.403324
-2.313713
-11.047375
-10.501380
-4.282381
-3.153432
-9.432672
-17.225105
-7.522407
-3.039781
-9.931704
-15.862745
-9.132316
-5.626330
-15.078352
-18.065416
-11.240656
-8.898561
-12.268315
-15.611080
-10.690954
-8.108438
-9.376062
-16.687798
-13.541074
-10.891458
-7.640749
-13.156045
-7.735743
-5.231716
-5.309117
-7.951848
-6.743228
-4.719620
-9.356716
-8.312817
-3.491650
-4.333068
-13.619677
-12.777160
-5.273394
-5.802765
-15.295061
-11.010656
-8.213163
-9.981812
-19.363245
-18.437754
-17.043701
-16.404213
-17.754564
-18.942963
-15.686465
-15.907274
-15.470502
-21.999567
-13.729491
-11.895375
-9.257481
-12.310523
-11.493299
-11.818101
-3.970035
-4.551707
-3.581578
-8.184423
-7.441432
-8.061617
-7.232135
-13.329942
-14.820644
-14.244091
-12.652648
-16.450157
-19.216225
-19.893957
-17.604736
-20.019842
-23.855635
-27.609467
-26.933722
-27.475744
-31.626381
-29.342464
-26.417864
-25.112820
-33.103294
-29.262146
-26.641539
-22.975229
-32.991089
-28.813557
-24.462027
-23.404682
-32.218102
-27.433056
-23.838312
-24.634495
-32.083813
-27.426981
-28.766312
-28.525343
-32.923752
-28.995129
-27.495331
-24.373268
-23.047342
-25.644062
-21.117205
-23.780733
-22.452818
-26.912685
-22.485985
-25.176315
-21.091375
-29.991350
-23.622400
-21.315443
-20.333433
-30.235708
-20.499712
-20.003078
-21.992819
-31.540171
-21.704811
-17.230919
-20.665459
-28.731285
-16.298777
-17.106106
-21.183493
-29.566137
-17.046515
-18.579521
-21.387659
-30.880297
-11.262440
-16.204672
-27.414001
-29.084690
-12.622586
-19.487597
-18.650862
-20.114450
-4.750366
-10.242164
-8.684038
-7.129547
5.293708
2.108944
-3.026021
-2.652709
6.267074
6.300452
1.400419
-5.745110
0.279749
3.587415
-1.841157
-11.174765
-8.551733
-4.013611
-6.213582
-13.774200
-10.544276
-8.475238
-10.740476
-20.173498
-15.771999
-11.210121
-15.709085
-25.245852
-21.223797
-12.737809
-17.530842
-22.008783
-21.741199
-16.884670
-14.997252
-13.967768
-14.172086
-16.585102
-10.247939
-5.983964
-5.217804
-13.104538
-7.256282
-3.941817
-2.034984
-10.086566
-7.117188
-5.900256
-5.697787
-11.534983
-11.129720
-11.001515
-12.225289
-12.485931
-11.543132
-12.432778
