-2.480684
-6.605087
-13.133614
-20.131721
-29.301903
-36.868145
-42.978714
-48.756386
-53.919846
-57.360035
-53.400082
-62.914738
-77.915321
-95.917488
-123.049507
-150.244797
-176.599823
-202.467255
-220.079773
-193.186539
-184.953247
-182.871902
-174.014328
-172.442932
-175.835144
-170.802872
-163.918106
-168.563232
-164.673859
-156.519028
-145.668121
-119.044853
-96.144073
-64.328842
-42.645084
-35.898865
-35.718361
-37.135468
-34.637764
-33.053524
-30.623117
-27.547886
-27.199924
-23.485743
-27.814384
-33.628716
-24.124115
-31.729212
-38.648125
-46.081127
-50.654449
-47.827713
-43.001717
-40.512913
-37.562046
-34.491825
-34.617115
-28.013590
-31.756504
-39.216148
-40.259533
-44.872723
-53.471905
-69.386063
-71.557266
-35.321701
-52.228863
-57.540058
-49.649612
-62.070831
-60.605801
-56.747612
-42.214729
-37.816875
-45.741150
-57.378929
-75.529114
-94.064415
-99.468201
-103.539177
-88.890999
-72.132935
-87.572998
-82.306412
-68.312744
-64.135132
-51.630775
-43.511066
-32.966805
-26.556406
-21.366106
-18.109034
-14.329131
-15.358270
-22.013048
-35.934013
-41.772213
-46.403332
-53.975651
-51.037640
-49.110321
-41.808136
-64.455162
-66.578735
-66.083076
-79.605820
-77.755997
-52.537731
-39.418968
-36.195370
-43.107529
-44.022083
-38.665554
-35.128883
-38.972466
-44.308338
-49.329109
-54.813694
-66.181770
-81.297653
-93.021767
-104.992874
-114.898987
-135.790909
-120.244469
-112.207054
-123.413452
-128.603729
-120.133728
-96.930000
-77.957146
-58.621128
-48.228901
-48.124260
-41.356354
-46.229027
-48.039204
-42.960659
-47.703129
-42.453190
-36.665737
-38.432426
-35.188889
-34.222424
-39.184402
-42.410595
-46.540493
-44.190674
-33.844749
-34.041069
-42.107315
-62.757221
-70.993500
-76.051239
-72.035233
-79.786209
-74.979515
-75.952812
-80.597710
-86.453857
-91.441338
-100.120033
-105.089134
-120.959373
-130.376343
-137.693481
-144.762817
-141.145111
-160.803314
-169.730286
-192.255646
-218.603226
-199.396729
-193.524994
-199.428329
-191.417984
-196.247894
-197.550522
-185.413788
-187.032516
-171.291733
-155.358902
-131.077240
-105.566490
-90.920876
-65.084290
-42.941986
-40.509186
-47.217121
-40.878437
-49.091923
-40.165924
-41.910347
-42.249603
-36.449242
-34.847240
-38.029320
-38.571014
-43.774139
-41.954540
-53.810566
-59.034836
-63.368240
-67.523514
-69.147430
-64.963226
-65.399559
-61.001923
-57.753510
-56.580544
-56.618149
-57.234695
-56.629787
-55.349285
-46.632561
-53.510353
-46.888077
-45.771744
-48.090511
-59.158409
-52.222546
-57.971157
-39.905827
-41.567883
-48.562851
-44.577751
-42.215973
-35.427872
-41.698532
-52.641788
-74.576668
-91.461281
-115.138664
-126.662178
-129.541519
-116.996490
-109.793983
-107.573601
-96.891228
-98.531151
-89.629707
-86.997879
-82.957603
-80.408226
-58.872196
-56.235130
-54.567238
-52.907845
-64.418938
-60.332085
-59.351761
-55.785931
-51.388561
-51.699768
-52.900967
-56.533272
-57.788956
-60.307938
-72.115395
-80.239197
-87.384346
-83.103416
-83.843246
-72.962677
-61.502579
-47.203686
-38.524712
-34.935005
-33.701069
-31.582594
-24.505623
-22.765730
-24.945562
-32.894505
-46.111977
-64.197670
-74.891075
-85.777855
-95.787819
-100.029297
-4.110897
-11.890356
-23.851391
-39.835026
-62.149803
-80.448181
-100.306702
-114.615471
-134.095413
-149.566635
-160.153244
-173.400162
-188.065292
-207.320053
-239.890564
-269.661499
-299.943024
-323.915161
-322.553864
-301.918213
-278.051758
-251.501389
-227.738770
-217.153809
-210.073990
-204.460434
-208.503586
-207.074768
-227.928909
-229.919174
-216.874359
-180.495346
-150.099701
-118.609360
-95.776382
-92.014214
-97.286057
-96.390060
-82.022308
-67.691162
-61.035305
-50.791595
-36.507030
-30.257204
-28.829502
-31.733364
-50.225327
-72.900078
-83.866531
-95.804367
-96.295654
-87.213417
-72.489799
-63.091034
-50.836903
-34.853836
-26.515203
-26.769686
-32.416901
-37.885159
-49.461300
-48.257648
-45.995010
-50.041737
-40.851490
-53.707832
-91.036156
-118.239014
-124.536629
-125.744370
-104.793793
-70.065048
-54.121761
-55.499443
-68.037010
-87.681992
-110.666458
-122.410629
-135.303009
-127.622681
-108.060677
-96.366547
-81.847313
-63.006020
-54.733776
-50.468868
-50.684509
-54.680626
-51.470684
-40.682041
-30.719681
-24.509312
-16.919584
-26.742760
-40.757576
-60.120872
-67.091560
-60.323040
-54.076183
-50.105297
-43.699043
-62.128304
-88.539497
-89.122284
-79.955879
-65.010674
-55.886665
-51.432537
-52.746277
-64.772491
-78.206802
-79.646858
-74.392143
-71.203323
-70.534515
-68.565018
-58.494926
-51.420372
-51.822231
-58.989655
-66.395218
-82.865768
-121.381790
-177.671478
-217.932983
-241.794434
-243.280716
-206.172119
-141.151855
-91.618370
-64.467087
-41.495186
-40.210243
-60.353203
-80.617836
-92.878685
-98.018974
-92.993088
-79.859825
-65.198410
-61.500446
-59.720528
-60.257317
-59.888935
-64.959206
-67.913322
-67.151756
-66.750626
-63.035694
-64.036514
-74.755219
-98.355408
-120.962097
-146.619247
-169.953384
-183.509277
-183.666428
-187.191101
-190.328201
-196.390717
-208.768082
-233.065048
-258.233459
-277.842804
-290.942383
-263.554626
-235.833267
-234.730133
-227.847229
-235.524307
-279.239838
-310.213318
-319.620667
-328.181030
-327.659607
-305.782623
-287.693970
-262.748352
-244.279831
-229.811905
-228.629211
-208.646713
-181.814102
-147.239792
-114.943153
-94.352455
-80.856079
-84.347946
-103.134308
-107.603806
-107.377716
-103.234230
-100.311668
-96.201477
-94.285316
-83.244156
-90.541679
-91.340218
-98.085358
-114.755882
-117.359123
-97.116348
-81.394211
-58.583027
-29.358612
-19.693792
-16.211601
-10.995522
-9.163200
-7.326939
-9.273232
-10.580366
-2.825462
-0.141405
5.384992
8.093407
1.094272
-12.965709
-13.742189
-10.294830
-11.167164
-4.302629
0.294757
5.511263
1.524962
-2.796291
-5.758317
-14.905815
-31.386003
-64.688873
-97.310249
-124.582756
-144.518112
-149.975372
-145.266190
-136.338974
-125.336060
-114.000504
-102.920151
-92.564560
-72.067383
-65.047340
-63.239315
-67.800301
-83.284538
-97.956627
-114.124458
-122.193466
-125.246475
-124.016693
-130.739594
-130.953461
-130.830917
-129.659164
-130.668472
-131.218857
-133.085617
-129.122345
-131.729462
-128.297379
-123.752739
-109.718826
-84.230988
-60.232944
-52.661922
-51.520626
-54.727482
-64.312462
-68.000412
-56.978573
-42.891773
-36.625217
-38.757496
-43.051132
-48.520973
-51.370762
-53.200169
-53.734955
-70.510391
-100.995049
-1.714123
-4.924014
-10.106358
-16.895098
-26.389738
-33.444550
-39.309452
-45.018925
-53.377953
-60.096489
-68.026085
-75.093262
-77.215431
-71.558929
-56.815411
-38.790840
-31.506897
-28.878994
-21.901070
-9.731732
-2.782169
9.681056
23.342716
21.579634
18.851425
12.390324
5.673108
-2.172593
-7.108554
-12.151740
-13.529318
-16.761265
-27.803833
-35.817505
-38.875385
-42.829098
-42.018753
-39.660309
-36.738197
-33.299095
-30.875288
-28.213144
-24.129181
-18.513906
-15.627752
-9.931557
-3.557806
0.504749
3.817223
4.409498
5.166845
4.124127
1.529835
-0.128766
-1.608267
-3.920471
-8.383234
-10.745116
-14.841803
-14.291629
-17.205130
-12.338251
-15.235180
-17.994005
-12.714095
-14.941081
-18.578608
-23.845119
-30.863670
-32.206688
-35.235443
-31.065548
-31.021061
-27.887741
-20.914944
-6.962563
-0.705491
7.313384
10.571836
7.068862
7.458237
6.210577
1.275401
-0.078389
-6.876494
-7.123044
-7.174950
-8.699767
-5.718819
-6.457796
-4.981509
-4.670668
-4.702066
-6.571340
-8.772909
-12.758259
-12.784769
-9.381672
-6.284155
-9.063827
-6.474111
-8.968628
-11.068741
-10.388520
-12.458273
-16.575834
-18.701700
-24.944601
-28.572588
-31.747061
-31.084208
-29.102215
-22.402489
-19.190029
-17.466112
-13.765912
-11.265543
-10.559661
-12.033233
-14.336871
-18.319048
-16.414013
-17.100260
-20.017866
-7.146084
5.929030
12.504381
8.819035
5.764752
-4.672706
-23.497992
-29.485779
-33.511147
-34.564449
-34.637230
-36.962627
-35.155804
-36.669624
-34.120506
-31.860460
-26.486732
-24.756495
-25.020662
-24.542053
-24.243870
-25.782036
-26.258635
-25.460081
-24.797285
-28.579430
-31.592051
-35.660927
-42.028889
-50.923637
-57.982437
-63.008099
-69.858337
-76.473518
-82.462540
-88.188446
-91.499222
-97.258751
-107.030983
-114.802345
-120.909302
-109.730392
-92.003334
-64.757874
-42.200314
-19.998207
-27.640356
-32.681202
-20.802830
-13.910908
-6.360372
7.334665
13.076488
19.086695
19.748327
14.269294
7.363744
-2.326520
-5.586886
-11.851425
-20.864641
-33.638348
-38.392372
-43.327175
-44.246078
-43.684109
-39.891228
-39.256226
-37.131157
-35.329903
-33.873779
-32.242512
-33.289478
-33.606003
-34.564320
-41.341572
-43.263077
-42.151318
-39.723186
-34.822922
-27.677521
-26.450956
-24.025116
-18.646069
-20.663717
-20.199324
-19.701696
-19.885916
-17.452892
-14.064195
-15.758275
-16.959091
-15.121356
-22.439678
-22.561005
-27.646502
-30.508289
-30.690042
-29.139322
-34.853287
-32.999813
-32.870106
-27.619797
-24.526003
-19.441109
-14.336681
-7.508800
-3.489046
-0.650104
2.183067
4.649030
5.037466
1.487361
1.575955
1.263129
-0.895145
-4.867039
-13.548709
-20.706596
-18.806971
-14.653571
-15.306351
-14.457816
-15.617068
-21.834562
-24.087486
-24.144566
-24.836998
-23.742929
-25.011278
-24.864582
-25.656389
-24.983402
-23.512161
-19.165907
-16.217297
-16.013697
-17.945477
-18.908512
-22.071987
-23.458431
-25.212631
-25.500656
-26.204756
-22.132723
-18.110054
-11.601018
-6.503038
-3.059985
-3.855285
-8.112635
-11.143440
-13.549428
-11.643304
-10.582854
-11.418090
-6.328644
-20.126795
-38.930004
-59.984722
-84.776917
-103.303192
-117.388374
-117.248032
-121.894943
-129.852173
-136.046326
-126.816704
-109.508194
-93.588257
-105.634804
-109.319748
-137.825928
-173.724167
-182.383575
-166.253616
-153.393417
-151.651627
-161.994247
-176.975571
-187.013046
-179.155441
-178.913223
-176.593063
-189.124527
-203.404633
-210.357468
-199.413971
-195.797455
-182.103500
-159.438095
-142.905914
-121.739540
-107.935547
-94.535164
-85.735023
-88.063599
-77.353424
-63.230385
-58.698063
-46.126038
-33.197498
-35.227707
-39.029301
-42.732414
-54.915951
-66.897842
-65.210793
-60.563744
-52.469219
-41.780701
-35.464176
-44.925037
-57.371201
-65.993835
-80.645348
-81.408203
-55.798286
-30.046429
-22.305676
-19.658581
-74.501381
-145.290207
-179.755371
-189.877014
-185.506012
-157.777649
-111.458870
-79.784821
-56.841160
-38.058231
-36.533524
-49.361897
-72.060547
-105.402695
-117.759216
-112.324135
-102.289726
-85.868156
-81.464905
-75.530052
-65.242088
-62.113708
-69.144073
-64.026939
-59.588482
-51.005337
-43.749950
-34.833656
-51.582222
-77.685333
-106.992348
-108.127602
-87.583740
-74.763809
-61.029510
-51.954212
-58.563808
-81.515129
-79.044540
-73.677284
-79.025116
-86.391266
-98.993462
-119.963478
-123.354538
-121.068703
-113.422668
-108.150627
-98.551453
-87.442307
-85.287888
-82.610985
-103.448753
-112.738731
-140.476776
-153.951782
-159.273880
-157.408966
-169.121078
-157.539474
-135.809448
-136.207367
-140.900101
-142.090530
-114.390068
-81.454590
-53.989323
-42.056847
-70.862915
-100.558342
-113.798592
-114.505791
-107.692108
-91.928040
-75.222252
-68.139610
-72.084152
-78.766426
-81.707207
-81.792122
-84.041969
-77.738777
-80.684547
-76.175285
-79.937157
-89.008217
-109.141769
-116.885872
-124.204933
-130.226990
-124.039940
-109.373207
-99.417412
-89.402794
-78.434151
-73.329155
-76.977776
-89.464462
-82.146820
-63.541248
-22.777691
-0.153032
-18.671785
-39.782635
-90.450905
-150.408600
-185.055222
-178.172089
-182.365692
-192.972595
-210.757889
-231.806625
-234.868973
-228.049225
-228.713913
-225.221741
-220.765686
-218.630875
-198.625000
-179.317886
-162.929352
-155.595322
-141.341644
-140.243759
-138.977341
-132.166321
-119.859428
-122.065102
-114.506233
-104.586189
-100.472481
-105.961952
-114.561340
-137.850067
-168.375702
-183.713669
-189.383865
-175.825195
-150.595520
-110.536240
-79.070740
-40.783123
-23.683165
-20.659594
-27.574366
-24.099329
-25.098711
-18.069925
-12.245830
-16.618399
-10.405866
-5.917455
-10.352736
4.671215
25.456217
24.839102
26.258930
18.151161
5.163595
-9.470667
-21.086622
-25.498919
-30.205540
-30.093195
-21.066654
-27.780218
-47.136665
-71.989326
-95.720924
-101.967438
-92.792343
-87.837990
-81.525383
-72.275154
-77.586197
-73.088089
-69.930458
-61.812084
-60.454048
-80.884399
-112.803001
-138.929550
-166.661652
-192.885284
-197.879486
-193.678848
-193.447418
-190.662277
-193.671417
-197.454102
-205.530182
-208.215897
-203.752777
-186.770248
-167.705582
-145.171860
-107.019577
-79.283180
-68.066315
-75.628578
-90.623329
-107.217407
-99.859932
-88.073311
-64.027184
-48.157768
-48.613499
-64.953651
-65.758148
-73.635597
-84.699265
-103.025009
-113.539276
-144.267273
-161.770096
-1.868290
-5.356125
-10.250367
-13.771181
-18.429558
-21.082914
-27.294338
-27.824558
-36.016930
-48.704739
-67.677933
-78.193657
-86.676765
-106.592087
-121.840187
-131.892776
-145.740952
-149.850693
-154.127777
-149.385971
-135.117371
-123.734711
-115.101364
-106.163078
-109.200882
-123.625206
-138.014160
-146.376190
-148.364517
-124.472237
-94.472290
-58.499424
-26.539495
-9.884933
3.062473
5.089592
8.583683
2.816993
-3.055978
-5.691990
-9.309649
-9.209551
-5.738699
-5.714576
-6.401508
-11.558928
-28.454445
-53.112312
-61.581287
-76.980743
-80.274223
-72.749413
-61.462219
-49.917679
-35.433430
-25.228373
-23.934368
-24.971800
-30.064837
-32.642345
-36.561520
-30.596544
-33.980343
-50.046001
-54.192863
-63.032681
-88.903648
-90.662704
-78.114952
-58.223942
-42.230389
-17.326458
-6.737120
-5.562010
-15.908866
-26.479427
-26.360126
-28.941433
-38.536613
-35.490711
-30.610659
-31.379410
-37.205761
-37.924477
-35.797592
-42.285210
-44.374950
-46.697044
-39.954197
-31.604898
-19.863758
-14.437760
-13.351466
-22.623848
-39.357464
-57.271141
-57.298973
-55.494045
-45.076000
-34.619576
-37.061699
-63.476109
-90.252914
-111.590370
-125.551582
-127.973190
-108.218666
-75.248795
-48.612736
-30.073479
-19.253422
-17.839071
-22.908390
-30.189487
-34.634003
-41.510891
-46.280602
-53.601795
-62.804375
-73.845215
-81.751427
-92.625343
-99.903976
-127.362869
-134.562057
-126.542526
-114.823967
-99.021362
-80.136360
-56.724014
-49.646431
-32.636101
-16.053076
-3.616091
-5.024442
-10.450065
-12.261135
-18.141495
-19.930922
-17.633612
-17.111879
-21.469526
-28.489815
-33.442017
-32.337597
-32.676544
-26.414951
-18.893621
-18.194914
-30.096127
-59.798874
-103.082726
-140.094437
-168.137741
-171.723892
-146.728226
-125.874367
-115.996155
-111.013840
-116.176521
-129.255447
-149.387924
-168.182724
-180.038834
-176.814880
-164.580734
-153.132919
-133.775925
-111.807159
-102.027351
-116.665504
-130.330078
-149.820190
-172.707397
-197.804474
-201.610306
-198.741379
-185.114304
-170.062500
-159.360748
-143.966827
-106.568031
-72.985809
-51.922283
-20.555098
-3.657834
-2.188307
-4.883880
0.464006
-10.492003
-13.964227
-14.379982
-15.840785
-12.801420
-13.111842
-12.956347
-16.391928
-23.813639
-30.848791
-50.761684
-60.561413
-66.401169
-67.536537
-60.544018
-50.394295
-46.915485
-43.453426
-34.872433
-37.531712
-37.551628
-35.889008
-37.008507
-28.519676
-25.590973
-19.742561
-18.142923
-11.683389
-27.501226
-29.387007
-35.656586
-35.018085
-24.338425
-7.668326
-11.201820
-9.992809
-13.338088
-10.729273
-16.799730
-18.180571
-12.315423
-20.348372
-31.857744
-40.536861
-41.317875
-31.387844
-30.255095
-25.492626
-26.527544
-23.960302
-30.461882
-26.417603
-33.472660
-41.367245
-55.274708
-68.739761
-83.855316
-96.648407
-101.821632
-95.014824
-92.665390
-92.587746
-92.571411
-92.988823
-93.675446
-96.982437
-99.902603
-108.498749
-114.255836
-116.514702
-116.349457
-120.012383
-120.277046
-111.082306
-102.468346
-92.998154
-71.501732
-48.991978
-29.907682
-13.769698
-5.103753
-7.514422
-13.215132
-21.082193
-25.249155
-33.251068
-47.727730
-68.760338
-71.712006
-73.487679
-73.699532
-2.501843
-5.692665
-10.727836
-17.522612
-24.242647
-30.390739
-37.473419
-42.302742
-43.007496
-42.506775
-41.754055
-47.404423
-62.677814
-92.205856
-139.676819
-185.353378
-220.942612
-240.560944
-251.484482
-236.167374
-215.080948
-201.811981
-196.086487
-188.745483
-185.502029
-189.253754
-201.483444
-221.385941
-240.775650
-240.848572
-230.723633
-194.943375
-144.861267
-90.059837
-55.652985
-31.045338
-22.838087
-19.136736
-16.307411
-13.080248
-11.836527
-11.836700
-20.052225
-33.688416
-36.930637
-43.138866
-50.631767
-49.061440
-43.085873
-46.451687
-45.515068
-38.308037
-32.334061
-27.214277
-22.426910
-24.726309
-29.437967
-41.683727
-53.505714
-74.002808
-95.532890
-102.886108
-102.639267
-87.960052
-75.932579
-64.334290
-57.057384
-59.477139
-77.618881
-87.549301
-84.161224
-61.570164
-48.904938
-48.236706
-59.493195
-84.627258
-106.108002
-120.533867
-132.673920
-131.510818
-117.103676
-115.585838
-127.686592
-122.005157
-105.449417
-93.749626
-72.080849
-51.469933
-44.262798
-40.655609
-30.131084
-26.730701
-20.405107
-28.055006
-40.686321
-54.998516
-68.109077
-87.916428
-86.001892
-74.137062
-65.043625
-65.813438
-62.606167
-72.480835
-87.682106
-94.604042
-98.332558
-92.573441
-93.216759
-86.840363
-79.263123
-76.481529
-71.754807
-62.517220
-65.509384
-72.266479
-81.986877
-95.424286
-108.611519
-131.845871
-151.310242
-170.034561
-169.771500
-169.358398
-159.482803
-159.144882
-159.941940
-156.385574
-141.520004
-113.895813
-71.591133
-40.337215
-23.865290
-14.673661
-26.042204
-38.052498
-44.625797
-51.396313
-50.588665
-42.279243
-34.421829
-41.612770
-46.463650
-50.097816
-52.823978
-58.254215
-56.041153
-54.763863
-53.532845
-53.280819
-64.676102
-80.405029
-91.317375
-100.580460
-103.797501
-89.028328
-73.828682
-65.509148
-65.617554
-67.145355
-73.368675
-88.009018
-107.409004
-117.814674
-134.076828
-148.327042
-158.371140
-166.102386
-204.062241
-228.330276
-243.001907
-250.078110
-247.351547
-222.495956
-211.385910
-214.090271
-215.436172
-210.988220
-213.335785
-223.976730
-238.571747
-229.058670
-206.204987
-172.459808
-128.228531
-80.856850
-53.258945
-39.992790
-35.865089
-36.199657
-35.367771
-33.533344
-30.649389
-29.964069
-23.961830
-25.917927
-27.493958
-25.810444
-27.526932
-36.463554
-42.791855
-62.792088
-81.366173
-92.696548
-100.939529
-103.686127
-93.576729
-93.927933
-94.372398
-91.033966
-90.156868
-91.451424
-85.698799
-82.877419
-78.356468
-72.496323
-61.767838
-71.569649
-79.452332
-84.579124
-77.829826
-82.449913
-71.087219
-55.047848
-39.630066
-35.512585
-32.184517
-37.830292
-47.971344
-64.243599
-94.294342
-125.022270
-144.622437
-156.970932
-159.606934
-156.517212
-147.682617
-139.586456
-141.744843
-152.582489
-154.452515
-148.470367
-132.476349
-112.343407
-89.383583
-73.036003
-67.291031
-74.718086
-74.656136
-77.168114
-75.023788
-72.244873
-71.761833
-69.435600
-66.300850
-70.107323
-77.605034
-90.537834
-97.305199
-103.760094
-112.445885
-107.854233
-96.801872
-86.234673
-81.240326
-75.704948
-76.777344
-67.959312
-55.451111
-41.994671
-31.713745
-32.879688
-47.119724
-63.617813
-84.297844
-100.313187
-116.535927
-117.720367
-132.062866
-143.208618
-1.876290
-5.562915
-13.018003
-20.557919
-29.386190
-39.008804
-49.690033
-56.736797
-61.326962
-66.626198
-73.035736
-87.025581
-104.616493
-125.493248
-151.109039
-176.574570
-208.242584
-232.288361
-216.887115
-190.321960
-172.746796
-160.080139
-148.432327
-140.684143
-133.732162
-121.325836
-117.560661
-113.624245
-113.423149
-120.773781
-128.720367
-115.305168
-100.677269
-69.085938
-46.968094
-35.392376
-38.054630
-37.756657
-32.529217
-29.474379
-32.849991
-30.265106
-19.603083
-22.794235
-10.407077
-0.941838
-5.436658
-16.720852
-20.998644
-23.379343
-25.979919
-21.699556
-17.543013
-16.297003
-12.156558
-13.400392
-15.533866
-18.463890
-24.337437
-25.870358
-34.776623
-26.497665
-31.607183
-33.443916
-24.593826
-13.044127
-31.115530
-65.051773
-70.087692
-65.992577
-55.809704
-39.982407
-24.431431
-21.397810
-17.015404
-26.223650
-43.859501
-54.695053
-71.837387
-78.035713
-68.036736
-64.713554
-68.213425
-64.881752
-65.530289
-57.211956
-49.412457
-33.382008
-28.320726
-22.229574
-20.992962
-16.098457
-14.100254
-16.124012
-27.333057
-40.423512
-41.364368
-25.613701
-29.682894
-26.449574
-23.497284
-42.112019
-70.553062
-69.720688
-60.319691
-51.475681
-38.284645
-18.291933
-23.675251
-35.216255
-49.250534
-52.520645
-46.022068
-40.876701
-45.562447
-50.833996
-49.607010
-51.847042
-50.201546
-57.189785
-67.265137
-95.507912
-142.315399
-190.470367
-188.804276
-158.822495
-116.059883
-71.305344
-47.889084
-35.462051
-19.704290
-8.925415
-9.574521
-19.105965
-33.308220
-36.671944
-32.556690
-27.694073
-18.724714
-21.771013
-23.692444
-24.928154
-21.168800
-18.229406
-22.702988
-24.615938
-24.707228
-29.532915
-38.160824
-46.157742
-65.764725
-71.236191
-65.922058
-55.672131
-61.986275
-76.164780
-84.001205
-83.743317
-86.411858
-85.837494
-91.895332
-105.365318
-106.457039
-105.892174
-95.724739
-70.129974
-63.715477
-92.608917
-111.130264
-147.206161
-200.755707
-226.720078
-234.667801
-238.312363
-228.779022
-219.845428
-206.320236
-168.823517
-134.450653
-109.552574
-94.883446
-90.384132
-92.652512
-92.189079
-96.463570
-72.228165
-51.014553
-41.001488
-43.406666
-49.238846
-40.100082
-40.169407
-37.881405
-38.437584
-32.491985
-35.972813
-39.441704
-40.868393
-46.605797
-65.716309
-67.626930
-72.428635
-72.440811
-69.802261
-54.425594
-41.372116
-24.146288
-11.285467
-1.402735
0.298170
-1.555580
-2.339947
2.093848
5.046012
3.712808
3.141749
10.405048
10.023496
27.991335
27.074715
35.443707
37.843903
40.063183
38.574333
26.695442
8.162287
5.060452
1.249288
-6.499926
-27.217480
-51.339806
-74.587700
-93.217819
-104.749176
-95.045372
-77.489418
-65.773758
-54.856731
-50.661423
-49.036110
-39.932503
-47.144180
-44.006630
-38.956688
-40.579578
-54.255829
-70.321297
-79.532036
-89.718437
-87.738235
-82.411407
-79.132843
-73.077896
-78.154694
-84.903564
-92.572365
-98.299118
-105.653809
-105.164482
-96.386314
-83.291656
-60.725945
-37.330139
-22.281399
-21.718475
-32.901917
-49.929447
-52.447926
-62.644714
-63.200089
-53.760685
-48.858204
-47.492638
-47.146717
-41.621433
-38.360779
-40.832809
-62.833401
-88.235695
-113.090363
-1.421268
-4.592224
-8.286941
-11.276817
-16.269539
-19.529076
-22.549503
-28.714563
-36.598064
-47.552906
-53.495049
-63.121208
-82.708328
-104.477509
-142.927002
-192.191299
-218.778717
-229.491150
-222.341980
-207.558487
-191.876480
-188.856110
-187.812836
-192.903183
-196.892090
-186.594193
-169.634918
-141.164871
-108.054993
-91.022675
-89.889923
-85.429382
-82.619316
-70.794853
-52.649551
-33.972095
-26.538565
-23.400434
-19.689058
-16.635027
-17.499846
-13.359370
-9.811046
-17.432224
-16.891109
-13.191527
-24.867304
-34.241238
-38.400303
-38.093754
-35.934696
-30.936409
-23.297226
-17.510508
-9.238317
-6.764166
-4.257313
-4.726989
-9.198422
-22.265787
-43.387955
-50.858681
-46.933052
-43.025822
-31.084810
-20.350285
-12.169194
-11.000314
-8.836917
-14.709860
-17.673450
-20.868662
-23.140202
-27.599936
-30.609924
-43.479446
-57.547089
-68.574593
-76.806938
-79.689598
-68.517662
-62.953903
-68.647919
-63.453091
-65.120522
-50.658051
-42.179867
-20.326012
-11.785285
-9.828805
-12.525758
-12.714355
-8.934024
-10.915404
-15.314182
-14.574470
-6.332045
-10.585009
-13.593268
-18.785601
-22.115793
-43.855579
-62.942104
-59.398895
-47.019390
-34.257698
-22.520426
-16.142155
-18.481911
-25.005514
-39.419785
-44.105453
-34.629204
-25.377071
-21.136499
-21.612753
-16.602200
-16.585518
-22.708643
-31.994890
-45.281818
-65.068886
-89.371857
-119.649895
-125.932877
-132.304672
-137.051956
-132.139542
-118.571327
-99.576584
-73.429718
-49.277554
-32.093525
-27.489883
-27.550728
-25.621264
-19.099800
-14.898382
-7.261061
-1.352618
0.791485
3.841763
3.847255
3.620079
3.669350
8.111670
10.680420
5.587824
-5.698191
-23.572756
-48.131798
-60.085339
-61.518223
-63.204372
-65.537849
-67.038757
-73.769859
-81.256271
-88.445496
-99.185661
-107.319939
-114.821404
-112.891991
-109.951065
-99.696884
-80.207344
-96.102173
-127.716202
-166.006393
-191.180603
-221.539108
-221.254944
-211.344269
-194.854446
-190.334076
-186.943939
-193.916489
-176.444260
-144.804810
-116.167831
-93.991783
-75.729218
-71.855400
-73.901978
-75.463928
-65.868607
-50.267284
-30.542850
-28.942692
-28.201387
-22.439146
-23.749954
-22.674925
-20.058807
-19.524040
-16.419704
-18.158726
-18.468908
-16.120314
-19.349150
-20.800879
-16.470934
-26.556898
-44.592720
-45.517948
-48.769474
-46.265106
-38.388725
-33.591160
-34.152016
-35.571007
-35.696861
-34.282822
-33.831833
-33.712372
-27.591692
-19.369024
-28.345276
-14.781821
-6.967867
-9.406426
-9.432860
-7.808798
-9.421286
-14.445254
-15.660422
-11.247952
-3.776027
-11.916171
-35.296825
-59.636192
-87.499245
-109.727974
-119.541336
-125.411896
-112.025421
-99.195877
-90.826187
-79.696526
-77.206329
-78.464111
-70.384445
-58.905212
-45.971336
-29.080824
-15.106940
-17.329824
-20.231365
-30.964231
-25.218840
-24.342875
-22.648758
-18.054478
-17.497877
-20.895037
-21.294788
-27.808981
-36.787243
-48.444885
-56.740826
-66.508453
-66.705246
-52.903599
-35.973526
-23.981520
-16.095167
-14.529988
-22.237501
-33.006241
-34.036331
-24.684244
-18.244181
-13.731164
-10.759970
-10.783217
-19.389341
-31.227428
-51.538662
-69.299545
-84.891571
-0.952767
-2.585843
-5.758004
-8.652063
-13.983439
-19.525667
-28.115452
-31.583324
-40.799187
-48.209179
-51.012825
-48.734905
-51.356358
-51.476940
-49.885395
-50.494652
-51.184853
-50.364079
-37.348248
-32.218311
-22.865685
-11.883368
-6.607200
-10.768312
-15.008552
-18.014786
-24.989180
-31.912287
-47.261562
-59.013634
-60.742500
-54.769157
-44.641186
-35.201809
-26.256096
-23.251795
-19.335754
-18.851057
-17.944834
-16.054909
-16.624073
-10.322906
-5.498556
-8.700507
-15.883445
-32.702438
-53.952908
-67.731224
-70.009171
-68.601921
-60.228912
-51.050171
-39.929550
-31.315798
-21.800266
-13.691229
-9.141288
-6.511467
-8.842452
-18.447853
-22.706182
-25.658573
-30.536600
-36.126930
-30.536144
-39.167446
-51.688572
-53.914104
-51.102913
-46.460133
-36.913036
-21.701267
-17.354490
-21.196285
-18.978800
-15.537930
-7.939373
-3.121669
-1.793203
0.202799
3.321658
3.725904
-3.663706
-12.892104
-17.502045
-19.225315
-22.815153
-17.203836
-12.119935
-12.276538
-14.729531
-14.252687
-9.422683
-8.931495
-14.187121
-22.000107
-17.764572
-12.097819
-15.754766
-15.680243
-13.306662
-29.529331
-40.682991
-38.567833
-37.762184
-36.000767
-28.656891
-17.463888
-12.468147
-11.775072
-17.111898
-25.746500
-32.347240
-34.281105
-33.249153
-35.455868
-29.477680
-21.181810
-18.335844
-19.946405
-22.819016
-25.022917
-43.099720
-71.616982
-72.579124
-65.550323
-68.986023
-63.306805
-59.340179
-61.185528
-61.973534
-46.545006
-33.084167
-27.292255
-27.561871
-27.904785
-27.264238
-21.836489
-12.540653
-3.016526
-1.292973
-1.829822
-5.151653
-5.541821
-1.237752
6.238038
6.708838
5.299107
-2.174176
-9.881545
-21.713284
-39.023987
-55.830864
-67.243568
-72.003647
-68.895599
-63.391563
-60.120899
-60.590458
-64.629562
-76.269196
-83.386726
-88.142464
-89.243156
-82.647194
-65.638626
-57.219585
-54.387535
-52.039783
-45.134045
-51.448299
-46.564449
-46.655277
-39.112923
-36.784706
-25.102781
-22.116016
-17.494287
-8.936635
-3.552382
-1.582191
-9.157323
-16.136032
-20.149469
-23.045055
-29.559580
-24.026274
-20.751581
-22.298008
-23.251682
-24.381907
-23.072515
-25.242859
-23.392944
-22.488689
-18.638788
-23.830667
-26.956076
-31.443901
-40.231697
-38.161106
-31.163568
-30.355274
-31.690626
-28.223986
-27.740360
-24.539129
-17.713072
-13.636512
-11.556735
-12.902615
-12.751529
-14.018165
-14.284626
-12.564416
-12.585558
-15.405342
-19.924482
-22.066132
-20.633589
-27.386120
-30.497705
-32.231152
-26.497040
-22.087719
-23.623402
-24.847904
-29.930929
-34.755394
-42.594952
-46.423828
-45.121078
-40.877693
-35.280033
-29.997631
-25.060728
-24.698755
-22.397362
-15.263628
-15.997653
-15.228981
-16.752127
-21.163189
-18.683468
-32.337570
-38.835079
-45.637272
-53.360100
-67.612457
-68.296928
-69.507690
-72.490173
-74.595215
-73.376602
-74.622978
-75.769623
-74.036423
-65.442940
-66.258095
-63.308437
-62.639118
-57.263988
-55.431686
-48.956497
-46.487282
-38.789455
-33.858303
-24.130678
-20.964979
-18.522245
-15.494934
-12.000667
-7.740830
-3.724184
-3.078419
-7.727808
-13.084562
-24.644112
-31.712599
-41.377499
-1.868026
-4.650625
-7.965909
-10.429645
-12.581248
-13.046545
-13.003608
-16.271616
-17.976826
-19.862736
-20.269163
-30.275213
-41.918446
-69.628586
-110.827843
-151.099457
-177.061798
-192.423050
-192.431107
-183.423401
-175.141830
-172.876083
-174.225479
-171.367218
-173.529587
-160.334976
-138.513840
-124.853310
-118.207954
-110.567589
-97.539948
-86.182884
-68.778633
-50.318310
-31.071815
-18.115814
-13.717660
-9.858317
-7.207261
-5.546732
-6.262937
-8.078199
-7.915731
-7.532751
-6.796607
-11.248110
-15.559218
-19.585709
-27.668716
-31.483118
-32.657677
-32.658859
-30.471401
-26.889448
-23.205486
-23.418272
-18.487965
-16.083494
-14.266366
-18.187866
-27.061195
-33.603405
-37.854988
-39.250988
-33.798824
-32.426819
-36.427521
-40.039875
-37.940567
-32.465332
-23.454075
-17.085808
-10.990308
-14.223135
-31.083401
-58.861187
-79.193954
-95.208382
-108.023170
-105.349899
-90.662231
-84.888542
-81.231071
-68.567490
-58.626423
-51.219513
-41.945637
-29.649624
-22.921198
-15.752813
-8.280554
-10.228657
-8.182130
-13.013857
-16.143978
-24.517086
-32.624405
-35.633156
-30.771093
-31.707125
-36.024162
-45.501072
-53.281494
-45.661785
-37.065220
-24.520552
-16.016272
-11.280708
-10.717642
-14.221992
-16.811363
-16.987841
-13.932955
-16.881292
-25.499649
-33.251080
-40.395527
-50.083122
-54.642273
-64.296753
-68.642372
-72.642891
-91.380142
-100.031059
-103.310951
-107.769867
-102.589417
-97.583572
-87.734238
-71.757301
-49.008743
-31.165577
-19.882196
-16.285500
-19.831007
-21.667788
-16.561052
-9.288896
-8.377527
-10.169538
-11.692979
-13.744356
-14.941410
-16.283258
-17.971384
-17.124624
-16.054485
-19.501040
-21.816540
-30.595434
-42.901516
-41.723061
-38.091488
-38.342724
-37.096958
-40.243389
-42.032139
-44.721588
-48.390472
-50.704227
-50.968269
-55.588856
-62.643753
-67.822556
-76.286499
-74.611588
-96.324020
-136.455795
-162.485947
-177.684036
-199.570938
-204.116959
-198.548996
-187.487762
-179.500626
-178.713379
-179.866867
-176.773590
-170.749344
-163.970505
-150.956635
-126.551285
-105.725868
-89.702347
-68.710564
-49.318821
-30.534462
-20.451283
-15.655801
-12.773810
-13.949773
-13.875316
-13.745978
-12.295055
-11.756485
-11.218125
-11.769082
-10.872031
-16.864662
-23.622644
-26.636278
-29.385073
-33.735630
-33.656754
-34.996162
-38.077484
-38.954456
-38.197605
-34.159901
-31.951197
-33.195129
-34.210476
-29.056786
-26.774347
-26.944090
-22.591158
-26.092554
-34.719406
-30.950956
-27.178446
-23.762140
-25.916115
-23.993557
-18.977087
-20.367018
-21.213112
-16.284966
-12.985862
-19.419636
-42.652927
-74.185127
-95.955139
-112.209496
-122.307007
-120.705811
-113.793236
-112.772522
-104.183907
-100.139343
-98.081993
-87.412392
-71.103889
-57.363644
-49.833595
-42.748905
-40.154896
-40.672653
-37.913181
-33.500973
-34.499466
-34.261036
-29.292871
-28.278076
-28.527748
-28.202341
-29.376282
-33.027981
-37.745777
-43.346416
-46.799580
-54.048695
-48.869820
-36.799042
-25.738441
-17.775307
-12.320150
-11.657737
-13.326391
-16.668312
-17.567993
-15.798049
-19.730375
-28.898235
-35.482883
-42.463848
-50.987576
-60.199955
-68.020973
-78.656204
-86.717949
-3.917907
-8.281845
-15.751634
-26.743578
-40.233055
-50.495316
-60.180115
-67.434883
-70.604630
-72.100471
-78.589813
-99.724976
-116.478195
-148.083115
-192.679550
-228.476944
-260.621674
-280.857941
-276.750183
-256.865265
-235.539276
-218.784317
-202.323532
-186.521255
-170.943314
-161.017197
-165.007202
-170.647217
-195.496948
-214.902740
-212.003235
-187.402008
-154.037827
-118.055275
-89.420303
-72.869270
-64.627785
-59.626453
-50.907013
-44.045139
-42.095837
-38.213940
-31.982115
-30.243977
-24.056297
-18.727839
-20.127039
-26.282475
-32.123672
-35.446270
-39.496315
-39.529949
-39.265400
-37.503952
-36.099068
-32.657520
-35.168556
-36.598011
-42.160057
-39.872673
-52.861229
-51.918381
-48.611267
-46.659801
-44.696209
-50.284321
-68.952202
-89.137962
-94.016411
-97.571877
-91.249870
-63.383915
-48.864513
-45.418098
-59.810169
-81.339844
-110.047943
-121.453148
-138.265274
-134.301666
-121.547569
-114.291672
-107.702385
-97.792763
-87.070992
-74.762489
-58.084896
-50.100693
-46.884182
-39.226223
-30.548021
-27.035393
-22.481621
-28.476397
-40.067284
-58.815178
-61.376541
-59.904999
-58.634407
-56.578049
-45.647057
-50.102962
-65.048714
-65.895607
-60.418598
-63.267059
-67.381882
-69.640984
-80.550201
-90.560097
-90.898300
-82.771515
-70.752876
-62.639610
-60.310596
-63.881821
-72.537254
-83.854912
-90.756172
-110.972992
-123.874756
-137.482727
-145.823517
-158.820312
-155.719482
-156.177826
-146.842468
-128.144577
-96.952255
-67.251953
-39.310799
-20.936522
-19.377441
-32.972622
-46.795979
-62.977116
-69.944389
-64.744682
-57.455677
-49.628429
-39.656132
-40.007488
-41.401848
-44.131786
-51.071709
-59.881485
-56.620129
-54.693157
-47.472450
-43.292694
-35.606667
-31.390961
-32.076649
-42.830658
-55.468826
-72.224060
-84.214111
-93.183479
-103.699142
-108.114136
-110.782166
-126.171516
-134.482178
-149.653870
-170.689835
-171.343643
-184.749695
-217.319244
-232.600876
-250.945511
-279.231934
-281.100647
-271.378082
-269.800659
-265.088867
-255.246658
-243.861816
-231.026596
-221.680328
-223.061417
-228.495590
-230.653214
-207.327347
-176.772675
-138.779953
-103.967400
-78.053734
-72.200752
-69.490913
-66.802696
-64.177704
-60.541386
-56.665680
-57.618160
-54.094868
-51.730900
-55.774963
-58.395889
-70.513229
-85.050110
-94.815018
-106.312912
-104.384163
-96.521973
-86.060478
-79.118530
-70.995148
-65.941223
-62.417824
-61.049770
-61.462708
-63.210693
-53.863739
-51.212383
-46.567734
-42.675758
-33.098541
-40.893059
-39.009834
-44.632717
-37.578968
-37.852341
-29.434002
-24.845497
-10.163562
-6.183266
-1.856030
-9.805099
-18.784670
-44.057491
-78.062386
-107.719635
-130.624268
-141.126236
-135.836136
-127.396072
-122.074455
-116.156029
-115.203003
-119.994011
-113.145218
-106.900063
-95.098495
-81.878937
-73.665390
-82.700005
-94.416458
-102.202644
-107.875748
-109.918602
-106.854912
-107.581116
-109.145943
-110.065437
-110.509026
-114.063751
-118.516449
-121.167892
-116.746254
-108.276489
-97.534897
-78.812492
-62.013107
-49.098240
-43.237392
-50.638355
-61.377937
-65.964523
-62.565582
-52.238369
-39.457516
-38.687180
-48.723152
-57.467697
-69.830444
-78.916519
-93.085175
-99.500717
-120.467430
-129.119339
-2.641078
-7.974807
-16.461842
-28.142927
-43.160595
-54.174049
-63.418640
-69.821167
-76.561966
-78.380356
-77.477371
-67.943825
-53.343697
-36.862759
-25.725826
-16.511040
-16.726978
-20.598175
-24.488470
-27.361528
-35.012253
-26.381237
-20.519398
-17.506294
-16.411560
-16.963545
-23.087959
-27.437523
-29.024002
-25.400560
-19.918962
-19.176243
-23.508680
-38.998669
-51.120930
-55.594860
-61.887493
-62.398861
-56.395702
-50.509190
-47.796013
-37.665810
-27.212364
-19.125296
-16.030340
-12.878543
-20.254065
-25.798376
-33.278698
-35.548134
-30.578859
-26.469147
-22.046160
-17.196804
-12.366015
-11.236521
-11.358883
-16.409527
-21.600780
-19.239965
-4.906622
7.939420
7.870404
3.585225
-12.743179
-36.409954
-61.317539
-71.605934
-68.842918
-56.128670
-43.907005
-34.915600
-27.815453
-22.915672
-17.669590
-11.731274
-12.201860
-10.918841
-10.300961
-7.626703
-8.999324
-6.076845
-0.580124
4.607418
1.814273
-4.182759
-14.358978
-23.548378
-22.927958
-18.314718
-7.536046
-5.416918
-6.523702
-11.428335
-19.879360
-30.096956
-29.229343
-16.684822
-9.257899
-11.098640
-10.769107
-18.772572
-28.860710
-23.855827
-16.477797
-12.678637
-14.869175
-21.835964
-23.601204
-24.509033
-23.029051
-23.675781
-20.344664
-16.593637
-11.799416
-6.428706
-6.452343
-10.157784
-14.032736
-12.767957
-8.116241
-4.837423
-14.960880
-35.241928
-48.522396
-55.523235
-42.220467
-11.829370
13.187445
10.545364
-8.065607
-30.051331
-45.464077
-55.510067
-60.384396
-58.875278
-52.480305
-46.176346
-41.275650
-36.463562
-35.218559
-31.394653
-30.899191
-29.592607
-30.031946
-34.174812
-38.215542
-39.778107
-32.879204
-22.876081
-21.715960
-25.467461
-31.324163
-39.261410
-41.468281
-39.728214
-40.586323
-41.467133
-41.428608
-44.736298
-48.918816
-47.924129
-48.060482
-44.970337
-39.543949
-32.592861
-20.969349
-19.679974
-14.925835
-7.525787
-9.208937
-18.569939
-36.626194
-61.387360
-63.639297
-57.599106
-40.723965
-21.993357
-14.677901
-14.568358
-19.563643
-23.359982
-23.476250
-14.713944
-18.005781
-33.474998
-49.040665
-59.391987
-65.795403
-68.598930
-64.926811
-61.483154
-59.760597
-54.398621
-55.557236
-52.942333
-53.542412
-59.112911
-66.795677
-73.834679
-75.720345
-63.622509
-44.433514
-18.977673
1.982280
11.339692
10.122521
7.394401
3.980520
3.787975
4.439635
4.585674
5.723807
7.148920
3.982362
4.484545
3.187610
3.783526
2.719075
-0.819771
-9.345729
-11.755484
-9.924121
-13.091886
-16.443680
-27.783373
-33.956955
-32.815399
-24.135645
-16.402416
-8.051147
-8.125860
-7.433839
-6.425529
-6.221842
-5.158819
1.382885
2.837807
1.293811
3.161634
5.467135
1.234495
-5.470759
-15.606477
-32.758064
-48.116047
-53.297733
-54.562271
-54.685894
-56.927311
-59.870918
-60.484818
-62.349144
-62.112659
-65.859917
-67.359673
-68.049103
-62.526722
-51.331184
-39.295567
-26.511126
-13.936650
-10.656440
-20.602955
-30.016346
-36.528160
-34.213211
-30.110268
-21.189280
-15.235909
-10.497819
-8.609677
-9.419876
-8.083004
-8.226657
-8.771143
-10.549958
-11.581041
-10.954733
-11.234791
0.853353
1.799361
1.914073
2.539661
4.976148
8.117650
7.916032
9.516313
6.727411
3.388465
-3.084583
-20.360855
-36.123444
-62.191631
-105.562393
-158.875214
-197.850754
-226.019958
-240.933990
-237.865402
-225.442642
-221.519547
-211.536346
-187.490707
-169.514633
-164.644928
-181.305771
-176.124802
-169.208817
-154.945251
-144.377792
-114.185654
-90.294769
-57.391724
-29.183887
-1.878044
10.898565
14.906674
13.806050
12.797906
8.799131
2.872347
4.159715
7.081635
7.806796
-4.153920
-36.446949
-74.349396
-105.038376
-130.662949
-139.799698
-127.424965
-111.151535
-93.734680
-72.661316
-47.096573
-35.778492
-28.269623
-28.379772
-30.025572
-33.992306
-23.255865
-14.316385
-18.404806
-20.545218
-29.899786
-62.027138
-82.986168
-86.698784
-75.910156
-51.260223
-15.483684
3.903952
8.851335
-9.724805
-38.667637
-65.874031
-96.761810
-116.283890
-118.219116
-102.335503
-87.848190
-70.894112
-57.752289
-56.655979
-54.710068
-52.986675
-52.643127
-55.694321
-47.555973
-36.072796
-20.895256
-17.085569
-25.762215
-44.394604
-63.551006
-67.274750
-66.470024
-58.704567
-43.142162
-37.460289
-46.994068
-66.227425
-79.364433
-87.588997
-78.247162
-64.924599
-39.380966
-33.164120
-23.935390
-25.080559
-25.584169
-25.597507
-25.121271
-27.424974
-31.470980
-38.112141
-48.441883
-52.334644
-60.343136
-60.689087
-79.132515
-111.356323
-175.240173
-221.921677
-243.632889
-231.161819
-197.088852
-138.600525
-70.204140
-13.633256
20.343508
35.032459
32.598251
24.001846
4.020326
-0.739781
-3.762885
-1.847891
0.598413
-0.103482
-5.357950
-6.124747
-8.177939
-10.507225
-8.926992
-7.815990
-12.108410
-16.478029
-13.018744
-11.317600
-17.231932
-15.881436
-11.514923
-17.962387
-19.749119
-13.807349
-10.295436
-5.968887
2.102368
2.892856
-8.755612
-18.907309
-24.145933
-25.491823
-18.428699
-38.221622
-70.696693
-103.415016
-147.069687
-187.016037
-212.868790
-242.518738
-268.531738
-283.639526
-287.974030
-273.046753
-245.819000
-230.625397
-215.956131
-196.806961
-177.851608
-151.099106
-114.468704
-87.009361
-48.885101
-21.847620
-2.237139
9.018162
9.721704
10.449130
12.418433
10.857348
6.669653
10.829733
7.176919
-0.189000
-7.597981
-16.463614
-29.865820
-46.399757
-57.218967
-51.326138
-43.641438
-32.058403
-23.647427
-17.048494
-15.521659
-13.485625
-14.605971
-13.868935
-15.045049
-7.723243
-9.048863
-3.622385
-8.706067
4.094733
9.455064
17.861198
19.562149
28.603300
29.133366
40.026714
40.712715
42.679672
42.647900
40.049519
36.543167
28.979898
9.338941
-21.537603
-48.401836
-84.283653
-104.002014
-111.188255
-105.520485
-95.626167
-86.203346
-74.560966
-65.645676
-56.271996
-54.147385
-52.974564
-62.140743
-71.085335
-87.647781
-107.738350
-120.693161
-115.322540
-106.881660
-104.232483
-105.290985
-104.419357
-105.947548
-109.218719
-115.273270
-119.093239
-122.463219
-123.259567
-113.839577
-98.320839
-79.338631
-70.045242
-50.113338
-40.355171
-33.655094
-35.224632
-30.264095
-33.335598
-29.425331
-27.719398
-31.865225
-42.242153
-44.850899
-45.182838
-45.846355
-51.453773
-55.038090
-66.313072
-78.880501
-1.962986
-6.791970
-12.802383
-20.871271
-32.976917
-42.469585
-50.276558
-54.624557
-58.368786
-62.337864
-58.834705
-53.890633
-50.072353
-45.409039
-38.952351
-35.767277
-35.974628
-38.298107
-43.133530
-44.540741
-45.838417
-48.476398
-54.604996
-56.934166
-58.774231
-53.813595
-45.434364
-32.370224
-25.530064
-26.069330
-32.354084
-37.750702
-40.676407
-47.219120
-48.506798
-49.126225
-51.757153
-49.229568
-42.570049
-38.083576
-37.722275
-33.923683
-27.544422
-20.096386
-11.299902
-2.926949
-0.770650
0.608825
-0.462003
-2.885072
-6.184567
-8.142444
-9.167900
-9.551064
-10.028050
-8.230751
-11.186845
-9.501667
-7.026645
-6.366548
-11.681047
-6.543425
-1.598513
-2.655408
-11.598649
-25.888617
-34.430363
-45.084373
-49.412239
-54.565216
-55.120605
-43.886555
-33.749664
-27.446568
-23.639816
-19.579115
-22.989660
-25.989252
-31.201960
-34.059067
-34.742569
-31.943701
-27.954128
-27.836899
-25.878201
-19.888834
-18.705065
-17.772499
-17.455744
-14.932009
-13.185582
-7.796080
-4.184896
-7.726208
-14.432302
-23.198406
-22.470501
-20.551743
-25.434977
-25.048557
-26.838524
-33.487553
-42.961361
-41.536274
-30.181133
-17.340250
-13.218906
-19.558764
-29.052818
-34.428589
-35.759823
-30.867815
-23.896620
-15.364594
-14.446173
-14.427180
-19.502323
-26.801163
-38.573231
-55.386574
-65.648598
-67.603996
-65.157051
-56.815056
-40.148659
-23.047556
-9.963108
-5.712821
-0.400995
-0.310445
-4.120328
-14.473055
-20.741867
-33.392227
-40.564213
-41.683052
-44.517792
-48.271648
-43.867764
-40.073986
-38.143787
-36.657810
-35.116432
-31.743168
-32.111435
-34.237389
-36.619972
-42.180580
-45.231598
-45.048676
-37.962517
-32.817070
-28.265663
-23.819603
-21.146667
-25.980434
-27.263969
-28.025229
-28.468943
-30.011370
-28.659618
-35.008236
-40.830547
-45.934616
-46.419640
-42.504616
-39.227821
-34.329182
-34.665112
-44.419865
-49.384869
-53.239464
-57.677361
-58.020969
-58.811367
-66.741295
-73.875381
-69.275734
-53.740726
-40.926514
-37.474037
-43.277153
-48.884762
-48.296459
-44.688473
-47.221416
-45.394630
-47.423267
-55.318443
-56.285755
-54.065498
-51.524921
-48.413059
-47.195148
-45.820236
-40.926689
-44.684727
-46.401871
-51.556015
-59.575562
-63.687878
-64.993828
-62.505421
-51.430061
-42.031544
-31.893900
-25.219152
-25.394758
-29.664236
-28.241102
-27.985582
-28.627260
-24.437830
-21.007437
-17.591965
-14.779615
-14.805638
-14.604912
-11.703098
-5.067041
-5.022951
-11.253969
-19.411259
-25.530439
-20.842173
-18.093288
-14.560212
-5.462031
-4.567822
-8.416137
-16.128321
-27.842579
-36.720581
-37.495972
-35.668690
-33.092880
-30.711922
-28.364052
-30.666229
-34.063316
-35.350517
-31.569433
-29.280615
-28.881552
-27.370262
-26.721235
-31.098139
-38.907223
-46.810394
-52.472973
-52.298317
-52.562309
-50.722084
-51.655048
-53.763210
-57.537399
-62.107498
-65.904472
-65.255478
-61.443733
-56.040325
-42.144638
-28.208532
-16.079098
-10.133054
-13.148400
-21.595732
-27.060543
-26.824350
-22.457956
-15.779125
-12.558060
-12.239975
-15.792884
-22.591835
-37.743553
-56.178371
-69.735062
-74.537376
-73.965065
-2.855529
-10.969194
-17.574144
-25.918596
-36.399792
-47.078026
-57.440468
-61.917583
-72.097382
-75.431412
-75.044846
-71.222420
-88.784988
-111.656807
-141.324921
-147.422455
-166.640747
-180.528168
-184.502487
-169.630402
-163.314178
-153.807190
-156.314499
-153.089493
-156.922821
-153.638123
-173.735916
-150.383606
-152.378204
-154.630219
-134.699448
-113.077255
-81.661674
-56.641388
-48.305187
-48.688324
-48.735077
-49.844868
-46.477642
-41.791294
-39.273426
-35.273674
-29.268780
-27.565790
-31.405111
-44.369511
-49.728611
-45.006737
-49.082634
-58.803883
-58.184433
-54.784939
-51.637581
-45.249565
-39.530182
-35.695728
-35.668133
-38.172779
-34.290157
-40.286995
-44.664330
-57.539974
-61.507427
-60.531532
-50.363846
-51.630360
-58.326141
-60.765896
-65.554634
-83.182251
-80.761429
-61.704708
-40.972122
-54.869476
-61.986782
-78.291267
-82.128334
-90.522118
-89.608154
-99.550095
-81.252495
-74.262428
-72.409790
-75.030380
-56.548710
-55.290340
-40.593414
-35.052776
-28.752462
-28.689276
-24.688988
-22.741373
-16.442303
-21.698750
-27.895973
-40.091908
-39.857685
-48.368553
-52.503490
-53.132145
-56.535084
-53.679295
-70.155319
-70.307510
-75.117691
-69.497055
-55.078285
-51.843712
-47.523308
-51.666611
-50.192726
-45.249290
-39.805424
-41.584633
-45.309586
-49.148548
-48.745205
-60.990654
-62.210777
-82.644836
-85.070099
-90.033134
-102.528412
-110.919647
-116.190880
-121.593735
-139.465179
-137.267365
-121.617798
-104.322273
-63.095860
-51.067966
-38.220676
-44.978291
-48.861412
-52.610481
-55.450211
-66.140465
-55.453457
-53.338608
-44.867729
-41.894287
-42.308411
-44.770744
-45.901871
-47.458183
-47.981182
-50.123543
-45.797779
-52.411160
-59.829105
-67.414589
-75.502754
-80.204575
-79.742477
-74.973152
-75.604469
-76.921089
-81.823425
-86.171852
-91.419365
-100.736115
-114.936363
-119.013451
-130.273682
-139.984116
-155.177780
-156.965240
-149.055573
-155.591644
-166.273941
-182.341858
-175.001221
-176.992920
-173.258942
-177.849884
-180.032227
-174.909668
-171.147873
-154.265808
-143.103699
-155.579056
-138.655029
-112.306244
-78.663673
-52.974018
-48.711010
-47.282150
-57.583412
-59.013432
-52.571339
-56.874454
-54.091621
-48.279194
-47.856792
-46.109043
-45.712574
-52.287781
-57.450676
-64.432213
-72.492287
-73.552155
-71.693161
-75.205986
-55.835155
-66.701241
-57.221310
-53.453838
-47.093075
-48.464237
-47.761875
-48.754776
-44.716328
-42.199997
-38.787312
-35.242840
-40.917568
-44.564857
-46.901299
-56.220791
-52.215092
-49.543251
-48.649696
-40.198845
-43.592316
-37.176380
-40.347263
-34.736549
-49.112404
-67.454346
-94.646828
-110.707512
-118.807449
-122.998535
-113.813873
-110.200111
-108.375496
-99.335503
-92.859688
-89.534431
-82.944283
-77.764465
-69.100586
-68.623009
-55.582767
-57.598282
-60.966038
-73.519905
-82.689117
-79.026161
-80.043861
-78.733421
-76.759094
-80.191299
-80.678078
-82.885056
-85.218765
-88.675270
-92.849083
-96.376671
-102.422234
-96.280052
-92.908768
-68.095581
-55.982368
-56.410313
-53.425293
-51.050705
-41.934357
-31.566570
-26.159227
-24.912989
-27.930075
-30.482311
-50.424713
-65.610413
-79.414566
-81.839806
-81.985832
-92.462494
-5.479488
-14.049356
-25.367088
-37.801907
-49.823715
-56.687038
-61.130821
-65.156944
-64.400757
-65.527328
-68.507507
-69.345268
-60.739773
-63.929047
-110.077179
-163.442383
-222.297394
-271.779663
-303.161591
-297.617249
-289.954895
-285.155457
-293.227142
-288.581085
-286.744598
-280.296661
-263.039459
-245.239471
-239.578613
-229.470627
-201.807404
-162.237762
-127.123192
-94.195068
-70.849609
-54.742565
-44.155643
-35.025574
-27.034210
-23.109426
-26.767166
-26.254551
-14.822506
-9.278272
-3.566470
-8.241117
-14.732935
-35.521496
-36.721378
-41.101608
-39.498180
-33.044533
-23.896265
-16.718136
-8.859056
-5.164849
-9.900047
-21.145237
-37.769646
-50.298847
-50.151279
-29.586023
-20.215126
-31.895428
-54.256012
-77.969116
-123.152534
-138.975632
-120.440910
-78.433571
-43.393391
-22.291489
-10.683791
-3.073984
-12.373814
-49.822086
-85.398552
-110.947662
-148.164169
-160.788788
-142.478256
-131.500214
-130.868835
-126.410469
-111.687981
-107.277359
-91.852325
-87.755859
-76.306099
-54.652111
-24.082890
-15.289745
-19.302937
-37.416210
-64.555023
-96.325783
-97.286133
-74.776299
-50.829655
-40.782536
-47.279839
-81.051392
-126.307053
-142.736389
-123.904182
-94.603409
-78.839516
-62.662113
-60.060143
-57.598236
-51.665230
-50.475620
-51.519283
-47.479046
-50.084747
-60.889870
-90.375420
-132.268097
-166.573242
-195.067932
-211.577698
-204.436829
-221.752060
-237.133469
-228.237839
-193.100662
-146.619186
-93.275116
-67.584175
-55.653877
-44.526764
-36.831135
-26.016169
-30.232233
-38.282089
-52.376865
-51.710777
-42.032402
-29.990129
-21.583776
-27.434383
-40.693703
-45.256142
-43.000469
-35.469040
-31.675880
-32.375549
-41.668259
-50.935177
-63.412884
-82.960648
-108.501434
-128.710434
-140.083862
-131.867493
-111.789337
-88.509674
-83.048470
-82.030350
-87.483948
-96.190994
-120.387260
-141.536636
-135.533417
-106.296425
-65.440163
-42.573486
-77.742317
-119.597290
-172.662842
-237.459778
-281.152588
-310.755707
-350.905121
-378.271851
-399.447021
-396.595886
-372.443665
-336.699921
-302.384186
-270.929108
-222.521545
-190.899612
-153.594086
-127.102859
-95.024170
-75.331825
-67.664291
-54.921558
-53.375031
-55.591869
-44.603943
-46.357765
-43.266201
-37.758209
-41.005791
-38.139309
-49.044853
-68.033463
-82.055122
-95.286354
-109.145424
-103.547211
-85.074974
-84.243446
-78.471809
-69.309204
-63.992355
-66.924843
-66.675392
-65.215645
-67.265617
-55.701458
-45.730751
-36.184498
-20.341290
1.565826
7.211464
17.259470
31.758093
20.350784
8.198024
6.310588
2.397606
1.324369
-5.961410
-7.334979
-10.250844
-5.858487
0.482403
-28.820665
-67.834290
-102.487350
-132.400696
-133.955933
-122.670120
-108.230507
-95.277580
-88.832024
-112.141319
-109.147926
-98.181847
-97.530220
-98.377609
-105.418037
-124.681419
-134.842056
-134.061569
-119.750015
-122.783188
-120.993088
-119.737152
-115.750366
-104.327393
-109.403580
-121.601028
-135.657440
-149.557159
-148.809570
-155.852905
-157.322311
-128.997635
-83.530022
-56.258911
-50.744270
-60.875885
-67.376213
-55.838165
-49.984962
-39.146214
-34.998211
-46.735764
-73.043327
-88.629669
-105.292572
-130.811783
-170.045059
-198.784027
-207.556870
-209.285522
-2.253222
-6.455083
-12.153304
-18.362694
-23.989809
-29.105501
-35.278130
-41.717258
-47.897816
-61.688480
-70.282700
-66.950363
-65.985497
-74.068382
-75.363770
-83.598083
-97.197098
-99.437904
-93.066086
-86.356834
-67.115341
-51.004230
-41.765514
-37.813911
-41.824898
-52.757980
-58.035053
-61.946419
-64.785477
-61.365009
-53.456173
-48.629902
-37.491261
-24.179583
-16.391304
-17.130003
-15.270340
-14.388866
-11.869387
-7.824302
-4.385461
-1.364348
0.068891
-6.307735
-10.477579
-15.928999
-29.811497
-49.205578
-62.469570
-76.037514
-79.555099
-72.716133
-60.446487
-50.683002
-37.865589
-28.649916
-26.644331
-25.429167
-19.334618
-20.013269
-30.497160
-33.816616
-32.026859
-45.826401
-42.750034
-40.353081
-44.597664
-47.565769
-36.993996
-30.263037
-24.913057
-14.891226
-6.215825
-5.308050
-7.632052
-13.688611
-23.095661
-32.377769
-33.930092
-32.117428
-27.055841
-27.030468
-18.956362
-12.074413
-17.178722
-17.819643
-17.053495
-17.736437
-15.705359
-9.487529
-4.812020
-4.190867
-6.710473
-10.265207
-17.783710
-29.284437
-30.767982
-31.394590
-35.714355
-38.043129
-42.444035
-44.579430
-49.167439
-49.985512
-44.126015
-36.844860
-27.694958
-27.788660
-30.439991
-24.828213
-18.421679
-14.893513
-13.550173
-17.741316
-19.957624
-22.827900
-23.191772
-20.074781
-19.629068
-20.640018
-16.779665
-19.760069
-24.550264
-41.610043
-56.728680
-59.707062
-66.322342
-76.528160
-80.783386
-71.022667
-60.472843
-40.911427
-20.097574
-11.237528
-12.276592
-15.599503
-21.961555
-33.812920
-39.076679
-34.669231
-35.048752
-39.002815
-44.154209
-46.634892
-49.397697
-49.970387
-41.762218
-38.218643
-41.210381
-52.387852
-71.708954
-86.941719
-97.731117
-100.383263
-100.339500
-98.434196
-93.981110
-94.008667
-98.635231
-104.247253
-112.973900
-134.013504
-160.580933
-184.996017
-187.329926
-168.390167
-141.890457
-109.246086
-81.904175
-78.418404
-86.714279
-99.824593
-108.085373
-94.217712
-75.208481
-54.795349
-38.460861
-32.094585
-40.296436
-56.253632
-67.907555
-68.079735
-55.803646
-42.258892
-27.627415
-14.955171
-17.695995
-20.740755
-22.066940
-26.489077
-29.898304
-25.384327
-25.817331
-22.974695
-22.778589
-19.501949
-19.617136
-20.981239
-25.526978
-25.523550
-18.237009
-8.166884
3.311382
12.144953
14.797473
6.112104
0.880042
-2.760654
-1.856978
1.117606
1.066572
0.943985
1.391530
-2.650359
-9.088300
-17.735411
-25.440571
-44.000946
-48.167461
-49.800655
-43.621796
-38.671352
-26.426304
-19.785545
-30.500755
-22.997723
-15.383808
-8.087813
-7.260500
-8.738930
-16.496586
-25.783897
-34.775414
-31.789234
-31.881388
-38.033554
-40.747688
-44.459339
-47.230659
-40.998383
-35.646038
-40.151558
-38.577671
-39.863045
-44.999130
-41.589420
-33.719475
-26.411421
-20.870499
-18.192043
-19.088718
-21.567524
-25.902782
-26.712757
-21.601282
-19.959467
-21.658655
-20.711603
-24.931128
-35.314079
-50.962620
-59.686031
-61.347683
-54.673687
-43.085751
-26.786064
-15.099693
-8.300442
-3.237123
0.799387
0.849198
-1.834294
-7.243259
-10.999172
-13.026921
-13.822264
-17.223289
-13.016259
-13.991624
-14.405307
-0.225530
-1.220477
-4.351525
-10.315869
-18.709053
-25.349621
-27.791277
-33.291504
-38.344368
-47.400021
-60.953804
-94.310181
-133.620071
-180.944397
-229.374695
-261.583221
-290.351898
-300.840332
-289.136658
-265.928253
-244.065781
-224.353333
-212.688614
-207.784714
-213.635254
-201.176147
-190.793472
-185.962418
-186.026657
-169.277359
-139.198639
-107.025116
-73.284393
-49.250309
-38.127064
-30.925669
-31.411421
-31.372459
-27.915485
-24.878284
-23.553373
-22.568874
-15.360649
-9.393143
-8.149603
-3.089398
2.640076
7.859859
9.433007
10.040695
4.965340
1.118674
-2.621536
-5.212277
-9.531639
-8.457994
-5.263827
0.167129
-13.174336
-24.393270
-43.786240
-53.538921
-51.254101
-46.049248
-39.661209
-28.871189
-32.736286
-41.376907
-40.808151
-43.661030
-43.520134
-34.140663
-27.345148
-36.022766
-58.756794
-81.260262
-104.905197
-116.134239
-132.126541
-138.661575
-124.136261
-111.960709
-110.263817
-97.899254
-84.044136
-71.209427
-56.977104
-42.201694
-34.798046
-25.180586
-15.812675
-14.347929
-12.689544
-15.016760
-19.160631
-31.078074
-29.526625
-25.363287
-35.756809
-44.909863
-46.762524
-52.631916
-73.219803
-71.169922
-48.320728
-36.160038
-31.757027
-29.033998
-29.018496
-29.284779
-32.451580
-35.938225
-33.882259
-37.963684
-50.421242
-61.859356
-70.091110
-72.738914
-73.413338
-96.586510
-108.591393
-131.964020
-159.774384
-167.674988
-142.945190
-129.387238
-112.465248
-93.700134
-68.638153
-46.250973
-24.552271
-10.921791
-1.741152
-12.783121
-18.688866
-25.715158
-32.298710
-32.851089
-29.295456
-26.732721
-21.528477
-21.971628
-20.496298
-18.100157
-15.636738
-17.505144
-22.335062
-29.842340
-31.890177
-35.523773
-33.839596
-32.731796
-43.528080
-57.784199
-65.485428
-74.328690
-83.243027
-90.678162
-98.820801
-100.911858
-100.560486
-117.608551
-129.231430
-155.489868
-196.533752
-201.035675
-214.335297
-243.015564
-249.337082
-269.695984
-305.685699
-316.313599
-297.406189
-276.414154
-247.138992
-225.964966
-214.269394
-204.713394
-196.854645
-193.666031
-195.892120
-190.079422
-158.436478
-114.792412
-80.406601
-48.387619
-33.288639
-30.911455
-32.355927
-32.159325
-31.950682
-32.382862
-29.320452
-31.704674
-30.090609
-28.927282
-30.178852
-34.561249
-46.967663
-62.020161
-64.971329
-71.195473
-77.839630
-81.252243
-77.859886
-77.825920
-71.208374
-62.341389
-53.868141
-52.823601
-52.340881
-54.459435
-42.991119
-36.338455
-22.892460
-17.761969
-18.934847
-38.581120
-39.648495
-35.903141
-28.131884
-32.322975
-22.920029
-13.821191
-4.957983
-0.803359
-4.574210
-12.348657
-32.211864
-60.752369
-102.316925
-127.718002
-148.843170
-158.521194
-156.849792
-153.614365
-146.050613
-133.416565
-127.278816
-128.966202
-115.741066
-108.265686
-94.957016
-87.585045
-73.867828
-65.610153
-60.776924
-56.343544
-55.062744
-58.323410
-57.217312
-58.790985
-59.567146
-61.708149
-60.033638
-62.175392
-67.335457
-74.385788
-81.878464
-88.412460
-91.648376
-80.768784
-61.366009
-43.262978
-24.001257
-23.788094
-23.640757
-26.141474
-28.807150
-30.843756
-27.738604
-30.502028
-38.911266
-51.194286
-66.647484
-74.765327
-80.545212
-87.904732
-106.961868
-125.150955
-0.822303
-2.937979
-7.307220
-13.040649
-20.144636
-25.353733
-26.919376
-27.846111
-29.039783
-34.249245
-45.209629
-64.259300
-87.321381
-107.431526
-125.244858
-134.120132
-155.835754
-163.907272
-160.115128
-139.293777
-120.039352
-103.984512
-88.042671
-80.757278
-79.207626
-87.347420
-99.069611
-114.338646
-129.629791
-129.981323
-110.544777
-88.574463
-66.992424
-38.885715
-25.417210
-21.409502
-20.697119
-21.563433
-21.304337
-21.465765
-23.701746
-20.393221
-12.773237
-9.755489
-0.162317
3.033862
6.478143
7.052050
10.971325
13.351755
10.560817
9.033585
5.974031
3.149833
-1.319747
-6.201619
-7.609969
-9.100122
-17.299564
-21.619764
-33.968651
-27.544737
-23.829813
-18.707563
-13.138898
-10.721022
-26.569044
-33.826004
-22.600401
-9.717845
-2.795842
0.281259
-3.451358
-17.136278
-32.329723
-46.324234
-58.510910
-58.173382
-67.861603
-74.410782
-70.071320
-64.836082
-61.420021
-51.353241
-45.069500
-38.175518
-27.097040
-28.290810
-23.802479
-13.929664
-2.565016
-0.181263
-6.313298
-13.488642
-20.423748
-26.601206
-18.179943
-5.884618
-1.895401
-4.194080
-2.314992
-8.451551
-23.362835
-24.876472
-13.293330
-6.273022
-6.498187
-15.043094
-22.804750
-29.232477
-33.533474
-33.362846
-35.855145
-33.093369
-33.471130
-33.608898
-32.610104
-32.210995
-32.090164
-50.709198
-67.213593
-86.494453
-101.018204
-110.717308
-89.607918
-76.478233
-55.649242
-32.773834
-16.366438
-4.562262
6.297505
2.409289
-6.604285
-20.464724
-23.652378
-25.435221
-23.302563
-20.360233
-13.710041
-14.837985
-14.380878
-16.888689
-16.217905
-11.897541
-9.940495
-13.187387
-13.003059
-17.290443
-16.472614
-16.862507
-20.248426
-26.497496
-34.798386
-40.411793
-44.175861
-45.334976
-49.260342
-55.352562
-65.989799
-75.089218
-80.310547
-89.003494
-89.680702
-100.397812
-120.538811
-110.143921
-105.382927
-116.805824
-120.535454
-142.720428
-176.383224
-192.486710
-178.831055
-165.022369
-139.458466
-116.437309
-97.481224
-83.948822
-79.202171
-80.595825
-95.513123
-109.105095
-102.170120
-89.735268
-67.670547
-42.648479
-29.532827
-25.871452
-27.949270
-26.791866
-23.718809
-24.060873
-20.656467
-20.337498
-19.022358
-19.405344
-19.211864
-23.447144
-30.063522
-37.604450
-36.644676
-32.160416
-25.061255
-21.378424
-14.620431
-14.431374
-13.727118
-16.888502
-20.047457
-23.301033
-21.396912
-22.385363
-16.581068
-12.191107
-8.742636
-6.461293
-6.513584
-19.769800
-18.597387
-23.558289
-5.268175
-1.002509
13.266006
9.725046
5.003838
1.746796
-7.525371
-19.298109
-24.264780
-29.891485
-43.931965
-59.894451
-73.888618
-80.911987
-80.418304
-76.554161
-71.588181
-62.122349
-61.165672
-59.996403
-56.408867
-56.288170
-49.977802
-48.055096
-41.656292
-46.862637
-39.195866
-30.888403
-24.842957
-22.827211
-22.233309
-20.809381
-16.529530
-17.052389
-16.734921
-19.612127
-22.823393
-23.790260
-13.388349
-4.770303
5.769018
8.252527
6.475848
-4.043343
-15.389618
-30.479366
-29.089996
-27.853050
-26.603121
-21.951689
-18.432226
-19.197807
-23.761152
-30.012596
-35.446709
-34.801559
-34.335281
-41.387226
-55.987434
-73.622490
-2.677366
-6.239285
-10.949599
-16.524010
-27.256962
-34.933186
-45.819714
-50.835793
-57.975861
-60.035675
-66.583832
-70.375290
-80.201881
-98.449875
-129.231247
-165.299881
-182.847366
-197.545319
-201.910812
-185.268433
-175.254272
-175.605942
-172.042953
-161.391266
-154.033737
-154.394852
-161.771057
-160.188324
-166.132584
-156.522873
-141.532700
-110.648811
-91.965584
-64.953850
-43.618343
-39.956635
-37.713501
-39.780464
-37.350750
-35.916157
-36.447582
-35.723808
-31.167868
-28.078407
-25.305368
-41.708328
-44.757236
-54.072384
-66.062531
-66.603645
-59.384075
-55.529530
-48.626957
-43.068684
-36.625404
-32.509701
-29.701666
-27.586067
-35.684387
-32.156494
-44.351940
-53.725914
-65.873314
-69.778137
-64.137474
-49.453400
-56.637638
-67.691833
-67.534149
-58.064178
-56.704647
-51.936008
-46.445034
-44.799675
-44.649899
-62.959293
-88.680122
-95.541069
-92.399696
-94.989143
-83.846886
-76.553307
-78.563889
-73.606674
-65.283699
-64.078117
-48.611183
-35.721622
-32.849937
-30.970749
-22.928783
-19.171801
-10.318070
-19.146376
-33.037754
-42.848343
-51.671295
-51.309299
-44.474255
-49.776569
-56.931896
-58.181614
-59.586002
-72.440315
-75.116112
-65.024246
-54.058201
-44.707359
-37.732708
-32.471928
-40.824665
-42.462311
-42.114532
-41.702721
-39.852959
-45.344326
-48.009209
-58.986450
-59.318031
-64.517937
-71.648285
-83.552902
-93.359512
-116.821533
-125.983498
-138.416336
-145.555664
-147.154343
-133.313431
-100.081917
-73.529739
-52.206509
-38.426189
-40.864170
-54.154179
-59.933239
-52.435223
-44.563747
-41.245548
-41.315796
-45.329617
-40.969185
-42.646347
-39.424129
-38.430595
-35.957924
-39.619850
-42.918144
-47.290066
-50.159180
-59.674541
-69.186943
-73.970894
-80.309372
-78.914963
-79.132927
-81.767616
-82.216499
-82.264626
-90.798553
-103.592613
-116.640213
-129.111526
-127.489441
-126.513329
-147.582367
-150.235535
-162.771286
-183.059677
-177.776855
-186.548767
-194.429810
-191.665588
-188.246765
-198.230515
-191.467438
-182.203613
-177.740631
-161.041626
-145.685150
-141.093582
-134.162384
-116.155563
-102.370422
-83.886253
-63.632549
-45.828362
-37.414421
-44.178913
-46.775459
-43.732040
-47.260582
-43.137100
-36.799351
-43.796810
-37.233833
-39.692902
-41.475838
-46.284748
-55.307407
-58.645527
-53.172970
-55.917004
-65.003769
-63.230541
-60.187584
-59.434113
-55.623917
-57.160435
-58.134380
-56.487514
-56.655148
-58.223064
-53.412205
-52.314564
-54.736301
-42.221283
-45.495407
-53.372555
-60.718899
-68.468575
-55.034107
-49.188679
-44.783428
-43.219078
-41.989960
-36.233749
-35.861778
-43.392452
-55.812313
-83.472000
-113.475029
-129.476761
-133.773621
-136.632065
-121.815331
-127.006882
-115.720108
-103.775017
-108.156258
-100.871758
-83.797874
-78.238564
-70.769501
-63.955334
-59.178421
-65.990715
-67.059525
-68.600479
-66.534256
-68.387024
-66.316986
-57.566044
-64.895927
-66.697098
-66.197144
-72.153122
-74.113266
-82.354446
-89.062973
-92.920578
-89.203773
-77.049706
-70.938507
-64.889252
-52.735699
-53.053196
-42.885548
-40.413422
-36.078499
-30.111132
-28.091539
-33.817562
-37.705177
-44.608974
-54.790016
-69.828850
-77.641602
-76.363739
-89.942665
-0.266994
0.521188
0.998983
1.760070
3.328448
4.990629
5.170581
4.907605
7.304273
7.469602
3.915250
-2.049715
-14.733660
-44.626774
-90.269012
-131.825272
-164.787445
-183.699799
-189.034439
-183.000671
-179.074921
-183.107925
-187.732422
-190.793335
-194.557678
-190.683990
-183.608047
-178.979752
-181.641006
-173.720718
-146.721527
-116.226341
-83.398949
-45.358784
-16.693094
-0.541193
6.831691
9.913307
10.160947
9.674901
5.937077
3.179613
2.716936
-5.567627
-10.225670
-15.946536
-29.675486
-41.960587
-44.026115
-48.253838
-47.602680
-40.386578
-31.759588
-25.979111
-19.934401
-16.949400
-15.178452
-16.158686
-18.286940
-31.810446
-43.199398
-48.317513
-53.864315
-52.066788
-39.475727
-32.351536
-28.831493
-25.807798
-21.770330
-9.043129
0.049531
0.575885
-0.643940
-13.942394
-37.686111
-70.793312
-93.857147
-111.463303
-120.388092
-119.846062
-104.643875
-97.432999
-92.141029
-79.809258
-68.994568
-57.195370
-45.522343
-33.460949
-25.017988
-17.986067
-10.733760
-9.059558
-6.278063
-11.015825
-17.354092
-26.188425
-26.936411
-28.713192
-24.735239
-25.238108
-27.257643
-37.237270
-43.688938
-47.800541
-47.174454
-35.517086
-25.392036
-17.642939
-16.678827
-20.405577
-25.276579
-34.253597
-38.087036
-37.312325
-39.034180
-40.445446
-45.443226
-48.668556
-57.120991
-65.993851
-77.146523
-85.497253
-100.188171
-115.610466
-130.027863
-141.642654
-148.595978
-144.334534
-130.932098
-101.709564
-61.590569
-26.158907
-6.461325
3.963140
2.245456
1.257037
2.721178
4.018394
5.914684
9.148788
6.751482
4.953115
3.886550
5.357763
6.480866
6.693670
6.626145
2.084636
-5.362508
-13.891435
-28.182940
-41.647968
-46.758404
-47.363945
-42.795731
-32.164600
-16.710075
-10.417357
-7.121106
-7.575078
-10.072706
-20.061457
-27.232990
-31.256699
-32.030556
-31.802837
-51.180420
-89.798210
-133.314392
-158.581741
-186.682510
-196.264969
-195.943573
-189.498505
-191.952545
-203.495178
-216.305222
-216.806641
-203.728821
-186.838226
-172.608688
-152.810547
-129.956909
-105.471603
-75.802200
-39.429871
-17.471186
-2.936591
3.239184
2.734132
1.449005
2.036593
-0.345125
2.081553
3.417526
5.007705
2.584030
2.492718
1.238454
-6.195785
-5.926620
-5.912130
-10.045613
-15.287547
-24.929579
-32.540817
-37.779720
-39.198914
-41.413574
-39.700687
-39.312111
-40.144802
-34.742798
-30.130838
-25.371271
-20.544258
-16.164734
-19.183861
-19.170841
-17.421837
-16.652624
-17.655796
-15.949345
-15.069183
-14.423170
-15.484673
-13.925176
-18.100046
-29.374464
-52.338303
-87.377304
-115.707634
-138.411667
-148.861938
-149.609924
-144.409576
-135.896759
-127.168488
-120.976639
-112.745300
-100.054482
-86.395172
-73.367897
-61.032555
-53.644367
-47.285511
-45.320320
-43.340557
-39.823757
-35.626644
-31.921247
-26.992262
-25.724737
-23.287670
-24.458658
-25.507627
-31.275602
-40.375118
-47.536243
-51.053638
-54.132111
-45.650620
-30.154881
-18.541807
-16.682697
-18.837606
-21.688379
-23.391148
-27.392794
-26.936275
-22.924582
-23.212002
-26.573643
-31.543087
-39.267967
-51.713684
-65.833664
-76.468628
-87.508163
-98.349648
-1.014683
-1.972187
-5.797840
-11.776265
-17.612110
-26.546642
-34.081013
-40.394341
-51.723137
-58.221851
-57.748245
-63.507519
-62.893509
-71.977325
-68.867836
-71.266121
-89.867126
-98.023277
-84.873505
-77.976593
-71.784866
-79.263725
-82.390976
-77.082657
-77.626785
-88.097961
-93.246620
-85.729187
-79.647583
-72.735863
-65.549995
-59.045818
-46.328575
-35.033268
-27.113298
-23.134752
-27.665274
-33.811954
-30.176847
-25.932920
-23.595488
-21.965464
-18.210484
-18.430828
-17.343838
-21.924505
-23.489801
-28.895807
-36.730164
-40.276863
-40.201382
-38.129009
-33.454174
-28.517216
-24.271421
-22.515558
-14.409500
-15.745561
-17.098761
-30.684240
-35.657772
-36.428326
-29.635309
-17.157173
-29.065750
-29.548380
-35.747837
-40.860798
-46.558674
-53.778744
-56.035793
-39.787933
-34.784725
-30.445663
-33.041817
-30.278877
-33.151833
-39.488777
-56.876301
-51.157990
-38.355850
-44.510372
-44.528069
-35.743832
-29.806374
-32.366070
-27.506598
-22.871546
-24.154875
-21.108311
-13.713174
-10.838904
-6.669515
-12.712843
-14.177577
-20.159435
-32.221645
-28.957212
-36.851868
-32.106850
-30.574049
-27.321051
-42.376293
-52.181911
-54.478260
-36.582649
-28.308912
-33.872364
-31.777328
-38.007000
-35.200077
-26.735109
-23.839205
-22.403280
-20.912710
-18.269960
-22.514565
-25.289631
-36.763721
-52.074429
-55.251289
-59.393383
-46.142952
-46.417789
-64.016655
-70.447914
-79.192131
-83.016396
-66.829079
-43.204296
-35.546707
-27.828176
-23.117762
-23.075577
-32.639339
-28.631012
-39.291733
-38.940952
-42.284328
-31.727234
-25.065989
-29.586349
-31.746099
-32.743221
-27.517046
-26.797014
-24.008141
-26.300865
-33.013077
-37.152672
-32.671566
-42.114262
-52.237015
-55.062973
-55.114975
-54.886330
-48.780075
-52.546394
-53.236980
-51.042046
-52.256050
-62.166656
-73.930725
-84.021393
-102.164482
-87.233528
-76.815208
-69.015221
-101.780464
-98.749390
-98.709160
-86.087448
-79.721397
-75.389267
-87.118408
-95.371658
-94.284729
-95.229187
-96.983406
-79.835892
-84.966621
-82.905052
-73.333946
-67.790512
-44.986465
-30.103973
-22.082451
-26.653282
-33.101997
-36.815613
-41.104733
-36.497585
-35.985146
-33.210758
-33.281734
-29.290728
-32.875896
-27.568317
-36.714596
-42.898552
-43.130356
-44.631512
-47.203583
-42.360508
-37.825813
-33.322281
-32.965740
-40.129955
-37.246437
-35.262436
-34.769623
-35.313919
-32.456783
-28.319784
-24.325430
-24.430450
-31.837166
-38.484100
-37.562649
-31.566202
-28.192059
-34.384655
-39.973183
-26.592699
-25.293636
-25.723076
-16.026304
-26.164341
-30.790136
-29.913130
-40.656971
-50.159264
-62.470284
-71.745308
-61.402515
-58.916035
-53.489017
-47.938133
-52.238533
-52.908562
-45.153114
-48.882690
-44.648960
-38.124138
-30.430796
-28.845362
-35.297604
-41.923309
-42.393997
-45.601990
-45.858257
-46.512257
-48.334717
-51.539467
-47.647976
-49.328449
-49.939854
-56.131855
-58.300129
-63.068207
-66.176018
-63.168640
-65.713760
-46.049023
-29.021852
-33.848354
-37.646690
-36.876633
-30.094021
-19.168245
-14.970986
-12.165478
-14.077392
-24.023760
-29.494671
-31.375061
-36.005692
-45.979218
-56.358585
-63.204967
-3.521011
-9.191890
-15.980259
-28.180395
-46.672783
-61.345833
-75.140564
-87.338951
-92.568459
-101.812454
-100.952286
-110.297913
-122.585419
-131.629288
-152.624146
-178.397751
-196.780777
-214.874313
-223.048660
-213.982590
-198.351288
-179.825607
-177.541656
-174.219040
-167.044312
-167.105530
-182.386520
-180.766144
-177.112213
-183.918213
-168.285202
-146.513229
-105.313370
-89.206558
-79.524124
-69.007736
-68.537369
-67.903107
-62.057281
-53.867050
-46.014847
-42.371540
-42.372669
-40.555008
-37.685184
-39.718555
-52.984898
-49.730614
-61.246731
-69.702171
-65.439262
-61.755474
-54.123615
-46.085793
-39.347054
-37.519855
-37.204350
-39.680447
-47.656712
-50.608074
-56.786648
-68.164177
-52.702209
-55.462135
-56.116669
-53.907711
-62.930527
-83.961205
-92.096138
-112.320450
-101.216606
-74.628677
-54.836063
-57.426231
-56.736900
-67.462303
-83.070763
-97.199760
-103.386375
-106.695549
-86.493164
-83.601761
-89.637611
-80.692284
-70.702293
-64.422142
-62.485249
-49.311161
-45.363079
-38.463253
-26.846361
-27.018164
-19.828848
-16.372454
-34.042004
-42.246277
-53.372135
-67.015976
-59.823162
-48.807606
-42.359379
-62.093727
-77.829475
-78.254364
-90.366814
-99.780930
-83.566772
-72.132980
-67.068840
-62.358021
-60.779037
-61.589901
-52.151112
-48.463943
-49.573681
-47.536972
-52.145622
-66.597641
-73.650322
-81.604599
-102.669022
-111.585609
-137.462891
-141.278275
-145.324112
-164.403763
-155.745911
-139.372345
-117.267250
-84.692055
-71.214157
-59.908802
-63.176823
-56.199730
-61.930065
-71.122139
-78.926979
-75.986298
-67.512726
-56.253822
-47.550812
-47.674770
-46.463886
-46.601109
-50.700924
-54.653912
-56.621944
-56.616150
-51.773426
-55.252983
-64.639305
-77.945145
-97.687080
-109.843994
-113.612976
-110.304466
-109.446365
-112.781815
-113.746849
-115.771767
-122.288261
-129.602142
-143.029800
-153.120483
-158.110321
-166.469269
-171.250092
-172.056229
-181.566833
-185.417068
-212.085434
-212.294327
-215.947052
-217.043518
-212.229172
-210.553146
-201.029877
-188.432175
-195.396820
-187.334778
-180.064453
-172.470764
-157.247665
-130.518188
-102.988518
-76.302681
-69.541008
-74.834763
-73.029900
-80.675621
-72.593422
-73.403320
-68.621124
-65.071068
-62.592533
-63.930359
-57.394180
-65.826195
-70.307121
-71.906021
-92.006050
-104.335800
-96.603981
-89.084961
-74.931503
-68.955772
-64.939751
-56.627850
-57.308441
-50.699318
-51.184875
-51.696732
-50.322777
-48.689548
-49.080776
-44.328964
-42.775101
-51.105644
-58.647007
-56.947178
-66.999374
-60.066177
-53.713966
-46.503761
-46.487244
-45.315617
-40.906254
-51.852604
-51.704636
-59.751781
-77.806770
-99.178856
-115.811478
-131.065231
-133.011551
-121.151787
-112.414848
-104.455933
-98.715240
-108.086037
-102.349709
-94.030952
-88.197784
-81.159813
-74.485359
-73.359787
-76.307426
-93.911751
-96.776657
-92.001526
-95.440308
-97.100739
-90.869087
-97.854034
-97.402473
-98.710197
-104.312271
-108.528038
-112.732857
-115.560860
-110.259277
-104.491196
-104.887611
-97.996895
-78.678665
-71.022545
-67.273872
-60.534126
-50.278759
-43.225124
-32.889477
-28.988813
-32.763378
-36.558662
-45.741398
-60.793892
-73.015190
-86.333672
-100.254715
-121.337959
-1.400400
-4.071352
-10.544285
-19.792974
-32.662548
-44.188019
-55.487148
-63.212772
-76.196579
-90.836411
-96.869377
-100.014557
-104.334061
-110.508560
-101.470123
-90.658897
-79.725449
-68.106796
-57.379559
-54.255390
-41.819950
-27.490833
-16.359339
-13.004654
-15.251855
-24.476419
-32.658287
-27.402130
-19.810410
-3.043100
14.983655
26.207134
29.465576
14.933054
-6.639390
-25.488363
-38.411556
-46.987114
-47.326946
-45.239590
-39.532616
-29.420757
-20.942120
-12.962623
-5.241157
-6.894696
-13.132818
-18.259748
-23.362291
-29.408039
-28.585094
-28.875326
-27.991650
-24.527674
-21.046606
-16.806890
-9.658442
-4.974871
-4.588881
-1.570801
-2.579354
-6.625378
-2.805033
-8.364102
-12.400993
-10.401972
-9.900456
-7.214304
-3.559204
-9.935616
-21.261349
-27.300150
-23.639874
-24.241024
-24.103392
-15.380953
-6.505963
1.497776
3.855801
-1.395499
-7.536113
-6.942727
-4.934197
-3.208227
-2.950677
-2.321071
-1.902329
-0.295567
-1.072841
1.262792
4.542420
5.142117
0.062062
-0.518465
1.556620
1.238830
5.777329
5.763922
3.599925
-2.687645
-9.123628
-12.041929
-23.344681
-25.747616
-21.354710
-16.139750
-15.014957
-8.496497
2.545071
8.964511
13.987646
17.355503
15.871487
15.237232
12.380672
13.528320
12.968681
14.041182
14.982416
13.057770
8.521086
0.459342
-2.926507
-14.839272
-19.708380
-21.085777
-12.307245
-1.934557
2.969715
0.846950
-13.999454
-29.495205
-37.764442
-42.502281
-38.077667
-33.728470
-35.028515
-36.222343
-40.094913
-37.044117
-33.556499
-28.927713
-28.523727
-25.044510
-20.209173
-15.955294
-15.433864
-16.359699
-19.075394
-29.840609
-44.613426
-58.656036
-72.798454
-86.318260
-89.037918
-88.520416
-95.562225
-105.864540
-113.725395
-123.896378
-131.944839
-134.895065
-137.326721
-146.124573
-155.461426
-142.033630
-134.085190
-118.600868
-92.247887
-71.474319
-77.406601
-72.522804
-67.621895
-53.334152
-33.813324
-12.273029
1.539050
16.835522
21.689342
19.344925
8.312864
0.800171
5.642287
16.141571
16.750952
7.258052
-9.183125
-28.588869
-42.395359
-45.336052
-46.999123
-43.456486
-41.188347
-38.720646
-39.484795
-38.795097
-36.446392
-35.221821
-34.872677
-31.063005
-24.953072
-19.709143
-16.850374
-7.599638
-5.486722
-3.127468
-6.027410
-4.461259
-5.443221
-6.404554
-5.390264
-5.529629
-5.125598
-5.278154
-1.237365
-2.154345
-14.957453
-22.526524
-26.687391
-22.054747
-18.115963
-6.215504
5.167898
1.410997
-10.913013
-17.450348
-19.683645
-23.098595
-30.039457
-25.676208
-26.266592
-26.792091
-24.836155
-21.087469
-14.571915
-10.250189
-9.744415
-14.613420
-11.825497
-7.017377
-6.242355
-1.507598
-4.691286
-4.892044
-4.252409
-3.350834
2.094109
8.089735
12.740013
12.702780
11.180051
10.730363
6.345647
5.524933
6.585956
7.171098
5.787852
4.915731
8.382818
5.681612
-0.933251
-14.337825
-31.957323
-40.073826
-39.848835
-30.556101
-17.809530
-5.952919
2.466989
3.901138
1.332755
1.239708
4.881303
5.671777
4.004236
3.557634
4.993232
2.251371
5.137503
10.146610
-1.929305
-4.454114
-9.573188
-13.752051
-17.017246
-20.984066
-30.245178
-35.237083
-30.948111
-31.402750
-25.667976
-26.732357
-34.343567
-73.237938
-142.825577
-220.257996
-275.074219
-320.074463
-335.381775
-322.190186
-295.034271
-284.960083
-275.306091
-273.342499
-276.907806
-275.283661
-277.731903
-295.464264
-303.607330
-297.370911
-265.953827
-222.277100
-164.638290
-105.362701
-51.569836
-30.496225
-14.053144
-3.857414
-2.903450
-2.122290
0.842892
1.110971
-2.150671
-16.891283
-28.119377
-52.144474
-74.365013
-95.412621
-102.901657
-106.864006
-108.954643
-100.374374
-87.424850
-72.310562
-56.647064
-51.509815
-53.339268
-64.794609
-61.319565
-78.483894
-94.371033
-101.515488
-103.220490
-102.429733
-85.224823
-66.284760
-54.825764
-39.204666
-41.265594
-34.988239
-34.584606
-34.070408
-37.525963
-40.857601
-65.544891
-104.075500
-135.505829
-161.873047
-183.484711
-182.419800
-166.403625
-163.972549
-172.001862
-162.019897
-147.403519
-131.219391
-102.930840
-65.902908
-43.260872
-28.033520
-15.915925
-16.492136
-14.074619
-19.486156
-27.996149
-39.717285
-50.376392
-56.233727
-50.242840
-50.459896
-55.271286
-62.424404
-66.792236
-79.002815
-104.313103
-112.473305
-112.707329
-98.889221
-92.803375
-83.392838
-77.130043
-73.421860
-67.436646
-55.901665
-55.596111
-65.628212
-86.565987
-110.167236
-135.373001
-157.611298
-191.209610
-208.272507
-224.174377
-232.523239
-230.242172
-210.507309
-196.631409
-187.234665
-185.546509
-157.176666
-112.687340
-69.492210
-43.120399
-25.566116
-21.022173
-19.148615
-22.103628
-21.774961
-26.459538
-23.617310
-18.779812
-21.354513
-24.517715
-24.233150
-23.393574
-25.982580
-26.069447
-31.582476
-36.811665
-47.346657
-63.724895
-75.815071
-81.322639
-90.653397
-87.399155
-77.308815
-65.109901
-57.980801
-54.227718
-57.511002
-65.307976
-85.220963
-107.198456
-119.524437
-129.085663
-146.439362
-172.191345
-203.251495
-262.929962
-299.014954
-338.554993
-346.304596
-339.090912
-302.701202
-287.480408
-276.182983
-278.351501
-279.654755
-287.689026
-296.487396
-299.557343
-274.966003
-255.723251
-217.685959
-165.540543
-96.625580
-54.642494
-26.814924
-15.568250
-4.754061
-10.497898
-6.973514
-6.113396
-6.798880
-10.636939
-4.156780
-8.395535
-5.284180
-0.473918
3.487882
2.222176
-8.852651
-37.302540
-64.097260
-101.336113
-128.975723
-137.200867
-139.001358
-142.365509
-135.250778
-134.334427
-136.054565
-125.534729
-118.725716
-114.504677
-91.745293
-68.858597
-67.116371
-76.126534
-78.104759
-86.644348
-96.244835
-97.406761
-87.631020
-80.812439
-71.878113
-54.900578
-48.015343
-50.866116
-72.580605
-126.483833
-178.024033
-217.882736
-244.927765
-244.869751
-229.866959
-212.956070
-197.311447
-195.877960
-207.361435
-206.565781
-193.545837
-176.875320
-146.952332
-113.150085
-75.411560
-54.275921
-41.965569
-35.468212
-34.279701
-33.515854
-25.765224
-23.849302
-24.966831
-19.739660
-19.283915
-26.059326
-37.058281
-53.740318
-71.136353
-94.182915
-97.400520
-102.798935
-100.637222
-103.677376
-89.816063
-86.403259
-70.579170
-63.342270
-53.092281
-41.831161
-41.627476
-52.218826
-71.048286
-93.707146
-127.944618
-161.658234
-176.011505
-193.541382
-217.082184
-2.988249
-8.084044
-16.104532
-26.603872
-40.021217
-52.175873
-64.990501
-75.072021
-81.599388
-83.825371
-86.257996
-94.150330
-110.161018
-127.477737
-151.604599
-187.627457
-218.183441
-243.574310
-252.806808
-238.278976
-228.250870
-224.272751
-216.817963
-214.448059
-223.482132
-219.935440
-222.994781
-215.604416
-208.567383
-200.285339
-183.761932
-155.409210
-133.333481
-97.390877
-76.235535
-60.071613
-55.512341
-55.648521
-51.105694
-45.900341
-41.962654
-37.967342
-33.159981
-38.415211
-39.997894
-44.784081
-62.954712
-82.719917
-88.860573
-94.115204
-94.494934
-86.946579
-74.468071
-62.750771
-50.299458
-43.447109
-37.753803
-42.240658
-38.567444
-58.537861
-69.652596
-68.803169
-71.200943
-82.076973
-80.659859
-65.170830
-74.651360
-92.329201
-99.798927
-100.690147
-93.046379
-67.983208
-51.108505
-52.812416
-62.637455
-81.579628
-91.977913
-111.545792
-124.714722
-128.597992
-110.465363
-99.832390
-102.309959
-93.421089
-85.951561
-81.761177
-69.695824
-56.509563
-48.520260
-41.446342
-32.700474
-32.397087
-23.440615
-28.498201
-37.450665
-57.508236
-69.163719
-74.231102
-77.671684
-68.481728
-66.437561
-76.109497
-95.379921
-109.134552
-102.851051
-110.038727
-100.058128
-65.640686
-60.223423
-59.637817
-61.228352
-68.578323
-66.492775
-60.251526
-61.305763
-69.373154
-71.166183
-79.276459
-90.553947
-110.491035
-125.904022
-140.207077
-158.411636
-181.707901
-188.368942
-192.726913
-194.181015
-179.463974
-155.404907
-129.338135
-99.328430
-73.192047
-47.935009
-43.857807
-52.146080
-59.863216
-68.708038
-70.094749
-61.366802
-55.578922
-44.006630
-47.225319
-48.925690
-52.149265
-55.766331
-55.983150
-49.461449
-54.077469
-56.614368
-65.529327
-80.272591
-100.483406
-111.901657
-119.177750
-128.623810
-120.688477
-111.354240
-104.955711
-106.775444
-110.214973
-118.772804
-132.690796
-149.776840
-157.384552
-169.033981
-166.485321
-160.922943
-166.583252
-178.252884
-199.973953
-231.672714
-246.589218
-243.389755
-248.365555
-257.382355
-256.519104
-261.025726
-257.687195
-246.744522
-236.216934
-221.740799
-190.134445
-167.014648
-134.671265
-117.651283
-88.325081
-72.014664
-60.239052
-63.299938
-66.035446
-62.970570
-63.507023
-58.361851
-59.046856
-52.954048
-51.566021
-56.124680
-55.637718
-59.914360
-71.106300
-81.999031
-92.393417
-91.456657
-93.650993
-79.980484
-77.872108
-69.534035
-67.473030
-61.310307
-59.574848
-59.038177
-59.919678
-56.444695
-55.456978
-56.194126
-49.903450
-44.880283
-44.606857
-49.943970
-50.413406
-45.923771
-53.952652
-46.214500
-43.292919
-46.276939
-41.097214
-42.535500
-40.565849
-52.697945
-66.359528
-91.812843
-114.034935
-134.436218
-147.930466
-151.339859
-147.448257
-131.561417
-124.508430
-121.647552
-118.674339
-110.844543
-107.621025
-100.443176
-94.611359
-86.484917
-87.272766
-92.047585
-96.781357
-104.333328
-105.155846
-102.336021
-105.639519
-101.985252
-102.195549
-100.441063
-104.967957
-111.299309
-119.475281
-126.709389
-130.732895
-136.964386
-133.813202
-127.380783
-105.992188
-86.736847
-67.129028
-61.746490
-60.029690
-60.157650
-52.166557
-41.188259
-36.732624
-40.384308
-47.803761
-62.367107
-76.998589
-94.544167
-109.793945
-129.768082
-145.051025
-1.804660
-5.441410
-12.873232
-21.146435
-30.667677
-39.998940
-48.121838
-60.276897
-66.706848
-68.004082
-68.112160
-71.529419
-67.380630
-60.933769
-57.222282
-50.588619
-44.352875
-44.071621
-44.285713
-48.502262
-47.038708
-31.062302
-25.463634
-26.049511
-25.443344
-20.957712
-15.231917
-1.926973
7.292790
11.082451
1.682553
-12.289657
-25.528833
-32.210018
-35.840458
-38.617077
-43.745312
-50.060440
-49.042522
-45.419258
-38.709332
-32.427971
-25.571165
-21.270859
-15.622664
-20.085833
-26.505117
-38.182053
-52.569759
-59.171288
-59.614994
-58.222088
-54.337215
-47.184982
-40.458263
-38.331951
-31.998173
-26.715586
-25.095621
-16.028545
-9.758969
-3.818806
-1.568768
-2.250566
-9.423359
-12.538859
-18.730270
-24.769987
-30.353117
-31.510250
-35.102352
-36.246082
-33.142006
-27.840940
-18.938362
-13.696757
-12.579965
-10.318341
-11.964965
-17.777494
-20.217218
-17.884710
-12.310870
-2.431547
-1.201021
-6.083129
-11.038253
-17.628759
-16.890774
-13.561075
-7.232558
-6.844527
-8.049527
-7.943397
-13.000222
-17.621170
-23.571642
-23.201372
-19.254208
-17.533306
-19.987850
-29.010798
-44.501705
-41.392998
-37.588219
-30.078789
-22.054174
-17.871645
-19.453793
-27.139523
-34.787895
-29.154779
-18.374481
-9.860322
-4.949753
-0.376377
-5.863647
-15.762548
-26.173054
-33.604599
-35.220043
-28.387747
-21.203907
-31.258781
-50.403580
-66.851898
-62.815994
-42.021801
-24.873734
-15.391057
-16.522820
-30.644539
-38.568863
-40.424587
-42.946205
-46.880695
-52.636295
-55.363358
-53.432713
-51.043739
-42.820114
-36.625832
-36.417458
-36.082932
-34.153690
-31.801283
-34.433685
-32.780537
-32.662300
-37.120964
-44.829773
-40.745888
-32.732937
-29.133461
-23.822245
-28.452148
-42.212887
-51.059589
-57.812325
-66.234711
-73.380898
-79.336098
-86.507355
-90.708595
-92.347198
-86.141380
-74.947624
-58.575382
-41.249897
-28.266176
-31.264566
-35.245407
-46.939758
-58.965508
-57.678909
-51.009007
-41.780670
-28.569513
-19.033937
-16.680216
-23.215820
-30.720181
-31.919315
-35.014145
-38.339954
-36.888500
-38.494579
-39.205303
-46.292816
-47.293064
-43.272015
-43.965107
-40.722858
-38.177483
-39.398792
-40.282509
-37.580723
-38.357162
-42.271885
-39.894245
-42.248425
-40.520741
-36.926998
-26.894911
-19.207825
-21.101023
-22.641222
-23.848875
-27.782734
-29.409622
-27.571461
-27.614965
-27.962029
-26.920454
-32.194286
-33.500118
-35.395359
-34.771591
-29.714891
-28.679195
-28.554182
-30.722349
-33.559685
-35.351120
-38.412174
-36.683186
-32.294025
-22.314653
-12.748657
-9.578052
-8.706837
-12.614753
-12.629930
-15.440697
-13.697244
-9.726991
-8.517509
-8.246287
-5.111700
-2.622944
0.003232
0.808567
-2.710803
-7.915807
-14.884160
-18.842014
-15.592881
-15.803857
-19.297096
-21.424728
-21.538464
-23.098469
-21.766338
-24.494917
-24.364687
-24.309521
-25.371548
-26.375898
-29.147644
-35.875298
-44.985855
-51.424397
-62.747417
-59.758163
-46.926723
-33.246670
-29.228374
-33.428707
-37.279564
-34.758881
-25.960596
-19.335119
-18.137590
-21.412374
-23.777916
-27.238392
-32.212368
-33.248108
-27.477621
-25.968555
-4.885821
-10.961498
-20.680784
-33.040344
-45.528137
-53.202919
-64.067635
-60.624203
-64.701927
-65.231033
-60.421928
-55.312263
-58.137028
-67.277390
-112.348457
-166.272583
-213.087021
-245.684555
-259.472534
-250.477234
-238.978577
-244.095230
-242.900894
-229.793121
-224.066772
-219.071594
-220.175842
-213.882828
-227.836258
-245.221008
-259.727203
-244.915421
-229.742447
-195.784225
-145.000793
-95.289383
-70.448082
-51.603413
-39.369003
-31.097931
-33.568459
-27.361591
-19.353245
-22.211792
-24.829617
-31.530842
-54.476822
-79.915466
-84.044334
-85.206497
-85.196884
-75.242355
-60.414021
-50.394699
-36.545635
-29.121490
-33.753475
-46.467461
-47.292595
-56.818642
-61.603855
-45.574738
-37.077808
-46.112442
-49.107536
-78.343193
-109.436981
-107.025963
-99.018791
-98.023422
-79.604935
-51.388065
-37.602051
-35.766464
-45.309074
-74.365883
-104.098526
-129.828247
-160.566452
-157.210526
-135.980621
-125.603806
-122.603973
-111.682472
-109.435692
-97.909004
-82.022552
-67.608910
-53.233124
-38.937347
-29.788885
-26.491514
-20.089497
-40.278221
-56.482796
-67.808151
-58.739784
-57.180210
-48.142418
-46.633846
-50.644024
-63.685898
-60.766159
-45.775806
-47.156860
-47.390903
-61.569401
-88.866982
-110.417145
-120.634445
-120.959915
-115.614265
-97.882324
-75.084473
-62.181419
-62.101395
-65.709045
-76.145920
-92.540085
-113.012650
-121.383392
-143.610931
-162.216461
-189.752380
-191.608414
-186.084167
-177.887619
-165.181549
-138.595612
-108.386086
-77.540939
-41.895729
-22.975899
-35.939125
-54.487473
-64.315300
-56.364799
-46.159500
-37.165108
-27.167957
-29.536507
-34.520790
-35.813068
-38.559837
-46.019119
-55.333515
-55.824429
-56.263973
-49.215973
-36.186329
-24.213364
-28.576059
-31.102919
-40.039009
-52.404430
-59.590626
-53.223343
-52.571152
-54.633198
-58.370647
-61.969269
-69.880920
-74.441940
-66.041138
-53.847694
-52.174362
-82.858406
-123.864731
-176.607651
-223.334518
-256.993561
-264.226227
-270.399109
-258.369781
-246.471497
-239.507675
-235.054184
-228.293671
-219.933762
-224.332489
-231.367493
-230.524231
-231.483414
-216.520950
-193.403381
-162.019058
-127.388000
-89.446671
-77.194962
-70.458748
-66.980789
-59.433769
-61.980553
-57.294449
-54.258705
-45.571766
-56.463669
-58.321415
-57.598495
-74.503677
-76.494530
-71.255516
-69.157898
-74.685020
-68.239883
-75.969116
-77.992966
-79.911629
-80.163422
-77.455894
-78.288361
-79.839600
-69.878998
-71.583687
-62.736374
-49.021637
-22.821281
-16.215961
-9.911080
-10.093943
-7.241294
-22.625051
-25.573631
-19.793114
-5.572325
-6.676706
-6.232423
3.287595
-6.171331
-37.962479
-83.849884
-126.313225
-164.772049
-183.042511
-186.565018
-179.902161
-162.754822
-150.221176
-142.964859
-146.744492
-134.666687
-121.341995
-114.822411
-104.699966
-100.850449
-98.366310
-106.044113
-107.108093
-106.258919
-102.559097
-104.786087
-98.842133
-98.455933
-100.205978
-99.485565
-99.625671
-103.295776
-100.782837
-92.144218
-73.420357
-57.323669
-44.978088
-33.571350
-29.691885
-47.332676
-68.012527
-80.961700
-88.901344
-88.657501
-71.274567
-48.674995
-39.282108
-42.604053
-45.460167
-56.883942
-77.755791
-112.121284
-130.572144
-150.268784
-165.640457
2.330662
6.409922
13.339805
21.467369
33.079834
43.616848
52.334805
57.783672
61.057571
59.714912
50.740284
33.365448
-2.875757
-63.688538
-151.272507
-228.629593
-275.911316
-300.788971
-319.609192
-310.697296
-297.498230
-294.443665
-298.910065
-292.860260
-290.512024
-296.515411
-305.679230
-304.741425
-311.415680
-294.263245
-249.457932
-175.238327
-104.880470
-30.335255
19.477592
45.445522
50.400291
49.272453
42.503345
38.003719
33.455914
25.897560
16.125217
6.566434
-0.412203
-11.482247
-33.330612
-48.571850
-68.759872
-81.630821
-82.210854
-72.946815
-65.298882
-56.455162
-46.780888
-38.267380
-35.735203
-30.902817
-27.193354
-27.550032
-38.766201
-48.230595
-51.889328
-52.254860
-51.042988
-43.423279
-32.567677
-25.378059
-12.217811
8.419840
30.046232
32.127613
20.706791
-7.868931
-58.081024
-130.318100
-181.547836
-216.608780
-228.853500
-213.867599
-190.425797
-168.437500
-149.013138
-125.114609
-102.782928
-86.288780
-70.307060
-56.593933
-42.048241
-32.944477
-18.136770
-13.579814
-11.046286
-12.028594
-18.827477
-23.554291
-31.168339
-36.734200
-34.375202
-35.875198
-43.340927
-45.278095
-50.030457
-56.369270
-54.736877
-44.223427
-37.022350
-33.588402
-31.417921
-28.046373
-26.403690
-23.627842
-21.257710
-20.882137
-23.714005
-32.153763
-44.024155
-53.700550
-69.192978
-92.746613
-116.871605
-142.007309
-161.067169
-188.224258
-220.917114
-254.454895
-254.299240
-238.104965
-198.633728
-138.557281
-70.816925
-25.552864
11.921649
31.892166
42.031754
41.481262
41.115646
34.371021
31.378464
27.595823
24.882957
24.294180
24.429440
22.293493
19.312820
17.208181
19.192135
20.400049
17.029026
13.101277
6.276954
0.372276
5.801908
18.882164
24.759201
27.400240
31.234665
32.529041
34.200760
34.807068
33.506908
29.949364
26.547213
14.886167
-10.945767
-55.730396
-121.479652
-200.590683
-272.237885
-312.319183
-324.605133
-330.156921
-321.649780
-309.729431
-300.264557
-294.665527
-279.348053
-281.410675
-298.660278
-313.953156
-330.134247
-314.469604
-261.945526
-181.742249
-105.327248
-31.849760
18.006306
44.130692
55.307709
53.985073
52.527233
49.496471
47.986866
46.049957
41.785706
41.241425
37.892727
30.555277
26.119114
20.440390
13.339357
14.595763
21.140270
11.816563
-2.081079
-15.738421
-34.782627
-50.500858
-53.727299
-51.472889
-51.197586
-51.587349
-51.060646
-52.714283
-51.282795
-53.345417
-48.793301
-58.207767
-65.261673
-77.830360
-75.669617
-72.450699
-65.413406
-53.627510
-39.702042
-19.992474
-10.808032
-6.260613
-31.758665
-82.760948
-155.122177
-208.200302
-252.289230
-269.303436
-271.890106
-259.642120
-246.148727
-237.189560
-225.015198
-208.605927
-191.774109
-166.443817
-140.167938
-123.352921
-104.909134
-85.061546
-74.242790
-67.233887
-49.924240
-41.780235
-39.500973
-40.385201
-38.045132
-39.851555
-40.848171
-41.607769
-43.188675
-43.557751
-48.994118
-55.420242
-60.546322
-62.922752
-67.424576
-60.144436
-50.471966
-41.758976
-34.225616
-26.173010
-23.447109
-22.703579
-23.525597
-28.176670
-36.115295
-43.449005
-60.485592
-81.433876
-106.204063
-121.969276
-142.859955
-160.210800
-2.991733
-8.630211
-17.377995
-29.284420
-47.117802
-62.349991
-77.717102
-90.614960
-101.695869
-109.973045
-111.436546
-104.001167
-93.643616
-83.229050
-66.252144
-49.236130
-36.171448
-32.246418
-34.808918
-39.180656
-47.448334
-41.636211
-32.349148
-28.645205
-26.051723
-17.463810
-14.886941
-13.379954
-11.435256
-15.377430
-16.608999
-21.611864
-30.785002
-41.858521
-47.156429
-55.449608
-60.642860
-61.843224
-57.924496
-53.901882
-50.922958
-40.175224
-34.716755
-26.834061
-27.776026
-27.770119
-31.515762
-37.382690
-42.313824
-43.877190
-39.516365
-38.869480
-35.497669
-29.572990
-23.359402
-14.171379
-9.157523
-11.246473
-12.265047
-16.089689
-19.943230
-21.861206
-16.482143
-19.494738
-24.713650
-31.771738
-52.164036
-71.045227
-73.852905
-84.505859
-84.415245
-63.680393
-46.259605
-38.140194
-30.812075
-19.616995
-13.000305
-3.478148
0.045251
-3.001266
-5.038149
-4.468740
-11.883645
-12.582164
-13.177543
-12.412306
-15.685992
-22.488400
-23.343758
-21.013210
-17.690290
-10.337410
-7.922477
-10.332245
-16.290081
-31.218090
-39.540154
-44.312744
-46.252789
-48.219032
-43.024246
-53.322624
-76.569748
-81.917702
-71.375175
-59.524284
-45.267155
-33.129108
-28.232653
-32.876343
-33.103065
-31.639074
-24.534147
-18.125774
-13.443802
-6.355676
-9.892867
-16.923758
-25.460209
-31.538588
-48.355743
-45.349171
-41.316006
-50.329750
-46.327827
-41.360012
-40.598927
-31.495079
-21.303988
-20.631805
-37.650841
-50.797138
-60.382027
-62.085045
-65.182602
-62.392384
-63.870148
-67.785599
-68.017197
-60.428780
-54.244465
-52.320133
-54.645237
-52.920624
-48.523048
-43.626598
-45.578953
-50.178715
-56.184124
-68.313950
-77.745842
-87.932289
-100.453850
-112.566589
-113.089096
-108.459679
-106.447548
-107.625053
-110.693428
-120.257515
-129.281586
-138.534866
-153.079254
-157.479355
-155.526962
-145.756409
-121.049850
-88.907356
-54.891582
-21.154675
-21.289700
-27.357407
-41.562183
-64.197044
-83.715714
-90.650314
-96.232567
-74.747406
-48.245903
-31.071091
-19.255194
-13.621936
-20.678682
-27.481936
-32.076180
-43.347000
-49.126495
-59.172947
-70.580475
-72.457642
-75.356644
-72.852043
-68.108902
-64.326920
-64.032204
-60.001781
-58.821789
-60.667290
-65.535492
-71.416260
-69.099144
-72.864151
-71.166389
-55.785725
-40.885071
-28.455479
-21.557835
-20.469070
-26.849991
-23.835703
-23.615932
-23.803749
-23.741669
-24.976297
-23.653355
-20.673903
-22.791330
-22.347618
-27.298227
-23.008091
-32.177708
-41.228432
-45.325054
-50.036190
-51.608212
-52.935818
-46.239929
-43.378231
-36.202057
-29.634939
-25.297400
-21.357519
-17.678589
-19.602545
-18.429926
-15.521806
-12.087854
-8.040708
-7.463550
-15.363031
-17.052891
-14.562849
-21.961914
-24.457125
-27.645638
-38.606918
-43.985405
-49.931900
-58.690445
-67.694298
-68.343903
-67.789955
-71.766106
-71.660133
-71.744705
-74.737328
-82.219162
-88.798447
-93.296921
-100.974037
-105.968590
-90.113747
-72.512894
-61.505245
-47.431664
-33.889931
-34.820293
-36.161755
-32.866032
-28.489191
-19.850206
-13.132544
-9.452525
-7.070693
-9.114110
-23.892721
-35.805885
-42.181076
-47.978466
-45.273518
-5.541689
-11.108449
-18.107195
-26.638863
-41.128014
-48.750118
-59.486755
-68.137444
-77.478447
-82.941772
-78.653664
-90.678513
-94.449966
-119.858627
-149.741776
-169.501831
-167.628464
-176.581879
-189.241959
-184.628616
-174.815308
-161.870667
-162.439056
-166.891266
-166.299973
-164.963425
-168.963333
-163.086121
-171.306534
-157.556900
-143.949402
-123.427269
-92.604355
-66.071083
-53.532757
-53.267059
-54.854214
-56.515850
-51.246029
-46.062878
-44.085922
-39.149170
-34.970966
-35.081299
-38.070656
-46.235455
-57.622158
-65.229172
-63.760513
-71.409920
-67.779343
-63.946568
-54.687683
-46.567707
-40.719769
-35.663555
-36.700779
-40.062561
-42.043365
-47.804600
-51.461056
-58.021805
-63.472210
-67.879181
-63.387196
-56.234859
-66.970917
-74.948189
-66.014725
-76.612091
-80.116211
-64.956367
-49.971584
-45.566948
-67.315399
-89.729256
-85.661476
-88.489120
-97.460945
-100.172073
-78.452133
-82.614845
-77.680153
-68.969414
-66.957542
-59.668842
-50.763275
-43.490875
-33.455269
-25.857101
-20.038412
-24.478292
-20.369423
-24.165146
-36.991558
-46.375237
-53.564655
-59.314949
-55.794914
-59.261463
-57.429520
-69.418739
-76.457100
-67.439613
-59.561474
-63.988064
-66.405998
-50.052792
-48.404331
-52.837887
-49.110981
-49.382984
-42.289982
-44.998604
-45.790234
-50.140312
-54.518948
-60.546165
-64.234230
-70.424835
-97.718391
-114.360458
-126.999832
-145.466949
-143.806442
-142.894547
-136.132874
-136.349319
-129.401138
-95.940315
-75.179955
-57.934235
-50.350136
-46.365948
-57.986103
-58.590797
-56.265297
-47.352036
-52.592739
-57.441689
-51.267368
-45.918888
-45.739861
-46.044594
-52.564171
-56.881176
-57.342926
-54.006111
-50.892799
-53.900185
-68.388786
-84.448639
-83.551720
-94.075966
-94.679420
-93.024712
-89.969734
-91.604126
-92.764816
-98.614410
-101.037880
-111.013649
-122.308372
-123.190727
-128.935135
-140.140259
-153.076416
-171.395630
-166.346024
-147.339737
-181.002609
-199.162476
-193.098618
-186.713013
-176.454926
-176.381027
-185.176758
-185.047638
-175.206696
-166.042938
-168.345642
-144.378357
-122.566635
-111.340919
-87.384682
-69.867920
-50.108921
-56.676018
-62.415489
-65.164543
-61.155735
-63.152088
-57.860600
-54.450359
-52.775799
-50.204132
-51.434036
-53.366215
-61.978077
-72.122032
-69.139748
-75.004662
-72.856468
-68.304634
-66.981010
-70.761993
-64.818069
-53.602325
-52.186764
-49.950867
-49.844933
-50.658134
-48.788204
-46.579411
-44.350826
-47.910610
-45.054615
-54.821011
-59.939816
-57.046585
-59.057545
-45.995731
-40.241741
-40.425957
-35.847759
-50.089809
-35.173870
-33.841320
-50.138744
-69.147232
-97.729301
-104.979340
-114.241341
-121.146919
-127.542679
-121.135025
-110.124336
-106.581932
-101.278496
-94.116890
-92.599716
-84.370995
-76.736763
-71.721054
-73.405365
-72.748405
-63.389912
-66.296394
-74.862488
-83.464737
-77.384552
-75.263794
-73.027206
-75.186447
-75.951698
-79.785957
-85.431160
-89.426018
-90.287231
-93.716362
-92.865540
-81.276161
-79.123207
-70.161980
-73.041672
-54.034828
-51.120575
-46.319702
-39.052467
-30.037617
-24.614470
-26.022026
-31.524096
-30.836649
-39.700504
-63.997078
-79.681580
-84.870789
-95.592514
-106.196571
-0.766800
-1.627659
-5.819153
-8.520772
-10.363127
-13.072744
-14.808852
-17.958538
-20.231434
-24.203323
-29.964638
-33.695175
-40.952557
-54.998066
-67.527908
-88.638321
-107.661964
-116.103798
-121.671646
-115.578789
-104.012016
-100.759109
-89.437256
-87.609802
-85.535423
-71.924622
-71.087784
-64.472153
-52.659809
-45.618214
-41.513947
-49.831345
-42.346329
-31.977501
-28.725815
-24.960911
-21.200855
-13.388177
-12.971822
-11.434787
-10.757943
-7.821972
-7.342047
-3.351612
3.286331
-7.492126
-19.763241
-37.539684
-51.043877
-55.237801
-56.106888
-46.320511
-36.892441
-31.432228
-23.464632
-13.789399
-6.019522
-1.732409
3.171420
-8.708036
-6.016493
-11.156052
-21.873440
-31.144976
-27.818100
-25.816849
-31.300394
-34.601379
-35.126179
-36.254875
-24.984596
-4.866350
2.020499
-10.379086
-16.071009
-31.017912
-33.660477
-38.786438
-46.264542
-40.284992
-26.946600
-27.869240
-27.835972
-24.314041
-22.627281
-20.799206
-22.688051
-21.034590
-14.742530
-6.348912
-10.258746
-5.169636
-4.124790
-12.150250
-13.632202
-23.420071
-17.141830
-20.558376
-21.804358
-3.795869
-4.334001
-23.697908
-46.146732
-51.223202
-45.292206
-34.872753
-25.881138
-3.829678
2.397250
-1.085956
-7.722713
-18.360046
-13.748594
-16.367090
-27.938171
-36.551403
-36.083191
-33.494923
-28.822617
-33.340374
-26.298742
-23.324526
-39.606632
-52.873787
-60.328068
-75.325439
-75.165771
-59.076210
-49.891575
-50.765305
-46.158154
-34.333630
-24.343615
-22.766174
-19.822662
-21.253105
-22.417919
-16.265799
-16.110510
-7.419652
-0.230158
-0.340474
1.973334
-1.138578
-6.245949
-2.928861
3.082609
0.363857
2.156345
-7.738666
-19.371178
-22.091272
-28.343180
-26.707693
-34.444740
-45.844917
-42.347698
-39.221798
-40.636219
-34.017113
-35.205307
-45.896111
-50.899082
-58.272636
-57.191959
-51.302139
-48.785992
-60.474144
-54.642979
-79.240364
-104.512779
-116.156693
-120.713882
-124.559982
-132.960724
-129.145752
-128.030243
-112.061119
-94.497040
-82.005547
-58.767834
-30.528301
-13.473789
-20.165678
-29.116426
-18.425993
-21.369690
-21.449940
-25.115551
-12.675193
-13.438667
-13.896894
-13.324394
-17.002878
-11.232353
-12.073681
-15.605116
-12.414992
-15.071790
-20.586666
-26.914234
-37.101524
-30.789986
-30.130566
-17.031609
-16.616020
-18.644081
-27.530521
-19.283878
-16.569193
-18.809021
-19.520277
-16.201588
-20.027393
-13.563910
-6.875893
-1.621886
0.223030
9.405233
6.798419
17.344093
0.369274
7.235604
5.552712
-2.573494
-0.272289
-4.361014
-8.771323
-5.071321
-21.491669
-33.400826
-34.968578
-43.561378
-47.859722
-43.882977
-45.029881
-38.349804
-35.262558
-37.745636
-35.484303
-30.550587
-27.821592
-18.197672
-28.352076
-28.866999
-27.254715
-36.529819
-43.125362
-48.598351
-38.773956
-43.336117
-44.335670
-45.594551
-41.984585
-42.980408
-47.939278
-47.411327
-53.985855
-60.609806
-57.148415
-59.895630
-49.798504
-45.011086
-28.402155
-17.412842
-6.389958
-5.484928
-7.198445
-11.885900
-13.934110
-11.281940
-12.208909
-16.530302
-18.005371
-19.273499
-21.133011
-21.770535
-18.028973
-24.968761
-30.852118
-1.192388
-1.977928
-4.377613
-10.364662
-16.300505
-24.127855
-30.508810
-39.104385
-41.564148
-45.134983
-49.049023
-60.202217
-66.820137
-77.957344
-85.760864
-103.850403
-117.850830
-127.039619
-114.837440
-112.833160
-113.772736
-101.654228
-96.748711
-102.073196
-106.123459
-102.495087
-104.663757
-123.685379
-120.272095
-112.768753
-78.734276
-72.399796
-53.553085
-35.490318
-35.969494
-29.396549
-25.907301
-28.971825
-27.578030
-25.246164
-21.260317
-25.208771
-20.667315
-24.418842
-25.016228
-24.870388
-39.720318
-49.908806
-55.907055
-56.604584
-60.958427
-55.341991
-49.280968
-41.380344
-32.726986
-33.795326
-29.278015
-26.971140
-20.614950
-32.843605
-34.628448
-48.718071
-49.195263
-32.749027
-30.342537
-36.049221
-29.761986
-35.091324
-46.835350
-55.579269
-51.331322
-40.624790
-28.569315
-30.402075
-46.133911
-48.974609
-52.686020
-58.294933
-62.004936
-57.280712
-55.823608
-58.395432
-55.131462
-48.023605
-41.287125
-34.245182
-36.882324
-30.818478
-26.874792
-15.465838
-13.328650
-17.234854
-11.927705
-10.327179
-19.760674
-30.763735
-44.185844
-40.165955
-38.616409
-31.326687
-25.179415
-30.175983
-44.152473
-55.074108
-51.226139
-44.415779
-41.818268
-35.758362
-29.994902
-23.940695
-23.587866
-32.248611
-36.749916
-30.412090
-32.810165
-35.206440
-40.921078
-37.007847
-41.184490
-53.778191
-61.288162
-72.570641
-92.118515
-106.376274
-111.271477
-110.181252
-119.785362
-106.115570
-82.876831
-65.313469
-52.415058
-43.886917
-35.893051
-21.488905
-23.097086
-24.363714
-30.965141
-33.544975
-31.936556
-28.073853
-22.994694
-20.197836
-22.571167
-28.693663
-32.533272
-34.416828
-27.157097
-26.988438
-25.020000
-23.988888
-31.772772
-52.000919
-55.915241
-60.762966
-61.656609
-55.199062
-48.723976
-52.986534
-55.389095
-60.940990
-64.931427
-74.003418
-79.210648
-87.786316
-98.024460
-89.497383
-88.105949
-83.429504
-95.687576
-114.204292
-122.147789
-119.915588
-122.039246
-130.444275
-116.136436
-114.134148
-115.837486
-121.223770
-114.988739
-102.907547
-97.823120
-96.800735
-85.649498
-71.252769
-55.518539
-36.631210
-30.618793
-27.183657
-30.762314
-36.270626
-31.491362
-27.820522
-31.151882
-29.685242
-25.205215
-23.055212
-27.173212
-26.627258
-26.226938
-31.614449
-40.876194
-44.799484
-54.395023
-45.293510
-43.560528
-38.233021
-39.278618
-37.995937
-32.540882
-33.751518
-32.470036
-33.062103
-28.049212
-29.239847
-29.653728
-28.539850
-16.006037
-31.730633
-43.811607
-42.844170
-33.765415
-38.040737
-29.679705
-30.066845
-22.221161
-27.651438
-40.701260
-28.159462
-34.307114
-42.743408
-47.419514
-63.614365
-75.699837
-80.133949
-80.820526
-80.214134
-68.765945
-64.229515
-65.823776
-61.905903
-59.471619
-60.750061
-48.221466
-37.059418
-43.499165
-51.082710
-38.250412
-38.396496
-47.933090
-54.928375
-44.877914
-43.823841
-45.519390
-45.948441
-43.885273
-47.849541
-49.435371
-52.107746
-59.296726
-58.390450
-59.368980
-52.275623
-54.062275
-58.313072
-52.799583
-40.649193
-29.260567
-23.233376
-24.651691
-21.672043
-18.759562
-19.301657
-22.654301
-25.722891
-29.737541
-40.107998
-43.294964
-48.052135
-62.697372
-80.244415
-3.144984
-7.852283
-14.322062
-22.578939
-30.804501
-35.658676
-37.000572
-36.502926
-34.876526
-40.398655
-49.864235
-67.472404
-85.459984
-117.085152
-164.968674
-207.065887
-251.240036
-281.926788
-289.211212
-270.810364
-251.466354
-234.038254
-226.069611
-226.706375
-231.627274
-226.405823
-233.516785
-237.710541
-251.264481
-251.913406
-237.985336
-206.277985
-169.112259
-117.041458
-77.709335
-51.894890
-41.152275
-32.686062
-27.839294
-25.259937
-28.349131
-25.829685
-18.698956
-20.540735
-18.379847
-12.853795
-11.368545
-12.863578
-6.898353
-3.045049
-3.936931
-4.082088
-5.637943
-7.317109
-8.900910
-8.901347
-18.757225
-30.678635
-35.920929
-43.828049
-49.090950
-46.220413
-40.554443
-41.694881
-36.468254
-43.387253
-75.960030
-101.773407
-101.255714
-91.626305
-77.376427
-43.057972
-21.040924
-24.224415
-37.361156
-71.485733
-104.521492
-130.167282
-153.677048
-160.001663
-141.235504
-125.901131
-108.031532
-91.086433
-84.799431
-76.607300
-63.910301
-58.373707
-54.028252
-44.588982
-31.315174
-29.791674
-23.894516
-29.539001
-41.764042
-62.897915
-60.970154
-52.819637
-54.890850
-58.553490
-54.538761
-58.417988
-76.612030
-73.796272
-66.540794
-66.587791
-67.723763
-59.388874
-65.976311
-70.504044
-72.801208
-74.114990
-71.693230
-66.588882
-65.249222
-69.926140
-74.810310
-79.668121
-81.997025
-94.960152
-106.419312
-126.962769
-152.922638
-180.909668
-186.686157
-177.465530
-163.116211
-144.204971
-114.235123
-82.327316
-45.706089
-19.966873
-5.198645
-17.147116
-29.636011
-43.248096
-44.752949
-40.439922
-37.420658
-31.900944
-29.426922
-31.503342
-34.064400
-39.270283
-45.688812
-53.883373
-49.931747
-46.093838
-41.454304
-37.343395
-35.579285
-42.976505
-53.137314
-65.011810
-78.253197
-85.350189
-81.598000
-78.772057
-76.049606
-69.942673
-68.693893
-83.199936
-97.085205
-109.297752
-121.354385
-120.779900
-127.609848
-159.867676
-179.446518
-207.258820
-258.039825
-292.185089
-290.028900
-286.042084
-275.770721
-261.230652
-245.721970
-239.110962
-243.176987
-252.612976
-266.699341
-266.195099
-239.838593
-192.376694
-151.609344
-101.617577
-72.457039
-56.053230
-47.631920
-46.101822
-46.680302
-40.289963
-42.930702
-41.356583
-37.141861
-37.967869
-40.493881
-46.025803
-63.262794
-84.142265
-92.343452
-95.310036
-83.493874
-65.371696
-45.894253
-32.518181
-19.693251
-14.824681
-6.068797
-4.541716
-3.996220
-4.782684
-1.371018
-2.039365
-0.984473
-3.802725
-6.578781
-11.603841
-17.545204
-21.450680
-20.322861
-21.868719
-10.642943
-6.692550
-9.901120
-6.329125
-6.653035
-9.855164
-29.361219
-56.169209
-94.388268
-126.692955
-157.121414
-172.216431
-173.959717
-165.546036
-155.709824
-143.751999
-136.641830
-124.373199
-113.111214
-108.647881
-97.832901
-91.536751
-97.833015
-109.390808
-113.577011
-116.636078
-117.547180
-114.377892
-109.415985
-110.755692
-116.183922
-115.303345
-115.167358
-118.421654
-119.886826
-118.512894
-114.238213
-111.391403
-106.970604
-95.196167
-81.012924
-69.517700
-63.424740
-63.832123
-65.207481
-67.801582
-67.684860
-58.803036
-46.792683
-44.065891
-51.148663
-56.516438
-62.130417
-68.334511
-77.876846
-86.089561
-115.466110
-138.651138
-2.431767
-6.872467
-13.574819
-20.680786
-27.748295
-30.785591
-31.033249
-35.069530
-35.945843
-41.950615
-62.318504
-86.881958
-106.014153
-143.805267
-198.040451
-246.126999
-293.129700
-327.398651
-331.435516
-319.656464
-309.797882
-296.179382
-282.992645
-289.878662
-295.629669
-279.912842
-264.022278
-248.625534
-229.870361
-194.987793
-163.271774
-130.515518
-99.182228
-73.231865
-55.867474
-48.229794
-38.759060
-34.905964
-35.213497
-36.724079
-40.948875
-43.234459
-33.301788
-27.778187
-17.199463
-4.124471
10.441623
18.152845
14.965503
6.091924
-5.652473
-13.375454
-19.482386
-19.492262
-21.638994
-31.466787
-37.288551
-43.043556
-53.256413
-59.900791
-65.185913
-53.416553
-51.683086
-51.024925
-50.058064
-60.143101
-88.203293
-103.403481
-103.153267
-98.139771
-95.060837
-71.603516
-48.358158
-41.197754
-44.959801
-55.510948
-79.192894
-98.799217
-128.694214
-147.271835
-137.840546
-131.271011
-130.774384
-118.187988
-103.701225
-97.153114
-82.036797
-67.394775
-60.196297
-49.313633
-41.179287
-39.236736
-29.199276
-35.247478
-58.022533
-79.805107
-79.473381
-71.299522
-70.036880
-71.682350
-68.423195
-84.758698
-124.539375
-128.668320
-118.564919
-120.345016
-107.829918
-77.217308
-67.972923
-57.761497
-53.633419
-54.228790
-51.968220
-53.531227
-67.245972
-85.185852
-102.849426
-129.988266
-152.208847
-181.654663
-183.288986
-184.366119
-184.713867
-187.874817
-162.758560
-151.949799
-146.370728
-132.672455
-106.183502
-77.568512
-44.423542
-18.351389
-10.409328
-18.302721
-29.705605
-42.700371
-44.183636
-41.346176
-42.098652
-40.526428
-34.986221
-37.145855
-43.636372
-47.439480
-47.462574
-49.727921
-44.928646
-46.695660
-45.270008
-53.748905
-78.131226
-92.037552
-98.977592
-111.140770
-110.864456
-96.945351
-91.624802
-91.996101
-91.808197
-89.460220
-85.807098
-97.792465
-106.800735
-120.237106
-131.954010
-127.399971
-141.913818
-191.937195
-212.144211
-235.016327
-286.288513
-314.367401
-312.385193
-331.424469
-348.640533
-354.409698
-367.413910
-354.860809
-322.283997
-294.079712
-273.404755
-241.120880
-200.115555
-158.934814
-115.576187
-76.881981
-61.089775
-52.352062
-48.779091
-47.701576
-42.851547
-40.201656
-42.727749
-39.156193
-33.947575
-35.140827
-38.643696
-48.525951
-70.566177
-97.704788
-125.479980
-144.949814
-155.182770
-153.016464
-140.153381
-123.827866
-102.437210
-81.869766
-69.366455
-70.018715
-68.431931
-70.405312
-56.164986
-40.886295
-35.509796
-30.892574
-25.626158
-38.086388
-30.049129
-21.040569
-15.851679
-19.753555
-8.720287
-9.953835
-19.307732
-24.991089
-23.339266
-24.845089
-30.306761
-41.085480
-71.699966
-104.196404
-131.596329
-145.559280
-134.813858
-121.172562
-116.025604
-108.909286
-108.201385
-110.458740
-103.617508
-96.566498
-87.962250
-87.148521
-81.142899
-92.448723
-100.578690
-117.050858
-134.056839
-133.329437
-123.942184
-124.531342
-120.256004
-122.270737
-127.338264
-135.676544
-144.244476
-155.211655
-156.673843
-156.330002
-154.731354
-147.088348
-126.587349
-108.982918
-97.463562
-88.892647
-81.003174
-72.315567
-63.109447
-56.034660
-50.805080
-56.751991
-74.303391
-89.043816
-106.288383
-124.010307
-149.374680
-156.278687
-169.619141
-169.855911
1.215881
3.792207
5.661763
5.868908
5.575086
5.416334
4.608354
0.104664
-7.388798
-17.901060
-28.933430
-48.888180
-70.896889
-98.832893
-122.752800
-134.871674
-139.065918
-135.896011
-136.365692
-131.734482
-129.372421
-129.842422
-135.676041
-136.335251
-139.308014
-132.239960
-125.733124
-113.977859
-107.348984
-86.963966
-57.766884
-23.446199
-2.135841
12.795424
15.450382
13.715710
8.619259
2.477319
-2.516940
-3.804400
-1.456514
-5.340206
-7.855363
-5.822743
-6.740789
-7.336366
-11.163851
-17.255264
-29.168703
-43.573647
-53.951950
-56.210392
-54.364109
-49.384418
-45.093353
-35.766148
-25.414135
-14.704203
-12.826508
-17.803255
-31.726145
-34.062908
-31.326246
-28.691698
-20.098864
-5.559448
-0.449893
-0.898617
-10.877842
-25.247589
-28.954039
-25.728308
-25.772503
-29.983007
-41.846195
-52.774723
-60.850910
-69.490692
-72.004356
-70.390358
-61.207535
-50.029099
-41.047039
-36.943600
-24.499447
-14.868324
-8.481886
-11.116016
-14.451838
-17.224905
-15.814043
-14.928732
-8.263651
-6.259644
-7.321974
-8.503382
-18.962027
-34.829060
-40.416576
-39.919941
-40.721859
-38.622860
-41.936840
-43.274803
-45.780064
-45.771751
-39.668301
-26.176554
-13.941858
-2.278429
4.914198
5.738676
0.794458
-4.161893
-8.875362
-12.298458
-16.719105
-19.110046
-18.277197
-22.263657
-30.767599
-34.424099
-37.540848
-48.999302
-78.399086
-114.691414
-137.104065
-146.511017
-122.321503
-76.755180
-38.635162
-16.886982
-5.179955
4.816497
8.767683
3.362667
-1.757686
-10.363228
-11.706285
-15.197269
-13.947439
-19.275467
-20.583540
-20.687689
-17.067364
-13.478306
-15.614239
-19.484320
-26.066488
-35.120686
-42.971558
-50.402817
-55.832485
-59.287968
-57.322987
-54.277161
-55.915543
-60.836662
-66.846710
-72.619026
-74.859932
-80.487099
-91.182838
-107.237450
-126.214439
-132.630173
-138.455872
-135.277206
-123.141960
-115.439011
-121.755692
-121.546318
-113.659554
-118.414864
-128.540253
-144.256470
-158.855362
-162.561050
-158.098541
-154.282166
-143.933105
-120.340836
-83.565842
-44.015022
-13.016230
6.356439
13.901760
10.944469
8.449972
3.936828
2.693259
0.362401
3.787358
2.545535
3.481380
3.208397
1.878587
0.442309
1.595673
-0.393988
-10.438200
-20.245409
-24.556999
-32.311165
-32.313862
-27.743687
-17.959991
-11.289604
-9.739231
-10.602348
-10.306150
-10.988056
-8.632710
-10.233965
-5.591319
-13.120213
-21.175671
-33.022552
-35.438812
-37.199913
-27.975275
-15.434238
-10.685396
-13.030540
-5.627172
-0.319032
-5.570003
-14.308121
-28.521931
-45.490814
-68.515083
-80.558693
-85.986710
-86.180183
-82.729851
-81.593857
-81.467934
-76.140785
-64.395370
-56.717632
-44.060799
-32.615570
-24.131529
-18.578119
-12.857176
-13.196182
-16.153700
-23.777891
-25.701527
-27.555777
-26.983732
-29.138571
-26.615532
-27.253496
-25.826319
-27.534554
-32.186062
-39.637241
-48.165863
-56.436291
-68.376335
-72.737038
-70.610367
-54.319687
-38.856224
-24.159437
-15.129244
-6.585247
-2.734827
-2.613814
-5.839479
-9.193031
-12.562639
-13.144844
-19.093983
-28.120703
-34.645500
-33.120102
-37.218414
-45.488842
-2.758505
-6.356059
-12.380736
-18.674513
-27.149385
-32.668797
-37.143936
-43.782047
-52.333256
-67.454582
-76.172585
-90.159737
-103.799973
-138.186737
-191.197464
-255.790604
-305.464081
-337.313904
-331.375488
-314.848755
-304.702698
-300.558899
-295.713501
-291.781097
-297.882172
-288.422485
-251.366150
-213.231918
-176.992523
-139.039062
-100.694405
-78.327629
-59.659405
-37.142380
-20.365864
-24.135168
-30.949352
-35.593540
-38.232979
-37.313694
-35.656471
-30.087032
-19.655991
-14.221889
-5.734331
-5.430271
-14.831822
-22.714836
-39.668369
-54.531307
-56.796513
-57.603951
-58.154293
-53.677490
-49.293903
-39.379108
-28.036455
-17.040751
-12.158353
-15.388072
-23.705378
-21.788406
-40.912991
-57.083668
-55.398045
-48.705379
-46.514111
-46.963211
-28.777342
-24.290462
-30.636280
-29.304974
-26.388067
-30.282120
-46.470570
-71.132698
-101.484032
-123.839966
-137.530365
-130.619202
-119.977348
-108.215141
-97.266838
-87.792847
-79.884026
-61.996853
-50.203136
-34.562675
-26.657192
-14.234915
-11.724400
-7.638512
-6.340278
-12.492985
-18.019999
-20.608326
-19.881096
-7.798540
-22.009214
-35.359753
-46.711353
-80.863586
-113.928818
-112.317894
-89.780052
-59.122646
-27.596745
4.035391
17.885380
15.890969
9.632096
5.991534
2.630890
-5.527820
-17.658487
-26.995449
-37.080055
-44.378891
-50.331532
-52.459152
-57.387753
-55.161465
-79.834702
-116.263000
-148.186584
-160.966812
-168.039993
-163.501968
-138.562897
-112.880684
-87.111572
-63.956890
-53.841961
-41.293083
-40.254501
-38.530151
-35.482838
-27.720524
-23.770332
-27.382004
-30.182529
-29.541414
-29.399067
-23.332474
-19.482841
-11.928638
-12.498984
-16.529463
-22.885815
-45.957722
-77.450417
-88.611488
-96.875656
-102.877693
-97.514664
-99.846748
-105.601273
-113.351974
-117.764221
-123.319122
-124.923409
-136.251389
-152.920517
-169.962509
-172.608795
-150.177856
-165.682281
-216.625259
-246.907623
-267.189209
-314.116211
-320.396393
-321.347687
-320.330353
-328.406891
-312.904938
-300.984131
-265.607208
-220.772263
-188.671295
-162.131775
-119.550827
-95.489731
-84.432320
-65.840088
-47.624474
-31.371590
-27.383739
-31.276127
-32.505505
-33.200142
-35.894066
-33.614731
-29.584389
-32.024677
-27.583780
-33.858292
-36.104683
-43.820282
-53.864304
-59.040668
-54.166306
-55.501144
-43.538769
-42.762737
-39.686329
-45.835739
-50.945091
-54.112736
-44.695145
-47.302422
-48.160599
-43.761051
-40.118504
-34.895252
-30.016222
-41.512856
-51.258865
-37.700710
-31.545383
-40.735847
-37.182590
-37.744350
-38.843067
-53.229221
-56.542831
-41.091225
-37.062195
-36.917271
-63.038101
-110.013962
-149.633698
-181.076309
-196.122772
-188.457382
-165.447433
-161.098114
-156.771774
-147.340286
-136.834610
-121.215492
-96.901695
-78.172554
-62.162502
-58.152340
-51.192749
-50.868141
-46.063034
-39.513222
-32.907288
-29.327944
-29.707724
-28.850086
-28.521940
-32.524086
-37.830212
-40.457245
-44.905178
-57.395245
-71.853783
-98.812973
-108.064522
-98.964905
-85.110397
-66.695534
-38.842541
-27.749697
-20.260777
-18.298229
-20.151016
-22.500536
-27.410727
-33.399090
-35.941113
-34.975002
-47.599304
-57.292789
-72.916039
-83.085495
-84.182106
1.827245
5.401169
10.745127
17.719517
25.958534
32.763248
40.477570
42.460545
43.418182
41.816139
37.792850
24.713394
-5.072849
-54.901928
-121.702583
-186.011093
-232.400787
-261.274567
-282.039337
-275.295044
-263.292725
-261.878296
-267.532471
-261.518921
-258.385498
-266.972656
-270.965179
-270.513794
-274.954895
-261.431580
-226.504929
-175.503403
-119.033188
-48.983852
-1.289792
27.637259
34.755718
35.137890
32.747646
31.287586
30.299410
25.929201
16.245117
7.119277
1.354629
-7.521368
-23.489969
-31.988598
-39.731823
-46.172359
-46.540062
-38.686214
-31.975447
-27.213146
-22.012186
-18.891640
-13.752432
-11.496593
-12.548423
-20.508022
-39.236122
-53.709293
-53.820961
-45.659985
-34.454601
-18.667253
1.802881
8.976096
11.688323
18.350843
30.860415
27.697527
16.988329
-8.794583
-51.086098
-108.190666
-154.142029
-184.977646
-199.645981
-195.972626
-175.211731
-156.793747
-142.321594
-118.402687
-95.784882
-76.737823
-59.050537
-41.713634
-29.504354
-19.879097
-7.206635
-3.579900
-1.177210
-1.964549
-3.668463
-3.917416
-9.204390
-17.855572
-17.619995
-18.876881
-25.087446
-27.793077
-27.228941
-27.388184
-20.570436
-1.058085
9.665104
5.489705
-3.318661
-15.280042
-28.255310
-34.064705
-32.518608
-29.892244
-30.732639
-33.053284
-34.021324
-34.051220
-41.724735
-62.718525
-89.931702
-116.800522
-130.761780
-146.553619
-173.360153
-200.319580
-203.123306
-196.111435
-171.776764
-121.063240
-59.354702
-20.633074
3.793221
21.878809
30.572222
34.533176
33.949135
32.101791
30.038839
28.148159
26.096504
25.644569
27.402145
26.384466
24.173134
23.266758
21.949316
18.223446
13.295863
7.550309
1.915901
-0.273173
2.828290
10.526155
11.795837
13.362451
18.090883
20.671278
20.684351
22.420103
23.851547
25.974218
28.549562
17.426079
-8.921873
-38.418343
-87.698395
-149.329895
-212.380829
-258.411682
-287.709198
-305.236694
-295.567261
-270.218842
-246.419907
-239.819366
-226.467026
-221.466476
-228.071472
-232.506119
-248.414413
-243.932373
-213.115417
-166.716873
-112.811592
-43.493477
3.239338
29.070963
37.283195
38.052471
38.128212
34.663883
33.655914
31.925619
32.485836
31.147953
31.914101
31.588768
34.375999
36.392902
36.645622
37.278561
33.886402
23.772882
12.436143
-3.742600
-17.237823
-30.823076
-34.067928
-32.170109
-31.634954
-31.957243
-30.402370
-27.850851
-21.293743
-19.645613
-19.516869
-30.572016
-35.661846
-41.058819
-33.195358
-34.626980
-27.511833
-21.220974
-15.779829
-11.040556
-8.456542
-10.403537
-30.866226
-79.504898
-140.650574
-190.355789
-231.684448
-254.400879
-260.289825
-243.644806
-227.636307
-214.727203
-203.524597
-187.079681
-169.298660
-147.266296
-123.956688
-109.313217
-87.377190
-62.263535
-41.992176
-29.045118
-6.924446
4.194948
5.540745
7.283748
9.876261
9.098208
11.452058
11.375856
9.503601
3.438978
-2.020321
-7.282960
-12.794689
-18.199291
-17.798311
-13.539784
-7.544899
-7.404697
-11.416900
-19.461058
-30.717695
-33.128994
-29.249454
-28.137484
-29.428938
-35.030170
-46.618938
-58.632839
-72.331444
-84.723686
-104.951050
-123.339005
-1.697407
-4.414040
-8.115049
-13.728456
-21.820841
-28.915152
-34.917023
-39.923683
-44.478836
-50.850132
-54.272316
-57.584984
-76.529030
-107.033585
-145.693314
-188.056274
-221.627716
-241.283279
-248.550583
-241.577515
-235.980240
-240.178406
-239.798996
-238.650314
-236.903259
-206.744446
-178.910812
-149.035538
-122.063828
-86.871780
-63.199589
-35.741806
-21.906460
-15.936300
-18.849800
-23.715050
-29.837748
-33.623871
-30.201025
-27.105591
-25.122585
-20.564569
-14.016798
-9.834514
-8.068979
-10.593608
-20.450569
-33.810390
-47.451981
-59.623692
-68.248871
-66.034386
-59.349953
-50.566055
-39.815834
-24.425982
-9.341056
2.143817
2.537743
-1.930556
-19.383745
-29.336174
-34.888844
-34.877811
-24.008854
-15.515636
-27.329683
-36.104385
-40.250168
-47.863800
-49.461628
-32.229034
-18.537476
-16.119684
-22.531111
-37.455254
-52.668766
-66.476341
-78.979836
-80.347450
-72.323837
-62.869560
-57.538860
-49.830524
-38.122887
-25.479549
-16.705702
-17.763929
-25.218245
-26.215290
-26.379398
-23.044533
-14.256072
-12.048919
-15.500282
-25.421724
-31.299423
-32.893684
-33.868919
-40.030693
-39.740143
-51.245476
-87.967087
-104.372955
-95.783661
-80.603745
-66.081360
-25.225264
-1.260123
4.680980
1.137479
3.803958
1.839819
-2.527363
-11.753646
-16.561850
-22.310299
-32.833233
-33.699066
-33.946228
-35.450073
-40.773041
-54.761181
-83.088760
-109.528656
-138.641754
-155.156403
-154.445190
-125.259811
-84.758545
-48.443607
-22.936481
-10.314382
-19.663658
-26.985895
-28.829256
-33.141811
-33.105949
-26.420691
-20.166988
-17.415892
-14.677425
-16.819359
-14.613605
-11.435663
-5.678131
-2.989426
-8.975644
-13.046237
-27.182310
-50.228191
-65.402191
-75.976814
-93.182739
-94.721603
-89.667923
-85.931030
-84.729248
-83.172005
-87.741531
-90.627205
-99.622063
-103.190063
-104.713806
-107.052299
-98.613617
-105.465935
-125.276962
-130.833389
-142.660690
-173.172577
-192.113586
-204.346008
-233.889816
-269.099579
-291.434357
-312.469299
-298.539307
-253.263702
-203.265381
-156.216888
-103.157715
-71.071487
-43.985180
-26.677740
-18.894821
-19.944815
-22.334072
-33.085358
-34.931614
-36.141636
-36.690701
-34.585270
-32.494072
-33.374908
-31.275591
-29.095552
-29.901777
-37.010780
-39.599277
-47.433044
-57.776958
-64.886177
-64.346657
-56.446545
-38.849663
-19.918736
-4.354477
1.655030
0.340479
-0.852260
-1.653661
2.471712
2.184852
7.710835
13.613173
8.781155
4.083818
10.309470
15.789425
15.296570
22.360216
22.758081
25.832813
18.152073
12.831220
10.182878
0.340579
-8.522990
-18.359282
-32.176987
-42.500996
-54.506653
-68.045250
-72.110054
-66.811493
-63.241737
-56.012676
-44.703079
-39.017548
-31.146635
-18.980110
-8.043001
-8.149367
-9.673423
-25.409838
-42.910927
-55.204403
-65.764145
-68.573990
-63.914520
-62.908016
-62.779106
-61.435478
-64.086548
-67.333618
-75.481049
-88.538559
-104.787933
-125.408501
-141.665619
-129.647980
-99.644821
-68.051155
-36.306160
-9.671432
-0.687829
0.567378
-3.553051
-4.774979
-7.045291
-12.271003
-20.143700
-24.374893
-28.510836
-31.348423
-30.860996
-26.015255
-31.127853
-37.812847
-1.563644
-4.317768
-9.750253
-17.702332
-29.582479
-39.398811
-48.501606
-57.251995
-69.215759
-80.351845
-89.964897
-92.341423
-89.839195
-83.190979
-63.016594
-42.974739
-32.878345
-31.555725
-24.389450
-18.764326
-3.122381
12.861429
26.481281
35.651615
37.731880
32.796387
25.272728
19.997705
15.760445
11.886212
12.042432
9.195910
-2.715068
-20.447456
-29.292553
-38.682987
-40.273151
-39.909428
-37.592319
-34.112545
-29.973120
-23.332668
-16.712212
-11.239394
-10.020173
-11.605104
-14.955378
-20.176414
-27.359911
-29.756271
-27.190807
-25.404938
-22.512064
-21.255060
-17.654736
-11.978408
-3.597594
2.928628
4.313719
5.404082
-1.175223
-6.258003
-16.754679
-26.498329
-27.252975
-25.933947
-30.158312
-36.762371
-37.852268
-35.843578
-36.743839
-28.100882
-25.753073
-21.705271
-13.463916
1.919398
12.090044
22.419395
26.418089
26.217625
20.431171
16.583437
10.008041
7.353794
4.682869
-0.060564
-3.842814
-2.860897
-1.153197
-0.699121
-2.782784
-1.341360
-0.899233
-1.451153
-4.713054
-14.756284
-15.289690
-11.040377
-14.121135
-15.529482
-13.239771
-23.943726
-28.476753
-27.420006
-21.999578
-20.575008
-14.688704
-8.338923
-4.536242
-4.699738
-6.169631
-4.351112
-2.283175
-5.131923
-11.248895
-14.509748
-11.796418
-5.609578
-1.335424
-1.543584
-0.449317
3.845876
6.442448
-2.022288
5.937174
20.087330
21.406013
22.076214
11.280460
-9.149261
-37.277714
-48.865616
-50.478382
-42.446041
-34.974144
-35.957451
-38.128712
-41.434719
-39.850502
-34.646931
-30.270416
-30.498611
-29.935890
-30.237822
-31.558538
-29.718651
-31.733162
-31.352001
-28.966621
-34.598392
-39.986790
-44.856155
-59.047707
-73.463310
-87.890442
-99.418732
-106.806541
-111.247734
-114.414124
-117.059746
-122.017456
-135.479294
-150.372696
-170.666245
-179.350281
-161.035538
-135.328583
-98.366997
-59.441380
-26.079140
-30.030617
-28.534508
-31.784754
-19.588842
-12.096212
6.772904
20.937944
36.586346
43.089100
44.503151
43.453934
42.058849
35.552776
27.970745
8.984783
-11.713216
-24.651556
-35.664150
-39.256939
-41.465710
-43.016678
-42.970200
-42.040817
-41.893120
-39.864277
-36.556973
-37.730694
-37.065079
-38.661572
-41.331112
-35.445107
-30.453241
-28.405361
-24.006927
-18.377985
-17.188129
-18.777306
-19.325975
-16.374500
-14.162996
-15.350910
-15.777858
-13.718132
-11.523841
-7.916934
-8.281469
-18.547598
-23.093245
-24.635380
-24.315502
-27.493504
-29.432573
-21.849146
-25.859867
-31.448725
-30.103334
-23.393444
-24.541636
-21.452826
-14.437081
-5.954003
5.067430
13.899052
17.567381
24.580923
22.290117
14.957248
6.589672
3.166148
0.149735
2.512284
2.569941
-6.120564
-9.746106
-16.636417
-17.399458
-21.556152
-21.958189
-23.591877
-22.818058
-22.765408
-23.896980
-27.552132
-28.238855
-27.817066
-27.384819
-24.884779
-19.975780
-20.172316
-20.100266
-25.912926
-29.064413
-32.056759
-34.583954
-25.394051
-15.066525
-9.060817
-5.314569
-3.366709
-2.323150
-0.801771
0.244302
1.065904
-0.952036
-3.661047
-4.543560
-0.280538
5.720192
11.132418
21.538305
-1.497474
-2.694059
-4.874965
-7.347287
-12.258571
-16.336191
-21.039360
-24.909906
-29.417343
-29.423796
-28.992727
-39.313568
-58.770229
-82.293549
-106.502792
-123.316513
-125.270485
-125.505585
-123.376564
-126.996468
-133.917923
-133.883102
-120.954514
-111.074234
-106.886566
-101.058563
-119.290794
-115.882378
-87.015594
-49.185482
-30.955372
-30.218086
-29.194277
-27.147285
-26.944042
-31.527536
-28.990187
-25.899862
-29.142712
-34.750286
-37.778797
-33.959724
-25.362501
-17.096706
-15.929474
-14.202165
-16.369501
-14.200104
-8.489997
-3.364469
1.849214
3.841942
3.313161
6.266392
4.541289
10.879411
13.270852
19.103676
1.365330
-21.042870
-37.774128
-45.634212
-25.958805
-14.066988
-6.083330
-9.017794
-27.913437
-29.739063
-31.332159
-36.660496
-40.231354
-21.708517
-16.517231
-24.435322
-44.610065
-46.759216
-34.326591
-18.452103
-13.680006
-23.685215
-31.000277
-29.126896
-40.664154
-35.463673
-28.018988
-24.846548
-24.330521
-22.460619
-21.520041
-21.718967
-20.333622
-8.839755
-10.421714
-11.534235
-21.347126
-33.967442
-21.171064
-23.650908
-21.324089
-14.123197
-9.257856
-17.676968
-49.822124
-61.849625
-53.597427
-52.096165
-44.428028
-15.909636
-11.969318
-19.893751
-30.316540
-35.700985
-40.274094
-42.308025
-41.015663
-31.029285
-26.510912
-29.467787
-37.277718
-51.056145
-70.123184
-82.018814
-71.687317
-81.695831
-67.043861
-75.565430
-85.562660
-64.503090
-35.748005
-11.037652
0.084314
-4.828516
-18.448008
-25.140310
-14.116414
-15.408828
-16.500277
-18.739283
-24.860285
-19.125605
-10.387016
-6.692656
-12.451801
-14.228007
-11.425032
-9.901474
-14.929357
-15.647757
-11.436373
-10.042699
-9.934963
-26.900734
-49.502682
-68.891037
-72.022362
-54.768497
-40.533100
-40.589077
-45.053581
-55.751694
-62.106209
-57.289661
-45.459240
-37.124123
-34.582268
-41.270988
-58.954754
-74.972260
-84.346039
-86.523758
-103.406166
-109.201668
-114.430962
-137.117035
-161.857773
-175.094421
-190.003082
-163.275879
-114.807465
-72.474113
-33.616760
-22.697306
-29.924889
-39.002014
-40.653694
-32.679947
-23.431940
-32.039753
-35.408192
-33.602020
-35.033745
-33.602623
-33.771889
-30.114428
-25.042181
-25.676683
-23.061100
-26.319763
-35.832954
-40.038979
-51.512867
-72.634590
-87.905922
-91.704063
-82.308922
-61.505264
-42.321373
-33.146015
-36.948444
-40.323948
-37.752815
-38.728386
-34.826580
-36.133087
-18.856672
-10.021787
-0.581262
10.117322
3.184240
16.422977
21.703106
12.707773
16.651724
9.707728
3.505043
-9.656902
-14.412889
-18.463392
-25.977053
-29.200003
-32.164272
-32.105633
-36.184734
-44.129662
-46.840137
-44.075043
-26.904829
-18.877762
-10.905694
-16.925920
-15.230053
-9.637122
-17.644396
-27.942398
-22.927992
-30.303219
-31.105614
-39.260670
-55.282539
-59.877769
-50.908104
-48.221035
-45.359280
-48.482769
-51.990364
-55.041702
-63.653534
-77.486259
-77.661514
-74.367317
-65.389633
-47.006008
-43.238827
-43.444431
-32.615971
-19.861103
-24.696632
-35.026970
-38.032940
-32.007523
-25.927265
-21.233372
-17.685698
-16.522923
-21.770947
-36.481331
-49.114403
-53.702168
-60.225605
-51.106342
-1.831873
-6.666448
-13.185522
-23.597212
-38.784996
-52.060993
-61.446918
-68.942596
-80.155624
-87.938515
-98.171043
-101.181679
-103.908623
-96.342514
-93.441162
-89.861801
-89.596718
-85.286354
-79.282227
-78.026474
-75.019318
-62.341267
-50.299061
-44.606709
-39.826374
-33.862869
-29.477032
-28.194885
-31.259205
-25.258406
-25.078568
-22.355284
-20.038929
-28.911913
-40.879337
-49.777531
-56.830017
-63.024101
-59.598717
-56.208096
-54.593620
-48.178085
-35.209499
-24.159616
-16.806431
-6.598028
4.402106
5.529045
2.324243
2.039017
1.753186
-3.114502
-6.897772
-9.106512
-10.767636
-8.622733
-9.136696
-10.118599
-13.264631
-12.222709
-9.803424
-9.394015
-9.851423
-11.244301
-18.183353
-25.336885
-43.910145
-47.539688
-47.511349
-57.450016
-65.508179
-52.979237
-49.023037
-44.377491
-35.086216
-22.155800
-15.847250
-4.902324
-3.955286
-5.844319
-3.992031
-5.088772
-8.982031
-11.760415
-10.064855
-15.715837
-16.842697
-18.183603
-17.048468
-17.422832
-17.016844
-13.727878
-10.220801
-16.666130
-21.875263
-31.883978
-31.914827
-27.534958
-25.975054
-22.232872
-19.363491
-32.132103
-51.712833
-58.432705
-50.682415
-55.562263
-52.769646
-38.690544
-33.002708
-35.169025
-34.251823
-27.572386
-21.659410
-17.532200
-17.447943
-17.470741
-26.340710
-40.630360
-46.187805
-50.264320
-51.366108
-51.460548
-47.659096
-49.437187
-37.169632
-28.132601
-22.192650
-7.592814
4.215793
4.492919
-11.926432
-27.129438
-38.351692
-52.590202
-61.029121
-60.824318
-59.515690
-59.160061
-56.861423
-53.981792
-45.243576
-40.234684
-41.041687
-40.526794
-38.325817
-38.254631
-36.575336
-36.712536
-33.960934
-37.982807
-42.422314
-48.830307
-57.682182
-72.801392
-77.157265
-80.352776
-88.927765
-97.123123
-103.224602
-110.596123
-114.661003
-121.483292
-129.327835
-130.716125
-132.184570
-120.834396
-109.496231
-91.810593
-65.312019
-53.419102
-60.378403
-61.405930
-72.869011
-94.334381
-108.503624
-109.360100
-115.406906
-101.417358
-71.174431
-55.521938
-43.591335
-30.431293
-25.363028
-22.924608
-21.452362
-31.050970
-43.096172
-55.195210
-66.410400
-68.452484
-65.767754
-63.664070
-59.230026
-55.804356
-54.855019
-53.580502
-53.708862
-56.381840
-64.343018
-77.422012
-84.557907
-87.182938
-88.468712
-74.631508
-64.959412
-54.646683
-40.525352
-29.179569
-28.499601
-29.336245
-28.821379
-29.655130
-24.827114
-24.357313
-20.738688
-17.358232
-16.830225
-16.663612
-18.501421
-22.368229
-21.353813
-15.611115
-10.462139
-16.829174
-13.792572
-15.451693
-20.379494
-20.895584
-19.657522
-14.424767
-6.785659
-5.667262
-3.471608
-1.923414
7.504954
9.540106
8.493322
11.511736
12.486619
5.128458
5.776366
1.751036
-4.762578
-10.199987
-12.451278
-27.881752
-36.058010
-47.032074
-62.252487
-67.752892
-66.449371
-65.403564
-65.061424
-66.080299
-69.851494
-73.319038
-78.241028
-82.713943
-82.074852
-78.398605
-74.161835
-66.542671
-49.575455
-43.918396
-38.277847
-34.466461
-31.859974
-31.257843
-26.107773
-20.666246
-15.718184
-15.048440
-18.837118
-18.422178
-21.938108
-27.403177
-38.247559
-38.878845
-41.884819
-35.780403
-0.105946
-0.627065
-1.260595
-2.244834
-3.511069
-4.380843
-6.418200
-5.112666
-2.520800
0.099338
2.690931
-1.170159
-12.052711
-37.696400
-82.930611
-124.432571
-153.395737
-175.337753
-192.459549
-187.763580
-185.406662
-188.660812
-193.270218
-190.848587
-191.508469
-186.299759
-182.921234
-178.637131
-175.296463
-163.364212
-147.870407
-116.560951
-86.695740
-51.386269
-25.124187
-10.383152
-2.894540
1.584737
4.194954
4.868321
1.116462
-3.348124
-7.551977
-11.458684
-17.849154
-20.969204
-27.463667
-34.113468
-33.893009
-34.210659
-34.445545
-30.039293
-25.761759
-21.582350
-17.115883
-7.758945
-4.146507
-2.782754
-9.640449
-21.203867
-38.487232
-48.031044
-51.986702
-47.713543
-42.342564
-39.101875
-47.914253
-56.480583
-59.685501
-55.675232
-40.437485
-20.075333
-10.746057
-14.748346
-33.574429
-65.168602
-84.773476
-100.975571
-111.653862
-108.254677
-94.372581
-84.206131
-82.570267
-76.203445
-64.537735
-54.007450
-46.201389
-37.286270
-32.537140
-29.340582
-24.739147
-18.537008
-12.403670
-17.047316
-28.027502
-43.517391
-52.722069
-61.246883
-57.779346
-47.695919
-39.809780
-46.741489
-59.821056
-67.057648
-61.896946
-57.197269
-48.561619
-30.502569
-22.498178
-23.391201
-26.126503
-31.229259
-35.648224
-39.164276
-46.540512
-52.538960
-57.844288
-64.075569
-70.696640
-80.851891
-88.242134
-94.119942
-100.189705
-113.700180
-132.636841
-147.448456
-150.026016
-142.774002
-121.090530
-90.998787
-49.611214
-13.282863
7.377610
9.665147
2.144627
-10.409722
-17.218487
-21.722414
-16.241892
-11.275280
-10.228323
-17.352419
-20.961752
-24.931808
-26.080208
-24.028307
-23.816195
-23.668156
-23.284998
-25.205566
-27.174578
-35.459225
-43.312229
-45.787556
-44.910145
-39.718491
-27.239309
-18.231060
-14.176945
-13.161851
-17.222584
-26.976374
-36.779102
-41.634853
-42.186672
-48.159779
-59.867378
-82.556915
-113.657318
-137.708908
-154.441742
-171.421402
-176.523117
-185.376419
-202.521744
-221.677200
-238.475555
-238.503082
-218.731750
-206.043335
-186.549500
-154.139771
-125.355072
-94.846481
-68.988457
-43.368839
-23.218801
-13.562758
-10.303940
-10.690967
-12.638875
-12.156082
-11.996704
-12.438088
-8.480652
-8.437280
-9.158012
-12.256467
-17.853662
-28.233709
-38.396515
-48.894333
-57.364048
-60.807236
-59.371235
-50.357899
-39.632805
-36.402748
-32.593712
-30.470490
-31.540684
-32.236217
-30.224495
-31.859850
-27.159340
-26.599844
-19.271608
-15.379169
-13.953621
-18.270653
-17.890793
-22.354664
-20.841640
-14.413612
-4.509433
2.027369
-0.026578
-0.914028
-13.013123
-38.943752
-73.985825
-98.575539
-119.342232
-133.779068
-136.725983
-130.995789
-124.223106
-114.928909
-104.844383
-102.746201
-95.621483
-82.797913
-72.113609
-63.941036
-54.695194
-54.800575
-61.780880
-70.507591
-72.137230
-73.021278
-71.880798
-70.734848
-70.050941
-65.790581
-67.352814
-71.274651
-76.442711
-85.504105
-97.037819
-103.747467
-104.895042
-90.299675
-63.158791
-39.855457
-24.247843
-15.960310
-17.347523
-19.879471
-22.049269
-20.484362
-18.153820
-20.739029
-29.131330
-34.809864
-44.327484
-56.468159
-70.545563
-77.587891
-90.815628
-99.239761
-2.418828
-6.968173
-13.104099
-17.422514
-23.186470
-29.572096
-40.006023
-45.489986
-51.190369
-57.946625
-64.779442
-67.560333
-74.009720
-100.375587
-145.056992
-188.145645
-215.520050
-238.994507
-239.965912
-230.461304
-215.329773
-209.281998
-214.375366
-221.506073
-222.878082
-214.595627
-197.890854
-178.655762
-170.678894
-167.283157
-156.160172
-143.654480
-120.984482
-88.381493
-60.989628
-42.712494
-35.033749
-31.763353
-27.274763
-22.499607
-21.416748
-16.957973
-15.239951
-23.596844
-29.193615
-41.287506
-69.096306
-89.497169
-103.888458
-118.047684
-117.173256
-104.486031
-91.054688
-73.998055
-55.274933
-48.747322
-43.320278
-43.892010
-43.614910
-46.231415
-41.365196
-37.639347
-35.858677
-36.763752
-44.232140
-49.882908
-61.808388
-65.687386
-59.748947
-48.259869
-46.366207
-41.506718
-30.466520
-35.441322
-54.594383
-84.548462
-105.115143
-129.723846
-143.249435
-141.183044
-123.142860
-109.571808
-97.238663
-89.989777
-83.789146
-78.852097
-64.854233
-46.223972
-34.000698
-24.443552
-16.565638
-19.686916
-16.485031
-20.252127
-31.523582
-40.437664
-38.796631
-33.870747
-33.100422
-39.031170
-46.112988
-52.685165
-65.487343
-62.804668
-50.150341
-38.432484
-32.535858
-31.208174
-37.071983
-39.019859
-46.598484
-49.744862
-43.290852
-31.880165
-26.704462
-29.869209
-35.366440
-45.380749
-56.074203
-68.371834
-82.153610
-97.257492
-124.727318
-164.359665
-201.585190
-209.351456
-213.032104
-201.239182
-170.229385
-129.100510
-82.571854
-53.672070
-36.511021
-30.881380
-40.907181
-44.728962
-38.602753
-33.159172
-26.510590
-15.679122
-11.182736
-7.752243
-11.410568
-12.978501
-10.386939
-3.512304
1.607825
-3.399978
-13.823197
-24.436300
-48.174892
-64.439957
-69.874931
-75.539093
-77.031281
-68.066254
-59.794159
-56.588219
-51.122974
-48.812557
-55.868156
-66.003372
-79.757736
-87.342216
-79.556046
-73.785591
-98.192024
-143.599579
-180.205063
-211.906433
-243.085083
-250.745132
-244.284485
-228.440170
-222.393036
-213.117020
-209.360580
-209.638672
-207.474289
-204.136032
-208.207077
-197.356979
-173.402908
-146.585403
-124.232384
-85.356064
-64.448204
-42.563850
-39.030048
-44.093296
-39.061264
-36.482121
-41.556599
-34.300728
-34.871593
-31.643263
-33.552814
-37.967480
-43.212303
-52.524441
-51.999329
-42.473110
-33.733570
-32.157513
-28.987362
-31.643513
-36.250931
-38.268684
-36.927292
-36.699677
-35.504715
-35.619419
-34.037998
-27.878271
-30.961435
-27.219490
-27.650150
-36.743042
-34.369919
-25.502186
-34.086361
-33.742016
-34.873337
-36.832695
-40.577076
-41.401718
-41.461250
-37.246883
-50.519726
-72.618896
-107.881683
-142.683044
-166.916061
-185.946747
-189.472092
-176.276535
-162.461105
-150.531967
-140.760025
-128.531830
-124.220993
-110.221741
-93.391846
-78.076462
-81.515350
-70.266014
-65.744156
-64.663979
-67.472458
-66.249390
-66.587440
-70.333321
-70.595924
-67.872757
-68.848000
-70.378113
-71.180420
-72.139435
-81.253754
-92.930038
-101.129936
-95.617485
-84.035851
-68.194275
-55.081406
-47.629429
-46.348976
-44.595226
-45.346409
-39.380505
-31.519978
-30.097591
-34.881279
-34.641369
-39.048859
-48.167114
-65.409019
-80.245583
-100.224358
-125.110687
-3.159668
-9.129528
-12.009295
-18.571342
-27.901741
-34.455730
-42.385689
-47.597801
-47.774723
-54.689434
-55.659008
-41.775597
-62.347637
-77.142921
-106.145233
-135.653931
-157.583221
-170.145020
-181.886063
-176.230698
-168.062653
-157.858047
-158.407257
-157.249664
-160.319870
-161.696274
-165.690857
-181.687271
-180.053665
-173.651016
-167.706848
-132.617126
-97.135155
-73.970436
-43.165474
-34.658485
-37.401402
-37.941696
-37.332638
-34.802685
-34.447906
-27.574757
-27.633291
-33.743122
-32.349236
-35.544041
-47.871819
-46.257755
-47.045376
-43.252655
-45.971611
-41.397030
-36.818253
-32.647236
-28.032011
-26.625740
-28.005379
-38.716980
-38.021233
-46.124771
-57.200916
-56.858376
-70.165718
-55.206264
-52.868618
-57.864037
-64.789734
-64.088867
-58.316643
-72.686554
-74.973915
-49.136253
-31.909439
-40.025349
-52.414047
-71.266258
-88.661720
-94.810806
-108.526405
-101.863762
-98.285744
-87.851570
-82.545052
-79.814796
-70.895866
-61.607613
-50.427662
-43.935577
-34.185890
-27.555828
-23.214661
-21.632912
-13.772498
-21.623068
-34.962448
-38.450294
-47.752899
-50.027046
-67.864151
-57.309162
-39.803516
-55.928463
-59.953060
-55.918541
-57.890530
-67.295479
-63.996490
-64.353912
-66.944206
-64.515572
-56.696011
-47.571590
-48.522263
-40.119881
-41.588879
-50.364376
-57.021973
-70.774658
-70.722206
-92.357841
-107.217659
-112.965240
-107.040985
-107.547829
-114.887138
-124.710846
-133.817062
-145.734665
-125.701645
-97.876244
-72.205452
-48.000652
-30.857368
-32.333408
-38.907291
-42.839813
-41.864170
-52.760174
-46.250965
-49.788532
-34.818584
-40.459671
-41.184944
-42.099583
-46.193787
-51.167908
-55.090603
-57.553802
-47.583038
-45.738453
-52.381187
-50.669800
-62.311169
-69.112869
-74.639832
-69.357697
-65.432449
-55.322056
-54.476631
-57.215008
-59.783688
-64.309288
-72.342918
-78.619209
-76.930634
-96.913216
-117.958626
-122.219734
-147.069809
-168.429062
-165.326065
-182.383621
-176.769760
-164.646500
-159.987793
-159.037674
-162.717529
-155.281174
-149.069611
-165.137558
-181.657181
-175.746216
-171.895920
-128.192413
-79.547508
-65.104347
-43.530800
-38.788036
-42.948006
-47.354263
-46.295624
-49.889755
-37.584221
-44.046356
-39.971504
-35.661301
-40.830990
-44.427944
-44.957153
-60.839699
-63.991093
-73.864685
-81.032745
-71.521072
-67.330063
-67.384491
-57.635433
-60.537697
-62.213959
-58.520954
-57.942966
-58.672188
-54.683781
-54.130516
-54.153557
-51.621582
-52.370251
-57.114117
-53.027100
-59.907440
-58.266563
-65.573799
-58.972538
-54.240959
-49.395454
-41.500046
-30.562912
-32.938683
-48.083256
-60.145061
-81.954750
-112.625587
-125.497368
-135.465515
-133.261322
-125.684921
-122.773842
-118.082977
-113.342903
-111.157867
-106.825478
-101.661850
-90.167740
-85.592560
-69.956818
-65.102829
-60.073647
-69.362778
-72.108597
-73.608536
-67.803314
-70.296684
-73.837433
-76.226357
-69.922264
-76.924294
-77.882080
-79.391815
-81.406563
-81.606377
-82.738869
-75.312279
-72.800705
-82.278603
-68.224670
-60.042679
-64.895958
-55.761227
-42.279202
-30.468855
-23.880421
-23.015705
-28.367359
-34.674728
-51.669994
-72.100822
-89.478668
-93.903137
-96.905312
-105.266731
-1.357783
-5.787254
-11.405605
-17.291700
-24.201460
-28.056753
-30.928518
-32.595680
-35.592770
-36.712753
-32.339554
-30.993841
-28.118797
-38.736107
-69.799423
-104.257919
-134.350983
-164.241379
-180.541107
-175.750580
-176.147552
-176.334778
-177.967209
-172.030334
-163.520233
-150.996811
-141.028625
-130.722427
-132.427185
-126.658646
-113.676170
-94.050568
-76.079613
-56.599339
-37.922028
-25.754431
-22.349819
-17.952894
-11.845053
-8.495464
-10.863529
-9.944945
-7.249553
-0.074509
-4.467937
-10.846431
-23.053343
-32.130497
-38.910782
-40.771671
-38.701305
-33.062771
-29.488962
-21.174263
-12.901493
-0.976812
5.166015
12.558650
-0.300571
-8.312934
-21.219765
-26.396490
-26.888668
-27.327789
-34.626255
-35.905998
-51.323261
-64.174080
-56.697071
-37.085209
-13.483220
-5.297359
-0.757257
-2.810054
-21.797859
-46.373379
-69.760094
-78.631905
-91.874176
-93.564064
-86.011017
-77.532196
-77.739861
-68.980904
-55.288132
-48.500690
-44.686260
-37.479988
-34.687191
-27.624500
-12.538144
-3.110030
-4.602067
-7.490789
-21.993551
-37.193806
-39.972618
-33.648788
-23.016365
-25.691458
-32.450119
-47.367413
-72.646072
-74.196129
-56.067215
-27.790314
-13.514669
-6.648847
-7.722713
-12.635737
-22.229902
-29.224081
-30.235157
-35.960232
-41.603062
-43.696129
-48.991455
-60.144455
-70.354156
-86.408997
-93.887337
-97.079613
-105.588547
-123.156334
-128.524796
-124.325256
-103.691513
-82.631813
-67.714127
-50.998314
-31.531334
-23.389929
-22.409199
-25.613810
-25.057552
-28.999643
-22.687319
-15.074676
-7.640211
-4.889139
-9.158676
-13.731819
-12.137153
-11.153728
-8.995533
-10.177742
-18.944727
-26.649309
-33.405182
-35.769508
-37.033085
-40.856094
-54.814846
-64.047478
-65.235054
-55.965801
-41.894043
-32.341133
-27.612125
-30.154987
-37.160126
-43.459774
-47.970367
-49.905170
-41.664658
-41.614811
-44.495354
-67.431007
-91.579224
-113.044495
-144.179733
-171.832230
-180.678711
-200.420273
-213.313934
-223.328674
-221.317749
-201.327499
-172.914368
-142.390991
-123.706413
-112.674431
-104.177979
-89.678322
-76.885666
-56.976852
-35.508530
-31.061123
-25.325779
-30.646395
-31.057264
-30.116648
-29.108816
-28.936916
-25.763205
-24.228424
-22.593710
-28.015615
-34.507526
-43.164845
-47.841000
-46.949871
-43.016289
-37.254681
-33.352116
-27.428211
-22.594563
-21.664967
-22.633928
-20.669556
-20.682724
-21.626575
-16.991615
-14.676044
-4.644064
-2.908377
5.440336
5.145887
4.972858
6.115222
2.160594
-8.383178
-10.976813
-10.132273
-2.639319
-9.427875
-16.506594
-22.067997
-24.981747
-34.783604
-53.514259
-69.396706
-87.039619
-103.481712
-106.923004
-97.790924
-89.996712
-81.729141
-72.577576
-75.256897
-66.008041
-54.716347
-53.022343
-54.892849
-56.383705
-68.778854
-72.287445
-71.092155
-56.753620
-57.719986
-60.079617
-59.464924
-56.435013
-51.887070
-53.940582
-58.667095
-65.372955
-73.148003
-77.820877
-84.676315
-85.592728
-64.916496
-37.164162
-17.369890
-6.383851
-8.121489
-14.440635
-17.603086
-22.690800
-25.243996
-21.627747
-22.657459
-27.841646
-35.437084
-48.406509
-65.900543
-84.192932
-95.774994
-99.853073
-92.982857
1.025555
3.036901
5.851482
9.214284
14.353796
18.560690
23.070541
25.520836
27.825163
30.812897
27.415844
21.502710
16.675322
2.818652
-17.356588
-30.099468
-42.409431
-49.225704
-57.209591
-60.230324
-64.030350
-63.445507
-58.971622
-47.550743
-42.328209
-48.620045
-54.461250
-57.131779
-59.869133
-63.170605
-58.437504
-48.950989
-36.351055
-17.298857
0.044219
14.126492
21.228249
24.588230
22.941963
20.599714
16.872866
11.450644
8.497750
7.485953
4.735447
5.252879
5.383833
3.673418
1.682729
2.390607
4.358958
4.519194
2.389828
2.586085
0.973619
-3.854409
-8.354610
-13.451189
-13.558244
-10.793387
-9.329852
-1.960435
3.426180
7.645278
1.729812
-6.118472
-5.411393
-1.721612
1.825383
12.184040
21.586107
15.332403
11.004993
5.732646
-9.601199
-25.821127
-35.292660
-40.335087
-46.539890
-49.281799
-49.476131
-47.818554
-49.221272
-42.193245
-36.429031
-33.506226
-27.326416
-21.612875
-16.401655
-9.231897
0.995366
5.137009
0.695113
-4.364527
-7.811342
-8.303740
-7.588937
-6.552002
-0.004450
1.734569
-1.704481
-4.451862
-6.151849
-7.462777
-7.036600
2.315147
4.543614
-8.404913
-15.924424
-21.431023
-21.236141
-17.982914
-11.754557
-4.861926
-3.329429
-3.013321
-14.102599
-26.661293
-38.271259
-52.606617
-59.571110
-65.495529
-63.759117
-54.168686
-44.879978
-37.004463
-18.773912
-1.684816
10.454803
17.261850
25.528873
17.628595
10.725568
13.103129
17.091703
18.341187
25.002434
24.970755
20.789637
15.034342
12.697478
12.169151
12.926519
12.934229
13.241059
9.808310
7.471125
6.691153
6.203387
7.209399
9.407897
11.829229
14.421091
21.254734
27.685671
32.539501
31.959887
29.991999
25.997612
23.503531
26.730154
31.348175
35.506657
32.964172
25.894529
16.808142
-5.795346
-30.790733
-50.010380
-66.173927
-72.150688
-77.277351
-76.879990
-78.384148
-69.341621
-66.197769
-55.248592
-41.453194
-38.116798
-37.179062
-48.904320
-63.552185
-68.972603
-59.593151
-44.721508
-18.709278
-0.319474
11.370811
20.544333
21.974302
22.178980
22.181177
21.453121
20.213154
19.620956
20.087662
18.282873
15.199959
17.953638
14.006093
11.910621
6.737218
2.344463
-3.532726
-12.384912
-19.890005
-27.720657
-35.962914
-41.172626
-41.516376
-39.889965
-40.645943
-34.361698
-29.307217
-23.683748
-18.472980
-9.956703
-9.606277
-11.955768
-13.808979
-11.734844
-13.325246
-12.836054
-15.336937
-10.880838
-10.311337
-8.737659
-2.003304
-0.755179
-5.981984
-23.490156
-39.052311
-54.462986
-62.150269
-60.651951
-56.590740
-50.954868
-46.099407
-48.776096
-51.662685
-49.545708
-45.793324
-43.318836
-40.049335
-31.464848
-25.010902
-17.522860
-10.777382
2.185741
4.417241
5.802865
10.535935
12.835876
11.129039
10.528714
8.925101
7.643161
4.348889
7.139608
13.477782
19.358698
21.892433
19.576807
10.924149
1.608364
-10.538255
-15.361176
-16.505953
-16.613941
-13.870200
-11.227737
-11.685265
-14.539307
-20.156240
-30.433254
-40.874649
-54.083729
-59.472118
-61.472637
-59.090794
-1.465037
-3.024443
-5.271915
-8.586449
-12.659525
-14.131390
-13.160133
-14.484818
-17.529970
-19.442945
-15.149055
-15.502319
-18.805969
-26.551485
-34.737068
-42.415478
-54.047207
-56.708107
-53.644039
-49.250992
-45.509155
-48.426853
-53.682564
-50.374565
-55.787624
-65.824440
-64.865746
-64.503822
-63.432735
-58.713223
-51.435001
-46.736946
-40.408360
-33.760902
-26.266817
-17.974346
-18.296406
-19.502195
-16.233500
-13.109150
-10.195667
-8.730892
-7.741643
-4.092560
-5.320421
-9.071002
-9.196424
-2.239285
4.893191
13.119351
18.767805
19.279173
19.583271
16.725060
13.401962
10.944269
11.297769
8.609267
-3.121078
-10.351024
-19.483845
-25.292868
-27.654346
-27.672232
-19.734587
-4.298222
14.050724
13.669315
5.976701
-1.776395
-4.707410
-11.075644
-11.915042
-13.042533
-19.200031
-26.505110
-34.456509
-33.680382
-38.739330
-42.404453
-35.609547
-29.673037
-31.167446
-31.164703
-24.951406
-21.544636
-16.481045
-5.985581
-2.608910
-3.394473
-1.028252
0.022718
0.989724
-0.555287
3.364617
8.479200
10.948938
5.463106
0.828473
-2.067746
-7.467730
-9.643868
-6.201350
-3.867077
3.580905
8.829569
6.986312
2.671674
-1.348864
-7.828539
-15.077697
-20.309919
-21.342064
-24.473967
-27.989370
-29.401108
-23.249159
-20.961712
-19.147966
-30.162460
-39.666359
-48.000336
-54.434772
-45.241787
-23.696451
-7.243091
3.322618
-1.049877
-18.776379
-30.157230
-32.191788
-31.374704
-23.570532
-16.166948
-13.071336
-8.521687
-5.216897
0.623889
3.186471
2.028637
-0.184085
1.382285
5.486839
8.623748
8.683617
3.517013
-5.185272
-9.942064
-8.899282
-12.904371
-11.337083
-13.165471
-19.349192
-27.059301
-22.697687
-23.391777
-20.528063
-19.797853
-19.397732
-20.718695
-17.942535
-15.982719
-11.833797
-7.520961
-8.103428
-2.325001
-14.134992
-34.447880
-48.553806
-64.899475
-73.007423
-75.972603
-69.141273
-53.097481
-33.308201
-29.126558
-23.397188
-20.044872
-19.880037
-19.959167
-27.771105
-34.359463
-31.961267
-32.166702
-33.784073
-30.317883
-19.982416
-17.311935
-14.761759
-13.471236
-13.674034
-14.292928
-12.726335
-12.271579
-12.573190
-9.295750
-10.862927
-6.489422
-3.239178
-4.745561
-6.453344
-10.511199
-18.862555
-16.612362
-16.621199
-16.574617
-14.220641
-14.133948
-12.790000
-11.233406
-10.774733
-11.576677
-6.982435
-3.505954
1.273876
-0.178433
-10.817393
-13.894612
-15.225874
-16.030745
-15.211712
-14.542319
-14.597699
-14.120788
-14.031834
-23.550550
-27.648729
-29.137062
-27.150980
-24.707188
-33.527630
-37.519993
-41.477554
-46.349823
-47.117813
-45.108891
-47.891582
-45.083439
-40.387074
-39.002247
-34.078274
-35.040646
-35.893009
-36.191639
-27.574839
-17.796473
-9.081113
-3.293586
6.109818
9.924342
9.065533
11.334591
13.453082
14.064303
12.876123
12.649312
11.467076
6.625832
7.429618
8.078990
5.869072
4.653084
7.604708
5.632290
6.889693
1.144236
-4.139458
-6.310194
-7.259770
-10.311728
-7.450926
-5.659683
-4.342703
-8.866374
-15.038630
-19.159662
-22.395533
-30.727242
-35.417728
-35.539845
-2.015922
-5.518709
-9.144083
-13.085768
-18.308350
-20.925303
-20.903641
-21.908934
-21.402964
-22.126448
-26.097473
-36.978844
-49.872963
-71.110893
-103.000488
-121.924850
-132.266052
-136.693604
-139.138580
-126.631035
-116.197617
-112.525230
-113.222031
-115.930870
-125.428391
-124.998169
-118.357979
-109.889641
-108.959396
-93.896317
-74.214020
-61.467594
-51.376503
-42.292011
-34.959572
-28.253914
-22.143187
-19.375570
-15.178301
-12.575253
-12.215680
-10.971805
-10.631705
-13.652230
-15.224796
-13.107349
-9.031847
-1.191137
6.663776
16.543617
20.271467
17.671761
17.253349
15.359614
10.807539
5.382361
-1.082556
-11.526177
-25.577461
-38.392418
-51.906128
-43.888527
-32.394436
-27.627708
-25.624218
-26.393497
-34.438473
-33.404789
-28.670151
-27.200022
-27.962406
-23.426062
-22.341642
-28.463215
-40.030476
-54.457886
-61.956528
-65.313972
-72.411850
-73.991516
-66.400932
-62.598667
-64.901146
-53.833977
-50.121815
-48.280205
-37.779636
-29.134989
-20.594582
-12.633236
-4.410301
-7.474337
-9.637257
-17.565599
-20.947510
-25.491869
-25.786299
-25.132177
-22.635202
-27.058674
-29.267809
-31.126841
-37.942101
-36.549923
-23.457367
-20.933540
-24.042780
-27.059395
-27.626587
-32.436676
-34.059158
-37.600723
-39.157852
-40.082893
-42.701248
-44.473896
-48.917351
-57.343712
-61.003563
-79.500839
-93.844635
-104.476021
-103.554268
-97.079063
-74.180817
-60.002190
-41.144718
-30.596945
-20.605804
-14.435751
-10.531751
-10.150529
-8.426822
-14.931984
-22.330576
-26.994734
-27.322536
-24.005068
-21.518017
-19.167015
-15.949377
-18.799212
-20.918053
-19.870974
-19.900408
-23.578316
-25.834534
-28.079512
-28.460213
-29.558109
-32.087715
-37.274521
-42.559708
-48.168201
-45.775764
-42.188999
-42.043198
-44.524284
-50.748375
-55.764919
-55.346237
-61.318916
-68.382591
-75.953384
-87.825615
-83.240105
-94.452110
-112.728165
-126.365860
-137.669647
-153.522476
-157.923645
-143.808273
-129.792053
-121.793289
-120.891312
-127.038986
-131.314011
-130.587204
-131.903610
-134.950012
-116.354202
-91.312866
-71.873161
-54.532124
-40.327236
-33.789307
-31.147806
-26.870659
-24.952557
-25.805170
-23.608875
-22.303421
-22.044123
-20.402132
-18.123888
-18.598549
-17.557863
-22.921335
-32.463501
-30.480909
-36.922234
-47.613617
-49.740986
-45.703060
-47.531353
-41.957767
-37.958019
-35.457138
-36.690742
-35.306961
-36.316654
-31.139198
-28.332657
-23.529385
-17.736933
-16.626406
-25.340960
-17.212738
-8.019144
-7.139512
-10.752233
-6.466313
-6.491701
-7.334057
-8.798111
-13.796263
-21.987373
-29.432659
-36.539600
-49.892490
-61.036308
-67.987274
-70.694893
-68.906342
-65.759918
-61.723579
-55.405529
-52.922264
-62.702377
-60.096794
-56.282948
-55.555988
-55.377625
-44.292858
-38.541553
-33.346531
-24.827320
-21.478682
-29.350203
-29.676653
-28.239223
-28.357531
-27.005253
-22.470409
-22.745892
-27.694407
-31.806440
-33.025005
-35.728081
-42.035255
-38.305637
-28.295938
-22.589581
-22.563570
-19.607691
-14.602982
-16.196749
-17.147259
-15.345061
-11.788145
-14.615043
-23.919195
-32.097431
-41.014999
-47.996395
-59.044712
-67.950287
-87.969841
-98.554878
0.376554
1.455683
2.913143
5.248618
6.296137
4.157933
-0.218304
-4.613454
0.368573
8.707973
9.616223
-7.762161
-44.073971
-121.207260
-218.218735
-304.895569
-361.338440
-396.565002
-404.744110
-380.998047
-361.927551
-352.922577
-348.148376
-326.848572
-308.131805
-292.953094
-287.969086
-290.976318
-315.432922
-328.583466
-304.578064
-243.950546
-181.028641
-100.828140
-46.694363
-15.069924
0.076925
8.124984
14.836304
17.228954
13.635975
8.189383
-1.379547
-18.274326
-34.903984
-52.679043
-78.440102
-99.889801
-116.676590
-120.323669
-118.249306
-104.301506
-89.026550
-70.818298
-53.430931
-39.409355
-33.940819
-33.287701
-35.134003
-42.149902
-69.535179
-90.062332
-90.482651
-84.747864
-78.937157
-48.102264
-22.412941
-27.146891
-32.373585
-40.834312
-33.000469
-20.319052
-19.732010
-36.888363
-83.242538
-142.566650
-194.392715
-230.764542
-248.401505
-229.607895
-201.063202
-182.992249
-175.623581
-157.673645
-129.889450
-107.417084
-77.461884
-49.292831
-36.927517
-34.006355
-24.688581
-24.043720
-16.513847
-12.347934
-17.617561
-29.357870
-46.884575
-63.289074
-69.289490
-62.916058
-52.668686
-40.829399
-29.886145
-31.008539
-39.143295
-39.155983
-45.358570
-46.940590
-57.509102
-66.990623
-71.431000
-69.644127
-63.306667
-55.566635
-56.412857
-66.299095
-79.833191
-98.784851
-114.678146
-136.796127
-161.453491
-182.021698
-192.789261
-212.720367
-239.076965
-286.511078
-304.873383
-298.151276
-252.876480
-185.262085
-97.611076
-37.941978
-4.679762
5.374652
-3.602138
-9.745662
-10.765929
-11.813538
-5.007230
0.677137
3.881438
-3.490995
-3.151920
-7.098609
-12.654716
-17.091248
-20.140182
-23.337440
-30.097588
-26.309820
-22.968363
-24.272177
-24.317785
-21.515322
-26.883043
-28.266479
-24.795570
-20.620632
-24.577629
-30.440603
-41.808441
-53.732250
-56.524879
-67.187073
-93.251678
-137.506866
-192.706894
-278.902985
-344.073273
-375.358795
-404.348389
-409.741821
-374.422821
-353.381409
-340.532501
-336.437622
-329.597168
-334.734772
-340.610199
-343.005157
-346.843323
-335.901489
-298.725189
-232.122986
-163.362747
-94.902237
-37.553131
-13.220246
-4.827747
-8.889678
-9.624016
-7.320689
-4.813531
-9.560507
-5.105192
-0.677930
-2.393630
-0.519498
2.042557
3.892823
0.599486
-17.055899
-30.706707
-50.574478
-61.116642
-65.821587
-59.642097
-60.512024
-52.681320
-49.240284
-50.257893
-51.271320
-47.033134
-47.479687
-44.354462
-40.928143
-29.959797
-41.031944
-50.245174
-63.314674
-65.954170
-74.270638
-56.818180
-39.294960
-23.024868
-11.519773
-14.950645
-27.389088
-52.659824
-104.641281
-173.373581
-226.018539
-267.342407
-296.486511
-300.709106
-283.489197
-265.655029
-247.364655
-233.298920
-223.978210
-204.498642
-177.765610
-149.585938
-124.613045
-88.742752
-64.594147
-54.590187
-56.090496
-51.322247
-58.369495
-53.583675
-52.979065
-49.420727
-44.312767
-38.460747
-39.992882
-40.997772
-51.821411
-68.439079
-82.045929
-84.453094
-68.644157
-53.924259
-29.535616
-14.391884
-20.997089
-37.452812
-41.913383
-47.664749
-46.946114
-38.099106
-38.364243
-47.934700
-61.094151
-83.274765
-106.991638
-131.418381
-138.945038
-170.964020
-188.202133
-2.247884
-7.556366
-14.586037
-21.242622
-30.940083
-38.080727
-48.271774
-49.220940
-51.982834
-52.422195
-53.521931
-55.746662
-66.315788
-95.748871
-149.842560
-213.434006
-255.850082
-289.986694
-298.662994
-286.395294
-266.216705
-258.414215
-254.574432
-249.579376
-250.550446
-246.692383
-252.450424
-259.870331
-263.835297
-263.978455
-254.012482
-222.148865
-177.840134
-129.100281
-88.089508
-58.525452
-43.638428
-38.026985
-30.430510
-24.042942
-23.753916
-17.382967
-16.772951
-25.219828
-35.916756
-48.600384
-79.599609
-106.325714
-120.404129
-132.756607
-137.560822
-122.256279
-102.981697
-85.467636
-63.715382
-44.118946
-35.339951
-36.250465
-39.863323
-58.255280
-70.619980
-81.248833
-83.006088
-77.043915
-74.840149
-79.302711
-89.492004
-98.145401
-102.989418
-96.374779
-73.898460
-46.289192
-32.645744
-29.973312
-50.769356
-85.722900
-116.044861
-146.196884
-162.749313
-157.935120
-138.467316
-127.699722
-118.979675
-105.617996
-98.209152
-89.496468
-75.554710
-58.926754
-51.979137
-43.000435
-31.062586
-27.794289
-20.700914
-28.101322
-44.899181
-62.491272
-65.736870
-65.367561
-63.138557
-56.821339
-58.443977
-68.290848
-78.797531
-86.771477
-89.660622
-80.308128
-71.133324
-65.918777
-72.267548
-72.664009
-78.487587
-83.437195
-79.212814
-69.422607
-65.592598
-70.484581
-70.102432
-70.550758
-78.646400
-89.210648
-102.718636
-126.135384
-158.413834
-194.848633
-224.592819
-242.637833
-244.734222
-233.391312
-208.042725
-161.031097
-109.686485
-61.333328
-30.846647
-28.451111
-43.452015
-51.654186
-54.338634
-51.741035
-43.875320
-29.105200
-24.599077
-26.767048
-29.186714
-32.213940
-36.811169
-39.958969
-37.814941
-37.593754
-37.609245
-34.969849
-42.787807
-62.997627
-79.073196
-92.950150
-101.298996
-91.965210
-76.076569
-65.169945
-58.677357
-57.200283
-63.608162
-75.224968
-90.607780
-99.539009
-108.412003
-115.115822
-135.061493
-157.639832
-205.042816
-234.267029
-270.547821
-287.563324
-298.390350
-288.619110
-284.760620
-280.835632
-278.010742
-269.880432
-258.578888
-250.701370
-247.552948
-234.359818
-217.819885
-185.086655
-146.214935
-104.589333
-74.313011
-57.360477
-52.544678
-55.856762
-54.447178
-51.038868
-52.836979
-49.628994
-45.628387
-41.127003
-46.145927
-45.983871
-51.862568
-65.063377
-67.912361
-66.273209
-66.313843
-63.494255
-58.584866
-56.400764
-56.077766
-57.222858
-53.918331
-49.704575
-50.142162
-50.693283
-47.978348
-45.662899
-44.007046
-36.843826
-31.277163
-36.681293
-45.423740
-48.173218
-53.057461
-54.301792
-46.324776
-38.593075
-26.671301
-28.593752
-31.725243
-28.393433
-36.789654
-64.012802
-103.061905
-139.124680
-174.237869
-195.704849
-203.047623
-191.831375
-177.593460
-163.955490
-155.881836
-146.065445
-137.758713
-127.175407
-116.009689
-102.502708
-103.943489
-97.919250
-100.675995
-107.453247
-107.832062
-105.426750
-101.662224
-102.164566
-104.660706
-102.884384
-99.318832
-102.671600
-106.409744
-110.139549
-117.644463
-121.568291
-126.273247
-114.451942
-98.335274
-82.519043
-72.798683
-64.469490
-64.341919
-60.907990
-59.284355
-49.355370
-38.161270
-35.681610
-42.293758
-48.877274
-53.704842
-64.877953
-75.678963
-87.630341
-105.409073
-137.405533
-3.786000
-10.907850
-19.880005
-32.846233
-52.631561
-70.500267
-87.312798
-95.075462
-105.902344
-112.733734
-109.668060
-98.082413
-93.610413
-92.058174
-92.964836
-81.382683
-63.941925
-53.670151
-52.993374
-44.844051
-34.657177
-21.494198
-15.221877
-8.873400
-1.081532
-2.525458
-29.070402
-61.109013
-113.768898
-173.568848
-206.481979
-200.594147
-183.032822
-157.396133
-128.613632
-106.590729
-96.941536
-90.626427
-77.922920
-65.422256
-55.999672
-42.683281
-34.429707
-30.014919
-38.263515
-43.501244
-54.222073
-71.087982
-68.490982
-67.235832
-71.858047
-67.892448
-57.795361
-49.126522
-41.048325
-29.801189
-27.514606
-34.040020
-36.009212
-50.386303
-63.955944
-55.279079
-32.760319
-17.397736
-16.107895
-40.959129
-71.114861
-84.587166
-101.326698
-119.395370
-115.957817
-81.564201
-61.746147
-54.202583
-55.564465
-57.874580
-58.777916
-55.814438
-63.555614
-59.887241
-55.698689
-53.464546
-53.890938
-49.999260
-50.139553
-45.090992
-37.555237
-41.453564
-35.155083
-31.248255
-27.531315
-26.420719
-17.104136
-21.269028
-23.602707
-35.356590
-33.051834
-33.794804
-38.066170
-34.709087
-25.347380
-21.259434
-19.583435
-15.891589
-17.588947
-28.879332
-51.208374
-86.674782
-113.904114
-127.281822
-126.327286
-119.520020
-105.029533
-83.958809
-67.362175
-62.640652
-60.915462
-56.761127
-63.064255
-87.484467
-107.840347
-124.843872
-126.163788
-121.497002
-110.849182
-104.830826
-101.845688
-96.170776
-70.368797
-47.838184
-47.196682
-45.528641
-43.162846
-58.835487
-67.255325
-68.543045
-74.455803
-78.946243
-68.599579
-50.934708
-41.268356
-40.036911
-37.926945
-36.371719
-37.334606
-46.445686
-54.469982
-58.808521
-54.172817
-42.008785
-9.636110
-4.570485
-16.994877
-32.426872
-48.818233
-66.620415
-72.554298
-74.685829
-80.251503
-80.684105
-80.514214
-84.261246
-93.728424
-101.010109
-118.779686
-128.694275
-133.946121
-118.006615
-110.634384
-101.381371
-85.161072
-73.333344
-62.053692
-48.655754
-27.954809
-15.438675
-7.600002
-13.464851
-24.298233
-47.429691
-94.093071
-155.359283
-190.865372
-180.603104
-154.483658
-132.460068
-107.481140
-94.971466
-95.583755
-92.113068
-94.750671
-84.833519
-82.847778
-83.690094
-78.689407
-70.722878
-79.245399
-79.836433
-87.732430
-99.552658
-101.481628
-100.398827
-100.445450
-91.817245
-77.675529
-67.467766
-54.081345
-47.375767
-44.945889
-44.253933
-43.110310
-43.861294
-39.731335
-39.770798
-37.756607
-26.878613
-29.052959
-37.521698
-47.564251
-48.359707
-54.513924
-69.028526
-75.136414
-70.748932
-42.135780
-30.903219
-34.845173
-36.008121
-42.358284
-60.168331
-77.335754
-84.853813
-89.871796
-89.733994
-89.370827
-90.071098
-78.942261
-65.332275
-63.745213
-67.186386
-64.654076
-65.276459
-66.650780
-60.149479
-67.935600
-71.441879
-75.255310
-87.354561
-103.218521
-111.809441
-115.843391
-117.715324
-126.606606
-127.217781
-123.052818
-123.379852
-120.155243
-105.641251
-95.832794
-80.028679
-65.530029
-49.726803
-49.324802
-45.784229
-52.305302
-72.935768
-94.118843
-102.183128
-98.918983
-80.049347
-54.792816
-36.906368
-26.502745
-23.592970
-32.702290
-53.761055
-78.018242
-94.678497
-113.461548
-131.014343
-0.580169
-1.164835
-2.696971
-5.462930
-9.158273
-12.554527
-16.236511
-20.893167
-24.669029
-27.766043
-27.820690
-24.994190
-23.870716
-25.775372
-27.141560
-34.348888
-40.564102
-44.862286
-47.101768
-45.791096
-43.494068
-45.982765
-45.771877
-44.263699
-44.219418
-45.257423
-40.164089
-40.749092
-45.027359
-45.028648
-42.393467
-36.028744
-28.792770
-21.616192
-14.458834
-14.314087
-15.243329
-16.356096
-15.317433
-12.791706
-9.827427
-7.067653
-6.279248
-5.476320
-7.717527
-10.240387
-17.880014
-24.600275
-32.759533
-37.369896
-39.648243
-37.677582
-34.973763
-30.307501
-25.740753
-19.181705
-11.969296
-6.656620
-4.557962
-3.031965
-9.772652
-16.509769
-23.359343
-23.386946
-22.599958
-17.331104
-5.006999
-3.283945
-4.323973
-8.883053
-15.436335
-14.577632
-14.660418
-15.206894
-19.459656
-24.161295
-30.278124
-36.536186
-41.465252
-38.116055
-33.646366
-29.713341
-29.086397
-25.857758
-22.060776
-16.829023
-11.384777
-4.650358
-3.630897
-1.253979
-2.013177
-1.299453
-0.753296
-0.093432
1.193787
1.317604
-0.904525
-5.922768
-9.620052
-12.466501
-12.716201
-14.456609
-8.398554
-7.432572
-6.628484
-6.462702
-6.747882
-5.301546
-5.799806
-6.330155
-5.673071
-5.346572
-4.653852
-3.412598
-4.791697
-5.816985
-6.999867
-6.408908
-10.249870
-14.893639
-18.061560
-18.792212
-16.756794
-14.936840
-21.127542
-33.680019
-47.777885
-55.996174
-54.159260
-49.494053
-39.370670
-29.801090
-25.760422
-20.688000
-16.527393
-12.646929
-13.328350
-14.852345
-15.217428
-14.356412
-11.195976
-9.169877
-8.248905
-7.425629
-7.952975
-7.834201
-8.171782
-7.371148
-8.360095
-10.914104
-11.335251
-11.430571
-11.975436
-13.209523
-15.270100
-18.069574
-20.451996
-22.232138
-24.745281
-27.807806
-29.796537
-33.416569
-37.164127
-43.536076
-48.552532
-47.562168
-50.342018
-50.143040
-54.967873
-58.469036
-57.646694
-53.533588
-45.917095
-35.689354
-34.304310
-35.878117
-40.637367
-43.009769
-43.027840
-44.654091
-47.561092
-42.317371
-38.022167
-33.776390
-28.445787
-21.128077
-13.468713
-13.896894
-15.056892
-15.107414
-15.686298
-15.837703
-14.224935
-14.102314
-14.028041
-12.979212
-12.406902
-11.724377
-10.166766
-7.923316
-5.568408
-4.316567
-6.889858
-5.046036
-7.501223
-11.298440
-13.403876
-12.878230
-11.675366
-10.082888
-11.028937
-11.178817
-11.029516
-12.188278
-11.986568
-13.576658
-16.780485
-20.538256
-24.279184
-22.195704
-22.113216
-26.976187
-28.986174
-25.881516
-24.380091
-21.081156
-16.853231
-14.309800
-14.269190
-23.745153
-35.079952
-42.687431
-49.539795
-55.387779
-58.710007
-56.507996
-54.971878
-51.995831
-49.063641
-41.764870
-39.658169
-34.016537
-29.465698
-22.676275
-12.878260
-4.850896
-1.691903
0.438933
1.762663
0.524892
0.761024
0.314688
-0.278332
-1.031669
0.501590
0.567087
0.591469
-0.483710
-0.580264
-2.893765
-8.487055
-13.063681
-12.907778
-10.953567
-7.674007
-2.273766
-4.510996
-4.786260
-5.224105
-5.709785
-4.524626
-3.372729
-1.806658
-3.669133
-7.086581
-11.344759
-17.350765
-19.133163
-20.968348
-22.225584
-0.685171
-2.327383
-7.834428
-15.145547
-25.798639
-36.508938
-48.584621
-56.518166
-64.798477
-64.722336
-60.224781
-53.381020
-47.024200
-41.078609
-48.693352
-48.983414
-46.507240
-41.945271
-30.696245
-27.561510
-42.198120
-52.693306
-49.373817
-48.265888
-45.282825
-26.979372
-17.307976
-13.929285
-12.884959
-16.484167
-19.149948
-27.670536
-41.892101
-49.237507
-50.605080
-52.825188
-54.027412
-46.143021
-33.569748
-26.083946
-25.606222
-25.792212
-20.877789
-14.745324
-13.074751
-10.252140
-23.474808
-35.812473
-45.680714
-48.490051
-51.316116
-48.467609
-43.565174
-36.114826
-29.087116
-15.250484
-6.510354
5.140665
-1.590279
-4.698117
-12.234777
-6.036028
-0.959911
10.093587
18.746298
10.056947
-17.360146
-46.057877
-67.960556
-68.821045
-58.348225
-35.767075
-21.540625
-8.439543
-9.636020
-9.928895
-15.771287
-19.711220
-20.987259
-20.785170
-23.511082
-18.767822
-15.957575
-10.552623
-3.741977
2.499201
2.113102
-5.409589
-10.811018
-15.483003
-18.156147
-12.543171
-10.282589
-5.893762
-9.623933
-21.411444
-26.679764
-28.913879
-25.351915
-19.116373
-7.705859
-8.463084
-15.551192
-10.030899
-5.033738
-4.474158
-5.449971
0.478228
-3.095921
-11.808576
-20.499817
-23.413113
-22.221195
-20.050350
-15.993710
-11.387117
-7.705456
-3.566554
-2.978774
-5.428406
-12.237374
-15.516679
-23.517071
-49.477062
-66.364388
-77.600128
-80.393532
-52.744175
-15.319494
5.275579
15.255180
15.107105
0.688610
-22.346613
-32.690292
-42.871456
-42.213978
-37.998581
-27.224413
-24.778072
-24.348345
-23.715820
-22.246563
-19.875616
-17.981878
-16.094912
-24.279423
-28.934549
-30.931963
-23.678329
-13.782910
-10.534290
-10.970847
-12.839540
-18.166679
-30.004932
-35.610909
-38.138985
-39.974045
-42.768620
-50.332787
-60.129147
-64.402092
-60.000912
-42.946587
-12.280159
-1.214802
-15.733526
-25.541534
-27.829664
-30.261732
-22.916574
-17.910246
-40.143810
-59.941872
-79.037033
-97.571190
-89.801056
-70.015053
-53.430084
-37.273445
-33.300842
-30.255211
-31.077263
-36.247112
-45.240341
-42.511097
-45.200710
-51.196114
-53.770256
-49.804501
-47.140083
-46.231117
-46.810612
-45.808643
-40.646439
-42.118473
-40.148643
-42.118313
-46.720726
-49.384125
-53.456562
-51.130394
-45.245834
-31.812195
-12.038343
3.691375
12.394699
13.668842
10.690911
10.464833
10.035252
11.717728
11.904946
15.590424
13.133149
9.153846
10.879204
14.272413
23.927525
28.945436
33.060658
26.300375
20.376980
22.940496
12.122065
4.037067
3.063854
5.060786
-4.211549
-16.518454
-19.398020
-23.287615
-25.833023
-23.649157
-15.557052
-11.196357
-5.373045
0.115449
3.843615
5.759645
14.051487
20.235195
23.446333
13.322781
-9.895065
-29.880230
-43.963337
-61.028976
-71.651474
-67.538651
-67.717369
-67.105087
-67.128479
-69.750168
-74.121399
-75.364632
-75.566811
-72.301559
-64.296310
-50.512016
-22.256283
1.484717
14.945186
20.855413
16.033283
4.667210
-7.137234
-15.176957
-16.657274
-13.223440
-11.438142
-10.525788
-7.714055
-3.033306
-0.477140
0.681196
-7.100972
-20.173599
-24.769901
-0.983988
-2.031761
-3.377595
-4.633142
-6.254082
-9.261517
-13.223819
-16.381659
-19.225243
-22.213255
-20.607941
-15.349409
-10.227741
-7.208792
-4.094970
-3.968485
-10.040741
-18.306168
-27.322275
-29.702532
-29.598883
-34.730350
-43.350906
-40.540070
-38.483650
-42.947849
-48.687107
-45.678059
-51.174980
-60.423489
-61.420300
-57.139565
-48.380356
-33.312912
-16.086823
-5.438626
-3.118132
-5.625999
-4.080608
-2.231287
-0.494678
2.167798
0.171761
-2.628584
-7.183669
-16.259064
-30.550276
-46.718239
-55.379738
-63.000198
-62.000843
-55.045017
-47.937351
-40.645416
-32.438675
-25.578642
-21.491665
-20.690216
-17.185371
-13.299240
-11.592564
-17.654818
-17.271952
-19.898851
-26.095732
-23.179705
-19.363815
-17.119308
-17.407755
-14.640027
-8.702482
-12.602372
-12.941490
-11.413035
-14.322379
-24.297375
-31.054634
-41.178207
-45.270737
-43.100597
-38.005119
-34.380161
-26.300833
-25.365377
-21.373051
-23.564970
-17.663040
-13.829354
-11.390356
-10.500090
-5.007773
-4.774799
-3.342557
-2.925429
-2.482837
-8.724030
-9.061883
-10.896328
-13.219975
-18.807669
-23.664780
-21.271988
-20.449745
-23.559725
-22.742020
-13.965110
-10.089020
-12.192229
-17.316290
-22.489822
-25.098665
-23.368298
-20.903412
-16.127583
-10.766050
-8.169544
-7.697104
-8.271301
-12.725620
-20.333364
-27.666159
-32.079735
-34.911861
-40.623756
-55.307987
-57.997215
-61.551147
-66.304321
-68.535652
-57.822975
-44.001789
-33.171890
-22.918976
-14.681564
-13.946081
-12.452832
-13.605553
-13.495480
-12.656618
-10.496980
-8.941097
-6.426244
-4.688899
-5.571507
-4.801085
-4.142251
-5.166523
-4.675834
-8.884844
-16.812092
-21.997541
-22.921799
-21.230459
-14.698289
-15.477926
-15.513748
-14.215147
-14.334332
-14.058135
-15.372285
-22.993443
-26.001640
-29.212055
-31.368357
-29.588604
-23.577627
-22.913574
-21.509916
-24.891809
-30.644634
-33.510044
-37.099205
-40.307766
-38.639820
-41.134830
-45.946766
-42.530563
-44.588379
-49.842972
-50.919422
-56.041439
-66.402382
-63.247944
-55.160629
-48.027962
-31.962591
-13.903581
-6.569210
-2.786735
-6.597120
-8.370327
-7.930192
-7.272850
-7.269275
-7.512964
-8.166156
-6.117011
-6.023146
-5.432524
-0.452202
3.516143
6.728746
12.790836
14.235166
14.302360
8.981586
4.721775
2.780441
3.622663
2.790796
3.311719
3.570024
0.606263
-2.506907
-4.591229
-8.559629
-14.971767
-15.439669
-18.845207
-17.714384
-22.242880
-24.870632
-23.720276
-23.905884
-23.378494
-18.523203
-15.706531
-12.232350
-17.509275
-24.296038
-31.401403
-40.083130
-49.239864
-57.323811
-58.270020
-54.527493
-49.214222
-49.668236
-46.004013
-37.556061
-33.326603
-30.231873
-30.577108
-29.166071
-31.036673
-28.790243
-24.172335
-22.201914
-18.476269
-16.029388
-16.542250
-17.023991
-20.734936
-18.844900
-17.591013
-17.320242
-17.573492
-18.261417
-18.354568
-20.326506
-23.799244
-28.154770
-33.807259
-27.923416
-17.803368
-13.735679
-14.345271
-14.768770
-18.085146
-16.930050
-13.266642
-9.312161
-5.594074
-3.467526
-8.451150
-15.623221
-26.735361
-37.065174
-41.360905
-41.764271
-0.965127
-3.843700
-8.930223
-14.576616
-24.460791
-33.623890
-40.586834
-46.135933
-51.841713
-54.764412
-59.840137
-65.186813
-66.589310
-72.336334
-69.112068
-60.627979
-55.721298
-52.486134
-47.611759
-51.176125
-50.944016
-42.246441
-28.818281
-25.773718
-24.675280
-19.843899
-18.400145
-10.588295
6.492275
20.175819
29.102470
26.569977
23.264984
7.033621
-9.123984
-19.565771
-24.350010
-29.732214
-30.460236
-31.009249
-31.650963
-27.409061
-19.683071
-14.343103
-9.859059
-6.486450
-4.007725
-1.755852
-0.884110
-2.311106
0.252906
-1.061947
-3.459439
-3.682010
-4.717812
-8.412232
-10.632293
-10.699806
-9.930710
-4.452923
5.533197
3.386614
-2.230501
-10.440733
-14.481362
-22.324450
-41.171352
-48.020870
-45.030941
-44.089077
-42.321178
-32.483982
-20.040279
-15.329734
-13.237033
-1.096663
10.868592
18.830950
24.022224
20.322142
18.301044
14.924158
5.937079
-1.107444
-4.519701
-10.770624
-17.940741
-15.900651
-15.384521
-14.850290
-12.747099
-8.602399
-7.971060
-9.633864
-16.078899
-26.963654
-23.926857
-19.390881
-17.277773
-15.399780
-16.570482
-30.169975
-58.892677
-74.482361
-72.755722
-71.910599
-54.249855
-24.198483
-6.171842
1.924115
4.890354
6.229825
8.370511
6.535403
1.392857
-3.773804
-8.170693
-19.745646
-22.555412
-22.884916
-20.397667
-23.116636
-31.228489
-49.424320
-36.790806
-21.072817
-3.233726
21.208506
36.139626
29.493011
11.373817
-7.072433
-20.222916
-29.162333
-37.433926
-41.310455
-40.132755
-36.284779
-36.850090
-33.878925
-26.973110
-20.151604
-21.270245
-20.043427
-13.242093
-7.989572
-5.463587
-6.969802
-7.847531
-18.486717
-41.003628
-53.849113
-60.791000
-70.926262
-68.555214
-55.381660
-55.532230
-59.304932
-61.645401
-68.138283
-76.228210
-76.158249
-73.072365
-69.552956
-69.319199
-70.125168
-71.266113
-65.001526
-39.424881
-16.588442
-23.166040
-30.418205
-48.233650
-73.263687
-90.686600
-89.460411
-90.421776
-75.977852
-52.673752
-29.944906
-1.760099
15.503496
22.436745
22.981440
13.233441
-0.359022
-17.053137
-27.752151
-36.598816
-40.242626
-36.293041
-36.475071
-34.861591
-31.435259
-32.392426
-33.390270
-32.500038
-39.425438
-45.374199
-53.071796
-59.355709
-65.219009
-64.299522
-60.445683
-49.634815
-43.645828
-39.115200
-31.547829
-31.160320
-33.523445
-31.555389
-31.971163
-28.778374
-27.188389
-26.854034
-22.602417
-17.439821
-16.315151
-12.169387
-11.067535
-13.000093
-6.814312
2.958451
-0.146086
-5.448073
-13.999810
-15.746014
-14.175231
-12.856254
-7.542810
5.522019
10.692231
16.172916
22.247677
27.296133
30.820478
32.718956
32.400082
28.438120
21.457050
19.483356
12.792115
4.306510
-5.061345
-11.680223
-25.038733
-33.859032
-44.915218
-59.490704
-63.931019
-62.030865
-63.414597
-62.963257
-64.127541
-68.639244
-72.215866
-76.723877
-81.859489
-85.535446
-85.785851
-82.606514
-74.275467
-65.622063
-59.270588
-45.968288
-26.720144
-12.645798
-5.086885
1.263918
2.761602
-0.018370
-2.821842
-5.582422
-3.462931
-5.885076
-12.255514
-16.318424
-17.990347
-17.842634
-13.209735
0.035348
1.834802
4.986441
8.340384
11.913562
15.812184
17.779215
21.875568
26.116787
29.500666
25.589495
13.051844
-13.864530
-61.818703
-128.923126
-189.588547
-232.961456
-264.203583
-273.588165
-263.216644
-256.183929
-257.482422
-253.661560
-256.660126
-259.219116
-256.815247
-255.924896
-251.175110
-247.889114
-237.576569
-209.458160
-165.245407
-122.224564
-68.798172
-25.221897
-1.372809
8.958719
12.267299
11.694028
9.993758
5.318786
1.590914
-0.431581
-7.600489
-11.323555
-13.525288
-20.674976
-26.132318
-23.337395
-22.758308
-22.710064
-17.134012
-12.805429
-10.126063
-6.550510
-4.498599
-8.521367
-16.729269
-25.842844
-36.170162
-42.948025
-44.224358
-47.520214
-44.550014
-35.607754
-32.792202
-35.992664
-37.612293
-33.880630
-23.917767
-9.599420
2.925595
5.105608
-9.493615
-43.722740
-84.601418
-118.272636
-140.429443
-156.562515
-152.483932
-134.873718
-121.765839
-121.513649
-110.463737
-98.118217
-80.662697
-66.750023
-48.245716
-36.311024
-27.340982
-20.877171
-15.555852
-12.547158
-16.419668
-24.487293
-29.624294
-30.299520
-32.035011
-26.762764
-20.588034
-22.086035
-36.924355
-58.132301
-66.399246
-67.001846
-60.420525
-48.861706
-30.337143
-28.421570
-36.851093
-47.869389
-54.092953
-52.545769
-47.870144
-50.100986
-55.282349
-60.581196
-69.042305
-84.919159
-101.393394
-118.903214
-136.516327
-157.667343
-177.609253
-183.743271
-187.872681
-181.526382
-158.387924
-128.983887
-92.686958
-48.948124
-8.765549
14.963011
22.271879
19.292480
14.307303
12.822306
14.056970
17.948547
19.697403
20.045206
18.718773
18.509388
18.468161
17.757614
15.666517
15.521514
13.109691
8.592093
1.138194
-13.726482
-29.311573
-38.113529
-39.234013
-34.443066
-20.099567
-4.532553
5.417082
11.347993
15.492839
17.573029
16.283249
19.014036
19.986675
16.338776
-3.127990
-45.898479
-113.893509
-175.150726
-216.545120
-251.804489
-267.618317
-268.160431
-268.128052
-277.006989
-282.835785
-288.931671
-278.884949
-260.507812
-244.929443
-231.279556
-203.057404
-174.973511
-143.759445
-109.092232
-62.139526
-25.425800
-0.688817
6.926640
7.577367
7.412851
6.712970
6.293035
5.763067
9.250949
8.095218
4.770320
1.379425
-3.552038
-16.620564
-33.403687
-43.430775
-53.461182
-58.695827
-59.268452
-56.246231
-55.862213
-55.509068
-54.995937
-52.779678
-52.632732
-53.594727
-45.701145
-40.441208
-34.216095
-23.721199
-10.467118
-9.476571
-7.403526
-10.774961
-12.269860
-17.461529
-19.695812
-16.594603
-12.177185
-10.567990
-7.584758
-8.416224
-20.423737
-56.364170
-107.873932
-151.350327
-183.965042
-201.337677
-201.820938
-186.875198
-169.325348
-156.454941
-145.695145
-141.113892
-133.323486
-119.430450
-104.825691
-90.070435
-74.460884
-66.235336
-68.216835
-69.465614
-68.616592
-62.362476
-59.801441
-56.924606
-51.880592
-51.440723
-55.594074
-59.713676
-64.924561
-74.438972
-78.511711
-80.636070
-80.279564
-69.766464
-53.009106
-40.301701
-37.039574
-36.995415
-43.780605
-47.558060
-51.245678
-47.806534
-39.873608
-37.531544
-39.225521
-46.076603
-55.417652
-73.615494
-94.482460
-112.845146
-134.432922
-156.701401
-0.017251
0.576887
1.567261
4.266806
5.515976
7.109291
6.938660
5.971260
1.911976
-4.985353
-12.547711
-38.985756
-76.431091
-123.637299
-178.837936
-227.997818
-248.247223
-245.228867
-227.268723
-201.206635
-171.547165
-150.012634
-135.023254
-129.869766
-130.968781
-128.258469
-129.251175
-127.193321
-124.984406
-113.575974
-98.390450
-80.004150
-59.059071
-34.744675
-19.997784
-10.692466
-5.044813
-5.459553
-3.791025
-1.207443
2.575277
3.185631
3.478253
-0.753659
-6.275253
-9.728454
-17.507235
-18.881174
-22.395184
-22.666719
-22.405157
-17.793613
-13.188641
-12.100577
-8.854962
-1.895012
7.762616
14.521067
3.697536
-9.528860
-38.728809
-55.384514
-66.373573
-59.430683
-43.598301
-20.545591
-0.923725
10.687255
15.821313
10.061357
4.645568
1.270149
-7.963027
-20.207638
-38.258240
-57.803608
-76.101303
-81.306236
-84.827950
-80.048538
-71.500427
-68.140846
-73.633698
-68.978951
-61.258801
-49.117592
-35.436729
-16.039688
-6.793633
-0.451366
-1.837203
-3.324341
-5.997271
-7.271984
-8.409382
-4.549035
1.394103
0.068436
-7.746741
-12.267433
-13.820843
-23.478006
-25.228104
-17.032932
-5.871706
5.928874
11.493609
11.429126
6.476486
-1.104703
-16.129942
-28.597084
-30.364367
-35.984924
-48.705330
-60.241917
-57.922703
-47.980148
-37.905262
-48.163906
-57.264603
-80.659554
-102.949142
-112.918549
-98.643166
-92.660110
-89.013809
-86.520088
-80.620399
-74.491096
-56.940887
-32.285378
-14.045408
-2.330959
-0.519031
1.070179
2.148583
3.127638
3.537439
7.230010
10.234629
8.746728
11.267492
12.342975
9.410659
11.504463
6.184547
1.459618
-4.959468
-8.641294
-8.797620
-7.257424
-11.931960
-16.193661
-28.268147
-45.893047
-54.503456
-61.198009
-69.406364
-71.042160
-72.307068
-82.735039
-89.176872
-103.580002
-128.901154
-142.599777
-170.631454
-202.008301
-228.464676
-241.752319
-259.614044
-255.650238
-233.713806
-189.822952
-150.056412
-114.060844
-94.783546
-75.336311
-69.419060
-70.508774
-79.100029
-74.769836
-63.852310
-53.533558
-42.302837
-26.295881
-9.114594
-2.462011
4.655270
4.927445
5.353436
3.253236
2.596457
-0.536840
2.332986
1.126915
0.569158
4.438107
4.495077
-0.794572
-1.913217
-11.450874
-29.082832
-45.607868
-49.987404
-55.620182
-55.631859
-51.718426
-44.042934
-39.693092
-42.037163
-43.244289
-37.090668
-33.933266
-21.337755
-13.886173
-14.732441
-30.293283
-32.084476
-29.884228
-30.950104
-34.315624
-22.398912
-13.090181
-10.171519
-5.149903
-2.809037
-7.829451
-22.107738
-57.155918
-92.622337
-108.452141
-118.682869
-120.749496
-119.340828
-113.847298
-107.034599
-101.496506
-97.128120
-97.386169
-91.198051
-81.813957
-72.142395
-62.415249
-46.107143
-27.521603
-14.272700
-3.779824
2.015989
6.157804
8.984573
6.537753
5.186979
4.940145
8.888136
8.954000
8.586419
5.111333
-4.275923
-11.692265
-20.386034
-21.042238
-21.654232
-14.138487
-5.702944
-2.396975
-3.585569
-8.228376
-17.568493
-24.515610
-20.812254
-21.404852
-25.933289
-31.340590
-32.522758
-33.055813
-28.986971
-35.225574
-50.959869
-65.865204
-1.502653
-3.815575
-6.847375
-11.604271
-19.285580
-27.194353
-32.367104
-33.601719
-35.862404
-37.623394
-48.925831
-68.951904
-98.881386
-136.431595
-179.944550
-210.864380
-234.412094
-237.938141
-230.681458
-205.392441
-189.960342
-185.906021
-174.395370
-156.568222
-146.980133
-141.751816
-148.126007
-160.893692
-176.701050
-180.352524
-162.677872
-133.109711
-100.842171
-65.254135
-41.584682
-31.182135
-27.736433
-29.250349
-25.990782
-24.106632
-24.783615
-23.394447
-24.391726
-25.755663
-25.619331
-19.324104
-14.064649
-7.797229
-0.348202
-2.048048
-7.995134
-8.773443
-9.098863
-7.886075
-8.623233
-6.260684
-4.616843
-8.158072
-26.106804
-41.523022
-57.983559
-63.967163
-58.308952
-43.751839
-33.487598
-24.685556
-35.086819
-47.201637
-54.960072
-66.692940
-66.131989
-46.856907
-33.830330
-35.154961
-55.435005
-77.393883
-91.024361
-102.942848
-114.492134
-111.478889
-100.634369
-95.931641
-97.286232
-88.754745
-75.519600
-54.894901
-34.672348
-27.651768
-27.508266
-25.957426
-20.742937
-14.332548
-11.658149
-18.171715
-24.446630
-34.517525
-38.471058
-48.169823
-46.996758
-39.041534
-26.992052
-19.514189
-24.056086
-37.355545
-42.054893
-43.049141
-40.474201
-37.154068
-36.858360
-41.260902
-45.673504
-49.524597
-48.005516
-44.950127
-46.552933
-51.772511
-56.801983
-61.547085
-64.663101
-76.855804
-88.781464
-103.943161
-105.661133
-105.901588
-105.847870
-126.771149
-145.063019
-143.189011
-108.583931
-65.101318
-29.943251
-12.100971
-8.602444
-13.002371
-26.251862
-32.378853
-35.755650
-36.011517
-29.921368
-21.423695
-17.711332
-24.513323
-27.251608
-30.029781
-31.063202
-32.246342
-30.619921
-28.489605
-25.952515
-24.404755
-28.310272
-45.732174
-61.850479
-77.488342
-86.416130
-83.048836
-78.726570
-79.241150
-84.966927
-86.120522
-87.391418
-95.664673
-103.693352
-114.663239
-142.271652
-154.845032
-174.884827
-198.406784
-220.151474
-232.455124
-244.092499
-235.041031
-202.457947
-192.110199
-196.070175
-197.513657
-200.311386
-189.700760
-177.812561
-177.201401
-180.921417
-173.306458
-153.711044
-128.019547
-96.621346
-64.230682
-42.056957
-36.950836
-37.386971
-43.466019
-42.864159
-40.424206
-38.503036
-37.551815
-30.411190
-32.913780
-30.905489
-28.457867
-36.929996
-51.780533
-58.159630
-75.363518
-85.475212
-85.309799
-72.129173
-54.897778
-44.211338
-40.080982
-36.368114
-35.785545
-36.043888
-37.281017
-30.856876
-26.181297
-16.228205
-5.692860
-4.778265
-20.143330
-26.448816
-32.911736
-28.388695
-25.596289
-4.625218
-0.178311
7.321035
1.601539
-7.016387
-23.430254
-36.673717
-59.165924
-89.448349
-113.106018
-133.714432
-146.521561
-143.801651
-134.737518
-123.561111
-112.983543
-109.946411
-110.161217
-105.410980
-91.194115
-72.208321
-56.441002
-38.403385
-40.751648
-49.336647
-54.323391
-56.001137
-59.952251
-57.184143
-58.258560
-60.244148
-57.077019
-55.451229
-56.720131
-61.513184
-69.673088
-69.891663
-67.350021
-63.358131
-51.039734
-36.188374
-25.254583
-22.070534
-29.837530
-33.637962
-39.453747
-40.351501
-35.049728
-27.563698
-27.735579
-35.255680
-42.407135
-48.746876
-54.824070
-58.699646
-63.871189
-82.117264
-92.141930
-3.537874
-9.750501
-17.305676
-28.176523
-42.271748
-52.755157
-61.178165
-62.118874
-67.551407
-74.555534
-79.780937
-80.848984
-79.665901
-79.514671
-78.431488
-75.028069
-73.326302
-58.817680
-48.301582
-39.281662
-33.231270
-25.664898
-18.971600
-15.985694
-16.777660
-20.597118
-29.483862
-35.015129
-48.251503
-53.971775
-51.715557
-47.512741
-39.656944
-39.937077
-46.559483
-52.575848
-55.443230
-56.559471
-51.210419
-47.179436
-45.995544
-36.046524
-27.092216
-19.636194
-15.637551
-5.291409
-1.247107
0.926529
8.982363
11.671900
14.680845
13.877751
12.610418
9.229171
6.592205
7.757834
-1.726844
-8.386860
-14.537595
-11.484562
-14.614742
-17.167564
-17.631559
-17.974039
-20.541119
-26.628105
-32.444164
-36.998940
-33.547646
-44.068329
-53.039207
-45.571465
-40.260563
-37.909405
-34.097534
-26.354349
-19.200777
-12.943117
-11.428701
-8.179493
-5.699194
-5.284022
-5.311407
-9.491154
-9.657954
-8.962198
-6.011280
-7.113713
-7.410780
-7.838050
-9.049460
-6.972268
-7.027026
-13.307935
-13.709755
-17.079576
-5.844091
-4.837531
-6.530507
-5.935786
-4.351993
-4.103585
-9.918912
-15.559571
-15.483091
-23.918406
-35.752171
-39.975163
-39.862259
-36.195820
-30.425390
-23.404871
-22.595907
-23.208153
-25.398117
-28.912441
-29.937153
-30.289862
-28.277382
-30.361601
-26.645838
-31.457661
-28.875696
-22.810423
-8.024151
0.395918
1.230329
-2.640549
1.097595
-5.951294
-18.877739
-24.999722
-28.157644
-46.685135
-58.161301
-54.858334
-50.669704
-48.511169
-42.434296
-36.089634
-34.020115
-27.674843
-27.297092
-26.588528
-26.339756
-31.020573
-28.196085
-23.989868
-18.395721
-16.072218
-14.408756
-27.338875
-42.188465
-60.743481
-71.279121
-74.720734
-75.480453
-80.332870
-82.993713
-86.079987
-88.979553
-95.803947
-99.539635
-95.487175
-96.712296
-88.360481
-80.169373
-78.469933
-66.185074
-57.900158
-52.455769
-53.746143
-44.028996
-42.855858
-36.209183
-30.476736
-28.766777
-27.780575
-30.536201
-34.597164
-37.965862
-39.653019
-34.526810
-26.397493
-26.499998
-34.469074
-46.116318
-56.944908
-63.302799
-66.023071
-63.666870
-59.629539
-58.920021
-54.072891
-53.768639
-50.790730
-50.298168
-50.076595
-56.864021
-65.474091
-61.699017
-64.034271
-60.881744
-50.187412
-35.709324
-26.197802
-17.784311
-6.719196
-0.661470
-1.960765
-1.471484
-2.027835
1.601325
0.582794
2.841487
2.867761
0.047258
-8.993747
-13.525608
-16.531380
-15.808313
-6.413948
3.559841
0.918146
2.506405
-7.249831
-9.994657
-16.564909
-25.593132
-20.618507
-17.035479
-14.343789
-11.857514
-3.472498
2.776643
0.124437
-0.829771
-1.125283
-3.469651
-5.724060
-3.717794
-7.941681
-7.089271
-6.931287
-11.982095
-23.917807
-29.123798
-36.743988
-44.516232
-45.595173
-45.016422
-46.426575
-49.814926
-47.101807
-49.744587
-49.195213
-49.856960
-49.128902
-41.737164
-34.240887
-27.009634
-21.841057
-15.872071
-14.297415
-19.104942
-28.217724
-26.541893
-23.259323
-15.272937
-4.113142
-1.669195
-3.161031
-6.410546
-6.050079
-7.450933
-12.079823
-18.181427
-20.438946
-22.623791
-20.087196
-2.887152
-8.037144
-15.346155
-25.888674
-42.572021
-56.997341
-70.171745
-79.189690
-89.499313
-95.712700
-95.429237
-84.352669
-72.300903
-47.712299
-15.761541
7.534883
22.613308
35.438953
35.687916
36.056217
35.785614
43.304798
43.602200
35.314960
35.609612
36.085167
45.908497
57.055332
60.112038
57.952026
48.152519
37.842857
16.733595
-12.250225
-38.379932
-57.756802
-69.352730
-73.114304
-62.958981
-54.058380
-50.226070
-41.447159
-29.399170
-20.063202
-13.848726
-4.597620
3.458752
4.900072
8.811426
11.656450
14.676037
12.858400
9.774174
6.057288
3.024884
4.056333
4.295142
6.786139
11.936590
24.014889
28.834658
27.620506
11.333084
4.324956
-3.641176
-16.359550
-34.738144
-40.647343
-43.652962
-51.101002
-54.789654
-40.825314
-32.183388
-24.943813
-4.054450
11.473322
19.646034
28.563662
33.558491
39.895275
36.085461
36.823254
35.149090
26.612839
19.491861
12.266891
6.798368
0.196956
2.697963
-1.321676
-6.114282
-4.741875
-3.491688
-4.580252
-8.275469
-15.344992
-17.546240
-13.231577
-10.398417
-11.946384
-3.783437
-9.990471
-10.482210
-9.438145
-8.129797
-9.504129
-6.319181
-1.721793
4.947707
1.117157
-0.293400
2.412404
7.369663
8.751347
8.317097
11.081697
7.398088
2.769951
-0.594979
7.962533
18.434834
26.717169
35.047421
32.223103
40.791588
48.824059
57.499039
60.064995
58.062645
38.163013
11.251673
-8.466768
-23.379593
-45.279221
-62.760212
-70.159859
-68.958282
-74.231758
-67.354134
-57.636032
-49.964363
-42.301083
-44.351231
-45.197983
-43.408161
-38.377590
-34.934502
-32.335762
-28.950907
-27.067898
-22.519676
-23.191145
-25.498533
-33.722721
-42.501423
-53.026615
-66.019386
-75.191307
-78.783310
-85.543007
-90.792511
-97.727829
-105.959251
-107.725121
-98.423363
-89.600182
-60.091568
-24.702179
2.243896
29.190159
42.190117
41.272964
41.162674
35.392628
31.876783
33.735577
27.825960
23.687227
29.934685
39.877502
52.100929
64.287003
59.684956
51.786831
31.689480
-7.990016
-35.776779
-56.439865
-77.107735
-82.675575
-76.174278
-73.389465
-69.638107
-64.718231
-65.049614
-62.852093
-60.852669
-64.662880
-66.379562
-73.238060
-70.649406
-60.403740
-56.896954
-41.372437
-27.737404
-19.550482
-11.687784
0.085705
1.894080
-0.314472
-1.064359
-0.999530
-2.088454
-2.626125
0.094668
-1.866535
-2.703662
-3.825856
-2.934897
-6.045176
-12.102839
-5.394654
0.786937
-1.450909
4.996481
5.467124
1.584515
6.089317
6.222129
3.475441
19.431267
26.734894
35.065384
42.954422
47.576870
44.489372
42.816429
37.341660
38.570957
36.070244
31.828703
26.274328
18.820477
14.644812
14.145077
3.752822
-6.424362
-19.868538
-35.292686
-46.666901
-50.020187
-48.645561
-52.921558
-51.175224
-54.234028
-54.358849
-54.673653
-50.875542
-49.224300
-49.180786
-43.920677
-37.932194
-20.432053
-9.886160
-0.124956
12.466265
15.701723
9.233715
9.107090
9.368050
10.253246
10.536165
9.010387
10.152811
10.847910
10.682598
14.625257
21.437305
25.181572
32.523403
-2.017792
-6.219959
-13.225060
-22.762178
-34.318207
-44.566883
-59.132694
-63.743526
-64.786903
-66.349823
-69.359634
-73.013885
-86.811401
-118.967941
-183.296021
-247.683487
-293.360260
-320.246826
-331.704987
-320.203888
-306.512909
-299.962067
-298.472076
-293.912720
-296.306763
-271.013214
-255.393097
-233.508209
-218.676254
-185.322281
-162.224930
-123.095581
-92.143837
-67.278526
-52.022072
-48.942142
-51.541603
-50.534401
-42.245960
-34.786812
-31.629148
-28.695963
-22.249268
-27.192636
-29.193977
-42.427120
-74.230019
-104.078575
-123.356895
-136.809265
-136.872849
-118.352333
-99.536102
-83.896576
-62.261902
-37.823578
-22.910063
-13.737374
-12.623614
-23.743578
-37.007774
-52.533150
-69.465714
-73.446220
-72.060410
-76.136162
-90.895912
-105.384094
-108.085915
-93.855103
-74.731094
-51.710663
-35.915707
-35.644096
-57.799389
-94.879524
-125.363274
-148.771622
-154.695068
-142.888123
-124.391594
-111.652275
-92.612900
-83.142448
-66.158913
-59.397533
-52.984310
-46.376419
-39.977238
-33.600636
-29.528044
-27.538397
-17.818319
-23.237402
-36.929100
-58.760090
-70.684967
-67.267815
-66.451721
-65.382492
-65.358986
-84.731514
-107.635338
-105.651108
-94.519241
-72.216629
-53.265949
-14.480064
-1.551131
-3.827364
-15.217689
-25.264963
-33.371136
-39.094856
-51.687145
-61.590363
-65.982605
-68.234924
-61.577194
-57.746887
-50.507412
-58.725395
-92.053078
-150.119446
-201.029922
-232.589523
-241.661316
-226.941223
-186.691208
-143.838455
-99.363152
-57.162739
-30.348381
-31.691988
-49.734566
-59.444012
-59.928413
-53.272293
-48.797676
-41.593285
-39.152885
-40.777222
-40.892548
-42.529434
-48.592392
-43.425213
-41.379471
-47.607033
-49.609756
-58.224934
-77.074127
-90.620995
-91.862976
-96.910126
-101.732208
-105.094910
-92.891098
-80.583580
-67.136436
-60.917889
-66.855186
-89.036469
-110.831680
-121.369019
-129.466522
-132.906509
-152.203781
-186.734589
-227.435776
-241.636780
-270.266876
-292.829926
-312.387848
-321.548492
-336.797821
-336.508484
-333.371094
-313.427032
-283.474213
-253.981888
-210.970200
-155.068893
-115.149979
-82.476685
-60.368191
-54.681965
-45.298122
-45.589226
-55.443340
-62.040104
-64.641205
-62.155670
-62.582817
-59.245316
-57.854061
-51.319305
-53.043293
-53.562397
-61.146870
-72.639870
-82.437263
-82.380577
-72.525269
-55.518826
-48.029022
-39.710331
-37.663284
-37.028519
-31.255552
-23.382135
-27.861834
-29.246691
-21.692953
-17.829969
-14.231066
-9.777148
-11.107083
-11.326931
-12.685029
-13.529231
-19.461353
-18.198286
-13.000552
0.315405
-12.242770
-13.607914
-13.817529
-18.743406
-39.624084
-76.275642
-119.775795
-147.410416
-168.876663
-178.990616
-174.527054
-165.801010
-162.873383
-156.557556
-147.330704
-134.960114
-115.386551
-93.828560
-72.634056
-71.944298
-77.151833
-85.594124
-96.599495
-106.625938
-108.804390
-108.230576
-105.673347
-108.534828
-114.449303
-111.032928
-110.431564
-115.395081
-120.715996
-127.124260
-140.327530
-149.603790
-156.289398
-129.924606
-104.657646
-75.762115
-47.819447
-18.101959
-18.564966
-17.309650
-21.950159
-24.000509
-24.031061
-32.432247
-47.603409
-52.508804
-53.624237
-53.428017
-51.824490
-45.261177
-51.428860
-72.244377
-0.890112
-3.268445
-7.185303
-14.181815
-23.660433
-30.750547
-39.169483
-46.952431
-49.427822
-57.825413
-63.238255
-70.782532
-82.336609
-98.412560
-111.051056
-134.033875
-133.118530
-145.588837
-157.482925
-149.376846
-134.646271
-121.293381
-120.695236
-108.136841
-104.175591
-108.913147
-121.105904
-128.689194
-143.954391
-140.376587
-128.056992
-91.102287
-74.323936
-49.688786
-39.334396
-39.465641
-38.420250
-40.791813
-38.811859
-35.157135
-30.903261
-31.292406
-29.511019
-29.785175
-26.045588
-26.844421
-30.498888
-36.253300
-33.344112
-34.725464
-41.489567
-34.547153
-29.999718
-27.306152
-25.919357
-26.764376
-23.578876
-30.623171
-28.832285
-43.533043
-56.655811
-41.020191
-49.701775
-49.102592
-35.320850
-43.929218
-50.947178
-54.793465
-58.224655
-52.431683
-49.089439
-36.051262
-38.240383
-45.463566
-46.093784
-53.874310
-64.634506
-67.043617
-65.888779
-68.780190
-62.063904
-67.597122
-67.067879
-56.182766
-55.515030
-48.774319
-44.526245
-36.863407
-23.242155
-21.572401
-14.686099
-16.728563
-8.885364
-12.614272
-22.542837
-30.067617
-41.642815
-39.621449
-27.675274
-27.270618
-30.793928
-51.082008
-48.156071
-41.820587
-46.722347
-34.801319
-37.776207
-39.055332
-45.234852
-41.770069
-42.307323
-43.229691
-34.829620
-32.595871
-40.883450
-41.731113
-41.012356
-44.048145
-53.949993
-62.032242
-79.682381
-94.161705
-97.316971
-101.886414
-108.317505
-104.240265
-94.154053
-84.050102
-76.124207
-67.005501
-45.497131
-39.798733
-34.465935
-29.913298
-38.204529
-48.398777
-41.974140
-36.752785
-36.860592
-33.508842
-31.390341
-35.510777
-30.343302
-28.931461
-32.217789
-34.976627
-36.363777
-41.333233
-39.277481
-44.139637
-48.482525
-54.781288
-60.862907
-66.444923
-63.550434
-64.949295
-65.400513
-68.475937
-74.837318
-78.880066
-81.691666
-82.847115
-85.513214
-104.801521
-106.322380
-116.306160
-130.855774
-130.259705
-154.372726
-143.854568
-154.531372
-162.929962
-161.572525
-144.032608
-138.056885
-129.224197
-112.745010
-107.452332
-97.722404
-84.713882
-106.960487
-102.201378
-108.728119
-82.001549
-64.302650
-47.817848
-38.220745
-40.038349
-42.635410
-45.652599
-44.706829
-38.790012
-38.728062
-38.590183
-33.529289
-30.281073
-38.171982
-40.956329
-35.839413
-51.541889
-61.932243
-58.614975
-63.402401
-52.912418
-50.612701
-57.470303
-52.450897
-50.926357
-45.001217
-45.324486
-45.176880
-45.718204
-43.830498
-41.076778
-35.967693
-30.887035
-32.738487
-47.073986
-44.003536
-36.735714
-46.550720
-44.939384
-31.211910
-30.516632
-33.084621
-27.447451
-36.183159
-29.214689
-37.652248
-55.906212
-75.816475
-92.725227
-98.849449
-105.694809
-107.381989
-94.472656
-83.585510
-88.790436
-87.715599
-80.652405
-74.818253
-65.060905
-66.497375
-64.707809
-60.280830
-51.307259
-47.849731
-54.023113
-47.702145
-49.058674
-55.303535
-45.263596
-47.051434
-49.550240
-48.496460
-52.599720
-55.840622
-58.225048
-60.929619
-50.253918
-42.055759
-40.519321
-39.872799
-41.215328
-50.801731
-49.624584
-55.473625
-44.551174
-38.243107
-31.133244
-25.197186
-22.274343
-22.874790
-28.467205
-36.793884
-50.590305
-60.019688
-66.911842
-82.101555
-92.284409
-2.347763
-9.370886
-18.441259
-30.657150
-46.481544
-62.182659
-77.006027
-88.300972
-100.419151
-113.265099
-120.808151
-111.213486
-98.234360
-74.761467
-43.112312
-14.690064
6.957162
26.507914
34.100227
32.666672
31.620319
34.615494
33.802174
32.151981
28.316002
17.246462
7.584447
3.429989
3.417928
1.992658
-4.316445
-6.781781
-16.124063
-29.984480
-42.753849
-50.556499
-57.096359
-61.389313
-56.718468
-49.439079
-42.053391
-32.378189
-26.638878
-24.649061
-18.728935
-15.553081
-24.204805
-34.953224
-43.655567
-52.881393
-55.517323
-53.977879
-47.612381
-42.032749
-34.731228
-29.277588
-32.670567
-38.026703
-32.821926
-27.357594
-25.161842
-22.669580
-15.757796
-8.576615
-19.108503
-29.977562
-43.449413
-49.467037
-61.658676
-74.721123
-79.990280
-66.714554
-50.294281
-37.831097
-22.091450
-6.966558
4.345151
10.996056
13.633492
13.661770
10.032322
7.652287
6.975196
5.314518
1.217836
-3.145473
-6.383088
-12.175387
-11.691333
-13.616590
-9.447315
-9.508242
-7.406409
-10.207891
-11.454361
-18.147568
-24.325207
-28.551855
-28.965807
-27.179897
-24.945860
-28.430233
-33.088657
-42.967915
-51.215443
-56.404743
-57.159691
-54.647572
-48.734673
-38.240669
-25.708445
-15.056366
-8.629396
-3.741727
0.038671
2.473217
0.965518
-2.719165
-1.629660
-1.239389
-3.641074
-7.364641
0.714516
-5.531513
-13.152572
-15.248603
-13.917289
-22.757511
-21.185566
-23.500277
-36.505791
-45.879227
-48.546600
-53.787643
-63.734203
-67.753479
-69.139526
-72.625351
-64.227280
-55.299397
-44.632458
-40.936153
-41.765411
-39.407681
-36.016796
-35.273281
-32.454948
-30.345991
-34.377655
-43.218334
-57.648502
-70.140976
-82.703697
-94.390755
-99.265892
-99.187241
-103.574974
-106.490799
-109.883598
-115.689659
-123.174614
-134.638489
-150.021194
-158.067917
-151.531937
-129.612366
-99.068573
-53.810913
-20.329050
5.492316
20.346342
28.885477
24.948975
19.180939
17.634464
11.876716
5.553110
-4.999702
-16.678762
-26.075241
-26.241085
-25.892715
-20.142786
-12.397789
-14.198687
-27.038370
-45.122688
-58.372162
-65.670631
-70.168480
-66.059601
-64.732025
-58.798386
-56.683319
-57.170460
-54.699135
-55.864353
-55.920418
-57.237331
-61.039787
-57.759865
-58.306408
-53.349289
-38.826717
-22.945877
-22.946728
-18.070988
-12.492851
-15.321104
-17.030945
-15.519127
-15.609318
-13.912979
-16.352131
-18.774643
-20.077812
-23.803629
-34.446686
-35.071106
-42.241268
-39.856945
-30.567490
-25.817501
-26.640980
-23.249197
-27.865211
-26.632130
-26.313982
-25.740244
-14.925889
-3.818601
0.961344
8.675787
17.073112
21.752365
19.320650
16.031853
9.442991
7.206089
3.529444
1.893620
-1.601146
-1.075325
-0.421366
-5.093042
-15.283854
-24.744417
-35.097862
-47.448223
-57.376114
-59.473030
-61.627205
-66.119949
-68.023659
-64.290260
-64.095886
-66.664757
-66.788582
-65.736679
-65.230797
-67.369873
-68.107445
-68.259827
-66.453133
-55.909798
-41.737659
-31.842543
-21.789917
-12.656654
-5.221148
-0.693937
2.670585
4.717868
8.043271
6.249066
0.712064
-8.334797
-10.657513
-13.182756
-8.157997
-2.426976
-7.828252
-15.428522
-23.180241
-32.053631
-39.611809
-50.688568
-58.420479
-66.044472
-75.396904
-76.035126
-80.451790
-91.799217
-122.602036
-172.619354
-236.599854
-275.816406
-304.282684
-308.241150
-295.238953
-285.042267
-280.843048
-278.616119
-280.309265
-281.003143
-259.482483
-231.462540
-197.827393
-171.155838
-144.863113
-119.363045
-98.576500
-80.665451
-61.991440
-43.544399
-39.745007
-36.492832
-37.655788
-35.988312
-32.604496
-29.740517
-24.495869
-17.325071
-10.568147
-13.374638
-26.888086
-59.009754
-85.711578
-119.928589
-139.847504
-149.180054
-140.690308
-126.238937
-108.048164
-84.848892
-58.873928
-41.398083
-28.333902
-19.608793
-21.522766
-35.667984
-36.629021
-44.660259
-54.053139
-49.485073
-46.448475
-59.864326
-66.997406
-59.481659
-61.180771
-58.456638
-42.811497
-32.088108
-28.770672
-39.159569
-65.118370
-94.682877
-121.374481
-144.589447
-143.684143
-130.452530
-113.903511
-98.630737
-84.372688
-76.967964
-64.155281
-56.040840
-45.757111
-38.574993
-29.736250
-26.948185
-25.037945
-18.490065
-19.781971
-32.276752
-40.943626
-48.680733
-38.910564
-39.671047
-46.373722
-52.969398
-72.512238
-109.397903
-117.963829
-105.677971
-87.695145
-67.668900
-31.502270
-13.235179
-9.471572
-16.597961
-17.090162
-14.263320
-17.545286
-26.258083
-37.409344
-48.491619
-65.544662
-75.394608
-82.120499
-85.732018
-87.934448
-118.208046
-166.915771
-202.342712
-221.058533
-229.730240
-220.962845
-184.934189
-144.039108
-100.457550
-61.102482
-33.324371
-33.352139
-41.389645
-42.934238
-47.050442
-47.479153
-38.707012
-31.670486
-28.610113
-25.256599
-26.424604
-24.571955
-21.214952
-10.091297
-4.379883
-10.647934
-22.180952
-40.595688
-64.614639
-75.998436
-80.987671
-83.481743
-83.445328
-88.924835
-93.032722
-94.460815
-96.059608
-99.987915
-108.801041
-125.424973
-139.669037
-141.668991
-135.591370
-121.352425
-130.392090
-174.064270
-200.550491
-223.021515
-266.896912
-284.965759
-287.388672
-300.071289
-313.293304
-312.428680
-316.721039
-307.508362
-282.314087
-252.040161
-222.324982
-175.829285
-142.197723
-107.515617
-84.580894
-64.051300
-47.316662
-37.974537
-41.378979
-40.905170
-39.999481
-39.987503
-37.942284
-38.143520
-39.831417
-34.803619
-38.932877
-43.726982
-47.978550
-52.293175
-57.911606
-61.102875
-64.580177
-62.826984
-58.405182
-52.934391
-46.436348
-38.542240
-30.975885
-27.201950
-29.617210
-30.737629
-25.617012
-25.482353
-26.246731
-22.434324
-21.711941
-25.199665
-18.923523
-11.094434
-20.984985
-24.215260
-25.753357
-19.613207
-28.172264
-25.140162
-17.029476
-10.279488
-9.351953
-37.685230
-80.925789
-113.705162
-144.844955
-167.378479
-169.921738
-153.426605
-145.457870
-134.927231
-120.690735
-112.001396
-100.840729
-80.461189
-66.123711
-62.044300
-57.303154
-59.149643
-66.979752
-75.766022
-81.724411
-82.842712
-78.008148
-80.399338
-79.386612
-84.115463
-84.990753
-87.556404
-91.738380
-97.549332
-117.123703
-136.660278
-153.690308
-148.999084
-131.725327
-97.309601
-65.778717
-32.773960
-20.207668
-17.611919
-24.865051
-28.052402
-28.120842
-33.180405
-42.652966
-46.616768
-50.852253
-64.443474
-82.171501
-93.463768
-106.823479
-116.149727
-2.712654
-8.548315
-17.417803
-27.158276
-39.202435
-49.486408
-59.564175
-64.627831
-66.105904
-66.560165
-67.631691
-57.999531
-42.294960
-23.114494
-11.035808
-2.499717
-6.006297
-18.452539
-33.131119
-38.345421
-41.529240
-44.736832
-58.687695
-65.166512
-71.620361
-67.864922
-65.579689
-66.244392
-76.199394
-87.719101
-108.471138
-115.101982
-106.469025
-92.902794
-75.704437
-58.689854
-46.955448
-42.358959
-36.637993
-31.798716
-33.836716
-30.997223
-29.614943
-32.008278
-33.870728
-35.677219
-51.545784
-61.793278
-69.657036
-71.952881
-69.748138
-59.465801
-48.116150
-39.985374
-27.879749
-20.646177
-18.863134
-18.666807
-22.938744
-29.768679
-33.705139
-36.345814
-43.507175
-53.027252
-57.436310
-67.637199
-96.113983
-122.568970
-127.617363
-111.720169
-91.396935
-58.945930
-30.070284
-16.344637
-9.958609
-15.717489
-22.097246
-37.545811
-49.090282
-48.483490
-39.024292
-36.906609
-30.383789
-30.676655
-32.416946
-37.189560
-41.382477
-42.554977
-39.917652
-35.608818
-28.530540
-26.891081
-17.690939
-22.330378
-44.237865
-68.803314
-81.596985
-82.384659
-79.495865
-71.199318
-60.154102
-72.931442
-83.381966
-83.095573
-77.959808
-69.686440
-59.402550
-45.206985
-46.563679
-52.290081
-59.776817
-64.937180
-60.872482
-56.173634
-52.622337
-54.397015
-49.324413
-53.789032
-62.480919
-69.867928
-75.532455
-75.806480
-78.222946
-97.449387
-104.248993
-99.732338
-99.186653
-98.203957
-97.132126
-88.175758
-68.675262
-46.797817
-32.357811
-28.190638
-42.510372
-59.522022
-65.310028
-67.597923
-60.728676
-51.459854
-45.773727
-50.523643
-54.345493
-59.561672
-65.381836
-64.410759
-61.722271
-60.979633
-63.908176
-66.377907
-74.909218
-86.612900
-91.686790
-92.819016
-97.762978
-91.153633
-73.138687
-54.714878
-40.327415
-32.147778
-37.143784
-48.718021
-64.698845
-67.242699
-50.626972
-29.167280
-8.979747
15.719965
18.080555
10.130064
-3.377297
-21.622520
-47.167561
-63.165787
-82.916435
-110.650948
-130.045334
-138.964661
-125.734711
-112.349586
-102.785294
-89.764740
-85.062042
-90.038757
-85.470978
-79.793106
-72.587502
-64.645638
-59.946251
-66.792801
-63.257927
-62.980583
-62.692654
-60.814884
-55.520237
-54.989178
-56.107697
-60.757523
-70.618446
-87.789307
-92.943062
-91.905571
-81.100380
-66.206352
-45.432270
-34.150879
-21.746305
-16.750862
-12.645476
-9.042345
-10.163726
-9.857925
-13.316290
-15.308498
-22.260067
-23.976849
-15.634051
-8.570127
-4.633986
-3.127281
-10.992001
-21.446583
-29.945541
-31.519053
-32.851620
-27.977831
-21.956638
-15.100399
-9.285446
-12.567643
-19.448805
-30.568186
-42.331188
-53.368858
-62.539825
-59.190845
-53.622543
-53.866577
-51.140755
-46.893047
-43.618294
-46.426182
-49.086559
-56.941071
-66.777634
-77.438332
-91.357330
-106.325928
-114.314972
-118.317917
-117.294014
-120.178818
-120.179893
-121.811737
-122.401962
-127.347809
-131.264404
-134.558884
-138.392761
-137.871460
-131.623657
-110.851242
-83.966400
-58.464508
-43.268463
-29.542618
-33.818001
-40.182526
-44.198952
-38.740005
-26.931047
-19.647156
-20.809214
-21.512428
-29.333204
-42.967358
-62.070633
-70.368767
-77.571075
-80.854134
-1.233417
-4.290030
-7.591865
-10.170852
-12.398464
-14.077094
-17.592768
-19.873623
-17.394304
-19.997839
-29.149105
-38.947388
-48.964451
-78.670525
-128.923767
-182.250961
-226.453690
-253.117844
-261.964325
-253.965591
-240.739532
-238.686401
-242.439163
-242.559479
-249.073120
-241.746887
-236.865448
-229.791885
-216.264069
-190.762283
-158.935913
-121.828094
-81.636238
-42.698296
-13.248092
-0.307342
2.604773
-1.433902
-4.209970
-6.211962
-10.053899
-4.836190
-4.174551
-11.040914
-14.306237
-24.907381
-45.392876
-63.641117
-74.617859
-89.286446
-89.753670
-81.644005
-70.376282
-59.315811
-45.441307
-34.491215
-33.793850
-37.748451
-38.709881
-47.446095
-47.508289
-56.325069
-56.844467
-63.044518
-64.488785
-61.964043
-67.532776
-66.475952
-46.105747
-31.820578
-23.684549
-18.063030
-13.575541
-19.359823
-37.181568
-67.412819
-87.352577
-109.687103
-126.277512
-126.379768
-108.259720
-100.836548
-87.342148
-77.325691
-70.395195
-67.782516
-56.233765
-46.916508
-40.238270
-29.426838
-19.875755
-20.591698
-16.743322
-23.155720
-34.990734
-49.370972
-40.691334
-34.926819
-31.915087
-34.006310
-46.204693
-71.320343
-101.437851
-114.497490
-115.313438
-103.555885
-81.549706
-46.366516
-30.028000
-21.940767
-22.626429
-30.141508
-35.147854
-37.242332
-39.580536
-47.621120
-57.179623
-70.538147
-76.678787
-77.312462
-80.819519
-84.200386
-111.641708
-149.015320
-178.546692
-187.985352
-192.122910
-182.948380
-165.205643
-130.039154
-82.873703
-44.259064
-18.768957
-11.401958
-19.159346
-24.248302
-22.653816
-16.046036
-10.721188
-5.845500
-7.168567
-6.180209
-6.798383
-3.030083
1.061487
4.441814
11.026157
5.976963
-3.248155
-24.842524
-61.088211
-91.453629
-98.503265
-101.371353
-88.284088
-66.838181
-49.271591
-43.082272
-36.995533
-37.590858
-43.589718
-58.734871
-70.469673
-68.348335
-65.129524
-59.370197
-71.512047
-112.756241
-154.099380
-180.218369
-219.224655
-242.923431
-256.922424
-271.803711
-293.906555
-306.202026
-311.652679
-301.153534
-276.855865
-253.762817
-223.404633
-180.722321
-145.755722
-108.227768
-78.183792
-42.079304
-21.898628
-8.999794
-7.151914
-11.510547
-11.203139
-9.452475
-11.490698
-7.262033
-10.438500
-10.735598
-14.296326
-22.538280
-32.543179
-39.947346
-45.907516
-48.741055
-42.374233
-31.599810
-26.684589
-21.325220
-17.189478
-14.140667
-10.456672
-7.097440
-7.840517
-8.665561
-2.985458
-1.455256
-5.591302
-0.052750
-2.824631
-9.446225
-17.868223
-11.183912
-25.155375
-25.679392
-14.380064
-10.845518
-21.212406
-21.094278
-17.798203
-20.797903
-26.258368
-40.168976
-71.678993
-103.059128
-130.487122
-148.935257
-150.747604
-142.422134
-134.081085
-124.444687
-117.553711
-107.576447
-99.207558
-90.072685
-80.708015
-75.555542
-78.540253
-76.664505
-79.109734
-82.297203
-85.660736
-82.893570
-80.770622
-78.910431
-80.429855
-79.826904
-84.462997
-87.563110
-96.374779
-105.994774
-117.993690
-127.558121
-136.504425
-122.154999
-105.087975
-84.900871
-68.953186
-45.949863
-34.822994
-25.859426
-23.569288
-22.024258
-21.582136
-27.773102
-39.684982
-42.871208
-43.635117
-52.951851
-64.687584
-69.024330
-80.332985
-96.339355
-3.070749
-8.301270
-14.212873
-21.227257
-31.709232
-40.213390
-52.366596
-56.901592
-63.422771
-68.851151
-71.572746
-66.665108
-76.786743
-93.806343
-129.106964
-167.385330
-193.232025
-202.214111
-205.601196
-193.527420
-184.162689
-184.514938
-196.014023
-201.464691
-212.406464
-202.401520
-185.507050
-168.157761
-159.287582
-143.215866
-125.698944
-106.058105
-80.291115
-59.584229
-45.636181
-40.906929
-44.819778
-48.927097
-43.627125
-37.870983
-34.791359
-26.227076
-19.526293
-21.683975
-27.607254
-39.612686
-64.723694
-83.103600
-94.257652
-98.806190
-99.090813
-86.934364
-72.906128
-62.771175
-48.817173
-33.379906
-25.812576
-21.629519
-18.418339
-25.068142
-35.855328
-50.672039
-67.125427
-69.589035
-67.291512
-68.140907
-69.684723
-61.568459
-55.616066
-50.330711
-49.004711
-40.916080
-31.233959
-39.025555
-50.803127
-76.066826
-99.550560
-118.679375
-126.328529
-115.350525
-100.322273
-86.564384
-75.397758
-68.145226
-61.184647
-58.959919
-48.482903
-38.781521
-29.937117
-23.999422
-16.736086
-20.486101
-14.449860
-19.753841
-25.612627
-35.788700
-38.060844
-36.720387
-39.045738
-47.098843
-53.927971
-62.219395
-72.321342
-72.221375
-61.641079
-47.271755
-37.916565
-20.929077
-14.210841
-17.347923
-21.917702
-26.992905
-30.015953
-31.041279
-36.757286
-43.174435
-46.549950
-50.063301
-50.765507
-55.991070
-54.955223
-63.130104
-87.165810
-120.427689
-145.094391
-162.337738
-167.500870
-170.996582
-155.123672
-131.946487
-100.575569
-65.357559
-35.441849
-40.203568
-53.810169
-55.839413
-53.136593
-51.567841
-46.560570
-37.974361
-35.318199
-34.208805
-34.193779
-33.004440
-34.096928
-30.798241
-28.031368
-32.038185
-33.537754
-42.020668
-53.139400
-61.434315
-65.879906
-75.919624
-77.554367
-81.511841
-77.326523
-72.257034
-68.366455
-69.288872
-77.704956
-95.364433
-111.279968
-111.669418
-112.341873
-110.560623
-123.469109
-150.321899
-176.584839
-187.838730
-198.768051
-199.124359
-202.227203
-190.934769
-184.981537
-188.038773
-190.338547
-194.296890
-186.937103
-180.551575
-165.038086
-137.480026
-112.698540
-86.199951
-64.135933
-50.253075
-43.154362
-38.908958
-47.711609
-51.633663
-54.312759
-51.542244
-51.108940
-47.534531
-49.475456
-43.505745
-46.645538
-45.941566
-52.677303
-56.355213
-53.991989
-50.802036
-45.604195
-43.664070
-42.104931
-45.789719
-48.446445
-51.950375
-48.493332
-44.588013
-46.129898
-46.962669
-44.595139
-46.194870
-42.960346
-40.892727
-44.590237
-51.956539
-49.725410
-54.254566
-61.880451
-62.017521
-54.149754
-42.567211
-38.543873
-35.208061
-26.516479
-24.206223
-36.013992
-62.388680
-92.724686
-118.590584
-136.845459
-142.704071
-143.661667
-140.638611
-137.870743
-131.558228
-122.132866
-115.763504
-103.637512
-90.839569
-77.764114
-70.389740
-67.726028
-63.352135
-62.281815
-63.483765
-67.473907
-67.369438
-65.775558
-65.754738
-70.758301
-69.679665
-70.013718
-70.801445
-73.168015
-73.462723
-84.707336
-95.669998
-106.610069
-98.454941
-84.667702
-67.762047
-47.640503
-26.370916
-18.388153
-17.646479
-18.526615
-18.381069
-17.391239
-20.940029
-28.893497
-31.580185
-36.419697
-44.519611
-53.873367
-61.890533
-71.037949
-86.688812
-0.965841
-2.277420
-5.856768
-10.003059
-13.333262
-16.591681
-19.040737
-23.703341
-21.394865
-22.381039
-40.322296
-82.163002
-139.624252
-225.183655
-311.748932
-383.640167
-446.959930
-476.477478
-471.533661
-437.972290
-404.861938
-365.782959
-339.667389
-331.695709
-326.313477
-313.291656
-306.937714
-298.736237
-292.329071
-262.849548
-229.289047
-182.030991
-133.768127
-77.055458
-39.936283
-19.392448
-9.965350
-7.751013
-6.807524
-8.328235
-16.857063
-21.038132
-18.918262
-22.716064
-23.181847
-21.678255
-26.883532
-29.692169
-34.157074
-38.109840
-38.029861
-34.959316
-36.146000
-31.504066
-28.955759
-30.280724
-35.914135
-35.373158
-46.854061
-50.224998
-62.680309
-70.596588
-77.510605
-79.346802
-71.409286
-56.120075
-61.050125
-81.535530
-74.986389
-70.974258
-65.319420
-39.769878
-17.979122
-35.489857
-72.723541
-114.854202
-152.029617
-178.915665
-197.638138
-190.992325
-166.801285
-147.451324
-142.973999
-127.674927
-113.553162
-103.528198
-85.823883
-66.461716
-52.942814
-44.554207
-33.416401
-30.094891
-25.296274
-23.194977
-41.911930
-64.174110
-67.337410
-66.745110
-69.734192
-68.506271
-52.421726
-60.065369
-96.673340
-98.288712
-95.370415
-103.735649
-102.607811
-69.088783
-54.056984
-42.153271
-48.254738
-55.010361
-50.372658
-49.987415
-60.205692
-72.453712
-79.459625
-85.841919
-93.141510
-112.273422
-115.784721
-151.005264
-197.013992
-254.025711
-266.046631
-278.166290
-266.177765
-231.935455
-168.997070
-111.031982
-40.693272
2.280269
26.575438
17.551062
3.217701
-18.677452
-27.493982
-37.819252
-32.341286
-30.402168
-26.176359
-23.547361
-25.039509
-29.635361
-30.630947
-32.215126
-26.790234
-23.372120
-24.470039
-30.174479
-49.239941
-71.349396
-85.597473
-92.819572
-94.588676
-85.501610
-85.847572
-91.654968
-100.144272
-109.330383
-126.455566
-151.566177
-160.547607
-179.655090
-208.832977
-228.873459
-255.068512
-323.241974
-362.030182
-392.017609
-442.777130
-477.356201
-461.115082
-453.921600
-434.611053
-406.946869
-389.038696
-366.496033
-350.191895
-336.977936
-322.530457
-290.586487
-237.810074
-178.060165
-130.121262
-82.381447
-44.616051
-29.245270
-23.119501
-31.182243
-23.822598
-20.629356
-22.953621
-20.368927
-17.475250
-22.523596
-22.342272
-32.572338
-48.337273
-65.683838
-78.958313
-93.841911
-98.910828
-106.825348
-90.253059
-77.208755
-71.423088
-65.060448
-52.996380
-50.670483
-50.098183
-51.424904
-45.215790
-45.425369
-44.284679
-50.502579
-40.152069
-64.358902
-62.251568
-66.318169
-57.301842
-53.217113
-27.647289
-7.666319
-0.616693
-0.531357
-5.640015
-7.660148
-31.966373
-71.803055
-126.288345
-174.158020
-214.296677
-237.098846
-239.956619
-227.249100
-211.852722
-194.990875
-181.527985
-172.597977
-158.549789
-151.407364
-133.161667
-125.625351
-106.412109
-102.879662
-99.794388
-108.534897
-119.581383
-123.064453
-114.437119
-116.347038
-110.871986
-109.726692
-116.523270
-122.506012
-128.821198
-143.436569
-153.557510
-158.583939
-150.175674
-131.326736
-109.766548
-87.073570
-71.441925
-60.519161
-52.422729
-44.077267
-43.248276
-45.255299
-40.600880
-42.426132
-51.405075
-59.901070
-73.043861
-78.860756
-90.301270
-96.420860
-125.638191
-156.134460
-2.757426
-8.808119
-16.663528
-23.418634
-31.203556
-37.323185
-45.119724
-56.591454
-64.188057
-68.353844
-69.221840
-66.683044
-66.693451
-94.315750
-148.022614
-200.938614
-245.639267
-278.923523
-285.687531
-270.679443
-256.877777
-261.048248
-274.755859
-278.221649
-285.966034
-279.192413
-258.187988
-237.153641
-216.302383
-197.718262
-172.689087
-153.216263
-130.928467
-98.009064
-63.282692
-46.537724
-40.874199
-35.285942
-24.786177
-16.710926
-16.647894
-17.234589
-21.112131
-24.647516
-32.056187
-45.750809
-75.825783
-93.659439
-117.665031
-124.750671
-124.696526
-112.015991
-94.363739
-76.866852
-55.339104
-41.217827
-24.078861
-11.859241
-18.469316
-33.013409
-59.101437
-69.794670
-74.642593
-74.242599
-64.182968
-47.916782
-45.854565
-62.163895
-66.799599
-57.810123
-47.734154
-41.954185
-36.087616
-40.610664
-61.114574
-96.522247
-134.373154
-159.837418
-173.360641
-165.870316
-143.681747
-127.894707
-113.728058
-93.806168
-82.656929
-73.496651
-62.471268
-44.718910
-33.881683
-23.640287
-14.764048
-16.677341
-13.689225
-16.933514
-32.568752
-45.420773
-54.388645
-54.818233
-55.229408
-60.265057
-68.032516
-84.904678
-95.498947
-82.350349
-58.085995
-27.785883
-0.047804
11.753502
4.403904
-15.102926
-38.457890
-55.844818
-56.507206
-58.150955
-61.184284
-60.647022
-53.439541
-52.440140
-56.235008
-65.624207
-85.138840
-94.669792
-127.441071
-166.894119
-207.950500
-233.461609
-242.209473
-237.930756
-218.287994
-171.630325
-113.148956
-72.690361
-49.453247
-36.684917
-42.222446
-45.929035
-39.716732
-36.515446
-32.805309
-31.117685
-30.328106
-34.746830
-33.141487
-33.639202
-39.940060
-38.639015
-44.891823
-57.875065
-72.096916
-81.117889
-96.962646
-99.624481
-95.268951
-86.364510
-83.396202
-84.428040
-77.056046
-65.825333
-60.757862
-59.232029
-64.840752
-83.748779
-103.355652
-108.532578
-101.029991
-86.288582
-97.046143
-147.369125
-198.525253
-240.654373
-277.227692
-292.799469
-291.632935
-278.668243
-276.791962
-283.056915
-282.528259
-264.248718
-237.032364
-206.090729
-196.008698
-168.889267
-149.466476
-133.774689
-115.138626
-80.437172
-57.075184
-45.804264
-43.719692
-53.301830
-47.614433
-49.879021
-45.445332
-46.232059
-40.400261
-37.835941
-38.760887
-35.521839
-38.389050
-45.857586
-45.746250
-43.865681
-36.568455
-30.860806
-28.638863
-22.927822
-16.597729
-16.360645
-12.394748
-6.305877
-8.555207
-9.126580
-5.653611
-2.498389
-6.320272
-7.245384
-18.581181
-29.527954
-29.911512
-25.911865
-35.363205
-40.601212
-53.033077
-52.014637
-54.321171
-53.715023
-45.980072
-43.424126
-47.196815
-90.402122
-139.639191
-180.857773
-209.481613
-231.032944
-233.164261
-217.487411
-206.555801
-189.647400
-172.818970
-153.401489
-139.320145
-123.117271
-111.877548
-107.216911
-94.982506
-80.536949
-74.118912
-65.933876
-55.865746
-52.587673
-48.064480
-48.438290
-44.485619
-45.267990
-45.655979
-51.497982
-59.394943
-71.926643
-88.709068
-105.485146
-118.001953
-98.760979
-70.459518
-43.818207
-14.162498
3.551444
-3.464716
-22.256691
-39.179634
-46.196831
-38.936852
-36.908794
-41.167480
-43.794262
-45.571621
-54.434273
-62.197811
-70.038185
-88.075798
-110.947670
-3.571176
-10.308701
-17.840561
-29.889709
-44.124165
-55.506577
-62.959019
-65.924812
-66.575493
-68.125801
-74.335976
-86.215652
-107.265923
-137.337433
-188.901367
-233.986511
-275.320618
-296.559845
-298.111328
-275.514801
-255.824081
-243.061295
-238.834320
-238.826645
-250.036850
-250.855408
-262.038422
-281.215240
-302.031616
-303.158264
-287.790466
-242.310791
-182.637268
-119.242157
-78.325081
-56.359024
-52.207710
-52.597141
-52.641731
-52.746819
-53.441475
-44.716080
-36.885899
-43.355526
-40.140720
-34.370117
-36.072330
-34.580990
-24.097103
-20.928957
-18.172825
-14.108746
-11.295120
-10.305772
-9.243846
-18.305277
-32.564510
-54.615273
-69.225746
-87.865799
-97.154724
-92.439499
-76.414894
-68.735352
-64.108536
-64.598473
-69.699081
-78.444077
-74.088081
-71.513710
-63.651318
-55.409683
-50.207634
-61.131668
-77.892685
-119.329887
-142.221710
-165.860077
-187.224838
-185.684967
-160.097626
-145.528076
-132.154282
-116.384171
-99.182106
-92.488960
-71.860237
-60.080299
-48.818352
-40.679390
-26.502752
-25.231909
-22.544157
-33.607559
-40.532520
-54.816772
-48.947151
-47.935085
-41.870403
-42.212856
-41.944210
-43.663273
-51.981396
-62.212399
-64.396866
-77.090530
-95.766396
-107.357231
-110.937706
-113.731583
-104.038887
-99.305199
-90.742233
-78.916351
-71.681915
-71.582130
-75.386169
-84.339134
-97.841606
-119.637070
-135.284683
-158.401169
-177.290176
-188.299423
-196.387283
-206.596771
-207.538452
-191.827240
-172.204926
-142.085449
-100.388123
-72.525940
-52.400291
-61.478867
-71.183067
-69.155632
-66.227158
-58.761467
-48.242847
-39.090496
-33.993359
-30.831619
-35.598164
-35.604603
-37.703350
-48.936779
-44.898769
-43.647289
-35.721653
-36.199730
-47.107635
-78.083687
-93.734375
-115.823181
-119.752426
-108.891655
-95.811996
-93.987312
-93.513351
-98.086708
-102.287155
-108.302490
-112.493889
-106.547356
-119.298347
-119.813667
-137.771484
-180.750839
-228.954712
-263.098328
-299.493683
-317.527893
-299.753296
-281.107239
-265.647064
-262.060669
-264.471466
-273.303131
-280.490540
-304.614838
-323.443542
-322.444611
-286.574371
-229.696976
-170.192078
-116.576752
-85.817863
-68.764168
-74.400375
-70.406662
-70.963753
-65.164398
-63.157032
-53.090919
-52.538754
-50.207596
-52.041027
-54.541096
-66.865784
-82.480232
-84.709702
-87.155945
-81.200386
-65.326042
-48.047668
-41.527115
-35.296616
-37.273857
-36.521767
-37.924320
-35.944397
-36.730717
-33.017532
-32.775455
-39.569283
-35.549492
-36.454704
-48.539734
-51.679722
-53.427563
-56.190529
-51.110233
-35.635616
-30.734537
-31.261223
-42.090355
-47.729263
-57.395184
-76.832748
-94.695457
-126.413132
-164.483963
-195.268951
-208.048828
-206.959625
-203.382843
-189.162491
-173.482712
-167.940125
-159.961853
-147.538315
-136.798630
-121.190346
-104.153893
-92.081123
-86.327164
-85.204086
-87.494255
-93.432816
-92.700523
-91.032646
-88.019356
-90.724045
-85.972641
-86.831009
-86.037079
-91.446632
-95.165787
-88.779427
-80.238220
-77.418915
-72.406898
-68.901688
-77.052666
-84.933220
-97.629463
-101.022377
-93.162575
-75.548599
-57.603523
-41.623932
-38.203804
-45.600567
-54.366524
-68.433754
-82.248428
-103.304138
-117.053741
-146.480042
-178.935013
-1.650855
-3.621363
-7.401358
-12.907050
-22.865683
-32.398468
-42.661083
-51.504787
-63.218704
-75.755852
-80.061508
-88.895477
-98.025093
-105.461243
-122.293106
-144.750305
-163.916107
-186.978882
-197.755112
-194.064697
-186.193832
-175.085648
-173.792542
-176.362213
-175.941284
-162.881485
-154.197861
-137.938019
-128.075714
-100.250549
-80.217789
-59.687088
-39.573761
-21.545855
-18.052704
-26.581636
-31.801361
-36.327854
-35.966587
-34.177422
-32.332855
-23.192394
-14.545440
-6.616388
-1.177653
1.590808
-9.610518
-24.977617
-39.749359
-63.752254
-77.888245
-75.262054
-68.937157
-58.764141
-47.864727
-37.818779
-27.367027
-15.821621
-24.492390
-21.099043
-17.522779
-17.213810
-4.483874
-5.098723
-10.467302
-24.409233
-41.554539
-42.023926
-30.326096
-24.028959
-18.968363
-20.280672
-23.681822
-32.797207
-42.955685
-60.636497
-76.377792
-87.814087
-96.735687
-100.251442
-94.081123
-82.586693
-61.138775
-42.262081
-36.676334
-33.129353
-29.994514
-31.503487
-26.828882
-18.964842
-9.086948
-7.480047
-7.977177
-11.366297
-19.452076
-31.555040
-26.423767
-17.409081
-9.225560
-16.193197
-28.102886
-35.893536
-52.767143
-43.523697
-24.664265
-8.973109
-3.774871
-8.734734
-13.826318
-12.071057
-12.499962
-4.940432
-5.472970
-8.326111
-9.606112
-4.992628
-5.973223
-9.628498
-15.733635
-20.671179
-27.594866
-27.461914
-38.066620
-72.130310
-116.998390
-148.072388
-154.003372
-145.696716
-113.464912
-72.159340
-39.413166
-19.903399
-19.516321
-33.154598
-39.304596
-40.234051
-38.583729
-36.936375
-32.954681
-22.154890
-17.978924
-16.553516
-18.982504
-14.346638
-5.047004
4.712096
1.581651
-4.772948
-13.323466
-22.170126
-32.968113
-47.128418
-58.502274
-63.211998
-68.365486
-65.298752
-62.195866
-66.503082
-71.708809
-80.446747
-91.917633
-100.623413
-111.100105
-116.733978
-113.959587
-101.340385
-92.188187
-104.014214
-111.866776
-134.295181
-162.705551
-193.504440
-200.675842
-215.629059
-220.282410
-220.531281
-227.645416
-217.063522
-193.506042
-178.806137
-165.481735
-148.891235
-119.184151
-80.647583
-48.406693
-27.336384
-23.902678
-32.829163
-43.844715
-48.883671
-44.540890
-40.747078
-39.906593
-33.303020
-31.463184
-32.578590
-32.098961
-35.368050
-42.535141
-46.920887
-42.240147
-27.550930
-13.570784
1.344460
17.743626
15.878568
15.244400
12.710972
11.722729
8.019323
8.807241
8.530183
9.318540
13.270575
17.642099
12.124652
7.500509
7.177497
8.544415
16.510227
14.301785
18.782888
20.927540
16.719805
18.661251
8.963082
-1.714390
-7.185898
-23.661961
-41.427353
-54.755016
-77.508614
-97.762817
-109.708237
-101.989746
-88.283295
-82.656021
-79.747231
-71.394455
-58.743504
-46.129250
-34.281799
-32.648926
-33.191799
-36.016441
-40.517590
-41.912334
-42.669228
-48.280113
-51.648357
-52.686611
-51.865269
-51.589851
-51.468281
-51.622154
-54.635704
-61.050491
-66.616814
-68.876564
-69.635399
-63.534828
-45.075092
-28.609434
-17.870337
-14.722239
-17.165913
-21.319046
-22.865866
-20.027868
-10.039407
-10.918892
-14.349566
-20.383509
-22.467426
-23.006708
-22.370655
-22.009960
-22.724047
-30.361471
-33.681015
1.396998
4.256735
6.631210
9.887248
12.461739
16.442942
22.055408
22.924791
20.542198
19.325920
19.398058
12.535672
3.894717
-10.302056
-16.893600
-13.502273
-11.525128
-6.114957
0.736561
-3.583990
-15.790722
-29.488518
-32.170681
-22.527216
-16.522865
-16.798538
-18.382944
-23.969461
-29.047152
-33.835266
-35.830315
-29.361877
-28.790674
-18.411707
-3.664081
9.942758
12.266288
11.451797
11.088786
10.627217
8.928734
5.097669
5.928394
8.071012
9.096254
14.427410
20.552450
22.743158
16.591633
14.661974
13.555242
9.618864
10.786440
8.302932
6.217921
7.194467
12.895839
21.001598
12.584706
12.726916
5.275223
4.355906
5.103279
8.116671
17.706343
23.866789
20.893822
7.693457
-3.055805
-5.489319
0.711459
11.081958
13.392060
10.847636
-6.904356
-17.666765
-30.592894
-30.467562
-29.341055
-31.444250
-29.226156
-28.970030
-33.245968
-26.090441
-20.859591
-10.132456
-7.284620
-4.509420
-3.262342
-4.720281
-3.319801
1.724360
2.959959
2.964448
0.567783
1.890668
1.355458
-3.353722
-10.081110
-8.339919
0.286353
-8.971473
-21.844166
-15.068127
0.827431
18.516619
29.546709
22.942984
16.493153
3.621654
-9.530215
-9.796704
-4.809955
-10.497609
-19.315371
-24.257982
-21.060379
-17.934191
-25.296894
-43.968716
-57.132393
-65.624168
-70.613464
-53.815964
-18.469906
-4.359454
7.542175
11.573820
8.452088
12.302261
12.848304
15.736756
15.357409
19.544167
26.560843
28.342955
25.680182
21.372622
22.281542
15.888692
15.110000
15.119031
18.818556
19.524611
14.583572
12.973928
4.546313
-0.029856
-2.255075
-4.665563
-5.193210
1.271433
4.789991
14.093391
21.674896
14.494842
13.131001
14.608038
13.408703
15.770802
22.393438
30.619453
44.774448
42.478909
40.221214
36.640003
15.164090
-3.050072
-8.879181
-24.727972
-31.017942
-21.818312
-24.237558
-29.821207
-30.950785
-43.259064
-45.246651
-23.085457
-1.937458
6.138653
-8.356667
-28.880175
-35.087814
-36.052917
-22.399195
-12.936122
5.530910
13.289821
16.019943
14.519198
15.907441
10.662363
11.851317
7.769223
10.686893
12.195788
8.702616
12.037488
14.072104
10.472472
-1.307942
-11.097094
-24.393423
-28.330494
-22.660486
-14.643923
-10.122956
-7.200881
-6.595845
-4.753551
-5.923031
-6.753094
-1.633946
-0.333456
7.804395
8.810296
11.968590
10.581578
14.303077
11.010706
13.281768
14.550822
6.039689
3.288378
4.060033
2.910486
6.220673
11.659342
13.347120
-6.053560
-29.407503
-41.596645
-49.106453
-45.544556
-37.833706
-30.876049
-31.227591
-30.029209
-26.950188
-29.226431
-22.168749
-16.638090
-13.295740
-15.114314
-5.250909
-8.415884
-15.157342
-18.563309
-14.300158
-4.312050
-2.651722
-2.704513
0.522208
-2.510220
-5.644370
-8.947519
-13.004288
-18.861231
-19.665390
-10.206114
3.768054
16.508459
27.452600
29.714985
29.121304
21.268234
14.380358
0.713723
-12.019221
-18.028837
-15.412247
-10.825321
-4.251788
-9.135655
-19.101524
-32.164505
-47.442783
-60.624374
-67.429512
-59.463257
-1.199670
-4.775725
-10.030998
-18.003853
-29.068338
-39.699078
-50.615231
-59.264488
-61.227249
-56.408329
-53.404640
-44.786873
-36.945351
-27.716587
-14.527369
-3.175656
-4.563267
-12.511930
-12.342935
-15.044594
-12.772314
-6.146338
-4.011493
-12.480124
-15.310309
-18.315777
-23.487192
-29.703650
-34.424328
-43.753487
-54.131531
-52.123806
-54.321888
-56.695225
-54.596642
-53.224373
-52.970322
-49.593395
-41.736309
-35.499767
-31.463680
-26.763054
-20.330030
-24.312220
-26.792440
-24.004963
-25.834848
-30.972836
-32.322567
-32.110287
-30.963882
-28.809528
-23.055941
-18.132833
-12.561105
-11.423656
-13.277966
-17.233658
-19.955671
-23.965656
-16.088646
-10.797166
-8.546061
-14.185571
-13.964324
-27.973333
-37.876408
-57.525463
-66.420677
-70.996193
-70.403389
-53.144306
-36.534286
-29.021606
-20.098839
-6.481806
0.561950
3.319178
-2.816352
-6.866382
-3.722391
-8.691378
-14.245530
-19.647940
-20.502262
-22.647566
-21.004517
-17.105759
-15.664802
-16.976137
-20.266352
-20.238462
-14.498573
-9.769177
-17.168390
-28.081327
-28.687874
-22.938601
-29.112852
-29.158228
-20.680233
-29.261826
-44.547058
-48.205875
-51.418407
-60.681355
-59.538994
-49.366993
-52.015118
-52.700718
-50.672550
-48.860485
-43.734432
-39.451195
-37.015064
-44.343433
-44.543957
-46.895695
-60.773846
-74.357445
-77.697060
-77.780052
-75.837479
-63.816334
-35.064682
-11.093595
-4.187712
6.026929
9.743380
-6.730280
-24.184946
-21.519167
-16.752039
-23.505350
-29.480827
-35.945621
-45.855553
-56.964397
-52.367317
-39.104034
-27.417763
-24.379610
-25.762814
-26.887325
-29.020895
-32.288078
-32.744816
-29.814428
-31.508131
-32.243587
-34.805191
-42.243206
-47.829723
-52.048267
-55.062401
-48.782848
-39.524033
-31.797314
-26.757568
-23.109953
-25.153164
-29.130716
-31.970964
-38.243282
-33.735558
-35.483414
-25.398392
-10.642062
-2.075994
-7.012335
-8.716453
-9.217030
-13.788302
-20.644934
-31.431841
-36.387646
-43.363869
-40.879673
-36.046566
-35.751736
-41.119862
-46.857231
-47.152241
-43.142391
-43.465191
-46.868145
-47.432369
-51.226006
-58.354221
-63.089317
-61.717186
-55.876991
-56.348011
-54.426758
-49.326645
-45.634277
-47.225559
-46.430721
-50.683475
-57.449226
-63.559269
-71.448814
-75.847809
-74.420334
-60.875618
-51.525158
-37.221489
-28.464876
-22.982029
-21.677168
-21.112902
-21.399267
-19.050133
-17.013803
-22.655521
-17.737970
-11.014954
-8.730351
-9.716257
-10.862239
-17.005281
-24.225906
-36.780697
-34.453667
-30.352253
-25.387554
-23.730503
-20.654327
-24.575882
-23.076981
-17.235592
-12.873158
-8.942557
-1.038633
5.008936
5.152246
6.287221
8.020480
3.009250
-1.932586
-5.039660
-12.133903
-19.881725
-20.563124
-25.768164
-31.360212
-41.632679
-56.538280
-75.328087
-78.344597
-74.600090
-78.095558
-80.162636
-79.377678
-79.032372
-81.709068
-83.821968
-83.413406
-84.275780
-83.687065
-81.953781
-78.691040
-72.157875
-63.339424
-50.866215
-42.271660
-44.753345
-44.558510
-40.831516
-34.616615
-25.762766
-18.521048
-13.635876
-21.190317
-30.248972
-45.191299
-63.261765
-70.230247
-74.703590
-79.253395
1.905142
4.705950
8.187763
11.317879
15.513408
19.695292
21.445482
27.313951
32.080013
30.934851
17.855322
-3.436230
-38.572433
-85.083221
-140.047577
-189.016144
-226.683670
-240.550781
-231.937088
-221.035568
-216.992996
-217.985229
-216.079422
-212.368057
-214.776489
-215.555328
-206.564804
-191.455429
-189.242691
-174.261169
-141.891464
-98.726822
-60.307304
-27.104244
-2.923329
11.919367
14.589041
19.212149
20.312017
18.975868
10.394615
7.558638
7.975010
1.527585
6.167204
7.749152
0.598095
-9.248004
-12.568657
-18.394598
-19.160770
-14.622003
-10.629286
-9.396653
-6.393452
-6.917443
-10.347881
-13.275305
-17.639111
-21.177853
-21.316616
-19.201981
-18.408789
-22.644464
-20.941540
-26.797293
-46.025166
-50.788887
-28.937395
-2.884377
24.743551
29.116514
26.324266
5.982175
-27.439463
-65.695229
-97.990112
-118.727203
-122.810379
-111.411407
-96.599335
-89.962509
-79.167206
-69.292458
-58.514561
-46.438560
-40.668457
-37.549397
-32.524231
-21.270910
-11.542610
-7.177193
-8.227173
-15.648344
-27.526766
-36.236580
-29.767967
-17.425375
-12.517216
-8.496593
-17.929199
-37.461025
-63.637234
-69.179398
-58.934105
-39.867695
-19.564718
-12.785309
-19.434042
-30.174664
-36.276859
-34.651600
-34.309261
-28.728127
-28.279839
-35.826836
-41.757381
-49.342239
-60.781914
-68.777061
-77.113480
-91.242165
-114.187813
-141.955994
-154.697723
-152.646439
-133.560379
-98.643036
-59.688507
-25.294508
4.100295
26.364132
36.244217
31.205425
24.684803
16.294363
15.247105
18.787550
25.789936
22.932888
18.081232
15.726599
16.568842
18.214081
19.270151
17.498165
20.425352
16.504398
8.101904
0.670904
-17.489458
-31.599058
-27.599627
-20.594944
-18.716272
-7.779573
2.527181
4.353145
3.318287
2.529679
1.905072
4.172606
13.966109
4.833989
-10.863536
-32.305000
-68.447296
-124.977753
-166.843094
-197.932678
-224.528137
-230.103455
-242.555313
-256.761932
-263.399719
-267.433563
-263.118988
-244.170761
-220.592392
-199.194702
-179.363297
-144.518036
-109.482521
-75.708641
-47.746147
-18.574928
-3.794816
9.951768
13.682705
10.702496
15.285221
15.233325
13.043838
13.268917
14.358122
11.834251
7.666286
0.134528
-7.674716
-22.036062
-33.674206
-28.789989
-18.758677
-15.671133
-7.845428
-6.554535
-12.721727
-16.944378
-19.784882
-19.218660
-19.154610
-19.524422
-14.180082
-12.100397
-6.344438
2.087000
11.087425
8.313248
12.147169
11.391188
23.405947
25.856337
21.097931
16.415678
21.476801
23.106226
20.617870
16.897308
-1.246560
-32.220261
-75.996315
-114.070320
-140.967209
-146.303406
-137.742783
-126.156990
-111.482491
-105.272049
-100.121902
-96.173325
-87.319206
-76.801369
-64.421295
-56.844982
-57.199081
-66.776176
-74.634460
-73.412094
-64.033989
-53.694351
-54.599705
-54.012447
-48.979664
-49.855301
-54.411980
-58.609161
-63.809296
-71.048836
-69.878319
-64.071220
-58.647076
-46.627857
-27.567726
-8.604183
-9.372849
-19.643482
-26.557844
-31.560965
-31.711363
-24.147814
-20.350346
-21.626970
-26.612452
-32.183971
-38.886780
-45.218002
-54.638248
-72.077148
-89.712166
-106.876602
0.535599
-0.777123
-4.628329
-12.732078
-25.013775
-37.707432
-49.030376
-56.616390
-67.658302
-71.002815
-76.022278
-75.970123
-66.279594
-60.278625
-57.059021
-52.541027
-51.551559
-55.885021
-54.044842
-49.630775
-43.662327
-41.770046
-35.345787
-30.999166
-23.455093
-12.297716
-6.210204
2.029863
-2.435204
4.159937
1.626875
3.357863
-3.499729
-14.755978
-25.896624
-40.823364
-50.271786
-55.295906
-47.870415
-41.150803
-35.561691
-28.704044
-21.796415
-10.120611
-5.037713
6.501613
5.596136
0.788423
-12.190247
-25.477850
-34.211525
-35.313828
-34.761246
-31.598351
-25.831419
-16.506935
-7.567967
4.480815
5.645588
16.485977
18.074734
15.457311
8.581157
1.770885
2.215024
1.848247
-4.330970
-21.959349
-35.062168
-46.938164
-53.011829
-44.010681
-28.168673
-17.842993
-11.750977
-6.105788
-7.157220
-8.147174
-12.726700
-11.118971
-11.533938
-7.706366
-3.442738
-1.815233
2.604269
6.434865
7.575900
6.489832
0.338205
-4.188267
-10.764585
-7.043503
-2.797482
2.410623
4.252469
0.484729
-4.096707
-5.553057
-10.122198
-13.715299
-6.156332
-3.230928
-7.903639
-7.816596
-5.925717
-9.274013
-10.364997
-0.195007
3.979974
6.215279
5.636233
10.423460
14.603091
7.890754
1.097915
-4.337880
-3.666788
0.532457
6.298208
8.431203
17.811247
25.473246
23.601652
16.072796
8.427505
-4.697529
-17.157024
-28.292322
-17.692383
-16.280542
-14.698382
-15.046058
-21.648729
-34.629906
-40.728302
-42.619839
-42.840485
-42.534893
-36.845284
-27.866011
-24.222424
-17.566635
-15.878610
-13.831728
-14.032290
-12.331782
-14.656658
-15.758389
-14.383036
-10.173291
-8.339907
-6.534855
-10.764299
-22.509800
-35.718872
-45.989201
-51.634834
-53.202606
-48.892540
-46.363361
-46.122677
-50.126579
-52.587341
-60.916710
-68.640350
-65.502991
-58.963966
-58.240547
-38.189999
-30.365940
-34.086365
-34.499504
-32.322639
-34.052349
-45.879391
-44.884602
-46.579102
-47.483223
-47.014282
-40.632957
-32.580044
-18.109310
-5.521693
4.944067
1.824541
-10.385546
-22.050467
-35.370399
-49.089645
-59.444611
-54.862362
-54.099991
-53.065304
-50.336082
-49.633156
-46.866920
-46.032524
-45.348217
-47.578606
-49.338341
-51.649162
-47.687759
-37.129292
-24.992250
-7.382528
4.406089
8.325974
15.542068
18.498646
19.834614
18.239450
17.914906
20.940468
23.024063
25.921925
22.996504
21.689796
16.793972
13.177715
21.266417
14.284652
24.121992
19.464828
18.423540
13.343223
8.043841
3.315510
-5.171499
-6.787335
-10.750619
-11.336393
-8.327638
-7.994446
-7.042737
-0.320973
0.171524
-4.790279
-7.985260
-6.959629
-7.260764
1.130615
8.546300
13.822975
16.659231
16.150486
8.419971
-7.524238
-20.879604
-31.898975
-36.989124
-39.222626
-44.961903
-47.661457
-48.222042
-48.225586
-47.536049
-46.239376
-42.404179
-42.117649
-41.481709
-39.915180
-35.634724
-26.954323
-11.908728
-1.387651
7.317879
4.289117
2.663874
1.420630
1.567171
0.476566
-0.960080
-1.040711
-0.277454
-0.369243
2.723769
7.798868
14.311965
19.671904
30.089191
-3.233888
-9.011776
-18.102766
-27.987772
-43.207737
-57.200447
-76.570297
-87.562202
-95.498940
-103.057243
-115.406876
-138.797318
-178.690186
-242.718658
-319.569519
-388.826904
-438.447998
-460.570068
-452.428619
-419.094208
-389.056183
-369.301971
-351.308716
-339.245239
-332.692383
-318.250824
-315.455231
-313.924530
-305.929443
-275.424255
-246.202652
-201.555420
-147.555206
-96.146645
-61.495152
-46.149971
-37.424801
-38.102497
-29.952555
-25.277863
-29.059185
-23.556879
-25.107969
-42.506908
-47.123455
-52.183765
-75.319962
-92.714172
-95.140968
-106.818962
-111.025421
-98.564514
-85.292427
-69.460381
-53.644482
-42.003139
-43.585892
-47.437912
-62.217922
-77.546906
-104.862633
-117.231628
-117.202347
-101.580589
-90.921440
-78.555199
-92.393082
-108.022766
-106.744797
-103.248596
-100.989227
-72.969170
-55.843071
-63.746113
-90.311852
-126.999809
-149.586273
-163.537628
-179.702820
-174.194031
-157.563980
-150.869614
-160.156525
-147.168274
-131.281265
-114.480370
-91.439064
-69.933792
-60.854706
-51.671730
-43.360203
-36.071373
-34.611240
-40.406052
-60.022572
-85.372612
-91.407761
-98.924683
-101.582886
-101.505875
-95.645729
-116.337662
-153.354706
-169.980408
-161.807800
-152.927994
-135.080811
-94.472427
-87.500359
-90.593376
-93.623642
-91.078430
-84.792137
-68.400398
-66.659401
-71.281754
-82.088676
-100.983147
-118.111717
-150.753662
-179.184631
-217.305710
-235.476151
-284.119995
-292.068970
-299.686676
-296.170837
-269.593079
-198.717987
-130.437073
-67.113792
-27.252151
-13.558969
-23.402124
-53.787170
-73.369606
-78.510002
-81.720772
-71.365280
-57.352905
-47.728024
-48.218300
-52.373089
-53.618885
-52.346230
-52.989273
-47.096157
-51.130486
-63.762890
-84.154793
-120.990578
-156.998978
-169.347717
-176.672775
-181.067688
-162.750031
-150.868210
-151.517441
-159.539703
-171.944916
-195.402725
-229.658676
-251.900558
-267.800201
-285.056946
-290.770752
-305.921631
-330.201050
-364.399445
-393.666931
-427.433411
-437.750671
-427.585541
-431.365784
-447.229736
-451.296265
-462.006592
-439.410950
-392.567841
-357.773621
-329.650208
-280.463684
-238.821838
-196.335419
-151.130753
-101.026634
-71.537834
-58.967880
-61.149742
-75.678894
-70.722717
-66.966454
-62.764301
-59.958649
-53.957321
-56.780251
-55.720776
-60.212051
-68.695549
-88.717812
-88.721519
-108.973907
-120.706413
-128.378143
-130.310425
-123.654175
-106.272285
-97.062820
-92.951332
-94.519798
-93.046768
-94.891586
-85.728973
-83.516136
-77.916733
-72.198425
-54.291637
-76.240509
-82.140404
-85.128494
-70.807457
-59.695835
-36.527176
-29.872692
-10.807958
-16.372761
-18.234325
-23.648699
-46.932484
-80.781624
-122.703262
-168.591278
-205.363480
-226.190613
-226.841919
-209.976852
-185.148224
-168.197693
-167.453705
-178.756439
-177.284500
-168.366302
-144.369278
-123.550713
-103.282471
-102.638184
-105.407814
-118.968140
-134.981262
-150.506744
-140.401459
-139.752121
-140.433777
-135.746689
-137.426483
-148.100906
-163.264832
-187.498184
-206.219589
-224.728500
-231.649704
-202.955902
-165.291504
-130.849106
-95.896317
-66.099075
-63.279270
-61.633774
-59.260162
-49.809494
-40.736778
-43.257870
-57.964722
-69.522919
-87.611671
-102.851402
-119.708511
-132.243896
-164.830490
-190.023010
-0.494024
-2.961986
-8.504617
-14.934202
-23.542080
-30.666864
-35.539780
-38.643124
-44.236275
-48.546417
-58.302181
-78.398354
-102.995720
-141.537018
-193.280609
-236.209839
-269.043152
-292.965271
-292.197449
-270.042572
-251.244598
-223.498077
-200.719604
-195.347290
-194.303177
-176.099442
-171.815369
-157.570084
-146.737396
-133.548843
-116.562424
-97.360214
-73.531868
-47.643539
-36.269146
-32.957447
-30.240480
-28.911112
-24.462116
-20.413900
-21.925835
-17.238071
-13.032045
-7.606920
-9.798056
-8.447697
-13.838536
-12.639008
-13.510836
-13.394045
-15.099035
-12.588694
-14.050219
-15.428441
-16.281956
-4.666168
-3.103534
3.387533
-4.774978
-16.591015
-33.418766
-38.378448
-45.082222
-43.644539
-40.761154
-38.994835
-60.017342
-72.856346
-75.627266
-78.363274
-65.975754
-35.618279
-22.210825
-23.301214
-36.533592
-55.292294
-79.115067
-97.294830
-106.934120
-104.527382
-86.695793
-69.784721
-59.651932
-49.479359
-43.764751
-40.818260
-39.563618
-40.687664
-37.424652
-32.055004
-28.069180
-20.004719
-15.874151
-17.154749
-27.808216
-45.887440
-43.234772
-38.179504
-41.615047
-41.723724
-41.962589
-55.063934
-83.573982
-80.779778
-64.913734
-52.358692
-38.925785
-10.922985
-2.978866
-4.793556
-13.631257
-22.068192
-25.754517
-29.209604
-36.551636
-39.078678
-35.501953
-25.495733
-12.254012
-5.142862
-5.396808
-21.676094
-65.342049
-131.199524
-167.539810
-185.111130
-179.619705
-151.129822
-109.234222
-76.037628
-40.763863
-12.643548
0.989732
-7.397522
-20.428776
-34.775326
-40.437908
-40.640533
-34.247898
-24.653397
-20.958031
-21.089340
-18.314571
-15.595662
-11.174697
-5.038014
-5.762946
-10.886111
-17.372517
-23.164444
-27.178255
-40.951023
-56.981350
-69.640884
-84.909569
-90.575172
-88.124229
-88.608757
-90.657310
-91.527664
-98.011681
-111.679794
-123.115097
-135.801041
-152.274734
-152.825592
-155.291885
-173.986832
-188.164261
-192.346313
-238.584366
-274.530731
-286.632721
-295.282135
-293.201752
-277.942383
-272.272217
-252.328278
-225.097229
-200.694397
-174.226242
-144.595291
-113.638847
-82.502876
-64.308578
-48.272896
-35.894245
-38.350700
-35.852390
-38.046906
-36.841698
-35.154877
-35.948112
-35.565166
-32.529785
-36.229942
-35.923958
-45.248138
-60.615574
-79.519852
-82.300026
-80.276520
-62.252609
-45.208851
-27.267654
-14.680997
-9.441859
-7.593861
-1.589818
-1.128585
-1.690931
-2.129069
-0.645707
-4.415067
3.161162
-0.067730
-4.820757
-9.790094
-10.007295
-4.963715
-0.331865
-5.581753
9.224338
11.613894
14.623078
16.095377
13.540672
8.716130
-4.561095
-34.617977
-65.876297
-85.715157
-108.145828
-121.216934
-125.742935
-121.080338
-115.035484
-105.272110
-93.993118
-77.375298
-64.518890
-56.879353
-54.477261
-54.087666
-62.907417
-75.433754
-78.708992
-92.108536
-103.271484
-106.257492
-104.408424
-110.591339
-111.261841
-109.591377
-111.923363
-116.701782
-119.352196
-123.770447
-130.782944
-132.737427
-130.447250
-106.785614
-76.342804
-45.194592
-18.193888
-5.029739
-4.265719
-13.729617
-17.680050
-17.203163
-15.591191
-18.078836
-22.951717
-20.328575
-16.762835
-11.556846
4.718900
9.325837
-9.301690
-37.749268
-0.654984
-1.489232
-3.404705
-4.746803
-5.324758
-6.506335
-11.460747
-13.861932
-16.441687
-17.458191
-21.406969
-26.261168
-40.004284
-63.141602
-97.017242
-129.020233
-151.757858
-172.979477
-180.738907
-181.509781
-175.987152
-171.128525
-171.922363
-174.088181
-175.344940
-169.228165
-163.113220
-153.628235
-148.180908
-138.012894
-127.775253
-104.984352
-84.356735
-52.913399
-23.793762
-5.753068
1.051050
1.892328
0.300169
-0.662982
-5.286515
-5.843652
-6.113160
-11.539194
-9.940695
-16.656586
-36.031647
-53.960709
-67.580162
-76.322350
-76.067177
-68.961182
-57.894714
-50.235901
-39.177849
-31.651989
-28.961773
-25.950964
-23.171019
-28.396297
-34.552345
-32.677227
-39.463455
-45.421600
-45.778881
-53.658745
-78.680779
-95.521774
-90.669579
-76.920952
-57.499828
-26.105881
-5.541591
-7.149714
-17.538521
-41.052692
-57.968372
-69.553955
-81.218498
-87.553123
-76.261459
-71.747955
-74.199074
-66.693039
-60.060352
-53.966900
-54.050892
-47.886356
-43.384445
-36.347099
-31.910658
-27.815504
-18.385044
-21.736170
-35.820278
-55.981426
-65.057899
-64.970894
-67.432625
-61.585354
-58.475708
-82.681793
-109.790306
-114.169800
-108.522285
-96.344124
-73.043938
-39.321121
-31.240364
-32.059669
-37.252060
-41.192112
-41.884640
-40.969414
-44.899071
-52.206673
-56.895805
-66.538712
-73.047356
-89.588394
-98.139847
-101.696442
-114.271004
-150.426895
-162.996170
-160.542068
-159.002167
-142.322708
-116.050888
-87.389633
-56.358536
-25.765316
-6.630870
5.050327
0.505767
-11.059507
-17.783752
-21.515821
-18.612144
-15.331753
-11.901347
-16.677763
-19.543182
-22.870241
-24.895712
-21.280605
-16.220539
-16.423115
-22.885233
-35.233082
-58.399853
-69.898270
-71.744331
-67.827965
-64.940620
-53.332573
-38.582054
-25.525658
-20.098289
-18.166109
-25.099962
-36.480167
-49.799892
-57.639927
-58.571457
-59.941784
-72.241875
-91.801445
-111.634468
-122.554718
-146.509781
-166.018341
-183.184174
-200.358215
-219.896515
-228.748398
-232.652298
-223.811890
-199.577927
-181.129227
-160.494019
-132.490967
-108.020226
-87.093475
-68.578049
-46.903061
-24.780636
-7.723207
-6.824419
-12.148478
-11.994328
-12.392372
-12.642433
-13.405980
-9.108496
-10.665496
-18.012932
-24.384727
-35.231339
-51.728508
-62.558578
-69.273117
-60.827766
-52.381584
-46.558086
-43.895180
-34.201138
-34.006901
-30.712055
-28.847336
-29.859112
-30.576057
-27.287766
-24.100542
-24.279903
-23.968107
-16.154049
-17.702652
-12.726730
-18.885733
-11.164390
-19.369169
-20.639771
-17.962784
-20.026836
-9.923278
-0.054635
0.029612
-9.887684
-34.075951
-66.828323
-88.693314
-104.231430
-110.411674
-109.849976
-99.900330
-98.707130
-95.871605
-92.100288
-87.913605
-80.296814
-71.504250
-64.728401
-62.153111
-66.599007
-76.974106
-92.376099
-104.305313
-115.129059
-112.730766
-109.779701
-112.159729
-111.057465
-113.083656
-115.811119
-121.795471
-127.643387
-132.991974
-139.248489
-140.232437
-142.568115
-132.572342
-113.048378
-89.310432
-69.383896
-48.848263
-44.318748
-43.409252
-44.899731
-41.929588
-36.173477
-34.461639
-38.185650
-41.690071
-52.126156
-67.829620
-82.614647
-91.098228
-102.360680
-105.566841
0.013741
1.552509
2.304425
1.234569
-2.750787
-7.669410
-13.049184
-17.433496
-18.253437
-21.752188
-34.943756
-64.417290
-106.848801
-157.112610
-207.003967
-239.593246
-259.280457
-256.985229
-244.715073
-221.476822
-200.145065
-176.786453
-154.031082
-135.705627
-124.834503
-127.148727
-144.225555
-162.185760
-181.326859
-186.836716
-170.109482
-133.409805
-92.447174
-48.263302
-21.841160
-6.942369
-7.208880
-11.443480
-12.596644
-13.419214
-14.145223
-12.160662
-9.654423
-18.093040
-15.912723
-11.071851
-11.386381
-14.419763
-3.904105
0.790238
3.304394
6.671323
9.502425
8.487381
7.449291
2.400992
-0.872479
-5.039032
-18.461653
-35.573936
-56.242943
-62.581581
-59.040073
-49.941509
-41.783794
-24.822956
-23.374022
-27.993555
-22.694733
-21.618254
-18.538065
-12.091745
-10.153346
-25.816925
-55.195274
-81.340973
-93.086922
-90.881203
-94.431129
-96.358688
-86.138092
-83.729996
-91.648247
-83.444557
-72.446068
-60.179680
-42.158760
-28.894989
-21.795477
-18.444567
-10.756046
-6.842704
-9.136538
-14.152257
-22.134741
-29.677050
-25.656733
-26.927052
-26.280802
-23.092083
-16.739811
-23.833916
-40.039021
-43.460316
-37.464241
-35.639545
-33.169918
-33.601826
-39.141052
-45.640278
-50.825203
-58.356628
-58.351887
-57.470848
-60.878967
-65.897713
-70.472870
-68.060974
-69.268936
-85.933739
-94.063858
-116.782410
-136.015228
-149.375076
-131.075546
-129.184738
-117.923431
-90.467361
-56.097183
-27.256573
-10.900136
2.422574
3.188825
-2.755659
-8.628915
-9.595688
-11.517086
-16.504717
-11.726402
-7.060031
-3.823075
-6.588536
-8.988577
-10.686492
-11.607877
-12.629747
-11.057508
-14.589606
-18.507399
-21.965118
-29.374588
-41.025818
-53.771873
-66.021286
-76.282082
-74.978424
-70.596397
-71.274574
-77.847198
-83.808449
-91.844727
-106.209961
-108.541786
-121.649368
-156.046295
-175.049347
-203.674286
-226.223740
-238.111511
-236.576584
-256.632843
-258.854462
-246.350662
-234.030777
-211.794998
-189.185318
-167.427414
-142.158234
-127.329178
-126.836868
-131.868484
-141.317535
-125.907425
-104.392181
-77.998215
-43.770531
-18.850925
-10.822762
-13.094636
-22.581470
-21.267511
-20.219929
-19.041170
-18.752941
-13.656056
-15.600271
-14.947592
-16.297491
-19.805771
-28.624702
-32.571712
-40.595509
-47.209087
-54.000278
-50.832104
-48.172588
-48.659386
-45.878265
-42.486076
-42.364056
-42.379162
-43.990215
-34.478786
-28.818739
-20.224508
-13.805011
-0.668230
-17.321737
-21.956352
-30.446859
-23.019281
-25.223249
-3.774291
0.812258
8.674524
6.124731
-4.751568
-21.464508
-41.018810
-68.761696
-98.188148
-120.965454
-132.432144
-132.221176
-122.619728
-119.997948
-108.100899
-98.812927
-96.710609
-105.022850
-97.617744
-90.353523
-80.258575
-70.713379
-54.834042
-51.430264
-48.332245
-45.880924
-42.454887
-40.101093
-37.839375
-39.447689
-39.583614
-38.673187
-37.227779
-38.913578
-44.598469
-52.090725
-51.148083
-46.671013
-41.092377
-32.642330
-28.963976
-25.999783
-28.538656
-38.828217
-44.614132
-47.012447
-50.371426
-47.618046
-38.078232
-35.720776
-39.380924
-49.250778
-60.718151
-67.799934
-74.958946
-82.382896
-88.803162
-97.068657
