0.311896
0.613406
0.991028
1.376570
2.346318
2.504033
1.838222
0.934916
3.535411
4.134466
-5.315482
-4.800660
-4.876369
-5.326349
-5.913888
-7.572987
-9.906862
-10.556024
-13.013698
-12.863596
-14.027755
-15.966521
-19.917604
-13.174162
-15.413937
-17.627529
-15.175526
-15.399619
-13.795670
-5.018122
-4.682240
-5.338670
-12.680651
-12.101825
-14.163745
-11.940558
-12.756008
-12.426487
-18.567892
-10.747101
-12.568232
-19.686634
-20.785255
-19.110210
-21.785130
-19.808109
-21.959923
-19.908442
-31.538546
-33.752834
-33.689850
-34.208012
-36.027130
-34.697254
-39.182644
-36.501366
-33.177914
-40.122963
-34.305153
-31.160486
-32.149014
-30.877172
-23.795845
-21.183563
-19.113598
-20.495443
-23.187111
-21.194427
-26.934847
-20.720274
-18.336502
-25.168295
-25.782066
-32.384453
-37.608280
-37.685387
-34.241421
-40.960125
-34.753914
-31.232843
-34.775360
-37.359554
-43.270172
-35.747723
-37.829231
-33.669819
-39.317333
-40.197781
-39.242023
-45.909134
-34.337902
-35.786640
-39.786652
-30.071815
-25.285286
-28.291048
-29.671452
-29.814333
-26.916183
-24.750376
-27.534407
-21.910698
-23.748398
-26.988029
-22.824404
-29.903374
-22.810799
-22.395357
-28.032093
-28.427813
-29.265787
-24.449480
-31.008301
-32.938637
-33.702572
-29.411463
-25.575947
-25.218590
-32.798687
-29.270313
-22.180426
-26.918371
-23.556971
-21.248756
-29.594816
-26.239742
-25.645985
-18.060966
-20.371862
-18.208654
-21.995869
-18.877508
-21.967987
-16.185326
-14.905224
-16.732771
-12.326053
-13.098138
-10.783165
-15.199881
-19.622877
-19.114649
-27.673746
-22.462175
-20.118835
-18.761627
-25.801308
-21.593210
-21.791378
-25.462648
-23.907398
-28.918020
-21.008749
-18.215147
-20.451908
-19.895182
-25.099115
-25.491703
-27.611584
-25.881891
-30.567787
-24.474518
-21.982439
-35.911564
-33.944214
-37.914806
-38.293991
-37.126087
-24.487896
-20.567904
-28.484722
-27.998280
-30.964388
-29.724060
-31.173214
-32.315697
-33.871456
-42.044334
-40.197887
-39.857601
-43.980927
-38.455784
-35.529556
-40.004566
-23.440147
-25.654249
-25.859827
-35.337292
-25.203571
-25.671259
-29.504934
-35.837761
-32.046333
-28.774212
-28.459332
-31.500387
-31.460762
-33.218464
-27.909006
-37.024048
-34.706409
-34.340275
-35.112068
-40.459362
-39.041523
-35.757877
-38.486576
-39.325138
-40.533092
-37.743591
-44.320915
-41.645756
-42.520454
-37.543594
-35.412045
-33.511276
-38.765003
-29.187881
-30.691029
-37.018089
-32.511982
-38.688587
-33.354496
-32.865284
-26.358229
-26.364521
-36.234146
-42.706825
-41.273476
-41.728874
-39.239399
-39.321075
-36.448936
-37.693298
-40.158775
-48.427715
-42.154076
-40.351105
-40.487221
-40.321957
-42.449539
-44.628513
-42.825066
-44.798660
-49.808319
-42.683704
-34.455624
-32.266617
-29.627974
-29.122492
-27.510349
-35.046017
-26.878126
-22.020002
-24.871876
-23.634127
-26.965624
-24.930689
-25.868664
-25.864672
-27.224712
-25.810331
-24.155701
-27.269375
-26.395144
-29.512230
-29.966488
-35.056057
-29.005022
-34.940250
-26.970297
-31.658907
-34.734768
-34.921524
-40.821957
-42.268360
-40.763245
-38.627110
-29.111446
-34.771828
-5.625124
-5.924057
-6.211824
-6.830678
-7.287726
-8.740246
-12.241708
-8.280132
-9.618281
-10.191611
-11.590188
-10.481274
-10.454443
-9.718561
-11.123179
-13.549824
-15.877151
-15.780860
-18.656614
-20.334154
-21.191149
-23.518902
-38.513935
-33.175495
-32.453075
-30.194422
-33.726898
-32.573696
-32.074860
-28.322578
-26.110620
-27.382504
-36.313873
-32.379837
-32.700138
-36.662079
-39.241413
-40.617706
-47.871201
-48.666962
-53.075012
-40.546909
-38.180893
-39.143959
-35.334869
-31.984982
-31.386465
-29.814636
-33.351139
-33.613117
-36.065128
-37.594788
-35.981846
-36.087322
-40.453049
-35.620651
-37.938057
-32.988884
-40.227554
-42.160721
-41.973221
-46.145683
-39.393909
-36.694386
-38.808064
-35.485073
-39.208336
-41.419075
-43.280632
-41.763950
-48.424088
-49.087151
-45.833057
-40.470840
-47.311779
-50.962387
-53.158894
-43.444317
-41.994591
-43.880516
-37.634743
-41.034145
-48.140228
-46.313343
-40.774582
-35.178642
-39.718208
-41.334713
-36.438602
-35.189629
-42.753052
-48.769600
-42.689522
-47.186707
-41.715137
-41.165226
-42.694897
-46.971466
-46.861691
-43.736889
-36.782673
-30.261652
-32.955967
-32.831192
-26.032259
-26.224535
-32.770535
-33.280273
-37.161282
-38.933151
-34.995163
-35.425449
-38.701023
-39.006207
-45.050240
-39.318577
-35.374161
-33.030838
-35.893028
-33.626602
-28.231213
-28.507418
-31.726797
-33.230907
-45.121670
-52.460285
-38.235523
-33.466866
-37.929775
-33.680058
-33.238239
-35.782066
-36.112770
-32.815876
-35.791290
-39.957458
-35.561543
-32.166950
-40.412815
-41.458267
-41.725719
-41.638969
-41.832226
-34.126797
-32.659019
-33.552582
-40.825462
-37.870857
-35.309551
-32.302864
-34.882675
-40.121517
-29.964523
-27.757208
-30.187693
-38.213417
-38.319294
-36.600357
-41.097610
-40.185150
-46.660122
-35.434998
-42.939632
-46.621922
-46.585045
-40.664360
-50.385979
-63.013496
-49.976860
-44.261185
-54.174389
-56.023987
-51.281506
-49.904308
-47.276459
-47.673485
-50.856983
-51.152824
-62.106976
-58.838760
-58.569134
-48.450676
-61.605312
-54.904091
-52.802429
-51.908871
-52.065731
-52.692360
-62.788963
-58.335148
-68.190918
-69.036446
-69.362976
-44.712700
-44.140511
-45.665096
-56.754395
-38.411346
-45.120644
-59.518063
-44.162312
-35.257706
-39.187019
-41.259647
-46.177094
-35.268124
-43.877159
-46.975025
-47.422405
-31.255997
-33.506199
-38.178825
-44.944630
-41.676933
-48.413555
-50.095146
-48.697544
-41.553574
-43.432602
-48.864262
-50.663670
-47.287804
-51.434170
-53.048466
-55.248192
-39.115135
-45.419292
-50.910435
-52.962914
-42.975395
-51.151939
-55.095570
-51.054543
-50.571640
-46.030796
-42.443180
-49.575535
-47.585117
-46.200264
-48.968506
-48.207588
-45.327251
-43.533730
-55.163658
-51.817356
-48.641453
-44.625725
-55.497356
-46.761463
-49.445007
-44.166454
-49.827282
-46.373104
-47.283707
-42.316341
-42.039242
-46.904697
-41.914631
-43.829647
-47.378170
-47.203945
-40.379887
-36.598118
-38.139530
-41.198082
-39.060932
-41.213253
-45.151573
-35.598816
-35.083935
-41.003567
-43.559879
-45.105625
-36.321842
-43.087429
-47.316856
-58.767368
-47.397190
-37.422363
-45.774624
-2.280957
-2.444258
-2.918808
-3.054446
-0.188503
0.371739
2.350804
-4.489546
6.635120
7.791554
-25.077738
-24.933859
-21.233116
-20.741625
-24.540180
-29.978497
-19.359669
-22.489452
-27.573595
-29.786566
-26.457100
-27.239470
-25.154652
-37.821510
-29.581793
-19.436291
-31.553471
-34.151897
-30.170397
-10.749463
-10.500942
-15.591106
-9.205695
-8.236552
-6.930643
-11.914708
-12.343011
-4.952525
-1.243840
-11.152199
-16.007059
-20.128201
-3.727139
-5.374516
-1.985089
0.948175
2.198871
3.039009
-2.921506
-3.995364
0.641488
-0.978162
0.389227
-2.915471
-4.096350
-1.167079
-2.688656
-7.544181
-10.658243
-4.232274
-7.678686
-27.794249
-10.310675
1.063241
-20.127605
-17.801792
-13.878349
-12.921251
-23.157944
-27.857058
-38.489140
-29.982103
-30.437000
-31.747347
-26.929865
-19.737566
-25.011877
-29.570086
-47.358429
-29.093721
-35.919235
-29.605112
-30.542055
-30.806093
-22.737825
-20.134571
-15.088927
-13.057354
-18.283197
-22.933508
-31.092096
-32.914856
-37.036678
-28.430204
-50.420162
-44.192333
-40.711807
-40.276794
-39.579784
-40.079247
-27.777227
-18.108143
-27.206381
-9.095951
-19.037603
-11.638662
-32.201534
-34.725101
-34.546108
-34.559601
-53.096230
-52.366798
-50.682114
-47.232712
-57.341808
-63.169590
-52.064213
-43.933285
-52.452564
-50.925621
-35.751369
-42.455456
-44.917530
-35.912270
-55.529621
-64.866440
-44.753242
-34.647884
-18.625671
-29.659483
-40.880211
-43.106232
-31.698557
-31.708109
-21.855036
-21.117321
-5.202053
-17.954941
-20.546980
-8.176718
-24.510307
-40.461517
-18.849854
-16.174765
2.070888
-10.136725
-28.712137
-34.368767
-24.338030
-19.669643
-8.262608
-4.268634
6.926190
-2.138565
1.769942
3.921318
1.426405
-6.282351
0.593140
0.843971
19.999098
-6.466266
-5.787089
-27.470644
-30.588779
-37.928425
-28.515331
-46.225426
-52.057167
-52.334328
-53.391590
-51.818321
-34.538967
-35.023510
-21.582834
-21.774250
-21.966597
-21.090004
-14.827935
-20.169279
-29.732170
-23.286877
-11.277726
-19.839869
-38.878250
-46.510597
-47.147335
-48.847057
-31.405724
-27.495481
-16.133614
-16.531353
-20.505739
-22.540478
-17.457130
-17.616293
-18.360964
-25.919029
-29.649603
-40.595444
-21.432901
-21.925583
-26.207087
-27.706068
-24.093765
-23.139141
-29.199366
-35.857849
-40.929108
-30.711000
-22.813841
-25.716331
-19.610363
-15.019703
-31.050138
-23.733902
-14.469491
-24.506516
-56.119686
-52.944576
-37.886246
-34.444252
-48.062336
-48.258732
-46.697231
-14.807843
-50.024982
-55.499134
-34.572617
-30.543016
-41.573105
-48.310589
-26.001606
-36.180080
-53.868069
-68.417999
-51.088612
-40.919815
-47.523647
-44.767250
-40.063797
-36.691792
-45.332756
-52.175381
-23.340631
-28.901360
-29.533926
-32.489227
-20.005318
-16.822298
-11.865387
-24.713076
-18.264851
-12.765739
-15.281800
-14.988717
-11.638131
-15.330513
-10.894382
-20.866220
-24.181313
-16.608887
-6.395833
-6.031506
-1.298229
-4.610899
-0.141526
-5.614761
-8.430593
-7.406270
-5.636889
-12.780739
-16.001682
-27.441513
-25.178179
-28.412056
-59.741306
-33.761166
-19.155079
-30.124859
-32.527760
-34.717255
-36.328197
-36.105442
-41.059223
-42.977585
-53.737297
-24.137878
-30.024141
-27.915611
19.063683
22.378601
10.370797
6.367261
1.759603
9.353263
0.863861
7.704403
10.873260
14.536309
14.618934
12.597779
23.373751
23.523365
25.601856
5.244919
-18.135254
-14.998750
-11.686352
-52.012318
-47.163872
-39.216278
-52.951237
-50.079762
-47.156651
-42.730949
-36.763123
-39.082935
-38.808189
-16.160891
-10.632943
-33.616634
-40.683903
-23.067169
-41.288837
-5.583433
-13.864926
-9.123339
-35.481457
-36.960030
-41.632046
-39.039165
-45.063778
-41.770454
-51.922417
-20.429565
-47.231823
-57.518288
-17.865236
1.867600
-4.688818
-79.113228
-34.902893
-16.465818
-30.670506
-46.440220
-39.557724
-38.553471
-76.784531
-73.132439
-57.645763
17.067781
-0.749997
-3.777509
-6.759330
6.833653
-1.287442
-39.235775
-29.904089
-13.313387
-22.430937
-26.768198
-29.974545
-20.060135
-3.454581
-3.049085
1.921626
-12.073171
-20.658802
-4.490083
2.368348
12.469192
-1.258777
-44.865585
-28.741156
-25.598713
-47.009853
-41.147793
-18.973509
-16.445917
-25.709961
-28.541130
-31.563026
-20.240498
-23.897221
-14.941118
-24.339468
-4.512980
-5.929529
3.118641
-16.924143
-13.595325
-4.540591
-5.884400
-15.089087
-19.179018
-1.014987
-15.281243
-32.121513
26.924673
12.875093
0.346984
13.616316
7.033551
8.154312
24.245783
-51.840424
-54.768211
-45.181240
-30.947287
-26.232283
-36.473061
-25.662930
-30.450245
-28.209446
-35.660526
-24.635286
-23.993904
-30.042154
-50.694633
-36.180519
-32.033379
-16.603373
-28.498983
-5.342837
-4.257018
-9.338205
-6.278585
-3.131506
-3.934639
0.560626
11.189562
-3.416985
-10.131712
-17.672983
-18.413395
-4.026925
-2.239985
-28.159027
-32.394894
-29.217812
-5.161235
-24.851816
5.684524
26.232246
-33.200138
21.453886
2.955994
4.140141
8.195487
7.191289
5.510610
20.188622
21.564217
7.728899
8.390728
17.683327
-12.852180
-7.948102
-34.676075
-18.509661
-83.011887
-61.287094
-82.485992
-64.122803
-65.413101
-56.135780
-62.842617
-29.860067
-28.906744
-38.695469
-42.944752
-44.200092
-36.424625
-56.966633
-22.776606
-19.703432
-9.755386
7.009196
1.229145
-9.785909
-34.616150
-22.642344
-18.890652
-23.460432
-25.392624
-25.203665
-22.137905
-33.808712
-28.605356
-37.457966
-2.900534
-38.989124
-41.595341
-25.965147
-41.935772
-19.794077
-28.142309
-76.993958
-76.974625
-72.499008
-70.099045
-53.972042
-61.484966
-76.791893
-65.589493
-8.612071
-11.083985
-10.759066
4.985430
-16.017866
-7.475975
-9.991764
-28.951071
-29.462877
0.946643
-7.105380
-7.748771
-6.796639
-19.233490
-7.424343
-5.321297
-22.897017
-24.300446
-27.462229
-32.574608
-24.398851
-23.977846
3.714884
-14.023153
-35.959137
-28.980238
-29.003971
-30.256989
-24.305796
-31.641857
-23.546242
-40.099983
-9.658094
-21.238083
-14.957219
-42.816677
-28.147108
-40.779530
-11.801390
-23.957199
-4.023202
-11.103514
-2.100378
-12.249703
-5.841482
-19.000925
-16.495102
-27.479702
12.006303
0.488130
7.100292
10.766887
19.413004
15.937266
-13.131207
-13.442760
-13.188063
-12.518755
-17.131342
-18.128502
-24.754885
-6.766711
-11.568461
-11.118164
52.992638
51.539352
41.075283
37.819477
27.903996
34.788818
33.017567
40.771839
45.616989
46.079758
45.961979
45.590694
61.333412
44.097149
48.414631
53.713928
16.298832
21.339975
33.729542
-37.174507
-38.599926
-46.212811
-29.994217
-34.151814
-38.051060
-41.706776
-32.704453
-41.048958
-46.719059
-42.039970
-35.595249
-52.975048
-45.194302
-37.444256
-37.797985
8.743345
1.299958
0.911027
-25.667326
-18.833700
-18.594849
-21.984043
-27.743595
-26.332802
-27.973450
-24.303776
-35.798367
-44.027966
-6.897079
-0.788727
10.000453
-23.008459
2.891901
1.225907
-7.139741
-10.463152
-8.108554
-10.813681
-39.747402
-33.970776
-21.535036
37.867344
50.026600
38.158085
14.039268
20.732441
14.197379
-0.757192
3.762793
13.276468
10.607236
7.325650
-1.854034
-3.388721
-2.531964
6.010357
-4.720296
-32.208260
-26.967720
-19.655165
-30.942083
-28.670513
-30.346445
-52.990360
-35.604725
-33.213062
-38.703976
-45.146690
-31.864504
-19.237926
-41.923862
-33.448772
-33.164822
-10.629144
-11.754761
-27.180868
-22.315960
-25.227497
-22.802593
-19.674732
-1.328265
-4.680904
-15.808691
-16.552412
-4.303363
-6.872312
-9.162113
-6.443698
-4.071083
15.071649
22.054363
26.164083
22.394218
27.548487
22.970051
31.704441
-34.984261
-44.068672
-41.094021
-41.356205
-31.001228
-37.056248
-37.682487
-33.113899
-52.542835
-25.095009
-14.104067
-18.018396
-21.781458
-36.992210
-53.268829
-51.956219
-23.579664
-16.888378
-11.462954
-9.126337
-10.848271
-7.793407
-6.909133
-3.569885
-10.817049
7.416572
1.027629
-11.311487
-15.487736
-24.566734
-4.968368
-9.468994
-39.389351
-42.715408
-43.756004
-15.543251
-39.824574
39.995411
46.444946
37.812588
40.494667
30.682901
39.285046
33.603558
28.142403
25.297953
25.892763
28.607674
5.759848
18.173477
26.677874
43.930573
40.590137
-6.323107
8.978771
-78.684280
-70.805794
-73.524719
-60.785103
-36.393265
-43.192509
-41.514153
-39.354160
-42.864689
-58.397022
-59.913967
-60.247070
-67.266182
-73.871902
-38.832256
-36.916447
-5.906270
17.867468
11.419065
-2.479385
-15.397754
-16.111732
-18.581816
-26.557779
-20.065086
-22.427267
-25.454853
-25.379454
-8.340569
-6.830042
9.989489
-18.151888
-32.283653
-15.238997
-20.698950
-24.900805
-24.834248
-38.067028
-40.414959
-56.426510
-35.960556
-30.482948
-38.692951
-52.921680
-55.956276
40.334621
39.539692
49.526619
28.400169
11.011176
3.711844
3.148905
4.695441
3.196490
21.834812
16.417610
13.956058
3.186792
-3.339283
8.778552
13.231701
-25.221306
-21.791594
-36.936176
-38.848797
-30.421671
-17.718063
-28.884483
-24.102825
-34.270546
-28.300867
-43.427303
-36.761398
-40.111282
-41.146179
-53.209030
-33.020981
-13.238069
-5.398625
-29.563995
-16.754187
-18.205523
-16.388290
-34.194492
-24.367418
-12.995494
-4.116537
-8.504768
-8.119083
-4.602788
-9.000038
-22.995184
-11.769285
20.562618
17.807062
36.033257
30.621487
29.653923
32.581696
-7.621272
-8.243701
-9.068238
-9.561224
-10.315611
-11.399712
-14.314385
-13.631548
-12.940465
-13.735163
-13.483671
-11.941813
-13.417359
-14.347149
-13.808984
-11.399630
-26.102699
-24.471739
-24.795212
-24.296398
-26.337336
-30.789188
-37.204975
-36.473389
-34.398811
-38.685390
-30.721169
-29.113148
-29.219847
-26.414047
-23.595331
-24.055876
-35.891701
-32.164062
-30.578112
-31.376863
-34.652527
-38.238792
-39.026638
-30.945623
-32.347588
-31.251747
-27.092091
-25.079937
-30.608252
-30.443811
-28.702032
-25.732975
-39.417828
-34.699680
-34.986565
-33.764854
-38.323093
-38.287659
-40.628780
-27.812183
-30.272446
-35.816082
-41.804295
-39.868549
-46.762764
-45.275040
-40.609188
-40.308674
-44.016644
-50.932774
-57.000816
-54.577023
-56.104446
-58.243935
-74.777466
-57.883484
-53.490196
-66.073158
-82.804169
-72.349007
-78.308464
-65.449524
-71.239677
-63.186752
-57.161877
-56.275528
-63.473747
-62.683174
-59.637646
-51.513355
-61.450203
-57.414665
-48.063507
-58.325912
-62.751331
-53.053982
-60.789326
-53.982285
-57.437435
-52.140141
-45.200798
-47.723419
-53.183796
-49.466042
-49.436176
-42.140152
-39.192963
-36.875065
-33.239799
-48.065178
-47.490807
-39.774628
-48.920994
-61.845100
-45.044697
-38.818897
-37.028538
-41.931435
-49.183464
-37.568844
-47.186676
-43.497963
-48.899193
-49.568062
-39.882931
-46.768936
-39.197479
-36.836617
-46.866928
-53.551891
-48.881527
-40.051151
-44.375702
-46.151928
-52.545811
-40.087177
-46.939041
-47.300804
-47.312672
-63.189106
-47.783752
-45.441879
-47.883175
-46.917999
-46.044628
-44.257404
-49.183819
-43.189823
-48.414650
-52.527981
-49.692009
-42.902321
-40.800560
-39.795696
-39.849098
-46.378227
-44.624329
-43.173817
-45.814980
-51.132298
-44.807808
-45.715038
-53.349003
-54.479843
-58.791637
-56.188156
-62.222660
-55.855301
-57.599117
-60.744354
-62.576874
-57.740181
-50.809559
-51.029835
-55.955753
-58.197887
-62.126934
-65.189735
-67.897026
-67.968513
-69.056213
-64.820412
-63.078518
-58.027283
-57.427948
-62.487804
-57.651035
-60.344460
-52.128674
-52.465366
-57.357529
-67.480255
-62.690163
-62.994720
-69.692314
-68.349892
-69.030479
-46.631630
-52.981430
-58.399265
-53.441742
-55.995476
-52.140148
-60.964214
-44.469879
-42.585606
-43.176842
-53.077511
-48.415691
-46.006531
-52.239655
-58.396801
-57.346127
-43.505192
-49.305233
-60.847530
-59.740421
-69.361626
-57.779530
-60.864491
-56.293530
-44.962933
-49.058338
-55.218941
-51.395050
-50.077335
-54.714306
-57.674656
-62.687603
-58.137959
-64.470291
-77.662239
-76.701309
-65.337807
-53.334435
-56.986702
-57.804096
-55.631187
-50.147652
-66.440880
-54.875454
-54.993652
-50.437183
-51.903229
-55.293831
-54.447350
-56.717152
-59.035297
-65.412483
-55.888294
-40.506447
-48.852993
-53.007263
-54.906384
-51.191486
-63.622112
-57.977306
-55.131996
-47.370701
-50.831421
-53.590431
-48.695869
-49.949730
-56.925064
-60.287830
-49.621021
-42.462009
-42.072784
-45.542324
-43.665710
-58.148247
-55.014610
-50.009037
-46.121113
-43.974892
-44.057865
-43.980385
-47.354012
-54.091515
-59.456287
-67.701729
-56.366966
-48.518055
-51.534210
-1.436545
-1.462677
-1.507617
-1.354800
-3.539463
-4.738051
-8.064663
-0.469241
-1.767272
-1.918673
1.180020
2.051658
1.390220
1.373060
1.128767
4.429122
-3.154871
-2.737912
-2.363463
-1.759924
-0.547752
0.485525
-3.807220
-6.566550
-1.333404
0.395552
-4.200235
-1.370049
-0.396575
-5.335882
-4.846130
-4.795834
-12.764754
-14.035082
-16.540800
-15.743518
-17.273706
-20.890495
-29.283476
-21.704140
-20.855658
-27.997274
-26.723745
-25.009756
-27.678576
-26.697336
-23.888958
-22.001053
-20.940397
-20.312695
-22.028402
-20.969145
-20.407917
-19.280981
-26.793407
-18.722622
-20.338299
-24.456974
-33.797447
-32.063866
-32.888969
-40.777485
-37.162540
-36.240162
-42.981865
-43.162735
-48.782692
-48.886810
-56.378185
-57.828075
-66.047394
-55.760201
-52.312725
-57.779186
-48.892914
-47.066692
-51.732388
-41.649815
-30.859119
-26.289988
-28.865408
-24.622849
-22.301519
-22.023027
-24.728626
-22.578705
-17.873985
-23.246431
-25.138332
-33.008934
-30.355726
-33.507954
-38.867817
-43.750771
-36.984703
-33.948009
-32.174492
-35.537601
-38.438190
-35.399532
-37.403923
-33.651089
-37.633289
-33.081871
-30.623446
-29.045513
-35.734615
-32.943733
-46.101269
-44.223595
-33.220150
-27.812796
-28.339005
-30.842455
-30.582119
-21.578707
-20.445745
-15.465083
-14.037013
-31.194952
-34.393562
-31.960052
-34.207523
-31.148428
-28.128117
-28.522478
-31.848177
-29.213249
-32.451981
-35.793736
-35.593788
-32.224052
-31.073410
-26.886377
-26.013763
-29.667580
-18.204708
-19.687368
-25.677937
-25.924391
-29.491049
-31.375326
-28.624901
-26.031719
-29.839725
-26.243429
-22.823639
-20.235193
-19.690271
-18.896931
-19.693930
-23.554325
-22.866140
-20.226528
-23.063814
-22.302530
-29.640341
-27.945257
-31.937946
-33.718838
-36.927631
-29.775053
-26.800838
-25.276411
-25.381960
-30.068623
-34.385986
-39.590618
-25.361635
-33.652645
-37.115143
-38.441296
-39.922497
-38.751099
-25.747627
-24.128258
-20.898588
-23.827477
-20.525410
-26.537632
-21.135752
-26.728317
-33.414345
-37.525211
-31.511106
-29.207926
-33.751289
-40.365730
-32.412647
-35.503868
-46.476620
-49.524021
-50.094673
-42.742195
-53.641769
-37.700447
-38.566299
-35.406834
-32.497276
-40.846497
-32.227337
-25.916332
-27.556107
-31.898422
-27.734995
-25.735027
-31.069717
-32.914673
-36.518688
-31.526049
-35.071980
-45.374641
-50.719276
-46.102245
-43.998482
-48.047440
-54.737164
-43.833603
-45.619289
-50.799362
-54.177425
-54.576653
-57.684875
-64.650307
-70.110283
-51.033092
-49.511051
-44.279564
-47.506233
-25.648100
-27.845221
-31.293694
-30.989286
-30.810596
-32.301777
-34.943943
-18.993612
-23.415089
-22.253618
-23.070293
-20.072660
-18.148363
-18.774153
-25.593391
-33.387733
-32.784763
-33.178387
-35.650837
-39.293941
-41.495045
-37.564457
-50.951080
-38.923141
-35.209167
-36.455276
-35.436573
-38.957405
-34.101875
-33.961269
-42.001389
-43.525448
-37.711452
-36.340221
-40.822346
-33.768696
-33.353195
-36.419453
-34.363697
-30.235865
-28.661898
-21.221235
-19.408377
-23.951420
-13.798989
-31.264709
-31.754477
-40.107330
-50.884144
-37.843281
-42.844482
-10.988903
-11.594020
-12.290951
-12.708919
-12.411238
-13.032887
-19.796360
-7.909850
-9.046748
-10.958072
5.163352
7.937186
4.390862
6.427828
-0.571928
5.106534
-15.304574
-12.552665
-15.504918
-15.424474
-20.049696
-25.643232
-33.268379
-24.278999
-33.519001
-43.024872
-16.735889
-8.631065
-5.906076
-14.408147
-13.012649
-7.506634
-34.657372
-26.704241
-17.417412
-21.890663
-20.191700
-23.322573
-25.100285
-19.776964
-30.232971
-34.925945
-28.637617
-26.262905
-22.262217
-29.827301
-34.971039
-29.544844
-53.737572
-47.582588
-46.482601
-51.440693
-53.576675
-61.108482
-70.632500
-49.092514
-80.478989
-63.268707
-68.812729
-67.464890
-57.511578
-77.809074
-64.061905
-50.150356
-76.155228
-75.463120
-74.228951
-69.071068
-75.965469
-77.887489
-88.326859
-61.525757
-74.839722
-67.707169
-69.073341
-70.720490
-58.836716
-43.078365
-72.362221
-61.251408
-69.628677
-62.036079
-57.395538
-68.187065
-36.863110
-38.975479
-49.365475
-46.184067
-36.149410
-35.066681
-49.518372
-58.705437
-53.080070
-61.563755
-66.293983
-59.813778
-55.752327
-45.856579
-34.890568
-63.629780
-45.906475
-40.743549
-44.407433
-40.784733
-43.964714
-30.886799
-40.866779
-51.972881
-43.946236
-46.753403
-43.364525
-46.686596
-28.500790
-17.655954
-34.141953
-51.482578
-43.958374
-54.901260
-56.449074
-32.344421
-25.042768
-29.645390
-24.320873
-43.584591
-28.469887
-24.626791
-42.132454
-52.358887
-43.951607
-34.363487
-45.929379
-41.855164
-25.166494
-43.751934
-41.588005
-40.540340
-40.339611
-32.910236
-51.719151
-69.758690
-30.115198
-22.418489
-45.352615
-53.529137
-39.918541
-28.578455
-32.143002
-48.830547
-31.877819
-43.640194
-54.377457
-50.900230
-51.027405
-48.058044
-63.499485
-74.151421
-51.851082
-45.272293
-53.698353
-48.758667
-44.034767
-33.246964
-52.581894
-19.997877
-18.329704
-52.099308
-22.992174
-37.039406
-49.191227
-53.308136
-61.056618
-65.863937
-62.935013
-61.417057
-63.306694
-58.935791
-66.129852
-58.981861
-64.024452
-25.212864
-30.664833
-46.545902
-29.996252
-55.863567
-30.450514
-53.420818
-57.966530
-58.957542
-57.266479
-52.444294
-63.089184
-61.853313
-60.671345
-51.112034
-59.133808
-51.873158
-52.445702
-71.229683
-64.128662
-74.456245
-56.919048
-69.403160
-69.523781
-69.870438
-90.464149
-80.206978
-84.675095
-85.784142
-95.457581
-79.766220
-90.664566
-83.102051
-98.375824
-86.187775
-88.211357
-88.094322
-50.610424
-56.706264
-90.696098
-81.866013
-99.220840
-70.541451
-70.943520
-73.560867
-82.554558
-83.400330
-71.014885
-51.445225
-74.967361
-39.766376
-55.730049
-56.440090
-33.033226
-46.538486
-31.038919
-38.456055
-46.187321
-24.139050
-27.623463
-45.532497
-41.687313
-54.723633
-37.983471
-39.515144
-46.685665
-37.793087
-37.802876
-41.626434
-28.622477
-33.966091
-34.573181
-37.826851
-34.293102
-23.355078
-29.646624
-36.350441
-33.048164
-53.318966
-53.627579
-61.744678
-70.175247
-56.427685
-57.208202
-69.570518
-48.563980
-50.748745
-52.402336
-55.659775
-57.420940
-42.655334
-47.933510
-52.190800
-56.385281
-64.147629
-71.049911
-81.320946
-84.973289
-35.619400
-30.296999
-46.693787
-7.521047
-8.107180
-8.878371
-9.602654
-11.114384
-12.981268
-18.316483
-14.260324
-14.750006
-16.188299
-13.264011
-11.599375
-13.213550
-14.085220
-10.958454
-10.084361
-22.037495
-21.739914
-20.326847
-20.785013
-23.318794
-28.564371
-31.920845
-27.051239
-28.951145
-30.420946
-16.169109
-18.306490
-19.677834
-18.047037
-14.277710
-9.860877
-29.618999
-25.572758
-26.484783
-28.482433
-31.668461
-36.338806
-42.600418
-34.565693
-37.212376
-33.230938
-24.489616
-24.144354
-27.785517
-35.629959
-34.383564
-29.333176
-49.544674
-46.110027
-46.025906
-44.827248
-47.560284
-49.484428
-64.181740
-41.719467
-43.666748
-48.392342
-45.096844
-40.442192
-42.559750
-48.840244
-45.615723
-38.974716
-50.212902
-44.379822
-44.972740
-41.932281
-44.237164
-44.156868
-51.254646
-38.406410
-36.324604
-33.718136
-55.827557
-44.062511
-46.536831
-60.337502
-58.337322
-53.333485
-52.497353
-54.561172
-60.615017
-54.175179
-57.210903
-52.206383
-53.028240
-39.453423
-34.655590
-48.513565
-56.357594
-50.865921
-57.548393
-49.054604
-47.662895
-45.471977
-43.423584
-47.270508
-51.715126
-48.541916
-46.987579
-38.978569
-40.217152
-30.042038
-29.838902
-37.800415
-38.147156
-36.605774
-40.745960
-47.329193
-40.120808
-35.416306
-34.443394
-40.032619
-44.941998
-43.150883
-45.922108
-43.429379
-49.632431
-37.556431
-31.075314
-36.056072
-38.456135
-33.871075
-35.540546
-50.572830
-40.255138
-36.131088
-33.660542
-33.475803
-43.479912
-39.215210
-40.872635
-38.526848
-43.370461
-51.065781
-37.131008
-36.373627
-41.690231
-40.804974
-39.175968
-38.687965
-50.558762
-47.410210
-46.853519
-46.748768
-53.809837
-52.329548
-41.729416
-40.312355
-43.597885
-51.590843
-40.905842
-39.726685
-49.138031
-53.409374
-43.171844
-44.377781
-59.350189
-60.175014
-60.607712
-56.079483
-61.228054
-54.926289
-50.635128
-49.766548
-55.504375
-59.984280
-54.984783
-53.808670
-56.145550
-62.765778
-52.255852
-52.995857
-77.780548
-78.723282
-80.159454
-62.200699
-69.888878
-52.264160
-56.740547
-60.950516
-56.996670
-57.628307
-49.085709
-53.490864
-57.747448
-66.677567
-62.306236
-61.360050
-71.480087
-72.983017
-73.734634
-51.340382
-49.305809
-43.434456
-44.304497
-50.372261
-50.056538
-52.600273
-48.418686
-51.719826
-52.821342
-54.605953
-53.277859
-47.694759
-55.561676
-59.478477
-61.771626
-47.134064
-48.103912
-47.990837
-46.525288
-51.866280
-44.987602
-52.114067
-45.525402
-48.449318
-44.032452
-50.538689
-49.507824
-50.766895
-46.522476
-48.312218
-51.963997
-41.890217
-40.444920
-52.756069
-54.864063
-68.333374
-57.801029
-58.758835
-52.410477
-60.907314
-62.162682
-64.431969
-66.151665
-67.068665
-59.145229
-62.889469
-64.743019
-67.325851
-51.537144
-55.512375
-62.725952
-50.003883
-35.743046
-41.777737
-42.163391
-47.243828
-42.478401
-42.230198
-44.164093
-45.717224
-36.900311
-40.921013
-42.723984
-44.420303
-34.234940
-41.351578
-49.228027
-51.556839
-35.315399
-41.298897
-38.682858
-36.997784
-42.310829
-47.351746
-41.420300
-39.603775
-38.616898
-43.886574
-46.319073
-55.050774
-38.719948
-47.536793
-50.952362
-45.711567
-40.014343
-36.969990
-19.921082
-21.314287
-22.239105
-22.482435
-24.146168
-27.206491
-35.846642
-13.652986
-16.648426
-15.981448
-33.507748
-29.634056
-36.241093
-37.526241
-37.663288
-35.871666
-36.745716
-38.594093
-42.470646
-40.935425
-36.415878
-36.989662
-45.281059
-40.454300
-34.059292
-40.886383
-66.274361
-70.453621
-68.062843
-55.353828
-52.176662
-55.511810
-54.317715
-56.616688
-61.138428
-61.730354
-61.709412
-51.397991
-56.467014
-46.859699
-44.399677
-70.167450
-58.599899
-53.176105
-62.423294
-28.926071
-31.825842
-33.189659
-40.780037
-39.389744
-37.801346
-33.077362
-36.107273
-22.870518
-30.063671
-20.522371
-25.579964
-64.056572
-8.336168
-3.734715
-11.914219
-43.238876
-3.083942
4.196258
-2.980713
-7.188993
-2.875439
-4.321241
-37.740131
-26.661716
-20.603306
-17.564020
-13.984496
-34.129307
-13.390964
-11.451745
-9.379287
-50.445969
-34.701675
-27.496637
-9.458590
-20.229273
-32.841030
-8.454244
-26.110617
-15.604204
-13.574368
-30.171116
-25.989021
-39.386600
-26.548399
-31.947388
-19.786983
-41.069828
-33.383457
-34.968670
-51.868587
-49.684402
-30.434008
-6.799342
-27.381374
-16.540724
-20.501713
-20.385555
-21.794109
-30.668615
-9.116983
-10.403077
9.140381
-1.675163
-1.937820
-7.953932
-25.579737
-26.990669
-10.069371
-6.512121
-16.941355
-20.354216
-38.178799
-27.007372
-13.906062
-27.389441
-16.052185
-13.844325
-20.412971
-41.042793
-35.993153
-30.142706
-37.115665
-39.384018
-15.727712
-25.827559
-36.703171
-38.613571
-43.184677
-42.806183
4.458676
-10.215407
-12.305610
-24.168192
-23.089514
-24.658440
-42.624458
-40.012821
-24.327692
-28.447386
-14.156873
-2.633761
5.108315
-1.784772
-3.612539
-4.552458
14.255580
7.319317
-0.454734
-10.894187
0.996708
-5.314464
-32.085068
-37.840981
-37.106098
-19.647417
-12.747611
-32.678215
-13.995011
-36.334660
-22.418417
-33.479733
-29.942863
-12.829326
-24.437777
-32.328804
-20.359596
-13.704011
-35.741413
-43.108887
-39.024879
-65.485893
-53.175117
-78.648201
-78.538483
-94.958084
-65.512909
-71.826424
-51.894268
-34.600449
-42.972984
-47.071838
-53.239014
-44.978523
-56.922939
-55.126907
-57.442959
-63.418041
-55.127750
-29.896166
-42.402790
-30.110243
-7.536556
-11.430283
-38.602852
-27.373875
-17.511976
-14.119035
-18.143654
-14.510358
-13.142385
-9.536551
-19.554081
-23.668556
-18.416945
15.847653
-15.450320
-33.453285
-9.761743
-18.050184
-28.593224
-27.174643
-53.963428
-45.829300
-38.219955
-42.741398
-29.099714
-21.366837
-22.158388
-36.648876
-44.259785
-28.479847
-23.835297
-53.056171
-41.509525
-40.565685
-49.575081
-38.275677
-66.104248
-46.524334
-35.891022
-39.694523
-34.995472
-30.029757
-27.118982
-30.420099
-51.763836
-38.313313
-43.363419
-41.664608
-34.498440
-25.715981
-28.171659
-27.514715
-39.904217
-42.383884
-33.957310
-30.609947
-24.643370
-24.689051
-26.556934
-13.163914
-8.131354
-0.753639
-16.564405
-24.122696
-15.213305
-17.788059
-13.204972
-17.390425
-18.283257
-20.868147
-14.477118
-16.733112
-14.443985
-22.197676
-23.436777
-32.501625
-6.837957
-15.854055
-13.892989
-12.067161
-22.608261
-20.202240
-9.714451
-10.366289
-11.008663
-11.680195
-13.103907
-15.776680
-25.568453
-13.897043
-17.077089
-19.264788
4.524390
5.660308
3.414958
1.381275
7.489974
8.269211
2.546765
7.253752
7.583537
9.738900
10.587076
8.490572
7.739280
1.718535
2.884977
4.432909
-5.319391
-10.700476
-8.664645
-31.311188
-28.296307
-26.562094
-19.534700
-17.407990
-22.191545
-20.008776
-15.596970
-18.240887
-16.795214
-25.747429
-20.546740
-28.394300
-34.783974
-39.814384
-39.690945
-32.791954
-28.403172
-26.767094
-26.672155
-21.970184
-25.008829
-18.360062
-16.904186
-14.037097
-11.648650
-24.812016
-24.876070
-32.819996
-40.796799
-44.363277
-37.495800
-36.883003
-29.087910
-25.304348
-27.253599
-31.204027
-39.215549
-30.238050
-37.260971
-37.454075
-35.689369
-25.031851
-19.550257
-24.173126
-66.099838
-66.738174
-71.674706
-48.366573
-48.642628
-41.896038
-36.694714
-42.150051
-48.205540
-49.582287
-52.575821
-54.734581
-45.253319
-59.707542
-59.515118
-50.272850
-41.531330
-48.023262
-58.079014
-17.748301
-31.450361
-26.745514
-26.087492
-21.902655
-21.161734
-19.547468
-17.208391
-19.160772
-16.696526
-25.824585
-27.785585
-28.836878
-24.956715
-17.370535
-25.850035
-24.589428
-30.032248
-21.840542
-27.221989
-19.482056
-12.050056
-15.357919
-10.158591
-17.819586
-22.969795
-29.155474
-34.772839
-29.560108
-30.713356
-26.148651
-25.972136
-19.696033
-46.312099
-41.916161
-38.734833
-31.217291
-31.965450
-28.701504
-30.449306
-31.380932
-31.754465
-73.845070
-52.437355
-43.046577
-36.615383
-44.985939
-49.560616
-43.005680
-45.287251
-46.798672
-43.186069
-34.717827
-40.620724
-25.676212
-22.333323
-16.593805
-16.660946
-40.449322
-24.831621
-22.534986
-23.776659
-25.704250
-29.082106
-24.924946
-22.305542
-30.348505
-50.571739
-33.333561
-42.536495
-14.526320
-18.188229
-12.795436
-24.109119
-16.929914
-0.019220
-4.285855
-4.166755
-10.043441
-12.300411
-17.231007
-2.620908
-8.513269
-16.028477
-15.770700
-17.484497
-26.243099
-33.623188
-39.628922
-53.569916
-69.027496
-53.074593
-43.095127
-38.937840
-42.871643
-57.888592
-54.426750
-30.545597
-26.488571
-33.584141
-39.852272
-38.031830
-36.194485
-46.000957
-15.036950
-24.498468
-30.208191
-32.704662
-25.867931
-20.606983
-15.508719
-15.190779
-5.393175
-4.997573
-3.501858
-9.072260
-16.673103
-20.675972
-21.477379
-38.548336
-38.172493
-28.250919
-30.295952
-37.080906
-32.779346
-26.280014
-33.935837
-34.181568
-38.694138
-24.525410
-35.636978
-38.248249
-52.566891
-20.445084
-62.131149
-61.616344
-45.574783
-53.320595
-61.675415
-54.954956
-39.983803
-36.277184
-48.140263
-33.938622
-33.293079
-35.504910
-38.099361
-49.855171
-30.236721
-41.423603
-44.965580
-54.009686
-21.284370
-32.415714
-38.441471
-35.855301
-27.845356
-15.727791
-38.195103
-20.313362
-21.545715
-20.648605
-16.612480
-24.247171
-15.631428
-26.738907
-24.555323
-17.016441
-22.706842
-30.543346
-28.969364
-26.969509
-17.464052
-29.400492
-32.306179
-17.113850
-17.893833
-15.610628
-10.361485
-18.772728
-27.077696
-41.891933
-43.493855
-33.890373
-35.576820
-32.291924
-34.223301
-0.972756
-1.157692
-1.780987
-1.960660
1.278687
2.315261
6.230167
-5.077130
5.045972
8.083754
-9.190079
-8.486506
-2.802058
-2.745026
-5.600768
-10.314156
-11.852690
-14.469088
-22.452606
-23.824270
-21.533932
-20.110424
-28.139477
-34.894833
-26.512062
-17.583080
-24.569269
-20.688520
-16.482136
-5.322567
-6.392136
-13.758218
-8.167076
-10.844748
-15.482409
-21.071556
-20.940033
-17.464407
-15.011285
-17.049505
-24.524126
-36.457245
-18.520550
-16.349356
-8.866333
-6.693089
-6.216228
-9.110348
-8.468144
-14.538853
-17.554920
-20.131927
-23.141680
-26.241188
-32.126312
-20.049522
-30.469465
-50.341686
-26.824665
-17.288523
-20.245377
-34.102806
-26.629501
-9.115244
-31.789530
-32.148933
-28.067760
-28.115921
-36.219006
-36.551434
-48.465031
-43.415855
-35.241821
-60.104580
-32.128487
-19.432718
-25.272858
-45.177574
-50.638054
-27.218863
-40.176517
-33.415386
-29.559601
-31.644943
-29.011349
-21.888468
-20.543219
-22.504858
-13.562638
-30.142248
-32.371323
-37.299141
-35.571033
-53.878971
-60.422626
-51.846581
-42.382217
-38.754990
-43.363014
-31.243067
-40.872433
-32.425644
-36.849796
-24.635094
-33.536308
-31.799837
-27.806807
-38.445343
-46.038345
-48.742924
-46.348747
-50.250870
-59.769554
-55.562477
-62.346336
-47.042591
-56.804550
-52.481812
-67.361450
-40.593826
-32.386730
-33.857525
-37.592838
-32.453766
-44.434155
-52.886074
-29.553371
-21.842335
-32.686008
-42.577644
-31.107086
-35.388638
-40.318783
-38.066704
-38.922886
-18.155823
-0.427247
-10.851402
-19.365705
-7.876526
-29.772430
-39.418468
-26.981459
-18.176344
-4.490198
-9.186605
-14.730733
-29.535530
-28.517447
-26.185356
-17.043171
-12.433162
4.733149
-9.411518
-6.301716
-3.549831
-25.442724
-27.317955
-17.206898
-12.352611
8.450445
-11.386748
1.661174
-2.149929
-11.414107
-37.466892
-10.245301
-28.552593
-33.665787
-44.088017
-42.898788
-44.199821
-34.168861
-36.435093
-35.746063
-38.769051
-36.247551
-43.363228
-20.188671
-17.585436
-24.117449
-41.679863
-24.858566
-26.264380
-30.546701
-35.285950
-40.090290
-46.024479
-26.938299
-25.294147
-36.954727
-47.645779
-47.737499
-45.808510
-47.132141
-38.290367
-40.026661
-52.226566
-47.824280
-57.520985
-50.595306
-26.609299
-37.175194
-51.841816
-35.692272
-38.237881
-49.416122
-64.435707
-71.978371
-59.211708
-56.852985
-39.837994
-25.603559
-20.573761
-40.273846
-32.617371
-31.044371
-30.678326
-54.427773
-62.170334
-41.933159
-40.465450
-60.828861
-61.440842
-58.666267
-42.393517
-66.575043
-38.482136
-19.111010
-40.261860
-26.619057
-35.510494
-27.439255
-34.513153
-49.866650
-67.783089
-45.124523
-40.222775
-39.761570
-36.445419
-37.336773
-43.039036
-44.702419
-48.278111
-40.946815
-44.548355
-40.943024
-44.149616
-45.529156
-30.995943
-35.970753
-47.085365
-34.849541
-32.067032
-27.650909
-25.327946
-23.707785
-23.580015
-25.305984
-34.275410
-39.095200
-39.548359
-29.499599
-24.460808
-28.579250
-31.648384
-28.817162
-27.645985
-24.370470
-26.093428
-27.767069
-34.461788
-41.847553
-40.931507
-23.609102
-30.169426
-50.172779
-23.944572
-12.424606
-18.887712
-24.740576
-27.140602
-29.839069
-31.753872
-37.387501
-40.827579
-51.975533
-27.122198
-35.814274
-38.904560
13.421573
19.571577
13.776615
11.003632
8.545673
22.179726
-10.639890
-6.415389
2.190644
4.682299
0.978236
-3.616637
-6.142573
5.861342
2.698629
-15.884484
-17.544371
-7.266064
-9.881727
-57.866856
-50.979301
-42.021622
-39.912880
-40.437611
-34.771084
-36.674080
-35.932076
-39.259682
-41.500412
-23.994968
-18.746471
-23.694292
-43.218906
-32.296329
-45.081547
-37.684723
-39.597900
-33.455578
-45.291859
-45.514812
-48.580696
-43.824497
-51.948826
-46.708210
-55.754898
-7.928670
-37.607155
-41.231762
-3.890086
2.091662
-10.810020
-36.533875
-18.608227
-8.906157
-28.297117
-40.512779
-44.170559
-19.589848
-43.760845
-44.165565
-59.255535
17.476854
14.467868
14.202809
14.088954
23.074551
7.678395
-7.826222
-13.498907
-5.687919
-2.862299
-1.863274
-9.841593
-14.847016
-9.086555
-4.736146
-6.953414
9.435979
10.522829
6.659928
-18.896097
-11.537679
-27.478825
-50.500618
-38.101421
-32.684151
-23.798681
-17.938128
-24.985319
-9.385575
-2.955851
-4.389322
-3.728056
-22.885937
-25.786116
-38.246433
-55.930580
-23.369102
-35.483086
-44.363918
-28.495848
-26.513102
-15.766762
-32.748703
-30.551243
-16.696444
-24.022768
-34.576332
-34.504295
3.790898
12.277795
-7.902059
-4.549228
17.986626
26.896755
-5.521584
-21.886848
-34.289238
-24.006405
-30.694822
-17.822649
-25.263119
-35.720165
-60.213146
-53.243256
-58.280346
-38.330669
-48.334801
-52.217827
-53.464668
-50.743038
-46.286579
-49.535236
-51.782738
-46.550552
-57.412479
-29.728489
-5.016334
-13.693466
-13.129594
-11.346971
-23.497774
-36.089592
-45.322750
-35.015621
-38.295143
-42.515862
-35.500519
-34.877899
-33.037750
-50.592514
-56.926826
-43.952572
35.043884
41.763092
2.695754
33.918530
26.376675
8.164317
-11.828432
-9.292091
-2.973434
-1.324264
-5.587924
-21.162663
-22.679707
-25.934656
-38.305336
-28.395546
-28.531235
0.119105
-54.415627
-58.167320
-40.792480
-46.635731
-45.130749
-33.169304
-50.208382
-33.320530
-42.540653
-69.696678
-67.105011
-62.363338
-58.177250
-52.376160
-60.509701
-47.002846
-38.140572
-41.469929
-52.044785
-37.679405
-47.760235
-39.140915
-48.417862
-30.553738
-29.419741
-32.852238
-42.019997
-44.372623
-28.331846
-30.809753
-7.285429
-12.403572
-37.712379
11.219580
5.632230
7.460853
-5.892749
-32.700516
-42.729870
-23.675999
-11.725869
-10.810555
-22.112072
-41.578266
-34.214573
37.651161
28.217051
27.480293
-8.613446
15.663557
18.487856
11.580674
-0.417903
4.181235
11.780425
25.513145
3.767108
20.650627
1.721917
17.612158
-7.435287
-8.554518
-2.659264
4.838537
-25.960320
-8.888494
-1.406454
-4.963807
-20.638290
-17.270180
-6.831647
15.077418
-6.636786
-4.936741
-12.259877
-3.483306
-5.489841
-8.206394
-8.893413
-14.626497
-46.705090
-34.214725
-23.116989
-26.385267
-33.609146
-36.810318
-28.423870
-30.032841
-16.778181
-22.245022
-30.645018
-42.769371
-26.023396
-3.678532
-9.580814
-25.271177
-3.956433
6.356024
9.793290
-10.483568
-11.388708
-12.369193
-12.897464
-16.105951
-18.683052
-25.629414
-13.497828
-15.133046
-15.577859
-11.577997
-8.694178
-10.572840
-11.464874
-11.445169
-10.008750
-21.638750
-22.341978
-22.124939
-22.665333
-25.649641
-28.891676
-36.019630
-27.155884
-27.978512
-30.457464
-23.494059
-22.664993
-22.762609
-26.483809
-21.689674
-18.631668
-27.549938
-27.013983
-24.233900
-24.957920
-24.887260
-26.191576
-28.559046
-27.059704
-22.970350
-29.934805
-37.001537
-35.392849
-37.992870
-41.458019
-37.348988
-37.134415
-48.208874
-46.685101
-45.209583
-45.103107
-45.659885
-46.526619
-57.332424
-40.375549
-44.090172
-52.323017
-44.522537
-45.895054
-50.807316
-47.645500
-44.370579
-38.757492
-50.980953
-53.879196
-56.228645
-55.714718
-61.005268
-61.477360
-74.131615
-61.819969
-58.687077
-64.521385
-62.287388
-52.546932
-60.887585
-63.400787
-61.047874
-52.993126
-52.568359
-54.521763
-57.166618
-57.098824
-54.223297
-51.943096
-59.142429
-45.894573
-42.493420
-39.347145
-41.456314
-45.296177
-56.444931
-46.126835
-46.675888
-39.569134
-38.223820
-37.024014
-40.785133
-44.392902
-43.008919
-37.765961
-35.621895
-31.030678
-36.438332
-41.638119
-38.211273
-39.209068
-44.340229
-40.233574
-42.622833
-37.491631
-31.845758
-37.136425
-47.601871
-39.742321
-40.509808
-42.222103
-51.003223
-43.900650
-38.900063
-41.869904
-42.479271
-42.486420
-46.553162
-44.903027
-50.138771
-41.844379
-40.910633
-41.987804
-43.029182
-49.075138
-49.746956
-50.281292
-48.940807
-55.919632
-40.662952
-36.913601
-40.870808
-40.969505
-31.828033
-30.893894
-46.267067
-41.929745
-34.546116
-43.939415
-53.474842
-45.638721
-43.073868
-42.995125
-42.082237
-55.484463
-33.576881
-35.819553
-36.060719
-41.033875
-42.653461
-43.796410
-52.011890
-54.432823
-56.603062
-50.297947
-55.431721
-51.510948
-48.159576
-54.521507
-47.720680
-50.882111
-40.834335
-42.971790
-45.766903
-44.533630
-41.095016
-43.365711
-52.560173
-53.444229
-54.303986
-64.366112
-57.453632
-56.195538
-49.406979
-57.145794
-57.920818
-67.798553
-53.653126
-60.292030
-54.519585
-63.304199
-56.315918
-57.512691
-65.115044
-63.580952
-62.014069
-66.401604
-65.647697
-77.224243
-65.124603
-60.610920
-62.950359
-70.316681
-59.737919
-62.346004
-59.057526
-65.577324
-60.484802
-56.472015
-60.067295
-67.155556
-67.365219
-65.891052
-76.730156
-71.314285
-75.075958
-62.075790
-53.677277
-60.771832
-54.695744
-60.340046
-63.209579
-69.829544
-60.357452
-59.831203
-60.008362
-63.158657
-66.178856
-62.114887
-59.275295
-73.396667
-71.515274
-57.538452
-62.965481
-65.750168
-63.242210
-67.640984
-68.029091
-70.647736
-60.359215
-57.688381
-57.799603
-64.965744
-64.031136
-56.701778
-52.513176
-55.434105
-57.392258
-52.409096
-43.822578
-53.953068
-51.633347
-57.608822
-51.779846
-57.445526
-49.060650
-45.533276
-42.076313
-43.025467
-39.972717
-39.247982
-46.047325
-48.612774
-51.456844
-50.866238
-44.264721
-42.497517
-46.571918
-54.209766
-51.700333
-52.616024
-48.621746
-42.430145
-44.568253
-47.230087
-47.544773
-50.936710
-52.064709
-56.905487
-57.451599
-51.288479
-46.547806
-46.670914
-10.119081
-10.952055
-11.846970
-12.314837
-13.359936
-14.932543
-19.748034
-12.047293
-13.425101
-14.595036
-17.516905
-17.166407
-18.076025
-17.979103
-18.227123
-19.425102
-19.146427
-19.987219
-21.569088
-21.920349
-20.696224
-22.309128
-31.774151
-26.743773
-23.431543
-34.939953
-39.140121
-37.014168
-35.679710
-27.828522
-24.800077
-23.286327
-24.806431
-20.074259
-20.380186
-18.838373
-19.562136
-17.984676
-18.719189
-17.188732
-16.485287
-20.758373
-26.704058
-29.521175
-30.766245
-25.050779
-23.441553
-21.481249
-33.865303
-31.184839
-30.542732
-28.809069
-30.602474
-34.540325
-40.779514
-33.037415
-37.036350
-42.170063
-29.345284
-29.950552
-36.810650
-45.034023
-28.974695
-26.170370
-31.615438
-32.449291
-36.132999
-31.857611
-38.395584
-40.308056
-51.861641
-43.849812
-44.723240
-40.561092
-41.121269
-42.153660
-47.801373
-47.709015
-50.495544
-45.647968
-36.200783
-38.563110
-49.034065
-39.148258
-36.637001
-33.031551
-31.454191
-29.460190
-28.495192
-26.169420
-34.537430
-33.647694
-34.640717
-36.161488
-38.433887
-32.765797
-38.584534
-38.195034
-40.554508
-31.899796
-27.763889
-22.288021
-23.341921
-31.991148
-29.240953
-38.005527
-42.267174
-39.122883
-43.584908
-37.343201
-36.413612
-32.198143
-29.760191
-33.330822
-34.492146
-35.706013
-37.983219
-37.623573
-41.484982
-40.777847
-35.214149
-34.100010
-41.766109
-38.695538
-56.762878
-57.003258
-42.991322
-38.509422
-34.780716
-37.007927
-38.744064
-35.805962
-40.788792
-41.751667
-39.827179
-37.421867
-26.942253
-29.468374
-32.031261
-30.584877
-32.751934
-31.482134
-27.222363
-27.734442
-29.598942
-37.377651
-41.044872
-23.915674
-21.977261
-22.521811
-24.310787
-32.333763
-26.180990
-28.443047
-30.886452
-30.965054
-27.824863
-27.476645
-26.383047
-30.468889
-40.190899
-33.182301
-31.883337
-34.917751
-30.911873
-40.628151
-38.004971
-38.745129
-41.391865
-33.747173
-34.399971
-39.101910
-41.368160
-40.169876
-41.254993
-38.347164
-44.660992
-53.977707
-56.168255
-61.487694
-58.302616
-53.042122
-47.314987
-58.000034
-51.047127
-43.773487
-42.491150
-48.199348
-51.108517
-47.377666
-51.696087
-50.217869
-48.685886
-46.565281
-44.271255
-42.131687
-49.370312
-36.387985
-40.835476
-43.721531
-40.931549
-46.167046
-39.813652
-41.517853
-37.094147
-37.446106
-42.076809
-44.126480
-47.878536
-33.428638
-37.554691
-44.421986
-46.385250
-40.493214
-38.550014
-44.609177
-38.701214
-38.407871
-50.543152
-55.140949
-37.372959
-42.140110
-41.255245
-43.586056
-47.068302
-39.585606
-50.297947
-58.475666
-57.179237
-45.321552
-54.928162
-64.499382
-59.805943
-54.277462
-55.950775
-61.598469
-50.949699
-50.880096
-49.443928
-52.698559
-46.799580
-28.058197
-39.937622
-45.351727
-42.183311
-34.956108
-32.125183
-38.156391
-32.610180
-37.578079
-36.596466
-37.068188
-34.050568
-29.507523
-27.631907
-28.391336
-26.821081
-25.239706
-28.809689
-32.209240
-35.163937
-40.110497
-30.797579
-32.593643
-40.075207
-37.414848
-30.158649
-31.351707
-30.040348
-34.443878
-29.521536
-29.753382
-34.593147
-41.708279
-40.393829
-43.604305
-53.925785
-46.823902
-43.084858
-42.511799
-0.431097
-0.847698
-1.757647
-2.601029
-2.985435
-2.748063
-1.774295
-8.765172
-4.565660
-6.140182
2.197079
2.834996
3.717461
3.507659
1.913039
2.607524
8.491011
9.206573
9.514537
8.331562
10.486378
13.321386
12.208137
-2.815568
3.328534
8.142452
-11.945770
-10.443728
-5.079302
-18.101063
-14.650928
-13.142676
-14.650407
-15.288277
-17.573990
-22.790714
-24.580435
-28.392427
-26.644234
-33.539474
-33.869804
-31.921412
-21.149107
-22.781351
-14.580138
2.144989
-1.084240
-3.419921
-12.527148
-14.372649
-20.434940
-27.093330
-32.816719
-35.799740
-42.634331
-36.667934
-54.553276
-41.328350
-16.005224
-17.476732
-18.838873
-26.017946
-23.091795
-24.748034
-27.886845
-31.883390
-35.405842
-34.270924
-38.553230
-37.946445
-40.551067
-32.723221
-36.586422
-33.681652
-19.248955
-19.843184
-16.079330
-13.604116
-28.228632
-29.753452
-24.193247
-24.059397
-20.106056
-33.209961
-17.621235
-10.075767
-25.971003
-46.648468
-41.986980
-33.068016
-23.419897
-18.380047
-17.793186
-39.292995
-25.922140
-34.535427
-31.209557
-23.279411
-13.161738
-32.373371
-37.918594
-30.371538
-25.745178
-32.199982
-32.238243
-22.935040
-7.972465
-11.897952
-12.038358
-13.884432
-14.225497
-22.497885
-9.963012
-14.312440
-19.126425
-25.020163
-22.757710
-25.310946
-31.301653
-20.154335
-1.858783
1.569225
-1.180534
-5.000923
3.089682
5.948496
-17.556673
-24.549757
-23.731806
-29.701134
-26.992687
-24.581369
-14.109670
-22.557356
-36.836563
-25.800844
-16.210539
-15.638366
-21.055820
-34.677128
-27.215031
-18.795185
-14.203641
-19.831436
-16.795816
-16.309254
-8.184755
-28.916162
-14.516538
-11.308201
-25.073616
-23.272081
3.051557
-0.688921
-7.869516
-13.335107
-7.200225
-7.674378
-14.371641
-15.310225
-6.972757
-22.399235
-27.028330
-21.488598
-12.287982
-17.889013
-11.141760
-24.568090
6.567282
6.025776
4.253725
0.496216
-5.821009
-3.769102
-9.864969
-5.126808
3.563975
-9.666169
-9.066094
-30.956413
-23.809589
-45.436031
-27.672255
-48.511257
-11.176884
-20.563541
-29.907793
-28.243666
-32.777176
-31.330997
-34.555752
-34.142960
-32.630753
-46.215328
-47.393993
-34.379429
-28.724722
-30.009693
-19.932564
-21.744036
-25.346432
-25.412905
-28.694302
-27.521374
-39.071869
-40.919094
-39.341717
-37.306992
-38.234550
-46.487637
-47.989937
-40.935490
-24.024067
-31.332760
-37.423618
-38.783936
-28.768520
-22.559603
-40.818432
-46.928295
-39.964924
-33.308640
-33.659397
-30.816784
-31.403549
-40.773109
-24.272953
-25.114857
-13.201816
-21.804893
-29.344013
-25.555044
-25.964628
-32.140392
-18.057011
-34.903938
-24.435312
-17.733217
-21.618092
-16.628761
-18.415127
-23.088079
-35.831593
-41.194527
-27.044838
-38.753803
-39.475918
-39.843384
-29.120928
-43.452396
-50.933777
-45.731026
-48.438911
-49.753323
-45.317398
-38.021385
-37.024708
-36.040428
-38.608818
-34.113773
-37.501869
-44.232529
-37.512329
-41.742275
-26.260525
-25.562040
-33.540752
-40.993889
-33.803036
-35.099243
-30.207569
-31.314375
-32.450741
-32.955849
-26.547142
-35.885719
-26.280222
-6.929127
-8.069774
-17.494738
-8.285778
-8.883931
-9.847260
-10.580744
-12.097724
-13.458474
-16.647974
-16.013309
-13.745291
-13.644294
-9.441435
-6.995420
-7.118885
-8.080978
-9.537672
-11.225443
-17.224310
-18.126698
-20.539654
-21.376375
-24.216387
-29.327158
-31.236427
-20.761578
-24.397282
-20.868088
-14.656656
-14.588796
-14.358521
-15.578093
-16.457680
-16.265766
-22.791542
-23.115173
-28.149218
-29.940214
-33.172859
-33.812603
-38.931393
-31.275913
-36.086464
-40.129566
-31.527382
-24.540833
-30.039221
-35.700729
-35.512459
-30.803988
-41.736546
-41.803829
-45.131977
-45.033726
-47.155563
-50.059742
-54.920750
-43.374554
-42.001862
-48.470001
-58.889610
-52.653614
-52.688313
-65.604492
-56.447441
-48.480499
-61.995193
-61.531578
-62.379440
-63.363953
-66.648849
-67.154770
-71.056641
-58.821613
-57.570744
-58.648998
-55.215321
-48.036964
-51.972294
-64.221962
-60.312035
-56.021259
-56.547279
-54.837532
-62.613102
-52.477718
-54.321022
-50.734032
-52.336147
-47.657143
-41.011559
-47.313446
-46.505474
-38.041000
-52.553757
-54.298721
-45.240711
-45.551788
-51.135956
-53.484493
-53.955669
-49.080818
-48.753410
-46.370968
-52.188541
-33.486412
-35.358620
-39.707272
-48.659042
-34.698009
-40.168961
-48.971252
-44.530888
-39.081219
-41.267300
-48.824299
-50.719223
-48.964207
-49.937794
-49.830856
-53.515850
-45.652412
-37.075264
-40.495884
-36.921398
-37.610165
-44.392826
-58.437210
-57.781555
-48.065956
-46.927246
-47.790642
-50.013966
-50.709839
-52.329697
-53.054321
-44.260296
-42.050858
-34.416824
-35.279453
-37.643295
-41.624012
-46.041458
-42.762955
-48.660988
-45.352005
-41.525833
-41.704472
-49.278572
-42.408283
-40.768551
-42.931797
-38.953629
-44.009094
-36.016449
-34.763756
-39.518887
-42.087387
-43.798313
-43.333817
-56.359013
-59.748207
-60.831966
-62.317142
-60.797516
-63.552078
-59.399231
-66.249405
-64.192986
-71.406654
-50.772381
-46.173573
-49.252769
-54.219353
-46.205551
-50.210133
-62.143730
-68.069115
-70.444984
-53.381134
-66.546944
-57.597107
-57.744514
-63.550377
-67.414139
-75.900360
-54.040844
-48.554790
-52.975758
-64.833961
-55.337528
-53.528042
-71.948006
-72.509712
-70.293091
-55.753967
-65.499901
-59.140949
-48.216873
-46.145050
-59.319588
-73.873466
-56.797779
-55.526726
-58.080688
-69.041138
-62.444721
-57.804775
-68.126656
-73.837318
-72.588051
-61.416496
-68.633133
-62.730953
-60.882301
-66.492378
-58.314178
-66.025803
-67.212051
-64.428001
-69.543900
-69.234909
-73.382042
-67.283524
-64.828133
-65.905746
-73.095032
-62.015327
-59.779881
-58.844265
-64.470711
-67.315010
-58.715191
-58.917881
-59.326096
-56.635666
-63.690632
-69.457451
-64.432159
-55.751671
-58.388832
-60.704254
-58.781712
-50.382915
-45.181652
-51.131390
-54.195984
-57.088215
-51.702774
-60.625084
-54.288704
-58.942574
-52.064068
-57.768597
-53.940845
-57.815926
-55.063858
-58.694126
-62.059425
-56.646893
-41.259056
-49.342453
-54.795021
-51.092396
-42.057095
-50.415073
-45.332230
-43.211502
-51.565273
-54.264885
-51.155033
-50.967514
-46.328053
-49.924759
-54.663094
-49.224072
-51.236000
-57.798695
-70.495415
-54.890213
-42.330933
-41.670349
-1.162533
-1.697263
-2.591499
-3.106780
-4.126750
-4.234262
-4.651005
1.367565
3.506298
6.615922
25.834856
29.199696
33.112289
32.340298
27.625021
28.789278
20.559164
19.510757
16.588646
14.286777
10.692024
15.589914
1.486908
21.387661
15.626349
9.400373
20.097473
31.248789
26.489906
10.354230
3.862325
12.288782
7.136701
4.792851
9.221791
6.931900
8.354118
5.422712
-5.645307
19.572638
16.402382
13.044884
8.214025
22.159842
12.806289
-10.900518
-20.998501
-9.057271
-22.771919
-16.230280
-11.461129
-10.161457
-13.273322
-20.740923
-34.444210
7.496902
-7.553612
-17.556622
-2.452715
13.368943
5.370811
-42.296459
-49.064377
-32.901752
-56.839062
-50.826069
-43.884800
-28.935972
-34.480759
-34.094501
-46.171795
10.911276
-9.994962
-25.584541
-8.312347
2.920453
-15.214943
-29.388439
-22.564087
-12.727631
-33.035038
-31.860399
-25.211454
-15.441645
-16.487568
-15.930670
-15.049968
20.179693
7.611622
-7.636718
-13.072370
-12.684936
-27.757551
-54.131596
-43.093403
-35.153419
-28.856451
-35.992302
-42.262756
-31.551205
-32.563118
-25.727095
-30.328402
-13.703264
-18.712887
-22.115776
-34.800125
-16.393959
-36.016441
-57.386818
-38.126984
-33.446136
-20.954821
-37.409576
-48.888855
-46.202217
-45.480183
-42.693146
-47.040943
7.135262
-1.357418
-25.834101
-30.699707
-11.717680
-1.209327
-29.757729
-32.381714
-21.637875
-8.772520
-28.478878
-27.756516
-30.295458
-15.531721
-21.403179
-17.287022
-3.265806
-17.276300
-33.619976
-38.477524
-24.582603
-29.041214
-27.890581
-35.365540
-30.008461
-16.604929
-24.601910
-8.483950
-11.309845
-8.551332
-19.226620
-20.795477
-18.625687
-28.789600
-41.819065
-43.876781
-37.780270
-34.323479
-20.441278
-24.762684
-27.586090
-12.480753
-17.025345
-6.570555
19.054146
25.382479
-28.299219
9.422737
6.674363
-6.358096
-23.697905
-38.389004
-30.817213
-8.502192
-11.049598
-22.880945
-22.870525
-18.349850
-27.027876
-27.166161
3.927276
21.645796
-14.211084
-18.128626
-19.407885
-13.447514
-15.404249
-21.032118
-30.298841
-10.124962
-9.566002
-40.143688
-39.342808
-33.551338
-20.218273
-38.167461
-25.823757
-5.825549
-40.137669
-37.692036
-66.018578
-26.478468
-30.421803
-34.622208
-51.336678
-39.440296
-42.684383
-66.215111
-74.665001
-73.950912
-55.678837
-40.340431
-25.660933
-15.237670
-23.755724
-12.334801
-15.884455
-8.753978
-4.009729
-46.012260
-42.997814
-33.181122
-32.180336
-41.510284
-40.677422
-43.867798
-27.981153
-11.024638
-1.144072
1.820818
-21.051575
8.635237
14.735029
4.388738
-12.948513
-2.709246
-15.183273
-7.877796
-9.958111
-5.858757
-18.246899
-9.290307
-18.218529
3.032673
-18.508966
-21.461426
-24.003353
-11.962620
-26.745792
-26.055393
-47.139133
-32.166218
-35.195324
-24.139326
-30.015392
-26.847973
-31.150808
-21.881454
-22.416656
-10.841448
-37.505760
-26.068741
-44.574638
-26.609133
-32.020782
-20.284138
-44.507843
-44.939117
-38.331886
-30.785807
-31.969086
-28.074636
-35.786259
-37.196724
-34.211391
-26.591043
-31.831429
-48.261551
-18.451698
-2.207303
-8.972763
-16.016911
-17.832035
-20.342348
-22.638796
-27.003756
-32.617676
-44.839954
-38.930508
-42.776230
-46.460335
-39.616669
-37.073677
-38.864861
-37.274269
-39.933823
-40.227112
-36.361919
-38.018974
-39.750092
-41.890926
-37.928425
-39.182800
-55.683754
-57.396557
-51.247795
-41.096054
-48.680176
-45.277607
-41.209988
-45.781071
-42.865192
-41.990719
-42.106010
-38.049553
-45.383862
-48.150291
-48.870228
-38.852036
-51.148129
-53.333759
-47.679123
-52.662216
-48.915806
-48.835396
-49.283455
-41.308586
-30.853275
-26.700434
-40.173431
-33.603775
-29.872126
-27.627981
-31.563423
-27.163303
-25.394825
-32.863861
-29.350618
-48.390797
-22.531967
-34.159328
-50.483238
-25.968735
-10.925849
-12.835694
-22.784424
-19.974203
-17.899004
-16.742922
-22.248737
-17.018612
-27.134382
-13.666659
-17.802801
-13.782325
2.285026
-8.557065
-26.310600
-31.188534
-32.179668
-25.307085
-20.393497
-27.771235
-38.097183
-34.493523
-24.842733
-20.930729
-26.873861
-37.635540
-38.161919
-23.809690
-14.016774
-28.978756
-30.708097
-38.601749
-48.862625
-43.305637
-39.065792
-43.001755
-53.099152
-52.294342
-42.134300
-33.894249
-34.855244
-24.816614
-26.329824
-27.104366
-26.045458
-26.631662
-35.387714
-25.810623
-40.067322
-37.812496
-39.974922
-36.645897
-45.086441
-45.934746
-30.238398
-20.535465
-17.764418
-51.758354
-51.182682
-40.340572
-38.597893
-28.623770
-48.076073
-46.780472
-46.299362
-37.467274
-33.157539
-34.066181
-29.816366
-43.554947
-53.830936
-43.739910
-36.306107
-54.089886
-43.947163
-45.961399
-47.274590
-37.130096
-45.583733
-48.547821
-35.018196
-32.581791
-27.465057
-24.807335
-44.616394
-37.556374
-36.337406
-32.657021
-31.964998
-45.189144
-40.896118
-54.437073
-51.705025
-49.438046
-35.491539
-43.434231
-46.495636
-56.571190
-62.779762
-60.439178
-52.202797
-54.689999
-47.966740
-10.085479
-44.154758
-69.164528
-57.737804
-50.193569
-48.101997
-53.766174
-31.696291
-22.521740
-34.817276
-47.449890
-47.938908
-49.366711
-30.352346
-52.275974
-42.453781
-42.698051
-61.116688
-66.868553
-61.519291
-54.925968
-53.280285
-63.952595
-56.879002
-46.752106
-55.455463
-62.498074
-60.690697
-83.963905
-54.024632
-50.097027
-47.219624
-40.376625
-38.651325
-43.799706
-38.849037
-45.362946
-47.613220
-51.482780
-44.702549
-40.011559
-42.696362
-53.658813
-51.937588
-65.681755
-48.850723
-34.484421
-38.239651
-21.185520
-30.060499
-31.627386
-35.771942
-42.514484
-23.835093
-24.498035
-20.690496
-22.773859
-24.037565
-22.385748
-26.989002
-17.579042
-20.550123
-28.976822
-16.070940
-34.857712
-40.449123
-40.320770
-37.938366
-33.949795
-33.608463
-49.767582
-29.492628
-33.827991
-40.310509
-43.161602
-37.913364
-30.746027
-49.297676
-57.381359
-55.870724
-44.033733
-42.647102
-44.380905
-40.108620
-32.201305
-28.984926
-39.963703
-29.056141
-23.720152
-28.914242
-29.913208
-34.898159
-23.846025
-34.931980
-38.489277
-43.218033
-18.616762
-6.574499
-8.497516
-30.790848
-19.002104
-3.299016
-6.383927
-0.606260
-6.334229
-1.647509
-5.147512
-12.850057
-18.803534
-8.254357
-6.953147
-14.499412
-57.346619
-44.706501
-36.954811
-1.574862
-0.782285
0.914586
4.131491
4.566594
8.573678
14.901395
25.263519
19.961088
24.338846
35.992550
32.232067
24.472595
21.721972
10.122003
14.255717
19.811098
19.815948
14.911031
18.819098
18.771679
19.976730
31.004124
25.817011
30.012970
25.959761
25.692268
32.231571
32.569252
12.389114
8.628183
4.139574
1.622864
-4.320507
-9.560893
-5.534915
1.053815
-6.433387
-10.097853
-7.194876
9.754554
-25.437016
-18.238867
1.321924
-7.482278
10.236161
8.143465
6.138634
-24.673090
-25.453745
-33.067047
-38.725269
-42.028931
-48.031242
-65.780556
-32.741051
-45.446293
-41.859417
-12.865298
-6.389336
10.860305
-32.056187
-1.005630
7.120235
-32.335957
-36.080734
-38.464184
-47.368095
-94.684624
-96.985527
-100.732132
-36.035355
-54.078636
-39.185215
-32.695137
-26.191982
-17.848663
-44.298203
-18.940325
-17.999554
-39.970070
-41.207321
-46.340565
-23.936279
-42.212517
-41.134209
-47.965431
-44.508400
-46.653122
-25.215321
-41.445808
-29.683231
-29.754269
-43.851254
-42.095890
-42.721836
-63.093727
-63.289097
-38.809624
-36.698704
-37.874279
-36.303886
-43.939869
-36.895870
-32.594517
-25.292524
-46.441658
-33.565182
-27.792431
-34.064590
-41.895844
-33.090832
-26.086853
-34.204025
-19.024721
-24.892096
-16.692131
-18.254099
-20.241716
14.625211
-1.078593
-11.865359
11.869029
11.340189
1.887298
-25.626829
-47.097084
-52.875935
-39.312141
-39.192696
-34.764656
-44.124352
-49.821949
-42.648453
-38.831322
-20.188246
5.308312
4.007572
-0.725344
-14.060994
-24.931713
-27.684227
-35.717110
-34.495724
-23.079578
-13.645207
-26.960289
-19.031799
-8.893889
-6.584473
-9.481886
-2.417963
-14.583523
-6.887289
-9.856558
-17.609381
-0.221160
0.897837
-19.121460
-15.697501
-16.822870
-6.173346
-22.742620
-16.504414
-0.679420
-31.253098
-20.250298
-19.960752
-23.224680
-6.997773
-17.510757
-21.312048
-4.574105
7.057464
-22.327387
-16.825500
-18.459564
-14.567856
-11.243457
-18.651396
-9.790817
-59.910347
-56.801777
-45.872192
-39.238674
-31.261642
-40.794357
-47.297295
-10.980178
-17.554846
-50.595474
-48.001324
-48.270958
-47.851345
-60.903275
-24.649525
-24.817165
-23.850758
-17.616375
-10.882003
-28.060642
-51.000355
-49.344978
-57.255665
-56.127338
-54.248264
-56.989132
-59.106659
-57.314091
-44.787415
-58.848907
-27.016775
-50.743847
-66.753670
-42.289520
-54.003937
-30.374084
-55.512291
-82.073860
-80.727905
-111.227760
-78.678596
-65.630585
-72.627625
-96.657417
-73.361053
-41.097797
-8.034568
-19.128572
-42.502499
-31.936264
-29.843307
-18.186338
-30.958870
-47.731613
-17.712217
-43.667007
-26.641428
-26.234415
-29.264942
-26.011503
-6.678696
-9.929926
3.504296
-27.866665
-32.086308
-41.317219
-36.440678
-6.309496
-28.724447
-36.326904
-29.955109
-47.429981
-33.062611
-31.753273
-30.409542
-27.479660
-24.949734
-29.062258
-22.376255
-41.947899
-26.585287
-32.414768
-36.459106
-17.471289
-14.242022
-28.732643
-27.052380
-33.579098
-14.791831
-20.738169
-16.912113
-22.218887
-12.569522
6.221444
0.014286
-12.794853
1.889193
-2.874793
8.404690
-5.765993
-6.159938
-6.300170
-6.195519
-7.167994
-8.335217
-11.851495
-4.744380
-7.475668
-9.210630
-13.978548
-14.467651
-15.842161
-15.957583
-16.793619
-17.146835
-20.692209
-21.030054
-21.628988
-21.397074
-21.550919
-22.696596
-26.538612
-27.680349
-24.852434
-23.587837
-16.779699
-16.662956
-16.389814
-13.145731
-9.538754
-11.717465
-26.014082
-26.370146
-25.480711
-26.036636
-28.605528
-31.493542
-34.687893
-27.399906
-28.674179
-35.643173
-22.260780
-23.592403
-25.342171
-25.101513
-26.875515
-23.784542
-31.102877
-28.220615
-28.669783
-26.511404
-26.537558
-24.049223
-34.539761
-22.825718
-27.472883
-35.626492
-29.880394
-27.184050
-31.292316
-26.279182
-23.253668
-19.828419
-29.705275
-24.758453
-20.345705
-19.775835
-20.480951
-23.973942
-27.179028
-35.619118
-32.333748
-30.796993
-39.318256
-36.242123
-31.177847
-38.224155
-44.992054
-41.830772
-36.321636
-33.457218
-33.553398
-38.416855
-35.225651
-30.503834
-35.607864
-36.018021
-36.225414
-29.770578
-28.748434
-25.761948
-30.287270
-28.806120
-28.096136
-27.678017
-28.641563
-28.820860
-32.061794
-33.530209
-32.441746
-27.044827
-31.061596
-23.776487
-26.421049
-25.731791
-20.954710
-26.273920
-21.847151
-17.576939
-22.839970
-22.613012
-22.672586
-28.012194
-31.126320
-28.926029
-22.683899
-23.950565
-25.495993
-25.689919
-19.453194
-21.347073
-20.652533
-27.712990
-29.750252
-31.077824
-24.862997
-24.225157
-25.307947
-23.138317
-28.336754
-32.165802
-28.519758
-31.810669
-33.279953
-38.645691
-22.229107
-24.119905
-22.967394
-29.362436
-27.303200
-28.757103
-32.939857
-27.058992
-23.344591
-22.376614
-34.171314
-29.934147
-25.929390
-26.322985
-21.216600
-24.147619
-20.093575
-18.353394
-21.689360
-24.392685
-25.258108
-29.197647
-37.036407
-37.691929
-39.887619
-33.769283
-42.364441
-45.202160
-40.670101
-35.807396
-43.609184
-44.607929
-45.485844
-39.555771
-39.211006
-39.808414
-30.642172
-29.713366
-34.700043
-35.823196
-42.186626
-35.481369
-39.344254
-35.146774
-36.374294
-45.763306
-32.083420
-48.106060
-34.750542
-40.588058
-43.416576
-48.573044
-44.265278
-44.691700
-41.702667
-43.912868
-47.899426
-38.895466
-41.535458
-34.983818
-34.329849
-34.253078
-33.205753
-33.189632
-37.435562
-37.417412
-36.026180
-35.801060
-37.571892
-32.444641
-33.943344
-34.715168
-34.090763
-34.327797
-44.182060
-46.404350
-44.646420
-38.371449
-42.358322
-42.070103
-36.484375
-36.558094
-36.102310
-36.131161
-41.372452
-36.659184
-38.057423
-35.456657
-31.624647
-36.115654
-42.978416
-47.950092
-44.075119
-35.564018
-45.316402
-48.827446
-41.515739
-37.132496
-41.818726
-49.528839
-42.290619
-35.765190
-38.812122
-38.131092
-36.506989
-31.264994
-31.690262
-31.384760
-35.959541
-33.846291
-26.774633
-27.033661
-22.330393
-22.535475
-28.313818
-31.832205
-30.993126
-29.841799
-26.795322
-27.834812
-30.794149
-34.285305
-28.930584
-29.081808
-37.071320
-32.016365
-32.475864
-34.343834
-32.254089
-31.534204
-27.150431
-27.973871
-28.501892
-30.716301
-28.464991
-36.474739
-32.748028
-34.206379
-29.206450
-33.337334
-30.405981
-27.119120
-24.370543
-24.307016
-18.291946
-19.816765
-21.315128
-22.100670
-25.872210
-28.523586
-34.590004
-24.739275
-31.323162
-31.443504
-2.033889
-1.524661
-8.941095
-10.605089
-14.957640
-10.591864
-10.745899
-10.482092
-10.595767
-9.158058
-7.834830
-7.741121
-5.215970
-21.810238
-11.439386
-4.766172
-6.300887
-6.843881
-8.809645
-42.358654
-38.481747
-37.885662
-30.372612
-30.000172
-35.026646
-35.209866
-31.461477
-27.878849
-26.343246
-37.012100
-21.261690
-25.341492
-17.559029
-15.015094
-22.551874
-25.463427
-21.832195
-21.463339
-35.533989
-31.393417
-33.837120
-29.560398
-34.665501
-27.305914
-29.995113
-35.431892
-24.267303
-38.396957
-5.968921
-10.177285
-12.952063
-28.336411
-0.759797
-4.346453
-29.585234
-28.172220
-24.843227
-27.067230
-50.128719
-51.361252
-54.599407
-15.815099
-6.210089
-22.031979
-18.018011
-24.331135
-31.188831
-40.042274
-18.435369
-17.445616
-29.432974
-30.595234
-35.192326
-28.841700
-38.351135
-32.917618
-26.829681
-33.291309
-28.033983
-28.574169
-27.457476
-35.330776
-41.130810
-35.301224
-35.070942
-36.596588
-42.740417
-49.851551
-41.622036
-33.447609
-42.789597
-39.075031
-42.951820
-28.374744
-15.403316
-35.442081
-39.657322
-33.133278
-33.686760
-29.136978
-29.415611
-25.175694
-31.839767
-34.325294
-29.995695
-28.446255
-31.698345
-22.027287
-31.099302
-27.059639
-29.942871
-27.627251
-21.578075
-16.697330
-20.606215
-30.623459
-53.502632
-44.776596
-49.850254
-50.162186
-46.781567
-49.414173
-69.506485
-52.317928
-46.740509
-68.399300
-26.875597
-24.967211
-17.595329
-22.051565
-36.669506
-30.717157
-33.558723
-29.868204
-29.354557
-27.413658
-48.505665
-24.354723
-25.782902
-7.399745
-5.671193
-34.158688
-26.921803
-29.203878
-28.660879
-21.992315
-32.953747
-31.146425
-48.896542
-56.897926
-74.330605
-63.325947
-61.221592
-35.023769
-28.876282
-2.854910
-43.656700
-50.075832
-34.716228
-28.467533
-30.381567
-29.883749
-16.345280
-10.655536
-42.370312
-44.272827
-36.308464
-50.688126
-34.073215
-51.332573
-39.825260
-57.111362
-92.717400
-93.627083
-74.795982
-60.913628
-54.497467
-68.649399
-47.218830
-42.508717
-83.092735
-83.794785
-74.541420
-77.991966
-61.808449
-50.671986
-46.615704
-31.710793
-37.298306
-48.412266
-49.929924
-44.384502
-44.041271
-41.937168
-39.311043
-28.957355
-41.281872
-43.209095
-48.305157
-36.572086
-33.079784
-14.511876
-21.580843
-40.266907
-34.688557
-40.466324
-54.080730
-53.986916
-44.176105
-51.101833
-53.765594
-59.218449
-55.818981
-62.532455
-73.429916
-60.199993
-28.513805
-34.115860
-15.541479
-43.807640
-43.726665
-41.636894
-55.641487
-48.448196
-45.382874
-47.479443
-36.669399
-39.268890
-47.593555
-47.207142
-44.260914
-30.092474
-36.577610
-39.080902
-51.668991
-54.751003
-57.570011
-53.651569
-49.645248
-46.313099
-34.952858
-57.407700
-51.836056
-37.477737
-38.659290
-34.518421
-46.554497
-25.675785
-23.274002
-21.859669
-32.174782
-18.969503
-16.633440
-22.769978
-32.518013
-26.254965
-23.588385
-23.016376
-25.554270
-29.575214
-18.836220
-17.051273
-33.191624
-21.402126
4.596261
5.636440
-4.691187
-28.825228
-17.070549
-5.308066
-5.657629
-6.691112
-8.288799
-9.886141
-14.905823
-15.845009
-15.449791
-6.540218
-15.398302
-14.025034
24.554583
31.807068
33.615120
32.226383
28.571753
33.291519
17.780611
13.716917
12.380226
11.660479
6.152296
3.273554
-0.622216
17.126659
5.227412
-10.667915
23.959469
27.896408
28.913342
12.288305
11.620609
15.697411
14.059401
13.344213
11.619064
7.134387
6.046484
1.346880
-6.092216
-1.222830
2.360034
17.820637
15.798738
22.445436
19.882896
-4.581545
-10.996069
-3.954599
-1.518066
2.424864
-1.538102
2.003330
-1.480327
3.626677
-3.870241
16.000359
4.807683
14.588404
13.861908
17.656033
31.804655
7.966779
-5.403640
2.496538
3.551867
4.699132
3.126273
11.369392
9.501637
7.818987
6.508398
25.247648
22.486801
23.287592
18.722044
24.278765
20.227837
31.199434
21.530010
10.287113
6.675910
5.714555
4.368485
9.307114
13.087017
9.376282
-1.388588
25.879864
28.548029
22.466906
20.622139
25.424063
13.291269
18.644810
17.055714
13.330259
16.826897
14.606932
15.626919
6.498106
15.870804
5.905396
5.627917
10.129189
4.918427
-6.121395
-2.744998
3.965740
4.330656
-2.718934
9.439440
17.645674
30.362633
16.028553
13.303572
15.379877
6.358058
-0.300107
8.993420
51.666897
35.519932
28.685074
28.991861
25.057350
29.938072
11.039745
8.213263
5.009976
0.375227
5.812352
4.822087
6.269411
2.240719
-7.073509
-2.201365
-7.616288
-5.622156
0.439237
-11.154400
-9.299778
2.386623
14.785843
-11.674011
-9.629715
-12.714882
-16.671740
2.006080
13.837475
11.988865
4.679470
2.580468
7.383337
-18.780113
-21.310953
-17.235495
-14.746408
-13.946859
-10.576958
-13.314699
-10.551966
-25.302498
-7.504180
-4.613085
27.100410
32.598095
-10.672918
25.309940
31.408474
25.513514
13.657055
16.762709
8.095938
7.327571
0.445839
1.462061
-4.552759
-5.936203
-3.993692
-13.799438
26.570587
28.667925
17.737282
10.812456
10.661892
22.224514
16.474613
18.653004
3.795242
10.220984
4.634917
-10.629484
-14.851307
-8.027391
4.216771
5.857598
14.531567
17.567093
9.170649
-2.499930
-7.095463
1.906194
-1.542377
-1.853619
4.542771
0.536245
2.915472
1.172617
1.920086
3.765647
-1.591984
-1.164216
7.035698
8.630657
-10.881165
11.805031
3.050457
5.104522
17.349054
6.292905
7.781473
6.183500
1.168809
8.689703
6.395152
2.311163
-13.928701
23.196726
31.825680
36.276985
19.599398
19.866314
29.874678
14.206345
14.755745
33.740993
41.394501
28.789478
30.514645
21.028400
18.963984
23.188408
22.344757
47.304214
44.797031
51.051979
33.382423
31.102783
23.471579
17.755028
11.799448
32.116528
16.663219
18.012056
5.459743
10.189148
-2.171796
1.555330
0.588547
16.962410
7.390398
13.771526
-7.889757
-3.157237
-6.493082
-15.599806
-9.428263
-8.206551
-9.096043
-2.622374
-4.152170
-4.613265
-2.170095
-4.585278
8.156248
3.411569
1.944760
3.138446
35.342308
30.884617
35.674362
-11.750694
-12.846588
-14.149087
-15.296154
-17.296286
-20.315168
-28.139189
-18.352795
-19.396965
-20.446653
-16.086439
-14.088915
-15.814208
-16.298140
-14.682563
-12.668848
-26.517906
-23.962017
-23.698002
-23.342739
-24.276810
-26.609209
-33.253403
-29.904276
-29.339869
-31.272150
-36.525700
-36.490807
-35.278900
-38.469341
-36.718929
-37.188915
-43.228100
-42.563736
-44.365715
-46.963478
-48.129086
-49.170124
-55.847244
-50.939304
-48.372917
-42.967758
-51.464958
-50.284737
-54.608810
-49.962246
-50.671684
-47.264725
-52.225357
-49.228661
-51.586926
-48.978176
-51.970806
-51.193523
-54.491714
-52.639599
-50.538177
-62.614170
-56.081642
-49.906101
-53.829678
-47.020763
-41.591248
-38.018761
-52.620323
-54.445560
-57.728992
-56.400085
-60.749428
-63.170902
-72.587875
-62.038853
-56.399033
-65.290451
-54.350155
-52.051880
-57.916580
-48.406399
-37.874332
-32.163055
-38.142815
-35.316471
-37.118671
-38.452999
-47.039520
-42.756470
-42.010448
-42.106121
-40.948589
-46.023689
-42.874599
-44.606510
-51.477001
-47.330238
-52.587727
-47.070210
-43.086521
-45.048603
-54.910648
-47.555428
-50.295288
-44.047939
-48.254520
-45.198326
-42.835907
-43.756523
-51.971363
-44.179443
-48.554729
-48.933720
-47.802002
-39.658695
-46.715107
-45.371811
-48.480312
-39.793968
-42.036896
-39.906887
-48.202938
-45.425644
-43.328663
-49.009563
-52.445301
-42.337414
-42.361450
-48.831219
-51.589920
-44.541836
-46.920155
-47.628559
-52.243031
-52.645138
-56.858143
-56.466595
-59.333229
-59.909294
-39.713428
-39.938644
-44.878437
-40.479244
-47.860695
-48.132130
-55.927563
-47.486443
-46.696083
-49.396931
-56.437973
-47.509571
-45.605759
-48.058361
-44.871624
-48.285694
-37.425636
-40.242554
-41.373356
-42.878868
-46.891190
-47.808170
-51.416718
-53.194687
-57.389103
-53.545746
-63.221233
-60.728043
-60.006950
-56.202908
-60.746799
-62.158947
-47.893345
-52.093102
-60.741051
-59.656727
-54.328102
-54.256947
-60.154865
-60.319588
-58.236256
-57.029221
-67.199051
-74.888329
-70.555779
-65.709877
-77.054611
-74.164429
-64.685127
-58.287884
-65.379875
-71.924736
-66.040176
-59.344021
-75.722885
-77.074867
-75.283249
-63.384113
-72.797874
-85.522186
-79.391960
-72.379631
-76.167809
-90.122879
-72.062920
-61.029053
-60.858654
-68.773605
-63.730934
-56.858051
-62.462296
-65.219734
-65.136597
-54.033123
-58.650150
-63.524139
-68.868004
-59.766483
-53.544598
-55.552700
-58.794155
-56.923775
-63.029530
-66.896576
-66.462845
-66.775414
-67.958870
-70.491135
-73.500420
-61.106888
-62.675262
-62.383854
-54.717274
-58.238342
-40.165730
-42.277729
-45.703014
-55.628799
-51.218048
-60.782234
-52.752670
-55.148006
-49.242668
-53.146675
-49.846306
-55.920658
-58.988480
-65.976845
-65.856644
-59.592411
-56.702217
-63.589840
-58.955013
-58.634941
-56.255054
-74.279762
-70.413910
-64.338776
-59.407528
-56.355740
-60.726192
-50.709625
-55.617836
-64.616943
-65.022377
-56.185112
-46.895069
-48.630238
-43.008129
-47.283039
-47.030777
-48.072548
-45.023438
-43.521061
-38.398354
-41.333748
-45.739960
-44.449509
-53.394997
-57.923622
-64.240097
-63.148304
-49.655895
-54.172462
-8.343875
-9.331976
-10.596051
-11.866041
-16.804523
-20.956766
-31.406828
-9.724955
-21.272594
-22.278263
-23.878361
-17.718584
-21.980410
-23.230228
-22.017679
-14.555344
-25.597752
-29.041344
-28.286142
-28.452158
-30.506111
-37.028168
-37.289658
-27.765610
-29.780920
-34.082195
-15.294940
-11.448298
-19.265627
-7.286366
-7.697362
2.341886
-16.714884
-11.890054
-13.787040
-13.980499
-15.778312
-16.045771
-18.811422
-5.539540
0.904406
4.587706
-2.863836
0.933736
-11.667742
-23.132072
-27.288887
-22.563478
-21.432775
-21.209555
-25.513823
-19.245327
-21.475618
-14.312553
-15.003085
-6.713806
-11.501469
-9.799695
-2.772817
-1.569583
-7.471672
-11.701249
-7.147811
-4.391932
-10.278338
-11.647605
-16.154556
-7.538825
-9.111609
-7.172419
-14.235041
-16.455711
-17.331017
-22.194820
-10.950443
-6.200380
-11.938848
-22.971354
-6.471990
-8.556341
-20.071093
-20.035276
-20.742521
-16.382002
-10.802638
-7.446458
-5.540266
12.102565
6.429019
-11.510176
-2.763399
3.522624
-9.840775
-8.896882
1.278763
4.168291
3.594944
-0.365421
-1.135783
-7.995225
-16.040396
-15.589597
-13.951851
-2.004560
2.833581
-11.079068
-8.916355
4.288064
-4.375844
-11.540236
-11.486125
-4.202751
7.855115
3.066371
-6.600718
-1.721678
-14.131783
-14.140978
-9.027763
10.149070
-16.242453
-27.198483
-9.844817
-8.380205
-8.522515
-16.384424
-24.885735
-14.150776
-17.811951
-18.055618
-13.256069
-14.023197
-15.847586
-19.017559
-15.327698
-29.981859
-19.697266
-22.514973
-16.514080
-19.085098
-5.782782
-0.501343
-21.212038
-22.733440
-25.796438
-19.152050
-21.106804
-13.324779
-19.505684
-14.078644
-16.146896
-8.512595
-19.259232
-18.435118
-17.679102
-14.801401
-18.384901
-18.766476
-37.445053
-44.814537
-48.978786
-25.193451
-38.566879
-43.881634
-33.388870
-30.499748
-41.420368
-29.320148
-19.515675
-18.971947
-20.033611
-25.164236
-19.052135
-21.747683
-43.518406
-52.946064
-53.646606
-43.888115
-51.166576
-32.661789
-22.968195
-4.952589
-16.831291
-9.518022
-3.526258
-14.979982
-9.336367
-28.419367
-8.627006
-11.477087
-13.977410
-23.093653
-20.332685
-9.470622
-14.126940
-7.123782
2.278338
-11.153727
0.114175
-9.355046
-9.437947
-4.120125
-3.074430
-4.893872
-1.550251
-0.873113
6.079585
1.641776
4.346334
-8.110621
-1.501262
11.423794
-6.768423
-28.000509
3.232306
-3.539813
-3.703134
-5.202080
6.135170
6.384560
-0.653611
-6.658591
11.771340
0.476996
-2.600475
-14.997294
-15.157958
-11.806049
-17.065302
-41.524979
-5.144254
-1.702787
-19.267529
-21.740765
-19.477200
1.502455
-8.268822
-17.460787
-10.673568
-15.182535
-17.351376
-23.336479
-7.228541
-0.506451
-15.408620
-8.934008
-5.259634
0.779351
-8.254627
-9.026151
-8.389812
-11.938123
-4.559998
-7.429943
-0.246664
-11.816144
-10.193235
-23.933500
-5.324105
-9.724913
-6.779085
-12.660413
-13.846880
-21.341398
-14.799953
-13.780118
-19.395370
-23.344143
-19.356310
-20.079340
-14.283279
-18.520401
-18.362144
-9.644701
11.901314
-0.344395
5.858183
-22.595419
-25.339775
-9.916140
9.335896
10.070601
10.495275
10.733130
10.158681
10.642829
12.684712
10.302619
12.181385
14.676393
-12.087414
-5.665010
-5.694974
-7.549499
-6.686431
-0.449127
-16.177605
-17.805990
-17.553808
-17.426500
-22.025846
-29.477345
-35.065140
-13.178988
-19.194529
-22.153080
-16.153706
-8.190088
-17.797943
9.548851
8.027016
15.225665
3.755383
1.926046
1.579392
0.690549
-4.136786
-10.174541
-13.313812
4.222532
-2.107127
2.407961
2.308517
5.457871
-6.620906
-16.312105
-20.023077
-12.693649
-9.476366
-11.014465
-17.465889
-14.050347
-16.138790
-13.986410
-19.093279
-3.339776
-5.419522
-7.233549
-23.026697
-7.368221
-17.527845
-18.228384
-38.353958
-20.790182
-22.324551
-19.180290
-20.029902
-14.986608
3.441916
4.840074
0.645575
-14.606603
-26.491610
-29.737974
-26.690378
-15.013114
-31.221336
-34.131119
-16.104403
-10.523088
-23.180534
-20.301018
-13.677059
-18.588957
-23.353003
-18.112469
-14.794043
-3.341469
-11.814750
-16.970314
-16.943861
-0.542865
-31.216030
-30.039114
-12.246143
-8.368741
3.471309
-7.173677
-26.478962
-16.832613
-16.558655
-11.505509
-14.774065
-2.480440
-4.098580
-6.877628
-7.984656
5.477449
-11.371522
-23.010794
-19.932924
-10.844178
-8.409455
-19.043951
-26.257248
-18.203583
-18.352587
-18.413544
-18.802610
6.255970
-16.176493
-30.718739
-18.843790
-12.776224
-8.764467
-17.553511
-6.456884
5.570246
0.192793
-0.481076
-7.342845
-3.875054
11.343561
9.170413
13.595191
-1.774227
-13.332299
-20.916035
-17.048603
-14.613027
-12.062395
-9.329481
-18.855593
-21.506124
-15.882636
-9.068249
-2.187223
-9.192862
-14.880843
-12.930578
-6.043888
-5.751099
0.402303
-3.966489
-6.650439
1.539926
-1.453733
0.091947
-7.058880
-5.999093
7.792762
3.757245
1.840177
-22.046293
-13.216308
-36.545238
-16.970320
-19.076460
-11.566903
-26.837074
-30.817032
-32.825397
-25.412218
-31.408504
-44.336033
-54.191109
-54.717178
-30.243227
-42.711403
-29.269674
-22.222328
11.753951
3.242324
-0.052333
6.562371
-5.912499
-5.164813
-12.934995
4.587906
-0.695994
-4.645463
-12.333619
-12.670193
4.745422
0.793547
2.840867
17.038071
2.027381
3.884138
-5.131006
-3.263341
12.092428
6.785166
2.656993
10.961985
5.662534
4.631113
1.660264
-0.699537
1.872693
6.448308
3.990327
16.967422
3.657518
13.512200
22.187691
9.043521
11.260779
20.181852
16.598417
18.474840
14.064569
13.329035
5.987647
8.000628
18.622812
-11.250113
-19.697529
-23.337816
-30.523092
-3.271682
-1.065302
-15.541617
-20.051254
-8.268423
-7.405338
-6.127120
-17.061480
-4.617854
-6.928053
-15.796319
-20.609291
-11.148546
-13.070573
-18.897198
-18.250795
-13.702788
-13.611278
-10.838572
-23.925695
-19.425154
-10.451349
-6.271904
-15.915129
-5.212625
-17.091099
-18.714542
-20.411055
0.116357
-2.000093
-8.967456
-21.430758
-8.601302
-19.479559
-8.517203
-11.470186
-18.559269
-22.002768
-19.526896
-24.001348
-14.680836
-21.471317
-23.291824
-14.956586
-7.346129
-17.720797
-8.721946
-21.270424
-24.614401
-14.462496
-13.740916
-14.092496
-13.564470
-12.229875
-13.759421
-13.150525
-14.115081
-7.835708
-3.949804
0.043046
25.880875
26.141205
14.351053
11.068163
6.261317
10.535255
3.173453
6.115268
4.858365
7.064898
6.124524
2.195037
10.980694
19.997740
19.269655
14.958502
6.910961
5.367808
9.901876
-24.803350
-23.419996
-21.365877
-20.713900
-19.171320
-18.908445
-17.208082
-13.272313
-17.440197
-17.567013
-21.323030
-9.457702
-25.429104
-29.889126
-21.455984
-24.202236
-18.043222
-19.410608
-16.734432
-23.117483
-22.546064
-25.214575
-20.965097
-18.994371
-15.996566
-26.580610
-17.113363
-15.775674
-24.084288
-17.729097
-10.883196
-5.440831
-47.076286
-9.751397
-4.860869
-5.550918
-10.089469
-8.932727
-11.730559
-45.084496
-33.970108
-31.304472
22.052320
19.095448
6.281991
2.908352
11.407800
5.090428
-6.952809
10.070707
13.830063
8.259110
2.180603
-10.289232
9.013969
-0.190014
1.365697
0.565611
2.885762
1.364850
2.477366
-0.303913
-1.566705
-16.055706
-14.797441
-4.314219
-2.534793
-15.988599
-20.974365
-2.976923
3.361822
-3.889487
-7.856162
-10.409801
-6.743742
-7.565419
-6.462489
-11.551017
-10.622920
-11.227633
-4.411536
-13.780944
-11.975038
-12.022052
-15.491888
-5.648157
-2.164554
11.589664
6.816557
-0.468814
12.108048
10.198176
16.139412
15.683383
15.760029
14.513227
3.982522
-28.571281
-34.252060
-27.142670
-24.380976
-19.554646
-26.405949
-28.024588
-15.862129
-17.621834
-12.875794
-4.978835
-8.431799
-14.059947
-14.129939
-14.614646
-17.480944
-19.576712
-21.470247
-11.850003
-16.432711
-25.344418
-11.715084
-10.655452
-9.016668
-11.598946
-3.129576
-5.036465
-9.423406
-9.184685
-1.697278
0.492189
-5.840537
-22.951136
-17.404570
-17.809250
-0.656952
-11.018108
14.661263
18.359390
4.954333
17.691210
7.076984
3.136566
6.464640
2.595961
4.205667
6.059943
8.303306
11.140481
10.935888
5.868008
27.643801
21.007349
20.413275
13.241414
-38.533894
-24.093649
-23.814093
-29.203402
-24.610113
-18.539762
-20.707544
-7.326355
-15.984431
-9.355521
-17.447712
-23.679295
-18.188591
-22.256643
-6.852093
-7.520679
4.732411
6.014905
6.143937
-16.916838
-22.514511
-15.618544
-14.529513
-12.245261
-10.500035
-3.260526
-10.642379
-16.037308
-12.524315
-12.315751
-3.759558
-20.484606
-15.434682
-2.076886
-8.189298
-15.056320
-13.490375
-41.947514
-45.001701
-36.868053
-33.511963
-21.579496
-29.364231
-41.164997
-33.423222
16.726660
14.906301
12.717868
8.604246
6.301138
12.269524
1.559243
-5.434820
-15.344524
0.361676
1.707754
-3.014028
-7.026972
-10.290603
-5.528725
8.263431
5.171580
4.310458
0.870583
-4.799127
-1.542352
4.724854
5.110915
-0.502236
1.666297
3.810730
6.876645
-3.855765
-0.740098
-9.428124
-9.155404
-11.179479
4.303505
1.645277
-1.878262
-11.198359
-4.739571
-6.846374
-5.973273
-3.488033
10.051356
2.941771
1.152233
7.231513
15.286290
14.293933
7.419210
5.832466
20.536636
21.480101
16.789623
9.459143
19.281981
24.927311
-22.049858
-23.989689
-26.144665
-27.845814
-37.745430
-43.883999
-57.457851
-23.302906
-39.205265
-40.742397
-23.148525
-18.005556
-22.342661
-21.770172
-27.714098
-19.933226
-38.654430
-36.566467
-32.891411
-33.607159
-32.250103
-37.397476
-33.785187
-46.536732
-33.713566
-24.556931
-25.431744
-28.270416
-26.182259
-38.582348
-32.940044
-32.310097
-32.776649
-34.386211
-34.906612
-40.591923
-38.007008
-36.385006
-24.622198
-37.472534
-22.747099
-26.478882
-41.276577
-41.014648
-57.120281
-28.944986
-24.730499
-26.644197
-15.282222
-21.252287
-24.465485
-25.470976
-18.066187
-6.210635
-10.024567
-4.437079
-12.855156
-16.495903
-21.900646
-27.892736
-38.353722
-23.998865
-18.447109
-26.463238
-14.579012
-20.790655
-26.538366
-30.476023
-41.328674
-39.774719
-46.870213
3.851461
-21.441847
-44.575218
-40.289577
-35.644577
-34.096424
-32.825180
-27.038923
-20.388704
-8.934011
-17.246790
-32.221909
-33.530952
-19.106867
-13.590178
-11.846733
-12.680844
-21.489044
-37.091351
-37.471439
-18.181236
-35.749119
-21.706224
-31.915926
-28.392193
-21.215193
-20.276661
-24.893946
-12.978848
-14.052492
-16.496637
-15.873054
-6.228556
3.951365
-9.606134
-18.744411
-12.677568
-30.754229
-18.841202
-29.102724
-28.854578
-5.288179
-13.905596
-16.343309
-12.067005
-3.600788
2.500867
2.025927
-20.581152
-44.518890
-42.101990
-32.767765
-30.818096
-23.481922
-39.198837
-35.621490
-41.476280
-35.869213
-47.133339
-48.085091
-38.049290
-45.949432
-53.835487
-58.176327
-90.609055
-46.798546
-51.338081
-45.674908
-41.375454
-41.150841
-53.587875
-12.687668
-15.907588
-39.551498
-43.150322
-53.513161
-31.422874
-24.204206
-15.931527
-18.805897
-39.653793
-23.809052
-21.638237
-24.254183
-27.081291
-39.497292
-40.484188
-29.494720
-39.018658
-64.143112
-41.938488
-35.910275
-22.629707
-1.375820
0.769440
-8.235380
-30.202887
-34.827354
-36.236794
-39.465042
-42.324612
-52.300587
-49.756420
-20.336496
-24.191330
-22.508415
-21.278479
-1.392011
-25.900187
-21.803141
-56.279541
-19.774906
-16.248730
-57.699787
-62.090309
-51.364166
-71.608810
-59.105598
-73.588921
-34.001335
-33.678993
-30.950544
-73.673553
-59.881077
-45.324291
-50.624313
-43.975418
-15.289608
-18.089012
-6.453267
-16.867146
-11.621369
-13.620952
-7.850386
-8.593130
0.439487
-3.416639
2.794659
-29.289589
-13.387843
-24.761858
-66.603928
-46.919292
-27.037872
-51.597763
-42.742306
-32.023666
-25.983627
-26.001432
-30.042316
-38.302711
-29.708136
-36.805996
-49.428642
-49.120430
-36.673000
-56.671482
-47.165092
-53.666401
-38.657608
-37.235798
-48.121887
-36.983006
-49.863518
-18.400219
-8.832758
-27.051205
-29.089134
-34.896370
-22.184841
-33.195293
-49.414417
-51.290192
-17.146719
-17.973917
-26.579611
-19.842703
-21.023371
-26.315851
-26.289335
-44.852249
-16.740377
-19.716423
-16.742960
-27.042652
-17.591551
-17.116060
-24.665083
-32.650154
-15.542546
-0.389439
-2.783698
-7.826725
-11.628761
-22.254652
-6.377778
-30.998983
-18.732876
-19.938704
-15.963180
-14.810236
-10.547495
4.634436
1.408484
-1.796329
-25.873533
-73.298912
-53.783203
-47.648899
-2.602912
-2.182945
-1.344432
-0.027609
-2.206288
-2.954771
-5.737407
12.969547
6.933238
9.902248
6.000728
12.802413
10.801133
9.357694
-0.253026
1.435231
18.551039
13.279464
7.588918
8.745805
2.422676
-0.135990
13.374487
15.032025
11.734297
-9.086215
4.515519
14.623031
9.682132
13.243924
19.783995
18.422337
17.886047
17.295286
17.966589
22.255520
18.267818
8.189392
14.139763
27.182661
27.943773
-15.969648
-0.917102
0.950371
-1.502517
13.584900
11.332265
12.247622
-7.174114
-4.969688
-3.600264
4.801559
-0.738563
-9.358961
-23.457659
4.669852
-12.466670
-27.099653
-18.356092
0.983904
-17.714016
-24.806992
-11.754920
-1.194105
-14.326674
-21.068554
-22.396606
-23.499985
-52.489536
-59.167503
-78.791481
-50.709618
-65.945885
-50.600212
-98.709419
-75.014313
-91.356201
-79.531830
-55.574081
-54.764870
-57.261921
-67.542076
-77.906448
-73.160011
-69.573853
-72.241982
-78.537025
-68.697746
-78.605560
-61.256245
-86.192635
-76.523911
-103.033264
-21.724407
-44.800098
-46.271389
-61.881226
-62.226173
-46.427940
-32.133244
-20.613964
-16.683544
-31.878191
-41.980968
-49.995411
-35.002552
-59.493713
-43.630466
-73.963745
-50.994453
-53.343040
-35.931374
-29.472536
-31.461843
-16.888042
-30.713757
-28.242630
-35.344425
-50.201885
-13.511771
-43.113228
-48.496468
-56.940228
-42.768700
-81.152412
-59.751328
-43.168751
-33.655132
-12.482368
-16.817785
-31.104801
-34.200779
-25.034267
-10.346347
-19.471773
-48.413773
-57.564350
-47.711834
-34.969723
-34.458138
-33.349178
-47.651165
-47.168308
-55.577759
-46.661057
-45.300175
-42.122070
-35.481182
-34.185123
-23.988211
-13.878706
-15.304974
-21.029812
-15.447079
-21.322788
-20.880705
-6.747244
6.851040
5.732381
-2.093776
-10.783984
22.167866
-8.634826
-8.941839
-1.181111
-60.923294
-23.425247
-10.475388
-35.604740
-16.220814
-20.447239
-28.968637
-31.038315
-48.966389
-45.733578
-46.445229
-54.553631
-47.096004
-29.900434
-43.285767
-30.325079
-62.562710
-38.569630
-55.481171
-58.145988
-58.497639
-55.759251
-61.711884
-65.404510
-88.864120
-64.276527
-62.729046
-57.403606
-50.211193
-70.604019
-43.447231
-29.079575
-15.247641
19.329800
7.409108
-8.789197
-11.483140
0.050729
-13.488848
1.822471
-19.919334
-23.272816
-28.823425
-36.910828
-24.325869
-57.848804
-50.074947
-45.606129
-39.654251
-25.521324
-27.368448
-21.464687
-21.088390
-33.761467
-56.159672
-26.747066
-60.726986
-63.448795
-79.266663
-79.213753
-58.575726
-60.228951
-132.122574
-103.175713
-78.569153
-81.453766
-91.679611
-72.272957
-73.774483
-59.548866
-64.712646
-45.483173
-72.021385
-66.510376
-85.757965
-87.799789
-72.044983
-74.737900
-79.202850
-82.365700
-41.130627
-20.847437
-29.308271
-33.754566
-44.585705
-2.691715
-24.832966
-4.872474
4.780134
-1.239465
-4.616630
-9.472442
-7.466992
-8.232850
-19.519859
-25.939741
-27.373919
-30.363129
-41.963722
-24.290598
-37.150745
-16.354389
-27.868599
-34.053032
-19.609875
-9.715695
-15.625021
-19.950022
-35.235741
-22.429447
-30.411625
-52.040318
-47.839081
-48.164845
-44.831024
-12.565010
-13.886023
-15.919476
-17.913788
-21.629482
-26.158953
-36.848087
-13.587657
-23.158091
-24.265295
-20.919277
-16.451096
-14.890950
-14.704957
-17.464865
-15.496963
-36.125679
-39.485966
-43.391846
-45.735050
-49.095348
-54.470467
-68.821106
-56.699539
-57.890175
-55.272110
-42.314186
-33.159782
-34.102852
-32.628517
-26.498306
-29.858345
-34.811024
-37.549435
-40.459103
-49.858440
-47.768368
-47.380871
-51.282124
-48.863079
-47.308506
-35.533783
-35.161785
-40.901287
-39.731533
-46.720009
-38.553947
-38.490017
-40.185112
-37.853313
-35.257683
-36.276554
-31.151846
-23.812593
-25.148804
-37.872177
-38.231712
-46.992031
-28.078575
-31.167229
-29.912909
-32.684967
-26.499327
-33.035839
-27.867626
-28.017574
-19.497576
-9.929664
-1.940227
-1.258691
1.265586
-20.988260
-11.222179
-9.751352
2.656004
0.314877
-3.882509
-18.044746
7.019339
-6.424047
-5.792804
-7.823374
5.678480
-10.997166
-11.113411
-9.047110
-9.658501
-5.515120
-10.684223
-1.885085
29.356194
20.468351
25.462122
7.629046
7.581180
-1.702225
5.029140
4.541817
-1.088838
3.312546
6.862555
0.122568
6.748370
0.956923
-3.828996
12.620874
21.096426
14.779834
24.835566
28.771421
-4.033555
-3.543232
-5.274413
4.878777
7.109608
-0.734105
8.293175
-7.333989
2.983637
-4.929524
-5.938625
-3.992867
1.217594
-4.295638
5.948863
16.748428
-27.566727
-21.967884
-10.350250
1.935493
14.059364
-25.466036
-5.600317
-20.041214
-29.216761
-43.404270
-9.940134
-3.033035
-9.065641
-21.895880
-15.184840
-9.249282
-43.945015
-43.720341
-17.748507
-14.795731
-28.300938
-53.310783
-43.263195
-43.694546
-53.362450
-55.536427
-12.011723
-11.640990
-16.122358
-29.833014
-5.496089
-8.308464
-26.420202
-35.597775
-29.074640
-16.149059
-48.410912
-44.919281
-36.481846
-37.615868
-35.285133
-49.664261
-4.782249
-9.288208
-12.463677
-36.701256
-25.890551
-25.362797
-30.921867
-42.666035
-39.800591
-38.374023
-49.680073
-38.269596
-24.245543
-29.259354
-26.733646
-32.442211
-12.039862
-11.729369
-14.999672
-29.281008
-25.551935
-26.955000
-20.324463
-26.740620
-28.925224
-35.520962
-40.300877
-21.130318
-36.182682
-36.328102
-25.130369
-6.019351
-14.007992
-22.703627
-13.198580
-16.713284
-14.661103
-17.414656
-4.766603
-2.428277
-1.730292
-39.568184
-27.665358
-11.941505
-40.570690
-35.265232
-18.654600
-16.387180
-7.496684
-20.570396
-11.584791
-18.592216
-23.572105
-13.236359
-0.232911
5.395179
10.418509
-7.536101
-0.274158
-9.072633
-22.205542
-23.020336
-12.456837
-18.212738
-6.561489
-26.231546
-31.699009
-26.161058
-26.411020
-30.346989
-19.041603
-20.051495
-18.948107
-29.023880
-14.030608
-10.842848
-12.425176
-23.803503
-11.734390
-14.525673
1.568579
-8.345945
-20.863510
-20.035416
-20.666599
-20.258184
-17.280895
-15.615426
-11.754979
-14.095724
-20.201984
-20.544128
-4.383794
-11.989759
-9.107796
-5.968496
10.450051
11.235687
14.087658
-16.450922
10.264944
11.972298
3.114781
-2.240531
2.678730
0.330056
-0.771753
-13.578763
2.142401
-6.064434
-14.852982
-12.741093
-10.830359
-11.190493
-11.268911
-10.080493
-10.746993
-8.185667
-3.324412
-4.532300
-0.651455
1.658603
1.443871
2.732105
0.507287
-3.230319
-10.920856
-13.348792
0.969978
-4.974798
-11.669373
-11.142776
-14.415154
-20.685829
-14.325575
-2.494642
-13.112066
-16.662800
-33.435799
-33.626038
-26.192297
-22.753433
-24.618126
-16.961201
-21.470331
-25.055805
-27.981838
-23.912666
-20.771833
-19.198490
-12.673418
-25.961321
-15.190533
-60.837135
-47.133224
-36.175228
-38.367310
-0.933479
-8.149755
-4.267239
-11.275953
-11.857594
-13.080344
-14.921970
-11.984955
-9.474737
-7.326744
-13.993593
-8.139746
-13.733384
-18.325003
-11.431924
-19.460859
-48.369068
-11.667301
4.399528
1.510509
0.802037
6.559151
-1.737706
-36.199654
-29.031960
-10.908835
6.649089
-35.272903
-32.388275
-7.012730
0.958547
-15.275249
-18.446169
-16.578285
-11.858721
-10.009125
-13.317238
-13.948442
16.132044
13.139412
3.001230
5.088896
-27.079325
-39.265766
-18.051731
1.316010
8.191857
-9.108336
3.069547
6.398186
-0.524562
-35.894287
-26.629232
8.921865
-3.346993
11.489201
6.639702
-1.165330
-3.818515
-4.878024
9.041547
-4.283547
-2.617330
12.059021
28.036268
-3.911980
-10.455711
1.263610
7.592113
2.920858
-20.658655
6.416988
-0.034560
-19.366673
-2.868434
17.046095
15.319559
6.739490
-4.740143
-28.189285
-10.170341
-29.783226
-33.954029
-2.175245
9.772896
-3.900292
-15.517062
-17.085417
-17.396757
-7.726379
1.097607
-8.432903
-15.962775
-15.348344
-30.063593
-20.789902
-29.268553
-0.406999
-14.219167
3.375672
-3.952276
3.442193
3.092876
12.029899
0.987491
17.828012
-3.923498
2.981030
-5.404377
0.959582
-3.857896
13.774076
10.061126
12.219502
5.584419
-2.687957
-3.414035
18.199434
2.322360
5.258459
-38.906933
7.047367
-21.801880
-12.780698
11.843710
10.321655
7.066372
15.408363
9.151804
21.878887
10.526244
-2.334401
7.727410
-0.068727
-10.349596
-15.852365
-33.429638
-3.220561
-19.975767
-32.606575
-39.556740
-33.735683
-26.741390
-28.047276
-37.599354
-10.335775
-12.583309
-16.917381
-56.660690
-45.386856
-36.396114
-22.989298
12.965620
8.479935
8.117365
-30.163036
-40.966587
-33.781590
-28.699684
-29.749851
-36.237541
-23.490561
-21.038450
-23.260769
-43.149445
-40.868347
-8.329442
-24.459284
-17.655123
-18.789637
-17.982862
-20.089357
-20.448820
-53.185665
-43.927166
-37.121925
-39.430874
-36.759850
-33.438656
-42.031094
-34.244701
-40.753269
-12.523256
-45.824944
-21.037020
-47.384365
-38.419308
-34.117706
-23.027431
-24.131414
-1.582147
-13.614182
-3.447111
-17.250029
-13.777762
-18.531881
12.816287
-11.389792
-12.336807
-3.859839
-12.519869
-17.762169
-10.090597
-1.954491
-11.266259
-1.603517
26.897476
12.333413
2.351916
7.242489
-1.748346
2.754351
-0.085421
11.388087
4.012160
22.174980
9.537500
15.425057
18.945343
5.048693
12.665772
35.204067
19.172052
27.469696
12.989062
21.917913
8.000899
22.939129
-8.684192
-4.264152
-9.379468
-11.361051
7.898170
2.298896
-2.374339
-3.279789
-3.602119
-3.894928
-3.621998
-6.719147
-8.332867
-13.454378
6.247891
-2.957205
-4.038130
-12.094176
-10.424933
-10.721868
-9.137103
-16.820566
-14.272529
-25.623053
-27.189508
-27.715862
-28.308609
-27.217428
-28.557604
-37.914463
-26.982889
-27.800045
-28.193438
-27.545357
-22.210382
-28.966131
-16.889900
-13.480573
-10.241760
-32.293495
-32.016544
-30.755203
-31.222002
-28.846334
-30.069618
-41.059437
-25.446487
-22.508087
-36.250935
-29.005716
-27.212675
-25.216156
-26.785658
-26.329836
-21.564924
-25.267380
-22.721935
-26.949989
-20.535982
-12.875542
-2.753836
-10.316898
12.715643
-2.572735
-2.667408
-4.086833
1.438000
-0.979971
-18.994543
-20.139370
-14.866806
-12.830891
-13.834660
-18.824230
-11.147826
-18.362123
-19.946394
-17.349594
-18.948730
-22.923100
-13.481449
-6.994183
0.131294
-15.301790
-38.096455
-8.207420
-1.311964
-11.486368
-11.379598
-9.490817
-10.029684
-11.799158
-9.426843
-15.510708
7.383322
7.861412
-7.237656
-2.082024
-7.285972
-10.647395
-17.312014
-22.452785
-13.767342
-14.925873
-17.475649
-24.317619
-16.326166
-11.652390
-12.846070
-12.944164
11.354796
8.345201
7.498116
-21.348404
-14.220927
-12.021279
-14.562902
-19.128572
-13.903815
-9.871134
-11.383758
-20.929682
-12.735774
-24.350603
-22.607985
-23.254162
8.392040
-14.603505
-27.698156
-17.276323
-24.171083
-28.393332
-30.300135
-16.820459
-14.894874
-6.246336
-5.681400
-9.160439
-12.793921
-27.701002
-30.289106
-23.434589
-17.404060
-12.179833
-17.490305
-23.637667
-23.896820
-17.298523
-29.414413
-23.357822
-28.058916
-33.028721
-31.544666
-27.655167
-19.290998
-21.005001
-16.937710
-9.068868
-1.884373
-2.397870
-6.759994
-12.468491
-12.681487
1.161918
5.765898
-10.930681
-17.727375
-25.377045
-6.526502
-5.418824
-13.816283
-5.792610
-25.696230
-11.906082
-25.238649
-25.800465
-27.814814
-36.388847
-32.870811
-33.499905
-30.632227
-39.452003
-39.909733
-39.985363
-26.377401
-18.823496
-4.372967
4.925079
1.604597
-3.978439
7.525366
-28.600668
-48.025658
-40.781723
-45.300835
-31.267145
-31.953003
-30.410057
-36.383759
-34.969604
-39.635216
-32.306984
-17.983654
-19.898129
-17.809958
-7.404997
-9.346467
-17.453459
-20.853220
-24.285896
-19.695787
-13.990761
-9.883992
-8.676590
-13.479868
-11.474028
-12.927098
-15.465717
16.696684
0.706859
-20.580086
-7.829425
-10.058816
-5.708266
-1.013635
-9.338662
-17.437389
-18.605900
-11.418312
-17.288885
-19.171614
-25.003838
0.616524
-8.003058
-17.556549
-24.512074
-12.756819
-21.976431
-9.690501
-7.560835
-12.271395
-25.337389
-6.446582
-14.756425
-13.765735
-10.065762
-17.565254
-23.304224
-35.727394
-19.233877
-12.402598
-27.183353
-15.652937
-1.095173
-1.603112
-11.559996
-5.146998
-10.286572
-9.474218
-4.925670
-6.042146
-3.878422
-10.076320
-9.190084
-14.972651
-7.746571
-6.162642
-13.035704
3.769334
8.682757
8.337102
-2.349906
-2.546198
6.537457
-1.033161
-6.491508
8.549631
5.565357
-6.421153
1.663157
-0.714736
6.305418
-1.784561
-22.432753
-25.115042
-29.622791
-35.202423
-13.937377
-15.623067
-17.543701
-19.379755
-21.886721
-25.433950
-33.637325
-35.108238
-34.469051
-39.579483
-17.392181
-19.224880
-21.565231
-23.014013
-16.074469
-17.753658
-18.600914
-15.984801
-9.671754
-9.454037
-7.322404
-8.470620
-6.916058
-16.066980
-12.711272
-5.960691
-7.204222
-17.836451
-13.890830
-36.682396
-36.333344
-40.713589
-40.732468
-44.067093
-43.730316
-47.700970
-53.718647
-50.703915
-46.896187
-41.393486
-51.910027
-47.761082
-7.813114
-12.108058
-12.715203
-19.013351
-16.512169
-18.063454
-22.290239
-25.594076
-23.789639
-23.561720
-32.732990
-34.074245
-22.505732
-18.027393
-22.801128
-43.438580
-12.254814
-18.968132
-22.983389
-22.817472
-27.336130
-28.352112
-32.087749
-36.441959
-41.665070
-41.815063
-39.275665
-43.278465
-52.027683
-22.379513
-1.750050
-16.236475
-35.791191
-34.370399
-37.003399
-48.071728
-55.056927
-53.853504
-25.853725
-28.839415
-43.984467
-51.625511
-58.308010
-46.921494
-58.713631
-52.250217
-34.599121
-51.106556
-74.315552
-72.703430
-64.647728
-79.266426
-57.722569
-61.310467
-54.509571
-52.155968
-61.275040
-48.985748
-80.698921
-62.583855
-62.414722
-28.090593
-27.759867
-50.064232
-56.249786
-49.950748
-40.629417
-46.607719
-17.307671
-24.141256
-46.809391
-44.763763
-44.608120
-10.187873
-43.464378
-30.602289
-32.339607
-53.343132
-27.827122
-29.304564
-30.740921
-24.047106
-43.818832
-41.621273
-20.058325
-17.864037
-46.581177
-59.830681
-39.746517
-18.384626
-48.175304
-40.628288
-38.536613
-57.059948
-22.234661
-21.870419
-22.264626
-19.467703
-39.280266
-36.171089
-42.694550
-35.784447
-51.262794
-62.179508
-37.480892
-23.764553
-18.130083
-17.115685
-27.758549
-33.622650
-25.399996
-23.972002
-20.251156
-25.370180
-45.599091
-57.986565
-80.934143
-78.465225
-98.398567
-101.958122
-73.246025
-46.300114
-46.795219
-13.311517
-53.436420
-71.882240
-49.676716
-46.782970
-45.081764
-46.985542
-50.756439
-50.928238
-79.133583
-86.015480
-79.110962
-84.448730
-46.713974
-51.176483
-52.891911
-70.157188
-89.671692
-93.846115
-75.939774
-61.715012
-73.476646
-71.457733
-97.137024
-91.258583
-113.328949
-111.356010
-115.692368
-93.863739
-68.010376
-39.521347
-32.143860
-55.331623
-57.541519
-58.526333
-53.850807
-36.593163
-42.183372
-44.590488
-42.220421
-43.704079
-56.838158
-65.211815
-71.338455
-50.493671
-45.589130
-32.112133
-18.368021
-42.488754
-60.598900
-64.172020
-70.638649
-62.863670
-41.428070
-63.292244
-38.006516
-46.640427
-59.228298
-63.344814
-64.942543
-59.906872
-35.213562
-45.620380
-23.817881
-49.316895
-54.292492
-62.536007
-74.815384
-55.787926
-49.061775
-70.002281
-38.332302
-35.690277
-43.054710
-37.077202
-47.916183
-61.523491
-48.123714
-51.009014
-60.964012
-69.344955
-47.552937
-57.739059
-76.639427
-63.907722
-72.230202
-82.142044
-68.396309
-57.997257
-53.199863
-52.157803
-70.186577
-45.775036
-20.373859
-14.449956
-43.365013
-32.238625
-23.242826
-24.034164
-49.887962
-39.064545
-46.026409
-42.274021
-45.031033
-40.859917
-36.586788
-47.097054
-55.071907
-39.377155
0.227723
1.098977
-8.668211
-34.560215
-36.321281
-29.158438
-3.955232
-4.285978
-4.964668
-5.468910
-5.408606
-5.431653
-7.827506
-8.161132
-12.918724
-16.841209
0.601450
-0.857368
-0.402039
1.235482
-8.201853
-3.947845
12.850362
18.912313
24.554293
25.573412
35.282845
39.915806
51.938240
13.521070
32.364616
33.204044
23.230696
29.814421
33.418018
4.028685
9.241102
4.217778
-2.253253
7.586308
9.842279
5.344289
6.457516
3.945547
-8.553765
-8.892147
-8.090300
-16.577106
7.050845
11.631268
5.120858
10.525590
14.426330
15.523770
-8.361401
-1.347420
4.335789
2.743419
1.578297
-3.940077
-13.002833
-12.324301
-27.548504
-13.968968
2.082439
-9.669155
-14.614252
-20.637693
-4.687578
-15.718082
-34.592743
-38.675602
-34.525291
-36.372162
-47.416893
-60.291386
-57.950996
-36.662521
-40.934952
-24.360828
-20.419449
-32.732723
-31.468046
-27.939547
-33.823948
-34.027290
-38.803333
-39.269516
-43.421692
-59.864162
-33.548309
-30.863853
-26.522928
-46.079117
-39.492126
-35.944420
-32.129471
-34.822609
-52.564053
-55.387051
-66.464813
-66.366692
-51.503754
-51.820076
-44.257465
-61.407780
-57.707863
-50.000164
-55.603542
-44.949635
-28.473757
-30.934774
-36.301327
-35.312431
-38.184940
-40.905537
-36.056847
-31.382738
-12.281594
-12.902325
-24.787548
-35.057091
-26.111309
-16.619448
4.596949
-37.875877
-26.898109
-17.346395
-20.990692
-19.963530
-11.530630
-27.734797
-33.067909
-41.445602
-32.482788
-31.441509
-63.199852
-38.908398
-40.808769
-45.435032
-42.944603
-59.039135
-19.062277
-13.208632
-25.470036
-19.786848
-17.004509
-12.624387
-2.170015
-7.942467
-14.120291
-4.527194
-15.773472
-8.940655
-2.082601
0.555746
-7.496186
-4.277134
-8.138153
-8.456558
-25.436144
-16.108192
-23.143440
-21.906172
-33.493843
-33.246655
-35.665825
-62.304867
-40.834946
-23.486021
-20.899906
-12.662060
-48.432472
-51.367825
-37.950871
-34.949512
-31.992599
-29.264090
-25.410530
-21.947926
-13.812591
-5.110565
1.373858
-27.327366
0.225376
-8.095135
-3.910751
-55.420563
-53.574192
-49.713966
-29.769251
-37.234283
-37.032387
-44.643150
-29.748571
-35.580105
-34.289906
-35.521954
-32.699722
-46.595989
-58.215263
-20.468679
-6.859286
-28.965883
-13.334432
-14.422484
-7.524237
-25.696110
-25.654987
-29.605679
-29.231668
-33.954529
-30.422392
-40.993603
-43.281506
-27.827509
-26.542101
-39.119255
-45.918850
-71.553406
-59.162640
-64.395264
-51.278584
-55.974487
-41.991516
-60.408714
-58.421177
-62.158371
-70.809654
-72.591995
-81.786354
-53.916912
-35.141949
-41.334606
-25.666420
-42.985229
-33.519756
-37.382961
-20.958452
-37.141754
-25.260813
-46.239700
-28.057240
-25.480789
-35.557041
-54.662663
-33.805805
-13.336823
-31.055164
-34.322533
-44.897945
-41.825455
-32.748180
-40.164810
-27.932585
-36.211269
-40.668900
-71.586952
-68.419487
-49.180752
-41.384178
-46.349098
-48.564941
-53.024826
-31.822990
-54.997040
-47.503437
-29.907351
-24.642920
-39.405102
-34.326969
-32.655724
-37.301891
-34.970284
-39.039085
-43.354515
-25.061491
-32.087673
-31.913015
-17.594044
-25.959667
-24.449087
-26.973305
-61.152287
-35.443336
-25.463125
-12.740249
-14.349628
-16.388214
-18.626190
-22.677380
-26.902994
-35.061405
-38.819500
-36.384834
-40.789257
-21.042482
-19.746721
-17.047321
-17.232134
-6.046432
-6.390641
-24.413385
-23.063246
-20.628378
-23.801004
-26.697407
-28.621061
-40.660748
-43.999855
-41.474625
-33.314255
-5.321817
-12.969084
-8.938605
-21.563114
-14.892454
-11.290987
-22.313467
-21.220699
-20.660376
-23.710379
-30.402763
-27.340979
-23.642262
-20.624147
-28.321123
-8.705111
-5.135294
-15.862122
-6.196613
-31.480692
-32.121193
-24.832876
-19.529989
-19.537743
-20.841217
-21.129034
-21.184143
-20.730444
-19.463192
-34.297745
-21.915808
-15.353319
-35.892609
-38.377151
-46.964531
-32.303070
-41.917549
-47.884205
-41.336910
-44.019371
-55.455341
-59.862911
-49.958599
-46.868519
-60.729065
-59.095909
-42.982170
-30.906292
-52.195820
-55.829185
-58.071568
-52.014420
-62.318272
-59.723705
-42.898014
-43.431870
-56.098785
-74.698380
-66.508057
-59.841026
-67.143517
-37.626968
-34.061794
-33.610672
-39.602852
-52.466667
-43.199512
-39.477943
-27.091127
-24.659351
-20.336552
-14.940276
-40.223923
-36.649471
-45.579742
-38.667770
-36.575634
-24.731028
-27.092396
-28.456215
-39.439899
-46.846806
-51.941639
-32.532997
-9.947670
-15.586171
-32.005184
-26.001732
-31.785215
-25.821167
-35.378407
-28.546276
-31.105200
-64.242462
-36.653328
-20.811495
-49.269531
-55.605106
-58.136501
-30.034906
-20.826025
-20.621199
-33.512501
-40.080940
-35.383041
-29.704805
-33.005039
-29.932255
-37.016697
-38.354813
-39.221577
-24.804398
-21.024733
-26.358179
-20.337027
-20.996946
-33.163815
-34.538048
-52.724083
-64.389908
-47.269844
-43.324459
-35.448448
-34.711781
-37.676777
-50.986481
-41.938168
-38.294334
-31.757057
-39.936459
-41.475113
-46.176998
-62.094112
-64.991920
-85.040146
-87.482391
-59.942776
-39.442234
-49.035698
-20.148294
-34.350746
-43.114300
-44.022842
-51.002689
-34.772606
-38.618683
-49.561779
-56.290264
-55.544117
-53.179478
-61.606419
-54.522827
-38.118637
-20.595682
-31.883823
-17.026634
-17.417593
-35.447197
-46.374916
-47.459743
-39.757919
-34.668453
-61.851334
-53.601250
-50.631954
-46.867180
-51.589672
-33.406265
-36.282593
-54.652225
-57.199371
-48.264992
-66.850906
-67.799316
-45.834404
-39.839188
-36.138695
-40.343430
-36.364033
-30.675274
-37.848602
-39.769470
-41.822540
-28.594690
-44.809849
-75.534584
-59.952045
-28.063656
-70.988876
-78.414291
-68.668411
-64.959351
-51.910259
-56.064251
-40.508942
-46.220673
-62.695839
-62.186958
-60.608498
-39.240734
-45.590656
-66.582954
-69.263832
-20.501602
-57.483345
-72.621712
-68.571526
-53.693386
-59.409882
-72.845016
-49.258419
-43.316475
-47.680637
-50.905746
-58.710583
-54.269650
-40.620911
-35.685425
-50.943405
-33.147808
-30.639927
-38.882656
-60.285355
-35.745762
-44.729412
-38.037663
-37.264637
-37.053730
-38.736023
-39.298428
-36.737968
-32.480381
-30.692423
-29.033766
-34.641113
-24.009516
-33.158672
-26.815069
-53.214184
-40.436241
-30.802166
-18.364126
-24.269712
-30.317398
-30.038605
-30.067335
-28.117210
-30.750874
-38.171890
-29.557564
-40.243961
-32.299950
-39.531483
-50.713043
-8.660552
-8.967894
-8.955431
-8.475972
-9.431376
-8.218826
-10.496622
-12.875874
-10.520366
-10.919768
57.147423
56.798279
47.616936
46.010464
34.132481
41.157684
18.843870
27.391827
33.655022
34.060005
33.309666
31.125746
39.660507
34.603401
36.778759
41.419033
33.608299
38.089119
43.542618
-26.141035
-27.247225
-26.515808
-22.321230
-20.371656
-17.668501
-20.232851
-9.460087
-21.580482
-18.745728
-21.739491
-21.727964
-30.774218
-42.574535
-36.450317
-23.126717
-24.397440
-31.097878
-29.394741
-42.019115
-30.388018
-27.204994
-27.327684
-25.972403
-30.464954
-29.526939
-33.129734
-39.259686
-43.315716
-36.332157
-28.677477
-13.886408
-46.257000
-24.350922
-31.253544
-34.472801
-36.042408
-31.954885
-33.677807
-58.572041
-50.726799
-48.544483
26.687616
16.663179
7.760350
-12.603678
-3.738838
-10.166543
-22.407345
-18.646616
-12.776151
-10.124536
-22.265926
-21.108225
-27.460392
-23.950428
-20.520182
-21.438211
-22.377340
-19.285536
-31.871473
-26.739721
-20.325914
-28.688887
-24.498959
-40.144978
-31.680670
-28.674583
-35.288837
-20.123697
-21.592939
-23.060801
-17.807474
-17.165668
-6.876664
-2.784516
-18.649855
-10.310925
-15.234501
-28.602621
-25.276072
-34.591137
-27.582537
-14.015903
-10.672112
-1.022531
-10.972118
-1.719899
-2.223290
3.646821
5.302660
24.671295
18.148607
6.316111
9.601219
13.627285
18.667250
-50.759308
-61.576778
-39.035927
-34.339737
-39.211617
-39.968601
-38.817818
-41.093887
-53.259949
-51.375790
-23.792770
-26.497662
-36.672028
-39.104103
-44.458267
-38.055500
-43.103367
-39.533127
-27.707186
-25.011330
-41.736057
-36.364822
-37.611965
-46.807964
-55.231350
-59.955219
-21.688684
-35.946289
-47.334648
-43.823948
-30.558321
-22.406233
-46.162785
-45.750908
-50.360317
-51.832371
-50.560314
43.159576
39.053226
5.705256
18.989376
5.984661
40.485577
20.750492
16.346895
20.323425
17.195065
22.638720
7.617580
20.629433
17.465456
23.796839
24.516933
32.565533
37.068821
-56.139969
-40.948406
-60.035244
-38.207813
-32.707558
-33.301155
-24.161325
-41.192619
-44.951622
-40.013142
-36.405025
-32.225872
-53.951363
-51.842815
-33.031303
-35.833447
-41.559490
-24.784081
-31.952705
-25.776600
-34.386688
-32.343410
-28.619875
-37.609261
-34.235146
-23.958439
-25.353092
-25.176991
-28.016354
-28.418142
-27.157291
-32.979259
-40.526180
-30.746868
-23.693970
-30.561272
-23.292799
-37.786449
-43.720627
-57.682262
-43.664635
-33.592854
-44.545937
-55.542316
-62.151787
34.338776
12.979317
10.088879
-3.539595
-18.242195
-19.827101
-11.610302
-22.345362
-20.351171
-17.279345
-15.193055
-13.465884
-20.751068
-36.408955
-32.738625
-28.905935
-23.649927
-32.948490
-24.713079
-25.598179
-12.663655
-23.459557
-20.421103
-29.008524
-31.395144
-49.365322
-37.449883
-29.479856
-31.697557
-34.530491
-45.211319
-33.237648
-25.876251
-28.295862
-19.555571
-25.225039
-21.457512
-22.058840
-30.198666
-32.054718
-31.729473
-44.011013
-31.842499
-22.642870
-15.931091
-26.349634
-27.803282
-26.930870
-15.096720
-14.908667
1.999986
-2.691562
17.023968
2.379435
-6.871078
-7.426549
-7.933770
-8.424812
-9.349100
-13.183247
-29.401539
-4.154394
-16.085417
-23.845673
-40.423302
-40.012749
-45.062176
-40.383137
-48.287849
-44.633621
-40.169220
-38.000874
-31.797386
-32.929279
-28.394114
-30.575260
-32.678032
-38.152992
-36.386551
-40.037228
-52.069225
-44.851109
-48.233223
-30.794945
-32.832581
-29.057940
-32.568909
-23.163280
-20.431225
-19.582174
-17.185863
-15.017586
-20.176743
-16.649067
-19.655567
-18.642706
-37.602737
-42.419930
-32.006104
-27.965776
-32.640404
-31.518736
-27.941368
-24.321020
-22.970766
-21.767588
-17.218109
-8.638381
-12.498623
4.349645
-24.098381
-6.807405
-19.510044
-32.635681
-36.997879
-20.341560
-18.267797
-27.189802
-23.480057
-22.266535
-23.466684
-12.055265
-5.274518
-5.141329
-13.785233
-23.301460
-27.607101
-17.144548
-12.504169
-12.759750
-9.842854
-12.307543
-16.066639
-15.218337
-5.093651
-8.421741
-6.053326
-6.968236
24.035707
19.530684
26.640085
12.076445
12.597573
5.941789
9.829988
9.055767
14.687506
-14.684376
-12.548757
-12.177479
-9.669505
-12.753429
-5.172140
-4.424423
12.625504
4.303547
6.040545
2.691835
5.279716
-9.848429
10.753951
3.477439
11.744810
1.931674
-7.764473
-10.299398
-6.639309
1.470803
-12.826771
-2.923502
-1.111930
-5.816339
8.607291
-17.952299
-33.652111
-26.736008
-21.729488
-36.403202
-35.547523
-51.825062
-12.184679
-12.125153
-13.272370
-11.615995
-16.419462
1.994352
-3.356458
-18.676039
-6.553739
-29.298199
-9.757073
-9.776622
-18.905226
-24.926138
-16.961779
-16.949808
-1.977554
3.129222
-14.948852
-8.215632
-17.720650
-14.637630
-18.288126
-15.764359
-14.784784
-31.239428
-6.297888
-4.251453
-20.470354
-19.093138
-31.290443
-26.598139
-33.981354
-30.842745
-50.778130
-41.411663
-31.556334
-28.300335
-35.733398
-5.959455
-32.347328
-51.045612
-42.118481
-36.872231
-45.882248
-36.508629
-39.081512
-29.086908
-41.511204
-29.835495
-30.763916
-35.532436
-21.965628
-30.430120
-20.129662
-10.134154
-24.635769
-19.295990
-13.914918
-19.748653
-22.212347
-29.346756
-31.906727
-20.031000
-20.611355
-14.679235
-7.113788
-26.569269
-12.547401
-10.696683
-4.298799
-14.528054
-22.201445
-24.250118
-8.660554
-13.868684
-15.137525
-14.948499
-14.856751
-6.946776
-4.003452
-4.784920
-0.180470
-4.592755
12.128907
9.847857
-8.124701
-14.322220
-13.669579
-20.202040
-6.082371
-18.314863
1.503844
-10.471945
-3.942901
4.675731
1.924915
2.059331
-0.462673
-0.277805
-19.150110
-8.735044
-17.185110
-29.563862
-26.449842
-45.424473
-21.345304
-27.557711
-19.179981
-10.337787
-12.318995
-23.209734
-17.975481
-20.434296
-14.656190
-5.878486
-24.492750
-9.269190
-7.040795
-18.313004
-18.372330
-16.355986
-11.766749
-12.270478
-26.589678
-28.616447
-7.531046
-16.097303
-17.565008
-18.473606
-6.116593
-16.241392
-16.535269
-13.975142
-6.165369
-3.059693
-2.785217
-7.241095
-7.279511
-10.350594
-24.522520
-29.306641
-31.043859
-14.119325
-22.589407
-28.029209
-16.428236
-4.179127
-2.355891
-2.712560
-2.626688
-69.644180
-48.702099
-66.838676
2.876848
2.984045
3.120766
2.796067
5.498262
5.855853
4.003802
-4.329724
-0.508356
-4.402090
-18.178476
-21.333761
-18.296904
-15.634478
-11.566155
-17.409758
-8.574407
-8.725989
-11.909067
-13.670218
-13.153220
-12.669310
-25.881392
-13.745131
-19.101635
-21.643381
-7.820173
-11.245943
-13.049694
9.821895
10.484398
6.271625
4.389633
2.366616
-0.133068
-4.179675
-12.273237
-11.499710
-16.510490
0.972983
-17.966438
-13.528863
6.548914
1.472071
7.971610
-0.679811
-4.615978
-0.076190
-4.247097
-3.804646
-6.536892
-11.230171
-10.810533
-20.578249
-27.034868
-31.194347
-29.464184
-21.895269
-41.264511
-40.909882
-46.806614
-39.963032
-50.565556
-51.920219
-51.928738
-45.714767
-54.855465
-55.281342
-29.472597
-34.528996
-45.796146
-77.186134
-81.409859
-52.759979
-68.530991
-82.283379
-76.049698
-75.268967
-81.848587
-87.276245
-66.948288
-64.495255
-69.295296
-81.703751
-66.190353
-66.448982
-69.409180
-58.421619
-62.241379
-46.142403
-57.501621
-64.560059
-63.527470
-62.902660
-41.853203
-46.783062
-43.474453
-40.008320
-54.111092
-46.909767
-42.256878
-38.140408
-39.950176
-29.409300
-34.807148
-24.586473
-34.861317
-37.962845
-48.831745
-30.703709
-13.303127
-20.865200
-30.342466
-34.614872
-31.316389
-41.089443
-34.163826
-40.168095
-30.705784
-57.530895
-33.409508
-25.097569
-47.127022
-55.355701
-78.085266
-43.472652
-21.146212
-20.603325
-15.314718
-16.277927
-23.748306
-18.601667
-7.080696
-19.576015
-9.196795
-4.253667
-28.558514
-15.824416
-13.861612
-14.586535
-24.542807
-29.251320
-26.028383
-28.961462
-31.640341
-29.455303
-21.470797
-27.630764
-21.311157
-29.473104
-18.204794
-37.722454
-40.302227
-30.631048
-34.715004
-36.794617
-26.481148
-29.708481
-26.899393
-34.776890
-45.329132
-50.952068
-38.723030
-40.036034
-47.600990
-39.029892
-48.946148
-71.348183
-61.199379
-47.042175
-44.799572
-44.851357
-41.060585
-40.635250
-43.195549
-45.614563
-63.017849
-49.577568
-52.332626
-33.963512
-44.069630
-18.822227
-11.669460
-63.920990
-42.053047
-34.898632
-39.565056
-33.328934
-52.575756
-44.132572
-43.335766
-41.305092
-53.681904
-34.055210
-38.953167
-29.501160
-35.232109
-29.655371
-49.934734
-58.535057
-37.974907
-48.254768
-37.646652
-44.246452
-38.287231
-40.718849
-45.723022
-53.426914
-59.343674
-51.792721
-63.011631
-63.593567
-35.707603
-15.419770
-57.913967
-67.462524
-59.677746
-62.489838
-45.304199
-51.759655
-47.645733
-40.061378
-48.893387
-52.742828
-46.790615
-44.310875
-73.394325
-77.535095
-90.605186
-35.267292
-83.538132
-97.236404
-79.887863
-67.042442
-60.361408
-83.264633
-78.795464
-51.058762
-55.051815
-66.720772
-68.170883
-55.882877
-51.208271
-61.595379
-72.678558
-55.014515
-60.713600
-69.208473
-67.545197
-57.307793
-56.813808
-41.282787
-61.017548
-40.837299
-45.775612
-49.231766
-50.092270
-32.493397
-30.704731
-34.010937
-42.445103
-28.718916
-44.843815
-50.984367
-53.457829
-51.714176
-39.749077
-30.844784
-36.639359
-34.285046
-36.274818
-45.062157
-45.323238
-43.744347
-57.886547
-58.468254
-54.968376
-35.336823
-46.346767
-63.775909
2.202479
1.874502
0.990430
0.459846
0.024104
-0.518663
-2.611361
4.147528
0.795713
-0.151535
-14.330046
-11.134231
-8.471154
-7.174506
-13.001062
-16.495611
-6.913154
-17.538925
-26.090590
-29.293667
-31.374968
-34.059113
-45.522194
-47.610619
-46.028412
-49.532818
-41.560577
-34.559433
-39.946850
-17.421949
-16.718996
-12.157677
-22.352634
-21.441557
-33.666965
-36.536255
-42.486225
-41.546562
-56.640152
-57.382668
-56.858868
-57.540649
-30.708780
-34.478691
-30.285908
-30.533239
-25.026232
-19.584831
-34.657040
-29.124697
-36.334240
-37.148636
-41.484150
-37.228661
-46.806156
-38.693470
-37.465107
-36.042976
-20.385130
-26.368240
-30.798052
-41.948208
-34.636013
-18.836031
-34.532024
-20.743277
-26.132437
-14.779860
-22.577700
-17.909201
-16.814114
-49.951790
-31.579451
-34.982410
-35.112995
-48.094585
-59.479076
-65.118225
-42.751408
-48.060467
-50.486992
-52.872871
-49.195042
-47.001736
-45.934155
-45.917107
-48.492752
-53.140743
-42.558620
-36.818478
-32.943874
-48.608482
-54.481831
-40.357452
-33.604092
-37.404507
-42.480747
-51.935795
-45.838005
-48.891102
-43.649048
-36.091335
-41.648914
-22.354891
-26.358437
-36.987553
-16.114851
-20.630880
-19.516144
-20.121096
-20.008408
-22.986868
-22.617247
-27.703753
-33.795540
-37.477962
-37.262753
-42.532436
-42.306286
-16.690601
-16.162977
-26.420799
-33.634930
-27.866991
-46.734585
-40.921440
-20.409288
-10.711086
-8.842237
-7.812127
-11.408444
-28.418121
-22.390045
-20.117752
-25.658064
-23.307859
-24.148745
-24.069241
-25.526072
-24.577972
-36.568382
-36.151825
-34.068974
-34.075333
-27.334465
-18.546335
-21.269360
-29.032881
-28.509958
-17.129898
-23.156107
-50.649185
-32.773186
-30.091785
-36.266197
-38.533855
-22.642120
-12.671864
-16.197538
-24.483189
-23.867792
-22.003796
-38.371704
-53.437466
-46.937801
-47.671520
-44.720673
-52.285175
-50.908527
-39.366928
-31.158495
-50.651913
-32.862114
-29.540670
-42.364731
-54.570766
-59.701874
-62.360817
-81.218811
-82.379547
-71.638443
-33.045963
-55.865643
-80.838974
-55.118362
-41.756298
-45.401409
-55.957699
-51.620544
-40.089760
-54.543690
-62.014584
-66.705551
-63.680523
-63.215279
-43.758682
-53.266685
-18.500334
-28.692760
-31.383312
-49.501831
-32.380337
-32.328743
-40.976643
-31.592428
-22.024485
-30.201735
-35.893921
-38.149269
-29.115559
-41.590614
-32.510082
-30.474009
-27.254930
-44.867821
-32.113197
-42.583416
-33.204327
-32.591415
-31.931715
-31.266869
-22.622213
-23.547485
-24.302233
-19.485485
-25.311569
-42.681046
-57.529064
-66.136665
-48.244022
-76.716225
-66.487991
-70.554443
-59.423210
-50.438328
-53.520828
-60.232803
-58.344803
-54.137745
-51.960163
-60.342457
-33.291122
-33.646484
-36.793133
-59.282516
-34.321472
-41.456482
-41.800961
-41.726788
-53.722225
-34.267979
-28.907915
-42.141705
-38.953930
-35.621658
-28.033300
-43.126171
-30.820631
-28.357500
-22.628107
-43.197395
-32.271374
-25.020376
-33.354176
-39.758766
-29.205345
-33.073601
-44.253498
-38.449200
-46.129932
-35.365253
-31.107006
-43.085701
-40.545185
-36.746265
-51.326553
-44.562340
-18.722721
-37.089840
-32.156937
-8.627409
-9.421792
-9.835883
-10.686664
-14.901655
-19.667793
-33.741943
-4.156772
-21.563452
-25.485077
6.140576
13.230940
16.041927
16.944962
18.130709
23.176542
8.300574
12.012306
16.078602
20.340199
16.558767
14.351028
19.624338
35.112270
29.655752
15.139076
6.898174
14.679403
13.764507
-2.277077
-0.907510
2.858549
7.778668
3.532624
-1.286044
2.870526
2.159409
-1.594191
-9.909220
10.033395
7.659022
0.244546
-31.406456
-30.643147
-30.542707
-17.389990
-22.235973
-22.161650
-24.502218
-30.286697
-32.949944
-25.844856
-25.745001
-16.027943
-22.611467
-7.197118
-21.221231
-30.841068
-22.657593
-9.346704
-15.124956
9.391965
-5.600419
-12.690939
-16.398726
-28.450891
-39.501785
-30.746304
-22.494066
-28.816975
-42.057236
-37.908989
-41.901936
-55.622108
-39.541698
-23.531296
-19.530409
-48.493992
-10.490541
-9.179490
-4.709766
-10.620194
-14.682625
-28.404282
-37.501240
-29.237642
-22.486858
-25.501095
-33.005699
-24.007404
-33.412319
-25.866335
-30.118715
-31.094353
-12.939951
-9.485406
-9.033907
-15.269739
-27.164333
-1.322902
-7.995679
-11.544817
-7.919908
-49.895313
-36.457279
-25.757450
-37.233833
-35.646339
-26.288689
-25.332767
-24.722460
-16.042034
-20.779556
-10.876276
0.863121
-0.260405
-11.149807
-5.845131
0.259891
-8.801061
-27.646652
-19.896364
-37.298038
-33.613701
-30.509916
-11.060517
-23.253538
-30.841909
-36.852882
-19.349966
-27.579996
-26.187881
-9.189952
-22.762730
-43.648071
-30.855627
-41.481300
-38.433193
-41.822346
-44.216053
-43.840740
-47.716980
-30.567677
-32.795467
-48.531868
-42.442291
-4.329102
-6.660180
-15.812088
-22.027002
-15.573149
-6.004140
-15.899163
-16.002972
-26.891029
-38.525646
-42.193779
-41.445320
-43.096752
-55.425793
-61.641800
-19.233932
-20.921566
22.295225
13.903997
-17.648779
-4.228937
42.358227
24.787132
14.794210
10.125901
-0.092465
-2.698946
-19.894970
-19.545612
-20.719759
-16.894487
-2.134013
13.430834
-12.357139
4.017447
-40.875465
-14.458815
-3.549240
-30.934889
-22.139843
-22.445488
-25.419678
-27.241329
-42.398041
-6.294871
-8.670888
-7.999746
-42.381779
-44.205894
-46.653778
-35.580940
-46.012886
-19.519125
-21.375818
-6.559614
-11.120694
-4.958595
-8.760509
-0.947684
-8.833561
-7.096204
-4.343479
-1.846706
20.824209
-8.381766
-2.370550
-24.239716
-33.984520
8.372430
4.388084
-2.691394
-7.969370
11.872986
-12.742903
-1.356662
-13.844179
-18.546535
-29.074272
-35.683159
-37.343620
-18.330959
-26.161961
-39.626118
-19.134884
-26.937410
-29.004686
-25.219736
-18.644094
-55.982864
-25.324450
-24.037249
-20.876940
-27.282936
-37.224277
-31.070993
-26.012747
-31.521296
-32.705933
-29.291014
-32.771389
-19.431118
-19.327421
-15.527114
-16.561676
-36.786671
-29.752495
-25.377905
-11.109508
-20.158352
-24.087624
-20.561647
-12.897072
-8.080322
-18.607393
-19.609343
-26.103273
-38.098480
-33.456760
-15.906267
-17.576416
-18.525032
-26.258175
-10.437034
-7.661172
-16.342043
-23.801222
-18.273214
-1.131682
0.952858
-3.242359
2.048080
-44.023697
-43.086605
-40.214851
4.004098
4.455966
4.612906
4.970461
8.480606
10.239421
15.154005
4.106409
13.036695
14.897824
-22.876942
-21.863785
-18.160448
-16.519869
-17.923565
-19.680355
-25.460857
-27.054531
-26.200153
-25.768791
-24.132870
-27.588598
-21.976091
-14.508986
-16.095892
-36.794071
-43.701027
-45.737041
-46.999809
-4.762496
-5.502173
-7.260303
-5.499044
-11.597362
-14.170774
-12.874271
-15.563388
-14.060130
-10.994843
-7.796126
-14.916009
-27.959713
-37.319313
-40.185612
-40.597885
-22.797434
-24.816423
-24.391504
-15.968903
-21.760735
-20.885761
-19.563457
-14.080182
-13.932863
-6.374688
-13.454525
-7.292475
-25.277073
-43.192276
-38.316196
-43.891914
-31.649105
-26.814320
-19.608377
-16.884129
-14.297195
-13.920624
-18.002542
-14.543311
-12.577508
-17.452423
-41.924442
-43.025494
-37.115726
-44.377621
-46.878696
-52.662983
-56.654297
-45.053436
-36.941998
-30.985012
-23.324068
-28.849104
-23.151440
-33.677444
-30.704885
-33.207027
-38.837486
-44.804756
-35.117302
-27.421717
-26.623898
-34.521313
-17.671141
-19.475468
-12.839741
-15.630896
-11.358143
-18.509010
-7.094923
-9.182932
-0.511548
-1.930400
-18.325413
-18.694645
-11.065254
-15.576223
-19.093155
-24.478054
-8.701279
-22.419872
-15.843791
-25.119989
-22.940290
-17.497528
-13.311335
-8.568474
-11.089644
-16.373802
-36.411472
-31.693121
-32.751518
-30.808861
-39.059345
-47.102558
-43.719608
-17.891172
-15.316565
-11.930676
-12.487871
-11.428132
-18.712654
-19.927210
-20.687063
-15.796929
-6.890984
-8.226473
-12.820417
-1.712769
-10.608597
-14.314590
-25.920738
-20.939066
-23.099810
-13.715866
-15.558660
-16.667509
-17.905275
-17.094746
-18.677687
-3.742226
1.275421
7.130494
6.540259
6.296337
3.620404
1.709964
-7.794239
8.826569
9.692240
14.410158
-4.305133
9.035150
-23.516373
-21.463289
-33.128513
-18.624203
-15.134377
-30.098881
-34.786903
-31.466417
-32.960171
-33.540894
-36.015610
-12.571873
-17.269249
-25.116951
-39.795742
-45.471756
-49.016407
-47.622463
-34.318005
-8.539381
-11.176780
-24.221485
-28.493176
-25.177935
-20.500519
-26.788843
-29.507151
-7.805774
-2.057894
-7.497548
-28.968317
-19.585457
-41.117702
-41.464172
-34.359467
-27.722298
-32.010662
-30.488226
-25.557013
-19.038389
-22.321049
-12.863853
-9.657306
-6.807218
-7.181609
-9.544894
-13.250074
-22.169426
-44.396763
-35.636047
-8.683893
-17.715868
-17.285069
-20.043442
-20.389296
-34.211128
-30.675774
-5.535120
-7.321784
-11.272688
-12.755811
-8.484731
-0.227099
-36.988010
-59.816402
-66.177734
-28.942844
-45.003067
-41.577442
-50.929256
-38.251102
-66.912811
-57.213062
-39.385017
-33.270424
-32.606983
-31.139782
-32.454037
-32.256351
-44.342251
-37.148731
-35.909260
-22.801586
-30.983274
-23.008867
-22.988138
-25.238621
-33.948910
-27.010841
-21.438593
-15.321296
-21.109337
-20.106361
-16.968845
-7.486372
-12.700615
-3.534873
-6.646757
-13.586507
-19.493731
-19.841909
-14.473261
-21.394814
-7.814775
-4.542986
-6.618665
-5.527110
-12.546901
-10.016756
-13.735877
-12.925518
-28.884214
-24.304173
-24.081652
-22.304417
-40.626534
-31.586432
-18.624746
-20.714949
-23.590881
-26.172333
-27.582207
-31.946569
-41.818661
-35.809643
-33.319881
-35.992107
-44.878075
-43.004864
-43.452053
-41.137836
-42.597748
-43.253059
-50.766312
-49.924164
-51.681335
-55.325829
-50.537136
-52.254910
-68.881302
-72.816040
-68.998276
-47.871861
-56.921097
-60.480656
-53.210674
-45.341064
-45.236881
-46.226521
-48.074947
-42.162018
-43.376209
-54.328613
-54.902020
-43.044048
-44.104019
-50.805099
-62.159466
-49.957489
-42.241085
-47.432781
-37.402466
-32.252544
-30.483620
-29.619650
-34.279404
-30.028988
-24.818686
-29.604950
-27.762461
-23.137142
-29.147917
-37.287594
-41.473270
-34.619564
-39.719139
-42.164909
-40.241768
-50.131535
-24.579073
-19.386328
-40.029926
-36.998165
-31.568386
-33.042007
-39.640266
-39.422421
-52.192726
-55.941257
-42.666592
-32.355659
-35.634415
-46.674343
-41.490543
-41.675930
-50.250748
-36.198895
-48.216766
-44.527042
-45.539757
-49.237202
-35.900467
-32.856651
-31.051451
-32.377918
-32.472683
-28.972778
-29.651308
-48.567429
-41.980282
-27.139166
-45.563091
-46.696262
-46.472755
-47.150211
-55.721558
-63.573601
-46.419853
-40.818314
-46.017342
-14.443567
-29.573528
-12.982410
-12.659445
-35.890572
-24.933546
-30.142464
-48.015068
-51.457142
-53.889328
-41.907425
-58.375298
-74.285240
-52.404575
-46.995090
-63.208004
-65.707314
-47.526497
-46.007538
-53.586628
-59.290459
-56.076447
-69.971100
-79.197014
-68.366203
-55.481060
-52.676773
-61.518341
-77.438774
-49.171005
-55.306572
-52.254486
-57.038582
-38.482960
-41.043270
-53.243954
-47.893150
-51.750359
-67.287926
-59.354599
-53.886040
-28.217285
-21.802494
-53.807976
-71.883408
-54.606911
-50.120800
-35.449226
-30.796324
-29.643513
-36.767399
-45.440338
-42.906116
-41.031963
-51.639198
-50.410973
-52.324512
-27.927263
-39.835571
-69.602310
-68.018127
-67.270607
-54.166489
-64.666061
-62.084667
-73.958321
-81.989555
-90.460587
-85.865913
-62.835270
-58.401867
-47.534023
-48.336300
-49.048805
-53.778572
-53.468800
-57.368912
-67.332001
-68.601959
-62.585293
-68.250771
-69.419983
-84.749184
-90.362976
-97.015175
-79.198074
-66.272629
-43.167156
-48.396572
-50.211235
-47.327934
-47.810658
-49.101730
-53.826275
-50.335266
-59.308842
-74.231659
-49.650856
-50.583809
-53.870384
-50.055534
-53.711750
-39.516129
-39.433018
-43.822918
-45.922501
-41.696774
-40.329735
-46.345646
-53.908211
-36.594486
-58.209759
-46.900406
-33.033211
-46.616261
-72.600563
-58.259937
-63.564034
-52.496086
-55.308136
-52.798023
-48.745865
-56.211060
-65.421753
-63.400597
-67.087692
-53.541176
-59.637897
-57.655502
-36.096897
-55.302330
-75.524498
-83.866051
-69.332458
-57.171024
-65.614281
-67.012367
-62.616772
-70.429070
-76.579712
-75.815254
-63.930462
-38.776833
-48.199417
-59.666954
-40.793537
-33.052616
-32.864334
-44.816570
-42.508442
-29.846895
-41.051777
-37.907513
-32.239872
-34.324696
-39.864994
-49.858814
-55.031013
-35.884056
-38.214611
-46.317272
-23.365788
-22.828781
-16.750547
-16.653034
-20.067846
-14.509886
-22.087152
-29.054714
-24.744207
-38.794842
-40.973133
-48.594196
-56.538830
-38.984837
-30.047987
-44.766193
-10.443854
-11.355430
-12.409209
-13.151108
-15.337187
-18.191359
-25.705631
-14.931964
-14.949476
-15.611318
-20.592607
-18.565544
-18.887577
-20.065735
-18.443285
-18.879959
-31.408878
-32.050579
-34.070507
-36.459866
-38.685650
-43.854237
-53.731834
-47.246269
-44.777149
-45.846245
-47.963390
-45.404995
-44.226780
-38.620491
-35.322525
-36.081696
-42.516827
-41.790745
-44.962978
-46.678196
-48.899719
-49.025227
-58.455490
-46.084274
-48.322922
-51.753841
-54.537804
-54.909397
-54.796883
-46.020061
-46.116890
-43.701859
-45.766453
-47.606335
-52.403133
-52.181576
-53.257286
-47.820572
-59.221771
-48.490002
-48.895214
-56.276985
-64.728882
-58.139328
-63.187565
-65.637039
-55.072468
-52.164017
-55.690830
-61.387943
-67.390060
-67.816994
-73.116951
-69.537201
-85.570969
-78.561707
-72.174873
-76.884537
-82.558159
-79.592651
-84.199577
-80.743431
-64.460625
-58.525921
-54.706486
-57.890503
-66.001137
-63.640469
-66.576042
-57.311550
-62.938019
-61.401741
-60.837696
-55.530228
-63.886002
-62.466316
-70.096893
-62.900814
-62.791977
-54.274483
-55.477890
-59.414463
-72.875618
-55.633530
-51.680733
-44.624390
-48.143448
-45.193344
-41.698765
-40.332161
-43.880619
-50.451153
-54.905491
-54.808659
-46.639038
-40.154491
-52.469635
-51.008305
-51.881947
-44.221386
-45.229836
-44.738468
-53.212364
-52.137924
-58.230484
-58.362076
-56.046833
-57.129570
-67.125229
-64.562180
-55.928493
-46.207825
-54.461411
-54.000504
-57.035625
-51.971035
-50.442860
-51.767330
-59.501228
-67.332649
-53.735584
-46.625065
-48.205597
-50.016850
-58.944065
-60.385494
-70.095421
-60.948532
-62.989491
-56.793533
-58.161118
-54.304455
-57.284523
-53.534142
-49.163357
-48.147652
-46.361427
-42.009712
-43.428909
-44.438793
-48.764103
-50.422405
-54.083378
-53.459244
-57.022789
-51.322449
-59.469036
-63.031345
-58.709190
-69.068542
-68.526497
-61.901955
-60.212940
-59.939804
-62.424004
-65.115578
-67.131241
-70.695274
-66.169876
-70.749237
-75.387215
-65.989105
-67.804741
-78.837860
-78.079819
-68.567947
-68.411140
-72.644646
-65.699036
-63.934208
-64.701324
-74.209572
-70.960945
-71.578156
-72.407944
-77.286476
-79.900658
-67.432686
-73.965240
-72.029320
-76.738365
-70.779266
-61.382164
-71.257706
-61.894279
-56.549816
-54.574528
-62.571152
-60.179924
-53.921360
-56.578224
-63.739010
-65.289627
-57.181335
-64.152946
-74.654160
-79.671906
-65.794655
-66.572220
-69.070854
-68.282005
-66.603203
-74.768166
-77.739815
-77.471130
-70.341957
-73.865845
-80.868652
-82.489113
-71.071960
-85.023003
-91.656769
-97.108551
-71.070778
-68.712975
-80.257469
-72.255707
-73.022781
-81.417114
-80.608032
-71.598686
-69.497627
-65.266968
-66.408516
-71.771866
-64.690437
-73.707329
-77.314728
-81.992424
-66.690720
-63.087227
-67.287224
-66.165283
-68.927017
-67.811523
-71.784447
-71.590538
-58.579296
-60.402367
-61.021870
-58.560604
-50.259190
-57.252403
-63.227940
-69.333992
-55.079750
-51.736908
-56.261620
-51.968391
-48.857380
-53.220375
-50.984314
-48.186405
-46.206852
-44.198967
-44.656670
-44.382767
-46.618633
-61.369751
-70.038048
-76.394371
-71.697571
-67.471123
-66.797188
5.406662
5.556695
5.788038
5.522178
6.277489
5.536909
4.563391
9.682507
6.338658
6.335061
-6.739060
-6.251659
-2.324890
-2.158881
4.580341
1.019700
3.215739
2.503717
1.741945
1.616602
-0.183632
-1.586896
-0.587555
13.353855
5.440021
-2.509386
-3.008940
-3.465574
-4.859978
16.814753
10.843325
9.120819
9.676954
6.335655
-0.441517
-2.249047
-8.004571
-9.966379
-13.210705
4.751602
-9.873054
-5.516665
-23.614172
-24.817026
-19.745821
-16.188343
-27.807590
-30.938467
0.144707
-10.602552
-20.849173
-17.305874
-12.025427
-11.192878
-15.727118
-35.751804
-14.763926
-25.195089
-60.038502
-50.015301
-50.405193
-35.268940
-51.562168
-50.175732
-42.292988
-41.208237
-53.775124
-52.698334
-42.642006
-42.881161
-50.178127
-78.202690
-57.590458
-55.203373
-73.338593
-65.807144
-60.671272
-66.711159
-34.281853
-32.827831
-26.915651
-28.647718
-32.648075
-28.642618
-52.157207
-44.529037
-33.378448
-26.406363
-42.224815
-64.986732
-57.022346
-62.807861
-61.107563
-56.328545
-4.713583
-6.506508
-15.723538
-26.074917
-38.021748
-5.869320
-33.804314
-27.794344
-21.876364
-54.855446
-37.895515
-44.122456
-33.845589
-35.293713
-38.982998
-22.461809
-0.113063
4.665075
-27.471241
-28.976873
-11.267609
8.203955
-10.337015
-14.365638
-16.347498
-22.633102
-35.937202
-34.766304
-23.069513
-27.219631
-30.132484
-49.992500
-11.245626
4.920533
-27.697605
-31.693964
-2.007139
3.959836
0.096215
-6.062247
-16.881357
2.297504
-30.380966
-28.228100
-19.453165
-12.049698
-24.255938
-12.114621
-31.828735
-22.268536
-44.194202
-33.131329
-7.532768
-1.386984
-12.015999
-13.885717
-14.010221
-3.765916
-13.442322
-2.282341
-3.077363
-3.948230
-44.363457
-32.393780
-18.204397
-7.699375
-20.400978
-6.192966
2.990798
-21.802410
-18.975863
-25.767138
-14.988416
-38.786346
-25.896284
-19.331242
-22.383516
-25.454985
-43.233292
-46.520554
-40.906013
-37.614643
-35.712105
-27.082785
-43.280853
-47.851002
-43.778030
-27.066658
-28.425856
-12.322096
7.306287
7.981934
11.370094
11.102498
-13.096152
-19.500662
-28.257654
-31.613693
-28.272158
-14.708978
-40.084648
-65.355537
-62.513153
-40.952175
-52.792343
-66.579880
-39.591419
-5.602535
-11.048041
-15.761627
-5.222312
-0.338580
-15.750111
-15.577555
-4.148032
-23.741322
-3.321314
-41.776249
-32.129887
11.784130
-23.499777
-31.407467
-42.263142
-23.783958
-30.429913
-47.878574
-22.160669
-15.881030
-31.020521
-31.416704
-23.681822
-22.131115
-46.367260
-56.280724
-64.818031
-57.609478
-31.251669
-38.691608
-61.352661
-45.380928
-62.512959
-45.033825
-60.598351
-53.294758
-48.817505
-45.144421
-52.857349
-47.325920
-57.794056
-57.212631
-75.827141
-46.573265
-54.561283
-58.753990
-71.883629
-67.771439
-70.254555
-47.212673
-53.595272
-53.060673
-48.416683
-43.492867
-44.321823
-23.092972
-38.508064
-40.146942
-34.029846
-37.248341
-51.864208
-53.909046
-51.048840
-60.179844
-49.678089
-36.853413
-38.919769
-44.808189
-49.193844
-42.023365
-43.475834
-14.138882
-32.983776
-37.318840
-26.639095
-36.217751
-48.318203
-39.925064
-5.965008
-6.535395
-7.353596
-8.104007
-8.764138
-9.429004
-11.672281
-10.992742
-9.822230
-10.244230
-8.662960
-7.219652
-7.596531
-7.052997
-8.144571
-7.118987
-17.775496
-17.447395
-19.558931
-19.845625
-22.262428
-24.684523
-33.392601
-25.391882
-24.909683
-31.458706
-34.639229
-31.370926
-32.265869
-28.033800
-25.657129
-22.846754
-38.141903
-36.486691
-33.030991
-37.112473
-38.812225
-40.242840
-44.631248
-42.200649
-45.253284
-41.711372
-29.273279
-26.694897
-25.623062
-22.830862
-22.085369
-23.623722
-27.115505
-24.852148
-22.685307
-24.162691
-26.636776
-25.909252
-31.377901
-22.316174
-29.851330
-30.250364
-23.239067
-18.882723
-22.798632
-36.767361
-31.811834
-27.100790
-38.451275
-38.555737
-39.925625
-36.496243
-44.295414
-46.251587
-50.673210
-39.930820
-44.688854
-47.829952
-44.815765
-43.371380
-37.856716
-33.989998
-37.600281
-37.538071
-33.323406
-33.229446
-34.668293
-33.614235
-29.315708
-29.075014
-28.871035
-33.724724
-33.091114
-37.240311
-37.780781
-42.579945
-43.050449
-44.862972
-47.222206
-44.045029
-41.881218
-38.134815
-45.881283
-46.823200
-41.893517
-33.341793
-38.094090
-36.975529
-34.581497
-33.508823
-34.672749
-31.097689
-30.299717
-33.294846
-30.945923
-28.061798
-24.211529
-27.987423
-35.583916
-38.097584
-32.924957
-32.689865
-31.191002
-28.233469
-21.436352
-29.174080
-37.083996
-32.342506
-32.716614
-40.159790
-34.921532
-35.832935
-32.926617
-37.574219
-41.508747
-38.487385
-39.032070
-43.125355
-44.918987
-46.885387
-29.705656
-30.671196
-30.662064
-32.710991
-30.249943
-31.985373
-40.782604
-37.707253
-36.931847
-33.467422
-35.787495
-37.453537
-29.751169
-38.036995
-32.796837
-38.831108
-30.458408
-26.351467
-35.408997
-36.862282
-40.114861
-40.546589
-42.616051
-38.756660
-40.312771
-41.533558
-47.972569
-45.096146
-42.173279
-48.882698
-48.153675
-37.368866
-37.818623
-37.999344
-41.955406
-44.723301
-44.348335
-43.613201
-42.382278
-43.936306
-46.412830
-49.964825
-55.583359
-59.096825
-57.783455
-52.223309
-53.676708
-60.461323
-45.300957
-50.689655
-56.533592
-59.414886
-62.197918
-57.058247
-62.611347
-60.441296
-63.942680
-58.366051
-58.934196
-40.301716
-48.869720
-48.432819
-45.535355
-47.599903
-42.061237
-43.964783
-38.701202
-38.719303
-39.249149
-37.516430
-38.006348
-36.880501
-36.959274
-33.706783
-35.858929
-43.702595
-36.372616
-50.601688
-40.292622
-45.153683
-36.336952
-39.119595
-52.263359
-52.083694
-54.342102
-54.565472
-50.321301
-50.190495
-48.982491
-49.022469
-49.938442
-50.285351
-54.180908
-42.643559
-39.908455
-43.405766
-38.588043
-41.714886
-42.948666
-46.014717
-37.556103
-38.726707
-36.327030
-42.370079
-37.603783
-39.393578
-39.763599
-43.312294
-44.777004
-37.720860
-37.493828
-38.870850
-39.253174
-41.094982
-42.702168
-51.087902
-42.111954
-39.228912
-38.862919
-39.961529
-35.293880
-38.733402
-39.957096
-40.835148
-40.888103
-47.498196
-40.027302
-49.391975
-35.493507
-41.348324
-37.123203
-38.556705
-33.440910
-36.229313
-31.781122
-39.984200
-41.365021
-44.692051
-41.143497
-46.662067
-48.847240
-34.740612
-34.321423
-38.405369
17.216648
18.869677
20.515427
22.225714
28.979952
34.108032
46.357643
13.126588
34.594349
36.880352
5.294699
0.083597
4.702588
4.011076
10.620302
3.827503
4.307763
6.160389
4.653623
3.563062
5.233315
5.663708
11.874939
2.910292
5.440988
8.326488
6.671987
0.374328
5.164461
30.295650
21.919533
14.726786
9.404948
8.143186
6.484891
6.087462
4.856548
7.253496
13.949113
13.803618
-5.224812
-5.663414
21.071997
19.240311
26.782078
22.485580
15.511391
8.374390
11.175306
9.781773
9.147076
4.623076
7.371553
-2.549533
6.252085
-18.511755
-0.824592
-3.808871
-18.983524
-10.077579
-0.798696
-19.534788
-20.537806
-25.854746
-18.967690
-15.756041
-17.145716
-29.805223
-15.158622
-17.071302
-11.049211
-47.892616
-42.288967
-37.090874
-43.508266
-38.774876
-28.976397
-36.673100
-43.779236
-42.614704
-34.507320
-29.151249
-26.482071
-28.320583
-41.973701
-35.431419
-23.074062
-26.162519
-34.598164
-33.240246
-28.074230
-27.375307
-10.892016
-15.480895
-13.686476
-13.471458
-9.553140
-10.100681
-16.237953
-18.660519
-25.689541
-21.953352
-14.726647
-23.811646
-15.630061
-14.168908
-18.652576
-22.514662
-26.552719
-16.128880
-21.303621
-22.413668
-30.118589
-23.631495
-20.454912
-33.851009
-31.243958
-24.140860
-43.220894
-46.246689
6.317510
8.172869
-14.644122
-21.635256
-25.386333
-16.983728
-8.905385
-8.311499
-6.542578
-5.285812
-7.463826
-2.307380
-7.238837
1.593910
-2.306539
23.806183
23.038321
25.167765
19.176493
13.599924
18.236481
11.218693
8.183799
-2.070949
-0.501249
0.492440
-5.618958
-11.979627
-0.759080
-5.453023
1.769913
-2.939633
18.177271
27.349442
31.657484
18.696512
19.209232
18.147604
18.915499
19.912437
29.669979
5.483114
11.665518
-23.578974
-28.668415
-41.337765
-28.012083
-36.388817
1.732665
4.173213
0.690424
0.891762
-11.026608
-18.760742
-14.235420
-8.048476
-7.098742
-13.870412
-14.471437
-5.393081
-23.176943
3.039248
14.892241
1.797895
13.820768
14.348037
6.031853
28.831518
1.370144
0.594636
-2.990589
4.518523
1.115735
8.614023
8.532630
1.682856
-5.080231
-4.436530
-15.271268
-16.943661
-5.161197
1.219662
-2.626546
0.279286
-8.306502
-16.465029
-6.572752
-7.445456
-4.483036
-19.068300
-11.538925
-41.188496
-7.151596
4.315549
-40.242634
-30.290422
-26.666584
-21.331881
-43.197098
-35.448605
-28.466949
-33.875229
-33.249199
-35.025280
-28.616810
-21.065651
-39.117310
-44.137703
-46.668873
-27.219128
-46.371025
-38.972141
-31.576689
-29.355783
-49.764210
-64.700172
-61.971642
-40.899605
-39.124733
-28.159029
-41.813858
-30.303371
-25.685293
-20.242096
-30.888527
-35.842991
-40.977348
-45.952805
-43.547226
-28.617165
-39.073227
-33.726593
-33.935642
-27.838306
-33.794289
-30.701916
-34.663670
-25.384823
-19.774054
-19.567513
-2.887662
0.825922
-27.097694
-18.553665
-18.187616
-10.426018
-15.549095
-17.317215
-5.880905
-8.844220
-26.288260
-22.248299
-21.394186
-36.648262
-47.148666
-41.518925
-48.293571
7.853106
-3.627662
-18.386564
-5.593734
-6.165699
-6.865563
-7.647428
-8.724413
-9.675887
-10.898456
-15.799260
-13.115093
-13.363718
-6.733365
-7.045597
-6.420987
-6.975266
-1.770878
-4.405696
-13.146772
-11.922036
-12.324997
-12.662714
-13.898743
-15.505488
-22.860830
-16.786245
-16.689180
-17.595451
-19.700182
-23.971920
-21.207533
-25.365175
-21.200104
-18.540827
-27.896265
-26.137564
-28.200823
-27.780512
-27.301382
-23.952221
-32.985657
-32.821171
-31.636059
-29.991617
-33.643604
-35.085617
-31.997950
-28.276003
-22.597448
-21.797623
-36.537956
-36.251225
-36.438942
-36.739796
-39.164108
-41.582855
-48.709919
-38.988918
-38.538681
-41.114986
-36.513817
-39.833805
-47.468998
-32.128128
-38.362801
-35.663586
-37.828148
-41.488857
-49.475521
-51.392590
-53.206631
-49.500172
-58.735844
-50.029835
-51.486855
-59.157486
-57.975647
-56.311020
-60.246849
-50.093136
-50.132065
-49.947636
-42.027584
-43.921970
-50.154137
-46.032017
-40.108551
-34.074322
-40.872940
-41.381172
-33.343864
-35.867432
-43.191910
-48.346058
-42.868961
-37.187794
-42.087345
-35.004498
-33.030712
-32.527554
-36.204258
-36.690952
-42.413654
-33.000401
-28.976496
-32.701248
-36.760262
-39.124634
-35.197384
-36.441120
-37.372009
-44.742702
-27.912584
-24.661507
-26.122211
-26.229031
-34.323273
-22.838852
-30.835579
-28.143394
-37.376862
-39.754570
-31.984058
-30.306173
-37.923595
-36.493462
-39.546799
-27.451332
-37.378391
-34.823780
-43.683811
-41.038548
-41.601967
-36.828621
-35.469273
-30.633474
-37.042343
-40.247898
-30.378279
-27.789402
-30.981560
-37.623520
-31.005657
-29.602865
-32.121304
-28.852137
-35.539402
-37.027569
-32.003139
-30.904873
-27.090195
-32.780781
-34.922798
-47.954998
-33.929932
-35.850784
-36.638588
-43.224602
-38.911560
-40.722889
-38.819668
-38.950432
-42.211308
-39.123852
-34.786415
-40.293949
-37.474438
-32.652843
-40.725834
-33.172989
-29.733000
-27.840334
-32.632401
-32.956589
-42.645638
-43.060455
-50.461002
-46.711960
-49.276001
-52.904629
-46.029892
-44.567101
-46.901402
-50.625462
-48.199020
-62.500183
-45.587330
-50.138142
-54.152939
-51.785400
-61.786854
-54.093964
-54.762215
-50.741444
-48.698250
-55.525345
-50.289917
-60.770237
-60.253551
-52.875729
-49.976181
-49.590672
-42.738686
-45.740360
-45.458836
-44.671215
-45.064846
-44.775776
-45.851730
-48.432362
-52.675549
-38.630222
-49.329010
-50.182785
-54.536499
-44.503178
-49.452255
-59.605221
-50.744625
-44.521248
-45.182148
-52.744236
-50.514946
-50.508457
-53.088253
-54.945023
-56.569538
-56.340240
-58.498402
-67.351952
-69.511803
-43.500488
-58.231575
-60.512066
-61.607552
-57.040936
-53.732735
-57.970901
-53.935287
-47.290310
-44.349636
-44.414185
-42.783382
-47.477242
-48.965256
-52.859688
-57.104897
-40.074100
-38.496662
-44.971497
-50.024048
-43.543835
-44.064915
-49.912258
-47.152988
-38.399223
-35.949825
-35.068489
-35.630409
-34.026829
-43.270378
-42.306538
-51.479713
-45.079590
-41.433285
-39.794254
-38.219604
-41.881706
-47.470470
-47.041264
-35.815197
-36.016220
-40.718140
-38.780128
-36.923340
-42.124325
-44.117065
-47.634247
-43.458862
-42.026257
-43.306446
-54.369469
-14.361879
-15.753607
-17.704533
-19.102898
-17.775543
-18.642103
-21.127199
-41.306087
-30.285227
-35.118637
-27.902008
-30.882267
-29.437777
-30.761532
-27.626232
-33.967613
-30.230993
-29.254545
-26.565735
-29.312910
-25.005999
-24.343472
-32.061092
-42.096172
-32.750790
-23.986593
-25.003056
-30.132900
-21.722731
-28.916327
-23.016499
-26.697361
-34.470963
-33.281162
-32.570312
-35.939236
-42.228142
-34.973484
-33.094296
-24.947231
-47.089371
-42.912674
11.065316
11.367048
12.230698
19.832809
21.543163
19.645912
10.659143
8.014781
10.050503
6.648944
4.484100
4.455132
11.293141
1.470238
4.176711
-6.625775
13.007434
12.342517
-0.491757
8.678211
-1.080086
-3.755939
11.090319
1.429580
-12.051883
-17.902433
-3.192884
-2.754049
-11.718235
-14.991328
-5.279229
0.050027
-20.094845
-13.121450
1.961766
-4.676884
-56.934399
-43.657928
-7.060862
-10.902825
-33.191078
-40.309982
-26.920561
-9.404258
-13.394060
-15.188122
-8.567258
-16.119516
-29.373657
-29.721844
-13.843011
-18.039001
-38.034737
-26.429028
-11.108307
-5.886616
-31.027630
-30.212845
-29.464430
-16.864677
-17.548645
-11.804621
-5.422511
-5.112889
-16.584833
-14.871399
-11.989760
-32.047077
1.617462
-1.955174
-16.453129
-15.980478
-30.788292
-25.913076
-36.958477
-25.054966
-28.424070
-65.714188
18.175684
19.295975
-12.947161
-10.880731
-19.488482
-11.113382
-13.422826
-10.539845
-18.503193
-25.004660
-24.380882
-13.051517
-22.972260
-27.385111
-28.817921
-30.021126
8.969361
-3.494889
-3.411308
-10.276405
-6.599525
-15.833749
-9.415058
-7.234464
-22.345755
-22.985207
-5.547781
9.973536
3.385663
-3.532045
-7.123250
5.125751
-25.465490
-24.749201
-16.799435
-22.028643
-20.621769
-27.110554
-33.487183
-31.376345
-35.104259
-72.957428
-42.429138
-37.670639
-43.250793
-21.020758
-44.235348
-28.898802
-37.308212
-25.284121
-24.027672
-20.017494
-26.714775
-25.188486
-24.054609
-19.850687
-24.679539
-46.124821
-11.179691
-18.395630
-33.339382
-49.325989
-21.789982
-3.544543
-21.649696
-26.299261
-27.790071
-26.635218
-43.809654
-44.695412
-31.570745
-40.465721
-54.890507
-12.093540
-4.117836
4.850620
-0.956550
-14.900886
-13.703424
-13.505528
-5.001223
-9.226240
-6.963347
-8.238860
-7.483152
-12.360088
-4.698702
-9.035790
-15.733787
0.522150
-6.371223
-12.778968
10.776969
-25.755274
-25.317995
-34.057060
-22.260815
-23.171774
-19.532932
-30.129745
-15.132219
-18.808262
-26.006485
-26.823393
-17.043581
-12.425668
-30.829912
-17.084105
-9.276370
-12.960608
-12.367793
-16.244688
-5.688008
17.680914
4.140661
-29.025036
-21.594301
-0.425887
2.048403
-6.093527
-8.468270
-6.644220
-19.958769
-14.322672
-32.493885
-11.049429
-10.805798
-5.873844
-24.769346
7.274780
-2.744938
-8.038850
-17.018158
-12.582066
-6.764865
-13.614865
-20.673464
-24.914999
0.512425
1.901516
-4.574574
-7.238250
-10.569158
-0.579460
-11.388732
-11.462675
-21.507578
0.233017
-6.116840
-11.022803
-18.734419
-30.829308
-37.986053
-43.829662
-16.614405
-18.483088
-24.494251
15.818996
8.340353
-9.707636
-6.009491
-6.580056
-7.416352
-7.926291
-7.832206
-8.272660
-9.372548
-10.666425
-7.721735
-6.621622
-10.877717
-9.934473
-11.075924
-11.402000
-10.238811
-11.052745
-16.111994
-16.292122
-17.690660
-17.341967
-19.195354
-22.377760
-26.693453
-20.077303
-23.074848
-22.313768
-24.731192
-28.265444
-27.789841
-21.953781
-17.773943
-15.797380
-26.627449
-26.658432
-30.145203
-32.919151
-34.598545
-33.747131
-42.518562
-32.924690
-37.350960
-39.229008
-37.419487
-34.458851
-33.862461
-30.956240
-28.512047
-26.205145
-41.036991
-39.865433
-40.846073
-38.868950
-40.281197
-41.127544
-47.759670
-47.074860
-41.715317
-50.218391
-50.499096
-47.080437
-55.795223
-57.196037
-45.941051
-41.321293
-43.037312
-45.176487
-46.316727
-50.649063
-57.966530
-55.390587
-52.862530
-52.816303
-46.993866
-39.507687
-41.786934
-40.188084
-48.369858
-45.079468
-36.530560
-32.440361
-36.799503
-37.041332
-45.628120
-35.006027
-39.572575
-36.101250
-39.793758
-34.485260
-40.197430
-45.426563
-42.053425
-48.939472
-44.261406
-37.541718
-34.416924
-29.609480
-38.010227
-40.810139
-40.676399
-35.917171
-34.651108
-32.823502
-34.424377
-31.897013
-34.433220
-29.951893
-39.142059
-42.782784
-44.896709
-40.289356
-34.992954
-33.545784
-39.059143
-35.704632
-41.116016
-39.454998
-34.295952
-32.274433
-43.337254
-36.707352
-30.362242
-32.622818
-36.704102
-30.255987
-43.142658
-51.541950
-48.804581
-38.822296
-36.991718
-37.580208
-37.792336
-34.949364
-36.425896
-34.831364
-29.745964
-32.130669
-31.406084
-31.321383
-32.191525
-30.441767
-32.961914
-37.933128
-32.228256
-29.398540
-27.886105
-33.664143
-36.802193
-38.560730
-36.347557
-37.392406
-30.538719
-32.240131
-26.869806
-29.198195
-32.547691
-37.139221
-31.381237
-34.947010
-44.213783
-43.070465
-42.957626
-35.908802
-40.707657
-43.992710
-42.476120
-46.325588
-44.343300
-61.787312
-49.502243
-39.916729
-47.464642
-46.443439
-47.011967
-44.254242
-46.214729
-50.039753
-52.793922
-45.571758
-49.538731
-54.785870
-56.954651
-46.236843
-56.084236
-55.693539
-48.426777
-49.386860
-54.447144
-58.228001
-53.669624
-52.552147
-56.990532
-59.117973
-60.459789
-51.559288
-53.855110
-61.520565
-57.976795
-47.590366
-53.414055
-54.163082
-50.618366
-48.828300
-48.956371
-56.321606
-48.400352
-48.140713
-52.019020
-56.591057
-54.326645
-60.204659
-64.911812
-54.052914
-58.973797
-38.961971
-51.962303
-55.666599
-52.323120
-48.501816
-57.477703
-59.095131
-57.070110
-51.434177
-54.120850
-54.882935
-56.564110
-37.020401
-43.808723
-50.171192
-60.270378
-55.646099
-47.048828
-53.080421
-42.997837
-55.202511
-52.943790
-49.104599
-55.180988
-50.695019
-46.993931
-45.843559
-49.068382
-49.398354
-51.602783
-55.250340
-56.968651
-50.246292
-43.030064
-47.540665
-47.050838
-43.952450
-48.490013
-44.117821
-44.592766
-43.790279
-39.651291
-41.775978
-38.628490
-34.197773
-39.443665
-42.595531
-45.000961
-39.332382
-36.697502
-33.702656
-34.592083
-42.074188
-36.060192
-35.503319
-37.146252
-32.323429
-33.197273
-35.346790
-33.636948
-42.091053
-43.342548
-45.865025
-57.274776
-44.783302
-37.117908
-46.803955
-5.388659
-6.229116
-8.057046
-9.465511
-10.108204
-10.278974
-8.489341
-21.411358
-13.823667
-13.083147
-22.815298
-21.368471
-18.315239
-18.931341
-21.352634
-23.759989
-26.124672
-33.026581
-41.810295
-42.541504
-41.142326
-41.444534
-45.914814
-61.182137
-49.001400
-46.169861
-26.893234
-30.728514
-31.495321
-16.569822
-8.888865
-7.759748
-24.052635
-24.312813
-32.334080
-35.298298
-41.785091
-36.631699
-43.239323
-35.344414
-40.992798
-49.742527
-9.484794
-13.610232
-13.610793
-27.844030
-17.212688
-11.782868
-11.380055
-15.030723
-20.560444
-18.971291
-20.861172
-11.542037
-14.116737
-11.836149
-9.252215
-14.051652
-14.105123
-14.277844
-16.346943
-31.755930
-26.575518
-24.211319
-16.874304
-24.338350
-32.371113
-33.581753
-41.425289
-35.422398
-41.569653
-48.314152
-35.093742
-35.367210
-29.960806
-29.596399
-38.991684
-34.092701
-38.898651
-39.632885
-33.408630
-39.995777
-46.288467
-49.891590
-53.455338
-42.043175
-47.553577
-34.304256
-14.323480
-38.295563
-22.947021
-24.944208
-19.465919
-8.732247
-21.806641
-27.021587
-26.639500
-25.484320
-26.118135
-31.742872
-37.189140
-35.181099
-31.179403
-15.093936
0.800183
-14.799447
-10.181376
-15.428105
-5.378053
0.014483
-0.922947
-0.184098
-4.694439
-0.643217
-4.785930
-7.139134
-20.409983
-21.484140
-28.741339
-26.894381
-24.286007
-26.292606
-8.917791
-16.203264
-18.553120
-37.288334
-2.227143
1.291907
-15.773499
-14.923802
-14.084975
-4.248939
-25.822134
-29.177797
-32.902084
-40.731228
-14.397068
-4.134883
-12.599750
-14.843222
-4.871542
0.097323
-10.093176
-15.209308
-28.420542
-31.307009
-27.910391
-29.277941
-19.572945
-14.306416
-15.978988
-25.327715
-14.046388
-5.269022
-4.886377
-8.534163
2.031449
4.907559
-16.651028
-19.266706
-34.492268
-47.846611
-18.392660
-53.286030
-51.810535
-53.360237
-50.095951
-63.114258
-49.124847
-29.562908
-34.305290
-40.588001
-47.875378
-42.966557
-51.681862
-52.171421
-48.467854
-65.380325
-56.483181
-38.417706
-54.113373
-33.610111
-27.289366
-20.370951
-23.017344
-23.392097
-24.099424
-33.361313
-40.441586
-34.312962
-47.971977
-49.481003
-44.166714
-31.193968
-40.358692
-25.163120
-38.826359
-38.813980
-45.188633
-44.551888
-37.636032
-23.531363
-30.572380
-33.539516
-33.779869
-15.192179
-20.387829
-20.906204
-19.761978
-7.887739
-19.729973
-25.680075
-25.154589
-31.285442
-54.120590
-53.632626
-52.883202
-24.962267
-21.614691
-32.199100
-22.143293
-23.647017
-27.499239
-28.285679
-31.454182
-20.467674
-49.808331
-48.486153
-51.854225
-53.090412
-40.912388
-39.110744
-47.356731
-35.053825
-37.730198
-46.416813
-52.305439
-43.814133
-41.397076
-32.160393
-48.376816
-43.646465
-32.939152
-16.326338
-41.342770
-17.942900
0.335538
-7.558340
-26.522936
-21.703531
-15.119288
-28.912001
-32.556885
-40.674973
-23.803925
-18.627659
-28.180105
-28.737358
-20.179955
-8.684363
-20.144630
-1.743804
0.996260
-0.151209
-15.887330
-4.540561
-4.107905
-7.407795
-11.317637
-18.665661
-14.924258
-14.795831
-10.608716
-23.158113
-34.071297
-35.960621
-50.949879
-34.042637
-29.833797
-38.085720
-6.984798
-7.654224
-8.636140
-9.818348
-13.485859
-16.264818
-21.714748
-12.530632
-12.158904
-11.859725
-3.485341
2.752239
7.503505
5.850331
5.298036
3.611594
9.057932
4.163647
-0.878762
-1.223562
-4.382964
-6.084249
-14.555009
-2.629747
-8.992249
-22.155975
-17.848530
-9.934412
-10.271649
-5.487102
-6.356176
-5.966431
1.847952
-0.423631
-1.518129
-2.380248
-5.021853
-6.663648
-11.846616
6.689347
3.488323
-23.129345
-23.724001
-14.089987
-15.488164
-10.503466
-19.514521
-14.420705
-8.909179
-7.535611
-8.696575
-3.738296
-6.379270
-8.184782
-20.523767
9.517384
-9.293472
-23.141754
-17.254395
-9.114351
-3.052937
-22.141033
-22.816429
-9.886859
-5.180439
-3.148315
-5.345059
0.605734
-11.220401
-13.409988
-22.344828
-11.117656
-19.166492
-22.833746
-15.176987
-3.053813
-13.505775
-4.499646
-24.634792
-14.299271
-12.523421
-3.344465
-7.410914
3.145207
11.007778
5.673593
2.447755
-1.349662
0.929949
-2.733008
-12.299295
-9.867012
-20.169321
-31.174818
-25.803928
-20.491966
-21.436697
-16.156675
-5.454026
-0.280992
-1.275790
1.437869
-6.956778
-6.322260
-8.738662
-14.818668
-41.112900
-24.685192
-23.899538
-33.657581
-19.306442
-19.566952
-17.375137
-22.990326
-26.144400
-17.437622
-28.679844
-33.879898
-36.569218
-2.242022
-8.197812
-15.215572
-33.469826
-22.657513
-31.207697
-40.530952
-28.895695
-26.102812
-29.632776
-25.594799
-24.098417
-23.680637
-29.680286
-34.970493
-23.928349
-15.280779
-14.171982
-20.502752
-33.462227
-29.564043
-32.328579
-32.865524
-22.485441
-21.414787
-25.325338
-25.771723
-12.504341
-10.611109
-17.378311
-27.543411
-26.086308
5.131341
-13.518713
-23.698738
-31.403322
-27.102253
-34.170174
-29.535757
-27.928205
-26.361048
-36.037338
-15.644736
-1.901310
9.463994
3.971469
-41.016354
-12.092699
8.007762
-9.014599
-9.026362
-17.117495
-18.106163
-17.211063
-26.301899
-26.471317
-28.210371
-33.976604
-23.545736
-31.952404
-8.930245
-10.425837
-18.424622
-20.593359
-7.374800
-19.806076
-11.204217
-12.976593
-23.807119
-15.821560
-16.639641
-25.393822
-25.319290
-26.303410
-7.818390
-33.180431
-21.743322
-10.956820
-18.554535
-8.606076
-10.026695
-16.749557
-15.093268
-16.754759
-12.092928
-18.538004
-19.195137
-24.393185
-28.893408
-38.057621
-9.398594
-28.271130
-13.518931
-19.750290
-22.194298
-3.461191
-11.204112
-9.814609
7.409504
-13.695314
-18.460484
-14.852856
-23.932167
-21.597542
-24.382223
-32.818859
-2.014343
-11.713810
-6.152102
1.887019
1.953643
-0.475798
2.656973
-3.450758
-3.361197
8.270411
-3.942671
3.682321
-3.146177
-2.484733
-13.288929
-13.606131
1.405791
3.900431
-4.365903
-9.220734
-2.171659
3.825760
-3.367480
-8.483692
-7.962603
-11.892260
-14.326212
-9.393058
-10.190372
0.751851
-5.597179
-11.039251
-6.181259
0.827295
-17.901985
-8.343601
-18.343031
-12.850733
-18.312473
-25.246088
-22.288185
-18.636658
-21.107309
-23.493647
-22.319969
-15.384486
-22.804392
-31.924026
-33.825020
-25.658903
-36.471912
-41.367371
-28.692503
-21.467173
-29.797199
-8.022824
-8.786788
-9.511483
-10.161834
-11.920884
-14.465961
-21.131617
-11.406884
-13.593587
-14.050907
-7.617887
-5.169687
-6.576500
-7.131443
-4.965736
-5.050796
-17.164185
-17.073502
-18.694017
-20.302967
-24.143394
-29.453581
-33.899754
-24.721832
-30.024118
-36.821465
-27.107069
-23.784273
-22.465670
-24.542213
-26.944422
-22.968704
-24.156265
-23.412806
-24.412737
-24.638323
-24.064142
-26.467802
-31.026154
-25.610237
-26.306381
-29.227362
-37.216400
-32.238857
-33.228161
-31.405907
-34.432655
-32.284439
-33.288204
-29.201454
-30.601368
-29.955809
-32.684582
-30.981520
-38.476658
-36.579140
-35.270653
-42.077679
-39.919083
-38.011467
-37.728943
-38.500572
-34.310452
-32.129002
-40.660999
-41.907784
-43.196907
-46.700935
-48.043171
-47.932953
-56.495602
-43.485966
-41.725304
-41.566761
-41.313957
-34.710445
-43.903912
-50.613251
-36.872135
-35.282440
-36.754803
-35.037281
-32.898930
-31.051603
-33.495899
-34.067871
-36.429527
-33.030922
-29.477922
-39.613605
-33.773853
-41.435066
-37.863434
-36.919693
-40.998222
-35.091980
-30.880943
-32.811138
-31.623386
-28.386986
-26.332727
-21.917606
-21.341734
-24.476173
-27.028782
-26.198053
-27.044928
-30.716402
-32.034073
-30.542484
-26.740288
-26.870148
-32.062256
-27.089455
-29.320971
-25.945419
-28.581417
-26.849308
-32.164040
-32.983440
-31.932634
-33.100166
-32.800278
-34.063667
-37.834366
-34.732109
-36.641727
-31.624348
-31.812414
-29.757160
-32.054039
-39.719193
-39.878662
-41.404964
-47.604202
-39.225716
-35.062984
-32.209671
-35.157619
-37.724442
-39.508400
-37.891254
-38.143318
-39.425758
-35.010406
-38.751156
-36.792274
-35.308258
-34.510902
-37.896095
-38.288715
-38.947330
-32.960972
-33.753452
-38.722630
-41.922169
-38.939671
-39.274006
-44.194416
-48.681625
-51.904644
-38.068108
-44.826942
-36.349827
-33.294033
-38.655304
-34.051079
-36.261196
-34.003986
-34.739571
-36.303078
-39.246723
-33.997520
-36.249508
-41.228283
-41.665684
-42.913940
-37.005142
-47.713226
-38.768387
-32.968616
-43.357655
-44.414707
-52.548088
-44.230675
-42.560402
-44.229778
-50.372440
-47.420856
-47.256947
-59.137051
-57.345108
-53.812454
-50.849007
-50.640900
-57.391083
-49.018856
-50.591179
-44.824764
-54.262760
-37.852341
-33.660015
-33.908806
-43.500156
-38.801632
-35.660236
-40.556599
-46.293556
-43.779037
-45.245766
-40.398121
-30.565670
-45.394962
-36.160309
-30.404148
-36.810661
-37.475723
-39.547302
-40.036598
-44.010742
-43.822182
-42.069157
-43.500511
-44.840271
-51.205803
-38.124878
-35.611790
-39.620792
-42.553303
-29.406782
-34.699291
-42.185570
-39.575745
-46.220333
-53.993717
-48.603634
-43.995575
-40.280937
-37.563557
-38.708168
-42.741783
-42.285969
-41.523685
-48.734814
-47.685322
-39.997009
-36.210403
-37.151054
-42.187939
-44.245312
-42.252014
-48.428497
-40.469830
-37.334141
-36.861507
-40.431702
-39.193924
-33.849579
-34.574089
-41.589397
-36.487659
-35.465069
-33.492039
-35.643421
-32.019173
-35.840874
-30.529659
-34.355782
-29.469681
-23.987053
-26.086674
-25.710163
-26.465408
-26.909706
-28.302567
-33.712524
-41.143169
-41.912220
-36.109261
-37.968536
-6.248267
-6.971950
-8.316768
-9.590901
-7.334087
-8.593354
-8.969973
-29.714937
-18.544765
-19.763891
-55.843349
-53.978603
-55.419594
-55.008289
-48.735107
-45.726555
-63.284977
-56.021099
-47.118256
-47.905060
-43.905899
-48.563171
-44.812130
-62.937061
-62.035500
-51.077816
-60.516731
-74.615372
-67.110817
-34.635891
-27.781549
-30.285221
-37.901283
-37.299671
-36.771503
-41.517761
-44.093998
-36.285442
-38.772873
-34.678509
-49.068199
-56.726147
-46.265186
-53.406815
-44.476643
-13.895458
-22.689552
-34.598251
-14.940861
-16.963928
-16.216045
-17.661335
-18.907091
-13.070361
-9.892949
-28.793016
-20.084732
-23.396967
-36.342125
-33.066914
-40.746422
-12.594792
-17.128567
-16.438082
-3.176453
-0.653435
5.869256
-3.919053
-1.301871
0.432430
3.862776
-34.956440
-23.352362
-32.455418
-29.996075
-27.621296
-21.079721
-15.918077
-43.165031
-25.306992
-24.504141
-18.022953
-8.389213
-12.635240
1.975508
6.711937
12.235217
-6.594445
-9.965478
-14.328545
-12.145726
-16.940418
-7.268782
-15.301033
-15.328247
-19.805117
-8.903189
-8.708110
-13.797970
-9.279739
-15.472884
-8.195531
-10.093760
-7.394620
-5.647155
-1.989328
4.560080
-15.088820
-2.851307
-19.005316
-3.521338
-11.235403
-21.576097
-10.361870
-29.314564
-16.460310
-13.427369
-5.882591
-25.235544
-58.808285
-22.909517
-26.276676
-43.290096
-37.778061
-23.656307
-38.249016
-16.882090
-9.243614
-25.968813
-28.748861
-18.168821
-21.166651
-17.809374
-14.668241
-16.105551
-14.543571
0.171501
-12.949814
-20.387762
-14.347281
-15.475176
-19.867645
-6.477374
0.060179
-1.550607
-1.423831
3.272130
-22.018625
-25.611376
-27.510019
-14.108758
-4.446679
0.304433
-7.436853
-14.481570
-10.086864
-40.452766
-41.519394
-25.727674
-15.720408
4.954508
-26.642475
-20.499111
-44.763618
-48.744370
-33.026436
-48.260849
-43.650421
-46.043663
-59.046864
-58.968121
-48.565220
-60.180668
-54.761879
-43.157494
-40.532597
-34.672611
-46.394402
-40.271404
-51.945351
-68.500053
-53.646599
-19.423761
-21.456579
-13.335754
-35.784267
-34.320728
-25.384161
-33.543888
-24.899050
-12.695464
-17.597935
-18.153860
-30.053537
-30.074448
-39.711704
-43.599277
-36.187321
-21.924774
-39.059635
-34.586178
1.138651
-5.308412
0.249995
-5.982652
-2.866361
-0.273037
-0.223005
-0.417408
-11.478079
-11.354642
-18.581255
-15.368773
-9.009974
-29.201338
-18.408731
-20.067110
-19.045855
-14.612074
-15.188763
1.065920
-10.651468
-22.094469
-12.918488
-3.472657
-4.695170
-41.910236
-37.313534
-22.467989
-30.204510
-17.708975
-22.839025
-16.776613
-27.352476
-33.832001
-43.794235
-25.683603
-26.902691
-24.969481
-8.961882
-22.523859
-28.213650
-54.632694
-45.591846
-28.838556
-22.143116
-23.323568
-15.642675
-21.715580
-9.937675
-25.175531
-32.873871
-14.851594
-18.522474
-16.235298
-13.516271
-5.460246
-14.064681
-20.653170
-21.258444
-25.454912
-18.736765
-20.751719
-24.717560
-8.890672
-18.810324
-24.841898
-16.910011
-11.712552
-18.338535
-22.711542
-24.311693
-12.947607
-11.777340
-19.158442
-18.657967
-19.852558
-33.232376
-27.302649
-38.803127
-12.851120
-14.431196
-16.992611
-19.770115
-16.378347
-18.146769
-19.074638
-38.273781
-29.389509
-31.848986
-37.519260
-38.265045
-35.800819
-35.366520
-30.835665
-36.056145
-45.964703
-40.758389
-38.677200
-43.375816
-40.553921
-45.561478
-46.599525
-69.126106
-67.919952
-49.397209
-47.712521
-53.299240
-43.480747
-39.277962
-35.517677
-41.616001
-43.637402
-38.756050
-37.114510
-51.138771
-49.933140
-39.918007
-39.004902
-53.214642
-67.222275
-48.994015
-17.597075
-22.774521
-6.449191
-6.242389
-5.971561
-14.688970
-14.732418
-10.608410
-5.770794
-16.248720
-16.872564
-17.722713
-4.369168
-41.507935
-34.951252
-23.322502
-13.683502
-15.288579
-13.404410
-17.772329
-8.734633
-13.528729
-13.793973
-11.610907
-5.097158
-11.226408
-2.241255
-5.659959
-3.472417
-38.792248
-23.157087
-11.956707
-5.994430
-11.243781
-2.798469
3.250582
-31.069767
-25.725531
-19.476671
-15.331025
-10.277550
-26.552876
-6.480814
-4.392599
-2.155168
-17.845497
-18.814440
-2.241612
7.036952
-11.117050
7.719481
11.642329
-21.182287
-17.064398
-7.514490
-11.332814
-18.675875
-31.259184
-15.906071
-10.642663
-13.501889
-5.331642
-3.871698
3.543925
11.939033
-16.030983
8.773449
-3.190493
-23.363329
-24.045614
-25.719757
-4.662703
-15.707996
-34.376194
-24.211475
-23.002804
-33.864250
-60.909794
-0.580714
1.575389
-21.033379
-28.374750
-26.359463
-26.826807
-33.776680
-30.256308
-21.367317
-17.182045
-16.322378
-34.770226
-31.579388
-38.084915
-38.755997
-39.713921
-7.992780
-11.916159
-16.485847
-23.359934
-18.012825
-18.425186
-21.599127
-20.942953
-9.775736
-8.469625
-33.917034
-46.051838
-44.533138
-51.390411
-49.884094
-35.788635
-5.782628
-10.334453
-14.411307
-22.022163
-20.443777
-24.886930
-24.380806
-19.084166
-6.296080
-46.747368
-51.870781
-42.951908
-49.052635
-37.667053
-57.643608
-45.476028
-31.094036
-36.261318
-34.310711
-39.980389
-37.479168
-38.296230
-32.118622
-28.147121
-27.969393
-30.776203
-29.526888
-28.263117
-40.706123
-31.364975
-23.468700
-36.110973
-17.400427
-27.372173
-31.905172
-35.820427
-53.521118
-42.989311
-27.007288
-20.191290
-23.528931
-23.929657
-26.238302
-24.632164
-37.466175
-40.279198
-36.326351
-41.277515
-23.857084
-9.663566
-13.662868
-12.594786
-25.194695
-19.558939
-12.273809
-10.222929
-6.225087
-17.087233
-14.452600
-27.920792
-18.762547
-29.127748
-49.049316
-33.536163
-11.986209
-16.938601
-36.188545
-29.420057
-20.300730
-18.499250
-26.644093
-17.318211
-5.681148
-16.265411
-27.694441
-38.269749
-22.209576
-19.751829
-37.918491
-40.969250
-15.974081
-12.870174
-29.336555
-46.885895
-35.213276
-25.671953
-29.490009
-16.682943
-27.188450
-33.405186
-42.366463
-34.616184
-18.577925
-24.088459
-30.057692
-26.099297
-16.662924
-1.752399
-15.068624
-22.975176
-18.574055
-11.888471
-20.369991
-13.162069
-10.937485
-24.585691
-22.613688
-15.845201
-11.703305
-1.243000
-10.758075
-2.990941
2.309901
3.835078
-1.565042
-6.105458
0.873519
0.757164
-14.684538
-13.322770
-13.578131
-26.546783
-25.033386
-22.172663
-20.990606
1.739091
-5.200172
-20.944832
-16.878523
-18.004091
-19.281309
-20.737648
-26.249357
-29.742664
-37.331932
-27.116793
-33.276588
-33.794250
21.501503
24.666161
15.899817
13.346846
15.251501
21.015425
0.740899
8.850375
16.381567
17.856108
11.808219
5.868775
20.375721
30.414040
16.248644
20.121552
41.727074
36.549744
38.437523
-15.189960
-8.558517
-6.824078
-14.608888
-12.213305
-10.934247
-12.735869
-15.866366
-27.427633
-28.999434
-24.866629
-24.375473
-26.688604
-15.162937
-11.946469
-16.669729
-23.337452
-20.281166
-20.350258
-26.645216
-29.642769
-32.319580
-33.925697
-36.935478
-32.736408
-40.373123
-38.114212
-39.026878
-25.561991
-31.173050
-25.124916
-24.882540
-33.219086
-18.550850
-24.554981
-30.945091
-43.609695
-44.747295
-48.866081
-67.038704
-61.713322
-64.211044
-4.877601
-11.380174
-9.388827
5.507745
14.984941
8.431787
9.436449
14.529827
14.386203
10.650554
1.753946
-7.817675
-1.290355
-12.060007
-12.601975
-17.182278
7.055498
-2.267671
16.813803
18.706434
12.709034
-12.604589
-8.402504
-0.816399
-7.487327
-19.828691
-22.251635
-13.609675
-13.817247
-16.829895
-21.232683
-24.125629
-5.325879
-3.664671
1.725306
-10.116484
-6.488698
-12.648506
8.241783
-10.308405
-7.780411
-4.860279
-4.261250
-0.161604
-0.753467
20.000340
22.140894
12.156180
10.539868
2.744284
15.715011
8.039079
13.598721
18.561655
27.615591
-21.635220
-30.480612
-20.026398
-14.316703
-24.568825
-33.792660
-26.687796
-21.852125
-24.670710
-25.851070
-27.566839
-19.515327
-21.785721
-20.179829
-14.596809
-13.990521
-22.990122
-33.282890
-26.348429
-29.405802
-38.411423
-31.414000
-28.900370
-34.920441
-28.985186
-36.894138
-29.587952
-32.871239
-33.810883
-33.847607
-32.558102
-36.947868
-66.589211
-64.729370
-70.463097
-52.962563
-62.239315
-6.367705
1.434734
6.016440
-11.962393
0.496975
-3.289658
-9.810290
-8.373980
-1.842926
-2.987859
-4.305296
-15.994220
-11.944029
-15.584992
20.444273
13.173552
18.111744
25.247610
-22.744455
-40.012543
-20.033508
-34.450237
-34.219246
-27.912443
-36.837578
-25.650593
-33.273876
-41.747910
-41.470432
-47.495564
-56.866634
-53.377556
-48.851219
-24.111074
-32.958664
-34.606033
-40.465118
-39.810242
-51.399902
-40.726364
-52.544228
-33.348076
-37.682762
-36.434429
-37.411308
-33.562435
-44.568443
-58.923279
-34.091549
-47.228413
-54.391903
-28.308901
-40.174454
-37.152416
-58.772839
-38.293556
-56.632511
-49.916428
-60.892723
-48.807640
-59.616749
-72.020157
-74.672539
-12.795185
11.059632
-4.230735
-18.250517
3.260360
-12.603168
2.070836
-6.065023
9.735552
13.961908
8.014982
-2.203912
2.558415
-4.708643
-4.928137
-20.764380
2.443174
2.361794
4.150493
-25.726408
-12.110077
-17.297176
-7.356114
-20.739140
-14.035192
-9.142716
-8.524542
-15.489449
-17.100393
-20.650085
-16.891415
-24.490471
-0.195965
3.303017
0.527512
5.524002
7.743021
7.945636
-0.019568
-5.347366
13.282333
3.397862
12.107308
9.119287
10.896213
11.000940
17.432180
9.962687
20.792618
27.125580
26.318144
3.284088
10.317215
12.784418
-15.291798
-16.814634
-18.416771
-20.073439
-20.140480
-23.090998
-30.214121
-28.371099
-24.683935
-26.782663
-26.413288
-27.310209
-31.587311
-30.029383
-26.844582
-27.707882
-43.013088
-39.697479
-38.341053
-40.858620
-35.072220
-35.081070
-54.254551
-58.372932
-49.245193
-32.318790
-46.275993
-54.074059
-51.400398
-57.841312
-51.364285
-53.510956
-62.998299
-57.653065
-59.173332
-64.850243
-60.775444
-48.176346
-63.641411
-70.333862
-72.298080
-60.175236
-72.383583
-81.533829
-75.059334
-65.927147
-61.443878
-63.265240
-71.525169
-69.855896
-70.147064
-72.327637
-72.364571
-60.793457
-65.536400
-84.042847
-79.357796
-73.448685
-82.059723
-87.673027
-85.481071
-74.734390
-58.492790
-58.053318
-75.022430
-76.042480
-80.745789
-86.557510
-90.882179
-76.873283
-92.315170
-100.237930
-87.951385
-79.538597
-86.081253
-107.637077
-100.260857
-85.863541
-86.349342
-76.786133
-82.002876
-81.404411
-87.688339
-98.625298
-88.095024
-74.515762
-72.287910
-86.210854
-82.766777
-67.525162
-65.137543
-99.036758
-81.229729
-59.855923
-77.650955
-69.881859
-66.968834
-66.544235
-86.897858
-89.280716
-74.119804
-59.020969
-63.419651
-63.039845
-65.252205
-50.041805
-48.363228
-68.055214
-54.753014
-65.327469
-77.684669
-72.348526
-78.069420
-62.827568
-81.629272
-88.229660
-70.081680
-58.485336
-80.408249
-92.261574
-62.447544
-56.064598
-66.440727
-82.284393
-73.192780
-66.918922
-96.513000
-84.796333
-81.550903
-74.858849
-85.286804
-97.792686
-71.266861
-64.678215
-75.844513
-85.624077
-66.326248
-58.700836
-65.106461
-73.958298
-63.669071
-81.109657
-80.365860
-75.702530
-72.077850
-61.080772
-81.524567
-85.691010
-77.507538
-71.863869
-60.879688
-65.709381
-59.820339
-56.908783
-67.385864
-68.431381
-67.845383
-74.756668
-57.342693
-61.833073
-59.286324
-60.216751
-79.106697
-82.521759
-87.592728
-73.927574
-86.432007
-67.491875
-65.295792
-74.440590
-87.794365
-81.658813
-71.560585
-64.623070
-53.866364
-54.193211
-58.259991
-66.824310
-58.994999
-81.768547
-93.265007
-88.906036
-96.920753
-103.959625
-105.524734
-113.316582
-115.792213
-115.142357
-109.301041
-97.825294
-76.707397
-77.434174
-76.498016
-84.260971
-79.651672
-102.775742
-127.015457
-102.971008
-104.930946
-119.913849
-95.079109
-93.860764
-92.419762
-88.904953
-90.386681
-72.218163
-66.951843
-71.472572
-74.452934
-66.031372
-77.737473
-87.020348
-109.037918
-78.241081
-90.889221
-95.394722
-80.329857
-84.784592
-106.207497
-95.657959
-107.526031
-90.759705
-88.760956
-94.215965
-93.520775
-91.400909
-88.829300
-110.504303
-120.281799
-72.194832
-107.207664
-104.111732
-87.190392
-90.224190
-111.050957
-116.237122
-111.983391
-90.597763
-99.164070
-104.086800
-100.237129
-92.640076
-109.322365
-112.477066
-117.459030
-76.242264
-92.599159
-100.973145
-85.399376
-74.692543
-78.782761
-98.706581
-90.169281
-71.684792
-82.619995
-74.937195
-69.655487
-61.097656
-91.154900
-102.579437
-99.332069
-67.025452
-82.742104
-93.730453
-66.891487
-62.183422
-75.516769
-81.539734
-77.220345
-63.972759
-71.098244
-68.513084
-64.240730
-69.668495
-91.220078
-99.463577
-100.672852
-64.000946
-62.495525
-76.465988
-14.309003
-15.786187
-17.629274
-19.331503
-22.665836
-27.708405
-41.243710
-18.304583
-28.747509
-31.778812
-6.367754
-0.360070
-2.756875
-0.762168
-8.275249
0.861185
-13.481117
-9.100469
-3.801792
-2.174082
-4.779836
-13.614911
7.344671
-3.148517
-3.314533
2.285082
-14.217211
-7.757535
-15.856091
-37.671139
-46.107231
-39.720249
-42.681297
-38.788105
-38.539303
-38.986267
-34.400352
-42.199970
-23.603092
-16.523647
-15.133075
-27.831547
-49.790295
-46.899429
-44.106613
-39.232891
-42.690247
-38.314827
-41.007359
-33.982117
-32.127888
-21.931501
-29.729803
-37.466030
-23.229521
-23.122097
-36.023964
-49.070194
-68.709679
-64.977509
-50.255527
-56.436893
-44.886818
-55.808212
-40.127445
-55.586910
-63.383961
-63.795391
-75.616196
-66.847321
-80.503998
-68.285240
-66.002899
-73.238029
-63.564526
-51.161556
-44.215389
-51.643017
-16.893734
-17.345196
-22.051594
-21.305140
-21.971090
-36.068302
-26.707361
-22.606527
-9.499784
-39.540169
-20.462456
-56.201687
-52.640324
-37.095333
-39.730801
-65.611595
-48.249451
-39.498215
-37.757988
-43.703403
-43.786484
-41.811104
-45.229576
-41.700741
-36.449238
-41.468842
-21.662298
-47.027416
-43.997948
-36.630329
-59.477501
-68.792778
-42.404835
-36.040073
-39.181305
-31.111229
-33.295166
-26.580975
-49.104702
-44.152817
-43.290016
-47.551971
-48.851158
-43.230011
-31.565144
-50.721199
-44.592854
-26.158134
-48.584267
-53.377167
-59.880459
-60.469006
-66.335190
-43.953007
-45.330601
-43.410759
-46.166294
-66.973396
-49.599503
-34.177437
-51.523003
-64.631882
-53.529545
-47.572266
-24.201458
-32.070129
-52.605328
-40.105072
-48.761250
-36.183716
-41.397243
-34.081604
-45.958279
-39.099018
-32.007782
-36.494671
-43.191067
-57.413010
-61.540295
-57.094757
-60.838524
-62.413502
-85.182816
-43.465950
-59.493259
-27.121380
-40.029903
-39.768566
-43.533726
-36.446350
-14.586998
-17.876982
-28.147486
-21.849663
-54.192142
-56.516350
-63.617104
-50.780430
-52.518433
-32.923378
-10.834794
-31.343966
-39.255489
-34.668217
-76.407227
-62.581482
-68.017532
-53.128807
-43.303135
-40.111038
-42.512070
-37.194088
-61.023430
-57.990891
-59.450249
-49.097069
-53.452629
-77.048256
-69.286758
-59.973610
-45.995617
-58.732307
-37.213032
-38.143353
-38.548439
-39.375935
-33.224266
-40.388954
-31.721973
-40.692059
-41.096184
-28.860296
-35.585667
-59.204536
-69.241653
-76.865250
-64.040321
-64.973801
-77.284378
-51.697170
-58.272472
-60.517960
-67.480133
-51.795044
-51.349781
-55.018608
-77.201813
-64.574219
-34.772617
-32.593445
-35.993744
-38.209072
-28.718750
-32.899933
-25.618261
-32.263855
-33.542667
-35.929783
-22.031988
-30.239679
-30.359360
-45.648209
-44.173618
-23.251188
-45.148232
-31.148144
-54.674908
-61.399830
-52.699913
-61.941982
-77.608566
-41.184650
-61.364632
-74.594940
-41.859978
-51.238697
-53.939678
-55.819679
-74.186913
-62.674873
-56.953671
-50.672165
-59.223343
-41.813793
-53.515778
-39.620632
-58.122242
-55.476017
-75.079643
-72.540207
-62.876244
-66.137375
-63.831539
-56.882023
-64.013428
-48.233379
-48.050816
-45.111187
-49.578411
-75.344498
-61.400852
-69.512390
3.991488
3.667192
2.004363
0.247992
0.831758
2.130260
5.504662
-13.076486
-17.365131
-24.109516
-12.059902
-17.157057
-11.867360
-7.468095
-13.167143
-14.768053
-7.943897
-9.860851
-8.915789
-11.945869
-9.701333
-6.622377
-24.833872
-33.686787
-34.533241
-9.521031
11.332062
14.395372
15.336323
5.757223
2.276791
2.929655
-16.713449
-9.424669
-12.390443
-20.290215
-28.625357
-27.012243
-30.957653
-35.940422
-48.837173
-15.836569
23.476295
17.088175
38.132362
18.545864
17.558659
27.031830
4.761292
11.365378
10.637744
4.528615
4.090550
-0.562494
3.073256
-12.283143
-0.007821
10.881082
-7.307034
-18.914293
-17.066605
20.535681
-9.485887
-14.396425
-30.542749
-24.991938
-30.317411
-28.202024
3.035268
-8.549677
-20.608624
-51.268528
-24.292191
-15.117870
-28.806431
-49.429077
-33.597095
-0.178119
-30.894268
-38.086887
-39.374332
-33.806519
-32.380180
-60.698761
-37.957024
-41.392483
-47.165028
-43.447018
-41.389004
-39.256374
-24.577375
-40.246796
-14.296837
-28.354813
-34.634949
-38.105412
-13.298768
-12.008528
-34.997868
-62.464020
-44.718952
-39.578667
-41.228100
-25.004175
-27.151201
-27.376207
-9.428141
-21.733482
-11.793576
-33.239952
-30.809547
-23.090195
-14.272250
-8.774308
-25.083666
-40.568840
-29.169178
-15.256295
4.450135
-51.250744
-11.718352
-0.630060
-31.098658
-27.989761
-24.817066
-25.833439
-21.536890
-12.904856
-13.319346
-5.590875
-16.556425
-13.684943
-2.343891
-7.032027
-6.713803
-9.993952
-25.487381
-28.040459
-32.651226
-28.513138
-23.175053
-25.312122
-33.477436
-23.962584
-15.792000
-5.860039
-25.972876
-55.242374
-52.900425
-54.376511
-59.110374
-45.206711
-51.957542
-54.431950
-52.205315
-64.235947
-52.871704
-49.031021
-60.040581
-57.634724
-44.809296
-65.092102
-81.039528
-74.186394
-95.092705
-39.559013
-105.348236
-81.359619
-66.163132
-60.744984
-61.992474
-70.471359
-48.369778
-41.538898
-41.639019
-42.725937
-48.270149
-42.391479
-27.090029
-7.660590
-18.531786
-10.944034
-39.482254
-27.755371
-18.174339
-28.784981
-39.445477
-27.068541
-39.045506
-25.625553
-17.983496
-28.380653
-30.128939
-7.680180
-9.174754
-1.101441
-13.547503
-20.353430
-27.315290
-23.247223
-4.905550
-10.983897
-25.641129
-18.112072
-28.216297
-14.066884
-8.807399
-17.585236
-12.144311
-19.939463
-20.434950
-38.648727
-2.063887
-50.378296
-50.728909
-47.165318
-32.818680
-47.451885
-9.897907
-15.577831
-39.206181
-14.492083
-34.575809
-33.271946
-17.291779
-39.147011
-39.151699
-28.715570
-37.067696
-27.848938
-28.313639
-29.012743
-11.346678
-13.493106
-2.042377
-20.374779
-55.652050
-29.053345
-36.869362
-42.604664
-46.551949
-20.838327
-14.550082
-12.402736
-32.897881
-10.879377
-14.397109
-15.694821
-22.684658
11.250106
-10.712354
-0.702710
-30.559183
-19.317551
-17.236126
-21.848148
-35.348221
-33.471031
-23.243446
-35.325462
-34.689747
-0.072117
-25.222080
-12.496632
-22.073933
-5.872861
-31.630198
-25.835300
-30.393761
-27.165245
-34.871735
-39.201866
-35.998852
-30.368225
-38.568092
-40.223877
-24.588078
-15.413620
-14.477015
-28.006174
-12.351670
-13.835551
-16.232786
-18.925503
-22.772257
-27.838985
-36.834591
-26.768719
-32.641338
-34.838501
-34.805706
-29.944109
-27.894747
-26.295721
-20.227074
-16.894674
-43.057693
-38.582829
-35.742138
-36.253868
-39.488651
-47.146877
-52.695179
-46.117584
-54.836430
-39.176201
-23.907032
-27.629515
-21.155474
-13.719612
-6.793192
-5.294858
-22.333790
-18.028519
-21.945005
-26.282091
-28.127571
-25.885620
-28.867144
-22.325710
-28.903534
-15.881225
-17.770765
-24.532774
-10.956888
-18.197464
-18.868507
-22.879301
-27.412548
-23.263216
-25.483986
-24.921370
-23.861462
-17.598433
-26.402449
-33.927605
-27.236681
-16.167351
-41.828625
-39.388084
-30.380144
-29.778847
-28.025137
-34.314556
-39.870361
-41.621822
-44.598148
-45.453930
-50.786674
-49.752735
-67.687004
-62.905540
-66.141815
-72.975174
-35.757080
-23.829302
-12.463583
-19.915258
-20.758965
-8.231735
-24.351238
-21.485758
-20.354940
-27.541302
-20.020245
-19.319321
-6.282800
-8.227522
-12.322115
-18.177675
-6.699469
0.057823
5.605414
-34.871014
-35.661003
-22.818165
-22.872066
-25.875517
-36.542686
-47.135899
-53.247307
-52.820492
-50.095623
-21.242775
-20.928352
-14.431233
-17.897293
-33.473747
-21.830208
-36.090599
-44.581921
-33.744400
-36.850948
-23.175161
-39.449726
-38.298828
-39.320137
-31.636065
-35.912922
-24.161818
-41.447327
-31.668800
-48.496113
-56.790005
-34.199699
-55.771576
-59.307968
-53.667122
-61.127151
-54.205101
-69.067963
-55.451084
-53.843475
-62.989391
-71.524071
-29.119715
-20.377165
-15.786767
-34.960320
-38.910789
-31.217098
-39.170170
-36.649910
-39.176682
-43.992062
-35.057091
-54.410912
-80.465836
-69.272087
-69.456070
-57.693623
-36.952713
-13.729410
-20.841370
-41.030926
-37.073193
-41.473938
-54.387913
-71.406059
-70.420265
-63.416481
-49.255665
-62.971504
-54.202915
-58.534679
-55.248306
-61.752312
-34.438896
-26.339312
-43.774315
-58.303204
-54.033028
-63.200821
-66.700706
-62.501099
-59.926174
-56.148872
-25.512882
-22.995493
-0.221837
-17.397600
-43.789951
-4.176721
-5.497706
-14.466547
-36.555351
-35.622078
-41.768562
-42.280075
-39.876457
-39.144100
-51.555470
-40.674545
-41.771420
-30.123531
-29.531603
-23.654007
-74.803986
-45.747044
-58.439934
-36.845200
-37.752041
-37.580791
-40.668488
-39.838531
-37.107788
-26.166044
-31.402645
-31.363943
-30.366152
-29.662603
-33.264664
-50.481796
-46.789055
-41.836731
-38.326111
-39.482536
-40.041473
-37.707310
-39.500938
-34.232666
-45.278156
-43.560341
-49.447224
-56.320515
-49.432442
-63.991325
-15.226429
-34.246136
-26.391094
-23.462742
-35.510376
-17.729221
-30.684875
-45.440536
-52.924911
-34.210194
-38.554035
-43.517838
-42.279060
-43.470333
-37.262527
-31.274879
-34.766685
-14.477220
-33.872990
-44.405182
-58.815948
-37.132481
-27.672365
-52.279953
-76.209961
-56.129734
-49.124962
-56.032871
-57.128742
-52.040108
-65.105614
-42.798691
-61.741615
-50.555706
-36.593098
-35.828098
-53.156170
-24.739462
-21.306393
-35.721325
-50.845978
-34.837006
-14.701063
-17.028934
-19.132927
-13.058887
-24.215853
-24.171103
-31.182735
-44.160248
-58.928097
-38.306602
-58.695549
-20.619055
-22.839352
-25.590082
-28.236814
-30.234352
-32.983070
-38.438557
-44.801502
-45.435154
-49.337166
-9.342758
-7.966380
-10.140924
-9.218729
-9.917454
-7.667384
-26.667933
-23.209154
-19.648378
-19.635920
-16.781313
-18.200577
-24.221540
-37.620773
-35.938984
-22.542618
-33.454235
-35.880646
-29.219458
-63.242374
-61.490158
-60.259159
-58.459461
-59.398544
-63.300812
-71.017082
-71.146812
-74.783554
-77.650482
-74.626579
-83.507362
-67.906242
-71.634178
-71.089783
-64.684303
-48.031826
-48.247601
-47.880688
-51.462894
-47.714279
-48.705051
-50.692383
-53.120773
-46.416840
-38.214314
-56.216663
-58.707600
-47.136658
-56.551498
-61.379696
-70.283348
-50.588696
-37.757469
-44.717823
-43.659237
-49.767475
-54.561340
-57.917099
-69.783531
-70.498337
-72.670937
-38.982403
-24.486681
-29.859640
-54.775925
-61.474331
-80.367371
-35.222172
-57.493397
-44.804630
-34.684448
-31.670547
-33.523510
-44.107670
-34.492565
-26.989119
-34.684349
-38.097015
-39.201237
-27.900280
-47.197975
-57.491188
-61.844353
-57.041767
-53.506405
-42.350842
-38.548691
-32.705585
-38.535065
-36.821774
-42.121918
-39.933800
-37.470451
-30.297379
-23.924545
-21.959166
-33.300709
-47.630070
-59.757519
-41.287224
-27.358624
-29.026569
-36.273060
-20.275852
-28.197792
-30.736631
-29.577267
-26.729404
-28.519093
-49.983894
-25.091772
-10.616221
-34.381119
-35.525562
-35.663868
-29.088316
-40.151276
-53.585754
-65.988579
-68.002701
-57.753052
-47.262547
-53.959290
-65.636726
-71.893066
-70.578125
-52.963516
-48.128475
-55.235565
-54.889153
-59.657928
-52.706520
-25.404301
-29.754759
-43.513985
-48.577675
-42.513466
-34.331886
-34.485275
-43.344791
-35.776424
-48.726219
-55.010590
-66.460869
-59.532078
-58.767956
-67.456322
-66.579933
-57.868793
-53.839413
-63.318775
-77.523338
-70.633842
-16.997829
-31.013807
-16.455168
-13.582211
-39.855686
-50.328808
-64.251068
-50.349014
-55.442356
-70.505997
-67.487968
-37.347229
-31.229034
-28.957460
-37.858902
-22.582518
-27.437159
-38.189064
-56.141068
-44.865425
-69.000359
-81.428925
-75.330345
-63.424702
-58.166691
-84.598244
-81.893761
-73.308563
-80.591812
-91.067474
-77.948517
-81.622330
-87.665680
-94.476189
-68.246544
-66.550964
-88.967735
-76.219505
-58.023422
-55.726555
-61.342499
-54.125069
-49.750641
-45.633255
-57.497402
-58.672489
-38.162899
-49.926785
-89.515335
-75.948792
-46.584877
-78.839233
-77.273613
-78.935280
-71.647675
-63.689342
-83.304794
-68.972595
-60.957466
-72.723534
-86.536438
-90.259361
-81.132393
-49.542599
-67.732910
-48.237301
-10.868892
-47.564186
-57.150597
-49.235607
-38.313644
-22.125515
-47.690231
-25.281172
-12.510500
-24.289423
-34.813431
-36.001850
-28.717501
-50.828350
-54.881832
-68.860435
-47.516182
-43.161293
-50.965778
-44.700039
-38.136200
-34.368843
-60.144054
-51.039356
-44.992954
-43.898491
-47.426414
-49.418571
-41.931351
-59.535328
-68.514122
-71.191368
-46.511517
-36.233677
-44.381470
-55.481377
-57.795467
-37.153168
-22.895588
-16.341259
-25.607220
-21.136730
-23.257641
-29.181641
-22.296906
-48.079739
-46.808704
-48.446487
-27.842897
-21.808500
-35.051765
12.803196
13.964591
15.506088
16.264133
17.605715
20.063847
27.659290
8.116953
8.819242
7.511761
6.927844
1.737117
4.545792
3.328954
12.718552
6.881977
15.480352
9.303028
3.897724
2.575457
0.745920
4.372758
-11.665401
-22.411795
-16.409779
0.098748
20.684870
14.562737
14.586321
20.198137
23.733341
21.834265
12.043655
9.597939
4.762086
5.185144
-0.081875
4.509735
-10.126031
-12.026044
-2.750480
9.757355
8.292372
-0.308277
15.870705
-1.416970
-2.544412
0.327750
-9.575322
-9.840087
-15.461839
-20.088219
-17.948154
-23.325733
-27.414286
-47.183399
-25.267759
-13.796760
-37.507732
-49.322346
-45.419907
-12.198673
-21.833139
-29.876600
-43.621330
-40.313900
-47.925449
-52.754082
-51.193768
-56.868866
-68.495773
-89.985184
-80.602257
-76.129723
-66.091629
-82.939720
-79.816269
-47.179672
-46.557762
-55.977951
-58.603127
-52.669838
-53.167416
-57.425560
-51.378483
-52.603764
-62.441982
-53.202881
-59.672607
-49.727104
-51.938595
-70.059830
-54.250717
-40.265263
-45.748997
-39.755505
-41.922516
-31.698177
-33.983528
-49.975185
-42.340519
-37.092075
-40.726509
-38.494759
-42.749214
-38.871777
-42.848640
-45.181198
-51.107136
-41.070446
-42.142567
-38.245708
-35.024315
-30.374981
-32.551517
-39.785648
-31.975624
-22.718916
-18.996401
-37.333920
-38.042713
-27.735170
-42.654942
-43.178291
-55.531395
-48.553135
-37.932911
-36.179752
-32.367165
-32.532761
-39.915653
-40.572720
-35.749233
-26.815546
-24.978191
-17.131136
-17.853910
-4.807220
-11.767342
-6.968831
-8.621687
-8.882611
-36.488918
-31.938318
-31.492748
-28.193954
-40.207718
-48.704765
-42.637753
-35.658756
-38.125069
-51.321999
-33.482094
-24.752550
-35.145630
-36.054195
-34.369438
-28.640184
-34.168907
-33.363609
-35.368519
-35.944073
-39.179401
-48.481640
-50.815571
-22.470333
-57.964588
-66.547600
-33.927887
-28.715265
-42.918644
-39.251286
-41.643452
-42.724419
-41.655815
-36.519520
-38.587139
-41.319492
-39.163769
-21.350483
-27.365770
-3.871197
-31.152479
-54.262901
-17.629271
-22.504766
-34.819065
-28.701389
-35.711468
-27.971592
-47.768612
-42.539379
-40.105743
-37.629982
-40.669407
-33.023945
-39.762730
-42.001503
-39.393639
-51.924080
-39.209858
-40.057041
-46.737511
-50.480930
-54.933826
-44.648655
-57.562527
-57.037231
-54.893581
-55.844818
-65.477692
-78.254082
-59.727615
-38.931480
-74.959328
-75.364113
-72.450104
-65.145897
-37.046017
-44.213966
-64.369370
-54.681458
-71.774117
-73.632660
-72.278687
-71.158669
-82.200455
-73.110443
-74.403694
-43.711357
-68.451820
-76.884392
-59.537663
-60.413910
-34.539162
-47.574436
-57.712093
-42.551479
-51.872726
-48.628681
-55.135670
-38.722351
-25.084167
-35.528210
-55.908207
-46.075779
-51.642559
-61.678936
-40.608143
-43.671165
-31.051088
-43.323784
-49.121040
-24.450531
-29.781590
-27.877846
-30.220024
-26.746325
-44.989960
-52.583580
-53.472641
-28.815002
-44.019482
-57.868370
-42.755516
-54.031170
-58.812511
-51.188599
-49.448635
-42.670330
-35.138683
-33.111469
-28.548672
-29.747190
-52.230927
-41.862408
-49.221954
-49.398666
-42.811317
-61.541706
-0.022135
-0.105489
-0.720283
-1.358470
-2.574198
-1.756791
0.356031
-19.891029
-13.618218
-14.698442
10.878468
11.443366
10.427540
7.038330
16.983173
19.615793
7.434975
15.300802
24.118107
23.434021
21.015598
18.210840
35.638367
17.583578
14.116710
15.716833
6.417780
-5.657339
-1.100878
-12.757710
-13.584255
-9.468698
-12.775839
-11.085024
-5.146240
-9.931921
-6.207371
-16.674238
-6.004342
-21.986023
-26.295895
-7.512718
-20.699942
-23.092762
-26.539392
-3.852253
-8.103503
-3.201982
-25.535202
-16.212435
-12.094858
-17.368830
-18.504383
-24.664085
-34.320427
-31.493954
-40.790375
-26.562943
-26.614483
-29.614433
-35.897713
-6.825628
-42.484707
-29.114067
-40.028149
-43.238579
-44.597710
-64.139854
-38.212688
-43.951958
-63.677845
-32.731525
-52.677898
-25.395916
-43.888073
-40.287018
-35.416729
-34.567940
-50.499443
-43.645321
-43.435101
-31.398867
-24.868481
-45.041473
-26.316923
-25.816732
-24.320486
-49.192108
-60.871597
-35.064117
-34.124775
-25.943541
-24.873049
-40.875622
-51.428291
-45.953598
-22.549261
-14.619402
-35.456154
-47.049992
-21.524921
-24.490433
-20.469164
-15.786483
-24.944721
-13.464809
-10.704495
-27.441275
-35.474453
-40.854179
-35.809887
-36.259090
-25.948532
-20.518011
-28.401945
-40.607239
-24.670769
-21.414120
-23.602194
-11.715590
-9.228672
-4.782842
-2.468456
-23.796482
5.556543
-0.426267
-19.301447
-31.645744
-14.058111
-14.877123
-40.449593
-46.090458
-20.665596
-17.087690
-24.480991
-30.854607
-17.427687
-16.237520
-12.937058
-38.331123
-14.633495
-29.517412
-4.760166
-8.544793
-3.370724
4.202717
-19.975327
-28.308792
-19.966639
-23.934040
-12.733521
-32.222099
-22.243773
-21.984219
-27.984388
-39.024933
-25.637220
-33.583359
-17.161289
-18.387125
-9.712893
-21.824183
-41.684074
-17.019745
-15.117213
-25.686186
-10.989275
-17.031031
1.237010
-13.290497
-12.832904
-17.395462
-12.020598
-18.448093
-23.122726
-16.893454
-14.748845
-20.179775
-0.723888
-27.152342
-30.400770
-34.312450
-32.611069
-58.228008
-30.345894
-38.653622
-51.400738
-37.339790
-44.385571
-34.307724
-38.582581
-30.793139
-34.890865
-49.136372
-51.065239
-49.170338
-49.345867
-22.153923
-52.310802
-56.076199
-26.019257
-37.190434
-45.753380
-50.490196
-45.878738
-33.085159
-37.466885
-31.744566
-35.508587
-44.662342
-50.994938
-41.596478
-37.181690
-16.745377
-47.239597
-49.381718
-36.129253
-48.024002
-34.019325
-23.454201
-44.776783
-21.813477
-31.286335
-32.960903
-40.243732
-40.605236
-28.416372
-16.190397
-25.740942
-13.625347
-40.939316
-55.240269
-34.713902
-37.739632
-21.849977
-9.886186
-18.389286
0.711065
-3.800141
5.068178
-4.881692
9.156070
-20.878687
-0.756160
-12.486656
-14.099368
-44.632866
-37.242596
-30.340071
-33.985783
-35.420780
-26.688986
-32.725693
-27.472136
-32.153854
-31.033918
-29.614511
-35.808243
-31.872606
-22.709450
-30.449535
-32.416256
-35.504349
-40.830452
-28.474461
-39.810688
-47.192734
-28.819714
-37.415089
-32.865479
-25.716528
-20.697851
-16.880152
-41.275421
-19.442583
-13.374724
-20.084276
-6.320997
-4.264603
-9.489634
-8.130486
-9.181442
-10.294750
-11.766166
-21.839804
-27.350929
-38.551529
-10.837852
-25.641186
-26.687426
20.338911
27.085262
28.419701
26.697987
31.609793
39.499233
6.933239
6.267496
7.470571
4.225120
0.030902
-2.971475
-13.979725
-2.295867
-3.355839
0.650295
35.329632
35.048897
31.931623
8.016190
11.591438
14.714740
1.219812
1.036898
0.302471
-3.343309
-4.201819
-9.490298
-15.527485
-6.594519
6.116193
21.897161
-9.367105
-5.336872
-11.504564
-32.478493
-28.887381
-24.577993
-18.557886
-20.155613
-25.893358
-23.324930
-22.297899
-20.532446
-25.569475
4.331868
-6.503911
-6.985521
-21.038628
-12.440349
-8.325619
7.203264
-19.013481
-21.210609
-13.502119
-19.613443
-29.222342
-29.360098
-25.098343
-22.308519
-31.118902
11.780446
-12.459746
-25.688650
-16.946753
-3.617025
-17.466213
-5.434361
4.909269
-1.245018
6.607698
-2.336852
-7.135028
-20.858717
-22.065382
-20.120234
-19.153072
11.837410
5.843733
0.215732
-11.263375
11.307482
-10.377197
-12.606377
-19.324652
-6.224009
12.641968
12.739380
-17.549688
-14.632037
-15.590916
-11.650812
-17.050165
-7.666832
-12.704897
-13.566559
-31.542744
-1.896181
-14.037489
-18.736507
-20.879204
-6.276254
5.301460
-8.829474
-19.230391
4.546072
-4.724381
0.761361
-0.777532
27.724043
-23.173653
-21.353895
-13.525480
-8.109632
-0.288193
3.948535
-5.934810
-8.385027
-16.718584
-21.628714
-23.907936
-11.080897
-16.039366
-19.083382
-27.380438
-46.447178
-28.388737
-23.479616
-22.619972
-13.059872
-11.214683
-13.737523
-19.832058
-22.086973
-40.907749
-39.916832
-31.168438
-23.166693
-26.235132
-28.100370
-25.773428
-34.180164
-41.429760
-44.246231
-40.724796
-32.608685
-39.175861
-42.560940
-28.202818
-32.431664
-61.114567
-20.795105
-26.965271
17.370651
22.273645
-16.663452
17.997688
32.888439
20.428144
-11.713479
-13.503201
-15.987894
-18.470987
-28.587490
-12.247715
-18.067526
-22.973970
-6.836687
0.458163
33.629791
40.841240
5.545235
14.641854
15.693539
-1.997016
-9.650251
-7.275342
-22.486649
-27.594402
-39.114128
-27.209366
-30.669933
-29.968206
-25.038404
-1.028936
-7.784797
-0.024904
-45.932941
-21.957533
-20.110140
-0.490884
-20.804249
-15.867632
-27.854279
-22.164244
-27.755068
-22.220272
-28.957291
-33.308529
-31.491425
-17.301140
-17.872246
-39.586765
-34.057247
5.243938
-18.754066
-10.034267
-9.088993
4.667529
-1.690379
-21.233637
-34.682930
-22.423990
-34.092365
-42.273056
-47.831692
-19.954758
-23.947710
-9.200578
-1.942266
10.331199
5.557967
-6.673787
1.955534
8.914433
17.350237
17.768255
-0.919779
4.687682
-4.116182
6.374971
-19.903234
3.855494
-14.789106
2.053911
-4.771839
4.230030
-3.223822
-4.052217
-10.720695
-5.311166
-27.918943
-7.886765
-16.618929
-9.346985
-25.260418
-12.785719
-16.640995
-27.472885
-45.823708
-32.723579
-19.481100
-7.614405
-12.858968
-20.270823
-13.434293
-18.537621
-30.719988
-12.991634
-7.734246
-7.422095
-7.063951
-3.801429
-3.388401
-15.612083
-18.281324
-16.725254
-34.992355
-29.351744
-11.686538
-5.748187
-6.175869
-6.529871
-6.455334
-6.614140
-7.319714
-10.653172
-7.793749
-5.483218
-5.602119
-7.287400
-7.160233
-8.833780
-9.146916
-10.723119
-10.174969
-13.931916
-15.000393
-17.935005
-17.841150
-19.033258
-21.361416
-26.574081
-15.630017
-17.635792
-21.079748
-24.084990
-21.340521
-19.056316
-18.468233
-23.383930
-22.505976
-20.391857
-20.746342
-25.806564
-25.948996
-22.602516
-19.838520
-31.235096
-27.021608
-24.979097
-29.514908
-24.873585
-16.844414
-22.809143
-20.100088
-17.325676
-17.999619
-24.876133
-22.661066
-23.383324
-25.899958
-27.428728
-27.166340
-33.853889
-25.760948
-27.336758
-36.022465
-35.945469
-32.935989
-30.307062
-36.334782
-35.615826
-29.835421
-37.272820
-37.890152
-41.808197
-42.156197
-48.304932
-46.866131
-53.586731
-42.236828
-51.535927
-59.093124
-49.911049
-42.418167
-43.883820
-41.647404
-41.414539
-36.105206
-33.638123
-36.607567
-41.452873
-34.296253
-37.623138
-30.514204
-33.619804
-42.044167
-33.865845
-35.207497
-32.271114
-36.496723
-36.546860
-46.072140
-41.776257
-37.794338
-37.709213
-38.673691
-40.666653
-36.471039
-33.370636
-27.174576
-30.574657
-34.109978
-26.554306
-29.263714
-33.125233
-32.315861
-35.345253
-40.583916
-35.804157
-33.570942
-37.118126
-39.561485
-41.795132
-39.258091
-36.205231
-31.338383
-38.075958
-44.973965
-30.717026
-31.435301
-30.029236
-32.169773
-32.775913
-36.384430
-38.010880
-37.246414
-37.227913
-35.392181
-33.160393
-38.135944
-39.945450
-36.875126
-32.534050
-38.377316
-26.511110
-22.829853
-27.828358
-33.802376
-38.139996
-37.248333
-32.701717
-28.010118
-31.813602
-28.102613
-30.723606
-22.019594
-19.082191
-24.068197
-28.277533
-31.943363
-26.271170
-23.926367
-27.317995
-33.244839
-33.379688
-32.781792
-33.451557
-33.414921
-39.427406
-34.171806
-37.139809
-39.479626
-38.635021
-45.284187
-47.019180
-43.813164
-36.932335
-33.403088
-42.701130
-39.709854
-38.943871
-38.495583
-40.965893
-41.001678
-43.612026
-37.252544
-33.125340
-38.645275
-40.704800
-39.345024
-44.221397
-45.605854
-44.874611
-34.101940
-34.800728
-41.788143
-32.790211
-30.926517
-39.373066
-38.551983
-41.131321
-41.711819
-38.457516
-33.798225
-35.725937
-41.025043
-36.921112
-43.132805
-34.145351
-36.509308
-34.946312
-43.245842
-40.064877
-38.146290
-40.019299
-43.319366
-43.534729
-40.109528
-36.752609
-38.829739
-41.970726
-46.763206
-36.438499
-45.683090
-45.021622
-42.582397
-46.866539
-47.805382
-51.341400
-51.262032
-47.479603
-50.408836
-58.145634
-42.986561
-48.944355
-42.901012
-50.061089
-40.355904
-42.669949
-42.863705
-36.845337
-36.572800
-46.020229
-49.489475
-45.102776
-35.928074
-36.351727
-37.322033
-33.196091
-29.296963
-35.797783
-39.579445
-42.808895
-35.032497
-42.075871
-42.654495
-39.995110
-35.001110
-43.549946
-48.033272
-38.843918
-35.811749
-40.911762
-43.076958
-43.930458
-31.071751
-30.420666
-34.195339
-36.694401
-33.183449
-32.897488
-30.565561
-33.047153
-32.010605
-38.065586
-36.194752
-36.748981
-34.512772
-34.663517
-32.880684
-37.221657
-36.803417
-43.843056
-46.847019
-56.216625
-40.996456
-35.167908
-36.928207
-6.027013
-6.586477
-7.560076
-8.432553
-8.338434
-9.857780
-14.092615
-14.926746
-12.321488
-13.791830
-19.145550
-18.823416
-18.742426
-18.887968
-17.539230
-17.650122
-30.051357
-29.305275
-30.093737
-30.654139
-31.842117
-34.550159
-44.661434
-38.590714
-35.454556
-33.709217
-36.888023
-35.469505
-33.116100
-27.780195
-21.959528
-26.097458
-36.626644
-37.533630
-39.097141
-44.452713
-47.814365
-47.522453
-53.053658
-43.220863
-50.952438
-51.929440
-36.277115
-40.660976
-44.329739
-36.337894
-32.417343
-30.150997
-40.678043
-41.789078
-41.016396
-41.440125
-43.902416
-44.159672
-47.012562
-43.169533
-43.858501
-61.166317
-58.275539
-57.227741
-67.468559
-58.074852
-53.994331
-51.896214
-62.442478
-65.721878
-67.643356
-65.607895
-65.497719
-65.776421
-79.284981
-76.182793
-70.480064
-70.177658
-68.287056
-66.416817
-70.687378
-65.586693
-67.966240
-55.565971
-54.623413
-49.891785
-51.834080
-56.344341
-59.004829
-51.562138
-48.628174
-46.786533
-49.284027
-53.092754
-50.824959
-49.487911
-59.241356
-58.695957
-55.827126
-51.029793
-46.853134
-45.960583
-62.680908
-48.926369
-52.214893
-46.999241
-52.418739
-40.782867
-43.667751
-38.269390
-39.001465
-41.376621
-55.977364
-38.191757
-46.990932
-45.183174
-52.528271
-48.555660
-52.031048
-44.314793
-42.506794
-39.566959
-47.808266
-55.738731
-43.190407
-40.392281
-45.092377
-34.912529
-39.183937
-36.265541
-43.564236
-41.679214
-43.668030
-47.410526
-48.933666
-49.907078
-42.100800
-46.193718
-51.197926
-58.881207
-44.292103
-44.574650
-42.550655
-38.523338
-45.659332
-46.229839
-54.251019
-49.100403
-40.284138
-39.747799
-51.251957
-54.194664
-51.082878
-49.322342
-41.520473
-46.222073
-34.195198
-34.802940
-36.369221
-37.957146
-40.945282
-43.731255
-44.931023
-50.342335
-41.158623
-51.528568
-55.680035
-53.692474
-51.764015
-53.141174
-52.431347
-67.682892
-57.919903
-62.376183
-62.109436
-59.040375
-56.710999
-58.787895
-61.876198
-63.486576
-71.802078
-65.224854
-64.417061
-67.077766
-69.424835
-68.843597
-59.935352
-65.554642
-59.348152
-61.246941
-60.658485
-71.614830
-62.102699
-66.332565
-65.509827
-71.154358
-77.112488
-68.049385
-79.062355
-69.530914
-74.514572
-70.504951
-69.335640
-78.160355
-63.420475
-65.834648
-64.313370
-75.150726
-65.300232
-61.882668
-63.049324
-71.270584
-73.741859
-72.348366
-71.125427
-81.758690
-69.902473
-51.351963
-62.196796
-70.456329
-65.683487
-71.316330
-64.786713
-73.511795
-71.517975
-72.965034
-69.822998
-74.838417
-75.563919
-68.557030
-80.114693
-79.251617
-80.815651
-70.248665
-60.848984
-74.129021
-61.335438
-64.579521
-68.973785
-86.251366
-69.854729
-66.605629
-58.844959
-57.483978
-57.053596
-60.198074
-66.964424
-72.220352
-72.379539
-57.368568
-48.816521
-52.393814
-55.432350
-56.237736
-62.613880
-67.835991
-57.012527
-53.395817
-51.291195
-52.717274
-48.812489
-48.135651
-51.708260
-59.958088
-60.044300
-52.414707
-46.729031
-52.618046
-49.783520
-54.453232
-36.469883
-41.052368
-37.922161
-40.605362
-38.296230
-43.021889
-41.690453
-49.081284
-50.125015
-58.032551
-55.677994
-47.861244
-39.663643
-43.329605
-4.520548
-4.885376
-5.366476
-5.960216
-4.848197
-5.867790
-7.635004
-13.930378
-10.262985
-11.459993
-41.641186
-40.236622
-43.663921
-44.220501
-42.059208
-41.398277
-48.199650
-50.790119
-51.551880
-53.424179
-51.465721
-58.049046
-62.982914
-56.944466
-53.920490
-47.572067
-50.803654
-54.146069
-54.249699
-26.613684
-27.868540
-26.545847
-31.626617
-27.391396
-29.538971
-32.136692
-32.840141
-28.257053
-26.440563
-28.588449
-30.422964
-41.604996
-36.068413
-35.486881
-36.148087
-20.698830
-16.961716
-18.735600
-19.262415
-18.680336
-19.693495
-19.172018
-22.055666
-19.110739
-16.795765
-17.509779
-14.941862
-24.009443
-39.888363
-42.346992
-46.331856
-26.105244
-11.202864
-8.340243
-6.863642
-8.256081
-11.863366
-14.562029
-26.347914
-25.961185
-29.717361
-36.684181
-40.042233
-50.811611
-54.046284
-50.527969
-44.643055
-43.889702
-50.210526
-36.624580
-30.452415
-30.549318
-38.916420
-26.743216
-30.373594
-28.133194
-26.340881
-27.158825
-20.597975
-37.526859
-54.427822
-44.910915
-38.944790
-34.904385
-36.294579
-28.529570
-33.417034
-30.213537
-27.923395
-21.282976
-28.285717
-20.276159
-24.670601
-16.012623
-15.908823
-22.962912
-30.636852
-30.692192
-33.589207
-49.129097
-39.356842
-33.902893
-42.076900
-34.716763
-37.372341
-25.737078
-42.399323
-29.141701
-40.520645
-54.103390
-33.810066
-37.373028
-43.755081
-37.150005
-49.868248
-73.091812
-42.098515
-29.507099
-37.716457
-37.399315
-35.592190
-18.525967
-31.514530
-24.629780
-27.717360
-29.382553
-17.568110
-23.319004
-29.186474
-24.655560
-30.066263
-36.850071
-30.941622
-27.775156
-40.182484
-38.979847
-41.354691
-31.040686
-26.624571
-28.133654
-34.598141
-25.465900
-5.376068
-11.638289
-21.061777
-23.851269
-32.554958
-38.623386
-39.241772
-37.253262
-31.525606
-41.299576
-28.472464
-53.230396
-47.401833
-34.566158
-57.527523
-39.718266
-45.990818
-41.066723
-50.480011
-47.722019
-55.315861
-55.557964
-60.712109
-60.699810
-59.217770
-49.906689
-49.045319
-51.191788
-57.809166
-44.197224
-29.002426
-20.543612
-29.705505
-32.296135
-37.653561
-40.889095
-47.462662
-41.313107
-34.022327
-32.872761
-29.571474
-29.336681
-31.121149
-33.970623
-30.818340
-41.425423
-23.846729
-32.499840
-31.879089
-16.573746
-24.658646
-24.047453
-24.672926
-22.860317
-24.974794
-27.536180
-29.462067
-18.190153
-28.122999
-28.727306
-32.346031
-28.585934
-25.139626
-17.095589
-29.507021
-19.880457
-21.997000
-14.081217
-18.199850
-15.895031
-21.830267
-21.839067
-25.981209
-7.656699
-46.001808
-53.546452
-58.226608
-59.593784
-46.958866
-47.794235
-48.340244
-32.713509
-53.777519
-56.864147
-53.678482
-40.960663
-44.503208
-38.232197
-48.996777
-36.914566
-50.955940
-42.597298
-41.813858
-18.893539
-28.392067
-23.295536
-31.413883
-20.321836
-30.728264
-31.782412
-19.994461
-18.466753
-18.171951
-22.441771
-21.637146
-15.266654
-17.987574
-17.815317
-27.140299
-19.613407
-22.414576
-23.995050
-18.691050
-24.936865
-30.759251
-24.851671
-24.675417
-29.259825
-24.988995
-28.886469
-30.484982
-34.162807
-25.129267
-29.112429
-47.875034
-53.351112
-41.605347
-52.923164
-3.444743
-3.917391
-4.845534
-5.719204
-5.865280
-6.936089
-10.722126
-7.896867
-9.256662
-10.060501
-12.374338
-10.726056
-10.776095
-8.996345
-14.684321
-11.568717
-19.552765
-19.639053
-19.143984
-19.062050
-20.646061
-23.292669
-29.347570
-23.012085
-22.186941
-19.771120
-23.589224
-18.326862
-18.105904
-13.456783
-12.351230
-11.321688
-17.321709
-15.513384
-18.156672
-23.027006
-24.369898
-26.260008
-25.213741
-27.381256
-31.309347
-27.374981
-30.572016
-35.294693
-27.936138
-26.250864
-23.196587
-23.657196
-22.652306
-22.216688
-23.627598
-22.631052
-23.399364
-23.370949
-22.889221
-28.932499
-29.958282
-31.597460
-33.275150
-32.254986
-31.451050
-28.842756
-27.802746
-23.954634
-26.498169
-27.091637
-29.198717
-27.354588
-27.442585
-25.760033
-33.317150
-35.662807
-32.313751
-32.329208
-36.046169
-34.903683
-31.162981
-42.272041
-33.710354
-30.346941
-35.989292
-33.884682
-31.680283
-32.455517
-31.765650
-31.097303
-19.572262
-28.362738
-26.132286
-28.795158
-24.153419
-20.838999
-22.394897
-30.988106
-20.976940
-19.214607
-15.303400
-19.432905
-29.459751
-29.297873
-23.780943
-23.971802
-25.087662
-25.679684
-23.142422
-21.755217
-18.466663
-23.584333
-21.694908
-30.120636
-23.860622
-23.614010
-25.126001
-21.778574
-24.920576
-20.413683
-22.095650
-23.120810
-20.302006
-26.211006
-25.847292
-23.880587
-34.131790
-30.283354
-21.437651
-26.112509
-26.751936
-22.405323
-23.531977
-23.656752
-22.497498
-27.949808
-22.808628
-28.623659
-34.306282
-31.279638
-29.468311
-30.681581
-34.648247
-36.692883
-33.769035
-31.262270
-31.435232
-24.823528
-27.066339
-16.748476
-20.353296
-28.103209
-29.837833
-26.344421
-24.505461
-22.637224
-17.019278
-18.217667
-20.774929
-22.811092
-33.279804
-32.065563
-27.577606
-31.843122
-31.413874
-29.951302
-32.359219
-34.113029
-35.681114
-27.533407
-33.034515
-36.567463
-27.386602
-26.912737
-35.574814
-43.085869
-40.327988
-33.415989
-43.468117
-42.979305
-46.308949
-32.264523
-36.548409
-45.038872
-45.940891
-43.067764
-40.503162
-31.100565
-27.827387
-27.322634
-36.070415
-32.663593
-38.655891
-36.844357
-39.218311
-38.746582
-37.145687
-33.770252
-41.636990
-42.284950
-44.946548
-35.530876
-41.170776
-39.397861
-35.999306
-24.818739
-27.853561
-28.520973
-26.872948
-20.966745
-26.428488
-26.952900
-24.704893
-23.919512
-28.434483
-27.572144
-33.283321
-32.445862
-35.564583
-29.834818
-24.631163
-28.321936
-27.476849
-28.473551
-30.089613
-27.202404
-33.872345
-31.783445
-32.096420
-29.122150
-28.417372
-29.195284
-35.688377
-45.541252
-28.838581
-35.119240
-34.248917
-36.800236
-42.400517
-43.417175
-33.774967
-37.763062
-37.199333
-38.730984
-37.482876
-18.303267
-31.323246
-29.193897
-34.720314
-21.718748
-31.111862
-29.427105
-29.904945
-26.829575
-36.426311
-30.961338
-30.445221
-31.116213
-31.763195
-34.337006
-32.964638
-31.482592
-33.240814
-35.703297
-37.249836
-33.978600
-32.591087
-41.104172
-30.500618
-30.726713
-38.676098
-34.336231
-36.172165
-37.605492
-34.923634
-28.532309
-34.505909
-20.851612
-20.358593
-20.546572
-22.442783
-27.209295
-23.945520
-26.133606
-5.164714
-5.694364
-6.616736
-6.898184
-4.573077
-4.383159
-4.520124
-7.915526
1.610627
2.863328
-25.079229
-25.601257
-23.235203
-22.324955
-23.593340
-28.027285
-25.781631
-28.909477
-34.577072
-37.145565
-34.601910
-35.187969
-44.355640
-47.393768
-39.919483
-34.237350
-42.521347
-45.379829
-39.487865
-15.980227
-17.097500
-19.664473
-18.907082
-18.047503
-22.257996
-27.608185
-29.934038
-21.823061
-22.655500
-24.090658
-33.569218
-33.984566
-25.979912
-28.019876
-23.251396
-14.591931
-14.260493
-12.934195
-19.358936
-21.081055
-21.852110
-26.075747
-26.497147
-29.194187
-36.506332
-28.178112
-30.532621
-32.908726
-40.466000
-38.181725
-35.898571
-50.237850
-37.587894
-22.028526
-35.642567
-30.971567
-32.278137
-34.552677
-41.621193
-42.459942
-54.333340
-55.145901
-49.548035
-49.422813
-72.571625
-73.498100
-66.970459
-77.263283
-80.074478
-63.855335
-67.532341
-61.637875
-67.323280
-64.341927
-57.778667
-49.957806
-50.209862
-53.207520
-50.636478
-55.084518
-73.735764
-81.670418
-77.042786
-57.723858
-60.414848
-59.508434
-59.753841
-60.503860
-68.874168
-63.282192
-51.565861
-36.680584
-43.074558
-30.128626
-37.989952
-34.692753
-40.181381
-51.057999
-50.880199
-59.903976
-55.925072
-56.643669
-61.545319
-61.789455
-74.828430
-76.081909
-66.167786
-59.597450
-74.904915
-67.511322
-55.191418
-61.142464
-59.168633
-62.075817
-72.406723
-91.689537
-65.128693
-52.794529
-47.678196
-51.853870
-53.943710
-59.197083
-42.276695
-42.527222
-34.801708
-29.805817
-28.473730
-33.948006
-37.650246
-37.404682
-47.250015
-65.571991
-47.084648
-39.814137
-27.497690
-26.668816
-40.321060
-44.348328
-32.698254
-28.593081
-18.984209
-20.510870
-26.857460
-23.514496
-30.662907
-30.840273
-36.974998
-37.940628
-23.376686
-22.958221
-9.157755
-17.019257
-24.765900
-49.979210
-51.219616
-54.552528
-52.131702
-58.264084
-75.866547
-75.770386
-84.352600
-81.378586
-69.346817
-65.310928
-50.605255
-49.477070
-53.849461
-59.344357
-59.436420
-66.037361
-75.344818
-72.727318
-59.044193
-64.013916
-62.272442
-69.150322
-77.842094
-77.425514
-68.041061
-61.624317
-48.053059
-45.995010
-50.358227
-38.620487
-39.399254
-37.648197
-52.819801
-33.704517
-48.538769
-60.237255
-39.651821
-32.665104
-41.619465
-40.013683
-41.871056
-29.573347
-42.326550
-46.954681
-54.440166
-28.944668
-32.190109
-39.616890
-41.851070
-26.004858
-52.523811
-43.802803
-35.225433
-36.116226
-65.958000
-58.989239
-53.389023
-40.160057
-56.636116
-55.635693
-52.817852
-42.811279
-70.195770
-89.554306
-83.979179
-65.940536
-77.580086
-74.958008
-59.227455
-62.131775
-89.585793
-94.519371
-81.159431
-64.353722
-71.239563
-70.149551
-68.002701
-72.243378
-81.566841
-82.366631
-80.587677
-45.416763
-53.894569
-57.919910
-45.328255
-44.567707
-41.465504
-43.152355
-40.049286
-29.784403
-35.101681
-31.476404
-31.120771
-24.721283
-27.915739
-32.712193
-52.955086
-40.955139
-39.525467
-49.026424
-33.252789
-35.676792
-42.069237
-34.477699
-39.074303
-39.231647
-41.998161
-43.096310
-47.347530
-51.138462
-55.287220
-59.258358
-80.718254
-50.691528
-45.544258
-55.349243
-8.035411
-9.028540
-10.277826
-11.592064
-13.781256
-16.018978
-19.779102
-15.553529
-16.815968
-16.994396
-8.904496
-5.845672
-3.661782
-3.189126
-3.336243
-4.585370
-11.133121
-14.431228
-17.971640
-19.803280
-20.662533
-22.447886
-30.012074
-25.948053
-25.359585
-26.234245
-24.383560
-21.201128
-21.546211
-21.403969
-23.075443
-19.144939
-20.249500
-20.394636
-26.545155
-27.361128
-30.240368
-29.482355
-36.260921
-28.590733
-30.574057
-30.605371
-36.744160
-33.264790
-31.032492
-32.373459
-31.303213
-28.019108
-33.948380
-33.436943
-35.266376
-34.957069
-37.686367
-38.356724
-45.209557
-39.885448
-41.903290
-37.888184
-39.884113
-36.565590
-37.810879
-39.646873
-33.861046
-27.518522
-33.417229
-31.407804
-31.931149
-31.840275
-34.728809
-32.987396
-36.438557
-35.400215
-29.150898
-36.752476
-42.884689
-40.932690
-46.286251
-46.120750
-40.646637
-35.184460
-42.284233
-41.838024
-42.389511
-38.929111
-32.599289
-30.030077
-31.585342
-25.833879
-25.430302
-27.534214
-33.666977
-38.189850
-41.818123
-33.719162
-29.526371
-28.662771
-30.450277
-28.414249
-30.491629
-24.245634
-31.884100
-26.795925
-27.771868
-23.343981
-27.285101
-29.029228
-22.356297
-21.129850
-25.638613
-27.823744
-26.214859
-25.761099
-26.272686
-25.608572
-33.575512
-28.541197
-26.815269
-29.099987
-33.846470
-31.491068
-31.811630
-30.350700
-35.884396
-28.767143
-32.170277
-36.442768
-34.585049
-28.917109
-36.121372
-34.844772
-28.768248
-33.577023
-31.293711
-32.146626
-29.185982
-34.640743
-24.628323
-23.209084
-26.970346
-26.663525
-33.462643
-32.412361
-41.033550
-34.636604
-29.653976
-28.688410
-31.288551
-33.773235
-29.606895
-30.449636
-29.401030
-36.891502
-31.717257
-34.100296
-34.026325
-38.985966
-37.992367
-38.232967
-47.569504
-47.886738
-47.986362
-35.640598
-39.614723
-29.264524
-27.657835
-35.615643
-30.440407
-37.823212
-33.283428
-31.348347
-35.037144
-42.372204
-31.493153
-35.056591
-36.651039
-39.839401
-43.574215
-45.167942
-49.309219
-50.819706
-47.058723
-45.251663
-49.904976
-63.213383
-39.591537
-37.675014
-44.269539
-54.405830
-45.939590
-43.012745
-49.162376
-54.095840
-50.991077
-43.742668
-48.331768
-49.537304
-48.214634
-38.635635
-41.715870
-43.557613
-37.522305
-34.037647
-34.081383
-36.259487
-32.531044
-30.768124
-34.581676
-38.523239
-39.815430
-31.896744
-37.309990
-40.993694
-44.002411
-36.337875
-38.447800
-39.583870
-35.498032
-39.469944
-39.937958
-40.928913
-37.782341
-38.497631
-36.273716
-35.590969
-36.904922
-42.328064
-38.768311
-49.959389
-46.631256
-40.100746
-37.543026
-38.711929
-40.703125
-46.994186
-51.360367
-47.608322
-47.861988
-43.701374
-40.022312
-43.528713
-43.273708
-43.130135
-38.650677
-41.993008
-46.324715
-37.310768
-31.727114
-40.172604
-36.499065
-38.709202
-38.786610
-42.275391
-37.547745
-34.844650
-33.203476
-33.084179
-31.380232
-24.151489
-25.596020
-28.034145
-35.205753
-32.635532
-27.461279
-28.563782
-27.943867
-30.419334
-31.281345
-29.862566
-24.734575
-33.824894
-31.442867
-34.712273
-36.439388
-31.575247
-33.030384
-41.645210
-42.333973
-38.893158
-30.131617
-38.413723
-18.445963
-19.731562
-20.437992
-20.742908
-27.514900
-32.357788
-42.943287
-20.269968
-20.885662
-20.179209
12.531669
14.124721
7.514194
1.816085
9.939503
16.765640
-6.338218
1.256697
7.253715
8.610985
6.978133
6.533875
10.501332
-1.356164
13.626768
10.018410
4.012151
-1.194826
3.531625
-41.040554
-32.063816
-40.604568
-44.163555
-47.209873
-38.711430
-40.904545
-38.878365
-42.336212
-41.985542
-58.382904
-31.289513
-26.271933
-39.977066
-38.980236
-49.732719
-47.044575
-40.139877
-50.739189
-47.367832
-53.027763
-51.213543
-53.673996
-55.956638
-44.677139
-58.667366
-58.365223
-59.597958
-61.945164
-21.724125
-24.840561
-15.003983
-28.619194
-22.661655
-31.048069
-34.167126
-50.028164
-50.850189
-60.299366
-66.130440
-53.483368
-60.470200
-25.419292
-24.004873
-33.107304
-7.774592
-5.997894
4.637928
10.511655
4.796416
-0.412521
-0.634824
-0.559643
-3.736781
-24.924553
-21.971188
-12.968846
-22.128918
-36.273056
-19.465836
-17.852659
-11.517305
-12.306916
-22.600142
-17.735157
-31.961340
-36.127876
-8.374487
-2.030210
-9.931813
-25.109425
-13.307835
-13.567964
-13.421899
-39.971733
-29.710758
-28.421940
-34.419601
-34.419029
-31.534925
-8.942117
-31.705009
-34.494141
-11.903423
-23.345942
-22.223387
-24.341846
-11.629655
-15.964338
-27.350582
-14.332314
-7.755082
-2.979289
9.534879
2.125467
33.340820
30.927237
-28.417669
-40.805016
-25.496029
-33.056194
-38.013245
-55.042931
-53.347496
-46.042427
-49.600327
-78.230957
-8.754974
-2.082093
-11.079017
-27.926891
-13.723256
-9.755720
-42.646034
-48.564346
-37.604530
-43.510868
-37.100868
-29.335009
-28.211231
-16.249897
-26.645061
-38.907970
-19.174856
-10.296494
-8.866069
-14.418078
-13.877436
-22.113478
-35.362797
-38.166744
-32.942970
-23.105350
-41.884285
-21.259823
-8.873764
-12.159979
-2.165319
-2.647105
14.797791
-1.447450
11.304374
5.133158
5.846789
-0.258270
-0.471641
-1.635709
8.565977
-17.175276
3.883299
-19.702812
-18.502237
-48.488766
-49.180511
-37.590336
-21.981329
-31.128330
-22.189062
-40.578644
-10.040420
-20.406040
-36.600243
-36.568321
-30.504234
-44.831196
-27.969631
-48.133347
-45.428795
-42.978672
-40.096176
-34.030399
-32.399620
-55.038956
-44.737206
-48.326271
-52.729687
-51.371403
-42.832520
-39.861603
-40.623589
-58.609589
-56.191437
-48.446838
-65.612503
-59.771835
-24.175350
-48.590256
-32.660683
-48.760502
-69.960815
-76.744659
-82.662117
-72.568710
-52.510044
-55.930073
-66.708527
-80.975914
-30.857655
-18.303806
-0.886552
-22.684296
1.449502
1.933025
4.503695
-10.225447
-22.713675
-27.122990
-15.520686
-6.175714
-6.564096
-2.791910
3.615986
-20.272345
-21.679974
-13.197696
-4.242943
-27.347244
-33.149284
-17.149061
-16.872950
-23.237753
-29.593590
-38.175835
-20.283766
-22.099117
-33.088799
-30.475405
-19.060337
-22.316521
-45.686203
-32.991154
-33.789417
-43.833088
-42.387024
-33.394249
-28.033962
-23.151417
-16.057337
-32.862782
-23.784952
-16.800053
-22.117945
-16.746387
-22.430429
-19.998241
-19.301426
-21.683712
-20.617968
-4.788210
-4.775573
17.497929
-10.434306
-11.310400
-12.174160
-12.732148
-14.674222
-16.865231
-21.815731
-12.384539
-15.704806
-16.045870
-10.581981
-9.026030
-10.210999
-11.063682
-11.567629
-11.598791
-12.841802
-15.780094
-18.661840
-19.538219
-19.511356
-21.666946
-26.736700
-24.529957
-23.563593
-30.179207
-26.174990
-25.761454
-24.140633
-25.193878
-22.357311
-24.689631
-29.629665
-25.739548
-28.459591
-29.393890
-31.088385
-31.555538
-39.195969
-30.180952
-30.146105
-33.423996
-38.752342
-36.072060
-35.698959
-30.572079
-35.287457
-33.689571
-37.260113
-34.060776
-34.273514
-32.856701
-33.900997
-30.795364
-29.703556
-30.987432
-35.766655
-30.673458
-32.115211
-34.289646
-34.063564
-30.413815
-17.444260
-19.109533
-25.710976
-30.694326
-34.541630
-38.953766
-48.647320
-50.926071
-62.632687
-45.856567
-49.181355
-56.032856
-53.497143
-45.390728
-44.527672
-43.048553
-48.133816
-42.937592
-40.501167
-39.775444
-46.745331
-41.114498
-32.330132
-24.220461
-31.603674
-33.386082
-30.512724
-28.628729
-37.755386
-34.695225
-33.689041
-37.903557
-33.465687
-30.558115
-35.024975
-35.325642
-31.269417
-31.071903
-33.945812
-34.392838
-33.595623
-42.309513
-35.605724
-39.610031
-34.847858
-35.337471
-41.269878
-46.099426
-35.241066
-29.645580
-31.096706
-29.898291
-34.532413
-31.122648
-33.625790
-29.907036
-29.515173
-27.834185
-21.345175
-17.802525
-19.168444
-24.840853
-32.353615
-37.070438
-45.463303
-44.668758
-50.190010
-50.679531
-49.319565
-42.673927
-44.176571
-47.579666
-50.366985
-51.205967
-30.741827
-27.432447
-33.294510
-37.354523
-28.986725
-32.181660
-30.189039
-27.211424
-34.435009
-31.781988
-35.756535
-31.341806
-26.413092
-26.246790
-27.693289
-23.560183
-32.118130
-31.091002
-35.293968
-44.686832
-48.694355
-49.455795
-49.919903
-52.102379
-55.011833
-38.975933
-45.184040
-41.561287
-39.428398
-45.825127
-44.449200
-45.265270
-36.732834
-26.716579
-33.238293
-37.948696
-40.256145
-39.102882
-45.597023
-43.973217
-42.768826
-42.336021
-39.276161
-45.494415
-46.467041
-49.327946
-44.320122
-43.536030
-38.604630
-38.826859
-42.138336
-51.506310
-44.627316
-45.847538
-51.523659
-54.247986
-53.463261
-45.315628
-48.792961
-47.715462
-49.687603
-56.612774
-47.019966
-56.354630
-47.590343
-44.527370
-44.067505
-43.078159
-43.611271
-40.990772
-41.601131
-43.862209
-44.135742
-26.543451
-39.034832
-41.638054
-56.087837
-39.260368
-42.215401
-48.813816
-44.732582
-42.425182
-47.913822
-47.596424
-49.599403
-48.830631
-49.206615
-53.286411
-58.151562
-54.816242
-54.782089
-41.561901
-41.657925
-42.920292
-43.318489
-47.331432
-44.625431
-37.794270
-42.179596
-42.135735
-40.633949
-38.715015
-37.979465
-37.377579
-35.354549
-25.664938
-30.696894
-25.705904
-40.790470
-37.023117
-30.620527
-32.968506
-33.732796
-29.232054
-31.682467
-47.432697
-38.304810
-35.754627
-38.954376
-39.534454
-42.058334
-37.257439
-43.901783
-50.067986
-50.297230
-37.351933
-44.327972
-48.725460
-40.308437
-41.384750
-44.262894
-39.192955
-39.282356
-31.226372
-30.424847
-32.011578
-36.002010
-29.804302
-27.379276
-33.548168
-44.337082
-43.688755
-30.988350
-41.242302
-4.607773
-4.989494
-5.593359
-6.011711
-6.032072
-6.964524
-10.609557
-8.338014
-5.034634
-4.822584
-5.156350
-4.064541
-2.101037
-1.888227
-4.719268
-5.210952
-11.958098
-11.505486
-15.089828
-17.268150
-16.807587
-17.129612
-26.557306
-26.065956
-26.927561
-31.086269
-26.898342
-24.580404
-22.039082
-18.354464
-20.220940
-21.787388
-23.281507
-19.973385
-20.252586
-22.868294
-21.117849
-20.116913
-23.802336
-25.865891
-26.574007
-27.979374
-35.440994
-34.637417
-32.699715
-30.999311
-33.413658
-32.395638
-35.145905
-32.066978
-32.703171
-35.759071
-34.199875
-36.600414
-43.688793
-46.054752
-49.336422
-41.925266
-35.882896
-32.498127
-28.725355
-34.329185
-29.439625
-26.996382
-29.230671
-27.791420
-29.031111
-33.759483
-31.601114
-30.873940
-30.364492
-36.446224
-31.518381
-31.859043
-34.752129
-39.181149
-42.641415
-44.318035
-39.919502
-39.971916
-35.179180
-35.662495
-39.320660
-43.224129
-35.778854
-34.134964
-36.911686
-34.576382
-31.831423
-31.753065
-35.565498
-48.013420
-47.715744
-37.457481
-36.352917
-34.739197
-30.499966
-32.160870
-38.190723
-32.476727
-29.884382
-22.360186
-22.425402
-26.587734
-24.803480
-28.000538
-30.304640
-30.529692
-27.111568
-39.301491
-36.857433
-35.251945
-34.761475
-31.643141
-43.247692
-44.872162
-37.676697
-35.668922
-37.533531
-30.611372
-24.187809
-25.829313
-26.312815
-34.983101
-33.757225
-39.460426
-25.518148
-24.421448
-25.749954
-24.960627
-27.561464
-30.482908
-30.063814
-31.294903
-26.833179
-33.893791
-24.937679
-21.378286
-25.868639
-29.858135
-27.544861
-31.577032
-35.322453
-34.547325
-33.092384
-31.031322
-37.469090
-29.050411
-28.119930
-30.713421
-29.071846
-36.922096
-31.114922
-25.886911
-31.668749
-34.387817
-31.892929
-27.755220
-26.552511
-24.646585
-32.612217
-27.042566
-28.344875
-26.953661
-29.203041
-39.471481
-31.639399
-39.020714
-36.248219
-34.060345
-37.599072
-39.744160
-37.231998
-34.082218
-29.639271
-31.540173
-33.483288
-48.905327
-47.710629
-46.048378
-47.750656
-40.192348
-45.099220
-55.962036
-43.093117
-39.996956
-40.928493
-42.828590
-47.953579
-44.719749
-45.502701
-40.743351
-38.381962
-39.004246
-40.054508
-46.775646
-53.012901
-33.646748
-41.293949
-46.437111
-37.617004
-34.729870
-35.515789
-33.071583
-38.505352
-33.741940
-32.695171
-35.072193
-38.918900
-28.933022
-27.810890
-25.063118
-38.724773
-33.008518
-36.772881
-38.350288
-28.117558
-29.140772
-40.578991
-38.510330
-42.278687
-34.717754
-35.819717
-37.435253
-39.413059
-28.004915
-33.026653
-44.817169
-44.746822
-35.887714
-46.424072
-47.957695
-46.624882
-46.342426
-49.893269
-48.166824
-46.426697
-39.739677
-42.899513
-45.246010
-43.755787
-46.011944
-44.670597
-47.561874
-47.450184
-37.975975
-38.385612
-45.711315
-38.867973
-41.509071
-35.844059
-45.416252
-33.941280
-33.686184
-32.955467
-33.702549
-31.761179
-24.822981
-34.179642
-34.243652
-39.050262
-24.869652
-27.857780
-33.172386
-30.976135
-25.532398
-34.329762
-41.137119
-41.273777
-37.437160
-36.669926
-38.172119
-37.994965
-34.904018
-40.864799
-45.411221
-49.615463
-35.378582
-31.570141
-38.358147
-9.589605
-10.394302
-10.771655
-11.033654
-11.560114
-13.057929
-17.398432
-13.245076
-12.758664
-15.046178
-13.430632
-13.860845
-12.504554
-12.371256
-13.753130
-17.913181
-13.186695
-19.295202
-23.530079
-24.813293
-25.555592
-26.891720
-36.962589
-27.012829
-26.066031
-35.471077
-19.796474
-16.240934
-18.242060
-16.397444
-19.898859
-18.905136
-15.627184
-20.558718
-23.538031
-22.121237
-28.483543
-23.833767
-21.856295
-12.324161
-16.516222
-30.360220
-4.900923
0.397636
-0.806175
-10.738553
-12.773046
-6.322616
-4.339345
-7.733362
-7.794330
-5.291917
-6.722966
-7.342450
-2.757384
-9.649914
-0.419186
-19.556168
-20.019720
-15.311020
-22.418966
-35.756363
-27.272484
-24.308348
-8.058872
-9.883092
-18.398602
-14.182401
-18.155420
-13.647222
-7.442957
-35.734512
-19.635834
-19.868097
-45.935226
-47.896564
-45.579212
-63.253647
-51.666317
-49.232452
-31.868612
-38.806740
-57.106239
-43.049358
-59.364922
-52.485191
-57.409855
-39.336540
-33.737858
-31.867014
-41.097050
-40.804661
-36.154617
-27.191322
-13.162027
-11.482569
-28.063705
-30.965107
-38.336224
-13.135378
-25.490667
-19.721695
-20.619884
-16.477049
-21.024765
-33.612949
-28.705492
-23.600628
-31.201303
-15.255223
5.660320
4.338028
-25.097082
-31.504147
-14.921356
-15.868267
-25.397312
-27.775467
-21.259182
-45.020554
-18.170994
-12.809160
-33.365391
-33.624336
-64.440079
-28.362860
-27.388292
-20.639757
-25.084625
-27.759779
-14.225860
-11.575572
-17.598120
-17.438337
-7.027492
-19.865967
-14.467199
-8.425769
-2.700901
-8.591802
-27.465225
-28.048697
-52.376850
-47.376442
-54.324120
-54.228443
-28.201466
-11.287292
-11.030529
-19.598505
-17.337025
-29.381386
-31.261911
-24.014894
-25.534872
-32.546291
-28.919937
-31.538893
-49.578377
-59.688454
-68.370369
-63.988976
-40.792515
-37.052109
-35.733753
-24.894323
-38.365971
-45.884342
-43.242416
-24.798082
-24.846428
-31.246435
-29.092089
-36.331825
-48.980881
-56.657524
-63.248005
-70.839005
-56.499279
-43.452942
-39.619499
-36.374908
-29.198154
-60.605366
-38.997063
-21.247871
-18.276001
-27.559635
-28.379351
-27.196001
-30.011087
-29.473989
-35.306347
-25.050858
-12.361464
-5.931581
-8.204729
-5.410388
-11.606232
-13.763797
-13.454349
-20.677944
-8.175749
-20.038198
-8.639332
-14.290436
-24.877945
-25.649969
-23.545048
-21.646160
-23.122597
-34.958534
-16.879423
-23.446890
-32.698437
-47.488327
-47.408371
-45.004520
-43.157078
-50.569260
-29.921858
-28.778919
-30.388292
-27.742346
-19.215397
-40.677982
-34.803753
-64.275650
-65.040176
-33.802357
-54.876358
-66.934906
-64.289848
-40.613407
-65.031769
-76.024834
-58.686863
-41.252007
-40.709496
-50.522831
-51.080147
-30.349672
-17.724581
-21.495459
-37.774841
-26.014553
-24.212858
-19.069096
-37.006165
-22.481718
-27.732405
-22.748480
-22.382603
-9.597797
-19.011536
-28.833776
-33.802368
-10.507947
3.347799
9.553295
-0.327220
-16.490789
-25.061525
-22.250824
-34.196899
-30.324814
-19.616322
-14.209122
-17.205393
-19.335264
-21.734865
-31.831274
-41.792919
-33.564743
-26.082432
-29.858311
-15.823854
-18.619652
-27.755440
-30.180370
-6.504948
-6.903989
-6.246614
-5.990501
-7.972386
-8.520289
-10.029446
-16.775963
-16.726364
-20.339653
2.980688
-1.386131
-8.567758
-10.436730
-2.050855
3.025174
-11.431545
-7.763313
-2.430870
-0.944891
-3.648603
-5.329828
-13.478350
-2.846582
1.431642
-4.867299
10.181605
4.861319
0.707053
-25.078949
-20.640285
-11.507503
-23.739071
-18.258852
-16.563473
-10.311971
-11.857207
-14.478077
-31.842754
-16.356001
-6.003751
-7.297226
-11.017501
-10.679181
-22.309740
-28.206064
-19.095272
-15.884355
-33.208569
-25.889988
-25.078764
-26.436844
-25.967310
-27.681675
-45.370991
-26.213223
-15.998328
-36.002781
-21.610237
-34.724754
-51.779026
-19.161812
-13.998935
-22.668213
-37.943230
-33.391624
-30.610819
-40.163612
-45.348015
-47.054855
-54.149967
-19.941582
-40.622059
-41.382000
-10.638555
-16.293793
-16.056154
-20.670570
-4.104831
-5.863866
-14.889219
-17.854637
-18.139191
-16.831589
-30.765577
-26.545607
-28.033447
-7.270650
-23.921711
-19.738356
-8.786129
-12.353614
-15.810422
-22.114101
-9.908763
-11.645513
-15.908864
-24.396517
-25.281836
-18.261675
-13.153159
-14.342912
-9.451299
-29.044476
-27.933502
-21.923624
-27.531597
-8.279628
-16.196558
-8.185870
-8.268301
-10.733158
-11.073380
-33.143753
-23.102541
-14.117496
-0.661542
4.635978
1.840248
-27.923058
-10.612853
-6.301897
-11.251418
3.831095
16.000082
18.455082
-17.926281
-23.445589
-9.892993
-24.972080
-32.867523
-43.604683
-27.485764
-21.890617
-23.271040
-30.994719
-18.615078
-18.745514
-22.665768
-18.086760
-7.845894
-1.886083
-41.185997
-38.126152
-33.697178
-40.873196
-26.052441
-27.222824
-23.316399
-18.547211
-35.524738
-59.961098
-38.434704
-31.086626
-40.040928
-46.910007
-43.882748
-38.563522
-63.845711
-63.580444
-55.049061
-50.335999
-68.274109
-49.326351
-32.619648
3.089913
-37.017296
-53.500477
-24.981428
-20.515947
-28.534952
-25.319046
-18.046837
-15.600793
-32.523338
-29.510588
-30.149286
-22.724247
-35.994755
-30.366940
-20.021160
-39.942780
-43.745132
-56.599098
-26.689558
-17.400082
-17.549294
-26.621641
-1.256510
-6.505966
-34.479973
-35.126259
-30.058140
-23.197285
-51.790924
-57.939903
-43.099953
-45.829205
-49.647369
-55.277512
-39.484093
-50.679642
-40.457512
-54.305569
-43.967880
-48.376019
-50.015553
-47.960003
-42.036072
-55.251801
-65.555244
-52.910099
-55.330860
-39.466682
-26.329638
-44.565567
-49.753582
-73.957619
-36.297489
-50.820904
-43.662560
-57.899525
-50.483997
-47.705231
-55.059464
-57.416817
-39.638824
-13.291491
-30.721357
-26.631193
-0.146247
-11.490452
-3.842524
-33.369137
-21.575420
-23.745131
-32.081467
-38.586525
-16.526686
-20.907860
-13.044810
-18.273548
-9.478464
-18.514179
-27.880421
-39.421448
-27.020889
-28.434433
-15.750500
-40.003384
-37.154186
-27.159321
-25.260529
-24.727938
-18.534754
-21.586329
-12.050761
-14.925495
-20.998610
-27.506182
-26.255424
-41.784485
-37.362705
-37.174377
-20.285130
-36.426682
-33.060902
-23.303488
-27.816132
-23.823820
-17.929754
-19.305662
-8.185321
-17.467979
-18.842636
-7.049138
-5.491771
-42.956429
-26.171202
-20.457108
1.742884
1.563748
0.657883
-0.467175
-3.430109
-4.262226
-3.327902
-3.314637
-7.534357
-7.214138
-10.431038
-3.883694
-2.881577
-3.051268
-5.209825
0.303197
-26.571104
-29.080950
-28.945269
-30.614105
-37.370529
-45.537148
-52.244064
-26.960381
-37.155815
-51.579937
-18.295502
-11.648310
-21.072361
-1.799471
-1.119615
6.447345
-18.043819
-13.433483
-6.688909
-10.739257
-12.295032
-17.881428
-20.535351
-8.994579
-10.066382
10.430331
24.969984
23.125742
10.293386
-19.759190
-20.471645
-13.051941
-13.452160
-7.585041
-8.183972
-5.152649
-6.482823
-4.821051
-1.385363
12.443532
5.540714
3.624781
-2.795685
2.550798
-14.038221
-21.987114
-41.986828
-32.379780
-29.304319
-31.115675
-27.335531
-22.498034
-1.369433
0.196813
-4.491477
-11.119555
-26.258024
-33.597733
-29.304190
-20.034410
-40.210701
-33.879570
-26.109703
-27.039021
-29.474363
-33.611084
-23.833092
-30.154552
-35.171852
-30.975525
-34.984558
-1.336197
-5.391044
-19.349405
-9.017312
4.956794
-21.144270
-14.762583
-12.852474
-5.677116
8.359294
0.468480
-14.203942
-21.920525
-19.641979
-14.780918
-8.680525
11.076741
0.573170
-10.447803
10.572518
14.188939
-5.843791
-11.651626
-16.623535
-7.124003
7.040584
-2.631889
-13.208001
-13.094874
-21.920500
-23.203047
-23.015869
8.133936
-11.044530
-24.828850
-6.185544
-8.669823
-8.278513
-12.567061
3.960291
2.469202
2.208897
-5.151265
-14.255212
-9.812368
3.656033
-3.134955
-3.200770
-37.792465
-36.166569
-34.789368
-29.482208
-26.143698
1.339631
4.174624
-34.318718
-37.248543
-32.841873
-37.167419
-30.481016
-33.210430
-28.620905
-30.290081
-30.014980
-33.681660
-20.070335
-22.981661
-20.493172
-22.913815
-10.992459
-11.751887
-34.876862
-35.436539
-18.936201
-25.866756
-32.792908
-32.722862
-17.846937
-42.974426
-16.243176
-26.543182
-29.540272
-40.764370
-34.381294
-42.641388
-42.520897
-48.709740
-54.515003
-68.879097
-69.879601
-61.054192
-61.953545
-27.531719
-21.550039
3.412166
-4.100274
-16.132771
-3.706134
-21.299524
-13.816628
-24.411074
-25.953037
-28.473005
-14.200117
-15.437800
-15.685726
-2.452189
8.985488
16.344149
17.680340
-18.369030
-13.550426
-21.381126
-11.852525
-5.798787
-1.839251
-8.164759
-1.727689
-8.613234
-3.077952
-4.003867
-6.798374
-21.228636
-11.341483
-10.958910
-0.088818
-17.475458
-8.045002
-6.046512
-14.773137
-10.048946
-0.071416
0.167409
0.933129
-1.198435
0.499576
3.450954
2.065555
-8.618020
-27.558258
-40.540565
-46.132011
-38.271938
-19.257580
-21.491674
-38.689560
-33.061359
-9.626960
-12.240762
-16.988272
-26.017532
-15.479793
-15.115015
-22.141920
-41.665642
-15.821072
-13.157207
-8.434676
-1.653127
3.758550
6.760177
-4.685982
-17.525827
-9.799557
-14.785186
4.045965
-5.601988
-3.683166
-17.152975
-10.809498
-22.737724
-1.127044
-6.110474
-0.220927
-14.172091
-7.471523
-16.077919
-12.336240
-11.293820
-12.019371
-30.990498
-11.074314
-13.211986
-9.349070
-18.162632
-16.479492
-20.143360
-24.629021
-35.744804
-26.186277
-18.155733
-21.919659
-13.730003
6.480750
6.592199
6.776360
6.263987
5.365551
4.115641
2.299226
11.703934
2.678517
2.226507
-4.922705
-1.668269
2.258049
3.162892
6.199252
9.241313
-4.216067
-11.715826
-17.106070
-17.250912
-25.357756
-30.605942
-37.532200
-12.730837
-20.623304
-33.302113
15.522615
21.590769
10.093318
40.307003
37.745285
40.600498
25.189899
27.647121
27.476091
25.934982
21.779360
22.543129
20.126081
24.089243
31.909687
53.720161
40.942619
35.198711
37.272053
-7.065357
-12.969406
-8.014332
-5.946993
-9.675206
-13.962874
-13.495556
-9.080558
-8.654320
-16.023212
-17.521215
-0.176504
1.515762
-27.705370
-14.943803
-12.155660
-10.657194
-32.850719
-30.643152
-41.852867
-38.119091
-42.347603
-35.565742
-16.020531
-22.350286
-30.758062
-51.670578
-54.131172
-63.479038
-55.980301
-44.635113
-47.834026
-53.739319
-32.907345
-32.812012
-49.723999
-48.753742
-37.038322
-54.045277
-60.435005
-64.141716
-57.215031
-9.938782
-20.313667
-31.540829
-20.704195
-21.498838
-29.962093
-37.919945
-10.938127
-5.318898
2.687087
-5.563164
-24.320217
-28.250013
-30.079397
-25.023102
-26.371965
-9.363838
-18.362129
-25.869122
-18.331371
-12.856560
-22.081657
-28.896122
-34.235542
-17.179510
-15.717875
-20.058043
-25.761539
-18.604605
-29.806246
-31.141600
-24.814453
-2.950987
-33.943867
-39.826485
-38.969952
-31.157225
-36.099724
-30.913109
-19.058317
-5.636845
-5.865645
-4.949729
-7.873326
1.475241
4.400130
-1.389998
-4.383543
2.306354
-20.748508
-12.786192
-7.399035
2.436633
-2.300956
1.083941
-42.256901
-41.791187
-39.399483
-37.695404
-30.669142
-35.499439
-29.951138
-26.001862
-26.382921
-44.239536
-16.015680
-10.850701
-17.370043
-13.917851
-17.911253
-11.403953
-21.539865
-27.825453
-25.831778
-14.208980
-32.564156
-27.585646
-27.385601
-37.947472
-35.115391
-35.130657
-11.731361
-21.438290
-24.269707
-33.340111
-30.969160
-38.207333
-49.089954
-59.631638
-64.494736
-44.867207
-58.584572
-18.332312
-3.565315
18.536936
13.762174
-24.951088
12.941064
3.399304
1.611509
-9.351533
0.418770
3.063653
-14.984314
-19.507940
-14.361666
-13.611330
0.554041
2.195919
9.054997
-33.912430
-24.170509
-39.376934
-13.704792
-9.185658
-9.697657
-17.565535
-4.819524
5.405447
-5.536724
-5.331056
-1.422237
-27.159477
-21.363319
-17.961321
-11.207739
-26.045908
-11.078681
-12.301777
-10.564024
-18.915720
1.543994
-3.800342
-8.753286
-2.039960
-14.131592
-16.855734
-17.039438
-25.244219
-56.724987
-46.553429
-67.927948
-46.252193
-36.320435
-52.894085
-43.926270
-51.660168
-53.495956
-55.242836
-63.818600
-56.294384
-48.316956
-53.094093
-56.994270
-51.907700
-7.454478
-19.895144
-24.612169
-20.941566
-28.642124
-36.161549
-26.673502
-34.735401
-40.999466
-26.828815
-19.639643
-13.986736
-13.319512
-19.973053
-17.374313
-25.815363
-10.097593
-15.979463
-13.392783
-26.748613
-24.242579
-28.787846
-19.300613
-24.717220
-38.543900
-47.574440
-27.132399
-28.950445
-23.080875
-23.945398
-23.152124
-19.240412
-23.918028
-27.415812
-30.123482
-35.975101
-29.901098
-35.074242
-9.786624
-10.750226
-12.174073
-13.445851
-14.805774
-16.536638
-18.078207
-16.706249
-10.378975
-8.686810
-5.452626
-1.864413
4.195833
3.329806
-1.311114
-6.939217
0.423792
-3.344710
-10.049321
-10.196932
-15.194276
-19.229860
-15.841568
-19.289383
-21.186827
-5.586188
-8.291963
-5.563972
-3.000502
-11.408703
-11.368687
-9.757367
-12.225725
-13.666557
-14.291919
-17.522839
-20.300301
-21.048950
-24.353693
-14.562496
-20.454481
-22.695383
-17.724985
-13.645890
-8.590116
-7.861205
-10.493410
-6.646347
-14.502680
-13.664742
-10.604078
-10.221857
-10.809585
-14.558722
-20.989534
-5.076447
-9.729197
-6.403880
-16.473814
-1.389339
-2.909635
-25.542353
-7.326609
3.547512
-7.016823
-6.223831
-4.671669
0.301132
-14.334540
-13.133677
-19.550472
9.542307
11.947979
6.786562
-16.620224
0.697652
-8.814888
-16.296066
-32.887440
-17.187263
-14.689721
-14.001495
-28.041492
-17.901445
-12.347868
-11.556958
-13.237202
-0.826563
-7.192594
-2.117186
-25.405592
-20.731045
-30.067564
-29.185471
-42.819759
-30.739990
-33.792793
-33.740162
-32.960213
-27.068583
-21.873085
-12.556405
-25.012857
3.059648
-2.364521
-8.757953
-37.904060
-30.066284
-37.066681
-43.332413
-44.356102
-42.523045
-38.991528
-38.255016
-48.008369
-47.975349
-47.253166
-43.213238
-54.486935
-11.570571
-7.729887
-11.806158
-40.212818
-20.285736
-45.221390
-61.692604
-45.172390
-35.323307
-19.385489
-31.364946
-38.852371
-38.761364
-44.254902
-43.645855
-34.427540
-16.582041
-13.075919
-27.548588
-27.524939
-15.692780
-32.144722
-46.284790
-24.789906
-24.500240
-12.375262
-24.105438
-37.129879
-26.868391
-27.496304
-29.972916
-16.019730
-13.931932
-19.020514
-30.296213
-32.291557
-25.179489
-24.558926
-23.708805
-24.687372
-24.352934
-23.876934
-23.589222
-14.012506
7.053636
-2.661886
-28.448690
-3.160412
0.981025
-25.651165
-23.584379
-27.623991
-24.027128
-12.071462
-22.244890
-24.767286
-25.501278
-26.700178
3.156384
-4.785245
4.313146
4.287950
-24.092030
-15.779232
-0.541306
-31.689186
-39.795795
-36.332443
-42.393532
-40.510319
-42.001781
-35.643185
-36.370354
-40.701641
-15.941164
-18.072489
-22.693819
-13.241777
-21.420126
-17.386721
-26.355822
-14.021311
-24.563099
-24.391726
-32.753372
-19.773094
-23.174881
-31.832731
-39.665531
-46.662811
-14.974905
-13.993192
-7.346657
-1.448890
-15.930876
-7.767591
-6.354037
7.856678
-7.141055
-32.912384
-35.668762
-19.789444
-27.235828
-28.076328
-33.722015
-35.086838
-3.365274
-11.341661
-23.156305
-10.243563
-29.071026
-11.089776
-26.555725
-5.863029
-5.583807
-13.660290
-27.403021
-20.261755
-22.259314
-19.970898
-26.014496
-28.038879
-17.948849
-14.166789
-28.575375
-21.972197
-21.942423
-11.902185
-11.935772
-6.736025
-4.231253
-2.937528
-5.115026
-5.461055
2.163215
1.854920
-5.650191
-5.899711
-12.229829
1.547671
-10.484111
-11.304266
-8.109506
7.981555
9.178786
-0.424932
-8.828358
-8.384219
-3.938035
-1.157000
-5.298630
-2.611739
-12.856286
-20.909842
-32.908066
-16.094479
-25.353390
-50.883846
-16.378246
-5.659641
-18.493202
-4.890609
-5.535378
-6.788776
-7.668241
-5.458169
-5.492424
-4.409501
-13.464084
-8.422456
-9.124590
-28.679565
-30.433548
-27.298832
-25.079218
-31.265404
-36.013836
-28.980606
-34.698864
-42.745823
-45.343925
-40.488667
-38.729080
-60.253746
-60.213070
-54.199684
-44.600643
-51.804222
-44.588730
-40.624855
-35.325943
-34.240906
-39.434013
-39.426041
-38.877163
-43.351913
-47.238613
-52.708988
-43.743435
-47.200935
-45.577412
-53.093300
-73.746834
-42.148079
-38.340584
-28.392485
-22.739082
-12.162086
-11.106573
-14.030687
-13.803638
-10.380337
-12.653289
-16.747944
-14.529353
-0.549519
-15.368480
-14.578946
-33.948708
-26.396416
-30.975203
-42.563622
-30.964857
-11.552814
-10.505505
-22.284801
-25.888474
-22.736986
-18.944399
-34.593487
-31.332769
-35.724609
-36.504875
-30.342911
-30.709517
-7.882551
-18.265951
-25.801418
-9.003809
-19.889929
-18.838369
-12.877825
-19.439108
-26.311056
-29.188820
-30.814116
-25.365524
-25.517208
-38.812298
-31.681547
-29.654432
-21.741289
-33.458389
-19.393091
-31.182133
-42.106781
-39.030746
-40.257256
-37.699547
-35.693401
-36.293903
-35.467266
-28.494179
-30.442972
-28.269789
-26.694902
-24.666948
-17.510223
-20.999123
-27.647581
-29.128904
-25.607590
-27.292107
-42.998997
-29.172211
-21.761333
-19.991249
-21.782106
-17.767408
-16.079597
-55.863651
-32.330818
-24.551979
-34.156132
-20.048279
-41.047783
-46.927723
-29.405325
-23.136562
-25.952574
-26.068748
-15.023229
-9.519120
-24.272177
-30.507690
-26.629473
-23.360983
-17.023178
-21.785336
-31.091997
-15.326015
-25.980326
-30.199272
-24.518759
-22.773027
-17.241055
-15.845258
-28.555931
-31.048542
-23.513178
-30.456367
-32.021416
-27.683035
-14.305410
-26.585283
-22.413937
-26.652929
-20.690241
-23.674473
-23.673893
-27.661905
-21.716698
-50.949650
-22.792906
-47.675373
-47.731190
-32.507984
-55.057446
-69.147804
-51.970608
-40.515186
-46.561249
-52.132980
-40.645096
-36.765610
-34.356800
-43.653030
-41.702145
-52.502811
-24.762625
-39.021877
-37.346920
-44.114876
-46.830284
-35.155891
-30.970449
-27.818571
-35.546268
-37.998093
-43.841549
-38.475395
-49.743237
-52.840107
-50.759094
-55.698906
-50.817692
-42.656689
-35.418259
-51.502693
-34.750717
-41.648197
-30.873911
-29.589342
-35.506912
-41.389843
-38.705452
-35.941036
-36.306999
-40.272774
-38.629841
-47.095284
-38.669724
-51.517925
-26.661711
-35.017040
-41.251431
-34.594505
-34.100822
-40.874527
-45.809525
-45.833145
-39.625069
-34.244759
-49.516251
-41.827656
-39.827496
-22.922667
-45.832977
-36.692608
-24.075731
-34.582180
-14.884201
-21.942442
-12.171116
-12.451148
-16.883587
-45.547203
-31.219963
-36.441471
-35.147137
-32.324455
-35.083988
-31.484667
-38.969517
-36.333588
-45.585491
-37.981575
-27.887815
-24.470156
-31.229868
-19.778206
-25.288507
-34.986214
-25.458607
-26.739079
-26.216181
-24.374470
-31.220709
-23.053041
-31.437105
-33.641399
-26.882921
-15.361015
-9.324015
-1.470856
-14.703094
-11.794910
-7.640385
0.088439
2.096525
-3.716069
-3.733799
-5.794360
-15.997128
-23.324867
-22.769604
-22.926786
-34.205528
-45.875637
-28.160503
-38.132072
-21.684914
-23.375458
-24.422535
-24.570692
-30.325712
-34.563911
-44.333397
-18.738878
-28.329714
-27.811190
-25.463675
-24.748875
-38.843887
-42.714207
-35.276142
-33.766098
-35.935539
-40.805309
-42.929398
-42.865993
-40.990059
-46.523438
-53.126034
-49.501461
-42.886787
-37.764221
-44.311348
-52.831600
-56.229008
-66.134453
-67.931564
-58.860954
-61.600113
-59.564919
-63.193871
-58.447079
-56.722176
-49.398270
-54.887562
-43.888046
-23.461477
-35.909645
-82.113289
-71.598198
-91.765602
-83.831802
-82.686195
-79.543655
-69.167435
-73.086372
-81.815872
-72.647751
-74.698151
-61.834053
-59.475227
-51.418438
-47.810020
-72.598938
-71.400742
-83.945122
-101.985664
-81.228004
-41.960655
-31.754461
-30.226387
-33.993439
-38.758091
-37.178547
-79.440056
-59.565575
-52.958454
-28.949013
-19.773539
-48.927002
-61.562576
-64.606575
-79.721741
-73.597519
-42.702713
-40.683670
-45.926506
-52.601601
-70.910332
-27.380859
-43.218231
-35.181984
-33.506413
-31.919741
-17.126022
-40.208752
-54.653419
-51.161388
-56.734364
-49.278080
-24.361326
-18.489187
-38.906216
-38.614525
-18.785727
-12.116989
-40.182831
-35.028610
-31.353588
-40.866032
-36.972057
-57.868496
-55.103199
-43.641239
-48.307571
-55.603889
-37.002445
-35.258133
-40.083855
-46.372360
-39.619164
-7.361138
-27.324299
-23.048243
-29.220407
-25.747499
-49.140003
-49.517292
-32.210789
-22.375696
-46.229462
-63.010414
-69.996170
-59.683701
-82.554436
-83.642052
-44.800159
-41.492901
-58.402348
-47.362000
-39.524948
-72.653046
-37.953854
-46.426914
-50.502934
-47.377838
-42.261524
-39.467453
-50.380585
-46.727928
-64.036774
-62.335552
-50.302948
-20.974957
-26.479071
-23.417864
-36.352787
-48.314224
-51.785915
-56.970570
-54.372047
-55.475227
-74.100021
-80.130989
-84.226906
-85.547554
-99.051552
-48.403934
-56.497814
-68.258629
-55.416351
-24.550541
-50.018913
-63.754200
-60.965038
-47.802345
-50.514984
-51.985622
-49.556217
-45.392376
-50.741276
-58.399483
-65.949738
-66.150856
-55.532310
-57.720810
-67.580338
-56.487976
-73.561501
-75.738808
-76.241501
-63.358067
-65.220139
-71.333809
-49.278263
-41.381821
-46.279453
-57.255875
-63.177437
-35.676376
-43.825638
-65.374771
-59.223824
-33.161385
-48.698326
-53.989429
-86.881676
-57.186974
-59.088535
-56.172165
-52.535305
-37.729748
-45.121914
-51.524345
-56.109871
-45.514591
-47.745827
-57.659382
-93.804420
-64.703308
-60.173767
-77.887405
-88.045036
-72.972107
-68.699799
-61.962967
-63.221031
-52.975769
-50.429005
-50.684036
-62.251045
-63.326992
-42.731911
-56.799423
-50.959484
-52.269791
-38.360767
-34.333164
-77.387016
-69.197571
-71.684219
-27.201441
-49.401867
-48.004864
-46.949768
-43.590694
-55.697845
-28.449389
-32.302429
-14.973873
-40.918892
-25.531391
-25.624077
-14.318627
-39.094948
-29.580091
-30.594700
-31.385853
-21.543419
-36.165649
-20.549498
-31.343309
-33.868824
-29.095594
-44.903778
-50.883053
-53.608700
-45.426266
-52.479893
-46.400570
-61.980637
-54.701981
-60.445919
-52.800583
-52.638508
-52.609787
-48.839516
-42.641998
-54.875130
-26.538839
-17.887598
-23.918285
-24.317144
-56.728935
-59.969749
-36.716621
-23.883621
-26.235132
-29.660599
-32.785400
-33.361244
-37.161037
-45.665607
-48.939297
-45.911346
-49.846760
-37.176395
-38.034821
-34.453842
-35.674248
-24.178331
-31.042959
-35.476227
-30.309225
-30.583578
-31.997728
-28.296663
-28.718132
-48.962227
-44.808876
-45.866207
-37.039059
-44.290882
-53.719616
-45.473602
-54.772224
-46.431244
-45.927841
-52.804543
-50.029213
-51.170101
-58.048134
-62.220516
-51.722660
-61.021286
-37.832279
-56.797951
-48.769566
-12.658965
-14.983612
-17.962278
-10.020567
-7.887016
-3.663473
-13.262308
-11.530030
-8.219902
-9.802832
-13.097659
-14.126431
-6.689278
-17.705259
-15.773835
-18.333807
-2.996808
-7.838935
-27.855318
-24.955618
-28.158867
-25.027109
-21.483822
-24.875557
-31.459778
-31.997366
-22.498926
-19.777201
-36.205143
-22.063370
-16.524437
4.894596
-9.416575
-26.418106
-17.561150
-23.002563
-48.025959
-44.266682
-26.155478
-23.869036
-35.770111
-45.593403
-27.244402
-12.530234
-17.550852
-18.564188
-23.988106
-7.192645
-7.156169
-27.758230
-15.041091
-27.099855
-23.449600
-25.064363
-24.338163
-24.919741
-43.764736
-32.953827
-32.610901
-25.053246
-23.723530
-3.860770
-4.798759
0.268682
-4.798622
-9.171726
-10.642013
-18.039455
-1.826408
-5.785530
-24.207344
-14.164833
-16.312580
-24.305445
-24.993307
-24.636204
-21.281027
-35.753910
-0.018747
2.123132
-7.867647
-16.065826
-24.774195
-13.908763
-25.393192
-24.534748
-21.481165
-26.564550
-17.562817
-26.107943
-26.178980
-38.227386
-30.252558
-30.674463
-26.535452
-23.319595
-20.279474
-30.690367
-19.608494
-27.513058
-15.015700
-16.101473
-16.054306
-20.175270
-16.232191
-17.153008
-13.532466
-24.491138
-23.210091
-19.155508
-28.328936
-29.283146
-29.421108
-25.794035
-15.625054
-27.474138
-40.847538
-42.945347
-45.359364
-63.393597
-44.023003
-38.277760
-35.462013
-11.565084
-43.638596
-40.603794
-41.413368
-38.974884
-33.940880
-33.995029
-27.496126
-24.243570
-34.400795
-38.610168
-37.384857
-50.941025
-21.505894
-35.615829
-49.580105
-44.532272
-34.258781
-40.579464
-48.141071
-49.168427
-50.466652
-49.901310
-59.901302
-45.385601
-44.760826
-44.263111
-56.050053
-34.666916
-37.545139
-22.790482
-34.556702
-24.992138
-34.985710
-29.134687
-22.001654
-18.249369
-12.885367
-9.195912
-12.038878
-8.082767
-6.900411
-7.502705
-10.694380
4.031374
-6.303076
-14.431414
-1.613598
-10.285140
-34.657417
-35.286793
-23.508875
-33.096081
-29.432581
-34.353867
-21.146152
-21.130119
-28.343664
-25.125868
-17.078218
-12.418641
-20.813980
-29.796738
-28.994129
-10.113650
-28.750265
-31.009392
-18.268190
-9.531910
-14.374686
-34.740036
-17.640539
-9.701649
-10.217048
-9.066315
-14.792882
-27.237127
-42.516880
-21.650049
-44.730045
-30.421450
-27.087425
-17.134512
-29.694738
-13.614159
-28.575111
-23.954330
-22.579420
-23.967274
-28.542875
-25.614321
-25.359322
-31.931330
-20.232956
-5.893282
-17.090723
-7.584588
-9.618846
-5.552499
-10.198813
-11.987304
-15.972184
-1.094132
-5.939894
-8.596997
-14.381233
-22.404425
-23.830488
-30.128490
-22.005890
-17.230680
-18.586010
-10.354434
-15.168708
-32.770832
